Firma Adı;Sektör;Telefon;Web Sitesi;Domain;Adres;Detay URL
01 ALÜMİNYUM GERİ DÖNÜŞÜM METAL İNŞAAT VE SANAYİ TİCARET LİMİTED ŞİRKETİ;Fabrikasyon Metal Ürünleri İmalatı;+90 (532)262-1923;https://www.01aluminyum.com/;01aluminyum.com;Acidereosb Mahallesi Cumhuriyet Bulvari No: 9;https://adanaorganize.org.tr/firma/01-aluminyum-geri-donusum-metal-insaat-ve-sanayi-ticaret-limited-sirketi/
4 K PLASTİK AMB. TURZ. TAŞ. PET. ÜRÜN. DAY. TÜK. MAL. TEKS. GIDA VE TAR. ÜRÜN. İNŞ. İTH. İHR. SAN. TİC. LTD. ŞTİ.;Kauçuk ve Plastik Ürünlerin İmalatı;+90 (322)346-1225;http://www.4kplastik.com;4kplastik.com;Acidereosb Mahallesi Lokman Hekim Caddesi No: 2;https://adanaorganize.org.tr/firma/4-k-plastik-amb-turz-tas-pet-urun-day-tuk-mal-teks-gida-ve-tar-urun-ins-ith-ihr-san-tic-ltd-sti/
A-TEKS MÜHENDİSLİK TEKSTİL İNŞ. TURZ. MAD. PAZ. İML. TAAH. İÇ VE DIŞ TİC. LTD. ŞTİ.;Diğer Ulaşım Araçlarının İmalatı;+90 322 459 7926;https://www.ateks.international/;ateks.international;Acıdereosb Mahallesi Çukurova Caddesi 3 Adana Sarıçam;https://adanaorganize.org.tr/firma/a-teks-muhendislik-tekstil-ins-turz-mad-paz-iml-taah-ic-ve-dis-tic-ltd-sti/
A.Şen Otomotiv Yedek Parça Sanayi ve Ticaret Limited Şirketi;Diğer Ulaşım Araçlarının İmalatı;;;;;https://adanaorganize.org.tr/firma/a-sen-otomotiv-yedek-parca-sanayi-ve-ticaret-limited-sirketi/
ABDİOĞULLARI  PLASTİK VE AMB.SAN. A.Ş.;Kauçuk ve Plastik Ürünlerin İmalatı;+90 (322)394-3627;http://www.abco.com.tr;abco.com.tr;Acidereosb Mahallesi Sabanci Caddesi No: 8;https://adanaorganize.org.tr/firma/abdiogullari-plastik-ve-amb-san-a-s/
Abecotton Tekstil San. ve Tic. Ltd. Şti.;Tekstil Ürünlerinin İmalatı;;;;;https://adanaorganize.org.tr/firma/abecotton-tekstil-san-ve-tic-ltd-sti/
ACN KİMYASAL MAD. İNŞ. OTO. TEKS. KONF. SAN. VE TİC. A.Ş.;Kimyasalların ve Kimyasal Ürünlerin İmalatı;+90 (322)394-4591;http://www.acnkimya.com;acnkimya.com;Acidereosb Mahallesi Inönü Bulvari No: 24;https://adanaorganize.org.tr/firma/acn-kimyasal-mad-ins-oto-teks-konf-san-ve-tic-a-s/
Adabor Plastik San. ve Tic. Ltd. Şti.;Kauçuk ve Plastik Ürünlerin İmalatı;;;;;https://adanaorganize.org.tr/firma/adabor-plastik-san-ve-tic-ltd-sti/
ADAFER GÜBRE VE TARIM İLÇ. SAN. VE TİC. LTD. ŞTİ.;Diğer Metalik Olmayan Mineral Ürünlerin İmalatı;+90 (322)394-3601;http://www.adafergubre.com;adafergubre.com;Acidereosb Mahallesi Oğuz Kağan Köksal Caddesi No: 23;https://adanaorganize.org.tr/firma/adafer-gubre-ve-tarim-ilc-san-ve-tic-ltd-sti/
ADALAS KİMYA KAUÇUK PLASTİK MAKİNA SAN. VE TİC. İTH. İHR. LTD. ŞTİ.;Kauçuk ve Plastik Ürünlerin İmalatı;+90 (322)346-4466;;;Acidereosb Mahallesi Oğuz Kağan Köksal Caddesi No:15;https://adanaorganize.org.tr/firma/adalas-kimya-kaucuk-plastik-makina-san-ve-tic-ith-ihr-ltd-sti/
ADANA ANBARLARI TAŞIMACILIK TİC. VE SAN. LTD. ŞTİ.;Diğer İmalatlar;+90 (322)394-3318;http://www.adanatasimacilik.com.tr;adanatasimacilik.com.tr;Acidereosb Mahallesi Yaşar Doğu Caddesi No: 13;https://adanaorganize.org.tr/firma/adana-anbarlari-tasimacilik-tic-ve-san-ltd-sti/
ADANA BORU PROFİL SAC DEMİR ÇELİK HIRD. SAN. VE TİC. LTD. ŞTİ.;Fabrikasyon Metal Ürünleri İmalatı;+90 (322)394-5001;http://www.adanasac.com.tr;adanasac.com.tr;Acidereosb Mahallesi Çanakkale Caddesi No: 8;https://adanaorganize.org.tr/firma/adana-boru-profil-sac-demir-celik-hird-san-ve-tic-ltd-sti/
ADANA BOYA TEKSTİL APRE SAN. TİC. A. Ş.;Tekstil Ürünlerinin İmalatı;+90 (322)394-3590;;;Acidereosb Mahallesi Şehitler Caddesi No: 4;https://adanaorganize.org.tr/firma/adana-boya-tekstil-apre-san-tic-a-s/
ADANA ÇELİK HASIR PAZ.SAN.VE TİC. A.Ş.;Fabrikasyon Metal Ürünleri İmalatı;+90 (322)394-3530;http://www.adanacelikhasir.com;adanacelikhasir.com;Acidereosb Mahallesi Çanakkale Caddesi No: 19;https://adanaorganize.org.tr/firma/adana-celik-hasir-paz-san-ve-tic-a-s/
ADANA DÖKÜM SAN. A.Ş.;Fabrikasyon Metal Ürünleri İmalatı;+90 (322)394-3330;http://www.adanadokum.com.tr;adanadokum.com.tr;Acidereosb Mahallesi Nilüfer Sokak No: 4;https://adanaorganize.org.tr/firma/adana-dokum-san-a-s/
ADANA MENSUCAT SAN.TİC. A.Ş.;Tekstil Ürünlerinin İmalatı;+90 (322)394-3838;http://www.adanamensucat.com.tr;adanamensucat.com.tr;Acidereosb Mahallesi Süleyman Demirel Bulvari No: 6;https://adanaorganize.org.tr/firma/adana-mensucat-san-tic-a-s/
ADANUS PLASTİK GERİ KAZANIM İTH. İHR. SAN. TİC. LTD. ŞTİ.;Diğer İmalatlar;+90 (322)394-4050;http://www.adanusplastik.com.tr;adanusplastik.com.tr;Acidereosb Mahallesi Vatan Caddesi No: 1;https://adanaorganize.org.tr/firma/adanus-plastik-geri-kazanim-ith-ihr-san-tic-ltd-sti/
ADM BESİN VE TARIM A. Ş.;Gıda Ürünleri İmalatı;+90 (322)355-4073;https://www.adm.com/;adm.com;Acidereosb Mahallesi 5 Ocak Caddesi No: 2;https://adanaorganize.org.tr/firma/adm-besin-ve-tarim-a-s/
ADM WİLD GIDA SAN. VE TİC.LTD.ŞTİ.;İçeceklerin İmalatı;+90 (322)394-5280;http://www.wild.de;wild.de;Acidereosb Mahallesi D-400 Karayolu Üzeri No: 41;https://adanaorganize.org.tr/firma/adm-wild-gida-san-ve-tic-ltd-sti/
Adya Mühendislik San. ve Tic. Ltd. Şti.;Fabrikasyon Metal Ürünleri İmalatı;+90(549)141-0400;https://www.adya.com.tr/;adya.com.tr;Yeni Mahalle 4398 Sokak Ercan Demir Sanayi Sitesi A Blok No:6/1b3 Adana Sarıçam;https://adanaorganize.org.tr/firma/adya-muhendislik-san-ve-tic-ltd-sti/
AFM GIDA KİMYA İTH. İHR. TİC. LTD. ŞTİ.;Kimyasalların ve Kimyasal Ürünlerin İmalatı;+90 (322)221-0001;http://www.afmtrade.com;afmtrade.com;Acidereosb Mahallesi Abdullah Gül Bulvari No: 17;https://adanaorganize.org.tr/firma/afm-gida-kimya-ith-ihr-tic-ltd-sti/
AGROCAN TARIMSAL ÜRÜNLER SANAYİ VE TİCARET ANONİM ŞİRKETİ;Kauçuk ve Plastik Ürünlerin İmalatı;+90 (322)394-5506;http://www.agrocansulama.com;agrocansulama.com;Acidereosb Mahallesi Çanakkale Caddesi No: 5;https://adanaorganize.org.tr/firma/agrocan-tarimsal-urunler-sanayi-ve-ticaret-anonim-sirketi/
AGROTİME GÜBRE TARIM ÜRN. SAN. VE TİC. LTD. ŞTİ.;Diğer Metalik Olmayan Mineral Ürünlerin İmalatı;+90 (322)248-5248;http://www.agrotimegubre.com.tr;agrotimegubre.com.tr;Acidereosb Mahallesi Taşköprü Caddesi No: 1;https://adanaorganize.org.tr/firma/agrotime-gubre-tarim-urn-san-ve-tic-ltd-sti/
AGROVA TARIMSAL ÜRETİM PAZARLAMA VE SANAYİ LİMİTED ŞİRKETİ;Diğer Metalik Olmayan Mineral Ürünlerin İmalatı;+90 (322)394-4658;https://agrova.com.tr/;agrova.com.tr;Acidereosb Mahallesi Seyhan Caddesi No: 6;https://adanaorganize.org.tr/firma/agrova-tarimsal-uretim-pazarlama-ve-sanayi-limited-sirketi/
Ağaoğlu Metalürji Sanayi ve Ticaret Limited Şirketi;Fabrikasyon Metal Ürünleri İmalatı;;;;Acıdereosb Mahallesi Lale Sokak No: 5 Adana Sarıçam;https://adanaorganize.org.tr/firma/agaoglu-metalurji-sanayi-ve-ticaret-limited-sirketi/
AHSEN TÜTÜN VE TÜTÜN MAMÜLLERİ SİGARA ÇAY GIDA TARIM MAD. İNŞ. İTH. İHR. SAN. VE DIŞ TİC. LTD. ŞTİ.;Tütün Ürünleri İmalatı;+90 (322)510-1010;http://www.ahsentobacco.com;ahsentobacco.com;Acidereosb Mahallesi Ordu Caddesi No: 17;https://adanaorganize.org.tr/firma/ahsen-tutun-ve-tutun-mamulleri-sigara-cay-gida-tarim-mad-ins-ith-ihr-san-ve-dis-tic-ltd-sti/
AKASYALI UN VE UNLU MAMÜLLER GIDA TARIM HAYVANCILIK İNŞ.TURİZM SAN. VE TİC.LTD.ŞTİ.;Gıda Ürünleri İmalatı;+90 (322)363-4905;;;Acidereosb Mahallesi Süleyman Demirel Bulvari No: 24;https://adanaorganize.org.tr/firma/akasyali-un-ve-unlu-mamuller-gida-tarim-hayvancilik-ins-turizm-san-ve-tic-ltd-sti/
AKBANK T.A.Ş. HACI SABANCI ORGANİZE SANAYİ BÖLGESİ ŞUBESİ;Diğer İmalatlar;+90 (322)394-4204;http://www.akbank.com.tr;akbank.com.tr;Acidereosb Mahallesi Turgut Özal Bulvari No: 7;https://adanaorganize.org.tr/firma/akbank-t-a-s-haci-sabanci-organize-sanayi-bolgesi-subesi/
Akdeniz Otomotiv Ticaret ve Sanayi Limited Şirketi;Fabrikasyon Metal Ürünleri İmalatı;+90(322)441-2223;https://denizegzoz.com/;denizegzoz.com;Büyükdikili Mahallesi 93025 Sokak No: 9/A Adana Seyhan;https://adanaorganize.org.tr/firma/akdeniz-otomotiv-ticaret-ve-sanayi-limited-sirketi/
AKMETAL METAL VE İZL. TİC. VE TAAH. LTD. ŞTİ.;Fabrikasyon Metal Ürünleri İmalatı;+90 (322)394-3536;http://www.akmetalltd.com.tr;akmetalltd.com.tr;Acidereosb Mahallesi Çanakkale Caddesi No: 7;https://adanaorganize.org.tr/firma/akmetal-metal-ve-izl-tic-ve-taah-ltd-sti/
AKO MERMER KABLO TAŞIMACILIK SAN. VE TİC. LTD. ŞTİ.;Diğer İmalatlar;+90 (322)394-4190;http://www.akomermer.com.tr;akomermer.com.tr;Acidereosb Mahallesi Atatürk Bulvari No: 40;https://adanaorganize.org.tr/firma/ako-mermer-kablo-tasimacilik-san-ve-tic-ltd-sti/
AKUS AMBALAJ PLASTİK VE TEKSTİL A. Ş.;Kauçuk ve Plastik Ürünlerin İmalatı;0322 394 3745;https://www.ursa.com.tr/;ursa.com.tr;Acıdereosb Mahallesi Zübeyde Hanım Caddesi No: 3  Sarıçam / Adana;https://adanaorganize.org.tr/firma/akus-ambalaj-plastik-ve-tekstil-a-s/
Al Jazıra Kimya İnş. İhr. İth. San. ve Tic. Ltd. Şti.;Kimyasalların ve Kimyasal Ürünlerin İmalatı;+90(212)999-9280;https://alwazirgroup.com/;alwazirgroup.com;Acıdereosb Mahallesi Oğuz Kağan Köksal Caddesi 17 Adana Sarıçam;https://adanaorganize.org.tr/firma/al-jazira-kimya-ins-ihr-ith-san-ve-tic-ltd-sti/
ALBARAKA TÜRK KATILIM BANKASI A.Ş.;Diğer İmalatlar;+90 (322)394-5329;http://www.albaraka.com.tr;albaraka.com.tr;Acidereosb Mahallesi Turgut Özal Bulvari No: 17;https://adanaorganize.org.tr/firma/albaraka-turk-katilim-bankasi-a-s/
ALC SİGARA SAN. VE TİC. LTD. ŞTİ.;Tütün Ürünleri İmalatı;;;;Acidereosb Mahallesi Anafartalar Caddesi No: 7;https://adanaorganize.org.tr/firma/alc-sigara-san-ve-tic-ltd-sti/
ALÇA YAPI İNŞAAT SAN. TİC. LTD. ŞTİ.;Kauçuk ve Plastik Ürünlerin İmalatı;+90 (212)843-2529;http://www.alcayapi.com.tr;alcayapi.com.tr;Acidereosb Mahallesi Toros Caddesi No: 11;https://adanaorganize.org.tr/firma/alca-yapi-insaat-san-tic-ltd-sti/
Aldanmaz İnşaat Taahhüt Tesisat Plastik Tar. Boya İth. İhr. San. Tic. Ltd. Şti.;Kauçuk ve Plastik Ürünlerin İmalatı;+90(322)332-7726;https://www.valdes.com.tr/;valdes.com.tr;Acıdereosb Mahallesi Hilal Caddesi 11 Adana Sarıçam;https://adanaorganize.org.tr/firma/aldanmaz-insaat-taahhut-tesisat-plastik-tar-boya-ith-ihr-san-tic-ltd-sti/
ALKANATUR PRODUCTİON AMBALAJ PAZ. SAN. VE TİC. LTD. ŞTİ.;Diğer İmalatlar;+90 322 346 4319;;;Acıdereosb Mahallesi Menekşe Sokak No: 22  Sarıçam / Adana;https://adanaorganize.org.tr/firma/alkanatur-production-ambalaj-paz-san-ve-tic-ltd-sti/
ALPA İNŞAAT MALZ. TAAH. SAN. VE TİC. A. Ş.;Kimyasalların ve Kimyasal Ürünlerin İmalatı;+90 (322)346-5956;http://www.tortoise.com.tr;tortoise.com.tr;Acidereosb Mahallesi Çinar Caddesi No: 6;https://adanaorganize.org.tr/firma/alpa-insaat-malz-taah-san-ve-tic-a-s/
ALPASLAN YOL İNŞAAT TAAHHÜT METAL SAN. VE TİC. A.Ş.;Fabrikasyon Metal Ürünleri İmalatı;+90 (322)324-5040;http://www.alpaslanyol.com;alpaslanyol.com;Acidereosb Mahallesi Şehitler Caddesi No: 15;https://adanaorganize.org.tr/firma/alpaslan-yol-insaat-taahhut-metal-san-ve-tic-a-s/
ALPER MENSUCAT İPLİK BÜKÜM SANAYİ VE TİCARET LİMİTED ŞİRKETİ;Tekstil Ürünlerinin İmalatı;+90 (322)394-4518;;;Acidereosb Mahallesi Ceyhan Caddesi No: 10;https://adanaorganize.org.tr/firma/alper-mensucat-iplik-bukum-sanayi-ve-ticaret-limited-sirketi/
ALPHA DOKUMA SAN. VE TİC. LTD. ŞTİ.;Tekstil Ürünlerinin İmalatı;03223944518;https://alphadokuma.com/;alphadokuma.com;Acıdere Osb Mh. Cumhuriyet Bul. No: 18/1 Sarıçam / Adana / Türkiye;https://adanaorganize.org.tr/firma/alpha-dokuma-san-ve-tic-ltd-sti/
ALPLA PLASTİK SAN.VE TİC.LTD.ŞTİ.;Kauçuk ve Plastik Ürünlerin İmalatı;+90 (322)455-1200;http://www.alpla.com;alpla.com;Acidereosb Mahallesi Istiklal Caddesi No: 13;https://adanaorganize.org.tr/firma/alpla-plastik-san-ve-tic-ltd-sti/
Alset Plastik Ambalaj Sanayi Ticaret Limited Şirketi;Kauçuk ve Plastik Ürünlerin İmalatı;;https://www.alsetplastik.com.tr/;alsetplastik.com.tr;Acıdereosb Mahallesi Oğuz Kağan Köksal Caddesi 25 Adana Sarıçam;https://adanaorganize.org.tr/firma/alset-plastik-ambalaj-sanayi-ticaret-limited-sirketi/
ALSİS GALVANİZ METAL SAN. VE TİC. LTD.ŞTİ.;Fabrikasyon Metal Ürünleri İmalatı;+90 (322)341-4128;http://www.alsisgalvaniz.com;alsisgalvaniz.com;Acidereosb Mahallesi Toros Caddesi No: 15;https://adanaorganize.org.tr/firma/alsis-galvaniz-metal-san-ve-tic-ltd-sti/
Altek Yapı Market San. Tic. Ltd. Şti.;Temel Eczacılık Ürünlerinin ve Eczacılığa İlişkin;+90(322)380-0000;https://altekyapimarket.com.tr/;altekyapimarket.com.tr;Acıdereosb Mahallesi Celal Bayar Bulvarı 44 Adana Sarıçam;https://adanaorganize.org.tr/firma/altek-yapi-market-san-tic-ltd-sti/
ALTIN BİLYA SAN. VE TİC. LTD. ŞTİ.;Fabrikasyon Metal Ürünleri İmalatı;+90 (322)394-3963;http://www.altinbilya.com.tr;altinbilya.com.tr;Acidereosb Mahallesi Istiklal Caddesi No: 15;https://adanaorganize.org.tr/firma/altin-bilya-san-ve-tic-ltd-sti/
ALTIN NAR GIDA TARIM İNŞAAT PLASTİK AMB. İTH. İHR. SAN. VE TİC. LTD. ŞTİ.;Gıda Ürünleri İmalatı;+90 (322)502-2580;http://www.narsnack.com.tr;narsnack.com.tr;Acidereosb Mahallesi Sümbül Sokak No: 5;https://adanaorganize.org.tr/firma/nar-nakliyat-gida-tarim-insaat-plastik-amb-ith-ihr-san-ve-tic-ltd-sti/
ANADOLU AKRİLİK ELYAF İPL.TEKS.SAN.TİC.LTD.ŞTİ.;Tekstil Ürünlerinin İmalatı;+90 (322)394-4550;http://www.anadoluakrilikelyaf.com;anadoluakrilikelyaf.com;Acidereosb Mahallesi Anafartalar Caddesi No: 9;https://adanaorganize.org.tr/firma/anadolu-akrilik-elyaf-ipl-teks-san-tic-ltd-sti/
ANADOLU ANTİMON MADEN SAN. VE TİC. LTD. ŞTİ.;Diğer Metalik Olmayan Mineral Ürünlerin İmalatı;+90 (322)394-3936;http://www.anadoluantimon.com;anadoluantimon.com;Acidereosb Mahallesi Istiklal Caddesi No: 5;https://adanaorganize.org.tr/firma/anadolu-antimon-maden-san-ve-tic-ltd-sti/
ANADOLU DÜNYA KAHVE SAN. VE TİC. LTD. ŞTİ.;Gıda Ürünleri İmalatı;+90 (322)394-3410;http://www.anakur.com;anakur.com;Acidereosb Mahallesi Lokman Hekim Caddesi No: 4;https://adanaorganize.org.tr/firma/anadolu-dunya-kahve-san-ve-tic-ltd-sti/
ANKUTSAN ANTALYA KUTU SANAYİ OLUKLU MUKAVVA KAĞIT TİCARET ANONİM ŞİRKETİ;Kağıt ve Kağıt Ürünlerinin İmalatı;+90 (242)249-7700;http://www.ankutsan.com;ankutsan.com;Acidereosb Mahallesi Anafartalar Caddesi No: 1;https://adanaorganize.org.tr/firma/ankutsan-antalya-kutu-sanayi-oluklu-mukavva-kagit-ticaret-anonim-sirketi/
APRO ALÜMİNYUM SANAYİ VE TİCARET A.Ş.;Fabrikasyon Metal Ürünleri İmalatı;+90 (322)394-5373;https://www.aproaluminium.com/;aproaluminium.com;Acidereosb Mahallesi Çanakkale Caddesi No: 22;https://adanaorganize.org.tr/firma/apro-aluminyum-sanayi-ve-ticaret-a-s/
ARES ISI TRANSFER SİSTEMLERİ SAN. VE TİC. A.Ş.;Fabrikasyon Metal Ürünleri İmalatı;+90 (322)394-3285;http://www.aresphe.com;aresphe.com;Acidereosb Mahallesi Ordu Caddesi No: 4;https://adanaorganize.org.tr/firma/ares-isi-transfer-sistemleri-san-ve-tic-a-s/
ARES PLAKALI EŞANJÖR SAN.VE TİC.LTD.ŞTİ.;Fabrikasyon Metal Ürünleri İmalatı;+90 (322)394-3200;http://www.aresphe.com;aresphe.com;Acidereosb Mahallesi Ordu Caddesi No: 4;https://adanaorganize.org.tr/firma/ares-plakali-esanjor-san-ve-tic-ltd-sti/
Argema Endüstriyel Kimya A. Ş.;Kok Kömürü ve Rafine Edilmiş Petrol Ürünleri İmalatı;+90(322)502-4431;https://argema.com.tr/;argema.com.tr;Acıdereosb Mahallesi Yaşar Doğu Caddesi No: 15 Adana Sarıçam;https://adanaorganize.org.tr/firma/argema-endustriyel-kimya-a-s/
ARİFOĞLU DOKUMA TEKSTİL İPLİK PAZARLAMA SAN. VE TİC. A.Ş.;Tekstil Ürünlerinin İmalatı;+90 (322)394-3022;http://www.arifogluiplik.com.tr;arifogluiplik.com.tr;Acidereosb Mahallesi Atatürk Bulvari No: 51;https://adanaorganize.org.tr/firma/arifoglu-dokuma-tekstil-iplik-pazarlama-san-ve-tic-a-s/
ARMA COTTON TEKSTİL TİC. VE SAN. LTD. ŞTİ.;Tekstil Ürünlerinin İmalatı;+90 (322)504-6565;;;Acidereosb Mahallesi Cumhuriyet Bulvari No: 26;https://adanaorganize.org.tr/firma/arma-cotton-tekstil-tic-ve-san-ltd-sti/
ARSETEKS  TEKSTİL TARIM KİMYA SAN. VE PAZ. LTD .ŞTİ.;Tekstil Ürünlerinin İmalatı;+90 (322)394-4131;;;Acidereosb Mahallesi Ismet Atli Caddesi No: 14;https://adanaorganize.org.tr/firma/arseteks-tekstil-tarim-kimya-san-ve-paz-ltd-sti/
ARSLAN YAPI KİMYASALLARI END.MAK.İNŞ.SAN.VE TİC.LTD.ŞTİ.;Diğer Metalik Olmayan Mineral Ürünlerin İmalatı;+90 (322)346-6187;http://www.cemix.com.tr;cemix.com.tr;Acidereosb Mahallesi Hilal Caddesi No: 1;https://adanaorganize.org.tr/firma/arslan-yapi-kimyasallari-end-mak-ins-san-ve-tic-ltd-sti/
ARTEK İNŞAAT TAAHHÜT TURİZM TEKSTİL TARIM GIDA SANAYİ VE TİCARET LİMİTED ŞİRKETİ;Fabrikasyon Metal Ürünleri İmalatı;+90 (322)454-5354;http://www.artekcons.com;artekcons.com;Acidereosb Mahallesi Celal Bayar Bulvari No: 31;https://adanaorganize.org.tr/firma/artek-insaat-taahhut-turizm-tekstil-tarim-gida-sanayi-ve-ticaret-limited-sirketi/
ARTEK KİMYA TEKSTİL MAK. ÇEVRE SAN. VE TİC. LTD. ŞTİ.;Kimyasalların ve Kimyasal Ürünlerin İmalatı;+90 (322)394-3604;http://www.artekkimya.com;artekkimya.com;Acidereosb Mahallesi Şehitler Sokak No: 4;https://adanaorganize.org.tr/firma/artek-kimya-tekstil-mak-cevre-san-ve-tic-ltd-sti/
ASAT KİMYA GIDA TEKS. NAK. SAN. TİC. A.Ş.;Diğer İmalatlar;+90 (322)394-4215;;;Acidereosb Mahallesi Zafer Caddesi No: 12;https://adanaorganize.org.tr/firma/asat-kimya-gida-teks-nak-san-tic-a-s-2/
ASFA PLASTİK VE METAL SAN.PAZ.DIŞ.TİC.A.Ş.;Kauçuk ve Plastik Ürünlerin İmalatı;+90 (322)394-3440;http://www.asfagroup.com;asfagroup.com;Acidereosb Mahallesi Atatürk Bulvari No :49;https://adanaorganize.org.tr/firma/asfa-plastik-ve-metal-san-paz-dis-tic-a-s/
ASFA ULUSLAR ARASI İNŞAAT SAN. VE TİC. A.Ş.;Tekstil Ürünlerinin İmalatı;+90 322 458 2416;https://www.asfagroup.com/;asfagroup.com;Acıdereosb Mahallesi Atatürk Bulvarı No: 49  Sarıçam / Adana;https://adanaorganize.org.tr/firma/asfa-uluslar-arasi-insaat-san-ve-tic-a-s/
Asl Demir Metal Plastik San. ve Tic. Ltd. Şti.;Fabrikasyon Metal Ürünleri İmalatı;;;;Acıdereosb Mahallesi İnönü Bulvarı No:21 Adana Sarıçam;https://adanaorganize.org.tr/firma/asl-demir-metal-plastik-san-ve-tic-ltd-sti/
Aslan Tel Tel Örgü İmalatı Panel Çit Sistemleri Abdulkadir Öztürk;Fabrikasyon Metal Ürünleri İmalatı;;;;Acıdereosb Mahallesi Başak Caddesi 4 Adana Sarıçam;https://adanaorganize.org.tr/firma/aslan-tel-tel-orgu-imalati-panel-cit-sistemleri-abdulkadir-ozturk/
ASLANBAŞ ÇİVİ TEL ÇELİK HASIR GIDA TARIM İNŞ. VE TAAH. SAN. VE TİC. A.Ş.;Fabrikasyon Metal Ürünleri İmalatı;+90 (322)311-0482;http://www.aslanbas.com.tr;aslanbas.com.tr;Acidereosb Mahallesi Inönü Bulvari No: 16;https://adanaorganize.org.tr/firma/aslanbas-civi-tel-celik-hasir-gida-tarim-ins-ve-taah-san-ve-tic-a-s/
ASLANKAYA MADENCİLİK VE ENERJİ SAN. TİC. LTD. ŞTİ.;Diğer Metalik Olmayan Mineral Ürünlerin İmalatı;0342 325 6555;https://aslankaya.com/;aslankaya.com;Acıdereosb Mah. Yaşar Doğu Cad. No:9/1 Sarıçam / ADANA;https://adanaorganize.org.tr/firma/aslankaya-madencilik-ve-enerji-san-tic-ltd-sti/
ASLANLAR METAL ALÜMİNYUM ANONİM ŞİRKETİ;Fabrikasyon Metal Ürünleri İmalatı;+90 (322)394-4510;http://www.aslanlarmetal.com;aslanlarmetal.com;Acidereosb Mahallesi Mevlana Caddesi No: 2;https://adanaorganize.org.tr/firma/aslanlar-metal-aluminyum-anonim-sirketi/
Astronergy Solar Panel Üretim ve Tic. A. Ş.;Elektrikli Teçhizat İmalatı;+90(216)621-0055;https://astronergy.com.tr/;astronergy.com.tr;Acıdereosb Mahallesi Sedef Caddesi 1 Adana Sarıçam;https://adanaorganize.org.tr/firma/astronergy-solar-panel-uretim-ve-tic-a-s/
ATESA TEKS. İNŞ. SAN. VE TİC. A.Ş;Tekstil Ürünlerinin İmalatı;+90 (322)394-3542;http://www.atesa.com.tr;atesa.com.tr;Acidereosb Mahallesi Cumhuriyet Bulvari No: 17;https://adanaorganize.org.tr/firma/atesa-teks-ins-san-ve-tic-a-s/
ATLANTİK MOBİLYA PLASTİK AMB. ÜRÜN. VE İTH. İHR. SAN. TİC. LTD. ŞTİ.;Kauçuk ve Plastik Ürünlerin İmalatı;+90 532 203 0564;http://atlantikplastik.com.tr;atlantikplastik.com.tr;Acidereosb Mahallesi Lale Sokak No: 5;https://adanaorganize.org.tr/firma/atlantik-ambalaj-plastik-ahsap-metal-mobilyalari-san-ve-tic-ltd-sti/
ATLAS TOHUM ZİRAAT LTD.ŞTİ.;Diğer Metalik Olmayan Mineral Ürünlerin İmalatı;+90 (322)351-0964;http://www.atlastohum.com;atlastohum.com;Acidereosb Mahallesi Hilal Caddesi No: 19;https://adanaorganize.org.tr/firma/atlas-tohum-ziraat-ltd-sti/
ATLASDENİM TEKSTİL SANAYİ VE TİCARET ANONİM ŞİRKETİ;Giyim Eşyalarının İmalatı, Tekstil Ürünlerinin İmalatı;+90 (322)550-0500;https://www.atlasdenim.com.tr/;atlasdenim.com.tr;Acidereosb Mahallesi Misis Caddesi No: 11;https://adanaorganize.org.tr/firma/atlasdenim-tekstil-sanayi-ve-ticaret-anonim-sirketi/
AYDOS KİMYA SAN. VE TİC. A.Ş. ADANA ŞUBESİ;Kimyasalların ve Kimyasal Ürünlerin İmalatı;+90(322)394-4833;https://www.aydos.com.tr/tr;aydos.com.tr;Acidereosb Mahallesi Çanakkale Caddesi No: 7;https://adanaorganize.org.tr/firma/aydos-kimya-san-ve-tic-a-s-adana-subesi/
AYPAKS GIDA AMB.SAN.LTD.ŞTİ.;Kağıt ve Kağıt Ürünlerinin İmalatı;+90 (322)394-4970;http://www.aypaks.com.tr;aypaks.com.tr;Acidereosb Mahallesi Atatürk Bulvari No: 22;https://adanaorganize.org.tr/firma/aypaks-gida-amb-san-ltd-sti/
Aysan Tarım Ürünleri Lisanslı Depoculuk A. Ş.;Gıda Ürünleri İmalatı;+90(322)394-4929;https://www.aysanas.com/;aysanas.com;Acıdereosb Mahallesi Fuzuli Caddesi 5 Adana Sarıçam;https://adanaorganize.org.tr/firma/aysan-tarim-urunleri-lisansli-depoculuk-a-s/
Aytek Dokuma Tekstil İnşaat San. ve Tic. Ltd. Şti.;Tekstil Ürünlerinin İmalatı;+90 532 130 20 01;https://aytekdokuma.com;aytekdokuma.com;Acıdere Osb Mh. Sedef Cd. No:5 Sarıçam / Adana / Türkiye;https://adanaorganize.org.tr/firma/aytek-dokuma-tekstil-insaat-san-ve-tic-ltd-sti/
BAKIRLAR TEKSTİL SAN. VE TİC. A.Ş.;Tekstil Ürünlerinin İmalatı;+90 (322)394-4545;http://www.bakirlar.com.tr;bakirlar.com.tr;Acidereosb Mahallesi Sanayi Caddesi No: 1;https://adanaorganize.org.tr/firma/bakirlar-tekstil-san-ve-tic-a-s/
BARIŞ ENDÜSTRİYEL ENERJİ SİSTEMLERİ A.Ş.;Fabrikasyon Metal Ürünleri İmalatı;+90 (322)456-1414;https://www.barisenerji.com/;barisenerji.com;Acidereosb Mahallesi Magarsuz Caddesi No: 8;https://adanaorganize.org.tr/firma/baris-teknolojik-tesisat-sis-ins-elektronik-muh-dogalgaz-enerji-ith-irh-san-ve-tic-ltd-sti/
BAŞAK SİLO SİSTEMLERİ İNŞAAT SANAYİ VE TİCARET ANONİM ŞİRKETİ;Fabrikasyon Metal Ürünleri İmalatı;+90 (322)394-3630;http://www.basaksilo.com;basaksilo.com;Acidereosb Mahallesi Hilal Caddesi No: 17;https://adanaorganize.org.tr/firma/basak-silo-sistemleri-insaat-sanayi-ve-ticaret-anonim-sirketi/
BAŞDOĞAN HALI TEKS.SAN.VE TİC. LTD. ŞTİ.;Tekstil Ürünlerinin İmalatı;+90 (322)394-3356;http://www.basdoganhali.com;basdoganhali.com;Acidereosb Mahallesi Karacaoğlan Caddesi No: 10;https://adanaorganize.org.tr/firma/basdogan-hali-teks-san-ve-tic-ltd-sti/
BAŞERGÜN BOYA VE KİMYA İNŞ. SAN. TİC. A.Ş.;Kimyasalların ve Kimyasal Ürünlerin İmalatı;0242 258 16 30;https://cubo.com.tr/;cubo.com.tr;ACIDEREOSB MAH. NİLÜFER SK. NO: 5 SARIÇAM / ADANA;https://adanaorganize.org.tr/firma/basergun-boya-ve-kimya-ins-san-tic-a-s/
BCN TEKSTİL SAN. TİC. LTD. ŞTİ.;Tekstil Ürünlerinin İmalatı;+90 (322)394-3711;http://www.bcntextile.com;bcntextile.com;Acidereosb Mahallesi Atatürk Bulvari No: 27;https://adanaorganize.org.tr/firma/bcn-tekstil-san-tic-ltd-sti/
BEDA GRUP ALÜMİNYUM DOĞRAMA SAN. VE TİC. LTD. ŞTİ.;Fabrikasyon Metal Ürünleri İmalatı;05320598267;;;Acıdere OSB, MENEKŞE SOKAK NO:18, 01790 Sarıçam/Adana;https://adanaorganize.org.tr/firma/beda-grup-aluminyum-dograma-san-ve-tic-ltd-sti/
BEFİ TEKSTİL SAN. VE TİC. LTD. ŞTİ.;Tekstil Ürünlerinin İmalatı;+90 (322)457-6851;;;Acidereosb Mahallesi Vatan Caddesi No: 6;https://adanaorganize.org.tr/firma/befi-tekstil-san-ve-tic-ltd-sti/
BESEN PLASTİK VE AMB. SAN. VE TİC. LTD. ŞTİ.;Kauçuk ve Plastik Ürünlerin İmalatı;+90 (322)394-5156;http://www.besenplastik.com.tr;besenplastik.com.tr;Acidereosb Mahallesi Oğuz Kağan Köksal Caddesi No: 25;https://adanaorganize.org.tr/firma/besen-plastik-ve-amb-san-ve-tic-ltd-sti/
BETA ENERJİ TEKNOLOJİ A.Ş.;Elektrikli Teçhizat İmalatı;03223944253;https://betaenerji.com/;betaenerji.com;Beta Enerji, Adana, Türkiye, Suluca, Adana, Turkey 01350;https://adanaorganize.org.tr/firma/beta-enerji-ve-teknoloji-a-s/
BETA GIDA SAN.VE TİC. A.Ş.;İçeceklerin İmalatı;+90 (322)457-7207;http://www.beta.com.tr;beta.com.tr;Acidereosb Mahallesi Fuzuli Caddesi No: 1;https://adanaorganize.org.tr/firma/beta-gida-san-ve-tic-a-s/
BEYAZ KAĞIT VE HİJ. ÜRN. TEM. İNŞ. SAN. TİC. A.Ş.;Kağıt ve Kağıt Ürünlerinin İmalatı;+90 (322)394-4111;http://www.beyazkagit.com.tr;beyazkagit.com.tr;Acidereosb Mahallesi Anavarza Caddesi No: 3;https://adanaorganize.org.tr/firma/beyaz-kagit-ve-hij-urn-tem-ins-san-tic-a-s/
BEYTEKS TİCARET PAZARLAMA LİMİTED ŞİRKETİ;Tekstil Ürünlerinin İmalatı;+90 (322)394-3991;https://www.beyteks.com/;beyteks.com;Acidereosb Mahallesi Ceyhan Caddesi No: 7;https://adanaorganize.org.tr/firma/beyteks-ticaret-pazarlama-limited-sirketi/
Bİ-PLAST PLASTİK MÜHENDİSLİK LOJ. TAŞ. TUR. İNŞ. İTH. İHR. SAN. LTD. ŞTİ;Kauçuk ve Plastik Ürünlerin İmalatı;+90 (322)394-5433;http://www.bi-plast.com.tr;bi-plast.com.tr;Acidereosb Mahallesi Süleyman Demirel Bulvari No: 40;https://adanaorganize.org.tr/firma/bi-plast-plastik-muhendislik-loj-tas-tur-ins-ith-ihr-san-ltd-sti/
Bilen Elektrik San.Ve Tic.Ltd.Şti.;Elektrikli Teçhizat İmalatı;+90(322)429-2924;;;Yeşiloba Mahallesi Yeni Sanayi Sitesi 46015 No: 3/A Adana Seyhan;https://adanaorganize.org.tr/firma/bilen-elektrik-san-ve-tic-ltd-sti/
BİLGÜN TEKSTİL SAN.VE TİC. A.Ş.;Tekstil Ürünlerinin İmalatı;+90 (322)394-3637;http://www.bilguntekstil.com;bilguntekstil.com;Acidereosb Mahallesi Atatürk Bulvari No: 5;https://adanaorganize.org.tr/firma/bilgun-tekstil-san-ve-tic-a-s/
BİLİCİ YATIRIM SAN.VE TİC. A. Ş.;Tekstil Ürünlerinin İmalatı;+90 (322)394-4410;http://www.biliciyatirim.com;biliciyatirim.com;Acidereosb Mahallesi Atatürk Bulvari No: 7;https://adanaorganize.org.tr/firma/bilici-yatirim-san-ve-tic-a-s/
BİLSEN KİMYA SAN.TİC.LTD.ŞTİ.;Kimyasalların ve Kimyasal Ürünlerin İmalatı;+90 (322)394-3734;http://www.bilsenkimya.com;bilsenkimya.com;Acidereosb Mahallesi Ismet Atli Caddesi No: 1;https://adanaorganize.org.tr/firma/bilsen-kimya-san-tic-ltd-sti/
BİM BİRLEŞİK MAĞAZALAR A.Ş.;Gıda Ürünleri İmalatı;+90 (322)394-4243;http://www.bim.com.tr;bim.com.tr;Acidereosb Mahallesi Istiklal Caddesi No: 21;https://adanaorganize.org.tr/firma/bim-birlesik-magazalar-a-s/
BİRAY KİMYA SAN. VE TİC. A. Ş.;Kimyasalların ve Kimyasal Ürünlerin İmalatı;+90(533)4608792;http://biraykimya.com.tr/;biraykimya.com.tr;Acidereosb Mahallesi Zafer Caddesi No: 12;https://adanaorganize.org.tr/firma/biray-kimya-san-ve-tic-a-s/
BİSMAK MEKANİK KUMLAMA BOYA İNŞ. İTH. İHR. SAN. TİC. A.Ş;Fabrikasyon Metal Ürünleri İmalatı;05525362922;https://bismakmekanik.com/;bismakmekanik.com;Acıdere OSB, 01350 Sarıçam/Adana;https://adanaorganize.org.tr/firma/bismak-mekanik-kumlama-boya-ins-ith-ihr-san-tic-a-s/
BİZİM TOPTAN SATIŞ MAĞAZALARI A.Ş.;Diğer İmalatlar;+90 (322)457-7269;http://www.bizimtoptan.com.tr;bizimtoptan.com.tr;Kuşbakişi Caddesi Altunizade No:19;https://adanaorganize.org.tr/firma/bizim-toptan-satis-magazalari-a-s/
Boler Tekstil San. ve Tic. Ltd. Şti.;Tekstil Ürünlerinin İmalatı;+90(549)737-1855;https://www.boler.com.tr/;boler.com.tr;Acıdereosb Mahallesi Ceyhan Caddesi No: 10 Adana Sarıçam;https://adanaorganize.org.tr/firma/boler-tekstil-san-ve-tic-ltd-sti/
BORŞEN BORU SANAYİ VE TİCARET ANONİM ŞİRKETİ;Fabrikasyon Metal Ürünleri İmalatı;+90 (322)502-0205;http://www.borsenboru.com;borsenboru.com;Dudullu Organize Sanayi Bölgesi 3. Cadde No: 20;https://adanaorganize.org.tr/firma/borsen-boru-sanayi-ve-ticaret-anonim-sirketi/
BOSSA TİCARET VE SANAYİ İŞLETMELERİ T.A.Ş. DENİM İŞLETMELERİ ŞUBESİ;Tekstil Ürünlerinin İmalatı;+90 (322)394-3030;http://www.bossa.com.tr;bossa.com.tr;Acidereosb Mahallesi Celal Bayar Bulvari No: 3;https://adanaorganize.org.tr/firma/bossa-ticaret-ve-sanayi-isletmeleri-t-a-s-denim-isletmeleri-subesi/
BOSSKİM KİMYASAL MADDELER TEKS. İNŞ. OTOM. LOJ. SAN. VE TİC. PAZ. LTD. ŞTİ.;Kimyasalların ve Kimyasal Ürünlerin İmalatı;0322- 346 20 28;http://www.bosskim.com;bosskim.com;ACIDERE OSB MAH.ŞEHİTLER CAD.NO:6 SARIÇAM/ADANA;https://adanaorganize.org.tr/firma/bosskim-kimyasal-maddeler-teks-ins-otom-loj-san-ve-tic-paz-ltd-sti/
BPS PETROL ÜRN. MAD. YAĞ  SAN. TİC. LTD. ŞTİ.;Diğer İmalatlar;+90 (322)394-3552;http://www.bpsyag.com;bpsyag.com;Acidereosb Mahallesi Yaşar Doğu Caddesi No: 11;https://adanaorganize.org.tr/firma/bps-petrol-urn-mad-yag-san-tic-ltd-sti-2/
BTD TEKSTİL SAN.VE TİC. A.Ş.;Tekstil Ürünlerinin İmalatı;+90 (322)394-4578;http://www.btdtextile.com;btdtextile.com;Acidereosb Mahallesi Atatürk Bulvari No: 28;https://adanaorganize.org.tr/firma/btd-tekstil-san-ve-tic-a-s/
BTV KİMYA SAN.VE TİC. A.Ş.;Diğer İmalatlar;+90 322 394 4482;http://www.btvkimya.com.tr;btvkimya.com.tr;Acıdereosb Mahallesi Ordu Caddesi No: 3;https://adanaorganize.org.tr/firma/btv-kimya-san-ve-tic-a-s/
Bulem Mobilya Sanayi ve Ticaret Limited Şirketi;Mobilya İmalatı;;;;Acıdereosb Mahallesi Atatürk Bulvarı 69 Adana Sarıçam;https://adanaorganize.org.tr/firma/bulem-mobilya-sanayi-ve-ticaret-limited-sirketi/
BURAK INOX SOLAR ISI SİS.SAN.TİC.A.Ş.;Fabrikasyon Metal Ürünleri İmalatı;+90 (322)394-4030;http://www.burakinoks.com.tr;burakinoks.com.tr;Acidereosb Mahallesi Oğuz Kağan Köksal Caddesi No: 11;https://adanaorganize.org.tr/firma/burak-inox-solar-isi-sis-san-tic-a-s/
BVS TÜTÜN VE TÜTÜN MAM. SİGARA KAĞIDI MAKARON İNŞ. SAN. TİC. LTD. ŞTİ.;Tütün Ürünleri İmalatı;;;;Acıdereosb Mahallesi Hilal Atilla Aksöz Caddesi No: 5  Sarıçam / Adana;https://adanaorganize.org.tr/firma/bvs-tutun-ve-tutun-mam-sigara-kagidi-makaron-ins-san-tic-ltd-sti/
BYS KİMYA SANAYİ VE TİCARET ANONİM ŞİRKETİ;Kimyasalların ve Kimyasal Ürünlerin İmalatı;+90 (322)394-4666;http://www.asparaffin.com;asparaffin.com;Acidereosb Mahallesi Atatürk Bulvari No: 16;https://adanaorganize.org.tr/firma/bys-kimya-sanayi-ve-ticaret-anonim-sirketi/
CAMSU PLASTİK TEKNOLOJİ SAN. TİC. A. Ş.;Kauçuk ve Plastik Ürünlerin İmalatı;+90 (322)504-2277;https://camsuplastik.com/;camsuplastik.com;;https://adanaorganize.org.tr/firma/camsu-plastik-teknoloji-san-tic-a-s/
CAN KİMYEVİ MADDELER GERİ KAZANIM ARITMA BERTARAF NAK.SAN.VE TİC.LTD.ŞTİ.;Kimyasalların ve Kimyasal Ürünlerin İmalatı;+90 (322)394-3622;http://www.sonmezlergroup.com;sonmezlergroup.com;Acidereosb Mahallesi Atatürk Bulvari No: 16;https://adanaorganize.org.tr/firma/can-kimyevi-maddeler-geri-kazanim-aritma-bertaraf-nak-san-ve-tic-ltd-sti/
CANADA GREEN GATE KOZMETİK ÜRÜNLERİ SAN. VE TİC.A.Ş.;Kimyasalların ve Kimyasal Ürünlerin İmalatı;+90 (322)394-4850;http://www.canadagreengate.com;canadagreengate.com;Acidereosb Mahallesi Çanakkale Caddesi No: 6;https://adanaorganize.org.tr/firma/canada-green-gate-kozmetik-urunleri-san-ve-tic-a-s/
Cen Ak İş Makinaları ve Yedek Parça San. Tic. A.Ş.;Başka Yerde Sınıflandırılmamış Makina ve Ekipman İmalatı;+90(322)351-1438;https://www.cen-ak.com/;cen-ak.com;Acıdereosb Mahallesi Magarsus Caddesi No: 4 Adana Sarıçam;https://adanaorganize.org.tr/firma/cen-ak-is-makinalari-ve-yedek-parca-san-tic-a-s/
CEYTECH MAKİNA SANAYİ VE TİCARET ANONİM ŞİRKETİ;Motorlu Kara Taşıtı, Treyler (Römork) ve Yarı Treylerin İmalatı;+90 (322)394-3900;http://www.ceylangroup.com.tr;ceylangroup.com.tr;Acidereosb Mahallesi Celal Bayar Bulvari No: 8;https://adanaorganize.org.tr/firma/ceytech-makina-sanayi-ve-ticaret-anonim-sirketi/
CHC MERMER İNŞ. MÜH. EML. PET. TURZ. GIDA TAR. TEKS. SAN. VE TİC. A.Ş.;Diğer İmalatlar;+90 (322)453-7606;http://www.chcmermer.com.tr;chcmermer.com.tr;Acidereosb Mahallesi Menekşe Sokak No: 16;https://adanaorganize.org.tr/firma/chc-mermer-ins-muh-eml-pet-turz-gida-tar-teks-san-ve-tic-a-s/
CHRYSO-KAT KATKI MALZ.SAN.VE TİC.A.Ş. ADANA ŞUBESİ;Kimyasalların ve Kimyasal Ürünlerin İmalatı;+90 (322)503-0154;http://www.chryso.com.tr;chryso.com.tr;Acidereosb Mahallesi Hilal Caddesi No: 13;https://adanaorganize.org.tr/firma/chryso-kat-katki-malz-san-ve-tic-a-s-adana-subesi/
CMA MAKİNA İMALAT İTH. İHR. SAN. VE TİC. LTD. ŞTİ.;Başka Yerde Sınıflandırılmamış Makina ve Ekipman İmalatı;+90 (322)346-1544;http://www.cmamakine.com.tr;cmamakine.com.tr;Acidereosb Mahallesi Ordu Caddesi No: 19;https://adanaorganize.org.tr/firma/cma-makina-imalat-ith-ihr-san-ve-tic-ltd-sti/
CON-IMEX PRE.İNŞ.SAN.VE TİC.LTD.ŞTİ.;Fabrikasyon Metal Ürünleri İmalatı;+90 (322)394-4753;http://www.con-imex.com;con-imex.com;Acidereosb Mahallesi 23 Nisan Caddesi No: 8;https://adanaorganize.org.tr/firma/con-imex-pre-ins-san-ve-tic-ltd-sti/
Coruk Hurdacılık ve Tekstil Ticareti;Kağıt ve Kağıt Ürünlerinin İmalatı;+90(322)394-3825;https://corukambalaj.com/;corukambalaj.com;Acıdereosb Mahallesi İsmet Atlı Caddesi 17 Adana Sarıçam;https://adanaorganize.org.tr/firma/coruk-hurdacilik-ve-tekstil-ticareti/
Ctn Makina Sanayi Ve Ticaret Anonim Şirket;Fabrikasyon Metal Ürünleri İmalatı;+90 (322)394-4990;http://www.ctn-group.com;ctn-group.com;Acidereosb Mahallesi Ismet Atli Caddesi No: 20;https://adanaorganize.org.tr/firma/ctn-makina-sanayi-ve-ticaret-anonim-sirket/
ÇALIŞKANLAR PAMUK SAN. VE TİC. A.Ş.;Tekstil Ürünlerinin İmalatı;+90 (322)394-4540;;;Acidereosb Mahallesi 30 Ağustos Caddesi No: 7;https://adanaorganize.org.tr/firma/caliskanlar-pamuk-san-ve-tic-a-s/
Çatalbaş Elektrik Enerji San. Tic. Ltd. Şti.;Elektrikli Teçhizat İmalatı;+90(322)503-3398;https://ctbelektrik.com.tr;ctbelektrik.com.tr;Acıdereosb Mahallesi Baklalı Caddesi No: 17 Adana Sarıçam;https://adanaorganize.org.tr/firma/catalbas-elektrik-enerji-san-tic-ltd-sti/
Çeliksan Ticari Araçlar San. ve Tic. Ltd. Şti.;Motorlu Kara Taşıtı, Treyler (Römork) ve Yarı Treylerin İmalatı;+90(322)394-3301;https://celiksantreyler.com;celiksantreyler.com;Acıdere Mahallesi 6695 Sokak No: 29 Adana Sarıçam;https://adanaorganize.org.tr/firma/celiksan-ticari-araclar-san-ve-tic-ltd-sti/
Çıracılar Petrol Restoran Gıda Marketçilik Tütün Otom. San. ve Tic. Ltd. Şti.;Diğer İmalatlar;;;;Acıdereosb Mahallesi D-400 Karayolu 31 Adana Sarıçam;https://adanaorganize.org.tr/firma/ciracilar-petrol-restoran-gida-marketcilik-tutun-otom-san-ve-tic-ltd-sti/
ÇİMSA ÇİMENTO SAN.VE TİC.A.Ş.;Diğer Metalik Olmayan Mineral Ürünlerin İmalatı;+90 (322)394-3420;http://www.cimsa.com.tr;cimsa.com.tr;Acidereosb Mahallesi Çanakkale Caddesi No: 15;https://adanaorganize.org.tr/firma/cimsa-cimento-san-ve-tic-a-s/
ÇOKYAŞAR TEL ÖRME VE DOK. TEL GAL. ÇİVİ SAN. TİC. A. Ş.;Fabrikasyon Metal Ürünleri İmalatı;+90 (322)394-4535;http://www.cokyasar.com.tr;cokyasar.com.tr;Acidereosb Mahallesi Inönü Bulvari No: 19;https://adanaorganize.org.tr/firma/cokyasar-tel-orme-ve-dok-tel-gal-civi-san-tic-a-s/
ÇÖZÜMÇELİK İNŞAAT TAAH. İML. SAN. VE TİC. LTD.ŞTİ.;Fabrikasyon Metal Ürünleri İmalatı;+90 (541)950-1270;https://www.cozumcelik.com/tr;cozumcelik.com;Acidereosb Mahallesi Toros Caddesi No:17;https://adanaorganize.org.tr/firma/cozumcelik-insaat-taah-iml-san-ve-tic-ltd-sti-adana-organize-sanayi-subesi/
ÇUKUROVA BOMBE VE MAKİNA SAN. TİC. LTD. ŞTİ.;Fabrikasyon Metal Ürünleri İmalatı;+90 (532)798-8360;http://www.cukurovabombe.com;cukurovabombe.com;Acidereosb Mahallesi 23 Nisan Caddesi No: 6;https://adanaorganize.org.tr/firma/cukurova-bombe-ve-makina-san-tic-ltd-sti/
Çukurova Çelik Hasır Demir Metal İnş. Alüm. İth. İhr. San. ve Tic. A. Ş.;Fabrikasyon Metal Ürünleri İmalatı;+90(322)459-4901;;;Acıdereosb Mahallesi Mevlana Caddesi No: 1 Adana Sarıçam;https://adanaorganize.org.tr/firma/cukurova-celik-hasir-demir-metal-ins-alum-ith-ihr-san-ve-tic-a-s/
ÇUKUROVA POLİSTREN MADEN HURDA AKARYAKIT İNŞ. TURZ. SAN. VE TİC. LTD. ŞTİ.;Kauçuk ve Plastik Ürünlerin İmalatı;+90 (322)428-2951;http://www.cukurovapolistren.com;cukurovapolistren.com;Acidereosb Mahallesi Fuzuli Caddesi No: 4;https://adanaorganize.org.tr/firma/cukurova-polistren-maden-hurda-akaryakit-ins-turz-san-ve-tic-ltd-sti/
ÇUKUROVA SİLO İŞLETMECİLİĞİ VE MAK. SAN. İNŞ. TİC. LTD. ŞTİ.;Fabrikasyon Metal Ürünleri İmalatı;+90 (322)394-5460;https://www.cukurovasilo.com;cukurovasilo.com;Acidereosb Mahallesi Oğuz Kağan Köksal Caddesi No: 7;https://adanaorganize.org.tr/firma/cukurova-silo-isletmeciligi-ve-mak-san-ins-tic-ltd-sti/
ÇUKUROVA TENEKE OFSET METAL VE PLASTİK AMB. KAPAK MAK. ARAÇ GIDA PAZ. MÜŞ. MÜH. MAL. TAAH. TİC. İHR. LTD. ŞTİ.;Fabrikasyon Metal Ürünleri İmalatı;+90 (322)324-0907;;;Acidereosb Mahallesi 19 Mayis Caddesi No:13;https://adanaorganize.org.tr/firma/cukurova-teneke-ofset-metal-ve-plastik-amb-kapak-mak-arac-gida-paz-mus-muh-mal-taah-tic-ihr-ltd-sti/
ÇUKUROVA TÜTÜN İŞLEME SANAYİ VE TİC. A. Ş.;Tütün Ürünleri İmalatı;;;;;https://adanaorganize.org.tr/firma/cukurova-tutun-isleme-sanayi-ve-tic-a-s/
DAREN LOJ. TAŞ. PET. İNŞ. TAR. HAY. GIDA SAN. VE TİC. A.Ş.;Gıda Ürünleri İmalatı;0322 394 3692;;;Acıdereosb Mahallesi Turgut Özal Bulvarı No: 31  Sarıçam / Adana;https://adanaorganize.org.tr/firma/daren-loj-tas-pet-ins-tar-hay-gida-san-ve-tic-a-s/
DAVULCU BOYA TİC.LTD.ŞTİ.;Kimyasalların ve Kimyasal Ürünlerin İmalatı;+90 (322)394-4161;http://www.davulcuboya.com;davulcuboya.com;Acidereosb Mahallesi Sümbül Sokak No: 3;https://adanaorganize.org.tr/firma/davulcu-boya-tic-ltd-sti/
DAVUT PANEL VE SAC SAN.TİC. A.Ş.;Fabrikasyon Metal Ürünleri İmalatı;+90 (322)550-5001;http://www.davutpanel.com.tr;davutpanel.com.tr;Acidereosb Mahallesi Baklali Caddesi No: 22;https://adanaorganize.org.tr/firma/davut-panel-ve-sac-san-tic-a-s/
DCT TARIM DIŞ TİCARET ANONİM ŞİRKETİ;Başka Yerde Sınıflandırılmamış Makina ve Ekipman İmalatı;+90 (322)311-4048;http://www.dcttarim.com.tr;dcttarim.com.tr;Acidereosb Mahallesi Cumhuriyet Bulvari No: 6;https://adanaorganize.org.tr/firma/dct-tarim-dis-ticaret-anonim-sirketi/
Dekare Tekstil Sanayi ve Ticaret Limited Şirketi;Tekstil Ürünlerinin İmalatı;;;;Acıdereosb Mahallesi Karacaoğlan Caddesi No:9 Adana Sarıçam;https://adanaorganize.org.tr/firma/dekare-tekstil-sanayi-ve-ticaret-limited-sirketi/
DELLA GIDA SAN. VE TİC. A. Ş.;Gıda Ürünleri İmalatı, İçeceklerin İmalatı;+90(850)221-1200;https://www.dydodrinco.com.tr/;dydodrinco.com.tr;Acıdere OSB, Celal Bayar Cd. No:15, 01410 Sarıçam/Adana;https://adanaorganize.org.tr/firma/della-gida-san-ve-tic-a-s/
Dem Çatı İnşaat Hafr. San. ve Tic. Ltd. Şti.;Fabrikasyon Metal Ürünleri İmalatı;;https://www.deminsaatadana.com/;deminsaatadana.com;Acıdereosb Mahallesi Ordu Caddesi No:1 Adana Sarıçam;https://adanaorganize.org.tr/firma/dem-cati-insaat-hafr-san-ve-tic-ltd-sti/
DEMİRAĞLAR ORM.ÜRN.SAN VE TİC.LTD.ŞTİ.;Ağaç, Ağaç Ürünleri ve Mantar Ürünleri İmalatı;+90 (322)394-4444;http://www.demiraglar.com.tr;demiraglar.com.tr;Acidereosb Mahallesi Ceyhan Caddesi No: 14;https://adanaorganize.org.tr/firma/demiraglar-orm-urn-san-ve-tic-ltd-sti/
DENLİ DİPÇİK KERESTE TURİZM TİC.A.Ş.;Ağaç, Ağaç Ürünleri ve Mantar Ürünleri İmalatı;+90 (322)394-3788;http://www.denli.ch;denli.ch;Acidereosb Mahallesi Çukurova Caddesi No: 5;https://adanaorganize.org.tr/firma/denli-dipcik-kereste-turizm-tic-a-s/
DENTAŞ AMBALAJ VE KAĞIT SAN. A.Ş.;Kağıt ve Kağıt Ürünlerinin İmalatı;+90 (322)394-4710;http://www.dentas.com.tr;dentas.com.tr;Acidereosb Mahallesi Yunus Emre Caddesi No: 4;https://adanaorganize.org.tr/firma/dentas-ambalaj-ve-kagit-san-a-s/
Dexcon Yapı İnşaat ve Sanayi A.Ş.;Fabrikasyon Metal Ürünleri İmalatı;+90(546)806 8800;https://dexcon.com.tr/;dexcon.com.tr;Acıdereosb Mahallesi Dökümcüler Caddesi No:7/A Adana Sarıçam;https://adanaorganize.org.tr/firma/dexcon-yapi-insaat-ve-sanayi-a-s/
DİNÇKAN MAKİNA İNŞAAT TURİZM VE TEKSTİL LİMİTED ŞİRKET;Tekstil Ürünlerinin İmalatı;+90 (322)394-4772;http://www.dinckan.com;dinckan.com;Acidereosb Mahallesi Süleyman Demirel Bulvari No: 3;https://adanaorganize.org.tr/firma/dinckan-makina-insaat-turizm-ve-tekstil-limited-sirket/
DİSTON ALÜMİNYUM SANAYİ TİCARET LİMİTED ŞİRKETİ;Kauçuk ve Plastik Ürünlerin İmalatı;+90 (322)394-5320;https://distonaluminyum.com/;distonaluminyum.com;Acidereosb Mahallesi Süleyman Demirel Bulvari No: 17;https://adanaorganize.org.tr/firma/diston-aluminyum-sanayi-ticaret-limited-sirketi/
DKC AV SANAYİ TİCARET LİMİTED ŞİRKETİ;Diğer İmalatlar;+90 (322)881-0444;;;Acidereosb Mahallesi Baklali Caddesi No: 8;https://adanaorganize.org.tr/firma/dkc-av-sanayi-ticaret-limited-sirketi/
DOĞAN MAKİNA VE TRAKTÖR YEDEK PARÇA İML. VE İTH. İHR. PAZ. VE TİC. LTD. ŞTİ.;Başka Yerde Sınıflandırılmamış Makina ve Ekipman İmalatı;+90 (322)321-6405;https://www.doganmakinasan.com/;doganmakinasan.com;Acidereosb Mahallesi Oğuz Kağan Köksal Caddesi No: 17;https://adanaorganize.org.tr/firma/dogan-makina-ve-traktor-yedek-parca-iml-ve-ith-ihr-paz-ve-tic-ltd-sti/
DOĞANAY GIDA TARIM VE HAYVANCILIK SAN.VE TİC. A.Ş;İçeceklerin İmalatı;+90 (322)394-3777;http://www.doganaygida.com.tr;doganaygida.com.tr;Acidereosb Mahallesi Süleyman Demirel Bulvari No: 13;https://adanaorganize.org.tr/firma/doganay-gida-tarim-ve-hayvancilik-san-ve-tic-a-s/
DRK TÜTÜN SANAYİ VE TİCARET LİMİTED ŞİRKETİ;Tütün Ürünleri İmalatı;+90 (322)394-4728;http://www.drktutun.com;drktutun.com;Acıdere OSB, Yaşar Doğu Cd., 01790 Sarıçam/Adana;https://adanaorganize.org.tr/firma/drk-tutun-sanayi-ve-ticaret-limited-sirketi/
DÜNYA POLİSTREN GRUP  SAN.VE TİC. LTD.ŞTİ.;Kauçuk ve Plastik Ürünlerin İmalatı;+90 (322)394-4910;http://www.dunyadekor.com.tr;dunyadekor.com.tr;Acidereosb Mahallesi Süleyman Demirel Bulvari No: 26;https://adanaorganize.org.tr/firma/dunya-polistren-grup-san-ve-tic-ltd-sti/
Ekol Boru ve Ekipm. İml. Sıhhi Tes. Ürün. Boya İnş. İnş. Malz. İth. İhr. San. ve Tic. Paz. Ltd. Şti;Kauçuk ve Plastik Ürünlerin İmalatı;+90 322 225 96 31;https://www.ekolboru.com/;ekolboru.com;Acıdereosb Mahallesi Dökümcüler Caddesi No: 11/1 Adana Sarıçam;https://adanaorganize.org.tr/firma/ekol-boru-ve-ekipm-iml-sihhi-tes-urun-boya-ins-ins-malz-ith-ihr-san-ve-tic-paz-ltd-sti/
EKSOY KİMYA SAN.VE TİC. A.Ş.;Kimyasalların ve Kimyasal Ürünlerin İmalatı;+90 (322)394-3995;http://www.eksoy.com;eksoy.com;Acidereosb Mahallesi Zübeyde Hanim Caddesi No: 4;https://adanaorganize.org.tr/firma/eksoy-kimya-san-ve-tic-a-s/
Elbarake Un ve Unlu Mamüller Gıda İnşaat Mobilya Tarım Hayv. İth. İhr. San. Tic. Ltd. Şti.;Gıda Ürünleri İmalatı;;;;Acıdereosb Mahallesi İnönü Bulvarı 11 Adana Sarıçam;https://adanaorganize.org.tr/firma/elbarake-un-ve-unlu-mamuller-gida-insaat-mobilya-tarim-hayv-ith-ihr-san-tic-ltd-sti/
ELİTAŞ GRUP PLASTİK SAN. TİC. LTD. ŞTİ.;Kauçuk ve Plastik Ürünlerin İmalatı;+90 (322)328-8888;https://elitasgrup.com/;elitasgrup.com;Acidereosb Mahallesi Abdullah Gül Bulvari No: 4;https://adanaorganize.org.tr/firma/elitas-grup-plastik-san-tic-ltd-sti/
ELNURAYN UN VE UNLU MAMÜLLER GIDA MADDELERİ LOKANTACILIK İNŞ. TURİZM. SAN. TİC. LTD. ŞTİ.;Gıda Ürünleri İmalatı;+90 (322)363-4905;;;Acidereosb Mahallesi Cumhuriyet Bulvari No:7;https://adanaorganize.org.tr/firma/elnurayn-un-ve-unlu-mamuller-gida-maddeleri-lokantacilik-ins-turizm-san-tic-ltd-sti/
Eltakva Unlu Mamülleri Gıda Mob. San. ve Tic. Ltd. Şti.;Gıda Ürünleri İmalatı;;;;Acıdereosb Mahallesi Çanakkale Caddesi 3 Adana Sarıçam;https://adanaorganize.org.tr/firma/eltakva-unlu-mamulleri-gida-mob-san-ve-tic-ltd-sti/
ELZ MAKİNE NAKLİYE İNŞ. SAN. VE TİC. LTD. ŞTİ.;Fabrikasyon Metal Ürünleri İmalatı;0322 259 0303;https://www.elz.com.tr/;elz.com.tr;Acıdere OSB, Baklalı Cad. No:14, 01410 Sarıçam/Adana;https://adanaorganize.org.tr/firma/elz-makine-nakliye-ins-san-ve-tic-ltd-sti/
EMD PLASTİK HAYVANCILIK TEKSTİL TAR. ÜRN. SAN. VE TİC. PAZ.LTD.ŞTİ.;Kauçuk ve Plastik Ürünlerin İmalatı;+90 (322)394-4706;;;Acidereosb Mahallesi Toros Caddesi No: 16;https://adanaorganize.org.tr/firma/emd-plastik-hayvancilik-tekstil-tar-urn-san-ve-tic-paz-ltd-sti/
Emir Gübre Tarım Nak. İnş. İth. İhr. San. Tic. Ltd.Şti.;Gıda Ürünleri İmalatı;+90(322)502-1336;;;Acıdereosb Mahallesi Toros Caddesi No: 8 Adana Sarıçam;https://adanaorganize.org.tr/firma/emir-gubre-tarim-nak-ins-ith-ihr-san-tic-ltd-sti/
EMS PLASTİK BORU SIH. TES. MALZ. GÜNEŞ ENER. İML. İNŞ. İTH. SAN. VE TİC. PAZ. LTD. ŞTİ.;Kauçuk ve Plastik Ürünlerin İmalatı;+90 (322)394-5494;http://www.emsplastic.com.tr;emsplastic.com.tr;Acidereosb Mahallesi Inönü Bulvari No: 30;https://adanaorganize.org.tr/firma/ems-pls-boru-sih-tes-malz-gunes-ener-iml-ins-ith-san-ve-tic-paz-ltd-sti/
EMSAN ELEKTRİK PROJE TAAH.VE TİC A.Ş.;Elektrikli Teçhizat İmalatı;+90 (322)394-3738;http://www.emsanelk.com.tr;emsanelk.com.tr;Acidereosb Mahallesi Çanakkale Caddesi No: 12;https://adanaorganize.org.tr/firma/emsan-elektrik-proje-taah-ve-tic-a-s/
ENJOY MOTOR OİL KİMYA A. Ş.;Kok Kömürü ve Rafine Edilmiş Petrol Ürünleri İmalatı;+90(322)502-2595;;;Acıdereosb Mahallesi Toros Caddesi 21 Adana Sarıçam;https://adanaorganize.org.tr/firma/enjoy-motor-oil-kimya-a-s/
EPAŞ DÖKÜM VE PLASTİK SANAYİ TİCARET A.Ş.;Fabrikasyon Metal Ürünleri İmalatı;+90 (322)394-3909;http://www.epasdokum.com.tr;epasdokum.com.tr;Acidereosb Mahallesi Çiğdem Sokak No: 4;https://adanaorganize.org.tr/firma/epas-dokum-ve-plastik-sanayi-ticaret-a-s/
ERBEY DOKUMA İPLİK SAN. VE  TİC. A.Ş.;Tekstil Ürünlerinin İmalatı;+90 (322)359-7506;;;Acidereosb Mahallesi Gaziler Caddesi No: 8;https://adanaorganize.org.tr/firma/erbey-dokuma-iplik-san-ve-tic-a-s/
ERLER BOYA SANAYİ VE TİCARET LİMİTED ŞİRKETİ;Kimyasalların ve Kimyasal Ürünlerin İmalatı;+90 (322)394-3444;https://saselboya.com/;saselboya.com;Acidereosb Mahallesi Menekşe Sokak No: 11;https://adanaorganize.org.tr/firma/erler-boya-sanayi-ve-ticaret-limited-sirketi/
Ersatlas Plastik San. Tic. Ltd. Şti.;Kauçuk ve Plastik Ürünlerin İmalatı;;https://www.sinanatlasplastik.com/;sinanatlasplastik.com;Acıdereosb Mahallesi Anafartalar Caddesi No: 7 Adana Sarıçam;https://adanaorganize.org.tr/firma/ersatlas-plastik-san-tic-ltd-sti/
Ersofer Temizlik Tüketim Ürn. San. Tic. Ltd. Şti.;Kauçuk ve Plastik Ürünlerin İmalatı;;;;Acıdereosb Mahallesi Ordu Caddesi 23 Adana Sarıçam;https://adanaorganize.org.tr/firma/ersofer-temizlik-tuketim-urn-san-tic-ltd-sti/
ERSOPLAST PLASTİK SANAYİ VE TİCARET ANONİM ŞİRKETİ;Kauçuk ve Plastik Ürünlerin İmalatı;+90 (322)341-4141;http://www.ersoplast.com;ersoplast.com;Acidereosb Mahallesi Atatürk Bulvari No: 43;https://adanaorganize.org.tr/firma/ersoplast-plastik-sanayi-ve-ticaret-anonim-sirketi/
ERTAR KİMYA TARIM ÜRÜNLERİ VE ALETLERİ İMALAT PAZARLAMA SANAYİ VE TİCARET LİMİTED ŞİRKETi;Kimyasalların ve Kimyasal Ürünlerin İmalatı;+90 (322)394-4903;http://www.ertarkimya.com;ertarkimya.com;Acidereosb Mahallesi Zafer Caddesi No: 8;https://adanaorganize.org.tr/firma/ertar-kimya-tarim-urunleri-ve-aletleri-imalat-pazarlama-sanayi-ve-ticaret-limited-sirketi/
ESEN PLASTİK SANAYİ TİCARET ANONİM ŞİRKETİ;Kauçuk ve Plastik Ürünlerin İmalatı;+90 (505)190-4231;http://www.esenctp.com;esenctp.com;Acidereosb Mahallesi Atatürk Bulvari No: 55;https://adanaorganize.org.tr/firma/esen-plastik-sanayi-ticaret-anonim-sirketi/
ESKA GERİ DÖNÜŞÜM SAN. ve TİC. LTD. ŞTİ.;Kağıt ve Kağıt Ürünlerinin İmalatı;+90 532 113 41 44;https://www.eskageridonusum.com/;eskageridonusum.com;Acıdereosb Mah. Süleyman Demirel Blv. No: 28 Sarıçam / ADANA;https://adanaorganize.org.tr/firma/eska-geri-donusum-san-ve-tic-ltd-sti/
EVREN GIDA SAN.VE TİC.LTD.ŞTİ.;Gıda Ürünleri İmalatı;+90 (322)394-5151;http://www.evrengida.com;evrengida.com;Acidereosb Mahallesi Toros Caddesi No: 19;https://adanaorganize.org.tr/firma/evren-gida-san-ve-tic-ltd-sti/
EXPEL İLAÇ SANAYİ VE TİCARET ANONİM ŞİRKETİ;Kimyasalların ve Kimyasal Ürünlerin İmalatı;444-1993;http://www.expel.com.tr;expel.com.tr;Acidereosb Mahallesi Zafer Caddesi No: 10;https://adanaorganize.org.tr/firma/expel-ilac-sanayi-ve-ticaret-anonim-sirketi/
EZER TEKSTİL İML. SAN. TİC. LTD. ŞTİ.;Tekstil Ürünlerinin İmalatı;+90 (322)394-3450;http://www.ezertekstil.com.tr;ezertekstil.com.tr;Acidereosb Mahallesi Süleyman Demirel Bulvari No: 32;https://adanaorganize.org.tr/firma/ezer-tekstil-iml-san-tic-ltd-sti/
F.K.F. TEKSTİL SAN.VE TİC.LTD.ŞTİ.;Tekstil Ürünlerinin İmalatı;+90 (322)503-0001;http://www.fkf.com.tr;fkf.com.tr;Acidereosb Mahallesi Hilal Caddesi No: 4;https://adanaorganize.org.tr/firma/f-k-f-tekstil-san-ve-tic-ltd-sti/
FARADAY PETROL KİMYA A. Ş.;Diğer İmalatlar;+90 (322)502-2595;https://lubrix.com.tr/;lubrix.com.tr;Acidereosb Mahallesi Anafartalar Caddesi No: 15;https://adanaorganize.org.tr/firma/faraday-petrol-kimya-a-s/
FİLPA AMBALAJ VE DIŞ TİC. A. Ş.;Kauçuk ve Plastik Ürünlerin İmalatı;;https://www.filpa.com.tr/;filpa.com.tr;;https://adanaorganize.org.tr/firma/filpa-ambalaj-ve-dis-tic-a-s/
FİXA YAPI KİMYASALLARI SAN.VE TİC.LTD.ŞTİ.;Kimyasalların ve Kimyasal Ürünlerin İmalatı;+90 (322)394-4242;http://www.fixa.com.tr;fixa.com.tr;Acidereosb Mahallesi Süleyman Demirel Bulvari No: 30;https://adanaorganize.org.tr/firma/fixa-yapi-kimyasallari-san-ve-tic-ltd-sti/
FORM STYROPOR YATILIM AMB. SAN. VE TİC. LTD. ŞTİ.;Diğer İmalatlar;+90 352 322 0030;https://www.formpor.com/;formpor.com;;https://adanaorganize.org.tr/firma/form-styropor-yatilim-amb-san-ve-tic-ltd-sti/
FULTEKS TEKS.VE KONF. SAN. TİC. İŞL. LTD. ŞTİ.;Tekstil Ürünlerinin İmalatı;+90 (322)441-1222;;;Acidereosb Mahallesi Zübeyde Hanim Caddesi No: 1;https://adanaorganize.org.tr/firma/fulteks-teks-ve-konf-san-tic-isl-ltd-sti/
FURTEKS ENERJİ İNŞAAT TEKSTİL ÜRÜNLERİ SAN. VE TİC. LTD. ŞTİ.;Tekstil Ürünlerinin İmalatı;+90 (322)394-4787;http://www.furteksdokuma.com.tr;furteksdokuma.com.tr;Acidereosb Mahallesi Çinar Caddesi No: 3;https://adanaorganize.org.tr/firma/furteks-enerji-insaat-tekstil-urunleri-san-ve-tic-ltd-sti/
GALMETSAN GALVANİZLİ METALLER ÇELİK KONS. SAN.VE TİC. LTD. ŞTİ.;Fabrikasyon Metal Ürünleri İmalatı;+90 (322)394-4686;http://www.galmetsan.com.tr;galmetsan.com.tr;Acidereosb Mahallesi Zafer Caddesi No: 14;https://adanaorganize.org.tr/firma/galmetsan-galvanizli-metaller-celik-kons-san-ve-tic-ltd-sti/
GAP ÇAY GIDA SANAYİ İTHALAT İHRACAT PAZARLAMA TİCARET LİMİTED ŞİRKETİ;İçeceklerin İmalatı;+90 (322)394-4624;http://www.gapcay.com;gapcay.com;Acidereosb Mahallesi Cumhuriyet Bulvari No: 24;https://adanaorganize.org.tr/firma/gap-cay-gida-sanayi-ithalat-ihracat-pazarlama-ticaret-limited-sirketi/
GARANTİ BANKASI A.Ş.;Diğer İmalatlar;+90 (322)355-5350;http://www.garanti.com.tr;garanti.com.tr;Acidereosb Mahallesi Turgut Özal Bulvari No: 11;https://adanaorganize.org.tr/firma/garanti-bankasi-a-s/
GE-TA TARIM VE GIDA SAN. TİC. A.Ş.;İçeceklerin İmalatı;+90 (322)394-4741;http://www.exotic.com.tr;exotic.com.tr;Acidereosb Mahallesi Ordu Caddesi No: 11;https://adanaorganize.org.tr/firma/ge-ta-tarim-ve-gida-san-tic-a-s/
GEMSA BOYA SAN.VE TİC.LTD.ŞTİ.;Kimyasalların ve Kimyasal Ürünlerin İmalatı;+90 (322)394-3776;http://www.gemsaboya.com.tr;gemsaboya.com.tr;Acidereosb Mahallesi Ismet Atli Caddesi No: 22;https://adanaorganize.org.tr/firma/gemsa-boya-san-ve-tic-ltd-sti/
GENTA MAK. İNŞ. TURZ. VE HAY. SAN. TİC. LTD. ŞTİ.;Fabrikasyon Metal Ürünleri İmalatı;+90 (322)394-3714;http://www.gentamakina.com;gentamakina.com;Acidereosb Mahallesi Taşköprü Caddesi No: 7;https://adanaorganize.org.tr/firma/genta-mak-ins-turz-ve-hay-san-tic-ltd-sti/
GER MÜHENDİSLİK İMALAT VE TİCARET ANONİM ŞİRKETİ;Fabrikasyon Metal Ürünleri İmalatı;+90 (322)394-5420;http://www.germuhendislik.com.tr;germuhendislik.com.tr;Acidereosb Mahallesi Anafartalar Caddesi No: 8;https://adanaorganize.org.tr/firma/ger-muhendislik-imalat-ve-ticaret-anonim-sirketi/
GERMAKSAN MAKİNA SANAYİ VE TİCARET ANONİM ŞİRKETİ;Başka Yerde Sınıflandırılmamış Makina ve Ekipman İmalatı;+90 (322)346-4225;http://www.germaksan.com.tr;germaksan.com.tr;Acidereosb Mahallesi Toros Caddesi No: 27;https://adanaorganize.org.tr/firma/germaksan-makina-sanayi-ve-ticaret-anonim-sirketi/
GİZEM ZEYTİNCİLİK GIDA İTH. İHR. SAN. TİC. A.Ş.;Gıda Ürünleri İmalatı;+90 (322)502-1166;http://www.gizemzeytin.com;gizemzeytin.com;Acidereosb Mahallesi Hilal Caddesi No: 8;https://adanaorganize.org.tr/firma/gizem-zeytincilik-gida-ith-ihr-san-tic-a-s/
GİZİR AHŞAP İNŞ. TURİZM SAN. TİC. A.Ş.;Ağaç, Ağaç Ürünleri ve Mantar Ürünleri İmalatı;+90 (322)394-4340;https://www.gizir.com/;gizir.com;Acidereosb Mahallesi Çanakkale Caddesi No: 16;https://adanaorganize.org.tr/firma/gizir-ahsap-ins-turizm-san-tic-a-s/
GÖKNUR PLASTİK AMBALAJ KİMYA SANAYİ VE TİCARET ANONİM ŞİRKETİ;Kauçuk ve Plastik Ürünlerin İmalatı;+90 322 429 1053;https://goknurplastik.com.tr;goknurplastik.com.tr;Acidereosb Mahallesi Ismet Atli Caddesi No: 10;https://adanaorganize.org.tr/firma/goknur-plastik-ambalaj-kimya-sanayi-ve-ticaret-anonim-sirketi/
GPS PLASTİK LOJİSTİK PAZ. SAN. VE TİC. A.Ş.;Kauçuk ve Plastik Ürünlerin İmalatı;+90 (322)394-4935;http://www.fgplast.com;fgplast.com;Acidereosb Mahallesi Oğuz Kağan Köksal Caddesi No: 14;https://adanaorganize.org.tr/firma/gps-plastik-lojistik-paz-san-ve-tic-a-s/
GREENBRIER VAGON SAN. VE TİC. LTD. ŞTİ.;Diğer Ulaşım Araçlarının İmalatı;0322 503 53 33;https://www.greenbrier-europe.com/tr;greenbrier-europe.com;Acıdere OSB Mahallesi, Toroslar Cad. No:15;https://adanaorganize.org.tr/firma/greenbrier-vagon-san-ve-tic-ltd-sti/
Gurup Ticaret Pazarlama Dayanıklı Tüketim Mamülleri Mobilya Orman Ürünleri Taahhüt Ltd.Şti.;Kimyasalların ve Kimyasal Ürünlerin İmalatı;;;;Acıdereosb Mahallesi Zafer Caddesi No: 3 Adana Sarıçam;https://adanaorganize.org.tr/firma/gurup-ticaret-pazarlama-dayanikli-tuketim-mamulleri-mobilya-orman-urunleri-taahhut-ltd-sti/
GÜL KİMYA İML.PAZ.İNŞ.KAĞIT VE PLS.AMB.ZİRAİ İLAÇ. GIDA DAYANIKLI TÜK.MALLARI NAKİL VASITALARI TAR.TEKS.İŞ MAK.PET.ORMAN ÜRÜN.NAK.İTH.İHR. SAN.VE TİC.LTD.ŞTİ.;Kimyasalların ve Kimyasal Ürünlerin İmalatı;+90 (322)394-4553;;;Acidereosb Mahallesi Ceyhan Caddesi No: 3;https://adanaorganize.org.tr/firma/gul-kimya-iml-paz-ins-kagit-ve-pls-amb-zirai-ilac-gida-dayanikli-tuk-mallari-nakil-vasitalari-tar-teks-is-mak-pet-orman-urun-nak-ith-ihr-san-ve-tic-ltd-sti/
Gülezler Metal Sanayi İnşaat Nakliyat Ticaret Limited Şirketi;Fabrikasyon Metal Ürünleri İmalatı;+90(322)429-3131;https://gulezler.com;gulezler.com;Onur Mahallesi 4. Cadde No: 9/A Adana Seyhan;https://adanaorganize.org.tr/firma/gulezler-metal-sanayi-insaat-nakliyat-ticaret-limited-sirketi/
GÜNEY ÇELİK HASIR VE DEMİR MAMÜLLERİ SANAYİ TİCARET ANONİM ŞİRKETİ;Fabrikasyon Metal Ürünleri İmalatı;+90 (322)394-5030;http://www.guneycelik.com.tr;guneycelik.com.tr;Acidereosb Mahallesi Süleyman Demirel Bulvari No: 2;https://adanaorganize.org.tr/firma/guney-celik-hasir-ve-demir-mamulleri-sanayi-ticaret-anonim-sirketi/
GÜNEY ODAK ENERJİ İNŞ.SAN.VE TİC.LTD.ŞTİ.;Fabrikasyon Metal Ürünleri İmalatı;+90 (322)429-5555;http://www.guneyodak.com.tr;guneyodak.com.tr;Acidereosb Mahallesi Süleyman Demirel Bulvari No: 44;https://adanaorganize.org.tr/firma/guney-odak-enerji-ins-san-ve-tic-ltd-sti/
GÜR-SU PLASTİK SAN. VE TİC.LTD.ŞTİ.;Kauçuk ve Plastik Ürünlerin İmalatı;+90 (322)394-3415;http://www.gursupvcboru.com;gursupvcboru.com;Acidereosb Mahallesi Sanayi Caddesi No: 8;https://adanaorganize.org.tr/firma/gur-su-plastik-san-ve-tic-ltd-sti/
GÜR-TUĞ ÇELİK KONS.END.ÜRN.İNŞ.ELK.SAN.TİC.LTD.ŞTİ.;Fabrikasyon Metal Ürünleri İmalatı;+90 (322)394-5416;http://www.gurtug.com;gurtug.com;Acidereosb Mahallesi Menekşe Sokak No: 13;https://adanaorganize.org.tr/firma/gur-tug-celik-kons-end-urn-ins-elk-san-tic-ltd-sti/
GÜRSOY YEM GIDA VE HAYVANCILIK SANAYİ TİCARET ANONİM ŞİRKETİ;Diğer Metalik Olmayan Mineral Ürünlerin İmalatı;+90 (322)394-3393;http://www.torosyem.com.tr;torosyem.com.tr;Acidereosb Mahallesi Cumhuriyet Bulvari No: 5;https://adanaorganize.org.tr/firma/gursoy-yem-gida-ve-hayvancilik-sanayi-ticaret-anonim-sirketi/
GÜVEN TEKSTİL SAN.VE TİC.LTD.ŞTİ.;Tekstil Ürünlerinin İmalatı;+90 (322)394-3528;http://www.guventekstil.com.tr;guventekstil.com.tr;Acidereosb Mahallesi Sabanci Caddesi No: 3;https://adanaorganize.org.tr/firma/guven-tekstil-san-ve-tic-ltd-sti/
HALK HİJYENİK ÜRÜNLER DET.SAN.VE TİC.A.Ş.;Kağıt ve Kağıt Ürünlerinin İmalatı;+90 (322)394-4980;http://www.halkhijyenik.com.tr;halkhijyenik.com.tr;Acidereosb Mahallesi Baklali Caddesi No: 19;https://adanaorganize.org.tr/firma/halk-hijyenik-urunler-det-san-ve-tic-a-s/
HAS TÜTÜNCÜLÜK VE MAKARON SAN.TİC.LTD.ŞTİ.;Tütün Ürünleri İmalatı;+90 (322)394-4728;http://www.hastobacco.com;hastobacco.com;Acidereosb Mahallesi Cumhuriyet Bulvari No: 22;https://adanaorganize.org.tr/firma/has-tutunculuk-ve-makaron-san-tic-ltd-sti/
Hassan Gıda Mühendislik İth. İhr. San. ve Tic. A. Ş.;İçeceklerin İmalatı;+90(342)238-2407;;;Acıdereosb Mahallesi Toroslar Caddesi No: 24 Adana Sarıçam;https://adanaorganize.org.tr/firma/hassan-gida-muhendislik-ith-ihr-san-ve-tic-a-s/
HEKTAŞ TİCARET TÜRK ANONİM ŞİRKETİ;Diğer Metalik Olmayan Mineral Ürünlerin İmalatı;+90 (322)394-3315;http://www.hektas.com.tr;hektas.com.tr;Acidereosb Mahallesi 5 Ocak Caddesi No: 6;https://adanaorganize.org.tr/firma/hektas-ticaret-turk-anonim-sirketi/
HİLAL DOK.TEKS.APRE BOYA SAN.VE TİC. A.Ş.;Tekstil Ürünlerinin İmalatı;+90 (322)394-4094;;;Acidereosb Mahallesi Atatürk Bulvari No: 57;https://adanaorganize.org.tr/firma/hilal-dok-teks-apre-boya-san-ve-tic-a-s/
HİSAR YAPI MALZ.SAN.VE TİC.LTD.ŞTİ.;Mobilya İmalatı;+90 (322)394-4046;http://www.hisaryapi.com;hisaryapi.com;Acidereosb Mahallesi Vatan Caddesi No: 7;https://adanaorganize.org.tr/firma/hisar-yapi-malz-san-ve-tic-ltd-sti/
HRT ULUSLARARASI İTH. İHR. İNŞ. TAR. HAYV. GIDA SAN. VE TİC. A.Ş.;Gıda Ürünleri İmalatı;;http://www.hrtfood.com;hrtfood.com;Acidereosb Mahallesi Baklali Caddesi No: 20;https://adanaorganize.org.tr/firma/hrt-uluslararasi-ith-ihr-ins-tar-hayv-gida-san-ve-tic-a-s/
HÜSEYİN KAYA TEKSTİL GIDA İNŞ.SAN.VE TİC.LTD.ŞTİ.;Tekstil Ürünlerinin İmalatı;+90 (322)394-4421;;;Acidereosb Mahallesi Ordu Caddesi No: 6;https://adanaorganize.org.tr/firma/huseyin-kaya-tekstil-gida-ins-san-ve-tic-ltd-sti/
Ids Enerji Mühendislik Danışmanlık Proje Yatırım Taah. San. ve Tic. Ltd. Şti.;Elektrikli Teçhizat İmalatı;+90(322)503-0222;https://idsenerji.com;idsenerji.com;Acıdereosb Mahallesi Şehit Ömer Halisdemir No:38 Adana Sarıçam;https://adanaorganize.org.tr/firma/ids-enerji-muhendislik-danismanlik-proje-yatirim-taah-san-ve-tic-ltd-sti/
IMGI İNTERNATIONAL MARBLE GRA. İND. SAN. TİC. LTD. ŞTİ.;Diğer İmalatlar;+90 (322)394-4620;http://www.imgimermer.com;imgimermer.com;Acidereosb Mahallesi D-400 Karayolu Üzeri No: 37;https://adanaorganize.org.tr/firma/imgi-international-marble-gra-ind-san-tic-ltd-sti/
ISLAND DENIM TEKSTİL A. Ş.;Tekstil Ürünlerinin İmalatı;+90 (322)394-3969;http://www.island-denim.com;island-denim.com;Acidereosb Mahallesi Çukurova Caddesi No: 18;https://adanaorganize.org.tr/firma/island-denim-tekstil-a-s/
İLHAN PLASTİK SAN.VE TİC.LTD.ŞTİ.;Kauçuk ve Plastik Ürünlerin İmalatı;+90 (322)394-3990;http://www.ilhanplastik.com.tr;ilhanplastik.com.tr;Acidereosb Mahallesi Ordu Caddesi No: 5;https://adanaorganize.org.tr/firma/ilhan-plastik-san-ve-tic-ltd-sti/
İLSAN TEKSTİL SAN. VE TİC. A. Ş.;Tekstil Ürünlerinin İmalatı;+90 (324)651-4421;https://www.ilsantex.com;ilsantex.com;Acidereosb Mahallesi Çanakkale Caddesi No: 14;https://adanaorganize.org.tr/firma/ilsan-tekstil-san-ve-tic-a-s/
İMKO BETON ANONİM ŞİRKETİ;Diğer Metalik Olmayan Mineral Ürünlerin İmalatı;+90 (322)394-3002;http://www.imkobeton.com;imkobeton.com;Acidereosb Mahallesi Atatürk Bulvari No: 33;https://adanaorganize.org.tr/firma/imko-beton-anonim-sirketi/
İNDİGO TÜNEL TEKSTİL SAN. TİC. A. Ş.;Tekstil Ürünlerinin İmalatı;;http://www.indigotunel.com;indigotunel.com;Acidereosb Mahallesi Ceyhan Caddesi No: 9;https://adanaorganize.org.tr/firma/indigo-tunel-tekstil-san-tic-a-s/
İNPA RAF SİSTEMLERİ SAN. VE TİC. LTD. ŞTİ.;Fabrikasyon Metal Ürünleri İmalatı;+90 (322)351-7143;http://www.inparaf.com;inparaf.com;Kuruköprü Mahallesi Bakimyurdu Caddesi No: 15;https://adanaorganize.org.tr/firma/inpa-raf-sistemleri-san-ve-tic-ltd-sti/
İntegral İnşaat Tes. ve San. Ltd. Şti.;Elektrikli Teçhizat İmalatı;+90(322)352-0893;https://www.integralmgs.com/;integralmgs.com;Yenidoğan Mahallesi Demirciler Sitesi 2104 Sokak No: 22 Adana Yüreğir;https://adanaorganize.org.tr/firma/integral-insaat-tes-ve-san-ltd-sti/
İNTERGLASS OTO CAM OTOM.SAN.LTD.ŞTİ.;Diğer Metalik Olmayan Mineral Ürünlerin İmalatı;+90 (322)394-3728;http://www.interglass.com.tr;interglass.com.tr;Acidereosb Mahallesi Magarsus Caddesi No: 2;https://adanaorganize.org.tr/firma/interglass-oto-cam-otom-san-ltd-sti/
KAAN CIVATA TEKNİK HIRDAVAT İTH. İHR. SAN. VE TİC. LTD. ŞTİ.;Diğer İmalatlar;+90 532 559 2280;https://kaanhirdavat.com/;kaanhirdavat.com;Acıdereosb Mahallesi Turgut Özal Bulvarı No: 6 Z-11 Sarıçam / Adana;https://adanaorganize.org.tr/firma/kaan-civata-teknik-hirdavat-ith-ihr-san-ve-tic-ltd-sti/
Kadıteks Tekstil San. ve Tic. A. Ş.;Tekstil Ürünlerinin İmalatı;+90(322)394-3334;https://kaditeks.com.tr/;kaditeks.com.tr;Acıdereosb Mahallesi Karacaoğlan Caddesi No: 6 Adana Sarıçam;https://adanaorganize.org.tr/firma/kaditeks-tekstil-san-ve-tic-a-s/
KAHYALAR TEKSTİL TİC. VE PAZ.LTD.ŞTİ.;Mobilya İmalatı;+90 (322)550-5555;http://www.lesahome.com.tr;lesahome.com.tr;Acidereosb Mahallesi Celal Bayar Bulvari No: 42;https://adanaorganize.org.tr/firma/kahyalar-tekstil-tic-ve-paz-ltd-sti/
KAMAS GALVANİZ KAPLAMA SAN.VE TİC. LTD.ŞTİ.;Fabrikasyon Metal Ürünleri İmalatı;+90 (322)394-4015;http://www.kamasgalvaniz.com.tr;kamasgalvaniz.com.tr;Acidereosb Mahallesi Ordu Caddesi No: 8;https://adanaorganize.org.tr/firma/kamas-galvaniz-kaplama-san-ve-tic-ltd-sti/
KARINCA TEKSTİL SANAYİ VE DIŞ TİCARET LİMİTED ŞİRKETİ;Tekstil Ürünlerinin İmalatı;+90 (212)231-2003;http://www.karincatekstil.com;karincatekstil.com;Acidereosb Mahallesi Vatan Caddesi No: 9;https://adanaorganize.org.tr/firma/karinca-tekstil-sanayi-ve-dis-ticaret-limited-sirketi/
KARİA KOMPOZİT TAŞ SAN. VE TİC. LTD. ŞTİ.;Diğer Metalik Olmayan Mineral Ürünlerin İmalatı;+90 322 394 3046;;;Acıdereosb Mahallesi Abdullah Gül Bulvarı No: 26  Sarıçam / Adana;https://adanaorganize.org.tr/firma/karia-kompozit-tas-san-ve-tic-ltd-sti/
Karmis Tekstil San. ve Tic. A. Ş.;Tekstil Ürünlerinin İmalatı;+90(322)394-4597;https://karmistekstil.com.tr/;karmistekstil.com.tr;Acıdereosb Mahallesi Atatürk Bulvarı No: 3 Adana Sarıçam;https://adanaorganize.org.tr/firma/karmis-tekstil-san-ve-tic-a-s/
KARSU AMBALAJ PLASTİK VE TEKSTİL A. Ş.;Kauçuk ve Plastik Ürünlerin İmalatı;+90 322 394 3745;https://www.ursa.com.tr/;ursa.com.tr;Acıdereosb Mahallesi Sabancı Caddesi No: 6  Sarıçam / Adana;https://adanaorganize.org.tr/firma/karsu-ambalaj-plastik-ve-tekstil-a-s/
KARTEKS TEKSTİL SAN.VE TİC.A.Ş.;Tekstil Ürünlerinin İmalatı;+90 (322)394-4597;https://karteks.com.tr/;karteks.com.tr;Acidereosb Mahallesi Atatürk Bulvari No: 3;https://adanaorganize.org.tr/firma/karteks-tekstil-san-ve-tic-a-s/
KASTAMONU ENTEGRE AĞAÇ SAN.VE TİC.A.Ş.;Ağaç, Ağaç Ürünleri ve Mantar Ürünleri İmalatı;+90 (322)394-5308;http://www.keas.com.tr;keas.com.tr;Acidereosb Mahallesi Celal Bayar Bulvari No: 21;https://adanaorganize.org.tr/firma/kastamonu-entegre-agac-san-ve-tic-a-s/
Kayalar Tekstil Konfeksiyon Plastik Amb. İthalat İhracat San. ve Tic. Ltd. Şti.;Tekstil Ürünlerinin İmalatı;+90(322)346-8030;https://bigazzi.com.tr/;bigazzi.com.tr;Acıdereosb Mahallesi Vatan Caddesi 8 Adana Sarıçam;https://adanaorganize.org.tr/firma/kayalar-tekstil-konfeksiyon-plastik-amb-ithalat-ihracat-san-ve-tic-ltd-sti/
KESKİN KURUMSAL PLASTİK SAN. VE TİC. LTD. ŞTİ.;Kauçuk ve Plastik Ürünlerin İmalatı;+90 (322)394-4542;https://www.keskinkurumsal.com/;keskinkurumsal.com;Acidereosb Mahallesi Cumhuriyet Bulvari No: 20;https://adanaorganize.org.tr/firma/keskin-kurumsal-plastik-san-ve-tic-ltd-sti/
KIRMIZIDAM GIDA ORG.TARIM VE TURZ.TİC.LTD.ŞTİ.;Gıda Ürünleri İmalatı;+90 (322)394-3939;http://www.kirmizidam.com.tr;kirmizidam.com.tr;Acidereosb Mahallesi Yunus Emre Caddesi No: 6;https://adanaorganize.org.tr/firma/kirmizidam-gida-org-tarim-ve-turz-tic-ltd-sti/
Kızılay Doğal Gıda Üretim Anonim Şirketi;İçeceklerin İmalatı;;https://www.kizilay.org.tr/;kizilay.org.tr;Acıdereosb Mahallesi Sabancı Caddesi No: 1 Adana Sarıçam;https://adanaorganize.org.tr/firma/kizilay-dogal-gida-uretim-anonim-sirketi/
KİLİKYA ŞALGAM İÇECEK SAN.VE TİC. A.Ş.;İçeceklerin İmalatı;+90 (322)550-5050;https://kilikya.com.tr/;kilikya.com.tr;Acidereosb Mahallesi Suluca Caddesi No: 2;https://adanaorganize.org.tr/firma/kilikya-salgam-icecek-san-ve-tic-a-s/
KİMSOY BOYA SAN.VE TİC.A.Ş.;Kimyasalların ve Kimyasal Ürünlerin İmalatı;+90 (322)394-3885;https://www.kimsoy.com/;kimsoy.com;Acidereosb Mahallesi Vatan Caddesi No: 11;https://adanaorganize.org.tr/firma/kimsoy-boya-san-ve-tic-a-s/
Kimteks İplik Enerji San. ve Tic. A.Ş.;Tekstil Ürünlerinin İmalatı;+90(322)394-3049;https://kimtex.com/;kimtex.com;Acıdereosb Mahallesi Turgut Özal Bulvarı No: 3 Adana Sarıçam;https://adanaorganize.org.tr/firma/kimteks-iplik-enerji-san-ve-tic-a-s/
KİMTEKS TEKSTİL İNŞ.TİC. VE SAN. A.Ş.;Tekstil Ürünlerinin İmalatı;+90 (322)394-3049;http://www.kimtex.com;kimtex.com;Acidereosb Mahallesi Turgut Özal Bulvari No: 3;https://adanaorganize.org.tr/firma/kimteks-tekstil-ins-tic-ve-san-a-s/
KOLİSAN OLUKLU MUKAVVA KUTU VE AMB.SAN.LTD.ŞTİ.;Kağıt ve Kağıt Ürünlerinin İmalatı;+90 (322)394-5152;http://www.kolisan.com.tr;kolisan.com.tr;Acidereosb Mahallesi Inönü Bulvari No: 10;https://adanaorganize.org.tr/firma/kolisan-oluklu-mukavva-kutu-ve-amb-san-ltd-sti/
KONEKS BOYA VE KİMYA MAD.MADENİ YAĞ İNŞ.PLS.TURZ.SEY.SAN.TİC.LTD.ŞTİ.;Kimyasalların ve Kimyasal Ürünlerin İmalatı;+90 (322)444-2058;http://www.koneksboya.com;koneksboya.com;Acidereosb Mahallesi 5 Ocak Caddesi No: 8;https://adanaorganize.org.tr/firma/koneks-boya-ve-kimya-mad-madeni-yag-ins-pls-turz-sey-san-tic-ltd-sti/
KONİL HALI İÇ VE DIŞ TİCARET LİMİTED ŞİRKETİ;Kağıt ve Kağıt Ürünlerinin İmalatı;+90 (324)337-4630;http://www.konilhali.com;konilhali.com;Acidereosb Mahallesi Anafartalar Caddesi No: 15;https://adanaorganize.org.tr/firma/konil-hali-ic-ve-dis-ticaret-limited-sirketi/
KORAY KİMYA SAN. VE TİC. A. Ş;Kimyasalların ve Kimyasal Ürünlerin İmalatı;+90 (288)443-9390;http://www.koraykimya.com;koraykimya.com;Acidereosb Mahallesi Turgut Özal Bulvari No: 14;https://adanaorganize.org.tr/firma/koray-kimya-san-ve-tic-a-s/
KOTON İNŞAAT TURİZM MENSUCAT SAN. VE TİC. LTD. ŞTİ.;Tekstil Ürünlerinin İmalatı;+90 (322)503-8000;;;Acidereosb Mahallesi Cumhuriyet Bulvari No: 11;https://adanaorganize.org.tr/firma/koton-insaat-turizm-mensucat-san-ve-tic-ltd-sti/
KULA YAĞ VE EMEK YEM SANAYİ TİCARET A.Ş.;Gıda Ürünleri İmalatı;+90 (266) 249-6800;https://www.kulayag.com.tr/;kulayag.com.tr;Acidereosb Mahallesi Abdullah Gül Bulvari No: 24;https://adanaorganize.org.tr/firma/kula-yag-ve-emek-yem-sanayi-ticaret-a-s/
KUMSAN SAN. KUMLARI ÜRT. TİC. LTD. ŞTİ.;Diğer Metalik Olmayan Mineral Ürünlerin İmalatı;;;;Acidereosb Mahallesi Toros Caddesi No: 18;https://adanaorganize.org.tr/firma/kumsan-san-kumlari-urt-tic-ltd-sti/
Kurmeller Madencilik San. ve Tic. A.Ş.;Diğer İmalatlar;;;;Döşeme Mahallesi 60075 Sokak No: 2 Kat:3 Adana Seyhan;https://adanaorganize.org.tr/firma/kurmeller-madencilik-san-ve-tic-a-s/
Kyb Kimyasal Tekstil Plastik San. ve Tic. A. Ş.;Kimyasalların ve Kimyasal Ürünlerin İmalatı;+90(322)394-3838;https://bigazzi.com.tr/;bigazzi.com.tr;Acıdereosb Mahallesi Süleyman Demirel Bulvarı No: 6 Adana Sarıçam;https://adanaorganize.org.tr/firma/kyb-kimyasal-tekstil-plastik-san-ve-tic-a-s/
KYK YAPI KİMYASALLARI SAN. VE TİC.A.Ş.;Diğer Metalik Olmayan Mineral Ürünlerin İmalatı;+90 (322)394-5242;http://www.kyk.com.tr;kyk.com.tr;Acidereosb Mahallesi Zübeyde Hanim Caddesi No: 7;https://adanaorganize.org.tr/firma/kyk-yapi-kimyasallari-san-ve-tic-a-s/
LARA CAM VE PVC ALM.PRO.İTH.İHR.İML.SAN.TİC.LTD.ŞTİ.;Fabrikasyon Metal Ürünleri İmalatı;+90 (322)394-4960;http://www.larasolar.com;larasolar.com;Acidereosb Mahallesi Ceyhan Caddesi No: 6;https://adanaorganize.org.tr/firma/lara-cam-ve-pvc-alm-pro-ith-ihr-iml-san-tic-ltd-sti/
Lider Solar Tekstil Enerji San. ve Tic. A. Ş.;Elektrikli Teçhizat İmalatı;+90(322)454-0310;https://www.lidersolarenerji.com/;lidersolarenerji.com;Acıdereosb Mahallesi İnönü Bulvarı 11 Adana Sarıçam;https://adanaorganize.org.tr/firma/lider-solar-tekstil-enerji-san-ve-tic-a-s/
Limkon Gıda San.Ve Tic.A.Ş.;İçeceklerin İmalatı;+90(322)394-4777;https://limkon.com/;limkon.com;Acıdereosb Mahallesi D-400 Karayolu 39 Adana Sarıçam;https://adanaorganize.org.tr/firma/limkon-gida-san-ve-tic-a-s-2/
LİNK PANO İMALAT MÜHENDİSLİK SAN. VE TİC. LTD. ŞTİ.;Elektrikli Teçhizat İmalatı;+90 535 454 57 05;https://www.linkpano.com.tr/;linkpano.com.tr;Acıdereosb Mahallesi Baklalı Caddesi 17  Sarıçam / Adana;https://adanaorganize.org.tr/firma/link-pano-imalat-muhendislik-san-ve-tic-ltd-sti/
MAGMETT DIŞ TİC. A. Ş.;Fabrikasyon Metal Ürünleri İmalatı;0212 246 93 37;https://www.magmett.com;magmett.com;Acıdereosb Mahallesi Cumhuriyet Bulvarı 13 Adana Sarıçam;https://adanaorganize.org.tr/firma/magmett-dis-tic-a-s/
MAKİNSAN TREYLER SAN. VE TİC. A. Ş.;Motorlu Kara Taşıtı, Treyler (Römork) ve Yarı Treylerin İmalatı;+90 (322)394-3958;http://www.makinsantrailer.com.tr;makinsantrailer.com.tr;Acidereosb Mahallesi Istiklal Caddesi No: 17;https://adanaorganize.org.tr/firma/makinsan-treyler-san-ve-tic-a-s/
MAKSER PVC MAKİNA SAN. VE TİC. LTD. ŞTİ.;Başka Yerde Sınıflandırılmamış Makina ve Ekipman İmalatı;+90 (322)346-4319;http://www.makserpress.com.tr;makserpress.com.tr;Acidereosb Mahallesi Menekşe Sokak No: 20;https://adanaorganize.org.tr/firma/makser-pvc-makina-san-ve-tic-ltd-sti/
MARDAĞ GROUP TOBACCO TÜTÜN SAN. VE TİC. LTD. ŞTİ.;Tütün Ürünleri İmalatı;+90 (322)502-6363;;;Acidereosb Mahallesi Gürgen Sokak No: 1;https://adanaorganize.org.tr/firma/mardag-group-tobacco-tutun-san-ve-tic-ltd-sti/
Marlateks Teknoloji Teks. Mak. ve Kim. San. Tic. A. Ş.;Diğer İmalatlar;+90(212)549-0892;http://marlateks.com/;marlateks.com;Acıdereosb Mahallesi 19 Mayıs Caddesi 6 Adana Sarıçam;https://adanaorganize.org.tr/firma/marlateks-teknoloji-teks-mak-ve-kim-san-tic-a-s/
Mavi Granül Plastik ve Geri Dönüşüm Sanayi Ticaret Limited Şirketi;Kauçuk ve Plastik Ürünlerin İmalatı;+90(322)502-7417;https://kolisan.com.tr/;kolisan.com.tr;Acıdereosb Mahallesi İnönü Bulvarı 9 Adana Sarıçam;https://adanaorganize.org.tr/firma/mavi-granul-plastik-ve-geri-donusum-sanayi-ticaret-limited-sirketi/
MAVLAY İNŞAAT MOB.DEK.İTH.İHR.SAN.VE TİC.LTD.ŞTİ.;Fabrikasyon Metal Ürünleri İmalatı;+90 (322)394-3297;http://www.mekaline.com.tr;mekaline.com.tr;Acidereosb Mahallesi Atatürk Bulvari No: 41;https://adanaorganize.org.tr/firma/mavlay-insaat-mob-dek-ith-ihr-san-ve-tic-ltd-sti/
MAY-AGRO SAN.VE TİC.A.Ş.;Diğer Metalik Olmayan Mineral Ürünlerin İmalatı;+90 (322)394-4145;http://www.may.com.tr;may.com.tr;Acidereosb Mahallesi Atatürk Bulvari No: 23;https://adanaorganize.org.tr/firma/may-agro-san-ve-tic-a-s/
MAZLUM MANGTAY ÇELİK BORU SANAYİ VE TİCARET A.Ş.;Fabrikasyon Metal Ürünleri İmalatı;+90 (322)346-0074;http://www.mazlumboru.com.tr;mazlumboru.com.tr;Acidereosb Mahallesi Istiklal Caddesi No: 10;https://adanaorganize.org.tr/firma/mazlum-mangtay-celik-boru-sanayi-ve-ticaret-a-s/
MEDENİ BASKÜL SAN. VE TİC.LTD.ŞTİ.;Bilgisayarların, Elektronik ve Optik Ürünlerin İmalatı;+90 (322)441-0321;http://www.medenibaskul.com.tr;medenibaskul.com.tr;Acidereosb Mahallesi Kenan Evren Bulvari No: 8;https://adanaorganize.org.tr/firma/medeni-baskul-san-ve-tic-ltd-sti/
MEKANİK EMLAK ORGANİZASYON İNŞ. İLKİM. SİS. DOĞALGAZ MÜH. SAN. VE TİC. LTD. ŞTİ.;Kauçuk ve Plastik Ürünlerin İmalatı;+90 (507)753-7375;http://mekatrade.net/;mekatrade.net;Acidereosb Mahallesi Çanakkale Caddesi No: 9;https://adanaorganize.org.tr/firma/mekanik-emlak-organizasyon-ins-ilkim-sis-dogalgaz-muh-san-ve-tic-ltd-sti/
MELTEM KİMYA VE TEKS.SAN.İTH.İHR. VE TİC.A.Ş. ORGANİZE SANAYİ PET POLYESTER TESİSLERİ ŞUBESİ;Kimyasalların ve Kimyasal Ürünlerin İmalatı;+90 (322)394-5220;http://www.meltemkimya.com.tr;meltemkimya.com.tr;Acidereosb Mahallesi Istiklal Caddesi No: 11;https://adanaorganize.org.tr/firma/meltem-kimya-ve-teks-san-ith-ihr-ve-tic-a-s-organize-sanayi-pet-polyester-tesisleri-subesi/
Mes Ambalaj Sanayi ve Ticaret Limited Şirketi;Fabrikasyon Metal Ürünleri İmalatı;;;;Acıdereosb Mahallesi Başak Caddesi 2 Adana Sarıçam;https://adanaorganize.org.tr/firma/mes-ambalaj-sanayi-ve-ticaret-limited-sirketi/
METALART ÇELİK ENDÜSTRİ MAK. İML. MONT. İNŞ. SAN. VE TİC. A. Ş.;Fabrikasyon Metal Ürünleri İmalatı;+90 546 126 5020;https://www.metalartendustri.com.tr/;metalartendustri.com.tr;Acıdereosb Mahallesi 23 Nisan Caddesi 4  Sarıçam / Adana;https://adanaorganize.org.tr/firma/metalart-celik-endustri-mak-iml-mont-ins-san-ve-tic-a-s/
METEKS MODA DOKUMA KUM.SAN.VE TİC.LTD.ŞTİ.;Tekstil Ürünlerinin İmalatı;+90 (322)394-3616;http://www.meteksmoda.com;meteksmoda.com;Acidereosb Mahallesi 30 Ağustos Caddesi No: 4;https://adanaorganize.org.tr/firma/meteks-moda-dokuma-kum-san-ve-tic-ltd-sti/
METRO TOPLU YEMEK HİZMETLERİ TİC.LTD.ŞTİ.;Gıda Ürünleri İmalatı;+90 (322)394-4349;http://www.metroyemek.com;metroyemek.com;Acidereosb Mahallesi Ordu Caddesi No: 2;https://adanaorganize.org.tr/firma/metro-toplu-yemek-hizmetleri-tic-ltd-sti/
MFC MAKİNA TEK.GIDA MOB.TAŞ.TEKS.İNŞ.SAN.DIŞ TİC.LTD.ŞTİ.;Elektrikli Teçhizat İmalatı;+90 (322)394-3453;;;Acidereosb Mahallesi Ankara Caddesi No: 4;https://adanaorganize.org.tr/firma/mfc-makina-tek-gida-mob-tas-teks-ins-san-dis-tic-ltd-sti/
MİGROS TİC. A.Ş.;Diğer İmalatlar;+90 (850)310-1440;http://www.migros.com.tr;migros.com.tr;Acidereosb Mahallesi Celal Bayar Bulvari No: 6;https://adanaorganize.org.tr/firma/migros-tic-a-s/
MONDİ TURKEY OLUKLU MUKAVVA KAĞIT VE AMBALAJ SANAYİ ANONİM ŞİRKETİ;Ağaç, Ağaç Ürünleri ve Mantar Ürünleri İmalatı, Kağıt ve Kağıt Ürünlerinin İmalatı;+90 (322)394-3364;https://www.mondigroup.com.tr/;mondigroup.com.tr;Acidereosb Mahallesi Turgut Özal Bulvari No: 12;https://adanaorganize.org.tr/firma/mondi-olmuksan-kagit-ve-ambalaj-sanayi-anonim-sirketi/
MOYA GIDA ŞEKERLEME SAN.VE TİC.LTD.ŞTİ.;Gıda Ürünleri İmalatı;+90 (322)394-4474;;;Acidereosb Mahallesi Inönü Bulvari No: 11;https://adanaorganize.org.tr/firma/moya-gida-sekerleme-san-ve-tic-ltd-sti/
MS TÜTÜN VE TÜTÜN MAMULLERİ SİGARA KAĞ. MAKARON SAN. TİC. LTD. ŞTİ.;Tütün Ürünleri İmalatı;+90 (322)520-2000;http://www.papertobacco.com;papertobacco.com;Acidereosb Mahallesi Abdullah Gül Bulvari No:19;https://adanaorganize.org.tr/firma/ms-tutun-ve-tutun-mamulleri-sigara-kag-makaron-san-tic-ltd-sti/
MURAT METAL BORU PRO.DEM.İNŞ.TİC.VE SAN.LTD.ŞTİ.;Fabrikasyon Metal Ürünleri İmalatı;+90 (322)394-5090;http://www.murmet.com;murmet.com;Acidereosb Mahallesi Seyhan Caddesi No: 8;https://adanaorganize.org.tr/firma/murat-metal-boru-pro-dem-ins-tic-ve-san-ltd-sti/
MUSTAFA ATASEVER;Diğer İmalatlar;+90 (322)394-5138;;;Acidereosb Mahallesi Süleyman Demirel Bulvari No: 38;https://adanaorganize.org.tr/firma/mustafa-atasever/
Nanchang Dongjin New Enerji Teknoloji San. Tic. Ltd. Şti.;Elektrikli Teçhizat İmalatı;;;;Acıdereosb Mahallesi Çanakkale Caddesi 14 Adana Sarıçam;https://adanaorganize.org.tr/firma/nanchang-dongjin-new-enerji-teknoloji-san-tic-ltd-sti/
Narlıca Gıda Sanayi ve Ticaret Anonim Şirketi;Gıda Ürünleri İmalatı;+90(322)503-0986;;;Acıdereosb Mahallesi Yaşar Doğu Caddesi 17 Adana Sarıçam;https://adanaorganize.org.tr/firma/narlica-gida-sanayi-ve-ticaret-anonim-sirketi/
Nazik İnşaat Madencilik ve Mermercilik San. ve Dış Tic. Ltd. Şti.;Diğer İmalatlar;+90(322)394-4122;;;Acıdereosb Mahallesi Mevlana Caddesi No: 3 Adana Sarıçam;https://adanaorganize.org.tr/firma/nazik-insaat-madencilik-ve-mermercilik-san-ve-dis-tic-ltd-sti/
NAZİK MERMER GRANİT MAD.SAN.VE DIŞ TİC. LTD.ŞTİ.;Diğer Metalik Olmayan Mineral Ürünlerin İmalatı;+90 (322)394-4122;;;Acidereosb Mahallesi Mevlana Caddesi No: 3;https://adanaorganize.org.tr/firma/nazik-mermer-granit-mad-san-ve-dis-tic-ltd-sti/
NERGİZ TOPRAK MAHSULLERİ SAN.VE TİC.LTD.ŞTİ.;Gıda Ürünleri İmalatı;+90 (322)394-4154;http://www.nergiztarim.com.tr;nergiztarim.com.tr;Acidereosb Mahallesi Baklali Caddesi No: 25;https://adanaorganize.org.tr/firma/nergiz-toprak-mahsulleri-san-ve-tic-ltd-sti/
NETAFIM SULAMA SİSTEMLERİ TİC.LTD.ŞTİ.;Kauçuk ve Plastik Ürünlerin İmalatı;+90 (322)394-4414;http://www.netafim.com.tr;netafim.com.tr;Acidereosb Mahallesi Oğuz Kağan Köksal Caddesi No: 6;https://adanaorganize.org.tr/firma/netafim-sulama-sistemleri-tic-ltd-sti/
NORM MÜH.MAK.SAN.TAAH.VE TİC.LTD.ŞTİ.;Başka Yerde Sınıflandırılmamış Makina ve Ekipman İmalatı;+90 (322)394-3831;http://www.normmuhendislik.com;normmuhendislik.com;Acidereosb Mahallesi Seyhan Caddesi No: 12;https://adanaorganize.org.tr/firma/norm-muh-mak-san-taah-ve-tic-ltd-sti/
NOVAN TEKSTİL SAN. TİC. LTD. ŞTİ.;Tekstil Ürünlerinin İmalatı;+90 506 505 3497;;;AcIdereosb Mahallesi Mehmet Akif Ersoy Bulvarı No: 7  Sarıçam / Adana;https://adanaorganize.org.tr/firma/novan-tekstil-san-tic-ltd-sti/
Noyaner Motorlu Araçlar Endüstriyel Ürünler San. ve Tic. Ltd. Şti.;Fabrikasyon Metal Ürünleri İmalatı;0322 370 09 09;https://noyaner.hyundaiplaza.com.tr/;noyaner.hyundaiplaza.com.tr;Levent Mahallesi Girne Bulvarı No: 264 Adana Yüreğir;https://adanaorganize.org.tr/firma/noyaner-motorlu-araclar-endustriyel-urunler-san-ve-tic-ltd-sti/
NT KOÇAK METAL SAN. TAR. GIDA İNŞ. NAK. TEKS. SAN. VE TİC. LTD. ŞTİ.;Fabrikasyon Metal Ürünleri İmalatı;+90 (850)477-2015;http://www.kocaktelorgu.com.tr;kocaktelorgu.com.tr;Acidereosb Mahallesi Ceyhan Caddesi No: 2;https://adanaorganize.org.tr/firma/nt-kocak-metal-san-tar-gida-ins-nak-teks-san-ve-tic-ltd-sti/
NUR İLAÇ VE İLAÇLAMA MAK.PAZ.VE SER.HİZ.LTD.ŞTİ.;Kimyasalların ve Kimyasal Ürünlerin İmalatı;+90 (322)394-3391;http://www.nurilac.com.tr;nurilac.com.tr;Acidereosb Mahallesi Süleyman Demirel Bulvari No: 32;https://adanaorganize.org.tr/firma/nur-ilac-ve-ilaclama-mak-paz-ve-ser-hiz-ltd-sti/
NUR-İŞ PVC KERESTE İNŞ.TAAH.YAPI ELEMANLARI PAZ.SAN.VE TİC.LTD.ŞTİ.;Kauçuk ve Plastik Ürünlerin İmalatı;+90 (322)234-4080;http://www.nur-is.com.tr;nur-is.com.tr;Acidereosb Mahallesi Sedef Caddesi No: 9;https://adanaorganize.org.tr/firma/nur-is-pvc-kereste-ins-taah-yapi-elemanlari-paz-san-ve-tic-ltd-sti/
Nurpelet Gıda ve Enerji Sanayi Ticaret Limited Şirketi;Ağaç, Ağaç Ürünleri ve Mantar Ürünleri İmalatı;+90(322)346-6116;https://emremakinasan.com.tr;emremakinasan.com.tr;Acıdereosb Mahallesi Dökümcüler Caddesi No: 7 Adana Sarıçam;https://adanaorganize.org.tr/firma/nurpelet-gida-ve-enerji-sanayi-ticaret-limited-sirketi/
ODİON METAL SANAYİ LİMİTED ŞİRKETİ;Motorlu Kara Taşıtı, Treyler (Römork) ve Yarı Treylerin İmalatı;0322 294 5001;;;Acıdere OSB, Çanakkale caddesi No:8, 01350 Sarıçam Adana;https://adanaorganize.org.tr/firma/odion-metal-sanayi-limited-sirketi/
OFİS YEM GIDA SANAYİ TİCARET ANONİM ŞİRKETİ;Diğer Metalik Olmayan Mineral Ürünlerin İmalatı, Gıda Ürünleri İmalatı;+90 (312)837-0622;https://www.ofisyem.com.tr;ofisyem.com.tr;Acidereosb Mahallesi 30 Ağustos Caddesi No: 3;https://adanaorganize.org.tr/firma/ofis-yem-gida-sanayi-ticaret-anonim-sirketi/
OĞUZ GIDA SAN.VE TİC.A.Ş.;İçeceklerin İmalatı;+90 (322)394-3692;http://www.oguzgida.com.tr;oguzgida.com.tr;Acidereosb Mahallesi Turgut Özal Bulvari No: 31;https://adanaorganize.org.tr/firma/oguz-gida-san-ve-tic-a-s/
OĞUZ TEKSTİL SAN.VE TİC. A.Ş.;Tekstil Ürünlerinin İmalatı;+90 (322)394-4053;http://www.oguztekstil.com.tr;oguztekstil.com.tr;Acidereosb Mahallesi Vatan Caddesi No: 4;https://adanaorganize.org.tr/firma/oguz-tekstil-san-ve-tic-a-s/
OLGÜN EMLAK TEKSTİL TAŞ. GIDA İNŞ. TAAH. SAN. VE TİC. LTD. ŞTİ.;Tekstil Ürünlerinin İmalatı;;;;Acıdereosb Mahallesi Magarsuz Caddesi No: 6  Sarıçam / Adana;https://adanaorganize.org.tr/firma/olgun-emlak-tekstil-tas-gida-ins-taah-san-ve-tic-ltd-sti/
OMNİA NİŞASTA SAN. VE TİC. A.Ş.;Gıda Ürünleri İmalatı, Kimyasalların ve Kimyasal Ürünlerin İmalatı;+90 (322)394-5037;;;Acidereosb Mahallesi Yunus Emre Caddesi No: 8;https://adanaorganize.org.tr/firma/omnia-nisasta-san-ve-tic-a-s/
ONAY ÇELİK DÖKÜM;Fabrikasyon Metal Ürünleri İmalatı;+90 (322)502-2015;;;Acidereosb Mahallesi Menekşe Sokak No: 5;https://adanaorganize.org.tr/firma/onay-celik-dokum/
ORGANİVO VİA GÜBRE İMALAT İTH. İHR. SAN. VE TİC. LTD. ŞTİ.;Kimyasalların ve Kimyasal Ürünlerin İmalatı;;;;Acıdereosb Mahallesi Çanakkale Caddesi No: 10  Sarıçam / Adana;https://adanaorganize.org.tr/firma/organivo-via-gubre-imalat-ith-ihr-san-ve-tic-ltd-sti/
ORİS TARIM GÜBRE SANAYİ VE TİC.LTD.ŞTİ.;Kimyasalların ve Kimyasal Ürünlerin İmalatı;+90 (322)394-4999;http://www.oristarim.com;oristarim.com;Acidereosb Mahallesi Ismet Atli Caddesi No: 1;https://adanaorganize.org.tr/firma/oris-tarim-gubre-sanayi-ve-tic-ltd-sti/
Orn Tobacco Tütün ve Tütün Mam. San. ve Tic. Ltd. Şti.;Tütün Ürünleri İmalatı;;;;Acıdereosb Mahallesi Dökümcüler Caddesi 1 Adana Sarıçam;https://adanaorganize.org.tr/firma/orn-tobacco-tutun-ve-tutun-mam-san-ve-tic-ltd-sti/
ORTADOĞU ALÜMİNYUM SAN. VE TİC. A. Ş.;Fabrikasyon Metal Ürünleri İmalatı;+90 (322)394-3721;http://www.ortadogualuminyum.com.tr;ortadogualuminyum.com.tr;Acidereosb Mahallesi Ceyhan Caddesi No: 5;https://adanaorganize.org.tr/firma/ortadogu-aluminyum-san-ve-tic-a-s/
Ortadoğu Eps Ambalaj İnş. Plast. İth. İhr. San. ve Tic. Ltd. Şti.;Kauçuk ve Plastik Ürünlerin İmalatı;+90(322)503-5450;;;Acıdereosb Mahallesi Ordu Caddesi 15 Adana Sarıçam;https://adanaorganize.org.tr/firma/ortadogu-eps-ambalaj-ins-plast-ith-ihr-san-ve-tic-ltd-sti/
OTS ORGANİZE TEKSTİL SANAYİ VE TİCARET LİMİTED ŞİRKETİ;Tekstil Ürünlerinin İmalatı;0322 394 41 31;;;Acidereosb Mahallesi Vatan Caddesi No: 3;https://adanaorganize.org.tr/firma/ots-organize-tekstil-sanayi-ve-ticaret-limited-sirketi/
OVA TEKSTİL SAN.VE TİC.LTD.ŞTİ.;Tekstil Ürünlerinin İmalatı;+90 (322)394-4616;http://www.ovatekstil.com.tr;ovatekstil.com.tr;Acidereosb Mahallesi Toros Caddesi No: 4;https://adanaorganize.org.tr/firma/ova-tekstil-san-ve-tic-ltd-sti/
OYAK ÇİMENTO FABRİKALARI ANONİM ŞİRKETİ;Diğer Metalik Olmayan Mineral Ürünlerin İmalatı;+90 (322)394-3418;http://www.oyakbeton.com.tr;oyakbeton.com.tr;Acidereosb Mahallesi Çanakkale Caddesi No: 25;https://adanaorganize.org.tr/firma/oyak-cimento-fabrikalari-anonim-sirketi/
Öner Separator San. Tic. Ltd. Şti.;Başka Yerde Sınıflandırılmamış Makina ve Ekipman İmalatı;+90(322)394-4403;https://onerseparator.com;onerseparator.com;Acıdereosb Mahallesi Anafartalar Caddesi No: 17 Adana Sarıçam;https://adanaorganize.org.tr/firma/oner-separator-san-tic-ltd-sti-2/
ÖNER TARIM GIDA İTH. İHR. A. Ş.;Fabrikasyon Metal Ürünleri İmalatı;+90 (322)394-4403;https://www.onerseparator.com.tr/;onerseparator.com.tr;Acidereosb Mahallesi Cumhuriyet Bulvari No: 6;https://adanaorganize.org.tr/firma/oner-tarim-gida-ith-ihr-a-s/
ÖZ-KA TARIM ÜRÜNLERİ İTHALAT İHRACAT VE TİCARET LİMİTED ŞİRKETİ;Kauçuk ve Plastik Ürünlerin İmalatı;+90 532 253 0652;https://www.ozkatarim.com/;ozkatarim.com;Acıdereosb Mahallesi İsmet Atlı Caddesi No: 13  Sarıçam / Adana;https://adanaorganize.org.tr/firma/oz-ka-tarim-urunleri-ithalat-ihracat-ve-ticaret-limited-sirketi/
Öz-Ökmenler Orman Ürünleri-İnşaat- Ticaret ve Sanayi Limited Şirketi;Ağaç, Ağaç Ürünleri ve Mantar Ürünleri İmalatı;+90(322)346-2598;https://ozokmenler.com;ozokmenler.com;Levent Mahallesi 1831 Sokak No: 8/A Adana Yüreğir;https://adanaorganize.org.tr/firma/oz-okmenler-orman-urunleri-insaat-ticaret-ve-sanayi-limited-sirketi-2/
ÖZ-ÖKMENLER ORMAN ÜRÜNLERİ-İNŞAAT- TİCARET VE SANAYİ LİMİTED ŞİRKETİ;Ağaç, Ağaç Ürünleri ve Mantar Ürünleri İmalatı;+90 (322)346-2598;http://www.ozokmenler.com;ozokmenler.com;Levent Mahallesi 1831 Sokak No: 8/A;https://adanaorganize.org.tr/firma/oz-okmenler-orman-urunleri-insaat-ticaret-ve-sanayi-limited-sirketi/
ÖZERCİYES TARIM ÜRN.SAN.VE TİC.LTD.ŞTİ.;Gıda Ürünleri İmalatı;+90 (322)394-5230;http://www.ozerciyeskuruyemis.com;ozerciyeskuruyemis.com;Acidereosb Mahallesi 19 Mayis Caddesi No: 8;https://adanaorganize.org.tr/firma/ozerciyes-tarim-urn-san-ve-tic-ltd-sti/
Özka Granül Plastik Amb. San. Tic. Ltd. Şti.;Kauçuk ve Plastik Ürünlerin İmalatı;;;;Acıdereosb Mahallesi Dökümcüler Caddesi 11 Adana Sarıçam;https://adanaorganize.org.tr/firma/ozka-granul-plastik-amb-san-tic-ltd-sti/
ÖZKANLAR BASKÜL SAN.VE TİC.LTD.ŞTİ.;Bilgisayarların, Elektronik ve Optik Ürünlerin İmalatı;+90 (322)321-2622;http://www.ozkanlarbaskul.com.tr;ozkanlarbaskul.com.tr;Acidereosb Mahallesi Atatürk Bulvari No: 32;https://adanaorganize.org.tr/firma/ozkanlar-baskul-san-ve-tic-ltd-sti/
ÖZKOL ALÜMİNYUM MAK. PLAS. İTH. İHR. SAN. TİC. LTD. ŞTİ.;Kauçuk ve Plastik Ürünlerin İmalatı;+90 (322)290-3210;https://www.ozkol.com.tr/;ozkol.com.tr;Acidereosb Mahallesi Cumhuriyet Bulvari No: 13;https://adanaorganize.org.tr/firma/ozkol-aluminyum-mak-plas-ith-ihr-san-tic-ltd-sti/
ÖZLER TARIM ÜRÜNLERİ ÜRETİM PAZARLAMA SANAYİ VE TİCARET ANONİM ŞİRKETİ;Gıda Ürünleri İmalatı;+90 (322)454-5143;http://www.ozlertarim.com.tr;ozlertarim.com.tr;Acidereosb Mahallesi Cumhuriyet Bulvari No: 10;https://adanaorganize.org.tr/firma/ozler-tarim-urunleri-uretim-pazarlama-sanayi-ve-ticaret-anonim-sirketi/
Özlü Kardeşler Pet. Ürn. ve Paz. İth. İhr. Ltd. Şti.;Gıda Ürünleri İmalatı;+90(322)394-3315;https://ozlukardesler.com.tr;ozlukardesler.com.tr;Acıdereosb Mahallesi 5 Ocak Caddesi No: 6 Adana Sarıçam;https://adanaorganize.org.tr/firma/ozlu-kardesler-pet-urn-ve-paz-ith-ihr-ltd-sti/
ÖZPINAR TİC. PAZ. VE SAN. LTD. ŞTİ.;Mobilya İmalatı;+90 (322)394-5205;http://www.hevin.com.tr;hevin.com.tr;Acidereosb Mahallesi Ismet Atli Caddesi No: 24;https://adanaorganize.org.tr/firma/ozpinar-tic-paz-ve-san-ltd-sti/
ÖZTEKNİK ENERJİ ELEKTROMARKET ELEKTRİK MAK. MOTOR BOBİNAJ İMALAT TAAH. SAN. İÇ VE DIŞ TİC.LTD.ŞTİ.;Elektrikli Teçhizat İmalatı;+90 (322)394-4013;http://www.ozteknikenerji.com.tr;ozteknikenerji.com.tr;Acidereosb Mahallesi Turgut Özal Bulvari No: 16;https://adanaorganize.org.tr/firma/ozteknik-enerji-elektromarket-elektrik-mak-motor-bobinaj-imalat-taah-san-ic-ve-dis-tic-ltd-sti/
Paleks Geri Dönüşüm Çözümleri Anonim Şirketi;Ağaç, Ağaç Ürünleri ve Mantar Ürünleri İmalatı;+90(216)693-1363;https://palex-tr.com/;palex-tr.com;Acıdereosb Mahallesi Zafer Caddesi 9 Adana Sarıçam;https://adanaorganize.org.tr/firma/paleks-geri-donusum-cozumleri-anonim-sirketi/
PALMİYE DOKUMA İPLİK TEKSTİL SAN. VE TİC. A. Ş.;Giyim Eşyalarının İmalatı, Tekstil Ürünlerinin İmalatı;+90 (322)394-3666;http://www.palmiyedokuma.com.tr;palmiyedokuma.com.tr;Acidereosb Mahallesi Toros Caddesi No: 13;https://adanaorganize.org.tr/firma/palmiye-dokuma-iplik-tekstil-san-ve-tic-a-s/
PANEKS TEKS. SAN.VE TİC. LTD. ŞTİ.;Tekstil Ürünlerinin İmalatı;+90 (322)394-3644;;;Acidereosb Mahallesi Çanakkale Caddesi No: 20;https://adanaorganize.org.tr/firma/paneks-teks-san-ve-tic-ltd-sti/
PANEL ELEKTRİK HİDROLİK MAKİNA SAN.VE TİC.LTD.ŞTİ.;Elektrikli Teçhizat İmalatı;+90 (322)394-3697;http://www.panelelektrik.com;panelelektrik.com;Acidereosb Mahallesi Turgut Özal Bulvari No: 39;https://adanaorganize.org.tr/firma/panel-elektrik-hidrolik-makina-san-ve-tic-ltd-sti/
Park Holding A.Ş.;Kayıtlı Medyanın Basılması ve Çoğaltılması;+90(322)355-4300;;;Acıdereosb Mahallesi İsmet Atlı Caddesi No: 15 Adana Sarıçam;https://adanaorganize.org.tr/firma/park-holding-a-s/
PARLAK BOYA SAN.VE TİC.LTD.ŞTİ.;Kimyasalların ve Kimyasal Ürünlerin İmalatı;+90 (322)394-4047;http://www.parlakboya.com;parlakboya.com;Acidereosb Mahallesi Lale Sokak No: 7;https://adanaorganize.org.tr/firma/parlak-boya-san-ve-tic-ltd-sti/
PARPEN PLASTİK TEKS. GIDA İTH. İHR. TİC. SAN. LTD. ŞTİ.;Fabrikasyon Metal Ürünleri İmalatı;+90 (322)429-3399;http://www.parpen.com.tr;parpen.com.tr;Acidereosb Mahallesi Toros Caddesi No: 10;https://adanaorganize.org.tr/firma/parpen-plastik-teks-gida-ith-ihr-tic-san-ltd-sti/
PEBA TEKSTİL SAN.VE TİC.A.Ş.;Kauçuk ve Plastik Ürünlerin İmalatı;+90 (322)394-3432;http://www.pe-ba.com;pe-ba.com;Acidereosb Mahallesi 5 Ocak Caddesi No: 18;https://adanaorganize.org.tr/firma/peba-tekstil-san-ve-tic-a-s/
PEKCAN KİMYA TEKSTİL SAN. VE TİC. LTD. ŞTİ.;Kimyasalların ve Kimyasal Ürünlerin İmalatı;0322 454 68 94;;;Cemalpaşa Mah. Atatürk Cad. Sapmaz İş Merkezi No:48 İç Kapı No:81 Seyhan / ADANA;https://adanaorganize.org.tr/firma/pekcan-kimya-tekstil-san-ve-tic-ltd-sti/
PERİL KOLLEKTİF ŞİRKETİ BÜLENT ERTÜYÜN VE ORTAĞI;Kimyasalların ve Kimyasal Ürünlerin İmalatı;+90 (322)394-3863;http://www.perilkimya.com;perilkimya.com;Ataköy 7/8.Kisim Turkuaz Sitesi A20-A Blok No: 8;https://adanaorganize.org.tr/firma/peril-kollektif-sirketi-bulent-ertuyun-ve-ortagi/
PEROS KİMYA KAĞ.HİJ.ÜRN.DET.VE TEM.SAN.TİC. A.Ş.;Kimyasalların ve Kimyasal Ürünlerin İmalatı;+90 (322)394-4111;http://www.beyazkagit.com.tr;beyazkagit.com.tr;Acidereosb Mahallesi Anavarza Caddesi No: 3;https://adanaorganize.org.tr/firma/peros-kimya-kag-hij-urn-det-ve-tem-san-tic-a-s/
Petkin Dış Ticaret Limited Şirketi;Kok Kömürü ve Rafine Edilmiş Petrol Ürünleri İmalatı;;;;Acıdereosb Mahallesi Yaşar Doğu Caddesi 15 Adana Sarıçam;https://adanaorganize.org.tr/firma/petkin-dis-ticaret-limited-sirketi/
PİDOK PLASTİK SANAYİ VE TİCARET ANONİM ŞİRKETİ;Kauçuk ve Plastik Ürünlerin İmalatı;+90 (322)394-3767;http://www.pidok.com.tr;pidok.com.tr;Acidereosb Mahallesi Seyhan Caddesi No: 14;https://adanaorganize.org.tr/firma/pidok-plastik-sanayi-ve-ticaret-anonim-sirketi/
PİLYEM GIDA TARIM SAN.VE TİC. A.Ş.;Diğer Metalik Olmayan Mineral Ürünlerin İmalatı, Gıda Ürünleri İmalatı;+90 (322)394-4523;http://www.pilyem.com.tr;pilyem.com.tr;Acidereosb Mahallesi Anafartalar Caddesi No: 4;https://adanaorganize.org.tr/firma/pilyem-gida-tarim-san-ve-tic-a-s/
PLASTEKS PLAS.TEKS.AMB.SAN.VE TİC. A.Ş.;Kauçuk ve Plastik Ürünlerin İmalatı;+90 (322)394-4230;http://www.plasteks.com;plasteks.com;Acidereosb Mahallesi Halet Çambel Caddesi No: 2;https://adanaorganize.org.tr/firma/plasteks-plas-teks-amb-san-ve-tic-a-s/
Plaş Plastik Ambalaj San. ve Tic. A.Ş.;Kauçuk ve Plastik Ürünlerin İmalatı;+90(322)436-1033;https://www.plas.com.tr/;plas.com.tr;Acıdereosb Mahallesi Hilal Caddesi 10 Adana Sarıçam;https://adanaorganize.org.tr/firma/plas-plastik-ambalaj-san-ve-tic-a-s/
Polat Sebze Meyve Narenciye San. ve Tic. A. Ş.;Gıda Ürünleri İmalatı;;https://polatnarenciye.com.tr/;polatnarenciye.com.tr;Gazi Mahallesi İnönü Bulvarı No: 187/A Mersin Akdeniz;https://adanaorganize.org.tr/firma/polat-sebze-meyve-narenciye-san-ve-tic-a-s/
POLİSAN YAPIKİM YAPI KİMYASALLARI SAN. VE TİC. A. Ş.;Kimyasalların ve Kimyasal Ürünlerin İmalatı;+90 (322)502-1111;http://www.polisan.com.tr;polisan.com.tr;Acidereosb Mahallesi Atatürk Bulvari No: 13;https://adanaorganize.org.tr/firma/polisan-yapikim-yapi-kimyasallari-san-ve-tic-a-s/
Proper Perlit Gıda Kimya İth. İhr. ve San. Tic. Ltd. Şti.;Diğer Metalik Olmayan Mineral Ürünlerin İmalatı;;https://properperlit.com.tr/;properperlit.com.tr;Acıdereosb Mahallesi Zafer Caddesi 6 Adana Sarıçam;https://adanaorganize.org.tr/firma/proper-perlit-gida-kimya-ith-ihr-ve-san-tic-ltd-sti/
PROSER POLİMER BOYA KİMYA MAKİNA TEKSTİL İNŞ. İTH. İHR. SAN. VE TİC. LTD. ŞTİ.;Kimyasalların ve Kimyasal Ürünlerin İmalatı;+90 (322)394-4745;http://www.proserchemicals.com;proserchemicals.com;Acidere Mahallesi 6708 Sokak Doğu Sanayi Sitesi E-1 Blok No: 3/C;https://adanaorganize.org.tr/firma/proser-polimer-boya-kimya-makina-tekstil-ins-ith-ihr-san-ve-tic-ltd-sti/
RAMAZAN SERT;Diğer İmalatlar;+90 (322)394-3300;http://www.sertnakliyat.com;sertnakliyat.com;Acidereosb Mahallesi Turgut Özal Bulvari No: 8;https://adanaorganize.org.tr/firma/ramazan-sert/
RASTAŞ AMB.KAPAK MAK.SAN.VE TİC.LTD.ŞTİ.;Fabrikasyon Metal Ürünleri İmalatı;+90 (322)394-3844;http://www.rastas.com.tr;rastas.com.tr;Acidereosb Mahallesi Çanakkale Caddesi No: 26;https://adanaorganize.org.tr/firma/rastas-amb-kapak-mak-san-ve-tic-ltd-sti/
RAYVAG VAGON SAN. VE TİC A.Ş.;Diğer Ulaşım Araçlarının İmalatı;+90 (322)394-5080;https://rayvag.com.tr/;rayvag.com.tr;Acidereosb Mahallesi Celal Bayar Bulvari No: 28;https://adanaorganize.org.tr/firma/rayvag-vagon-san-ve-tic-a-s/
REALTEKS TEKSTİL DENİM İŞLETMELERİ ANONİM ŞİRKETİ;Tekstil Ürünlerinin İmalatı;+90 (322)503-4040;https://www.realteks.com/;realteks.com;Acidereosb Mahallesi Recep Tayyip Erdoğan Bulvari No: 9;https://adanaorganize.org.tr/firma/realteks-tekstil-denim-isletmeleri-anonim-sirketi/
RECONSAN TÜTÜN SAN. VE TİC. LTD. ŞTİ.;Tütün Ürünleri İmalatı;+90 (322)394-4728;http://www.reconsantobacco.com;reconsantobacco.com;Acidereosb Mahallesi Atatürk Bulvari No: 21;https://adanaorganize.org.tr/firma/reconsan-tutun-san-ve-tic-ltd-sti/
Rhosus Mobility Elektrikli Ulaşım Araçları San. ve Tic. A. Ş.;Diğer Ulaşım Araçlarının İmalatı;+90(322)550-5001;https://rhosus.com.tr/;rhosus.com.tr;Acıdereosb Mahallesi Baklalı Caddesi 22 Adana Sarıçam;https://adanaorganize.org.tr/firma/rhosus-mobility-elektrikli-ulasim-araclari-san-ve-tic-a-s/
RİGA BOYA YAPI KİM.MADENİ YAĞ SAN.TİC.LTD.ŞTİ.;Kimyasalların ve Kimyasal Ürünlerin İmalatı;+90 (322)394-5200;http://www.rigaboya.com;rigaboya.com;Acidereosb Mahallesi 5 Ocak Caddesi No: 8;https://adanaorganize.org.tr/firma/riga-boya-yapi-kim-madeni-yag-san-tic-ltd-sti/
Rimaş Deri Gıda ve Hayvan Ürünleri San. ve Tic. Ltd. Şti.;Gıda Ürünleri İmalatı;+90(549)599-5102;https://rimas.com.tr;rimas.com.tr;Acıdereosb Mahallesi Oğuz Kağan Köksal Caddesi No: 4 Adana Sarıçam;https://adanaorganize.org.tr/firma/rimas-deri-gida-ve-hayvan-urunleri-san-ve-tic-ltd-sti/
ROYAL PANO ELEKTRİK YANGIN SÖNDÜRME SİS. İNŞ. SAN. VE TİC. LTD. ŞTİ.;Fabrikasyon Metal Ürünleri İmalatı;+90 507 500 9958;https://www.royalyanginsistemleri.com.tr/;royalyanginsistemleri.com.tr;Acıdereosb Mahallesi Ceyhan Caddesi No: 13  Sarıçam / Adana;https://adanaorganize.org.tr/firma/royal-pano-elektrik-yangin-sondurme-sis-ins-san-ve-tic-ltd-sti/
Rt Kauçuk Poliüretan ve Makina San. Tic. Ltd. Şti.;Kauçuk ve Plastik Ürünlerin İmalatı;+90 533 969 46 64;https://rtmakina.com;rtmakina.com;A.O.S.B, Acıdere OSB Mah. Abdullah Gül Bulvarı, No:21, 01350 Sarıçam / Adana;https://adanaorganize.org.tr/firma/rt-kaucuk-poliuretan-ve-makina-san-tic-ltd-sti/
Ruşen Civata Otomotiv Sanayi ve Ticaret Ltd. Şti.;Fabrikasyon Metal Ürünleri İmalatı;+90(322)311-4111;https://www.rusencivata.com.tr/;rusencivata.com.tr;Haydaroğlu Mahallesi Karataş Bulvarı No: 348/A Adana Yüreğir;https://adanaorganize.org.tr/firma/rusen-civata-otomotiv-sanayi-ve-ticaret-ltd-sti/
SAADET ALDEMİR ALD KAĞIT BARDAK ÜRETİM;Kağıt ve Kağıt Ürünlerinin İmalatı;+90 (530)012-2399;;;Acidereosb Mahallesi Çanakkale Caddesi No: 3;https://adanaorganize.org.tr/firma/saadet-aldemir-ald-kagit-bardak-uretim/
SABUNCULAR SOĞUK HAVA DEPOSU KÖMÜRCÜLÜK GIDA TAR.ÜRN.NAK.İNŞ.TAAH.AMB.SAN. VE TİC.LTD.ŞTİ.;Kauçuk ve Plastik Ürünlerin İmalatı;+90 (322)502-0404;http://www.sabuncular.com.tr;sabuncular.com.tr;Acidereosb Mahallesi 15 Temmuz Şehitler Caddesi No: 15;https://adanaorganize.org.tr/firma/sabuncular-soguk-hava-deposu-komurculuk-gida-tar-urn-nak-ins-taah-amb-san-ve-tic-ltd-sti/
SAFAŞ SAF PLASTİK SAN. VE TİC.A.Ş.;Kauçuk ve Plastik Ürünlerin İmalatı;+90 (322)346-4881;http://www.safas.com.tr;safas.com.tr;Acidereosb Mahallesi Başak Caddesi No: 9;https://adanaorganize.org.tr/firma/safas-saf-plastik-san-ve-tic-a-s/
SAINT GOBAİN WEBER YAPI KİMYASALLARI SAN.VE TİC. A.Ş.;Diğer Metalik Olmayan Mineral Ürünlerin İmalatı;+90 (322)394-3055;http://www.weber.com.tr;weber.com.tr;Kemalpaşa Osb Mahallesi Kuyucak Yolu Sokak No: 284;https://adanaorganize.org.tr/firma/saint-gobain-weber-yapi-kimyasallari-san-ve-tic-a-s/
SAMİ TRAFO ANONİM ŞİRKETİ;Elektrikli Teçhizat İmalatı;+90 (322)394-3220;https://stdtransformer.com/tr/;stdtransformer.com;Acidereosb Mahallesi Anafartalar Caddesi No: 11;https://adanaorganize.org.tr/firma/sami-trafo-anonim-sirketi/
SAMSUN MAKİNA SAN. A.Ş.;Fabrikasyon Metal Ürünleri İmalatı;+90 (322)503-0460;http://www.samsunmakina.com.tr;samsunmakina.com.tr;Acidereosb Mahallesi Abdullah Gül Bulvari No: 15;https://adanaorganize.org.tr/firma/samsun-makina-san-a-s/
SARMAK MAKİNA KOMPRESÖR POMPA SAN.VE TİC. A.Ş.;Başka Yerde Sınıflandırılmamış Makina ve Ekipman İmalatı;+90 (322)394-5504;http://www.sarmak.com;sarmak.com;Acidereosb Mahallesi Celal Bayar Bulvari No: 39;https://adanaorganize.org.tr/firma/sarmak-makina-kompresor-pompa-san-ve-tic-a-s/
SARTEKS MAKİNA SAN.VE TİC. A. Ş.;Başka Yerde Sınıflandırılmamış Makina ve Ekipman İmalatı;+90 (322)332-7050;http://www.sarteks.com.tr;sarteks.com.tr;Acidereosb Mahallesi Celal Bayar Bulvari No: 37;https://adanaorganize.org.tr/firma/sarteks-makina-san-ve-tic-a-s/
SARTEN AMBALAJ SAN. VE TİC. A.Ş.;Fabrikasyon Metal Ürünleri İmalatı;+90 (322)385-2880;http://www.sarten.com.tr;sarten.com.tr;Acidereosb Mahallesi Zübeyde Hanim Caddesi No: 6;https://adanaorganize.org.tr/firma/sarten-ambalaj-san-ve-tic-a-s/
SCA METAL İNŞ.TAAH.YALITIM İZOLASYON SAN. VE TİC. A.Ş.;Fabrikasyon Metal Ürünleri İmalatı;+90 (322)502-0880;https://scametal.com.tr/;scametal.com.tr;Acidereosb Mahallesi Hilal Caddesi No: 5;https://adanaorganize.org.tr/firma/sca-metal-ins-taah-yalitim-izolasyon-san-ve-tic-a-s/
SEMBOL MAKİNE DÖKÜM SAN.VE TİC. A.Ş.;Fabrikasyon Metal Ürünleri İmalatı;+90 (322)394-4782;;;Acidereosb Mahallesi 5 Ocak Caddesi No: 12;https://adanaorganize.org.tr/firma/sembol-makine-dokum-san-ve-tic-a-s/
SENAPA STAMPA AMB. SAN. VE TİC. A.Ş.;Kauçuk ve Plastik Ürünlerin İmalatı;+90 (262)751-2590;http://www.senapastampa.com;senapastampa.com;Acidereosb Mahallesi Sümbül Sokak No: 2;https://adanaorganize.org.tr/firma/senapa-stampa-amb-san-ve-tic-a-s/
SEPAŞ PLASTİK AMBALAJ SANAYİ VE TİCARET ANONİM ŞİRKETİ;Kauçuk ve Plastik Ürünlerin İmalatı;+90 (322)394-4636;http://www.sepasplastik.com.tr;sepasplastik.com.tr;Acidereosb Mahallesi Sabanci Caddesi No: 5;https://adanaorganize.org.tr/firma/sepas-plastik-ambalaj-sanayi-ve-ticaret-anonim-sirketi/
SERA ELEKTROMARKET SAN.İÇ VE DIŞ TİC.LTD.ŞTİ.;Elektrikli Teçhizat İmalatı;+90 (322)359-3060;http://www.seraelektromarket.com.tr;seraelektromarket.com.tr;Acidereosb Mahallesi Vatan Caddesi No: 13;https://adanaorganize.org.tr/firma/sera-elektromarket-san-ic-ve-dis-tic-ltd-sti/
SERA ENDÜSTRİYEL AMBALAJ GIDA LOJİSTİK  SAN. VE TİC. LTD. ŞTİ.;Fabrikasyon Metal Ürünleri İmalatı;+90 533 365 40 96;https://seraendustriyel.com.tr/;seraendustriyel.com.tr;Yeşiloba Mahallesi 46069 Sokak Yeşiloba İş Merkezi No: 9/2  Seyhan/Adana;https://adanaorganize.org.tr/firma/sera-endustriyel-ambalaj-gida-lojistik-san-ve-tic-ltd-sti/
SERRA OLUKLU MUKAVVA İMALATI SAN. VE TİC. A.Ş.;Kağıt ve Kağıt Ürünlerinin İmalatı;+90 (533)725-3434;;;Acidereosb Mahallesi Ismet Atli Caddesi No: 22;https://adanaorganize.org.tr/firma/serra-oluklu-mukavva-imalati-san-ve-tic-a-s/
SES KİMYA SAN.VE TİC.LTD.ŞTİ.;Kimyasalların ve Kimyasal Ürünlerin İmalatı;+90 (322)394-3734;http://www.bilsenkimya.com;bilsenkimya.com;Acidereosb Mahallesi Ismet Atli Caddesi No: 1;https://adanaorganize.org.tr/firma/ses-kimya-san-ve-tic-ltd-sti/
SET TOHUMCULUK GIDA TARIM SAN.VE TİC. A.Ş.;Diğer Metalik Olmayan Mineral Ürünlerin İmalatı;+90 (322)394-3366;http://www.settokumculuk.com.tr;settokumculuk.com.tr;Acidereosb Mahallesi Turgut Özal Bulvari No: 35;https://adanaorganize.org.tr/firma/set-tohumculuk-gida-tarim-san-ve-tic-a-s/
SEVDİ TEKSTİL SAN. VE TİC. LTD. ŞTİ.;Tekstil Ürünlerinin İmalatı;+90 546 415 9229;;;Acıdereosb Mahallesi Toroslar Caddesi No: 5  Sarıçam / Adana;https://adanaorganize.org.tr/firma/sevdi-tekstil-san-ve-tic-ltd-sti/
SEY-TEKS SEYHAN TEKSTİL SAN VE TİC. A.Ş.;Tekstil Ürünlerinin İmalatı;+90 (322)394-3590;https://seyteks.com/;seyteks.com;Acidereosb Mahallesi Şehitler Sokak No: 4;https://adanaorganize.org.tr/firma/sey-teks-seyhan-tekstil-san-ve-tic-a-s/
SGA TEKSTİL TİCARET PAZARLAMA LİMİTED ŞİRKETİ;Tekstil Ürünlerinin İmalatı;+90 (322)394-3805;http://www.sgatextile.com;sgatextile.com;Acidereosb Mahallesi Yaşar Doğu Caddesi No: 19;https://adanaorganize.org.tr/firma/sga-tekstil-ticaret-pazarlama-limited-sirketi/
SHAMLAN TOBACCO TÜTÜN MAMULLERİ SAN. VE TİC. A. Ş.;Tütün Ürünleri İmalatı;+90 322 504 40 99;https://www.shamlantobacco.com/;shamlantobacco.com;Acıdereosb Mahallesi Cumhuriyet Bulvarı No: 6  Sarıçam / Adana;https://adanaorganize.org.tr/firma/shamlan-tobacco-tutun-mamulleri-san-ve-tic-a-s/
SİKA MBCC TURKEY YAPI KİMYASALLARI SANAYİ VE TİCARET LİMİTED ŞİRKETİ ADANA ŞUBESİ;Kimyasalların ve Kimyasal Ürünlerin İmalatı;+90 (322)394-4823;https://tur.sika.com/;tur.sika.com;Acidereosb Mahallesi Magarsuz Caddesi No: 10;https://adanaorganize.org.tr/firma/sika-mbcc-turkey-yapi-kimyasallari-sanayi-ve-ticaret-limited-sirketi-adana-subesi/
SİMGE KARTON KUTU İMALATI AMB. GEREÇLERİ GIDA TEKS. SAN. VE TİC. LTD. ŞTİ.;Kağıt ve Kağıt Ürünlerinin İmalatı;+90 322 346 0824;;;Acıdereosb Mahallesi Şehitler Caddesi No: 2  Sarıçam / Adana;https://adanaorganize.org.tr/firma/simge-karton-kutu-imalati-amb-gerecleri-gida-teks-san-ve-tic-ltd-sti/
SİMGETEK İMALAT VE MÜHENDİSLİK A.Ş.;Fabrikasyon Metal Ürünleri İmalatı;+90 (322)394-4840;http://www.simgetek.com;simgetek.com;Acidereosb Mahallesi Karacaoğlan Caddesi No: 4;https://adanaorganize.org.tr/firma/simgetek-imalat-ve-muhendislik-a-s/
SİNANATLAS PLASTİK SAN. TİC. LTD. ŞTİ.;Kauçuk ve Plastik Ürünlerin İmalatı;+90(322)394-5102;https://www.sinanatlasplastik.com/;sinanatlasplastik.com;Acidereosb Mahallesi Anafartalar Caddesi No: 7;https://adanaorganize.org.tr/firma/sinanatlas-plastik-san-tic-ltd-sti/
SİSTEM MOBİLYA DOĞ.DEK.SAN.İNŞ.TEKS.TİC. A.Ş.;Mobilya İmalatı;+90 (322)394-4168;http://www.sistemamutfak.com;sistemamutfak.com;Acidereosb Mahallesi Abdullah Gül Bulvari No: 18;https://adanaorganize.org.tr/firma/sistem-mobilya-dog-dek-san-ins-teks-tic-a-s/
SİVTEKS TEKS.TİC.VE SAN.A.Ş.;Tekstil Ürünlerinin İmalatı;+90 (322)394-3893;http://www.sivteks.com.tr;sivteks.com.tr;Acidereosb Mahallesi Ankara Caddesi No: 6;https://adanaorganize.org.tr/firma/sivteks-teks-tic-ve-san-a-s/
SOMTECH ENDÜSTRİYEL TESİS İML. MON. SAN. VE TİC. LTD. ŞTİ.;Fabrikasyon Metal Ürünleri İmalatı;+90 (533) 556 02 58;https://www.somtech.com.tr/;somtech.com.tr;;https://adanaorganize.org.tr/firma/somtech-endustriyel-tesis-iml-mon-san-ve-tic-ltd-sti/
Soudal Yapı Kimyasalları San. ve Tic. A. Ş.;Kimyasalların ve Kimyasal Ürünlerin İmalatı;+90(216)504-0292;https://www.soudalturkiye.com/;soudalturkiye.com;Acıdereosb Mahallesi Başak Caddesi 5 Adana Sarıçam;https://adanaorganize.org.tr/firma/soudal-yapi-kimyasallari-san-ve-tic-a-s/
SÖNMEZLER PETROLCÜLÜK TAŞ. SAN. VE TİC. A.Ş.;Diğer İmalatlar;+90 (322)394-3622;http://www.sonmezlergroup.com;sonmezlergroup.com;Acidereosb Mahallesi Atatürk Bulvari No: 16;https://adanaorganize.org.tr/firma/sonmezler-petrolculuk-tas-san-ve-tic-a-s-2/
SP ENERJİ ELEKTRİK ÜRETİM LİMİTED ŞİRKETİ;Elektrikli Teçhizat İmalatı;+90 (322)457-3232;http://www.spenerji.com.tr;spenerji.com.tr;Acidereosb Mahallesi Hilal Caddesi No: 6;https://adanaorganize.org.tr/firma/sp-enerji-elektrik-uretim-limited-sirketi/
STARKON GIDA TARIM SAN. VE TİC. A.Ş.;İçeceklerin İmalatı;+90 (322)503-0182;http://www.oguzgida.com.tr;oguzgida.com.tr;Acidereosb Mahallesi Abdullah Gül Bulvari No: 10;https://adanaorganize.org.tr/firma/starkon-gida-tarim-san-ve-tic-a-s/
STP PETROL İNŞAAT SANAYİ VE TİCARET ANONİM ŞİRKETİ;Diğer İmalatlar;+90 (322)394-3760;http://www.stppetrol.com;stppetrol.com;Acidereosb Mahallesi Celal Bayar Bulvari No: 5;https://adanaorganize.org.tr/firma/stp-petrol-insaat-sanayi-ve-ticaret-anonim-sirketi/
Strong Enerji San. ve Tic. Ltd. Şti.;Kok Kömürü ve Rafine Edilmiş Petrol Ürünleri İmalatı;+90(322)503-7287;https://strongenerji.com/;strongenerji.com;Acıdereosb Mahallesi Oğuz Kağan Köksal Caddesi 14 Adana Sarıçam;https://adanaorganize.org.tr/firma/strong-enerji-san-ve-tic-ltd-sti/
SUFFA KURUYEMİŞ GIDA İTHALAT İHRACAT SANAYİ VE TİCARET LİMİTED ŞİRKETİ;Gıda Ürünleri İmalatı;+90 (322)502-2223;;;Acidereosb Mahallesi Başak Caddesi No: 1;https://adanaorganize.org.tr/firma/suffa-kuruyemis-gida-ithalat-ihracat-sanayi-ve-ticaret-limited-sirketi/
Sumi Agro Turkey Tarım İlaçları San. ve Tic. A.Ş.;Kimyasalların ve Kimyasal Ürünlerin İmalatı;+90(212)276-1091;https://www.sumiagro.com/;sumiagro.com;Acıdereosb Mahallesi Zafer Caddesi 7 Adana Sarıçam;https://adanaorganize.org.tr/firma/sumi-agro-turkey-tarim-ilaclari-san-ve-tic-a-s/
SÜMBÜL ÇELİK KONSTRÜKSİYON MAKİNA İMALAT MONTAJ İNŞ. SAN. VE TİC. LTD. ŞTİ.;Fabrikasyon Metal Ürünleri İmalatı;+90 (322)502-0058-79;http://www.sumbul.com.tr;sumbul.com.tr;ACIDEREOSB MAHALLESİ ŞEHİT ÖMER HALİSDEMİR CADDESİ NO:24 SARIÇAM/ADANA;https://adanaorganize.org.tr/firma/sumbul-celik-konstruksiyon-makina-imalat-montaj-ins-san-ve-tic-ltd-sti/
Şal Hafriyat Nakliyat İnşaat Sanayi ve Ticaret Limited Şirketi;Fabrikasyon Metal Ürünleri İmalatı;+90(322)259-0303;https://kalogrup.com.tr;kalogrup.com.tr;Acıdereosb Mahallesi Baklalı Caddesi No: 14 Adana Sarıçam;https://adanaorganize.org.tr/firma/sal-hafriyat-nakliyat-insaat-sanayi-ve-ticaret-limited-sirketi/
Şalt Elektrik İnş. İth. İhr. San. ve Tic. Ltd. Şti.;Elektrikli Teçhizat İmalatı;+90(322)503-5163;http://saltelektrik.com/;saltelektrik.com;Acıdereosb Mahallesi Çanakkale Caddesi 3 Adana Sarıçam;https://adanaorganize.org.tr/firma/salt-elektrik-ins-ith-ihr-san-ve-tic-ltd-sti-2/
ŞENPİLİÇ GIDA SANAYİ ANONİM ŞİRKETİ;Gıda Ürünleri İmalatı;+90 (322)503-5171;https://www.senpilic.com.tr;senpilic.com.tr;Acidereosb Mahallesi Şehit Ömer Halisdemir Caddesi No: 36;https://adanaorganize.org.tr/firma/senpilic-gida-sanayi-anonim-sirketi/
ŞİPAL MOB. GIDA VE TAR.ÜRN.SAN.TİC.LTD.ŞTİ.;Mobilya İmalatı;+90 (322)394-3707;http://www.sipalmobilya.com.tr;sipalmobilya.com.tr;Acidereosb Mahallesi Anafartalar Caddesi No: 13;https://adanaorganize.org.tr/firma/sipal-mob-gida-ve-tar-urn-san-tic-ltd-sti/
TADIM SEBZE MEYVE İŞL.VE KONS.SAN.TİC.A.Ş.;Gıda Ürünleri İmalatı;+90 (322)394-3949;http://www.tadim.com.tr;tadim.com.tr;Acidereosb Mahallesi Cumhuriyet Bulvari No: 14;https://adanaorganize.org.tr/firma/tadim-sebze-meyve-isl-ve-kons-san-tic-a-s/
TAT NİŞASTA SAN.VE TİC. A.Ş.;Gıda Ürünleri İmalatı;+90 (322)394-3878;http://www.tatnisasta.com.tr;tatnisasta.com.tr;Acidereosb Mahallesi Ankara Caddesi No: 14;https://adanaorganize.org.tr/firma/tat-nisasta-san-ve-tic-a-s/
Tatşen Pazarlama Gıda San.Ve Tic. Ltd. Şti.;Gıda Ürünleri İmalatı;+90(322)431-2929;https://tatsen.com.tr;tatsen.com.tr;Şakirpaşa Mahallesi Turhan Cemal Beriker Bulvarı No: 213/A Adana Seyhan;https://adanaorganize.org.tr/firma/tatsen-pazarlama-gida-san-ve-tic-ltd-sti/
Taymak Sis. Mod. Mak. İml. Dök. San. Tic. Ltd. Şti.;Başka Yerde Sınıflandırılmamış Makina ve Ekipman İmalatı;+90(322)429-4105;;;Yeşiloba Mahallesi 46049 Sokak Orta Ölçekli Sanayi Sitesi No: 2/E Adana Seyhan;https://adanaorganize.org.tr/firma/taymak-sis-mod-mak-iml-dok-san-tic-ltd-sti/
TECHFOR BİLİŞİM TEKNOLOJİLERİ A.Ş.;Fabrikasyon Metal Ürünleri İmalatı;+90(312)473-4083;;;Acıdereosb Mahallesi Gürgen Sokak No: 5 Adana Sarıçam;https://adanaorganize.org.tr/firma/techfor-bilisim-teknolojileri-a-s/
TEKİNSAN MAKİNE İMALAT MON. İNŞ. ELEK. TEM. TURZ. TAAH. TİC. LTD. ŞTİ.;Fabrikasyon Metal Ürünleri İmalatı;+90 (322)394-4004;http://www.tekinsan.com.tr;tekinsan.com.tr;Acidereosb Mahallesi 23 Nisan Caddesi No: 4;https://adanaorganize.org.tr/firma/tekinsan-makine-imalat-mon-ins-elek-tem-turz-taah-tic-ltd-sti/
TEKNİK BAĞLANTI ELEMANLARI SAN.VE TİC. A.Ş.;Fabrikasyon Metal Ürünleri İmalatı;+90 (322)394-5088;http://www.teknikbaglanti.com.tr;teknikbaglanti.com.tr;Acıdere OSB Oğuz Kağan Köksal Cd. No:8 Sarıçam/ADANA;https://adanaorganize.org.tr/firma/teknik-baglanti-elemanlari-san-ve-tic-a-s/
TEKNİK METAL ENDÜSTRİ MALZ.TİC.VE SAN. A.Ş.;Fabrikasyon Metal Ürünleri İmalatı;+90 (322)394-4987;http://www.teknikmetal.com;teknikmetal.com;Acidereosb Mahallesi Süleyman Demirel Bulvari No: 25;https://adanaorganize.org.tr/firma/teknik-metal-endustri-malz-tic-ve-san-a-s/
Teknika Teknik Taah. Mak. İnş. Bilg. San. ve Tic. A. Ş.;Fabrikasyon Metal Ürünleri İmalatı;+90(216)909-6840;https://teknikateknik.com.tr/;teknikateknik.com.tr;Acıdereosb Mahallesi Nilüfer Sokak 2 Adana Sarıçam;https://adanaorganize.org.tr/firma/teknika-teknik-taah-mak-ins-bilg-san-ve-tic-a-s/
TEKNOPAK MİKRODALGA KUTU AMB. SAN. VE TİC.A.Ş.;Kağıt ve Kağıt Ürünlerinin İmalatı;+90 (322)394-3615;http://www.teknopakambalaj.com;teknopakambalaj.com;Acidereosb Mahallesi Toros Caddesi No: 3;https://adanaorganize.org.tr/firma/teknopak-mikrodalga-kutu-amb-san-ve-tic-a-s/
TEMA FİDE BİYOGAZ TARIM GIDA HAYVANCILIK SAN. VE TİC. A.Ş.;Kimyasalların ve Kimyasal Ürünlerin İmalatı;+90 (322)394-4875;;;Acidereosb Mahallesi Atatürk Bulvari No:63;https://adanaorganize.org.tr/firma/tema-fide-biyogaz-tarim-gida-hayvancilik-san-ve-tic-a-s/
TEMİZ-İŞ TENEKE AMB.SAN.VE TİC.LTD.ŞTİ.;Fabrikasyon Metal Ürünleri İmalatı;+90 (322)394-4439;http://www.temizistenekeambalaj.com;temizistenekeambalaj.com;Acidereosb Mahallesi Atatürk Bulvari No: 61;https://adanaorganize.org.tr/firma/temiz-is-teneke-amb-san-ve-tic-ltd-sti/
TERMA YAPI KİMYASALARI DEK.İNŞ.SAN.VE TİC.LTD.ŞTİ.;Kimyasalların ve Kimyasal Ürünlerin İmalatı;+90 (322)394-3101;http://www.termatect.com.tr;termatect.com.tr;Acidereosb Mahallesi Ismet Atli Caddesi No: 7;https://adanaorganize.org.tr/firma/terma-yapi-kimyasalari-dek-ins-san-ve-tic-ltd-sti/
TEZ TARIM ÜRÜNLERİ LİSANSLI DEPOCULUK SAN. VE TİC. A. Ş.;Gıda Ürünleri İmalatı;+90 (322)394-4875;http://www.tezkim.com;tezkim.com;Acidereosb Mahallesi Istiklal Caddesi No: 20;https://adanaorganize.org.tr/firma/tez-tarim-urunleri-lisansli-depoculuk-san-ve-tic-a-s/
Tezcanlar Yatırım A.Ş.;Diğer İmalatlar;;https://tezkim.com/;tezkim.com;Acıdereosb Mahallesi İstiklal Caddesi No: 20 Adana Sarıçam;https://adanaorganize.org.tr/firma/tezcanlar-yatirim-a-s/
TEZKİM TAR.KİM.İNŞ.SAN.VE TİC. A.Ş.;Kimyasalların ve Kimyasal Ürünlerin İmalatı;+90 (322)394-4873;http://www.tezkim.com;tezkim.com;Acidereosb Mahallesi Istiklal Caddesi No: 20;https://adanaorganize.org.tr/firma/tezkim-tar-kim-ins-san-ve-tic-a-s/
TG MUTFAK EŞYALARI SAN. VE TİC. A. Ş.;Fabrikasyon Metal Ürünleri İmalatı;0322 435 1112;http://turgutlarmutfak.com.tr/;turgutlarmutfak.com.tr;Acıdere Mah. 19 Mayıs Cad. No:13/2 Hacı Sabancı Organize Sanayi Bölgesi/Sarıçam/Adana;https://adanaorganize.org.tr/firma/tg-mutfak-esyalari-san-ve-tic-a-s/
TİFTİK MADENCİLİK NAKLİYE İNŞ.MAKİNA PETROL VE KİMYEVİ ÜRN.SAN. VE TİC.LTD.ŞTİ.;Diğer Metalik Olmayan Mineral Ürünlerin İmalatı;444-9281;http://www.tiftikbeton.com.tr;tiftikbeton.com.tr;Acidereosb Mahallesi Ismet Atli Caddesi No: 18;https://adanaorganize.org.tr/firma/tiftik-madencilik-nakliye-ins-makina-petrol-ve-kimyevi-urn-san-ve-tic-ltd-sti/
Tork Petrokimya Sanayi ve Ticaret Limited Şirketi;Kok Kömürü ve Rafine Edilmiş Petrol Ürünleri İmalatı;+90(322)394-5042;;;Acıdereosb Mahallesi Toros Caddesi No: 21 Adana Sarıçam;https://adanaorganize.org.tr/firma/tork-petrokimya-sanayi-ve-ticaret-limited-sirketi/
TOROS KUMAŞ APRE BOYA SAN.VE TİC.LTD.ŞTİ.;Tekstil Ürünlerinin İmalatı;+90 (322)394-3600;http://www.toroskumasboya.com;toroskumasboya.com;Acidereosb Mahallesi Vatan Caddesi No: 6;https://adanaorganize.org.tr/firma/toros-kumas-apre-boya-san-ve-tic-ltd-sti/
TOROS YAPISAL ÇELİK İMALAT SAN. VE TİC. A. Ş.;Fabrikasyon Metal Ürünleri İmalatı;+90 (322)394-3342;http://www.torosconstruction.com;torosconstruction.com;Acidereosb Mahallesi 5 Ocak Caddesi No: 10;https://adanaorganize.org.tr/firma/toros-yapisal-celik-imalat-san-ve-tic-a-s/
TOWSAN KAĞIT SANAYİ TİCARET LİMİTED ŞİRKETİ;Kağıt ve Kağıt Ürünlerinin İmalatı;+90 (322)394-4728;;;Acidereosb Mahallesi 5 Ocak Caddesi No: 20;https://adanaorganize.org.tr/firma/towsan-kagit-sanayi-ticaret-limited-sirketi/
TOYAS TEKNİK MAKİNA SAN. VE TİC. LTD. ŞTİ.;Fabrikasyon Metal Ürünleri İmalatı;+90 (322)394-4776;http://www.toyasteknik.com;toyasteknik.com;Acidereosb Mahallesi Gürgen Sokak No: 3;https://adanaorganize.org.tr/firma/toyas-teknik-makina-san-ve-tic-ltd-sti/
TUSEM PLASTİK AMBALAJ SAN. VE TİC. LTD. ŞTİ.;Kauçuk ve Plastik Ürünlerin İmalatı;+90 322 428 45 77;https://tusemplastik.com/;tusemplastik.com;Acıdereosb Mahallesi Ceyhan Caddesi No: 17  Sarıçam / Adana;https://adanaorganize.org.tr/firma/tusem-plastik-ambalaj-san-ve-tic-ltd-sti/
TÜR VAR GROUP AMBALAJ MAKİNA SAN. VE TİC. LTD. ŞTİ.;Başka Yerde Sınıflandırılmamış Makina ve Ekipman İmalatı;0322 428 6275;https://turvargroup.com/;turvargroup.com;Acıdere Osb Mh. Hilal Cd. No:12 Sarıçam / Adana / Türkiye;https://adanaorganize.org.tr/firma/tur-var-group-ambalaj-makina-san-ve-tic-ltd-sti/
TÜRKAY FOOD GIDA SAN. VE TİC. LTD. ŞTİ.;Gıda Ürünleri İmalatı;+90 322 450 13 13;;;Acidereosb Mahallesi Istiklal Caddesi No: 3;https://adanaorganize.org.tr/firma/turkay-food-gida-san-ve-tic-ltd-sti/
Türkiye Halk Bankası A.Ş.;Diğer İmalatlar;;https://www.halkbank.com.tr/;halkbank.com.tr;Acıdereosb Mahallesi Turgut Özal Bulvarı 15 Adana Sarıçam;https://adanaorganize.org.tr/firma/turkiye-halk-bankasi-a-s/
TÜRKİYE İŞ BANKASI A.Ş.;Diğer İmalatlar;+90 (322)394-4914;http://www.isbank.com.tr;isbank.com.tr;Acidereosb Mahallesi Turgut Özal Bulvari No: 13;https://adanaorganize.org.tr/firma/turkiye-is-bankasi-a-s/
TÜRKİYE VAKIFLAR BANKASI T.A.O.;Diğer İmalatlar;+90 (322)394-3506;http://www.vakifbank.com.tr;vakifbank.com.tr;Acidereosb Mahallesi Turgut Özal Bulvari No: 17;https://adanaorganize.org.tr/firma/turkiye-vakiflar-bankasi-t-a-o/
ULAŞ DÖKÜM VE VANA SANAYİ TİCARET LİMİTED ŞİRKETİ;Fabrikasyon Metal Ürünleri İmalatı;+90 (322)394-4214;http://www.ulasvana.com;ulasvana.com;Acidereosb Mahallesi Istiklal Caddesi No: 14;https://adanaorganize.org.tr/firma/ulas-dokum-ve-vana-sanayi-ticaret-limited-sirketi/
ULAŞ PAMUK SAN.VE TİC. A.Ş.;Tekstil Ürünlerinin İmalatı;+90 322 336 3571;;;Acıdereosb Mahallesi Celal Bayar Bulvarı No: 32  Sarıçam / Adana;https://adanaorganize.org.tr/firma/ulas-pamuk-san-ve-tic-a-s/
ULUSOY TEKSTİL SAN.VE TİC. A.Ş.;Tekstil Ürünlerinin İmalatı;+90 (322)394-4020;http://www.ulusoytekstil.com;ulusoytekstil.com;Acidereosb Mahallesi Çukurova Caddesi No: 9;https://adanaorganize.org.tr/firma/ulusoy-tekstil-san-ve-tic-a-s/
UR-SA PLASTİK AMBALAJ VE TEKSTİL A.Ş.;Kauçuk ve Plastik Ürünlerin İmalatı;+90 (322)394-3745;http://www.ursa.com.tr;ursa.com.tr;Acidereosb Mahallesi Sabanci Caddesi No: 6;https://adanaorganize.org.tr/firma/ur-sa-plastik-ambalaj-ve-tekstil-a-s/
Uygunsoy Malzemecilik Mob. Aks. Teks. Day. Tük. Mal. San. ve Tic. Ltd. Şti.;Fabrikasyon Metal Ürünleri İmalatı;+90(322)503-9084;https://veray.com.tr;veray.com.tr;Acıdereosb Mahallesi Toroslar Caddesi No: 13 Adana Sarıçam;https://adanaorganize.org.tr/firma/uygunsoy-malzemecilik-mob-aks-teks-day-tuk-mal-san-ve-tic-ltd-sti/
ÜN-HAK METAL MUTFAK GER.GIDA TEKS. KUYUMC. PLAS.SAN.VE TİC.LTD.ŞTİ.;Fabrikasyon Metal Ürünleri İmalatı;+90 (322)428-6721;http://www.unhak-metal.com.tr;unhak-metal.com.tr;Acidereosb Mahallesi Hilal Caddesi No: 3;https://adanaorganize.org.tr/firma/un-hak-metal-mutfak-ger-gida-teks-kuyumc-plas-san-ve-tic-ltd-sti/
ÜNVEREN HAVA SİS. SAN. VE TİC. A.Ş.;Başka Yerde Sınıflandırılmamış Makina ve Ekipman İmalatı;+90 (322)352-2885;http://www.unveren.com.tr;unveren.com.tr;Acidereosb Mahallesi 23 Nisan Caddesi No: 12;https://adanaorganize.org.tr/firma/unveren-hava-sis-san-ve-tic-a-s/
Vdexport İç ve Dış Ticaret Anonim Şirketi;Gıda Ürünleri İmalatı;0545 838 2601;https://vodocnr.com.tr/tr/;vodocnr.com.tr;Acıdereosb Mahallesi Toros Caddesi 2 Adana Sarıçam;https://adanaorganize.org.tr/firma/vdexport-ic-ve-dis-ticaret-anonim-sirketi/
Vera Kumaşçılık Otomotiv İnş. Bilişim Hiz. San. ve Tic. Ltd. Şti.;Tekstil Ürünlerinin İmalatı;+90(212)438-1534;;;Acıdereosb Mahallesi Toros Caddesi 13 Adana Sarıçam;https://adanaorganize.org.tr/firma/vera-kumascilik-otomotiv-ins-bilisim-hiz-san-ve-tic-ltd-sti/
VTN TOBACCO SİGARA SANAYİ VE TİCARET LİMİTED ŞİRKETİ;Tütün Ürünleri İmalatı;+90 (322)394-2561;;;Acidereosb Mahallesi Ismet Atli Caddesi No: 26;https://adanaorganize.org.tr/firma/vtn-tobacco-sigara-sanayi-ve-ticaret-limited-sirketi/
VURAL PLASTİK VE AMBALAJ SANAYİ VE TİCARET PAZARLAMA İTHALAT VE İHRACAT ANONİM ŞİRKETİ;Kauçuk ve Plastik Ürünlerin İmalatı;+90 (322)441-0810;http://www.vuralplastik.com.tr;vuralplastik.com.tr;Acidereosb Mahallesi Seyhan Caddesi No: 2;https://adanaorganize.org.tr/firma/vural-plastik-ve-ambalaj-sanayi-ve-ticaret-pazarlama-ithalat-ve-ihracat-anonim-sirketi/
Wünter Klima Gazları İnşaat San. Tic. Ltd. Şti.;Fabrikasyon Metal Ürünleri İmalatı;+90(322)441-2123;https://wuntertemizlik.com;wuntertemizlik.com;Acıdereosb Mahallesi Abdullah Gül Bulvarı No: 23 Adana Sarıçam;https://adanaorganize.org.tr/firma/wunter-klima-gazlari-insaat-san-tic-ltd-sti/
YAMAÇ MAKİNA İML.VE İNŞ.PAZ.TİC.LTD.ŞTİ.;Gıda Ürünleri İmalatı;+90 (533)540-6044;;;Acidereosb Mahallesi 5 Ocak Caddesi No:4;https://adanaorganize.org.tr/firma/yamac-makina-iml-ve-ins-paz-tic-ltd-sti/
YAVUZ TEKNİK PASLANMAZ ÇELİK TESİSAT  MALZEMELERİ SAN. VE TİC. LTD. ŞTİ.;Fabrikasyon Metal Ürünleri İmalatı;+90 (322)394-5010;http://www.yavuzteknik.com;yavuzteknik.com;Acidereosb Mahallesi Sanayi Caddesi No: 4;https://adanaorganize.org.tr/firma/yavuz-teknik-paslanmaz-celik-tesisat-malzemeleri-san-ve-tic-ltd-sti/
YENİ MAĞAZACILIK A.Ş.;Diğer İmalatlar;+90 (322)394-3948;http://www.a101.com.tr;a101.com.tr;Acidereosb Mahallesi Celal Bayar Bulvari No: 33;https://adanaorganize.org.tr/firma/yeni-magazacilik-a-s/
YENİGÜN ORMAN ÜRN.VE KAĞ.SAN.VE TİC.LTD.ŞTİ.;Kağıt ve Kağıt Ürünlerinin İmalatı;+90 (322)394-5020;http://www.yenigunltd.com;yenigunltd.com;Acidereosb Mahallesi Sanayi Caddesi No: 6;https://adanaorganize.org.tr/firma/yenigun-orman-urn-ve-kag-san-ve-tic-ltd-sti/
YIL-KİM KİMYA TİNER SAN.LTD.ŞTİ.;Kimyasalların ve Kimyasal Ürünlerin İmalatı;+90 (322)394-4492;http://www.myboya.com.tr;myboya.com.tr;Acidereosb Mahallesi Zafer Caddesi No: 5;https://adanaorganize.org.tr/firma/yil-kim-kimya-tiner-san-ltd-sti/
YILPACK AMBALAJ SANAYİ VE TİCARET ANONİM ŞİRKETİ;Kauçuk ve Plastik Ürünlerin İmalatı;0322 394 37 93;https://yilpack.com/;yilpack.com;H. Sabancı Org. San. Bölgesi İnönü Bulvarı No:15 Sarıçam/Adana;https://adanaorganize.org.tr/firma/yilpack-ambalaj-sanayi-ve-ticaret-anonim-sirketi/
Yılsan Plastik Ambalaj Sanayi ve Ticaret Anonim Şirketi;Kauçuk ve Plastik Ürünlerin İmalatı;+90(322)882-0220;https://yilsan.com/;yilsan.com;Acıdereosb Mahallesi Başak Caddesi 3 Adana Sarıçam;https://adanaorganize.org.tr/firma/yilsan-plastik-ambalaj-sanayi-ve-ticaret-anonim-sirketi-2/
Yonpaş Orman Ürünleri San. Tic. A.Ş.;Ağaç, Ağaç Ürünleri ve Mantar Ürünleri İmalatı;+90(322)346-0404;https://yonpas.com;yonpas.com;Acıdereosb Mahallesi Atatürk Bulvarı No: 12 Adana Sarıçam;https://adanaorganize.org.tr/firma/yonpas-orman-urunleri-san-tic-a-s/
Yörüksan Lojistik Nakliyat İnşaat Gıda Tarım Ürün. Röm. San. Tic. Ltd. Şti.;Diğer İmalatlar;;;;Acıdereosb Mahallesi Turgut Özal Bulvarı 8 Adana Sarıçam;https://adanaorganize.org.tr/firma/yoruksan-lojistik-nakliyat-insaat-gida-tarim-urun-rom-san-tic-ltd-sti/
YURTBAY SERAMİK SAN. TİC. A.Ş.;Diğer Metalik Olmayan Mineral Ürünlerin İmalatı, Kimyasalların ve Kimyasal Ürünlerin İmalatı;+90 (322)342-1002;http://www.yurtbay.com.tr;yurtbay.com.tr;Acidereosb Mahallesi Ismet Atli Caddesi No: 11;https://adanaorganize.org.tr/firma/yurtbay-seramik-san-tic-a-s/
YZD ELEKTRİK İNŞ.TİC.VE SAN.LTD.ŞTİ.;Elektrikli Teçhizat İmalatı;+90 (322)394-5194;http://www.yzd.com.tr;yzd.com.tr;Acidereosb Mahallesi Inönü Bulvari No: 11;https://adanaorganize.org.tr/firma/yzd-elektrik-ins-tic-ve-san-ltd-sti/
ZA METAL KUTU AMBALAJ SAN.VE TİC.A.Ş.;Fabrikasyon Metal Ürünleri İmalatı;+90 (322)394-3476;http://www.zaambalaj.com.tr;zaambalaj.com.tr;Acidereosb Mahallesi Mehmet Akif Ersoy Bulvari No: 8;https://adanaorganize.org.tr/firma/za-metal-kutu-ambalaj-san-ve-tic-a-s/
ZAHİT ALÜMİNYUM SAN. VE TİC. A.Ş.;Fabrikasyon Metal Ürünleri İmalatı;+90 (322)394-3502;http://www.zahit.com.tr;zahit.com.tr;Acidereosb Mahallesi Oğuz Kağan Köksal Caddesi No: 5;https://adanaorganize.org.tr/firma/zahit-aluminyum-san-ve-tic-a-s/
ZEKİ MNF TEKSTİL SANAYİ VE TİCARET LİMİTED ŞİRKETİ;Tekstil Ürünlerinin İmalatı;+90 (532)589-5975;;;Acidereosb Mahallesi Istiklal Caddesi No: 7;https://adanaorganize.org.tr/firma/zeki-mnf-tekstil-sanayi-ve-ticaret-limited-sirketi/
ZİRAAT BANKASI A.Ş.;Diğer İmalatlar;+90 (322)394-3359;http://www.ziraat.com.tr;ziraat.com.tr;Acidereosb Mahallesi Turgut Özal Bulvari No: 9;https://adanaorganize.org.tr/firma/ziraat-bankasi-a-s/