Firma Adı;Şehir;İlçe;Sektör;Telefon;Faks;E-Posta;Web Sitesi;Domain;Adres
2 E TARIM VE GIDA SAN.TİC.LTD.ŞTİ.;İZMİR;ÇİĞLİ;;(232) 502 17 33;5021738;;;;10.026 SOKAK NO.2  ATATÜRK ORGANİZE SANAYİ BÖLGESİ
3N PLAST YAPI SANAYİ A.Ş.;İZMİR;ÇİĞLİ;;(216) 444 97 70;(216) 415 95 05;;;;10.010 SOKAK NO:31  ATATÜRK ORGANİZE SANAYİ BÖLGESİ
3N PLAST YAPI SANAYİ A.Ş.;İZMİR;ÇİĞLİ;;(216) 444 97 70;(216) 415 95 05;;;;10.010 SOKAK NO:29 ATATÜRK ORGANİZE SANAYİ BÖLGESİ
3N PLAST YAPI SANAYİ A.Ş.;İSTANBUL;SANCAKTEPE;;(216) 444 97 70;(216) 415 95 05;;;;EMEK MAH.ESENŞEHİR CAD.NO:11 K:2 D:4
3N PLAST YAPI SANAYİ A.Ş.;İSTANBUL;SANCAKTEPE;;(216) 444 97 70;(216) 415 95 05;;;;EMEK MAH.ESENŞEHİR CAD.NO:11 K:2 D:4
A PLEKS YAPI VE REKLAM MALZEMELERİ İNŞ.SAN.TİC.LTD.ŞTİ.;İZMİR;ÇİĞLİ;Kauçuk ve plastik ürünlerin imalati;(232) 202 32 38;;info@apleks.com;http://www.apleks.com;apleks.com;10.022 SOKAK NO.11 ATATÜRK ORGANİZE SANAYİ BÖLGESİ
A.S.Y. YEMEK HİZMETLERİ GIDA SAN.VE TİC.LTD.ŞTİ.;İZMİR;ÇİĞLİ;Hazir yemek imalati (vakumla paketlenmis veya koru;(232) 376 70 68;2323767009;info@asyyemek.com.tr;http://www.asyyemek.com.tr;asyyemek.com.tr;10.006/1 SOKAK NO.45    ATATÜRK ORGANİZE SANAYİ BÖLGESİ
ABALIOĞLU YAĞ SANAYİ VE TİCARET A.Ş.;İZMİR;ÇİĞLİ;;(232) 328 31 72;3280386;info@abaliyag.com;www.abalioglu.com;abalioglu.com;10.043 SOKAK NO.13  ATATÜRK ORGANİZE SANAYİ BÖLGESİ
ABALIOĞLU YAĞ SANAYİ VE TİCARET A.Ş.;İZMİR;ÇİĞLİ;;(232) 328 31 72;3280386;info@abaliyag.com;www.abaliogluyag.com;abaliogluyag.com;10.006/1 SOKAK NO.19  ATATÜRK ORGANİZE SANAYİ BÖLGESİ
ABB ELEKTRİK SANAYİ A.Ş.;İZMİR;ÇİĞLİ;Motor ve türbinlerin bakim ve onarimi (hidrolik, r;(232) 328 29 00;3282905;contact.center@tr.abb.com;http://tr.abb.com;tr.abb.com;10.046 SOKAK NO.12  ATATÜRK ORGANİZE SANAYİ BÖLGESİ
ABDULLAH KIZILKAN;İZMİR;ÇİĞLİ;;;;;http://;;10.040 SOKAK NO.16 ATATÜRK ORGANİZE SANAYİ BÖLGESİ
ABİDİN CİNSTAŞ;İZMİR;ÇİĞLİ;Temel eczacilik ürünlerinin ve eczaciliga iliskin ;;;abidinkuyum@hotmail.com;;;10.041 SOKAK NO.9  ATATÜRK ORGANİZE SANAYİ BÖLGESİ
ABİDİN CİNSTAŞ;İZMİR;ÇİĞLİ;Gida ürünlerinin imalati;;;abidinkuyum@hotmail.com;;;10.006/1 SOKAK NO.25  ATATÜRK ORGANİZE SANAYİ BÖLGESİ
ABİDİN CİNSTAŞ;İZMİR;ÇİĞLİ;Motorlu kara tasitlari için diger parça ve aksesua;;;abidinkuyum@hotmail.com;;;10.042 SOKAK NO.16  ATATÜRK ORGANİZE SANAYİ BÖLGESİ
ABİDİN CİNSTAŞ;İZMİR;ÇİĞLİ;;;;abidin@abidinkuyumculuk.com;http://;;10.032 SOKAK NO:33 ATATÜRK ORGANİZE SANAYİ BÖLGESİ
ABİDİN CİNSTAŞ;İZMİR;ÇİĞLİ;;;;abidinkuyum@hotmail.com;;;10039 SOKAK NO:21 ATATÜRK ORGANİZE SANAYİ BÖLGESİ
ACA MOBİLYA TEKS.AMB.VE KAĞIT ÜR.SAN.TİC.LTD.ŞTİ.;İZMİR;ÇİĞLİ;;(232) 422 11 78;;;;;10.002 SOKAK NO.40 ATATÜRK ORGANİZE SANAYİ BÖLGESİ
ADAS DAYANIKLI TÜKETİM MALLARI ÜRETİM VE PAZ.A.Ş.;İZMİR;ÇİĞLİ;Büro, okul, ibadethane, otel, lokanta, sinema, tiy;(232) 376 83 57;;info@adas.com.tr;www.adas.com.tr;adas.com.tr;10.001 SOKAK NO.10  ATATÜRK ORGANİZE SANAYİ BÖLGESİ
ADAS DAYANIKLI TÜKETİM MALLARI ÜRETİM VE PAZ.A.Ş.;İZMİR;ÇİĞLİ;Büro, okul, ibadethane, otel, lokanta, sinema, tiy;(232) 376 83 57;;info@adas.com.tr;www.adas.com.tr;adas.com.tr;10.000 SOKAK NO:26  ATATÜRK ORGANİZE SANAYİ BÖLGESİ
ADAS DAYANIKLI TÜKETİM MALLARI ÜRETİM VE PAZ.A.Ş.;İZMİR;ÇİĞLİ;Büro, okul, ibadethane, otel, lokanta, sinema, tiy;(232) 376 83 57;;info@adas.com.tr;http://www.adas.com.tr;adas.com.tr;10.000 SOKAK NO.28 ATATÜRK ORGANİZE SANAYİ BÖLGESİ
ADEM YILMAZ;İZMİR;ÇİĞLİ;Sanayi tipi sogutucu ve dondurucu donanimlari ile ;(232) 367 99 37;3283654;adem@asayteknik.com;http://;;10.026 SOKAK NO:34  ATATÜRK ORGANİZE SANAYİ BÖLGESİ
ADG PETROL İNŞAAT SAN.VE TİC.A.Ş.;İZMİR;ÇİĞLİ;;444 89 76;;info@zerengroup.com;https://www.zerengroup.com/tr/;zerengroup.com;10.032 SOKAK NO.13 ATATÜRK ORGANİZE SANAYİ BÖLGESİ
ADNAN CİNSTAŞ;İZMİR;ÇİĞLİ;El aletleri, takim tezgahi uçlari, testere agizlar;;;;http://;;M.KEMAL ATATÜRK BUL.NO.6  ATATÜRK ORGANİZE SANAYİ BÖLGESİ
ADNAN CİNSTAŞ;İZMİR;ÇİĞLİ;;;;;;;10.042 SOKAK NO.12  ATATÜRK ORGANİZE SANAYİ BÖLGESİ
AG KALIP MAKİNA SAN.VE TİC.LTD.ŞTİ.;İZMİR;ÇİĞLİ;Metalden kalip ve döküm modeli imalati (kek ve aya;;;muhasebe@agkalip.com;http://;;10.041 SOKAK NO.9  ATATÜRK ORGANİZE SANAYİ BÖLGESİ
AG TRANSFORMATÖR VE ENERJİ TEKNOLOJİLERİ SAN.TİC.A.Ş.;İZMİR;ÇİĞLİ;;(232) 398 15 00;3767764;mehmetgure@eltas.com.tr;http://www.eltas.com.tr;eltas.com.tr;10.046 SOKAK NO.4  ATATÜRK ORGANİZE SANAYİ BÖLGESİ
AGAMER DERİ KONFEKSİYON SAN .VE TİC.A.Ş.;İZMİR;ÇİĞLİ;;(232) 328 19 66;3281959;agartioglu@superonline.com;http://www.agartioglu.com.tr;agartioglu.com.tr;M.KEMAL ATATÜRK BUL. NO.3 ATATÜRK ORGANİZE SANAYİ BÖLGESİ
AĞAM BAKLAVALARI GIDA ÜRÜNLERİ TİCARET VE SANAYİ LTD.ŞTİ.;İZMİR;ÇİĞLİ;Hamur tatlilari imalati (tatlandirilmis kadayif, l;(232) 328 21 62;3282163;merkez@agam.com.tr;www.agam.com.tr;agam.com.tr;10.010 SOKAK NO:15 ATATÜRK ORGANİZE SANAYİ BÖLGESİ
AHMET ÇETİN TÜRKMENOĞLU;İZMİR;ÇİĞLİ;Metallerin makinede islenmesi ve sekil verilmesi;(232) 483 22 79;4823032;cetinturkmen@yahoo.com;;;10.007 SOKAK NO.18 ATATÜRK ORGANİZE SANAYİ BÖLGESİ
AHMET DEĞİRMENCİ - ONUR KALIP SANAYİ;İZMİR;ÇİĞLİ;Metallerin makinede islenmesi (torna tesfiye isler;(232) 376 81 26;3768127;info@onurpulverizator.com;;;10.016 SOKAK NO.56 ATATÜRK ORGANİZE SANAYİ BÖLGESİ
AHMET DOĞAN HÜNER;İZMİR;ÇİĞLİ;;(232) 376 71 76;3767100;dhuner@iaosb.org.tr;http://;;10.021 SOKAK NO.37 ATATÜRK ORGANİZE SANAYİ BÖLGESİ
AHMET KONCA İNŞAAT;İZMİR;ÇİĞLİ;;(232) 328 33 11;;a_konca@hotmail.com;http://;;10.001 SOKAK NO:28  ATATÜRK ORGANİZE SANAYİ BÖLGESİ
AHMET MOLLA;İZMİR;ÇİĞLİ;Motorlu kara tasitlari için diger parça ve aksesua;;3282837;erdemmolla@hotmail.com;;;M.KEMAL ATATÜRK BUL.NO.10  ATATÜRK ORGANİZE SANAYİ BÖLGESİ
AHMET SOĞUKDAĞ - HAKAN SAC TABLOLARI;İZMİR;ÇİĞLİ;Elektrik devrelerinin anahtarlanmasi, korunmasi ve;(232) 336 21 28;3362128;hakansogukdag@hotmail.com;;;10.016 SOKAK NO.14  ATATÜRK ORGANİZE SANAYİ BÖLGESİ
AHMET ULCAY / ALPASLAN ULCAY / ALEV ULCAY;İZMİR;ÇİĞLİ;;(232) 436 20 25;4360973;ismailulcay@gmail.com;http://www.ulcayizkap.com;ulcayizkap.com;10.008 SOKAK NO.5 ATATÜRK ORGANİZE SANAYİ BÖLGESİ
AHMET/SAADET/RECEP/FATİH MEHMET/HALİL BEKTAŞ-KADRİYE BEKTAŞ SÜZER-MELEK KIRCA;İZMİR;ÇİĞLİ;;(232) 336 43 59;3364359;bektasun@gmail.com;;;10.026 SOKAK NO.54 ATATÜRK ORGANİZE SANAYİ BÖLGESİ
AJAN ELEKTRONİK SERVİS SAN.TİC.LTD.ŞTİ.;İZMİR;ÇİĞLİ;Takim tezgahlari (metal islemek için lazer ve benz;(232) 328 12 02;3281501;info@ajancnc.com;http://www.ajancnc.com;ajancnc.com;10.039 SOKAK NO.4 ATATÜRK ORGANİZE SANAYİ BÖLGESİ
AJAN ELEKTRONİK SERVİS SAN.TİC.LTD.ŞTİ.;İZMİR;ÇİĞLİ;;(232) 328 12 02;3281501;info@ajancnc.com;http://www.ajancnc.com;ajancnc.com;10.039 SOKAK NO:12 ATATÜRK ORGANİZE SANAYİ BÖLGESİ
AJAN ELEKTRONİK SERVİS SAN.TİC.LTD.ŞTİ.;İZMİR;ÇİĞLİ;Takim tezgahlari (metal islemek için lazer ve benz;(232) 328 12 02;3281501;info@ajancnc.com;http://www.ajancnc.com;ajancnc.com;10.039 SOKAK NO:10 ATATÜRK ORGANİZE SANAYİ BÖLGESİ
AJAN MAKİNA VE YEDEK PARÇA SAN. VE TİC.LTD.ŞTİ.;İZMİR;ÇİĞLİ;;(232) 328 12 02;3281501;info@ajancnc.com;http://;;10.039 SOKAK NO:12 ATATÜRK ORGANİZE SANAYİ BÖLGESİ
AK DÖKÜM SANAYİ A.Ş.;İZMİR;ÇİĞLİ;Pik demir ve manganezli dökme demir (aynali demir/;(232) 328 35 10;3283518;info@akdokum.com;www.akdokum.com;akdokum.com;10.037 SOKAK NO.6 ATATÜRK ORGANİZE SANAYİ BÖLGESİ
AKANTEL ELEKTRONİK SAN.VE TİC.LTD.ŞTİ.;İZMİR;ÇİĞLİ;Sanayi tipi fan ve vantilatörlerin imalati (çati h;(232) 328 20 90;3280270;info@tr.ebmpapst.com;www.akantel.com.tr;akantel.com.tr;10.007 SOKAK NO.6  ATATÜRK ORGANİZE SANAYİ BÖLGESİ
AKANTUR TURİZM NAKLİYE İNŞ.TAAH.KİMYEVİ MADDELER SAN. VE TİC. A.Ş.;İZMİR;ÇİĞLİ;;(232) 328 03 28;3280326;gaksin@makrochemical.com;;;10.040 SOKAK NO.23  ATATÜRK ORGANİZE SANAYİ BÖLGESİ
AKANTUR TURİZM NAKLİYE İNŞ.TAAH.KİMYEVİ MADDELER SAN. VE TİC. A.Ş.;İZMİR;ÇİĞLİ;;(232) 328 03 28;3280326;gaksin@makrochemical.com;;;10.024 SOKAK NO.3 ATATÜRK ORGANİZE SANAYİ BÖLGESİ
AKÇELİK DEMİR ÇELİK SAN.VE TİC.A.Ş.;KOCAELİ;ÇAYIROVA;;(262) 658 89 52;02626589975;info@akcelik.com.tr;www.akcelik.com.tr;akcelik.com.tr;TOSB TAYSAD ORGANİZE SANAYİ BÖLGESİ 4.CAD.NO.10
AKÇİÇEK KERESTECİLİK SAN.VE TİC.LTD.ŞTİ.;İZMİR;ÇİĞLİ;;(232) 435 27 02;4352702;;;;10.007 SOKAK NO.13 ATATÜRK ORGANİZE SANAYİ BÖLGESİ
AKDEDE DERİ TURİZM İNŞAAT SANAYİ VE TİCARET A.Ş.;İZMİR;ÇİĞLİ;Deri giyim esyasi imalati;(232) 328 14 94;;akdede@akdede.com.tr;www.akdede.com.tr;akdede.com.tr;M.KEMAL ATATÜRK BUL.NO:58 ATATÜRK ORGANİZE SANAYİ BÖLGESİ
AKFEM SAN.İNŞ.VE TİC.A.Ş. HEDEF ÇİĞLİ ŞUBESİ;İZMİR;ÇİĞLİ;;(232) 404 00 66;;info@akfem.com.tr;;;10.027 SOKAK NO.4  ATATÜRK ORGANİZE SANAYİ BÖLGESİ
AKIN AKTEPE SMART TEKSTİL İMALATI SANAYİ VE TİCARET;İZMİR;ÇİĞLİ;;(232) 376 89 48;;skinaktepe@gmail.com;;;M.KEMAL ATATÜRK BUL.NO.10  ATATÜRK ORGANİZE SANAYİ BÖLGESİ
AKKILIÇ GAYRİMENKUL TAAHHÜT TİC.A.Ş.;KOCAELİ;ÇAYIROVA;;(262) 658 89 52;02626580891;;http://;;TOSB TAYSAD ORGANİZE SANAYİ BÖLGESİ 4.CAD.NO.10
AKKILIÇ GAYRİMENKUL TAAHHÜT TİC.A.Ş.;KOCAELİ;ÇAYIROVA;;(262) 658 89 52;02626580891;;;;TOSB TAYSAD ORGANİZE SANAYİ BÖLGESİ 4.CAD.NO.10
AKON HİDROLİK VALF SAN.VE TİC.A.Ş.;İZMİR;ÇİĞLİ;;(232) 376 79 99;3768078;info@akon.com.tr;http://www.akon.com.tr;akon.com.tr;10.000 SOKAK NO.22  ATATÜRK ORGANİZE SANAYİ BÖLGESİ
AKON HİDROLİK VALF SAN.VE TİC.A.Ş.;İZMİR;ÇİĞLİ;Akiskan gücü ile çalisan ekipmanlarin ve bunlarin ;(232) 376 79 99;3768078;info@akon.com.tr;www.akon.com.tr;akon.com.tr;10.000 SOKAK N0:22  ATATÜRK ORGANİZE SANAYİ BÖLGESİ
AKSEKİ YAPI A.Ş.;İZMİR;ÇİĞLİ;;(232) 271 54 22;2713905;info@aksekiyapi.com;http://www.aksekiyapi.com;aksekiyapi.com;10.032 SOKAK NO:33 ATATÜRK ORGANİZE SANAYİ BÖLGESİ
AKSEKİ YAPI A.Ş.;İZMİR;ÇİĞLİ;;(232) 271 54 22;2713905;info@aksekiyapi.com;http://www.aksekiyapi.com;aksekiyapi.com;10.032 SOKAK NO.31 ATATÜRK ORGANİZE SANAYİ BÖLGESİ
AKSOY İNŞ.MİM.MÜH.MÜŞ.SAN.VE TİC.LTD.ŞTİ.;İZMİR;ÇİĞLİ;Makine ve ekipmanlarin kurulumu ve onarimi;(232) 489 22 65;4846666;iskenderaksoy240@gmail.com;;;10.040 SOKAK NO.5 ATATÜRK ORGANİZE SANAYİ BÖLGESİ
AKTAŞ MERMER SANAYİ VE TİCARET A.Ş.;İZMİR;ÇİĞLİ;Mermer ocakçiligi (traverten dahil);(232) 376 75 47;;info@aktasmarble.com;www.aktasmarble.com;aktasmarble.com;10.006/1 SOKAK NO.8 ATATÜRK ORGANİZE SANAYİ BÖLGESİ
ALEV SERGİO;İZMİR;ÇİĞLİ;;;;;;;10.044 SOKAK NO.12  ATATÜRK ORGANİZE SANAYİ BÖLGESİ
ALİ ALPER KAHVECİOĞLU/YELİZ KAHVECİOĞLU/BANU GÖNÜLCAN/ NİLGÜN KAHVECİOĞLU;İZMİR;ÇİĞLİ;;(232) 336 27 42;3362742;info@kahveciogluyapi.com;;;10.016  SOKAK NO.29 ATATÜRK ORGANİZE SANAYİ BÖLGESİ
ALİ ATİK AKKAYA - ATİK GİYİM SANAYİ;İZMİR;ÇİĞLİ;Gömlek, tisört, bluz, vb. ceket altina giyilebilen;;;;;;10.021 SOKAK NO.35 ATATÜRK ORGANİZE SANAYİ BÖLGESİ
ALİ DEDELER;İZMİR;ÇİĞLİ;Oluklu kagit ve mukavva imalati ile kagit ve mukav;(236) 547 10 74;(236) 547 30 67;adedeler45@hotmail.com;;;10.016 SOKAK NO.6 ATATÜRK ORGANİZE SANAYİ BÖLGESİ
ALİ DEMİRAĞ;İZMİR;ÇİĞLİ;;(232) 328 20 69;3280419;;http://;;10.016 SOKAK NO.18  ATATÜRK ORGANİZE SANAYİ BÖLGESİ
ALİ MELİH HARMAN;İZMİR;ÇİĞLİ;Diger matbaacilik;;;melhar@windowslive.com;www.iyte.edu.tr/eastmt;iyte.edu.tr;10.016 SOKAK NO.46  ATATÜRK ORGANİZE SANAYİ BÖLGESİ
ALİ SERTDEMİR TEKNİK HIRDAVAT ÜSTÜBÜ SAN.TİC.LTD.ŞTİ.;İZMİR;ÇİĞLİ;Plastik poset, çöp torbasi, çanta, torba, çuval, f;(232) 376 75 50;3767551;info@gurdemirplastik.com.tr;http://www.gurdemirplastik.com;gurdemirplastik.com;10.023 SOKAK NO.12   ATATÜRK ORGANİZE SANAYİ BÖLGESİ
ALİ SÜREYYA PERÇİN;İZMİR;ÇİĞLİ;;(232) 238 44 06;2384402;percin955@ttmail.com;;;10.016 SOKAK NO.76 ATATÜRK ORGANİZE SANAYİ BÖLGESİ
ALİ ŞEMSİOĞLU / İMER USLU;İZMİR;ÇİĞLİ;;(232) 457 27 71;4492230;termak@superonline.com;;;10.002 SOKAK NO.50 ATATÜRK ORGANİZE SANAYİ BÖLGESİ
ALİ TOLGAY / AYŞE SANCAR;İZMİR;ÇİĞLİ;;;4215858;;;;10.002 SOKAK NO.27 ATATÜRK ORGANİZE SANAYİ BÖLGESİ
ALLIANCE ONE TÜTÜN A.Ş.;İZMİR;ÇİĞLİ;Tütün ürünleri imalati;(232) 376 77 00;3282128;aot@aointl.com;http://www.aointl.com;aointl.com;10.037 SOKAK NO.7 ATATÜRK ORGANİZE SANAYİ BÖLGESİ
ALLIED MİNAREL PRODUCTS TURKEY REFRAKTER SAN.VE TİC.LTD.ŞTİ.;İZMİR;ÇİLİ;Atese dayanikli imbikler, damitma kabi, eritme pot;(232) 503 02 22;;turkiye@alliedmineral.com;www.alliedmineral.com;alliedmineral.com;10.006/1 SOKAK NO.2/6 ATATÜRK ORGANİZE SANAYİ BÖLGESİ
ALPEL MAKİNA TEKNİK MALZEME SANAYİ VE TİCARET LTD.ŞTİ.;İZMİR;ÇİĞLİ;Bina veya diger insaat projelerinde isitma, havala;(232) 328 03 65;3280486;info@maktek.com.tr;www.maktek.com.tr;maktek.com.tr;10.013 SOKAK NO.14 ATATÜRK ORGANİZE SANAYİ BÖLGESİ
ALTIN NAKIŞ TEKSTİL ÖRME SAN.LTD.ŞTİ.;İZMİR;ÇİĞLİ;Tül ve diger ag kumaslarin (dokuma, örgü (triko) v;(232) 328 00 44;3280045;info@altinnakis.com.tr;http://www.altinnakis.com.tr;altinnakis.com.tr;10.016 SOKAK NO.4 ATATÜRK ORGANİZE SANAYİ BÖLGESİ
ALTINOK TARIM ORMAN ÜRÜNLERİ SAN. VE TİC. LTD.ŞTİ.;İZMİR;ÇİĞLİ;;(232) 376 81 70;3768169;info@altinokpalet.com;http://www.altinokpalet.com;altinokpalet.com;10.010 SOKAK NO.3 ATATÜRK ORGANİZE SANAYİ BÖLGESİ
ALTINOK TARIM ORMAN ÜRÜNLERİ SAN. VE TİC. LTD.ŞTİ.;İZMİR;ÇİĞLİ;Palet, kutu palet ve diger ahsap yükleme tablalari;(232) 376 81 70;3768169;info@altinokpalet.com;www.altinokpalet.com;altinokpalet.com;10.010 SOKAK NO.5  ATATÜRK ORGANİZE SANAYİ BÖLGESİ
ALTINTRANSFER DİJİTAL BASKI VE KUMAŞÇILIK İTHALAT İHRACAT SAN.TİC.LTD.ŞTİ.;İZMİR;ÇİĞLİ;;(232) 328 32 34;3283235;altintransfer@hotmail.com;;;10.016 SOKAK NO.10 ATATÜRK ORGANİZE SANAYİ BÖLGESİ
ALVİNA KOZMETİK SAN.VE TİC.LTD.ŞTİ.;İZMİR;ÇİĞLİ;Kapali alanlar için kokulu müstahzarlar ve koku gi;(232) 329 44 34;;info@alvinakozmetik.com;http://www.alvinakozmetik.com;alvinakozmetik.com;10.016 SOKAK NO.76 ATATÜRK ORGANİZE SANAYİ BÖLGESİ
ALZ TEKSTİL İNŞAAT SAN.VE TİC.LTD.ŞTİ.;İZMİR;ÇİĞLİ;;;;alztekstil@gmail.com;;;10.010 SOKAK NO:11 ATATÜRK ORGANİZE SANAYİ BÖLGESİ
AMCOR SPECIALTY CARTONS İZMİR BASKI SAN.VE TİC. A.Ş.;İZMİR;ÇİĞLİ;Kagit ve mukavva imalati (daha ileri sanayi isleml;(232) 498 98 98;4989888;izmir.finance@amcor.com;www.amcor.com;amcor.com;10.006/1 SOKAK NO:6  ATATÜRK ORGANİZE SANAYİ BÖLGESİ
AMWAY TÜRKİYE LTD.ŞTİ.;İZMİR;ÇİĞLİ;Sampuan, saç kremi, saç spreyi, jöle, saç düzlesti;(232) 328 16 20;4554455;infotr@amway.com;www.amway.com;amway.com;10.002 SOKAK NO:9 ATATÜRK ORGANİZE SANAYİ BÖLGESİ
ANADOLU CNC MAKİNA SAN.VE TİC.A.Ş.;İZMİR;ÇİĞLİ;;(232) 328 03 45;3280348;satis@anadolumakina.com.tr;www.anadolumakina.com.tr;anadolumakina.com.tr;M.KEMAL ATATÜRK BUL. NO.40 ATATÜRK ORGANİZE SANAYİ BÖLGESİ
ANDAÇ OTOMOTİV SANAYİ VE TİCARET LTD. ŞTİ.;İZMİR;ÇİĞLİ;Motorlu kara tasitlari için diger parça ve aksesua;(232) 478 01 01;4797784;info@andacotomotiv.com;http://www.andacotomotiv.com;andacotomotiv.com;10.037 SOKAK NO.5 ATATÜRK ORGANİZE SANAYİ BÖLGESİ
ANDY FİLİDİS;İZMİR;ÇİĞLİ;;(232) 327 38 11;3273812;andy@ardametal.com.tr;http://www.ardametal.com.tr;ardametal.com.tr;10.026 SOKAK NO.2  ATATÜRK ORGANİZE SANAYİ BÖLGESİ
ANTEBİ DESIGN TEKSTİL SAN.VE TİC.A.Ş.;İZMİR;ÇİĞLİ;Iç giyim esyasi imalati;(232) 328 09 73;3281547;hello@antebies.com;www.antebies.com/tr/;antebies.com;10.014 SOKAK NO:5 ATATÜRK ORGANİZE SANAYİ BÖLGESİ
AR BOBİNAJ VE ELEKTRİK MALZ.SAN.VE TİC.LTD.ŞTİ.;İZMİR;ÇİĞLİ;Elektrik motorlari, jeneratörler ve motor jeneratö;(232) 433 85 36;3280947;info@arbobinaj.com;;;10.022 SOKAK NO.14  ATATÜRK ORGANİZE SANAYİ BÖLGESİ
AR KİMYA SANAYİ VE TİCARET A.Ş.;İZMİR;ÇİĞLİ;Rafine edilmis petrol ürünleri imalati;(232) 328 32 85;3767110;info@arkimya.com.tr;www.arkimya.com.tr;arkimya.com.tr;10.002 SOKAK NO:37 ATATÜRK ORGANİZE SANAYİ BÖLGESİ
AR-CAN MAKİNA SAN.VE TİC.A.Ş.;İZMİR;ÇİĞLİ;Gida ve içeceklerin endüstriyel olarak hazirlanmas;(232) 376 88 21;3768820;info@arcan.com.tr;www.arcan.com.tr;arcan.com.tr;10.007 SOKAK NO:10  ATATÜRK ORGANİZE SANAYİ BÖLGESİ
AR-CAN MAKİNA SAN.VE TİC.A.Ş.;İZMİR;ÇİĞLİ;Gida ve içeceklerin endüstriyel olarak hazirlanmas;(232) 376 88 21;3768820;info@arcan.com.tr;www.arcan.com.tr;arcan.com.tr;10.007 SOKAK NO.12  ATATÜRK ORGANİZE SANAYİ BÖLGESİ
AR-ES TIBBİ VE ELEKTRONİK CİHAZ VE MALZ.SAĞLIK VE DANIŞMANLIK HİZM.TİC.VE İTH.VE İHR.LTD.ŞTİ.;İZMİR;ÇİĞLİ;;(232) 382 40 48;3824049;arestibbi@hotmail.com;www.ar-estibbi.com;ar-estibbi.com;10.041 SOKAK NO.13  ATATÜRK ORGANİZE SANAYİ BÖLGESİ
ARPES KİMYEVİ MADDELER TURİZM SANAYİ İÇ VE DIŞ TİC.A.Ş.;İZMİR;ÇİĞLİ;Diger inorganik temel kimyasal maddelerin imalati;(232) 329 20 27;3292027;serhanozhamit@gmail.com;;;10.016 SOKAK NO:68 ATATÜRK ORGANİZE SANAYİ BÖLGESİ
ART ALUKROM YAPI TEKNOLOJİLERİ SAN.TİC.A.Ş.;İZMİR;ÇİĞLİ;;(232) 461 21 17;4862225;info@alukrom.com;www.alukrom.com;alukrom.com;10.006/1 SOKAK NO.2/C ATATÜRK ORGANİZE SANAYİ BÖLGESİ
ARTLİNE YAPI İNŞAAT SAN. VE TİC.LTD.ŞTİ.;İZMİR;ÇİĞLİ;Mutfak mobilyalarinin imalati;;;info@artlineyapi.com.tr;http://www.artlineyapi.com.tr;artlineyapi.com.tr;10.029 SOKAK NO.3 ATATÜRK ORGANİZE SANAYİ BÖLGESİ
ARTPACK KAĞIT AMBALAJ A.Ş.;İZMİR;ÇİĞLİ;;(232) 485 02 32;;info@artpackambalaj.com;www.artpackambalaj.com;artpackambalaj.com;10.008 SOKAK NO.12 ATATÜRK ORGANİZE SANAYİ BÖLGESİ
ARVENTO MOBİL SİSTEMLER A.Ş. - İZMİR ŞUBESİ;ANKARA;ÇANKAYA;;(232) 328 37 20;3283715;info@arvento.com;http://www.arvento.com;arvento.com;MUSTAFA KEMAL MAH.DUMLUPINAR BULV.NO.280/G İÇ KAPI NO.514
ARYIL TEKSTİL KONFEKSİYON SAN.VE TİC.LTD.ŞTİ.;İZMİR;ÇİĞLİ;Kürk hariç, giyim esyasi imalati;;;ahmetguroz5@gmail.com;;;10.023 SOKAK NO.3  ATATÜRK ORGANİZE SANAYİ BÖLGESİ
ARYIL TEKSTİL KONFEKSİYON SAN.VE TİC.LTD.ŞTİ.;İZMİR;ÇİĞLİ;Kürk hariç, giyim esyasi imalati;;;ahmetguroz5@gmail.com;http://;;10.021 SOKAK NO.3  ATATÜRK ORGANİZE SANAYİ BÖLGESİ
ARZU OĞİŞ;İZMİR;ÇİĞLİ;Diger plastik ürünlerin imalati;(232) 368 82 83;;arzuogis@hotmail.com;http://;;10.026 SOKAK NO.10  ATATÜRK ORGANİZE SANAYİ BÖLGESİ
AS KONFEKSİYON SAN.VE TİC.LTD.ŞTİ.;İZMİR;ÇİĞLİ;;(232) 457 11 88;4940148;mali@asbaski.com;www.asbaski.com;asbaski.com;10.040 SOKAK NO:26 ATATÜRK ORGANİZE SANAYİ BÖLGESİ
AS KONFEKSİYON SAN.VE TİC.LTD.ŞTİ.;İZMİR;ÇİĞLİ;;(232) 457 11 88;4940148;mali@asbaski.com;www.asbaski.com;asbaski.com;10.040 SOKAK NO.28  ATATÜRK ORGANİZE SANAYİ BÖLGESİ
AS KONFEKSİYON SAN.VE TİC.LTD.ŞTİ.;İZMİR;ÇİĞLİ;;(232) 457 11 88;4940148;santral@askonfeksiyon.com;www.asbaski.com;asbaski.com;10.006/1 SOKAK NO:47 ATATÜRK ORGANİZE SANAYİ BÖLGESİ
ASAY TEKNİK ISITMA SOĞUTMA HAVALANDIRMA SİSTEMLERİ İZOLASYON İNŞAAT DEMİR SAN.VE TİC.LTD.ŞTİ.;İZMİR;ÇİĞLİ;Sanayi tipi sogutucu ve dondurucu donanimlari ile ;(232) 328 36 53;3283654;info@asayteknik.com;www.asayteknik.com;asayteknik.com;10.026 SOKAK NO:34  ATATÜRK ORGANİZE SANAYİ BÖLGESİ
ASCAŞ MAKİNE SAN.VE TİC.A.Ş.;İZMİR;ÇİĞLİ;Metallerin makinede islenmesi (torna tesfiye isler;;;info@ascasmakine.com;;;10.040 SOKAK NO.23  ATATÜRK ORGANİZE SANAYİ BÖLGESİ
ASYA YIKAMA TEKSTİL İNŞAAT GIDA TAŞIMACILIK SAN.VE TİC.LTD.ŞTİ.;İZMİR;ÇİĞLİ;Kumas ve tekstil ürünlerini agartma ve boyama hizm;(232) 376 82 93;;muhasebe@asyayikama.com;http://;;10.002 SOKAK NO.17 ATATÜRK ORGANİZE SANAYİ BÖLGESİ
ASYA YIKAMA TEKSTİL İNŞAAT GIDA TAŞIMACILIK SAN.VE TİC.LTD.ŞTİ.***AYRLDI***;İZMİR;ÇİĞLİ;;(232) 376 82 93;;muhasebe@asyayikama.com;http://;;10.002 SOKAK NO.17 ATATÜRK ORGANİZE SANAYİ BÖLGESİ
AŞKIN ERDOĞAN;İZMİR;ÇİĞLİ;;(232) 479 04 18;4791419;info@aealdemir.com;;;M.KEMAL ATATÜRK BUL.NO.53 ATATÜRK ORGANİZE SANAYİ BÖLGESİ
ATAER ENERJİ ELEKTRİK ÜRETİM A.Ş.;İZMİR;ÇİĞLİ;Elektrik enerjisi üretimi;(232) 328 06 20;3280624;bilgi@ataerenerji.com.tr;www.ataerenerji.com.tr;ataerenerji.com.tr;10.006/1 SOKAK NO: 20  ATATÜRK ORGANİZE SANAYİ BÖLGESİ
ATAK MADENİ YAĞ PAZARL.SAN.VE TİC.A.Ş.;İZMİR;ÇİĞLİ;Rafine edilmis petrol ürünleri imalati;(232) 328 31 28;3283025;info@atakoil.com;http://www.atakoil.com;atakoil.com;10.032 SOKAK NO.13 ATATÜRK ORGANİZE SANAYİ BÖLGESİ
ATC MEKANİK MAKİNE İMALAT SAN.VE TİC.A.Ş.;İZMİR;ÇİĞLİ;;5040663;;muhasebe@atcmekanik.com;http://www.atcmekanik.com;atcmekanik.com;10.001 SOKAK NO.6  ATATÜRK ORGANİZE SANAYİ BÖLGESİ
ATEK MÜH.ÇELİK KONS.MAKİNA İMALATI SAN.TİC.LTD.ŞTİ.;İZMİR;ÇİĞLİ;;(232) 328 23 86;3282812;info@atekmuhendislik.com;http://www.atekmuhendislik.com;atekmuhendislik.com;10.040 SOKAK NO.27 ATATÜRK ORGANİZE SANAYİ BÖLGESİ
ATEK MÜH.ÇELİK KONS.MAKİNA İMALATI SAN.TİC.LTD.ŞTİ.;İZMİR;ÇİĞLİ;;(232) 328 23 86;3282812;info@atekmuhendislik.com;http://www.atekmuhendislik.com;atekmuhendislik.com;10.035 SOKAK NO.3 ATATÜRK ORGANİZE SANAYİ BÖLGESİ
ATILIM METAL KAUÇUK SAN.VE TİC.A.Ş.;İZMİR;ÇİĞLİ;;(232) 328 23 04;3282307;info@atilimgroup.com;www.atilimgroup.com;atilimgroup.com;M.KEMAL ATATÜRK BUL.NO.60 ATATÜRK ORGANİZE SANAYİ BÖLGESİ
ATİK METAL SAN.VE TİC.A.Ş.;İZMİR;ÇİĞLİ;;(232) 328 35 10;3283518;info@atikmetal.com.tr;http://www.atikmetal.com.tr;atikmetal.com.tr;10.038 SOKAK NO:4  ATATÜRK ORGANİZE SANAYİ BÖLGESİ
ATİK METAL SAN.VE TİC.A.Ş.;İZMİR;ÇİĞLİ;Pik demir ve manganezli dökme demir (aynali demir/;(232) 328 35 10;3283518;info@atikmetal.com.tr;http://www.atikmetal.com.tr;atikmetal.com.tr;10.037 SOKAK NO.6 ATATÜRK ORGANİZE SANAYİ BÖLGESİ
AVAŞ İNŞAAT TURİZM SAN.VE TİC.LTD.ŞTİ.;İZMİR;ÇİĞLİ;Baska yerde siniflandirilmamis diger uzmanlasmis i;(232) 376 74 08;3767628;info@stal.com;;;10.042 SOKAK NO.6 ATATÜRK ORGANİZE SANAYİ BÖLGESİ
AVEK OTOMOTİV SERVİS SAN. VE TİC.A.Ş.İZMİR ŞUBESİ;İZMİR;ÇİĞLİ;;(232) 440 25 25;(232) 440 25 00;info@avek.com.tr;http://www.avek.com.tr;avek.com.tr;10.049 SOKAK NO:11 ATATÜRK ORGANİZE SANAYİ BÖLGESİ
AY AMBALAJ SAN.VE TİC.LTD.ŞTİ.;İZMİR;ÇİĞLİ;Plastik torba, çanta, poset, çuval, kutu, damacana;(232) 328 01 80;3767132;emretalay@ayambalaj.com;http://www.ayambalaj.com;ayambalaj.com;10.036 SOKAK NO:12/2 ATATÜRK ORGANİZE SANAYİ BÖLGESİ
AYAZ GIDA SÜT ÜRÜNLERI SAN.VE TİC.LTD.ŞTİ.;İZMİR;ÇİĞLİ;;(232) 376 81 56;3768156;ayazgida@hotmail.com;http://www.ayazgida.com;ayazgida.com;10.026 SOKAK NO:24  ATATÜRK ORGANİZE SANAYİ BÖLGESİ
AYÇ TEKSTİL SAN.VE TİC.LTD.ŞTİ.;İZMİR;ÇİĞLİ;;;;ayctekstil@hotmail.com;;;10.015 SOKAK NO:5  ATATÜRK ORGANİZE SANAYİ BÖLGESİ
AYD MAKİNA DEMİR ÇELİK VE NAKLİYE SAN.TİC.LTD.ŞTİ.;İZMİR;ÇİĞLİ;;(232) 327 34 63;;ayd.makina@hotmail.com;http://www.aydlazerkesim.com;aydlazerkesim.com;10.024 SOKAK NO.8 ATATÜRK ORGANİZE SANAYİ BÖLGESİ
AYDA MEŞRUBAT GIDA İÇECEK TEMİZLİK İNŞ.MAK.VE MALZEMELERİ TAHSİLAT HİZM.SAN.TİC.LTD.ŞTİ.;İZMİR;ÇİĞLİ;;(232) 328 23 77;5021476;info@aydagida.com;www.aydagida.com;aydagida.com;10.038 SOKAK NO.3 ATATÜRK ORGANİZE SANAYİ BÖLGESİ
AYDEMA TEKSTİL OTOMOTİV DANIŞMANLIK İNŞAAT TURİZM İTH.İHR.SAN.VE TİC.LTD.ŞTİ.;İZMİR;ÇİĞLİ;;(530) 931 08 57;;muhasebe@aydematekstil.com;;;10.001 SOKAK NO:17 ATATÜRK ORGANİZE SANAYİ BÖLGESİ
AYDIN ÜNSAL;İZMİR;ÇİĞLİ;;(232) 463 70 94;4639021;info@egedeniztextile.com;http://;;10.010 SOKAK NO:6 ATATÜRK ORGANİZE SANAYİ BÖLGESİ
AYGEM ELEKTRİK MAKİNA SAN.VE TİC.LTD.ŞTİ.;İZMİR;ÇİĞLİ;Elektrik motorlari, jeneratörler ve motor jeneratö;(232) 376 80 74;3768075;info@aygem.com.tr;http://www.aygem.com;aygem.com;10.023 SOKAK NO.1  ATATÜRK ORGANİZE SANAYİ BÖLGESİ
AYGEM ELEKTRİK MAKİNA SAN.VE TİC.LTD.ŞTİ.;İZMİR;ÇİĞLİ;Elektrik motorlari, jeneratörler ve motor jeneratö;(232) 376 80 74;3768075;info@aygem.com.tr;www.aygem.com.tr;aygem.com.tr;10.021 SOKAK NO.11  ATATÜRK ORGANİZE SANAYİ BÖLGESİ
AYLA ZEHRA KEBAPÇI;İZMİR;ÇİĞLİ;;(232) 878 14 64;;;;;10.026 SOKAK NO:6 ATATÜRK ORGANİZE SANAYİ BÖLGESİ
AYSEL MİNARECİ;İZMİR;ÇİĞLİ;;;;yanki@minarecihukuk.com;http://www.minarecihukuk.com;minarecihukuk.com;10.040 SOKAK NO. 15 ATATÜRK ORGANİZE SANAYİ BÖLGESİ
AYŞE FÜSUN FİŞEK;İZMİR;ÇİĞLİ;;;;;http://;;10.028 SOKAK NO.7 ATATÜRK ORGANİZE SANAYİ BÖLGESİ
AYTAŞ GIDA VE İHTİYAÇ MADDELERİ TARIM TİCARET VE SANAYİ A.Ş.;İZMİR;ÇİĞLİ;Baska yerde siniflandirilmamis meyve ve sebzelerin;(232) 328 09 09;3280900;info@aytas.com.tr;www.aytas.com.tr;aytas.com.tr;10.006\1 SOKAK NO:16 ATATÜRK ORGANİZE SANAYİ BÖLGESİ
B.F.M MAKİNA OTOMASYON İTHALAT SAN.TİC.LTD.ŞTİ.;İZMİR;ÇİĞLİ;;(232) 459 16 20;4591621;info@bfmotomasyon.com;www.bfmotomasyon.com/tr;bfmotomasyon.com;10.023 SOKAK NO.14  ATATÜRK ORGANİZE SANAYİ BÖLGESİ
BAHADIR GÜNEŞOĞLU;İZMİR;ÇİĞLİ;Baska yerde siniflandirilmamis diger imalatlar;3767480;;b.gunesoglu@gmail.com;;;10.016 SOKAK NO.62 ATATÜRK ORGANİZE SANAYİ BÖLGESİ
BAK AMBALAJ SAN. VE TİC. A.Ş. (EKBAK ŞUBESİ);İZMİR;ÇİĞLİ;;(232) 376 74 50;3767458;info@bakambalaj.com.tr;http://www.bakambalaj.com.tr;bakambalaj.com.tr;10.002 SOKAK NO.50 ATATÜRK ORGANİZE SANAYİ BÖLGESİ
BAK AMBALAJ SAN.VE TİC.A.Ş.;İZMİR;ÇİĞLİ;Kagit ve mukavva imalati (daha ileri sanayi isleml;(232) 376 74 50;3767458;bakambalaj@bakambalaj.com.tr;www.bakambalaj.com.tr;bakambalaj.com.tr;10.002 SOKAK.NO:45 ATATÜRK ORGANİZE SANAYİ BÖLGESİ
BAK AMBALAJ SAN.VE TİC.A.Ş.;İZMİR;ÇİĞLİ;Kagit ve mukavva imalati (daha ileri sanayi isleml;(232) 376 74 50;3767458;bakambalaj@bakambalaj.com.tr;http://www.bakambalaj.com.tr;bakambalaj.com.tr;M.KEMAL ATATÜRK BUL.NO.61 ATATÜRK ORGANİZE SANAYİ BÖLGESİ
BAK AMBALAJ SAN.VE TİC.A.Ş.;İZMİR;ÇİĞLİ;Kagit ve mukavva imalati (daha ileri sanayi isleml;(232) 376 74 50;3767458;bakambalaj@bakambalaj.com.tr;http://www.bakambalaj.com.tr;bakambalaj.com.tr;10.002 SOKAK NO.46 ATATÜRK ORGANİZE SANAYİ BÖLGESİ
BAK GRAVÜR TEKNOLOJİSİ SAN.VE TİC.A.Ş.;İZMİR;ÇİĞLİ;Basimda kullanmak üzere baski kliseleri ya da sili;(232) 376 74 01;3768222;info@bakgravur.com.tr;www.bakgravur.com.tr;bakgravur.com.tr;10.008 SOKAK NO.10 ATATÜRK ORGANİZE SANAYİ BÖLGESİ
BAKPLAST PLASTIK SANAYİ VE TİCARET A.Ş.;İZMİR;ÇİĞLİ;Plastik poset, çöp torbasi, çanta, torba, çuval, f;(232) 376 74 10;3767414;muhasebe@bakplast.com.tr;www.bakplast.com;bakplast.com;10.035 SOKAK NO:5 ATATÜRK ORGANİZE SANAYİ BÖLGESİ
BALKAN ÇIRÇIR TEKSTİL MAKİNALARI SAN.VE TİC.A.Ş. ÇİĞLİ ŞUBESİ;İZMİR;ÇİĞLİ;;(256) 231 01 29;02562310131;fatura@balkan.com.tr;http://www.balkan.com.tr;balkan.com.tr;10.002 SOKAK NO.39 ATATÜRK ORGANİZE SANAYİ BÖLGESİ
BANCO ÇELİK HALI MOBİLYA DAYANIKLI DAYANIKLI TÜKETİM MALLARI İNŞAAT SAN.VE TİC.LTD.ŞTİ.;İZMİR;ÇİĞLİ;Hali (duvar halisi dahil) ve kilim imalati (paspas;(850) 420 23 25;3623871;muhasebe@banco.com.tr;www.banco.com.tr;banco.com.tr;M.KEMAL ATATÜRK BUL.NO.48 ATATÜRK ORGANİZE SANAYİ BÖLGESİ
BARAN AMBALAJ SANAYİ VE TİCARET A.Ş.;İZMİR;ÇİĞLİ;Kagit ve kartondan torba ve çanta imalati (kese ka;(232) 376 73 80;3767398;info@baranambalaj.com.tr;www.baranambalaj.com.tr;baranambalaj.com.tr;10.002 SOKAK NO.5 ATATÜRK ORGANİZE SANAYİ BÖLGESİ
BARAN AMBALAJ SANAYİ VE TİCARET A.Ş.;İZMİR;ÇİĞLİ;Kagit ve kartondan torba ve çanta imalati (kese ka;(232) 376 73 80;3767398;info@baranambalaj.com.tr;http://www.baranambalaj.com.tr;baranambalaj.com.tr;10.002 SOKAK NO:7 ATATÜRK ORGANİZE SANAYİ BÖLGESİ
BARAN AMBALAJ SANAYİ VE TİCARET A.Ş.BARAN GREEN ŞUBESİ;İZMİR;ÇİĞLİ;;(232) 376 73 80;3767398;info@baranambalaj.com.tr;http://www.baranambalaj.com.tr;baranambalaj.com.tr;10.034 SOKAK NO.5 ATATÜRK ORGANİZE SANAYİ BÖLGESİ
BAREKS PLASTİK FİLM EKSTRÜZYON SAN.TİC.A.Ş.;İZMİR;ÇİĞLİ;Plastikten yari mamul halde profil, çubuk, tabaka,;(232) 328 09 82;3768462;info@bar-eks.com.tr;http://www.bar-eks.com.tr;bar-eks.com.tr;10.000 SOKAK NO.8 ATATÜRK ORGANİZE SANAYİ BÖLGESİ
BAROTEKS KONFEKSİYON NAKIŞ SAN.TİC.LTD.ŞTİ.;İZMİR;ÇİĞLİ;;(232) 328 20 69;3280419;ramazan@baronakis.com;http://www.baronakis.com;baronakis.com;10.021 SOKAK NO.17  ATATÜRK ORGANİZE SANAYİ BÖLGESİ
BATEL ELEKTROMEKANİK SAN.VE TİC.A.Ş.;İZMİR;ÇİĞLİ;Kablolamada kullanilan gereçlerin imalati (fis, so;(232) 376 76 90;3767691;info@batel.com.tr;www.batel.com.tr;batel.com.tr;10.024 SOKAK NO:6 ATATÜRK ORGANİZE SANAYİ BÖLGESİ
BATEL ELEKTROMEKANİK SAN.VE TİC.A.Ş.;İZMİR;ÇİĞLİ;;(232) 376 76 90;3767691;info@batel.com.tr;www.batel.com.tr;batel.com.tr;10.001 SOKAK NO.13 ATATÜRK ORGANİZE SANAYİ BÖLGESİ
BATEL ELEKTROMEKANİK SAN.VE TİC.A.Ş.;İZMİR;ÇİĞLİ;Kablolamada kullanilan gereçlerin imalati (fis, so;(232) 376 76 90;3767691;info@batel.com.tr;http://www.batel.com.tr;batel.com.tr;10.023 SOKAK NO:7   ATATÜRK ORGANİZE SANAYİ BÖLGESİ
BATEL ELEKTROMEKANİK SAN.VE TİC.A.Ş.;İZMİR;ÇİĞLİ;Kablolamada kullanilan gereçlerin imalati (fis, so;(232) 376 76 90;3767691;info@batel.com.tr;http://www.batel.com.tr;batel.com.tr;10.023 SOKAK NO:5  ATATÜRK ORGANİZE SANAYİ BÖLGESİ
BATEL ELEKTROMEKANİK SAN.VE TİC.A.Ş.METAL MUHAFAZALI HÜCRE ŞUBESİ;İZMİR;ÇİĞLİ;Elektrik devrelerinin anahtarlanmasi, korunmasi il;(232) 376 76 90;3767691;info@batel.com.tr;http://www.batel.com.tr;batel.com.tr;10.002 SOKAK NO.11 ATATÜRK ORGANİZE SANAYİ BÖLGESİ
BATEL ELEKTROMEKANİK SAN.VE TİC.A.Ş.RMU ŞUBESİ;İZMİR;ÇİĞLİ;;(232) 376 76 90;3767691;info@batel.com.tr;http://www.batel.com.tr;batel.com.tr;M.KEMAL ATATÜRK BUL. NO.7  ATATÜRK ORGANİZE SANAYİ BÖLGESİ
BATIBETON SANAYİ A.Ş.;İZMİR;BORNOVA;;(850) 502 46 25;;info@baticim.com.tr;www.batibeton.com.tr;batibeton.com.tr;ANKARA CADDESİ NO.335
BAYKAL MOBİLYA SAN.VE TİC.LTD.ŞTİ.;İZMİR;ÇİĞLİ;;(232) 839 04 20;8390421;muhasebe@mb-concept.de;http://www..mb-concept-design.de/;.mb-concept-design.de;10.053 SOKAK NO.11 ATATÜRK ORGANİZE SANAYİ BÖLGESİ
BAYKON  ENDÜSTRİYEL  KONTROL SİSTEMLERİ SAN.VE TİC.A.Ş. EGE ŞUBESİ;İZMİR;ÇİĞLİ;Tarti aletleri ve baskül imalati (ev ve dükkanlard;(232) 469 97 91;4699794;ege@baykon.com;http://www.baykon.com;baykon.com;10.024 SOKAK NO.3 ATATÜRK ORGANİZE SANAYİ BÖLGESİ
BAYLAN ÖLÇÜ ALETLERİ SAN.VE TİC.A.Ş.;İZMİR;ÇİĞLİ;Ölçme, test ve seyrüsefer amaçli alet ve cihazlari;(232) 497 97 00;4979751;info@baylanwatermeters.com;http://www.baylanwatermeters.com;baylanwatermeters.com;10.032 SOKAK NO:18 ATATÜRK ORGANİZE SANAYİ BÖLGESİ
BAYLAN ÖLÇÜ ALETLERİ SAN.VE TİC.A.Ş.;İZMİR;ÇİĞLİ;;(232) 497 97 00;4979751;info@baylanwatermeters.com;www.baylanwatermeters.com;baylanwatermeters.com;10.044 SOKAK NO:6  ATATÜRK ORGANİZE SANAYİ BÖLGESİ
BAYLAN ÖLÇÜ ALETLERİ SAN.VE TİC.A.Ş.;İZMİR;ÇİĞLİ;;(232) 497 97 00;4979751;info@baylanwatermeters.com;www.baylanwatermeters.com;baylanwatermeters.com;10.044 SOKAK NO:4    ATATÜRK ORGANİZE SANAYİ BÖLGESİ
BAYLAN ÖLÇÜ ALETLERİ SAN.VE TİC.A.Ş.;İZMİR;ÇİĞLİ;;(232) 497 97 00;4979751;info@baylanwatermeters.com;www.baylanwatermeters.com;baylanwatermeters.com;10.053 SOKAK NO.6 ATATÜRK ORGANİZE SANAYİ BÖLGESİ
BAYLAN ÖLÇÜ ALETLERİ SAN.VE TİC.A.Ş.;İZMİR;ÇİĞLİ;;(232) 497 97 00;4979751;info@baylanwatermeters.com;http://www.baylanwatermeters.com;baylanwatermeters.com;10.034 SK. NO.7 ATATÜRK ORGANİZE SANAYİ BÖLGESİ
BAYLAN ÖLÇÜ ALETLERİ SAN.VE TİC.A.Ş.;İZMİR;ÇİĞLİ;;(232) 497 97 00;4979751;info@baylanwatermeters.com;www.baylanwatermeters.com;baylanwatermeters.com;10.046 SOKAK.NO.14  ATATÜRK ORGANİZE SANAYİ BÖLGESİ
BAYLAN ÖLÇÜ ALETLERİ SAN.VE TİC.A.Ş.;İZMİR;ÇİĞLİ;;(232) 497 97 00;4979751;info@baylanwatermeters.com;www.baylanwatermeters.com;baylanwatermeters.com;10.032 SOKAK NO.16 ATATÜRK ORGANİZE SANAYİ BÖLGESİ
BCC TOPLU YEMEK ÜRETİM HİZMETLERİ A.Ş.;İZMİR;ÇİĞLİ;;(232) 478 55 88;4785599;info@bcccatering.com.tr;http://www.bcccatering.com.tr;bcccatering.com.tr;10.040 SOKAK NO:18 ATATÜRK ORGANİZE SANAYİ BÖLGESİ
BECOM GIDA SANAYİ İÇ VE DIŞ TİC.LTD.ŞTİ.;İZMİR;ÇİĞLİ;;(232) 329 96 51;3297450;info@becomgida.com;http://www.becomgida.com;becomgida.com;10.036 SOKAK NO.9 ATATÜRK ORGANİZE SANAYİ BÖLGESİ
BEKİR DUYAR;İZMİR;ÇİĞLİ;;(232) 433 69 38;4594144;info@duyarrulman.com;http://;;10.001 SOKAK NO.4 ATATÜRK ORGANİZE SANAYİ BÖLGESİ
BEKİR DUYAR;İZMİR;ÇİĞLİ;;(232) 433 69 38;4594144;info@duyarrulman.com;http://;;M.KEMAL ATATÜRK BUL. NO.7  ATATÜRK ORGANİZE SANAYİ BÖLGESİ
BEKİR DUYAR;İZMİR;ÇİĞLİ;;(232) 433 69 38;4594144;info@duyarrulman.com;http://www.duyarrulman.com;duyarrulman.com;10.038 SOKAK NO:6 ATATÜRK ORGANİZE SANAYİ BÖLGESİ
BEKİR DUYAR;İZMİR;ÇİĞLİ;;(232) 433 69 38;4594144;info@duyarrulman.com;http://;;M.KEMAL ATATÜRK BUL.NO:12  ATATÜRK ORGANİZE SANAYİ BÖLGESİ
BELMAR DIŞ TİCARET A.Ş.;İZMİR;ÇİĞLİ;Baharat imalati (karabiber, kirmizi toz/pul biber,;(232) 376 70 01;;export@belmar.com.tr;http://www.belmar.com.tr;belmar.com.tr;10.011 SOKAK NO:8 ATATÜRK ORGANİZE SANAYİ BÖLGESİ
BEMAKTHERM MÜH.END.FIRINL.VE TESİS.SAN.TİC.LTD.ŞTİ;İZMİR;ÇİĞLİ;Elektrikli veya elektriksiz laboratuar ocaklari, d;(232) 328 04 75;;info@bemaktherm.com;www.bemaktherm.com;bemaktherm.com;10.040 SOKAK NO. 17 ATATÜRK ORGANİZE SANAYİ BÖLGESİ
BENT CAM KOMPOZİT MOBİLYA SAN.VE TİC.A.Ş.;İZMİR;ÇİĞLİ;Baska yerde siniflandirilmamis diger cam ürünlerin;(232) 327 33 83;3273290;info@bentcam.com.tr;http://www.bentcam.com.tr;bentcam.com.tr;10.039 SOKAK NO:2  ATATÜRK ORGANİZE SANAYİ BÖLGESİ
BERSA TEKSTİL VE KİMYA SAN. A.Ş.;İZMİR;ÇİĞLİ;;(232) 328 34 24;3283412;info@bersa.com.tr;http://www.bersa.com.tr;bersa.com.tr;10.001 SOKAK NO.7  ATATÜRK ORGANİZE SANAYİ BÖLGESİ
BERSA TEKSTİL VE KİMYA SAN. A.Ş. AOSB ŞUBESİ;İZMİR;ÇİĞLİ;;(232) 328 34 24;3283422;info@bersa.com.tr;http://www.bersa.com.tr;bersa.com.tr;10.001 SOKAK NO.8  ATATÜRK ORGANİZE SANAYİ BÖLGESİ
BESAPLAST PLASTİK HAMMADDE VE ÜRN.SAN.TİC.A.Ş.;İZMİR;ÇİĞLİ;Birincil formda poliamitler, üre reçineleri, melam;(232) 376 89 20;3768925;;;;10.008 SOKAK NO.3 ATATÜRK ORGANİZE SANAYİ BÖLGESİ
BETA MOTORLU KAPI SİSTEMLERİ İTH.İHR.İNŞ.VE TAAH.SAN.VE TİC.LTD.ŞTİ.;İZMİR;ÇİĞLİ;;(232) 360 15 25;3601528;beta@betakapi.com;http://www.betkap.com.tr;betkap.com.tr;10.022 SOKAK NO.1  ATATÜRK ORGANİZE SANAYİ BÖLGESİ
BETA MOTORLU KAPI SİSTEMLERİ İTH.İHR.İNŞ.VE TAAH.SAN.VE TİC.LTD.ŞTİ.;İZMİR;ÇİĞLİ;Metalden kepenk ve yangin merdiveni imalati;(232) 360 15 25;3601528;beta@betakapi.com;http://www.betkap.com.tr;betkap.com.tr;10.021 SOKAK NO.25 ATATÜRK ORGANİZE SANAYİ BÖLGESİ
BEYTULLAH ŞENEL - ŞENEL MOBİLYA;İZMİR;ÇİĞLİ;Büro, okul, ibadethane, otel, lokanta, sinema, tiy;(232) 376 78 15;3767817;;;;10.022 SOKAK NO.3  ATATÜRK ORGANİZE SANAYİ BÖLGESİ
BFS MAKİNA MÜHENDİSLİK SAN.TİC.LTD.ŞTİ.;İZMİR;ÇİĞLİ;Sicak ve soguk metal haddeleme makinesi ve metal b;(232) 376 85 22;3768523;info@bigfootguides.com;http://www.bigfootguides.com;bigfootguides.com;10.029 SOKAK NO.1 ATATÜRK ORGANİZE SANAYİ BÖLGESİ
BIYIKLAR METAL GERİ KAZANIM NAKLİYE SAN. VE TİC. LTD. ŞTİ.;İZMİR;ÇİĞLİ;;(232) 479 06 25;4797987;info@biyiklarmetal.com;http://;;10.011 SOKAK NO.10 ATATÜRK ORGANİZE SANAYİ BÖLGESİ
BİLENT ÇOBAN;İZMİR;ÇİĞLİ;;;;bulent@hascelikticaret.com.tr;;;10.015 SOKAK NO.9 ATATÜRK ORGANİZE SANAYİ BÖLGESİ
BİLGİN ORHAN ÇAĞLAROĞLU;İZMİR;ÇİĞLİ;Parfümlerin, kozmetiklerin ve kisisel bakim ürünle;(232) 376 85 95;;caglaroglu@gmail.com;;;10.016 SOKAK NO:50 .ATATÜRK ORGANİZE SANAYİ BÖLGESİ
BİLGİN ORHAN ÇAĞLAROĞLU / SETTAR ÇAĞLAROĞLU / GÜLTEN ÇAĞLAROĞLU;İZMİR;ÇİĞLİ;Plastik tabaka, levha, tüp ve profil imalati;(232) 376 85 95;;;;;10.028 SOKAK NO.2  ATATÜRK ORGANİZE SANAYİ BÖLGESİ
BİLGİN ORHAN ÇAĞLAROĞLU / SETTAR ÇAĞLAROĞLU / GÜLTEN ÇAĞLAROĞLU;İZMİR;ÇİĞLİ;Boya, vernik ve benzeri kaplayici maddeler ile mat;;;caglaroglu@gmail.com;;;10.025 SOKAK NO:2 ATATÜRK ORGANİZE SANAYİ BÖLGESİ
BİROL MORDENİZ;İZMİR;ÇİĞLİ;Metallerin makinede islenmesi (torna tesfiye isler;(232) 328 26 82;3282789;birol.mordeniz@fta.com.tr;http://;;10.026 SOKAK NO.19  ATATÜRK ORGANİZE SANAYİ BÖLGESİ
BOLULU HASAN USTA SÜT TAT.GIDA İNŞ.TUR.SAN.LTD.ŞTİ;İZMİR;ÇİĞLİ;Dondurma imalati (sade, sebzeli, meyveli vb.);(232) 328 02 75;3280251;bhu@bhu.com.tr;www.bhu.com.tr;bhu.com.tr;10.026 SOKAK NO.52  ATATÜRK ORGANİZE SANAYİ BÖLGESİ
BOLULU HASAN USTA SÜT TAT.GIDA İNŞ.TUR.SAN.LTD.ŞTİ;İZMİR;ÇİĞLİ;Dondurma imalati (sade, sebzeli, meyveli vb.);(232) 328 02 75;3280251;bhu@bhu.com.tr;www.bhu.com.tr;bhu.com.tr;10.026 SOKAK NO.48  ATATÜRK ORGANİZE SANAYİ BÖLGESİ
BOLULU HASAN USTA SÜT TAT.GIDA İNŞ.TUR.SAN.LTD.ŞTİ;İZMİR;ÇİĞLİ;Dondurma imalati (sade, sebzeli, meyveli vb.);(232) 328 02 75;3280251;bhu@bhu.com.tr;http://www.bhu.com.tr;bhu.com.tr;10.025 SOKAK NO:7 ATATÜRK ORGANİZE SANAYİ BÖLGESİ
BOLULU HASAN USTA SÜT TAT.GIDA İNŞ.TUR.SAN.LTD.ŞTİ;İZMİR;ÇİĞLİ;Dondurma imalati (sade, sebzeli, meyveli vb.);(232) 328 02 75;3280251;bhu@bhu.com.tr;http://www.bhu.com.tr;bhu.com.tr;10.025 SOKAK NO:5  ATATÜRK ORGANİZE SANAYİ BÖLGESİ
BOLULU HASAN USTA SÜT TAT.GIDA İNŞ.TUR.SAN.LTD.ŞTİ;İZMİR;ÇİĞLİ;Baska yerde siniflandirilmamis çesitli gida ürünle;(232) 328 02 75;3280251;bhu@bhu.com.tr;http://www.bhu.com.tr;bhu.com.tr;10.025 SOKAK NO:1 ATATÜRK ORGANİZE SANAYİ BÖLGESİ
BOLULU HASAN USTA SÜT TAT.GIDA İNŞ.TUR.SAN.LTD.ŞTİ;İZMİR;ÇİĞLİ;Dondurma imalati (sade, sebzeli, meyveli vb.);(232) 328 02 75;3280251;bhu@bhu.com.tr;http://www.bhu.com.tr;bhu.com.tr;10.026 SOKAK NO:40 ATATÜRK ORGANİZE SANAYİ BÖLGESİ
BOLULU HASAN USTA SÜT TAT.GIDA İNŞ.TUR.SAN.LTD.ŞTİ;İZMİR;ÇİĞLİ;Dondurma imalati (sade, sebzeli, meyveli vb.);(232) 328 02 75;3280251;bhu@bhu.com.tr;www.bhu.com.tr;bhu.com.tr;10.025 SOKAK NO:3  ATATÜRK ORGANİZE SANAYİ BÖLGESİ
BOLULU HASAN USTA SÜT TAT.GIDA İNŞ.TUR.SAN.LTD.ŞTİ;İZMİR;ÇİĞLİ;Dondurma imalati (sade, sebzeli, meyveli vb.);(232) 328 02 75;3280251;bhu@bhu.com.tr;http://www.bhu.com.tr;bhu.com.tr;10.026 SOKAK NO.50 ATATÜRK ORGANİZE SANAYİ BÖLGESİ
BONFIGLIOLI GÜÇ AKTARMA VE OTOMASYON TEKNOLOJİLERİ SAN.VE TİC.A.Ş;İZMİR;ÇİĞLİ;;(232) 328 22 77;3280414;info@bonfiglioli.com.tr;http://www.bonfiglioli.com.tr;bonfiglioli.com.tr;10.007 SOKAK NO.30  ATATÜRK ORGANİZE SANAYİ BÖLGESİ
BORAY GRUP İNŞAAT SAN.VE TİC.LTD.ŞTİ.;İZMİR;ÇİĞLİ;Karavan tipinde treyler (römork) ve yari treyler (;0(232) 218 19 50;;planlama@teenyweenyhouse.com;http://www.teenyweenyhouse.com;teenyweenyhouse.com;10.006/1 SOKAK NO.27  ATATÜRK ORGANİZE SANAYİ BÖLGESİ
BOSTEK TEKNOLOJİ GELİŞTİRME VE ROBOT SİSTEMLERİ SAN.TİC.A.Ş.;İZMİR;ÇİĞLİ;;(232) 433 85 15;4338881;info@endo.com.tr;http://www.endo.com.tr;endo.com.tr;10.042 SOKAK NO. 10 ATATÜRK ORGANİZE SANAYİ BÖLGESİ
BRENNTAG KİMYA TİC.LTD.ŞTİ.;İZMİR;ÇİĞLİ;Endüstriyel kimyasallarin toptan ticareti (anilin,;(232) 376 76 40;3767645;ebru.cin@brenntag.com;www.avebe.com.tr;avebe.com.tr;10.008 SOKAK NO.17 ATATÜRK ORGANİZE SANAYİ BÖLGESİ
BRV EPOKSİ POLİÜRETAN BOYA İNŞAAT VE KİMYEVİ MADDE İMALAT SAN. TİC. A.Ş.;İZMİR;ÇİĞLİ;Boya, vernik ve benzeri kaplayici maddeler ile mat;(232) 376 76 26;3767541;info@brv.com.tr;http://www.brv.com.tr;brv.com.tr;10.010 SOKAK NO.7 ATATÜRK ORGANİZE SANAYİ BÖLGESİ
BS GROUP GIDA SAN.VE TİC.A.Ş.;İZMİR;ÇİĞLİ;;(232) 329 13 18;;info@ankayemek.net;http://www.ankayemek.net;ankayemek.net;10.016 SOKAK NO.64  ATATÜRK ORGANİZE SANAYİ BÖLGESİ
BTE KİMYA SAN. TİC. A.Ş.;İZMİR;ÇİĞLİ;;;;info@btechemicals.com;http://www.btechemicals.com;btechemicals.com;10.043 SOKAK NO.7  ATATÜRK ORGANİZE SANAYİ BÖLGESİ
BUDİN AKARCA MÜREKKEP VE BOYA SAN.VE TİC.A.Ş.;İZMİR;ÇİĞLİ;;(232) 328 00 84;3767584;info@budin.com.tr;http://www.budingroup.com.tr;budingroup.com.tr;10.014 SOKAK NO.11 ATATÜRK ORGANİZE SANAYİ BÖLGESİ
BUDİN MASTERBATCH PLASTİK SAN.VE TİC.LTD.ŞTİ.;İZMİR;ÇİĞLİ;;(232) 328 00 84;3767584;info@budin.com.tr;http://www.budingroup.com.tr;budingroup.com.tr;10.014 SOKAK NO.11 ATATÜRK ORGANİZE SANAYİ BÖLGESİ
C THERM ENERJİ A.Ş. AOSB ŞUBESİ;İZMİR;ÇİĞLİ;;(232) 382 40 50;;info@ctherm.com.tr;http://www.ctherm.com.tr;ctherm.com.tr;10.006/1 SOKAK NO:37  ATATÜRK ORGANİZE SANAYİ BÖLGESİ
C.A.N.C.N.C MAKİNE OTOMOTİV KALIP SAN.VE TİC.LTD.ŞTİ.;İZMİR;ÇİĞLİ;;;;alpaycanli@me.com;;;10.016 SOKAK NO.88  ATATÜRK ORGANİZE SANAYİ BÖLGESİ
CAN FOTOKOPİ KIRT. DİJİTAL BASKI MATBAA TASARIM REKLAM GIDA İNŞ. TUR.SAN.TİC.A.Ş.;İZMİR;ÇİĞLİ;;(232) 328 07 77;3282225;aosb@candijital.com.tr;http://;;10.022 SOKAK NO.20  ATATÜRK ORGANİZE SANAYİ BÖLGESİ
CAN HAYRETTİN CEBECİ;İZMİR;ÇİĞLİ;;;;can.cebeci@windowslive.com;;;10039 SOKAK NO:27 ATATÜRK ORGANİZE SANAYİ BÖLGESİ
CAN KARDEŞLER KURUYEMİŞ GIDA TURİZM SAN.TİC.LTD.ŞTİ;İZMİR;ÇİĞLİ;;(232) 328 25 51;3282540;info@cankardeslerkuruyemis.com;www.cankardeslerkuruyemis.com;cankardeslerkuruyemis.com;M.KEMAL ATATÜRK BUL. NO.29 ATATÜRK ORGANİZE SANAYİ BÖLGESİ
CAN KARDEŞLER KURUYEMİŞ GIDA TURİZM SAN.TİC.LTD.ŞTİ;İZMİR;ÇİĞLİ;;(232) 328 25 51;3282540;info@cankardeslerkuruyemis.com;http://www.cankardeslerkuruyemis.com;cankardeslerkuruyemis.com;M.KEMAL ATATÜRK BUL.NO.6  ATATÜRK ORGANİZE SANAYİ BÖLGESİ
CANKOR AMBALAJ SAN.VE TİC.LTD.ŞTİ.;İZMİR;ÇİĞLİ;Kagit veya mukavvadan etiketlerin imalati;(232) 328 18 11;3280437;cankor@cankoretiket.com;http://www.cankoretiket.com;cankoretiket.com;10.041 SOKAK NO.14  ATATÜRK ORGANİZE SANAYİ BÖLGESİ
CD2 MAKİNE TURİZM SAN.TİC.A.Ş.;İZMİR;ÇİĞLİ;;(232) 459 08 88;4593435;info@cfm.com.tr;http://www.cfm.com.tr;cfm.com.tr;10.039 SOKAK NO.18 ATATÜRK ORGANİZE SANAYİ BÖLGESİ
CDM MODEL KALIP SANAYİ VE TİCARET LTD.ŞTİ.;İZMİR;ÇİĞLİ;Plastikten kalıp ve döküm modeli imalatı;05513952825;;muhasebe@cdmmodel.com.tr;http://www.cdmmodel.com.tr;cdmmodel.com.tr;M.KEMAL ATATÜRK BUL. NO.54 ATATÜRK ORGANİZE SANAYİ BÖLGESİ
CEMDAĞ AYDINLATMA SAN.VE TİC.A.Ş.;İZMİR;ÇİĞLİ;;(232) 328 01 41;3280140;cemdag@cemdag.com;http://www.cemdag.com;cemdag.com;10.007 SOKAK NO:4 ATATÜRK ORGANİZE SANAYİ BÖLGESİ
CENA OTOMOTİV SAN.TİC.LTD.ŞTİ.;İZMİR;ÇİĞLİ;Metallerin makinede islenmesi (torna tesfiye isler;(232) 435 13 35;;info@cenaoto.com;www.cenaoto.com;cenaoto.com;M.KEMAL ATATÜRK BUL. NO.46 ATATÜRK ORGANİZE SANAYİ BÖLGESİ
CERTEKNİK KOMPRESÖR ÇELİK KONST.OTOMOTİV ISITMA SOĞUTMA MAKİNE İNŞ.VE TURİZM SAN.TİC.LTD.ŞTİ.;İZMİR;ÇİĞLİ;Metallerin makinede işlenmesi;;;hasan-or@hotmail.com;http://;;M.KEMAL ATATÜRK BUL.NO.10/2  ATATÜRK ORGANİZE SANAYİ BÖLGESİ
CFM SOĞUTMA VE OTOMASYON SANAYİ VE TİCARET A.Ş.;İZMİR;ÇİĞLİ;Sanayi tipi sogutucu ve dondurucu donanimlari ile ;4590808;4593435;account@cfm.com.tr;http://www.cfm.com.tr;cfm.com.tr;10.052 SOKAK NO:4 ATATÜRK ORGANİZE SANAYİ BÖLGESİ
CİHAN ETİKET BASKI VE AMBALAJ SAN.VE TİC.LTD.ŞTİ.;İZMİR;ÇİĞLİ;Kagit veya mukavvadan etiketlerin imalati;(232) 328 18 15;3281813;info@cihanetiket.com.tr;http://www.cihanetiket.com.tr;cihanetiket.com.tr;10.039 SOKAK NO:29  ATATÜRK ORGANİZE SANAYİ BÖLGESİ
CMS JANT VE MAKİNA SANAYİİ A.Ş.;İZMİR;ÇİĞLİ;Motorlu kara tasitlari için diger parça ve aksesua;(232) 399 11 00;3991111;info@cms.com.tr;www.cms.com.tr;cms.com.tr;10.006/1 SOKAK NO.12 ATATÜRK ORGANİZE SANAYİ BÖLGESİ
CMS JANT VE MAKİNA SANAYİİ A.Ş.;İZMİR;ÇİĞLİ;;(232) 399 11 00;3991111;info@cms.com.tr;http://www.cms.com.tr;cms.com.tr;10.006/1 SOKAK.NO.14/1 ATATÜRK ORGANİZE SANAYİ BÖLGESİ
COSMOLİVE KOZMETİK SAN.VE TİC.A.Ş.;İZMİR;ÇİĞLİ;Parfümlerin, kozmetiklerin ve kisisel bakim ürünle;(232)503 32 62;;info@cosmolive.com.tr;http://www.comolive.com.tr;comolive.com.tr;M.KEMAL ATATÜRK BLV. NO:8 ATATÜRK ORGANİZE SANAYİ BÖLGESİ
CTS MAKİNA DEMİR VE ÇELİK ÜRÜNLERİ SAN. TİC.A.Ş.;İZMİR;ÇİĞLİ;;(232) 833 33 88;8333699;info@ctsmakina.com.tr;http://www.ctsmakina.com.tr;ctsmakina.com.tr;M.KEMAL ATATÜRK BUL.NO.65 ATATÜRK ORGANİZE SANAYİ BÖLGESİ
CURIUM NÜKLEER TIP A.Ş. İZMİR ŞUBESİ;İZMİR;ÇİĞLİ;Eczaciliga iliskin tibbi ilaçlarin imalati (antibi;(232) 376 89 15;3767609;monrol@monrol.com.tr;http://www.monrol.com.tr;monrol.com.tr;10.006/1 SOKAK  NO:49  ATATÜRK ORGANİZE SANAYİ BÖLGESİ
ÇAĞAN İLİK TEKSTİL İNŞAAT TURİZM GIDA SAN.VE TİC.LTD.ŞTİ.;İZMİR;ÇİĞLİ;;(232) 329 42 95;;muhasebe@caganteks.com;;;M.KEMAL ATATÜRK BUL. NO.72 ATATÜRK ORGANİZE SANAYİ BÖLGESİ
ÇALIK ENDÜSTRİ METAL SAN.TİC.A.Ş.;İZMİR;ÇİĞLİ;;(232) 479 51 15;4795006;info@calikmoped.com;www.yorglas.com;yorglas.com;10.032 SOKAK NO.15 ATATÜRK ORGANİZE SANAYİ BÖLGESİ
ÇEKSAN YOL SÜPÜRME ARAÇLARI MAKİNA SAN.TİC.A.Ş.;İZMİR;ÇİĞLİ;;(232) 328 11 66;3281234;info@ceksanmakina.com;http://www.ceksanmakina.com;ceksanmakina.com;10.002 SOKAK NO:19  ATATÜRK ORGANİZE SANAYİ BÖLGESİ
ÇEKSAN YOL SÜPÜRME ARAÇLARI MAKİNA SAN.TİC.A.Ş.;İZMİR;ÇİĞLİ;;(232) 328 11 66;3281234;info@ceksanmakina.com;http://www.ceksanmakina.com;ceksanmakina.com;10.014 SOKAK NO.9 ATATÜRK ORGANİZE SANAYİ BÖLGESİ
ÇEKSAN YOL SÜPÜRME ARAÇLARI MAKİNA SAN.TİC.A.Ş.;İZMİR;ÇİĞLİ;Özel amaçli motorlu kara tasitlarinin imalati (amf;(232) 328 11 44;3281234;info@ceksanmakina.com;http://www.ceksanmakina.com;ceksanmakina.com;M.KEMAL ATATÜRK BUL.NO.10/1  ATATÜRK ORGANİZE SANAYİ BÖLGESİ
ÇELİKİŞ DİŞLİ OTOMOTİV SAN.VE TİC. A.Ş.;İZMİR;ÇİĞLİ;;(232) 376 78 20;3767688;celikis@celikis.com.tr;www.celikis.com.tr;celikis.com.tr;10.032 SOKAK NO.14 ATATÜRK ORGANİZE SANAYİ BÖLGESİ
ÇELİKKAL MAK.MOT.ARAÇ.SAN.VE İNŞ.TUR.TİC.LTD.ŞTİ.;İZMİR;ÇİĞLİ;Motorlu veya pnömatik el aletlerinin imalati (zimp;(232) 376 82 49;3768248;celikkalmakina@gmail.com;http://www.celikkalkarot.com;celikkalkarot.com;10.029 SOKAK NO:2 ATATÜRK ORGANİZE SANAYİ BÖLGESİ
ÇELİKKAL MAK.MOT.ARAÇ.SAN.VE İNŞ.TUR.TİC.LTD.ŞTİ.;İZMİR;ÇİĞLİ;Motorlu veya pnömatik el aletlerinin imalati (zimp;(232) 376 82 49;3768248;celikkalmakina@celikkal.com;http://www.celikkalkarot.com;celikkalkarot.com;10.029 SOKAK NO:4 ATATÜRK ORGANİZE SANAYİ BÖLGESİ
ÇETİN ERENGİN;İZMİR;ÇİĞLİ;;(232) 458 02 74;4493820;ahmeterengin@gmail.com;http://;;10.010 SOKAK NO.3 ATATÜRK ORGANİZE SANAYİ BÖLGESİ
ÇEVRE İLAÇ MAKİNA SANAYİ VE TİCARET LTD.ŞTİ.;İZMİR;ÇİĞLİ;Tarim ve bahçecilikte kullanilan sivi veya toz atm;(232) 328 19 55;3281972;info@cevreilacmakina.com;www.cevreilacmakina.com;cevreilacmakina.com;10.026 SOKAK NO.8  ATATÜRK ORGANİZE SANAYİ BÖLGESİ
ÇİĞLİ MOZAİK SANAYİ VE TİCARET LTD.ŞTİ.;İZMİR;ÇİĞLİ;Seramik karo ve kaldirim tasi imalati (mozaik tasi;(232) 329 05 13;3295372;muratbalci@ciglimozaik.com;www.ciglimozaik.com;ciglimozaik.com;10.002 SOKAK NO.10 ATATÜRK ORGANİZE SANAYİ BÖLGESİ
ÇİMBETON HAZIR BETON VE PREFABRİK YAPI ELEMANLARI SAN. VE TİC.A.Ş.ÇİĞLİ ŞUBESİ;İZMİR;ÇİĞLİ;Hazir beton imalati;(232) 376 71 88;3767189;cimbeton@cimbeton.cimentas.com;www.cimbeton.com.tr;cimbeton.com.tr;10.010 SOKAK NO:2 ATATÜRK ORGANİZE SANAYİ BÖLGESİ
ÇÖZÜM MUTFAK SAN VE TİC A.Ş.;İZMİR;ÇİĞLİ;Kasik, çatal, kepçe, kevgir, servis spatulasi, sek;(232) 376 72 76;3767278;fabrika@cozummutfak.com;www.cozummutfak.com;cozummutfak.com;10.015 SOKAK NO.13 ATATÜRK ORGANİZE SANAYİ BÖLGESİ
ÇÖZÜM MUTFAK SAN VE TİC A.Ş.;İZMİR;ÇİĞLİ;Kasik, çatal, kepçe, kevgir, servis spatulasi, sek;(232) 376 72 76;3767278;fabrika@cozummutfak.com;www.cozummutfak.com;cozummutfak.com;10.040 SOKAK NO.2 ATATÜRK ORGANİZE SANAYİ BÖLGESİ
DAVUT KARAHANER;İZMİR;ÇİĞLİ;;(232) 394 00 44;3767193;info@resarezistans.com;;;10.041 SOKAK N0.18   ATATÜRK ORGANİZE SANAYİ BÖLGESİ
DDC MAKİNE SANAYİ DIŞ TİCARET LTD.ŞTİ.;İZMİR;ÇİĞLİ;Plastik ve kauçuk makinelerinin imalati (plastik v;5023976;;export@ddc.com.tr;www.ddc.com.tr;ddc.com.tr;10.016 SOKAK NO:86  ATATÜRK ORGANİZE SANAYİ BÖLGESİ
DEBB UNİCA TEKSTİL SAN.VE TİC.A.Ş.;İZMİR;ÇİĞLİ;;(232) 442 24 40;4424050;info@debbunica.com; https://debbunica.com/;debbunica.com;M.KEMAL ATATÜRK BUL. NO.22 ATATÜRK ORGANİZE SANAYİ BÖLGESİ
DEFNE HIZVER / GÜL HIZVER / İPEK ERMAN;İZMİR;ÇİĞLİ;;DEFNE HIZVER;05322755199;ghizver@gmail.com;;;10.002 SOKAK NO.16 ATATÜRK ORGANİZE SANAYİ BÖLGESİ
DEKA YÜZEY TEKNOLOJİLERİ MAKİNE İMALAT SAN.VE TİC.LTD.ŞTİ.;İZMİR;ÇİĞLİ;;(232) 328 06 99;3281900;muhasebe@deka.com.tr;http://www.deka.com.tr;deka.com.tr;10.038 SOKAK NO.1 ATATÜRK ORGANİZE SANAYİ BÖLGESİ
DELTA PROSES OTOMASYON KONTROL ELEKTRONİK SİSTEMLERİ SAN.VE TİC.LTD.ŞTİ.;İZMİR;ÇİĞLİ;Sanayide kullanilan islem kontrol amaçli teçhizatl;(232) 433 29 10;4332912;delta@deltaproses.com;www.deltaproses.com;deltaproses.com;10.042 SOKAK NO.6 ATATÜRK ORGANİZE SANAYİ BÖLGESİ
DEMİR ÇELİK KONSTRÜKSİYON SAN.VE TİC.KOLL.ŞTİ.;İZMİR;ÇİĞLİ;Magazalar için tezgah, banko, vitrin, raf, çekmece;(232) 483 89 54;4838954;info@dckraf.com.tr;;;10.000 SOKAK NO.24  ATATÜRK ORGANİZE SANAYİ BÖLGESİ
DEMİROĞLU HAZIR YEMEK DAYANIKLI TÜKETİM MAL.GIDA TEKS. DERİ ÜR.SAN.VE TİC.LTD.ŞTİ.;İZMİR;ÇİĞLİ;;(232) 325 14 14;3251418;info@demirogluyemek.com;http://www.demirogluyemek.com;demirogluyemek.com;10.021 SOKAK NO.29  ATATÜRK ORGANİZE SANAYİ BÖLGESİ
DEMSA DENIZCILIK MAK.SAN.VE TIC.LTD.STI.;İZMİR;ÇİĞLİ;Gemilerin ve teknelerin bakim ve onarimi (yüzen ya;(232) 446 17 60;4461764;mensaizmir@gmail.com;http://;;10.016 SOKAK NO.42 ATATÜRK ORGANİZE SANAYİ BÖLGESİ
DEMSAÇ ÇELİK SAN.VE TİC.A.Ş.;İZMİR;ÇİĞLİ;;(232) 376 84 00;3767072;info@demsac.com.tr;http://www.demsac.com.tr;demsac.com.tr;10.044 SOKAK NO.2  ATATÜRK ORGANİZE SANAYİ BÖLGESİ
DEMSAÇ DEMİR SAÇ PROFİL LOJİSTİK SAN.TİC.LTD.ŞTİ.;İZMİR;ÇİĞLİ;Açik profillerin, nervürlü levhalarin ve sandviç p;(232) 376 70 71;3768402;info@demsac.com.tr;www.demsac.com.tr;demsac.com.tr;10.044 SOKAK NO.2  ATATÜRK ORGANİZE SANAYİ BÖLGESİ
DEMSAÇ DEMİR SAÇ PROFİL LOJİSTİK SAN.TİC.LTD.ŞTİ.;İZMİR;ÇİĞLİ;Açik profillerin, nervürlü levhalarin ve sandviç p;(232) 376 70 71;3768402;info@demsac.com.tr;www.demsac.com.tr;demsac.com.tr;10.022 SOKAK NO.18   ATATÜRK ORGANİZE SANAYİ BÖLGESİ
DEPOTRİON ÖZEL SAĞLIK HİZMETLERİ VE MALZEMELERİ DEPOLAMA LOJİSTİK SAN.TİC.LTD.ŞTİ.;İZMİR;ÇİĞLİ;Sogutulmus hava ve sogutulmus su üretim ve dagitim;;;info@depotrion.com;http://www.depotrion.com;depotrion.com;10.026 SOKAK NO.18  ATATÜRK ORGANİZE SANAYİ BÖLGESİ
DERELİ PAZARLAMA SAN.VE TİC.A.Ş.;İZMİR;ÇİĞLİ;;;;;;;10.038 SOKAK NO.12 ATATÜRK ORGANİZE SANAYİ BÖLGESİ
DERYA YALÇIN / DİLEK YALÇIN;İZMİR;ÇİĞLİ;;(232) 376 89 12;3768912;deryayallcin@gmail.com;;;10.023 SOKAK NO.3  ATATÜRK ORGANİZE SANAYİ BÖLGESİ
DESMA MODA TEKSTİL SAN.TİC.LTD.ŞTİ.;İZMİR;ÇİĞLİ;;;;desmatekstil@hotmail.com;;;10.001 SOKAK NO.19 ATATÜRK ORGANİZE SANAYİ BÖLGESİ
Dİ-PAŞ DİRİNLER PAZARLAMA MAK.SAN.VE TİC.A.Ş.;İZMİR;ÇİĞLİ;Metal isleme makinelerinin imalati;(232) 376 74 00;3768550;dipas@dipas.net;http://www.dipas.net;dipas.net;M.KEMAL ATATÜRK BLV. NO.51 ATATÜRK ORGANİZE SANAYİ BÖLGESİ
DİKERSAN GIDA FERMANTASYON TEKSTİL PASİF JİMNASTİK ALET VE HİZM. SAN. VE TİC.LTD.ŞTİ.;İZMİR;ÇİĞLİ;Tuzlu su, sirke, sirkeli su, yag veya diger koruyu;(232) 458 47 26;4337493;info@egeasalmetal.com.tr;www.egeasalmetal.com;egeasalmetal.com;M.KEMAL ATATÜRK BUL. NO.26 ATATÜRK ORGANİZE SANAYİ BÖLGESİ
DİLEK DEDELER / DEMET HÜLAGÜ;İZMİR;ÇİĞLİ;;;;masifdizayn@mail.com;http://;;10.016  SOKAK NO.2  ATATÜRK ORGANİZE SANAYİ BÖLGESİ
DİRİNLER AĞIR SANAYİ MAKİNALARI İŞLEME VE TİC.A.Ş.;İZMİR;ÇİĞLİ;;(232) 376 87 87;3768567;muhasebe@dirinlerdasmi.com;http://www.dirinlerdasmi.com;dirinlerdasmi.com;10.036 SOKAK NO.10/1 ATATÜRK ORGANİZE SANAYİ BÖLGESİ
DİRİNLER DÖKÜM SANAYİ VE TİC.A.Ş.;İZMİR;ÇİĞLİ;Demir döküm (yari mamul demir ürünlerin dökümü, gr;(232) 376 87 87;3768567;finansman@dirinlerdokum.com;http://www.dirinlerdokum.com;dirinlerdokum.com;10.036 SOKAK NO.10 ATATÜRK ORGANİZE SANAYİ BÖLGESİ
DİRİNLER DÖKÜM SANAYİ VE TİC.A.Ş.;İZMİR;ÇİĞLİ;;(232) 376 87 87;3768567;info@dirinlerdokum.com;http://www.dirinlerdokum.com;dirinlerdokum.com;M.KEMAL ATATÜRK BUL. NO.47 ATATÜRK ORGANİZE SANAYİ BÖLGESİ
DİRİNLER DÖKÜM SANAYİ VE TİC.A.Ş.;İZMİR;ÇİĞLİ;Demir döküm (yari mamul demir ürünlerin dökümü, gr;(232) 376 87 87;3768567;info@dirinlerdokum.com;www.dirinlerdokum.com;dirinlerdokum.com;M.KEMAL ATATÜRK BUL. NO.57 ATATÜRK ORGANİZE SANAYİ BÖLGESİ
DİRİNLER DÖKÜM SANAYİ VE TİC.A.Ş.;İZMİR;ÇİĞLİ;Demir döküm (yari mamul demir ürünlerin dökümü, gr;(232) 376 87 87;3768567;muhasebe@dirinlerdokum.com;http://www.dirinlerdokum.com;dirinlerdokum.com;10.036 SOKAK NO.4 ATATÜRK ORGANİZE SANAYİ BÖLGESİ
DİRİNLER MAKİNA SAN.VE TİC.A.Ş;İZMİR;ÇİĞLİ;Metal isleme makinelerinin imalati;(232) 376 72 00;3767206;dirinler@dirinler.com.tr;http://www.dirinler.com.tr;dirinler.com.tr;10.036 SOKAK NO.7 ATATÜRK ORGANİZE SANAYİ BÖLGESİ
DİRİNLER MAKİNA SAN.VE TİC.A.Ş.;İZMİR;ÇİĞLİ;Metal islemek için kullanilan diger takim tezgahla;(232) 376 72 00;3767206;finansman@dirinler.com.tr;http://www.dirinler.com.tr;dirinler.com.tr;10.036 SOKAK NO.5 ATATÜRK ORGANİZE SANAYİ BÖLGESİ
DİRİNLER SANAYİ MAKİNALARI ENDÜSTRİ VE TİCARET A.Ş.;İZMİR;ÇİĞLİ;Baska yerde siniflandirilmamis diger özel amaçli m;(232) 376 72 00;3767206;dirinler@dirinler.com.tr;www.dirinler.com.tr;dirinler.com.tr;10.036 SOKAK NO.5/1 ATATÜRK ORGANİZE SANAYİ BÖLGESİ
DİRİNLER TEKNİK MAKİNA MODEL İMALAT SAN. VE TİC.LTD.ŞTİ.;İZMİR;ÇİĞLİ;;(232) 325 81 81;3258282;info@tekentek.com;http://www.tekentek.com;tekentek.com;M.KEMAL ATATÜRK BUL. NO.47 ATATÜRK ORGANİZE SANAYİ BÖLGESİ
DİRİNLER TEKNİK MAKİNA MODEL İMALAT SAN.TİC.LTD.ŞTİ.;İZMİR;ÇİĞLİ;;(232) 376 87 87;3768567;muhasebe@dirinlermodel.com;http://www.dirinlermodel.com;dirinlermodel.com;M.KEMAL ATATÜRK BUL. NO.55 ATATÜRK ORGANİZE SANAYİ BÖLGESİ
DİRİNLER TEKNİK MAKİNA MODEL İMALAT SAN.TİC.LTD.ŞTİ.;İZMİR;ÇİĞLİ;Ahsap ve diger malzemelerden kalip ve döküm modeli;(232) 376 87 87;3768567;muhasebe@dirinlermodel.com;http://www.dirinlermodel.com;dirinlermodel.com;10.036 SOKAK NO.4/1 ATATÜRK ORGANİZE SANAYİ BÖLGESİ
DİTAS MAKİNA METAL AMBALAJ GIDA TARIM HAYVANCILIK İNŞAAT TEKSTİL SAN.TİC.LTD.ŞTİ.;İZMİR;ÇİĞLİ;Diger dis giyim esyalari imalati;(232) 376 87 50;3768752;info@ditastekstil.com.tr;;;M.KEMAL ATATÜRK BUL.NO:36 ATATÜRK ORGANİZE SANAYİ BÖLGESİ
DMRR GAYRİMENKUL SAN.VE TİC.A.Ş.;İZMİR;ÇİĞLİ;;(232) 328 09 69;3282070;muhasebe@fbtextile.com;http://;;10.002 SOKAK NO:13  ATATÜRK ORGANİZE SANAYİ BÖLGESİ
DMRR GAYRİMENKUL SAN.VE TİC.A.Ş.;İZMİR;ÇİĞLİ;;(232) 328 09 69;3282070;muhasebe@fbtextile.com;http://;;10.013 SOKAK NO.12 ATATÜRK ORGANİZE SANAYİ BÖLGESİ
DMRR GAYRİMENKUL SAN.VE TİC.A.Ş.;İZMİR;ÇİĞLİ;;(232) 328 09 69;3282070;muhasebe@fbtextile.com;http://;;10.011 SOKAK NO.6 ATATÜRK ORGANİZE SANAYİ BÖLGESİ
DMRR GAYRİMENKUL SAN.VE TİC.A.Ş.;İZMİR;ÇİĞLİ;;(232) 328 09 69;3282070;muhasebe@fbtextile.com;http://;;10.014 SOKAK NO.13  ATATÜRK ORGANİZE SANAYİ BÖLGESİ
DMRR GAYRİMENKUL SAN.VE TİC.A.Ş.;İZMİR;ÇİĞLİ;;(232) 328 09 69;3282070;muhasebe@fbtextile.com;http://;;10.011 SOKAK NO.4 ATATÜRK ORGANİZE SANAYİ BÖLGESİ
DOGO TASARIM SAN.VE TİC.A.Ş.;İZMİR;ÇİĞLİ;Plastik, cam, metal, agaç ve seramik üstüne baski ;(232) 431 05 31;4310552;info@dogostore.com;http://www.dogostore.com;dogostore.com;10.014 SOKAK NO:1 ATATÜRK ORGANİZE SANAYİ BÖLGESİ
DOĞAN ÇELİK MAKİNA SANAYİ VE TİCARET A.Ş.;İZMİR;ÇİĞLİ;Pulluk, saban, tirmik, diskaro, skarifikatör, kült;(232) 376 79 81;3280135;dogsantr@hotmail.com;http://www.dogsantarim.com;dogsantarim.com;10.021 SOKAK NO.23  ATATÜRK ORGANİZE SANAYİ BÖLGESİ
DOĞUŞ VANA VE DÖKÜM SANAYİ TİCARET A.Ş.;İZMİR;ÇİĞLİ;Diger musluk ve valf/vana imalati;(236) 213 11 25;(236) 213 11 35;infodogus@dogusvana.com.tr;www.dogusvana.com.tr;dogusvana.com.tr;10.000 SOKAK NO.18 ATATÜRK ORGANİZE SANAYİ BÖLGESİ
DOMİNYAY YAY VE MAK.SAN.VE TİC.LTD.ŞTİ.;İZMİR;ÇİĞLİ;;(232) 328 09 58;3280960;info@dominyay.com.tr;www.dominyay.com.tr;dominyay.com.tr;10.050 SOKAK NO.5  ATATÜRK ORGANİZE SANAYİ BÖLGESİ
DOST CAM SANAYİ VE TİC.A.Ş.;İZMİR;ÇİĞLİ;;(232) 376 78 86;3767783;dostcam@dostcam.com.tr;http://www.dostcam.com;dostcam.com;10.008 SOKAK NO.14 ATATÜRK ORGANİZE SANAYİ BÖLGESİ
DOST CAM SANAYİ VE TİC.A.Ş.;İZMİR;ÇİĞLİ;;(232) 376 78 86;3767783;dostcam@dostcam.com.tr;www.dostcam.com.tr;dostcam.com.tr;10.008 SOKAK NO.14 ATATÜRK ORGANİZE SANAYİ BÖLGESİ
DUMAGROW KİMYA TARIM SAN.VE TİC.LTD.ŞTİ.;İZMİR;ÇİĞLİ;Kimyasal gübre ve azot bilesiklerinin imalati;;;info@dumagrow.com;http://www.dumagrow.com;dumagrow.com;10.007 SOKAK NO.26 ATATÜRK ORGANİZE SANAYİ BÖLGESİ
DUPAKS MOTORLU ARAÇLAR SAN.VE TİC.LTD.ŞTİ.;İZMİR;ÇİĞLİ;Motorlu kara tasitlari için elektrik ve elektronik;;;atinc@dupaks.com;http://www.dupaks.com;dupaks.com;10.016 SOKAK NO.34 ATATÜRK ORGANİZE SANAYİ BÖLGESİ
DURMAN AMBALAJ TURİZM SAN.VE TİC.LTD.ŞTİ.;İZMİR;ÇİĞLİ;;(232) 376 76 89;;durmanambalaj@hotmail.com;http://www.durmanambalaj.com;durmanambalaj.com;10.016 SOKAK NO.66  ATATÜRK ORGANİZE SANAYİ BÖLGESİ
DUYAR RULMAN HIRDAVAT VE YEDEK PARÇA İMALAT SAN.VE TİC.LTD.ŞTİ.;İZMİR;ÇİĞLİ;;(232) 433 69 38;4594144;info@duyarrulman.com;http://www.duyarrulman.com;duyarrulman.com;M.KEMAL ATATÜRK BUL.NO:12  ATATÜRK ORGANİZE SANAYİ BÖLGESİ
DYO BOYA FABRİKALARI SANAYİ VE TİCARET A.Ş.;İZMİR;ÇİĞLİ;Boya ve vernikler, polyester, akrilik ve vinil pol;(232) 328 08 80;3768055;info@dyo.com.tr;www.dyo.com.tr;dyo.com.tr;10.003 SOKAK NO:2 ATATÜRK ORGANİZE SANAYİ BÖLGESİ
EAE ELEKTRİK ASANSÖR ENDÜSTRİSİ İNŞAAT SAN.VE TİC.A.Ş.;İZMİR;ÇİĞLİ;;(212) 866 20 00;02128862417;info@eae.com.tr;http://www.eae.com.tr;eae.com.tr;10039 SOKAK NO:21 ATATÜRK ORGANİZE SANAYİ BÖLGESİ
EBM PAPST FAN SAN.VE TİC.A.Ş.;İZMİR;ÇİĞLİ;;(232) 328 20 90;3280270;info@tr.ebmpapst.com;http://www.ebmpapst.com.tr;ebmpapst.com.tr;10.007 SOKAK NO.6  ATATÜRK ORGANİZE SANAYİ BÖLGESİ
EFİK CEMAL NOYANER;İZMİR;ÇİĞLİ;;(232) 328 03 28;3280326;;;;10.016 SOKAK NO:68 ATATÜRK ORGANİZE SANAYİ BÖLGESİ
EFİK CEMAL NOYANER;İZMİR;ÇİĞLİ;;(232) 328 03 28;3280326;;http://;;10.024 SOKAK NO.5 ATATÜRK ORGANİZE SANAYİ BÖLGESİ
EFİK CEMAL NOYANER;İZMİR;ÇİĞLİ;;(232) 328 03 28;3280326;;;;10.025 SOKAK NO: 8  ATATÜRK ORGANİZE SANAYİ BÖLGESİ
EFİK CEMAL NOYANER;İZMİR;ÇİĞLİ;;(232) 328 03 28;3280326;;http://;;10.016 SOKAK NO.82  ATATÜRK ORGANİZE SANAYİ BÖLGESİ
EFO ELEKTRİK MALZ.SAN.VE TİC.A.Ş.;İZMİR;ÇİĞLİ;;(232) 376 83 05;;efo@efoelektrik.com;www.efoelektrik.com;efoelektrik.com;10.046 SOKAK NO:10  ATATÜRK ORGANİZE SANAYİ BÖLGESİ
EGE ASAL METAL METAL ÜRÜNLERİ TİC.LTD.ŞTİ.;İZMİR;ÇİĞLİ;Metallerin makinede islenmesi ve sekil verilmesi;(232) 458 47 27;4580545;info@egeasalmetal.com.tr;http://www.egeasalmetal.com.tr;egeasalmetal.com.tr;10.002 SOKAK NO.40 ATATÜRK ORGANİZE SANAYİ BÖLGESİ
EGE DÖKÜMCÜLÜK SANAYİ VE TİCARET A.Ş.;İZMİR;ÇİĞLİ;;(216) 311 13 86;02163112163;info@egedokumsanayi.com.tr;www.egedokumsanayi.com tr;egedokumsanayi.com;10.008 SOKAK NO.14 ATATÜRK ORGANİZE SANAYİ BÖLGESİ
EGE LS TIBBİ ÜRÜNLER DANIŞMANLIK REKLAMCILIK SAN. TİC. LTD. ŞTİ.;İZMİR;ÇİĞLİ;;(232) 502 11 72;5021179;coskunolh@yahoo.com;http://www.egels.com;egels.com;10.021 SOKAK NO:27  ATATÜRK ORGANİZE SANAYİ BÖLGESİ
EGE ÖRGÜ TRİKO A.Ş.;İZMİR;ÇİĞLİ;;(232) 328 20 66;3282067;muhasebe@egeorgu.com;http://www.egeorgu.com;egeorgu.com;M.KEMAL ATATÜRK BUL. NO.3/3 ATATÜRK ORGANİZE SANAYİ BÖLGESİ
EGE RASPA MAKİNA SAN.VE TİC.A.Ş.;İZMİR;ÇİĞLİ;;(232) 621 54 40;6215460;info@egeraspa.com;http://www.egeraspa.com;egeraspa.com;10.040 SOKAK NO:8 ATATÜRK ORGANİZE SANAYİ BÖLGESİ
EGE RASPA MAKİNA SAN.VE TİC.A.Ş.;İZMİR;ÇİĞLİ;;(232) 621 54 40;6215460;info@egeraspa.com.tr;http://www.egeraspa.com;egeraspa.com;10.040 SOKAK NO:10 ATATÜRK ORGANİZE SANAYİ BÖLGESİ
EGE TEKNİK POMPA MAKİNA YEDEK PARÇA İMALAT TAAH.SAN.VE TİC.LTD.ŞTİ.;İZMİR;ÇİĞLİ;Elektrikli sinyalizasyon, güvenlik veya trafik kon;;;info@egeteknikbariyer.com;http://;;10.026 SOKAK NO:17  ATATÜRK ORGANİZE SANAYİ BÖLGESİ
EGE TEKSTİL SANAYİ VE TİCARET LTD.ŞTİ.;İZMİR;ÇİĞLİ;;(232) 376 80 10;3768011;egetekstil@egetekstil.com.tr;www.egetekstil.com.tr;egetekstil.com.tr;10.002 SOKAK NO.11 ATATÜRK ORGANİZE SANAYİ BÖLGESİ
EGE TURİSTİK TESİSLERİ LUNAPARK İNŞAAT MAKİNA ELEKTRONİK SANAYİ VE TİC. A.Ş.;İZMİR;ÇİĞLİ;Metalden diger tank, rezervuar ve konteynerler ima;;;ergin.egeas@gmail.com;;;10.035 SOKAK NO.3 ATATÜRK ORGANİZE SANAYİ BÖLGESİ
EGEPLAST EGE PLASTİK TİC.VE SAN.A.Ş.;İZMİR;ÇİĞLİ;;(232) 376 86 31;3768962;info@egeplast.com.tr;http://www.egeplast.com.tr;egeplast.com.tr;10.003 SOKAK NO:8 ATATÜRK ORGANİZE SANAYİ BÖLGESİ
EGEPLAST EGE PLASTİK TİC.VE SAN.A.Ş.;İZMİR;ÇİĞLİ;;(232) 376 86 31;3768962;info@egeplast.com.tr;http://www.egeplast.com.tr;egeplast.com.tr;10.003 SOKAK NO:6 ATATÜRK ORGANİZE SANAYİ BÖLGESİ
EKMEL ÜÇER;İZMİR;ÇİĞLİ;Tibbi ve disçilik ile ilgili araç ve gereçlerin im;(232) 376 73 50;3767351;ucerekmel3@hotmail.com;;;10.046 SOKAK NO:8  ATATÜRK ORGANİZE SANAYİ BÖLGESİ
EKMEL ÜÇER;İZMİR;ÇİĞLİ;;(232) 376 76 91;3767351;ucerekmel3@hotmail.com;;;10.041 SOKAK NO:6   ATATÜRK ORGANİZE SANAYİ BÖLGESİ
EKMEL ÜÇER;İZMİR;ÇİĞLİ;Ekmek, taze pastane ürünleri ve taze kek imalati;(232) 328 33 18;;ucerekmel3@hotmail.com;;;10.027 SOKAK NO.7 ATATÜRK ORGANİZE SANAYİ BÖLGESİ
EKSİM PLASTİK POLİMER PAZ.SAN.VE DIŞ TİC.A.Ş.;İZMİR;ÇİĞLİ;;(232) 328 34 70;3283460;mv@eksimplastik.com;http://www.eksimplastik.com;eksimplastik.com;10.001 SOKAK NO.22 ATATÜRK ORGANİZE SANAYİ BÖLGESİ
ELEKTRAL ELEKTROMEKANİK SAN VE TİC.A.Ş.;İZMİR;ÇİĞLİ;Diyotlarin, transistörlerin, diyaklarin, triyaklar;(232) 376 73 00;3767030;elektral@elektral.com.tr;http://www.elektral.com.tr;elektral.com.tr;M.KEMAL ATATÜRK BUL. NO.25 ATATÜRK ORGANİZE SANAYİ BÖLGESİ
ELEKTRAL ELEKTROMEKANİK SAN VE TİC.A.Ş.;İZMİR;ÇİĞLİ;Diyotlarin, transistörlerin, diyaklarin, triyaklar;(232) 376 73 00;3767030;elektral@elektral.com.tr;www.elektral.com.tr;elektral.com.tr;M.KEMAL ATATÜRK BUL. NO.23 ATATÜRK ORGANİZE SANAYİ BÖLGESİ
ELEKTRAMAR ELEKTROMEKANİK END.VE DIŞ TİC.LTD.ŞTİ.;İZMİR;ÇİĞLİ;Diyotlarin, transistörlerin, diyaklarin, triyaklar;(232) 376 73 00;3767030;elektral@elektral.com.tr;;;M.KEMAL ATATÜRK BUL. NO.23 ATATÜRK ORGANİZE SANAYİ BÖLGESİ
ELEKTRAMAR ELEKTROMEKANİK END.VE DIŞ TİC.LTD.ŞTİ.;İZMİR;ÇİĞLİ;Diyotlarin, transistörlerin, diyaklarin, triyaklar;(232) 376 73 00;3767030;elektral@elektral.com.tr;http://;;M.KEMAL ATATÜRK BUL. NO.25 ATATÜRK ORGANİZE SANAYİ BÖLGESİ
ELİF SÜZENE NAKIŞ BASKI TEKSTİL SAN.VE TİC.LTD.ŞTİ.;İZMİR;ÇİĞLİ;;(232) 325 30 00;3253500;desen@elifnakis.com;http://;;10.026 SOKAK NO.30 ATATÜRK ORGANİZE SANAYİ BÖLGESİ
ELMA EV ALETLERI SAN. VE TİC. A.Ş.;İZMİR;ÇİĞLİ;Mutfakta kullanilan elektrikli küçük ev aletlerini;(232) 376 78 78;3767733;info@elmaev.com;www.elmaev.com;elmaev.com;10.001 SOKAK NO:14 ATATÜRK ORGANİZE SANAYİ BÖLGESİ
ELSA DİKİM TEKSTİL İNŞAAT GIDA SAN. VE TİC.LTD.ŞTİ.;İZMİR;ÇİĞLİ;;(232) 328 36 23;;muhasebe@elsa-tekstil.com;;;10.038 SOKAK NO:10  ATATÜRK ORGANİZE SANAYİ BÖLGESİ
ELTAŞ TRANSFORMATÖR SAN.VE TİC.A.Ş.;İZMİR;ÇİĞLİ;;(232) 398 15 00;3767764;info@eltas.com.tr;http://www.eltas.com.tr;eltas.com.tr;10.046 SOKAK NO.4  ATATÜRK ORGANİZE SANAYİ BÖLGESİ
EMA ENERJİ ENDÜSTRİ MAK.İNŞ.SAN.VETİC.A.Ş.;İZMİR;ÇİĞLİ;;(232) 328 02 98;3280299;info@emagrup.com;www.emagrup.com;emagrup.com;10.016 SOKAK NO:24 ATATÜRK ORGANİZE SANAYİ BÖLGESİ
EMA TECH BOYAMA SİSTEMLERİ SAN.VE TİC.LTD.ŞTİ.;İZMİR;ÇİĞLİ;;(232) 449 85 05;4498501;info@ema-tech.net;http://www.ema-tech.net;ema-tech.net;10.007 SOKAK NO.24 ATATÜRK ORGANİZE SANAYİ BÖLGESİ
EMTAŞ TEKSTİL İNŞ.TAAHH.GIDA TURİZM HAYVANCILIK SAN.TİC.LTD.ŞTİ.;İZMİR;ÇİĞLİ;;;;emtastekstil@hotmail.com;http://;;10.001 SOKAK NO:20/1 ATATÜRK ORGANİZE SANAYİ BÖLGESİ
ENDELSAN ENDÜSTRIYEL ELEKTRONIK SAN.VE TIC.LTD.STI;İZMİR;ÇİĞLİ;Endüstriyel islem kontrol ekipmanlarinin kurulum h;(232) 373 72 76;3391150;info@endelsan.com;www.endelsan.com;endelsan.com;10.016 SOKAK NO.60 ATATÜRK ORGANİZE SANAYİ BÖLGESİ
ENDO ENDÜSTRİYEL DONANIM VE OTOMASYON SİSTEMLERİ SAN.TİC.A.Ş.;İZMİR;ÇİĞLİ;;(232) 433 85 15;4338881;info@endo.com.tr;http://www.endo.com.tr;endo.com.tr;10.042 SOKAK NO. 10 ATATÜRK ORGANİZE SANAYİ BÖLGESİ
ENDO ENDÜSTRİYEL DONANIM VE OTOMASYON SİSTEMLERİ SAN.TİC.A.Ş.;İZMİR;ÇİĞLİ;Baska yerde siniflandirilmamis diger özel amaçli m;(232) 433 85 15;4338881;info@endo.com.tr;http://www.endo.com.tr;endo.com.tr;10.053 SOKAK NO:9 ATATÜRK ORGANİZE SANAYİ BÖLGESİ
ENEKO HAVALANDIRMA VE ISI EKONOMİSİ SİSTEM TEKNOLOJİLERİ MAKİNE SAN. VE TİC. A.Ş.;İZMİR;ÇİĞLİ;;(232) 328 20 80;3282022;muhasebe@eneko.com.tr;http://www.eneko.com.tr;eneko.com.tr;10.049 SOKAK NO.4  ATATÜRK ORGANİZE SANAYİ BÖLGESİ
ENGİN KAĞITÇIOĞLU / NECMİ KAĞITÇIOĞLU;İZMİR;ÇİĞLİ;;(232) 328 10 15;3281609;info@muzafferkagitcioglu.com;www.muzafferkagitcioglu.com.tr;muzafferkagitcioglu.com.tr;10.013 SOKAK NO.4 ATATÜRK ORGANİZE SANAYİ BÖLGESİ
ENGİNAR YEMEK SAN.VE TİC.A.Ş.;İZMİR;ÇİĞLİ;;(232) 386 41 91;;enginaryemek@gmail.com;http://www.enginaryemek.com;enginaryemek.com;10.041 SOKAK NO:12  ATATÜRK ORGANİZE SANAYİ  BÖLGESİ
ENGİNAR YEMEK SAN.VE TİC.A.Ş.;İZMİR;ÇİĞLİ;;(232) 386 41 91;;enginaryemek@gmail.com;http://www.enginaryemek.com;enginaryemek.com;10.041 SOKAK NO.12  ATATÜRK ORGANİZE SANAYİ BÖLGESİ
ENİZ OVAÇAM;İZMİR;ÇİĞLİ;;(232) 376 72 50;3767255;ustunel@ustunel.com.tr;http://www.ustunel.com.tr;ustunel.com.tr;10.002 SOKAK NO.20 ATATÜRK ORGANİZE SANAYİ BÖLGESİ
ENKO KONTROL SİSTEMLERİ A.Ş.;İZMİR;ÇİĞLİ;;(232) 376 78 06;3767792;info@enkoelektronik.com;http://www.enkoelektronik.com;enkoelektronik.com;M.KEMAL ATATÜRK BLV.NO.64 ATATÜRK ORGANİZE SANAYİ BÖLGESİ
ENS FERMUAR TEKSTİL SAN.VE TİC.A.Ş.;İZMİR;ÇİĞLİ;;(232) 376 76 35;3767637;info@enisfermuar.com;http://;;10.015 SOKAK NO.11/1 ATATÜRK ORGANİZE SANAYİ BÖLGESİ
ENSMET ELEKTRİK VE PLASTİK MALZEMELERİ SAN.VE TİC.A.Ş.;İZMİR;ÇİĞLİ;;(232) 328 25 73;3282575;info@ensmet.com;http://www.ensmet.com;ensmet.com;10.002 SOKAK NO.42 ATATÜRK ORGANİZE SANAYİ BÖLGESİ
ENTEA BİLGİ TEKNOLOJİLERİ MAKİNE OTOMASYON SAN.VE TİC.LTD.ŞTİ.;İZMİR;ÇİĞLİ;Baska yerde siniflandirilmamis diger özel amaçli m;;;info@entea.com.tr;http://www.entea.com.tr;entea.com.tr;10.038 SOKAK NO:10/2 ATATÜRK ORGANİZE SANAYİ BÖLGESİ
EPSİLON ÇELİK MAKİNA İMALAT SAN.VE TİC.LTD.ŞTİ.;İZMİR;ÇİĞLİ;Yer alti kullanimi için sürekli hareketli elevatör;;;e.sap@epsilon-project.com;http://www.epsilon-project.com;epsilon-project.com;10.040 SOKAK NO:8 ATATÜRK ORGANİZE SANAYİ BÖLGESİ
ERCİYES DEMİR SANAYİ VE TİCARET A.Ş.;İZMİR;ÇİĞLİ;Açik profillerin, nervürlü levhalarin ve sandviç p;(232) 376 78 40;3767842;info@erciyesdemir.com.tr;www.erciyesdemir.com.tr;erciyesdemir.com.tr;M.KEMAL ATATÜRK BUL. NO.16  ATATÜRK ORGANİZE SANAYİ BÖLGESİ
ERCİYES DEMİR SANAYİ VE TİCARET A.Ş.;İZMİR;ÇİĞLİ;Açik profillerin, nervürlü levhalarin ve sandviç p;(232) 376 78 40;3767842;info@erciyesdemir.com.tr;http://www.erciyesdemir.com.tr;erciyesdemir.com.tr;10.043 SOKAK NO.15   ATATÜRK ORGANİZE SANAYİ BÖLGESİ
ERCİYES DEMİR SANAYİ VE TİCARET A.Ş.;İZMİR;ÇİĞLİ;;(232) 376 78 40;(232) 376 78 42;info@erciyesdemir.com.tr;http://www.erciyesdemir.com.tr;erciyesdemir.com.tr;10.053 SOKAK NO.3 ATATÜRK ORGANİZE SANAYİ BÖLGESİ
ERDİNÇ HIZIR YAPAN;İZMİR;ÇİĞLİ;Sanayi tipi sogutucu ve dondurucu donanimlari ile ;(232) 376 83 20;3768326;info@messan.com.tr;http://www.messan.com.tr;messan.com.tr;10.010 SOKAK NO.4 ATATÜRK ORGANİZE SANAYİ BÖLGESİ
ERDİNÇ HIZIR YAPAN;İZMİR;ÇİĞLİ;;(232) 376 83 20;3768326;info@messan.com.tr;http://www.messan.com.tr;messan.com.tr;10.026 SOKAK NO.50 ATATÜRK ORGANİZE SANAYİ BÖLGESİ
ERDOĞAN YAVUZ YAVUZ MAKİNA;İZMİR;ÇİĞLİ;Metallerin makinede islenmesi (torna tesfiye isler;(232) 337 32 65;2653690;info@omsdiesel.com;http://www.omsdiesel.com;omsdiesel.com;10.028 SOKAK NO.10 ATATÜRK ORGANİZE SANAYİ BÖLGESİ
ERDOĞANLAR CAM ALÜMİNYUM PVC- MEHMET ERDOĞAN;İZMİR;ÇİĞLİ;;(232) 503 45 00;;erdoganlarcam@outlook.com;http://;;10.015 SOKAK NO.17 ATATÜRK ORGANİZE SANAYİ BÖLGESİ
EREN PLASTİK SANAYİ VE TİCARET A.Ş.;İZMİR;ÇİĞLİ;Plastik poset, çöp torbasi, çanta, torba, çuval, f;(232) 376 82 19;3768218;erenplastik@erenplastik.com;www.erenplastik.com;erenplastik.com;10.008 SOKAK NO.7 ATATÜRK ORGANİZE SANAYİ BÖLGESİ
ERGİN TONGUÇ;İZMİR;ÇİĞLİ;Plastik insaat malzemesi imalati;(236) 613 93 43;(236) 613 93 43;ergintonguc@hotmail.com;;;10.032 SOKAK NO.25 ATATÜRK ORGANİZE SANAYİ BÖLGESİ
ERGÜN BİNBOĞA;İZMİR;ÇİĞLİ;;;;;http://;;10.016 SOKAK NO.10 ATATÜRK ORGANİZE SANAYİ BÖLGESİ
ERGÜN BİNBOĞA;İZMİR;ÇİĞLİ;;;;;;;10.016 SOKAK NO.72 ATATÜRK ORGANİZE SANAYİ BÖLGESİ
ERGÜN BİNBOĞA;İZMİR;ÇİĞLİ;;;;;http://;;10.028 SOKAK NO.8 ATATÜRK ORGANİZE SANAYİ BÖLGESİ
ERİŞ MAKİNA SAN. VE TİC.A.Ş.;İZMİR;ÇİĞLİ;Baska yerde siniflandirilmamis diger özel amaçli m;(232) 324 30 24;9661065;iletisim@erisrs.com;http://www.erisrs.com;erisrs.com;10.041 SOKAK NO:8  ATATÜRK ORGANİZE SANAYİ BÖLGESİ
ERP REKLAM VE AMBALAJ SAN.TİC.A.Ş.;İZMİR;ÇİĞLİ;Isikli tabela, isikli reklam panosu ve benzerlerin;05300683164;;muhasebe@erpreklam.com.tr;http://www.erpreklam.com.tr;erpreklam.com.tr;10.000 SOKAK NO:3/4  ATATÜRK ORGANİZE SANAYİ BÖLGESİ
ERSENCER MÜHENDİSLİK MAKİNA GEMİCİLİK İNŞAAT SAN. VE TİC. A.Ş.;İZMİR;ÇİĞLİ;;(232) 376 79 44;3767945;ersencer@ersencer.com;www.ersencer.com;ersencer.com;10.013 SOKAK NO.8 ATATÜRK ORGANİZE SANAYİ BÖLGESİ
ERTEK DANIŞMANLIK İŞGÜCÜ HİZMETLERİ LTD.ŞTİ.;İZMİR;ÇİĞLİ;;;;;http://;;10.002 SOKAK NO.28  ATATÜRK ORGANİZE SANAYİ BÖLGESİ
ERTEK YAPI VE MAK.END.EK.SAN.VE TIC.LTD.STI.;İZMİR;ÇİĞLİ;Bina ve diger insaat projelerinde su ve kanalizasy;(232) 376 81 37;3768247;gunes@ertek.com;www.ertek.com;ertek.com;10.028 SOKAK NO.5 ATATÜRK ORGANİZE SANAYİ BÖLGESİ
ERZE PLASTİK ÇEMBER SAN.VE TİC.A.Ş.;İZMİR;ÇİĞLİ;;(232) 376 86 25;3768626;info@erzecember.com;http://www.erzecember.com;erzecember.com;10.049 SOKAK NO.3  ATATÜRK ORGANİZE SANAYİ BÖLGESİ
ERZE PLASTİK ÇEMBER SAN.VE TİC.A.Ş.;İZMİR;ÇİĞLİ;Plastik poset, çöp torbasi, çanta, torba, çuval, f;(232) 376 86 55;3768626;info@erzecember.com;www.erzecember.com;erzecember.com;10.049 SOKAK NO.1  ATATÜRK ORGANİZE SANAYİ BÖLGESİ
ERZE PLASTİK ÇEMBER SAN.VE TİC.A.Ş.;İZMİR;ÇİĞLİ;Plastik poset, çöp torbasi, çanta, torba, çuval, f;(232) 376 86 25;3768626;info@erzecember.com;www.erzecember.com;erzecember.com;M.KEMAL ATATÜRK BUL.NO.48 ATATÜRK ORGANİZE SANAYİ BÖLGESİ
ESCOM GIDA İNŞAAT TAAHHÜT SAN.VETİC.A.Ş.;İZMİR;ÇİĞLİ;Et ve kümes hayvanlari etlerinden üretilen pismemi;(0232) 503 50 48;;info@escomgida.com;http://www.escomgida.com;escomgida.com;10.022 SOKAK  NO.9  ATATÜRK ORGANİZE SANAYİ BÖLGESİ
ESEN PLASTİK SANAYİ VE TİCARET A.Ş.;İZMİR;ÇİĞLİ;Plastikten mamul halde tüp, boru, hortum ve bunlar;(232) 376 70 11;3767010;esen@esen.com;www.esenplastik.com.tr;esenplastik.com.tr;M.KEMAL ATATÜRK BUL. NO.73 ATATÜRK ORGANİZE SANAYİ BÖLGESİ
ESEN PLASTİK SANAYİ VE TİCARET A.Ş.;İZMİR;ÇİĞLİ;Plastikten mamul halde tüp, boru, hortum ve bunlar;(232) 376 70 11;3767010;esen@esen.com;http://www.esenplastik.com.tr;esenplastik.com.tr;M.KEMAL ATATÜRK BUL.NO.71  ATATÜRK ORGANİZE SANAYİ BÖLGESİ
ESEN PLASTİK SANAYİ VE TİCARET A.Ş.;İZMİR;ÇİĞLİ;Plastikten mamul halde tüp, boru, hortum ve bunlar;(232) 376 70 11;3767010;esen@esen.com;http://www.esenplastik.com.tr;esenplastik.com.tr;M.KEMAL ATATÜRK BUL.NO.69 ATATÜRK ORGANİZE SANAYİ BÖLGESİ
ESER KARDEŞLER EKMEKÇİLİK UNLU MAMÜLLERİ GIDA VE KATKI MADDELERİ SAN.TİC.VE PAZARLAMA LTD.ŞTİ.;İZMİR;ÇİĞLİ;Ekmek, taze pastane ürünleri ve taze kek imalati;(232) 342 17 27;;bilgi@taskentekmek.com.tr;http://www.tastanekmek.com.tr;tastanekmek.com.tr;10.001 SOKAK NO.9   ATATÜRK ORGANİZE SANAYİ BÖLGESİ
ESER KARDEŞLER EKMEKÇİLİK UNLU MAMÜLLERİ GIDA VE KATKI MADDELERİ SAN.TİC.VE PAZARLAMA LTD.ŞTİ.;İZMİR;ÇİĞLİ;;(232) 342 17 27;;bilgi@taskentekmek.com.tr;http://www.tastanekmek.com.tr;tastanekmek.com.tr;10.010 SOKAK NO.7 ATATÜRK ORGANİZE SANAYİ BÖLGESİ
ESMA ÖZDEMİR;İZMİR;ÇİĞLİ;;(232) 376 78 86;3767783;a.nurkaya@dostcam.com.tr;www.dostcam.com;dostcam.com;10.014 SOKAK NO.15 ATATÜRK ORGANİZE SANAYİ BÖLGESİ
ETAPAK BASKI AMBALAJ SAN.VE TİC.A.Ş.;İZMİR;ÇİĞLİ;Kagit veya mukavvadan etiketlerin imalati;(232) 328 33 45;3283341;info@etapak.com;http://www.etapak.com;etapak.com;10.034 SOKAK  NO.8 ATATÜRK ORGANİZE SANAYİ BÖLGESİ
ETHEM ALTAN ÜNSAL;İZMİR;ÇİĞLİ;Isinlama, elektro medikal ve elektro terapi ile il;(232) 463 70 94;4222549;aydinunsal@superonline.com;;;10.001 SOKAK NO.8  ATATÜRK ORGANİZE SANAYİ BÖLGESİ
ETKİN TIBBİ CİHAZLAR  SAN. VE TİC.A.Ş.;İZMİR;ÇİĞLİ;;(232) 464 00 20;4641493;etkintibbi@etkintibbi.com;www.etkintýbbi.com.tr;xn--etkintbbi-59a.com.tr;10.052 SOKAK NO:10  ATATÜRK ORGANİZE SANAYİ BÖLGESİ
EVRİM ELEKTRİK MALZEMELERİ SAN.VE TİC.LTD.ŞTİ.;İZMİR;ÇİĞLİ;Elektrik dagitim ve kontrol cihazlari imalati;(232) 376 80 66;3768066;info@evrimelektrik.com ;http://www.evrimelektrik.com;evrimelektrik.com;10.024 SOKAK NO.7 ATATÜRK ORGANİZE SANAYİ BÖLGESİ
EYÜP ÖZENEL;İZMİR;ÇİĞLİ;;;;;http://;;10.024 SOKAK NO.7 ATATÜRK ORGANİZE SANAYİ BÖLGESİ
FAHRETTİN MACİT;İZMİR;ÇİĞLİ;;(232) 464 59 60;4227127;;http://;;10.002 SOKAK NO.9  ATATÜRK ORGANİZE SANAYİ BÖLGESİ
FATİH GÜLMEZOĞLU;İZMİR;ÇİĞLİ;Metallerin islenmesi ve kaplanmasi;(232) 376 83 05;3768305;efo.elk@superonline.com;http://www.efoelektrik.com;efoelektrik.com;10.016 SOKAK NO:32 ATATÜRK ORGANİZE SANAYİ BÖLGESİ
FATİH MEHMET ERTEKİN;İZMİR;ÇİĞLİ;;(232) 459 49 09;4594910;info@geotr.com;http://www.geotr.com;geotr.com;10.006/1 SOKAK NO.39  ATATÜRK ORGANİZE SANAYİ BÖLGESİ
FATMA ÇABUKEL;İZMİR;ÇİĞLİ;Bitkisel ve hayvansal üretim ile avcilik ve ilgili;;;;http://;;10.024 SOK NO.2  ATATÜRK ORGANİZE SANAYİ BÖLGESİ
FAVORİ PLASTİK  MAKİNA SAN.VE TİC.LTD.ŞTİ.;İZMİR;ÇİĞLİ;;(232) 376 77 73;3767773;uguroral.anadolu@gmail.com;;;10.022 SOKAK NO.16  ATATÜRK ORGANİZE SANAYİ BÖLGESİ
FAZ ELEKTRİK MOTOR MAKİNA SAN.VE TİC.A.Ş.;İZMİR;ÇİĞLİ;Elektrik motoru, jeneratör ve transformatörlerin i;(232) 328 30 37;3282076;;www.tumser.com.tr;tumser.com.tr;10.015 SOKAK NO:15 ATATÜRK ORGANİZE SANAYİ BÖLGESİ
FB DIŞ TİCARET A.Ş.;İZMİR;ÇİĞLİ;;(232) 328 09 69;3282070;muhasebe@fbtextile.com;;;10.014 SOKAK NO.13  ATATÜRK ORGANİZE SANAYİ BÖLGESİ
FEKA İNŞAAT SANAYİ VE TİCARET A.Ş.;İZMİR;ÇİĞLİ;Ikamet amaçli olmayan binalarin insaati (fabrika, ;(232) 877 10 55;8772055;feka@feka.com.tr;http://www.feka.com.tr;feka.com.tr;10.014 SOKAK NO:1 ATATÜRK ORGANİZE SANAYİ BÖLGESİ
FERHAT GÜNGÖR;İZMİR;ÇİĞLİ;;;;nurcan.gungor@deceuninck.com;;;10.025 SOKAK NO.4 ATATÜRK ORGANİZE SANAYİ BÖLGESİ
FIRAMER MAKİNA SAN.VE TİC.LTD.ŞTİ.;İZMİR;ÇİĞLİ;Metallerin makinede islenmesi (torna tesfiye isler;(232) 479 79 82;;muhasebe@firamer.com;http://www.firamer.com.tr;firamer.com.tr;10.010 SOKAK NO:23/1 ATATÜRK ORGANİZE SANAYİ BÖLGESİ
FIXPRO İÇ VE DIŞ TİC.A.Ş.;İZMİR;ÇİĞLİ;;(232) 683 40 98;5023410;muhasebe@fixpro.com.tr;http://;;10.016 SOKAK NO.16  ATATÜRK ORGANİZE SANAYİ BÖLGESİ
FİDAN AMBALAJ SAN.VE TİC.A.Ş.;İZMİR;ÇİĞLİ;Plastik poset, çöp torbasi, çanta, torba, çuval, f;(232) 328 01 02;3280290;rina@fidanambalaj.com;;;10.050 SOKAK NO:3   ATATÜRK ORGANİZE SANAYİ BÖLGESİ
FLOVMAC MAKİNA HİDROLİK SİSTEMLERİ İTH.İHR.SAN.VE TİC.LTD.ŞTİ.;İZMİR;ÇİĞLİ;Akiskan gücü ile çalisan ekipmanlarin ve bunlarin ;(232) 376 76 85;;info@flowmac.com.tr;http://www.flowmac.com.tr;flowmac.com.tr;10.000 SOKAK NO.20/1 ATATÜRK ORGANİZE SANAYİ BÖLGESİ
FORM MAKİNE CNC TAKIM TEZGAHLARI SAN.VE TİC. LTD.ŞTİ.;İZMİR;ÇİĞLİ;;(232) 328 04 10;3280413;form@formcnc.com.tr;http://www.formcnc.com.tr;formcnc.com.tr;10.024 SOKAK NO:1 ATATÜRK ORGANİZE SANAYİ BÖLGESİ
FTA HAVACILIK BAĞLANTI ELEMANLARI SAN.VE TİC.LTD.ŞTİ.;İZMİR;ÇİĞLİ;Metallerin makinede islenmesi (torna tesfiye isler;(232) 328 26 82;3282789;info@fta.com.tr;www.fta.com.tr;fta.com.tr;10.052 SOKAK NO:14  ATATÜRK ORGANİZE SANAYİ BÖLGESİ
GALATA CHEMICALS TURKEY KİMYASAL A.Ş.;İZMİR;ÇİĞLİ;;(232) 503 02 50;;finance@galatachemicals.com;http://www.galatachemicals.com;galatachemicals.com;10.039 SOKAK NO.13 ATATÜRK ORGANİZE SANAYİ BÖLGESİ
GALETAŞ GIDA SAN. VE TİC.LTD.ŞTİ;İZMİR;ÇİĞLİ;Tahillarin ögütülmesi ve un imalati (misir unu, ke;(232) 328 05 90;3280593;a.duran@galetas.com;http://www.galetas.com;galetas.com;10.022 SOKAK NO:5   ATATÜRK ORGANİZE SANAYİ BÖLGESİ
GARANTİ FİNANSAL KİRALAMA A.Ş.;İZMİR;ÇİĞLİ;;;;;;;10.053 SOKAK NO:9 ATATÜRK ORGANİZE SANAYİ BÖLGESİ
GASPA OTOMOTİV SOĞUTMA VE LPG SİST.İNŞ.TUR.İTH.İHR.SAN.VE TİC.LTD.ŞTİ.;İZMİR;ALİAĞA;;0 (232)3257576;;info@gicopss.com;;;ÇORAKLAR MAH.5021 SK.NO:10  ALOSBİ
GE VERNOVA ENERJİ TEKNOLOJİLERİ TİC.VE SERVİS A.Ş. İZMİR ŞUBESİ;İZMİR;ÇİĞLİ;;850 210 43 43;(212) 366 26 07;info@ge.com;http://www.ge.com.tr;ge.com.tr;10.039 SOKAK NO:27 ATATÜRK ORGANİZE SANAYİ BÖLGESİ
GEMPOL MAKİNE MÜH.SAN.VE TİC.LTD.ŞTİ.;İZMİR;ÇİĞLİ;;328 23 31;;info@gempol.com.tr;http://www.gempol.com.tr;gempol.com.tr;10.052 SOKAK NO:2 ATATÜRK ORGANİZE SANAYİ BÖLGESİ
GENÇAY CİVATA - TEKNİK HIRDAVAT SAN.VE TİC.LTD.ŞTİ.;İZMİR;ÇİĞLİ;;(232) 328 29 29;3282930;info@gencaycivata.com.tr;http://www.gencaycivata.com.tr;gencaycivata.com.tr;M.KEMAL ATATÜRK BUL.NO.74 ATATÜRK ORGANİZE SANAYİ BÖLGESİ
GENÇAY CİVATA - TEKNİK HIRDAVAT SAN.VE TİC.LTD.ŞTİ.;İZMİR;ÇİĞLİ;;(232) 328 29 29;3282930;info@gencaycivata.com.tr;http://www.gencaycivata.com.tr;gencaycivata.com.tr;M.KEMAL ATATÜRK BUL. NO.76 ATATÜRK ORGANİZE SANAYİ BÖLGESİ
GENSAC METAL MAKİNA NAK. PAZARLAMA SAN.VE TİC.LTD.ŞTİ.;İZMİR;ÇİĞLİ;;(232) 328 32 80;3283280;info@gensacmetal.com;www.gensacmetal.com;gensacmetal.com;10.040 SOKAK NO.16 ATATÜRK ORGANİZE SANAYİ BÖLGESİ
GENSAC METAL MAKİNA NAK. PAZARLAMA SAN.VE TİC.LTD.ŞTİ.;İZMİR;ÇİĞLİ;Metallerin makinede islenmesi (torna tesfiye isler;(232) 328 32 80;3283280;info@gensacmetal.com;http://www.gensacmetal.com;gensacmetal.com;10.042 SOKAK NO.8  ATATÜRK ORGANİZE SANAYİ BÖLGESİ
GIMİLOĞULLARI PAZARLAMA SAN.VE TİC.A.Ş.;İZMİR;ÇİĞLİ;;(232) 486 56 92;4865648;fatura@gimilogullari.com;;;10.038 SOKAK NO.12 ATATÜRK ORGANİZE SANAYİ BÖLGESİ
GİMAS GİRGİN MAK.İMAL.MONT.VE MÜH.SAN.VE TİC.A.Ş.;İZMİR;ÇİĞLİ;Tas, toprak, cevher, alçi, çimento ve diger minera;(232) 376 73 77;3767379;info@gimas.gen.tr ;www.gimas.gen.tr;gimas.gen.tr;ESATPAŞA MAH.1212 SOKAK NO.3/1 MENEMEN- İZMİR
GİMAS GİRGİN MAK.İMAL.MONT.VE MÜH.SAN.VE TİC.A.Ş.;İZMİR;ÇİĞLİ;Tas, toprak, cevher, alçi, çimento ve diger minera;(232) 376 73 77;3767379;info@gimas.gen.tr ;www.gimas.gen.tr;gimas.gen.tr;ESATPAŞA MAH.1212 SOKAK NO.3/1 MENEMEN- İZMİR
GİMAS GİRGİN MAK.İMAL.MONT.VE MÜH.SAN.VE TİC.A.Ş.;İZMİR;ÇİĞLİ;Tas, toprak, cevher, alçi, çimento ve diger minera;(232) 376 73 77;3767379;info@gimas.gen.tr ;http://www.gimas.gen.tr;gimas.gen.tr;ESATPAŞA MAH.1212 SOKAK NO.3/1 MENEMEN- İZMİR
GİMAS GİRGİN MAK.İMAL.MONT.VE MÜH.SAN.VE TİC.A.Ş.;İZMİR;ÇİĞLİ;Tas, toprak, cevher, alçi, çimento ve diger minera;(232) 376 73 77;3767379;info@gimas.gen.tr ;www.gimas.gen.tr;gimas.gen.tr;ESATPAŞA MAH.1212 SOKAK NO.3/1 MENEMEN- İZMİR
GİMAS GİRGİN MAK.İMAL.MONT.VE MÜH.SAN.VE TİC.A.Ş.;İZMİR;ÇİĞLİ;;(232) 376 73 77;3767379;info@gimas.gen.tr ;http://www.gimas.gen.tr;gimas.gen.tr;ESATPAŞA MAH.1212 SOKAK NO.3/1 MENEMEN- İZMİR
GİMKAT ARAÇ ÜSTÜ EKİPMAN SAN.VE TİC.A.Ş.;İZMİR;ÇİĞLİ;Bys. elektrikli diger ekipmanlarin imalati (elektr;(232) 328 18 85;3281875;mehmet.katmerci@gimkat.com;http://www.gimkat.com;gimkat.com;10.032 SOKAK NO.8 ATATÜRK ORGANİZE SANAYİ BÖLGESİ
GİZEM YILDIRIM SÜRÜCÜ;İZMİR;ÇİĞLİ;;;;;http://;;10.006/1 SOKAK NO.27  ATATÜRK ORGANİZE SANAYİ BÖLGESİ
GMC ULUSLARARASI DERİ KİMYA TEKSTİL İNŞAAT GIDA SAN.VE TİC.LTD.ŞTİ.;İZMİR;ÇİĞLİ;;(232) 486 46 64;;info@gmctextilegroup.com;;;10.001 SOKAK N0:23 ATATÜRK ORGANİZE SANAYİ BÖLGESİ
GOLD KOMPOZİT TEKNE İMALAT TURİZM SAN.VE TİC.LTD.ŞTİ.;İZMİR;ÇİĞLİ;Eglence ve sportif amaçli motorlu/motorsuz yelkenl;;;info@goldkompozit.com;http://www.goldkompozit.com;goldkompozit.com;10.032 SOKAK NO.21/1 ATATÜRK ORGANİZE SANAYİ BÖLGESİ
GOLDEN FİNGERS RESTORAN ZİNCİRİ SAN.VE LTD.ŞTİ.;İZMİR;ÇİĞLİ;Firin ürünleri imalati (ekmek, pide, simit, vb. da;(538)7249288-Onurbey;;anilsurgel@gmail.com;http://;;10.041 SOKAK NO.7 ATATÜRK ORGANİZE SANAYİ BÖLGESİ
GOVI KİMYA SAN.VE TİC.A.Ş.;İZMİR;ÇİĞLİ;;(232) 325 98 98;;info@govikimya.com;http://www.govikimya.com;govikimya.com;10.002 SOKAK NO:37 ATATÜRK ORGANİZE SANAYİ BÖLGESİ
GÖKHAN AKSIN;İZMİR;ÇİĞLİ;Tutkal imalati (kazein esasli, hayvansal esasli, n;(232) 328 03 28;3280326;gaksin@makrochemical.com;http://www.makrochemical.com;makrochemical.com;10.044 SOKAK NO:7 ATATÜRK ORGANİZE SANAYİ BÖLGESİ
GÖKHAN ERKAVUN;İZMİR;ÇİĞLİ;Ögütülmüs hububat ve sebze ürünleri imalati;(232) 486 00 94;4860721;;;;10.041 SOKAK NO.5  ATATÜRK ORGANİZE SANAYİ BÖLGESİ
GÖKSAN POMPA SANAYİ VE TİCARET A.Ş.;İZMİR;ÇİĞLİ;Sivi pompalari ve sivi elevatörleri imalati (yakit;(232) 376 74 28;3768054;info@goksan.com.tr;www.goksanpump.com.tr;goksanpump.com.tr;10.014 SOKAK NO:7 ATATÜRK ORGANİZE SANAYİ BÖLGESİ
GÖKTEN MERT AYDOĞDU;İZMİR;ÇİĞLİ;;(232) 483 45 25;4840128;aytash@aytash.com;www.aytash.com;aytash.com;10.050 SOKAK NO.5  ATATÜRK ORGANİZE SANAYİ BÖLGESİ
GÜÇSAN MAKİNA SANAYİ VE TİC.LTD.ŞTİ.;İZMİR;ÇİĞLİ;Bitkisel ve hayvansal üretim ile avcilik ve ilgili;(232) 376 81 57;;info@nerialed.com.tr;www.gucsan.com.tr;gucsan.com.tr;10.021 SOKAK NO:15  ATATÜRK ORGANİZE SANAYİ BÖLGESİ
GÜÇSAN MAKİNA SANAYİ VE TİC.LTD.ŞTİ.;İZMİR;ÇİĞLİ;Metalden kapi ve pencere imalati;(232) 376 79 68;3768076;info@nerialed.com.tr;www.gucsan.com.tr;gucsan.com.tr;10.021 SOKAK NO:13  ATATÜRK ORGANİZE SANAYİ BÖLGESİ
GÜHRING TAKIM SAN.VE TİC.LTD.ŞTİ.;İZMİR;ÇİĞLİ;Metal isleme makinelerinin ve takim tezgahlarinin ;(232) 328 00 58;3280133;muhasebe@guhring.com.tr;http://www.guhring.com.tr;guhring.com.tr;10.027 SOKAK NO.2 ATATÜRK ORGANİZE SANAYİ BÖLGESİ
GÜL TARIM SAN VE TİC. A.Ş.;İZMİR;ÇİĞLİ;;;3768167;gultekinmt@gmail.com;;;10.001 SOKAK NO:27 ATATÜRK ORGANİZE SANAYİ BÖLGESİ
GÜLAY HATİCE İNCE;İZMİR;ÇİĞLİ;Diger plastik ürünlerin imalati;(232) 362 00 28;;mim.gulayince@gmail.com ;;;10.026 SOKAK NO.28  ATATÜRK ORGANİZE SANAYİ BÖLGESİ
GÜNAY CİVATA VE BAĞLANTI ELEMANLARI TİC.SAN.LTD.ŞTİ.;İZMİR;ÇİĞLİ;Yivli baglanti malzemeleri imalati, demir, çelik v;(232) 377 24 53;;muhasebe@gunaycivata.com.tr;http://www.günaycivata.com.tr;xn--gnaycivata-9db.com.tr;10.001 SOKAK NO.4 ATATÜRK ORGANİZE SANAYİ BÖLGESİ
GÜNDÜZ TRAFO ELEKTRİK MAKİNALARI VE TURİZM SAN.TİC. A.Ş.;İZMİR;ÇİĞLİ;Elektrik motorlarinin, jeneratörlerin ve transform;(232) 376 76 80;3281468;muhasebe@gunduztrafo.com;http://www.gunduztrafo.com;gunduztrafo.com;10.007 SOKAK NO:28 ATATÜRK ORGANİZE SANAYİ BÖLGESİ
GÜNERİ GÜNDOĞAN;İZMİR;ÇİĞLİ;;;;guneri.gundogan@akcanlar.com.tr;http://;;10.029 SOKAK NO.10  ATATÜRK ORGANİZE SANAYİ BÖLGESİ
GÜNEŞ ERTAŞ;İZMİR;ÇİĞLİ;;;3768247;gunes@pnoso.com;http://;;10.028 SOKAK NO.1 ATATÜRK ORGANİZE SANAYİ BÖLGESİ
GÜNVER MÜHENDİSLİK TAAHHÜT SAN. VE TİC.LTD.ŞTİ.;İZMİR;ÇİĞLİ;;(232) 435 32 52;4353278;info@gunver.com.tr;http://www.gunver.com.tr;gunver.com.tr;10.016 SOKAK NO.38 ATATÜRK ORGANİZE SANAYİ BÖLGESİ
GÜNVER MÜHENDİSLİK TAAHHÜT SAN. VE TİC.LTD.ŞTİ.;İZMİR;ÇİĞLİ;;(232) 435 32 52;;info@gunver.com.tr;http://www.gunver.com.tr;gunver.com.tr;10.010 SK.NO:33  ATATÜRK ORGANİZE SANAYİ BÖLGESİ
GÜRAY KİMYA SAN.VE TİC.A.Ş.;İZMİR;ÇİĞLİ;;(232) 328 00 80;3280089;info@guraykimya.com;http://;;10.002 SOKAK NO.25 ATATÜRK ORGANİZE SANAYİ BÖLGESİ
GÜREL İHR.TARIM VE SAN.ÜRÜNLERİ TİC.A.Ş.;İZMİR;ÇİĞLİ;Pirinç, pirinç ezmesi ve pirinç unu imalati (çelti;(232) 328 32 50;3283247;gurkan@gurelexport.com;http://www.gurelexport.com;gurelexport.com;10.038 SOKAK NO:3 ATATÜRK ORGANİZE SANAYİ BÖLGESİ
GÜRMAK AMORTİSÖR OTOMOTİV SAN.VE TİC.A.Ş.;İZMİR;ÇİĞLİ;Motorlu kara tasitlari için diger parça ve aksesua;(232) 376 74 08;3767628;info@stal.com;www.stal.com;stal.com;M.KEMAL ATATÜRK BUL. NO.5  ATATÜRK ORGANİZE SANAYİ BÖLGESİ
GÜVEN PLASTİK SANAYİ VE TİCARET LTD.ŞTİ.;İZMİR;ÇİĞLİ;Plastikten mamul halde tüp, boru, hortum ve bunlar;(0232) 328 00 14;3280012;gp@guvenplastic.com;www.guvenplastic.com;guvenplastic.com;M.KEMAL ATATÜRK BUL. NO.37 ATATÜRK ORGANİZE SANAYİ BÖLGESİ
GÜZEL ENERJİ AKARYAKIT  A.Ş.;İZMİR;ÇİĞLİ;;(232) 328 10 36;3282082;kemal.balaban@guzelenerji.com.tr;www.moil.com.tr;moil.com.tr;10.013 SOKAK NO.6 ATATÜRK ORGANİZE SANAYİ BÖLGESİ
H.A.K BAY GIDA AMBALAJ VE KİMYEVİ MADDELER İTH.İHR. SAN. VE TİC. A.Ş.;İZMİR;ÇİĞLİ;Boya, vernik ve benzeri kaplayici maddeler ile mat;(232) 388 25 57;3883812;info@orkide.com.tr;http://www.orkide.com.tr, www.kucukbay.com.tr;orkide.com.tr,;M.KEMAL ATATÜRK BUL. NO.63 ATATÜRK ORGANİZE SANAYİ BÖLGESİ
HABAŞ SINAİ VE TIBBİ GAZLAR İSTİHSAL END.A.Ş.;İZMİR;ÇİĞLİ;;(216) 453 64 00;;habas@habas.com.tr;http://www.habas.com.tr;habas.com.tr;10.035 SOKAK NO:6  ATATÜRK ORGANİZE SANAYİ BÖLGESİ
HABAŞ SINAİ VE TIBBİ GAZLAR İSTİHSAL END.A.Ş.;İZMİR;ÇİĞLİ;Sanayi gazlari imalati (hidrojen, asal gazlar, azo;(232) 376 75 08;4792129;habas@habas.com.tr;www.habas.com.tr;habas.com.tr;M.KEMAL ATATÜRK BUL. NO.35  ATATÜRK ORGANİZE SANAYİ BÖLGESİ
HAKAN CELALATTİN BAYHUN;İZMİR;ÇİĞLİ;Gida ürünlerinin imalati;;;hakanbayhun@gmail.com;;;10.028 SOKAK NO.9 ATATÜRK ORGANİZE SANAYİ BÖLGESİ
HAKAN PEHLİVAN;İZMİR;ÇİĞLİ;;(232) 489 00 32;4840605;info@dl.com.tr;www.dl.com.tr;dl.com.tr;10.024 SOKAK NO.8 ATATÜRK ORGANİZE SANAYİ BÖLGESİ
HAKKI CEBECİ;İZMİR;ÇİĞLİ;Diger dis giyim esyalari imalati;(232) 375 42 77;3231363;hcebeci1@hotmail.com;;;M.KEMAL ATATÜRK BUL. NO.24 ATATÜRK ORGANİZE SANAYİ BÖLGESİ
HAKKI MELİH BÜKE;İZMİR;ÇİĞLİ;;;;hmbuke@gmail.com;;;10.007 SOKAK NO.36 ATATÜRK ORGANİZE SANAYİ BÖLGESİ
HALICI ENDÜSTRİ TEKNOLOJİLERİ A.Ş. İZMİR ŞUBESİ;İZMİR;ÇİĞLİ;Elektrikli ekipmanlarin kurulum hizmetleri (elektr;4443494;02164152222;muhasebe@halici.com;http://www.halici.com;halici.com;10.016 SOKAK NO:32 ATATÜRK ORGANİZE SANAYİ BÖLGESİ
HALUK GÜLLÜLÜ;İZMİR;ÇİĞLİ;;(224) 232 00 24;(224) 232 31 26;info@altiyildiz.com.tr;;;10.015 SOKAK NO.15 ATATÜRK ORGANİZE SANAYİ BÖLGESİ
HAMAŞ ENDÜSTRİ SAN.VE TİC.A.Ş.;İZMİR;ÇİĞLİ;;(232) 328 28 65;3282866;info@masterslide.com;www.masterslide.com;masterslide.com;10.010 SOKAK NO.12  ATATÜRK ORGANİZE SANAYİ BÖLGESİ
HAMDİ IRKDAŞ;İZMİR;ÇİĞLİ;;(232) 376 81 28;3768129;zirkdas1@gmail.com;;;10.022 SOKAK NO:4  ATATÜRK ORGANİZE SANAYİ BÖLGESİ
HAMİ KARACAN;İZMİR;ÇİĞLİ;;;;;;;10.041 SOKAK NO:10    ATATÜRK ORGANİZE SANAYİ BÖLGESİ
HAREMLİK GIDA DEKORASYON VE EKİPMANLARI SAN.VE TİC.LTD.ŞTİ.;İZMİR;ÇİĞLİ;Kahve ürünleri imalati (çekilmis kahve, eritilebil;(232) 328 30 94;3283092;sunlu@selamlique.com;http://www.haremliqueturkishcoffee.com;haremliqueturkishcoffee.com;10.041 SOKAK NO:6   ATATÜRK ORGANİZE SANAYİ BÖLGESİ
HARUN YEŞİL;İZMİR;ÇİĞLİ;Diger giyim esyalarinin ve giysi aksesuarlarinin i;(232) 237 16 16;2540412;harunyesill@hotmail.com;http://;;10.001 SOKAK NO.12 ATATÜRK ORGANİZE SANAYİ BÖLGESİ
HASAN DÖNMEZ;İZMİR;ÇİĞLİ;;;;;http://;;10.039 SOKAK NO:2  ATATÜRK ORGANİZE SANAYİ BÖLGESİ
HASAN GİRİTLİGİL / ELVİN GİRİTLİGİL / SELEN GİRİTLİGİL;İZMİR;ÇİĞLİ;;;;giritligilselen@gmail.com;http://;;10.029 SOKAK NO.8 ATATÜRK ORGANİZE SANAYİ BÖLGESİ
HASAN HÜSEYİN PEHLİVANLAR;İZMİR;ÇİĞLİ;;05307730609 (ÝÞ);(212) 545 97 04;;;;10.032 SOKAK NO. 23 ATATÜRK ORGANİZE SANAYİ BÖLGESİ
HASAN SANCAKLI / NAİLE GÖNÜL SANCAKLI /  SALİH KENAN SANCAKLI / KAAN SANCAKLI;İZMİR;ÇİĞLİ;;(232) 435 74 33;4352009;;;;10.000 SOKAK NO.12 ATATÜRK ORGANİZE SANAYİ BÖLGESİ
HASAN YILDIRIM DEMİR ÇELİK SAN.TİC.A.Ş.;İZMİR;ÇİĞLİ;;(232) 364 64 56;3643220;info@hydcas.com.tr;http://;;M.KEMAL ATATÜRK BUL. NO:18  ATATÜRK ORGANİZE SANAYİ BÖLGESİ
HASGÜL DERİ VE TEKSTİL ÜRÜNLERİ İÇ VE DIŞ TİCARET PAZARLAMA ÜRETİM İMALAT SAN.VE TİC.LTD.ŞTİ.;İZMİR;ÇİĞLİ;;(232) 325 09 95;3250995;;http://www.hasgultekstil.com;hasgultekstil.com;10.002 SOKAK NO.35 ATATÜRK ORGANİZE SANAYİ BÖLGESİ
HAVATEK MAKİNA SANAYİ VE TİC.A.Ş.;İZMİR;ÇİĞLİ;Metalden kalip ve döküm modeli imalati (kek ve aya;(232) 376 80 30;3768034;info@havatek.com.tr;www.havatek.com.tr;havatek.com.tr;10.015 SOKAK NO.7  ATATÜRK ORGANİZE SANAYİ BÖLGESİ
HAYİM ÇİKUREL - TEKİZ MAKİNA SANAYİ;İZMİR;ÇİĞLİ;Baska yerde siniflandirilmamis diger özel amaçli m;(232) 328 30 60;3283063;info@tekizgroup.com;www.tekizgroup.com;tekizgroup.com;10.016 SOKAK NO:30 ATATÜRK ORGANİZE SANAYİ BÖLGESİ
HAYRETTİN DÜZGÜN;İZMİR;ÇİĞLİ;;(232) 458 97 43;4697119;info@duzguntextile.com.tr;www.duzguntextile.com.tr;duzguntextile.com.tr;10.026 SOKAK NO.15  ATATÜRK ORGANİZE SANAYİ BÖLGESİ
HEC TIBBİ MALZEME SAN.VE TİC.A.Ş.;İZMİR;ÇİĞLİ;;(232) 290 16 88;2901323;;http://;;10.046 SOKAK NO.18  ATATÜRK ORGANİZE SANAYİ BÖLGESİ
HELEZON ELEKTRİK SANAYİ İÇ VE DIŞ TİCARET LTD.ŞTİ.;İZMİR;ÇİĞLİ;Diger plastik ürünlerin imalati;(232) 835 50 70;8355071;efe.uytun@gurpinar.com.tr;;;10.002 SOKAK NO:41 ATATÜRK ORGANİZE SANAYİ BÖLGESİ
HERKİM POLİMER KİMYA SAN.VE TİC. A.Ş.;İZMİR;ÇİĞLİ;Boya ve vernikler, polyester, akrilik ve vinil pol;(232) 376 72 41;3767240;info@herkim.com;www.herkim.com;herkim.com;10.004 SOKAK NO.4 ATATÜRK ORGANİZE SANAYİ BÖLGESİ
HİP KNEE MEDİKAL SAN.VE TİC.LTD.ŞTİ.;İZMİR;ÇİĞLİ;;(232) 325 23 23;;info@hipknee.com.tr;http://www.hipknee.com.tr;hipknee.com.tr;10.016 SOKAK NO:20  ATATÜRK ORGANİZE SANAYİ BÖLGESİ
HİPOMAK AMBALAJ MAKİNALARI SAN.VE TİC.LTD.ŞTİ.;İZMİR;ÇİĞLİ;Doldurma, paketleme ve ambalajlama makinelerinin i;(232) 376 71 14;3767118;info@hipomak.com.tr;;;10.039 SOKAK NO.11 ATATÜRK ORGANİZE SANAYİ BÖLGESİ
HİSAR DERİ DOLAP VE PERVANELERİ SAN.VE TİC.LTD.ŞTİ.;İZMİR;ÇİĞLİ;Post, deri ve köselelerin islenmesi ile ayakkabi v;(232) 376 75 10;3767514;info@hisarmakina.com ;www.hisarmakina.com;hisarmakina.com;M.KEMAL ATATÜRK BUL. NO.27 ATATÜRK ORGANİZE SANAYİ BÖLGESİ
HİSAR OTOMAT CNC MAKİNA SAN.TİC.LTD.ŞTİ.;İZMİR;ÇİĞLİ;Metallerin makinede islenmesi ve sekil verilmesi;;;muhasebe@hisarotomat.com.tr;http://;;10.040 SOKAK NO.22 ATATÜRK ORGANİZE SANAYİ BÖLGESİ
HPA TEKNOLOJİ HİDROLİK PNÖMATİK SAN.VE TİC.LTD.ŞTİ.;İZMİR;ÇİĞLİ;;(232) 328 19 21;3281922;durmuskara@hpa.com.tr;http://www.hpa.com.tr;hpa.com.tr;10.006/1 SOKAK NO.23/2  ATATÜRK ORGANİZE SANAYİ BÖLGESİ
HPA TEKNOLOJİ HİDROLİK PNÖMATİK SAN.VE TİC.LTD.ŞTİ.;İZMİR;ÇİĞLİ;Akiskan gücü ile çalisan ekipmanlarin ve bunlarin ;(232) 328 19 21;3281922;durmuskara@hpa.com.tr;http://www.hpa.com.tr;hpa.com.tr;10.040 SOKAK NO:4  ATATÜRK ORGANİZE SANAYİ BÖLGESİ
HUBERGROUP  MATBAA MALZEMELERİ ÜRETİM VE PAZARLAMA  LTD.ŞTİ.;İZMİR;ÇİĞLİ;Diger boya, vernik ve ilgili ürünlerin imalati (re;(232) 328 28 01;3281755;gunay.vatansever@hubergroup.com;www.hubergroup.com.tr;hubergroup.com.tr;10.032 SOKAK NO. 23 ATATÜRK ORGANİZE SANAYİ BÖLGESİ
HUKA DOĞALTAŞ SAN.VE TİC.LTD.ŞTİ.;İZMİR;ÇİĞLİ;Tas ve mermerin kesilmesi, sekil verilmesi ve biti;(232) 328 37 70;3768195;info@hukastones.com;http://hukastones.com;hukastones.com;M.KEMAL ATATÜRK BUL. NO:21 ATATÜRK ORGANİZE SANAYİ BÖLGESİ
HÜSEYİN / ENİS / K.LEVENT /  SİNAN /  E.SELEN ÖZFİDAN;İZMİR;ÇİĞLİ;;(232) 367 60 96;4834261;;http://;;10.027 SOKAK NO:3  ATATÜRK ORGANİZE SANAYİ BÖLGESİ
HÜSEYİN CANER ÖNAL;İZMİR;ÇİĞLİ;;(232) 328 18 17;3282448;caner@hco.com.tr;www.hco.com.tr;hco.com.tr;10.040 SOKAK NO:18 ATATÜRK ORGANİZE SANAYİ BÖLGESİ
HÜSEYİN İNALÖZ;İZMİR;ÇİĞLİ;;;;inalozmakina@hotmail.com;;;10.001 SOKAK NO.7  ATATÜRK ORGANİZE SANAYİ BÖLGESİ
HÜSNÜ ÖZKERTAN;İZMİR;ÇİĞLİ;;;3280609;husnuozkertan@gmail.com;http://;;10.016 SOKAK NO:31 ATATÜRK ORGANİZE SANAYİ BÖLGESİ
HÜSNÜ ÖZKERTAN;İZMİR;ÇİĞLİ;Baska yerde siniflandirilmamis diger özel amaçli m;;3280609;husnuozkertan@gmail.com;http://;;10.026 SOKAK NO:12 ATATÜRK ORGANİZE SANAYİ BÖLGESİ
HÜSNÜ ÖZKERTAN / MERT ÖZKERTAN / ŞENİZ ÖZKERTAN;İZMİR;ÇİĞLİ;;;;husnuozkertan@gmail.com;;;M.KEMAL ATATÜRK BLV.NO:19 ATATÜRK ORGANİZE SANAYİ BÖLGESİ
I AM BREAD GIDA SAN.VE TİC.LTD.ŞTİ.;İZMİR;ÇİĞLİ;Ekmek, taze pastane ürünleri ve taze kek imalati;;;metehan@imbreadbakery.com;http://www.imbreadbakery.com;imbreadbakery.com;10.025 SOKAK NO.12 ATATÜRK ORGANİZE SANAYİ BÖLGESİ
IFFCO TURKEY GIDA SAN.VE TİC.A.Ş.;İZMİR;ÇİĞLİ;;(232) 280 80 80;2808090;info@iffco.com.tr;http://www.iffco.com;iffco.com;10.003 SOKAK.NO:5 ATATÜRK ORGANİZE SANAYİ BÖLGESİ
IFFCO TURKEY GIDA SAN.VE TİC.A.Ş.;İZMİR;ÇİĞLİ;;(232) 280 80 80;2808090;info@iffco.com.tr;http://www.iffco.com;iffco.com;10.003 SOKAK NO:3  ATATÜRK ORGANİZE SANAYİ BÖLGESİ
INVGARDEN BİLİŞİM TEKNOLOJİLERİ ARGE YENİLENEBİLİR ENERJİ ELK.TUR.VE TİC.LTD.ŞTİ. AOSB ŞUBESİ;İZMİR;ÇİĞLİ;;(850) 303 96 73;08503039673;info@bilicra.com;http://www.bilicra.com;bilicra.com;10.040 SOKAK NO.5 ATATÜRK ORGANİZE SANAYİ BÖLGESİ
IŞIK KALIP SAN.VE TİC.A.Ş.;İZMİR;ÇİĞLİ;;(232) 328 02 43;3280248;info@port-bag.com;http://www.port-bag.com;port-bag.com;M.KEMAL ATATÜRK BUL. NO.33 ATATÜRK ORGANİZE SANAYİ BÖLGESİ
İBRAHİM ÇETİN GÖKTOĞAN;İZMİR;ÇİĞLİ;Baska yerde siniflandirilmamis diger özel amaçli m;(232) 376 80 85;;info@tmm.com.tr;http://tmm.com.tr/;tmm.com.tr;10.021 SOKAK NO:19 ATATÜRK ORGANİZE SANAYİ BÖLGESİ
İBRAHİM İLHAN ÖZGÜNER - TEKNİKİŞ;İZMİR;ÇİĞLİ;Çelik varil ve benzer muhafazalarin imalati;(232) 328 00 83;3280597;info@teknokrom.com;www.teknokrom.comt;teknokrom.comt;10.039 SOKAK NO.8 ATATÜRK ORGANİZE SANAYİ BÖLGESİ
İBRAHİM PAKSU - PAKSU PLASTIK AMB.SAN.VE TİC.;İZMİR;ÇİĞLİ;Plastik poset, çöp torbasi, çanta, torba, çuval, f;(232) 376 79 28;3767260;info@paksuplastik.com.tr;www.paksuplast.com;paksuplast.com;10.023 SOKAK NO:10  ATATÜRK ORGANİZE SANAYİ BÖLGESİ
İBRAHİM SARAY;İZMİR;ÇİĞLİ;Kagit ve mukavva imalati (daha ileri sanayi isleml;(232) 328 00 25;3282212;ibrahim.saray@kenvinsa.com.tr;http://;;10.002 SOKAK NO:15 ATATÜRK ORGANİZE SANAYİ BÖLGESİ
İBRAHİM SEDAT YEMİŞÇİ;İZMİR;ÇİĞLİ;Tekstil ürünlerinin imalati;(232) 324 34 18;3243419;cyemisci@mynet.com;;;10.010 SOKAK NO:11 ATATÜRK ORGANİZE SANAYİ BÖLGESİ
İDEAL TEKNOLOJİ BİLİŞİM ÇÖZÜMLERİ A.Ş.;İZMİR;ÇİĞLİ;Hiz ve mesafe ölçümünde kullanilan alet ve cihazla;(232) 328 17 25;3281729;info@idealteknoloji.com;http://www.idealteknoloji.com;idealteknoloji.com;10.015 SOKAK NO:3  ATATÜRK ORGANİZE SANAYİ BÖLGESİ
İHSAN AKPINAR / MÜKERREM AKPINAR / SELAMİ AKPINAR / SEVGİ AKPINAR;İZMİR;ÇİĞLİ;Tel ürünleri, zincir ve yaylarin imalati;(232) 489 43 88;4848810;;;;10.001 SOKAK NO.3 ATATÜRK ORGANİZE SANAYİ BÖLGESİ
İLKADIM ARMATÜR OTO YEDEK PARÇA SIHHİ TESİSAT SAN.VE TİC.A.Ş.;İZMİR;ÇİĞLİ;Metallerin makinede islenmesi (torna tesfiye isler;(232) 486 63 72;;info@ilkadimsan.com;http://www.ilkadimsan.com;ilkadimsan.com;10.041 SOKAK NO:10    ATATÜRK ORGANİZE SANAYİ BÖLGESİ
İLYAS ÖZDEMİR CAM SANAYİ İÇ VE DIŞ TİC.A.Ş.;İZMİR;ÇİĞLİ;;(232) 327 52 63;3296166;info@ozdemircamizmir.com;http://www.ozdemircamizmir.com;ozdemircamizmir.com;10.000 SOKAK NO.12 ATATÜRK ORGANİZE SANAYİ BÖLGESİ
İMARİNE DENİZ TEKNOLOJİLERİ VE ARAŞTIRMALARI SAN.VE TİC.A.Ş. İAOSB ŞUBESİ;İZMİR;ÇİĞLİ;;(232) 502 27 37;5022698;info@imarine.com.tr;http://www.imarine.com.tr;imarine.com.tr;10.039 SOKAK NO:25/3 ATATÜRK ORGANİZE SANAYİ BÖLGESİ
İN-KİM İNŞAAT TURİZM SAN.VE TİC.A.Ş.;İZMİR;ÇİĞLİ;Ikamet amaçli olmayan binalarin insaati (fabrika, ;(232) 237 70 58;2377057;ozerzabitci@inkim.com.tr;;;10.002 SOKAK NO.44 ATATÜRK ORGANİZE SANAYİ BÖLGESİ
İNDAS OTOMASYON SAN.VE TİC.A.Ş.;İZMİR;ÇİĞLİ;Elektrik devrelerinin anahtarlanmasi, korunmasi ve;(232) 458 08 88;4581819;info@indas.com.tr;http://www.indas.com.tr;indas.com.tr;10.021 SOKAK NO:7  ATATÜRK ORGANİZE SANAYİ BÖLGESİ
İNOVPACK MAKİNA AMBALAJ SAN.VE TİC.A.Ş.;İZMİR;ÇİĞLİ;;;;info@inovpack.com;http://www.inovpack.com;inovpack.com;10.041 SOKAK NO.24  ATATÜRK ORGANİZE SANAYİ BÖLGESİ
İNTER DOĞRAMA VE AKSESUARLARI SAN.VE TİC.A.Ş.;İZMİR;ÇİĞLİ;;(232) 328 23 50;4623704;info@inter-as.com.tr;http://www.inter-as.com.tr;inter-as.com.tr;10.011 SOKAK NO.4 ATATÜRK ORGANİZE SANAYİ BÖLGESİ
İNTESA DEKORASYON MOBİLYA İNŞAAT SAN.VE TİC.LTD.ŞTİ.;İZMİR;ÇİĞLİ;Mobilya imalati;;;info@woodandmore.com.tr;http://www.woodandmore.com.tr;woodandmore.com.tr;10.028 SOKAK NO.9 ATATÜRK ORGANİZE SANAYİ BÖLGESİ
İREM UYAN ÖKSÜZ/ONUR UYAN/HİKMET UYAN;İZMİR;ÇİĞLİ;;(232) 376 81 07;3768208;info@uyanelektrik.com;http://www.uyanelektrik.com;uyanelektrik.com;10.024 SOKAK NO:12 ATATÜRK ORGANİZE SANAYİ BÖLGESİ
İREM UYAN ÖKSÜZ/ONUR UYAN/HİKMET UYAN;İZMİR;ÇİĞLİ;;(232) 376 81 07;3768208;uyanelektrik@hotmail.com;http://www.uyanelektrik.com;uyanelektrik.com;10.024 SOKAK NO.14 ATATÜRK ORGANİZE SANAYİ BÖLGESİ
İRF TEKSTİL İNŞAAT TURİZM GIDA SAN.VE TİC.LTD.ŞTİ.;İZMİR;ÇİĞLİ;;(232) 328 03 03;;muhasebe@irftekstil.com;;;10.001 SOKAK NO:26  ATATÜRK ORGANİZE SANAYİ BÖLGESİ
İS YAPI VE YAPI MALZEMELERİ SAN.VE TİC.A.Ş.İZMİR 2. ŞUBESİ;İZMİR;ÇİĞLİ;;(232) 328 20 02;3282001;info@is-yapi.com;http://;;M.KEMAL ATATÜRK BUL.NO.53 ATATÜRK ORGANİZE SANAYİ BÖLGESİ
İS YAPI VE YAPI MALZEMELERİ SANAYİ VE TİCARET A.Ş.;İZMİR;ÇİĞLİ;Insaat ve insaatin parçalari için metal çati ya da;0232 3282002;0232 3282001;info@is-yapi.com;http://www.sel-fix.com;sel-fix.com;10.013 SOKAK NO.12 ATATÜRK ORGANİZE SANAYİ BÖLGESİ
İSKENDERLER OTOMOTİV YEDEK PARÇA VE  HEDİYELİK EŞYA SAN.VE TİC.LTD.ŞTİ.;İZMİR;ÇİĞLİ;Yap boz, puzzle ve benzeri ürünlerin imalati (lego;(232) 363 63 22;;iskenderpuzzle@gmail.com;http://www.islenderpuzzle.com;islenderpuzzle.com;10.002 SOKAK NO.23  ATATÜRK ORGANİZE SANAYİ BÖLGESİ
İSMAİL KONYA - ATLAS KURU TEM.HALI VE TEKS.YIK.FAB.;İZMİR;ÇİĞLİ;Tekstil elyaf ve ipliklerini agartma ve boyama hiz;0.555.2928442;;yorukoglu@hotmail.com;http://;;10.016 SOKAK NO.54 ATATÜRK ORGANİZE SANAYİ BÖLGESİ
İSMAİL ÖZDOĞAN;İZMİR;ÇİĞLİ;;;;i.ozdogan54@gmail.com;;;10.016 SOKAK NO.64  ATATÜRK ORGANİZE SANAYİ BÖLGESİ
İSMET VATANSEVER;İZMİR;ÇİĞLİ;;(232) 328 19 91;3281993;ismet.vatansever@mdkmakina.com.tr;http://;;10.044 SOKAK NO.8  ATATÜRK ORGANİZE SANAYİ BÖLGESİ
İSOMED SAĞLIK ÜRÜNLERİ LTD.ŞTİ.;İZMİR;ÇİĞLİ;;(232) 382 40 48;3824049;;;;10.041 SOKAK NO.13/1  ATATÜRK ORGANİZE SANAYİ BÖLGESİ
İW STEEL TEC MAKİNA SAN.VE TİC.A.Ş.;İZMİR;ÇİĞLİ;Metallerin makinede islenmesi ve sekil verilmesi;(232)502 32 29;;info@iw-steeltec.com;http://www.iw-steeltec.com;iw-steeltec.com;10.002 SOKAK NO.38 ATATÜRK ORGANİZE SANAYİ BÖLGESİ
İW STEEL TEC MAKİNA SAN.VE TİC.A.Ş.;İZMİR;ÇİĞLİ;;(232)502 32 29;;info@iw-steeltec.com;http://www.iw-steeltec.com;iw-steeltec.com;10.001 SOKAK NO.11  ATATÜRK ORGANİZE SANAYİ BÖLGESİ
İWT TEST;;;Dijital Ajansı;tes;faks;info@izmirwebtasarim.com;https://www.izmirwebtasarim.com;izmirwebtasarim.com;alsancak
İZMİR FIRÇA SAN.VE TİC.A.Ş.;İZMİR;ÇİĞLİ;;(232) 328 31 87;3283220;info@izmirfirca.com.tr;http://www.izmirfirca.com.tr;izmirfirca.com.tr;M.KEMAL ATATÜRK BUL. NO:18  ATATÜRK ORGANİZE SANAYİ BÖLGESİ
İZMİR GAYRİMENKUL YATIRIMI A.Ş.;İZMİR;ÇİĞLİ;;(212) 282 03 62;(212) 282 05 47;;http://;;10.039 SOKAK NO.28 ATATÜRK ORGANİZE SANAYİ BÖLGESİ
İZMİR MEKANİK MAK.ELEKTRONİK İNŞ.SAN.VE TİC.LTD.ŞTİ.;İZMİR;ÇİĞLİ;Metallerin makinede islenmesi (torna tesfiye isler;(232) 328 22 60;3282308;info@izmirmekanik.com;http://www.izmirmekanik.com;izmirmekanik.com;10.032 SOKAK NO.11 ATATÜRK ORGANİZE SANAYİ BÖLGESİ
İZMİR MEKANİK MAK.ELEKTRONİK İNŞ.SAN.VE TİC.LTD.ŞTİ.;İZMİR;ÇİĞLİ;Baska yerde siniflandirilmamis diger özel amaçli m;(232) 328 22 60;3282308;info@izmirmekanik.com.tr;www.izmirmekanik.com;izmirmekanik.com;10.001 SOKAK NO.6  ATATÜRK ORGANİZE SANAYİ BÖLGESİ
İZMİR PERNO VE PİM SANAYİ VE TİCARET LTD.ŞTİ.;İZMİR;ÇİĞLİ;Motorlu kara tasitlari için diger parça ve aksesua;(232) 328 19 30;3281931;info@izmirperno.com;www.izmirperno.com;izmirperno.com;10.014 SOKAK NO.9 ATATÜRK ORGANİZE SANAYİ BÖLGESİ
JANOSCHKA BASKI SİLİNDİRLERİ SAN.VE TİC.A.Ş.;İZMİR;ÇİĞLİ;;(232) 376 70 05;3767006;sozel@janoschka.com;http://www.janoschka.com;janoschka.com;10.000 SOKAK NO.14 ATATÜRK ORGANİZE SANAYİ BÖLGESİ
JANOSCHKA BASKI SİLİNDİRLERİ SAN.VE TİC.A.Ş.;İZMİR;ÇİĞLİ;;(232) 376 70 05;3767006;sozel@janoschka.com;http://www.janoschka.com;janoschka.com;10.000 SOKAK NO.16 ATATÜRK ORGANİZE SANAYİ BÖLGESİ
JEFE GIDA İÇ VE DIŞ TİCARET SAN.LTD.ŞTİ.;İZMİR;ÇİĞLİ;;(232) 386 49 49;;info@jefefood.com;http://www.jefefood.com;jefefood.com;10.031 SOKAK NO.11 ATATÜRK ORGANİZE SANAYİ BÖLGESİ
KADER UNLU MAMÜLLER GIDA SANAYİ VE TİCARET LTD.ŞTİ.;İZMİR;ÇİĞLİ;Ekmek, taze pastane ürünleri ve taze kek imalati;05466608877;;info@bakerybondi.com;http://www.bakerybondi.com;bakerybondi.com;10.016 SOKAK NO.54 ATATÜRK ORGANİZE SANAYİ BÖLGESİ
KADİR KALKAN;İZMİR;ÇİĞLİ;Baska yerde siniflandirilmamis diger özel amaçli m;(232) 328 18 11;3280437;cankor@cankoretiket.com;www.cankoretiket.com;cankoretiket.com;10.028 SOK.NO.10 ATATÜRK ORGANİZE SANAYİ BÖLGESİ
KADİR KALKAN;İZMİR;ÇİĞLİ;;(232) 328 18 11;3280437;cankor@cankoretiket.com;www.cankoretiket.com;cankoretiket.com;10.041 SOKAK NO.14  ATATÜRK ORGANİZE SANAYİ BÖLGESİ
KADİR KALKAN;İZMİR;ÇİĞLİ;Baska yerde siniflandirilmamis makine ve ekipman i;(232) 328 18 11;3280437;cankor@cankoretiket.com;www.cankoretiket.com;cankoretiket.com;10.040 SOKAK NO. 13 ATATÜRK ORGANİZE SANAYİ BÖLGESİ
KALKAN ÇORAP SAN.VE TİC. LTD.ŞTİ.;İZMİR;ÇİĞLİ;;(232) 376 77 68;3282188;;;;10.002 SOKAK NO.23  ATATÜRK ORGANİZE SANAYİ BÖLGESİ
KALMAKSAN ENDÜSTRİYEL KALIP VE MAKİNA SAN.A.Ş.;MANİSA;YUNUS EMRE;;(236) 213 12 00;(236) 213 12 01;info@kalmaksankalip.com;http://www.kalmaksankalip.com;kalmaksankalip.com;KEÇİLİKÖYOSB YUSUF KARAOĞLU CADDESİ NO.5
KALMAKSAN ENDÜSTRİYEL KALIP VE MAKİNA SAN.A.Ş.;İZMİR;ÇİĞLİ;;(236) 213 12 00;(236) 213 12 01;info@kalmaksankalip.com;http://www.kalmaksankalip.com;kalmaksankalip.com;KEÇİLİKÖYOSB YUSUF KARAOĞLU CADDESİ NO.5
KAMİL KAYAHAN;İZMİR;ÇİĞLİ;;(232) 486 20 90;4352702;drkamilkayahan@hotmail.com;;;10.029 SOKAK NO.3 ATATÜRK ORGANİZE SANAYİ BÖLGESİ
KAMİL KAYAHAN;İZMİR;ÇİĞLİ;;(232) 486 20 90;4352702;drkamilkayahan@hotmail.com;;;10.001 SOKAK NO.11  ATATÜRK ORGANİZE SANAYİ BÖLGESİ
KAMİL KAYAHAN;İZMİR;ÇİĞLİ;;(232) 486 20 90;4352702;drkamilkayahan@hotmail.com;;;10.029 SOKAK NO.5 ATATÜRK ORGANİZE SANAYİ BÖLGESİ
KANÇEŞME GAYRİMENKUL TARIM SAN.VE TİC.A.Ş.;İZMİR;ÇİĞLİ;;(232) 364 65 11;3646511;info@kancesme.com.tr;http://www.kancesme.com.tr;kancesme.com.tr;M.KEMAL ATATÜRK BUL. NO.32 ATATÜRK ORGANİZE SANAYİ BÖLGESİ
KANSAN MAKİNA KAĞIT SAN.VE TİC.A.Ş.;İZMİR;ÇİĞLİ;;(232) 853 96 34;8539107;muhasebe@kansanmak.com;http://www.kansanmak.com;kansanmak.com;10039 SOKAK NO:19 ATATÜRK ORGANİZE SANAYİ BÖLGESİ
KAPELLA ELEKTROMEKANİK A.Ş.;İZMİR;ÇİĞLİ;Baska yerde siniflandirilmamis diger özel amaçli m;(232) 329 06 06;;muhasebe@kapellarvm.com;http://www.kapellarvm.com;kapellarvm.com;10.039 SOKAK NO.20 ATATÜRK ORGANİZE SANAYİ BÖLGESİ
KARAHALİLOĞLU İTH.İHR.GIDA SAN.VE TİC.LTD.ŞTİ.;İZMİR;ÇİĞLİ;Baska yerde siniflandirilmamis meyve ve sebzelerin;(232) 376 82 95;3280897;karahaliloglu@yahoo.com;;;10.007 SOKAK NO.30  ATATÜRK ORGANİZE SANAYİ BÖLGESİ
KARDİYA ÖZEL SAĞLIK HİZMETLERİ TİC.LTD.ŞTİ.;İZMİR;ÇİĞLİ;Plastik torba, çanta, poset, çuval, kutu, damacana;(232) 336 35 35;3300055;tahaokan@msn.com;;;10.037 SOKAK NO.9    ATATÜRK ORGANİZE SANAYİ BÖLGESİ
KARMA YÜKSEK TEKNOLOJİ GELİŞTİRME ARGE MÜHENDİSLİK A.Ş.;İZMİR;ÇİĞLİ;;(850) 441 25 76;;info@karmateknoloji.com.tr;http://www.karmateknoloji.com.tr;karmateknoloji.com.tr;10.010 SOKAK NO.17 ATATÜRK ORGANİZE SANAYİ BÖLGESİ
KARMAK MAKİNA KALIP SAN.VE TİC.A.Ş.;İZMİR;ÇİĞLİ;;(236) 213 00 90;(236) 213 00 92;info@karmak-makina.com;www.karmakmakina.com;karmakmakina.com;10.000 SOKAK NO.16 ATATÜRK ORGANİZE SANAYİ BÖLGESİ
KARSİM ELEKTRİK VE OTOMASYON SAN.VE TİC.A.Ş.;İZMİR;ÇİĞLİ;;(232) 502 65 69;5026597;info@karsimotomasyon.com;http://www.karsimotomasyon.com;karsimotomasyon.com;10.026 SOKAK NO.19  ATATÜRK ORGANİZE SANAYİ BÖLGESİ
KARŞIYAKA PLASTİK AMB.MALZ. SAN. VE TİC.LTD.ŞTİ.;İZMİR;ÇİĞLİ;;(232) 328 27 57;3281804;info@karsiyakaplastik.com.tr;http://www.karsiyakaplastik.com.tr;karsiyakaplastik.com.tr;10.001 SOKAK NO:27 ATATÜRK ORGANİZE SANAYİ BÖLGESİ
KASIM KUTLU ELK.ELEKTRONIK MAK.INS.SAN.TIC.A.Ş.;İZMİR;ÇİĞLİ;Ikamet amaçli binalarin insaati (müstakil konutlar;(232) 465 03 00;4650300;kasimkutlu@gmail.com;www.kutluas.com;kutluas.com;10.031 SOKAK NO.11 ATATÜRK ORGANİZE SANAYİ BÖLGESİ
KATMERCİLER ARAÇ ÜSTÜ EKİPMAN SAN.VE TİC. A.Ş.;İZMİR;ÇİĞLİ;Özel amaçli motorlu kara tasitlarinin imalati (amf;(232) 376 75 75;3767581;info@katmerciler.com.tr;http://www.katmerciler.com.tr;katmerciler.com.tr;10.032 SOKAK NO.10  ATATÜRK ORGANİZE SANAYİ BÖLGESİ
KATMERCİLER ARAÇ ÜSTÜ EKİPMAN SAN.VE TİC. A.Ş.;İZMİR;ÇİĞLİ;Özel amaçli motorlu kara tasitlarinin imalati (amf;(232) 376 75 75;3767581;info@katmerciler.com.tr;http://www.katmerciler.com.tr;katmerciler.com.tr;10.032 SOKAK NO.8 ATATÜRK ORGANİZE SANAYİ BÖLGESİ
KATMERCİLER PROFİL SANAYİ VE TİCARET A.Ş.;İZMİR;ÇİĞLİ;Motorlu kara tasitlarinin karoser ve kaporta onari;(232) 376 75 75;3767581;info@katmerciler.com.tr;www.katmerciler.com.tr;katmerciler.com.tr;10.032 SOKAK NO.10  ATATÜRK ORGANİZE SANAYİ BÖLGESİ
KATSAN KATGÜT SAN.VE TİC.A.Ş.;İZMİR;ÇİĞLİ;;(232) 486 09 10;4863379;info@katsanas.com;http://www.katsanas.com;katsanas.com;10.041 SOKAK NO.22 ATATÜRK ORGANİZE SANAYİ BÖLGESİ
KATSAN TIBBİ CİHAZLAR SAN.VE TİC.A.Ş.;İZMİR;ÇİĞLİ;;(232) 486 09 10;4860910;muhasebe@katsanas.com;http://;;10.041 SOKAK NO.22 ATATÜRK ORGANİZE SANAYİ BÖLGESİ
KAYA GRUP LAZER NAKIŞ MAKİNALARI VE YEDEK PARÇALARI SAN.VE.TİC.LTD.ŞTİ.;İZMİR;ÇİĞLİ;Tül ve diger ag kumaslarin (dokuma, örgü (triko) v;(232) 431 15 25;4311525;burcu.kayaa@hotmail.com;;;10.028 SOKAK NO:6 ATATÜRK ORGANİZE SANAYİ BÖLGESİ
KAYA GRUP LAZER NAKIŞ MAKİNALARI VE YEDEK PARÇALARI SAN.VE.TİC.LTD.ŞTİ.;İZMİR;ÇİĞLİ;Sogutma ve havalandirma donanimlarinin imalati, ev;(232) 431 15 25;;burcu.kayaa@hotmail.com;http://kayamakine.net;kayamakine.net;10.029 SOKAK NO.6 ATATÜRK ORGANİZE SANAYİ BÖLGESİ
KEMP MOTOR SAN.TİC.LTD.ŞTİ.;İZMİR;ÇİĞLİ;;(232) 328 23 16;3768131;info@kem-p.com;http://www.kem-p.com;kem-p.com;M.KEMAL ATATÜRK BUL. NO.49 ATATÜRK ORGANİZE SANAYİ BÖLGESİ
KERMES TARIM ÜRÜNLERI SAN.VE DIS TIC.LTD.STI.;İZMİR;ÇİĞLİ;Kavrulmus, tuzlanmis vb. sekilde islem görmüs sert;(232) 376 75 62;3767564;info@kermes.com.tr;www.kermes.com.tr;kermes.com.tr;10.016 SOKAK NO:33  ATATÜRK ORGANİZE SANAYİ BÖLGESİ
KG ARAÇ EKİPMANLARI SAN.TİC.A.Ş.;İZMİR;ÇİĞLİ;;(232) 472 08 20;;siparis@kartektr.com;https://kartekaydinlatma.com.tr;kartekaydinlatma.com.tr;10.000 SOKAK NO:10 ATATÜRK ORGANİZE SANAYİ BÖLGESİ
KISMET SÖZER;İZMİR;ÇİĞLİ;;;;;;;10.022 SOKAK NO:10   ATATÜRK ORGANİZE SANAYİ BÖLGESİ
KIYMET TACAR/SABRİ TACAR/ŞÜKRAN TACAR/ZEYNEP TACAR İLTER/ELİF TACAR;İZMİR;ÇİĞLİ;Eglence ve sportif amaçli motorlu/motorsuz yelkenl;(232) 365 80 69;3654649;tacarboat@tacarboat.com;http://www.tacarboat.com;tacarboat.com;10.002 SOKAK NO.36 ATATÜRK ORGANİZE SANAYİ BÖLGESİ
KIYMET TACAR/SABRİ TACAR/ŞÜKRAN TACAR/ZEYNEP TACAR İLTER/ELİF TACAR;İZMİR;ÇİĞLİ;Eglence ve sportif amaçli motorlu/motorsuz yelkenl;(232) 365 80 69;3654649;tacarboat@tacarboat.com;http://www.tacarboat.com;tacarboat.com;M.KEMAL ATATÜRK BUL. NO.31 ATATÜRK ORGANİZE SANAYİ BÖLGESİ
KİMMET KİMYA VE METAL SANAYİ A.Ş.;İZMİR;ÇİĞLİ;Merkezi isitma radyatörleri imalati (elektrikli ra;(232) 376 72 07;3767209;info@maktek.com.tr;www.maktek.com.tr;maktek.com.tr;10.008 SOKAK NO.9 ATATÜRK ORGANİZE SANAYİ BÖLGESİ
KLAS ISITMA SOĞUTMA KLİMA SAN.VE TİC.A.Ş.;İZMİR;ÇİĞLİ;Iklimlendirme cihazlarinin (klimalar) imalati (mot;(232) 328 10 00;3281080;email@kls.com.tr;http://www.kls.com.tr;kls.com.tr;M.KEMAL ATATÜRK BUL. NO.46 ATATÜRK ORGANİZE SANAYİ BÖLGESİ
KLAS ISITMA SOĞUTMA KLİMA SAN.VE TİC.A.Ş.;İZMİR;ÇİĞLİ;Iklimlendirme cihazlarinin (klimalar) imalati (mot;(232) 328 10 00;3281080;info@klsklima.com.tr;http://www.klsklima.com.tr;klsklima.com.tr;10.008 SOKAK NO.3 ATATÜRK ORGANİZE SANAYİ BÖLGESİ
KLAS ISITMA SOĞUTMA KLİMA SAN.VE TİC.A.Ş.;İZMİR;ÇİĞLİ;Iklimlendirme cihazlarinin (klimalar) imalati (mot;(232) 328 10 00;3281080;info@klsklima.com.tr;http://www.klsklima.com.tr;klsklima.com.tr;10.008 SOKAK NO.5 ATATÜRK ORGANİZE SANAYİ BÖLGESİ
KONSAN BİLİŞİM VE MAKİNE SAN. VE TİC.LTD.ŞTİ.;İZMİR;ÇİĞLİ;;(232) 328 31 41;3283144;;http://www.konsantech.com;konsantech.com;10.016 SOKAK NO:70 ATATÜRK ORGANİZE SANAYİ BÖLGESİ
KONSAN İÇ VE DIŞ TİCARET LTD.ŞTİ.;İZMİR;ÇİĞLİ;;(232) 328 31 41;3283144;info@konsan.tech;http://www.konsantech.com;konsantech.com;10.016 SOKAK NO:70 ATATÜRK ORGANİZE SANAYİ BÖLGESİ
KONTROL KİMYA İLAÇ MAKİNE İNŞ.SAN.VE TİC.A.Ş.;İZMİR;ÇİĞLİ;Diger zirai kimyasal ürünlerin imalati (gübre ve a;(232) 328 27 48;3282749;kontrol@kontrol.com.tr;;;10.040 SOKAK NO.21  ATATÜRK ORGANİZE SANAYİ BÖLGESİ
KORDON GAYRİMENKUL YATIRIMI A.Ş.;İZMİR;ÇİĞLİ;;(212) 866 66 66;(212) 866 66 00;;http://;;10.039 SOKAK NO:14 ATATÜRK ORGANİZE SANAYİ BÖLGESİ
KORDON GAYRİMENKUL YATIRIMI A.Ş.;İZMİR;ÇİĞLİ;;(212) 866 66 66;(212) 866 66 00;;http://;;10.036 SOKAK NO.9 ATATÜRK ORGANİZE SANAYİ BÖLGESİ
KORDON TIP SAĞLIK ARAÇ VE GEREÇLERİ İTHALAT SAN.VE TİC.LTD.ŞTİ.;İZMİR;ÇİĞLİ;Tibbi, cerrahi veya laboratuvar sterilizasyon alet;(232) 348 60 60;3486090;info@kordontip.com;http://www.kordontip.com;kordontip.com;10.006/1 SOKAK NO.43    ATATÜRK ORGANİZE SANAYİ BÖLGESİ
KORDON TURİZM TİCARET LTD.ŞTİ.;İZMİR;ÇİĞLİ;;(232) 463 49 02;4643186;info@egetav.com.tr;http://;;M.KEMAL ATATÜRK BUL. NO.72 ATATÜRK ORGANİZE SANAYİ BÖLGESİ
KORHAN KALKAN;İZMİR;ÇİĞLİ;Kağıt veya mukavvadan etiketlerin imalatı;(232) 328 18 11;;korhankalkan@gmail.com;;;10.040 SOKAK NO. 13 ATATÜRK ORGANİZE SANAYİ BÖLGESİ
KUANTUM ÖZEL SAĞLIK HİZMETLERİ VE MALZEMELERİ ARAŞTIRMA DANIŞMANLIK SAN.VE TİC.LTD.ŞTİ.;İZMİR;ÇİĞLİ;;(232) 328 35 30;3283534;kuantumhq@kuantum-cro.com;http://www.kuantum-cro.com;kuantum-cro.com;10.001 SOKAK NO:24    ATATÜRK ORGANİZE SANAYİ BÖLGESİ
KUANTUM ÖZEL SAĞLIK HİZMETLERİ VE MALZEMELERİ ARAŞTIRMA DANIŞMANLIK SAN.VE TİC.LTD.ŞTİ.;İZMİR;ÇİĞLİ;;(232) 328 35 30;3283534;kuantumhq@kuantum-cro.com;http://www.kuantum-cro.com;kuantum-cro.com;10.053 SOKAK NO.7 ATATÜRK ORGANİZE SANAYİ BÖLGESİ
KULSAN KULOĞLU NAKIŞ SAN.VE TİC.A.Ş.;İZMİR;ÇİĞLİ;Tül ve diger ag kumaslarin (dokuma, örgü (triko) v;(232) 251 13 65;2511368;;;;10.026 SOKAK NO.30 ATATÜRK ORGANİZE SANAYİ BÖLGESİ
KUTLUKAYA ÇELİK KONSTRÜKSİYON SAN VE TİC LTD.ŞTİ.;İZMİR;ÇİĞLİ;Ikamet amaçli binalarin insaati (müstakil konutlar;(232) 421 97 15;4219500;bilgi@kutlukaya.com;www.kutlukaya.com;kutlukaya.com;10.032 SOKAK NO.21 ATATÜRK ORGANİZE SANAYİ BÖLGESİ
KÜÇÜKBAY YAĞ VE DETARJAN SAN.A.Ş.;İZMİR;ÇİĞLİ;;(232) 388 25 57;3883812;info@orkide.com.tr;http://www.orkide.com.tr;orkide.com.tr;M.KEMAL ATATÜRK BUL. NO.63 ATATÜRK ORGANİZE SANAYİ BÖLGESİ
LATEKSAN KAUÇUK SAN.VE TİC.A.Ş.;İZMİR;ÇİĞLİ;Kauçuktan hijyenik ve eczacilik ürünlerinin imalat;(232) 376 84 85;3768487;;www.lateksan.net;lateksan.net;10.007 SOKAK NO.26 ATATÜRK ORGANİZE SANAYİ BÖLGESİ
LEA İNŞAAT TURİZM SAN.VE TİC.LTD.ŞTİ.;İZMİR;ÇİĞLİ;;(232) 376 74 08;3767628;;;;10.042 SOKAK NO.8  ATATÜRK ORGANİZE SANAYİ BÖLGESİ
LEONE GIDA SAN.TİC.A.Ş.;İZMİR;ÇİĞLİ;; ;;info@leone-tr.com;http://www.leone-tr.com;leone-tr.com;10.022 SOKAK NO.3  ATATÜRK ORGANİZE SANAYİ BÖLGESİ
LİBAL MAKİNA OTOMAT SAN.VE TİC.A.Ş.;İZMİR;ÇİĞLİ;;(232) 376 88 74;3280174;libal@libalmakina.com;http://www.libalmakina.com;libalmakina.com;10.041 SOKAK NO.15  ATATÜRK ORGANİZE SANAYİ BÖLGESİ
LİDER DERİ ÜRÜNLERI SAN.VE TİC.A.Ş.;İZMİR;ÇİĞLİ;Deri giyim esyasi imalati (deri karisimli olanlar ;(232) 376 81 97;3768073;muhasebe@liderderi.com;www.liderderi.com;liderderi.com;M.KEMAL ATATÜRK BUL. NO.62 ATATÜRK ORGANİZE SANAYİ BÖLGESİ
LÖHER TURİZM TEKNİK ASANSÖR SAN.VE TİCARET A.Ş.;İZMİR;ÇİĞLİ;Asansörlerin, yürüyen merdivenlerin, yürüyen yolla;(232) 376 71 25;;idari@lohertta.com.tr;http://https://lhrasansor.com.tr;https;10.029 SOKAK NO.6 ATATÜRK ORGANİZE SANAYİ BÖLGESİ
LUNA ELEKTRİK ELEKTRONİK SAN.VE TİC.A.Ş.;İZMİR;ÇİĞLİ;;(232) 472 15 45;4721550;info.tr@landisgyr.com;www.lunatr.com;lunatr.com;10.039 SOKAK NO:23 ATATÜRK ORGANİZE SANAYİ BÖLGESİ
LUNA ELEKTRİK ELEKTRONİK SAN.VE.TİC.A.Ş. SMART L ŞUBESİ;İZMİR;ÇİĞLİ;Ölçme, test ve seyrüsefer amaçli alet ve cihazlari;472 15 45;4721550;info.tr@landisgyr.com;www.lunatr.com;lunatr.com;10.014 SOKAK NO:3 İZMİR ATATÜRK ORGANİZE SANAYİ BÖLGESİ
LUPAMAT MAKİNA SANAYİİ A.Ş.;İZMİR;ÇİĞLİ;Hava veya vakum pompalari ile hava veya diger gaz ;(232) 376 87 10;3280474;info@lupamat.com;www.lupamat.com;lupamat.com;10.036 SOKAK NO.3 ATATÜRK ORGANİZE SANAYİ BÖLGESİ
LÜTFİ YEŞİLSAKIZ;İZMİR;ÇİĞLİ;;(232) 489 71 66;4458781;i.ethemyesilsakiz@gmail.com;http://;;10.038 SOKAK NO.7 ATATÜRK ORGANİZE SANAYİ BÖLGESİ
M.KAYA ERTÜRK - OTOMAT SANAYI PARÇA İMALİ;İZMİR;ÇİĞLİ;Rafine edilmis petrol ürünleri imalati;;;erturkkaya@gmail.com;;;10.016 SOKAK NO:58  ATATÜRK ORGANİZE SANAYİ BÖLGESİ
MAHLE AFTERMARKET OTOMOTİV TİC.A.Ş.;İZMİR;ÇİĞLİ;;(232) 251 86 94;2518695;info@mahle.com;www.mahle.com;mahle.com;10.006/1 SOKAK NO.2/5 ATATÜRK ORGANİZE SANAYİ BÖLGESİ
MAKROCHEMICAL ENDÜSTRİYEL KİMYASALLAR SAN.TİC.A.Ş.;İZMİR;ÇİĞLİ;;(232) 328 03 27;3280306;info@makrochemical.com;http://www.makrochemical.com;makrochemical.com;10.010 SOKAK NO:23 ATATÜRK ORGANİZE SANAYİ BÖLGESİ
MAKROCHEMICAL ENDÜSTRİYEL KİMYASALLAR SAN.TİC.A.Ş.;İZMİR;ÇİĞLİ;;(232) 328 03 27;3280326;info@makrochemical.com;http://www.makrochemical.com;makrochemical.com;10.044 SOKAK NO:7 ATATÜRK ORGANİZE SANAYİ BÖLGESİ
MAKTEK KAZAN RADYATÖR KLİMA SAN.VE TİC.A.Ş.;İZMİR;ÇİĞLİ;;(232) 328 03 65;3280486;maktek@maktek.com.tr;http://;;10.008 SOKAK NO.13 ATATÜRK ORGANİZE SANAYİ BÖLGESİ
MALDANER METAL EMPRENYE SAN.VE TİC.LTD.ŞTİ. İZMİR ŞUBESİ;İZMİR;ÇİĞLİ;;(262) 335 47 47;02623353331;info@maldaner.com.tr;http://www.maldaner.com.tr;maldaner.com.tr;10.024 SOKAK NO.5 ATATÜRK ORGANİZE SANAYİ BÖLGESİ
MAPEKS GIDA SANAYİ MAMÜLLERİ İHRACAT VE TİC.A.Ş.;İZMİR;ÇİĞLİ;;(232) 5038147;5038168;info@mapeks.com;;;10.006/1 SOKAK NO.2 ATATÜRK ORGANİZE SANAYİ BÖLGESİ
MARMAK OTOMATİK AMB.MAK.SAN. VE TİC.A.Ş.;İZMİR;ÇİĞLİ;;(232) 376 72 36;3767238;marmak@marmak.com;www.marmak.com;marmak.com;10.032 SOKAK NO.19 ATATÜRK ORGANİZE SANAYİ BÖLGESİ
MARMİDES KİMYA NAKLİYAT SAN.TİC.LTD.ŞTİ.;İZMİR;ÇİĞLİ;Temel organik kimyasallarin imalati (hidrokarbonla;(232) 376 83 66;;info@marmides.com;;;10.016 SOKAK NO:58  ATATÜRK ORGANİZE SANAYİ BÖLGESİ
MASEKSPORT GIDA VE İHTİYAÇ MADDELERİ TEKSTİL TARIM İHRACAT-İTHALAT SAN.VE TİC.A.Ş.;İZMİR;ÇİĞLİ;;(232) 328 22 88;3282050;maseksport@maseksport.com;www.maseksport.com;maseksport.com;10.001 SOKAK NO.19 ATATÜRK ORGANİZE SANAYİ BÖLGESİ
MASEKSPORT GIDA VE İHTİYAÇ MADDELERİ TEKSTİL TARIM İHRACAT-İTHALAT SAN.VE TİC.A.Ş.;İZMİR;ÇİĞLİ;;(232) 328 22 88;3282050;maseksport@maseksport.com.tr;http://;;10.001 SOKAK NO:17 ATATÜRK ORGANİZE SANAYİ BÖLGESİ
MASEKSPORT GIDA VE İHTİYAÇ MADDELERİ TEKSTİL TARIM İHRACAT-İTHALAT SAN.VE TİC.A.Ş.;İZMİR;ÇİĞLİ;;(232) 328 22 88;3282050;maseksport@maseksport.com.tr;;;10.001 SOKAK NO:20 ATATÜRK ORGANİZE SANAYİ BÖLGESİ
MASEKSPORT GIDA VE İHTİYAÇ MADDELERİ TEKSTİL TARIM İHRACAT-İTHALAT SAN.VE TİC.A.Ş.;İZMİR;ÇİĞLİ;Dis giyim esyasi imalati, dokuma, örme (trikotaj) ;(232) 328 22 88;3282050;maseksport@maseksport.com.tr;www.maseksport.com.tr;maseksport.com.tr;10.001 SOKAK NO.18 /B ATATÜRK ORGANİZE SANAYİ BÖLGESİ
MAST YAY ENDÜSTRİYEL MALZEMELERİ SAN.VE TİC.LTD.ŞTİ.;İZMİR;ÇİĞLİ;;(232) 376 85 40;3768541;s.oruc@mastyay.com.tr;http://www.mastyay.com.tr;mastyay.com.tr;10.016 SOKAK NO.14  ATATÜRK ORGANİZE SANAYİ BÖLGESİ
MATİ İNŞAAT TAAHHÜT TURİZM TİCARET VE SANAYİ LTD.ŞTİ.;İZMİR;ÇİĞLİ;;(232) 388 09 18;3399146;tayfun@yelkenbicer.com;;;10.053 SOKAK NO.4 ATATÜRK ORGANİZE SANAYİ BÖLGESİ
MATİŞ AMBALAJ SANAYİ VE TİCARET A.Ş.;İZMİR;ÇİĞLİ;Ansiklopedi, sözlük, kitap, kitapçik, müzik eserle;(232) 376 86 96;3768699;info@matisambalaj.com;;;M.KEMAL ATATÜRK BUL.NO:13  ATATÜRK ORGANİZE SANAYİ BÖLGESİ
MAYTEKS ÖRME SAN. VE TİC. A.Ş.;İZMİR;ÇİĞLİ;Örgü (triko) veya tig isi (krose) kumaslarin imala;(232) 328 09 73;3281546;info@mayteks.com;http://www.mayteks.com;mayteks.com;10.014 SOKAK NO:5 A  ATATÜRK ORGANİZE SANAYİ BÖLGESİ
MAYTEKS ÖRME SAN. VE TİC. A.Ş.;İZMİR;ÇİĞLİ;Örgü ve tig isi kumaslarin imalati (penye ve havli;(232) 328 09 73;3281546;mayteks@mayteks.com;www.mayteks.com;mayteks.com;10.007 SOKAK NO:20  ATATÜRK ORGANİZE SANAYİ BÖLGESİ
MD TEKSTİL KONFEKSİYON TURİZM SAN.VE TİC.A.Ş.;İZMİR;ÇİĞLİ;Dis giyim esyasi imalati, dokuma, örme (trikotaj) ;(232) 376 77 44;3767738;sina.uguz@mdtekstil.com.tr;http://www.mdtekstil.com.tr;mdtekstil.com.tr;M.KEMAL ATATÜRK BUL. NO.34 ATATÜRK ORGANİZE SANAYİ BÖLGESİ
MDK MAKİNA DİZAYN KALIP SANAYİ VE TİCARET A.Ş.;İZMİR;ÇİĞLİ;;(232) 328 19 91;3281993;info@mdkmakina.com.tr;http://www.mdkmakina.com.tr;mdkmakina.com.tr;10.044 SOKAK NO.8  ATATÜRK ORGANİZE SANAYİ BÖLGESİ
ME-VA MAK.DONANIM VE PLAST.PAZ.SAN.VE TIC.LTD.STI.;İZMİR;ÇİĞLİ;;(232) 328 34 70;3283460;servet@eksimpolimer.com;www.eksimplastik.com;eksimplastik.com;10.040 SOKAK NO.3  ATATÜRK ORGANİZE SANAYİ BÖLGESİ
MEBRULE YALÇIN;İZMİR;ÇİĞLİ;Bitkisel ve hayvansal üretim ile avcilik ve ilgili;(232) 376 89 12;3768912;;;;10.023 SOKAK NO.1  ATATÜRK ORGANİZE SANAYİ BÖLGESİ
MED TIP MALZEMELERİ İTHALAT İHRACAT SAN.VE TİC.LTİ.ŞTİ.;İZMİR;ÇİĞLİ;;(232) 386 62 26;3866244;info@medtr.com;http://www.medtr.com;medtr.com;10.023 SOKAK NO:7   ATATÜRK ORGANİZE SANAYİ BÖLGESİ
MEHMET AKAY;İZMİR;ÇİĞLİ;;(232) 421 46 48;4214650;;;;10.022 SOKAK NO.16  ATATÜRK ORGANİZE SANAYİ BÖLGESİ
MEHMET ALİ KAPTANOĞLU;İZMİR;ÇİĞLİ;;(232) 464 71 77;4647176;makaptanoglu@gmail.com;http://;;10.015 SOKAK NO.17 ATATÜRK ORGANİZE SANAYİ BÖLGESİ
MEHMET ALİ ÖZEN- ÖZEN MÜHENDISLIK TAAH.VE TIC.;İZMİR;ÇİĞLİ;Bina ve bina disi yapilarin (ulasim aydinlat.ve si;(232) 376 79 37;3767938;info@ozenenerji.net;;;10.041 SOKAK NO.24  ATATÜRK ORGANİZE SANAYİ BÖLGESİ
MEHMET ÇOBANLAR HEDEF MAKİNA;İZMİR;ÇİĞLİ;;;;mehmet@hedefmak.com;http://;;10.024 SOKAK NO.2  ATATÜRK ORGANİZE SANAYİ BÖLGESİ
MEHMET FEYYAZ ERTÜRK / AYŞE BERRİN ERTÜRK;İZMİR;ÇİĞLİ;Metallerin makinede islenmesi ve sekil verilmesi;;3767469;;;;10.027 SOKAK NO.11  ATATÜRK ORGANİZE SANAYİ BÖLGESİ
MEHMET KALTABAN ORMAN ÜRÜNLERİ SAN.VE TİC.LTD.ŞTİ.;İZMİR;ÇİĞLİ;Mobilya imalati;;;mustafakaltaban@icloud.com;http://www.mehmetkaltabanormanurunleri.com;mehmetkaltabanormanurunleri.com;10.034 SOKAK NO:1/1 ATATÜRK ORGANİZE SANAYİ BÖLGESİ
MEHMET ÖZYÜREK;İZMİR;ÇİĞLİ;Süpürge ve firça imalati;(232) 246 05 95;3281900;ozyurek_ozyurek@hotmail.com;;;10.023 SOKAK NO.14  ATATÜRK ORGANİZE SANAYİ BÖLGESİ
MEHMET PULAK;İZMİR;ÇİĞLİ;Baska yerde siniflandirilmamis diger özel amaçli m;(232) 328 08 14;3280827;mpulak@hotmail.com;;;10.026 SOKAK NO:20  ATATÜRK ORGANİZE SANAYİ BÖLGESİ
MEHMET SAYIL DİNÇSOY;İZMİR;ÇİĞLİ;Et ve kümes hayvanlari etlerinden üretilen ürünler;(232) 376 73 00;3767030;elektral@elektral.com.tr;http://www.elektral.com.tr;elektral.com.tr;10.022 SOKAK NO:6  ATATÜRK ORGANİZE SANAYİ BÖLGESİ
MEHMET UFUK DURMAN;İZMİR;ÇİĞLİ;;(232) 376 76 89;3280367;durmanambalaj@gmail.com;;;10.016 SOKAK NO.66  ATATÜRK ORGANİZE SANAYİ BÖLGESİ
MEHMET YAPUCU;İZMİR;ÇİĞLİ;;(232) 327 54 27;3275429;;;;10.040 SOKAK NO.20 ATATÜRK ORGANİZE SANAYİ BÖLGESİ
MEHMET YAPUCU;İZMİR;ÇİĞLİ;Giyim esyasi disindaki tamamlanmis tekstil ürünler;(232) 327 54 27;3275429;;;;10.040 SOKAK NO.22 ATATÜRK ORGANİZE SANAYİ BÖLGESİ
MEHMET YAPUCU;İZMİR;ÇİĞLİ;;(232) 327 54 27;3275429;info@pamukkaletekstil.com.tr;www.pamukkaletekstil.com;pamukkaletekstil.com;10.021 SOKAK NO.9  ATATÜRK ORGANİZE SANAYİ BÖLGESİ
MEK İNŞAAT SANAYİ VE TİCARET A.Ş.;İZMİR;ÇİĞLİ;Ikamet amaçli binalarin insaati (müstakil konutlar;(232) 464 68 41;4632203;info@mek-insaat.com;www.mek-insaat.com;mek-insaat.com;10.007 SOKAK NO.8 ATATÜRK ORGANİZE SANAYİ BÖLGESİ
MELEK SERPİL AKAN;İZMİR;ÇİĞLİ;;(232) 324 11 57;3241157;;;;10.022 SOKAK NO.13  ATATÜRK ORGANİZE SANAYİ BÖLGESİ
MEMİŞOĞLU TARIM ÜRÜNLERİ TİC.LTD.ŞTİ.;İZMİR;ÇİĞLİ;;(232) 469 96 34;4699635;izmir@tatbakliyat.com;http://www.tatbakliyat.com;tatbakliyat.com;10.006/1 SOKAK NO: 26  ATATÜRK ORGANİZE SANAYİ BÖLGESİ
MENSA SİGORTA EKSPERTİZ HİZMETLERİ LTD.ŞTİ.;İZMİR;ÇİĞLİ;Ikamet amaçli olmayan binalarin insaati (fabrika, ;;;mensaizmir@gmail.com;;;10.016 SOKAK NO.44 ATATÜRK ORGANİZE SANAYİ BÖLGESİ
MERT ÖZKERTAN;İZMİR;ÇİĞLİ;Ana metal sanayii;;3280609;mertkertan@gmail.com;http://;;10.027 SOKAK NO.4  ATATÜRK ORGANİZE SANAYİ BÖLGESİ
MERT ÖZKERTAN;İZMİR;ÇİĞLİ;Rafine edilmis petrol ürünleri imalati;(232) 328 06 00;3280609;mertkertan@gmail.com;http://;;10.040 SOKAK NO.9  ATATÜRK ORGANİZE SANAYİ BÖLGESİ
MERYEM BAYIK;İZMİR;ÇİĞLİ;Elektrik motorlarinin, jeneratörlerin ve transform;;8227091;nezihcircir@hotmail.com;;;10.022 SOKAK NO.14  ATATÜRK ORGANİZE SANAYİ BÖLGESİ
METE ENERJİ KABLO VE ELK.MALZ.SAN.VE TİC.A.Ş.;İZMİR;ÇİĞLİ;Kablolamada kullanilan gereçlerin imalati (fis, so;(232) 376 86 86;3768649;info@mete-enerji.com.tr;www.mete-enerji.com.tr;mete-enerji.com.tr;10.007 SOKAK NO:34 ATATÜRK ORGANİZE SANAYİ BÖLGESİ
METE KAUÇUK SAN VE TİC.A.Ş. ÇİĞLİ ŞUBESİ;İZMİR;ÇİĞLİ;Kauçuktan iç lastiklerin imalati (dis lastikler iç;(232) 433 70 35;4337037;bilgi@metekaucuk.com;www.metekaucuk.com;metekaucuk.com;10.021 SOKAK NO.25 ATATÜRK ORGANİZE SANAYİ BÖLGESİ
METİN BAYKAL;İZMİR;ÇİĞLİ;;(232) 839 04 20;8390421;muhasebe@mb-concept.de;;;10.053 SOKAK NO.11 ATATÜRK ORGANİZE SANAYİ BÖLGESİ
METİN PAMUKÇU;İZMİR;ÇİĞLİ;;;;info@apleks.com;http://;;10.022 SOKAK NO.11 ATATÜRK ORGANİZE SANAYİ BÖLGESİ
METOD KALIPÇILIK TİC.SAN.KOLL.ŞTİ.KENAN AYDAN ORTAĞI;İZMİR;ÇİĞLİ;;(232) 376 78 27;3767830;info@sistasforge.com;http://;;10.016 SOKAK NO.28  ATATÜRK ORGANİZE SANAYİ BÖLGESİ
METROPOL UN ÜRÜNLERİ SAN.VE TİC.A.Ş.;İZMİR;ÇİĞLİ;Firincilik ürünlerinin imalatinda kullanilan hamur;(232) 328 33 27;3282384;info@metropolun.com.tr;www.metropolunurunleri.com.tr;metropolunurunleri.com.tr;10.046 SOKAK NO:16  ATATÜRK ORGANİZE SANAYİ BÖLGESİ
METROPOL UN ÜRÜNLERİ SAN.VE TİC.A.Ş. ÇİĞLİ ŞUBESİ;İZMİR;ÇİĞLİ;;(232) 328 33 27;3282384;info@metropolun.com.tr;http://www.metropolunurunleri.com.tr;metropolunurunleri.com.tr;10.048 SOKAK NO.3/1  ATATÜRK ORGANİZE SANAYİ BÖLGESİ
MİLAGRO YEM KATKILARI  SAN. VE  TİC. A.Ş. ÇİĞLİ ŞUBESİ;İZMİR;ÇİĞLİ;;;;muhasebe@milagro.com.tr;http://www.milagroyem.com;milagroyem.com;10.040 SOKAK NO.9  ATATÜRK ORGANİZE SANAYİ BÖLGESİ
MİMAR TAHSİN ERKAN YAT İNŞA TURİZM İNŞAAT VE PLASTİK SAN.TİC.LTD.ŞTİ.;İZMİR;ÇİĞLİ;Baska yerde siniflandirilmamis plastik insaat malz;(232) 328 24 12;3282413;info@tekorplast.net;http://www.tekorplast.net;tekorplast.net;10.016 SOKAK NO:48 ATATÜRK ORGANİZE SANAYİ BÖLGESİ
MİSTAŞ MENTEŞE İNŞ.SAN.TİC.A.Ş.;İZMİR;ÇİĞLİ;Baska yerde siniflandirilmamis diger özel amaçli m;4895654;;info@mistas.com.tr;www.mistas.com.tr;mistas.com.tr;10.025 SOKAK NO.10 ATATÜRK ORGANİZE SANAYİ BÖLGESİ
MOPAK KAĞIT KARTON SAN.VE TİC.A.Ş.;İZMİR;ÇİĞLİ;Kagit ve mukavva imalati (daha ileri sanayi isleml;(232) 877 02 35;8770230;mopak@mopak.com.tr;www.mopak.com.tr;mopak.com.tr;10.003 SOKAK NO.11 ATATÜRK ORGANİZE SANAYİ BÖLGESİ
MOR ELMA İLAÇ SATIŞ PAZARLAMA KOZMETİK KIRTASİYE TEKSTİL ÜRÜN.İNŞ. TİC.VE SAN.LTD.ŞTİ.;İZMİR;ÇİĞLİ;;(232) 376 76 74;3767674;morelma@outlook.com.tr;http://www.morelma.com.tr;morelma.com.tr;10.002 SOKAK NO.35 ATATÜRK ORGANİZE SANAYİ BÖLGESİ
MOR ELMA İLAÇ SATIŞ PAZARLAMA KOZMETİK KIRTASİYE TEKSTİL ÜRÜN.İNŞ. TİC.VE SAN.LTD.ŞTİ.;İZMİR;ÇİĞLİ;;(232) 376 76 74;3767674;muhasebe@morelma.com.tr;;;10.026 SOKAK NO:12 ATATÜRK ORGANİZE SANAYİ BÖLGESİ
MOR ELMA İLAÇ SATIŞ PAZARLAMA KOZMETİK KIRTASİYE TEKSTİL ÜRÜN.İNŞ. TİC.VE SAN.LTD.ŞTİ.;İZMİR;ÇİĞLİ;;(232) 376 76 74;3767674;morelma@outlook.com.tr;http://www.morelma.com.tr;morelma.com.tr;10.026 SOKAK NO:14 ATATÜRK ORGANİZE SANAYİ BÖLGESİ
MOR ELMA İLAÇ SATIŞ PAZARLAMA KOZMETİK KIRTASİYE TEKSTİL ÜRÜN.İNŞ. TİC.VE SAN.LTD.ŞTİ.;İZMİR;ÇİĞLİ;Tekstilden çuval, torba, çanta ve benzerlerinin im;(232) 376 76 74;3767671;morelma@outlook.com.tr;http://www.morelma.com.tr;morelma.com.tr;10.026 SOKAK N0.16  ATATÜRK ORGANİZE SANAYİ BÖLGESİ
MOZAİKA ELEKTRONİK SİSTEM SAN.TİC.A.Ş.;İZMİR;ÇİĞLİ;;(216) 680 07 07;(216) 680 07 04;info@mozaika.com.tr;;;10039 SOKAK NO:25 ATATÜRK ORGANİZE SANAYİ BÖLGESİ
MSAMAK MAKİNA YEDEK PARÇA İMALAT İTH.İHR.SAN.VE TİC.LTD.ŞTİ.;İZMİR;ÇİĞLİ;;(232) 376 76 14;;info@msamakina.com.tr;www.msamakina.com.tr;msamakina.com.tr;10.040 SOKAK NO.12  ATATÜRK ORGANİZE SANAYİ BÖLGESİ
MSAMAK MAKİNA YEDEK PARÇA İMALAT İTH.İHR.SAN.VE TİC.LTD.ŞTİ.;İZMİR;ÇİĞLİ;Motorlu kara tasitlari için diger parça ve aksesua;(232) 376 76 14;;info@msamakina.com.tr;http://www.msamakina.com.tr;msamakina.com.tr;10.040 SOKAK NO:10 ATATÜRK ORGANİZE SANAYİ BÖLGESİ
MUDE TEKSTİL İTH.İHR.SAN.TİC.LTD.ŞTİ.;İZMİR;ÇİĞLİ;Kumas ve tekstil ürünlerine iliskin diger bitirme ;(232) 328 10 41;3282187;mudetekstil@ttmail.com;;;10.011 SOKAK NO.14 ATATÜRK ORGANİZE SANAYİ BÖLGESİ
MUHSİN GÜRTAN / AYŞE ÖZKUL;İZMİR;ÇİĞLİ;Sogutma ve havalandirma donanimlarinin imalati, ev;(232) 336 87 57;3360336;muhsingurtan@yahoo.com;www.estehomes.com;estehomes.com;10.002 SOKAK NO.39 ATATÜRK ORGANİZE SANAYİ BÖLGESİ
MUHSİN GÜRTAN / AYŞE ÖZKUL / ESMA EKİNCİ;İZMİR;ÇİĞLİ;Oluklu kagit ve mukavva imalati ile kagit ve mukav;(232) 336 87 57;3360336;muhsingurtan@yahoo.com;www.baster.com;baster.com;10.000 SOKAK NO.14 ATATÜRK ORGANİZE SANAYİ BÖLGESİ
MURAT CEM ÖZDEMİR;İZMİR;ÇİĞLİ;;(232) 459 08 88;4593435;cemozdemir@cfmsogutma.com;;;10.044 SOKAK NO:9/1   ATATÜRK ORGANİZE SANAYİ BÖLGESİ
MURAT CEM ÖZDEMİR;İZMİR;ÇİĞLİ;;(232) 459 08 88;4593435;cemozdemir@cfmsogutma.com;http://;;10.010 SOKAK NO.17 ATATÜRK ORGANİZE SANAYİ BÖLGESİ
MURAT KARAKARTAL / NİHAN KIZILDERELİ;İZMİR;ÇİĞLİ;;(232) 376 80 20;3768020;nkiz@mynet.com;;;10.021 SOKAK NO.33 ATATÜRK ORGANİZE SANAYİ BÖLGESİ
MURAT KARAKARTAL / NİHAN KIZILDERELİ;İZMİR;ÇİĞLİ;Metallerin makinede islenmesi ve sekil verilmesi;(232) 376 80 20;3768021;nkiz@mynet.com;;;10.040 SOKAK NO.7  ATATÜRK ORGANİZE SANAYİ BÖLGESİ
MURAT SERDAR KOÇ;İZMİR;ÇİĞLİ;Sabun, yikama ve temizleme müstahzarlari (deterjan;(232) 376 80 42;3768044;neta@netakimya.com;www.netakimya.com;netakimya.com;10.041 SOKAK NO:20  ATATÜRK ORGANİZE SANAYİ BÖLGESİ
MURAT ÜNVERDİ;İZMİR;ÇİĞLİ;;(232) 328 28 83;3365782;murat.unverdi@hotmail.com;;;10.021 SOKAK NO.29  ATATÜRK ORGANİZE SANAYİ BÖLGESİ
MURKA GIDA TARIM ÜRÜNLERİ SAN.VE TİC.LTD.ŞTİ.;İZMİR;ÇİĞLİ;Kayitli medyanin basilmasi ve çogaltilmasi;(422) 321 35 01;(422) 324 23 33;;http://;;10.008 SOKAK NO.12 ATATÜRK ORGANİZE SANAYİ BÖLGESİ
MUSTAFA KARABAĞLI;İZMİR;ÇİĞLİ;;;;;http://;;10.021 SOKAK NO.5  ATATÜRK ORGANİZE SANAYİ BÖLGESİ
MUSTAFA KARABAĞLI;İZMİR;ÇİĞLİ;;;;;;;10.007 SOKAK NO.22  ATATÜRK ORGANİZE SANAYİ BÖLGESİ
MUSTAFA KARABAĞLI;İZMİR;ÇİĞLİ;;;;mustafa@kartektr.com;;;10.027 SOKAK NO.1  ATATÜRK ORGANİZE SANAYİ BÖLGESİ
MUSTAFA KARABAĞLI;İZMİR;ÇİĞLİ;Bilgisayar programlama faaliyetleri (sistem, veri ;;;;http://;;10.021 SOKAK NO.3  ATATÜRK ORGANİZE SANAYİ BÖLGESİ
MUSTAFA KARABAĞLI AOSB ŞUBESİ;İZMİR;ÇİĞLİ;Bilgisayar programlama faaliyetleri (sistem, veri ;;;;;;10.021 SOKAK NO.1  ATATÜRK ORGANİZE SANAYİ BÖLGESİ
MUSTAFA KEMAL YAPAN;İZMİR;ÇİĞLİ;Sanayi tipi sogutucu ve dondurucu donanimlari ile ;(232) 376 83 20;3768326;info@messan.com.tr;www.messan.com.tr;messan.com.tr;10.007 SOKAK NO.24 ATATÜRK ORGANİZE SANAYİ BÖLGESİ
MUSTAFA KÜÇÜKBAY;İZMİR;ÇİĞLİ;Plastik insaat malzemesi imalati;(232) 877 06 77;8771204;kucukbayltd@hotmail.com;;;10.007 SOKAK NO.11 ATATÜRK ORGANİZE SANAYİ BÖLGESİ
MUSTAFA LEVENT ASAL;İZMİR;ÇİĞLİ;;;;;http://;;10.022 SOKAK NO.1  ATATÜRK ORGANİZE SANAYİ BÖLGESİ
MUSTAFA NİSARİ;İZMİR;ÇİĞLİ;Diger matbaacilik;;;;;;10.023 SOKAK NO.9 ATATÜRK ORGANİZE SANAYİ BÖLGESİ
MUSTAFA SEZAİ ASLANLI;İZMİR;ÇİĞLİ;;(232) 376 83 90;3280282;aslanlikimya@hotmail.com;;;10.014 SOKAK NO.3  ATATÜRK ORGANİZE SANAYİ BÖLGESİ
MUSTAFA ŞAİROĞLU;İZMİR;ÇİĞLİ;Motosiklet imalati;(232) 237 27 37;2378788;info@sairoglu.com;www.sairoglu.com;sairoglu.com;10.039 SOKAK NO:30 ATATÜRK ORGANİZE SANAYİ BÖLGESİ
MUSTAFA YEĞEN;İZMİR;ÇİĞLİ;;(232) 478 00 29;;mehmetyegen42@hotmail.com;;;10.024 SOKAK NO.11 ATATÜRK ORGANİZE SANAYİ BÖLGESİ
MUZAFFER KAĞITÇIOĞLU TARIM MAKİNALARI TARIM HAYVANCILIK TOHUMCULUK  SAN.VE DIŞ TİC.LTD.ŞTİ.;İZMİR;ÇİĞLİ;;(232) 328 10 15;3281609;info@muzafferkagitcioglu.com;http://www.muzafferkagitcioglu.com.tr;muzafferkagitcioglu.com.tr;10.013 SOKAK NO.4 ATATÜRK ORGANİZE SANAYİ BÖLGESİ
MÜBİN DEMİRAĞ;İZMİR;ÇİĞLİ;;(232) 328 20 69;3280419;;http://;;10.016 SOKAK NO.16  ATATÜRK ORGANİZE SANAYİ BÖLGESİ
NAMLI MERMER İNŞ.SAN.TİC.LTD.ŞTİ.;İZMİR;ÇİĞLİ;Tas ve mermerin kesilmesi, sekil verilmesi ve biti;(232) 376 71 37;3767325;;www.namlimermer.com;namlimermer.com;10.002 SOKAK NO:7 ATATÜRK ORGANİZE SANAYİ BÖLGESİ
NAZLIM USLU;İZMİR;ÇİĞLİ;;;;;http://;;10.023 SOKAK NO.8  ATATÜRK ORGANİZE SANAYİ BÖLGESİ
NAZMİ BİLGİN / AR-TU KİMYA SAN.VE TİC.A.Ş.;İZMİR;ÇİĞLİ;;;;c.yagci@artukimya.com;;;10.002 SOKAK NO.31 ATATÜRK ORGANİZE SANAYİ BÖLGESİ
NECDET KÜÇÜKBAY YAĞ VE SABUN SAN.TİC.A.Ş.;İZMİR;ÇİĞLİ;Bitkisel sivi yag (yenilebilen) imalati (soya, sus;(232) 328 25 78;3280364;info@necdetkucukbay.com.tr;;;10.032 SOKAK NO.12  ATATÜRK ORGANİZE SANAYİ BÖLGESİ
NECDET KÜÇÜKYILMAZ;İZMİR;ÇİĞLİ;;;;necdetkucukyilmaz@yahoo.com.tr;;;10.040 SOKAK NO.14 ATATÜRK ORGANİZE SANAYİ BÖLGESİ
NECMETTİN ENGİN DURSUN AS SİNEKLİK SİTEMLERİ;İZMİR;ÇİĞLİ;Alüminyum kapi, pencere, bunlarin kasalari, kapi e;;;assineklik@hotmail.com;http://www.assineklik.com;assineklik.com;10.038 SOKAK NO:10/1 ATATÜRK ORGANİZE SANAYİ BÖLGESİ
NEDİM KÖKLEMEZ;İZMİR;ÇİĞLİ;;(232) 329 08 58;3296464;nkoklemez@hotmail.com;;;10.016 SOKAK NO.40 ATATÜRK ORGANİZE SANAYİ BÖLGESİ
NEDU BAĞLANTI ELEMANLARI SAN.VE TİC.A.Ş.;İZMİR;ÇİĞLİ;Metalden kalip ve döküm modeli imalati (kek ve aya;(232) 328 13 90;3767613;info@nedukalip.com.tr;http://www.nedukalip.com.tr;nedukalip.com.tr;10.002 SOKAK NO.8 ATATÜRK ORGANİZE SANAYİ BÖLGESİ
NEKSUS ENDÜSTRİYEL MAKİNA ROBOTİK ARGE SAN.VE TİC.A.Ş ÇİĞLİ ŞUBESİ;İZMİR;ÇİĞLİ;Baska yerde siniflandirilmamis diger özel amaçli m;;;info@neksus.com.tr;http://www.neksus.com.tr;neksus.com.tr;10.036 SOKAK NO:12/1 ATATÜRK ORGANİZE SANAYİ BÖLGESİ
NEMAK İZMİR DÖKÜM SANAYİ A.Ş.;İZMİR;ÇİĞLİ;Pik demir ve manganezli dökme demir (aynali demir/;(232) 398 30 00;3983999;info.turkey@nemak.com;www.nemak.com;nemak.com;10.006/1 SOKAK NO:4 ATATÜRK ORGANİZE SANAYİ BÖLGESİ
NESTA KİMYA TEMİZLİK ÜRÜNLERİ GIDA İNŞ.TAAH.HAYVANCILIK NAKLİYE TURİZM İTH.İHR.SAN.TİC.LTD.ŞTİ.;İZMİR;ÇİĞLİ;;(232) 328 15 65;3293966;info@nestakimya.com.tr;http://www.nestakimya.com.tr;nestakimya.com.tr;10.029 SOKAK NO.5 ATATÜRK ORGANİZE SANAYİ BÖLGESİ
NETA TEMİZLİK ÜRÜNLERİ KİMYA İNŞ.SAN.VE TİC.LTD.ŞTİ.;İZMİR;ÇİĞLİ;Sabun, yikama ve temizleme müstahzarlari (deterjan;(232) 376 80 42;3768044;neta@netakimya.com;http://www.netakimya.com;netakimya.com;10.041 SOKAK NO:20  ATATÜRK ORGANİZE SANAYİ BÖLGESİ
NETPAK HİJYEN VE KOKULANDIRMA SİSTEMLERİ A.Ş.;İZMİR;ÇİĞLİ;Elektrikli diger küçük ev aletleri (elektrotermik ;(232) 461 41 17;4615273;muhasebe@net-pak.net;http://www.carpex.com.tr;carpex.com.tr;10.041 SOKAK NO.4   ATATÜRK ORGANİZE SANAYİ BÖLGESİ
NETPAK HİJYEN VE KOKULANDIRMA SİSTEMLERİ A.Ş.;İZMİR;ÇİĞLİ;;(232) 461 41 17;4615273;hygiene@carpex.com.tr;http://www.net-pak.net;net-pak.net;10.044 SOKAK NO.12  ATATÜRK ORGANİZE SANAYİ BÖLGESİ
NEVZAT BOŞKUT KUT-SAN DÖKÜM VE İMALAT SANAYİ;İZMİR;ÇİĞLİ;Hafif metallerin dökümü (alüminyum, magnezyum, tit;(232) 433 90 32;4493540;info@kut-san.net;www.kut-san.net;kut-san.net;10.026 SOKAK NO.26  ATATÜRK ORGANİZE SANAYİ BÖLGESİ
NEZÇINAR TEKSTİL SAN.VE TİC.LTD.ŞTİ.;İZMİR;ÇİĞLİ;;(232) 486 69 67;3767566;info@nezcinar.com;;;10.001 SOKAK NO:14 ATATÜRK ORGANİZE SANAYİ BÖLGESİ
Nİ-KA MAKİNA YEDEK PARÇA SAN.TİC.A.Ş.;İZMİR;ÇİĞLİ;Motorlu kara tasitlari için diger parça ve aksesua;(232) 376 80 20;3768020;info@nika.com.tr;;;10.052 SOKAK NO.12 ATATÜRK ORGANİZE SANAYİ BÖLGESİ
Nİ-KA MAKİNA YEDEK PARÇA SAN.TİC.A.Ş.;İZMİR;ÇİĞLİ;Motorlu kara tasitlari için diger parça ve aksesua;(232) 376 80 20;3283122;nkiz@nikacelik.com;;;10.040 SOKAK NO.7  ATATÜRK ORGANİZE SANAYİ BÖLGESİ
NİGAR DİNLETEN;İZMİR;ÇİĞLİ;Sabun, yikama ve temizleme müstahzarlari (deterjan;;;dinleten_n@yahoo.com;http://;;10.023 SOKAK NO:4  ATATÜRK ORGANİZE SANAYİ BÖLGESİ
NİLSEL ÇAKMAK/GÜLSEL MURAT;İZMİR;ÇİĞLİ;;;;;;;10.026 SOKAK NO.32 ATATÜRK ORGANİZE SANAYİ BÖLGESİ
NİMEKS ORGANİK TARIM ÜR.SAN.VE TİC.LTD.ŞTİ.;İZMİR;ÇİĞLİ;Baska yerde siniflandirilmamis meyve ve sebzelerin;(232) 376 81 11;3768232;info@nimeks.com;http://www.nimeks.com.tr;nimeks.com.tr;10.000 SOKAK NO:3  ATATÜRK ORGANİZE SANAYİ BÖLGESİ
NİMEKS ORGANİK TARIM ÜR.SAN.VE TİC.LTD.ŞTİ.;İZMİR;ÇİĞLİ;Dondurulmus veya kurutulmus meyve ve sebzelerin im;(232) 376 81 11;3768232;info@nimeks.com;www.nimeks.com.tr;nimeks.com.tr;10.001 SOKAK NO:25 ATATÜRK ORGANİZE SANAYİ BÖLGESİ
NORAL GÜÇ VE ENERJİ SAN.VE TİC.A.Ş.;İZMİR;ÇİĞLİ;Elektrikli aydinlatma ekipmanlarinin imalati;(232) 328 01 41;3280140;cemdag@cemdag.com;www.cemdag.com;cemdag.com;10.007 SOKAK NO:4/3 ATATÜRK ORGANİZE SANAYİ BÖLGESİ
NORDEX ENERJİ A.Ş.;İZMİR;ÇİĞLİ;;(212) 468 37 37;2124653604;info@nordex-online.com;http://www.nordex-online.com;nordex-online.com;10.006/1 SOKAK NO.22 ATATÜRK ORGANİZE SANAYİ BÖLGESİ
NORDEX ENERJİ A.Ş. İZMİR 2. ŞUBESİ;İZMİR;ÇİĞLİ;Enerji santralleri insaati (hidroelektrik santrali;(212) 468 37 37;;info@nordex-online.com;http://www.nordex-online.com;nordex-online.com;10.006/1 SOKAK NO.39  ATATÜRK ORGANİZE SANAYİ BÖLGESİ
NORM CİVATA SAN.VE TİC.A.Ş.;İZMİR;ÇİĞLİ;;(232) 376 76 10;3767613;info@normcivata.com;http://www.normcivata.com;normcivata.com;10.010 SOKAK NO.22 ATATÜRK ORGANİZE SANAYİ BÖLGESİ
NORM CİVATA SAN.VE TİC.A.Ş.;İZMİR;ÇİĞLİ;Yivli baglanti malzemeleri imalati, demir, çelik v;(232) 376 76 10;3767613;info@norm-fasteners.com.tr;www.normcivata.com;normcivata.com;10.037 SOKAK NO.8  ATATÜRK ORGANİZE SANAYİ BÖLGESİ
NORM EKLEMELİ İMALAT TEKNOLOJİLERİ A.Ş.;İZMİR;ÇİĞLİ;Motorlu kara tasitlari için diger parça ve aksesua;(232) 376 76 10;;info@normaddivite.com;http://www.normaddivite.com;normaddivite.com;10.002 SOKAK NO.6A ATATÜRK ORGANİZE SANAYİ BÖLGESİ
NORM İZMİR CİVATA SAN.TİC.A.Ş.;İZMİR;ÇİĞLİ;Yivli baglanti malzemeleri imalati, demir, çelik v;(232) 376 76 10;3767613;info@normfasteners.com;http://www.normfasteners.com/;normfasteners.com;10.007 SOKAK NO.1/3  ATATÜRK ORGANİZE SANAYİ 
NORM İZMİR CİVATA SAN.TİC.A.Ş.;İZMİR;ÇİĞLİ;Yivli baglanti malzemeleri imalati, demir, çelik v;(232) 376 76 10;3767613;info@normfasteners.com;http://www.normfasteners.com/;normfasteners.com;10.007 SOKAK NO:1/1 ATATÜRK ORGANİZE SANAYİ BÖLGESİ
NORM SOMUN SAN.VE TİC.A.Ş.;İZMİR;ÇİĞLİ;Yivli baglanti malzemeleri imalati, demir, çelik v;(232) 376 76 10;3767613;info@norm-fasteners.com.tr;http://www.normcivata.com;normcivata.com;M.KEMAL ATATÜRK BULVARI NO.52  ATATÜRK ORGANİZE SANAYİ BÖLGESİ
NORM TURİSTİK FAALİYETLER ENERJİ VE GAYRİMENKUL A.Ş.;İZMİR;ÇİĞLİ;;(232) 376 76 10;3767613;info@normholding.com;https://normholding.com/;normholding.com;10.010 SOKAK NO.21  ATATÜRK ORGANİZE SANAYİ BÖLGESİ
NORM TURİSTİK FAALİYETLER ENERJİ VE GAYRİMENKUL A.Ş.;İZMİR;ÇİĞLİ;;(232) 376 77 87;3767560;info@normholding.com;https://normholding.com;normholding.com;10.010 SOKAK NO:26  ATATÜRK ORGANİZE SANAYİ BÖLGESİ
NORM TURİSTİK FAALİYETLER ENERJİ VE GAYRİMENKUL A.Ş.;İZMİR;ÇİĞLİ;;(232) 376 77 87;3767560;info@normholding.com;https://normholding.com;normholding.com;10.010 SOKAK NO:28  ATATÜRK ORGANİZE SANAYİ BÖLGESİ
NORM TURİSTİK FAALİYETLER ENERJİ VE GAYRİMENKUL A.Ş.;İZMİR;ÇİĞLİ;;(232) 376 77 87;3767560;info@normholding.com;https://normholding.com;normholding.com;10.010 SOKAK NO:30  ATATÜRK ORGANİZE SANAYİ BÖLGESİ
NORM TURİSTİK FAALİYETLER ENERJİ VE GAYRİMENKUL A.Ş.;İZMİR;ÇİĞLİ;;(232) 376 76 10;3767613;info@normholding.com;https://normholding.com;normholding.com;10.007 SOKAK NO.1/3  ATATÜRK ORGANİZE SANAYİ BÖLGESİ
NORM TURİSTİK FAALİYETLER ENERJİ VE GAYRİMENKUL A.Ş.;İZMİR;ÇİĞLİ;;(232) 328 19 13;3767613;info@normholding.com;https://normholding.com;normholding.com;10.002 SOKAK NO.8 ATATÜRK ORGANİZE SANAYİ BÖLGESİ
NORM TURİSTİK FAALİYETLER ENERJİ VE GAYRİMENKUL A.Ş.;İZMİR;ÇİĞLİ;;(232) 376 77 87;3767560;info@normholding.com;https://normholding.com;normholding.com;10.002 SOKAK NO.22 ATATÜRK ORGANİZE SANAYİ BÖLGESİ
NRM MÜHENDİSLİK MAKİNE SAN.VE TİC.A.Ş.;İZMİR;ÇİĞLİ;;(232) 325 00 08;3250009;info@nrmmuhendislik.com.tr;http://www.nrmmuhendislik.com.tr;nrmmuhendislik.com.tr;10.037 SOKAK NO.8  ATATÜRK ORGANİZE SANAYİ BÖLGESİ
NRM MÜHENDİSLİK MAKİNE SAN.VE TİC.A.Ş.;İZMİR;ÇİĞLİ;;(232) 325 00 08;3250009;info@nrmmuhendislik.com.tr;http://www.nrmmuhendislik.com.tr;nrmmuhendislik.com.tr;10.010 SOKAK NO.21/1 ATATÜRK ORGANİZE SANAYİ BÖLGESİ
NURAL PLASTİK AMB.SAN.VE TİC.A.Ş.;İZMİR;ÇİĞLİ;;(232) 328 04 00;3280824;bilgi@nuralplastik.com.tr;www.nuralplastik.com;nuralplastik.com;10.044 SOKAK NO.10  ATATÜRK ORGANİZE SANAYİ BÖLGESİ
NURŞEN UNAN;İZMİR;ÇİĞLİ;;;;unannursen@gmail.com;;;10.016 SOKAK NO.74  ATATÜRK ORGANİZE SANAYİ BÖLGESİ
OBEL CİVATA SAN.VE TİC.A.Ş.;İZMİR;ÇİĞLİ;;(232) 376 84 15;(232) 376 84 19;info@obel.com.tr;http://www.obel.com.tr;obel.com.tr;10.010 SOKAK NO:37 ATATÜRK ORGANİZE SANAYİ BÖLGESİ
OBEL CİVATA SANAYİ VE TİCARET A.Ş.;İZMİR;ÇİĞLİ;;(232) 376 84 15;3768419;info@obel.com.tr;http://www.obel.com.tr;obel.com.tr;10.032 SOKAK NO.17 ATATÜRK ORGANİZE SANAYİ BÖLGESİ
OBEL CİVATA SANAYİ VE TİCARET A.Ş.;İZMİR;ÇİĞLİ;;(232) 376 84 15;3768419;info@obel.com.tr;http://www.obel.com.tr;obel.com.tr;10.037 SOKAK NO.9   ATATÜRK ORGANİZE SANAYİ BÖLGESİ
OBEL CİVATA SANAYİ VE TİCARET A.Ş.;İZMİR;ÇİĞLİ;Baglanti malzemelerinin ve vida makinesi ürünlerin;(232) 376 84 15;3768419;info@obel.com.tr;http://www.obel.com.tr;obel.com.tr;10.002 SOKAK NO.32  ATATÜRK ORGANİZE SANAYİ BÖLGESİ
OBEL CİVATA SANAYİVE TİCARET A.Ş.;İZMİR;ÇİĞLİ;;(232) 376 84 15;3768419;info@obel.com.tr;http://www.obel.com.tr;obel.com.tr;10.010 SOKAK NO.4 ATATÜRK ORGANİZE SANAYİ BÖLGESİ
OBEL CİVATA SANAYİVE TİCARET A.Ş.;İZMİR;ÇİĞLİ;;(232) 376 84 15;3768419;info@obel.com.tr;http://www.obel.com.tr;obel.com.tr;10.008 SOKAK NO.2 ATATÜRK ORGANİZE SANAYİ BÖLGESİ
OBEL CİVATA SANAYİVE TİCARET.A.Ş.;İZMİR;ÇİĞLİ;Baglanti malzemelerinin ve vida makinesi ürünlerin;(232) 376 84 15;3768419;info@obel.com.tr;http://www.obel.com.tr;obel.com.tr;10.002 SOKAK NO.30  ATATÜRK ORGANİZE SANAYİ BÖLGESİ
OBEL OTOMOTİV SANAYİ VE TİCARET A.Ş.;İZMİR;ÇİĞLİ;;(232) 376 84 15;3768419;info@obel.com.tr;http://www.obel.com.tr;obel.com.tr;10.002 SOKAK NO.32  ATATÜRK ORGANİZE SANAYİ BÖLGESİ
OEM ENDÜSTRİ SAN.VE TİC.A.Ş.;İZMİR;ÇİĞLİ;;(232) 376 77 27;3767726;volkan@oemindustry.net;http://www.oemindustry.net;oemindustry.net;10.023 SOKAK NO.9 ATATÜRK ORGANİZE SANAYİ BÖLGESİ
OĞUZ ÇAĞLIYAN;İZMİR;ÇİĞLİ;Baska yerde siniflandirilmamis diger imalatlar;(232) 376 83 05;3280146;efo.elk@superonline.com;http://www.efoelektrik.com;efoelektrik.com;10.016 SOKAK NO.34 ATATÜRK ORGANİZE SANAYİ BÖLGESİ
OİTHOX KİMYA GIDA SAN.VE TİC.A.Ş.;İZMİR;ÇİĞLİ;;(232) 328 04 10;3280413;info@oithox.com.tr;http://www.oithox.com.tr;oithox.com.tr;10.024 SOKAK NO:1 ATATÜRK ORGANİZE SANAYİ BÖLGESİ
ON-KA ELEKTRİK SAN. VE TİC.A.Ş.;İZMİR;KONAK;Elektrikli ekipmanlarin kurulum hizmetleri (elektr;(232) 421 88 48;4632004;onkaelektrik@gmail.com;;;1469 SOKAK NO:12 D:1   ALSANCAK
ONUR KALIP SAN.VE TİC.LTD.ŞTİ.;İZMİR;ÇİĞLİ;Metallerin makinede islenmesi (torna tesfiye isler;(232) 376 81 26;3768127;info@onurkalipmakina.com;http://;;10.016 SOKAK NO.56 ATATÜRK ORGANİZE SANAYİ BÖLGESİ
ORİMPEX TEKSTİL A.Ş.;İZMİR;ÇİĞLİ;;(232) 431 02 76;4310277;info@orimpex.com.tr;http://www.orimpex.com.tr;orimpex.com.tr;10.040 SOKAK NO.28  ATATÜRK ORGANİZE SANAYİ BÖLGESİ
ORMER KİMYA VE KOZMETİK SAN.TİC.A.Ş.;İZMİR;ÇİĞLİ;Sabun, yikama ve temizleme müstahzarlari (deterjan;;;info@ormerkimya.com;http://www.ormerkimya.com;ormerkimya.com;10.021 SOKAK NO.33 ATATÜRK ORGANİZE SANAYİ BÖLGESİ
ORTAŞ CAM SANAYİ VE TİCARET LTD.ŞTİ.;İZMİR;ÇİĞLİ;;(232) 421 91 88;4224929;info@ortascam.com.tr;www.ortascam.com.tr;ortascam.com.tr;10.010 SOKAK NO.9 ATATÜRK ORGANİZE SANAYİ BÖLGESİ
ORVA İLAÇ SANAYİ VE TİCARET A.Ş.;İZMİR;ÇİĞLİ;Eczaciliga iliskin tibbi ilaçlarin imalati (antibi;(232) 376 84 80;3767990;satis@orva.com.tr;www.orva.com.tr;orva.com.tr;10.047 SOKAK NO.3  ATATÜRK ORGANİZE SANAYİ BÖLGESİ
ORVA İLAÇ SANAYİ VE TİCARET A.Ş.;İZMİR;ÇİĞLİ;Eczaciliga iliskin tibbi ilaçlarin imalati (antibi;(232) 376 84 80;3767990;satis@orva.com.tr;http://;;10.010 SOKAK NO.12  ATATÜRK ORGANİZE SANAYİ BÖLGESİ
ORVA İLAÇ SANAYİ VE TİCARET A.Ş.;İZMİR;ÇİĞLİ;Eczaciliga iliskin tibbi ilaçlarin imalati (antibi;(232) 376 84 80;3767990;satis@orva.com.tr;;;10.047 SOKAK NO.3  ATATÜRK ORGANİZE SANAYİ BÖLGESİ
OTO SEL OTO YEDEK PARÇA SAN.VE TİC.LTD.ŞTİ.;İZMİR;ÇİĞLİ;;(232) 433 67 81;4336785;;;;10.039 SOKAK NO.13 ATATÜRK ORGANİZE SANAYİ BÖLGESİ
OTO SEL OTO YEDEK PARÇA SAN.VE TİC.LTD.ŞTİ.;İZMİR;ÇİĞLİ;Motorlu kara tasitlari için diger parça ve aksesua;(232) 433 67 81;4336785;info@ceakalip.com.tr;http://;;10.016 SOKAK NO:36  ATATÜRK ORGANİZE SANAYİ BÖLGESİ
OTO SEL OTO YEDEK PARÇA SAN.VE TİC.LTD.ŞTİ.;İZMİR;ÇİĞLİ;Kagit kirtasiye ürünleri imalati;(232) 433 67 81;4336785;info@otosel.com.tr;www.otoselltd.com;otoselltd.com;10.024 SOKAK NO.10 ATATÜRK ORGANİZE SANAYİ BÖLGESİ
OYA KÜÇÜKBAY;İZMİR;ÇİĞLİ;;;;;;;M.KEMAL ATATÜRK BUL. NO:9  ATATÜRK ORGANİZE SANAYİ BÖLGESİ
ÖMER GÜLER;İZMİR;ÇİĞLİ;Bina ve bina disi yapilarin (ulasim aydinlat.ve si;(232) 328 10 42;3281043;omerguler@gulerenerji.com;www.gulerenerji.com;gulerenerji.com;10.022 SOKAK NO.2  ATATÜRK ORGANİZE SANAYİ BÖLGESİ
ÖMER GÜLER ELEKTRİK PROJE TAAHHÜT MÜHENDİSLİK ENERJİ TESİSLERİ SAN.VE TİC.LTD.ŞTİ.;İZMİR;ÇİĞLİ;Bina ve bina disi yapilarin (ulasim aydinlat.ve si;(232) 328 10 42;3281043;omerguler@gulerenerji.com;http://www.gulerenerjý.com;xn--gulerenerj-ueb.com;10.022 SOKAK NO.2  ATATÜRK ORGANİZE SANAYİ BÖLGESİ
ÖNDER İHRACAT TARIM ÜRÜNLERİ SAN. VE TİC. A.Ş.;İZMİR;ÇİĞLİ;Dondurulmus veya kurutulmus meyve ve sebzelerin im;(232) 328 32 50;3283247;gurkan@gurelihracat.com.tr;;;10.038 SOKAK NO.3 ATATÜRK ORGANİZE SANAYİ BÖLGESİ
ÖR-SAN MUTFAK EKİPMANLARI İML.PAZ.SAN.TİC.LTD.ŞTİ.;İZMİR;ÇİĞLİ;;(232) 459 40 91;459 40 90;orsanmutfak@hotmail.com;;;10.010 SK.NO:35  ATATÜRK ORGANİZE SANAYİ BÖLGESİ
ÖRNEK YEDEK PARÇA VE METAL SAN.TİC.LTD.STİ.;İZMİR;ÇİĞLİ;Motorlu kara tasitlari için diger parça ve aksesua;(232) 328 13 61;3281859;ornekmakina@ornekmakina.com;http://www.ornekmakina.com;ornekmakina.com;10.007 SOKAK NO.8 ATATÜRK ORGANİZE SANAYİ BÖLGESİ
ÖRNEK YEDEK PARÇA VE METAL SAN.TİC.LTD.STİ.;İZMİR;ÇİĞLİ;Motorlu kara tasitlari için diger parça ve aksesua;(232) 328 13 61;3281859;ornekmakina@ornekmakina.com;www.ornekmakina.com;ornekmakina.com;10.041 SOKAK NO.4   ATATÜRK ORGANİZE SANAYİ BÖLGESİ.
ÖZ-KAN MAKİNA ELEMANLARI SAN.VE TİC.A.Ş.;İZMİR;ÇİĞLİ;Diger musluk ve valf/vana imalati, dökme olanlar (;(232) 328 06 06;3280609;"info@oz-kan.com.tr; scansever@oz-kan.com.tr";www.oz-kan.com.tr;oz-kan.com.tr;10.008 SOKAK NO.15 ATATÜRK ORGANİZE SANAYİ BÖLGESİ
ÖZ-KAN MAKİNA ELEMANLARI SAN.VE TİC.A.Ş.;İZMİR;ÇİĞLİ;Diger musluk ve valf/vana imalati, dökme olanlar (;(232) 328 06 00;3280609;info@oz-kan.com.tr;http://www.oz-kan.com.tr;oz-kan.com.tr;10.032 SOKAK NO.27 ATATÜRK ORGANİZE SANAYİ BÖLGESİ
ÖZBİL ELEKTRİK MALZEMELERİ OTOMOTİV PVC İNŞAAT SAN.VE TİC. A.Ş.;İZMİR;ÇİĞLİ;Kablolamada kullanilan gereçlerin imalati (fis, so;(232) 376 88 69;3768871;info@ozbilas.com;;;10.006/1 SOKAK NO.45    ATATÜRK ORGANİZE SANAYİ BÖLGESİ
ÖZBİL ELEKTRİK MALZEMELERİ OTOMOTİV PVC İNŞAAT SAN.VE TİC. A.Ş.;İZMİR;ÇİĞLİ;Kablolamada kullanilan gereçlerin imalati (fis, so;(232) 376 88 69;3768871;info@ozbilas.com;;;10,040 SOKAK NO.24 ATATÜRK ORGANİZE SANAYİ BÖLGESİ
ÖZBİL ELEKTRİK MALZEMELERİ OTOMOTİV PVC İNŞAAT SAN.VE TİC. A.Ş.;İZMİR;ÇİĞLİ;Kablolamada kullanilan gereçlerin imalati (fis, so;(232) 458 60 73;4585991;info@ozbilas.com;;;10.032 SOKAK NO:3 ATATÜRK ORGANİZE SANAYİ BÖLGESİ
ÖZÇE DEMIR ÇELIK SAN.VE TIC.LTD.STI.;İZMİR;ÇİĞLİ;Açik profillerin, nervürlü levhalarin ve sandviç p;(232) 444 00 86;3281969;info@ozcedemir.com.tr;www.ozcedemir.com.tr;ozcedemir.com.tr;10.049 SOKAK NO.5  ATATÜRK ORGANİZE SANAYİ BÖLGESİ
ÖZDERSAN DERİ MAK.SAN.VE TİC.LTD.ŞTİ.;İZMİR;ÇİĞLİ;Post, deri ve köselelerin islenmesi ile ayakkabi v;(232) 376 73 46;3767345;muhasebe@ozdersan.com.tr;www.ozdersan.com,www.ozbekelevator.com;ozdersan.com,www.ozbekelevator.com;M.KEMAL ATATÜRK BUL. NO.66 ATATÜRK ORGANİZE SANAYİ BÖLGESİ
ÖZDERSAN DERİ MAK.SAN.VE TİC.LTD.ŞTİ.;İZMİR;ÇİĞLİ;Post, deri ve köselelerin islenmesi ile ayakkabi v;(232) 376 73 46;3767345;ozdersan1@superonline.com;;;M.KEMAL ATATÜRK BUL.NO:68 ATATÜRK ORGANİZE SANAYİ BÖLGESİ
ÖZDERSAN DERİ MAK.SAN.VE TİC.LTD.ŞTİ.;İZMİR;ÇİĞLİ;Post, deri ve köselelerin islenmesi ile ayakkabi v;(232) 376 73 46;3767345;muhasebe@ozdersan.com.tr;http://;;M.KEMAL ATATÜRK BUL.NO:68 ATATÜRK ORGANİZE SANAYİ BÖLGESİ
ÖZDERSAN DERİ MAK.SAN.VE TİC.LTD.ŞTİ.;İZMİR;ÇİĞLİ;Post, deri ve köselelerin islenmesi ile ayakkabi v;(232) 376 73 46;3767345;muhasebe@ozdersan.com.tr;http://www.ozdersan.com.tr;ozdersan.com.tr;M.KEMAL ATATÜRK BUL.NO:68 ATATÜRK ORGANİZE SANAYİ BÖLGESİ
ÖZDERSAN DERİ MAK.SAN.VE TİC.LTD.ŞTİ.;İZMİR;ÇİĞLİ;Post, deri ve köselelerin islenmesi ile ayakkabi v;(232) 376 73 46;3767345;muhasebe@ozdersan.com.tr;;;M.KEMAL ATATÜRK BUL.NO:68 ATATÜRK ORGANİZE SANAYİ BÖLGESİ
ÖZEL PRODENTAL DİŞ PROTEZ LABORATUARI SAN.VE TİC.LTD.ŞTİ.;İZMİR;ÇİĞLİ;;(232) 328 01 61;3280160;info@prodental.com.tr;http://www.prodental.com.tr;prodental.com.tr;10.046 SOKAK NO:8/A  ATATÜRK ORGANİZE SANAYİ BÖLGESİ
ÖZGE ORAL KURAL;İZMİR;ÇİĞLİ ;;(232) 328 03 45;;ozge.kural@anadolumakina.com.tr;;;10.029 SOKAK NO.7  ATATÜRK ORGANİZE SANAYİ BÖLGESİ
ÖZGÖRKEY OTOMOTİV TURİZM GIDA SAN.VE TİC.A.Ş.;İZMİR;ÇİĞLİ;;(232) 388 19 90;3745019;info@ozgorkey.com;http://www.ozgorkeyotomotiv.com;ozgorkeyotomotiv.com;10.006/1 SOKAK NO.23/1  ATATÜRK ORGANİZE SANAYİ BÖLGESİ
ÖZGÜLER ARAÇ ÜSTÜ EKİPMAN SAN.VE TİC.LTD.ŞTİ.;İZMİR;ÇİĞLİ;Özel amaçli motorlu kara tasitlarinin imalati (amf;05359443967;;info@ozgulerekipman.com;http://www.ozgulerekipman.com;ozgulerekipman.com;10.015 SOKAK NO.9 ATATÜRK ORGANİZE SANAYİ BÖLGESİ
ÖZGÜN BOYA SANAYİ VE TİCARET A.Ş.;İZMİR;ÇİĞLİ;;(232) 376 76 63;3767104;info@ozgunboya.com;http://www.ozgunboya.com;ozgunboya.com;10.036 SOKAK NO.4 ATATÜRK ORGANİZE SANAYİ BÖLGESİ
ÖZGÜN TEKSTİL SANAYİ VE TİCARET LTD.ŞTİ.;İZMİR;ÇİĞLİ;;(232);;;http://;;M.KEMAL ATATÜRK BUL. NO.54 ATATÜRK ORGANİZE SANAYİ BÖLGESİ
ÖZKAN MAKİNA SAN.VE TİC.LTD.ŞTİ.;İZMİR;ÇİĞLİ;Suni ve sentetik tekstil malzemesinin ekstrüzyonu,;(232) 376 83 00;3768303;leventuzman4@gmail.com;;;10.002 SOKAK NO.29   ATATÜRK ORGANİZE SANAYİ BÖLGESİ
ÖZLEM HAZIR YEMEK VE TESİS YÖNETİM HİZMETLERİ A.Ş.;İZMİR;ÇİĞLİ;Disariya yemek sunan diger isletmelerin faaliyetle;(232) 376 79 76;;"muhasebe@ozlemgroup.com;onder.unlu@ozlemgroup.com";http://;;10.021 SOKAK NO.37 ATATÜRK ORGANİZE SANAYİ BÖLGESİ
ÖZLEM ORAL MAMAK;İZMİR;ÇİĞLİ;Baska yerde siniflandirilmamis diger gida maddeler;(216) 681 21 27;(216) 681 20 79;ozlem_oral.mamak@novartis.com;http://;;10.026 SOKAK NO.4 ATATÜRK ORGANİZE SANAYİ BÖLGESİ
PAKMAK AMBALAJ PAKETLEME MAK.YEDEK PARÇA İTH.İHR.SAN.VE TİC.A.Ş.;İZMİR;ÇİĞLİ;;(232) 328 10 51;;info@pakmak.com;;;10.052 SOKAK NO:16 ATATÜRK ORGANİZE SANAYİ BÖLGESİ
PAKMAK AMBALAJ PAKETLEME MAK.YEDEK PARÇA İTH.İHR.SAN.VE TİC.A.Ş.;İZMİR;ÇİĞLİ;Makine, mobilya, kaporta, el aletleri ve benzerler;(232) 328 10 51;3281031;info@pakmak.com;http://www.pakmak.com;pakmak.com;10.016 SOKAK NO.6 ATATÜRK ORGANİZE SANAYİ BÖLGESİ
PAKMAK AMBALAJ PAKETLEME MAK.YEDEK PARÇA MAK. İTH. İHR. SAN. ve TİC. LTD. ŞTİ.***YANLIŞ***;İZMİR;ÇİĞLİ;;(232) 328 10 51;;info@pakmak.com;;;10.052 SOKAK NO:16 ATATÜRK ORGANİZE SANAYİ BÖLGESİ
PAMUKKALE BOYA BASKI TEKSTİL KİMYEVİ MADDE MAKİNA SAN.VE TİC.LTD.ŞTİ.;İZMİR;ÇİĞLİ;Yatak örtü takimlari, yatak çarsaflari, yastik kil;(232) 327 54 27;3275429;info@pamukkaletekstil.com.tr;http://www.pamukkaletekstil.com;pamukkaletekstil.com;10.006/1 SOKAK NO:29 ATATÜRK ORGANİZE SANAYİ BÖLGESİ
PAMUKKALE BOYA BASKI TEKSTİL KİMYEVİ MADDE MAKİNA SAN.VE TİC.LTD.ŞTİ.;İZMİR;ÇİĞLİ;Yatak örtü takimlari, yatak çarsaflari, yastik kil;(232) 327 54 27;3275429;info@pamukkaletekstil.com.tr;http://www.pamukkaletekstil.com;pamukkaletekstil.com;10.016 SOKAK NO:86  ATATÜRK ORGANİZE SANAYİ BÖLGESİ
PAMUKKALE BOYA BASKI TEKSTİL KİMYEVİ MADDE MAKİNA SAN.VE TİC.LTD.ŞTİ.;İZMİR;ÇİĞLİ;Motor ve türbin imalati (hava tasiti, motorlu tasi;(232) 327 54 27;3275429;info@pamukkaletekstil.com.tr;http://www.pamukkaletekstil.com;pamukkaletekstil.com;10.029 SOKAK NO.1 ATATÜRK ORGANİZE SANAYİ BÖLGESİ
PAMUKKALE BOYA BASKI TEKSTİL KİMYEVİ MADDE MAKİNA SAN.VE TİC.LTD.ŞTİ.;İZMİR;ÇİĞLİ;Yatak örtü takimlari, yatak çarsaflari, yastik kil;(232) 327 54 27;3275429;info@pamukkaletekstil.com.tr;http://www.pamukkaletekstil.com;pamukkaletekstil.com;10.026 SOKAK NO:22  ATATÜRK ORGANİZE SANAYİ BÖLGESİ
PAPİKS PLASTİK SAN.VE TİC.A.Ş.;İZMİR;ÇİĞLİ;Plastik poset, çöp torbasi, çanta, torba, çuval, f;(232) 328 05 65;3280570;info@papix.com.tr;www.papix.com;papix.com;10.037 SOKAK NO.3 ATATÜRK ORGANİZE SANAYİ BÖLGESİ
PAŞALI GAYRİMENKUL YATIRIM A.Ş.;İZMİR;ÇİĞLİ;;(232) 444 05 56;(212) 440 25 00;muhasebe@avecrentacar.com;;;10.049 SOKAK NO:11 ATATÜRK ORGANİZE SANAYİ BÖLGESİ
PAŞALI GAYRİMENKUL YATIRIM A.Ş.;İZMİR;ÇİĞLİ;;(232) 444 05 56;(212) 440 25 00;muhasebe@avecrentacar.com;;;10.049 SOKAK NO:11 ATATÜRK ORGANİZE SANAYİ BÖLGESİ
PAŞALI GAYRİMENKUL YATIRIM A.Ş.;İZMİR;ÇİĞLİ;;(232) 444 05 56;(212) 440 25 00;muhasebe@avecrentacar.com;;;10.049 SOKAK NO:11 ATATÜRK ORGANİZE SANAYİ BÖLGESİ
PAŞALI GAYRİMENKUL YATIRIM A.Ş.;İZMİR;ÇİĞLİ;;(232) 444 05 56;(212) 440 25 00;muhasebe@avecrentacar.com;;;10.049 SOKAK NO:11 ATATÜRK ORGANİZE SANAYİ BÖLGESİ
PAŞALI GAYRİMENKUL YATIRIM A.Ş.;İZMİR;ÇİĞLİ;;(232) 444 05 56;(212) 440 25 00;muhasebe@avecrentacar.com;;;10.049 SOKAK NO:11 ATATÜRK ORGANİZE SANAYİ BÖLGESİ
PAŞALI GAYRİMENKUL YATIRIM A.Ş.;İZMİR;ÇİĞLİ;;(232) 444 05 56;(212) 440 25 00;muhasebe@avecrentacar.com;;;10.049 SOKAK NO:11 ATATÜRK ORGANİZE SANAYİ BÖLGESİ
PEMA PLASTİK ENJEKSİYON VE KALIP SAN.VE TİC.LTD.ŞTİ.;İZMİR;ÇİĞLİ;Plastik poset, çöp torbasi, çanta, torba, çuval, f;(232) 433 77 72;;info@pemaplastik.com;http://www.pemaplastik.com;pemaplastik.com;10.011 SOKAK NO.11 ATATÜRK ORGANİZE SANAYİ BÖLGESİ
PEPİNO AYAKKABI DERİ SAN.TİC.LTD.ŞTİ.;İZMİR;ÇİĞLİ;;(532) 200 10 00;;pepinoayakkabi@hotmail.com;http://;;10.039 SOKAK NO:25/1 ATATÜRK ORGANİZE SANAYİ BÖLGESİ
PERAMET ELEKTRİK MALZEMELERİ A.Ş.;İZMİR;ÇİĞLİ;;(232) 328 25 73;3282575;info@ensmet.com;http://www.ensmet.com;ensmet.com;10.002 SOKAK NO.42 ATATÜRK ORGANİZE SANAYİ BÖLGESİ
PETROFER ENDÜSTRİYEL YAĞLAR SAN. VE TİC. A.Ş.;İZMİR;ÇİĞLİ;;(232) 376 84 45;3767942;info@petrofer.com.tr;http://www.petrofer.com.tr;petrofer.com.tr;M.KEMAL ATATÜRK BUL.NO.38 ATATÜRK ORGANİZE SANAYİ BÖLGESİ
PETROFER ENDÜSTRİYEL YAĞLAR SAN.VE TİC.A.Ş.;İZMİR;ÇİĞLİ;;(232) 376 84 45;3767942;info@petrofer.com.tr;http://www.petrofer.com.tr;petrofer.com.tr;10.008 SOKAK NO:1 ATATÜRK ORGANİZE SANAYİ BÖLGESİ
PETROFER ENDÜSTRİYEL YAĞLAR SAN.VE TİC.A.Ş.;İZMİR;ÇİĞLİ;Petrolden madeni yaglarin (yaglama ve makine yagla;(232) 376 84 45;3767942;info@petrofer.com.tr;http://www.petrofer.com.tr;petrofer.com.tr;10.008 SOKAK NO.7 ATATÜRK ORGANİZE SANAYİ BÖLGESİ
PETROFER ENDÜSTRİYEL YAĞLAR SAN.VE TİC.A.Ş.;İZMİR;ÇİĞLİ;;(232) 376 84 45;3767942;info@petrofer.com.tr;http://www.petrofer.com.tr;petrofer.com.tr;10.008 SOKAK NO.11 ATATÜRK ORGANİZE SANAYİ BÖLGESİ
PFB DANIŞMANLIK ÖZEL EĞİTİM DENETİM YAPI MALZ.LAB.HİZM.TİC.LTD.ŞTİ.;İZMİR;ÇİĞLİ;Sanayide kullanilan islem kontrol amaçli teçhizatl;(232) 328 10 44;3281022;nedretsurmeli@pfb-turkiye.com;http://www.pfb-turkiye.com;pfb-turkiye.com;10.045 SOKAK NO:7  ATATÜRK ORGANİZE SANAYİ BÖLGESİ
PİSTONSAN PLASTİK SAN. VE TİC.A.Ş.;İZMİR;ÇİĞLİ;;(232) 435 31 18;4862991;pistonsanplastik@hotmail.com.tr;;;10.016 SOKAK NO.88  ATATÜRK ORGANİZE SANAYİ BÖLGESİ
PLAŞ PLASTİK AMBALAJ SAN.VE TİC.A.Ş.;İSTANBUL;BEŞİKTAŞ;Plastik poset, çöp torbasi, çanta, torba, çuval, f;(232) 376 84 76;3768478;izmir@plas.com.tr;www.plas.com.tr;plas.com.tr;CİHANNÜMA MAH.MEHMET ALİBEY SOKAK NO.8 34353
PNÖSO PNÖMATIK VE SOĞUTMA SAN.LTD.ŞTİ.;İZMİR;ÇİĞLİ;;(232) 376 81 37;3768247;info@pnoso.com;http://www.pnoso.com;pnoso.com;10.028 SOKAK NO.5 ATATÜRK ORGANİZE SANAYİ BÖLGESİ
PNÖSO PNÖMATIK VE SOĞUTMA SAN.LTD.ŞTİ.;İZMİR;ÇİĞLİ;Sanayi tipi sogutucu ve dondurucu donanimlari ile ;(232) 376 81 37;3768247;info@pnoso.com;http://www.pnoso.com;pnoso.com;10.028 SOKAK NO.3  ATATÜRK ORGANİZE SANAYİ BÖLGESİ
PNÖSO PNÖMATIK VE SOĞUTMA SAN.LTD.ŞTİ.;İZMİR;ÇİĞLİ;;(232) 376 81 37;3768247;info@pnoso.com;http://www.pnoso.com;pnoso.com;10.028 SOKAK NO.1 ATATÜRK ORGANİZE SANAYİ BÖLGESİ
POİNTCHEMİCAL ENDÜSTRİYEL VE YAPI KİMYASALLARI İNŞ.SAN.VE TİC.LTD.ŞTİ.;İZMİR;ÇİĞLİ;;(232) 376 26 40;;info@pointchemical.com;http://www.pointchemical.com;pointchemical.com;10.028 SOKAK NO.11  ATATÜRK ORGANİZE SANAYİ BÖLGESİ
POLEN KİMYA SAN.VE TİC.A.Ş.;İZMİR;ÇİĞLİ;;(232) 328 12 32;3282010;info@polenboya.com.tr;www.polenboya.com.tr;polenboya.com.tr;10.016 SOKAK NO:26  ATATÜRK ORGANİZE SANAYİ BÖLGESİ
POLİBAK PLASTİK FİLM SAN.VE TİC.A.Ş.;İZMİR;ÇİĞLİ;Plastikten yari mamul halde profil, çubuk, tabaka,;(232) 376 72 70;3767290;holding.santral@bakioglu.com.tr;http://www.polibak.com.tr;polibak.com.tr;10.000 SOKAK NO.5 ATATÜRK ORGANİZE SANAYİ BÖLGESİ
POLİBAK PLASTİK FİLM SAN.VE TİC.A.Ş.;İZMİR;ÇİĞLİ;Plastikten yari mamul halde profil, çubuk, tabaka,;(232) 376 72 70;3768462;holding.santral@bakioglu.com.tr;http://www.polibak.com.tr;polibak.com.tr;10.000 SOKAK NO.7 ATATÜRK ORGANİZE SANAYİ BÖLGESİ
POLİBAK PLASTİK FİLM SAN.VE TİC.A.Ş.;İZMİR;ÇİĞLİ;Plastikten yari mamul halde profil, çubuk, tabaka,;(232) 376 79 70;3767730;info@polibak.com.tr;www.polibak.com.tr;polibak.com.tr;10.000 SOK.NO:4 ATATÜRK ORGANİZE SANAYİ BÖLGESİ
POLİBAK PLASTİK FİLM SAN.VE TİC.A.Ş.;İZMİR;ÇİĞLİ;Plastik tabaka, levha, tüp ve profil imalati;(232) 376 72 70;3767290;info@polibak.com.tr;http://www.polibak.com.tr;polibak.com.tr;10.000 SOKAK NO:3/1  ATATÜRK ORGANİZE SANAYİ BÖLGESİ
POLİKİM METAL KAPLAMA VE KİMYASAL MADDELER SAN. VE TİC. LTD. ŞTİ.;İZMİR;ÇİĞLİ;Metallerin isil islem ve anodlama, sertlestirme, v;(232) 328 36 00;4860721;info@polikimmetal.com;http://www.polikimmetal.com;polikimmetal.com;10.041 SOKAK NO:3   ATATÜRK ORGANİZE SANAYİ BÖLGESİ
POLİKİM YÜZEY İŞLEM SAN.VE TİC.LTD.ŞTİ.;İZMİR;ÇİĞLİ;Metallerin isil islem ve anodlama, sertlestirme, v;(232) 328 36 00;3283602;daghan.erkavun@polikimmetal.com;http://www.polikimmetal.com;polikimmetal.com;10.041 SOKAK NO:3   ATATÜRK ORGANİZE SANAYİ BÖLGESİ
POLİMEK ELEKTRO VE BİLG.SAN.TİC.LTD.ŞTİ.;İZMİR;ÇİĞLİ;Kol saatlerinin, masa ve duvar saatlerinin ve benz;(232) 328 16 45;3281674;info@polimek.com.tr;www.polimek.com.tr;polimek.com.tr;10.024 SOKAK NO.9 ATATÜRK ORGANİZE SANAYİ BÖLGESİ
POLO KONFEKSİYON TEKSTİL VE SAN.A.Ş. ATATÜRK ORGANİZE ŞUBESİ;İZMİR;ÇİĞLİ;;;3287675;;;;10.015 SOKAK NO.11 ATATÜRK ORGANİZE SANAYİ BÖLGESİ
POLSER KOMPOZİT ÜRÜNLER SAN.VE TİC.A.Ş.;İZMİR;ÇİĞLİ;Lif ve çimento karisimli ürünlerin imalati;(232) 376 88 22;3767058;info@polser.com;www.polser.com;polser.com;M.KEMAL ATATÜRK BUL.NO.56 ATATÜRK ORGANİZE SANAYİ BÖLGESİ
POLYMETAL KALIP PLASTİK SAN.VE TİC.LTD.ŞTİ.;İZMİR;ÇİĞLİ;;(232) 503 05 20;5030521;info@polymetal.com.tr;http://www.polymetal.com.tr;polymetal.com.tr;10.002 SOKAK NO.44 ATATÜRK ORGANİZE SANAYİ BÖLGESİ
PROFİTEROLCÜ NİLDA GIDA TURİZM İMALAT SAN.TİC.LTD.ŞTİ.;İZMİR;ÇİĞLİ;;(232) 484 44 20;;bilgi@profiterolcu.com;http://www.profiterolcu.com;profiterolcu.com;10.021 SOKAK NO.35 ATATÜRK ORGANİZE SANAYİ BÖLGESİ
RAFİNE BİLLUR TUZ SANAYİ A.Ş.;İZMİR;ÇİĞLİ;Gida tuzu imalati;(232) 376 75 15;3767518;fabrika@billurtuz.com.tr;www.billurtuz.com.tr;billurtuz.com.tr;10.003 SOKAK NO.7 ATATÜRK ORGANİZE SANAYİ BÖLGESİ
RAFİNE BİLLUR TUZ SANAYİ A.Ş.;İZMİR;ÇİĞLİ;Gida tuzu imalati;(232) 376 75 15;3767518;fabrika@billurtuz.com.tr;http://www.billurtuz.com.tr;billurtuz.com.tr;10.004 SOKAK NO.6 ATATÜRK ORGANİZE SANAYİ BÖLGESİ
RAFİNE BİLLUR TUZ SANAYİ A.Ş.;İZMİR;ÇİĞLİ;Gida tuzu imalati;(232) 376 75 15;3767518;fabrika@billurtuz.com.tr;http://www.billurtuz.com.tr;billurtuz.com.tr;10.003 SOKAK NO:9  ATATÜRK ORGANİZE SANAYİ BÖLGESİ
RAĞBET DİLEK DÜNDAR/ERKAN DÜNDAR/ELVAN SOYDAN;İZMİR;ÇİĞLİ;;;;;;;10.022 SOKAK NO.8  ATATÜRK ORGANİZE SANAYİ BÖLGESİ
RAĞBET DİLEK DÜNDAR/ERKAN DÜNDAR/ELVAN SOYDAN;İZMİR;ÇİĞLİ;;;;;;;10.026 SOKAK NO.56 ATATÜRK ORGANİZE SANAYİ BÖLGESİ
RAMAZAN BURAK DEMİRAĞ;İZMİR;ÇİĞLİ;;;;ramazan@baronakis.com;http://;;10.016 SOK.NO:20  ATATÜRK ORGANİZE SANAYİ BÖLGESİ
RAMAZAN BURAK DEMİRAĞ;İZMİR;ÇİĞLİ;;;3280419;ramazanburakdemirag@gmail.com;;;10.021 SOKAK NO.17  ATATÜRK ORGANİZE SANAYİ BÖLGESİ
RAN KONFEKSİYON TEKSTİL TURİZM TİC.VE SAN.A.Ş.;İZMİR;ÇİĞLİ;;(232) 445 95 51;4459551;info@rangroup.com.tr;http://;;M.KEMAL ATATÜRK BUL. NO.14 ATATÜRK ORGANİZE SANAYİ BÖLGESİ
RASYONEL KİMYA VE TEMİZLİK HİZMET SAN.VE TİC. LTD. ŞTİ.;İZMİR;ÇİĞLİ;Sabun ve deterjan ile temizlik ve parlatici maddel;(232) 328 35 36;3283447;rasyonel@rasyonelkimya.com;www.rasyonelkimya.com;rasyonelkimya.com;10.025 SOKAK NO:9 ATATÜRK ORGANİZE SANAYİ BÖLGESİ
RE-VA TIBBİ CİHAZ SAN.VE TİC.LTD.ŞTİ;İZMİR;ÇİĞLİ;Tipta, cerrahide, disçilikte veya veterinerlikte k;(232) 376 75 12;3767511;info@re-va.com.tr;www.re-va.com.tr;re-va.com.tr;10.025 SOKAK NO.12 ATATÜRK ORGANİZE SANAYİ BÖLGESİ
RE-VA TIBBİ CİHAZ SAN.VE TİC.LTD.ŞTİ;İZMİR;ÇİĞLİ;Tipta, cerrahide, disçilikte veya veterinerlikte k;(232) 376 75 12;3767511;info@re-va.com.tr;www.re-va.com.tr;re-va.com.tr;10.015 SOKAK NO.1  ATATÜRK ORGANİZE SANAYİ BÖLGESİ
RECEP KÜÇÜK - EGE TUZ ISLETMESI;İZMİR;ÇİĞLİ;Gida tuzu imalati;(232) 376 84 30;4722034;info@aktuz.com.tr;www.egetuz.com;egetuz.com;10.027 SOKAK NO.9  ATATÜRK ORGANİZE SANAYİ BÖLGESİ
REEL MAKİNA VE ISIL İŞLEM SAN.VE TİC.LTD.ŞTİ.;İZMİR;ÇİĞLİ;Rulman, disli/disli takimi, sanziman ve tahrik ele;(232) 479 24 51;4783867;info@reelmakina.com;http://www.reelmakina.com;reelmakina.com;M.KEMAL ATATÜRK BUL. NO.30 ATATÜRK ORGANİZE SANAYİ BÖLGESİ
REEL MAKİNA VE ISIL İŞLEM SAN.VE TİC.LTD.ŞTİ.;İZMİR;ÇİĞLİ;Rulman, disli/disli takimi, sanziman ve tahrik ele;(232) 479 24 51;4783867;info@reelmakina.com;http://www.reelmakina.com;reelmakina.com;M.KEMAL ATATÜRK BUL. NO.32 ATATÜRK ORGANİZE SANAYİ BÖLGESİ
REMZİYE DÜZGÜN;İZMİR;ÇİĞLİ;;;4697119;duzgunturizm@gmail.com;http://;;10.026 SOKAK NO:17  ATATÜRK ORGANİZE SANAYİ BÖLGESİ
RENK HALI VE EVCİL HAYVAN GIDALARI SANAYİ TİCARET A.Ş.;İZMİR;ÇİĞLİ;Hali ve kilim imalati;(236) 211 12 30;(236) 211 12 40;renkhali@renkhali.com;www.renkhali.com;renkhali.com;10.039 SOKAK NO.20 ATATÜRK ORGANİZE SANAYİ BÖLGESİ
REPROPRINT MATBAACILIK REKLAMCILIK AMBALAJ SAN.VE TİC.LTD.ŞTİ.;İZMİR;ÇİĞLİ;Baska yerde siniflandirilmamis diger plastik ürünl;(232) 328 25 43;;info@reproprint.com.tr;http://;;10.027 SOKAK NO.1  ATATÜRK ORGANİZE SANAYİ BÖLGESİ
RESA REZİSTANS SAN.VE TİC.LTD.ŞTİ.;İZMİR;ÇİĞLİ;Ev tipi elektrikli su isiticilari (depolu su isiti;(232) 328 28 90;3767193;info@resarezistans.com;www.resarezistans.com;resarezistans.com;10.041 SOKAK N0.18   ATATÜRK ORGANİZE SANAYİ BÖLGESİ
RND ARAŞTIRMA GELİŞTİRME TASARIMMAKİNE SAN.VE TİC.LTD.ŞTİ.;İZMİR;ÇİĞLİ;Baska yerde siniflandirilmamis diger özel amaçli m;(232) 328 30 60;3283063;info@rnduv.com;http://www.rnduv.com;rnduv.com;10.016 SOKAK NO:30 ATATÜRK ORGANİZE SANAYİ BÖLGESİ
RODOSLU AYDINLATMA VE LED TEKNOLOJİLERİ SAN.TİC.LTD.ŞTİ.;İZMİR;ÇİĞLİ;;;;muhasebe@rdslight.com;http://;;10.016 SOKAK NO.60 ATATÜRK ORGANİZE SANAYİ BÖLGESİ
RODOSLU MAKİNA ELEKTRİK SAN. VE TİC.LTD.ŞTİ.;İZMİR;ÇİĞLİ;;;;;http://www.rodoslumakina.com;rodoslumakina.com;10.016 SOKAK NO.62 ATATÜRK ORGANİZE SANAYİ BÖLGESİ
ROSSI GÜÇ AKTARMA VE HAREKET KONTROL SİSTEMLERİ SAN.TİC.LTD.ŞTİ.;İZMİR;ÇİĞLİ;Disliler/disli takimlari, bilyeli ve makarali vida;(232) 328 10 92;3281093;info.turkey@rossi.com;http://www.rossi.com;rossi.com;10.042 SOKAK NO.16  ATATÜRK ORGANİZE SANAYİ BÖLGESİ
ROTEKS TEKSTİL İHR.SAN.VE TİC.A.Ş.;İZMİR;ÇİĞLİ;Diger dis giyim esyalari imalati;(232) 376 74 80;3767485;info@roteks.com.tr;http://www.roteks.com.tr;roteks.com.tr;10.002 SOKAK NO.28  ATATÜRK ORGANİZE SANAYİ BÖLGESİ
ROTEKS TEKSTİL İHR.SAN.VE TİC.A.Ş.;İZMİR;ÇİĞLİ;Dis giyim esyasi imalati, dokuma, örme (trikotaj) ;(232) 376 74 80;3767485;info@roteks.com.tr;http://www.roteks.com.tr;roteks.com.tr;10.002 SOKAK NO.26  ATATÜRK ORGANİZE SANAYİ BÖLGESİ
RS PETROL ÜRÜNLERİ SAN.VE TİC.LTD.ŞTİ.;İZMİR;ÇİĞLİ;;(232) 502 26 83;;maxeloilturkiye@gmail.com;http://www.maxeloilturkiye.com;maxeloilturkiye.com;10.029 SOKAK NO.10  ATATÜRK ORGANİZE SANAYİ BÖLGESİ
RÜZGARPAK OFSET AMBALAJ SAN.VE TİC.LTD.ŞTİ.;İZMİR;ÇİĞLİ;;(232) 478 05 35;;muhasebe@ruzgarpak.com.tr;http://www.ruzgarpak.com.tr;ruzgarpak.com.tr;10.000 SOKAK NO.18 ATATÜRK ORGANİZE SANAYİ BÖLGESİ
S.S.TARİŞ ZEYTİN VE ZEYTİNYAĞI TAR.SAT.KOOP.BIRLIGI;İZMİR;ÇİĞLİ;Bitkisel sivi yag (yenilebilen) imalati (soya, sus;(232) 394 02 23;3940237;bilgi@tariszeytinyagi.com.tr;"http://www.ta-ze.com.tr/ ; http://www.tariszeytinyagi.com/";ta-ze.com.tr;10.006/1 SOKAK NO.17  ATATÜRK ORGANİZE SANAYİ BÖLGESİ
S2 OTOMASYON SAN.VE TİC.A.Ş.;İZMİR;ÇİĞLİ;Baska yerde siniflandirilmamis diger özel amaçli m;(232) 504 60 10;;muhasebe@s2otomasyon.com;http://www.s2otomasyon.com;s2otomasyon.com;10.046 SOKAK NO:8  ATATÜRK ORGANİZE SANAYİ BÖLGESİ
SAİME ORAL;İZMİR;ÇİĞLİ;;(232) 328 03 45;3280348;;http://;;10.026 SOKAK NO:24  ATATÜRK ORGANİZE SANAYİ BÖLGESİ
SAR YAPI MALZEMELERİ İTH.İHR.SAN.VE TİC.A.Ş.;İZMİR;ÇİĞLİ;;(232) 376 71 95;3767199;info@sarelektronik.com;www.sarelektronik.com;sarelektronik.com;10001 SOKAK NO:28  ATATÜRK ORGANİZE SANAYİ BÖLGESİ
SARAÇOGLU TEKNIK HIRDAVAT SAN.VE TIC.LTD.STI.;İZMİR;ÇİĞLİ;Deri, kösele, karma deri ve diger malzemelerden ba;(232) 433 74 23;4572256;info@saracogluteknik.com.tr;;;10.041 SOKAK NO.12  ATATÜRK ORGANİZE SANAYİ BÖLGESİ
SAREL YAPI MALZ.İTH.İHR.SAN.VE TİC.A.Ş.;İZMİR;ÇİĞLİ;;(232) 376 71 95;3767199;info@sarelektronik.com;www.sarelektronik.com;sarelektronik.com;10.001 SOKAK NO:26  ATATÜRK ORGANİZE SANAYİ BÖLGESİ
SARMEZ WORKSHOP GIDA ÜRETİM SAN.VE TİC.LTD.ŞTİ.;İZMİR;ÇİĞLİ;Hazir yemek imalati (vakumla paketlenmis veya koru;;;info@sarmez.com;http://www.sarmez.com;sarmez.com;10.016 SOKAK NO:31 ATATÜRK ORGANİZE SANAYİ BÖLGESİ
SAUERESSIG BASKI ÖNCESİ HAZIRLIK SİSTEMLERİ SAN.TİC.A.Ş.;İZMİR;ÇİĞLİ;Basimda kullanmak üzere baski kliseleri ya da sili;(232) 328 26 66;3282667;info@saueressig.com;http://www.saueressig.com.tr;saueressig.com.tr;10.036 SOKAK NO:8  ATATÜRK ORGANİZE SANAYİ BÖLGESİ
SAVAŞ KARAGÖZLÜ / AYLA KARAGÖZLÜ / AYNUR COŞKUNOĞLU;İZMİR;ÇİĞLİ;Baska yerde siniflandirilmamis diger imalatlar;;4646177;savaskaragozlu35@gmail.com;http://;;10.016 SOKAK NO:84  ATATÜRK ORGANİZE SANAYİ BÖLGESİ
SAVATEL ÇAĞRI HİZMETLERİ BİLİŞİM YAZILIM TELEKOMÜNİKASYON TİC.LTD.ŞTİ.;İZMİR;ÇİĞLİ;;(232) 486 72 72;4867884;info@savatel.com;http://www.senolcagrimerkezi.com;senolcagrimerkezi.com;10.049 SOKAK NO:6 ATATÜRK ORGANİZE SANAYİ BÖLGESİ
SCHNEİDER ELEKTRİK SAN.VE TİC.A.Ş.;İZMİR;ÇİĞLİ;Güç transformatörleri, dagitim transformatörleri v;(216) 655 88 00;02362131078;tr-hotline@se.com;http://www.schneider-elektric.com.tr;schneider-elektric.com.tr;10.011 SOKAK NO.6 ATATÜRK ORGANİZE SANAYİ BÖLGESİ
SEÇKİN BORA GÜNGÖR/FUNDA ECE SERDAROĞLU/NEVİN GÜNGÖR;İZMİR;ÇİĞLİ;;;;boragungor85@gmail.com;;;10.016 SOKAK NO.8  ATATÜRK ORGANİZE SANAYİ BÖLGESİ
SEÇSAN GIDA PAZ.TUR.BİLG.İNŞ.SAN.VE TİC.LTD.ŞTİ.;İZMİR;ÇİĞLİ;Hazir yemek imalati (vakumla paketlenmis veya koru;(232) 328 00 33;3280373;kemalsaldir@secsan.com.tr;www.secsan.com.tr;secsan.com.tr;10.044 SOKAK NO.15 ATATÜRK ORGANİZE SANAYİ BÖLGESİ
SEDEF VATKA TEKSTİL KONF.SAN.VE TİC.LTD.ŞTİ;İZMİR;ÇİĞLİ;Tekstil malzemelerinden dokuma etiket, rozet, arma;(232) 328 12 06;3282641;info@sedefvatka.com.tr;www.sedefvatka.com.tr;sedefvatka.com.tr;10.006/1 SOKAK NO. 31 ATATÜRK ORGANİZE SANAYİ BÖLGESİ
SEHER KOÇYİĞİT;İZMİR;ÇİĞLİ;;(236) 214 04 67;(236) 214 04 70;r.kocyigit@turkuazbaski.com;www.turkuazbaski.com;turkuazbaski.com;10.022 SOKAK NO:5   ATATÜRK ORGANİZE SANAYİ BÖLGESİ
SEHER KOÇYİĞİT;İZMİR;ÇİĞLİ;;(236) 214 04 67;(236) 214 04 70;r.kocyigit@turkuazbaski.com;http://;;10.028 SOKAK NO.11  ATATÜRK ORGANİZE SANAYİ BÖLGESİ
SEKO KİMYEVİ MADDELER TURİZM SAN.VE DIŞ TİC.LTD.ŞTİ.;İZMİR;ÇİĞLİ;;(232) 457 05 01;4570670;muhasebe@sekokimya.com;www.sekokimya.com;sekokimya.com;10.052 SOKAK NO:8 ATATÜRK ORGANİZE SANAYİ BÖLGESİ
SELTOY EMLAK İNŞAAT DEKORASYON SAN.VE TİC.LTD.ŞTİ.;İZMİR;ÇİĞLİ;;(232) 376 33 33;3280063;info@seltoypen.com;http://www.seltoypen.com;seltoypen.com;10.032 SOKAK NO.25 ATATÜRK ORGANİZE SANAYİ BÖLGESİ
SERDAR RIZA ÇELEBİOGLU;İZMİR;ÇİĞLİ;;(232) 237 17 42;2373271;serdar_celebioglu@hotmail.com;;;10.002 SOKAK NO.18 ATATÜRK ORGANİZE SANAYİ BÖLGESİ
SERES FOODS GIDA SAN.VE TİC.A.Ş.;İZMİR;ÇİĞLİ;;(232) 328 36 69;3283645;info@seresfoods.com;www.seresfoods.com;seresfoods.com;ESKİ HAVAALANI CADDESİ NO.188 /2C ATATÜRK ORGANİZE SANAYİ BÖLGESİ
SEROTONİN TEKSTİL  SAN.TİC.LTD.ŞTİ.;İZMİR;ÇİĞLİ;Diger dis giyim esyalari imalati;(232) 501 24 25;;muhasebe@serotoninsorcing.com;http://;;10.000 SOKAK NO:3/2  ATATÜRK ORGANİZE SANAYİ BÖLGESİ
SERVET AKGÜN;İZMİR;ÇİĞLİ;;;;srvt.akgun@gmail.com;http://;;10.041 SOKAK N0.16  ATATÜRK ORGANİZE SANAYİ BÖLGESİ
SERVET AKGÜN;İZMİR;ÇİĞLİ;;;;srvt.akgun@gmail.com;http://;;M.KEMAL ATATÜRK BLV.NO.64 ATATÜRK ORGANİZE SANAYİ BÖLGESİ
SERVET AKGÜN;İZMİR;ÇİĞLİ;;;;srvt.akgun@gmail.com;;;M.KEMAL ATATÜRK BUL.NO.38 ATATÜRK ORGANİZE SANAYİ BÖLGESİ
SETAG ETİKET VE BASKI TEKNOLOJİLERİ A.Ş.;İZMİR;ÇİĞLİ;;(232) 328 18 18;3283131;fatihs@setag.com.tr;http://www.setag.com.tr;setag.com.tr;10.022 SOKAK NO.7  ATATÜRK ORGANİZE SANAYİ BÖLGESİ
SETSAN ELEKTRONIK SAN.VE TİC.LTD.ŞTİ.;İZMİR;ÇİĞLİ;Diyotlarin, transistörlerin, diyaklarin, triyaklar;(232) 328 04 45;3280448;set@set.com.tr;www.set.com.tr;set.com.tr;10.001 SOKAK NO.21 ATATÜRK ORGANİZE SANAYİ BÖLGESİ
SEV GROUP GIDA SAN.VE TİC.LTD.ŞTİ.;İZMİR;ÇİĞLİ;Meyve ve sebzelerden jöle, pekmez, marmelat, reçel;(232) 504 30 90;;info@luvgelato.com;http://www.luvgelato.com;luvgelato.com;10.040 SOKAK NO:19 ATATÜRK ORGANİZE SANAYİ BÖLGESİ
SEVİL ÖZGENCİL;İZMİR;ÇİĞLİ;;;;;;;M.KEMAL ATATÜRK BLV. NO:8 ATATÜRK ORGANİZE SANAYİ BÖLGESİ
SEYHAN/SABİRE/DİLEK/DENİZ ECE/EGE CEM/ELİF NAZ SUSUZ;İZMİR;ÇİĞLİ;;;3244872;seyhan13@icloud.com;;;10.011 SOKAK NO:12 ATATÜRK ORGANİZE SANAYİ BÖLGESİ
SG TEMİZLİK YEMEK ORG.VE ÖZEL SAĞLIK HİZM.SAN.TİC.LTD.ŞTİ.;İZMİR;ÇİĞLİ;;(232) 503 68 98;;info@sgyemek.com.tr;http://www.sgyemek.com.tr;sgyemek.com.tr;10.029 SOKAK NO.8 ATATÜRK ORGANİZE SANAYİ BÖLGESİ
SGS SÜT VE GIDA SANAYİ A.Ş.;İZMİR;ÇİĞLİ;;(232) 461 91 92;4618103;sakipaga@sakipaga.com.tr;http://www.sakipaga.com.tr;sakipaga.com.tr;M.KEMAL ATATÜRK BLV. NO.51 ATATÜRK ORGANİZE SANAYİ BÖLGESİ
SINIRLI SORUMLU ORGANIC GIDA TARIM ÜRÜNLERİ ÜRETİM VE TÜKETİM KOOPERATİFİ;İZMİR;ÇİĞLİ;;(232) 436 01 02;;muhasebe@orgidatarim.org;http://www.orgidatarim.org;orgidatarim.org;10.041 SOKAK NO.5  ATATÜRK ORGANİZE SANAYİ BÖLGESİ
SİNTAŞ TEKSTİL SAN.VE TİC.LTD.ŞTİ.;İZMİR;ÇİĞLİ;;(232) 608 27 98;;muhasebe@sintastekstil.com;;;10.052 SOKAK NO:6/1 ATATÜRK ORGANİZE SANAYİ BÖLGESİ
SİSMAK OTOMOTİV SAN.TİC.A.Ş.;İZMİR;ÇİĞLİ;Motorlu kara tasitlari için diger parça ve aksesua;(232) 328 02 55;3280262;info@sismak.com;http://www.sismak.com;sismak.com;10.007 SOKAK NO.13 ATATÜRK ORGANİZE SANAYİ BÖLGESİ
SİSTAŞ ÇELİK DÖVME SAN.TİC.A.Ş.;İZMİR;ÇİĞLİ;Motorlu kara tasitlari için diger parça ve aksesua;(232) 376 78 27;3767830;info@sistasforge.com;http://www.sistasforge.com;sistasforge.com;10.032 SOKAK NO.20 ATATÜRK ORGANİZE SANAYİ BÖLGESİ
SİSTAŞ YANGIN SÖNDÜRME VE GÜVENLİK SİSTEMLERİ MAK. İNŞ.TURİZM SAN.TİC.LTD.ŞTİ.;İZMİR;ÇİĞLİ;;(549) 432 14 56;;info@sistasyangin.com.tr;http://www.sistasyangin.com.tr;sistasyangin.com.tr;10.022 SOKAK NO:6  ATATÜRK ORGANİZE SANAYİ BÖLGESİ
SİSTEMATİK ELEKTRİK ELEKTRONİK MAKİNA İNŞAAT SAN.VE TİC.LTD.ŞTİ.;İZMİR;ÇİĞLİ;;(232) 700 07 86;7000776;info@sistematikelk.com;http://www.sistematikelk.com;sistematikelk.com;10.035 SOKAK NO:2/1  ATATÜRK ORGANİZE SANAYİ BÖLGESİ
SİTEKA İNŞAAT TAAHHÜT DEKORASYON GIDA İTHALAT İHRACAT SAN.VE TİC.LTD.ŞTİ.;İZMİR;ÇİĞLİ;;(232) 330 50 40;;sinasikaptan@gmail.com;;;10.016  SOKAK NO.2  ATATÜRK ORGANİZE SANAYİ BÖLGESİ
SMART KİMYA TİC.VE DANIŞMANLIK LTD.ŞTİ.;İZMİR;ÇİĞLİ;;(850) 441 00 22;;info@hammaddeler.com;http://www.hammadeler.com;hammadeler.com;10.016 SOKAK NO.18  ATATÜRK ORGANİZE SANAYİ BÖLGESİ
SMO TU LOJİSTİK VE AMBALAJ SAN.VE TİC.LTD.ŞTİ.;İZMİR;ÇİĞLİ;;(232) 398 09 00;3283534;smotuhg@smo-group.com;;;10.053 SOKAK NO.7 ATATÜRK ORGANİZE SANAYİ BÖLGESİ
SMS SAVUNMA SAN.TİC.LTD.ŞTİ.;İZMİR;ÇİĞLİ;Motorlu kara tasitlari için diger parça ve aksesua;(232) 328 10 64;3281069;info@smssavunma.com.tr;www.smssavunma.com.tr;smssavunma.com.tr;10.046 SOKAK NO:2  ATATÜRK ORGANİZE SANAYİ BÖLGESİ
SMYRNA GOODS SU ÜRÜNLERİ AKARYAKIT VE İLKİMLENDİRME SAN.TİC.LTD.ŞTİ.;İZMİR;ÇİĞLİ;Balik, kabuklular, yumusakçalar ve diger su ürünle;;;ogundemirel@smyrnagoods.com;http://www.smyrnagoods.com;smyrnagoods.com;10.025 SOKAK NO: 8  ATATÜRK ORGANİZE SANAYİ BÖLGESİ
SNÇ NAKIŞ TEKSTİL KONFEKSİYON SAN.VE TİC.LTD.ŞTİ.;İZMİR;ÇİĞLİ;;;;snc.nakis@gmail.com;;;10.023 SOKAK NO:4  ATATÜRK ORGANİZE SANAYİ BÖLGESİ
SOYDAN HİDROLİK PNÖMATİK OTOMASYON TEKNOLOJİLERİ A.Ş.;İZMİR;ÇİĞLİ;;(232) 502 47 74;5024776;info@soydanhidrolik.com;http://www.ertansoydan.com;ertansoydan.com;10.039 SOKAK NO:21/1 ATATÜRK ORGANİZE SANAYİ BÖLGESİ
SPOT TEKSTİL SAN.VE TİC.A.Ş.;İZMİR;ÇİĞLİ;Dis giyim esyasi imalati, dokuma, örme (trikotaj) ;(232) 376 82 14;3767606;muhasebe@spottekstil.com;http://www.spottekstil.com.tr;spottekstil.com.tr;10.002 SOKAK NO.10 ATATÜRK ORGANİZE SANAYİ BÖLGESİ
STANDART CİVATA TİCARET VE SANAYİ A.Ş.;İZMİR;ÇİĞLİ;;(232) 376 77 87;3767560;muhasebe@standartcivata.com.tr;http://www.standartcivata.com.tr;standartcivata.com.tr;10.002 SOKAK NO.12 ATATÜRK ORGANİZE SANAYİ BÖLGESİ
STEEL MOLD MAKİNA SAN.TİC.LTD.ŞTİ.;İZMİR;ÇİĞLİ;;(232) 328 27 28;;info@steelmoldmakina.com;http://www.steelmold.com.tr;steelmold.com.tr;10.028 SOKAK NO.2  ATATÜRK ORGANİZE SANAYİ BÖLGESİ
STEP MİMARLIK İNŞAAT DEKORASYON HİZMETLERİ SAN.VE TİC. LTD.ŞTİ.;İZMİR;ÇİĞLİ;;(232) 328 34 77;3283475;stil@stil44.com;http://www.stepcollection.com;stepcollection.com;10.026 SOKAK NO.15 ATATÜRK ORGANİZE SANAYİ BÖLGESİ
STERN INGREDIENTS TURKEY GIDA SAN.VE TİC.A.Ş.;İZMİR;ÇİĞLİ;;(232) 325 20 01;999 08 16;info@sterningredients.com.tr;http://www.sterningredients.com.tr;sterningredients.com.tr;10.006/1 SOKAK NO.24 ATATÜRK ORGANİZE SANAYİ BÖLGESİ
SUAT ERTAÇ/İNCİ ERTAÇ/SEDEF ERTAÇ;İZMİR;ÇİĞLİ;;;;;;;10.026 SOKAK NO:36  ATATÜRK ORGANİZE SANAYİ BÖLGESİ
SUAT ÖZYAMAN;İZMİR;ÇİĞLİ;;(232) 461 73 72;4617585;s.ozyaman@hotmail.com;http://;;10.016 SOKAK NO:22  ATATÜRK ORGANİZE SANAYİ BÖLGESİ
SUAT ÖZYAMAN;İZMİR;ÇİĞLİ;Bitkisel ve hayvansal üretim ile avcilik ve ilgili;(232) 433 54 82;4617585;s.ozyaman@hotmail.com;;;10.024 SOKAK NO.4 ATATÜRK ORGANİZE SANAYİ BÖLGESİ
SUN CHEMİCAL MATBAA MÜREKKEPLERİ VE GEREÇLERİ SAN.VE TİC.A.Ş.;İZMİR;ÇİĞLİ;;(232) 376 88 90;3768898;zehra.yilmaz@sunchemical.com;http://www.sunchemical.com;sunchemical.com;M.KEMAL ATATÜRK BUL.NO.69 ATATÜRK ORGANİZE SANAYİ BÖLGESİ
SUN CHEMİCAL MATBAA MÜREKKEPLERİ VE GEREÇLERİ SAN.VE TİC.A.Ş.;İZMİR;ÇİĞLİ;Diger boya, vernik ve ilgili ürünlerin imalati (re;(232) 376 88 90;3768898;zehra.yilmaz@sunchemical.com;www.sunchemical.com;sunchemical.com;10.037 SOKAK NO:4  ATATÜRK ORGANİZE SANAYİ BÖLGESİ
SUSİTAŞ SU ÜRÜNLERI VE SAN.MAM.IHR.TİC.A.Ş.;İZMİR;ÇİĞLİ;;(232) 376 70 50;3767052;info@susitas.com;http://www.susitas.com;susitas.com;10.040 SOKAK NO.25 ATATÜRK ORGANİZE SANAYİ BÖLGESİ
SÜLEYMAN VİCDANİ ÇAĞLAR - ÇAĞLAR YER KAROLARI;İZMİR;ÇİĞLİ;;(232) 368 24 24;;svcaglar@hotmail.com;;;10.023 SOKAK NO:2  ATATÜRK ORGANİZE SANAYİ BÖLGESİ
SÜMER KONFEKSİYON MALZ.TEKS.SAN.VE TİC.A.Ş.;İZMİR;ÇİĞLİ;Tekstille kaplanmis kauçuk iplik veya kordon ile k;(232) 431 01 54;4310154;;www.sumertekstil.com.tr;sumertekstil.com.tr;10.038 SOKAK NO.1 ATATÜRK ORGANİZE SANAYİ BÖLGESİ
ŞANLI İLAÇ SANAYİ A.Ş.;İZMİR;ÇİĞLİ;Temel eczacilik ürünlerinin imalati (antibiyotik, ;(232) 328 34 54;3283048;sanliilac@sanliilac.com.tr;http://www.sanliilac.com.tr;sanliilac.com.tr;10.046 SOKAK NO:6  ATATÜRK ORGANİZE SANAYİ BÖLGESİ
ŞANTEKS MENSUCAT SAN VE TİC A.Ş.;İZMİR;ÇİĞLİ;Kot vb. baski dügmeleri, çitçitlar, dügmeler, ferm;(232) 376 79 00;3282050;santeks@shatelgroup.com;www.satelgroup.com;satelgroup.com;10.001 SOKAK NO.18 ATATÜRK ORGANİZE SANAYİ BÖLGESİ
ŞATEL ÖRME KUMAŞ BOYA BASKI KONFEKSİYON SAN.VE TİC. A.Ş.;İZMİR;ÇİĞLİ;Örgü ve tig isi kumaslarin imalati (penye ve havli;(232) 328 20 47;3282050;info@satelorme.com;http://www.shatelgroup.com;shatelgroup.com;10.001 SOKAK NO.18 /A ATATÜRK ORGANİZE SANAYİ BÖLGESİ
ŞEKER FİNANSAL KİRALAMA A.Ş.;İZMİR;ÇİĞLİ;;;;;;;10.036 SOKAK NO.7 ATATÜRK ORGANİZE SANAYİ BÖLGESİ
ŞENCAN AYAN;İZMİR;ÇİĞLİ;;(232) 376 79 75;3767947;;;;10.016 SOKAK NO:35  ATATÜRK ORGANİZE SANAYİ BÖLGESİ
ŞİMŞEK AMBALAJ SANAYİ VE TİCARET A.Ş.;İZMİR;ÇİĞLİ;Demir veya çelikten yiyecek, içecek ve diger ürünl;(232) 376 88 56;3767943;info@simsekambalaj.com.tr;http://www.simsekambalaj.com.tr;simsekambalaj.com.tr;10.003 SOKAK NO:1 ATATÜRK ORGANİZE SANAYİ BÖLGESİ
ŞİRİN DİNÇER/FATMA AYDEMİR/NİLGÜN DİNÇER/ELÇİN ÖZDEMİR;İZMİR;ÇİĞLİ;Ev tipi buzdolabi, dondurucu, çamasir makinesi, ça;;;;;;10.050 SOKAK NO:3   ATATÜRK ORGANİZE SANAYİ BÖLGESİ
ŞİRİN DİNÇER/FATMA AYDEMİR/NİLGÜN DİNÇER/ELÇİN ÖZDEMİR;İZMİR;ÇİĞLİ;;;;;;;10.000 SOKAK NO.20 ATATÜRK ORGANİZE SANAYİ BÖLGESİ
ŞULE PEKER;İZMİR;ÇİĞLİ;;;2434848;ekoplastic@mynet.com;http://;;10.016 SOKAK NO.80  ATATÜRK ORGANİZE SANAYİ BÖLGESİ
TADEP OTOMOTİV SAN.TİC.LTD.ŞTİ.;İZMİR;ÇİĞLİ;Motorlu kara tasitlari için diger parça ve aksesua;(232) 328 14 46;3281447;info@tadep.com;http://www.tadep.com;tadep.com;10.021 SOKAK NO.31 ATATÜRK ORGANİZE SANAYİ BÖLGESİ
TAHA TEKNİK END. TEMİZLİK MAK.YEDEK PARÇA VE TEKNİK EKİP.GIDA İNŞ.İTH.İHR.SAN.VE TİC.LTD.ŞTİ;İZMİR;ÇİĞLİ;;444 53 51;;muhasebe@tahateknik.com;http://www.tahateknik.com;tahateknik.com;M.KEMAL ATATÜRK BUL. NO.66 ATATÜRK ORGANİZE SANAYİ BÖLGESİ
TAHSİN ERKAN - BÜTÜN MIMARLIK MÜHENDISLIK BÜROSU;İZMİR;ÇİĞLİ;Baska yerde siniflandirilmamis plastik insaat malz;(232) 328 24 12;3282413;info@tekorplast.net;www.tekorplast.net;tekorplast.net;10.016 SOKAK NO:48 ATATÜRK ORGANİZE SANAYİ BÖLGESİ
TALAY MAKİNA VE AMBALAJ SAN.TİC.A.Ş.;İZMİR;ÇİĞLİ;Tohumlarin, tanelerin veya kuru baklagillerin temi;(232) 376 71 30;3767132;info@talaymakina.com;www.talaymakina.com;talaymakina.com;10.036 SOKAK NO.12 ATATÜRK ORGANİZE SANAYİ BÖLGESİ
TAMAY SANAYİ VE TİCARET KOLL.ŞTİ. HALUK FEHMİ ERTAMAY VE ORTAĞI;İZMİR;ÇİĞLİ;Gida ve içeceklerin endüstriyel olarak hazirlanmas;(232) 328 18 87;;tamaysan@tamaysan.com;http://www.tamaysan.com;tamaysan.com;10.000 SOKAK NO.20 ATATÜRK ORGANİZE SANAYİ BÖLGESİ
TAMAY SANAYİ VE TİCARET KOLL.ŞTİ. HALUK FEHMİ ERTAMAY VE ORTAĞI;İZMİR;ÇİĞLİ;Gida ve içeceklerin endüstriyel olarak hazirlanmas;(232) 328 18 87;3281883;tamaysan@tamaysan.com;http://www.tamaysan.com;tamaysan.com;10.016 SOKAK NO.52 ATATÜRK ORGANİZE SANAYİ BÖLGESİ
TAMUĞUR ORMAN ÜRÜNLERİ SAN. İNŞ. VE TURİZM HİZ. TEKSTİL TİC. LTD.ŞTİ.;İZMİR;ÇİĞLİ;Kereste imalati (agaçlarin biçilmesi, planyalanmas;(232) 486 25 12;4357686;info@tamugur.com;;;10.002 SOKAK NO.38 ATATÜRK ORGANİZE SANAYİ BÖLGESİ
TANMAK BASKI SİLİNDİRLERİ DİŞLİ MAK.SAN.VE TİC.A.Ş.;İZMİR;ÇİĞLİ;;(232) 376 86 57;3280435;info@tanmak.com.tr;www.tanmak.com.tr;tanmak.com.tr;10.001 SOKAK NO.16 ATATÜRK ORGANİZE SANAYİ BÖLGESİ
TANMAK BASKI SİLİNDİRLERİ DİŞLİ MAK.SAN.VE TİC.A.Ş. ÇİĞLİ ŞUBESİ;İZMİR;ÇİĞLİ;;(232) 376 86 57;3280435;info@tanmak.com.tr;http://www.tanmak.com.tr;tanmak.com.tr;10.023 SOKAK NO:6  ATATÜRK ORGANİZE SANAYİ BÖLGESİ
TARİŞ ZEYTİNYAĞI TARIM SANAYİ VE TİCARET A.Ş.;İZMİR;ÇİĞLİ;Zeytinyagi imalati (saf, sizma, rafine);(232) 394 02 23;3283263;infotz@tariszeytinyagi.com.tr;"http://www.ta-ze.com.tr/ ; http://www.tariszeytinyagi.com/";ta-ze.com.tr;10.006/1 SOKAK NO:10 ATATÜRK ORGANİZE SANAYİ BÖLGESİ
TAŞKAN MAKİNA YEDEK PARÇA OTOMOTİV SAN.VE TİC.LTD.ŞTİ.;İZMİR;ÇİĞLİ;Motorlu veya pnömatik el aletlerinin imalati (zimp;(232) 376 71 12;3283043;info@taskanmakina.com.tr;;;10.023 SOKAK NO:5  ATATÜRK ORGANİZE SANAYİ BÖLGESİ
TATİŞ GAYRİMENKUL YATIRIM İNŞAAT SAN.VE TİC.A.Ş.;İZMİR;ÇİĞLİ;;(232) 244 05 00;2446733;karsiyakasube@itk.k12.tr;www.ozelturkkoleji.com;ozelturkkoleji.com;ESKİ HAVAALANI CADDESİ NO.188 ATATÜRK ORGANİZE SANAYİ BÖLGESİ
TAYLAN DİKİM TEKSTİL HAYVANCILIK İNŞ.TURİZM SAN.VE TİC.LTD.ŞTİ.;İZMİR;ÇİĞLİ;;(232) 328 33 21;3283324;info@taylantekstil.com;;;10.001 SOKAK NO.12 ATATÜRK ORGANİZE SANAYİ BÖLGESİ
TE-TA TEKNİK TARIM MAK.VE ÜRÜNLERİ İTH.İHR.SAN.TİC.LTD.ŞTİ.;İZMİR;ÇİĞLİ;Insaat ve insaatin parçalari için metal çati ya da;(232) 328 00 55;3280575;info@te-ta.com.tr;http://www.te-ta.com.tr;te-ta.com.tr;10.038 SOKAK NO.3 ATATÜRK ORGANİZE SANAYİ BÖLGESİ
TECHMAX TECHNOLOGY YAZILIM SANAYİ VE TİCARET A.Ş.;İZMİR;ÇİĞLİ;Tüketici elektronigi ürünlerinin imalati;0232 700 11 11;;info@techmax.com.tr;http://www.techmax.com.tr;techmax.com.tr;10.016 SOKAK NO.8  ATATÜRK ORGANİZE SANAYİ BÖLGESİ
TECNOFİRM YEM KATKI MADDELERİ GIDA VE HAYVANSAL İLAÇ SAN. VE TİC.LTD.ŞTİ.;İZMİR;ÇİĞLİ;Çiftlik hayvanlari için hazir yem imalati;(232) 472 28 36;4722838;info@tecnofirm.com.tr ;http://;;10.040 SOKAK NO. 15 ATATÜRK ORGANİZE SANAYİ BÖLGESİ
TEKNİK BALANS MAKİNA SANAYİ VE TİCARET A.Ş.;İZMİR;ÇİĞLİ;Baska yerde siniflandirilmamis diger özel amaçli m;(232) 376 84 40;3768439;info@teknikbalans.com.tr;http://www.teknikbalans.com.tr;teknikbalans.com.tr;10.001 SOKAK NO.15 ATATÜRK ORGANİZE SANAYİ BÖLGESİ
TEKNİK OTOMAT SAN.VE TİC.LTD.ŞTİ.;İZMİR;ÇİĞLİ;Metallerin makinede islenmesi (torna tesfiye isler;(232) 328 04 30;3281463;muhasebe@teknikotomat.com;www.teknikotomat.com;teknikotomat.com;10.032 SOKAK NO:5 ATATÜRK ORGANİZE SANAYİ BÖLGESİ
TEKNOBEL KALIP TEKNOLOJİLERİ SAN.VE TİC.LTD.ŞTİ.;İZMİR;ÇİĞLİ;Metalden kalip ve döküm modeli imalati (kek ve aya;;;muhasebe@teknokalip.com;http://;;10.010 SOKAK NO:6 ATATÜRK ORGANİZE SANAYİ BÖLGESİ
TEKNOFORM MAK.SAN.VE TİC.A.Ş.;İZMİR;ÇİĞLİ;Metallerin makinede islenmesi ve sekil verilmesi;(232) 328 30 05;3283007;info@teknoform.com.tr ;www.teknoform.biz , www.teknoformmakina.com;teknoform.biz;M.KEMAL ATATÜRK BUL. NO.30 ATATÜRK ORGANİZE SANAYİ BÖLGESİ
TEKNOPAR ENDÜSTRİYEL OTOMASYON SAN.VE TİC.A.Ş. İZMİR  ŞUBESİ;İZMİR;ÇİĞLİ;Metallerin makinede islenmesi (torna tesfiye isler;(232) 203 61 91;2036189;info@teknopar.com.tr;http://www.teknopar.com.tr;teknopar.com.tr;10.016 SOKAK NO:50 .ATATÜRK ORGANİZE SANAYİ BÖLGESİ
TEKNOPAR ENDÜSTRİYEL OTOMASYON SAN.VE TİC.A.Ş. İZMİR  ŞUBESİ;İZMİR;ÇİĞLİ;Metallerin makinede islenmesi (torna tesfiye isler;(232) 203 61 91;2036189;info@teknopar.com.tr;http://www.teknopar.com.tr;teknopar.com.tr;10.016 SOKAK NO.52 ATATÜRK ORGANİZE SANAYİ BÖLGESİ
TEKNOPAR ENDÜSTRİYEL OTOMASYON SAN.VE TİC.A.Ş. İZMİR 2 ŞUBESİ;İZMİR;ÇİĞLİ;;(232) 203 61 91;2036189;info@teknopar.com.tr;http://www.teknopar.com.tr;teknopar.com.tr;10.016 SOKAK NO.46  ATATÜRK ORGANİZE SANAYİ BÖLGESİ
TEKOM-PUK ELEKTROMEKANİK SAN.VE TİC.A.Ş.;İZMİR;ÇİĞLİ;;(232) 376 81 60;3768159;info@tekom-puk.com;http://www.group-tekom.com;group-tekom.com;M.KEMAL ATATÜRK BLV.NO:9   ATATÜRK ORGANİZE SANAYİ BÖLGESİ
TEKOM-PUK ELEKTROMEKANİK SAN.VE TİC.A.Ş.;İZMİR;ÇİĞLİ;Metallerin makinede islenmesi (torna tesfiye isler;(232) 376 81 60;3768159;info@tekom-puk.com;www.tekom-puk.com;tekom-puk.com;M.KEMAL ATATÜRK BUL. NO.11 ATATÜRK ORGANİZE SANAYİ BÖLGESİ
TELMA TEL SAN.VE TİC.LTD.ŞTİ.;İZMİR;ÇİĞLİ;Telden yapilan diger ürünlerin imalati (örgülü tel;(232) 376 72 67;3767033;telma@telmatel.com;http://www.telmatel.com;telmatel.com;10.002 SOKAK NO:31 ATATÜRK ORGANİZE SANAYİ BÖLGESİ
TELMA TEL SAN.VE TİC.LTD.ŞTİ.;İZMİR;ÇİĞLİ;;(232) 376 72 67;3767033;telma@telmatel.com;http://www.telmatel.com;telmatel.com;10.002 SOKAK NO.16 ATATÜRK ORGANİZE SANAYİ BÖLGESİ
TELMA TEL SAN.VE TİC.LTD.ŞTİ.;İZMİR;ÇİĞLİ;Metal tornalama, delme, frezeleme ve planyalama ta;(232) 376 72 67;3767033;muhasebe@telmatel.com;http://www.telmatel.com;telmatel.com;10.001 SOKAK NO.3 ATATÜRK ORGANİZE SANAYİ BÖLGESİ
TEMİZ METAL CEPHE SİSTEMLERİ SAN.VE TİC.A.Ş.;İZMİR;ÇİĞLİ;;(232) 486 66 19;4616008;info@temizmetal.com;www.temizmetal.com;temizmetal.com;M.KEMAL ATATÜRK BLV.NO:70 ATATÜRK ORGANİZE SANAYİ BÖLGESİ
TEMPO DİZAYN SAN.VE TİC.LTD.ŞTİ.;İZMİR;ÇİĞLİ;;(232) 999 49 29;9994929;ot@tailormadeprojects.com;http://www.tailormadeprojects.com;tailormadeprojects.com;10.042 SOKAK NO.4  ATATÜRK ORGANİZE SANAYİ BÖLGESİ
TEPAŞ ELEKTRİK VE MEKANİK EV CİHAZLARI SAN. VE TİC. A.Ş.;İZMİR;ÇİĞLİ;Elektrik motoru, jeneratör ve transformatörlerin i;(232) 376 78 12;3767469;tepas@tepas.com;www.tepas.com;tepas.com;10.001 SOKAK NO.5   ATATÜRK ORGANİZE SANAYİ BÖLGESİ
TEPAŞ TEKSTİL PAZARLAMA VE SANAYİ A.Ş.;İZMİR;ÇİĞLİ;Dis giyim esyasi imalati, dokuma, örme (trikotaj) ;(232) 376 84 65;3768420;info@tepastekstil.com ;www.tepastekstil.com;tepastekstil.com;M.KEMAL ATATÜRK BUL.NO:78 ATATÜRK ORGANİZE SANAYİ BÖLGESİ
TERCANLI KONFEKSİYON MOBİLYA İNŞAAT SAN.VE TİC.LTD.ŞTİ;İZMİR;ÇİĞLİ;;(232) 376 86 85;;tercanteks@hotmail.com;http://;;10.011 SOKAK NO.10 ATATÜRK ORGANİZE SANAYİ BÖLGESİ
TERRASTAR TARIM İNŞAAT TURİZM SAN.VE TİC.A.Ş.;İZMİR;ÇİĞLİ;;;;info@terrastar.com.tr;http://;;10.041 SOKAK N0.16  ATATÜRK ORGANİZE SANAYİ BÖLGESİ
TEVFİK TAHİR ÖNDER;İZMİR;ÇİĞLİ;;(232) 441 49 11;4417285;tto@klasikhali.com;http://;;10.037 SOKAK NO.11 ATATÜRK ORGANİZE SANAYİ BÖLGESİ
TIM TÜTÜN MAKİNE ÜRETİM SAN.VE TİC.A.Ş.;İZMİR;ÇİĞLİ;Tütünün hazirlanmasinda ve islenmesinde kullanilan;(232) 457 37 91;;info@timmachines.com;;;10.026 SOKAK NO.54 ATATÜRK ORGANİZE SANAYİ BÖLGESİ
TİMUR FİLİZ;İZMİR;ÇİĞLİ;;(232) 433 53 02;;;http://;;10.040 SOKAK NO.25 ATATÜRK ORGANİZE SANAYİ BÖLGESİ
TNH KİMYA ARGE VE TEKNOLOJİ MERKEZİ LTD.ŞTİ.;İZMİR;ÇİĞLİ;;(232) 330 93 30;;info@tnhkimya.com;http://www.tnhkimya.com;tnhkimya.com;10.026 SOKAK NO:6 ATATÜRK ORGANİZE SANAYİ BÖLGESİ
TOLKAR MAKİNA SANAYİ VE TİCARET A.Ş.;İZMİR;ÇİĞLİ;;(232) 376 85 00;3767658;tolkar@tolkar.com;http://;;10.039 SOKAK NO.15 ATATÜRK ORGANİZE SANAYİ BÖLGESİ
TOLKAR MAKİNA SANAYİ VE TİCARET A.Ş.;İZMİR;ÇİĞLİ;;(232) 376 85 00;3767658;info@tolkar.com;http://www.tolkar.com.tr;tolkar.com.tr;M.KEMAL ATATÜRK BUL. NO.67 ATATÜRK ORGANİZE SANAYİ BÖLGESİ
TOLKAR MAKİNA SANAYİ VE TİCARET A.Ş.;İZMİR;ÇİĞLİ;Sanayi tipi çamasir makinesi, kuru temizleme makin;(232) 376 85 00;3767658;info@tolkar.com;http://www.tolkar.com.tr;tolkar.com.tr;10.036 SOKAK NO.6 ATATÜRK ORGANİZE SANAYİ BÖLGESİ
TOLON GLOBAL MAK.SAN.VE TİC.A.Ş.;İZMİR;ÇİĞLİ;;(232) 376 70 84;3767089;muhasebe@tolon.com;http://www.tolon.com;tolon.com;10.007 SOKAK NO.11 ATATÜRK ORGANİZE SANAYİ BÖLGESİ
TOLON INTERNATIONAL MAK.SAN.VE TİC.A.Ş.;İZMİR;ÇİĞLİ;;(232) 376 70 84;3767089;tolon@tolon.com;www.tolon.com;tolon.com;10.007 SOKAK NO.9 ATATÜRK ORGANİZE SANAYİ BÖLGESİ
TOPRAKTAN PASTACILIK GIDA TURİZM SAN.VE TİC.LTD.ŞTİ.;İZMİR;ÇİĞLİ;;(232) 435 99 77;4356566;iletisim@topraktan.com.tr;topraktan.com.tr;topraktan.com.tr;10.016 SOKAK NO.78 ATATÜRK ORGANİZE SANAYİ BÖLGESİ
TOTOMAK MAKİNA VE YEDEK PARÇA SAN.TİC. A.Ş.;İZMİR;ÇİĞLİ;Metallerin makinede islenmesi (torna tesfiye isler;(232) 376 71 50;3767153;totomak@totomak.com.tr;http://www.totomak.com.tr;totomak.com.tr;10.002 SOKAK NO.2 ATATÜRK ORGANİZE SANAYİ BÖLGESİ
TOTOMAK MAKİNA VE YEDEK PARÇA SAN.TİC. A.Ş.;İZMİR;ÇİĞLİ;;(232) 376 71 50;3767153;totomak@totomak.com.tr;http://www.totomak.com.tr;totomak.com.tr;10.010 SOKAK NO:32 ATATÜRK ORGANİZE SANAYİ BÖLGESİ
TOTOMAK MAKİNA VE YEDEK PARÇA SAN.TİC. A.Ş.;İZMİR;ÇİĞLİ;Metallerin makinede islenmesi (torna tesfiye isler;(232) 376 71 50;3767153;totomak@totomak.com.tr;www.totomak.com.tr;totomak.com.tr;10.002 SOKAK NO.4 ATATÜRK ORGANİZE SANAYİ BÖLGESİ
TUBOPLAST SAN.VE TİC.A.Ş.;İZMİR;ÇİĞLİ;Plastikten mamul halde tüp, boru, hortum ve bunlar;(232) 504 11 13;;info@tuboplast.com.tr;http://www.tuboplast.com.tr;tuboplast.com.tr;10.002 SOKAK NO.27 ATATÜRK ORGANİZE SANAYİ BÖLGESİ
TURGUL MAKİNA SAN.TİC. A.Ş.;İZMİR;ÇİĞLİ;;(232) 433 75 75;4337596;;;;10.002 SOKAK NO.25 ATATÜRK ORGANİZE SANAYİ BÖLGESİ
TÜRKOĞLU MAKİNA SAN.TİC.LTD.ŞTİ.;İZMİR;ÇİĞLİ;Sanayi tipi sogutucu ve dondurucu donanimlari ile ;(232) 376 80 07;3768009;yto@yto.com.tr;http://www.yto.com.tr;yto.com.tr;10.027 SOKAK NO:3  ATATÜRK ORGANİZE SANAYİ BÖLGESİ
TÜRKOĞLU MAKİNA SAN.TİC.LTD.ŞTİ.;İZMİR;ÇİĞLİ;Sanayi tipi sogutucu ve dondurucu donanimlari ile ;(232) 376 80 07;3768009;yto@yto.com.tr;www.yto.com.tr;yto.com.tr;10.027 SOKAK NO.5  ATATÜRK ORGANİZE SANAYİ BÖLGESİ
UBA KALIP PLASTİK İNŞAAT ORGANİZASYON SAN.TİC.LTD.ŞTİ.;İZMİR;ÇİĞLİ;Plastikten depo, tank, fiçi ve benzeri kaplarin im;(232) 504 50 55;3283208;muhasebe@ubakalip.com.tr;http://www.ubakalip.com.tr;ubakalip.com.tr;10.016 SOKAK NO.80  ATATÜRK ORGANİZE SANAYİ BÖLGESİ
UÇAK TEKSTİL TURİZM İTH.İHR.SAN.VE TİC.A.Ş.;İZMİR;ÇİĞLİ;;(232) 853 17 93;8531795;info@ucaktekstil.com.tr;;;10.010 SOKAK NO:19 ATATÜRK ORGANİZE SANAYİ BÖLGESİ
UÇAK TEKSTİL TURİZM İTH.İHR.SAN.VE TİC.A.Ş.;İZMİR;ÇİĞLİ;;(232) 853 17 93;8531795;info@ucaktekstil.com.tr;;;10.010 SOKAK NO:18 ATATÜRK ORGANİZE SANAYİ BÖLGESİ
UFUK MERİÇ KARABULUT;İZMİR;ÇİĞLİ;;;;;http://;;10.016 SOKAK NO.12  ATATÜRK ORGANİZE SANAYİ BÖLGESİ
UFUK UĞURAL;İZMİR;ÇİĞLİ;;(232) 328 20 80;3282022;muhasebe@eneko.com.tr;http://www.eneko.com.tr;eneko.com.tr;10.049 SOKAK NO.4  ATATÜRK ORGANİZE SANAYİ BÖLGESİ
UĞUR ÇAĞLAROĞLU;İZMİR;ÇİĞLİ;Baska yerde siniflandirilmamis diger genel amaçli ;;;u.caglaroglu@gmail.com;;;10.028 SOKAK NO.4 ATATÜRK ORGANİZE SANAYİ BÖLGESİ
UĞURAK MAKİNA ISITMA SOĞUTMA SAC SAN.VE TİC.LTD.ŞTİ.;İZMİR;ÇİĞLİ;;(232) 328 34 62;3281279;info@ugurakmakina.com;http://www.ugurakmakina.com;ugurakmakina.com;10.007 SOKAK NO.18 ATATÜRK ORGANİZE SANAYİ BÖLGESİ
ULUSOY SU POMPALARI İMALATI SAN.VE TİC.A.Ş.;İZMİR;ÇİĞLİ;;(232) 376 79 84;3281081;info@ulusoypompa.com;www.ulusoypompa.com;ulusoypompa.com;10.010 SOKAK NO.8  ATATÜRK ORGANİZE SANAYİ BÖLGESİ
UMAKSAN MAKİNA ÇELİK DIŞ TİCARET İNŞ. SAN.VE TİC.LTD.ŞTİ.;İZMİR;ÇİĞLİ;Metallerin makinede işlenmesi;05335917180;;info@umaksan.com;http://www.umaksan.com;umaksan.com;10.021 SOKAK NO:19 ATATÜRK ORGANİZE SANAYİ BÖLGESİ
UROTEKS TEKSTİL SAN.VE TİC.LTD.ŞTİ.;İZMİR;ÇİĞLİ;;(232) 325 85 85;3258586;info@uroteks.com;http://;;10.021 SOKAK NO:13  ATATÜRK ORGANİZE SANAYİ BÖLGESİ
USLUOĞLU MAK.KALIP.VE PLASTİK SAN.VE TİC.LTD.ŞTİ.;İZMİR;ÇİĞLİ;Plastikten kalip ve döküm modeli imalati (kek ve a;(232) 237 42 38;2539549;info@usluoglu.com.tr;http://;;10.041 SOKAK NO.11 ATATÜRK ORGANİZE SANAYİ BÖLGESİ
USLUOĞLU MAK.KALIP.VE PLASTİK SAN.VE TİC.LTD.ŞTİ.;İZMİR;ÇİĞLİ;Plastikten kalip ve döküm modeli imalati (kek ve a;(232) 237 42 38;2539549;info@usluoglu.com.tr;;;10.042 SOKAK NO.14  ATATÜRK ORGANİZE SANAYİ BÖLGESİ
USTA GIDA SANAYİ VE TİCARET A.Ş.;İZMİR;ÇİĞLİ;Dondurulmus veya kurutulmus meyve ve sebzelerin im;(232) 376 81 80;3768288;info@ustafood.com;http://www.ustafood.com;ustafood.com;10.002 SOKAK NO:48 ATATÜRK ORGANİZE SANAYİ BÖLGESİ
UYAN ELEKTRİK SAN.VE TİC.A.Ş.;İZMİR;ÇİĞLİ;Elektrik dagitim ve kontrol cihazlari imalati;(232) 376 81 07;3768208;info@uyanelektrik.com;http://www.uyanelektrik.com;uyanelektrik.com;10.024 SOKAK NO:12 ATATÜRK ORGANİZE SANAYİ BÖLGESİ
UYAN ELEKTRİK SAN.VE TİC.A.Ş.;İZMİR;ÇİĞLİ;Elektrik dagitim ve kontrol cihazlari imalati;(232) 376 81 07;3768208;info@uyanelektrik.com;http://www.uyanelektrik.com;uyanelektrik.com;10.024 SOKAK NO.14 ATATÜRK ORGANİZE SANAYİ BÖLGESİ
UYSAL MAKİNA SANAYİ İTHALAT İHRACAT VE TİC.A.Ş.;İZMİR;ÇİĞLİ;Metallerin isil islem ve anodlama, sertlestirme, v;(232) 328 19 13;3767613;info@norm-fasteners.com.tr;www.normcivata.com;normcivata.com;10.038 SOKAK NO:5 ATATÜRK ORGANİZE SANAYİ BÖLGESİ
UYSAL MAKİNA SANAYİ İTHALAT İHRACAT VE TİC.A.Ş. UYSAL-2 ŞUBESİ;İZMİR;ÇİĞLİ;;(232) 328 19 13;3767613;fatma.fidan@normcivata.com;http://www.uysalkaplama.com;uysalkaplama.com;10.037 SOKAK NO.8  ATATÜRK ORGANİZE SANAYİ BÖLGESİ
UZAY GÜVEN ENDÜSTRİYEL TASARIM MAK.SAN.VE TİC.LTD.ŞTİ.;İZMİR;ÇİĞLİ;;;;uzayguvenltd@gmail.com;http://www.uzayguven.com;uzayguven.com;10.026 SOKAK NO.10  ATATÜRK ORGANİZE SANAYİ BÖLGESİ
ÜN-SA GIDA MAKİNALARI TAKIM TEZGAHLARI  SAN. VE TİC. LTD. ŞTİ.;İZMİR;ÇİĞLİ;Gida, içecek ve tütün isleme makineleri imalati;(232) 376 75 40;3281810;info@unsa-makina.com.tr;http://www.unsa-makina.com.tr/;unsa-makina.com.tr;10.021 SOKAK NO.21  ATATÜRK ORGANİZE SANAYİ BÖLGESİ
ÜNAL BİNBİR;İZMİR;ÇİĞLİ;Gida ürünlerinin imalati;(232) 376 79 73;;;;;10.027 SOKAK NO:6   ATATÜRK ORGANİZE SANAYİ BÖLGESİ
ÜNAL BİNBİR;İZMİR;ÇİĞLİ;;;;hasibebinbir@hotmail.com;;;10.027 SOKAK NO:2  ATATÜRK ORGANİZE SANAYİ BÖLGESİ
ÜNAS EKMEK VE UNLU MAMÜLLER SAN.VE TİC.LTD.ŞTİ.;İZMİR;ÇİĞLİ;;(232) 464 99 99;4699957;info@aum.com.tr;www.aum.com.tr;aum.com.tr;10.010 SOKAK NO.10  ATATÜRK ORGANİZE SANAYİ BÖLGESİ
ÜNİTEKS TEKSTİL GIDA  SANAYİ DIŞ TİCARET A.Ş.;İZMİR;ÇİĞLİ;Dis giyim esyasi imalati, dokuma, örme (trikotaj) ;(232) 376 86 00;3767670;info@uniteks.com.tr;www.uniteks.com.tr;uniteks.com.tr;10.039 SOKAK NO.26 ATATÜRK ORGANİZE SANAYİ BÖLGESİ
ÜNİTEKS TEKSTİL GIDA  SANAYİ DIŞ TİCARET A.Ş.;İZMİR;ÇİĞLİ;;(232) 376 86 00;3767670;info@uniteks.com.tr;http://www.uniteks.com.tr;uniteks.com.tr;10.039 SOKAK NO:30 ATATÜRK ORGANİZE SANAYİ BÖLGESİ
ÜNİTEKS TEKSTİL GIDA  SANAYİ DIŞ TİCARET A.Ş.;İZMİR;ÇİĞLİ;;(232) 376 86 00;3767670;uniteks@uniteks.com.tr;http://www.uniteks.com.tr;uniteks.com.tr;10.006/1 SOKAK NO.2/4 ATATÜRK ORGANİZE SANAYİ BÖLGESİ
ÜNİVERSAL GÖZLÜK SAAT OPTİK ÜRÜNLERİ SAN.VE TİC.A.Ş.;İZMİR;ÇİĞLİ;;(232) 325 00 00;3281226;info@universaleyewear.com.tr;http://www.universaleyewear.com;universaleyewear.com;10.050 SOKAK NO.1 ATATÜRK ORGANİZE SANAYİ BÖLGESİ
ÜNİVERSAL KİMYA SANAYİ TİCARET A.Ş.;İZMİR;ÇİĞLİ;;(232) 328 02 02;3281226;info@universalkimya.com;www.universalkimya.com;universalkimya.com;10.042 SOKAK NO.2  ATATÜRK ORGANİZE SANAYİ BÖLGESİ
ÜNİVERSAL KİMYA SANAYİ TİCARET A.Ş.;İZMİR;ÇİĞLİ;;(232) 328 02 02;3281226;info@universalkimya.com.tr;www.universalkimya.com.tr;universalkimya.com.tr;10.050 SOKAK NO.7  ATATÜRK ORGANİZE SANAYİ BÖLGESİ
ÜNİVERSAL KİMYA SANAYİ TİCARET A.Ş.;İZMİR;ÇİĞLİ;;(232) 328 02 02;3281226;info@universalkimya.com;http://www.universalkimya.com;universalkimya.com;10.042 SOKAK NO.4  ATATÜRK ORGANİZE SANAYİ BÖLGESİ
ÜRPER GIDA SAN.VE TİC.A.Ş.;İZMİR;ÇİĞLİ;;(232) 632 11 25;6333091;fikret.urper@urper.com.tr;http://www.urper.com.tr;urper.com.tr;10.002 SOKAK NO.24  ATATÜRK ORGANİZE SANAYİ BÖLGESİ
ÜSTÜNEL POMPA VE MAKİNE SAN.TİC.A.Ş.;İZMİR;ÇİĞLİ;;(232) 376 72 50;3767255;ustunel@ustunel.com.tr;http://www.ustunel.com.tr;ustunel.com.tr;10.002 SOKAK NO.20 ATATÜRK ORGANİZE SANAYİ BÖLGESİ
ÜSTÜNEL POMPA VE MAKİNE SAN.TİC.A.Ş.;İZMİR;ÇİĞLİ;;(232) 376 72 50;3767255;ustunel@ustunel.com.tr;http://www.ustunel.com.tr;ustunel.com.tr;10.010 SOKAK NO.16 ATATÜRK ORGANİZE SANAYİ BÖLGESİ
VAHİT YILMAZ CAM İNŞ.VE MALZEMELERİ SAN.VE TİC.LTD.ŞTİ.;İZMİR;ÇİĞLİ;;(232) 328 01 36;;camba.cam@hotmail.com;http://;;10.032 SOKAK NO.21 ATATÜRK ORGANİZE SANAYİ BÖLGESİ
VAKIF KATILIM BANKASI A.Ş.;İSTANBUL;ÜMRANİYE;;;;;http://;;İNKILAP MAH. DR.ADNAN BÜYÜKDENİZ CAD.NO.10 
VANSA VANTİLATÖR SOĞUTMA ISITMA MAK.SAN.VE TİC. A.Ş.;İZMİR;ÇİĞLİ;Sogutma ve havalandirma donanimlarinin imalati, ev;(232) 376 87 00;3768576;imas@imasklima.com.tr;;;M.KEMAL ATATÜRK BUL. NO.29 ATATÜRK ORGANİZE SANAYİ BÖLGESİ
VANSAN MAKİNA SANAYİ VE TİCARET A.Ş.;İZMİR;ÇİĞLİ;;(232) 376 76 50;3280168;info@vansan.com.tr;http://www.vansan.com.tr;vansan.com.tr;10.039 SOKAK NO.28 ATATÜRK ORGANİZE SANAYİ BÖLGESİ
VANSAN MAKİNA SANAYİ VE TİCARET A.Ş.;İZMİR;ÇİĞLİ;Sivi pompalari ve sivi elevatörleri imalati (yakit;(232) 376 76 50;3280168;info@vansan.com.tr;www.vansan.com.tr;vansan.com.tr;10.035 SOKAK NO.10  ATATÜRK ORGANİZE SANAYİ BÖLGESİ
VELİ BIYIK;İZMİR;ÇİĞLİ;;;;biyiklar_metal@hotmail.com;http://;;10.015 SOKAK NO:5  ATATÜRK ORGANİZE SANAYİ BÖLGESİ
VENA TEKSTİL SANAYİ VE TİCARET A.Ş.;İZMİR;ÇİĞLİ;;(232) 329 03 00;3280459;info@vena.com.tr;http://www.vena.com.tr;vena.com.tr;10.000 SOKAK NO.30 ATATÜRK ORGANİZE SANAYİ BÖLGESİ
VERA PROJE TASARIM MAK.VE MÜH.SAN.TİC.LTD.ŞTİ.;İZMİR;ÇİĞLİ;;(232) 327 40 35;3274055;vera@veramakina.com.tr;http://www.veramakina.com.tr;veramakina.com.tr;10.000 SOKAK NO:26  ATATÜRK ORGANİZE SANAYİ BÖLGESİ
VERA YÜZEY KAPLAMA SİSTEMLERİ SAN.VE TİC.LTD.ŞTİ.;İZMİR;ÇİĞLİ;;(232) 290 81 74;(232) 290 81 75;vera@veramakina.com.tr;http://www.veramakina.com.tr;veramakina.com.tr;10.044 SOKAK NO:4  ATATÜRK ORGANİZE SANAYİ BÖLGESİ
VERBO BOYA KİMYA SAN VE TİC. A.Ş.;İZMİR;ÇİĞLİ;Diger boya, vernik ve ilgili ürünlerin imalati (re;(232) 376 73 10;3767311;verbo@verbo.com.tr;www.verbo.com.tr;verbo.com.tr;M.KEMAL ATATÜRK BUL. NO.20  ATATÜRK ORGANİZE SANAYİ BÖLGESİ
VETRA PACKAGİNG PLASTİK SANAYİ VE TİCARET A.Ş.;İZMİR;ÇİĞLİ ;Plastik poset, çöp torbasi, çanta, torba, çuval, f;3280400;;muhasebe@vetrapackaging.com;http://;;10.044 SOKAK NO.10  ATATÜRK ORGANİZE SANAYİ BÖLGESİ
VİLTUR VİLLASARAY TURİZM İNŞAAT VE TİC.A.Ş.;İZMİR;ÇİĞLİ;Ikamet amaçli binalarin insaati (müstakil konutlar;(232) 484 65 88;4452094;melda.yavuz@viltur.com.tr;;;M.KEMAL ATATÜRK BUL. NO.49 ATATÜRK ORGANİZE SANAYİ BÖLGESİ
VOLTEKS TEKSTİL ÜRÜNLERİ TURZ.SAN.VE TİC.LTD.ŞTİ.;İZMİR;ÇİĞLİ;Diger dis giyim esyalari imalati;(232) 461 81 71;4867642;voltekstextil@gmail.com;http://;;10.041 SOKAK NO.7 ATATÜRK ORGANİZE SANAYİ BÖLGESİ
VULKAN MÜHENDİSLİK MAK.İNŞ.TARIM GIDA ÜRÜNLERİ PAZ.TİC.VE SAN.A.Ş.;İZMİR;ÇİĞLİ;Maden, tas ocagi ve insaat makineleri imalati;05067473343;;info@vulkan-mfg.com;http://www.sierra-industrial.com.tr;sierra-industrial.com.tr;M.KEMAL ATATÜRK BUL. NO:21 ATATÜRK ORGANİZE SANAYİ BÖLGESİ
YAKAMOZ YAĞ SAN.VE TİC. A.Ş.;İZMİR;ÇİĞLİ;;(232) 398 50 00;08502289243;;http://;;10.035 SOKAK NO:7 ATATÜRK ORGANİZE SANAYİ BÖLGESİ
YAKAMOZ YAĞ SAN.VE TİC. A.Ş.;İZMİR;ÇİĞLİ;;(232) 398 50 00;08502289243;;http://;;10.039 SOKAK NO:6 ATATÜRK ORGANİZE SANAYİ BÖLGESİ
YAKAMOZ YAĞ SAN.VE TİC. A.Ş.;İZMİR;ÇİĞLİ;;(232) 398 50 00;08502289243;;http://;;10.035 SOKAK NO:8 ATATÜRK ORGANİZE SANAYİ BÖLGESİ
YAMAN PETROL SAN.VE TIC.LTD.STI.;İZMİR;ÇİĞLİ;Petrolden madeni yaglarin (yaglama ve makine yagla;(232) 376 76 55;3767657;info@yamanpetrol.com;;;10.006/1 SOKAK NO.43    ATATÜRK ORGANİZE SANAYİ BÖLGESİ
YAPISET YALITIM YAPI MALZEMELERİ İNŞ.SAN.VE TİC.A.Ş.;İZMİR;ÇİĞLİ;;(232) 345 77 77;;info@yapisetyalitim.com;http://www.yapiset.com.tr;yapiset.com.tr;10.037 SOKAK NO.11 ATATÜRK ORGANİZE SANAYİ BÖLGESİ
YARGI ÇELİK SERVİS MER.LOJ.İNŞ.MAK.SAN.TİC.LTD.ŞTİ;İZMİR;ÇİĞLİ;Sogutma ve havalandirma donanimlarinin imalati, ev;(232) 328 00 01;3280003;novella35@hotmail.com;;;10.040 SOKAK NO:19 ATATÜRK ORGANİZE SANAYİ BÖLGESİ
YAŞAR MURAT;İZMİR;ÇİĞLİ;Hamur tatlilari imalati (tatlandirilmis kadayif, l;(232) 328 21 60;3282163;merkez@agam.com.tr;www.agam.com.tr;agam.com.tr;10.022 SOK. NO.9  ATATÜRK ORGANİZE SANAYİ BÖLGESİ
YAŞAR MURAT;İZMİR;ÇİĞLİ;;(232) 328 21 60;3282163;;;;10.002 SOKAK NO:19  ATATÜRK ORGANİZE SANAYİ BÖLGESİ
YAVUZ ÖZTÜRKBAY - ÖZTÜRKBAY KAHVE DEĞİRMENLERİ;İZMİR;ÇİĞLİ;;(232) 478 55 34;4784218;info@ozturkbay.com;www.ozturkbay.com;ozturkbay.com;M.KEMAL ATATÜRK BLV.NO:19 ATATÜRK ORGANİZE SANAYİ BÖLGESİ
YELKENBİÇER PETROL ÜRÜNLERİ TİC.VE SAN.A.Ş.;İZMİR;ÇİĞLİ;;(232) 388 09 18;3399146;tayfun@yelkenbicer.com;;;10.006/1 SOKAK NO.22 ATATÜRK ORGANİZE SANAYİ BÖLGESİ
YENİEGE KONFEKSİYON VE BİLGİSAYAR ELEKTRONİK ÜRÜN.MALZ.PAZ.SAN.VE TİC.A.Ş.;İZMİR;ÇİĞLİ;;(232) 431 17 77;4311650;info@yeniegekonfeksiyon.com;;;10.015 SOKAK NO.11 ATATÜRK ORGANİZE SANAYİ BÖLGESİ
YETKİN AMBALAJ SAN.VE TİC.LTD.ŞTİ.;İZMİR;ÇİĞLİ;;(232)  290 09 63;2900964;info@varko.com.tr;http://www.varko.com.tr;varko.com.tr;10.044 SOKAK NO:6  ATATÜRK ORGANİZE SANAYİ BÖLGESİ
YILDIRIMLAR GRUP İHTİYAÇ MADDELERİ GIDA VE TURZ.TİC.A.Ş.;İZMİR;ÇİĞLİ;;(232) 472 03 10;4721241;yildirimlar@yildirimlargroup.com.tr;www.yildirimlargroup.com.tr;yildirimlargroup.com.tr;10.006/1 SOKAK NO.24 ATATÜRK ORGANİZE SANAYİ BÖLGESİ
YİĞİT MEFRUŞAT İPLİK DESEN VE NAKIŞ SAN.TİC.LTD.ŞTİ.;İZMİR;ÇİĞLİ;;(232) 336 64 80;3366490;;;;10.040 SOKAK NO.3  ATATÜRK ORGANİZE SANAYİ BÖLGESİ
YKK METAL VE PLASTİK ÜRÜNLERİ SAN.VE TİC.A.Ş.;İZMİR;ÇİĞLİ;;(232) 441 11 40;4411545;trykk@ykk.com.tr;http://www.ykk.com.tr;ykk.com.tr;10.006/1 SOKAK NO:35  ATATÜRK ORGANİZE SANAYİ BÖLGESİ
YORPLAST YORGANCILAR PLASTİK SAN.VE TİC. A.Ş.;İZMİR;ÇİĞLİ;Plastikten mandal, aski, sünger, sabunluk, tarak, ;(232) 376 80 60;3768060;info@yorplast.com;;;10.023 SOKAK NO.13 ATATÜRK ORGANİZE SANAYİ BÖLGESİ
YORPLAST YORGANCILAR PLASTİK SAN.VE TİC. A.Ş.;İZMİR;ÇİĞLİ;Plastikten mandal, aski, sünger, sabunluk, tarak, ;(232) 376 80 60;;ssyorgancilar@hotmail.com;;;10.023 SOKAK NO.11 ATATÜRK ORGANİZE SANAYİ BÖLGESİ
YUSUF FURUNDAOTURAN;İZMİR;ÇİĞLİ;Plastik torba, çanta, poset, çuval, kutu, damacana;(232) 376 79 68;3768076;yusuffurundaoturan@hotmail.com;www.gucsan.com.tr;gucsan.com.tr;10.040 SOKAK NO:11 ATATÜRK ORGANİZE SANAYİ BÖLGESİ
YÜKSEL TEZCAN GIDA SAN.VE TİC.A.Ş.;İZMİR;ÇİĞLİ;;(232) 846 19 00;8461475;info@tezcanun.com;http://www.tezcanun.com;tezcanun.com;10.013 SOKAK NO:10 ATATÜRK ORGANİZE SANAYİ BÖLGESİ
ZELİHA KILINÇ/ANŞA ECEM KILINÇ GÜMÜŞAY/ZEYNEP KILINÇ/İREM KILINÇ;İZMİR;ÇİĞLİ;;;;;http://;;10.041 SOKAK NO:8  ATATÜRK ORGANİZE SANAYİ BÖLGESİ
ZF LEMFÖRDER AKS MODÜLLERİ SAN.TİC.A.Ş.;İZMİR;ÇİĞLİ;Motorlu kara tasitlari için diger parça ve aksesua;(232) 398 13 00;3981391;"zfaks.info@zf.com;selen.sivriler@zf.com";http://www.zf.com;zf.com;10.003 SOKAK NO:13 ATATÜRK ORGANİZE SANAYİ BÖLGESİ
ZİRAAT KATILIM BANKASI A.Ş.;İSTANBUL;ÜMRANİYE;;(232) 376 84 40;3768439;;http://www.ziraatkatilim.com.tr;ziraatkatilim.com.tr;FİNANSKENT MAH.FİNANS CAD.B BLOK NO.44 B, İÇKAPI NO.29 
ZİRAAT KATILIM BANKASI A.Ş.;İSTANBUL;ÜMRANİYE;;;;;http://www.ziraatkatilim.com.tr;ziraatkatilim.com.tr;FİNANSKENT MAH.FİNANS CAD.B BLOK NO.44 B, İÇKAPI NO.29 
ZİRAAT KATILIM BANKASI A.Ş.;İSTANBUL;FATİH;;;;;http://www.ziraatkatilim.com.tr;ziraatkatilim.com.tr;HOBYAR MAH.HAYRİ EFENDİ CAD.NO.12 BAHÇEKAPI
ZİRAAT KATILIM BANKASI A.Ş.;İZMİR;KONAK;;;;;http://www.ziraatkatilim.com.tr;ziraatkatilim.com.tr;YENİŞEHİR MAH.GAZİLER CAD.NO.355A
ZİRAAT KATILIM BANKASI A.Ş.;İSTANBUL;ÜMRANİYE;;;;;http://www.ziraatkatilim.com.tr;ziraatkatilim.com.tr;FİNANSKENT MAHALLESİ FİNANS CADDESİ B BLOK NO:44B İÇ KAPI NO:29 
ZİTRON HAVALANDIRMA SİSTEMLERİ TİC.LTD.ŞTİ.;İZMİR;ÇİĞLİ;;(232) 270 23 80;;info@zitron.com.tr;http://www.zitron.com;zitron.com;10.053 SOKAK NO.4 ATATÜRK ORGANİZE SANAYİ BÖLGESİ
ZORMAK BALANSROT BİLGİSAYAR VE MÜHENDİSLİK SAN.LTD.ŞTİ.;İZMİR;ÇİĞLİ;Motorlu kara tasitlari için diger parça ve aksesua;(232) 363 63 04;;marketing@zormak.com.tr;http://www.zormak.com.tr;zormak.com.tr;10.025 SOKAK NO.6 ATATÜRK ORGANİZE SANAYİ BÖLGESİ