firma_adi;adres;sehir;ilce;telefon;website;domain;birlik
ORTAK DIŞ TIC.LTD.ŞTI.;Istoç 28.Ada No:8828.ADA NO:88;İSTANBUL;BAĞCILAR;(212) 6596449;;;İİB-YAŞ MEYVE
4KA DIŞ TİCARET VE GLOBAL SANAYİ TİCARET LİMİTED ŞİRKETİ;KOCATEPE MAHALLESİ GÜMRÜK İSKELE A BLOK MEGA CENTER NO:89;İSTANBUL;BAYRAMPAŞA;(212) 0000000;;;İİB-YAŞ MEYVE
UNI VİZYON DIŞ TİC.LTD.ŞTİ;YEŞİLKÖY MAH. BOSTAN SOK  A NO.15 İÇ KAPI  6;İSTANBUL;BAKIRKÖY;(212) 6824585;;;İİB-YAŞ MEYVE
YONCA GIDA SANAYİ İŞLETMELERİ İÇ VE DIŞ TİCARET ANONİM ŞİRKETİ;KOCATEPE MAH. YAĞ İSKELESİ CAD. MEGA CENTER SİTESİ C BLOKLAR C30  BLOK NO:21 İÇ KAPI NO:17;İSTANBUL;BAYRAMPAŞA;(236) 2332520;https://www.yonca.com.tr/;yonca.com.tr;İİB-YAŞ MEYVE
RAMMİ FOOD GIDA SERVİS HİZ.TİC.A.Ş.;ALEMDAĞ MAH.HAVACILAR CAD.NO:31/1;İSTANBUL;ÇEKMEKÖY;(216) 5920900;;;İİB-YAŞ MEYVE
SPECİAL GRUP GIDA TİC.LTD.ŞTİ;AKEVLER MAH. 1051 SOK FAMİLYA A BLOK NO:15/21B;İSTANBUL;ESENYURT;(212) 0000000;;;İİB-YAŞ MEYVE
KİBAR DIŞ TİCARET ANONİM ŞİRKETİ;TERSANE CAD. IŞIK İŞ MRKZ. NO:92 K:2-3-4;İSTANBUL;BEYOĞLU;(212) 2564970;www.kibarholding.com;kibarholding.com;İİB-YAŞ MEYVE
ENPA  İTH.İHR.VE GIDA AMBALAJ SAN. TİC. LTD. ŞTİ.;KARADENİZLİLER MAH. KULLAR CAD. NO:361;KOCAELI;BAŞİSKELE;(262) 3493230;www.enpagida.com;enpagida.com;İİB-YAŞ MEYVE
BAYRAKTAR GROUP DANIŞMANLIK GIDA KUYUMCULUK İTHALAT İHRACAT LTD ŞTİ;MOLLA FENERİ MAHALLESİ ŞEREFEFENDİ SOKAKŞEREFHAN NO 42 KAT 2 DÜKKAN NO 216;İSTANBUL;FATİH;(212) 0000000;;;İİB-YAŞ MEYVE
DANIŞ GİYİM DIŞ TİC. VE SAN. LTD. ŞTİ. ;KEMALPAŞA MAH. FETHİ BEY CAD. NO:39 LALELİ İSTANBUL;İSTANBUL;FATİH;(212) 5185499;www.danisgroup.com;danisgroup.com;İİB-YAŞ MEYVE
AVS KÜRESEL GEMİ TEDARİĞİ VE YÖNETİMİ AŞ;SOĞANLIK YENİ MH PAMUKKALE SK NO:2;İSTANBUL;KARTAL;(216) 5910849;www.avsglobalsupply.com;avsglobalsupply.com;İİB-YAŞ MEYVE
BAHÇECİ NATRON İNŞAAT TURİZM GIDA MEDİKAL ÜRÜNLERİ SANAYİ TİCARET ANONİM ŞİRKETİ;ALTUNİZADE MAH. MAHİR İZ CAD. NO: 31 İÇ KAPI NO: 5;İSTANBUL;ÜSKÜDAR;(212) 2748484;;;İİB-YAŞ MEYVE
VENUS İSTANBUL DIŞ TİCARET LİMİTED ŞİRKETİ;MALTEPE MAHALLESİ ESKİ ÇIRPICI YOLU SOKAK PARİMA AAPT NO:8/180 ;İSTANBUL;ZEYTİNBURNU;;;;İİB-YAŞ MEYVE
ENKA İNŞ.VE SAN.A.Ş;BALMUMCU BESTEKAR ŞEVKİBEY SOKENKA 1 BİNASI;İSTANBUL;BEŞİKTAŞ;(212) 2742540;;;İİB-YAŞ MEYVE
SEDEF GIDA MADDELERI VE TIC. LTD. ŞTI.;KERİM ÇAVUŞ CAD. NARLIBAHÇE S.NO:15;İSTANBUL;BAHÇELİEVLER;(212) 5064693;;;İİB-YAŞ MEYVE
ORTAÇLAR ELEKTRİK SAN. VE TİC. LTD. ŞTİ.;İBNİ SİNA CADESİ HADIMKÖY MAH N:9;İSTANBUL;ARNAVUTKÖY;(212) 8581900;www.ortaclar.com.tr;ortaclar.com.tr;İİB-YAŞ MEYVE
ALTUNPUL TARIM ÜRÜNLERİ TİC.LTD.ŞTİ;MERKEZ MAH. NO:501 ;İSTANBUL;BAYRAMPAŞA;(212) 6402143;;;İİB-YAŞ MEYVE
SARTEN AMBALAJ SANAYİ VE TİCARET ANONİM ŞİRKETİ;SEMIZKUMLAR KINALI MEVKII;İSTANBUL;SİLİVRİ;02122757660;;;İİB-YAŞ MEYVE
ŞÖLEN ÇİKOLATA GIDA SAN.VE TİC .A.Ş.;ORTAKÖY MAH. HARBİYE CAD. NO:33SİLİVRİ;İSTANBUL;SİLİVRİ;(212) 8675800;www.solen.com.tr;solen.com.tr;İİB-YAŞ MEYVE
EKOM ECZACIBAŞI DIŞ TİCARET ANONİM ŞİRKETİ;BÜYÜKDERE CAD. ALİ KAYA SK. NO:5 KAT:6;İSTANBUL;ŞİŞLİ;(212) 3399000;;;İİB-YAŞ MEYVE
EURO GIDA SANAYİ VE TİCARET A.Ş.;HİSAR CD SETÜSTÜ SK NO 2;İSTANBUL;BEYKOZ;(216) 4656378;;;İİB-YAŞ MEYVE
CLARIANT (TÜRKİYE) BOYA KİMYEVİ MADDELER VE MADENCİLİK SAN. VE TİC. AŞ;GOS BÖLGESİ İHSAN DEDE CAD. NO:143 ;KOCAELI;GEBZE;(262) 6737373;;;İİB-YAŞ MEYVE
TML İNŞAAT ANONİM ŞİRKETİ;ÇAVUŞBAŞI CAD. NO:33;İSTANBUL;BEYKOZ;216-4133339;;;İİB-YAŞ MEYVE
KOÇBEY SU VE MEŞRUBAT PAZ.SAN.TİC.A.Ş;GÜLDİBİ MAH.GÜNDOĞDU CAD. NO:10;SAKARYA;SAPANCA;(264) 5828600;www.fuska.com.tr;fuska.com.tr;İİB-YAŞ MEYVE
SARBAY GIDA EĞİTİM GİYİM ÇELİK ORMAN ÜRÜNLERİ SANAYİ VE TİCARET LİMİTED ŞİRKETİ;BARBAROS MAHALLESİ AL ZAMBAK SOKAK VARYAP MERIDIAN A BLOK GRAND TOWER APARTMANI NO:2/178;İSTANBUL;ATAŞEHİR;;www.sarbayihracat.com.tr;sarbayihracat.com.tr;İİB-YAŞ MEYVE
DOĞUŞ ÇAY VE GIDA MAD.ÜRT.PAZ. İTH.İHR.A.Ş.; RAMAZANOĞLU MAH.SANAYİ CAD. N.24;İSTANBUL;PENDİK;(452) 2339999;www.doguscay.com.tr;doguscay.com.tr;İİB-YAŞ MEYVE
SPC DANIŞMANLIK İÇ VE DIŞ TİC.LTD.ŞTİ;B.CAMİ MAH. EFES BULVARI NO:46 ;EDIRNE;KEŞAN;(284) 7149742;www.spcimportexport.com;spcimportexport.com;İİB-YAŞ MEYVE
KRİSTAL LALE TARIM ELEKTRONİK İÇ VE DIŞ TİC LTD ŞTİ.;"BATIŞEHİR CAD.BATIŞEHİR K BLOK2/2 115 GÖZTEPE 34220 BAĞCILAR, İ";İSTANBUL;BAĞCILAR;(212) 8015958;;;İİB-YAŞ MEYVE
ÖZMETİN GIDA TEKSTİL İTHALAT İHRACAT LİMİTED ŞİRKETİ;CEDİDİYE MAH. DERE SK. NO: 2 İÇ KAPI NO: 7;DÜZCE;MERKEZ;(380) 0000000;;;İİB-YAŞ MEYVE
FERRERO TÜRKİYE ÇİKOLATA VE TARIM ÜRÜNLERİ SAN. VE DIŞ TİC. A.Ş.;ORG.SAN.BÖL.V KISIM FERRERO CAD.NO:3;MANISA;YUNUS EMRE;(236) 2266200;www.ferrero.com.tr;ferrero.com.tr;İİB-YAŞ MEYVE
ASE PLASTIK SANAYI VE TICARET A.Ş.;İSTANBUL TUZLA KİMYA SAN. ORG.SAN. BÖL.MELEKARAS BUL.NO.16;İSTANBUL;TUZLA;(216) 5930320;www.asepack.com;asepack.com;İİB-YAŞ MEYVE
NİMBUS GIDA SANAYI VE TİCARET LİMİTED ŞİRKETİ;KEMALPAŞA MAH. 48.SOK.NO:2;SAKARYA;SERDİVAN;(264) 2787929;https://nimbusfood.com.tr/;nimbusfood.com.tr;İİB-YAŞ MEYVE
PAMUKKALE ŞARAPÇILIK PAZARLAMA TİCARET ANONİM ŞİRKETİ;TİLKİLİK MAH.ŞEHİTLİ SK.NO:30KOCATEPE MAH. MEGA CENTER GIDA ÇARŞISI C BLOK N0:62 BAYRAMPAŞA-İSTANBUL ;DENIZLI;GÜNEY;(212) 6402975;;;İİB-YAŞ MEYVE
WEST ANATOLIA GIDA SANAYİ VE TİCARET LİMİTED ŞİRKETİ;İZZET PAŞA MAH. YENİ YOL CAD. NO:3 İÇ KAPI NO:336;İSTANBUL;ŞİŞLİ;(212) 0000000;http://bunyamin.mrl@westanatolia.com;westanatolia.com;İİB-YAŞ MEYVE
NESTLE TÜRKİYE GIDA SAN. AŞ;*TOROS BİNASI;İSTANBUL; ;(212) 2812200;;;İİB-YAŞ MEYVE
HATKİM KİMYA SANAYİ VE DIŞ TİCARET ANONİM ŞİRKETİ;KASAP SOK.NO:16 A BLOK D.34;İSTANBUL; ;(212) 2758835;;;İİB-YAŞ MEYVE
KAYRA PAZARLAMA GIDA İTH.İHR VE SAN .TİC.LTD.ŞTİ;İKİTELLİ OSB MAH. ATATÜRK OTO SAN. SİT SOK NO 608 ;İSTANBUL;BAŞAKŞEHİR;(212) 6400651;;;İİB-YAŞ MEYVE
DANONE TIKVEŞLI GIDA VE IÇECEK SAN.VE TIC.A.Ş.;KÜÇÜKBAKKALKÖY MAH. VEDAT GÜNYOL CAD. DEFNE SOK. NO:3 BÜYÜKHANLI PLAZA B BLOK K:13;İSTANBUL;ATAŞEHİR;(216) 5389868;www.danone.com.tr;danone.com.tr;İİB-YAŞ MEYVE
DÖHLER GIDA SANAYİ ANONİM ŞİRKETİ;CEVİZLİ MH ZUHAL CD A/3 BLOK NO:46/182;İSTANBUL;MALTEPE;(216) 5456868;www.dohler.com.tr;dohler.com.tr;İİB-YAŞ MEYVE
SIRMA GRUP İÇECEK SAN VE TIC A.Ş;KÜÇÜKBAKKALKÖY MAH.VEDAT GÜNYOL CAD. DEFNE SOK.NO:3 BÜYÜKHANLI PLAZA B BLOK K:11  ;İSTANBUL;ATAŞEHİR;(216) 5442700;www.sirmagrup.com;sirmagrup.com;İİB-YAŞ MEYVE
İNTERVO DIŞ TİCARET VE MÜMESSİLLİK LİMİTED ŞİRKETİ;ETİLER NİSPETİYE CAD.AKMERKEZİŞ MERK.B3 BLOK KAT:1;İSTANBUL;BEŞİKTAŞ;(212) 2821900;www.intervoltd.com;intervoltd.com;İİB-YAŞ MEYVE
ROYAL FOODS GIDA MADDELERİ İTHALAT İHRACAT SANAYİ VE TİCARET ANONİM ŞİRKETİ;KULOĞLU MAH.GAZETECİ EROL DERNEK SK.YENİ MELEK İŞ HANI NO:17/1 PK:34200;İSTANBUL;BEYOĞLU;(212) 2472112;www.royalfoods.com.tr;royalfoods.com.tr;İİB-YAŞ MEYVE
LEZZET GURME GIDA TİC. VE İHR. A.Ş;ABDURRAHMAN NAFİZ GÜRMAN MAH. MURATLI SOK KAYHAN APT NO:27/13;İSTANBUL;GÜNGÖREN;(212) 0000000;;;İİB-YAŞ MEYVE
MARDEM GLOBAL DIŞ TİCARET LİMİTED ŞİRKETİ;CUMHURİYET MAH. D-100 KRYL ADM KONAKLAMA OUTLET PRK N.374/63;İSTANBUL;BÜYÜKÇEKMECE;(212) 0000000;;;İİB-YAŞ MEYVE
YÜCELBORU İHRACAT İTHALAT VE PAZARLAMA ANONİM ŞİRKETİ;RIHTIM CAD. NO:44;İSTANBUL;KADIKÖY;0-216-4181000;;;İİB-YAŞ MEYVE
EMİR BEY GRUP GIDA TARIM DIŞ TİCARET LİMİTED ŞİRKETİ;AHİNTEPE MAH. LALEZAR SK. İGTOT (İSTANBUL GIDA TOPTANCILAR ÇARŞISI) 3B BLOK NO: 4 F İÇ KAPI NO: Z;İSTANBUL;BAŞAKŞEHİR;(212) 0000000;;;İİB-YAŞ MEYVE
RA-KA İTHALAT İHRACAT İNŞAAT SANAYİ TİCARET LİMİTED ŞİRKETİ;19 MAYIS MH.19 MAYIS CD.DR.ISMET ÖZTÜRK SK.N:8 ŞAHIN APT.;İSTANBUL; ;(212) 2179098;;;İİB-YAŞ MEYVE
AKDENIZ YAŞ GIDA VE KONSERVECILIK SAN.VE TIC.LTD.ŞTI.;FIRUZAĞA MAH. KADİRLER YOKUŞUNO:34 D:1;İSTANBUL;BEYOĞLU;(212) 2920021;;;İİB-YAŞ MEYVE
SARIKIZ DOĞAL KAYNAK SULARI GIDA SAN VE TİC AŞ;KOCATEPE M YAĞ İSKELESİ C MEGA CENTER 31/C NO4NO:4/ 518;İSTANBUL;BAYRAMPAŞA;(212) 4372400;www.sarikiz.com.tr;sarikiz.com.tr;İİB-YAŞ MEYVE
DOĞKAR GIDA MADD. ÜRETİM SAN VE TİC.A.Ş;KÖSEKÖY MAHALLESİ İSTİKLAL CAD. NO: 31;KOCAELI;KARTEPE;(262) 3732041;;;İİB-YAŞ MEYVE
CEEY GIDA SANAYİ VE TİCARET LİMİTED ŞİRKETİ;GÜMÜŞSUYU MAH. İNÖNÜ CAD. SAADET APARTMANI NO:29 İÇ KAPI NO: 7;İSTANBUL;BEYOĞLU;(212) 0000000;;;İİB-YAŞ MEYVE
KALİNKO GROUP İNŞAAT SANAYİ İÇ VE DIŞ TİC.LTD.ŞTİ;HASEKİ SULTAN MAH. DR.ADIVAR CAD. NO:12/10 ;İSTANBUL;FATİH;(212) 5226902;;;İİB-YAŞ MEYVE
ICOOL TRADE GIDA TEMIZLIK KOZMETIK IÇ VE DIS TICARET LIMITED SIRKETI;MAHMUTBEY MAH. TASOCAGI YOLU CAD. POLAT TOWER NO: 1 IÇ KAPI NO: 96;İSTANBUL;BAĞCILAR;(212) 0000000;;;İİB-YAŞ MEYVE
ANADOLU EFES BİRACILIK VE MALT SANAYİ ANONİM ŞİRKETİ;FATİH SULTAN MEHMET MAHALLESİ BALKAN CAD. BU KAYA E BLOK NO:58/23                    ;İSTANBUL;ÜMRANİYE;(212) 4493600;www.anadoluefes.com;anadoluefes.com;İİB-YAŞ MEYVE
ERMAK GIDA SANAYİ VE TİCARET LTD.ŞTİ;TAHTAKELE MAHALLESİ FIRAT 1 CADDESİ NO:6 İÇ KAPI NO:158;İSTANBUL;AVCILAR;(212) 0000000;;;İİB-YAŞ MEYVE
ENKA PAZ.İHR.İTH.A.Ş.;İSTASYON MH.ARAPLAR CD.NO.6;İSTANBUL;TUZLA;02163951777;;;İİB-YAŞ MEYVE
DURKARSA İNŞAAT SANAYİ VE TİCARET LİMİTED ŞİRKETİ;BAĞLAR MH.49. SK. NO:34 D:31;İSTANBUL;BAĞCILAR;(212) 0000000;;;İİB-YAŞ MEYVE
MERTER HELVA. SAN VE TIC. A.Ş.;AMBARLI KAVŞAĞI CİHANGİR MAH.ŞEHİT ZAFER SOKAK;İZMİR;Avcılar;;www.koska.com;koska.com;İİB-YAŞ MEYVE
FATEKS DIŞ TİC. VE PAZ. LTD. ŞTİ.;RIHTIM C.REŞİTEFENDİ SK.SADIKOĞLU İŞ MERK.NO.29 K.3 D.12;İSTANBUL;KADIKÖY;(216) 3475016;;;İİB-YAŞ MEYVE
ŞENKARDEŞ GIDA SAN. VE TİC. LTD. ŞTİ.;HANLIKÖY MAH. ESKİŞEHİR CD. NO:123;SAKARYA;ARİFİYE;(264) 2764760;www.senkardes.com.tr;senkardes.com.tr;İİB-YAŞ MEYVE
SOLAK DIŞ TİC.İTH.İHR.GIDA TARIM İNŞ. NAKL.TURİZM SAN VE TİC. A.Ş;KUZEYKENT MAH. ERGÜN SOK NO:2E/2;KASTAMONU;MERKEZ;(366) 2121647;;;İİB-YAŞ MEYVE
DONİPA GIDA ÜRETİM VE PAZARLAMA ANONİM ŞİRKETİ;MERVE MAH.UZUNGÖL CAD.NUMARA:8;İSTANBUL;SANCAKTEPE;(216) 5920600;www.donipa.com.tr;donipa.com.tr;İİB-YAŞ MEYVE
ATLAS SHIP SUPPLY GEMİ TEDARİK HİZMETLERİ TİCARET ANONİM ŞİRKETİ;DEFTERDAR MAH.OTAKÇILAR CAD. NUMARA:60/A;İSTANBUL;EYÜP;(212) 6139110;www.atlasshipsupply.com;atlasshipsupply.com;İİB-YAŞ MEYVE
SÖNMEZLER AGROTAR TAR.GIDA SAN. VE TİC.A.Ş.;KARATAŞ YOLU ÜZERİ 10 KM.;ADANA;YÜREĞİR;(322) 3340144;www.sonmezlergida.com.tr;sonmezlergida.com.tr;İİB-YAŞ MEYVE
SERAS LOJİSTİK GIDA DAĞITIM VE DEPOLAMA HİZMETLERİ SANAYİ TİCARET LİMİTED ŞİRKETİ;YENİDOĞAN MAHALLESİ HATTAT SK. NO: 35;İSTANBUL;SANCAKTEPE;(216) 6227029;http://www.seraslojistik.com;seraslojistik.com;İİB-YAŞ MEYVE
ANADOLU ETAP DIŞ TİC.AŞ;FATİH SULTAN MEHMET MAH. BALKAN CAD. BU YAKA E BLOK NO:58;İSTANBUL;ÜMRANİYE;(216) 5788700;www.anadoluetap.com;anadoluetap.com;İİB-YAŞ MEYVE
DESTEK MEKANİK İNŞAAT SAN. TİC. LTD. ŞTİ.;HAMİDİYE MAH. HALAY SK. NO:7/5;İSTANBUL;KAĞITHANE;(212) 4857285;;;İİB-YAŞ MEYVE
MERTAŞ TOPLU TÜK.GI.İNŞ.TEKS.TUR.OTO SAN.VE TİC.LT;KARADENİZ MAH ÇAKIRCALI CAD NO 24 İÇ KAPI NO :B;İSTANBUL;GAZİOSMANPAŞA;(212) 6033535;;;İİB-YAŞ MEYVE
EUROPE ELİTE SANAYİ DIŞ TİC. TURİZM  VE LOJİSTİK LTD.ŞTİ.;MOLLA GÜRANİ MAHALLE ŞEHİT PİLOT MAHMUT NEDİM SOKAK NO:1  NO:44 KAT:4 ;İSTANBUL;FATİH;(212) 6215819;;;İİB-YAŞ MEYVE
ARSLANLAR TEKS. VE İNŞ. SAN. DIŞ TİC. LTD. ŞTİ. ;MİTHATPAŞA CD. YALÇIN İŞ MRK. NO:38/5;İSTANBUL;FATİH;;;;İİB-YAŞ MEYVE
BALIZE GIDA TICARET LIMITED SIRKETI;SIYAVUSPASA MAH. IHLAMUR SK. NO: 20 IÇ KAPI NO: 6;İSTANBUL;BAHÇELİEVLER;(212) 0000000;;;İİB-YAŞ MEYVE
BABİL GARDEN İÇ DIŞ TİCARET LİMİTED ŞİRKETİ;YEŞİLBAĞLAR MAH. D 100 BLV. PENDİK PERA RESIDENCEA BLOK NO: 20 İÇ KAPI NO: 29;İSTANBUL;PENDİK;(216) 0000000;;;İİB-YAŞ MEYVE
BOSPHORUS PARTNERSHİP DIŞ TİCARET GIDA VE LOJİSTİK LİMİTED ŞİRKETİ;MERKEZ MAH. HASAT SK. NO: 10 İÇ KAPI NO: 4;İSTANBUL;ŞİŞLİ;(224) 2435243;;;İİB-YAŞ MEYVE
YAŞAR DIŞ TİC.A.Ş;GAZIOSMANPASA BULV.BATI ISH.10/1KAT3-4-5;İZMİR;KONAK;02324890121;www.yasardis.com.tr;yasardis.com.tr;İİB-YAŞ MEYVE
ABBASLAR GRUP TEMİZLİK VE TİC LTD ŞTİ;NURİPAŞA MH 13 SK NO 43-45 D 9;İSTANBUL;ZEYTİNBURNU;;;;İİB-YAŞ MEYVE
UNG PLUS GIDA LOJİSTİK İNŞAAT DIŞ TİCARET ANONİM ŞİRKETİ;HALASKARGAZİ MAH. HALASKARGAZİ CAD. NO 18 KAT :4;İSTANBUL;ŞİŞLİ;(212) 2913669;;;İİB-YAŞ MEYVE
GLOBAL ANATOLİA DIŞ TİCARET LİMİTED ŞİRKETİ;BEYLİKDÜZÜ OSB MAH. ORKİDE CAD. NO.3 İÇ KAPI NO.2;İSTANBUL;BEYLİKDÜZÜ;(212) 0000000;;;İİB-YAŞ MEYVE
GIZLAN DIŞ TİC. LTD. ŞTİ. ;ŞENLİKKÖY MH.ORMAN CD.ŞEHİTAHMET ERSOY SK.NO:2/2;İSTANBUL;AVCILAR;(212) 6635533;;;İİB-YAŞ MEYVE
EZGİ MEFRUŞAT TEKSTİL SANAYİ VE TİCARET LİMİTED ŞİRKETİ;1.IMÇ 1.BLOK NO.1242;İSTANBUL; ;(212) 5261263;;;İİB-YAŞ MEYVE
ÇAĞ ÇELİK DEMİR VE ÇELİK ENDÜSTRİ ANONİM ŞİRKETİ;DES SAN. SIT 106. SOK B. BLOK NO:12;İSTANBUL; ;(216) 4203853;;;İİB-YAŞ MEYVE
AYDOĞAN PORSELEN SERAMİK CAM SANAYİ VE DIŞ TİCARET LİMİTED ŞİRKETİ;TOKATKÖY MAH. DOĞANYOL ÇIKMAZI SK. NO:8 DAİRE:A ;İSTANBUL;BEYKOZ;(216) 3230150;www.rainbowcrytal.com.tr;rainbowcrytal.com.tr;İİB-YAŞ MEYVE
ANADOLU ETAP PENKON GIDA VE İÇECEK ÜRÜNLERİ SANAYİ VE TİC.A.Ş.;FATİH SULTAN MEHMET MAHALLESİ BALKAN CADNO:58 BUYAKA E BLOK KAT:4;İSTANBUL;ÜMRANİYE;(216) 5788700;;;İİB-YAŞ MEYVE
DİLER DIŞ TİCARET ANONİM ŞİRKETİ;"MASLAK MAHALLESİ, ESKİ BÜYÜKDERE CADDESİ KOÇKAYA AS PLAZA MASLAK NO:1 34485 ";İSTANBUL;SARIYER;(212) 2536630;www.dilerhld.com;dilerhld.com;İİB-YAŞ MEYVE
METİN ZAFER PAZ. VE DIŞ TİCARET LTD.ŞTİ.;ORDU CD.LALELI IŞ MERKEZINO:89/604;İSTANBUL; ;(212) 5178096;www.metinzafer.com;metinzafer.com;İİB-YAŞ MEYVE
GİMAŞ TEDARİK VE DAĞITIM PAZ. TİC. A. Ş.;AYKOSAN SAN. SİT. 4 . A BLK. NO:232;İSTANBUL;BAŞAKŞEHİR;2126712480;www.gimas.com;gimas.com;İİB-YAŞ MEYVE
ASB LOJİSTİK VE DIŞ TİCARET LİMİTED ŞİRKETİ;MAHMUTBEY MAH. TAŞOCAĞI YOLU CAD. AĞAOĞLU MY OFFİCE 212 NO:3 DAİRE:491 ;İSTANBUL;BAĞCILAR;(212) 5003515;;;İİB-YAŞ MEYVE
RAM DIŞ TİCARET A.Ş.;RÜZGARLIBAHÇE KAVACIK KAVŞAĞI ENERGY PLAZA K:2;İSTANBUL;BEYKOZ;(216) 5381100;www.ram.com.tr;ram.com.tr;İİB-YAŞ MEYVE
TEKNOVA MATBAACILIK KIMYA SAN. VE TIC. A.Ş.;AKÇABURGAZ MAH.3042SOKAK NO:14 İÇ KAPI NO:1;İSTANBUL;ESENYURT;(212) 4853700;;;İİB-YAŞ MEYVE
RUMELİ HARDALİYECİLİK GIDA ÜRETİM İTHALAT İHRACAT TİCARET SANAYİ LİMİTED ŞİRKETİ;KIZILCIKDERE OSB 5. CAD. KIRKLARELİ ÜZÜMÜRETİCİLERİ BİRLİĞİ APT. NO:21;KIRKLARELI;MERKEZ;(288) 2634344;http://www.rumelihardaliye.com;rumelihardaliye.com;İİB-YAŞ MEYVE
ESCA INTERNATİONAL İTHALAT VE İHRACAT LİMİTED ŞİRKETİ;ZİYA GÖKALP MAH. SÜLEYMAN DEMİREL BLV.THE OFFICE NO: 7 E İÇ KAPI NO: 136;İSTANBUL;BAŞAKŞEHİR;(850) 3090894;www.escafoods.com;escafoods.com;İİB-YAŞ MEYVE
ONLY FRESH COLD PRESSED HPP GIDA ÜRN.SAN.TİC.AŞ;TEPEÖREN İTOSB MAH.9.CAD.TEKNOLABOR NO:2;İSTANBUL;TUZLA;(216) 2322253;;;İİB-YAŞ MEYVE
ÖZMER PASTACILIK VE IÇECEK ÜRN SAN.PAZ.TURZ.VE DIŞ TIC.A.Ş.;ŞERİFALİ MAH.BEYİT SOK NO:54;İSTANBUL;ÜMRANİYE;(216) 3659883;www.limpo.com.tr;limpo.com.tr;İİB-YAŞ MEYVE
MAYIS KİMYA VE TARIM ÜRÜNLERİ LTD.ŞTİ;19 MAYIS MAH. ŞEMSETTİN GÜNALTAY CAD. NO:198/8 A B;İSTANBUL;KADIKÖY;(216) 0000000;;;İİB-YAŞ MEYVE
ANATOL GIDA VE TEMİZLİK ÜRÜNLERİ MAKİNE TİC. LTD. ŞTİ.;İNÖNÜ MAH. MUAMMER AKSOY CAD. AİRPORT24NO: 80 İÇ KAPI NO: 51;İSTANBUL;KÜÇÜKÇEKMECE;(212) 0000000;;;İİB-YAŞ MEYVE
GURME GLOBAL GIDA SANAYİ VE TİCARET LİMİTED ŞİRKETİ; FULYA MAH. ORTAKLAR CAD. ŞAHİN GIRAY APT. NO: 12/2 İÇ KAPI NO: 3 Ş;İSTANBUL;ŞİŞLİ;(212) 0000000;;;İİB-YAŞ MEYVE
GÜLÇİÇEK KİMYA VE UÇAN YAĞLAR SAN. VE TİC. A.Ş.;G.O.S.B. TEMBELOVA ALANI 3300 SK. NO:3306 PK.41400 ;KOCAELI;GEBZE;(262) 6770000;www.gulcicek.com;gulcicek.com;İİB-YAŞ MEYVE
MESA İÇ VE DIŞ TİC.LTD.ŞTİ;YEŞİLBAYIR MAHALLESİ 29 MAYIS CAD. NO: 19 A/1;İSTANBUL;ARNAVUTKÖY;(212) 8861508;www.mesagida.com;mesagida.com;İİB-YAŞ MEYVE
PANE GIDA PAZARLAMA SANAYİ VE TİCARET LİMİTED ŞİRKETİ;MAHMUTBEY MAH.38.ADA NO.13/A;İSTANBUL;BAĞCILAR;(212) 5521515;;;İİB-YAŞ MEYVE
MİDİ LAİN GIDA LİMİTED ŞİRKETİ;MALTEPE MAH. ESKİ ÇIRPICI YOLU SK.PARİMA NO:8 /176;İSTANBUL;ZEYTİNBURNU;(212) 0000000;;;İİB-YAŞ MEYVE
GÖKSİL DIŞ TİCARET END.LTD.ŞTİ;ISTOÇ 28 ADA  N:88;İSTANBUL;BAĞCILAR;02126595460;;;İİB-YAŞ MEYVE
ÖZDEM TOPTAN GIDA TEM. KOZM. LTD.ŞTİ.;KOCATEPE MAH. YAĞ İSKELESİ CAD. NO: 35 İÇ KAPI NO: 40;İSTANBUL;BAYRAMPAŞA;(212) 6400208;;;İİB-YAŞ MEYVE
TEKFEN İNŞAAT VE TESİSAT AŞ;ULUS MAH.TEKFEN SİTESİ B BLOK;İSTANBUL;BEŞİKTAŞ;(212) 3593500;;;İİB-YAŞ MEYVE
MARDIN GENERAL TRADING YAPI MALZ.TİC.VE SAN. LTD.ŞTİ;TEVFİKBEY MAH. 1. CEVAHİR SOK NO:5/2;İSTANBUL;KÜÇÜKÇEKMECE;(212) 5984647;;;İİB-YAŞ MEYVE
MALATYA PAZARI KURUYEMIŞCILIK  SAN VE TİC. A.Ş.;E-5 KARAYOLU ÜZERI CEYLAN ÇIFTLİĞİMEVKII MIMAR SINAN BELDESI;İSTANBUL;BÜYÜKÇEKMECE;(212) 8630933;www.malatyapazari.com.tr;malatyapazari.com.tr;İİB-YAŞ MEYVE
BESLER GIDA VE KİMYA SAN. VE TİC. A.Ş.;KISIKLI MAH. YENİŞEN SK. B BLOK NO: 8/1;İSTANBUL;ÜSKÜDAR;(212) 6951010;www.kerevitas.com.tr;kerevitas.com.tr;İİB-YAŞ MEYVE
IDEAL TARIM ÜRÜNLERI TIC. A.Ş.;HALKALI MERKEZ MAH.  ABAY C. ATLAS S. ATLAS 1  K:2.C:25 BLOK K:3 N:212;İSTANBUL;KÜÇÜKÇEKMECE;(212) 4708333;;;İİB-YAŞ MEYVE
DİMES GIDA SANAYİ VE TİCARET A.Ş.;GIDA SAN. SİTESİ. NO:1;TOKAT; ;(356) 2149160;www.dimes.com.tr;dimes.com.tr;İİB-YAŞ MEYVE
ALGÜL HAYVANCILIK TARIM ÜRÜNLERİ İÇ VE DIŞ TİCARET ANONİM ŞİRKETİ;YUNUS EMRE MAH 1405/8 SOK NO 25 - 2;İSTANBUL;SULTANGAZİ;(212) 0000000;;;İİB-YAŞ MEYVE
TALİA ZEYTİNYAĞI GIDA SANAYİ VE TİCARET ANONİM ŞİRKET;MALTEPE MAH. DAVUTPAŞA CAD. KALE IŞ MERKEZI NO:141İÇ KAPI NO: 100;İSTANBUL;ZEYTİNBURNU;(212) 6592002;http://www.taliagurme.com;taliagurme.com;İİB-YAŞ MEYVE
KAVAKLIDERE ŞARAPLARI A.Ş.;GÜZELHİSAR MAH. ÇANKIRI BULVARI NO:8006750 ;ANKARA;AKYURT;(312) 8475073;www.kavaklidere.com;kavaklidere.com;İİB-YAŞ MEYVE
ASAN TARIM TİCARET ANONİM ŞİRKETİ;KOZYATAĞI MAH GÜLBAHAR SOK EGE YILDIZ B BLOK NO15 İÇ KAPI NO 29 ;İSTANBUL;KADIKÖY;(216) 0000000;;;İİB-YAŞ MEYVE
FİNROVİA DIŞ TİCARET VE SANAYİ LİMİTED ŞİRKETİ;AMBARLI MAH ÖĞRETMENLER CAD. NO: 65 B;İSTANBUL;AVCILAR;(212) 8038385;;;İİB-YAŞ MEYVE
UÇAK KARDEŞLER GIDA ANONİM ŞİRKETİ;ANTALYA SEBZE MEYVE HALİ NO : 535-536;ANTALYA;KEPEZ;(232) 7433434;www.ucakkardesler.com.tr;ucakkardesler.com.tr;İİB-YAŞ MEYVE
H BAZAAR DIŞ TİC AŞ;İÇERENKÖY MH TOPÇU İBRAHİM SK NO 8/100;İSTANBUL;ATAŞEHİR;(216) 4110495;www.hbazaar.com.tr;hbazaar.com.tr;İİB-YAŞ MEYVE
NEW SEBAT DIŞ TİC LTD ŞTİ.;MESİHPAŞA MAH SAİT EFENDİ SK BİNAŞ HAN NO:7/101;İSTANBUL;FATİH;(212) 4584044;;;İİB-YAŞ MEYVE
MERKO GIDA SANAYİ VE TİCARET ANONİM ŞİRKETİ;LEVENT MAH. CÖMERT SOK. YAPIKREDİPLAZA SİTESİ B BLOK NO:1-B/23;İSTANBUL; ;;www.merko.com.tr;merko.com.tr;İİB-YAŞ MEYVE
SANERTA ULUSLARARASI GIDA IHTIYAC MALZEMELERI ITHALAT IHRACAT SANAYI VE TICARET LIMITED SIRKETI;TERAKKI MAHALLAESI HUSEYIN EKSI SOKAK NO 14;ZONGULDAK;MERKEZ;(372) 0000000;;;İİB-YAŞ MEYVE
İSMAİL AYSAN GIDA SAN. PAZ. TİC. LTD. ŞTİ.;İSTASYON MAH.KÜÇÜK SAN.SİTESİ241.SOKAK NO:19;KOCAELI;KARTEPE;(262) 3735146;;;İİB-YAŞ MEYVE
TEKYATAĞANLI TARIM  MAKINALARI SAN.VE TIC.AS;"AKSARAY YOLU ÜZERİ KETENCİ SANAYİ ŞEHRİ ORTAKONAK MAH.14332,SOK. NO-39-41";KONYA;KARATAY;03322333959;;;İİB-YAŞ MEYVE
YİĞİTCAN YAŞ SEBZE MEYVE TARIM ÜRÜNLERİ NAKL.TİC.İTH.VE İHR.LTD.ŞTİ;BAĞLAR MAH. ÜNVERDİ SOK  ABLOK NO:35/7 27;İSTANBUL;BAĞCILAR;;;;İİB-YAŞ MEYVE
PARK GIDA ALKOLLÜ VE ALKOLSÜZ İÇECEKLER SAN.VE TİC..A.Ş.;TEKSTİLKENT TİC. MERK. TEKSTİLKENT KOZA PLAZAA BLOK K:27 ATIŞALANI ;İSTANBUL;ESENLER;(212) 4213111;www.roycedrink.com;roycedrink.com;İİB-YAŞ MEYVE
EK-MAŞ GIDA MAKİNA SANAYİ TİCARET LİMİTED ŞİRKETİ;KAGITHANE BARBAROS CADŞEBNEM SOK .NO:10;İSTANBUL;KAĞITHANE;(212) 2831651;www.ekmas.com.tr;ekmas.com.tr;İİB-YAŞ MEYVE
ISTANBUL GIDA SAN.VE TIC.A.Ş.; MİMARSİNANMAH ESKİ SİLİVRİ CAD. NO:8/2;İSTANBUL;BÜYÜKÇEKMECE;(212) 8614343;www.yurtkonserve.com.tr;yurtkonserve.com.tr;İİB-YAŞ MEYVE
KHC TURKEY GIDA SAN.A.Ş.;TERSANE CAD. BAKIR SOK. ASSANHAN NO:11;İSTANBUL;BEYOĞLU;02122979238;;;İİB-YAŞ MEYVE
EKOS TEKNOLOJİ VE ELEKTRİK ANONİM ŞİRKETİ;GAZIOSMANPAŞA OSB MAHALLESI 7. CADDE EKOSINERJI BLOK NO:17-19 A IÇ KAPI NO:1   ;BALIKESIR;ALTIEYLÜL;;;;İİB-YAŞ MEYVE
AN GIDA ÜRÜNLERİ ÜRETİM VE PAZARLAMA ANONİM ŞİRKETİ;BARBAROS HAYRETTIN PASA MAH.1058 SOK NO 38;İSTANBUL; ;6187080/5HAT;;;İİB-YAŞ MEYVE
ZEYTURSAN GIDA SANAYİ VE TİCARET A.Ş.;GEMİÇ KÖYÜ;BURSA;ORHANGAZİ;(224) 5865201;www.berraktursulari.com.tr;berraktursulari.com.tr;İİB-YAŞ MEYVE
GOLDEN EAST İÇ VE DIŞ TİCARET LİMİTED ŞİRKETİ;İKİTELLİ OSB. MAH.ÇORAPÇILAR SANAYİ SİTESİ D BLOK ;İSTANBUL;BAŞAKŞEHİR;(212) 0000000;;;İİB-YAŞ MEYVE
YILMAZ KARDEŞLER GIDA SANAYI VE TIC. LTD. ŞTI;TOKAT CAD.NO:196;TOKAT;NİKSAR;(356) 5271727;;;İİB-YAŞ MEYVE
IFG TARIM GIDA SAN.VE DIŞ TİC.LTD.ŞTİ;ORUÇREIS MAH. VADI CAD. NO: 170 IÇ KAPI NO: 117;İSTANBUL;ESENLER;(212) 0000000;;;İİB-YAŞ MEYVE
ÜSTÜN PLASTİK AMBALAJ SAN.VE TİC.A.Ş.;ORG.SAN.BÖL.KAĞITHANE SAN.SİT.17.CD. NO:7;İSTANBUL;BAŞAKŞEHİR;(212) 4857676;www.ustunplastik.com;ustunplastik.com;İİB-YAŞ MEYVE
KB OIL GIDA ÜRETİM İTHALAT VE İHRACAT ANONİM ŞİRKETİ;KAZLIÇEŞME MAH.ABAY CAD.C BLOK SİTESİONALTI DOKUZ İSTANBUL EVLERİ NO:56C İÇ KAPI:48;İSTANBUL;ZEYTİNBURNU;(212) 2107597;;;İİB-YAŞ MEYVE
DEBİ ULUSLARARASI GIDA TEKS. ELEKTR.VE OTOM.SAN.TİC.LTD.ŞTİ;BAĞLARİÇİ MAH. ALİAY SOK. ORKİDE APT. NO: 3 DAİRE: 4 ;İSTANBUL;ATAŞEHİR;;;;İİB-YAŞ MEYVE
GEZGİN BİTKİCİ EĞİTİM VE ÜRETİM SANAYİ VE TİCARET LİMİTED ŞİRKETİ;KOÇYAZI MAH. 2241. SK. B BLOK NO: 8 A;DÜZCE;MERKEZ;(380) 0000000;https://www.gezginbitkici.com/;gezginbitkici.com;İİB-YAŞ MEYVE
MİLDO GIDA SAN. VE DIŞ TİC. A.Ş;BATTALGAZİ MAH. ŞARK CAD. AYTOP GIDA SIT. E BLOK NO:15;İSTANBUL;SULTANBEYLİ;(216) 3488002;http://www.mildofood.com;mildofood.com;İİB-YAŞ MEYVE
TAVUK DÜNYASI GID. SAN. VE TİC. A.Ş;ALTAYÇEŞME MAH. YASEMİN SOK. SOYKENT SİT.C BLOK NO:2 B ;İSTANBUL;MALTEPE;(216) 3705158;;;İİB-YAŞ MEYVE
MELİTA GIDA SAN.VE DIŞ TİC.AŞ;RAMİ GIDA SİTESİ R BLOKNO.25-26;İSTANBUL;EYÜP;(212) 5630785;;;İİB-YAŞ MEYVE
FRUKO MEŞRUBAT SANAYİ LİMİTED ŞİRKETİ;4.LEVENT BÜYÜKDERE CAD.209TEKVEN TOWER IŞ MERKEZİ;İSTANBUL;ŞİŞLİ;(212) 3193000;www.fruko.com.tr;fruko.com.tr;İİB-YAŞ MEYVE
NEW DRINKS DIŞ TİCARET LİMİTED ŞİRKETİ;İKİTELLİ OSB MAH. GİYİM SANATKARLARI TİC. MERKEZİ 1A BLOK İÇ KAPI:1B026 WOOP POİNT;İSTANBUL;BAŞAKŞEHİR;(212) 0000000;;;İİB-YAŞ MEYVE
ARMA GLOBAL DIŞ TİC.A.Ş;AYAZAĞA MAH.MİMAR SİNAN SOK.A BLOK NO:21A İÇ KAPI:38 ;İSTANBUL;SARIYER;(212) 9890010; https://www.armaglobaltrade.com ;armaglobaltrade.com;İİB-YAŞ MEYVE
MAPEKS GIDA VE SANAYİ MAMULLERİ İHRACAT VE TİCARET ANONİM ŞİRKETİ;1139 SOK. N:2 YENIŞEHIR;İZMİR;ÇİĞLİ;212-2344135-234;;;İİB-YAŞ MEYVE
FORİST YAPI MİMARLIK MÜH EML SOSYAL HİZM TİC LTD ŞTİ.;KARLIBAYIR MAH SELÇUKLU CAD A BLOK NO 3 A;İSTANBUL;ARNAVUTKÖY;;;;İİB-YAŞ MEYVE
DEHA İHRACAT İTHALAT SAN.TİC.LTD.ŞTİ.;HACI AKİF MAH.SÜMER CAD. NO:30/A;KOCAELI;KÖRFEZ;(262) 0000000;;;İİB-YAŞ MEYVE
UNITED FİELDS GIDA DIŞ TİCARET LİMİTED ŞİRKETİ;SULTAN SELİM LALEGÜL SOK NO:10 KAPI NO:27;İSTANBUL;KAĞITHANE;(212) 0000000;;;İİB-YAŞ MEYVE
HÜNERLER GIDA PAZ. LTD. ŞTİ.;YEŞİLCE MAH. BARBAROS CAD. NO:77/B;İSTANBUL;KAĞITHANE;(212) 2169000;;;İİB-YAŞ MEYVE
İREM ÇAMLICA BAĞCILIK ŞARAPÇILIK VE TARIM DAN. SAN. TİC. LTD. ŞTİ.;BAYIR SK NO:30/2;KIRKLARELI;LÜLEBURGAZ;(288) 4361065;;;İİB-YAŞ MEYVE
ELMA-SU PUCCİNELLİ ELMATAŞ MEY.SEB.DEĞ.ÖZÜ VE SUL.SAN.VE TİC.A.Ş;VIŞNEZADE MAH.PROF.ALAEDDINYAVAŞÇA SK.MARMARA AP.NO:4 D.2;İSTANBUL;BEŞİKTAŞ;(212) 3270080;www.elmasu.com.tr;elmasu.com.tr;İİB-YAŞ MEYVE
KARDELEN TOPLU TÜKETİM ÜRÜNLERİ SATIŞ DAĞITIM PAZARLAMA SAN.VE LTD.ŞTİ;MAHMUTBEY MAH.2437.SK NO:24;İSTANBUL;BAĞCILAR;(212) 0000000;;;İİB-YAŞ MEYVE
AYSAN ZEYTİN GIDA ÜRÜNLERİ SAN.VE TİC.LTD.ŞTİ.;YARIMBURGAZ MAH. 1. ÖNER SOKAK NUMARA:17/1;İSTANBUL;KÜÇÜKÇEKMECE;(212) 6781457;;;İİB-YAŞ MEYVE
RAMABI GLOBAL YAPI ALÜMİNYUM ÇELİK VE AHŞAP MALZEMELERİ LİMİTED ŞİRKETİ;GÜZELYURT MAHALLESİ 2145 SOKAK NO11/6;İSTANBUL;ESENYURT;(212) 6036369;;;İİB-YAŞ MEYVE
MY ÖZEL SAĞLIK YAZILIM HİZMETLERİ LİMİTED ŞİRKETİ; ETİLER MH.NİSBETİYE CD.ETİLER APT.NO:104/10;İSTANBUL;BEŞİKTAŞ;(212) 0000000;;;İİB-YAŞ MEYVE
GOLDEN TARIMSAL ÜRETİM PAZ AŞ;KOCATEPE MH YAĞ İSKELESİ CD C26 BLOK NO 35/49;İSTANBUL;BAYRAMPAŞA;(374) 2534545; www.goldentarimsal.com.tr ;goldentarimsal.com.tr;İİB-YAŞ MEYVE
ULUBAY SOĞUK DEPO İŞLETMECİLİĞİ VE TİCARET LTD. ŞTİ.;GAZİYAKUP BEY MAH. 1.ORDU CADDESİ NO:213;ÇANAKKALE;LAPSEKİ;(286) 5325029;www.ulubaytr.com;ulubaytr.com;İİB-YAŞ MEYVE
SERYIL TARIM ÜRÜNLERİ ANONİM ŞİRKETİ;AKSE MAH.545 SK. REYSAŞNO : 6 ;KOCAELI;GEBZE;(262) 0000000;;;İİB-YAŞ MEYVE
EHLİ DIŞ TİCARET ANONİM ŞİRKETİ;ACIBADEM MAH. BAĞ SOKAK  NO:11 C ;İSTANBUL;KADIKÖY;(212) 5348323;;;İİB-YAŞ MEYVE
NUGA BANT BASKILI ÜRÜNLER SAN.VE TİC.A.Ş;ÇAVUŞOĞLU MAH. YAKACIK CAD. NO:130 ;İSTANBUL;KARTAL;(216) 3893040;www.nugabant.com;nugabant.com;İİB-YAŞ MEYVE
REPEKS İTH. İHR. VE DAHİLİ TİC. LTD. ŞTİ.;İDEALTEPE KÜÇÜKTUR YOLUNO:10/1;İSTANBUL;KADIKÖY;;;;İİB-YAŞ MEYVE
EMİR-PA PAZARLAMA VE GIDA SANAYİ LİMİTED ŞİRKETİ;DELİORMAN CD.SEZEN SK.N/1;İSTANBUL;KÜÇÜKÇEKMECE;(212) 5989947;;;İİB-YAŞ MEYVE
ACTA DANIŞMANLIK TİC.LTD.ŞTİ;FATİH SULTAN MEHMET MAH. BALKAN CAD. NO:62/A;İSTANBUL;ÜMRANİYE;(216) 0000000;;;İİB-YAŞ MEYVE
PROİSTANBUL DIŞ TİC.LTD.ŞTİ;MERKEZ MAH.KURTULUŞ SİT. BURCU SOK. NO.10 A BLOK K.4 D.10;İSTANBUL;KAĞITHANE;(212) 2723626;;;İİB-YAŞ MEYVE
CORE OTOMOTİV YEDEK PARÇA İTH. İHR. SAN. VE TİC. LTD. ŞTİ.;ÇAMLIK MAH. TÜTÜN SK. OKAY SİTESİ NO:29/6;İSTANBUL;ÜMRANİYE;(216) 0000000;;;İİB-YAŞ MEYVE
THOR LOJİSTİK İTHALAT İHRACAT SANAYİ VE TİCARET LTD ŞTİ;BAYRAMOĞLU MAH UHUD SOK NO 15 DAİRE 3;KOCAELI;DARICA;(212) 5656677;;;İİB-YAŞ MEYVE
MEYVACILAR İTHALAT İHRACAT TİC VE SAN. LTD. ŞTİ.;ORTA MH. TORUNLAR CD.NO:40;ANTALYA;FİNİKE;(242) 8656383;www.meyvacilar.com;meyvacilar.com;İİB-YAŞ MEYVE
ALVİN SU MEŞRUBAT SAN. VE TİC.LTD.ŞTİ;GÜZELCE MAH. UFUK2 CAD. NO:23/1B;İSTANBUL;BÜYÜKÇEKMECE;;;;İİB-YAŞ MEYVE
TAT GIDA SAN. A.Ş.;TAŞDELEN ÇAMLIK MH.SIRRI ÇELİK BLV. NO:7;İSTANBUL;ÇEKMEKÖY;(216) 4300000;www.tat.com.tr;tat.com.tr;İİB-YAŞ MEYVE
MET LİNE GIDA KOZMETİK İLAÇ MED. VE İTHALAT İHR.TİC.LTD.ŞTİ.;HALİL RIFAT PAŞA MAH.YÜZER HAVUZ SK.NO:1/1946;İSTANBUL;ŞİŞLİ;(212) 0000000;;;İİB-YAŞ MEYVE
TUNAY GIDA SAN. VE TIC. A. Ş.;ORGANİZE SANAYİ BÖLGESİ 1. CAD. NO:12 ;ERZINCAN;MERKEZ;(446) 2511040;;;İİB-YAŞ MEYVE
ISTANBUL TURIZM VE OTELCILIK A.Ş;OSMANLI SOK.NO.23;İSTANBUL; ;0.212-2434342;;;İİB-YAŞ MEYVE
CLK WORLDWIDE LOJİSTİK VE TİCARET ANONİM ŞİRKETİ;KERESTECİLER SİTESİ FATİH CADSELVİ SOKAK NO:24;İSTANBUL;GÜNGÖREN;(212) 4544646;;;İİB-YAŞ MEYVE
KEMAL BALIKÇILIK İHRACAT LİMİTED ŞİRKETİ;SAMANDRA OSMANGAZI M.BETTÜLGAZI C 33;İSTANBUL;KARTAL;02165611070;;;İİB-YAŞ MEYVE
EKONET İÇ VE DIŞ TİC.LTD.ŞTİ.;BASINKÖY MAH. EMRE SOK. NO:4/6;İSTANBUL;BAKIRKÖY;(850) 8888356;www.ekonet.com.tr;ekonet.com.tr;İİB-YAŞ MEYVE
NOVA PLUS AMBALAJLAMA LİMİTED ŞİRKETİ;KAYABAŞI MH ADNAN MENDERES BLV  PARK MAVERA 2 T4 NO 2;İSTANBUL;BAŞAKŞEHİR;;;;İİB-YAŞ MEYVE
GIDASAN GROUP GIDA SAN VE DIŞ TİC.LTD.ŞTİ;BALMUMCU MAH.BARBAROS BULV.İBA BLOKLARI NO:42/10;İSTANBUL;BEŞİKTAŞ;(212) 2740033;;;İİB-YAŞ MEYVE
EASY GLOBAL GIDA SANAYI VE DIS TICARET LIMITED SIRKETI;KARLIKTEPE MH.KERVAN SK NO:6/6;İSTANBUL;KARTAL;(216) 0000000;;;İİB-YAŞ MEYVE
KOZ GIDA SANAYİ VE TİCARET LTD. ŞTİ.;CEVIZLI MAH. ZUHAL CAD. RITIM ISTANBUL BLOK NO: 44 BH 34860 ;İSTANBUL;KARTAL;(216) 0000000;;;İİB-YAŞ MEYVE
ERKA SÜS BİTKİLERİ İTH.İHR SAN VE DIŞ TİC LTD.ŞTİ;ÇENGELDERE MAH. YEŞİL VEDİ CAD. NO:5 ;İSTANBUL;BEYKOZ;(216) 3473838;;;İİB-YAŞ MEYVE
MERTEM DIŞ TİCARET MÜMESSİLLİK PAZARLAMA A. Ş.;DEĞİRMENYOLU CAD. ŞAKİRBEY SOK.TÜRK İŞ MERKEZİ NO:7 KAT: 4;İSTANBUL;ATAŞEHİR;(216) 5722096;www.mertem.com.tr;mertem.com.tr;İİB-YAŞ MEYVE
A3 ALTIN YAPI İNŞAAT VE TİCARET LİMİTED ŞİRKETİ;BEYLİKDÜZÜ OSB. MAH. BİRLİK SANAYİ SİTESİ 1.CADDE BİRLİK SANAYİ SİTESİ NO: 24/9;İSTANBUL;BEYLİKDÜZÜ;(212) 0000000;;;İİB-YAŞ MEYVE
CHEVEL PRIVATE DIŞ TİCARET LİMİTED ŞİRKETİ;KARTALTEPE MAH.SÜVARİ CAD.NO:10/1 NO: 19;İSTANBUL;KÜÇÜKÇEKMECE;(212) 0000000;http://www.chevel.net;chevel.net;İİB-YAŞ MEYVE
MEY IÇKI SAN. VE TIC. A.Ş.;ABIDE-I HÜRRIYET CD. NO:211BOLKAN CENTER B-BLOK K:2;İSTANBUL;ŞİŞLİ;(212) 3734666;www.mey.com.tr;mey.com.tr;İİB-YAŞ MEYVE
TGT GIDA DIŞ TİCARET LİMİTED ŞİRKETİ;GÜZELYURT MAH.ERTUĞRUL GAZİ CAD.GÖKDEMİR İŞ MERKEZNO61 B ESENYURT/İSTANBUL;İSTANBUL;ESENYURT;(212) 6537255;;;İİB-YAŞ MEYVE
PANGEA İÇ VE DIŞ TİCARET ANONİM ŞİRKETİ;ŞENLİKKÖY MAH.FLORYA CD.B BLOK NO:22/1 İÇ KAPI NO:;İSTANBUL;BAKIRKÖY;(212) 0000000;;;İİB-YAŞ MEYVE
NATURE MUSHROOM GIDA DIŞ TİC.LTD.ŞTİ;ATATÜRK MAH. İNÖNÜ CAD. NO:88 İÇ KAPI NO:B2 ;TEKIRDAĞ;SARAY;(282) 0000000;;;İİB-YAŞ MEYVE
MEGA BRANDS GIDA İHR İTH SAN. TİC. LTD. ŞTİ.;YAKUPLU MAH. GÖÇMEN SOK. NO:1/104;İSTANBUL;BEYLİKDÜZÜ;(212) 0000000;;;İİB-YAŞ MEYVE
ARMONI GIDA VE TEM.MAD.KIRT. TEKS.ELEK.VE ELEKT.PAZ.TIC.LTD;BOSTANCI YUVAM APT.ALİ NİHATTARLAN CAD.52/5;İSTANBUL; ;(216) 5533580;;;İİB-YAŞ MEYVE
FOOD WAY GIDA VE DIŞ TİCARET LTD. ŞTİ.;YEŞİLKÖY MAH. ATATÜRK CAD. EGS BUSINESS PARK NO:12;İSTANBUL;BAKIRKÖY;(212) 4210606;;;İİB-YAŞ MEYVE
MİTRA TARIM HAYVANCILIK GIDA İNŞAAT TURZ.SAN VE TİC.A.Ş;ATATÜRK MAH. SEDEF CAD. 8/J MERCAN SİTESİ D-2 BLOKNO:10/55;İSTANBUL;ATAŞEHİR;(216) 4551133;;;İİB-YAŞ MEYVE
HAZAR ARITIM PROJE VE İNŞ. TAAH. SAN. VE TİC. A.Ş.;TAKSIM CAD. NO:65 KAT:2/3;İSTANBUL;BEYOĞLU;02122568490;www.hazar.gen.tr;hazar.gen.tr;İİB-YAŞ MEYVE
SAĞLIKLI GIDA ÜRÜNL.SAN.VE TIC A.Ş.;CELALİYE MAH.BAĞLARBAŞI CAD.NO:55A;İSTANBUL;BÜYÜKÇEKMECE;(212) 8851845;www.sgu.com.tr;sgu.com.tr;İİB-YAŞ MEYVE
TÜRKERLER GIDA LİMİTED ŞİRKETİ;HOCAPAŞA MAH.MURADİYE CAD.KÖSEOĞLU İŞHANI NO:2/9;İSTANBUL;FATİH;(212) 0000000;;;İİB-YAŞ MEYVE
AK GROUP PAZ. İTH. İHR. TİC. LTD. ŞTİ. ;MAHMUDİYE ÇEŞMESİ SOK. ŞAMDANCI İŞ HANI NO:12/302;İSTANBUL;FATİH;(212) 0000000;;;İİB-YAŞ MEYVE
SİVMA GIDA İNŞ. TURİZM SAN TİC.LTD.ŞTİ;İKİTELLİ İOSB MAH. İSTEKS SAN SİT B6 NO:6 ;İSTANBUL;BAŞAKŞEHİR;(212) 0000000;;;İİB-YAŞ MEYVE
MEVLANA ÇAY VE GIDA SAN.TİC.LTD.ŞTİ.;GÜRSEL MH.İMRAHOR CD.PREMIER KAMPÜS OFIS BLOK NO:29A/126;İSTANBUL;KAĞITHANE;(212) 0000000;;;İİB-YAŞ MEYVE
KUZUBAĞ TARIM SANAYİ VE TİCARET ANONİM ŞİRKETİ;AYAZAGA MAH. AZERBAYCAN CAD. 1B BLOK NO: 3 B IÇ KA KAPI NO: 46;İSTANBUL;SARIYER;(212) 4654895;http://www.kuzubag.com;kuzubag.com;İİB-YAŞ MEYVE
ALBATROS TEDARİK YÖNETİMİ A. Ş.;AYDINTEPE MAH.  GÜZİN SOK. NO:7 D: 3;İSTANBUL;TUZLA;(216) 5910849;;;İİB-YAŞ MEYVE
HASER TÜKETİM ÜRÜNLERİ VE GIDA SANAYİ TİCARET LİMİTED ŞİRKETİ;KOCATEPE MAH. GÜMRÜK İSKELESİ CAD. A BLOK MEGA CENTER NO:89/831 ;İSTANBUL;BAYRAMPAŞA;(212) 0000000;;;İİB-YAŞ MEYVE
NEFT GIDA LOJİSTİK İTHALAT İHRACAT SANAYİ VE TİCARET LİMİTED ŞİRKETİ;CEVİZLİ MAH. ZUHAL CAD. B BLOK NO: 17-19 / 8;İSTANBUL;MALTEPE;(216) 0000000;;;İİB-YAŞ MEYVE
NOMAD TARIM A.Ş;EVLİYA ÇELEBİ MAH. MEŞRUTİYET CAD. NUMARA:64/2;İSTANBUL;BEYOĞLU;(212) 2444354;www.nomadtarim.com;nomadtarim.com;İİB-YAŞ MEYVE
BURAK EXPRESS ULUSLARARASI LOJİSTİK DIŞ TİCARET LİMİTED ŞİRKETİ;YENİMAHALLE MAHALLESİ VATAN BULVARI DEMİRKARDEŞLER APARTMANI NO:32;SAMSUN;ATAKUM;(362) 0000000;;;İİB-YAŞ MEYVE
LEMONERA GIDA SAN. VE TİC. LTD. ŞTİ.;İKİTELLİ OSB. MAH. ENKOOP CAD. ENKOOP SAN. SİT. 4B BLOK NO:4/B;İSTANBUL;BAŞAKŞEHİR;(212) 6413003;www.lemonera.com;lemonera.com;İİB-YAŞ MEYVE
KONTROL SISTEM ELEK.DIŞ.TIC VE SAN.LTD.STI;İSKENDERPAŞA MAH. SAGÜZEL CAD. NO:5/2;İSTANBUL;FATİH;(212) 0000000;;;İİB-YAŞ MEYVE
SAYINLAR GIDA SAN.İTH. İHR. VE TİC.LTD.ŞTİ.;BÜYÜK ŞIRE PAZARI 5.BLK.NO:22;MALATYA;MERKEZ;(422) 3221410;www.sayinlargida.com;sayinlargida.com;İİB-YAŞ MEYVE
HAZER BABA GIDA SAN.IÇ VE DIŞ TIC. LTD.ŞTI.;KEMAL TÜRKLER MAH. SÜMER CAD.HANIMELİ SOK.NO:43;İSTANBUL;SANCAKTEPE;(216) 6222355;www.hazerbaba.com;hazerbaba.com;İİB-YAŞ MEYVE
LOKASYON GIDA İNŞ. SAN VE DIŞ TİC.LTD.ŞTİ;BARBAROS MAH. 220S SOK NO:41/B ;İSTANBUL;BAĞCILAR;(212) 6555552;;;İİB-YAŞ MEYVE
KOCAMAN BALIKÇILIK İHRACAT VE İTHALAT TİCARET ANONİM ŞİRKETİ;ÖMERLİ KÖYÜ YOLU;BALIKESIR; ;(266) 7338351;;;İİB-YAŞ MEYVE
ATLAS GLOBAL İHRACAT VE İTHALAT LİMİTED ŞİRKETİ;BAŞAK MAH. MİMAR SİNAN CAD. BAŞAKŞEHİR VADİ PARK EVLERİ D9 BLOK NO: 2 U/22;İSTANBUL;BAŞAKŞEHİR;(212) 0000000;;;İİB-YAŞ MEYVE
YENER GIDA VE ENDÜSTRİYEL KİMYA SAN. VE TİC. A.Ş.;ATATURK C. N:43 A BL.K2/3-4;İSTANBUL;KADIKÖY;02163550950;www.yenergida.com;yenergida.com;İİB-YAŞ MEYVE
PERGAMON SAĞLIK TURİZMİ LİMİTED ŞİRKETİ;HARMANTEPE MAH. ÖKTEN SK. NO: 12 İÇ KAPI NO: 1 ;İSTANBUL;KAĞITHANE;(212) 0000000;;;İİB-YAŞ MEYVE
NLT AKER TURİZM GIDA VE İNŞ. TİC. LTD. ŞTİ.;TOPÇULAR MAH. TOPÇULAR CAD.NO:4 İÇ KAPI:4;İSTANBUL;EYÜP;(212) 3743821;;;İİB-YAŞ MEYVE
AKTİV İÇ VE DIŞ TİCARET LTD.ŞTİ.;TOMTOM MAH. ISTIKLAL CAD. KAPI NO:187 DAİRE NO:147;İSTANBUL;BEYOĞLU;(212) 2328388;;;İİB-YAŞ MEYVE
NOVEMAK DIŞ TİCARET LİMİTED ŞİRKETİ;KUZEYKENT MAH. KAZIM KARABEKİR CAD. NO: 31 U;KASTAMONU;MERKEZ;(366) 0000000;;;İİB-YAŞ MEYVE
GREEN VEG INTERNATIONAL DIS TICARET LIMITED SIRKETI;AKEVLER MAH. 1076. SK. SOLARKENT A1 NO: 6 AIÇ KAPI NO: 22;İSTANBUL;ESENYURT;(850) 8888356;;;İİB-YAŞ MEYVE
WORLD FOODS DIŞ TİCARET LİMİTED ŞİRKETİ;YENİDOĞAN MAH. ŞEHİT KOMİSER GÜNAYDIN SK. NO: 119A;İSTANBUL;ZEYTİNBURNU;(212) 0000000;;;İİB-YAŞ MEYVE
GOLD FLOWER KİMYEVİ MADDELER İTHALAT İHRACAT SANAYİ TİCARET LİMİTED ŞİRKETİ;İKİTELLİ ORG.SAN.BÖLGESİ 140;İSTANBUL;BAŞAKŞEHİR;(212) 5499313;;;İİB-YAŞ MEYVE
INJAZ INTERNATIONAL GROUP ORGANİZASYON VE DIŞ TİC.LTD.ŞTİ;ATİKALİ MAH. YAVUZ SELİM CAD. NO:15/1 ;İSTANBUL;FATİH;;;;İİB-YAŞ MEYVE
PROMUS DIŞ TİCARET LTD.ŞTİ.;ORDU CAD.YEŞİL TULUMBA SOKAK KARADENİZ İŞ HANI NO.9 D.10;İSTANBUL;FATİH;02125861832-33;;;İİB-YAŞ MEYVE
FRİGO-PAK GIDA MADDELERİ SAN. VE TİC.A.Ş.;FENERBAHÇE MAH.HACI MEHMET SOK NO:24 F     BLOK D:21-22;İSTANBUL;KADIKÖY;(216) 3024023;www.frigo-pak.com.tr;frigo-pak.com.tr;İİB-YAŞ MEYVE
AROMA BURSA MEYVE SULARI VE GIDA SANAYİ A.Ş.;ANKARA YOLU GURSU YOL KAVSAGIP.K.165;BURSA;GÜRSU;02243713939;www.aroma.com.tr;aroma.com.tr;İİB-YAŞ MEYVE
SELENDİ  TARIM ÜRÜNLERİ SANAYİ VE TİCARET ANONİM ŞİRKETİ;MORALLILAR KÖYÜ ÇAY MEVKİİ;MANISA;AKHİSAR;(236) 4146585;www.selendi.com.tr;selendi.com.tr;İİB-YAŞ MEYVE
BEKTAŞ ITH.IHR.VE DIŞ TICARET LTD. ŞTI.;NAMIK KEMAL MAH. ATATÜRK CAD. NO:88/3E;ÇANAKKALE;MERKEZ;(286) 2174767;www.bektasmushrooms.com;bektasmushrooms.com;İİB-YAŞ MEYVE
ZORBEY GRUP TARIM RÜNLERİ GIDA İÇ VE DIŞ TİCARET LİMİTED ŞİRKETİ;DUMLUPINAR MAH.YUMURTACI ABDİBEY CAD.B BLOK NO:4 B İÇ KAPI NO:72;İSTANBUL;KADIKÖY;(312) 2241145;http://zorbeytarimurunleri.@gmail.com;gmail.com;İİB-YAŞ MEYVE
FİDE KONSERVE GIDA SANAYİ ANONİM ŞİRKETİ;BÜYÜKDERE CD.NO:73 KAT:2 D:4;İSTANBUL;ŞİŞLİ;(212) 2883415;www.fide.com.tr;fide.com.tr;İİB-YAŞ MEYVE
ROZA TOPTAN İÇ VE DIŞ TİCARET LİMİTED ŞİRKETİ;KEMALPAŞA MAH. GENÇTÜRK CAD.NO: 19 İÇ KAPI NO: 6;İSTANBUL;FATİH;(212) 0000000;;;İİB-YAŞ MEYVE
SULTAN GIDA SANAYİ VE TİCARET ANONİM ŞİRKETİ;MESİHPAŞA MAH.LALELİ CD.NO.36KAT.4 D.407;İSTANBUL; ;(212) 4589891;;;İİB-YAŞ MEYVE
DELUVIO GIDA VE DIŞ TİCARET LİMİTED ŞİRKETİ;KAZLIÇEŞME MAH.KENNEDY CAD.BÜYÜKYALI İSTANBUL SİT.K BLOK NO: 52K İÇ KAPI NO: 35;İSTANBUL;ZEYTİNBURNU;(212) 6035506; http://www.deluviogida.com/;deluviogida.com;İİB-YAŞ MEYVE
S.A.S DIŞ TİC.LTD.ŞTİ;İKİTELLİ ORG.SAN.BÖLG.ATATÜRK OTO SAN.SİT.12.SOK.NO:323/324;İSTANBUL;KÜÇÜKÇEKMECE;02126593223;;;İİB-YAŞ MEYVE
SMZ DIŞ TİC. LTD. ŞTİ. ;KEMALPAŞA MAH. VİDİNLİ TEFİKPAŞA CADDE NO: 13 A;İSTANBUL;FATİH;(212) 0000000;www.smzgrup.com.tr;smzgrup.com.tr;İİB-YAŞ MEYVE
RICH PRODUCTS GIDA SAN. VE TİC. LTD. ŞTİ.;KONAKLI SK. NO:30/A BEYAZ APT. D:534149;İSTANBUL;BAKIRKÖY;(212) 5738855;www.richs.com;richs.com;İİB-YAŞ MEYVE
ÇALIŞIR ET ÜRÜNLERİ SAN. VE DIŞ TİC. LTD. ŞTİ.; YAKUPLU MERKEZ MAH. MAREŞAL FEVZİ ÇAKMAK CD. NO 6 ;İSTANBUL;BEYLİKDÜZÜ;;www.calisiret.com;calisiret.com;İİB-YAŞ MEYVE
VAKIF TUR ULUSLARARASI TURİZM SANAYİ VE TİCARET ANONİM ŞİRKETİ;MESIHPAŞA CAD.CEYLAN SK.NO:10;İSTANBUL;ŞİŞLİ;(212) 2744162;;;İİB-YAŞ MEYVE
GORİLLA İÇECEK DAĞITIM ANONİM ŞİRKETİ;CUMHURİYET MAH. YENİ YOL 1 SK. BOMONTİ BUSİNESS  CENTER NO: 8 İÇ KAPI NO: 9;İSTANBUL;ŞİŞLİ;(212) 0000000;;;İİB-YAŞ MEYVE
PALACE YAPI BİLİŞİM SİSTEMLERİ LİMİTED ŞİRKETİ;TAŞDELEN MAH. ANADOLU CAD.NO:4/1 ;İSTANBUL;ÇEKMEKÖY;;;;İİB-YAŞ MEYVE
KIZILAY İÇECEK SANAYİ VE TİCARET ANONİM ŞİRKETİ;SÜTLÜCE MAH. İMRAHOR CAD. NO:28 ;İSTANBUL;BEYOĞLU;(272) 2736262;;;İİB-YAŞ MEYVE
İKRAM GIDA ANONİM ŞİRKETİ;KOCATEPE MAH. YAĞ İSKELESİ CAD.C43 B1 NO:11/B;İSTANBUL;BAYRAMPAŞA;(212) 4371297;www.ikramzeytin.com.tr;ikramzeytin.com.tr;İİB-YAŞ MEYVE
TAYMAS GIDA LİMİTED ŞİRKETİ;MAREŞAL FEVZİ ÇAKMAK ÖREN SOKAK NO:5A KAPI NO:4 ;İSTANBUL;ARNAVUTKÖY;(212) 6810059;;;İİB-YAŞ MEYVE
PEYBA GIDA TARIM TUR. HAY. İNŞ. SAN. TİC. A.Ş;OSMAN YILMAZ MAH. 639 SOK NO:19 ;KOCAELI;GEBZE;(262) 6450875;www.peyba.com.tr;peyba.com.tr;İİB-YAŞ MEYVE
FULYA DIŞ TİC.TURİZM A.Ş.;AKÇAM SOK.NO:3 6.BLOK/19;İSTANBUL; ;2808325;;;İİB-YAŞ MEYVE
CKS LOJİSTİK VE GIDA A.Ş.;FATİH MH. TUNA CAD. NO:35-C;İSTANBUL;SANCAKTEPE;(216) 3945418;www.ckslojistik.com;ckslojistik.com;İİB-YAŞ MEYVE
GÜNKAR İNŞAAT GIDA TEKSTİL NAKLİYAT İTHALAT İHRACAT SANAYİ VE TİCARET LİMİTED ŞİRKETİ;AYDIN ORGANIZE SANAYI BOLGESI2.CAD.2/9 SOK. NO:19;AYDIN;AYDIN;(256) 2591023;www.eftelyaolives.com;eftelyaolives.com;İİB-YAŞ MEYVE
DUNIA DIŞ TİCARET LİMİTED ŞİRKETİ;ATAKENT MAH. 221 SK. ROTA OFFICE A BLOK NO:3 A/23;İSTANBUL;KÜÇÜKÇEKMECE;;;;İİB-YAŞ MEYVE
BLOSSOM FRUIT GIDA VE DIŞ TİCARET LİMİTED ŞİRKETİ;ACIBADEM MAHALLESİ ÇEÇEN SOKAK AKASYA A KULEKENT ETABI NO:25/A DA:150;İSTANBUL;ÜSKÜDAR;(216) 6063025;;;İİB-YAŞ MEYVE
BOLAT SERA TARIM GÜBRE VE PLASTİK EKİPMANLARI TİCARET ANONİM ŞİRKETİ;YENİŞEHİR MAHALLESİ MUSTAFA AKYOL SOKAK MVK SİTESİA BLOK NO 13 İÇ KAPI NO 215;İSTANBUL;PENDİK;(216) 0000000;;;İİB-YAŞ MEYVE
MEHBAY GIDA İNŞAAT OTOMOTİV İTHALAT İHRACAT SANAYİ VE TİCARET LİMİTED ŞİRKETİ;TERAZİDERE MAH. FİLİZ SK. KURTULMUŞ APT. NO: 193A;İSTANBUL;BAYRAMPAŞA;(212) 0000000;;;İİB-YAŞ MEYVE
CANSU SU SAN. NAK. TİC. A.Ş.;SÖGÜTLÜ KÖYÜ SÖĞÜTLÜ MEVKİİ BAHAR SOK. CANSU SU APT. NO:9;DÜZCE;ÇİLİMLİ;(380) 6817545;www.asyasu.com.tr;asyasu.com.tr;İİB-YAŞ MEYVE
SEAM VİTA GIDA LİMİTED ŞİRKETİ;IHLAMURKUYU MAH. GÜMÜŞSUYU CAD. AĞAOĞLUMY TOWN 8G 18;İSTANBUL;ÜMRANİYE;(216) 0000000;;;İİB-YAŞ MEYVE
MODA İNŞAAT TAAHHÜT SANAYİ VE TİCARET LİMİTED ŞİRKETİ;İNÖNÜ MAH.DOĞAN ARASLI CAD. 803.SOK.ŞELALE PLAZANO:1/21;İSTANBUL;ESENYURT;(212) 0000000;;;İİB-YAŞ MEYVE
ŞAHINOĞLU GIDA SAN.VE TIC.LTD. ŞTI.;KARAYOLLAI MAH.CEBECİ CAD.568/5 SOK. NO:8 KÜÇÜKKÖY GOP;İSTANBUL;GAZİOSMANPAŞA;(212) 4656999;;;İİB-YAŞ MEYVE
DSLGRUP İÇECEK SAN VE TİC.A.Ş;ACIBADEM MAH. GAYRETLİ SOK NO:3 ;İSTANBUL;ÜSKÜDAR;(216) 3101313;;;İİB-YAŞ MEYVE
DESERT VESSEL TEKS. DIŞ TİC. SAN. LTD. ŞTİ.;BUYUKREŞİTPAŞA CAD. KURULTAY SOK NO:27-1LALELİ;İSTANBUL;FATİH;(212) 5222318;www.desert-vessel.com/tr;desert-vessel.com;İİB-YAŞ MEYVE
PAYROS GIDA İÇECEK ANONİM ŞİRKETİ;ESENTEPE MAH. YILDIZ POSTA CAD. NO: 21 İÇ KAPI :2;İSTANBUL;ŞİŞLİ;(850) 3777376;http://www.payros.com;payros.com;İİB-YAŞ MEYVE
SGÖ İÇ VE DIŞ TİC.LTD.ŞTİ;BARBAROS HAYRETTİNPAŞ MAH. 1993 SOK PAPATYA 2 NO:35 /1/34;İSTANBUL;ESENYURT;;;;İİB-YAŞ MEYVE
A.S.M. ENDUSTRIYEL URUNLER SAN VE TIC.PAZ.LTD.STI.;KEMERALTI CAD.ADA HAN.NO:87/5;İSTANBUL; ;(212) 2922856;;;İİB-YAŞ MEYVE
BUSRA TARIM GIDA ÜRÜNLERİ AKARYAKIT İNŞAAT TURİZM VE PLASTİK SANAYİ VE TİCARET LİMİTED ŞİRKETİ;TEPECİK MAHALLESİ KUŞADASIYOLU ÜZERİ NO:34;İZMİR;SEFERİHİSAR;(232) 7433434;www.busratarim.com.tr;busratarim.com.tr;İİB-YAŞ MEYVE
TAMEK SAGRA GRUP GIDA ÜRETİM A.Ş.;CEVİZLİ MAH. TUGAY YOLU CAD. OYAK DRAGOS SİTESİ C BLOK NO: 10C İÇ KAPI NO: 72;İSTANBUL;MALTEPE;(216) 2551535;http://www.tamek.com.tr;tamek.com.tr;İİB-YAŞ MEYVE
SEMAA LÜKS GIDA TARIM ÜRÜNLERİ SANAYİ VE TİCARET LTD.ŞTİ;KEMALPAŞA MAH.18 SEKBANLAR SK. SEKBAN AP.BLOKNO:16/6;İSTANBUL;FATİH;(326) 6132560;http://www.semagroups.com;semagroups.com;İİB-YAŞ MEYVE
HAZEL MD GIDA SANAYİ VE TİCARET LİMİTED ŞİRKETİ;MOLLA FENARI MAH. NUR-U OSMANIYE CAD. NO: 39 IC KAPI NO: 1;İSTANBUL;FATİH;(212) 0000000;;;İİB-YAŞ MEYVE
ASKALE İÇECEK ÜRETİM PAZARLAMA A.Ş;SANAYİ ASKALE PLAZA NO:1A  YAKUPLU ;İSTANBUL;BEYLİKDÜZÜ;(212) 4225960;www.askale.com.tr;askale.com.tr;İİB-YAŞ MEYVE
SAF DENİZCİLİK GEMİ İNŞA LİMİTED ŞİRKETİ;AYDINLI MAH. DİDEM SK. NO: 1 İÇ KAPI NO: 8;İSTANBUL;TUZLA;(216) 0000000;;;İİB-YAŞ MEYVE
ALPAK GIDA BAHARAT VE AMB. SAN. TİC. LTD ŞTİ;ADNAN KAHVECİ MAH. DAVUTPAŞA CAD. NO:23 İÇ KAPI NO:1 :Ç2/A;İSTANBUL;BEYLİKDÜZÜ;(212) 6594763;https://alpak.com.tr/;alpak.com.tr;İİB-YAŞ MEYVE
ADEM ALTINYÜZÜK GIDA TARIM  HATV. SAN.VE TİC.LTD.ŞTİ;YENİKADIN KÖYÜ 114/1;EDIRNE;MERKEZ;(284) 2989468;;;İİB-YAŞ MEYVE
AGRİNATURA GIDA ÜRETİM SAN.VE TİC.A.Ş.;MERKEZ MAHALLESİ ÇAVUŞBAŞI CADDESİ ITRİ SOKAK NO: 2/A  ;İSTANBUL;ÇEKMEKÖY;(850) 3053355;www.agrinatura.com.tr;agrinatura.com.tr;İİB-YAŞ MEYVE
TAB GIDA SANAYİ VE TICARET ANONİM ŞİRKETİ;DİKİLİTAŞ MAH.EMİRHAN CAD.NO:109 K:2-3 ATAKULE ;İSTANBUL;BEŞİKTAŞ;(212) 3106600;www.tabgida.com.tr;tabgida.com.tr;İİB-YAŞ MEYVE
NETTA ELEKTRONIK TIC.LTD.ŞTI.;: ESKİ BOSTANCI YOLU BEYİT SOK. NO:55/3 YUKARI DUDULLU 34775 ÜMRANİYE/İSTANBUL;İSTANBUL;ÜMRANİYE;(216) 3132970;;;İİB-YAŞ MEYVE
BARAN TEKSTİL TAŞIM. GIDA TİC. LTD. ŞTİ. ;NAKİYE ELGÜN SOK.NO:4/A;İSTANBUL;ŞİŞLİ;(212) 2193000;;;İİB-YAŞ MEYVE
SWEETY FRUİTY TARIM ÜRÜNLERİ TİCARET LİMİTED ŞİRKET;ATAKÖY 7-8-9-10 KISIM MAH .COBANCESME E-5 YANYOL NO 12 IC KAPI 101;İSTANBUL;BAKIRKÖY;(212) 0000000;;;İİB-YAŞ MEYVE
ARMADA TARIM SANAYI VE TICARET ANONIM SIRKETI;FULYA MAH UYGAR SOK. 16/15 ŞİŞLİ;İSTANBUL;ŞİŞLİ;(212) 2029916;www.armadagrup.com;armadagrup.com;İİB-YAŞ MEYVE
SEVGİ BAĞLARI TARIM İŞLETMELERİ SAN.VE TİC.A.Ş;KÜÇÜKYALI MAH. CUMHURİYET CAD. DALYAN SOK NO:5/5 ;İSTANBUL;MALTEPE;(216) 3725996;;;İİB-YAŞ MEYVE
GENSA KIMYA SANAYI VE TICARET ANONİM ŞİRKETİ;KÖŞKLÜÇEŞME MAH.532.SOK.NO:17;KOCAELI;GEBZE;(262) 6423278;www.gensa.com.tr;gensa.com.tr;İİB-YAŞ MEYVE
LİPTON GIDA VE ÇAY SANAYİ VE TİCARET ANONIM ŞİRKETİ;SARAY MAH. DR.ADNAN BÜYÜKDENİZ CAD.NO:13/13 ;İSTANBUL;ÜMRANİYE;(216) 0000000;;;İİB-YAŞ MEYVE
LAÇİN DOĞAL MADEN SULARI A.Ş;KOCASİNAN MERK.MAH. SAKIP SABANCI CAD. NO:17/A;İSTANBUL;BAHÇELİEVLER;(212) 6561244;;;İİB-YAŞ MEYVE
İSAPUR PLASTİK VE AMB. SAN. DIŞ TİC. LTD. ŞTİ.;D.O.S.B. 2. KISIM D-2034 SK. NO:14 ;KOCAELI;DİLOVASI;(262) 7542269;www.isapur.com;isapur.com;İİB-YAŞ MEYVE
GÜLOR ŞARAPÇILIK TURİZM SAN.VE TİC.A.Ş;OTO SANAYİ SİT.ÇAMLIK YOLU BİRLAS BİNASI NO:2 K:3 4.LEVENT;İSTANBUL;BEŞİKTAŞ;(212) 3245099;gulorwine.com;gulorwine.com;İİB-YAŞ MEYVE
DEREN AMBALAJ SANAYİ VE TİCARET A.Ş.;MIMAR SINAN MAH. ŞEKER PINARCAD. NO:27;İSTANBUL;TUZLA;(216) 4235555;www.deren.com.tr;deren.com.tr;İİB-YAŞ MEYVE
POLATOĞLU GURME GIDA İNŞAAT İTHALAT İHRACAT SAN. VE TİC. LTD. ŞTİ.;GÜNGÖREN MAH. TURGUT ÖZAL CAD. ZİN D ZER SİTE.NO:66-70E;İSTANBUL;ÇEKMEKÖY;(216) 4243444;;;İİB-YAŞ MEYVE
PH İÇECEK A.Ş;İRŞADİYE MAHALLESİ İRŞADİYE MERKEZ MEVKİİKÜME EVLER SU FABRİKASI NO:112;KOCAELI;GÖLCÜK;(262) 4380138;;;İİB-YAŞ MEYVE
MAHİR GIDA SANAYI VE TIC.A.Ş.;ALİRIZA GÜRCAN CAD.  NO:12;İSTANBUL;GÜNGÖREN;(212) 4815461;;;İİB-YAŞ MEYVE
ÖZFEN MAKİNA SANAYİ VE DIŞ TİCARET A.Ş.;KİRAZLIK MH.NO:43 ATATÜRK BLV.;SAMSUN;TEKKEKÖY;(362) 2669160;www.ozfen.com;ozfen.com;İİB-YAŞ MEYVE
DOKURU GIDA İÇ VE DIŞ TİC. A.Ş.;KAYABAŞI MAH. ULUBATLI HASAN CAD. GİRİŞ KAYAŞEHİRSİTESİ D BLOK NO:2H İÇ KAPI:10;İSTANBUL;BAŞAKŞEHİR;(212) 0000000;;;İİB-YAŞ MEYVE
FOODING GIDA EGITIM VE DANISMANLIK TICARET LIMITED SIRKETI;ESENTEPE MAH.TALAT PAŞA CAD. NO:5 İÇ KAPI NO:1;İSTANBUL;KAĞITHANE;(850) 6060656;;;İİB-YAŞ MEYVE
ONURSAL TARIM ANONİM ŞİRKETİ;MERKEZ HAL NO:477 BAYRAMPAŞA-HAL;İSTANBUL;BAYRAMPAŞA;;;;İİB-YAŞ MEYVE
MİNA DRİNKS GIDA İTHALAT İHRACAT LİMİTED ŞİRKET;BAŞAKŞEHİR MAH. İSHAKPAŞA SK. NİDAPARK BAŞAKŞEHİR SİTESİ F BLOK NO: 8FC ;İSTANBUL;BAŞAKŞEHİR;(212) 5441841;;;İİB-YAŞ MEYVE
ABAATE DIŞ TİCARET DENİZCİLİK VE LOJİSTİK LİMİTED ŞİRKETİ;KEMALPAŞA MAH. ŞAHABETTIN BILGISU CAD. BİL YIL APTNO: 133 İÇ KAPI NO: 6 ;KOCAELI;İZMİT;(262) 3323949;http://www.abaate.com.tr;abaate.com.tr;İİB-YAŞ MEYVE
SİLLA MOBİLYA SAN. TİC. LTD. ŞTİ.;BALIKYOLU MAH. OZANLAR CAD. NO:37A;İSTANBUL;ESENYURT;(212) 0000000;;;İİB-YAŞ MEYVE
ARNAS TARIM ÜRETİM VE TİCARET ANONİM ŞİRKETİ;KOŞUYOLU MAH. HALİLİ SOK NO:18/2;İSTANBUL;KADIKÖY;(216) 3390938;;;İİB-YAŞ MEYVE
GLOBALTRADE DIŞ TİCARET VE LOJİSTİK LİMİTED ŞİRKETİ;TAHTAKALE MAH. FIRAT 1 CAD. BAHÇE CITY SİTESİ A BLOK NO: 4/2 İÇ KAPI NO: 69;İSTANBUL;AVCILAR;(212) 5320050;https://globallogistics.com.tr/;globallogistics.com.tr;İİB-YAŞ MEYVE
MSI MEDİKAL GIDA TİCARET LTD. ŞTİ;H.RIFAT PAŞA MAH.PERPA TİC.MERK.A BLOK NO:K5/405;İSTANBUL;ŞİŞLİ;(212) 4373190;www.msi.com.tr;msi.com.tr;İİB-YAŞ MEYVE
MARKA234 SMART CHOICE GIDA A.Ş.;ALTINTEPE MAH. BAĞDAT CAD. NO:63 OFİS 18;İSTANBUL;MALTEPE;(216) 0000000;;;İİB-YAŞ MEYVE
BÜYÜK ÇAMLICA FİDANCILIK SERACILIK İNŞAAT SAN. TİC. LTD. ŞTİ.;KISIKLI ALEMDAĞ CD.NO.73/1;İSTANBUL;ÜSKÜDAR;(216) 3283122;www.bcf.com.tr;bcf.com.tr;İİB-YAŞ MEYVE
HCC İSTANBUL DIŞ TİC.A.Ş;YEŞİLKÖY MAH.ATATÜRK CAD.EGS BUSİNESS    PARK BLOK. NO:12/451;İSTANBUL;BAKIRKÖY;(212) 4650305;www.hccistanbul.com.tr;hccistanbul.com.tr;İİB-YAŞ MEYVE
CALCULUS EĞİTİM DANIŞMANLIK HİZM. VE DIŞ TİC.LTD.ŞTİ;FENERBAHÇE MAH. FENER KALAMIŞ CAD. OGULTURK AP.A BLOK NO:2-4 D:10 ;İSTANBUL;KADIKÖY;(216) 3308899;;;İİB-YAŞ MEYVE
ELMİRA GIDA TARIM ÜRÜNLERİ SAN.VE DIŞ.TİC.LTD.ŞTİ;KOCATEPE MAHALLESİ SEMT GÜMRÜK İSKELESİCADDESİ NO.89 İÇ KAPI NO.1358;İSTANBUL;BAYRAMPAŞA;(212) 6623400;;;İİB-YAŞ MEYVE
URGANCI GIDA TURİZM İNŞAAT SAN. VE DIŞ TİC. LTD. ŞTİ.;BAŞAKŞEHİR İKİTELLİ OSB MAH.ÇORAPÇILAR C BLOK  SOK: 17-18 ;İSTANBUL;BAŞAKŞEHİR;(212) 4858090;www.urganci.com.tr;urganci.com.tr;İİB-YAŞ MEYVE
FARABİ BİTKİSEL VE DOĞAL ÜRÜNLER SANAYİ TİCARET LİMİTED ŞİRKETİ;MAHMUTBEY MAH.2454.SK.NO.10 ;İSTANBUL;BAĞCILAR;(212) 0000000;;;İİB-YAŞ MEYVE
URLA ŞARAPÇILIK GIDA TURİZM TARIM SAN.VE TİC. A.Ş.;8028 SOK. NO:12 KUŞÇULAR KÖYÜ;İZMİR;URLA;(232) 7590111;www.urlasarapcilik.com.tr;urlasarapcilik.com.tr;İİB-YAŞ MEYVE
FRESH ÇILEK TARIM ÜRÜNLERI NAKLIYE SANAYI VE TIC.LTD.ŞTİ.;KARTALTEPE MAH ALİ BEY SK M.ER İŞ MERKEZİ NO:1/4;İSTANBUL;KÜÇÜKÇEKMECE;(212) 5315657;;;İİB-YAŞ MEYVE
METROPOLİTAN GROUP GIDA SANAYİ VE TİCARET LİMİTED ŞİRKETİ;DUMLUPINAR MAH. YUMURTACI ABDİ BEY CAD. A BLOK NO:4 A İÇ KAPI NO:59;İSTANBUL;KADIKÖY;(216) 0000000;;;İİB-YAŞ MEYVE
AYAYDIN MAĞAZACILIK AŞ;KORU SOK. NO:2/376 ZORLU CENTER;İSTANBUL;BEŞİKTAŞ;(212) 2317300;;;İİB-YAŞ MEYVE
NOTRIKA İTHALAT İHRACAT TİC. LTD. ŞTİ.;ŞEHİT MUHTAR MAH. UTARİT SOK. N:6/A;İSTANBUL;BEYOĞLU;(212) 0000000;;;İİB-YAŞ MEYVE
SEVİLEN ŞARAP SANAYİİ A.Ş.;AKÇAY CAD.NO:239;İZMİR;GAZİEMİR;(232) 2512917;www.sevilengroup.com;sevilengroup.com;İİB-YAŞ MEYVE
TASHGROUP GIDA TEKSTİL GAYRİMENKUL SANAYİ VE TİCARET LİMİTED ŞİRKETİ;YEŞİLTEPE MAH. 56/1. SK. GÜLER NO: 7-9A;İSTANBUL;ZEYTİNBURNU;(212) 0000000;;;İİB-YAŞ MEYVE
CAN TEKS. ENTEGRE TESİS. VE TARIM ÜRN. SAN. TİC. AŞ;KODAMAN SOK.NO.57;İSTANBUL; ;(212) 2332525;www.cantekstil.com.tr;cantekstil.com.tr;İİB-YAŞ MEYVE
AYŞE FOOD TARIM ÜRÜNLERİ TİCARET LİMİTED ŞİRKETİ;ATAKÖY 7-8-910.KIS ÇOBANÇEŞME E-5 YAN YOL CD.NO:12;İSTANBUL;BAKIRKÖY;(212) 2147477;;;İİB-YAŞ MEYVE
TARIMSAL KİMYA TEKNOLOJİLERİ SAN. VE TİC. A.Ş.;MÜSELLES SK.SANTA İŞ MERKEZİ NO:6KAT:7;İSTANBUL;ŞİŞLİ;(212) 2192893;;;İİB-YAŞ MEYVE
GLOBAL FMCG GIDA İTHALAT İHR SAN. TİC. LTD. ŞTİ.;YAKUPLU MAH. GÖÇMEN SOK. NO:1/104 ;İSTANBUL;BEYLİKDÜZÜ;(212) 0000000;;;İİB-YAŞ MEYVE
FLAMİNGO INTERNATIONAL DIŞ TİCARET LİMİTED ŞİRKETİ;NECİP FAZIL MAH. YAYA SK. NO: 21 İÇ KAPI NO: 7;İSTANBUL;SULTANBEYLİ;(216) 0000000;;;İİB-YAŞ MEYVE
MEAT MOOT FOOD GIDA ANONİM ŞİRKETİ;19 MAYIS MAH. ATATÜRK CAD. SITKI BEY PLAZA BLOK NO: 82/1A ;İSTANBUL;KADIKÖY;(224) 2218000;;;İİB-YAŞ MEYVE
YASMİN FOOD GIDA İTHALAT İHRACAT SANAYİ TİCARET LİMİTED ŞİRKETİ;FERHATPAŞA MAH.AKDAL SK.NO:11A;İSTANBUL;ATAŞEHİR;(216) 3870144;http://muhasebe@arminpack.com;arminpack.com;İİB-YAŞ MEYVE
GURMEZ GIDA SANAYİ VE TİCARET LİMİTED ŞİRKETİ;FATİH SULTAN MEHMET MAH. AKCAN SOK. NO:2 KAPI NO:1;İSTANBUL;SARIYER;;;;İİB-YAŞ MEYVE
SMG TEKS. GIDA İNŞ. SAN. VE TİC. LTD. ŞTİ.;SANAYİ CAD. NO:44 NİSH İSTANBUL REZİDENCE B BLOK K:7 D:84;İSTANBUL;BAHÇELİEVLER;(212) 6303463;www.smggida.com;smggida.com;İİB-YAŞ MEYVE
GÖKSA TURIZM SEYAHAT VE TIC. LTD.ŞTI.;ÇOBANÇEŞME MAH. SANAYİ CAD. NİSH İST SİT. B BLOK  REZ SİT  APT  NO:44B /42  ;İSTANBUL;BAHÇELİEVLER;(212) 2707200;;;İİB-YAŞ MEYVE
MAKİ DOĞA ÜRÜNLERİ VE ORGANİK GIDA SAN.DIŞ TİC.A.Ş.;GÖKTÜRK MERKEZ MAH. 3. MANOLYA SOK.NO:2/Z01;İSTANBUL;EYÜP;(212) 3228228;;;İİB-YAŞ MEYVE
AKİRA ULUSLARARASI GEMİ TEDARİK VE TİCARET LİMİTED ŞİRKETİ;KOZYATAĞI MAH. GÜLBAHAR SK. EGE YILDIZ SİTESİA BLOK NO: 13 İÇ KAPI NO: 36;İSTANBUL;KADIKÖY;(212) 8711314;;;İİB-YAŞ MEYVE
AEP ANADOLU ETAP PENKON GI.TAR.ÜRN.SAN.TİC.A.Ş.;FATİH SULTAN MEHMET MH.BALKAN CD.NO:58 BUYAKA E BLK.K:4 TEPEÜSTÜ;İSTANBUL;ÜMRANİYE;(216) 5770020;www.anadoluetap.com;anadoluetap.com;İİB-YAŞ MEYVE
KARMEN TARIM ÜRÜNLERİ DIŞ TİC. VE PAZ. LTD. ŞTİ.;MEGA CENTER K2 C-27 BLOK 238/1;İSTANBUL;BAYRAMPAŞA;(212) 6408282;;;İİB-YAŞ MEYVE
MERCAN TANITIM DIŞ TİC.VE MÜH. LTD.ŞTİ.;ÇARŞAMBA MANYASIZADE CD.LALEAPT.NO:53;İSTANBUL; ;(212) 6352976;;;İİB-YAŞ MEYVE
BAZAAR GLOBAL İÇ VE DIŞ TİC.LTD.ŞTİ;KOCATEPE MAH. GÜMRÜK İSKELE CAD. NO:48/C-16;İSTANBUL;BAYRAMPAŞA;(212) 6545892;;;İİB-YAŞ MEYVE
MORE FOOD GIDA SANAYİ VE TİCARET LİMİTED ŞİRKETİ;İKİTELLİ OSB 25 CADDE NO 14/1;İSTANBUL;BAŞAKŞEHİR;(212) 4857676;;;İİB-YAŞ MEYVE
NİLKY İÇECEK VE GIDA A.Ş.;ACIBADEM MAH. ÇEÇEN SK. NO: 25 A İÇ KAPI NO: 157;İSTANBUL;ÜSKÜDAR;(216) 0000000;;;İİB-YAŞ MEYVE
EL MEYSEM ULUSLARARASI TİCARET LİMİTED ŞİRKETİ;YAKUPLU MAH. HÜRRİYET BUL. SKYPORT SİTESİ SKYPORTRESİDENCE NO: 1 İÇ KAPI NO: 151;İSTANBUL;BEYLİKDÜZÜ;(212) 0000000;;;İİB-YAŞ MEYVE
MTG GRUP DIŞ TİCARET A.Ş.;19 MAYIS MAH.DR.HÜSNÜ İSMET ÖZTÜRK SK  ELİDE RESIDENCE 3/3 .;İSTANBUL;ŞİŞLİ;;https://www.mtggroups.com;mtggroups.com;İİB-YAŞ MEYVE
ALMA GROUP OTOMOTİV DIŞ TİCARET LİMİTED ŞİRKETİ;TAHTAKALE MAH. FIRAT 1 CAD. NO.4/2 BAHÇECİTY'S RESDENCE İÇKAPI:12;İSTANBUL;AVCILAR;(212) 0000000;;;İİB-YAŞ MEYVE
BUBBLE TEA İÇECEK SAN AŞ;SAHİL MH GÜZEELYURT CD NO 2/1;İSTANBUL;BEYLİKDÜZÜ;(212) 0000000;;;İİB-YAŞ MEYVE
GLOBAL BİYOMEDİKAL SAĞLIK HİZMETLERİ SANAYİ VE TİCARET LİMİTED ŞİRKETİ;ATAKENT MAH. 221 SOK ROTA OFFİCE A BLOK NO:3 A/47 ;İSTANBUL;KÜÇÜKÇEKMECE;;;;İİB-YAŞ MEYVE
JET KARGO İTHALAT İHRACAT LİMİTED ŞİRKETİ;SEYİTNİZAM MAHALLESİ G/24 SOKAK NO:6B;İSTANBUL;ZEYTİNBURNU;(212) 5227316;;;İİB-YAŞ MEYVE
ENGİN TARIM MEYVECİLİK GIDA SAN.TİC.A.Ş.;BURHANİYE MAH. ABDULLAHAĞA CAD. ÇULHA İŞ MERK.NO:  KAT.3;İSTANBUL;ÜSKÜDAR;(216) 3184018;www.engintarim.com.tr;engintarim.com.tr;İİB-YAŞ MEYVE
URAS İTH.İHR.VE GIDA PAZ.SAN.VETİC.LTD.ŞTİ.;MERKEZ MAH. ÇİĞDEM CAD.NO:23/3;İSTANBUL;AVCILAR;(212) 5936298;;;İİB-YAŞ MEYVE
ÇETİNKAYA GRUP GIDA İÇECEK VE DIŞ TİCARET LTD. ŞTİ.;BURHANİYE MAH SÜLEYMAN ÇELEBİ SK NO 4/2;İSTANBUL;ÜSKÜDAR;(216) 0000000;;;İİB-YAŞ MEYVE
ÖZİZMAİL GEMİCİLİK İNŞAAT TEKS.SAN.VE TİC.LTD.ŞTİ.;DENİZ MAH.İSTASYON CAD.NO:5;KOCAELI;DERİNCE;(262) 2237093;;;İİB-YAŞ MEYVE
GLOBAL NATUREL GIDA SANAYİ VE TİCARET ANONİM ŞİRKETİ;İKİTELLİ OSB MAH.25.CAD.ÜSTÜN PLASTİL AMBALAJ NO:14/1;İSTANBUL;BAŞAKŞEHİR;(212) 4857676;;;İİB-YAŞ MEYVE
MOONSTAR ORMAN ÜRN.YAŞ SEB.MEY.İNŞ.SAN.TİC.LTD.ŞTİ.;KARASAPAÇA KÖYÜ KURTBELİ OSB MEVKİİ 2 SOK.NO/1;KASTAMONU;TOSYA;(366) 0000000;;;İİB-YAŞ MEYVE
TÜR İŞ GIDA İTH.İHR.SAN.VE TİC LTD.ŞTİ.;MERKEZ MAH.PEYNİRCİ ÇIKMAZ SOKNO:16;İSTANBUL;GAZİOSMANPAŞA;(212) 5523181;;;İİB-YAŞ MEYVE
TEK SAN LOJİSTİK TİC DAN İTH VE İHR LTD ŞTİ;ÇOBANÇEŞME MH KUYUMCUKENT 29 EKİM CD 1 A1 BLOK NO 3/21;İSTANBUL;BAHÇELİEVLER;(212) 4549656;;;İİB-YAŞ MEYVE
MOFT DIŞ TİC. LOJ.  A.Ş.;MERKEZ MAH.AYAZMA CAD.PAPİRUS PLAZA NO:37/152;İSTANBUL;KAĞITHANE;(212) 6073332;;;İİB-YAŞ MEYVE
DELTA İNŞAAT MALZ.GIDA TEKSTİL OTOM.TUR.SAN.VE DIŞ TİC.LTD.ŞTİ.;ORUÇ REİS MAHALLESİ VADİ CADDESİ GİYİMKENT SİTESİ NO:170/117;İSTANBUL;ESENLER;(212) 5882551;www.ıstanbulfoodsgroup.com;xn--stanbulfoodsgroup-bvc.com;İİB-YAŞ MEYVE
EREKS IHR. ITH. VE TIC. A.Ş.;BAĞDAT CAD. KÜÇÜAĞA SK. IFFETAPT. NO:2/1 D:3.ŞAŞKINBAKKAL MEVKİİ;İSTANBUL;KADIKÖY;(216) 3639500;www.ereks.com.tr;ereks.com.tr;İİB-YAŞ MEYVE
OHBE GIDA VE İÇECEK MAMÜLLERİ SANAYİ VE TİCARET ANONİM ŞİRKETİ;AHİ EVREN CAD.ATA CENTER İŞ MRK.NO:1 KAT:1 MASLAK;İSTANBUL;SARIYER;(212) 3280902;www.ohbeic.com;ohbeic.com;İİB-YAŞ MEYVE
EFEPORT LOJİSTİK KARGO TAŞIMA GIDA İTHALAT İHRACAT LİMİTED ŞİRKETİ;HALKALI MERKEZ MAH. BASIN EKSPRES CAD. CAPİTAL TOWER NO: 9 İÇ KAPI NO: 36;İSTANBUL;KÜÇÜKÇEKMECE;(212) 9098897;http://www.efeenterprise.com;efeenterprise.com;İİB-YAŞ MEYVE
ŞEHZADELER GIDA SANAYİ VE TİCARET LİMİTED ŞİRKETİ;MARMARA MAH.HÜRRİYET BULVARI SİTESİ B BLOKNO:132/1 İÇ KAPI:3;İSTANBUL;BEYLİKDÜZÜ;(212) 8757636;;;İİB-YAŞ MEYVE
KONFRUT TARIM ANONİM ŞİRKETİ;"CEVİZLİ MAH. ZUHAL CADDESİ,  MALTEPE RİTİM ISTANBUL A3 BLOK-NO.46/C   34846  ";İSTANBUL;MALTEPE;(216) 5456868;;;İİB-YAŞ MEYVE
FRİTO LAY GIDA SAN.VE TİC.A.Ş;NORA CENTER K.4/5/6/7  USKUDARCAD.CAYIRYOLU SOK.;İSTANBUL;KADIKÖY;02165741505;www.fritolay.com.tr;fritolay.com.tr;İİB-YAŞ MEYVE
GENEVA GIDA MOBİLYA DIŞ TİCARET LİMİTED ŞİRKETİ;TOMTOM MAH. İSTİKLAL CAD. BEYOĞLU İŞ MERKEZİ NO:187 İÇ KAPI NO:147;İSTANBUL;BEYOĞLU;(212) 9360926;;;İİB-YAŞ MEYVE
İZ MERT GRUP İNŞ.GI.KİM.MAD.SAN.TİC.A.Ş.;ŞENLİKKÖY MH. ACAR SK.NO:14/1;İSTANBUL;BAKIRKÖY;(212) 9248232;;;İİB-YAŞ MEYVE
JALLA DIŞ TİC.LTD.ŞTİ;ARMAGANEVLER MAH. DERE SOK ABLOK NO:109/13;İSTANBUL;ÜMRANİYE;;;;İİB-YAŞ MEYVE
UCUZCULAR GIDA MADDELERI SAN. VE TIC.A.Ş.;MISIR ÇARŞISI IÇI   NO:51;İSTANBUL;FATİH;(212) 5206492;www.ucuzcular.com.tr;ucuzcular.com.tr;İİB-YAŞ MEYVE
SANPA GIDA SAN.VE TIC.A.Ş.;ATATÜRK MAH  ATATÜRK CAD.NO:18;İSTANBUL;ESENYURT;(212) 6897100;www.sanpagida.com.tr;sanpagida.com.tr;İİB-YAŞ MEYVE
BUNZEN KİMYA SANAYİ VE TİC. LTD.ŞTİ;İNÖNÜ MAH. GEBZE GÜZELLER OSB MAH. KAZIM KARABEKİR SOK. NO:4/8;KOCAELI;GEBZE;(262) 5026811;http://www.bunzenkimya.com.tr;bunzenkimya.com.tr;İİB-YAŞ MEYVE
TARIM KREDİ TOHUMCULUK ANONİM ŞİRKETİ;KAZAKİSTAN CD.(4.CD.) NO.136/5EMEK;ANKARA;ÇANKAYA;(312) 2158005;www.tareks.com.tr;tareks.com.tr;İİB-YAŞ MEYVE
HUMANBEE BİLGİ TEKNOLOJİLERİ DANIŞMANLIK HİZMET A.Ş;TOMTOM MAH. İSTİKLAL CAD.BEYOĞLU IŞ MERKEZI NO:187İÇ KAPI NO: 147;İSTANBUL;BEYOĞLU;(212) 2580708;;;İİB-YAŞ MEYVE
LGH EXPORT İMPORT GIDA DIŞ TİCARET LİMİTED ŞRİKETİ;İSKENDERPAŞA MAH. FEYZULLAH EFENDİ SOK. DERBEDER APT. NO: 25 /2 /3;İSTANBUL;FATİH;(212) 0000000;;;İİB-YAŞ MEYVE
FRUVİTAL GIDA SAN. VE TİC. A. Ş .;KÜÇÜKBAKKALKÖY MH.DUDULLU CD.BRANDIUM REZİDANSNO:23-25/D R4 BLOK /86;İSTANBUL;ATAŞEHİR;(216) 5048037;;;İİB-YAŞ MEYVE
VEYSEL TARIM ÜRÜNLERİ SANAYİ VE TİCARET LTD.ŞTİ.;FABRİKALAR MH. FİKRİ ERTEM CD.MUTSAN 2 APT. KAT:1;ANTALYA;KEPEZ;(284) 2382029;;;İİB-YAŞ MEYVE
TE-HA DANIŞMANLIK TARIM SANAYİ VE TİC.LTD.ŞT;DİKİLİTAŞ M HAMİDİYE S NO: 1 İÇ KAPI NO: YOK ;İSTANBUL;BEŞİKTAŞ;(212) 3473200;;;İİB-YAŞ MEYVE
KEYFTİME GIDA A.Ş;İSTANBUL MAH. DUMANSIZ 11 SOK NO:8/2;TEKIRDAĞ;SÜLEYMANPAŞA;(282) 0000000;http://.keyfitime.com/;.keyfitime.com;İİB-YAŞ MEYVE
SAL ANTREPO VE LOJİSTİK ANONİM ŞİRKETİ;KARACAİLYAS EVREN MAH. ATATÜRK BLV.UMAT NO:24;MERSIN;AKDENİZ;(324) 2214142;;;İİB-YAŞ MEYVE
ESNAF TOPTAN GIDA İTHALAT VE İHRACAT LİMİTED ŞİRKETİ;KOCATEPPE MAH. GÜMRÜK İSKELE CD. A BLK.  MEGA CENTER NO:89 /1360;İSTANBUL;BAYRAMPAŞA;(212) 0000000;;;İİB-YAŞ MEYVE
ECN GROUP GIDA SAN. VE TİC. LTD. ŞTİ.;KEMALPAŞA MAH. AĞA YOKUŞU SK. KAYA HOLDİNG NO: 25İÇ KAPI NO: 4;İSTANBUL;FATİH;(212) 0000000;;;İİB-YAŞ MEYVE
GÜZELPINAR KAYNAK SUYU SAN.TIC LTD.ŞTI.;CEBECİ MAH. 2605 SOK. NO:28/D NO:27:/A;İSTANBUL;SULTANGAZİ;(212) 5942401;www.guzelpinar.com;guzelpinar.com;İİB-YAŞ MEYVE
TURASAN BAĞCILIK VE ŞARAPÇILIK LTD.ŞTİ.;YUNAK MAH.TEVFİK FİKRET CAD.NO:6/A-B;İSTANBUL;BEYOĞLU;(384) 3414961;;;İİB-YAŞ MEYVE
ALİ-CAN HALICILIK TURZ. TEKS. HED. EŞ. VE DERİ TİC. SAN. LTD. ŞTİ.;ORTA KAZAZLAR C.NO.22;İSTANBUL;FATİH;02125289973;www.pillowsstore.com;pillowsstore.com;İİB-YAŞ MEYVE
NİLPA NAKLİYE GIDA İNŞAAT TİCARET LİMİTED ŞİRKETİ;GÜNEY MAHALLESİ TUĞRUL CADDESİ NO:27/A;KOCAELI;KÖRFEZ;(262) 0000000;;;İİB-YAŞ MEYVE
DOZ TEKSTİL GIDA TARIM ÜRÜN. İTH. İHR. PAZAR. SAN. VE TİC. LTD. ŞTİ. ;MİMAR KEMALETTİN MAH.ÇOBAN ÇAVUŞ SOK.LÜTUF PAZARINO:6/4 LALELİ;İSTANBUL;FATİH;(212) 5180960;;;İİB-YAŞ MEYVE
EVE MAGAZACILIK A.Ş;SARAY MAH. NAYA SOK NO:3 KAT:3 ;İSTANBUL;ÜMRANİYE;(262) 5020858;;;İİB-YAŞ MEYVE
GOHARY ALTIN SANAYİ VE TİC. LTD. ŞTİ.;MOLLA FENERİ MAHALLESİ ALİBABA TÜRBE SOKAK ARAS İŞMERKEZİ NO:28 /401;İSTANBUL;FATİH;(212) 2222222;;;İİB-YAŞ MEYVE
DİBAŞ YAPI İNŞ. VE GIDA SAN. VE TİC. LTD. ŞTİ;EMIN ALI PASA CAD.NO:105/10;İSTANBUL;KADIKÖY;02166587394;;;İİB-YAŞ MEYVE
TOROSLU TARIM SAN. VE TİC. LTD. ŞTİ.;A.NAFİZ GÜRMAN MAH. GÜNDOĞDU SOK. NO:29/8;İSTANBUL;GÜNGÖREN;;;;İİB-YAŞ MEYVE
MGL GIDA İÇ VE DIŞ TİC.LTD.ŞTİ;AKSARAY MAH.MUSTAFA KEMAL PAŞA CAD.MERKEZ HAN NO:27K:2;İSTANBUL;FATİH;(212) 5472770;;;İİB-YAŞ MEYVE
ART MEYVE TARIM HAYVANCILIK İNŞAAT NAKLİYAT İTH.İHR.SAN.VE TİC.A.Ş.;19 MAYIS MAH.ESİN SOKAK NUMARA:10 / 2;İSTANBUL;KADIKÖY;(216) 3348358;;;İİB-YAŞ MEYVE
AVRASYA LİNE TEKSTİL MAK. GIDA İÇ VE DIŞ TİC. LTD. ŞTİ. ;KEMALPAŞA MAH.GENÇTÜRK CAD. NO.38 ;İSTANBUL;FATİH;(212) 5349119;www.mayagroup.com.tr;mayagroup.com.tr;İİB-YAŞ MEYVE
ZEN İNOVATİF GIDALAR KİMYA VE KOZMETİK SAN.TİC.LTD.ŞTİ.;KARADENİZLİLER MAH. KÖKLÜ SOK. NO:11/1;KOCAELI;BAŞİSKELE;(262) 0000000;https://zendrinks.com.tr;zendrinks.com.tr;İİB-YAŞ MEYVE
ATS GROUP DIŞ TİC.LTD.ŞTİ;CADDEBOSTAN MAH.ETHEMEFENDİ CAD.GİRAY APT. NO:11/1 ;İSTANBUL;KADIKÖY;(216) 3861574;;;İİB-YAŞ MEYVE
SARIKAYA TARIM ÜRÜNLERİ VE NAK. SAN. TİC. LTD. ŞTİ.;BAYRAMPAŞA MERKEZ HAL NO:315;İSTANBUL;BAYRAMPAŞA;(212) 6404015;;;İİB-YAŞ MEYVE
PRİVATEBEVERAGE GIDA SANAYİ TİC LTD ŞTİ;İBRİKDERE MAH 130 SK NO 6/1 KARTEPE KOCAELİ;KOCAELI;KARTEPE;(264) 2787929;;;İİB-YAŞ MEYVE
AYMİRA BİLİŞİM DIŞ TİCARET LİMİTED ŞİRKETİ;ORUÇREİS MAH.T.KENT CAD.T.KENT SİT.ARABLK.APT.NO.10 AC/103;İSTANBUL;FATİH;(212) 5200202;https://www.bilisimline.com/index.html;bilisimline.com;İİB-YAŞ MEYVE
ASEL AMG ENERJİ İÇECEKLERİ LİMİTED ŞİRKETİ;ADİL MAH. AKARSU SK. NO: 10 ;İSTANBUL;SULTANBEYLİ;(216) 0000000;;;İİB-YAŞ MEYVE
GARLİKO GIDA MAD. SAN. VE TİC. LTD. ŞTİ.;BATTALGAZİ MAH.MERYEM ANA SOK.AYTOP GIDA SİTESİF BLOK NO:23;İSTANBUL;SULTANBEYLİ;(216) 5925656;;;İİB-YAŞ MEYVE
DORUKOĞLU GIDA VE IHT.MADD. SAN.VE TIC.LTD.ŞTI.;RÜSTEMPAŞA MAH.TAHMIS CAD.NO:36;İSTANBUL;FATİH;(212) 5121790;;;İİB-YAŞ MEYVE
ANSA GIDA SALÇA VE KONSERVE SANAYİ VE TİCARET LİMİTED ŞİRKETİ;KOCATEPE MAH.GÜMRÜK İSKELESİ CAD.A BLOK SİTESİ MEGA CENTERBLOK NO : 89 KAPI NO : 22;İSTANBUL;BAYRAMPAŞA;(212) 5821018;;;İİB-YAŞ MEYVE
CGC CAPITAN GIDA İÇECEK SANAYİ VE TİCARET LTD. ŞTİ.;KARAAĞAÇ MAH. SIRTKÖY BUL. GÜNIŞIĞI KONAKLARI SİTENO: 27CI İÇ KAPI NO: 46;İSTANBUL;BÜYÜKÇEKMECE;(212) 0000000;;;İİB-YAŞ MEYVE
APEX YAŞ MEYVE SEBZE LOJİSTİK İTHALATİHRACAT SANAYİ VE TİCARET LİMİTED ŞİRKETİ;MEŞRUTİYET MAH. ŞEHİT İSMET ARMAGAN SOK. ELITE APT NO:43 İÇ KAPI NO:1;İSTANBUL;ŞİŞLİ;(212) 0000000;www.apexfruitgetable.com;apexfruitgetable.com;İİB-YAŞ MEYVE
BY OZAN GLOBAL GIDA İÇ VE DIŞ TİCARET LİMİTED ŞİRKETİ;AYAZLI MAH. KABASAKAL SK. NO 8 İÇ KAPI NO:1;DÜZCE;AKÇAKOCA;(380) 0000000;;;İİB-YAŞ MEYVE
URSA SANAYİ HAMMADDELERİ LTD.ŞTİ;AYAZMA CD.ALIYE MERIC KONAK ISMER.NO:3 D:14 D.TAS BESIKTAS;İSTANBUL; ;2885563;www.ur-sa.com.tr;ur-sa.com.tr;İİB-YAŞ MEYVE
ADOCAN MEYVE SEBZE TARIM ÜRÜNLERİ SAN.VE TİC.LTD.ŞTİ;KOCATEPE MAH.ŞEHİR PARKI CAD.NO:109 İÇ KAPI NO:4;İSTANBUL;BAYRAMPAŞA;(212) 5670361;;;İİB-YAŞ MEYVE
SYNERGY GIDA VE TICARET ANONIM SIRKETI;AKSEMSETTIN MAH. AKDENIZ CAD. YAGIZLAR IS HANI NO: 115 ;İSTANBUL;FATİH;(212) 0000000;;;İİB-YAŞ MEYVE
GRUP VİTAMİN TARIM ÜRN. TİC. A.Ş.;KAVAKPINAR MAH. TANDOĞAN CAD. NO:142/1 PENDİK;İSTANBUL;PENDİK;(216) 3962404;;;İİB-YAŞ MEYVE
NEMA BAHÇE KÜLTÜRLERİ ÜRETİM VE PAZARLAMA A.Ş.;MERVE MAH.YILDIRIM SOK.11;İSTANBUL;ÜMRANİYE;02163111690;;;İİB-YAŞ MEYVE
C.P.STANDART GIDA SAN.VE TIC. A.Ş.;DİKİLİTAŞ MAH.BÜYÜKDERE CAD.AKINCI BAYIRI SOKAK NO:6;İSTANBUL;ŞİŞLİ;(212) 2748536;www.cpturkiye.com;cpturkiye.com;İİB-YAŞ MEYVE
COCA-COLA IÇECEK A.Ş.; ;MANISA; ;;;;İİB-YAŞ MEYVE
KM KURUMSAL HİZMETLER GIDA OTOMAT VE DANIŞMANLIK SAN.TİC. LTD. ŞTİ.;FERHATPAŞA MAH. 15.SK. NO:12C;İSTANBUL;ATAŞEHİR;(216) 0000000;;;İİB-YAŞ MEYVE
EMCA BUYFROMTURKEY E TİCARET İNŞ GAY İTH İHR LTD ŞTİ;FULYA MH BÜYÜKDERE CD TORUN CENTER D BLOK 74D/10;İSTANBUL;ŞİŞLİ;(212) 0000000;;;İİB-YAŞ MEYVE
AFİLİ AMBALAJ KAĞIT TEMİZLİK DAĞITIM PAZARLAMA TİCARET LİMİTED ŞİRKETİ;BAĞLARBAŞI MH.İNÖNÜ CD.BAHADIR APT BLOK NO:95/1A;İSTANBUL;MALTEPE;(212) 6202090;;;İİB-YAŞ MEYVE
HAS TRADING GIDA SANAYİ TİCARET LİMİTED ŞİRKETİ;BALAT MAH. HIZIR ÇAVUŞ MESCİDİ SK.NO:40 A;İSTANBUL;FATİH;(212) 0000000;;;İİB-YAŞ MEYVE
ALSERA JEOTERMAL TARIM GIDA SANAYİ VE TİCARET A.Ş.;MUALLİM NACİ CAD. NO:69/A ORTAKÖY-;İSTANBUL;BEŞİKTAŞ;(212) 3103300;;;İİB-YAŞ MEYVE
TURANOĞLU TEKSTİL LOJİSTİK GIDA VE DIŞ TİCARET LİMİTED ŞİRKETİ;ÇİFTLİK MAHALLESİ ATATÜRK BULVARI NO:361;KOCAELI;GÖLCÜK;(262) 0000000;;;İİB-YAŞ MEYVE
KUZEYDEN İÇECEK SANAYİ VE TİCARET ANONİM ŞİRKETİ;ETİLER MAH.TANBURİ ALİ EFENDİ SOK. MAYA RES. SİT.T BLOK NO:13/334;İSTANBUL;BEŞİKTAŞ;(212) 0000000;;;İİB-YAŞ MEYVE
HC GLOBAL LOJİSTİK HİZMETLERİ LİMİTED ŞİRKETİ;İNÖNÜ MAH. KARTAL CAD. NO:133 K:2 D:4;İSTANBUL;ATAŞEHİR;(216) 5731646;;;İİB-YAŞ MEYVE
KIZILAY KAYNAK SULARI SANAYI VE TICARET ANONIM SIRKETI;EMNIYET EVLERI MAH. GÜVERCIN SK. NO: 3 IÇ KAPI NO: 5NO:127 ;İSTANBUL;KAĞITHANE;(216) 3677150;www.asassu.com;asassu.com;İİB-YAŞ MEYVE
ALSİM ALARKO SAN.TESİSLERİ VE TİC.A.Ş;GEBZE ORG.SAN.BÖL.IHSAN DEDECAD 800.SOK.41480;KOCAELI; ;(262) 6482200;;;İİB-YAŞ MEYVE
EKKA ENDÜSTRIYEL YATIRIM VE SAVUNMA SANAYI ANONIM SIRKETI;ZEYTINLIK MAH. RAY SK. SANS AP. NO: 3 IÇ KAPI NO10;İSTANBUL;BAKIRKÖY;(212) 0000000;;;İİB-YAŞ MEYVE
NARGÜL AROMA GIDA TİCARET LİMİTED ŞİRKETİ;EKİNOBA MAH. ARDIÇÖZÜ SK. NO: 5C;İSTANBUL;BÜYÜKÇEKMECE;(212) 0000000;;;İİB-YAŞ MEYVE
GUD İÇECEK SANAYİ TİC. LTD. ŞTİ.;ÇINAR MH. RIFKI TONGSİR CD. NİDA KULEA04 - 115 A;İSTANBUL;MALTEPE;(216) 0000000;;;İİB-YAŞ MEYVE
LARA MEYVECİLİK TARIM VE GIDA TİC AŞ;SULTAN SELİM MH LALE ERGÜL SK A BLOK NO 10/56;İSTANBUL;KAĞITHANE;(212) 0000000;;;İİB-YAŞ MEYVE
KARA SALKIM GIDA VE TEMİZLİK TİCARET LİMİTED ŞİRKETİ;AŞIKVEYSEL MAH.3046.SK. NO:9 A;İSTANBUL;ATAŞEHİR;(216) 0000000;;;İİB-YAŞ MEYVE
TEG YİYECEK VE İÇECEK TİC.LTD.ŞTİ;SULTAN SELİM MAH. AYBİKE SOK NO:25 A;İSTANBUL;KAĞITHANE;;;;İİB-YAŞ MEYVE
MEF METAL VE REKLAM ÜRÜNLERI SAN. VE TİC. A.Ş.;KÜÇÜKYALI SAN. SIT. GIRNE MAH.IRMAK SK. A BLOK NO:20;İSTANBUL;MALTEPE;(216) 3887456;;;İİB-YAŞ MEYVE
AYFİRA İNŞAAT DIŞ TİCARET ANONİM ŞİRKETİ;KÜÇÜKBAKKALKÖY MAHALLESİ YENİDOĞAN CADDESİ HAZAR SOKAKNUMARA:4;İSTANBUL;ATAŞEHİR;(216) 5755656;www.ayfira.com.tr;ayfira.com.tr;İİB-YAŞ MEYVE
GLOBAL MEYVELER TARIM TİCARET LİMİTED ŞİRKETİ;ESATPAŞA MAH.AŞIKVEYSEL CAD.NO:13B;İSTANBUL;ATAŞEHİR;(216) 5742932;;;İİB-YAŞ MEYVE
ENES İÇECEK VE GIDA LTD ŞTİ;KOCATEPE MH GÜMRÜK İSKELESİ CD MEGA CENTER NO 89/1133;İSTANBUL;BAYRAMPAŞA;(212) 0000000;;;İİB-YAŞ MEYVE
KEVSER SERA TARIM GICA HAYVANCILIK SANAYİ TİCARET LİMİTED ŞİRKETİ;GÖRELE MAH. İSTANBUL CAD. NO 95 İÇ KAPI NO 1;İSTANBUL;BEYKOZ;(216) 0000000;;;İİB-YAŞ MEYVE
DOLUCA BAĞCILIK VE ŞARAPÇILIK A.Ş;KEMANKEŞ CAD. NO:81 K:3-434425;İSTANBUL;KÜÇÜKÇEKMECE;(212) 2134000;www.doluca.com;doluca.com;İİB-YAŞ MEYVE
SYLVAN TARIM ÜR.SAN.VE TIC.LTD ŞTI.;ÖMERAĞA MH. ALEMDAR CD. ISMAILKOLAYLI APT. NO:14/4;KOCAELI;İZMİT;(262) 3210675;www.sylvaninc.com;sylvaninc.com;İİB-YAŞ MEYVE
PLANT İTHALAT İHRACAT TARIM SAN. VE TİC. LTD. ŞTİ.;MERKEZ MAH. ABİDE-İ HÜRRİYET CAD. NO: 161 İÇ KAPI NO: 3;İSTANBUL;ŞİŞLİ;(212) 0000000;;;İİB-YAŞ MEYVE
CONSORTIUM DIŞ TİC.LTD.ŞTİ;MAHMUTBEY MAH. TAŞOCAĞI YOLU CAD. AĞAOĞLU MY OFFICNO:3/422 ;İSTANBUL;BAĞCILAR;;;;İİB-YAŞ MEYVE
FİDAS MEYVE SULARI GIDA SAN. VE TİC. LTD. ŞTİ.;BATTALGAZİ MAH.ŞARK CAD. AYTOP SAN. SİT.GBLOK NO:5;İSTANBUL;SULTANBEYLİ;(216) 5929157;;;İİB-YAŞ MEYVE
ROYAL FOOD GIDA SAN. TİC. LTD. ŞTİ.;GÜNEŞ MAH.ÇEVRE YOLU CAD. NO:24İÇ KAPI:Z01;KIRKLARELI;LÜLEBURGAZ;(216) 3801181;;;İİB-YAŞ MEYVE
PEKMEZ DÜNYASI GIDA PAZARLAMA SAN.VE DIŞ TİC.LTD.ŞTİ;CUMHURİYET MAH. SEZA SOK NO:7/4;İSTANBUL;KARTAL;(216) 3090469;www.pekmezdunyasi.com;pekmezdunyasi.com;İİB-YAŞ MEYVE
MUSTAFA YILMAZ - VİTUP NATURAL TARIMSAL VE HAYVANSAL İÇECEK ÜRÜNLERİ ÜRETİM PAZARLAMA;GÜVERCİNTEPE MAH. GÜL SK. NO: 29 -31A ;İSTANBUL;BAŞAKŞEHİR;(212) 0000000;www.vitup.com.tr;vitup.com.tr;İİB-YAŞ MEYVE
PAŞAELİ BAĞCILIK VE ŞARAPÇILIK A.Ş.;ATATÜRK MAH. ANKARA CAD. NO:47/2 ;İZMİR;KEMALPAŞA;(232) 4462300;www.pasaeli.com;pasaeli.com;İİB-YAŞ MEYVE
EVCİN İTHALAT İHRACAT PAZARLA. VE İNŞ.TAAH.TİCARET LTD.ŞTİ.;KONAK SOK.5/1;YALOVA; ;;;;İİB-YAŞ MEYVE
ARCLİNE İÇ VE DIŞ TİC. LTD. ŞTİ.;YENİ MAH. 7052. SOK. SARALLIFE APT. NO: 1/1A İÇ KAPI NO 2;İSTANBUL;SİLİVRİ;(212) 6710409;;;İİB-YAŞ MEYVE
SEDEF BOSNIA LTD.ŞTİ;BOSNA HERSEK TÜRKİYE İSTANBULŞUBESİ MERKEZ MAH.FESHANE CAD NO:21;İSTANBUL;EYÜP;(212) 5639159;;;İİB-YAŞ MEYVE
NTC DIŞ TIC.NAK.VE TURZ.INŞ. SAN.LTD.ŞTI.;SEDİR SOK.GAZETECİLER SİTESİNO:A22/1-2 BLOK;İSTANBUL; ;(212) 2828152;;;İİB-YAŞ MEYVE
BEYDERE TEKNOLOJİ MADENCİLİK DANIŞMANLIK MÜHENDİSLİK SANAYİ VE TİCARET A.Ş.;İKİTELLİ OSB MAH. DOLAPDERE 17. ADA SK. DOLAPDERESANAYİ SİTESİ F2 BLOK NO: 36 İÇ KAPI NO: 36;İZMİR;KONAK;(212) 6599261;;;İİB-YAŞ MEYVE
UOTT DIŞ TİCARET VE TEKNOLOJİ SANAYİ TİCARET LİMİTED ŞİRKETİ;HALİDE EDİP ADIVER MH. KINALI SK. NO:1 ;İSTANBUL;ŞİŞLİ;;;;İİB-YAŞ MEYVE
EURO İNVEST CAPİTAL DIŞ TİC. LTD. ŞTİ. ;HAVAALANI KAVŞAĞI BUSİNESS PARK B2 BLOK K:12 NO:371;İSTANBUL;BAKIRKÖY;(212) 4655278;;;İİB-YAŞ MEYVE
RANDA DIŞ TİC. İTH. İHR. AŞ;HALASKARGAZI CAD.MAYA BINASI NO:198-14;İSTANBUL;ŞİŞLİ;(212) 2330464;;;İİB-YAŞ MEYVE
VT DIŞ TİCARET ANONİM ŞİRKETİ;VİŞNEZADE MAHALLESİ SÜLEYMAN SEBA CADDESİ BJK PLAZA NO 48 A BLOK DAİRE 25;İSTANBUL;BEŞİKTAŞ;(212) 2895855;;;İİB-YAŞ MEYVE
AGROWELL GIDA SAN. VE TİC. A.Ş.;ZAFER MH ADİLE NAŞİT BULVARI ARIS GRAND TOWERS NO 30-32 R;İSTANBUL;ESENYURT;(212) 9450615;www.agrowell.com.tr;agrowell.com.tr;İİB-YAŞ MEYVE
KALENDOS GIDA İTHALAT İHRACAT TİCARET LİMİTED ŞİRKETİ.;YAKUPLU MAH. GEÇİT SK. NO:15/3;İSTANBUL;BEYLİKDÜZÜ;(212) 4524001;;;İİB-YAŞ MEYVE
KRAY GIDA İTH. İHR. DAĞ.SAN. VE TİC. LTD. ŞTİ.;CUMHURİYET BAH. İHSAN SOK. NO:58/1;TEKIRDAĞ;ŞARKÖY;;;;İİB-YAŞ MEYVE
ANADOLU INTERNATIONAL MARKETİNG DIŞ TİC.A.Ş;AKÇABURGAZ MAH. 3105 SOK ANTEX ANADOLU KİMYA APT NO:8  12/1;İSTANBUL;ESENYURT;(212) 8758631;;;İİB-YAŞ MEYVE
AAD ISTANBUL GIDA VE TEMİZLİK MALZEMELRİ İTHALAT İHRACAT TİCARET LTD ŞTİ;İKİTELLİ OSB.MAH.FATİH 7BBLOK SK.FATİH 7 B BLOK NO:4;İSTANBUL;BAŞAKŞEHİR;(212) 0000000;;;İİB-YAŞ MEYVE
NRG İÇECEK GIDA ÜRETİM DAĞITIM İTH.İHR SAN TİC.A.Ş;ORHANGAZİ MAH. ISI-SO SAN SİTESİ 5 YOL L BLOKNO:15 ;İSTANBUL;ESENYURT;(212) 6230555;;;İİB-YAŞ MEYVE
AMİRAL HALI SAN.VE TİC. AŞ;MAHMUTBEY MAH.SOĞUKSU CAD. TRADE TOWER SİTESİ NO:16 İÇ KAPI:21;İSTANBUL;BAĞCILAR;(212) 8909123;www.amiralhali.com;amiralhali.com;İİB-YAŞ MEYVE
ALER TARIM GIDA İTHALAT İHRACAT SANAYİ TİCARET LİMİTED ŞİRKETİ;FATİH MAH. 105 CAD. İNNO GYO B BLOK NO:10 M ;TEKIRDAĞ;KAPAKLI;(282) 0000000;;;İİB-YAŞ MEYVE
AYDINLAR GROUP IÇ VE DIS TICARET ANONIM SIRKETI;ESENTEPE MAH. SEHIT MEHMET MIKDAT ULUÜNLÜ SK.  PROPA PLUS RESIDENCE NO: 26 IÇ KAPI NO: 26 ;İSTANBUL;ŞİŞLİ;(212) 0000000;;;İİB-YAŞ MEYVE
HISAR DOĞAL KAYNAK SU VE GER. PAZL. SAN. VE DIŞ TIC. A.Ş.;MİMARSİNAN MAH.KARANLIK KEMER MEVKİİ HİSAR SK. P.K. 49 KEMERBURGAZOK NO:100-102 PK.49 ;İSTANBUL;EYÜP;(212) 3603141;www.hisarkaynak.com.tr;hisarkaynak.com.tr;İİB-YAŞ MEYVE
ELEGANCE KOZMETİK TEKSTİL İTHALAT İHRACAT SAN.TİC. LTD.ŞTİ;YAKUPLU MH.KRİSTAL SOK;İSTANBUL;BEYLİKDÜZÜ;(212) 0000000;;;İİB-YAŞ MEYVE
HOMER GIDA TAR.HAYV.NAKL.SAN. VE TIC.LTD.ŞTI.;FEVZI ÇAKMAK CAD.BEYHAN IŞ HANKAT:3 NO:55;BURSA;OSMANGAZİ;(224) 2549698;;;İİB-YAŞ MEYVE
TUREKS İTH. İHR. VE TİC. AŞ;İSTANBUL DÜNYA TİC.MERK.HAVALİMANI KARŞ.A1 BLK K:16 NO:465;İSTANBUL;BAKIRKÖY;(212) 4680400;;;İİB-YAŞ MEYVE
ARI DAMLASI DOĞAL ÜRÜNLER SANAYİ VE TİCARET LİMİTED ŞİRKETİ;IKITELLI OSB FATİH 6A BLOK NO 1;İSTANBUL;BAŞAKŞEHİR;(212) 4855080;www.aridamlasi.com;aridamlasi.com;İİB-YAŞ MEYVE
2BE SATINALMA HİZMETLERİ DANIŞ.VE DIŞ.TİC.AŞ.;CUMHURİYET MAH. CUMHURİYET CAD. BEY CENTER PLAZA K:10 NO:74;İSTANBUL;ESENYURT;(212) 8522421;www.2be.com.tr;2be.com.tr;İİB-YAŞ MEYVE
DALAYMAN LOJİSTİK ULUSLARARASI NAKLİYAT İTHALAT İHRACAT DANIŞMANLIK LTD. ŞTİ.;YAKUPLU MAH. GEÇİT SOK. SİTESİ NO. 17 İÇ KAPI NO: 5;İSTANBUL;BEYLİKDÜZÜ;;www.dalayman.com;dalayman.com;İİB-YAŞ MEYVE
ALK GLOBAL GIDA IHRACAT ITHALAT VE TICARET LIMITED SIRKETI;MERKEZ MH. SEÇKİN SK. Z OFİS NO:2-4A İÇ KAPI NO:10;İSTANBUL;KAĞITHANE;(212) 0000000;;;İİB-YAŞ MEYVE
RUBY SERA VE TARIM ÜRÜNLERİ ANONİM ŞİRKETİ;ESENTEPE MAH. CEVİZLİ D-100 GÜNEY YANYOL CAD. TAL VİZYON D BLOK NO: 13 İÇ KAPI NO: 46;İSTANBUL;KARTAL;(216) 8050030;;;İİB-YAŞ MEYVE
NİSAN MEŞRUBAT DAĞ .PAZ. SAN.TİC.LTD.ŞTİ.;ÇAVUŞOĞLU MAH.SANATKARLAR CAD. NO:36/1;İSTANBUL;KARTAL;(216) 0000000;;;İİB-YAŞ MEYVE
CHERRY VALLEY GIDA SAN.TIC.LTD ŞTI.;*F.ÇAKMAK CAD.2/1 SOK.KAPINO:1  DAİRE:6;İSTANBUL;BAĞCILAR;(212) 4629216;;;İİB-YAŞ MEYVE
KALE ÇATAL KAŞIK BIÇAK SAN.VE TIC.LTD.ŞTI.;ESENLER YOLU SEYMEN SOK. NO:22;İSTANBUL;BAYRAMPAŞA;(212) 6122935;;;İİB-YAŞ MEYVE
MTG MERMER TURİZM GIDA VE İNŞ SANAYİ TİCARET LİMİTED ŞİRKETİ;FERHATPAŞA MAH. AKDENİZ CAD. G-73 SOK NO:20 ;İSTANBUL;ATAŞEHİR;(216) 4124553;;;İİB-YAŞ MEYVE
DEMIRAL GIDA ÜRÜN.SAN.VE DIŞ. TIC. A.Ş.;CENNET MAH.ALPASLAN CAD.NO:1 D:1KEMALPAŞA MAH. ÇUKURYURT YOLU NO:64 SARAY-TEKİRDAĞ;İSTANBUL;KÜÇÜKÇEKMECE;(262) 7684500;"www.akyamantar.com; www.sakliorman.com";;İİB-YAŞ MEYVE
BESU GIDA SAN. VE TİC. LTD.ŞTİ;YENİŞEHİR MAHALLESİ SÜMBÜL SOK. - SİTESİA BLOK NO:61İÇ KAPI NO:14;İSTANBUL;PENDİK;(216) 0000000;www.besugida.com;besugida.com;İİB-YAŞ MEYVE
HERBY GIDA SAN PAZ VE TİC AŞ;ACIBADEM MH ÇEÇEN SK AKASYA EVLERİA BLOK NO 25/A63;İSTANBUL;ÜSKÜDAR;(212) 5227316;www.herby.com.tr;herby.com.tr;İİB-YAŞ MEYVE
FORYAP İNŞ. VE ELEKTRİK TAAH. DENİZCİLİK İÇ DIŞ TİC. LTD. ŞTİ.;CEVİZLİ MH ZUHAL CD RİTİM İSTANBULB BLOK NO 44 BH ;İSTANBUL;MALTEPE;(216) 2283424;;;İİB-YAŞ MEYVE
ARDA BAĞCILIK LTD. ŞTİ.;KAYRAK MEVKİİ KÜÇÜKDÖLLÜK KÖY MERKEZİ;EDIRNE;MERKEZ;(212) 5800000;;;İİB-YAŞ MEYVE
PİNİTEKS KUMAŞÇILIK İÇ VE DIŞ TİCARET LİMİTED ŞİRKETİ;MERKEZ MAH. ZÜBEYDE HANIM CAD. NO: 4A;İSTANBUL;GÜNGÖREN;(212) 0000000;;;İİB-YAŞ MEYVE
ANC GROUP GIDA İMALAT SANAYİ VE DIŞ TİCARET LİMİTED ŞİRKETİ;KOZA MAH. 1638 SOK AÇELYA SİTESİ B BLOK D:41;İSTANBUL;ESENYURT;(212) 8926697;www.ancgroup.com;ancgroup.com;İİB-YAŞ MEYVE
HALİL İBRAHİM BEDİR;NENEHATUN MH YİĞİTCAN SKNO:10/2;İSTANBUL;ARNAVUTKÖY;(212) 7064680;;;İİB-YAŞ MEYVE
HOE DIŞ TİCARET SANAYİ LİMİTED ŞİRKETİ;DENIZKÖSKLER MAH. YOSUN SK. 0 NO: 23 IÇ KAPI NO: 1;İSTANBUL;AVCILAR;(212) 0000000;;;İİB-YAŞ MEYVE
SLPLUS GAYRİMENKUL YATIRIM A.Ş.;MOLLA FENARİ MAH. ALİBABA TÜRBE SOK.NO:24/104 ;İSTANBUL;FATİH;(212) 2152512;www.slplusgroup.com;slplusgroup.com;İİB-YAŞ MEYVE
BORİST GIDA SAN VE TİC.LTD.ŞTİ.;K.BAKKALKÖY MAH. DEFNE SOK.FLORA NO:1 İÇ KAPI  NO:231;İSTANBUL;ATAŞEHİR;;www.borist.com.tr ;borist.com.tr;İİB-YAŞ MEYVE
TAHA ONAT HAYV.GAYRİMENKUL GÜM.LOJ.TAŞ TURZ.GIDA VE TİC.LTD.ŞTİ;LONDRA CAMPİNG TESİSLERİ YENİ PASAJ NO:1KAPIKULE;EDIRNE;MERKEZ;(284) 2382030;;;İİB-YAŞ MEYVE
BAYRAM KARDEŞLERİ GIDA İNŞAAT SAN. VE DIŞ TİC. LTD. ŞTİ;KARDENİZ MAHALLESİ 1168 SOKAK NO:8 KAPI NO:1;İSTANBUL;GAZİOSMANPAŞA;(212) 0000000;;;İİB-YAŞ MEYVE
FUNGİ STR PAZARLAMA DIŞ TİC.LTD.ŞTİ.;YEŞİLTEPE MAH.OĞUZHAN CAD.NO:59/AERGENE;TEKIRDAĞ;ÇORLU;(282) 0000000;;;İİB-YAŞ MEYVE
KONFRUT AG TARIM ANONİM ŞİRKETİ;CEVİZLİ MAHALLESİ ZUHAL CADDESİ RİTİM İSTANBUL SİTA3 BLOK APT. NO.46C/182;İSTANBUL;MALTEPE;(216) 5456868;http://www.konfrutag.com.tr;konfrutag.com.tr;İİB-YAŞ MEYVE
GOLDEN BEE İTHALAT İHRACAT GIDA SANAYİ VE TİCARET LİMİTED ŞİRKETİ;BARBAROS MAH.IHLAMUR BULV. NO:3 İÇ KAPI NO:15;İSTANBUL;ATAŞEHİR;(216) 0000000;;;İİB-YAŞ MEYVE
DİONYSOS ŞARAPÇILIK PAZARLAMA İTHALAT İHRACAT SANAYİ VE TİCARET LİMİTED ŞİRKETİ;RUMELİHİSARI MAH. SIRÇACI SK. NO:23 İÇ KAPI NO:1 ;İSTANBUL;SARIYER;(216) 3345350;;;İİB-YAŞ MEYVE
BATA TARIM VE GIDA ÜRÜNLERİ TURİZM PAZARLAMA SANAYİ VE TİCARET ANONİM ŞİRKETİ;MÜEYYETZADE MAH. NECATİBEY CAD. GAYRET HAN NO:53İÇ KAPI NO:401;İSTANBUL;BEYOĞLU;(212) 2430844;http://www.safitad.com;safitad.com;İİB-YAŞ MEYVE
ÖZDAL YAŞ MEYVE SEBZE SANAYİ TİCARET LTD.ŞTİ;KOCATEPE MAH.GÜMRÜK İSKELESİ CAD. A BLOK MEGA CENT NO:89/1335;İSTANBUL;BAYRAMPAŞA;(212) 5670361;;;İİB-YAŞ MEYVE
MUTİ GIDA SANAYİ PAZARLAMA VE TİCARET A.Ş.;ULUS MAH.İSMETPAŞA CAD.KURT 1 SOK. NO:4;İSTANBUL;BÜYÜKÇEKMECE;(212) 8614530;www.mutigida.com;mutigida.com;İİB-YAŞ MEYVE
QASD GROUP İTH. VE İHR. TİC. LTD. ŞTİ.;CUMHURİYET MAH. NAZIM HİKMET BULVARI ALTINTAŞ OKUTAN PARK BLOK NO:89 İÇ KAPI: 72;İSTANBUL;ESENYURT;(212) 2894734;;;İİB-YAŞ MEYVE
MEK GROUP DIŞ TİCARET LİMİTED ŞİRKETİ;BAĞLARBAŞI MAH.SAKARYA SK.MALTE PLAZA NO:35/128;İSTANBUL;MALTEPE;(216) 0000000;;;İİB-YAŞ MEYVE
BEL KARPER GIDA SANAYI A.Ş.;DİKİLİTAŞ MH.FULYA AYAZMADERE CD.AKŞİT PLZ.NO:12 K:6;İSTANBUL;BEŞİKTAŞ;(212) 3264200;;;İİB-YAŞ MEYVE
ALPİN END. MUTFAK İNŞ. VE GIDA DIŞ TİC. LTD. ŞTİ.;ABDURRAHMANGAZİ MH.HAFIZ CD.NO.57 A;İSTANBUL;SULTANBEYLİ;(212) 2492110;;;İİB-YAŞ MEYVE
TURKUAZ GÖZETİM BELGELENDİRME VE EĞİTİM HİZM.TİC.LTD.ŞTİ;TUNA MAH. OSMAN GAZİ CAD. 24 / 2;İSTANBUL;ESENLER;(850) 2551887;saim.tasdemir@ks01.kep.tr;ks01.kep.tr;İİB-YAŞ MEYVE
SORMAZ MAKİNA SANAYİ DIŞ TİCARET LİMİTED ŞİRKETİ;ATATÜRK MAH. SEDEF SOK.NO.1/2 ESENYURT / İSTANBUL;İSTANBUL;ESENYURT;(212) 0000000;;;İİB-YAŞ MEYVE
ER EXPORTS IÇ VE DIS TICARET LIMITED SIRKETI;ORUÇREIS MAH. TEKSTILKENT CAD. TEKSTILKENT B13 BLO NO: 10 Y IÇ KAPI NO: 312 ;İSTANBUL;ESENLER;(212) 0000000;;;İİB-YAŞ MEYVE
JOLLY GIDA SAN. VE TİC. LTD. ŞTİ.;İKİTELLİ OSB  MAH.TÜMSAN 1 KISIM 3. BLOK SOK TÜMSAN 1. KISIM 3 BLOK 24/24  ;İSTANBUL;BAŞAKŞEHİR;;;;İİB-YAŞ MEYVE
ÖZTÜRK İÇECEK GIDA PAZARLAMA SAN.TİC.LTD.ŞTİ.;KOCATEPE MAHALLESİ GÜMRÜK İSKELESİ CADDESİMEGA CENTER SİT A BLOK APT NO 89/560 ;İSTANBUL;BAYRAMPAŞA;(216) 5724342;http://www.ozturkicecek.com;ozturkicecek.com;İİB-YAŞ MEYVE
ARTE FOODS GIDA DANIŞMANLIK SAN.TİC.LTD.ŞTİ.;CAMİ MAH ÇEŞMİNAZ SK YAKAMOZ VİLLALARI NO 6/1;İSTANBUL;TUZLA;(216) 3937711;;;İİB-YAŞ MEYVE
KANER DIŞ TİC.LTD.ŞTİ;KARANFİL CAD.6.ARALIK SOK.NO:50;İSTANBUL;BEŞİKTAŞ;02122847488;;;İİB-YAŞ MEYVE
NATUREL GIDA İÇ VE DIŞ TİCARET A.Ş.;KULOĞLU MH.GAZETECİ EROL DERNEK SK.Y.MELEK İŞHANI BLK.N.17/1PK:34200;İSTANBUL;BEYOĞLU;(212) 2417450;;;İİB-YAŞ MEYVE
ÇALIŞKANLAR DOK. MAM. VE EV GERÇ . PAZ. İTH. İHR. DAH. TİC. LTD. ŞTİ. ;LALELI BUYUK RESITPASA C.AHMETSUAYIP SK.NO.22;İSTANBUL; ;02125224221;;;İİB-YAŞ MEYVE
ARS KORKMAZ HALI SAN.VE DIŞ TİC.LTD.ŞTİ.;İSTİKLAL MAH. ŞEHZADE CAD. NO: 1 A;İSTANBUL;ÜMRANİYE;(216) 3284030;;;İİB-YAŞ MEYVE
RZP GROUP COMPANY DIŞ TİCARET YATIRIM ANONİM ŞİRKETİ;ATATÜRK MAH. ÖLMEZ SK. NO:4;İSTANBUL;ATAŞEHİR;(216) 4556653;;;İİB-YAŞ MEYVE
GOLDEN HORSES TURİZM İTH.İHR.SAN. VE TİC.LTD.ŞTİ.;ZAFER MAH. 177 SK. SELF İSTANBUL NO: 1 A / 13 ;İSTANBUL;ESENYURT;(212) 0000000;;;İİB-YAŞ MEYVE
DEMKO DEMİRCİ KONSERVECİLİK A.Ş.;BÜYÜKDERE CAD.MEYDAN SK.PLAZASPRING K.12;İSTANBUL;SARIYER;(212) 2118767;www.demko.com.tr;demko.com.tr;İİB-YAŞ MEYVE
EKOL FOODSERVİCE TURİZM SAN VE DIŞ TİC.A.Ş;MİMARSİNAN MAH. SARILALE SOK 8 A ;İSTANBUL;EYÜP;(212) 3213171;;;İİB-YAŞ MEYVE
RAYSU GIDA SANAYİ VE TİCARET LİMİTED ŞİRKETİ;ŞÜKRÜPAŞA MAH. 3073 SK. NO:2 İÇ KAPI NO:3;EDIRNE;MERKEZ;(284) 0000000;;;İİB-YAŞ MEYVE
SUPER BLUE DIŞ TİCARET LİMİTED ŞİRKETİ;MEVLANA MAH. EVLİYA ÇELEBİ CAD.INCILER CARŞISI NO4 İÇ KAPI NO: 69;İSTANBUL;ESENYURT;(212) 0000000;;;İİB-YAŞ MEYVE
MARK GIDA İNŞAAT İTH. VE İHR.SAN.TİC.LTD.ŞTİ.;ATAKÖY 7-8-9-10.KIS.MH.Ç.ÇEŞME E-5 YAN YOL A BLOK NO:22/1/30;İSTANBUL;BAKIRKÖY;(212) 0000000;;;İİB-YAŞ MEYVE
KOCABAĞ BAĞCILIK VE ŞARAPÇILIK LTD. ŞTI.;ATATÜRK BULVARI GÜREME YOLUNO:69 UÇHISAR KASABASI;NEVŞEHIR;NEVŞEHİR;(384) 2192979;www.kocabag.com;kocabag.com;İİB-YAŞ MEYVE
TİMO DEKORASYON AYDINLATMA İNŞAAT VE DIŞ TİCARET LİMİTED ŞİRKETİ;NURTEPE MH DİYAR SK NO:1-C;İSTANBUL;KAĞITHANE;(212) 3954258;www.timodekarasyon.com;timodekarasyon.com;İİB-YAŞ MEYVE
SADEE GLOBAL TOPTAN GIDA PAZ.DAĞ.İTH.İHR. LTD.ŞTİ;İNÖNÜ MH ATATÜRK BLV. SULTANGAZİ BELEDİYESİ 54/1ASULTAN TOWN AVM;İSTANBUL;SULTANGAZİ;(212) 0000000;;;İİB-YAŞ MEYVE
AL BARAKA GIDA ITHALAT IHRACAT SANAYI VE TICARET LIMITED SIRKETI;RAMI YENI MAH  KURU GIDA 11. SK. NO: 48 IÇ KAPI 1;İSTANBUL;EYÜP;(212) 6234545;;;İİB-YAŞ MEYVE
VM GIDA NAKLIYAT IÇ VE DIS TICARET INSAAT TAAHHÜT ANONIM SIRKETI;GÖKTÜRK MERKEZ MAH. KUMLUGEÇIT SK. RIVERSIDE ABLOKNO: 10 A IÇ KAPI NO: 18;İSTANBUL;GAZİOSMANPAŞA;(212) 2109310;;;İİB-YAŞ MEYVE
CAPO GIDA SAN VE DIŞ TİC AŞ;KÜÜKBAKKALKÖY MH KÜÇÜK SETLİ SK NO 6B/0;İSTANBUL;ATAŞEHİR;(216) 0000000;;;İİB-YAŞ MEYVE
AKAYA GIDA SANAYİ VE TİCARET LİMİTED ŞİRKETİ;TOMTOM MAHİSTİKLAL CADDESİBEYOĞLU İŞ MERKEZİBL NO:187/147;İSTANBUL;BEYOĞLU;(212) 0000000;;;İİB-YAŞ MEYVE
KORHAN SERA PAZARLAMA VE DIŞ TİCARET ANONİM ŞİRKETİ;İÇERENKÖY MAH. ÇAYIR CAD. PARTAS CENTER NO:1/4 KAT;İSTANBUL;ATAŞEHİR;(216) 4032200;;;İİB-YAŞ MEYVE
ARIKON İNŞ. SAN. VE YATIRIM LTD. ŞTİ;HACIMİMİ MAH. ARAP OĞLAN SK. NO:7 DAİRE:8;İSTANBUL;BEYOĞLU;(212) 2801518;;;İİB-YAŞ MEYVE
DEMİR İHRACAT İTHALAT TEKSTİL GIDA TİCARET LİMİTED ŞİRKETİ;ZUHURATBABA MAH. GÜLDEREN SK. A BLOKNO: 2 /8 İÇ KAPI NO: 16;İSTANBUL;BAKIRKÖY;(212) 0000000;;;İİB-YAŞ MEYVE
AYATAY GIDA İNŞ.İTH.İHR.VE TİC LTD.ŞTİ;KAYABAŞI MAH.ULUBATLI HASAN CAD.GİRİŞ KAYAŞEHİR C7 BLOK NO:2 D 4;İSTANBUL;BAŞAKŞEHİR;(212) 0000000;;;İİB-YAŞ MEYVE
SEÇ SALÇA KONS.SAN.VE TİC.LTD. ŞTİ.;RAMİ KURU GIDA SİT. ST BLOK NO 7RAMİ-EYÜP;İSTANBUL;EYÜP;(212) 6141802;www.secsalca.com.tr;secsalca.com.tr;İİB-YAŞ MEYVE
ARAS TOPLU TÜKETİM GIDA SANAYİ TİCARET LİMİTED ŞİRKETİ;ŞAHİNTEPE MAH. LALEZAR SK. IGTOT ÇARŞI 5A BLOKNO:4 Z 13;İSTANBUL;BAŞAKŞEHİR;(212) 5724342;http://www.arasgıda.com;xn--arasgda-vfb.com;İİB-YAŞ MEYVE
GURMELER GIDA DIŞ TİCARET ANONİM ŞİRKETİ;ÇİFTLİK MAH. ÇAVUŞBAŞI CUMHURİYET CAD. NO: 187 C;İSTANBUL;BEYKOZ;(216) 0000000;;;İİB-YAŞ MEYVE
ÖZ KILIÇARSLAN GIDA İTHALAT VE İHRACAT LİMİTED ŞİRKETİ;KAVAKLI MAH LALEGÜL SOK KONUT NO:3 İÇ KAPI NO:1;İSTANBUL;BEYLİKDÜZÜ;(212) 0000000;;;İİB-YAŞ MEYVE
AKDERMAN TİCARİ ALANLAR İNŞAAT PAZARLAMA YÖNETİM VE YATIRIM ANONİM ŞİRKETİ;EĞITIM MH.POYRAZ SK.SÖĞÜTLÜÇEŞME IŞMERK.NO.3/36;İSTANBUL;ŞİŞLİ;(216) 4494306;;;İİB-YAŞ MEYVE
VARS GIDA TEMİZLİK VE PAZARLAMA LTD. ŞTİ.;YANIK MAH. YANIK ORTA SK. KÖY KONAGI NO: 19;SAKARYA;SAPANCA;(264) 0000000;https://varsfoods.com/;varsfoods.com;İİB-YAŞ MEYVE
TRAKYA MANTAR GID.TAŞ.TURZ.INŞ TAAH.EML.OTO.SAN.TIC.LTD.ŞTI.;GÜNGÖRMEZ KÖYÜ-LALADERE PİKNİK ALANI;TEKIRDAĞ;SARAY;(282) 7686560;;;İİB-YAŞ MEYVE
ZEYNALLI İÇ VE DIŞ TİCARET LİMİTED ŞİRKETİ;MUSTAFA KEMALPAŞA MAH. KARADUT SK. EREN APT ERENAPT NO: 143 B ;İSTANBUL;AVCILAR;(212) 0000000;;;İİB-YAŞ MEYVE
GAYE GRUP GLOBAL GIDA KOZMETİK VE DAYANIKLI TÜKETİM ÜRÜNLERİ PAZARLAMA SAN. VE TİC. LTD.ŞTİ.;HALİL RIFAT PAŞA MAH. YÜZER HAVUZ SK.PERPA TİC MRK B BLOK NO:1/1;İSTANBUL;ŞİŞLİ;(212) 3252415;;;İİB-YAŞ MEYVE
MZSG GIDA SANAYİ VE TİCARET LİMİTED ŞİRKETİ;YENİ MAH 2179 SK. A BLOK NO:20B İÇ KAPI NO:7;SAKARYA;HENDEK;(264) 2787929;;;İİB-YAŞ MEYVE
MERİSA GIDA SANAYİ TİCARET ANONİM ŞİRKETİ;ÖMERAĞA MAH. İSTİKLAL CAD. GAKKO İŞ HANI SİTESİ NO85/48;KOCAELI;İZMİT;(262) 0000000;http://info@merisagida.com;merisagida.com;İİB-YAŞ MEYVE
ERMS GIDA İTH.İHR.SAN. VE TİC.LTD.ŞTİ.;REŞİTPAŞA MH ESKİ BÜYÜKDERE CD NO 14/24;İSTANBUL;SARIYER;(212) 0000000;;;İİB-YAŞ MEYVE
TORUNLAR GIDA SAN.VE TİC.A.Ş;KAVACIK RÜZGARLIBAHÇE 95.SOK.NO:6;İSTANBUL; ;(216) 4250328;;;İİB-YAŞ MEYVE
EKİN KOCADAĞ ZEYTİN VE GIDA SANAYİ TİCARET LİMİTED ŞİRKETİ;PETROL İŞ MAH.BATMAN SOK.NO:19 İÇ KAPI NO:5;İSTANBUL;KARTAL;;www.ekinkocadag.com;ekinkocadag.com;İİB-YAŞ MEYVE
FETTAHOĞLU MEŞRUBAT VE GIDA SAN.VE TIC.LTD.ŞTI.;EYÜP SULTAN MAH. SEKMEN CAD.NO:20;İSTANBUL;SANCAKTEPE;(216) 3119660;www.gozemeyvesuyu.com;gozemeyvesuyu.com;İİB-YAŞ MEYVE
HAZAR İNŞ.DIŞ TİC.LTD.ŞTİ.;YADİGAR KONAK ŞEMSİBEY SOK NO:4/3;İSTANBUL;ÜSKÜDAR;(216) 4220302;;;İİB-YAŞ MEYVE
İSTANBUL OUTLET PERAKENDE MAĞAZACILIK ZÜCCACİYE İLETİŞİM SAN. VE TİC. LTD. ŞTİ.;KÖYÜN KENDİSİ KAPIKULEYOLU SK. NO: 42 İÇ KAPI NO: 1;EDIRNE;MERKEZ;(212) 4240245;;;İİB-YAŞ MEYVE
TR INTERNATIONAL DIŞ TİC LTD ŞTİ;BARBAROS MH HALK CD NO 8/A3;İSTANBUL;ATAŞEHİR;(216) 6636022;;;İİB-YAŞ MEYVE
DOĞUŞ LOJİSTİK NAK.İNŞ.SAN.VE TİC.A.Ş.;CİHANGİR MAH.PETROL OFİSİ CAD.NO:30 İÇ KAPI NO:25;İSTANBUL;AVCILAR;(212) 8762170;;;İİB-YAŞ MEYVE
NATURATÜRK GIDA PAZARLAMA İÇ VE DIŞ TİCARET LİMİTED ŞİRKETİ;MERKEZ MAH. HASAT SK. KAMARA NO: 52 / 1;İSTANBUL;ŞİŞLİ;(212) 6931020;;;İİB-YAŞ MEYVE
VARİOLİNE İSTANBUL DIŞ TİC.A.Ş;ÇAYIR CAD.ÖZCE CENTER NO:3/7;İSTANBUL;ATAŞEHİR;(216) 5728282;www.varioline.com.tr;varioline.com.tr;İİB-YAŞ MEYVE
BAYNAT GIDA.A.Ş;ESENTEPE MAH.BÜYÜKDERE CAD. TEKFEN NO:209 İÇ KAPI NO:8;İSTANBUL;ŞİŞLİ;(212) 0000000;;;İİB-YAŞ MEYVE
POL ANTREPOCULUK VE LOJİSTİK HİZMETLERİ ANONİM ŞİRKETİ;EYÜP SULTAN MAH. MÜMİNLER CAD. NO: 58 ;İSTANBUL;SANCAKTEPE;(212) 2427778;;;İİB-YAŞ MEYVE
FLEXEAT GIDA SANAYİ TİCARET A.Ş.;ZÜHTÜPAŞA MAH. ŞEFİKBEY SOK. NO:3;İSTANBUL;KADIKÖY;(216) 0000000;;;İİB-YAŞ MEYVE
EP TARIM ANONIM SIRKETI;SERIFALI MAH. HATTAT SK. NO: 49;İSTANBUL;ÜMRANİYE;(216) 3400034;;;İİB-YAŞ MEYVE
İLHAN BOLAT MİMARLIK İNŞAAT TİCARET LİMİTED ŞİRKETİ;BAHÇELİEVLER MAH. KIZILAY SK. NO: 5 İÇ KAPI NO: 1;BOLU;MERKEZ;(374) 2221914;;;İİB-YAŞ MEYVE
NATUR YAŞ SEBZE MEYVE TİC. İTH. VE İHR. A.Ş.;DUMLUPINAR MAH.PELİN SK. B BLOK NO: !8;İSTANBUL;KADIKÖY;(216) 0000000;http://www.natur.net.tr;natur.net.tr;İİB-YAŞ MEYVE
WISH FOR TEKSTİL SATIŞ TİCARET İTHALAT İHRACAT LİMİTED ŞİRKETİ;ORUÇ REİS MH VADİ CD İSTANBUL TİCARET SARAYI  NO:108 İÇ KAPI NO:550;İSTANBUL;ESENLER;(212) 0000000;;;İİB-YAŞ MEYVE
NEFİS MEŞRUBAT GIDA İTHALAT İHRACAT SANAYİ VE TİCARET LİMİTED ŞİRKETİ;ALTINKAYA MAH.MERAL.SK.NO:3/A;SAMSUN;BAFRA;(362) 5444672;;;İİB-YAŞ MEYVE
NUPELDA TEKSTİL DIŞ TİCARET LİMİTED ŞİRKETİ;PINAR MAH. 1266. SK. AK TOVERS-B BLOK NO: 14C İÇ KAPI NO: 39;İSTANBUL;ESENYURT;(212) 0000000;;;İİB-YAŞ MEYVE
GÜRBÜZ GIDA A.Ş;YENİ MAH. D-100 KARAYOLU ÜZERİ NO:33 C BLOK 10-27B.KARIŞTIRAN ;KIRKLARELI;LÜLEBURGAZ;(288) 4361066;;;İİB-YAŞ MEYVE
ERK FONKSİYONEL İCECEKLER VE GIDA SAN.TİC.LTD.STİ;126. SOK. 27/1 ;İSTANBUL;BEYLİKDÜZÜ;;;;İİB-YAŞ MEYVE
TROY MEYVE SEBZE TİCARETİ VE PAZARLAMA LİMİTED ŞİRKETİ;MESİHPAŞA MAH. ORDU CAD. LALELI IŞ MERKEZI NO:89/604;İSTANBUL;FATİH;(212) 5178036;;;İİB-YAŞ MEYVE
REAL CİPS GIDA SANAYİ TİCARET ANONİM ŞİRKETİ;GEBZE OSB MAH. 800. SK. NO: 805 /2 ;KOCAELI;GEBZE;(262) 0000000;;;İİB-YAŞ MEYVE
ARTWAY LOJİSTİK HİZM. VE DIŞ TİC LTD ŞTİ;ATAKENT MH 221 SK ROTA OFFICE A BLOK NO 3/A 17;İSTANBUL;KÜÇÜKÇEKMECE;(850) 3052555;www.artway.com.tr ;artway.com.tr;İİB-YAŞ MEYVE
EFOR YATIRIM SANAYİ TİCARET ANONİM ŞİRKETİ;İÇERENKÖY MAH. DESTAN SOK. EFOR PLAZA NO:6İÇ KAPI:11;İSTANBUL;ATAŞEHİR;(216) 5926053;www.akpascay.com.tr;akpascay.com.tr;İİB-YAŞ MEYVE
SAFİ YAŞ SEBZE MEYVE İTHALAT İHRACAT İNŞAAT SANAYİ VE TİCARET LİMİTED ŞİRKETİ;MEHMET NESİH ÖZMEN MAH. HALDUN TANER SK. KENTSİTESİ A-8 BLOK NO: 9 İÇ KAPI NO: 5 ;İSTANBUL;GÜNGÖREN;(212) 0000000;;;İİB-YAŞ MEYVE
YENİ MAGAZACILIK ANONİM ŞİRKETİ;BURHANIYE MAH. NAGEHAN SK. B NO: 4 B IÇ KAPI NO: 1;İSTANBUL;ÜSKÜDAR;(212) 2107597;;;İİB-YAŞ MEYVE
TUĞRA SU LOJ GIDA İNŞ.SAN VE TİC.LTD.ŞTİ.;İHSANİYE MAH. HATEM SOK NO:3/1;İSTANBUL;ÇATALCA;(212) 0000000;;;İİB-YAŞ MEYVE
BACO İÇ VE DIŞ TİCARET LİMİTED ŞİRKETİ;MASLAK MAH. MASLAK MEYDAN SK. BEYBI GIZ PLAZAA BLOK NO: 1 İÇ KAPI NO: 55;İSTANBUL;SARIYER;(212) 0000000;;;İİB-YAŞ MEYVE
AS SWAN ULUSLARARASI DIŞ TİC. VE SAN. LTD. ŞTİ;SEYYİD ÖMER MAHALLESI HUSEYİN KAZIM SOKAK NO : 50 / A;İSTANBUL;FATİH;(212) 8904350;;;İİB-YAŞ MEYVE
BEYKÖYÜ GIDA ÜRÜNLERİ SANAYİ VE TİC.A.Ş.;OVAYENİCE MH ÇATALCA CD NO:281;İSTANBUL;ÇATALCA;(212) 6526484;;;İİB-YAŞ MEYVE
LEVENTO İÇ VE DIŞ TİC.LTD.ŞTİ;CUMHURİYET MAH.ANNEM SOKAK NUMARA:9/202;SAKARYA;ADAPAZARI;(264) 2740359;;;İİB-YAŞ MEYVE
CORVUS TARIM GIDA TEKS.ŞARAP.I NŞ.TUR.VE HAVA.SAN.VE TIC.A.Ş.;SÜLEYMAN SEBA CAD.ABACI LATİFSOKAK NO:1/3;İSTANBUL;BEŞİKTAŞ;(212) 2367636;;;İİB-YAŞ MEYVE
ALTINPINAR KAYNAK SUYU İŞLETMESİ İMALAT SANAYİ VE TİCARET LİMİTED ŞİRKETİ;GÜMÜŞPINAR MAH.BOZYİĞİT SOK. NO:19;İSTANBUL;ÇATALCA;(212) 2213311;http://www.altinpinar.com.tr;altinpinar.com.tr;İİB-YAŞ MEYVE
ARCADİA VİNEYARDS TURİZM TARIM ÜRÜNLERİ VE TİC.LTD.ŞTİ;HAMITABAT KÖYÜ NO:353/B;KIRKLARELI;LÜLEBURGAZ;(216) 3459322;www.arcadiavineyards.com;arcadiavineyards.com;İİB-YAŞ MEYVE
RWAJ GROUP GIDA GÜVENLİK ORGANİZASYON TİC.LTD.ŞTİ.;MAHMUTBEY MAH.TAŞOCAĞI YOLU CAD.AĞAOĞLU MY OFFICE212 NO:3/160;İSTANBUL;BAĞCILAR;;;;İİB-YAŞ MEYVE
SS PAZARLAMA GIDA LİMİTED ŞİRKETİ;GÜZELLER MAH. İBRAHİM AĞA CAD. NO: 18 İÇ KAPI NO: 1;KOCAELI;GEBZE;(262) 6418997;;;İİB-YAŞ MEYVE
MELEKSU GIDA SANAYİ VE TİCARET LİMİTED ŞİRKETİ;MİMAR SİNAN MAH. ÜSKÜDAR CAD. YEDPA 1 H/1 D:35;İSTANBUL;ATAŞEHİR;(216) 0000000;;;İİB-YAŞ MEYVE
HAZNEDAR GIDA ÜRETİM TAŞ. VE TİC.LTD.ŞTİ.;AKBABA MAH.ESKİ FENER YOLU SK.HAZNEDAR NO:18 A;İSTANBUL;BEYKOZ;(216) 0000000;;;İİB-YAŞ MEYVE
ROYALMAX İÇECEK SANAYİ VE TİCARET ANONİM ŞİRKETİ;GÜNES MAH. KOCAMAN CAD. NO: 32;KIRKLARELI;LÜLEBURGAZ;(212) 8064776; www.royalmaxicecek.com ;royalmaxicecek.com;İİB-YAŞ MEYVE
GULER KIMYA SAGLIK DAN.VE DIS TIC.LTD.STI.;ISTANBUL CAD.KIRMIZI ŞEBBOY SKŞAHINLER IŞH.NO:34/4-202;İSTANBUL;BAKIRKÖY;(212) 2214160;;;İİB-YAŞ MEYVE
ÇEKOK GIDA SANAYİ TİCARET ANONİM ŞİRKETİ;ÇEŞMELİ BELDESİ FATİH MAH. MERSİN CAD. 295/A -297 -A;MERSIN;ERDEMLİ;(324) 5442725;www.cekok.com.tr;cekok.com.tr;İİB-YAŞ MEYVE
FERPA ENERJİ VE  GIDA SAN.IHR.ITH.LTD.ŞTI;BAKIR VE PIRINÇ SANAYI  SIT.SARDUNYA CD. N:2;İSTANBUL;BEYLİKDÜZÜ;(212) 8753173;www.ferpagida.com;ferpagida.com;İİB-YAŞ MEYVE
HAYFA GIDA SANAYİ VE TİCARET LİMİTED ŞİRKETİ;MASLAK MAH. SAAT SK. SPINE TOWER NO:5/21;İSTANBUL;SARIYER;(216) 3473838;;;İİB-YAŞ MEYVE
ŞEMS TARIM GIDA VE TİC.LTD.ŞTİ;KEMALPAŞA MAH. AĞA YOKUŞU SOK ORKİDE APT NO:17/8;İSTANBUL;FATİH;(212) 0000000;;;İİB-YAŞ MEYVE
CENKER İÇ VE DIŞ TİC. VE SAN. LTD.ŞTİ.;KUŞCU MAH. KUŞCU MÜCAVİR KÜME EVLER NO: 53;ANKARA;POLATLI;(312) 6238816;;;İİB-YAŞ MEYVE
ALAZ İHRACAT İTHALAT A.Ş.;EMEKYEMEZ MAH. OKÇU MUSA CAD. TEZGÜL İŞHANI NO:2İÇ KAPI:2;İSTANBUL;BEYOĞLU;(284) 2382221;;;İİB-YAŞ MEYVE
AHMET ADNAN KUTMAN;YENİ MAHALLE YALI CAD ;TEKIRDAĞ;ŞARKÖY;;;;İİB-YAŞ MEYVE
LİOLİ GROUP İÇ VE DIŞ TİCARET ANONİM ŞİRKETİ;KÜÇÜK ÇAMLICA MAH. YANIK SK. NO: 2 ;İSTANBUL;ÜSKÜDAR;(216) 5190007;https://lioligroup.com/;lioligroup.com;İİB-YAŞ MEYVE
SATEM GRUP GIDA DAĞITIM VE PAZARLAMA ANONİM ŞİRKETİ;İÇERENKÖY MAH. ERTAÇ SK. NO: 2 İÇ KAPI NO: 5;İSTANBUL;ATAŞEHİR;(216) 2251535;;;İİB-YAŞ MEYVE
GRİFFON DAN. ARACILIK HİZM. SAN. VE TİC. LTD. ŞTİ.;GÖKEVLER MAH. 2312 SOK.NO:16C/140 ESENYURT;İSTANBUL;ESENYURT;(212) 8533480;;;İİB-YAŞ MEYVE
PALM ASİA GIDA ANONİM ŞİRKETİ;CAFERAĞA MAH. GENERAL ASIM GÜNDÜZ CAD. NO: 62  İÇ KAPI NO: 5;İSTANBUL;KADIKÖY;(216) 0000000;http://www.palmasia.co;palmasia.co;İİB-YAŞ MEYVE
KEYTO İNTERNATİONAL GIDA SANAYİ TİCARET LİMİTED ŞİRKETİ;CİBALİ MAH. BIÇAKÇI ÇEŞMESİ SK. ÇINAR APART NO: 33;İSTANBUL;FATİH;(212) 5521225;;;İİB-YAŞ MEYVE
ÇETİNKAYA İLAÇ SAN.TİC.A.Ş.;BOLU ORGANİZE SANAYİ BÖLGESİ NO:120/10SUSUZKINIK KÖYÜ;BOLU;MERKEZ;(374) 2439585;www.cetinkayailac.com.tr;cetinkayailac.com.tr;İİB-YAŞ MEYVE
TUNÇ SALCA KONSERVE GIDA SANAYİ VE TİCARET ANONİM ŞİRKETİ;FENER YOLU BAĞDAT CAD. EGEMEN SOK.ÇAMLIK APT.NO:23/1;İSTANBUL;KADIKÖY;;;;İİB-YAŞ MEYVE
EFLAKİ TARIM ORGANİK GIDA ÜRÜNLERİ AKARYAKIT NAKLİYE İNŞAAT TURİZM VE PLASTİK SANAYİ VE TİC.LTD.ŞTİ.;TEPECİK MAH.KUŞADASI CAD.NO:77/A;İZMİR;SEFERİHİSAR;(232) 7433434;ww.eflakitarim.com;ww.eflakitarim.com;İİB-YAŞ MEYVE
LEVANTLİNE GIDA SANAYİ VE TİCARET LİMİTED ŞİRKETİ;ZÜHTÜPAŞA MAH. ZAHİTBEY SK. ÇITAK İŞ MERKEZİ KAPI NO:18 DAİRE NO:2;İSTANBUL;KADIKÖY;(216) 0000000;;;İİB-YAŞ MEYVE
GI DENİZCİLİK VE İTH.İHR.LTD.ŞTİ.;MERKEZ MAH.KOCAMANSUR SOK.NO:72/2;İSTANBUL;ŞİŞLİ;(212) 2911162;;;İİB-YAŞ MEYVE
KRY GIDA PAZ.TUR.İTH.İHR.SAN.VE TİC.LTD.ŞTİ.;BARAJ MAH.5873 SK. NO :13;ANTALYA;KEPEZ;(242) 0000000;;;İİB-YAŞ MEYVE
TEDARİST TOPTAN GIDA TİCARET VE SANAYİ LİMİTED ŞİRKETİ;İKİTELLİ OSB MAH PİK DÖKÜMCÜLER SANAYİ SİTESİ SK.  TEM 34 İKİTELLİ KAPI:27 D:121 ;İSTANBUL;BAŞAKŞEHİR;(212) 4853939;;;İİB-YAŞ MEYVE
TÜRKCOM  GIDA SANAYİ VE TİC.A.Ş;KAVACIK MAH. EKINCILER CAD. ELBISTAN SOK . CALINOS İŞ MERKEZI 6/3 ;İSTANBUL;BEYKOZ;(216) 0000000;;;İİB-YAŞ MEYVE
GKN SİNTER İSTANBUL METAL SANAYİ VE TİCARET ANONİM ŞİRKETİ;P.K.14;İSTANBUL;BÜYÜKÇEKMECE;(212) 2731136;;;İİB-YAŞ MEYVE
MARTAŞ MARMARA GIDA SAN. IMAL. IHR. TIC. A.Ş.;İSTİKLAL CAD. CEBİRHAN K:2 NO:20/30;KOCAELI;KANDIRA;(262) 3222256;www.martasas.com;martasas.com;İİB-YAŞ MEYVE
ŞENGÜL YAZILIM GIDA SANAYİ LİMİTED ŞİRKETİ;KÖŞKLÜ ÇEŞME MAH. GÜMÜŞPALA CAD. NO: 7B;KOCAELI;GEBZE;(262) 0000000;;;İİB-YAŞ MEYVE
ALFA KURU GIDA SANAYİ VE DIŞ TİCARET ANONİM ŞİRKETİ;KOCATEPE MAH.YAĞ İSKELESİ CAD. MEGA CENTERSİT.C-43 BLK.N.11B;İSTANBUL;BAYRAMPAŞA;(212) 0000000;;;İİB-YAŞ MEYVE
LIVETY FOOD GIDA İTHALAT İHRACAT SANAYİ VE TİCARET LTD. ŞTİ.;YEŞİLKÖY MAH. ATATÜRK CAD. EGS BUSİNESS PARK.NO:12  İÇ KAPI:1;İSTANBUL;BAKIRKÖY;(212) 5220150;;;İİB-YAŞ MEYVE
HASYONEY TARIM ÜRÜNLERİ SAN VE TİC.LTD.ŞTİ;KANARYA MAH. ALAKARGA SOK NO:29C ;İSTANBUL;KÜÇÜKÇEKMECE;;;;İİB-YAŞ MEYVE
NEMA İÇEÇEK TİCARET LİMİTED ŞİRKETİ;FEVZİ ÇAKMAK MAH.ZAMBAK SOKAK NAZAR APT NO:33/B;İSTANBUL;BAHÇELİEVLER;(212) 0000000;;;İİB-YAŞ MEYVE
THE VOCA GIDA İTHALAT İHRACAT LTD. ŞTİ.;ORTA MAH. MARİFET SK. NO.6 /33 ;İSTANBUL;KARTAL;(216) 5931000;;;İİB-YAŞ MEYVE
EKOMARKT GIDA SANAYİ TİCARET LİMİTED ŞİRKETİ;İKİTELLİ OSB MAH. GİYİM SANATKARLARI 1A BLOK SK. GSTN  1A BLOK NO: 1 ABLOK / 1B026;İSTANBUL;BAŞAKŞEHİR;(212) 4656999;;;İİB-YAŞ MEYVE
NAMLI ZEYTİNLERİ TİC. VE SAN. LTD. ŞTİ.;UMURBEY MAH.YALOVA YOLU CD.NO:20/A;BURSA;GEMLİK;(224) 0000000;www.namlizeytinleri.com;namlizeytinleri.com;İİB-YAŞ MEYVE
MEGA İLAÇ SANAYİ VE PAZARLAMA LİMİTED ŞİRKETİ;ATATÜRK SAN.BÖLGESI ENYAP FAB.AŞAGISI TEKINSAN YANI;İSTANBUL; ;(212) 7712211;;;İİB-YAŞ MEYVE
BFRUİT GIDA SAN VE DIŞ TİCARET A.Ş.;İHSANİYE MAH. LEYLAK (110) SOK. RIZVANOĞLU 1453 FSM İŞ MERKEZİNO:3A İÇ KAPI NO:59;BURSA;NİLÜFER;(216) 0000000;;;İİB-YAŞ MEYVE
LİVA TOPLU TÜKETİM GIDA OTOM.İNŞ.SAN.TİC.LTD.ŞTİ.;ÇAVUŞOĞLU MAH.NAMIK KEMAL CAD.NO:16;İSTANBUL;KARTAL;(216) 3898884;;;İİB-YAŞ MEYVE
SAYIN INŞAAT TICARET VE SANAYİ LİMİTED ŞİRKETİ;BEŞKÖPRÜ MAH. D100KARAYOLU CAD. NO:176;SAKARYA;SERDİVAN;(264) 2911901;;;İİB-YAŞ MEYVE
MEHMET CUMHUR ERKAN;İSPAT CAMİİ MAH MİNE SOK NO:4 KAT:2;EDIRNE;KEŞAN;;;;İİB-YAŞ MEYVE
OKA YAZILIM METAL GIDA İTHALAT İHRACAT SANAYİ VE TİC.LTD.ŞTİ.;GÜZELTEPE MAH. DEFTERDAROĞLU SK. NO:7/2/02;İSTANBUL;ÜSKÜDAR;(216) 0000000;;;İİB-YAŞ MEYVE
DAHDOH DIŞ TİC. LTD. ŞTİ.;MOLLA GÜRANİ MAH.TURGUT ÖZAL MİLLET CAD.NO:78/3;İSTANBUL;FATİH;(212) 0000000;;;İİB-YAŞ MEYVE
FLY FOOD SERVİCE İÇ VE DIŞ TİCARET LİMİTED ŞİRKETİ;HÜRRİYET MAH. MEHMET AKİF ERSOY CAD. NO: 46A;İSTANBUL;KARTAL;(216) 0000000;;;İİB-YAŞ MEYVE
NETFOODS FROZEN GIDA PAZ AŞ;FATİH MH YAKACIK CD NO 183C/122;İSTANBUL;SANCAKTEPE;(216) 0000000;;;İİB-YAŞ MEYVE
ALİCE VİBE GIDA SANAYİ VE DIŞ TİCARET LİMİTED ŞİRKETİ;ÇOBANÇEŞME MAH. OKUL SK. NO: 42;İSTANBUL;BAHÇELİEVLER;(212) 0000000;;;İİB-YAŞ MEYVE
ZMC DIŞ TİCARET LTD.ŞTİ.;BARBAROS MH. FESLEĞEN SK. AĞAOĞLU SUNCITY 2C-BLK NO:111;İSTANBUL;ATAŞEHİR;(216) 6885781;;;İİB-YAŞ MEYVE
BATI TRAKYA KAHVE KAKAO GIDA SAN.VE TİC.A.Ş.;KAPUCU MAH.KURTULUŞ CAD.NO:32/2;EDIRNE;İPSALA;(284) 6162627;;;İİB-YAŞ MEYVE
OKTRANS ULAŞIM VE LOJİSTİK DIŞ TİC. A.Ş.;SUADİYE MAH. AYŞE ÇAVUŞ CAD. ÖZLER APT. NO:22 D:6;İSTANBUL;KADIKÖY;(216) 3846090;www.oktrans.com.tr;oktrans.com.tr;İİB-YAŞ MEYVE
MWB OZMAN TRADING MEŞRUBAT GIDA DIŞ TİCARET LTD.ŞTİ.;MAHMUTBEY MAH. 2411. SK. NO:1;İSTANBUL;BAĞCILAR;(212) 8726080;;;İİB-YAŞ MEYVE
REDBULL GIDA DAĞ.VE PAZ.TIC. LTD.ŞTI.;ÜNALAN MAH.LİBADİYE CAD.EMAAR SQUARE SİT.F BLOK APT  NO:82 F/20;İSTANBUL;ÜSKÜDAR;(216) 6331600;www.redbull.com.tr;redbull.com.tr;İİB-YAŞ MEYVE
ÖZKAYNAK MADEN SUYU TIC. LTD. ŞTI.;Y.DOĞAN MAH. ABDİ IPEKÇI CAD.NO:66;İSTANBUL;BAYRAMPAŞA;;;;İİB-YAŞ MEYVE
M Y GRUP BİLİŞİM VE DANIŞMANLIK HİZMETLERİ TİC. LTD.ŞTİ.;BARBAROS MAH YAVUZ SELİM CAD BAYRAM SK BARÇAĞ PLAZA N:1/A;İSTANBUL;ATAŞEHİR;(216) 5534453;www.mygruplimited.com;mygruplimited.com;İİB-YAŞ MEYVE
VARHAN DEVELOPMENT İÇ VE DIŞ TİCARET LİMİTED ŞİRKETİ;CAFERAĞA MAH. GENERAL ASIM GÜNDÜZ CAD. NO: 62 İÇKAPI NO: 5;İSTANBUL;KADIKÖY;(216) 0000000;;;İİB-YAŞ MEYVE
FROOTS TRADİNG GIDA VE KOZM İTH.İHR.LTD.ŞTİ;İNÖNÜ MAH. 363 SOK HDL İŞ MERK NO:35 -37/16;İSTANBUL;ESENYURT;(212) 8768835;;;İİB-YAŞ MEYVE
EVD GIDA SAĞLIK ANONİM ŞİRKETİ;ORTABAYIR MAH. BELLER SOK NO:19/A;İSTANBUL;KAĞITHANE;(212) 2333036;;;İİB-YAŞ MEYVE
ASAF KURU GIDA İTHALAT İHRACAT İÇ VE DIŞ TİCARET LTD.ŞTİ;FERAHEVLER MAHALLESİ ADNANKAHVECİ CADDESİ NO 42 A;İSTANBUL;SARIYER;(212) 0000000;;;İİB-YAŞ MEYVE
EVSU GIDA İNŞ. SAN. VE TİC. A.Ş;KÖYÜN KENDİSİ SOK.EVSU GIDA NO:106KAPI:1;DÜZCE;GÜMÜŞOVA;;;;İİB-YAŞ MEYVE
OFFER İÇECEK VE GIDA PAZARLAMA  ANONİM ŞİRKETİ;İÇERENKÖY MAHALLESİ DESTAN SOKAK EFOR PLAZA NO: 6 İÇ KAPI NO: 13;İSTANBUL;ATAŞEHİR;(216) 2520746;http://www.eforcay.com;eforcay.com;İİB-YAŞ MEYVE
VENPRIMA E-TİCARET İTHALAT İHRACAT A.Ş.;ESENTEPE MAH. KESKİN KALEM SOK. PROF. MUKERREM HICAPT. NO:27 İÇ KAPI NO:5;İSTANBUL;ŞİŞLİ;(212) 0000000;;;İİB-YAŞ MEYVE
GLOBE MADENCİLİK SANAYİ VE TİCARET ANONİM ŞİRKETİ;İÇERENKÖY MAHALESİ ÇETİNKAYA SOKAK NO:28/2 ;İSTANBUL;ATAŞEHİR;;;;İİB-YAŞ MEYVE
İKBAL GIDA VE İHTİYAÇ MAD.İML. SAN.İÇ VE DIŞ TİC.A.Ş.;ORG.SAN.BÖL.1.CAD.1.SOK.NO:19;AFYON;AFYONKARAHİSAR;(272) 2211666;www.ikbal.com;ikbal.com;İİB-YAŞ MEYVE
KOSHAL GIDA TEKSTİL TURZM İTHALAT İHRACAT LİMİTED ŞİRKETİ;YEŞİLKÖY MAH.ATATÜRK CAD.EGS BUSİNESS PARK BLOK NO12/1;İSTANBUL;BAKIRKÖY;(212) 5347262;;;İİB-YAŞ MEYVE
İDA HAZIR GIDA İTHALAT İHRACAT SANAYİ VE TİCARET LİMİTED ŞİRKETİ;ESENTEPE MAH. BÜYÜKDERE CAD. KANYON NO: 185  İÇ KAPI NO: 45;İSTANBUL;ŞİŞLİ;(212) 0000000;;;İİB-YAŞ MEYVE
ÖZGÜR İTH.İHR.TİCARET A.Ş.;K.PIYALE M.AKARCA SOK.NO.4/3;İSTANBUL;BEYOĞLU;02122107144;;;İİB-YAŞ MEYVE
MURAT ALPEREN-W VİP ULUSLAR ARASI TİC.ORG.E-TİCARET;BAĞLARBAŞI MAH. BEŞEVLER SOKAĞI NO:6/1 YALI 34844;İSTANBUL;MALTEPE;(216) 0000000;www.wvip.org;wvip.org;İİB-YAŞ MEYVE
ÇİLEK FRESH SEBZE MEYVE GIDA OTOMOTİV NAKLİYE İNŞAAT İTHALAT İHRACAT VE TİCARET LİMİTED ŞİRKETİ;FERHATPAŞA MAH. OLTU TAŞI SK. NO: 3 İÇ KAPI NO: 1 ;İSTANBUL;ATAŞEHİR;(216) 0000000;;;İİB-YAŞ MEYVE
TUNAS GLOBAL  FOOD İNŞAAT GIDA  DIŞ TİC.A.Ş;ACIBADEM MAH. ÇEÇEN SOK AKASYA EVLERİ NO:25 186 ;İSTANBUL;ÜSKÜDAR;(216) 5048804;;;İİB-YAŞ MEYVE
3M GLOBAL LOJ. İÇ VE DIŞ TİC. LTD. ŞTİ.;YAKUPLU MAH. YAKUPLU CAD. NO:6/36;İSTANBUL;BEYLİKDÜZÜ;(212) 0000000;http://www.3mgloballojistik.com;3mgloballojistik.com;İİB-YAŞ MEYVE
WOW DRINKS GIDA SANAYİ VE TİCARET ANONİM ŞİRKETİ;HOCAPAŞA MH.EBUSUUD CD.N.47/B;İSTANBUL;FATİH;(212) 5123003;;;İİB-YAŞ MEYVE
NORA FINE FOODS GIDA ÜRETIM INSAAT ITHALAT IHRACAT VE SANAYI TICARET LIMITED SIRKETI;KARDEŞLER SOK. NO:26/A SEDA APT.16/2;İSTANBUL;ŞİŞLİ;(212) 2812241;www.norafoods.net;norafoods.net;İİB-YAŞ MEYVE
ELİTE ORTAKLIK GIDA TİCARET ANONİM ŞİRKE;ADNAN KAHVECİ MAH.ANADOLU CAD. -SİTESİ C1 BLOK NO:;İSTANBUL;BEYLİKDÜZÜ;(212) 0000000;;;İİB-YAŞ MEYVE
ROSCHER PAX IÇ VE DIS TICARET LIMITED SIRKETI;NISANCA MAH. KENANBEY SK. GÜNEY APT B BLOK NO: 8/A;İSTANBUL;FATİH;(212) 0000000;;;İİB-YAŞ MEYVE
ATHLETIC SPOR SAĞLIK YAT TİC LTD ŞTİ;ÇAMLIK MH ŞAHİNBEY CD NO 22/10;İSTANBUL;ÇEKMEKÖY;(216) 6429204;;;İİB-YAŞ MEYVE
HESTİA GIDA TİCARET LİMİTED ŞİRKETİ;HAMİDİYE MAH. CEM SK. NO: 4 İÇ KAPI NO: 1;İSTANBUL;ÇEKMEKÖY;(216) 0000000;;;İİB-YAŞ MEYVE
KAYILAR DIŞ TİCARET VE LOJİSTİK LİMİTED ŞİRKETİ ;19 MAYIS MAH HALASKARGAZİ CAD ÇİFKURT NO226/24;İSTANBUL;ŞİŞLİ;(212) 2626470;;;İİB-YAŞ MEYVE
NEZRİN MEYVE SEBZE GIDA SANAYİ VE DIŞ TİCARET LİMİTED ŞİRKETİ;ATAKÖY 7-8-9-10. KISIM MAH. ÇOBANÇEŞME E-5 YAN YOLCAD. B BLOK NO: 12/2 İÇ KAPI NO: 59;İSTANBUL;BAKIRKÖY;(212) 0000000;;;İİB-YAŞ MEYVE
KALE OTOMAT SİSTEMLERİ SANAYİ VE TİCARET ANONİM ŞİRKETİ;AKEVLER MAH. 1059 SOK NO:8 İÇ KAPI NO:10;İSTANBUL;ESENYURT;(212) 0000000;;;İİB-YAŞ MEYVE
OHER DIŞTİCARET LİMİTED ŞİRKETİ;SULTAN SELİM MAH. ESKİ BÜYÜKDERE CAD.NO : 61İÇ KAPI NO:2;İSTANBUL;KAĞITHANE;(212) 4484514;;;İİB-YAŞ MEYVE
MEGA UZMAN DIŞ TİCARET VE DANIŞMANLIK HİZMETLERİ SAN. TİC. LTD. ŞTİ.;CENNET MAH. ZİYA GÖKALP CAD. NO:51/B;İSTANBUL;KÜÇÜKÇEKMECE;(212) 0000000;http://megauzman.com/;megauzman.com;İİB-YAŞ MEYVE
MURAT GIDA OTOMOTİV SAN VE TİC..LTD.ŞTİ;KOCATEPE MAH. HAL YOLU SOK NO:15 İÇ KAPI:1;İSTANBUL;BAYRAMPAŞA;;;;İİB-YAŞ MEYVE
SERA SEBZE MEYVE KOM.VE TİC.LTD.ŞTİ.;İÇERENKÖY MAH.ÇAYIR CAD.NO:35N D:9;İSTANBUL;ATAŞEHİR;(216) 5742932;;;İİB-YAŞ MEYVE
SERKAN BEYRET;TAHTAKALE MAH.MİNE ÇİÇEĞİ SK.NO:18/2 11;İSTANBUL;AVCILAR;(212) 0000000;;;İİB-YAŞ MEYVE
EMİRAY EDT GIDA ET ÜRÜN. CATERING TARIM ÜRÜN. SAN .TİC. A.Ş.;MECLİS MH. ŞENKAL SOK.NO:4/1;İSTANBUL;SANCAKTEPE;(216) 4667646;;;İİB-YAŞ MEYVE
MİSGİBİ TARIM ÜRÜNLERİ LİMİTED ŞİRKETİ;PINARTEPE MAH.KÖPRÜ SOKAK VİSTA 1 A3 BLOK 1C /33;İSTANBUL;BÜYÜKÇEKMECE;(212) 0000000;;;İİB-YAŞ MEYVE
LAZERİST MARKALAMA KAYNAK SAN.VE TİC.LTD.ŞTİ;İKİTELLİ ESKOOP SN SİT.C3 BLK.NO:85-87 ;İSTANBUL;BAŞAKŞEHİR;(212) 5493264;www.lazerist.com;lazerist.com;İİB-YAŞ MEYVE
MAİDEM TOPTAN GIDA SANAYİ VE TİCARET ANONİM ŞİRKETİ;TEPEÖREN MAH. ESKİ ANKARA ASFALTI CAD. SEMERKANDKONFERANS SALONU NO: 136 D;İSTANBUL;TUZLA;(021) 2597912;;;İİB-YAŞ MEYVE
PUMA YÖNETİM VE DANIŞMANLIK İTHALAT İHRACAT LTD.ŞTİ;VEKO GİZ PLAZA MEYDAN SOK.NO:3/48 K:14 ODA:1409;İSTANBUL;ŞİŞLİ;(212) 7059506;www.wifag-polytype.com;wifag-polytype.com;İİB-YAŞ MEYVE
ÖZ-SEL ECZA DEPOLARI TİCARET VE PAZARLAMA ANONİM ŞİRKETİ;BÜYÜKDERE CD.NACİ KASIM SK.NO:8/8;İSTANBUL;ŞİŞLİ;02122119052;;;İİB-YAŞ MEYVE
MOZAİK ORGANİK TARIM VE HAYVANCILIK SANAYİ TİCARET ANONİM ŞİRKETİ;ATATÜRK CAD. NO: 378 / 1  DAİRE: 201;İZMİR;KONAK;(232) 4650321;;;İİB-YAŞ MEYVE
BEYOND OCEANS İÇ VE DIŞ TİCARET ANONİM ŞİRKETİ;RAMAZANOĞLU MAH. SANAYİ CAD. NO: 44 B/26;İSTANBUL;PENDİK;(216) 0000000;;;İİB-YAŞ MEYVE
DREAM DRINKS GIDA SANAYİ VE TİCARET LİMİTED ŞİRKETİ;ESENTEPE MAH.TALAT PAŞA CAD. NO: 5 İÇ KAPI NO: 1 ;İSTANBUL;ŞİŞLİ;(212) 0000000;;;İİB-YAŞ MEYVE
HAZE BURGER ET VE ET ÜRÜN.TARIM.GIDA HAY.LTD.ŞTİ.;EYÜP SULTAM MAH.MÜJDE SOK.NO:9-11 A ;İSTANBUL;SANCAKTEPE;(212) 8758151;;;İİB-YAŞ MEYVE
OLİVKA TARIM ÜRÜNLERİ SANAYİ VE TİCARET ANONİM ŞİRKETİ;YAŞYER MAH. BURUNYUVA MEVKİİ NO:30;MUĞLA;MİLAS;(212) 3560139;;;İİB-YAŞ MEYVE
İDRSN GIDA VE LOJ.HİZM.DIŞ TİC.LTD.ŞTİ;ATAKÖY 7-8-9-10. KISIM MAH.ÇOBANÇEŞME E-5 YAN YOL CAD.ATAKÖY TOWERS A BLOK NO:20/1 İÇ KAPI:109;İSTANBUL;BAKIRKÖY;(242) 3440030;;;İİB-YAŞ MEYVE
PROTEKNIK OTOMASYON SIS.SAN. TIC.LTD.ŞTI;TURGUTREIS MAH. TEKSTILKENT TIC.MRK.A.23.B.NO:15;İSTANBUL;ESENLER;(212) 4383893;;;İİB-YAŞ MEYVE
SEVENHILL GIDA SANAYİ VE TİC.LTD.ŞTİ;KÜÇÜKBAKKALKÖY MHA. HAZAR SOK NO:2/1;İSTANBUL;ATAŞEHİR;(216) 5920708;;;İİB-YAŞ MEYVE
MS AGRO GIDA SAN.VE TİC.A.Ş.;KAVAKLI MH.CERRAHPAŞA SK.NO:17 D:12;İSTANBUL;BEYLİKDÜZÜ;(212) 0000000;;;İİB-YAŞ MEYVE
MON IMPERIUM İNŞAAT LOJİSTİK GIDA İTHALAT VE İHRACAT LTD.ŞTİ.;SİNANPAŞA MAH.SÜLEYMAN SEBA CAD.NO:6/4;İSTANBUL;BEŞİKTAŞ;(212) 2227214;;;İİB-YAŞ MEYVE
BALABAN BOZA GIDA SAN.TİC.LTD.ŞTİ;KOCASİNAN MAH. SANAYİ 7.SOK NO:11;KIRKLARELI;LÜLEBURGAZ;(288) 4133083;www.balaban.com.tr;balaban.com.tr;İİB-YAŞ MEYVE
MSR TEKSTİL SAN VE DIŞ TİC LTD ŞTİ;MERKEZ MH 683 SK NO 9-11B ;İSTANBUL;BAĞCILAR;;;;İİB-YAŞ MEYVE
HAZEL AYDIN BAŞAR;YUNUS MAH.YUNUS CAD.ELDEM APT.NO:28/1;İSTANBUL;KARTAL;;;;İİB-YAŞ MEYVE
MAKKİ GROUP DANIŞMANLIK HİZM İÇ VE DIŞ TİC.LTD.ŞTİ.;MESİHPAŞA MAH. MESİHPAŞA CD.ERSEVEN İŞ MERK. NO:1 ;İSTANBUL;FATİH;(212) 0000000;;;İİB-YAŞ MEYVE
MONDES GLOBAL DANIŞMANLIK VE EĞİTİM HİZMETLERİ LİMİTED ŞİRKETİ;IZZET PASA MAHALLESI YENI YOL CAD. NUROL TOWER APTNO: 3/336 ;İSTANBUL;ŞİŞLİ;(212) 9700624;https://www.mondesglobal.com/;mondesglobal.com;İİB-YAŞ MEYVE
NEO ENDÜSTRIYEL GIDA VE TICARET ANONIM SIRKETI;BATTALGAZI MAH. SARAYPATI SK. NO: 2 /8;İSTANBUL;SULTANBEYLİ;(216) 0000000;;;İİB-YAŞ MEYVE
DURU GRUP GIDA SANAYI DIS TICARET LIMITED SIRKETI;YARIMBURGAZ MAH 7.YILDIRIM SOKAK NO 32 A;İSTANBUL;KÜÇÜKÇEKMECE;(212) 6307050;http://www.kumpirbox.com;kumpirbox.com;İİB-YAŞ MEYVE
GULF WİNDS İNŞ. GAYRİMENKUL GIDA İTH.İHR. VE DIŞ TİC.LTD.ŞTİ;ŞEHREMİNİ MAH. TURGUT ÖZAL MİLLET CAD. NO:131/5;İSTANBUL;FATİH;(212) 5895108;;;İİB-YAŞ MEYVE
MİLAFOOD GIDA İTHALAT VE İHRACAT SANAYİ VE TİCARET LİMİTED ŞİRKETİ;YAKUPLU MAHALLESİ HÜRRİYET BULVARI SKYPORT RESİDEN NO:1 /62;İSTANBUL;BEYLİKDÜZÜ;(212) 0000000;;;İİB-YAŞ MEYVE
AVASS KİMYA VE ENERJİ İTHALAT İHRACAT SANAYİ TİCARET LİMİTED ŞİRKETİ;GÖZTEPE MAH. BATIŞEHİR CAD. BATIŞEHİR K BLOK NO: 2 /2 İÇ KAPI NO: 115;İSTANBUL;BAĞCILAR;(212) 0000000;;;İİB-YAŞ MEYVE
MASSARA34 GRUP İÇ VE DIŞ TİCARET SANAYİ LİMİTED ŞİRKETİ;YAKUPLU MAH. YAKUPLU CAD. CEYLAN REZİDANS BLOK NO:130;İSTANBUL;BEYLİKDÜZÜ;(212) 8768666;;;İİB-YAŞ MEYVE
ACT DIŞ TİCARET ANONİM ŞİRKETİ;HAMİDİYE MAH.CENDERE CAD.NO:103/2/90;İSTANBUL;KAĞITHANE;(212) 2747575; www.tusan.com;tusan.com;İİB-YAŞ MEYVE
ADRIATİC CITRUS MADEN SANAYİ VE TİCARET LİMİTED ŞİRKETİ;ÇINAR MAH. MIZRAK SK. HUZURUM APT NO: 5 İÇ KAPI NO12;İSTANBUL;MALTEPE;(216) 0000000;;;İİB-YAŞ MEYVE
FURKAN KARAKAŞ;KÜÇÜKYALI MERKEZ MAH. SERA SK. NO:1A ;İSTANBUL;MALTEPE;(216) 8033054;http://furkan.karakas@hs01.kep.tr;hs01.kep.tr;İİB-YAŞ MEYVE
VİYA MEŞRUBAT VE GIDA LİMİTED ŞİRKETİ;ŞAHİNTEPE MAH. LALEZAR SK. İGTOT  2B BLOK NO: 4D İÇ KAPI 2B BLOK NO: 4D İÇ KAPI NO:;İSTANBUL;BAŞAKŞEHİR;(212) 2444823;;;İİB-YAŞ MEYVE
MARMARA FAVORİT GIDA TARIM İNŞAAT NAKLİYE DIŞ TİCARET SANAYİ VE TİCARET LİMİTED ŞİRKETİ;İSTİKLAL MAH. FEVZİ ÇAKMAK CAD. NO:34A/1;SAKARYA;SERDİVAN;(264) 3211000;;;İİB-YAŞ MEYVE
AYDAŞ ORGANİK TARIM İTHALAT VE İHRACAT LİMİTED ŞİRKETİ;İÇERENKÖY MAH.ÇAYIR CAD. NO:41E;İSTANBUL;ATAŞEHİR;(216) 0000000;;;İİB-YAŞ MEYVE
VERA FOOD İTHALAT İHRACAT LTD. ŞTİ.;ESENTEPE MAH-KIR GÜLÜ SK. METROCİTY-BLOK NO:4/33;İSTANBUL;ŞİŞLİ;(212) 5521515;;;İİB-YAŞ MEYVE
AURORA GRUP YAŞ MEYVE SEBZE GIDA TİCARET LİMİTED ŞİRKETİ;459592ATATÜRK MAH.BOSNA HERSEK SK. B BLOK NO:3/5 ;İSTANBUL;ÜMRANİYE;(216) 0000000;;;İİB-YAŞ MEYVE
PALMERA TROPİKAL TARIM ÜRÜNLERİ SANAYİ VE TİCARET ANONİM ŞİRKETİ;KOCATEPE MAH. YEMİŞ MEYDANI SOK. MEGA CENTERC BLOKLAR NO:1 İÇ KAPI NO:28;İSTANBUL;BAYRAMPAŞA;(212) 0000000;;;İİB-YAŞ MEYVE
BEŞGÖZ SOĞUK HAVA TARIM SANAYI VE TICARET LTD. ŞTI.;BEŞGÖZ MEVKİİ BOĞAZKÖY;AMASYA; ;(358) 2338822;;;İİB-YAŞ MEYVE
HAMIDIYE KAYNAK SULARI SAN. TURIZM VE TIC.A.Ş;İSTANBUL CAD.NO.112;İSTANBUL;ŞİŞLİ;(212) 3601745;www.hamidiye.com.tr;hamidiye.com.tr;İİB-YAŞ MEYVE
BAŞTAŞ GIDA OTOMOTİV SAN VE TİC LTD ŞTİ;İÇERENKÖY MH ÇAYIR CD ANADOLU YAKASI HALİ NO 33/50;İSTANBUL;KADIKÖY;(216) 0000000;;;İİB-YAŞ MEYVE
EMTROIS ENDÜSTRİYEL ÜRÜNLER SANAYİ VE TİCARET LİMİTED ŞİRKETİ;ATATÜRK MAH. FIRAT CD. GARDENYA 6E NO 15;İSTANBUL;ATAŞEHİR;(216) 7477647;www.emtrois.com;emtrois.com;İİB-YAŞ MEYVE
ERDİNÇ PULLUK - BEREKET TİC.;MERKEZ BELEDIYE TOPTANCI HALINO:4;EDIRNE;MERKEZ;(288) 2131233;;;İİB-YAŞ MEYVE
BM CANLAR GIDA LTD.ŞTİ.;CEVİZLİ MAH. CÖMERT SK. ŞAMAN SANAYİ SİTESİ B BLOKNO: 6E;İSTANBUL;KARTAL;(216) 0000000;;;İİB-YAŞ MEYVE
FORTUN İÇ VE DIŞ TİCARET LİMİTED ŞİRKETİ;CUMHURİYET MAH ANNEM SOK NO 9 İÇ KAPI 202;SAKARYA;ADAPAZARI;;;;İİB-YAŞ MEYVE
GRAF GIDA İÇ CE DIŞ TİCARET LİMİTED ŞİRKETİ;MESİHPAŞA MAHALLESİ MESİHPAŞA CADDDESİ AKSA İŞ MERNO:8;İSTANBUL;FATİH;(212) 0000000;;;İİB-YAŞ MEYVE
SUVLA ŞARAPLARI TARIM SAN.VE TİC.A.Ş;İSMETPAŞA MAH. ÇINARLIDERE MEVKİİ NO:11 ;ÇANAKKALE;ECEABAT;(286) 8141000;www.suvla.com.tr;suvla.com.tr;İİB-YAŞ MEYVE
FACTORY İÇECEK GIDA SANAYİ İHRACAT İTHALAT VE TİCARET LTD.ŞTİ.;SARAY MAH. DR. ADNAN BÜYÜKDENİZ CAD. CESAS PLAZA NNO:4 KAT:10;İSTANBUL;ÜMRANİYE;(216) 0000000;http://www.icecekfactory.com;icecekfactory.com;İİB-YAŞ MEYVE
ÖZKARA ZEYTİNCİLİK ÜRÜNLERİ VE GIDA SANAYİ TİCARET LİMİTED ŞİRKET;KOCATEPE MAH.GÜMRÜK İSKELESİ CADDESİ MEGA CENTER KURU GIDA SİTESNO:A BLOK 89/585;İSTANBUL;BAYRAMPAŞA;(212) 4371314;www.karazeytincilik.com;karazeytincilik.com;İİB-YAŞ MEYVE
SER FARM SERACILIK GIDA TARIM VE TİCARET SANAYİ ANONİM ŞİRKETİ;OSMANGAZİ MAH. KÖSE SK. NO: 4;İSTANBUL;SANCAKTEPE;(216) 0000000;;;İİB-YAŞ MEYVE
ULUS TARIM ÜRÜNLERİ GIDA NAKLİYE İNŞAAT SANAYİ DIŞ TİCARET LİMİTED ŞİRKETİ;MERKEZ HAL NO:316;İSTANBUL;BAYRAMPAŞA;(212) 0000000;;;İİB-YAŞ MEYVE
ERDEM IC VE DIS TICARET LTD.STI.;ISTOC KOOP. 28 NCI ADA NO:55İSTANBUL;İSTANBUL; ;(212) 2937638;;;İİB-YAŞ MEYVE
İSTANBUL HDHT TARIM GIDA İTHALAT İHRACAT TİCARET LİMİTED ŞİRKETİ;KAVAKPINAR MAH. YENİ ASIR CAD. HANIMAĞA KONAKLARIC BLOK NO: 86 C İÇ KAPI NO: 22;İSTANBUL;PENDİK;(216) 0000000;;;İİB-YAŞ MEYVE
TASTELLA GIDA DIS TICARET ANONIM SIRKETI;BURHANIYE MAH. OSMAN GAZI SK. AKARLAR APT NO: 1 B IÇ KAPI NO: 1;İSTANBUL;ÜSKÜDAR;(216) 0000000;;;İİB-YAŞ MEYVE
İNOVA İNTERAKTİF TELEMARKET SAN.VE TİC.LTD.ŞTİ.;ŞERİFALİ MAH. MEVDUDİ SOK.NO:36/3 ;İSTANBUL;ÜMRANİYE;(216) 5942320;;;İİB-YAŞ MEYVE
AHMET BARAN KILIÇKAP;OVACIK MAHALLESİ SALİM DERVİŞOĞLU CAD. KBB HAL VE SOSYAL TESİS SİT. NO:264 /1/Z32;KOCAELI;BAŞİSKELE;(262) 3356002;;;İİB-YAŞ MEYVE
SERHAT 39 GIDA TAR. VE ORM. ÜRN.TIC.VE SAN.LTD.ŞTI.;HACI HASAN MH. CUMHURIYET BULVARICD. YAMAN APT. NO:73;KIRKLARELI;BABAESKİ;(288) 5124919;;;İİB-YAŞ MEYVE
GÖKOVA DIŞ TİCARET LOJİSTİK İNŞAAT VE TURİZM ANONİM ŞİRKETİ;KÜÇÜK BEBEK CD. NO:51 D:8;İSTANBUL;BEŞİKTAŞ;(212) 3580922;http://www.gokovadenizcilik.com;gokovadenizcilik.com;İİB-YAŞ MEYVE
ASY FOOD GROUP GIDA SAN VE TİC LTD ŞTİ;FULYA MH ORTAKLAR CD ŞAHİN GİRAY APT NO 12/2 D3;İSTANBUL;ŞİŞLİ;(212) 0000000;;;İİB-YAŞ MEYVE
NAZLI GIDA INŞAAT TEMIZLIK VE KOZMETIK SAN.TIC.LTD.ŞTI.;KERESTECILER SIT.25.BLOKNO.16-A;İSTANBUL;KÜÇÜKÇEKMECE;02126704510;;;İİB-YAŞ MEYVE
ELZA STAR TEKS. SAN. VE TİC. LTD. ŞTİ. ;RAMI KISLA CAD.EMINTAS ERCIYESSAN.SIT.NO.56;İSTANBUL;BAYRAMPAŞA;;;;İİB-YAŞ MEYVE
LALEZAR YAPI İTH. İHR. SANAYİ VE TİC. LTD.ŞTİ.;FATİH MAH. SELAHADDIN EYYUBI CAD.NO:8 A / 1 SANCAKİSTANBUL;İSTANBUL;SANCAKTEPE;(216) 5102847;www.lalezaryapi.com.tr;lalezaryapi.com.tr;İİB-YAŞ MEYVE
MENA TEKSTİL VE PAZARLAMA TİCARET ANONİM ŞİRKETİ;ŞENLİKÖY MAH. AKIN SK. 2-41;İSTANBUL;BAKIRKÖY;;;;İİB-YAŞ MEYVE
YAĞCI TARIM ÜRN. VE GIDA SAN.TİC.LTD.ŞTİ.;FİKİRTEPE MAH.MANDIRA CAD. ŞEN SOK NO:11/1 D:7 ;İSTANBUL;KADIKÖY;(216) 5741366;;;İİB-YAŞ MEYVE
GBP GLOBAL BEVERAGE PRODUCTİON GIDA İÇECEK ÜRT. SAN. VE TİC. A.Ş.;ARNAVUTKÖY MAH.KAMACI SOK. SARPKAYA APT. NO:1-1;İSTANBUL;BEŞİKTAŞ;(212) 2630055;;;İİB-YAŞ MEYVE
SDF DANIŞMANLIK VE DIŞ TİCARET LİMİTED ŞİRKETİ;MALTEPE MAH ESKİ ÇIRPICI YOLU SOK  NO:3 B İÇ KAPI NO:49;İSTANBUL;ZEYTİNBURNU;(212) 0000000;;;İİB-YAŞ MEYVE
MARS FARMA SAĞLIK LABORATUVARLARI SAN VE TİC.LTD.ŞTİ;BARBAROS CAD. NO:43 ;İSTANBUL;ATAŞEHİR;(216) 4700805;;;İİB-YAŞ MEYVE
ÇALAPVERDİ GIDA ÜRETİM VE PAZARLAMA SANAYİ ANONİM ŞİRKETİ;KOCATEPE MAH. GÜMRÜK İSKELESİ CAD. A BLOK  MEGA CENTER NO:89 İÇ KAPI NO:1655;İSTANBUL;BAYRAMPAŞA;(212) 0000000;;;İİB-YAŞ MEYVE
BÜYÜKHAN ÇIÇEKÇILIK ÜRETIM VE PAZARLAMA TICARET LIMITED SIRKETI;PASAKÖY MAH. PASAKÖY CAD. NO: 77 IÇ KAPI NO: 1;İSTANBUL;SANCAKTEPE;(216) 5492525;;;İİB-YAŞ MEYVE
HAKAN ATLANTIC FOODS GIDA SANAYİ TİCARET LİMİTED ŞİRKETİ;ORHANTEPE MAH.KAMPYOLU CAD.ŞAFAK APT.NO:13 İÇ KAPI 9;İSTANBUL;KARTAL;(216) 0000000;;;İİB-YAŞ MEYVE
NİLE DIŞ TİCARET LİMİTED ŞİRKETİ;YESILKÖY MAH. ÇEKMECE CAD. NO: 2 / 6;İSTANBUL;BAKIRKÖY;(212) 0000000;;;İİB-YAŞ MEYVE
MOORE GIDA TİCARET VE SANAYİ LİMİTED ŞİRKETİ; İNCİRKÖY MAH. MEHMET AKİF ERSOY CAD. NO: 61A ;İSTANBUL;BEYKOZ;(216) 5735530;https://moore.com.tr/;moore.com.tr;İİB-YAŞ MEYVE
GÜVEN MÜZİK PRODÜKSİYON A.Ş;CEVİZLİ MAH.ZUHAL CD.NO:44/137;İSTANBUL;MALTEPE;(216) 5334405;;;İİB-YAŞ MEYVE
DESTAN TRADE DIŞ TİC.VE  SAN A.Ş;MECİDİYE MAH. ORTAKÖY DEĞİRMEN SOK.NO:9;İSTANBUL;BEŞİKTAŞ;;;;İİB-YAŞ MEYVE
MİRAÇ SERACILIK TARIM ÜRÜNLERİ TİCARET LİMİTED ŞİRKETİ;KOCATEPE MAH. HAL YOLU SK. NO: 313 İÇ KAPI NO: 8;İSTANBUL;BAYRAMPAŞA;(212) 0000000;;;İİB-YAŞ MEYVE
ORGANICURE TARIM VE ORMAN ÜRÜNLERİ ANONİM ŞİRKETİ;TOPÇULAR MAHALLESİ DÜZCE CADDESİ NO 178;DÜZCE;ÇİLİMLİ;(380) 0000000;;;İİB-YAŞ MEYVE
ÖZEN INTERNATIONAL İÇ VE DIŞ TİCARET ANONİM ŞİRKETİ;FEVZİ ÇAKMAK CAD. FEVZİ ÇAKMAK MAH. NO:11/2 ÖZEN İŞ MERKEZİ 34290 34290 ;İSTANBUL;KÜÇÜKÇEKMECE;;www.ozenglobal.com;ozenglobal.com;İİB-YAŞ MEYVE
IŞIK GIDA IHT.MADD.ÜRE.VE PAZ. LTD.ŞTI.;BATTALGAZI MAH.ŞARK CAD.AYTOPSAN.SITESI H BLOK NO:7-8;İSTANBUL;SULTANBEYLİ;(216) 5925190;www.isikdondurulmusgida.com;isikdondurulmusgida.com;İİB-YAŞ MEYVE
NETTAŞ DAY.TÜK.MALL.SAN.ORG.VE SAĞ.ÜRÜNL.LTD.ŞTİ.;MALTEPE CEVİZLİ MAH.BAĞDAT CAD.ÇAPAKOĞLU İŞ MERKEZİ NUMARA:458 KAT:1  DAİRE:2-3;İSTANBUL;MALTEPE;(216) 4630108;;;İİB-YAŞ MEYVE
TARİŞ ÜZÜM ALKOLLÜ ALKOLSÜZ İÇECEKLER SANAYİ VE TİCARET ANONİM ŞİRKETİ;YENİKÖY MAH.YENİKÖY SOK.NO:301;MANISA;ALAŞEHİR;(236) 6748503;www.tarisuzum.com.tr;tarisuzum.com.tr;İİB-YAŞ MEYVE
GN MODA TEKSTİL SANAYİ VE TİCARET LİMİTED ŞİRKETİ;MERKEZ MAHALLESİ ZÜBEYDE HANIM CADDESİ NO:5-A;İSTANBUL;GÜNGÖREN;(212) 5572398;;;İİB-YAŞ MEYVE
FİMEKS GLOBAL DIŞ TİC.VE PAZ.A.Ş;AYAZAĞA MAH. MİMARSİNAN SOK. SEBA BOULEVARD NO:21 A:15;İSTANBUL;SARIYER;(242) 3412911;;;İİB-YAŞ MEYVE
KERALENS KERATOKONUS LENS YAK.GOR.LENS TIB.CIH.İTH.İHR.LTD.ŞTİ.;MERKEZ MAH HASAT SOK  ALVER APT 52/1;İSTANBUL;ŞİŞLİ;(216) 3224402;;;İİB-YAŞ MEYVE
GCA YAPI İNŞAAT OTOMOTİV LOJİSTİK LIMITED ŞİRKETİ;KAZIM KARABEKİR MAH.ADEM YAVUZ CAD.NO:94A;İSTANBUL;ÜMRANİYE;(216) 0000000;;;İİB-YAŞ MEYVE
NİREAS SHİPSUPPLY DENİZCİLİK TİCARET LTD ŞTİ;NURİPAŞA MH 8 SK.OKTAY NO:10 A;İSTANBUL;ZEYTİNBURNU;(212) 6642666;;;İİB-YAŞ MEYVE
DAHENK İÇ VE DIŞ TİC.PAZ.LTD.ŞTİ;GÖKSU EVLERİ SİTESİ BEGONYA CAD.NO:18 VİLLAB 34 B;İSTANBUL;BEYKOZ;(216) 0000000;;;İİB-YAŞ MEYVE
ALTINFIÇI GIDA VE İÇECEK DAĞITIM İTH.İHR.SAN TİC.A.Ş;İKİTELLİ OSB MAH. ESKOOP D BLOK SOK ESKOOP EVREN DBLOK NO:36;İSTANBUL;BAŞAKŞEHİR;(212) 2125530;;;İİB-YAŞ MEYVE
MCY GLOBAL İTHALAT İHRACAT İNŞAAT SANAYİ TİCARET LİMİTED ŞİRKETİ;İNÖNÜ MAH. DÜZENLİ SK. NO: 13 İÇ KAPI NO: 1 ;İSTANBUL;ATAŞEHİR;(216) 3394519;;;İİB-YAŞ MEYVE
NOMAD DIŞ TİC.A.Ş;ÇATMA MESCİT MAH. AKARCO SOK.NO:39A;İSTANBUL;BEYOĞLU;(212) 2542363;;;İİB-YAŞ MEYVE
PRIUS LOJISTIK DIS TICARET LIMITED SIRKETI;NECİP FAZIL MAH. BEŞPARMAK SK. NO: 11A;İSTANBUL;ÜMRANİYE;(288) 6060478;http://www.priuswines.com;priuswines.com;İİB-YAŞ MEYVE
DAK TARIM ÜRÜNLERİ TİC.LTD.ŞTİ;KARAKAŞ MAH. MANOLYA SOK NO:4/2;KIRKLARELI;MERKEZ;(288) 2122812;;;İİB-YAŞ MEYVE
BÜYÜLÜBAĞ BAĞCILIK ŞARAPÇILIK SAN.VE TIC.LTD.ŞTI.;YENİYOL SOK. ETAP İŞ MERKEZİ C BLOK NO:20 D:1 ACIBADEM;İSTANBUL;KADIKÖY;(216) 3275215;www.buyulubag.com;buyulubag.com;İİB-YAŞ MEYVE
YÜCEL EKO TARIM SANAYİ ANONİM ŞİRKETİ;RASİMPAŞA MAH/SEMT RIHTIM CAD. NO: 44 İÇ KAPI NO: ;İSTANBUL;KADIKÖY;(216) 4181000;http://www.yucelgrup.com;yucelgrup.com;İİB-YAŞ MEYVE
GLOTRADE DIŞ TİCARET VE SAN.LTD.ŞTİ.;ORUÇREİS MAH.TEKSTİLKENT CAD.TEKSTİLKENT A21 BLOKNO:10 I İÇ KAPI NO:202;İSTANBUL;ESENLER;(212) 0000000;;;İİB-YAŞ MEYVE
ITERUM KURUMSAL GIDA DANISMANLIK LTD.STI.;YALI MAH. HALK SK. GÜNLER APT NO: 1 A;İSTANBUL;KARTAL;(216) 0000000;;;İİB-YAŞ MEYVE
TERIM GROUP GIDA İTHALAT İHRACAT LİMİTED ŞİRKETİ;ÖMERLİ MAH. TUNABOYU SK. NO:1 AL İÇ KAPI NO:1;İSTANBUL;ARNAVUTKÖY;(212) 0000000;;;İİB-YAŞ MEYVE
WORLD OF BALANCE GIDA İTHALAT İHRACAT İÇ VE DIŞ TİCARET A.Ş.;MALTEPE MAH/SEMT FATİH SEHİTLERİ SK. NO: 9;İSTANBUL;ZEYTİNBURNU;(212) 0000000;;;İİB-YAŞ MEYVE
TİRELİ ÇİFTLİĞİ TARIM İŞLETMELERİ SAN.TİC.A.Ş.;TİRELİ ÇİFTLİĞİ MEVKİİ PINARCIK MAH. AKHİSAR 45200;MANISA;AKHİSAR;(212) 3580185;www.ktwines.com;ktwines.com;İİB-YAŞ MEYVE
EFE SULTAN GIDA DIŞ TİCARET LİMİTED ŞİRKETİ;AMBARLI MAH.ÖRDEK SOK.NO:16 B ;İSTANBUL;AVCILAR;(212) 0000000;;;İİB-YAŞ MEYVE
FİGGURA DIŞ TİCARET LTD.ŞTİ.;KOZYATAĞI MAH ÇARDAK SOK ŞAŞMAZ B-1 NO 2/14;İSTANBUL;KADIKÖY;(216) 6063995;;;İİB-YAŞ MEYVE
EKA İNTERNATİONAL DIŞ TİCARET LTD.ŞTİ.;AKSARAY MAH. GAZİ MUSTAFA KEMALPAŞA CAD. NO 21/2;İSTANBUL;FATİH;(212) 0000000;;;İİB-YAŞ MEYVE
KURSA GIDA TURİZM İNŞAAT NAKLİYAT TEKSTİL SANAYİ VE TİCARET LİMİTED ŞİRKETİ;YUNUS MAH.YONCA SOK.NO.19 DÜKKAN.1 ;İSTANBUL;KARTAL;(216) 0000000;;;İİB-YAŞ MEYVE
IDEL MARKET İÇ VE DIŞ TİCARET DANIŞMANLIK SANAYİ LİMİTED ŞİRKETİ;AKSARAY MAH.KATİP MUSLAHATTİN SK.SAĞLAM İŞ HANI NO3/12;İSTANBUL;FATİH;;;;İİB-YAŞ MEYVE
MRGS DIŞ TİCARET LİMİTED ŞİRKETİ;YAKUPLU MAH. HÜRRİYET BUL. SKYPORT SİTESİ SKYPORT RESİDENCE NO: 1 İÇ KAPI NO: 151;İSTANBUL;BEYLİKDÜZÜ;(212) 8526558;;;İİB-YAŞ MEYVE
HARRANOVA BESI VE TARIM ÜRÜNL. A.Ş.;YARIMTEPE MAHALLESI YARIMTEPE KÜME EVLERI NO:38/1;ŞANLIURFA;Karaköprü;(414) 0000000;www.harranova.com.tr;harranova.com.tr;İİB-YAŞ MEYVE
KRISTAL KOLA VE MEŞRUBAT SAN. TIC.A.Ş.;BAHÇELİEVLER MAH. FEVZİ ÇAKMAK 2 CAD. GÜZELŞEHİR SİT. NO:1 A ;İSTANBUL;BÜYÜKÇEKMECE;(212) 8680909;www.kristalkola.com.tr;kristalkola.com.tr;İİB-YAŞ MEYVE
ENAS TARIM ÜRÜNLERİ TİCARET LİMİTED ŞİRKETİ;ZÜMRÜTEVLER MH.ERTUĞRUL GAZİ CD.NO:6/5;İSTANBUL;MALTEPE;(216) 0000000;;;İİB-YAŞ MEYVE
GLOBAL WINES GIDA LİMİTED ŞİRKETİ;KÜÇÜKBAKKALKÖY MAH. SELVİLİ SK. NO:4/20;İSTANBUL;ATAŞEHİR;(216) 0000000;http://www.wines-global.com;wines-global.com;İİB-YAŞ MEYVE
KÜP ŞARAPÇILIK FERMANTASYON GIDA İNŞAAT TAAHHÜT NAK.SAN.VE TİC.LTD.ŞTİ;YENİ MAH.SAĞLIK CAD.NO:27-29-31;DENIZLI;BEKİLLİ;(258) 7912019;www.kupsarap.com;kupsarap.com;İİB-YAŞ MEYVE
ASFA TARIM İTH.İHR. SAN VE TİC.LTD.ŞTİ;BARIŞ MAH. BELEDİYE CAD. GINZA LAVINYA NO:30 İÇ KAPI NO:108 ;İSTANBUL;BEYLİKDÜZÜ;(212) 8728811;;;İİB-YAŞ MEYVE