firma_adi;adres;sehir;ilce;telefon;website;domain;birlik
JOKLAR DIŞ TİCARET  LTD ŞTİ;YENİBOSNA MERKEZ MAH. 29 EKİM CAD.A1 APT. NO:9/502;İSTANBUL;BAHÇELİEVLER;(212) 5127830; www.joklar.com.tr ;joklar.com.tr;İİB-HUBUBAT
DİLER DIŞ TİCARET ANONİM ŞİRKETİ;"MASLAK MAHALLESİ, ESKİ BÜYÜKDERE CADDESİ KOÇKAYA AS PLAZA MASLAK NO:1 34485 ";İSTANBUL;SARIYER;(212) 2536630;www.dilerhld.com;dilerhld.com;İİB-HUBUBAT
ÜÇGE DIŞ TİCARET VE PAZARLAMA A.Ş.;A.V.P. MH.BOSNA CD.NO:7;BURSA;NİLÜFER;(224) 3318811;www.ucge.com.tr;ucge.com.tr;İİB-HUBUBAT
ORGANİK KİMYA SAN. VE TİC. AŞ;CENDERE YOLU NO:146 MİMAR SİNAN MAH;İSTANBUL;EYÜP;(212) 3310000;www.organik.com.tr;organik.com.tr;İİB-HUBUBAT
PAS 99 GIDA ELEKTRIK ELEKTRONIK NAKLIYE ITHALAT IHRACAT DIS TICARET LIMITED SIRKETI;YESILTEPE MAH. 52. SK. ÜNVER ISHANI NO: 1 IÇ KAPI NO: 10;İSTANBUL;ZEYTİNBURNU;(212) 0000000;;;İİB-HUBUBAT
YUNUS ÇEÇEN;FERHATPAŞA MAH. VEZİR FERHATPAŞA CAD. ERÇEN İNŞ. A BLOK NO:60/1;İSTANBUL;ÇATALCA;;;;İİB-HUBUBAT
MİLDO GIDA SAN. VE DIŞ TİC. A.Ş;BATTALGAZİ MAH. ŞARK CAD. AYTOP GIDA SIT. E BLOK NO:15;İSTANBUL;SULTANBEYLİ;(216) 3488002;http://www.mildofood.com;mildofood.com;İİB-HUBUBAT
KATSAN GIDA SAN.VE TIC.LTD.ŞTI;KAVAKLI YOLU KAVAKLI SINIRINO.118;İSTANBUL;BEYLİKDÜZÜ;02128761610;www.katsan.com;katsan.com;İİB-HUBUBAT
TARA TEKS. SAN. VE DIŞ TİC. LTD. ŞTİ. ;HACIMANSUR SOK.NO:65 KAT:4/6;İSTANBUL;ŞİŞLİ;2601043;;;İİB-HUBUBAT
POLS GIDA DIŞ TİCARET A.Ş.;KAVAKLIDERE MAH. HAVUZLU SK. NO:4/2 ÇANKAYA ANKARA;ANKARA;ÇANKAYA;(312) 4170324;;;İİB-HUBUBAT
MASTER CHOCO GIDA AMB.LOJİSTİK SAN VE TİC.LTD.ŞTİ;VEYSEL KARANİ MAH. ESKİ GEMLİK YOLU CAD. NO:208/2;BURSA;OSMANGAZİ;;;;İİB-HUBUBAT
ÇELENLİ GIDA VE İTH.MADD.İTH.İHR.SAN.VE TİC.LTD.ŞTİ;HARMANTEPE MAH.ÜLKÜ SK.NO : 2/A ;İSTANBUL;KAĞITHANE;(212) 2705544;www.incibeyaz.com.tr;incibeyaz.com.tr;İİB-HUBUBAT
PAK İHRACAT ANONİM ŞİRKETİ;PAK IS MERKEZI PROF.DR.BULENTTARCAN SK. NO.5;İSTANBUL;ŞİŞLİ;02122740755;www.pakmaya.com.tr;pakmaya.com.tr;İİB-HUBUBAT
EVVAHE DOĞAL KOZMETİK GIDA TEKSTİL İMALAT İTHALAT VE İHRACAT SANAYİ TİCARET LİMİTED ŞİRKETİ;YEŞİLPINAR MAH. SUNGUR SK. CİVELEK APT. NO:8/A;İSTANBUL;EYÜP;(212) 0000000;;;İİB-HUBUBAT
MERTER HELVA. SAN VE TIC. A.Ş.;AMBARLI KAVŞAĞI CİHANGİR MAH.ŞEHİT ZAFER SOKAK;İZMİR;Avcılar;;www.koska.com;koska.com;İİB-HUBUBAT
ATILIM AYAKKABI TİC. LTD. ŞTİ. ;İKİTELLİ OSB MAH AYMAKOOP SOSYAL TESİSLERİ SK NO 1 K 2 D 57;İSTANBUL;BAŞAKŞEHİR;(212) 6711851;www.atilimshoes.com;atilimshoes.com;İİB-HUBUBAT
ANADOLU EFES BİRACILIK VE MALT SANAYİ ANONİM ŞİRKETİ;FATİH SULTAN MEHMET MAHALLESİ BALKAN CAD. BU KAYA E BLOK NO:58/23                    ;İSTANBUL;ÜMRANİYE;(212) 4493600;www.anadoluefes.com;anadoluefes.com;İİB-HUBUBAT
ERGÜL ŞEKERLEME SAN.TİC.LTD. ŞTİ;ÇALI MAH. 20SOK NO:6 ;BURSA;NİLÜFER;(224) 2156512;www.ergulsekerleme.com.tr;ergulsekerleme.com.tr;İİB-HUBUBAT
MİNCEY İÇ VE DIŞ TİCARET ANONİM ŞİRKETİ;KEMALPAŞA MAHALLESİ AHMET SELAHATTİN SOKAK NO:4 / A;İSTANBUL;FATİH;(212) 0000000;http://www.mincey.com.tr;mincey.com.tr;İİB-HUBUBAT
DÖHLER GIDA SANAYİ ANONİM ŞİRKETİ;CEVİZLİ MH ZUHAL CD A/3 BLOK NO:46/182;İSTANBUL;MALTEPE;(216) 5456868;www.dohler.com.tr;dohler.com.tr;İİB-HUBUBAT
İSTANBUL GIDA DIŞ TİC. AŞ;KISIKLI MAH.FERAH CAD.NO:1;İSTANBUL;ÜSKÜDAR;(216) 5242789;www.ulker.com.tr;ulker.com.tr;İİB-HUBUBAT
COMMUN PLUS KAHVE GIDA TURİZM YATIRIMLARI İNŞ VE TİC.LTD.ŞTİ;KEMALPAŞA MAHALLESİ TEKKE SOKAK NO:19/4;ÇANAKKALE;MERKEZ;(286) 2170016;;;İİB-HUBUBAT
EKSUN GIDA TARIM SAN. VE TİC. A. Ş.;*BÜYÜKDERE CD.OCAK APT.NO:91/3;İSTANBUL;ŞİŞLİ;(212) 2120014;;;İİB-HUBUBAT
PELIT PASTACILIK VE GIDA SAN. A.Ş.;KOZA MAH. 1678 SOK NO:19;İSTANBUL;ESENYURT;(212) 4111300;www.pelit.com.tr;pelit.com.tr;İİB-HUBUBAT
ALHANDAL GAYRIMENKUL EMLAK PAZ İNŞ TAAH TUR YAT TİC VE SAN LTD ŞTİ;KOZA MH 1638 SK H3 BLOK NO 5L /69;İSTANBUL;ESENYURT;(212) 0000000;;;İİB-HUBUBAT
RAMMİ FOOD GIDA SERVİS HİZ.TİC.A.Ş.;ALEMDAĞ MAH.HAVACILAR CAD.NO:31/1;İSTANBUL;ÇEKMEKÖY;(216) 5920900;;;İİB-HUBUBAT
TURKISH GENETICS TOHUMCULUK A.Ş.;KONAK MAH. KONAK CAD. SEÇKİN APT. NO:52 ;BURSA;NİLÜFER;(224) 0000000;;;İİB-HUBUBAT
ENZEL GIDA İTH.İHR.TİC.LTD.ŞTİ;KOCATEPE MAH.GÜMRÜK İSKELE CAD. NO:89/1;İSTANBUL;BAYRAMPAŞA;(212) 6400919;www.enzelgida.com;enzelgida.com;İİB-HUBUBAT
ENDÜSTRIYEL MAKINA VE MONTAJ SIS.SAN.TIC.LTD.ŞTI.;ÇELİKAY CAD. DÖNENCE SOK. NO.5 SEYRANTEPE/İSTANBUL;İSTANBUL;KAĞITHANE;(212) 2640290;www.endustriyel.com.tr;endustriyel.com.tr;İİB-HUBUBAT
UNITED GROUP MOB. GIDA TEKSTİL AMB. OTOMOTİV   HED. EŞYA İNŞ SAN VE TİC.LTD.ŞTİ.;CİHANGİR MAH SEMAH SOK NO:15A;İSTANBUL;AVCILAR;(212) 4226449;;;İİB-HUBUBAT
CARGILL TARIM SAN. VE TİC. AŞ;KISIKLI CAD.NO:4 A BLOKBÖLÜM 8-9-10-11;İSTANBUL;ÜSKÜDAR;(216) 5541800;www.cargill.com.tr;cargill.com.tr;İİB-HUBUBAT
VESER KİMYEVİ MADDELER A.Ş.;ORG. SAN. BÖLG. GALVANO TEKNIKSAN. SIT. B BLOK NO:16;İSTANBUL;KÜÇÜKÇEKMECE;(212) 6712030;www.veser.com.tr;veser.com.tr;İİB-HUBUBAT
ÖZTİRYAKİLER MADENİ EŞYA SANAYİ VE TİCARET ANONİM ŞİRKETİ;CUMHURİYET MH.ESKİ HADIMKÖY YOLU  NO:8 DAİRE:1;İSTANBUL;BÜYÜKÇEKMECE;(212) 8867800;www.oztiryakiler.com.tr;oztiryakiler.com.tr;İİB-HUBUBAT
AKLİFE GIDA TURİZM EĞLENCE İNŞ. SAN. VE TİC. LTD. ŞTİ.;ÇOBANÇEŞME MAH MİTHATPAŞA CAD  NO:39;İSTANBUL;BAHÇELİEVLER;(212) 4224405;;;İİB-HUBUBAT
UCUZCULAR GIDA MADDELERI SAN. VE TIC.A.Ş.;MISIR ÇARŞISI IÇI   NO:51;İSTANBUL;FATİH;(212) 5206492;www.ucuzcular.com.tr;ucuzcular.com.tr;İİB-HUBUBAT
HES İLAÇ E KOZMETİK A.Ş;BATI MAH.IHLAMUR SOK NO:7 İÇ KAPI NO:2;İSTANBUL;PENDİK;(216) 0000000;;;İİB-HUBUBAT
ŞÖLEN ÇİKOLATA GIDA SAN.VE TİC .A.Ş.;ORTAKÖY MAH. HARBİYE CAD. NO:33SİLİVRİ;İSTANBUL;SİLİVRİ;(212) 8675800;www.solen.com.tr;solen.com.tr;İİB-HUBUBAT
YAMAKOĞLU İNŞAAT TAAHHÜT VE DIŞ TİCARET LTD. ŞTİ.;PİRİÇELEBİ MAHALLESİARMUTLU SOK.CENGİZ PLAZA SİT.NO:2/102                            42/11;RIZE;MERKEZ;(464) 2132494;www.yamakoglu.com.tr;yamakoglu.com.tr;İİB-HUBUBAT
SWEETY DIŞ TİCARET LİMİTED ŞİRKETİ;KOCATEPE MAH.GÜMRÜK İSKELESİ CAD. MEGACENTER A BLO89 NO:1642;İSTANBUL;BAYRAMPAŞA;(212) 6403600;;;İİB-HUBUBAT
ABDİ İBRAHİM İLAÇ SANAYİ VE TİCARET ANONİM ŞİRKETİ;"REŞİTPAŞA MAHALLESİ, ESKİ BÜYÜKDERE CADDESİ NO: 4 MASLAK ";İSTANBUL;ŞİŞLİ;(212) 3668400;www.abdiibrahim.com.tr;abdiibrahim.com.tr;İİB-HUBUBAT
KAKULE KAHVE GIDA ÜRÜN. İTH. İHR. SAN. VE TİC. LTD. ŞTİ.;ÇINAR MAH. 842. SOK. NO:63/A ;İSTANBUL;BAĞCILAR;(212) 0000000;;;İİB-HUBUBAT
AKBULAK GIDA DIŞ TİC.LTD.ŞTİ;BAHÇEŞEHİR 2 KISIM MAH.ŞELALE CAD TORTUM SİT 1 BL OK APT NO:4/29;İSTANBUL;BAŞAKŞEHİR;(212) 0000000;;;İİB-HUBUBAT
BOSPHORUS DANIŞMANLIK  TURİZM VE DIŞ TİC.LTD.ŞTİ;CUMHURİYET MAH.NAZIM HİKMET BULVARI NO:81 B BLOK KAT1 D:3 ;İSTANBUL;ESENYURT;(212) 8538505;;;İİB-HUBUBAT
SAİ GROUP PROJE YÖNETİMİ SANAYİ TİCARET LİMİTED ŞİRKETİ;PINARTEPE MH TURGUT ÖZAL 1 CD NO 27A İÇ KAPI NO:1;İSTANBUL;BÜYÜKÇEKMECE;(212) 8526668;www.bigbite.com.tr;bigbite.com.tr;İİB-HUBUBAT
AKDEMİR GLOBAL DIŞ TİCARET ANONİM ŞİRKETİ;MAHMUTBEY MAH. 2416 SOK. İSTOÇ NO:4/132 BAĞCILAR;İSTANBUL;BAĞCILAR;(212) 7710466;;;İİB-HUBUBAT
BAŞAKTEKS GIDA TİC. İTH. İHR. LTD. ŞTİ. ;ETİ SOK.NO:7/1 ;İSTANBUL;GÜNGÖREN;(212) 6417550;;;İİB-HUBUBAT
TARGET LOJİSTİK DANIŞMANLIK GIDA VE DIŞ TİCARET ANONİM ŞİRKETİ;YEŞİLOVA MAHALLESİ AKDENİZ CAD. NO:1-7;İSTANBUL;KÜÇÜKÇEKMECE;(212) 0000000;;;İİB-HUBUBAT
ETİ GIDA SANAYİ VE TİC.A.Ş.;HOŞNUDİYE MH.KIZILCIKLI MAHMUT PEHLİVAN CD.ETİ PLAZA NO:11;ESKIŞEHIR;TEPEBAŞI;(222) 2212000;;;İİB-HUBUBAT
ÇITIR SUSAM TAHİN GIDA SAN.VE DIŞ TİC.LTD.ŞTİ.;BOĞAZKÖY İSTİKLAL MAH. YONCA SOK. NO:12/1 ;İSTANBUL;ARNAVUTKÖY;(212) 6688806;www.citirsusam.com;citirsusam.com;İİB-HUBUBAT
ELİT TEAM İMPORT EXPORT DIŞ TİC. LTD. ŞTİ.;İSLAMBEY MAH. HAMİDE SOK. NO:6 K:3;İSTANBUL;KADIKÖY;(216) 0000000;;;İİB-HUBUBAT
SİMİT SARAYI YATIRIM VE TİCARET A.Ş.;SİMİT SARAYI GENEL MÜDÜRÜLÜK BÜYÜKDERE CAD. NO:191 APA GİZ PLAZA ;İSTANBUL;ŞİŞLİ;(212) 3980398;www.simitsarayi.com;simitsarayi.com;İİB-HUBUBAT
PEYMAN KURUYEMIŞ GIDA AKTARIYE KIM.MAD.TAR.ÜRN.SAN.VE TIC.A.Ş;KAZIMDİRİK MH. 282/1 SK.NO:6 K:1 D:101;İZMİR;BORNOVA;(232) 4722204;www.peyman.com.tr;peyman.com.tr;İİB-HUBUBAT
PETRO YAĞ VE KİMYASALLAR SANAYİ VE TİCARET ANONİM ŞİRKETİ;GOSB TEMBELOVA MEVKİİ GENÇLİK.CAD. NO:3014;KOCAELI;GEBZE;(262) 6771700;www.petroyag.com;petroyag.com;İİB-HUBUBAT
ELVAN GIDA SAN. VE TIC. AŞ.;TEVFİK BEY MAH. TAHSİN TEKOĞLU CAD. NO:26 SEFAKÖY-KÜÇÜKÇEKMECE-İSTANBUL;İSTANBUL;KÜÇÜKÇEKMECE;(212) 5525106;www.elvan.com.tr;elvan.com.tr;İİB-HUBUBAT
TFN BAHARAT VE GIDA ÜRETİM PAZ. İHR. İTH. SAN. TİC. LTD. ŞTİ.;CUMHURİYET MAH.VATAN CAD.NO10;SAKARYA;PAMUKOVA;(264) 2420246;;;İİB-HUBUBAT
IND ENDÜSTRİYEL DAYANIKLI TÜKETİM ÜRÜNLERİ SANAYİ VE TİCARET ANONİM ŞİRKETİ;AYDINLI - İSTANBUL AYOSB MAH. MERMERCİLER CAD. İSTANBUL ANADOLU YAKASI OSB NO:41;İSTANBUL;TUZLA;(216) 5930242;www.ndustrio.com;ndustrio.com;İİB-HUBUBAT
YENİ TEKÖZEL MARKALI ÜRÜNLER DAĞITIM HİZMETLERİ A.Ş.;KISIKLI MAH. YENISEN SK. YILDIZ HOLDING B BLOK NO: 8 B IÇ KAPI NO: 1;İSTANBUL;ÜSKÜDAR;(216) 5235058;;;İİB-HUBUBAT
BİLGE İLAÇ BİTKİSEL ÜRÜNLER KOZ.SAN.VE TİC.A.Ş.;AKÇABURGAZ MAH.3034 SOKNO:23/1;İSTANBUL;ESENYURT;(212) 7099541;;;İİB-HUBUBAT
TURUN GIDA SAN. VE TIC. A.Ş.;E-5 KARAYOLU ÜZERI 7.KM.YENIBEDIR KÖYÜ MEVKII 39750;KIRKLARELI;LÜLEBURGAZ;(288) 4264707;www.turunflourmills.com;turunflourmills.com;İİB-HUBUBAT
BEYAZ GIDA SAN VE  DIŞ.TİC.LTD.ŞTİ.;CEVİZLİK MAH. MUHTAR HALİT KIRAL SOK NO:26/7;İSTANBUL;BAKIRKÖY;(212) 4662469;;;İİB-HUBUBAT
MARİAM COFFEE CO KAHVE GIDA İMALAT SANAYİ TİCARET İTHALAT İHRACAT LİMİTED ŞİRKETİ;ORTA MAH. NİLAY SOK NO:1/4;İSTANBUL;TUZLA;(216) 0000000;;;İİB-HUBUBAT
OBA MAKARNACILIK SAN. VE TİC. A.Ş.;O.S.B. 4. BÖLGE 83422 NOLU CAD. NO: 1;GAZIANTEP;ŞEHİTKAMİL;(342) 3234600;www.obamakarna.com.tr;obamakarna.com.tr;İİB-HUBUBAT
YILMAZ PAZ.DAĞITIM HIZMETLERI VE INŞAAT SAN.LTD.ŞTI.;AMBARLI DOLUM TESİSLERİ YOLUŞEHİT P.ER YAVUZ BAHAR SK.NO:2;İSTANBUL; ;;www.yilmazpazarlama.com;yilmazpazarlama.com;İİB-HUBUBAT
BHS GIDA SAN VE TİC LTD ŞTİ;ADNAN KAHVECİ MH YAVUZ SULTAN SELİM BLV PARLAVİSTA RESİDANCE 1B BLOK K 6 D 48;İSTANBUL;BEYLİKDÜZÜ;(212) 8720225;www.bhsticaret.com;bhsticaret.com;İİB-HUBUBAT
GUSTO PASTACILIK GIDA SANAYİ LTD. ŞTİ.;"REŞADİYE CADDESİ NO : 163/A REŞADİYE 34799 ÇEKMEKÖY, ";İSTANBUL;ÇEKMEKÖY;(216) 4292828;;;İİB-HUBUBAT
ZİLAN DIŞ TİC.LTD.ŞTİ.;YENIKAPIKATIPKASIM SOK.NO:62;İSTANBUL; ;(212) 6322323;www.zilanltd.com;zilanltd.com;İİB-HUBUBAT
AJİNOMOTO İSTANBUL GIDA SANAYİ VE TİCARET LİMİTED ŞİRKETİ;ÇAMLI MAH.SFERİHİSAR CAD.NO:171;İZMİR;GÜZELBAHÇE;(232) 2367600;;;İİB-HUBUBAT
TAMİRA GIDA SANAYİ VE TİCARET A.Ş.;BARAKFAKİH MAH.18. CAD.NO:3/Z3;BURSA;KESTEL;(224) 5730607;;;İİB-HUBUBAT
SELKAS INTERNATIONAL AMBALAJ LİMİTED ŞİRKETİ;SKYPORT RESİDENCE | YAKUPLU MAH. HÜRRİYET BLV. SKYPORT SİTESİ BLOK 1 NO:151;İSTANBUL;BEYLİKDÜZÜ;(212) 9569600;https://www.savorybite.com.tr/;savorybite.com.tr;İİB-HUBUBAT
DANIŞ GİYİM DIŞ TİC. VE SAN. LTD. ŞTİ. ;KEMALPAŞA MAH. FETHİ BEY CAD. NO:39 LALELİ İSTANBUL;İSTANBUL;FATİH;(212) 5185499;www.danisgroup.com;danisgroup.com;İİB-HUBUBAT
KURUKAHVECI MEHMET EFENDI MAHDUMLARI GIDA SANAYI VE TICARET ANONIM SIRKETI;TAHTAKALE MH.HASIRCILAR CD.N-7K-1;İSTANBUL; ;02125117174;;;İİB-HUBUBAT
GESAŞ GENEL GIDA SAN. VE TIC. A.Ş.;ANKARA CAD.NO:146 PK:116;KONYA; ;(332) 2358882;www.gesas.com.tr;gesas.com.tr;İİB-HUBUBAT
TATLAN PAZARLAMA GIDA SAN.VE TİC.LTD.ŞTİ.;CAMİ KEBİR MAH.AHIHIZIR SOK. NO:22;ÇANAKKALE;BAYRAMİÇ;(286) 7731109;www.tatlangida.com;tatlangida.com;İİB-HUBUBAT
YENİ KÖKLER GIDA TURİZM ORGANİZASYON SAN. TİC. A.Ş.;KEMANKEŞ KARAMUSTAFAPAŞA MAH. MUMHANE CAD. KARAKÖYGÜLLÜOĞLU NO:63 ;İSTANBUL;BEYOĞLU;(212) 2255282;;;İİB-HUBUBAT
TAT İTH.İHR.İÇ VE DIŞ TİC.LTD.ŞTİ;KOCATEPE MAH.12 SOK.YAĞ İSKELESİ CAD.MEGA CENTER 35/44 C:26 K:6 ;İSTANBUL;BAYRAMPAŞA;(212) 6400917;www.tatihracat.com.tr;tatihracat.com.tr;İİB-HUBUBAT
HASDAĞ UNLU MAMÜLLER GIDA SAN VE TİC.LTD.ŞTİ;MİMAR SİNAN MERKEZ MAH. E-5 LONDRA ASFALTI CAD. NO;İSTANBUL;BÜYÜKÇEKMECE;(212) 8622344;;;İİB-HUBUBAT
ATOM GIDA SAN VE TIC. LTD. ŞTI;BATTALGAZI MAH. ŞARK CD. AYTOPGIDA SIT. H-BLOK NO:26-27;İSTANBUL;SULTANBEYLİ;(216) 5926580;www.atombaharat.com;atombaharat.com;İİB-HUBUBAT
İHYA FOOD DIŞ TİC. A.Ş.;KOCATEPE MAH. GÜMRÜK İSKELESİ CAD. A BLOK SİT. MEGA CENTER NO:89/1824;İSTANBUL;BAYRAMPAŞA;(212) 0000000;;;İİB-HUBUBAT
SENSIENT TURKEY DOGAL MADDELER ANONIM SIRKETI;VELİBABA MAH. KAHRAMANLAR CAD. NO:42/1;İSTANBUL;PENDİK;(216) 3076771;www.endemix.com.tr;endemix.com.tr;İİB-HUBUBAT
RVL ULUSLARARASI TAŞIMACILIK DIŞ TİC.LTD.ŞTİ;"KARAGÜMRÜK MAH. SARMAŞIK SOK. NO;:32 D:1 ";İSTANBUL;FATİH;(212) 4514436;www.realworldlogistic.com;realworldlogistic.com;İİB-HUBUBAT
UNIFO GIDA VE SAVUNMA SAN. TİC. A.Ş.;GEBZE ORGANIZE SAN BÖL.400.SOKNO:412;KOCAELI;GEBZE;(262) 7513325;www.tada.com.tr;tada.com.tr;İİB-HUBUBAT
APM AZIM GIDA SANAYI VE TICARET ANONIM SIRKETI;SERIFALI MAH. TAVUKÇUYOLU CAD. APM IS MERKEZI NO: 268 IÇ KAPI NO: 1BUL;İSTANBUL;ÜMRANİYE;(216) 4209093;;;İİB-HUBUBAT
KAMARIN KUMANYA VE GEMI MALZ. SAN. VE TIC.  LTD. ŞTİ.;ÇAVUŞOĞLU MAH. SPOR CAD. NO:88 ;İSTANBUL;KARTAL;(216) 3066073;www.kamarin.com.tr;kamarin.com.tr;İİB-HUBUBAT
AS KARE SAĞLIK ÜRÜNLER PAZ.DAN. YAZILI HİZ. SAN.VE DIŞ TİC.A.Ş;BARBAROS MAH. MOR SÜMBÜL SOK NO:5A/329;İSTANBUL;ATAŞEHİR;(216) 0000000;;;İİB-HUBUBAT
MAYASAN GIDA SANAYI VE TICARET A.Ş.;COBANCESME SAN.CD SULUN SK.NO:17;İSTANBUL;ŞİŞLİ;(212) 6396565;;;İİB-HUBUBAT
ALTIPARMAK GIDA SAN. VE TİC. A.Ş.;ÇAVUŞBAŞI CD. NO:70 34782;İSTANBUL;ÇEKMEKÖY;(216) 6430202;www.altiparmak.com.tr;altiparmak.com.tr;İİB-HUBUBAT
SANTANA DIŞ TİC. VE SAN. LTD. ŞTİ.;TATLIKUYU HAMAM SK.SARAÇISHAKMH.NO:26/5-6;İSTANBUL; ;(212) 5174100;www.kazlicesme.com.tr;kazlicesme.com.tr;İİB-HUBUBAT
EFOR İÇ VE DIŞ TİCARET LTD.ŞTİ.;ORUÇREİS MAH. TEKSTİLKENT  CAD. TEKSTİLKENT SİTESİ . A BLOK 12/ B NO:324 K:32  ;İSTANBUL;ESENLER;(212) 4452727;www.efortrading.com;efortrading.com;İİB-HUBUBAT
OFFICINE DOLCE VİTA S.R.L MERKEZİ İTALYA İSTANBUL ŞUBESİ;YENİBOSNA MERKEZ MAH. 29. EKİM CAD. CICI NO:41/Z-1;İSTANBUL;BAHÇELİEVLER;(212) 0000000;;;İİB-HUBUBAT
BALCAN GIDA İNŞAAT MAKİNA OTOMOTİV SANAYİ TİCARET LİMİTED ŞİRKETİ;ÇAMLIK MAH TURGUT ÖZAL BULVARI VELENE PARK SİTESİ A BLOK NO /36 A ;İSTANBUL;ÜMRANİYE;(216) 0000000;;;İİB-HUBUBAT
NESTLE TÜRKİYE GIDA SAN. AŞ;*TOROS BİNASI;İSTANBUL; ;(212) 2812200;;;İİB-HUBUBAT
BONART GIDA SAN VE TİC. A.Ş.;GOSB. İHSANDEDE CAD. 800. SOK.NO:122;KOCAELI;GEBZE;(262) 6465713;yunustayci@bonartfood.com;bonartfood.com;İİB-HUBUBAT
İSTANBUL ÖZMAYA MAYACILIK LTD.ŞTİ;SAHRAYI CEDİT MAH.CEBESOY SOK NO:8 ;İSTANBUL;KADIKÖY;(322) 6137220;;;İİB-HUBUBAT
MUHİT LOJİSTİK DIŞ TİCARET LİMİTED ŞİRKETİ;MALTEPE MAH.ESKİ ÇIEPICI YOLU SK.MERİDYEN İŞ MRK N;İSTANBUL;ZEYTİNBURNU;(212) 0000000;;;İİB-HUBUBAT
IFF AROMA ESANS SANAYİ VE TİCARET ANONİM ŞİRKETİ;GEBZE ORGANIZE SANAYI BOLGESIIIHSAN DEDE CAD. 1100. SOK. NO:1102;KOCAELI;GEBZE;(262) 6770777;www.iff.com;iff.com;İİB-HUBUBAT
GRAND SWEETS DIŞ TİCARET LİMİTED ŞİRKETİ;BAHÇEŞEHİR 2. KISIM MAH. MERSEDES BLV. A BLOK  NO:30E İÇ KAPI NO: 11;İSTANBUL;BAŞAKŞEHİR;(212) 0000000;;;İİB-HUBUBAT
BAŞHAN AGRO GIDA SANAYİ VE TİCARET A.Ş.;EMEK MAH. MERSİN ADANA KARAYOLU ÜZERİ ATATÜRK BLV. NO: 18;MERSIN;AKDENİZ;(324) 2214141;www.bashan.com.tr;bashan.com.tr;İİB-HUBUBAT
ŞAHAP GIDA İNŞAAT ELEKTRİK TEKSTİL TASARIM SANAYİ VE DIŞ TİC. LTD. ŞTİ.;"AZİZ MAHMUT HÜDAYİ MAHALLESİ, UNCULAR CAD. NO:19/B ";İSTANBUL;ÜSKÜDAR;(212) 5589961;;;İİB-HUBUBAT
YD DIŞ TİCARET LTD.ŞTİ.;CEVİZLİK MAH.İSTANBUL CAD.26/1 63 ;İSTANBUL;BAKIRKÖY;;;;İİB-HUBUBAT
ANL GIDA SAN.VE TIC.A.Ş;AKÇABURGAZ MAH. 3032 SK NO:2;İSTANBUL;ESENYURT;(212) 6909600;www.anlgida.com.tr;anlgida.com.tr;İİB-HUBUBAT
NATURA GIDA SAN.VE TIC.A.Ş;MAHMUTBEY MAH.TAŞOCAĞI YOLU CAD.NO:8;İSTANBUL;BAĞCILAR;(212) 6296060;www.golfdondurma.com.tr;golfdondurma.com.tr;İİB-HUBUBAT
BURSA TOHUMCULUK ZIRAAT VE TIC A.Ş.;GÜLBAHÇE MAH.DR.SADIK AHMET CAD NO:101 ALP İŞ MERK.6/23;BURSA;OSMANGAZİ;(224) 2530654;www.bursaseed.com;bursaseed.com;İİB-HUBUBAT
BAZAAR İNTERNATİONAL TRADE TÜKETİM ÜRÜNLERİ İTHALAT İHRACAT LİMİTED ŞİRKETİ;FERHATPAŞA MAH.44. SOK. YERYÜZÜ GIDA VE YEŞİL MALATYA  GIDA NO:52-54;İSTANBUL;ATAŞEHİR;(212) 0000000;;;İİB-HUBUBAT
5MUTLU GIDA SANAYİ VE TİCARET LTD. ŞTİ.;İKİTELLİ OSB MAH.ESKİ TURGUT ÖZAL CAD.C BLOK NO:2/2B202;İSTANBUL;BAŞAKŞEHİR;(212) 0000000;;;İİB-HUBUBAT
EFE EYÜP SULTAN ŞEKERLEME GIDA SAN.VE TİC.LTD.ŞTİ;KARAYOLLARI MAH. 653 SOK 8A ;İSTANBUL;GAZİOSMANPAŞA;(212) 6091005;www.eyupsultanlokumculuk.com;eyupsultanlokumculuk.com;İİB-HUBUBAT
ATILIM UNLU MAMÜLLER SAN.VE A.Ş.;ERİKLİ PINAR AÇMALAR MEVKİİ Y.DUDULLU OSB.1 CAD NO:4;İSTANBUL;ÜMRANİYE;(216) 4182572;;;İİB-HUBUBAT
MRM GRUP MAKİNA TEKS. İNŞ. GIDA TURZ. SAN. VE DIŞ TİC. LTD. ŞTİ.;SOĞANAĞA CD.TAVŞANTAŞI SK.NO:2/4-B;İSTANBUL;FATİH;(212) 6387631;www.haksan.com.tr;haksan.com.tr;İİB-HUBUBAT
RANN IMEX DIŞ TİC.LTD.ŞTİ;CEVİZLİ MAH KIRIKKALE SOK DAP ADAM KULE NO:9 İÇ KAPI  NO:12;İSTANBUL;KARTAL;(216) 0000000;;;İİB-HUBUBAT
YONCA GIDA SANAYİ İŞLETMELERİ İÇ VE DIŞ TİCARET ANONİM ŞİRKETİ;KOCATEPE MAH. YAĞ İSKELESİ CAD. MEGA CENTER SİTESİ C BLOKLAR C30  BLOK NO:21 İÇ KAPI NO:17;İSTANBUL;BAYRAMPAŞA;(236) 2332520;https://www.yonca.com.tr/;yonca.com.tr;İİB-HUBUBAT
TEKİN PASTACILIK GIDA OTOMOTİV TİC VE SAN LTD ŞTİ;BATTALGAZİ MH SARDUNYA SK AYTOP SAN SİT J BLOK NO 1/34;İSTANBUL;SULTANBEYLİ;(216) 3142253;www.chefcake.com.tr;chefcake.com.tr;İİB-HUBUBAT
ABBASOĞLU TATLICILIK GIDA İNŞ. SAN İÇ VE DIŞ TİC.LTD.ŞTİ;HAMİDİYE MAH. SÖYLER CDA. NO:8A;İSTANBUL;KAĞITHANE;;;;İİB-HUBUBAT
TARICHO  GIDA İÇ VE DIŞ TİC.AŞ.;YAKUPLU MAH. FUAR CAD. NO:9 İÇ KAPI NO:11 ;İSTANBUL;BEYLİKDÜZÜ;(212) 8861383;;;İİB-HUBUBAT
A.B GIDA SAN.VE TIC.A.Ş.;BULGURLU MAH.BULGURLU CAD.132KAT 2 D.10;İSTANBUL; ;(216) 5236590;;;İİB-HUBUBAT
SOMCA GIDA DAĞITIM VE PAZ AŞ;ALTAYÇEŞME MH ÇAMLI SK ROYAL CENTERNO 16 D 42 K 11;İSTANBUL;MALTEPE;(216) 0000000;;;İİB-HUBUBAT
DORUK GIDA MADD.TIC.VE SAN.LTD STI.;HALIL RIFAT PAŞA MAH.DEREBOYUSOK.NO:31;İSTANBUL;ŞİŞLİ;(212) 2226331;;;İİB-HUBUBAT
EKOL ÇİKOLATA SANAYİ TİCARET LTD. ŞTİ.;SANAYİ MAH. 60221 NOLU CAD. NO: 22;GAZIANTEP;ŞEHİTKAMİL;(342) 0000000;www.ekolcikolata.com;ekolcikolata.com;İİB-HUBUBAT
YAŞAR DIŞ TİC.A.Ş;GAZIOSMANPASA BULV.BATI ISH.10/1KAT3-4-5;İZMİR;KONAK;02324890121;www.yasardis.com.tr;yasardis.com.tr;İİB-HUBUBAT
PİMAK PROFESYONEL MUTFAK LİMİTED ŞİRKETİ;İKİTELLİ OSB MH ATATÜRK BULVARI ELİ M. TOKATLI İS MERKEZİ NO:112/4;İSTANBUL;BAŞAKŞEHİR;(850) 4808084;www.pimak.com;pimak.com;İİB-HUBUBAT
ARKADAŞ DIŞ TİCARET GIDA ÜRÜNLERİ LİMİTED ŞİRKETİ;AKSARAY MAH.KÜÇÜK LANGA CAD.NO:6 İÇ KAPI:6FATİH/İSTANBUL;İSTANBUL;FATİH;(212) 5850308;;;İİB-HUBUBAT
DEN DIŞ TİC. AŞ;KORE SEHITLERI CAD.ERGIN APT.NO.20/5;İSTANBUL;ŞİŞLİ;02122721516;;;İİB-HUBUBAT
DOLKEM KIMYA ANONIM SIRKETI;ORHAN GAZI MAH. 1730. SK. NO: 23;İSTANBUL;ESENYURT;(212) 4854599;;;İİB-HUBUBAT
ALADARISA TEKSTİL İÇ VE DIŞ TİC.LTD.ŞTİ.;KEMALPAŞA MAH.FEVZİYE CAD.NO:18 İÇ KAPI NO:401;İSTANBUL;FATİH;(212) 6549924;;;İİB-HUBUBAT
ARTU ÇİKOLATA GIDA SANAYİ İÇ VE DIŞ TİCARET LİMİTED ŞİRKETİ;BEŞYOL MAH.1.AKASYA SOK.NO:11 İÇ KAPI NO:5 34290;İSTANBUL;KÜÇÜKÇEKMECE;(212) 6961698;;;İİB-HUBUBAT
TECHNOFOOD KİMYA GIDA KATKILARI İTHALAT İHRACAT PAZARLAMA SANAYİ VE TİCARET LİMİTED ŞİRKETİ;YENİŞEHİR MAH. REYHAN CAD. TANAY KONAKLARI NO:30/4;İSTANBUL;PENDİK;(216) 0000000;;;İİB-HUBUBAT
TEKFEN İNŞAAT VE TESİSAT AŞ;ULUS MAH.TEKFEN SİTESİ B BLOK;İSTANBUL;BEŞİKTAŞ;(212) 3593500;;;İİB-HUBUBAT
BOLÇİ ÇİKOLATA A.Ş;SUSUZKINIK KÖYÜ SUSUZKINIK ORGANİZE SANAYİ BÖLGESİ NO:111/3 ;BOLU;MERKEZ;(374) 2751424;www.bolci.com.tr;bolci.com.tr;İİB-HUBUBAT
BEYOĞLU ÇİKOLATA SANAYİ TİCARET ANONİM ŞİRKETİ;ALTAY MAH. AYAŞ ANKARA YOLU BLV. PLATINUM NO:212 DAİRE:41 ;ANKARA;ETİMESGUT;(312) 8151238;;;İİB-HUBUBAT
PAMİR GIDA SAN.A.Ş;LİTROS AİLE BAHÇE YOLU NO:10;İSTANBUL;MALTEPE;(212) 6125000;www.haribo.com;haribo.com;İİB-HUBUBAT
ENDER GLOBAL PAZARLAMA ANONİM ŞİRKETİ;ADNAN KAHVECİ MAH. DAVUTPAŞA CAD. İKİTELLİ MEVKİ NO:17/2;İSTANBUL;BEYLİKDÜZÜ;(212) 6062727;;;İİB-HUBUBAT
ÇAĞRI MAĞAZACILIK ANONİM ŞİRKETİ;"MERVE MAHALLESİ NECİP FAZIL CADDESİ NO:14 KAT:2, ";İSTANBUL;SANCAKTEPE;(216) 3111000;http://www.cagri.com;cagri.com;İİB-HUBUBAT
ALLİANCE DIŞ TİCARET LİMİTED ŞİRKETİ;BARBAROS HAYRETTİN PAŞA MH 1997 SK NO:12 D:79;İSTANBUL;ESENYURT;(212) 8541052;;;İİB-HUBUBAT
LESAFFRE TURQUIE MAYACILIK ÜR.TİC. A.Ş;SAHRAYICEDİT MH.ATATÜRK CD.CEBESOY SK.NO: 8;İSTANBUL;KADIKÖY;(216) 9395897;"www.dosumaya.com.tr;www.lesaffre.com.tr";"dosumaya.com.tr;www.lesaffre.com.tr";İİB-HUBUBAT
KLIMATEK ELEKT.VE MEKANIK CIHAZLAR SAN.VE TIC.A.S.;İNÖNÜ CD.AKAR PALAS APT.NO:14/6;İSTANBUL;BEYOĞLU;(212) 2444616;www.klimatek.com;klimatek.com;İİB-HUBUBAT
ALTINOĞULLARI GIDA TEKS  MAKN.PAZ. SAN.VE TİC.LTD.ŞTİ.;ŞİRİNEVLER MAH.MAHMUTBEY YOLU4.SOK.N:9;İSTANBUL;BAHÇELİEVLER;(212) 6526484;;;İİB-HUBUBAT
LİSTE GIDA MEŞRUBAT NAKLİYAT İTH.İHR. SAN TİC.LTD.ŞTİ;ŞİRİNEVLER MAH. KERİM ÇAVUŞ CAD. BAHADIR SOK NO:2/2B;İSTANBUL;BAHÇELİEVLER;(212) 5545885;;;İİB-HUBUBAT
GLOBAL PARTNER İÇ VE DIŞ TİC.A.Ş;ÇOBANÇEŞME MAH. SANAYİ CAD. NİSH İSTANBUL SİT B BLREZİDANS APT NO:44B  BLOK D:183 ;İSTANBUL;BAHÇELİEVLER;;;;İİB-HUBUBAT
YUSUF EDİZ GIDA SAN.VE TİC.LTD.ŞTİ;AKINLAR MAH. 2590 SOK NO:29 MERKEZ ;DÜZCE;MERKEZ;;;;İİB-HUBUBAT
REIS TARIMSAL ÜRÜNLER SAN. VE TIC.A.Ş.;ÇAKMAKLI MEVKİİ AKÇABURGAZ MAH.54 SOK NO:7;İSTANBUL;ESENYURT;(212) 6719700;www.reisgida.com.tr;reisgida.com.tr;İİB-HUBUBAT
KALE MADENCILIK SAN.VE TIC.A.Ş .;KALE UN SANAYI IPSALA YOLUÜZERI 2.KM;EDIRNE;KEŞAN;(284) 7141403;www.kaleflour.com;kaleflour.com;İİB-HUBUBAT
ATAHAN GROUP GIDA SANAYİ VE DIŞ TİCARET LİMİTED ŞİRKETİ;CEVİZLİ MAH.ZUHAL CAD.RİTİM İSTANBUL BLOK NO:44BH;İSTANBUL;MALTEPE;(216) 0000000;;;İİB-HUBUBAT
İSTANBUL DOSU MAYA LTD.ŞTİ;ŞERİFALİ MAH. MİRAS SOK NO:20 ;İSTANBUL;ÜMRANİYE;(216) 9395897;;;İİB-HUBUBAT
İZMİR TÜRK GIDA OTOM TUR DAN İÇ VE DIŞ TİC LTD ŞTİ;YILDIZTABYA MH AYBENİZ SK AKAR APT NO 5/1;İSTANBUL;GAZİOSMANPAŞA;(212) 0000000;;;İİB-HUBUBAT
SAFİRA DIŞ TİCARET VE DANIŞMANLIK LİMİTED ŞİRKETİ;KUCUK BAKKALKOY MAHALLESİ HAZAR SOKAK NO 2/1;İSTANBUL;ATAŞEHİR;(216) 3645656;www.safiratrade.com.tr ;safiratrade.com.tr;İİB-HUBUBAT
SOYYIĞIT GIDA SAN. VE TIC. A.Ş;AKÇABURGAZ MAH. 3 CADDE 3106 SOK NO:3 A3. CADDE 110.SK. NO:3;İSTANBUL;ESENYURT;(212) 8863200;www.soyyigit.com.tr;soyyigit.com.tr;İİB-HUBUBAT
MİRPAİN GIDA SAN.VE TİC.A.Ş;BEYLİKDÜZÜ O.S.B. MAH. BİRLİK SAN. SİT. 3.CAD. NO:5D:68;İSTANBUL;BEYLİKDÜZÜ;(212) 8750111;www.sinora.com.tr;sinora.com.tr;İİB-HUBUBAT
KUTLUHAN KURUYEMİŞ VE GIDA TİCARET LİMİTED ŞİRKETİ;SEYRANTEPE MAH. CENDERE CAD. A1 BLOK NO: 110 IÇ KAPI NO: 6;İSTANBUL;KAĞITHANE;(212) 5500472;;;İİB-HUBUBAT
UZMAN KARDAN MAKİNE OTOMOTİV SAN. VE TİC. A.Ş.;İKİTELLİ OSB MAH. BAĞCILAR GÜNGÖREN SAN.SİT. 18.BLOK NO:234490;İSTANBUL;BAŞAKŞEHİR;(212) 5491014;www.uzmankardan.com;uzmankardan.com;İİB-HUBUBAT
PERFETTI VAN MELLE GIDA SAN.VE TIC.A.Ş.;KIRAC BELDESI MERK.M. ATATURKC.N:15;İSTANBUL;BÜYÜKÇEKMECE;02126223600;www.perfettivanmelle.com.tr;perfettivanmelle.com.tr;İİB-HUBUBAT
KARVİN GIDA SAN VE TİC LTD ŞTİ;BARBOROS MH MOR MENEKŞE SK DELUXIA SİTESİ A BLOK NO 3/A 171;İSTANBUL;ATAŞEHİR;;;;İİB-HUBUBAT
VENÜS BİSKÜVİ SAN. VE TİC. A.Ş.;TABAKHANE MAH. ORG. SAN. BÖLG. KÜME EVLERİ MEVKİİ NO:9 ;BURSA;YENİŞEHİR;(224) 7734040;www.venus.biz;venus.biz;İİB-HUBUBAT
FLOKSER TEKS. SAN. VE TİC. AŞ;İSTASYON MAH.ÜRGÜPLÜ CAD.NO.1;İSTANBUL; ;(212) 7712505;;;İİB-HUBUBAT
AL NALBURİYE HIRDAVAT TİCARET VE SAN. LTD. ŞTİ.;ARAPCAMİ MAH. KÜREKÇİLER CAD.NO:37;İSTANBUL;BEYOĞLU;(212) 2934131;www.al.com.tr;al.com.tr;İİB-HUBUBAT
KERVAN GIDA SAN. VE TIC. A.Ş.;BEYSAN SANAYI SITESI FUARCAD. NO.11;İSTANBUL; ;02128757690;www.kervangida.com;kervangida.com;İİB-HUBUBAT
ŞENKARDEŞ GIDA SAN. VE TİC. LTD. ŞTİ.;HANLIKÖY MAH. ESKİŞEHİR CD. NO:123;SAKARYA;ARİFİYE;(264) 2764760;www.senkardes.com.tr;senkardes.com.tr;İİB-HUBUBAT
NEWFACE BOSPHORUS İÇ VE DIŞ TİCARET A.Ş.;F.ÇAKMAK MH. 10507 SK NO:34;İSTANBUL;ŞİŞLİ;(212) 6264696;;;İİB-HUBUBAT
ALYAN GIDA ÜRETİM İTHALAT İHRACAT SANAYİ VE TİCARET ANONİM ŞİRKETİ;KARGALI HANBABA OSB MAH. ORG.SAN. 1 SK. NO:15 ;SAKARYA;HENDEK;(264) 5022121;;;İİB-HUBUBAT
MAZLUM ŞEKERLİ MAMÜLLER GIDA SANAYİİ MAĞAZACILIK TİCARET LİMİTED ŞİRKETİ;CUMHURİYET MAHALLESİ SOĞAN PAZARI CADDESİ NO:47;SAKARYA;ADAPAZARI;(264) 2798001;;;İİB-HUBUBAT
DTE GIDA TİCARET LTD. ŞTİ.;YENİ MAHALLE YILDIRIM BEYAZIT CADDDESİ NO:72/C;SAKARYA;HENDEK;(264) 0000000;;;İİB-HUBUBAT
KEY DENIZCILIK HIZM. GIDA SAN. VE TIC. LTD. STI.;GUZELYALI MAH. ISTASYON CAD. NO:2 A;İSTANBUL;PENDİK;(216) 0000000;;;İİB-HUBUBAT
TELLİOĞLU YEM-GIDA ENTEGRE TESİSLERİ SANAYİ VE TİCARET ANONİM ŞİRKETİ;YENİKÖY MAH.YENİKÖY 51 SOK. TELLİOĞLU UN NO:180;BALIKESIR;KARESİ;(266) 2461450;www.tellioglugida.com.tr;tellioglugida.com.tr;İİB-HUBUBAT
DOSTLAR ENDÜSTRİYEL  GIDA SAN. VE TİC. A.Ş;KOCATEPE MAH. MEGA CENTER C 43-BLOK NO: 418-419;İSTANBUL;BAYRAMPAŞA;(212) 4657100;;;İİB-HUBUBAT
AK GIDA SAN.VE TIC.A.Ş.;ORGANİZE SANAYİ BÖLGESİ 5.CADDE;KARAMAN;MERKEZ;(338) 2241600;;;İİB-HUBUBAT
MAYTEKİN İTH.İHR. SAN TİC.LTD.ŞTİ;BARIŞ MAH. BELEDİYE CAD. GINZA LAVİNYA 30/72;İSTANBUL;BEYLİKDÜZÜ;(212) 4261888;;;İİB-HUBUBAT
TURKOBABA GIDA SAN.A.Ş.;KOCASİNAN MERKEZ MAH.AHLAT SOKAK NUMARA:13-A;İSTANBUL;BAHÇELİEVLER;(212) 5222246;;;İİB-HUBUBAT
PURATOS GIDA SAN. VE TIC.A.Ş.;TUZLA İSTASYONARKASI ATLAS COP-CO BİNASI YANI 31700;İSTANBUL;TUZLA;(216) 4465330;;;İİB-HUBUBAT
İHSAR DIŞ TİCARET A.Ş.;ORGANİZE SAN.BÖLG.ESKİ EREĞLİ YOLU  ÜZERİ ;KARAMAN;KARAMAN;(338) 2241100;www.sarayholding.com.tr;sarayholding.com.tr;İİB-HUBUBAT
IBMED DIŞ TİCARET LİMİTED ŞİRKETİ;CUMHURİYET MAH. İNCİRLİ DEDE CAD. ANTHİLL FRASER PLACE RESİDENCE A BLOK NO: 6 İÇ KAPI NO: 160;İSTANBUL;ŞİŞLİ;(212) 0000000;;;İİB-HUBUBAT
CEMREM TURİZM KAFE OTELCİLİK GIDA OTOMOTİV İNŞAAT EMLAK FİLM VE MÜZİK YAPIM SAN. VE TİC. LTD. ŞTİ.;SULTANGAZİ MAH. 2/A SOK. NO:25/A ;İSTANBUL;SULTANGAZİ;(212) 4750203;www.cmrcigkofte.com;cmrcigkofte.com;İİB-HUBUBAT
EVLİYA ŞEKERLEME SAN.VE TİC. LTD.ŞTİ.;3.ORG.SAN.BÖLGESİ 14.SK.NO:7;KONYA;SELÇUKLU;(332) 2392323;www.evliya.com.tr;evliya.com.tr;İİB-HUBUBAT
MİLTON GIDA PASTACILIK ÜRÜNLERİ İTH. İHR. SAN. VE TİC. LTD. ŞTİ;YEŞİLPINAR MAH. ŞELALE SK. NO:2 A/1;İSTANBUL;EYÜP;(212) 5376666;;;İİB-HUBUBAT
DORİVA TROFFINO ÇİKOLATA VE ŞEKERLEME SAN TİC.LTD.ŞTİ;SULTAN ORHAN MAH.1107. SOK. NO:3A;KOCAELI;GEBZE;;;;İİB-HUBUBAT
AGRODAR TARIM TİCARET LİMİTED ŞİRKETİ;"EVLİYA ÇELEBİ MAH. NAZAN SK. NO: 2 İÇ KAPI NO: 6, ";İSTANBUL;TUZLA;(212) 4523691;;;İİB-HUBUBAT
ETNİC GIDA İTHALAT İHRACAT LİMİTED ŞİRKETİ;İKİTELLİ OSB.MAH. GİYİM SANATKARLARI 1A BLOK SK. 1A BLOK İÇ KAPI NO:1B026;İSTANBUL;BAŞAKŞEHİR;(212) 6718267;;;İİB-HUBUBAT
GÜRPAK AMBALAJ VE GIDA SAN.TIC LTD.ŞTI.;ÇARŞI MAH .CAN SK. NO:20;İSTANBUL;KARTAL;(216) 3771727;www.gurpak.com.tr;gurpak.com.tr;İİB-HUBUBAT
GLOBAL NATUREL GIDA SANAYİ VE TİCARET ANONİM ŞİRKETİ;İKİTELLİ OSB MAH.25.CAD.ÜSTÜN PLASTİL AMBALAJ NO:14/1;İSTANBUL;BAŞAKŞEHİR;(212) 4857676;;;İİB-HUBUBAT
ROYALTY LİFE BİTKİSEL İLAÇ VE GIDA TAKVİYELERİ İTH.VE İHR.SAN. VE TİC. A.Ş.;ZAFER MAH.YILDIRIM BEYAZIT CAD.NO:64/B;İSTANBUL;BAHÇELİEVLER;(212) 0000000;;;İİB-HUBUBAT
NUR GIDA SANAYİ VE DIŞ TİCARET LİMİTED ŞİRKETİ;HAYRİYE TÜCCARI CAD.NO-2/EAKSARAY;İSTANBUL;FATİH;(212) 5165429;;;İİB-HUBUBAT
KUREX HAZIR GIDA  ÜRÜNLERİ  İML.SAN. VE TİC.LTD.ŞTİ;FERHATPAŞA MAH.ÇAĞLAYAN EGE BELEDİYE İŞ HANINO:68 K:2;İSTANBUL;ÇATALCA;(212) 7892250;www.kurex.co;kurex.co;İİB-HUBUBAT
BIEN TÜKETIM ÜRÜNLERI SANAYI TICARET ANONIM SIRKETI;KARAGÜMRÜK MAHALLESİ ADNAN MENDERES VATAN BULVARI B2 NO: 76 İÇ KAPI NO: 29;İSTANBUL;FATİH;(212) 4414001;http://www.saglikdolabim.com;saglikdolabim.com;İİB-HUBUBAT
BONOVA GIDA SANAYİ VE TİCARET ANONİM ŞİRKETİ;SULTAN ORHAN MAH. KIŞLA CAD. NO: 4 İÇ KAPI NO: 6;KOCAELI;GEBZE;(262) 0000000;www.bonovagida.com;bonovagida.com;İİB-HUBUBAT
MOSIN KAHVE VE GIDA SANAYİ TİCARET LİMİTED ŞİRKETİ;SANCAKLAR MAH. ESKİ AKÇAKOCA CAD. NO:184A;DÜZCE;MERKEZ;(380) 0000000;;;İİB-HUBUBAT
AMANA FOODS GIDA ÜRÜNLERİ A.Ş.;ÇERKEŞLİ OSB MAH. İMES 5 BULV. NO:7;KOCAELI;DİLOVASI;(262) 5021685;;;İİB-HUBUBAT
ATAER GIDA ÜRETIM VE PAZ.TIC. VE SAN.LTD.ŞTI.;ESENTEPE M.G.O.PASA KUCUKSAN.SIT.20.BL. N:14;İSTANBUL; ;02126680207;www.ataergida.com;ataergida.com;İİB-HUBUBAT
SİNERJİ GIDA KİMYA TEKSTİL SAN. VE TİC. AŞ.;FATİH MAH. İNCİ CAD. NO.75/B;İSTANBUL;SULTANBEYLİ;(216) 3981053;www.sistemd.com.tr;sistemd.com.tr;İİB-HUBUBAT
FOUR H DIŞ TİCARET LİMİTED ŞİRKETİ;YAKUPLU MAHALLESİ GÖÇMEN SOKAK NO:1 D:184;İSTANBUL;BEYLİKDÜZÜ;(212) 0000000;;;İİB-HUBUBAT
ÇIZMECI GIDA SAN. VE TIC A.Ş.;"GÜZELLER ORGANİZE SANAYİ BÖLGESİ , İNÖNÜ MAHALLESİ,  EBULFEYZ ELÇİBEY SOKAK, NO:11 41400, GEBZE";KOCAELI;GEBZE;(262) 7514090;www.cizmecigida.com;cizmecigida.com;İİB-HUBUBAT
TURKUAZ GÖZETİM BELGELENDİRME VE EĞİTİM HİZM.TİC.LTD.ŞTİ;TUNA MAH. OSMAN GAZİ CAD. 24 / 2;İSTANBUL;ESENLER;(850) 2551887;saim.tasdemir@ks01.kep.tr;ks01.kep.tr;İİB-HUBUBAT
EDIRNE YAĞ SANAYI VE TIC.A.Ş.;ATATURK BULVARI NO:256;EDIRNE;EDİRNE;(284) 2350630;www.olin.com.tr;olin.com.tr;İİB-HUBUBAT
MELODI ÇIKOLATA VE GIDA SAN. A.Ş;ZAFER MAH. DOĞAN ARASLI CAD.133. SOK. NO: 4;İSTANBUL;ESENYURT;(212) 6203030;www.melodi.com.tr;melodi.com.tr;İİB-HUBUBAT
ZEELANDIA  GIDA SAN.VE TIC.A.Ş.;ŞERİFALİ MAH. BARBAROS CAD. BEYİT SOK.NO:15 K:1;İSTANBUL;ÜMRANİYE;(216) 5276030;www.zeelandia.com.tr;zeelandia.com.tr;İİB-HUBUBAT
ESLAB KAHVE GIDA SANAYİ VE TİCARET ANONİM ŞİRKETİ;ADNAN KAHVECİ MAH. SÜMER CAD. ADESA APT.NO:3/1 BEYLİKDÜZÜ;İSTANBUL;BEYLİKDÜZÜ;(212) 2442551;;;İİB-HUBUBAT
KONTROL OTOMAT SİSTEMLERİ SANAYİ VE TİCARET ANONİM ŞİRKETİ;AKEVLER MAH.1059.SK.NO.21A;İSTANBUL;ESENYURT;(212) 0000000;;;İİB-HUBUBAT
NUMIL GIDA ÜRÜNL.SAN.VE TIC. A.Ş.;BUYUKDERE CAD. B BLOK YAPIKREDI PLAZA;İSTANBUL;BEŞİKTAŞ;02123251961;;;İİB-HUBUBAT
ELİT ÇİKOLATA VE ŞEKERLEME SAN A.Ş;HACI AHMET MAH.NO.49/51;İSTANBUL;BEYOĞLU;;;;İİB-HUBUBAT
M195 GIDA VE TEMİZLİK ÜRÜNLERİ TİCARET LİMİTED ŞİRKETİ;TÜRKOBA MAH. ZİNCİRLİKUYU SK.NO: 5 BÜYÜKÇEKMECE/ İSTANBUL;İSTANBUL;BÜYÜKÇEKMECE;(212) 0000000;;;İİB-HUBUBAT
AYHAM GIDA RESTORAN İTHALAT İHRACAT SANAYİ VE TİCARET LİMİTED ŞİRKETİ;YAVUZ SULTAN SELİM MAH. ABDÜLEZELPAŞA CAD. NO: 31;İSTANBUL;FATİH;(212) 0000000;;;İİB-HUBUBAT
OYAL ÇİKOLATA VE ŞEKERLİ MAMUL LER İMALAT TİC.VE SAN LTD.ŞTİ.;YENİBOSNA MH DEĞİRMENBAHÇE CD NO 28;İSTANBUL;BAHÇELİEVLER;(212) 4520158;www.oyalchocolate.com;oyalchocolate.com;İİB-HUBUBAT
BAZLAMA GıDA A.Ş.;TEŞVİKİYE MAH.OSMAN F.SEDEN SK.TOK APT.NO:8/B;İSTANBUL;ŞİŞLİ;(212) 9510498;http://www.bazlamakahvalti.com;bazlamakahvalti.com;İİB-HUBUBAT
BÜLENT BÖREKÇİLİK İML PAZ. SAN.VE DIŞ TİC. A.Ş;MAHMUTBEY MAH. 2661 SOK NO:11/1/Z1;İSTANBUL;BAĞCILAR;;;;İİB-HUBUBAT
EVREN ZİNCİR İMALAT MAKİNA SAN. VE TİC. A. Ş.;CUMHURIYET MAH.ISMET INÖNÜ CADNO.38;KOCAELI;GEBZE;(262) 6582525;www.evrenzincir.com.tr;evrenzincir.com.tr;İİB-HUBUBAT
SKY HAZIR GİYİM SAN. VE DIŞ TİC. LTD. ŞTİ.;KEMALPAŞA MAH. GEÇTÜRK CAD. ÇUKURÇEŞME SOK NO:30;İSTANBUL;FATİH;(212) 5018871;;;İİB-HUBUBAT
DİNK GIDA SAN.VE.TİC.LTD.ŞTİ.;MUSTAFA KEMAL PAŞA ORG. SAN. BÖLG. 6 NOLU CAD. NO:6-8;BURSA;MUSTAFAKEMALPAŞA;(224) 6326200;www.dinkgida.com.tr;dinkgida.com.tr;İİB-HUBUBAT
ALTINKILIÇLAR KAHVE KAKAO ÜRÜNLERİ TİC.VE SAN.A.Ş.;MECLİSİ MEBUSAN CAD. ÖMER AVNİ MAH. İNEBOLU SOK. NO:1-1/3 KABATAŞ;İSTANBUL;BEYOĞLU;(212) 2432505;www.kahvedunyasi.com.tr;kahvedunyasi.com.tr;İİB-HUBUBAT
TEZ İŞ OTOMOTİV EKİPMANLARI SAN.VE DIŞ TİCARET LTD.ŞTİ.;OSMANAĞA MH. OSMANCIK SK. EMINIŞHANI NO:12/402;İSTANBUL;KADIKÖY;(216) 4492032;;;İİB-HUBUBAT
DOST GIDA SAN. VE TİC. A. Ş.;ANKARA YOLU  6.KM P.K.73;ÇORUM;MERKEZ;(364) 2350450;www.dostkavukcu.com;dostkavukcu.com;İİB-HUBUBAT
CAS SEED TOHUMCULUK SANAYİ VE TİCARET LİMİTED ŞİRKETİ;SAMANLI MAH. 2. SARAY SOK. NO:29;BURSA;YILDIRIM;(224) 0000000;;;İİB-HUBUBAT
PROZAS DIŞ TİC.LTD.ŞTİ;KISIKLI MAH.HANIMSETİ SOK. NO:30 ;İSTANBUL;ÜSKÜDAR;(216) 5200992;;;İİB-HUBUBAT
SUPRAFOODING GIDA SANAYİ VE TİCARET ANONİM ŞİRKETİ;DUMLUPINAR MAHALLESİ YUMURTACI ABDİBEY CAD.NO:15 C128;İSTANBUL;KADIKÖY;(216) 0000000;;;İİB-HUBUBAT
HARMAN TARIM TOH. VE GIDA PAZ. TİC. LTD. ŞTİ.;ZAHİRECİLER SİTESİ F/1;EDIRNE;UZUNKÖPRÜ;(284) 5137056;www.harmantohum.com;harmantohum.com;İİB-HUBUBAT
BİMAK GIDA MADD.İÇ VE DIŞ TİC.A.Ş; BARBAROS MAH.EVREN CAD. ÇİM SOK.NO:22ATAŞEHİR;İSTANBUL;ATAŞEHİR;(216) 3694957;www.bimak.com.tr;bimak.com.tr;İİB-HUBUBAT
ADEL KALEMCİLİK TİC. VE SAN. AŞ;ŞEKERPINAR MAH. YAYOL SOK NO:7 41480;KOCAELI;ÇAYIROVA;(850) 6777000;www.adel.com.tr;adel.com.tr;İİB-HUBUBAT
YILDIZ GIDA YAPI SAN.VE TIC.A.S.;BURHAN SOKAK NO 7 ŞERİFALİÜMRANİYE ŞERİFALİ 34720;İSTANBUL;ÜMRANİYE;(216) 5262244;www.yildizgida.com;yildizgida.com;İİB-HUBUBAT
TAMBA PAZARLAMA VE DIŞ TİCARET LİMİTED ŞİRKETİ;HARAÇÇI MAH. HARAÇÇI-HADIMKÖY YOLU CAD. KORUYAPI NO: 18 A;İSTANBUL;ARNAVUTKÖY;(212) 0000000;www.tamba.com.tr;tamba.com.tr;İİB-HUBUBAT
HERTAT İNŞAAT GIDA SANAYİ VE TİCARET LİMİTED ŞİRKETİ;EYÜP SULTAN MAH. MÜMİNLER CAD 74 / 2-3;İSTANBUL;EYÜP;(212) 0000000;;;İİB-HUBUBAT
MONSANTO GIDA VE TARIM TIC.LTD ŞTI.;MAHIR IZ CAD. NO:26 K:334662;İSTANBUL;ÜSKÜDAR;(216) 5595900;www.monsanto.com;monsanto.com;İİB-HUBUBAT
BAKGÖRLER GIDA TURİZM TEKSTİL KONFEKSİYON SAN. VE TİC. LTD. ŞTİ.;ALAATTİNBEY MAH. ATİLLA TATVEREN  CAD. NO.6/D;BURSA;NİLÜFER;(224) 4436050;www.bakgorlergida.com.tr;bakgorlergida.com.tr;İİB-HUBUBAT
EVAROM GIDA KATKI MADDELERİ SAN. VE TİC. LTD. ŞTİ.;ÇAVUŞOĞLU MAH. SPOR CAD.NO:71;İSTANBUL;KARTAL;(216) 3872960;www.evarom.com;evarom.com;İİB-HUBUBAT
RAYAL TARIM ÜRÜNL.SAN.VE TİC.LTD.ŞTİ;KONAKLAR MAH.BÜYÜKDERE CAD.EMLAK BANKASI. APT.NO:178 K:9 D:36 4 LEVENT ;İSTANBUL;BEŞİKTAŞ;(212) 3252293;www.rayal.com.tr;rayal.com.tr;İİB-HUBUBAT
MERKAM TEKSTİL GIDA MAKİNA TURZ. SAN. VE DIŞ TİC. LTD. ŞTİ. ;SOĞANAĞA CAMİİ SOK.POLAT HAN BL.NO:29/203;İSTANBUL;FATİH;(212) 6389583;;;İİB-HUBUBAT
BAYTAM REKLAM GIDA TEKSTIL INSAAT SANAYI IÇ VE DIS TICARET LTD.STI.;TÜRKGÜCÜ OSB MAH. YILMAZ ALPASLAN CAD. NO: 5 /3;TEKIRDAĞ;ÇORLU;(282) 0000000;;;İİB-HUBUBAT
ZETA TRADE PAZ  DIŞ TİC LTD ŞTİ;ADNAN KAHVECİ MH YAVUZ SULTAN SELİM BULVARI PERLA VİSTA SİTESİ BLOK 1 B5;İSTANBUL;BEYLİKDÜZÜ;(212) 5522402;;;İİB-HUBUBAT
DİERMİX YEM İLAÇ SAN. VE TİC. LTD. ŞTİ.;ALAADDİNBEY MAH.631. SOK.NO:2 A/D NİLÜFER;BURSA;NİLÜFER;(224) 0000000;;;İİB-HUBUBAT
PHARMATERM İLAÇ SANAYİ LİMİTED ŞİRKETİ;ATATÜRK MAH.ERTUGRULGAZİ SOK .METROPOL İSTANBUL C1NO:2B/242;İSTANBUL;ATAŞEHİR;(216) 5760064;;;İİB-HUBUBAT
TAYAŞ GIDA SAN.VE TİC.A.Ş.;GEBZE ORG. SAN. BÖLG. İHSANDEDE CAD.800. SK. NO:122;KOCAELI;GEBZE;(262) 6465713;www.tayas.com.tr;tayas.com.tr;İİB-HUBUBAT
TEMPO ŞEKERLEME SAN. VE TIC. LTD. ŞTI.;ÖMERLİ MAH .ADNAN KAHVECİ CAD. KOSKOP SANSİTESİ2.CAD.NO:5/A;İSTANBUL;ARNAVUTKÖY;(212) 7982535;www.tempocandy.com;tempocandy.com;İİB-HUBUBAT
SAFAK KIMYA SANAYI A.S.;ÇOBANÇEŞME SANAYI CAD. NO:64;İSTANBUL; ;(212) 6537458;www.safak.com.tr;safak.com.tr;İİB-HUBUBAT
WALKERS PHARMACEUTİCAL İLAÇ MEDİKAL KOZMETİK SANAYİ VE TİCARET LİMİTED ŞİRKETİ;SİYAVUŞPAŞA MAH. YASEMİN SK. NO: 23 İÇ KAPI NO: 16;İSTANBUL;BAHÇELİEVLER;(212) 0000000;https://walkersvitamins.com.tr;walkersvitamins.com.tr;İİB-HUBUBAT
HELVACI YAKUP EFENDİ GIDA SAN VE TİC.LTD.ŞTİ;YUNUSEMRE MAH. AVCI SOK NO:7 B ;BURSA;İNEGÖL;(224) 0000000;;;İİB-HUBUBAT
ANACOGLU GIDA INŞ.TAAH.SAN.ITH .IHR.VE TIC.LTD.STI.;YENISEHIR MAH.BASAK CAD.NAZLISK.NO:8;KOCAELI;İZMİT;(262) 3210086;;;İİB-HUBUBAT
MERTCAN KADAYIF.TATL. UNLU MAMUL.GIDA SAN.TIC.LTD.ŞTİ.;DEMİRTAŞ ORG.SAN.BÖL.KARANFİL SK.NO:9/1;BURSA;OSMANGAZİ;;;;İİB-HUBUBAT
LEZİZ DELİGHT GIDA İTH.İHR.SAN.VE TİC.LTD.ŞTİ.;KAZIM KARABEKİR MAH.1057 SOKAK NUMARA9/A ;İSTANBUL;ESENLER;(212) 5337334;;;İİB-HUBUBAT
AKSU GIDA MADDELERI IMAL SAN. VE TIC. LTD. ŞTI.;FEVZİ ÇAKMAK MAH. KOTTİM SANAYİ SİT 10576 SOK NO:24;KONYA;KARATAY;(332) 3422833;www.aksusekerleme.com;aksusekerleme.com;İİB-HUBUBAT
NATİVİTAL DOĞAL YAŞAM VE SAĞLIK ÜRÜNLERİ SANAYİ TİCARET LİMİTED ŞİRKETİ;İKİTELLİ OSB.SEFAKÖY SAN.SİT.7.BLOK NO:14;İSTANBUL;BAŞAKŞEHİR;(212) 6032448;;;İİB-HUBUBAT
TİVA GIDA SAN VE TİC A.Ş;BAHÇEŞEHİR 2 KISIM MH TAYFUN CD TAMER RECIDANCE NO 2/11;İSTANBUL;BAŞAKŞEHİR;(212) 0000000;;;İİB-HUBUBAT
BİLGE GIDA KUMANYACILIK SAN VE TIC LTD STI;GÜZELYALI MH.BAĞDAT CAD.N:10A;İSTANBUL;PENDİK;(216) 0000000;;;İİB-HUBUBAT
URSA SANAYİ HAMMADDELERİ LTD.ŞTİ;AYAZMA CD.ALIYE MERIC KONAK ISMER.NO:3 D:14 D.TAS BESIKTAS;İSTANBUL; ;2885563;www.ur-sa.com.tr;ur-sa.com.tr;İİB-HUBUBAT
TİBET İTH. İHR. VE KOZM. SAN. A.Ş.;ANKARA CAD. NO=344;İSTANBUL;PENDİK;02165950500;www.tibet.com.tr;tibet.com.tr;İİB-HUBUBAT
ALMAS MERMER GIDA DIŞ TİC. LTD. ŞTİ.;ŞAHİNTEPE MAH. LALEZAR SK. İGTOT 2B BLOK NO : 4 D/ Z15;İSTANBUL;BAŞAKŞEHİR;(212) 0000000;;;İİB-HUBUBAT
ŞEKERCI CAFER EROL ŞEKERLEME SANAYİ VE TICARET LİMİTED ŞİRKETİ;OSMANAĞA MAH. YASA CAD. NO:19-21;İSTANBUL;KADIKÖY;(216) 3371103;www.sekercicafererol.com;sekercicafererol.com;İİB-HUBUBAT
AK NIŞASTA SAN. VE TIC.A.Ş.;E-5 KARAYOLU ÜZERI EVRENSEKIZKAVŞAĞI;KIRKLARELI;LÜLEBURGAZ;(212) 4657535;www.aknisasta.com.tr;aknisasta.com.tr;İİB-HUBUBAT
OSMAN ÇAKIL - ÇAKILOĞLU GIDA;HAZNEDAR MH GEDİK SK NO 5/3;İSTANBUL;GÜNGÖREN;(212) 6167126;;;İİB-HUBUBAT
NEW GLOBAL GIDA İÇ VE DIŞ TİCARET SAN.LTD.ŞTİ.;MERKEZ MAH. AYAZMA CAD. PAPİRUS PLAZA NO:37 İÇ KAP;İSTANBUL;KAĞITHANE;(212) 0000000;;;İİB-HUBUBAT
HELVACI ALİ GIDA SAN.TİC.A.Ş.;ERTUĞRUL GAZİ MH ALANYURT CD NO 100;BURSA;İNEGÖL;(224) 7151244;;;İİB-HUBUBAT
MASTER PACK AMBALAJ SAN.VE TİC.LTD.ŞTİ.;İKİTELLİ OSB MARMARA SAN SİTO BLOK NO 1;İSTANBUL;KÜÇÜKÇEKMECE;(212) 0000000;;;İİB-HUBUBAT
BAĞDATLI İHT.MAD.OTO.PAZ.TUR.İNŞ.İTH.İHR.SAN.VE TİC.LTD.ŞTİ.;OSMANGAZİ MAHÇ AYASOFYA CAD. NO:1 A ESENYURT;İSTANBUL;ESENYURT;(212) 5510202;;;İİB-HUBUBAT
BOTECH GIDA SANAYİ VE TİCARET A.Ş.;ADİL MAH.DEMOKRASİ CAD. BOTECH NO:19/1;İSTANBUL;SULTANBEYLİ;(216) 6691067;;;İİB-HUBUBAT
VİLMEKS İÇ VE DIŞ TİC. METAL SAN. A.Ş;LEVENT CAD.SÜMBÜL SOK. GÖNÜLLER YOLU NO:3 1.LEVENT;İSTANBUL;BEŞİKTAŞ;(212) 2709621;;;İİB-HUBUBAT
OBA FOOD GIDA SAN.TİC.A.Ş.;ÇAĞLAYAN MAH. 4545 SOK NO:21 ;SAKARYA;HENDEK;(342) 3234610;https://www.obamakarna.com.tr;obamakarna.com.tr;İİB-HUBUBAT
ŞAHINOĞLU GIDA SAN.VE TIC.LTD. ŞTI.;KARAYOLLAI MAH.CEBECİ CAD.568/5 SOK. NO:8 KÜÇÜKKÖY GOP;İSTANBUL;GAZİOSMANPAŞA;(212) 4656999;;;İİB-HUBUBAT
KOPUZ GIDA ÜRÜNLERİ PAZARLAMA SANAYİ VE TİCARET LİMİTED ŞİRKETİ;KİTELLİ OSB MAH. ÇEVRE 2. BLOK SK. ÇEVRE SANAYİÇEVRE 2. BLOK NO: 10 İÇ KAPI NO: 2 ;İSTANBUL;BAŞAKŞEHİR;(212) 4863323;www.kopuzgida.com.tr;kopuzgida.com.tr;İİB-HUBUBAT
PAKBEY GIDA SANAYİ TİCARET LİMİTED ŞİRKETİ;ŞAHİNTEPE MAHALLESİ LALEZAR SOKAK İGTOTSİTESİ 2B BLOK NO:4D/Z19;İSTANBUL;BAŞAKŞEHİR;(212) 0000000;;;İİB-HUBUBAT
DETAY GIDA SAN. VE TIC. A.Ş.;MECLİSİ MEBUSAN CAD. OMER AVNI MAH. İNEBOLU SOK. EKEMEN HAN NO:1 K:5 ;İSTANBUL;BEYOĞLU;(212) 2432505;www.detaygida.com.tr;detaygida.com.tr;İİB-HUBUBAT
MAYAFİX GIDA SAN VE TİC.A.Ş;OSMANGAZİ MAH. 3141 SOK NO:8/1;İSTANBUL;ESENYURT;(212) 6232234;;;İİB-HUBUBAT
TARIM KREDİ TOHUMCULUK ANONİM ŞİRKETİ;KAZAKİSTAN CD.(4.CD.) NO.136/5EMEK;ANKARA;ÇANKAYA;(312) 2158005;www.tareks.com.tr;tareks.com.tr;İİB-HUBUBAT
TADIM GIDA MADDELERİ SANAYİ VE TİCARET ANONİM ŞİRKETİ;ATATÜRK MAH. ATAŞEHİR CAD.ÇİTLEMBİK SOK. NO:4/1;İSTANBUL;ATAŞEHİR;(262) 6727400;www.tadim.com.tr;tadim.com.tr;İİB-HUBUBAT
NUTRİPHARMA SAĞLIK ÜRÜNLERİ ANONİM ŞİRKETİ;MEHMET AKİF MAH. EMİR SOK. NO:42/D;İSTANBUL;ÜMRANİYE;(216) 5481442;;;İİB-HUBUBAT
BİOFARMA İLAÇ SAN. VE TİC. A.Ş.;VEYSEL KARANİ MAH.OSMANGAZİ CDNO:48;İSTANBUL;KARTAL;02163981063;;;İİB-HUBUBAT
TEMAYÜZ GIDA KOZMETİK VE İTHALAT İHRACAT LİMİTED ŞİRKETİ;NAMIK KEMAL MAH. BİLLUR SK. SOGUTYILDIZ NO:34/10;İSTANBUL;ÜMRANİYE;(216) 0000000;;;İİB-HUBUBAT
BOM HEALTH GIDA PAZARLAMA VE TİCARET ANONİM ŞİRKETİ;IKITELLI OSB MAH. GIYIM SANATKARLARI 4B BLOK SKGIYIM SANATKARLARI TIC. MERK. 4B BLOK NO: 4 B 409;İSTANBUL;BAŞAKŞEHİR;(224) 5190346;;;İİB-HUBUBAT
BAZAAR TÜKETİM ÜRÜNLERİ SAN TİC.A.Ş;ATATÜRK MAH. İKİTELLİ CAD. NO:178/ A İÇ KAPI NO:1;İSTANBUL;KÜÇÜKÇEKMECE;(212) 4447918;;;İİB-HUBUBAT
RAM DIŞ TİCARET A.Ş.;RÜZGARLIBAHÇE KAVACIK KAVŞAĞI ENERGY PLAZA K:2;İSTANBUL;BEYKOZ;(216) 5381100;www.ram.com.tr;ram.com.tr;İİB-HUBUBAT
AROMSA BESİN AROMA VE KATKI MADDELERİ SAN. VE TİC. A.Ş.;G.O.SAN.BOLGESI IHSAN DEDECAD N:108;KOCAELI;GEBZE;02627511384;www.aromsa.com.tr;aromsa.com.tr;İİB-HUBUBAT
ONLY ÇİKOLATA GIDA İTHALAT İHRACAT SANAYİ VE TİCARET LİMİTED ŞİRKETİ;CUMHURİYET MAH. ALİ OSMAN ÇELEBİ BLV. NO: 83 D;TEKIRDAĞ;ÇORLU;(282) 0000000;;;İİB-HUBUBAT
KUTLUER GIDA VE MAK.SAN.DIŞ TIC.LTD.ŞTI.;YASSIÖREN MAH. BAYINDIR CAD. PAPAĞAN SOK. NO:11;İSTANBUL;ARNAVUTKÖY;(212) 4766731;www.kutluer.com;kutluer.com;İİB-HUBUBAT
EPHESUS BAKLAVA VE LOKUM GIDA LİMİTED ŞİRKETİ;ADNAN KAHVECİ MAH. KONAK CAD.KARDELEN SİTESİ NO:4 ;İSTANBUL;BEYLİKDÜZÜ;(212) 0000000;;;İİB-HUBUBAT
ARSLAN TICARET-ANIL ARSLAN;YENISAHRA MAH. SÜTÇÜ YOLU CAD. NO: 58 A;İSTANBUL;ATAŞEHİR;(216) 4706884;;;İİB-HUBUBAT
TARGET SMM TURKEY GIDA SANAYİ VE TİCARET ANONİM ŞİRKETİ;HUZUR MAH. MASLAK AYAZAĞA CAD. NO:4;İSTANBUL;SARIYER;(212) 0000000;;;İİB-HUBUBAT
TURYUS GIDA İTHALAT İHRACAT SANAYİ VE TİCARET LİMİTED ŞİRKETİ;MERKEZ MAH. SADABAD CAD. NO: 36 İÇ KAPI NO: 2 ;İSTANBUL;KAĞITHANE;(212) 0000000;http://www.turyus.com;turyus.com;İİB-HUBUBAT
ADA İKRA GRUP GIDA ÜRÜNLERİ SAN VE TİC LTD ŞTİ;YENİ MH TOPÇA TOPTANCILAR ÇARŞISIKÜME EVLERİ NO 8F;SAKARYA;ERENLER;(264) 0000000;;;İİB-HUBUBAT
BAYRAM PANÇ;SAHİL YENİCE MAH.(KÖY);BALIKESIR;BANDIRMA;(266) 7147323;;;İİB-HUBUBAT
ÖZBİL  UN  SANAYİİ  VE TİCARET  A.Ş;ATATÜRK  CAD  NO:94MURATLI;TEKIRDAĞ;MURATLI;(282) 3612019;www.ozbilun.com.tr;ozbilun.com.tr;İİB-HUBUBAT
FLORYA ŞEKER VE GIDA MADDELERİ SANAYİ TİCARET LİMİTED ŞİRKETİ;KOCATEPE MAH.YEMİŞ MEYDANI SK. MEGACENTER C BLOKLANO:1/447;İSTANBUL;BAYRAMPAŞA;(212) 0000000;;;İİB-HUBUBAT
ŞMS KOPUZ GIDA PAZ VE SAN TİC A.Ş.;KISIKLI MAH. GÜMBET SOK 12/9;İSTANBUL;ÜSKÜDAR;(216) 3146661;;;İİB-HUBUBAT
TAMEK SAGRA GRUP GIDA ÜRETİM A.Ş.;CEVİZLİ MAH. TUGAY YOLU CAD. OYAK DRAGOS SİTESİ C BLOK NO: 10C İÇ KAPI NO: 72;İSTANBUL;MALTEPE;(216) 2551535;http://www.tamek.com.tr;tamek.com.tr;İİB-HUBUBAT
KİBAR DIŞ TİCARET ANONİM ŞİRKETİ;TERSANE CAD. IŞIK İŞ MRKZ. NO:92 K:2-3-4;İSTANBUL;BEYOĞLU;(212) 2564970;www.kibarholding.com;kibarholding.com;İİB-HUBUBAT
YILMAZLAR TEDARİK İÇ VE DIŞ TİC.LTD.ŞTİ;MADENLER MAH. SEMİH SOK NO:1-3A;İSTANBUL;ÜMRANİYE;;;;İİB-HUBUBAT
DMR UNLU MAMULLER ÜRETİM GIDA TOPTAN PERAKENDE İHRACAT ANONİM ŞİRKETİ;EYÜPSULTAN MAH. İBNİ SİNA CAD. SİMİT SARAYI NO:21;İSTANBUL;SANCAKTEPE;(216) 5644462;www.simitsarayi.com.tr;simitsarayi.com.tr;İİB-HUBUBAT
AKTİF BESİN A.Ş;İKİTELLİ OSB MAH.MİLAS CAD. NO:1/10;İSTANBUL;BAŞAKŞEHİR;(216) 5142417;https://takehiq.com/;takehiq.com;İİB-HUBUBAT
KOZA GIDA DAĞITIM SAN.VE TİC.A.Ş.;AYAZAĞA MAH.KEMERBURGAZ CAD.NO:25/3;İSTANBUL;KAĞITHANE;(212) 3322040;www.kozagida.com.tr;kozagida.com.tr;İİB-HUBUBAT
ALTINMARKA GIDA SAN. VE TİC. AŞ;KIRAC KOYU YOLU ATATURK CAD.NO.2-2AKIRAC KOYU YOLU;İSTANBUL;ESENYURT;(212) 2432515;;;İİB-HUBUBAT
FOMİLK GIDA  A.Ş;GÖNÜLLER ARALIĞI SOK NO:3 LEVENT MAH. NO:3 BEŞİKTAŞ;İSTANBUL;BEŞİKTAŞ;(212) 2709621;;;İİB-HUBUBAT
BADENGEH GROUP DIŞ TİCARET LTD ŞTİ;İZZETPAŞA MAH.YENİYOL CD.NUROL TOWER BLK.NO:3/336;İSTANBUL;ŞİŞLİ;(212) 0000000;;;İİB-HUBUBAT
HURMACINIZ GIDA TARIM İTHALAT İHRACAT SANAYİ TİCARET LİMİTED ŞİRKETİ;KOCATEPE MAH.GÜMRÜK İSKELESİ CAD.A BLOK MEGACENTERNO: 89 İÇ KAPI NO: 1336 ;İSTANBUL;BAYRAMPAŞA;(212) 5153293;;;İİB-HUBUBAT
2F DONUK GIDA SAN.VE TİC. A.Ş.;"BATTALGAZİ MAH. SALKIM SOK NO;:18/1";İSTANBUL;SULTANBEYLİ;(216) 5888686;www.2f.com.tr;2f.com.tr;İİB-HUBUBAT
BENGAPRO MÜHENDİSLİK VE BİLİŞİM LTD.ŞTİ;YENİŞEHİR MAH. DUMANKAYA KONSEPT SİTESİ NO:10/7/2;İSTANBUL;PENDİK;;;;İİB-HUBUBAT
Pİ GLOBAL DIŞ TİCARET LİMİTED ŞİRKETİ;ALEMDAĞ MAH. GÜLSUYU SK. NO:2 İÇ KAPI NO:10;İSTANBUL;ÇEKMEKÖY;(216) 5108110;http://www.piglobal.com.tr;piglobal.com.tr;İİB-HUBUBAT
DMR TÜKETİM ÜRÜNLERİ PAZ AŞ;MAHMUTBEY MH TAŞOCAĞI YOLU CD NO 27/243;İSTANBUL;BAĞCILAR;(212) 0000000;www.dmrtuketim.cım.tr;dmrtuketim.xn--cm-hpa.tr;İİB-HUBUBAT
HP İLAÇ SAN TİC LTD ŞTİ;ZEYTİNLİK MH YAKUT SK NO 24/16;İSTANBUL;BAKIRKÖY;(212) 0000000;;;İİB-HUBUBAT
AGRO TAN TOHUMCULUK VE TARIM ÜRÜNLERI TIC. LTD. ŞTI.;PAŞABAYIR MAH.AHMET TANER KIŞLALI CAD.NO:2/1-2 ;BALIKESIR;BANDIRMA;(266) 7180230; www.agrotan.com.tr ;agrotan.com.tr;İİB-HUBUBAT
KOSMOS MAKİNA GIDA TAR. VE TEKS. SAN. DIŞ TİC. LTD. ŞTİ.;BAĞLAR İÇİ CAD.NO:12;İSTANBUL;AVCILAR;(212) 5910379;www.kumkaya.com;kumkaya.com;İİB-HUBUBAT
HATKİM KİMYA SANAYİ VE DIŞ TİCARET ANONİM ŞİRKETİ;KASAP SOK.NO:16 A BLOK D.34;İSTANBUL; ;(212) 2758835;;;İİB-HUBUBAT
ELIT MÜMESSILLIK ITH. IHR. LTD ŞTI;GUNAL SK. DEMIRCILER APT.N:17 D.10;İSTANBUL;KADIKÖY;02163271105;www.elirmumessillik.com;elirmumessillik.com;İİB-HUBUBAT
ENKA İNŞ.VE SAN.A.Ş;BALMUMCU BESTEKAR ŞEVKİBEY SOKENKA 1 BİNASI;İSTANBUL;BEŞİKTAŞ;(212) 2742540;;;İİB-HUBUBAT
ÇAĞDAŞ KIMYA VE GIDA SAN. TIC. LTD. ŞTI.;ABBASAĞA SK.NO:9/7;İSTANBUL; ;(212) 3270686;www.cagdaskimya.com.tr;cagdaskimya.com.tr;İİB-HUBUBAT
TEKBA GIDA İÇ VE DIŞ TİC. LTD. ŞTİ. ;ÇATALCA YOLU CD.TERRA ULUS.TAŞM.NO:462/1;İSTANBUL;BÜYÜKÇEKMECE;(212) 5681888;www.tkbaunlumamulleri.com;tkbaunlumamulleri.com;İİB-HUBUBAT
PYRAMİD İSTANBUL DIŞ TİC.LTD.ŞTİ;FEYZİ ÇAKMAK MAH. 2025 SOK NO:3/B;İSTANBUL;BAĞCILAR;(212) 0000000;;;İİB-HUBUBAT
PİZZA RESTAURANTLARI  A.Ş.;MASLAK MAH. BÜYÜKDERE CAD. NO:245-245CUSO CENTER K:6;İSTANBUL;SARIYER;(212) 2809636;www.dominos.com.tr;dominos.com.tr;İİB-HUBUBAT
DOĞKAR GIDA MADD. ÜRETİM SAN VE TİC.A.Ş;KÖSEKÖY MAHALLESİ İSTİKLAL CAD. NO: 31;KOCAELI;KARTEPE;(262) 3732041;;;İİB-HUBUBAT
VEGAN ISLER GIDA SANAYI VE TICARET ANONIM SIRKETI;AYAZAĞA MAH. ÇAKIRLAR SOK NO:2 ;İSTANBUL;SARIYER;(212) 8068032;www.veggy.com.tr;veggy.com.tr;İİB-HUBUBAT
BELLA GLOBAL SAN VE DIŞ TİC.LTD.ŞTİ;SOĞANLI MAH. NECATİ ÜÇLER CAD. NO ŞAHAN AP NO:4/9 ;İSTANBUL;BAHÇELİEVLER;;;;İİB-HUBUBAT
EUROZYME GIDA KATKI MADDELERI SAN.VE TIC.A.Ş.;ORHANGAZİ MAH. MİMSAN MOBİLYACILAR SİT. 1711 SOKNO:14;İSTANBUL;ESENYURT;(212) 8863145;www.polengida.com.tr;polengida.com.tr;İİB-HUBUBAT
SYNGENTA TARIM SANAYİ VE TİCARET ANONİM ŞİRKETİ;KAZIM DIRIK M. 364 S.  N:11;İZMİR;BORNOVA;(232) 4130055;www.syngenta.com.tr;syngenta.com.tr;İİB-HUBUBAT
EFK İNŞAAT TURİZM VE SANAYİ ANONİM ŞİRKETİ;RÜZGARLIBAHÇE MAH. ÖZALP ÇIKMAZI SK.AKSA SİGORTA NO 10;İSTANBUL;BEYKOZ;(216) 6810000;;;İİB-HUBUBAT
İPKON BİSCUİT GIDA SANAYİ VE TİCARET LİMİTED ŞİRKETİ ;VELİMEŞE OSB MAH. 233 SK. İPKON İLAVE NO: 13 /1;TEKIRDAĞ;ERGENE;(282) 0000000;;;İİB-HUBUBAT
FROMA ESANS VE AROMA SANAYİ TİCARET ANONİM ŞİRKETİ;BEYLİKDÜZÜ ZAFER CAD. GÖKBEYSİTESİ NO:2;İSTANBUL;BÜYÜKÇEKMECE;(212) 8529469;;;İİB-HUBUBAT
MAYE MOTORLU ARAÇLAR OTO. ÜRÜN VE ILAÇL. SAN. TIC. LTD. ŞTI.;Atatürk Mah. Marmara San. Sıt. Teşhır Blok. Otakar Bınası K:1-2ÇARŞI BLOK ALT GIRIŞ NO:17;İSTANBUL;KÜÇÜKÇEKMECE;(212) 4942633;;;İİB-HUBUBAT
DOKTOR TARSA TARIM SAN.VE TIC. A.Ş.;ORG.SAN.BÖL.2.KISIM 22.CADDE.;ANTALYA;DÖŞEMEALTI;(242) 2494646;www.drt.com.tr;drt.com.tr;İİB-HUBUBAT
MERCAN TANITIM DIŞ TİC.VE MÜH. LTD.ŞTİ.;ÇARŞAMBA MANYASIZADE CD.LALEAPT.NO:53;İSTANBUL; ;(212) 6352976;;;İİB-HUBUBAT
KUZEY PET VETERİNER ÜRÜNLERİ İLAÇ VE GIDA SANAYİ DIŞ TİCARET ANONİM ŞİRKETİ;SAHRAYICEDİT MAH. HALK SK. PAKPEN NO: 40 İÇ KAPI NO: 12 KAT:9 ;İSTANBUL;KADIKÖY;(850) 2157738;http://kuzeypet.com;kuzeypet.com;İİB-HUBUBAT
İSTANBUL TARIM SAN.TİC.A.Ş.;A.ÇETIKAYA CAD.NO.143/1;ANTALYA; ;(242) 3224055;;;İİB-HUBUBAT
BAKLAVACI GÜLLÜOĞLU M.NEJAT GÜLLÜ GIDA SAN. VE TIC. A.Ş.;"MERKEZ MAHALLESİ ,  EYÜPSULTAN CAD. NO:36 /1";İSTANBUL;KAĞITHANE;(212) 3213434;www.gulluoglu.com;gulluoglu.com;İİB-HUBUBAT
FORA SWEETS GIDA SAN.VE  TİC.A.Ş;ÖMERLİ MAH. HATIRA SOK.ERAYSAN GROUP İMALAT BLOK NO:4/1 ÖMERLİ 34555 ARNAVUTKÖY;İSTANBUL;ARNAVUTKÖY;(212) 8541312;;;İİB-HUBUBAT
KENT GIDA MAD.SAN.VE TIC.A.Ş.;İSTANBUL CD.NO:111 ÇAYIROVA;KOCAELI;GEBZE;(262) 6538090;;;İİB-HUBUBAT
KTL YAPI TEKNOLOJİLERİ DIŞ TİC.A.Ş;KOZA MAH. 1641 SOKAK NO:25;İSTANBUL;ESENYURT;(212) 6438999;www.ktl.com.tr;ktl.com.tr;İİB-HUBUBAT
PNS PENDİK NİŞASTA SAN.A.Ş.;RAMAZANOĞLU MAH.MAHMUT BAYRAMCAD NO:56;İSTANBUL;PENDİK;(216) 5850685;www.pendiknisasta.com.tr;pendiknisasta.com.tr;İİB-HUBUBAT
ÖZTRAKYA GIDA VE İTH.MAD.MÜŞ. TİC.SAN.A.Ş;E-80 KARAYOLU KIRKLARELİ YOLKAVŞAĞI;EDIRNE;MERKEZ;(284) 2260040;;;İİB-HUBUBAT
ANI BİSKÜVİ GIDA SAN.TİC.A.Ş.;ORGANIZE SAN.BÖLGESI 16.CAD.NO:16 ;KARAMAN;MERKEZ;(338) 2241230;www.anibiskuvi.com.tr;anibiskuvi.com.tr;İİB-HUBUBAT
ROYALS GLOBAL DIŞ TİC. LTD.ŞTİ;YEŞİLKÖY MAH. ATATÜRK CAD.  EGS BUSİNESS PARKB2 BLOK K:0NO:12 D:1 ;İSTANBUL;BAKIRKÖY;(212) 9824572;;;İİB-HUBUBAT
MARSA YAĞ SAN.VE TİC.A.Ş.;RAMAZANOĞLU MH.MAHMUT BAYRAM CD.NO:9 D:1;İSTANBUL;PENDİK;(216) 5850585;www.marsa.com.tr;marsa.com.tr;İİB-HUBUBAT
NOOR ASİA  GIDA SAN. VE TİC. A.Ş;SELAHATTİN EYYUBİ MAH.1624. SOK.NO:15-17 İÇ KAPI:3;İSTANBUL;ESENYURT;(212) 5492363;www.greenlife.com.tr;greenlife.com.tr;İİB-HUBUBAT
DOLUNAY İÇ VE DIŞ TİCARET LİMİTED ŞİRKETİ;SELIMPASA MAH. 6051. SK. NO: 3;İSTANBUL;SİLİVRİ;(212) 0000000;;;İİB-HUBUBAT
URGANCI GIDA TURİZM İNŞAAT SAN. VE DIŞ TİC. LTD. ŞTİ.;BAŞAKŞEHİR İKİTELLİ OSB MAH.ÇORAPÇILAR C BLOK  SOK: 17-18 ;İSTANBUL;BAŞAKŞEHİR;(212) 4858090;www.urganci.com.tr;urganci.com.tr;İİB-HUBUBAT
PAKEL ÇİKOLATA GIDA SANAYİ VE TİCARET LİMİTED ŞİRKETİ;YEŞİLBAYIR MAH. HADIINKÖY-İSTANBUL CAD. NO:134 İÇ KAPI NO:1;İSTANBUL;ARNAVUTKÖY;(212) 6894014;www.pakelgida.com;pakelgida.com;İİB-HUBUBAT
RELLA GIDA SAN. VE TIC. A.Ş.;TUZLA KİMYACİLAR ORG.SAN.BOLGESİ ORGANİK CD. C2 PARSEL NO :3 TUZLA ;İSTANBUL;TUZLA;(262) 3512626;;;İİB-HUBUBAT
FİLPAK PAKETLEME VE DOLUM TESİSLERİ SAN. VE TİC. AŞ;YEDIKUYULAR CAD.  NO:2;İSTANBUL; ;(212) 2467686;;;İİB-HUBUBAT
FERZAYM GIDA SANAYİ İÇ VE DIŞ TİCARET LİMİTED ŞİRKETİ;İKİTELİ OSB MAH. MİLAS CAD. NO:7-11/72 ;İSTANBUL;BAŞAKŞEHİR;(212) 8035467;www.ferzaym.com;ferzaym.com;İİB-HUBUBAT
ABRAJ GLOBAL GIDA DIŞ TİCARET LİMİTED ŞİRKETİ;KAYABAŞI MAH. AKZAMBAK SK. ADIM İSTANBUL SİTESİ B2NO: 2P;İSTANBUL;BAŞAKŞEHİR;(212) 0000000;;;İİB-HUBUBAT
SEKMANLAR GIDA İNŞ SAN VE TİC.LTD.ŞTİ.;MURATPAŞA MAH. DEMİRHİSAR CAD. NO:3/1 ;İSTANBUL;BAYRAMPAŞA;(212) 0000000;https://www.melidyacikolata.com;melidyacikolata.com;İİB-HUBUBAT
HUB KURU KAHVE VE TİC.LTD.ŞTİ.;ŞAHİNTEPE MAH. ŞEHİT POLİS FETHİ SEKİN CAD. İGTOTB BLOK NO: 1 C İÇ KAPI NO: Z03;İSTANBUL;BAŞAKŞEHİR;(212) 6650567;;;İİB-HUBUBAT
GÜLÇİÇEK KİMYA VE UÇAN YAĞLAR SAN. VE TİC. A.Ş.;G.O.S.B. TEMBELOVA ALANI 3300 SK. NO:3306 PK.41400 ;KOCAELI;GEBZE;(262) 6770000;www.gulcicek.com;gulcicek.com;İİB-HUBUBAT
GTS İÇ VE DIŞ TİC.LTD.ŞTİ;YEŞİLKÖY MAH ATATÜRK  CAD. EGD BLOKLARI  B2 BLOK KAT:0 NO:12/14;İSTANBUL;BAKIRKÖY;(212) 9823836;;;İİB-HUBUBAT
AN GIDA ÜRÜNLERİ ÜRETİM VE PAZARLAMA ANONİM ŞİRKETİ;BARBAROS HAYRETTIN PASA MAH.1058 SOK NO 38;İSTANBUL; ;6187080/5HAT;;;İİB-HUBUBAT
ATAGÜN ENDÜSTRİYEL GIDA TİCARET LİMİTED ŞİRKETİ;KÜÇÜKBAKKALKÖY MH. DEREBEY SK.DUMANKAYA FLEXRESIDE NO:13 İÇ KAPI NO:41 ;İSTANBUL;ATAŞEHİR;(212) 4526363;;;İİB-HUBUBAT
OCEAN BİSKÜVİ ŞEKERLEME SAN TİC.LTD.ŞTİ;BAŞAK MAH. ERTUGRULGAZİ CAD. KANLICA E-20 NO:20 F;İSTANBUL;BAYRAMPAŞA;;;;İİB-HUBUBAT
H BAZAAR DIŞ TİC AŞ;İÇERENKÖY MH TOPÇU İBRAHİM SK NO 8/100;İSTANBUL;ATAŞEHİR;(216) 4110495;www.hbazaar.com.tr;hbazaar.com.tr;İİB-HUBUBAT
FADIL ÖNCÜ;ESENLER MH ITIR SK GÜNEŞ APT NO 2B;İSTANBUL;PENDİK;(216) 0000000;;;İİB-HUBUBAT
BİOENERGY YAĞ SANAYİ VE TİCARET LİMİTED ŞİRKETİ;YAYLA MAH. SILA SOK YAYLA PARK SİTESİ D BLOK NO:12D /33;İSTANBUL;TUZLA;(216) 0000000;;;İİB-HUBUBAT
DEMFOOD GIDA REKLAM TEKSTİL İTH.İHR.SAN İÇ VE DIŞ TİC.LTD.ŞTİ;TÜRKGÜCÜ OSB MAH YILMAZ ALPASLAN CAD. NO:5/3;TEKIRDAĞ;ÇORLU;(282) 6855053;;;İİB-HUBUBAT
ELMA OTOMOTİV GIDA İNŞAAT EMLAK SAN.TİC.LTD.ŞTİ.;SOĞANLIK YENİ MAH.ÖMER SEYFETTİN SOKAK NUMARA:12/A;İSTANBUL;KARTAL;(216) 4519656;www.kukikultur.com;kukikultur.com;İİB-HUBUBAT
NİGELLA GIDA KOZMETİK TURİZM SAN VE TİC.A.Ş;AKÇABURGAZ MAH HADIMKÖY YOLU CAD NO 84 15;İSTANBUL;ESENYURT;(212) 0000000;;;İİB-HUBUBAT
BEİRUTLU GIDA VE GENEL TİCARET LİMİTED ŞİRKETİ;BAŞAK MAH. YEŞİL VADİ CAD. METROKENT C5 BLOK NO: 3B İÇ KAPI NO: 2 ;İSTANBUL;BAŞAKŞEHİR;(212) 4031857;;;İİB-HUBUBAT
DOĞANLAR GIDA VE TURİZM SAN. TİC.LTD.ŞTİ.;TOPTANCILAR SİTESİ NO:86;NEVŞEHIR;NEVŞEHİR;(384) 2123970;www.doganlarkuruyemiş.com.tr;xn--doganlarkuruyemi-1dd.com.tr;İİB-HUBUBAT
CANA UN GIDA SANAYİ VE TİCARET A.Ş.;HALKALI MERKEZ MAH.BASIN EKSPRES CADCAPITOLTOWER IS MERK. NO: 9/76;İSTANBUL;ESENYURT;(212) 0000000;;;İİB-HUBUBAT
RAMZY GIDA MADENCİLİK  İNŞ DANIŞMANLIK SAN İÇ VE DIŞ TİC.LTD.ŞTİ;FATİH MAH. URFALILAR CAD. NO:25/2;İSTANBUL;ESENYURT;(212) 4166090;;;İİB-HUBUBAT
ELZUHUR TEKSTİL GIDA MAKİNA TUR. SAN. VE DIŞ TİC. LTD. ŞTİ. ;SOĞANAĞA CAMİİ SK.POLAT İŞ HANI NO:29/6;İSTANBUL;FATİH;(212) 6389583;www.elzuhur.com;elzuhur.com;İİB-HUBUBAT
BÜYÜK ANADOLU DIŞ TİC GIDA SAN LTD ŞTİ;BARBAROS HAYRETTİN PAŞA MH 1994 SK NO 2/66;İSTANBUL;ESENYURT;(212) 0000000;;;İİB-HUBUBAT
ALLIANCE INTERNATIONAL GROUP İÇ VE DIŞ TİC.LTD.ŞTİ.;ATATÜRK MH. ERTUĞRUL GAZİ SK. METROPOL İSTANBULSİTESİ C1 BLOK NO:2B KAPI NO:376;İSTANBUL;ATAŞEHİR;(216) 0000000;http://www.alliance-inter.com;alliance-inter.com;İİB-HUBUBAT
ALSUN DIŞ TİCARET ANONİM ŞİRKET;KISIKLI MAH. ALEMDAĞ CAD. NO: 60 F İÇ KAPI NO: 1;İSTANBUL;ÜSKÜDAR;(216) 5235515;;;İİB-HUBUBAT
EVR İTHALAT VE İHRACAT TİCARET LİMİTED ŞİRKETİ;KÜÇÜKBAKKALKÖY MAH KAYIŞDAĞI CAD METAL İŞ MERKEZİ NO:37 İÇ KAPI:77;İSTANBUL;ATAŞEHİR;(216) 0000000;;;İİB-HUBUBAT
BAKEGROUND GIDA ÜRÜNLERİ SANAYİ VE TİCARET LİMİTED ŞİRKETİ;OSMANGAZİ MAH.LİMNİ SK.NO:1/1;İSTANBUL;ESENYURT;(212) 0000000;;;İİB-HUBUBAT
ASBEL GIDA VE DIŞ TİC.LTD.ŞTİ.;TERAZİDERE MAH.KARAMAN SOK. NO:16/1;İSTANBUL;BAYRAMPAŞA;;;;İİB-HUBUBAT
DR SCHAR TURKEY GIDA SAN VE TİC.A.Ş;BATTALGAZİ MAH. GÜLGONCASI SOK AYTOP H BLOK NO:2H28/1;İSTANBUL;SULTANBEYLİ;(216) 6690133;;;İİB-HUBUBAT
DOLİCHE GIDA SAN VE TİC AŞ;FSM MH BALKAN CD NO 62 A;İSTANBUL;ÜMRANİYE;(216) 0000000;;;İİB-HUBUBAT
ÜNİLEVER SAN.VE TİC.TÜRK A.Ş.;SARAY MAH. DR. ADNAN BÜYÜKDENİZ CAD. NO:13;İSTANBUL;ÜMRANİYE;(216) 6339000;www.unilever.com.tr;unilever.com.tr;İİB-HUBUBAT
ALLİS DIŞ TİC.A.Ş;DUDULLU OSB DES SAN SİT TİCARET MERKEZİ BİNA 1. CD NO:3/18;İSTANBUL;ÜMRANİYE;(216) 4991910;www.allis.global;allis.global;İİB-HUBUBAT
TOPRAK MAHSULLERİ OFİSİ GENEL MÜDÜRLÜĞÜ;MÜDAFAA CAD. NO:18;ANKARA; ;(312) 4163000;www.tmo.gov.tr;tmo.gov.tr;İİB-HUBUBAT
TORK TRADE PAZ.DIŞ.TİC.A.Ş;YENİBOSNA MERKEZ MAH. 29 EKİM CAD. VİZYONPARK D BLOK OFİS A2 7/91  ;İSTANBUL;BAHÇELİEVLER;(212) 6032757;;;İİB-HUBUBAT
DR PASTE GIDA SAN. VE DIŞ TİC.A.Ş;YENİBOSNA MERKEZ MAH. KÖKSAL SOK NO:30 ;İSTANBUL;BAHÇELİEVLER;(212) 6595005;;;İİB-HUBUBAT
MANOLYA DOĞAL VE AROMATİK ÜRÜN GIDA SAN.TİC. LTD. ŞTİ.;SANAYİ MAH. 283.CAD. NO:8(EĞİRDİR YOLU ASKERİHASTANE KARŞISI);ISPARTA;MERKEZ;(246) 2612440;;;İİB-HUBUBAT
AKPRO GIDA SAN. VE TİC. A.Ş.;GÜNDOĞU MAH.EVRENSEKİZ CAD.AK NİŞASTA AP. NO:6;KIRKLARELI;LÜLEBURGAZ;(288) 4439827;;;İİB-HUBUBAT
MAY-AGRO TOHUMCULUK SAN.VE TIC.AŞ;SAMANLI MAH.YIĞITLER CAD.NO:28;BURSA;YILDIRIM;(224) 3514500;www.may.com.tr;may.com.tr;İİB-HUBUBAT
İPEK YEM VE GIDA SAN.TİC.A.Ş.;SANAYİ MH.60709 NL. CD. NO:15;GAZIANTEP;ŞEHİTKAMİL;(342) 2415290;www.ipekyem.com.tr;ipekyem.com.tr;İİB-HUBUBAT
PASTİERA GIDA ORGANİZASYON SANAYİ VE TİCARET LİMİTED ŞİRKETİ;ÖRNEK MAH. AKMEŞE SK. NO:8 A;İSTANBUL;ATAŞEHİR;(216) 0000000;;;İİB-HUBUBAT
ULAŞ GIDA UN TEKSTIL NAKLIYE TIC. VE SAN A.Ş;ESKİ İST CAD. BÜYÜKKARIŞTIRAN MEVKİİ;KIRKLARELI;LÜLEBURGAZ;(288) 4362720;www.kavukcugrubu.com.tr;kavukcugrubu.com.tr;İİB-HUBUBAT
GÖZE TARIM ÜRN.PAZ.SAN.TİC.A.Ş.;ÇİLEK MH.6355 SK.NO:92;MERSIN;AKDENİZ;(324) 2219625;www.gozetarim.com.tr;gozetarim.com.tr;İİB-HUBUBAT
TRUEDE ŞEKERLEME GIDA SAN. VE TİC. LTD. ŞTİ;YENİBOSNA MERKEZ MH. 1.ASENA SK. 23D NO18;İSTANBUL;BAHÇELİEVLER;(212) 0000000;;;İİB-HUBUBAT
BOBAJOY GIDA SAN.VE TİC.A.Ş.;"SELAHATTİN EYYUBİ MAHALLESİ, 1538. SOK. DR ESAT OKTAY İŞ MERKEZİ NO:32 GİRİŞ KAT - ASMA KAT ";İSTANBUL;ESENYURT;(212) 0000000;http://www.bobajoy.com.tr;bobajoy.com.tr;İİB-HUBUBAT
APRİCHEM GIDA PAZARLAMA SAN.VE TİC.LTD.ŞTİ.;27/3 SOKAK BİRLİK AP.2.GİRİŞ NO:5 D:12;İSTANBUL;BAĞCILAR;(212) 5205540;;;İİB-HUBUBAT
FISTIKSAN GIDA SAN.VE DIŞ TİC.ANONİM ŞİRKETİ;15 TEMMUZ MAH. 1434. SOK. NO: 11 İÇ KAPI: Z1;İSTANBUL;BAĞCILAR;(212) 5696951;;;İİB-HUBUBAT
EVİZA BİSKÜVİ ÇİKOLATA GIDA SAN. VE TİC. A.Ş.;ORUÇREİS MAH. TEKSTİLKENT  CAD. TEKSTİLKENT SİTESİ . A BLOK 12/ B NO:324 ;İSTANBUL;ESENLER;(212) 4452727;www.eviza.com.tr;eviza.com.tr;İİB-HUBUBAT
LERMİOĞLU UN GIDA SAN. VE TIC. LTD. ŞTI.;CİFTLİKKOY YOL SAPAGI E-5 KARAYOLU ÜZERİ;KIRKLARELI;LÜLEBURGAZ;(216) 4201714;www.lermiogluun.com;lermiogluun.com;İİB-HUBUBAT
BEKARD GIDA TAŞIMACILIK İNŞAAT TEMİZLİK SANAYİ VE TİCARET LİMİTED ŞİRKETİ;MOLLAGÜRANİ MAH.OĞUZHAN CAD.OĞUZHAN İŞ HANINO:19/4;İSTANBUL;FATİH;(212) 5313177;http://www.bekard.com.tr;bekard.com.tr;İİB-HUBUBAT
ASYA AVRUPA GLOBAL OTOMOTİV İNŞAAT İÇ VE DIŞ TİCARET LİMİTED ŞİRKETİ;KOCATEPE MAH. GÜMRÜK İSKELESİ CAD. A BLOK MEGACENTTER NO:89 İÇ KAPI NO: 665;İSTANBUL;BAYRAMPAŞA;(212) 5165701;;;İİB-HUBUBAT
BEST HARVEST DIŞ TİCARET LİMİTED ŞİRKETİ;AKÇABURGAZ MAH.3028 SOK NO:1/8;İSTANBUL;ESENYURT;(212) 8766988;;;İİB-HUBUBAT
MAGESTİCOFOOD GIDA VE TEMİZLİK ÜRÜNLERİ PAZARLAMA İÇ VE DIŞ TİCARET LİMİTED ŞİRKETİ;ŞEYHSİNAN MAH. KOCAAĞA SK. ÇORLU IŞ MERKEZI NO:18-231;TEKIRDAĞ;ÇORLU;(282) 0000000;http://bircan.gulcan@gmail.com;gmail.com;İİB-HUBUBAT
CCC DIŞ TİC. AS;ULAŞ OSB  MAH.104 .  SOK NO:4/1 ERGENE 2 OSB ;TEKIRDAĞ;ÇORLU;(282) 6891000;www.continentalcc.com.tr;continentalcc.com.tr;İİB-HUBUBAT
AVEREST GROUP EĞİTİM TUR ORG SAN VE TİC LTD ŞTİ;MERKEZ MH AYAZMA CD NEF 11 SİT NO 21/97;İSTANBUL;KAĞITHANE;(212) 8030948;;;İİB-HUBUBAT
NİMBUS GIDA SANAYI VE TİCARET LİMİTED ŞİRKETİ;KEMALPAŞA MAH. 48.SOK.NO:2;SAKARYA;SERDİVAN;(264) 2787929;https://nimbusfood.com.tr/;nimbusfood.com.tr;İİB-HUBUBAT
AKMAN TARIMSALÜRÜNLER GIDA SAN TİC A.Ş;MARMARA CAD NO 49/1;İSTANBUL;ESENYURT;(212) 6905291;;;İİB-HUBUBAT
ÜNKAN GIDA TEKSTİL VE İNŞAAT MALZEMELERİ İTHALAT İHRACAT LTD. ŞTİ;ORTABAYIR MH.ŞAİR ÇELEBİ SK. GÜRTAŞ IŞ MERKEZINO:1/3;İSTANBUL;KAĞITHANE;(212) 0000000;;;İİB-HUBUBAT
TARSAN GIDA TURİZM İNŞAAT OTOMOTİV SANAYİ DIŞ TİCARET VE PAZARLAMA ANONİM ŞİRKETİ;IZZETTIN KÖYÜ BAHAR SOK.NO:13;İSTANBUL;ÇATALCA;(212) 7962334;www.tarsan.com.tr;tarsan.com.tr;İİB-HUBUBAT
KEKBİS GIDA SAN. VE TİC. LTD. ŞTİ.;BEYLİKDÜZÜ OSB. MERMERCİLER SAN. SİT. 5. CAD. NO:6/5-6  34524;İSTANBUL;BEYLİKDÜZÜ;(212) 8750135;;;İİB-HUBUBAT
AL SULTAN SWEETTS INTERNATİONAL GIDA  VE SAN TİC.LTD.ŞTİ;AKŞEMSETTİN BALİPAŞA CAD. NO:150/1;İSTANBUL;FATİH;;;;İİB-HUBUBAT
TOYBOX GIDA PAZ.SAN.VE TİC A.Ş;PINAR MAH.19 MAYIS BULVARI NO:30/1;İSTANBUL;ESENYURT;(212) 4501111;www.saadet.com.tr;saadet.com.tr;İİB-HUBUBAT
MAXİ GIDA SAN.VE DIŞ TİC.LTD.ŞTİ;KOCATEPE MAH.GÜMRÜK İSKELESİ CAD.MEGA CENTER APT.NO:89/1510;İSTANBUL;BAYRAMPAŞA;(212) 0000000;;;İİB-HUBUBAT
SEVEN DIŞ TİCARET LİMİTED ŞİRKETİ;BAHÇEŞEHİR 2. KISIM MAH. 50. YIL CAD.AVRUPARK SİTESİB06 BLOK NO:8S İÇ KAPI:38;İSTANBUL;BAŞAKŞEHİR;(212) 8013298;www.sefasera.com;sefasera.com;İİB-HUBUBAT
ZEN İNOVATİF GIDALAR KİMYA VE KOZMETİK SAN.TİC.LTD.ŞTİ.;KARADENİZLİLER MAH. KÖKLÜ SOK. NO:11/1;KOCAELI;BAŞİSKELE;(262) 0000000;https://zendrinks.com.tr;zendrinks.com.tr;İİB-HUBUBAT
ŞENOL MAK.SAN.VE TIC.LTD.ŞTI.;EVLIYA ÇELEBI MAH.ÜMMET SOKAKNO:19;İSTANBUL; ;(216) 4468487;;;İİB-HUBUBAT
ÖZGÜN GRUP MAKİNA İNŞ. SAN. VE DIŞ TİC. AŞ;NİŞANCA MAH. SOĞANAĞA CAD. TAVŞANTAŞI SOK. NO:2 4A;İSTANBUL;FATİH;(212) 6387631;www.ozgunins.com.tr;ozgunins.com.tr;İİB-HUBUBAT
MAİA DIŞ TİCARET A.Ş.;ŞENLİKKÖY MAH.YEŞİLKÖY CAD.KOSOVA ET LOK                   .;İSTANBUL;BAKIRKÖY;(212) 6637879;;;İİB-HUBUBAT
KAPTAN ÇELİK HALAT SAN.VE TİC. A.Ş.;DEMİRCİLER SAN. SİT. NO:54;İSTANBUL;ZEYTİNBURNU;2126796910;;;İİB-HUBUBAT
ÜÇ-EL DEĞIRMENCILIK SAN. TIC. LTD. ŞTI.;KIRCAALİ MAH. KÖYALTI CAD. NO:1  EVRENSEKIZ KASABASI ;KIRKLARELI;LÜLEBURGAZ;(288) 4439033;www.ucelun.com.tr;ucelun.com.tr;İİB-HUBUBAT
HAREM ÇİKOLATA SANAYİ ANONİM ŞİRKETİ;KÜÇÜKBAKKALKÖY MAH. HAZAR SK. HAREM PLAZA NO:11 İÇ KAPI NO:1;İSTANBUL;ATAŞEHİR;(216) 4670099;www.haremchocolate.com;haremchocolate.com;İİB-HUBUBAT
MAS PHARMA İLAÇ SAN. İÇ VE DIŞ TİC. LTD. ŞTİ.;KAYNARCA MH. E-5 YANYOL CD. NO:94:A;İSTANBUL;PENDİK;;;;İİB-HUBUBAT
ELA AGRO GIDA SAN. VE TIC. LTD. STI.;YILMAZ MAH. INEGÖL CAD. NO:100;BURSA;YENİŞEHİR;(224) 7722858;www.elakuruyemis.com.tr;elakuruyemis.com.tr;İİB-HUBUBAT
İNTERMELYA DIŞ TİCARET VE DANIŞMANLIK ANONİM ŞİRKETİ;ARABACIALANI MAH. 521. SK. NO:18 İÇ KAPI NO:5 ;SAKARYA;SERDİVAN;(264) 0000000;;;İİB-HUBUBAT
KARYA TAAHHÜT İNŞAAT TİCARET ANONİM ŞİRKETİ;ESENTEPE MAH.BÜYÜKDERE CAD.NO:185 KANYON KONUTLARIGÜNEY LOBİ K:6 NO:6C5;İSTANBUL;ŞİŞLİ;(212) 3531320;;;İİB-HUBUBAT
ZENTİCE GLOBAL DANIŞMANLIK TİCARET LİMİTED ŞİRKET;ATAKÖY 7-8-9-10 KISIM MAH.ÇOBANÇEŞME E-5 YANYOLCAD. NO:16/1A BLOK KAT 9;İSTANBUL;BAKIRKÖY;(212) 0000000;www.zenticeglobal.com;zenticeglobal.com;İİB-HUBUBAT
ŞİMŞEK BİSKÜVİ VE GIDA SAN.A.Ş.;ORGANİZE SANAYİ BÖLGESİ;KARAMAN;MERKEZ;(338) 2241320;www.simsek.com.tr;simsek.com.tr;İİB-HUBUBAT
MY EXPORT IMPORT DIŞ TİC LTD ŞTİ;MAHMUTBEY MH POLAT TOWER 1/48;İSTANBUL;BAĞCILAR;(212) 0000000;;;İİB-HUBUBAT
FERPA ENERJİ VE  GIDA SAN.IHR.ITH.LTD.ŞTI;BAKIR VE PIRINÇ SANAYI  SIT.SARDUNYA CD. N:2;İSTANBUL;BEYLİKDÜZÜ;(212) 8753173;www.ferpagida.com;ferpagida.com;İİB-HUBUBAT
CMC AGRO TOHUMCULUK A.Ş.;ULUABAT SK. NO:718/2 ULUABAT MAH 16700 KARACABEY;BURSA;KARACABEY;(224) 3833013;;;İİB-HUBUBAT
DOĞAL KATKI MALZEMELERİ VE TARIM ÜRÜNLERİ ANONİM ŞİRKETİ;KOCATEPE MAH.YAĞ İSKELESİ CADDESİ MEGA CENTER C 47 BLOK NO:17/A;İSTANBUL;BAYRAMPAŞA;(232) 4634390;http://www.dogalkatki.com;dogalkatki.com;İİB-HUBUBAT
FURKAN KAPAN - ÇEŞME MARKET;AGAH ATEŞ MAHALLESİ ATATÜRK CADDESİ NO 14 A;KOCAELI;KÖRFEZ;(262) 5115051;;;İİB-HUBUBAT
EMY İÇ VE DIŞ TİCARET LİMİTED ŞİRKETİ;ÇOBANÇEŞME MAH. SANAYİ CAD. NİSH RESİDENCESİT. A BLOK NO:44A D:132;İSTANBUL;BAHÇELİEVLER;(212) 5016415;http://www.emygrup.com.tr;emygrup.com.tr;İİB-HUBUBAT
SARAY BİSKÜVİ VE GIDA SAN.A.Ş.;ORGANİZE SAN.BÖLGESİ;KARAMAN;KARAMAN;(338) 2241100;www.sarayholding.com.tr;sarayholding.com.tr;İİB-HUBUBAT
ÜSTÜN PLASTİK AMBALAJ SAN.VE TİC.A.Ş.;ORG.SAN.BÖL.KAĞITHANE SAN.SİT.17.CD. NO:7;İSTANBUL;BAŞAKŞEHİR;(212) 4857676;www.ustunplastik.com;ustunplastik.com;İİB-HUBUBAT
MISKOS HELVA GIDA TEKS.INŞ.SAN VE DIŞ TIC.LTD.ŞTI.;ZAFER MAH.TÜRKISTAN SOK.NO:13;İSTANBUL;BAHÇELİEVLER;(212) 6393072;www.miskoshelva.com;miskoshelva.com;İİB-HUBUBAT
ALADDİN TURKEY DIŞ TİCARET LİMİTED ŞİRKETİ;BULGURLU MAH. GÜNAYDIN SK. GAVUZOĞLU BLOK NO: 22A ;İSTANBUL;ÜSKÜDAR;(216) 0000000;www.tryaladdin.com;tryaladdin.com;İİB-HUBUBAT
FLORA FOOD MANAGEMENT TURKEY GIDA ISLETME ANONIM SIRKETI;BARBAROS MAH. BEGONYA SOK NİDA KULE ATAŞEHİR KUZEY NO:3/130;İSTANBUL;ATAŞEHİR;(216) 3560345;;;İİB-HUBUBAT
BAKEARTS ENDÜSTRIYEL GIDA VE SANAYI LIMITED SIRKETI;ATATÜRK MAH. ÇEVREYOLU CD. 76 E BLOK. NO:76/3/Z05;KIRKLARELI;LÜLEBURGAZ;(288) 0000000;;;İİB-HUBUBAT
HAYIRLI ŞAM GIDA PAZ TİC LTD ŞTİ;YAVUZ SELİM MH HALİÇ CD YASMİN APT NO 36A;İSTANBUL;FATİH;(212) 0000000;;;İİB-HUBUBAT
PETEKKAYA DIS TICARET LIMITED SIRKETI;KARAAGAÇ MAH. SIRTKÖY BLV. TOSKANA VADI EVLERI NO:33JA;İSTANBUL;BÜYÜKÇEKMECE;(212) 0000000;;;İİB-HUBUBAT
DOĞAL KİMYEVİ MADDELER VE ZİRAİ İLAÇLAR SANAYİ VE TİCARET ANONİM ŞİRKETİ;TOPLARÖNÜ SOK.NO:16;İSTANBUL;BEYKOZ;(216) 3086587;www.dogaltrm.com;dogaltrm.com;İİB-HUBUBAT
ALHAS AMB.GIDA İNŞ.VE TİC.LTD. ŞTİ.;YENISAHRA MAH.YILDIRIM BEYAZITCAD.NO:57;İSTANBUL;ATAŞEHİR;(216) 3249579;;;İİB-HUBUBAT
ESLEM ÇİKOLATA SAN.VE TİC.LTD.ŞTİ.;ERENLER MAH.1175 SOK.NO:9 ;SAKARYA;ERENLER;;;;İİB-HUBUBAT
POZİTİF TOPTAN PASTACILIK VE GIDA EKİP DIŞ TİC LTD ŞTİ;MAHMUTBEY MH 2439 SK NO 66/1;İSTANBUL;BAĞCILAR;(212) 6111034;www.pastamarka.com;pastamarka.com;İİB-HUBUBAT
TURCO NAKLİYE DIŞ TİCARET VE LİMİTED ŞİRKETİ;TEVFİKBEY MAH. MEKTEP SK. NO: 6/9;İSTANBUL;KÜÇÜKÇEKMECE;(212) 0000000;;;İİB-HUBUBAT
KADAYIFZADE GIDA SAN. TIC. LTD. ŞTİ.;İKİTELLİ OSB MAH. MUTFAKÇILAR M5 BLOK SOKAK NO 11;İSTANBUL;BAŞAKŞEHİR;(212) 6411595;;;İİB-HUBUBAT
TUFAN FOOD BAHARAT TARIM ÜRÜNLERİ SAN.İÇ VE DIŞ TİC.A.Ş.;YENİ MAH.TOPÇA TOPTANCILAR ÇARŞISI C BLOK  NUMARA:3C/26;SAKARYA;ERENLER;(264) 2420246;www.tufanbaharat.com;tufanbaharat.com;İİB-HUBUBAT
KUZEY GÜNEY GIDA SANAYI ANONIM SIRKETI;ÇAKIRLAR MAH. 3716. CADDESİ NO:23;DÜZCE;DÜZCE;(380) 0000000;;;İİB-HUBUBAT
DEPAR GLOBAL İÇ VE DIŞ TİC.LTD.ŞTİ;ZAFER MAH. 185 SOK NO:11/1;İSTANBUL;ESENYURT;(212) 2506556;;;İİB-HUBUBAT
SİMAK DIŞ TİCARET LİMİTED ŞİRKETİ;MERKEZEFENDİ MAH. MEVLANA CAD. TERCÜMAN SİTESİ A9BLOK NO: 114 İÇ KAPI NO: 13;İSTANBUL;ZEYTİNBURNU;(212) 0000000;;;İİB-HUBUBAT
BEYZADE LOKUM GIDA SANAYİ TİCARET LİMİTED ŞİRKETİ;KARLIBAYIR MAH. KIZILERİK SK. NO:28 IÇ KAPI NO:1;İSTANBUL;ARNAVUTKÖY;;;;İİB-HUBUBAT
EKOL GIDA ÜRÜNL.SAN.VE DIŞ TİC.LTD.ŞTİ.;MİMAR SİNAN MAH.SARI LALE SOK.NO:8 EYÜP KEMERBURGAZ;İSTANBUL;EYÜP;(212) 3213171;www.ekolfood.com.tr;ekolfood.com.tr;İİB-HUBUBAT
KARATAŞ YEM KATKI MADDELERİ SANAYİ VE TİCARET LİMİTED ŞİRKETİ;ALPULLU BELEDİYESİ ŞEKER MAH. KÜÇÜK SANAYİ SİTESİ 31-35;KIRKLARELI;BABAESKİ;(288) 5232323;http://www.karatasfeed.com;karatasfeed.com;İİB-HUBUBAT
MELT DIŞ  TİC.A.Ş;ÖRNEK MAH. ERCÜMENT BATANAY SOK DUMANKAYA İKON A1 BLOK NO:14 A33 ;İSTANBUL;ATAŞEHİR;(216) 5923200;;;İİB-HUBUBAT
A.T.S. ADVANCED TECHNOLOGY SUPPLIES TİC. A.Ş.;NISBETIYE CAD.TOPRAKKALE SK.BURAK APT.NO:6/2 ETILER;İSTANBUL;BEŞİKTAŞ;(212) 2873250;;;İİB-HUBUBAT
BRC KAFE RESTORAN TURİZM LİMİTED ŞİRKETİ;MİMAR SİNAN MAH. FAHRETTİN BERKTAŞ SK. NO: 1;İSTANBUL;SİLİVRİ;(212) 0000000;;;İİB-HUBUBAT
TİRMATA TARIM ÜRÜNLERİ GIDA SANAYİ TİC.A.Ş;KISIKLI MAH.YILDIRAN SK.NO:5A İÇ KAPI NO:1;İSTANBUL;ÜSKÜDAR;(216) 3127061;http://www.tirmata.com.tr;tirmata.com.tr;İİB-HUBUBAT
HALAVET GIDA SANAYI VE TICARET ANONIM ŞIRKET;ORG.DERİ SAN.BÖL.NO:1 YOL F-1/A PARSEL;İSTANBUL;TUZLA;(216) 3940614;;;İİB-HUBUBAT
HACI HASANOĞULLARI RESTAURANT TURİZM GIDA İNŞAAT SAN. VE TİC. LTD. ŞTİ.;İHSANİYE MAH. FATİH SULTAN MEHMET BULVARIÖZAY APT. NO:18A;BURSA;NİLÜFER;(224) 2456061;www.hacihasanogullari.com.tr;hacihasanogullari.com.tr;İİB-HUBUBAT
GÜMÜŞ İMPORT EXPORT GLOBAL GIDA SANAYİ VE TİCARET LİMİTED ŞİRKETİ;KOCATEPE MAH. GÜMRÜK İSKELESİ CAD. MEGA CENTERNO:89 İÇ KAPI NO : 1587;İSTANBUL;BAYRAMPAŞA;(212) 2519733;;;İİB-HUBUBAT
AGROWELL GIDA SAN. VE TİC. A.Ş.;ZAFER MH ADİLE NAŞİT BULVARI ARIS GRAND TOWERS NO 30-32 R;İSTANBUL;ESENYURT;(212) 9450615;www.agrowell.com.tr;agrowell.com.tr;İİB-HUBUBAT
KUMTEL GIDA SANAYİ VE TİC. LTD. ŞTİ.;BEREKETZADE MAH. ŞİŞHANE SOK. KUMTEL İŞ MERKEZİNO:1;İSTANBUL;BEYOĞLU;(212) 0000000;coffeeaddisababa.com;coffeeaddisababa.com;İİB-HUBUBAT
MT ZEYTİNCİLİK SANAYİ VE TİCARET LİMİTED ŞİRKETİ;TÜRKGÜCÜ OSB MAHALLESİ YILMAZ ALPASLAN CAD. ÇORLU GIDA SİTESİ NO:5/3;TEKIRDAĞ;ÇORLU;(282) 5025536;;;İİB-HUBUBAT
SFN KİMYA GIDA KATKI MADDELERİ SANAYİ DIŞ TİCARET LİMİTED ŞİRKETİ;ORUÇREİS MAH. TEKSTİLKENT CAD. TEKSTİLKENT G1BLOK NO: 10 AB İÇ KAPI NO: Z082;İSTANBUL;ESENLER;(212) 4371911;;;İİB-HUBUBAT
ELİT FOOD DANIŞMANLIK GIDA SANAYİ VE TİCARET ANONİM ŞİRKETİ;AKÇABURGAZ MAH. 3082 SK. NO:3;İSTANBUL;ESENYURT;(212) 2941855;;;İİB-HUBUBAT
METPRİNT MATBAACILIK AMB. SAN. A.Ş.;İKİTELLİ OSB MAH. İPKAS D BLOK SK. İPKAS SANAYİ D. BLOK NO: 37 B;İSTANBUL;BAŞAKŞEHİR;(212) 5499380;;;İİB-HUBUBAT
HEKİM İLAÇ MEDİKAL KOZMETİK SAN. VE TİC. LTD. ŞTİ. ;BATTALGAZİ MAH. MERYEMANA SK. NO: 1 F24 İÇ KAPI NO: 1 34782 SULTANBEYLİ;İSTANBUL;SULTANBEYLİ;(216) 6400201;;;İİB-HUBUBAT
TOROS TARIM SAN. VE TIC. A.Ş.;TEKFEN TOWER;İSTANBUL;BEŞİKTAŞ;(212) 3570202;www.toros.com.tr;toros.com.tr;İİB-HUBUBAT
İSRA GLOBAL GIDA İÇ VE DIŞ TİC.LTD.ŞTİ.;KOCATEPE MAH. GÜMRÜK İSKELE CAD. A BLOK MEGACENTERNO:89/1824;İSTANBUL;BAYRAMPAŞA;(212) 9510456; www.israglobal.net ;israglobal.net;İİB-HUBUBAT
RENUS DANIŞMANLIK KOZMETİK DIŞ TİCARET SANAYİ VE TİCARET LİMİTED ŞİRKETİ;SIRRIPAŞA MAHALLESİ YALÇINKAYA SOKAK NO:25/A;KOCAELI;DERİNCE;(262) 2291115;;;İİB-HUBUBAT
DEVRAN GIDA TİC.VE SAN.LTD.ŞTİ;KOCASİNAN MAH.KIRKLARELİ YOLU CADDESİ  NO:3;EDIRNE;MERKEZ;(284) 2260040;;;İİB-HUBUBAT
AHMET TAŞ;İSTİKLAL MH. ERDEM SK. NO: 12 A;İSTANBUL;ESENYURT;(212) 5977720;;;İİB-HUBUBAT
GOODSFORALL GIDA TURZ. İNŞ. ELEKT. İTH. İHR. LTD. ŞTİ.;ZUHURATBABA MAH. BİLGİNLER SOK. TURAN NO:9/A;İSTANBUL;BAKIRKÖY;(212) 0000000;;;İİB-HUBUBAT
SWEETBOX GROUP GIDA SAN VE TIC LTD STI;PINARTEPE MAH. TURGUT ÖZAL 1 CAD.MOODCITY NO:57 H/22 ;İSTANBUL;BÜYÜKÇEKMECE;(212) 1767793;;;İİB-HUBUBAT
ERMETAL OTOMOTİV VE EŞYA SAN. TİC. A.Ş.;DEMİRTAŞ DUMLUPINAROSB MAH. 1.NİLÜFER SK. NO:5;BURSA;OSMANGAZİ;(224) 9802000;www.ermetal.com.tr;ermetal.com.tr;İİB-HUBUBAT
BY PASTER GIDA VE KİMYA SANAYİ TİCARET ANONİM ŞİRKETİ;MALKOÇOĞLU MAH. ESKİ EDİRNE ASFALTI CAD. NO: 835 / 5;İSTANBUL;SULTANGAZİ;(212) 4656999;;;İİB-HUBUBAT
EBİ DIŞ TİC.A.Ş;GÖKEVLER MAH. 2331 SOK SOK PASİAD SİT NO:1 M ;İSTANBUL;ESENYURT;(212) 6405586;;;İİB-HUBUBAT
TRAKAS GIDA VE DIŞ TİCARET LİMİTED ŞİRKETİ;TOPÇULAR MAH. OSMANGAZİ CAD. NO: 2 İÇ KAPI NO: 18;İSTANBUL;EYÜP;(212) 4268686;;;İİB-HUBUBAT
ALMİR ORGANİZASYON VE DIŞ TİC.LTD.ŞTİ;MERKEZ MAH.SANAYİ CAD. NO:118  AYDOĞAN İŞ MERKEZİ ;İSTANBUL;BAHÇELİEVLER;(212) 4724050;www.almirtrade.com;almirtrade.com;İİB-HUBUBAT
RECEP OTU - MOE-KE PET;AMBARLI MAH. TESISLER AMBARLI YOLU CAD. MENDERESBALABAN KIR DÜGÜNÜ TESISLERI NO: 22 IÇ KAPI NO: 1;İSTANBUL;AVCILAR;(212) 6780502;;;İİB-HUBUBAT
HELIKON GIDA SAN. VE TIC. LTD. ŞTI.;KAVAKLI MAH.ACAR SOK NO:17;İSTANBUL;BEYLİKDÜZÜ;(212) 8558232;;;İİB-HUBUBAT
DELTA GROUP MEFRUŞAT İHR. İTH. SAN. TİC. LTD. ŞTİ. ;KEMALPAŞA MH.GENÇTÜRK CD.NO:17/301;İSTANBUL;FATİH;(212) 5194519;;;İİB-HUBUBAT
MIGROS TICARET A.Ş.;TURGUT ÖZAL CD.NO.12;İSTANBUL;ATAŞEHİR;(216) 5793000;;;İİB-HUBUBAT
GİMAŞ TEDARİK VE DAĞITIM PAZ. TİC. A. Ş.;AYKOSAN SAN. SİT. 4 . A BLK. NO:232;İSTANBUL;BAŞAKŞEHİR;2126712480;www.gimas.com;gimas.com;İİB-HUBUBAT
UNNU GIDA SAN VE TİC LTD ŞTİ;FERHATPAŞA MAH. 51. SOK.NO:29/1;İSTANBUL;ATAŞEHİR;(216) 6110888;www.tandoor.com.tr;tandoor.com.tr;İİB-HUBUBAT
MELİTA GIDA SAN.VE DIŞ TİC.AŞ;RAMİ GIDA SİTESİ R BLOKNO.25-26;İSTANBUL;EYÜP;(212) 5630785;;;İİB-HUBUBAT
LINE ULUSLARARASI TAŞIMACILIK İTHALAT VE İHRACAT ANONİM ŞİRKETİ;ŞİRİNEVLER MAH.ZEKİ MÜREN SOK. NO:7/3;İSTANBUL;BAHÇELİEVLER;(212) 0000000;;;İİB-HUBUBAT
ECOLONİ GIDA VE EKOLOJİK ÜRÜNLER SAN VE TİC.A.Ş;KÜPÇÜLER MAH. KÜPÇÜLER CAD. NO:111/1;SAKARYA;ERENLER;(264) 0000000;;;İİB-HUBUBAT
ELS ELEKTRONİK SERVİS HİZMETLERİ A.Ş.;FATİH SULTAN MEHMET MAH. AHESTE SOK. NO:7 KAT:9/ D;İSTANBUL;ÜMRANİYE;(216) 6112290;http://www.elselektronik.com;elselektronik.com;İİB-HUBUBAT
THOR TEKNOLOJİ DIŞ TİC.LTD.ŞTİ;15 TEMMUZ MAH. GÜLBAHAR CAD. NUROLPARK H.BLOK 45/5-90;İSTANBUL;BAĞCILAR;;;;İİB-HUBUBAT
MOST FOOD GIDA ÜRETİM SAN. VE TİC.A.Ş;YENİBOSNA MERKEZ MAH.TURGUTREİS 1. SOK.İŞ HANI BLOK NO:19;İSTANBUL;BAHÇELİEVLER;(212) 5033031;;;İİB-HUBUBAT
LİBRAS GIDA İÇ VE DIŞ TİC.LTD.ŞTİ.;DİKKALDIRIM MAH.1. BİLGİNLER SOK.NO:55;BURSA;OSMANGAZİ;;;;İİB-HUBUBAT
NUREFŞAN BİSKÜVİ ÇİKOLATA GIDA SAN VE TİC.LTD.ŞTİ;ÇOBANÇEŞME MAH.  SANAYİ CAD. NİSH.İSTANBUL SİT. C BLOK NO:44 C/94 ;İSTANBUL;BAHÇELİEVLER;(212) 5589948;;;İİB-HUBUBAT
BEŞLER KURUYEMİŞ VE GIDA MAD.İML.VE PAZ.TİC. A.Ş.;SÜLEYMAN DEMİREL ORGANİZE SANAYİ BÖLGESİ113. CD. NO:1082;ISPARTA;GÖNEN;(246) 5565576;www.beslernuts.com;beslernuts.com;İİB-HUBUBAT
MARMARA BİSKUVİ SANAYİ VE TİC.LTD.ŞTİ.;"ADNAN KAHVECİ MAH.FABRİKALAR CAD. NO:6,KAT 3,KAPI NO:5";İSTANBUL;BEYLİKDÜZÜ;(212) 9094422;http://www.bisland.com.tr;bisland.com.tr;İİB-HUBUBAT
KALİTE ÇİKOLATA GIDA SAN TİC AŞ;MAHMUTBEY MH TAŞOCAĞI YOLU CD AĞAOĞLU MY OFFICE B BLOK NO 3/322;İSTANBUL;BAĞCILAR;(212) 0000000;;;İİB-HUBUBAT
GOLDEN ROD GIDA SANAYİ VE TİCARET LİMİTED ŞİRKETİ;MAHMUTBEY MAH. 2403. SOK. NO:23;İSTANBUL;BAĞCILAR;(212) 0000000;;;İİB-HUBUBAT
YÖRPAŞ YÖRESEL YİYECEKLER PAZ.A.Ş;İDEALTEPE MAH.DİK.SOK.KÜÇÜKVAR PLAZA NO:23/3;İSTANBUL;MALTEPE;(216) 3679700;www.komagene.com.tr;komagene.com.tr;İİB-HUBUBAT
SANDOZ GRUP SAĞLIK ÜRÜNLERİ İLAÇLARI SANAYİ VE TİCARET ANONİM ŞİRKETİ;GOSB İHSAN DEDE CAD. 900 SOK.;KOCAELI;GEBZE;(262) 7513645;;;İİB-HUBUBAT
BALDEN ÇİKOLATA ŞEKERLEME GIDA SANAYİ VE TİC.A.Ş;CUMHURİYET MAH.KARTAL CAD. NO:37/A;İSTANBUL;KARTAL;(216) 4518090;;;İİB-HUBUBAT
TOKANA UNLU MAMULLERİ ÜRETİM GIDA SAN.TİC.A.Ş.;MECİDİYE MAH.DEMOKRASİ CAD.NO:325/1;İSTANBUL;SULTANBEYLİ;(216) 4819083;;;İİB-HUBUBAT
PLUS PHARMA İLAÇ SANAYİ TİCARET LTD.ŞTİ.;ŞAHİNTEPE MAH.LALEZAR SK.İGTOT SİT.6B BLOK NO:4L/Z17;İSTANBUL;BAŞAKŞEHİR;(212) 0000000;;;İİB-HUBUBAT
QUE GLOBAL DİS TİCARET A.Ş.;ALTUNİZADE MAH. OKUL SK. ALTUNIZADE SITESI SİTESİ ;İSTANBUL;ÜSKÜDAR;(216) 0000000;http://que.global;que.global;İİB-HUBUBAT
AKBA KOZM.GIDA VE DAY.TÜK.MALL SAN.VE TİC.LTD.ŞTİ.;INEBEY  MAH.NAMIK KEMAL CD.PEKERIS MERK.NO.21-23 İÇ KAPI 31;İSTANBUL;FATİH;02125863990;;;İİB-HUBUBAT
BRANDS FACTORY GIDA LİMİTED ŞİRKETİ;MİMARSİNAN MAH. İLHAN SOK NO:15-17 İÇ KAPI NO:7;İSTANBUL;ÇEKMEKÖY;(216) 0000000;;;İİB-HUBUBAT
KENSİ GIDA PAZARLAMA SANAYİ VE TİCARET LİMİTED ŞİRKETİ;BARIŞ MAH. EĞİTİM VADİSİ BULVARI BUL. - SİTESİ C4 BLOK NO: 29/8 İÇ KAPI NO: 20;İSTANBUL;BEYLİKDÜZÜ;(212) 0000000;;;İİB-HUBUBAT
BERBAK GIDA SAN. VE TIC. LTD. ŞTI.;DOĞU MAH. HATBOYU CD. LALE SK. DINÇER APT. NO:3 K:2 ;İSTANBUL;PENDİK;(216) 4919339;www.berbak.com.tr;berbak.com.tr;İİB-HUBUBAT
ORİENTCO DIŞ TİCARET VE İNŞAAT SANAYİ LİMİTED ŞİRKETİ;MEŞRUTİYET MAH.EBEKIZI SOKAK BİRLİK APT. 6/9;İSTANBUL;ŞİŞLİ;(212) 2195554;www.uber.eu.com ;uber.eu.com;İİB-HUBUBAT
GESTO TAMBUR MOTOR ELEKTRİK SANAYİ ANONİM ŞİRKETİ;ZİYA GÖKALP MAH.SÜLEYMAN DEMİREL BULVARI MALL OF İSTANBUL NO:7E/136;İSTANBUL;BAŞAKŞEHİR;(212) 9828696;;;İİB-HUBUBAT
ÇEÇEN FOOD GIDA DIŞ TİC LTD ŞTİ;ADNAN KAHVECİ MH BİZ TEK SAN VE DIŞ TİC LTD NO 76/1;İSTANBUL;BEYLİKDÜZÜ;(212) 0000000;;;İİB-HUBUBAT
AGRO EAST TOHUMCULUK TARIM ÜRÜNLERİ GIDA SAN. VE TİC.LTD.ŞTİ.;ULUABAT MH.ULUABAT SK. İDARİ BİNA NO 718/2;BURSA;KARACABEY;(224) 3833083;www.agroeast.com.tr;agroeast.com.tr;İİB-HUBUBAT
PETIVA GIDA SANAYI VE DIS TICARET ANONIM SIRKETI;19 MAYIS MAH. AYTEKIN KOTIL CAD. MIMOZA APT NO: 10;İSTANBUL;ŞİŞLİ;(212) 0000000;;;İİB-HUBUBAT
EXIMTURKEY İÇ VE DIŞ TİC LTD ŞTİ;BİBBİRDİREK MH BAYANİ SK NO 4/1;İSTANBUL;FATİH;(212) 5182901;;;İİB-HUBUBAT
AGROMAR MARMARA TARIM ÜRÜNLERİ SAN. VE TİC. A.Ş.;BANDIRMA YOLU 1.KM PK:339;BURSA;KARACABEY;(224) 6762427;www.agromar.com.tr;agromar.com.tr;İİB-HUBUBAT
IPEK PIŞMANIYE SANAYI VE  TIC. LTD.ŞT;YENIŞEHIR MAH.ERGÜN KÖNCÜ SOK.NO. 59;KOCAELI;İZMİT;(262) 3128007;www.ipekpismaniye.com.tr;ipekpismaniye.com.tr;İİB-HUBUBAT
BEX COFFEE GIDA ITHALAT IHRACAT ANONIM SIRKETI;FABRİKALAR MH. NAMIK KEMAL BLV. DALGA KULE PLAZANO:51BE;ANTALYA;KEPEZ;(212) 0000000;;;İİB-HUBUBAT
TOHUMEX GIDA VE TÜKETİM MALZEMELERİ SAN.TİC.LTD.ŞTİ.;KEMAL TÜRKLER MAH. CANDAN SOKAK YILMAZLAR APT. NO:2/1/2;İSTANBUL;SANCAKTEPE;(216) 0000000;;;İİB-HUBUBAT
ENKA PAZ.İHR.İTH.A.Ş.;İSTASYON MH.ARAPLAR CD.NO.6;İSTANBUL;TUZLA;02163951777;;;İİB-HUBUBAT
ORKA EV DIŞI TÜKETİM MADDELERİ GIDA İNŞ.SAN.VE TİC.A.Ş;ESENŞEHİR MAH. HALE SOK NO:14/1;İSTANBUL;ÜMRANİYE;(216) 4694535;;;İİB-HUBUBAT
RUSH GIDA İTHALAT İHRACAT VE TİCARET ANONİM ŞİRKETİ; BARBAROS MAH. LALE SK. AGAOGLU MY OFFICE  NO: 2 İÇ KAPI NO: 13;İSTANBUL;ATAŞEHİR;(216) 0000000;;;İİB-HUBUBAT
IGH AROMA GIDA ANONİM ŞİRKETİ;İKİTELLİ OSB MAH.S.DEMİREL BLV HESKOP İŞ M.SAN.SİT.I BLK NO.37;İSTANBUL;BAŞAKŞEHİR;(212) 7775357;;;İİB-HUBUBAT
ARD MODERN YAPI İNŞAAT GIDA TURİZM SANAYİ VE TİC. LTD. ŞTİ;HÜRRİYET MH. CEMİL BENGÜ CAD. NO:107 İÇKAPI NO:02 KAGITHANE/ İSTANBUL;İSTANBUL;KAĞITHANE;;;;İİB-HUBUBAT
MERİDYEN GIDA SAN.VE TİC.LTD. ŞTİ.;BAHÇEŞEHİR 1.KISIM MAH. DOĞA PARKI CAD.NO:25 C İÇ KAPI 17;İSTANBUL;BAŞAKŞEHİR;(212) 6138111;;;İİB-HUBUBAT
KİNG PAZARLAMA VE DIŞ TİCARET ANONİM ŞİRKETİ;IBRAHIMAĞA CAD.EMINTAŞ SAN.SIT.2.BODRUM KAT.NO.20/2;İSTANBUL; ;(212) 5445152;;;İİB-HUBUBAT
YAĞIZ ÇİKOLATA GIDA İNŞ. TARIM HAYV.İTH.İHR.SAN.VE DIŞ TİC.LTD.ŞTİ;YENİ MAH. D-100 KARAYOLU CAD. KÜÇÜK SANAYİ SİT A-33 A-24 BÜYÜKKARIŞTIRAN KÖYÜ ;KIRKLARELI;LÜLEBURGAZ;(288) 4361736;;;İİB-HUBUBAT
WATFA VE LAHMOUNİ LOKUMCULUK VE GIDA ÜRÜNLERİ SAN. TİC. LTD.;İKİTELLİ OSB MAH. MUTFAKÇILAR M7 BLOK SK. NO: 34;İSTANBUL;BAŞAKŞEHİR;(212) 4446784;;;İİB-HUBUBAT
LOKUMCU MEHMET EFENDİ GIDA İNŞ TUR TAŞ SAN VE TİC LTD;SELİMPAŞA MH 2081. SK NO: 27;İSTANBUL;SİLİVRİ;(212) 0000000;;;İİB-HUBUBAT
BRR GIDA DIŞ TİC. VE SAN. LTD. ŞTİ.;DUMLUPINAR MAH.YUMURTACI ABDİBEY CAD.CONCORD İSTANBUL SİT. NO:15B İÇ KAPI:50;İSTANBUL;KADIKÖY;(212) 5261144;www.brrdisticaret.com;brrdisticaret.com;İİB-HUBUBAT
ALIBABA LOKUM GIDA PAZ. İTH.İHR.SAN. VE TİC.LTD.ŞTİ.;YENİ MAH 547. SOK. NO:25-27 KÜÇÜKKÖY GAZİOSMANPAŞA İSTANBUL;İSTANBUL;GAZİOSMANPAŞA;(212) 6159296;www.alibabagida.com.tr;alibabagida.com.tr;İİB-HUBUBAT
EMBI GIDA A.Ş;YENİDOĞAN MAH. SULTANGAZİ CAD. NO: 170/1 34791 ;İSTANBUL;SANCAKTEPE;(216) 3136003;www.embigida.com;embigida.com;İİB-HUBUBAT
ESTOR GIDA SAN. VE TİC. İTH. İHR. A.Ş.;OSMANLI KÖYÜ OSMANLI KÜME EVLERİ NO:1/25 KAPI NO:2;EDIRNE;HAVSA;(284) 3361800;http://www.estorgida.com.tr;estorgida.com.tr;İİB-HUBUBAT
HUDSAN OTOMATİV ELEKTRİK SANAYİ VE DIŞ TİCARET LİMİTED ŞİRKETİ;IKITELLI OSB MAHALLESİ BEDRETTİN DALAN BULVARI  IPKAS IS MERKEZI NO:39/87;İSTANBUL;BAŞAKŞEHİR;(212) 0000000;;;İİB-HUBUBAT
ENOTEK MÜHENDİSLİK VE DANIŞMANLIK HİZMETLERİ SANAYİ VE TİCARET ANONİM ŞİRKETİ;VEFA BAYIRI SOK.GAYRETTEPE IŞMER.C BLOK NO:12/4;İSTANBUL; ;(212) 2881258;;;İİB-HUBUBAT
FOODEX GIDA SAN. VE TİC. LTD. ŞTİ.;MÜCAHİTLER MAH. 52009 NOLU CAD. GÜMÜŞBURUN İŞ MERKSİT. NO: 28/46;GAZIANTEP;ŞEHİTKAMİL;(342) 9991386;;;İİB-HUBUBAT
ROSSO İTHALAT İHRACAT ANONİM ŞİRKETİ;AKEVLER MH. 1059. SK ALMINA TOVER BLOK NO:21A;İSTANBUL;BEYLİKDÜZÜ;(212) 8526538;;;İİB-HUBUBAT
KRAL LOKUMCULUK GIDA SAN VE TİC.LTD.ŞTİ.;GÖKÇEALİ MAH. GÖKÇEALİ CAD. NO:183A;İSTANBUL;ÇATALCA;(212) 0000000;;;İİB-HUBUBAT
KERRY GIDA KATKI  MADDE. YEM  VE YEM KATKI.  İTH.  İHR.  SAN. TİC. LTD. ŞTİ.;YEŞİLKÖY MAH. ATATÜRK CAD. NO:10/1DÜNYA TİCARET MERK.A1 BL.K.12 N.389;İSTANBUL;BAKIRKÖY;(212) 4653936;;;İİB-HUBUBAT
AGROTEZ TARIM SANAYİ VE TİCARET ANONİM ŞİRKETİ;TOPLARONU SOK. NO.16;İSTANBUL;BEYKOZ;;www.tezcan.com.tr;tezcan.com.tr;İİB-HUBUBAT
AHMET TİMUR İÇ VE DIŞ TİCARET LİMİTED ŞİRKETİ;BARBAROS HAYRETTİN PAŞA MAH. 1995. SK.AKROS ISTANBUL NO: 1-3 İÇ KAPI NO: 20;İSTANBUL;ESENYURT;(212) 5003555;;;İİB-HUBUBAT
MERTSAN GIDA VE İHTİYAÇ MADDELERİ SAN VE TİC.A.Ş;KOZA MAH. 1678 SOK. NO:25 ESENYURT;İSTANBUL;ESENYURT;(212) 6727338;www.mertsangida.com;mertsangida.com;İİB-HUBUBAT
VENTUS  GIDA  VE   DIŞ  TİC.LTD.ŞTİ;FENER KALAMIŞ CD.EGEMEN SK.MERCAN APT.NO:1D:16;İSTANBUL;KADIKÖY;(216) 4182628;;;İİB-HUBUBAT
DETAY KAHVE SAN VE TİC.A.Ş;OSMANGAZİ MAH. 2685. SOK. NO:6 ESENYURT;İSTANBUL;ESENYURT;(212) 2432505;www.altinkiliclar.com.tr;altinkiliclar.com.tr;İİB-HUBUBAT
ERCİKEK BİSKÜVİ GIDA SANAYİ VE TİC.A.Ş;OSMANGAZİ MAH. 2647 SOK NO:27/4;İSTANBUL;ESENYURT;(212) 6722221;;;İİB-HUBUBAT
MY PRESTİGE GIDA DIŞ TİC. LTD. ŞTİ.;CUMHURİYET MAH.CUMHURİYET CAD.1987.SOK.RAYANARESİDENCE A BLOK K:1 D:2;İSTANBUL;ESENYURT;(212) 8541650;;;İİB-HUBUBAT
LOTUS GROUP GLOBAL DIŞ TİCARET LİMİTED ŞİRKETİ;BATI MAHALLESİ EROL KAYA CADDESİ MİMOZA APARTMANI NO 50 DAİRE 4;İSTANBUL;PENDİK;(216) 0000000;;;İİB-HUBUBAT
HAFIZLAR GIDA İÇ VE DIŞ TİC.A.Ş.;KAĞITHANE MERKEZ MAH.SANAYİ CAD.TURİN İŞ MERKEZİ NUMARA:5;İSTANBUL;KAĞITHANE;(212) 0000000;(505) 180 20 62;;İİB-HUBUBAT
CHOCOLATE SARAYI CAFE REST HİZM İTH İHR VE TİC LTD ŞTİ;TÜRKALİ IHLAMURDERE CD SARIKAYA AP NO 104/A;İSTANBUL;BEŞİKTAŞ;(212) 0000000;;;İİB-HUBUBAT
ORZAKS İLAÇ VE KİMYA SANAYİ TİCARET ANONİM ŞİRKETİ;AKÇABURGAZ MAHALLESİ 153. SOKAK 27 / A;İSTANBUL;ESENYURT;(212) 4474332;;;İİB-HUBUBAT
SESAM GROUP GIDA TEKSTİL SANAYİ VE TİCARET LİMİTED ŞİRKETİ;VAKIF MAH. VAKIFKÖY CAD. BAY AGRO TARIM İLAÇLARINO: 139 İÇ KAPI NO: Z1;BURSA;YILDIRIM;(224) 0000000;;;İİB-HUBUBAT
ZEYTUNOĞLU TATLI VE GIDA ÜRÜNLERİ İTH İHR DIŞ TİC LTD ŞTİ;YENİBOSNA MERKEZ MH CEMAL ULUSOY CD NO 42/2;İSTANBUL;BAHÇELİEVLER;(212) 6350116;;;İİB-HUBUBAT
GÜLSA TIBBİ CİHAZLAR VE MALZEME SANAYİ TİCARET ANONİM ŞİRKETİ;5627.SK.NO:10;İZMİR;BORNOVA;(232) 4690033;www.gulsa.com.tr;gulsa.com.tr;İİB-HUBUBAT
YARAYAN GIDA SANVE TİC LTD ŞTİ;YAKUPLU MH 146 SK KANAVICE TEKS BLOK NO 6/5;İSTANBUL;BEYLİKDÜZÜ;(212) 7290160;;;İİB-HUBUBAT
SOFRA YEMEK URETIM VE HIZMET A.Ş.;TOPHANELIOGLU CAD.NO.19 STFAIS MERKEZI;İSTANBUL; ;02163276700;;;İİB-HUBUBAT
ADALILAR KURUYEMIŞ A.Ş;KOZLUK MAH. ADA SAN. CAD. NO:4;SAKARYA;ERENLER;(264) 3535487;www.adalilar.com;adalilar.com;İİB-HUBUBAT
NLT AKER TURİZM GIDA VE İNŞ. TİC. LTD. ŞTİ.;TOPÇULAR MAH. TOPÇULAR CAD.NO:4 İÇ KAPI:4;İSTANBUL;EYÜP;(212) 3743821;;;İİB-HUBUBAT
SEBİ YATÇILIK TURİZM TEKSTİL GIDA SANAYİ VE TİCARET LİMİTED ŞİRKETİ;FATİH SULTAN MEHMET MAH. POLİGON CAD. BUYAKA 2 SİT 3 BLOK NO:8 C İÇ KAPI NO: 60 ;İSTANBUL;ÜMRANİYE;(212) 5707085;;;İİB-HUBUBAT
ANKA ŞEKER GIDA PAZARLAMA SANAYİ VE TİCARET LİMİTED ŞİRKETİ;PİRİ REİS MAH. 2059 SOKAK MARMARA CONCEPT NO:2/30;İSTANBUL;ESENYURT;(212) 0000000;;;İİB-HUBUBAT
AKSU GLOBAL DIŞ TİCARET LOJİSTİK LİMİTED ŞİRKETİ;ŞİRİNEVLER MAH. MAREŞAL FEVZİ ÇAKMAK 2. SK. DOĞAN IŞ MERKEZI NO: 2 İÇ KAPI NO: 44;İSTANBUL;BAHÇELİEVLER;(212) 0000000;;;İİB-HUBUBAT
COMTEKS TEKSTİL SANAYİ VE TİCARET LİMİTED ŞİRKETİ;BULGURLU MH. ALEMDAG CD. ADAKLI SITESI 68/9;İSTANBUL;ÜSKÜDAR;02163161250;;;İİB-HUBUBAT
ALTINİŞ ÇELİK EŞYA SAN. VE TİC. LTD.ŞTİ.;COBANÇEŞME MAH.GÜNEŞLI SK.NO 5;İSTANBUL; ;02125511839;www.altinis.com;altinis.com;İİB-HUBUBAT
SONER ÇOKŞEN GIDA İTHALAT VE İHRACAT TİCARET LİMİTED ŞİRKETİ;AZMİMİLLİ MAH. GAZHANE CAD. LALEZAR SİTESİ B BLOK NO:53 BA ;DÜZCE;MERKEZ;(380) 1111111;;;İİB-HUBUBAT
ERİŞLER GIDA SANAYİ VE TİC.A.Ş.;KÖPRÜBAŞI MEVKİ;SAMSUN;BAFRA;(362) 5431756;www.erisgroup.com;erisgroup.com;İİB-HUBUBAT
GLOBAL GIDA PAZARLAMA SANAYI VE DIS TICARET ANONIM SIRKETI;PINAR MAH. ONDOKUZ MAYIS BLV. NO: 30 IÇ KAPI NO: 1;İSTANBUL;ESENYURT;(212) 5966600;;;İİB-HUBUBAT
BALIZE GIDA TICARET LIMITED SIRKETI;SIYAVUSPASA MAH. IHLAMUR SK. NO: 20 IÇ KAPI NO: 6;İSTANBUL;BAHÇELİEVLER;(212) 0000000;;;İİB-HUBUBAT
ABDULLAH İNAN;AKSU YOLU ÜZERİ GÜZELYURT MAH.;ANTALYA; ;(242) 4631092;;;İİB-HUBUBAT
CLAİMONT GIDA SANAYİ A.Ş.;AKÇABURGAZ MAHALLESİ 1573 SOKAK NO 1/24 34522 ;İSTANBUL;ESENYURT;(212) 0000000;;;İİB-HUBUBAT
GIDASAN GROUP GIDA SAN VE DIŞ TİC.LTD.ŞTİ;BALMUMCU MAH.BARBAROS BULV.İBA BLOKLARI NO:42/10;İSTANBUL;BEŞİKTAŞ;(212) 2740033;;;İİB-HUBUBAT
KÖKEL KAHVE DEPOSU İTH.İHR.SAN.TİC.LTD.ŞTİ.;İKİTELLİ ORG.  SAN. BÖLGESİ. İSTEKS SAN. SİTESİC - 3 BLOK NO:8;İSTANBUL;BAŞAKŞEHİR;(212) 4862758;www.kahvedeposu.com.tr;kahvedeposu.com.tr;İİB-HUBUBAT
EMDEN GIDA TURZ. İNŞ. SAN. DIŞ. TİC. A.Ş.;YAKUPLU MAH.46. SOKAK NO:1;İSTANBUL;BEYLİKDÜZÜ;(212) 4442126;http://info@cigkoftem.com;cigkoftem.com;İİB-HUBUBAT
TVO BİTKİSEL YAĞ SANAYİ TİCARET ANONİM ŞİRKETİ;İOSB GİYİM SANATKARLARI 1A BL G.SANATKARLARI ST.N.1A BL N311;İSTANBUL;BAŞAKŞEHİR;(212) 4071103;http://www.tvo-oil.com;tvo-oil.com;İİB-HUBUBAT
TEKCAN TOHUMCULUK GIDA VE TARIM ÜR. SAN. TİC. LTD. ŞTİ.;ARABACILAR CD. GÜRLER SK. NO:21;EDIRNE;KEŞAN;(284) 7123388;www.tekcantohum.com;tekcantohum.com;İİB-HUBUBAT
BEMBO GIDA SANAYİ VE TİCARET LİMİTED ŞİRKETİ;İNÖNÜ MAH. CUMHURİYET CAD. NO:69 İÇ KAPI:6;İSTANBUL;ŞİŞLİ;(212) 0000000;;;İİB-HUBUBAT
SENABEL TATLI GIDA SANAYI VE TICARET LIMITED SIRKETI;TOPÇULAR MAH. RAMI KISLA CAD. GÜN IS MERKEZI NO: 2C;İSTANBUL;EYÜP;(212) 4422332;;;İİB-HUBUBAT
EVEREST DIŞ TİC.LTD.ŞTİ;ESENTEPE MAH. BÜYÜKDERE CAD. NO:127 ASTORİA KEMPİNSKİ  REZİDANCE A BLOK D:A50 ;İSTANBUL;ŞİŞLİ;(212) 2152802;;;İİB-HUBUBAT
BH DONUK GIDA SANAYİ TİCARET LİMİTED ŞİRKETİ;İSTİKLAL MH.KARANFİL SK.NO:13/A;BURSA;OSMANGAZİ;(224) 2456111;;;İİB-HUBUBAT
ALKO ŞEKERLEME GIDA SANAYİ VE TİCARET ANONİM ŞİRKETİ;AFYONKARAHİSAR OSB MAH. 6.(1) SK. AL KO ŞEKERLEME NO:5 ;AFYON;MERKEZ;(272) 2211535;;;İİB-HUBUBAT
WELL NUTRİTİON SAĞLIK ÜRÜNLERİ A.Ş;ATATÜRK MAH. KAMİL BEY SOK NO:4/2 ;İSTANBUL;ATAŞEHİR;(216) 8880444;;;İİB-HUBUBAT
VATAN ENZİM GIDA KATKI MADDELERİ SAN.DIŞ TİC.A.Ş.;AKÇABURGAZ MAH.SEMT 3093.SOKAK NUMARA:4;İSTANBUL;ESENYURT;(212) 8867880;;;İİB-HUBUBAT
NAKAL TASIMACILIK GIDA İNŞ İNŞ.TURİZM SANAYİ VE TİC.A.Ş;OSMANYILMAZ MAH. MİLLET CAD. NO:30/D;KOCAELI;GEBZE;(262) 6302195;;;İİB-HUBUBAT
FOODY İMEX GIDA İTHALAT İHRACAT TOPTAN TİCARET LİMİTED ŞİRKETİ;SULTANİYE MAH. DOĞAN ARASLI BULV. HAN PLUS NO:146-150-348;İSTANBUL;ESENYURT;(212) 4443737;;;İİB-HUBUBAT
BRİGHT STAR İTHALAT İHRACAT LİMİTED ŞİRKETİ;VATANDAŞ SK AKŞAMSTTİN MAH NO:34/3;İSTANBUL;FATİH;(212) 0000000;http://www.brightstar-tr.com;brightstar-tr.com;İİB-HUBUBAT
BESLER GIDA VE KİMYA SAN. VE TİC. A.Ş.;KISIKLI MAH. YENİŞEN SK. B BLOK NO: 8/1;İSTANBUL;ÜSKÜDAR;(212) 6951010;www.kerevitas.com.tr;kerevitas.com.tr;İİB-HUBUBAT
SAMA GIDA TİC.LTD.ŞTİ;İKİTELLİ OSB BİKSAN SAN SİT SOSYAL TESİSİ BİNASI KAT :1 ;İSTANBUL;BAŞAKŞEHİR;(212) 4862323;;;İİB-HUBUBAT
ÇİLOĞLU GIDA ANONİM ŞİRKETİ;GEZ;ERZURUM;AZİZİYE(ILICA);(216) 6931625;;;İİB-HUBUBAT
KURTSAN ILAÇLARI A.Ş.;İSTOC OTOMARKET A-2 BLOK BURAK PLAZA KAT:7 ;İSTANBUL;BAĞCILAR;(212) 4813050;www.kurtsan.com;kurtsan.com;İİB-HUBUBAT
TÜRK KABLO MAMULLERİ TEVZİİ GIDA TİCARET ANONİM ŞİRKETİ;KEMERALTI CAD.34;İSTANBUL; ;(212) 2430006;;;İİB-HUBUBAT
ATAKOM GIDA TİCARET LİMİTED ŞİRKETİ;FERHATPAŞA MAH. 77. SK NO:61 A;İSTANBUL;ATAŞEHİR;(216) 0000000;;;İİB-HUBUBAT
ERAY HAFRİYAT İNŞ TAAHHÜT SAN VE TİC.LTD.ŞTİ;ŞENLİKKÖY MAH. YAMAÇ SOK YAMAÇ APT NO:2 KAT:2 ;İSTANBUL;BAKIRKÖY;(212) 6626923;;;İİB-HUBUBAT
EMIN GIDA PAZ. SAN. VE TIC. LTD. ŞTI.;ORHANGAZİ MAH. 1656 SOK NO:12 ;İSTANBUL;ESENYURT;(212) 6720176;www.incibaharat.com;incibaharat.com;İİB-HUBUBAT
APAK UN FABRİKALARI SANAYİ A.Ş.;YILMAZ MAH. İNEGÖL CAD. APAK UN NO:120;BURSA;YENİŞEHİR;(224) 7730504;;;İİB-HUBUBAT
SİVMA GIDA İNŞ. TURİZM SAN TİC.LTD.ŞTİ;İKİTELLİ İOSB MAH. İSTEKS SAN SİT B6 NO:6 ;İSTANBUL;BAŞAKŞEHİR;(212) 0000000;;;İİB-HUBUBAT
TRİO GIDA VE TARIM ÜR.İTH.İHR.SAN.VE TİC.LTD.ŞTİ.;9 YAPI SANAYİ SİTESİ 3028 SOKAK NO:1/15 AKÇABURGAZ 34522 ;İSTANBUL;ESENYURT;(212) 8640482;www.triogida.com;triogida.com;İİB-HUBUBAT
MASTER MAYA GIDA DIŞ TİC.A.Ş.;MURAT REİS MAH.YENİOCAK SOK. NO:7KAPI NO:1;İSTANBUL;ÜSKÜDAR;(216) 6298547;;;İİB-HUBUBAT
TAMER GIDA SANAYİ VE TİCARET LTD. ŞTİ.;İGTOT (İSTANBUL GIDA TOPTANCILAR ÇARŞISI) ŞAHİNTEPE MAH. LALEZAR SK.6A BLOK NO:4 K NO:Z28;İSTANBUL;BAŞAKŞEHİR;(212) 8773767;;;İİB-HUBUBAT
GÖKTÜRK ŞEKERLEME GIDA SAN TİC A.Ş;B.BAKKALKÖY MH B.BAKKALKÖY YOLU SK NO 35/1;İSTANBUL;MALTEPE;(216) 0000000;;;İİB-HUBUBAT
SURH GRUP İNŞ SAN TİC LTD ŞTİ;VELİ BABA MH AYDOS CD IŞILAY SK NO 7/1;İSTANBUL;PENDİK;(216) 0000000;www.surhgrup.com;surhgrup.com;İİB-HUBUBAT
EA BİLİŞİM REKLAMCILIK VE ELEKTRONİK HİZMETLER TİCARET LİMİTED ŞİRKETİ;ORTA MH ŞEFFAF SK CANAYAKIN SİTESİ B BLOK NO 15;İSTANBUL;BAYRAMPAŞA;(212) 4932350;;;İİB-HUBUBAT
HARUN PAT - MARBELLA GIDA ;İKİTELLİ OSB MAH. DERSAN S6A BLOK SOKAĞINO:6SA-S6A/222;İSTANBUL;BAŞAKŞEHİR;(212) 0000000;;;İİB-HUBUBAT
ERTUĞRUL HELVA TAHİN SUSAM GIDA İTHALAT İHRACAT SANAYİ VE TİCARET LTD.ŞTİ.;MKP OSB GÜLLÜCE MAH. N NOLU CD. NO:8/6 MUSTAFAKEMALPAŞA ;BURSA;MUSTAFAKEMALPAŞA;(224) 6131818;www.ertugrulhelva.com;ertugrulhelva.com;İİB-HUBUBAT
DELLA GIDA SAN. VE TIC. A.Ş.;ALTUNİZADE MAHALLESİ ORD.PROF. FAHRETTİNKERİM GÖKAYCADDESİ NO:3;İSTANBUL;ÜSKÜDAR;(264) 4586715;www.della.com.tr;della.com.tr;İİB-HUBUBAT
MASAŞ METAL AMBALAJ SANAYI A.Ş;KIMYA SANAYICILERI ORG. SANAYIBÖLGESI E.12 PARSEL;İSTANBUL;TUZLA;(216) 5930853;www.masas.com.tr;masas.com.tr;İİB-HUBUBAT
SAADET GIDA PAZ. SAN. VE TIC. A.Ş.;19 MAYIS BULVARI PINAR MAH. NO:30;İSTANBUL;ESENYURT;(212) 4501111;www.saadet.com.tr;saadet.com.tr;İİB-HUBUBAT
AREN PASTACILIK GIDA ÜRÜNLERİ OTOMOTİV LİMİTED ŞİRKETİ;BATTALGAZİ MAH. GARDENYA SOK. NO:2/5;İSTANBUL;SULTANBEYLİ;(216) 0000000;;;İİB-HUBUBAT
RESSA DIŞ TİCARET LİMİTED ŞİRKETİ;ATATÜRK MAH.ERTUĞRUL GAZİ SK.METROPOL İSTANBULC1 BLOK NO: 2 B/376 ;İSTANBUL;ATAŞEHİR;(216) 6586713;;;İİB-HUBUBAT
ABBA GIDA SAN.VE TİC.LTD.ŞTİ.;MERKEZ MAH. OSMANPAŞA CAD.NO:11/C;İSTANBUL;KAĞITHANE;;;;İİB-HUBUBAT
REMZİ CELEPKOLU-HASENAT DIŞ.TİC.;VAKIF MAH. İKNCİ TAŞLIK SOK .NO:127/7;BURSA;YILDIRIM;(224) 0000000;;;İİB-HUBUBAT
ESRA GIDA SAN.VE TIC.LTD.ŞTI.;TURGUT REIS MAH.FATIH CAD.DOĞASOK.NO:6;İSTANBUL;SULTANBEYLİ;(216) 3983434;www.esralokum.com;esralokum.com;İİB-HUBUBAT
LOKMAS GIDA TİCARET LTD.ŞTİ;YEŞİLKÖY MAH. ATATÜRK CAD. EGS BLOKLARI SİTESİ B-2 APT-  APT 12/1 ;İSTANBUL;BAKIRKÖY;(212) 7097507;www.lokmas.com;lokmas.com;İİB-HUBUBAT
MAHMUT ÖZLEYİK - MAHMUTPAŞA LOKUMCUSU;SELİMPAŞA MAH.2089.SOK MALİK İŞ MERKEZİ AVM BLOK NO:14A;İSTANBUL;SİLİVRİ;(212) 0000000;;;İİB-HUBUBAT
PACHAMAMA GIDA TARIM TEKSTİL DANIŞMANLIK SAN.VE TİC.A.Ş;FATİH SULTAN MEHMET MAH.EVREN PAŞA CAD.44/1;İSTANBUL;SARIYER;(212) 3234010;www.rawsome.com.tr;rawsome.com.tr;İİB-HUBUBAT
SENCER ÇİKOLATA VE ŞEKERLEME SAN.TİC.LTD.ŞTİ.;SULTAN ORMNAN MAH.1178 SOK.NO:2;KOCAELI;GEBZE;(262) 6412029;;;İİB-HUBUBAT
TADSER GIDA MAD. İNŞ. SAN. VE TİC. A.Ş.;FİRUZKÖY MAHALLESİ KAZIM KARABEKİR CADDESİ NO:20 ;İSTANBUL;AVCILAR;(212) 4230983; http://www.tadser.com.tr ;tadser.com.tr;İİB-HUBUBAT
TEKİRDAĞ UN SAN.VE TİC.LTD.ŞTİ.;KEMANKEŞ MAH.M.YEMİŞÇİ SOK.HASAN S.KARAHAN İŞH.NO:8/9;İSTANBUL; ;(212) 2513542;;;İİB-HUBUBAT
MİLAD FEED GIDA SAN.VE TİC.LTD.ŞTİ.;ZÜHTÜPAŞA MAH. BAĞDAT CAD.NO:24 İÇKAPI NO:11;İSTANBUL;KADIKÖY;(216) 4569577;;;İİB-HUBUBAT
SETA ŞEKERLEME GIDA PAZARLAMA SANAYİ İÇ VE DIŞ TİCARET ANONİM ŞİRKETİ;VELİMEŞE OSB MAH. 122 SK. NO: 7/2;TEKIRDAĞ;ERGENE;(212) 7448072;;;İİB-HUBUBAT
DOĞUŞ IKI DEKORATIF CAM INŞAAT .GIDA.IÇ.VE TIC.LTD.;KTELLİ ORG SAN BÖL-İPKAS SAN SİT 1 0/A BLOK NO:3 L -32 İKİTELLİ-BAŞAKŞEHİR-İSTANBUL;İSTANBUL;BAŞAKŞEHİR;(212) 6597521;;;İİB-HUBUBAT
YASEMİN KAHVE SANAYİ VE TİCARET ANONİM ŞİRKETİ;KAYABAŞI MAH.ADNAN MENDERES BUL.B5 BLOK NO:5D/44;İSTANBUL;BAŞAKŞEHİR;(212) 4444486;;;İİB-HUBUBAT
BRAND TASIMACILIK ITHALAT VE IHRACAT LIMITED SIRKETI;ATAKÖY 7-8-9-10. KISIM MAH. ÇOBANÇEŞME E-5 YAN YOLCAD. 1 NO: 8/1 İÇ KAPI NO: 100 ;İSTANBUL;BAKIRKÖY;(216) 4052255;;;İİB-HUBUBAT
N51 GIDA İÇ VE DIŞ TİC. LTD. ŞTİ.;MOLLA FENARİ MAH. BABI ALİ CAD. NO:9/1İÇ KAPI:24;İSTANBUL;FATİH;(212) 5289350;;;İİB-HUBUBAT
BİFA BİSKÜVİ VE GIDA SAN.A.Ş.;PİRİREİS MH. ERTUĞRUL GAZİ BULV.NO:2;KARAMAN;MERKEZ;(338) 2132490;www.bifa.com.tr;bifa.com.tr;İİB-HUBUBAT
CUMA FİDANOĞLU;BEYLERBEYİ MAHALLESİ MEHMET AKİF ERSOY CADDESİ NO: 3C;İSTANBUL;ÜSKÜDAR;(216) 0000000;;;İİB-HUBUBAT
NOBLE AMBALAJ GIDA TEM.SAN.VE DIŞ.TİC.LTD.ŞTİ.;BÜYÜKBAKKALKÖY MAH. BÜYÜKBAKKALKÖY YOLU SK. 35/2;İSTANBUL;MALTEPE;(216) 3093737;;;İİB-HUBUBAT
BUNGE GIDA SAN. VE TIC. A.Ş.;ÇINAR MAH.RIFKI TONGSİR CAD. NİDE KULE  KÜÇÜK YALI SİTESİ  A04 NO:115 İÇ KAPI NO:115 İÇ KAPI NO:281;İSTANBUL;MALTEPE;(216) 5872700;www.bunge.com.tr;bunge.com.tr;İİB-HUBUBAT
YUTAKA GIDA SANAYİ ANONİM ŞİRKETİ;AKÇABURGAZ MAH. HADIMKÖY YOLU CAD. NO: 168 İÇ KAPI NO: 14;İSTANBUL;ESENYURT;(212) 6634299;;;İİB-HUBUBAT
GHİRASS İNŞAAT SAN. VE TİC.LTD.ŞTİ.;AKÇABURGAZ MAH.3028 SOK NO:1/35 ;İSTANBUL;ESENYURT;(212) 4859104;;;İİB-HUBUBAT
CC ÇİKOLATA GIDA SAN VE TİC A.Ş.;FEVZİ ÇAKMAK MAH. KILIÇ REİS SOK NO:1 D:5;İSTANBUL;PENDİK;(216) 3970701;;;İİB-HUBUBAT
MUNİS GIDA DANIŞMANLIK SAN.VE TİC.LTD.ŞTİ;SOĞUKSU MAH.KARADUT SOK.SARI KONAKLAR SİT.NO.41/3;İSTANBUL;BEYKOZ;(216) 0000000;;;İİB-HUBUBAT
BARAZİ KİMYA VE GIDA SANAYİ TİCARET LİMİTED ŞİRKETİ;İKİTELLİ OSB MAH.HESKOOP M4 BLOK SOK.NO:57;İSTANBUL;BAŞAKŞEHİR;(212) 5244412;;;İİB-HUBUBAT
BTK GIDA VE TEKSTİL TİCARET LİMİTED ŞİRKETİ;KÜÇÜKBAKKALKÖY MAH. SELVİLİ SK. NO: 4 - 20;İSTANBUL;ATAŞEHİR;(216) 0000000;;;İİB-HUBUBAT
BEST ULUSLARARASI DEMİR ÇELİK VE DENİZC.TİC.A.Ş.;BAĞDAT CAD. ÖNCÜ SOK. BÜYÜKHANLISITESI NO:493 K:7 D:21;İSTANBUL;KADIKÖY;(216) 4168585;www.best-int.net;best-int.net;İİB-HUBUBAT
İPEK TEKSTİL İNŞAAT GIDA SAN.VE DIŞ TİC.LTD.ŞTİ.;ORGANİZE SAN.DEMİRCİLER KÜÇÜKSAN.SİTESİ B BLOK 160;İSTANBUL;BAŞAKŞEHİR;(212) 6711015;www.ipekgida.com;ipekgida.com;İİB-HUBUBAT
ONNOVİT GIDA SANAYİ LİMİTED ŞİRKETİ;BALÇIK MAH. 3225. SK. NO:5/1 ;KOCAELI;GEBZE;(216) 6933344;http://www.onnovit.com.tr;onnovit.com.tr;İİB-HUBUBAT
NOVARTİS SAĞLIK GIDA VE TARIM ÜRÜNLERİ SANAYİ VE TİCARET ANONİM ŞİRKETİ;BARBAROS BULVARI NO:83;İSTANBUL;BEŞİKTAŞ;(212) 3299100;www.novartis.com.tr;novartis.com.tr;İİB-HUBUBAT
DORVELLA İSTANBUL ÇİKOLATA VE ŞEKERLEME SANAYİ TİCARET LİMİTED ŞİRKETİ;SULTAN ORHAN MAH. KIŞLA CAD.NO:4 D:6;KOCAELI;GEBZE;(262) 0000000;;;İİB-HUBUBAT
ELMAZE ALP - SERSAM GIDA;ATAEVLER MAH. YILMAZ AKKILIÇ CAD. ATAEVLER ATA ÇARŞI SİT. NO:41 A;BURSA;NİLÜFER;(224) 0000000;;;İİB-HUBUBAT
VİTACEEL KOZMETİK GIDA İTH.İHR.SAN.VE TİC.A.ŞTİ.;KÜÇÜKBAKKALKÖY MH.DEREBOYU CD.NO:3A/10;İSTANBUL;ATAŞEHİR;(216) 0000000;;;İİB-HUBUBAT
BİGGEST GROUP GIDA TURİZM EMLAKÇILIK İTHALAT İHRACAT SANAYİ VE TİCARET LİMİTED ŞİRKETİ;ODUNLUK MAH.AKPINAR(180) CAD.ŞENTÜRKLER İŞM.NO:7/53;BURSA;NİLÜFER;(224) 0000000;;;İİB-HUBUBAT
HLEKS GIDA SAN VE TIC.A.Ş.;GEBZE PLASTİKÇİLER SAN. SİT. İNÖNÜ MAH. ATATÜRK BULV. GEBZE/KOCAELİ;KOCAELI;GEBZE;(262) 7514999;www.hleks.com;hleks.com;İİB-HUBUBAT
WHIRL GIDA VE TİCARET AŞ.;NİSPETİYE MAH.AYDIN SOK.NO:12 D:6 LEVENT;İSTANBUL;BEŞİKTAŞ;(212) 9707575;;;İİB-HUBUBAT
APEXMOİ DENİZCİLİK TEDARİK TİCARET LİMİTED ŞİRKETİ;İSTASYON MAHALLESİ İSTASYON CADDESİ NO:123/C;İSTANBUL;TUZLA;(216) 8070102;;;İİB-HUBUBAT
İNTERPOLYMER PLASTİK LİMİTED ŞİRKETİ;KARAAĞAÇ OSB MH 19 SK NO 19/1;TEKIRDAĞ;KAPAKLI;(282) 0000000;www.intercup.com.tr;intercup.com.tr;İİB-HUBUBAT
SEVİNÇLER  İNŞAAT NAKLİYAT GIDA  SAN. VE TİC.A.Ş;KOCATEPE MAH. MEGACENTER C33K:9NO:331;İSTANBUL;BAYRAMPAŞA;(212) 4372759;www.sevinclerun.com;sevinclerun.com;İİB-HUBUBAT
JOUY&CO SWEETS BV MERKEZİ HOLLANDA İSTANBUL MERKEZ ŞUBESİ;YENİBOSNA MERKEZ MAH. 29. EKİM CAD. NO:41/Z1;İSTANBUL;BAHÇELİEVLER;(212) 4512036;;;İİB-HUBUBAT
BASUTLAR GLOBAL İTHALAT İHRACAT SAN.VE TİC.LTD.ŞTİ;KOCATEPE MAH.GÜMRÜK İSKELESİCAD.A BLOK MEGA CENTERNO:89/1729;İSTANBUL;BAYRAMPAŞA;(212) 0000000;;;İİB-HUBUBAT
IFF TURKEY AROMA VE ESANS ÜRÜNLERİ SATIŞ TİCARET A.Ş;İHSAN DEDE CAD 1100 SK GEBZE ORG. SAN. BÖL. 1102;KOCAELI;GEBZE;;;;İİB-HUBUBAT
ZEHRA GÜZELOCAK -BEY ORGANİK GIDA PAZ.;YILDIRIM MAH. ŞEHİT KAMİL BALKAN CAD. NO:142/2;İSTANBUL;BAYRAMPAŞA;(212) 0000000;www.beyorganik.com ;beyorganik.com;İİB-HUBUBAT
ZENKAR GIDA İNŞ. TAAH. SAN. VE TİC. LTD. ŞTİ.;KOĞUKÇINAR MAH. 2.TAŞ SK.NO:23;BURSA;OSMANGAZİ;;www.zenkargida.com;zenkargida.com;İİB-HUBUBAT
INTERBIS CONFECTIONERY GIDA TİCARET LTD.ŞTİ.;MAHMUTBEY MAH.TAŞOCAĞI YOLU CAD.B BLOKAĞAOĞLU MY OFFİCE NO:3/488;İSTANBUL;BAĞCILAR;(212) 8036000;;;İİB-HUBUBAT
SEYİDOĞLU GIDA SAN.VE TIC.A.Ş.;HADIMKÖY MAH.ÜRGÜPLÜ CAD.NO:44;İSTANBUL;ARNAVUTKÖY;(212) 7711920;www.seyidoglugida.com.tr;seyidoglugida.com.tr;İİB-HUBUBAT
CLK WORLDWIDE LOJİSTİK VE TİCARET ANONİM ŞİRKETİ;KERESTECİLER SİTESİ FATİH CADSELVİ SOKAK NO:24;İSTANBUL;GÜNGÖREN;(212) 4544646;;;İİB-HUBUBAT
GÜLTEKİNLER ÇİKOLATA SANAYİ VE TİCARET LİMİTED ŞİRKETİ;YAKUPLU MAH. 228. SK. ATA İŞ MERKEZİ 14/4;İSTANBUL;BEYLİKDÜZÜ;(212) 0000000;;;İİB-HUBUBAT
HERO GIDA SAN VE TIC. A.Ş.;ESENBOĞA YOLU 21.KM AKYURT;ANKARA; ;(312) 3992728;www.herobaby.com.tr;herobaby.com.tr;İİB-HUBUBAT
FATİH BAYRAK İNGİLİZCE DÜNYASI İTH.İHR.;SULTAN ORHAN MAH.1112/1 SK.NO:1/2;KOCAELI;GEBZE;(262) 6437777;;;İİB-HUBUBAT
AVARTANİ GIDA SAN. VE TİC. LTD. ŞTİ.;KASAP SOK. NAZMİYE HAK APT.NO:6/11;İSTANBUL;ŞİŞLİ;(212) 3473544;;;İİB-HUBUBAT
ELEMENT GIDA SANAYİ VE TİCARET ANONİM ŞİRKETİ;BARBAROS MAH. FESLEGEN SOK UPHILL COURT TOWERSSİT NO:147 AB 1-B BLOK KAT:26  ;İSTANBUL;ATAŞEHİR;(216) 6886001;;;İİB-HUBUBAT
CEREAL PARTNERS GIDA TİC.LTD.ŞTİ;BÜYÜKDERE CAD.NO:255 NUROL PLAZA A BLOK K:6;İSTANBUL;ŞİŞLİ;(212) 3296000;www.nestle.com.tr;nestle.com.tr;İİB-HUBUBAT
PERFECT COMPANION TURKEY GIDA SANAYİ VE TİCARET ANONİM ŞİRKETİ;FULYA MAH. AKINCI BAYIRI SK. C.P. GRUP NO: 6 IÇKAPI NO: 5 SISLI/;İSTANBUL;ŞİŞLİ;(212) 0000000;;;İİB-HUBUBAT
GÜRLER GLOBAL MAĞ. SAN. VE TİC. AŞ;AZMİMİLLİ MAH BAYRAK CAD. A BLOK NO:4AA;DÜZCE;MERKEZ;(380) 1478025;www.bebegen.com.tr;bebegen.com.tr;İİB-HUBUBAT
NOESİS GIDA VE UNLU MAMULLER LİMİTED ŞİRKETİ;KÖRFEZ MAH. LİMAN CAD. NO: 114;KOCAELI;BAŞİSKELE;(262) 0000000;;;İİB-HUBUBAT
UNMAŞ GIDA VE TARIM ÜRÜNLERİ SAN TİC.LTD.ŞTİ;FLORYA ŞENLİKKÖY MAH. YEŞİLKÖY HALKALI CAD. AQUA FLORYA K-3N-93D-2;İSTANBUL;BAKIRKÖY;(212) 9426411;;;İİB-HUBUBAT
TATSAN HELVA SAN.VE TIC.LTD. ŞTI.;ORGANİZE SAN BÖL.KIZILCIK DERE KÖYÜ;KIRKLARELI;MERKEZ;(288) 2634444;www.tatsanhelva.com;tatsanhelva.com;İİB-HUBUBAT
HAKDAN DIŞ TİC. VE TURİZM İŞL. LTD. ŞTİ.;AKSARAY CD.SARAY AP.NO:23/401;İSTANBUL;FATİH;(212) 5169815;;;İİB-HUBUBAT
ORBA BIOKIMYA SAN.VE TIC. A.Ş.;OKUL YOLU ORHANLI BELDESI;İSTANBUL;TUZLA;02163943049;http://www.orba.com.tr;orba.com.tr;İİB-HUBUBAT
ALSAHHA FOODS İNTERNATİONAL GIDA İÇ VE DIŞ TİCARET SANAYİ LİMİTED ŞİRKETİ;GÖZTEPE MAH.BATIŞEHİR CAD.BATIŞEHİR SİTESİ K BLOK  NO:2/2 İÇ KAPI NO : 152;İSTANBUL;BAĞCILAR;(324) 2317801;http://www.sahhainter.co;sahhainter.co;İİB-HUBUBAT
İNTEGRO GIDA SAN. VE TİC. A.Ş.;BURHANİYE MAH. ABDULLAHAĞA CAD. NO:69 ;İSTANBUL;ÜSKÜDAR;(216) 3184018;www.integrogida.net;integrogida.net;İİB-HUBUBAT
İNGREDİUM GIDA SANAYİ VE TİC. A.Ş.;KOCATEPE MAH.YAĞ İSKELESİ C.MEGA CENTER C 47 BLOK NO:17/A;İSTANBUL;BAYRAMPAŞA;(212) 4370400;;;İİB-HUBUBAT
PLASTİFAY KİMYA ENDÜSTRİSİ ANONİM ŞİRKETİ;CENDERE YOLU NO.25;İSTANBUL; ;(212) 2943900;;;İİB-HUBUBAT
MULTİSECTOR COMERCİAL İTHALAT İHRACAT VE GENEL LİMİTED ŞİRKETİ;MEHMET NEZİH ÖZMEN MAH. YÜKSEK SK. PALMİYE İŞMERKEZİ NO: 2 İÇ KAPI NO: 16;İSTANBUL;GÜNGÖREN;(212) 0000000;;;İİB-HUBUBAT
TOROS YAĞ GIDA İÇ VE DIŞ TİC.A.Ş;CAFERAĞA MAH. GENERAL ASIM GÜNDÜZ CAD. NO:80/9;İSTANBUL;KADIKÖY;(216) 4141000;;;İİB-HUBUBAT
MARKETSTAR TOPTAN GIDA TİC LTD ŞTİ;ORUÇREİS MAH. GİYİMKENT 20. SOK. GİYİMKENT SİTESİ B214 NO:9A ;İSTANBUL;ESENLER;(212) 4385200;www.vrb.com.tr;vrb.com.tr;İİB-HUBUBAT
TALYA BİTKİSEL ÜRÜNLER TİC.VE SAN.A.Ş.;KIZILLI MAHALLESİ GÖNCÜLER SOKAK NO:11;ANTALYA;KEPEZ;(242) 4145137;www.talyabitkisel.com;talyabitkisel.com;İİB-HUBUBAT
DORUK UN SAN. A.Ş;İSTİKLAL MAH.DUMANSIZ 4.SOKAK N0:3/13;TEKIRDAĞ;SÜLEYMANPAŞA;(282) 2613801;;;İİB-HUBUBAT
PORUS DIŞ TRİCARET LTD.ŞTİ.;KAVACIK MAH.ŞEHİT ER CENGİZ KARCIOĞLUOK.NO:4 ÇAĞDAŞ PLAZA K:5D:6;İSTANBUL;BEYKOZ;(216) 3888000;;;İİB-HUBUBAT
ASLANYAVRUSU GLOBAL DANIŞMANLIK VE TAŞIMACILIK HİZMETLERİ LTD.ŞTİ;MİMAR KEMALETTİN MAH.BÖREKÇİ ALİ SK.NO:2/301;İSTANBUL;FATİH;(212) 5387602;;;İİB-HUBUBAT
PREMİER DANIŞMANLIK VE GIDA SANAYİ TİCARET LİMİTED ŞİRKETİ;AŞIK VEYSEL MH.ENVERPAŞA CD. SEMERKAND KON.BLOK N.3A/21;İSTANBUL;ESENYURT;(212) 0000000;;;İİB-HUBUBAT
NİSAN GEMİ MALZEMELERİ TED. HİZM. TİC. LTD. ŞTİ.;MECLİS MAH.DERVİŞ SK.FUAT ÖZAL BLOK NO: 38 İÇ KAPI NO: 1;İSTANBUL;SANCAKTEPE;(216) 0000000;;;İİB-HUBUBAT
ASLANLI ULUSLARARASI TEKSTİL VE TARIM ÜRÜN. DIŞ TİC. AŞ;ATATÜRK CD.SITKIBEY PLAZA NO:82 K:15 D:37-38;İSTANBUL;KADIKÖY;(216) 4161870;www.aslanli.com;aslanli.com;İİB-HUBUBAT
KOÇASLAR ZAHIRECILIK VE MARKT.TIC.LTD.STI.;KARADENİZ MAH.BAYBURT SK.TOPTANCILAR SİTESİ  NO:3/67-92;TEKIRDAĞ;MERKEZ;(282) 2613002;;;İİB-HUBUBAT
IREKS GIDA SANAYI A.Ş.;ISTOC TOPTANCILAR CARSISI11.ADA NO.34-36-38;İSTANBUL;BAĞCILAR;02126591111;www.ireks.com.tr;ireks.com.tr;İİB-HUBUBAT
ARI GIDA SAN.A.Ş.;ŞEYHLİ ANKARA CAD. NO:344;İSTANBUL;PENDİK;(216) 4745550;;;İİB-HUBUBAT
UNANA GIDA PAZ. SAN VE TİC. LTD.ŞTİ;VEYSEL KARANİ MAH. ESKİ GEMLİK YOLU CAD. NO:254/A;BURSA;OSMANGAZİ;(224) 3615790;www.unana.com.tr;unana.com.tr;İİB-HUBUBAT
GEKA DAĞITIM PAZARLAMA GIDA OTOMOTİV TİCARET LİMİTED ŞİRKETİ;ÇINARDERE MAHALLESİ GENÇLİK CADDESİ NO : 16 A;İSTANBUL;PENDİK;(216) 4634351;;;İİB-HUBUBAT
MAYA FAMILY PET ÜRÜNLERİ ANONİM ŞİRKETİ;KIZILCIKDEREOSB DIGER 14 SK. A-C-C1-D-E BLOK NO: 4 KIZILCIKDERE KÖYÜ;KIRKLARELI;MERKEZ;(288) 5024787;www.mayafamilypet.com;mayafamilypet.com;İİB-HUBUBAT
EKA TARIM TARIM ÜRÜNLERİ VE GIDA SAN TİC AŞ;1. POSTA SK CADDE 24 REZIDANS 12KAT 13/145;İSTANBUL;KÜÇÜKÇEKMECE;(212) 8032757;;;İİB-HUBUBAT
TEPE ZEYTİNCİLİK SANAYİ VE TİCARET LİMİTED ŞİRKETİ;AYDINLI MAH.MELODİ SOK.BİLMO NO:2/28;İSTANBUL;TUZLA;(216) 5931920;;;İİB-HUBUBAT
ÇALLI PASTACILIK VE GIDA İHTİYAÇ MAD SAN TİC LTD ŞTİ;BARBOROS MH ÇİM SK NO 15/8;İSTANBUL;ATAŞEHİR;(216) 0000000;;;İİB-HUBUBAT
SAFTER ELEKTRONİK SAN. VE TİC. LTD. ŞTİ.;AYNALI LOKANTA SK.BUYUK BALIKLI HAN NO:4;İSTANBUL;BEYOĞLU;02122440164;;;İİB-HUBUBAT
APSAL GIDA PASTACILIK ÜRÜNLERİ İHRACAT İTHALAT SANAYİ VE TİCARET LİMİTED ŞİRKETİ;YAHYA KEMAL MAH. BAHRİYE CAD. NO:46 İÇ KAPI NO:1;İSTANBUL;BEYOĞLU;(212) 0000000;;;İİB-HUBUBAT
GOLDEN DATE EXPORT DIŞ TİC.LTD.ŞTİ.;YAKUPLU MAH 148 SOK APT NO 5 / D1;İSTANBUL;BEYLİKDÜZÜ;(212) 6792729;;;İİB-HUBUBAT
PİN GLOBAL GIDA SANAYİ VE TİCARET ANONİM ŞİRKETİ;AYAZAĞA MH 169 SK NO 7A;İSTANBUL;SARIYER;(212) 0000000;;;İİB-HUBUBAT
ZEYDEN GIDA TEKSTİL TURİZM İNŞAAT VE DIŞ TİCARET LİMİTED ŞİRKETİ;TOPKAPI MAHALLESİ PAŞA ODALARI SOKAK NO :6 / 1;İSTANBUL;FATİH;(212) 0000000;;;İİB-HUBUBAT
EKMAK MAKINA SAN. VE TIC. LTD. ŞTI.;IMES SANAYI SITESI E BLOK502 SK. NO.4;İSTANBUL;ÜSKÜDAR;(212) 3648484;;;İİB-HUBUBAT
SERVET ŞEKERLEME GIDA TURİZM SANAYİ VE TİCARET ANONİM ŞİRKETİ;ÇİFTLİK MAH.121 SOK.NO:3 ;MUĞLA;FETHİYE;(252) 6134949;;;İİB-HUBUBAT
DANK GIDA SAN. VE TİC.A.Ş.;KISIKLIMAH.FERAH CAD. NO: 1;İSTANBUL;ÜSKÜDAR;(216) 5242900;www.godivatr.com;godivatr.com;İİB-HUBUBAT
MCO DONDURULMUŞ GIDA ÜRÜNLERİ SAN.TİC.LTD.ŞTİ.;GÜRSEL MAH.28 NİSAN CAD.NO:33/5;İSTANBUL;KAĞITHANE;(212) 5234588;;;İİB-HUBUBAT
ANİSAH GİDA SAN VE TİC.LTD.ŞTİ;ZAFER MAH. 177 SOK NO:2 A BLOK KAT:1 ;İSTANBUL;ESENYURT;(212) 4121480;;;İİB-HUBUBAT
AL GHAITS RESTAURANT TEKSTİL İTH.İHR.SAN VE TİC.LTD.ŞTİ;ATATÜRK MAH. DAĞHAN SOK NO:2/1;İSTANBUL;ESENYURT;(212) 0000000;;;İİB-HUBUBAT
SINKAD MASTIR İÇ VE DIŞ TİC. LTD.ŞTİ;NISPETIYE MAH.BILGIN SOK.5/6;İSTANBUL;BEŞİKTAŞ;02122839626;;;İİB-HUBUBAT
BNO GIDA END. LTD. ŞTİ.;İÇERENKÖY ESKİ ÜSKÜDAR YOLU CAD.TUNCELİ SOK.NO:3/A ATAŞEHİR ;İSTANBUL;ATAŞEHİR;(216) 5746741;;;İİB-HUBUBAT
EFEPORT LOJİSTİK KARGO TAŞIMA GIDA İTHALAT İHRACAT LİMİTED ŞİRKETİ;HALKALI MERKEZ MAH. BASIN EKSPRES CAD. CAPİTAL TOWER NO: 9 İÇ KAPI NO: 36;İSTANBUL;KÜÇÜKÇEKMECE;(212) 9098897;http://www.efeenterprise.com;efeenterprise.com;İİB-HUBUBAT
SİYER DIŞ TİC.A.Ş;CUMHURİYET MAH.1988 SOK NO:4/2   D:17;İSTANBUL;ESENYURT;(212) 8534340;www.jelittocandy.com;jelittocandy.com;İİB-HUBUBAT
PIRSON DIŞ TIC LTD ŞTI;KURUKUYU SOKAK NO:20/13BOSTANCI;İSTANBUL;KADIKÖY;(212) 4657805;www.pirson.com.tr;pirson.com.tr;İİB-HUBUBAT
ŞETAŞ GIDA TURİZM İNŞAAT SANAYİ TİCARET AŞ;OSMANYILMAZ MAH. ATATÜRK CAD. NO:48/3 KİRMANİ APT ;KOCAELI;GEBZE;(262) 6450502;;;İİB-HUBUBAT
BAZAAR GLOBAL İÇ VE DIŞ TİC.LTD.ŞTİ;KOCATEPE MAH. GÜMRÜK İSKELE CAD. NO:48/C-16;İSTANBUL;BAYRAMPAŞA;(212) 6545892;;;İİB-HUBUBAT
LİTHOSAN BASIM YAYIM AMBALAJ SAN.VE TİC. A.Ş.;BAGLAR MAH.FATIH CAD.EMRAH SOKNO.10;İSTANBUL;BAĞCILAR;02126556557;;;İİB-HUBUBAT
HACI BEKIR LOKUM VE ŞEKERLI MAM.SAN.A.Ş.;ISTIKLAL CAD. 83/6;İSTANBUL;BEYOĞLU;(212) 2451375;www.hacibekir.com.tr;hacibekir.com.tr;İİB-HUBUBAT
HAKSAN TEKS. GIDA PAZ. TURZ. SAN. VE DIŞ TİC. LTD. ŞTİ.;NİŞANCA MAH.SOĞANAĞA CAD.TAVŞANTAŞI SK.NO:2/4-5;İSTANBUL;FATİH;(212) 6387630;www.haksan.com.tr;haksan.com.tr;İİB-HUBUBAT
UCS GROUP İTHALAT VE İHRACAT LİMİTED ŞİRKETİ;ATATÜRK MAH. ERTUĞRUL GAZİ SOK.METROPOL İSTANBULSİTESİ A BLOK NO:2E İÇ KAPI:331;İSTANBUL;ATAŞEHİR;(850) 3056742;http://ucscogroup.com;ucscogroup.com;İİB-HUBUBAT
ONVİTA SAĞLIK ÜRÜNLERİ SANAYİ VE TİCARET ANONİM ŞİRKETİ;AKÇABURGAZ MAH.AKÇABURGAZ CAD.NO:42;İSTANBUL;ESENYURT;(212) 0000000;;;İİB-HUBUBAT
DELFİANO GIDA TİC.VE SAN. LTD.ŞTİ;YUKARI DUDULLU MAH. ÜNALAN SOK NO: ;İSTANBUL;ÜMRANİYE;(216) 5264242;;;İİB-HUBUBAT
SALVA EXPORT DIŞ TİC. LTD. ŞTİ.;SÜLEYMANİYE MAH. ŞEHİT ER MUSTAFA PEHLİVANOĞLU SOK.NO:81/83;BURSA;İNEGÖL;(850) 7579495;www.salvaexport.com;salvaexport.com;İİB-HUBUBAT
VIENNA KAHVE ANONİM ŞİRKETİ;ZEYTİNLİK MAH.FİŞEKHANE CAD. CAROUSEL BLOK NO:5/85;İSTANBUL;BAKIRKÖY;(212) 0000000;;;İİB-HUBUBAT
ŞENER PEKMEZ HELVA REÇEL TARIMSAL ÜRÜNLERİ GIDA SAN. VE TİC. LTD. ŞTİ.;AHMET VEFİK PAŞA MAH. ORGANİZE SAN. BÖLG. ACAR SK. NO:3 KESTEL/ BURSA;BURSA;KESTEL;(224) 3720471;www.sener.web.tr;sener.web.tr;İİB-HUBUBAT
CÜRE GIDA MOBİLYA ZÜCCACİYE DIŞ TİC.LTD.ŞTİ;İKİTELLİ İOSB MAH.DERSAN A BLOK SK.A BLOK APT NO:1/137;İSTANBUL;BAŞAKŞEHİR;;;;İİB-HUBUBAT
DEMİRRENK DIŞ TİCARET LİMİTED ŞİRKETİ;EKREM ORHON MAH. CUMHURİYETNO:199 KAT:10;RIZE; ;(464) 2176856;;;İİB-HUBUBAT
APHARMA SAĞLIK ÜRÜNLERİ A.Ş.;İKİTELLİ OSB  MAH. ENKOOP  CAD. NO:4/B;İSTANBUL;BAŞAKŞEHİR;(212) 0000000;;;İİB-HUBUBAT
CASVAA GIDA AMBALAJ DIŞ TİCARET A.Ş;TAHTALI MAHALLESİ 3. (460) CADDE NO:4/1;BURSA;NİLÜFER;(224) 4412416;https://casvaa.com/;casvaa.com;İİB-HUBUBAT
SAFA GLOBAL GIDA SAN. PAZAR. TİC. LTD. ŞTİ.;"ULUBATLI HASAN CD KAYAŞEHİR PLAZA D2H BLOK NO:6, 34494, BAŞAKŞEHİR / KAYAŞEHİR 34494 BAŞAKŞEHİR, İST";İSTANBUL;BAŞAKŞEHİR;(212) 5471111;www.safagroup.com;safagroup.com;İİB-HUBUBAT
MALATYA PAZARI KURUYEMIŞCILIK  SAN VE TİC. A.Ş.;E-5 KARAYOLU ÜZERI CEYLAN ÇIFTLİĞİMEVKII MIMAR SINAN BELDESI;İSTANBUL;BÜYÜKÇEKMECE;(212) 8630933;www.malatyapazari.com.tr;malatyapazari.com.tr;İİB-HUBUBAT
LOKART GIDA İNŞ.İTH.İHR. SAN VE TİC.LTD.ŞTİ;MEHMET AKİF MAHÇ CAHİT SITKI SOK NO:20 ;İSTANBUL;ÜMRANİYE;;;;İİB-HUBUBAT
HIZIRLAR MEDİKAL GIDA SAN VE TİC.LTD.ŞTİ;YAVUZ SELİM MAH. SERDİVAN CAD. NO:10 ;İSTANBUL;BEYKOZ;;;;İİB-HUBUBAT
MY UĞURLU PİŞMANİYE GIDA SAN. VE TİC.LTD.ŞTİ;SOGANLI MAH. ÇAVUŞPAŞA CAD. NO:09/A ;İSTANBUL;BAHÇELİEVLER;(212) 5534042;www.ugurlupismaniye.com.tr;ugurlupismaniye.com.tr;İİB-HUBUBAT
NAAX İLAÇ KOZMETİK DOĞAL ÜRÜNLER GIDA SANAYİ VE TİCARET LİMİTED ŞİRKETİ;MAHMUTBEY MH.2448.SK.NO:97 ;İSTANBUL;BAĞCILAR;(212) 0000000;;;İİB-HUBUBAT
HACIBABA LOKUMLARI GIDA SANAYİ VE TİCARET ANONİM ŞİRKETİ;ULUS MAH. ÇATALCA YOLU CAD. NO:592/1;İSTANBUL;BÜYÜKÇEKMECE;(212) 8610605;;;İİB-HUBUBAT
ŞARABATİ GIDA SANAYİ VE TİCARET LİMİTED ŞİRKETİ;ŞAHİNTEPE MH.ŞH.POLİS F.SEKİN CD.İGTOT)10B BL N.1S/Z08 ;İSTANBUL;BAŞAKŞEHİR;(212) 0000000;;;İİB-HUBUBAT
BLR BALORMAN BEYAZ EŞYA YAN SANAYİ VE TİCARET ANONİM ŞİRKETİ;DEREBOYU CAD. MEYDAN SK. BEYBIGIZ PLAZA NO:28  K:9 D:34;İSTANBUL;ŞİŞLİ;(212) 2902929;www.balorman.com;balorman.com;İİB-HUBUBAT
DOĞU TRADİNG GIDA İNŞAAT SANAYİ VE TİCARET LİMİTED ŞİRKETİ;YENİDOĞAN MAH. SAYA OCAĞI CAD. TURHANLAR APARTMANINO:1-3B ;İSTANBUL;GAZİOSMANPAŞA;(212) 0000000;;;İİB-HUBUBAT
SAVKIN İTHALAT İHRACAT VE DANIŞMANLIK TİCARET LİMİTED ŞİRKETİ;BATI MAH.BURHAN TOPRAK CAD. BATI APARTMANI NO:4 İÇKAPI N1;İSTANBUL;PENDİK;(216) 0000000;;;İİB-HUBUBAT
FESTAL GIDA KOZMETİK VE MEDİKAL ÜRÜNLERİ İML.SAN.TİC.LTD.ŞTİ.;OKLALI MAH. ESKİ EDİRNE YOLU NO:2288/2 ;İSTANBUL;ÇATALCA;(212) 7942142;;;İİB-HUBUBAT
DURUKAN ŞEKERLEME SANAYİ VE TİC.A.Ş.;AHİ EVRANOSB MAH/SEMT DAĞISTAN CAD. NO:11 DAİRE:1 ;ANKARA;SİNCAN;(312) 2687171;www.durukan.com.tr;durukan.com.tr;İİB-HUBUBAT
ZUCKERKUSS GIDA PAZARLAMA SANAYI VE TICARET ANONIM SIRKETI;BAGLARÇESME MAH. 1166. SK. NO: 11 IÇ KAPI NO: 1;İSTANBUL;ESENYURT;(212) 0000000;;;İİB-HUBUBAT
ABP GIDA SANAYİ ÖLÇÜ KONTROL SİSTEMLERİ İTHALAT PAZARLAMA TURİZM VE TİC. LTD. ŞTİ.;BAĞDAT CD.ÖMER KEMİK İŞ MERK. NO:95/601;ANKARA;YENİMAHALLE;02122740280;;;İİB-HUBUBAT
VMHS İTH. İHR. A.Ş.;MASLAK MAH. DEREBOYU 2 CAD. NO:14-1 İÇ KAPI:1;İSTANBUL;SARIYER;(212) 2765692;;;İİB-HUBUBAT
RFG KAHVE VE GIDA ANONİM ŞİRKETİ;HAMİDİYE MAH. SELÇUKLU CAD. A BLOK NO: 10G İÇ KAPI NO: 2 ;İSTANBUL;KAĞITHANE;(212) 7061805;;;İİB-HUBUBAT
ASYA TANDIR LAVAŞ GIDA MAD.SAN.VE TİC.LTD.ŞTİ.;FİRUZKÖY MAH. BAĞLARİÇİ CAD. NO: 66 /1 İÇ KAPI N 6;İSTANBUL;AVCILAR;(212) 4236386;;;İİB-HUBUBAT
EUROSWEET GIDA LIMITED SIRKETI;MAHMUTBEY MAH. TAŞOCAĞIYOLU CAD. NO:3B BLOK AĞAOĞLU MY OFFİCE IÇ KAPI NO: 487;İSTANBUL;BAĞCILAR;;;;İİB-HUBUBAT
AMN GROUP GIDA VE TEKNOLOJİ SAN DIŞ  TİC LTD ŞTİ;MAHMUTBEY MH TAŞOCAĞI YOLU CD AĞAOĞLU MY OFFICE B BLOK NO 3/387;İSTANBUL;BAĞCILAR;(212) 6300825;;;İİB-HUBUBAT
ARPAŞ ARIFOĞLU PAZ.DAĞ.VE TIC. A.Ş.;FİRÜZKÖY ESENYURT YOLU NO:32;İSTANBUL;AVCILAR;(212) 5936666;www.arifoglu.com;arifoglu.com;İİB-HUBUBAT
SOLGAR VITAMIN VE SAĞLIK ÜRÜNL SAN.VE TIC.A.Ş;LEVENT MH EBULULA MARDİN CD NO:45;İSTANBUL;BEŞİKTAŞ;(212) 2847137;www.solgar.com.tr;solgar.com.tr;İİB-HUBUBAT
EVROASYA İÇ VE DIŞ TİC. LTD. ŞTİ. ;ATATÜRK BULVARI EMLAK BANKASIEVLERI B BLK N:146 D:27 KAT:7;İSTANBUL;FATİH;02125201551;www.evroasya.com;evroasya.com;İİB-HUBUBAT
ZEYTURSAN GIDA SANAYİ VE TİCARET A.Ş.;GEMİÇ KÖYÜ;BURSA;ORHANGAZİ;(224) 5865201;www.berraktursulari.com.tr;berraktursulari.com.tr;İİB-HUBUBAT
İKRA ORGANİZASYON İTH.İHR. GIDA GAYRİMENKUL SAGLIK VE TURİZM LTD.ŞTİ;BARBAROS HAYRETTİN PAŞA MAH 1992 SOK VETRO CİTTYNO:16/189;İSTANBUL;ESENYURT;;;;İİB-HUBUBAT
CEMSE UNLU MAMÜLLERİ GIDA SAN. VE DIŞ TİC. LTD. ŞTİ.;AKÇABURGAZ MAH.153.SOK.N:13/1;İSTANBUL;ESENYURT;(212) 8868731;;;İİB-HUBUBAT
FATEKS DIŞ TİC. VE PAZ. LTD. ŞTİ.;RIHTIM C.REŞİTEFENDİ SK.SADIKOĞLU İŞ MERK.NO.29 K.3 D.12;İSTANBUL;KADIKÖY;(216) 3475016;;;İİB-HUBUBAT
ASYAM GLOBAL DIŞ TİCARET LİMİTED ŞİRKETİ;MERKEZ MAH. EYÜP SULTAN CAD. GÜLLÜOĞLU NO: 36İÇ KAPI NO: 1;İSTANBUL;KAĞITHANE;(212) 4526363;;;İİB-HUBUBAT
PALSGAARD GIDA SAN VE TİC..A.Ş;62.ADA GARDENYA PLAZA 3.KAT 14;İSTANBUL;KADIKÖY;(216) 4459201;;;İİB-HUBUBAT
KUĞU TURİZM TEK İNŞ GID SAN TİC LTD ŞTİ;DERE BOYU CAD HALKALI MERKEZ MAH NO 18 K 3ASERL İŞ MRK HALKALI ;İSTANBUL;KÜÇÜKÇEKMECE;(212) 5163554;;;İİB-HUBUBAT
ERİŞİM İTHALAT VE İNTERNET HİZ. TİC. LTD. ŞTİ. ;İSTOÇ 16.ADA  NO:38;İSTANBUL;BAĞCILAR;(212) 0000000;www.erisimithalat.com;erisimithalat.com;İİB-HUBUBAT
LİMAGRAİN TOHUM ISLAH VE ÜRETİM SAN.TİC.A.Ş.;BAYAR CAD.GÜLBAHAR SOK. PERDEMSAC PLAZANO:17/136 H:13;İSTANBUL;KADIKÖY;(216) 3614941;www.limagrain.com;limagrain.com;İİB-HUBUBAT
MERGEN GIDA SAN.VE DIş TıC.A.ş;AYAZAĞA MAHALLESİ AYAZAĞA CENDERE CADDESİ A-B BLOK NO:3 ;İSTANBUL;SARIYER;(212) 6372304;;;İİB-HUBUBAT
DONE FOOD GIDA SAN.VE TİC.A.Ş;ALEMDAĞ MAH. ŞAİR MEHMET AKİF ERSOY CAD. NO:2 İÇKAPI NO:1 HAVACILAR CAD. NO:31/1 ;İSTANBUL;ÇEKMEKÖY;(216) 5920900;;;İİB-HUBUBAT
YILDIZ LOKANTACILIK GAYRİMENKUL İTH.İHR.SAN.TİC.LTD.ŞTİ;HAZNEDAR MAH. POSTA CAD. NO:10C ;İSTANBUL;GÜNGÖREN;(212) 6547353;;;İİB-HUBUBAT
RYS CATERING GIDA PETROL ÜRÜNLERİ SAN.VE TİC.LTD.ŞTİ;İKİTELLİ OSB MAH.ATATÜRK BULV. MAHMUT TORUNİŞ MERKEZİ NO:54/7 İÇ KAPI NO:15;İSTANBUL;BAŞAKŞEHİR;(212) 6718267;www.arnikafood.com;arnikafood.com;İİB-HUBUBAT
USTALAR PASTA ÜRN.GIDA SAN.TIC .LTD.ŞTI.;FIRÜZKÖY M.BAĞLARIÇI CAD.NO:81;İSTANBUL;AVCILAR;(212) 4239595;;;İİB-HUBUBAT
PURE LIFE PETFOOD YEM SANAYİ İHRACAT VE İTHALAT LİMİTED ŞİRKETİ;KESTANELİK MAH. KESTANELİK CD.KENAN CAN 24 A;İSTANBUL;ÇATALCA;(212) 0000000;;;İİB-HUBUBAT
OCO GROUP GIDA ÜRÜNLERİ SAN.VE TİC.A.Ş.;ESENTEPE MAH.KIRGÜLÜ SOK. METROCİTY İŞ MERK.D BLOK NO:4 İÇ KAPI  NO:4 ;İSTANBUL;ŞİŞLİ;(212) 5159535;;;İİB-HUBUBAT
MARKALİSTE TEKSTİL GIDA DIŞ TİCARET LTD. ŞTİ.;YAKUPLU MAH.HÜRRİYET BULVARI SKYPORT REZİDANCE 1/156;İSTANBUL;BEYLİKDÜZÜ;(212) 8768330;;;İİB-HUBUBAT
DOĞAN BAHARATÇILIK VE KIMYEVI MAD.TIC.VE SAN.A.Ş.;ATATÜRK ORG. SANAYİ BÖLGESİ ALPERAY SK.NO:3;İSTANBUL;ARNAVUTKÖY;(212) 5138041;www.doganbaharat.com;doganbaharat.com;İİB-HUBUBAT
CİCO PASTACILIK MALZEMELERİ TİCARET LİMİTED ŞİRKETİ;HAMİDİYE MAH. YILDIZ SK. ÖZKAYA APT. NO/53-7;İSTANBUL;ÇEKMEKÖY;(216) 0000000;;;İİB-HUBUBAT
NAİM DIŞ TİCARET VE SANAYİ LİMİTED ŞİRKETİ;AYABAŞI MAH. ADNAN MENDERES BLV. B5 NO:5D / 64;İSTANBUL;BAŞAKŞEHİR;(212) 0000000;;;İİB-HUBUBAT
PUPA AGRO GIDA TARIM HAYVANCILIK SANAYİ VE TİCARET ANONİM ŞİRKETİ;KONAK MAH. BARIŞ(120) SK. OFIS ARTI NO:3 İÇ KAPI12;BURSA;NİLÜFER;(224) 0000000;;;İİB-HUBUBAT
ZEN ÇİKOLATA VE GIDA SAN.TIC. LTD.ŞTI;BOSB. BAKIR VE PİRİNÇ SANAYİ SİTESİ KOP.SARDUNYA CAD. NO:4;İSTANBUL;BEYLİKDÜZÜ;(212) 8791600;www.zengida.com;zengida.com;İİB-HUBUBAT
TAFE GIDA MADD.SAN.VE TİC.A.Ş;GEBZE PLASTİKÇİLER ORGANİZE SAN.BÖL. 12 SOK NO:6 ;KOCAELI;GEBZE;(262) 7513814;www.tafegida.com;tafegida.com;İİB-HUBUBAT
MEPLINE LOJISTIK HIZMETLERI LTD.STI;YAKUPLU MAH.HÜRRİYET BLV.SKYPORT NO:1/64;İSTANBUL;BEYLİKDÜZÜ;(212) 8757878;;;İİB-HUBUBAT
REKA BİTKİSEL YAĞLAR SAN. VE TİC. A.Ş.; BARBOROS MAH. AĞAOĞLU MY  PRASTİGENO:1/92;İSTANBUL;ATAŞEHİR;(216) 6871700;;;İİB-HUBUBAT
DEMKO DEMİRCİ KONSERVECİLİK A.Ş.;BÜYÜKDERE CAD.MEYDAN SK.PLAZASPRING K.12;İSTANBUL;SARIYER;(212) 2118767;www.demko.com.tr;demko.com.tr;İİB-HUBUBAT
TATLI ÇİKOLATA SAN.VE TİC.A.Ş;MEHMET AKİF MAH. SERAP SOK. BAHRİYE CAD. NO:50 KAT:3;İSTANBUL;KÜÇÜKÇEKMECE;(212) 4656525;www.bindchocalate.com;bindchocalate.com;İİB-HUBUBAT
MÜDAVİM KAHVE İÇ VE DIŞ TİCARET LİMİTED ŞİRKETİ;KAVACIK MAH. BALAMİR SK. NO: 12 İÇ KAPI NO: 1;İSTANBUL;BEYKOZ;(216) 0000000;;;İİB-HUBUBAT
DİNA TURİZM GIDA ELEKTRİK İÇ DIŞ TİC. LTD. ŞTİ.;KARAGÜMRÜK MAH.ADNAN MENDERES VATAN BULV.78/3;İSTANBUL;FATİH;(212) 6216190;;;İİB-HUBUBAT
İNTERKİM KİMYA MÜŞAV.VE TİC.LTD.ŞTİ.;HAKKI YETEN CAD.DOGU IS MERK.NO.17 K.10 D.21(FULYA ST.KAR.);İSTANBUL; ;02122969222;;;İİB-HUBUBAT
İMESTA FOOD LOJİSTİK DIŞ TİCARET LİMİTED ŞİRKETİ;CEVİZLİ MAHALLESİ MUSTAFA KEMAL CADDESİ HUKUKÇULAR TOWERS B BLOK NO:66/B/100;İSTANBUL;KARTAL;(216) 4560088;;;İİB-HUBUBAT
SOİL FOOD GIDA İTHALAT İHRACAT SANAYİ VE TİCARET LİMİTED ŞİRKETİ;PANAYIR MAHALLESİ İSTANBUL CADDESİ NO 387 İÇ KAPI ;BURSA;OSMANGAZİ;(224) 0000000;;;İİB-HUBUBAT
PLASTAY KİMYA SANAYİ VE TİCARET A.Ş.;ŞEYHLI SAN. CD. KIRAN SK. N:60;İSTANBUL;PENDİK;(216) 3781780;www.plastay.com;plastay.com;İİB-HUBUBAT
KOMAT İÇ VE DIŞ TİC.LTD.ŞTİ.;ORAN MH.ARİF NİHAT ASYA SK. 43-A;ANKARA;ÇANKAYA;(312) 4369302;;;İİB-HUBUBAT
FNC DIŞ TİC. GIDA TUR. MADEN METAL KİMYA SAN VE TİC. LTD. ŞTİ.;"TEKSTİLKENT CAD. KOZA PLAZA B BLOK KAT:89 NO:32 ORUÇREİS 34500 ESENLER, İSTANBUL, TÜRKİYE";İSTANBUL;ESENLER;(212) 8729304;www.fnctrade.com;fnctrade.com;İİB-HUBUBAT
TORTİLYUM GIDA SAN VE TİC.LTD.ŞTİ.;NAMIK KEMAL MAH PARK SOK  NO:12A;İSTANBUL;ÜMRANİYE;(216) 5211030;;;İİB-HUBUBAT
AKUN GIDA SAN. VE TIC.LTD.ŞTI.;SEMİZKUMLAR MAH. BAŞKUMANDAN MUSTAFA KEMAL CAD. NO:36SİLİVRİ PK:34570;İSTANBUL;SİLİVRİ;(212) 7116341;www.akunsa.com;akunsa.com;İİB-HUBUBAT
CE GURME RESTORAN SANAYİ VE TİCARET ANONİM ŞİRKETİ;RESITPASA MAH. KONGRE CAD. NO: 20 A ;İSTANBUL;SARIYER;(212) 5429265;;;İİB-HUBUBAT
HENA GIDA PAZARLAMA VE DIŞ TİC. LTD. ŞTİ.;FATİH SULTAN MEHMET MAH. POLİGON CAD. BUYAKA 2 SİT. 3. BLOK 8C 16 ÜMRANİYE;İSTANBUL;ÜMRANİYE;;www.henagida.com;henagida.com;İİB-HUBUBAT
İSA GÜMÜŞ  - ESKA DIŞ TİC;GÜZELYALI EGİTİM  MAH.AYYILDIZ SOK.NO:10   ;BURSA;MUDANYA;(224) 0000000;;;İİB-HUBUBAT
YAZAN ENDÜSTRİYEL GIDA DIŞ TİCARET LİMİTED ŞİRKETİ;KÜÇÜKÇEKMECE İKİTELLİ OSB MAHMARMARA I BLOK SK.I BLOK NO8;İSTANBUL;KÜÇÜKÇEKMECE;(212) 0000000;;;İİB-HUBUBAT
GÖZEN HAVACILIK VE TİC.A.Ş.;ÇOBANÇEŞME MH.SANAYİ CD.NO60/125;İSTANBUL;BAHÇELİEVLER;(212) 6621050;;;İİB-HUBUBAT
HASAN BASRİ GÜRSES  -  GÜRSES GIDA İTH.İHR.;İSTİKLAL MAH.ŞAİR NEDİM SOKAK NUMARA:41;İSTANBUL;ÜMRANİYE;(212) 5123003;;;İİB-HUBUBAT
Ketsan Grup Gıda san ve Tic Ltd. Şti;KITELLI OSB MAH MUTFAKCILAR SANAYI M12 BLOKNO.56;İSTANBUL;BAŞAKŞEHİR;(212) 3440244;;;İİB-HUBUBAT
HAKAN PEHLİVAN;35.SOKAK NO:19;İSTANBUL;BAYRAMPAŞA;(212) 4795620;;;İİB-HUBUBAT
AMERICAN FOODS LLC MERKEZİ AMERİKA İSTANBUL MERKEZ ŞUBESİ;YENİBOSNA MERKEZ MAH.CICI NO:41 IC  KAPI NO:Z2;İSTANBUL;BAHÇELİEVLER;(212) 5923200;;;İİB-HUBUBAT
GENÇAGA GIDA INSAAT SANAYI VE TICARET LIMITED SIRKETI;NİSPETİYE MAH. NİSPETİYE CAD.GÜREL APARTMANIA BLOK NO:38 C;İSTANBUL;BEŞİKTAŞ;(212) 0000000;;;İİB-HUBUBAT
MORE FOOD GIDA SANAYİ VE TİCARET LİMİTED ŞİRKETİ;İKİTELLİ OSB 25 CADDE NO 14/1;İSTANBUL;BAŞAKŞEHİR;(212) 4857676;;;İİB-HUBUBAT
MAS SEEDS  TOHUMCULUK TİC. LTD. ŞTİ.;MANSUROĞLU MAH. 286/1 SOK. NO:15İÇ KAPI NO:40;İZMİR;BAYRAKLI;(216) 4594343;www.maisadour-semences.fr;maisadour-semences.fr;İİB-HUBUBAT
RDG TEDARİK DANIŞMANLIK DIŞ TİC VE PAZ LTD ŞTİ;BARBAROS HAYRETTİN PAŞA MH 1992 SK VETRO CITY BLOK NO 16/109;İSTANBUL;ESENYURT;(212) 0000000;;;İİB-HUBUBAT
UNİTED GENETİCS TURKEY TOHUM FİDE A.Ş;TAŞDELEN  MAH.SIRRI ÇELİK BULVARI NO:7;İSTANBUL;ÇEKMEKÖY;(216) 4308040;;;İİB-HUBUBAT
SAL ANTREPO VE LOJİSTİK ANONİM ŞİRKETİ;KARACAİLYAS EVREN MAH. ATATÜRK BLV.UMAT NO:24;MERSIN;AKDENİZ;(324) 2214142;;;İİB-HUBUBAT
MAHİR GIDA SANAYI VE TIC.A.Ş.;ALİRIZA GÜRCAN CAD.  NO:12;İSTANBUL;GÜNGÖREN;(212) 4815461;;;İİB-HUBUBAT
ZOOPA VETERİNER ÜRÜNLERİ İLAÇ VE GIDA SANAYİ TİCARET LİMİTED ŞİRKETİ;İSTİKLAL MAH. 350 SOK. DEFNE EVLER NO:2 BA;SAKARYA;SERDİVAN;(264) 2110555;;;İİB-HUBUBAT
TÜMA GIDA SAN.VE TİC.LTD.ŞTİ;VELİKÖY OSB MAH. 9. CAD. NO: 2 / 1;TEKIRDAĞ;ÇERKEZKÖY;(282) 5029670;www.tumagida.com;tumagida.com;İİB-HUBUBAT
TAYPA GIDA SANAYİ VE TİCARET A.Ş.;GEBZE ORGANİZE SANAYİ BÖLGESİ İHSAN DEDE CADDESİ NO:122/1;KOCAELI;GEBZE;(262) 6465713;;;İİB-HUBUBAT
GREEN WOOD GIDA LİMİTED ŞİRKETİ;100. YIL MAH. 2140. SK. NO: 8A;İSTANBUL;BAĞCILAR;(212) 2976967;;;İİB-HUBUBAT
TML İNŞAAT ANONİM ŞİRKETİ;ÇAVUŞBAŞI CAD. NO:33;İSTANBUL;BEYKOZ;216-4133339;;;İİB-HUBUBAT
ESEN BAKLİYAT GIDA MADDELERİ SANAYİ TİCARET LİMİTED ŞİRKETİ;KOCATEPE MAH.GÜMRÜK İSKELESİ CAD.MEGA CENTERNO.89/525;İSTANBUL;BAYRAMPAŞA;(212) 5816438;https://www.esenbakliyat.com.tr/;esenbakliyat.com.tr;İİB-HUBUBAT
POLEN UN VE GIDA KATKI MAD. SAN.VE TIC.A.Ş.;MARMARA SAN SIT. E BLOK NO:98-99-100;İSTANBUL;KÜÇÜKÇEKMECE;02124720420;www.polengida.com;polengida.com;İİB-HUBUBAT
ES TIC.ITH.IHR.VE SAN.LTD.ŞTI.;TİLKİDERE MEVKİİ OSMANLI KÖYÜ;EDIRNE;HAVSA;(284) 3361800;ozturklarun.com;ozturklarun.com;İİB-HUBUBAT
PASTALY GIDA SANAYİ TİCARET LİMİTED ŞİRKETİ;BARBAROS MAH. SARKAÇ SK. AGAOGLU MYPRESTIGENO: 1 İÇ KAPI NO: 79;İSTANBUL;ATAŞEHİR;(216) 4091890;;;İİB-HUBUBAT
BAKIRKAZAN ŞEKERLEME SANAYİ VE TİC LTD ŞTİ.;YENİBOSNA MERKEZ MAH.ATATÜRK CAD. NO:47 A;İSTANBUL;BAHÇELİEVLER;(212) 6302326;www.bakırkazan.com;xn--bakrkazan-xpb.com;İİB-HUBUBAT
YÖRÜKOĞULLARI GIDA SAN.VE TIC. A.Ş.;A.ZAF MAHALLESİ ENEZ CADDESİ NO:27 KEŞAN;EDIRNE;KEŞAN;(284) 7147500;www.yorukogullari.com.tr;yorukogullari.com.tr;İİB-HUBUBAT
HİLAL SERACILIK DIŞ TİC.A.Ş;KEMALPAŞA MAH.GENÇTÜRK CAD. GENÇTÜRK PASAJI NO:50 İÇ KAPI NO:68;İSTANBUL;FATİH;(212) 5203034;;;İİB-HUBUBAT
REALTEKS TEKSTİL DENİM İŞLETMELERİ AŞ;MEHMET NAFIZ GÜRMAN MAH.KASIMSOK.NO:18;İSTANBUL; ;(212) 5567673;;;İİB-HUBUBAT
MALKARA GIDA VE UN SAN.A.Ş;CAMİATİK MAH. KATIROĞLU MEVKİİ LONDRA ASFALTI ÜZERİ NO:12 ;TEKIRDAĞ;MALKARA;(282) 4271711;;;İİB-HUBUBAT
GLOBAL NUTRITECH BİYOTEKNOLOJİ GIDA TARIM HAYVAN.VE KİMYASAL ÜRÜN. SAN.DIŞ.TİC.LTD.ŞTİ;ORHAN MAH AHMET ALİ CAD.NO:28KANDIRA;KOCAELI;KANDIRA;(262) 5515868;www.globalnutritech.com;globalnutritech.com;İİB-HUBUBAT
EREN GIDA MADDELERI TUR.SAN.VE  TIC.LTD.ŞTI.;CEVİZLİ MAH. FİL YOKUŞU SOKAĞI NO:42/44 ;İSTANBUL;MALTEPE;(216) 4411082;;;İİB-HUBUBAT
LENEAS DIS TICARET LIMITED SIRKETI;MERKEZ MAH. ABIDE-I HÜRRIYET CAD. SIBEL APT NO: 16;İSTANBUL;ŞİŞLİ;(212) 0000000;;;İİB-HUBUBAT
BIO ART MEDIKAL SAĞ.HIZM.PAZ. VE TIC. A.Ş;ALTUNİZADE MAH. GENCAY SOK NO:534662;İSTANBUL;ÜSKÜDAR;(216) 5452267;www.bioartmed.com;bioartmed.com;İİB-HUBUBAT
YAR İÇ VE DIŞ TİCARET. LTD.ŞTI.;IKITELLI KERESTECILER SITESI27.BLOK NO:17;İSTANBUL;BAŞAKŞEHİR;(212) 6702878;;;İİB-HUBUBAT
DEMAR HİPERMARKET SAN.VE DIŞ TİC.LTD.ŞTİ.;KAĞITHANE MERKEZ MAH.KEMERBURGAZ CAD. TATLIPINAR SOKAK NUMARA:4;İSTANBUL;KAĞITHANE;(212) 2940302;;;İİB-HUBUBAT
MUZAFFER GÜRBÜZ - TİSAN BİTKİ ÇAYLARI;ATATÜRK MH BAĞ SK NO 19/1;İSTANBUL;ÜMRANİYE;(216) 4129974;;;İİB-HUBUBAT
ARMİ FOOD GLOBAL GIDA DIŞ TİCARET LİMİTED ŞİRKETİ ;AŞIK VEYSEL MAH.SÜLEYMAN DEMİREL CAD.PARKVAY AVMBLOK NO:36 İÇ KAPI:3;İSTANBUL;ESENYURT;0(212) 5484807;;;İİB-HUBUBAT
ELİT PHARMA KOZMETİK VE İLAÇ SAN. TİC. LTD. ŞTİ.;YILDIRIM MAH.MİLLET CAD.NO:124/A;İSTANBUL;BAYRAMPAŞA;;www.elitometics.com;elitometics.com;İİB-HUBUBAT
ROTEL IÇ VE DIŞ TICARET A.Ş.;SÜMBÜL SOK.NO.57;İSTANBUL;BEŞİKTAŞ;(212) 2795878;;;İİB-HUBUBAT
ZAFER GLOBAL GIDA SAN DIŞ TİC LTD ŞTİ;MAHMUTBEY MH 2414 SK YT NO 5/73;İSTANBUL;BAĞCILAR;(212) 0000000;www.zaferglobal.com.tr;zaferglobal.com.tr;İİB-HUBUBAT
FOOD COUNTRY İÇ VE DIŞ LTD.ŞTİ;İNCİLİPINAR MAHALLESİ ŞEHİT YUSUF ERİN CAD. ÇAYIRLI İŞ MERKEZİ B BLOK NO:8 KAT:4/13 ŞEHİTKAMİL ;GAZIANTEP;BAYRAMPAŞA;(342) 2304555;;;İİB-HUBUBAT
NİBAL PASTANE VE BAKLAVA SANAYİ İTHALAT İHRACATİ LİMİTED ŞİR;BAĞLARÇEŞMEMAH.BAĞLARÇEŞME CAD.NO 25/2;İSTANBUL;ESENYURT;(216) 4454814;;;İİB-HUBUBAT
SPECİAL GRUP GIDA TİC.LTD.ŞTİ;AKEVLER MAH. 1051 SOK FAMİLYA A BLOK NO:15/21B;İSTANBUL;ESENYURT;(212) 0000000;;;İİB-HUBUBAT
QUAD GIDA DIŞ TİCARET TİC. LTD. ŞTİ.;KÜÇÜKBAKKALKÖY MAH. ALİ AY SOK. NO:17İÇ KAPI NO:1;İSTANBUL;ATAŞEHİR;(216) 0000000;www.quadexport.com;quadexport.com;İİB-HUBUBAT
OSES GRUP GIDA SAN.VE TİC.LTD ŞTİ.;KARAYOLLARI MAH. 568 SK.NO:14/1 ;İSTANBUL;GAZİOSMANPAŞA;(212) 4445002;www.osescigkofte.com;osescigkofte.com;İİB-HUBUBAT
MOSO GIDA SANAYI VE TICARET LIMITED SIRKETI;SİNAN OBA MAH. HAYIRLI SOK . NO:1A/24;İSTANBUL;BÜYÜKÇEKMECE;(212) 0000000;;;İİB-HUBUBAT
ALTUN GIDA İHTİYAÇ TÜKETİM MADDELERİ İNŞ.SAN.VE TİC A.Ş;ZAFER MAH. TONGUÇ BABA CAD. NO:67 ;İSTANBUL;ESENYURT;(212) 4443737;www.happy.com.tr;happy.com.tr;İİB-HUBUBAT
AL OFSET AMBALAJ SAN. VE TİC. A.Ş.;AKÇABURGAZ MAH.3073. SOK.NO:4/2 ;İSTANBUL;ESENYURT;(212) 7099031;www.alofset.com.tr;alofset.com.tr;İİB-HUBUBAT
SERENGETİ TURİZM DIŞ TİC. LTD. ŞTİ.;KATİP KAZIM MH. GÜVENLİK CD. EMİN İŞ MRKZ. NO:27/5  YENİKAPI;İSTANBUL;FATİH;(212) 5179236;;;İİB-HUBUBAT
BRIT PHARMA İÇ VE DIŞ TİCARET LİMİTED ŞİRKETİ;MECİDİYEKÖY MAH.MUSA DAYI SK.ÇAMLICA İŞ MERKEZI NO3/11;İSTANBUL;ŞİŞLİ;(212) 2722001;;;İİB-HUBUBAT
PİRAMİDE İNŞ.MOBTURZ.TEKS.SAN.VE TİC.LTD.ŞTİ;CUMHURİYET MAH. ÇAĞDAŞ CAD. NO:40/A;İSTANBUL;ÇEKMEKÖY;(216) 4160416;;;İİB-HUBUBAT
7S GIDA OTOMOTİV KARGO VE DIŞ TİC. LTD. ŞTİ.;İÇERENKÖY MAH.TOPÇU İBRAHİM SOK. QUICK TOWERSİTESİ NO:8-10D;İSTANBUL;ATAŞEHİR;(242) 3467744;;;İİB-HUBUBAT
ARMA GRUP GIDA SAN. VE TİC. A. Ş.;ŞEHİT PİYADE ER YAVUZ BAHAR SK. NO: 4/3 D: 8;İSTANBUL;AVCILAR;(212) 4211400;www.armagrupgida.com.tr;armagrupgida.com.tr;İİB-HUBUBAT
BARILLA GIDA A.Ş.;BARBAROS MAH.MOR SÜMBÜL SOK.NİDAKULE BLOK NO:7/3 İÇ KAPI:88 YENİSAHRA 3474;İSTANBUL;ATAŞEHİR;(216) 4698585;www.barillagida.com.tr;barillagida.com.tr;İİB-HUBUBAT
ALTUNTAŞ BACKWAREN GMBH GIDA İTH. VE İHR. LTD.ŞTİ;KARAOSMAN MAH. ULUS CAD. NO:71 ;SAKARYA;ADAPAZARI;(264) 0000000;;;İİB-HUBUBAT
TAMU MAKİNA TASARIM MÜHENDİSLİK PLAST.KALIP METAL YEDEK PARÇA GIDA SAN. VE TİC.A.Ş ;KÜÇÜKBAKKALKÖY MH MERDİVENKÖY YOLU CD NO 4/2;İSTANBUL;ATAŞEHİR;(216) 0000000;www.locutique.com;locutique.com;İİB-HUBUBAT
ZİRVE ÇİKOLATA GIDA SAN.TİC.A.Ş.;ADİL MAH.VANİKÖY SOKAK NUMARA:6/17 MİMARSİNAN 34935 ;İSTANBUL;SULTANBEYLİ;(216) 5920015;;;İİB-HUBUBAT
MAPEKS GIDA VE SANAYİ MAMULLERİ İHRACAT VE TİCARET ANONİM ŞİRKETİ;1139 SOK. N:2 YENIŞEHIR;İZMİR;ÇİĞLİ;212-2344135-234;;;İİB-HUBUBAT
DEDE İÇ VE DIŞ TİC.LTD.ŞTİ;ADNAN KAHVECİ MAH. YAVUZ SULTAN SELİM BLV 10/20 ;İSTANBUL;BEYLİKDÜZÜ;(212) 5034545;;;İİB-HUBUBAT
HUİLERİE MEZİANA BİTKİSEL YAĞ ÜRETİM SANAYİ İTHALAT İHRACAT TİCARET ANONİM ŞİRKETİ;TAYAKADIN MAH. KÖYİÇİ CAD. NO:36/1;İSTANBUL;ARNAVUTKÖY;(212) 2434646;;;İİB-HUBUBAT
LUCAS INGREDIENTS GIDA SAN VE TİC A.Ş.;SUADİYE MH. BAĞDAD CD. NO:399/1 K:1 D:1;İSTANBUL;KADIKÖY;(216) 7093850;;;İİB-HUBUBAT
ARSLANLAR TEKS. VE İNŞ. SAN. DIŞ TİC. LTD. ŞTİ. ;MİTHATPAŞA CD. YALÇIN İŞ MRK. NO:38/5;İSTANBUL;FATİH;;;;İİB-HUBUBAT
ASPAR İLAÇ KOZMETİK GIDA SANAYİ ANONİM ŞİRKETİ;YAKUPLU MAH. DEREBOYU CAD. NO :4 ;İSTANBUL;BEYLİKDÜZÜ;(212) 0000000;;;İİB-HUBUBAT
USER  GIDA VE TÜKETİM  MALLARI  SAN. VE  TİC. LTD.ŞTİ;KARADENİZ  MAH. ERTUĞRULGAZİ  CAD. NO:12/AGAZİOSMANPAŞA;İSTANBUL;GAZİOSMANPAŞA;(212) 4796232;www.usergida.com.tr;usergida.com.tr;İİB-HUBUBAT
FURKANZADE LOKUM ŞEKERLEME VE DIŞ TİC.LTD.ŞTİ.;KOCATEPE MAH.19.SK. İNCE APT.BLOK NO:15B;İSTANBUL;BAYRAMPAŞA;(212) 4373447;;;İİB-HUBUBAT
BAYRAK GIDA AROMA VE GIDA KAT. MAD. SAN.VE TIC.LTD.ŞTI.;KARAYOLARI M. 644. S.NO:36;İSTANBUL;GAZİOSMANPAŞA;(212) 5387382;;;İİB-HUBUBAT
PROTON GIDA DIS TICARET LIMITED SIRKETI;GÜNGÖREN MAH. PELİT SOK. NO:13B İÇ KAPI:31 GÜNGÖREN 34164;İSTANBUL;GÜNGÖREN;(216) 0000000;;;İİB-HUBUBAT
ASLAN OBA YA TIRIM GIDA SA NA Y İ VE TİCA RET A NONİM ŞİRKETİ; LEVA ZIM MH. KORU SOK.ZORLUCENTER  NO:2 NO:D LOBİ T2   O FİSNO:246    ;İSTANBUL;BEŞİKTAŞ;(212) 8030054;;;İİB-HUBUBAT
TURKZA DIŞ TİC.A.Ş;ATAKENT MAH. 221. SOK. ROTA OFFİCE SİTESİ ABLOK NO:3/1 İC KAPİ NO 17;İSTANBUL;KÜÇÜKÇEKMECE;(212) 6892222;www.turkza.com.tr;turkza.com.tr;İİB-HUBUBAT
SPECTRA LİNE YAPI İNŞAAT LOJİSTİK TİCARET LİMİTED ŞİRKETİ;YAKUPLU MAH.63. SOK. EVAL NO:19 İÇ KAPI:9;İSTANBUL;BEYLİKDÜZÜ;(212) 0000000;;;İİB-HUBUBAT
GGK GIDA YİYECEK VE İÇECEK ÜRÜNLERİ İŞL AŞ;BEBEK MH MANOLYA SK NO 30;İSTANBUL;BEŞİKTAŞ;(212) 2654866;www.humm.com.tr;humm.com.tr;İİB-HUBUBAT
HEKİM GLOBAL İLAÇ SANAYİ ANONİM ŞİRKETİ;BATTALGAZİ MAH. MERYEMANA SK. AYTOP F BLOK NO: 1 F24 NO:1;İSTANBUL;SULTANBEYLİ;(216) 6400201;;;İİB-HUBUBAT
MİLAT ÇİKOLATA ŞEKERLEME SAN.VE TİC.LTD.ŞTİ.;YENİBOSNA MERKEZ MAH.KAVAK SOK.NO:28/B;İSTANBUL;BAHÇELİEVLER;(212) 4338022;;;İİB-HUBUBAT
BOOST COFFEE COMPANY GIDA LİMİTED ŞİRKETİ;ESENEVLER MAHALLESİ KEBAN SOKAK NO: 9 D: 10;İSTANBUL;ÜMRANİYE;(216) 0000000;;;İİB-HUBUBAT
AEGEAN FOOD TURİZM DIŞ TİC. LTD. ŞTİ.;AYDINLI YOLU CAD.ERYETİŞ SİTESİ APT.NO:31/17;İSTANBUL;PENDİK;(216) 0000000;;;İİB-HUBUBAT
PİRAMİT TOPLU TÜKETİM ÜRÜNLERİ İTH. VE İHR. LTD. ŞTİ.;YEMİŞ MEYDANI SOK. C29 BLOK NO:44/269;İSTANBUL;BAYRAMPAŞA;(212) 4372120;;;İİB-HUBUBAT
HS DOĞAL ÜRÜNLER GIDA SAN. TİC.LTD.ŞTİ.;SÜMER MAH. MERV CAD. NO:98/B;İSTANBUL;ZEYTİNBURNU;(212) 0000000;;;İİB-HUBUBAT
SVN DIŞ TİCARET VE TURİZIM LİMİTED ŞİRKET;YEŞILCE MAH. BAĞIŞ SOK. NO:15A;İSTANBUL;KAĞITHANE;(212) 3222811;;;İİB-HUBUBAT
SUNDOS GROUP LOJİSTİK VE DIŞ TİC.LTD.ŞTİ.;KEMALPAŞA MAH.AĞA YOKUŞU SK.NO:19/202;İSTANBUL;FATİH;(212) 0000000;;;İİB-HUBUBAT
BAKER CRAFTS GIDA TİC.LTD.ŞTİ.;HÜRRİYET MAH. MENEKŞE.2. CADDE KARADENİZ.NO:44 İÇ KAPI NO:A;İSTANBUL;BÜYÜKÇEKMECE;(212) 8730873;;;İİB-HUBUBAT
ALOE DIŞ TİCARET ANONİM ŞİRKETİ;TOMTOM MAH. İSTİKLAL CAD. BEYOĞLU IŞ MERKEZI NO: 187 İÇ KAPI NO: 4 ;İSTANBUL;BEYOĞLU;(212) 0000000;;;İİB-HUBUBAT
HİSAR DAĞITIM GIDA PAZARLAMA A.Ş.;MARMARA MAH.107.SKNO:15 İÇ KAPI NO:6;İSTANBUL;BEYLİKDÜZÜ;(212) 9160000;;;İİB-HUBUBAT
KUBBE GRUP GIDA SAN.VE DIŞ TİC.A.Ş.;KOCATEPE MAH.KURU GIDA SİTESİ C BLOK NUMARA:33/9;İSTANBUL;BAYRAMPAŞA;(212) 4372054;;;İİB-HUBUBAT
BANDIRMA HAS UN FABRİKASI LTD.ŞTİ.;BALIKESİR KARAYOLU 6.KM PK:141;BALIKESIR;BANDIRMA;(216) 7338582;www.toruun.com.tr;toruun.com.tr;İİB-HUBUBAT
EMOR ELEKTRONİK HİZMETLER İTH İHR PAZ SAN VE TİC LTD ŞTİ;CEVİZLİ MH ZUHAL CD A3 BLOK NO 46 CRİTM İSTANBUL D 107;İSTANBUL;MALTEPE;;;;İİB-HUBUBAT
EASYVİT SAĞLIK ÜRÜNLERİ SANAYİ ANONİM ŞİRKETİ;DUDULLU OSB MAH. 1 CAD. NO: 30 İÇ KAPI NO: 2;İSTANBUL;ÜMRANİYE;(216) 5401281;;;İİB-HUBUBAT
B R2 GIDA İNŞAAT SANAYİ TİCARET A.Ş;KÜÇÜKBAKKALKÖY MAH. KÜÇÜK SETLİ SK. DENGE PANORAMANO: 5-9 İÇ KAPI NO: 47 A;İSTANBUL;ATAŞEHİR;(216) 0000000;;;İİB-HUBUBAT
JADAWA PET EVCIL HAYVAN ÜRÜNLERI LTD. ŞTİ.;ÖRNEK MAH. ERCÜMENT BATANAY SK. DUMANKAYA IKON A1 BLOK NO: 14 A IÇ KAPI NO: 86;İSTANBUL;ATAŞEHİR;(212) 4650333;;;İİB-HUBUBAT
İNVESTMENT PROJECT GAYRİMENKUL DANIŞMANLIK AŞ.;KOCA MUSTAFAPAŞA MAH.NARLIKAPI CAD.NO:30/1;İSTANBUL;FATİH;(212) 0000000;http://abyss.com.tr;abyss.com.tr;İİB-HUBUBAT
KUTLU ÇİKOLATA ŞEKERLEME SAN.TİC.LTD.ŞTİ.;YAKUPLU MAH.BEYSAN SANAYİ SİTESİ DEREBOYU CAD. ÖZEN İŞ HANI.NO:8 K:1 HARAMİDERE;İSTANBUL;BEYLİKDÜZÜ;(212) 8758758;www.kutlucikolata.com.tr;kutlucikolata.com.tr;İİB-HUBUBAT
GAZIOĞLU ÜÇLER PASTAVE TATLI. SAN. GIDA INŞ. LTD. ŞTI.;UĞUR MUMCU MAH. 2271 SOK. NO:14;İSTANBUL;SULTANGAZİ;(212) 6687287;http://www.gazioglucler.com/;gazioglucler.com;İİB-HUBUBAT
ISTANBUL TARIM ÜR.VE GIDA SAN. TIC.LTD.ŞTI.;İSTOÇ 22 ADA NO:52;İSTANBUL;BAĞCILAR;(212) 6595333;;;İİB-HUBUBAT
UFUK KIMYA ILAÇ SANAYI VE TICARET ANONIM SIRKETI; İMES SAN SİT CBLOK 311 SOK NO:26 ;İSTANBUL;ÜMRANİYE;;;;İİB-HUBUBAT
SOHO ROYAL PET BAKIM ÜRÜNLERİ TİCARET LİMİTED ŞİRKETİ;AYDINLI - BİRLİK OSB MAH. NO: 4 İÇ KAPI NO: 2 TUZL;İSTANBUL;TUZLA;(216) 0000000;;;İİB-HUBUBAT
LIMAG TRD İÇ VE DIŞ TİC.LTD.ŞTİ.;ANADOLU MAHALLESİ TAŞKIRAN SOKAK NO:3-5A;İSTANBUL;ARNAVUTKÖY;(212) 0000000;;;İİB-HUBUBAT
OLM LOJİSTİK İTH. İHR. SAN. VE TİC. LTD. ŞTİ.;BARAKFAKIH MAH. 18.CADDE NO:3 Z3Z4;BURSA;KESTEL;(224) 5730607;www.tamirafoods.com;tamirafoods.com;İİB-HUBUBAT
TATSELİ TATLICILIK SAN. TİC. A.Ş.;İKİTELLİ ORG. SAN. BÖL. HESKOOP J BLOKSOK NO:2;İSTANBUL;BAŞAKŞEHİR;(212) 8010330;www.tatseli.com.tr;tatseli.com.tr;İİB-HUBUBAT
GOLD UNIVERSAL ITHALAT IHRACAT VE TIC. LTD. ŞTI.;CUMHURİYET YENİBOSNA MERKEZ MAH. 29.EKİM CAD. NO:3/A DEPOL ;İSTANBUL;BAHÇELİEVLER;(212) 4382853;;;İİB-HUBUBAT
AS AY YAPI VE DIŞ TİC.LTD.ŞTİ;ORTA MAH.FETİH SOK.NO:4/3;İSTANBUL;BAYRAMPAŞA;(212) 5672567; www.asayexport.com ;asayexport.com;İİB-HUBUBAT
VCB GIDA RESTORAN SANAYİ VE TİCARET LİMİTED ŞİRKETİ;ADNAN MENDERES MAHALLESİ RAHMİ ÜSTEL CAD. NO:32 A;YALOVA;MERKEZ;(226) 0000000;;;İİB-HUBUBAT
SOYLU ÖRME KUMAŞÇILIK AŞ;FATİH CD.SEDİR SK.KÜÇÜKDEVERİİŞHANI K.1;İSTANBUL; ;(212) 6376168;www.soylutekstilorme.com.tr;soylutekstilorme.com.tr;İİB-HUBUBAT
ÖZGELİŞİM İTHALAT İHRACAT VE NAKLİYAT TİCARET LTD.ŞTİ.;HÜRRİYET MAH. AHMET YESEVİ CAD.NO:44/7;İSTANBUL;BAHÇELİEVLER;(212) 6549833;;;İİB-HUBUBAT
FERUN UN TEKNOLOJİLERİ GIDA SAN VE TİC LTD ŞTİ;KARTEPE SANAYİİ SİT C 77 ;KOCAELI;KARTEPE;(262) 3734511;www.ferun.com.tr;ferun.com.tr;İİB-HUBUBAT
OILIVA GIDA SANAYİ VE DIŞ TİCARET LİMİTED ŞİRKETİ;ELMALI MAH. KİRAZLIYAYLA CAD. NO: 151;İSTANBUL;BEYKOZ;(216) 4855010;http://www.oi?li?va.com.tr;oi;İİB-HUBUBAT
SANCRISPINO GIDA TURIZM HIZMET SANAYI VE TICARET ANONIM SIRKETI;CAFERAĞA MAH GENERAL ASIM GÜNDÜZ CAD.GÜNLER APT.NO60B;İSTANBUL;KADIKÖY;(216) 3484818;;;İİB-HUBUBAT
GEREDE JELATİN SA.TİC.A.Ş;GEBZE OSB İHSANDEDE CD NO 122/1;KOCAELI;GEBZE;(262) 6465713;;;İİB-HUBUBAT
AVRUPA YAKASI YUFKA GIDA UNLU MAMÜLLERİ PAZ. İNŞ. SAN. VE TİC. LTD. ŞTİ.;MEHMET AKİF ERSOY MAH. YOĞURTÇU SK. NO: 13A;İSTANBUL;ARNAVUTKÖY;(212) 5521515;;;İİB-HUBUBAT
EREKS IHR. ITH. VE TIC. A.Ş.;BAĞDAT CAD. KÜÇÜAĞA SK. IFFETAPT. NO:2/1 D:3.ŞAŞKINBAKKAL MEVKİİ;İSTANBUL;KADIKÖY;(216) 3639500;www.ereks.com.tr;ereks.com.tr;İİB-HUBUBAT
PATÜŞA GIDA İML. SAN VE TİC.LTD.ŞTİ;BATTALGAZİ MAH. GECESEFASI SOK NO:2J ;İSTANBUL;SULTANBEYLİ;(216) 5924657;;;İİB-HUBUBAT
SEYHAN LOJİSTİK DIŞ TİC .LTD.ŞTİ.;KAYABAŞI MAH.VEYSEL KARANİ CAD.PARK MAVERA 3 D:2NO:7 E 27 ;İSTANBUL;BAŞAKŞEHİR;(212) 0000000;;;İİB-HUBUBAT
MİRFARMA İLAÇ SANAYİ VE TİCARET ANONİM ŞİRKETİ;İKİTELLİ OSB MAH.ATATÜRK BUL. NO:48/42;İSTANBUL;BAŞAKŞEHİR;(212) 9051927;https://www.mirfarma.com.tr/contact/;mirfarma.com.tr;İİB-HUBUBAT
EFE CO GIDA İNŞAAT ENERJİ SANAYİ VE TİCARET LİMİTED ŞİRKETİ;KOZA MAH.1655 SOK.NO:6/216;İSTANBUL;ESENYURT;(212) 0000000;;;İİB-HUBUBAT
FULL HOUSE DIŞ TİC.LTD.ŞTİ;ATAKENT MAH. 241 SOK DUMANKAYA KONSEP HALKALI A-BLOK NO:5 A/134;İSTANBUL;KÜÇÜKÇEKMECE;;;;İİB-HUBUBAT
MYR BACKWAREN FIRIN ÜRÜNLERİ SANAYİ VE TİCARET LİMİTED ŞİRKETİ;CUMHURİYET MAH. YAVUZ SULTAN SELİM CAD. NO: 4 -B;KOCAELI;GEBZE;(262) 0000000;;;İİB-HUBUBAT
USLU GIDA SAN.VE TIC.LTD.ŞTI.;VATAN MAH .ESENLER  CAD.SEYMEN SOKNO:1;İSTANBUL;BAYRAMPAŞA;(212) 5676102;;;İİB-HUBUBAT
ERDAĞ GIDA VE OTOMOTİV SAN.TİC.LTD.ŞTİ.;MAHMUTBEY MAH.KÖPRÜ CAD.NO:28;İSTANBUL;BAYRAMPAŞA;(212) 0000000;;;İİB-HUBUBAT
SILAGÖK GIDA TEKSTİL İNŞAAT LİMİTED ŞİRKETİ;PINARTEPE MAH. YAVUZ SULTAN SELİM BLV. HILAL KONAKLARI B4 34 E 5;İSTANBUL;BÜYÜKÇEKMECE;(212) 0000000;;;İİB-HUBUBAT
ABYSS DIŞ TİCARET SANAYİ İNŞAAT VE LOJİSTİK LİMİTED ŞİRKETİ;LALEZAR SK. İGTOT İSTANBUL GIDA TOPTANCILAR ÇARŞISI 2B BLOK NO: 4D İÇ KAPI NO: Z22 ŞAHİNTEPE;İSTANBUL;BAŞAKŞEHİR;(212) 5891886;http://abyss.com.tr;abyss.com.tr;İİB-HUBUBAT
HARNEK TARIM İŞLETMELERİ İÇ VE DIŞ TİCARET LİMİTED ŞİRKETİ;YENİDOĞAN MAH. FERHATPAŞA CAD. NO:14 İÇ KAPI NO:43;İSTANBUL;BAYRAMPAŞA;(212) 5017676;;;İİB-HUBUBAT
6MD TÜKETİM ÜRÜNLERİ SANAYİ VE TİCARET LİMİTED ŞİRKETİ;CEVİZLİ MAH. ZUHAL CAD. RİTİM İSTANBUL A5 BLOK NO:179 ;İSTANBUL;MALTEPE;(216) 6065643;;;İİB-HUBUBAT
DRAJE GIDA VE ŞEKERLEME SAN.VE TİC.LTD.ŞTİ;"ŞEKERPINAR, TURGUT ÖZAL CAD. NO: 123 ÇAYIROVA, GEBZE/KOCAELİ";KOCAELI;GEBZE;(262) 6582847;www.drajegida.com;drajegida.com;İİB-HUBUBAT
EVCİN İTHALAT İHRACAT PAZARLA. VE İNŞ.TAAH.TİCARET LTD.ŞTİ.;KONAK SOK.5/1;YALOVA; ;;;;İİB-HUBUBAT
MUSTAFA CUMAOĞLU;İHSANİYE MAH.SÜMBÜL SOKAK ÖZER APT. B BLOK NUMARA:6 ZEMİN KAT KAPI NUMARASI:10;BURSA;NİLÜFER;(224) 2472222;;;İİB-HUBUBAT
FULL SUPPLEMENT SAĞLIK ÜRÜNLERİ SANAYİ VE TİCARET A.Ş.;MEHMET AKİF MAH.1.OĞUZ SOK.NO:3;İSTANBUL;KÜÇÜKÇEKMECE;(216) 0000000;;;İİB-HUBUBAT
AGRANA FRUIT ISTANBUL GIDA SAN VE TIC. A.Ş.;KORE SEHITLERI C.DENIZ ISHANINO.34/5;İSTANBUL;ŞİŞLİ;02123476000;www.agrana.com.tr;agrana.com.tr;İİB-HUBUBAT
TANCEPA TARIM ÜRÜNLERİ TOHUMCULUK GÜBRE ZİRAİ İLAÇ SAN. VE DIŞ TİC. LTD. ŞTİ.;ÇEPNİ MAH. ;BALIKESIR;BANDIRMA;(266) 7132870;www.tancepa.com;tancepa.com;İİB-HUBUBAT
YH DIŞ TİCARET VE LOJİSTİK LİMİTED ŞİRKETİ;KUSTEPE MAH. MECIDIYEKÖY YOLU CAD. TRUMP TOWER NO: NO: 12 IÇ KAPI NO: 221;İSTANBUL;ŞİŞLİ;(212) 0000000;;;İİB-HUBUBAT
KAFFESA GIDA SAN. VE DIŞ TİC. A.Ş.;BALMUMCU MAH. BARBAROS BULV. IBA BLOKLARINO:34A ;İSTANBUL;BEŞİKTAŞ;(212) 5490334;;;İİB-HUBUBAT
VEZİRHAN GIDA MAD SAN VE TİC LTD ŞTİ;İKİTELLİ OSB TRİKO DOKUMACILAR S3 BLOK NO 176;İSTANBUL;BAŞAKŞEHİR;;;;İİB-HUBUBAT
BEYDA GIDA ÜRÜNLERİ SAN. VE TİC.A.Ş.;KAVAKLI MAH. İSTANBUL CAD. NO:15 ;İSTANBUL;BEYLİKDÜZÜ;(212) 8558300;;;İİB-HUBUBAT
2A AKÜZÜM OTOMOTİV A.Ş.;FULYA MAH.ÖZTÜRK SK. T.M.T İŞ MERKEZİ NO:8İÇ KAPI NO:4 ;İSTANBUL;ŞİŞLİ;(212) 0000000;;;İİB-HUBUBAT
TRUVA IMPEX GIDA VE DIŞ TİCARET LİMİTED ŞİRKETİ;CAMİ MAH. BERRİN SK. ALEMDAR SİTESİC-BLOK NO: 3 İÇ KAPI NO: 6;KOCAELI;DARICA;(216) 5492525;;;İİB-HUBUBAT
BLACK DIAMOND LOJİSTİK VE DIŞ TİCARET LİMİTED ŞİRKETİ;19 MAYIS MAH. ETFAL HASTANESİ SK. KENT APT NO : 2 ;İSTANBUL;ŞİŞLİ;(212) 0000000;;;İİB-HUBUBAT
TATMAX GIDA SANAYİ VE TİCARET LİMİTED ŞİRKETİ;MARMARA MAH. HÜRRİYET BUL. - SİTESİ - NO: 249/2 İÇKAPI NO: 1;İSTANBUL;BEYLİKDÜZÜ;(212) 0000000;;;İİB-HUBUBAT
MEGA TRADE INVEST DIŞ TİC.LTD.ŞTİ;İKİTELLİ ORG.SAN.BÖL. MAH. ESKOP SAN SİT BULV.A3 BLOK NO:168 ;İSTANBUL;BAŞAKŞEHİR;(212) 6719201;;;İİB-HUBUBAT
BAHAR YOL GIDA DIŞ TİC.VE SAN.LTD ŞTİ;HASEKİ SULTAN MAH. SAMİ PAŞA SOK  GÜNEGİK APT NO:6İÇ KAPI NO:2;İSTANBUL;FATİH;(212) 2519733;;;İİB-HUBUBAT
4GM BÖREK ATÖLYESİ GIDA SANAYİ TİCARET LİMİTED ŞİRKETİ;BAŞAKŞEHİR MAH. YÜCELEN SK. MEIRAH GOLDEN NO: 1CİÇ KAPI NO: 1;İSTANBUL;BAŞAKŞEHİR;(212) 0000000;;;İİB-HUBUBAT
KESEKLER KURUYEMİŞ GIDA TURİZM DIŞ TİC.VE SAN LTD.ŞTİ;FRİZKÖY MAH. MEZARLIK ÜSTÜ CAD. NO:5 ZEMİN KAT ;İSTANBUL;AVCILAR;(212) 6906359;;;İİB-HUBUBAT
CESA TARIM ÜRÜN.GIDA ÇİĞKÖFTE SAN.VE TİC. LTD ŞTİ;İSTANBUL ESENYURT AKÇABURGAZ MAH.MRCEDES CAD. 26.SOK NO:11;İSTANBUL;ESENYURT;(212) 8581331;;;İİB-HUBUBAT
BM PROJE ATÖLYESİ YÖNETİM DANIŞMANLIK EĞİTİM BİLİŞİM LİMİTED ŞİRKETİ;FSM MAHALLESİ POLİGON CADDESİ DEPOYOLU SK NO:16 ONE BLOCK PLAZA D:32;İSTANBUL;ÜMRANİYE;(216) 5142004;http://www.projeatolyesi.com.tr;projeatolyesi.com.tr;İİB-HUBUBAT
PERA KAHVE SANAYI TICARET LIMITED SIRKETI;ERENLER MAH. 1234 SK. TRUVA GRANIT NO: 21;SAKARYA;ERENLER;(264) 0000000;;;İİB-HUBUBAT
AY GIDA SAN.VE TİC.LTD.ŞTİ.;AKÇABURGAZ MAH.3111 SOK.NO:5/1;İSTANBUL;ESENYURT;(212) 8866890;;;İİB-HUBUBAT
HAZEL GIDA SAN VE DIŞ TİC.LTD.ŞTİ;GÜZELTEPE MAH. ÇAMLIKTEPE CAD. NO:59B ;İSTANBUL;ÜSKÜDAR;(216) 4624700;;;İİB-HUBUBAT
RC FARMA İLAÇ KİMYA SAN.VE TİC.LTD.ŞTİ.;ORUÇREİS MAH. GİYİMKENT 2. SK.NO:58/60A;İSTANBUL;ESENLER;(212) 4382424;www.rcfarma.com.tr;rcfarma.com.tr;İİB-HUBUBAT
ŞELBET TURİZM VE GIDA LİMİTED ŞİRKETİ;CUMHURİYET MAH. D-100 KARAYOLU CAD. A BLOKNO: 48 İÇ KAPI NO: 10;İSTANBUL;BÜYÜKÇEKMECE;(212) 0000000;;;İİB-HUBUBAT
EGEMEN KURU VE YAŞ GIDA SANAYİ ORGANİZASYON HİZMETLERİ DIŞ TİCARET LTD. ŞTİ.İ;İPKAS SAN. SİT. 8B BLOK NO:62/64;İSTANBUL;BAŞAKŞEHİR;(212) 6711372;;;İİB-HUBUBAT
GÜLŞEN KUMCU - OĞUZ KURUYEMİŞ VE ŞEKERLEME;İKİTELLİ OSB MH BİKSAN A1 BLOK SK 1AL BLOK 46;İSTANBUL;BAŞAKŞEHİR;(212) 5479516;;;İİB-HUBUBAT
HAZAR GROUP GIDA İTH İHR SAN TİC LTD ŞTİ;KOCATEPE MAH. GÜMRÜK İSKELESİ CAD. A BLOKMEGA CENTER NO: 89/1870;İSTANBUL;BAYRAMPAŞA;(212) 0000000;;;İİB-HUBUBAT
BANDA GIDA TARIM DANIŞMANLIK MÜHENDİSLİK SANAYİ VE TİCARET LİMİTED ŞİRKETİ;KALE MAH. YENİCE SOK. NO: 3;BURSA;KESTEL;(224) 3264971;;;İİB-HUBUBAT
SAKMEL GIDA TARIM SANAYİ VE TİCARET LİMİTED ŞİRKETİ;HANLI MERKEZ MAHALLESİ 48. SOKAK NO:51 / Z1;SAKARYA;ARİFİYE;(264) 0000000;;;İİB-HUBUBAT
WEST EAST INTERNATIONAL GIDA PAZARLAMA SANAYI VE TICARET ANONIM SIRKETI;ŞENLİKKÖY MAH .YEŞİLKÖY CAD. NO:11/A ŞENLİKKÖY 34140;İSTANBUL;BAKIRKÖY;(212) 4652380;;;İİB-HUBUBAT
KARAMELA GIDA SANAYİ VE TİCARET A.Ş.;İKİTELLİ OSB MAH.GİYİM SAN.2B BLOK/702;İSTANBUL;BAŞAKŞEHİR;(212) 2955592;;;İİB-HUBUBAT
GÖÇMEN BÖREK SAN.VE TİC.A.Ş.;YARIMCA MİMAR SİNAN MAH.EŞREF BİTLİS CAD.NO:373;KOCAELI;KÖRFEZ;(262) 4444964; www.gocmen.co ;gocmen.co;İİB-HUBUBAT
FURKAN DOĞAL ÜRÜNLER TİC..VE SAN.LTD.ŞTİ.;ZÜMRÜTEVLER MH.NİL CAD. SEHER SOK.ARAS İŞ MERK.NO:41/A;İSTANBUL;MALTEPE;(216) 3835018;;;İİB-HUBUBAT
ASEL GROUP GIDA SAN.TİC.LTD.ŞTİ;KÜÇÜKBAKKALKÖY MAH. GÜN BATIMI SOK NO:6/1 İÇ KAPI NO:19;İSTANBUL;ATAŞEHİR;(216) 0000000;;;İİB-HUBUBAT
SİENA ÇİKOLATA SANAYİ VE TİCARET ANONİM ŞİRKETİ;75 YIL OSB MAHALLESİ 101 CADDE NO:4 ODUNPAZARI  ;ESKIŞEHIR;ODUNPAZARI;(222) 2369236;;;İİB-HUBUBAT
HAREMLİK GIDA DEKORASYON VE EKİPMANLARI SAN. TİC. LTD. ŞTİ.;KANLICA MAH. MİHRABAT CAD. 90 TEŞVİKİYE ;İSTANBUL;BEYKOZ;(212) 3277904;www.haremliqueturkishcoffee.com;haremliqueturkishcoffee.com;İİB-HUBUBAT
THE BRAND GIDA İÇ VE DIŞ TİC.LTD.ŞTİ;AKŞEMSETTİN MAHŞAİR CEM SOK APT:26/5;İSTANBUL;FATİH;(212) 6214563;;;İİB-HUBUBAT
RMC DANIŞMANLIK DIŞ TİC LTD ŞTİ;ATAKÖY 7-10 KISIM MH ÇOBANÇEŞME E5YAN YOL CD NO8/1;İSTANBUL;BAKIRKÖY;(212) 2527520;;;İİB-HUBUBAT
POLİMED İLAÇ VE TAVUKÇULUK TİCARET VE SANAYİ LİMİTED ŞİRKETİ;TOPSELVİ MAH. TOPSELVİ CAD. DAP TERAS KULE NO: 95 İÇ KAPI: 124 KARTAL İSTANBUL TOPSELVİ MAH;İSTANBUL;KARTAL;;;;İİB-HUBUBAT
MESA İÇ VE DIŞ TİC.LTD.ŞTİ;YEŞİLBAYIR MAHALLESİ 29 MAYIS CAD. NO: 19 A/1;İSTANBUL;ARNAVUTKÖY;(212) 8861508;www.mesagida.com;mesagida.com;İİB-HUBUBAT
ÖZGÜRLER ŞEKERLEME SAN.VE TIC. LTD.ŞTI.;EVREN MAH.İSTİKLAL C.4 SKNO:26;İSTANBUL;BAĞCILAR;(212) 5501653;;;İİB-HUBUBAT
ARNİKA GIDA İNŞ.SAN.VE DIŞ TİC LTD.ŞTİ.;İKİTELLİ ORG.SAN.BLG.DEMİRCİLER ST.G1 BL:483;İSTANBUL;BAĞCILAR;(212) 6718267;www.arnikafoods.com;arnikafoods.com;İİB-HUBUBAT
CHINAR AGRICULTURE GIDA SANAYİ VE TİCARET LİMİTED ŞİRKETİ;ESENTEPE MAH.ŞEHİT MEHMET MİKDAT ULUÜNLÜ SK. PROPA PLUS RESIDENCE NO: 26 İÇ KAPI NO: 26 ;İSTANBUL;ŞİŞLİ;(212) 5227316;;;İİB-HUBUBAT
SALVE GLOBAL GIDA SAN.TİC.A.Ş.;KISIKLI MAH.ALEMDAĞ CAD.NUMARA:60MASALDAN İŞ MER. G-BLOK DAİRE:1;İSTANBUL;ÜSKÜDAR;(216) 7061696;;;İİB-HUBUBAT
SONTEM GRUP DANIŞMANLIK İÇ VE DIŞ TİCARET LİMİTED ŞİRKETİ;ETİLER MAH.DİLEKYILDIZI SK. ETİ APARTMANI NO:3/1 ;İSTANBUL;BEŞİKTAŞ;(212) 4524001;;;İİB-HUBUBAT
GONDOL GLOBAL ENDÜSTRİYEL GIDA TİC VE SAN LTD.ŞT;MERKEZ MAH. BAĞLAR CAD. C BLOK NO: 14 C İÇ KAPI NO:5;İSTANBUL;KAĞITHANE;(212) 0000000;;;İİB-HUBUBAT
BUMERANG İÇ VE DIŞ TİCARET LTD.ŞTİ;CUMHURİYET MAH. TÜL SOK. NO:22/1;SAKARYA;ADAPAZARI;(264) 2510000;;;İİB-HUBUBAT
ALSOHUL BAHARAT VE GIDA ÜRÜNL.SAN VE TİC.LTD.ŞTİ;RAMİ YENİ MAH. KURU GIDA 14 SOK NO:131/1;İSTANBUL;EYÜP;(212) 5659588;;;İİB-HUBUBAT
ALFA GLOBAL TÜKETİM MADDELERİ TİC.LTD.ŞTİ.;KOCATEPE MAH. YAĞ İSKELESİ CAD.MEGA CENTER C-33/11 NO:54 ;İSTANBUL;BAYRAMPAŞA;(212) 0000000;;;İİB-HUBUBAT
ALTIN SAFRAN GIDA LOKUM ŞEKERLEME İMALAT SANAYİ VE TİCARET LİMİTED ŞİRKETİ;AKPINAR MAH. AKŞEMSETTİN CAD. NO: 1;İSTANBUL;SANCAKTEPE;(216) 0000000;;;İİB-HUBUBAT
ORUÇ ERDEDE ŞEKERLİ MAMÜLLER GIDA SAN. VE TİC. LTD. ŞTİ.;KARTALTEPE MAH.50. YIL CAD.TUBERK TEKSTİL APT.NO:122/B;İSTANBUL;BAYRAMPAŞA;(212) 0000000;;;İİB-HUBUBAT
AKMAN İHTİYAÇ MADDELERİ DAĞITIM İÇ VE DIŞ TİCARET LİMİTED ŞİRKETİ;NAMIK KEMAL MAH.MARMARA CAD. NO.49/A K.1/1;İSTANBUL;ESENYURT;(212) 4228484;;;İİB-HUBUBAT
ÜLKER BİSKÜVİ SAN. A.Ş.;KISIKLI MAH.FERAH CAD. NO:1 ;İSTANBUL;ÜSKÜDAR;02125676800;;;İİB-HUBUBAT
GREEN AFRİCA TURİZM LİMİTED ŞİRKETİ;ATAKÖY 7-8-9-10 KISIM MH ÇOBANÇEŞME E-5 YAN YOL CANEF B BLOK NO : 22/2 İÇ KAPI:229;İSTANBUL;BAKIRKÖY;(212) 4650020;http://www.asagrup.com.tr;asagrup.com.tr;İİB-HUBUBAT
RECEP AYDIN -KURUYEMİŞ MADENİ;YAVUZ SİNAN MAHALLESİ UNKAPANI DEĞİRMENİ SOKAK NO 12A KAPI NO:1;İSTANBUL;FATİH;(212) 0000000;http://www.kuruyemismadeni.com;kuruyemismadeni.com;İİB-HUBUBAT
MERDYAT GIDA TEKSTIL TASIMACILIK DIS TICARET VE SANAYI LIMITED SIRKETI;MIMAR HAYRETTIN MAH. ÇADIRCILAR ÇESMESI SK. NO: 1113B ;İSTANBUL;FATİH;(212) 0000000;;;İİB-HUBUBAT
CANSA İÇ VE DIŞ TİC.LTD.ŞTİ.;YENİ MAHALLE UNİVERSİTE EVLERİ NO.181 ANTAKYA/HATAY;HATAY;ANTAKYA;(326) 2455484;http://www.cansaexport.com/;cansaexport.com;İİB-HUBUBAT
TUNEX DIŞ TİCARET LOJİSTİK GIDA SANAYİ LİMİTED ŞİRKETİ;MERDİVENKÖY MAH NAZENIN SK NIDA APT NO 15 C;İSTANBUL;KADIKÖY;(216) 0000000;;;İİB-HUBUBAT
AYPOP GIDA EMLAK HAY.KUYUM.TELEKOMÜ.SAN.VE TİC.LTD.ŞTİ;MERMERCİLER SAN.SİT. 14.CAD. NO:36-37;İSTANBUL;BEYLİKDÜZÜ;(212) 6890285;www.aypop.com;aypop.com;İİB-HUBUBAT
ERTEN BİTKİSEL İLAÇ VE KOZMETİK SAN VE TİC LTD.ŞTİ;PINARTEPE MAH. OĞUZ PARPALOĞLU CAD. NO:5/1;İSTANBUL;BÜYÜKÇEKMECE;;;;İİB-HUBUBAT
ÖZYİĞİTLER TEKSTİL İÇ VE DIŞ TİC.LTD.ŞTİ;KEMALPAŞA MAH. GENÇTÜRK CAD. NO:11 İÇ KAPI NO:1;İSTANBUL;FATİH;(212) 4656520;;;İİB-HUBUBAT
KENTSELYÖNETİM HİZMETLERİ SANAYİ TİCARET ANONİM ŞİRKETİ;FERHATPAŞA MAH. 6. SK. NO: 8 A;İSTANBUL;ATAŞEHİR;(216) 0000000;;;İİB-HUBUBAT
NAZAR ÇEREZ GIDA SAN VE TİC.A.Ş;SANCAKTEPE MAH. KLAS SOK NO:11 ;İSTANBUL;SİLİVRİ;(212) 5676102;;;İİB-HUBUBAT
SOL AND SUN İÇ VE DIŞ TİCARET LİMİTED ŞİRKETİ;SERANTEPE MAH.CENDERE CAD.NO.110/5 İÇ KAPI.16 ;İSTANBUL;KAĞITHANE;(212) 0000000;;;İİB-HUBUBAT
NANO TECH ENERJİ ÜRETİM ÜR ÜRETİM SAN TİC.A.Ş;İKİTELLİ OSB MAH.25 CADDE NO:15/1;İSTANBUL;BAŞAKŞEHİR;(212) 4857676;;;İİB-HUBUBAT
ERSER OTOMAT GIDA SAN.VE TİC.LTD.ŞTİ.;FERHATPAŞA MAH.15.SK.NO:12B;İSTANBUL;ATAŞEHİR;(216) 0000000;;;İİB-HUBUBAT
KARA FIRIN GIDA SAN. PAZ. VE TIC. LTD. ŞTI.;İKİTELLİ OSB MAH. İMSAN A BLOKNO:6 KÜÇÜKÇEKMECE;İSTANBUL;KÜÇÜKÇEKMECE;(212) 6966991;www.karafirin.com.tr;karafirin.com.tr;İİB-HUBUBAT
TUNAŞ GIDA PAZARLAMA SANAYİ VE TİCARET LİMİTED ŞİRKETİ;2.ORGANİZE SAN.BÖL.CELAL DOĞANBULVARI NO:3;GAZIANTEP;ŞEHİTKAMİL;(342) 3373333;www.tunas.com.tr;tunas.com.tr;İİB-HUBUBAT
DD TOPTAN GIDA LTD.ŞTİ;15 TEMMUZ MAH. 1488. SOK. NO:55-57İÇ KAPI NO:11;İSTANBUL;BAĞCILAR;(212) 0000000;;;İİB-HUBUBAT
FARMAVET İLAÇ SANAYİ VE TİCARET ANONİM ŞİRKETİ;HACI HALIL MAH.1207 SOK.NO.23A;KOCAELI;GEBZE;02623071095;;;İİB-HUBUBAT
YUSUF MEGA GIDA İTHALAT VE İHRACAT LİMİTED ŞİRKETİ;KOCATEPE MAH.YEMİŞ MEYDAN SOKAK C-2944 / 269 / 4;İSTANBUL;BAYRAMPAŞA;(212) 5227316;;;İİB-HUBUBAT
TANTEKS DIŞ TİC. TEKS. TUR. LTD. ŞTİ. ;BALABANAGA MAH. B.REŞİTPAŞA CAD. KURULTAY SOK. NO:13;İSTANBUL;FATİH;(212) 5149152;;;İİB-HUBUBAT
EAC GIDA SANAYİ VE TİCARET ANONİM ŞİRKETİ;İKİTELLİ OSB MAH. 25 CADDE ÜSTÜN PLASTİK AMB NO:14/1;İSTANBUL;BAŞAKŞEHİR;(212) 0000000;;;İİB-HUBUBAT
AKDENİZ DOĞAN GIDA TAR.ÜRN.İTH İHR.TİC.LTD.ŞTİ.;BAĞLAR MAH. MİMAR SİNAN CAD. NO: 23 İÇ KAPI NO: 21;İSTANBUL;BAĞCILAR;(212) 0000000;;;İİB-HUBUBAT
TUNAM UNLU MAMÜLLER SANAYİ VE TİCARET A.Ş;ŞERİFALİ MH. ATABEK SK. DİLİM BÖREK APT. NO:11;İSTANBUL;ÜMRANİYE;(216) 5945550;;;İİB-HUBUBAT
SKYFOOD GROUP GIDA SANAYI TICARET LIMITED SIRKETI;ŞAHİNTEPE MAH..ŞEHİT POLİS FETHİ SEKİN CAD. NO.4/1;İSTANBUL;BAŞAKŞEHİR;(212) 0000000;;;İİB-HUBUBAT
ARİF KAYA TAMKAYA DIŞ TİCARET;YENIBOSNA MERKEZ MAH. 29 EKIM CAD. BEYAZ REZIDANS ;İSTANBUL;BAHÇELİEVLER;(212) 0000000;;;İİB-HUBUBAT
ALNEBO İKLİMLENDİRME ISITMA VE SOĞUTMA SİSTEMLERİ TİCARET LİMİTED ŞİRKETİ;KISIKLI MAHALLESİ HACI ARİFBEY SOKAK NO:16/B;İSTANBUL;ÜSKÜDAR;(216) 4141314;;;İİB-HUBUBAT
BAKERS GIDA SAN.A.Ş;MİMARSİNAN MAH. MEHTAP CAD. NO:65;İSTANBUL;ATAŞEHİR;(216) 6610002; www.bakers.com.tr ;bakers.com.tr;İİB-HUBUBAT
RAD GIDA LABRATUARI VE İLAÇ SAN TİC LTD ŞTİ;BATTALGAZİ  MH ŞARK CD AYTOP 1 BLOK NO 13;İSTANBUL;SULTANBEYLİ;;;;İİB-HUBUBAT
CAN-VET VETERİNERLİK HİZM. SAN. VE TİC. LTD. ŞTİ.;YAZLIK MAH.ELKİN SOK. NO:1 SERDİVAN;SAKARYA;SERDİVAN;(264) 0000000;;;İİB-HUBUBAT
GİZTAT GIDA A.Ş.;MERKEZ MAH. KÂĞITHANE CAD. NO:17 İÇ KAPI NO:5;İSTANBUL;KAĞITHANE;(212) 3214110;www.giztat.com;giztat.com;İİB-HUBUBAT
GALATA SHIP SUPPLY GEMİ TEDARİK HİZMETLERİ ANONİM ŞİRKETİ;ÇAMLIK MAH. ŞEHİT BURAK KURTULUŞ CAD. NO:110A;İSTANBUL;ÜMRANİYE;(216) 9991567;;;İİB-HUBUBAT
MANSUR GIDA PAZARLAMA SANAYİ VE TİCARET LİMİTED ŞİRKETİ;KOCATEPE MAH MEGA CENTER C BLK NO: 407;İSTANBUL;BAYRAMPAŞA;(212) 4373066;;;İİB-HUBUBAT
SEYFULLAH KARAKELLE;TEYFİKBEY MAH. VAHİT EFENDİ SOK LİSAM HAN NO:11/5;İSTANBUL;KÜÇÜKÇEKMECE;(212) 5996129;;;İİB-HUBUBAT
FESTİVA GIDA LTD.ŞTİ.;ANZER SK. NO:3;İSTANBUL;ÜSKÜDAR;(216) 4222099;;;İİB-HUBUBAT
NEİL GIDA İTHALAT İHRACAAT SANAYİ LİMİTED ŞİRKETİ;BATTALGAZİ MH SARAYPATI SK AYTOP B BLOK NO:2/22;İSTANBUL;SULTANBEYLİ;(216) 0000000;www.neilgida.com;neilgida.com;İİB-HUBUBAT
HATİCE KAŞ;KOCASİNAN MERKEZ MAH. AHLAT SOK. DENİZATI KAPORTA BOYA  SERVİSİ NO: 12 İÇ KAPI NO : 1 BAHÇELİEVLER;İSTANBUL;BAHÇELİEVLER;(212) 5411620;;;İİB-HUBUBAT
NATURIGA GIDA ANONIM SIRKETI;ARMAĞANEVLER MAH. İPEKÇİ SK. NO: 14A;İSTANBUL;ÜMRANİYE;(216) 5203066;http://www.naturiga.com;naturiga.com;İİB-HUBUBAT
BUZTAŞ KİMYA İNŞAAT HIRDAVAT SANAYİ VE TİCARET LİMİTED ŞİRKETİ;ALEMDAĞ MAH.97.SK.NO:5 A/1;İSTANBUL;ÇEKMEKÖY;(216) 5922016;;;İİB-HUBUBAT
İLHAN AÇIK;HIRKA-İ ŞERİF MAH. MELEK HOCA CAD. NO:66 B;İSTANBUL;FATİH;(212) 5321287;;;İİB-HUBUBAT
YIL AY GIDA TİCARET LİMİTED ŞİRKETİ;YEŞİLKÖY MAH. DEMİRYOLU CAD. NO:7 D ;İSTANBUL;BAKIRKÖY;(212) 0000000;;;İİB-HUBUBAT
BATMAZ GRUP GIDA ÜRÜNLERİ İÇ VE DIŞ TİC.LTD.ŞTİ.;KULOĞLU MAH.ALTIPATLAR ÇIKMAZI NUMARA:2;İSTANBUL;BEYOĞLU;(212) 2437737;www.mandabatmaz.com.tr;mandabatmaz.com.tr;İİB-HUBUBAT
KURUKAHVECI NURI TOPLAR KAHVE VE GIDA PAZ. LTD. ŞTI.;HASIRCILAR CAD. NO:39/41;İSTANBUL;FATİH;(212) 5220728;www.kurukahvecinuritoplar.com;kurukahvecinuritoplar.com;İİB-HUBUBAT
GÜLTEKIN GÜNEŞ;ISTOÇ 42.ADA NO:10;İSTANBUL;BAŞAKŞEHİR;(212) 6597735;www.dynaturk.com;dynaturk.com;İİB-HUBUBAT
SEDAT OLAŞ - BEĞENDİK GIDA;FEVZİ ÇAKMAK MAH. 8/24A. SOK. NO:32 A/-;İSTANBUL;BAĞCILAR;(212) 0000000;;;İİB-HUBUBAT
CTF DIŞ TİC. LTD. ŞTİ.;CUMHURİYET MAH. GÜRPINAR YOLU CAD. KELEŞ PLAZANO:2 İÇ KAPI NO:99;İSTANBUL;BÜYÜKÇEKMECE;(212) 0000000;www.ctfforeigntrade.com;ctfforeigntrade.com;İİB-HUBUBAT
ANKO GIDA MAKİNALARI PAZARLAMA SAN. TİC. LTD. ŞTİ.;ŞARAP İSKELESİ SOK.MUMUCU HAN.4/303 KEMANKEŞ MAH.;İSTANBUL;BEYOĞLU;02122529999;;;İİB-HUBUBAT
MY CAKE INTERNATİONAL SAN.A.Ş;ESENŞEHİR MAH.ERYILMAZ SOK NO:28/2;İSTANBUL;ÜMRANİYE;(216) 4990697;;;İİB-HUBUBAT
ÖZDEN ÇİKOLATA SANAYİ A.Ş.;KOZA MAH. 1638. SK. CROWN B BLOK NO: 1 B İÇ KAPI NO: 183 ;İSTANBUL;ESENYURT;(212) 0000000;http://www.ozdencikolata.com;ozdencikolata.com;İİB-HUBUBAT
TUĞRULHAN YURTSEVEN-MARE MASSO GIDA;AYVANSARAY MAH. LEBLEBİCİLER SOK NO:40/B;İSTANBUL;FATİH;;;;İİB-HUBUBAT
ATILIM TARIMSAL FAALİYETLER VE İNŞAAT SANAYİ TİCARET A.Ş;DİKİLİTAŞ MAH. CEYLAN SOK  NO:1/7;İSTANBUL;BEŞİKTAŞ;(212) 0000000;;;İİB-HUBUBAT
AKADEMİ GURME ÇİKOLATA SAN. A.Ş.;AKÇABURGAZ MAH. 153. SOK. NO: 3 -1;İSTANBUL;ESENYURT;(212) 4853401;www.akademicikolata.com.tr;akademicikolata.com.tr;İİB-HUBUBAT
GÜNEYBATI FOODS HIZLI TÜKETİM MALLARI DIŞ  TİC.LTD.ŞTİ.;VALİDE-İ ATİK MAH.NUHKUYUSU CAD. NO.73 / A;İSTANBUL;ÜSKÜDAR;(216) 0000000;;;İİB-HUBUBAT
LEZZETTAR GIDA SAN VE TİC.A.Ş;MİMARSİNAN MAH. E5 LONDRA ASFALTI CAD.NO:39;İSTANBUL;BÜYÜKÇEKMECE;(212) 5510060; lezzafoods.com ;lezzafoods.com;İİB-HUBUBAT
NOVEL TOHUM LTD ŞTİ;ÜÇEVLER MH RİTİM SK NO 12A;BURSA;NİLÜFER;(224) 5039937;;;İİB-HUBUBAT
EKSPRES EDT GIDA TİCARET LİMİTED ŞİRKETİ;ABDURRAHMANGAZİ MAH. KÜLLİYE CAD. NO: 10A;İSTANBUL;SANCAKTEPE;(216) 0000000;;;İİB-HUBUBAT
MOONRİSE DIŞ TİCARET ANONİM ŞİRKETİ;MİMAROBA MAH. BELEN SK. DIAMOND HİLL SİTESİB1 BLOK NO:7D İÇ KAPI NO:16;İSTANBUL;BÜYÜKÇEKMECE;(212) 0000000;;;İİB-HUBUBAT
HİS YEMEKÇİLİK HİZMETLERİ SANAYİ VE TİCARET ANONİM ŞİRKETİ;SARAY MAH. ÖMER FAİK ATAKAN CAD. NO.3/1;İSTANBUL;ÜMRANİYE;(216) 9122211;;;İİB-HUBUBAT
HİCAZ DIŞ TİC MADENCİLİK PAZ.SAN TİC.LTD.ŞTİ;MERKEZ MAH.ABİDE-İ HÜRRİYET CAD. NO:148 D:3 ;İSTANBUL;ŞİŞLİ;(212) 2246283;;;İİB-HUBUBAT
PERSAN UNLU MAMÜLLER GIDA SAN. VE DIŞ TİC.LTD.ŞTİ;BATTALGAZİ MAH. GECESEFASI SOK NO:2İ18/1;İSTANBUL;SULTANBEYLİ;(216) 5400984;;;İİB-HUBUBAT
BC INTERNATIONAL GIDA TIC AŞ;ÖMER AVNİ MAH. İNÖNÜ CAD. DEVRES BLOK NO: 50 İÇ KAPI NO: 3;İSTANBUL;BEYOĞLU;(212) 3934200;http://www.bcinternational.com.tr;bcinternational.com.tr;İİB-HUBUBAT
UNELİ GIDA İNŞ.LOJİSTİK TURİZM SAN VE TİC.LTD.ŞTİ;HUZUR MAH. ABDULLAH AZAM CAD. ŞENER SOK NO:3/A;İSTANBUL;ÜMRANİYE;(216) 5272390;;;İİB-HUBUBAT
ALNUR DIŞ TİCARET VE GIDA SANAYİ LİMİTED ŞİRKETİ;KUŞTEPE MAH. İNÖNÜ CAD. İZMEN SİTESİ B BLOKNO: 2 İÇ KAPI NO: 94;İSTANBUL;ŞİŞLİ;(212) 2665646;;;İİB-HUBUBAT
ATLAS GROUP KARGO DIŞ TİC. AŞ;MOLLA GÜRANİ MAH. TURGUT ÖZAL  MİLLET CADDESİ ÇEKİRDEKÇİ İŞ HANI NO:38 K:1 İÇ KAPI :12;İSTANBUL;FATİH;(212) 5794434;www.atlastransport.com.tr;atlastransport.com.tr;İİB-HUBUBAT
KANDİZ İÇ VE DIŞ TİCARET SANAYİ LİMİTED ŞİRKETİ;PINARTEPE MAH. TURGUT ÖZAL 1 CAD. NO:27/3;İSTANBUL;BÜYÜKÇEKMECE;(212) 8731111;;;İİB-HUBUBAT
HASIRCILAR BAHARAT GIDA VE TİCARET LİMİTED ŞİRKETİ;MURAT ÇESME MAH. PERTEV SK. NO: 2 İÇ KAPI NO: 1 ;İSTANBUL;BÜYÜKÇEKMECE;(212) 0000000;;;İİB-HUBUBAT
GOLDEN CROPS ENTERPRISES İÇ VE DIŞ TİC.LTD.ŞTİ.;YALI MAH.KADİR SK.HELİS MORE RESİDENCE NO:14NO 157;İSTANBUL;KARTAL;(216) 0000000;;;İİB-HUBUBAT
TUNA KİMYA SANAYİ VE TİCARET ANONİM ŞİRKETİ;SÖĞÜTLÜÇEŞME CAD.TULUMBACI ASIM SOK. KORULAR IŞHANI NO:2/42;İSTANBUL;KADIKÖY;(216) 4186100;;;İİB-HUBUBAT
ADKOTURK GIDA SAN.VE TİC.LTD.ŞTİ;ÇERKEZKÖY ORG SAN BÖL KARAAĞAÇ MAH. FATİH BULVARI NO:40;TEKIRDAĞ;ÇERKEZKÖY;(282) 7582272;;;İİB-HUBUBAT
MAURI MAYA SAN.A.Ş.;AKSAKAL MAH. KAVAKPINARI KÜME EVLERİ NO:5 ;BALIKESIR;BANDIRMA;(266) 7251500;www.mauri.com.tr;mauri.com.tr;İİB-HUBUBAT
YONCA PET KİMYA İLAÇ SANAYİ VE TİCARET LİMİTED ŞİRKETİ;ÖRNEK MAHALLESİ 1372 SOKAK NO:13/1;İSTANBUL;ESENYURT;(212) 6623400;http://www.yoncapet.com;yoncapet.com;İİB-HUBUBAT
ERCANLAR SÜT ÜRÜN. OTO. İNŞ. SAN. VE TİC. LTD. ŞTİ.;ALTAYÇEŞME MAH.DİKER SOKAK NO:10A;İSTANBUL;MALTEPE;(216) 3528065;;;İİB-HUBUBAT
AL MANARA ALSHAMKHAH TAŞ.DIŞ. TİC.LTD.ŞTİ;BEYLİKDÜZÜ OSB MAH. 9.CADDE NO:6/1;İSTANBUL;BEYLİKDÜZÜ;(212) 2202802;;;İİB-HUBUBAT
HARIKA TATLAR DIYARI GİDA SAN.TİC.LTD.ŞTİ.;ORHANLI MAH. KARADENİZ CAD. NO:5/1;İSTANBUL;TUZLA;(216) 4526465;www.harikatatlar.com;harikatatlar.com;İİB-HUBUBAT
PAK DEKORATİF PASTA SÜSLEMELERİ ÜRETİM İTHALAT İHRACAT ANONİM ŞİRKET;GÜMRÜK İSKELESİ CAD NO 42E-1;İSTANBUL;BAYRAMPAŞA;(212) 4370660;;;İİB-HUBUBAT
SOULGLOBAL İLAÇ SANAYİ VE TİCARET LİMİTED ŞİRKETİ;NURİPAŞA MAH. 14 SOKAK NO 37 D 7;İSTANBUL;ZEYTİNBURNU;(212) 0000000;https://soulvet.com.tr/;soulvet.com.tr;İİB-HUBUBAT
AF-TU DIŞ TİC. LTD. ŞTİ.;BÜYÜKDERE CAD.KRAL AP.NO:75/10;İSTANBUL; ;(212) 2119206;www.aftuexport.com;aftuexport.com;İİB-HUBUBAT
GPS SERVİCES MÜHENDİSLİK DANIŞMANLIK SANAYİ VE TİCARET LİMİTED ŞİRKETİ;BARAKFAKİH OSB MAH. 18.CAD. NO:3/C;BURSA;KESTEL;(224) 0000000;;;İİB-HUBUBAT
WAFFEL MEYER TURKEY GIDA SANAYİ TİCARET A.Ş.;KAYAPA MAH KAYAPA SAN BULVARI FABRİKA NO :40 İÇ KAPI NO:1;BURSA;NİLÜFER;;www.waffel-meyer.com;waffel-meyer.com;İİB-HUBUBAT
İLMOR KİMYA VE TEKS. SAN. TİC. AŞ;BÜYÜKDERE CD.OYAL İŞ HANINO:108/1 K:7;İSTANBUL;ŞİŞLİ;02122884224;;;İİB-HUBUBAT
HEALTHY LIFE GIDA VE SAĞLIK ÜRÜNLERİ SAN TİC AŞ;İÇERENKÖY MH ÇETİNKAYA SK NO 28/2;İSTANBUL;ATAŞEHİR;(216) 0000000;;;İİB-HUBUBAT
HES PHARMA İLAÇ SANAYİ A. Ş;ÇENGELKÖY MAH.TAHİRPŞA SK.NO:1/1;İSTANBUL;ÜSKÜDAR;(216) 0000000;;;İİB-HUBUBAT
HAWKSHAW GIDA SAN TİC LTD ŞTİ;BARBAROS HAYRETTİN PAŞA MAH. 1997. SK.PIKET LIFE NO: 12 İÇ KAPI NO: 96;İSTANBUL;ESENYURT;(212) 0000000;;;İİB-HUBUBAT
MBC FOODS GROUP GIDA SAN TİC LTD ŞTİ;KULACA MAH. ANKARA CAD. SK. NO:1 ;BURSA;İNEGÖL;(224) 0000000;;;İİB-HUBUBAT
MARS GRUP GIDA SANAYİ  VE TİCARET A.Ş.;3.ORGANİZE SAN BÖL.3.PARSEL 126 ADA ;SAKARYA;SÖĞÜTLÜ;(264) 4567770;;;İİB-HUBUBAT
BCE MUHENDİSLİK VE GIDA DIŞ TİC.LTD.ŞTİ;ESENTEPE MAH. MİLANGAZ CAD. ASYA REZIDANCE B BLOK NO:73 D:34 ;İSTANBUL;KARTAL;;;;İİB-HUBUBAT
BOZS COFFEE GIDA TİCARET LİMİTED ŞİRKETİ;AKAT MAH. YAREN SK. ÖZDERİCİ APT. C BLOK NO:8İÇ KAPI NO:2;İSTANBUL;BEŞİKTAŞ;(212) 0000000;http://www.meryemboz.com;meryemboz.com;İİB-HUBUBAT
TURIMPEKS ELEKTRONIK CIHAZLAR VE DIŞ TIC. A.Ş.;KADIKÖY FENERBAHÇE MH. AHMETMITHAT CD. NO:3 D:1-4-5;İSTANBUL;KADIKÖY;(216) 4500920;www.raymarine.com;raymarine.com;İİB-HUBUBAT
HORİZON İNDUSTRY GIDA SAN.DIŞ TİC.LTD.ŞTİ.;BARBAROS HAYRETTİN PAŞA MAH. 1997 SK.NO:12/52;İSTANBUL;ESENYURT;(212) 8522941;;;İİB-HUBUBAT
BEGÜM REFERANS GIDA SANAYİ VE TİCARET ANONİM ŞİRKETİ;MİNARELİÇAVUŞOSB MAH. SÖĞÜT CAD. NO:16 DAİRE:Z1 ;BURSA;NİLÜFER;(224) 4411343;;;İİB-HUBUBAT
RANDAH GIDA DIŞ TİC.LTD.ŞTİ;KAVAKPINAR MAH. YADELLER SOK NO:10/4;İSTANBUL;PENDİK;(216) 4368721;;;İİB-HUBUBAT
NBT İLAÇ A.Ş. ;KÜÇÜKBAKKALKÖY MAH. AKDAG SK. NO: 2 IÇ KAPI NO: 1;İSTANBUL;NİLÜFER;(224) 2463065;www.nbtlife.com.tr;nbtlife.com.tr;İİB-HUBUBAT
MBB GLOBAL DIŞ TİCARET LTD. ŞTİ.;KAZIM KARABEKİR MAH. 830. SOK. NO:40/A;İSTANBUL;GAZİOSMANPAŞA;(212) 0000000;;;İİB-HUBUBAT
RESUL ÖZTÜRK - BEYLOKUM TRADE;FEVZİPAŞA MAH. KARAKILIÇ SK. NO:3 A;TEKIRDAĞ;ÇERKEZKÖY;(282) 0000000;;;İİB-HUBUBAT
ARZUPINAR GLOBAL GIDA MADENCİLİK İTHALAT İHRACAT TİCARET LİMİTED ŞİRKETİ;NURİPAŞA MAH. 58 BULVAR CADDESİ 55/3 SK. NO:28 D29;İSTANBUL;ZEYTİNBURNU;(212) 0000000;;;İİB-HUBUBAT
CHOCOKEYF GIDA SANAYİ VE TİCARET LİMİTED ŞİRKETİ;KANARYA MAH.ÜVEYİK SK.NO:33/2 DAİRE:1;İSTANBUL;KÜÇÜKÇEKMECE;(212) 0000000;https://www.toptanwafflesosu.com/;toptanwafflesosu.com;İİB-HUBUBAT
DERYA ÖZTÜRK - TARİHİ HACIZADE LOKUMCUSU ;15 TEMMUZ MH İSTİKLAL CD 1490 SK NO 25B;İSTANBUL;BAĞCILAR;(212) 5501653;;;İİB-HUBUBAT
ORSE MAKİNE VE DIŞ TİC.LTD.ŞTİ.;SARAÇ İSHAK MAH.K.HAYDAREFENDİ SOK.NO.15/122;İSTANBUL;FATİH;2125183908;;;İİB-HUBUBAT
ÖZ-KA GIDA ŞEKERLEME MAMULLERİ SANAYİ VE TİCARET LİMİTED ŞİRKETİ; HESKOOP SAN.SİT.YANI SİNPAŞ İŞ MODERN MERKEZ E-H BL.K.1 H-40;İSTANBUL;BAŞAKŞEHİR;(212) 5492124;www.hellosweetie.com.tr;hellosweetie.com.tr;İİB-HUBUBAT
FURKAN GURME GIDA ÜRÜN. REKLAM ORG. İNŞ. SAN VE TİC. LTD. ŞTİ.;ESENŞEHİR MAH. KÜRKÇÜLER CAD. B BLOK NO:43A;İSTANBUL;ÜMRANİYE;(216) 4400101;www.lagash.com.tr;lagash.com.tr;İİB-HUBUBAT
REPEKS İTH. İHR. VE DAHİLİ TİC. LTD. ŞTİ.;İDEALTEPE KÜÇÜKTUR YOLUNO:10/1;İSTANBUL;KADIKÖY;;;;İİB-HUBUBAT
GES TARIM ÜRÜNLERİ GIDA SAN VE DIŞ TİC LTD ŞTİ;OSMANAĞA MH MÜRVET ÇİÇEĞİ SK SEFA İŞ MRK NO 12/68;İSTANBUL;KADIKÖY;(216) 4951391;;;İİB-HUBUBAT
YARDIM GIDA SAN. VE DIŞ TIC. LTD. ŞTI.;ALİ RIZA GÜRCAN CAD. ÇIRPICIYOLU MERİDYEN İŞ MEKZ. NO:1/24;İSTANBUL;GÜNGÖREN;(212) 4830185;;;İİB-HUBUBAT
ABBOTT LABORATUARLARI İTH. İHR. VE TİC.LTD.ŞTİ.;EKİNCİLER CAD HEDEF PLAZA NO:3;İSTANBUL;BEYKOZ;(216) 5387400;www.abbott.com;abbott.com;İİB-HUBUBAT
DOĞU KARADENİZ GIDA SANAYİ VE TİCARET LİMİTED ŞİRKETİ;KAVACIK MAH.ORHAN VELİ KANIK CAD.NO.90/A;İSTANBUL;BEYKOZ;(216) 4258924;;;İİB-HUBUBAT
SORELLA GIDA SANAYİ VE TİCARET LİMİTED ŞİRKETİ;AHMET YESEVİ MAH. BAHÇE SK GEÇİT PREMİUM NO:11B/17;BURSA;NİLÜFER;(224) 0000000;;;İİB-HUBUBAT
KULA YAĞ VE EMEK YEM SANAYİ TİCARET ANONİM ŞİRKETİ;GÜMÜŞÇEŞME MAH. KEPSUT CAD.  NO.311/A  ALTEYLÜL;BALIKESIR;ALTIEYLÜL;(266) 2496800;www.kulayag.com.tr;kulayag.com.tr;İİB-HUBUBAT
BRS GIDA ÜRÜNLERİ LTD. ŞTİ.;İSTİKLAL MAHALLESİ 11.KARANFİL SOKAK NO:23;BURSA;OSMANGAZİ;(224) 0000000;;;İİB-HUBUBAT
MIRPLAST PLASTIK INŞ.TEKS.SAN. VE DIŞ TIC.LTD.ŞTI.;ISTOC TOPTANCILAR CARS.12 ADAN:98;İSTANBUL;BAĞCILAR;02126598357;www.yildizlamir.com;yildizlamir.com;İİB-HUBUBAT
KARNAVAL ÇİKOLATA GIDA SANAYİ TİCARET LİMİTED ŞTİ;ESENŞEHİR MAHALLESİ PALMİYE SOKAK DÖNMEZLER YEMEK BLOK NO :3 İÇ KAPI : 1 ;İSTANBUL;ÜMRANİYE;(216) 0000000;;;İİB-HUBUBAT
2LINE GROUP DIŞ TİCARET İTHALAT VE İHRACAT LİMİTED ŞİRKETİ;CUMHURİYET MAH.1991 SOKAK BEYCENTER BLOK.NO:2/37;İSTANBUL;ESENYURT;(212) 8525230;;;İİB-HUBUBAT
MUTLU EVCİL HAY. MAM. PAZ. VE TİC. AŞ;INÖNÜ MAH GEBZE PLASTİKÇİLER OSB MAH. 2. CAD. NO: 4;KOCAELI;GEBZE;(212) 0000000;;;İİB-HUBUBAT
GÜLER KADAYIF UNLU MAM.GIDA PAZ.VETİC.LTD.ŞTİ;FATİH MAH.YAKACIK CAD.ÇELEBİ SOK.NO 7;İSTANBUL;SANCAKTEPE;(216) 3114526;https://gkmtelkadayif.com.tr/;gkmtelkadayif.com.tr;İİB-HUBUBAT
ALAH İNŞAAT VE DIŞ TİCARET SANAYİ LİMİTED ŞİRKETİ;YEŞİLKENT MAH. NAZIM HİKMET BLV. NO: 53 C İÇ KAPI NO:173;İSTANBUL;ESENLER;(212) 0000000;;;İİB-HUBUBAT
PHORA HAYVAN SAĞLIĞI ÜRÜNLERİ SAN TİC.A.Ş;DRAGOS ORHANTEPE MAH. KIRGÜLÜ SOK SK.NO:25/01;İSTANBUL;KARTAL;(216) 5739730;;;İİB-HUBUBAT
PAYROS GIDA İÇECEK ANONİM ŞİRKETİ;ESENTEPE MAH. YILDIZ POSTA CAD. NO: 21 İÇ KAPI :2;İSTANBUL;ŞİŞLİ;(850) 3777376;http://www.payros.com;payros.com;İİB-HUBUBAT
ASY FOOD GROUP GIDA SAN VE TİC LTD ŞTİ;FULYA MH ORTAKLAR CD ŞAHİN GİRAY APT NO 12/2 D3;İSTANBUL;ŞİŞLİ;(212) 0000000;;;İİB-HUBUBAT
SEYDİOĞLU BAKLAVA GIDA SANAYİ VE TİCARET ANONİM ŞİRKETİ;ÇINARDERE MAH. OLİMPİYAT CAD.NO:68 PENDİK/İSTANBUL;İSTANBUL;PENDİK;(216) 3076196;;;İİB-HUBUBAT
MUHTAR GROUP GIDA İÇ VE DIŞ TİC.SAN.LTD.ŞTİ.;İKİTELLİ ORGANİZE SANAYİ BÖLGESİ MAH.MUTFAKÇILAR M6 BLOK SK.NO:36;İSTANBUL;BAŞAKŞEHİR;;;;İİB-HUBUBAT
ŞERİZE HATUN GIDA SANAYİ PAZARLAMA İTH.İHR.LTD.ŞTİ.;TUZLA KÖYÜ NO:412 ;ÇANAKKALE;AYVACIK;(286) 0000000;;;İİB-HUBUBAT
212 BOSPHORUS GIDA TEKSTİL REKLAM ORGANİZASYON EGİTİM DANIŞMANLIK PAZ SAN.TİC.LTD.ŞTİ;TALATPAŞA MAH. YAŞARLI CAD. CASADA DEMİR NO:26/11;İSTANBUL;KAĞITHANE;(212) 0000000;;;İİB-HUBUBAT
ŞAHLANLAR GIDA SAN VE TİC.LTD.ŞTİ.;ATATÜRK BULVARI ASKERI HASTANEKARŞISI;ISPARTA;ISPARTA;(246) 2241447;;;İİB-HUBUBAT
KENT BORİNGER DIŞ TİC.LTD.ŞTİ;AKÇABURGAZ MAH. 3 CADDE 3106 SOKAK NO:3;İSTANBUL;ESENYURT;(212) 8863200;www.soyyigit.com.tr;soyyigit.com.tr;İİB-HUBUBAT
VEFA GLOBAL PAZARLAMA SANAYI VE TICARET LIMITED SIRKETI;ÇAMLIK MH. SELÇUKLU CD. NO:24/148;İSTANBUL;PENDİK;(216) 0000000;;;İİB-HUBUBAT
AKSEL GIDA PAZ.SAN.VE TİC.LTD.ŞTİ;KOCATEPE MAH. MEGA CENTER ABLOK NO:15/1;İSTANBUL;BAYRAMPAŞA;;;;İİB-HUBUBAT
DORUK KIMYEVI MADDELERI SAN. VE TIC. LTD. ŞTI.;ZÜMRÜTEVLER MAH. GÜL CAD.NO:11/C;İSTANBUL;MALTEPE;(216) 3716029;;;İİB-HUBUBAT
SOM TATLICILIK GIDA OTOMOTİV İNŞAAT EMLAK SANAYİ VE TİCARET LİMİTED ŞİRKETİ;SİNANBEY MAHALLESİ GENÇLER SOKAK NO 2/A;BURSA;İNEGÖL;(224) 7159190;http://www.fehmiusta.com.tr;fehmiusta.com.tr;İİB-HUBUBAT
PACMAR DENİZCİLİK LTD ŞTİ;ALTUNİZADE M.F. KERİM GÖKAY C.OKUL S.E 3 ;İSTANBUL;ÜSKÜDAR;(216) 4286665;;;İİB-HUBUBAT
EUROPE ELİTE SANAYİ DIŞ TİC. TURİZM  VE LOJİSTİK LTD.ŞTİ.;MOLLA GÜRANİ MAHALLE ŞEHİT PİLOT MAHMUT NEDİM SOKAK NO:1  NO:44 KAT:4 ;İSTANBUL;FATİH;(212) 6215819;;;İİB-HUBUBAT
WORLD FOOD DIŞ TİCARET ANONİM ŞİRKETİ;KÜÇÜK ÇAMLICA MAH. ÜÇER SOK NO:6İÇ KAPI NO:1;İSTANBUL;ÜSKÜDAR;(216) 3257743;;;İİB-HUBUBAT
MIS MEDITERRANEAN INTERN. SHIPPİNG DENİZ. VE TUR. TİC. LTD. ŞTİ.; Türtelaş Hasan Efendi Mh. Akyol Sk.Aziz Seyra Ap.N:6 D:6 SK.AZIZ SEYRAN PAL.AP.N.6 D.6;İSTANBUL;BEYOĞLU;(212) 2516616;;;İİB-HUBUBAT
RAM DÜNYA MEDİKAL LİMİTED ŞİRKETİ;TURGUT ÖZAL MA. TONGUÇ BABA CAD. NO:21 İÇ KAPI:35;İSTANBUL;ESENYURT;;;;İİB-HUBUBAT
ALADDİN GROUP DIŞ TİC LTD ŞTİ;KOZYATAĞ MAH. GÜLBAHAR SOK. ASMALI APARTMANI NO:12 - DAİRE 9-;İSTANBUL;KADIKÖY;(212) 0000000;www.aladdingroup.com.tr;aladdingroup.com.tr;İİB-HUBUBAT
DİJİTAL KLİNİK TEKNOLOJİ VE PAZARLAMA SAN. TİC.LTD.ŞTİ;BULGURLU MAH. İZZETTİN BEY SOK NO:9/2/2;İSTANBUL;ÜSKÜDAR;(216) 0000000;;;İİB-HUBUBAT
MFS GROUP İÇ VE DIŞ TİC LTD ŞTİ;ŞENLİKKÖY MH YEŞİLKÖY HALKALI CD NO 93/2;İSTANBUL;BAKIRKÖY;(212) 0000000;;;İİB-HUBUBAT
ATAAY GIDA SANAYI VE TICARET ANONIM SIRKETI;YENİBOSNA MERKEZ MAH. SEDİR SK. NO: 7 34197;İSTANBUL;BAHÇELİEVLER;(212) 6523366;;;İİB-HUBUBAT
GEN TAHIN GIDA SANAYI VE TICARET ANONIM SIRKETI;KAYAPA MAH. KADIPINARI SK. FABRIKA NO: 6 IÇ KAPI NO:1;BURSA;NİLÜFER;(224) 0000000;;;İİB-HUBUBAT
CEBRAN GLOBAL GIDA İTHALAT İHRACAT VE TİCARET LİMİTED ŞİRKETİ;ZEYREK MAH. ÖMER EFENDİ SK. NO:13A;İSTANBUL;FATİH;(212) 0000000;;;İİB-HUBUBAT
BUYRAZ KOZMETIK GIDA SANAYI VE TICARET ANONIM SIRKET;MAHMUTBEY MAH. TASOCAGI YOLU CAD. B BLOKAGAOGLU MY OFFICE NO: 3 IÇ KAPI NO: 337;İSTANBUL;BAĞCILAR;(212) 0000000;;;İİB-HUBUBAT
NOVA DÜKKAN GIDA SAN VE TİC.LTD.ŞTİ.;FSM MAH. ATATÜRK CAD.NO:21;İSTANBUL;SARIYER;(212) 0000000;;;İİB-HUBUBAT
UNİTED COMPANY GIDA EMLAK İNŞ TUR VE DIŞ TİC LTD ŞTİ;CİHANGİR MH SEMAH SK NO 15A;İSTANBUL;AVCILAR;(212) 0000000;;;İİB-HUBUBAT
MANE AROMA VE ESANS SAN VE TİC.LTD.ŞTİ;GİRNE MAH. IRMAK SOK KÜÇÜKYALI İŞ MERK B BLOK NO:3;İSTANBUL;MALTEPE;(216) 4659700;;;İİB-HUBUBAT
KELLOGG MED GIDA TİC.LTD.ŞTİ.;RAMAZANOĞLU MH.MAHMUT BAYRAMCD.NO:88;İSTANBUL;PENDİK;02165242996;;;İİB-HUBUBAT
KAYLA GURME GIDA SANAYİ VE TİCARET LİMİTED ŞİRKETİ;NAMIK KEMAL MAH. MOTİF SK. OZTURKKARDESLER NO: 18A;İSTANBUL;ÜMRANİYE;(216) 0000000;;;İİB-HUBUBAT
EFENDİ PEHLİVAN GIDA SANAYİ VE TİCARET LİMİTED ŞİRKETİ;HÜRRİYET MAH. 277. SK. NO: 2A ;İSTANBUL;GAZİOSMANPAŞA;(212) 0000000;;;İİB-HUBUBAT
LETUX PHARMA İLAÇ KİMYA VE GIDA SANAYİ TİCARET LTD.ŞTİ.;YALI MAH. KADIR SOK.HELIS MORE OFFICE NO:14 KAPI N;İSTANBUL;KARTAL;(216) 3472519;;;İİB-HUBUBAT
PİKARE İÇ VE DIŞ TİCARET LTD ŞTİ;19 MAYIS MAH. TURABOĞLU SK. HAMDIYE YAZGAN  IS MERKEZI BLOK NO: 4 İÇ KAPI NO: 2;İSTANBUL;KADIKÖY;(212) 7520353;;;İİB-HUBUBAT
İNTERVO DIŞ TİCARET VE MÜMESSİLLİK LİMİTED ŞİRKETİ;ETİLER NİSPETİYE CAD.AKMERKEZİŞ MERK.B3 BLOK KAT:1;İSTANBUL;BEŞİKTAŞ;(212) 2821900;www.intervoltd.com;intervoltd.com;İİB-HUBUBAT
GÜLLÜOĞLU GIDA SAN.VE TIC.A.Ş.;KARAKÖY MUMHANE CAD.  NO:171;İSTANBUL;BEYOĞLU;(212) 2499680;www.gulluoglu.biz;gulluoglu.biz;İİB-HUBUBAT
SUMİ AGRO TURKEY TARIM İLAÇLARI SAN. TİC. AŞ.;MEYDAN SK. BEYBİGİZ PLAZA 1/18;İSTANBUL;SARIYER;(212) 2902560;www.sumiagro.com.tr;sumiagro.com.tr;İİB-HUBUBAT
ISTANBUL TURIZM VE OTELCILIK A.Ş;OSMANLI SOK.NO.23;İSTANBUL; ;0.212-2434342;;;İİB-HUBUBAT
BT TOHUMCULUK ZİRAAT VE TİCARET A.Ş.;GÜLBAHÇE MAH. ULUBATLI HASAN BULVARI ALP İŞ MERKEZNO.101/21;BURSA;OSMANGAZİ;(224) 2530654;;;İİB-HUBUBAT
İSMAİL MAHMUT GENÇAY-GENÇAY BAHARAT;SABUNCU HAN. CAD.SABUNCUHAN NO:22EMİMÖNÜ;İSTANBUL;FATİH;(212) 5122343;;;İİB-HUBUBAT
FELLAS GIDA VE SAĞLIK ÜRÜNLERİ SAN VE TİC.A.Ş;GİRNE MAH. IRMAKLAR SOK KÜÇÜKYALI İŞ MERK SİT.NO:72/9B/1 ;İSTANBUL;MALTEPE;(216) 3741064;;;İİB-HUBUBAT
ZEYNA GROUP DIŞ  TİCARET ANONİM ŞİRKETİ;NAMIK KEMAL MH 121 SK SABRA NO 26A/1;İSTANBUL;ESENYURT;(212) 0000000;;;İİB-HUBUBAT
GÖKTÜRK GIDA SAN VE DIŞ TIC.LTD.ŞTİ;İKİTELLİ O.S.B.TURGUT ÖZAL CAD.ÇEVRE SAN SİT.6 BLOK NO:30-32 ;İSTANBUL;BAŞAKŞEHİR;(212) 4857800;;;İİB-HUBUBAT
KOZAL İÇ VE DIŞ TİCARET LİMİTED ŞİRKETİ;ÜRÜNLÜ MAH. İZMİR YOLU CAD. NO:435 C/2;BURSA;NİLÜFER;(224) 0000000;;;İİB-HUBUBAT
PASTA STORE GIDA OTO. İNŞ. İTH. İHR. SAN. TİC. LTD. ŞTİ.;MAHMUTBEY MAH.2450.SOK.NO18/1;İSTANBUL;BAĞCILAR;(212) 6595450;www.pastastore.com.tr;pastastore.com.tr;İİB-HUBUBAT
ARS SMART PAZARLAMA İTHALAT İHRACAT VE TİCARET ANONİM ŞİRKETİ;UĞUR MUMCU MAH. AKASYA SK. ÜNVER KONAK APT.NO:24 İÇ KAPI NO:21;İSTANBUL;KARTAL;(216) 0000000;;;İİB-HUBUBAT
ZOOTECHNIST İLAÇ SANAYİ VE TİCARET LTD. ŞTİ.;KARADENİZ MAH. BAYBURT CAD. NO:3/31;TEKIRDAĞ;SÜLEYMANPAŞA;(212) 3560345;;;İİB-HUBUBAT
EL BEYTÜL EL DİMEŞKİ RESTORAN TİCARET LİMİTED ŞİRKETİ;ALİ KUŞÇU MAH.ESKİ ŞİFAHANE SK.NO:1/1;İSTANBUL;FATİH;(212) 0000000;;;İİB-HUBUBAT
RUBY ÇİKOLATA GIDA TİCARET LİMİTED ŞİRKETİ;ORHAN GAZİ MAH. 1656. SK. NO: 36A;İSTANBUL;ESENYURT;(212) 0000000;;;İİB-HUBUBAT
HHB GIDA SANAYI VE TICARET ANONIM SIRKETI;IÇERENKÖY MAH. ASKENT SK. KOSIFLER OTO NO: 3 A IÇ KAPI NO: 6;İSTANBUL;ATAŞEHİR;(262) 5020132;www.hhbgida.com;hhbgida.com;İİB-HUBUBAT
AKRA GRUP GIDA ÜRÜNLERİ SAN. VE TİC. LTD. ŞTİ.;YENİ MAH. TOPÇA F BLOK NO:13;SAKARYA;ERENLER;(264) 2221212;;;İİB-HUBUBAT
KAKAOAĞACI GIDA SANAYİ VE TİCARET LİMİTED ŞİRKETİ;KAVAKPINAR MAH. ASA SK. NO: 2 AB;İSTANBUL;PENDİK;(216) 0000000;;;İİB-HUBUBAT
ISTALIKA ŞEKERLİ MAMÜLLER DIŞ TİCARET LİMİTED ŞİRKETİ;YENİ MAHALLE LADİN SOKAK NO:11 D:25;İSTANBUL;SARIYER;(212) 0000000;;;İİB-HUBUBAT
ESANS TİC.VE SAN AŞ.;KUTUCULAR CD.KADIOĞLU SK.NO:8;İSTANBUL; ;(212) 5273470;;;İİB-HUBUBAT
ÖZ CAN PIŞMANIYE GIDA MATBAA SAN. VE TIC. A.Ş;YENİ BURSA YOLU ÜZERİVEZİRÇİFTLİĞİ MEVKİİ NO.72;KOCAELI;BAŞİSKELE;;;;İİB-HUBUBAT
MONDELEZ TURKEY GIDA ÜRETİM A.Ş.;İNÖNÜ MAH. PLASTİKÇİLER ORG. SAN. BÖLG.1.CADDE 11. SOK. NO:5;KOCAELI;GEBZE;(262) 7511555;"www.7days.com, www.chipita.com";;İİB-HUBUBAT
STAR FOOD GIDA SANAYİ VE TİCARET LİMİTED ŞİRKETİ;CEVİZLİK MAH. KARTOPU SK. NO: 9 /1 İÇ KAPI NO: 1;İSTANBUL;BAKIRKÖY;(212) 5612604;;;İİB-HUBUBAT
ANAMAS TARIM ÜRETIM PAZARLAMA SANAYI TICARET LTD.ŞTI.;BURHANETTİN ONAT CAD.YILMAZ SİT. B BLOK NO:99 KAT :4 DAİRE:22;ANTALYA;MURATPAŞA;(242) 3223680;www.anamastohum.com;anamastohum.com;İİB-HUBUBAT
KARIN GIDA SAN. VE TIC. A.Ş.;ÇEVRİK MAH. ŞEHİT MESUT KIROĞLU CAD. NO:60/1-A-B ;DÜZCE;CUMAYERİ;+(212) 2199784;www.karinnuts.com;karinnuts.com;İİB-HUBUBAT
MPS FORGE METAL PARÇA SANAYİ TİCARET LİMİTED ŞİRKETİ;SANAYİ MAH. KUMRU SOK NO:12/A;KOCAELI;İZMİT;(262) 3351841;;;İİB-HUBUBAT
DONUK PASTA ÜRETİM VE PAZARLAMA A.Ş;ARSLANBEY MAH. UZUN SOK NO:46 ;KOCAELI;KARTEPE;(262) 3732303;;;İİB-HUBUBAT
FAST KITCHEN GIDA TİCARET LİMİTED ŞİRKETİ;NECİP FAZIL MH. ŞAHSUVAROĞLU SK. N.14/3;İSTANBUL;ÜMRANİYE;(216) 0000000;;;İİB-HUBUBAT
RM GRUP GIDA SAN VE TİC.LTD.ŞTİ.;YEŞİLOVA MAH. 4. BARBAROS CAD. NO:3/4;İSTANBUL;KÜÇÜKÇEKMECE;(212) 6376844;;;İİB-HUBUBAT
ADM WILD GIDA SAN.VE TIC. LTD.ŞTI.;REŞİTPAŞA  MAH.ESKİ  BÜYÜKDERE CADNO:14 PARK PLAZA K:12 D:28 34398;İSTANBUL;SARIYER;(212) 3451006;www.wild.de;wild.de;İİB-HUBUBAT
ANIL GROUP GLOBAL GIDA  SAN.VE TIC.LTD.ŞTİ; MAHMUTBEY MH 2447 SK NO 102;İSTANBUL;BAĞCILAR;(212) 6595993;www.anilgroup.com.tr;anilgroup.com.tr;İİB-HUBUBAT
PEK DONDURULMUS GIDA SANAYI VE TICARET ANONIM SIRKETI;KARADENİZ MAH. ŞEHİT FİLİZ OKANDAN CAD NO:14/1 SÜLEYMANPAŞA ;TEKIRDAĞ;ŞARKÖY;(282) 2636444;;;İİB-HUBUBAT
ADA FİSKOS GRUP GIDA ÜRÜNLERİ SANAYİ VE TİCARET LTD.ŞTİ;YENİ MAH. TOPÇA TOPTANCILAR ÇARŞISI KÜME EVLER TOPÇA A BLOK NO 1 A İÇ KAPI NO 16;SAKARYA;ERENLER;(264) 0000000;;;İİB-HUBUBAT
YEY FOOD AND DRINK SUPPLY CENTER LOJİSTİK PAZARLAMA TİCARET LİMİTED ŞİRKETİ;BAŞAK MAH. MİMAR SİNAN CAD. B.ŞEHİR VADİ PARK EVL.N:2AA/43;İSTANBUL;BAŞAKŞEHİR;(212) 0000000;;;İİB-HUBUBAT
YTM KURTEX DIŞ TİCARET LİMİTED ŞİRKETİ;SEYİTNİZAM MAHALLESİ DEMİRCİLER SİTESİ 8.CADDE GALKSİ A BLOK İŞHANI KAPI NO 75 DAİRE 146;İSTANBUL;ZEYTİNBURNU;(212) 0000000;;;İİB-HUBUBAT
DORAPACK PLASTİK SANAYİ VE TİCARET LİMİTED ŞİRKETİ;MAHMUTBEY MAH. TAŞOCAĞI YOLU CAD. POLAT TOWER SİTENO:1/139;İSTANBUL;BAĞCILAR;(212) 0000000;http://www.dorapack.com.tr;dorapack.com.tr;İİB-HUBUBAT
OPTİMUM GIDA İÇ VE DIŞ TİC.LTD.ŞTİ.;İSTANBUL DERİ SANBÖLG.RUGAN SOK.N:2 XVIII-5/6 ÖZEL PARSEL;İSTANBUL;TUZLA;(216) 3043535;;;İİB-HUBUBAT
NİTANAN GIDA İTH.İHR.TİC.LTD.ŞTİ.;BARIŞ MAH. BELEDİYE CAD GINZA LAVINYA  NO:30/62;İSTANBUL;BEYLİKDÜZÜ;(212) 0000000;;;İİB-HUBUBAT
ALPHA İLAÇ VETERİNER ÜRÜNLERİ İTHALAT İHRACAT SANAYİ TİCARET LİMİTED ŞİRKETİ;İSMETPAŞA MAHALLESİ 101. SOKAK NO:58/A;İSTANBUL;SULTANGAZİ;(212) 0000000;;;İİB-HUBUBAT
DOĞU CAZİBESİ GRUP GIDA VE İNŞ.TİC.LTD.ŞTİ.;DENİZKÖŞKLER MAHMUHTARKAZIM AKGÜL CAD. NO:6/6;İSTANBUL;AVCILAR;(212) 5327875;;;İİB-HUBUBAT
CELALETTİN ÇELİK;TALATPAŞA MAH.KIRMIZI GÜL CAD. AŞÇI APARTMANI NO:8;EDIRNE;MERKEZ;(284) 0000000;;;İİB-HUBUBAT
RİTMO TARIM ÜRÜNLERİ TİC. VE SAN. A. Ş.;ANTALYA CADDESI NO:373;ANTALYA;KEPEZ;(242) 3404730;;;İİB-HUBUBAT
COJ KAHVE VE GIDA HİZMETLERİ TİCARET ANONİM ŞİRKETİ;ALTUNİZADE MAH. ORD. PROF. FAHRETTİN KERİM GÖKAYCAD. NO: 38 İÇ KAPI NO: 2;İSTANBUL;ÜSKÜDAR;(850) 8001080;http://www.cupofjoy.com.tr;cupofjoy.com.tr;İİB-HUBUBAT
MERT COŞKUN - CKN GROUP DIŞ TİC;EMEKEVLER MAH. CENGİZ TOPEL CAD. NO:10 E/17;KOCAELI;KARTEPE;(262) 0000000;;;İİB-HUBUBAT
EXWELL GLOBAL AMB. GIDA İTH. İHR. SAN. VE TİC. LTD. ŞTİ.;ÖZERLER MAH. İSTANBUL CAD. ATA İŞ MERK.NO:51/1İÇ KAPI NO:106  ;KIRKLARELI;LÜLEBURGAZ;(288) 0000000;;;İİB-HUBUBAT
YAĞMUR HAZIR GIDA SANAYİ TİCARET LİMİTED ŞİRKETİ;DUMLUPINAR MAH. BAŞKALE CAD. NO:3 ;BURSA;NİLÜFER;(212) 6876559;;;İİB-HUBUBAT
EMRE KISMET;SANAYİ DİĞER YALOVA-BURSA YOLU CAD.159İÇ KAPI NIO 5;YALOVA;MERKEZ;(226) 8000091;;;İİB-HUBUBAT
YEKHANOĞLU UNLU MAM.GIDAVE İNŞ.SAN.DIŞ.TİC.LTD.ŞTİ;UGURMUMCU MAH. HOCA AHMET YESEVİ CAD. 2271 SOK NO:15 ;İSTANBUL;SULTANGAZİ;(212) 6191959;www.yekhanoglu.com.tr;yekhanoglu.com.tr;İİB-HUBUBAT
GOOD FOOD DONUK GIDA TİC. LTD. ŞTİ.;UĞUR MUMCU MAH. SERÇE SOK. MAVİ EVLER D BLOK NO:2B;İSTANBUL;KARTAL;(216) 0000000;;;İİB-HUBUBAT
DC PASTACILIK GIDA SAN.VE TİC.A.Ş.;"MVK WORK - SQUARE, YENİŞEHİR MAH.MUSTAFA AKYOL  SOKAK A BLOK 13  NUMARA:111";İSTANBUL;PENDİK;(216) 3040154;;;İİB-HUBUBAT
AKBABA SAĞLIK HİZM GIDA İNŞ VE DIŞ TİC.LTD.ŞTİ;DEMİRCİ MAH. DEMİRCİ YOLU CAD. NO:26 ;BURSA;NİLÜFER;;;;İİB-HUBUBAT
PALMIYE ILAÇ KIMYA VE GIDA SAN TIC.A.Ş.;İÇERENKÖY MAH. SİNOP SOK. NO:6 ;İSTANBUL;ATAŞEHİR;(216) 5774020;www.palmiyeilac.com;palmiyeilac.com;İİB-HUBUBAT
EB VİTAL TURİZM TARIM İNŞAAT ANONİM ŞİRKETİ;NİSBETİYE MAH. NİSBETİYE CAD. ÖZDEN IŞ MERKEZINO: 22 İÇ KAPI NO: 3;İSTANBUL;BEŞİKTAŞ;(212) 2135513;;;İİB-HUBUBAT
RKARE GIDA TURİZM TİCARET VE SANAYİ LİMİTED ŞİRKETİ;YOLÇATI MAH ATATÜRK CAD (330) NO:1 A NİLÜFER BURSA;BURSA;NİLÜFER;(224) 4428800;;;İİB-HUBUBAT
MİM ÇAY SAN.VE TİC.LTD.ŞTİ;ÖMERLİ MAH.URAN CAD.17/1;İSTANBUL;ÇEKMEKÖY;(216) 0000000;;;İİB-HUBUBAT
SUSAM ÇEKİRDEĞİ GIDA İTH.İHR.VE TİC.LTD ŞTİ.;HALİDE EDİP ADIVAR MAH KEKLİK SK EKŞİOĞLU EKSA DEMİRİST APARTMANI NO:2-4 İÇ KAPI :9;İSTANBUL;ŞİŞLİ;(212) 2519733;;;İİB-HUBUBAT
NARPLAST AMBALAJ SANAYİ VE TİCARET ANONİM ŞİRKETİ;İKİTELLİ OSB MH 25 CD ÜSTÜN PŞASTİK AMB NO 14/1;İSTANBUL;BAŞAKŞEHİR;(212) 0000000;;;İİB-HUBUBAT
EASY MİX GIDA ÜRETİM SANAYİ VE TİCARET ANONİM ŞİRKETİ;BÜYÜKBAKKALKÖY MAH. SAMANDIRA YOLU SK.TÜRKER NAKLİYAT BLOK NO:24;İSTANBUL;MALTEPE;(216) 0000000;;;İİB-HUBUBAT
KARADENİZ İNCİSİ DEPOLAMA VE LOJİSTİK A.Ş;İKİTELLİ OSB. 107 SOK P BLOK TORMAK SAN. SİT NO:28;İSTANBUL;BAŞAKŞEHİR;(212) 4855754;;;İİB-HUBUBAT
LADİVA FOOD EXPORT IMPORT NAKLİYE TAŞIMACILIK GIDA İNŞ. TURİZM YATIRIM SAN TİC.LTD.ŞTİ;ÇOBANÇEŞME MAH. SANAYİ CAD. NO:44 D/76;İSTANBUL;BAHÇELİEVLER;(212) 6036836;;;İİB-HUBUBAT
ÖZVEREN GIDA ITHALAT IHRACAT SAN. VE TIC. LTD. ŞTI.;MEŞRUTİYET MAH. MATBAACI SOK  BEKİROĞLU İŞ MERK NO:36/202;İSTANBUL;ŞİŞLİ;(212) 2911035;;;İİB-HUBUBAT
FORTUNE GROUP GIDA VE TURİZM SAN TİC.LTD.ŞTİ;MEŞRUTİYET MAH. BUKET SOK NO:9/3;İSTANBUL;ŞİŞLİ;(212) 2915334;;;İİB-HUBUBAT
DETEKS KİMYA SANAYİ ANONİM ŞİRKETİ;ÇAMÇEŞME MAH.SANAYİ CAD.ALEMDAR KİMYA YANI;İSTANBUL; ;(216) 3963789;www.deteks.com.tr;deteks.com.tr;İİB-HUBUBAT
EGEMAK MAKINA GIDA VE TARIM URUNL.URET.VE DIS TIC.LTD.STI.;ÇEKMEKÖY YOLU NO:38;İSTANBUL;ÜMRANİYE;(216) 3133334;;;İİB-HUBUBAT
ALİSYA PASTACILIK GIDA SANAYİ VE TİCARET ANONİM ŞİRKETİ;ORTA MAH. KINALIKAR SK. DEMKAR KLİMA SİT. NO :12 /1;İSTANBUL;TUZLA;(216) 3040572; b.demir@alisyapastacilik.com;alisyapastacilik.com;İİB-HUBUBAT
PASİFİK TİC.İHR.VE İTH. A.Ş;YAKUPLU MAH. GEÇİT SOK NO:17/5;İSTANBUL;BEYLİKDÜZÜ;(212) 4828111;;;İİB-HUBUBAT
GAZIANTEPLI HABEŞ SEYIDOĞLU BAKLAVAL.ULUSL.NAKL.SAN.TIC.LT;BAKIR VE PİRİNÇ SAN. SİTESİAÇELYA CAD. NO:5;İSTANBUL;BÜYÜKÇEKMECE;(212) 8766969;;;İİB-HUBUBAT
CSI TARIM AŞ;ÜNALAN MAH LİBADİYE CAD EMAR RESİDENCE NO:82E İÇ  KAPI:302;İSTANBUL;ÜSKÜDAR;(216) 3420032;;;İİB-HUBUBAT
BRIDGES İNTERNATİONAL İNŞ SAN İTH İHR VEDIŞ TİC LTD ŞTİ;Z.GÖKALP MAH. AĞAOĞLU MY WORLD ARCAA RECİDANCE NO:13-4;İSTANBUL;AVCILAR;(212) 0000000;;;İİB-HUBUBAT
ALFA İSTANBUL TEKNOLOJİ DANIŞMANLIK İÇ VE DIŞ TİCARET ANONİM ŞİRKETİ;KÜÇÜKBAKKALKÖY MAH.KAYIŞDAĞI CAD.METAL IS MERKEZI BLK.37/98 ATAŞEHİR;İSTANBUL;ATAŞEHİR;;;;İİB-HUBUBAT
MİNİMAL GIDA SANAYİ VE TİCARET AŞ.;İNÖNÜ MAH.GEBZE GÜZELLER OSB MAH. ALPTEGIN SK. NO: 7 İÇ KAPI NO: B2   ;KOCAELI;GEBZE;(212) 2812100;;;İİB-HUBUBAT
AAD GLOBAL GIDA TEKSTİL MEDİKAL DIŞ TİC.LTD.ŞTİ.;MİMARSİNAN MAH. KIVANÇ SOK EKŞİOĞLU 5 YILDIZ5 ETAP A3 BLOK NO:2C/32;İSTANBUL;ÇEKMEKÖY;(216) 6405343;www.aadglb.com;aadglb.com;İİB-HUBUBAT
AKL KİMYA VE DANIŞMANLIK LTD. ŞTİ.;MASLAK MAH. MASLAK MEYDAN SK.VEKO GIZ PLAZA NO:3 İÇ KAPI:79;İSTANBUL;SARIYER;(212) 0000000;;;İİB-HUBUBAT
DS SUPPLY SOLUTIONS DANISMANLIK TICARET LIMITED SIRKETI;ZÜMRÜTEVLER MAH. EMEK CAD. KIPTAS SEYRANTEPE A3 BLNO: 93 /3 IÇ KAPI NO: 20;İSTANBUL;MALTEPE;(216) 0000000;http://www.dsupplys.com;dsupplys.com;İİB-HUBUBAT
SINIRLI SORUMLU KEPENEKLİ TARIMSAL KALKINMA KOOPERATİFİ;KEPENEKLI MAH. 1904. SK. NO:7;TEKIRDAĞ;MURATLI;(282) 0000000;;;İİB-HUBUBAT
KA PLASTİK SAN. TİC. LTD. ŞTİ.;MECİDİYE MAH. AĞRI CAD.NO:132;İSTANBUL;SULTANBEYLİ;(216) 4052255;;;İİB-HUBUBAT
YÖRESEL TÜKETİM MALLARI GIDA SAN.TİC.LTD.ŞTİ.;KAYIŞDAĞI MAH.BÜLENT SOKAK NUMARA:98/A;İSTANBUL;ATAŞEHİR;(216) 3140551;www.yoreselgida.com.tr;yoreselgida.com.tr;İİB-HUBUBAT
ANTARES PATENT MARKA DANIŞMANLIK TİCARET LİMİTED ŞİRKETİ;GÖZTEPE MAH.YEŞİLBAHAR SK. NO:33 İÇ KAPI NO:22;İSTANBUL;KADIKÖY;(216) 4740810;;;İİB-HUBUBAT
ELİXİR TARIM GIDA TURİZM KARGO ULUSLARARASI TAŞIMACILIK DIŞ TİCARET LİMİTED ŞİRKETİ;BARBAROS MAH. MOR SÜMBÜL SK.NİDAKULE NO:7 /3F / 12;İSTANBUL;ATAŞEHİR;(242) 3467744;;;İİB-HUBUBAT
BOZEL GIDA HED. ORG. İNŞ. VE DIŞ TİC. LTD. ŞTİ.;SÜLEYMANİYE PARK CD NO 26 5 6 7 8;İSTANBUL;ÜSKÜDAR;(216) 5726384;;;İİB-HUBUBAT
LİZETTA TARIM VE SÜT ÜRÜNLERİ SAN.A.Ş.;ATATÜRK MH DR HACI İBRAHİM BAKIR CD  NO 108 B;ÇANAKKALE;ÇAN;(286) 0000000;www.dmgroup.com.tr;dmgroup.com.tr;İİB-HUBUBAT
ÜSTAT TATLI ÜRETİMİ VE GIDA SANAYİ TİCARET LİMİTED ŞİRKETİ;AKÇABURGAZ MAH. MUHSİN YAZICIOĞLU CAD. NO: 25İÇ KAPI NO: 1;İSTANBUL;ESENYURT;(212) 0000000;;;İİB-HUBUBAT
İNTERKO KAĞIT AMB. KİMYA İNŞ. SAN. TİC. İTH. İHR. LTDİ .ŞTİ.;İSTOÇ 10. ADA NO:137 MAHMUTBEY;İSTANBUL;BAĞCILAR;(212) 6598404;;;İİB-HUBUBAT
THERMO AKVARYUM MALZ. SAN. TİC. VE PAZ. LTD. ŞTİ.;GÜNEŞ SK. NO:41/B;İSTANBUL;ÜMRANİYE;(212) 5052408;;;İİB-HUBUBAT
AYVANSARAY GIDA SAN.VE TIC.LTD ŞTI.;BOSTAN SOK.NO.25;İSTANBUL;FATİH;02125245741;;;İİB-HUBUBAT
HB2 ENERJİ SANAYİ VE TİCARET ANONİM ŞİRKETİ;AKPINAR MAH. ŞHT.MÜMİNMUTLU SK. C NO: 4/1 İÇ KAPINO: 6;BURSA;OSMANGAZİ;(224) 0000000;;;İİB-HUBUBAT
CINBAR OTOMOTİV SANAYİ TAAHHÜT VE TİCARET LİMİTED ŞİRKETİ;DUDULLU OSB MAH. İMES-501 SK. E BLOK NO: 31;İSTANBUL;ÜMRANİYE;(216) 4154040;www.cnrdiesel.com;cnrdiesel.com;İİB-HUBUBAT
İKARUS VETERİNER VE PET ÜRÜNLERİ SAN TİC LTD ŞTİ;TEKSTİLKENT CAD TEKSTİLKENT B15 BLOK 10F İÇ KAPI N;İSTANBUL;ESENLER;(212) 8129827;;;İİB-HUBUBAT
KAHVE VADİSİ GIDA PAZ LTD ŞTİ;ŞERİF ALİ MH BÜYÜK YAVUZ SK NO 31/63QUANT RESIDANCE;İSTANBUL;ÜMRANİYE;(216) 0000000;www.kahvevadisi.com;kahvevadisi.com;İİB-HUBUBAT
MOHAMAD AL MUHAREK;BATTALGAZİ MAH.NİHAL SK.NO:10 ;İSTANBUL;SULTANBEYLİ;(212) 2434816;;;İİB-HUBUBAT
DAHLİZ GIDA TURZ. TAŞIMACILIK VE DIŞ TİC. LTD. ŞTİ.;SIRINEVLER MAH.ESKI LONDRAASFALTI HAYAT APT.NO.5 D.10;İSTANBUL;BAHÇELİEVLER;02126539012;;;İİB-HUBUBAT
AYLA FOODS GIDA SANAYİ VE DIŞ TİCARET LİMİTED ŞİRKETİ;ATATÜRK MAH. GAZİ CAD. ONKA YAPI NO:22/1;İSTANBUL;ESENYURT;(212) 0000000;http://www.ayla-foods.com;ayla-foods.com;İİB-HUBUBAT
TAMİVET YEM KATKI MADDELERİ İLAÇ SANAYİ VE DIS TİCARET LİMİTED SİRKETİ;TAŞKÖPRÜ BELDESİ TAŞKÖPRÜ MERKEZ MAH. ÇAĞDAŞ SKNO: 2 İÇ KAPI NO: A;YALOVA;ÇİFTLİKKÖY;(226) 0000000;;;İİB-HUBUBAT
İHEALTH SAĞLIK ÜRÜNLERİ VE İLAÇ SANAYİ TİCARET A.Ş.;MASLAK MAH. SANATKARLAR SK.ECLİPSE MASLAK SİTESİ  NO:2 D İÇ KAPI NO:20;İSTANBUL;SARIYER;(212) 2744046;www.ihealth.com.tr;ihealth.com.tr;İİB-HUBUBAT
GUSTARO GIDA TEKSTİL SANAYİ VE TİCARET LİMİTED ŞİRKETİ;MİMAR SİNAN MAH 253 SK YUNUS KURT NO/8 ;TEKIRDAĞ;KAPAKLI;(282) 0000000;;;İİB-HUBUBAT
ASYA TRADİNG İNŞAAT YAPI MALZEMELERİ VE GIDA MALZEMELERİ İTHALAT İHRACAT TİC. LTD. ŞTİ.;ARABACIALANI MAH. MEHMET AKİF ERSOY CAD. NO:44/206;SAKARYA;SERDİVAN;(264) 0000000;;;İİB-HUBUBAT
CEY DIŞ TİC.VE DANIŞMANLIK LTD.ŞTİ.;HALASKARGAZİ CAD. KENT PASAJI C BLOKK:3 NO:33;İSTANBUL;ŞİŞLİ;(212) 2426269;;;İİB-HUBUBAT
CHARİSMA TATLICILIK LTD ŞTİ;İKİTELLİ OSB MH TRİKO DOKUMACILAR M8 BLOK NO143;İSTANBUL;BAŞAKŞEHİR;(212) 0000000;;;İİB-HUBUBAT
MİR GLOBAL GIDA SANAYİ VE TİCARET LİMİTED ŞİRKETİ;KOCATEPE MAH. GÜMRÜK İSKELESİ CAD. A BLOK MEGACENTER NO: 89 İÇ KAPI NO: 104;İSTANBUL;BAYRAMPAŞA;(212) 0000000;;;İİB-HUBUBAT
CARTERO GIDA SAN. VE TİC. LTD. ŞTİ.;MERKEZ MAH. TATLIPINAR SOK. NO:13/3 KAĞITHANE;İSTANBUL;KAĞITHANE;(212) 2954353;;;İİB-HUBUBAT
DİNAMİK SU VE GIDA TEKNOLOJİLERİ SANAYİ TİCARET ANONİM ŞİRKETİ;DİKİLİTAŞ MAH. CEYLAN SOK. NO:1 D:4 YILDIZ;İSTANBUL;BEŞİKTAŞ;(212) 2589733;www.dinamikaritma.com;dinamikaritma.com;İİB-HUBUBAT
TOSUN RESTORANT İŞL. VE GIDA ÜRETİM SANAYİ TİC.LTD.ŞTİ;HAMİDİYE MAH. ULUBATLI HASAN  CAD. NO:14 L/1;İSTANBUL;ÇEKMEKÖY;;;;İİB-HUBUBAT
DENGEMIX GIDA ÜRETİM İTH. İHR. SAN. VE TİC.LTD.ŞTİ;CİHANGİR MAH  GÜVERCİN CAD. AKTİM3 İŞ MERK. DIŞ KAPI NO:3 İÇ KAPI NO :6 ;İSTANBUL;AVCILAR;(212) 0000000;;;İİB-HUBUBAT
FİMTAD GIDA SAN.TİC.LTD.ŞTİ;ATATÜRK MAH. ERTUĞRULGAZİ SOK METROPOL İST.C1 BLOK2B KAT:8/149;İSTANBUL;ATAŞEHİR;(216) 5043161;www.fimtad.com;fimtad.com;İİB-HUBUBAT
SELF HIZLI GIDA VE OTOMASYON TEKNOLOJİLERİ ANONİM ŞİRKETİ;GÜMÜŞSUYU MAH. DÜNYA SAĞLIK SK. OPERA IŞ MERKEZI +NO: 25 İÇ KAPI NO: 60;İSTANBUL;BEYOĞLU;(212) 0000000;;;İİB-HUBUBAT
LA LORRAİNE UNLU MAMULLER TİCARET SANAYİ ANONİM ŞİRKETİ;MANİSA OSB 4.KISIM KEÇİLİKÖY OSB MAH. HASAN TÜREK BULVARI NO:27;MANISA;YUNUS EMRE;(236) 2260600;www.llbg.com;llbg.com;İİB-HUBUBAT
TAM-TAŞ MAKİNA SAN.VE TİC.A.Ş.;İKİTELLİ OSB MAH. HESSKOOP D BLOK HESSKOOP SİTESİ NO:30-31-32;İSTANBUL;BAŞAKŞEHİR;02125542266;www.tamtas.net;tamtas.net;İİB-HUBUBAT
DELI ZIYA GIDA MAMÜLLERI LTD. ŞTI.;HASKOY OKMEYDANI CAD.NO.31;İSTANBUL;BEYOĞLU;02122532425;;;İİB-HUBUBAT
AFY GIDA ÜRÜNLERİ SAN VE DIŞ TİC.A.Ş;SANCAKTEPE MAH. TİREBOLU CAD. NO:66;İSTANBUL;SİLİVRİ;(212) 8141418;;;İİB-HUBUBAT
ÖZBURAK OTO.İNŞ.GIDA TARIM ÜRÜN.SAN.VETİC. LTD.ŞTİ;BAĞLAR MAH. 23.SK. - NO:8/A;İSTANBUL;BAĞCILAR;(212) 4745044;www.ozburaksusam.com;ozburaksusam.com;İİB-HUBUBAT
MELY ÇIKOLATA ANONIM SIRKETI;ANADOLU MAH. YILDIRIM BEYAZIT CAD. - NO: 56 /1 IÇ KAPI NO:1;İSTANBUL;ARNAVUTKÖY;(212) 6810088;https://www.melycikolata.com/;melycikolata.com;İİB-HUBUBAT
ARTI ENDÜSTRİYEL GIDA SAN VE TİC. A.Ş;CEVİZLİ MAH.TUGAY YOLU CAD.OFİSİM İSTANBUL SİTESİ NO:20B İÇ KAPI:44 CEVİZLİ 34846 ;İSTANBUL;MALTEPE;(216) 9692114;;;İİB-HUBUBAT
MUSTAFA ALTAY GIDA PAZARLAMA TİC.VE SANAYİ LTD.ŞTİ;E-84 KARAYOLU UZERI STADYUMKARSISI;TEKIRDAĞ;MALKARA;02824270722;;;İİB-HUBUBAT
CARİLO GIDA DIŞ TİC AŞ;YAKUPLU MH HÜRRİYET BLV SKYPORT RECIDANCE NO 1/154;İSTANBUL;BEYLİKDÜZÜ;(212) 8768382;;;İİB-HUBUBAT
KOZA GLOBAL DIS TICARET LIMITED SIRKETI;FATIH SULTAN MEHMET MAH. BALKAN CAD. MEYDAN ISTANBUL AVM NO: 62 A;İSTANBUL;ÜMRANİYE;(216) 2527520;;;İİB-HUBUBAT
KEMİN KİMYASAL ÜRÜN.DIŞ TİC.VE PAZ.LTD.ŞTİ.;KAYIŞDAĞI CAD.G-84 SOK.GÖKSUYUAPT.KAT:3 NO:11/8;İSTANBUL;KADIKÖY;(216) 5773421;;;İİB-HUBUBAT
CANDY KARGO SANAYİ TİCARET LİMİTED ŞİRKETİ;ADNAN KAHVECİ MAH. AVRUPA CAD. BİZ TEKSTİL SANAYİ  VE DIŞ TİCARET LİMİTED ŞTİ NO:76/1;İSTANBUL;BEYLİKDÜZÜ;(212) 0000000;;;İİB-HUBUBAT
PRİMEFOODS GLOBAL GIDA LİMİTED ŞİRKETİ;YENİGÜN MAH. 1567 NOLU SK. NO: 16 İÇ KAPI NO: 3;SAKARYA;ADAPAZARI;(264) 0000000;;;İİB-HUBUBAT
HAMZA MUHAMMED GEMBRI EMEN DIŞ TİCARET İTHALAT VE İHRACAT; KEMALPAŞA MAH.GENÇTÜRK CAD. NO.41/101;İSTANBUL;FATİH;(212) 6549924;;;İİB-HUBUBAT
BTA UNLU MAM.GIDA ÜRETİM SAN.VE TİC.A.Ş;OSMANGAZİ MAH. 2647 SOK. NO:5;İSTANBUL;ESENYURT;(212) 6718600;www.cakes-bakes.com;cakes-bakes.com;İİB-HUBUBAT
ALİ SİLLAH-JAWS İNTERNATİONAL TRADING GIDA;BALABANAĞA MAH. FETHİBEY CAD. LALELİ GALERİA İŞ   MERK 20/204;İSTANBUL;FATİH;(212) 5202404;;;İİB-HUBUBAT
7TASK MAĞAZACILIK ANONİM ŞİRKETİ;YENIBOSNA MERKEZ MAH. 29 EK M CAD. A2 NO: 7 IC KAPI NO: 13;İSTANBUL;BAHÇELİEVLER;(212) 6715767;;;İİB-HUBUBAT
ARMADA TARIM SANAYI VE TICARET ANONIM SIRKETI;FULYA MAH UYGAR SOK. 16/15 ŞİŞLİ;İSTANBUL;ŞİŞLİ;(212) 2029916;www.armadagrup.com;armadagrup.com;İİB-HUBUBAT
SAİT AYBAK;MALKOÇĞLU MAH. ESKİ EDİRNE ASFALTI CAD. NO.889-891NO.889-891/5 SULTANGAZİ ;İSTANBUL;SULTANGAZİ;;;;İİB-HUBUBAT
MERTER BAL TAHİN GIDA TEKSTİL İNŞAAT SANAYİ VE TİCARET LİMİTED ŞİRKETİ;ÇALI MAH. GRİ CD. NO : 11 ;BURSA;NİLÜFER;;;;İİB-HUBUBAT
AL TIJARAH ITHALAT IHRACAT ANONIM SIRKETI;FULYA MAH. BÜYÜKDERE CAD. QUASAR NO: 76 İÇ KAPI NO:157 ;İSTANBUL;ŞİŞLİ;(216) 0000000;;;İİB-HUBUBAT
SALLOURA SWEEETS GIDA SAN. VE DIŞ TİC.LTD.ŞTİ.;TERAZİDERE MAH. DAVUTPAŞA ÇİFTE HAVUZLAR CAD. NO:5;İSTANBUL;BAYRAMPAŞA;(212) 2749448;;;İİB-HUBUBAT
TUĞBA MASATÇI;MERKEZ MAH. ŞEHİT NECMETTİN BAYHATUN SOK NO:14A;İSTANBUL;GAZİOSMANPAŞA;(212) 0000000;;;İİB-HUBUBAT
HANLAR GIDA İNŞAAT TEKSTİL TURİZM TİC. LTD. ŞTİ.;ARABACI BEYAZIT MAH.K.M PAŞACAD.NO:280/2;İSTANBUL; ;(212) 5171018;;;İİB-HUBUBAT
ERC DAİRY GIDA SAN.TİC.LTD.ŞTİ;ALTAYÇEŞME MAH.DENİZİM SOK.ERCANLAR APT.NO:108B;İSTANBUL;MALTEPE;(216) 3452533;;;İİB-HUBUBAT
KUVER ENDÜSTRİYEL GID.SAN.VE TİC.A.Ş.;GEBZE OSB MAH. 400. SK. 412/2;KOCAELI;GEBZE;;;;İİB-HUBUBAT
DİVES DAYANIKLI TÜKETİM MADDELERİ GIDA TEKSTİL UNLU MAMÜLLER YEMEKÇİLİK İTH.İHR.SAN.VE TİC.LTD.ŞTİ.;ÇAY MAH.CUMHURİYET CAD.ÜNAL PLAZA SİT.NO:79A/502;YOZGAT;SORGUN;;;;İİB-HUBUBAT
SODRU TARIM TAŞIMACILIK İTHALAT İHRACAT TİC. A.Ş.;SUADİYE MAH.BAĞDAT CAD.NO:461/10 KAT:4;İSTANBUL;KADIKÖY;(224) 5044165;;;İİB-HUBUBAT
ENES AÇIKGÖZ;KESTANELİK MAH. KARACAKÖY CAD. NO: 10 E ;İSTANBUL;ÇATALCA;(212) 0000000;;;İİB-HUBUBAT
NEJAT SABUNCU MAKİNE TİCARET VE SANAYİ A.Ş.;MİTHATPAŞA MH.ORKİDE SK.NO:4;İSTANBUL;EYÜP;(212) 3602430;www.granitcenter.com;granitcenter.com;İİB-HUBUBAT
UTKAY GIDA SANAYİ VE TİC.LTD.ŞTİ;CİHANGİR MAH. ŞEHİT JANDARMA KOMUTANLIĞI ER ZAFER KIZILTAŞ SOK NO:5/1;İSTANBUL;AVCILAR;(212) 4222044;;;İİB-HUBUBAT
TUNA VİZYON GIDA VE DIŞ TİCARET LİMİTED ŞİRKETİ;ESENTEPE MAH. TALAT PAŞA CAD. NO: 5 İÇ KAPI NO: 1;İSTANBUL;ŞİŞLİ;(216) 6717468;;;İİB-HUBUBAT
EKMEKÇIOĞLU GIDA VE KURUYEMIŞ SAN. TIC. A.Ş;ADNAN KAHVECİ MAH.AVRUPA CAD.NO:72;İSTANBUL;BEYLİKDÜZÜ;(212) 8559595;www.ekmekcioglu.com.tr;ekmekcioglu.com.tr;İİB-HUBUBAT
CENTUAR GIDA İLAÇ KOZMETİK VE KUYUMCULUK SAN TİC.A.Ş;FERHATPALŞA MAH.  22. SOK NO:27/A;İSTANBUL;ATAŞEHİR;(216) 6611661;;;İİB-HUBUBAT
GIDA BORSASI TEMİZLİK KOZMETİK VE İTRİYAT MADDELERİ SANAYİ TİCARET LİMİTED ŞİRKETİ;MAHMUTBEY İSTOÇ 2446. SK. KUZEYPLAZA K:7 NO:185/71 34200;İSTANBUL;BAĞCILAR;(212) 4224405;www.gidaborsasi.com;gidaborsasi.com;İİB-HUBUBAT
ESSENCİS BESİN AROMA VE KATKI MADDELERİ SANAYİ TİCARET ANONİM ŞİRKETİ;MECİDİYEKÖY MAH.ATAKAN SK. HONEYCOMB APT.NO:7-9/7;İSTANBUL;ŞİŞLİ;(212) 0000000;;;İİB-HUBUBAT
MERIDIEN GIDA SANAYİ VE TİCARET ANONİM ŞİRKETİ;FATİH SULTAN MEHMET MAH. ŞİİR SK. NO: 10 İ.K:77;İSTANBUL;ÜMRANİYE;(216) 2222222;;;İİB-HUBUBAT
ZİRVE ASKI VE PLASTİK SAN. TİC. LTD. ŞTİ;İKİTELLİ ORG SAN BÖL MAH. İPKAS SAN SİT 5 B BLOK 30-32;İSTANBUL;BAŞAKŞEHİR;(212) 5494699;;;İİB-HUBUBAT
MRV İÇ VE DIŞ TİCARET LİMİTED ŞİRKETİ;ÇAMLIK MH.PİRİ REİS CD.VIP KURTKÖY A5 BL. NO:18E/3;İSTANBUL;PENDİK;(216) 0000000;;;İİB-HUBUBAT
HALİÇ ULUSLARARASI TAŞIMACILIK TURİZM VE DIŞ TİC. LTD. ŞTİ. ;ŞİRİNEVLER MH. ADNAN KAHVECİ BULV. AKER PLAZA NO:198/31 ;İSTANBUL;BAHÇELİEVLER;(212) 6394168;www.halicint.com;halicint.com;İİB-HUBUBAT
SAKLI DOĞA GIDA SAN.VE TİC. LTD. ŞTİ.;FİRUZKÖY MAH. DURAN SOK.NO.2A;İSTANBUL;AVCILAR;(212) 0000000;;;İİB-HUBUBAT
GOLDEN BRAND İÇ VE DIŞ TİC.LTD.ŞTİ.;ORUÇREIS MAH. GIYIMKENT 19. SK. GIYIM KENT B205 BLNO: 131 A;İSTANBUL;ESENLER;(212) 5110980;;;İİB-HUBUBAT
AKİLA ÇİKOLATA GIDA SANAYİ VE TİCARET LTD.ŞTİ;YENİBOSNA MERKEZ MAHALLESİ KAVAK SOKAK NO:30/4;İSTANBUL;BAHÇELİEVLER;(212) 0000000;;;İİB-HUBUBAT
YUZECO DIŞ TİC.VE DANIŞMANLIK LTD.ŞTİ;BÜYÜKDERE CAD. MEYDAN SOK NO:1 BEYBİ GİZ PLAZA  KA;İSTANBUL;ŞİŞLİ;(212) 9701366;www.yuzeco.com;yuzeco.com;İİB-HUBUBAT
ERPAZ GIDA İHTİYAÇ MADD.İML VE PAZ LTD.ŞTİ;KOCASİNAN MAH. BAĞCILAR 26/1;İSTANBUL;BAHÇELİEVLER;(212) 4744493;;;İİB-HUBUBAT
TUDE GIDA SANAYİ VE DIŞ TİCARET LTD.ŞTİ.;YAKUPLU MAH.43.SK.KONUT BLOK NO:32 İÇ KAPI NO:1;İSTANBUL;BEYLİKDÜZÜ;(212) 2300398;;;İİB-HUBUBAT
PRİFA BİTKİSEL VE GIDA ÜRÜNLERİ SANAYİ VE DIŞ TİCARET LİMİTED ŞİRKETİ;YENİDOĞAN MAHALLESİ ERCİYES SOKAK EMİNTAŞ SAN.SİTENO.1-3D ;İSTANBUL;BAYRAMPAŞA;(212) 0000000;;;İİB-HUBUBAT
NEXA GROUP DIŞ TİCARET AŞ.;KONAK MAHALLESİ KARADUT SOKAKGENÇARSLANLAR SİTESİ NO:1 İÇ KAPI NO:61 ;BURSA;NİLÜFER;(224) 0000000;;;İİB-HUBUBAT
ALKA GOODS GIDA VE İHRACAT A.Ş;YAKUPLU MAH. 194 SOK BLOK NO:1 KAPINO:287;İSTANBUL;BEYLİKDÜZÜ;(212) 0000000;;;İİB-HUBUBAT
34İSTANBUL GIDA SANAYİ TİCARET LİMİTED ŞİRKETİ;GÜZELYURT MAH. 2148. SK. DELTA DELUXE SİTESİ A BL.NO: 5AİÇ KAPI NO: 89;İSTANBUL;BEYLİKDÜZÜ;(212) 0000000;;;İİB-HUBUBAT
ATA PAZARLAMA VE DIŞ TİC. LTD. ŞTİ.;İKİ TELLİ MEHMET AKİF MAH. BAHARİYE CAD. NERGİZ SOK KAT:5 NO:48-50 KÜÇÜKÇEKMECE / ISTANBUL;İSTANBUL;KÜÇÜKÇEKMECE;(212) 6430252;;;İİB-HUBUBAT
MEDCON TIBBİ CİHAZLAR SAN.VE TİC.A.Ş.;MERKEZ MAH.ŞEHİT MİTHAT YILMAZ CAD.NO:12/4;İSTANBUL;SARIYER;;;;İİB-HUBUBAT
HKS İTH.İHR.LTD.ŞTİ;MAHMUTBEY MAH. 212 MY OFFİCE AGAOĞLUAPT. NO:3/123 K:8;İSTANBUL;BAĞCILAR;(212) 4855066;www.turkeydalal.com;turkeydalal.com;İİB-HUBUBAT
HAKİM GLOBAL DIŞ TİCARET LİMİTED ŞİRKETİ;ORUÇ REİS MAHALLESİ TEKSTİL KENT CADDESİ TEKSTİLKENT SİTESİ A19 BLOK NO:10 K/309;İSTANBUL;ESENLER;(212) 8128192;http://www.hakimglobaltrade.com;hakimglobaltrade.com;İİB-HUBUBAT
VIP CANDY GIDA SANAYI TICARET LIMITED SIRKETI;YAKUPLU MAH. FUAR CAD. - NO: 27 A IÇ KAPI NO: 2;İSTANBUL;BEYLİKDÜZÜ;;;;İİB-HUBUBAT
INTERNATIONAL TRADE PARTNERS GIDA AMBALAJ SANAYI VE TICARET LIMITED SIRKETI;GÜNGÖREN MAH PELİT SK.IŞKIN APT NO:6B/2;İSTANBUL;ÇEKMEKÖY;(216) 0000000;;;İİB-HUBUBAT
SEEDCORP TOHUM ÜRÜNLERİ SAN. VE TİC. A.Ş.;KONAKLAR MAH. SELVİLİ SK. NO 1/2/36;İSTANBUL;BEŞİKTAŞ;(212) 3252293;;;İİB-HUBUBAT
ONLİNE TURKEY LOJİSTİK DIŞ TİC.LTD.ŞTİ.;ÜÇEVLER MAH.ERSAN SOK.İBRAHİM YAZICI PLAZA 2 NO:8 ;BURSA;NİLÜFER;(224) 0000000;http://www.onlineturkey.com;onlineturkey.com;İİB-HUBUBAT
FOMİLK BİTKİSEL GIDA ÜRETİM ANONİM SİRKET;LEVENT MAH GÖNİİILER YOLU NO:3 L.LCVENT ;İSTANBUL;BEŞİKTAŞ;(212) 2709621;;;İİB-HUBUBAT
DHARMA AGRICULTURE GIDA SAN.VE TİC.LTD.ŞTİ.;KORDONBOYU MAH.GENÇLERBİRLİĞİ SOKAK NUMARA:9/5;İSTANBUL;KARTAL;(216) 3539218;;;İİB-HUBUBAT
VP DIŞ TİC.LTD.ŞTİ;HÜRRİYET MAH.MAHMUT BEY CAD.KIRÇIKLAR İŞ MERKEZİ NO:13/207;İSTANBUL;BAHÇELİEVLER;(212) 5520532;;;İİB-HUBUBAT
GALA  PAZARLAMA .A.Ş.;EĞİTİM MAH. ÇİFTLİKÇİ SOK. NO:16/4;İSTANBUL;KADIKÖY;(262) 5021543;www.galapazarlama.com.tr;galapazarlama.com.tr;İİB-HUBUBAT
OTTETÜRK GIDA SANAYİ VE TİCARET LİMİTED ŞİRKETİ;DELİKLİKAYA MAH.FESHANE CAD. NO:7 İÇ KAPI NO:4;İSTANBUL;ARNAVUTKÖY;(212) 0000000;;;İİB-HUBUBAT
NEPTÜN DIŞ TİC. AŞ;BABANAKKAŞ SOK. NO 28;İSTANBUL; ;02163433438;;;İİB-HUBUBAT
JOUYCO SWEETS DIŞ TİCARET ANONİM ŞİRKETİ;KARTALTEPE MAH. SÜVARİ CAD. D BLOK NO: 10 - 38;İSTANBUL;KÜÇÜKÇEKMECE;(212) 0000000;;;İİB-HUBUBAT
BARAK TARIM ÜRÜNLERİ LTD. ŞTİ.;KARAGÖZ CAD.HOROZ SOK.KEREKLIMER.IŞ.309;GAZIANTEP; ;(342) 2311899;;;İİB-HUBUBAT
AVIE DIŞ TİCARET LTD. ŞTİ.;GÖKTÜR MERKEZ MAH.ÇEŞMEBAŞI CAD. NO.55/A;İSTANBUL;EYÜP;(212) 0000000;;;İİB-HUBUBAT
UNEX  GIDA SANAYİ VE TİCARET LİMİTED ŞİRKETİ;İSTİKLAL MAH.CEMAL ÜNLÜSARAÇ CAD.NO:20;TEKIRDAĞ;SÜLEYMANPAŞA;(282) 4400870; www.unex.com.tr ;unex.com.tr;İİB-HUBUBAT
MANTIYE GIDA İNŞAAT İTH.İHR.SAN.TİC.LTD.ŞTİ.;ORTA MAH.LİVAN SOKAK NUMARA:8 ;İSTANBUL;TUZLA;(216) 6522575;;;İİB-HUBUBAT
INOVEX GLOBAL DIŞ TİC.LTD.ŞTİ;İSTASYON MAH. VATAN CAD. HAYAT SİTESİ ZİEVE KENT 2 EL 117 E1 -2;İSTANBUL;TUZLA;(216) 8070036;;;İİB-HUBUBAT
GIDACIBAŞI BAHARAT PASTACILIK VE GIDA KİMYASAL TİC.LTD.ŞTİ;İOSB TRİKO CENTER SANAYİ SİTESİ M2 BLOK NO:30-41;İSTANBUL;BAŞAKŞEHİR;(212) 4385086;;;İİB-HUBUBAT
JAMCO TRADİNG DIŞ TİCARET LİMİTED ŞİRKETİ;ACIBADEM MAH ASAFBEY SOK.İMER APT. NO:7/A;İSTANBUL;KADIKÖY;(216) 0000000;;;İİB-HUBUBAT
PROMETA YEM VE ENDÜSTRIYEL YAĞ SAN. TIC. A.Ş.;İSTİKLALKURTPINAR OSB MAH. ATATÜRK CAD. PROMETAYEM YAĞ A Ş NO: 20 /1;TEKIRDAĞ;MURATLI;(282) 3613202;www.prometa.com.tr;prometa.com.tr;İİB-HUBUBAT
ZEYTİN DIŞ TİC LTD ŞTİ;KOCATEPE MH YAĞ İSKELESİ CD MEGA CENTER C 27 NO 31/142;İSTANBUL;BAYRAMPAŞA;(212) 0000000;;;İİB-HUBUBAT
VANKIM KIMYA GIDA TURIZM VE SAN.DIS TIC.LTD.STI.;DİKİLİTAŞ MAH. CEYLAN SOK NO:1 D.:3 ;İSTANBUL;BEŞİKTAŞ;(212) 2589733;;;İİB-HUBUBAT
DARMSTADT GIDA KAPLAMA MALZEMELERİ SANAYİ VE TİCARET ANONİM ŞİRKETİ;ALEMDAR MAH.GÜLER SK.N.7;BURSA; ;(224) 2350365;;;İİB-HUBUBAT
HUNTAŞ HAYRABOLU  UN SAN. VE TİC.A.Ş; KAHYA MAH. TEKİRDAĞ CAD. KUMYOL SOK NO:17 ;TEKIRDAĞ;HAYRABOLU;(282) 3151416;huntas.com.tr;huntas.com.tr;İİB-HUBUBAT
GENSA KIMYA SANAYI VE TICARET ANONİM ŞİRKETİ;KÖŞKLÜÇEŞME MAH.532.SOK.NO:17;KOCAELI;GEBZE;(262) 6423278;www.gensa.com.tr;gensa.com.tr;İİB-HUBUBAT
NATÜR GIDA SANAYİ VE TİC.LTD.ŞTİ;KARAAĞAÇ MAH. HADIMKÖY GİŞELER MEVKİİ CEPHELİ SOK NO:26;İSTANBUL;BÜYÜKÇEKMECE;(212) 8582555;www.naturgida.com.tr;naturgida.com.tr;İİB-HUBUBAT
POPAL GROUP LLC DIŞ TİCARET LTD. ŞTİ.;ADNAN KAHVECİ MAHALLESİ ERENLER CADDESİ F BLOK NO:2;İSTANBUL;BEYLİKDÜZÜ;(212) 0000000;;;İİB-HUBUBAT
FLT ULUSLARARASI TİCARET LTD. ŞTİ.;SOĞANLIK YENİ MAH. SOĞANLIK D-100 KUZEY YANYOL CAD NO: 34;İSTANBUL;KARTAL;(212) 5739898;;;İİB-HUBUBAT
VERDORA AROMA SAN. VE TİC.A.Ş.;TUZLA MAH. 52 NOLU CAD. NO:31;SAKARYA;KARASU;(212) 5471111;;;İİB-HUBUBAT
GELECEK HAYVANCILIK VE TARIMSAL FALİYETLER SAN.TİC.LTD.ŞTİ;ŞEVKETİYE MAH. DEMİRCİLER CAD. NO:37 ;BURSA;MUSTAFAKEMALPAŞA;(224) 6140738;;;İİB-HUBUBAT
ALTİLİS YEM KATKI MADD. SAN.VE TİC.A.Ş;ÖMER AVNİ MAH. İNÖNÜ CAD. AKAR PALAS APT NO:14/3;İSTANBUL;BEYOĞLU;(212) 2492955;;;İİB-HUBUBAT
NEVA GIDA MAD VE BASKI MALZ SAN DIS TİC LTD ŞTİ;SANAYİ MAH. 1715 SOKAK NO:24-26;İSTANBUL;ESENYURT;(212) 6051516;www.oneva.com.tr;oneva.com.tr;İİB-HUBUBAT
EKİN FOODS TOPTAN GIDA İHRACAT LİMİTED ŞİRKET;KİTELLİ OSB MAH. ATATÜRK BLV. İ.O.S.B İŞYERİ NO: 54 İÇ KAPI NO: 34;İSTANBUL;BAŞAKŞEHİR;(212) 6718267;;;İİB-HUBUBAT
SNS GIDA KOZMETİK TİCARET VE SAN. LTD. ŞTİ.;ORGANİZE SAN.2.KISIM 4.CAD.;TOKAT;MERKEZ;(216) 4506204;www.awecemre.com.tr;awecemre.com.tr;İİB-HUBUBAT
EGE GOFRET GIDA SANAYI VE TICARET LIMITED SIRKETI;OSMANGAZI MAH. 2647. SK. NO: 27 IÇ KAPI NO: 4;İSTANBUL;ESENYURT;(212) 0000000;;;İİB-HUBUBAT
ASYATİC DIŞ TİC. LOJİSTİK SAN.A.Ş;BARBAROS HAYRETTİN PAŞA MAH. 2288 SOK NO:1/24 ;İSTANBUL;ESENYURT;(212) 5790141;;;İİB-HUBUBAT
TAHA ÇIKOLATA ŞEKER IMALAT VE PAZ. LTD. ŞTI.;AKÇABURGAZ MAH. 9.CAD 72.SOK NO:21/2;İSTANBUL;ESENYURT;(212) 8867077;www.tahasekerleme.com;tahasekerleme.com;İİB-HUBUBAT
MEDİCURE İLAÇ SAN VE TİC LTD ŞTİ;GAZİ MUHTAR PAŞA SK. AKAR APT. NO:57/6;İSTANBUL;KADIKÖY;(216) 4181357;www.medicure.com.tr;medicure.com.tr;İİB-HUBUBAT
HARBA GROUP LOJISTIK KOZMETIK TICARET LTD.ŞTİ;MAHMUTBEY MAH. 2445. SK. NO:144;İSTANBUL;BAĞCILAR;(212) 0000000;;;İİB-HUBUBAT
POLİTEKS İNŞAAT SANAYİ VE TİCARET ANONİM ŞİRKETİ;A.NAZİF GÜRMAN MAH.GÜNDOĞDU SKİNAN AP.A BLOK NO.26 DAİRE 7;İSTANBUL;GÜNGÖREN;;;;İİB-HUBUBAT
MARŞEN DIŞ TİC. LTD. ŞTİ. ;MİMAR KEMALETTİN MH. TURANLI SK NO:9A/101;İSTANBUL;FATİH;(212) 4584374;www.marsen.com.tr;marsen.com.tr;İİB-HUBUBAT
ATLAS GLOBAL GROUP GIDA VE DIŞ TİC. LTD. ŞTİ.;ZÜMRÜTEVLER MAH. EMEK CAD.KİPTAŞ SEYRANTEPE SİTESİBLOK NO:93/3/13;İSTANBUL;MALTEPE;(216) 5191808;;;İİB-HUBUBAT
NURETTİN TURAN;MAHMUT BEY CAD.KAYA SOK.3/16;İSTANBUL;GAZİOSMANPAŞA;(212) 4427606;;;İİB-HUBUBAT
ARİFOĞLU BİYOMEDİKAL KOZMETİK GIDA SANAYİ VE TİCARET ANONİM ŞİRKETİ;BEYLİKDÜZÜ OSB MAH. 4 CADD NO:1/3 ;İSTANBUL;BEYLİKDÜZÜ;(212) 9091944;;;İİB-HUBUBAT
PERVA DIŞ TİCARET LİMİTED ŞİRKETİ;ZAFER MAH.185. SOK.BABACAN PREMİUM SİT. B BLOK NO:4BİÇ KAPI:326;İSTANBUL;ESENYURT;;www.perva.tr;perva.tr;İİB-HUBUBAT
SÜREÇ DIS TICARET BITKISEL ÜRÜNLER PAZARLAMA VE SANAYI TICARET LIMITED SIRKETI;ESENEVLER MAH. YAŞAM SOK. 2/1;İSTANBUL;ÜMRANİYE;(216) 0000000;;;İİB-HUBUBAT
ARI LOKUMLARI SANAYI VE TIC. LTD.ŞTI.;ATLAMATAŞI CAD..NO:18/A;İSTANBUL;FATİH;(212) 6712854;www.arilokum.com.tr;arilokum.com.tr;İİB-HUBUBAT
TEAM AGRO GIDA SAN. VE TİC. A.Ş.;BEYLİKDÜZÜ MAH. O.S.B. 3. CAD. NO:8İÇ KAPI NO:65;İSTANBUL;BEYLİKDÜZÜ;(216) 4140303;;;İİB-HUBUBAT
TAZE ÇİKOLATA ANONİM ŞİRKETİ;MERKEZ MAH. BAĞLAR CAD. NO: 27A;İSTANBUL;KAĞITHANE;(212) 0000000;;;İİB-HUBUBAT
GLOBLEND GIDA SANAYİ DIŞ TİCARET ANONİM ŞİRKETİ;ÇAKIL MAH. ÇATALCA CAD. MEGA SU BLOK NO:116/1;İSTANBUL;ÇATALCA;(212) 4442126;www.cigkoftem.com;cigkoftem.com;İİB-HUBUBAT
VELİOĞLU GLOBAL DIŞ TİCARET LİMİTED ŞİRKETİ;SAHINTEPE MAH. SEHIT POLIS FETHI SEKIN CAD GIDA TOPTANCILAR ÇARSISI 1.BLOK NO: 1 A  NO Z09;İSTANBUL;BAŞAKŞEHİR;(212) 0000000;;;İİB-HUBUBAT
İSTANBUL KAHVE İTH.SAN.TİC. LTD.ŞTİ.;SAN.MH.BİLİM SK.NO:43 ;İSTANBUL;PENDİK;(216) 3782424;www.istanbulkavfe.com;istanbulkavfe.com;İİB-HUBUBAT
KAFFA DIŞ TİC.LTD.ŞTİ;İSTİKLAL MAH. MİHRAÇ SOK GÖKSOY APT ALTI NO:12/A;İSTANBUL;ÜMRANİYE;(850) 3032342;;;İİB-HUBUBAT
VOX GRUP DIŞ TİCARET LİMİTED ŞİRKETİ;FETİH MAH. ESKİ ÇİFTLİK YOLU CAD. NO:10/1A;İSTANBUL;ATAŞEHİR;(216) 4720266;http://www.voxgrp.com;voxgrp.com;İİB-HUBUBAT
NUTRİMOORE HAYVAN SAĞ. VE BES. ÇÖZ. A.Ş.;CEVİZLİ MAH. MUSTAFA KEMAL CAD. HUKUKÇULAR TOWERS A BLOK NO:66/A ;İSTANBUL;KARTAL;(216) 9701605;;;İİB-HUBUBAT
NET DIŞ TIC.LTD.ŞTI.;GAZİ CD.NO.20;İSTANBUL;ÜSKÜDAR;(216) 4926570;;;İİB-HUBUBAT
ÖZEN GROSS GIDA TİCARET ANONİM ŞİRKETİ;FEVZİ ÇAKMAK MH.1.FEVZİ ÇAKMAK CD. ONUR MARKET NO:11/2/5;İSTANBUL;KÜÇÜKÇEKMECE;(224) 5321616;http://www.ozengross.com.tr;ozengross.com.tr;İİB-HUBUBAT
NUTRİSOLVE İLAÇ GIDA KOZMETİK VE KİMYA SANAYİ TİCARET ANONİM ŞİRKETİ;İKİTELLİ OSB MAH. MUTFAKÇILAR M9 BLOK SK. MUTFAKÇILAR SANAYİ M9 BLOK NO:23 ;İSTANBUL;BAŞAKŞEHİR;(212) 0000000;;;İİB-HUBUBAT
DOYTAT BAHARAT GIDA SAN VE TİC.LTD.ŞTİ;MERKEZ MAH. EMİRLER SOK NO:14 ;İSTANBUL;GAZİOSMANPAŞA;(212) 6152002;www.evebaharat.com.tr;evebaharat.com.tr;İİB-HUBUBAT
METRO DOĞAL TARIM ÜRÜNLERİ GIDA SANAYİ VE DIŞ TİCARET ANONİM ŞİRKETİ;İKİTELLİ OSB MAH. ATATÜRK BLV. HASEYAD 2. KISIM  KUNT HOLDİNG NO: 110 İÇ KAPI NO: 2B01 ;İSTANBUL;BAŞAKŞEHİR;(212) 4384062;;;İİB-HUBUBAT
ANATOLİAN HAYVANCILIK TİCARET LİMİTED ŞİRKETİ;EVLİYA ÇELEBİ MAH. GENÇ OSMAN CAD. NO: 45 KAPI NO:27;İSTANBUL;TUZLA;(312) 2298333;;;İİB-HUBUBAT
YAĞMUR MİNERAL TİC. LTD. ŞTİ.;MERKEZ MAH. AKAR CAD. 1 TOWE BOMONTİ APT NO:3/153;İSTANBUL;ŞİŞLİ;(212) 8036368;;;İİB-HUBUBAT
MEDİCEY SAĞLIK HİZMETLERİ MEDİKAL GIDA SANAYİ VE TİCARET LİMİTED ŞİRKETİ;ÜNALAN MAH. LİBADİYE CAD. EMAR RESIDENCE NO: 82E İÇ KAPI NO: 291;İSTANBUL;ÜSKÜDAR;(216) 3146661;;;İİB-HUBUBAT
LA PİTA UNLU MAM GIDA İTH İHR SAN VE TİC LTD ŞTİ;ORTA MAHHALLESİ 4430 SK NO40A;SAKARYA;SERDİVAN;(264) 0000000;;;İİB-HUBUBAT
ROZ METAL SANAYİ VE TİCARET ANONİM ŞİRKETİ;ATAKÖY 7-8-9-10. KISIM MAH.ÇOBANÇEŞME E-5 YAN YOL CAD. 1. APT. NO:8/1-16;İSTANBUL;BAKIRKÖY;(212) 5135858; www.rozmetalas.com ;rozmetalas.com;İİB-HUBUBAT
KESEM TOBACCO TÜTÜN MAMÜLLERİ SAN. TİC.A.Ş;SELAHATTİN EYYÜBİ MAH. 1632 SOK NO:21 ;İSTANBUL;ESENYURT;(212) 8751073;;;İİB-HUBUBAT
ASB LOJİSTİK VE DIŞ TİCARET LİMİTED ŞİRKETİ;MAHMUTBEY MAH. TAŞOCAĞI YOLU CAD. AĞAOĞLU MY OFFİCE 212 NO:3 DAİRE:491 ;İSTANBUL;BAĞCILAR;(212) 5003515;;;İİB-HUBUBAT
ONUR GROUP GIDA TAŞ PAZ İÇ VE DIŞ TİC SAN LTD ŞTİ;HADIMKÖY MH DR SADIK AHMET CD YENİ İSTANBUL EVLERİ D BLOK NO 35/32;İSTANBUL;ARNAVUTKÖY;(212) 0000000;;;İİB-HUBUBAT
NAYAS GLOBAL DIŞ TİCARET LİMİTED ŞİRKETİ;YENİŞEHİR MAH. ANKARA CAD. NO:403/1- İÇ KAPI NO:1;İSTANBUL;PENDİK;(216) 0000000;;;İİB-HUBUBAT
TEDARİK ZİNCİRİ DAĞITIM GIDA PAZ.A.Ş;KISIKLI MAH.ALEMDAĞ CAD.YANYOL SOK NO:10/10;İSTANBUL;ÜSKÜDAR;;http://www.tedarikzinciri.com.tr;tedarikzinciri.com.tr;İİB-HUBUBAT
ECE FİTOTERAPİ SAĞLIK ÜRÜNLERİ SANAYİ VE TİCARET ANONİM ŞİRKETİ;FULYA MAH. BÜYÜKDERE CAD. TORUN CENTER D BLOKNO: 74D İÇ KAPI NO: 37;İSTANBUL;ŞİŞLİ;(212) 2905181;http://www.ilacsizyasam.com;ilacsizyasam.com;İİB-HUBUBAT
LİBYA İNTERNATİONAL KARGO TİC.LTD.ŞTİ;KEMALPAŞA MAH. 18.SEKBANLAR SOK. GEN.CTURKLER İ9 HANI NO:13/A;İSTANBUL;FATİH;(212) 5225658;;;İİB-HUBUBAT
KAYACANLAR TEKSTİL GIDA SANAYİ VE TİCARET LTD. ŞTİ.;TÜRKALİ MAH. IHLAMURDERE CAD. ŞEH. ALİ KEREM MERGEN SOK. NO:10/A ;İSTANBUL;BEŞİKTAŞ;(212) 0000000;;;İİB-HUBUBAT
FRİTO LAY GIDA SAN.VE TİC.A.Ş;NORA CENTER K.4/5/6/7  USKUDARCAD.CAYIRYOLU SOK.;İSTANBUL;KADIKÖY;02165741505;www.fritolay.com.tr;fritolay.com.tr;İİB-HUBUBAT
TAYFUN TARIM ÜRÜNLERİ  SAN. VE  TİC. LTD. ŞTİ.;SALARLI KÖYÜ YOLU ÜZERİ 4. KM NO:354;EDIRNE;UZUNKÖPRÜ;(284) 5521042;www.tayfuntarim.com.tr;tayfuntarim.com.tr;İİB-HUBUBAT
GREEN VEG INTERNATIONAL DIS TICARET LIMITED SIRKETI;AKEVLER MAH. 1076. SK. SOLARKENT A1 NO: 6 AIÇ KAPI NO: 22;İSTANBUL;ESENYURT;(850) 8888356;;;İİB-HUBUBAT
NAS GIDA SAN.TIC.LTD.ŞTI.;UNKAPANI MEYDANI YEŞIL TULUMBASOK. N:15/2;İSTANBUL; ;(212) 5322378;;;İİB-HUBUBAT
SON DURAK PASTACILIK VE GIDA ÜRETİM SANAYİ TİCARET LİMİTED ŞİRKETİ;FERHATPAŞA MAH. KARADENİZ CAD. GÖKMEN BEY İŞ MERKE;İSTANBUL;ATAŞEHİR;(216) 0000000;;;İİB-HUBUBAT
VEGA GIDA SANAYİ ANONİM ŞİRKETİ;FATİH SULTAN MEHMET MAH. AHESTE SK. NO: 7 İÇ KAPI NO: 2;İSTANBUL;ÜMRANİYE;(216) 4357643;www.vegagida.com;vegagida.com;İİB-HUBUBAT
YÜZYIL YAPI GIDA VE İNŞ SAN TİC AŞ;BİRLİK SAN SİT 3C BİRLİK İŞ MRK 5/77;İSTANBUL;BEYLİKDÜZÜ;(212) 0000000;;;İİB-HUBUBAT
TATLI FACTORY GIDA SANAYİ İÇ VE DIŞ TİC LTD ŞTİ;HAMİDİYE MAH. SÖYLER CAD. KELEŞOĞLU APT. BLOK NO.3A;İSTANBUL;KAĞITHANE;(212) 8001844;;;İİB-HUBUBAT
MUNCHEY GIDA VE PAZARLAMA ANONIM SIRKETI;DİKİLİTAŞ MAH. HAKKI YETEN CAD. NO: 10A/11;İSTANBUL;BEŞİKTAŞ;(212) 0000000;http://www.muncheyfood.com;muncheyfood.com;İİB-HUBUBAT
SATRAP KİMYA GIDA MADENCİLİK ENERJİ SANAYİ VE TİCARET LİMİTED ŞİRKETİ;TOPÇULAR MH MALTEPE CD NO 4-1-113;İSTANBUL;EYÜP;(212) 0000000;;;İİB-HUBUBAT
LEPARES İLAÇ VE KOZMETİK SANAYİ TİCARET LİMİTED ŞİRKETİ;MECİDİYEKÖY MAH. ŞEHİT AHMET SOK.MECİDİYEKÖY İŞ MERKEZİAPT. NO:4-95;İSTANBUL;ŞİŞLİ;(212) 6411595;;;İİB-HUBUBAT
RELLA UNLU MAMÜLLER GIDA VE TİC.A.Ş;TUZLA KİMYA ORG.SAN BÖL.MELEK ARAS BUL ORGANİK CAD.NO:3;İSTANBUL;TUZLA;(216) 5934074;www.rellacake.com;rellacake.com;İİB-HUBUBAT
FUATTİ DIŞ TİCARET LİMİTED ŞİRKETİ;KUŞTEPE MAH.MECİDİYEKÖY YOLU CAD.TRUMP TOWER NO:12 İÇ KAPI NO:221;İSTANBUL;ŞİŞLİ;(850) 2200420;;;İİB-HUBUBAT
DESTAN KADAYIF UNLU MAMULLER GIDA SAN. VE DIŞ TİC.LTD.ŞTİ.;PİRİ REİS MAH. 2073. SK. B NO: 17B İÇ KAPI NO: 268;İSTANBUL;ESENYURT;(212) 0000000;;;İİB-HUBUBAT
BLACK SEA AGRO GIDA İTH VE İHR LTD ŞTİ;HUZUR MAH. AZERBAYCAN CAD. NO: 4 B İÇ KAPI NO: 461;İSTANBUL;SARIYER;(212) 8770738;;;İİB-HUBUBAT
SMG TEKS. GIDA İNŞ. SAN. VE TİC. LTD. ŞTİ.;SANAYİ CAD. NO:44 NİSH İSTANBUL REZİDENCE B BLOK K:7 D:84;İSTANBUL;BAHÇELİEVLER;(212) 6303463;www.smggida.com;smggida.com;İİB-HUBUBAT
EXTRA QUALITY IMALAT IHRACAT ITHALAT DIS TICARET ANONIM SIRKETI;ATATÜRK MAH. ERTUGRUL GAZI SK. NO: 2 B IÇ KAPI NO:376;İSTANBUL;ATAŞEHİR;(216) 4124520;;;İİB-HUBUBAT
HRS KİMYA SAN. TİC. LTD. ŞTİ;TAŞKÖPRÜ MERKEZ MH. TAŞKÖPRÜ SANAYİ SİTESİ BEŞİNCİ YOL. NO:25-27;YALOVA;ÇİFTLİKKÖY;(226) 0000000;www.hrskimya.com;hrskimya.com;İİB-HUBUBAT
KAFKAS TOHUM SAN.VE TİC.LTD.ŞTİ;RUNGUPAŞA MAH.75. SOK.TÜRKİYE KIZILAY DERNEĞİ SİTESİKIZILAY İŞ MERKEZİ 2 BLOK NO:6 İÇ KAPI:103;BURSA;KARACABEY;(224) 6768624;;;İİB-HUBUBAT
MODERN ÇÖZÜM BİTKİSEL SAĞLIKÜRN.KOZ.GID.İHR.VE TİC.LTD.ŞTİ;MASLAK MAH.BÜYÜKDERE CAD.NORAMİN İŞ MERKEZİ NO:237İÇ KAPI NO:105;İSTANBUL;SARIYER;(212) 6535301;;;İİB-HUBUBAT
LEZZET GURME GIDA TİC. VE İHR. A.Ş;ABDURRAHMAN NAFİZ GÜRMAN MAH. MURATLI SOK KAYHAN APT NO:27/13;İSTANBUL;GÜNGÖREN;(212) 0000000;;;İİB-HUBUBAT
ARSALAN DIŞ TİCARET GIDA SANAYİ LİMİTED ŞİRKETİ;KEMALPAŞA MAH. FETHİBEY CAD. SARAÇOĞLU APT.NO22/6;İSTANBUL;FATİH;(212) 0000000;;;İİB-HUBUBAT
PHARMAVİSİON SANAYİ VE TİCARET ANONİM ŞİRKETİ;DAVUTPASA CAD.NO.145;İSTANBUL;ZEYTİNBURNU;(212) 4820000;www.pharmavision.com.tr;pharmavision.com.tr;İİB-HUBUBAT
LOGEX KİMYA SANAYİ TİCARET LİMİTED ŞİRKETİ;MALTEPE MAH. ASKERİ FIRIN SK. NO: 3 HİÇ KAPI NO: 289;İSTANBUL;ZEYTİNBURNU;(212) 0000000;;;İİB-HUBUBAT
MARASSİ GLOBAL DIŞ TİCARET LİMİTED ŞİRKETİ;EMNİYET EVLERİ MAH. ESKİ BÜYÜKDERE CAD. SAPPHIRENO: 1/1 / 1B04 ;İSTANBUL;KAĞITHANE;(212) 4656999;;;İİB-HUBUBAT
ATB İSTANBUL GIDA SAN TİC.A.Ş;YENİBOSNA MERKEZ MAH. KAVAK SOK NO:11/31;İSTANBUL;BAHÇELİEVLER;(212) 7774453;;;İİB-HUBUBAT
ŞAVLI GIDA SAN.VE TIC.LTD.ŞTI;İSTOÇ 38.ADA NO:13;İSTANBUL;BAĞCILAR;(212) 8868541;www.savligida.com.tr;savligida.com.tr;İİB-HUBUBAT
İPEK AGRO GIDA SAN. VE TİC. A.Ş.;ÇAĞLAYAN MAH.4545 SK.NO:21;SAKARYA;HENDEK;(342) 2415290;https://ipekyem.com/tr/iletisim/;ipekyem.com;İİB-HUBUBAT
BATABA DIŞ TİCARET LİMİTED ŞİRKET;SULTANTEPE MAH. PAŞALİMANI CAD. NO:30/1;İSTANBUL;ÜSKÜDAR;(216) 7664722;;;İİB-HUBUBAT
MURAT YAPI TEKS. SAN. VE TİC. AŞ;GÜLBAHAR CD.GÜROL SK.NO:8;İSTANBUL;BAĞCILAR;(212) 6565290;www.muratyapi.com.tr;muratyapi.com.tr;İİB-HUBUBAT
NOOR KAKARI GIDA TİCARET LİMİTED ŞİRKETİ;SULTANİYE MH.DOĞAN ARASLI BLV. ESKULE ST.N.170/134;İSTANBUL;ESENYURT;(212) 0000000;;;İİB-HUBUBAT
AGROPERFECT TARIM İLAÇLARI TOHUM GÜBRE KİMYA SANAYİ ÜRETİM VE PAZ.LTD.ŞTİ.;--;İSTANBUL;FATİH;(212) 2113044;;;İİB-HUBUBAT
CHOCOLATE WAVE GIDA SAN.VE TİC.LTD.ŞTİ;İOSB MAH.İSTEKS C3 BLOK SK.İSTEKS SAN.SİT..C3 BLK.NO:17 ;İSTANBUL;BAŞAKŞEHİR;(212) 6961698;;;İİB-HUBUBAT
MİM EXİM DIŞ TİC.A.Ş;ÇENGELKÖY MAHALLESİ MEHMET GÜMÜŞAY SOKAK NO:8 NO:NO:8 KAPI NO:8;İSTANBUL;ÜSKÜDAR;(212) 6637879;;;İİB-HUBUBAT
CBN ENDÜSTRİYEL GIDA SANAYİ TİCARET LİMİTED ŞİRKETİ;CEVİZLİ MAH. TUGAY YOLU CAD.OFİSİM İSTANBUL SİTESİA BLOK NO: 20A İÇ KAPI NO: 41;İSTANBUL;MALTEPE;(216) 9692114;;;İİB-HUBUBAT
FARMATEK İÇ VE DIŞ TİC.A.Ş;KÜLTÜR MAH. UYDU SOK NO:2/3 ;İSTANBUL;BEŞİKTAŞ;(212) 2635783;;;İİB-HUBUBAT
PROMUS DIŞ TİCARET LTD.ŞTİ.;ORDU CAD.YEŞİL TULUMBA SOKAK KARADENİZ İŞ HANI NO.9 D.10;İSTANBUL;FATİH;02125861832-33;;;İİB-HUBUBAT
BURHAN ÇIÇEK -ÇIÇEK GIDA ÜR. IMALAT TOP.VE PAZ.;DOĞU MAH.ESKİ DOLAYOBA CAD.BİLGE SOK.NO:5/3;İSTANBUL;PENDİK;(216) 3904138;;;İİB-HUBUBAT
NİL ACTİV DIŞ TİCARET LİMİTED ŞİRKETİ;ÇAKIL MAH. ELBASAN CAD. NO: 136 İÇ KAPI NO: 1;İSTANBUL;ÇATALCA;(212) 0000000;;;İİB-HUBUBAT
ZEYTİNOĞLU YEM TARIM VE END.ÜRÜN.SAN.TİC.A.Ş.; KARAKÖPRÜ MEVKİİ İSMAİL HAKKI ZEYTİNOĞLU SOK. NO:14;KOCAELI;GÖLCÜK;(262) 3413615;www.zeytinoglu.net;zeytinoglu.net;İİB-HUBUBAT
ALBA GEMİ HİZMETLERİ İTH. İHR SAN. TİC. LTD. ŞTİ.;5. SOK. NO:44/1;İSTANBUL;ATAŞEHİR;(216) 4711909;https://www.albashipsupply.com/;albashipsupply.com;İİB-HUBUBAT
ALOGO DIŞ TİCARET LTD. ŞTİ.;İÇERENKÖY MAH. TOPÇU İBRAHİM SK. QUICK TOWER SİT.NO: 8-10D;İSTANBUL;ATAŞEHİR;(216) 0000000;;;İİB-HUBUBAT
YIĞMATEPE GIDA SANAYİ VE TİCARET LİMİTED ŞİRKETİ;AKÇABURGAZ MAH. MUHSİN YAZICIOĞLU CAD. NO: 51;İSTANBUL;ESENYURT;(212) 0000000;;;İİB-HUBUBAT
ULUSAL GIDA SERVİS VE TİCARET ANONİM ŞİRKETİ;FERAHEVLER MAH.ÇELİK SK.NO:4A;İSTANBUL;SARIYER;(212) 0000000;;;İİB-HUBUBAT
LİON GROUP DIŞ TİCARET A.Ş.;19. MAYIS MAH. HALASKARGAZİ CAD. NO: 226-2 KAT: 3 D: 16;İSTANBUL;ŞİŞLİ;(212) 2341020;;;İİB-HUBUBAT
ORJİNAL DIŞ TİC.A.Ş;KOZA MAH. 1638 SPK 1 B 183 ;İSTANBUL;ESENYURT;(212) 8032297;;;İİB-HUBUBAT
PELİT ÇİKOLATA VE GIDA SAN. A.Ş.;KOZA MAH.1678 SK NO:19   34517;İSTANBUL;ESENYURT;(212) 4111300;www.pelit.com.tr;pelit.com.tr;İİB-HUBUBAT
VİZYON ŞEKERLEME GIDA PAZ. SAN. VE DIŞ TİC. LTD. ŞTİ.;MEHMET AKİF ERSOY MAH. 1920 SOK. NO:8/1 ;İSTANBUL;ESENYURT;(212) 0000000;;;İİB-HUBUBAT
LÜLEBURGAZ YAĞ SANAYİ VE TİCARET LİMİTED ŞİRKETİ;ŞAHİNTEPE MAH. LALEZAR SOKAK İSTANBUL GIDA TOPTANCILAR ÇARŞISIDIŞ KAPI 4F İÇ KAPI : Z11 - 1. ADA 3B/11;İSTANBUL;BAŞAKŞEHİR;(212) 0000000;;;İİB-HUBUBAT
YATU GAYRİMENKUL EMLAK İNŞAAT OTOMOTİV SANAYİ VE TİCARET LİMİTED ŞİRKETİ;YENİ MAH.OSMANGAZİ CADDESİNO 12 / 28;SAKARYA;HENDEK;(264) 0000000;;;İİB-HUBUBAT
TİM TEMEL TÜKETİM MAĞAZACILIK SANAYİ VE TİCARET LİMİTED ŞİRKETİ;SUADİYE MAH. FATMAKADIN SK. DOSTLAR RESIDENCE NO:10 İÇ KAPI NO: 7;İSTANBUL;KADIKÖY;(232) 4221854;;;İİB-HUBUBAT
BLACKBİRD CONFECTİONERY GIDA LİMİTED ŞİRKETİ;MERDİVENKÖY MAH. ŞAHİKA SK. AKBULUT NO: 30 İÇ KAPI NO: 13;İSTANBUL;KADIKÖY;(216) 0000000;http://bbconfectionery.com;bbconfectionery.com;İİB-HUBUBAT
MERT PASTACILIK EKMEKÇİLİK PAZ. SAN. VE TİC. LTD. ŞTİ.;ŞAŞKINBAKKAL BAĞDAT CAD. KAZIM ÖZALP SK. NO:15/5;İSTANBUL;KADIKÖY;(216) 3600027;;;İİB-HUBUBAT
INATURA SAĞLIK ÜRÜNLERİ VE İLAÇ SANAYİ TİCARET ANONİM ŞİRKETİ;FATİH SULTAN MEHMET MAH. BALKAN CAD. MEYDAN İSTANBAVM NO:62 A;İSTANBUL;ÜMRANİYE;(216) 0000000;;;İİB-HUBUBAT
INSTANTA GIDA SAN.VE TİC A.Ş;AYDINLI İSTANBUL DERİ ORG.SAN.YAN SANAYİ RUGAN SOKNO:18/11;İSTANBUL;TUZLA;(216) 5910277;www.instanta.com.tr;instanta.com.tr;İİB-HUBUBAT
GOLD SİLVER GIDA VE PAZARLAMA SANAYİ DIŞ TİCARET LİMİTED ŞİRKETİ;ÖMERLİ MAH. EFEKAN CAD. NO:7 İÇ KAPI NO:3;İSTANBUL;ARNAVUTKÖY;(212) 3939971;;;İİB-HUBUBAT
FATİH AYSEL- NUTAT DRAJE DÜKKANI;FATİH MAH MİRALAY MÜMTAZ CAD NO:107/A;KOCAELI;İZMİT;(850) 4202633;http://www.nutatcikolata.com;nutatcikolata.com;İİB-HUBUBAT
BALSAM GIDA KOZMETİK MAKİNA İNŞ.PAZ.SAN.VE TİC.LTD.ŞTİ.;MUSTAFAPAŞA MAH.713/1 SOKAK NUMARA:5/3;KOCAELI;GEBZE;(262) 6462382;;;İİB-HUBUBAT
MEHMET EMİN YARGICI - NEFS GIDA AMBALAJ;ADNAN KAHVECİ MAH. YAVUZ SULTAN SELİM BULVARINO:70/78;İSTANBUL;BEYLİKDÜZÜ;(212) 8521560;;;İİB-HUBUBAT
AGROW GLOWBAL  TOHUM İNŞ MALZ.TİC.LTD.ŞTİ.;MERKEZ MAH. SEÇKİN SOK Z OFİS NO:2 4A/220;İSTANBUL;KAĞITHANE;(212) 0000000;;;İİB-HUBUBAT
HAKKAN GLOBAL GIDA İNŞ.ELEKTRONİK TEKSTİL İTHALAT İHRACAT PAZARLAMA SANAYİ VE TİCARET LTD ŞTİ;BARBAROS MH. VEYSİ PAŞA SK.12 NO 9/12/1;İSTANBUL;ÜSKÜDAR;(216) 0000000;http://www.hakkanglobal.com;hakkanglobal.com;İİB-HUBUBAT
NAZLI BÖREK GIDA SAN.VE TIC. LTD.ŞTI.;ÖRNEK MAH.6.SK.NO:5;İSTANBUL;ATAŞEHİR;(216) 3241374;www.nazliborek.com.tr;nazliborek.com.tr;İİB-HUBUBAT
ALSİM ALARKO SAN.TESİSLERİ VE TİC.A.Ş;GEBZE ORG.SAN.BÖL.IHSAN DEDECAD 800.SOK.41480;KOCAELI; ;(262) 6482200;;;İİB-HUBUBAT
ERON GIDA DIŞ TİCARET LİMİTED ŞİRKETİ;VİŞNEZADE MH. SÜLEYMAN SEBA CD. BEŞİKTAŞ PLAZA NO: 48 Z;İSTANBUL;BEŞİKTAŞ;(212) 0000000;www.eronticaret.com;eronticaret.com;İİB-HUBUBAT
PROPERFECK AVCİL HAYVAN ÜRÜNLERİ DIŞ TİCARET LİMİTED ŞİRKETİ;HAZNEDAR MAH. ŞEVKETDAĞ CAD. ALGÜL AP. NO: 90 A;İSTANBUL;GÜNGÖREN;(212) 0000000;;;İİB-HUBUBAT
GÜZEL TİCARET GIDA SANAYİ VE PAZARLAMA ANONİM ŞİRKETİ;İSTİKLAL MAHALLESİ EKİN SOKAK NO:10;İSTANBUL;ESENYURT;;;;İİB-HUBUBAT
OSMAN ŞAHİN;ORUÇ REİS MAH. VADİ CAD. GİYİMKENT B174 NO:240 ;İSTANBUL;ESENLER;(212) 4383888;;;İİB-HUBUBAT
A VED HAYVAN SAĞLIĞI ÜRÜNLERİ LTD.ŞTİ.;İZZET PAŞA MH.YENİ YOL CD. NUROL TOWER N.3/303;İSTANBUL;ŞİŞLİ;(212) 4135649;;;İİB-HUBUBAT
BLUVEN KÜRESEL GEMİ TEDARİK SANAYİ TİCARET ANONİM ŞİRKETİ;POSTANE MAH. HACILAR CAD. 52/C;İSTANBUL;TUZLA;(216) 6063435;www.bluvensupply.com;bluvensupply.com;İİB-HUBUBAT
AYKA NATURAL GIDA SAN.TİC.LTD.ŞTİ.;GÖKEVLER MAH.563.SK. NO:9 J ESENYURT;İSTANBUL;ESENYURT;(212) 8520575;http://semillasfoods.com;semillasfoods.com;İİB-HUBUBAT
SEDA ÇİMENLİ YILMAZ-SEVENHİLLS GLOBAL;İCADİYE MAH. MÜNECCİM BAŞI SOK CAN APT NO:70/5;İSTANBUL;ÜSKÜDAR;(216) 0000000;;;İİB-HUBUBAT
YUMER GIDA INŞAAT TEKSTIL SANAYİ TICARET LİMİTED ŞİRKETİ;GENÇOSMAN MAH. ÇİNÇN DERE CAD. BAYAR İŞ HANI NO:87;İSTANBUL;GÜNGÖREN;(212) 5192212;;;İİB-HUBUBAT
CRUMBLE GROUP GIDA SANAYİ VE TİCARET LİMİTED ŞİRKETİ;MİLLET MAHALLESİ 11 EYLÜL BULVARI NO:12 ;BURSA;YILDIRIM;(224) 0000000;https://www.crumbleandcrunch.com/;crumbleandcrunch.com;İİB-HUBUBAT
ALTIN KÜNEFE GIDA TURİZM İNŞAAT SANAYİ VE TİCARET. LTD. ŞTİ.;FERHATPAŞA MAH. 15. SOK NO:153 D ZEMİN KAT 1-2-3 SOK NO:42/1 ;İSTANBUL;ATAŞEHİR;(216) 3283431;;;İİB-HUBUBAT
ANKA GRUP DIŞ TİC.GIDA SAN.A.Ş;CİHANGİR AMH. ŞEHİT PİYADE ER YAVUZ BAHAR SOK NO:4/3;İSTANBUL;AVCILAR;(212) 4211400;;;İİB-HUBUBAT
ELIT PATISERI GIDA SANAYI VE TICARET LIMITED SIRKETI;KAVAKLI MAH. KAVAKLI CAD. NO: 5 F IÇ KAPI NO: 17;İSTANBUL;BEYLİKDÜZÜ;(212) 0000000;;;İİB-HUBUBAT
SİNAN SİNER;BOZKURT MH.BAYSUNGUR SK.NO:114 İÇ KAPI NO:1;İSTANBUL;ŞİŞLİ;(212) 0000000;;;İİB-HUBUBAT
ARV GROUP KURUMSAL HİZMETLER A.Ş.;B.HAYRETTİNPAŞA MAH.1988 SOK PAPATYA 1 APT NO:4/28;İSTANBUL;ESENYURT;(212) 8093737;;;İİB-HUBUBAT
AZUL TARIM GIDA VE YEM İTHALAT İHRACAT SANAYİ TİCARET LİMİTED ŞİRKETİ;HALİL RIFATPAŞA MAHALLESİ YÜZER HAVUZ SOKAK PERPA TİCARET MERKEZİ ;İSTANBUL;ŞİŞLİ;(212) 0000000;;;İİB-HUBUBAT
DONUT GIDA TEKSTİL REK GAYRIMENKUL DAN TİC A.Ş;ORUÇ REİS MH TEKSTİLKENT CD TEKSTİLKENT A22 NO 10A Z 03;İSTANBUL;ESENLER;(212) 4933337;;;İİB-HUBUBAT
EKUNSAN GIDA MADDELERI SAN.VE TIC.LTD.ŞTI;INÖNÜ CAD.NO:48;EDIRNE;KEŞAN;(284) 6364125;www.ekunsan.com.tr;ekunsan.com.tr;İİB-HUBUBAT
44 BEYDAĞ PEYNİRCİLİK GIDA SANAYİ VE TİCARET ANONİM ŞİRKETİ;: KOCATEPE MAH.GÜMRÜK İSKELESİ CD.MEGA CENTER C19BL.N.40 B/1;İSTANBUL;BAYRAMPAŞA;(212) 2647644;;;İİB-HUBUBAT
TEORİ MÜHENDİSLİK ASANSÖR SAN. VE TİC. LTD. ŞTİ.;"EYÜP SULTAN MAHALLESİ, İBNİ SİNA CADDESİ NO. 33 ";İSTANBUL;SANCAKTEPE;(216) 6615363;www.teorimuhendislik.com;teorimuhendislik.com;İİB-HUBUBAT
FLAŞ TURIZ GIDA İNŞ.HAYV. NAKLİYE TAAH.TİC.LTD.ŞTİ;ŞAİR SIRRI HANIM SOK BERTAN AP1/5;DIYARBAKIR; ;(212) 4373640;;;İİB-HUBUBAT
AKREN İNŞAAT TEMİZLİK SANAYİ VE TİCARET LİMİTED ŞİRKETİ;NECATİPAŞA MAHALLESİ KONURALP CADDESİ NO:36/E MAHA;SAKARYA;HENDEK;(264) 0000000;;;İİB-HUBUBAT
KİZİROĞLU GIDA SANAYİ VE TİCARET A.Ş;AKÇABURGAZ MAH.3040 SOK. NO: 29;İSTANBUL;ESENYURT;(212) 8866980;www.kiziroglu.com;kiziroglu.com;İİB-HUBUBAT
MİLESİA GIDA TİCARET LİMİTED ŞİRKETİ;ESATPAŞA MAH. FATİN RÜŞTÜ ZORLU CAD.TURKCEEL NO: 37A;İSTANBUL;ATAŞEHİR;(216) 0000000;;;İİB-HUBUBAT
SANTE BİO SOLUTİONS SAĞLIK ÜRÜNLERİ SAN VE DIŞ TİC LTD ŞTİ;MECİDİYEKÖY MAH. BÜYÜKDERE CAD. ALBA IŞ MERKEZI BLOK NO: 67-71 İÇ KAPI NO: 9;İSTANBUL;ŞİŞLİ;(212) 0000000;;;İİB-HUBUBAT
HADEKS HALI DERİ TEKS. DIŞ TİC. AŞ;OSB MH.MASKO MOB.KENTİ 3-B1 BLOKNO:38;İSTANBUL;BAŞAKŞEHİR;(212) 4240402;www.hadeks.com;hadeks.com;İİB-HUBUBAT
GSF GIDA SAN.FABRİKALARI ÜRT. SAN.VE TİC.A.Ş.;OSMANBEY KÖYÜ KARŞISI;SAKARYA;AKYAZI;(264) 4477030;;;İİB-HUBUBAT
AVŞAR BUSİNESS CENTER GIDA OTO. SAN. VE TİC. LTD. ŞTİ.;ZAFER MAH.HARAMİDEREYOLU CAD.SEMBOL İSTANBUL NO:28C/529 ;İSTANBUL;ESENYURT;(212) 0000000;;;İİB-HUBUBAT
ATAKUT GIDA VE TİCARET LTD. ŞTİ.;SAHRAYICEDİT MAH. GÜZİDE SOK.BETAKENT SİT. D BLOKNO:6 İÇ KAPI:4;İSTANBUL;KADIKÖY;(216) 6062254;;;İİB-HUBUBAT
BALLSTAD GIDA ÜRÜNLERİ TİCARET ANONİM ŞİRKETİ;GÜNGÖREN MAH. TURGUT ÖZAL CAD. SERHAT YAPIPRESTİJ EVLERİ A BLOK NO: 2 -8A/C;İSTANBUL;ÇEKMEKÖY;(216) 0000000;http:ballstadomega3.com.tr;;İİB-HUBUBAT
HARVEST GIDA VE DIŞ TİCARET LİMİRED ŞİRKETİ;MERKEZ MH. AKAR CD. I TOVVERS BOMONTİ NO:3İÇ KAPI NO : 23;İSTANBUL;ŞİŞLİ;(212) 4587666;;;İİB-HUBUBAT
ADIM AKARYAKIT ENERJİ İNŞAAT GIDA SANAYİ VE TİCARET LİMİTED ŞİRKETİ;OSB.KERESTECİLER SİTESİ 4.SOK.NO:5 BLOK:31/A;İSTANBUL;BAŞAKŞEHİR;(212) 4853388;www.adimpetrol.com.tr;adimpetrol.com.tr;İİB-HUBUBAT
AGRI WORLD TRADING TARIMSAL FAALIYETLER SANAYI VE TICARET LIMITED SIRKETI;ODUNLUK MAH. AKADEMI CAD. SUR YAPI MARKA REZIDANS AVM NO: 6 B IÇ KAPI NO: 39;BURSA;NİLÜFER;(224) 4513271;;;İİB-HUBUBAT
EK GIDA YATIRIM TIC.LTD.ŞTI.;TOPSELVİ MAH. KUBİLAY CAD. NO:75 KARTAL/ İSTANBUL;İSTANBUL;KARTAL;(216) 3890084;www.ekgida.com;ekgida.com;İİB-HUBUBAT
SICAK SANDVİÇ GIDA SAN. VE TİC. A.Ş;TEPEÖREN MAH. ESKİ ANKARA ASFALTI CAD. TGM SAN.SİT .D BLOK NO:204/4;İSTANBUL;TUZLA;(216) 3889303;www.keksbakery.com;keksbakery.com;İİB-HUBUBAT
VERA DÜNYA GIDA VE KİMYA İTHALAT İHRACAT TİCARET LİMİTED ŞİRKETİ;YENİŞEHİR MAH. FEHİM SK. EMİNEVİM 560 SİT. B BLOK APT. NO:2 B/87 ;İSTANBUL;PENDİK;(212) 2101036;;;İİB-HUBUBAT
FM KAHVE EKİPMANLARI SAN.TİC.A.Ş;FERHATPAŞA MH. 93 SK. NO:58/2;İSTANBUL;ATAŞEHİR;(216) 4143434;www.fmkahve.com.tr;fmkahve.com.tr;İİB-HUBUBAT
CANDYPOİNT ŞEKERLİ MAMÜLLER GIDA SAN.VE TİC.LTD.ŞTİ;GÜLLÜBAĞLAR MAH. TANDOĞAN CAD. NO:80 ;İSTANBUL;PENDİK;(216) 3070101;www.candypoint.com.tr;candypoint.com.tr;İİB-HUBUBAT
HİGER GROUP İÇ VE DIŞ TİCARET LTD.ŞTİ.;MAHMUTBEY MAH. 2420. SOK. NO:83;İSTANBUL;BAĞCILAR;(212) 6549922;;;İİB-HUBUBAT
ITP PACK AMBALAJ SANAYİ TİCARET LİMİTED ŞİRKETİ;FİRUZKÖY MAH. FİRUZKÖY BULVARI BLV. NO:192/2;İSTANBUL;AVCILAR;(212) 0000000;;;İİB-HUBUBAT
İBRAHİM SOLAK-SÜS BİTKİLERİ ÜRETİCİLİĞİ;ÖZBEK KÖYÜ PAMUKOVA SAKARYA;SAKARYA;PAMUKOVA;;;;İİB-HUBUBAT
SERKAN YALIN-NISH OLİVE GURME ZEYTİNCİLİK;YAKUPLU MAH.14.SOK.NO:28/2;İSTANBUL;BEYLİKDÜZÜ;;;;İİB-HUBUBAT
ELZ YEM SAN. İÇ VE DIŞ TİC. A.Ş.;ESENTEPE MAH. BÜYÜKDERE CAD. METROCITY NO: 171 B İÇ KAPI NO: 46 ;İSTANBUL;ŞİŞLİ;;https://www.elzpetfood.com/;elzpetfood.com;İİB-HUBUBAT
WELL WORKS HEALTH İLAÇ GIDA VE SAĞLIK ÜRÜNLERİ SANAYİ TİCARET LİMİTED ŞİRKETİ;FULYA MAHALLESİ ORTAKLAR CAD.NO: 14 İÇ KAPI NO: 5;İSTANBUL;ŞİŞLİ;(216) 7065027;;;İİB-HUBUBAT
AYTAT BESIN GIDA SANAYI TICARET LIMITED ŞİRKETİ;ACIBADEM MAH. ÇEÇEN SK. 46G. B3C. D.66;İSTANBUL;ÜSKÜDAR;(216) 7662060;;;İİB-HUBUBAT
ENES VAROLGÜNEŞ;SULTAN SELİM MAH/SEMT BİLGİÇ SK. NO: 5 A;İSTANBUL;KAĞITHANE;(212) 0000000;;;İİB-HUBUBAT
PİNİTEKS KUMAŞÇILIK İÇ VE DIŞ TİCARET LİMİTED ŞİRKETİ;MERKEZ MAH. ZÜBEYDE HANIM CAD. NO: 4A;İSTANBUL;GÜNGÖREN;(212) 0000000;;;İİB-HUBUBAT
LAB GIDA SANAYİ VE TİCARET ANONİM ŞİRKETİ;YENİDOĞAN MAH. ATATÜRK CAD. NO:269/B;İSTANBUL;SANCAKTEPE;(216) 4308830;;;İİB-HUBUBAT
SENAY AYDOĞAN;ŞEYHSİNAN MAH.AKYOL SOK NO:7/1;TEKIRDAĞ;ÇORLU;(282) 5241881;;;İİB-HUBUBAT
ABDULSAMED YILDIRIM;FERAH MAH. PINARBAŞI SOK NO:39 DÜK.:2;İSTANBUL;ÜSKÜDAR;(216) 5213800;;;İİB-HUBUBAT
CYBELE GIDA SANAYİ TİCARET ANONİM ŞİRKETİ;SULTAN SELİM MAH. ESKİ BÜYÜKDERE CAD. NO:61 / 2;İSTANBUL;KAĞITHANE;(212) 0000000;;;İİB-HUBUBAT
KÖSEOĞLU KAHVE GIDA İTHALAT İHRACAT TİCARET LİMİTED ŞİRKETİ;KEMAL TÜRKLER MAH. GÜLNAZ SK. NO:2/A İÇ KAPI NO:1;İSTANBUL;SANCAKTEPE;(216) 0000000;http://koseoglugida.com.tr/;koseoglugida.com.tr;İİB-HUBUBAT
MİZYAZ BİLİŞİM TEKNOLOJİLERİ ULUSLARARASI TİCARET LİMİTED ŞİRKETİ;ZEKERİYAKÖY MAH. GÜMÜŞÇÜLER SOK. NO:8;İSTANBUL;SARIYER;(212) 0000000;http://www.mizyaz.com;mizyaz.com;İİB-HUBUBAT
MNK YATIRIM OTOMOTIV GIDA MIMARLIK SANAYI VE TICARET LIMITED SIRKETI;ORTA MAH.SOĞANLIK D-100 KUZEY YANYOL CAD. A1 BL.NO:26/1/79;İSTANBUL;KARTAL;(216) 5191953;;;İİB-HUBUBAT
VARİOLİNE İSTANBUL DIŞ TİC.A.Ş;ÇAYIR CAD.ÖZCE CENTER NO:3/7;İSTANBUL;ATAŞEHİR;(216) 5728282;www.varioline.com.tr;varioline.com.tr;İİB-HUBUBAT
JAWAD GROUP DANIŞMANLIK İÇ DIŞ TİC. LTD. ŞTİ.;SEYYİD ÖMER MAH. HEKİMOĞLU ALİPAŞA CAD. EROL APT. NO:120 A;İSTANBUL;FATİH;(212) 6035185;;;İİB-HUBUBAT
A VE D KIMYEVI MADDELER SAN. VE TIC.A.Ş.;İ.O.S.B.TÜMSAN YAPI KOOP. 7.BLOKNO:22-24 ;İSTANBUL;BAŞAKŞEHİR;(212) 4859754;www.adkimya.com;adkimya.com;İİB-HUBUBAT
TREND AGRO GIDA SAN. TİC. LTD ŞTİ;BÜYÜK ŞEHSUVARBEY MAH. İNÖNÜ CAD.IHTIYAROGLU KONUTLARI BLOK NO: 122AA İÇ KAPI NO: 2;EDIRNE;UZUNKÖPRÜ;(284) 0000000;;;İİB-HUBUBAT
MEMLEKETİM PAZARLAMA TİC.SAN.A.Ş.;OSMANGAZİ MAH.YILDIZHAN CAD.KÖŞE SOK.SARAY İŞ MERKNO:4;İSTANBUL;SANCAKTEPE;(216) 3113470;;;İİB-HUBUBAT
ACTA DANIŞMANLIK TİC.LTD.ŞTİ;FATİH SULTAN MEHMET MAH. BALKAN CAD. NO:62/A;İSTANBUL;ÜMRANİYE;(216) 0000000;;;İİB-HUBUBAT
CHEF GROUP GIDA SAN VE DIŞ TİCARET LTD ŞTİ;MAHMUTBEY MAH 2514 SK NO:5A;İSTANBUL;BAĞCILAR;(212) 0000000;http://www.chefgroupgida.com;chefgroupgida.com;İİB-HUBUBAT
EVREN İLAÇ KOZMETİK SANAYİ VE TİCARET LİMİTED ŞİRKETİ;GÖKEVLER MAH. 2330. SK. PASİAD NO: 4 F;İSTANBUL;ESENYURT;(216) 5762243;;;İİB-HUBUBAT
NAYASFOOD GIDA SANAYİ TİCARET ANONİM ŞİRKETİ;300 EVLER MAH. ATATÜRK CAD. NO: 6;BURSA;ORHANELİ;(224) 8173500;;;İİB-HUBUBAT
HERB AND MORE TR BAHARAT VE BITKISEL ÜRÜNLER A.Ş;BALIKHİSAR MAH. BALIKHİSAR KÖY İÇİ KÜME EVLER NO:1586  ;ANKARA;AKYURT;(262) 6436969;;;İİB-HUBUBAT
PEK PAZARLAMA VE GIDA TİCARET ANONİM ŞİRKETİ;İSTİKLAL MAH.ŞEHİT FİLİZ OKANDAN CAD.PEK FOOD KAPI;İSTANBUL;SANCAKTEPE;(212) 2822226;;;İİB-HUBUBAT
UNMAŞ UNLU MAM.SAN.VE TIC.A.Ş;Y.DUDULLU ORG.SAN.BÖLG.2.CAD.NO:25;İSTANBUL;ÜMRANİYE;(216) 4441866;;;İİB-HUBUBAT
YILDIZLAR İNŞAAT TEKSTİL SAN. VE DIŞ TİC. LTD. ŞTİ.;5.YOL SK.NO:48/1;İSTANBUL;BAĞCILAR;(212) 6598356;;;İİB-HUBUBAT
PROTRADING DIS TICARET ANONIM SIRKETI;GÜRSEL MAH. ERZİNCAN SK. IDEAL APT NO: 24-26B ;İSTANBUL;KAĞITHANE;(212) 5392121;;;İİB-HUBUBAT
PHARMAROSSO GIDA İLAÇ KOZMETİK MEDİKAL SANAYİ DIŞ TİCARET ANONİM ŞİRKETİ;TEPEÖREN MAH. KARADAĞ CAD. NO: 7 İÇ KAPI NO: 1;İSTANBUL;TUZLA;(216) 5929555;www.pharmarosso.com;pharmarosso.com;İİB-HUBUBAT
BAŞARAN OĞULLARI GIDA SAN. VE TİC. LTD. ŞTİ.;ÇELTİKKÖY MAH. YENİYOL CAD. NO:57;BURSA;OSMANGAZİ;(224) 0000000;http://www.berlinger.com.tr;berlinger.com.tr;İİB-HUBUBAT
RAMAZAN GÖRÜR -CİHAN GIDA;AYVANSARAY MAH. LAVANTA SOK BALAT 15/B ;İSTANBUL;FATİH;(212) 5246183;www.cihantat.com.tr;cihantat.com.tr;İİB-HUBUBAT
KUMTUR TURZM SAN.VE DIŞ TİC.LTD.ŞTİ.;YAKUPLU MAH.BARBAROS CAD.NO:26/2;İSTANBUL;BEYLİKDÜZÜ;;;;İİB-HUBUBAT
SWOUR GIDA SANAYİ VE İTH.İHR.TİC.LTD.ŞTİ;KALYONCU KULLUĞU MAH. ÖMER HAYYAM CAD. NO.33 A ;İSTANBUL;BEYOĞLU;(212) 0000000;;;İİB-HUBUBAT
UÇANTAY  GIDA  SAN.  VE TİC. AŞ.;AKÇABURGAZ MAH. 91.SOK NO:12;İSTANBUL;ESENYURT;(212) 5021323;www.ucantay.com.tr;ucantay.com.tr;İİB-HUBUBAT
MUSTAFA BOZ-BOZZ DOĞAL YÖRESEL ÜRÜNLE;BATTALGAZİ MAH. DERBEDER SK. NO: 13 A/2;İSTANBUL;SULTANBEYLİ;(216) 2205309;;;İİB-HUBUBAT
AŞK MAKARNA SAN. VE TİC. LTD.ŞTİ.;YUKARIAZIKLI OSB MAH. 26. SK. NO: 3;MARDIN;KIZILTEPE;(482) 2151111;;;İİB-HUBUBAT
PASTORAL GIDA VE TARIM LİMİTED ŞİRKETİ;MİMARSİNAN MAH ETHEM SOK BOLELLLİ İŞ MERK  NO:3/4;İSTANBUL;ÇEKMEKÖY;(216) 6405395;;;İİB-HUBUBAT
SANY GIDA SANAYİ VE TİCARET ANONİM ŞİRKETİ;ESENTEPE MAH BÜYÜKDERE CAD MAYA AKAR CENTER C BLOK102/1/3;İSTANBUL;ŞİŞLİ;(212) 0000000;;;İİB-HUBUBAT
ELONE GIDA  İÇ VE DIŞ TİC.A.Ş;TEPECİK YOLU NO:82 /1 DALMAZ KONUT APT;İSTANBUL;BEŞİKTAŞ;(212) 3526599;www.elone.com.tr;elone.com.tr;İİB-HUBUBAT
NAR PHARMA GIDA İTHALAT İHRACAT VE TİCARET LİMİTED ŞİRKETİ;MERKEZ MAH. KELLE İBRAHİM CAD. NO.10/1;İSTANBUL;BEYKOZ;(216) 2284263;https://narpharma.com/index.php/contact/;narpharma.com;İİB-HUBUBAT
VENTON GIDA PAZARLAMA VE TİCARET LİMİTED ŞİRKETİ;BARBAROS MAHALLESİ ŞEN SK. EVRE GROUP NO:16 / 2;İSTANBUL;ATAŞEHİR;(216) 0000000;;;İİB-HUBUBAT
WEST TİME İÇ VE DIŞ TİCARET LİMİTED ŞİRKETİ;İKİTELLİ OSB MAHALLESİ İSTEKS DOKUMACILAR SANAYİ SİTESİ A1 BLOK NO 8;İSTANBUL;BAŞAKŞEHİR;(212) 0000000;;;İİB-HUBUBAT
MÇ ORGANİK GIDA LİMİTED ŞİRKETİ;100.YIL MAH. MUMCU ÇEŞME CAD. NO:52 İÇ KAPI NO:1;TEKIRDAĞ;SÜLEYMANPAŞA;(212) 8540463;https://www.bemtat.com/iletisim.php;bemtat.com;İİB-HUBUBAT
KİMBİOTEK KİMYEVİ MADDELER SAN. VE TİC.A.Ş;İOSB TÜMSAN YAPI KOOP .7 BBLOK -24-22-23 ;İSTANBUL;BAŞAKŞEHİR;(212) 4856869;;;İİB-HUBUBAT
RİYAZ BAHARAT LİMİTED ŞİRKETİ;MAŞUKİYE MAH.AKÇAKESE SK.GATE41 SİTESİE BLOK NO:7 İÇ KAPI:2;KOCAELI;KARTEPE;(262) 0000000;;;İİB-HUBUBAT
ÜZEYİR YARIŞLI;HÜDAVENDİGAR MAH. IMARET CAD. NO:13 KAPI NO :2 ;BURSA;KARACABEY;(224) 0000000;;;İİB-HUBUBAT
SERDEM AGRO KURUYEMİŞ GIDA İTHALAT İHRACAT SANAYİ VE TİCARET LİMİTED ŞİRKETİ;BARAKFAKİH OSB MAH. 16. CAD. EJDER MAK.SAN NO: 6İÇ KAPI NO: 1;BURSA;KESTEL;(224) 0000000;;;İİB-HUBUBAT
METGİNTR GIDA LİMİTED ŞİRKETİ;KOÇULLU MAH. KARASU CAD. NO:37/8;İSTANBUL;ÇEKMEKÖY;(216) 0000000;;;İİB-HUBUBAT
SEVİLAY ÇELENK;CUMHURİYET MAH. KURTULUŞ SOK. NO: 3/1;İSTANBUL;SULTANGAZİ;(212) 0000000;;;İİB-HUBUBAT
ÇOTANUT ÇİKOLATA VE ŞEKERLEME GIDA SAN TİC LTD ŞTİ;AKÇABURGAZ MAH. 1585. SK. TEM 34 NO:2 / 28;İSTANBUL;ESENYURT;(212) 6123465;;;İİB-HUBUBAT
MİRA GLOBAL GIDA LİMİTED ŞİRKETİ;ŞAHİNTEPE MAH. LALEZARSK. İGTOT 2B BLOK NO:4 D İÇ KAPI NO: Z21;İSTANBUL;BAŞAKŞEHİR;(212) 5816851;;;İİB-HUBUBAT
SEVİYE GIDA SAN VE TİC.LTD.ŞTİ;YAPI MAH. MAREŞAL FEVZİ ÇAKMAK  CAD. NO:47  ;İSTANBUL;MALTEPE;(216) 5923211;;;İİB-HUBUBAT
FUNNY PAZARLAMA GIDA SAN. VE TIC. A.Ş.;ORGANİZE SANAYİ BÖLGESİ BEY KÖY BELDESİ İSTİKLAL OSB  1. MAH. 5. CADDE DIŞ KAPI  NO:6;DÜZCE;MERKEZ;;;;İİB-HUBUBAT
TOPKIM TOPKAPI ILAÇ PREMIKS SAN.VE TIC. A.Ş.;RÜZGARLIBAHÇE YENI PARSEL.MEVKKAYIN SK.YESA IŞMRK.1-BLK K:4;İSTANBUL;BEYKOZ;(216) 6804900;www.topkim.com.tr;topkim.com.tr;İİB-HUBUBAT
BOSSE GIDA KİMYEVİ MADDELER SANAYİ DIŞ TİCARET LİMİTED ŞİRKETİ;ORTAKÖY MAHALLESİ AYAYDIN SOKAK CINAR APT. NO:7/1;İSTANBUL;BEŞİKTAŞ;(212) 4242178;;;İİB-HUBUBAT
EURO FOOD GRUP GIDA VE DIŞ TİCARET LTD.ŞTİ.;ZUHURATBABA MAH.YUCE TARLA CAD. KENAN AKGÜNBLOK NO:55 İÇ KAPI NO:5;İSTANBUL;BAKIRKÖY;(212) 4501111;;;İİB-HUBUBAT
ANADOLUZADE GIDA İTHALAT VE İHRACAT LİMİTED ŞİRKETİ;AYDINLI MAH. YEŞİLPINAR SK. ADRES NATURA A1 NO: 5/24;İSTANBUL;TUZLA;(216) 4505376;;;İİB-HUBUBAT
DOVIT GIDA SAN. VE DIŞ TIC. LTD. ŞTI.;KAVAKLI MAH. KUZEY CAD. NO:5;İSTANBUL;BEYLİKDÜZÜ;(212) 6715547;www.aksuvital.com.tr;aksuvital.com.tr;İİB-HUBUBAT
GREEN PALM GIDA TARIM ÜRÜNLERİ TİCARET LİMİTED ŞİRKETİ;KEMALPAŞA MAH. 18 SEKBANLAR SK. SEKBAN AP. NO: 16İÇ KAPI NO: 6 FATİH/ İSTANBUL;İSTANBUL;FATİH;(212) 0000000;;;İİB-HUBUBAT
ERSAN ÇİMEN  - ŞAFİ DOĞAL ÜRÜNLER;MEHMET AKİF MAH.ŞANLIURFA CAD.NO:126 C/1;İSTANBUL;SULTANBEYLİ;(216) 4194335;;;İİB-HUBUBAT
FPS GRUP SATIŞ PAZARLAMA İÇ VE DIŞ TİCARET LİMİTED ŞİRKETİ;KÜÇÜKBAKKALKÖY MAH.KAYIŞDAĞI CADDESİ  METAL İŞ MERKEZİ BLOK NO:37 İÇ KAPI NO:40 ;İSTANBUL;ATAŞEHİR;(216) 6900006; www.fpsgrup.com ;fpsgrup.com;İİB-HUBUBAT
LİYA TEKS. İNŞ. SAN. VE TİC. LTD. ŞTİ.;HATAY CD.NO:17/10 SAFİR RESİDENCE GİRİŞ KAPISI YANI ;İSTANBUL;BEYLİKDÜZÜ;(212) 5271323;www.liya.com.tr;liya.com.tr;İİB-HUBUBAT
ÜÇ-ER GIDA SAN. VE TİC. AŞ.;BAĞLAR MH.MİMAR SİNAN CD.NO.23;İSTANBUL;BAĞCILAR;(212) 6020707;www.ucergida.com;ucergida.com;İİB-HUBUBAT
COCOWISS GIDA SANAYI TICARET ANONIM SIRKETI;UFUK MEVKİ 106 SOK. NO:54 A ÜÇ KÖPRÜ KÖYÜ ;DÜZCE;KAYNAŞLI;(380) 0000000;http://cocowisschocolate@gmail.com;gmail.com;İİB-HUBUBAT
ÖZN UNLU MAMÜLLER İTHALAT İHRACAT SANAYİ VE TİCARET LİMİTED ŞİRKETİ;YALINTAŞ MAH. MANDIRALAR CAD. NO: 37;BURSA;MUSTAFAKEMALPAŞA;(224) 0000000;;;İİB-HUBUBAT
VİLLA NATURA TARIMSAL ÜRÜNLER VE AMB. TİC. LTD. ŞTİ.;NECİP FAZIL MAH.MABEYN CAD. METROGARDAN SİT.C BLOK NO:3 İÇ KAPI:1 ;İSTANBUL;ÜMRANİYE;(216) 0000000;;;İİB-HUBUBAT
MARİNE GIDA İNŞ SAN VE TİC.LTD.ŞTİ.;SANCAKTEPE MAH. B. ATATÜRK CAD. NO:77A;İSTANBUL;ÇATALCA;(212) 0000000;www.marinefood.com.tr;marinefood.com.tr;İİB-HUBUBAT
SYNERGY GIDA VE TICARET ANONIM SIRKETI;AKSEMSETTIN MAH. AKDENIZ CAD. YAGIZLAR IS HANI NO: 115 ;İSTANBUL;FATİH;(212) 0000000;;;İİB-HUBUBAT
ELZA STAR TEKS. SAN. VE TİC. LTD. ŞTİ. ;RAMI KISLA CAD.EMINTAS ERCIYESSAN.SIT.NO.56;İSTANBUL;BAYRAMPAŞA;;;;İİB-HUBUBAT
SMYRNA PETFOOD İÇ VE DIŞ TİCARET ANONİM ŞİRKETİ;KITELLI OSB MAH. 17. CAD. RAMMAR NO: 5;İSTANBUL;BAŞAKŞEHİR;(312) 3945397;;;İİB-HUBUBAT
LARASKA TARIM ÜRÜN. SAN. VE TİC. A.Ş.;GÜRPINAR MAH.ULUSAL CAD.A BLOK APT NO:3/1/2;İSTANBUL;BEYLİKDÜZÜ;(212) 0000000;;;İİB-HUBUBAT
ŞAHAN AGRO TİCARET A.Ş.;CUMHURİYET MAH.ÇAĞDAŞ CADA BLOK NO.10 -12/A/1;İSTANBUL;ÇEKMEKÖY;(216) 2350701;;;İİB-HUBUBAT
MENAGRİ ZİRAAT TİCARET LİMİTED ŞİRKETİ;RASİMPAŞA MAH.HALİTAĞA CAD. ÖZLEM IŞ HANIAPT.NO:32/31;İSTANBUL;KADIKÖY;(216) 0000000;;;İİB-HUBUBAT
MULTİ BRANDS FOODS DIŞ TİCARET LİMİTED ŞİRKETİ;KAYABAŞI MAH. AKZAMBAK SK. NO: 2P;İSTANBUL;BAŞAKŞEHİR;(212) 8038385;;;İİB-HUBUBAT
İMPLEX YATIRIM TİCARİ VE SINAİ ÜRÜNLER İÇ VE DIŞ TİCARET LİMİTED ŞİRKETİ;ÇAĞLA SOKAK NO2/A KARTAL;İSTANBUL;KARTAL;(216) 2089440;http://www.soulkitchen.com.tr;soulkitchen.com.tr;İİB-HUBUBAT
A PLUS TARIM TEDARİK LTD. ŞTİ.;ODUNLUK MAH. 702. SOKAK NO:5/9;BURSA;NİLÜFER;(224) 2110309;;;İİB-HUBUBAT
AGRINA GROUP GIDA TİC.LTD.ŞTİ;CUMHURİYET MAH. HALASKARGAZİ CAD. ÖGER APT NO:111/6;İSTANBUL;ŞİŞLİ;(212) 0000000;;;İİB-HUBUBAT
AREA DIŞ TİC.LTD.ŞTİ;G.O.S.B. İHSAN DEDE CADDESİ 800. SOKAK NO:122 ;KOCAELI;GEBZE;(262) 6465713;;;İİB-HUBUBAT
AYSU GEMİ DONATIM TEKS.VE MET.SAN.TİC.LTD.ŞTİ.;İÇMELER MAH.GÖKTÜRK CAD. NO:117/2;İSTANBUL;TUZLA;(216) 3922088;www.aysugemi.com;aysugemi.com;İİB-HUBUBAT
TANDEM GIDA VE TEKS. SAN. TİC. LTD. ŞTİ.;İNEBOLU SOK.NO:33 KAT:2SETÜSTÜ;İSTANBUL;BEYOĞLU;02122931042;;;İİB-HUBUBAT
SELÇUK BELEKOĞLU - EMSEL GIDA SAN.;İKITELLI OSB HESKOP SAN.SIT.M 11 BLK NO:202-204;İSTANBUL;BAŞAKŞEHİR;(212) 0000000;http://www.emselturkiye.com;emselturkiye.com;İİB-HUBUBAT
SAFFOODS GIDA SANAYİ ANONİM ŞİRKETİ;MASLAK MAH.AHİ EVRAN CAD.NAZMİ AKBACI TİC.MER.NO:5;İSTANBUL;SARIYER;(212) 0000000;;;İİB-HUBUBAT
BERTA MÜCEVHERAT İÇ VE DIŞ TİCARET LİMİTED ŞİRKETİ;MOLLA FENARİ MAH. BAB-I ALİ CAD. NO:9/1İÇ KAPI:24;İSTANBUL;FATİH;(212) 0000000;;;İİB-HUBUBAT
HOREKA DIŞ TİC. LTD ŞTİ.;BAKIRCILAR PİRİNÇCİLER SAN. SİT. MUSTAFA KURTOĞLU CD. NO:11 ERŞE İŞ MRK;İSTANBUL;BEYLİKDÜZÜ;(212) 8764100;www.horekabar.com;horekabar.com;İİB-HUBUBAT
FEYMAR GROUP GIDA SANAYİ VE TİC.LTD.ŞTİ.;YAKUPLU MAH. 14. SK INŞAAT NO:11/2;İSTANBUL;BEYLİKDÜZÜ;(212) 0000000;;;İİB-HUBUBAT
EKISPORTER ULUSLARARASI TANITIM VE TEKNOLOJİ ANONİM ŞİRKETİ;YENİBOSNA MERKEZ MH.29 EKİM CD B2 BL N.9/502;İSTANBUL;BAHÇELİEVLER;(212) 6035185;;;İİB-HUBUBAT
HAZER BABA GIDA SAN.IÇ VE DIŞ TIC. LTD.ŞTI.;KEMAL TÜRKLER MAH. SÜMER CAD.HANIMELİ SOK.NO:43;İSTANBUL;SANCAKTEPE;(216) 6222355;www.hazerbaba.com;hazerbaba.com;İİB-HUBUBAT
ACR ŞEKERLEME GIDA DIŞ TİCARET VE SANAYİ LİMİTED ŞİRKETİ;BÜYÜKKAYACIK OSB MAH.512 NL.SK.NO:16/1;KONYA;SELÇUKLU;(332) 3423323;;;İİB-HUBUBAT
RUSAF İTHALAT İHRACAT DIŞ TİCARET LİMİTED ŞİRKETİ;MAHMUTBEY MH.TAŞOCAĞIYOLU CD. AĞAOĞLU MY OFFICE Sİ;İSTANBUL;BAĞCILAR;(212) 0000000;http://www.rusaf.com.tr;rusaf.com.tr;İİB-HUBUBAT
PYROSOFT SAĞLIK SAN.  VE TİC.A.Ş;ZEYTİNLİK MAH. YAKUTLU SOK İSTANBUL CAD. NO:1/9;İSTANBUL;BAKIRKÖY;(212) 0000000;;;İİB-HUBUBAT
SASİ GIDA MEDİKAL İÇ VE DIŞ TİCARET SANAYİ LTD. ŞTİ.;SULTAN SELİM MAHALLESİ BOYLU SOKAK NO:4/B;İSTANBUL;KAĞITHANE;(312) 3205888;;;İİB-HUBUBAT
HERŞEYMERŞEY MAĞAZACILIK ANONİM ŞİRKETİ;TANTAVİ MAH.ESTERGON CAD.EXEN İSTANBUL SİTESİ F BLOK NO:161;İSTANBUL;ÜMRANİYE;;;;İİB-HUBUBAT
İZZET ALEV-BA TİCARET;ESENTEPE MAH. YÜZBAŞI KAYA  ALDOĞAN SOKNO:15/D7;İSTANBUL;ŞİŞLİ;(212) 9849505;;;İİB-HUBUBAT
AL AMASI TOBACCO TÜTÜN MAM SAN VE TİC LTD ŞTİ;SANCAKTEPE SAHİLBOYU SK NO 252;İSTANBUL;SİLİVRİ;(212) 5318717;;;İİB-HUBUBAT
REBUL GIDA SANAYİ VE TİCARET ANONİM ŞİRKETİ;AKÇABURGAZ MAH. MUHSİN YAZICIOĞLU CAD. NO:51;İSTANBUL;ESENYURT;(212) 0000000;;;İİB-HUBUBAT
BAY SARIYER GIDA TURİZM İNŞ.SAN VE TİC.AŞ;KARAAGAÇ MAH.HADIMKÖY İSTANBUL CAD.NO:10/3;İSTANBUL;BÜYÜKÇEKMECE;(250) 5329202;;;İİB-HUBUBAT
AKSEL OĞULLARI GLOBAL DIŞ TİCARET ANONİM ŞİRKETİ;KOCATEPE MAH. YAĞ İSKELESİ CAD. MEGA CENTER SİTESİC57 BLOK NO: 35A;İSTANBUL;BAYRAMPAŞA;(212) 6260629;;;İİB-HUBUBAT
RAMAZANOĞULLARI GIDA İLAÇ İMALAT VE TİC. LTD. ŞTİ.;ÜNALAN MAH.İSMETPAŞA CAD.POLAT İŞMERK.NO:3 K:4;İSTANBUL;ÜSKÜDAR;(216) 4708374;www.renasmakina.com;renasmakina.com;İİB-HUBUBAT
MASSARA DIŞ TİCARET LİMİTED ŞİRKETİ;BİKSAN SANAYİ SİTESİ SOSYAL TESİS BİNASI NO:1;İSTANBUL;BAŞAKŞEHİR;(212) 4862323;;;İİB-HUBUBAT
DENİZCİ OTOMOTİV TUR.GIDA LOJ SAN.TİC.LTD. ŞTİ.;SARAY MH B BLOK MH KÜÇÜKSU CD NO 64/390;İSTANBUL;ÜMRANİYE;(216) 6210338;;;İİB-HUBUBAT
EFLANİ UN GIDA SAN.VE TİC.A.Ş;PINARHİSAR YOLU ÜZERİ ESKİ TAŞLI KÖYÜ ;KIRKLARELI;LÜLEBURGAZ;(288) 4535547;;;İİB-HUBUBAT
MARŞIL GIDA SANAYİ VE TİC. LTD. ŞTİ.;ZİYA GÖKALP MAH.İKİTELLİ ORG. SAN. BÖLG.MUTSAN SAN. SİT. M3 BL. NO:55;İSTANBUL;BAŞAKŞEHİR;(212) 6524333;;;İİB-HUBUBAT
GALERDO GIDA İNŞAAT MADENCİLİK SAN VE TİC LTD ŞTİ;TOPÇULAR MAH. MALTEPE CAD. NO:4/1 İÇ KAPI NO:113;İSTANBUL;EYÜP;(212) 8233033;http://www.satrapkimya.com;satrapkimya.com;İİB-HUBUBAT
ASLAN İNTERNATİONAL DIŞ TİC.GIDA KOZMETİK A.Ş;MAHMUTBEY MAH. 2431 SOK NO:81;İSTANBUL;BAĞCILAR;(212) 0000000;;;İİB-HUBUBAT
TR BANGLA ITHALAT IHRACAT GIDA TEKSTIL TURIZM SANAYI VE DIS TICARET LIMITED SIRKETI;HIRKA-I SERIF MAH. SADETTIN EFENDI SK.FILIZ APT NO3;İSTANBUL;FATİH;(212) 0000000;;;İİB-HUBUBAT
İSTANFOOD DIŞ TİCARET VE GIDA SANAYİ LTD.;MEVLANA MAH.EVLİYA ÇELEBİ CAD.A.SİTESİ A6 BIRLIK APT NO:11/4;İSTANBUL;ESENYURT;(216) 4255780;;;İİB-HUBUBAT
ÖZKURUŞLAR GIDA SAN. VE TİC. A.Ş.;KAYIŞDAĞI MAH. AKYAZI CAD.NO:37/A;İSTANBUL;ATAŞEHİR;(216) 4206758;;;İİB-HUBUBAT
ESCOFFİEL ÇİKOLATA GIDA SAN.İÇ VE DIŞ TİC.LTD.ŞTİ.;TOPÇULAR MAH. EYÜP SULTAN BULV.KAPI NO:17 D:1;İSTANBUL;EYÜP;(212) 2135523;;;İİB-HUBUBAT
ZETİS GIDA PEYZAJ TİC VE SAN LTD.ŞTİ;BAHÇELİEVLER MAH. PROF DR NECMETTİN ERBAKAN CADNO:3/116;SAKARYA;SERDİVAN;;;;İİB-HUBUBAT
Q GROUP DIŞ TİCARET A.Ş.;KARADENİZ MH 1212 SOKAK NO:24/1;İSTANBUL;GAZİOSMANPAŞA;(212) 0000000;;;İİB-HUBUBAT
ARTI GIDA KİMYA TEKSTİL SAN VE TİC. LTD. ŞTİ.;OSB TRİKO CENTER SM BLOK NO 424;İSTANBUL;BAŞAKŞEHİR;(212) 6717030;;;İİB-HUBUBAT
MAPA KURUYEMİŞ GIDA İNŞ. SAN. VE TİC.A.Ş;2.OSB MAHALLESİ 6.CADDE NO:14 YEŞİLYURT/MALATYA;MALATYA;YEŞİLYURT;(422) 0000000;;;İİB-HUBUBAT
FREINDS GIDA SAN.TİC.LTD.ŞTİ.;VİŞNEZADE MAH. SÜLEYMAN SEBA CAD. NO:79;İSTANBUL;BEŞİKTAŞ;(212) 2828540;;;İİB-HUBUBAT
ÖNCÜM BAKLİYAT TOPTAN GIDA İNŞ SAN.VE TİC.LTD.ŞTİ;KOCATEPE MAH. MEGA CENTER GIDA SİT  A-BLOK NO:1021;İSTANBUL;BAYRAMPAŞA;(212) 4579966;;;İİB-HUBUBAT
POLİNOVA İÇ VE DIŞ TİC.LTD.ŞTİ.;CEVİZLİK MAH. İSTANBUL CAD. AKIN 3 APT NO:30K:5D:22;İSTANBUL;BAKIRKÖY;(212) 0000000;;;İİB-HUBUBAT
ELİT MİLL GIDA SANAYİ VE DIŞ TİCARET ANONİM ŞİRKETİ;AKÇABURGAZ MAH. 3082. SK. NO: 3/1;İSTANBUL;ESENYURT;(212) 8800505;;;İİB-HUBUBAT
NUTRA TRADE INTERNATIONAL DIŞ TİCARET LİMİTED ŞİRKETİ;KAZLIÇEŞME MAH.ABAY CAD.C BLOK SİTESİ ONALTI DOKUZISTANBUL EVLERI NO: 56C İÇ KAPI NO: 15 ;İSTANBUL;ZEYTİNBURNU;(212) 0000000;;;İİB-HUBUBAT
TEMPE KIMYASAL YEM KATKILARI SANAYİ ANONİM ŞİRKETİ;YUNUS EMRE MAH.SABIR CD.NO.7;İSTANBUL;ÜMRANİYE;02164618760;;;İİB-HUBUBAT
JESİRET TARIM ÜRÜN.İÇ VE DIŞ TİC. A.Ş.;ALİBEY MAHALLESİ ESKİ BELEDİYE CAD. BLV. NO:69/BCİZRE ŞIRNAK;ŞIRNAK;CİZRE;(342) 3379909;;;İİB-HUBUBAT
WORLD MARKETİNG GIDA SANAYİ İÇ VE DIŞ TİCARET ANONİM ŞİRKET;HARMANDERE MAH. DEDEPAŞA CAD. VİAPORT HAUSES SUİTES NO: 32 /1 İÇ KAPI NO: 67;İSTANBUL;PENDİK;(216) 7711991;;;İİB-HUBUBAT
FRM GRUP GIDA YATIRIMLARI SAN VE TİC AŞ;GEBZE OSB İHSAN DEDE CD NO 122/1;KOCAELI;GEBZE;(262) 6465713;;;İİB-HUBUBAT
TORUNLAR GIDA SAN.VE TİC.A.Ş;KAVACIK RÜZGARLIBAHÇE 95.SOK.NO:6;İSTANBUL; ;(216) 4250328;;;İİB-HUBUBAT
IZEL BRK GIDA SANAYİ VE TİCARET LİMİTED ŞİRKETİ; MERKEZ MAH TAŞOVA SOK.VOLKAN SİTESİ NO:15;İSTANBUL;BAHÇELİEVLER;(212) 0000000;;;İİB-HUBUBAT
GLD DIŞ TİC. LTD. ŞTİ. ;15 TEMMUZ MAH. 1431 SK. EFOR MODA İŞ MERKEZİNO:23-27/21 ;İSTANBUL;BAĞCILAR;(212) 4656363;;;İİB-HUBUBAT
KAGA GIDA SAN.TİC.A.Ş;ATTALGAZİ MAH.GECESEFASI SK. AYTOP D BLOK NO:3/16/;İSTANBUL;SULTANBEYLİ;(216) 0000000;;;İİB-HUBUBAT
AMETİS DIŞ TİC. LTD. ŞTİ.;YEŞİLKÖY MAH. ATATTÜRK CAD. EGS BLOKLARI B2 BLOK NO:12/14;İSTANBUL;BAKIRKÖY;(212) 5924874;www.ametistrade.com;ametistrade.com;İİB-HUBUBAT
BAYINDIR İHTİYAÇ MADDELERİ GIDA TURİZM OTOMOTİV İNŞAAT AAHHÜT SANAYİ VE TİCARET ANONİM ŞİRKETİ;YUNUSELİ MAH. 249. SK. D BLOK NO: 13 /1 İÇ KAPI NO;BURSA;OSMANGAZİ;(224) 0000000;;;İİB-HUBUBAT
DELANORE İTH. İHR. VE TİC. LTD. ŞTİ.;AKŞEMSETTİN MAH.KOCASİNAN CAD.SİNAN APT.NO:59/11;İSTANBUL;FATİH;(212) 0000000;;;İİB-HUBUBAT
LİMONADA GIDA SANAYİ VE TİCARET LİMİTED ŞİRKETİ;KARADENİZ MAH.ESKİ EDİRNE ASFALTI CAD.VENEZIA EVLEH BLOK NO: 408 H İÇ KAPI NO: 1;İSTANBUL;GAZİOSMANPAŞA;(212) 0000000;;;İİB-HUBUBAT
ENTERTURK İTHALAT VE İHRACAT SAN. TİC. LTD. ŞTİ.;ADNAN KAHVECİ MAH. YAVUZ SULTAN SELİM BLV. JETKENT1  SİTESİ B3-C NO: 7 D: 69 BEYLİKDÜZÜ;İSTANBUL;BEYLİKDÜZÜ;(212) 8069334;;;İİB-HUBUBAT
CEYHUN İSMAİLZADE - ŞERUR OTOMOTİV;NAMIK KEMAL CAD MANASTIRLI RIFAT SK NO:2 D:2;İSTANBUL;FATİH;(212) 6329170;;;İİB-HUBUBAT
MEDINITI İLAÇ MEDİKAL TEKNOLOJİ VE SAĞLIK ÜRÜNLERİ LİMİTED ŞİRKETİ;DIKILITAS MAH. HAKKI YETEN CAD. NO: 10 I IÇ KAPI N 8;İSTANBUL;BEŞİKTAŞ;;http://www.mediniti.com;mediniti.com;İİB-HUBUBAT
MİNA ŞEKERLEME GIDA PAZARLAMA SANAYİ VE DIŞ TİCARET LİMİTED ŞİRKETİ;YENİCAMİ MAH. ADNAN MENDERES CAD NO 37;SAKARYA;ADAPAZARI;(264) 2795041;;;İİB-HUBUBAT
KARDEŞLER AKARYAKIT AYAK SAN İÇ VE DIŞ TİC. LTD.ŞTİ;ÇOBANÇEŞME MAH. SANAYİ CAD. NO:44 D:5 ;İSTANBUL;BAHÇELİEVLER;(212) 5037716;;;İİB-HUBUBAT
A.S.T ELEKTRONİK GIDA TÜKETİM MALLARI DIŞ TİCARET LTD. ŞTİ.;ÇOBANÇEŞME KÖYALTI MEVKİİ TERZİLER SİTESİ KUYUMCUKENT YANI;İSTANBUL; ;(212) 6521089;;;İİB-HUBUBAT
NATURAGEN İLAÇ KOZMETİK GIDA SAN.VE TİC.A.Ş;DERİ OSB MAH. CİHAN SOK. II. BLOK NO:2İÇ KAPI:14;İSTANBUL;TUZLA;(850) 8881567; www.naturagen.com.tr ;naturagen.com.tr;İİB-HUBUBAT
HGD YAĞ-GIDA SAN. VE TİC. LTD. ŞTİ.;ULAŞ OSB MAH.ASFALT BOYU KM. EVLERİ NO:30 ERGENE;TEKIRDAĞ;ERGENE;(282) 6722572;;;İİB-HUBUBAT
SYMBOL GRUP TAHSİN AYIRAN;SİNANDEDE MAH.7.BAYIR SK. NO:10/1;BURSA;YILDIRIM;(224) 0000000;;;İİB-HUBUBAT
KELEŞOĞLU DIŞ TİCARET LİMİTED ŞİRKETİ;DUMLUPINAR MAH. ULUDAĞ SK. HUZUR APT NO: 1 İÇ KAPI NO: 5;İSTANBUL;PENDİK;(216) 8039999;;;İİB-HUBUBAT
CUREFFECT HAYVAN SAĞLIĞI SANAYİ TİCARET LİMİTED ŞİRKETİ;ALTINTEPE MAH. İSTASYON YOLU SK. NO: 3 İÇ KAPI NO;İSTANBUL;MALTEPE;(212) 0000000;;;İİB-HUBUBAT
MASTER KLC GIDA İTHALAT İHRACAT LİMİTED ŞİRKETİ;MERKEZ MAH.BETÜL SOKAK NO:1 İÇ KAPI NO:4;İSTANBUL;ÇEKMEKÖY;(216) 5673891;;;İİB-HUBUBAT
ALAÇATI MUHALLEBİCİSİ GIDA ANONİM ŞİRKETİ;BARBAROS MAH. MOR SÜMBÜL SK. VARYAP MERIDIAN I BLO NO: 1 IÇ KAPI NO: 182 ;İSTANBUL;ATAŞEHİR;(216) 3251079;http://www.alacatimuhallebicisi.com;alacatimuhallebicisi.com;İİB-HUBUBAT
TURKCONE GIDA SANAYİİ TURİZM VE DIŞ TİC.A.Ş.;AYDINLI MAH.TUZLA MERMERCİLER ORG.SAN.BÖLGESİMERMERCİLER CAD.NO:43;İSTANBUL;TUZLA;(216) 5932725;www.turkcone.com.tr;turkcone.com.tr;İİB-HUBUBAT
SAMUR DIŞ TİC. LTD. ŞTİ. ;SARAÇ ISHAK MAH.TURANLI SOK.NO:22 FIDANLAR CENTER;İSTANBUL; ;(212) 5177203;www.fidanlar.com;fidanlar.com;İİB-HUBUBAT
KEÇİCİK SÜT ENDÜSTRİSİ VE GIDA SANAYİ TİCARET ANONİM ŞİRKETİ;ZİYA GÖKALP MAH.SÜLEYMAN DEMİREL BLV.MALL OF İSTANBUL KULE-A BLOK APT.NO:7A/11;İSTANBUL;BAŞAKŞEHİR;;;;İİB-HUBUBAT
SESPA İHR. VE PAZ. AŞ;YILDIZ POSTA CD.YEŞIL APT.ABLOK K:3 D:18;İSTANBUL; ;(212) 2758744;www.sesli.com.tr;sesli.com.tr;İİB-HUBUBAT
MNM İLAÇ SANAYİ LİMİTED ŞİRKETİ;ATATÜRK MAH.ERTIĞRUL GAZİ SK. METROPOL İSTANBUL SİT. C1 BLOK NO:2B KAPINO:101;İSTANBUL;ATAŞEHİR;(216) 0000000;http://www.wytamin.com;wytamin.com;İİB-HUBUBAT
FROYAGIDA LOJ.ÜRT.İHR.İTH.SAN.TİC.A.Ş;ATATÜRK MAH. ERTUĞRUL GAZİ SOK. METROPOLİSTANBULA BLOK NO: 2 E İÇ KAPI NO:331;İSTANBUL;ATAŞEHİR;(216) 0000000;;;İİB-HUBUBAT
SWEES ŞEKERLEME SANAYİ VE TİCARET ANONİM ŞİRKETİ;MAHMUTBEY MAH. TAŞOCAĞI YOLU CAD. BALANCE GÜNEŞLİNO: 19/1A;İSTANBUL;BAĞCILAR;(212) 9799353;www.sweesworld.com;sweesworld.com;İİB-HUBUBAT
FOREST GIDA SAN VE TİC AŞ;FATİH MH YAKACIK CD C BLOK NO 94/2;İSTANBUL;SANCAKTEPE;(216) 0000000;;;İİB-HUBUBAT
NEW WAY INTERNATIONAL SAĞLIK GÜZELLİK ÜRÜNLERİ İÇ VE DIŞ TİCARET LİMİTED ŞİRKETİ;ÇAKMAKLI MAH. HADIMKÖY YOLU CAD. UFUK PLAZA NO:57 İÇ KAPI NO:13;İSTANBUL;BÜYÜKÇEKMECE;(212) 0000000;;;İİB-HUBUBAT
FTF TRADE GIDA PAZARLAMA SANAYİ VE DIŞ TİCARET LİMİTED ŞİRKETİ;GÖKEVLER MAH. ADNAN KAHVECİ BUL. KRISTAL ŞEHIR SIT4 BLOK NO: 3D İÇ KAPI NO: 12;İSTANBUL;ESENYURT;(212) 0000000;;;İİB-HUBUBAT
SERKAN BOYALI - YENİŞEHİR YEMEK SANAYİ SULTAN KURABİYE;SANAYİ ÇARŞISI ÇAYIR MAH. AKÇİĞDEM SOKAKNO.21;BURSA;YENİŞEHİR;(224) 7730535;www.yenisehiryemek.com;yenisehiryemek.com;İİB-HUBUBAT
TROY GROUP GIDA PAZARLAMA SANAYİ TİCARET LİMİTED ŞİRKETİ;KOCATEPE MH.GÜMRÜK İSKELESİ CD.MEGA CENTERA BLOK NO:89-834;İSTANBUL;BAYRAMPAŞA;(216) 4373270;;;İİB-HUBUBAT
UYGURYE GIDA EMLAK SANAYİ VE TİCARET LİMİTED ŞİRKETİ;NURİPAŞA MAH. 60. SOK. N.9 A/9;İSTANBUL;ZEYTİNBURNU;(212) 0000000;;;İİB-HUBUBAT
TRİYE DIŞ TİC.A.Ş;KIRMASTI MAH.MANISALI FIRINSOK.NO.1/1;İSTANBUL;FATİH;02126213189;www.meltemltd.com.tr;meltemltd.com.tr;İİB-HUBUBAT
ANATOLİ TASARIM DEKORASYON HEDİYELİK EŞYA SAN.TİC.A.Ş;MASLAK MAH. A. O.S.55. SOK. NO:2/A OFİS 3-5B-06 SARIYER/ İSTANBUL;İSTANBUL;SARIYER;(212) 2223040;www.anatoli.com.tr;anatoli.com.tr;İİB-HUBUBAT
NL CONTINENT İSTANBUL GIDA KOZMETİK BİTKİSEL SAĞLIK ÜRÜNLERİ VE TİCARET LTD. ŞTİ.;19 MAYIS MAH. BİNBAŞI REFİK SK. SALIH APT. NO:4/4 ;İSTANBUL;ŞİŞLİ;(212) 0000000;;;İİB-HUBUBAT
YEŞ YENİ ERMIS ŞEKERLEME ÇİK.GIDA PAZ.ITH.İHR LTD;FINDIKLI MAH AFAMAN CAD IŞIK SOK NO:44 ;İSTANBUL;MALTEPE;(216) 5764727;;;İİB-HUBUBAT
LIFE CELL FARMA İLAÇ SANAYİ ANONİM ŞİRKETİ;KUŞTEPE MAH. BİRACILAR SK. NO: 12 İÇ KAPI NO: 2;İSTANBUL;ŞİŞLİ;(212) 0000000;;;İİB-HUBUBAT
VEDAT BUNSUZ;AKSARAY MAH. VALİDE CAMİ SOK YILDIZDOĞAN APT NO:25;İSTANBUL;FATİH;(212) 0000000;;;İİB-HUBUBAT
MEDİFAR ECZA DEPOSU İLAÇ SANAYİ VE TİCARET ANONİM ŞİRKETİ;BARBAROS MAH.YEŞİLÇİM SOKAK NO.11A;İSTANBUL;ATAŞEHİR;;www.medifar.com.tr;medifar.com.tr;İİB-HUBUBAT
CEYLAN NUT GIDA A.Ş;KOCATEPE MAH. YEMİŞ MEYDAN SOK NO:1 İÇ KAPI NO:292 34030 ;İSTANBUL;BAYRAMPAŞA;(212) 0000000;;;İİB-HUBUBAT
YUNUS YEŞİLKAYA;KAVAKLI MAH. YEŞİLYURT CAD. NO: 6P / 11;İSTANBUL;BAŞAKŞEHİR;(212) 0000000;;;İİB-HUBUBAT
EVREN BESİCİLİK SAN VE TİC AŞ;AŞAĞI ZAFERİYE MH ENEZ CD NO 27;EDIRNE;KEŞAN;(284) 0000000;;;İİB-HUBUBAT
AZMET PLASTİK OYUNCAK VE GIDA SAN. TİC. LTD. ŞTİ.;MALTEPE MAH. GÜMÜŞSUYU CAD BİRTAŞ SAN SİT 61/44TOPKAPI;İSTANBUL;ZEYTİNBURNU;(212) 5776006;www.azmet.com.tr;azmet.com.tr;İİB-HUBUBAT
OYTUN DIŞ TIC.LTD.STI.;YAKUT CAD. ZÜMRÜT SİTESİ 7.BLOK 2Y D:6 ATATÜRK;İSTANBUL;ATAŞEHİR;(216) 4564020;;;İİB-HUBUBAT
COS ÇİKOLATA GIDA SAN. VE TİC. LTD. ŞTİ.;ADNAN KAHVECİ MAH. İNÖNÜ CAD. NO:71 İÇ KAPI:5;İSTANBUL;BEYLİKDÜZÜ;(850) 2190250;;;İİB-HUBUBAT
ZİRVEGÜL GRUP GIDA TEMİZLİK ÜRÜNLERİ DAĞITIM VE PAZARLAMA TİC. LTD. ŞTİ;ÇOBANÇEŞME MAH. SANAYİ CAD. NO:44 NİSH İSTANBULA BLOK D:72;İSTANBUL;BAHÇELİEVLER;(212) 6036386;https://www.zirvegulgrup.com.tr/;zirvegulgrup.com.tr;İİB-HUBUBAT
BAHÇECİ LATMOS TARIM HAYVANCILIK GIDA SANAYİ TİCARET ANONİM ŞİRKETİ;ALTUNİZADE MAH. MAHİR İZ CAD. NO:31 / 5;İSTANBUL;ÜSKÜDAR;(216) 2748484;www.heraclea.co;heraclea.co;İİB-HUBUBAT
UMRAN DEMİR;KEMER MAH. KEMER CAD. NO:70;İSTANBUL;ESENLER;(212) 0000000;;;İİB-HUBUBAT
PLATINUM INGREDIENTS GIDA KIMYA MADENCILIK SANAYI VE TICARET LIMITED SIRKETI;TOPÇULAR MAH. MALTEPE CAD. NO: 4/1 İÇ KAPI NO: 113;İSTANBUL;EYÜP;(212) 0000000;;;İİB-HUBUBAT
MR GLOBAL GIDA LOJİSTİK TURİZM VE İTHALAT İHRACAT LİMİTED ŞİRKETİ;19 MAYIS MAH. 19 MAYIS CAD. NO: 3 İÇ KAPI NO: 16;İSTANBUL;ŞİŞLİ;(212) 0000000;;;İİB-HUBUBAT
TÜRKKAN AGRO TARIM ÜRÜNLERİ SANAYİ VE TİCARET ANONİM ŞİRKETİ;OSB MAH. D-2003 SK. NO: 4;KOCAELI;DİLOVASI;(262) 7548700;;;İİB-HUBUBAT
AHT PHARMA SAĞLIK ÜRÜNLERİ İLAÇ KOZMETİK GIDA TAKVİYELERİ ÜRETİMİ SANAYİ VE TİCARET LİMİTED;KİRAZPINAR MAH. 2780. SK. NO: 8 B;KOCAELI;GEBZE;(262) 0000000;;;İİB-HUBUBAT
NAME GIDA SAN.VE TİC.A.Ş;GEPOSB ATATÜRK BULVARI 3.CADDE NO:11;KOCAELI;GEBZE;(262) 7510235;www.namegida.com;namegida.com;İİB-HUBUBAT
MÜMİN ÖMER ADIYAMAN;ATAKENT MAH. 222 CAD. NO:NO:2AD/12;İSTANBUL;KÜÇÜKÇEKMECE;(212) 4460304;www.bytree.com.tr;bytree.com.tr;İİB-HUBUBAT
HAK-PI GEMI YAN SANAYI TIC.LTD ŞTI.;PIRI REIS MAH. DARICA KÜÇÜKSAN SIT.G BLOK NO:54;KOCAELI;DARICA;(262) 6534955;www.hakpi.com.tr;hakpi.com.tr;İİB-HUBUBAT
CENGIZ AYAN;KÜLTÜR MAH. AHMET ADNAN SAYGUN CAD. DOSTLAR 1.BLOKNO: 5 IÇ KAPI NO: 4;İSTANBUL;BEŞİKTAŞ;(212) 4111300;;;İİB-HUBUBAT
MEDIKAPET GIDA VE KOZMETIK SANAYI DIS TICARET ANONIM SIRKETI;GÖKEVLER MAH. 2331. SK. PASIAD NO: 1 A;İSTANBUL;ESENYURT;(212) 0000000;http://medikapet.com;medikapet.com;İİB-HUBUBAT
NEVADA KAHVE RESTORAN İŞLETMECİLİĞİ ANONİM ŞİRKETİ;ATATÜRK BUL. HASEYAD 2. KISIM SİTESİ ELİ M.TOKATLI İŞ MERKEZİ NO: 112 İÇ KAPI NO: 1;İSTANBUL;BAŞAKŞEHİR;(212) 4446130;;;İİB-HUBUBAT
İKİZLER ŞEKERLEME FABRİKASI YAŞAR ARSLANOĞLU;KAVAKPINAR MAH. TOMURCUK SK. IKIZLER APT. NO: 8 A;İSTANBUL;PENDİK;(216) 2102352;;;İİB-HUBUBAT
RAYU TOPLU TÜKETİM KOZMETİK GIDA İNŞAAT SAN. VE TİC. LTD. ŞTİ.;İ.O.S.B.İSDÖK SOSYAL TESİS 2. SOK A BLOK NO:1 A/3 ;İSTANBUL;BAŞAKŞEHİR;;;;İİB-HUBUBAT
HELEX HEALTHCARE GIDA İLAÇ KOZMETİK MEDİKAL SANAYİ DIŞ TİCARET LİMİTED ŞİRKETİ;TEPEÖREN MAH. KARADAĞ CAD. CARREFOURSA NO7 İÇ KAPINO:1;İSTANBUL;TUZLA;(216) 0000000;www.helexhealthcare.com;helexhealthcare.com;İİB-HUBUBAT
AVRASYA İHTİYAÇ MADDELERİ GIDA SANAYİ VE TİCARET LİMİTED ŞİRKETİ;ŞAHİNTEPE MAH. LALEZAR SK. NO: 4C İÇ KAPI NO: Z02;İSTANBUL;BAŞAKŞEHİR;(324) 2336054;;;İİB-HUBUBAT
AVRASYA FARMA DIŞ TİCARET A.Ş;BAHCELIEVLER MAH ŞÜKÜFA NIHAL SK KARAMURAT NO 13 KKAPI 4;İSTANBUL;BAHÇELİEVLER;(212) 4545228;;;İİB-HUBUBAT
UNKUR GIDA SANAYİ VE TİCARET LİMİTED ŞİRKETİ;KOCASİNAN MERKEZ MAH. KAYA SOKAK NO 5/B;İSTANBUL;BAHÇELİEVLER;(212) 6020107;https://www.adanaakiskanliborek.com.tr;adanaakiskanliborek.com.tr;İİB-HUBUBAT
ONUR KİMYA İLAÇ SAN VE DIŞ TİC LTD ŞTİ;BEYLİKDÜZÜ OSB MH MERMERCİLER SAN SİT 13 CD NO 44;İSTANBUL;BEYLİKDÜZÜ;(212) 5900505;www.onurkimya.com.tr;onurkimya.com.tr;İİB-HUBUBAT
BEHZAT GROUP İTHALAT İHRACAT MOBİLYA GIDA TEKSTİL İNŞAAT BUJİTERİ KIRT.TİC.LİMİTED ŞİRKETİ;NAMIK KEMAL MAH.112.SK.YEŞİL APT BLOK NO:26A;İSTANBUL;ESENYURT;(212) 0000000;;;İİB-HUBUBAT
ALİSE İÇ VE DIŞ TİCARET GIDA LİMİTED ŞİRKETİ;MASLAK MAH. AHİ EVRAN CAD. OLİVE PLAZA BLOK NO:11/2;İSTANBUL;SARIYER;(212) 0000000;http://www.alisetrading.com;alisetrading.com;İİB-HUBUBAT
SEUL LOJİSTİK VE GIDA HİZMETLERİ İTH. İHR. LTD. ŞTİ;KÜÇÜKBAKKALKÖY MH. DEREBEY SK. DUMANKAYA FLEXRESIDENCE NO:13/21;İSTANBUL;ATAŞEHİR;(216) 0000000;;;İİB-HUBUBAT
SEKOYA AGRO DIŞ TİCARET LİMİTED ŞİRKETİ;ŞERİFALİ MAH. KIBLE SK. NO: 19-21 İÇ KAPI NO: 21;İSTANBUL;ÜMRANİYE;(216) 5762243;;;İİB-HUBUBAT
TADOLYA GIDA SANAYİ VE TİCARET A.Ş.;YAKUPLU MAH.BEYSAN SAN.SİT.BİRLİK CAD.BEYPORT PLAZNO:3/9-10;İSTANBUL;BEYLİKDÜZÜ;(212) 0000000;http://www.tadolya.com.tr;tadolya.com.tr;İİB-HUBUBAT
MEASTO DIŞ TİCARET LİMİTED ŞİRKETİ;YENİ MAHALLE MAH. SARIKAYA SK. GUL APT.NO:32 İÇ KAPI NO: 13;İSTANBUL;KÜÇÜKÇEKMECE;(212) 0000000;;;İİB-HUBUBAT
AMBORSİA İÇ VE DIŞ TİCARET LİMİTED ŞİRKETİ;CUMHURİYET MAH. İNCİRLİ DEDE CAD. ANTHİLL FRASER PLACE RESİDENCE A BLOK NO: 6 İÇ KAPI NO: 125;İSTANBUL;ŞİŞLİ;(212) 0000000;;;İİB-HUBUBAT
ERDEM IC VE DIS TICARET LTD.STI.;ISTOC KOOP. 28 NCI ADA NO:55İSTANBUL;İSTANBUL; ;(212) 2937638;;;İİB-HUBUBAT
ANATOLİA KOZMETİK SAN TİC.LTD.ŞTİ;İKİTELLİ OSB .MUTFAKÇILAR SAN.SİTE .M9 BLOK NO:13;İSTANBUL;BAŞAKŞEHİR;;;;İİB-HUBUBAT
AİS DIŞ TİC LTD ŞTİ;BATTALGAZİ MAH.KUBBE CAD.NO:16B -1;İSTANBUL;SULTANBEYLİ;(216) 0000000;;;İİB-HUBUBAT
ALİNİM GIDA İTH.İHR.SAN VE TİC.LTD.ŞTİ;AKSE MAH.526.SOK.ANKARYUM EVLERİ  B1 BLOK NO:30/44 ÇAYIROVA / KOCAELİ ;KOCAELI;ÇAYIROVA;;;;İİB-HUBUBAT
UBK KARAAĞAÇ GIDA SAN.VE TİC.A.Ş.;BAŞER SOK.NO:50;İSTANBUL;ÜMRANİYE;(216) 4995114;;;İİB-HUBUBAT
NİVES KAHVE SANAYİ VE TİCARET ANONİM ŞİRKETİ;15 TEMMUZ MAH. GİYİMKENT CAD. NO: 7;İSTANBUL;ESENLER;(212) 0000000;;;İİB-HUBUBAT
I NATURAL GIDA TEMİZLİK ÜRÜNLERİ KOZMETİK İTHALAT İHRACAT DIŞ TİCARET LİMİTED ŞİRKETİ;KARTALTEPE MAH. 1.MALAZGİRT CAD. NO: 10 İÇ KAPI NO109;İSTANBUL;KÜÇÜKÇEKMECE;(324) 2336054;;;İİB-HUBUBAT
MALL T MAX DIŞ TİC.LTD.ŞTİ.;MEHMET NESİH ÖZMEN MAH. AKASYA SOK DİRİCAN İŞ MERKNO:7 Z 105;İSTANBUL;GÜNGÖREN;(212) 0000000;;;İİB-HUBUBAT
BIDFOOD DAĞITIM VE PAZARLAMA A.Ş;RECEP PAŞA CD ATAKAR İŞ MRK. NO 5/434437;İSTANBUL;BEYOĞLU;(212) 2535443;www.aktaes.com.tr;aktaes.com.tr;İİB-HUBUBAT
RUVEYDA BILGIC BALEX KIMYA;GUZELYURT MH.2070 SOK NO:36N/11 34510;İSTANBUL;ESENYURT;(212) 0000000;;;İİB-HUBUBAT
FOGİ GIDA AMBALAJ ÜRÜNLERİ SANAYİ VE TİCARET LİMİTED ŞİRKETİ;BAYRAMOĞLU MAH. FATIH SULTAN MEHMET CAD. NO: 339A;KOCAELI;DARICA;(262) 0000000;;;İİB-HUBUBAT
PAD GLOBAL LTD.MERKEZI BIRLESIK KRALLIK ISTANBUL MERKEZ SUBESI;YENİ MAH. KÜÇÜKSU CAD. NO:103;İSTANBUL;BEYKOZ;(216) 4600077;https://www.padglobal.co.uk/;padglobal.co.uk;İİB-HUBUBAT
FOR REFAH DIŞ TİCARET LTD ŞTİ;AKŞEMSETTİN MAH BATTALGAZİ SK BATTALGAZİ APT.NO:46B;İSTANBUL;FATİH;(212) 0000000;;;İİB-HUBUBAT
BAYARİ GIDA SANAYİ VE TİCARET LİMİTED ŞİRKETİ;KUŞTEPE MAHALLESİ İNÖNÜ CADDESİ NO:2 İZMEN SİTESİB2 BLOK APT. KAT:8/94;İSTANBUL;ŞİŞLİ;(212) 2665646;;;İİB-HUBUBAT
GREENGLASS TİCARET İTHALAT VE İHRACAT LİMİTED ŞİRKETİ;HUZUR MH.AZERBAYCAN CD.SKYLAND SİTESİ B BLOK NO 4B/563;İSTANBUL;SARIYER;(212) 0000000;;;İİB-HUBUBAT
FROLAND GIDA ÜRETİM PAZ LOJİSTİK ITH İHR SAN TİC AŞ;ESENLER MH MUHSİN YAZICIOĞLU CD GENCE NO 60/1;İSTANBUL;PENDİK;(216) 5970087;;;İİB-HUBUBAT
MEHMET REİS GIDA İML.İHR.SAN.VE TİC.LTD.ŞTİ.;VATAN MH.4222 SOK NO:12 SERDİVAN-SAKARYA;SAKARYA;SERDİVAN;(264) 3736161;http://www.mehmetreis.com;mehmetreis.com;İİB-HUBUBAT
WAFFEL MEYER ÇİKOLATA SANAYİ VE PAZARLAMA LİMİTED ŞİRKETİ;KAYAPA MAH. KAYAPA YOLU CAD. İDARİ BİNA NO: 5 /1;BURSA;NİLÜFER;(224) 0000000;;;İİB-HUBUBAT
GRAND TRADE DIŞ TİCARET LİMİTED ŞİRKETİ; BARBAROS MAH. AK ZAMBAK SK. UPHILL TOWERS SİTESİ NO: 3A İÇ KAPI NO: 84;İSTANBUL;ATAŞEHİR;(216) 0000000;;;İİB-HUBUBAT
INTER-KA IC VE DIS TIC.LTD.STI;S.S.BEYKOOP BIRINCI BOLG.7.CAD. AKER APT.NO:3/13;İSTANBUL;BÜYÜKÇEKMECE;02128530911;;;İİB-HUBUBAT
USN İÇ VE DIŞ TİC.LTD.ŞTİ.;TANTAVİ MAH. ESTERGON CAD. NO:24F/161;İSTANBUL;ÜMRANİYE;(216) 0000000;;;İİB-HUBUBAT
HASAN EFENDİ ÇİKOLATA KAHVE LTD.ŞTİ.;BULGURLU MH BULGURLU CAD. NO:136/E;İSTANBUL;ÜSKÜDAR;(216) 3160425;http://www.hasanefendi.com.tr;hasanefendi.com.tr;İİB-HUBUBAT
SAJA GRUP DIS TICARET ANONIM SIRKETI;KAYABASI MAH. AKZAMBAK SK. NO: 2 P;İSTANBUL;BAŞAKŞEHİR;(212) 0000000;;;İİB-HUBUBAT
RK İNTERNATİONAL İTHALAT İHRACAT SANAYİ VE TİCARET LİMİTED ŞİRKETİ;YEŞİLKENT MAH. 2011. SK. NO:18/B /23;İSTANBUL;ESENYURT;(212) 5349780;;;İİB-HUBUBAT
PLBIZ GIDA DANISMANLIK SANAYI VE DIS TICARET ANONIM SIRKETI;MİMAR SİNAN CAD SARNIÇ SOK NO 4 KEMERKÖY GÖKTÜRK;İSTANBUL;EYÜP;(212) 0000000;http://www.plbiz.com.tr;plbiz.com.tr;İİB-HUBUBAT
AKINSOY GIDA SAN VE TİC.LTD.ŞTİ;FERAHEVLER MAH. YUMAK SOK NO:14/1;İSTANBUL;SARIYER;(212) 2628705;;;İİB-HUBUBAT
ALESTA LİFE GIDA TEKSTİL İTHALAT İHRACAT SANAYİ VE TİCARET LİMİTED ŞİRKETİ;DUMLUPINAR MAH. ATATÜRK BULVARI NO:231 KORSER İŞ M MERKEZİ İÇ KAPI NO:7;KOCAELI;GÖLCÜK;(262) 0000000; www.alestalifeexport.com ;alestalifeexport.com;İİB-HUBUBAT
AS İLERİ GIDA MÜHENDİSLİK İNŞ.SAN.VE TİC.LTD.ŞTİ;İSTOÇ C PLAZA K:10 NO: 85 BAĞCILAR İSTOÇ C PLAZA K:10 NO: 85 BAĞCILAR ;İSTANBUL;BAĞCILAR;(212) 6594325;www.asgidakimyasallari.com;asgidakimyasallari.com;İİB-HUBUBAT
NURİ KULA;HASANPAŞA MAH KURBAĞALIDERE CAD NO 73;İSTANBUL;KADIKÖY;(216) 2527520;;;İİB-HUBUBAT
HAZ GIDA PAZARLAMA İÇ VE DIŞ TİC.LTD.ŞTİ.;İNCİLİPINAR MAH.NİŞANTAŞI SK.ELİT İŞ MERK.;GAZIANTEP;ŞEHİTKAMİL;(342) 2152641;www.hazgida.com.tr;hazgida.com.tr;İİB-HUBUBAT
ANNALIFE GIDA SANAYI PAZARLAMA TICARET ANONIM SIRKETI;AKÇABURGAZ MAH. AHMET YESEVI CAD. NO: 35 IÇ KAPI NO:47;İSTANBUL;ESENYURT;(212) 8235559;https://annalife.com.tr/;annalife.com.tr;İİB-HUBUBAT
AKDENİZ TOHUM SANAYİ VE TİCARET LTD.ŞTİ.;TAVŞANLI MAH. ATATÜRK CAD. KIZILAY İŞHANI KAT.3NO.7;BURSA;KARACABEY;(224) 6885134;www.akdeniztohum.com;akdeniztohum.com;İİB-HUBUBAT
EGK GIDA İTH. İHR. SAN. TİC. LTD. ŞTİ.;ŞENLİKKÖY MAH. KIRSERDAR SOK. NO:83 İÇ KAPI:5;İSTANBUL;BAKIRKÖY;(212) 5730465;;;İİB-HUBUBAT
MEDİ SERVİS TIBBİ MALZ.İTH.İHR VE TİC.LTD.ŞTİ;KIZILELMA CAD.SAIR MEHMET AKIFSOK.YAPRAK APT.NO:14/3;İSTANBUL;FATİH;6322670;;;İİB-HUBUBAT
EMTA KİMYA LİMİTED ŞİRKETİ;İÇERENKÖY MAH.TOPÇU İBRAHİM SK.QUİCK TOWER NO.8-10/D;İSTANBUL;ATAŞEHİR;(216) 5762063;;;İİB-HUBUBAT
ESBİLVANİS KURUYEMİŞ ŞEKERLEME GIDA İNŞAAT OTOMOTİV SANAYİ VE TİCARET LİMİTED ŞİRKETİ;GAZİPAŞA MAH. ATATÜRK BLV. NO:21 A;BILECIK;MERKEZ;(228) 0000000;;;İİB-HUBUBAT
CANIMOĞLU UN A.Ş.;SELÇUK MH KÖY YOLU SK NO 176;TEKIRDAĞ;MERKEZ;(282) 2154192;;;İİB-HUBUBAT
FERROSA ÇİKOLATA GIDA SAN.VE TİC.LTD.ŞTİ.;EVREN CAD.BİLAL SOK.NO:49;İSTANBUL;ÜMRANİYE;(216) 5401760;www.ferrosa.com.tr;ferrosa.com.tr;İİB-HUBUBAT
AKYILDIZ KAHVE GIDA İHR. İTH. TİC. LTD. ŞTİ.; BATTALGAZİ MAHALLESİ SARAYPATI SOKAK AYTOP GIDA SANAYİ SİTESİ B BLOK NO:23-24;İSTANBUL;SULTANBEYLİ;(212) 7098909;www.kahvesepeti.com;kahvesepeti.com;İİB-HUBUBAT
ERL GRUP LABORATUVAR HİZMETLERİDAN. PAZ. SAN. TİC. LTD. ŞTİ.;SULTANÇİFTLİĞİ MAH. ATATÜRK CAD. MANOLYA SİTESİ B BLOK NO: 2 /1A İÇ KAPI NO: 1 ;İSTANBUL;ÇEKMEKÖY;(216) 0000000;;;İİB-HUBUBAT
K VE B GIDA MAMÜLLERİ İTH.İHR.TİC.LTD.ŞTİ;YEŞİLKÖY MAH. ATATÜRK CAD. EGS BLOKLARI APTNO:12/67;İSTANBUL;BAKIRKÖY;;;;İİB-HUBUBAT
MOSY TARIM SANAYİ VE DIŞ TİCARET LİMİTED ŞİRKETİ;GÖZTEPE MH.TANZİMAT SK. ÇAMLIKÖŞK APT.NO:55/1/1;İSTANBUL;KADIKÖY;(216) 0000000;;;İİB-HUBUBAT
ACT ENDÜSTRİYEL MADDELER TİC.LTD.ŞTİ;FATİH MAH. YAKACIK CAD. HİKMET SOK NO:3 ;İSTANBUL;SANCAKTEPE;(216) 5290055;;;İİB-HUBUBAT
TERMOKAP PLASTIK URUNLERI HIRDAVAT GIDA SAN.VE TIC.A.S.;OSMANGAZİ MAH. 2638 SOK. NO.4/2;İSTANBUL;ESENYURT;(212) 8861176;www.termokap.com;termokap.com;İİB-HUBUBAT
PHARMASADE İLAÇ SAN.VE TİC.LTD.ŞTİ;EYÜPSULTAN MAH. BAYRAM SOK  SERHAT APT BLOK NO:17/2;İSTANBUL;SANCAKTEPE;(216) 0000000;;;İİB-HUBUBAT
FEST COFFEE MISSION GIDA TİCARET LİMİTED ŞİRKETİ;MÜEYYETZADE MAH. TATAR BEYİ SOK. TATAR BEYİ NO:18 ;İSTANBUL;BEYOĞLU;(212) 0000000;;;İİB-HUBUBAT
WASTESPRESSO ATIK YÖNETİMİ VE TEKNOLOJİLERİ ANONİM ŞİRKETİ;BARBAROS MAH.KARDELEN SOKAK PALLADIUM TOWERNO:2 KAT:25;İSTANBUL;ATAŞEHİR;(216) 6636300;;;İİB-HUBUBAT
NEW VİSİON İÇ VE DIŞ TİCARET LİMİTED ŞİRKETİ;GÖKEVLER MAH. 2312 SK. BURÇ İSTANBUL SİT18 BLOK N:18J/130;İSTANBUL;ESENYURT;(212) 7337537;;;İİB-HUBUBAT
SNOWFİT PREMİUM FOODS GIDA VE TİCARET LİMİTED ŞİRKETİ;ŞAHİNTEPE MAH. LALEZAR SK. İGTOT (İSTANBUL GIDA TOPTANCILAR ÇARŞISI) 3B BLOK NO: 4 F İÇ KAPI NO: Z04;İSTANBUL;BAŞAKŞEHİR;(212) 0000000;https://www.snowfit.com.tr/;snowfit.com.tr;İİB-HUBUBAT
TOG PETROL SANAYİ VE TİCARET LİMİTED ŞİRKETİ;ORUÇREİS MAH. TEKSTİLKENT CAD. KOZA PLAZAB BLOK K:1 D:3 NO:12;İSTANBUL;ESENLER;(212) 7081209;www.togpetrol.com;togpetrol.com;İİB-HUBUBAT
BEYOĞLU GAZOZU İÇEÇEK.A.Ş;ASMALIMESCİT MAH. GÖNÜL SOK. GÖNÜL APT. NO:3/3;İSTANBUL;BEYOĞLU;(212) 2457245;www.sohitto.com;sohitto.com;İİB-HUBUBAT
SOOFEED ANİMAL NUTRİTİON YEM KATKI MAD. VE HAYV. SAN. VE TİC. LTD. ŞTİ.;ANADOLU MAH. 1. MERCAN SOK. NO:16B İÇ KAPI:2 ;BURSA;YILDIRIM;(224) 0000000;;;İİB-HUBUBAT
SWEETSMATES ŞEKERLEME GIDA İHRACAT İTHALAT LİMİTED ŞİRKETİ;NISBETIYE MAH. GAZI GÜÇNAR SK. UYGUR IS MERKEZI NO4 IÇ KAPI NO: 2;İSTANBUL;BEŞİKTAŞ;(212) 0000000;http://sweetsmates.com;sweetsmates.com;İİB-HUBUBAT
ROHA GIDA KATKI MAD. TİC. LTD.ŞTİ;ŞERİFALİ MAH. KIBLE SK. NO: 19 -21 İÇ KAPI NO: 6;İSTANBUL;ÜMRANİYE;(850) 2245336;;;İİB-HUBUBAT
NİHAT AGRO DIŞ TİC İTH İHR KURU YEMİŞ TAR ÜRN LTD ŞTİ;EVREN MH BAĞLAR CD NO 24A;KIRKLARELI;VİZE;(288) 0000000;;;İİB-HUBUBAT
ERDOĞANLAR GIDA SAN. VE TIC. LTD. ŞTI.;BOZKURT MAH. DÖRTYOL MEVKIINO:27;EDIRNE;İPSALA;(284) 6163255;;;İİB-HUBUBAT
AKGÜNER İNŞAAT HAFRİYAT TAŞIMACILIK SANAYİ VE TİCARET LİMİTED ŞİRKETİ;CUMHURİYET MAH. TÜL SOK. NO:22/1;SAKARYA;ADAPAZARI;(264) 0000000;;;İİB-HUBUBAT
ARBİL HELVACILIK GIDA SAN.VE TİC. LTD.ŞTİ.;BOLU CAD.NO 282;BOLU;MUDURNU;(374) 4216190;;;İİB-HUBUBAT
BSA FOODS İÇ VE DIŞ TİCARET LİMİTED ŞİRKETİ;MECİDİYE MAH. ŞEHİT NURİ PAMİR SK. ÖZLEM AP. NO47 İÇ KAPI NO: 9;İSTANBUL;BEŞİKTAŞ;(212) 0000000;;;İİB-HUBUBAT
İSTBAY KİMYEVİ MADDELER PAZARLAMA VE DAĞITIM TİCARET LİMİTED ŞİRKETİ;BAHÇEŞEHİR 2.KISIM MAH.MERCEDES BUL. A BLOK NO:30EİÇ KAPI NO: 11;İSTANBUL;BAŞAKŞEHİR;(212) 0000000;http://www.istbay.com;istbay.com;İİB-HUBUBAT
N TATLIM ÜRETİM PAZ.GIDA TURİZM DAĞITIM İÇ VE DIŞ TİC.LTD.ŞTİ.;YEŞİLCE MAH.BARBAROS CAD.NI:77 KAT1-2;İSTANBUL;KAĞITHANE;(212) 2691515;www.ntatlim.com.tr;ntatlim.com.tr;İİB-HUBUBAT
ESAROM TURKEY GIDA VE AROMA SANAYİ VE TİCARET ANONİM ŞİRKETİ;"YENİŞEHİR MAH, ANKARA CAD, NO:405 -158 ";İSTANBUL;PENDİK;(216) 3145434;;;İİB-HUBUBAT
CORNOS GIDA SANAYİ VE TİCARET ANONİM ŞİRKETİ;HAMİDİYE MAH. SÖYLER CAD. 6 6;İSTANBUL;KAĞITHANE;(212) 2221212;;;İİB-HUBUBAT
ALTUR İLAÇ SANAYİ VE TİCARET LİMİTED ŞİRKETİ;AKŞEMSETTİN MAH. SARIGÜZEL CAD. DOSTLAR NO:12 İÇ K KAPI NO:3 ;İSTANBUL;FATİH;(216) 2161616;;;İİB-HUBUBAT
İMORSO GIDA VE PAKETLEME TİC.LTD.ŞTİ;BARBAROS HAYRETTİN PAŞA MAH.1995 SK.NO:1-3İÇ KAPI NO:204;İSTANBUL;ESENYURT;(212) 0000000;;;İİB-HUBUBAT
NAYFİL İPLİK TİC. AŞ;MALTEPE MAHALLESİ ÇİFTEHAVUZLAR YOLU SEMA SİTESİ NO:7/19-20;İSTANBUL;ZEYTİNBURNU;(212) 4823038;www.anadoluiplik.com.tr;anadoluiplik.com.tr;İİB-HUBUBAT
PEARL CORPORATION GIDA TİCARET LİMİTED ŞİRKETİ;BEYLİKDÜZÜOSB MAH. BİRLİK SANAYİ SİTESİ 3. CAD. NO: 5 İÇ KAPI NO: 123;İSTANBUL;BEYLİKDÜZÜ;(212) 0000000;;;İİB-HUBUBAT
SALİH TAŞ;"AHMET VEFİK PAŞA MAHALLESİ GÖNÜL SOKAK, NO:4/A";BURSA;KESTEL;(224) 0000000;;;İİB-HUBUBAT
ATİYE LAÇİN GIDA TURİZM SAN. VE TİC.LTD.ŞTİ.;BURSA YOLU 7.KM ORG.SAN.BÖL.MEVKİİ 4.CD.NO:9;ÇANAKKALE;MERKEZ;(286) 5661219;www.atiyelacin.com;atiyelacin.com;İİB-HUBUBAT
PAK TOHUMCULUK SAN VE TİC LTD.ŞTİ;500 EVLER MAH. 6027  CAD. NO:34  A/2;YALOVA;ÇİFTLİKKÖY;(226) 3591950;;;İİB-HUBUBAT
BAHAR GIDA İÇ VE DIŞ TİC. LTD. ŞTİ.;BAGDAT CAD. ŞEFİ BEY APT. 217/1 DAİRE :4ÇİFTEHAVUZLAR;İSTANBUL;KADIKÖY;(216) 3867208;;;İİB-HUBUBAT
SACURA AMBALAJ VE GIDA SANAYİ İÇ VE DIŞ TİCARET A.Ş.;AKÇABURGAZ MAH. 1595 SOKAK NO:5/1;İSTANBUL;ESENYURT;(212) 0000000;;;İİB-HUBUBAT
AYNUR BAŞER;BARIS MAH RÜZGARLI SK NO:1/30;İSTANBUL;BEYLİKDÜZÜ;(212) 4526363;;;İİB-HUBUBAT
ÖZ KANAAT BAHARAT GIDA SAN. VE TİC. A.Ş.;KARAMAN MAH. ODUNLUK CAD. NO:15/A;BURSA;NİLÜFER;(224) 2460094;www.ozkanaat.com;ozkanaat.com;İİB-HUBUBAT
KUNG FOOD DIŞ TİCARET LİMİTED ŞİRKETİ;ATAKÖY 7-8-9-10. KISIM MAH. ÇOBANÇEŞME E5 YAN YOL CAD. NO:22/1;İSTANBUL;BAKIRKÖY;(212) 0000000;;;İİB-HUBUBAT
BENFEL DIŞ TİC.LTD.ŞTİ;SULTANİYE MAH. 350 SOK ŞELALE PŞAZA SİT.  NO:1/84  ;İSTANBUL;ESENYURT;;www.benfel.com;benfel.com;İİB-HUBUBAT
ALTUNSAN GIDA TARIM HAYVANCILIK AMBALAJ KIRTASİYE HEDİYELİK EŞYA PAZARLAMA VE SANAYİ TİCARET LTD.ŞTİ;ALTUNSAN GIDA TAR.H.A.K.H.E.P. SAN.TIC.LTD.ŞTI. OSMANGAZİ BURSA;BURSA;OSMANGAZİ;(224) 2349230;;;İİB-HUBUBAT
FATİH DİLEK GIDA SAN VE TİC A.Ş;AKŞEMSETTİN MAH. FEVZİPAŞA CAD. NO:21/1 ;İSTANBUL;FATİH;(212) 6717034;;;İİB-HUBUBAT
SEVENHILL GIDA SANAYİ VE TİC.LTD.ŞTİ;KÜÇÜKBAKKALKÖY MHA. HAZAR SOK NO:2/1;İSTANBUL;ATAŞEHİR;(216) 5920708;;;İİB-HUBUBAT
GOLDENDAY GIDA SANAYİ TİCARET LİMİTED ŞİRKETİ; CUMHURİYET MAH. CEVVAL SK. C BLOK NO: 1/3 / 159;İSTANBUL;BÜYÜKÇEKMECE;(212) 4586666;;;İİB-HUBUBAT
MİXMASTER GIDA İTH İHR SAN VE TİC LTD ŞTİ;İKİTELLİ OSB MAH DERSAN S8 BLOK SK. NO 8 İÇ KAPI  NO 250;İSTANBUL;BAŞAKŞEHİR;(212) 0000000;;;İİB-HUBUBAT
PARNİK DIŞ TİCARET LTD.ŞTİ.;MASLAK MAH. SAAT SK. SPINE TOWER NO: 5 IÇ KAPI NO:146;İSTANBUL;SARIYER;(212) 0000000;;;İİB-HUBUBAT
ATEŞOĞLU SÜT SAN.VE TIC.LTD. ŞTI;HADIKÖY YOLU 2.KM.;İSTANBUL;BÜYÜKÇEKMECE;(212) 8866824;www.atesoglu.com.tr;atesoglu.com.tr;İİB-HUBUBAT
AKIN TARIM ÜRÜNLERİ VE GIDA SAN.TİC.LTD.;İSTİKLAL MH. KARAAĞAÇ BULVARI NO:35/A;SAKARYA;ADAPAZARI;(264) 0000000;;;İİB-HUBUBAT
DAY TARIM  İNŞAAT DIŞ TİC.A.Ş.;AYAZMA DERE CAD.10/1 DİKİLİTAŞ PLAZA KAT:7;İSTANBUL;BEŞİKTAŞ;(212) 3271740;;;İİB-HUBUBAT
ŞEREFLER TURİZM GIDA SANAYİ VE TİCARET LİMİTED ŞİRKETİ;B.HAYRETTİN PAŞA MAH.1005.SOK. NO.19/3;İSTANBUL;GAZİOSMANPAŞA;(212) 0000000;;;İİB-HUBUBAT
KONT REY ITHALAT IHRACAT SANAYI LIMITED SIRKETI;CUMHURIYET MAH. CEVVAL SK. NO: 1 /3 IÇ KAPI NO: 18;İSTANBUL;BÜYÜKÇEKMECE;(216) 5991777;;;İİB-HUBUBAT
RLY SEYAHAT ÜRÜNLERİ TİCARET VE SANAYİ LİMİTED ŞİRKETİ;MASLAK TAŞYONCASI SOKAK T4 NO:1 KAPI B189;İSTANBUL;SARIYER;(212) 0000000;;;İİB-HUBUBAT
KAVI GIDA SANAYI VE TICARET A.Ş;PİRİREİS MAH. OKTAY SOK KAVİ GIDA BLOK NO:17;KOCAELI;DARICA;(262) 6541809;www.hardlinenutrition.com;hardlinenutrition.com;İİB-HUBUBAT
NABULSİ TATLILARI GIDA TURİZM İNŞAAT İTHALAT VE İHRACAT SANAYİ TİC.LTD.ŞTİ.;YUNUS EMRE MAH. MANDIRA CAD. NO:134/AB/BLOK;İSTANBUL;ESENYURT;(212) 5403535;;;İİB-HUBUBAT
COSMOS DIŞ TİCARET LİMİTED ŞİRKETİ;KOCA MUSTAFAPAŞA MAH. ORG.ABDURRAHMAN NAFİZ GÜRMAN CAD.EKİM APT.123/3;İSTANBUL;FATİH;(212) 0000000;;;İİB-HUBUBAT
LİFE TİME MEDİKAL İÇ VE DIŞ TİCARET LİMİTED ŞİRKETİ;ESENTEPE MAH. HARMAN 1 SK. DURAN IŞ MERKEZI NO: 4 İÇ KAPI NO: 8;İSTANBUL;ŞİŞLİ;(212) 0000000;;;İİB-HUBUBAT
AYNUR EMRE - MUHABBET LOKUMCULUK;KARAYOLLARI MH FATİH CD NO 82 B;İSTANBUL;GAZİOSMANPAŞA;;;;İİB-HUBUBAT
NUHİL GIDA A.Ş;FETİH MAH. RAHRALI SOK TAHRALİ İŞ MERK. NO:7/A BLOK D:2 ;İSTANBUL;ATAŞEHİR;;;;İİB-HUBUBAT
SUĞRA DIŞ TİC. LTD. ŞTİ. ;VATAN CAD. NO:20/2;İSTANBUL;KAĞITHANE;(212) 2960377;www.selamtekstil.com;selamtekstil.com;İİB-HUBUBAT
SHS GLOBAL GIDA DAĞITIM PAZARLAMA VE DIŞ TİC. LTD. ŞTİ.;YENİ YALI MAH. MALİK AKBAŞ CAD. NO.11 A;KOCAELI;KÖRFEZ;(262) 0000000;;;İİB-HUBUBAT
EGE INTERNATIONAL GLOBAL GIDA SANAYİ VE TİCARET LİMİTED ŞİRKETİ;CAFERAĞA MAH. ŞİFA SK. NO: 22 İÇ KAPI NO: 9;İSTANBUL;KADIKÖY;(216) 0000000;;;İİB-HUBUBAT
ALBE HAZIR GIDA MAMULLERİ SANAYİ VE TİCARET ANONİM ŞİRKETİ;CEBECİ MAH. ESKİ EDİRNE ASFALTI CAD. NO:814 A;İSTANBUL;SULTANGAZİ;(212) 4768080;;;İİB-HUBUBAT
GİZEM ÖZ ; SİYAVUŞPAŞA MAH. 1.ASMALI SK. NO: 5A;İSTANBUL;BAHÇELİEVLER;(212) 0000000;http://wwwpassionechocolate.com;wwwpassionechocolate.com;İİB-HUBUBAT
İBRAHİM ÖZTÜRK GIDA PAZARLAMA SAN.VE TİC.LTD.ŞTİ.;YILMAZ ALPASLAN CAD.TÜRKGÜCÜ OSB. MAH.NO:5/8I;TEKIRDAĞ;ÇORLU;(282) 6511875;;;İİB-HUBUBAT
EMPIRE GROUP DIŞ TİCARET A.Ş.;MERKEZ MAHALLESİ HASAT SOKAK KAMARA NO.52 İÇ KAPI NO:1;İSTANBUL;ŞİŞLİ;(212) 0000000;;;İİB-HUBUBAT
KARDEL GIDA PAZARLAMA LTD.ŞTİ;MİMARSİNAN MAH.ÖZGE SOK 5/4 ;İSTANBUL;ÇEKMEKÖY;(216) 6404166;www.fibrelle.com.tr;fibrelle.com.tr;İİB-HUBUBAT
ZHB GIDA SANAYİ VE DIŞ TİCARET LİMİTED ŞİRKETİ;ADNAN KAHVECİ KALKAN SOKAK NO:13/15 KAPI NO:Z16;İSTANBUL;BEYLİKDÜZÜ;(212) 2749448;;;İİB-HUBUBAT
OĞUZ TAHAR-DURU YEM;HÜRRİYET MAH. 260 SOK.NO:16/A;İSTANBUL;GAZİOSMANPAŞA;(212) 6177450;;;İİB-HUBUBAT
ERKAN BASUT-BASUT GIDA İTH.İHR;MERKEZ MAH. RASİM PAŞA SOK NO:3/8;İSTANBUL;GÜNGÖREN;(212) 0000000;;;İİB-HUBUBAT
ABEY GIDA TURİZM VE DIŞ TİC.A.Ş.;ACIBADEM MAH.ACIBADEM CAD NO:127 B/2;İSTANBUL;ÜSKÜDAR;(216) 3257778;http://www.chicolatte.com;chicolatte.com;İİB-HUBUBAT
FATMA İÇLİ;MİLLET MH DERYA CD.NO:69 AD;BURSA;YILDIRIM;(224) 3602986;http://pacacihusnu.com;pacacihusnu.com;İİB-HUBUBAT
ISTANBUL GÜNEŞ ECZA DEPOSU TIC A.Ş.;BEŞYOL MAH.INÖNÜ CAD.CAMI SOK. NO:11;İSTANBUL;KÜÇÜKÇEKMECE;(212) 4256095;www.gunesgrup.com;gunesgrup.com;İİB-HUBUBAT
GÖKSULAR UN VE GIDA SAN.TIC.A. Ş.;PIRI MEHMET PAŞA MAH.HACI PERVANE SOK.NO:2/2;İSTANBUL;SİLİVRİ;(212) 7272509;www.goksular.com.tr;goksular.com.tr;İİB-HUBUBAT
CORPORECA KURUMSAL AMBALAJ YATIRIMLARI TİC.A.Ş;İÇ ERENKÖY MAH. NO:10/3;İSTANBUL;ATAŞEHİR;(216) 3093737;;;İİB-HUBUBAT
MEF NUTRI SCIENCE GIDA AŞ.;SANAYİ MAH. TEKNOPARK BLV. NO: 1 /4C İÇ KAPI NO: 313;İSTANBUL;PENDİK;(216) 0000000;https://www.mefkolajen.com/;mefkolajen.com;İİB-HUBUBAT
AFERİN GIDA SANAYİ VE DIŞ TİCARET ANONİM ŞİRKETİ;YUNUS EMRE MAH. PANAYIR SK. NO: 11;İSTANBUL;SANCAKTEPE;(216) 3155179;www.heavencookies.com;heavencookies.com;İİB-HUBUBAT
EUROMAT  BASIM YAYIN AMB. SAN VE TİC A.Ş;İKİTELLİ OSB GİYİM SANATKARLARI 5A-6BL DEPO 315;İSTANBUL;BAŞAKŞEHİR;(212) 5496585;;;İİB-HUBUBAT
AYZ GRUP İÇ VE DIŞ TİC. LTD. ŞTİ.;GÖLEVİ MAH. DEVLET SAHİL YOLU CAD. NO:815A;ORDU;ÜNYE;(212) 6526557;;;İİB-HUBUBAT
PRANPRİYA İNTERNATİONAL GIDA KOZMETİK GİYİM SAN VE TİC LTD ŞTİ;1069 SK N TOWERS B1 BLOK NO 24H/144;İSTANBUL;ESENYURT;;;;İİB-HUBUBAT
LÜTFİ İNAL DIŞ TİC.LTD.ŞTİ.;HÜRRİYET MAH.BOZACI SOK.SELECTİVE NO:2A/19;İSTANBUL;KARTAL;(216) 4051789;;;İİB-HUBUBAT
PAN LOJİSTİK HİZM.A.Ş;TEVFİKBEY MAH. TAHSİN TEOĞLU CAD. NO:29 ;İSTANBUL;KÜÇÜKÇEKMECE;;www.panlogistics.com.tr;panlogistics.com.tr;İİB-HUBUBAT
SUNUM MARKA GIDA SAN VE TİC.LTD.ŞTİ;MAHMUTBEY MAH. İSTOÇ TOP.ÇAR. 45.YOL.SK.15 ;İSTANBUL;BAĞCILAR;(212) 6596688;www.sunumgida.com;sunumgida.com;İİB-HUBUBAT
KMA İÇ VE DIŞ TİCARET LİMİTED ŞİRKETİ;YEŞİLKÖY MAH. ATATÜRK CAD. EGS BUSİNESS PARK NO: 12 İÇ KAPI NO: 8;İSTANBUL;BAKIRKÖY;(212) 0000000;;;İİB-HUBUBAT
CASTLE GROUP GIDA TARIM KİMYA SAN VE TİCARET LTD.ŞTİ.;YEBNİBOSNA MERKEZ MAH 1 ASENA SK.İSTANBUL KONGRE MERKEZİ SİTESİ D BLOK NO:15D İÇ KAPI NO:92;İSTANBUL;BAHÇELİEVLER;(212) 0000000;;;İİB-HUBUBAT
SGROUP DIŞ TİCARET ANONİM ŞİRKETİ;ALTAYÇEŞME MAH. ENGİN SK.MALTEPE RESIDENCE NO.3/24;İSTANBUL;MALTEPE;(216) 3709515;http://www.sgroup.com;sgroup.com;İİB-HUBUBAT
RXİVA HEALTHCARE GIDA İLAÇ LİMİTED ŞİRKETİ;YAKUPLU MAH. 18. SK. NO: 7 İÇ KAPI NO: 2;İSTANBUL;BEYLİKDÜZÜ;(212) 2868686;;;İİB-HUBUBAT
DERİN LEZZETLER GIDA SAN VE TİC.A.Ş;RUMELİHİSARI MAH. HİSAR GÜLÜ SOK 16A;İSTANBUL;SARIYER;(212) 2575054;;;İİB-HUBUBAT
SELÇUKLAR TARIM ÜRÜNLERİ VE MADENCİLİK SANAYİ TİCARET LİMİTED ŞİRKETİ;GAZİ SÜLEYMAN PAŞA MAH. 3004 SK. NO: 2İÇ KAPI NO: A ;SAKARYA;AKYAZI;(264) 4181329;;;İİB-HUBUBAT
TABİX GIDA TAKVİYELERİ SANAYİ VE TİCARET LİMİTEWD ŞİRKETİ;KAYABAŞI MAH KAYAŞEHİR BLV T6 NO:46 BF;İSTANBUL;BAŞAKŞEHİR;(212) 5821018;;;İİB-HUBUBAT
AGROLOG GIDA İÇ VE DIŞ TİC LTD ŞTİ;MECLİS MH SEMİH SANCAR CD NO 11A;İSTANBUL;SANCAKTEPE;(850) 2246699;www.diripesso.com;diripesso.com;İİB-HUBUBAT
HİRAPLAS PLASTİK VE SANAYİ TİCARET ANONİM ŞİRKETİ;ORUÇREİS MAH. GİYİMKENT 19. SOK. NO: 130;İSTANBUL;ESENLER;(212) 0000000;;;İİB-HUBUBAT
ONE WAY İÇ VE DIŞ TİC.LTD.ŞTİ;ADNAN KAHVECİ MAH. BÜYÜKDERE CAD. ŞİRİN SANAYİ SİT;İSTANBUL;BEYLİKDÜZÜ;(212) 6036560;;;İİB-HUBUBAT
KAHVE DÜKKANI GIDA TURİZM TEKSTİL İHR.İTH.TİC.VE SAN.LTD.ŞTİ;İHSANİYE MAH. 1.YAPRAK SOK NO:3/A ARSLANKET 2 SİT ;BURSA;NİLÜFER;(224) 2463512;www.kahvedukkani.com.tr;kahvedukkani.com.tr;İİB-HUBUBAT
CAN AQRO TARIM GIDA SAN VE TİC LTD ŞTİ;AKSARAY MH KÜÇÜK LANGA CD NO 79/159B;İSTANBUL;FATİH;(212) 5850200;;;İİB-HUBUBAT
KAMİL GIDA VE İHTİYAÇ MAD.İMAL PAZ. TİC. LTD. ŞTİ.;YÜZYIL MAH. 23/2 SOK. NO:8/A;İSTANBUL; ;212-2435602;;;İİB-HUBUBAT
TYC İNŞAAT SAN.VE TİC.A.Ş.;GOSB İHSANDEDE CAD.800 SOK.NO:122;KOCAELI;GEBZE;(262) 6465713;;;İİB-HUBUBAT
SASKO İNŞ.İÇ VE DIŞ TİC.SAN.LTD.ŞTİ;TALATPAŞA MAH. 1025 SOK NO:27/5;İSTANBUL;ESENYURT;;;;İİB-HUBUBAT
NASHTAN DIŞ TİCARET VE SANAYİ LİMİTED ŞİRKETİ;AHİNTEPE MAH.ŞHT.POLİS FETHİ SEKİN CD.İGTOT ST.3A BL.1D/Z08;İSTANBUL;BAŞAKŞEHİR;(212) 0000000;;;İİB-HUBUBAT
MC TRADE DANIŞMANLIK DIŞ TİCARET LİMİTED ŞİRKETİ;MURATREİS MAHALLESİ SELAMET SOKAK NO:9;İSTANBUL;ÜSKÜDAR;(216) 7061409;;;İİB-HUBUBAT
EUROPAR GIDA VE KİMYEVİ MADDELER SAN.TİC.LTD.ŞTİ;GÜLBAHAR MAH.UYSAL SK. KAMURAN APT. NO:4 İÇ KAPI  NO:8;İSTANBUL;ŞİŞLİ;(212) 0000000;;;İİB-HUBUBAT
MADY OĞLU GIDA VE GENEL TİCARET LİMİTED ŞİRKETİ;SAHINTEPE MAH. LALEZAR SK. NO: 4 A IÇ KAPI NO: Z08;İSTANBUL;BAŞAKŞEHİR;(212) 0000000;;;İİB-HUBUBAT
GURMELAB GIDA SANAYİ VE TİCARET LİMİTED ŞİRKETİ;YENİ MAH. KANUNİ SULTAN SÜLEYMAN /1 SK. ÖZERLER SÜT ÜRÜNLERİ NO:5 A;SAKARYA;HENDEK;(212) 0000000;;;İİB-HUBUBAT
SİNCAN TRADE İNŞAAT SANAYİ VE DIŞ TİCARET ANONİM ŞİRKETİ;YEŞİLKÖY MAH.YEŞİLKÖY HALKALI CAD.15BAKIRKÖY/İSTANBUL;İSTANBUL;BAKIRKÖY;(212) 5744000;;;İİB-HUBUBAT
ORION TRADE GIDA MAK. SAN .TİC. LTD .ŞTİ.;KOCATEPE MH. YAG İSKELESİ CAD. NO:31/39;İSTANBUL;BAYRAMPAŞA;(212) 4294118;;;İİB-HUBUBAT
MÜRÇAK TARIM PEYZAJ İNŞ.VE GIDA SAN.TİC.LTD.ŞTİ;İLYAS MAH. SEBZE PAZARI NO:14/A;TEKIRDAĞ;HAYRABOLU;(282) 3155301;www.murcaktarim.com;murcaktarim.com;İİB-HUBUBAT
SES GIDA TURIZM MAKINA VE DIS TICARET ANONIM SIRKETI;SERIFALI MAH. KUTUP SK. NO: 16 IÇ KAPI NO: 1;İSTANBUL;ÜMRANİYE;(212) 5984646;http://www.sesvending.com.tr;sesvending.com.tr;İİB-HUBUBAT
AYSU GIDA SANAYİ VE TİC. LTD. ŞTİ.;BARBAROS MAH. EVREN CAD. BARBAROS S. NO:30 ;İSTANBUL;ATAŞEHİR;;;;İİB-HUBUBAT
İNTEMAR DIŞ TİCARET A.Ş.;SANAYİ CAD.NO.82;İSTANBUL;BAHÇELİEVLER;(212) 5515100;www.intemar.com.tr;intemar.com.tr;İİB-HUBUBAT
SELİM ÇOR-ARTIBESİN GIDA SAN.VE TİC;HACI KADIN MAH. ATATÜRK BULV. İ.M.Ç 5 BLOK 66 ;İSTANBUL;FATİH;(212) 5140512;;;İİB-HUBUBAT
BARİFİT SAĞLIK HİZM ÜRETİM VE PAZ. A.Ş;ATATÜRK MAH. SEDEF CAD. ATA BLOKLARI ATA 2-2 NO:5 D:119;İSTANBUL;ATAŞEHİR;(216) 6290021;;;İİB-HUBUBAT
VENPİ GIDA TİCARET LİMİTED ŞİRKETİ;KOZYATAĞI MAH. SARIKAYA SK. KÖŞK APT NO: 2 /1A ;İSTANBUL;KADIKÖY;(216) 3732905;;;İİB-HUBUBAT
MBC KAHVE DIŞ TİCARET LİMİTED ŞİRKETİ;SAHRAYICEDİT MAH. İMAM RAMİZ SOK. DEMIRLI A2 NO:6B;İSTANBUL;KADIKÖY;(216) 0000000;;;İİB-HUBUBAT
LEZZO GIDA PAZ.SAN.VE TIC.A.Ş;MERKEZ MAH. SELİMİYE CAD. NO:1 MERKEZI NO:3 KAT:1;İSTANBUL;ÇEKMEKÖY;(216) 6429271;www.lezzo.com.tr;lezzo.com.tr;İİB-HUBUBAT
SARLİN GIDA TEKSTİL İNŞAAT MOB. TEM. ELEK. ELEKTRONİK ZÜC. İTH. İHR. SAN. VE TİC. LTD. ŞTİ.;M.ALİPAŞA MAH. ŞEHİT KENAN BAŞOL SK. NO:2 İÇ KAPI NO:1;KOCAELI;İZMİT;(262) 3242957;;;İİB-HUBUBAT
ACK ELEKTRONIK SAN.VE TIC.LTD. STI.;AL RIZA GÜRCAN CAD. METROPOLMER. NO:31/29;İSTANBUL;GÜNGÖREN;(212) 2225150;;;İİB-HUBUBAT
ERDAĞI İÇ VE DIŞ TİCARET LOJİSTİK LİMİTED ŞİRKETİ;ŞENLİKKÖY MH. HARMAN SK. NO:19/2 FLORYA;İSTANBUL;BAKIRKÖY;(212) 0000000;;;İİB-HUBUBAT
YELKEN GIDA İNŞ. TUR. SAN. TİC. LTD. ŞTİ.;KOCATEPE MAH. MEGA CENTER C3NO:27;İSTANBUL;BAYRAMPAŞA;(212) 4373250;www.yelkengida.com;yelkengida.com;İİB-HUBUBAT
AAK TURKEY GIDA SAN VE TİC LTD ŞTİ;BOĞAZİÇİ CAD SEHERYELİ SK. KARSAN PLAZA NO:1/2;İSTANBUL;SANCAKTEPE;(212) 3565311;;;İİB-HUBUBAT
BEYAZPINAR ŞEKER VE ŞEKER MAMÜ LLERI GIDA.SANAYI.TIC.LTD.ŞTI;ATAŞEHIR BARBAROS MAH. ÇİM SKNO:15;İSTANBUL;ATAŞEHİR;(216) 3174977;www.beyazpinar.com.tr;beyazpinar.com.tr;İİB-HUBUBAT
BRAFA GIDA SANAYİ TİCARET ANONİM ŞİRKETİ;FERHATPAŞA MAHALLESİ 25.SOKAK NO:41-43 K:2;İSTANBUL;ATAŞEHİR;;;;İİB-HUBUBAT
DAMASKİNO HOME TATLI GIDA TURİZM İTHALAT İHRACAT SANAYİ TİCARET LİMİTED ŞİRKETİ;ÇIRPAN MAH. DARMSTAD CAD. NO:7A;BURSA;OSMANGAZİ;(224) 9550025;;;İİB-HUBUBAT
NUTRİLAB SAĞLIK VE BESLENME ÜRÜNLERİ SANAYİ TİCARET ANONİM ŞİRKETİ; İOSB GİYİM SANATKARLARI 1A BL GİYİM SAN.TİC1A BL/311;İSTANBUL;BAŞAKŞEHİR;(212) 6710054;;;İİB-HUBUBAT
DOLFIN GIDA DIŞ TIC.VE SAN.A.Ş;DEFTERDAR MAH. OTAKÇILAR CAD.BIRLIK HAN NO:58 KAT:4;İSTANBUL;EYÜP;(212) 6124700;;;İİB-HUBUBAT
DEMS DIŞ TİC.LTD.ŞTİ;ŞENLİKKÖY MAH. AY SOK NO:6/3;İSTANBUL;BAKIRKÖY;(212) 6594730;;;İİB-HUBUBAT
ŞENKOS HELVA GIDA SAN. TİC. LTD. ŞTİ.;KARAYOLLARI MAH. 568/2. SOKAK NO:19 A/2;İSTANBUL;GAZİOSMANPAŞA;(212) 5320737;;;İİB-HUBUBAT
SEDİR DIŞ TİC. LTD.ŞTİ;KALFA ÇEŞME  SOK VALİDEBAĞ ÇARŞISI NO3;İSTANBUL;ÜSKÜDAR;(216) 5450155;;;İİB-HUBUBAT
TAN AVRASYA GIDA TURZM İNŞ TEKSTİL DERİ SAN VE TİC.LTD.ŞTİ.;YEŞİLTEPE MAH. 56/2 SOK ONUŞ SİT NO:11/A;İSTANBUL;ZEYTİNBURNU;(212) 0000000;;;İİB-HUBUBAT
KAYRA İTH.İHR.GIDA ÜRÜNLERİ VE TİC.LTD.ŞTİ.;KURTKÖY MAH.ESMER SOKAK NUMARA:8 D;İSTANBUL;PENDİK;(216) 5951517;;;İİB-HUBUBAT
BİENARS GIDA SANAYİ VE TİCARET LİMİTED ŞİRKETİ;SULTAN AHMET MAHALLESİ ARASTA ÇARŞISI SK.MÜZİK ALETLERİ SATIŞ ARASTA BAZAAR NO:70 -1;İSTANBUL;FATİH;(212) 5227316;;;İİB-HUBUBAT
SARILAR DIŞ TIC. LTD. ŞTI.;BÜYÜKDERE MAH. ATATÜRK BULV. NO:63;SAKARYA;HENDEK;(264) 6141900;www.sarilarfindik.com;sarilarfindik.com;İİB-HUBUBAT
ROMES MAKİNE MÜHENDİSLİK SANAYİ VE TİCARET ANONİM ŞİRKETİ;ALAADDİNBEY MAH. 624. SK. NO:5 C ;BURSA;NİLÜFER;(224) 4436797;www.senoz.com.tr;senoz.com.tr;İİB-HUBUBAT
ALBARAKA BARAKA GROUP DIŞ TİCARET LİMİTED ŞİRKETİ;KEMALPAŞA MAH.FEVZİYE CADDESİ NO 14/301;İSTANBUL;FATİH;(212) 2112233;;;İİB-HUBUBAT
KORAY DIş TıC.LTD.şTı.; DEMİRKAPI CAD.KECECİ İŞ MERK. NO:51;İSTANBUL;EYÜP;(212) 6136893;;;İİB-HUBUBAT
SEYER GIDA TEKSTIL SANAYI TICARET LIMITED SIRKETI;BAHÇESEHIR 1. KISIM MAH. UZAY SK. BAHCESEHIR KONAKLARI 2. ETAP A6 BLOK NO: 7 B IÇ KAPI NO: 21;İSTANBUL;BAŞAKŞEHİR;(212) 0000000;;;İİB-HUBUBAT
BAYRAM ŞİRİNOĞLU PETROL ÜRÜN. GIDA İNŞ TURZM. SAN. VE TİC.LTD.ŞTİ.;MEVLANA MAH.ANAFARTALAR CAD.NO:38;İSTANBUL;ATAŞEHİR;(216) 4714784;"www.sirinkos.com.tr, www.kagithelva.com";;İİB-HUBUBAT
SLİM DIŞ TİC.LTD.ŞTİ.;KÜÇÜK ÇAMLICA MAH. DEVA SOK NO:38 İÇ KAPI NO:1 ;İSTANBUL;ÜSKÜDAR;(216) 0000000;www.slimdistic.com;slimdistic.com;İİB-HUBUBAT
SET TOHUMCULUK GIDA TARIM SAN.VE TİC.A.Ş;CEMALPAŞA MAH GAZİPAŞA BULVARIM.ATEŞOK APT. NO:35 K:1 D:1;ADANA;SEYHAN;(322) 4588068;;;İİB-HUBUBAT
MARSEL DELİGHTS GIDA LTD.ŞTİ;ŞEHİT CAHİT GÖKALP SOK ŞAFAK APT 4-A;İSTANBUL;BEŞİKTAŞ;(212) 2707931;;;İİB-HUBUBAT
ESER GEMI YAN SAN. VE TIC. LTD ŞTI.;EVLIYA CELEBI MH.GENÇ OSMAN CD. NO:40;İSTANBUL;TUZLA;(216) 4463609;www.esirgemi.net;esirgemi.net;İİB-HUBUBAT
PATIS VETERINER HIZMETLERI LIMITED SIRKETI;19 MAYIS MH.SEHIT KEMAL UYGUNTURK SOK.ERSOY APT NO8/1;İSTANBUL;KADIKÖY;(216) 4114646;;;İİB-HUBUBAT
ŞEN İNOKS ENDÜSTRİYEL MUTFAK GER.TAAH.SAN.TİC.LTD.ŞTİ;PERPA TİCARET MERKEZİ A BLOK KAT 13 NO.2065 ;İSTANBUL;ŞİŞLİ;02122211595;www.seninoks.com;seninoks.com;İİB-HUBUBAT
TAZE BAKLAVA GIDA SANAYİ TİCARET LİMİTED ŞİRKETİ;SİYAVUŞPALA MH. FİLBAHRİ SK. EMEK APT. NO:6C;İSTANBUL;BAHÇELİEVLER;(212) 5026363;;;İİB-HUBUBAT
MERTCANBERK GIDA TURİZM TAŞIMACILIK İNŞAAT SANAYİ VE TİCARET LİMİTED ŞİRKETİ;GÜMÜŞPINAR MAH. KAYISI SK. NO: 5 A;İSTANBUL;KARTAL;(216) 0000000;;;İİB-HUBUBAT
KARAHAN DEĞ.TUNCAYLAR UN VE YEM FAB.ITH.IHR.TIC.VE SAN.LTD.ŞTİ.;SANCAKTEPE MAH. MİLLET CAD. NO:5;İSTANBUL;SİLİVRİ;(212) 7152267;www.karahanun.com.tr;karahanun.com.tr;İİB-HUBUBAT
KVS BİYOTEKNOLOJİ LİMİTED ŞİRKETİ;ORUÇREİS MAH. TEKSTİLKENT CAD. TEKSTİLKENT A10BLOK NO: 10 O İÇ KAPI NO: 20;İSTANBUL;ESENLER;(212) 2204099;http://www.kvsbio.com;kvsbio.com;İİB-HUBUBAT
EMBASSY GIDA SAN VE TİC LTD ŞTİ;ATAKÖY 7-8-9-10 KISIM MH ÇOBANÇEŞME E5 YAN YOLA B BLOK NO 18/1;İSTANBUL;BAKIRKÖY;(212) 0000000;;;İİB-HUBUBAT
FLAMİNGO DANIŞMANLIK  VE DIŞ TİC. SAN.LTD.ŞTİ;TALATPAŞA MAH. YAŞARLI CAD. 74/1;İSTANBUL;KAĞITHANE;;;;İİB-HUBUBAT
YUMURTACILAR ZAHİRECİLİK TARIM ÜRÜNLERİ İNŞAAT VE MÜTEAHHİTLİK SANAYİ VE TİCARET LİMİTED ŞİRKETİ;ÇAKIR MAH. ZAHİRE PAZARI NO:46;AFYON;SANDIKLI;(272) 5153216;;;İİB-HUBUBAT
ÇİMSAN TARIMSAL ÜRÜN. INŞ. TAAH. VE SAN. TİC. LTD. ŞTI.;ORUÇ REİS MAH.TEKSTİLKENT CAD.KOZA PLAZA İŞ MERKZ.B BLOK K:05 N:18;İSTANBUL;ESENLER;(212) 4383868;www.cimsan.com.tr;cimsan.com.tr;İİB-HUBUBAT
GAMZE DIŞ TİC.LTD.ŞTİ;KISIKLI MAH. GURBET SOK NO:14-3 ;İSTANBUL;ÜSKÜDAR;(216) 3161901;;;İİB-HUBUBAT
SAHRA ÇİKOLATA SAN. VE TİC. LTD. ŞTİ.;GÜLLÜ BAGLAR MAH. TANDOGAN CAD. NO: 92 DA;İSTANBUL;PENDİK;(212) 6182616;www.windcikolata.com;windcikolata.com;İİB-HUBUBAT
AMARE GLOBAL GIDA TAKVİYELERİ LTD ŞTİ.;KOZYATAĞI MH. KOCAYOL CD. NO:55/A;İSTANBUL;KADIKÖY;(216) 3566565;;;İİB-HUBUBAT
TARİHİ ERTUĞRUL KAHVESİ GIDA PAZARLAMA SANAYİ VE TİCARET LİMİTED ŞİRKETİ;IŞIKTEPEOSB MAH. KIRMIZI CAD. NO: 7 E;BURSA;NİLÜFER;(224) 5320777;www.tarihiertugrulkahvesi.com;tarihiertugrulkahvesi.com;İİB-HUBUBAT
MURAT ERCAN;YENİGÜN MAH. ÖNCÜ CAD. NO:37-1- İLKÖĞRETİM TES./1;BURSA;YENİŞEHİR;(224) 0000000;;;İİB-HUBUBAT
ONUR ÇETİNKAYA - ÇETİNKAYA TİCARET;TABAKHANE MAH 4039 SK. GÜMÜŞLER APARTMANU NO:5 A;SAKARYA;ERENLER;(264) 2787929;;;İİB-HUBUBAT
MERYEM BOZ;"NİSBETİYE MAHALLESİ, GAZİ GÜÇNAR SOKAĞI, NO:4 UYGU İŞ MERKEZİ/2";İSTANBUL;BEŞİKTAŞ;(212) 2434958;;;İİB-HUBUBAT
İSTEK GIDA İML VE PAZ.SAN TİC. AYKUT ÇELEBİ;YENİ MAH. CENAP ŞAHABETTİN SOK NO:35/D;İSTANBUL;KARTAL;;;;İİB-HUBUBAT
GLOBAL FOODS IMPEX DIŞ TİCARET LİMİTED ŞİRKETİ;GÜNGÖREN MAH.PELİT SK. D BLOK NO:13B İÇ KAPI NO:31;İSTANBUL;ÇEKMEKÖY;(216) 6550051;;;İİB-HUBUBAT
GLOBAL MART ULUSLARARASI TİCARET ANONİM ŞİRKETİ;ÇELİKTEPE MAH. HOŞGÖR SK. NO: 3 İÇ KAPI NO: 2;İSTANBUL;KAĞITHANE;(212) 0000000;;;İİB-HUBUBAT
BURÇAK İTH.İHR.LTD.ŞTİ.;KEMALPAŞA MAH.SELİMPAŞA SOKNO:42/1;İSTANBUL;FATİH;(212) 5261151;;;İİB-HUBUBAT
AGRAND GIDA SAN.VE TİC.A.Ş.;FATİH MH. DOĞAN SK. NO:53A ;İSTANBUL;PENDİK;(216) 3073838;;;İİB-HUBUBAT
THE CANDY NATIONAL GIDA SANAYİ VE TİCARET LİMİTED ŞİRKETİ;ADNAN KAHVECİ MH. KAZIM KARABEKİR CD. NO : 1 / 52;İSTANBUL;BEYLİKDÜZÜ;(212) 0000000;;;İİB-HUBUBAT
AKTÜEL OFİS MALZEMELERİ PAZARLAMA TİCARET ANONİM ŞİRKETİ;SULTAN SELİM MAH. BEHÇET SK. NO: 2 İÇ KAPI NO: 6;İSTANBUL;KAĞITHANE;;;;İİB-HUBUBAT
DOFARM İLAÇ MEDİKAL TARIM GIDA SANAYİ VE TİCARET LİMİTED ŞİRKETİ;İZMİR YOLU AKARSU İŞ MERKEZİ SK NO : 407;BURSA;NİLÜFER;(224) 5250384;;;İİB-HUBUBAT
SAYILGAN DIŞ TİCARET SANAYİ LİMİTED ŞİRKETİ;AHMET VEFİK PAŞA OSB MAH. ACAR SK. ŞENER HELVA SİTESİ ŞENER HELVA NO: 3;BURSA;KESTEL;(224) 0000000;;;İİB-HUBUBAT
ATY GRUP YEM SANAYİ VE TİCARET A.Ş.;KOCATEPE MAH. MEGA CENTER GIDA ÇARŞISI C26 BLOK K:6 D:5;İSTANBUL;BAYRAMPAŞA;(212) 4370401;;;İİB-HUBUBAT
NASSAU DIŞ TİCARET LİMİTED ŞİRKETİ;KEMANKEŞ KARAMUSTAFA PAŞA MAH.KARA ALİ KAPTAN SOK.NO.7/A-B;İSTANBUL;BEYOĞLU;(216) 8521476;;;İİB-HUBUBAT
MERT PLASTİK SANAYİ VE TİCARET LİMİTED ŞİRKETİ;EMİNÖNÜ VEFA C.ALKAN HAN NO: 048 İÇ KAPI NO: 00A;İSTANBUL;FATİH;(212) 5224346;www.mertplast.com;mertplast.com;İİB-HUBUBAT
UNIQ DIS TICARET VE REKLAM LIMITED SIRKETI;SELAMI ALI MAH. CUMHURIYET CAD. NO:46 İÇ KAPI NO:30;İSTANBUL;ÜSKÜDAR;(216) 0000000;;;İİB-HUBUBAT
KARTAL ÇELİK EŞYA SAN. VE TİC. AŞ;HARBİYE HALASKARGAZİ CAD.ZAZAHAN;İSTANBUL; ;(212) 2724243;;;İİB-HUBUBAT
BAYER TOHUMCULUK VE TARIM LTD ŞTİ;F.SULTAN MEHMET MH.BALKAN CD. BAYER BLOK N.53;İSTANBUL;ÜMRANİYE;(242) 3201600;https://www.vegetables.bayer.com/tr/tr-tr.html;vegetables.bayer.com;İİB-HUBUBAT
MİSHAL TEKS. SAN. VE DIŞ TİC. LTD. ŞTİ. ;DURMUŞOĞLU TEKSTIL CENTER DERESK. NO:10 K:4/127;İSTANBUL;ŞİŞLİ;(212) 2480250;;;İİB-HUBUBAT
KOKET GIDA ÜRETİM PAZARLAMA İTHALAT İHRACAT SANAYİ VE TİCARET LİMİTED ŞİRKETİ;EMEK MAH.NATO YOLU CAD.NO:288 İÇ KAPI NO: 2 ;İSTANBUL;SANCAKTEPE;(216) 6669054;;;İİB-HUBUBAT
ONYEDİ LOJİSTİK GIDA SANAYİ VE TİCARET LİMİTED ŞİRKETİ;BOĞAZKENT MAH. HİLAL SK. NO: 4 A KEPEZ BELDESİ;ÇANAKKALE;ÇANAKKALE;(286) 0000000;;;İİB-HUBUBAT
FERMAN GIDA SANAYİİ VE TİC. LTD. ŞTİ.;UYSALLAR SK. NO:15;İSTANBUL;GAZİOSMANPAŞA;(212) 5814242;;;İİB-HUBUBAT
ÖZHÜNER GID.SAN.VE TIC.LTD.ŞTI;DEMIRTAŞ ORGANIZE SAN.BÖLGESIM.KARAER CAD.NO.21;BURSA;OSMANGAZİ;(224) 2610283;;;İİB-HUBUBAT
VAKKO GIDA ANONIM SIRKETI;ALTUNIZADE MAH. KUSBAKISI CAD. VAKKO NO: 35 IÇ KAPI NO: 1 ;İSTANBUL;ÜSKÜDAR;(216) 6225500;http://www.vakko.com;vakko.com;İİB-HUBUBAT
TORİO BİSKÜVİ ÇİKOLATA GIDA SANAYİ VE TİCARET LİMİTED ŞİRKETİ;TAKÖY 7-8-9-10. KISIM MAH. ÇOBANÇEŞME E-5 YANOL CAD. F NO: 22/6 İÇ KAPI NO: 145;İSTANBUL;BAKIRKÖY;(212) 0000000;;;İİB-HUBUBAT
UMEN UNLU MAMULLER DAĞITIM SANAYİ VE TİCARET LİMİTED ŞİRKETİ; ELMALIKENT MAH.ŞEHİT SERDAR EYÜPOĞLU CAD.NO:27/1 ;İSTANBUL;ÜMRANİYE;(216) 5521515;;;İİB-HUBUBAT
ELA GLOBAL GIDA TEKSTİL TURİZM İNŞAAT OTOMOTİVİHRACAT İTHALAT SANAYİ TİCARET LİMİTED ŞİRKETİ;ŞAHİNTEPE MAH. LALEZAR SK. İGTOT 4A BLOK NO: 4 G İÇ KAPI NO: 1B26;İSTANBUL;BAŞAKŞEHİR;(212) 0000000;;;İİB-HUBUBAT
UNİZYME GIDA KATKI MADDELERİ SANAYİ VE TİCARET LİMİTED ŞİRKETİ;AKÇABURGAZ MAH. AHMET YESEVİ CAD. NO: 35 İÇ KAPI N;İSTANBUL;ESENYURT;(212) 0000000;;;İİB-HUBUBAT
TARABYA ALIŞVERİŞ HİZMETLERİ GIDA SAN. VE TİC. A. Ş.;MERKEZ MAH. VEZİR SK. NO:14-16/3;İSTANBUL;ÇEKMEKÖY;(850) 6227500;http://www.gourmetgarage.com.tr;gourmetgarage.com.tr;İİB-HUBUBAT
EURO FOOD İÇ VE DIŞ TİC. LTD.ŞTİ;BRANDİUM REZİDANS R-4/4NO:40 ;İSTANBUL;ATAŞEHİR;(216) 9398191;www.eurofood.com.tr;eurofood.com.tr;İİB-HUBUBAT
OPAK GROUP GIDA İNŞAAT İTH. VE İHR. PAZR. SAN. VE TİC. LTD. ŞTİ.;ALADDİNBEY MH. 615 SK. 3 NOLU BĞMZ NO:2/1C;BURSA;NİLÜFER;(224) 2232211;www.opakgida.com;opakgida.com;İİB-HUBUBAT
ARDEL İÇ VE DIŞ TİCARET LİMİTED ŞİRKETİ;MASLAK MAH. AOS 55. SK. 42 MASLAK A BLOK NO: 2 İÇ NO: 25;İSTANBUL;SARIYER;(212) 0000000;;;İİB-HUBUBAT
ELİTE BRO DIŞ TİCARET LİMİTED ŞİRKETİ; ADRES ZAFER MAH. HARAMİDERE YOLU CAD. SEMBOL ;İSTANBUL;ESENYURT;(212) 0000000;http://www.elitebro.co;elitebro.co;İİB-HUBUBAT
KAHVEN GIDA SAN VE DIŞ TİC.LTD.ŞTİ;KİRAZLI MAH. ZÜBEYDE HANIM CAD. NO:53/A;İSTANBUL;BAĞCILAR;(212) 6558866;;;İİB-HUBUBAT
RANZ FOOD GIDA VE MAKİNE A.Ş.;FINDIKLI MAH. HANCIOĞLU CAD. BİRLİK APT NO: 50A;İSTANBUL;MALTEPE;(216) 0000000;;;İİB-HUBUBAT
GLOB FİLM REKLAM YAPIM ORGANİZASYON TURİZM SANAYİ VE DIŞ TİCARET LİMİTED ŞİRKETİ;MECİDİYEKÖY MAH.ZERTOP SK. NO:10A;İSTANBUL;ŞİŞLİ;(212) 0000000;;;İİB-HUBUBAT
BEST ÇİKOLATA ŞEKERLEME PASTACILIK GIDA SAN VE TİC.LTD.ŞTİ;SEYMEN MAH. İSTANBUL CAD. NO:206/A;TEKIRDAĞ;ÇORLU;(282) 6843063;www.besthillchocolate.com;besthillchocolate.com;İİB-HUBUBAT
GOLDEN GLOBAL EMTİA İÇ VE DIŞ TİCARET ANONİM ŞİRKETİ;ESENTEPE MAH.BÜYÜKDERE CAD. ASTORIA BLOK NO:127/63;İSTANBUL;ŞİŞLİ;(212) 2152641;https://goldenglobalemtia.com.tr/;goldenglobalemtia.com.tr;İİB-HUBUBAT
TRAKYA YAĞLI TOHUMLAR TARIM SA TIŞ KOOP.;1.MURAT MH.ZÜBEYDE HANIMCD.N.2;EDIRNE; ;(284) 2145522;www.trakyabirlik.com.tr;trakyabirlik.com.tr;İİB-HUBUBAT
ŞEKERSAN GRUP GIDA ÜRÜNLERİ SANAYİ VE TİCARET LİMİTED ŞİRKETİ;BAĞLAR MAH. TÜRBE CAD. NO:61 İÇ KAPI NO:1;SAKARYA;ERENLER;(264) 2787929;http://www.sekersan.com;sekersan.com;İİB-HUBUBAT
MUKADDES AYTEKIN - ÇAYDA BİTKİ ŞİFA;FEVZİ ÇAKMAK MAHALLESİ GİRNE CADDESİ TİCARET SOKAKNO:1/17;İSTANBUL;PENDİK;(216) 0000000;https://www.caydabitki.com;caydabitki.com;İİB-HUBUBAT
VELAVIT VITAMIN PAZARLAMA SANAYI VE TICARET ANONIM SIRKETI;MASLAK MAH. SANATKARLAR SOK. ESCLİPSE MASLAK NO.2 D:13;İSTANBUL;SARIYER;(212) 2907881;http://www.velavit.com.tr;velavit.com.tr;İİB-HUBUBAT
SARI TOHUMCULUK SAN.TİC.A.Ş;KEPENEKLİ MAH. KURT AYAZMA CAD. SARI TOHUMCULUK NO:3;TEKIRDAĞ;MURATLI;(282) 2614316;;;İİB-HUBUBAT
AK ÇOLAKLI GIDA SAN. TİC.LTD. ŞTİ.;GÖKEVLER MAH. 2331. SKPASİAD SİTESİ NO: 1 / I;İSTANBUL;ESENYURT;(212) 0000000;;;İİB-HUBUBAT
CONNECT İÇ VE DIŞ TİCARET LİMİTED ŞİRKETİ;MAHMUTBEY MH.TAŞOCAĞI YOLU CD. B BLOKAĞAOĞLU MY OFFICE 3/423;İSTANBUL;BAĞCILAR;(212) 0000000;;;İİB-HUBUBAT
EGGLİN GIDA VE GIDA MADDELERİ KATKILARI SANAYİ TİCARET LİMİTED ŞİRKETİ;AKSE MAH. 550. SK. NO: 7 ÇAYIROVA/ KOCAELİ;KOCAELI;ÇAYIROVA;(262) 9992269;www.egglin.com.tr;egglin.com.tr;İİB-HUBUBAT
SEVENLINE TEMIZ.VE GIDA ÜRÜN.S AN.IÇ.VE DIŞ TIC.LTD.ŞTI;İSTOÇ 25.ADA NO:166-168 MAHMUTBEY;İSTANBUL;BAĞCILAR;(212) 6591030;www.sevenstar.com;sevenstar.com;İİB-HUBUBAT
KAVUK GIDA TEKSTİL İNŞAAT SAN VE TİC.LTD ŞTİ.;İKİTELLİ OSB MUTFATÇILAAR SAN. SİT M8 B BLOK NO:1-3;İSTANBUL;BAŞAKŞEHİR;(212) 6404675;;;İİB-HUBUBAT
STEVİA GROUP DIŞ TİCARET LİMİTED ŞİRKETİ;MESİHPAŞA MAH.ORDU CAD.SANLI İŞ MERKESİ .NO.91/601;İSTANBUL;FATİH;(212) 0000000;;;İİB-HUBUBAT
BERTAŞ EVCİL HAYVAN ÜRÜN. LTD. ŞTİ.;FEVZİ ÇAKMAK MAH. DİK SOK. HUZUR APT. NO:5A;İSTANBUL;PENDİK;(216) 0000000;http://www.solomonpet.com;solomonpet.com;İİB-HUBUBAT
KAYIHAN GIDA İNŞAAT VE DIŞ TİC.LTD.ŞTİ;HÜRRİYET MH. DUMLUPINAR CD. YAVUZ PLAZA NO:12/5;İSTANBUL;BAHÇELİEVLER;(212) 5034334;www.kayihan.co;kayihan.co;İİB-HUBUBAT
BONOSEP BESİN MADDELERİ LİMİTED ŞİRKETİ;SUADİYE MAH. FATMAKADIN SK. MARMARA APT NO: 14 İÇKAPI NO: 34;İSTANBUL;KADIKÖY;(216) 0000000;http://www.sennaturen.com;sennaturen.com;İİB-HUBUBAT
HOMY GROUP İTHALAT İHRACAT TURİZM VE TİCARET LİMİTED ŞİRKETİ;ZAFER MAH. 177.SOK. SELF İSTANBUL NO: 1 / A İÇ KAP NO: 14;İSTANBUL;ESENYURT;(212) 0000000;;;İİB-HUBUBAT
RICOLLE CHOCOLATE GIDA SANAYİ VE TİCARET LİMİTED ŞİRKETİ;ATATÜRK MAH. ERTUĞRUL GAZİ SK. METROPOL IST. SİT.A BLOK NO: 2E İÇ KAPI NO: 331;İSTANBUL;ATAŞEHİR;(216) 0000000;;;İİB-HUBUBAT
MUNCHARO CONFECTİONERY AND BEVERAGE GIDA SANAYİ TİCARET LİMİTED ŞİRKETİ;MUSTAFA KEMALPAŞA MAH. HİLAL SK. BELKOL APT. SİTESBELKOL APT. NO: 52B;İSTANBUL;AVCILAR;(212) 0000000;http://export@muncharo.com;muncharo.com;İİB-HUBUBAT
AGN GROUP GIDA MADD. GERİ DÖN. VE HAYVANCILIK  YEM ÜRÜNL İNŞ. SAN VE TİC.LTD.ŞTİ;ARZULU MAH. İSTİKLAL CAD.  NO:10 ;TEKIRDAĞ;MURATLI;(282) 0000000;;;İİB-HUBUBAT
PFC GIDA ÜRETIM ITHALAT IHRACAT SANAYI VE TICARET A.S.;"BAKKAL SOKAK NO. 22 /8 , ARNAVUTKOY MAHALLESİ,";İSTANBUL;BEŞİKTAŞ;(212) 2870005;http://www.pfc.eco;pfc.eco;İİB-HUBUBAT
AYTEN EFENDİ FND DIŞ TİCARET;BARIŞ MAH. MEHMETÇİK CAD. NO: 2/2 İÇ KAPI NO: 28 ;İSTANBUL;BEYLİKDÜZÜ;(212) 0000000;;;İİB-HUBUBAT
AHMET BÖLÜKBAŞI;FATİH MAH.CUMHURİYET CAD.46 SOK.NO:8/A;KOCAELI;İZMİT;(262) 2261368;www.bolukbasigida.com.tr;bolukbasigida.com.tr;İİB-HUBUBAT
BİRLİK ENDÜSTRİYEL ÜRÜNLER SAN VE TİC LTD ŞTİ;HÜRRİYET MAH. ALTAN SK. NO:3/1;İSTANBUL;KARTAL;(216) 5262070;http://www.birlik.tc;birlik.tc;İİB-HUBUBAT
ARİON TARIM TİCARET LİMİTED ŞİRKETİ;ACIBADEM MH.ÇEÇEN SK.AKASYA AVM BLK.NO:25/259;İSTANBUL;ÜSKÜDAR;(216) 9995499;;;İİB-HUBUBAT
ARORA GLOBAL GIDA İTHALAT İHRACAT TİCARET LİMİTED ŞİRKETİ;ZEYTİNLİK MAH. FAZIL PAŞA SK. ERDEM NO: 3 B ;İSTANBUL;BAKIRKÖY;(212) 4657835;;;İİB-HUBUBAT
DELİCE ŞEKERLEME SANAYİ TİCARET LİMİTED ŞİRKETİ;VELİMEŞE OSB MAHALLESİ 223. SOKAK NO : 9/3 İÇ KAPI;TEKIRDAĞ;ÇORLU;(282) 0000000;;;İİB-HUBUBAT
MUTAMİN SAĞLIK SAN VE DIŞ TİC LTD ŞTİ;ESENTEPE MH MİLANGAZ CD DUMANKAYA VİZYON A2 BLOK D2;İSTANBUL;KARTAL;(216) 4256060;www.mutamin.com.tr;mutamin.com.tr;İİB-HUBUBAT
TETRA PAZARLAMA VE DIŞ TİC. A. Ş.;İKİTELLİ ORGANİZE SAN.BÖLGESİTÜMSAN SAN.SİTESİ 5/BLOK NO:10;İSTANBUL;BAŞAKŞEHİR;(212) 4851093;;;İİB-HUBUBAT
EREN AKGÜN MOKA TRADE GIDA TEKSTİL TİCARET;HOBYAR MAH.AŞIREFENDİ CAD. NO:13/3;İSTANBUL;FATİH;;;;İİB-HUBUBAT
GÜVENAL İÇ VE DIŞ TİC.LTD.ŞTİ.;RAMİ KIŞLA CAD. EMİNTAŞ 3 SAN.SİTESİ NO: 56-57-58 TOPÇULAR;İSTANBUL;EYÜP;(212) 5015381;;;İİB-HUBUBAT
OKUMUŞ ÇAY VE GIDA SANAYİ TİCARET A.Ş.;KERESTECİLER SİTESİ RAMİ KIŞLA CAD.  NO:6         DEMİRKAPI;İSTANBUL;EYÜP;(212) 5676919;www.guzelcay.com.tr;guzelcay.com.tr;İİB-HUBUBAT
XOACO BİLİŞİM GIDA TARIM HAYVANCILIK SANAYİ VE TİCARET LİMİTED ŞİRKETİ;DEMİRCİ MAH. DEMİRCİ YOLU CAD. NO:70;BURSA;NİLÜFER;(224) 2430840;;;İİB-HUBUBAT
EMİNE AÇIKGÖZ İKRAM LOKUMLARI;ULUS MAH. İSMETPAŞA CAD. 2 NOLU İŞ APT NO:28 A;İSTANBUL;BÜYÜKÇEKMECE;;;;İİB-HUBUBAT
EHG TEKSTİL GIDA İÇ VE DIŞ TİC.LTD.ŞTİ;ZAFER MAH. ŞELALE SOK NO:23 ;İSTANBUL;BAHÇELİEVLER;(212) 6303463;;;İİB-HUBUBAT
ORNES GIDA PAZ. VE TİC. A.Ş.;KAVACIK MAH. YURTSEVER SOK. NO:17 BEYKOZ;İSTANBUL;BEYKOZ;(216) 5655685;;;İİB-HUBUBAT
OYTAŞ OKUTGEN YEDEK PARÇ.TIC. VE SAN.A.Ş.;FERIDIYE CAD.NO:25/6;İSTANBUL;BEYOĞLU;0212-2502061;;;İİB-HUBUBAT
BERKAN SETARE UL. İTH. İHR.TİC LTD ŞTİ;MEHMET AKİF MAH. BURCU SK.NO: 11/1 İÇ KAPI NO :6;İSTANBUL;SULTANBEYLİ;(212) 4524404;;;İİB-HUBUBAT
ERKE ADK GIDA SAN VE TİC.LTD.ŞTİ;AKŞEMSETTİN MAH. 297 SOK FAT SAN SİT.SİT BLOK BAĞ 21 APT NO:25/1 ;İSTANBUL;ESENYURT;;;;İİB-HUBUBAT
KENDİ BAR ŞEKER GIDA SAN.İÇ VE DIŞ TİC.LTD.ŞTİ;BAKIR PİRİNC SAN.SİT.SARDUNYA CAD.NO:2-3;İSTANBUL;BEYLİKDÜZÜ;(212) 8752044;;;İİB-HUBUBAT
ORVİTAL ORGANİK GIDA ÜRÜNLERİ SAN VE TİC A.Ş.;BEYLERBEYİ MAH.MÜHÜRDAR ÇIKMAZI SOK.NO:2 İÇ KAPI:2;İSTANBUL;ÜSKÜDAR;(216) 5577524;www.orvital.com.tr;orvital.com.tr;İİB-HUBUBAT
HETAMAK İÇ VE DIŞ TİCARET LTD.ŞTİ;YENİ SANAYİ  SİT.1.BL.NO.8/A.AKŞEHİR;KONYA;AKŞEHİR;(332) 8133262;www.hetamak.com;hetamak.com;İİB-HUBUBAT
CORAL CLUB TURKEY GIDA SANAYİ VE TİCARET ANONİM ŞİRKETİ;ZZET PAŞA MAH. YENİ YOL CAD. NUROL TOWER BLOK NO: 3/141;İSTANBUL;ŞİŞLİ;(216) 9993548;;;İİB-HUBUBAT
NFEST GIDA PAZARLAMA VE SANAYİ TİCARET ANONİM ŞİRKETİ;GEBZE OSB MAH. İHSAN DEDE CAD. NO:122;KOCAELI;GEBZE;(262) 6465713;;;İİB-HUBUBAT
ABAY TAHILLI ÜRÜNLER IMALAT ITHALAT IHRACAT VE PAZARLAMA SANAYI ANONIM SIRKETI;İOSB MH.ESKOOP D BLK.SK.ESKOP EVREN SİT.D BLOK N.1-1;İSTANBUL;BAŞAKŞEHİR;(212) 4850400;http://www.abaygida.com.tr;abaygida.com.tr;İİB-HUBUBAT
AYPOP GIDA SANAYI TICARET ANONIM SIRKETI;BEYLIKDÜZÜ OSB MAH. 14. CAD. NO: 36;İSTANBUL;BEYLİKDÜZÜ;(212) 6890285;https://aypop.com/;aypop.com;İİB-HUBUBAT
GÖKTUĞ İHTİYAÇ MAD.ŞEKERLEME VE TOPTAN GID.MAD.SAN.TİC.A.Ş.;OSMAN GAZİ MAH.YILDIZHAN CD.KÖSE SK.NO:4 SARAY İŞ MERKEZİ SANCAKTEPE;İSTANBUL;SANCAKTEPE;(216) 3113470;www.sarayholding.com.tr;sarayholding.com.tr;İİB-HUBUBAT
ADEM ŞAHİN;UĞURLU MAH. ALABAŞLAR SOK NO:13/1;SAKARYA;KAYNARCA;(264) 0000000;;;İİB-HUBUBAT
ORGANIQUE GIDA ANONİM ŞİRKETİ;VİŞNEZADE MAH. SÜLEYMEN SEBA  CAD. NO:79 İÇ KAPI NO:1 ;İSTANBUL;BEŞİKTAŞ;(212) 8007968;www.organiquefoods.com;organiquefoods.com;İİB-HUBUBAT
YELDAN GIDA TEKSTİL İNŞ OTOMOTİV.LÜJİSTİK İTH.İHR.VE SAN.TİC.LTD.ŞTİ.;CEVİZLİ MAH. MUSTAFA KEMAL CAD.  NO:34/15;İSTANBUL;KARTAL;(216) 0000000;;;İİB-HUBUBAT
TAZE KAHVECİLİK GIDA SANAYİ TİCARET LİMİTED ŞİRKETİ;ATAKENT MAH. VERİM SK. NO:2;İSTANBUL;ÜMRANİYE;(216) 0000000;;;İİB-HUBUBAT
UBD GROUP GIDA SANAYİ VE TİCARET LİMİTED ŞİRKETİ;ATAKENT MAH 222.CADDE NO: 2 N / 17;İSTANBUL;KÜÇÜKÇEKMECE;(216) 3413535;;;İİB-HUBUBAT
BAFRA UN YEM GIDA SAN.VE TİC.A.Ş.;SAMSUN-SİNOP YOLU ÜZERİ KÖPRÜBAŞIMEVKİİ;SAMSUN;BAFRA;(362) 5520470;www.bafraeris.com - www.doreun.com;;İİB-HUBUBAT
NEOVİTAL İTHALAT VE İHRACAT ANONİM ŞİRKETİ;LEVENT MAH. ÇİLEKLİ CAD. GAZETECİLER SİTESİ 28/A-1 NO: 38 -;İSTANBUL;BEŞİKTAŞ;(212) 3565311;;;İİB-HUBUBAT
BOREAS EMLAKÇILIK DANIŞMANLIK GAYRİMENKUL TURİZM OTOMOTİV İÇ VE DIŞ TİC.LTD.ŞTİ.;KOZYATAĞI MAH. BAYAR CAD. DEMİRKAYA İŞ MERKEZİNO : 97/18;İSTANBUL;KADIKÖY;(216) 0000000;;;İİB-HUBUBAT
BİREYSA MODA GİYİM SAN VE TİC.A.Ş;HAVAALANI MAH. MEHMET AKİF İNAN CAD NO:36/4;İSTANBUL;ESENLER;(212) 5886056;;;İİB-HUBUBAT
MC PHARMA İLAÇ SAN. TİC. LTD. ŞTİ;KARTALTEPE MAHALLESİ NAZLI SOKAK NO:9 D:2;İSTANBUL;BAYRAMPAŞA;(212) 0000000;http://www.mcpharma.com.tr;mcpharma.com.tr;İİB-HUBUBAT
KUMOVA TİCARET EVCİL HAYVAN MALZEMLERİ VE YEMLERİ SATIŞI;GÜLBAHÇE MAH.ESKİ GEMLİK YOLU CAD. NO:137 /B;BURSA;OSMANGAZİ;(212) 4650333;;;İİB-HUBUBAT
AKİPEK POLYESTER ELYAF VE GIDA SAN.A.Ş.;KEMALETTİN MH. BOREKÇİ ALİ SOK. NO:2/301FATİH/ İSTANBUL;İSTANBUL;FATİH;;;;İİB-HUBUBAT
TATLISAN GIDA SANAYİ VE TİCARET LİMİTED ŞİRKETİ;ARDIÇLI MAH. DOĞAN ARASLI BLV. NO:226;İSTANBUL;ESENYURT;(212) 5521515;;;İİB-HUBUBAT
BEHİYE LOKUM SANAYİ TİCARET LİMİTED ŞİRKETİ;YARIMBURGAZ MAH. 2412. SOKAK NO: 3 B ;İSTANBUL;KÜÇÜKÇEKMECE;(212) 2654747;http://www.behiyeslokum.com.tr;behiyeslokum.com.tr;İİB-HUBUBAT
SÜTİŞ RESTORAN İŞLETMELERİ TURZ.SAN.VE TİC.A.Ş;ADNAN KAHVECİ MAH. SÜMER CAD. NO:3 ;İSTANBUL;BEYLİKDÜZÜ;(212) 8530573;;;İİB-HUBUBAT
SATGRUP GIDA SANAYI ANONIM SIRKETI;23 NİSAN MAH. 251. SOK NO 6A/G;BURSA;NİLÜFER;(224) 0000000;https://www.fabriekcoffee.com/;fabriekcoffee.com;İİB-HUBUBAT
AKCAN KİMYA SAĞLIK ÜRÜNLERİ SANAYİ VE TİCARET LİMİTED ŞİRKETİ;YAKUPLU MAH. 194. SK. - NO: 1 İÇ KAPI NO: 182;İSTANBUL;BEYLİKDÜZÜ;(212) 0000000;http://www.akcankimya.com;akcankimya.com;İİB-HUBUBAT
TATLI KARINCA GIDA TEKSTİL İTH.İHR.SANAYİ VE TİC.LTD.ŞTİ.;ESENEVLER MAH.1. EMİRDAĞ SK.NO:20;BURSA;YILDIRIM;(224) 3412035;www.tatlikarinca.com/www.karmelon.com;tatlikarinca.com;İİB-HUBUBAT
DİNÇER GIDA SAN.VE TİC.LTD.ŞTİ;ATATÜRK MAH.SANTRAL SU İŞİ CD.NO:37;İSTANBUL;ÜMRANİYE;02164430879;;;İİB-HUBUBAT
BEAN ALİVE KAHVE SANAYİ VE TİCARET ANONİM ŞİRKETİ;KOŞUYOLU MAH.ALİ NAZİMA SOK. NO:15 İÇ KAPI NO:2;İSTANBUL;KADIKÖY;(216) 0000000;;;İİB-HUBUBAT
ÇELENLİ OTOMOTİV TURZ. GID. İNŞ. DAY. TÜK. MALL.SAN. VE TİC. LTD. ŞTİ.;YENİYALI MAH.HAMİT KAPLAN BULVARI NO:66;KOCAELI;KÖRFEZ;(262) 5265858;www.burakpismaniye.com;burakpismaniye.com;İİB-HUBUBAT
FOREVER LIVING SAĞLIK VE GÜZEL LIK ÜR. DAĞ. LTD. ŞTİ.;ESENTEPE GAZETECILER SIT.SAGLAM FIKIR SK.NO :1;İSTANBUL;ŞİŞLİ;02122167124;www.flptr.com;flptr.com;İİB-HUBUBAT
NEFES KAHVE VE AJANS HİZM .SAN TİC.LTD.ŞTİ.;IKITELLI OS.MAH.TRIKO DOKUMACILAR M1 BLOK SOK TRİKO DOKUMACILAR SİT.MR BLOK APR.NO:R1L11 ;İSTANBUL;BAŞAKŞEHİR;(850) 3034879;www.kahveciayhan.com;kahveciayhan.com;İİB-HUBUBAT
SOLANA AVRASYA TARIM ÜRÜNLERİ SAN.TİC.A.Ş.;DEFTERDAR MAH.OTAKÇILAR CAD.NO:80 ;İSTANBUL;EYÜP;(212) 4677700;;;İİB-HUBUBAT
MA PLANT TIBBİ AROMATİK BİTKİ VE YAĞ SANAYİ TİCARET LİMİTED ŞİRKETİ;TEPECİK MAH. HOROZ ÇEŞME SK. NO:10;ÇANAKKALE;BAYRAMİÇ;(286) 0000000;;;İİB-HUBUBAT
SPECIALIZED CROPS SEED CORP TOHUM ÜRÜ. SAN.TİC AŞ;KONAKLAR MAH. SELVİLİ SK. EMLAK BANKASI APNO: 1/2 İÇ KAPI NO: 36;İSTANBUL;BEŞİKTAŞ;(212) 0000000;;;İİB-HUBUBAT
AKÇALI AGRO GIDA  SAN.VE TİC.LTD.ŞTİ;MERKEZ ÇÖKEKLER KÖYÜ;SAKARYA;ADAPAZARI;(264) 3793078;www.akcalitarim.com;akcalitarim.com;İİB-HUBUBAT
MAMA PHARMA GIDA SAN VE TİC AŞ;HALKALI MH BASIN EXPRES CD NO 9/26;İSTANBUL;KÜÇÜKÇEKMECE;(212) 0000000;;;İİB-HUBUBAT
BOZACILAR GIDA VE TEKSTİL TİCARET VE SANAYİ LİMİTED ŞİRKETİ;VEYSEL KARANİ MAH. VENÜS SOKAK NO.2;BURSA;OSMANGAZİ;(224) 2158335;www.omurboza.com;omurboza.com;İİB-HUBUBAT
FETİH YUFKA GIDA VE UNLU MAMÜLLERİ LİMİTED ŞİRKETİ;NENEHATUN MAH. AZİME SK. NO: 50A;İSTANBUL;ARNAVUTKÖY;(212) 0000000;;;İİB-HUBUBAT
YARIN GIDA DANISMANLIK VE TICARET LIMITED SIRKETI;BATTALGAZI MAH. ENDÜLÜS SK. SULTAN SAN. SIT.D BLOK NO: 24 D1/59 IÇ KAPI NO: 1;İSTANBUL;SULTANBEYLİ;(216) 5921188;www.yarindns.com;yarindns.com;İİB-HUBUBAT
ZEYTUNİ CORE KOZMETİK SANAYİ TİCARET İTHALAT İHRACAT LİMİTED ŞİRKETİ;KAYABASI MAH. ADNAN MENDERES BLV. PARK MAVERA1. ETAP A03 BLOK NO: 10 CG;İSTANBUL;BAŞAKŞEHİR;(212) 4524594;;;İİB-HUBUBAT
TADIMİS GIDA UNLU MAMÜLLERİ İNŞ.SAN.VE TİC.LTD.ŞTİ.;MEHMET AKİF MAH. BEKTAŞOĞLU SOK. NO: 6 A İÇ KAPI NO. 1 SULTANBEYLİ;İSTANBUL;SULTANBEYLİ;(216) 0000000;;;İİB-HUBUBAT
YASİN YILDIZ;CUMHURİYET MAH. NUROL SK. NO:37 B;İSTANBUL;ÜSKÜDAR;(216) 0000000;http://yasinyildiz0666@icloud.com;icloud.com;İİB-HUBUBAT
YILDIZ BİTKİSEL ÜRÜNLER TOHUMCULUK VE TARIM SANAYİ ANONİM ŞİRKETİ;ALTUNİZADE MAH. MAHİR İZ CAD. NO:41/2;İSTANBUL;ÜSKÜDAR;(282) 2620010;http://www.yildizbitkisel.com.tr;yildizbitkisel.com.tr;İİB-HUBUBAT
RUMİ GRAİN DIŞ TİCARET A.Ş.;YAMANEVLER MAHALLESİ SİTEYOLU CADDESİ ANEL İŞ MERKNO:5/28;İSTANBUL;ÜMRANİYE;(216) 0000000;;;İİB-HUBUBAT
SAHA ÇİKOLATA ŞEKERL.VE GIDA SAN. TİC.LTD.ŞTİ;AKÇABURGAZ MAH. 4CAD. 153 SOK. NO:12;İSTANBUL;ESENYURT;(212) 8868050;www.sahagida.com;sahagida.com;İİB-HUBUBAT
ALEMAX DENİZCİLİK VE GEMİ İŞLETMECİLİĞİ TİCARET LİMİTED ŞİRKETİ;İÇMELER MAH.AYDINLI YOLU CAD. NO:34 İÇ KAPI NO:4;İSTANBUL;TUZLA;(216) 5107840;http://www.alemaxshipping.net;alemaxshipping.net;İİB-HUBUBAT
YAZ BAHARAT KARIŞIMLARI VE GIDA KATKI MAD.YAPI.TAAH.SAN.TİC.LTD.ŞTİ;İ.O.S.B MUTFAKÇILAR SAN SİT 14 CAD. M-4 BLOK NO:35 ;İSTANBUL;BAŞAKŞEHİR;(212) 4850811;www.yazfood.com;yazfood.com;İİB-HUBUBAT
GÜRHAK GIDA KIMYEVİ MADD.AMB. BİLG.ELK.SAN.VE DIŞ TİC.LTD.ŞTİ;BRBAROS MAH. FESLEYEN SOK UPHILL COURT A-3 BLOK NO:1-B;İSTANBUL;ATAŞEHİR;02164226245;;;İİB-HUBUBAT
İNNOVİST İLAÇ VE MEDİKAL ÜRÜNLER SAN VE TİC LTD ŞTİ;MARMARA MH ÖNDER CD 7D D8;İSTANBUL;BEYLİKDÜZÜ;(212) 0000000;;;İİB-HUBUBAT
YAM FOR TRADİNG DIŞ TİCARET LİMİTED ŞİRKETİ;ZİYA GÖKALP MAH. SÜLEYMAN DEMİREL BLV. THE OFFICE NO: 7 E İÇ KAPI NO: 136 ;İSTANBUL;BAŞAKŞEHİR;(212) 0000000;;;İİB-HUBUBAT
TRUE OTOMOTİV BİLİŞİM TEKNOLOJİLERİ TİCARET LİMİTED ŞİRKETİ;MUSTAFA KEMALPAŞA MAH. FİDAN SK. BUYUK TOSUN APTBUYUK TOSUN APT. NO: 28 B;İSTANBUL;AVCILAR;(212) 0000000;;;İİB-HUBUBAT
AR İŞ TARIM ÜRÜNLERİ ANONİM ŞİRKETİ;HALKALI MERKEZ MAH. DEREBOYU CAD. NO: 4 /87;İSTANBUL;KÜÇÜKÇEKMECE;(212) 8927655;;;İİB-HUBUBAT
ALPSAN KİMYA PAZARLAMA TEMİZLİK EKİPMANLARI SANAYİVE TİCARET LİMİTED ŞİRKETİ;KARAYOLLARI MAH HEKIMSUYU CAD NO 559 SOK NO 8/163;İSTANBUL;GAZİOSMANPAŞA;(212) 6172881;;;İİB-HUBUBAT
ZERİ GIDA KOZMETİK SANAYİ VE TİCARET LİMİTED ŞİRKETİ;MERKEZ MAH. SEÇKIN SK. Z OFİS NO:2-4A/226;İSTANBUL;KAĞITHANE;(212) 4381695;;;İİB-HUBUBAT
GENNOVA DIŞ TİCARET LTD ŞTİ;İNCİLLİ MAH. ATATÜRK BUL. NO: 16 İÇ KAPI NO: 14;SAKARYA;KARASU;(264) 0000000;;;İİB-HUBUBAT
ASGEN TARIM TİCARET A.Ş.;OTAKÇILAR CAD. NO:62;İSTANBUL;EYÜP;(212) 4677750;;;İİB-HUBUBAT
KAYITAŞ GIDA VE YEM SANAYİ LİMİTED ŞİRKETİ;KERVANSARAY MAH FÜME SOK. NO:22;İSTANBUL;ŞİLE;(216) 0000000;http://www.kayitasgida.com;kayitasgida.com;İİB-HUBUBAT
ANGORAM GIDA VE TARIM ÜRÜNLERİ İÇ VE DIŞ TİC.LTD.ŞTİ.;TATÜRK MAH.ERTUĞRUL GAZİ SOK. METROPOL İSTANBUL A BLOK NO:2 E / 554;İSTANBUL;ATAŞEHİR;(216) 4569240;;;İİB-HUBUBAT
SANCAK UÇAK İÇİ SERVİSLERİ ANONİM ŞİRKETİ;TAYAKADIN MAH.NURİ DEMİRAĞ CAD.NO:8;İSTANBUL;ARNAVUTKÖY;(212) 5925060;;;İİB-HUBUBAT
BİOLANDES GÜL SAN.VE TİC.A.Ş.;GÖLCÜK YOLU ÜZERI YAKAÖRENKÖYÜ;ISPARTA;MERKEZ;(246) 2479089;www.biolandes.com;biolandes.com;İİB-HUBUBAT
AHMET KALÇA;BAĞLARBAŞI MH YENİ ÇIKMAZI SK NO 5A;İSTANBUL;MALTEPE;(216) 0000000;;;İİB-HUBUBAT
MEHMET ASIF GAZCI;İSTOÇ 10. ADA NO:70 ;İSTANBUL;BAĞCILAR;(212) 6596797;;;İİB-HUBUBAT
SUMITOMO CORPORATION DIS TICARET A.S.;ESENTEPE MAH. BÜYÜKDERE CAD. FERKO SİGNATURE PLAZA NO 175 KAT:20 ;İSTANBUL;ŞİŞLİ;02122902560;;;İİB-HUBUBAT
SİSMİK ISITMA SOĞUTMA VE GÜVENLİK SİS.SAN TİC..A.Ş.;OKMEYDANI PERPA TİC.MERKEZİ A.BLOK K.5.NO:309. ŞİŞLİ;İSTANBUL;ŞİŞLİ;(212) 2222919;;;İİB-HUBUBAT
MAYTECH ENDÜSTRİYEL GIDA VE SAN TİC LTD ŞTİ;ATATÜRK MAH. ÇEVREYOLU CAD.76 E BLOK NO:76/3 Z04;KIRKLARELI;LÜLEBURGAZ;(288) 5021818;;;İİB-HUBUBAT
HEAL GLOBAL İÇ VE DIŞ TİC. A.Ş.; VEYSEL KARANİ MAH.ÇOLAKOĞLU SK RINGS BLOK NO:10/6;İSTANBUL;SANCAKTEPE;(216) 2221010;;;İİB-HUBUBAT
ELTES GIDA SANAYİ VE TİCARET ANONİM ŞİRKETİ;MECLİS MH. SEMİH SANCAR CAD. NO:11/A;İSTANBUL;SANCAKTEPE;(850) 2246699;;;İİB-HUBUBAT
ALFA LOJİSTİK SAN VE TİC.LTD.ŞTİ.;ZUHURATBABA MAH. LEVENTLER SOK  NO:6;İSTANBUL;BAKIRKÖY;(212) 0000000;www.alfalojistik.com;alfalojistik.com;İİB-HUBUBAT
DAPHNE TRADE İÇ VE DIŞ TİCARET LİMİTED ŞİRKETİ; KÜÇÜKBAKKALKÖY MAH.SELVİLİ SK. NO:4 İÇ KAPI NO:20;İSTANBUL;ATAŞEHİR;(216) 7473607;http://www.daphneph.com;daphneph.com;İİB-HUBUBAT
REFLEKS İÇ VE DIŞ TİCARET SANAYİ ANONİM ŞİRKETİ;BARBAROS HAYRETTİNPAŞA MAH.2288 SK.TÜRKBÜKÜ RESIDENCE NO:1/35;İSTANBUL;ESENYURT;(212) 0000000;;;İİB-HUBUBAT
UĞURCAN ORGANİK GIDA TUR SAN VE TİC LTD ŞTİ;YENİKÖY MH ADNAN KAHVECİ CD NO 114/2;İSTANBUL;SARIYER;(212) 3207938;www.lissiyafarm.com;lissiyafarm.com;İİB-HUBUBAT
PRİME GRUP MADENC. GIDA TEKSTİL İNŞ.ORMAN.ÜR.ELE.ELEKT.MAK.OTO.KİM.END. MAD. SAN.VE DIŞ TİC.LTD.ŞTİ;AKÇABURGAZ MAH. 1592 SOK ALKOP SAN. SİT A5 BL 21/2;İSTANBUL;ESENYURT;(212) 8580062;;;İİB-HUBUBAT
MOHAMAD SAIED MOHAMAD;HÜRRİYET MAH GÜNGÖREN SK. BIRLIK APT NO 7A;İSTANBUL;BAHÇELİEVLER;(212) 0000000;http://samapastry.com;samapastry.com;İİB-HUBUBAT
VEDAT ALACALI ZRİ.İLTOH.TAR.ÜRÜNL.ÜRETİM.TİC.VE SAN .LTD.ŞTİ;DR.RÜRTÜ ÖZÜT CAD. SOK 40 NO:9    16700 KARACABEY;BURSA;KARACABEY;(224) 6762016;www.vatohum.com;vatohum.com;İİB-HUBUBAT
MAHZEN İNŞAAT GIDA SANAYİ VE TİCARET LİMİTED ŞİRKETİ;BATTALGAZİ MAH. SARAYPATI SK. AYTOP SİTESİB BLOK NO: 2/4;İSTANBUL;SULTANBEYLİ;(216) 0000000;;;İİB-HUBUBAT
B2GOOD İÇ VE DIŞ TİC.A.Ş;SOĞANLIK YENİ MAH. BALIKESİR CADRECİDANCE UPRİCE ELİT C 1 AB  BLOK NO:6/201;İSTANBUL;KARTAL;(212) 2923035;;;İİB-HUBUBAT
PRESTİJ ÇİKOLATA SAN VE TİC LTD ŞTİ;YENİBOSNA KAVAK SK B BLOK NO 28/3;İSTANBUL;BAHÇELİEVLER;(212) 4369068;www.milatchocolate.com;milatchocolate.com;İİB-HUBUBAT
EFES GIDA PAZARLAMA SANAYİ VE TİCARET LİMİTED ŞİRKETİ;ŞERİFALİ MAH. HATTAT SK. NO: 16 A;İSTANBUL;ÜMRANİYE;(216) 5154025;;;İİB-HUBUBAT
TAYAŞ MAGAZACILIK GIDA TİC.VE SAN A.Ş;G.O.S.B. İHSAN DEDE CAD.800.SOK.NO:122;KOCAELI;GEBZE;(262) 6465713;;;İİB-HUBUBAT
CAMPİONE GIDA TURİZM İNŞ. İÇ VE DIŞ TİC.LTD.ŞTİ.;YEŞİKKÖY MAH KULİP SOK NO:3/1 ;İSTANBUL;BAKIRKÖY;(212) 5404400;;;İİB-HUBUBAT
BN FOOD GIDA SANAYİ VE TİCARET LTD. ŞTİ.;ABAĞLAR MAH. 4. SOK. NO:19/59;İSTANBUL;BAĞCILAR;(212) 0000000;;;İİB-HUBUBAT
ZİON GIDA TARIM VE HAYVANCILIK LTD. ŞTİ;YENİŞEHİR MAH. MANOLYA SK. ÇAM KOZA RESİDANCE  NO: 2 J İÇ KAPI NO: 3;İSTANBUL;PENDİK;(212) 2488144;;;İİB-HUBUBAT
AHMED MOHAMED SALEM İSMAEL AL;PINAR MAH. 1246 SOK NO:31/1 ;İSTANBUL;ESENYURT;(212) 0000000;;;İİB-HUBUBAT
MACKAY MARINE DENİZCİLİK LİMİTED ŞİRKETİ;BATI MAH. ESKİ LİSE SK. NO: 19 İÇ KAPI NO: 3 ;İSTANBUL;PENDİK;(216) 5741043;;;İİB-HUBUBAT
EZZ ALSHAM SWEETS İÇ VE DIŞ TİCARET LTD ŞTİ;YAKUPLU MAH DEREBOYU CDNO25/A İÇ KAPI NO:3;İSTANBUL;BEYLİKDÜZÜ;(212) 0000000;;;İİB-HUBUBAT
METEHAN KAHVE KAKAO ÜRÜNLERİ SANAYİ VE TİCARET ANONİM ŞİRKETİ;BATTALGAZİ MH. GARDENYA SK. NO:2/1 ;İSTANBUL;SULTANBEYLİ;(216) 0000000;https://metehancoffee.com/;metehancoffee.com;İİB-HUBUBAT
GLOBAL BAKLİYAT DIŞ TİCARET LİMİTED ŞİRKETİ;MESİHPAŞA MAH. MESİHPAŞA CAD. AKSA IŞ MERKEZI NO:8D:405;İSTANBUL;FATİH;(212) 0000000;;;İİB-HUBUBAT
AKİP GIDA SANAYİ TİC .AŞ.;ETİLER AKATLAR TEPECİK YOLU ALKENT F BLOK NO:7-8;İSTANBUL;BEŞİKTAŞ;(212) 3527783;www.butterfly.com;butterfly.com;İİB-HUBUBAT
PELVORA ULUSLARARASI TİCARET VE SANAYİ LİMİTED ŞİRKETİ;YENİBOSNA MERKEZ MAH. 1.ASENA SK. EMLAK KONUT SİT.D NO: 23D İÇ KAPI NO: 61;İSTANBUL;BAHÇELİEVLER;(212) 0000000;;;İİB-HUBUBAT
POLEN FEED YEM VE GIDA TAKVİYELERİ ANONİM ŞİRKETİ;SALİHLİ OSB MAH.302 CAD. FARMAVET NO:21;MANISA;SALİHLİ;;www.farmavet.com.tr;farmavet.com.tr;İİB-HUBUBAT
RENBA GIDA SANAYİ VE TİCARET LİMİTED ŞİRKETİ;CEVİZLİ MAH. TUGAY YOLU CAD. OFİSİM İSTANBULA BLOK NO: 20A / 1 ;İSTANBUL;MALTEPE;(216) 7065638;;;İİB-HUBUBAT
NOVA ÇİKOLATA SANAYİ TİCARET LİMİTED ŞİRKETİ;YUNUS EMRE MAH.AMBER SK.NO:3A;İSTANBUL;SANCAKTEPE;(216) 0000000;;;İİB-HUBUBAT
BOSPHORUS İSTANBUL GIDA SANAYİ TİCARET LİMİTED ŞİRKETİ;KEMALPAŞA MAH. GENÇTÜRK CAD. UĞUR APT NO: 59 İÇ KAPI NO: 1;İSTANBUL;FATİH;;https://www.bosphorusgida.com/pages/kurumsal;bosphorusgida.com;İİB-HUBUBAT
SIMSIM SUSAM GIDA VE TEMIZLIK ÜRÜNLERI PAZARLAMA ITHALAT IHRACAT LIMITED SIRKETI;15 TEMMUZ MAH. 1412. SK. UYGUR APT. NO: 11 IÇ KAPINO:1;İSTANBUL;BAĞCILAR;(212) 6561104;;;İİB-HUBUBAT
HACI ŞERİF GIDA PAZARLAMA İTH.İHR.SAN.VE TİC.LTD.ŞTİ.;HACIEYÜPLÜ MAHALLESİ 3123 SOKAK NO:1;DENIZLI;MERKEZ;(258) 2117704;www.gimamarketing.com;gimamarketing.com;İİB-HUBUBAT
PİENSO TARIM HAYVANCILIK YEM VE GIDA SANAYİ TİCARET LİMİTED ŞİRKETİ;MASLAK MH.AOS 55.SK.42 MASLAK A BLOK NO:2/25;İSTANBUL;SARIYER;(212) 0000000;https://piensoyem.com/;piensoyem.com;İİB-HUBUBAT
HELEX HEALTHCARE İLAÇ VE KOZMETİK SANAYİ LİMİTED ŞİRKETİ;YENİŞEHİR MAH. SÜMBÜL SOKAK B BLOK NO 6/2 84 ;İSTANBUL;PENDİK;(216) 0000000;;;İİB-HUBUBAT
TANNOR AL ASR GIDA MAKİNA SAN VE TİC LTD ŞTİ;ALTINŞEHİR MAHALLESİ . CEYLAN SOKAK. NO:74/1;İSTANBUL;ÜMRANİYE;(216) 4666665;https://asrintandiri.com.tr/;asrintandiri.com.tr;İİB-HUBUBAT
PANELLA GIDA SANAYİ PAZARLAMA VE TİCARET ANONİM ŞİRKETİ;SANAYİ MH. PETROL SK. NO:15/1B;KOCAELI;İZMİT;(262) 5021135;http://www.panellagida.com;panellagida.com;İİB-HUBUBAT
ORLIFE GLOBAL İÇ VE DIŞ TİC. A.Ş.;HALİL RIFAT PAŞA MAH. NAZLI SOK NO:1-5 İÇ KAPI NO:18 ;İSTANBUL;ŞİŞLİ;(212) 0000000;;;İİB-HUBUBAT
EKSAN MUHALLEBİ ÜRÜNLERİ SAN. VE TİC. LTD. ŞTİ.;YENİDOĞAN MH.ABDİ İPEKÇİ CAD. BALTAŞ S.SANAYİ SİT.N.157 D:15;İSTANBUL;BAYRAMPAŞA;(212) 5521515;;;İİB-HUBUBAT
SWİTZ GIDA SAN.VE TİC.A.Ş;FERHATPAŞA MAH.ANADOLU CADG-45 SK.NO-48;İSTANBUL; ;(216) 6613838;;;İİB-HUBUBAT
TOBİ TEKSTİL TURZ. VE DIŞ TİC. LTD. ŞTİ.;AKSARAY MAH.MANASTIRLI RIFAT SK.NO:10;İSTANBUL;FATİH;(212) 2332922;www.tobicompanyltd.com;tobicompanyltd.com;İİB-HUBUBAT
PENNE GIDA SAN. VE TİC.A.Ş;İOSB ATATÜRK BULVARI DEPOSİTE İŞ MERK. A 5 BLOK K:3 NO:307;İSTANBUL;BAŞAKŞEHİR;(212) 5499350;www.pennegida.com;pennegida.com;İİB-HUBUBAT
GGR DIŞ TİCARET LTD. ŞTİ.;YAMANEVLER MAH. DR. FAZIL KÜÇÜK CAD. AVRUPA KONUT.SİTESİ 6. BLOK NO: 8/1F İÇ KAPI NO: 162 ;İSTANBUL;ÜMRANİYE;(216) 0000000;http://www.ggrfoods.com;ggrfoods.com;İİB-HUBUBAT
VAVELA GIDA SAN İÇ VE DIŞ TİC.LTD.ŞTİ;NİSBETİYE MAH. YÜCEL SOK ARICAN SİT  B BLOK NO:3/9;İSTANBUL;BEŞİKTAŞ;;;;İİB-HUBUBAT
NOMADS DIŞ TİCARET VE DANIŞMANLIK LİMİTED ŞİRKETİ;MEHMET AKİF MAH. ŞANLI CAD. ROYAL PARK RESİDANCENO: 18 İÇ KAPI NO: 39;İSTANBUL;ÜMRANİYE;(212) 5441516;;;İİB-HUBUBAT
GOLDEN ROOT TURİZM EĞİTİM SANAYİ TİCARET LİMİTED ŞİRKETİ;MEHMET AKİF ERSOY MAH.GÜNEŞ SK NO:14 İÇ KAPI NO:11;İSTANBUL;KAĞITHANE;(216) 2905181;http://www.goldenroot.com;goldenroot.com;İİB-HUBUBAT
HADİ PHARMA İLAÇ KOZMETİK  GIDA SANAYİ VE DIŞ TİCARET LİMİTED ŞİRKETİ;İKİTELLİ OSB MAH. GİYİM SANATKARLARI 4B BLOK SOKTİCARET MERKEZİ 4B BLOK NO 4B İÇ KAPI NO 409 .;İSTANBUL;BAŞAKŞEHİR;(212) 0000000;;;İİB-HUBUBAT
HERSAN HELVA REÇEL SAN. A.Ş.;INCIR TEPE MH. DOĞANARASLI CD.229.SK NO:3;İSTANBUL;ESENYURT;(212) 4285959;www.doyum.com.tr;doyum.com.tr;İİB-HUBUBAT
MİLL STAR GIDA SAN VE DIŞ TİC.A.Ş;1. ORGANİZE SANAYİ BÖLGESİ GAZİ BULVARI NO:10/1 ;BILECIK;MERKEZ;(228) 2160605;;;İİB-HUBUBAT
INNOVOSS SAĞLIKLI YAŞAM ÜRÜNLERİ VE DANIŞMANLIK TİC. LTD.ŞTİ;ZÜHTÜPAŞA MAH. KIZILTOPRAK REŞİTPAŞA SOK. 16/1-1;İSTANBUL;KADIKÖY;(216) 4170802;http://www.innovoss.com;innovoss.com;İİB-HUBUBAT
PROTEİN STÜDYO  GIDA SAN. VE TİC.A.Ş.;GİRNE MAH.IRMAKLAR SOK. KÜÇÜKYALI İŞ MERK.NO:72-11B/1;İSTANBUL;MALTEPE;(216) 3888889;;;İİB-HUBUBAT
ERVİN MEŞRUBAT SANAYİ VE TİCARET LİMİTED ŞİRKETİ;KARAYOLLARI MAH. 564 SOK  NO:4 KAT:3 ;İSTANBUL;GAZİOSMANPAŞA;(212) 0000000;;;İİB-HUBUBAT
DARK BLUE GIDA TEKSTİL İTHALAT İHRACAT SANAYİ VE TİCARET LİMİTED ŞİRKETİ;GÖZTEPE MAH. BATIŞEHİR CAD. BATIŞEHİR K BLOKNO: 2 /2 İÇ KAPI NO: 115;İSTANBUL;BAĞCILAR;(212) 5200457;;;İİB-HUBUBAT
LARİX KİMYA SANAYİ VE TİCARET LİMİTED ŞİRKETİ;TARABYA MAH. ALACA SARMAŞIK SK. NO: 3 İÇ KAPI NO: ;İSTANBUL;SARIYER;(212) 0000000;;;İİB-HUBUBAT
SAMUR PASTACILIK EKİPMANLARI GIDA İTH İHR SAN LTD ŞTİ;BATTALGAZİ MH SARDUNYA SK AYTOP GIDA SİT F BLOK F9 6/1;İSTANBUL;SULTANBEYLİ;(216) 0000000;;;İİB-HUBUBAT
BEYLERBEYİ LOKUM GIDA SANAYİ VE TİCARET LİMİTED ŞİRKETİ;ÖMERLİ MAH. SECİYE SK. ÖZENLER OTOMOTİV NO: 10/2;İSTANBUL;ARNAVUTKÖY;(212) 0000000;;;İİB-HUBUBAT
ZAMBO GIDA SAN. VE TIC. A.Ş.;AKÇABURGAZ ÇİFTLİĞİ HADIMKÖYASFALTI NO:104;İSTANBUL;BÜYÜKÇEKMECE;(212) 8865038;;;İİB-HUBUBAT
ROMDO GIDA SAN TİC LTD ŞTİ;SARIGÖL MH ORDU CD NO 69-71;İSTANBUL;GAZİOSMANPAŞA;(212) 4274008;www.romido.com.tr;romido.com.tr;İİB-HUBUBAT
MORAD TATLI GIDA VE RESTORAN KAFE İTHALAT İHRACAT LİMİTED ŞİRKETİ;HAVAALANI MAH. GÖNLÜM SK. ESENLER KONUTLARI BLOK NO:47S/191;İSTANBUL;ESENLER;(212) 0000000;https://morad-sweets.com;morad-sweets.com;İİB-HUBUBAT
CORTEC LOJİSTİK GIDA İTH.İHR.SAN VE TİC.LTD.ŞTİ.;YENİŞEHİR MAH. OSMANLI BLV AEROPARK SİT A BLOKNO:11 A/28;İSTANBUL;PENDİK;(216) 0000000;;;İİB-HUBUBAT
SARAY ŞEKERLEME TATLI GIDA OTOMOTİV SANAYİ VE TİCARET LİMİTED ŞİRKETİ;YUNUSELİ MAH.4. YAZICI SOK. NO:2-4/2;BURSA;OSMANGAZİ;(224) 0000000;;;İİB-HUBUBAT
GAMA TRADE TARIM ÜRÜNLERİ DIŞ TİC LTD ŞTİ;GÖKEVLER MAHALLESİ 2312 SOKAK NO: 16C OFFİCE:96 HADIMKÖY KAVŞAĞI GİNZA CORNER OFİS BİNASI ;İSTANBUL;ESENYURT;(212) 0000000;;;İİB-HUBUBAT
YAKUP OLAŞ ELİTA ÇİKOLATA;KARAYOLLARI MAH.FATİH CAD.NO:82 B;İSTANBUL;GAZİOSMANPAŞA;(212) 0000000;;;İİB-HUBUBAT
SUGAROUTE ULUSLARARASI LOJİSTİK TURİZM VE DIŞ TİCARET LİMİTED ŞİRKETİ; ADNAN KAHVECİ MAH. YAVUZ SULTAN SELİM BUL.JETKENT1 SİTESİ B3-A NO: 7B İÇ KAPI NO: 12;İSTANBUL;BEYLİKDÜZÜ;(212) 0000000;www.sugaroute.com;sugaroute.com;İİB-HUBUBAT
3ACE GIDA SANAYİ PAZARLAMA VE DIŞ TİCARET LİMİTED ŞİRKETİ;YAKUPLU MH. HÜRRİYET BULVARI SKYPORT RESİDENCE NO: 1 D: 64;İSTANBUL;BEYLİKDÜZÜ;(850) 3092495;;;İİB-HUBUBAT
GLOBAL KAHVE PERAKENDECİLİĞİ GIDA SAN. VE TİC. A.Ş.;SAHRAYICEDİT MAH. BATMAN SK. NO: 18 İÇ KAPI NO: 2;İSTANBUL;KADIKÖY;(216) 3856232;http://www.cariboucoffee.com.tr;cariboucoffee.com.tr;İİB-HUBUBAT
BLOOM GUSTO GIDA SANAYİ TİCARET LİMİTED ŞİRKETİ;ORTAKÖY MAH. TİBET SK. NO: 6/1 ;İSTANBUL;SİLİVRİ;(850) 3080212;http://www.bloomgusto.com.tr;bloomgusto.com.tr;İİB-HUBUBAT
OYPAŞ FISTIKÇILIK VE FISTIK ENTG.TES.TİC.VE SAN.LTD.ŞTİ.;KARATAŞ MAH. ATATÜRK CAD. NO :28CEVDETİYE KASABASI;OSMANIYE;MERKEZ;(328) 8144108;;;İİB-HUBUBAT
BİOES İÇ VE DIŞ TİCARET LİMİTED ŞİRKETİ;MAHMUTBEY MAH. 2445. SK. NO: 120;İSTANBUL;BAĞCILAR;;;;İİB-HUBUBAT
GAZCI GIDA SAN.VE DIŞ TIC.LTD. ŞTI.;ISTOC 10.ADA NO:70;İSTANBUL;BAĞCILAR;02126591258;;;İİB-HUBUBAT
REMZİ DURAK - NATURALS BİTKİSEL ÜRÜNLER;YAVUZ SULTAN MAH.KÖRFEZ CAD.UYUM SİT.A BLOK16/3/Z;KOCAELI;DERİNCE;(262) 3212838;;;İİB-HUBUBAT
YENİHAYAT GIDA VE YAPI LİMİTED ŞİRKET;CADDEBOSTAN MAH.18 MART SK.PARK APT.BLOK NO: 7/1/2;İSTANBUL;KADIKÖY;(216) 0000000;;;İİB-HUBUBAT
HARE DANIŞM.EGİTİM GIDA SAN.TİC.LTD.ŞTİ.;BEYLİKDÜZÜ OSB MAH.3 CADDE HGS İNŞ CORNER  OFFİCE NO:8/9;İSTANBUL;BEYLİKDÜZÜ;(212) 0000000;;;İİB-HUBUBAT
AHRAR İTHALAT VE İHRACAT LİMİTED ŞİRKETİ;MERKEZ MAH. MARMARA CAD. YUSUF ÇAVUŞ İŞ MERKEZİ NO35;İSTANBUL;AVCILAR;(212) 0000000;;;İİB-HUBUBAT
ENED GLOBAL TEKNOLOJI LIMITED SIRKETI;ESENTEPE MAH. SİLAHTARAĞA CAD NO:203/1;İSTANBUL;EYÜP;(212) 0000000;;;İİB-HUBUBAT
MURAD FARMA KİMYA TIBBİ MALZ. SAN VE DIŞ TİC LTD ŞTİ;MERKEZEFENDİ MEVLANA CD TERCÜMAN A10 1/6/51;İSTANBUL;ZEYTİNBURNU;(212) 5057585;;;İİB-HUBUBAT
UMA SU ÜRÜNLERİ GIDA SANAYİ TİCARET LİMİTED ŞTİ;ABDURRAHMAN NAFİZ GÜRMAN MAH. GÜNDOĞDU SK. CANLILAR APT.NO:9/C;İSTANBUL;GÜNGÖREN;(212) 8307246;;;İİB-HUBUBAT
MARSUP KUMANYACILIK ULAŞTIRMA İÇ VE DIŞ TİCARET LİMİTED ŞİRKETİ;ŞAHİNTEPE MAH. LALEZAR SK. İGTOT ÇARŞISI SİTESİ 7 BLOK NO: 4M İÇ KAPI NO: Z08;İSTANBUL;BAŞAKŞEHİR;(212) 0000000;;;İİB-HUBUBAT
MİDAN DIŞ TİCARET LİMİTED ŞİRKETİ;İKİTELLİ OSB MAH. GİYİM SANATKARLARI 3C BLOK SK. 3C/122 ;İSTANBUL;BAŞAKŞEHİR;(212) 6719271;;;İİB-HUBUBAT
FLORA FOOD MANUFACTURING TURKEY GIDA ÜRETIM ANONIM SIRKETI;BARBAROS MAH. BEGONYA SOK NİDAKULE ATAŞEHİR KUZEY NO:3/130;İSTANBUL;ATAŞEHİR;(216) 5191455;www.upfield.com;upfield.com;İİB-HUBUBAT
ERTAŞ GLOBAL LOJISTIK-RECAİ ERTAŞ;ATATÜRK MAH.33.ADA YAKUT 4BLOK K:4D:15 ATAŞEHİR İS;İSTANBUL;ATAŞEHİR;(216) 4557488;;;İİB-HUBUBAT
ENVAI COFFEE HOUSE GIDA SANAYI VE TICARET LIMITED SIRKETI;GAYRETTEPE MAH. GÖNENOGLU SK. ERGÜN POLAT APT.NO: 2 C IÇ KAPI NO: 1;İSTANBUL;BEŞİKTAŞ;(212) 0000000;;;İİB-HUBUBAT
NOLOVE BLİSS GLOBAL DIŞ TİCARET SANAYİ ANONİM ŞİRKETİ;ZÜHTÜPAŞA MAH.ŞEFİKBEY SK.3;İSTANBUL;KADIKÖY;(216) 0000000;;;İİB-HUBUBAT
MAXİMUM DANIŞMANLIK GAYRİMENKUL YATIRIM TİCARET LİMİTED ŞİRKETİ;SEYMEN MAH.HÜRRİYET CAD.NO:132/A BAŞİSKELE ;KOCAELI;BAŞİSKELE;(262) 0000000;;;İİB-HUBUBAT
AKYÜZ GIDA ELEKTRONİK İNŞAAT TURİZM OTOMOTİV SANAYİ VE TİCARET LİMİTED ŞİRKETİ;MEŞRUTİYET MAH. MADALYON SOK. GÜLER APT. NO:8/1 ;İSTANBUL;ŞİŞLİ;(212) 0000000;;;İİB-HUBUBAT
ORAWAY GIDA SANAYİ VE TİCARET LİMİTED ŞİRKETİ;BALÇIK MAHALLESİ PELİTLİ CADDESİ NO: 36 A;KOCAELI;GEBZE;(262) 9994409;https://orangecommodities.com/;orangecommodities.com;İİB-HUBUBAT
BUYRUK YEM VE EVCİL HAYVAN ÜRÜNLERİ DIŞ TİCARET LİMİTED ŞİRKETİ;İKİTELLİ OSB MAH. DERSAN B BLOK SK B BLOK NO:1 İÇ KAPI NO:68;İSTANBUL;BAŞAKŞEHİR;(212) 0000000;;;İİB-HUBUBAT
LEYLAK GIDA HAYVANCILIK VE TARIM ÜRÜNLERİ DIŞ TİCARET LİMİTED ŞİRKETİ;KEMALPASA MAH. AHMET SELAHATTIN SK. NO: 4 IÇ KAPI NO: 4;İSTANBUL;FATİH;(212) 0000000;;;İİB-HUBUBAT
MSC MODA MARKA MAĞ. TEKS. VE DIŞ TİC. LTD. ŞTİ.;ATISALANI BIRLIK MAH.BAHCELERCAD.791.SK.NO.16 K.7/4;İSTANBUL; ;02124301945;;;İİB-HUBUBAT
PHOENİX SANAYİ VE DIŞ TİCARET LTD.ŞTİ.;MERKEZ MAH. SANAYİ CAD. NO:83/1;İSTANBUL;BAHÇELİEVLER;(212) 5514060;;;İİB-HUBUBAT
BİLAL ALTAN;YUNUSEMRE MAH.1390 SK.NO:46;İSTANBUL;SULTANGAZİ;(212) 0000000;;;İİB-HUBUBAT
TALI İÇ VE DIŞ TİCARET LİMİTED ŞİRKETİ;ŞERİFALİ MAH. YUNUS SK. ÖZTÜRK APT. BLOK NO:10A;İSTANBUL;ÜMRANİYE;(216) 0000000;;;İİB-HUBUBAT
MORA TR GIDA SANAYİ VE TİCARET LİMİTED ŞİRKETİ;ZAFER MAH. 146. SK. ERDEM IŞ HANI BLOK NO: 9 ;İSTANBUL;ESENYURT;(212) 0000000;;;İİB-HUBUBAT
MILANO COFFEE COCOA DIŞ TİCARET ANONİM ŞİRKETİ;İZZET PAŞA MAH. YENİ YOL CAD. NUROL TOWERNO:3 İÇ KAPI NO:303;İSTANBUL;ŞİŞLİ;(212) 0000000;;;İİB-HUBUBAT
TAM GROUP GIDA LOJİSTİK DIŞ TİC. LTD. ŞTİ.;ŞİRİNEVLER MAH. ŞEHİT YARBAY CESUR CAD. KOTAN İŞ MERK. 1/4;İSTANBUL;BAHÇELİEVLER;(212) 0000000;;;İİB-HUBUBAT
MENSİS ENERJİ İNŞ SAN VE DIŞ TİC.A.Ş;ATAKÖY 7-8-9-10 KISIM MAH. ÇOBANÇEŞME E-5 YANYOLCAD. BNO:20/2/134;İSTANBUL;BAKIRKÖY;(212) 8125050;;;İİB-HUBUBAT
MERTTÜRK TURİZM GIDA SANAYİ VE TİCARET LİMİTED ŞİRKETİ;KÜLTÜR MAHALLESİ SÜLEYMAN KUYUMCU CADDESİ NO:91;DÜZCE;MERKEZ;(264) 2787929;;;İİB-HUBUBAT
EKMEK UNLU GIDA SANAYİ VE TİCARET ANONİM ŞİRKETİ;EMİRHAN CAD.DİKİLİTAŞ MAH.NO:109 K:11;İSTANBUL;BEŞİKTAŞ;(212) 2596688;;;İİB-HUBUBAT
MAIZER EURL ANIMAL HEALTH TARIM İLAÇLAMA SANAYİ VE TİCARET LİMİTED ŞİRKETİ;15 TEMMUZ MAH. GÜLBAHAR CAD. NO: 8A;İSTANBUL;BAĞCILAR;(212) 0000000;;;İİB-HUBUBAT
WELLİNGTON TRADİNG İÇ VE DIŞ TİCARET LİMİTED ŞİRKETİ;HUZUR MAH. AZERBAYCAN CAD. SKYLAND SİTESİ B NO: 4B İÇ KAPI NO: 520;İSTANBUL;SARIYER;(212) 5328753;;;İİB-HUBUBAT
NEWBAHAR İSTANBUL İÇ VE DIŞ TİCARET LİMİTED ŞİRKETİ;B.HAYRETTİN PAŞA MAH.N.HİKMET BUL.NEWİSTA SİT.B BL.N.84B/153;İSTANBUL;ESENYURT;(212) 0000000;;;İİB-HUBUBAT
PLDC ÇİKOLATA GIDA VE TİCARET LİMİTED ŞİRKETİ;ATATÜRK MAH. KARTAL SK. ATIK AP. NO: 14A İÇ KAPI:1;İSTANBUL;ÜMRANİYE;(216) 0000000;;;İİB-HUBUBAT
CİHAN AÇIK  - CİHAN YUFKA;HIRKA-İ ŞERİF MAH. SOFALI ÇEŞME CAD. NO:43 İÇ KAPI NO 9;İSTANBUL;FATİH;(212) 0000000;;;İİB-HUBUBAT
ICEBAKER GIDA SANAYİ ANONİM ŞİRKETİ;KOÇULLU MAH. KARASU CAD. NO: 37 A;İSTANBUL;ÇEKMEKÖY;(216) 0000000;;;İİB-HUBUBAT
AYDOS TARIM HAYV. SAN VE DIŞ TİC.LTD.ŞTİ.;BARBAROS MAH.BEGONYA SOK NO:1/2;İSTANBUL;ATAŞEHİR;(216) 0000000;;;İİB-HUBUBAT
VİTAFENİX İLAÇ GIDA TAKVİYELERİ ANONİM ŞİRKETİ;FERKO SİGNATURE KOLLEKTİF HOUSE ESENTEPE MAH. BÜYÜKDERE CAD. NO:175/5 34394;İSTANBUL;ŞİŞLİ;(212) 0000000;http://www.vitafenix.com;vitafenix.com;İİB-HUBUBAT
LEZZAMO TÜKETİM VE GIDA ÜRÜNLERİ SANAYİ TİCARET ANONİM ŞİRKETİ;SAFA MAH. ATATÜRK CAD. NO: 371 İÇ KAPI NO: 1;İSTANBUL;SANCAKTEPE;(216) 0000000;;;İİB-HUBUBAT
"ZİRVE UNİ TRAK GIDA,TEMİZLİK ÜRÜNLERİ,DAĞITIM,PAZARLAMA SANAYİ VE TİCARET LİMİTED ŞİRKETİ";ULAŞ OSB MAH. 202 SK. ZIRVE ÜNIRAK NO: 9;TEKIRDAĞ;ÇORLU;(282) 0000000;;;İİB-HUBUBAT
TORONESS GIDA PAZARLAMA DAĞITIM LİMİTED ŞİRKETİ;AKÇABURGAZ MAHALLESİ 3116.SOKAK NO:10 1.KAT;İSTANBUL;ESENYURT;(212) 8862603;https://toroness.com/;toroness.com;İİB-HUBUBAT
HHM PLASTİK KALIP AMBALAJ GIDA KORUMA VE PAKETLEME MALZEMELERİ SANAYİ VE TİCARET LİMİTED ŞİRKETİ;İPKAS SAN SİT 8 ADA A BLOK NO:7-8 ;İSTANBUL;BAŞAKŞEHİR;(212) 0000000;;;İİB-HUBUBAT
SK MEDİKAL GIDA SANAYİ VE TİACRET ANONİM ŞİRKETİ;ATAKÖY 7-8-9-10.KISIM MAH. ÇOBANÇEŞME E-5 YAN YOL  CAD. B NO:20/2 165;İSTANBUL;BAKIRKÖY;(352) 5040225;;;İİB-HUBUBAT
STAR NUTS GIDA LİMİTED ŞİRKETİ;KARADENİZ MAH. ESKİ EDİRNE ASFALTI CAD. VENEZİA MEGA RESİDENCE SİT. G BLOK APT. NO: 408 G/741;İSTANBUL;GAZİOSMANPAŞA;(212) 0000000;www.starcekirdek.com;starcekirdek.com;İİB-HUBUBAT
BIRINCI GIDA SAN.VE TIC.LTD. ŞTI.;DAVUTPAŞA MAH .DAVUTPAŞA CAD.NO:101/A;İSTANBUL;ESENLER;(212) 5621533;www.birincigida.net;birincigida.net;İİB-HUBUBAT
OTA FARMA SAĞLIK İLAÇ KOZMETİK GIDA PAZ.EĞT.HİZM.SAN.VE TİC.LTD.ŞTİ.;ALAADDİN BEY MAH 186.İSİMSİZ SK NO:1/C ;BURSA;NİLÜFER;(224) 4241708;;;İİB-HUBUBAT
BİOWELL İLAÇ AŞ;ALİKAHYA ATATÜRK MH GÜNEYSU CD.KAVANİUM İŞ MERKEZİ NO:17;KOCAELI;İZMİT;(262) 0000000;http://www.biowell.com.tr;biowell.com.tr;İİB-HUBUBAT
TÜTER  ELEKTRONİK TİCARET HİZMETLERİ VE GIDA A.Ş.;H.RIFAT PAŞA MAH. PERPA TİCARET MERKEZİ B BLOK K.11 NO.1555;İSTANBUL;ŞİŞLİ;(212) 0000000;;;İİB-HUBUBAT
EİSA SADAQAT İÇ VE DIŞ TİCARET LİMİTED ŞİRKETİ;BARBAROS HAYRETTİN PAŞA MAH. 1992. SK. VETRO CITYNO: 16 İÇ KAPI NO: 29;İSTANBUL;ESENYURT;(212) 5003555;;;İİB-HUBUBAT
BRAVA PET EVCİL HAYVAN ÜRÜNLERİ TİCARET LİMİTED ŞİRKETİ;KÜÇÜKBAKKALKÖY MAH. SELVİLİ SK. NO: 4 İÇ KAPI NO: 20;İSTANBUL;ATAŞEHİR;(216) 0000000;;;İİB-HUBUBAT
ALBATROS PAZARLAMA DIŞ TİC. LTD. ŞTİ.;ADNAN KAHVECİ MAH. CEBECİ CAD. ULUSKENT SİTESİKAT 8 NO 51;İSTANBUL;BEYLİKDÜZÜ;(212) 8554694;;;İİB-HUBUBAT
SUOUTRA GIDA TURİZM GAYRİMENKUL İTH.İHR. SAN.TİC.LTD.ŞTİ;CUMHURİYET MAH. D-100 KARAYOLU CAD. ADM KONAKLAMA SİT NO:374/63B;İSTANBUL;BÜYÜKÇEKMECE;;www.suqutra.com;suqutra.com;İİB-HUBUBAT
PABAY KIMYEVI MADDELER PAZ.VE VE DAGITIM A.S.;ALTAY ERBULAK SK.NO.9/A;İSTANBUL;ŞİŞLİ;(212) 2754710;;;İİB-HUBUBAT
GOLDMAR İTH.İHR.VE TİC.A.Ş;KATİP MUSTAFA ÇELEBİ MAH. KÜÇÜK PARMAK KAPI SOK6/2;İSTANBUL;BEYOĞLU;(212) 6714900;;;İİB-HUBUBAT
EKASE GIDA OTOMOTİV SANAYİ TİCARET LİMİTED ŞİRKETİ;MEHMET AKİF MAH. ELALMIŞ CAD. NO: 13A;İSTANBUL;ÜMRANİYE;(216) 0000000;;;İİB-HUBUBAT
NUNHEMS TOHUMCULUK A.Ş.;ABDURRAHMAN YOLU 3.KM SERİK;ANTALYA;SERİK;(242) 3131152;;;İİB-HUBUBAT
CHOCOLOVE GIDA PAZARLAMA VE TİCARET ANONİM ŞİRKETİ;YAVUZ SELİM MAH. CÖMERT SK. NO: 24 İÇ KAPI NO: ;İSTANBUL;BEYKOZ;(216) 0000000;;;İİB-HUBUBAT
SARMAL KİMYA TİCARET LTD.ŞTİ.;GÖZTEPE MH.ÇAMLI CD.HİSAREVLERİ SİT.NO:G7/1PK:34815;İSTANBUL;BEYKOZ;(216) 4657331;www.silikondioksit.com;silikondioksit.com;İİB-HUBUBAT
ADDİVA GLOBAL DIŞ TİC.LTD.ŞTİ.;BARBAROS MAHALLESİ AL ZAMBAK SK VARYAP MERIDIANA BLOK NO 2-23 ;İSTANBUL;ATAŞEHİR;(216) 5762063;;;İİB-HUBUBAT
ÖMER ALPARSLAN;ATATÜRK MAH. ERTUGRUL GAZI SK METROPOL ISTANBUL C1 BLOK NO: 2 B KAPI NO:IÇ KAPI NO: 376 34000;İSTANBUL;ATAŞEHİR;(216) 0000000;;;İİB-HUBUBAT
ISTANBUL TOHUMCULUK TARIM SAN. VE TIC.LTD.ŞTI.;YENIMAHALLE GENERAL KANIELITEZ NO:36;İSTANBUL;BAKIRKÖY;(212) 5438976;www.istanbultohumculuk.com.tr;istanbultohumculuk.com.tr;İİB-HUBUBAT
SARAYLI LOKUM ŞEKERLEME GIDA SANAYİ VE TİCARET LİMİTED ŞİRKETİ;YENİBOSNA MERKEZ MAH. ÜZEYİRAĞA SK. NO: 11A;İSTANBUL;BAHÇELİEVLER;(212) 0000000;;;İİB-HUBUBAT
RAHŞAN ÇUBUK-RA REKLAM AJANSI;BAĞLARBAŞI MAH.BEYZA SOK  NO 5/2;İSTANBUL;MALTEPE;(216) 6322300;;;İİB-HUBUBAT
NEUPHARMA İLAÇ KOZMETİK VE MEDİKAL SANAYİ VE TİCARET LİMİTED ŞİRKETİ;YENİŞEHİR MAHALLESİ ARAÇ SOKAK NO 19 D:2;KOCAELI;İZMİT;(262) 3221177;http://www.neupharma.com.tr;neupharma.com.tr;İİB-HUBUBAT
MÜTEVELLİ ÇİFTLİĞİ TURİZM GIDA İÇEÇEK TARIM İNŞAAT İTHALAT İHRACAT VE TİCARET LİMİTED ŞİRKETİ;KAYMAKOBA MAH. KAYMAKOBA 17. SK NO:20;BURSA;MUDANYA;(224) 0000000;http://mutevelliciftligi.com;mutevelliciftligi.com;İİB-HUBUBAT
HELIS DRAJE GIDA SAN. VE TIC. LTD.ŞTI.;CİHANGİR MAH. AMBARLI DOLUM CD ŞEHİT ZAFER KIZILTAŞ SK NO 6/1;İSTANBUL;AVCILAR;(212) 4229023;;;İİB-HUBUBAT
JÖN ÇİKOLATA GIDA SANAYİ TİCARET LİMİTED ŞİRKETİ;MASLAK MAH. AHİ EVRAN CAD.RENTAŞ İŞ MERKEZİ BLOK NO: 29 İÇ KAPI NO: 64;İSTANBUL;SARIYER;(216) 9091230;;;İİB-HUBUBAT
LARİSA GIDA SAN. VE TİC. LTD. ŞTİ.;ATAŞEHİR YAKUT SİTESİ 1 BLOK NO:13;İSTANBUL;KADIKÖY;(216) 4565574;www.larisa-gida.com;larisa-gida.com;İİB-HUBUBAT
MR GROUP GIDA SAN VE TİC LTD ŞTİ;GÜLLÜ BAĞLAR MH YAZICILAR SK NO 14/B ;İSTANBUL;PENDİK;;;;İİB-HUBUBAT
RASYONEL İTHALAT İHRACAT GIDA TURİZM SANAYİ TİCARET LİMİTED ŞİRKETİ;HEKİMBAŞI MAH.KÜÇÜKSU CAD.- SİTESİ NO:291A;İSTANBUL;ÜMRANİYE;(216) 5460203;;;İİB-HUBUBAT
REMZI YAMAN   YAMAN ÇIKOLATA GIDA KOZ.TEKS.TİC.; MESİMPAŞA MAH.LALELİ CAD.NO:17/19 KAT:2DÜKKAN :34 BABAMAN IŞ MERKEZI;İSTANBUL;FATİH;(212) 5160779;;;İİB-HUBUBAT
ATÖLYE PASTACILIK GIDA SAN. TİC. LTD.ŞTİ;YENİDOĞAN MAH. ATATÜRK CAD. NO:269 B ;İSTANBUL;SANCAKTEPE;(216) 0000000;;;İİB-HUBUBAT
ALFAL GIDA IHRACAT TICARET LIMITED SIRKETI;ATATÜRK MAH. GÜNER SK. B1 BLOK NO: 1 /1BIÇ KAPI NO: 203;İSTANBUL;KÜÇÜKÇEKMECE;(212) 0000000;;;İİB-HUBUBAT
BYPA ELEKTRONİK KOZMETİK GIDA PAZARLAMA TİC.LTD.ŞTİ.;ÇOBANÇEŞME MAH. SANAYİ CAD. NİSH RESİDENCE SİT. A BLOK NO:44A D:132;İSTANBUL;BAHÇELİEVLER;(212) 5016415;;;İİB-HUBUBAT
LUKA PET MALZEMELERİ SANAYİ TİCARET LİMİTED ŞİRKETİ;VEFADERESİ SOKAK 29/B FULYA ŞİŞLİ;İSTANBUL;ŞİŞLİ;(212) 2410064;http://www.anatolianpet.com;anatolianpet.com;İİB-HUBUBAT
MERTCOM GLOBAL GIDA TEDARİK ELEKTRONİK KOZMETİK İNŞAAT İTHALAT İHRACAT SANAYİ VE TİCARET LTD ŞTİ;BARBAROS HAYRETTİN PAŞA MAH.1072 SK NO:6 A;İSTANBUL;GAZİOSMANPAŞA;(212) 0000000;;;İİB-HUBUBAT
NEOS ÇIKOLATA VE SEKERLEME PAZARLAMA TICARET LIMITED SIRKETI;BARBAROS MAH.EYÜP SULTAN CAD.NO:12 C;KOCAELI;BAŞİSKELE;(262) 0000000;;;İİB-HUBUBAT
GÖKSUM GIDA PAZARLAMA ANONİM ŞİRKETİ;MERVE MH ATATÜRK CD PRWSTTİJ DAĞITIMNO 246 İÇ KAPI NO 1;İSTANBUL;SANCAKTEPE;(216) 2083346;;;İİB-HUBUBAT
BURAK ÜNSAL;HUZUR MAH OYAK SITESI 27/BLOK.D:11;İSTANBUL;ŞİŞLİ;(212) 2892753;;;İİB-HUBUBAT
CONTİNENTAL  CONFECTİONERY COMPANY GIDA SANAYI VE TICARET A.Ş;ULAŞ OSB  MAH.104 .  SOK NO:4/1 ERGENE 2 OSB ;TEKIRDAĞ;ÇORLU;(282) 6891000;www.continentalcc.com.tr;continentalcc.com.tr;İİB-HUBUBAT
PİEF OTOMASYON VE MÜHENDİSLİK SANAYİ VE TİCARET LİMİTED ŞİRKETİ;HALİL RIFATPAŞA M. PERPA TİC.MERK. NO:218 DAİRE:A 5 ;İSTANBUL;ŞİŞLİ;(212) 3203172;www.pief. com.tr;;İİB-HUBUBAT
MS AGRO GIDA SAN.VE TİC.A.Ş.;KAVAKLI MH.CERRAHPAŞA SK.NO:17 D:12;İSTANBUL;BEYLİKDÜZÜ;(212) 0000000;;;İİB-HUBUBAT
ASİA PHARM BALANCE DIŞ TİCARET LİMİTED ŞİRKETİ;ZİYA GÖKALP MAH. SÜLEYMAN DEMİREL BUL. THE OFFICENO: 7E İÇ KAPI NO: 17;İSTANBUL;BAŞAKŞEHİR;(212) 0000000;;;İİB-HUBUBAT
FÖN SAN MAKINA-INŞAAT TURIZM SAN. TIC. LTD. ŞTI.;TAHTAKALE CAD. ZAZA HAN NO:107108;İSTANBUL; ;(212) 5226619;www.fonsan.com.tr;fonsan.com.tr;İİB-HUBUBAT
RAHİME ASLIBAY;BAŞPINAR MAH. BAĞDAT CAD. NO:60/7 HENDEK ;SAKARYA;HENDEK;(264) 0000000;;;İİB-HUBUBAT
MRS COOK GIDA ANONİM ŞİRKETİ;İKİTELLİ OSB MAH. ÇEVRE 7.BLOK-SK.ÇEVRE SANAYİ ÇEVRE 7.BLOK NO:19/19 / ;İSTANBUL;BAŞAKŞEHİR;(212) 4857800;;;İİB-HUBUBAT
AİRSİDE GIDA SANAYİ VE TİCARET LİMİTED ŞİRKETİ; 7-8-9-10.KSM.MH.ÇOBANÇEŞME E-5 YAN YOL CAD.1 NO.8/1/154;İSTANBUL;BAKIRKÖY;(212) 6031963;;;İİB-HUBUBAT
ESER İNTERNATİONAL GIDA VE DIŞ TİCARET ANONİM ŞİRKETİ;BÜYÜKŞEHİR MAH. ATATÜRK BULVARI NO38/A WHİTE CORNENER AVM KAT 2 NO 74 ES;İSTANBUL;BEYLİKDÜZÜ;(212) 9550037;http://eserinternational.com;eserinternational.com;İİB-HUBUBAT
NEVADA KURUYEMİŞ GID.SAN.VE TİC.LTD.ŞTİ;YILMAZ MAH. İNEGÖL CAD. NO:116;BURSA;YENİŞEHİR;(224) 7722858;www.nevadakuruyemis.com;nevadakuruyemis.com;İİB-HUBUBAT
GURDAL MAKINA GIDA SAN.VE TIC. LTD.STI.;BAGLARBASI M.BAGDAT C. OZC ANAPT.NO:213/A;İSTANBUL;MALTEPE;02163997274;www.gurdalmakine.com.tr;gurdalmakine.com.tr;İİB-HUBUBAT
GOFOOD PAZARLAMA VE DIŞ TİCARET LİMİTED ŞİRKETİ;ŞAHİNTEPE MAH.LALEZAR SK.İGTOT 2A BLK.NO:4C/207 ;İSTANBUL;BAŞAKŞEHİR;(212) 0000000;;;İİB-HUBUBAT
PAKSAZ GIDA SANAYİ TİCARET LİMİTED ŞİRKETİ;CUMHURİYET MAH. CEVVAL SK. C BLOK NO: 1/3İÇ KAPI NO: 159;İSTANBUL;BÜYÜKÇEKMECE;(212) 6517777;;;İİB-HUBUBAT
KA TASARIM INŞ.SAN.VE TIC.LTD. ŞTI.;FETİH MAH. SARIKAMIŞ SOK.NO:17;İSTANBUL;ATAŞEHİR;(216) 4704280;www.katasarim.com;katasarim.com;İİB-HUBUBAT
ALL GROUP MAKİNA GIDA İTHALAT İHRACAT SANAYİ VE TİCARET LİMİTED ŞİRKETİ;BAŞAKŞEHİR MAH. İSHAKPAŞA SK.BULVAR İSTANBUL ETABI J1 2 I 58;İSTANBUL;BAŞAKŞEHİR;;;;İİB-HUBUBAT
ZATSEM GIDA İNŞAAT SANAYİ TİCARET LİMİTED ŞİRKETİ;ERTUĞRUL MAH. 105. SK. NO: 8 ;BURSA;NİLÜFER;(224) 2431452;https://sarrafkahve.com/;sarrafkahve.com;İİB-HUBUBAT
EMESA GIDA SAN VE TİC.LTD.ŞTİ;AKEVLER MAH. 1069 SOK NO:24/C;İSTANBUL;ESENYURT;(212) 9799157;;;İİB-HUBUBAT
ÇELEBİ HAVA SERVİSİ AŞ;ATATURK HAVA LIMANI;İSTANBUL;BAKIRKÖY;;;;İİB-HUBUBAT
ANAFARTA COFFEE GIDA SANAYİ İTHALAT VE İHRACAT ANONİM ŞİRKETİ;KAYIŞDAĞI MAHALLESİ ŞAİR VEYSEL SOKAK NO:2/1A;İSTANBUL;ATAŞEHİR;(216) 0000000;;;İİB-HUBUBAT
VİLMORİN MİKADO TOHUMCULUK ANONİM ŞİRKETİ;"GÜZELYALI,BATI SAHILI,ÇIFTLIKSK. NO:9";İSTANBUL;PENDİK;(216) 3923604;www.anadolutuhum.com;anadolutuhum.com;İİB-HUBUBAT
HGD ÇİKOLATA İMALAT İHRACAT İTHALAT LİMİTED ŞİRKETİ;SOĞANLIK YENİ MAH. BALIKESİR CAD. SİTE GİRİŞİ KARANFİL BLOK C 1D NO: 8H İÇ KAPI NO: 2;İSTANBUL;KARTAL;(216) 0000000;;;İİB-HUBUBAT
CAFE CROWN GIDA SANAYİ VE TİCARET ANONİM ŞİRKETİ;KAVAKLI MAH. İSTANBUL CAD. GÜZEL İŞ GIDA SİT. NO:15/1;İSTANBUL;BEYLİKDÜZÜ;(212) 8558300;;;İİB-HUBUBAT
EUROFRAGANGE ESANS VE AROMA TİC. LTD. ŞTİ.;İKİTELLİ ORG. SAN. BÖL. MUTFAK EŞYALARI SAN. SİT.M7 BLOK NO:40/42;İSTANBUL;BAŞAKŞEHİR;(212) 4855750;;;İİB-HUBUBAT
BAHAROT LEZET KARIŞIMLARI VE GIDA MAD. SAN. TİC. A.Ş.;KÖSELER MH 26 SK NO 9/0;KOCAELI;DİLOVASI;(262) 5020565;;;İİB-HUBUBAT
BOĞAZIÇI PIŞMANIYE ŞEKERL.GIDA SAN.TIC.LTD.ŞTI.;SEYMEN MAH. D-130 KARAYOLU CD.NO:21;KOCAELI;BAŞİSKELE;(262) 3435354;www.bogazicipismaniye.com.tr;bogazicipismaniye.com.tr;İİB-HUBUBAT
EL SALAM BAKLAVA BÖREK PASTA GIDA ÜRET. DIŞ TİC. LTD. ŞTİ.;BEŞYOL MAH. KARADENİZ SOK.POLARİS TEKSTİL BLOK NO:4/1;İSTANBUL;KÜÇÜKÇEKMECE;(212) 3792934;;;İİB-HUBUBAT
CARMEL KİMYA VE GIDA PAZ SAN TİC LTD ŞTİ;IKITELLI OSB MH GİYİM SANATKARLARI BLOK 3D NO 4;İSTANBUL;BAŞAKŞEHİR;(212) 0000000;;;İİB-HUBUBAT
ESAYDIN TRANSPORT OTOM.NAK.TEK ITH.IHR.SAN.VE TIC.LTD.ŞTI.;KARAMAN MAH.KADER SK.N.6/1;BURSA; ;(224) 2463437;;;İİB-HUBUBAT
HİROAD TURKEY GIDA İÇ VE DIŞ TİCARET LİMİTED ŞİRKETİ;BARBAROS MAH. HALK CAD. PALLADIUM RESIDENCE (ABLOK) NO: 8 A İÇ KAPI NO: 3 ;İSTANBUL;ATAŞEHİR;(216) 6636031;;;İİB-HUBUBAT
ELA GROUP İHRACAT İTHALAT LİMİTED ŞİRKETİ;SEMT 6/1 SK NO 3/A;İSTANBUL;SANCAKTEPE;(216) 4229442;;;İİB-HUBUBAT
DELAROM AROMA VE GIDA KATKI. SAN.TIC.A.Ş.;ATATÜRK MAH.IETT GARAJI ARKASI MARMARA SAN.SIT.P BLOK NO.406 KÜÇÜKÇEKMECE İST;İSTANBUL;KÜÇÜKÇEKMECE;(212) 4721150;www.delarom.com;delarom.com;İİB-HUBUBAT
BIO DEPO GIDA LİMİTED ŞİRKETİ; FERAHEVLER MH.KARTAL SK.N.1;İSTANBUL;SARIYER;(212) 2767678;;;İİB-HUBUBAT
GÜNCEL ULUSLARARASI NAKLİYAT SANAYİ TİCARET LİMİTED ŞİRKETİ;MEVLANA MAH. SULTAN AHMET CAD.NO:3A/18;İSTANBUL;ESENYURT;(212) 8526271;;;İİB-HUBUBAT
BADEMİR GIDA DAĞITIM PAZARLAMA TİCARET LİMİTED ŞİRKETİ;EYÜP SULTAN MAH.YADİGAR SOK. OTOMER SİT. E BLOK NO:40E/4;İSTANBUL;SANCAKTEPE;(216) 2668009;;;İİB-HUBUBAT
NURAN ÖZCAN-ŞIFA SULTAN BITKI. ÜRÜNLER;KARACAOĞLAN SK. BALIKPAZARIIÇI NO:14;İSTANBUL;ÜSKÜDAR;(216) 5531353;;;İİB-HUBUBAT