firma_adi;adres;sehir;ilce;telefon;website;domain;birlik
KAMA PRES SANAYİ VE TİCARET A.Ş.;EVREN MAH. GÜLBAHAR CAD. NO:126;İSTANBUL;BAĞCILAR;02125505090;www.kama.com.tr;kama.com.tr;İİB-MOB.KAĞIT VE ORMAN İHR.BRL.
S 2000 SOĞUTMA SAN.TİC.LTD.ŞTİ;GÜRSEL MAH.ŞEVKETPAŞA CAD.NO.20/2;İSTANBUL; ;(212) 2212620;www.s2000.com.tr;s2000.com.tr;İİB-MOB.KAĞIT VE ORMAN İHR.BRL.
TGS DIŞ TİC. AŞ;ADALET MAH.MANAS BULVARI NO:47/4 ;İZMİR;BAYRAKLI;(232) 5020630;www.tgsas.com;tgsas.com;İİB-MOB.KAĞIT VE ORMAN İHR.BRL.
DURAN DOĞAN DIŞ TİC.A.Ş;HADIMKÖY MAH. MUSTAFA INAN CD. N:4134555;İSTANBUL;ARNAVUTKÖY;(212) 7714606;www.ddpack.com.tr;ddpack.com.tr;İİB-MOB.KAĞIT VE ORMAN İHR.BRL.
GLOSS MOBİLYA AKSESUARLARI VE DIŞ TİC.LTD.ŞTİ;"3112 SK . NO:2/1 USLU İŞ MERKEZİ OSMANGAZİ MAH 34522 ESENYURT, ";İSTANBUL;ESENYURT;(212) 6541617;www.glossexport.com;glossexport.com;İİB-MOB.KAĞIT VE ORMAN İHR.BRL.
GK MOBİLYA SANAYİ TİCARET LİMİTED ŞİRKETİ;MAHMUDİYE MAH. 25. MOBİLYA SOK. MAGAZİN NO:7;BURSA;İNEGÖL;;info@gkmobilia.com;gkmobilia.com;İİB-MOB.KAĞIT VE ORMAN İHR.BRL.
ODESA KOZMETİK DIŞ TİC.LTD.ŞTİ.;FİRÜZKÖY MAH. KADİR ÖZDEMİR CAD. 0 NO:1 C ;İSTANBUL;AVCILAR;(212) 0000000;www.odesakozmetik.com;odesakozmetik.com;İİB-MOB.KAĞIT VE ORMAN İHR.BRL.
EMIRLER MATBAA VE REKLAM TIC.L D.ŞTİ;LİTROS YOLU ÜZERİ 2.MATBAACILAR SİTNO:19;İSTANBUL;ZEYTİNBURNU;(212) 6135504;www.emirlermatbaa.com;emirlermatbaa.com;İİB-MOB.KAĞIT VE ORMAN İHR.BRL.
BEMİS TEKNİK ELEKTRİK A.Ş.;MİNARELİÇAVUŞ BURSA O.S.BÖLGESİ MAH. YEŞİL CADDE NUMARA:31;BURSA;NİLÜFER;(224) 3633065;www.bemis.com.tr;bemis.com.tr;İİB-MOB.KAĞIT VE ORMAN İHR.BRL.
ÇIFTÇILER BIRLIK KAĞITÇILIK A.Ş;ORTA MAH. MARİFET SK NO15/1AİÇ KAPI NO 2;İSTANBUL;KARTAL;(216) 5933361;www.mavibeyaz.net;mavibeyaz.net;İİB-MOB.KAĞIT VE ORMAN İHR.BRL.
EVİNOKS SERVİS EKİPMANLARI SANAYİ VE TİCARET A.Ş.;DEMIRTAŞ ORGANIZE SAN. BOL. MUSTAFA KARAER CAD. N.52;BURSA; ;(224) 2612006;www.ekinoks.com;ekinoks.com;İİB-MOB.KAĞIT VE ORMAN İHR.BRL.
STAR AMBALAJ SAN VE TIC. A.Ş.;GEBZE DİLOVASI OSB MAH. D-4012 SK. NO: 1 A;KOCAELI;GEBZE;(262) 5035132;www.starambalaj.com;starambalaj.com;İİB-MOB.KAĞIT VE ORMAN İHR.BRL.
TERRACO YAPI MALZEMELERI SANAYII VE TICARETI A.S.;ORGANİZE SAN. BÖLG.MÜMTAZZEYTİNOĞLU BULVARI NO:21;ESKIŞEHIR; ;2222360423;www.terraco.com.tr;terraco.com.tr;İİB-MOB.KAĞIT VE ORMAN İHR.BRL.
LC WAİKİKİ MAĞAZACILIK HİZ. TİC. AŞ;EVREN MAH.GÜLBAHAR CAD.ŞEHIT CENGIZ KARCI SOK.NO:4 K:5;İSTANBUL; ;(212) 6575555;www.lcwaikiki.com;lcwaikiki.com;İİB-MOB.KAĞIT VE ORMAN İHR.BRL.
LİGNADECOR ÜRETİM VE PAZARLAMA A.Ş.;ORGANİZE SAN.BÖL.3.CAD.NO:14;İSTANBUL; ;(216) 5282700;www.lignadecor.com;lignadecor.com;İİB-MOB.KAĞIT VE ORMAN İHR.BRL.
ELİF PLASTİK AMBALAJ SAN. VE TİC. A.Ş.;SANAYİ MAH.1652 SK.NO:2ESENYURT;İSTANBUL;ESENYURT;(212) 6220622;www.elifplastik.com.tr;elifplastik.com.tr;İİB-MOB.KAĞIT VE ORMAN İHR.BRL.
PAKSEL KİMYA SANAYİ VE TİCARET A.Ş.;MERTER İŞ MERKEZİ ESKİ ÇIRPICI YOLU  SK. MERTER İŞ MERKEZİ NO:2 KAT:10 D:61-62 ;İSTANBUL;ZEYTİNBURNU;(212) 4815546;www.paksel.com.tr;paksel.com.tr;İİB-MOB.KAĞIT VE ORMAN İHR.BRL.
LEP YAPI İÇ DIŞ SANAYİ VE TİCARET LİMİTED ŞİRKETİ;ATATÜRK MAHALLESİ ADNAN MENDERES CADDESİ AKTİM2 SİTESİ DÜKKAN:71/72/82;İSTANBUL;ESENYURT;(212) 8092989;http://www.lepyapi.com;lepyapi.com;İİB-MOB.KAĞIT VE ORMAN İHR.BRL.
YKK METAL VE PLASTİK ÜRÜN. SAN. VE TİC. AŞ;ORGANİZE SAN. BÖLGESİ;TEKIRDAĞ;ÇORLU;(282) 7361800;www.ykk.com.tr;ykk.com.tr;İİB-MOB.KAĞIT VE ORMAN İHR.BRL.
HAN MİMARİ TASARIM TURİZM İNŞ. SAN. VE DIŞ TİC. A.Ş;HACI EMİN EFENDİ SOK. İZMİR APT.NO:32/A NİŞANTAŞI;İSTANBUL;ŞİŞLİ;(212) 2315513;www.space.com.tr;space.com.tr;İİB-MOB.KAĞIT VE ORMAN İHR.BRL.
GENYA ORMAN ÜRÜNL.SAN.VE TİC. LTD.ŞTİ;ORG. SAN. BÖLG. KERESTECILERSAN. SIT. 17.SK. NO:2-4 İKİTELLİ;İSTANBUL;BAŞAKŞEHİR;(212) 6700252;www.genya.com.tr;genya.com.tr;İİB-MOB.KAĞIT VE ORMAN İHR.BRL.
YATAŞ YATAK VE YORGAN SAN.TİC.A.Ş.;CUMHURİYET MH.KARTAL CD.NO:41/A YAKACIK;İSTANBUL;KARTAL;(216) 3095410;www.yatasgrup.com.tr;yatasgrup.com.tr;İİB-MOB.KAĞIT VE ORMAN İHR.BRL.
EURO PLAST PLASTİK SANAYİ VE TİCARET LİMİTED ŞİRKETİ;İMES SAN.SİT. C BLOK 307 SOK.NO.15;İSTANBUL; ;(216) 4200072;www.europlast.com.tr;europlast.com.tr;İİB-MOB.KAĞIT VE ORMAN İHR.BRL.
PELIT ARSLAN KONTRPLAK FAB.A.Ş;HALKALI CAD.  NO:170;İSTANBUL;KÜÇÜKÇEKMECE;(212) 6988992;www.turanlargroup.com;turanlargroup.com;İİB-MOB.KAĞIT VE ORMAN İHR.BRL.
KOTON MAĞAZACILIK TEKS. SAN. VE TİC. AŞ;AYAZAĞA MAH. AĞAZAYA YOLU NO:3 A-B BLOK;İSTANBUL;SARIYER;(212) 3313300;www.koton.com.tr;koton.com.tr;İİB-MOB.KAĞIT VE ORMAN İHR.BRL.
BOSCH SAN. VE TİC. A.Ş.;MİNARELİÇAVUŞ BUSA OSB MAH. YEŞİL CAD. NO:1516220;BURSA;NİLÜFER;(224) 2192276;http://www.bosch.com.tr;bosch.com.tr;İİB-MOB.KAĞIT VE ORMAN İHR.BRL.
DİLER DIŞ TİCARET ANONİM ŞİRKETİ;"MASLAK MAHALLESİ, ESKİ BÜYÜKDERE CADDESİ KOÇKAYA AS PLAZA MASLAK NO:1 34485 ";İSTANBUL;SARIYER;(212) 2536630;www.dilerhld.com;dilerhld.com;İİB-MOB.KAĞIT VE ORMAN İHR.BRL.
PIRLANTA TEKS. SAN. VE TİC. TURZ. LTD. ŞTİ.;AKSARAY MH.KULEBOYU SK.NO:3;İSTANBUL;FATİH;(212) 5280201;www.pirlantatekstil.com;pirlantatekstil.com;İİB-MOB.KAĞIT VE ORMAN İHR.BRL.
DÖRTBUDAK MOBİLYA TEKSTİL İNŞAAT SANAYİ VE TİCARET LİMİTED ŞİRKETİ;MAHMUDİYE MAH. 26. MOBİLYA SOK S.S. KÜÇÜK SAN SİT B BLOK  NO:2 C;BURSA;İNEGÖL;(224) 0000000;www.kenzawood.com;kenzawood.com;İİB-MOB.KAĞIT VE ORMAN İHR.BRL.
TRİMCO GROUP İSTANBUL TEKS. TİC. LTD. ŞTİ. ;IKITELLI ORG.SN.BÖL 1.KISIM T.ÖZAL CD.N:147 D:3;İSTANBUL;BAŞAKŞEHİR;(212) 6713040;www.a-tex.com;a-tex.com;İİB-MOB.KAĞIT VE ORMAN İHR.BRL.
CGB AMBALAJ SANAYİ VE DIŞ TİCARET LİMİTED ŞİRKETİ;YENİŞEHİR MAH. SENA SOK. NO:10/8/2;İSTANBUL;PENDİK;(216) 0000000;www.cgb.global;cgb.global;İİB-MOB.KAĞIT VE ORMAN İHR.BRL.
ATAŞ TÜKETIM MALLARI ITRIYAT PAZARLAMA SAN. VE TİC. A.Ş;ZAFERTEPE SOK. NO:16/10 TEMEL&ATAŞ PLAZAKAVACIK BEYKOZ;İSTANBUL;BEYKOZ;(216) 4258955;www.atasgroup.com;atasgroup.com;İİB-MOB.KAĞIT VE ORMAN İHR.BRL.
METEBRONZ MOBİLYA AKS.AKSAM SAN.VE TİC.A.Ş.;KARACAKAYA CADDESİ NO:156;ANKARA;ALTINDAĞ;(312) 3531333;www.metebronzmobilya.com;metebronzmobilya.com;İİB-MOB.KAĞIT VE ORMAN İHR.BRL.
3M SANAYİ VE TİCARET A.Ş.;SURYAPI AKEL İŞMERK. RÜZGARLIBAHÇE  MAH.ŞEHİT SİNAN EROĞLU CAD. NO:6 ;İSTANBUL;BEYKOZ;(216) 5380777;www.3m.com.tr;3m.com.tr;İİB-MOB.KAĞIT VE ORMAN İHR.BRL.
DEKORİSTER MOBİLYA SANAYİ VE TİCARET LİMİTED ŞİRKETİ;ORGANİZE SANAYİ BÖLGESİ BALIKLIÇEŞME KÖYÜ NO:7 17200;ÇANAKKALE;BİGA;(286) 3163165;www.dekorister.com.tr;dekorister.com.tr;İİB-MOB.KAĞIT VE ORMAN İHR.BRL.
ÜNİVERSAL DEKOR SANAYİ VE DIŞ TİC. LTD. ŞTİ.;ABDURRAHMAN NAFİZ GÜRMAN MAH.  MEHMET AKİF CAD. TURUNCLU SOK. NO. NO.25/2 MERTER;İSTANBUL;GÜNGÖREN;(212) 6385434;www.universaldecoration.com;universaldecoration.com;İİB-MOB.KAĞIT VE ORMAN İHR.BRL.
AYTAV TAVUKÇULUK EKİPMANLARI SANAYİ VE TİCARET LİMİTED ŞİRKETİ;ORUÇ REİS MAH TEKSTİLKENT CAD NO:12/B KOZA PLAZA A BLOK KAT:10 NO:101;İSTANBUL;ESENLER;(212) 6820015;http://www.ayoto.com;ayoto.com;İİB-MOB.KAĞIT VE ORMAN İHR.BRL.
FLOT CAM VE AHŞAP ÜRÜNLERI SAN VE TIC.LTD.ŞTI.;GÜRSEL MH. IŞIKLI SK. NO:21;İSTANBUL;KAĞITHANE;(212) 2212996;www.flotcam.com;flotcam.com;İİB-MOB.KAĞIT VE ORMAN İHR.BRL.
MİB MAĞAZACILIK TİC. AŞ;İKİTELLİ OSB MAH.ESKİ TURGUT ÖZAL CD.HASEYAD 1.KIS.N:33/Z02;İSTANBUL;BAŞAKŞEHİR;(850) 3909090;www.hatemoglu.com;hatemoglu.com;İİB-MOB.KAĞIT VE ORMAN İHR.BRL.
GABBA KOLTUK TEKS. MOB. SAN. VE TİC. A.Ş.;BÜLBÜL MAH. KONUK CAD. YENİ ÇARŞI  NO:1;GIRESUN;ŞEBİNKARAHİSAR;(454) 7114147;www.skmmobilya.com;skmmobilya.com;İİB-MOB.KAĞIT VE ORMAN İHR.BRL.
BETEK BOYA VE KİMYA SAN.A.Ş.;ANKARA ASFALTI HÜSEYİN ÇELİKSK.NO.2;İSTANBUL;KADIKÖY;(216) 5711120;www.betek.com.tr/www.betekexport.com.tr;betek.com.tr;İİB-MOB.KAĞIT VE ORMAN İHR.BRL.
ADORE MOBİLYA SANAYİ VE DIŞ TİCARET ANONİM ŞİRKETİ;AHİBOZ MAH/SEMT AHİBOZ KM. EVL.  YÖNETİM BİNASI NO:242 B ;ANKARA;GÖLBAŞI;(312) 6166066;www.adore.com.tr;adore.com.tr;İİB-MOB.KAĞIT VE ORMAN İHR.BRL.
UPM KYMMENE KAĞIT ÜRÜNLERİ SAN. VE TİC. LTD. ŞTİ.;NİDAKULE GÖZTEPE İŞ MERKEZİ TEKKEALTI SOK.  NO:4 K:10 D:35;İSTANBUL;KADIKÖY;(216) 6214500;www.upm-kymmene.com;upm-kymmene.com;İİB-MOB.KAĞIT VE ORMAN İHR.BRL.
ENPAY ENDÜSTRIYEL PAZARLAMA VE YATIRIM A.Ş.;KARADENIZLILER MAH.FAKÜLTE CAD.NO.147/A   P.K.91;KOCAELI;BAŞİSKELE;(262) 3495820;www.enpay.com;enpay.com;İİB-MOB.KAĞIT VE ORMAN İHR.BRL.
FPS TURKEY AMBALAJ SAN. VE TİC. AŞ;FATİH MH. FABRİKA SK. NO:8;İSTANBUL; ;(216) 3115000;www.unsa.com.tr;unsa.com.tr;İİB-MOB.KAĞIT VE ORMAN İHR.BRL.
ŞENER OTO YEDEK PARÇA SANAYİ VE TİCARET ANONİM ŞİRKETİ;NAMIK KEMAL MAH. EKİN CAD. NO: 9 ;İSTANBUL;ESENYURT;(212) 4121900;www.seneroto.com.tr;seneroto.com.tr;İİB-MOB.KAĞIT VE ORMAN İHR.BRL.
TUĞRAM KAĞIT ÜRETİM SAN.VE TİC.LTD.ŞTİ;6065 SK NO 11;İSTANBUL;SİLİVRİ;(212) 7343493;www.canpaper.com.tr;canpaper.com.tr;İİB-MOB.KAĞIT VE ORMAN İHR.BRL.
OLCAY AMBALAJ A.Ş ;AKÇABURGAZ MAH.120.SOK.N:16/1;İSTANBUL;ESENYURT;(212) 5659970;www.olcaketiket.com.tr;olcaketiket.com.tr;İİB-MOB.KAĞIT VE ORMAN İHR.BRL.
YAŞAR AMBALAJ KAĞIT BOBİN SAN. VE TİC.A.Ş.;3 ORGANİZE SAN.BÖLG. BAŞPINARKIZILCAKENT KÖYÜ MEVKİİ   GAZİANTEP/NİZİP ;GAZIANTEP;ŞEHİTKAMİL;(342) 3379460;www.yasarambalaj.com.tr;yasarambalaj.com.tr;İİB-MOB.KAĞIT VE ORMAN İHR.BRL.
NAZ DIŞ TİC. AŞ;MERKEZ MAH KÖYALTI MEVKII;İSTANBUL;BAHÇELİEVLER;(212) 4549000;www.imteks.com.tr;imteks.com.tr;İİB-MOB.KAĞIT VE ORMAN İHR.BRL.
MUSTAFA KAHVECİ OTOMOTİV SAN.VE TİC.LTD.ŞTİ.;BÜYÜK KAYACIK MAH.VALİ İHSAN DEDE CAD.NO 63 OSB;KONYA;SELÇUKLU;(332) 3424850;www.uygurauto.de;uygurauto.de;İİB-MOB.KAĞIT VE ORMAN İHR.BRL.
RAM DIŞ TİCARET A.Ş.;RÜZGARLIBAHÇE KAVACIK KAVŞAĞI ENERGY PLAZA K:2;İSTANBUL;BEYKOZ;(216) 5381100;www.ram.com.tr;ram.com.tr;İİB-MOB.KAĞIT VE ORMAN İHR.BRL.
ZORLU DIŞ TİC. AŞ;"BÜYÜKKARIŞTIRAN KASABASI, TAYYARE MEYDANI MEVKİİ ";KIRKLARELI;LÜLEBURGAZ;(288) 4273000;www.zorlu.com.tr;zorlu.com.tr;İİB-MOB.KAĞIT VE ORMAN İHR.BRL.
EMKO EĞİTİM ÇÖZÜMLERİ VE TEKNOLOJİLERİ ANONİM ŞİRKETİ;SANBİR BULV.NO.50 EMKO CENTERSOK.LİTROS YOLU NO:24;İSTANBUL;BÜYÜKÇEKMECE;(212) 8868685;www.emko.com.tr;emko.com.tr;İİB-MOB.KAĞIT VE ORMAN İHR.BRL.
ÇANAKÇILAR SERAMİK SAN.VE TİC.AŞ.;BARBAROS MAH. HALK CAD. İSTANBUL/ATAŞEHİR;ZONGULDAK;ZONGULDAK;03725355130;www.canakcilar.com.tr;canakcilar.com.tr;İİB-MOB.KAĞIT VE ORMAN İHR.BRL.
SALONİ MOBİLYA SANAYİ VE TİCARET ANONİM ŞİRKETİ;YENİCEKÖY MAHALLESİ FATIH SULTAN MEHMET HAN BULVAR SEDİR MOBİLYA SİTESİ NO:36 İÇ KAP NO:1;BURSA;İNEGÖL;(224) 7113130; saloni.furniture ;saloni.furniture;İİB-MOB.KAĞIT VE ORMAN İHR.BRL.
HÜPPE INŞAAT MAL. SAN. VE TIC A.Ş.;ORGANİZE SAN.BÖLG.ATATÜRK CAD.4.SOK.NO:2;TEKIRDAĞ; ;(282) 7581511;www.hueppe.com.tr;hueppe.com.tr;İİB-MOB.KAĞIT VE ORMAN İHR.BRL.
VOİS MOBİLYA İTH.İHR.SAN.TİC.LTD.ŞTİ.;MECİDİYE MAH. SÜRME SOK. NO:27/1 ;İSTANBUL;SULTANBEYLİ;(216) 5614004; www.woissmobili.com.tr ;woissmobili.com.tr;İİB-MOB.KAĞIT VE ORMAN İHR.BRL.
AKPA ALÜMİNYUM SANAYİ VE TİCARET ANONİM ŞİRKETİ;HÜRRİYET MH.DR.CEMİL BENGÜ CD.NO:6;İSTANBUL; ;(212) 2242055;www.akpaltd.com.tr;akpaltd.com.tr;İİB-MOB.KAĞIT VE ORMAN İHR.BRL.
ÇAMSAN ENTEGRE AĞAÇ SAN. VE TİC. AŞ;BILKENT PLAZA A3 BLOK B GIRISIKAT:3 D:6;ANKARA;ÇANKAYA;03122662400;www.camsan.com;camsan.com;İİB-MOB.KAĞIT VE ORMAN İHR.BRL.
AR KAĞIT KOZMETİK SAN VE TİC. A.Ş.;AKŞEMSETTİN MAH FATİH BLV N:539;İSTANBUL;SULTANBEYLİ;(216) 4963935;www.arkagit.com.tr;arkagit.com.tr;İİB-MOB.KAĞIT VE ORMAN İHR.BRL.
BÜROSIT BÜRO DONANIMLARI SAN. VE TİC. A.Ş.;DEMİRTAŞ DUMLUPINAROSB MAH. 1.NİLÜFER SK. NO:5;BURSA;OSMANGAZİ;(224) 2802000;www.burosit.com;burosit.com;İİB-MOB.KAĞIT VE ORMAN İHR.BRL.
ASAS-KA PLS.METAL KALIP SAN. TİC.LTD.ŞTİ.;IKITELLI ORG.SAN.BÖL.ISTEKSDOKUMACILAR SAN.SIT.C6 BL.NO:2;İSTANBUL;BAŞAKŞEHİR;(212) 4857700;www.asaska.com;asaska.com;İİB-MOB.KAĞIT VE ORMAN İHR.BRL.
NORSS MOBİLYA SAN.VE TİC.LTD.ŞTİ.;HUZUR MAH.MOBİLYA VADİ CAD.NO:2 İÇ KAPI NO : 116;BURSA;İNEGÖL;(224) 0000000;http://www.norss.tr;norss.tr;İİB-MOB.KAĞIT VE ORMAN İHR.BRL.
NETA YAPI ENDUSTRI VE TICARET LTD.STI.;ZÜHTÜPAŞA MAH.  M.NURETTİN SELÇUKCAD. GÜLER APT NO/98/A;İSTANBUL;KADIKÖY;(216) 3457545;www.netahavuz.com;netahavuz.com;İİB-MOB.KAĞIT VE ORMAN İHR.BRL.
VOLKAN MUTFAK YAPI DEKORASYON SANAYİ VE TİCARET LİMİTED ŞİRKETİ;YENİ SANAYİ SİTESİ 15/A BLOK NO:18-19 ;EDIRNE;MERKEZ;(284) 2365051;https://www.volkanmutfak.net;volkanmutfak.net;İİB-MOB.KAĞIT VE ORMAN İHR.BRL.
TESCOBAR MAKİNA SAN.TİC.A.Ş.;ORTAMAHALLE MAH.ABDİ İPEKÇİ CAD.NUMARA:1 DAİRE:74 BAYRAMPAŞA TİC.MERKEZİ;İSTANBUL;BAYRAMPAŞA;(212) 5761949;www.tescobar.com.tr;tescobar.com.tr;İİB-MOB.KAĞIT VE ORMAN İHR.BRL.
VENTE DIŞ TİCARET DANIŞMANLIK ANONİM ŞİRKETİ;GÖZTEPE MAH. BAĞDAT CAD. ZAFER APT NO:205 DAİRE:12 ;İSTANBUL;KADIKÖY;(216) 3698767;www.ventecihaz.com.tr;ventecihaz.com.tr;İİB-MOB.KAĞIT VE ORMAN İHR.BRL.
OKAN GÜLER-OKAN OTURMA GRUPLARI VE KOLTUK SANAYI;ALİBEY MÜCAVİR SOK.NO:3ALIBEYKÖY GİRİŞİ;BURSA;İNEGÖL;(224) 7297050;www.okankoltuk.com;okankoltuk.com;İİB-MOB.KAĞIT VE ORMAN İHR.BRL.
EDA DIŞ TİC. VE TEKS. PAZ. AŞ;ORG.SAN.BÖLG.ATATÜRK CD.4.SK.NO:10/12;TEKIRDAĞ;ÇERKEZKÖY;(282) 7355500;www.bonysocks.com;bonysocks.com;İİB-MOB.KAĞIT VE ORMAN İHR.BRL.
AY TEKS TEKS. SAN. VE DIŞ TİC. LTD. ŞTİ.;MATBAACI OSMANBEY SOKAKNO 25/13;İSTANBUL;ŞİŞLİ;;www.ayteks.com;ayteks.com;İİB-MOB.KAĞIT VE ORMAN İHR.BRL.
MONDİ KALE NOBEL AMBALAJ SANAYİ VE TİCARET A.Ş.;BUYUKKARISTIRAN MEVKIIMURATLI SAPAGI E5 K.YOLU ÜZR.;KIRKLARELI;LÜLEBURGAZ;02884362500;www.mondigroup.com;mondigroup.com;İİB-MOB.KAĞIT VE ORMAN İHR.BRL.
DIASAN BASIM FORM MATBAACILIK SAN. VE TIC. A.Ş.;ESENYURT ÖRNEK MH. ALKOOP SAN.SIT. NURHAS PLAZA NO:1/1;İSTANBUL;ESENYURT;(212) 8582141;www.diasan.com.tr;diasan.com.tr;İİB-MOB.KAĞIT VE ORMAN İHR.BRL.
ZİLAN DIŞ TİC.LTD.ŞTİ.;YENIKAPIKATIPKASIM SOK.NO:62;İSTANBUL; ;(212) 6322323;www.zilanltd.com;zilanltd.com;İİB-MOB.KAĞIT VE ORMAN İHR.BRL.
ÖZTİRYAKİLER MADENİ EŞYA SANAYİ VE TİCARET ANONİM ŞİRKETİ;CUMHURİYET MH.ESKİ HADIMKÖY YOLU  NO:8 DAİRE:1;İSTANBUL;BÜYÜKÇEKMECE;(212) 8867800;www.oztiryakiler.com.tr;oztiryakiler.com.tr;İİB-MOB.KAĞIT VE ORMAN İHR.BRL.
TAM-TAŞ MAKİNA SAN.VE TİC.A.Ş.;İKİTELLİ OSB MAH. HESSKOOP D BLOK HESSKOOP SİTESİ NO:30-31-32;İSTANBUL;BAŞAKŞEHİR;02125542266;www.tamtas.net;tamtas.net;İİB-MOB.KAĞIT VE ORMAN İHR.BRL.
KIMSEL KIMYEVI ENDUSTRI HAMMADDELERI SAN.VE TIC.A.Ş;YENİŞEHİR MAHALLESİ TURGUT ÖZAL BULVARI NO:32;İSTANBUL;ATAŞEHİR;(216) 5809515;www.kimsel.com;kimsel.com;İİB-MOB.KAĞIT VE ORMAN İHR.BRL.
ASKOLT MOBILYA SANAYI VE TICARET LIMITED SIRKETI;SÜLEYMANİYE OSB MAH. 4 CADDE NO:26 ;BURSA;İNEGÖL;(224) 7115748;www.feyzamobilya.com;feyzamobilya.com;İİB-MOB.KAĞIT VE ORMAN İHR.BRL.
LALYA MOBİLYA PROJE LİMİTED ŞİRKET;CUMHURİYET MAH. MAREŞAL FEVZİ ÇAKMAK CAD. NO: 33A;BURSA;İNEGÖL;(224) 7770130;https://lalyafurniture.com/;lalyafurniture.com;İİB-MOB.KAĞIT VE ORMAN İHR.BRL.
YENİRENK MEDYA YAYINCILIK REKLAMCILIK SANAYİ VE TİCARET LİMİTED ŞİRKETİ;"YUNUS EMRE MAHALLESİ, ÇAPA SOKAK,NO: 1/A BOĞAZKÖY";İSTANBUL;ARNAVUTKÖY;(212) 8095252;http://www.yenirenk.com.tr;yenirenk.com.tr;İİB-MOB.KAĞIT VE ORMAN İHR.BRL.
BISCI MOBILYA AKSESUARLARI VE KOMPONENTLERI DIŞ TIC.LTD.ŞTI.;ORGANIZE SAN. BOL. KERESTECILERSIT.8 BLK NO. 2-4;İSTANBUL;BAŞAKŞEHİR;(212) 6700116;www.bisci.com.tr;bisci.com.tr;İİB-MOB.KAĞIT VE ORMAN İHR.BRL.
FRİTO LAY GIDA SAN.VE TİC.A.Ş;NORA CENTER K.4/5/6/7  USKUDARCAD.CAYIRYOLU SOK.;İSTANBUL;KADIKÖY;02165741505;www.fritolay.com.tr;fritolay.com.tr;İİB-MOB.KAĞIT VE ORMAN İHR.BRL.
STANDART TİM REKLAMCILIK SAN. VE TİC. A.Ş.;RAMAZANOGLU MAH. YEREL SOK. NO.1;İSTANBUL;PENDİK;(216) 5953040;http://www.standart-tim.com/tr/;standart-tim.com;İİB-MOB.KAĞIT VE ORMAN İHR.BRL.
BİLGE İNOKS SANAYİ VE TİCARET ANONİM ŞİRKETİ;FERHATPAŞA CAD. NO.13;İSTANBUL; ;(212) 6122630;www.bilgemetal.com;bilgemetal.com;İİB-MOB.KAĞIT VE ORMAN İHR.BRL.
KUMTEL DAYANIKLI TÜKETİM MAL.PLS.SAN.TİC.A.Ş.;ORG.SAN.BÖL. 6.CD. NO:42 ;KAYSERI;MELİKGAZİ;(352) 3211400;www.kumtel.com;kumtel.com;İİB-MOB.KAĞIT VE ORMAN İHR.BRL.
SEDIR MOBILYA VE ORM. ÜRÜNLERI SAN. VE TIC. LTD. ŞTI.;YENICE FSM BULVARI NO:34;BURSA;İNEGÖL;(224) 7381818;www.classi.com.tr;classi.com.tr;İİB-MOB.KAĞIT VE ORMAN İHR.BRL.
KASTAMONU ENTEGRE AĞAÇ SANAYİ VE TİCARET A.Ş.;KISIKLI CAD. NO-1334662;İSTANBUL;ÜSKÜDAR;(216) 5543000;www.kastamonuentegre.com.tr;kastamonuentegre.com.tr;İİB-MOB.KAĞIT VE ORMAN İHR.BRL.
BİLKONT DIŞ TİC. VE TEKS. SAN. AŞ;KERESTECİLER SİT.MEHMET AKİFBEY CD.KIZILCIK  SK.NO:8;İSTANBUL;GÜNGÖREN;(212) 4842090;www.bilkont.com.tr;bilkont.com.tr;İİB-MOB.KAĞIT VE ORMAN İHR.BRL.
LEFAXX JEANS İÇ VE DIŞ TİC. LTD. ŞTİ.;MAHMUTBEY MAH. DEVEKALDIRIMI CAD.NO:33 MAHMUTBEY MAH;İSTANBUL;BAĞCILAR;(212) 4742963;www.lefaxx.com;lefaxx.com;İİB-MOB.KAĞIT VE ORMAN İHR.BRL.
SEBA KUMAŞ MATBAA GIDA İTHALAT İHRACAT SANAYİ VE TİCARET LİMİTED ŞİRKETİ;ABDURRAHMAN NAFIZ GÜRMAN MAH. METE SOKAK NO:3/E;İSTANBUL;GÜNGÖREN;(212) 5050005;http://www.sebamatbaa.com;sebamatbaa.com;İİB-MOB.KAĞIT VE ORMAN İHR.BRL.
ARAS DUVAR KAĞITLARI SAN. TİC. LTD.ŞTİ.;Y. DUDULLU MAH. NECİP FAZIL BLV. KEYAP SİT. J2 BLOK 44/153;İSTANBUL;ÜMRANİYE;(216) 4208250;www.arasduvar.com;arasduvar.com;İİB-MOB.KAĞIT VE ORMAN İHR.BRL.
MİRAY TEKS. SAN. VE DIŞ TİC. LTD. ŞTİ. ;E5 KARAYOLU ÜZERI HARAMIDERE MEVKII  GÜZELYURT M.  N:9;İSTANBUL;BEYLİKDÜZÜ;02128539919;www.miraytekstil.com.tr;miraytekstil.com.tr;İİB-MOB.KAĞIT VE ORMAN İHR.BRL.
İNMOB MOBİLYA KOL.NAK.İNŞ.VE TİC.LTD.ŞTİ;HAMZABEY OSB. MAH. 4. CAD. NO:9;BURSA;İNEGÖL;(224) 7185805;www.nell.com.tr;nell.com.tr;İİB-MOB.KAĞIT VE ORMAN İHR.BRL.
KAYALAR KİMYA SANAYİ VE TİCARET ANONİM ŞİRKETİ;YAKACIK YANYOL SENEM SOK.NO:7;İSTANBUL; ;(216) 3770045;www.kayalarkimya.com.tr;kayalarkimya.com.tr;İİB-MOB.KAĞIT VE ORMAN İHR.BRL.
GÖNCAY AMBALAJ SANAYİ VE TİCARET A.Ş.;KAVAKLI İSTİKLAL MAH. HAZAR SOK. NAZKAYA NO:4;İSTANBUL;SİLİVRİ;(212) 7238660;www.goncaypackaging.com;goncaypackaging.com;İİB-MOB.KAĞIT VE ORMAN İHR.BRL.
SERRA SÜNGER VE PETROL ÜRÜNLERİ SAN. VE TİC.A.Ş.;SÜLEYMANİYE OSB MAH. TAYYARE MEYDANI CAD. NO:18;BURSA;İNEGÖL;(224) 7148780;www.serrasunger.com;serrasunger.com;İİB-MOB.KAĞIT VE ORMAN İHR.BRL.
BUBA TASARIM SANAYİ VE TİCARET ANONİM ŞİRKETİ;KAVAKLI MH DENİZ AKTAŞ CD TG PLAZA NO:1 ;İSTANBUL;ESENYURT;(212) 6717173;www.mamatoyz.com.tr;mamatoyz.com.tr;İİB-MOB.KAĞIT VE ORMAN İHR.BRL.
SARMASIK ISI SANAYI VE TIC.A.S;ESKI OTO SAN. SIT. MENDERES CD. NO.7;İSTANBUL;KAĞITHANE;(212) 2847305;www.sarmasik.com.tr;sarmasik.com.tr;İİB-MOB.KAĞIT VE ORMAN İHR.BRL.
FURKAN OFSET MATBAAC. KUTU VE AMBL. SAN. VE TIC. LTD. ŞTI.;PANAYIR MAH. İSTANBUL CAD. NO:490 ;BURSA;OSMANGAZİ;(224) 2110404;www.furkanofset.com.tr;furkanofset.com.tr;İİB-MOB.KAĞIT VE ORMAN İHR.BRL.
NOTTA GLOBAL MOBILYA LOJISTIK SANAYI VE TICARET LIMITED SIRKETI;İNFO@NOTTAGLOBAL.COM;BURSA;OSMANGAZİ;(224) 0000000;www.nottaglobal.com;nottaglobal.com;İİB-MOB.KAĞIT VE ORMAN İHR.BRL.
GLOBAL GAZLI AMORT.PAZ.VE DIS TIC.LTD.STI.;VELİKÖY ORGANİZE SANAYİ BÖLGESİ MAHALLESİ 6. CADDE NO:13/1;TEKIRDAĞ;ÇERKEZKÖY;(282) 7461350;www.ggstr.com;ggstr.com;İİB-MOB.KAĞIT VE ORMAN İHR.BRL.
A VE A BASIM YAYIN SAN. TIC. LTD. ŞTI.;CIHANGIR MH. GÜVERCIN CD. NO:3/1BAHA IŞ MERKZ. A BLOK KAR:2 ;İSTANBUL;AVCILAR;(212) 4121700;www.mega.com.tr;mega.com.tr;İİB-MOB.KAĞIT VE ORMAN İHR.BRL.
AKYOL MOBILYA SAN. VE TIC.LTD. ŞTI.;MOBİLYA VE AĞAÇ İŞLERİ İHTİSAS ORGANİZE SANAYİ BÖLGESİ 17.CADDE NO:11  HAMZABEY;BURSA;İNEGÖL;(224) 7149333;www.odam.com.tr;odam.com.tr;İİB-MOB.KAĞIT VE ORMAN İHR.BRL.
CARGILL TARIM SAN. VE TİC. AŞ;KISIKLI CAD.NO:4 A BLOKBÖLÜM 8-9-10-11;İSTANBUL;ÜSKÜDAR;(216) 5541800;www.cargill.com.tr;cargill.com.tr;İİB-MOB.KAĞIT VE ORMAN İHR.BRL.
TD TECH DESİGN  MOBİLYA SAN VE TİC.A.Ş;SANCAKTEPE EMEK MAH.SIVAT CAD. NO:11;İSTANBUL;SANCAKTEPE;(216) 5261792; www.loda.com.tr ;loda.com.tr;İİB-MOB.KAĞIT VE ORMAN İHR.BRL.
3K SÜNGER KUMAŞ VE DÖŞEME MALZ. PAZ. İTH. VE İHR. SAN VE TİC. LTD.ŞTİ;KÜÇÜK BALIKLI MAH. KÜÇÜK BALIKLI CAD. NO:70;BURSA;OSMANGAZİ;;www.3kmalzeme.com;3kmalzeme.com;İİB-MOB.KAĞIT VE ORMAN İHR.BRL.
ASIR GROUP İHRACAT A.Ş;ORGANİZE SANAYİ MAH.10.CAD 34 PORTALL PLAZA NO.7 E/7;İSTANBUL;BAŞAKŞEHİR;(212) 4387550;http://www.asirgroup.com;asirgroup.com;İİB-MOB.KAĞIT VE ORMAN İHR.BRL.
BİRLEŞİK FIRÇA SAN. VE TİC. AŞ;ÜNİVERSİTE MAH. FİRUZKÖY BULVARI NO:28;İSTANBUL;AVCILAR;(212) 5911416;www.birlesikfirca.com;birlesikfirca.com;İİB-MOB.KAĞIT VE ORMAN İHR.BRL.
SEFER DİZAYN MOBİLYA İNŞ. SAN. VE DIŞ TİC.LTD.ŞTİ;ŞEMSİPAŞA MAH.KÜÇÜKKÖY CAD. NO:157NO:54;İSTANBUL;GAZİOSMANPAŞA;(212) 4777706;www.diamondfitout.com;diamondfitout.com;İİB-MOB.KAĞIT VE ORMAN İHR.BRL.
PROP TEKSTİL ÜRETİM LTD. ŞTİ. ;GİYİMKENT 6.SOKAK NO:65/A;İSTANBUL;ESENLER;(212) 6715500;www.prop.com.tr;prop.com.tr;İİB-MOB.KAĞIT VE ORMAN İHR.BRL.
BEK TEKNİK ENERJİ TİCARET LTD. ŞTİ.;MİMARSİNAN MAH.KAVAKLI DERE CAD. KARAO. APT NO:5A İÇ KAPI NO:1;İSTANBUL;ÇEKMEKÖY;(216) 4104090;www.bekltd.com.tr;bekltd.com.tr;İİB-MOB.KAĞIT VE ORMAN İHR.BRL.
GÜRMEN GİYİM SAN. VE TİC. AŞ;BOSTONBÜKÜ KÖYÜ;KARABÜK;SAFRANBOLU;(370) 7412546;www.gurmen.com.tr;gurmen.com.tr;İİB-MOB.KAĞIT VE ORMAN İHR.BRL.
KENAR MOBİLYA İNŞ.DIŞ TİC. SAN.VE TİC.LTD.ŞTİ;HESKOP SANAYİ SİTESİ M-5 BLOK NO:82-84 İKİTELLİ;İSTANBUL;BAŞAKŞEHİR;(212) 4952876;www.kenar.com.tr;kenar.com.tr;İİB-MOB.KAĞIT VE ORMAN İHR.BRL.
TEMSA SKODA SABANCI ULAŞIM ARAÇLARI A.Ş.;YOLGEÇEN MH.TURHAN CEMAL BERİKER BULV. NO:561-563;ADANA;SEYHAN;(322) 4410226;www.temsaglobal.com;temsaglobal.com;İİB-MOB.KAĞIT VE ORMAN İHR.BRL.
BOĞAZIÇI ZIL SAN.VE TIC.LTD. ŞTI.;HABİBLER KÖYÜ YILDIZLAR CAD. NO:40/A;İSTANBUL;SULTANGAZİ;(212) 5950263;www.bosphoruscymbals.com.tr;bosphoruscymbals.com.tr;İİB-MOB.KAĞIT VE ORMAN İHR.BRL.
CHECKPOİNT CHECKNET ETİKET LTD. ŞTİ. ;BAKIR VE PIRINCCILER SIT.CIGDEM C.N:1 ZEMIN KAT;İSTANBUL;BEYLİKDÜZÜ;02128764785;www.ads-worldwide.com;ads-worldwide.com;İİB-MOB.KAĞIT VE ORMAN İHR.BRL.
KASELLA BÜRO SİSTEMLERİ SAN. VE TİC. LTD. ŞTİ.;HARAÇÇI MERKEZ MAH. ATATÜRKBULV. NO:3;İSTANBUL;ARNAVUTKÖY;(212) 6832040;www.casella.com.tr;casella.com.tr;İİB-MOB.KAĞIT VE ORMAN İHR.BRL.
TEKNOGON TEŞHİR ELEMANLARI SANAYİ ANONİM ŞİRKETİ;ATATÜRK SAN.BÖLG.METIN OKTAYCAD.NO:1;İSTANBUL;ÇATALCA;(212) 7713250;www.teknogon.com;teknogon.com;İİB-MOB.KAĞIT VE ORMAN İHR.BRL.
PERİ KALIP VE İSKELELERİ SANAYİ VE TİCARET LİMİTED ŞİRKETİ;AKÇABURGAZ MAH. 3069 SOK. NO:23;İSTANBUL;ESENYURT;(212) 8867400;www.peri.com.tr;peri.com.tr;İİB-MOB.KAĞIT VE ORMAN İHR.BRL.
CENART TASARIM LİMİTED.ŞTİ;İKİTELLİ OSB. KERESTECİLER SİTESİ 2.BLOK NO:26-28-30-32 ;İSTANBUL;BAŞAKŞEHİR;(212) 6135182;www.cenart.com.tr;cenart.com.tr;İİB-MOB.KAĞIT VE ORMAN İHR.BRL.
ESTETİK DERİ TEKSTİL SAN. VE DIŞ TİC. LTD. ŞTİ. ;GÖKALP M.32.SOK NO:23;İSTANBUL;ZEYTİNBURNU;02124161026;www.estekdekor.com;estekdekor.com;İİB-MOB.KAĞIT VE ORMAN İHR.BRL.
REFERANS OFİS MOBİLYALARI İNŞ.SAN.VE TİC.LTD.ŞTİ.;GÜRSEL MAH.KAĞITHANE CAD.NUMARA:106/B;İSTANBUL;KAĞITHANE;(212) 2105052;www.referansofis.com;referansofis.com;İİB-MOB.KAĞIT VE ORMAN İHR.BRL.
TRANS-CAN TRAFOIZOLASYON SANAYİ VE TİCARET LİMİTED ŞİRKETİ;OMERAGA MAH.HÜRRİYET CAD. GÖKSELLER ISHANI NO:85 K:5;KOCAELI;İZMİT;(262) 0000000;http://www.transcantrafo.com;transcantrafo.com;İİB-MOB.KAĞIT VE ORMAN İHR.BRL.
DOĞANLAR MOBİLYA GRUBU İMALAT SAN. VE TİC.A.Ş;ZÜMRÜT EVBLER MH. ÇILEK SK . NO:5;İSTANBUL;MALTEPE;02163837878;www.kelebek.com.tr;kelebek.com.tr;İİB-MOB.KAĞIT VE ORMAN İHR.BRL.
ULUBAŞ İZOLASYON MALZ.KİM.SAN.VE TİC.A.Ş.;DURSUNKÖY MAH. BAĞLAR CAD. NO:10/3 ;İSTANBUL;ARNAVUTKÖY;; https://www.doorest.com.tr/ ;doorest.com.tr;İİB-MOB.KAĞIT VE ORMAN İHR.BRL.
5A MOBİLYA SAN. TİC. LTD.ŞTİ.;MASKO 5A BLOK NO.27-29;İSTANBUL;BAŞAKŞEHİR;(212) 6750264;https://www.5adesign.com.tr/;5adesign.com.tr;İİB-MOB.KAĞIT VE ORMAN İHR.BRL.
İSTİKBAL MOBİLYA SAN.TİC.A.Ş.;ORG.SAN.BÖL. 8.CD. NO:60;KAYSERI;MELİKGAZİ;(352) 3220101;www.istikbal.com.tr;istikbal.com.tr;İİB-MOB.KAĞIT VE ORMAN İHR.BRL.
AHŞAP ÜRÜNLER SANAYİ ANONİM ŞİRKETİ;SIVAT YOLU NO: 7 (38 PARSEL);İSTANBUL;SANCAKTEPE;(216) 4664343;www.ahsap.com.tr;ahsap.com.tr;İİB-MOB.KAĞIT VE ORMAN İHR.BRL.
TESA BANT SAN.VE TİC.A.Ş;MERDİVENKÖY BORA SOK. NO.1 NİDAKULE GÖZTEPE K.4;İSTANBUL;KADIKÖY;02165789000;www.tesa.com;tesa.com;İİB-MOB.KAĞIT VE ORMAN İHR.BRL.
ASPEN YAPI VE ZEMİN SİSTEMLERİ SAN. VE TİC. AŞ;CENDERE CAD.PORTA VADİ T2 BLOK NO:103/1 D:14 HAMİDİYE 34408;İSTANBUL;KAĞITHANE;(212) 2748111;www.aspen.com.tr;aspen.com.tr;İİB-MOB.KAĞIT VE ORMAN İHR.BRL.
ARFESAN ARKAN FREN ELEMANLARI SAN.TİC.A.Ş.;GEBZE ORG.SAN.BÖLGESI IHSAN DEDE CAD.300 SOK. NO:304 ;KOCAELI;GEBZE;(262) 6488200;www.arfesan.com.tr;arfesan.com.tr;İİB-MOB.KAĞIT VE ORMAN İHR.BRL.
CHT TURKEY KIMYA SANAYİ VE TİCARET ANONİM ŞİRKETİ;AKÇABURGAZ MAH. 3118 SOK. NO.2;İSTANBUL;ESENYURT;(212) 8867913;www.cht.com.tr;cht.com.tr;İİB-MOB.KAĞIT VE ORMAN İHR.BRL.
TEKNİK DÖKÜM KAPLAMA MALZEMELERİ SANAYİ VE TİCARET ANONİM ŞİRKETİ;DELİKLİKAYA MH KISIKLI CD NO:69;İSTANBUL;ARNAVUTKÖY;(212) 5185757;www.teknikdokum.com;teknikdokum.com;İİB-MOB.KAĞIT VE ORMAN İHR.BRL.
DEMTA ISI VE ENDÜSTRİYEL TESİSLER SAN.VE TİC.LTD.ŞTİ.;HASANPAŞA MAH. UZUNÇAYIR CAD. LAVANTA SOK.NO:38  SK.NO:38;İSTANBUL;KADIKÖY;(216) 3263223;www.demta.com;demta.com;İİB-MOB.KAĞIT VE ORMAN İHR.BRL.
ER TIBBİ ÜRÜNL SAĞLIK HİZM.PAZ.VE DIŞ TİC.LTD.ŞTİ;HALİDE EDİP ADIVAR MAH. AKAR CAD. NO:38 KAT:3 D:8;İSTANBUL;ŞİŞLİ;(212) 2103220;www.sacekimmalzemeleri.com;sacekimmalzemeleri.com;İİB-MOB.KAĞIT VE ORMAN İHR.BRL.
YAZAKİ OTOMOTİV YAN SAN. VE TİC. A.Ş.;BSB HİSAR MEVKİİ LİMAN YOLU;BURSA;MUDANYA;(224) 2701000;www.yazaki-europe.com;yazaki-europe.com;İİB-MOB.KAĞIT VE ORMAN İHR.BRL.
MENSA MOBİLYA TEKSTİL SAN VE TİC.LTD.ŞTİ.;MAHMUDİYE MAH.23.MOBİLYA SOK SS.KÜÇÜK SAN. SİT B BLOK NO:1A;BURSA;İNEGÖL;(224) 0000000;www.holywooddeco.com;holywooddeco.com;İİB-MOB.KAĞIT VE ORMAN İHR.BRL.
AK-PA TEKSTİL İHR. PAZ. AŞ;MİRALAY ŞEFİK BEY SK.AK HANNO:15/17;İSTANBUL;BEYOĞLU;(212) 2519200;www.akpa.com.tr;akpa.com.tr;İİB-MOB.KAĞIT VE ORMAN İHR.BRL.
TUVA TEKSTİL VE YAYINCILIK LTD. ŞTI .;MERKEZ MAH. ÇAVUSBAŞI CAD. NO:71 ;İSTANBUL;ÇEKMEKÖY;(216) 6426262;www.tuvayayincilik.com;tuvayayincilik.com;İİB-MOB.KAĞIT VE ORMAN İHR.BRL.
DANIŞ GİYİM DIŞ TİC. VE SAN. LTD. ŞTİ. ;KEMALPAŞA MAH. FETHİ BEY CAD. NO:39 LALELİ İSTANBUL;İSTANBUL;FATİH;(212) 5185499;www.danisgroup.com;danisgroup.com;İİB-MOB.KAĞIT VE ORMAN İHR.BRL.
AGB KUTU İML.İTH VE İHR SAN VE TİC.LTD.ŞTİ;HALKALI MERKEZ MAH.1. IHLAMUR SOK.NO:31;İSTANBUL;KÜÇÜKÇEKMECE;(212) 5186915; www.alfagoldbox.com ;alfagoldbox.com;İİB-MOB.KAĞIT VE ORMAN İHR.BRL.
BELLONA MOBİLYA SANAYİ VE TİCARET ANONİM ŞİRKETİ;ORGANİZE SANAYİ BÖLGESİ 8.CAD.NO:14;KAYSERI; ;(0-352) 3211670;www.bellona.com.tr;bellona.com.tr;İİB-MOB.KAĞIT VE ORMAN İHR.BRL.
ATABAY KİMYA SANAYİ VE TİCARET ANONİM ŞİRKETİ;ACIBADEM KÖFTÜNCÜ SOK.NO:1;İSTANBUL;KADIKÖY;(216) 3266965;www.atabay.com;atabay.com;İİB-MOB.KAĞIT VE ORMAN İHR.BRL.
KİBAR DIŞ TİCARET ANONİM ŞİRKETİ;TERSANE CAD. IŞIK İŞ MRKZ. NO:92 K:2-3-4;İSTANBUL;BEYOĞLU;(212) 2564970;www.kibarholding.com;kibarholding.com;İİB-MOB.KAĞIT VE ORMAN İHR.BRL.
SP SERİ PAKETLEME .VE AMB.SAN. VE TIC.LTD.ŞTI.;ATATÜRK MAH MARMARA SANSITESI JANDARMA J BLOK NO 197;İSTANBUL;KÜÇÜKÇEKMECE;02124944395;www.ser-pak.com;ser-pak.com;İİB-MOB.KAĞIT VE ORMAN İHR.BRL.
PENTİ ÇORAP SAN. VE TİC. AŞ;EVREN MAH.TUFAN SK.NO:22 ;İSTANBUL;BAĞCILAR;(212) 6300249;www.penti.com.tr;penti.com.tr;İİB-MOB.KAĞIT VE ORMAN İHR.BRL.
DORA KUYUMCULUK SAN.VE TİC.AŞ.;ATATÜRK MAH. MARMARA SAN. SIT.L BLOK NO:233-234;İSTANBUL;KÜÇÜKÇEKMECE;(212) 4721770;www.dorarings.com;dorarings.com;İİB-MOB.KAĞIT VE ORMAN İHR.BRL.
GAMZE SÖYLER;FETİH MAH. KARS SK. NO:7 B;İSTANBUL;ATAŞEHİR;(216) 0000000;www.mosspa.com;mosspa.com;İİB-MOB.KAĞIT VE ORMAN İHR.BRL.
DİLEXA TÜKETİM ÜR. SAN. VE TİC. A.Ş.;6093. SK. NO:78;İSTANBUL;SİLİVRİ;(212) 4110900;www.canbebe.com;canbebe.com;İİB-MOB.KAĞIT VE ORMAN İHR.BRL.
KLAS MEDİKAL CİHAZLAR SANAYİ MÜMESSİLLİK VE İÇ VE DIŞ TİCARET LİMİTED ŞİRKETİ;RAMAZANOĞLU MAHALLESİ MAHSUS SOKAK NO:1;İSTANBUL;PENDİK;(216) 4468179;www.klasmedical.com;klasmedical.com;İİB-MOB.KAĞIT VE ORMAN İHR.BRL.
YELKEN BASIM YAYIN SAN.TIC. LTD.ŞTI.;YEŞILCE MAH.ÇELIK SOK. NO:24ZEMİN KAT;İSTANBUL;KAĞITHANE;(212) 2803110;www.yelkenbasim.com.tr;yelkenbasim.com.tr;İİB-MOB.KAĞIT VE ORMAN İHR.BRL.
KEMERBURGAZ OFİS VE OKUL GEREÇLERİ SAN.TİC.A.Ş.;YILDIZ CAD TATAR HUSEYIN SOKNO:6/1;İSTANBUL;BEŞİKTAŞ;02122586715;www.karettakartus.com;karettakartus.com;İİB-MOB.KAĞIT VE ORMAN İHR.BRL.
RIZA BOLAT - ADAR MOBİLYA;MAHMUDİYE MAH. GÜRBÜZ SOKAK NO.11/D;BURSA;İNEGÖL;(224) 7111631;www.mertmoble.com.tr;mertmoble.com.tr;İİB-MOB.KAĞIT VE ORMAN İHR.BRL.
NOVA CORPORATE ID MOBİLYA VE REKLAMCILIK SANAYİ TİCARET AŞ.;YENİŞEHİR MAH. SÜMBÜL SK.EKİNCİ RESİDANCE NO:8/1 104 ;İSTANBUL;PENDİK;(262) 6777000;http://www.nova-tr.com;nova-tr.com;İİB-MOB.KAĞIT VE ORMAN İHR.BRL.
ADEL KALEMCİLİK TİC. VE SAN. AŞ;ŞEKERPINAR MAH. YAYOL SOK NO:7 41480;KOCAELI;ÇAYIROVA;(850) 6777000;www.adel.com.tr;adel.com.tr;İİB-MOB.KAĞIT VE ORMAN İHR.BRL.
KOROZO AMBALAJ SAN. VE TİC. AŞ;NAMIK KEMAL MAH.ORHAN VELİ CAD. NO:13;İSTANBUL;BÜYÜKÇEKMECE;(212) 8666666;www.korozo.com;korozo.com;İİB-MOB.KAĞIT VE ORMAN İHR.BRL.
ELEKS DIŞ TİCARET ANONİM ŞİRKETİ;HACIMİMİ MAH. KEMERALTI CAD.  ERGİM KAM HOLDİNG NO:17 D:4;İSTANBUL;BEYOĞLU;(216) 4589200;www.eleks.com.tr;eleks.com.tr;İİB-MOB.KAĞIT VE ORMAN İHR.BRL.
BATA METAL MOBİLYA TASARIM ÜRETİM ANONİM ŞİRKETİ;DERİ OSB NO: 5 İSTANBUL TUZLA DOLAP CADDESİ;İSTANBUL;TUZLA;(262) 7512709;www.bt.design;bt.design;İİB-MOB.KAĞIT VE ORMAN İHR.BRL.
CROSS TEKS. SAN. VE TİC. AŞ;EVREN M. GULBAHAR CD. GULTEPESK. NO.5/B  K.1;İSTANBUL;BAĞCILAR;02125502929;www.crossjeans.com;crossjeans.com;İİB-MOB.KAĞIT VE ORMAN İHR.BRL.
FRANCES DIŞ TİC. VE REKLAMCILIK A.Ş.;ALTINAY CAD.GÜL SOK.NO:3;İSTANBUL;KAĞITHANE;(212) 2945555;www.frances.com.tr;frances.com.tr;İİB-MOB.KAĞIT VE ORMAN İHR.BRL.
TEKO ALÜMİNYUM SANAYİ A.Ş.;KOCATEPE MH.MEGA CENTER C BLOKNO:505;İSTANBUL; ;(212) 6409505;www.teko.com.tr;teko.com.tr;İİB-MOB.KAĞIT VE ORMAN İHR.BRL.
YASİN DURĞUT;MAHMUDİYE MAH. SANAYİ ZAFER CAD.  NO:30;BURSA;İNEGÖL;(224) 7150669;www.fiestakoltuk.com;fiestakoltuk.com;İİB-MOB.KAĞIT VE ORMAN İHR.BRL.
MAVİ GİYİM SAN. VE TİC. AŞ;HUZUR MAH.AZERBAYCAN CAD.D BLOK NO: 4D/7 İÇ KAPI NO: 457;İSTANBUL;SARIYER;(212) 3712000;www.mavi.com;mavi.com;İİB-MOB.KAĞIT VE ORMAN İHR.BRL.
HAKSAN TEKS. GIDA PAZ. TURZ. SAN. VE DIŞ TİC. LTD. ŞTİ.;NİŞANCA MAH.SOĞANAĞA CAD.TAVŞANTAŞI SK.NO:2/4-5;İSTANBUL;FATİH;(212) 6387630;www.haksan.com.tr;haksan.com.tr;İİB-MOB.KAĞIT VE ORMAN İHR.BRL.
BOZTAŞ PREMİUM MOB. LTD. ŞTİ.;HAMZABEY OSB MAH.9. CADDE NO:3/1;BURSA;İNEGÖL;(224) 7148643; www.boztaspremium.com ;boztaspremium.com;İİB-MOB.KAĞIT VE ORMAN İHR.BRL.
BOSS PROMOSYON ÜRÜN.SAN.VE TIC LTD.ŞTI.;ALTINTEPE MAH.İSTASYON YOLU SK.NO:3;İSTANBUL;MALTEPE;(216) 3885012;www.boss-turkey.com;boss-turkey.com;İİB-MOB.KAĞIT VE ORMAN İHR.BRL.
EV-KAP ORMAN ÜRÜNLERI VE YAPI SAN.TIC.LTD.ŞTI.;KARŞIYAKA MAH. ATATÜRK CAD. NO:234TOSYA;KASTAMONU;TOSYA;(366) 3141512;www.evkap.com;evkap.com;İİB-MOB.KAĞIT VE ORMAN İHR.BRL.
MEGA BASIM YAYIN SAN. VE TİC. AŞ;COBANCESME M.KALENDER S.9;İSTANBUL; ;02125511119;www.mega.com.tr;mega.com.tr;İİB-MOB.KAĞIT VE ORMAN İHR.BRL.
BEYPA DIŞ TİC. VE TEKS. SAN. AŞ;AKÇABURGAZ MH.UĞUR MUMCU CAD. NO:47  A BLOK KAT.2;İSTANBUL;ESENYURT;(212) 6721746;www.akkanatholding.com.tr;akkanatholding.com.tr;İİB-MOB.KAĞIT VE ORMAN İHR.BRL.
ARTOFİS MOBİLYA SAN.VE TİC.A.Ş;HASANAĞA ORGANİZE SANAYİ BÖLGESİ11. CADDE NO: 1;BURSA;NİLÜFER;(224) 4842727;www.masachi.com;masachi.com;İİB-MOB.KAĞIT VE ORMAN İHR.BRL.
VEZİRKÖPRÜ ORMAN ÜRÜNLERI VE KAĞIT SAN .A.Ş;ESENTEPE MAH. ADLIYE SARAYI KARŞISINO:8;SAMSUN;VEZİRKÖPRÜ;(362) 6471740;www.turanlargoup.com;turanlargoup.com;İİB-MOB.KAĞIT VE ORMAN İHR.BRL.
EVDEMA YAPI MALZEMELERİ SAN. VE TİC. A.Ş.;TURGUT ÖZAL MAH. 68.NCİ NO.8 ;İSTANBUL;ESENYURT;(212) 4560285;www.evdema.com;evdema.com;İİB-MOB.KAĞIT VE ORMAN İHR.BRL.
NKA MİMARLIK VE YAPI A.Ş.;CADDEBOSTAN MAH. ŞERAFETTİN SOK. NO:3/1 D:1 ;İSTANBUL;KADIKÖY;(216) 5193737;https://www.nkamimarlik.com/;nkamimarlik.com;İİB-MOB.KAĞIT VE ORMAN İHR.BRL.
ONESTO MOB.VE MOB AKS.SAN TİC.LTD.ŞTİ;MAHMUDİYE MAH. 29. MOB. SOK NO:16/1;BURSA;İNEGÖL;(224) 7133306;onesto@onesto.com.tr;onesto.com.tr;İİB-MOB.KAĞIT VE ORMAN İHR.BRL.
EM ELEKTRİK MALZEMELERİ YÜKLENİM SANAYİ TİCARET A.Ş.;ESKİ ANKARA ASFALTI İST.TUZLA ORG.SAN.BÖLGESİ 4.CD.NO:25;İSTANBUL;TUZLA;(216) 5933715;www.emelec.com;emelec.com;İİB-MOB.KAĞIT VE ORMAN İHR.BRL.
ACAR SU ARMATÜRLERİ SAN.VE TİC.LTD.ŞTİ.;TERSANE CAD.KUYUMCU TAHİR SOKAK NO:26-28;İSTANBUL;BEYOĞLU;(212) 2492136;www.acarmusluk.com.tr;acarmusluk.com.tr;İİB-MOB.KAĞIT VE ORMAN İHR.BRL.
COATS (TÜRKİYE) İPLİK SAN. AŞ;ORGANIZE SANAYI BÖLGESI MAVI CAD. NO:2 PK.134/163;BURSA;NİLÜFER;(224) 2431550;www.coest.com;coest.com;İİB-MOB.KAĞIT VE ORMAN İHR.BRL.
ULAS İSTANBUL BASKI ÇÖZÜMLERİ MATB.TEKSTİL MAK. GIDA İTH.İHR.LTD.ŞTİ.;100. YIL MAH. MATBAACILAR  1. CADDE NO:131 ;İSTANBUL;BAĞCILAR;(212) 0000000;www.ulasistanbul.com;ulasistanbul.com;İİB-MOB.KAĞIT VE ORMAN İHR.BRL.
UFUK TANITIM REKLAMCILIK VE TEMZ.ÜRÜNL.SAN.TİC.LTD.ŞTİ.;ISTOÇ 34.ADA NO:1-3-5-7;İSTANBUL;BAĞCILAR;(212) 6597979;www.ufuktanitim.com.tr;ufuktanitim.com.tr;İİB-MOB.KAĞIT VE ORMAN İHR.BRL.
ÇİLEK MOBİLYA  A.Ş.;KURŞUNLU SAN.BÖL.;BURSA;İNEGÖL;(224) 7212866;www.cilek.com.tr;cilek.com.tr;İİB-MOB.KAĞIT VE ORMAN İHR.BRL.
ÜÇ KARDEŞLER INŞ.KERESTECİLİK KIRT.VE TİC.LTD.ŞTİ.; FATİH MAH.ÇENEDERE CAD.NO:145 DERİNCE;KOCAELI;DERİNCE;(262) 2232875;www.3kambalaj.com;3kambalaj.com;İİB-MOB.KAĞIT VE ORMAN İHR.BRL.
SURAPACK AMBALAJ SANAYI VE DIS TICARET ANONIM SIRKETI;DUDULLU OSB MAH.DES 101.SOKAK NO:8/10;İSTANBUL;ÜMRANİYE;(216) 4156655;http://www.surapack.com;surapack.com;İİB-MOB.KAĞIT VE ORMAN İHR.BRL.
ASD LAMİNAT ANONİM ŞİRKETİ;YEŞİLKÖY MAH. ATATÜRK CAD. İSTANBUL DÜNYA TİC. MERKZ. BLOKLARI A1 BLOK NO:10/1 K:16 OFİS NO:463-465-466;İSTANBUL;BAKIRKÖY;(212) 6700360;http://www.asdlaminat.com;asdlaminat.com;İİB-MOB.KAĞIT VE ORMAN İHR.BRL.
ANADOLU ISUZU OTOMOTİV SAN. VE TİC. AŞ;ŞEKERPINAR MAH. OTOMOTİV CAD.NO:2;KOCAELI;ÇAYIROVA;(262) 6588433;www.isuzu.com.tr;isuzu.com.tr;İİB-MOB.KAĞIT VE ORMAN İHR.BRL.
KOZAPAK AMBALAJ VE PAKETLEME SANAYİ TİCARET LİMİTED ŞİRKETİ;MİMAROBA MAH. MUSTAFA KEMAL BLV.NO:4/2/82;İSTANBUL;BÜYÜKÇEKMECE;(850) 3044204;www.kozapak.com;kozapak.com;İİB-MOB.KAĞIT VE ORMAN İHR.BRL.
MEDA IÇ VE DIŞ MEKAN MOB.IML. ITH.IHR.SAN.TIC.LTD.ŞTI.;YUKARI DUDULLU NECİP FAZIL BULVARI NO 84/A;İSTANBUL;ÜMRANİYE;(216) 4202828;www.luvaconcept.com;luvaconcept.com;İİB-MOB.KAĞIT VE ORMAN İHR.BRL.
AYDINLI HAZIR GİYİM SAN. VE TİC. AŞ;MIMARSINAN ESKI LONDRA ASFALTINO:64;İSTANBUL;BÜYÜKÇEKMECE;(212) 8634680;www.aydinli.com.tr;aydinli.com.tr;İİB-MOB.KAĞIT VE ORMAN İHR.BRL.
İNTERLAB LABORATUVAR ÜRÜNLERİ SAN. VE TİC. A.Ş.;ÖMERLİ MAH HADIMKÖY  İSTANBUL CAD.NO:189/1;İSTANBUL;ARNAVUTKÖY;212-7982168-69;www.interlab.com.tr;interlab.com.tr;İİB-MOB.KAĞIT VE ORMAN İHR.BRL.
DEFACTO PERAKENDE TİC. AŞ;DEFACTO PLAZA BASIN EKSPRES YOLU BAHARİYE CAD. NO.31;İSTANBUL;KÜÇÜKÇEKMECE;(212) 7051212;www.defacto.com.tr;defacto.com.tr;İİB-MOB.KAĞIT VE ORMAN İHR.BRL.
TASARIM YAPI SAUNA HAVUZ INŞ. SAN.IÇ VE DIŞ TIC.LTD.ŞTI;ORG.SAN.BÖL.ÇORAPÇILAR SITESIB.BLOK NO:9;İSTANBUL; ;(212) 4860666;www.juno.com.tr;juno.com.tr;İİB-MOB.KAĞIT VE ORMAN İHR.BRL.
AKINAL SENTETİK TEKSTİL SAN. VE TİC. A.Ş.;2.ORG.SAN.BLG.19.CD.NO.144/7;İSTANBUL; ;(342) 3371150;www.asnonwovens.com;asnonwovens.com;İİB-MOB.KAĞIT VE ORMAN İHR.BRL.
PETEK TEKSTİL SAN. VE TİC. AŞ;SEDİR SOK.NO:6-8;İSTANBUL;BAHÇELİEVLER;(212) 5511253;www.petektextil.com;petektextil.com;İİB-MOB.KAĞIT VE ORMAN İHR.BRL.
TUNA OFİS VE EV MOBİLYALARI TURİZM İNŞAAT SANAYİ TİCARET ANONİM ŞİRKETİ;ZUHURATBABA MAH.İNCİRLİ CAD. NO.55 K.5;İSTANBUL;BAKIRKÖY;(212) 4013535;https://www.tunaofis.com;tunaofis.com;İİB-MOB.KAĞIT VE ORMAN İHR.BRL.
YAŞAR DIŞ TİC.A.Ş;GAZIOSMANPASA BULV.BATI ISH.10/1KAT3-4-5;İZMİR;KONAK;02324890121;www.yasardis.com.tr;yasardis.com.tr;İİB-MOB.KAĞIT VE ORMAN İHR.BRL.
KUKER MADENİ EŞYA SAN.VE TİC. AŞ.;BARBAROS MAH. MİLLET CD.NO:64/5;İSTANBUL;ATAŞEHİR;;http://www.kuker.com.tr;kuker.com.tr;İİB-MOB.KAĞIT VE ORMAN İHR.BRL.
CANTAŞ İÇ VE DIŞ TİCARET SOĞUTMA SİSTEMLERİ SANAYİ ANONİM ŞİRKETİ;ESENTEPE MAH. KORE ŞEHİTLERİ CAD. NO:53;İSTANBUL;ŞİŞLİ;(212) 9101000;www.cantassogutma.com;cantassogutma.com;İİB-MOB.KAĞIT VE ORMAN İHR.BRL.
ABBA MOBİLYA PROJE TASARIM DEKORASYON SA.VE TİC.LTD.ŞTİ.;YUKARI DUDULLU MAH.3.CADDE MODAKO MOBİLYACILAR  SİTESİ NUMARA:216;İSTANBUL;ÜMRANİYE;(216) 5405717;www.abbamobilya.com.tr;abbamobilya.com.tr;İİB-MOB.KAĞIT VE ORMAN İHR.BRL.
KALE KİLİT VE KALIP SAN. A.Ş.;AZERBAYCAN CAD. NO: 3-F / 1-E BLOK VADISTANBUL AYAZAĞA;İSTANBUL;SARIYER;(212) 7058000;www.kalekilit.com.tr;kalekilit.com.tr;İİB-MOB.KAĞIT VE ORMAN İHR.BRL.
SEÇGİN ORMAN ÜRÜNLERİ SAN VE TİC.A.Ş;HAMZABEY OSB MAH. 4. CAD. NO:8;BURSA;İNEGÖL;(224) 7185447; https://sancrea.com/ ;sancrea.com;İİB-MOB.KAĞIT VE ORMAN İHR.BRL.
PERMAK MAKİNA SAN.VE TİC.A.Ş.;BARBAROS BULV.NO.93;İSTANBUL;BEŞİKTAŞ;02122591171;www.permak.com;permak.com;İİB-MOB.KAĞIT VE ORMAN İHR.BRL.
DİZAYN ETİKET SAN. VE TİC. AŞ;SANAYI CAD.KALENDER SOK.NO.28;İSTANBUL; ;02125511166;www.dizayetiket.com;dizayetiket.com;İİB-MOB.KAĞIT VE ORMAN İHR.BRL.
TİBET İTH. İHR. VE KOZM. SAN. A.Ş.;ANKARA CAD. NO=344;İSTANBUL;PENDİK;02165950500;www.tibet.com.tr;tibet.com.tr;İİB-MOB.KAĞIT VE ORMAN İHR.BRL.
APS AMBALAJ KOZMETİK VE TEMİZLİK ÜRÜNLERİ SANAYİ ANONİM ŞİRKETİ;KIMYA SAN.ORG.SAN.BÖLG.MELEK ARAS BULV. NO.4;İSTANBUL;TUZLA;(216) 5930575;www.apsambalaj.com;apsambalaj.com;İİB-MOB.KAĞIT VE ORMAN İHR.BRL.
PRESTİJ DIŞ TİCARET LTD. ŞTİ.;DEMİRTAŞ DUMLUPINAR OSB MAH.FULYA SOK.NO:5;BURSA;OSMANGAZİ;(224) 2611125;www.prestijmensucat.com.tr;prestijmensucat.com.tr;İİB-MOB.KAĞIT VE ORMAN İHR.BRL.
FRIMPEKS KIMYA VE ETIKET SAN. TIC. A.Ş.;MERMERCİLER SAN.SİT.8.CAD. NO:15;İSTANBUL;BEYLİKDÜZÜ;(212) 8671000;www.frimpeks.com.tr;frimpeks.com.tr;İİB-MOB.KAĞIT VE ORMAN İHR.BRL.
TEKNİK MALZEME TİC. VE SAN. A.Ş;(DEMİRTAŞ ORGANİZE SANAYİ BÖLGESİ) KARDELEN SOKAK NO: 1;BURSA;OSMANGAZİ;02242447300;www.teknikmalzeme.com.tr;teknikmalzeme.com.tr;İİB-MOB.KAĞIT VE ORMAN İHR.BRL.
LİMAGRAİN TOHUM ISLAH VE ÜRETİM SAN.TİC.A.Ş.;BAYAR CAD.GÜLBAHAR SOK. PERDEMSAC PLAZANO:17/136 H:13;İSTANBUL;KADIKÖY;(216) 3614941;www.limagrain.com;limagrain.com;İİB-MOB.KAĞIT VE ORMAN İHR.BRL.
EMİNKAYA MOB.DEKOR.TURZ.İNŞ.SA N. VE TİC. LTD. ŞTİ.;FERHATPAŞA MAH. FERHATPAŞA CAD. G.35 SOK. NO: 73;İSTANBUL;ATAŞEHİR;(216) 6617123;www.navelli.com.tr;navelli.com.tr;İİB-MOB.KAĞIT VE ORMAN İHR.BRL.
OSKAR DIŞ TİC. AŞ;ESKİ TURGUT ÖZAL CAD. NO:26;İSTANBUL;BAŞAKŞEHİR;(212) 5492070;www.scrikss.com.tr;scrikss.com.tr;İİB-MOB.KAĞIT VE ORMAN İHR.BRL.
EKART TEKSTİL SANAYİ VE TİCARET ANONİM ŞİRKETİ;DEMİRTAŞ DUMLUPINAROSB MAH. FULYA SOK. NO:12;BURSA;OSMANGAZİ;(224) 2612192;www.ekarttextile.com.tr;ekarttextile.com.tr;İİB-MOB.KAĞIT VE ORMAN İHR.BRL.
MORAL TEKSTIL SAN.VE TIC.A.S.;DEMIRTAS ORGANIZE SAN.BOLGESIORKIDE SOK.NO:14;BURSA;OSMANGAZİ;(224) 2610532;www.moral.com.tr;moral.com.tr;İİB-MOB.KAĞIT VE ORMAN İHR.BRL.
UMUR BASIM SAN.VE TIC.A.Ş.;YUKARI DUDULLU ORG. SAN. BOLG.IMES ARKASI;İSTANBUL;ÜMRANİYE;02164200400;www.umur.com.tr;umur.com.tr;İİB-MOB.KAĞIT VE ORMAN İHR.BRL.
MAYSA GIDA SAN. VE TIC. AŞ.;KIMYACILAR ORG SAN.SIT.MELEKARAS BULVARI NO:54;İSTANBUL;TUZLA;02165819800;www.maysagida.com;maysagida.com;İİB-MOB.KAĞIT VE ORMAN İHR.BRL.
KEMAL KAŞO BÜRO OKUL REK.GERÇ. İML.SAN.VE TİC.LTD.ŞTİ;MEHMET KİF CAD.1.SOK.NO:23HAYDAR AKIN 2 ISMERK. K.3;İSTANBUL;BAHÇELİEVLER;(212) 4510510;www.kemalkaso.com.tr;kemalkaso.com.tr;İİB-MOB.KAĞIT VE ORMAN İHR.BRL.
GRİD SOLUTİONS ENERJİ ENDÜSTRİSİ A.Ş.;GÜNEY YAN YOL CAD NO 320 ;KOCAELI;GEBZE;(262) 6483300;www.areva.com;areva.com;İİB-MOB.KAĞIT VE ORMAN İHR.BRL.
KONFİDA AMBALAJ TEKSTİL SANAYİ VE TİCARET A.Ş;BURSA OSB. TURUNCU CAD. 1. SOK. NO:5;BURSA;NİLÜFER;(224) 4112115;www.konfida.com;konfida.com;İİB-MOB.KAĞIT VE ORMAN İHR.BRL.
CEVİZOĞLU MAĞAZACILIK SAN. TİC. A.Ş.;ÖMERLİ MAH ILGAZ SOKAK NO:12 HADIMKÖY -ARNAVUTKÖY/İST.SİTGESİ 2. BLOK NO: 3 HADIMKÖY;İSTANBUL;BÜYÜKÇEKMECE;(212) 7983290;www.cevizdekarasyon.com;cevizdekarasyon.com;İİB-MOB.KAĞIT VE ORMAN İHR.BRL.
İMAK OFSET BASIM YAYIN ANONIM SIRKETI;AKÇABURGAZ MAH. 137. SK. NO: 12 ESENYURTSK. NO:1;İSTANBUL;ESENYURT;(212) 4446218;www.imakofset.com.tr;imakofset.com.tr;İİB-MOB.KAĞIT VE ORMAN İHR.BRL.
NOBEL İÇ VE DIŞ TİC. LTD. ŞTİ.;HALASKARGAZİ CAD. NO:94 KAT 2 D.4;İSTANBUL;ŞİŞLİ;(212) 2309264;www.nobelexport.com;nobelexport.com;İİB-MOB.KAĞIT VE ORMAN İHR.BRL.
KOZMO KİMYA SAN. VE DIŞ TİC. LTD. ŞTİ.;ATATÜRK SAN.BÖLG.TEKİMSANBİTİŞİĞİ;İSTANBUL; ;(212) 7712211;www.kozmokimya.com;kozmokimya.com;İİB-MOB.KAĞIT VE ORMAN İHR.BRL.
ALTINTOP KURUYEMİŞ GIDA SAN.VE TİC.A.Ş.;KAYALAR MAHALLESİ KAYAKÖY CADDESİ NO:13-15;DENIZLI;MERKEZEFENDİ;(258) 3711897;www.altintop.com.tr;altintop.com.tr;İİB-MOB.KAĞIT VE ORMAN İHR.BRL.
ARMESSE MOBİLYA SAN VE TİC.LTD.ŞTİ;MAHMUDİYE MAH. ERTUĞRULGAZİ CAD. NO:111;BURSA;İNEGÖL;(224) 7120090;www.armesse.com.tr;armesse.com.tr;İİB-MOB.KAĞIT VE ORMAN İHR.BRL.
ÖZERDEN AMBALAJ SANAYİ ANONİM ŞİRKETİ;"ESKİ BÜYÜKDERE CAD. WINDOWIST BLOK NO: 26 /12 NO:26/12 REŞİTPAŞA 34450 SARIYER, İSTANBUL, TÜRKİYE";İSTANBUL;SARIYER;(212) 2892220;www.ozerden.com;ozerden.com;İİB-MOB.KAĞIT VE ORMAN İHR.BRL.
ADNAN BOSTAN MOBİLYA DEKORASYON YAPI SAN.VE TİC.LTD.ŞTİ;ŞAHİNTEPE MAH. AŞIKVEYSEL CAD. NO:99/C K:3 ALTINŞEHİR;İSTANBUL;BAŞAKŞEHİR;(212) 6480115;www.adnanbostan.com;adnanbostan.com;İİB-MOB.KAĞIT VE ORMAN İHR.BRL.
GLOBAL SOURCING DIŞ TİC. AŞ;15 TEMMUZ MAH. HALKALI CAD. NO:113/4;İSTANBUL;BAĞCILAR;(212) 6579747;www.merkoteks.com;merkoteks.com;İİB-MOB.KAĞIT VE ORMAN İHR.BRL.
EV GÖR MOBILYA TEKSTIL SAN. VE TIC. LTD. ŞTI.;AYDINTEPE MAH. İNKİŞAF SOK NO:9;İSTANBUL;TUZLA;(212) 2978585;www.evgor.com.tr;evgor.com.tr;İİB-MOB.KAĞIT VE ORMAN İHR.BRL.
KOSA GROUP AMBALAJ SAN. VE  TİCARET LİMİTED ŞİRKETİ;MALTEPE MAH. DAVUTPAŞA CAD. GÜVEN İŞ MERKEZİ A BLOK NO: 83/1/55;İSTANBUL;ZEYTİNBURNU;(212) 0000000;www.theboxassistant.com;theboxassistant.com;İİB-MOB.KAĞIT VE ORMAN İHR.BRL.
TUĞRAL MOB.SAN.PAZ.VE TIC.LTD.ŞTI.;YENİ YALOVA YOLU PANAYIR KAVŞAGI KARŞISI NO:425BUL CAD. NO: 425;BURSA;OSMANGAZİ;(224) 4842276;www.goldsit.com;goldsit.com;İİB-MOB.KAĞIT VE ORMAN İHR.BRL.
THE CLEAR PUBLISHING SANAYI VE DIS TICARET LIMITED SIRKETI;MALTEPE MAH. ESKI ÇIRPICI YOLU SK. MERIDYEN ISMERKEZI NO: 1 IÇ KAPI NO: 604;İSTANBUL;ZEYTİNBURNU;(212) 0000000;www.bsfbooks.com ;bsfbooks.com;İİB-MOB.KAĞIT VE ORMAN İHR.BRL.
SEVEN STAR TEKSTİL SAN.İÇ VE DIŞ TİC.LTD.ŞTİ.;İSTOÇ 25.ADA NO.166-168;İSTANBUL;BAĞCILAR;(212) 6591030;www.sevenstar-tr.com;sevenstar-tr.com;İİB-MOB.KAĞIT VE ORMAN İHR.BRL.
CADI METAL MOBİLYA TASARIM ÜR. TİC. A.Ş.;BATTALGAZİ MAH.BOSNA BULV.SALKIM SOK.NO:19;İSTANBUL;SULTANBEYLİ;(216) 5920102;http://www.cadidesian.com;cadidesian.com;İİB-MOB.KAĞIT VE ORMAN İHR.BRL.
DIVERSEY KİMYA SAN.VE TİC.A.Ş.;"BARBAROS IHLAMUR BULVARI, NO:3, İÇ KAPI NO:67 ";İSTANBUL;ATAŞEHİR;(212) 5786400;www.diversey.com;diversey.com;İİB-MOB.KAĞIT VE ORMAN İHR.BRL.
NORM PVC AKSESUARLARI SANAYİ DIŞ TİCARET LİMİTED ŞİRKETİ;BEYLİKDÜZÜ OSB MERMERCİLER SAN SİT 9.CD NO:17;İSTANBUL;BEYLİKDÜZÜ;(212) 5494896;www.normpvc.com;normpvc.com;İİB-MOB.KAĞIT VE ORMAN İHR.BRL.
ÖZÖZLER DERİ MAM. DAY. TÜK. MAL. SAN. VE TİC. LTD. ŞTİ. ;FATİH BULV. TAVUKÇUYOLU CD.TASDİK SK.NO:1;İSTANBUL;SULTANBEYLİ;(216) 4872698;www.ozozler.com.tr;ozozler.com.tr;İİB-MOB.KAĞIT VE ORMAN İHR.BRL.
SERVET OFSET BASKI SANAYİ VE TİCARET LTD.ŞTİ.;FATİH CD.NO:24;İSTANBUL;KARTAL;(216) 3066113;www.servetmatbacılık.com;xn--servetmatbaclk-hgcb.com;İİB-MOB.KAĞIT VE ORMAN İHR.BRL.
SİKA YAPI KİMYASALLARI A.Ş.;İST.DERİ ORG.SAN.BÖLGESİ ALSANCAK SOK NO:5 J7PARSEL AYDINLI ORHANLI MEVKİİ;İSTANBUL;TUZLA;(216) 5810600;www.sika.com.tr;sika.com.tr;İİB-MOB.KAĞIT VE ORMAN İHR.BRL.
ILMAK MAKİNA SANAYİ VE TİCARET ANONİM ŞİRKETİ;DUDULLU ORGANİZE SANAYİ BÖLGESİ 4.CAD NO:2;İSTANBUL;ÜMRANİYE;(216) 3653305;www.ilmakgreen.com.tr;ilmakgreen.com.tr;İİB-MOB.KAĞIT VE ORMAN İHR.BRL.
NINE UNITED TURKEY MOBİLYA TEKSTİL LTD.ŞTİ;YILDIZ ÇİÇEĞİ SOK. NO:23ETİLER-BEŞİKTAŞ;İSTANBUL;BEŞİKTAŞ;(212) 2802366;www.nineunited.com;nineunited.com;İİB-MOB.KAĞIT VE ORMAN İHR.BRL.
FAYER İNŞ VE İNŞ EKİPMANLARI SAN VE TİC.A.Ş;HİLAL MAH. PAŞAKÖY CAD. NO:12 ;İSTANBUL;SANCAKTEPE;(216) 3046867;www.fayerinsaat.com.tr;fayerinsaat.com.tr;İİB-MOB.KAĞIT VE ORMAN İHR.BRL.
FOIL AMBALAJ SAN. VE TIC. A.Ş.;YEŞİLCE MH. ÇELİK SOK. NO:45OTO SANAYİİ 4.LEVENT;İSTANBUL;KAĞITHANE;(212) 2813783;www.foil.com.tr;foil.com.tr;İİB-MOB.KAĞIT VE ORMAN İHR.BRL.
TECE DEKOR KAĞIT BASKI VE EMPRENYE SANAYİ VE TİCARET ANONİM ŞİRKETİ;IŞIKTEPE OSB MAH. 75 YIL BULV.NO:12;BURSA;NİLÜFER;(224) 2422100;http://www.tece.com.tr;tece.com.tr;İİB-MOB.KAĞIT VE ORMAN İHR.BRL.
TUNCA TEKNİK MAKİNA SANAYİ VE TİCARET A.Ş.;NOSAP NİLÜFER ORG SAN BOLGESİ IHLAMUR CADDE NO:2;BURSA;OSMANGAZİ;(224) 4111730;www.tuncateknik.com;tuncateknik.com;İİB-MOB.KAĞIT VE ORMAN İHR.BRL.
AVRASYA AMBALAJ OFSET SAN. TİC. LTD. ŞTİ.;İSTANBUL DERİ ORG.SAN BÖL. GÜDERİ CAD NO:8 F7  PARSEL D BLOK ;İSTANBUL;TUZLA;(216) 5952750;www.avrasyakutu.com;avrasyakutu.com;İİB-MOB.KAĞIT VE ORMAN İHR.BRL.
MELTEM MODÜLER MOB.KOL.SAN.VE TIC.A.Ş.;YENICE SANAYİ BÖLGESİ TURGUT ÖZAL MAH. OVA CAD NO:33;BURSA;İNEGÖL;(224) 7380521;www.weltew.com;weltew.com;İİB-MOB.KAĞIT VE ORMAN İHR.BRL.
AL MUHİT MOB. İNŞ. TEKS. GIDA TUR. NAK. TAŞ. İTH. İHR. SAN. VE TİC. LTD. ŞTİ.;ERTUĞRUL GAZİ MAH.AKPINAR CAD.NO:5;BURSA;İNEGÖL;(224) 7148878;www.legendmobilya.com;legendmobilya.com;İİB-MOB.KAĞIT VE ORMAN İHR.BRL.
KOLEKSİYON MOBİLYA SAN. AŞ;CUMHURİYET MAH.KEFELİ KÖYBAĞLAR CAD.NO:35;İSTANBUL; ;(212) 3636363;www.koleksiyon.com.tr;koleksiyon.com.tr;İİB-MOB.KAĞIT VE ORMAN İHR.BRL.
FIDANVERDI KOLTUK VE MOB. TEKS TAŞ. TIC. LTD. ŞTI.;AĞAÇ IŞLERI BÖLÜMÜ 14.SOKAKNO:44;BURSA;İNEGÖL;(224) 7185999;www.candessofa.com.tr;candessofa.com.tr;İİB-MOB.KAĞIT VE ORMAN İHR.BRL.
BOZBOĞA KAĞITÇILIK SAN.VE TIC. A.Ş.;HALKALI CD.NO:233/A SEFAKÖY34295;İSTANBUL;KÜÇÜKÇEKMECE;(212) 6989900;www.bozboga.com;bozboga.com;İİB-MOB.KAĞIT VE ORMAN İHR.BRL.
USTAIŞI ZIL VE MÜZIK ALETLERI SAN.IÇ VE DIŞ TIC.LTD.ŞTI;EVREN OTO SANAYI SITESI 26-BBLOK NO:13;İSTANBUL;ESENYURT;(212) 6050480;www.masterwork.com.tr;masterwork.com.tr;İİB-MOB.KAĞIT VE ORMAN İHR.BRL.
AUTOLİV CANKOR OTOMOTİV EMNİYET SİSTEMLERİ SAN. VE TİC. A.Ş.;GEBZE ORGANİZE SANAYİ BÖLGESİ İHSAN DEDE CD. 800. SOKAK NO:801;KOCAELI;GEBZE;(262) 6484600;www.autoliv.com;autoliv.com;İİB-MOB.KAĞIT VE ORMAN İHR.BRL.
SOFALİNE GRUP MOBİLYA İTH.İHR. SAN. VE TİC. LTD.ŞTİ.;ESENTEPE MAH. FAHRİ KORUTÜRK CD. TOPHANE SOK. NO:5;İSTANBUL;KARTAL;(216) 3877501;www.sofaline.com.tr;sofaline.com.tr;İİB-MOB.KAĞIT VE ORMAN İHR.BRL.
SİDERKEMCO METALURJİ SANAYİ VE TİCARET ANONİM ŞİRKETİ;TEPEOREN MAH. HİKMET SOK. NO.8 ;İSTANBUL;TUZLA;(216) 3041584;www.siderkemco.com;siderkemco.com;İİB-MOB.KAĞIT VE ORMAN İHR.BRL.
HS KUTU DÜNYASI AMBALAJ SANAYI VE TICARET LIMITED SIRKETI;YUNUS EMRE MAH. OKURLAR CADDESİ NO:6 KAPI NO:2;İSTANBUL;ESENYURT;(212) 8123686;http://www.kutudunyasi.com;kutudunyasi.com;İİB-MOB.KAĞIT VE ORMAN İHR.BRL.
HEMPEL COATINGS SAN.VE TIC. LTD.ŞTI.;ESKİ ÜSKÜDAR CAD. ÇAYIYOLU SOKAKPARTAS CENTER KAT:9 NO:34752;İSTANBUL;TUZLA;(216) 6556500;http://www.hempel.com;hempel.com;İİB-MOB.KAĞIT VE ORMAN İHR.BRL.
METROPOL PALET ORMAN ÜRÜN.AMB.SAN.VE TİC.LTD.ŞTİ.;SEPETLİPINAR MAH. TOPRAK SOK.NO:7;KOCAELI;BAŞİSKELE;(262) 3414132;www.metropolpalet.com.tr;metropolpalet.com.tr;İİB-MOB.KAĞIT VE ORMAN İHR.BRL.
KERİM SERBEST;AYAZ SOK. NO:39;BURSA;İNEGÖL;(224) 7154698;www.serbestmoble.com;serbestmoble.com;İİB-MOB.KAĞIT VE ORMAN İHR.BRL.
OFİSTEK MOBİLYA İNŞ.TURİZM GIDA SAN VE TİC.LTD.ŞTİ;OSMANYILMAZ MAH. İSTANBUL CAD. NO:56;KOCAELI;GEBZE;(262) 6437290;www.ofistek.com.tr;ofistek.com.tr;İİB-MOB.KAĞIT VE ORMAN İHR.BRL.
ÖZEN KUTU AMBALAJ VE MATBAAC. SAN. VE TIC. A.Ş.;MERKEZ MAH. 3. SOK. NO:42;İSTANBUL;BAĞCILAR;(212) 4614226;www.ozenkutu.com.tr;ozenkutu.com.tr;İİB-MOB.KAĞIT VE ORMAN İHR.BRL.
MAXXMORA İNŞAAT PROJE DANIŞMANLIK SAN. TİC. AŞ;KIRAÇ ÇAKMAKLI MH.HADIMKÖY SANBULV. 2.BÖLG.ALKENT 2000 KARŞ.;İSTANBUL;ARNAVUTKÖY;(212) 8862244;www.skyreklam.com;skyreklam.com;İİB-MOB.KAĞIT VE ORMAN İHR.BRL.
AGT AĞAÇ SAN. VE TİC. A.Ş.;ORGANİZE SAN BÖL .3.KISIM 35.CADDE NO:7;ANTALYA;DÖŞEMEALTI;(242) 2491717;www.agt.com.tr;agt.com.tr;İİB-MOB.KAĞIT VE ORMAN İHR.BRL.
BARDAKÇI GAYRİMENKUL ANONİM ŞİRKETİ;CEVİZLİ MAH. 30 AĞUSTOS CAD. A BLOK NO: 9-11A -112;İSTANBUL;MALTEPE;(216) 0000000;www.bardakcias.com;bardakcias.com;İİB-MOB.KAĞIT VE ORMAN İHR.BRL.
ÖZGEM MOBİLYA DEKORASYON SANAYİ VE TİCARET LİMTED ŞİRKETİ;YAHYA KEMAL MAH. TAŞKIRAN SOK YAHYA KEMAL CAMİİ NO NO :6;İSTANBUL;KAĞITHANE;(212) 2290656;http://www.ozdenmobilya.com;ozdenmobilya.com;İİB-MOB.KAĞIT VE ORMAN İHR.BRL.
TANER MOLLAER-ERAL MOBILYA ITH ALAT IHRACAT PAZARLAMA;AĞAÇ İŞLERİ BÖLÜMÜ 17.SK 8/A BLOK NO:7-9;BURSA;İNEGÖL;(224) 7185696;www.eralmobilya.com;eralmobilya.com;İİB-MOB.KAĞIT VE ORMAN İHR.BRL.
OTELÜRÜNLERİ TEKSTİL SANAYİ VE TİCARET LİMİTED ŞİRKETİ;YENİMAHALLE E-5 KUZEY YAN YOL CADD.NO:65;İSTANBUL;BÜYÜKÇEKMECE;(212) 5801590;www.otelurunleri.com;otelurunleri.com;İİB-MOB.KAĞIT VE ORMAN İHR.BRL.
SEGO GAME OTOMASYON YAZILI TURİZM SAN. TİC.İTH.İHR..LTD.ŞTİ;ESKİ HABİPLER MAH. GALİ PESMER CAD. NO:19A/8;İSTANBUL;SULTANGAZİ;(212) 5951000; www.oyunmakineleri.net ;oyunmakineleri.net;İİB-MOB.KAĞIT VE ORMAN İHR.BRL.
KARDEL GIDA PAZARLAMA LTD.ŞTİ;MİMARSİNAN MAH.ÖZGE SOK 5/4 ;İSTANBUL;ÇEKMEKÖY;(216) 6404166;www.fibrelle.com.tr;fibrelle.com.tr;İİB-MOB.KAĞIT VE ORMAN İHR.BRL.
OĞUZ OLUKLU MUK.VE. AMB.SAN.VE TIC.A.Ş.;OSMANGAZİ MAH. MERİÇ CAD. NO:1NO: 30;İSTANBUL;ESENYURT;(212) 8865240;www.oguzambalaj.com;oguzambalaj.com;İİB-MOB.KAĞIT VE ORMAN İHR.BRL.
ÜÇGE DIŞ TİCARET VE PAZARLAMA A.Ş.;A.V.P. MH.BOSNA CD.NO:7;BURSA;NİLÜFER;(224) 3318811;www.ucge.com.tr;ucge.com.tr;İİB-MOB.KAĞIT VE ORMAN İHR.BRL.
EXCLUSİVE İÇ MİMARLIK İNŞAAT TAAHHÜT İMALAT SAN.TİC.LTD.ŞTİ;KEMALETTİN MAH. CANAN SK YÜCEL APT. NO:2A;TEKIRDAĞ;ÇORLU;(282) 0000000;http://www.exclusiveicmimarlik.com;exclusiveicmimarlik.com;İİB-MOB.KAĞIT VE ORMAN İHR.BRL.
DECOROTİKA MODÜLER  MOBİLYA İNŞ. TURZ. TAŞ. SAN.  VE DIŞ TİC. LTD. ŞTİ.;BALIKLI ÇEŞME KÖYÜ ORG. SAN .BÖL. MEVKİ KAHVE CADDESİ NO:9/1 ;ÇANAKKALE;BİGA;(286) 3165424;www.decoratika.com;decoratika.com;İİB-MOB.KAĞIT VE ORMAN İHR.BRL.
GLOSSEXPERT DIŞ TİC. İTH. VE İHR. A.Ş.;OSMANGAZİ MAH. 3112. SOK. NO:2/1;İSTANBUL;ESENYURT;(212) 6750555;www.glossexpert.com;glossexpert.com;İİB-MOB.KAĞIT VE ORMAN İHR.BRL.
ENDÜSTRIYEL ELEKTRIK ELEKTRONIK SANAYI VE TICARET ANONIM SIRKETI;3. ORGANIZE SANAYI BOLGESİ EVRENKOY CADDESİ 3. SOKAK NO:5;KONYA;SELÇUKLU;(332) 2390900;www.endustriyel.com.tr;endustriyel.com.tr;İİB-MOB.KAĞIT VE ORMAN İHR.BRL.
ZETA DIŞ TİCARET İTHALAT İHRACAT PAZARLAMA TİCARET LİMİTED ŞİRKETİ;BUYUKDERE CAD. KUĞU IŞHANINO:81 KAT:1 D:1;İSTANBUL; ;02122747144;www.zetacompany.com;zetacompany.com;İİB-MOB.KAĞIT VE ORMAN İHR.BRL.
SİM MOBİLYA VE DEKORASYON SAN. VE TİC.A.Ş. ;TUZLA KOSB MAH.KRİSTAL CAD.TUZLA KİMYA SAN.ORG. SAN. BÖLG. NO:76;İSTANBUL;TUZLA;(216) 4845946;www.stellamobilya.com;stellamobilya.com;İİB-MOB.KAĞIT VE ORMAN İHR.BRL.
FFDC INTERNATIONAL TRADE LOJİSTİK TİCARET LİMİTED ŞİRKETİ;HASANPAŞA MAH.LAVANTA SK.ETAP İŞ MERKEZİ C BLOK NO20/9;İSTANBUL;KADIKÖY;(216) 3253455;http://www.ffdctrade.com;ffdctrade.com;İİB-MOB.KAĞIT VE ORMAN İHR.BRL.
KATRE DIŞ TIC. LTD. ŞTI.;İKİTELLİ ORGANİZE SANAYİ BÖLGESİİSTEKS DOKUMACILAR SANAYİ SİTESİ B8 BLOK NO:1;İSTANBUL;BAŞAKŞEHİR;(212) 5525383;www.katretrade.com;katretrade.com;İİB-MOB.KAĞIT VE ORMAN İHR.BRL.
HAYPAK HİJYEN ÜRÜNLERİ SAN. VE TİC. LTD. ŞTİ.;ESENŞEHİR MAH. ARSLAN SOK.NO:45/A;İSTANBUL;ÜMRANİYE;;www.haypak.com;haypak.com;İİB-MOB.KAĞIT VE ORMAN İHR.BRL.
ERKUL KOZMETİK SANAYİ VE TİCARET ANONİM ŞİRKETİ;AMBARLI TESISLER YOLU NO:27;İSTANBUL;AVCILAR;(212) 4230075;www.goldenrose.com.tr;goldenrose.com.tr;İİB-MOB.KAĞIT VE ORMAN İHR.BRL.
ORİON KOZMETİK SAN.TİC.LTD.ŞTİ.;ALTAYÇEŞME MAH.BAĞDAT CAD.NO:403/8;İSTANBUL;MALTEPE;(216) 5754646;www.orionkozmetik.com;orionkozmetik.com;İİB-MOB.KAĞIT VE ORMAN İHR.BRL.
DOĞUŞ TEKSTİL VE TEMİZLİK MAK. PAZ. SAN. VE TİC. LTD. ŞTİ. ;ESKİ TURGUT ÖZAL CD NO 29 K 2 ;İSTANBUL;BAŞAKŞEHİR;(212) 4440764;www.dogustemizlik.com.tr;dogustemizlik.com.tr;İİB-MOB.KAĞIT VE ORMAN İHR.BRL.
PROMOCITY PROMOSYON ÜRÜNLERI A.Ş.;MAHMUTBEY MH. ISTOÇ TIC. MRKZ.14.ADA NO:86/88;İSTANBUL;BAĞCILAR;(212) 6594118;www.promocity.com.tr;promocity.com.tr;İİB-MOB.KAĞIT VE ORMAN İHR.BRL.
DELTA MOBİLYA DEKORASYON SAN. VE TİC.A.Ş;ARNAVUTKÖY KURUÇEŞME CD ALİ VAFİ KORUSU NO:65.1-2;İSTANBUL;BEŞİKTAŞ;(212) 2654000;www.deltaofis.com;deltaofis.com;İİB-MOB.KAĞIT VE ORMAN İHR.BRL.
AUTOBAN MİMARLIK İNŞAAT TAAHHÜT TİC.A.Ş.;HACIMİMİ MAH. DİBEK SOK. NO:48/1;İSTANBUL;BEYOĞLU;(212) 2438641;http://www.autoban.com;autoban.com;İİB-MOB.KAĞIT VE ORMAN İHR.BRL.
BAŞ GROUP AMBALAJ SANAYİ İÇ VE DIŞ TİCARET LİMİTED ŞİRKETİ;KAZLIÇEŞME MAH. KENNEDY CAD. NO: 52 M İÇ KAPI NO: 1;İSTANBUL;ZEYTİNBURNU;(212) 7053626;http://www.basgroupglobal.com;basgroupglobal.com;İİB-MOB.KAĞIT VE ORMAN İHR.BRL.
DAWOOD COMPANY KERESTE ORMAN ÜRÜNLERİ LİMİTED ŞİRKETİ;SİNANBEY MAH. 26.METAL SK.NO:2;BURSA;İNEGÖL;(224) 0000000;http://www.dawoodproject.com.tr;dawoodproject.com.tr;İİB-MOB.KAĞIT VE ORMAN İHR.BRL.
MEHMET NİYAZİ GÜÇYİĞİT;BEŞEVLER MH.SELVİ SOK NO:14/20;BURSA;NİLÜFER;(224) 4413783;www.farbedekor.com;farbedekor.com;İİB-MOB.KAĞIT VE ORMAN İHR.BRL.
AVS KÜRESEL GEMİ TEDARİĞİ VE YÖNETİMİ AŞ;SOĞANLIK YENİ MH PAMUKKALE SK NO:2;İSTANBUL;KARTAL;(216) 5910849;www.avsglobalsupply.com;avsglobalsupply.com;İİB-MOB.KAĞIT VE ORMAN İHR.BRL.
MYHOME INTERNATIONAL MOVERS LOJİSTİK İÇ VE DIŞ TİC.A.Ş.;BARBAROS HAYRETTİN PAŞA MAH.1992.SK.FES İŞ MERKEZİ12/8;İSTANBUL;ESENYURT;(212) 9245146;medine@myhomelogistic.com;myhomelogistic.com;İİB-MOB.KAĞIT VE ORMAN İHR.BRL.
SEÇKIN BÜRO MOBILYA GRUPLARI VE INŞ.SAN.TIC.LTD.ŞTI.;OSMAN YILMAZ MAH. ISTANBUL CD.NO:76;KOCAELI;GEBZE;(262) 6461742;www.seckinburo.com;seckinburo.com;İİB-MOB.KAĞIT VE ORMAN İHR.BRL.
ACTIVE MOB SAN VE TIC LTD ŞTI;EMEK MAH.PINAR CAD.SIRDAŞ SOK.NO:27;İSTANBUL;SANCAKTEPE;(216) 5273732;www.activemobilya.com;activemobilya.com;İİB-MOB.KAĞIT VE ORMAN İHR.BRL.
KONYA KAĞIT SANAYİ VE TİCARET ANONİM ŞİRKETİ;KONYA YOLU ÜZERİ 2 KM;KARAMAN;KAZIMKARABEKİR;(338) 3112901;www.komgida.com.tr;komgida.com.tr;İİB-MOB.KAĞIT VE ORMAN İHR.BRL.
EUROWOOD MASİF KAPLAMA VE KERESTE SAN. TİC. A.Ş.;D-100 KARAYOLU ÜZERİ GÜMÜŞPINAR MEVKİİ NO:280HACI ATIFLAR KÖYÜ ÖNEY AĞAÇKAPLAMA A.Ş. FABRİKA BİNASI ;DÜZCE;MERKEZ;(380) 5512293;www.eurowood.com.tr;eurowood.com.tr;İİB-MOB.KAĞIT VE ORMAN İHR.BRL.
MİLİM MATBAACILIK SAN.VE TİC.A.Ş;MALTEPE MAH. DAVUTPAŞA MERKEZ EFENDİ CAD. İPEK İŞ MERK.NO:2/1 DK:25MERKEZİ NO:6/25  TOPKAPI;İSTANBUL;ZEYTİNBURNU;(212) 5650200;www.buropen.net ;buropen.net;İİB-MOB.KAĞIT VE ORMAN İHR.BRL.
SUPER GLOBAL SAĞLIK TURİZMİ DIŞ TİC LTD ŞTİ;HASEKİ SULTAN MAH. NAKŞİ SOKAK NO:6B ;İSTANBUL;FATİH;(212) 6213006; www.superglobalgroup.com ;superglobalgroup.com;İİB-MOB.KAĞIT VE ORMAN İHR.BRL.
SÜED MOD DERİCİLİK SAN. VE TİC. LTD. ŞTİ.;BAĞLAR MAH. MEHMET AKIF CAD.NO:14;İSTANBUL;BAĞCILAR;(212) 4102828;www.suedmod.com;suedmod.com;İİB-MOB.KAĞIT VE ORMAN İHR.BRL.
HİLAL ALÜMİNYUM İTHALAT İHRACAT SAN. VE TİC. LTD. ŞTİ.;HÜRRIYET MAH. DR.CEMIL BENGÜCAD.NO:62;İSTANBUL; ;(212) 2242570;www.hilal.com.tr;hilal.com.tr;İİB-MOB.KAĞIT VE ORMAN İHR.BRL.
ELVE MOBİLYA DEK İNŞ. GIDA OTOMOTİV  SAN. TİC. LTD. ŞTİ.;ŞERİFALİ MAH. EMİN SOK. NO :22 34775 ;İSTANBUL;ÜMRANİYE;(216) 5277343;www.elvemobilya.com.tr;elvemobilya.com.tr;İİB-MOB.KAĞIT VE ORMAN İHR.BRL.
MORENO KONSEPT MOB. SAN. VE TİC. LTD. ŞTİ.;1987 SK NO 1;KOCAELI;GEBZE;(262) 6440145;www.moreno.com.tr;moreno.com.tr;İİB-MOB.KAĞIT VE ORMAN İHR.BRL.
HÜROĞLU OTOMOTİV SANAYİ İTH.-İHR. VE TİC.A.Ş.;YENI YALOVA YOLU 12.KM;BURSA;OSMANGAZİ;(224) 2671112;www.huroglu.com;huroglu.com;İİB-MOB.KAĞIT VE ORMAN İHR.BRL.
SANOFİ İLAÇ SANAYİ VE TİCARET ANONİM ŞİRKETİ;BÜYÜKDERE CD. NO:193;İSTANBUL;BEŞİKTAŞ;(212) 3391000;www.eczacibasi.com.tr;eczacibasi.com.tr;İİB-MOB.KAĞIT VE ORMAN İHR.BRL.
İNCİ FERMUAR SAN. VE TİC. AŞ;FATİH CAD.ALAYBEY SOK.NO.13;İSTANBUL;GÜNGÖREN;(212) 6420797;www.inci.com.tr;inci.com.tr;İİB-MOB.KAĞIT VE ORMAN İHR.BRL.
HANOĞLU KUAFÖR KOLTUK MOB. SAN. TİC. LTD. ŞTİ.;İOSB İSDÖK SAN. SİT. SOSYAL TESİS A BLOK NO 1;İSTANBUL;BAŞAKŞEHİR;(212) 5501164;www.hanoglu.com.tr;hanoglu.com.tr;İİB-MOB.KAĞIT VE ORMAN İHR.BRL.
FUGA MOBİLYA DEKORASYON SANAYİ VE TİCARET LİMİTED ŞİRKETİ;SS MERMERCİLER YAPI KOOPERATİFİ 32. SK. 14KÖSELER KÖYÜ DİLOVASI GEBZE;KOCAELI;DİLOVASI;(850) 2223842;www.fugamobilya.com;fugamobilya.com;İİB-MOB.KAĞIT VE ORMAN İHR.BRL.
TEVERPAN DIŞ TİC.VE PAZ.A.Ş;TANTAVİ MAH.MENTEŞEOĞLU CAD.TERRA PLAZA NO:25/10;İSTANBUL;ÜMRANİYE;;www.teverpan.com;teverpan.com;İİB-MOB.KAĞIT VE ORMAN İHR.BRL.
KREON AYDINLATMA SANAYİ VE TİCARET ANONİM ŞİRKETİ;ÇATALMEŞE MAH REŞADİYE CAD NO.76 ;İSTANBUL;ÇEKMEKÖY;;www.kreon.com.tr;kreon.com.tr;İİB-MOB.KAĞIT VE ORMAN İHR.BRL.
DRAMALILAR OTOMOTIV TIC.VE SAN A.Ş.;MURADIYE MAH.CUMHURIYET CAD.NO:6;EDIRNE;UZUNKÖPRÜ;(284) 5131704;www.dramalilar.com.tr;dramalilar.com.tr;İİB-MOB.KAĞIT VE ORMAN İHR.BRL.
TRİO KAĞIT İML. SAN. VE DIŞ TİC. LTD. ŞTİ.;ÇAKMAKLI MH.ALTUNKENT İŞ MRK. ZEMİN KAT 61/B;İSTANBUL;BÜYÜKÇEKMECE;(212) 4720470;www.konsanpaper.com;konsanpaper.com;İİB-MOB.KAĞIT VE ORMAN İHR.BRL.
NİTTO BENTO BANTÇILIK SAN. VE TİC. AŞ;AKÇABURGAZ MH.3097.SK.NO:9;İSTANBUL;ESENYURT;(212) 8869040;www.bento.com.tr;bento.com.tr;İİB-MOB.KAĞIT VE ORMAN İHR.BRL.
DÖKTAŞ DÖKÜMCÜLÜK TİCARET VE SANAYİ A.Ş.;GOLYOLU NO.26    P.K.18;BURSA;ORHANGAZİ;02245734263;www.doktas.com.tr;doktas.com.tr;İİB-MOB.KAĞIT VE ORMAN İHR.BRL.
DERBY KİMYA SANAYİ VE TİCARET ANONİM ŞİRKETİ;İOSB BAĞCILAR GÜNGÖREN SANAYİ SİT. METRO İŞ MERKEZİ B BLOKK:2 NO:46;İSTANBUL;BAŞAKŞEHİR;(212) 4226526;http://www.derbykimya.com;derbykimya.com;İİB-MOB.KAĞIT VE ORMAN İHR.BRL.
PASİFİK RAF TEŞHİR ELEMANLARI SAN. VE TİC. A.Ş.;İSTANBUL DERİ OSB MH.YB-11 ÖZEL PARSEL 10 ;İSTANBUL;TUZLA;(216) 5048443;www.pasifikraf.com;pasifikraf.com;İİB-MOB.KAĞIT VE ORMAN İHR.BRL.
LAMİ TRANSFER TEKSTİL SAN. VE TİC. LTD. ŞTİ. ;DAVUTPAŞA CD.YILDIZ SK.RACİHBEY İŞ MRK.NO:4/1;İSTANBUL;ZEYTİNBURNU;(212) 4814856;www.lamitransfer.com;lamitransfer.com;İİB-MOB.KAĞIT VE ORMAN İHR.BRL.
SMART OFİS KIRTASİYE A.Ş.;MY OFFİCE 212 MAHMUTBEY MAH.  TASOCAGİ YOLU CAD. NO.3/47;İSTANBUL;BAĞCILAR;(212) 4944402;www.smartofis.com.tr;smartofis.com.tr;İİB-MOB.KAĞIT VE ORMAN İHR.BRL.
BALMY TÜKETİM ÜRÜNLERİ SANAYİ ANONİM ŞİRKETİ;HIZIR REIS SOK.NO:6 KAT:1;İSTANBUL;KARTAL;(216) 3701580;www.gantekstil.com;gantekstil.com;İİB-MOB.KAĞIT VE ORMAN İHR.BRL.
İSPAK ESNEK AMBALAJ SAN. AŞ;YAYLA MH.D-100 KARAYOLU RÜYA SK.NO:2;İSTANBUL;TUZLA;(216) 5811900;www.ispak.com;ispak.com;İİB-MOB.KAĞIT VE ORMAN İHR.BRL.
AVERY DENNISION TEKS. ÜRÜN. SAN. VE TİC. LTD. ŞTİ. ;TEM OTOYOLU ATIŞALANI MEVKİİTEKS.K.KOZA PLAZA A BLOK 17-18;İSTANBUL;ESENLER;(212) 3213600;www.paxar.com;paxar.com;İİB-MOB.KAĞIT VE ORMAN İHR.BRL.
SMART  WOOD TURKEY AHŞAP  MALZEMELRİ SANAYİ VE TİC. A.Ş.;ULAŞ MH. MOTORYERLERİ MEVKİİ NO:50;TEKIRDAĞ;TEKİRDAĞ;(282) 6555966;www.eurosticks.com;eurosticks.com;İİB-MOB.KAĞIT VE ORMAN İHR.BRL.
PROMETEON TURKEY ENDÜSTRİYEL VE TİCARİ LASTİKLER A.Ş.;ESENTEPE MAH. BÜYÜKDERE CAD. BAHAR SK.RIVER PLAZA NO:13 KAT:13 ;İSTANBUL;ŞİŞLİ;(212) 3551500;www.prometeon.com;prometeon.com;İİB-MOB.KAĞIT VE ORMAN İHR.BRL.
DOĞUŞ OKUL YAYINLARI TİCARET LTD. ŞTİ.;ŞABANOĞLU OSB KIZILIRMAK CAD.NO:13;SAMSUN;TEKKEKÖY;(362) 2666132;http://www.doguseĞitim.com;xn--doguseitim-fpb.com;İİB-MOB.KAĞIT VE ORMAN İHR.BRL.
MOB MOBİLYA DEKORASYON A.Ş.;ÇANKIRI YOLU 7.KM;ANKARA;AKYURT;(312) 8475040;www.mob.com.tr;mob.com.tr;İİB-MOB.KAĞIT VE ORMAN İHR.BRL.
AVCI GLOBAL İNŞAAT MÜHENDİSLİK SANAYİ VE TİCARET LİMİTED ŞİRKETİ;İKİTELLİ OSB MH KERESTECİLER SAN SİT 21 BLOK 21 SK NO:17;İSTANBUL;BAŞAKŞEHİR;(212) 6700217;www.avciglobal.com.tr;avciglobal.com.tr;İİB-MOB.KAĞIT VE ORMAN İHR.BRL.
TABBY MOB. PAZ. İNŞ. ORM. ÜRÜN. SAN. TİC. LTD. ŞTİ.;SÜLEYMANİYE OSB. MAH.4. CAD.NO:8;BURSA;İNEGÖL;;tabbymobilya@gmail.com;gmail.com;İİB-MOB.KAĞIT VE ORMAN İHR.BRL.
MUTİ ETİKET SANAYİ VE TİCARET LİMİTED ŞİRKETİ;CİHANGİR MAH. GÜVERCİN CAD. NO: 4 İÇ KAPI NO: 100;İSTANBUL;AVCILAR;(212) 8035151;http://www.mutietiket.com;mutietiket.com;İİB-MOB.KAĞIT VE ORMAN İHR.BRL.
KOSOVA ZÜCCACİYE İTH. İHR.SAN. VE TİC.LTD.ŞTİ.;SIYAVUSPASA S. ASILSOY ISH.NO.12/24-106;İSTANBUL; ;02125201028;www.kosovaltd.com;kosovaltd.com;İİB-MOB.KAĞIT VE ORMAN İHR.BRL.
ARICI MOBİLYA KOLTUK MOBİLYA MALZ.İNŞ.MAK.İTH.İHR.SAN.VE TİC.LTD.ŞTİ;İNEGÖL MOB.AGAÇ İŞL.İHTİSAS SAN.BÖL.HAMZABEY KÖYÜ ÜSTÜ 1.CADDE NO:1ERTUGRULGAZİ CAD.NO:75;BURSA;İNEGÖL;(224) 7158667;www.arimobilya.com.tr;arimobilya.com.tr;İİB-MOB.KAĞIT VE ORMAN İHR.BRL.
LEONİ KABLO VE TEKNOLOJİLERİ SAN. VE TİC.LTD.ŞTİ.;ÇAĞRIŞAN KÖYÜ YENI MUDANYAYOL18.KM.NO.24;BURSA;MUDANYA;(224) 5248900;www.leoni.com.tr;leoni.com.tr;İİB-MOB.KAĞIT VE ORMAN İHR.BRL.
BULUT ETİKET VE MATB.GIDA TEKS.TASI.INS.SAN.TIC.LTD.STİ.;İ.O.S.B ESKOOP SAN.SİT. C-5 BLOK NO:206-208-210-212 ;İSTANBUL;BAŞAKŞEHİR;(212) 5492354;www.bulutetiket.com;bulutetiket.com;İİB-MOB.KAĞIT VE ORMAN İHR.BRL.
MATPLUS MATBAA VE AMB.SAN.TİC.LTD.ŞTİ.;MALTEPE MAH. LİTROSYOLU SOK NO:2-4B/Z25;İSTANBUL;ZEYTİNBURNU;(212) 6290559;www.matplusmatbaa.com;matplusmatbaa.com;İİB-MOB.KAĞIT VE ORMAN İHR.BRL.
TURTEKS TEKS. ETİKET SAN. VE TİC. AŞ;TAŞOCAĞI YOLU CD.NO:7 ZEMİN KAT 1;İSTANBUL;BAĞCILAR;(212) 2845345;www.turteksetiket.com;turteksetiket.com;İİB-MOB.KAĞIT VE ORMAN İHR.BRL.
ARYAN BASIM TANITIM VE MATBAA HIZMETLERI SANAYI TICARET ANONIM SIRKETI;YÜZYIL MAH.MAS-SİT MATBAACILAR SİTESİ 5.CAD NO:57;İSTANBUL;BAĞCILAR;(212) 5449906;www.aryanbasim.com.tr;aryanbasim.com.tr;İİB-MOB.KAĞIT VE ORMAN İHR.BRL.
KÜÇÜKERLER TEKSTİL TİCARET VE SANAYİ LTD.ŞTİ.;DEMIRTAŞ ORG. SAN. BÖL. MUSTAFA KARNER CAD.ÇIĞDEM SOK.NO:12;BURSA;OSMANGAZİ;(224) 2611030;www.kucukler.com;kucukler.com;İİB-MOB.KAĞIT VE ORMAN İHR.BRL.
SPS ETİKET BASKI VE AMB. SAN. VE TİC. LTD. ŞTİ. ;DELİKLİKAYA MAH.KARAVAN CAD. NO:44İÇ KAPI NO:1;İSTANBUL;ARNAVUTKÖY;(212) 4700046; www.spsetiket.com ;spsetiket.com;İİB-MOB.KAĞIT VE ORMAN İHR.BRL.
DOR ETİKET SAN VE TİC.LTD.ŞTİ;ŞERİFALİ MAH. ATABEK SOK NO:35/2 ;İSTANBUL;ÜMRANİYE;(216) 4998907;www.enginetiket.com;enginetiket.com;İİB-MOB.KAĞIT VE ORMAN İHR.BRL.
TMG OFSET VE DIZAYN TIC.LTD.ŞT;YEŞİLCE MAH. ÇELİK CAD. NO:27 K:1;İSTANBUL;KAĞITHANE;(212) 2838038;www.tmgofset.com;tmgofset.com;İİB-MOB.KAĞIT VE ORMAN İHR.BRL.
IMSAN INEGÖL MOB.VE METAL SAN. TIC.LTD.ŞTI.;SÜLEYMANİYE OSB MAH.1 CAD. NO :11;BURSA;İNEGÖL;(224) 7149214;www.balin.com.tr;balin.com.tr;İİB-MOB.KAĞIT VE ORMAN İHR.BRL.
LİMİ MİMARLIK İNŞAAT SANAYİ VE TİCARET LİMİTED ŞİRKETİ;ORHANTEPE MAH. SAHİLYOLU CD. NO:35/1;İSTANBUL;KARTAL;(216) 0000000;http://www.limi.com.tr;limi.com.tr;İİB-MOB.KAĞIT VE ORMAN İHR.BRL.
ACARGRUP PAZ. DIŞ. TİC. AŞ;BEYSAN SANAYİ SİT BİRLİK CAD.NO:26 ACAR PLAZA;İSTANBUL;BEYLİKDÜZÜ;(212) 4221834;www.acar-group.com;acar-group.com;İİB-MOB.KAĞIT VE ORMAN İHR.BRL.
BADELLA BANYO GEREÇLERİ LTD.ŞTI.;İSTASYON MAH.1495. SOK. NO:14;KOCAELI;GEBZE;(262) 6565100;www.badella.com.tr;badella.com.tr;İİB-MOB.KAĞIT VE ORMAN İHR.BRL.
FERRERO TÜRKİYE ÇİKOLATA VE TARIM ÜRÜNLERİ SAN. VE DIŞ TİC. A.Ş.;ORG.SAN.BÖL.V KISIM FERRERO CAD.NO:3;MANISA;YUNUS EMRE;(236) 2266200;www.ferrero.com.tr;ferrero.com.tr;İİB-MOB.KAĞIT VE ORMAN İHR.BRL.
GÖKHAN PLASTİK AMBALAJ VE PAZARLAMA SANAYİ TİCARET LİMİTED ŞİRKETİ;SANBIR BULVARI 4.BÖLGE8.CADDE NO:4 KIRAÇ;İSTANBUL;ARNAVUTKÖY;02128863700;www.gokhanplastik.com;gokhanplastik.com;İİB-MOB.KAĞIT VE ORMAN İHR.BRL.
LTC ERAL MOBİLYA SAN. VETİC. LTD.ŞTİ.;K.S.S.AGAÇ İŞLERİ BÖLÜMÜ 17.SOK.8/A BLOK NO:7-9 ;BURSA;İNEGÖL;(224) 7185696;www.eralmobilya.com;eralmobilya.com;İİB-MOB.KAĞIT VE ORMAN İHR.BRL.
TEKA TEKNIK MUTFAK ALETLERI SAN.VE TIC.A.S.;"YAPI KREDİ PLAZA LEVENT MAH. CÖMERT SK. NO: 1 C BLOK, KAT 13 NO.26/1";İSTANBUL;BEŞİKTAŞ;(212) 2883134;www.teka.com;teka.com;İİB-MOB.KAĞIT VE ORMAN İHR.BRL.
KONYALI SAAT SAN.PAZ.VE TIC.A. Ş;BAHARIYE CAD.SÜLÜN SOK.NALÇACIIŞ MERK NO:57 KAT:2;İSTANBUL; ;(212) 6982525;www.konyalisaat.com.tr;konyalisaat.com.tr;İİB-MOB.KAĞIT VE ORMAN İHR.BRL.
SUNPARADİSE ALÜMİNYUM SANAYİ VE TİCARET ANONİM ŞİRKETİ;GÜCÜCEK BELDESİ KIŞLA ALANIMEVKİİ SAN.BÖL.AKYAZI;SAKARYA; ;(264) 4624881;www.alimex.com.tr;alimex.com.tr;İİB-MOB.KAĞIT VE ORMAN İHR.BRL.
EGGER ORMAN ÜRÜNLERİ AŞ;GEBZE PLASTİKÇİLER  OSB 12.CAD NO:12;KOCAELI;GEBZE;(262) 7513600;www.egger.com;egger.com;İİB-MOB.KAĞIT VE ORMAN İHR.BRL.
AKA OTOMOTİV SANAYİ VE TİCARET ANONİM ŞİRKETİ;FATİH MAH. ÖRNEKKÖY YOLU SK. NO:1/1;BURSA;ORHANGAZİ;(224) 2703300;www.akaoto.com.tr;akaoto.com.tr;İİB-MOB.KAĞIT VE ORMAN İHR.BRL.
ÇAĞIN BÜRO MOB. SAN. VE TİC. A.Ş.;AKÇABURGAZ MAH.3106. SOK.NO:8;İSTANBUL;ESENYURT;(212) 6710688;www.caginofis.com ;caginofis.com;İİB-MOB.KAĞIT VE ORMAN İHR.BRL.
HAYIRLI EL KOZM.PAZ.A.Ş.;BARBAROS MH. MİMAR SİNAN CAD. NO.194;İSTANBUL;ATAŞEHİR;(216) 4725050;www.hayirliel.com;hayirliel.com;İİB-MOB.KAĞIT VE ORMAN İHR.BRL.
BMS MOBİLYA DEKORASYON SAN.VE TİC.LTD.ŞTİ.;ŞERİFALİ MAH. TURGUT ÖZAL BULV. NO:198/1YUKARI DUDULLU / ÜMRANİYE;İSTANBUL;ÜMRANİYE;(216) 5408512;www.bmsmobilya.com;bmsmobilya.com;İİB-MOB.KAĞIT VE ORMAN İHR.BRL.
KUESTA DIS TIC.LTD.STI.;İKİTELLİ ORGANİZE SAN BÖL. DEPARKO SAN SİT NO:1/6 Z2;İSTANBUL;BAŞAKŞEHİR;(212) 5535313;www.kuesta.com;kuesta.com;İİB-MOB.KAĞIT VE ORMAN İHR.BRL.
SUN AMBALAJ SAN. VE TİC. LTD. ŞTİ.;SAMANYOLU SOK.MERKEZ HANNO.52/101;İSTANBUL;ŞİŞLİ;02123430898;www.elbisekilifi.com;elbisekilifi.com;İİB-MOB.KAĞIT VE ORMAN İHR.BRL.
LEVENT OFSET BASIM VE AMBALAJ SAN. A.Ş.;MERTER KERESTECİLER SİT. FATİH CAD. KARADAL SOK. NO:13;İSTANBUL;GÜNGÖREN;(212) 6371530;www.leventofset.com;leventofset.com;İİB-MOB.KAĞIT VE ORMAN İHR.BRL.
İSTANBUL YAPI MARKETLERİ İÇ VE DIŞ TİC.LTD.ŞTİ.;"BAHÇELİEVLER MAH.D-100 YANYOL,14/5 K:5 NO:505";İSTANBUL;BAHÇELİEVLER;(212) 4421913;www.nitltd.com;nitltd.com;İİB-MOB.KAĞIT VE ORMAN İHR.BRL.
BYVAYS İSTANBUL ETİKET AKS. PAZ. TİC. AŞ;ORNEK M.ERZURUM KONGRE C.1541 S.NO 8;İSTANBUL;ESENYURT;02125966662;www.byweys.co.ok;byweys.co.ok;İİB-MOB.KAĞIT VE ORMAN İHR.BRL.
SEYRAN KOLTUK MOBİLYA TEKSTİL NAKLİYE İNŞAAT GIDA MADDELERİ .SAN.VE TİC.A.Ş.;SÜLEYMANİYE MAH. 5. CAD. NO:7;BURSA;İNEGÖL;(224) 7148330;www.seyrankoltuk.com.tr;seyrankoltuk.com.tr;İİB-MOB.KAĞIT VE ORMAN İHR.BRL.
ŞİMŞEK EGE ETİKET VE MATBAA SAN. VE TİC. LTD. ŞTİ.;NAMIK KEMAL MH. ADİLE NAŞİT BULVARI148.SK. NO:3;İSTANBUL;ESENYURT;(212) 4447343;www.simsekege.com.tr;simsekege.com.tr;İİB-MOB.KAĞIT VE ORMAN İHR.BRL.
NEMA BASIM YAYIN SAN. VE TİC.  LTD.ŞTİ.;KAHRAMANLAR CD NO 30/1;İSTANBUL;PENDİK;(216) 3071070;www.nemabasim.com.tr;nemabasim.com.tr;İİB-MOB.KAĞIT VE ORMAN İHR.BRL.
BRENNTAG KIMYA TIC. LTD. ŞTI.;KAVACIK MAH. EKINCILER CAD.MUHTAR SOK NO:1;İSTANBUL;BEYKOZ;02163313966;www.brenntag.com.tr;brenntag.com.tr;İİB-MOB.KAĞIT VE ORMAN İHR.BRL.
ABDULLAHOĞLU BİLİŞİM TEKNOLOJİLERİ VE DIŞ TİC.LT.ŞTİ;YENIŞEHIR YOLU ÜZERI ERDOĞAN KÖY GIRIŞI OKUL YANI NO:3;BURSA;KESTEL;02243833652;www.sirinkasnak.com;sirinkasnak.com;İİB-MOB.KAĞIT VE ORMAN İHR.BRL.
TESAY BU PROFİL SİSTEMLERİ SAN. VE TİC. LTD. ŞTİ.;FATIH SAN SIT HASEYAT KOOP.8-A BLOK;İSTANBUL;KÜÇÜKÇEKMECE;02124863203;www.tesay.com.tr;tesay.com.tr;İİB-MOB.KAĞIT VE ORMAN İHR.BRL.
İSTANBUL KRAFT TORBA AMBALAJ SAN VE TIC.A.Ş;ABAY CAD NO:182;İSTANBUL;ZEYTİNBURNU;(212) 6799818;www.ciasan.com;ciasan.com;İİB-MOB.KAĞIT VE ORMAN İHR.BRL.
KALAY AHŞAP PEYZAJ SAN.VE TIC. LTD.ŞTI.;EKŞIOĞLU MH.MEVLANA CAD.70.SK.NO:20;İSTANBUL;ÇEKMEKÖY;(216) 4308893;www.kalay.com.tr;kalay.com.tr;İİB-MOB.KAĞIT VE ORMAN İHR.BRL.
DACA AMBALAJ SAN.VETıC.LTD.şTı;YENİDOĞAN MAH. FERHATPAŞA CAD.NO:16/1BAYRAMPAŞA;İSTANBUL;BAYRAMPAŞA;(212) 6743663;www.daca.com.tr;daca.com.tr;İİB-MOB.KAĞIT VE ORMAN İHR.BRL.
SİMETRİ OFİS MOB.SİS.SAN.TİC.LTD.ŞTİ;AKŞEMSEDDİN MAH. 222. SK. SIMETRI OFIS VE CAFEMOBILYALARI NO: 10;İSTANBUL;ESENYURT;(212) 6906630;WWW.SİMETRİOFİS.COM;xn--simetriofis-5lgfd.com;İİB-MOB.KAĞIT VE ORMAN İHR.BRL.
COTTON CLUB TR HİJYENİK VE KİMYEVİ ÜRÜN. SAN. VE DIŞ. TİC. AŞ;BEYSAN SAN. SIT. DEREBOYU CAD.NO:1 K:1;İSTANBUL;BÜYÜKÇEKMECE;(212) 4225802;www.cottonclubtr.com;cottonclubtr.com;İİB-MOB.KAĞIT VE ORMAN İHR.BRL.
DENİZ BİLİCİ- ZER KURUMSAL TANITIM;SUADİYE MAH. ÇOLAK İSMAİL SK.  SUADIYE APT NO: 20 İÇKAPI NO: 5;İSTANBUL;KADIKÖY;(216) 3604720;www.renkler.com.tr;renkler.com.tr;İİB-MOB.KAĞIT VE ORMAN İHR.BRL.
HUN KAPLAMA ITH.IHR.ORM.ÜR.SAN VE TIC.LTD.ŞTI.;İKİTELLİ OSB MAH.ESKİ TURGUT ÖZAL CAD.NO:10/301;İSTANBUL;BAŞAKŞEHİR;(212) 5495005;www.hunkaplama.com.tr;hunkaplama.com.tr;İİB-MOB.KAĞIT VE ORMAN İHR.BRL.
GOODYEAR LASTİKLERİ T.A.Ş.;MASLAK MAH. SÜMER SK. MOB NO:4NO:37;İSTANBUL;SARIYER;(264) 2958000;www.goodyear.com;goodyear.com;İİB-MOB.KAĞIT VE ORMAN İHR.BRL.
İBRAHİM ORTAKÇI CAM AYNA İŞLEME VE MOB.SAN TİC.A.Ş;SÜLEYMANİYE OSB MAH.2. CAD. NO:12İÇ KAPI:1;BURSA;İNEGÖL;(224) 7148314;www.ioglass.com.tr;ioglass.com.tr;İİB-MOB.KAĞIT VE ORMAN İHR.BRL.
AKKOR TEKSTİL SAN. VE DIŞ TİC. LTD. ŞTİ. ;GENÇTÜRK CAD. AHMET SELAHATTİNSOK. NO.12  LALELİ;İSTANBUL;FATİH;(212) 5148313;www.akkordisticticaret.com;akkordisticticaret.com;İİB-MOB.KAĞIT VE ORMAN İHR.BRL.
DOĞAN ZARF KAĞIT AMBALAJ SAN. VE TICARET LTD.ŞTİ.;LITROS YOLU 2.MATBAACILAR SIT.1.BLOK NO:16;İSTANBUL;BAYRAMPAŞA;(212) 6129250;www.doganzarf.com;doganzarf.com;İİB-MOB.KAĞIT VE ORMAN İHR.BRL.
EVYAP İNTERNATIONAL DIŞ TİC. A.Ş.;AYAZAĞA MAH. KEMERBURGAZ CAD NO:1;İSTANBUL;ŞİŞLİ;(212) 2892300;www.evyap.com.tr;evyap.com.tr;İİB-MOB.KAĞIT VE ORMAN İHR.BRL.
MİL MOBİLYA LOJİSTİK SAN. TİC.LTD.ŞTİ;MİMAROBA MAH. MUSTAFA KEMAL BULV. COLORİST NO:4/2/74;İSTANBUL;BÜYÜKÇEKMECE;(212) 0000000;www.milihracat.com;milihracat.com;İİB-MOB.KAĞIT VE ORMAN İHR.BRL.
İŞBİR SÜNGER SANAYİİ A.Ş.;BALIK HİSAR MAH ÖZGÜN SOK NO:752 .ÇUBUK AYRIMI;ANKARA;AKYURT;(312) 3980788;www.işbiryatak.com;xn--ibiryatak-02b.com;İİB-MOB.KAĞIT VE ORMAN İHR.BRL.
ESSELTE LEITZ BÜRO MALZ.SAN.VE TİC.A.Ş.;MASLAK MAH.SÜMER SOK. AYAZAĞATİC.MERK. NO:3 K:2;İSTANBUL; ;(212) 2862630;www.esselte.com;esselte.com;İİB-MOB.KAĞIT VE ORMAN İHR.BRL.
KODMARK ETİKET LİMİTED ŞİRKETİ;SANAYİ MAH. ENSAR CAD. - - NO: 35 İÇ KAPI NO: 3 ;İSTANBUL;PENDİK;(216) 3901631;www.kodmark.com;kodmark.com;İİB-MOB.KAĞIT VE ORMAN İHR.BRL.
DİLHAN TEKSTİL İÇ VE DIŞ TİC. A.Ş.;OVAAKÇA SANTRAL MAH. İSTANBUL CAD.NO:640/1;BURSA;OSMANGAZİ;(224) 2670425;www.dilhan.com.tr;dilhan.com.tr;İİB-MOB.KAĞIT VE ORMAN İHR.BRL.
MERİNTAŞ İNŞ.MATB. VE  ETİKET SAN. TİC. A.Ş;ADNAN KAHVECİ MAH. BÜYÜKDERE CAD. ŞİRİN SAN. SİT. B-9 AP. NO:22 H-9;İSTANBUL;BEYLİKDÜZÜ;(212) 5652821;www.merintas.com;merintas.com;İİB-MOB.KAĞIT VE ORMAN İHR.BRL.
ALBA LABORATUVAR SİSTEMLERİ MOBİLYA İNŞAAT VE DIŞ TİC.TURİZM TAŞ.LTD.ŞTİ.;ATAKENT MAHALLESİ SEYİ DEMİRSOY CAD. EMEK APT. NO:7/24 ;İSTANBUL;ÜMRANİYE;(216) 3358840;http://www.albalab.com.tr;albalab.com.tr;İİB-MOB.KAĞIT VE ORMAN İHR.BRL.
DEKORFİM MOBİLYA DEKORASYON SANAYİ VE TİCARET LİMİTED ŞİRKETİ;MEK ADNAN MENDERES MH. TURGUT ÖZAL CAD. NO:26 İÇAPI NO:Z14 ;BURSA;OSMANGAZİ;(224) 0000000;https://dekorfim.com/;dekorfim.com;İİB-MOB.KAĞIT VE ORMAN İHR.BRL.
ARZ GROUP AMBALAJ KAĞIT GIDA SANAYİ VE ANONİM ŞİRKETİ;19 MAYIS MAH. İNÖNÜ CAD. NO:86/20;İSTANBUL;KADIKÖY;(212) 7413033;http://www.grouparz.com;grouparz.com;İİB-MOB.KAĞIT VE ORMAN İHR.BRL.
VEGA YAPISAL ÜRÜN.SAN.VE TİC.A.Ş;SELİMPAŞA 6093 CAD. 750 ADA 1 PARSEL NO:10 SELİMPAŞA ;İSTANBUL;SİLİVRİ;(212) 0000000;www.idealkabin.com.tr;idealkabin.com.tr;İİB-MOB.KAĞIT VE ORMAN İHR.BRL.
SERAFLEX TEKSTİL SANAYİ TİCARET LTD.ŞTİ;ORG.SAN.BÖL.4.CAD.NO.22;BURSA;İNEGÖL;(224) 7149021;www.lilaflex.com;lilaflex.com;İİB-MOB.KAĞIT VE ORMAN İHR.BRL.
MURAT KARADAYI-LOUİS HOME FURNİTURE;MAHMUDİYE MAH. ÇAĞRI SOK NO:9A İÇ KAPI NO:A;BURSA;İNEGÖL;(224) 0000000;www.louiskoltuk.com;louiskoltuk.com;İİB-MOB.KAĞIT VE ORMAN İHR.BRL.
MUZAFFER PAZ.MOB.TEKS.SAN.VE TIC.LTD.ŞTI.;MESUDIYE MAH. YILDIRIM CAD.AVARLAR KAVŞAĞI NO.49;BURSA;İNEGÖL;(224) 7117799;www.muzaffermobilya.com;muzaffermobilya.com;İİB-MOB.KAĞIT VE ORMAN İHR.BRL.
KESKİN COLOR KARTPOSTALCILIK AŞ; BAĞLAR MAH. ÇEŞMEALTI SOK. NO:23;İSTANBUL;BAĞCILAR;(212) 6514822;www.keskincolor.com;keskincolor.com;İİB-MOB.KAĞIT VE ORMAN İHR.BRL.
URSA SANAYİ HAMMADDELERİ LTD.ŞTİ;AYAZMA CD.ALIYE MERIC KONAK ISMER.NO:3 D:14 D.TAS BESIKTAS;İSTANBUL; ;2885563;www.ur-sa.com.tr;ur-sa.com.tr;İİB-MOB.KAĞIT VE ORMAN İHR.BRL.
DELTA İNŞAAT MALZ.GIDA TEKSTİL OTOM.TUR.SAN.VE DIŞ TİC.LTD.ŞTİ.;ORUÇ REİS MAHALLESİ VADİ CADDESİ GİYİMKENT SİTESİ NO:170/117;İSTANBUL;ESENLER;(212) 5882551;www.ıstanbulfoodsgroup.com;xn--stanbulfoodsgroup-bvc.com;İİB-MOB.KAĞIT VE ORMAN İHR.BRL.
EKOPACK KAĞIT AMBALAJ SAN.VE TİC.A.Ş;AKÇABURGAZ MAH.3044. SOK.NO:3/3;İSTANBUL;ESENYURT;(212) 8863461;www.ekopack.com.tr;ekopack.com.tr;İİB-MOB.KAĞIT VE ORMAN İHR.BRL.
PALMİYE GLOBAL HAREKETLİ YAPI SİST. SAN. VE TİC. AŞ;5.BOLGE SANAYI BULV.NO:109KAT:3;İSTANBUL;ESENYURT;02128868657;www.palmiyegolge.com;palmiyegolge.com;İİB-MOB.KAĞIT VE ORMAN İHR.BRL.
İNTEREZZA AHŞAP VE İNŞAAT SAN.TİC.LTD.ŞTİ.;ARMAĞANEVLER MAH.MİTHATPAŞA CAD.SIRT SOKAK  NUMARA:116 / A;İSTANBUL;ÜMRANİYE;(216) 5334282;www.interezza.com.tr;interezza.com.tr;İİB-MOB.KAĞIT VE ORMAN İHR.BRL.
SEBAHAT UBUZ - YMS KOLTUK MOB. MALZ.TIC.;MAHMUDİYE MAH. KALENDER CAD.NO:64 İNEGÖL;BURSA;İNEGÖL;(224) 7120298;www.malzemedunyasi.com.tr;malzemedunyasi.com.tr;İİB-MOB.KAĞIT VE ORMAN İHR.BRL.
PEMODE MOBİLYA VE İNŞAAT SAN. TİC. LTD. ŞTİ.;İZMİR YOLU 25. KM;ÇANAKKALE;ÇANAKKALE;(286) 2233565;www.swingroo.com;swingroo.com;İİB-MOB.KAĞIT VE ORMAN İHR.BRL.
AMCOR FLEXIBLES İSTANBUL AMBALAJ SAN.VE TİC.A.Ş.;TEPEOREN MAH. ESKİ ANKARA ASFALTI NO:228;İSTANBUL;TUZLA;(216) 5817000;www.amcor.com;amcor.com;İİB-MOB.KAĞIT VE ORMAN İHR.BRL.
ORMO İTH. İHR. AŞ;BAĞLAR CD. NO:14/BKAĞITHANE OFİS PARK ;İSTANBUL;KAĞITHANE;(212) 2514730;www.ormo.com.tr;ormo.com.tr;İİB-MOB.KAĞIT VE ORMAN İHR.BRL.
CELAL AYHAN MATBAA VE AMB.SAN. LTD.ŞTİ.;AKÇABURGAZ MAH.3038 SOK. NO:13-15;İSTANBUL;ESENYURT;(212) 5764156;www.ayhankutu.com.tr;ayhankutu.com.tr;İİB-MOB.KAĞIT VE ORMAN İHR.BRL.
SETAŞ KİMYA SANAYİ A.Ş.;KARANFIL SOKAK NO:34  1.LEVENT;İSTANBUL; ;(212) 2702072;www.setaskimya.com;setaskimya.com;İİB-MOB.KAĞIT VE ORMAN İHR.BRL.
SALMAN DIŞ TİC. LTD. ŞTİ. ;KODOMAN SK.NO:65 KAT:4;İSTANBUL; ;(212) 2337801;www.salmandisticaret.com;salmandisticaret.com;İİB-MOB.KAĞIT VE ORMAN İHR.BRL.
KENAN TUNALI;SEZAİ KARAKOÇ CD FATİH SAN SİT D3 BLOK NO 45 D1AKŞEMSETTİN MAH.;İSTANBUL;ESENYURT;;www.artestone.net;artestone.net;İİB-MOB.KAĞIT VE ORMAN İHR.BRL.
STARKE MAĞAZA MARKET EKİPMANLARI SAN.VE TİC.LTD.ŞTİ.;KARAAĞAÇ MH YİĞİTTÜRK CD NO:36/1/3;İSTANBUL;BÜYÜKÇEKMECE;(212) 8643064;www.starkeraf.com;starkeraf.com;İİB-MOB.KAĞIT VE ORMAN İHR.BRL.
ISMAIL ŞENTÜRK - ŞIPTAR MOBL.;ORHANİYE MH. AKPINAR CD. NO:14;BURSA;İNEGÖL;(224) 7114421;www.siptarmobilya.com;siptarmobilya.com;İİB-MOB.KAĞIT VE ORMAN İHR.BRL.
SELECTRON ELEKTROKIMYA SAN.VE TIC.LTD.ŞTI;ZEYNEBİYE CAD. ŞENGÜL SOK. NO.21;İSTANBUL;KÜÇÜKÇEKMECE;(212) 4700310;www.selectron.com.tr;selectron.com.tr;İİB-MOB.KAĞIT VE ORMAN İHR.BRL.
KROMLUKS MUTFAK CIHAZLARI İMALAT VE TICARET ANONİM ŞİRKETİ;ORGANİZE SANAYİ BÖLGESİ UYGURLAR CADDESİ NO.:8 ;ANKARA;SİNCAN;(312) 2670276;www.kromluks.com;kromluks.com;İİB-MOB.KAĞIT VE ORMAN İHR.BRL.
SAKALAR MOB.KOL.ORM.ÜR.INŞ.INŞ .MALZ.NAK.SAN.TIC.LTD.ŞTI.;İNEGÖL MOB. AĞÇ İŞL. İHTİSAS O.S.B. 1. CAD. NO:12;BURSA;İNEGÖL;(224) 7185396;www.sakaev.com;sakaev.com;İİB-MOB.KAĞIT VE ORMAN İHR.BRL.
ÇISA MOBILYA ORMAN ÜRN.SAN.TIC .LTD.ŞTI.;MAHMUDİYE MAH. AĞAÇ İŞLERİ SANAYİİÇAVDAR SK. NO:4;BURSA;İNEGÖL;(224) 7185001;www.cisasalotti.com;cisasalotti.com;İİB-MOB.KAĞIT VE ORMAN İHR.BRL.
ONUR TEKİN UZ MAKİNA KAL. DİJ. REK. DIŞ TİC. SAN. VE TİC. LİMİTED ŞİRKETİ;BURHANİYE MH ŞEHİT ER ERHAN YILMAZ SK. NO:2A;BURSA;İNEGÖL;(224) 0000000;http://www.eurusconcept.com;eurusconcept.com;İİB-MOB.KAĞIT VE ORMAN İHR.BRL.
YONCA TEKNİK YATIRIM TURİZM SAN. VE TİC. A.Ş.;AYDINTEPE MAH.YAKUT SOK.NO:17;İSTANBUL;TUZLA;(216) 3929970;www.yonca-onuk.com;yonca-onuk.com;İİB-MOB.KAĞIT VE ORMAN İHR.BRL.
DECORTİE MOBİLYA ANONİM ŞİRKETİ;BALIKLI ÇEŞME KÖYÜ ORGANİZE SAN BÖLGESİ MEVKİ MAVİ CADDE  NO:47/1 ;ÇANAKKALE;BİGA;(286) 3174373;www.decortie.com;decortie.com;İİB-MOB.KAĞIT VE ORMAN İHR.BRL.
ARSAN KİMYA SAN. VE TİC. AŞ;SANAYİ MAH.ISISO SAN.SİT.U .1 .BİLOKNO:12;İSTANBUL;ESENYURT;(212) 6230500;www.arsankimya.com;arsankimya.com;İİB-MOB.KAĞIT VE ORMAN İHR.BRL.
TUNTEKS ETİKET SAN. AŞ;MERKEZ MAH.ORUÇ REIS SOK. NO:1 KAT:B1 ;İSTANBUL;BAHÇELİEVLER;(212) 5035556;www.tunteks.com;tunteks.com;İİB-MOB.KAĞIT VE ORMAN İHR.BRL.
CERES REKLAM SAN. VE TİC. A.Ş.;MERKEZ MAH. AYAZMA MEVKİİ Ş. MEHMET AKİF CAD.  NO :37/A TAŞDELENLEN;İSTANBUL;ÇEKMEKÖY;(216) 3122462;www.ceresdisplay.com;ceresdisplay.com;İİB-MOB.KAĞIT VE ORMAN İHR.BRL.
YAŞAR ÇAMAŞIR SAN. TİC. LTD. ŞTİ.;MOLLAFENARİ MAH.BEZCİLER SOKAKYENİBİLECİK HAN.NO.402;İSTANBUL; ;02125190149;www.yasaronline.com;yasaronline.com;İİB-MOB.KAĞIT VE ORMAN İHR.BRL.
FUAT FENER;CUMHURIYET MAH. DANISMAN SOK. NO: 4 İNEGÖL / BURSA;BURSA;İNEGÖL;(224) 7185613;www.byskmmobilya.com;byskmmobilya.com;İİB-MOB.KAĞIT VE ORMAN İHR.BRL.
PORTAKAL AHŞAP ÜRETİM VE PAZ. A.Ş.;AKSE MAH. NAZIM HİKMET CAD. NO: 22ÇAĞDAŞKENT;KOCAELI;ÇAYIROVA;(262) 7423821;www.portakalpvc.com;portakalpvc.com;İİB-MOB.KAĞIT VE ORMAN İHR.BRL.
TİBET İÇ VE DIŞ TİCARET LİMİTED ŞİRKETİ;YALIKÖY CAD. BAHÇECİ MOBİLYA BLOK NO:19A;İSTANBUL;SİLİVRİ;(212) 7216800;https://www.bahcecimobilya.com/;bahcecimobilya.com;İİB-MOB.KAĞIT VE ORMAN İHR.BRL.
TORUN KARDEŞLER MOB.KOLT.TEKS.İNŞ.ORM.ÜRN.NAK.MET.İŞ.İHR.VE İTH.SAN.TİC.LTD.ŞTİ.;MAHMUDİYE MAH.18.MOBİLYA SK. SUDE COLLECTİON BLOK NO:13;BURSA;İNEGÖL;(224) 0000000;http://www.sudecollection.com;sudecollection.com;İİB-MOB.KAĞIT VE ORMAN İHR.BRL.
EURODECO PANEL SİSTEMLERİ A.Ş.;CUMHURİYET MAH. ŞİROĞLU SK. NO: 12/2;İSTANBUL;KARTAL;(216) 3840666;http://www.dekozen.com;dekozen.com;İİB-MOB.KAĞIT VE ORMAN İHR.BRL.
PARKE-TEK PARKE SAN.VE TIC.A.Ş;D-100 KARAYOLU NO:148;DÜZCE;DÜZCE;(380) 5122394;www.serifoglu.com.tr;serifoglu.com.tr;İİB-MOB.KAĞIT VE ORMAN İHR.BRL.
SORA KOZMETİK SANAYİ TİCARET ANONİM ŞİRKETİ;GAZITEPE MAH. AYBAR SOK. NO: 7;İSTANBUL;SİLİVRİ;(212) 8800841;www.sorakimya.com;sorakimya.com;İİB-MOB.KAĞIT VE ORMAN İHR.BRL.
MS MOTORSERVICE İSTANBUL DIŞ TİCARET VE PAZARLAMA A.Ş.;BUYUKDERE C. NORAMIN IS MERKNO 111;İSTANBUL;ŞİŞLİ;02122854265;www.emes-motor-service.com.tr;emes-motor-service.com.tr;İİB-MOB.KAĞIT VE ORMAN İHR.BRL.
TIMPA HIJYENIK MADD.URETIM VE TIC.LTD.STI.;İNÖNÜ CAD. NO.5 TAVŞANLI KÖYÜGEBZE KOCAELİ;İSTANBUL;SANCAKTEPE;(262) 7249670;www.timpalltd.com.tr;timpalltd.com.tr;İİB-MOB.KAĞIT VE ORMAN İHR.BRL.
YILDIRIM FIRCA TUR.INS.SAN. VE TIC.LTD.STI.;İ.O.S.B. PİK DÖKÜMCÜLER SAN. SİT. A6 BLOK NO:8 KAT:1 34490 SÖNMEZ SOK. 34306;İSTANBUL;BAŞAKŞEHİR;(212) 6562734;www.yildirimfirca.com;yildirimfirca.com;İİB-MOB.KAĞIT VE ORMAN İHR.BRL.
YASİN BOZOKLU-VİCENTE KOLTUK;MAHMUDİYE MAH. ŞİRİN SOK NO:12 ;BURSA;İNEGÖL;(224) 7110111;www.vicente.com.tr;vicente.com.tr;İİB-MOB.KAĞIT VE ORMAN İHR.BRL.
VE-GE HASSAS KAĞIT VE YAPIŞTIRICI BANT SAN.VE TIC.A.Ş.;HALKALI CAD.NO.243/2;İSTANBUL;KÜÇÜKÇEKMECE;(212) 6989070;www.ve-ge.com.tr;ve-ge.com.tr;İİB-MOB.KAĞIT VE ORMAN İHR.BRL.
ANGORA AMBALAJ VE ETIKET IMAL. SAN. TIC. LTD. ŞTI.;TERAZİDERE MAH. HAKAN SOK.NO:42;İSTANBUL;BAYRAMPAŞA;(212) 6741316;www.angoraetiket.com;angoraetiket.com;İİB-MOB.KAĞIT VE ORMAN İHR.BRL.
PİNELAKE DIŞ TİC.LTD.ŞTİ.;ÇOBANÇEŞME MAH.SAN.CADDESİ NİSH İSTANBUL NO:44D BLOK KAT:14 D:168;İSTANBUL;BAHÇELİEVLER;(212) 6036690;www.pinelake.com.tr;pinelake.com.tr;İİB-MOB.KAĞIT VE ORMAN İHR.BRL.
DEN-KO MOBILYA IML. YAPI MALZ. INŞ. SAN. VE TIC. LTD. ŞTI.;ORG. SAN. BLG. 2. CAD 17. SOK NO:20;ZONGULDAK;ÇAYCUMA;(372) 6386222;www.denkobanyo.com;denkobanyo.com;İİB-MOB.KAĞIT VE ORMAN İHR.BRL.
AS DEFTER SAN. VE TIC. LTD.ŞTI; IBRAHIMAĞA CAD.NO:1434030 ;İSTANBUL;BAYRAMPAŞA;(212) 6126800;www.asdefter.com;asdefter.com;İİB-MOB.KAĞIT VE ORMAN İHR.BRL.
KALİBRE BORU SAN. VE TİC. A.Ş.;YENİ BURSA YOLU 3.KM.;KOCAELI;İZMİT;(262) 3166641;http:///www.kalibreboru.com.tr;kalibreboru.com.tr;İİB-MOB.KAĞIT VE ORMAN İHR.BRL.
ARKAN GRUP SAĞLIK ÜRÜNLERİ ANONİM ŞİRKETİ;ŞEHİT POLİS FETHİ SEKİN CAD. İGTOT 13. BLOK NO:1/Y İÇ KAPI NO:10 ŞAHİNTEPE;İSTANBUL;BAŞAKŞEHİR;(212) 4387601;www.pine.com.tr;pine.com.tr;İİB-MOB.KAĞIT VE ORMAN İHR.BRL.
ARTI TEKSTİL GİYİM İNŞAAT TURİZM SAN. VE TİC. LTD. ŞTİ.; SANAYİ CAD. NİSH İSTANBUL BİNASI NO:44 C BLOK K:5 D:63;İSTANBUL;BAHÇELİEVLER;(212) 4813603;www.artitextile.com;artitextile.com;İİB-MOB.KAĞIT VE ORMAN İHR.BRL.
TANEKS KAĞIT SANAYI ÜRÜNLERI TIC.VE SAN.LTD.ŞTI.;İKİTELLİ OSB MAH. HESKOOP S1 BLOK SK. HESKOOP S1 BLOK NO: 8 İÇ KAPI NO: 8 ;İSTANBUL;BAŞAKŞEHİR;(212) 6702277;www.tanexlabel.com.tr;tanexlabel.com.tr;İİB-MOB.KAĞIT VE ORMAN İHR.BRL.
SENTEZ GRUP  AMB.SAN.VE TIC.A.Ş.;VEYSEL KARANİ MAH. ÇOLAKOĞLU SOK NO:10 KAT:6 D:99 ;İSTANBUL;SANCAKTEPE;(216) 6226500;www.sentezambalaj.com.tr;sentezambalaj.com.tr;İİB-MOB.KAĞIT VE ORMAN İHR.BRL.
ORMEL OTEL RESTAURANT MUTFAK EKİPMANLARI SANAYİ VE TİCARET LİMİTED ŞİRKETİ;MERKEZ MAH. Ş.BARBAROS YALÇINSK. NO:3;İSTANBUL;KAĞITHANE;(212) 2956527;www.ormel.com.tr;ormel.com.tr;İİB-MOB.KAĞIT VE ORMAN İHR.BRL.
YAPIARTI İNŞ.VE TAAH SAN. TİC.A.Ş;"GAYRETTEPE MAH.AYAZMA DERESİ CAD. SARAL İŞ MERKZ.N:5 K:6 0 BEŞİKTAŞ,";İSTANBUL;BEŞİKTAŞ;(212) 2758090;www.yapiarti.com.tr;yapiarti.com.tr;İİB-MOB.KAĞIT VE ORMAN İHR.BRL.
ÖZHAKTAN MOBİLYA SANAYİ VE TİCARET LİMİTED ŞİRKETİ;BEŞEVLER MH.YILDIRIM CD.NO:168DÜKKAN:3;BURSA;NİLÜFER;(224) 4524269;www.ozhaktan.com;ozhaktan.com;İİB-MOB.KAĞIT VE ORMAN İHR.BRL.
YILMAZ MAKİNA SANAYİ VE TİCARET LİMİTED ŞİRKETİ;YEŞİLBAYIR MAH.ŞİMŞİR SOK.NO:12 ;İSTANBUL;ARNAVUTKÖY;(212) 7712500;www.yilmaz.com.tr;yilmaz.com.tr;İİB-MOB.KAĞIT VE ORMAN İHR.BRL.
ASTA KUMAŞ VE DERİ SAN. LTD. ŞTİ.;Y.DUDULLU NATO YOLU CD. NO:133;İSTANBUL;ÜMRANİYE;(216) 5262655;www.astaderi.com;astaderi.com;İİB-MOB.KAĞIT VE ORMAN İHR.BRL.
KENT DAYANIKLI TÜKETİM MALLARI SANAYİ TİCARET LİMİTED ŞİRKETİ;VELİMEŞE ORG SAN. BÖL. BARAJ YOLU KÜME EVLER NO.9 ERGENE;TEKIRDAĞ;ÇORLU;02826745242;www.fiesta.com.tr;fiesta.com.tr;İİB-MOB.KAĞIT VE ORMAN İHR.BRL.
TUBEBOX AMBALAJ SANAYİ VE TİCARET LİMİTED ŞİRKETİ;BARAKFAKİH MAH. 21. CD. NO:2/E;BURSA;KESTEL;(224) 0000000; www.tubeboxambalaj.com ;tubeboxambalaj.com;İİB-MOB.KAĞIT VE ORMAN İHR.BRL.
İNEGÖL ARI MOBİLYA İNŞ.PAZ.SAN.VE.TİC.LTD.ŞTİ.;İNEGÖL MOBİLYA AGAÇ İŞLERİ İHTİSAS SAN.BÖLGE HAMZABEY KÖYÜ ÜSTÜ 1.CAD ZEMİN KAT  ;BURSA;İNEGÖL;(224) 7153932;www.arimobilya.com.tr;arimobilya.com.tr;İİB-MOB.KAĞIT VE ORMAN İHR.BRL.
CESA SANDALYE MOB.İNŞ.SAN.VE TİC.LTD.ŞTİ;MAHMUDİYE MAH.  GAZCILAR SOK NO:2 İÇ KAPI NO:Z4;BURSA;İNEGÖL;;www.cesasandalye.com;cesasandalye.com;İİB-MOB.KAĞIT VE ORMAN İHR.BRL.
OFISIT BÜRO SISTEMLERI SAN.VE TIC.A.Ş.;COKMAKLI MEVKII SAN 1 BULVARI4.BOLGE 9.CADDE;İSTANBUL;ESENYURT;02128865550;http://www.ofisit.com.tr;ofisit.com.tr;İİB-MOB.KAĞIT VE ORMAN İHR.BRL.
VİZYON DERİ SAN. VE TİC. AŞ;ESKİ LONDRA ASFALTI NO:79 AKINCILAR;İSTANBUL;GÜNGÖREN;(212) 5561686;www.vizyonderi.com.tr;vizyonderi.com.tr;İİB-MOB.KAĞIT VE ORMAN İHR.BRL.
TARZ PROJELENDİRME MİMARLIK MOB.İTH.İHR.SAN. VE TİC.LTD.ŞTİ.;SARAY MAH. KÜÇÜKSU CAD. NO:64/A ANTASYA RESİDENCE D:301 KAT:20 34760;İSTANBUL;ÜMRANİYE;(216) 6324444;www.tarzproje.com;tarzproje.com;İİB-MOB.KAĞIT VE ORMAN İHR.BRL.
MOBİ MOBİLYA İÇ MİMARLIK SAN. VE TİC. A.Ş.;YENİ YALOVA YOLU 14.KM.SANAYİ CAD NO:4 OVAAKÇA;BURSA;OSMANGAZİ;(224) 2670645;www.mobi.com.tr;mobi.com.tr;İİB-MOB.KAĞIT VE ORMAN İHR.BRL.
ESER MATBACILIK HİZ.SAN. VE TİC. LTD. ŞTİ.;LİTROS YOLU MEVKİİ II. MATBAACILAR SİT.C BLOK C-Z/16;İSTANBUL;ZEYTİNBURNU;(212) 5449876;http://www.esermatbaa.com.tr;esermatbaa.com.tr;İİB-MOB.KAĞIT VE ORMAN İHR.BRL.
DOĞA BARKOD ETİKET BİLGİSAYAR İÇ VE DIŞ TİCARET ANONİM ŞİRKETİ;AKÇABURGAZ MAH. 124.SOK NO:2;İSTANBUL;ESENYURT;(212) 8868600;www.dogabarkod.com.tr;dogabarkod.com.tr;İİB-MOB.KAĞIT VE ORMAN İHR.BRL.
KİMBERLY-CLARK TÜK. MAL. SAN. VE TİC. AŞ;KAVAKPINAR MAH. TANDOĞAN CAD.NO:144;İSTANBUL;PENDİK;(216) 9994100;www.kimberly-clark.com.tr;kimberly-clark.com.tr;İİB-MOB.KAĞIT VE ORMAN İHR.BRL.
KLASSA LOJİSTİK HİZMETLERİ EĞİTİM DANIŞMANLIK VE DIŞ TİC.LTD.ŞTİ.;GÜRSEL MAH.NURTAÇ CAD.ŞAHİN PLAZA NO:1 KAT:3OFİS:18;İSTANBUL;KAĞITHANE;(212) 6200118;www.klassa.com.tr;klassa.com.tr;İİB-MOB.KAĞIT VE ORMAN İHR.BRL.
MİMTEK MAKİNA SAN.VE TİC.A.Ş.;RAMAZANOĞLU MAH. TRANSTEK CAD. NO:14/1KURTKÖY;İSTANBUL;PENDİK;(216) 3139393;www.mimtekmakina.com;mimtekmakina.com;İİB-MOB.KAĞIT VE ORMAN İHR.BRL.
DERELİ GRAFİK MATBAA MALZEMELERİ SANAYİ VE TİCARET ANONİM ŞİRKETİ;HALKALI MERKEZ MAH. KARDELEN SOK. NO:40;İSTANBUL;KÜÇÜKÇEKMECE;02126985100;www.dereligraphic.com;dereligraphic.com;İİB-MOB.KAĞIT VE ORMAN İHR.BRL.
NESLI MOBILYA KOLTUK ORM.ÜRÜN. SAN.VE TIC. A.Ş.;INEGÖL ANKARA KARAYOLU 2.KMNO.BILA;BURSA;İNEGÖL;(224) 7185019;www.nills.com.tr;nills.com.tr;İİB-MOB.KAĞIT VE ORMAN İHR.BRL.
ERŞAH MADENİ EŞYA SANAYİ VE TİCARET LTD.ŞTİ.;BOĞAZKÖY ATATÜRK MAH.YILDIRIM BEYAZIT CAD.NO:194NO.342/A;İSTANBUL;ARNAVUTKÖY;02126850142;www.ersah.com.tr;ersah.com.tr;İİB-MOB.KAĞIT VE ORMAN İHR.BRL.
KAREBANT AHŞAP VE İNŞ.SAN.TİC.A.Ş;İNÖNÜ MH. GEBZE PLASTİKÇİLER OSBATATÜRK BULVARI NO:34/1;KOCAELI;GEBZE;(262) 7514466;www.karebant.com;karebant.com;İİB-MOB.KAĞIT VE ORMAN İHR.BRL.
ÖGE-PIPSAN PLASTIK SAN.VE TIC. AŞ.;SULTANÇIFTLIGI MH. TURGUTÖZAL BLV. NO:100 TASDELEN;İSTANBUL;ÇEKMEKÖY;02163121344;www.ogepipsan.com;ogepipsan.com;İİB-MOB.KAĞIT VE ORMAN İHR.BRL.
AREF MEDYA İNŞ.SAĞLIK SAN.VE DIŞ TİC.LTD.ŞTİ;MALTEPE MAH. YEDİKULE ÇIRPICI YOL SOK TOPKAPI TİC.MER.NO:1/104;İSTANBUL;ZEYTİNBURNU;;www.arefmedya.com;arefmedya.com;İİB-MOB.KAĞIT VE ORMAN İHR.BRL.
NEFAB TURKEY AMBALAJ SAN. VE TİCARET LİMİTED ŞİRKETİ;ÇERKEŞLİ OSB MH. İMES OSB 8.CAD. NO:11;İSTANBUL;MALTEPE;(262) 5020834;www.nefab.com;nefab.com;İİB-MOB.KAĞIT VE ORMAN İHR.BRL.
WEIDMANN TRANS.İZO SAN.VE DIŞ TİC A.Ş;BARIŞ MAH.1801 SOK. NO:3;KOCAELI;GEBZE;(262) 9992013;www.wicor.com;wicor.com;İİB-MOB.KAĞIT VE ORMAN İHR.BRL.
KAÇAR DIŞ TICARET A.Ş.;ORG.SAN.BÖL.KIRMIZI CAD.NO.15(YET.GÖZ.GAZETE);BURSA;NİLÜFER;(224) 2414650;www.kacartextile.com;kacartextile.com;İİB-MOB.KAĞIT VE ORMAN İHR.BRL.
ÖMÜR BASKI AMB. A.Ş.;BEYSAN SAN. SİT. BİRLİK CD NO:20/1;İSTANBUL;BEYLİKDÜZÜ;(212) 4227600;www.omur.com.tr;omur.com.tr;İİB-MOB.KAĞIT VE ORMAN İHR.BRL.
YONPAŞ ORMAN ÜRÜNLERİ SAN.TİC.A.Ş.;ORG.SAN.BÖL.9.CD.NO:24;KAYSERI;MELİKGAZİ;(352) 3213801;www.yonpas.com;yonpas.com;İİB-MOB.KAĞIT VE ORMAN İHR.BRL.
SUNAN MOBILYA VE GEREÇ.TIC.VE SAN.LTD.ŞTI.;ASEM SAN.SIT.NO:153;SAKARYA;ADAPAZARI;(264) 2110677;www.sunanmalzeme.com;sunanmalzeme.com;İİB-MOB.KAĞIT VE ORMAN İHR.BRL.
SM DİZAYN FİLM VE PROD.REK.ORG.SAN.TİC.LTD.ŞTİ.;KIVILCIM SK SİMGEKENT SİT B BOLK D 2;İSTANBUL;ÜSKÜDAR;(216) 4707074;www.smdesign.com.tr;smdesign.com.tr;İİB-MOB.KAĞIT VE ORMAN İHR.BRL.
BAYDAR TEKSTIL KONF.KOLT.MOB. SAN.TIC.LTD.ŞTI.;ORG.SAN.BÖL.2.CAD.NO.26;BURSA;İNEGÖL;(224) 7148480;www.lenovasofa.com;lenovasofa.com;İİB-MOB.KAĞIT VE ORMAN İHR.BRL.
İŞBİR SENTETİK DOKUMA SANAYİ ANONİM ŞİRKETİ;IZMIR YOLU ÇAYIRHISAR MEVKII;BALIKESIR;BALIKESİR;(266) 2830000;www.isbirsentetik.com;isbirsentetik.com;İİB-MOB.KAĞIT VE ORMAN İHR.BRL.
MEHMETPACK VİTRİN DEKORASYON KUTU VE AMBALAJ SANAYİ VE TİCARET LTD.ŞTİ.;EMİN SİNAN MH.EVKAF SOK.SULTAN HAN SİTESİ NO:7/8 ;İSTANBUL;FATİH;(212) 9639343;https://www.mehmetpack.com/;mehmetpack.com;İİB-MOB.KAĞIT VE ORMAN İHR.BRL.
DENİZ TEKSTİL SANAYİ  VE TİCARET ANONİM ŞİRKETİ;ORGANİZE SANAYİ BÖLGESİ NEVZAT KORU CAD.NO.3 ;DENIZLI;HONAZ;(258) 2692224;www.deniztekstil.com.tr;deniztekstil.com.tr;İİB-MOB.KAĞIT VE ORMAN İHR.BRL.
NILÜFER YÖNETIM DANISMANLIGI INSAAT SANAYI TICARET ANONIM SIRKETI;AHMET YESEVİ MAHALLESİ HUDUT SK. A BLOK APT. NO: 1;BURSA;NİLÜFER;(224) 4135544;http://muhasebe@tasyakaninsaat.com;tasyakaninsaat.com;İİB-MOB.KAĞIT VE ORMAN İHR.BRL.
GÜLŞAH ÜRETİM KOZMETİK SANAYİ ANONİM ŞİRKETİ;ÖMERLİ MAH. TUNA BOYU SOK. NO.6;İSTANBUL;ARNAVUTKÖY;(212) 7715222;www.gulsah.com.tr;gulsah.com.tr;İİB-MOB.KAĞIT VE ORMAN İHR.BRL.
XDRİVE MOBİLYA SANAYİ VE TİCARET LTD ŞTİ;İKİTELLİ OSB MAHALLESİ ÇEVRE 4.BLOK SOK.SANAYİ SİTESİ ÇEVRE 4 BLOK NO:6/6 34306 ;İSTANBUL;BAŞAKŞEHİR;(212) 6511915;www.yildizcelik.com;yildizcelik.com;İİB-MOB.KAĞIT VE ORMAN İHR.BRL.
TRİMCO GROUP TURKEY ETİKET VE AKS. SAN. VE TİC. LTD. ŞTİ.;BAĞLAR MH. MERCAN SK. NO:10 YILDIZLAR PILAZA KAT:4 D:11/12;İSTANBUL;BAĞCILAR;(212) 4894444;www.labelongroup.com;labelongroup.com;İİB-MOB.KAĞIT VE ORMAN İHR.BRL.
NAHİT AKBEY YAPI ANONİM ŞİRKETİ;"HANLI MERKEZ MAH. D-100 KARAYOLU CAD. AYD MOBİLYA SİTESİ NO:466/A HANLI MERKEZ MAH 54580 ARİFİYE, SA";SAKARYA;ARİFİYE;;www.tekoplus.com.tr;tekoplus.com.tr;İİB-MOB.KAĞIT VE ORMAN İHR.BRL.
VARDAR DÖŞEME SÜNGER KAPLAMA LTD. ŞTİ. ;NUMUNEBAG CAD.CINAR SOK.NO.28;İSTANBUL;BAYRAMPAŞA;02126139040;www.vardar.com.tr;vardar.com.tr;İİB-MOB.KAĞIT VE ORMAN İHR.BRL.
MARSOY DIŞ TİC. LTD. ŞTİ. ;KEMALPAŞA MAH. FEVZİYE CAD. NO.24 İÇ KAPI NO:101;İSTANBUL;FATİH;(212) 6389887;www.marsoygroup.com;marsoygroup.com;İİB-MOB.KAĞIT VE ORMAN İHR.BRL.
ÖZLİDER PLASTİK VE METAL SANAYİ TİCARET ANONİM ŞİRKETİ;MERKEZ MAH. ISTANBUL CAD. NO:7;İSTANBUL; ;(212) 8558100;www.ozlider.com;ozlider.com;İİB-MOB.KAĞIT VE ORMAN İHR.BRL.
FIO GAZ SANAYI VE TICARET ANONİM ŞİRKETİ;ÇALI MAH. ÇINARLIK CAD. GEMSAT GAZ EKİPMANLARI SANAYİ TİCARET AŞ. NO:10 16110;BURSA;NİLÜFER;02123270610;www.fiogaz.com;fiogaz.com;İİB-MOB.KAĞIT VE ORMAN İHR.BRL.
AY TEKSTİL SAN. VE TİC. LTD. ŞTİ. ;KÜÇÜKBAHÇE SOK. NO:1/7 K:1 D: 19/21;İSTANBUL;ŞİŞLİ;(212) 2410260; www.aytekstil.net;aytekstil.net;İİB-MOB.KAĞIT VE ORMAN İHR.BRL.
ÇİMTAŞ ÇELİK İMALAT MONTAJ VE TESİSAT A. Ş.;BALMUMCU MAH. ZİNCİRLİKUYU YOLUENKA-2 BINASI NO.8  KAT:3;İSTANBUL;BEŞİKTAŞ;(224) 5190250;www.cimtas.com.tr;cimtas.com.tr;İİB-MOB.KAĞIT VE ORMAN İHR.BRL.
SAFAOĞLU İTH.İHR. DIŞ TİC. SAN. VETİC.LTD.ŞTİ;BARIŞ MH.İZMİRYOLU CAD.NO:178 A/1;BURSA;NİLÜFER;(224) 4430990;www.safamobilya.com;safamobilya.com;İİB-MOB.KAĞIT VE ORMAN İHR.BRL.
BÜROSUN MOB INŞ VE TURIZ VE TI C LTD ŞTI(GÜNCEL IMZA GAZ.);GÜRSEL MAH KAGITHANE CAD NO 54/A.A;İSTANBUL;KAĞITHANE;(212) 3206620;www.burosun.com.tr;burosun.com.tr;İİB-MOB.KAĞIT VE ORMAN İHR.BRL.
EMİRSON GLOBAL KİMYA SANAYİ A.Ş;KOŞUYOLU MAH İMAR LTD.SOK.NO:24/3KOŞUYOLU;İSTANBUL;KADIKÖY;(216) 3276767;www.emirson.com.tr;emirson.com.tr;İİB-MOB.KAĞIT VE ORMAN İHR.BRL.
FİSTAŞ FANTAZİ İPLİK SAN. VE TİC. AŞ;DEMİRTAŞ ORG.SAN.BÖLG.;BURSA; ;(224) 2610622;www.fistas.com;fistas.com;İİB-MOB.KAĞIT VE ORMAN İHR.BRL.
UZAY MUTFAK VE MOBILYA SAN.TIC .LTD.STI.;GÜZELLER ORG. SAN. BÖLG.NURSULTAN NAZARBAYEV SOK.NO:13 GEBZE ;KOCAELI;GEBZE;(262) 7513523;www.uzaymutfak.com;uzaymutfak.com;İİB-MOB.KAĞIT VE ORMAN İHR.BRL.
TERGAN DERİ ÜRN. SAN. TİC. AŞ;ESENLER CAD.AYRANCI SAN.SİT.YAŞAR DOĞU SOK.NO:8;İSTANBUL;BAYRAMPAŞA;(212) 6132525;http://www.tergan.com;tergan.com;İİB-MOB.KAĞIT VE ORMAN İHR.BRL.
ÖZ TEKSTİL SAN. VE TİC. LTD. ŞTİ. ;DEMİRTAŞ ORG.SAN.BÖL. ERGUVAN SK. NO:1;BURSA;OSMANGAZİ;(224) 2611135;www.oztekstil.com;oztekstil.com;İİB-MOB.KAĞIT VE ORMAN İHR.BRL.
TEKINER KIRTASIYE MALZ.PAZ. SAN.VE TIC.LTD.ŞTI.;MAHMUTBEY PIRI REIS MAH.HACI BOSTAN CAD. NO.13;İSTANBUL; ;02124450375;www.tekinergruop.com;tekinergruop.com;İİB-MOB.KAĞIT VE ORMAN İHR.BRL.
ADA KAYA PANEL İNŞAAT TAAH. İÇ VE  DIŞ TİC.  LTD.  ŞTİ.;PİRAHMED MAH. D- 100 YANYOL NO:61 ;SAKARYA;ERENLER;(264) 2761416;www.ikiabirb.com.;ikiabirb.com.;İİB-MOB.KAĞIT VE ORMAN İHR.BRL.
BEFT TEKS. OTO. SAĞ. HİZ. VE İNŞ. TURZ. SEY. DIŞ TİC. LTD. ŞTİ.;ERGENEKON MAH.HALASKARGAZI CAD.YASAN OFİS NO.101 KAT.7D.69;İSTANBUL;ŞİŞLİ;(212) 2969098;www.beftex.com;beftex.com;İİB-MOB.KAĞIT VE ORMAN İHR.BRL.
AKGÜN YAPI VE ZEMIN KAPLAMALA. SAN. VE DIŞ TIC. LTD. ŞTI.;CUMHURİYET MAH. FİRUZE SOKAK E-5 KARAYOLU ÜZERİ İSTANBUL OUTLET PARK AVM 1.BODRUM KAT NO:281-282-274;İSTANBUL;BÜYÜKÇEKMECE;(212) 4443015;http://www.akgunyapi.com;akgunyapi.com;İİB-MOB.KAĞIT VE ORMAN İHR.BRL.
FRS MATBAACILIK SAN.VE TIC.LTD .ŞTI.;100.YIL MAH.MATBAACILAR SITESI5.CAD.NO:34;İSTANBUL;BAĞCILAR;(212) 6290000;www.frs.com.tr;frs.com.tr;İİB-MOB.KAĞIT VE ORMAN İHR.BRL.
OZKOC MOBILYA MEFR.INS.TAAH. YAT.VE GIDA PAZ.SAN.TIC.LTD.ST;BIRLIK M.KARAOGLANOGLU C.NO.98;İSTANBUL;ESENLER;02122224193;www.ozkocmobilya.com;ozkocmobilya.com;İİB-MOB.KAĞIT VE ORMAN İHR.BRL.
ÖZRAZGAT MOB.SAN.VE TIC.LTD. ŞTI.;MAHMUDİYE MAH. GÜNGÖR SOK NO:4 ;BURSA;İNEGÖL;(224) 7152353;www.ozrazgat.com.tr;ozrazgat.com.tr;İİB-MOB.KAĞIT VE ORMAN İHR.BRL.
CAPITAL EVENTS TURIZM VE TANIT IM HIZM.TIC.A.Ş;KRIZANTEM SOK. NO.82;İSTANBUL;BEŞİKTAŞ;02123250105;www.capitalevents.com.tr;capitalevents.com.tr;İİB-MOB.KAĞIT VE ORMAN İHR.BRL.
EKVATOR ISI MÜHENDİSLİK İNŞ.VE TİC.LTD.ŞTİ.;Y.DUDULLU MAH. NECİP FAZIL BUL.NO:46-A/1;İSTANBUL;ÜMRANİYE;(216) 5275735;www.snocmobilya.com;snocmobilya.com;İİB-MOB.KAĞIT VE ORMAN İHR.BRL.
FİLMAR FİLTRE SAN. VE TİC. LTD. ŞTİ.;KARAAĞAÇ CUMHURİYET MAH.KIŞLA YOLU SK. NO:21;HATAY;İSKENDERUN;(326) 6461010;www.filmar.com.tr;filmar.com.tr;İİB-MOB.KAĞIT VE ORMAN İHR.BRL.
PESAMS İTHALAT İHRACAT TURİZM İNŞ DAN. A.Ş.;YUNUS EMRE MH 1403/2 SK NO:3 B;İSTANBUL;SULTANGAZİ;(212) 0000000;http://pesams.inc.co@gmail.com;gmail.com;İİB-MOB.KAĞIT VE ORMAN İHR.BRL.
HÖMAK SOĞUTMA KABİNLERİ SAN.VE TİC. A.Ş.;CUMHURIYET MH.BALKAN CAD. NO:6 YAZIBAŞI BELDESNO: 12 YAZIBAŞIKÖYÜ;İZMİR;TORBALI;(232) 8538232;www.sevel.com.tr;sevel.com.tr;İİB-MOB.KAĞIT VE ORMAN İHR.BRL.
KUZEY EGE MOBİLYA SAN. VE TİC. LTD. ŞTİ.;CAMİ SK. NO:19;İSTANBUL;KÜÇÜKÇEKMECE;(212) 5993455;www.balleeg.com;balleeg.com;İİB-MOB.KAĞIT VE ORMAN İHR.BRL.
SALDA MOBİLYA KOLT.ORM.ÜRN.İNŞ.NAK.SAN.VE TİC.LTD.ŞTİ.;MAHMUDİYE MAH.19.MOBİLYA SOK S.S. KÜÇÜK SAN .SİT. B APT NO:1 ;BURSA;İNEGÖL;(224) 7186089;www.saldahome.com.tr;saldahome.com.tr;İİB-MOB.KAĞIT VE ORMAN İHR.BRL.
MAKSS DIŞ TİCARET LİMİTED ŞİRKETİ;RAMAZANOĞLU MH.GÜRSU SK.N:1;İSTANBUL;PENDİK;(216) 0000000;ww.maksshandle.com;ww.maksshandle.com;İİB-MOB.KAĞIT VE ORMAN İHR.BRL.
ANT YAPI SANAYİ VE TİCARET ANONİM ŞİRKETİ;SARAY MAH. AKÇAKOCA CAD. NO:11;İSTANBUL;ÜMRANİYE;(216) 6306868;www.antyapi.com;antyapi.com;İİB-MOB.KAĞIT VE ORMAN İHR.BRL.
GÜRSAN BÜRO MOB.METAL SAN.VE TIC.LTD.ŞTI.;KEÇEPİRİ MAH. AHMET TURAN SOK. NO:2 HASKÖY;İSTANBUL;BEYOĞLU;(212) 2566230;www.gursanmobilya.com;gursanmobilya.com;İİB-MOB.KAĞIT VE ORMAN İHR.BRL.
KÜÇÜKÇALIK TEKSTİL SAN. VE TİC. AŞ;ORGANİZE SAN.BÖL.1.CD.SONU;BURSA;İNEGÖL;(224) 7148085;www.k.calik.com;k.calik.com;İİB-MOB.KAĞIT VE ORMAN İHR.BRL.
HALAMAN PAZARLAMA VE DIŞ TİC.A.Ş;AKÇABURGAZ MAH. 137. SOK. NO.10 KIRAÇ ;İSTANBUL;ESENYURT;(212) 8768100;www.halaman.com;halaman.com;İİB-MOB.KAĞIT VE ORMAN İHR.BRL.
HALKALI KAĞIT KARTON SAN.VE TIC.A.Ş.;HALKALI MERKEZ MAH.DEREBOYU CAD.NO:72/1 ;İSTANBUL;KÜÇÜKÇEKMECE;(212) 6939334;www.halkalikagit.com;halkalikagit.com;İİB-MOB.KAĞIT VE ORMAN İHR.BRL.
İDE AMBALAJ SAN.VE TİC.LTD.ŞTİ.;MALTEPE MAHALLESİ GÜMÜŞSUYU CADDESİ TOPKAPI ODİN CENTER NO:28/194;İSTANBUL;ZEYTİNBURNU;(212) 5530266;https://ideambalaj.com;ideambalaj.com;İİB-MOB.KAĞIT VE ORMAN İHR.BRL.
AZRA KUMAŞ VE AYAK. SAN. İÇ VE DIŞ TİC. LTD. ŞTİ. ;EMIR SINAN M.DONEM S. ODES AIS MERKEZI N:5;İSTANBUL;FATİH;02125183491;www.odesagrup.com;odesagrup.com;İİB-MOB.KAĞIT VE ORMAN İHR.BRL.
ALFURSAN GLOBAL DIŞ TİC. LTD. ŞTİ. ;İNÖNÜ MAH.CUMHURİYET CAD.ZAMBAK APT.NO:193 KAT.1;İSTANBUL; ;(212) 2464430;www.alfursan.com.tr;alfursan.com.tr;İİB-MOB.KAĞIT VE ORMAN İHR.BRL.
SAYPAŞ ETİKET SAN. VE TİC. LTD. ŞTİ.;DOĞU SAN.SİT.1.BLOK NO:13;İSTANBUL;BAHÇELİEVLER;(212) 6394729;www.saypasetiket.com.tr;saypasetiket.com.tr;İİB-MOB.KAĞIT VE ORMAN İHR.BRL.
CEM OFSET MATBAACILIK SAN.A.Ş.;BEŞYOL FABRİKALAR CAD.NO:21;İSTANBUL; ;(212) 5416180;www.cemofset.net;cemofset.net;İİB-MOB.KAĞIT VE ORMAN İHR.BRL.
CESUR AMBALAJ SAN. VE TİC. AŞ;YAKACIK YANYOL SENEM SOK.NO:11;İSTANBUL;KARTAL;02163772855;www.cesurpack.com;cesurpack.com;İİB-MOB.KAĞIT VE ORMAN İHR.BRL.
KALEALTI ÇÖĞEN VE KURUYEMIŞ ITH.IHR.SAN.VE TIC.LTD.ŞTI.;GÖKSU GÖZTEPE MAH. ATATÜRK CD.KÖPRÜLÜ ÇIKMAZI NO:5;İSTANBUL;BEYKOZ;(216) 4653266;www.kalealti.com;kalealti.com;İİB-MOB.KAĞIT VE ORMAN İHR.BRL.
ART REKLAMCILIK TASARIM HİZMETLERİ SAN.VE TİC.LTD.ŞTİ.;BALMUMCU ŞAKİR KESEBİR CAD.GAZİ UMUR PAŞA SOKAKBALMUMCU PLAZA 1  30/2;İSTANBUL;BEŞİKTAŞ;(212) 2889390;www.artreklamcilik.com.tr;artreklamcilik.com.tr;İİB-MOB.KAĞIT VE ORMAN İHR.BRL.
NİLKA METAL SANAYİ VE TİCARET LİMİTED ŞİRKETİ;İKİTELLİ OSB MH DEMİRCİLER SAN SİT F2 BLOK NO:461/462/463/464;İSTANBUL;BAŞAKŞEHİR;(212) 5495684;www.nilka.com.tr;nilka.com.tr;İİB-MOB.KAĞIT VE ORMAN İHR.BRL.
MARKA OKUL MOBİLYALARI SAN.TİC.LTD.ŞTİ;İKİTELLİ ZİYAGÖKALP MAH. MALL OF İSTANBUL PLZ.N.7E K.17/139;İSTANBUL;BAŞAKŞEHİR;(212) 9701312;www.okulmobilyalari.com;okulmobilyalari.com;İİB-MOB.KAĞIT VE ORMAN İHR.BRL.
SANCAK ETİKET MATBAACILIK AMB İNŞ.SAN. VE TİCARET A.Ş;NİLÜFER ORGANİZE SANAYİ BÖLGESİ 208 SOK. NO:4;BURSA;NİLÜFER;(224) 4112152;www.sancaketiket.com;sancaketiket.com;İİB-MOB.KAĞIT VE ORMAN İHR.BRL.
SANDVIK ENDUSTRIYEL MAMULLER SAN.VE TIC.A.S.;E-5 YAKACIK YAN YOLU   MERMER SOK. NO.18;İSTANBUL;KARTAL;(216) 4530700;http://www.sandvik.com;sandvik.com;İİB-MOB.KAĞIT VE ORMAN İHR.BRL.
SAYART MATBAACILIK TİC. LTD. ŞTİ. ;İKİTELLİ ORG SANAYİ BÖLG.SEFAKÖY SAN. SİT4 BLOK NO.30;İSTANBUL;BAŞAKŞEHİR;(212) 0000000;www.sayart.com.tr;sayart.com.tr;İİB-MOB.KAĞIT VE ORMAN İHR.BRL.
ÇAKIRLAR MATBAACILIK AMBALAJ SAN.VE TIC.LTD.ŞTI.;İ.O.S.B SÜLEYMAN DEMİREL BULVARI AYKOSAN SAN.SİT.2.KISIM 14.ADA A1 BLOK;İSTANBUL;BAŞAKŞEHİR;(212) 6715454;www.cakirlar.com;cakirlar.com;İİB-MOB.KAĞIT VE ORMAN İHR.BRL.
ÖZTAŞ AMBALAJ SAN VE TİC.A.Ş;KALEİÇİ MAHALLESİ GÖKÇEALİ CAD. ÖZTAŞ AMBALAJ SİTESİ NO:77 KALEİÇİ 34540 ;İSTANBUL;ÇATALCA;(212) 8769292;www.oztasambalaj.com.tr;oztasambalaj.com.tr;İİB-MOB.KAĞIT VE ORMAN İHR.BRL.
OREGO AMBALAJ SANAYİ VE TİCARET A.Ş.;OSMANGAZİ MAH. 2647. SOKAK NO 5/1C ;İSTANBUL;ESENYURT;(212) 8581333;www.orego.com.tr;orego.com.tr;İİB-MOB.KAĞIT VE ORMAN İHR.BRL.
I. C. I. ULUSLARARASI HALI YAT. SAN. PAZ. VE DIŞ TİC. AŞ;PEYKHANE CD.NO:39 K:4 ÇEMBERLİTAŞ;İSTANBUL;FATİH;(212) 5174420;www.icihali.com;icihali.com;İİB-MOB.KAĞIT VE ORMAN İHR.BRL.
SEMPRE MOBILYA DEKORASYON PAZ. SAN.VE TIC.LTD.ŞTI.;DOĞU SANAYI SITESI 3.BLOK NO:9-10 YENİBOSNA;İSTANBUL;BAHÇELİEVLER;(212) 4527171;www.sempremobilya.com.tr;sempremobilya.com.tr;İİB-MOB.KAĞIT VE ORMAN İHR.BRL.
SÖNMEZ GLOBAL YAPI VE TİCARET ANONİM ŞİRKETİ;RÜZGARLI BAHÇE MAH.ACARLAR İŞMERK.F BLOK K:6 D:13-16;İSTANBUL;BEYKOZ;(216) 4255000;www.sonmezmetal.com;sonmezmetal.com;İİB-MOB.KAĞIT VE ORMAN İHR.BRL.
ERİKSSON DEKORASYON PROJE UYGULAMA SANAYİ VE TİCARET LİMİTED ŞİRKETİ;RUMELİ MAH.AYDINEVLER CAD.57/17;TEKIRDAĞ;ÇORLU;;www.edecor.no;edecor.no;İİB-MOB.KAĞIT VE ORMAN İHR.BRL.
KOLSAN EXPORT MOBİLYA SANAYİ ANONİM ŞİRKETİ;İÇERENKÖY MAH. TOPÇU İBRAHİM SK. SANCAKTAROĞLU PLAZA NO: 4A;İSTANBUL;ATAŞEHİR;(216) 4411013;http://www.kolsan.com;kolsan.com;İİB-MOB.KAĞIT VE ORMAN İHR.BRL.
GÖRSEL REKLAM SAN.TİC.A.Ş;FEVZİ ÇAKMAK MAH.FEVZİ ÇAKMAK CAD.NO:7 ;İSTANBUL;KÜÇÜKÇEKMECE;(212) 5926666;www.gorsel.net;gorsel.net;İİB-MOB.KAĞIT VE ORMAN İHR.BRL.
TERMODIN YAPI MALZ.SANAYI VE TIC. A.Ş.;GURSEL MAH.ISIKLI SOK.NO.65;İSTANBUL;KAĞITHANE;02122952930;www.termodin.com;termodin.com;İİB-MOB.KAĞIT VE ORMAN İHR.BRL.
GÜLHAK BOZ - YİĞİT MOBİLYA;EMEK ADNAN MENDERES MH TURGUT ÖZAL CD NO 26 Z1-4;BURSA;OSMANGAZİ;(224) 0000000;www.yigityapidekor.com;yigityapidekor.com;İİB-MOB.KAĞIT VE ORMAN İHR.BRL.
EGE KAĞIT  KARTON VE  ÜRÜNLERİ SAN. TİC.  A.Ş.;DEPOSİTE İŞ MERKEZİ A5 BLOK 3. KAT NO:30834306 İKİTELLİ İOSB;İSTANBUL;KÜÇÜKÇEKMECE;(212) 6716300;www.egepaper.com;egepaper.com;İİB-MOB.KAĞIT VE ORMAN İHR.BRL.
KAHRAMANMARAŞ KAĞIT SAN.TİC.A.Ş.;EYÜPSULTAN MH. R.TAYYİP ERDOĞANBLV.NO:136/A;K.MARAŞ;DULKADİROĞLU;(344) 2360830;www.kmkpaper.com;kmkpaper.com;İİB-MOB.KAĞIT VE ORMAN İHR.BRL.
SALKIM ORM. ÜRÜNLERI SAN VE TIC.A.Ş.;YENİ MAH.FİDANLIK CAD.NO:2/B;KIRKLARELI; ;(288) 6815014;http://www.salkimorman.com.tr/;salkimorman.com.tr;İİB-MOB.KAĞIT VE ORMAN İHR.BRL.
HEMLOY MOBİLYA VE TEK HİZ TİC AŞ;ESENTEPE MH TEVFİK ERDÖNMEZ PAŞA SK 7 BLOK NO 7;İSTANBUL;ŞİŞLİ;(212) 2434958;www.normod.com;normod.com;İİB-MOB.KAĞIT VE ORMAN İHR.BRL.
SEAGULL YAYIN EVİ VE SANATSAL BASIM LTD.ŞTİ.;YEŞİLKENT MAH. NAZIM HİKMEK BULVARI INNOVIA 2 SİTE B6 BLOK NO:55C NO:122;İSTANBUL;ESENYURT;(212) 7034236;http://www.seaeditions.com;seaeditions.com;İİB-MOB.KAĞIT VE ORMAN İHR.BRL.
TAN INVEST DIŞ TİC. AŞ;GÖZTEPE MH.İNÖNÜ CD.NO:122/D;İSTANBUL;BAĞCILAR;(212) 4853035;www.bellamaison.com;bellamaison.com;İİB-MOB.KAĞIT VE ORMAN İHR.BRL.
ADALI DİJİTAL BASKI VE İŞ GÜVENLİĞİ MALZ. SAN.TİC. LTD. ŞTİ.; H.RIFATPAŞA MH.Y.HAVUZ SK.B BL NO:1/1 İÇ KAPI NO:953;İSTANBUL;ŞİŞLİ;(212) 2537292;http://www.adalidijital.com;adalidijital.com;İİB-MOB.KAĞIT VE ORMAN İHR.BRL.
OTOMAT ÇÖZÜMLERİ MAKİNE VE GIDA SAN VE TİC AŞ;İNÖNÜ MH GEBZE PLASTİKÇİLER OSB MH14 CD NO 3/1;KOCAELI;GEBZE;(262) 5021476;www.otomatcozumleri.com;otomatcozumleri.com;İİB-MOB.KAĞIT VE ORMAN İHR.BRL.
FLY MOBİLYA SANAYİ VE TİCARET ANONİM ŞİRKETİ;BASKÖY MAH. PINARLI SK. NO: 8;BURSA;NİLÜFER;(224) 4836299;www.flymutfak.com;flymutfak.com;İİB-MOB.KAĞIT VE ORMAN İHR.BRL.
HAREKET MOBİLYA SAN.VE TİC.LTD.ŞTİ;ÇAKMAKLI  OSMANGAZİ MAH . MEHMET DENİZ KOPUZ CAD. NO:17/1 ;İSTANBUL;ESENYURT;(212) 6750071;www.multimo.com.tr;multimo.com.tr;İİB-MOB.KAĞIT VE ORMAN İHR.BRL.
ERAYSAN IML.ITH.IHR.PLS.MAK.VE SAN.TIC.A.Ş.;BEYSAN SAN. SIT. FUAR CAD.NO:17;İSTANBUL;AVCILAR;(212) 8764240;www.eraysan.com.tr;eraysan.com.tr;İİB-MOB.KAĞIT VE ORMAN İHR.BRL.
NOYAPLAST DIŞ TİC.LTD.ŞTİ;ULUS MAHALLESİ İSMETPAŞA CADDESİ BEKTAŞİ APT 7 BLOK NO:76/A İÇ KAPI NO:1 ULUS MAHALLESİ 34200;İSTANBUL;BÜYÜKÇEKMECE;(212) 8092528;www.noyaplast.com ;noyaplast.com;İİB-MOB.KAĞIT VE ORMAN İHR.BRL.
ANKARA TEKS. PAZ. SAN. VE TİC. AŞ;BOZKURT ÇARŞISI NO:120;İSTANBUL; ;(212) 8867500;www.ankaratekstil.com;ankaratekstil.com;İİB-MOB.KAĞIT VE ORMAN İHR.BRL.
DOSİN DIŞ TİC.LTD.ŞTİ;EMEK FATİH SULTAN MEHMET MAH. KAYA SK.NO:40 İÇ KAPNO:2;BURSA;OSMANGAZİ;(224) 0000000;http://www.dosinfurniture.com;dosinfurniture.com;İİB-MOB.KAĞIT VE ORMAN İHR.BRL.
BAYRAS MOBILYA-ORMAN ÜRÜNLERI INŞ.EMLAK-TAŞ.SA.TIC.LTD.ŞTI.;ANADOLU MH.INÖNÜ CD. CERRAHKASABASINO:35;BURSA;İNEGÖL;(224) 7242545;www.benimodam.com.tr;benimodam.com.tr;İİB-MOB.KAĞIT VE ORMAN İHR.BRL.
TANRIVERDİ MENSUCAT SAN. AŞ;Rahvancı Sok. Rahvancı İş Merkezi No:3 K:5-6;İSTANBUL;FATİH;(212) 7891929;www.tanriverdi.com;tanriverdi.com;İİB-MOB.KAĞIT VE ORMAN İHR.BRL.
DSD DERİ SANAYİCİLERİ DIŞ TİC. AŞ;TELSİZ MH.71.SK.NO:22-23;İSTANBUL; ;(212) 5460676;www.derri.net;derri.net;İİB-MOB.KAĞIT VE ORMAN İHR.BRL.
İNEGÖL GİRİŞİM MOBİLYA TEKS. İNŞ. SAN. VE TİC. LTD. ŞTİ.;MESUDİYE MAH. YILDIRIM CAD. NO:23-2;BURSA;İNEGÖL;(224) 7160065;www.tonzafuniture.com;tonzafuniture.com;İİB-MOB.KAĞIT VE ORMAN İHR.BRL.
KARINCA EV GEREÇLERİ PAZARLAMA İÇ VE DIŞ TİC. A.Ş.;AKÇABURGAZ MAH. 3132 SOK. NO:2;İSTANBUL;ESENYURT;(212) 2131514;www.bambum.com.tr;bambum.com.tr;İİB-MOB.KAĞIT VE ORMAN İHR.BRL.
MİNA MODÜLER MOBİLYA İNŞ.TEKSTİL TAŞ.OTOMOTİV.GIDA SAN VE TİC.LTD.ŞTİ;MAHMUDİYE MAH. GAZCILAR SOK NO:9/1;BURSA;İNEGÖL;(224) 7185244;www.minamoduler.com;minamoduler.com;İİB-MOB.KAĞIT VE ORMAN İHR.BRL.
ATEŞ ORMAN ÜRÜNLERİ NAKLİYE İNŞAAT SANAYİ VE TİCARET LİMİTED ŞİRKETİ;BÜYÜKBAKKALKÖY MAH. MALTEPE CAD. NO:9;İSTANBUL;MALTEPE;;www.atesormanurunleri.com.tr;atesormanurunleri.com.tr;İİB-MOB.KAĞIT VE ORMAN İHR.BRL.
NATURA HOME MOBİLYA SAN.VE TİC.LTD.ŞTİ;YENİCE MAH. OSMANBEY CAD. NO:64 ;BURSA;İNEGÖL;(224) 7159000;www.naturamobilya.com;naturamobilya.com;İİB-MOB.KAĞIT VE ORMAN İHR.BRL.
ALFA MATBAACILIK KAĞIT AMB.SAN VE TIC.LTD.ŞTI.;OSMANGAZİ MAH. BARIŞ MANÇO CAD. NO:1 ;İSTANBUL;ESENYURT;(212) 6890300;www.alfamatbaa.com;alfamatbaa.com;İİB-MOB.KAĞIT VE ORMAN İHR.BRL.
HAKAN OCAK;KEMALPAŞA MH. AKINCI SK. N.3/1;İSTANBUL;KÜÇÜKÇEKMECE;(212) 0000000;http://mobelausturkei.com;mobelausturkei.com;İİB-MOB.KAĞIT VE ORMAN İHR.BRL.
MİNAR MOBİLYA SAN VE TİC LTD.ŞTI;BALIKLIÇEŞME KÖYÜ ORG. SAN. BÖLG. MEVKİİYEŞİL CAD. NO:4A;ÇANAKKALE;BİGA;(286) 3169239;www.minarmobilya.com;minarmobilya.com;İİB-MOB.KAĞIT VE ORMAN İHR.BRL.
NOYAN ASKICILIK SAN.TIC.LTD.ŞT; KÜÇÜKÇEKMECE İKİTELLİ OSB MAH MARMARA SAN SİT G BLOK NO:7-18İKİTELLİ;İSTANBUL;KÜÇÜKÇEKMECE;(212) 4720762;www.noyanaski.com;noyanaski.com;İİB-MOB.KAĞIT VE ORMAN İHR.BRL.
ALTINZAMBAK TEKS.GIDA DAY.TÜK. MALLARI SAN.VE TIC.LTD.ŞTI.;MOBİLYA AĞAÇ İŞLERİ İHT. O.S.B.1 CAD.NO:21;BURSA;İNEGÖL;(224) 7149600;www.galamobilya.com;galamobilya.com;İİB-MOB.KAĞIT VE ORMAN İHR.BRL.
GWM MİMARİ TASARIM VE PEYZAJ ANONİM ŞİRKETİ;MASLAK MAHALLESİ ZÜMRÜTÜM SOKAK NO: 5 KAT: 3 DAİRE3;İSTANBUL;SARIYER;(212) 2851585;http://www.gwmpeyzaj.com;gwmpeyzaj.com;İİB-MOB.KAĞIT VE ORMAN İHR.BRL.
KERVAN TEKS. SAN. VE DIŞ TİC. AŞ;BEŞYOL MAH. ESKİ LONDRA ASFALTI  NO:18/1;İSTANBUL;KÜÇÜKÇEKMECE;(216) 6249034;www.kervan.biz.tr;kervan.biz.tr;İİB-MOB.KAĞIT VE ORMAN İHR.BRL.
TAVSAN TAVUKÇULUK EKİPMAN SAN. VE TİC. A. Ş.;ORG.SAN.BÖLG.NATO YOLU NO.267;İSTANBUL;ÜMRANİYE;(216) 3641105;www.tavsan.com.tr;tavsan.com.tr;İİB-MOB.KAĞIT VE ORMAN İHR.BRL.
SCK ZETA DIŞ TİCARET PAZARLAMA LİMİTED ŞİRKETİ;BUYUKDERE CAD.KUGU ISHANINO:81 K:1 D:1;İSTANBUL;ŞİŞLİ;(212) 2747144;www.zetacompany.com;zetacompany.com;İİB-MOB.KAĞIT VE ORMAN İHR.BRL.
NİKEL PASLANMAZ ÇELİK SANAYİ VE TİCARET ANONİM ŞİRKETİ;ESENKENT MAH. NATOYOLU CAD. NO: 301/5;İSTANBUL;ÜMRANİYE;(216) 5403400;www.nikelpaslanmaz.com;nikelpaslanmaz.com;İİB-MOB.KAĞIT VE ORMAN İHR.BRL.
ERNA-MAŞ MAKİNA TİCARET VE SANAYİ ANONİM ŞİRKETİ;ATATÜRK SAN.BÖLG.İSTASYON MH.PROF.MEHMET BOZKURT CAD.27;İSTANBUL;ÇATALCA;(212) 8662217;www.ernamas.com;ernamas.com;İİB-MOB.KAĞIT VE ORMAN İHR.BRL.
ŞOTEKS ETİKET TEKNOLOJİLERİ SAN. TİC. AŞ;İKİTELLİ ORGANİZE SANAYİ BÖLGESİ ENKOOP CAD. ENKOOP 1.SOK.NO:2/C ;İSTANBUL;BAŞAKŞEHİR;(212) 6133748;www.soteksetiket.com;soteksetiket.com;İİB-MOB.KAĞIT VE ORMAN İHR.BRL.
ÇINAR KAĞIT GIDA TEM AMB.PLAST SAN.VE TİC.LTD.ŞTİ;CELALİYECAD.. CELALİYE KAMİLOBA CAD NO:9 K:1-2-3-4;İSTANBUL;BÜYÜKÇEKMECE;(212) 7312501;www.cinerambalaj.com.tr;cinerambalaj.com.tr;İİB-MOB.KAĞIT VE ORMAN İHR.BRL.
DURAK TEKSTİL SAN. VE TİC. AŞ;VAKIF MAH. VAKIFKÖY CAD. NO:72;BURSA;YILDIRIM;(224) 3530113;www.durak.com;durak.com;İİB-MOB.KAĞIT VE ORMAN İHR.BRL.
ESSEL SELÜLOZ VE KAĞIT SAN. VE TİC. A.Ş.;SANAYİ MAH.KOZALI SOK.ÇARŞI YAPISİT. A BLOK APT. NO:10A/31 ;KOCAELI;İZMİT;(262) 3233361;www.essel.com.tr;essel.com.tr;İİB-MOB.KAĞIT VE ORMAN İHR.BRL.
NİL ORMAN ÜRÜNLERİ VE İNŞAAT SANAYİ TİCARET A.Ş; YUKARI DUDULLU MAH.SIRDAS SOK.NO.5;İSTANBUL;ÜMRANİYE;(216) 6121163;http://www.nilparke.com.tr/;nilparke.com.tr;İİB-MOB.KAĞIT VE ORMAN İHR.BRL.
ARMASAN AMBALAJ A.Ş.;ATATÜRK MAH.ATATÜRK CAD.N:16;İSTANBUL;ESENYURT;(212) 6899162;www.armasan.com;armasan.com;İİB-MOB.KAĞIT VE ORMAN İHR.BRL.
RANA KILIT CELIKKAPI GUV.ARAC.VE GER.MOB.VE AKS.SAN.TİC.LTD.STI.;DOĞU SANAYİ SİTESİ 11.BLOK N:6 ;İSTANBUL;BAHÇELİEVLER;02125521785;www.ranakilit.com;ranakilit.com;İİB-MOB.KAĞIT VE ORMAN İHR.BRL.
LİMEKS YAPI ELEMANLARI PAZARLAMA İÇ VE DIŞ TİCARET LİMİTED ŞİRKETİ;MAHMUTBEY MAH.2422. SOK. NO:13 ;İSTANBUL;BAĞCILAR;(212) 6595599;limeks.com;limeks.com;İİB-MOB.KAĞIT VE ORMAN İHR.BRL.
PEERDESIGN MİMARLIK DANIŞMANLIK VE YAPI DEKORASYON SANAYİ DIŞ TİCARET LİMİTED ŞİRKETİ;MERKEZ MAH. FİRUZE SK. DAP VADİSİ S OFİS SİTESİS OFİS APT. NO:5 İÇ KAPI NO:29;İSTANBUL;KAĞITHANE;(212) 0000000;http://www.peerdesign.com.tr;peerdesign.com.tr;İİB-MOB.KAĞIT VE ORMAN İHR.BRL.
ERMENEGİLDO ZEGNA GİYİM SAN. VE TİC. AŞ;İSTİNYE BAYIRI CAD.İSTİNYE PARK ALIŞVERİŞ MERKEZİ L415 ;İSTANBUL;SARIYER;(212) 2416500;www.zegna.com;zegna.com;İİB-MOB.KAĞIT VE ORMAN İHR.BRL.
DEĞİŞİMPACK AMBALAJ SANAYİ VE TİCARET ANONİM ŞİRKETİ; ADRES SELEHADDİN EYYÜBİ MAH. UĞUR MUMCU CAD. NO:3 İÇ KAPI NO:29 REBA SOYLU İŞ MERKEZİ;İSTANBUL;ESENYURT;(212) 6713474;http://www.degisimpack.com;degisimpack.com;İİB-MOB.KAĞIT VE ORMAN İHR.BRL.
LİDYA MOBİLYA SANAYİ VE TİCARET LİMİTED ŞİRKETİ;YENİCEKÖY MAH. MOBİLYA CAD.DIŞBUDAK MOBİLYA APT.NO:15/İMLT 1-2;BURSA;İNEGÖL;(224) 7113169;www.lidyamobilya.com;lidyamobilya.com;İİB-MOB.KAĞIT VE ORMAN İHR.BRL.
EMPATİ REKLAM GÖRSEL HİZMETLERİ ORGANİZASYON PROMOSYON GIDA VE TİCARET ANONİM ŞİRKETİ;KOŞUYOLU MAHALLESİ SALİH OMURTAK SOKAK;İSTANBUL;KADIKÖY;(216) 3268834;www.empatireklam.com;empatireklam.com;İİB-MOB.KAĞIT VE ORMAN İHR.BRL.
AKKAP ORMAN ÜRÜNLERİ MOBİLYA KOLTUK İNŞAAT TAAHHÜT SANAYİ VE TİCARET LTD.ŞTİ.;MAHMUDİYE MAH. KÜÇÜK SANAYİ SİTESİ YAPIKOOP. AĞAÇ İŞLERİ TANDOĞAN CAD.14.SK.NO.8-10;BURSA;İNEGÖL;(224) 7185599;www.akbulutkaplama.com;akbulutkaplama.com;İİB-MOB.KAĞIT VE ORMAN İHR.BRL.
SEVEN GRUP DIŞ TİC. LTD. ŞTİ. ;MERKEZ MAH. ALTIN ORDU CAD. NO:38/B;İSTANBUL;EYÜP;(212) 6155796;www.sevenproje.com;sevenproje.com;İİB-MOB.KAĞIT VE ORMAN İHR.BRL.
GKM ADA TEKS. AKS. SAN. TİC. LTD. ŞTİ. ;FATİH CD.KALENDER SK.PAKELLER İŞ MRK.NO:2 K:2 MERTER;İSTANBUL;GÜNGÖREN;(212) 6372748;www.gkmadatextile.com;gkmadatextile.com;İİB-MOB.KAĞIT VE ORMAN İHR.BRL.
APTİV TURKEY TEKNOLOJİ HİZMETLERİ LTD.ŞTİ.;HASANAĞA BELDESİ   NO:2;BURSA;NİLÜFER;(224) 2192800;www.delphipackard.com;delphipackard.com;İİB-MOB.KAĞIT VE ORMAN İHR.BRL.
OZAN CAM VE AYNA TICARET SAN.LTD.ŞTI.;YUNUSEMRE MH.YENİŞEHİR SK.NO:13;BURSA;YILDIRIM;(224) 3618032;www.ozancam.com;ozancam.com;İİB-MOB.KAĞIT VE ORMAN İHR.BRL.
GREINER AMBALAJ SAN. VE TİC. AŞ;ESKİ İZMİT ANKARA YOLU ÜZERİTEPEÖREN KÖYÜ;İSTANBUL; ;(216) 3042222;www.teknikplastik.com.tr;teknikplastik.com.tr;İİB-MOB.KAĞIT VE ORMAN İHR.BRL.
OYAL ÇİKOLATA VE ŞEKERLİ MAMUL LER İMALAT TİC.VE SAN LTD.ŞTİ.;YENİBOSNA MH DEĞİRMENBAHÇE CD NO 28;İSTANBUL;BAHÇELİEVLER;(212) 4520158;www.oyalchocolate.com;oyalchocolate.com;İİB-MOB.KAĞIT VE ORMAN İHR.BRL.
DİFDESİGN MİMARLIK HİZMETLERİ TİCARET LİMİTED ŞİRKETİ;ZİYA GÖKALP MAH. SÜLEYMAN DEMİREL BULV. MOLL OF İSTANBUL OFİS APT NO:7 E/136 ;İSTANBUL;BAŞAKŞEHİR;(212) 9998913;www.difdesingstudio.com;difdesingstudio.com;İİB-MOB.KAĞIT VE ORMAN İHR.BRL.
YAKASAN YAPIŞKAN KAĞIT SAN.VE TİC.A.Ş.;CIHANGIR MEVKII SANAYİ SOK. NO: 8;İSTANBUL;AVCILAR;(212) 4225540;www.yakasan.com.tr;yakasan.com.tr;İİB-MOB.KAĞIT VE ORMAN İHR.BRL.
AHMET MOL GAYRİMENKUL VE İNŞAAT SANAYİ TİCARET ANONİM ŞİRKETİ;İKİTELLİ OSB MAH. KERESTECİLER SANAYİ 19.BLOK NO:2;İSTANBUL;BAŞAKŞEHİR;(212) 6705234;http://www.moldoor.com.tr;moldoor.com.tr;İİB-MOB.KAĞIT VE ORMAN İHR.BRL.
HUHTAMAKI TURKEY GIDA SERVISI AMBALAJI A.Ş.;OSMAN GAZİ MAH. 2647. SOK.NO:7 ;İSTANBUL;ESENYURT;(212) 8865011;www.huhtamaki.com;huhtamaki.com;İİB-MOB.KAĞIT VE ORMAN İHR.BRL.
FCR DIŞ TIC.VE DANIŞM.LTD.ŞTI.;NATO YOLU CD. KOÇAK SK.NO:4/3;İSTANBUL;ÜMRANİYE;02163132760;www.fcrlimited.com;fcrlimited.com;İİB-MOB.KAĞIT VE ORMAN İHR.BRL.
BERKİM KAUÇUK PLASTİK KİMYA SAN.VE TİC.A.Ş;KOZLUK MAH.ADA SAN. CAD. NO:17;SAKARYA;ERENLER;(264) 3535327;www.berkimkimya.com.tr;berkimkimya.com.tr;İİB-MOB.KAĞIT VE ORMAN İHR.BRL.
AREL DERİ MOB. DEKOR. SAN. TİC. LTD. ŞTİ.;ATIŞALANI CD.NO:18 İÇ KAPI NO:1-2;İSTANBUL;BAYRAMPAŞA;(212) 5442034;www.arelinterior.com;arelinterior.com;İİB-MOB.KAĞIT VE ORMAN İHR.BRL.
NAMSA YAPI MALZEMELERI SAN. VE TIC. LTD. ŞTI.;HARSAT MAH. MARANGOZLAR SAN.SIT. RIHTIMBOYU CD. NO:222;KASTAMONU;TOSYA;(366) 3132363;www.namsa.com.tr;namsa.com.tr;İİB-MOB.KAĞIT VE ORMAN İHR.BRL.
SINGER DIKIŞ MAKINALARI TIC.A. Ş.;AYDINEVLER MAH.SANAYI CAD.NO:3CENTRUM IŞ MERK.K:6;İSTANBUL;MALTEPE;02165199898;www.singer.com.tr;singer.com.tr;İİB-MOB.KAĞIT VE ORMAN İHR.BRL.
ÖZVERLER RESIM ÇERÇEVE SAN.VE TIC.LTD.ŞTI.;MİLLET CD.FİLDİŞİ İŞMERK.NO.90/7;İSTANBUL;FATİH;(212) 4854614;www.ozverler.com.tr;ozverler.com.tr;İİB-MOB.KAĞIT VE ORMAN İHR.BRL.
TCC-THE CHAIR COMPANY BURO KOLTUK SANAYİ TİCARET A.Ş.;NILUFER SANAYI BOLGESI CEVIZ CAD N:7;BURSA;NİLÜFER;02244110190;www.grammerburo.com.tr;grammerburo.com.tr;İİB-MOB.KAĞIT VE ORMAN İHR.BRL.
OMAKS AJANS VE MATBAACILIK SAN VE TIC.LTD.ŞTI.;KAVAKLI MAH.KOSOVA CAD.NO:22 K:2;İSTANBUL;BEYLİKDÜZÜ;(212) 8561656;www.omaks.com;omaks.com;İİB-MOB.KAĞIT VE ORMAN İHR.BRL.
MARTEKS MARMARA TEKS. SAN. VE TİC. AŞ;ORG.SAN.BÖLG.3.CD.;BURSA;İNEGÖL;(224) 7148630;www.marteks.com.tr;marteks.com.tr;İİB-MOB.KAĞIT VE ORMAN İHR.BRL.
ICM ULUSL.INŞ.DANIŞM.PAZ.SAN. VE DIŞ TIC.A.Ş;GÖZTEPE MH. GÜZEL SOK. HEPER APART.NO:2/5;İSTANBUL;KADIKÖY;(216) 3861157;www.icm.com.tr;icm.com.tr;İİB-MOB.KAĞIT VE ORMAN İHR.BRL.
KALE BALATA OTOMOTİV SANAYİ VE TİCARET ANONİM ŞİRKETİ;KOÇKAYA AS PLAZA ESKİ BÜYÜKDERE CAD.NO:1 KAT:19MASLAK;İSTANBUL;SARIYER;(262) 7440386;http://www.kalebalata.com/;kalebalata.com;İİB-MOB.KAĞIT VE ORMAN İHR.BRL.
ASTAŞ ENDÜSTRİ TEKSTİL MAKİNLARI SAN. TİC. AŞ;GÜNEŞLİ MAH. KOÇMAN CAD.NO:57;İSTANBUL;BAĞCILAR;(212) 6308900;www.astasjuki.net;astasjuki.net;İİB-MOB.KAĞIT VE ORMAN İHR.BRL.
TÜRKOĞLU KAĞIT KARTON SAN.VE TIC.A.Ş.;HADIMKÖY MAH. HAMİT KAPLAN SOK.NO:4;İSTANBUL;ARNAVUTKÖY;(212) 7714205;www.turkoglu.com.tr;turkoglu.com.tr;İİB-MOB.KAĞIT VE ORMAN İHR.BRL.
İNTERTİM ORMAN ÜRÜNLERİ İTHALAT İMALAT İHRACAT SANAYİ VE TİCARET LİMİTED ŞİRKETİ;KERESTECILER ST. ÖZGÜRLÜK MAH.6209 SK. NO:4;MERSIN;AKDENİZ;(324) 2352555;www.intertim.com;intertim.com;İİB-MOB.KAĞIT VE ORMAN İHR.BRL.
PLASMEN TEKSTİL SAN. VE TİC. AŞ;HOBYAR MAH BÜYÜKPOSTANE CAD NO:28-D SİRKECİ;İSTANBUL;FATİH;(212) 5283434;www.plasmen.com.tr;plasmen.com.tr;İİB-MOB.KAĞIT VE ORMAN İHR.BRL.
NAZKAYA AMBALAJ SAN.A.Ş;DOĞANKAYA MAH. ORGANİZE SANAYİ BÖLGESİ 2.CAD NO.:43/2;SAMSUN;BAFRA;(362) 5041100;www.nazkaya.com;nazkaya.com;İİB-MOB.KAĞIT VE ORMAN İHR.BRL.
AKYAZI OKUL BÜRO MALZEMELERİ SAN. VE TIC. LTD. ŞTİ.;ARABA KONAĞI MEVKİİ YAYLA MAH. KONAK CAD.NO:15/B;İSTANBUL;SULTANGAZİ;(212) 2207109;www.akyazikirtasiye.com;akyazikirtasiye.com;İİB-MOB.KAĞIT VE ORMAN İHR.BRL.
BAYKENT TEKSTİL SAN. VE TİC. A.Ş.;GÜZELKÖY MAH. 257 SOKAK NO:4 ;DENIZLI;PAMUKKALE;(258) 2671011;www.baykent.com.tr;baykent.com.tr;İİB-MOB.KAĞIT VE ORMAN İHR.BRL.
ANADOLU CONTA SAN.VE İNŞ.TAAH. TİC.LTD.ŞTİ.;IKITELLI ORG.SAN.BÖL.ÇEVRE SAN SIT.YAPI KOOP.11 BL.N:41-43;İSTANBUL;KÜÇÜKÇEKMECE;(212) 4853354;www.anadoluconta.com.tr;anadoluconta.com.tr;İİB-MOB.KAĞIT VE ORMAN İHR.BRL.
BİLİR BASIM YAYIN SAN.VE TİC.A.Ş;FERHATPAŞA MAH SEYİTNİZAM CAD 49 2;İSTANBUL;ATAŞEHİR;(216) 6116001;http://www.bilirbasim.com.tr;bilirbasim.com.tr;İİB-MOB.KAĞIT VE ORMAN İHR.BRL.
MAYA PLASTİK AMBALAJ SANAYİ VE TİCARET ANONİM ŞİRKETİ;MERMERCILER SANAYI SITESI.2.CAD.1.BULVAR. NO:12;İSTANBUL;BÜYÜKÇEKMECE;(212) 8763490;www.mayaplastik.com.tr;mayaplastik.com.tr;İİB-MOB.KAĞIT VE ORMAN İHR.BRL.
BES REKLAM ÜRÜNLERİ SANAYİ VE TİCARET ANONİM ŞİRKETİ;CUMHURİYET MAHALLESİYABANGÜLÜ SOKAK NO:21 CUMHURİYET MAHALLESİ;İSTANBUL;BÜYÜKÇEKMECE;(212) 4859510;www.besreklam.com;besreklam.com;İİB-MOB.KAĞIT VE ORMAN İHR.BRL.
PRESOL İÇ VE DIŞ TİC.LTD.ŞTİ;KÜÇÜKBAKKALKÖY  MAH. SİNEMACILAR SOK NO:11/3;İSTANBUL;ATAŞEHİR;(216) 5043405;www.presol.com.tr;presol.com.tr;İİB-MOB.KAĞIT VE ORMAN İHR.BRL.
DEMO DEKORASYON VE MOBILYA ÜR. A.Ş;HASTANE MAH.HADIMKÖY İSTANBULCAD.NO:16;İSTANBUL;ARNAVUTKÖY;(212) 7713043;www.demodek.com;demodek.com;İİB-MOB.KAĞIT VE ORMAN İHR.BRL.
DİZAYN EXPO DIŞ TİCARET LTD.ŞTİ.;YILDIRIM MAH. BÜYÜKADA SK. NO: 42A;İSTANBUL;BAYRAMPAŞA;(212) 4793405;http://www.dizaynexpo.com;dizaynexpo.com;İİB-MOB.KAĞIT VE ORMAN İHR.BRL.
SARCİNA AMBALAJ LTD. ŞTİ.;İKİTELLİ OSB MAH. ESKOOP SAN.SİT C6-3BLOKNO:351 PK:34490;İSTANBUL;BAŞAKŞEHİR;;www.sarcina.com.tr;sarcina.com.tr;İİB-MOB.KAĞIT VE ORMAN İHR.BRL.
ŞÖLEN ÇİKOLATA GIDA SAN.VE TİC .A.Ş.;ORTAKÖY MAH. HARBİYE CAD. NO:33SİLİVRİ;İSTANBUL;SİLİVRİ;(212) 8675800;www.solen.com.tr;solen.com.tr;İİB-MOB.KAĞIT VE ORMAN İHR.BRL.
TÜRMATSAN ORGANIZE MATBAACILIK GIDA INŞ.NAKL.SAN.TIC.LTD.ŞTI.;LITROS YOLU 2.MATBAACILAR SIT.ZC/25 TOPKAPI;İSTANBUL;ZEYTİNBURNU;(212) 6747013;www.turmatsan.com;turmatsan.com;İİB-MOB.KAĞIT VE ORMAN İHR.BRL.
KUTIŞ KUTUCULUK AMB.SAN.VE TIC A.Ş;ATATÜRK MAH.GAZİCAD.NO:14;İSTANBUL;ESENYURT;(212) 6894989;www.kutis.com.tr;kutis.com.tr;İİB-MOB.KAĞIT VE ORMAN İHR.BRL.
HAS PLASTIK SANAYİ VE TİCARET ANONİM ŞİRKETİ;ESENYURT FABRIKALAR YOLU NO:50;İSTANBUL;AVCILAR;(212) 6955000;www.hasplastik.com;hasplastik.com;İİB-MOB.KAĞIT VE ORMAN İHR.BRL.
CASPI GRUP MATBCL.PROM.VE END. MUTF.MALZ.SAN.TIC.LTD.ŞTI.;BEYLİKDÜZÜ OSB MAH.9. CADDE.NO:12/2;İSTANBUL;BEYLİKDÜZÜ;(212) 4227879;www.caspigroup.com;caspigroup.com;İİB-MOB.KAĞIT VE ORMAN İHR.BRL.
ESKA AMBALAJ SAN. VE TİC. A.Ş.;DEREBOYU CAD.-SİTESİ AKINCI İŞ MERKEZİBLOK NO:34 İÇ KAPI:11;İSTANBUL;BEYLİKDÜZÜ;(212) 8756466;www.eskaambalaj.com;eskaambalaj.com;İİB-MOB.KAĞIT VE ORMAN İHR.BRL.
ÖNEL YAYINCILIK LTD.ŞTI.;ORTABAHAR SK 21/B;İSTANBUL;KADIKÖY;(212) 2527416;http://onelyayincilik.com;onelyayincilik.com;İİB-MOB.KAĞIT VE ORMAN İHR.BRL.
DD TEKNOLOJİ YAYINCILIK ORGANİZASYON ANONİM ŞİRKETİ;ORTABAYIR MAH YAYA SOK NO 14;İSTANBUL;KAĞITHANE;(212) 2841718;www.dedemermer.com;dedemermer.com;İİB-MOB.KAĞIT VE ORMAN İHR.BRL.
REVAR OTOMOTİV SANAYİ VE TİCARET A.Ş.;BADEMLİ MAH. KARAŞLIK OKUL SK. NO:27C;BURSA;MUDANYA;(224) 2805600;www.revar.com.tr;revar.com.tr;İİB-MOB.KAĞIT VE ORMAN İHR.BRL.
MAKSİPAK AMBALAJ SANAYİ VE TİCARET ANONİM ŞİRKETİ;OSB MERMERCİLER SANAYİ SİTESİ8. CADDE NO:26 BEYLİKDÜZÜ-İSTANBUL;İSTANBUL;BAŞAKŞEHİR;(212) 4850485;www.maksipak.com;maksipak.com;İİB-MOB.KAĞIT VE ORMAN İHR.BRL.
ALARA TARIM ÜRÜNLERİ SANAYİ VE TİCARET ANONİM ŞİRKETİ;HASAN KÖY MH.DEDE DİBİ CD.NO:8GÜRSU;BURSA;GÜRSU;(224) 2808040;www.alaraagri.com;alaraagri.com;İİB-MOB.KAĞIT VE ORMAN İHR.BRL.
OKFAN AMBALAJ SANAYİ VE DIŞ TİCARET LİMİTED ŞİRKETİ;HABİBLER MAH. 2719.SK. NO:25/3;İSTANBUL;SULTANGAZİ;(212) 5782383;http://www.okfanambalaj.com;okfanambalaj.com;İİB-MOB.KAĞIT VE ORMAN İHR.BRL.
İKON TASARIM MİM.REK.İNŞ.TİC.LTD.ŞTİ;CADDEBOSTAN MAH. OPR CEMİL TOPUZLU CAD.SAHİL APT.NO:137/7;İSTANBUL;KADIKÖY;(216) 3800922;www.ikontasarim.com;ikontasarim.com;İİB-MOB.KAĞIT VE ORMAN İHR.BRL.
HOMAGE KOLTUK MOBİLYA SAN.TİC.LTD.ŞTİ;MAHMUDİYE MAH. 31.MOBİLYA SOK NO:13 ;BURSA;İNEGÖL;(224) 7185620;www.homage.com.tr;homage.com.tr;İİB-MOB.KAĞIT VE ORMAN İHR.BRL.
KÜÇÜKLER SANDALYE ORMAN ÜRÜNLERİ LİMİTED ŞİRKETİ;MAHMUDİYE MAH.29.MOB.SOK.NO:15/2;BURSA;İNEGÖL;(224) 0000000;www.ebcsandalye.com.tr;ebcsandalye.com.tr;İİB-MOB.KAĞIT VE ORMAN İHR.BRL.
SANAT DEKORASYON MİMARLIK SAN. VE TİC. LTD. ŞTİ. ;BEBEK MAH.İNŞİRAH CAD.NO:26 /2 ;İSTANBUL;BEŞİKTAŞ;(212) 2576170;www.sanatdekorasyon.com;sanatdekorasyon.com;İİB-MOB.KAĞIT VE ORMAN İHR.BRL.
SELIMOĞLU KOLTUK MOBILYA AĞAÇ TAŞIMACI.SAN IÇ VE DIŞ TIC LTD;SÜLEYMANİYE MH. BABACAN CD. NO:17;BURSA;İNEGÖL;(224) 7149080;www.selimoglu.com;selimoglu.com;İİB-MOB.KAĞIT VE ORMAN İHR.BRL.
KEBA DIŞ TİCARET ANONİM ŞİRKETİ;KAYIŞDAĞI MAH. BAYSAL SK. NO:1D:3-4;İSTANBUL;KADIKÖY;(216) 4661333;www.tr-keba.com;tr-keba.com;İİB-MOB.KAĞIT VE ORMAN İHR.BRL.
MONTEL MOB. TEKS. DERI TURZ. SAN. TIC. A.Ş.;TEPETARLA MAH. DEMİRYOLU MEVKİİ SARIMEŞE BELDESİ -İZMİT;KOCAELI;İZMİT;(262) 3715700;www.montel.com.tr;montel.com.tr;İİB-MOB.KAĞIT VE ORMAN İHR.BRL.
ÖZKA MAKİNE OTOMASYON SAN.VE TİC.LTD.ŞTİ.;İKİTELLİ OSB MAH.BEDRETTİN DALAN BLV.31 Y;İSTANBUL;BAŞAKŞEHİR;(212) 5493727;www.ozkamakina.com.tr;ozkamakina.com.tr;İİB-MOB.KAĞIT VE ORMAN İHR.BRL.
OKUTAN AHŞAP ÜRÜNLERİ LİMİTED ŞİRKETİ;RAMAZANOGLU MA I-I.KAYNARCA CAD.OKU LAN HOBİ APT.NO:22\ I ;İSTANBUL;PENDİK;(216) 5971210;www.okutanhobi.com;okutanhobi.com;İİB-MOB.KAĞIT VE ORMAN İHR.BRL.
RAAR İTHALAT İHRACAT SAN. VE TİC.LTD.ŞTİ;KEMALPAŞA MAH. MUTLU SOK NO:29/2NO:68/2 PK:16400;BURSA;İNEGÖL;(224) 7123432; www.raar.tr ;raar.tr;İİB-MOB.KAĞIT VE ORMAN İHR.BRL.
KUMEKS DIS TICARET VE TURIZM ANONİM ŞİRKETİ;BÜYÜK HENDEK CAD.NO:57/A;İSTANBUL;BEYOĞLU;(212) 2519132;www.luxell.com.tr;luxell.com.tr;İİB-MOB.KAĞIT VE ORMAN İHR.BRL.
WASATA GLOBAL İHRACAT DANIŞMANLIK LİMİTED ŞİRKETİ;"KAYABAŞI MAH. KAYAŞEHİR BUL. PARK MAVERA 2 SİT. B1APT, D:NO: 144, ";İSTANBUL;BAŞAKŞEHİR;(212) 0000000;http://www.wasataglobal.com;wasataglobal.com;İİB-MOB.KAĞIT VE ORMAN İHR.BRL.
ORMO YÜN İPLİK SAN. VE TİC. AŞ;BAĞLAR CD.NO:14/B;İSTANBUL;KAĞITHANE;(212) 2514730;www.ormo.com.tr;ormo.com.tr;İİB-MOB.KAĞIT VE ORMAN İHR.BRL.
ETS ENDÜSTRİYEL TEM.SİS.SAN VE DIŞ TIC.A.Ş;GÜZELYALI MAH. ENER SOK ALİ AYGÜN İŞ MERK  NO:81 PENDİK;İSTANBUL;PENDİK;(216) 4932090;www.etsgrup.com;etsgrup.com;İİB-MOB.KAĞIT VE ORMAN İHR.BRL.
BİÇEN SPOR EKİPMANLARI MOBİLYA ELEKTRONİK İNŞAAT SANAYİ TİCARET LİMİTED ŞİRKETİ;ERTUĞRUL MAH. 104. SK. NO:1;BURSA;NİLÜFER;(224) 4437758;http://www.atolyemood.com;atolyemood.com;İİB-MOB.KAĞIT VE ORMAN İHR.BRL.
ÖZARTAŞ AVİZE SANAYİ İHRACAT VE TİCARET ANONİM ŞİRKETİ;FATİH SULTAN CADDESİ ÇİFTÇİLER SKN:8/10;İSTANBUL;ŞİŞLİ;(212) 2387306;www.ozartas.net;ozartas.net;İİB-MOB.KAĞIT VE ORMAN İHR.BRL.
İNTEK KALIP İSKELE SAN.VE TİC.A.Ş.;TATLIKUYU MAH DR. ZEKİ ACAR CAD NO.8;KOCAELI;GEBZE;02626421962;www.intekkalip.com.tr;intekkalip.com.tr;İİB-MOB.KAĞIT VE ORMAN İHR.BRL.
FARYA BAUMASCHİNEN FABRİK İTHALAT İHRACAT SANAYİ VE TİCARET A.Ş.;İKİTELLİ ORG. SAN. BÖLGESİ SEFAKÖY  SANAYİ SİTESİ 1.BLOK SK. NO:2-4;İSTANBUL;BAŞAKŞEHİR;(212) 6719846;www.farya.com.tr;farya.com.tr;İİB-MOB.KAĞIT VE ORMAN İHR.BRL.
E.M. AVCILAR MOB.ORM.ÜRN.INŞ. GID.SAN.TIC.LTD.ŞTI.;MOBİLİYUM AVM YENİCEKÖY MAH. MOBİLYA CAD. NO:36 K:2 NO:16;BURSA;İNEGÖL;(224) 7152020;www.mobilart.com.tr;mobilart.com.tr;İİB-MOB.KAĞIT VE ORMAN İHR.BRL.
MUSVENUS MOBİLYA DIŞ TİCARET SAN. VE TİC. LTD.ŞTİ.;YAYLACIK MAH. AHISKA CAD.35. SOK. NO:2/5;BURSA;NİLÜFER;(224) 4823048;www.musvenus.com;musvenus.com;İİB-MOB.KAĞIT VE ORMAN İHR.BRL.
EVYAP SABUN YAG GLISERIN SANAYI VE TICARET A.S.;CENDERE YOLU NO:10/A;İSTANBUL; ;(212) 2892300;www.evyap.com;evyap.com;İİB-MOB.KAĞIT VE ORMAN İHR.BRL.
OKYANUS AJANS MATBAACILIK REKLAM VE ORG. SAN.TİC.LTD.ŞTİ;SULTAN SELİM MH. YASEMİN SK. NO.3-1;İSTANBUL;KAĞITHANE;(212) 5675467;http://www.ajansokyanus.com;ajansokyanus.com;İİB-MOB.KAĞIT VE ORMAN İHR.BRL.
GLENGO LECTRA TEKNOLOJİ ANONİM ŞİRKETİ;MİMAR SİNAN BULV.ERDİNÇBİNALARI A-BLOK 3.KULE KAT:4;İSTANBUL;BAĞCILAR;(212) 6569009;www.lectra.com;lectra.com;İİB-MOB.KAĞIT VE ORMAN İHR.BRL.
ZEKİ PLASTİK AMBALAJ KALIP SANAYİ VE TİCARET LTD.ŞTİ.;BAKIR VE PİRİNÇ SANAYİCİLERİ SİTESİM.KURTOĞLU CAD. NO.13;İSTANBUL;BEYLİKDÜZÜ;(212) 8765401;www.zekiplastik.com;zekiplastik.com;İİB-MOB.KAĞIT VE ORMAN İHR.BRL.
O.M.SEMBOL ORMAN ÜRÜNLERI MOBIL.VE DEKORATIF SAN TIC.LTD;MAHMUDİYE MAH. SAFER CAD. NO:9;BURSA;İNEGÖL;(224) 7119099;www.sembolkoltuk.com;sembolkoltuk.com;İİB-MOB.KAĞIT VE ORMAN İHR.BRL.
RAGİ DERİ İTH. İHR. TİC. LTD. ŞTİ. ;VELIEFENDI MAH.HAKŞINAS SOKAKNO:18;İSTANBUL; ;(212) 5464298;www.ragi.com.tr;ragi.com.tr;İİB-MOB.KAĞIT VE ORMAN İHR.BRL.
MODEL TASARIM DEKORASYON PAZARLAMA SANAYİ TİCARET LTD.ŞTİ.; KÜÇÜK SANAYİ SİTESİ AĞAÇ İŞLERİ BÖLÜMÜ25.SK. NO.39;BURSA;İNEGÖL;(224) 7185608;www.modeltasarim.com.tr;modeltasarim.com.tr;İİB-MOB.KAĞIT VE ORMAN İHR.BRL.
PRİNTPARK DIŞ TİC.VE PAZ LTD.ŞTİ;BEYSAN SAN. SİT. FUAR CD. NO:31 KAT:4;İSTANBUL;BEYLİKDÜZÜ;(212) 4821010;www.printpark.com;printpark.com;İİB-MOB.KAĞIT VE ORMAN İHR.BRL.
KEREM AHŞAP NALBURİYE MOBİLYA İNŞAAT OTOMOTİV SANAYİ TİCARET LTD.ŞTİ.;YENİCEKÖY MAH. F.S.M. HAN BULVARİ YEREKONMAZLAR SİT.NO:23/2;BURSA;İNEGÖL;(224) 7154533;www.orix.com.tr;orix.com.tr;İİB-MOB.KAĞIT VE ORMAN İHR.BRL.
AHSEN YAPI SANAYİ VE TİCARET LİMİTED ŞİRKETİ;DEMİRTAŞPAŞA MAH ANKARA YOLU CADDESİ NO 36 TÜZE PLAZA KAT 3 DAİRE 7;BURSA;OSMANGAZİ;(224) 0000000;http://www.ahsenyapi.com;ahsenyapi.com;İİB-MOB.KAĞIT VE ORMAN İHR.BRL.
SCHATTDECOR DEKORATİF YÜZEYLER BASKI SAN. A.Ş.;GÜZELLER ORG SAN.BÖL.İNÖNÜ MAH.FATİH SULTAN MEHMET CAD.NO:2/1;KOCAELI;GEBZE;(262) 6720027;www.schattdecor.de/tr;schattdecor.de;İİB-MOB.KAĞIT VE ORMAN İHR.BRL.
ELOPAR ELEKTRİK VE OTOMOTİV PARÇALARI SANAYİ VE TİCARET ANONİM ŞİRKETİ;KAVAKLI MAH. KAVAKLI CAD. NO:13;İSTANBUL;BEYLİKDÜZÜ;(212) 8751940;www.elopar.com.tr;elopar.com.tr;İİB-MOB.KAĞIT VE ORMAN İHR.BRL.
AYNUR KIRIMLI ;HACI MANSUR SOK. ESKİ NO:60/4;İSTANBUL;ŞİŞLİ;(212) 2333105;www.ipekyolu.co.uk;ipekyolu.co.uk;İİB-MOB.KAĞIT VE ORMAN İHR.BRL.
OMAR GROUP İTH.İHR.SAN. VE TİC.LTD.ŞTİ.;ATAKÖY 7-8-9-10 KISIM MAH.ÇOBANÇEŞME  E 5 YANYOL CAD. A B BLOK  NO:18-1-55;İSTANBUL;BAKIRKÖY;(212) 0000000;www.omargroup.com;omargroup.com;İİB-MOB.KAĞIT VE ORMAN İHR.BRL.
TEKZEN TİCARET VE YATIRIM A.Ş.;CENDERE CAD. NO.30 BAB PLAZA KAT 6-7-8 TEKZEN TİCARET VE YATIRIM A.Ş. MERKEZ 34406;İSTANBUL;KAĞITHANE;(212) 6601011;www.tekzen.com.tr;tekzen.com.tr;İİB-MOB.KAĞIT VE ORMAN İHR.BRL.
DEISKO İZOLASYON İÇ VE DIŞ TİC. SAN. LTD. ŞTİ.;FENERYOLU MAH. YILDIRAY SOK. 20/B GÖZTEPE;İSTANBUL;KADIKÖY;(216) 6021300;www.deisko.com;deisko.com;İİB-MOB.KAĞIT VE ORMAN İHR.BRL.
KIZE MOBILYA IMALAT TASARIM ÜRÜNL. SAN. VE TIC. A.Ş.;BEYLIKDÜZÜ BAKIR.VE PRINÇ.SAN.SİTESİ MUSTAFA KUROĞLU CAD NO:32ST.M.KURDOĞLU CD.NO:32;İSTANBUL;BEYLİKDÜZÜ;(212) 8766938;www.kize.com.tr;kize.com.tr;İİB-MOB.KAĞIT VE ORMAN İHR.BRL.
EMS ULUSLARARASI NAK. VE TIC. LTD. ŞTI.;ÖMERLI MAH. ADNAN KAHVECI CAD.NO:15;İSTANBUL;ARNAVUTKÖY;(212) 7983448;www.ems-tr.com;ems-tr.com;İİB-MOB.KAĞIT VE ORMAN İHR.BRL.
SUMIKA POLYMER COMPOUNDS TURKEY PLASTİK SAN. VE TİC. AŞ;ORG.SAN.BÖLG.GRI CAD.NO:6;BURSA;NİLÜFER;2438030;www.emasplastic.com;emasplastic.com;İİB-MOB.KAĞIT VE ORMAN İHR.BRL.
ALTIN İŞ AĞAÇ İŞLEME VE TEKNİK HIRD.SAN TİC.LTD.ŞTİ;İKİTELLİ OSB MAH. KERESTECİLER SAN SİT 7 BLOK NO:6;İSTANBUL;BAŞAKŞEHİR;(212) 6704507;www.atinisagac.com;atinisagac.com;İİB-MOB.KAĞIT VE ORMAN İHR.BRL.
ALTIN KİTAPLAR YAYINEVİ VE TİC. A.Ş.;GÜLBAHAR MAH. ALTAN ERBULAK SOK MAYA HAN APT.NO:14/3;İSTANBUL;ŞİŞLİ;(212) 4463888;www.altinkitaplar.com.tr;altinkitaplar.com.tr;İİB-MOB.KAĞIT VE ORMAN İHR.BRL.
SANTRA MOBILYA VE KOLTUK TAŞIM ACILIK SAN.TIC.LTD.ŞTI.;BURSA KARAYOLU 3.KM NO:BILA;BURSA;İNEGÖL;(224) 7142204;www.santramobilya.com;santramobilya.com;İİB-MOB.KAĞIT VE ORMAN İHR.BRL.
LEGNO ENTEGRE AGAÇ SANAYI VE TICARET LIMITED SIRKETI;BALÇIK MAH. 3254 SOK NO:34;KOCAELI;GEBZE;(262) 6431222;www.legnoentegre.com;legnoentegre.com;İİB-MOB.KAĞIT VE ORMAN İHR.BRL.
CANPA SAN. ÜR. ÜRE. PAZ. VE SAN. TIC. ŞTI.;İKİTELLİ ORG. SAN. BÖL. METAL IŞ KÜÇÜKSAN. SIT. 7.BLOK NO:8;İSTANBUL;BAŞAKŞEHİR;(212) 6710273;www.konikkilit.com;konikkilit.com;İİB-MOB.KAĞIT VE ORMAN İHR.BRL.
EDİRNE PREFABRİK İNŞAAT SANAYİ VE TİCARET LİMİTED ŞİRKETİ;ÇAVUŞBEY MAH.ARİFPAŞA ÇIKMAZI SOK.FİLİZ APT. NO:1/;EDIRNE;MERKEZ;(284) 0000000;http://www.edirneprefabrik.com.tr;edirneprefabrik.com.tr;İİB-MOB.KAĞIT VE ORMAN İHR.BRL.
SOVA MAĞAZA DONANIMLARI SANAYİ TİCARET ANONİM ŞİRKETİ;ÜÇEVLER MAH. ERTUĞRUL(220) CAD. NO: 89A ;BURSA;NİLÜFER;(224) 4416661;www.sovaretail.com;sovaretail.com;İİB-MOB.KAĞIT VE ORMAN İHR.BRL.
AL OFSET AMBALAJ SAN. VE TİC. A.Ş.;AKÇABURGAZ MAH.3073. SOK.NO:4/2 ;İSTANBUL;ESENYURT;(212) 7099031;www.alofset.com.tr;alofset.com.tr;İİB-MOB.KAĞIT VE ORMAN İHR.BRL.
ERCAN PLASTİK SANAYİ VE TİCARET ANONİM ŞİRKETİ;MERMERCİLER SAN. SİT. 2. CAD. NO:16;İSTANBUL;BEYLİKDÜZÜ;(212) 5953131;www.ercanplastik.com;ercanplastik.com;İİB-MOB.KAĞIT VE ORMAN İHR.BRL.
DİDVANİ MOBİLYA SANAYİ VE TİCARET LİMİTED ŞİRKETİ ;YENİCEKÖY MAH. 627 SOK NO:3;BURSA;İNEGÖL;(224) 7185082;www.didvani.com;didvani.com;İİB-MOB.KAĞIT VE ORMAN İHR.BRL.
SOM DESİNG KUAFÖR MOBİLYALARI SAN. AŞ;BAĞLARBAŞI MAH. SAKARYA SOK NO:28/1;İSTANBUL;MALTEPE;(216) 3051080;www.sompremium.com;sompremium.com;İİB-MOB.KAĞIT VE ORMAN İHR.BRL.
MAYA AMBALAJ BASIM VE DIŞ TİC. LTD. ŞTİ.;TOPKAPI İŞMERK.A BLOK NO:342CEVİZLİBAĞ;İSTANBUL;ZEYTİNBURNU;(212) 4228346;www.mayaambalaj.com;mayaambalaj.com;İİB-MOB.KAĞIT VE ORMAN İHR.BRL.
EUROPE  PACKAGİNNG KUTU KOLİ MATBAA SAN VE TİC.LTD.ŞTİ;FRUZKÖY MAH. BAĞLARİÇİ CAD. NO:73/1;İSTANBUL;AVCILAR;(212) 4448940;www.europepackaging.com;europepackaging.com;İİB-MOB.KAĞIT VE ORMAN İHR.BRL.
ARMA DENTAL ÜRETİM SİSTEMLERİ SANAYİ VE TİC. LTD.ŞTİ.;KEMAL NEHROZOĞLU CAD. NO 507/5/Z3 GEBZE OSB MAHALLESİ;KOCAELI;GEBZE;(262) 6788985;www.armadental.com;armadental.com;İİB-MOB.KAĞIT VE ORMAN İHR.BRL.
PERAWOOD ORMAN ÜRÜNLERİ A.Ş.;FERİZLİ OSB MAH. 4. CAD. NO: 2/1;SAKARYA;FERİZLİ;(264) 5025060;http://www.perawood.com;perawood.com;İİB-MOB.KAĞIT VE ORMAN İHR.BRL.
NAPAL TELA VE ELYAF ÜRETİM SAN. TİC. LTD. ŞTİ. ;ORGANIZE SAN.BÖLGESI YEŞIL CD.N.19;BURSA; ;(224) 2436860;www.palazlİ.com.tr;xn--palazli-die.com.tr;İİB-MOB.KAĞIT VE ORMAN İHR.BRL.
MOBİS MİMARLIK SAN TİC LTD ŞTİ;İNÖNÜ MH KADEM SK NO 14A;İSTANBUL;SANCAKTEPE;(216) 5611086;www.mobismimarlik.com;mobismimarlik.com;İİB-MOB.KAĞIT VE ORMAN İHR.BRL.
FSS PREMIUM MOBİLYA İTHALAT İHRACAT SANAYİ VE TİCARET LİMİTED ŞİRKETİ;MAHMUDİYE MH. ERTUĞRULGAZİ CD. NO.62;BURSA;İNEGÖL;(224) 0000000;http://www.fsspremium.com;fsspremium.com;İİB-MOB.KAĞIT VE ORMAN İHR.BRL.
PACKON BASIM AMB. VE MATBAACILIK SAN.TİC.A.Ş;RAMAZANOĞLU MAH. ENSAR CAD. ŞEYMA SK. NO:10/1-2;İSTANBUL;PENDİK;(216) 5952293;www.patrolofset.com.tr;patrolofset.com.tr;İİB-MOB.KAĞIT VE ORMAN İHR.BRL.
KURTSAN ILAÇLARI A.Ş.;İSTOC OTOMARKET A-2 BLOK BURAK PLAZA KAT:7 ;İSTANBUL;BAĞCILAR;(212) 4813050;www.kurtsan.com;kurtsan.com;İİB-MOB.KAĞIT VE ORMAN İHR.BRL.
TULPE İÇ VE DIŞ TİCARET LTD.ŞTİ.;YENIDOĞAN YALOVA YOLU BUTTIMIŞ MERKZ. D:1 NO:234;BURSA; ;(224) 3713173;www.tulpetekstil.com;tulpetekstil.com;İİB-MOB.KAĞIT VE ORMAN İHR.BRL.
OREO MOB. TAS. VE TİC. LTD. ŞTİ.;CEVİZLİK MAH. İSTANBUL CAD. HAMURCU İŞ MERKEZİ NO:12 İÇ KAPI NO: 26;İSTANBUL;BAKIRKÖY;;www.oreomobilya.com;oreomobilya.com;İİB-MOB.KAĞIT VE ORMAN İHR.BRL.
BAKON MÜHENDİSLİK SAN. VE TİC. AŞ;OSB TÜMSAN SANAYİ SİTESİ1.KISIM 5.BLOK NO:18;İSTANBUL; ;(212) 4855343;www.bakon.net;bakon.net;İİB-MOB.KAĞIT VE ORMAN İHR.BRL.
BOURNEO İÇ VE DIŞ TİCARET A.Ş;BARBAROS MAH. IHLAMUR BULVARI UPHILL SIT. A4 BLOK  NO:12D/12;İSTANBUL;ATAŞEHİR;(216) 5991990;https://www.bourneo.com;bourneo.com;İİB-MOB.KAĞIT VE ORMAN İHR.BRL.
MODESY MOBİLYA TASARIM İMALAT SAN. VE TİC. LTD. ŞTİ.;MERKEZ MAH. KAĞITHANE CAD. NO: 47 İÇ KAPI NO: 1;İSTANBUL;KAĞITHANE;(212) 2200282;http://www.modesy.com.tr;modesy.com.tr;İİB-MOB.KAĞIT VE ORMAN İHR.BRL.
WHITE WOLF GROUP OTOMOTİV LİMİTED ŞİRKETİ;SÜLÜNTEPE MAHALLESİ ATIF EFENDİ CADDESİ NO 88;İSTANBUL;PENDİK;(216) 0000000;www.papermarketworld.com;papermarketworld.com;İİB-MOB.KAĞIT VE ORMAN İHR.BRL.
ARSİT LAMİNAT A.Ş;FATİH MAH. YAHYA KEMAL CAD. NO:29/1 ;İSTANBUL;ARNAVUTKÖY;(212) 8864341;www.arsit.com.tr;arsit.com.tr;İİB-MOB.KAĞIT VE ORMAN İHR.BRL.
AK-SEL SELÜLOZ KAĞIT SAN. VE TİC. AŞ;HALDUN TANER SOK. NO:27/1;İSTANBUL;GÜNGÖREN;(212) 5201998;www.akselseluloz.com;akselseluloz.com;İİB-MOB.KAĞIT VE ORMAN İHR.BRL.
YAMACIYAN KUYUMCULUK TURİZM MOBİLYA OTOMOTİV VE İNŞAAT SANAYİ TİCARET LİMİTED ŞİRKETİ;"LADİN SOK. KUYUMCUKENT NO: 4 M İÇİ KAPI NO: Z011 YENİBOSNA MERKEZ MAH 34197 BAHÇELİEVLER, İSTANBUL, ";İSTANBUL;BAHÇELİEVLER;(212) 5123410;www.yamachi.com.tr;yamachi.com.tr;İİB-MOB.KAĞIT VE ORMAN İHR.BRL.
AFSAR BARKOD KIRTASIYE AMBALAJ TEKSTIL VE YAN ÜRÜNLERI TICARET LIMITED SIRKETI;MALTEPE MAH. DAVUTPAŞA CAD. KALE İŞ MERKEZİ. NO:14;İSTANBUL;ZEYTİNBURNU;(212) 4828218;https://www.afsarbarkod.com/;afsarbarkod.com;İİB-MOB.KAĞIT VE ORMAN İHR.BRL.
ÜÇER AHŞAP İMALAT SANAYİ VE TİCARET LİMİTED ŞİRKETİ;KARAYOLLARI MAH. 568/3. SK. NO: 11 A İÇ KAPI NO: 1;İSTANBUL;GAZİOSMANPAŞA;(212) 4194546;http://www.agactorna.com;agactorna.com;İİB-MOB.KAĞIT VE ORMAN İHR.BRL.
HEVES MİMARLIK GAYRİMENKUL İNŞ NAK OTO SAN TİC LTD ŞTİ;HACI HALİL MH 1205 SK NO 3/3;KOCAELI;GEBZE;(262) 0000000;www.dekorlist.com;dekorlist.com;İİB-MOB.KAĞIT VE ORMAN İHR.BRL.
ANIL KAĞIT MATBAACILIK YAYINCILIK SAN.VE TİC.LTD.ŞTİ.; MALTEPE MAH ESKİ ÇIRPICI YOLU SOK NO:8 D:30;İSTANBUL;ZEYTİNBURNU;(212) 6134931;www.anilkagit.com;anilkagit.com;İİB-MOB.KAĞIT VE ORMAN İHR.BRL.
BİDOLU BASKI ANONİM ŞİRKETİ;CAFERAĞA MAH.ŞAİR NEFİ SK. ŞEKER APT NO:46/5;İSTANBUL;KADIKÖY;(850) 2410232;http://www.bidolubaski.com;bidolubaski.com;İİB-MOB.KAĞIT VE ORMAN İHR.BRL.
MR DUKS YEMEK HİZMETLERİ VE TESİS YÖNETİM ANONİM ŞİRKETİ;ÖRNEK MAH.ERCÜMENT BATANAY SOK N.25 K.2;İSTANBUL;ATAŞEHİR;(216) 5046634;http://duxturkiye.com;duxturkiye.com;İİB-MOB.KAĞIT VE ORMAN İHR.BRL.
ATAK OFSET MATB.AMB.SAN.VE TIC .LTD.ŞTI.;YAVUZ SELIM MH. 26/1 SK.NO:8;İSTANBUL;BAĞCILAR;(212) 6347822;www.atakofset.com.tr;atakofset.com.tr;İİB-MOB.KAĞIT VE ORMAN İHR.BRL.
KOMPOSAN OFIS AKSAMLARI SAN. VE TIC.LTD.ŞTI.;BIKSAN SAN. SITESI SOSYALTESISLER BINASI GIRIŞ KAT;İSTANBUL;KÜÇÜKÇEKMECE;02124862572;www.komposan.com;komposan.com;İİB-MOB.KAĞIT VE ORMAN İHR.BRL.
ISSAOUI LOJİSTİK DIŞ TİCARET LİMİTED ŞİRKETİ;KOCATEPE MAH.ŞEHİT MUHTAR BEY CAD.SAİT ŞAKİR APART;İSTANBUL;BEYOĞLU;(212) 2453333;http://issaoui.net;issaoui.net;İİB-MOB.KAĞIT VE ORMAN İHR.BRL.
SİLAT KAĞITÇILIK .AMB.İML.SAN.VE TİC.LTD.ŞTİ.;ESENLER MAH. YAŞAR DOĞU CD. NO:42/D;İSTANBUL;PENDİK;(216) 3522117;www.silatkagitcilik.com.tr;silatkagitcilik.com.tr;İİB-MOB.KAĞIT VE ORMAN İHR.BRL.
UYGUR MOBİLYA SANAYİ TEKERLEK VE ÜRÜNLERİ SANAYİ VE TİCARET LİMİTED ŞİRKETİ;ORHANGAZİ MH 1664 SK NO:15;İSTANBUL;ESENYURT;(212) 6720586;www.uygurteker.com.tr;uygurteker.com.tr;İİB-MOB.KAĞIT VE ORMAN İHR.BRL.
ISTANBUL BILGISAYAR FORM MATBAACILIK İÇ VE DIŞ TİC.LTD.ŞTİ.;MERMERCİLER SANAYİ SİTESİ 5.CAD. NO:12 ;İSTANBUL;BEYLİKDÜZÜ;(212) 4815300;www.istanbulform.com;istanbulform.com;İİB-MOB.KAĞIT VE ORMAN İHR.BRL.
MOZAIK DESIGN VE DEKORASYON SANAYI TIC.LTD.STI.;DEREBOYU CD NO:78;İSTANBUL;BEŞİKTAŞ;(212) 3270595;www.mozaikdesing.com;mozaikdesing.com;İİB-MOB.KAĞIT VE ORMAN İHR.BRL.
BEREKETNUR AMBALAJ REKLAM SAN. TIC. LTD. ŞTI.;HABIBLER MH. ORKIDE CD. NO:5;İSTANBUL;SULTANGAZİ;(212) 5952437;www.bereketnur.com.tr;bereketnur.com.tr;İİB-MOB.KAĞIT VE ORMAN İHR.BRL.
İSTANBUL GIDA DIŞ TİC. AŞ;KISIKLI MAH.FERAH CAD.NO:1;İSTANBUL;ÜSKÜDAR;(216) 5242789;www.ulker.com.tr;ulker.com.tr;İİB-MOB.KAĞIT VE ORMAN İHR.BRL.
MERİ KAMHİ;CİHANGİR MH. ŞEHİT PİYADE ER YAVUZ BAHAR SKNO:4 A BLOK K:1;İSTANBUL;AVCILAR;(212) 4228974;www.enerjipack.com;enerjipack.com;İİB-MOB.KAĞIT VE ORMAN İHR.BRL.
TEKİN OZALİT BASKI VE REKLAM SAN.DIŞ TİC.A.Ş;KÜÇÜKÇEKMECE İKİTELLİ OSB MAH. İMSAN E BLOK  NO:2 ;İSTANBUL;KÜÇÜKÇEKMECE;(212) 6965300;tekinozalit.com;tekinozalit.com;İİB-MOB.KAĞIT VE ORMAN İHR.BRL.
ALİA DEKORASYON VE MOBILYA SAN. VE TİC LTD;ŞERİFALİ MAH. AÇIKYÜZ SK SANTEK NO:32 B / 1;İSTANBUL;ÜMRANİYE;(216) 5768210;www.aliamobilya.com;aliamobilya.com;İİB-MOB.KAĞIT VE ORMAN İHR.BRL.
RD AMBALAJ IÇ VE DIS SANAYI TICARET LIMITED SIRKETI;ZİYA GÖKALP MAH SÜLEYMAN DEMİREL BUL. THE OFFICE BLOK 7E / 136;İSTANBUL;BAŞAKŞEHİR;(212) 0000000;http://www.rdpackages.com;rdpackages.com;İİB-MOB.KAĞIT VE ORMAN İHR.BRL.
AKM MOBİLYA MAK.SAN.TİC.LTD.ŞTİ;MAHMUDİYE MAH.DİRİLİŞ CD.N:17;BURSA;İNEGÖL;(224) 7185070;www.aracikan.com;aracikan.com;İİB-MOB.KAĞIT VE ORMAN İHR.BRL.
EKOL OFSET MATBAACI.TES.AMB. SAN.VE TIC.A.Ş.;YALCIN KORES CAD.NO:12;İSTANBUL; ;02124544200;www.ekolofset.com;ekolofset.com;İİB-MOB.KAĞIT VE ORMAN İHR.BRL.
AVCI TARIM ÜRN.DIŞ TİC.PAZ.TAAH.VE DAHİLİ TİC.LTD.ŞTİ.;UZUN ÇARŞI CAD. NO: 1/A;HATAY;ANTAKYA;(326) 2164679;www.avcigroup.com;avcigroup.com;İİB-MOB.KAĞIT VE ORMAN İHR.BRL.
BAMESA ÇELIK SERVİS SAN. VE TİC. A.Ş.;HÜRRİYET MAH. ÖRNEK KÖY YOLU;BURSA;ORHANGAZİ;(224) 5740147;www.bamesa.com;bamesa.com;İİB-MOB.KAĞIT VE ORMAN İHR.BRL.
PASTEL NATURAPACK KARTON AMBALAJ DIS TICARET LIMITED SIRKETI;ORG. SAN. SİT. 3.CADDE G78 SK. NO:24;İSTANBUL;ÜMRANİYE;(216) 3131124;www.pastelnaturapack.com;pastelnaturapack.com;İİB-MOB.KAĞIT VE ORMAN İHR.BRL.
DOKA KALIP-İSKELE SANAYİ VE TİCARET ANONİM ŞİRKETİ;İNÖNÜ MAH. NAZARBAYEV SOK. NO:19GOSB 41400;KOCAELI;GEBZE;(262) 7515066;www.doka.com/tk;doka.com;İİB-MOB.KAĞIT VE ORMAN İHR.BRL.
LSK YAPISAL AHŞAP VE ORMAN ÜRÜNLERİ SAN VE TİC LTD ŞTİ;SULTAN ORHAN MH KERESTECİLER SAN SİT NO 1997;KOCAELI;GEBZE;(262) 6463441;www.lskyapisalahsap.com.tr;lskyapisalahsap.com.tr;İİB-MOB.KAĞIT VE ORMAN İHR.BRL.
T.Ş.T LIFT AMORTISÖR OTO YED. PARÇ.MET SAN.TIC.LTD.ŞTI.;ESKI GEMLIK YOLU. KÖŞK CAD.NO:14;BURSA;OSMANGAZİ;(224) 2152112;www.tstlift.com;tstlift.com;İİB-MOB.KAĞIT VE ORMAN İHR.BRL.
PRISMA MOBILYA VE DERI SAN.TIC .LTD.ŞTI.;1.ORGANIZE SANAYI BÖLGESİ 10. ADA 3. PARSEL BEYKÖY;DÜZCE;MERKEZ;(380) 5537242;www.prismamobilya.com;prismamobilya.com;İİB-MOB.KAĞIT VE ORMAN İHR.BRL.
ALEMDARSAN PLAST VE KIRT.SAN.DIŞ TİC.LTD.ŞTİ;ORTAKÖY MAH. HARPUT SOK. NO:6 D:1;İSTANBUL;SİLİVRİ;(212) 7343675;www.alemdarsan.com;alemdarsan.com;İİB-MOB.KAĞIT VE ORMAN İHR.BRL.
TONNE STUDIO MİMARİ TASARIM DEKORASYON TİCARET LİMİTED ŞİRKETİ;VİSNEZADE MAH. HÜSREV GEREDE ARALIGI SK.EBRU APTNO: 1 IÇ KAPI NO: 1;İSTANBUL;BEŞİKTAŞ;(212) 6529978;http://www.tonnestudio.co;tonnestudio.co;İİB-MOB.KAĞIT VE ORMAN İHR.BRL.
ALSOS MİMARLIK DEKORASYON TASARIM İNŞAAT SANAYİ VE TİCARET L;ŞERİFALİ MAH. BARBAROS CAD. NO:54/2;İSTANBUL;ÜMRANİYE;(216) 4510001;https://alsosahsap.com/;alsosahsap.com;İİB-MOB.KAĞIT VE ORMAN İHR.BRL.
ÖZTEK ETİKET SAN. VE TİC. AŞ;KERESTECILER SIT.M.AKIF CD. KIRAZ S.NO-10;İSTANBUL;GÜNGÖREN;02126373395;www.ozteklabel.com;ozteklabel.com;İİB-MOB.KAĞIT VE ORMAN İHR.BRL.
KIZTAŞI CONCEPT HORECA MOBİLYA PROJE VE TİC. LTD. ŞTİ.;ZEYREK MAH. KIZTAŞI CAD. AĞAOĞLU İŞ HANI NO:32 A;İSTANBUL;FATİH;(212) 0000000;http://www.kiztasiconcept.com.tr;kiztasiconcept.com.tr;İİB-MOB.KAĞIT VE ORMAN İHR.BRL.
ESC AĞAÇ AMBALAJ ORMAN ÜRÜNLERİ SANAYİ VE TİCARET LİMİTED ŞİRKETİ;ORHANLI MAH.DEMOKRASİ CAD. NO:32/3;İSTANBUL;TUZLA;(850) 8880060;https://www.escambalaj.com;escambalaj.com;İİB-MOB.KAĞIT VE ORMAN İHR.BRL.
PPG INDUSTRIES KIMYA SANAYİ VE TICARET ANONİM ŞİRKETİ;D-100 GÜNEY YANYOL CAD. KURİS KULE KAT:15CEVİZLİ 34865 KARTAL;İSTANBUL;KARTAL;02242424290;www.ppg.com;ppg.com;İİB-MOB.KAĞIT VE ORMAN İHR.BRL.
ASAL FURNITURE DEKORASYON İNŞAAT SAN.VE TİC.LTD.ŞTİ.;ZORHAMİDİYE MAH.DİRLİK SOKAK NUMARA:6/A;İSTANBUL;KAĞITHANE;(212) 2955591;www.asalfurniture.net;asalfurniture.net;İİB-MOB.KAĞIT VE ORMAN İHR.BRL.
BİGPOİNT KIRTASİYE SAN. VE TİC. LTD. ŞTİ.;MERKEZ MAH. 29 EKIM CAD.NO:53;İSTANBUL; ;;www.bilgidagitim.com;bilgidagitim.com;İİB-MOB.KAĞIT VE ORMAN İHR.BRL.
MANSIZLAR GAYRİMENKUL A.Ş;BEYLERBEYİ MAH. ABDULLAHAĞA CAD. NO:15;İSTANBUL;ÜSKÜDAR;;www.mansizlar.com.tr;mansizlar.com.tr;İİB-MOB.KAĞIT VE ORMAN İHR.BRL.
AKTAŞ BANT VE KARTON MUKAVVA KAĞIT SAN. VE TİC. A.Ş.;"SEYİD CAD. NO: 10 VEZİRÇİFTLİĞİ 41140 BAŞİSKELE, KOCAELİ, TÜRKİYE";KOCAELI;BAŞİSKELE;(262) 3492639;www.aktasbant.com;aktasbant.com;İİB-MOB.KAĞIT VE ORMAN İHR.BRL.
ÇILINGIRLER OFIS MOB. SAN. VE TIC. LTD. ŞTI.;KAYABAŞI MAH.PANAYIR SOK. NO:21;İSTANBUL;BAŞAKŞEHİR;(212) 6910918;www.cilingirler.com.tr;cilingirler.com.tr;İİB-MOB.KAĞIT VE ORMAN İHR.BRL.
KAZMAZ MATBAACILIK SAN.VE TIC. LTD.ŞTI.; SULTAN SELİM  MAH LİBADİYE SOK.NO:3 4.LEVENT ;İSTANBUL;KAĞITHANE;(212) 3710300;www.printcenter.com.tr;printcenter.com.tr;İİB-MOB.KAĞIT VE ORMAN İHR.BRL.
SALVEZZA EZZA MOBİLYA SANAYİ TİCARET ANONİM ŞİRKETİ;YENİCEKÖY MAHALLESİ MOBİLYA CADDESİ NO:10;BURSA;İNEGÖL;(224) 7142444;www.byezza.com;byezza.com;İİB-MOB.KAĞIT VE ORMAN İHR.BRL.
TERRA TEKNOLOJİ HİZMETLERİ SANAYİ VE TİCARET ANONİM ŞİRKETİ;KISIKLI M.ALEMDAG C. YILDIRAN S. NO: 30 IÇ KAPI NO2;İSTANBUL;ÜSKÜDAR;(216) 0000000;http://www.terragrup.net;terragrup.net;İİB-MOB.KAĞIT VE ORMAN İHR.BRL.
POTA TEKS.KONF. VE AKS. ETİK. MAT. SAN. VE TİC. LTD. ŞTİ.;İKİTELLİ ORG. SAN. BÖLG. ÇEVRE SAN.SİT.4.BLOK NO:2;İSTANBUL;BAŞAKŞEHİR;(212) 6370660;www.potatekstil.com.tr;potatekstil.com.tr;İİB-MOB.KAĞIT VE ORMAN İHR.BRL.
VERİTAS GİYİM SAN. VE TİC. AŞ;OTO SAN.ÇELİK SK.NO:53 K:2;İSTANBUL;BEŞİKTAŞ;(212) 2796833;www.ttmail.com;ttmail.com;İİB-MOB.KAĞIT VE ORMAN İHR.BRL.
ALEMDAR HEDİYELİK EŞYA TİC.LTD.ŞTİ;MAHMUTBEY MAH.İSTOÇ 26.ADA NO:94-96;İSTANBUL;BAĞCILAR;(212) 6590833;www.alm.hom.com.tr;alm.hom.com.tr;İİB-MOB.KAĞIT VE ORMAN İHR.BRL.
KONİKA KAGITVBOBİN ANBALAJ SAN.VE TİC.LTD.ŞTİ;VELİKÖY ORG.SAN.BÖL ÖKSÜZCE ÇİFTLİĞİ MEVKİİ ;TEKIRDAĞ;ÇERKEZKÖY;(282) 7461006;www.konika.com.tr;konika.com.tr;İİB-MOB.KAĞIT VE ORMAN İHR.BRL.
ETİSAN ETİKET MATBAACILIK AMBALAJ SANAYİ VE TİCARET LİMİTED ŞİRKETİ;BEYSAN SAN.SIT.FUAR CAD. NO:39HARAMİDERE;İSTANBUL;BEYLİKDÜZÜ;(212) 8755550;www.etisan.com.tr;etisan.com.tr;İİB-MOB.KAĞIT VE ORMAN İHR.BRL.
ÇNR AMBALAJ SANAYİ VE TİCARET LTD. ŞTİ.;PELİTLİ YOLU CAD. NO:135 PELİTLİ KÖYÜ;KOCAELI;GEBZE;(262) 7512111;www.cnramlaj.com;cnramlaj.com;İİB-MOB.KAĞIT VE ORMAN İHR.BRL.
MERT ALBÜM FOTOĞRAFÇILIK KIRTASİYE İNŞAAT GIDA SAN.VE TİC.LTD.ŞTİ.;YENİ MAH.542/1 SOKAK NO:3 KAT:1KÜÇÜKKÖY-GAZİOSMANPAŞA-İST;İSTANBUL;GAZİOSMANPAŞA;(212) 6180108;www.mertalbum.com.tr;mertalbum.com.tr;İİB-MOB.KAĞIT VE ORMAN İHR.BRL.
ADCO PETROL KATKILARI SAN.TİC. A.Ş.;KEMERALTI CADDESİ BALKAN HAN NO 15 KAT 4 KARAKÖY HACIMİMİ MAHALLESİ 34425 BEYOĞLU;İSTANBUL;BEYOĞLU;02122520840;www.adco.com.tr;adco.com.tr;İİB-MOB.KAĞIT VE ORMAN İHR.BRL.
ARDIÇ MÜCEVHERAT AMBALAJ MALZ. SAN. VE TİC. LTD. ŞTİ.;DOĞU SAN.SIT. 2.BLOK NO:22YENİBOSNA HALK BANKASI KARŞISI;İSTANBUL;BAHÇELİEVLER;(212) 4523165;www.ardickutu.com;ardickutu.com;İİB-MOB.KAĞIT VE ORMAN İHR.BRL.
LIMAN GRUP INŞAAT VE YAPI MALZ.SAN.VE TIC.LTD.ŞTI.;ORGANİZE SAN.BÖLG.KERESTECİLERSİT.18.BLOK NO:38;İSTANBUL;KÜÇÜKÇEKMECE;(212) 6700660;www.limangrup.com.tr;limangrup.com.tr;İİB-MOB.KAĞIT VE ORMAN İHR.BRL.
ARTSAN TEKSTİL TRANS. KAĞ. SAN. VE TİC. AŞ;BAĞLARİÇİ CAD. NO:16/1;İSTANBUL;AVCILAR;(212) 5790414;www.artsantransfer.com;artsantransfer.com;İİB-MOB.KAĞIT VE ORMAN İHR.BRL.
GRAFTEK REKLAMCILIK TİC. VE SAN. LTD. ŞTİ. ;CİHANGİR MAH.GÜVERCİN CAD. NO.3 BAHA İŞM.A BLOK K.2 ;İSTANBUL;AVCILAR;(216) 4224445;www.graftek.com.tr;graftek.com.tr;İİB-MOB.KAĞIT VE ORMAN İHR.BRL.
SİTE MOD İÇ VE DIŞ TİC. LTD. ŞTİ.;ŞAİR NİGAR SOK.NO:42;İSTANBUL;ŞİŞLİ;(212) 2332280;www.sitemod.com.tr;sitemod.com.tr;İİB-MOB.KAĞIT VE ORMAN İHR.BRL.
DURU GLOBAL FUAR İNŞAAT MOBİLYA DEKORASYON SANAYİ VE TİCARET LİMİTED ŞİRKETİ; A.KAHVECİ MAH.BÜYÜKDERE CAD. ŞİRİN SAN.SİT.B BL.NO:220/1;İSTANBUL;BEYLİKDÜZÜ;(212) 8768699;www.durufuar.com;durufuar.com;İİB-MOB.KAĞIT VE ORMAN İHR.BRL.
BAYINDIR AMBL.SAN.VE TİC A.Ş;NİLÜFER O.S.B.  N.201.SOK.NO:12;BURSA;NİLÜFER;02244111200;www.bayindirambalaj.com.tr;bayindirambalaj.com.tr;İİB-MOB.KAĞIT VE ORMAN İHR.BRL.
TUĞRA OLUKLU  AMB. VE MATB.SAN. TİC.LTD.ŞTİ.;MURATÇEŞME MAH. AKA SOK  C BLOK NO:17B/2;İSTANBUL;BÜYÜKÇEKMECE;(212) 7982135;www.tugraambalaj.com;tugraambalaj.com;İİB-MOB.KAĞIT VE ORMAN İHR.BRL.
SOM KAĞIT VE KARTON İŞLEME  SANAYII VE TIC.A.Ş.;ESENTEPE M. YAKACIK CAD.MUALLIM SEDAT BEY S. NO:7;İSTANBUL;KARTAL;(216) 3065420;www.som.tc;som.tc;İİB-MOB.KAĞIT VE ORMAN İHR.BRL.
OLKUT MATBAACILIK IÇ VE DIŞ TIC.LTD.ŞTI.;BOMONTI FIRIN SOKNO:38;İSTANBUL;ŞİŞLİ;02122485817;www.olkut.com;olkut.com;İİB-MOB.KAĞIT VE ORMAN İHR.BRL.
BİEN REKLAM TURİZM MOBİLYA TAŞIMACILIK İNŞAAT SANAYİ VE TİCARET LİMİTED ŞİRKETİ;SAADETDERE MAH.5.SK.NO:10 A;İSTANBUL;ESENYURT;(850) 2592436;http://info@bienreklam.com;bienreklam.com;İİB-MOB.KAĞIT VE ORMAN İHR.BRL.
OSMANBEY PLASTIK AMBALAJ SAN. TIC. LTD.ŞTI.;MEŞRUTİYET MAH.ŞAİR NİGAR SOK NO:23-25;İSTANBUL;ŞİŞLİ;(212) 2464238;www.osmanbeyplastik.com.tr;osmanbeyplastik.com.tr;İİB-MOB.KAĞIT VE ORMAN İHR.BRL.
ZEEL PROJE DIŞ TİCARET LİMİTED ŞİRKETİ;0 AĞUSTOS ZAFER MAH . 54.(520)SK. NO : 10 A;BURSA;NİLÜFER;(224) 0000000;http://www.zeelproje.com;zeelproje.com;İİB-MOB.KAĞIT VE ORMAN İHR.BRL.
DMG KAĞIT DIŞ TİC. LTD. ŞTİ.;MALTEPE MAH. GÜMÜŞSUYU CAD. TOPKAPI ODİN İŞ MER.NO:ABL İÇ KAPI :38 ;İSTANBUL;ZEYTİNBURNU;(212) 6740550;www.dmgkagit.com.tr;dmgkagit.com.tr;İİB-MOB.KAĞIT VE ORMAN İHR.BRL.
OFİSHCİ BÜRO MOBİLYALARI SAN. VE TİC. LTD. ŞTİ.;AKHİSAR MAH.LODOS SOK. NO:1B/3;BURSA;İNEGÖL;(224) 7158315;https://ofishci.com;ofishci.com;İİB-MOB.KAĞIT VE ORMAN İHR.BRL.
CAMBRO ÖZAY PLASTIK SAN.VE TIC A.Ş.;GEBZE PLASTİKÇİLER ORG.SAN.BÖL.111.SOK. 12. CAD.;KOCAELI;GEBZE;(262) 7512940;www.ozaytray.com;ozaytray.com;İİB-MOB.KAĞIT VE ORMAN İHR.BRL.
NOVA REKLAMCILIK DEKORASYON SANAYİ VE TİCARET ANONİM ŞİRKETİ;PELİTLİ KÖYÜ MERKEZ MH PELİTLİ YOLU CD NO:191;KOCAELI;GEBZE;(262) 6777000;www.nova-tr.com;nova-tr.com;İİB-MOB.KAĞIT VE ORMAN İHR.BRL.
TİTİZ TEMİZLİK KOZMETİK ÜRÜNLERİ SANAYİ VE TİCARET LİMİTED ŞİRKETİ;DOĞU MAH. HATBOYU CAD. DEĞERLİ SKNO:4/4;İSTANBUL;PENDİK;02164919445;www.titiz.com.tr;titiz.com.tr;İİB-MOB.KAĞIT VE ORMAN İHR.BRL.
DİZAYN VİTRİN DONATIM SANAYİ VE TİCARET ANONİM ŞİRKETİ;MARMARA SAN.SIT. M BLOK NO 287;İSTANBUL;KÜÇÜKÇEKMECE;2128557766;www.dizaynvitrin.com.tr;dizaynvitrin.com.tr;İİB-MOB.KAĞIT VE ORMAN İHR.BRL.
POŞETSAN AMBALAJ SANAYİ VE TICARET ANONİM ŞİRKETİ;ORG.SAN.BOLG.ATATÜRK BULV.NO.208 K.4/17;İSTANBUL;KÜÇÜKÇEKMECE;(212) 5494422;www.posetsan.com.tr;posetsan.com.tr;İİB-MOB.KAĞIT VE ORMAN İHR.BRL.
MİRAS MİMARLIK TASARIM MOBİLYA İNŞAAT SAN. VE TİC. LTD. ŞTİ.;MODOKO MOBİLYACILAR SİT.1.CAD.NO.196;İSTANBUL;ÜMRANİYE;(216) 3642023;www.massmob.com;massmob.com;İİB-MOB.KAĞIT VE ORMAN İHR.BRL.
HANÇERLİ SANDALYE MOBİLYA İNŞAAT SANAYİ VE TİCARET ANONİM ŞİRKETİ;İKİTELLİ OSB MAH. MASKO 17B BLOK NO:31 ;İSTANBUL;BAŞAKŞEHİR;(212) 6751092;http://hancerli.com.tr;hancerli.com.tr;İİB-MOB.KAĞIT VE ORMAN İHR.BRL.
CASSALINİ MOBİLYA SANAYİ VE TİCARET LTD.ŞTİ.;MAHMUDİYE MH. MOBİLYA SK. NO:2;BURSA;İNEGÖL;(224) 7148670;www.cassalini.com;cassalini.com;İİB-MOB.KAĞIT VE ORMAN İHR.BRL.
MOBILESSE MOBILYA SANAYI VE TICARET LIMITED SIRKETI;OSMANIYE MAH. 1. CAD. MOBILESSE NO: 48-1;BURSA;İNEGÖL;(224) 7133034;www.mobillesse.com.tr;mobillesse.com.tr;İİB-MOB.KAĞIT VE ORMAN İHR.BRL.
AVS PACK MATB. AMB. SAN VE TİC.LTD.ŞTİ.;YAKUPLU MAH. 194 SOK NO:1/148;İSTANBUL;BEYLİKDÜZÜ;(212) 0000000;www.avspack.com;avspack.com;İİB-MOB.KAĞIT VE ORMAN İHR.BRL.
SENA OFSET AMBALAJ MATB.SAN.VE TİC.LTD.ŞTİ.;MALTEPE MAH.LİTROSYOLU SOK İKİNCİ MATBAACILAR SİTESİ B BL NO:2/4 MATBAACILAR SİTESİ 2 DK NONB 7-9-11;İSTANBUL;ZEYTİNBURNU;(212) 6133846;www.senaofset.com.tr;senaofset.com.tr;İİB-MOB.KAĞIT VE ORMAN İHR.BRL.
ARYE SANDALYE SANAYİ VE TİCARET LTD.ŞTİ.;MAHMUDİYE MAH. ERTUGRULGAZİ CAD. NO:13;BURSA;İNEGÖL;(224) 0000000;www.aryeexport.com;aryeexport.com;İİB-MOB.KAĞIT VE ORMAN İHR.BRL.
GENCAY ıNş. TAAH. SAN TıC LTD;BOSB MAH. LEYLAK SOK. NO:2A AYDINLI;İSTANBUL;TUZLA;(212) 8767675;www.istanbulkapi.com;istanbulkapi.com;İİB-MOB.KAĞIT VE ORMAN İHR.BRL.
ENGROUP YAPI DİZAYN İNŞAAT DEKORASYON SANAYİ VE DIŞ TİCARET LTD. ŞTİ.;KAVACIK MAH.TOMARZA SK. NO:21/1;İSTANBUL;BEYKOZ;(216) 4259191; www.engroupyapi.com.tr ;engroupyapi.com.tr;İİB-MOB.KAĞIT VE ORMAN İHR.BRL.
HAYAT BASIMEVI AMBL.SAN.VE TIC .A.Ş.;YENI MAH.KADIR AKDOĞAN CAD.NO:13;İSTANBUL;GAZİOSMANPAŞA;(212) 6496748;www.hayatbasimevi.com;hayatbasimevi.com;İİB-MOB.KAĞIT VE ORMAN İHR.BRL.
MURATLI KARTON KAĞIT SAN. VE TİC.A.Ş;ÇOBANÇEŞME MH. SANAYİ CD. NİSH İST.A BLOK KAT:5 NO:44;İSTANBUL;BAHÇELİEVLER;(212) 6036277;www.muratlikarton.com.tr;muratlikarton.com.tr;İİB-MOB.KAĞIT VE ORMAN İHR.BRL.
HAS OFIS KIRTASIYE GIDA INŞ. SAN.TIC.LTD.ŞTI;EKŞIOĞLU MAH.62.SOK.NO:9TAŞDELEN;İSTANBUL;ÇEKMEKÖY;(216) 4840130;www.hasofis.com.tr;hasofis.com.tr;İİB-MOB.KAĞIT VE ORMAN İHR.BRL.
PUSULA ÇİZGİ ALTI BASIM SAN. VE TİC. LTD. ŞTİ.;İKİTELLİ OSB MH. ESKOOP SAN. SİT.ESKOOP A1-2 BLOK NO:13-14-15-16;İSTANBUL;BAŞAKŞEHİR;(212) 6718303;www.pusulabasim.net;pusulabasim.net;İİB-MOB.KAĞIT VE ORMAN İHR.BRL.
ERMAN OFIS MOBILYA SAN.VE DIŞ TIC.LTD.ŞTI.;ÖRNEK MAH. HOŞDERE YOLU OFİS MOB. MRKC1 BLOK NO:3-5;İSTANBUL;ESENYURT;(212) 6750690;www.ermanofis.com;ermanofis.com;İİB-MOB.KAĞIT VE ORMAN İHR.BRL.
SONOROUS SES VE GÖRÜNTÜ SİSTEMLERİ SAN. TİC. A.Ş.;MERKEZ MAH. GÜZLE İŞ MERKEZI K.4 D.1;İSTANBUL;ÇEKMEKÖY;(216) 6401616;www.sonorous.com;sonorous.com;İİB-MOB.KAĞIT VE ORMAN İHR.BRL.
PALMİYE KOÇAK MOB.AKS.VE DAY. TÜK.MAL.SAN.VE TİC.LTD.ŞTİ.;KAYNARCA MAH.E5 YANYOLU CAD.NO:52;İSTANBUL;PENDİK;(216) 4277558;www.palmiyekocak.com;palmiyekocak.com;İİB-MOB.KAĞIT VE ORMAN İHR.BRL.
BADE MOBİLYA ORMAN ÜRÜNLERİ İNŞAAT SANAYİ VE TİCARET LTD.ŞTİ.;İNEGÖL MOBİLYA AĞAÇ İŞLERİ İHTİSAS SAN. BÖLG. HAMZABEYKÖYÜ ÜSTÜ 1. CAD. NO:13/Z;BURSA;İNEGÖL;(224) 7148500;www.sofamia.com;sofamia.com;İİB-MOB.KAĞIT VE ORMAN İHR.BRL.
CAKAR MOBİLYA DEKOR.SAN. VE TİC. LTD. ŞTİ.;HÜRRİYET MAH.TAŞOCAĞI CAD.NO:20;İSTANBUL;KAĞITHANE;(212) 2963838;www.milanomobilya.com.tr;milanomobilya.com.tr;İİB-MOB.KAĞIT VE ORMAN İHR.BRL.
BUSE KAĞIT SAN.VE TİC.LTD.ŞTİ;CİHANGİR MAH. E-5 YANYOL İGS YANI NO:197(İGS FABRİKA BİNASI);İSTANBUL;AVCILAR;(212) 4742000;www.busekagit.com.tr;busekagit.com.tr;İİB-MOB.KAĞIT VE ORMAN İHR.BRL.
HITIT COLOR KARTPOSTAL SAN.TIC VE PAZ.LTD.ŞTI.;HOCA KASIM KÖPRÜSÜ SOK BESLER HAN NO:3/8NO:39 K:1;İSTANBUL;FATİH;(212) 5130737;www.hititcolor.com;hititcolor.com;İİB-MOB.KAĞIT VE ORMAN İHR.BRL.
LADİK ORMAN ÜRÜNLERİ İNŞ. PLS. SAN. TİC. LTD.ŞTİ.;FATİH SULTAN MEHMET MAH. BALKAN CAD.NO:31/6 ÇAKMAK;İSTANBUL;ÜMRANİYE;(216) 6121255;www.ladix.com.tr;ladix.com.tr;İİB-MOB.KAĞIT VE ORMAN İHR.BRL.
RENK MAT.REK.YAY.HIZM.SAN.VE TIC.LTD.ŞTI.;ANKARA CAD. NO:31/51 IŞHANI NO:107/50-51-52-53;İSTANBUL;FATİH;(212) 5135219;www.renkdavetiye.com;renkdavetiye.com;İİB-MOB.KAĞIT VE ORMAN İHR.BRL.
P GROUP İNŞAAT MÜHENDİSLİK SANAYİ VE TİCARET LİMİTED ŞİRKETİ;SULTANÇİFTLİĞİ MAH.ATATÜRK CAD.MANOLYA SİTESİ D BL NO:2C/1 ;İSTANBUL;ÇEKMEKÖY;(212) 6035636;http://www.pginsaat.com;pginsaat.com;İİB-MOB.KAĞIT VE ORMAN İHR.BRL.
EİP ECZACIBAŞI İLAÇ PAZ. A.Ş.;BÜYÜKDERE CAD. ALIKAYA SOK.NO:7:;İSTANBUL;BEŞİKTAŞ;(212) 3508340;www.eczacibasi.com.tr;eczacibasi.com.tr;İİB-MOB.KAĞIT VE ORMAN İHR.BRL.
ARMA GLOBAL DIŞ TİC.A.Ş;AYAZAĞA MAH.MİMAR SİNAN SOK.A BLOK NO:21A İÇ KAPI:38 ;İSTANBUL;SARIYER;(212) 9890010; https://www.armaglobaltrade.com ;armaglobaltrade.com;İİB-MOB.KAĞIT VE ORMAN İHR.BRL.
GAMA REKLAM SAN.VE TİC. A.Ş.;ORHANGAZİ MH TUNÇ CD. NO:5-1A/1;İSTANBUL;ESENYURT;(212) 6232323;www.gamareklam.com.tr;gamareklam.com.tr;İİB-MOB.KAĞIT VE ORMAN İHR.BRL.
GORALI TARIM GIDA ORM.ÜR.ILE OTOM.BEY.EŞYA ELEKT.VE TIC.LTD.ŞTİ;YENİ SAN. SİT. 16/A BLOK NO:8;EDIRNE;MERKEZ;(284) 2352605;www.gorali.com.tr;gorali.com.tr;İİB-MOB.KAĞIT VE ORMAN İHR.BRL.
GÜMÜŞ RULO KAĞIT ÜRÜNL.VE MAK.SAN.TİC.LTD.ŞTİ;TAHTAKALE MAH.TRAFO MEVKİİ AKASYA SOK. NO:2 KAT:1;İSTANBUL;AVCILAR;(212) 6483475;www.gumusrulo.com;gumusrulo.com;İİB-MOB.KAĞIT VE ORMAN İHR.BRL.
AVRUPA PROFESYONEL MUTFAK DAYANIKLI TÜKETİM ÜRÜNLERİ GIDA İÇ VE DIŞ TİCARET LİMİTED ŞİRKETİ;MALTEPE MAH. DAVUTPAŞA CAD. TIM 2 NO: 8 - 169;İSTANBUL;ZEYTİNBURNU;(212) 0000000;www.avrupamutfak.com;avrupamutfak.com;İİB-MOB.KAĞIT VE ORMAN İHR.BRL.
MOBEN MOBILYA ENDÜSTRI SAN. VE TIC. LTD. ŞTI.;MASKO MOBILYACILAR SITESI5/A BLOK NO.27/29 İKİTELLİ;İSTANBUL;BAŞAKŞEHİR;(212) 6750263;www.5adesign.com.tr;5adesign.com.tr;İİB-MOB.KAĞIT VE ORMAN İHR.BRL.
D STİLL MOBİLYA LİMİTED ŞİRKETİ;AKHİSAR MAH. LODOS SOK D STİLL NO:6 ;BURSA;İNEGÖL;(224) 7131264;www.dstill.com.tr;dstill.com.tr;İİB-MOB.KAĞIT VE ORMAN İHR.BRL.
AİRBAGS PLASTİK PAZARLAMA SAN. VE TİC.LTD.ŞTİ;ÇERKEŞLİ OSB MAH. İMES OSB 41/DİLOVASI ;KOCAELI;DİLOVASI;;www.airbagsplastik.com.tr;airbagsplastik.com.tr;İİB-MOB.KAĞIT VE ORMAN İHR.BRL.
RENVO OTOMOTİV YEDEK PARÇA SAN. VE DIŞ TİC.LTD.ŞTİ.;İKİTELLİ OSB DOLAPDERE SAN.SİT 19 ADA NO:40;İSTANBUL;BAŞAKŞEHİR;(212) 5496378;www.renvootomotiv.com;renvootomotiv.com;İİB-MOB.KAĞIT VE ORMAN İHR.BRL.
İNTER DZC MOB. SAN. VE TİC. LTD. ŞTİ.;KÜLTÜR MAH. KANUNİ SK NO 38/1/7;DÜZCE;DÜZCE;(380) 5242550;www.interdzc.com;interdzc.com;İİB-MOB.KAĞIT VE ORMAN İHR.BRL.
DUKA KAPLAMA ÜRÜNLERİ SANAYİ VE TİCARET ANONİM ŞİRKETİ;ALİPAŞA MAH. TRABLUSGARP BULV. NO:20-22;İSTANBUL;SİLİVRİ;(212) 4560218;c;c;İİB-MOB.KAĞIT VE ORMAN İHR.BRL.
HİLTİ İNŞAAT MALZ.TİC.A.Ş.;BARBAROS MAH. ÇİĞDEM SOK. AĞAOĞLU MY OFİS 15-A KAT 2;İSTANBUL;ÜMRANİYE;(216) 5286800;www.hilti.com.tr;hilti.com.tr;İİB-MOB.KAĞIT VE ORMAN İHR.BRL.
BF ORMAN ÜRÜNLERİ SAN.TİC.LTD.ŞTİ;İOSB KERESTECİLER SİTESİ 11/B BLOK KAT:4;İSTANBUL;BAŞAKŞEHİR;(212) 6703053;www.eurosuggest.com;eurosuggest.com;İİB-MOB.KAĞIT VE ORMAN İHR.BRL.
DENİZPEN PLASTİK SANAYİ VE TİCARET LİMİTED ŞİRKETİ;ESKİ EDİRNE YOLU SELANİK CAD. NO:35;İSTANBUL;SİLİVRİ;(212) 7238624;www.polipen.com;polipen.com;İİB-MOB.KAĞIT VE ORMAN İHR.BRL.
YAKA KAPI MPBİLYA İNŞ. VE PAZ.SAN.TİC.LTD.ŞTİ;BEYLİKDÜZÜ OSB  MAH. BİRLİK SAN .SİT  4 CAD. BİRLİK SAN. SİT 4 6 ;İSTANBUL;BEYLİKDÜZÜ;;www.yakadoor.com.tr;yakadoor.com.tr;İİB-MOB.KAĞIT VE ORMAN İHR.BRL.
KARABACAK PARKE KERESTE IMALAT SAN.TIC.A.Ş;ISLAHİYE KÖYÜ ISLAHİYE MÜCAVİR MEVKİİ DORÜS SOK. A BLOK NO:21;DÜZCE;MERKEZ;(380) 5141016;www.kpslamine.com;kpslamine.com;İİB-MOB.KAĞIT VE ORMAN İHR.BRL.
TÜR-MAK MAK.SAN.VE TİC.A.Ş;OTO SANAYI SITESI ÇELIK SOK. NO.634. LEVENT;İSTANBUL;KAĞITHANE;(212) 2815104;www.turmak.com;turmak.com;İİB-MOB.KAĞIT VE ORMAN İHR.BRL.
FOCUS BAGS MATBAA AMBALAJ SANAYI VE TICARET ANONIM SIRKETI;100.YIL MAHALLESİ MATBAACILAR 2. CADDE NO:218 ;İSTANBUL;BAĞCILAR;(212) 4443117;www.focusbags.com;focusbags.com;İİB-MOB.KAĞIT VE ORMAN İHR.BRL.
METAL KALIP SANAYİ VE TİCARET ANONİM ŞİRKETİ;YENIMAHALLE 547 /1 NO.8;İSTANBUL;GAZİOSMANPAŞA;02125381290;www.nilson.com.tr;nilson.com.tr;İİB-MOB.KAĞIT VE ORMAN İHR.BRL.
GMSF DIŞ TİC.LTD.ŞTİ.;ERTUĞRULGAZİ MAH.YILDIRIM CAD. NO:1;BURSA;İNEGÖL;(224) 7185566;www.gursansandalye.com.tr;gursansandalye.com.tr;İİB-MOB.KAĞIT VE ORMAN İHR.BRL.
ADAR MOB. İNŞ. OTO. SAN. VE TİC. LTD. ŞTİ.;MAHMUDİYE MH. GAZCILAR SK NO 2 A İÇ KAPI NO 22;BURSA;İNEGÖL;(224) 7111631;www.mertmoble.com;mertmoble.com;İİB-MOB.KAĞIT VE ORMAN İHR.BRL.
OMKASAN OFSET OLUKLU MUK.KUTU AMB.SAN.VE TIC.A.Ş;ESKI HADIMKOY YOLU NO.39/2;İSTANBUL;BÜYÜKÇEKMECE;02128867766;www.omkasan.com;omkasan.com;İİB-MOB.KAĞIT VE ORMAN İHR.BRL.
BİG TEKNOLOJİ YATIRIM ANONİM ŞİRKET;ÖMER AVNİ MAH. MUHTAR LEYLA ILDIR SK. NO: 17 İÇ KAPI NO:2;İSTANBUL;BEYOĞLU;(212) 2375428;http://www.chappal.co;chappal.co;İİB-MOB.KAĞIT VE ORMAN İHR.BRL.
HARMANCI ETİKET FAB. AŞ;ORNEK MAH. ERZURUM KONGRE CAD.1541 SOK. NO:3;İSTANBUL; ;(212) 6209101;www.harmanci.com;harmanci.com;İİB-MOB.KAĞIT VE ORMAN İHR.BRL.
HETE EKSPORT DIŞ TIC. LTD. ŞTI;YÜZYIL MAH. MAS-SIT. MATBAACILAR SITESİ 5.CAD.NO:26 0 ;İSTANBUL;BAĞCILAR;(212) 4319989;www.hetepack.com;hetepack.com;İİB-MOB.KAĞIT VE ORMAN İHR.BRL.
SEL AMBALAJ OFSET BASKILI KUTU VE KOLİ SAN. TİC .LTD ŞTİ.;OSMANGAZI MAH. 3140. SK. A BLOK NO: 1 /2 IÇ KAPI NO: 1;İSTANBUL;ESENYURT;(212) 4892315;www.selambalaj.com;selambalaj.com;İİB-MOB.KAĞIT VE ORMAN İHR.BRL.
BAUMARKETS YAPI MALZEMELERI SANAYI VE TICARET LIMITED SIRKETI;MURAT ÇESME MAH. E5 LONDRA ASFALTI CAD. OBA EKSPRES AVM NO: 104 İÇ KAPI NO: 12 ;İSTANBUL;BÜYÜKÇEKMECE;(212) 0000000;www.deccobagno.com;deccobagno.com;İİB-MOB.KAĞIT VE ORMAN İHR.BRL.
MYB NAKLİYE DEPOLAMA VE ANTREDEPOCULUK A.Ş.;CUMHURİYET MAH. ŞİMŞEK SK.NO:5/B KAYA MİLENYUM İŞ MERKEZİ K:3 D:112;İSTANBUL;BÜYÜKÇEKMECE;(212) 4526808;www.myblojistik.net;myblojistik.net;İİB-MOB.KAĞIT VE ORMAN İHR.BRL.
BIRSOY MIMARLIK MOB.MÜH.INŞAAT TES.SAN.VE TIC.LTD.ŞTI.;ORGANIZE SANAYI BOLGESI TASLIYOL CAD NO:6 GURSU BURSA;BURSA;GÜRSU;(224) 3716669;www.zettdekor.com;zettdekor.com;İİB-MOB.KAĞIT VE ORMAN İHR.BRL.
OBA PERDESAN TEKNİK TEKSTİL AŞ;HAMZAFAKILI MAH. YASAR TETIKER BLV. NO: 15 IÇ KAPI  NO: 1;ZONGULDAK;KARADENİZEREĞLİ;;www.obaperdesan.com.tr;obaperdesan.com.tr;İİB-MOB.KAĞIT VE ORMAN İHR.BRL.
MAİS MOTORLU ARAÇLAR İMAL VE SATIŞ AŞ;ÇAKMAK MAH.BALKAN CD.NO:49CASPER PLAZA;İSTANBUL;ÜMRANİYE;(216) 6456666;www.renault.com;renault.com;İİB-MOB.KAĞIT VE ORMAN İHR.BRL.
DOVEN MOBİLYA İTH İHR SAN VE TİC LTD ŞTİ;SÜLEYMANİYE MH 5 CD NO 11;BURSA;İNEGÖL;(224) 0000000;www.dovenexport.com;dovenexport.com;İİB-MOB.KAĞIT VE ORMAN İHR.BRL.
HAYRAT NEŞRIYAT SAN.VE TIC.A.Ş;CUMHURIYET MH. AŞIK VEYSEL CD.NO:72/A;İSTANBUL;KÜÇÜKÇEKMECE;(212) 6242434;www.hayrat.com.tr;hayrat.com.tr;İİB-MOB.KAĞIT VE ORMAN İHR.BRL.
ESRA ÖZTÜRK - GALERİ ARTGET;MURADİYE MAH.MURADİYE BAYIRI SK.EMEK APT NO:30-5;İSTANBUL;BEŞİKTAŞ;(212) 2596050;www.galeriartget.com;galeriartget.com;İİB-MOB.KAĞIT VE ORMAN İHR.BRL.
FLOPAL TEKNIK YAPI  END.  VE TIC. A.Ş.;ÖZGÜR CAD.NO:18 SİSTEM PLAZA KAT:2 KAVACIK ;İSTANBUL;BEYKOZ;(216) 3262054;www.flopal.com;flopal.com;İİB-MOB.KAĞIT VE ORMAN İHR.BRL.
RAPİDMODUL YAPI SİSTEMLERİ SAN. VE TİC. A.Ş.;"YAYLACIK MAH., 51. SK NO: 18/6";BURSA;NİLÜFER;(224) 3341623;http://www.rapidmodul.com;rapidmodul.com;İİB-MOB.KAĞIT VE ORMAN İHR.BRL.
ARCOGLOBAL MOBILYA ANONIM SIRKETI;İKİTELLİ OSB MAH. HÜRRİYET BUL.NO.54 İÇ KAPI NO.1;İSTANBUL;BAŞAKŞEHİR;(212) 4850860;https://arcoglobal.com/;arcoglobal.com;İİB-MOB.KAĞIT VE ORMAN İHR.BRL.
ERUS PROJE MOBILYA SANAYI TICARET LIMITED SIRKETI;OSMANGAZI MAH. 3127. SK. NO: 3 -5 IÇ KAPI NO: 5;İSTANBUL;ESENYURT;(212) 0000000;http://erusweb.com;erusweb.com;İİB-MOB.KAĞIT VE ORMAN İHR.BRL.
TAÇ PROMOSYON TANITIM VE MATB. HIZ. SAN. TIC. LTD. ŞTI.;LITROS YOLU 2.MATBAACILAR SIT.F-BLOK KAT:3 NO:1 NF1-1NE5;İSTANBUL; ;(212) 5650544;www.tacpromosyon.com;tacpromosyon.com;İİB-MOB.KAĞIT VE ORMAN İHR.BRL.
ART BASIMEVİ MATBAACILIK LTD.ŞTİ;TEVFİKBEY MAH. HALKALI CAD. ELMA BASIM YAYIN  SİT  NO:162-7;İSTANBUL;KÜÇÜKÇEKMECE;(212) 6713000;www.artbasim.com;artbasim.com;İİB-MOB.KAĞIT VE ORMAN İHR.BRL.
LİFLİ RULO VE LEVHA SAN. AŞ;ISTANBUL ORGANIZE DERI SAN BÖL7.YOLG.2PARSEL;İSTANBUL;TUZLA;(216) 3941224;www.kopuzlar.com;kopuzlar.com;İİB-MOB.KAĞIT VE ORMAN İHR.BRL.
POLEN MATB.KAĞ.AMBL.SAN.VE TİC LTD.ŞTİ.;DAVUTPAŞA CAD. KALE IŞ MERKEZIC BLOK NO:154;İSTANBUL; ;(212) 4821366;www.polenetiket.com;polenetiket.com;İİB-MOB.KAĞIT VE ORMAN İHR.BRL.
BÜROGÖR OFİS MOBİLYALARI İNŞAAT SANAYİ VE TİCARET LİMİTED ŞİRKETİ; ŞİRİNEVLER MAH. MAHMUTBEY 10. SK. NO: 24 İ.K:1;İSTANBUL;BAHÇELİEVLER;(212) 6751391;http://www.burogor.com;burogor.com;İİB-MOB.KAĞIT VE ORMAN İHR.BRL.
OTONOM METAL MAK. MOB. SAN. VE TİC. LTD. ŞTİ.;MAHMUDİYE MAH.23 MOB. SOK NO:51/53;BURSA;İNEGÖL;(224) 0000000;www.otonomcozumler.com;otonomcozumler.com;İİB-MOB.KAĞIT VE ORMAN İHR.BRL.
NEJAT SABUNCU MAKİNE TİCARET VE SANAYİ A.Ş.;MİTHATPAŞA MH.ORKİDE SK.NO:4;İSTANBUL;EYÜP;(212) 3602430;www.granitcenter.com;granitcenter.com;İİB-MOB.KAĞIT VE ORMAN İHR.BRL.
TEPECİK DIŞ TİC. VE MİMARİ SİSTEMLER SAN. TİC. LTD. ŞTİ.;BARBAROS CAD. NO.80-2OTO SAN.SITESI;İSTANBUL;ŞİŞLİ;02123250330;www.yapimas.com.tr;yapimas.com.tr;İİB-MOB.KAĞIT VE ORMAN İHR.BRL.
ERHAS TÜKETİM MALLARI TİC. AŞ;YUNUS CD. KASIMPATI SK. NO:34;İSTANBUL;KARTAL;(216) 4637704;www.erhas.net;erhas.net;İİB-MOB.KAĞIT VE ORMAN İHR.BRL.
MUSA ACAR - CONCEPT 34 KIRTASİYE PROMOSYON VEREKLAM MALZ.TOPTAN ALIM SATIM;FATİH SULTAN MEHMET MAH. ALEV SOK SOK NO:39/1 SARIYER;İSTANBUL;SARIYER;(212) 2298708;www.concept34.net;concept34.net;İİB-MOB.KAĞIT VE ORMAN İHR.BRL.
STAR DEKOR SAN.VE DIS.TIC.A.Ş;İSTOÇ  ÖKSÜZOĞULLARI PLAZA E1 BLOK KAT:5 NO.:53 ;İSTANBUL;BAĞCILAR;(212) 2458053;www.stardekor.com.tr;stardekor.com.tr;İİB-MOB.KAĞIT VE ORMAN İHR.BRL.
OTİNGO ETİKET  MATBAACILIK SAN.VE TİC. A.Ş;BAĞLAR MAH.18 SOK NO:5/11;İSTANBUL;BAĞCILAR;(212) 6563737;www.otingo.com.tr;otingo.com.tr;İİB-MOB.KAĞIT VE ORMAN İHR.BRL.
KAPSAN KAPLAMA VE AĞAÇ SAN.A.Ş.;"FEVZİ ÇAKMAK MAH. D-100 KARAYOLU CAD. NO:141 MERKEZ/DÜZCE MERKEZ,";DÜZCE;DÜZCE;(380) 5236149;www.kapsankaplama.com;kapsankaplama.com;İİB-MOB.KAĞIT VE ORMAN İHR.BRL.
TUNÇAY KONTRAPLAK ORMAN ÜRÜNL. INŞ.TURZ.TIC.VE SAN.LTD.ŞTI.;ÇAYDURT MEVKİİ GÜLEN UN FAB.YANI NO:A/1;BOLU;MERKEZ;(374) 2265026;www.tuncaykontrplak.com;tuncaykontrplak.com;İİB-MOB.KAĞIT VE ORMAN İHR.BRL.
ERDE PAZ. AŞ;MERKEZ M. KAVAK S. NO:39;İSTANBUL;BAHÇELİEVLER;(212) 6398900;www.erenholding.com.tr;erenholding.com.tr;İİB-MOB.KAĞIT VE ORMAN İHR.BRL.
ÖRSAN. TEKS. KONF. SAN. VE TİC. AŞ;EYÜP SULTAN MH. MEHMET AKIF CDNO:2;İSTANBUL;KARTAL;(216) 5644800;www.orsantekstil.com;orsantekstil.com;İİB-MOB.KAĞIT VE ORMAN İHR.BRL.
MODİS SOFA MOBİLYA SAN.VE TİC.LTD.ŞTİ;İNEGÖL MOB. AĞAÇ İŞLERİ İHTİSAS ORG. SAN. BLGS 17. CAD. NO:9;BURSA;İNEGÖL;(224) 7131350;www.modissofa.com;modissofa.com;İİB-MOB.KAĞIT VE ORMAN İHR.BRL.
HTY GLOBAL İNŞAAT SAN.VE DIŞ TİC.LTD.ŞTİ;"YILDIRIM MAH., ESKI EDIRNE ASFALTI CAD., NO:231 ICYILDIRIM MAH., ESKI EDIRNE ASFALTI CAD., NO:231 IC";İSTANBUL;BAYRAMPAŞA;(212) 0000000;http://www.htyglobal.com;htyglobal.com;İİB-MOB.KAĞIT VE ORMAN İHR.BRL.
DAÇO ORMAN ÜRÜNLERI  SAN VE TIC.A.Ş.;MURATÇEŞME MAH. ESKİ SİLİVRİCAD.NO:36;İSTANBUL;BÜYÜKÇEKMECE;(212) 8614523;www.daco.com.tr;daco.com.tr;İİB-MOB.KAĞIT VE ORMAN İHR.BRL.
MYS MARMARA YAPI SİSTEMLERİ SANAYİ TICARET ANONİM ŞİRKETİ;PROF. DR. NECMETTİN ERBAKAN CAD. NO:97 ÖZ-CE YILMAZ İŞ MERKZ. K:4;İSTANBUL;ATAŞEHİR;(212) 6702066;www.marmarayapisistemleri.com;marmarayapisistemleri.com;İİB-MOB.KAĞIT VE ORMAN İHR.BRL.
MONART AMBALAJ OLUKLU MUKAVVA SAN. VE DIŞ TIC. LTD. ŞTI.;İST.ORG.SAN.BÖLG.TRİKO CENTERM-8 BLOK BODRUM A-2;İSTANBUL;KÜÇÜKÇEKMECE;(212) 5955090;www.monartambalaj.com;monartambalaj.com;İİB-MOB.KAĞIT VE ORMAN İHR.BRL.
SPOT ELEKTRIK AYDINLATMA VE MUMESILLIK SAN.TIC.LTD.STI.;EKŞİOĞLU MH SARAY CD NO: 7-9 ;İSTANBUL;ÇEKMEKÖY;;www.spotelektrik.com.tr;spotelektrik.com.tr;İİB-MOB.KAĞIT VE ORMAN İHR.BRL.
ELMA BASIM  YAYIN VE İLETİŞİM HİZMETLERİ SAN TİC.LTD.ŞT;HALKALI CAD.  NO: 164 B 4 BLOKSEFAKÖY;İSTANBUL;KÜÇÜKÇEKMECE;(212) 6973030;http://www.elmabasim.com;elmabasim.com;İİB-MOB.KAĞIT VE ORMAN İHR.BRL.
DEKOR AHŞAP ÜRÜN.SAN.A.Ş.;GEBZE ORGANIZE SAN.BOL.GÜZELLER MV.INÖNÜ M.GENÇLIK C.;KOCAELI;GEBZE;02626786500;www.lineadecor.com.tr;lineadecor.com.tr;İİB-MOB.KAĞIT VE ORMAN İHR.BRL.
INFIN BILGISAYAR TICARET ANONİM ŞİRKETİ;MERKEZ MAH. ERSEVEN SOK. NO: 8;İSTANBUL;KAĞITHANE;(212) 3312121;www.index.com.tr;index.com.tr;İİB-MOB.KAĞIT VE ORMAN İHR.BRL.
PAPIRUS  KAĞIT SAN.VE TIC.A.Ş.;KISIKLI TRAMVAY CAD.NO:110ALTUNİZADE;İSTANBUL;ÜSKÜDAR;(216) 3257930;www.papirus.com.tr;papirus.com.tr;İİB-MOB.KAĞIT VE ORMAN İHR.BRL.
BOYMEN GİYİM SAN. VE TİC. LTD. ŞTİ. ;MESRUTIYET M. KODAMAN S. NO.23-1;İSTANBUL;ŞİŞLİ;02122461838;www.boymenexport.com;boymenexport.com;İİB-MOB.KAĞIT VE ORMAN İHR.BRL.
ÖZKAYA KALIP PLASTİK SAN.VE DIŞ TİC.LTD.ŞTİ;ORGANİZE SAN.BÖLGESİ BİRLİK SAN.SİTESİ 4.CAD.NO:10-12BEYLİKDÜZÜ;İSTANBUL;BEYLİKDÜZÜ;(212) 8762838;www.ozkayakalip.com;ozkayakalip.com;İİB-MOB.KAĞIT VE ORMAN İHR.BRL.
ASİLSAN OKUL MOBİLYALARI İML. SAN VE DIŞ TİC.LTD.ŞTİ.;KOCASİNAN MERKEZ MAH. MAHMUTBEY YOLU ÇİÇEK SOK. NO:8/1-2 ;İSTANBUL;BAHÇELİEVLER;(212) 6397078;www.asilsan2012.com;asilsan2012.com;İİB-MOB.KAĞIT VE ORMAN İHR.BRL.
YEŞİLDÜNYA DERİ SAN. VE TİC. LTD. ŞTİ.;MALTEPE MAH. DAVUTPAŞA CAD.NO:133;İSTANBUL;ZEYTİNBURNU;(212) 4826701;http://www.ayguncup.com;ayguncup.com;İİB-MOB.KAĞIT VE ORMAN İHR.BRL.
GÖKKAYA KOLTUK MOBİLYA SANAYİ VE TİCARET LTD.ŞTİ.;MAHMUDİYE MAH. 27.MOBİLYA SOKAK NO.44;BURSA;İNEGÖL;(224) 7120337;www.vivaldimobilya.com.tr;vivaldimobilya.com.tr;İİB-MOB.KAĞIT VE ORMAN İHR.BRL.
BOSART MOBİLYA SANAYİ VE TİC.LTD.ŞTİ.;MODOKO SAN.SİT.3.CAD.NO:243;İSTANBUL;ÜMRANİYE;(216) 3646867;www.bosart.com.tr;bosart.com.tr;İİB-MOB.KAĞIT VE ORMAN İHR.BRL.
KAPADOKYA DIŞ TİC.LTD.ŞTİ;YAKUPLU MERKEZ MAH.BİRLİK CAD.NO:24 K:5/505;İSTANBUL;BEYLİKDÜZÜ;(212) 4124400;www..krc.com.tr;.krc.com.tr;İİB-MOB.KAĞIT VE ORMAN İHR.BRL.
BİLENOR ORMAN ÜRÜNLERİ SANAYİ VE DIŞ TİCARET LİMİTED ŞİRKETİ;IHLAMUR KUYU MAH .ATATÜRK CAD NO:41D.3;İSTANBUL;ÜMRANİYE;(216) 4158733;www.bilenor.com;bilenor.com;İİB-MOB.KAĞIT VE ORMAN İHR.BRL.
MERSEN İSTANBUL SANAYİ ÜRÜNLERİ A.Ş.;G.O.S.B.İHSAN DEDE CAD.900 SOK;KOCAELI;GEBZE;(262) 7510262;www.carbonlarraine.com.tr;carbonlarraine.com.tr;İİB-MOB.KAĞIT VE ORMAN İHR.BRL.
DEMİR İTH. ELEKTRONİK SAN. VE TİC. A.Ş.;TAHTAKALE CAD CAM PORSELEN HAN NO:12/601 K:6;İSTANBUL;FATİH;(212) 5282845;www.demirithalat.com;demirithalat.com;İİB-MOB.KAĞIT VE ORMAN İHR.BRL.
ATA ULUSLARARASI DIŞ TİC. VE DEKORASYON SAN. A.Ş.;MITHATPAŞA MAH. ISTANBUL CAD.NO:31;İSTANBUL;EYÜP;(212) 3600931;www.bretz.com.tr;bretz.com.tr;İİB-MOB.KAĞIT VE ORMAN İHR.BRL.
MİLENYUM TD DİZAYN MOB.SAN.VE TİC.LTD.ŞTİ.;MODOKO SANAYİ SİTESİ 1.CAD.NO:193/A;İSTANBUL;ÜMRANİYE;(216) 4151619;www.millenniummobilya.com;millenniummobilya.com;İİB-MOB.KAĞIT VE ORMAN İHR.BRL.
GÖKSU KAĞIT SAN. VE TİC. LTD. ŞTİ. ;IKITELLI ORG.SAN.BOL.HASEYADKOOP. NO 22;İSTANBUL;KÜÇÜKÇEKMECE;02125498120;www.goksukagit.com;goksukagit.com;İİB-MOB.KAĞIT VE ORMAN İHR.BRL.
C-HIC TEKSTİL VE METAL SAN. DIŞ TİC. LTD. ŞTİ.;100.YIL MH.TEKSTİLKENT TİCARET MERKEZİ A 8 BLOK NO:49;İSTANBUL;ESENLER;(212) 4380250;www.chic-textile.com;chic-textile.com;İİB-MOB.KAĞIT VE ORMAN İHR.BRL.
WILLOWY MOBİLYA LTD. ŞTİ.;ESKİ İPEK CD NO 1/A/1;BURSA;İNEGÖL;(224) 7112121;www.willowy.com.tr;willowy.com.tr;İİB-MOB.KAĞIT VE ORMAN İHR.BRL.
NEROWOOD MOB.ORM.ÜRÜNL.OTO. SAN VE TİC.LTD.ŞTİ;SÜLEYMANİYE OSB MAH. 2. CADDE NO:1 ;BURSA;İNEGÖL;(224) 7186274;www.nerowood.com;nerowood.com;İİB-MOB.KAĞIT VE ORMAN İHR.BRL.
BLR BALORMAN BEYAZ EŞYA YAN SANAYİ VE TİCARET ANONİM ŞİRKETİ;DEREBOYU CAD. MEYDAN SK. BEYBIGIZ PLAZA NO:28  K:9 D:34;İSTANBUL;ŞİŞLİ;(212) 2902929;www.balorman.com;balorman.com;İİB-MOB.KAĞIT VE ORMAN İHR.BRL.
TÖRK MAK.SAN.TIC.A.Ş.;ESENTEPE MAH.UĞUR CAD. NO.27NO.15/A;İSTANBUL;KARTAL;(216) 3870540;www.torkmakine.com;torkmakine.com;İİB-MOB.KAĞIT VE ORMAN İHR.BRL.
MİNİMONO BEBEK ÜRÜNLERİ SANAYİ VE TİCARET ANONİM ŞİRKETİ;EMEK MAH. NAMIK KEMAL CAD. NO:143A;İSTANBUL;SANCAKTEPE;(216) 0000000;https://www.mini-mono.com.tr;mini-mono.com.tr;İİB-MOB.KAĞIT VE ORMAN İHR.BRL.
ELİZ YAPIŞKANLI BANT VE İZOLASYON MALZ.SAN.TİC.LTD.ŞTİ;ESENŞEHİR MH.G 117 SK.NO:42;İSTANBUL;ÜMRANİYE;(216) 4993300;www.eliz.com.tr;eliz.com.tr;İİB-MOB.KAĞIT VE ORMAN İHR.BRL.
ŞEKİL OFSET A.Ş;GÜMÜŞSUYU CAD. LİTROS YOLU 2. MATBAACILAR SİT.2BB6 TOPKAPI;İSTANBUL;ZEYTİNBURNU;(212) 5657701;www.sekilofset.com.tr;sekilofset.com.tr;İİB-MOB.KAĞIT VE ORMAN İHR.BRL.
NEKTAR NATURA İSTANBUL MEYVE SUL VE GIDA. SAN. DIŞ TİC.LTD.ŞTİ;KÜÇÜKBAKKALKÖY MAH. KAYIŞDAĞI CAD. FLORA RES M3 K:28 ;İSTANBUL;ATAŞEHİR;;www.nektarnatura.com.tr;nektarnatura.com.tr;İİB-MOB.KAĞIT VE ORMAN İHR.BRL.
OKYANUS RFID ETİKET MATBAACILIK SAN.VE TİC.LTD.ŞTİ.;MALTEPE MAH. GÜMÜŞSUYU CAD. DALGIÇ ÇARŞISI NO:3/10;İSTANBUL;ZEYTİNBURNU;(212) 4820976;http://www.okyanusetiketmatbaa.com;okyanusetiketmatbaa.com;İİB-MOB.KAĞIT VE ORMAN İHR.BRL.
VACETTİN MOBİLYA DEKORASYON ASN. VE TİC.LTD.ŞTİ;ORTA MAH. NİLAY SK. NO:7/1;İSTANBUL;TUZLA;(216) 3707038;www.vaceettinmobilya.com;vaceettinmobilya.com;İİB-MOB.KAĞIT VE ORMAN İHR.BRL.
BUILDEAZER ELEKTRONİK TİCARET VE BİLİŞİM HİZMETLERİ LİMİTED ŞİRKETİ;"MASLAK MAHALLESİ, TAŞ YONCASI SOKAK, AGAOGLU MASLAK 1453 SİTESİ, NO:1,AE BLOK/ KAPİ NO. 106";İSTANBUL;SARIYER;(212) 0000000;http://www.buildeazer.com;buildeazer.com;İİB-MOB.KAĞIT VE ORMAN İHR.BRL.
GIRGIN TIBBI CIHAZLAR SAN.IÇ VE DIŞ TIC.LTD.ŞTI.;YILDIZ POSTA  CAD. REFABEY SOK.NO:16 3/9 GAYRETTEPE;İSTANBUL;BEŞİKTAŞ;02122745814;www.girgin-ltd.com;girgin-ltd.com;İİB-MOB.KAĞIT VE ORMAN İHR.BRL.
MİLZİP AMBALAJ SANAYİ VE TİCARET A.Ş;İKİTELLİ OSB.ATATÜRK OTO SAN.SİT.12 SOK NO:641-642;İSTANBUL;BAŞAKŞEHİR;(212) 4852078;www.fleksipak.com;fleksipak.com;İİB-MOB.KAĞIT VE ORMAN İHR.BRL.
AG GLOBAL DIŞ TİC.A.Ş;ORUÇ REİS MAH. TEKSTİLKENT CAD. B BLOKSİT NO:12 A/054;İSTANBUL;ESENLER;(212) 4386168;www.agglobal.com.tr ;agglobal.com.tr;İİB-MOB.KAĞIT VE ORMAN İHR.BRL.
HAZAR ARITIM PROJE VE İNŞ. TAAH. SAN. VE TİC. A.Ş.;TAKSIM CAD. NO:65 KAT:2/3;İSTANBUL;BEYOĞLU;02122568490;www.hazar.gen.tr;hazar.gen.tr;İİB-MOB.KAĞIT VE ORMAN İHR.BRL.
ARTEKOL MUTFAK MOBILYA ELEKTR. CIHAZLAR SAN.VE TIC.LTD.ŞTI;OSMANİYE MAH.ALTIEYLÜL CAD.NO:6;BURSA;İNEGÖL;(224) 7148282;www.artekol.com.tr;artekol.com.tr;İİB-MOB.KAĞIT VE ORMAN İHR.BRL.
EVROASYA İÇ VE DIŞ TİC. LTD. ŞTİ. ;ATATÜRK BULVARI EMLAK BANKASIEVLERI B BLK N:146 D:27 KAT:7;İSTANBUL;FATİH;02125201551;www.evroasya.com;evroasya.com;İİB-MOB.KAĞIT VE ORMAN İHR.BRL.
ARTENOVA METAL VE AHŞAP ÜR. INŞ.TUR.ITH.IHR.SAN.TIC.LTD.ŞT;SELIMPAŞA MERKEZ MAH. 705 CAD.5008 SOK. NO:3  K:1 D:5;İSTANBUL;SİLİVRİ;(212) 7236900;www.artenova.com.tr;artenova.com.tr;İİB-MOB.KAĞIT VE ORMAN İHR.BRL.
HASELLER MOBİLYA  SANAYİ TİCARET LTD.ŞTİ.;MAHMUDİYE MH. 17. MOB. SK. NO:47 ;BURSA;İNEGÖL;(224) 7185327;www.mobiant.com.tr;mobiant.com.tr;İİB-MOB.KAĞIT VE ORMAN İHR.BRL.
ENGIN KAĞIT MAMÜLLERI SAN. VE TIC. LTD. ŞTI.;DERİ OSB MAH. LAZER SOK. NO:9;İSTANBUL;TUZLA;(216) 4998910;www.enginkagit.com.tr;enginkagit.com.tr;İİB-MOB.KAĞIT VE ORMAN İHR.BRL.
AFS YAYINCILIK VE ULUSL.TEM.LTD.ŞTİ;ACIBADEM MAH. LİSEYOLU SOK KOCATÜRK SİT. A BLOK NO:9/22;İSTANBUL;KADIKÖY;(216) 3469076;www.afsyayincilik.com.tr;afsyayincilik.com.tr;İİB-MOB.KAĞIT VE ORMAN İHR.BRL.
ÖZNIL MOBILYA INŞAAT GIDA SAN. TIC. LTD. ŞTI.;YENI SAN. ORHANGAZI CD. NO:87;BURSA;İNEGÖL;(224) 7185490;www.oznilmobilya.com;oznilmobilya.com;İİB-MOB.KAĞIT VE ORMAN İHR.BRL.
KOÇAL DIŞ TİC.LTD.ŞTİ.;KARGALI HANBABA OSB MAH.SEMT ORGANİZE SAN.6 SK.NO:26;SAKARYA;HENDEK;(264) 2905053;www.kocaldisticaret.com;kocaldisticaret.com;İİB-MOB.KAĞIT VE ORMAN İHR.BRL.
ASORTİE MOBİLYA DEKORASYON BİLİŞİM İNŞ.SAN.VE DIŞ TİC.A.Ş.;İKİTELLİ ORG.SAN.BÖL.MASKO MOBİLYACILAR SİT.4B BL.N.11/13 BAŞAKŞEHİR;İSTANBUL;BAŞAKŞEHİR;(212) 6750446;www.asortie.com;asortie.com;İİB-MOB.KAĞIT VE ORMAN İHR.BRL.
GLOPAK AMB.GIDA TIC.TAN.VE DAN HIZM.LTD.ŞTI.;19 MAYIS MAH.INÖNÜ CAD.SÜMKO-2SITESI G-5 BLOK D:4;İSTANBUL;KADIKÖY;(216) 4646735;www.glopakambalaj.com;glopakambalaj.com;İİB-MOB.KAĞIT VE ORMAN İHR.BRL.
TERAPACK  AMBALAJ SANAYİ VE TİC.A.Ş;ŞEKERPINAR CUMHURİYET MH.GEÇİT SOK. NO:7/E ;KOCAELI;ÇAYIROVA;(262) 6582632;www.teracup.com;teracup.com;İİB-MOB.KAĞIT VE ORMAN İHR.BRL.
GÖKYÜZÜ KUTU VE KARTON AMB.SAN VE TİC.LTD.ŞTİ;YUNUS EMRE MAH TABİAT SOK  NO:19 ;İSTANBUL;SANCAKTEPE;(216) 4840078;www.gokyuzukutu.com;gokyuzukutu.com;İİB-MOB.KAĞIT VE ORMAN İHR.BRL.
LEVENT KIRAS - REFORM BASIM TANITIM MATBAACILIK;G.O.P MH. UĞUR MUMCU CD. NO:13;TEKIRDAĞ;ÇERKEZKÖY;(282) 7252923;www.reformbasim.com;reformbasim.com;İİB-MOB.KAĞIT VE ORMAN İHR.BRL.
MERIÇ VİTRİN MANKENLERİ İMALAT SAN.VE TIC.LTD.ŞTİ.;FATIH CD. AKASYA SK NO 8;İSTANBUL;GÜNGÖREN;(212) 3610614;www.mericmanken.com;mericmanken.com;İİB-MOB.KAĞIT VE ORMAN İHR.BRL.
REİNHOLD KELLER MOBİLYA LTD. ŞTİ;HARBİYE MAH. TEŞVİKİYE CAD. İKBAL İŞ MERKEZİ NO:17/21;İSTANBUL;ŞİŞLİ;(212) 0000000;http://www.reinhold-keller.com;reinhold-keller.com;İİB-MOB.KAĞIT VE ORMAN İHR.BRL.
TERSAN TERSANECİLİK SAN.VE TİC.A.Ş;ACI CEŞME MEVKİİ BOGAZİÇİ CAD. NO:28;YALOVA;ALTINOVA;(226) 4656200;www.tersan.com.tr;tersan.com.tr;İİB-MOB.KAĞIT VE ORMAN İHR.BRL.
SSB GLOBAL PLASTİK İNŞ. VE MAĞAZACILIK SAN. DIŞ TİC. LTD. ŞTİ.;ATAKÖY 7-8-9-10 KISIM MAH. ÇOBANÇEŞME E-5 YAN YOL CAD. NO:6 İÇ KAPI NO:66 34140;İSTANBUL;BAKIRKÖY;;www.ssbglobal.com;ssbglobal.com;İİB-MOB.KAĞIT VE ORMAN İHR.BRL.
SWİSS CONSULTİNG DANIŞMANLIK A.Ş.;LEVENT MAH.ÜLGEN SK.4. GAZETECİLER SİT.A19-4 BL.N:146;İSTANBUL;BEŞİKTAŞ;(212) 2797933;http://www.swissconsulting.com.tr;swissconsulting.com.tr;İİB-MOB.KAĞIT VE ORMAN İHR.BRL.
T BANT IMALAT SAN. VE TIC. A.Ş;ORG. DERI SAN. BÖLG. 10.YOL93/3 PARSEL;İSTANBUL;TUZLA;(212) 2271233;www.tbantsan.com;tbantsan.com;İİB-MOB.KAĞIT VE ORMAN İHR.BRL.
SÜLEKLER TEKSTİL SAN. VE TİC. A.Ş.;ORGANİZE SANAYİ BÖL.1.CADDE;BURSA;İNEGÖL;(224) 7149382;www.sulekler.com;sulekler.com;İİB-MOB.KAĞIT VE ORMAN İHR.BRL.
ÇIRA BASIN YAYIN ORG. VE İLETİŞİM HİZ. TİC. LTD. ŞTİ.;DEFTERDAR MAHALLESİ YENİ KUŞAT SOKAK NO:6/B;İSTANBUL;EYÜP;(212) 6359919;http://www.cirakitap.com;cirakitap.com;İİB-MOB.KAĞIT VE ORMAN İHR.BRL.
TRANSIMEX DIS TICARET LIMITED SIRKETI;15 TEMMUZ MAH. BAHAR CAD. NO: 3 -5/2 IÇ KAPI NO: 118;İSTANBUL;BAĞCILAR;(212) 0000000;http://www.transimex.com.tr;transimex.com.tr;İİB-MOB.KAĞIT VE ORMAN İHR.BRL.
ALER MOB. ORMAN ÜRN İNŞ TAŞ İTH İHR SAN VE TİC LTD ŞTİ;HAMZABEY OSB MAH. 1. CADDE NO:55/1;BURSA;İNEGÖL;(224) 7185218;www.decohill.com.tr;decohill.com.tr;İİB-MOB.KAĞIT VE ORMAN İHR.BRL.
MERTIZ OFSET AMB.SAN.VE TIC. LTD.ŞTI.;"KÖYALTI MEVKİİ MERKEZ MAH. KAVAK SK. NO:30/A , 34197 YENİBOSNA - İSTANBULKAVAK SK. NO:30/A";İSTANBUL;BAHÇELİEVLER;(212) 6393300;www.mertiz.com;mertiz.com;İİB-MOB.KAĞIT VE ORMAN İHR.BRL.
SİGMA CAM EŞYA PAZ. TİC. LTD. ŞTİ.;MAHMUTBEY MAH.İSTOÇ 8. ADA NO: 115/117 ;İSTANBUL;BAĞCILAR;(212) 6597147;www.sigmacam.com.tr;sigmacam.com.tr;İİB-MOB.KAĞIT VE ORMAN İHR.BRL.
MKM ORMAN ÜRÜNLERİ MOBİLYA İNŞ.TAAH.SAN VE TİC.LTD.ŞTİ;KAYNARCA MAH. E5 YANYOL CAD. NO:122 ;İSTANBUL;PENDİK;(216) 5964074;wwwmkmahsap.com;wwwmkmahsap.com;İİB-MOB.KAĞIT VE ORMAN İHR.BRL.
FETIH GEMI PANEL IZOLASYON HAV .VE INCE SAC IŞL.LTD.ŞTI.;E.ÇELEBİ MAH.İSTASYON CAD.GİPTAŞ SİT.E BLOK .33;İSTANBUL;TUZLA;(216) 3936511;www.fetih.com.tr;fetih.com.tr;İİB-MOB.KAĞIT VE ORMAN İHR.BRL.
WORLD DIŞ TİC. LTD. ŞTİ. ;CUMHURIYET MH. KAZIM ORBAY CD.ÜLGEN APT. NO:5/A ;İSTANBUL;ŞİŞLİ;(212) 2308961;www.worldimport-export.com;worldimport-export.com;İİB-MOB.KAĞIT VE ORMAN İHR.BRL.
ASYA PROSES KAZAN İMALAT SAN.TİC.LTD.ŞTİ.;AYDINLI MAH.ORGANİZE YAN SANAYİ BÖLGESİ5.YOL 17.SOKAK NO:18;İSTANBUL;TUZLA;(216) 5910681;www.asyaproses.com.tr;asyaproses.com.tr;İİB-MOB.KAĞIT VE ORMAN İHR.BRL.
GRİ LAB REKLAM TAN VE BSKI TEKN.A.Ş;MASLAK MAH. DEREBOYU CAD. BİLİM SOK SUN PLAZA NO:5/13 ;İSTANBUL;SARIYER;(212) 2808989;www.grireklam.com;grireklam.com;İİB-MOB.KAĞIT VE ORMAN İHR.BRL.
SİNTER METAL İMALAT SANAYİ ANONİM ŞİRKETİ;YUKARI DUDULLU ORGANIZE SANAYIBOLGESI      NO.25;İSTANBUL;ÜMRANİYE;0216-3641093;www.sinter-metal.com;sinter-metal.com;İİB-MOB.KAĞIT VE ORMAN İHR.BRL.
AKÇAY KIRTASİYE YAYIN DAĞITIM SANAYİİ VE TİCARET LİMİTED ŞİRKETİ;TURGUT ÖZAL MH. 68. SK NO 14/1;İSTANBUL;ESENYURT;(212) 4440589;www.akofis.net;akofis.net;İİB-MOB.KAĞIT VE ORMAN İHR.BRL.
NBG ÇORAP SAN. VE DIŞ TİC. AŞ;AKÇABURGAZ MAH. 167. SOK.NO 2 KIRAÇ;İSTANBUL;ESENYURT;(212) 8869910;www.nbgcorap.com;nbgcorap.com;İİB-MOB.KAĞIT VE ORMAN İHR.BRL.
GÖZDE MATBAACILIK SAN VE TIC. LTD.ŞTI;MAHMUTBEY MAH.SOĞUKSU CADNO:22/A;İSTANBUL;BAĞCILAR;(212) 6455555;www.gozdekutu.com;gozdekutu.com;İİB-MOB.KAĞIT VE ORMAN İHR.BRL.
THE GRAPHIC LABEL GROUP ETİKET MATBAACILIK SAN. VE TİC. LTD. ŞTİ.;MERKEZ EFENDI MH.TERCÜMANSIT. B1 BL.K:2 D:10;İSTANBUL;ZEYTİNBURNU;02124155557;www.tgltr.com;tgltr.com;İİB-MOB.KAĞIT VE ORMAN İHR.BRL.
JASMİN TOBACCO TÜTÜN İTHALAT İHRACAT SANAYİ VE TİCARET ANONİM ŞİRKETİ;SANCAKTEPE MAH. KLAS SOK.NO:8 /1;İSTANBUL;SİLİVRİ;(212) 6901243;www.jasmintobacco.com;jasmintobacco.com;İİB-MOB.KAĞIT VE ORMAN İHR.BRL.
PHONIX CONTACT ELEKTRONİK TİCARET LTD.ŞTİ.;BULGURLU MAH. HANIM SETI SOK.NO.387A FERAH;İSTANBUL;ÜSKÜDAR;02164810300;www.phonixcontact.com.tr;phonixcontact.com.tr;İİB-MOB.KAĞIT VE ORMAN İHR.BRL.
MEHMET SAİT SAKAR;BARBAROS HAYRETTİN PAŞA MAH.CEBECİ CAD.NO:111;İSTANBUL;GAZİOSMANPAŞA;(212) 5353196;www.uygunambalaj.com;uygunambalaj.com;İİB-MOB.KAĞIT VE ORMAN İHR.BRL.
TOON CONCEPT MOBİLYA PAZ. SAN. VE TİC. LTD. ŞTİ.;MAHMUDİYE MAH. AYAZ SOK. NO:28;BURSA;İNEGÖL;(224) 0000000;www.pisahome.com;pisahome.com;İİB-MOB.KAĞIT VE ORMAN İHR.BRL.
MOBBİ MOB. İÇ MİMARLIK  VE DEKORASYON ÜRÜNLERİ SAN. VE TİC.LTD.ŞTİ;EMEK MAH. ATATÜRK CAD. B BLOK NO:4/1;İSTANBUL;SANCAKTEPE;(216) 0000000;www.mobbideco.com;mobbideco.com;İİB-MOB.KAĞIT VE ORMAN İHR.BRL.
BENSÜS KAĞIT VE AMBALAJ SAN. TİC. LTD. ŞTİ.;MALTEPE MAH. LİTROS YOLU YOL SOK. NO 3/1A TOPKAPI İSTANBUL;İSTANBUL;ZEYTİNBURNU;(212) 5676793;www.bens.com.tr;bens.com.tr;İİB-MOB.KAĞIT VE ORMAN İHR.BRL.
SEGER ORMAN ÜRÜNLERİ VE İNŞ.SAN.TİC.LTD.ŞTİ;CUMHURİYET MAH.MURAT SOK.NO:12K:5 D:11;İSTANBUL;KARTAL;(216) 6711600;www.segerorman.com.tr;segerorman.com.tr;İİB-MOB.KAĞIT VE ORMAN İHR.BRL.
PROMAT BASIM YAYIN VE TIC.A.Ş.;SANAYİ MH.1673.SK.NO:34;İSTANBUL;ESENYURT;(212) 6226363;www.promat.com.tr;promat.com.tr;İİB-MOB.KAĞIT VE ORMAN İHR.BRL.
YENICE YAPI URUNLERI SANAYI VE TICARET LTD.STI.;IMEŞ SANAYI SITESI A.BLOK 104.SOKAK NO:14;İSTANBUL;ÜMRANİYE;(216) 3643929;www.yeniceyapi.com;yeniceyapi.com;İİB-MOB.KAĞIT VE ORMAN İHR.BRL.
DELTA PRİNT TEKSTİL BOYA SAN. VE TİC. A.Ş.;İKİTELLİ ORG. SAN. BÖLG. SARAÇLAR 7-BLOK SOK. NO:7/1;İSTANBUL;BAŞAKŞEHİR;(212) 6714096;www.deltaboya.com;deltaboya.com;İİB-MOB.KAĞIT VE ORMAN İHR.BRL.
DMN TURİZM OTELCİLİK VE TİCARET ANONİM ŞİRKETİ;TATLISU MAH. GÜNALTAY SK. NISH SUITES NO: 15 İÇ KAPI NO: 21 ÜMRANİYE/ İSTANBUL;İSTANBUL;ÜMRANİYE;(216) 6060030;https://www.nishsuit.com/;nishsuit.com;İİB-MOB.KAĞIT VE ORMAN İHR.BRL.
ASİL DEKROASYON MİMARLIK MOBİLYA SANAYİ VE TİC.A.Ş;ORHAN GAZİ MAH. 1725. SK. 13. BLOK NO: 28 İÇ KAPI NO:1;İSTANBUL;ESENYURT;(462) 5500505;http://www.asilmimarlik.com;asilmimarlik.com;İİB-MOB.KAĞIT VE ORMAN İHR.BRL.
DURMAZKAN MOBILYA SAN. VE TIC.LTD.ŞTI.;KÜPLÜPINAR MAH. KÖYMEN CAD.NO:60;BURSA;OSMANGAZİ;(224) 2543455;www.novitamobilya.com;novitamobilya.com;İİB-MOB.KAĞIT VE ORMAN İHR.BRL.
DURAN-DOĞAN BASIM VE AMBALAJ SAN.AŞ.;MUSTAFA INAN CD. N:41;İSTANBUL;ARNAVUTKÖY;(212) 7714606;www.ddpack.com.tr;ddpack.com.tr;İİB-MOB.KAĞIT VE ORMAN İHR.BRL.
TRANSTAR ULUSLARARASI İÇ VE DIŞ TİCARET VE İNŞAAT MALZ. ELEKT. OTOMOTİV İTH. İHR. SAN. VE TİC. A.Ş.;ÇANKAYA MAH. ŞEHİT ERSAN CAD. ÇOBANYILDIZI SOK. NO:1/13;ANKARA;ÇANKAYA;03122877575;www.atlas-holding.com;atlas-holding.com;İİB-MOB.KAĞIT VE ORMAN İHR.BRL.
KARMA GRUP ETİKET BARKOD VE GIDA DAN SAN TİC LTD ŞTİ;KOZYATAĞI MH SARI KANARYA SK BYOFFICE NO 14/7;İSTANBUL;KADIKÖY;(216) 0000000;www.karma-grup.com.tr;karma-grup.com.tr;İİB-MOB.KAĞIT VE ORMAN İHR.BRL.
FORSCHNER KABLO SİSTEMLERİ ANONİM ŞİRKETİ;ISTIKLAL MH.ATATÜRK CAD.EKINSK. NO:4 KAT:2;İSTANBUL;ESENYURT;02126896434;www.forschner.com.tr;forschner.com.tr;İİB-MOB.KAĞIT VE ORMAN İHR.BRL.
PİNOCHEM KİMYA LTD.ŞTİ.;MALTEPE MAH.ESKİ ÇIRPICI YOLU SOKAK. NUMARA:8  191;İSTANBUL;ZEYTİNBURNU;(212) 9398516;www.pinochem.com;pinochem.com;İİB-MOB.KAĞIT VE ORMAN İHR.BRL.
ÇARDAK OLUKLU MUKAVVA SAN VE TİC.A.Ş;İDEALTEPE MAH. DENİZCİLER CAD. 14/6 ;İSTANBUL;MALTEPE;(216) 5183308;www.cardakoluklu.com.tr;cardakoluklu.com.tr;İİB-MOB.KAĞIT VE ORMAN İHR.BRL.
MOBAL MOBİLYA DEKORASYON SAN.VE TİC.A.Ş;İST. ANADOLU YAKASI OSB MERMERCİLERCD. NO:59;İSTANBUL;TUZLA;(216) 4590060;www.mobamobilya.com;mobamobilya.com;İİB-MOB.KAĞIT VE ORMAN İHR.BRL.
KONAKLI İTHALAT VE E TİCRET A.Ş;ÇAĞLAYAN MAH. ESEN SOK 23/5;İSTANBUL;KAĞITHANE;(212) 0000000;www.rawun.com;rawun.com;İİB-MOB.KAĞIT VE ORMAN İHR.BRL.
CUPTOYOU AMBALAJ LİMİTED ŞİRKETİ;ESENTEPE MAH .HARMAN 1 SK.HARMANCI GIZ PLAZA NO :5/30;İSTANBUL;ŞİŞLİ;(212) 0000000;cuptoyou.com.tr;cuptoyou.com.tr;İİB-MOB.KAĞIT VE ORMAN İHR.BRL.
BLT TURİSTİK İŞLETMERLERİ ANONİM ŞİRKETİ;ATATÜRK MAH. ALİ KUŞÇU CAD. NO : 8/1;İSTANBUL;ATAŞEHİR;(216) 4556070;http://www.bahceocakbasi.com/;bahceocakbasi.com;İİB-MOB.KAĞIT VE ORMAN İHR.BRL.
BD ENTERNASYONAL İNŞAAT MALZEMELERİ ENERJİ SİSTEMLERİ MAKİNE VE İNŞAAT SAN.TİC.LTD.ŞTİ.;OSMAN YILMAZ MAH. İSTANBUL CAD. AGM GÜNEŞ PLAZA NO:32 K:4;KOCAELI;GEBZE;(262) 6566030;www.aloni.com.tr;aloni.com.tr;İİB-MOB.KAĞIT VE ORMAN İHR.BRL.
ÜMİT BİSİKLET SANAYİ VE TİCARET A.Ş.;HADIMKÖY MAH. MUSTAFA İNAN CAD NO: 27/1 ARNAVUTKÖY 34555;İSTANBUL;ARNAVUTKÖY;(212) 7712049;www.umitbisiklet.com.tr;umitbisiklet.com.tr;İİB-MOB.KAĞIT VE ORMAN İHR.BRL.
LITHOPAK BASIM KAĞIT VE AMBALAJ SANAYİ ANONİM ŞİRKETİ;KARAAĞAÇ MAHALLESİ ATLIHAN SOKAK NO:2/1;İSTANBUL;BÜYÜKÇEKMECE;(212) 6894850;www.lithopakkuzey.com;lithopakkuzey.com;İİB-MOB.KAĞIT VE ORMAN İHR.BRL.
TANITIM ETIKET SANAYI VE TICARET ANONIM SIRKETI;FİRUZKÖY MH FİRUZKÖY BULVARI NO 58/4;İSTANBUL;AVCILAR;(212) 6125641;www.tanitimetiket.com.tr;tanitimetiket.com.tr;İİB-MOB.KAĞIT VE ORMAN İHR.BRL.
ZUHAL DIŞ TIC.A.Ş;GALIPDEDE CD.37;İSTANBUL;BEYOĞLU;02122498510;www.zuhalmuzik.com;zuhalmuzik.com;İİB-MOB.KAĞIT VE ORMAN İHR.BRL.
AKTAŞLAR  DEKOR ORMAN ÜRÜN SÜS EŞYALARI SAN.VE TIC.LTD.ŞTİ;ÇANTA SANCAKTEPE MAH.ESKİ ÇANTA CAD.NO:88;İSTANBUL;SİLİVRİ;(212) 7278246;www.aktaslarfloristik.com;aktaslarfloristik.com;İİB-MOB.KAĞIT VE ORMAN İHR.BRL.
BÜRODEKOR ÇELIK EŞYA TIC. VE SAN. LTDI ŞTI.;GÜMÜŞSUYU C. FATIH ŞEHITLERI S. KISMET HAN NO:29/2;İSTANBUL;ZEYTİNBURNU;(212) 5772983;www.burodekor.com;burodekor.com;İİB-MOB.KAĞIT VE ORMAN İHR.BRL.
SHINE LOJİSTİK HİZ YAZ DAN DIŞ TİC LTD ŞTİ;ATAKENT MAH. BURÇ CAD. GÜNERİ SİTESİÖZLEM APT. B BLOK A GİRİŞİ NO:3 D:8;İSTANBUL;ÜMRANİYE;(216) 4510001;https://www.shinelogi.com/;shinelogi.com;İİB-MOB.KAĞIT VE ORMAN İHR.BRL.
ADALI ÇELİK SAN.VE TİC.LTD.ŞTİ.;KOZLUK MAH.SANAYİ CAD.NO:12/1;SAKARYA;ERENLER;(264) 3535570;www.adalicelik.com.tr;adalicelik.com.tr;İİB-MOB.KAĞIT VE ORMAN İHR.BRL.
METİN AKPINAR RAYLI DOLAP İNŞAAT TURİZM İTHALAT İHRACAT SANAYİ TİCARET LİMİTED ŞİRKETİ;FERHATPAŞA MAH. M.FEVZİ ÇAKMAK CAD. N.64/A;İSTANBUL;ATAŞEHİR;(216) 6600391;http://www.aydolap.com;aydolap.com;İİB-MOB.KAĞIT VE ORMAN İHR.BRL.
GÜNEY ORMAN ÜRÜNLERI SAN. VE TIC. AŞ.;50.YIL MAH. ESKI EDIRNE ASFALT NO:526 SULTANGAZİ;İSTANBUL; ;(212) 6172041;www.guneyorman.com;guneyorman.com;İİB-MOB.KAĞIT VE ORMAN İHR.BRL.
SAUNA DEKOR SAN.VE TIC A.Ş.;MAHMUTBEY YOLU 22.SOK.NO:6/3;İSTANBUL; ;(212) 5522850;www.saunadekor.com;saunadekor.com;İİB-MOB.KAĞIT VE ORMAN İHR.BRL.
IRIDERE KIMYA TUTKAL VE TEMIZ. MAD.IMAL.IÇ.VE DIŞ TIC.PAZ.LTD;CEBECİ MAH.2.CEBECİ YOLU 2574SOKAK NO:11;İSTANBUL;GAZİOSMANPAŞA;(212) 6599512;www.iriderekimya.com;iriderekimya.com;İİB-MOB.KAĞIT VE ORMAN İHR.BRL.
RAINAS ELEKTRIK VE AYDINLATMA MALZEMELERİ IMALAT VE SANAYİ TICARET LİMİTED ŞİRKETİ;OSMANGAZİ MAH. AHMET YESEVİ CAD.NO:10;İSTANBUL;ESENYURT;(212) 4650771;www.raina.com.tr;raina.com.tr;İİB-MOB.KAĞIT VE ORMAN İHR.BRL.
BAKGÖRLER GIDA TURİZM TEKSTİL KONFEKSİYON SAN. VE TİC. LTD. ŞTİ.;ALAATTİNBEY MAH. ATİLLA TATVEREN  CAD. NO.6/D;BURSA;NİLÜFER;(224) 4436050;www.bakgorlergida.com.tr;bakgorlergida.com.tr;İİB-MOB.KAĞIT VE ORMAN İHR.BRL.
GLOBAL-D DIŞ TİC.LTD.ŞTİ.;OKYANUS CD. FUNDA03 MH. 5-BLOKE10 D:21;İSTANBUL;BAŞAKŞEHİR;(212) 5437812;www.global-d.net;global-d.net;İİB-MOB.KAĞIT VE ORMAN İHR.BRL.
İSKEMLE AĞAÇ ÜRÜN.MOB.TEKS.İNŞ.SAN.VE TİC.LTD.ŞTİ.;YENİCE KÖY MAH. SANAYİ CAD. NO:3;BURSA;İNEGÖL;(224) 7381850;www.iskemle.com.tr;iskemle.com.tr;İİB-MOB.KAĞIT VE ORMAN İHR.BRL.
ÖZEL ÖRME TEKS. SAN. VE TİC. LTD. ŞTİ. ;YAVUZ SELIM MHÇ 26/1 S.NO:15/3;İSTANBUL;BAĞCILAR;(212) 4345032;www.ozalorme.com;ozalorme.com;İİB-MOB.KAĞIT VE ORMAN İHR.BRL.
HAKART DEKORATİF EŞYA VE METAL SANAYİ VE TİCARET ANONİM ŞİRKETİ;BAKIR-PİRİNÇ SAN. SİT.MENEKŞE CD. NO:3;İSTANBUL;BEYLİKDÜZÜ;(212) 8762686;www.hakart.com.tr;hakart.com.tr;İİB-MOB.KAĞIT VE ORMAN İHR.BRL.
SPC DANIŞMANLIK İÇ VE DIŞ TİC.LTD.ŞTİ;B.CAMİ MAH. EFES BULVARI NO:46 ;EDIRNE;KEŞAN;(284) 7149742;www.spcimportexport.com;spcimportexport.com;İİB-MOB.KAĞIT VE ORMAN İHR.BRL.
GRANİSER İÇ VE DIŞ TİCARET AŞ;ANKARA ASFALTI NO:22/1 A BLOKKAT:1-3;İZMİR; ;(232) 4865070;www.graniser.com.tr;graniser.com.tr;İİB-MOB.KAĞIT VE ORMAN İHR.BRL.
METİN AZAK-MİLLA YAPI;ÜÇEVLER MAH KÜÇÜK SAN SİT 75.BLOK  NO:51/52;BURSA;NİLÜFER;(224) 4400007;www.millayapi.com;millayapi.com;İİB-MOB.KAĞIT VE ORMAN İHR.BRL.
BOĞAZİÇİ ETİKET MATBAACILIK SAN.VE  TİC.A.Ş;BAĞLAR MAH.OSMANPAŞA CAD.NO:68/B;İSTANBUL;BAĞCILAR;(212) 6571213;www.bogazicietiket.com;bogazicietiket.com;İİB-MOB.KAĞIT VE ORMAN İHR.BRL.
SÜLEKLER ORMAN ÜRÜN TICARET VE SAN. A.Ş.;SÜLEYMANİYE MH. BABACAN CD. NO:9;BURSA;İNEGÖL;(224) 7137534;www.sulekler.com;sulekler.com;İİB-MOB.KAĞIT VE ORMAN İHR.BRL.
ILKAY KAĞITÇILIK TIC.VE SAN.AŞ;CIHANGIR MAH. SIRKETLER YOLUSOK. NO:305;İSTANBUL;AVCILAR;(212) 4221776;www.ilkaykagit.com;ilkaykagit.com;İİB-MOB.KAĞIT VE ORMAN İHR.BRL.
FARBE YAYINCILIK EĞİTİM A.Ş;GÜZELYURT MAH.2128 SOK B BLOK NO:4 ;İSTANBUL;ESENYURT;(212) 8532333;www.farbeeducation.com;farbeeducation.com;İİB-MOB.KAĞIT VE ORMAN İHR.BRL.
YCC AMBALAJ SANAYİ VE DIŞ TİCARET LİMİTED ŞİRKETİ;MALTEPE MH. LİTROSYOLU SK E BLOK 2-4E İÇ KAPI 108;İSTANBUL;ZEYTİNBURNU;(212) 0000000;yccambalaj@hs01.kep.tr;hs01.kep.tr;İİB-MOB.KAĞIT VE ORMAN İHR.BRL.
ŞEKEROĞULLARI KONF. SAN. VE TİC. LTD. ŞTİ.;İSMETPAŞA MAH. 58.SOK. NO:7/9;İSTANBUL;SULTANGAZİ;(212) 5941818;www.denimteam.com;denimteam.com;İİB-MOB.KAĞIT VE ORMAN İHR.BRL.
GRAFFITI AJANS MATBAACILIK BIL .HIZ.REK.SAN.TIC.LTD.ŞTI.;TOPKAPI MALTEPE CAD. ORTA MAH. NO.8 B BLOK K.1 ;İSTANBUL;BAYRAMPAŞA;(212) 5442132;www.ajansgraffiti.com;ajansgraffiti.com;İİB-MOB.KAĞIT VE ORMAN İHR.BRL.
MEKSAŞ ENDÜSTRIYEL MUTFAK VE SOĞ. SAN.VE TIC.A.Ş.;VASIF ÇINAR CD NO 24/B46.SOK. NO:20;BALIKESIR;ALTIEYLÜL;(266) 2433322;www.meksas.com;meksas.com;İİB-MOB.KAĞIT VE ORMAN İHR.BRL.
PERA MATBAA VE ETİKET AMBALAJ DIŞ TİC.LTD.ŞTİ;TAHTAKALE MAH. KARÇİÇEĞİ SOK 1/4 D:48 ;İSTANBUL;AVCILAR;(212) 4050426;www.peralabel.com;peralabel.com;İİB-MOB.KAĞIT VE ORMAN İHR.BRL.
EROĞLU KONF. SAN. VE TİC. LTD. ŞTİ. ;TURIST MAH.İSTİHKAM TEPE CAD.NO.16 KAVAKLI BELDESİ;KIRKLARELI;KIRKLARELİ;(288) 2462009;www.eroglugroup.com.tr;eroglugroup.com.tr;İİB-MOB.KAĞIT VE ORMAN İHR.BRL.
ELİSSE MOBİLYA İTH. İHR. SAN. VE TİC. A.Ş.;MİNARELİ ÇAVUŞ OSB MH. N 306.SK. NO:1 ;BURSA;NİLÜFER;(224) 4112434;www.renowa.com;renowa.com;İİB-MOB.KAĞIT VE ORMAN İHR.BRL.
FORM SERVIS EKIPM.SAN.VE DIŞ TIC.LTD.ŞTI.;ESOT SAN.SITESI IKITELLI ORG.SAN.BOLG.P BLOK NO.10;İSTANBUL;BAŞAKŞEHİR;(212) 6714158;www.form-co.com;form-co.com;İİB-MOB.KAĞIT VE ORMAN İHR.BRL.
BÜROSER MOBILYA DEK.SAN.VE TIC LTD.ŞTI.;KAĞITHANE CAD. NO:83/A;İSTANBUL; ;(212) 2208533;www.buroser.com;buroser.com;İİB-MOB.KAĞIT VE ORMAN İHR.BRL.
SOFALINE MOBILYA DEKORASYON INŞ.SAN.VE TIC.LTD.ŞTI.;ESENTEPE MAH.FAHRİ KORUTÜRK CAD.TOPHANE SOK.NO:5;İSTANBUL;KARTAL;(216) 3877501;www.sofaline.com.tr;sofaline.com.tr;İİB-MOB.KAĞIT VE ORMAN İHR.BRL.
ERA SHOPFITTING DEKORASYON TİC. LTD. ŞTİ.;MALTEPE OFİSPARK ALTAYÇEŞME MH ÇAMLI SK NO:21/6;İSTANBUL;MALTEPE;(216) 2256474;www.erashopfitting.com;erashopfitting.com;İİB-MOB.KAĞIT VE ORMAN İHR.BRL.
SER PLASTİK SANAYİ VE TİCARET LİMİTED ŞİRKETİ;GÜMÜŞSUYU CD. ODİN CENTER NO:28/ 34;İSTANBUL;ZEYTİNBURNU;2125019508;www.serambalaj.com;serambalaj.com;İİB-MOB.KAĞIT VE ORMAN İHR.BRL.
BURKASAN PLASTİK ATIK YÖN. VE ÇEVRE DANIŞMANLIK HİZ. İNŞAAT SAN. VE TİC.LTD.ŞTİ.;AHMET VEFİK PAŞA MH. HASAN KESTELLİ OSB CD. NO:9;BURSA;KESTEL;(224) 3726001;www.burkasan.com;burkasan.com;İİB-MOB.KAĞIT VE ORMAN İHR.BRL.
GÖRHAN INŞ.VE MOBILYA SAN.TIC. A.Ş.;ŞERİFALİ MAH.TURCAN CAD. NO:58A;İSTANBUL;ÜMRANİYE;(216) 3264329;www.gorhan.net;gorhan.net;İİB-MOB.KAĞIT VE ORMAN İHR.BRL.
TALIA PRINT BASIM YAYIM SAN VE TİC A.Ş;CEVİZLİ MAH ENDERUN SK NO/12/18;İSTANBUL;KARTAL;(216) 0000000;www.taliaprint.com ;taliaprint.com;İİB-MOB.KAĞIT VE ORMAN İHR.BRL.
EFEAY DIŞ TİCARET LİMİTED ŞİRKETİ;İDEALTEPE BULVAR: CADDE:BAĞDAT : BUCAK:SKCANSU SİT NO 22/1/11;İSTANBUL;MALTEPE;(216) 5123003;yargiciemre@gmail.com;gmail.com;İİB-MOB.KAĞIT VE ORMAN İHR.BRL.
MONDİ İSTANBUL AMBALAJ LTD.ŞTİ.;TÜRKGÜCÜ OSB MH. YILMAZ ALPASLAN CD. NO:12/A;TEKIRDAĞ;ÇORLU;(282) 6854246;www.mondigroup.com;mondigroup.com;İİB-MOB.KAĞIT VE ORMAN İHR.BRL.
MAS MATBAACILIK SANAYİ TİCARET ANONİM ŞİRKETİ;HAMİDİYE MAH. SOĞUKSU CAD. NO.3 ;İSTANBUL;KAĞITHANE;(212) 2941000;azem@masmat.com.tr;masmat.com.tr;İİB-MOB.KAĞIT VE ORMAN İHR.BRL.
HEDRA PACK AMBALAJ SANAYİ VE TİCARET ANONİM ŞİRKETİ;FİRÜZKÖY MAHALLESİ MEZARLIK ÜSTÜ CADDESİ ÖZDEMİR TEKSTİL NO:23/1;İSTANBUL;AVCILAR;(212) 4286030;http://hedrapack.com.tr;hedrapack.com.tr;İİB-MOB.KAĞIT VE ORMAN İHR.BRL.
KALE BAHÇE MOBİLYA SANAYİ VE DIŞ TİCARET LİMİTED ŞİRKETİ;YENİ MAHALLE HEKİMSUYU CADDESİ NO:51/1A;İSTANBUL;GAZİOSMANPAŞA;(212) 5353461;http://www.kalebahcemobilya.com;kalebahcemobilya.com;İİB-MOB.KAĞIT VE ORMAN İHR.BRL.
ATA KONTRPLAK VE ORMAN ÜRÜNLERİ SANAYİ TİCARET LİMİTED ŞİRKETİ;TÜRKGÜCÜ OSB MAH. YILMAZ ALPASLAN CAD. NO: 54 /3;TEKIRDAĞ;ÇORLU;(212) 7484800;http://www.atakontrplak.com;atakontrplak.com;İİB-MOB.KAĞIT VE ORMAN İHR.BRL.
NYN ASKI VE AHŞAP SAN TİC LTD ŞTİ;MARMARA SAN SİT N BLOK NO:1134306;İSTANBUL;BAŞAKŞEHİR;(212) 4720781;www.nyn.com.tr;nyn.com.tr;İİB-MOB.KAĞIT VE ORMAN İHR.BRL.
GÜNEŞTEKİN SANAT YAPIM PRODÜKSÜYON A.Ş;BEDRETTİN MH. REFİK SAYDAM CD. NO:28;İSTANBUL;BEYOĞLU;(212) 2979586;www.gsmsanat.com;gsmsanat.com;İİB-MOB.KAĞIT VE ORMAN İHR.BRL.
SEWONPACK OLUKLU MUKAVVA AMBALAJ SANAYİ TİCARET LİMİTED ŞİRKETİ;RAMAZAOĞLU MAH. YILDIRIM BEYAZIT CAD. NO:24;İSTANBUL;PENDİK;(216) 0000000;http://www.sewonpack.com;sewonpack.com;İİB-MOB.KAĞIT VE ORMAN İHR.BRL.
MOR AJANS FILM MATBAACILIK SAN  VE TİC.LTD.ŞTİ;YAKACIK ÇARŞI MAH. FİDAN SOK NO:22 ZEMİN KAT VE 1 KAT ;İSTANBUL;KARTAL;(216) 4510065;www.mor-ajans.com;mor-ajans.com;İİB-MOB.KAĞIT VE ORMAN İHR.BRL.
GÖRSEL SANATLAR MATBAAC. AMB. SAN. VE TIC. A.Ş.;YÜZYIL MAH. MATBAACILAR SIT.2.CD. NO:198/A;İSTANBUL;BAĞCILAR;(212) 6290058;www.gorselsanatlar.com.tr;gorselsanatlar.com.tr;İİB-MOB.KAĞIT VE ORMAN İHR.BRL.
MURAT YILDIZ-IMPORT EXPORT;YENİCEKÖY MAH. 645 SOK NO:7 ;BURSA;İNEGÖL;;www.moismobilya.com;moismobilya.com;İİB-MOB.KAĞIT VE ORMAN İHR.BRL.
YEK MATBAACILIK SAN VE TİC.LTD.ŞTİ;YÜZYIL MAH. MAS SİT.MATBAACILAR SANAYİ SİTESİ 4 CDNO:122/1;İSTANBUL;BAĞCILAR;(212) 4305000;www.yekmatbaa.com;yekmatbaa.com;İİB-MOB.KAĞIT VE ORMAN İHR.BRL.
İSTİKLAL LOJİSTİK İTHALAT İHRACAT SANAYİ TİCARET LİMİTED ŞİRKETİ;MAHMUDİYE MAH. ORHANGAZİ CAD. NO:25;BURSA;İNEGÖL;(224) 7141214;http://www.istikall.com;istikall.com;İİB-MOB.KAĞIT VE ORMAN İHR.BRL.
TUTES PROMOSYON MALZ. TURIZM SAN. VE TIC. LTD. ŞTI.;FETIH MAH. KÖSEBEY SOK. ZEMINKAT NO:11/1-2-3 ;İSTANBUL;ATAŞEHİR;(216) 3242658;www.tutes-matches.com;tutes-matches.com;İİB-MOB.KAĞIT VE ORMAN İHR.BRL.
ORACLE BILGISAYAR SISTEMLERI LTD.ŞTI.;HUZUR MAH. MASLAK AYAZAĞA CAD. NO.4/B  K.2  302 UNİQ İSTANBUL;İSTANBUL;ŞİŞLİ;(212) 3296700;www.oracle.com;oracle.com;İİB-MOB.KAĞIT VE ORMAN İHR.BRL.
DİVAN AMBALAJ PLS.VE GIDA SAN.TİC.LTD.ŞTİ;İKİTELLİ ORGANİZE SAN BÖL.GİYİM SANATKARLARI SİT.3.ADA A BLOK NO:207;İSTANBUL;BAŞAKŞEHİR;(212) 4882828;www.divanambalaj.com;divanambalaj.com;İİB-MOB.KAĞIT VE ORMAN İHR.BRL.
RAN-SEL SAN. ÜRÜNLERİ TİC. LTD. ŞTİ. ;ORG.SAN.BÖLG.3.CD.NO:9;İSTANBUL;ÜMRANİYE;(216) 4711039;www.ran-sel.com;ran-sel.com;İİB-MOB.KAĞIT VE ORMAN İHR.BRL.
KUZEY MODERN EĞİTİM ARAÇLARI SANAYİ VE TİCARET LİMİTED ŞİRKETİ;MAHMUTBEY MAH. SOĞUKSU CAD. NO: 32 A ;İSTANBUL;BAĞCILAR;(212) 0000000;http://www.kuzeyegitimaraclari.com;kuzeyegitimaraclari.com;İİB-MOB.KAĞIT VE ORMAN İHR.BRL.
AKMEN MENS. SAN. VE TİC. AŞ;FİRUZKÖY YOLU SARIGÜL SOK.NO.16;İSTANBUL;AVCILAR;(212) 5935200;www.ekmenmensucat.com;ekmenmensucat.com;İİB-MOB.KAĞIT VE ORMAN İHR.BRL.
BİVAŞ ETİKET AMBALAJ SAN.TİC.LTD.ŞTİ.;AKÇABURGAZ MAH. 3026 SK NO:8;İSTANBUL;ESENYURT;(212) 8864248;http://www.bivasetiket.com;bivasetiket.com;İİB-MOB.KAĞIT VE ORMAN İHR.BRL.
MET MOBILYA SAN. VE TIC. LTD. ŞTI.;AYDINLAR MAH.ADNAN KAHVECI CADKARDEŞLER SOK.NO:1;İSTANBUL;ÜMRANİYE;(216) 4299241;www.metmobilya.com;metmobilya.com;İİB-MOB.KAĞIT VE ORMAN İHR.BRL.
SEHPA MOB.DEK.AKSE.SAN.VE TIC. LTD.ŞTI.;BURSA YOLU 3. KM CERRAH SAN. SIT. SAN. CD. NO:4;BURSA;İNEGÖL;(224) 7142545;www.bysehpaci.com;bysehpaci.com;İİB-MOB.KAĞIT VE ORMAN İHR.BRL.
AS TEKSTİL ETİKET SAN. AŞ;DEREBOYU SOK.BEYSAN SAN.SİTESİNO:44 ZEMİNKAT;İSTANBUL;BEYLİKDÜZÜ;(212) 5673010;www.asetiket.com;asetiket.com;İİB-MOB.KAĞIT VE ORMAN İHR.BRL.
ANKAYAŞAM AKS.MAK. MOB. METAL VE SAN. TİC.LTD.ŞTİ;MAHMUDİYE MAH. 25. MOB. SOK S.S KÜÇÜK SAN.SİT A APNO:2C;BURSA;İNEGÖL;(224) 0000000;www.bizimsehbaci.com;bizimsehbaci.com;İİB-MOB.KAĞIT VE ORMAN İHR.BRL.
BEMENTE KOLTUK MOBİLYA ORMAN ÜRÜNLERİ  SAN VE TİC.LTD.ŞTİ;MAHMUDİYE MAH. 28 MOB. SOK NO:1/1;BURSA;İNEGÖL;(224) 7185353;www.bemente.com;bemente.com;İİB-MOB.KAĞIT VE ORMAN İHR.BRL.
AMEDIA ZIL VE MÜZIK ALET.SAN. TIC.LTD.ŞTI.;DOLAPDERE SAN.SIT. 13.ADA NO:7;İSTANBUL;KÜÇÜKÇEKMECE;(212) 5490410;www.amediacymbals.com;amediacymbals.com;İİB-MOB.KAĞIT VE ORMAN İHR.BRL.
ELVİRA AHŞAP MOBİLYA DEKORASYON SAN VE TİC.LTD.ŞTİ;İKİTELLİ OSB. MAH. KERESTECİLER SİT CAD.26 SOK 26.BLOK  K:27-29;İSTANBUL;BAŞAKŞEHİR;(212) 6705152;www.elviraahsap.com;elviraahsap.com;İİB-MOB.KAĞIT VE ORMAN İHR.BRL.
FURÖM AHSAP SANAYI IÇ VE DIS TICARET LIMITED SIRKETI;HIDIRAĞA MAH. İSTASYON CAD. NO.4/A;TEKIRDAĞ;ÇORLU;(282) 6549653;www.furomahsap.com.tr;furomahsap.com.tr;İİB-MOB.KAĞIT VE ORMAN İHR.BRL.
EFE BAKAN -EFGE DIŞ TİC;SİYAVUŞPAŞA MAH. ÇAM SOK NO:33/10;İSTANBUL;BAHÇELİEVLER;(212) 0000000;www.efedisticaret.com;efedisticaret.com;İİB-MOB.KAĞIT VE ORMAN İHR.BRL.
AYDIN LİFE MOBİLYA LİMİTED ŞİRKETİ;RAMİ CUMA MAH. TALİMHANE CAD. NO: 37A;İSTANBUL;EYÜP;(212) 4474727;https://www.aydinlifemobilya.com/tr/;aydinlifemobilya.com;İİB-MOB.KAĞIT VE ORMAN İHR.BRL.
SERKAN ALTUN;MAHMUDİYE MAH. 28. MOBİLYA SOK NO:41/C;BURSA;İNEGÖL;(224) 0000000;www.homeway.com.tr;homeway.com.tr;İİB-MOB.KAĞIT VE ORMAN İHR.BRL.
AHMET DEMIREL ORMAN ÜRNL.EMPR. INŞ.NAK.VE OTO.SAN.VE TIC.LT.Ş;KERESTECILER SIT. 7-BLOKNO:21;İSTANBUL;BAŞAKŞEHİR;(212) 6703030;www.ahmetdemirel.com;ahmetdemirel.com;İİB-MOB.KAĞIT VE ORMAN İHR.BRL.
GÜNEY BÜRO MOBİLYA DEKO.SAN VE TİC.LTD.ŞTİ;KURBAĞALIDERE CAD.NO:55/1HASANPAŞA;İSTANBUL;KADIKÖY;(216) 3177650;www.guneymobilya.com;guneymobilya.com;İİB-MOB.KAĞIT VE ORMAN İHR.BRL.
GTL DIŞ TİC. LTD. ŞTİ. ;OSMANBEY SAMANYOLU SK.ENGİN HAN NO:6 K:5 D:50;İSTANBUL;ŞİŞLİ;(212) 5880039;www.gtl.com;gtl.com;İİB-MOB.KAĞIT VE ORMAN İHR.BRL.
HAN DİZAYN AHŞAP ÜRÜNLERİ VE İNŞAAT SAN.DIŞ TİC.LTD.ŞTİ.;DERİ ORGANİZE YAN SAN.ORHANLI YC 11;İSTANBUL;TUZLA;(216) 5910218;www.handizayn.net;handizayn.net;İİB-MOB.KAĞIT VE ORMAN İHR.BRL.
AYDA AKBAŞ;PETROL İŞ MAH.RAMAN SOK.BAYCAN APT NO:3 İÇ KAPI NO2;İSTANBUL;KARTAL;(212) 5706820;http://tan_akbas@hotmail.com;hotmail.com;İİB-MOB.KAĞIT VE ORMAN İHR.BRL.
HAKAN  AYHAN  OTURMA GRUP.MOB.VE EV TEK.SAN.VE TİC.LTD.ŞTİ;HAMİDİYE MAH. MENZİL SOK. NO:2;İSTANBUL;KAĞITHANE;(212) 2956300;www.hakanayhan.com;hakanayhan.com;İİB-MOB.KAĞIT VE ORMAN İHR.BRL.
TEMKA KAĞIT VE MAKİNA İTH. İHR. SAN TİC. LTD. ŞTİ.;YARIMBURGAZ MAH. FATİH CAD. NO.8 ;İSTANBUL;KÜÇÜKÇEKMECE;(212) 6780033;http://www.temkakagit.com/;temkakagit.com;İİB-MOB.KAĞIT VE ORMAN İHR.BRL.
ÖZKARDEŞLER KARTON AMBALAJ ENDÜSTRİYEL KALIP SAN. VE TİC. A.Ş.;DEREBOYU CAD. NO:26 BEYSAN SAN. SİT.ÖZKARDEŞLER İŞ MERKZ. HARAMİDERE;İSTANBUL;ESENYURT;(212) 8767667;www.ozkardesler.com;ozkardesler.com;İİB-MOB.KAĞIT VE ORMAN İHR.BRL.
YAPI MODEL MOBİLYA İNŞ. SAN VE DIŞ TİC.LTD.ŞTİ;ESENŞEHİR MAH. VATANSEVER SOK NO:17/A1;İSTANBUL;ÜMRANİYE;(216) 4568888;www.yapimodel.com.tr;yapimodel.com.tr;İİB-MOB.KAĞIT VE ORMAN İHR.BRL.
İLYA CONCEPT MOBİLYA MİMARLIK SANAYİ TİCARET LİMİTED ŞİRKETİ;KAYAPA MAHALLESİ 613 SOKAK NO:4/E;BURSA;NİLÜFER;(224) 0000000;http://www.ilyaconcept.com;ilyaconcept.com;İİB-MOB.KAĞIT VE ORMAN İHR.BRL.
PİTON LOJİSTİK İNŞAAT TEKSTİL GIDA VE TİCARET LİMİTED ŞİRKETİ;SÜMER MAH. ADNAN KAHVECİ SK. BARIŞ NO: 7 B;İSTANBUL;ZEYTİNBURNU;(850) 5325647;http://www.pitonlojistik.com;pitonlojistik.com;İİB-MOB.KAĞIT VE ORMAN İHR.BRL.
5G TEKSTIL SANAYI VE TICARET LIMITED SIRKETI;ORUCREIS MAH. TEKSILKENT TICARET MERKEZI 10AD73;İSTANBUL;ESENLER;(212) 0000000;http://www.5gtekstil.com;5gtekstil.com;İİB-MOB.KAĞIT VE ORMAN İHR.BRL.
MET KAĞITÇILIK SAN.VE TİC.A.Ş.;YÜZYIL MAH.MATBAACILAR SITESI NO:221/3;İSTANBUL;BAĞCILAR;(212) 6290429;www.arasgrup.com.tr;arasgrup.com.tr;İİB-MOB.KAĞIT VE ORMAN İHR.BRL.
TEKNIKKART AKILLI KART TEKNOLOJİLERİ SANAYİ VE TİCARET ANONİM ŞİRKETİ;IKITELLI ORG. SAN. BÖL.HASEYAD3. KISIM FATIH S. 2-7B NO:2;İSTANBUL;KÜÇÜKÇEKMECE;(212) 4445278;www.teknikkart.com.tr;teknikkart.com.tr;İİB-MOB.KAĞIT VE ORMAN İHR.BRL.
DBK KERESTE İNŞAAT LİMİTED ŞİRKETİ;SANAYI ÇARŞISI NO:60;BALIKESIR;DURSUNBEY;(266) 6622994;www.birlikkereste.com.tr;birlikkereste.com.tr;İİB-MOB.KAĞIT VE ORMAN İHR.BRL.
WITTMANN BATTENFELD PLASTİK MAKİNELERİ LTD.ŞTİ.;EĞİTİM MAH.POYRAZ SOK.SADIKOĞLU PLAZA 5 NO:17;İSTANBUL;KADIKÖY;(216) 5509314;http://www.wittmann-battenfeld.com.tr;wittmann-battenfeld.com.tr;İİB-MOB.KAĞIT VE ORMAN İHR.BRL.
CD DUMANLAR MOBİLYA MİMARLIK İNŞAAT TEKSTİL SANAYİ VE TİCARET A.Ş.;İ.O.S.B. MAH. MASKO MOBİLYACILAR SİT. MASKO SİT.156/23 BAŞAKŞEHİR ;İSTANBUL;BAŞAKŞEHİR;(212) 6750886; www.celalduman.com.tr;celalduman.com.tr;İİB-MOB.KAĞIT VE ORMAN İHR.BRL.
PİRİNTPARK OFSET VE AMBALAJ. SAN.TIC.A.Ş;YAKUPLU MAH. FUAR CAD.  BEYSAN SAN. SİT. KAPTAN OFSET NO:31 İÇ KAPI NO:4 ;İSTANBUL;BEYLİKDÜZÜ;(212) 4821010;www.venk.com.tr;venk.com.tr;İİB-MOB.KAĞIT VE ORMAN İHR.BRL.
MORE KONTRAT TASARIM VE İNŞAAT A.Ş.;AKAT MAH. HARE SOK.2. SÖLTAŞ EVLERİ SİT.K-9 BLOK APT. NO:14 ;İSTANBUL;BEŞİKTAŞ;(212) 2699589;www.morecontraat.com;morecontraat.com;İİB-MOB.KAĞIT VE ORMAN İHR.BRL.
SPA TİME KOZMETİK MEDİKAL ÜRÜNLER SANAYİ TİCARET LİMİTED ŞİRKETİ;İNÖNÜ MAH.KANARYAM SOK.NO.15/A;İSTANBUL;ATAŞEHİR;(216) 4554628;www.spatime.com.tr;spatime.com.tr;İİB-MOB.KAĞIT VE ORMAN İHR.BRL.
LOW PROFİLE İSTANBUL TEKSTİL SAN. VE DIŞ TİC. A.Ş.;DEMİRTAŞ DUMLUPINAR OSB MAH. DEFNE SOK.NO:5;BURSA;OSMANGAZİ;(224) 2612300;www.lowprofile.com.tr;lowprofile.com.tr;İİB-MOB.KAĞIT VE ORMAN İHR.BRL.
YILKA MODA SAN. VE DIŞ TİC. LTD. ŞTİ.;ESKİ HABİBLER MH.DEMİRCİ CD. NO:28/B1;İSTANBUL;SULTANGAZİ;(212) 5955070;www.yilkamoda.com;yilkamoda.com;İİB-MOB.KAĞIT VE ORMAN İHR.BRL.
MİR EKSPORT GIDA SAN. DIŞ TİC. LTD. ŞTİ. ;CEVİZLİBAĞ SOKAK TOPKAPI TİC. MERK.1.SİTE A BLOK NO:351/352;İSTANBUL;ESENLER;(212) 4387874;www.mireksport.com;mireksport.com;İİB-MOB.KAĞIT VE ORMAN İHR.BRL.
KOLEGA ELEKTROMEKNİK TAAHHÜT İNŞAAT SANAYİ VE DIŞ TİCARET LİMİTED ŞİRKETİ;MERVE MAH. NECİP FAZIL CAD. ALUCAR APT NO: 7 A;İSTANBUL;SANCAKTEPE;(216) 0000000;http://www.kolegaengineering.com;kolegaengineering.com;İİB-MOB.KAĞIT VE ORMAN İHR.BRL.
TMS SÜNGER TEDARİK MALZEMELERİ VE MOBİLYA AKSESUARLARI DIŞ TİCARET LTD.ŞTİ.;YUKARI DUDULLU MAH. KUTLUAY SOK. NO:1/3A;İSTANBUL;ÜMRANİYE;; www.tedarikmalzeme.com ;tedarikmalzeme.com;İİB-MOB.KAĞIT VE ORMAN İHR.BRL.
BILGE DENIZ BALIK EKIP PLS.YAP .GIDA  VE OTO.SAN.TIC.LTD.ŞTİ;METAL İŞ SANAYİ SİTESİ 20.BLOK NO:5;İSTANBUL;BAŞAKŞEHİR;(212) 5492110;www.bilgedenizcilik.com;bilgedenizcilik.com;İİB-MOB.KAĞIT VE ORMAN İHR.BRL.
BILGIN YATÇILIK VE TURIZM IŞL. TIC.LTD.ŞTI.;FATIH MAH MENEKŞE CAD. NO:6/A;İSTANBUL;KÜÇÜKÇEKMECE;(212) 5996353;www.bilginyacht.com;bilginyacht.com;İİB-MOB.KAĞIT VE ORMAN İHR.BRL.
AS NUR MOBİLYA DEKORASYON SAN.TİC.LTD.ŞT;EYÜP MODESA MOBİLYACILAR ÇARŞISIDEFTARDAR MAH.TUNALIGİL SOK 14 DEMİRKAPI;İSTANBUL;EYÜP;(212) 6125203;www.asnurmobilya.com.tr;asnurmobilya.com.tr;İİB-MOB.KAĞIT VE ORMAN İHR.BRL.
İLTEKS TEKS. TİC. VE SAN. AŞ;ZAFER MH.176.SK.NO:3;İSTANBUL;ESENYURT;(212) 6904455;www.ilteks.com.tr;ilteks.com.tr;İİB-MOB.KAĞIT VE ORMAN İHR.BRL.
KİTAPYURDU YAYINCILIK VE İLETİŞİM ANONİM ŞİRKETİ;YENİBOSNA MERKEZ MAH. CEMAL ULUSOY CAD. NO:43;İSTANBUL;BAHÇELİEVLER;(212) 5149398;www.kitapyurdu.com;kitapyurdu.com;İİB-MOB.KAĞIT VE ORMAN İHR.BRL.
BRD KUTU TASARIM AMB. SAN. VE TİC. LTD. ŞTİ.;TINAZTEPE SK NO 18/A-B;İSTANBUL;MALTEPE;(216) 3524060;www.brdtasarim.com;brdtasarim.com;İİB-MOB.KAĞIT VE ORMAN İHR.BRL.
DOSSİ LİFE MOBİLYA SANAYİ VE LİMİTED ŞİRKETİ;MAHMUDİYE MAHALLESİ 28. MOBİLYA SOKAK NO:5/1;BURSA;İNEGÖL;(224) 7112121;dossilife.com;dossilife.com;İİB-MOB.KAĞIT VE ORMAN İHR.BRL.
AKADEMIKA AMBALAJ SAN.VE TIC. LTD.ŞTI.;MİNERALİ ÇAVŞ. MH. TÜREN SOK. NO:7;BURSA;NİLÜFER;(224) 2447281;www.akademikaambalaj.com;akademikaambalaj.com;İİB-MOB.KAĞIT VE ORMAN İHR.BRL.
SARP INŞAAT MOBILYA SAN. VE TI C. A.Ş.;FAHRETTİN KERİM GÖKAY CAD. NO:30/2;İSTANBUL;KADIKÖY;(216) 4185631;www.sarp-.as.com;sarp-.as.com;İİB-MOB.KAĞIT VE ORMAN İHR.BRL.
ÇAPA MEDİKAL SANAYİ VE TİCARET ANONİM ŞİRKETİ;ORG SAN BOLG. ATATÜRK BULVMEHMET CAKICI IS MERK N:127;İSTANBUL;KÜÇÜKÇEKMECE;;www.capamedikal.com;capamedikal.com;İİB-MOB.KAĞIT VE ORMAN İHR.BRL.
DEMSAŞ DEKORASYON MOBILYA SAN. VE TIC.A.Ş.;ŞERİFALİ MAH. EDEP SOK NO:52 ÜMRANİYE;İSTANBUL;ÜMRANİYE;(216) 3147476; www.demsas.com ;demsas.com;İİB-MOB.KAĞIT VE ORMAN İHR.BRL.
İPEK PLASTİK SAN. VE TİC. AŞ;BEYSAN SANAYI SITESI BIRLIKCAD. NO:44;İSTANBUL;BEYLİKDÜZÜ;(212) 4227454;www.ipekplastik.com;ipekplastik.com;İİB-MOB.KAĞIT VE ORMAN İHR.BRL.
TRİ-WALL TURKEY KAĞIT SAN.VE TİC.A.Ş;KONAKLAR MAH.BÜYÜKDERE CAD. ÇINAR SOK NO:9 ;İSTANBUL;BEŞİKTAŞ;(262) 3496667;www.tri-wall.com.tr;tri-wall.com.tr;İİB-MOB.KAĞIT VE ORMAN İHR.BRL.
SAF SELÜLOZ SANAYİ VE DIŞ TİCARET ANONİM ŞİRKETİ;KAZIMKARABEKİR MAH. BATTALGAZİ CAD.NO: 16 A;KOCAELI;DARICA;(262) 6550303;http://www.safkagit.com;safkagit.com;İİB-MOB.KAĞIT VE ORMAN İHR.BRL.
FENNEXPO DANİSMANLİK TİCARET LTD STİ;"FSM MAH., POLİGON CAD. BUYAKA İŞ KULELERİ, KULE:3 NO:1-4";İSTANBUL;ÜMRANİYE;(216) 2258486;www.fennexpo.com;fennexpo.com;İİB-MOB.KAĞIT VE ORMAN İHR.BRL.
YAMATA YATIRIM İNŞAAT TURİZM VE TİC. AŞ;ÇUBUKLU MAH. ORHAN VELİ KANIK CAD.NO:11;İSTANBUL;BEYKOZ;(212) 5370300;www.yamata.com.tr;yamata.com.tr;İİB-MOB.KAĞIT VE ORMAN İHR.BRL.
İLYAS KAYA; İSTASYON MAH. 1495/2. SK. NO: 8;KOCAELI;GEBZE;(262) 6561225;https://ilkaplastik.com;ilkaplastik.com;İİB-MOB.KAĞIT VE ORMAN İHR.BRL.
ASLANDAĞ AHŞAP A.Ş;TEPEÖREN MAH.ATAYOLU CAD.NO:5 ;İSTANBUL;TUZLA;(216) 5405900;www.artella.com.tr;artella.com.tr;İİB-MOB.KAĞIT VE ORMAN İHR.BRL.
KOÇ GIDA TEMİZLİK İHTİYAÇ MADD. SAN VE TİC.LTD.ŞTİ;TÜRKGÜCÜ CAD. NO:53A;İSTANBUL;BEYOĞLU;(212) 2520583;kocgida@hs03.kep.tr;hs03.kep.tr;İİB-MOB.KAĞIT VE ORMAN İHR.BRL.
CASTOR MOBİLYA VE AKSESUARLARI  SAN TİC.LTD.ŞTİ.;İKİTELLİ OSB MAH. MASKO 7. B BLOK SOK  NO:37/37;İSTANBUL;BAŞAKŞEHİR;(216) 6933119;www.castormobilya.com;castormobilya.com;İİB-MOB.KAĞIT VE ORMAN İHR.BRL.
KREA İÇERİK HİZMETLERİ VE PRODÜKSİYON A.Ş.;ABBASAĞA MAHALLESİ SUNGURLAR İŞHANINO:45 KAT:1-2-3;İSTANBUL;BEŞİKTAŞ;02123260000;www.dıgıturk.tv;xn--dgturk-p9ab.tv;İİB-MOB.KAĞIT VE ORMAN İHR.BRL.
TEMIZLER MAK.SAN.A.Ş.;ÇINARÖNÜ MAH. ADALET CAD. NO:4;BURSA;YILDIRIM;(224) 3679968;www.cagdasbolme.com.tr;cagdasbolme.com.tr;İİB-MOB.KAĞIT VE ORMAN İHR.BRL.
ŞAHİN KIRTASİYE VE HIRDAVAT TİCARET LİMİTED ŞİRKETİ;MAHMUTBEY MH. İSTOÇ 18 ADA NO:121/127;İSTANBUL;BAĞCILAR;(212) 6591550;www.sahinkirtasiye.com.tr;sahinkirtasiye.com.tr;İİB-MOB.KAĞIT VE ORMAN İHR.BRL.
ÖZDERİ DERİCİLİK SAN. VE TİC. LTD. ŞTİ. ;DERİ O.S.B.TAV CD.NO:9 M1-9 ÖZEL PARSEL;İSTANBUL;TUZLA;(216) 3941380;www.ozderi.com;ozderi.com;İİB-MOB.KAĞIT VE ORMAN İHR.BRL.
İNTERVO DIŞ TİCARET VE MÜMESSİLLİK LİMİTED ŞİRKETİ;ETİLER NİSPETİYE CAD.AKMERKEZİŞ MERK.B3 BLOK KAT:1;İSTANBUL;BEŞİKTAŞ;(212) 2821900;www.intervoltd.com;intervoltd.com;İİB-MOB.KAĞIT VE ORMAN İHR.BRL.
MEZZA MOBİLYA NAK. İNŞ. İHR. İTH. SAN. VE TİC. LTD. ŞTİ.;YALINTAŞ MAH. 528 SK. NO: 45 ;BURSA;MUSTAFAKEMALPAŞA;(224) 0000000;http://www.mezza.com.tr;mezza.com.tr;İİB-MOB.KAĞIT VE ORMAN İHR.BRL.
EVOK MOBİLYA İNŞ.SAN.TİC.LTD.ŞTİ.;MAHMUDİYE MH. 25. MOB. SOKAK NO: 65 İÇ KAPI NO: 1;BURSA;İNEGÖL;(224) 0000000;evokmobilya@hs01.kep.tr;hs01.kep.tr;İİB-MOB.KAĞIT VE ORMAN İHR.BRL.
EDPA TEKS. TİC. AŞ;CUMHURİYET CAD. PAK APT. NO:30 K:6 D:12;İSTANBUL;ŞİŞLİ;(212) 2196595;www.edpatekstil.com.tr;edpatekstil.com.tr;İİB-MOB.KAĞIT VE ORMAN İHR.BRL.
BY MONETT MOBILYA ITHALAT IHRACAT SANAYI VE TICARET LIMITED SIRKETI;SİNANBEY MAHALLESİ 28.METAL SOKAK NO:5;BURSA;İNEGÖL;(224) 0000000;https://monett.com.tr/;monett.com.tr;İİB-MOB.KAĞIT VE ORMAN İHR.BRL.
GÜVEN KUTU SANAYI VE TICARET ANONIM SIRKETI;MALTEPE MAH. DAVUTPAŞA ÇİFTE HAVUZLAR SK. 1. MATBACILAR SİTESİ NO:2 İÇ KAPI NO: 59;İSTANBUL;ZEYTİNBURNU;(212) 5260664;http://www.asetatkutu.com.tr;asetatkutu.com.tr;İİB-MOB.KAĞIT VE ORMAN İHR.BRL.
GÜNEY KLAS ITH. IHR. LTD. ŞTI.;ZÜBEYDE HANIM CD. NO:7;İSTANBUL;ARNAVUTKÖY;(212) 7711281;www.guneycam.com.tr;guneycam.com.tr;İİB-MOB.KAĞIT VE ORMAN İHR.BRL.
METOCUP AMBALAJ SAN.LTD.ŞTİ;İSTANBUL DERİ ORG.SAN.BÖL. GERGEF SOK NO:3 C4/4 ÖZEL PARSEL ;İSTANBUL;TUZLA;(216) 5040638;www.metocup.com;metocup.com;İİB-MOB.KAĞIT VE ORMAN İHR.BRL.
MBO DIŞ TİC. LTD. ŞTİ.;İKİTELLİ OSB MAH.ATATÜRK BLV. İ.O.S.B SİT.İŞHANI AP.N:86/301;İSTANBUL;BAŞAKŞEHİR;(212) 6710504;www.mbo.com.tr;mbo.com.tr;İİB-MOB.KAĞIT VE ORMAN İHR.BRL.
UCUZCULAR GIDA MADDELERI SAN. VE TIC.A.Ş.;MISIR ÇARŞISI IÇI   NO:51;İSTANBUL;FATİH;(212) 5206492;www.ucuzcular.com.tr;ucuzcular.com.tr;İİB-MOB.KAĞIT VE ORMAN İHR.BRL.
YILMAZ MOB.DEK.SAN.TIC.LTD.ŞTI;PIRIREIS MAH.ŞELALE SK.NO:29BORA ÇIFTLIĞI KARŞISI;KOCAELI;GEBZE;(262) 7454408;www.yilmazpalet.com;yilmazpalet.com;İİB-MOB.KAĞIT VE ORMAN İHR.BRL.
BERİN FURNİTURE KOLTUK SANAYİ VE TİCARET LTD. ŞTİ.;MAHMUDİYE 22 MOBİLYA SOK.  NO:15  KAPI NO:A  ;BURSA;İNEGÖL;(224) 0000000;http://www.berinfurniture.com;berinfurniture.com;İİB-MOB.KAĞIT VE ORMAN İHR.BRL.
MARİN AMBALAJ KAĞIT MATB.TEKS. TIC.VE SAN.LTD.ŞTI.;ORTA MAHALLE ŞIRIN SOKAK NO:1ÇAKMAK TRIKO CENTER KAT:3 D:15;İSTANBUL;BAYRAMPAŞA;(212) 5444455;www.marinexport.com;marinexport.com;İİB-MOB.KAĞIT VE ORMAN İHR.BRL.
KAR AMBALAJ VE MATBAACILIK TICARET VE  ANONIM SIRKETI;CİHANGİR MAH. ŞEHİT ZAFER KIZILTAŞ SOK. NO:1 İÇ KAPI:3;İSTANBUL;AVCILAR;(212) 8761532;www.karambalaj.com.tr;karambalaj.com.tr;İİB-MOB.KAĞIT VE ORMAN İHR.BRL.
OKUYAN MASA SOFRA TİC. VE SAN. LTD. ŞTİ.;ERENLER MAH. 1234 SOK. NO:3 ERENLER;SAKARYA;ERENLER;(264) 2914578;www.okuyanticaret.com.tr;okuyanticaret.com.tr;İİB-MOB.KAĞIT VE ORMAN İHR.BRL.
ZEYNEL ABİDİN CAVCI - EFEBEY DIŞ TİCARET;TURGUT ÖZALP MAH. UZAY SOK. NO.19/A K.2 D.6;BURSA;İNEGÖL;(224) 7112803;www.furnitureexporter.net;furnitureexporter.net;İİB-MOB.KAĞIT VE ORMAN İHR.BRL.
SLEEPSY MOBİLYA TİCARET ANONİM ŞİRKETİ;İKİTELLİ OSB MAH.HESKOOP ÇARŞI BLOK SOK.HESKOOP SAN. 1. ÇARŞ. BLOK 20;İSTANBUL;BAŞAKŞEHİR;(212) 6701400;www.pologrup.com;pologrup.com;İİB-MOB.KAĞIT VE ORMAN İHR.BRL.
ZEYNEP GİYİM SAN. VE TİC. AŞ;KOÇMAN CD.NO:44;İSTANBUL;BAĞCILAR;(212) 6563777;www.zeynep.com.tr;zeynep.com.tr;İİB-MOB.KAĞIT VE ORMAN İHR.BRL.
UYGUN TUHAFİYE TEKSTİL SAN. VE TİC. AŞ;RÜSTEMPAŞA MH.ALACAHAMAM SK.NO:1;İSTANBUL;FATİH;(212) 5272695;www.uygunkurdele.com/;uygunkurdele.com;İİB-MOB.KAĞIT VE ORMAN İHR.BRL.
ANT KAĞIT VE KİMYEVİ MADDELER SANAYİ VE DIŞ TİCARET ANONİM ŞİRKETİ;TOMTOM MAH.İSTİKLAL CD.BEYOĞLU IŞ MERKEZI BLOK NO:;İSTANBUL;BEYOĞLU;(212) 5063158;http://www.antkagit.com;antkagit.com;İİB-MOB.KAĞIT VE ORMAN İHR.BRL.
MATSİS MATBAA A.Ş;TEVFIKBEY MH. DR.ALI DEMIR CD.NO:51 GİRİŞ DEPO BÖLÜMÜ ;İSTANBUL;KÜÇÜKÇEKMECE;(212) 6242111;www.matbaasistemleri.com;matbaasistemleri.com;İİB-MOB.KAĞIT VE ORMAN İHR.BRL.
MNM HIJYEN PED VE SAĞLIK ÜRN. IML. SAN. TIC. LTD. ŞTI.;D-100 KARAYOLU AYVALIK MEVKİİ HANLI BELDE ;SAKARYA;ARİFİYE;(264) 2914062;www.mnmhijyen.com;mnmhijyen.com;İİB-MOB.KAĞIT VE ORMAN İHR.BRL.
MEHMET SÜRÜCÜ - LİDER MASURA;KİRAZLI MH 1236 SK NO 12/1;İSTANBUL;BAĞCILAR;(212) 5089783;www.lidermasura.com;lidermasura.com;İİB-MOB.KAĞIT VE ORMAN İHR.BRL.
İNEGÖL SEDEF MOBİLYA SAN VE TİC.LTD.ŞTİ;MAHMUDİYE MAH. 18. MOB. SOK. NO:2 İNEGÖLERTUĞRULGAZI CAD.NO.48;BURSA;İNEGÖL;(224) 7185577;www.sedi.com.tr;sedi.com.tr;İİB-MOB.KAĞIT VE ORMAN İHR.BRL.
MAKS MİMARLIK MÜH. DANIŞ. TURZ. SAN. VE TİC. A.Ş.;PETROL İŞ MAH. RAHVANLAR CAD. NO:6İÇ KAPI NO: 8;İSTANBUL;KARTAL;(216) 4715376;www.maksmimarlık.com;xn--maksmimarlk-8zb.com;İİB-MOB.KAĞIT VE ORMAN İHR.BRL.
DİLGET İNŞAAT MİMARLIK LİMİTED ŞİRKETİ;AKTARHÜSSAM MAH. AHMET HAMDİ TANPINAR CAD.. ÖNDÜL İŞ HANI SİTESİ ÖNDÜL IŞ HANI NO: 17/107;BURSA;OSMANGAZİ;(224) 2242250;http://dilget.com;dilget.com;İİB-MOB.KAĞIT VE ORMAN İHR.BRL.
ESLER KOLTUK SAN.VE TICARET LIMITED.ŞTI.;MAHMUDIYE MAH. MEHTAP SK. NO:6;BURSA;İNEGÖL;(224) 7131352;www.eslerkoltuk.com;eslerkoltuk.com;İİB-MOB.KAĞIT VE ORMAN İHR.BRL.
İLHAN YAŞA - STAREV MOBİLYA MUTFAK AKS.;HAMİDİYE MH HASTANE CD NO 19A;BURSA;İNEGÖL;(224) 0000000;www.starev.com.tr;starev.com.tr;İİB-MOB.KAĞIT VE ORMAN İHR.BRL.
LERONA MOBILYA TIC. LTD. ŞTI.;ACISU MAH. ŞEHİR ÖMER HALİS DEMİR CAD.NO.9;KOCAELI;KARTEPE;(262) 3534434;www.lerona.com;lerona.com;İİB-MOB.KAĞIT VE ORMAN İHR.BRL.
MERCAN BALIKÇILIK MALZEMELERİ TİC. VE SAN. LTD. ŞTİ. ;KURTPINAR OSB MH.ATATÜRK CD.23 SK.NO:10;TEKIRDAĞ;MURATLI;(282) 3737858;www.mercanltd.com;mercanltd.com;İİB-MOB.KAĞIT VE ORMAN İHR.BRL.
AYKUT BASIM YAYIN MATBAACILIK SAN.VE TİC.LTD.ŞTİN;FİRUZKÖY MAH. A BLOK MEZARLIK ÜSTÜ CAD.NO:24 İÇ KAPI NO:26 ;İSTANBUL;AVCILAR;(212) 4285274;www.aykutbasim.com.tr;aykutbasim.com.tr;İİB-MOB.KAĞIT VE ORMAN İHR.BRL.
SEÇKİN DENTAL VE MEDİKAL SAĞLIK ÜRÜNLERİ SANAYİ VE TİCARET LİMİTED ŞİRKETİ;TOPÇULAR MAH. RAMİ KIŞLA CAD. APEKÜRETMEN İŞ MERKEZİ A BLOK NO: 61 İÇ KAPI NO: 197;İSTANBUL;EYÜP;(212) 5672151;www.seckindental.com;seckindental.com;İİB-MOB.KAĞIT VE ORMAN İHR.BRL.
YURTTAŞ İNŞAAT VE ORMAN ÜRÜNLERİ SAN VE TİC. LTD. ŞTİ.;İNCİRKÖY MH.ÇUKURÇAYIR CAD.NO:21D:2;İSTANBUL;BEYKOZ;(216) 3310754;www.yurttasgunstockblanks.com;yurttasgunstockblanks.com;İİB-MOB.KAĞIT VE ORMAN İHR.BRL.
ARDEKO MİMARLIK DEKORASYON İNŞAAT LİMİTED ŞİRKETİ;İKİTELLİ MASKO MOBİLYACILAR SANAYİ SİTESİ 16 A BLOK NO:14 ;İSTANBUL;BAŞAKŞEHİR;(212) 6750755;www.ardekomobilya.com;ardekomobilya.com;İİB-MOB.KAĞIT VE ORMAN İHR.BRL.
CEKA GROUP REKLAMCILIK İNŞ. GIDA PAZ. İTH. İHR. AŞ;FETTAH BASARAN CAD. NO: 16;İSTANBUL;TUZLA;(216) 3944163;https://cekagroup.com.tr/;cekagroup.com.tr;İİB-MOB.KAĞIT VE ORMAN İHR.BRL.
CEVEKA GLOBAL İÇ VE DIŞ TİC. A.Ş.;HACI KADIN MAH. HACI KADIN 1. CAD. İMC ÇARŞISI 4.BLOK NO: 2 İÇ KAPI NO: 4312;İSTANBUL;FATİH;(212) 5057163;www.dame-tex.com;dame-tex.com;İİB-MOB.KAĞIT VE ORMAN İHR.BRL.
EROL ÇALKAYA - DİJİTON BİLİŞİM TEKNOLOJİLERİ;ABDURRAHMANGAZİ MAH. EBUBEKİR CAD. NO: 22 - 2;İSTANBUL;SANCAKTEPE;(216) 0000000;www.dijibaski.com;dijibaski.com;İİB-MOB.KAĞIT VE ORMAN İHR.BRL.
CONTİTECH LASTİK SANAYİ VE TİCARET ANONİM ŞİRKETİ;MİNARELİÇAVUŞOSB MAH. N.114 SOK. NO:10;BURSA;NİLÜFER;(224) 2805100;www.continental-lastikleri.com.tr;continental-lastikleri.com.tr;İİB-MOB.KAĞIT VE ORMAN İHR.BRL.
DEMİRKAN TURİSTİK EŞYA SAN. VE TİC. LTD. ŞTİ.;CADIRCILAR C.YORGANCILAR SOK.CAMILI HAN.NO:56/12;İSTANBUL;FATİH;02125260611;www.demirkannargile.com;demirkannargile.com;İİB-MOB.KAĞIT VE ORMAN İHR.BRL.
DABBAGH DERİ VE TEKSTİL SAN. TİC. LTD. ŞTİ.;41/1.SOK. NO.5 ;İSTANBUL;ZEYTİNBURNU;(212) 6644800;www.dabbaghtr.com;dabbaghtr.com;İİB-MOB.KAĞIT VE ORMAN İHR.BRL.
ŞENOL PLASTİK-SELAHATTIN ŞENOL;VATAN MAH. ESENLER CAD. NO:27 ;İSTANBUL;BAYRAMPAŞA;(212) 5655295;www.senolplastik.com;senolplastik.com;İİB-MOB.KAĞIT VE ORMAN İHR.BRL.
İNCİ PLASTİK VE JÜT SAN. AŞ;GEBZE PLASTİKÇİLER ORG.SAN.BÖLATATÜRK BUL.8.CD.;KOCAELI;GEBZE;(262) 7513800;www.inciplastik.com;inciplastik.com;İİB-MOB.KAĞIT VE ORMAN İHR.BRL.
GÜLBE İNŞAAT GIDA İTH. İHR. PAZ. SAN. VETİC. LTD. ŞTİ.;ETİLER MAH. NİPETİYE CAD. 100 A B C;İSTANBUL;BEŞİKTAŞ;(212) 0000000;www.pslounge.com.tr;pslounge.com.tr;İİB-MOB.KAĞIT VE ORMAN İHR.BRL.
STEEL DİZAYN TASARIM MOBİLYA VE DEKORASYON SAN TİC LTD ŞTİ;YUKARI DUDULLU MH ÖZGÜRLÜK CD NO 12A;İSTANBUL;ÜMRANİYE;(216) 0000000;www.stelldizayn.com;stelldizayn.com;İİB-MOB.KAĞIT VE ORMAN İHR.BRL.
SELEN TEKS. KIRTASİYE AMBALAJ SAN. VE TİC. LTD. ŞTİ. ;İKİTELLİ OSB MAH. ESKİ TURGUT ÖZAL CAD. HASEYAD 1. KISIM NO:26/C ;İSTANBUL;BAŞAKŞEHİR;(212) 6597310;selcup.com.tr;selcup.com.tr;İİB-MOB.KAĞIT VE ORMAN İHR.BRL.
INTER ORMAN ÜR.VE INŞ.SAN.TIC. LTD.ŞTI.;ORHANLI MAHALLESİ İRFAN CD NO:14 ;İSTANBUL;TUZLA;(216) 3945102;www.interorman.com.tr;interorman.com.tr;İİB-MOB.KAĞIT VE ORMAN İHR.BRL.
BS ITH.IHR.VE PAZ.SAN.TIC.LTD. ŞTI.;CUMHURIYET CAD.NO:191;İSTANBUL;ŞİŞLİ;(212) 2248788;www.bsveneer.com;bsveneer.com;İİB-MOB.KAĞIT VE ORMAN İHR.BRL.
İNEGÖL ADA KOLTUK SANAYİ VE TİCARET LTD.ŞTİ.;MAHMUDİYE MAH. KÜÇÜK SANAYİ SİTESİ AĞAÇ İŞLERİ BÖLÜMÜ 29.MOBİLYA.SK. NO.1;BURSA;İNEGÖL;(224) 4444395;www.adaavantgarde.com;adaavantgarde.com;İİB-MOB.KAĞIT VE ORMAN İHR.BRL.
MEGA TEKS. VE HAZ. GİY. SAN. LTD. ŞTİ. ;M.NEZIHI OZMEN M.HALDUN TANER SK. NO.21-23;İSTANBUL;GÜNGÖREN;02124823030;www.megamenwer.com;megamenwer.com;İİB-MOB.KAĞIT VE ORMAN İHR.BRL.
REKOR AHSAP AMB SAN VE TİC LTD STI;MESCİT MAH. DERVİŞ CAD. LAKSAN SAN. SİT.9. HOL NO:71;İSTANBUL;TUZLA;(216) 3945250;www.rekorpack.com;rekorpack.com;İİB-MOB.KAĞIT VE ORMAN İHR.BRL.
CANDYPOİNT ŞEKERLİ MAMÜLLER GIDA SAN.VE TİC.LTD.ŞTİ;GÜLLÜBAĞLAR MAH. TANDOĞAN CAD. NO:80 ;İSTANBUL;PENDİK;(216) 3070101;www.candypoint.com.tr;candypoint.com.tr;İİB-MOB.KAĞIT VE ORMAN İHR.BRL.
CÖMERTLER MATBAACILIK SAN. VE TİC. AŞ;DAVUTPAŞA CAD.MERKEZ EFENDİ SK.NO:1;İSTANBUL;ZEYTİNBURNU;212-613-41-60;www.comertler.com.tr;comertler.com.tr;İİB-MOB.KAĞIT VE ORMAN İHR.BRL.
ADALET DEPOLAMA TAŞIMA LOJ. OTOM. TEM. HİZM. SAN. VE TİC. LTD. ŞTİ.;YAKUPLU MERKEZ MAH. BEYSAN SANAYİ SİT. FUAR CAD. GÜNER İŞ MER. NO:15 KAT:2;İSTANBUL;BEYLİKDÜZÜ;(212) 8755026;adaletotomotiv.com.tr;adaletotomotiv.com.tr;İİB-MOB.KAĞIT VE ORMAN İHR.BRL.
KALEKALIP MAKİNA VE KALIP SANAYİ ANONİM ŞİRKETİ;TEVFIK BEY MAH. ISTIKLAL CAD.NO.29 SEFAKÖY;İSTANBUL;KÜÇÜKÇEKMECE;02126240670;www.kalekalip.com.tr;kalekalip.com.tr;İİB-MOB.KAĞIT VE ORMAN İHR.BRL.
TEKNİK KALIP VE PLASTİK SAN. VE TİC. LTD.ŞTİ.;KIŞLA CAD. PAŞMAKÇI SANAYİ SİTESİ 6. BLOKNO: 475;İSTANBUL;BAYRAMPAŞA;(212) 5014217;www.teknikkalipplastik.com;teknikkalipplastik.com;İİB-MOB.KAĞIT VE ORMAN İHR.BRL.
ZEKİDOOR  ÇELİK  KAPI VE KUYUMCULUK   SANAYİ  TİC.LTD.  ŞTİ;OSB  BAĞCILAR  GÜNGÖREN SAN .SİTESİ. 7.BLOK.NO:32/34/36 İKİTELLİ;İSTANBUL;BAŞAKŞEHİR;(212) 6712391;www.zekidoor.com.tr;zekidoor.com.tr;İİB-MOB.KAĞIT VE ORMAN İHR.BRL.
LAMP 83 AYDINLATMA SAN.VE TİC. A.Ş.;DUDULLU ORG.SAN.BÖLG. 2 CAD.NO:22 ;İSTANBUL;ÜMRANİYE;(850) 4338383;www.lemp83.com;lemp83.com;İİB-MOB.KAĞIT VE ORMAN İHR.BRL.
BABİL MOBİLYA DEK.İNŞ.TUR.GIDA SAN.TİC.LTD;B.$EHİR ORG.S.SİT.MASKO MOB.SİR. TO-E BL.N. L8;İSTANBUL;BAŞAKŞEHİR;(212) 6751086;www.babilconcept.com;babilconcept.com;İİB-MOB.KAĞIT VE ORMAN İHR.BRL.
A187 MİMARLIK MÜH.İNŞ.TAAH.LTD.ŞTİ;CUMHURİYET CAD. KAHAN İŞ MERKNO:40/8 ELMADAĞ.;İSTANBUL;ŞİŞLİ;(212) 2968785;www.atelier187.com;atelier187.com;İİB-MOB.KAĞIT VE ORMAN İHR.BRL.
İDT ETİKET MAT. TEKS. VE DERİ SAN. DIŞ TİC. LTD. ŞTİ.;MALTEPE MAH. DAVUTPAŞA ÇİFTEHAVUZLAR SOK.1. MATBAACILAR SİT. NO:2/67 ;İSTANBUL;ZEYTİNBURNU;(212) 5705799;www.indet.es;indet.es;İİB-MOB.KAĞIT VE ORMAN İHR.BRL.
SIHIR MOBILYA SAN. VE TIC.A.Ş.;"BOSTANCI,DUDULLU ASFALTINO:100(IMES KARŞISI)";İSTANBUL;ÜMRANİYE;(216) 3131081;www.sihirmobilya.com;sihirmobilya.com;İİB-MOB.KAĞIT VE ORMAN İHR.BRL.
APAK NAKLİYAT İNŞAAT SANAYİ VE TİCARET LİMİTED ŞİRKETİ;HACIHASAN MAH.ADİL ONAT CAD.28 B;KIRKLARELI;BABAESKİ;(288) 5121708;www.apakinsaat.com.tr;apakinsaat.com.tr;İİB-MOB.KAĞIT VE ORMAN İHR.BRL.
F.E.R.O.S MÜM.DANŞ.VE TİC.LTD. ŞTİ;YALI YOLU IPEKÇI SOKAK NO:14;İSTANBUL; ;(216) 4640060;www.feros.com.tr;feros.com.tr;İİB-MOB.KAĞIT VE ORMAN İHR.BRL.
ALESTA ORMAN ÜRÜNLERİ MOB.SAN.VE TİC.LTD.ŞTİ.;KOZLUK M. D100 YANYOL C. NO:40;SAKARYA;ERENLER;(264) 2910465;www.alestamobilya.com;alestamobilya.com;İİB-MOB.KAĞIT VE ORMAN İHR.BRL.
SEBAHATTİN AKPOLAT;MOBESE MOB. SİT. E BLOK NO:5-6;KOCAELI;KARTEPE;;www.buketmobilya.com.tr;buketmobilya.com.tr;İİB-MOB.KAĞIT VE ORMAN İHR.BRL.
HASRENK İÇ DIŞ SANAYİ VE TİCARET LİMİTED ŞİRKETİ;ANADOLU MH. 2.ZORLU SK. NO:1 B/Z2;BURSA;YILDIRIM;;www.hasrenk.com;hasrenk.com;İİB-MOB.KAĞIT VE ORMAN İHR.BRL.
ALTUNKAYA KİMYA SAN. VE TİC. LTD. ŞTİ.;ALEMDAĞ CD .SIT.YOL.AK SAN. SİT. 2.KSMA BLOK NO:23-24-25;İSTANBUL;ÜMRANİYE;02166344466;www.altunkayakimya.com.tr;altunkayakimya.com.tr;İİB-MOB.KAĞIT VE ORMAN İHR.BRL.
HESAŞ HED.EŞYA SAN.VE TİC.A.Ş;MEHMET NEZİF ÖZMEN MAH. ŞİMŞİRSOK. NO.13;İSTANBUL;GÜNGÖREN;02125562811;www.hesas.com.tr;hesas.com.tr;İİB-MOB.KAĞIT VE ORMAN İHR.BRL.
ART AND BUSİNESS ULUSLARARASI TAŞ.VE TİC.LTD.ŞTİ.;KÜÇÜKBAKKALKÖY MAH. DEREBOYU CAD. NO : 3A KAT 15 D:96 ;İSTANBUL;ATAŞEHİR;(216) 5193292;https://abtasimacilik.com/;abtasimacilik.com;İİB-MOB.KAĞIT VE ORMAN İHR.BRL.
MURAT MAKARA İMALAT SANAYİ VE TİCARET LİMİTED ŞİRKETİ;HADIMKÖY MAH.ÜRGÜPLÜ CAD. NO:10 İÇ KAPI NO:3;İSTANBUL;ARNAVUTKÖY;(212) 7711150;http://www.muratmakara.com.tr;muratmakara.com.tr;İİB-MOB.KAĞIT VE ORMAN İHR.BRL.
FATİH KIRAL MOBILYA  VE DEKORASYON SAN.TİC.A Ş;ÖMKERLİ MH. BEYKOZ CAD. NO:9;İSTANBUL;ÇEKMEKÖY;(216) 3603443;www.fatihkiral.com;fatihkiral.com;İİB-MOB.KAĞIT VE ORMAN İHR.BRL.
ÜÇ- GÜL KAĞITÇILIK VE PAZ SAN VE TİC.LTD.ŞTİ; MALTEPE MAH. DAVUTPAŞA CAD.NO:125 KAT:2;İSTANBUL;ZEYTİNBURNU;(212) 4829050;www.ucgulkagit.com;ucgulkagit.com;İİB-MOB.KAĞIT VE ORMAN İHR.BRL.
AGROPRO GIDA TURİZM MAK. SAN VE DIŞ TİC.LTD.ŞTİ.;CEVİZLİ MAH. YEŞİL SOK  NO:1 D ;İSTANBUL;MALTEPE;(216) 4427722;www.agroprogida.com.tr;agroprogida.com.tr;İİB-MOB.KAĞIT VE ORMAN İHR.BRL.
SAFA AMBALAJ MATBAA SAN. TİC. LTD. ŞTİ.;İKİTELLİ OSB MAH. SARAÇLAR 10. BLOK SK. SARAÇLAR SSANAYİ SİTESİ 10.BLOK NO: 18 İÇ KAPI NO: 1;İSTANBUL;BAŞAKŞEHİR;(212) 0000000;http://safa-ambalaj.com;safa-ambalaj.com;İİB-MOB.KAĞIT VE ORMAN İHR.BRL.
SRL MOBİLYA KAPI MUTFAK İML İHR SAN TİC LTD ŞTİ;YAKUPLU MH HARAMİDERE CD A NO 34 M10;İSTANBUL;BEYLİKDÜZÜ;(212) 8767675;www.istanbulkapi.com;istanbulkapi.com;İİB-MOB.KAĞIT VE ORMAN İHR.BRL.
OSKAD MİMARLIK MÜHENDİSLİK İNŞAAT TAAHHÜT SANAYİ VE TİCARET ANONİM ŞİRKETİ;AKAT MAH.HARE SK.2.SÖLTAŞ EVLERİ SİTESİ K-15 BLOK NO:2;İSTANBUL;BEŞİKTAŞ;(212) 5740052;http://www.oskad.com;oskad.com;İİB-MOB.KAĞIT VE ORMAN İHR.BRL.
L'OREAL TÜRKİYE KOZM.SAN.VE TİC.A.Ş.;EBULULA CD. MAYA PARK TOWER1;İSTANBUL;BEŞİKTAŞ;(850) 2213200;www.loreal.com.tr;loreal.com.tr;İİB-MOB.KAĞIT VE ORMAN İHR.BRL.
TREND SANATSAL HİZMETLER VE ORG. DIŞ TİC. LTD. ŞTİ.;CAFERAĞA MH.SAKIZGÜLÜ SK.GÖYNÜK APT.N:24/5;İSTANBUL;KADIKÖY;(216) 4505490;www.dovmemalzemesi.com;dovmemalzemesi.com;İİB-MOB.KAĞIT VE ORMAN İHR.BRL.
BUGİMEKS TEKS.ELEK-ELEKTRO.GID.HAYV.NAK.TUR.PE. İNŞ.İLET.SAN.VE TİC.LTD.ŞTİ.;BAĞLARBAŞI MAH.HÜRRİYET CADDE NO.323 5/7;BURSA;OSMANGAZİ;(224) 2473033;http://www.bugimeks.com.tr;bugimeks.com.tr;İİB-MOB.KAĞIT VE ORMAN İHR.BRL.
ETI MIMARLIK DEKORASYON INŞAAT TAAHHÜT TİCARET ANONİM ŞİRKETİ;Y.OGUZ GOKER CAD.8 GAZETICILERSIT. A-2 NO 60;İSTANBUL;BEŞİKTAŞ;02122684040;www.etimimarlik.com;etimimarlik.com;İİB-MOB.KAĞIT VE ORMAN İHR.BRL.
AVC MOBILYA TEKSTIL TICARET VE SANAYI LIMITED SIRKETI;ERENLER MAH. 1272 SK. NO: 16 IÇ KAPI NO: 2;SAKARYA;ERENLER;(264) 0000000;https://www.awctrade.com/;awctrade.com;İİB-MOB.KAĞIT VE ORMAN İHR.BRL.
TİTİ MOBİLYA PLASTİK TEKSTİL TİCARET VE SANAYİ LTD.ŞTİ.;MAHMUDİYE MAH.AĞAÇ İŞLERİ KÜÇÜK SANAYİ SİTESİ TANDOĞAN CAD. 21 SOK NO:3 17.SK. NO.19;BURSA;İNEGÖL;(224) 7186023;www.titi.com.tr;titi.com.tr;İİB-MOB.KAĞIT VE ORMAN İHR.BRL.
RANI MOBILYA SANAYI VE TICARET LIMITED SIRKETI;YALINTAS MAH. 518 SK. NO: 13;BURSA;MUSTAFAKEMALPAŞA;(224) 0000000;www.rani.com.tr;rani.com.tr;İİB-MOB.KAĞIT VE ORMAN İHR.BRL.
NRG GROUP PELET IÇ VE DIS TICARET ANONIM SIRKETI;İNKILAP MAH. UMMAN SK. NO: 4 İÇ KAPI NO: 1 ;İSTANBUL;ÜMRANİYE;(212) 2453333;http://nrggrouptr.com;nrggrouptr.com;İİB-MOB.KAĞIT VE ORMAN İHR.BRL.
ENTIDECOR MIMARLIK İNŞAAT TAAHHÜT AHŞAP SANAYI YAPI MALZEMELERİ DEKORASYON İTHALAT İHRACAT LTD. ŞTİ.;ESENLER MAH. KAHRAMANLAR CAD. NO:59 İÇ KAPI NO:1;İSTANBUL;PENDİK;(216) 2905181;http://www.entidecor.com;entidecor.com;İİB-MOB.KAĞIT VE ORMAN İHR.BRL.
İNAN PLASTİK MAKİNALARI SANAYİ VE TİCARET ANONİM ŞİRKETİ;IKITELLI ORG SAN BÖL.PIK DÖKÜMCÜLER SAN SIT.A1BLOK NO:12;İSTANBUL;BAŞAKŞEHİR;(282) 6745022;www.inanplastics.com;inanplastics.com;İİB-MOB.KAĞIT VE ORMAN İHR.BRL.
EVERGEE MÜHENDİSLİK LTD.ŞTİ.;BARBAROS MAH.AKZAMBAK SOKAK UPHİLL COURT SİTESİ NUMARA:3/A 48;İSTANBUL;ATAŞEHİR;(216) 6886686;www.evergee.com.tr;evergee.com.tr;İİB-MOB.KAĞIT VE ORMAN İHR.BRL.
PARKENFLOOR İNŞAAT YAPI VE ORMAN ÜRÜNLERİ SANAYİ VE TİCARET LİMİTED ŞİRKETİ;SOĞANLIK YENİ MAH. BALIKESİR CAD. TEKNİK YAPIUPRİSE ELİTE RES. NO :6 İÇ KAPI NO: 186;İSTANBUL;KARTAL;(216) 0000000;www.parkenfloor.com;parkenfloor.com;İİB-MOB.KAĞIT VE ORMAN İHR.BRL.
LACİVERT GROUP DIŞ TİCARET LTD.ŞTİ.;İNÖNÜ MAH. ALPKAYA CAD. KESTEL APT. NO:58/7 ;İSTANBUL;ATAŞEHİR;(216) 5768866;http://www.lacivertgroup.com;lacivertgroup.com;İİB-MOB.KAĞIT VE ORMAN İHR.BRL.
DMA GROUP POLİMER HAM. VE İNŞ. MALZ. TİC. LTD. ŞTİ.;DUMLUPINAR MH YENICAG CD ULUDAG SK NO:1 D:5;İSTANBUL;PENDİK;(216) 8039999;http://www.dmapolimer.com;dmapolimer.com;İİB-MOB.KAĞIT VE ORMAN İHR.BRL.
ERDAL TÜRKMEN VE ORTAKLARI;AĞAÇ İŞLERİ KÜÇÜK SAN.MAHMUDİYE MAH.. 30.SOKAK NO.4;BURSA;İNEGÖL;(224) 7185527;www.nestmobilya.com;nestmobilya.com;İİB-MOB.KAĞIT VE ORMAN İHR.BRL.
GÜNGÖRLER KOLTUK MİMARLIK MOBİLYA SANAYİ TİCARET LTD.ŞTİ.;OSMANİYE MAH. GENÇLER SOK MUZAFFER MOBİLYA NO:14;BURSA;İNEGÖL;(224) 7153677;www.curizon.com.tr;curizon.com.tr;İİB-MOB.KAĞIT VE ORMAN İHR.BRL.
ÇINAR DEFTER SAN.VE TIC.LTD. ŞTI;İSTOÇ TİC. MERKZ. 18. ADA NO:134BAĞCILAR;İSTANBUL;BAĞCILAR;(212) 6599827;www.cinardefter.com;cinardefter.com;İİB-MOB.KAĞIT VE ORMAN İHR.BRL.
DUNA DIS TICARET LTD.STI.;PERPA TICARET MERKEZI B BLOKK.2 NO.75;İSTANBUL;ŞİŞLİ;02122227220;www.duna.com.tr;duna.com.tr;İİB-MOB.KAĞIT VE ORMAN İHR.BRL.
THEREPLİKA MATBAACILIK YAYIN ORG.REKL.İÇ VE DIŞ TİC.LTD.ŞTİ;SULTANSELİM MAH. AKYOL SİTESİ ÇIKMAZI NO:6 İÇ KAPINO:1;İSTANBUL;KAĞITHANE;(212) 0000000;www.thereplika.com;thereplika.com;İİB-MOB.KAĞIT VE ORMAN İHR.BRL.
EMEK OZEL CIVATA SANAYI VE TICARET LTD.STI.;ORG. SAN. BÖLG. 7.CAD.NO:6;ESKIŞEHIR;Merkez;02222360739;www.petekkagit.com;petekkagit.com;İİB-MOB.KAĞIT VE ORMAN İHR.BRL.
FEKET BASKI  EKİPMANLARI İML SAN VE TİC.LTD.ŞTİ;İKİTELLİ ORG SAN BÖL BİKSAN SAN SİT B-1 BLOK NO:40-41;İSTANBUL;BAŞAKŞEHİR;(212) 4857510;www.feket.com.tr;feket.com.tr;İİB-MOB.KAĞIT VE ORMAN İHR.BRL.
TOLGA MATB. PLASTIK KIRTASIYE SAN. VE TIC. LTD. ŞTI.;LITROS YOLU FATİH SANAYİ SİTESİNO: 12 /190 - 196;İSTANBUL;TUZLA;(212) 5011887;www.tolgamatbaa.com;tolgamatbaa.com;İİB-MOB.KAĞIT VE ORMAN İHR.BRL.
İNTER LOJİSTİK ANONİM ŞİRKETİ;GÜZELYALI MAH ERDİL SK NO:34 İÇ KAPI NO:1;İSTANBUL;TUZLA;(216) 4446185;http://www.interlojistik.com.tr;interlojistik.com.tr;İİB-MOB.KAĞIT VE ORMAN İHR.BRL.
DOSTGLASS CAM LTD ŞTİ;ÇERKEŞLİOSB  MAH.İMES-18 CAD 7/2MERKEZ KÖYÜ MERKEZ BUCAĞI ;KOCAELI;DİLOVASI;(262) 2909739;www.gdffurniture.com;gdffurniture.com;İİB-MOB.KAĞIT VE ORMAN İHR.BRL.
ENCO LOJİSTİK VE TİC. AŞ;BASIN EKSPRES YOLU CEMAL ULUSOY CAD.ENCO TESISLERI NO.57;İSTANBUL;BAHÇELİEVLER;(212) 4735400;http://www.enco.com.tr;enco.com.tr;İİB-MOB.KAĞIT VE ORMAN İHR.BRL.
MELODİ DIŞ TİCARET LİMİTED ŞİRKETİ;İSTOÇ TOP.ÇARŞISI Z BLOK NO:1;İSTANBUL;BAĞCILAR;(212) 6591910;www.melodiltd.com.tr;melodiltd.com.tr;İİB-MOB.KAĞIT VE ORMAN İHR.BRL.
ZEYNEP BEŞEL;SANCAKLAR MAHALLESİ KUYUMCU CADDESİ NO:33/2;DÜZCE;DÜZCE;(380) 0000000;http://www.redwoodotantik.com;redwoodotantik.com;İİB-MOB.KAĞIT VE ORMAN İHR.BRL.
LOOTUS TEKSTİL İTH. İHR. DAN. SAN TİC. LTD. ŞTİ.;HANLIKÖY MH. HAN SK. NO: 5/1;SAKARYA;ARİFİYE;(264) 5030804;www.lootus.com.tr;lootus.com.tr;İİB-MOB.KAĞIT VE ORMAN İHR.BRL.
İNTER KUTU AMB ÜRETİM VE PAZ.SAN TİC.LTD.ŞTİ.;ÇAKIL MAH. ERAY SOKAK  NO:12;İSTANBUL;ÇATALCA;(212) 7714151;www.interkutu.com.tr;interkutu.com.tr;İİB-MOB.KAĞIT VE ORMAN İHR.BRL.
MERVE GRAFIK MAT SAN VE TIC LTD.;MALTEPE MAH. LİTROS YOLU SOKAK NO:2/4  ;İSTANBUL;ZEYTİNBURNU;(212) 6121013;mervegrafik@hs02.kep.tr;hs02.kep.tr;İİB-MOB.KAĞIT VE ORMAN İHR.BRL.
KUL MOBİLYA HALI MEF.ZÜC.DAY.TÜK.MAL.İNŞ.SAN.VE TİC.LTD.ŞTİ.;YALINTAŞ MH.530. SK.NO:37;BURSA;MUSTAFAKEMALPAŞA;(224) 6180497;www.kulmobilya.com;kulmobilya.com;İİB-MOB.KAĞIT VE ORMAN İHR.BRL.
MOBEYS DIŞ TİC.LTD.ŞTİ.;CUMHURİYET MAH.YILDIRIM BEYAZIT CAD.NO:5/2A;BURSA;İNEGÖL;(224) 7148643;www.boztaspremium.com;boztaspremium.com;İİB-MOB.KAĞIT VE ORMAN İHR.BRL.
TEKBA GIDA İÇ VE DIŞ TİC. LTD. ŞTİ. ;ÇATALCA YOLU CD.TERRA ULUS.TAŞM.NO:462/1;İSTANBUL;BÜYÜKÇEKMECE;(212) 5681888;www.tkbaunlumamulleri.com;tkbaunlumamulleri.com;İİB-MOB.KAĞIT VE ORMAN İHR.BRL.
SAHRA GLOBAL DIŞ TİC. AŞ;GENÇTÜRK CAD.AHMET SELAHATTİN SOK. NO:12/1 ;İSTANBUL;FATİH;(212) 4449747;www.sahragroup.com;sahragroup.com;İİB-MOB.KAĞIT VE ORMAN İHR.BRL.
TAÇ KAUÇUK POLİÜRETAN SAN.VE TİC.LTD.ŞTİ.;M.AKİF MAH.ACIBADEM SOK.NO.33/A TAŞOLUK BELDESİ;İSTANBUL;GAZİOSMANPAŞA;(212) 6821590;www.tackaucuk.com;tackaucuk.com;İİB-MOB.KAĞIT VE ORMAN İHR.BRL.
METALAKS MAKİNE METAL SAN. TİC. A.Ş.;CUMHURİYET MAH. ÇALI KAVAK SOK NO:9 ;BURSA;İNEGÖL;(224) 7141055;www.mtsmetalsan.com;mtsmetalsan.com;İİB-MOB.KAĞIT VE ORMAN İHR.BRL.
GÜNER EKSPORT HEDİYELİK EŞYA TİCARET LİMİTED ŞİRKETİ;MEHMET AKİF CAD.UZUN SOK.NO:1DOĞAN İŞ MERKEZİ KAT:1;İSTANBUL; ;(212) 6371718;www.gunereksport.com.tr;gunereksport.com.tr;İİB-MOB.KAĞIT VE ORMAN İHR.BRL.
KARAASLAN AHŞAP MOBİLYA İNŞAAT HAFRİYAT TAAH. SAN. VE TİC. LTD. ŞTİ.;FATİH MH. HOCA AHMET YESEVİ CD. NO. 46;KOCAELI;BAŞİSKELE;(262) 3442119;http://karaaslanmobilya.com;karaaslanmobilya.com;İİB-MOB.KAĞIT VE ORMAN İHR.BRL.
BOMBE KUTU AMBALAJ MATBAA VE GIDA SANAYİ TİCARET LİMİTED ŞİRKETİ;BEYLİKDÜZÜ OSB MAH. 13. CAD. NO:13/1;İSTANBUL;BEYLİKDÜZÜ;(212) 8767386;http://www.bombekutu.com;bombekutu.com;İİB-MOB.KAĞIT VE ORMAN İHR.BRL.
EGE-TEK ELEKTRONIK ITH.SAN. VE TIC.LTD.STI.;ATATURK CAD. (1.KORDON)NO.354 D.1;İZMİR;KONAK;02324227172;www.egetekltd.com.tr;egetekltd.com.tr;İİB-MOB.KAĞIT VE ORMAN İHR.BRL.
PARSAT PISTON DAĞTIM TICARET SANAYİ ANONİM ŞİRKETİ;FIRUZKÖY YOLU BAĞLARİÇİ CAD. NO:4;İSTANBUL;AVCILAR;(212) 5900794;www.parsatpiston.com;parsatpiston.com;İİB-MOB.KAĞIT VE ORMAN İHR.BRL.
ALKIM TEKS. SAN. VE TİC. AŞ;SAN BİR BULV. 5.BÖLGE 26.CD.  NO:22;İSTANBUL;ESENYURT;(212) 8580681;www.alkimtex.com;alkimtex.com;İİB-MOB.KAĞIT VE ORMAN İHR.BRL.
ABM AMBALAJ BASIM MERKEZİ.VE ETİKET SAN.DIŞ TİC.LTDŞTİ;İSMETPAŞA MAH.HİSAR SOK ÜSTÜN İŞ HANI NO:20 KAT:2 45-52 ;İSTANBUL;BAYRAMPAŞA;(212) 5654870;www.abmetiket.com.tr;abmetiket.com.tr;İİB-MOB.KAĞIT VE ORMAN İHR.BRL.
TALAT MATBAACILIK VE DERİ MAM. TİC. AŞ;ESENYURT YOLU ERGÜVEN SK.NO:4;İSTANBUL;AVCILAR;(212) 6949481;www.talat.com.tr;talat.com.tr;İİB-MOB.KAĞIT VE ORMAN İHR.BRL.
SEZGINLER MAK.SAN.VE TIC.A.Ş.;3 EVLER MAH. NİLÜFER TİCARET MERKEZİ 65.SOK NO:04NİLÜFER/BURSA;BURSA;NİLÜFER;02242545781;www.sezginlermakina.com.tr;sezginlermakina.com.tr;İİB-MOB.KAĞIT VE ORMAN İHR.BRL.
DOĞA ETİKET VE AMBALAJ SAN.TİC A.Ş.;AYDINLI MAH. İSTANBUL ANADOLU YAKASI O.S.B. GAZİ BULVARI NO:6;İSTANBUL;TUZLA;(216) 5931593;http://www.doguetiket.com;doguetiket.com;İİB-MOB.KAĞIT VE ORMAN İHR.BRL.
PETEK SARACİYE SAN. VE TİC. AŞ;GÜMÜŞSUYU CAD 332. SOKAK NO:3/2;İSTANBUL;ZEYTİNBURNU;(212) 6132450;www.petek.com;petek.com;İİB-MOB.KAĞIT VE ORMAN İHR.BRL.
TALU TEKSTİL SAN. VE TİC. AŞ ;MAHMUTBEY MAH. PEYAMİ SAFA CAD. NO:49-51;İSTANBUL;BAĞCILAR;(212) 4464165;www.taluteks.com;taluteks.com;İİB-MOB.KAĞIT VE ORMAN İHR.BRL.
SAİDE GROUP DIŞ TİCARET AŞ;YALÇIN KOREŞ CD.ARİFAĞA SK.SAİDE İŞ MRKZ.NO:25;İSTANBUL;BAHÇELİEVLER;(212) 6394100;www.saide.com.tr;saide.com.tr;İİB-MOB.KAĞIT VE ORMAN İHR.BRL.
ALKAN MOBILYA DEKORASYON İNŞ.BİLG.TEKSTİL SAN.VE TIC.LTD.ŞTI.;ÇAĞLAYAN MAH.VATAN CADDESİ MEHMET AKIF SOKAK.NO:4;İSTANBUL;KAĞITHANE;(212) 2413092;www.alkanmobilya.net;alkanmobilya.net;İİB-MOB.KAĞIT VE ORMAN İHR.BRL.
BAŞAK KAĞITÇILIK SAN.VE TIC. LTD.ŞTI;"İKİTELLİ OSB, ATATÜRK BULVARI TURGUT ÖZAL CAD. NO:128/1";İSTANBUL;BAŞAKŞEHİR;(212) 5497191;www.basakpaper.com.tr;basakpaper.com.tr;İİB-MOB.KAĞIT VE ORMAN İHR.BRL.
ROYAL PARTY SÜS VE AMBALAJ MALZEMELERİ İÇ VE DIŞ TİCARET LİMİTED ŞİRKETİ;MAHMUTBEY MAH. 2450. SK. NO: 86;İSTANBUL;BAĞCILAR;(212) 0000000;https://www.tahtakaledenal.com/;tahtakaledenal.com;İİB-MOB.KAĞIT VE ORMAN İHR.BRL.
DOĞAN ÇORAP TEKS. SAN. VE TİC. LTD. ŞTİ. ;ORG.SAN.BÖLG.ÇORAPÇILAR SİT.C BLK.NO:1/5;İSTANBUL;BAŞAKŞEHİR;(212) 4859505;www.dogancorap.com.tr;dogancorap.com.tr;İİB-MOB.KAĞIT VE ORMAN İHR.BRL.
İKİKEREİKİ REKLAM MATBAA VE TANITIM HIZ.SAN.VE TIC.LTD.ŞTI.;HÜDAVENDIGAR MH. KANAL CDBAYINDIR SK TOKER APT NO:5/2;BURSA;OSMANGAZİ;(224) 2392400;www.ikikereiki.com.tr;ikikereiki.com.tr;İİB-MOB.KAĞIT VE ORMAN İHR.BRL.
SİA MOORE MİMARLIK DEKORASYON VE İNŞAAT SANAYİDIŞ TİCARET ANONİM ŞİRKETİ;CADDEBOSTAN MAH.KANTARCI RIZA SOK.NO:2 K:10 D:19;İSTANBUL;KADIKÖY;(216) 6885510;www.siamoore.com;siamoore.com;İİB-MOB.KAĞIT VE ORMAN İHR.BRL.
CEM BOTANİK PEYZAJ PROJE VE UYGULAMA A.Ş.;ÇENGELDERE MAH.ÇENGELDERE CAD.NO:120 ÇAVUŞBAŞI;İSTANBUL;BEYKOZ;(216) 4791980;www.cembotanic.com.tr;cembotanic.com.tr;İİB-MOB.KAĞIT VE ORMAN İHR.BRL.
BARAN GLOBAL LOJİSTİK ANONİM ŞİRKETİ;KONAKLAR MH. MEŞELİ SK. NO:20;İSTANBUL;BEŞİKTAŞ;(212) 8754492;https://baranlojistik.com.tr;baranlojistik.com.tr;İİB-MOB.KAĞIT VE ORMAN İHR.BRL.
CA PUZZLE VE OYUNCAK SANAYİ TİCARET AŞ;BEYLİKDÜZÜ OSB MAH .4.CAD NAKIPOGLU İŞ MERKEZİ NO:4;İSTANBUL;BEYLİKDÜZÜ;(212) 4877777;https://cagames.com.tr/;cagames.com.tr;İİB-MOB.KAĞIT VE ORMAN İHR.BRL.
ALİ BURKAY;GÜLBAHÇE MAH. VARDAR CAD. NO:52;BURSA;OSMANGAZİ;(224) 0000000;http://www.kumantekstil.com;kumantekstil.com;İİB-MOB.KAĞIT VE ORMAN İHR.BRL.
PLUSSTAND MİMARİ TASARIM A.Ş.;ŞİŞLİ MERKEZ MAH.HASAT SOKAK NUMARA:58/6;İSTANBUL;ŞİŞLİ;(212) 2332424;www.plusstand.com;plusstand.com;İİB-MOB.KAĞIT VE ORMAN İHR.BRL.
VAİLLANT ISI SANAYİ VE TİCARET LTD.ŞTİ.;BAHÇELIEVLER MAH. BOSNABULVARI NO:146;İSTANBUL;ÜSKÜDAR;02165588000;www.vaillant.com.tr;vaillant.com.tr;İİB-MOB.KAĞIT VE ORMAN İHR.BRL.
LANTANA PARKE SAN. INŞAAT TIC. A.Ş.;FENER KALAMIŞ CAD. NO:52;İSTANBUL;KADIKÖY;(216) 4144457;www.lantanaparke.com;lantanaparke.com;İİB-MOB.KAĞIT VE ORMAN İHR.BRL.
KEMALİYE KATI YAKIT SAN VE DIŞ TİC.A.Ş;AYAZAĞA MAH. KEMERBURGAZ CAD. NO:32/1;İSTANBUL;SARIYER;(212) 2509982;www.kemaliyekomur.com;kemaliyekomur.com;İİB-MOB.KAĞIT VE ORMAN İHR.BRL.
MİS SAĞLIK ÜR. TEKS. SAN. VE TİC. LTD. ŞTİ. ;FIRAT SOK. NO:7/2;İSTANBUL;KÜÇÜKÇEKMECE;(212) 7775424;www.missaglik.com;missaglik.com;İİB-MOB.KAĞIT VE ORMAN İHR.BRL.
3A OFIS MOBILYALARI INSAAT SANAYI VE TICARET LIMITED SIRKETI;YUKARI DUDULLU MAH. 3. CAD. NO:226A/A ;İSTANBUL;ÜMRANİYE;(216) 6751122;www.zivella.com;zivella.com;İİB-MOB.KAĞIT VE ORMAN İHR.BRL.
BAHÇEMODA PARK BAHÇE VE ORMAN ÜRÜNLERİ SAN TİC LTD ŞTİ;ÜÇEVLER MAH 37.(220) SOK KÜÇÜK SANAYİ 76.BLOK ;BURSA;NİLÜFER;(224) 4510247;www.bahcemoda.com;bahcemoda.com;İİB-MOB.KAĞIT VE ORMAN İHR.BRL.
SMART PAPER TURKEY KAĞIT MALZEMELERİ SANAYİ VE TİCARET ANONİM ŞİRKETİ;GAYRETTEPE MAHALLESİ PAZAR SOKAK BARELI PLAZA NO : 2-4 İÇ KAPI NO : 2;İSTANBUL;BEŞİKTAŞ;(212) 9180918; https://www.smartpapercups.com/ ;smartpapercups.com;İİB-MOB.KAĞIT VE ORMAN İHR.BRL.
AY BASIMEVİ VE REKLAMCILIK LTD. ŞTİ.;MALTEPE MAH. LİTROS YOLU SKB BLOK NO:2-4B/1B24;İSTANBUL;ZEYTİNBURNU;(212) 0000000;https://www.aybasim.com/;aybasim.com;İİB-MOB.KAĞIT VE ORMAN İHR.BRL.
NEHİR OFİS MOBİLYALARI  SAN.VE TİC.LTD.ŞTİ;ÇAĞLAYAN MAH.KAĞITHANE CAD.NO:68;İSTANBUL;KAĞITHANE;(212) 2220707;www.nehirofismobilyasi.com;nehirofismobilyasi.com;İİB-MOB.KAĞIT VE ORMAN İHR.BRL.
COLORİST AKADEMİ MATBAACILIK KARTON AMBALAJ SANAYİ TİCARET ANONİM ŞİRKETİ;YEŞILCE MAH.YILMAZ SOK.NO:3   ;İSTANBUL;KAĞITHANE;(212) 2707878;www.coloristakademi.com;coloristakademi.com;İİB-MOB.KAĞIT VE ORMAN İHR.BRL.
ÖMER FARUK DEMİRTAŞ;MAHMUDİYE MAH.AĞAÇ İŞLERİ BÖLÜMÜ TANDOĞAN CAD. 16.SOK NO:7;BURSA;İNEGÖL;(224) 7151724;www.assiakoltuk.com;assiakoltuk.com;İİB-MOB.KAĞIT VE ORMAN İHR.BRL.
ZİZ CARGO LOJİSTİK TURZ.İNŞ.GIDA TEKS GÜMRÜK.VE PETROL.ÜRÜNL.SAN.TİC.LTD.ŞTİ;CERRAHPAŞA MAH.HEKİMOĞLU ALİ PAŞA CAD.149 MUZAFFER APT.D:3 ;İSTANBUL;FATİH;(212) 5308469;www.zizcargo.com;zizcargo.com;İİB-MOB.KAĞIT VE ORMAN İHR.BRL.
MARMARA PACK ULUSLARARASI KAĞIT SANAYİ TİCARET LİMİTED ŞİRKET;EYÜP SULTAN MAH SEKMEN CAD NO 14 ;İSTANBUL;SANCAKTEPE;(216) 3120053;http://www.marmarapack.com.tr;marmarapack.com.tr;İİB-MOB.KAĞIT VE ORMAN İHR.BRL.
FIDANOĞLU MOB.IML.PAZ.SAN.VE TIC.LTD.ŞTI.;SERDİVAN İSTİKLAL MAH. ÇARK SAN. EGEMEN SOK. NO:6 SERDİVAN SAKARYAŞUBE:CERRAH MAH. ESKI IPEK CAD. NO:33 INEGÖL-BURSA;SAKARYA;SERDİVAN;(264) 3534422;www.novakhomeconcept.com;novakhomeconcept.com;İİB-MOB.KAĞIT VE ORMAN İHR.BRL.
DÖRT DEKORASYON  TASARIM SANAYİ VE TİCARET LİMİTED ŞİRKETİ;ÇUBUKLU CADDE ÇUBUKLU İSKELE KARŞI NO:4/1;İSTANBUL;BEYKOZ;(216) 4254300;www.fourandmore.com.tr;fourandmore.com.tr;İİB-MOB.KAĞIT VE ORMAN İHR.BRL.
ANTRADE MOBİLYA DIŞ TİCARET LİMİTED ŞİRKETİ;ÇELİKTEPE MAH. İSMET İNÖNÜ CAD. YILDIRIMLAR IŞ MERNO: 11 İÇ KAPI NO: 502 ;İSTANBUL;KAĞITHANE;(212) 2886057;http://www.topsıt.de;xn--topst-q4a.de;İİB-MOB.KAĞIT VE ORMAN İHR.BRL.
KINGWOOD İTHALAT VE İHRACAT LİMİTED ŞİRKETİ;ATATÜRK MAH.ALEMDAĞ CAD. ULUÇAY AP.NO:18 İ.K:12;İSTANBUL;ÜMRANİYE;(216) 0000000;http://www.kingwood.tr;kingwood.tr;İİB-MOB.KAĞIT VE ORMAN İHR.BRL.
ATASAR AMB.SAN.VE TİC.LTD.ŞTİ;MALTEPE MAH. GÜMÜŞSUYU CAD. TOPKAPI CENTER İŞ MERKEZİ NO:28/303;İSTANBUL;ZEYTİNBURNU;(212) 6744959;www.atasar.com;atasar.com;İİB-MOB.KAĞIT VE ORMAN İHR.BRL.
GÜL-MAT OFSET MATBACILIK  AMBALAJ REKLAM VE ORGANİZASYON TEKSTİL GIDA NAK. SAN. VE  TIC. LTD. ŞTİ.;KAZIM KARABEKİR MAH.2KARAAĞAÇ SOK.NO:27 YILDIRIM BURSA 16260 YILDIRIM;BURSA;YILDIRIM;(224) 3686161;www.gulmat.com;gulmat.com;İİB-MOB.KAĞIT VE ORMAN İHR.BRL.
KİTABI MUKADDES YAYINCILIK MATBAA SANAYİ VE TURİZM TİCARET ANONİM ŞİRKETİ;ŞAHKULU MAH. İSTİKLAL CAD. NO:237/3 BEYOĞLU;İSTANBUL;BEYOĞLU;(212) 5125991;http://www.kitabimukaddes.com;kitabimukaddes.com;İİB-MOB.KAĞIT VE ORMAN İHR.BRL.
ALLS MOBİLYA TEKSTİL GIDA İNŞ İTH.İHR.SAN.TİC.LTD.ŞTİ.;YUKARI DUDULLU MAH. KARTALBABA SOK.NES&GO AKSESUA NO:11 İÇKAPI NI:1;İSTANBUL;ÜMRANİYE;(216) 1200757;www.allsmerkez@gmail.com;gmail.com;İİB-MOB.KAĞIT VE ORMAN İHR.BRL.
İNTEGRO ZEMİN KAPLAMALARI SAN VE TİC.A.Ş;YEŞİLCE MAH. AYTEKİN SOK NO:18 K:1;İSTANBUL;KAĞITHANE;(212) 3273333;www.integroflooring.com;integroflooring.com;İİB-MOB.KAĞIT VE ORMAN İHR.BRL.
VOLKAN YENİAY-VOLKAN MÜZİK ALETLERİ İML.;YAVUZSİNAN MAH. ATATÜRK BULV.İMC G BLOK NO:63/13;İSTANBUL;FATİH;(212) 4015970;www.baglamaci.com.tr;baglamaci.com.tr;İİB-MOB.KAĞIT VE ORMAN İHR.BRL.
VONNA AKSESUAR MOBİLYA DEK SAN VE TİC LTD ŞTİ;ŞERİF ALİ MH BAŞER SK AÇIK YEŞİL LOKANTA APT NO40A;İSTANBUL;ÜMRANİYE;(216) 0000000;www.camproje.com;camproje.com;İİB-MOB.KAĞIT VE ORMAN İHR.BRL.
RASTER SAĞLIK GIDA. TEKSTİL AĞAÇ KAP.ÜRN.DIŞ TİC.SAN.LTD.ŞTİ;MUHİTTİN MAH.TÜTÜN SOK TURKUAZ EVLERİ NO:22/A;TEKIRDAĞ;ÇORLU;(282) 6531680;www.rasterotomatikokey.com;rasterotomatikokey.com;İİB-MOB.KAĞIT VE ORMAN İHR.BRL.
OBSAN GEMİ İNŞAAT TAAHÜT TİCARET İMİTED ŞİRKETİ;HACIHALİL MAH. İSMETPAŞA CAD. YILMAZ İŞ MERKEZİ NO21/2;KOCAELI;GEBZE;(262) 5036259;www.obsan.com.tr;obsan.com.tr;İİB-MOB.KAĞIT VE ORMAN İHR.BRL.
BAHAR ORMAN  ÜRÜNLERİ SAN. VE TİC.A.Ş;ORG. DERI SAN. BÖLG. H 16/APARSEL 3.YOL;İSTANBUL;TUZLA;(216) 3948400;www.bahartimber.com;bahartimber.com;İİB-MOB.KAĞIT VE ORMAN İHR.BRL.
SEVDA ÖZCAN-ESSENCE DIŞ TİC;HAMİDİYE MAH.DIŞ BUDAK SOK NO:3/4;BURSA;İNEGÖL;;www.essencemobilya.com;essencemobilya.com;İİB-MOB.KAĞIT VE ORMAN İHR.BRL.
KEMAL İSİYEL;İKİTELLİ OSB MAH. METAL İŞ 20. BLOK SOK. METAL İŞSAN. SİT. 20 BLOK APT. NO:1;İSTANBUL;BAŞAKŞEHİR;;www.bckplastik.com.tr;bckplastik.com.tr;İİB-MOB.KAĞIT VE ORMAN İHR.BRL.
CEREN ZENGER;YAKUPLU MAH. ÖZAL CAD. 23.SOKNO:7/A ;İSTANBUL;BEYLİKDÜZÜ;(212) 8751115;www.cerenetiket.net;cerenetiket.net;İİB-MOB.KAĞIT VE ORMAN İHR.BRL.
BOSSOFİS BÜRO MOBİLYA SİSTEM SAN. VE TİC. LTD. ŞTİ.;MASKO MOB. SIT. 19.ADA A BLOK NO:2/4;İSTANBUL;KÜÇÜKÇEKMECE;(212) 6750493;www.mixis.com;mixis.com;İİB-MOB.KAĞIT VE ORMAN İHR.BRL.
AKE KAĞIT AMBALAJ SAN VE TİC.LTD.ŞTİ;CEVİZLİ MAH. KORUMA ÇIKMAZI SOK. NO:3 ;İSTANBUL;MALTEPE;(216) 2912244;www.akekagit.com;akekagit.com;İİB-MOB.KAĞIT VE ORMAN İHR.BRL.
DMRC GLOBAL İTHALAT VE İHRACAT LİMİTED ŞİRKETİ;MALTEPE MAH. LİTROS YOLU SK. A NO: 2 -4A İÇ KAPI NO: 330;İSTANBUL;ZEYTİNBURNU;(212) 0000000;http://www.packwithme.co;packwithme.co;İİB-MOB.KAĞIT VE ORMAN İHR.BRL.
TUFETTO MOBİLYA SANAYİ TİCARET ANONİM ŞİRKETİ;ÇATMA MESCİT MAH. REFİK SAYDAM CAD. AKARCA SK.NO:39 İÇ KAPI NO:3;İSTANBUL;BEYOĞLU;(212) 2542363;http://www.tufetto.com;tufetto.com;İİB-MOB.KAĞIT VE ORMAN İHR.BRL.
EGE REKLAM BASIM SANATLARI SAN VE TIC.LTD.ŞTI.;ESATPAŞA M. ZIYAPAŞA CAD.EGE PLAZANO:4-1;İSTANBUL;ATAŞEHİR;(216) 4704470;www.egebasim.com.tr;egebasim.com.tr;İİB-MOB.KAĞIT VE ORMAN İHR.BRL.
BASKI ÇÖZ.MATBAA VE REKL.SAN.TİC.LTD.ŞTİ.;SEYRANTEPE MAH. OĞUZELİ SOK NO:14/2;İSTANBUL;KAĞITHANE;(212) 3257741;www.pressium.com.tr;pressium.com.tr;İİB-MOB.KAĞIT VE ORMAN İHR.BRL.
AKGÜR YAPI İNŞAAT TURİZM SANAYİ VE TİCARET LİMİTED ŞİRKETİ;SERDAR SOKAK NO.23/B HAMİDİYE MAHALLESİ 34408 ;İSTANBUL;KAĞITHANE;(212) 0000000;www.akguryapi.com ;akguryapi.com;İİB-MOB.KAĞIT VE ORMAN İHR.BRL.
SEC İDE TRANSFER BASKI AŞ;ESENŞEHİR MAH. KÜRKÇÜLER CAD. ARSLAN SOK. NO:2-6;İSTANBUL;ÜMRANİYE;(216) 5108133;http://www.sec-acc.com;sec-acc.com;İİB-MOB.KAĞIT VE ORMAN İHR.BRL.
PAPIRUS AHŞAP DEKORASYON SAN. VE TIC.A.Ş;SURURI M.EFENDI MAH. KURTULUSCAD. UFAK KOPRU SOK. NO.12;İSTANBUL;BEYOĞLU;02122503434;http://www.papirusahsap.com;papirusahsap.com;İİB-MOB.KAĞIT VE ORMAN İHR.BRL.
BATI AMBALAJ SAN.VE TİC.A.Ş.; KIZILCIKLIK MAH.SUADİYE CAD.NO:18;KOCAELI;KARTEPE;(262) 6581183;www.batiambalaj.com.tr;batiambalaj.com.tr;İİB-MOB.KAĞIT VE ORMAN İHR.BRL.
MEDİSA MOBİLYA SAN. VE TİC. LTD. ŞTİ.;ZÜHTÜPAŞA MAH.BAĞDAT CAD.PARTAŞ APT.NO:18/A;İSTANBUL;KADIKÖY;;http://medisamobilya.com;medisamobilya.com;İİB-MOB.KAĞIT VE ORMAN İHR.BRL.
TRANSEN GLOBAL LOJİSTİK DIŞ TİC.LTD.ŞTİ;İNÖNÜ MAH. KAYIŞDAĞI CAD.NO:194/6 ;İSTANBUL;ATAŞEHİR;(216) 5481187;www.transen.com.tr;transen.com.tr;İİB-MOB.KAĞIT VE ORMAN İHR.BRL.
BRİTANNİA GARMENT PACKAGİNG ETİKET SAN. VE TİC. LTD. ŞTİ. ;TONGUÇ BABA CD. NO:33 SAYGIN PLAZA;İSTANBUL;ESENYURT;(212) 4441583;www.britannialabels.com;britannialabels.com;İİB-MOB.KAĞIT VE ORMAN İHR.BRL.
ENSARLAR GIDA UNLU MAMÜLLERİ TEMİZLİK TEKSTİL OTOMOTİV MOBİLYA İNŞAAT SANAYİ TİCARET LİMİTED ŞİRKETİ;YEŞİLKENT MAH. 2011 SK. MEKHAS APT. NO: 5/1 ESENYURT;İSTANBUL;ESENYURT;;http://www.ensarlargida.com;ensarlargida.com;İİB-MOB.KAĞIT VE ORMAN İHR.BRL.
EVVEL MOBİLYA TEKSTİL İNŞAAT GIDA İHRACAT İTHALAT SANAYİ VE TİCARET LTD.ŞTİ.;MAHMUDİYE MAH. 27. MOBİLYA SOK. NO:52;BURSA;İNEGÖL;(224) 7111940;www.infavori.com;infavori.com;İİB-MOB.KAĞIT VE ORMAN İHR.BRL.
ALTINAY ROBOT TEKNOLOJİLERİ SAN.VE TİC.A.Ş.;İSTANBUL DERİ VE END.SER.BÖL. ORJİN CAD.10.SOK.NO:3;İSTANBUL;TUZLA;(216) 5813200;www.altinay.com.tr;altinay.com.tr;İİB-MOB.KAĞIT VE ORMAN İHR.BRL.
PERAPAK AMBALAJ  A.Ş.;BARBOROS MAH. FESLEGEN SOK. UPHILL COURT TOW. A1 BLOKK:28 D:155 BATI;İSTANBUL;ATAŞEHİR;(216) 6888500;www.perapak.com;perapak.com;İİB-MOB.KAĞIT VE ORMAN İHR.BRL.
MF TURİSTİK TESİSLERİ İŞLETME VE TASARIM DEKORASYON TİC. A.Ş.;BEBEKBAĞI SK. NO:3;İSTANBUL;BEŞİKTAŞ;(212) 2870936;www.zftasarim.com.tr;zftasarim.com.tr;İİB-MOB.KAĞIT VE ORMAN İHR.BRL.
ERCAN YASAN ORMAN ÜRÜNLERİ VE MOBİLYA MALZEMELERİ SANAYİ TİCARET LİMİTED ŞİRKETİ;İKİTELLİ OSB MAH. KERESTECİLER 3. BLOK SK.KERESTECİLER SANAYİ NO: 11;İSTANBUL;BAŞAKŞEHİR;(212) 6701801;www.laminatcenter.com;laminatcenter.com;İİB-MOB.KAĞIT VE ORMAN İHR.BRL.
ONUR DIŞ TİC.VE KIRT.LTD.ŞTİ;İSTOC 16. ADA NO:9-15 MAHMUTBEY ;İSTANBUL;BAĞCILAR;(212) 6597601;www.notebookkirtasiye.com.tr;notebookkirtasiye.com.tr;İİB-MOB.KAĞIT VE ORMAN İHR.BRL.
ÖZ YILDIRIM KARDEŞLER KERES AKAR NAKL. SAN VE TİC.LTD.ŞTİ;KOZLUK MAH. D-100 YANYOL CAD. NO:16/1;SAKARYA;ERENLER;(264) 3535062;www.ozyildirimkerestecilik.com;ozyildirimkerestecilik.com;İİB-MOB.KAĞIT VE ORMAN İHR.BRL.
İKRE DIŞ TİC. LTD. ŞTİ.;ATAKÖY 7-8 KISIM DENİZ 13-BLOKNO:97;İSTANBUL;BAKIRKÖY;(212) 6611825;www.ikregrup.com;ikregrup.com;İİB-MOB.KAĞIT VE ORMAN İHR.BRL.
GAL INTERIORS MOBİLYA ORMAN ÜRÜNLERİ SANAYİ VE TİCARET LİMİTED ŞİRKETİ;KULACA MAH. KULACA-ANKARA KARAYOLU CAD. NO: 25;BURSA;İNEGÖL;(224) 7239080;https://galinteriors.com/;galinteriors.com;İİB-MOB.KAĞIT VE ORMAN İHR.BRL.
NURTEN ÇİFTCİ KILIÇ HAZBA HOME;GÜRSEL MAH.KAĞITHANE CAD.NO:26/2A;İSTANBUL;KAĞITHANE;(212) 3568050;http://www.hazbahome.com;hazbahome.com;İİB-MOB.KAĞIT VE ORMAN İHR.BRL.
İST.BETON ELEMANLARI VE HAZIR BETON FABRİKA.SAN.TİC.A.Ş.;ORUÇ RESİS MAH VADİ CAD NO 108GİYİM KENT SİTESİ İSTANBUL TİCARET SDARAYI KAT ;İSTANBUL;ESENLER;;www.iston.com.tr;iston.com.tr;İİB-MOB.KAĞIT VE ORMAN İHR.BRL.
BAŞARI DAĞITIM KİTAP KIRTASİYE YAYINCILIK VE TİC. A.Ş.;BAĞLAR MAH. MİMAR SİNAN CAD. 62.SOKYILDIZLAR PLAZA NO:10 GİRİŞ KAT GÜNEŞLİ;İSTANBUL;BAĞCILAR;(212) 6553888;www.basaridagitim.com;basaridagitim.com;İİB-MOB.KAĞIT VE ORMAN İHR.BRL.
CANAY KİMYA ANONİM ŞİRKETİ;ICERENKOY YOLU UZERI KEYAPCARSI SIT.D-1 BLOK N:.59;İSTANBUL;ÜMRANİYE;02164994328;www.canayboya.com;canayboya.com;İİB-MOB.KAĞIT VE ORMAN İHR.BRL.
FK GRUP MİMARLIK TİCARET LİMİTED ŞİRKETİ;MEVLANA MAHALLESİ FATİHBEY CAD.HUZUR APT.N0.14 A;İSTANBUL;ATAŞEHİR;(216) 6614662;http://www.fkmobilya.com;fkmobilya.com;İİB-MOB.KAĞIT VE ORMAN İHR.BRL.
RESIM OFSET MATBAACILIK AMBALJ SAN.VE TIC.A.Ş.;BEYSAN SANAYİ SITESİ BIRLIK CAD. NO:29 YAKUPLU 34520 ;İSTANBUL;BEYLİKDÜZÜ;(212) 4226040;www.resimofset.com.;resimofset.com.;İİB-MOB.KAĞIT VE ORMAN İHR.BRL.
IMAJ MOBILYA INŞ.ELEKTRONIK TURIZM SAN.VE DIŞ TIC.LTD.ŞTI.;ŞAHİNTEPE MAH. AŞIK VEYSEL CAD. NO:103/2;İSTANBUL;BAŞAKŞEHİR;(212) 4944318;www.mastanofiskoltuklari.com;mastanofiskoltuklari.com;İİB-MOB.KAĞIT VE ORMAN İHR.BRL.
DR PROMOSYON VE MATBAA. SAN. DIŞ TİC. LTD.ŞTİ;İSTOÇ TİC. MER. 16.ADA NO:31-33BAĞCILAR;İSTANBUL;BAĞCILAR;(212) 6591696;www.drpromosyon.com;drpromosyon.com;İİB-MOB.KAĞIT VE ORMAN İHR.BRL.
VOESTALPİNE HİGH PERFORMANCE METAL ANONİM ŞİRKETİ;TAYSAD ORG. SAN. BÖLGESİ 4.CD. NO:7;KOCAELI;ÇAYIROVA;(262) 6588887;www.bohler-uddeholm.com.tr;bohler-uddeholm.com.tr;İİB-MOB.KAĞIT VE ORMAN İHR.BRL.
ARTKAP ORMAN ÜRÜNLERİ MOBİLYA DEK.TAAH.SAN.VE TİC.LTD.ŞTİ.;Y.DUDULLU NATOYOLU CAD. NO:186/D;İSTANBUL;ÜMRANİYE;(216) 5407850;www.artkap.com.tr;artkap.com.tr;İİB-MOB.KAĞIT VE ORMAN İHR.BRL.
OBA KAĞIT AMBALAJ SAN. TİC. AŞ;SELAHADDİN EYYUBİ MH.1342 SK.NO:38/1;İSTANBUL;ESENYURT;(212) 6997676;www.obaoluklu.com;obaoluklu.com;İİB-MOB.KAĞIT VE ORMAN İHR.BRL.
3F SOFA NAKL. ITH.IHR.DIŞ TIC. LTD.ŞTI.;YENI SANAYI ORHANGAZI C. NO:48;BURSA;İNEGÖL;(224) 7151742;www.3fsofa.com;3fsofa.com;İİB-MOB.KAĞIT VE ORMAN İHR.BRL.
SOCIETA TEKS. SAN. TİC. LTD. ŞTİ. ;TAVSANTASI MAH.TURHANLI SOK.NO.9;İSTANBUL;FATİH;02122215798;www.societafashion.com;societafashion.com;İİB-MOB.KAĞIT VE ORMAN İHR.BRL.
UBEN ENDÜSTRİYEL TEMİZLİK ÜRÜNLERİ SAN. VE TİC. LTD ŞTİ;ÜÇEVLER MAH. ASLANTAŞ SK. BİREY İŞ MERKEZİ NO:9D:5;BURSA;NİLÜFER;(224) 2360666;http://www.uben.com.tr;uben.com.tr;İİB-MOB.KAĞIT VE ORMAN İHR.BRL.
SEVERLER KAPLAMA SAN. VE TIC. LTD. ŞTI.;HUZUR MAH. BURSA KARAYOLU CAD. NO:44;BURSA;İNEGÖL;(224) 7141078;www.severlerkaplama.com;severlerkaplama.com;İİB-MOB.KAĞIT VE ORMAN İHR.BRL.
ALTINİŞ ÇELİK EŞYA SAN. VE TİC. LTD.ŞTİ.;COBANÇEŞME MAH.GÜNEŞLI SK.NO 5;İSTANBUL; ;02125511839;www.altinis.com;altinis.com;İİB-MOB.KAĞIT VE ORMAN İHR.BRL.
AKSAN KALIP SANAYI VE TIC.A.S.;BAKIR VE PİRİNÇCİLER SAN.SİT.KARANFİL SK.NO:15;İSTANBUL;BÜYÜKÇEKMECE;(212) 8764720;www.aksan-co.com;aksan-co.com;İİB-MOB.KAĞIT VE ORMAN İHR.BRL.
ALTERRA ULUSLARARASI İNŞAAT DANIŞMANLIK ANONİM ŞİRKET;EMİRGAN MAH. SAKIP SABANCI CAD. NO: 90 İÇ KAPI NO:1;İSTANBUL;SARIYER;(212) 0000000;http://alterraworldwide.com;alterraworldwide.com;İİB-MOB.KAĞIT VE ORMAN İHR.BRL.
KİPTEKS TEKSTİL SAN. VE TİC. LTD. ŞTİ.;TERAZİDER MH.60 YIL YAŞARDOĞUS.24;İSTANBUL;BAYRAMPAŞA;(212) 6136810;www.ttnet.net.tr;ttnet.net.tr;İİB-MOB.KAĞIT VE ORMAN İHR.BRL.
ÖZCAN ŞENTÜRK-TUĞ KOLTUK;ORHANGAZİ CD NO:51-A/B;BURSA;İNEGÖL;(224) 7155519;www.tugkoltuk.com;tugkoltuk.com;İİB-MOB.KAĞIT VE ORMAN İHR.BRL.
BARKODTÜRK ETİKET FABRİKASI SAN.VE TİCARET LTD.ŞT;YAKUPLU MAH.MERMERCİLER SAN.SİT.13. CAD. NO:41 BEYLİKDÜZÜOSB MAH. 13. CAD. NO: 41 İÇ KAPI NO: 1;İSTANBUL;BEYLİKDÜZÜ;(212) 5392868;www.barkodturk.com.tr;barkodturk.com.tr;İİB-MOB.KAĞIT VE ORMAN İHR.BRL.
RUN RUN DEALS E-TİCARET SANAYİ LİMİTED ŞİRKETİ;TABAKHANE MAH. 4015. SK. NO:4/2;SAKARYA;ERENLER;(264) 0000000;http://www.runrundeals.com;runrundeals.com;İİB-MOB.KAĞIT VE ORMAN İHR.BRL.
PINAR KUŞ;SOĞANLI MH. HIZIR SOK. NO:50;İSTANBUL;BAHÇELİEVLER;(212) 5530592;www.sultannargile.com;sultannargile.com;İİB-MOB.KAĞIT VE ORMAN İHR.BRL.
ATASOY MATBAA AMBALAJ SANAYİ VE TİCARET LİMİTED ŞİRKETİ;MALTEPE MAH. LİTROS YOLU SK. A NO: 2 -4A İÇ KAPI NO: 2B01;İSTANBUL;ZEYTİNBURNU;(212) 0000000;http://www.atasoyreklam.com;atasoyreklam.com;İİB-MOB.KAĞIT VE ORMAN İHR.BRL.
DMEMARİN MÜHENDİSLİK SANAYİ VE TİCARET LİMİTED ŞİRKETİ;DUMLUPINAR MAH PREVEZE CAD NO:131 / 7;KOCAELI;İZMİT;(216) 5723499;http://www.dmemarin.com;dmemarin.com;İİB-MOB.KAĞIT VE ORMAN İHR.BRL.
EMATRANS ULUSLARARASI TURZ.NAK VE DIŞ TİC.LTD.ŞTİ.;FEVZİ ÇAKMAK MAH.YILDIRIM BEYAZIT CAD.EMAPLAZA NO:171;İSTANBUL;BAHÇELİEVLER;02126535943;www.ematrans.com;ematrans.com;İİB-MOB.KAĞIT VE ORMAN İHR.BRL.
PROMET DIS TIC.VE INSAAT A.S.;KOŞUYOLU CAD. NO:164/A;İSTANBUL;KADIKÖY;(216) 3275091;www.promet.com.tr;promet.com.tr;İİB-MOB.KAĞIT VE ORMAN İHR.BRL.
ATILLA OFSET AMBALAJ SAN.VE TIC.A.Ş.;DAVUTPAŞA CAD.NO.111;İSTANBUL;BAYRAMPAŞA;(212) 5760998;www.aoa.com.tr;aoa.com.tr;İİB-MOB.KAĞIT VE ORMAN İHR.BRL.
AKADEMİ BANT VE FİLM  SAN.TİC.LTD.ŞTİ;KÜÇÜKYALI KÜÇÜK SAN.SİT.C BLOKNO.12;İSTANBUL;MALTEPE;(216) 3662550;www.akademiambalaj.com.tr;akademiambalaj.com.tr;İİB-MOB.KAĞIT VE ORMAN İHR.BRL.
ARTISAN KAĞIT SAN TİC AŞ;ZAFER MH 146 SK NO 21/A;İSTANBUL;ESENYURT;(212) 6716300;www.artisankagit.com;artisankagit.com;İİB-MOB.KAĞIT VE ORMAN İHR.BRL.
STİLLAY MOBİLYA DEKORASYON İNŞ.TAAHHÜT TUR.SAN. VE TİC.LTD.ŞTİ;MERKEZ MH.KUMBAŞI CD. NO:8;DÜZCE;GÜMÜŞOVA;(380) 7312800;www.stillay.com.tr;stillay.com.tr;İİB-MOB.KAĞIT VE ORMAN İHR.BRL.
TETRA GROUP İNŞ.MÜH.DIŞ TİC.A.Ş;CUMHURİYET MAH. CADIRVAN SOK TERAS CEKMEKÖY L BLOK NO:15A-12;İSTANBUL;ÇEKMEKÖY;(216) 5091226;www.tetragroup.co;tetragroup.co;İİB-MOB.KAĞIT VE ORMAN İHR.BRL.
DİNÇER AKÇORA;MAHMUDİYE MAH. AĞAÇİŞLERİ 18. SOKAK NO:2/A;BURSA;İNEGÖL;(224) 2439227;http://info@lenasofa.com;lenasofa.com;İİB-MOB.KAĞIT VE ORMAN İHR.BRL.
ATM TANITIM ÜRÜNLERİ VE MATBAACILIK SAN.TİC.LTD.ŞTİ.;SEYRANTEPE MAH.CİHANGİR SOKAK NUMARA:34/A;İSTANBUL;KAĞITHANE;(212) 2848013;www.atm.com.tr;atm.com.tr;İİB-MOB.KAĞIT VE ORMAN İHR.BRL.
AKBEL KOL.MOB.ORM.ÜRÜN.INŞ.SAN .VE TIC.LTD.ŞTI.;İNEGÖL MOB. AĞAÇ İŞLERİ İHTİSAS O.S.B. 1. CAD. NO:5;BURSA;İNEGÖL;(224) 7185409;www.sabrino.com;sabrino.com;İİB-MOB.KAĞIT VE ORMAN İHR.BRL.
BÜROLİFE OFİS MOBİLYALARI SAN.VE TİC.LTD.ŞTİ;DOĞANKÖY MAH.CUMHURİYET CD. NO:17/B;BURSA;NİLÜFER;;www.burolife.com.tr;burolife.com.tr;İİB-MOB.KAĞIT VE ORMAN İHR.BRL.
AKDR DIŞ TİC. VE LTD. ŞTİ.;SELİMPAŞA MAH. YUKARI ÇEŞME SOK NO:8;İSTANBUL;SİLİVRİ;(212) 6871707;www.kinearts.com;kinearts.com;İİB-MOB.KAĞIT VE ORMAN İHR.BRL.
OFSET FILIMCILIK VA MATB.SAN. VE TIC.A.Ş.;ÇAĞLAYAN MAHALLESİ ŞAİR SOK. NO:4 ;İSTANBUL;KAĞITHANE;(212) 2958601;www.ofset.com;ofset.com;İİB-MOB.KAĞIT VE ORMAN İHR.BRL.
TUNAM AMBALAJ SANAYİ VE TİCARET LTD.ŞTİ.;OVAAKÇA EĞİTİM MAH.AHMET YESEVİ CAD.NO:34/1;BURSA;OSMANGAZİ;;www.tunamambalaj.com;tunamambalaj.com;İİB-MOB.KAĞIT VE ORMAN İHR.BRL.
ARAS MATBAA MALZ. TIC. VE SAN. A.Ş.;YÜZYIL MAH.MATBAALARI SİTESİNO:221;İSTANBUL;BAĞCILAR;(212) 6290433;http://www.arasgrup.com.tr;arasgrup.com.tr;İİB-MOB.KAĞIT VE ORMAN İHR.BRL.
MOBIM IÇ VE DIŞ TIC.LTD.ŞTI.;YENİ YALOVA YOLU 14.KM.SANAYİ CAD NO:4;BURSA;OSMANGAZİ;(224) 2670649;www.mobi.com.tr;mobi.com.tr;İİB-MOB.KAĞIT VE ORMAN İHR.BRL.
HATEKS  İNŞAAT SANAYİ VE DIŞ TİCARET LİMİTED ŞİRKETİ;TANTAVİ MAH. YENİ ŞEN SOK 13/1;İSTANBUL;ÜMRANİYE;(212) 2373289;www.hateks.com;hateks.com;İİB-MOB.KAĞIT VE ORMAN İHR.BRL.
MEHMET EMİN ÖZTEMEL - BANJO DİZAYN;YENİ SANAYİ ERTUĞRUL GAZİ CAD. SARMAŞIK SOKAKNO.33;BURSA;İNEGÖL;(224) 7117112;www.banjodizayn.com;banjodizayn.com;İİB-MOB.KAĞIT VE ORMAN İHR.BRL.
FURNDİY TASARIM ARGE SANAYİ VE TİCARET LİMİTED ŞİRKETİ;19 MAYIS MAH. HAZAL SK. C BLOK NO: 1 C;BURSA;NİLÜFER;(224) 0000000;http://www.furndiy.com;furndiy.com;İİB-MOB.KAĞIT VE ORMAN İHR.BRL.
ALESTA SPORTİF BALIKÇILIK MALZEMELERİ LİMİTED ŞİRKETİ;MEHMET AKİF ERSOY MAH. KÖPRÜBAŞI SK. NO: 3 İÇ KAPI:9;YALOVA;ÇİFTLİKKÖY;(226) 5030396;http://www.alestabalik.com;alestabalik.com;İİB-MOB.KAĞIT VE ORMAN İHR.BRL.
EEM DIŞ TICARET DEKO MOBILYA SAN.TIC.LTD;INEGÖL BURSA KARAYOLU 15 KM ;BURSA;İNEGÖL;(224) 7313362;www.vanessa.com.tr;vanessa.com.tr;İİB-MOB.KAĞIT VE ORMAN İHR.BRL.
ERCEM TEKSTİL SAN. TİC. AŞ;SAMANYOLU SOK. BİLGE HAN NO:5/3;İSTANBUL;ŞİŞLİ;(212) 2241156;www.fullstudio.net;fullstudio.net;İİB-MOB.KAĞIT VE ORMAN İHR.BRL.
BAŞTAŞ MOBİLYA İNŞ.SAN.TİC.STİ;YARIMBURGAZ MAH. ŞİRİN SOK NO:12A;İSTANBUL;KÜÇÜKÇEKMECE;(212) 5471111;www.bastanmobilya.com;bastanmobilya.com;İİB-MOB.KAĞIT VE ORMAN İHR.BRL.
KUTUSAN KARTON KUTU AMB SAN VE TİC LTD ŞTİ;MALTEPE GÜMÜŞSUYU CD TOPKAPI CENTER NO 28B BLOK KAT1  344-345;İSTANBUL;ZEYTİNBURNU;(212) 5445888;www.kutu-san.com.tr;kutu-san.com.tr;İİB-MOB.KAĞIT VE ORMAN İHR.BRL.
MAGARİ WOOD AHŞAP SAN.VE TİC.LTD.ŞTİ.;KAZLIÇEŞME MAH.BELGRAD KAPI YOLU SOK.NO:4;İSTANBUL;ZEYTİNBURNU;(212) 5106868;www.margariwood.com;margariwood.com;İİB-MOB.KAĞIT VE ORMAN İHR.BRL.
ART TEK MIMARLIK DEKORASYON MÜH. SAN. VE TIC. A.Ş.;TEM YOLU E6 GİŞELER YANI MASKO MOB. SİTESİ 12/A BLOK NO:19;İSTANBUL;BAŞAKŞEHİR;(282) 7265345;www.marcabella.com.tr;marcabella.com.tr;İİB-MOB.KAĞIT VE ORMAN İHR.BRL.
ENSAN KARTON PAKETLEME AMB.SAN.VE TİC.LTD.ŞTİ.;SULTANÇİFTLİĞİ MH.SULTANMURAT CD.ÖZVERİ SK.İVORY SİT.A1/22;İSTANBUL;ÇEKMEKÖY;(216) 6121903;http://www.ensankagitcilik.com;ensankagitcilik.com;İİB-MOB.KAĞIT VE ORMAN İHR.BRL.
SİES UYKU SİSTEMLERİ SAN. TİC. PAZARLAMA LTD. ŞTİ.;MERMERCİLER SAN. SİT. İKİNCİ CAD.NO:8/2 BEYLİKDÜZÜ;İSTANBUL;BEYLİKDÜZÜ;(212) 8792626;www.siesuykusistemleri.com;siesuykusistemleri.com;İİB-MOB.KAĞIT VE ORMAN İHR.BRL.
LIDER KAĞITÇILIK SAN.VE TIC. LTD.ŞTI.;HALKALI MERKEZ MAH. DEREBOYU CAD. NO:28/1KÜÇÜKÇEKMECE;İSTANBUL;KÜÇÜKÇEKMECE;(212) 6293985;www.liderkagitcilik.com;liderkagitcilik.com;İİB-MOB.KAĞIT VE ORMAN İHR.BRL.
GÜZELEV MOBİLYA SAN.VE TİC.LTD.ŞTİ;TURGUT ÖZAL MAH. OSMANGAZİ CAD. NO:11  BURSA YOLU 5. KM);BURSA;İNEGÖL;(224) 7155155;www.calitelli.com;calitelli.com;İİB-MOB.KAĞIT VE ORMAN İHR.BRL.
QİTAP YAYINCILIK SANAYİ VE TİCARET ANONİM ŞİRKETİ;DUMLUPINAR MAH. BEHRAMKALE CAD. NO:9 İÇ KAPI NO:1;BURSA;NİLÜFER;(224) 0000000;http://www.qitap.com.tr;qitap.com.tr;İİB-MOB.KAĞIT VE ORMAN İHR.BRL.
EURO-TEC PLAS.MAM.TİC.LTD.ŞTİ;AYAZAGA MAH CENDERE CAD NO.7;İSTANBUL;SARIYER;(212) 2891131;www.bambitoys.com;bambitoys.com;İİB-MOB.KAĞIT VE ORMAN İHR.BRL.
BELLADİVANİ MOBİLYA İNŞ. OTO ELEKTR.YAZ. SAN TİC.LTD.ŞTİ;MAHMUDİYE MAH. OSMANBEY CAD. NO:59;BURSA;İNEGÖL;(224) 7770141;www.belladivani.com;belladivani.com;İİB-MOB.KAĞIT VE ORMAN İHR.BRL.
ÖZGÜL KUTU BASIM AMBALAJ.TURİZM.VE GIDA SAN.TİC.LTD.ŞTİ;MERKEZ MAH. KAVAK SOK. YÜCELER İŞ MERKZ. NO:30/B YENİBOSNA;İSTANBUL;BAHÇELİEVLER;(212) 6134880;www.ozgulkutu.com.tr;ozgulkutu.com.tr;İİB-MOB.KAĞIT VE ORMAN İHR.BRL.
RES METAL MOBİLYA SAN TİC LTD ŞTİ;KAYABAŞI MH HİKMET SK NO 22;İSTANBUL;BAŞAKŞEHİR;(212) 0000000;www.reismetal.com;reismetal.com;İİB-MOB.KAĞIT VE ORMAN İHR.BRL.
KONUKCU ALÜMİNYUM METAL VE İNŞ.SAN. VE TİC.LTD.ŞTİ.;SANAYİ MAH. ENSAR CAD. NO:7/1;İSTANBUL;PENDİK;(216) 3051955;www.konukcumetal.com;konukcumetal.com;İİB-MOB.KAĞIT VE ORMAN İHR.BRL.
EDESSA MOBILYA TICARET VE SAN LTD.ŞTI.;ÇALI SANAYI BÖLGESI KARA ALIMAH. 6. SOK. NO 4;BURSA;NİLÜFER;(224) 4822855;www.edessamob.com.tr;edessamob.com.tr;İİB-MOB.KAĞIT VE ORMAN İHR.BRL.
MTM PAZ. VE TİC. AŞ;GOSB KEMAL NEHROZOGLU CD.400 SK.NO:505 K:3;KOCAELI;GEBZE;(262) 7513411;www.mtmpazarlama.com.tr;mtmpazarlama.com.tr;İİB-MOB.KAĞIT VE ORMAN İHR.BRL.
SİLAS ORMAN ÜRÜNLERİ MOBİLYA NALBURİYE İNŞAAT MAKİNA TESKTİL OTOMOTİV ELEK. SAN. VE TİC.LTD.ŞTİ.;CUMHURİYET MH. STARWOOD MOBİLYAKENT BLV.YILDIRIM BEYAZIT CD. NO:5/1B/1;BURSA;İNEGÖL;(224) 7149100;www.silasahsap.com;silasahsap.com;İİB-MOB.KAĞIT VE ORMAN İHR.BRL.
SANDEKS DIŞ TİCARET SANAYİ LİMİTED ŞİRKETİ;BAĞLARBAŞI MAH. SANAYİ CAD. NO:322KIRAYOLU İŞ MERKEZİ İÇ KAPI NO:6;BURSA;OSMANGAZİ;(224) 4842288;www.sandeks.com;sandeks.com;İİB-MOB.KAĞIT VE ORMAN İHR.BRL.
RUMİ MATBAACILIKSAN.VE TİC.LTD.ŞTİ.;MALTEPE MAH. FAZILPAŞA CAD. NO:8 KAT:3 ;İSTANBUL;ZEYTİNBURNU;(212) 6127172;www.rumimatbaa.com;rumimatbaa.com;İİB-MOB.KAĞIT VE ORMAN İHR.BRL.
REK-MAN REK.VE TAN.MALZ.SAN.VE TIC.LTD.ŞTI.;İNKILAP MAH. KÜÇÜKSU CAD. NO:111 D BLOK KAT:4 D:15;İSTANBUL;ÜMRANİYE;(216) 6324949;www.rek-man.com;rek-man.com;İİB-MOB.KAĞIT VE ORMAN İHR.BRL.
ARTWORK DIŞ TİCARET LİMİTED ŞİRKETİ;15 TEMMUZ MAH.HALKALI CAD.B BLOK NO :123/İÇ KAPI N115;İSTANBUL;BAĞCILAR;(212) 0000000;http://www.artwordsourcing.com;artwordsourcing.com;İİB-MOB.KAĞIT VE ORMAN İHR.BRL.
FİL GRUP PLS.MLZ.PAZ.DIŞ TIC. LTD.ŞTI.;AKÇABURGAZ MAH. 97.SOK. NO:9;İSTANBUL;ESENYURT;02128863241;www.filgrup.com.tr;filgrup.com.tr;İİB-MOB.KAĞIT VE ORMAN İHR.BRL.
TEVERPAN MDF LEVHA SAN. VE TIC A.Ş.;TATTAVİ MAH. MENTEŞOĞLU CAD.TERRA PLAZA NO:25/10 ;İSTANBUL;ÜMRANİYE;(216) 3452827;www.teverpan.com;teverpan.com;İİB-MOB.KAĞIT VE ORMAN İHR.BRL.
DENİZ YAPI SAN.VE TİC. A.Ş.;GÜLLÜBAĞLAR MAH.HÜRRIYET CAD.NO:42/C;İSTANBUL;PENDİK;(216) 3079368;www.deyap.com.tr;deyap.com.tr;İİB-MOB.KAĞIT VE ORMAN İHR.BRL.
ALBERO DIŞ TİC. AŞ;LEVENT MAH.ÇALIKUŞU SOKAK NUMARA:21 (1.LEVENT);İSTANBUL;BEŞİKTAŞ;(212) 2828282;www.albero.com.tr;albero.com.tr;İİB-MOB.KAĞIT VE ORMAN İHR.BRL.
BERRAK DIŞ TİCARET ANONİM ŞİRKETİ;MASLAK MAH.SANATKARLAR SOK.ECLIPSE MASLAK SİTESİ N NO:2C İÇ KAPI NO:19 ;İSTANBUL;SARIYER;(212) 4893333;http://www.berrakas.com;berrakas.com;İİB-MOB.KAĞIT VE ORMAN İHR.BRL.
LOGO MARKET EKİPMANLARI VE SOĞUTMA SANAYİ DIŞ TİC. LTD.ŞTİ.;EMEK MAH. ŞEMS CAD. NO:7-1;İSTANBUL;SANCAKTEPE;(216) 5754275;www.logoraf.com;logoraf.com;İİB-MOB.KAĞIT VE ORMAN İHR.BRL.
MM ELECTRO DİZAYN ELEKTRONİK SANAYİ TİCARET ANONİM ŞİRKETİ;MERDİVENKÖY MAH.BORA SK. NIDAKULE GÖZTEPE BLOK N:1-3/22;İSTANBUL;KADIKÖY;(216) 0000000;http://office@mmelectro.com;mmelectro.com;İİB-MOB.KAĞIT VE ORMAN İHR.BRL.
AKALIN MOBILYA SAN.VE TIC.LTD. ŞTI.;MODOKO SAN.SITESI 2.CAD.NO:188;İSTANBUL;ÜMRANİYE;(216) 4207210;www.akalin-ofis.com;akalin-ofis.com;İİB-MOB.KAĞIT VE ORMAN İHR.BRL.
SEKAMSAN KAĞITÇILIK SAN VE TIC .LTD.ŞTI;KALE MH. ANKARA CD. NO:65;BURSA;KESTEL;(224) 3727200;www.sekamsan.com.tr;sekamsan.com.tr;İİB-MOB.KAĞIT VE ORMAN İHR.BRL.
ADAGÜN ETİKET VE AMBALAJ SAN.VE TİC.LTD.ŞTİ.;FATİH MAH.ATATÜRK CAD.NO:305;SAKARYA;ARİFİYE;(264) 2301044;www.adagun.com;adagun.com;İİB-MOB.KAĞIT VE ORMAN İHR.BRL.
FATİH İNAN DIŞ TİC.VE SAN.LTD.ŞTİ;ORTA MAH. YENİ MALTEPE YOLU EMİNTAŞ ONUR SAN.SİTNO:179;İSTANBUL;BAYRAMPAŞA;(212) 6127730;www.printart.com.tr;printart.com.tr;İİB-MOB.KAĞIT VE ORMAN İHR.BRL.
NEZİH TİC. KİM. END. HAMMAD. PAZ. SAN. TİC. AŞ;SANAYİ MH. D-130 YANYOL CD. NO:205;KOCAELI;İZMİT;(262) 3173900;www.nezihticaret.com.tr;nezihticaret.com.tr;İİB-MOB.KAĞIT VE ORMAN İHR.BRL.
HÜSEYİN KÜÇÜK-E.B.C SANDALYE;MAHMUDİYE MAH. ÇALIŞKAN SOK NO:29;BURSA;İNEGÖL;(224) 7123082;www.abcsandalye.com;abcsandalye.com;İİB-MOB.KAĞIT VE ORMAN İHR.BRL.
MERİH AMBALAJ SAN.VE TİC. LTD.ŞTİ.;YENI MALTEPE YOLU EMIN TAL AKEL SAN. SIT. N:275-276;İSTANBUL;BAYRAMPAŞA;02125675583;www.merih.com.tr;merih.com.tr;İİB-MOB.KAĞIT VE ORMAN İHR.BRL.
KİMEKS KİMYASAL MADDELER VE SAĞLIK GEREÇLERİ TİCARET A.Ş.;ABIDEI HÜRRIYET CAD.GEÇIT SK.NORM IŞ MERKEZI N:12 K:1;İSTANBUL;ŞİŞLİ;(212) 2968460;www.kimeks.com;kimeks.com;İİB-MOB.KAĞIT VE ORMAN İHR.BRL.
VOYAGER WORLDWİDE YASDEN DEN. A.Ş.;İÇMELER MEVKİİ SAHİL YOLU CD.NO:24 DENİZCİLER TİC.MRKZ.D:21;İSTANBUL;TUZLA;(216) 4937401;http://www.thomasgunnyasden.com.tr;thomasgunnyasden.com.tr;İİB-MOB.KAĞIT VE ORMAN İHR.BRL.
AKTİF YAZILIM MATBAA HİZMETLERİ SAN. TİC. LTD.ŞTİ.;SAMANDIRA FATİH MAH. MARMARA SOKNO:24;İSTANBUL;KARTAL;(216) 5615828;www.myajans.com;myajans.com;İİB-MOB.KAĞIT VE ORMAN İHR.BRL.
MATES MAGAZA EKIPMANLARI SAN. VE TIC.A.S.;FUATPAŞA CAD.BASMISIRLI ISHANI70/40;İSTANBUL; ;(212) 4861765;www.matessystem.com;matessystem.com;İİB-MOB.KAĞIT VE ORMAN İHR.BRL.
CEYHUN IŞIK;DİREKLİ SK 14/1 ;İSTANBUL;SARIYER;(212) 2854042;www.bahcetedarik.com;bahcetedarik.com;İİB-MOB.KAĞIT VE ORMAN İHR.BRL.
LS SPENCER KOZMETİK MOBİLYA MİMARLIK MÜHENDİSLİK İTHALAT VE İHRACAT LİMİTED ŞİRKETİ;ALAADDİNBEY MAH. TAŞLIPARE SOK. NO:33/2;BURSA;NİLÜFER;(224) 0000000;http://www.lsspencer.com;lsspencer.com;İİB-MOB.KAĞIT VE ORMAN İHR.BRL.
ALTINZAMBAK DIŞ TICARET LTD. ŞTI.;YENİ YALOVA YOLU 5. KM NO 423;BURSA;OSMANGAZİ;(224) 2113080;www.galamobilya.com;galamobilya.com;İİB-MOB.KAĞIT VE ORMAN İHR.BRL.
STİLE TECH AHŞAP ORMAN ÜR.SAN.VE TİC.LTD.ŞTİ.;GAYRETTEPE MAH. YANKI SK. SABIR SITESI NO: 7 H;İSTANBUL;BEŞİKTAŞ;(212) 0000000;http://www.stiledeck.com;stiledeck.com;İİB-MOB.KAĞIT VE ORMAN İHR.BRL.
DÜZCE ORMAN ÜRÜNLERI ANONIM SIRKETI;KÖYÜN KENDISI 1012 SK. NO: 3 DÖNGELLI KÖYÜ;DÜZCE;ÇİLİMLİ;(850) 8111981;www.seowood.com;seowood.com;İİB-MOB.KAĞIT VE ORMAN İHR.BRL.
UFUK TAŞLI- SMART ÇELİK KAPI;DEFTERDAR MH. 1 TÜFEKÇİ ÇIKMAZI. NO:9/1EYÜPSULTAN /İSTANBUL;İSTANBUL;EYÜP;(212) 6120784;www.smartcelik.com.tr;smartcelik.com.tr;İİB-MOB.KAĞIT VE ORMAN İHR.BRL.
ERGİŞİ OTOMOTİV NAKLİYE İNŞ.TAAHHÜT GIDA SAN.VE TİC.LTD.ŞTİ.;GÜLABİBEY MH. FEVZİ ÇAKMAK CD.NO:31/A;ÇORUM;SUNGURLU;(364) 2128666;www.ergisi.com.tr;ergisi.com.tr;İİB-MOB.KAĞIT VE ORMAN İHR.BRL.
AR MATBAACILIK SAN.VE TİC.LTD.ŞTİ;İKİTELLİ O.S.B. ATATÜRK BUL.ÇELİK-YENAL MER. NO:60 KAT:2;İSTANBUL;BAŞAKŞEHİR;(212) 6711777;www.ar.com.tr;ar.com.tr;İİB-MOB.KAĞIT VE ORMAN İHR.BRL.
AKER EBATLAMA KAĞITÇILIK SANAYİ VE TİCARET LİMİTED ŞİRKETİ;İKİTELLİ OSB MAH. HESKOOP M3 BLOK SK. HESKOOP M3BLOK NO: 35;İSTANBUL;BAŞAKŞEHİR;(212) 6700245;https://www.akerkagit.com.tr/;akerkagit.com.tr;İİB-MOB.KAĞIT VE ORMAN İHR.BRL.
SOYLU MATBAA YAYIN KIRTASİYE SAN.TİC.LTD.ŞTİ;MALTEPE MH. LITROS YOLU 2.MATBAACILAR SİT. NO:ZN23;İSTANBUL;ZEYTİNBURNU;(212) 5443434;www.soylumatbaa.com.tr;soylumatbaa.com.tr;İİB-MOB.KAĞIT VE ORMAN İHR.BRL.
PİANO İTHALAT İHRACAT VELOJİSTİK HİZMETLERİ LİMİTED ŞİRKETİ;ESENYALI MAH E5YANYOL CADDESİ VARYAP PLAZA NO61 OFİS 126;İSTANBUL;TUZLA;(216) 4930045;http://www.piano.com.tr;piano.com.tr;İİB-MOB.KAĞIT VE ORMAN İHR.BRL.
SÜRMELİ TRİKO KONF. TURİZM SAN. VE TİC. LTD. ŞTİ. ;SANAYİ MH.ŞEHİT ORG.EŞREFBİTLİS CD.SANCAK SK.N:35 K:1;İSTANBUL;GÜNGÖREN;(212) 6377787;www.surmelitriko.com.tr;surmelitriko.com.tr;İİB-MOB.KAĞIT VE ORMAN İHR.BRL.
TEVERLER TEKS. AĞAÇ İNŞ. VE MTL. SAN. DIŞ TİC. LTD. ŞTİ. ;BOSTANCI YOLU CAD.KEYAP SAN.SİTESİ J-2 BLOK NO:166;İSTANBUL;ÜMRANİYE;(216) 4996671;www.teverlertekstil.com.tr;teverlertekstil.com.tr;İİB-MOB.KAĞIT VE ORMAN İHR.BRL.
UNIPRINT BASIM SAN. VE TIC. A.Ş.;ÖMERLİ MAH.HADIMKÖY-İSTANBUL CAD.NO:159 ;İSTANBUL;ARNAVUTKÖY;(212) 7982840;www.apa.com.tr;apa.com.tr;İİB-MOB.KAĞIT VE ORMAN İHR.BRL.
A4 GRAFIK MATBAACILIK YAY.REKL VE BIL.HIZM.LTD.ŞTI.;Ş.EVLER MAH.MAHMUTBEY CAD.MERIÇ SK.NO:26/1;İSTANBUL;BAHÇELİEVLER;(212) 4524099;www.a4grafik.com.tr;a4grafik.com.tr;İİB-MOB.KAĞIT VE ORMAN İHR.BRL.
EYLÜL OLUKLU MUKAVVA VE AMB. MALZ. İML. SAN. TİC. LTD. ŞTİ.;ARSLAN SK.NO:6;İSTANBUL;KÜÇÜKÇEKMECE;(212) 6963030;www.koli.com.tr;koli.com.tr;İİB-MOB.KAĞIT VE ORMAN İHR.BRL.
BUMESA GRUP MOBİLYA DEKORASYON MİMARLIK İNŞAAT SANAYİ VE TİCARET ANONİM ŞİRKETİ;23 NİSAN KÖROĞLU CAD. CANTÜRK D BLOK NO : 3;BURSA;NİLÜFER;(224) 0000000;http://www.bumesagrup.com;bumesagrup.com;İİB-MOB.KAĞIT VE ORMAN İHR.BRL.
GÖKHAN DEMİR;YUKARI DUDULLU MAH. MODOKO 2. SK. NO: 162;İSTANBUL;ÜMRANİYE;(216) 5262900;www.classhome.com.tr;classhome.com.tr;İİB-MOB.KAĞIT VE ORMAN İHR.BRL.
İNTEK YAPI ELEMANLARI SANAYİ VE TİCARET LİMİTED ŞİRKETİ;TATLIKUYU  MAH.DR.ZEKI ACAR CAD.NO.8;KOCAELI;GEBZE;02626421962;www.intekkalip.com.tr;intekkalip.com.tr;İİB-MOB.KAĞIT VE ORMAN İHR.BRL.
WORLD TRADE BUSİNESS PROJE YÖNETİMİ DIŞ TİCARET LTD.ŞTİ.;ATATÜRK MAH.GÜNER SOK.B1 BLOK SİTESİNO:1/1B İÇ KAPI:141;İSTANBUL;KÜÇÜKÇEKMECE;(212) 8906942;www.wtb.com.tr;wtb.com.tr;İİB-MOB.KAĞIT VE ORMAN İHR.BRL.
DEMKA MOB.MLZ.TAS.MOB.AGAÇ SAN .TIC.LTD.ŞTI.;SINANBEY MH. METAL IŞL. SAN.SIT. 55. SOKAK NO:5;BURSA;İNEGÖL;(224) 7148303;www.bellus.com.tr;bellus.com.tr;İİB-MOB.KAĞIT VE ORMAN İHR.BRL.
TUNA ÇELİK KAPI MOB.OTO DAMPER İNŞ.TUR.SAN.TİC.LTD.ŞTİ.;1.ORGANIZE SANAYI BÖLG.12.CAD.NO:51;KAYSERI;MELİKGAZİ;(352) 3220800;www.tunacelikkapi.com;tunacelikkapi.com;İİB-MOB.KAĞIT VE ORMAN İHR.BRL.
EBO TASARIM MÜHENDİSLİK MOBİLYA İNŞAAT VE DIŞ TİCARET LİMİTED ŞİRKETİ;İÇERENKÖY MAH. TOPÇU İBRAHİM SK. QUICK TOWER SİT.NO: 8-10D;İSTANBUL;ATAŞEHİR;(216) 0000000;http://www.ebotasarim.com.tr;ebotasarim.com.tr;İİB-MOB.KAĞIT VE ORMAN İHR.BRL.
KAMİTEKS TEKS. SAN. VE TİC. LTD. ŞTİ. ;YAVUZ SK.TRABZON İŞHANI NO:3/1;İSTANBUL;KAĞITHANE;(212) 2256552;www.kamiteks.com;kamiteks.com;İİB-MOB.KAĞIT VE ORMAN İHR.BRL.
ÇAĞDAŞ KAĞIT AMBALAJ SAN. VE TIC. LTD. ŞTİ.;LİTROS YOLU NO: 4/1 C BLOK;İSTANBUL;ZEYTİNBURNU;(212) 6741625;www.cagdaskagit.com;cagdaskagit.com;İİB-MOB.KAĞIT VE ORMAN İHR.BRL.
BATU DİZAYN MOBİLYA VE AKSESUARLARI NAKLİYE İNŞ. SAN VE TİC.LTD.ŞTİ;ERTUGRULGAZİ MAH. ALANYURT CAD. NO:10 ;BURSA;İNEGÖL;(224) 7149194;www.batudesign.com;batudesign.com;İİB-MOB.KAĞIT VE ORMAN İHR.BRL.
KUTAY MATBAACILIK SAN.VE TIC.L TD.ŞTI.;IKITELLI OR. SANAYI BÖLGESI.TRIKO CENTER M.6.BLOK BODRUM.1;İSTANBUL;KÜÇÜKÇEKMECE;(212) 6719355;www.nurigubuz.com.tr;nurigubuz.com.tr;İİB-MOB.KAĞIT VE ORMAN İHR.BRL.
MİNİMALATÖLYE REKLAMCILIK AJANSI TURİZM VE OTELCİLİK SANAYİ VE TİCARET LİMİTED ŞİRKETİ;ALTINŞEHİR MAHALLESİ 207. SOKAK NO:57 D:1;BURSA;NİLÜFER;(224) 0000000;http://minimalatölye.com;xn--minimalatlye-djb.com;İİB-MOB.KAĞIT VE ORMAN İHR.BRL.
YENİGÜN OYUN ALETLERİ MOBİLYA SAN VE DIŞ TİC. LTD.ŞTİ.;TERAZİDERE MAH. GÜNEŞ CAD. RÜYA SOK.NO:9;İSTANBUL;BAYRAMPAŞA;(212) 5772443;mail@yeniguntavla.com;yeniguntavla.com;İİB-MOB.KAĞIT VE ORMAN İHR.BRL.
BİKUTUMUTLULUK TASARIM ÜRÜNLERİ SANAYİ VE TİCARET ANONİM ŞİRKETİ;İDEALTEPE MH.ERAYKENT SİT.3. LOCA İDEALTEPE KON.BL.NO:31B;İSTANBUL;MALTEPE;(850) 3039336;www.bikutumutluluk.com;bikutumutluluk.com;İİB-MOB.KAĞIT VE ORMAN İHR.BRL.
ANT DENIZC.ÇELIK KONSTRÜKSIYON INŞ.MOB.SAN.TIC.LTD.ŞTI.;AYDINTEPE MAH.YAVUZ CAD.NO:21;İSTANBUL;TUZLA;(216) 4942801;www.antdenizcilik.com;antdenizcilik.com;İİB-MOB.KAĞIT VE ORMAN İHR.BRL.
TAM EGİTİM YAYINCILIK MATB.ELEKT.SAN.VE TİC.LTD.ŞTİ;ASKERİ FIRIN SOK GÜL SAN.SİT.A.BLOK NO:10  ;İSTANBUL;ZEYTİNBURNU;(212) 4821286;www.tammatbaa.com;tammatbaa.com;İİB-MOB.KAĞIT VE ORMAN İHR.BRL.
PRIZMA AMBALAJ SAN.VE TIC.LTD. ŞTI.      (K.G-IMZ.AT.IMZ.SI);DAVUTPAŞA CAD.DAVUTPAŞA EMINTAŞ SAN.SIT.NO:103/585;İSTANBUL;ZEYTİNBURNU;(212) 5018411;www.prizmaambalaj.com;prizmaambalaj.com;İİB-MOB.KAĞIT VE ORMAN İHR.BRL.
SADE OFSET MATBAACILIK AMBALAJ SANAYİ VE TİCARET LİMİTED ŞİRKETİ;100 YIL MAHALLESİ MATBAACILAR SİTESİ 2. CADDE NO:176-177;İSTANBUL;BAĞCILAR;(212) 6290339;www.sadeofset.com.tr;sadeofset.com.tr;İİB-MOB.KAĞIT VE ORMAN İHR.BRL.
MUHAMMET BURAK GONCA;YAMANEVLER MAH. AKGÜL SK. NO: 1 IÇ KAPI NO: 18;İSTANBUL;ÜMRANİYE;(212) 0000000;www.btsajans.com;btsajans.com;İİB-MOB.KAĞIT VE ORMAN İHR.BRL.
AL-MUKHTAR THE TRME AN. PREST. W.P. AND VOC. SAF. ME. MER. LİBYA TÜRKİYE İSTANBUL ŞUBESİ;ATATÜRK BULVARI EMLAK BANKASI B1 C31 N142 K5 D22;İSTANBUL;FATİH;(212) 5190098;www.elmuhtar.com.tr;elmuhtar.com.tr;İİB-MOB.KAĞIT VE ORMAN İHR.BRL.
TEKNOPLAS POLYESTER PLASTİK SANAYİ VE TİCARET ANONİM ŞİRKETİ;RAMAZANOĞLU MAH.SANAYİ CAD.NO:12-1 ;İSTANBUL;PENDİK;(216) 3782074;http://www.teknoplas.net;teknoplas.net;İİB-MOB.KAĞIT VE ORMAN İHR.BRL.
MAMOS DIŞ TİC.LTD.ŞTİ.;AKSARAY MAH. SİNEKLİ BAHÇE ARALIĞI SOK.ASİL APT BLOK NO:1A;İSTANBUL;FATİH;(212) 0000000;aaranso.com;aaranso.com;İİB-MOB.KAĞIT VE ORMAN İHR.BRL.
DETA AMBALAJ KAĞIT PLASTİK TEMİZLİK GIDA İTH. İHR. A.Ş.;TURGUT REİS MAH. FATİH BULVARI NO:281AİÇ KAPI:1;İSTANBUL;SULTANBEYLİ;;www.detaambalaj.com;detaambalaj.com;İİB-MOB.KAĞIT VE ORMAN İHR.BRL.
HOMİTİS DIŞ TİC LTD ŞTİ;YENİDOĞAN MH HİLAL SK NO 1/80;İSTANBUL;BAYRAMPAŞA;(212) 5442665;www.homitis.com;homitis.com;İİB-MOB.KAĞIT VE ORMAN İHR.BRL.
AAD DİZAYN DEKORASYON MİM. VE MÜH. HİZM. SAN. VE DIŞ TİC.LTD.ŞTİ;K. BAKKALKÖY MAH. VEDAT GÜNYOL CAD.DEFNE SOKNO:1 FLORA RECİDANCE K:5 D:511;İSTANBUL;ATAŞEHİR;(216) 6887380;www.aadarc.com;aadarc.com;İİB-MOB.KAĞIT VE ORMAN İHR.BRL.
GETPACK İÇ VE DIŞ TİCARET A.Ş;EKİNOBA MAH.MUSTAFA KEMAL BUL.D BLOKNO:7/3 İÇ KAPI NO:21 34500 ;İSTANBUL;BÜYÜKÇEKMECE;(212) 0000000; www.get-pack.com ;get-pack.com;İİB-MOB.KAĞIT VE ORMAN İHR.BRL.
ATLAS OFSET MATBAACILIK VE AMBALAJ SANAYİ VE TİCARET ANONİM ŞİRKETİ;YASSI ÖREN MAH. SARIGAZİ SOK. NO:9;İSTANBUL;ARNAVUTKÖY;(212) 6989320;www.atlasofset.com.tr;atlasofset.com.tr;İİB-MOB.KAĞIT VE ORMAN İHR.BRL.
RESLAN ETİKET BASKI VE AMBALAJ SAN. TİC. AŞ;BİRLİK CAD.AKASYA SOK. NO:13TELSİZ BEŞYOL;İSTANBUL;KÜÇÜKÇEKMECE;(212) 6240461;www.reslan.com.tr;reslan.com.tr;İİB-MOB.KAĞIT VE ORMAN İHR.BRL.
AKRA DIŞ TİCARET VE SAN. LTD. ŞTİ.;BARBAROS MH. MOR SÜMBÜL SK. DELUXRA  PALAS NO:5 İÇ KAPI NO:420;İSTANBUL;ATAŞEHİR;(850) 7338770;www.akradistacaret.com;akradistacaret.com;İİB-MOB.KAĞIT VE ORMAN İHR.BRL.
TIRTIL KİTAP YAYIN VE MAĞAZACILIK TİCARET ANONİM ŞİRKETİ;ALTUNİZADE MAH.ORD.PROF FAHRETTİN KERİM GÖKAY CAD.NO:38 İÇ KAPI NO :2;İSTANBUL;ÜSKÜDAR;(850) 8001080;http://www.tirtilkids.com;tirtilkids.com;İİB-MOB.KAĞIT VE ORMAN İHR.BRL.
BAYEZİT DIŞ TİC. TEKS. LTD. ŞTİ.;TERAZİDERE MAH.SEMA SK.NO:28;İSTANBUL;BAYRAMPAŞA;(212) 4930606;www.nursace.com.tr;nursace.com.tr;İİB-MOB.KAĞIT VE ORMAN İHR.BRL.
VİRA PROMOSYON VE BASKI HİZMETLERİ SANAYİ TİCARET LİMİTED ŞİRKETİ;ORUÇREİS MAH. TEKSTİLKENT CAD. TEKSTİLKENT SİTESİ  B05 BLOK NO: 10AH İÇ KAPI NO: 116;İSTANBUL;ESENLER;(212) 4385512;www.virapromosyon.com;virapromosyon.com;İİB-MOB.KAĞIT VE ORMAN İHR.BRL.
YELE PACK AMBALAJ İTH. İHR. SAN. VE TİC. LTD. ŞTİ.;KAZIMKARABEKİR MAH. 311. SOKAK NO:56 B1;İSTANBUL;BAĞCILAR;;www.yelepack.com;yelepack.com;İİB-MOB.KAĞIT VE ORMAN İHR.BRL.
TURAN KAGIT AMB.SAN.TIC.A.S.;87/2 SK NO:2;İZMİR;BORNOVA;02324799566;www.turankagit.com;turankagit.com;İİB-MOB.KAĞIT VE ORMAN İHR.BRL.
BK ETİKET KAĞIT KIRTASİYE SAN VE TİC.LTD.ŞTİ;OSMANİYE MAH. ÇIRPICI KOŞUYOLU SOK NO:5/2;İSTANBUL;BAKIRKÖY;(212) 5424576;www.bketiket.com;bketiket.com;İİB-MOB.KAĞIT VE ORMAN İHR.BRL.
DEKA DİZAYN MİMARİ UYGULAMA İNŞAAT TAAHHÜT SANAYİ VE TİCARET LİMİTED ŞİRKET;ZUHURATBABA MH.YÜCETARLA CD. N.23/2;İSTANBUL;BAKIRKÖY;(212) 5710053;http://www.dekamimarlik.com;dekamimarlik.com;İİB-MOB.KAĞIT VE ORMAN İHR.BRL.
BEST SELLER TEKS. SAN. İTH. İHR. DIŞ. TİC. LTD. ŞTİ.;OTO SANAYI SIT.AHMET BAYMANCAD.NO.18/8;İSTANBUL;KAĞITHANE;02122708010;www.finteks.com;finteks.com;İİB-MOB.KAĞIT VE ORMAN İHR.BRL.
ATS AMBALAJ ANONIM SIRKETI;KÜÇÜKÇEKMECE İKİTELLİ OSB MAH.MARMARA N BLOK SOKAK NO:2;İSTANBUL;KÜÇÜKÇEKMECE;(212) 4944650;www.atsambalaj.com.tr;atsambalaj.com.tr;İİB-MOB.KAĞIT VE ORMAN İHR.BRL.
ÇALIŞKAN  OFİS MOBİLYALARI A.Ş - SULTANBEYLİ ŞUBESİ;YUKARI DUDULLU MAH.MODOKA 3 CAD.NO:215İÇ KAPI NO:1;İSTANBUL;ÜMRANİYE;(216) 3133332;www.caliskanofis.com;caliskanofis.com;İİB-MOB.KAĞIT VE ORMAN İHR.BRL.
HARMAN BASKI VE KARTON AMBALAJ SAN. TİC. A.Ş.;BEYLİLKDÜZÜ OSB. MERMERCİLER SAN. SİT. 8. CAD NO:3/1 ODA:1 34524;İSTANBUL;BEYLİKDÜZÜ;(212) 8767282;www.harmanbaski.com;harmanbaski.com;İİB-MOB.KAĞIT VE ORMAN İHR.BRL.
EKŞIOĞLU ORMAN ÜR.TIC.VE SAN. LTD.ŞTI.;SAFA MAH. ATATÜRK CAD. NO:389;İSTANBUL;SANCAKTEPE;(216) 6711600;www.eksiogluorman.com.tr;eksiogluorman.com.tr;İİB-MOB.KAĞIT VE ORMAN İHR.BRL.
MERKER AMBALAJ GIDA SANAYİ VE TİCARET LTD.ŞTİ.;BATTALGAZİ MAHALLESİ MELEKOTU SOK AYTOP SİT.H BLOKNO:1H18 İÇ KAPI:1;İSTANBUL;SULTANBEYLİ;(216) 5721184;http://www.merkerambalaj.com;merkerambalaj.com;İİB-MOB.KAĞIT VE ORMAN İHR.BRL.
GARANTI TIFTRUK BASIM VE AMB. SAN. A.Ş;ÇOBANÇEŞME MAH NISH İSTANBUL RESİDENCE C BLOK KAT:8 DAİRE: 97;İSTANBUL;BAHÇELİEVLER;(212) 6599513;www.zumrut.com.tr;zumrut.com.tr;İİB-MOB.KAĞIT VE ORMAN İHR.BRL.
BARIŞ AMBALAJ KUTU PROMOSYON SAN. TİC. A.Ş;FİRUZKÖY MH BAĞLARİÇİ CD  UÇAR TEKS SİTUÇAR TEKSTİL APT NO 73/1;İSTANBUL;AVCILAR;(212) 4933785;www.kutucum.com;kutucum.com;İİB-MOB.KAĞIT VE ORMAN İHR.BRL.
HARAKA LOJISTIK IÇ VE DIS TICARET LIMITED SIRKETI;HÜRRIYET MAH. NADIDE SK. NO: 4 B IÇ KAPI NO: 37;İSTANBUL;KARTAL;(216) 0000000;http://www.harakatr.com;harakatr.com;İİB-MOB.KAĞIT VE ORMAN İHR.BRL.
BİENTEL MOBİLYA DEK VE İNŞ SAN TİC LTD ŞTİ;ESENŞEHİR MH M FEVZİ ÇAKMAK CD NO 39A;İSTANBUL;ÜMRANİYE;(216) 3642065;www.cimenmobilya.com;cimenmobilya.com;İİB-MOB.KAĞIT VE ORMAN İHR.BRL.
BTR REKLAMCILIK PAZ.VE DIŞ TİC LTD.ŞTİ;EĞİTİM MAH. ADIM SK. ATAK PLAZANO:4/31;İSTANBUL;KADIKÖY;(212) 3301602;www.btr.com.tr;btr.com.tr;İİB-MOB.KAĞIT VE ORMAN İHR.BRL.
ARK KAĞIT AMBALAJ SANAYİ VE TİCARET LİMİTED ŞİRKETİ;ZÜMRÜTEVLER MAH.SİNEM SK. NO:30/6;İSTANBUL;MALTEPE;(216) 0000000;https://www.arkambalaj.com/;arkambalaj.com;İİB-MOB.KAĞIT VE ORMAN İHR.BRL.
VATAN MAKİNA İMALAT SAN.VE  TİC. LTD. ŞTİ.;NAMIK KEMAL MAH.CEMAL GÜRSEL CAD. NO.6;İSTANBUL;ESENYURT;(212) 8869414;www.vatanmakina.com;vatanmakina.com;İİB-MOB.KAĞIT VE ORMAN İHR.BRL.
SERKAN UYSAL-STAR KAĞIT KARTON AMB.ÜRÜNL. İML.VE DIŞ.TİC;TEKSTİLKENT İŞ MERKEZİ B16 BLOK NO:16 ;İSTANBUL;ESENLER;(212) 4383824;www.starkagit.com.tr;starkagit.com.tr;İİB-MOB.KAĞIT VE ORMAN İHR.BRL.
AHS YILMAZ MATB.AMB.MAL.IML.INŞ MAK.ITH.IHR.SAN.VE TIC.LTD.ŞTI;KIŞLA CAD. İŞKENT TİCARET MERKEZİD BLOK 1.BODRUM KAT NO:29-31;İSTANBUL;BAYRAMPAŞA;(212) 4177157;www.yilmazmatbaacilik.com.tr;yilmazmatbaacilik.com.tr;İİB-MOB.KAĞIT VE ORMAN İHR.BRL.
CANSU ÖZÇELİK - BEST VİTRİN MANKEN;NAMIK KEMAL MAH 27 SOKAK NO:6\B;İSTANBUL;ESENLER;(212) 0000000;http://www.bestvitrinmanken.com.tr;bestvitrinmanken.com.tr;İİB-MOB.KAĞIT VE ORMAN İHR.BRL.
MAÇKA MOBİLYA SAN. VE TİC. LTD. ŞTİ.;KÜÇÜK SANAYİ SİTESİ AĞAÇİŞLER BÖLÜMÜ 12.SOKAK NO:41 ;BURSA;İNEGÖL;(224) 7155561;www.casettosofa.com;casettosofa.com;İİB-MOB.KAĞIT VE ORMAN İHR.BRL.
ADESA ORMAN ÜRÜNLERİ SANAYİ TİCARET LİMİTED ŞİRKETİ;AYDINLI MAH. AKINCI SK. KURT APT. NO:4A;İSTANBUL;TUZLA;(216) 0000000;http://www.adesaorman.com;adesaorman.com;İİB-MOB.KAĞIT VE ORMAN İHR.BRL.
NİKS GRUP İÇ VE DIŞ TİCARET ANONİM ŞİRKETİ;MAHMUTBEY MAH. TAŞOCAĞI YOLU CAD. B BLOKAĞAOĞLU MY OFFICE NO:3 İÇKAPI NO: 421;İSTANBUL;BAHÇELİEVLER;(212) 4412121;http://www.niksgrup.com;niksgrup.com;İİB-MOB.KAĞIT VE ORMAN İHR.BRL.
DEĞİRMEN SAN. VE TİC. AŞ;BASIN EXPRESS YOLU MEHMET AKİFMH.AKARSU SK.NO:4;İSTANBUL; ;(212) 4943333;www.degirmen.com.tr;degirmen.com.tr;İİB-MOB.KAĞIT VE ORMAN İHR.BRL.
MARKA İMALAT OFİS MOB SAN VE TİC LTD ŞTİ;YUKARI DUDULLU MODOKO MOB SİT NO 8/1;İSTANBUL;ÜMRANİYE;(216) 6115850;www.markaofismobilya.com;markaofismobilya.com;İİB-MOB.KAĞIT VE ORMAN İHR.BRL.
GLAMOROUS DESIGN MİMARLIK SANAYİ İÇ VE DIŞ TİCARET LİMİTED ŞİRKETİ;KARTALTEPE MAH. 1.MALAZGİRT CAD. B BLOK NO: 10 /1F;İSTANBUL;KÜÇÜKÇEKMECE;(212) 0000000;www.glamorous-design.com;glamorous-design.com;İİB-MOB.KAĞIT VE ORMAN İHR.BRL.
İZREK OTOMOTİV SANAYİ VE TİCARET ANONİM ŞİRKETİ;ATATÜRK CD.NO:127/A;SAKARYA;ARİFİYE;(264) 2295495;www.sakaryaizreklam.com.tr;sakaryaizreklam.com.tr;İİB-MOB.KAĞIT VE ORMAN İHR.BRL.
UNİSON DIŞ TİCARET VE AMBALAJ SANAYİ ANONİM ŞİRKETİ;İSTOÇ 33.ADA NO:61/63;İSTANBUL;BAĞCILAR;(212) 6596100;www.unison.com.tr;unison.com.tr;İİB-MOB.KAĞIT VE ORMAN İHR.BRL.
ZORLUTEKS TEKSTİL TİC. VE SAN. AŞ;BÜYÜKDERE CD. NO:199 LEVENT ŞİŞLİ;İSTANBUL;ŞİŞLİ;(212) 4562000;www.zorlu.com;zorlu.com;İİB-MOB.KAĞIT VE ORMAN İHR.BRL.
ERTAŞ MODERN MOBILYA SAN.VE TIC.LTD.ŞTI.;KALBURT MEVKİİ BURSA KARAYOLU ÜZERİ 5. KM ;BURSA;İNEGÖL;(224) 7142526;www.familygroup.com.tr;familygroup.com.tr;İİB-MOB.KAĞIT VE ORMAN İHR.BRL.
HİTİT SERAMİK SAN. VE TİC. AŞ;MEHMETÇİK CAD.NO: 112 FULYA;İSTANBUL;ŞİŞLİ;(212) 2166630;www.hititseramik.com.tr;hititseramik.com.tr;İİB-MOB.KAĞIT VE ORMAN İHR.BRL.
ASM MERCAN MOBİLYA ORMAN ÜR. İNŞ MALZ İTH..İHR. SAN VE TİC.LTD.ŞTİ;SÜLEYMANİYE OSB MAH 2 CADDE NO:6 ;BURSA;İNEGÖL;(224) 7149505;www.visionmobilya.com;visionmobilya.com;İİB-MOB.KAĞIT VE ORMAN İHR.BRL.
İVME PLASTİK AMB SAN TİC LTD ŞTİ;HESKOOPIS SİNPAŞ İŞ MODERN SAN SIT. J BLK NO: 33;İSTANBUL;BAŞAKŞEHİR;(212) 0000000;http://www.ivmeplastik.com;ivmeplastik.com;İİB-MOB.KAĞIT VE ORMAN İHR.BRL.
REDA İNŞAAT TAAHHÜT ANONİM ŞİRKETİ;VİŞNEZADE MAH. SÜLEYMAN SEBA CAD. NO: 79 -1;İSTANBUL;BEŞİKTAŞ;(212) 3430805;www.reda-turkey.com;reda-turkey.com;İİB-MOB.KAĞIT VE ORMAN İHR.BRL.
STİLNET BASIM HİZ. SAN. VE TİC. LTD. ŞTİ.;CUMHURİYET MAH.HÜDAVENDİGAR SK.NO:34/2 ;İSTANBUL;KARTAL;(216) 3873044;http://www.stilnet.com.tr;stilnet.com.tr;İİB-MOB.KAĞIT VE ORMAN İHR.BRL.
HÜSEYİN DEVRİM - LİBERT GRAFİK ;TOPKAPI LİTROS YOLU 2.MATBAACILAR SİT.4ND8;İSTANBUL;ZEYTİNBURNU;(212) 6132915;www.libartgrafik.com.tr;libartgrafik.com.tr;İİB-MOB.KAĞIT VE ORMAN İHR.BRL.
ERGİN MATBAACILIK DIŞ TİC.İTH.VE İHR.LTD;DAVUTPAŞA CADDESİ BESLER İŞ MERKEZİ NO : 47;İSTANBUL;ZEYTİNBURNU;(212) 5449764;https://www.erginmatbaacilik.com/;erginmatbaacilik.com;İİB-MOB.KAĞIT VE ORMAN İHR.BRL.
PİMMS ULUSL. REKL. ÜRÜN. SAN. AŞ;NATO C. N:45 PIMMS BINASI;İSTANBUL;KAĞITHANE;02122841177;www.pimms.com;pimms.com;İİB-MOB.KAĞIT VE ORMAN İHR.BRL.
DIVAPAN ENTEGRE AĞAÇ PANEL SAN TIC.A.Ş.;YIĞILCA YOLU TOKUŞLAR KÖYÜÜZERİ;DÜZCE;MERKEZ;(380) 5238393;www.divapan.com.tr;divapan.com.tr;İİB-MOB.KAĞIT VE ORMAN İHR.BRL.
BÜROSEREN MOBILYA DEK.INŞ.SAN. VE TIC.A.Ş.;SÜTLÜCE MAH.İMRAHOR CAD.ZOR BAYIR SOK.NO:11 K:2;İSTANBUL;BEYOĞLU;(212) 2569390;www.buroseren.com;buroseren.com;İİB-MOB.KAĞIT VE ORMAN İHR.BRL.
BEP HOLOGRAM A.Ş.;BUYAKA 2 SİTESİ FATİH SULTAN MEHMET MAH.POLİGOM CAD. NO:8/C  TEPEÜSTÜ  ;İSTANBUL;ÜMRANİYE;(212) 5051031;www.bephologram.com;bephologram.com;İİB-MOB.KAĞIT VE ORMAN İHR.BRL.
ARNO İSTANBUL DİZAYN ÜRETİM VE SUNUM SİS.TEM.SAN.VE TİC.LTD.ŞTİ;"SARAY MAH. SOKULLU SOK. SURYAPI DORAPARK SİT.A-67, 34768";İSTANBUL;ÜMRANİYE;(212) 6920245;www.arno-online.com;arno-online.com;İİB-MOB.KAĞIT VE ORMAN İHR.BRL.
BURHAN ÇELIK AHŞAP MAMÜLLERI SAN.VE TIC.LTD.ŞTI.;BOLU İSTANBUL KARAYOLU 13.KM.ABANT KAVŞAĞI;BOLU; ;(374) 2252340;www.burhancelik.com;burhancelik.com;İİB-MOB.KAĞIT VE ORMAN İHR.BRL.
ESER MOBİLYA DEKORASYON SANAYİ VE TİC.LTD.ŞTİ;ŞİRİNTEPE MAH.GÜMÜŞHANE CAD.ABİDE SOK NO:21;İSTANBUL;KAĞITHANE;(212) 2701050;www.esermobilyatasarım.com;xn--esermobilyatasarm-rvc.com;İİB-MOB.KAĞIT VE ORMAN İHR.BRL.
ALİ DÜZGÜN EMİRHAN AHŞAP;SANAYİ MAH KUDÜS SOK NO 42/6 İÇ KAPI NO 1;İSTANBUL;PENDİK;(216) 6600431;http://www.emrhanahsap.com;emrhanahsap.com;İİB-MOB.KAĞIT VE ORMAN İHR.BRL.
HONEYHOME OTOMASYON BILISIM VE INSAAT SANAYI TICARET LIMITED SIRKETI;IÇERENKÖY MAH. ESKI EVLER SK. YÖN PLAZA NO: 11IÇ KAPI NO: 5;İSTANBUL;ATAŞEHİR;(216) 4661636;www.honeyhome.com;honeyhome.com;İİB-MOB.KAĞIT VE ORMAN İHR.BRL.
EXEN PANEL SANAYİ TİCARET LİMİTED ŞİRKETİ;TANTAVİ MAH. ESTERGON CAD. EXEN İSTANBUL F BLOK NO;İSTANBUL;ÜMRANİYE;(216) 3840665;http://www.stonepanel.com.tr;stonepanel.com.tr;İİB-MOB.KAĞIT VE ORMAN İHR.BRL.
THE MOB GLOBAL MOBİLYA DIŞ TİCARET LTD.ŞTİ;YENI MAHALLE MAH. GALERI CAD. BIÇAKÇILAR MOBILYA NO: 8 A IÇ KAPI NO: 1;İSTANBUL;GAZİOSMANPAŞA;(212) 4772919;www.bicakcilarmobilya.com;bicakcilarmobilya.com;İİB-MOB.KAĞIT VE ORMAN İHR.BRL.
ANADOLU PROMOSYON EĞITIM MATBAACILIK SAN.VE TIC.LTD.ŞTI;ORTA MAH. ŞEFFAF SOK  CANAYAKIN SİT B/BLOK NO:11/D;İSTANBUL;BAYRAMPAŞA;(212) 6122045;www.anadolupromosyon.com;anadolupromosyon.com;İİB-MOB.KAĞIT VE ORMAN İHR.BRL.
KATALİZ YAZILIM DANIŞMANLIK AMBALAJ SAN TİC.LTD.ŞTİ;ESENŞEHİR MAH MURADİYE SOK NO:18/A;İSTANBUL;ÜMRANİYE;(216) 0000000;www.forest.com.tr;forest.com.tr;İİB-MOB.KAĞIT VE ORMAN İHR.BRL.
SAYIM TEKS. SAN. İÇ VE DIŞ TİC. LTD. ŞTİ. ;MİTHATPAŞA CD.BADEM SK.NO:11YENİBOSNA;İSTANBUL;BAHÇELİEVLER;(212) 6520452;www.dumangroup.com;dumangroup.com;İİB-MOB.KAĞIT VE ORMAN İHR.BRL.
ANİKYA İZNİK ÇİNİ VE SER.SAN. TİC.LTD.ŞTİ.;BURHANİYE MAH.BEY BOSTANI SOK.ADIGÜZEL VİLLALARI NO:32A;İSTANBUL;ÜSKÜDAR;(216) 4228841;www.anikya.com;anikya.com;İİB-MOB.KAĞIT VE ORMAN İHR.BRL.
TEVER ENTEGRE AGAÇ ISLETMELERI SANAYI VE TICARET ANONIM SIRKETI;YUKARI DUDULLU MAH. BAYRAK CAD. NO:30İÇ KAPI NO:130;İSTANBUL;ÜMRANİYE;; www.teverentegre.com ;teverentegre.com;İİB-MOB.KAĞIT VE ORMAN İHR.BRL.
HOTTO BILISIM SANAYI VE DIS TICARET LIMITED SIRKETI;OSMANAGA MAH. BASÇAVUS SK. BAYRAKTAR IS HANI NO: 1;İSTANBUL;KADIKÖY;(212) 0000000;http://www.hotto.com.tr;hotto.com.tr;İİB-MOB.KAĞIT VE ORMAN İHR.BRL.
GAMMA  MATBAA VE AMB. SAN. İTH.İHR.DIŞ TİC.LTD.ŞTİ.;MERKEZ MAH. ATATÜRK CD. GÖL SK. NO:1 ;İSTANBUL;BAHÇELİEVLER;(212) 6564997;www.gammapromotion.com;gammapromotion.com;İİB-MOB.KAĞIT VE ORMAN İHR.BRL.
DERYA MÜCELLIT SAN. VE TIC. LTD. ŞTI.;YAKUPLU MAH.GÖÇMEN SOK. NO:1 İÇ KAPI:151;İSTANBUL;BEYLİKDÜZÜ;(212) 5010272;www.deryamucellit.com;deryamucellit.com;İİB-MOB.KAĞIT VE ORMAN İHR.BRL.
PLASET PLASTIK AMBALAJ SAN.VE TIC.A.S.;GÜMÜŞSUYU CAD.CEBEALİBEY SK.NO:10/1;İSTANBUL;EYÜP;(212) 4824342;www.plasetplastik.com;plasetplastik.com;İİB-MOB.KAĞIT VE ORMAN İHR.BRL.
ÖZDEMİRLER KAPI DÜNYASI MOBİLYA İNŞAAT SANAYİ VE TİCARET LTD.ŞTİ.;OSMANİYE MAH.GENÇLER SK.NO: 11;BURSA;İNEGÖL;(224) 7185050;www.kapi.com.tr;kapi.com.tr;İİB-MOB.KAĞIT VE ORMAN İHR.BRL.
FEDTRANS LOJİSTİK DIŞ TİC.LTD.ŞTİ.;MESİHPAŞA MAH. ORDU CAD NO:99/3;İSTANBUL;FATİH;(212) 4584707;www.fedtrans.net;fedtrans.net;İİB-MOB.KAĞIT VE ORMAN İHR.BRL.
DEKARE PROJE YÖNETİMİ İNŞAAT LTD.ŞTİ.;ŞERİFALİ MAH. KIZKALESİ SOK ELİTE PLAZA A BLOK APT1A-12;İSTANBUL;ÜMRANİYE;(216) 0000000;www.dekare.com;dekare.com;İİB-MOB.KAĞIT VE ORMAN İHR.BRL.
LAMAZI AHŞAP ELEKTR. AYDINLTMA SAN. VE TIC. LTD. ŞTI.;ŞERIF ALI ÇIFTLIĞI BARBAROS CDBEYAN SOK. NO:22;İSTANBUL;ÜMRANİYE;(216) 5401617;www.lamazi.com.tr;lamazi.com.tr;İİB-MOB.KAĞIT VE ORMAN İHR.BRL.
NEPTÜN KIRTASİYE BİLGİSAYAR GIDA TEM MALİÇ VE DIŞ TİC.LTD.ŞTİ.;ORUÇ REİS MAH. VADİ CAD. GİYİMKENT SİTESİ NO:120;İSTANBUL;ESENLER;(212) 2725030;www.neptun.com;neptun.com;İİB-MOB.KAĞIT VE ORMAN İHR.BRL.
KİFİDİS ORTOPEDİ SAN. VE TUR. TİC. AŞ;BOMONTI AHENK SK. NO:2;İSTANBUL;ŞİŞLİ;02122968303;www.kifidis.com.tr;kifidis.com.tr;İİB-MOB.KAĞIT VE ORMAN İHR.BRL.
HİMA TURİZM SANAYİ TİCARET LİMİTED ŞİRKETİ;H.PAŞA MAH. HUDAVENDİĞAR CAD. 3 NOLU :10/1-2 ;İSTANBUL;FATİH;(212) 5140540;https://hotelblacktulip.com/;hotelblacktulip.com;İİB-MOB.KAĞIT VE ORMAN İHR.BRL.
SERKAN MATBAACILIK SAN.VE TİC. LTD.ŞTİ;KERESTECİLER SİTESİ LİMON SOK.NO:18/1-2;İSTANBUL;GÜNGÖREN;212-5576700-3HT;www.serkanetiket.com.tr;serkanetiket.com.tr;İİB-MOB.KAĞIT VE ORMAN İHR.BRL.
VEFA GROUP PAZARLAMA REKLAM İÇ VE DIŞ TİCARET LİMİTED ŞİRKETİ;"İSKENDERPAŞA, YEŞİL TEKKE KUYULU SK.,NO21/6";İSTANBUL;FATİH;(212) 0000000;http://vefaintgroup.com;vefaintgroup.com;İİB-MOB.KAĞIT VE ORMAN İHR.BRL.
BUMERANG KUTU AMBALAJ SAN. VE TIC. LTD. ŞTI.;SEYRANTEPE MAH. SÜVARİ SOK. NO:6;İSTANBUL;KAĞITHANE;(212) 2686648;www.bumerangkutu.com;bumerangkutu.com;İİB-MOB.KAĞIT VE ORMAN İHR.BRL.
KARAER KARDEŞLER KUYUMCU MAKİNELERİ İMAL SAN. VE TİC. LTD. ŞTİ.;KUYUMCUKENT ATÖLYE BLOK BODRUM KAT NO:31;İSTANBUL;BAHÇELİEVLER;(212) 6031704;www.karaerkardesler.com;karaerkardesler.com;İİB-MOB.KAĞIT VE ORMAN İHR.BRL.
ARTİST SANAT TASARIM LTD.ŞTİ.;İKİTELLİ OSB MAH. AYKOSAN 6 LI D BLOK SK. AYKOSAN 6 LI D BLOK NO: 1 D İÇ KAPI NO: 138;İSTANBUL;BAŞAKŞEHİR;(212) 6718521;http://www.artistsanat.com;artistsanat.com;İİB-MOB.KAĞIT VE ORMAN İHR.BRL.
LYDİA BİSİKLET İTH.İHR. GAYRİMENKUL YATIRIM PAZ. VE TİC.LTD.ŞTİ.;MURAT PASA MAH.SOFTA SINAN SOKNO.17/11;İSTANBUL;FATİH;;www.dunyanl.com;dunyanl.com;İİB-MOB.KAĞIT VE ORMAN İHR.BRL.
KIZIL KAYAN YATÇILIK TURZ.SAN..VE TIC.LTD.ŞTI.;EVLİYA ÇELEBİ MAH. TERSANELER BÖLGESI NUH SAN.SITESI A BLOK NO:1;İSTANBUL;TUZLA;(216) 3952931;www.kizilkayan.com;kizilkayan.com;İİB-MOB.KAĞIT VE ORMAN İHR.BRL.
TUTKU KIRTASİYE MATBAA BİLGİSAYAR GIDA NAKLİYAT SAN.VE TİC.LTD.ŞTİ.;HASTANE MAH.GÜLDALI SOKAK NUMARA:9A/1;İSTANBUL;ARNAVUTKÖY;(212) 7712358;www.tutkukirtasiye.com.tr;tutkukirtasiye.com.tr;İİB-MOB.KAĞIT VE ORMAN İHR.BRL.
KALİTE BARKOD ETİKET VE KAĞIT SANAYİ TİCARET LİMİTED ŞİRKETİ;İKİTELLİ ORGANİZE SANAYİ BÖLGESİ HESKOP SANAYİ SİTM9 BLOK NO.158;İSTANBUL;BAŞAKŞEHİR;(212) 8303498;http://www.kalitebarkod.com;kalitebarkod.com;İİB-MOB.KAĞIT VE ORMAN İHR.BRL.
SANCAK KARTON BASIM VE AMB.SAN.TİC.LTD.ŞTİ;İZZET PAŞA MAH. YENİ YOL CAD. NUROL TOWER NO: 3 İÇ KAPI NO: 303;İSTANBUL;ŞİŞLİ;(212) 8767048;www.sancakkarton.com;sancakkarton.com;İİB-MOB.KAĞIT VE ORMAN İHR.BRL.
ZER AHŞAP VE MOBİLYA SAN.TİC.LTD.ŞTİ.;YUKARI DUDULLU MAH. TİBET SOK NO:4A;İSTANBUL;ÜMRANİYE;(216) 4201166;www.zermobilya.com;zermobilya.com;İİB-MOB.KAĞIT VE ORMAN İHR.BRL.
VANEZZİ AHŞAP ÜRÜNLERİ SANAYİ VE TİCARETLİMİTED ŞİRKETİ;ADLİYE MAH. ESKİŞEHİR CAD. NO: 293 ;SAKARYA;ARİFİYE;(264) 2787929;http://www.vanezzi.com/;vanezzi.com;İİB-MOB.KAĞIT VE ORMAN İHR.BRL.
LİNEA GİYİM SAN. VE TİC. LTD. ŞTİ.;LİTROS YOLU YOL SK.NO:1 K:2 MALTEPE-TOPKAPI;İSTANBUL;ZEYTİNBURNU;(212) 6137890;www.linealtd.com;linealtd.com;İİB-MOB.KAĞIT VE ORMAN İHR.BRL.
MARJİNAL ALIŞVERİŞ HİZMETLERİ VE DERİ SAN. TİC. AŞ;ALI RIZA GÜRCAN CAD. NO:1;İSTANBUL;GÜNGÖREN;(212) 4816578;www.marjinalderi.com;marjinalderi.com;İİB-MOB.KAĞIT VE ORMAN İHR.BRL.
KULE PALET SANAYİ TİCARET LİMİTED ŞİRKETİ;YENİ KARAMAN MAH.SANAYİ CAD.NO:150 A;BURSA;OSMANGAZİ;(224) 0000000;http://https://www.kulepallet.com/;https;İİB-MOB.KAĞIT VE ORMAN İHR.BRL.
PAYANDA METAL MOBİLYA SANAYİ VE TİCARET LİMİTED ŞİRKETİ;"YUKARI DUDULLU MAHALLESİ, NATOYOLU CD  NO 141";İSTANBUL;ÜMRANİYE;(216) 5274996;www.atilimmetal.com;atilimmetal.com;İİB-MOB.KAĞIT VE ORMAN İHR.BRL.
GÖRÜR ÇEKYAT-MEFŞ.ORM.ÜR.NAKL. SAN.VE TIC.LTD.ŞTI.;TAŞKÖPRÜ KÖYÜ ES MH. NO:56;DÜZCE;MERKEZ;(380) 5375003;www.epika.com.tr;epika.com.tr;İİB-MOB.KAĞIT VE ORMAN İHR.BRL.
BONMAR YAPI SANAYI VE TICARET ANONIM SIRKETI;YAMANEVLER MAH. SITEYOLU CAD. ANEL IS MERKEZI NO: 5 -4 ;İSTANBUL;ÜMRANİYE;(216) 5755550;https://bonmar.com.tr/;bonmar.com.tr;İİB-MOB.KAĞIT VE ORMAN İHR.BRL.
AKIN YILDIZ PLASTIK AMBALAJ SAN.VE TIC. A.S.;TERAZIDERE MAH.HAKAN SOK NO.20;İSTANBUL;BAYRAMPAŞA;(212) 5766876;www.akinplastikambalaj.com.tr;akinplastikambalaj.com.tr;İİB-MOB.KAĞIT VE ORMAN İHR.BRL.
ISTANBUL MASURA SAN.TIC.LTD. ŞTI.;İST. DERİ OSB. GÜDERİ CAD.F-7 PARSEL TUZLA İST.;İSTANBUL;TUZLA;(216) 3944422;www.istanbulmasura.com;istanbulmasura.com;İİB-MOB.KAĞIT VE ORMAN İHR.BRL.
ÖZEL ETİKET BARKOD AMBALAJ VE OTOMASYON SİSTEMLERİ LİMİTED ŞİRKETİ; ORTA MAH. GÜLAY SK. NO:24 İÇ KAPI NO:3;İSTANBUL;KARTAL;(216) 3150096;http://www.ozeletiket.com.tr;ozeletiket.com.tr;İİB-MOB.KAĞIT VE ORMAN İHR.BRL.
SAFİRPAK AMB. SAN VE TİC LTD.ŞTİ;MALTEPE MH. ÇİFTEHAVUZLAR SK.HAYDARBEY SAN. SİT. NO:9/18-20;İSTANBUL;ZEYTİNBURNU;(212) 5017432;www.safirpak.com.tr;safirpak.com.tr;İİB-MOB.KAĞIT VE ORMAN İHR.BRL.
TİMURLAR MOBİLYA KOL.TEK.SAN.VE TİC.LTD.ŞTİ ;MAHMUDİYE MAH.12.SOK.NO:43;BURSA;İNEGÖL;(224) 7185151;www.timurline.com;timurline.com;İİB-MOB.KAĞIT VE ORMAN İHR.BRL.
BUĞRA PAZARLAMA İTH.İHR. LTD.ŞTİ;M. BEY MAH. İSTOÇ TOP. ÇARŞISI  17. ADA NO:123 ;İSTANBUL;BAĞCILAR;(850) 2232649;www.bugrapazarlama.com;bugrapazarlama.com;İİB-MOB.KAĞIT VE ORMAN İHR.BRL.
HALIL YILDIZ;EMIN SINAN MAH.PIYERLOTTI CAD.PERTEV PAŞA SOK.NO:45 D:1;İSTANBUL;FATİH;(212) 5183575;www.aktifdekor.com;aktifdekor.com;İİB-MOB.KAĞIT VE ORMAN İHR.BRL.
BUBİNGA PARKE DEKO.SAN.VE TİC. LTD.ŞTİ.;FULYA MAH.DENİZHAN SOK.NO:2/AB;İSTANBUL;ŞİŞLİ;(212) 3477225;www.bubinga.com.tr;bubinga.com.tr;İİB-MOB.KAĞIT VE ORMAN İHR.BRL.
KBR MİMARLIK VE İNŞ.SAN.TİC.LTD.ŞTİ;ORHANGAZİ MAH. UZUNCA SOK NO:5/C;İSTANBUL;PENDİK;(216) 4931806; www.kbrmimarlik.com ;kbrmimarlik.com;İİB-MOB.KAĞIT VE ORMAN İHR.BRL.
EFFİX GLOBAL DIŞ TİCARET LİMİTED ŞİRKETİ;ÇIRÇIR MAH. GİDEN CAD. NO: 10-18/ 38 ;İSTANBUL;EYÜP;(216) 5735530;http://www.effixglobal.com;effixglobal.com;İİB-MOB.KAĞIT VE ORMAN İHR.BRL.
AYPACK AMBALAJ SANAYİ TİCARET LİMİTED ŞİRKETİ;GÖKEVLER MH. 2312 SK. C BLOK NO:16 C-İÇ KAPI NO:13;İSTANBUL;ESENYURT;(212) 8520716;http://www.aypackambalaj.com;aypackambalaj.com;İİB-MOB.KAĞIT VE ORMAN İHR.BRL.
FOCUS DEKORASYON İÇ VE DIŞ TİCARET SANAYİ ANONİM ŞİRKETİ;ORTABAYIR MAH. ŞAİR ÇELEBİ SK. GÜRTAŞ İŞ MRK.NO:1/3;İSTANBUL;KAĞITHANE;(212) 0000000;www.cabinetatelier.com;cabinetatelier.com;İİB-MOB.KAĞIT VE ORMAN İHR.BRL.
DİA DİJİTAL BASKI VE TANITIM SİST. SAN TİC.LTD.ŞTİ.; YILMAZ SOK NO:11;İSTANBUL;KAĞITHANE;(212) 2698888;www.diareklam.com;diareklam.com;İİB-MOB.KAĞIT VE ORMAN İHR.BRL.
CEVHER  MADENCİLİK  İNŞAAT GIDA SANAYİ VE DIŞ TİCARET LİMİTED ŞİRKETİ;GEBECELER YOLU NO:16;AFYON;AFYONKARAHİSAR;(212) 5284626;www.cevhermadencilik.com.tr;cevhermadencilik.com.tr;İİB-MOB.KAĞIT VE ORMAN İHR.BRL.
ORİGALERİA MOBİLYA SANAYİ VE TİCARET LTD ŞTİ;İKİTELLİ OSB MAH.MASKO 17A BLIK SK N.4/4;İSTANBUL;BAŞAKŞEHİR;(212) 2712271;http://www.origaleria.com.tr;origaleria.com.tr;İİB-MOB.KAĞIT VE ORMAN İHR.BRL.
TDS DIŞ TİCARET LTD.ŞTİ;KEMALPAŞA MAH.PARK CAD.14/10 ;BURSA;İNEGÖL;(224) 7160120;www.sedatgunduz.com;sedatgunduz.com;İİB-MOB.KAĞIT VE ORMAN İHR.BRL.
HAMLE OFİS MOBİLYALARI SANAYİ VE TİCARET LİMİTED ŞİRKETİ;ÇOBANÇEŞME MAH. ALTAY SK. NO:9;İSTANBUL;BAHÇELİEVLER;(212) 6370460;http://www.hamleofis.com;hamleofis.com;İİB-MOB.KAĞIT VE ORMAN İHR.BRL.
AKTAA GROUP İTH.İHR. TİC.LTD.ŞTİ;AKÇABURGAZ MAH. 1575. SK. ALKOOP SAN B6 BLOK NO: 6 B IÇ KAPI NO: 10 ;İSTANBUL;ESENYURT;(212) 8581614; https://www.aktaagroup.com;aktaagroup.com;İİB-MOB.KAĞIT VE ORMAN İHR.BRL.
BAREKS BASKILI ETİKET SİSTEMLERİ SAN.DIŞ TİC.LTD.ŞTİ.;ÇENGELKÖY MAHALLESİ HAZRETİ HAMZA CAMİİ SOKAKNO : 2 / 11 KAT 2;İSTANBUL;ÜSKÜDAR;(850) 2270357;http://www.barex.com.tr;barex.com.tr;İİB-MOB.KAĞIT VE ORMAN İHR.BRL.
ARIN ORMAN ÜRÜNLERİ SAN.TİC.A.Ş.;YUKARI DUDULLU MH. SEMT NECİP FAZIL BULVARI NO:441/54 İÇ KAPI:1;İSTANBUL;ÜMRANİYE;(216) 4203939;www.arin.com.tr;arin.com.tr;İİB-MOB.KAĞIT VE ORMAN İHR.BRL.
YANIKÇIOĞLU MOBILYA DEKORASYON SAN. VE TIC. LTD. ŞTI.;MODOKO SAN. SITESI 3.CADDE NO:228 YUKARI DUDULLU;İSTANBUL;ÜMRANİYE;(216) 3131388;www.ambiance-mobilya.com;ambiance-mobilya.com;İİB-MOB.KAĞIT VE ORMAN İHR.BRL.
LİVA GÜMRÜK MÜŞAVİRLİĞİ VE LOJİSTİK A.Ş.;ŞENLİKKÖY MAH.YENİBAĞLAR SOK.BEKAN VİLLA NO:29/1;İSTANBUL;BAKIRKÖY;(212) 0000000;http://www.livagumruk.com;livagumruk.com;İİB-MOB.KAĞIT VE ORMAN İHR.BRL.
STÜDYO KA MİMARLIK VE MOBİLYA TİCARET LTD. ŞTİ.;İST. ORG. SAN. BÖL. BAKIR VE PİRİNÇ SAN. SİT.KARANFİL CAD. NO:9/2;İSTANBUL;BEYLİKDÜZÜ;(212) 8751195;www.studyoka.com;studyoka.com;İİB-MOB.KAĞIT VE ORMAN İHR.BRL.
BAYRAK AĞAÇ ÜRÜN. SAN. VE TİC. A.Ş;TEKELER MAH. 45 CAD.NO:14;SAKARYA;ADAPAZARI;(264) 3233993;www.bayrakagac.com;bayrakagac.com;İİB-MOB.KAĞIT VE ORMAN İHR.BRL.
ALEMDAR PLAS.VE KIRTASIYE SAN. VE TIC.A.Ş.;ORTAKÖY MAH İLTER BULVARI  NO 15 /B D1;İSTANBUL;SİLİVRİ;(212) 7343675;www.alemdarsan.com;alemdarsan.com;İİB-MOB.KAĞIT VE ORMAN İHR.BRL.
TİMTAŞ KONF. MALZ. VE RAF. SAN. TİC. LTD. ŞTİ. ;HÜRRİYET CD.ZİYA GÖKALP MH.SARAÇLAR SAN.SİT.KARŞ.NO:183/2 ;İSTANBUL;BAŞAKŞEHİR;(212) 6704664;www.timtas.com;timtas.com;İİB-MOB.KAĞIT VE ORMAN İHR.BRL.
ŞAHİN BÜRO MOBİLYALARI SAN. VE TİC. LTD. ŞTİ.;ORTA MAH.NAR SK.NO:17 İÇK:1;İSTANBUL;BAYRAMPAŞA;(850) 3028088;http://www.hawkchair.com;hawkchair.com;İİB-MOB.KAĞIT VE ORMAN İHR.BRL.
ASRA TREND MOBİLYA DEKORASYON SAN. VE TİC. LTD. ŞTİ.;ŞİRİNTEPE MAH.AKÇA SOK.NO:7/E ;İSTANBUL;KAĞITHANE;(212) 2806858;http://www.asratrend.com.tr;asratrend.com.tr;İİB-MOB.KAĞIT VE ORMAN İHR.BRL.
SUPER AHŞAP DENİZCİLİK SAN VE TİC.A.Ş;YAYLA MAH.VATAN CAD. KARAOĞLAN SOK 21/A;İSTANBUL;TUZLA;(216) 7012343;www.wood-marin.com;wood-marin.com;İİB-MOB.KAĞIT VE ORMAN İHR.BRL.
GENERİS BİLİŞİM VE DANIŞMANLIK A.Ş;RÜZGARLIBAHÇE MAH. ÇINAR SK. NO:3 İÇ KAPI NO:3;İSTANBUL;BEYKOZ;(216) 6804428;www.generistech.com;generistech.com;İİB-MOB.KAĞIT VE ORMAN İHR.BRL.
FERBEK MİMARLIK İNŞAAT MOBİLYA DEKORASYON GIDA SANAYİ VE TİCARET LİMİTED ŞİRKETİ;İKİTELLİ OSB MAH.MASKO 3B1 BLK SK.MASKO SİT.3B1 BL.NO:28/28;İSTANBUL;BAŞAKŞEHİR;(212) 0000000;http://info@ferbek.com;ferbek.com;İİB-MOB.KAĞIT VE ORMAN İHR.BRL.
ARDASAN SANDALYE KOLTUK MOBİLYA TEKSTİL VE ORMAN ÜRÜNLERİ SANAYİ TİCARET LTD.ŞTİ.;MAHMUDİYE MAH. 20.MOBİLYA SK. NO:3/F;BURSA;İNEGÖL;(224) 7141485;www.ardasandalye.com;ardasandalye.com;İİB-MOB.KAĞIT VE ORMAN İHR.BRL.
SEMBOL BILIŞIM VE MATBAACILIK SAN.VE .TIC.LTD.ŞTI.;KÜÇÜKYALI İŞ MERKEZİ GIRNE MAH.IRMAK SOK ABLOK NO:2;İSTANBUL;MALTEPE;(216) 3676717;www.sembolbilisim.com;sembolbilisim.com;İİB-MOB.KAĞIT VE ORMAN İHR.BRL.
KIYAKLI YAPI İNŞ.İTH.İHR. SAN.VE TİC.LTD.ŞTİ;BARBAROS MAH.AK ZAMBAK SOK UPHILL COURT COURT SİT UPHILL TOWERS A1 APT 3/154 ;İSTANBUL;ATAŞEHİR;(216) 5105970;www.kiyakliyapi.com;kiyakliyapi.com;İİB-MOB.KAĞIT VE ORMAN İHR.BRL.
CLK KAĞIT ANONİM ŞİRKETİ;ÇENGELDERE MAH.ULUS CAD.NO:5/1;İSTANBUL;BEYKOZ;(216) 3669999;https://clkkagit.com/;clkkagit.com;İİB-MOB.KAĞIT VE ORMAN İHR.BRL.
ÇAĞATAY KAAN TUNA;GÜZELBAHÇE MAH. 55. SK. ES-2 10/13;DÜZCE;MERKEZ;(380) 0000000;http://www.metutrading.com;metutrading.com;İİB-MOB.KAĞIT VE ORMAN İHR.BRL.
BESTPACK AMBALAJ DIŞ TİCARET SANAYİ VE TİC.LTD.ŞTİ.;MASLAK MAH. MASLAK MEYDAN SK. BEYBI GIZ PLAZA A BL BLOK NO:1/55 ;İSTANBUL;SARIYER;(850) 7562831;http://www.bestpack.com.tr;bestpack.com.tr;İİB-MOB.KAĞIT VE ORMAN İHR.BRL.
DEVRİM AMBALAJ SAN.VE TİC A.Ş.;YILMAZ ALPASLAN CAD.TÜRKÜCÜ YOLU 3.KM.;TEKIRDAĞ;ÇORLU;(282) 6818585;www.devrim.com.tr;devrim.com.tr;İİB-MOB.KAĞIT VE ORMAN İHR.BRL.
GÜNGÖR OFSET AJANS SANAYI TICARET LIMITED SIRKETI;ORHANTEPE MAH. ÇİNİ SOK. FAHRİ BEY APT. NO:12/A;İSTANBUL;KARTAL;(216) 4414452;http://www.gungormatbaa.com;gungormatbaa.com;İİB-MOB.KAĞIT VE ORMAN İHR.BRL.
TLY DIŞ TİCARET VE LOJİSTİK  LİMİTED ŞİRKETİ;DEFTERDAR MAH ORTAKÇILAR CAD.SİMPAŞ FLOTOFİS NO:78/94;İSTANBUL;EYÜP;(212) 5353988;www.tlydisticaret.com;tlydisticaret.com;İİB-MOB.KAĞIT VE ORMAN İHR.BRL.
TÜTER ÇORAP SAN. VE DIŞ TİC. LTD. ŞTİ. ;CİHANGİR MAH.DOLUM TESİSİLERİ ŞHT KOM.ONB.UĞURHANCI.SK.NO:7;İSTANBUL;AVCILAR;(212) 4226060;www.tutercorap.com.tr;tutercorap.com.tr;İİB-MOB.KAĞIT VE ORMAN İHR.BRL.
POSRULO  KAĞIT VE KIRTASİYE SAN.TİC.LTD.ŞTİ;ORUÇ REİS MAH. TEKSTİLKENT CAD. TEKSTİLKENT SİTESİGD1 APT 10AE/140;İSTANBUL;ESENLER;(212) 0000000;www.posrulo.com.tr;posrulo.com.tr;İİB-MOB.KAĞIT VE ORMAN İHR.BRL.
TUDEN PİLATES SPOR EKİPMANLARI VE MAKİNE SANAYİ TİCARET LİMİTED ŞİRKETİ;KİRAZLI MAH. 1182. SK. BIRLIK APT. NO: 23 A;İSTANBUL;BAĞCILAR;(212) 0000000;www.tudenpilates.com;tudenpilates.com;İİB-MOB.KAĞIT VE ORMAN İHR.BRL.
GİRİŞİM KAĞIT SAN.TİC.A.Ş;KEYAP ÇARŞI 1.CD.NO.25;İSTANBUL; ;(216) 4998503;www.girisimkagit.com;girisimkagit.com;İİB-MOB.KAĞIT VE ORMAN İHR.BRL.
HÜMANİST AJANS ANONİM ŞİRKETİ;KOZYATAĞI MAH. ŞAKACI SK. DEVAL APT. NO: 45 B;İSTANBUL;KADIKÖY;(216) 3843868;http://www.humanistkitap.com;humanistkitap.com;İİB-MOB.KAĞIT VE ORMAN İHR.BRL.
PLATIN AMBALAJ MATBAA VE REKLA HIZMETLERI LTD.ŞTI.;MURATĞAŞA CD. BÜYÜK COSKUN SK. OSMAN NURİ İŞ MERKEZİ NO:4/B;İSTANBUL;BAYRAMPAŞA;(212) 6134428;www.platinambalaj.com.tr;platinambalaj.com.tr;İİB-MOB.KAĞIT VE ORMAN İHR.BRL.
NEZAKET SARIOĞLU-HAZAL MOBİLYA;ÜÇEVLER MAH.BEŞEVLER SAN. SİTESİ 84.BLOK NO:91-92;BURSA;NİLÜFER;(224) 4436989;www.hazalkuaformobilya.com;hazalkuaformobilya.com;İİB-MOB.KAĞIT VE ORMAN İHR.BRL.
AKTİF AĞAÇ MAM. SAN. VE TİC. LTD. ŞTİ.;PAZARCIK KÖYÜ PAZARCDIK MÜCAVİR MEVKİİ GAZİ SOK.NO:46;İSTANBUL;AVCILAR;(368) 6132045;www.ayancikahsap.com;ayancikahsap.com;İİB-MOB.KAĞIT VE ORMAN İHR.BRL.
LAMAR BANYO SAN TİC LTD ŞTİ;OSMANGAZİ MH ZİYA GÖKALP CD NO 18;İSTANBUL;ESENYURT;;www.lamarbanyo.com;lamarbanyo.com;İİB-MOB.KAĞIT VE ORMAN İHR.BRL.
HAMZA AVCI - YONGA MOBİLYA;TURGUTREİS MAH.NEJAT SOK. NO:9A;İSTANBUL;SULTANBEYLİ;(212) 5706820;http://www.yongamobilya.com;yongamobilya.com;İİB-MOB.KAĞIT VE ORMAN İHR.BRL.
GÜMÜŞ EV MOBİLYA SAN TİC LTD STİ;ORGANİZE SAN.BÖLG. 2. CAD. NO:26 ;BURSA;İNEGÖL;(224) 7148300;www.gumusev.com;gumusev.com;İİB-MOB.KAĞIT VE ORMAN İHR.BRL.
IPEK DEK.TEKS.HED.EŞYA VE MÜCE V.TIC.A.Ş.;ABDI IPEKCI C.N:65 K:1;İSTANBUL;ŞİŞLİ;02122365367;www.damasjewellery.com.tr;damasjewellery.com.tr;İİB-MOB.KAĞIT VE ORMAN İHR.BRL.
MEHMET ALİ ZOR-DİVİT KALEM;FINDIKLI MAH BAŞIBÜYÜK YOLU CAD.NO:79;İSTANBUL;MALTEPE;(216) 0000000;"www.d,vitkalem.com";"d,vitkalem.com";İİB-MOB.KAĞIT VE ORMAN İHR.BRL.
PRINTPACK KAĞIT AMBALAJ TİC.LTD.ŞTİ.;MALTEPE MAH. DAVUTPAŞA CAD. D. PAŞA EMİNTAS MAT. S101/511;İSTANBUL;ZEYTİNBURNU;(212) 5657051;www.printpack.com.tr;printpack.com.tr;İİB-MOB.KAĞIT VE ORMAN İHR.BRL.
RECEP KAYACAN KARAGÖZ MOBILYA;YUAKRI DUDULLU MH. KIBRIS CAD.BAĞLARALTI SK. NO:23;İSTANBUL;ÜMRANİYE;(216) 4991334;www.karagozsandalye.com;karagozsandalye.com;İİB-MOB.KAĞIT VE ORMAN İHR.BRL.
İNEGÖL ORMAN ÜRÜNLERİ SANAYİ VE TİC.LTD.ŞTİ.;MAHMUDİYE MAH.CENON BULV.TÜPÇÜLER SİT.NO:26;BURSA;İNEGÖL;(224) 0000000;www.sevdekor.com.tr;sevdekor.com.tr;İİB-MOB.KAĞIT VE ORMAN İHR.BRL.
MAKSAN MAK.KALIP SAN.KOLL.STI. -MUSTAFA ASLAN VE ORTAKLARI;IKITELLI ORG.SAN.BOLG.CEVRESAN.SIT. 15.BLOK KAT:1;İSTANBUL;KÜÇÜKÇEKMECE;02125493848;www.maksanmakina.com.tr;maksanmakina.com.tr;İİB-MOB.KAĞIT VE ORMAN İHR.BRL.
FİKRET BARAN;MAHMUDİYE MAH.12.MOB.SOK.NO:1/F;BURSA;İNEGÖL;(224) 0000000;www.bayfaunite.com;bayfaunite.com;İİB-MOB.KAĞIT VE ORMAN İHR.BRL.
DEMARS LOJİSTİK DEPOLAMA VE DIŞ TİCARET LİMİTED ŞİRKETİ;KÜÇÜKBAKKALKÖY MAH.NARTANESİ SK. B BLOK NO: 1/1 İÇKAPI NO:1;İSTANBUL;ATAŞEHİR;(216) 5740660;http://www.demarslojistik.com.tr;demarslojistik.com.tr;İİB-MOB.KAĞIT VE ORMAN İHR.BRL.
SARAL TURZ.INŞ.MOB.DEK.LTD.ŞTI;KUŞTEPE MAH. İNÖNÜ CAD. NO:127/A/01;İSTANBUL;ŞİŞLİ;(212) 2113247;www.saralmobilya.com.tr;saralmobilya.com.tr;İİB-MOB.KAĞIT VE ORMAN İHR.BRL.
MESSER ORMAN ÜRÜNLERİ SANAYİ VE TİCARET LİMİTED ŞİRKETİ;"GEÇKİNLİ KÖYÜ , NO:69 SÜLOĞLU";EDIRNE;SÜLEOĞLU(SÜLOĞLU);(284) 0000000;http://www.messer.com.tr;messer.com.tr;İİB-MOB.KAĞIT VE ORMAN İHR.BRL.
TÜMSAŞ TEKNOLOJİK ENDÜST.BİLG. ÜRÜN MUH.VE PAZ.A.Ş.;KOZYATAĞI MH. BAYAR CD.NO:109;İSTANBUL;KADIKÖY;(216) 5718787;www.tumsas.com.tr;tumsas.com.tr;İİB-MOB.KAĞIT VE ORMAN İHR.BRL.
ALFA GRAF KAĞIT TIC.VE SAN.A.Ş;KARTALTEPE MAH.MALAZGİRT CAD. SERÇE SOK.NO.8/18 ;İSTANBUL;KÜÇÜKÇEKMECE;(212) 4251675;http://www.alfagraf.com.tr;alfagraf.com.tr;İİB-MOB.KAĞIT VE ORMAN İHR.BRL.
STELLA MOBILYA SAN.VE TIC.LTD. ŞTI.;Y.DUDULLU MODOKO SAN.SITESI5.CAD.NO:197;İSTANBUL;ÜMRANİYE;(216) 3642154;www.stellamobilya.com;stellamobilya.com;İİB-MOB.KAĞIT VE ORMAN İHR.BRL.
A4 OFSET MATBAACILIK SAN.VE TIC. A.Ş;YESILCE MAH.DONANMA SOK. NO.16/3;İSTANBUL;KAĞITHANE;(212) 2816448;www.a4ofset.com;a4ofset.com;İİB-MOB.KAĞIT VE ORMAN İHR.BRL.
KULP OFİS SİSTEMLERİ İNŞAAT TAAHHÜT SANAYİ VE TİCARET A.Ş;ERTUĞRUL MAH. İZMİR YOLU CAD. NO: 356C;BURSA;NİLÜFER;(224) 4130881;http://www.masachibursa.com.tr;masachibursa.com.tr;İİB-MOB.KAĞIT VE ORMAN İHR.BRL.
GÜRSOY AHŞAP ÜRNL. PAZ. IMALAT ITH. IHR. SAN. TIC. LTD. ŞTI.;BOSTANYERI (ARAPÇIFTLIĞI) KÖYÜ;DÜZCE;MERKEZ;(380) 5261050;www.gursoyahsap.com.tr;gursoyahsap.com.tr;İİB-MOB.KAĞIT VE ORMAN İHR.BRL.
OKUMUŞ ORMAN ÜRÜNL.SAN.VE TİC.LTD.ŞTİ;OSMANGAZİ MAH.BİLALİ HABEŞİ CAD.NO:2;İSTANBUL;SANCAKTEPE;(216) 3114042;www.okumusorman.com;okumusorman.com;İİB-MOB.KAĞIT VE ORMAN İHR.BRL.
EKONOMI ALIŞVERIŞ HIZ.TIC.VE SAN.A.Ş; HÜKÜMET CAD.NO:354;TEKIRDAĞ;MERKEZ;(282) 2613946;www.ekonomi.com.tr;ekonomi.com.tr;İİB-MOB.KAĞIT VE ORMAN İHR.BRL.
DSM ONLİNE TEKNOLOJİ HİZMETLERİ LİMİTED ŞİRKETİ;ALEMDAĞ MAH. ŞAİR MEHMET AKİF ERSOY CAD. NO:7/2;İSTANBUL;ÇEKMEKÖY;(216) 3112241;http://www.dekorex.com.tr;dekorex.com.tr;İİB-MOB.KAĞIT VE ORMAN İHR.BRL.
NET TURİSTİK YAYINLAR SAN. TİC. AŞ;19 MAYIS CAD. NO.13 KAT.7;İSTANBUL;ŞİŞLİ;(212) 2591921;http://www.netyayin.com.tr;netyayin.com.tr;İİB-MOB.KAĞIT VE ORMAN İHR.BRL.
SİLLASBELLA SANDALYE MOBİLYA SANAYİ VE TİCARET LİMİTED ŞİRKETİ;ORHANTEPE MAH. ALASKA SK. NO: 11;İSTANBUL;KARTAL;(216) 0000000;http://www.sillasbella.com;sillasbella.com;İİB-MOB.KAĞIT VE ORMAN İHR.BRL.
SU ES DIŞ TİCARET LİMİTED ŞİRKETİ;RÜZGARLIBAHÇE MAH. KUMLU SK. NO: 3 / 16;İSTANBUL;BEYKOZ;(216) 4114044;www.suestrade.com;suestrade.com;İİB-MOB.KAĞIT VE ORMAN İHR.BRL.
OKOTEK CEVRE TEKNOLOJI VE KIMYA SANAYİ ANONİM ŞİRKETİ;ISTANBUL DÜNYA TIC.MER.A1 BL.KAT 15 NO.453;İSTANBUL;BAKIRKÖY;02124653941;www.okotek.com.tr;okotek.com.tr;İİB-MOB.KAĞIT VE ORMAN İHR.BRL.
ÇOBANTUR TURİZM TİC. VE NAKLİYAT A.Ş.;FERHATPASA B.BAKKALKOY YOLU;İSTANBUL;MALTEPE;(216) 5646464;http://www.cobantur.com;cobantur.com;İİB-MOB.KAĞIT VE ORMAN İHR.BRL.
STİLL OFİS MOBİLYA SAN.VE TİC.LTD.ŞTİ;İOSB HESKOP SANAYİ SİT M8 BLOK NO:133;İSTANBUL;BAŞAKŞEHİR;(212) 6750312;www.stillofis.com;stillofis.com;İİB-MOB.KAĞIT VE ORMAN İHR.BRL.
FABRİKA KARTON VE AMBALAJ SANAYİ ANONİM ŞİRKETİ;ALTINTEPE MAH.DEĞİRMEN YOLU CAD.NO:8 İÇ KAPI NO:4;İSTANBUL;MALTEPE;(216) 3649957;www.fabrikaambalaj.com;fabrikaambalaj.com;İİB-MOB.KAĞIT VE ORMAN İHR.BRL.
DİLEK TEKS. VE GIDA ÜRÜN. LTD. ŞTİ. ;HALKALI CD.KONFOR SK.NO:14/1;İSTANBUL;KÜÇÜKÇEKMECE;(212) 4269099;www.dilektekstil.com;dilektekstil.com;İİB-MOB.KAĞIT VE ORMAN İHR.BRL.
CR ETİKET SAN. VE TİC. AŞ ;BAŞAKLI SOK.N.29/1;İSTANBUL;GÜNGÖREN;(212) 5070808;www.cretiket.com.tr;cretiket.com.tr;İİB-MOB.KAĞIT VE ORMAN İHR.BRL.
PÜRKAY BOYA VE KIMYA SAN.A.Ş.;ISTANBULCAD.2.KEMER MEVKIIGÖKŞIN SOKAK;İSTANBUL; ;(212) 3600049;www.purkay.com;purkay.com;İİB-MOB.KAĞIT VE ORMAN İHR.BRL.
AYHAN KASIMOĞLU - YENİ ADİL MOBİLYA MOB İML.VE SAT;MAHMUDİYE MAH. 14. MOBİLYA SOK 1/ G ;BURSA;İNEGÖL;(224) 7159122;www.adilmobilya.com;adilmobilya.com;İİB-MOB.KAĞIT VE ORMAN İHR.BRL.
AKKAYA DEKORASYON HIRDAVAT ORMAN ÜRÜNLERI INSAAT OTOMOTIV SANAYI VE TICARET LIMITED STI;MECLIS MAH. ANKARA CAD. NO: 14 IÇ KAPI NO: 1 ;İSTANBUL;SANCAKTEPE;(216) 6223858;http://www.akkayadekorasyonhirdavat.com/iletisim/;akkayadekorasyonhirdavat.com;İİB-MOB.KAĞIT VE ORMAN İHR.BRL.
ROSİDA NARGİLE TÜTÜN TÜ.MAM.İMA.OTO.İNŞ.TEKS.GI.İTH.İHR.SAN.TİC.A.Ş.;MAHMUTBEY MAH. 2435 SOK.NO:1;İSTANBUL;BAĞCILAR;(212) 6546654;http://www.rosi?da.com.tr;rosi;İİB-MOB.KAĞIT VE ORMAN İHR.BRL.
OTOMASYON ETIKET BASKI VE AMB. SAN.VE TIC.LTD.ŞTI;KIŞLA CAD.INCIRLIK SK.GÜNDOĞDU2 IŞ MERK.NO:1/90-91;İSTANBUL;EYÜP;(212) 5656624;www.otomasyonetiket.com.tr;otomasyonetiket.com.tr;İİB-MOB.KAĞIT VE ORMAN İHR.BRL.
MEFA DİZAYN MOBİLYA DEKORASYON MAKİNE SANAYİ VE TİCARET LİMİTED ŞİRKETİ;ÇATALÇEŞME MAH.SARAY CD. N.156/A;İSTANBUL;ÇEKMEKÖY;(216) 5616332;http://www.mefadizayn.com;mefadizayn.com;İİB-MOB.KAĞIT VE ORMAN İHR.BRL.
SERDAR MOBILYA DEKORASYON INŞ. SAN.TIC.LTD.ŞTI.(K.GAZATESI);ORTABAYIR MAH.DUTLUK SOKAK 3;İSTANBUL;KAĞITHANE;(212) 2786721;www.serdarmobilya.com.tr;serdarmobilya.com.tr;İİB-MOB.KAĞIT VE ORMAN İHR.BRL.
SHARP EDGE REKLAMCILIK SANAYİ VE TİCARET ANONİM ŞİRKETİ;İNKILAP MAH. UMMAN SK. NO: 4 İÇ KAPI NO: 1 ;İSTANBUL;ÜMRANİYE;(216) 0000000;www.sharpedge.com.tr;sharpedge.com.tr;İİB-MOB.KAĞIT VE ORMAN İHR.BRL.
ART BOYA MALZ.KIRT.VE TURIZM DIŞ TIC.LTD.ŞTI;İÇERENKÖY MAH.DÖNDÜ SOK.NO:8/A;İSTANBUL;ATAŞEHİR;(216) 5753625;www.artboya.com;artboya.com;İİB-MOB.KAĞIT VE ORMAN İHR.BRL.
DEMPAR DEMIRCIOĞLU AĞAÇ SAN.VE DIŞ TIC.AŞ.;HANLIÖY ANDAL MEVKİİ E-25 KARAYOLU ÜZERİ;SAKARYA;ARİFİYE;(264) 2911005;www.demparparke.com.tr;demparparke.com.tr;İİB-MOB.KAĞIT VE ORMAN İHR.BRL.
INTELLIGENT DESİGN MİMARLIK DEKORASYON SANAYİ VE TİCARET ANONİM ŞİRKETİ;KÜÇÜKBAKKALKÖY MAH.DEFNE SK. FLORA RESİDANCENO:1/234(1710) ;İSTANBUL;ATAŞEHİR;(212) 2749055;http://www.intelligentdesign.com.tr;intelligentdesign.com.tr;İİB-MOB.KAĞIT VE ORMAN İHR.BRL.
AVİ MOBİLYA SANAYİ VE TİCARET LİMİTED ŞİRKETİ;19 MAYIS CAD.19 MAYIS APT.NO:21/A;İSTANBUL;ŞİŞLİ;(212) 2126837;www.avimobilya.com.tr;avimobilya.com.tr;İİB-MOB.KAĞIT VE ORMAN İHR.BRL.
VİLMORİN MİKADO TOHUMCULUK ANONİM ŞİRKETİ;"GÜZELYALI,BATI SAHILI,ÇIFTLIKSK. NO:9";İSTANBUL;PENDİK;(216) 3923604;www.anadolutuhum.com;anadolutuhum.com;İİB-MOB.KAĞIT VE ORMAN İHR.BRL.
N VE H MEDİKAL İTHALAT İHRACAT PAZARLAMA VE TİCARET ANONİM ŞİRKET;TURGUTREİS MAH.BARBAROS CAD.GİYİMKENT B.3 B 105 NUMARA:17;İSTANBUL;ESENLER;(212) 4388145;www.nhmedical.com.tr;nhmedical.com.tr;İİB-MOB.KAĞIT VE ORMAN İHR.BRL.
ADIYAMANLAR ORM.ÜRÜN.PAKETLEME AMB.SAN.VE TİC.A.Ş.;RÜSTEMPAŞA MAH.İPEK YOLU CAD.ADIYAMAN SOK.;SAKARYA;SAPANCA;(264) 5825759;www.adiyamanlar.com;adiyamanlar.com;İİB-MOB.KAĞIT VE ORMAN İHR.BRL.
CELAL TER - ZOWLİ AKSESUAR;MAHMUDİYE MH. 23.MOBİLYA SK. NO:51;BURSA;İNEGÖL;(224) 7185192;www.mazzinifurniture.com;mazzinifurniture.com;İİB-MOB.KAĞIT VE ORMAN İHR.BRL.
MC TRANS ULUSLARARASI NAKLİYAT VE TİCARET LİMİTED ŞİRKETİ;19 MAYIS MAH. K. ATATÜRK CAD. NO:38/7;İSTANBUL;BÜYÜKÇEKMECE;(850) 4950058;http://www.mctrans.com.tr;mctrans.com.tr;İİB-MOB.KAĞIT VE ORMAN İHR.BRL.
ÖZDEMİR DAY.TÜK.MALL.TEKS.MOB. İNŞ.TAAH.SAN.VE LTD.ŞTİ.;KARAALİ MAH. GRİ CAD. NO:6;BURSA;NİLÜFER;(224) 4824527;www.bafmobilya.com;bafmobilya.com;İİB-MOB.KAĞIT VE ORMAN İHR.BRL.
LOTS OF LOGİSTİCS TAŞIMACILIK LİMİTED ŞİRKETİ;YAKUPLU MAH. 64. SOK. NO: 24 / 4;İSTANBUL;BEYLİKDÜZÜ;(216) 5743414;https://www.lotsoflogistics.com;lotsoflogistics.com;İİB-MOB.KAĞIT VE ORMAN İHR.BRL.
LÜTFI TERZI;YUKARI DUDULLU MAH. 3. CAD. NO:117;İSTANBUL;ÜMRANİYE;(216) 5266288;http://www.faithdesign.com.tr;faithdesign.com.tr;İİB-MOB.KAĞIT VE ORMAN İHR.BRL.
PERFUMERY SOLUTIONS KOZMETİK SAN. VE TİC. LTD. ŞTİ.;AKÇABURGAZ MH.3028.SK. NO:1/45 ;İSTANBUL;ESENYURT;(212) 5258080;http://www.perfumerysolutions.com/en-us//home/contact;perfumerysolutions.com;İİB-MOB.KAĞIT VE ORMAN İHR.BRL.
ORHAN ARACIKAN ARACIKAN KOLTUK;YENI SAN.DIRILIŞ CAD.NO.13;BURSA;İNEGÖL;(224) 7185070;www.aricikankoltuk.com;aricikankoltuk.com;İİB-MOB.KAĞIT VE ORMAN İHR.BRL.
DUR-SAN LASTİK SAN. VE TİC. LTD. ŞTİ.;YAŞAR DOĞU SK.NO:27 AYRANCISİT.;İSTANBUL;BAYRAMPAŞA;(212) 5018130;www.dur-san.com;dur-san.com;İİB-MOB.KAĞIT VE ORMAN İHR.BRL.
EGELILER AHSAP SANAYI TICARET LIMITED SIRKETI;GÜLLÜBAĞLAR MAH. TANDOĞAN CAD. SARI SALKIM SK. NO 2/A;İSTANBUL;PENDİK;(216) 3072911;egelilerahsap.com.tr;egelilerahsap.com.tr;İİB-MOB.KAĞIT VE ORMAN İHR.BRL.
SAFİR RAF VE MAĞAZA SİS AĞAÇ METAL SAN.TİC.VE DIŞ TİC.LTD.ŞTİ;HALKALI CAD.FEVZİ ÇAKMAK MAH.NO:207 ;İSTANBUL;KÜÇÜKÇEKMECE;(212) 6241926;www.safirraf.com;safirraf.com;İİB-MOB.KAĞIT VE ORMAN İHR.BRL.
RECEP HOCAOĞLU - YİĞİT CONCEPT;YAKUPLU MAH. MAREŞAL FEVZİ ÇAKMAK CAD. - KONUT  NO: 87 İÇ KAPI NO: 5;İSTANBUL;BEYLİKDÜZÜ;(212) 0000000;https://www.yigitconcept.com.tr;yigitconcept.com.tr;İİB-MOB.KAĞIT VE ORMAN İHR.BRL.
AZRA GRUP DIŞ TİCARET LTD. ŞTİ.;MALTEPE MAH. DAVUTPAŞA CAD.NO:3/1 NO:37 ;İSTANBUL;ZEYTİNBURNU;(212) 9995878;www.azragrupdisticaret.com;azragrupdisticaret.com;İİB-MOB.KAĞIT VE ORMAN İHR.BRL.
YEŞİNEL LOJİSTİK VE ANTREPO HİZMETLERİ LİMİTED ŞİRKETİ;DİZDARİYE MAHALLESİ ENVERPAŞA CADDESİERYILMAZ APT.NO:2 KAT:1 ;İSTANBUL;BÜYÜKÇEKMECE;(212) 8834582;http://www.yesinellojistik.com.tr;yesinellojistik.com.tr;İİB-MOB.KAĞIT VE ORMAN İHR.BRL.
ERKOL OYUNCAK SAN.VE TıC.LTD.ŞTİ;İSTOÇ TOPTANCI ÇARŞISI 14/ADA NO:9-11-13-15-17-19-21 MAHMUTBEY ;İSTANBUL;BAĞCILAR;(212) 0000000;www.erkoloyuncak.com.tr;erkoloyuncak.com.tr;İİB-MOB.KAĞIT VE ORMAN İHR.BRL.
POLHAS POLY.PLS.İNŞ.PAZ.SAN.VE TİC.LTD.ŞTİ.;ESENLER MAH.AZİZOĞLU CAD.NO.4;İSTANBUL;PENDİK;(216) 5960288;www.polhas.com;polhas.com;İİB-MOB.KAĞIT VE ORMAN İHR.BRL.
HISAR LOJISTIK TUR.INS.VE DIS TIC.LTD.STI.;HALKALI CAD. PTT SOK. NO:1 K:3;İSTANBUL;KÜÇÜKÇEKMECE;(212) 4267051;www.hisargroup.com;hisargroup.com;İİB-MOB.KAĞIT VE ORMAN İHR.BRL.
ECOPAB KARTON SANAYİ VE TİCARET A.Ş.;ABDURRAHMAN NAFİZ GÜRMAN MAH. GENERAL ALİ RIZA GÜRCAN CAD NUMARA:27 PLATFORM MERTER SUİTS B BLOK KAT:5 D:56;İSTANBUL;GÜNGÖREN;(212) 2546558;www.ecopab.com;ecopab.com;İİB-MOB.KAĞIT VE ORMAN İHR.BRL.
DECORCONCEPT DIŞ TİCARET LİMİTED ŞİRKET;KOZA MAH. 1639. SK. MİMSAN SİTESİ E2 BLOK NO: 9;İSTANBUL;ESENYURT;(212) 0000000;http://www.decorconcept.com.tr;decorconcept.com.tr;İİB-MOB.KAĞIT VE ORMAN İHR.BRL.
ELSEL GAZ ARMATÜRLERI SAN.VE TIC.AŞ;ÇAVUŞOĞLU MAH. SEDDÜLBAHİR CAD. NO:49;İSTANBUL;KARTAL;(216) 3064860;www.elsel.com.tr ;elsel.com.tr;İİB-MOB.KAĞIT VE ORMAN İHR.BRL.
SEMBOL MATBAA CİLT MALZEMELERİ İÇ VE DIŞ TİC. LTD.ŞTİ;ZORUNLU ALANMAHMUTBEY MAH. İSTOÇ 2408 SOK NO:15;İSTANBUL;BAĞCILAR;(212) 4292931;www.sembol.com.tr;sembol.com.tr;İİB-MOB.KAĞIT VE ORMAN İHR.BRL.
FURKAN PASLANMAZ ÇELİK SANAYİ VE TİCARET LİMİTED ŞİRKETİ;FERHATPAŞA MAH. 6. SOKAK ABAY APT NO:33 İÇ KAPI NO : 1;İSTANBUL;ATAŞEHİR;(216) 4790147;http://www.furkanpaslanmaz.com;furkanpaslanmaz.com;İİB-MOB.KAĞIT VE ORMAN İHR.BRL.
ASN TASARIM SAN VE TİC.LTD.ŞTİ;TOPÇULAR MAH. RAMİ KIŞLA CAD. ALTINDAĞ İŞ MERKNO:63/39-40-41-42;İSTANBUL;EYÜP;(212) 5653384;www.decartdizayn.com;decartdizayn.com;İİB-MOB.KAĞIT VE ORMAN İHR.BRL.
HAKAN ÖZER ADRENALİN REKLAM VE MATBAA HİZMETLERİ;LİTROS YOLU CAD. 2.MATBAACILAR SİTESİ 2 NB 28 ;İSTANBUL;ZEYTİNBURNU;(212) 5770034;www.adrenalinadv.com;adrenalinadv.com;İİB-MOB.KAĞIT VE ORMAN İHR.BRL.
MOB ATÖLYE MOBİLYA DEKORASYON İNŞ. SAN TİC.LTD.ŞTİ.;ZÜMRÜTEVLER MAH. ADALAR SOK NO:5-1;İSTANBUL;MALTEPE;(216) 4272527;www.mobatolye.com;mobatolye.com;İİB-MOB.KAĞIT VE ORMAN İHR.BRL.
YURDAER MİM.HİZM.TİC.LTD.ŞTİ;İSTANBUL KADIKÖY OSMANAĞA MAH.YOĞURTÇU ÇAYIRI CAD.MEHTAP APT.NO:86 D:1;İSTANBUL;KADIKÖY;(216) 4496750;www.yurdaermimarlik.com;yurdaermimarlik.com;İİB-MOB.KAĞIT VE ORMAN İHR.BRL.
ROOT WOODEN TOYS MOB. İÇ VE DIŞ TİC. LMTD. ŞTİ.;50.YIL MAHALLESİ 2163.SOKAK NO25 B;İSTANBUL;SULTANGAZİ;(212) 0000000;http://rootwoodentoys.com;rootwoodentoys.com;İİB-MOB.KAĞIT VE ORMAN İHR.BRL.
MERZE MOBİLYA TASARIM İNŞ. SAN. TİC. A.Ş.;BARAKFAKİ MH. 22. CAD. NO:19/2/1;BURSA;KESTEL;(224) 3841485;www.biani.com.tr;biani.com.tr;İİB-MOB.KAĞIT VE ORMAN İHR.BRL.
PG GROUP DIS TICARET LTD. ŞTİ.;HASANPASA MAH SEHIT CEVDET KOC CAD NO 16;SAKARYA;SAPANCA;(264) 0000000;http://www.pggroupe.com;pggroupe.com;İİB-MOB.KAĞIT VE ORMAN İHR.BRL.
RECEP SONGÜL - ASALET EĞİTİM DAN YAY HİZM İÇ VE DIŞ TİC;BALABANAĞA MH BÜYÜK REŞİTPAŞA CD YÜMNİ İŞ HANI NO 16B/16;İSTANBUL;FATİH;(212) 5118547;www.asaletyayinlari.com.tr;asaletyayinlari.com.tr;İİB-MOB.KAĞIT VE ORMAN İHR.BRL.
KURIŞ ENTEGRE AĞAÇ SAN. VE TIC A.Ş.;DERİ OSB MAH/SEMT GÜDERİ CAD.NO:4 İÇ KAPI NO:A;İSTANBUL;TUZLA;(216) 3153566;www.kurisentegre.com;kurisentegre.com;İİB-MOB.KAĞIT VE ORMAN İHR.BRL.
ÖZGÜL SÜZEN-TARZ OFİS MOBİLYALARI;ÇOBANÇEŞME MAH. BİLGE 1 SOK. NO:5;İSTANBUL;BAHÇELİEVLER;(212) 0000000;http://www.ofistarzmobilya.com;ofistarzmobilya.com;İİB-MOB.KAĞIT VE ORMAN İHR.BRL.
RECEP SIVRIKAYA ORM.ÜRÜN.TIC. ITH.VE IHR.;FEVZI ÇAKMAK MAH. D-100 KARAYOLU ANKARA ASFALTI ÜZERI NO:12;DÜZCE;DÜZCE;(380) 5243694;www.recepsivrikaya.com;recepsivrikaya.com;İİB-MOB.KAĞIT VE ORMAN İHR.BRL.
TUARE HOME DESIGN MOBİLYA REKLAM SANAYİ VE TİCARET LİMİTED ŞİRKETİ;MAHMUDİYE MAH. 263. SK. NO:14A;BURSA;İNEGÖL;(224) 0000000;www.tuare.com.tr;tuare.com.tr;İİB-MOB.KAĞIT VE ORMAN İHR.BRL.
EFS PROFİL ORMAN ÜRÜNLERİ PARKE İTHALAT İHRACAT İNŞAAT OTO SANAYİ TİCARET LİMİTED ŞİRKETİ;İKİTELLİ KERESTECİLER SAN.SİTE. 14.BLOK 14.SK. NO:;İSTANBUL;BAŞAKŞEHİR;(212) 6701344;http://www.efsprofil.com;efsprofil.com;İİB-MOB.KAĞIT VE ORMAN İHR.BRL.
AL BALSAM SAĞLIK HİZMETLERİ LİMİTED ŞİRKETİ;ATATÜRK MAH. GÜNER SK. B1 BLOK NO: 1 /1B -36;İSTANBUL;KÜÇÜKÇEKMECE;(216) 2905181;www.balsam.com;balsam.com;İİB-MOB.KAĞIT VE ORMAN İHR.BRL.
ATS GROUP ULUSLARARASI TICARET ANONIM SIRKETI;BAHÇEŞEHİR 2.KISIM MH.MERCEDES BUL.NO:28/135;İSTANBUL;BAŞAKŞEHİR;(216) 4553966;info@redexas.com;redexas.com;İİB-MOB.KAĞIT VE ORMAN İHR.BRL.
PALETSY PALET ORMAN ÜRÜNLERİ EMLAK İNŞAAT NAKLİYE SANAYİ VE TİC. LTD. ŞTİ.;VELİKÖY MAH. 58.CAD. NO:12;TEKIRDAĞ;ÇERKEZKÖY;(282) 7477073;http://www.paletsypalet.com;paletsypalet.com;İİB-MOB.KAĞIT VE ORMAN İHR.BRL.
ESTETİK DIŞ TİCARET AMBALAJ SANAYİ LİMİTED ŞİRKET;KALEİÇİ MAHALLESİ GÖKÇEALİ CADDESİ NO:77/1 ;İSTANBUL;ÇATALCA;(212) 8769292;www.oztasambalaj.com.tr;oztasambalaj.com.tr;İİB-MOB.KAĞIT VE ORMAN İHR.BRL.
DOYPACK KİLİTLİ AMBALAJ MATBAA SANAYİ PAZARLAMA VE TİCARET LİMİTED ŞİRKETİ;İSTASYON MAHALLESİ 2.SAKARYA SOKAK NO:23/A;İSTANBUL;KÜÇÜKÇEKMECE;(212) 0000000;http://bilgi@doypack.net;doypack.net;İİB-MOB.KAĞIT VE ORMAN İHR.BRL.
VOKS TANITIM VE ORGANİZASYON DANIŞMANLIK LTD.ŞTİ;YEDPA TİC.MERK.H. 2 P. 2  D:7;İSTANBUL;ATAŞEHİR;(216) 6600665;www.voxtanitim.com;voxtanitim.com;İİB-MOB.KAĞIT VE ORMAN İHR.BRL.
PRAMİT FİLM PRODÜKSİYON YAP.VE YAYIN TİC.LTD.ŞTİ;YILDIZ MAH.PALANGA CAD.33/23;İSTANBUL;BEŞİKTAŞ;(212) 2973120;www.piramitsanat.com;piramitsanat.com;İİB-MOB.KAĞIT VE ORMAN İHR.BRL.
FIRAT DALMA;LALELI CAD. GREEN CENTER NO:22/31KAT:3;İSTANBUL;FATİH;(212) 6382771;www.daniels-paris.com;daniels-paris.com;İİB-MOB.KAĞIT VE ORMAN İHR.BRL.
AYÇA ACAR;ÜÇEVLER MAH. 26.(220) SOKAĞI NO:61/1 ;BURSA;NİLÜFER;(224) 2432434;www.acarmobilya.com;acarmobilya.com;İİB-MOB.KAĞIT VE ORMAN İHR.BRL.
ATMİN SAĞLIK TURİZMİ VE HİZMETLERİ HASTA DAN.MED.TUR.SEY.ORG.SAN. VE TİC.LTD.ŞTİ.;DİKKALDIRIM MAH.ZÜBEYDE HANIM CAD.AKINÖZ APT.NO:13/A;BURSA;OSMANGAZİ;(224) 4511101;www.onnotravel.com.tr;onnotravel.com.tr;İİB-MOB.KAĞIT VE ORMAN İHR.BRL.
HÜSEYIN ŞEKERCIOĞLU - ÖZTAŞ PIPO;ARIFIYE MAH.INHISAR SK.KAYA ISMER. K:1/23;ESKIŞEHIR;Merkez;;www.oztaspipe.com;oztaspipe.com;İİB-MOB.KAĞIT VE ORMAN İHR.BRL.
ARSLANDEDE ORMAN ÜRÜNLERİ GIDA TURİZM İNŞAAT SANAYİ TİCARET LİMİTED  ŞİRKETİ; CUMHURİYET MAHALLESİ NECİP FAZIL CAD. NO: 113/1;KOCAELI;GEBZE;(262) 7421897;http://www.arslandedeorman.com.tr;arslandedeorman.com.tr;İİB-MOB.KAĞIT VE ORMAN İHR.BRL.
KONTRA MİMARLIK DANIŞMANLIK VE İNŞAAT SAN. TİC. LTD.ŞTİ.;LİVA SOK. AKİF BEY APT. 13/3;İSTANBUL;BEYOĞLU;(212) 2431770;www.kontraist.com;kontraist.com;İİB-MOB.KAĞIT VE ORMAN İHR.BRL.
HİPER KAĞIT KIRTASİYE MATBAA TANITIM HİZMETLERİ SANAYİ VE DIŞ TİCARET LİMİTED ŞİRKETİ;MALTEPE MAH. LİTROS YOLU SK. A NO: 2-4A / 1B01;İSTANBUL;ZEYTİNBURNU;(212) 2112658;www.hiperkagit.com;hiperkagit.com;İİB-MOB.KAĞIT VE ORMAN İHR.BRL.
HIMG SERAMİK VE MEDİKAL KOMPOZİT SAN. TİC. LTD. ŞTİ.;DEĞİRMEN YOLU CAD.YÜKSEL ÜÇÜNCÜ İŞ MERKZ.NO.23/7;İSTANBUL;ATAŞEHİR;(216) 3802189;www.nnrepair.com;nnrepair.com;İİB-MOB.KAĞIT VE ORMAN İHR.BRL.
KURAL MİMARLIK SAN VE TİC LTD ŞTİ;CİHANGİR ONBAŞI UĞUR HANCI SK NO 6;İSTANBUL;AVCILAR;(212) 4220480;www.kuralmimarlik.com;kuralmimarlik.com;İİB-MOB.KAĞIT VE ORMAN İHR.BRL.
ÇABA MATBAACILIK SELOFANCILIK SAN. VE TIC. LTD. ŞTI.;LITROS YOLU 2.MATBAACILAR SIT.ZEMIN KAT C BLOK NO:1;İSTANBUL; ;(212) 5677709;www.cabamatbaa.com;cabamatbaa.com;İİB-MOB.KAĞIT VE ORMAN İHR.BRL.
MNZ İNŞ. TUR. SAN. VE TİC. LTD. ŞTİ.;BAHÇELİEVLER MAH. ASLAN SOK NO:6/10 ;İSTANBUL;PENDİK;(216) 4910689;www.mnz.com.tr;mnz.com.tr;İİB-MOB.KAĞIT VE ORMAN İHR.BRL.
TÜM EKİP İLAÇ A.Ş;KIMYA SANAYIC.ORG.SA.BÖL.MELEKARAS BULV.AROMATIK CD.NO:55-49;İSTANBUL;TUZLA;(216) 5932425;www.tumekip.com.tr;tumekip.com.tr;İİB-MOB.KAĞIT VE ORMAN İHR.BRL.
ASIL AHŞAP OFIS MOBILYALARI SATIŞ PAZM.VE DAĞITIM A.Ş;NAMIN KEMAL MAH. 121. SK NO 2HARAMIDERE MEVKII;İSTANBUL;ESENYURT;02124287001;www.axisfurniture.com;axisfurniture.com;İİB-MOB.KAĞIT VE ORMAN İHR.BRL.
AKMANLAR YAPI MLZ. İNŞAAT VE OTOMOTİV SAN. TİC. A.Ş.;HİSAR MAH. YENİ YALOVA YOLU NO:69;BURSA;GEMLİK;(224) 5131075;www.akmanlaryapi.com.tr;akmanlaryapi.com.tr;İİB-MOB.KAĞIT VE ORMAN İHR.BRL.
OTİX ETİKET BASIM REKLAM KAĞIT İTH İHR SAN TİC LTD ŞTİ;BALÇIK MH 3206 SK NO 69/8;KOCAELI;GEBZE;(262) 7512161;www.otix.com.tr;otix.com.tr;İİB-MOB.KAĞIT VE ORMAN İHR.BRL.
DAMLA NUR ÇAGIRDAR - SPA PLUS;KÜÇÜKBAKKALKÖY MAH. SELVILI SK. NO: 4 IÇ KAPI NO: 48;İSTANBUL;ATAŞEHİR;(216) 0000000;https://www.spaplus.com.tr/;spaplus.com.tr;İİB-MOB.KAĞIT VE ORMAN İHR.BRL.
ÜRGÜPLÜ YAPI  İNŞ. MALZ.SAN VE TİC.LTD.ŞTİ;FERHATPAŞA MAH. 41 SOK NO:58;İSTANBUL;ATAŞEHİR;(216) 4187873;www.parkehome.com;parkehome.com;İİB-MOB.KAĞIT VE ORMAN İHR.BRL.
YEDIKARDEŞ MOBILYA TEKS.SAN. TIC.LTD.ŞTI.;FATİH MAH. İSTANBUL CAD. NO:305 ;BURSA;OSMANGAZİ;(224) 2501717;http://www.ofisdizayn.com;ofisdizayn.com;İİB-MOB.KAĞIT VE ORMAN İHR.BRL.
LAGOMOOD MOBİLYA SANAYİ TİCARET LİMİTED ŞİRKETİ;HAMDİBEY MAH İSTİKLAL CAD 342/1;ÇANAKKALE;BİGA;(286) 3168080;www.lagomood.com;lagomood.com;İİB-MOB.KAĞIT VE ORMAN İHR.BRL.
PIKA CAKICILAR PLASTIK VE KALIP SAN.VE TIC.LTD.STI;CEVIZLI TUGAYYOLU 2.KUMBETCIKMAZI NO:1;İSTANBUL;KARTAL;3050196;www.pika.com.tr;pika.com.tr;İİB-MOB.KAĞIT VE ORMAN İHR.BRL.
EREN ETİKET MAT. TEKS. REK. AMB. SAN. VE TİC. LTD. ŞTİ. ;BAĞLAR MH. MEHMET AKİF CD. NO:25/1 B1 ;İSTANBUL;BAĞCILAR;(212) 6139640;www.erenetiket.com;erenetiket.com;İİB-MOB.KAĞIT VE ORMAN İHR.BRL.
GÜLÇİNKAYA AJANS PROMOSYON SANAYİ VE TİCARET LİMİTED ŞİRKETİ;MALTEPE MAH. DAVUTPAŞA CAD. TİM-2 NO:8 /521;İSTANBUL;ZEYTİNBURNU;(212) 6772172;www.earlybird.com.tr;earlybird.com.tr;İİB-MOB.KAĞIT VE ORMAN İHR.BRL.
RMK MARINE GEMI YAPIM SAN.VE DENIZ.TAŞM.IŞLETMESI A.Ş;ÖZEL SEKTÖR TERSANELER BÖLG.NO:13İÇMELER MEVKİİ;İSTANBUL;TUZLA;(216) 3952865;www.rmkmarine.com.tr;rmkmarine.com.tr;İİB-MOB.KAĞIT VE ORMAN İHR.BRL.
LAVA GRUBU PLAN.MÜH.GAYRİMENKUL YAPI DEK.TİC.LTD.ŞTİ;MECİDİYEKÖY MAH. OĞUZ SOK  MÜRVET HAN İŞ MERKEZİ NO:5/16;İSTANBUL;ŞİŞLİ;(212) 2111595;https://www.lavaakustik.com/;lavaakustik.com;İİB-MOB.KAĞIT VE ORMAN İHR.BRL.
NSH KUTU VE AMBALAJ SAN. TİC. LTD. ŞTİ.;SEYRANTEPE MAH. YILDIZ SOK. NO:36 İÇ KAPI:3;İSTANBUL;KAĞITHANE;(212) 3382266;http://www.nshkutu.com;nshkutu.com;İİB-MOB.KAĞIT VE ORMAN İHR.BRL.
SAGER KAĞIT TEKSTİL İTHALAT İHRACAT SANAYİ VE TİCARET LİMİTED ŞİRKETİ;KÜÇÜKYENİCE MAH. KÜÇÜKYENİCE 17. SK. NO: 3 ;BURSA;MUDANYA;(224) 0000000;http://www.sagerpaper.com.tr;sagerpaper.com.tr;İİB-MOB.KAĞIT VE ORMAN İHR.BRL.
CEVHER PLASTIK SAN.VE TIC.LTD. ŞTI.;MURAT MAH.BÜYÜK COŞKUN SOK.ENDERE IŞ MER.NO:114;İSTANBUL; ;(212) 6137286;www.cevherplastik.com;cevherplastik.com;İİB-MOB.KAĞIT VE ORMAN İHR.BRL.
UFUK ÇIMENBIÇER BÜRO MOB.ÇELIK AHŞAP LTD.ŞTI.;ÜÇEVLER MAH. NILÜFER TICARETMERKEZI  66.SOKAK  NO:37;BURSA;NİLÜFER;(224) 4434800;www.ufukburo.com.tr;ufukburo.com.tr;İİB-MOB.KAĞIT VE ORMAN İHR.BRL.
ASK FORM MATBAACILIK SANAYİ VE TİCARET LİMİTED ŞİRKETİ;MALTEPE MAH.LİTROS YOLU SOKAK D NO:2 -4 D İÇ KAPI 312;İSTANBUL;ZEYTİNBURNU;(212) 5776542;http://www.askmatbaa.com;askmatbaa.com;İİB-MOB.KAĞIT VE ORMAN İHR.BRL.
DONAMI MODÜLER MOB.TEKS.ISI.SI .INŞ.PLAS.SAN.TIC.LTD.ŞTI.;ORGANIZE SANAYI BÖLGESI. 2.CD.NO.20;BURSA;İNEGÖL;(224) 7148788;www.donami.com.tr;donami.com.tr;İİB-MOB.KAĞIT VE ORMAN İHR.BRL.
TEMPO OFİS MOBİLYALARI İNŞ VE DIŞ TİC LTD ŞTİ;ATATÜRK MAH.DUDULLU CAD.ZÜLFÜKAROĞLU APT NO:69/A-3;İSTANBUL;ATAŞEHİR;(216) 5756903;www.tempoofis.com;tempoofis.com;İİB-MOB.KAĞIT VE ORMAN İHR.BRL.
İNEGÖL İMSAN PAZ.VE DIŞ TİC.LTD.ŞTİ;SÜLEYMANİYE O.S.B MAH.1.CADDE 11 POSTA ;BURSA;İNEGÖL;(224) 7149215;www.balin.com.tr;balin.com.tr;İİB-MOB.KAĞIT VE ORMAN İHR.BRL.
CAFER YUMAK - DALÇAM MOBILYA;KEÇECI PIRI MH. FLORYA SK.NO:11;İSTANBUL;BEYOĞLU;(212) 2554724;www.cymobilya.com.tr;cymobilya.com.tr;İİB-MOB.KAĞIT VE ORMAN İHR.BRL.
KULE MOB.SAN.VE TIC.A.Ş.;PIRI REIS MAH.ÖMER SEYFETTINCAD.SEHER SOK.NO:1;KOCAELI;DARICA;(262) 6538566;www.kulemobilya.com.tr;kulemobilya.com.tr;İİB-MOB.KAĞIT VE ORMAN İHR.BRL.
CİVA KAĞIT AMBALAJ İTHALAT VE İHRACAT TİCARET LİMİTED ŞİRKETİ;İÇERENKÖY MAH. UMUT SOK. QUICK TOWER SİTESİ NO: 10;İSTANBUL;ATAŞEHİR;(216) 5743414;https://www.civaticaret.com/;civaticaret.com;İİB-MOB.KAĞIT VE ORMAN İHR.BRL.
DENİKA AMBALAJ ORMAN ÜRÜNLERİ LOJİSTİK İNŞAAT GIDA TEKSTİL SANAYİ TİCARET LTD.ŞTİ.;İHSANİYE MAH. İZMİRYOLU CAD. ATALAY 7 SİTESİ ABLOK NO.112/4/8;BURSA;NİLÜFER;(224) 2423231;www.denika.com.tr;denika.com.tr;İİB-MOB.KAĞIT VE ORMAN İHR.BRL.
ALTINÇAĞ KOZMETİK SANAYİ VE TİCARET LİMİTED ŞİRKETİ;SAKARYA MAH TURBE CADDESİ N:2;İSTANBUL;EYÜP;;www.altincagkozmetik.com;altincagkozmetik.com;İİB-MOB.KAĞIT VE ORMAN İHR.BRL.
YUSUF CEM AKINOĞLU;ODUNLUK MAH.ODUNLUK(180) CADDESİ NO :13 C-C BLOK/1;BURSA;NİLÜFER;(224) 0000000;http://www.bindebirajans.com;bindebirajans.com;İİB-MOB.KAĞIT VE ORMAN İHR.BRL.
TOPÇAM ORMAN ÜRÜNL.AMB.METAL INŞ.VE NAKL.SAN.VE TIC.LTD.ŞTI;ATATÜRK CAD.FEVZI ÇAKMAK MAH.;İSTANBUL; ;(262) 6581970;www.topcampalet.com;topcampalet.com;İİB-MOB.KAĞIT VE ORMAN İHR.BRL.
ELİT KARTON BARDAK VE AMBALAJ SAN. TİC. LTD. ŞTİ.;İ.O.S.SİNPAŞ İŞ MODERN İŞ MERKEZİ 2.ETP B.BLOK 2.BODRUM;İSTANBUL;BAŞAKŞEHİR;(212) 8010101;www.elitcup.com.tr;elitcup.com.tr;İİB-MOB.KAĞIT VE ORMAN İHR.BRL.
PYS PROAKTİF YALITIM SİSTEMLERİ MÜHENDİSLİK YAPI SAN VE DIŞ TİC ANONİM ŞİRKETİ.;TAŞOCAĞI CAD. AĞAOĞLU MY OFFİCE 212 KAT: 25 OFİS NO.416 GÜNEŞLİ;İSTANBUL;BAĞCILAR;(212) 4154405;www.pys-proaktif.com;pys-proaktif.com;İİB-MOB.KAĞIT VE ORMAN İHR.BRL.
AHMET ARIKAN;AYAZAĞA MAH. 137 SOKAK NO:10A;İSTANBUL;SARIYER;(212) 2225622;http://www.dantekagit.com;dantekagit.com;İİB-MOB.KAĞIT VE ORMAN İHR.BRL.
TM GLOBAL SERVİS DANIŞMANLIK İTH.İHR.LTD.ŞTİ.;MERKEZ MAH. AKAR CDA. 1.TOWER 5. BOMONTİ APT NO:3/24;İSTANBUL;ŞİŞLİ;(212) 8904400;www.tmglobal.com.tr;tmglobal.com.tr;İİB-MOB.KAĞIT VE ORMAN İHR.BRL.
MATBAA NET REKLAM HİZ. / EMİN TARIK ÖZER;ÖRNEK MAH. SOMUNCUBABA SK. NO: 50 A İÇ KAPI NO: 1;İSTANBUL;ATAŞEHİR;(216) 4721210;http://www.matbaa.net;matbaa.net;İİB-MOB.KAĞIT VE ORMAN İHR.BRL.
OLUŞUR BASIM HIZM.SAN. VE TIC.AŞ.;YÜZYIL MH.MAS-SIT MATB.SIT. 4.CAD.NO:52/53;İSTANBUL;BAĞCILAR;(212) 6290606;www.olusur.com.tr;olusur.com.tr;İİB-MOB.KAĞIT VE ORMAN İHR.BRL.
TEK KARBON MANGAL KÖMÜRÜ ÜRETİM A.Ş.;ALAADDİNBEY MAH SÖĞÜTPINAR SOK NO:20;BURSA;NİLÜFER;(224) 0000000;www.tekmangalkomuru.com;tekmangalkomuru.com;İİB-MOB.KAĞIT VE ORMAN İHR.BRL.
ARPAK PAKETLEME MALZ.SAN.VE TIC.A.Ş.;SELANIK BULVARI GÖKŞIN SOK.NO:4;İSTANBUL;EYÜP;(212) 3600049;www.arpak.com;arpak.com;İİB-MOB.KAĞIT VE ORMAN İHR.BRL.
SETVİS AMBALAJ BASKI PAKETLEME ÇÖZÜMLERİ VE İNTERNET HİZMETLERİ TİC.LTD.ŞTİ.;ESENTEPE MAH.BÜYÜKDERE CAD.ASTORİ AVM SOKAK NUMARA:1971  B02-02;İSTANBUL;ŞİŞLİ;(212) 8070229;www.setvisambalaj.com;setvisambalaj.com;İİB-MOB.KAĞIT VE ORMAN İHR.BRL.
AC DİZAYN OTOMASYON MÜH. ELEKTRİK SAN VE TİC.LTD.ŞTİ;HALİL RIFATPAŞA MAH. YÜZER HAVUZ SOK PERPA TİC.MER A BLOK 1A 743  ;İSTANBUL;ŞİŞLİ;(212) 3207370;http://www.acdesing.com.tr;acdesing.com.tr;İİB-MOB.KAĞIT VE ORMAN İHR.BRL.
MAYEMIR INSAAT PEYZAJ TASARIM SANAYI VE DIS.TIC.LTD.STI.;LEVENT MAH ÜST ZEREN SOK. NO:50;İSTANBUL;BEŞİKTAŞ;(212) 2572087;http://info@gelar.com.tr;gelar.com.tr;İİB-MOB.KAĞIT VE ORMAN İHR.BRL.
İLAY TRADING İÇ VE DIŞ TİCARET LİMİTED ŞİRKETİ;FATİH MAH. YALI CAD. NO: 36 / 34;İSTANBUL;KÜÇÜKÇEKMECE;(212) 0000000;http://www.akyzemin.com;akyzemin.com;İİB-MOB.KAĞIT VE ORMAN İHR.BRL.
LEYLA AYYILDIZ-AYYILDIZ ROBOTİCS;AZİZİYE MAH. CAN SOK. NO:5 81100;DÜZCE;DÜZCE;;www.ayyildizrobotics.com;ayyildizrobotics.com;İİB-MOB.KAĞIT VE ORMAN İHR.BRL.
KAYA ORMAN ÜRÜNLERI TURZ. INŞ. SAN. VE TIC. A.Ş.;AYDINTEPE MAH. KURT KIREMITFABR.IÇI ÖZEL TERSANELER BÖLG.;İSTANBUL;TUZLA;(216) 4932904;www.kayaormanurunleri.com;kayaormanurunleri.com;İİB-MOB.KAĞIT VE ORMAN İHR.BRL.
TUTKU SHOW DERİ SAN. VE TİC. LTD. ŞTİ.;YEŞİLCE MAH.YUNUS EMRE CADBAĞIŞ SOK.NO:2 KAT:5;İSTANBUL;KAĞITHANE;;www.tutkushow.com;tutkushow.com;İİB-MOB.KAĞIT VE ORMAN İHR.BRL.
UYUM PLASTIK VE AMBALAJ SAN. TIC.LTD.STI.;ASKERİ FIRIN SK PRESTİJ İŞ MRK NO426;İSTANBUL;BAYRAMPAŞA;(212) 5440644;www.uyumplastik.com.tr;uyumplastik.com.tr;İİB-MOB.KAĞIT VE ORMAN İHR.BRL.
APEL ORMAN  ÜRÜNLERİ  PAZ. SAN. VE  TİC .LTD. ŞTİ;YENİ İZMİT GÖLCÜK YOLU ÜZERİ 4/KM/SANAYİ.MAH.NERMİN SOK.NO:10 / İZMİT;KOCAELI;İZMİT;(262) 3352354;www.apel.com.tr;apel.com.tr;İİB-MOB.KAĞIT VE ORMAN İHR.BRL.
ARI PRO TASARIM VE MİMARLIK SANAYİ VE TİCARET LİMİTED ŞİRKETİ;OAMANAĞA MAH. SÜLEYMANPAŞA SOKAK NUMARA 64 DAİRE 9;İSTANBUL;KADIKÖY;(216) 0000000;http://www.ariproductlab.com;ariproductlab.com;İİB-MOB.KAĞIT VE ORMAN İHR.BRL.
KOYUNCUOĞLU AHŞAP SAN.TİC. A.Ş.;BAHÇELİEVLER MAH.D 100 BULVARI NO:32A;İSTANBUL;PENDİK;(216) 3545555;www.koyuncuoglu.com.tr;koyuncuoglu.com.tr;İİB-MOB.KAĞIT VE ORMAN İHR.BRL.
NUR AJANDA MATBAA PROMOSYON SANAYI VE TİCARET LIMITED ŞİRKETİ;DAVUTPAŞA C.EMİNTAŞ KAZIM DİNÇOL SN.ST.NO.81/132;İSTANBUL;ZEYTİNBURNU;(212) 5677803;https://www.nurajanda.com/;nurajanda.com;İİB-MOB.KAĞIT VE ORMAN İHR.BRL.
SIT-DIZAYN MOB.SAN.VE TICARET LTD. ŞTI.;BOĞAZİÇİ CAD. FATİH MAH. HALİ-DE EDİP ADIVAR SK. NO:22/A;İSTANBUL;BÜYÜKÇEKMECE;(212) 8838010;www.sitdizayn.com;sitdizayn.com;İİB-MOB.KAĞIT VE ORMAN İHR.BRL.
NATUREL MEDİKAL İLAÇ SANAYİ VE TİCARET LİMİTED ŞİRKETİ;YAKUPLU MAH.BEYSAN SAN.SİT.BİRLİK CAD. NAKİPOĞLU  İŞ MERKEZİ NO:12 K:1 ;İSTANBUL;BEYLİKDÜZÜ;(212) 4762868;www.naturelmedikal.com.tr;naturelmedikal.com.tr;İİB-MOB.KAĞIT VE ORMAN İHR.BRL.
MARLA AMBALAJ SAN. TİC. LTD. ŞTİ.;LİTROS YOLU 2. MATBAACILAR SİTESİ 4. KAT F BLOK NO16;İSTANBUL;ZEYTİNBURNU;(212) 3024492;http://www.marlakutu.com;marlakutu.com;İİB-MOB.KAĞIT VE ORMAN İHR.BRL.
NES KİMYA ETİKET VE MATB. SAN. VE TİC. LTD. ŞTİ. ;M.NESİM ÖZMEN MAH.KAVAKLI SOK.NO:13;İSTANBUL;GÜNGÖREN;(212) 6370036;www.salimasln.com;salimasln.com;İİB-MOB.KAĞIT VE ORMAN İHR.BRL.
BRANDALİZE TEKSTİL SAN. VE DIŞ TİC. LTD. ŞTİ.;TEKSTILKENT TIC. MERKEZI 5 CGALERIA-8 NO:51;İSTANBUL;ESENLER;(212) 4381673;www.brandalize.com;brandalize.com;İİB-MOB.KAĞIT VE ORMAN İHR.BRL.
BENGÜ ORMAN ÜRÜNLERİ SANAYİ VE TİCARET LİMİTED ŞİRKETİ;KARAAĞAÇ MAH. YİĞİTTÜRK CAD. SMART OFİS NO: 36  B- İÇ KAPI NO: 3;İSTANBUL;BÜYÜKÇEKMECE;(212) 0000000;https://bengudoor.com/;bengudoor.com;İİB-MOB.KAĞIT VE ORMAN İHR.BRL.
FORA AHŞAP AMBALAJ ENDÜSTRİYEL TASARIM SAN. TİC. AŞ.;SOĞANLI MAH. 3. SARIGÜL SOK. NO:69/1;BURSA;OSMANGAZİ;(224) 0000000;http://www.foraendustriyel.com;foraendustriyel.com;İİB-MOB.KAĞIT VE ORMAN İHR.BRL.
ORSA HOME METAL ANONİM ŞİRKETİ;YAYLA MAH.KONAK CAD.NO:23ASULTANGAZİ;İSTANBUL;SULTANGAZİ;(212) 0000000;http://www.orsahome.com;orsahome.com;İİB-MOB.KAĞIT VE ORMAN İHR.BRL.
AYDIN SAAT ITH.VE TIC.A.Ş.;TEKSENTAVIR BÜYÜKDERE CAD.1NO:209/7;İSTANBUL;ŞİŞLİ;(212) 5136290;www.aydinsaat.com;aydinsaat.com;İİB-MOB.KAĞIT VE ORMAN İHR.BRL.
ALTINYONGA DIŞ TİCARET PAZARLAMA İNŞAAT NAKLİYE  SANAYİ VE TİCARET A.Ş.;YENİCEKÖY MH. OVA CAD. NO:27 ;BURSA;İNEGÖL;(224) 4449390;www.weltew.com;weltew.com;İİB-MOB.KAĞIT VE ORMAN İHR.BRL.
İNTERPALET PALET İML.SAN. VE TİC.A.Ş.;KISIKKÖY METAL İŞLERİ MAH.4.CAD.NO:104;İZMİR;CUMAOVASI(MENDERES);(232) 2352555;www.interdim.com;interdim.com;İİB-MOB.KAĞIT VE ORMAN İHR.BRL.
SU MARINE YAT SAN.VE TIC.LTD. ŞTI;ISTANBUL DERI ORGANIZE YAN SANGELIŞTIRME ALANI YA-6 PARSEL.AYDINLI;İSTANBUL;TUZLA;(216) 5910595;www.sumarineyat.com.tr;sumarineyat.com.tr;İİB-MOB.KAĞIT VE ORMAN İHR.BRL.
ESOS AMBALAJ SAN. İÇ VE DIŞ TİC. A.Ş.;YENİŞEHİR MAH.OSMANLI BULV. ÇAĞDAŞ CENTER BLOK NO:10E ;İSTANBUL;PENDİK;(216) 6065696;https://www.esosambalaj.com/;esosambalaj.com;İİB-MOB.KAĞIT VE ORMAN İHR.BRL.
TÜRKMEN ORMAN ÜRÜNLERI VE INŞ. SAN TIC. A.Ş.;ORG.SAN. BOL.KERESTECILER SITCAMI PASAJI .N:44-45-46;İSTANBUL;KÜÇÜKÇEKMECE;;www.turkmen.com.tr;turkmen.com.tr;İİB-MOB.KAĞIT VE ORMAN İHR.BRL.
KIRALİ YAPI ÜRÜNL.SAN.VE TIC. LTD.ŞTI.;DERİ ORGANİZE SAN. BÖLGESİ ANTİK SK.Ç-3/6 VS 7 PARSEL ORHANLI;İSTANBUL;TUZLA;(216) 3940570;www.crestabanyo.com;crestabanyo.com;İİB-MOB.KAĞIT VE ORMAN İHR.BRL.
ARTİMOD INŞAAT TAAHHÜT MOBILYA DEK. SAN. VE TIC. LTD. ŞTI.;BARIŞ MAH.KARADENİZ CAD.ASLAN RESİDENCE  NO:7/15;İSTANBUL;BEYLİKDÜZÜ;(212) 8538561;www.artimod.com;artimod.com;İİB-MOB.KAĞIT VE ORMAN İHR.BRL.
KALİTE AMBALAJ - GÜLSEN ERCAN;KARTALTEPE MAH.ENVERPAŞA CAD.NO:133/1;İSTANBUL;BAYRAMPAŞA;(212) 4810057;www.kaliteambalaj.com;kaliteambalaj.com;İİB-MOB.KAĞIT VE ORMAN İHR.BRL.
YÜREKLİ KAĞIT SAN.VE TIC.A.Ş;CEMAL ULUSOY CAD.ŞEHİT YUNUS ÇAÇA SOK.NO:4/2;İSTANBUL;BAHÇELİEVLER;(212) 4951597;www.yureklikagit.com.tr;yureklikagit.com.tr;İİB-MOB.KAĞIT VE ORMAN İHR.BRL.
BURAK DURUL;ÜZELYALI SİTELER MAH. BOĞAZ CAD. NO:19 SEYİRTEPE EVLERİ J BLOK/2;BURSA;MUDANYA;(224) 0000000;http://www.tripleh.com.tr;tripleh.com.tr;İİB-MOB.KAĞIT VE ORMAN İHR.BRL.
ARKWOOD MOBİLYA SANAYİ TİCARET LİMİTED ŞİRKETİ;MERKEZ MAH.FERAH SK.KAPINO:41 DAİRE NO:2;İSTANBUL;ÇEKMEKÖY;(216) 2084858;http://www.arkwood.com.tr;arkwood.com.tr;İİB-MOB.KAĞIT VE ORMAN İHR.BRL.
MEHMET HATUN-UMUT TİCARET;TUZLA SANAYİ BÖLG.ANKARA ASF.MARET ARKASI 12.CAD.NO:2-TEPEÖREN TUZLA;İSTANBUL;TUZLA;(216) 5933200;www.umutdefter.com;umutdefter.com;İİB-MOB.KAĞIT VE ORMAN İHR.BRL.
ATÖLYE BOMONTİ ORGANİZASYON DANIŞMANLIK ÜRETİM SANAYİ VE TİCARET ANONİM ŞİRKETİ;MERKEZ MAH. HASAT SK. KAMARA NO: 52 İÇ KAPI NO: 1;İSTANBUL;ŞİŞLİ;(212) 0000000;https://atolye.io;atolye.io;İİB-MOB.KAĞIT VE ORMAN İHR.BRL.
BDY ELEKTRİK İTHALAT İHRACAT SAN. VE TİC. LTD. ŞTİ.;HARAÇCI MAH. DOLMABAHÇE CAD. NO.12;İSTANBUL;ARNAVUTKÖY;(212) 6822106;www.bdyelektrik.com.tr;bdyelektrik.com.tr;İİB-MOB.KAĞIT VE ORMAN İHR.BRL.
ARDA PALET ORMAN ÜRÜNLERI SANAYI TICARET LIMITED SIRKETI;HALKALI MERKEZ MAH. TIĞILAY CAD. NO:36/1;İSTANBUL;KÜÇÜKÇEKMECE;(212) 4713242;http://www.ardapalet.net/;ardapalet.net;İİB-MOB.KAĞIT VE ORMAN İHR.BRL.
İSTANBUL REAL ESTATE İNŞAAT YATIRIM ANONİM ŞİRKETİ;CİHANNÜMA MAH. RESSAM HAMDİ BEY SK. ERSIN APT.NO:4 İÇ KAPI NO:2;İSTANBUL;BEŞİKTAŞ;(212) 0000000;https://info@istrealestate.com;istrealestate.com;İİB-MOB.KAĞIT VE ORMAN İHR.BRL.
ONPAK AMBALAJ.SANAYİ TİC.LTD.ŞTİ;GAYRETTEPE MAH. YILDIZ POSTA CAD. AKIN SİT. NO:8/34 ;İSTANBUL;BEŞİKTAŞ;(212) 3180145;www.3a-dgr.com;3a-dgr.com;İİB-MOB.KAĞIT VE ORMAN İHR.BRL.
MED'C TIBBİ MALZEME ÖZEL SAĞLIK HİZMETLERİ TİC.VE SAN.LTD.ŞTİ.;ŞEHREKÜSTÜ MAH.FEVZİ ÇAKMAK CAD.SUYA İŞ HANINUMARA:22;BURSA;OSMANGAZİ;(224) 2236031;www.med-c.com;med-c.com;İİB-MOB.KAĞIT VE ORMAN İHR.BRL.
CHT MÜHENDİSLİK TİC.LTD.ŞTİ;SARIKAYA SOK GÜMRÜKÇÜLER SİT. B BLOK 4/1 KOZYATAGIMAH.;İSTANBUL;KADIKÖY;(216) 3734868;www.cht-m.com;cht-m.com;İİB-MOB.KAĞIT VE ORMAN İHR.BRL.
LEOPOİNT MOBİLYA İNŞAAT SANAYİ VE TİCARET ANONİM ŞİRKETİ;EKŞİOĞLU MAH. ULUSAL CAD. ALTIN MERMER GRANIT NO:33;İSTANBUL;ÇEKMEKÖY;(216) 4000536;http://www.leopoint.com.tr;leopoint.com.tr;İİB-MOB.KAĞIT VE ORMAN İHR.BRL.
FAUSTINE MOBİLYA İTHALAT İHRACAT LİMİTED ŞİRKETİ;SİNANBEY MAH. ALANYURT CAD. NO:15/D;BURSA;İNEGÖL;(312) 6661916;www.faustinefurniture.com;faustinefurniture.com;İİB-MOB.KAĞIT VE ORMAN İHR.BRL.
FATİH İNAN-FMS MUTFAK & BANYO;KÜÇÜK PİYALE MAH. YENİYOL ARA SOK  NO:5/1;İSTANBUL;BEYOĞLU;(212) 2555555;www.fsmmobilya.com;fsmmobilya.com;İİB-MOB.KAĞIT VE ORMAN İHR.BRL.
DEMOSAN MOBİLYA DEKORASYON İNŞAAT SANAYİ VE TİCARET LİMİTED ŞİRKETİ;VELİBABA MAH. ANKARA CAD. NO:148 PENDİK;İSTANBUL;PENDİK;(216) 3072575;http://www.demosan.com;demosan.com;İİB-MOB.KAĞIT VE ORMAN İHR.BRL.
ATILIM INŞ.MIM.MÜH.SAN.TIC.LTD .ŞTI.;ORGANİZE SANAYİİ BÖLGESİ NO:1;BOLU;BOLU;(374) 2439088;www.boluatillimkereste.com;boluatillimkereste.com;İİB-MOB.KAĞIT VE ORMAN İHR.BRL.
GÜVEN HONDUROĞLU;İKİTELLİ OSB MASKO MOBİLYACILAR SİT.5/A BLOK NO:25;İSTANBUL;BAŞAKŞEHİR;;www.yalcinofis.com;yalcinofis.com;İİB-MOB.KAĞIT VE ORMAN İHR.BRL.
GÜNEŞ KUTU VE AMBALAJ SAN.VE TIC.LTD.ŞTI.;CENDERE YOLU NO:17 0;İSTANBUL;ŞİŞLİ;(212) 3320202;www.guneskutu.com;guneskutu.com;İİB-MOB.KAĞIT VE ORMAN İHR.BRL.
STARK AMBALAJ İÇ VE DIŞ TİCARET LİMİTED ŞİRKETİ;FERHATPAŞA MAH.MAREŞAL FEVZİ ÇAKMAK CAD.YILMAZLAR  İŞ MERKEZİ 122 A ;İSTANBUL;ATAŞEHİR;(216) 3654250;http://www.stark.com.tr;stark.com.tr;İİB-MOB.KAĞIT VE ORMAN İHR.BRL.
NES TEKNOLOJI LTD. ŞTI.;ESENTEPE MAH BÜYÜKDERE CAD. YONCA APT.NO:151  C BLOK K:5 D:41;İSTANBUL;ŞİŞLİ;(212) 2518065;www.nesteknoloji.com;nesteknoloji.com;İİB-MOB.KAĞIT VE ORMAN İHR.BRL.
MIKNATIS DEPO TEKNİK VE TANITIM MALZEMELERİ SANAYİ TİCARET A.Ş.;KIRCAALİ MAHALLESİ 9.KAYA SK. NO: 4 A/_;BURSA;OSMANGAZİ;(224) 2526543;http://www.miknatis.gen.tr;miknatis.gen.tr;İİB-MOB.KAĞIT VE ORMAN İHR.BRL.
SERENOK KAĞITÇILIK TEKS. SAN. VE TİC. LTD.ŞTİ.;AKÇABURGAZ MAH. 1575 SOK B 5 BLOK NO:5 ;İSTANBUL;ESENYURT;(212) 0000000;www.serenok.com.tr;serenok.com.tr;İİB-MOB.KAĞIT VE ORMAN İHR.BRL.
GARANTİ DENİZCİLİK A.Ş.;SIDDIKLAR IŞM. ANKARA ASFALTIYÜZBEŞEVLER HALK S. NO:56;İSTANBUL;KADIKÖY;(216) 3632354;www.vbgshipping.com;vbgshipping.com;İİB-MOB.KAĞIT VE ORMAN İHR.BRL.
ROBOSET OTOMASYON ELEKTRIK MAK.MUH.SAN.VE TIC.LTD.STI.;KÜÇÜK SAN.SİT.A.BLK.NO.2;BURSA; ;(224) 5247418;www.roboset.com;roboset.com;İİB-MOB.KAĞIT VE ORMAN İHR.BRL.
AKKA AMBALAJ SAN VE DIŞ TİC.LTD.ŞTİ.;KÜÇÜK BAKKALKÖY MAH. 577 SOK NO:3 ;BURSA;OSMANGAZİ;(224) 2161188;www.akkaplast.com;akkaplast.com;İİB-MOB.KAĞIT VE ORMAN İHR.BRL.
FERHAT KARAARSLAN - MİRA RULO ETİKET KIRTASİYE AMBALAJ;BAĞLARBAŞI MAH. 1.OSMANGAZİ CAD. NO: 25 A;BURSA;OSMANGAZİ;(224) 2060818;www.miraruloetiket.com;miraruloetiket.com;İİB-MOB.KAĞIT VE ORMAN İHR.BRL.
PROART INŞAAT YAPIM TASARIM SAN.VE TIC.LTD.ŞTI.;BAĞDAT CAD.SANTRAL APT.292/4;İSTANBUL;KADIKÖY;(216) 4117515;www.proartltd.com;proartltd.com;İİB-MOB.KAĞIT VE ORMAN İHR.BRL.
TÜM ORMAN ÜRÜNLERI MOBILYA SAN.VE TICARET LTD.ŞTI.;FERHATPAŞA MAH. YEDPA BULV.G.11 SOK NO:51 1 SOK NO:51/1;İSTANBUL;ATAŞEHİR;(216) 6610712;www.tumorman.com;tumorman.com;İİB-MOB.KAĞIT VE ORMAN İHR.BRL.
TOP DIZAYN ORM.ÜRÜNLERI SAN.VE TIC.A.Ş;KERESTECILER SITESI 2. BLOK N.18 - 24;İSTANBUL;KÜÇÜKÇEKMECE;02126702720;www.topdizayn.com.tr;topdizayn.com.tr;İİB-MOB.KAĞIT VE ORMAN İHR.BRL.
FORM SAĞ. VE GIDA ÜRN. İTH. İHR. VE DAHİLİ TİC. LTD. ŞTİ.;BAĞDAT CAD. KARAKAŞ SK. COŞKUNİŞM. NO:3/23;İSTANBUL;MALTEPE;(216) 3050607;www.alisienne.com;alisienne.com;İİB-MOB.KAĞIT VE ORMAN İHR.BRL.
DÜNDAR MADENCİLİK ENERJİ TEKSTİL SANAYİ VE TİCARET LİMİTED ŞİRKETİ;AKŞEMSETTİN MAH. EŞREF BİTLİS BLV. NO: 24 B;İSTANBUL;SULTANBEYLİ;(216) 0000000;http://www.dundar-tekstil.com;dundar-tekstil.com;İİB-MOB.KAĞIT VE ORMAN İHR.BRL.
KAAS MİMARLIK TEKS.MOB.DEKORASYON SAN. EV TİC.LTD.ŞTİ.;ESENTEPE MAH.SANAYİ CD.NO:111/2;BURSA;NİLÜFER;(224) 2402003;www.kaas.com.tr;kaas.com.tr;İİB-MOB.KAĞIT VE ORMAN İHR.BRL.
NAPOL GLOBAL DIŞ TİCARET PAZARLAMA SANAYİ LİMİTED ŞİRKETİ;SUADİYE MAH. BAĞDAT CAD. ARK 399 NO: 399 /1 İÇ KAPNO: 1;İSTANBUL;KADIKÖY;(216) 0000000;www.napolglobal.com;napolglobal.com;İİB-MOB.KAĞIT VE ORMAN İHR.BRL.
ÜNAL İŞ ÇELİK EŞYA SANAYİ VE TİC. LTD. ŞTİ.;ŞERİFALİ MAH. NECİP FAZIL BULVARI BURHAN SK. NO:49;İSTANBUL;ÜMRANİYE;(216) 3634411;www.unalis.com.tr;unalis.com.tr;İİB-MOB.KAĞIT VE ORMAN İHR.BRL.
ÇÖZÜM ETİKET AMBALAJ İÇ VE DIŞ TİCARET LİMİTED ŞİRKETİ;KARLIKTEPE MAH. MERAL SK. HÜSEYİN EFENDİ APT.  BLOK NO:3D ;İSTANBUL;KARTAL;(216) 2060130;www.cozumetiket.com/;cozumetiket.com;İİB-MOB.KAĞIT VE ORMAN İHR.BRL.
GERGEDAN AMBALAJ VE KAĞIT SANAYİ TİCARET LİMİTED ŞİRKET;TEVFİKBEY MAH. ŞEHİT EROL OLÇOK CAD. NO: 34 /1;İSTANBUL;KÜÇÜKÇEKMECE;(212) 4850216;https://www.gergedankagit.com/;gergedankagit.com;İİB-MOB.KAĞIT VE ORMAN İHR.BRL.
YÜZGÜL GERİ DÖNÜŞÜM SANAYİ DIŞ TİCARET LİMŞTED ŞİRKETİ;ESENKENT MAHALLESİ YÜCESOY SOKAK NO:19;İSTANBUL;ÜMRANİYE;(216) 0000000;www.yuzgulgeridonusum.com;yuzgulgeridonusum.com;İİB-MOB.KAĞIT VE ORMAN İHR.BRL.
RENPAK AMBALAJ SAN. VE TİC. LTD. ŞTİ.;YAKUT SİT. NO:19/2;İSTANBUL;KADIKÖY;(216) 4568242;www.renpak.com;renpak.com;İİB-MOB.KAĞIT VE ORMAN İHR.BRL.
ARSU MOBİLYA İNŞ MÜH LTD ŞTİ;ALEMDAR MH. 1. GÜNAYDIN SOKAK NO:14/A;BURSA;OSMANGAZİ;(224) 2352343;http://www.arsumobilya.com.tr;arsumobilya.com.tr;İİB-MOB.KAĞIT VE ORMAN İHR.BRL.
POLO GİYİM SAN. VE TİC. AŞ;SELANİK BULVARI NO:157;İSTANBUL;EYÜP;(212) 2824263;www.pologarage.com;pologarage.com;İİB-MOB.KAĞIT VE ORMAN İHR.BRL.
FEDERMAK MAKİNA KUYUMC. MOBİL .İNŞAAT NAKLİ.SAN. VE TİC.  LTD.ŞTİ;KİRİŞHANE  CAD  DEMİRCİLER  SOK NO:9/AALTINOVA/ ADAPAZARI;SAKARYA;ADAPAZARI;(264) 2820480;www.federmak.com;federmak.com;İİB-MOB.KAĞIT VE ORMAN İHR.BRL.
MACRO AYAKKABI OTELCİLİK TURZ. SAN. VE TİC. AŞ;ÖRNEK MH. 1602 SK. NO:5;İSTANBUL;ESENYURT;(212) 6981558;www.scooter.com.tr;scooter.com.tr;İİB-MOB.KAĞIT VE ORMAN İHR.BRL.
CENGİZ TARSAN - TARSAN BASIM AMBALAJ VE REKLAM HİZM;MALTEPE MAH. GÜMÜŞSUYU CAD.NO:28/169 ;İSTANBUL;ZEYTİNBURNU;(212) 5013840;www.tarsanbasim.com;tarsanbasim.com;İİB-MOB.KAĞIT VE ORMAN İHR.BRL.
G.M.MATBAACILIK VE TICARET A.Ş;100. YIL MAH. MATBAACILARSITESI 1. CAD. NO:88;İSTANBUL; ;(212) 6290024;www.goldenmedya.com.tr;goldenmedya.com.tr;İİB-MOB.KAĞIT VE ORMAN İHR.BRL.
ARTE ELEKTRONİK ANONİM ŞİRKETİ;İMES OSB İMES 1. BULVARI 17 PARSEL NO:15 ÇERKEŞLİ;KOCAELI;DİLOVASI;(216) 3050180;www.artepcb.com ;artepcb.com;İİB-MOB.KAĞIT VE ORMAN İHR.BRL.
REBS BASKI SİSTEMLERİ ANONİM ŞİRKETİ;ABDURRAHMANGAZİ MAH. EYÜP SULTAN  CAD NO:6/A/1;İSTANBUL;SULTANBEYLİ;(216) 2120997;www.rebs.com.tr;rebs.com.tr;İİB-MOB.KAĞIT VE ORMAN İHR.BRL.
ŞEYDA BAYSUNĞUR;AYDINLAR MAH. SULTANGAZİ CAD. NO:175 A;İSTANBUL;ÇEKMEKÖY;(216) 6115989;www.istiklalambalaj.com;istiklalambalaj.com;İİB-MOB.KAĞIT VE ORMAN İHR.BRL.
ÜNVER LÜKS HIRDAVAT KIRTASİYE SANAYİ PAZARLAMA VE TİCARET LİMİTED ŞİRKETİ;İSTOÇ TOPTANCILAR ÇARŞISI C BLK. NO:B-1;İSTANBUL;BAĞCILAR;2126598075;www.unver.com.tr;unver.com.tr;İİB-MOB.KAĞIT VE ORMAN İHR.BRL.
İBRAHİM TURAN - İNEGÖL BAZA YATAK ÇEKYAT SATIŞ PAZARALAMA;MAHMUDİYE MAH. 28. MOBİLYA NO:34;BURSA;İNEGÖL;(224) 7159891;www.indivani.com.tr;indivani.com.tr;İİB-MOB.KAĞIT VE ORMAN İHR.BRL.
KEVSER BASIN YAY.EĞT.ORG.VE KIRT.MALZ.İTH.İHR.SAN.TİC.A.Ş;BALABANAĞA MAH. BÜYÜK REŞİTPAŞA CAD. YUMNİ İŞ MRK. NO:16B/25 ;İSTANBUL;FATİH;(212) 5551666;www.kevseryayincilik.com;kevseryayincilik.com;İİB-MOB.KAĞIT VE ORMAN İHR.BRL.
ARES ANTIK VE MÜZAYEORGANIZASYONLARI LTD.STI.;YILDIZ MAH. ÇIRAGAN CAD. NO: 32 A IÇ KAPI NO: 1;İSTANBUL;BEŞİKTAŞ;(212) 2667485;aresmuazede.com;aresmuazede.com;İİB-MOB.KAĞIT VE ORMAN İHR.BRL.
KARGILI MOBİLYA İNŞAAT LİMİTED ŞİRKETİ;GİRNE MH DÖRTLER SK NO 5;İSTANBUL;MALTEPE;(850) 2246300;www.kargilimobilya.com.tr;kargilimobilya.com.tr;İİB-MOB.KAĞIT VE ORMAN İHR.BRL.
ERTAŞ GRANİT İNŞ. OTOMOTİV VE MOBİLYA SAN LTD.ŞTİ;ESENŞEHİR MAH. CENGİZHAN SOK NO:54A ;İSTANBUL;ÜMRANİYE;;www.ertasgranit.com;ertasgranit.com;İİB-MOB.KAĞIT VE ORMAN İHR.BRL.
TRAKYA TARIMCILIK İÇ VE DIŞ TİCARET LİMİTED ŞİRKETİ;ESKİTAŞLI KÖYÜ ESKİTAŞLI KÜME EVLERİ NO: 4;KIRKLARELI;LÜLEBURGAZ;(288) 0000000;http://www.turkuaztarimsal.com.tr/;turkuaztarimsal.com.tr;İİB-MOB.KAĞIT VE ORMAN İHR.BRL.
ARAL ORMAN ÜRÜNLERİ SANAYİ VE TİCARET LİMİTED ŞİRKETİ; GAZİLER MAH. 1784. SK. NO: 32;KOCAELI;GEBZE;(262) 0000000;http://www.aralorman.com;aralorman.com;İİB-MOB.KAĞIT VE ORMAN İHR.BRL.
MARO TARIM SANAYİ ANONİM ŞİRKETİ;HAYMANA YOLU 14.KM  YAVRUCUK MH. ;ANKARA;GÖLBAŞI;(312) 6122211;www.maro.com.tr;maro.com.tr;İİB-MOB.KAĞIT VE ORMAN İHR.BRL.
UMUT HAMİ ERDEM - ETAŞ DEKORASYON;ZAFER MAHALLESİ MADALYON SOKAK NO:4/B;İSTANBUL;BAYRAMPAŞA;(212) 0000000;https://etasdesign.com/;etasdesign.com;İİB-MOB.KAĞIT VE ORMAN İHR.BRL.
FESİH YAZICI-YAZICILAR MOBİLYA KOLTUK VE AKSESUAR TİC.;MAHMUDİYE MAH ERTUGRULGAZİ CAD NO:105 ;BURSA;İNEGÖL;(224) 7120727;www.uclermobilya.com.tr;uclermobilya.com.tr;İİB-MOB.KAĞIT VE ORMAN İHR.BRL.
HUNI MAKINA AHŞAP VE KIMYASAL PAZ.VE TIC.LTD.ŞTI.;LEVENT CAD.NO.36;İSTANBUL;BEŞİKTAŞ;(212) 2835151;www.huniparke.com;huniparke.com;İİB-MOB.KAĞIT VE ORMAN İHR.BRL.
TEKNIK MATBAA SAN. VE TIC. LTD ŞTI.;HARAMIDERE SAN. SIT. G-BLOKNO:204;İSTANBUL;BEYLİKDÜZÜ;(212) 4225858;www.teknikmatbaa.com.tr;teknikmatbaa.com.tr;İİB-MOB.KAĞIT VE ORMAN İHR.BRL.
TURKUVAZ HABERLEŞME VE YAYINCILIK A.S.;BARBAROS BULVARI CAMHAN NO 153;İSTANBUL;BEŞİKTAŞ;02123543728;www.turkuvazyayin.com.tr;turkuvazyayin.com.tr;İİB-MOB.KAĞIT VE ORMAN İHR.BRL.
VİTA GROUP İNŞAAT İÇ VE DIŞ TİCARET LİMİTED ŞİRKETİ;19 MAYIS MAH HALASKARGAZİ CD 226/2 KAT 3 D 16;İSTANBUL;ŞİŞLİ;(212) 2341020;http://www.globaltristanbul.com;globaltristanbul.com;İİB-MOB.KAĞIT VE ORMAN İHR.BRL.
VARDAR AHŞAP VE ORMAN ÜRÜNLERİ SANAYİ TİCARET LİMİTED ŞİRKETİ;OSMANGAZİ MH.MAREŞAL FEVZİ ÇAKMAK CD.B BLK.NO:15B;İSTANBUL;ESENYURT;(212) 0000000;https://www.vardarkapak.com;vardarkapak.com;İİB-MOB.KAĞIT VE ORMAN İHR.BRL.
AZIM AMBALAJ SAN. VE TIC.A.Ş.;4.LEVENT SANAYI MAH. TAN SOK.NO:15;İSTANBUL; ;(212) 2812008;www.azimambalaj.com.tr;azimambalaj.com.tr;İİB-MOB.KAĞIT VE ORMAN İHR.BRL.
D.G.MAKİNA PAZ.SAN.VE TİC.LTD.ŞTİ;NİLÜFER TİC.MERK. ÜÇEVLER MAH.GÜVENAY SOK NO:11;BURSA;NİLÜFER;(224) 4436408;www.dgmakina.com.tr;dgmakina.com.tr;İİB-MOB.KAĞIT VE ORMAN İHR.BRL.
PİNOT İNTERİOR TASARIM AKSESUAR MOBİLYA TİCARET LİMİTED ŞİRKETİ;HUZUR MAH.AZERBAYCAN CAD. SKYLAND SİT.D BLOK NO:4D/1/11;İSTANBUL;SARIYER;(212) 2204405;http://www.pinotinterior.com;pinotinterior.com;İİB-MOB.KAĞIT VE ORMAN İHR.BRL.
KIRMIZIGÜL MÜZIK ALETLERI PAZ. SAN.VE TIC.LTD.ŞTI;FATIH MAH.5.CD.20.SK.14/1;İSTANBUL;ESENLER;02125693622;www.kirmiziguldarbukas.com;kirmiziguldarbukas.com;İİB-MOB.KAĞIT VE ORMAN İHR.BRL.
PROXXEL KAĞIT ÜRÜNLERİ LİMİTED ŞİRKETİ;ÖMERLİ MAH. DERSAADET SOK. NO:6/1A;İSTANBUL;ARNAVUTKÖY;(212) 8018274;www.proxxel.com;proxxel.com;İİB-MOB.KAĞIT VE ORMAN İHR.BRL.
SEDAPACK AMB.ÇÖZÜMLERİ TİC.LTD.ŞTI.;KISIKLI CD.NO:49;İSTANBUL;ÜSKÜDAR;(216) 6511373;www.sedaozalit.com;sedaozalit.com;İİB-MOB.KAĞIT VE ORMAN İHR.BRL.
CEYLAN ÇELİK EŞY.BÜR.MOB.DEK.V E İNŞ.SAN.TİC.LTD.ŞTİ.;MARMARA SAN. SİT. A BLK. NO:2;İSTANBUL;BAŞAKŞEHİR;(212) 4720621;www.ceylancelik.com.tr;ceylancelik.com.tr;İİB-MOB.KAĞIT VE ORMAN İHR.BRL.
RESUL ŞAHİN OSMANLAR MOBİLYA;YENİ SANAYİ ZAFER C. MERCAN SOK. NO.19;BURSA;İNEGÖL;(224) 7139568;www.osmanlarkoltuk.com.tr;osmanlarkoltuk.com.tr;İİB-MOB.KAĞIT VE ORMAN İHR.BRL.
FEY KONFEKSİYON OFİS BÜRO MOBİLYALARI SAN. VE TİC. LTD. ŞTİ.;PANAYIR MAH.İSTANBUL CAD.NO:453;BURSA;OSMANGAZİ;(224) 3616280;www.feyteks.com.tr;feyteks.com.tr;İİB-MOB.KAĞIT VE ORMAN İHR.BRL.
2K KAYMAZ KIRT.MAT.SAN.VE TIC. LTD.ŞTİ;KOCATEPE MAH. 25.SOKNO:18/B;İSTANBUL;BAYRAMPAŞA;(212) 4370737;www.2k-kirtasiye.com;2k-kirtasiye.com;İİB-MOB.KAĞIT VE ORMAN İHR.BRL.
ENFA ONLİNE ELEKRONİK DIŞ TİC.LTD.ŞTİ.;İKİTELLİ OSB MAH. İSTEKS B6 BLOK SOK İSTEKS SANAYİB6 BLOK  NO:21;İSTANBUL;BAŞAKŞEHİR;(212) 0000000;www.tozlutezgah.com.tr;tozlutezgah.com.tr;İİB-MOB.KAĞIT VE ORMAN İHR.BRL.
KURTBAY PLASTİK VE KALIP SANAYİ TİCARET LİMİTED ŞİRKETİ;AYDINLI- İSTANBUL AYOSB MAH. ÜNİVERSİTE CAD. NO:53 OĞUL MATBAA ZEMİN KAT ;İSTANBUL;TUZLA;(216) 5933411;www.kurtbayplastik.com;kurtbayplastik.com;İİB-MOB.KAĞIT VE ORMAN İHR.BRL.
CUBİC OFİS MOB. SAN. VE TİC.LTD.ŞTİ.;Y. DUDULLU MAH. NESİL SOK  NESİL SOK .AKALIN  NO:1/4;İSTANBUL;ÜMRANİYE;(216) 0000000;www.cubicofis.com;cubicofis.com;İİB-MOB.KAĞIT VE ORMAN İHR.BRL.
BUR-KUT AMBALAJ SAN.VE TIC.LTD .ŞTI.;FETHİYE OSB. SAN. CAD. NO:17;BURSA;NİLÜFER;(224) 4822333;www.burkutambalaj.com.tr;burkutambalaj.com.tr;İİB-MOB.KAĞIT VE ORMAN İHR.BRL.
ÇAĞRI YAYINLARI TİC.LTD.ŞTİ;BINBIRDIREK MH.BINBIRDIREK MEYDANI  SOK NO:3/101SK. NO:10;İSTANBUL;FATİH;(212) 5162080;www.cagri.com.tr;cagri.com.tr;İİB-MOB.KAĞIT VE ORMAN İHR.BRL.
PRİNTEXPO MATBAACILIK VE AMBALAJ SANAYİ DIŞ TİCARET LİMİTED ŞİRKETİ;YAKUPLU MAH. 194. SK. - NO: 1 İÇ KAPI NO: 47;İSTANBUL;BEYLİKDÜZÜ;(212) 0000000;http://www.printexpo.net/;printexpo.net;İİB-MOB.KAĞIT VE ORMAN İHR.BRL.
ARKA TASARIM MİMARLIK DEKORASYON REKLAM SAN. VE TİC. LTD. ŞTİ.;ADİL MAH.BEYKOZ CAD. KEMERLER SOK. N:6;İSTANBUL;SULTANBEYLİ;(216) 5925544;www.arkatasarim.com;arkatasarim.com;İİB-MOB.KAĞIT VE ORMAN İHR.BRL.
CAN ENDÜSTRİYEL ÜRÜNLER  SAN VE TİC.LTD.ŞTİ;İKİTELLİ ORG SAB. BÖLG KERESTECİLER 8 BLOK NO:14;İSTANBUL;BAŞAKŞEHİR;(212) 6703400;www.canendustriyel.com;canendustriyel.com;İİB-MOB.KAĞIT VE ORMAN İHR.BRL.
SİMYACI DIŞ TİC.LTD.ŞTİ;A.R GÜRCAN CAD.ESKİ ÇIRPICI YOL SOK MERİDYEN PLAZANO:1/105;İSTANBUL;ZEYTİNBURNU;(212) 4824027;www.simyaciltd.com;simyaciltd.com;İİB-MOB.KAĞIT VE ORMAN İHR.BRL.
ÇELİK ÇORAP SAN. VE TİC. AŞ;GÜNEŞ CD.NO:56;İSTANBUL;BAYRAMPAŞA;(212) 5659080;www.celik.com.tr;celik.com.tr;İİB-MOB.KAĞIT VE ORMAN İHR.BRL.
HÜSEYİN DEĞİRMENCİ;ALTINOVA MAH. 1. KONUK SOK İÇTEN APT NO:13A;BURSA;OSMANGAZİ;(224) 0000000;www.hgskoltuk.net;hgskoltuk.net;İİB-MOB.KAĞIT VE ORMAN İHR.BRL.
ADVANCED VISION DIŞ TİC.LİMİTED ŞİRKETİ;CUMHURİYET MAHALLESİ D-100 K.YOLU CAD. ADM KON.ST..OUT.PARK AVM 374/63 ;İSTANBUL;BÜYÜKÇEKMECE;(212) 0000000;http://info-tr@avcc-group.com;avcc-group.com;İİB-MOB.KAĞIT VE ORMAN İHR.BRL.
DOLUNAY DINLENCE GER.DAY.TÜK. MAD.VE TURIZM SAN.VE TIC.LTD.Ş;FEVZİ ÇAKMAK CD. 10206 SK. NO:5;İSTANBUL;ARNAVUTKÖY;2126832324;www.butasmobilya.com.tr;butasmobilya.com.tr;İİB-MOB.KAĞIT VE ORMAN İHR.BRL.
AYMEK MATBAACILIK SAN TİC LTD ŞTİ;İKİTELLİ OSB MARMARA SAN SİT ABLOK NO 9-10;İSTANBUL;KÜÇÜKÇEKMECE;(212) 4943856;www.aymekmatbaa.com.tr;aymekmatbaa.com.tr;İİB-MOB.KAĞIT VE ORMAN İHR.BRL.
AS-NUR OTOMOTİV İTHALAT İHRACAT SANAYİ VE TİCARET LİMİTED ŞİRKETİ;INEBEY NAH.K.LANGA CAD.NO.14;İSTANBUL; ;(212) 5300079;www.asnurotomotiv.com;asnurotomotiv.com;İİB-MOB.KAĞIT VE ORMAN İHR.BRL.
DEFTER KIRTASİYE KİTAP BASIM YAY.DAĞ.OTO.İNŞ.TİC.LTD.ŞTİ;ORHANTEPE MAH.GİRNE SOK.NO:15/A ;İSTANBUL;KARTAL;(216) 3737011;www.deffter.com;deffter.com;İİB-MOB.KAĞIT VE ORMAN İHR.BRL.
MET ETİKET TİCARET VE SAN.A.Ş.;YUZYIL MAHALLESİ MATBAACILAR SİTNO:221;İSTANBUL;BAĞCILAR;(212) 6290429;www.arasgrup.com.tr;arasgrup.com.tr;İİB-MOB.KAĞIT VE ORMAN İHR.BRL.
FATİH IŞIK - IŞIKLAR KOLTUK;BAHÇİVAN MAH.K.K.CAD.NO66/A;VAN;MERKEZ;(432) 2167235;www.ışıklarmobilyavan;xn--klarmobilyavan-4fca59e;İİB-MOB.KAĞIT VE ORMAN İHR.BRL.
CAN HASSAS KAĞIT SAN VE TIC. A.Ş;OSMANGAZİ MAH. TUNÇ CAD. NO:6/1;İSTANBUL;ESENYURT;(212) 6232400;www.canpas.com;canpas.com;İİB-MOB.KAĞIT VE ORMAN İHR.BRL.
MEF PROMOSYON ÜRÜNLERİ İTHALAT İHRACAT SANAYİ TİCARET LİMİTED ŞİRKET;AYDINEVLER MAH. FENER SK. NO: 30 A;İSTANBUL;ESENLER;(212) 0000000;http://www.mefpromosyon.com.tr;mefpromosyon.com.tr;İİB-MOB.KAĞIT VE ORMAN İHR.BRL.
ERKAN MEDİKAL İÇ VE DIŞ PAZ TUR.ULAŞ.GIDA.TEKS.İTH.İHR.SAN.LTD.ŞTİ;KUŞTEPE MAH. MESUT CEMİL SOK ABİDE SİT.A BLOK NO:1/K;İSTANBUL;ŞİŞLİ;(212) 2177764;www.erkangrup.com;erkangrup.com;İİB-MOB.KAĞIT VE ORMAN İHR.BRL.
ADAL ARTE MOBİLYA SAN. VE TİC. LTD. ŞTİ.;23 NİSAN MAH. BÜLENT ECEVİT CAD.MAHALLE 222 SİT.A BLOK NO: 12A;BURSA;NİLÜFER;(224) 7770242;http://www.adalhome.com.tr;adalhome.com.tr;İİB-MOB.KAĞIT VE ORMAN İHR.BRL.
GÜLTEKİN ZENGİN GROUP OTO LTD ŞTİ;KİRAZLİ KÖYÜ MAH. SANAYİ 1. GİRİS SOKAK 41/1 İC KAPİ NO 4;YALOVA;MERKEZ;(226) 0000000;http://www.yalovagultekingroup.com;yalovagultekingroup.com;İİB-MOB.KAĞIT VE ORMAN İHR.BRL.
DAN DESIGN MİMARLIK KONGRE FUAR VE TANITIM HİZMETLERİ SANAYİ TİCARET LİMİTED ŞİRKET;TARABYA MAH. ÖZ GÜL SK. NO: 52B;İSTANBUL;SARIYER;(212) 4657979;www.daniseryilmaz.com;daniseryilmaz.com;İİB-MOB.KAĞIT VE ORMAN İHR.BRL.
NEVZAT  ŞAHİN -EMPATİ  GRUP;İKİTELLİ KERESTECİLER SAN.SİT.28.BLOK NO:33BAŞAKŞEHİR İKİTELLİ;İSTANBUL;BAŞAKŞEHİR;(212) 6700676;www.empatigrup.com;empatigrup.com;İİB-MOB.KAĞIT VE ORMAN İHR.BRL.
USPA USTAOĞLU ORMAN ÜRÜNLERİ  SAN.TİC.LTD.ŞTİ;İOSB ZİYA GÖKALP MAH. KERESTECİLER SİT. 21. SK. N:;İSTANBUL;BAŞAKŞEHİR;(212) 6700151;http://www.ustaogluorman.com;ustaogluorman.com;İİB-MOB.KAĞIT VE ORMAN İHR.BRL.
INTERPACK BASKI ÇÖZÜMLERİ AMB.SAN  VE TİC AŞ;ÖRNEK MAH. 1596 SOK NO:15/3 BODRUM KAT ;İSTANBUL;ESENYURT;(212) 6720329;www.interpacktr.com;interpacktr.com;İİB-MOB.KAĞIT VE ORMAN İHR.BRL.
YUSUF AVAZ - MİNBER KOLTUK;MAHMUDİYE MAH. ÖMERESİN SK. NO.13;BURSA;İNEGÖL;(224) 7117557;www.minberkoltuk.com;minberkoltuk.com;İİB-MOB.KAĞIT VE ORMAN İHR.BRL.
ESSITY TURKEY HİJYEN ÜRÜN.SAN.VE TİC.A.Ş;CEVİZLİ MAH.D100 YAN YOL CAD. KURİŞKULEAPT. NO:2/95;İSTANBUL;KARTAL;(216) 3949414;www.scahijyen.com;scahijyen.com;İİB-MOB.KAĞIT VE ORMAN İHR.BRL.
MARTI OKUL MOB.SAN.VE TİC LTD.ŞTİ;ESENKENT MAH. DUDULLU OSB. 3. CAD. NO:17/2ÜMRANİYE;İSTANBUL;ÜMRANİYE;(216) 4443459;www.martiokulmobilyalari.com;martiokulmobilyalari.com;İİB-MOB.KAĞIT VE ORMAN İHR.BRL.
DUPLAS MANTAR SAN.VE TIC.A.S.;YEŞİLCE MAH. DALGIÇ SOK. NO: 334.LEVENT;İSTANBUL;KAĞITHANE;(212) 3241187;www.duplas.com.tr;duplas.com.tr;İİB-MOB.KAĞIT VE ORMAN İHR.BRL.
GATAR GLOBAL SOURCING MOBİLYA DIŞ TİCARET LİMİTED ŞİRKETİ;CAMİ MAH. KAVALA SK. TORLAK REİS SİT. A BLOK NO:11İÇ KAPI NO:7;İSTANBUL;TUZLA;(216) 0000000;http://www.gatarglobal.com;gatarglobal.com;İİB-MOB.KAĞIT VE ORMAN İHR.BRL.
MARKAM BASIM YAYIN TANITIM SANAYI TICARET LIMITED SIRKETI;YEŞİLKÖY MAH ATATÜRKCAD EGS BLOKLARIB-2 BLOK NO 12/8;İSTANBUL;BAKIRKÖY;(212) 4726745;http://www.markabasim.com;markabasim.com;İİB-MOB.KAĞIT VE ORMAN İHR.BRL.
KAPLAN TEKSTİL VE YAPIM SAN. VE TİC. LTD. ŞTİ.;BAHÇELIEVLER MH. AYDINLI YOLUCAD. NO:17/A;İSTANBUL;PENDİK;(216) 3908716;www.kplantekstil.com;kplantekstil.com;İİB-MOB.KAĞIT VE ORMAN İHR.BRL.
TANT YAPI SANAYI VE TICARET LIMITED SIRKETI;ZİYA GÖKALP MAH. KARACAOĞLAN SK. MY WORLD EUROPASİTESİ B-5 BLOK NO: 1B İÇ KAPI NO: 142;İSTANBUL;BAŞAKŞEHİR;(212) 0000000;http://www.tantyapi.com.tr;tantyapi.com.tr;İİB-MOB.KAĞIT VE ORMAN İHR.BRL.
AVON KOZMETİK ÜRÜN. SAN. VE TİC. AŞ;TEKFEN KAĞITHANE OFİSPARK A BLOK KAT: 4/11 MERKEZ MAH.BAĞLAR CAD. NO: 14;İSTANBUL;KAĞITHANE;(212) 4731100;www.avon.com;avon.com;İİB-MOB.KAĞIT VE ORMAN İHR.BRL.
WOODMONT AHŞAP VE ORMAN ÜRÜNLERİ SAN.DIŞ TİC.PAZ.A.Ş.;ASMALI MESÇİT MAH.İSTİKLAL CAD.TERKOS ÇIKMAZI TERKOS HAN KAT:7 DAİRE:708;İSTANBUL;BEYOĞLU;(212) 2732800;www.woodmont.com.tr;woodmont.com.tr;İİB-MOB.KAĞIT VE ORMAN İHR.BRL.
EKİNOKS YATÇILIK İÇ MİMARİ SAN VE TİC.LTD.ŞTİ.;YANYOL CAD.NO:136/1;İSTANBUL;PENDİK;(216) 3926042;www.ekinoksyachting.com;ekinoksyachting.com;İİB-MOB.KAĞIT VE ORMAN İHR.BRL.
LEDE YAPI PROJE UYGULAMA İNŞ. SAN. TİC. LTD ŞTİ.;HAMİDİYE MAHALLESİ SENA SOKAK NO:10/B;İSTANBUL;KAĞITHANE;(212) 0000000;http://www.ldwood.com.tr;ldwood.com.tr;İİB-MOB.KAĞIT VE ORMAN İHR.BRL.
MEDILİNE ISOTHERMAL SOLUTIONS TURKEY AMBALAJ TİC. LTD. ŞTİ.;ATATÜRK MAH. ATAŞEHİR BULVARI GARDENYA RESİDANS 7/1 NO: 55 ATATÜRK 34758 ;İSTANBUL;ATAŞEHİR;(216) 0000000;www.mediline-tcp.com ;mediline-tcp.com;İİB-MOB.KAĞIT VE ORMAN İHR.BRL.
MS TEKNİK OFİS MOBİLYALARI DIŞ TİCARET LİMİTED ŞİRKETİ;MASKO MOBİLYACILAR SİTESİ 5A BLOK NO:19-21-23 ;İSTANBUL;BAŞAKŞEHİR;(212) 6750306;https://www.teknikofis.com/;teknikofis.com;İİB-MOB.KAĞIT VE ORMAN İHR.BRL.
GÜLLER MOBILYA DEK.INŞ.SAN.VE TIC.LTD.ŞTI.;MASKO MOBİLYACILAR ÇARSISI 9/B BLOK NO:22-24 ;İSTANBUL;BAŞAKŞEHİR;(212) 6751890;www.gullermobilya.com.tr;gullermobilya.com.tr;İİB-MOB.KAĞIT VE ORMAN İHR.BRL.
PACK AND PRİNT HOUSE DIŞ TİCARET LİMİTED ŞİRKETİ;AŞIK VEYSEL MAH. VEDAT ALTUN SOK. ERGUVAN SİTESİB33 KAT:7 NO:15;İSTANBUL;ESENYURT;(212) 0000000;www.packandprinthouse.com;packandprinthouse.com;İİB-MOB.KAĞIT VE ORMAN İHR.BRL.
WALGRADE DUVAR KAĞITLARI  SAN VE TİC.LTD.ŞTİ.;KARLIKTEPE MAH. TOPÇANLAR SOK NO:3/A;İSTANBUL;KARTAL;(216) 6296921;www.walgrade.com;walgrade.com;İİB-MOB.KAĞIT VE ORMAN İHR.BRL.
BILSAN AĞAÇ VE KAPLAMA SANAYI TIC. A.Ş.;CUMHURIYET MAH.DOĞU SOKAKNO:42;DÜZCE;DÜZCE;(380) 5232616;www.bilsanwood.com;bilsanwood.com;İİB-MOB.KAĞIT VE ORMAN İHR.BRL.
OĞUZ TURAN;KARAAĞAÇ MH.KAHRAMAN CD.A BL N.120D;İSTANBUL;BÜYÜKÇEKMECE;(212) 2263927;http://www.dizaynpetek.com;dizaynpetek.com;İİB-MOB.KAĞIT VE ORMAN İHR.BRL.
DOĞU ÖZBEY;MALTEPE MAH. DAVUTPASA CAD. EMINTAS DAVUTPASA MATBAACILAR SITESI NO: 101 IÇ KAPI NO: 83;İSTANBUL;ZEYTİNBURNU;(212) 0000000;http://doguozbey@gmail.com;gmail.com;İİB-MOB.KAĞIT VE ORMAN İHR.BRL.
ÖZER YAPI ÜRÜNLERİ PAZARLAMA VE TAAH.LTD. ŞTİ.;KADOSAN OTO SAN. SİTE. SOSYALTESİS.BİNASI K:2 NO:123-124;İSTANBUL;ÜMRANİYE;(216) 5276862;www.scandatex.com;scandatex.com;İİB-MOB.KAĞIT VE ORMAN İHR.BRL.
HMM MİMARLIK YAPI DEKORASYON SAN. VE TİC. LTD. ŞTİ.;VELİBABA MAH. MİMAR SİNAN CAD. NO:6/1/116;İSTANBUL;PENDİK;(216) 4944669;www.hmmmimarlik.com.tr;hmmmimarlik.com.tr;İİB-MOB.KAĞIT VE ORMAN İHR.BRL.
TURKWIZARD DANIŞMANLIK PAZARLAMA LTD. ŞTİ.;KARAGÜMRÜK MAH. SARMAŞIK SOK. B.3-49*G3-55 NO:28A;İSTANBUL;FATİH;(212) 0000000;http://www.turkwizard.com.tr;turkwizard.com.tr;İİB-MOB.KAĞIT VE ORMAN İHR.BRL.
MAKPROTEK MAK.SAN VE TİC.LTD.ŞTİ;MİMARSİNAN MAH. ÜSKÜDAR CAD. YEDPA TİC.MERK.E CADDNO:1E/35 ;İSTANBUL;ATAŞEHİR;(216) 2660439;www.makprotek.com.tr;makprotek.com.tr;İİB-MOB.KAĞIT VE ORMAN İHR.BRL.
BURSA KARTON SANAYİ VE TİCARET A.Ş.;SIRABADEMLER MAH. HASTANE SOK NO:7/2 ;BURSA;KARACABEY;(224) 6718436;www.bursakarton.com.tr;bursakarton.com.tr;İİB-MOB.KAĞIT VE ORMAN İHR.BRL.
MEGA ETIKET VE TEKSTİL SAN. VE TİC. LTD. ŞTİ.;KERESTECILER SIT. MAHMET AKIFCD. NO:44;İSTANBUL;GÜNGÖREN;(212) 6374570;www.megaetiket.com;megaetiket.com;İİB-MOB.KAĞIT VE ORMAN İHR.BRL.
BY ARZU DİZAYN MOBİLYA İTHALAT İHRACAT SANAYİ TİCARET LİMİTED ŞİRKETİ;YALI MAHLLESİ İSKELE CADDESİ NO:17/A;İSTANBUL;MALTEPE;(216) 0000000;http://www.byarzu.com;byarzu.com;İİB-MOB.KAĞIT VE ORMAN İHR.BRL.
CEFI PACK AMBALAJ SANAYI VE TICARET ANONIM SIRKETI;YAYLACIK MAH. 56. SK. NO: 106;BURSA;NİLÜFER;(224) 0000000;https://www.cefipack.com/;cefipack.com;İİB-MOB.KAĞIT VE ORMAN İHR.BRL.
VEGA CONCEPT MİMARLIK İNŞ. SAN. VE TİC. LTD. ŞTİ.;ÜÇEVLER MAHÇ KÜÇÜK SAN. SİTESİ 18 (220) CAD. 64. BLOK NO: 16/1;BURSA;NİLÜFER;(224) 4414182;www.vegaconcept.com.tr;vegaconcept.com.tr;İİB-MOB.KAĞIT VE ORMAN İHR.BRL.
SHELVORA DESİGN İÇ VE DIŞ TİCARET LİMİTED ŞİRKETİ;GÖZTEPE MAH. BATIŞEHİR CAD. BATIŞEHİRK BLOK NO:2/2 İÇ KAPI NO : 115;İSTANBUL;BAĞCILAR;(212) 0000000;www.rafland.store;rafland.store;İİB-MOB.KAĞIT VE ORMAN İHR.BRL.
RAM TEKSTİL SAN VE DIŞ TİC LTD.ŞTİ;M.BEY M. GOKMEN SOK NO 6;İSTANBUL;BAĞCILAR;02124470730;www.ramtextile.com;ramtextile.com;İİB-MOB.KAĞIT VE ORMAN İHR.BRL.
MTM BİLİŞİM ARGE YAZILIM VE GÜV.TEKN.SAN.TİC.A.Ş;GOSB KEMAL NEHREZOĞLU CAD. NO:505 K:4 ;KOCAELI;GEBZE;(262) 7513411;www.mtmsecurity.com;mtmsecurity.com;İİB-MOB.KAĞIT VE ORMAN İHR.BRL.
VODAFONE TELEKOMÜNIKASYON A.Ş.;BÜYÜKDERE CAD.NO:67;İSTANBUL;ŞİŞLİ;(212) 3670000;www.vodafon.com.tr;vodafon.com.tr;İİB-MOB.KAĞIT VE ORMAN İHR.BRL.
TUHAG UZAY VE HAVACILIK GELİŞTİRME SANAYİ TİCARET LİMİTED ŞİRKETİ;YUKARI DUDULLU MAHALLESİ ALEMDAĞ CADDESİNO:792/3;İSTANBUL;ÜMRANİYE;(216) 5405202;http://www.tuhag.com.tr;tuhag.com.tr;İİB-MOB.KAĞIT VE ORMAN İHR.BRL.
TEC TEKSTİL DOKUMA BASKI MATBAA ETİKET SAN. VE TİC. AŞ;HDIMKÖY GIŞELER YANI  KURUŞANÇIFTLIĞI 101 ADA 2 PARSEL;İSTANBUL;BÜYÜKÇEKMECE;02128581591;http://www.tetas.com.tr;tetas.com.tr;İİB-MOB.KAĞIT VE ORMAN İHR.BRL.
TAZE BASKI REKLAM MATBAA VE KIRTASİYE SAN.TİC.LTD.ŞTİ.;AYDINEVLER MAH.SANCAK SOK.NO:13-17/A;İSTANBUL;MALTEPE;(212) 2698293;www.tazebaskimerkezi.com;tazebaskimerkezi.com;İİB-MOB.KAĞIT VE ORMAN İHR.BRL.
SERVET ALABAŞ DS İNTERİORS MOBİLYA;PİRİNÇÇİ MAH. PİRİNÇÇİ KÖY YOLU SOK. NO:13A;İSTANBUL;EYÜP;(212) 0000000;http://dsinteriorsdekorasyon.com;dsinteriorsdekorasyon.com;İİB-MOB.KAĞIT VE ORMAN İHR.BRL.
PETRA KUTU AMBALAJ İTHALAT İHRACAT TİCARET LİMİTED ŞİRKETİ;CEVİZLİ MAH YEŞİL SK ŞAMAN SANAYİ NO:1 G ;İSTANBUL;MALTEPE;(216) 4201115;http://petrakoli.com;petrakoli.com;İİB-MOB.KAĞIT VE ORMAN İHR.BRL.
İŞSEVEN MİMARLIK SANAYİ VE TİCARET ANONİM ŞİRKETİ;ESENTEPE MAH. FAHRİ KORUTÜRK CAD. NO:82KARTAL/İSTANBUL;İSTANBUL;KARTAL;(216) 3130025;www.issevenmimarlık.com.tr;xn--issevenmimarlk-igc.com.tr;İİB-MOB.KAĞIT VE ORMAN İHR.BRL.
ARTİSTİK MOBİLYA DEKORASYON YAPI TAAHHÜT SAN.VE TİC.LTD.ŞTİ;İMAMÇEŞME CAD. HUZUR MAH. USLU İŞ MERK.6/1 SEYRANTEPE;İSTANBUL;SARIYER;(212) 3320605;www.artisticdesign.com.tr;artisticdesign.com.tr;İİB-MOB.KAĞIT VE ORMAN İHR.BRL.
ANIL ORMAN ÜRÜNLERİ SANAYİ VE DIŞ TİC. LTD. ŞTİ.;ORGANİZE SANAYİ BÖLG.2.CAD. NO:2;BURSA;İNEGÖL;(224) 7148391;www.anilorman.com;anilorman.com;İİB-MOB.KAĞIT VE ORMAN İHR.BRL.
BEKPINAR YAPI ELEMANLARI  MAKİNA  KALIP  SAN.  VE TİC. LTD.ŞTİ..;MURAT MAH. ULUYOL  KIŞLA CAD.İŞKENT SAN. SİTESİ D BLOK NO.25-26-27-43;İSTANBUL;BAYRAMPAŞA;(212) 5643295;www.bekpinar.com.tr;bekpinar.com.tr;İİB-MOB.KAĞIT VE ORMAN İHR.BRL.
MS LABEL PACK ETİKETÇİLİK MATBAACILIK SANAYİ VE TİCARET ANONİM ŞİRKETİ;SELHADDİN EYYÜBİ MAH.1346. SOK.6/1 ;İSTANBUL;ESENYURT;(212) 4931247;https://mslabelpack.com/;mslabelpack.com;İİB-MOB.KAĞIT VE ORMAN İHR.BRL.
VEHER İÇ VE DIŞ TİCARET ANONİM ŞİRKETİ;BAŞÖĞRETMEN CAD. NO:5/A;KOCAELI;GÖLCÜK;(262) 4146969;http://www.veheras.com;veheras.com;İİB-MOB.KAĞIT VE ORMAN İHR.BRL.
REGALİS CONCEPT MOBİLYA İMALAT SANAYİ VE TİCARET LİMİTED ŞİRKETİ;SİLAHTARAĞA MAH. YURT SK. NO: 3 -9 İÇ KAPI NO: 14;İSTANBUL;EYÜP;(212) 0000000;www.regalisconcept.com;regalisconcept.com;İİB-MOB.KAĞIT VE ORMAN İHR.BRL.
KALZER NATÜREL ÜRÜNLER GIDA SANAYİ VE TİC. A.Ş.;GÖZTEPE MAH. KÖPRÜLÜ ÇIKMAZI SK. NO: 8 IÇ KAPI NO:1;İSTANBUL;BEYKOZ;(216) 4653266;http://www.mixmeupp.com;mixmeupp.com;İİB-MOB.KAĞIT VE ORMAN İHR.BRL.
AKTİFMAK MATBAA MAKİNALARI TİCARET LTD ŞTİ;ORUÇREİS MAH. GİYİMKENT 3. SK. GİYİM KENT B28 NO:30 A ;İSTANBUL;ESENLER;(212) 4380425;www.aktifmakine.com.tr;aktifmakine.com.tr;İİB-MOB.KAĞIT VE ORMAN İHR.BRL.
ALİ BİÇER;ATAKENT MAH. 243 SKNO:6/4A/37;İSTANBUL;KÜÇÜKÇEKMECE;(212) 6712973;http://www.bicercila.com/;bicercila.com;İİB-MOB.KAĞIT VE ORMAN İHR.BRL.
ELMAS KUTU VE AMB. SAN. TIC. LTD. ŞTI;MALTEPE MAH. ÇİFTE HAVUZLAR YOLU ASKERİ FIRIN ÇIKMAZI NO:12 /3 KAT2;İSTANBUL;ZEYTİNBURNU;(212) 4822727;www.elmaskutu.com;elmaskutu.com;İİB-MOB.KAĞIT VE ORMAN İHR.BRL.
SKF TÜRK SAN. VE TİC.LTD.ŞTİ;TEKSTİLKENT KOZA PLAZA A BLOK15.KAT NO:56-57;İSTANBUL;ESENLER;(212) 6020185;"www.skfturk.com.tr;http://www.skf.com";"skfturk.com.tr;http";İİB-MOB.KAĞIT VE ORMAN İHR.BRL.
BARUCCI MOBİLYA TİC. VE SAN. LTD. ŞTİ.;ÜRÜNLÜ MH. 51. (470) SK. NO:88;BURSA;NİLÜFER;(224) 0000000;http://www.barucci.com.tr;barucci.com.tr;İİB-MOB.KAĞIT VE ORMAN İHR.BRL.
SELİS KOLTUK MOBİLYA İTH.İHR SAN VE TİC.A.Ş;YENİCEKÖY MAH. MOB. CAD. A BLOK AVM ÇARŞI NO:36/1İÇ KAPI NO:36/1;BURSA;İNEGÖL;(224) 0000000;www.rendimobilya.com;rendimobilya.com;İİB-MOB.KAĞIT VE ORMAN İHR.BRL.
OCTOPUS ORMAN ÜRÜNLERİ  SAN. İHR.İTH. VE TİC. LTD.ŞTİ.;DEVLET KARAYOLU ÜZERİ 10.KM;BURSA;İNEGÖL;7313276;www.octopus.com.tr;octopus.com.tr;İİB-MOB.KAĞIT VE ORMAN İHR.BRL.
LİONİL TASARIM UYGULAMA SANAYİ VE TİCARET LİMİTED ŞİRKETİ;YUNUSELİ MAHALLESİ YUNUSELİ BULVARI NO 56/A;BURSA;OSMANGAZİ;(224) 0000000;http://www.li?oni?l.com.tr;li;İİB-MOB.KAĞIT VE ORMAN İHR.BRL.
KARDELEN KOLTUK MOBİLYA SAN. VE TİC.LTD.ŞTİ;MAHMUDİYE MAH. SANAYİ CAD. NO:28;BURSA;İNEGÖL;(224) 7113617;www.mobilyamevime.com;mobilyamevime.com;İİB-MOB.KAĞIT VE ORMAN İHR.BRL.
TANER GÜMÜŞ - GUSTA MOBİLYA;SİNANBEY MAH. 24.METAL SOK NO:12;BURSA;İNEGÖL;(224) 7142424;www.gumusbebe.com;gumusbebe.com;İİB-MOB.KAĞIT VE ORMAN İHR.BRL.
KARPA İTH.İHR.VE TİC.LTD.ŞTİ.;TAHTAKALE CAD. TAHTAKALE TIC.MERK. NO:34/405;İSTANBUL;FATİH;(212) 5129269;www.karpa.com.tr;karpa.com.tr;İİB-MOB.KAĞIT VE ORMAN İHR.BRL.
ÖZAY KARTON AMBALAJ GIDA SAN VE TİC.LTD.ŞTİ;İSTİKLAL MAH. ATATÜRK CAD.NO:11 ;İSTANBUL;ESENYURT;(212) 6890035;www.ozayviyol.com;ozayviyol.com;İİB-MOB.KAĞIT VE ORMAN İHR.BRL.
WENDY MOBİLYA DAYANIKLI TÜKETİM MALLARI SANAYİ VE TİCARET LİMİTED ŞİRKETİ;GÖKEVLER MAH 2245 SK A BLOK HOPARK SİTESİ NO:7 A;İSTANBUL;ESENYURT;(212) 0000000;http://www.wendymobilya.com;wendymobilya.com;İİB-MOB.KAĞIT VE ORMAN İHR.BRL.
GELBUL KAĞIT MATBAA.SAN.TIC. A.Ş.;LITROS YOLU 2 MAT SIT A BLOKNO 16;İSTANBUL; ;02125017757;www.gelbul.com.tr;gelbul.com.tr;İİB-MOB.KAĞIT VE ORMAN İHR.BRL.
NARSAN DEKORASYON AHŞAP MOBİLYA SANAYİ İTHALAT VE İHRACAT TİCARET LTD.ŞTİ.;DUAÇINARI MAH. 8.ÇINAR SOKAK NO.2/1-A;BURSA;YILDIRIM;(224) 3636412;www.narsan.com.tr;narsan.com.tr;İİB-MOB.KAĞIT VE ORMAN İHR.BRL.
BAŞKANER SİNAMA VE KONFRANS  KOLTUKLARI MOBİLYA POLİÜRETAN OTOMOTİV İNŞ. SAN VE TİC.LTD.ŞTİ.;MURAT HÜDAVENDİGAR BULV.NO:90;BURSA;OSMANGAZİ;(224) 0000000;www.baskan.com;baskan.com;İİB-MOB.KAĞIT VE ORMAN İHR.BRL.
YALÇIN MOB. IML. INŞ. NAK. SAN . TIC. LTD. ŞTI.;VATAN CAD. ŞINGIR SOK.NO 14;ESKIŞEHIR; ;(222) 2406777;www.polkankanepe.com;polkankanepe.com;İİB-MOB.KAĞIT VE ORMAN İHR.BRL.
EKAWOOD AHŞAP AMBALAJ SANAYİ VE TİCARET LİMİTED ŞİRKETİ;HATIÇIRPAN CADDESİ NO:7AA;TEKIRDAĞ;ÇORLU;(282) 0000000;http://www.ekawood.com;ekawood.com;İİB-MOB.KAĞIT VE ORMAN İHR.BRL.
SET LABORATUAR SİST.VE İNŞ.SAN.TİC.LTD.ŞTİ.;ŞERİFALİ MAH. EMİN SOK. NO:1334775 ÜMRANİYE;İSTANBUL;ÜMRANİYE;(216) 5775105;www.set-ltd.com.tr;set-ltd.com.tr;İİB-MOB.KAĞIT VE ORMAN İHR.BRL.
BALWRAP AMBALAJ TICARET LIMITED SIRKETI;ATIŞALANI MAH.GÖNLÜM SK.ESENLER KONUTLARI SİTESİC2 BLOK NO:47L/23;İSTANBUL;ESENLER;(212) 0000000;http://www.balwrap.com;balwrap.com;İİB-MOB.KAĞIT VE ORMAN İHR.BRL.
SEÇIL OFSET MATBAACILIK AMBALAJ SAN. VE TIC. LTD. ŞTI.;100. YIL MAH. MATBAACILAR SIT.4. CAD. NO:77 MAS-SIT4. CAD. NO:77 MAS-SIT;İSTANBUL;BAĞCILAR;(212) 6290615;www.secilofset.com;secilofset.com;İİB-MOB.KAĞIT VE ORMAN İHR.BRL.
AKEL MOBILYA DEKORASYON AKSESUAR VE INSAAT TICARET LIMITED SIRKETI;SIRINTEPE GÜMÜSHANE C.AKANYILDIZ S. NO: 12;İSTANBUL;ŞİŞLİ;(212) 2681804;http://www.akeldekorasyon.com;akeldekorasyon.com;İİB-MOB.KAĞIT VE ORMAN İHR.BRL.
EKO ÇANTA KAĞIT AMB.MATBAA PROMASYON SAN.VE DIŞ TİC.LTD.ŞTİ;MALTEPE MAH. LİTROSYOLU SOK. 2. MATBAACILAR SİTESİ A BLOK KAT: 6 NO: 416;İSTANBUL;ZEYTİNBURNU;(212) 4382055;https://www.ekocanta.com/;ekocanta.com;İİB-MOB.KAĞIT VE ORMAN İHR.BRL.
MERKEZ GERİ DÖNÜŞÜM LTD.ŞTİ.;FERHATPAŞA MAH.47 SK NO:29-35;İSTANBUL;ATAŞEHİR;(216) 6615621;http://www.merkezgeridonusum.com;merkezgeridonusum.com;İİB-MOB.KAĞIT VE ORMAN İHR.BRL.
PLAZA GRUP MİMARLIK İNŞ.SAN.VE TİC.LTD.ŞTİ.;ABİDEİ HÜRRİYET CAD. MİDİLLİ APT. NO:117K:3 ŞİŞLİ;İSTANBUL;ŞİŞLİ;(212) 3563350;www.plazagroup.com.tr;plazagroup.com.tr;İİB-MOB.KAĞIT VE ORMAN İHR.BRL.
TUNASAN KİMYA SAN.VE TİC.LTD. ŞTİ.;ATATÜRK BULVARI KAPTAN İŞHANIKAT:3 NO:48;BURSA; ;(224) 7118100;www.tunasan.com;tunasan.com;İİB-MOB.KAĞIT VE ORMAN İHR.BRL.
DENIZ IÇ VE DIŞ TIC.LTD.ŞTI.;MERKEZ MAH.REŞİTPAŞA CAD.PEHLİVAN SOK.5/11;İSTANBUL; ;(212) 6950925;www.denizwave.com;denizwave.com;İİB-MOB.KAĞIT VE ORMAN İHR.BRL.
GURANY TASARIM VE MOBİLYA SANAYİ TİCARET LİMİTED ŞİRKETİ;SAHRAYICEDİT MAH. ATATÜRK CAD. NO:22B;İSTANBUL;KADIKÖY;(216) 3239092;https://www.raykonsept.com;raykonsept.com;İİB-MOB.KAĞIT VE ORMAN İHR.BRL.
ERTAŞ BARKOD ETİKET TİC. LTD. ŞTİ.;İKİTELLİ ORG. SAN. BÖL. MUTFAKÇILAR SAN SİT M2 BLOK NO 37;İSTANBUL;BAŞAKŞEHİR;(212) 4856664;www.ertasbarkod.com;ertasbarkod.com;İİB-MOB.KAĞIT VE ORMAN İHR.BRL.
NEFASET MATBAACILIK VE REKLAMCILIK LİMİTED ŞİRKETİ;BURHANİYE MAH.MEHMETÇİK SK. NO:11/1;İSTANBUL;ÜSKÜDAR;(216) 2938257;http://www.nefaset.com.tr;nefaset.com.tr;İİB-MOB.KAĞIT VE ORMAN İHR.BRL.
MARS OLUKLU KAĞIT AMBALAJ SAN.VE TİC.LTD.ŞTİ;ŞEKERPINAR MAH. NERGİS SK NO:2 İÇ KAPI NO:313 ;KOCAELI;ÇAYIROVA;(850) 5200020;http://www.marsoluklu.com;marsoluklu.com;İİB-MOB.KAĞIT VE ORMAN İHR.BRL.
ETİK BASIM A.Ş;YALI MAH. MAREŞAL FEVZİ ÇAKMAK CAD. İŞ MERK. NO:50;İSTANBUL;MALTEPE;(216) 4413985;www.etikbasimas.com;etikbasimas.com;İİB-MOB.KAĞIT VE ORMAN İHR.BRL.
ERDEM OFİS DEKORASYON MOBİLYA SANAYİ VE DIŞ TİCARET LİMİTED ŞİRKETİ;BAHÇELİEVLER MAH.İZZETTİN ÇALIŞIRLAR CAD.NO:42/5;İSTANBUL;BAHÇELİEVLER;(212) 4265230;www.erdemofis.com;erdemofis.com;İİB-MOB.KAĞIT VE ORMAN İHR.BRL.
DERICIOĞULLARI YAPI MALZEME. SAN.TIC.A.Ş.;SANAYI SITESI 18 ADA NO:4;BURSA;KARACABEY;(224) 6718278;www.dericiogullari.com.tr;dericiogullari.com.tr;İİB-MOB.KAĞIT VE ORMAN İHR.BRL.
DATAFAKS KAĞIT MAMÜLLERİ SANAYİ VE TİC.LTD.ŞTİ.;İSTANBUL DERİ O.S.B. MAH.GERGEF SOK.NO:5 TUZLA;İSTANBUL;TUZLA;(216) 4208602;www.datafaks.com.tr;datafaks.com.tr;İİB-MOB.KAĞIT VE ORMAN İHR.BRL.
ÖRNEK AMBALAJ KAĞITÇILIK SAN.VE TİC.A.Ş;A.KAHVECİ MAH.Y.SULTAN SELİM BULVARI NO:16 PARADİYE AVM KAT:2 NO:41 ;İSTANBUL;BEYLİKDÜZÜ;(212) 8562453;www.ornekambalaj.com;ornekambalaj.com;İİB-MOB.KAĞIT VE ORMAN İHR.BRL.
RAFFI PORTAKAL ANTIKACILIK MÜZAYEDE ORG.VE DANIŞM.AŞ.;MIM KEMAL ÖKE CD.NO:8;İSTANBUL;ŞİŞLİ;(212) 2254637;www.rportakal.com;rportakal.com;İİB-MOB.KAĞIT VE ORMAN İHR.BRL.
İSTANBUL SUALTI DÜNYASI TURİZM TİC. A. Ş.;KOCATEPE MAH. PAŞA CAD. FORUM İSTANBUL AVM NO: 5/5;İSTANBUL;BAYRAMPAŞA;(212) 3470647;www.visitsealife.com;visitsealife.com;İİB-MOB.KAĞIT VE ORMAN İHR.BRL.
RENK DEKORASYON MOBILYA SAN.VE TIC.LTD.ŞTI.;MASKO MOBILYA SITESI 7/A2.NO:2-4;İSTANBUL;BAŞAKŞEHİR;(212) 6751353;www.renkmobilya.com;renkmobilya.com;İİB-MOB.KAĞIT VE ORMAN İHR.BRL.
GENÇOFSET MATB. KAĞITÇILIK AMBALAJ SAN TİC LTD ŞTİ;LİTROS YOLU 2. MATBAACILAR SİTNO ZD 17 ;İSTANBUL;ZEYTİNBURNU;(212) 5776044;www.gencofset.com.tr;gencofset.com.tr;İİB-MOB.KAĞIT VE ORMAN İHR.BRL.
YEDİTEPE EV VE BAH.MOB. SAN. VE TİC.LTD.ŞTİ;KIRAÇ SANBİR BULV. NO:50 EMKO CENTERK:1;İSTANBUL;BÜYÜKÇEKMECE;(212) 8868355;www.homlanyeditepe.com;homlanyeditepe.com;İİB-MOB.KAĞIT VE ORMAN İHR.BRL.
BERTEKS TEKS. SAN. VE TİC. AŞ;DEMİRTAŞ OSB KARANFİL S. NO:5;BURSA; ;(224) 2802727;www.berteks.com;berteks.com;İİB-MOB.KAĞIT VE ORMAN İHR.BRL.
ODABAŞI MATBAA SANAYİ VE TİCARET LİMİTED ŞİRKETİ;MALTEPE MAH. DAVUTPAŞA CAD.KALE İŞ MERKEZİ NO:141 ;İSTANBUL;ZEYTİNBURNU;(850) 2262717;http://www.odabasimatbaa.com;odabasimatbaa.com;İİB-MOB.KAĞIT VE ORMAN İHR.BRL.
COMBINA MOBİLYA İTH İHR SAN VE TİC LTD ŞTİ;MAHMUDİYE MH 27 MOBİLYA SK NO 43/1;BURSA;İNEGÖL;(224) 0000000;www.combina.com.tr;combina.com.tr;İİB-MOB.KAĞIT VE ORMAN İHR.BRL.
EFOR ETİKET BARKOD SAN.VE DIŞ TİC.LTD.ŞTİ.;KISIKLI MAH. ALEMDAĞ CAD. NO: 71/A;İSTANBUL;ÜSKÜDAR;(216) 5210707;www.eforetiket.com;eforetiket.com;İİB-MOB.KAĞIT VE ORMAN İHR.BRL.
KÖK AHŞAP PROFİL SAN. TİC. LTD. ŞTİ.; NATO YOLU CAD NO 117 A YUKARI DUDULU;İSTANBUL;ÜMRANİYE;(216) 4791489;www.kokahsap.com;kokahsap.com;İİB-MOB.KAĞIT VE ORMAN İHR.BRL.
MOBİPAN ORMAN ÜRÜN.SAN.VE TIC. A.Ş.;ORG.SAN.BÖL.1.CADDE NO:13;BURSA;İNEGÖL;(224) 7148800;www.mobipan.com;mobipan.com;İİB-MOB.KAĞIT VE ORMAN İHR.BRL.
AVANSAS OFİS MALZ. TİC. AŞ;FERAH CD.NO:10/1;İSTANBUL;ÜSKÜDAR;(216) 3657800;www.avansas.com;avansas.com;İİB-MOB.KAĞIT VE ORMAN İHR.BRL.
MUSTAFA ÇIRAK - BY BUKLET ETİKET;MALTEPE MAHALLESİ DAVUTPAŞA CADDESİ EMİNTAŞ SİTESİ NO : 101/219;İSTANBUL;ZEYTİNBURNU;(212) 5775270;www.bybukletetiket.com;bybukletetiket.com;İİB-MOB.KAĞIT VE ORMAN İHR.BRL.
NOMA YAPI DIŞ TİC.VE SAN .LTD.ŞTİ;ORUÇ REİS MAH. TEKSTİLKENT CAD. T.KENTSİT. A 15 BLOK NO: 10G/202;İSTANBUL;ESENLER;(212) 6735086;www.noma.com.tr;noma.com.tr;İİB-MOB.KAĞIT VE ORMAN İHR.BRL.
ILERI BARKOD ETIKET VE AMBALAJ MALZEMELERI SANAYI TICARET LIMITED SIRKETI;İKİTELLİ OSB MAH. ESKOOP D BLOK SK. ESKOOP CAMI NO9;İSTANBUL;BAŞAKŞEHİR;(212) 5499130;https://www.ileribarkod.com/;ileribarkod.com;İİB-MOB.KAĞIT VE ORMAN İHR.BRL.
ANTIK EŞYA MÜZAYEDE ORGANIZAS. TIC..A.Ş.;MAÇKA SPOR CD.TALIMYERI SK.N.2;İSTANBUL;BEŞİKTAŞ;(212) 2362460;www.antikas.com;antikas.com;İİB-MOB.KAĞIT VE ORMAN İHR.BRL.
YILMAZ ADSAZ SEMBOL YAPI ZEMİN;ABDURRAHMANGAZİ MAHALLESİ BENNUR SK. NO: 13/13;İSTANBUL;SANCAKTEPE;(216) 6220991;http://www.sembolyapizemin.com;sembolyapizemin.com;İİB-MOB.KAĞIT VE ORMAN İHR.BRL.
EYÜP AYZİT - PEGA AMBALAJ;CEVİZLİ MAH. İSTANBUL SOKAK. Y.BAYRAK APT D:NO: 5/;İSTANBUL;KARTAL;(216) 3098768;http://pegaambalaj.com;pegaambalaj.com;İİB-MOB.KAĞIT VE ORMAN İHR.BRL.
ŞAN OFSET MATBAACILIK SAN.VE TIC.LTD.ŞTI.;HAMİDİYE MAH. ANADOLU CAD. NO:50;İSTANBUL;KAĞITHANE;(212) 2892424;www.sanofset.com;sanofset.com;İİB-MOB.KAĞIT VE ORMAN İHR.BRL.
APEL AHŞAP PALET SAN. VE  TIC. LTD. ŞTI.;SANAYİ MAH. NERMİN SOK. NO:10;KOCAELI;İZMİT;(262) 3352355;www.apel.com.tr;apel.com.tr;İİB-MOB.KAĞIT VE ORMAN İHR.BRL.
METIN KAPL.ORM.ÜRÜN.PAZ.SAN. ITH.IHR.TIC.LTD.ŞTI.;NATO YOLU CAD.ŞEN SOK.NO:2;İSTANBUL;ÜMRANİYE;(216) 3642108;www.metinkaplama.com;metinkaplama.com;İİB-MOB.KAĞIT VE ORMAN İHR.BRL.
DORA DESTEK HİZMETLERİ OTEL TÜKETİM ÜRÜNLERİ SANAYİ İÇ VE DIŞ TİCARET LİMİTED ŞİRKETİ;ORUÇREİS MAH.GİYİMKENT SİT. 15 SOK.B150 NO.15/A;İSTANBUL;ESENLER;(212) 2227472;http://www.doratekstekhizmetleri.com;doratekstekhizmetleri.com;İİB-MOB.KAĞIT VE ORMAN İHR.BRL.
ALTINAY PİPO İNŞ.SAN.VE TİC.LTD.ŞTİ;DELIKLITAŞ MAH.DEĞIRMEN SOK.NO:35/31;ESKIŞEHIR;ODUNPAZARI;(222) 2313975;www.altinaypipe.com;altinaypipe.com;İİB-MOB.KAĞIT VE ORMAN İHR.BRL.
OY KAĞITÇILIK SANAYİ VE TİCARET LİMİTED ŞİRKETİ;İKİTELLİ OSB MAH.HESKOOP S1 BLOK SK. HESKOOP S1 BLNO:1 İÇ KAPI : 1 ;İSTANBUL;BAŞAKŞEHİR;(212) 6421142;http://oykagitcilik.com/index.htm;oykagitcilik.com;İİB-MOB.KAĞIT VE ORMAN İHR.BRL.
ALTERNATIF ORMAN ÜRNL. MOBILYA INŞ. SAN. VE TIC. LTD. ŞTI.;YAVUZ SULTAN SELIM MAH.SAPANCA YOLU CAD.NO:453ACISU-KARTEPE;KOCAELI;KARTEPE;(262) 3533990;www.woodpan.com;woodpan.com;İİB-MOB.KAĞIT VE ORMAN İHR.BRL.
İLKER TANRIVER - HOYLAN MOBİLYA BAĞLANTI SİSTEMLERİ;GÜNEŞLİ MH 1301 SK NO 8 B;İSTANBUL;BAĞCILAR;(212) 5503727;www.hoylan.com;hoylan.com;İİB-MOB.KAĞIT VE ORMAN İHR.BRL.
MUSTAFA AKTAŞ -VEYMO MOBİLYA;MASKO MOBİLYACILAR ÇARŞISI 20 -A NO:15-17-19;İSTANBUL;BAŞAKŞEHİR;(212) 6750249;www.weymomobilya.com;weymomobilya.com;İİB-MOB.KAĞIT VE ORMAN İHR.BRL.
1A ETİKET SAN.VE TİC.LTD.ŞTİ.;"SOĞANLIK YENİ, SOKULLU MEHMET PAŞA SK";İSTANBUL;AVCILAR;(216) 8070910;http://www.1aetiket.com;1aetiket.com;İİB-MOB.KAĞIT VE ORMAN İHR.BRL.
ÖZKAN MATB.SAN.TİC.LTD.ŞTİ.;MALTEPE MAH.YEDİKULE ÇIRPICI SOK TOPKAPI TİC.MERK 1.SİT 607-608-621-622-623-524-625;İSTANBUL; ;(212) 4820360;www.ozkanmatbaa.com;ozkanmatbaa.com;İİB-MOB.KAĞIT VE ORMAN İHR.BRL.
VEDARKO METAL YÜZEY İŞLEM TEKNOLOJİLERİ SAN. VE TİC. LTD. ŞTİ.;İKİTELLİ O.S.B.GALVANOTEKNİK SAN.SİT.D BLOK N:34 ALT KAT;İSTANBUL;BAŞAKŞEHİR;(212) 5498427;www.vedarkometal.com;vedarkometal.com;İİB-MOB.KAĞIT VE ORMAN İHR.BRL.
İSTANBUL MOBİLYA SAN.VE TİC. LTD.ŞTİ.;MASKO MOBİLYACILAR SİT.ÇARŞISI15.ADA B BLOK NO:3;İSTANBUL;BAŞAKŞEHİR;(212) 6750963;www.ryodizayn.com.tr;ryodizayn.com.tr;İİB-MOB.KAĞIT VE ORMAN İHR.BRL.
VERITAS BASIM MERKEZI PAZ. DAĞITIM TIC.A.Ş;TUZLA KİMYA SANAYİCİLERİ O.S.B. MELEK ARAS BULV.ANALİTİK CADD.NO:46;İSTANBUL;TUZLA;(212) 2945020;www.veritasbaski.com.tr;veritasbaski.com.tr;İİB-MOB.KAĞIT VE ORMAN İHR.BRL.
EKİN VARON TASARIM VE MİMARLIK LİMİTED ŞİRKETİ;VİŞNEZADE MAH. BAYILDIM CAD.BALIKLI APARTMANI NO:1;İSTANBUL;BEŞİKTAŞ;(212) 0000000;https://ekinvaron.studio/;ekinvaron.studio;İİB-MOB.KAĞIT VE ORMAN İHR.BRL.
AKTIF DOĞA EVLERI VE ORMAN ÜRÜN.SAN.VE TIC.LTD.ŞTI.;RECEP PEKER CAD.SEFIK BEY SOK.NO:28 KAT:2 ;İSTANBUL;KADIKÖY;(216) 3304077;www.aktifdoga.com.tr;aktifdoga.com.tr;İİB-MOB.KAĞIT VE ORMAN İHR.BRL.
NOVA PACK OLUKLU MUKAVVA KUTU AMBALAJ VE TURİZM SANAYİ TİCARET ANONİM ŞİRKETİ;MOLLAFENARİ MAHALLAESİ 4011.SK NO:30;KOCAELI;GEBZE;(262) 0000000;http://nova-pack.com.tr/;nova-pack.com.tr;İİB-MOB.KAĞIT VE ORMAN İHR.BRL.
HRT REKLAM ORGANİZASYON SAN TİC LTD ŞTİ;KOŞUYOLU MH MAHMUT YESARİ CAD NO 36;İSTANBUL;KADIKÖY;(216) 3458813;http://www.hrtevent.com;hrtevent.com;İİB-MOB.KAĞIT VE ORMAN İHR.BRL.
BORBO MOBİLYA SAN.LTD.ŞTİ.;ÖRNEK MAH.SOMUNCUBABA SOK NO:18/20 A;İSTANBUL;ATAŞEHİR;(216) 0000000;http://www.borbo.com;borbo.com;İİB-MOB.KAĞIT VE ORMAN İHR.BRL.
İMGE MOBİLYA  DEKORASYON İNŞ.TAAH.PAZ. İÇ VE DIŞ TİC.LTD.ŞTİ;ESENYURT HOŞDERE M.KEMEL BULV.OFİSMOB F2BLOK D.10 -BOĞAZKÖY;İSTANBUL;ESENYURT;(212) 6994463;www.elliadeko.com;elliadeko.com;İİB-MOB.KAĞIT VE ORMAN İHR.BRL.
YEREKONMAZLAR MOBILYA SAN. VE TIC.LTD.ŞTI.;ERTUĞRULGAZI C. NO:25;BURSA;İNEGÖL;(224) 7155528;www.yerekonmaz.com;yerekonmaz.com;İİB-MOB.KAĞIT VE ORMAN İHR.BRL.
PLUS KUTU SANAYİ VE TİCARET LİMİTED ŞİRKETİ;GÜLBAHÇE MAH. VARDAR CAD. NO: 52;BURSA;OSMANGAZİ;(224) 2422296;http://www.pluskutu.com;pluskutu.com;İİB-MOB.KAĞIT VE ORMAN İHR.BRL.
VARİOLİNE İSTANBUL DIŞ TİC.A.Ş;ÇAYIR CAD.ÖZCE CENTER NO:3/7;İSTANBUL;ATAŞEHİR;(216) 5728282;www.varioline.com.tr;varioline.com.tr;İİB-MOB.KAĞIT VE ORMAN İHR.BRL.
FURKAN ETİKET MATB.SAN.TİC.LTD; DEFTERDAR MAH.KIŞLA CAD. EYÜP SULTAN BULVARI NO:6;İSTANBUL;EYÜP;(212) 5016095;www.furkanetiket.com;furkanetiket.com;İİB-MOB.KAĞIT VE ORMAN İHR.BRL.
İSTANBUL TUR ORGANİZASYON STÜDYO TURİZM VE TİCARET ANONİM ŞİRKETİ;FİRUZAĞA MAH. DEFTERDAR YOKUŞU SK. ATABAY RESIDENCE NO: 5 İÇ KAPI NO: 9 ;İSTANBUL;BEYOĞLU;(212) 2430521;istanbultourstudio.com/;istanbultourstudio.com;İİB-MOB.KAĞIT VE ORMAN İHR.BRL.
GÖK-KA KAĞITÇILIK  GIDA İNŞ VE NAK. TİC.LTD.ŞTİ;MALTEPE MAH. GÜMÜŞSUYU CD NO 13/1;İSTANBUL;ZEYTİNBURNU;(212) 4824746;www.gok-ka.com.tr;gok-ka.com.tr;İİB-MOB.KAĞIT VE ORMAN İHR.BRL.
KOLİLAZIM AMBALAJ SAN.TİC.LTD.ŞTİ.;BARIŞ MAH. BELDE1 SOK. OFİSİM İŞ MERKEZİ NO: 30/B;BURSA;NİLÜFER;(224) 2340433;http://www.kolilazim.com;kolilazim.com;İİB-MOB.KAĞIT VE ORMAN İHR.BRL.
OG ÖZGÖREN GALERİ KÜLTÜR SANAT YAYINCILIK ORGANİZASYON ANONİM ŞİRKETİ;BEREKETZADE MAH. OKÇU MUSA CAD. BANK AYDINLATMACILAR CARSISI NO: 11 İÇ KAPI NO: 2;İSTANBUL;BEYOĞLU;(212) 0000000;www.ogthegallery.com;ogthegallery.com;İİB-MOB.KAĞIT VE ORMAN İHR.BRL.
ENPAK AMBALAJ SAN.VE TİC.LTD.ŞTİ.;OSMANGAZİ MAH.ATATÜRK CAD.NO:264;KOCAELI;DARICA;(262) 6533450;www.enpakambalaj.com.tr;enpakambalaj.com.tr;İİB-MOB.KAĞIT VE ORMAN İHR.BRL.
BAŞARAN BÜRO MOBİLYALARI SANAYİ VE TİCARET LİMİTED ŞİRKETİ;İKİTELLİ OSB MAH. MASKO 8A BLOK NO:23/23;İSTANBUL;BAŞAKŞEHİR;(212) 6751391;www.basaranofis.com.tr;basaranofis.com.tr;İİB-MOB.KAĞIT VE ORMAN İHR.BRL.
AKER KESİM KAĞITÇILIK SANAYİ VE TİCARET ANONİM ŞİRKETİ;İKİTELLİ OSB MAH. HESKOOP M3 BLOK SK. HESKOOP SİT.M3 BLOK NO: 31;İSTANBUL;BAŞAKŞEHİR;(212) 6700245;https://www.akerkagit.com.tr;akerkagit.com.tr;İİB-MOB.KAĞIT VE ORMAN İHR.BRL.
NİVEA BEİERSDORF TURKEY KOZMETİK SAN. TİC. AŞ;ETİLER MAH. CENGİZ TOPEL CAD. NO:39/1 ;İSTANBUL;BEŞİKTAŞ;(212) 3491600;www.nivea.com.tr;nivea.com.tr;İİB-MOB.KAĞIT VE ORMAN İHR.BRL.
BTN YATIRIM GAYRİMENKUL İNŞ SAN VE TİC.A.Ş;NAMIK KEMAL MAH. SAVAŞ SOK  NO:5/1;İSTANBUL;ÜMRANİYE;(216) 3934747;www.btnyatırım.com.tr;xn--btnyatrm-ykbb.com.tr;İİB-MOB.KAĞIT VE ORMAN İHR.BRL.
ALİMPEX BASKI VE AMBALAJ ÇÖZÜMLERİ DANIŞMANLIK LTD. ŞTİ;FEYZULLAH MAH. UĞUR SOKAK ESER APT. NO:4 İÇ KAPI N NO.23;İSTANBUL;MALTEPE;(216) 0000000;http://www.alimpex.com.tr;alimpex.com.tr;İİB-MOB.KAĞIT VE ORMAN İHR.BRL.
PREGON KİTAP BASIN YAYIN DANIŞMANLIK SANAYİ VE TİCARET ANONİM ŞİRKETİ;ALTINŞEHİR MAH. EĞRİDERE SK. ÖZEL ŞAHİKAYAOKULLARI MEVCUT BİNA NO: 7;BURSA;NİLÜFER;(224) 4136200;http://www.pregonpublishing.com;pregonpublishing.com;İİB-MOB.KAĞIT VE ORMAN İHR.BRL.
PRİZMA CAM AYNA MOBİLYA TOMOTİV. İTHALAT İHRACAT SAN.VE TİC.LTD.ŞTİ;CERRAH MAH. YEŞİL ÇAYIR CAD.NO:11;BURSA;İNEGÖL;(224) 7142448;www.pirizmacam.com;pirizmacam.com;İİB-MOB.KAĞIT VE ORMAN İHR.BRL.
NASOL İNCORPORATED KAĞIT SANAYİ VE TİCARET ANONİM ŞİRKETİ;O.S.B.KERESTECİLER SAN.SİT.NO:22/A-2;İSTANBUL;BAŞAKŞEHİR;(212) 6700496;www.burawall.com;burawall.com;İİB-MOB.KAĞIT VE ORMAN İHR.BRL.
KUTAŞ BASIM AMBALAJ SAN.VE TIC A.Ş.;BÜYÜKBAKKALKÖY MEZARLIK YOLUNO:9;İSTANBUL;MALTEPE;(216) 3115644;www.kutaspack.com;kutaspack.com;İİB-MOB.KAĞIT VE ORMAN İHR.BRL.
UYGAR MODERN YAPI DEKORASYON SAN.VE TİC.A.Ş.;SOĞANLIK YENİ MAH.BALTACI MEHMET PAŞA SK NO:4/A 448;İSTANBUL;KARTAL;(216) 2101224;http://www.uygarinsaat.com.tr;uygarinsaat.com.tr;İİB-MOB.KAĞIT VE ORMAN İHR.BRL.
MODE DESİGN MOBİLYA İMALATI E-TİCARET SANAYİ VE TİCARET LİMİTED ŞİRKETİ;MAHMUDİYE MAH. TABAKHANE CAD. NO: 2 /7 ;BURSA;İNEGÖL;(224) 7121007;http://www.mobilyadepom.com;mobilyadepom.com;İİB-MOB.KAĞIT VE ORMAN İHR.BRL.
HUN AMBALAJ  ÜRÜNLERİ  SAN.VE DIŞ TİC.LTD.ŞTİ;SÖGÜTLÜÇEŞME  MAH. FEVZİ ÇAKMAK CAD. NO:5/A ;İSTANBUL;KÜÇÜKÇEKMECE;(212) 5984440;www.hunambalaj.com.tr;hunambalaj.com.tr;İİB-MOB.KAĞIT VE ORMAN İHR.BRL.
ATÖLYE DAYANIKLI TÜKETİM MALLARI KOLTUK MOBİLYA TURİZM İNŞAAT NAKLİYE SANAYİ VE TİCARET LTD.ŞTİ.;MAHMUDİYE MAH. AĞAÇ İŞLERİ SANAYİ 16.SOKAK NO.17;BURSA;İNEGÖL;(224) 7186062;www.ateliesofadesign.com;ateliesofadesign.com;İİB-MOB.KAĞIT VE ORMAN İHR.BRL.
FARK AMBALAJ KUTU REKLAM BİLİŞİM TİCARET SANAYİ LİMİTED ŞİRKETİ;KALE MAH. ANKARA CAD. NO:81/A;BURSA;KESTEL;(224) 3514241;www.farkambalaj.com;farkambalaj.com;İİB-MOB.KAĞIT VE ORMAN İHR.BRL.
ADRİYATİK AMBALAJ SANAYİ VE TİCARET ANONİM ŞİRKETİ;ŞİRİNEVLER MAH. ADNAN KAHVECİ BUL. AKAR PLAZA NO: 198 İÇ KAPI NO: 52;İSTANBUL;BAHÇELİEVLER;(212) 0000000;www.adriyatikambalaj.com;adriyatikambalaj.com;İİB-MOB.KAĞIT VE ORMAN İHR.BRL.
FUAT BULUT - TUANA MOBILYA;MASKO MOBILYACILAR SIT. 18-BBLOK NO:25;İSTANBUL;BAŞAKŞEHİR;(212) 6750720;www.tuanamobilya.com;tuanamobilya.com;İİB-MOB.KAĞIT VE ORMAN İHR.BRL.
ADA HALI DAYANIKLI TÜK.MAL.GIDA SAN. TİCARET LTD.ŞTİ.;YENİ MH. İSMET İNÖNÜ CD. NO:85/A /;BILECIK;BOZÜYÜK;(228) 2021176;www.adahali.com.tr;adahali.com.tr;İİB-MOB.KAĞIT VE ORMAN İHR.BRL.
ÖZYILMAZ TABAN SAN. TİC. İML. İHR. VE İTH. LTD. ŞTİ. ;ORG.SAN.BÖL.İPKAS SAN.SİT.4 BBLOK NO:46;İSTANBUL; ;(212) 6712203;www.ozyilmazmak.com.tr;ozyilmazmak.com.tr;İİB-MOB.KAĞIT VE ORMAN İHR.BRL.
BTL ULUSLARARASI LOJİSTİK TURİZM VE TİCARET LİMİTED ŞİRKETİ;ÖMERAĞA MH. ŞAHABETTİN BİLGİSU CD. KAVANLAR İŞHANI NO:7 D:7;KOCAELI;İZMİT;(262) 4449081;https://www.btldenizcilik.com/;btldenizcilik.com;İİB-MOB.KAĞIT VE ORMAN İHR.BRL.
FUGA ETİKET MATBAACILIK SANAYİ TİCARET LİMİTED ŞİRKETİ;100. YIL MAH. MATBAACILAR 5. CAD. SİTELER NO:22;İSTANBUL;BAĞCILAR;(212) 4292903;http://www.fugaetiket.com;fugaetiket.com;İİB-MOB.KAĞIT VE ORMAN İHR.BRL.
FARMALOG DIŞ TİCARET LİMİTED ŞİRKETİ;TARABYA MAHALLESİ HAN ÇAYIRI YOU SOKAK 44F BLOK NO9 İÇ KAPI NO:4 ;İSTANBUL;SARIYER;(212) 0000000;http://www.farmalog.com.tr;farmalog.com.tr;İİB-MOB.KAĞIT VE ORMAN İHR.BRL.
GPS ORMAN ÜRÜNLERİ SAN. TİC. LTD.ŞTİ.;KÜLTÜR MAH. RASİM BETİR PAŞA BLV. NO:35 İÇ KAPI NO7;DÜZCE;DÜZCE;(380) 0000000;http://www.gpsormanurunleri.com;gpsormanurunleri.com;İİB-MOB.KAĞIT VE ORMAN İHR.BRL.
ME-BE-SA AMBALAJ ORMAN ÜRÜNL. VE TEKS. SAN. VE TIC. LTD. ŞTI;HOSAB SAN CAD. NO:45;BURSA;YILDIRIM;(224) 4110505;www.mebesa.com.tr;mebesa.com.tr;İİB-MOB.KAĞIT VE ORMAN İHR.BRL.
MARANGOZ TEDARİK MOBİLYA AKSESUARLARI SANAYİ VE TİCARET LİMİTED ŞİRKETİ;YUKARI DUDULLU MAH.NARİN SK. -BLOK NO:14-16C;İSTANBUL;ÜMRANİYE;(216) 5405718;http://www.marangoztedarik.com;marangoztedarik.com;İİB-MOB.KAĞIT VE ORMAN İHR.BRL.
LİVS MOBİLYA SANAYİ VE TİCARET.LTD.ŞTİ;3.SANAYİ CAD. NO 9;BURSA;İNEGÖL;(224) 7185434; https://www.livs.com.tr/index.html ;livs.com.tr;İİB-MOB.KAĞIT VE ORMAN İHR.BRL.
KOÇSTİL MOBİLYA SANAYİ VE TİCARET LİMİTED ŞİRKETİ;SANCAKTEPE MAH BİRLİK CAD ÖZGE APT NO 60/A;İSTANBUL;BAĞCILAR;(212) 4518688;http://www.kocsti?l.com.tr;kocsti;İİB-MOB.KAĞIT VE ORMAN İHR.BRL.
FEHAN MOBİLYA DEKORASYON İÇ VE DIŞ TİCARET A.Ş.;FEVZİPAŞA MAH. ÇAY KENARI SOK NO.149;ÇANAKKALE;MERKEZ;(286) 5011734;http://www.thefehan.com;thefehan.com;İİB-MOB.KAĞIT VE ORMAN İHR.BRL.
MURAT AKKUŞ;SEHERYELI SK.NO:55;İSTANBUL;ÜMRANİYE;(216) 3856864;http://www.kozzahome.com;kozzahome.com;İİB-MOB.KAĞIT VE ORMAN İHR.BRL.
GÜLISTAN DEKAL ÇIKARTMA VE BASKI SAN.A.Ş.;AKPINAR MAH. HASAN BASRİ CAD. NO:7;İSTANBUL;KARTAL;(216) 3114636;www.gulistandekal.com.tr;gulistandekal.com.tr;İİB-MOB.KAĞIT VE ORMAN İHR.BRL.
VİSİON ART PLATFORM SANAT GALERİSİ VE DANIŞMANLIK TİC. LTD. ŞTİ.;VISNEZADE MAH. SÜLEYMAN SEBA CAD. NO: 35;İSTANBUL;BEŞİKTAŞ;(212) 0000000;https://www.visionartplatform.co/;visionartplatform.co;İİB-MOB.KAĞIT VE ORMAN İHR.BRL.
ZEYNEP YAZAR - NİL-WOOD DIŞ TİC;GEÇİT MH ŞEHİT ONBAŞI MEHMET DEMİRCAN SK F BLOK NO 6F/5;BURSA;OSMANGAZİ;(224) 0000000;www.nil-wood.com;nil-wood.com;İİB-MOB.KAĞIT VE ORMAN İHR.BRL.
ALFA PRİME MÜHENDİSLİK TEKSTİL İNŞ.SAN VE TİC.LTD.ŞTİ;ATAKÖY 7-8-9-10.KISIM MAH. AÇIK DENİZ SK. BARIŞ SİTESİ L-1/E NO:2A İÇ KAPI NO:47 ATAKÖY 34158 ;İSTANBUL;BAKIRKÖY;(212) 5580148; www.alfaprime.com.tr ;alfaprime.com.tr;İİB-MOB.KAĞIT VE ORMAN İHR.BRL.
BALMAL AĞAÇ MAM.SAN.VE TİC.A.Ş;DEREBOYU CAD. MEYDAN SOK BEYBİ GİZ PLAZA NO:1K:9 D:34;İSTANBUL;ŞİŞLİ;(212) 2902929;www.balorman.com;balorman.com;İİB-MOB.KAĞIT VE ORMAN İHR.BRL.
AYATA TASARIM MOBİLYA STANT REKLAM ÜRETİM TİCARET LİMİTED ŞİRKETİ;KOZA MAH. 1655. SK. AKBATI AVM C BLOK NO: 6 C İÇ KAPI NO:53;İSTANBUL;ESENYURT;(850) 3096971;http://www.studioayata.com;studioayata.com;İİB-MOB.KAĞIT VE ORMAN İHR.BRL.
MOBEXPORT İÇ VE DIŞ TİC.LTD.ŞTİ;ESENTEPE MAH. 2986 SOK NO:15/A ;İSTANBUL;SULTANGAZİ;(212) 6060818;www.mobexport.com;mobexport.com;İİB-MOB.KAĞIT VE ORMAN İHR.BRL.
ESTETİS ARSLAN GRUP DEKORASYON VE İNŞ.LTD.ŞTİ.;DUDULLU YOLU CAD. KÜÇÜKBAKKALKÖY MAH. NO:23 BRANDİUM R-1 BLOK K:6 D:75;İSTANBUL;ATAŞEHİR;(216) 6616510;www.estetis.net;estetis.net;İİB-MOB.KAĞIT VE ORMAN İHR.BRL.
ŞİRİN AHŞAP DEKORASYON İNŞ. SAN. TİC. LTD. ŞTİ.;DİZER SK. NO:3 ZEMİN KAT ;İSTANBUL;KAĞITHANE;(212) 2332245;www.sirinahsap.com;sirinahsap.com;İİB-MOB.KAĞIT VE ORMAN İHR.BRL.
NOKTA MATBAACILIK BİLGİSAYAR FORM KAĞIT SANAYİ İÇ VE DIŞ TİCARET LİMİTED ŞİRKETİ;MİMARSİNAN MAH.ÜSKÜDAR CADDESİ YEDPA BLOKNO:1C/120;İSTANBUL;ATAŞEHİR;(216) 4710745;http://www.noktabasim.net;noktabasim.net;İİB-MOB.KAĞIT VE ORMAN İHR.BRL.
BİZ TEMSİLCİLİK VE DIŞ TİC. AŞ;YILDIZ POSTA CAD.AKIN SİTESİ 2.BLOK NO:8 K:10 D:42;İSTANBUL;BEŞİKTAŞ;(212) 2741500;www.biz-sourcing.com;biz-sourcing.com;İİB-MOB.KAĞIT VE ORMAN İHR.BRL.
MARİN BASIM VE AMBALAJ SANAYİ LTD.ŞTİ;İKİTELLİ OSB ESKOOP SAN. SİT. C-7 BLOKNO:398-400-402;İSTANBUL;KÜÇÜKÇEKMECE;(212) 5499032;www.marinbasim.com;marinbasim.com;İİB-MOB.KAĞIT VE ORMAN İHR.BRL.
HEDEF MATBAACILIK AMB.MALZ.MAK .ITH.IHR.SAN.TIC.LTD.ŞTI.;TOPCULAR KIŞLA CD.APEK ÜRETME.IŞ MRK.C BLK. NO:89 D:139-140;İSTANBUL;EYÜP;(212) 5016961;www.hedefmatbaacilik.com;hedefmatbaacilik.com;İİB-MOB.KAĞIT VE ORMAN İHR.BRL.
BAHADIR AHŞAP SAN.VE TIC.LTD. ŞTI.;KURNA MAH. KURNA ÖMERLİ BAĞLANTI YOLU CAD. NO:2;İSTANBUL;PENDİK;(216) 3044210;www.bahadirahsap.com;bahadirahsap.com;İİB-MOB.KAĞIT VE ORMAN İHR.BRL.
UZ KARDEŞLER MOBILYA TICARET SANAYI A.Ş.;BURSA YOLU ÜZERI ÇAYIRLIK MEV.5.KM;BURSA;İNEGÖL;(224) 7142288;www.uzmobilya.com;uzmobilya.com;İİB-MOB.KAĞIT VE ORMAN İHR.BRL.
SOPRANO MOBİLYA SAN VE TİC A.Ş;ALİPAŞA MAH. TRABLUSGARP BULV.NO:20-22 ;İSTANBUL;SİLİVRİ;(212) 4560239;https://www.sopranomobilia.com;sopranomobilia.com;İİB-MOB.KAĞIT VE ORMAN İHR.BRL.
YEŞİL ELMA ETİKET MATBAA TEKS AKS SAN TİC LTD ŞTİ;DSVUTPSŞS CD DSVUTPSŞS EMİNTAŞ MAT SİT NO 101/342;İSTANBUL;ZEYTİNBURNU;(212) 6197945;www.yesilelmamatbaa.com;yesilelmamatbaa.com;İİB-MOB.KAĞIT VE ORMAN İHR.BRL.
AHMET VOLKAN BERKÖZ - VOLKAN TEKSTİL ÜRÜNLERİ İMALATI VE TOPTAN SATIŞI;ESKI LONDRA ASV. GÜVEN MAH.KANAT SOK. NO:59/2;İSTANBUL;GÜNGÖREN;(212) 5050682;www.vulcano.com.tr;vulcano.com.tr;İİB-MOB.KAĞIT VE ORMAN İHR.BRL.
EBRU OLUKLU MUKAVVA AMB. SAN. VE TİC. LTD. ŞTİ.;AKÇABURGAZ MAH 3047 SOK. NO:10/12 KAT:2;İSTANBUL;ESENYURT;(212) 6905260;http://www.ebruambalaj.com;ebruambalaj.com;İİB-MOB.KAĞIT VE ORMAN İHR.BRL.
ALP BY BERKER PROJE YAPIM SAN .TIC.LTD.ŞTI;OSB. MAH. MARMARA SAN. SİT.  O BLOK SOK. NO:1/16-17 İKİTELLİ;İSTANBUL;KÜÇÜKÇEKMECE;(212) 4720541;www.berkerlaminat.com.tr;berkerlaminat.com.tr;İİB-MOB.KAĞIT VE ORMAN İHR.BRL.
UĞUR OKTAY ATEŞ-LUVİ MOBİLYA;YUKARI DUDULLU MH. ÇEHRE SK. NO:1/5A;İSTANBUL;ÜMRANİYE;(216) 4889590;http://www.sofaluvi.com;sofaluvi.com;İİB-MOB.KAĞIT VE ORMAN İHR.BRL.