firma_adi;adres;telefon;website;domain;birlik
1 GAMA METAL MOBİLYA SANAYİ VE TİCARET LİMİTED ŞİRKETİ;CUMHURİYET MAHALLESİ YILDIRIM BEYAZIT CAD. A BLOK NO:5/5A İÇ KAPI NO:5 İNEGÖL BURSA İNEGÖL BURSA;(224) 0000000;http://www.1gama.com;1gama.com;İMİB - İstanbul Maden İhracatçıları Birliği
212 EV EŞYALARI DIŞ TİC. LTD. ŞTİ.;41. ADA NO: 39 İSTOÇ BAĞCILAR İSTANBUL;(212) 6592212;;;İMİB - İstanbul Maden İhracatçıları Birliği
2A TAŞIMACILIK İÇ VE DIŞ TİCARET SAN TİC LTD ŞTİ;KIRMIZITOPRAK MAH. TAŞKÖPRÜ CAD NO:8/2 ODUNPAZARI ESKİŞEHİR;;;;İMİB - İstanbul Maden İhracatçıları Birliği
2M MAKİNA MÜMESSİLLİK VE TİC. A.Ş.;ÇOBANÇEŞME MAH. SANAYİ CAD. N:44İSTANBUL B BLOK D:98 BAHÇELİEVLER İSTANBUL;(212) 5040900;www.2mmakina.com.tr;2mmakina.com.tr;İMİB - İstanbul Maden İhracatçıları Birliği
3 DS TEKNOLOJİLERİ DIŞ TİCARET LİMİTED ŞİRKETİ;KOZA MAH.1655 SK.N BLOK NO:2 C/42 ESENYURT İSTANBUL;(212) 6961685;;;İMİB - İstanbul Maden İhracatçıları Birliği
3 KA PAZ.GIDA INŞ.TUR.SAN.VE TIC.LTD.ŞTI.;ŞAKIRPAŞA MAH.ONUR CAD.NO:98 SEYHAN ADANA;03224280880;www.karincagida.com;karincagida.com;İMİB - İstanbul Maden İhracatçıları Birliği
3G SANAYİ ÜRÜNLERİ VE MAKİNA TİC.LTD.ŞTİ;KÜÇÜKBAKKALKÖY MAH.KÜÇÜKBAKKALKÖY MAH ATAŞEHİR İSTANBUL;;;;İMİB - İstanbul Maden İhracatçıları Birliği
3H PLASTIK SAN. VE TİC. LTD. ŞTİ.;YENİBOSNA MAH. 29 EKİM CAD. NO:20 KAT:1 YENİBOSNA BAHÇELİEVLER İSTANBUL;(212) 5512233;www.3hplastik.com.tr;3hplastik.com.tr;İMİB - İstanbul Maden İhracatçıları Birliği
3M SANAYİ VE TİCARET A.Ş.;ŞEHİT SİNAN EROĞLU CAD. SURYAPI AKEL IŞMERK. A BLK N:6 BEYKOZ İSTANBUL;(216) 5380777;www.3m.com;3m.com;İMİB - İstanbul Maden İhracatçıları Birliği
3S GLOBAL İTHALAT İHRACAT TİC. LTD. ŞTİ.;İKİTELLİ KERESTECİLER SİT.8 A BLOK N:1 K:1 KÜÇÜKÇEKMECE İSTANBUL;(212) 6701888;;;İMİB - İstanbul Maden İhracatçıları Birliği
3S MARBLE MADENCİLİK SANAYİ VE TİCARET LİMİTED ŞİRKETİ;HOŞNUDİYE MAH. 746. SOK. NO:13/710 PK:26130 TEPEBAŞI/ESKİŞEHİR TEPEBAŞI ESKİŞEHİR;(222) 0000000;;;İMİB - İstanbul Maden İhracatçıları Birliği
3S SIZDIRMAZLIK MAKİNE SAN. VE TİC. A.Ş.;TERSANE CAD.GÜNDEŞ HAN N:82/3 BEYOĞLU İSTANBUL;(212) 2531515;;;İMİB - İstanbul Maden İhracatçıları Birliği
4 İSTANBUL İNŞAAT OTOMOTİV GIDA SANAYİ VE TİCARET LTD. ŞTİ.;İKİTELLİ OSB. MAH. GİYİM SANATKARLARI 3D BLOK SK. NO:3D/4 BAŞAKŞEHİR İSTANBUL;(212) 0000000;;;İMİB - İstanbul Maden İhracatçıları Birliği
41MERMER İNŞAAT TİCARET LİMİTED ŞİRKETİ;SAHİL MAH.EYÜP SULTAN CAD. NO:1 BAŞİSKELE KOCAELİ;(262) 3434043;;;İMİB - İstanbul Maden İhracatçıları Birliği
4E MADENCİLİK İNŞAAT NAKLİYAT SAN. TİC. LTD. ŞTİ.;DİKKALDIRIM MAH. HAYRAN CAD. NO:38/1 OSMANGAZİ BURSA;(224) 4410341;www.erenlermermer.com;erenlermermer.com;İMİB - İstanbul Maden İhracatçıları Birliği
5E MERMER YAPI İNŞAAT OTOMOTİV SANAYİ VE TİCARET LİMİTED ŞİRKETİ;ÇENGELDERE MAH.ULUS CAD.NO:2/A BEYKOZ İSTANBUL;(216) 4799494;;;İMİB - İstanbul Maden İhracatçıları Birliği
5K WINDOWS PLASTİK MOBİLYA İTH. İHR. SAN. TİC. LTD. ŞTİ.;YENİKÖY OSB MAH. 504 SK. NO:5/2 TORBALI İZMİR;(232) 0000000;;;İMİB - İstanbul Maden İhracatçıları Birliği
5M ELEKTRO MEKANIK IML.INS.TUR VE DAHILI TIC.LTD.STI.;DUDULLU OSB BES SANAYİ SİT. YUKARI DUDULLUU-102 SÖĞÜT SOK A-04 BLOK N:42 ÜMRANİYE İSTANBUL;02165278354;www.5m-elektromekanik.com;5m-elektromekanik.com;İMİB - İstanbul Maden İhracatçıları Birliği
5M İNŞAAT TEKSTİL İTHALAT İHRACAT SAN. TİC. LTD. ŞTİ.;MİMARSİNAN MERK.MAH.MUSTAFA KEMAL BULVARI HAZAL SİT.NO:7-3 D BLOK K:1 D:12 MİMARSİNAN BÜYÜKÇEKMECE İSTANBUL;02128636786;www.5minsaat.net;5minsaat.net;İMİB - İstanbul Maden İhracatçıları Birliği
7 ELEVEN GIDA TURİZM TARIM ÜRÜNLERİ İNŞAAT İTHALAT İHRACAT PAZARLAMA LİMİTED ŞİRKETİ;CEMALİYE MAH.SALİH OMURTAK CAD.ERSÖZLER APT. NO:272/457 ÇORLU TEKİRDAĞ;(282) 6511043;;;İMİB - İstanbul Maden İhracatçıları Birliği
7G MERMER İNŞAAT SANAYİ TİCARET LİMİTED ŞİRKETİ;DİRİLİŞ MAH.DESTEGÜL SOKAK NO:13/50 MAMAK ANKARA;(312) 0000000;;;İMİB - İstanbul Maden İhracatçıları Birliği
81 DESİGN İSTANBUL İÇ DEKORASYON SAN VE TİC.LTD.ŞTİ;YENİBOSNA MERKEZ MAH. 1. ASENA SOK EMLAK KONUT B NO:23 B İÇ KAPI NO:122 BAHÇELİEVLER İSTANBUL;(212) 0000000;;;İMİB - İstanbul Maden İhracatçıları Birliği
8GEN MADENCİLİK SANAYİ VE DIŞ TİCARET ANONİM ŞİRKETİ;KAZIMİYE MAH. SELANİK SK. NO: 7 İÇ KAPI NO: 14 ÇORLU/ TEKİRDAĞ 59850 ÇORLU, TEKİRDAĞ, TÜRKİYE ÇORLU TEKİRDAĞ;(282) 6738142;www.8genmadencilik.com.tr;8genmadencilik.com.tr;İMİB - İstanbul Maden İhracatçıları Birliği
A ARTI AYDINLATMA SANAYİ VE TİCARET LİMİTED ŞİRKETİ;EMEKYEMEZ MAH. OKÇU MUSA CAD. MENEVŞE İŞ MERKEZİ NO:22/175 BEYOĞLU / İSTANBUL PK:34421 BEYOĞLU İSTANBUL;(212) 0000000;www.aartiaydinlatma.com;aartiaydinlatma.com;İMİB - İstanbul Maden İhracatçıları Birliği
A.T.S. ADVANCED TECHNOLOGY SUPPLIES TİC. A.Ş.;NISPETIYE CAD.TOPRAKKALESOKAK BURAK APR.6/2 BEŞİKTAŞ İSTANBUL;(212) 2873250;www.atskimya.com;atskimya.com;İMİB - İstanbul Maden İhracatçıları Birliği
AAT EXPORT DIŞ TİCARET LİMİTED ŞİRKETİ;FERHATPAŞA MAH. MAREŞAL FEVZİ ÇAKMAK CAD.AAT PLAZA BLOK NO: 14 İÇ KAPI NO: 2 ATAŞEHİR İSTANBUL;(216) 4644301;;;İMİB - İstanbul Maden İhracatçıları Birliği
ABA LED AYDINLATMA SAN.VE TİC.A.Ş.;AKÇABURGAZ MAHALLESİ AKÇABURGAZ CADDESİ NO:43 ESENYURT İSTANBUL;(212) 2224210;www.abalighting.com.tr;abalighting.com.tr;İMİB - İstanbul Maden İhracatçıları Birliği
ABAY YAPI SIST.MUH.SAN.TIC.LTD STI.;EYÜPSULTAN MAH.MEHMET AKİF CAD.YADİGAR SOK. OTOMER İŞ MERKEZİ A BLOK NO:47 SANCAKTEPE İSTANBUL;(216) 4283820;www.abayyapi.com;abayyapi.com;İMİB - İstanbul Maden İhracatçıları Birliği
ABC GRANİT DIŞ TİCARET LİMİTED ŞİRKETİ;FERHATPAŞA MAH.EYÜPSULTANCAD. N:62 FERHATPAŞA 34888 ATAŞEHİR İSTANBUL;;;;İMİB - İstanbul Maden İhracatçıları Birliği
ABD ALHASEB AL SALEH;FEVZİ ÇAKMAK MAH. FEVZİ ÇAKMAK CAD. NO:34 ESENLER İSTANBUL;;;;İMİB - İstanbul Maden İhracatçıları Birliği
ABDULLAH ELİM;EVREN MAH. 16. SOK. NO:8 GÜNEŞLİ BAĞCILAR İSTANBUL;(212) 6576748;;;İMİB - İstanbul Maden İhracatçıları Birliği
ABDULLAH ERGÜLEÇ;VELİKÖY OSB MAH. 28. CAD. NO: 6 /1 MERKEZ KÖYÜMERKEZ BUCAĞI ÇERKEZKÖY TEKİRDAĞ;(282) 2277250;;;İMİB - İstanbul Maden İhracatçıları Birliği
ABDULSAMET CAN;CEBECİ MAH. 2403/1.SK. NO:8/2 SULTANGAZİ İSTANBUL;(212) 5272766;;;İMİB - İstanbul Maden İhracatçıları Birliği
ABDURRAHMAN KAAN KESKİN;MİMARSİNAN MAH. ESKİ SİLİVRİ CAD. YURT KONSERVENO:8/1 BÜYÜKÇEKMECE İSTANBUL;;;;İMİB - İstanbul Maden İhracatçıları Birliği
ABM MERMER SAN. VE TİC. LTD. ŞTİ .;ADNAN KAHVECİ MAH. OSMANLI CAD. DELTA TOWER 3 RESİDANS D.53 KAVAKLI BEYLİKDÜZÜ İSTANBUL;;www.abmmarble.com;abmmarble.com;İMİB - İstanbul Maden İhracatçıları Birliği
ABM MÜCEVHERAT LİMİTED ŞİRKETİ;MOLLA FENARİ MH.ATİK ALİPAŞA MEDRESESİ SK.SÜMER AŞ.NO:11/401 FATİH İSTANBUL;(212) 0000000;;;İMİB - İstanbul Maden İhracatçıları Birliği
ABS GLOBAL YAZILIM İÇ VE DIŞ TİCARET LİMİTED ŞİRKETİ;MİMAR SİNAN MAH. DALBASTI SOKAK TÜRKÖZ PARK SİTESİA1 BLOK 1/1/22 KÖRFEZ KOCAELİ;(262) 3258755;;;İMİB - İstanbul Maden İhracatçıları Birliği
ABSEL MADENCİLİK İNŞ. DIŞ TİC. AŞ.;BARBAROS HAYRETTIN PASA MAH. 1993. SK.SAGLAM RESIDANS NO:20/32 ESENYURT İSTANBUL;(212) 8525505;;;İMİB - İstanbul Maden İhracatçıları Birliği
AC DIŞ TİCARET ANONİM ŞİRKETİ;HALİL RIFAT PAŞA MH. YÜZER HAVUZ SK PERPA TİC MERKEZİ A BLOK NO:1/27 ŞİŞLİ İSTANBUL;(212) 3203778;;;İMİB - İstanbul Maden İhracatçıları Birliği
ACAR MERMER PETROL TAŞIMACILIK SANAYİ VE TİCARET LİMİTED ŞİRKETİ;KEMAL OYMAN MEVKII ACAR PETROLTESİSLERİ KARABÜK KARABÜK;(370) 4520109;www.acarmermer.com.tr;acarmermer.com.tr;İMİB - İstanbul Maden İhracatçıları Birliği
ACARER METAL SANAYİ VE TİCARET ANONİM ŞİRKETİ;BÜYÜKDERE CD APAGİZ PLAZA NO:191 K:11 ŞİŞLİ İSTANBUL;(212) 2805050;www.acarermetal.com;acarermetal.com;İMİB - İstanbul Maden İhracatçıları Birliği
ACC AMBALAJ SANAYİ VE TİCARET LİMİTED ŞİRKETİ;GÜZELHİSAR MAH.32 CADDENO:8 AKYURT ANKARA AKYURT ANKARA;(312) 2292900;;;İMİB - İstanbul Maden İhracatçıları Birliği
ACCESS PHARMA İLAÇ SANAYİ VE TİCARET ANONİM ŞİRKETİ;MASLAK MAH. MASLAK MEYDAN SK. VEKO GIZ PLAZANO:3/4 SARIYER / İSTANBUL SARIYER İSTANBUL;(212) 2904030;;;İMİB - İstanbul Maden İhracatçıları Birliği
ACE TEKNİK İNŞAAT SANAYİ VE TİCARET ANONİM ŞİRKETİ;KONAK MAH. KUDRET SK. ELİT PARK PLAZA ELİT PARKNO:12/27 NİLÜFER BURSA;(224) 2433655;;;İMİB - İstanbul Maden İhracatçıları Birliği
ACF TEDARİK İNŞAAT DIŞ TİCARET LİMİTED ŞİRKETİ;HACIHALİL MAH 1207 SK NO 1 İÇ KAPI NO 5 GEBZE KOCAELİ;;;;İMİB - İstanbul Maden İhracatçıları Birliği
ACUN DÖKÜM METAL LİMİTED ŞİRKETİ;MALTEPE MAH. ÇİFTE HAVUZLAR CAD. BIÇAKLAR İŞ MERKEZİ NO:27/1/24 ZEYTİNBURNU İSTANBUL;;;;İMİB - İstanbul Maden İhracatçıları Birliği
AÇIK CEPHE SİSTEMLERİ VE YAPI SANAYİ LİMİTED ŞİRKETİ;KÖŞKLÜ ÇEŞME MAH.533 SK.NO:1İÇ KAPI NO:A GEBZE/KOC GEBZE KOCAELİ;(262) 6430342;;;İMİB - İstanbul Maden İhracatçıları Birliği
AÇIKGÖZ BİRADERLER MAKİNA TAMİR SANAYİ VE TİCARET LİMİTED ŞİRKETİ;SANAYI SITESI 324. SOK NO:18 İSKENDERUN HATAY;(326) 6154458;;;İMİB - İstanbul Maden İhracatçıları Birliği
AÇIKHAVA FABRİKASI MEDYA REKLAMCILIK HİZMETLERİ ANONİM ŞİRKETİ;CUMHURİYET MAH. SİLAHŞÖR CD. YENİ YOL SOK. NO:8 BOMONTİ BUSİNESS CENTER 4/24 ŞİŞLİ İSTANBUL;(212) 2176100;www.outdoorfactory.com;outdoorfactory.com;İMİB - İstanbul Maden İhracatçıları Birliği
ADA KESİCİ TAKIMLAR VE TEKNİK MAKİNA LTD. ŞTİ.;HASANPAŞA M.MORALI İBRAHİM PAŞA SOK.NO:16B KADIKÖY İSTANBUL;(216) 4503111;www.adatechnic.com;adatechnic.com;İMİB - İstanbul Maden İhracatçıları Birliği
ADA MOZAİK DEKORASYON SANAYİ VE TİCARET LİMİTED ŞİRKETİ;ŞABANOĞLU, ORGANİZE SANAYİ BÖLGESİ ADNAN KAHVECİ BULVARİ NO: 49 KUTLUKENT MERKEZ SAMSUN;(362) 2666620;www.gocciamosaico.com;gocciamosaico.com;İMİB - İstanbul Maden İhracatçıları Birliği
ADAÇAL ENDÜSTRİYEL MİNERALLER SAN.VE TİC.A.Ş.;MENDERES MAH EMİR AFŞİN BULV. N:214 EMİRDAĞ AFYON;(272) 4428320;www.adacal.com.tr;adacal.com.tr;İMİB - İstanbul Maden İhracatçıları Birliği
ADADORE SAGLIK HIZMETLERI SANAYI VE TICARET LTD.STI.;BOGAZİCİBLOKLARİ B/1 BLOK K4D7 BARİS 34560 BEYLİKDUZU, İSTANBUL, TÜRKİYE BEYLİKDÜZÜ İSTANBUL;(212) 5300777;www.adadoretrade.com;adadoretrade.com;İMİB - İstanbul Maden İhracatçıları Birliği
ADALYA MERMER SANAYİ TİCARET ANONİM ŞİRKETİ;ORGANIZE SANAYI BÖL. 1. CAD. NO:19 DÖŞEMEALTI ANTALYA;(242) 2581620;www.adalyamarble.com;adalyamarble.com;İMİB - İstanbul Maden İhracatçıları Birliği
ADAMAR DOĞALTAŞ SANAYİ TİCARET LİMİTED ŞİRKETİ;KÜLTÜR MAH. TEMİZ SOKAK ADAKENT VİLLALARI 7.KISIM NO.3 NİLÜFER BURSA;(224) 4521660;;;İMİB - İstanbul Maden İhracatçıları Birliği
ADAMAR MADENCİLİK SANAYİ VE TİCARET LİMİTED ŞİRKETİ;BAĞLARBAŞI MH.SAKARYA SK.MALTE PLAZANO:35/1 MALTEPE İSTANBUL;(224) 4521660;;;İMİB - İstanbul Maden İhracatçıları Birliği
ADATAŞ MERMER MADENCİLİK SANAYİ VE DIŞ TİCARET LİMİTED ŞİRKETİ;GÜLLÜCE MAH. M.KEMALPAŞA O.S.B. 6.CADDE NO:4/1 MUSTAFAKEMALPAŞA BURSA;;www.adatasmermer.com.tr.;adatasmermer.com.tr.;İMİB - İstanbul Maden İhracatçıları Birliği
ADCHEM İLAÇ KİMYASALLARI PAZARLAMA İTHALAT İHRACAT LİMİTED ŞİRKETİ;RASİMPAŞA MH. HALİTAĞA CD.ÖZLEM İŞ HANI NO: 32 İÇ KAPI NO: 31 KADIKÖY İSTANBUL;;;;İMİB - İstanbul Maden İhracatçıları Birliği
ADEC AKVARYUM SANAYİ İNŞAAT İTHALAT İHRACAT ANONİM ŞİRKETİ;TEPEÜSTÜ MAH. ÇAYIRBAŞI SOK.NO:9/2 34760İSTANBUL DERİ OSB TUZLA ÜMRANİYE İSTANBUL;(216) 3940408;;;İMİB - İstanbul Maden İhracatçıları Birliği
ADECHEM YAPI KİMYASALLARI ANONİM ŞİRKETİ;İÇMELER MAH. AYDINLI YOLU CD. KARDELEN APT. NO:10 TUZLA İSTANBUL;(216) 5910782;;;İMİB - İstanbul Maden İhracatçıları Birliği
ADELLENS OPTİK SAN.VE TİC.AŞ.;KÜÇÜKÇEKMECE İKİTELLİ OSB MAH.MARMARA O BLOK SOK.MARMARA SAN.SİTESİ O BLOK 2 BÜYÜKÇEKMECE İSTANBUL;(212) 4945454;;;İMİB - İstanbul Maden İhracatçıları Birliği
ADEON DIŞ TİCARET LTD.ŞTİ.;FULYA MH. BÜYÜKDERE CD. ALTINOVA İŞ MERKEZİ NO:54/5 ŞİŞLİ İSTANBUL;(212) 2160900;www.adeonglobal.com;adeonglobal.com;İMİB - İstanbul Maden İhracatçıları Birliği
ADF MÜHENDİSLİK DAN SAN VE TİC LTD ŞTİ;AKSE MAHALLESİ RAHMİ DİBEK CADDESİ NO:21741420 ÇAYIROVA ÇAYIROVA KOCAELİ;(262) 7440435;;;İMİB - İstanbul Maden İhracatçıları Birliği
ADI STONE MADENCİLİK ANONİM ŞİRKETİ;ADNAN KAHVECİ BULVARI ÇAĞDAŞ APT. NO:97/10 BAHÇELİEVLER İSTANBUL;(212) 4428058;;;İMİB - İstanbul Maden İhracatçıları Birliği
ADIMER MERMER MADENCİLİK LOJİSTİK ÖZEL EĞİTİM İNŞAAT SANAYİ VE DIŞ TİCARET ANONİM ŞİRKETİ;PETROL MAH.ORG.SAN.BÖLG.3.CAD.NO:4 MERKEZ ADIYAMAN;(416) 6227127;;;İMİB - İstanbul Maden İhracatçıları Birliği
ADK MERMER MADENCİLİK SANAYİ VE DIŞ TİCARET LTD. ŞTİ.;SAHRAYICEDIT MAH. ATATÜRK CAD. NO:69/207 SAHRAYICEDIT 34734 KADIKÖY, İSTANBUL, TÜRKİYE KADIKÖY İSTANBUL;(216) 3011235;www.adkmarble.com;adkmarble.com;İMİB - İstanbul Maden İhracatçıları Birliği
ADO MADENCİLİK ELEKTRİK ÜRETİM SAN.VE TİC.A.Ş.;MOLLA YUSUF MAH HÜRRİYET CADN:495 KONYAALTI ANTALYA;(242) 2274990;www.adomining.com;adomining.com;İMİB - İstanbul Maden İhracatçıları Birliği
ADSS ALÜMİNYUM METAL SANAYİ TİCARET LİMİTED ŞİRKETİ;ESENYALI MAH. YANYOL CAD. VARYAP PLAZA NO: 61 OFİS NO: 113 PENDİK İSTANBUL;(216) 7062377;www.adss.com.tr;adss.com.tr;İMİB - İstanbul Maden İhracatçıları Birliği
ADV DIŞ TİCARET LİMİTED ŞİRKETİ;YASSI ÖREN KÖYÜ AKPINAR SAN. BÖL.HADİMKÖY CAD. NO.162 K.5 D:3. ARNAVUTKÖY İSTANBUL;(212) 6716486;www.zi-as.com;zi-as.com;İMİB - İstanbul Maden İhracatçıları Birliği
ADVA ENDÜSTRİYEL ÇÖZÜMLER SANAYİ VE TİC. LTD. ŞTİ.;DENİZLİ MAH. GAZİ MUSTAFA KEMAL CAD. NO:169/A GEBZE KOCAELİ;(262) 7511876;;;İMİB - İstanbul Maden İhracatçıları Birliği
AEC KİMYA SANAYİ TİCARET LİMİTED ŞİRKETİ;DİLOVASI OSB 4.KISIM D-2028 SOK. NO:18 ATAŞEHİR İSTANBUL;(216) 5749359;;;İMİB - İstanbul Maden İhracatçıları Birliği
AES MERMER SANAYİ VE TİCARET LİMİTED ŞİRKETİ;NO:188 DEVECİKONAĞI MAH 16500MUSTAFAKEMALPAŞA MUSTAFAKEMALPAŞA BURSA;(212) 4128858;;;İMİB - İstanbul Maden İhracatçıları Birliği
AET MADENCİLİK VE YATIRIM ANONİM ŞİRKETİ;İŞÇİ BLOKLARI MAH.MEVLANA BLV.NO:182 B/96 İÇ KAPI NO:96 ÇANKAYA ANKARA;;;;İMİB - İstanbul Maden İhracatçıları Birliği
AEZ KİMYA SAN. VE DIŞ TİC. LTD.ŞTİ.;BEYLİKDÜZÜ MAH. 2. CAD MERMERCİLER SİT. NO:11/1 BEYLİKDÜZÜ İSTANBUL;;;;İMİB - İstanbul Maden İhracatçıları Birliği
AF DOĞAL TAŞ DIŞ TİCARET LİMİTED ŞİRKETİ;FERHATPAŞA MAHALLESİ 63 SOKAK NO:12/1 ATAŞEHİR İSTANBUL;(216) 6616621;;;İMİB - İstanbul Maden İhracatçıları Birliği
AFERKO İÇ VE DIŞ TİC. LTD. ŞTİ.;DEFTERDAR MAH. OTAKÇILAR CAD. 80/2 EYÜP İSTANBUL;(212) 6741863;;;İMİB - İstanbul Maden İhracatçıları Birliği
AFRAN ELEKTROSTATİK TOZ VE YAŞ BOYA EKİP.SAN.TİC.LTD.ŞTİ.;ORHANLI MAH.FETTAH BAŞARANCAD.NO:103/1TUZLA/İST. TUZLA İSTANBUL;(216) 0000000;;;İMİB - İstanbul Maden İhracatçıları Birliği
AFRİKA İTHALAT VE İHRACAT TİCARET LİMİTED ŞİRKETİ;AKEVLER MAH. 1066. SK. NO: 2 IÇ KAPI NO: 33 ESENYURT İSTANBUL;(212) 0000000;;;İMİB - İstanbul Maden İhracatçıları Birliği
AG BAĞLANTI ELEMANLARI HIRDAVAT SAN. VE TİC. LTD ŞTİ.;DEMİRCİ MH DOĞAN CD NO:10B NİLÜFER BURSA;(224) 0000000;www.agbaglanti.com;agbaglanti.com;İMİB - İstanbul Maden İhracatçıları Birliği
AGATE MERMERCİLİK OTOMOTİV REKLAMCILIK DIŞ TİCARET LİMİTED ŞİRKETİ;FULYA MAHALLESİ BÜYÜKDERE CADDESİ TORUN CENTER D BBLOK NO:74D İÇ KAPI NO :10 ŞİŞLİ İSTANBUL;(212) 0000000;;;İMİB - İstanbul Maden İhracatçıları Birliği
AGE ENERJİ ÜRETİM ANONİM ŞİRKETİ;TAHRAN CAD.NO:19/6 ÇANKAYA ANKARA;(216) 5743949;;;İMİB - İstanbul Maden İhracatçıları Birliği
AGEL YAPI KIMYASALLARI SANAYİ VE TİCARET LİMİTED ŞİRKETİ;KURTKOY MH. ANKARA CD . SELVI BOYLUM SOK.NO : 6D:17 PENDİK İSTANBUL;;;;İMİB - İstanbul Maden İhracatçıları Birliği
AGFA MİMARLIK İNŞAAT DAN. İÇ VE DIŞ TİC. LTD. ŞTİ.;EVLİYA ÇELEBİ MAH. SADİ KONURALP CAD. IKSV VAKFI NO: 5 İÇ KAPI NO: 2 BEYOĞLU İSTANBUL;(212) 0000000;;;İMİB - İstanbul Maden İhracatçıları Birliği
AGI İNŞAAT MALZEMELERİ SAN.TİC.LTD.ŞTİ.;KURTKÖY MAH.ANKARA CAD.YELKENPLAZA NO:289/21 PENDİK İSTANBUL PENDİK İSTANBUL;(216) 5072121;;;İMİB - İstanbul Maden İhracatçıları Birliği
AGK MOBİLYA GIDA TURİZM SAN. VE DIŞ TİC. A.Ş.;BAĞLARBAŞI MAH.BAĞDAT CAD.N:483/5 MALTEPE İSTANBUL;(216) 3704256;;;İMİB - İstanbul Maden İhracatçıları Birliği
AGM YEDEK PARCA VE MAKINE SAN TIC. LTD. ŞTİ.;CEMIL MERIC MAH.BESTEKAR SOKBIRLIK SIT.D BLOK 3A/23 PK:34771 ÜMRANİYE İSTANBUL;(216) 2905183;www.agmticaret.com;agmticaret.com;İMİB - İstanbul Maden İhracatçıları Birliği
AGS ENDÜSTRİ ÜRÜNLERİ İNŞAAT SANAYİ VE TİCARET ANONİM ŞİRKETİ;ATATÜRK MH. ATAŞEHİR BULV. GARDENYA PLAZA 5 NO:5/1 ATAŞEHİR/İSTANBUL ATAŞEHİR İSTANBUL;(216) 4554419;;;İMİB - İstanbul Maden İhracatçıları Birliği
AĞA MAKİNA KAUÇUK TİC. LTD. ŞTİ.;EĞİTİM MAH. POYRAZ SOK. NO:1-37HASANPAŞA KADIKÖY İSTANBUL;(216) 4180759;;;İMİB - İstanbul Maden İhracatçıları Birliği
AHA MÜHENDİSLİK TEKNOLOJİLERİ İNŞAAT TAAHHÜT LİMİTED ŞİRKETİ;AYAZAĞA MAH.MİMAR SİNAN SK. B BLOK NO:21B İÇ KAPI SARIYER İSTANBUL;(212) 0000000;;;İMİB - İstanbul Maden İhracatçıları Birliği
AHDE SANAT İÇ VE DIŞ TİCARET LTD. ŞTİ.;CEVİZLİ MAH. MALATYA SK. CAN APT. NO:2 C KARTAL İSTANBUL;(216) 4522199;;;İMİB - İstanbul Maden İhracatçıları Birliği
AHLATO DOĞAL TAŞ MADENCİLİK SANAYİ VE DIŞ TİCARET LİMİTED ŞİRKETİ;BAHŞAYİŞ MAH. KURUÇEŞME CAD. NO:6 ÇATALCA İSTANBUL;(212) 4820202;;;İMİB - İstanbul Maden İhracatçıları Birliği
AHMED ELMAHMUD;İKİTELLİ OSB.MAHALLESİ TÜMSAN 2 KISIM C BLOKSOKAĞI NO:1C-1C BLOK/68 BAŞAKŞEHİR İSTANBUL;(212) 8038385;;;İMİB - İstanbul Maden İhracatçıları Birliği
AHMET MÜNİR KARACABEY;MİMAR SİNAN MAH. YEDPA TİC. MERKZ. D CADDESİ NO:57 ATAŞEHİR İSTANBUL;(216) 5276908;www.homeorbis.com;homeorbis.com;İMİB - İstanbul Maden İhracatçıları Birliği
AHMET ŞEN;SULTAN SELİM MAH. IŞIN SK. NO:5 KAPI NO:1 PK:34100 KAĞITHANE/İSTANBUL KAĞITHANE İSTANBUL;(212) 0000000;;;İMİB - İstanbul Maden İhracatçıları Birliği
AHMET UZUN;SÜLEYMANİYE MAHALLESİ SİVAVUŞPAŞA SOKAK SİYAVUŞPAŞA HAN NO: 16 / A FATİH İSTANBUL;(212) 2534483;;;İMİB - İstanbul Maden İhracatçıları Birliği
AHMET ÜMİT İZGÖREN;YENİBOSNA MERKEZ MAH. SADETTİN KAYNAK SK. PİLOTLAR BAHÇELİEVLER İSTANBUL;(850) 2038132;;;İMİB - İstanbul Maden İhracatçıları Birliği
AHŞAP ÜRÜNLER SANAYİ ANONİM ŞİRKETİ;EMEK MAH. SİVAT CADDESİ NO.7 34785 SANCAKTEPE İSTANBUL;(216) 4664343;www.ahsap.com.tr;ahsap.com.tr;İMİB - İstanbul Maden İhracatçıları Birliği
AK ALEV ATES TUGLASI TIC.VE SAN.LTD.STI.;VALIKONAĞI CAD.ESERPALASNO:125 D:12 34363 ŞİŞLİ İSTANBUL;02122460667;www.akalev.com.tr;akalev.com.tr;İMİB - İstanbul Maden İhracatçıları Birliği
AK EL CAMLAMA SİSTEMLERİ SANAYİ TİCARET LİMİTED ŞİRKETİ;AFYONKARARAHİSAR OSB MAH. 5.CAD. NO:10B/1 MERKEZ AFYON;(272) 2134525;;;İMİB - İstanbul Maden İhracatçıları Birliği
AK ENDÜSTRİ MALZEMELERİ SAN. VE TİC. LTD. ŞTİ.;TANATVİ MAH ESTERGON CAD EXEN İSTANBUL F BLOK NO:24 F İÇ KAPI NO:403 ÜMRANİYE İSTANBUL;(212) 5353312;;;İMİB - İstanbul Maden İhracatçıları Birliği
AK MERMER GRANİT VE MADENCİLİK VE TAŞIMACILIK SANAYİ VE TİCARET LİMİTED ŞİRKETİ;DERİNCE MAHALLESİ YURT SOKAK NO:5112.KM. DERINCE KOYU ANTAKYA HATAY;(326) 2673331;www.akmarble.com;akmarble.com;İMİB - İstanbul Maden İhracatçıları Birliği
AK NUR DIŞ CEPHE GİYDİRME SİSTEM İNŞ.SAN.TİC.LTD.ŞTİ;İSTİKLAL MH KAVAKLIDERE CD NO:53 B ÜMRANİYE İSTANBUL;(216) 6311333;www.aknurdiscephe..com.tr;aknurdiscephe..com.tr;İMİB - İstanbul Maden İhracatçıları Birliği
AKA BİLİŞİM YAZILIM ARGE İNŞAAT TAAH. SAN. TİC. A.Ş.;ATAKENT MAH. BARIŞ SOKAK NO:20 ÜMRANİYE İSTANBUL;(216) 2100888;http://www.aka.com.tr;aka.com.tr;İMİB - İstanbul Maden İhracatçıları Birliği
AKAN EV VE MUTFAK GEREÇLERİ İTHALAT İHRACAT SANAYİ VE TİCARET LİMİTED ŞİRKETİ;MAHMUT BEY MAH. İSTOÇ 2425 SK. NO:90 BAĞCILAR İSTANBUL;(212) 6599224;;;İMİB - İstanbul Maden İhracatçıları Birliği
AKAR ELEKTRIK TAAHHUT SAN.TIC. LTD.STI.;DUMLUPINAR CAD. ORTA MAH.GÜNEŞ ÇIKMAZI GÜNEŞHAN NO 1 BAYRAMPAŞA İSTANBUL;02126131183;www.akarpano.com.tr;akarpano.com.tr;İMİB - İstanbul Maden İhracatçıları Birliği
AKAR KIRTASİYE SAN.VE TİC.LTD. ŞTİ;SABUNCU HAN NO.77 FATİH İSTANBUL;02125140641;www.arkakar.com.tr;arkakar.com.tr;İMİB - İstanbul Maden İhracatçıları Birliği
AKAR MADENCİLİK SANAYİ VE TİCARET LİMİTED ŞİRKETİ;BEYLİKDÜZÜ MERMERCILER SAN. SIT. 2.CADNO.15 BEYLİKDÜZÜ İSTANBUL;(212) 8751590;www.aksoylarmermer.com;aksoylarmermer.com;İMİB - İstanbul Maden İhracatçıları Birliği
AKAY GRUP KİMYA SANAYİ TİCARET ANONİM ŞİRKETİ;EGEMENLİK MAH.6106/51 SOK.NO:4 BORNOVA İZMİR;(232) 3423000;;;İMİB - İstanbul Maden İhracatçıları Birliği
AKBA KOZM.GIDA VE DAY.TÜK.MALL SAN.VE TİC.LTD.ŞTİ.;INEBEY MAH.NAMIK KEMAL CD.PEKERIS MERK.NO.21-23 İÇ KAPI 31 FATİH İSTANBUL;02125863990;;;İMİB - İstanbul Maden İhracatçıları Birliği
AKBEL SOLAR ENERJİ ELEKTRİK ÜRETİM İHRACAT SANAYİ VE TİCARET ANONİM ŞİRKETİ;GÖKMEYDAN MH. DUYGU SK.NO:7 ODUNPAZARI ESKİŞEHİR;(222) 2405758;;;İMİB - İstanbul Maden İhracatçıları Birliği
AKCAN MOZAİK MÜTEAHHİTLİK GIDA İNŞ. İTH. İHR. SAN. VE TİC. A.Ş.;ZAFER MAH. ÇEVRE YOLU ORTAKOL MEVKİİZİRAAT DEPOLARI ARKASI MERKEZ TEKİRDAĞ;(282) 2613434;www.akcanmozaik.com.tr;akcanmozaik.com.tr;İMİB - İstanbul Maden İhracatçıları Birliği
AKÇA KAĞIT AMBALAJ SAN.TİC.LTD.ŞTİ.;ATAKENT MAH. 221 SOKAK ROTA OFFICE A BLOK NO:3/1İÇ KAPI NO:17 KÜÇÜKÇEKMECE İSTANBUL;;;;İMİB - İstanbul Maden İhracatçıları Birliği
AKDEMİR GLOBAL DIŞ TİCARET ANONİM ŞİRKETİ;MAHMUTBEY MAH. 2416 SOK. İSTOÇ NO:4/132 BAĞCILAR BAĞCILAR İSTANBUL;(212) 7710466;;;İMİB - İstanbul Maden İhracatçıları Birliği
AKDEMİR TEKNİK MAKİNA PAZARLAMA SANAYİ ANONİM ŞİRKETİ;LOZAN CAD. NO:1 ATATÜRK 34522 ESENYURT İSTANBUL;;;;İMİB - İstanbul Maden İhracatçıları Birliği
AKDENİZ MİNERAL KAYNAKLARI ANONİM ŞİRKETİ;CUMHURİYET CAD. SELBAŞI SOK. NO:14/5 HARBİYE ŞİŞLİ İSTANBUL;(212) 3434108;www.akdenizmineral.com.tr;akdenizmineral.com.tr;İMİB - İstanbul Maden İhracatçıları Birliği
AK-EL MERMER MADEN.NAKL.INŞ.TA SAN.VE TIC.LTD.ŞTI.;SERÇEÖNÜ MAH.AHMETPAŞA CAD.ÇIÇEK IŞMERKEZI NO:14/14 KOCASİNAN KAYSERİ;03522213732;www.akelmermer.com.tr;akelmermer.com.tr;İMİB - İstanbul Maden İhracatçıları Birliği
AK-EN MADENCİLİK TURİZM İNŞAAT İTHALAT İHRACAT SANAYİ VE TİCARET LTD.ŞTİ.;HOŞDERE CAD. NO:143/9 ÇANKAYA ANKARA;(312) 4430213;www.akenmadencilik.com;akenmadencilik.com;İMİB - İstanbul Maden İhracatçıları Birliği
AKER KİMYA SANAYİ VE TİCARET LİMİTED ŞİRKETİ;UĞUR MUMCU MAH. 2339. SK. NO: 1 / 1 SULTANBEYLİ İSTANBUL;8504800057;;;İMİB - İstanbul Maden İhracatçıları Birliği
AKFEN INSAAT TURIZM VE TIC.A.S;KOZA SOKAK NO.22 ÇANKAYA ANKARA;(312) 4414211;www.akfen.com.tr;akfen.com.tr;İMİB - İstanbul Maden İhracatçıları Birliği
AKGRANİT MERMER İNŞAAT TAŞIMACILIK SAN. VE TİC. LTD. ŞTİ.;ABDURRAHMANGAZİ MAH. HALİFE CAD. NO:62-64 SANCAKTEPE İSTANBUL;(216) 3111983;;;İMİB - İstanbul Maden İhracatçıları Birliği
AKILLI DIŞ TİCARET ANONİM ŞİRKETİ;ESENTEPE MAH. KORE ŞEHİTLERİ CAD. ISTANBLOOM NO:16/1/80 ŞİŞLİ İSTANBUL;(212) 2747734;;;İMİB - İstanbul Maden İhracatçıları Birliği
AKIM METAL SANAYİ VE TİCARET ANONİM ŞİRKETİ;BEYLİKBAGI MAH. MEMİŞOGLU CAD.326/2 SOK.NO.4/A GEBZE KOCAELİ;(262) 7431492;www.akplas.com.tr;akplas.com.tr;İMİB - İstanbul Maden İhracatçıları Birliği
AKIN ALÜMİNYUM PLASTİK DOĞ.SAN VE TİC.LTD.ŞTİ;YENI M.GENERAL KANI ELITEZ SOK. NO.32 BAKIRKÖY İSTANBUL;02125707154;www.akinaluminyum.com;akinaluminyum.com;İMİB - İstanbul Maden İhracatçıları Birliği
AK-İŞ BOYA SANAYİİ VE TİCARET ANONİM ŞİRKETİ;DEMIRTAŞ ORG. SAN. BÖLG. ALIOSMAN SÖNMEZ CAD. NO:4 OSMANGAZİ BURSA;02242610537;akisboya.com.tr;akisboya.com.tr;İMİB - İstanbul Maden İhracatçıları Birliği
AKKA SHIPPING LOJISTIK VE TAŞIMACILIK SAN. TİC.LTD.ŞTİ;BAHÇEŞEHİR 1.KISIM MAH. IŞIN ÇIKMAZI SOK.BADEM12 SİTESİ VİLLA 36 NO:33 BAŞAKŞEHİR / İSTANBUL BAŞAKŞEHİR İSTANBUL;(216) 3472519;;;İMİB - İstanbul Maden İhracatçıları Birliği
AKKİM MATBAACILIK VE KİMYA SAN. TİC. LTD. ŞTİ.;MERMERCİLER SAN.SİTESİ 2.CADDENO:1 BEYLİKDÜZÜ İSTANBUL;(212) 8762770;www.akkimmat.com;akkimmat.com;İMİB - İstanbul Maden İhracatçıları Birliği
AKKOZA METAL SANAYİ TİCARET LTD.ŞTİ.;BARIŞ MAH. BELEDİYE VAD. N:30 GİNZA LAVİNYA PART SİT. B BLOK K:7/140 BEYLİKDÜZÜ İSTANBUL;(216) 6644324;www.akkozametal.com.tr;akkozametal.com.tr;İMİB - İstanbul Maden İhracatçıları Birliği
AKLİFE GIDA TURİZM EĞLENCE İNŞ. SAN. VE TİC. LTD. ŞTİ.;ÇOBANÇEŞME MAH MİTHATPAŞA CAD NO:39 BAHÇELİEVLER İSTANBUL;(212) 4224405;;;İMİB - İstanbul Maden İhracatçıları Birliği
AKM METALURJİ SANAYİ TEMSİLCİLİK VE DIŞ TİCARET LİMİTED ŞİRKETİ;İTOSB, İSTANBUL TUZLA ORGANİZE SAN. BÖL. 2.CADDE NO:13 TEPEÖREN TUZLA İSTANBUL;(216) 4673140;www.akm.com.tr;akm.com.tr;İMİB - İstanbul Maden İhracatçıları Birliği
AKMAN KİMYA VE BOYA TEKSTİL SANAYİ TİCARET ANONİM ŞİRKETİ;İKİTELLİ OSB MAH. ATATÜRK OTO SANAYİ SİTESİ SK. NO:70 BAŞAKŞEHİR İSTANBUL;;;;İMİB - İstanbul Maden İhracatçıları Birliği
AKMETAL MADENCİLİK SANAYİ VE TİCARET ANONİM ŞİRKETİ;ZEYTİNLİ MAH.TURHAN CEMAL BERİKER BUL. NO: 607/A SEYHAN ADANA;(322) 4599020;;;İMİB - İstanbul Maden İhracatçıları Birliği
AKMİN ENDÜSTRİYEL MADENCİLİK LTD. ŞTİ.;BAŞKENT ORGANİZE SAN ATATÜRK BUL NO 48 SİNCAN ANKARA;(312) 0000000;www.sepiyolit.com;sepiyolit.com;İMİB - İstanbul Maden İhracatçıları Birliği
AKMİN GRUP MADENCİLİK MEDİKAL GÜVENLİK EKİPMANLARI LİMİTED ŞİRKETİ;KİZİLAY MAH FEVZİ CAKMAK SOK.1 NO.15 D.7 ÇANKAYA ANKARA;(312) 4257212;http://bagrup.com;bagrup.com;İMİB - İstanbul Maden İhracatçıları Birliği
AKPA ALÜMİNYUM SANAYİ VE TİCARET ANONİM ŞİRKETİ;HÜRRİYET MH DR CEMİL BENGÜ CD NO:6 KAĞITHANE İSTANBUL;(000) 4442499;www.akpaas.com.tr;akpaas.com.tr;İMİB - İstanbul Maden İhracatçıları Birliği
AK-PA TEKSTİL İHR. PAZ. AŞ;MIRALAY SEFIK BEY SOKAK AK HANNO.15-17 TAKSİM BEYOĞLU İSTANBUL;(212) 2519200;www.akpa.com.tr;akpa.com.tr;İMİB - İstanbul Maden İhracatçıları Birliği
AKPER MAD.INS.TAAH.SAN.LTD.STI;ATATURK BULVARI YAKIN APT.37/5 Merkez ÇANKIRI;03762131159;www.akper.com.tr;akper.com.tr;İMİB - İstanbul Maden İhracatçıları Birliği
AKRA CAM DEKORASYON MAK. SAN. VE PAZ. LTD. ŞTİ;MİTHATPAŞA CAD. SÖĞÜTLÜ SOK. NO.7 ÇOBANÇEŞME BAHÇELİEVLER İSTANBUL;(212) 4944447;www.solarwin.com.tr;solarwin.com.tr;İMİB - İstanbul Maden İhracatçıları Birliği
AKRA RULMAN VE HIRDAVAT LTD .ŞTİ;TERSANE CADD BAKIR SOK. ALANTAR İŞ MRK NO:10/2İSTANBUL/BEYOĞLU BEYOĞLU İSTANBUL;(212) 2530401;;;İMİB - İstanbul Maden İhracatçıları Birliği
AKSA ACOUSTIC SOUND INSULATION MATERIALS İÇ VE DIŞ TİCARET ANONİM ŞİRKETİ;ŞERİFALİ MAH ALPTEKİN CAD NO:12/1 ÜMRANİYE İSTANBUL;(216) 5929316;;;İMİB - İstanbul Maden İhracatçıları Birliği
AKSA ENERJİ ÜRETİM A.Ş.;BARBAROS BULV.NO.91 BEŞİKTAŞ İSTANBUL;02125505336;www.aksa.com.tr;aksa.com.tr;İMİB - İstanbul Maden İhracatçıları Birliği
AKSA KARBON VE İLERİ KOMPOZİT MALZEMELER SANAYİ ANONİM ŞİRKETİ;MİRALAY ŞEFİK BEY SOK. AKHAN NO:15 GÜMÜŞSUYU TAKSİM BEYOĞLU İSTANBUL;(212) 2514500;www.aksaca.com.tr;aksaca.com.tr;İMİB - İstanbul Maden İhracatçıları Birliği
AKSAKAL YATIRIM İNŞAAT İŞLETMELERİ ANONİM ŞİRKETİ;KOŞUYOLU MAH. MEHMET AKFAN SOK. NO. 15-17/2 PK:347 KADIKÖY İSTANBUL;(216) 5460096;;;İMİB - İstanbul Maden İhracatçıları Birliği
AKSAN KALIP SANAYI VE TIC.A.S.;BEYLİKDÜZÜ O.S.B. BAKIR VE PİRİNÇ SAN. SİTESİ KARANFİL CAD. NO:15 BEYLİKDÜZÜ İSTANBUL;(212) 8764720;www.aksan-co.com;aksan-co.com;İMİB - İstanbul Maden İhracatçıları Birliği
AKSESUAR GROUP İNŞ. SAN. VE TİC. A.Ş.;BEŞYOL MH AKASYA SK NO:29/A KÜÇÜKÇEKMECE İSTANBUL;(212) 5985598;www.aksesuardesing.com;aksesuardesing.com;İMİB - İstanbul Maden İhracatçıları Birliği
AKSOYLAR MERMER SANAYI TIC.A.S;BEYLIKDUZU MERMERCILER SAN.SITESI 2.CAD. NO.11/15 BEYLİKDÜZÜ İSTANBUL;(212) 8751590;www.aksoylarmermer.com;aksoylarmermer.com;İMİB - İstanbul Maden İhracatçıları Birliği
AKSU GRUP MADENCİLİK İÇ VE DIŞ TİC.A.Ş.;MEBUSEVLERİ İLLER SOK. NO:5 TANDOĞAN ANITTEPE ÇANKAYA ANKARA;(312) 2159000;www.aksugroup.com;aksugroup.com;İMİB - İstanbul Maden İhracatçıları Birliği
AK-TAŞ DIŞ TİCARET A.Ş.;KISIKLI İNCİR SOK. NO.6B ÜSKÜDAR İSTANBUL;02165241212;www.aktasdis.com;aktasdis.com;İMİB - İstanbul Maden İhracatçıları Birliği
AKTENTAS AKSARAY TARIM ENDUSTRI TICARET A.S.;SARAY TUZ FABRIKASI TASPAZAR MAH.KARASU MEVKİİ P.K:70 AKSARAY AKSARAY;(382) 2151128;www.saraytuz.com;saraytuz.com;İMİB - İstanbul Maden İhracatçıları Birliği
AKTİF ARITMA TEKNOLOJİ MÜH. MÜŞ. SAN. TİC. LTD.ŞTİ.;FERHATPAŞA MAH.MAREŞAL FEVZİ ÇAKMAK CAD.AAT PLAZA NO:14/2 FERHATPAŞA ATAŞEHİR İSTANBUL;(216) 4644301;www.aktifaritma.com;aktifaritma.com;İMİB - İstanbul Maden İhracatçıları Birliği
AKTİF PHARMA İLAÇ MEDİKAL SANAYİ TİCARET ANONİM ŞİRKETİ;ŞERİFALİ MAH.KUTUP SK.NO:40/3 34000 ÜMRANİYE İSTANBUL;(216) 3160186;;;İMİB - İstanbul Maden İhracatçıları Birliği
AKTUAL METAL İNŞAAT SAN. VE TİC. LTD. ŞTİ.;BARBAROS HAYRETTİNPAŞA CAD NO 41/1 KARTAL İSTANBUL;(216) 3097373;;;İMİB - İstanbul Maden İhracatçıları Birliği
AKTUĞ BOYA OTOMOTİV KİMYASAL MADDELER İNŞAAT MALZEMELERİ VE GIDACILIK SANAYİ VE TİCARET LTD. ŞTI.;FEVZİ ÇAKMAK MAH.HALKALI CAD. NO:211D KÜÇÜKÇEKMECE KÜÇÜKÇEKMECE İSTANBUL;(212) 0000000;;;İMİB - İstanbul Maden İhracatçıları Birliği
AKUA İNŞAAT GIDA TEKS.SAN.VE DIŞ TİC.LTD.ŞTİ.;KARAGÜMRÜK MAH. ÖZGO SOK. EMLAKBANKASI BLK. F3 BLK NO.7 D.2 FATİH İSTANBUL;(212) 5319412;;;İMİB - İstanbul Maden İhracatçıları Birliği
AKVO DIŞ TİCARET A.Ş.;GEVHERNESİBE MH.GÜR.SOK.NO:10/67 OFİSİM KAYSERİ B BLOK K:14 KOCASİNAN KAYSERİ;(352) 2224210;www.akvodisticaret.com.tr;akvodisticaret.com.tr;İMİB - İstanbul Maden İhracatçıları Birliği
AKY AHŞAP VE ZEMİN SİSTEMLERİ TİC. LTD. ŞTİ.;KOŞUYOLU CENAP ŞAHABETTİN SOK.N:20 KADIKÖY İSTANBUL;;;;İMİB - İstanbul Maden İhracatçıları Birliği
AKYILDIZ MUHENDISLIK DANISMA NLIK TEKS.TIC.LTD.STI.;TEKSTILKENT A-10 BL NO-39 ESENLER İSTANBUL;02124380765;;;İMİB - İstanbul Maden İhracatçıları Birliği
AKYUZLER INS.MALZ.SAN. VE TIC. LTD.STI.;PLASTİKÇİLER ORG. SAN. BÖL. 5. CADDENO. 3/1 GEBZE - KOCAELİ ZEYTİNBURNU İSTANBUL;(262) 7515150;www.akyuzlernalburiye.com.tr;akyuzlernalburiye.com.tr;İMİB - İstanbul Maden İhracatçıları Birliği
AKZONOBEL KEMIPOL KİMYA SANAYI VE TICARET ANONİM ŞİRKETİ;ANKARA KARAYOLU UZERI 25.KM. KEMALPAŞA İZMİR;(232) 8770030;www.akzokemipol.com.tr;akzokemipol.com.tr;İMİB - İstanbul Maden İhracatçıları Birliği
AL DALEEL İÇ VE DIŞ TİC. LTD. ŞTİ.;KEMALPAŞA MAHALLESİ ATATÜRK BULVARI EMLAK BANKASI BLOKLARI C BLOK APARTMANI NO:30/26 FATİH İSTANBUL;(212) 5145729;;;İMİB - İstanbul Maden İhracatçıları Birliği
AL HİLALİ GROUP DANIŞMANLIK VE LOJİSTİK HİZMETLERİ SANAYİ İÇ VE DIŞ TİCARET LİMİTED ŞİRKETİ;AKSARAY MAHALLESİ İNKİLAP CADDESİ NO.4/8 FATİH İSTANBUL;;;;İMİB - İstanbul Maden İhracatçıları Birliği
AL MINERAL KİMYA ENDUSTRISI PAZARLAMA SANAYİ VE TİCARET LİMİTED ŞİRKETİ;SAHRAYICEDIT MAH HALK SOK GOLDEN PLAZA B BLK NO:31/8 KADIKÖY İSTANBUL;(216) 0000000;;;İMİB - İstanbul Maden İhracatçıları Birliği
AL NALBURİYE HIRDAVAT TİCARET VE SAN. LTD. ŞTİ.;KARAKÖY ARAP CAMI MAH. KUREKCILERCAD. NO:37 BEYOĞLU İSTANBUL;;www.al.com.tr;al.com.tr;İMİB - İstanbul Maden İhracatçıları Birliği
ALACAKAYA DIŞ TİCARET VE PAZARLAMA ANONİM ŞİRKETİ;ORGANIZE SAN. BÖLGESI 5.YOLYAZIKONAK ELAZIĞ ELAZIĞ;(424) 2551260;www.alacakaya.com;alacakaya.com;İMİB - İstanbul Maden İhracatçıları Birliği
ALARA METALURJİ MADEN İTH İHR TİC LTD ŞTİ;ZİYA GÖKALP MAH. SEMT HÜRRİYET BLV 99/2 BAŞAKŞEHİR İSTANBUL;(212) 6031981;;;İMİB - İstanbul Maden İhracatçıları Birliği
ALARABA YURTDIŞI YURTİÇİ TAŞIMACILIK VE DIŞ TİCARET LİMİTED ŞİRKETİ;M.KEMALETTİN MH.KOCA RAGIPPAŞA ALI GÜLAÇTI CNTR BLK.N.6/401 FATİH FATİH İSTANBUL;(212) 0000000;;;İMİB - İstanbul Maden İhracatçıları Birliği
ALAŞAM MERMER İNŞ.SAN.TİC.LTD.ŞTİ.;BEYLİKDÜZÜ OSB. MAH. 14.CAD. NO:42 BEYLİKDÜZÜ İSTANBUL BEYLİKDÜZÜ İSTANBUL;(212) 4268686;;;İMİB - İstanbul Maden İhracatçıları Birliği
ALBA CAM VE REFRAKTER SANAYİ LİMİTED ŞİRKETİ;BARBAROS MAH. AL ZAMBAK SK.VARYAP MERIDIAN A BLOK NO:2/218 ATAŞEHİR İSTANBUL;(216) 0000000;;;İMİB - İstanbul Maden İhracatçıları Birliği
ALBA ENDÜSTRİYEL MUTFAK İTHALAT İHRACAT LTD.ŞTİ.;AKÇABURGAZ MAH. 3136 SOK. NO:14 K:1 ESENYURT İSTANBUL;(212) 5770950;;;İMİB - İstanbul Maden İhracatçıları Birliği
ALBAN YAPI ÜRÜNLERİ TEKSTİL SAN. VE DIŞ TİC. LTD. ŞTİ.;İKİTELLİ OSB MH KERESTECİLER SAN SİT 23. SK. NO:41 BAŞAKŞEHİR İSTANBUL;(212) 5218888;www.albantc.com;albantc.com;İMİB - İstanbul Maden İhracatçıları Birliği
ALBARLAB LABORATUVAR ÜRÜNLERİ İTHALAT İHRACAT SANAYİ VE TİCARET LİMİTED ŞİRKETİ;FATİH SULTAN MEHMET MAH.GAZİ CD. NO:119C/12 İZMİT KOCAELİ;(262) 5288889;;;İMİB - İstanbul Maden İhracatçıları Birliği
ALBAYRAK TURİZM SEYAHAT İNŞAAT TİCARET ANONİM ŞİRKETİ;MALTEPE MH FETİH CD NO:6 ZEYTİNBURNU İSTANBUL;(212) 4681818;www.albayrak.com.tr;albayrak.com.tr;İMİB - İstanbul Maden İhracatçıları Birliği
ALBEDO KİMYA VE DANIŞMANLIK HİZMETLERİ LTD. ŞTİ.;YAVUZ SULTAN SELİM MAH. MEVLANA CD. EMLAK KONUT TİCARET MERKEZİ E BLOK KAPI NO: 204 J KÖRFEZ KOCAELİ;(262) 0000000;https://www.albedokimya.com.tr/;albedokimya.com.tr;İMİB - İstanbul Maden İhracatçıları Birliği
ALBO GASTRONOMİ EKİPMANLARI TİCARET LİMİTED ŞİRKETİ;MALTEPE MAH.DAVUTPAŞA CAD. TİM 1 İŞ MERKEZİ NO:6 /303 ZEYTİNBURNU İSTANBUL;(212) 2843899;;;İMİB - İstanbul Maden İhracatçıları Birliği
ALBTURK GRUP İNŞAAT OTOMOTİV DANIŞMANLIK İTHALAT İHRACAT SANAYİ VE TİCARET LİMİTED ŞİRKETİ;AKÇALAR MAH. HOCA SK. NO:2/1 İÇ KAPI NO:2 NİLÜFER BURSA;(224) 2533031;;;İMİB - İstanbul Maden İhracatçıları Birliği
ALCAS METAL SANAYİ ANONİM ŞİRKETİ;CUMHURİYET MH KAYA MİLENYUM PLAZA KAT:7 NO:139 BÜYÜKÇEKMECE İSTANBUL;(212) 5508788;www.alcas.com.tr;alcas.com.tr;İMİB - İstanbul Maden İhracatçıları Birliği
ALDNOA MÜHENDİSLİK LTD.ŞTİ.;HÜRRİYET MAH. DUMLUPINAR CAD. YAVUZ PLAZA NO:12/5 BAHÇELİEVLER İSTANBUL;;;;İMİB - İstanbul Maden İhracatçıları Birliği
ALEETHAR HOME İNŞAAT MERMER İTHALAT İHRACAT SANAYİ VE TİCARET LİMİTED ŞİRKETİ;CUMHURİYET MAH. D.100 KARAYOLUCAD.ADM KONAKLAMASİT BÜYÜKÇEKMECE İSTANBUL;(212) 5347016;;;İMİB - İstanbul Maden İhracatçıları Birliği
ALEKS MAKİNE TICARET VE SANAYİ LİMİTED SİRKETI;YENİBOSNA MERKEZ MAH. KUYUMCULAR SOK. İSTANBUL VİZYON PARK 4/C1 BLOK NO:23 BAHÇELİEVLER İSTANBUL;02124581703;www.alexmakina.com;alexmakina.com;İMİB - İstanbul Maden İhracatçıları Birliği
ALEKS METAL RAFİNERİ ANONİM ŞİRKETİ;İKİTELLİ O.S.B. MAH. MARMARA P BLOK SKP BLOK NO:11 KÜÇÜKÇEKMECE İSTANBUL;;;;İMİB - İstanbul Maden İhracatçıları Birliği
ALEMDAR FERFORJE İNŞAAT TEKSTİL SANAYİ VE TİCARET LTD. ŞTİ;VEYSEL KARANİ MAH.5. KÜLTÜR SK. NO:3 OSMANGAZİ BURSA;(224) 0000000;;;İMİB - İstanbul Maden İhracatçıları Birliği
ALF DÖKÜM KUYUMCULUK MALZEMELERİ SAN.TİC.LTD.ŞTİ.;YENİBOSNA MERKEZ MAH. LADİN SK. NO: 4 İÇ KAPI NO: Z141 BAHÇELİEVLER/ İSTANBUL BAHÇELİEVLER İSTANBUL;(212) 0000000;;;İMİB - İstanbul Maden İhracatçıları Birliği
ALFA ENDÜSTRİYEL MUTFAK OTEL RESTORAN KAFE MALZEMELERİ SANAYİ VE TİCARET A.Ş;MAHMUTBEY MAH. 2445 SK. NO:73 BAĞCILAR İSTANBUL;;;;İMİB - İstanbul Maden İhracatçıları Birliği
ALFA İSTANBUL TEKNOLOJİ DANIŞMANLIK İÇ VE DIŞ TİCARET ANONİM ŞİRKETİ;KÜÇÜKBAKKALKÖY MAH.KAYIŞDAĞI CAD.METAL IS MERKEZI BLK.37/98 ATAŞEHİR ATAŞEHİR İSTANBUL;;;;İMİB - İstanbul Maden İhracatçıları Birliği
ALFA KİLİT BAĞLANTI ELEMANLARI TEKSTİL SANAYİ VE TİCARET LTD ŞTİ;TOPÇULAR MAH.DEMİRKAPI CAD PAŞMAKÇI SANAYİSİTESİ NO:20 İÇ KAPI NO:461 EYÜP İSTANBUL;(212) 0000000;;;İMİB - İstanbul Maden İhracatçıları Birliği
ALFA OTOMAT ÇELİKÇİLİK TİCARET VE SANAYİ LİMİTED ŞİRKETİ;DEMIRCILER SIT. 5. CAD. NO.16 ZEYTİNBURNU İSTANBUL;(212) 5581691;www.alfaotomat.com.tr;alfaotomat.com.tr;İMİB - İstanbul Maden İhracatçıları Birliği
ALFATAŞ MERMER MADENCİLİK SANAYİ VE TİCARET LİMİTED ŞİRKETİ;ORGANİZE SANAYİ BÖLGESİ 1. SOKAK NO:5 MERKEZ AMASYA;(358) 2735151;http://www.alfatas.com.tr;alfatas.com.tr;İMİB - İstanbul Maden İhracatçıları Birliği
ALGOTRİO KİMYA SANAYİ VE TİCARET ANONİM ŞİRKETİ;SOĞUCAK OSB MAH 3. ORG SAN BÖLGESİ KÜME EVLERİ NO:7/1 SÖĞÜTLÜ SAKARYA;(264) 5022849;www.algotrio.com;algotrio.com;İMİB - İstanbul Maden İhracatçıları Birliği
ALHAJAR ALMASI ALAWAL MARBLE AND STONES MERMERCİLİK SANAYİ VE TİCARET LİMİTED ŞİRKETİ;GÜMÜŞTEPE MAH. 812 SK NO:1A İÇ KAPI NO:1 NİLÜFER NİLÜFER BURSA;(224) 7027943;;;İMİB - İstanbul Maden İhracatçıları Birliği
ALHİLALİ GOLD KUYUMCULUK SAN. VETİC.LTD.ŞTİ.;MERKEZ MAH. KUYUMCUKENT ATÖLYE BLOĞU KAT.1 10. SOK. NO.21 YENİBOSNA BAHÇELİEVLER İSTANBUL;(850) 2012241;;;İMİB - İstanbul Maden İhracatçıları Birliği
ALINTERİ MERMER İNŞAAT SAN.VE TİC.LTD.ŞTİ.;ATATÜRK CAD.CEYLAN SOK. NO.3 ALİBEYKÖY EYÜP İSTANBUL;(212) 6256357;;;İMİB - İstanbul Maden İhracatçıları Birliği
ALİ BERK ASLAN;GEDELEK MAH. AÇMALAR SAN.SİT.SK. NO:17/2 ORHANGAZİ BURSA;(224) 5248875;www.marmos.com.tr;marmos.com.tr;İMİB - İstanbul Maden İhracatçıları Birliği
ALİ DEĞİRMENCİ DOĞAL TAŞ GRANİT MERMER İNŞ.İTH.İHR.SAN.VE TİC.LTD.ŞTİ.;ÇAVUŞBAŞI ÇENGELDERE MAH ÇENGELDERE CAD NO 155/1 BEYKOZ İSTANBUL;(216) 4792117;;;İMİB - İstanbul Maden İhracatçıları Birliği
ALİ ERKAN MAKİNA VE AYAKKABI MALZEMELERİ SANAYİ DIŞ TİCARET LİMİTED ŞİRKETİ;İKİTELLİ OSB MAH. AYMAKOOP A7 BLOK SK AYMAKOOP A7 BLOK NO 14/14 BAŞAKŞEHİR İSTANBUL;(212) 6719090;;;İMİB - İstanbul Maden İhracatçıları Birliği
ALİ GÜRSEL KAYALI;CUMHURİYET MH. ATATÜRK CD. OĞUZKENT ST. D4 BLOKNO:105S İÇKAPI NO: 10 SÖĞÜT / BİLECİK SÖĞÜT BİLECİK;(224) 7112011;;;İMİB - İstanbul Maden İhracatçıları Birliği
ALİ YILMAZ;KAZIM KARABEKİR MAH.806 SOK.NO:14/3 GAZİOSMANPAŞA İSTANBUL;(212) 5372550;;;İMİB - İstanbul Maden İhracatçıları Birliği
ALİA DECOR MAGAZACILIK VE MOBILYA SANAYI DIŞ TICARET A.Ş.;ŞENLİKKÖY MAH. FLORYA CD. SEREN APT. A BLOK NO:8 D:2 BAKIRKÖY İSTANBUL;(212) 4666601;;;İMİB - İstanbul Maden İhracatçıları Birliği
ALİENTO DIŞ TİCARET VE PAZARLAMA LİMİTED ŞİRKETİ;FERAH MH GİRGİN SK NO:15-17/2 34660 ÜSKÜDAR İSTANBUL;(216) 0000000;;;İMİB - İstanbul Maden İhracatçıları Birliği
ALİMOĞLU MERMER SANAYİ İNŞAAT VE TİCARET ANONİM ŞİRKETİ;BAĞDAT CADDESİ NO.552/1 CEVİZLİ MALTEPE İSTANBUL;(216) 3520616;www.alimoglumarble.com;alimoglumarble.com;İMİB - İstanbul Maden İhracatçıları Birliği
ALİMOĞLU MERMER SANAYİİ VE TİCARET ANONİM ŞİRKETİ;ELEKRIK SANTRTAL YANI NO:59 MERKEZ AFYON;(272) 2211055;www.alimoglumarble.com;alimoglumarble.com;İMİB - İstanbul Maden İhracatçıları Birliği
ALKA ENGINEERING MAKİNA SANAYİ TİCARET LİMİTED ŞİRKETİ;KOZYATAGI MAH. SARIKANARYA SK. BYOFFICE KOZYATAGINO: 14 IÇ KAPI NO: 7 KADIKÖY İSTANBUL;(216) 3452200;;;İMİB - İstanbul Maden İhracatçıları Birliği
ALKA HEDİYELİK EŞYA İNŞ VE SAN. TİC. LTD. ŞTİ.;MAHMUTBEY MH İSTOÇ TİCARET MERKEZİ C BLOK NO:4 BAĞCILAR İSTANBUL;(212) 6594158;;;İMİB - İstanbul Maden İhracatçıları Birliği
ALKAN MERMER VE GRANİT SANAYİ ANONİM ŞİRKETİ;ANADOLU YAKASI İST OSB 1. SOK. NO:2 TUZLA İSTANBUL;(216) 5930707;www.alkanmermer.com;alkanmermer.com;İMİB - İstanbul Maden İhracatçıları Birliği
ALKATAŞ-METAG İŞ ORTAKLIĞI;KAVACIK MAH.ERTÜRK SOK.NO:1 K1 PLAZA K:6 BEYKOZ İSTANBUL;(216) 6932314;;;İMİB - İstanbul Maden İhracatçıları Birliği
ALKATEŞ GAYRIMENKUL TURIZM SANAYI VE TICARET LİMİTED ŞİRKETİ;KAYABASI MAH. AKZAMBAK SK.NO: 2 P BAŞAKŞEHİR İSTANBUL;(212) 7461670;;;İMİB - İstanbul Maden İhracatçıları Birliği
ALKOY MUTFAK EŞYALARI SAN.VE DIŞ TİC.LTD.ŞTİ.;HACİMAŞLI MH HACİMAŞLI CD NO:73 ARNAVUTKÖY İSTANBUL;(212) 6830351;www.alkoy.com.tr;alkoy.com.tr;İMİB - İstanbul Maden İhracatçıları Birliği
ALLEGRO CEPHE MÜHENDİSLİK LİMİTED ŞİRKETİ;YILDIRIM MAH.ALİ FUAT BAŞGİL CD SERDAR APT BLOK NO : 116/2 BAYRAMPAŞA İSTANBUL;(212) 4240245;;;İMİB - İstanbul Maden İhracatçıları Birliği
ALLEXPRESS LOJİSTİK İÇ VE DIŞ TİCARET LİMİTED ŞİRKETİ;KEMALPAŞA MAH.GÜLLÜ SOK.NO.8/A KÜÇÜKÇEKMECE İSTANBUL;(212) 5407900;;;İMİB - İstanbul Maden İhracatçıları Birliği
ALLIED MINERAL PRODUCTS TURKEY REFRAKTER SANAYİ VE TICARET LİMİTED ŞİRKETİ;SARAY MAH.DR.ADNAN BUYUKDENIZ CAD.2 BLOK NO:4 IC KAPI NO:21 ÜMRANİYE İSTANBUL;(216) 2503232;;;İMİB - İstanbul Maden İhracatçıları Birliği
ALLWIN TRADE DIŞ TİCARET LTD.ŞTİ.;YAKUPLU MAH. SAFİR SOK. 24/314 BEYLİKDÜZÜ İSTANBUL;(212) 4228840;;;İMİB - İstanbul Maden İhracatçıları Birliği
ALMAYA İTHALAT İHRACAT VE TİCARET LİMİTED ŞİRKETİ;BALAT MAHALLESİ İSMAİLAĞA 3.ÇIKMAZI SOKAK NO:3/2 FATİH İSTANBUL;(212) 5469929;;;İMİB - İstanbul Maden İhracatçıları Birliği
ALMİNSAN ALÜMİNYUM SANAYİ VE DIŞ TİCARET LİMİTED ŞİRKETİ;TOPÇULAR MAH SEMT RAMİ KIŞLA CAD GÜNDOĞAR İŞ MRK. 68/171 EYÜP İSTANBUL;(212) 5017412;;;İMİB - İstanbul Maden İhracatçıları Birliği
ALMUTAJADED MEDİKAL VE TIBBİ CİHAZLAR İÇ DIŞ TİCARET LİMİTED ŞİRKETİ;ATAKOY 7-8-9-10 KISIM MAH. COBANCESME E-5 YANYOL CD ATAKOY TOWERS ABLOK NO:20/1/70 BAKIRKÖY İSTANBUL;(212) 2112233;;;İMİB - İstanbul Maden İhracatçıları Birliği
ALNOM METAL İNŞ. SAN. VE TİC. LTD. ŞTİ.;CEVİZLİ MAH. ZUHAL CAD.RİTİM İSTANBUL B BLOK NO : 44 / 148 MALTEPE / İSTANBUL MALTEPE İSTANBUL;;https://www.alnom.com.tr/;alnom.com.tr;İMİB - İstanbul Maden İhracatçıları Birliği
ALNUOR GROUP DANIŞMANLIK TURİZM SANAYİ VE TİCARET LİMİTED ŞİRKETİ;HASEKİ SULTAN MAH TURGUT ÖZAL MİLLET CAD İNAN İŞHANI N:11/603 FATİH İSTANBUL;(212) 5861987;;;İMİB - İstanbul Maden İhracatçıları Birliği
ALP ERDEM ELEKTRİK İNŞAAT TİCARET ANONİM ŞİRKETİ;ATATÜRK MAHALLESİ ERTUĞRUL GAZİ SOKAK İSTANBUL METROPOL SİTESİ A BLOK KAT L:1 D:8, ATAŞEHİR İSTANBUL;(216) 5748486;;;İMİB - İstanbul Maden İhracatçıları Birliği
ALPA ENERJİ ELEKTRİK İNŞAAT SANAYİ VE TİCARET LİMİTED ŞİRKETİ;FERHATPAŞA MAHÇ MESCİT SK. RIZA CİVAŞ PASAJI NO:7 SİLİVRİ İSTANBUL;(212) 3958008;;;İMİB - İstanbul Maden İhracatçıları Birliği
ALPAY MERMER SANAYİ VE TİCARET ANONİM ŞİRKETİ;SÖĞÜTÖZÜ MAH.SÖĞÜTÖZÜ CAD.KOÇ KULELERİNO:2A BLOK K:3 İÇ KAPI NO:6 ÇANKAYA ANKARA;(312) 2255220;;;İMİB - İstanbul Maden İhracatçıları Birliği
ALPAZ DEMİR ÇELİK OKSİT İNŞAAT SAN.TİC.LTD.ŞTİ.;ALİKAHYA OSB MAH. 101. SK. NO:19/1 İZMİT KOCAELİ;(262) 5030144;https://www.alpazdemircelik.com/;alpazdemircelik.com;İMİB - İstanbul Maden İhracatçıları Birliği
ALPERAKS ALÜMİNYUM PVC VE AKSESUARLARI İNŞAAT SAM.TİC. LTD.ŞTİ.;ALUMINYUMCULAR SANAYİ SİTESİ 2046 SOK. NO:1/FOVACIK KEÇİÖREN ANKARA;(312) 0000000;www.alperaks.com;alperaks.com;İMİB - İstanbul Maden İhracatçıları Birliği
ALPESEN İNŞAAT TAAHHÜT EMLAK OTOMOTİV İTHALAT İHRACAT SANAYİ VE LİMİTED ŞİRKETİ;İSTİKLAL MAHALLESİ MURATLI CADDESİ NO 279 SÜLEYMANPAŞA TEKİRDAĞ;(282) 0000000;;;İMİB - İstanbul Maden İhracatçıları Birliği
ALPEXI PAZARLAMA VE DANIŞMANLIK HİZMETLERİ SANAYİ TİCARET LİMİTED ŞİRKETİ;ÜNALAN MH LİBADİYE CD EMAR RESIDANCE BLOK NO 82E/2 ÜMRANİYE İSTANBUL;(216) 0000000;;;İMİB - İstanbul Maden İhracatçıları Birliği
ALPTEK TEKNOLOJİK SİSTEMLER VE MÜHENDİSLİK A.Ş.;HARBİYE MH.BOSTAN SK.NO:15/5 ŞİŞLİ İSTANBUL;(216) 5401772;;;İMİB - İstanbul Maden İhracatçıları Birliği
ALPTEKİN MAKİNA ISI SANAYİ VE TİCARET A.Ş.;2. ORG SAN BÖL. 5.CADDE NO:14 YEŞİLYURT MALATYA;(422) 3363445;www.alptekingroup.com;alptekingroup.com;İMİB - İstanbul Maden İhracatçıları Birliği
ALRRAKİ MARBLE SAN. VE DIŞ TİCARET LTD. ŞTİ.;BAŞAK MAH. M.CELALEDDİNİ RUMİ CAD. 4.ETAP 1.KISIM SİT. 14 C/18 BAŞAKŞEHİR İSTANBUL;;;;İMİB - İstanbul Maden İhracatçıları Birliği
ALS LABORATUVAR CIHAZLARI PAZ. SAN.VE TIC.LTD.STI.;IBRAHIMAĞA M.ÇIÇEKÇI S.ÇIÇEKAP.BBLOK NO:3/16 KADIKÖY İSTANBUL;02165458364;www.als.com.tr;als.com.tr;İMİB - İstanbul Maden İhracatçıları Birliği
ALSA KIMYASAL MADDELER SAN. VE TIC.LTD.STI.;A.NAFIZ GURMAN M. GUNDOGDU SOK.27 D.6 GUNGOREN M. GÜNGÖREN İSTANBUL;02125046363;www.alsakimya.com;alsakimya.com;İMİB - İstanbul Maden İhracatçıları Birliği
ALSA SOĞUTMA SANAYİ VE TİCARET LİMİTED ŞİRKETİ;MALTEPE MAHALLESİ FATİH ŞEHİTLERİ SOKAK NO:4/1 ZEYTİNBURNU İSTANBUL;(212) 6747486;www.alsasogutma.com;alsasogutma.com;İMİB - İstanbul Maden İhracatçıları Birliği
ALSE KİMYA MİNERAL SANAYİ VE TİCARET LİMİTED ŞİRKETİ;75.YIL MAHALLESİ EMKO SANAYİ SİTESİ C5 BLOK NO:2 ODUNPAZARI ESKİŞEHİR;(222) 2281214;www.alsekimyamineral.com;alsekimyamineral.com;İMİB - İstanbul Maden İhracatçıları Birliği
ALSEM MERMERCİLİK MADEN İNŞAAT TURİZM SANAYİ VE TİCARET LİMİTED ŞİRKETİ;AĞILGAN KÜME EVLERİ KANLI KÖPRÜ KARŞISINO: 32 HUZURKENT AKDENİZ MERSIN;(324) 6464476;www.alsemmermer.com;alsemmermer.com;İMİB - İstanbul Maden İhracatçıları Birliği
ALTABBA İÇ VE DIŞ TİCARET LİMİTED ŞİRKETİ;ADALET MAHALLESİ MANAS BULVARI FOLKART TOWERS APT. NO:47 B/2601 BAYRAKLI İZMİR;(232) 8540425;www.altabba.com.tr;altabba.com.tr;İMİB - İstanbul Maden İhracatçıları Birliği
ALTEK INTERNATIONAL KİMYA DIŞ TİCARET LİMİTED ŞİRKETİ;KÜÇÜKBAKKALKÖY MAH.DEFNE SK.NO:1 İÇ KAPI NO:166 ATAŞEHİR İSTANBUL;(216) 6033535;;;İMİB - İstanbul Maden İhracatçıları Birliği
ALTINAYLAR YAPI MİKRONİZE DEKORASYON SANAYİ VE TİCARET LİMİTED ŞİRKETİ;ESKİŞEHİR ORG. SAN. BÖL. 20. CAD. NO.33 ODUNPAZARI ESKİŞEHİR;(222) 2217150;www.altinaylar.com;altinaylar.com;İMİB - İstanbul Maden İhracatçıları Birliği
ALTINBAŞAK KİMYA SANAYİ TİCARET ANONİM ŞİRKETİ;FATİH MH. MAREŞAL FEVZİ ÇAKMAK CAD. 39/ 13 1MENEMEN / İZMİR MENEMEN İZMİR;(232) 8311515;;;İMİB - İstanbul Maden İhracatçıları Birliği
ALTINDAĞ GROUP DIŞ TİCARET LİMİTED ŞİRKETİ;DERVİŞ ALİ MAH.FEVZİPAŞA CAD. IST.LISAN AKEDEMISI BL.NO:156 FATİH İSTANBUL;(212) 7145587;;;İMİB - İstanbul Maden İhracatçıları Birliği
ALTINEL ALUMINYUM VE PVC SANAYİ TİCARET ANONİM ŞİRKETİ;B.O.S.B MERMERCİLER SAN. SİT. 7.CAD.N:12 BEYLİKDÜZÜ İSTANBUL;(212) 8752442;www.altinelpvc.com;altinelpvc.com;İMİB - İstanbul Maden İhracatçıları Birliği
ALTINSOY MADENCİLİK VE TİCARET ANONİM ŞİRKETİ;BÜYÜKBALIKLI MAH. BÜYÜKBALIKLI CAD.NO:191/1 NİLÜFER BURSA;(224) 6718019;www.altinsoy.com.tr;altinsoy.com.tr;İMİB - İstanbul Maden İhracatçıları Birliği
ALTINTAŞ DOĞAL TAŞ MADENCİLİK SAN.VE TİC.LTD.ŞTİ.;İSTASYON MAH. ANKARA CAD. NO 133/1 KARTEPE KOCAELİ;(262) 4523920;;;İMİB - İstanbul Maden İhracatçıları Birliği
ALTUN BAŞAK LOJİSTİK HİZMETLERİ VE GÜMRÜK MÜŞ. SAN. TİC. A. Ş.;OSMAN YILMAZ MAH. İSTANBUL CAD. NO: 32/E GEBZE GEBZE KOCAELİ;(262) 6420832;www.altunbasak.com;altunbasak.com;İMİB - İstanbul Maden İhracatçıları Birliği
ALTÜRK PROJE MIMARLIK SAN. VE TİC. LTD.;FENERBAHÇE MAH. ITRIDEDE SK. NO: 1 IÇ KAPI NO: 6 KADIKÖY İSTANBUL;(216) 0000000;;;İMİB - İstanbul Maden İhracatçıları Birliği
ALUGLAS DIŞ TİCARET ANONİM ŞİRKETİ;NECİP FAZIL MH NECİP FAZIL BULVARI SULTAN İS MERKEZİ NO:5/46 ÜMRANİYE İSTANBUL;(216) 4666069;www.alugas.com.tr;alugas.com.tr;İMİB - İstanbul Maden İhracatçıları Birliği
ALUMTEK METAL SANAYİ İTH. İHR. TİC. LTD. ŞTİ.;FULYA MH. BÜYÜKDERE CD. NO:76/227 ŞİŞLİ İSTANBUL;(212) 6036933;;;İMİB - İstanbul Maden İhracatçıları Birliği
ALUSTEELİUM METAL SANAYİ VE DIŞ TİCARET LİMİTED ŞİRKETİ;FERİKÖY MAH. ÇOBANOĞLU SK. ÖZALP APT NO:52/14 ŞİŞLİ İSTANBUL;(212) 0000000;;;İMİB - İstanbul Maden İhracatçıları Birliği
ALÜ-SİS ALÜMİNYUM CEPHE SİSTEMLERİ PLASTİK İNŞ.VE İNŞ.MALZ.SAN VE TİC LTD ŞTİ;SAMANLI MAH KOCAALİ CAD NO:102/1 YILDIRIM BURSA;(224) 3607638;www.alusis.com.tr;alusis.com.tr;İMİB - İstanbul Maden İhracatçıları Birliği
ALWAZIR KİMYA İNŞAAT İHRACAT İTHALAT SANAYİ VE TİCARET LİMİTED ŞİRKETİ;YENİBOSNA MERKEZ MAH. 29 EKİM CAD. B1 NO:5 İÇ KAPI NO: 204 BAHÇELİEVLER İSTANBUL;;;;İMİB - İstanbul Maden İhracatçıları Birliği
ALYA DÖKÜM SANAYİ VE ENDÜSTRİYEL MİNERALLER ANONİM ŞİRKETİ;AKOVA MAH. 5037 SK. NO: 11 HENDEK SAKARYA;(264) 2747790;http://www.alyaindustry.com;alyaindustry.com;İMİB - İstanbul Maden İhracatçıları Birliği
ALZE KİMYA SANAYİ VE DIŞ TİCARET LİMİTED ŞİRKETİ;HÜRRİYET MAHALLESİ CENGİZ TOPEL CADDESİ NO:85 GAZİOSMANPAŞA İSTANBUL;;https://alzekimya.com;alzekimya.com;İMİB - İstanbul Maden İhracatçıları Birliği
AMACTRE MOBİLYA SANAYİ VE TİCARET LİMİTED ŞİRKETİ;KATİP KASIM MH. GAZİ MUSTAFA PAŞA CD. NO:6/23 TİMTAŞ İŞ HANI AKSARAY FATİH İSTANBUL;(212) 5300276;;;İMİB - İstanbul Maden İhracatçıları Birliği
AMADOU KEİTA - DİDE DIŞ TİCARET;MERKEZEFENDİ MAH.MEVLANA CAD.NO:106 / 37 MERKEZEFENDİ ZEYTİNBURNU İSTANBUL;(212) 5186083;;;İMİB - İstanbul Maden İhracatçıları Birliği
AMCOL MİNERAL MADEN.SAN.VE TİC A.Ş.;ATATÜRK MAH. ATAŞEHİR BULV. GARDENYA 3 PLAZA NO.20 K.13 ATAŞEHİR İSTANBUL;(216) 4149616;www.amcol.com;amcol.com;İMİB - İstanbul Maden İhracatçıları Birliği
AMİRAL İŞ GÜVENLİĞİ HIRD.İNŞ.SAN.TİC.LTD.ŞTİ.;ISTOC 18.ADA NO.110 BAĞCILAR İSTANBUL;;www.amiralinsaat.com.tr.;amiralinsaat.com.tr.;İMİB - İstanbul Maden İhracatçıları Birliği
AMİT KİMYA LİMİTED ŞİRKETİ;KOZYATAĞI MAHALLESİ GÜLBAHAR SOKAK PS PLAZA NO:17 İÇ KAPI NO:18 KADIKÖY / İSTANBUL KADIKÖY İSTANBUL;;;;İMİB - İstanbul Maden İhracatçıları Birliği
AMPER ELEKTRİK İNŞAAT VE SANAYİ ANONİM ŞİRKETİ;HALİL RIFAT PAŞA MH YÜZER HAVUZ SK PERPE TİC MERK A BLOK KAT:2/38 ŞİŞLİ İSTANBUL;(212) 2211831;www.amper.com.tr;amper.com.tr;İMİB - İstanbul Maden İhracatçıları Birliği
AMURA DIŞ TİCARET İTHALAT İHRACAT SANAYİ LİMİTED ŞİRKETİ;BALGAT MAH. CEYHUN ATUF KANSU CADÇ NO:36 İÇ KAPI NO:6 ÇANKAYA ANKARA;(312) 0000000;;;İMİB - İstanbul Maden İhracatçıları Birliği
ANADOLU DÖKÜM SANAYİ ANONİM ŞİRKETİ;YENİ YALI MH HÜRRİYET BULVARI NO:47 KÖRFEZ KOCAELİ;(262) 5271351;www.anadoludokum.com.tr;anadoludokum.com.tr;İMİB - İstanbul Maden İhracatçıları Birliği
ANADOLU GAZ LİMİTED ŞİRKETİ;MALTEPE MAH.SİTE 1 SOK.ÇALIK SANAYİ SİT.N:23/A-B ZEYTİNBURNU İSTANBUL;(212) 6126084;http://www.fodinoxmutfak.com;fodinoxmutfak.com;İMİB - İstanbul Maden İhracatçıları Birliği
ANAGOLD MADENCİLİK SANAYİ VE TİCARET ANONİM ŞİRKETİ;AŞAĞI ÖVEÇLER 8. CAD. 1332 SOK. NO:8/8 DİKMEN/ORAN ÇANKAYA ANKARA;(312) 4728051;;;İMİB - İstanbul Maden İhracatçıları Birliği
ANALİTİK KİMYA TİCARET ANONİM ŞİRKETİ;İSTOÇ 21. ADA NO:39-41-43-45 MAHMUTBEY BAĞCILAR İSTANBUL;(212) 6599870;www.analitikkimya.com.tr;analitikkimya.com.tr;İMİB - İstanbul Maden İhracatçıları Birliği
ANASYA DIŞ TİCARET LİMİTED ŞİRKETİ;MALTEPE MAH. ESKİ ÇIRPICI YOLU SK. MERIDYEN IŞ MERNO: 1 İÇ KAPI NO: Z23 ZEYTİNBURNU İSTANBUL;;http://www.anasya.co;anasya.co;İMİB - İstanbul Maden İhracatçıları Birliği
ANATOLİA TANI VE BİYOTEKNOLOJİ ÜRÜNLERİ AR-GE SAN.VE TİC.A.Ş.;HASANPAŞA MAH. BEYDAĞI SOK. NO:1-9H SULTANBEYLİ İSTANBUL;(216) 3300455;www.anatoliageneworks.com;anatoliageneworks.com;İMİB - İstanbul Maden İhracatçıları Birliği
ANATRİCA ULUSLARARASI MADEN VE KİMYA YATIRIMLARI A.Ş.;TOZKOPARAN MAH. G. ALİRIZA GÜRCAN CAD. METROPOL CENTER NO:31-25 MERTER GÜNGÖREN İSTANBUL;;;;İMİB - İstanbul Maden İhracatçıları Birliği
ANC METAL SAN VE TİC A.Ş;ALİ NİHAT TARLAN CAD. SÜLEYMAN BAŞKAN İŞ MERKEZİ,NO:84 KAT:8 ATAŞEHİR İSTANBUL;(216) 0000000;ancmetal.com.tr;ancmetal.com.tr;İMİB - İstanbul Maden İhracatçıları Birliği
AND ENDÜSTRİYEL HAMMADDELER DIŞ TİC.LTD.ŞTİ.;ORUÇREİS MAH.TEKSİTLKENT CAD.TEKSTİLKENT SİTESİ KOZA PLAZA A BLOK NO:12 D.NO:332 34220 ESENLER İSTANBUL;(212) 5831131;www.anadolumikronize.com;anadolumikronize.com;İMİB - İstanbul Maden İhracatçıları Birliği
ANDRITZ FABRICS AND ROLLS TECHNOLOGIES MAKİNA HİZMETLERİ SANAYİ LİMİTED ŞİRKETİ;ULAŞ OSB MAHALLESİ D 100 CADDESİ NO:77/12 ERGENE2 OSB MERKEZ TEKİRDAĞ;(282) 6557200;;;İMİB - İstanbul Maden İhracatçıları Birliği
ANDROMEDA KİMYA PLASTİK SANAYİ VE TİCARET LİMİTED ŞİRKETİ;MEHMET AKİF MAH. HAZAR SK. NO: 1 İÇ KAPI NO:4 KÜÇÜKÇEKMECE İSTANBUL;(212) 0000000;http://www.andromedachem.com;andromedachem.com;İMİB - İstanbul Maden İhracatçıları Birliği
ANGELO MERMER MADENCİLİK SANAYİ ANONİM ŞİRKETİ;BAHÇEŞEHİR 2. KISIM MAH.1. CAD.DOĞA İLKTAŞ.V.4.P. GİRİŞ NO: 25 İÇ KAPI NO 2 BAŞAKŞEHİR İSTANBUL;(212) 7001525;;;İMİB - İstanbul Maden İhracatçıları Birliği
ANKA RAF EKİPMANLARI TASARIM SAN. VE TİC. A.Ş.;EYÜP SULTAN MAH. SAMANDIRA CAD. NO:47 SANCAKTEPE İSTANBUL;(216) 5105015;;;İMİB - İstanbul Maden İhracatçıları Birliği
ANKARA BAYKOÇ OTOMOTİV İNŞAAT KİMYA BOYA PAZARLAMA SANAYİ VE TİCARET LTD ŞTİ;BAHÇEKAPI MAHALLESİ 2507 CADDE NO 22 A PK:06370 ETİMESGUT ANKARA;(312) 2785516;www.ankarabaykoc.com;ankarabaykoc.com;İMİB - İstanbul Maden İhracatçıları Birliği
ANKARA HIRDAVAT İŞ GÜVENLİĞİ VE ENDÜSTRİYEL ÜRÜNLER SANAYİ TİCARET LİMİTED ŞİRKETİ;İÇMELER MAH. AKMERCAN SK. NO: 4B İÇ KAPI 2 TUZLA İSTANBUL;(216) 0000000;;;İMİB - İstanbul Maden İhracatçıları Birliği
ANKAS MİMARİ TASARIM DANIŞMANLIK İÇ VE DIŞ TİC. LTD. ŞTİ.;ESENEVLER MAH. AÇANGÜL SK. ÇAVUŞOĞLU APT. NO:2-6 İÇ KAPI NO: 21 ÜMRANİYE/İSTANBUL ÜMRANİYE İSTANBUL;(216) 0000000;;;İMİB - İstanbul Maden İhracatçıları Birliği
ANL AGROTEK DIS TICARET LIMITED SIRKETI;YAKUPLU MAH. HÜRRIYET BLV. SKYPORT SKYPORT RESİDEN NO: 1 IÇ KAPI NO: 64 BEYLİKDÜZÜ İSTANBUL;(212) 9827151;http://www.anlagrotek.com.tr;anlagrotek.com.tr;İMİB - İstanbul Maden İhracatçıları Birliği
ANSE MERMER ANONİM ŞİRKETİ;YEŞİLKÖY MAH. ATATÜRK CAD. DTM SİT. A-1 BLOK NO:10/1/366 BAKIRKÖY İSTANBUL;(212) 2631710;;;İMİB - İstanbul Maden İhracatçıları Birliği
ANSER MİMARLIK VE DIŞ TİCARET LİMİTED ŞİRKETİ;ESENTEPE MAH. KESKİN KALEM SK. ARYA PLAZA NO:17 İÖ KPAI NO:2 ŞİŞLİ İSTANBUL ŞİŞLİ İSTANBUL;(212) 0000000;;;İMİB - İstanbul Maden İhracatçıları Birliği
ANT İNŞAAT MALZEMELERİ SANAYİ VWE TİCARET LTD.ŞTİ.;ORUÇ REİS MAH. TEKSTİLKENT CAD. B-3 BLOK 8210 AK BLOK 303 ESENLER İSTANBUL;(212) 8525203;;;İMİB - İstanbul Maden İhracatçıları Birliği
ANTAS MERMER DIŞ TİCARET LİMİTED ŞİRKETİ;ODUNLUK MH. AKADEMİ CD. ZENO BUSENİS CENTER SİT. D BLOK APT. NO:2D/10 NİLÜFER BURSA;(224) 4436550;;;İMİB - İstanbul Maden İhracatçıları Birliği
ANTAŞ ENERJİ GAYRİMENKUL OTOMOTİV SANAYİ VE TİCARET A.Ş.;KOCAELİ GEBZE KÖMÜRCÜLER OSB MAH.FUAT ERGENÇ CAD. NO:6/A DİLOVASI KOCAELİ;(262) 7541015;www.antasenerji.com.tr;antasenerji.com.tr;İMİB - İstanbul Maden İhracatçıları Birliği
ANTİKAS YAPI DEKORASYON SAN.TİC.LTD.ŞTİ.;ŞÜKRÜPAŞA MAH. BAHRİYE ÜÇOK CAD. 61/16 MERKEZ EDİRNE;;;;İMİB - İstanbul Maden İhracatçıları Birliği
ANTREPPO KİMYEVİ MADDELER İTHALAT İHRACAT PAZARLAMA VE TİCARET ANONİM ŞİRKETİ;BARBAROS MAH. SARKAÇ SOKAK AĞAOĞLUMY PRESTİGE NO:1 2/5 ATAŞEHİR İSTANBUL;(216) 4421144;www.antrepo.com.tr;antrepo.com.tr;İMİB - İstanbul Maden İhracatçıları Birliği
ANY İNTERNATİONAL DIŞ TİC.LTD.ŞTİ;ORUÇREİS MAH VADİ CD GİYİMKENT Ö403 ESENLER İSTANBUL;;;;İMİB - İstanbul Maden İhracatçıları Birliği
APARK TEKNOLOJİ SAN.VE TİCARET LİMİTED ŞİRKETİ;YEŞİLKÖY MAH.ATATÜRK CAD.EGS BUSİNESS B2 BLOK NO:12/134 BAKIRKÖY İSTANBUL;(212) 2581133;http://www.kulekci.com.tr;kulekci.com.tr;İMİB - İstanbul Maden İhracatçıları Birliği
APEX ULUSLARARASI TİC.LTD.ŞTİ.;MAHMUTBEY MAH. 31. YOL SOK. NO:20/1 BAĞCILAR İSTANBUL;(212) 6596700;;;İMİB - İstanbul Maden İhracatçıları Birliği
APLUS YAPI ÜRÜNLERİ SAN. TİC. LTD. ŞTİ.;SAHRAYI CEDİT MAH. ŞEMSETTİN GÜNALTAY CAD. NO.216A KADIKÖY İSTANBUL;(216) 3742469;;;İMİB - İstanbul Maden İhracatçıları Birliği
APOKS KİMYA A.Ş.;YENİ MAH.BALTACI MEHMET PAŞA SOK.1A D:36YENİ MAH. KARTAL İSTANBUL;(216) 5773670;;;İMİB - İstanbul Maden İhracatçıları Birliği
AQUA MADENCİLİK İNŞAAT SANAYİ VE TİCARET LİMİTED ŞİRKETİ;SANCAK MAHALLESİ KAHİRE CADDESİ NO:8 İÇ KAPI NO:8 ÇANKAYA ANKARA;(312) 0000000;;;İMİB - İstanbul Maden İhracatçıları Birliği
AQUARİUS BOYA SANAYİ VE TİCARET LİMİTED ŞİRKETİ;ÇAĞLAYAN MAH.AYAZMA CAD.SAVAŞ BOYA NO:2 KAĞITHANE İSTANBUL;(212) 3213400;;;İMİB - İstanbul Maden İhracatçıları Birliği
ARAF ZÜCCACİYE PLASTİK SAN.TİC.LTD.ŞTİ.;KAYABAŞI MAH. ULUBATLI HASAN CAD. A3 BLOK NO:2/A15 BAŞAKŞEHİR İSTANBUL;(212) 8431265;;;İMİB - İstanbul Maden İhracatçıları Birliği
ARAR ALÜMİNYUM METAL İNŞAAT SAN. VE TİC. LTD. ŞTİ.;GÜMÜŞPALA MAH. E-5 YAN YOL ÜZERİ NO:154/A AVCILAR İSTANBUL;(212) 5913665;;;İMİB - İstanbul Maden İhracatçıları Birliği
ARAS DOĞAL TAŞ MADENCİLİK VE DIŞ TİCARET LİMİTED ŞİRKETİ;NECİP FAZIL MAHALLESİ HAMZA YERLİKAYA BULVARI NO:70/B İÇ KAPI NO:60 34760 ÜMRANİYE, İSTANBUL ÜMRANİYE İSTANBUL;(216) 0000000;;;İMİB - İstanbul Maden İhracatçıları Birliği
ARAS GLOBAL TİCARET VE LOJİSTİK TURİZM LİMİTED ŞİRKETİ;OSMAN YILMAZ MAHALLESİ 648 SOKAK NO:61/A GEBZE KOCAELİ;(216) 5406400;www.arasglobal.com.tr;arasglobal.com.tr;İMİB - İstanbul Maden İhracatçıları Birliği
ARAS METAL DIŞ TİC.LTD.ŞTİ.;BAHÇELİEVLER MH YANYOL D100 SK NO:14/5/504 METROPORT BUSİDENCE İS MERKEZİ BAHÇELİEVLER İSTANBUL;(212) 4423062;;;İMİB - İstanbul Maden İhracatçıları Birliği
ARBA INTERNATIONAL DIŞ TİCARET LTD.ŞTİ.;CUMHURİYET MAH. D-100 KARAYOLU CAD. ADM KONAKLAMA SİTESİOUTLET PARK AVM BLOK NO: 374 İÇ KAPI NO: 63 BÜYÜKÇEKMECE İSTANBUL;(212) 8540341;www.arbakimya.com;arbakimya.com;İMİB - İstanbul Maden İhracatçıları Birliği
ARBA KIMYA SANAYİ TİCARET ANONİM ŞİRKETİ;TABAKHANELER 6 NO'LU SOK. NO:41/1 DEMİRCİLER 14900 GEREDE BOLU;(216) 3948502;www.arbakimya.com.tr;arbakimya.com.tr;İMİB - İstanbul Maden İhracatçıları Birliği
ARC YANGIN MÜHENDİSLİK VE DANIŞMANLIK HİZMETLERİ SANAYİ VE TİCARET LİMİTED ŞİRKETİ;YENİKARAMAN MAH. SANAYİ CAD. NO: 150A OSMANGAZİ BURSA;(224) 0000000;;;İMİB - İstanbul Maden İhracatçıları Birliği
ARCADIA YAPI GRUBU SAN.TIC.LTD STI.;ÇAVUŞOĞLU MAH. ŞEHİT İBRAHİM KORAY SOK. NO:1 KARTAL İSTANBUL;(216) 4730373;;;İMİB - İstanbul Maden İhracatçıları Birliği
ARCHICLAD ALÜMİNYUM TİCARET VE SANAYİ LİMİTED ŞİRKETİ;BEYLİKDÜZÜ OSB MH MERMERCİLER SAN SİT 4 CD NO:7 BEYLİKDÜZÜ İSTANBUL;(212) 8751908;www.archiclad.com;archiclad.com;İMİB - İstanbul Maden İhracatçıları Birliği
ARCMARİN KİMYA VE DENİZCİLİK HIRDAVAT SAN. DIŞ TİC. LTD. ŞTİ.;KAYNARCA MAH.AYDINLI YOLU CAD.KAFKAS SOK.N:19/1 PENDİK İSTANBUL;;;;İMİB - İstanbul Maden İhracatçıları Birliği
ARCOGLOBAL ÜRETİM ANONİM ŞİRKETİ;İOSB MH HÜRRİYET BULVARI NO:54 BAŞAKŞEHİR İSTANBUL;(212) 4850860;www.arcoglobal.com;arcoglobal.com;İMİB - İstanbul Maden İhracatçıları Birliği
ARÇELİK ANONİM ŞİRKETİ;SÜTLÜCE KARAAGAÇ CAD. NO 2/6 BEYOĞLU İSTANBUL;(212) 3143803;www.arcelik.com.tr;arcelik.com.tr;İMİB - İstanbul Maden İhracatçıları Birliği
ARDA MUTFAK EKİPMANLARI İMALAT SANAYİ VE TİCARET LİMİTED ŞİRKETİ;BAHRİYE CD NO:65/1 BEYOĞLU İSTANBUL;(212) 2539829;www.ardamutfak.com;ardamutfak.com;İMİB - İstanbul Maden İhracatçıları Birliği
ARE VETERİNER İLAÇ VE YEM KATKI MADDELERİ SANAYİ TİCARET LİMİTED ŞİRKETİ;PAŞAKENT MAHALLESİ 1050 SK. KÜLTÜR SİTESİ NO:1/B 3 BANDIRMA BALIKESİR;(266) 7147100;;;İMİB - İstanbul Maden İhracatçıları Birliği
AREAS TRADE İÇ VE DIŞ TİCARET ANONİM ŞİRKETİ;HALİL RIFAT PAŞA MAH. YÜZER HAVUZ SOKAK PERPA TİCARET MERKEZİ A BLOK NO:1/A/1435 ŞİŞLİ İSTANBUL;(212) 2201811;;;İMİB - İstanbul Maden İhracatçıları Birliği
ARENKO İNŞAAT MALZEMELERİ VE İTHALAT İHRACAT LİMİTED ŞİRKETİ;MERKEZEFENDİ MAH.MEVLANA CAD. 128 B2 BLOK D:5 ZEYTİNBURNU İSTANBUL;(212) 5828430;http://www.finishpart.com;finishpart.com;İMİB - İstanbul Maden İhracatçıları Birliği
AREV MADENCİLİK ENERJİ SANAYİ TİCARET ANONİM ŞİRKETİ;PROF. DR. AHMET TANER KIŞLALI MAH. 2879 SK. YEŞİLKENT SİTESİ NO: 15 ÇANKAYA ANKARA;(312) 0000000;;;İMİB - İstanbul Maden İhracatçıları Birliği
AREX GROUP DIŞ TİCARET LİMİTED ŞİRKETİ;KOŞUYOLU MAH. DR. EYÜP AKSOY CAD. NO:45-47/4 KADIKÖY İSTANBUL;;;;İMİB - İstanbul Maden İhracatçıları Birliği
AREZ MÜHENDİSLİK İNŞAAT TAAHHÜT SAN.VE TİC.LTD.ŞTİ.;KORDONBOYU MAH.HÜRRİYET CAD.NO:20/18 KARTAL İSTANBUL;;;;İMİB - İstanbul Maden İhracatçıları Birliği
ARFEN İNŞAAT VE YAPI TEKNOLOJİLERİ SANAYİ TİCARET ANONİM ŞİRKETİ;ÖMERLİ MH GÜLCE SK NO:8/1 HADIMKÖY(BOYALIK) ARNAVUTKÖY İSTANBUL;(212) 4851615;www.arfen.com;arfen.com;İMİB - İstanbul Maden İhracatçıları Birliği
ARHA YAPI İNŞAAT TURİZM OTOMOTİV SAN LTD ŞTİ;KÜÇÜKBAKKALKÖY MAH.DEFNE SK. FLORA RESIDENCE NO:1/365 ATAŞEHİR/İSTANBUL ATAŞEHİR İSTANBUL;(216) 5720814;;;İMİB - İstanbul Maden İhracatçıları Birliği
ARIKAN BİJUTERİ AKSESUAR TEKSTİL ÜRÜNLERİ SANAYİ VE TİCARET LİMİTED ŞİRKETİ;TAHTAKALE MAH. TAHTAKALE CAD. NO:7 FATİH İSTANBUL;(212) 5110746;;;İMİB - İstanbul Maden İhracatçıları Birliği
ARINHAN MADENCILIK INSAAT SANAYİ VE TİCARET ANONİM ŞİRKETİ;CEDIT MAH.BOSTANLAR MAH.SK/1 41100 İZMİT KOCAELİ;(262) 3320652;;;İMİB - İstanbul Maden İhracatçıları Birliği
ARISAN KİMYA SANAYİ VE TİCARET A.Ş.;YUKARI DUDULLU MAH. BARBAROS BULV. ŞERİFALİ ÇİFTLİĞİ MEVKİİ EDEP SOK. NO:15/3 ÜMRANİYE İSTANBUL;(216) 5264600;www.arisankimya.com;arisankimya.com;İMİB - İstanbul Maden İhracatçıları Birliği
ARITIM MÜHENDİSLİK İNŞAAT SANAYİ VE TİCARET LİMİTED ŞİRKETİ;ERGENEKON CAD. PINAR APT. NO:31/7 BOZKURT 34375 ŞİŞLİ İSTANBUL;(212) 2580353;www.aritim.com;aritim.com;İMİB - İstanbul Maden İhracatçıları Birliği
ARİS MADENCİLİK A.Ş.;ÇİFTLLİKKÖY MAHALEESİ 32182. SK. EKİNCİ BOYUT 34 SİT. 2/18 YENİŞEHİR MERSIN;(324) 5033852;www.arismadencilik.com.tr;arismadencilik.com.tr;İMİB - İstanbul Maden İhracatçıları Birliği
ARK KIRTASIYE ÜRÜNLERİ DIŞ TICARET LİMİTED ŞİRKETİ;RÜSTEMPAŞA MH. SABUNCUHANI SK N:53 EMİNÖNÜ/CAĞALOĞLU FATİH İSTANBUL;(216) 3781415;www.arkakar.com;arkakar.com;İMİB - İstanbul Maden İhracatçıları Birliği
ARK SHIP SUPPLY GEMİ TEDARİK HİZMETLERİ LİMİTED ŞİRKETİ;YAYLA MAH GÜRSEL SOKAK NO 24/A TUZLA İSTANBUL;(216) 3955981;www.arkshipsupply.com;arkshipsupply.com;İMİB - İstanbul Maden İhracatçıları Birliği
ARKADİA MERMER SANAYİ VE DIŞ TİCARET LİMİTED ŞİRKETİ;AFYONKARAHİSAR OSB MAH. 2. CAD. 22 MERKEZ AFYON;(272) 2210730;;;İMİB - İstanbul Maden İhracatçıları Birliği
ARKİM LABORATUVAR MALZEMELERİ TİC.A.Ş.;OĞUZLAR MAH. 1379 SOK NO:13/4 BALGAT ÇANKAYA ANKARA;(312) 2864070;;;İMİB - İstanbul Maden İhracatçıları Birliği
ARMA İLAÇ SANAYİ VE TİCARET ANONİM ŞİRKETİ;MALIKÖY BAŞKENT OSB MAHALLESİ ATATÜRK BLV. NO: 69 SİNCAN ANKARA;(312) 6401150;;;İMİB - İstanbul Maden İhracatçıları Birliği
ARMATEKS KİM.DEĞERLER SAN.VE DIŞ TİC.LTD.ŞTİ;OSMANGAZİ MAH.GAZİ CAD.NO:11 ESENYURT İSTANBUL;(212) 6521166;;;İMİB - İstanbul Maden İhracatçıları Birliği
ARMES MADENCILIK VETIC.LTD.STI;RÜZGARLI CAD. NO.7/25 ULUS ULUS/İSMETPAŞA ALTINDAĞ ANKARA;(312) 2200081;www.armesmarble.com;armesmarble.com;İMİB - İstanbul Maden İhracatçıları Birliği
AROX DIŞ TİCARET İTHALAT İHRACAT LİMİTED ŞİRKETİ;197 SOK. NO:14/1 NARDÜZÜ/ ARSUZ HATAY;(326) 6147621;www.aroxoxide.com;aroxoxide.com;İMİB - İstanbul Maden İhracatçıları Birliği
ARPET MADENCİLİK PETROKİMYA SANAYİ VE DIŞ TİCARET LİMİTED ŞİRKETİ;TASOCAGI YOLU CAD. BALANCE GÜNESLI NO: 19 /6 IÇ KAPI NO: 60 BAĞCILAR İSTANBUL;(212) 8013465;http://www.arpettrade.com.tr;arpettrade.com.tr;İMİB - İstanbul Maden İhracatçıları Birliği
ARSAM METAL İÇ DIŞ TİCARET LİMİTED ŞİRKETİ;ZUHAL CADDESİ ZUHAL CADDESİ CEVİZLİ MAHALLESİ NO:61-67 DAİRE:2 348CEVİZLİ MAHALLESİ NO:61-67 DAİRE:2 MALTEPE İSTANBUL;;;;İMİB - İstanbul Maden İhracatçıları Birliği
ARSLAN KARDESLER MERMER SAN.VE TIC.LTD.STI.;TUGAY YOLU YAVUZ SELIM SOK.16 MALTEPE İSTANBUL;02165742442;;;İMİB - İstanbul Maden İhracatçıları Birliği
ART HORECA ENDÜSTRİYEL MUTFAK VE OTEL EKİPMANLARI TİCARET SANAYİ LİMİTED ŞİRKETİ;MAHMUTBEY MH İSTOÇ TİCARET MERKEZİ 2420 SK 3 ADA NO:107 BAĞCILAR İSTANBUL;;www.arthoreca.com.tr;arthoreca.com.tr;İMİB - İstanbul Maden İhracatçıları Birliği
ART MARBLE MERMER MADENCİLİK PAZARLAMA SAN. VE TİC. ANONİM ŞİRKETİ;AKBİLEK MAHALLESİ İKRAM SK. ZEYREKLİ APARTMANI SİTB BLOK APT. NO: 10/9 MERKEZ/AMASYA MERKEZ AMASYA;(358) 0000000;;;İMİB - İstanbul Maden İhracatçıları Birliği
ARTAN DIŞ TİCARET LİMİTED ŞİRKETİ;ESENYALI MAH.YANYOL CAD. VARYAP PLAZA NO:61/247 PENDİK İSTANBUL;(216) 7712080;;;İMİB - İstanbul Maden İhracatçıları Birliği
ARTEK KESİCİ TAKIMLAR SANAYİ VE DIŞ TİCARET LİMİTED ŞİRKETİ;İKİTELLİ OSB MH AYKOSAN ÇARŞI B BLOK VİP PLAZA NO:1/28 BAŞAKŞEHİR İSTANBUL;(212) 2550308;www.artekltd.com.tr;artekltd.com.tr;İMİB - İstanbul Maden İhracatçıları Birliği
ARTEMİS ARITIM PROJE İNŞ. ANALİZ DANIŞ. HİZM. SAN. VE TİC. LTD. ŞTİ.;İKİTELLİ OSB MAH.YTÜ İKİTELLİ TEKNOPARK APT.NO:1/2B4 BAŞAKŞEHİR İSTANBUL;(212) 6577777;;;İMİB - İstanbul Maden İhracatçıları Birliği
ARTI 90 DEMİR KURUMSAL HİZMETLER KOZMETİK TEKSTİL PAZ.İTH. İHR. İML. SAN. VE TİC. LTD. ŞTİ.;BATI SİTESİ MAH. 2306. SOK NO:41 BATIKENT YENİMAHALLE ANKARA;;;;İMİB - İstanbul Maden İhracatçıları Birliği
ARTI ZIMPARA KAYNAK HIRDIVAT SAN. VE TİC. LTD. ŞTİ;AYDINLI MAH. TEM YAN YOL CAD. MELODİ SOKBİLMO KÜÇÜK SANAYİ SİTESİ NO:2/3 TUZLA İSTANBUL;(216) 4880146;;;İMİB - İstanbul Maden İhracatçıları Birliği
ARTISTICA İTHALAT İHRACAT ANONİM ŞİRKETİ;ORUÇREİS MAHALLESİ GİYİMKENT 18.SOK. GİYİM KENT SİT. B193 APT. NO:18 A/1 ESENLER İSTANBUL;(212) 4380888;;;İMİB - İstanbul Maden İhracatçıları Birliği
ARTMAR ARTI MERMER MADENCİLİK VE MADEN ÜRÜNLERİ ARAŞ. SAN. VE TİC. A.Ş.;ORG. SANAYİ BÖLGESİ 12 CAD. NO.13 MERKEZ ESKİŞEHİR;(222) 2361075;www.artmar.com.tr;artmar.com.tr;İMİB - İstanbul Maden İhracatçıları Birliği
ARYA CEPHE SİSTEMLERİ SANAYİ VE TİCARET LİMİTED ŞİRKETİ;MAHMUTBEY MH TAŞOCAĞI YOLU CD GÜL PROJE EXPRES NO:33 B BLOK K:10/26 BAĞCILAR İSTANBUL;(212) 4741004;www.aryacephe.com;aryacephe.com;İMİB - İstanbul Maden İhracatçıları Birliği
ARYA GRUP END.MAK.İTH.VE İHR.LTD.ŞTİ.;ESENYALI MAH KUKA SOK. NO:1/3 ESENYALI PENDİK İSTANBUL;2164931605;;;İMİB - İstanbul Maden İhracatçıları Birliği
ARYAMAR MADENCİLİK VE MERMER PAZARLAMA SANAYİ VE TİCARET ANONİM ŞİRKETİ;MERKEZ MAH AYAZMA CAD.PAPİRUS PLAZA NO.37İÇ KAPI NO.10 KAĞITHANE İSTANBUL;(212) 3567057;;;İMİB - İstanbul Maden İhracatçıları Birliği
ARZUM ELEKTRİKLİ EV ALETLERİ SANAYİ VE TİCARET ANONİM ŞİRKETİ;DEFTERDAR MAH. OTAKÇILAR CAD.B BLOK KAT:1 NO:78 FLATOFİS BİNASI EYÜP İSTANBUL;(212) 4678080;www.arzum.com.tr;arzum.com.tr;İMİB - İstanbul Maden İhracatçıları Birliği
AS GLOBAL MİNERALS MADENCİLİK LİMİTED ŞİRKETİ;RASİMPAŞA MAHÇ RIHTIM CAD. NO 28/82 KADIKÖY İSTANBUL;(216) 5809092;;;İMİB - İstanbul Maden İhracatçıları Birliği
AS GÖZDE MERMER GIDA DAYANIKLI TÜKETİM MALLARI KUAFÖR HİZMETLERİ VE İNŞAAT SANAYİ TİCARET LTD. ŞTİ.;MERMERCILER SAN. SIT. 2. CAD. NO.20 BEYLİKDÜZÜ İSTANBUL;(212) 8750533;;;İMİB - İstanbul Maden İhracatçıları Birliği
AS GÜRELLER MERMER NAKLİYAT SAN.VE TİC.LTD.ŞTİ.;ANTALYA KARAYOLU ÜZERİ 6. KM ESKİKÖY MEVKİİ BUCAK BURDUR;(248) 3171200;www.asgureller.com;asgureller.com;İMİB - İstanbul Maden İhracatçıları Birliği
AS ONUR MERMER MADEN İNŞAAT TAAHHÜT NAKLİYAT SANAYİ TİCARET LTD.ŞTİ.;TOPRAKKÖPRÜ MEVKİİ İNEBOLU YOLU 4.KM MERKEZ KASTAMONU;(366) 2155612;;;İMİB - İstanbul Maden İhracatçıları Birliği
AS TEKNOLOJİK İNŞ. SAN. VE TİC. A.Ş.;MASLAK MH MASLAK MEYDAN SK BEYBİ GİZ PLAZA NO:1/9/31 SARIYER İSTANBUL;(212) 2150095;www.asteknolojik.com.tr;asteknolojik.com.tr;İMİB - İstanbul Maden İhracatçıları Birliği
AS TRADE GIDA DIŞ TİCARET LİMİTED ŞİRKETİ;TANTAVİ MAH ESTERGON CAD EXEN İSTANBUL F BLOK ÜMRANİYE İSTANBUL;(216) 4102747;;;İMİB - İstanbul Maden İhracatçıları Birliği
ASA GROUP DIŞ TİCARET LİMİTED ŞİRKETİ;YEŞİLKÖY MH ATATÜRK CD NO:12 EGS BUSİNESS PARK BLOKLARI KAT:10/340 YEŞİLKÖY BAKIRKÖY İSTANBUL;(212) 4650020;www.asagroup.com.tr;asagroup.com.tr;İMİB - İstanbul Maden İhracatçıları Birliği
ASA PAZARLAMA İÇ VE DIŞ TİCARET LİMİTED ŞİRKETİ;İKİTELLİ OSB MAH SARAÇLAR 3. SK SARAÇLAR SANAYİ 3.BLOK NO:37 / 1 BAHÇELİEVLER İSTANBUL;(212) 4857747;;;İMİB - İstanbul Maden İhracatçıları Birliği
ASAFAKIN MADENCİLİK SANAYİ VE TİCARET ANONİM ŞİRKETİ;ŞENLİKKÖY MAH.YEŞİLKÖY CAD OĞURCULAR İŞ MERKEZİNO:19/1 BAKIRKÖY İSTANBUL;;;;İMİB - İstanbul Maden İhracatçıları Birliği
ASAL BOYA KİMYA SANAYİ VE TİCARET LİMİTED ŞİRKETİ;KİMYA SANAYİCİLERİ O.S.B.MELEK ARAS BULV.N:18 TUZLA İSTANBUL;(212) 5932350;www.asalkimya.com.tr;asalkimya.com.tr;İMİB - İstanbul Maden İhracatçıları Birliği
ASAL MARBLE MADENCİLİK SANAYİ VE TİCARET LİMİTED ŞİRKETİ;MEHMET AKİF ERSOY MAH.274.SOK.WINGS ANKARA SİTESİ B BLOK NO:1BİÇ KAPI NO:101 YENİMAHALLE ANKARA;(312) 0000000;;;İMİB - İstanbul Maden İhracatçıları Birliği
ASBANT BANT VE POLİSAJ SANAYİ VE TİCARET ANONİM ŞİRKETİ;AKÇABURGAZ MAHALLESİ ALKOP CAD.1591 SOK. NO 2 ESENYURT İSTANBUL;(212) 4852491;www.asbant.com;asbant.com;İMİB - İstanbul Maden İhracatçıları Birliği
ASBAY GRUP MADENCİLİK LİMİTED ŞİRKETİ;ŞENLİKKÖY MAHALLESİ YEŞİLKÖY CAD. MORKENT İŞ MERKEZİ NO:27 İÇ KAPI NO:4 BAKIRKÖY / İSTANBUL BAKIRKÖY İSTANBUL;(212) 0000000;;;İMİB - İstanbul Maden İhracatçıları Birliği
ASCO MADENCİLİK MÜŞAVİRLİK İNŞAAT TAAHHÜT VE TİC. LTD. ŞTİ.;CİNNAH CAD. KIRKPINAR SOK. 25/1 ÇANKAYA ANKARA;(312) 4383520;;;İMİB - İstanbul Maden İhracatçıları Birliği
ASELALMADENA KARGO VE DIŞ TİCARET LİMİTED ŞİRKETİ;KEMALPAŞA MAH. VİDİNLİ TEVFİKPAŞA CAD. NO:17 D:201 FATİH FATİH İSTANBUL;(212) 0000000;;;İMİB - İstanbul Maden İhracatçıları Birliği
ASENT BOYA VE KİMYA SAN. VE TİC. LTD. ŞTİ.;TOPÇULAR MAH. EYÜP BULV. NO.67/A EYÜP İSTANBUL;(212) 4183424;;;İMİB - İstanbul Maden İhracatçıları Birliği
ASFARMA MEDİKAL DENTAL ÜRÜNLER VE İLAÇ SAN. TİC. A.Ş.;RESSAM HALİM SK NO:7 - 32 KAT : 3 KADİR HAS CENTER BAHÇELİEVLER BAHÇELİEVLER, İSTANBUL, TÜRKİYE BAHÇELİEVLER İSTANBUL;(212) 4414001;www.asfarma.com;asfarma.com;İMİB - İstanbul Maden İhracatçıları Birliği
ASFEM GERİ DÖNÜŞÜM SAN. İÇ VE DIŞ TİC. LTD. ŞTİ.;NURİOSMANİYE CAD. TEZKERECİ SOK. NO.1 İSTANBUL;(212) 5132621;;;İMİB - İstanbul Maden İhracatçıları Birliği
ASIL KIMYA VE BOYA SANAYII TICARET A.S.;LIBADIYE CAD. CAMLIBEL SOK.NO.18/2 ÜSKÜDAR İSTANBUL;02163275015;www.asilkimya.com;asilkimya.com;İMİB - İstanbul Maden İhracatçıları Birliği
ASIR GROUP İHRACAT A.Ş;ORGANİZE SANAYİ MAH.10.CAD 34 PORTALL PLAZA NO.7 E/7 İKİTELLİ BAŞAKŞEHİR İSTANBUL;(212) 4387550;http://www.asirgroup.com;asirgroup.com;İMİB - İstanbul Maden İhracatçıları Birliği
ASİA GRUP ENERJİ MADENCİLİK SANAYİ VE TİCARET LİMİTED ŞİRKETİ;MUSTAFA KEMAL MAHALLESİ 2118 CADDE NO:4C/140 ÇANKAYA ANKARA;;;;İMİB - İstanbul Maden İhracatçıları Birliği
ASİDENT DENTAL MEDİKAL İNŞAAT TAAHHÜT PAZARLAMA SANAYİ VE TİCARET LİMİTED ŞİRKETİ;KÜLTÜR MAH.KIZILIRMAK CAD.LİDERLER İŞ MER.NO:63:57 ÇANKAYA ANKARA;(312) 3942963;;;İMİB - İstanbul Maden İhracatçıları Birliği
ASİL GRUP ULUSLARARASI TİCARET LİMİTED ŞİRKETİ;İNÖNÜ MAH.KARTAL CAD.SULTAN APT.K:2 N:38 İÇ KAPI NO:5 ATAŞEHİR İSTANBUL;(216) 4696990;;;İMİB - İstanbul Maden İhracatçıları Birliği
ASİL KROM EVYE SANAYİ VE TİCARET ANONİM ŞİRKETİ;OSMANGAZİ MAH BÜYÜKAYAZMA CD NO:97-99-101 ESENYURT İSTANBUL;(212) 6898618;www.asilkrom.com;asilkrom.com;İMİB - İstanbul Maden İhracatçıları Birliği
ASİL MUTFAK MALZEMELERİ SANAYİ VE DIŞ TİCARET LİMİTED ŞİRKETİ;İKİTELLİ OSB MAHALLESİ 6.CAD. BEYAZ TOWER APT.NO:1/79 BAŞAKŞEHİR İSTANBUL;;;;İMİB - İstanbul Maden İhracatçıları Birliği
ASİS OTOMASYON VE AKARYAKIT SİSTEMLERİ A.Ş.;AKİF İNAN SK. NO:14 TATLISU 34760 ÜMRANİYE İSTANBUL;(216) 5406464;www.asis.com.tr;asis.com.tr;İMİB - İstanbul Maden İhracatçıları Birliği
ASİT MAKİNA SAN. VE TİC. LTD. ŞTİ.;İKİTELLİ ORGANİZE SAN. BÖLG.MAH. ÇEVRE 4 BLOK. ÇEVRE SAN. SİT. NO:32 BAŞAKŞEHİR İSTANBUL;(212) 4862297;;;İMİB - İstanbul Maden İhracatçıları Birliği
ASKANLAR YAPI SAN.VE TİC.LTD.ŞTİ.;ÇAMLIK MH İKBAL CD DİNÇ SK MUYAR PLAZA NO:4 D:20 ÜMRANİYE İSTANBUL;(216) 3375051;;;İMİB - İstanbul Maden İhracatçıları Birliği
ASLAN BAKIR SAN.VE TİC.A.Ş.;RAUF ORBAY CD. 2-5-6 KISIM MH. YALI KÖY SİTESİ C BLOK NO:4/15 BAKIRKÖY İSTANBUL;4445152;;;İMİB - İstanbul Maden İhracatçıları Birliği
ASMAŞ AĞIR SANAYİ MALZEMELERİ İMALALAT VE TİCARET ANONM ŞİRKETİ;ATATÜRK MAH.ATAŞEHİR BULVARI. GARDENYAPLAZA 3 KAT:13 NO:20 ATAŞEHİR İSTANBUL;02164559250;www.asmas.com.tr;asmas.com.tr;İMİB - İstanbul Maden İhracatçıları Birliği
ASOS PROSES MAKİNA SANAYİ VE TİCARET ANONİM ŞİRKETİ;VELİMEŞE MAH AKBAYIR KÜME EVLERN:18 ÇORLU TEKİRDAĞ;(282) 6745440;www.asosotomasyon.com.tr;asosotomasyon.com.tr;İMİB - İstanbul Maden İhracatçıları Birliği
ASPEN YAPI VE ZEMİN SİSTEMLERİ SAN. VE TİC. AŞ;HAMİDİYE MH. CENDERE CAD. PORTA VADİ T2 BLOK NO:103/1 D:14 KAĞITHANE İSTANBUL;(212) 3188888;www.aspen.com.tr;aspen.com.tr;İMİB - İstanbul Maden İhracatçıları Birliği
ASSADA İTHALAT İHRACAT SANAYİ ANONİM ŞİRKETİ;EMNİYET EVLERİ MAH.ESKİ BÜYÜKDERE CAD.SAPPHIRE NO:1/4 İÇ KAPI NO:73 KAĞITHANE İSTANBUL;(212) 8434000;;;İMİB - İstanbul Maden İhracatçıları Birliği
ASSAF TRADING MERMER İNŞ.SAN.VE TİC.LTD.ŞTİ;CUMHURİYET MAH. NO:374/65 BÜYÜKÇEKMECE İSTANBUL;(242) 2594135;;;İMİB - İstanbul Maden İhracatçıları Birliği
ASSAN PANEL SANAYİ VE TİCARET ANONİM ŞİRKETİ;YAYLA MAH. D-100 KARAYOLU ÜZERİ RÜYA SOK. NO:2 ASSAN TESISLERI TUZLA İSTANBUL;(216) 5811702;www.assanpanel.com.tr;assanpanel.com.tr;İMİB - İstanbul Maden İhracatçıları Birliği
ASSOS DIS TICARET PAZARLAMA ANTIK MERMER SAN .VE TIC.LTD.STI.;ORGANIZE SAN. BÖL. 16. CAD. NO. 187/5 BALIKESİR BALIKESİR;(266) 2811400;www.assosmarble.com;assosmarble.com;İMİB - İstanbul Maden İhracatçıları Birliği
AS-SR KUY.TEK.TUR.İNGID.VE İH.MAD.SAN.İÇ VE DIŞ TİC.LTD.ŞTİ.;HASANPAŞA MAH. ULUSULUK SOK. NO:2/4 KADIKÖY İSTANBUL;(216) 3260332;;;İMİB - İstanbul Maden İhracatçıları Birliği
ASTAŞ ENDÜSTRİ TEKSTİL MAKİNLARI SAN. TİC. AŞ;KOCMAN CAD.NO.57 GÜNEŞLİ BAĞCILAR İSTANBUL;02126308900;www.astasjuki.net;astasjuki.net;İMİB - İstanbul Maden İhracatçıları Birliği
ASTEKNİK MÜH. YAPI VE YALITIM MALZ.AL PLS SAN TİC A.Ş.;ESENKENT MH.BUYRUK SK.NO:15A-1 ÜMRANİYE İSTANBUL;(216) 4667263;www.asteknik.com;asteknik.com;İMİB - İstanbul Maden İhracatçıları Birliği
ASTOR ALÜMİNYUM İMALAT SANAYİ VE TİCARET LİMİTED ŞİRKETİ;BARBAROS MAH.MOR SÜMBÜL SK. TEKNİK YAPI DELUXIA PALACE A BLOK NO:5 A /305 ATAŞEHİR İSTANBUL;(216) 5104525;www.teknokalip.com;teknokalip.com;İMİB - İstanbul Maden İhracatçıları Birliği
ASUCAM YAPI MALZEMELERİ SANAYİ TİCARET LİMİTED ŞİRKETİ;IHLAMURKUYU MAH. ÇANAKKALE CAD. NO:27A ÜMRANİYE İSTANBUL;(216) 5575728;;;İMİB - İstanbul Maden İhracatçıları Birliği
ASWAQ İÇ VE DIŞ TİCARET LİMİTED ŞİRKETİ;KEMALPAŞA MAH. ŞİRVANİZADE SK. FİLİZ APT. NO: 12A FATİH İSTANBUL;;;;İMİB - İstanbul Maden İhracatçıları Birliği
ASWİN CAM BALKON SANAYİ VE TİCARET ANONİM ŞİRKETİ;DAVUTDEDE MAHALLESİ ANKARAYOLU CADDESİ NO:102/A16350 PK:16350 YILDIRIM BURSA;(224) 3645454;;;İMİB - İstanbul Maden İhracatçıları Birliği
ASYA EBS DIŞ TİC.İTD.ŞTİ.;İNCİLLİ MAH.KÜLTÜR CAD.NO:37 KARASU SAKARYA;;;;İMİB - İstanbul Maden İhracatçıları Birliği
ASYA LABORATUVAR MALZEMELERİ LİMİTED ŞİRKETİ;YENİŞEHİR MAH. OSMANLI BLV. NO 5 B İÇ KAPI NO: 48 PENDİK İSTANBUL;(850) 2234800;;;İMİB - İstanbul Maden İhracatçıları Birliği
ASYA METAL GERİ DÖNÜŞÜM SAN.TİC.LTD.ŞTİ.;ESENKENT MAH. BAYSAL SOKAK NO:12/1 ÜMRANİYE İSTANBUL;(216) 0000000;;;İMİB - İstanbul Maden İhracatçıları Birliği
ASYALI PLASTİK HAVUZ MALZ. İML. İNŞ. TAAH. İTH. İHR. PAZ. SAN. TİC. LTD. ŞTİ.;İ.O.S.B. İPKAS SANAYİ SİTESİ 13A BLOK NO:33-35 İKİTELLİ BAŞAKŞEHİR İSTANBUL;(212) 4856516;www.asyaliplastik.com;asyaliplastik.com;İMİB - İstanbul Maden İhracatçıları Birliği
ASYAMAK FIRIN TEKNOLOJİLERİ SANAYİ TİCARET LİMİTED ŞİRKETİ;FEVZİÇAKMAK MAH. AHMET PETEKÇİ CAD.7. BLOK NO :10 KARATAY KONYA;(332) 3519442;;;İMİB - İstanbul Maden İhracatçıları Birliği
AŞANLAR SERAMİK,MADENCİLİK,TURİZM SANAYİ VE TİCARET ANONİM ŞİRKETİ;ESKİŞEHİR KARAYOLU 8.KM.KIRGILLI KÖY YOL NO:YOK MERKEZ KÜTAHYA;02742250254;;;İMİB - İstanbul Maden İhracatçıları Birliği
ATA ENDÜSTRİYEL ÜRÜNLER TİC.VE SAN.LTD.ŞTİ.;İKİTELLİ OSB TÜMSAN SANAYİ SİTESİ 1.KISIM 7.BLOK NO:15 İKİTELLİ BAŞAKŞEHİR İSTANBUL;(212) 6794456;www.ataendustriyel.com.tr;ataendustriyel.com.tr;İMİB - İstanbul Maden İhracatçıları Birliği
ATA KARBON MADEN LOJİSTİK SAN. VE TİC.A.Ş.;GEVHER NESİİBE MAH.GÜR SOK.NO:10/67 KOCASİNAN KAYSERİ;(352) 2224210;;;İMİB - İstanbul Maden İhracatçıları Birliği
ATA TEKNİK ENDÜSTRİYEL TEKNOLOJİLER SAN. VE TİC. LTD. ŞTİ.;KAVAKLI MH. KÖPRÜLÜ MEHMET PAŞA SK. NO:24 İÇ KAPI NO:2 BEYLİKDÜZÜ İSTANBUL;;www.atateknik.com.tr;atateknik.com.tr;İMİB - İstanbul Maden İhracatçıları Birliği
ATALAY MADENİ EŞYA SANAYİ VE TİCARET A.Ş.;BÜYÜKKARIŞTIRAN BELDESİ YENİ MAH. 9. SK. NO: 2/1 İÇ KAPI NO: 1 LÜLEBURGAZ KIRKLARELİ;(282) 6745272;www.atalay.com.tr;atalay.com.tr;İMİB - İstanbul Maden İhracatçıları Birliği
ATAMAN KİMYA A.Ş.;İÇERENKÖY MAH DESTAN SOK. NO:6/11 ATAŞEHİR İSTANBUL;(216) 5771010;www.acar-kimya.com;acar-kimya.com;İMİB - İstanbul Maden İhracatçıları Birliği
ATAMAN STONES MADENCİLİK DIŞ TİCARET LİMİTED ŞİRKETİ;DELİKKAYA MAH. EVRİM SK. B1 SOYAK KONFORA NO:1 B/39 ARNAVUTKÖY ARNAVUTKÖY İSTANBUL;(212) 0000000;;;İMİB - İstanbul Maden İhracatçıları Birliği
ATAMAR İNŞAAT DEKORASYON MOBİLYA MERMER TAAHHÜT SANAYİ VE TİCARET LİMİTED ŞİRKETİ;ÖNDER MH. DİZBOYU CAD. NO:17 / 3 ALTINDAĞ ANKARA;;;;İMİB - İstanbul Maden İhracatçıları Birliği
ATATAŞ MADENCİLİK SANAYİ TİCARET LİMİTED ŞİRKETİ;ÇUBUKLU MAH. MENSUP SK. N:1/4 YAVUZ MUTLU PLAZAKAVACIK BEYKOZ İSTANBUL;;;;İMİB - İstanbul Maden İhracatçıları Birliği
ATAYMER MADENCİLİK SANAYİ VE TİCARET LİMİTED ŞİRKETİ;VALİ KAZIM DİRİK CAD. NO.32 KAT.4 D.401 KONAK İZMİR;;www.ataymer.com;ataymer.com;İMİB - İstanbul Maden İhracatçıları Birliği
ATEN ASINDIRICI TASLAR END.VE TIC.A.S.;ÇAKMAKLI MAH. 2. CAD.117. SOK. NO.7 BÜYÜKÇEKMECE İSTANBUL;(212) 8865026;www.aten.com.tr;aten.com.tr;İMİB - İstanbul Maden İhracatçıları Birliği
ATERZİOĞLU İNŞAAT LİMİTED ŞİRKETİ;İSTİKLAL MAH. MUHSİN YAZICIOĞLU BULV.NO:15/101 SERDİVAN SAKARYA;(264) 0000000;;;İMİB - İstanbul Maden İhracatçıları Birliği
ATILIM ALÜMİNYUM SANAYİ VE TİCARET LİMİTED ŞİRKETİ;ÇIRPICI MAH.SEYİDNİZAM CAD.NO:62/A ÇIRPICI ZEYTİNBURNU İSTANBUL;(212) 6791774;www.atilimaluminyum.com.tr;atilimaluminyum.com.tr;İMİB - İstanbul Maden İhracatçıları Birliği
ATILIM SAĞLIK ANONİM ŞİRKETİ;MERKEZ MAH. DEĞİRMENBAHÇE CAD.KAVAK SOK. NO:9 YENİBOSNA BAHÇELİEVLER İSTANBUL;(212) 6677787;www.atilimsaglik.net;atilimsaglik.net;İMİB - İstanbul Maden İhracatçıları Birliği
ATILIMSAN GRUP PLASTİK İNŞAAT POLYESTER SAN. VE TİC. A.Ş.;ORHANLI MAH. İRFAN CAD.NO:5 TUZLA İSTANBUL;(216) 3943511;;;İMİB - İstanbul Maden İhracatçıları Birliği
ATISKAN YAPI VE ENDUSTRIYEL ALCI URUNL.SAN.VE TIC.A.S.;HİSAR MAH BURSA KARAYOLU 21 KM NO.396M. ÇUKURHİSAR ÇUKURHİSAR TEPEBAŞI ESKİŞEHİR;(222) 4112089;www.atiskanalci.com;atiskanalci.com;İMİB - İstanbul Maden İhracatçıları Birliği
ATİMER DOĞALTAŞ SANAYİ VE TİCARET LTD.ŞTİ.;ÜÇEVLER MAH. ASLANTAS SOK. NO : 8 KAT : 2 OFİS :8 NİLÜFER BURSA;(224) 4138743;;;İMİB - İstanbul Maden İhracatçıları Birliği
ATLANTIC GROUP TEKSTİL ELEKTRONİK ANONİM ŞİRKETİ;HOBYAR MAH. CEMAL NADİR SK NO: 4 İÇ KAPI NO: 202 FATİH İSTANBUL;;;;İMİB - İstanbul Maden İhracatçıları Birliği
ATLAS COAT KİMYA SAN.TİC.A.Ş;İSTASYON MAH.NURSEL SK.YEŞİLÇAM APT.NO: 1/2 TUZLA İSTANBUL;(216) 0000000;www.atlascoats.com;atlascoats.com;İMİB - İstanbul Maden İhracatçıları Birliği
ATLAS ENERJİ ÜRETİM AŞ;ESKİ BÜYÜKDERE CAD. NO: 1 İÇ KAPI NO: 2 MASLAK 34485 SARIYER, İSTANBUL, TÜRKİYE SARIYER İSTANBUL;(212) 2536630;;;İMİB - İstanbul Maden İhracatçıları Birliği
ATLAS MAGNETICS ELEKTRONIK SAN. TIC. LTD.;CİFTLİKKOY MAH. MERSİN UNİVERSİTESİ KAMPUSU 35A TEKNOPARK BİNASİ OFİS Z52 33150 YENİSEHİR MERSIN YENİŞEHİR MERSIN;(324) 2389978;http://www.atlasmagnetics.com;atlasmagnetics.com;İMİB - İstanbul Maden İhracatçıları Birliği
ATLAS SHIP SUPPLY GEMİ TEDARİK HİZMETLERİ TİCARET ANONİM ŞİRKETİ;15 TEMMUZ MAHALLESİ KOÇMAN CADDESİ NO : 48 BAĞCILAR İSTANBUL;(212) 6139110;www.atlasshipsupply.com;atlasshipsupply.com;İMİB - İstanbul Maden İhracatçıları Birliği
ATLAS TEKNİK DIŞ TİC. GIDA SAN. TİC. LTD. ŞTİ.;MAHMUTBEY MAH.42 YOK SOK.N:16 BAĞCILAR İSTANBUL;(212) 5861986;;;İMİB - İstanbul Maden İhracatçıları Birliği
ATLASMER DIŞ TİCARET ANONİM ŞİRKETİ;19 MAYIS MAH. TURAPOĞLU SOK. SITKI BEY PLAZA NO :2/1/35 KADIKÖY İSTANBUL;(216) 4119223;atlas-marble.com;atlas-marble.com;İMİB - İstanbul Maden İhracatçıları Birliği
ATLASSAN CAM VE PVC YAPI MALZEMELERİ SANAYİ VE TİCARET LİMİTED SİRKETİ;MEHTERÇEŞME MAH. 1881 SK. NO:16/12ESENYURT / İSTANBUL ESENYURT İSTANBUL;;;;İMİB - İstanbul Maden İhracatçıları Birliği
ATMAN PLASTIK DOGRAMA INS.GIDA TUR.SAN. VE TIC.LTD.STI.;AKINCILAR MAH. INONU CAD.N.111 GÜNGÖREN İSTANBUL;02129999999;;;İMİB - İstanbul Maden İhracatçıları Birliği
ATMAR MERMER GRANİT İÇ VE DIŞ TİCARET VE SANAYİ LİMİTED ŞİRKETİ;LİMONLUK MAH. 24104 SOK. MODAPARK BUTİK APT. NO:9/4 YENİŞEHİR MERSIN;(324) 3366561;www.atmarmermer.com;atmarmermer.com;İMİB - İstanbul Maden İhracatçıları Birliği
ATOL HAVUZ ELEKTRIK INS TES. TAAH.SAN.VE TIC.LTD.STI.;PERPA TIC.MERK. B BLK K.11 NO:1830 ŞİŞLİ İSTANBUL;(212) 2109151;www.atohavuz.com.tr;atohavuz.com.tr;İMİB - İstanbul Maden İhracatçıları Birliği
ATOS MADENCİLİK ANONİM ŞİRKETİ;ÇANKAYA MAH. CINNAH CAD. SÖHRET APT. BLOK NO: 51 IÇ KAPI NO: 2 ÇANKAYA ANKARA;(312) 0000000;;;İMİB - İstanbul Maden İhracatçıları Birliği
ATÖLYE AKC PROJE METAL İNŞAAT SANAYİ E TİCARET LİMİTED ŞİRKETİ;HÜRRİYET MAH. EĞİTİM SOK. NO: 8 İÇ KAPI NO: 1 KAĞITHANE İSTANBUL;(212) 2522250;www.akcproje.com.tr;akcproje.com.tr;İMİB - İstanbul Maden İhracatçıları Birliği
ATÖLYETRİO MOBİLYA METAL DEMİR ÇELİK İTHALAT İHRACAT SANAYİ VE TİCARET LTD.ŞTİ.;K.BALIKLI MAH. 578.SK N:20/1 OSMANGAZİ BURSA;(224) 4536070;www.gulecpaslanmaz.com;gulecpaslanmaz.com;İMİB - İstanbul Maden İhracatçıları Birliği
ATSG İNŞAAT ANONİM ŞİRKETİ;BEBEK MAH.MANOLYA SK.NO:30 İÇ KAPI NO:1 BEŞİKTAŞ İSTANBUL;(212) 0000000;;;İMİB - İstanbul Maden İhracatçıları Birliği
AUGUST WHITE MADENCİLİK SANAYİ TİCARET LTD.ŞTİ;YUNUSLAR MEVKİİ ŞEHİT HASAN TAHSİN BÜYÜK ÇOBAN SOK. NO:32/1 GÜLÜMBE KÖYÜ MERKEZ BİLECİK MERKEZ BİLECİK;(228) 0000000;;;İMİB - İstanbul Maden İhracatçıları Birliği
AUTOFOR OTOMOTİV SAN.VE DIŞ.TİC. A.Ş.;MERVE MAH. NECİP FAZIL CAD. NO:10B/1 SANCAKTEPE İSTANBUL;(216) 5610303;www.autofor.com.tr;autofor.com.tr;İMİB - İstanbul Maden İhracatçıları Birliği
AVAANI DESIGN İNŞAAT VE MOBİLYA İTHALAT İHRACAT SANAYİ VE TİCARET LTD ŞTİ;TAHTAKALE MAHALLESİ VASIF ÇINAR CADDESİ NO.17/141 FATİH İSTANBUL;(212) 5272307;;;İMİB - İstanbul Maden İhracatçıları Birliği
AVAND ENDÜSTRİYEL ÜRÜNLER SAN. VE TİC. LTD.ŞTİ.;MİMAR SİNAN MAH. ÜSKÜDAR CAD. YEDPA TİCARET MERKEZİ C CAD. NO:1C/39 ATAŞEHİR İSTANBUL;(216) 6614151;;;İMİB - İstanbul Maden İhracatçıları Birliği
AVANGARDE ÇELİK YAPI İHRACAT VE MAKİNA ENDÜSTRİ SAN. TİC. A.Ş.;ÇEVRE SAN. SİT. 10.BLOK NO:17 İKİTELLİ OSB 34490 BAŞAKŞEHİR İSTANBUL;(212) 4240101;www.theavangarde.com;theavangarde.com;İMİB - İstanbul Maden İhracatçıları Birliği
AVEK TEKNİK DIŞ TİCARET LİMİTED ŞİRKETİ;ESENTEPE MAH. BÜYÜKDERE CAD. LEVENT 199 IÇ KAPI NO:6 ŞİŞLİ İSTANBUL;(212) 5032561;;;İMİB - İstanbul Maden İhracatçıları Birliği
AVEKS İÇ VE DIŞ TİC. A.Ş.;IMES SANAYI SITESI 306.SK CBLOK N:4 ÜMRANİYE İSTANBUL;02165400060;www.aveks.com;aveks.com;İMİB - İstanbul Maden İhracatçıları Birliği
AVENCO ROBOTİK VE OTOMASYON SANAYİ VE TİCARET LİMİTED ŞİRKETİ;İKİTELLİ OSB SS ESKOOP SANAYİ SİTESİ C2 BLOK N:78-80 BAŞAKŞEHİR İSTANBUL;(212) 2850032;;;İMİB - İstanbul Maden İhracatçıları Birliği
AVESTA DIŞ TİCARET LİMİTED ŞİRKETİ;KÜÇÜKBAKKALKÖY MAHALLESİ DUDULLU CADDESİ NO:23-25D ATAŞEHİR İSTANBUL;(212) 2227046;;;İMİB - İstanbul Maden İhracatçıları Birliği
AVG MÜHENDİSLİK VE MİMARLIK ANONİM ŞİRKETİ;ORUÇ REİS MAH. TEKSTİLKENT CAD. TEKSTİLKENT SİTESİ GD 2 BLOK NO: 10AF İÇ KAPI NO: Z07 ESENLER İSTANBUL;(212) 5029971;;;İMİB - İstanbul Maden İhracatçıları Birliği
AVİCEN KİMYA SANAYİ DIŞ TİCARET ANONİM ŞİRKETİ;MUSTAFA KEMAL MAHALLESİ 2155. CADDE NO:4/K NEP OFF ÇANKAYA ANKARA;(312) 0000000;https://www.avicenkimya.com/;avicenkimya.com;İMİB - İstanbul Maden İhracatçıları Birliği
AVİENT TURKEY MÜHENDİSLİK POLİMER SAN. VE TİC. AŞ;ORHANGAZİ MAHALLESİ 1683 SOKAK NO:6 İÇ KAPI NO:1 ESENYURT İSTANBUL;(212) 5492256;www.teknopolimer.com;teknopolimer.com;İMİB - İstanbul Maden İhracatçıları Birliği
AVRASYA KIRTASİYE VE OYUNCAK SANAYİ TİCARET ANONİM ŞİRKETİ;İMRAHOR MUAH. ABDULLAH GÜL CAD. NO:137/1 ARNAVUTKÖY/İSTANBUL ARNAVUTKÖY İSTANBUL;(212) 6597441;;;İMİB - İstanbul Maden İhracatçıları Birliği
AVRUPA MÜMES. VE DIŞ TIC.A.Ş.;GAYRETTEPE MAH. VEFABEY SOK. YESIL APT. B.BLOK K:26-12 ŞİŞLİ İSTANBUL;02122880540;www.avrupagroup.com;avrupagroup.com;İMİB - İstanbul Maden İhracatçıları Birliği
AVS KÜRESEL GEMİ TEDARİĞİ VE YÖNETİMİ AŞ;SOĞANLIK YENİ MH PAMUKKALE SK NO:2 KARTAL İSTANBUL;(216) 5910849;www.avsglobalsupply.com;avsglobalsupply.com;İMİB - İstanbul Maden İhracatçıları Birliği
AVSHAR STONES DOĞALTAŞ MADENCİLİK İTHALAT VE İHRACAT SANAYİ TİCARET LİMİTED ŞİRKETİ;CUM.MAH.PROF.DR.NABİ AVCI CAD.NO:42/A SİVRİHİSAR ESKİŞEHİR;;;;İMİB - İstanbul Maden İhracatçıları Birliği
AXALTA BOYA SİSTEMLERİ SAN.VE TİC.LTD.ŞTİ;CUMHURİYET MAH. KADİFE SOK.NO:9 ŞEKERPINAR ÇAYIROVA KOCAELİ;(262) 6740000;www.axaltacs.com;axaltacs.com;İMİB - İstanbul Maden İhracatçıları Birliği
AXOR CERAMICS YAPI ÜRÜNLERİ İTHALAT İHRACAT SANAYİ VE TİCARET LİMİTED ŞİRKETİ;CEVİZLİ MAH.BAĞDAT CAD. NO:538 AMALTEPE/İSTANBUL PK:34862 KARTAL/İSTANBUL KARTAL İSTANBUL;(216) 3697994;;;İMİB - İstanbul Maden İhracatçıları Birliği
AY GRUP İNŞAAT ANONİM ŞİRKETİ;SARAY CUMHURİYET MAH BELEDİYE CAD NO 4 İÇ KAPI NO PURSAKLAR ANKARA;(312) 9990023;;;İMİB - İstanbul Maden İhracatçıları Birliği
AY HAVUZ MAKİNA TESİSAT SANAYİ VE TİCARET ANONİM ŞİRKETİ;INÖNÜ CD. TURAKOGLU SK. SÜMKOSITESI A-4 BLOK NO:1/3 KADIKÖY İSTANBUL;02164632678;www.ayhavuz.com.tr;ayhavuz.com.tr;İMİB - İstanbul Maden İhracatçıları Birliği
AYA MADENCİLİK SAN. VE TİC. A.Ş.;ESKİŞEHİR İST. KARAYOLU YOLU 2. ORG.SANAYI BÖLGESİ NO.46/1 MERKEZ BİLECİK;(228) 2160044;www.ayastone.com;ayastone.com;İMİB - İstanbul Maden İhracatçıları Birliği
AYB KALIP VE PLAS.SAN.TİC.LTD.ŞTİ;İKİTELLİ OSB.MH.TORMAK Y BLOK. SOK.TORMAK SAN.TORMAK Y BLOK.14/14 BAŞAKŞEHİR İSTANBUL;(212) 4851092;;;İMİB - İstanbul Maden İhracatçıları Birliği
AYBROS METAL SANAYİ VE TİCARET ANONİM ŞİRKETİ;TOYBELEN MAH. ANADOLU BULV. NO:217 İLKADIM SAMSUN;(362) 5027855;http://www.aybros.com;aybros.com;İMİB - İstanbul Maden İhracatçıları Birliği
AY-BUR MERMERCİLİK İNŞ.TAAH.SAN.VE TİC.LTD.ŞTİ.;ANKARA YOLU 12.KM.BURÇAK SOK.NO:2 KESTEL KESTEL BURSA;(224) 3728340;;;İMİB - İstanbul Maden İhracatçıları Birliği
AYCAN MERMER MOBİLYA İNŞAAT TAAHHÜT ENERJİ TARIM VE HAYVANCILIK GIDA SAN. VE TİC. LTD. ŞTİ.;ORGANİZE SANAYİ BÖL. 12. CAD. NO:10 MELİKGAZİ KAYSERİ;(352) 3212472;www.aycanmermer.com.tr;aycanmermer.com.tr;İMİB - İstanbul Maden İhracatçıları Birliği
AYCHEM KİMYEVİ MADDELERİ DERİ VE DERİ ÜRÜN.NAKL.GIDA TEKS.İMALAT SAN.VE TİC.LTD.ŞTİ;DEMİRCİLER MAH.İSMAİL GUR CAD.NO:1/B GEREDE BOLU;(374) 3118823;;;İMİB - İstanbul Maden İhracatçıları Birliği
AYDEMİR BRONZ RAF VE ASKILIK SİSTEMLERİ TİCARET VE SANAYİ LİMİTED ŞİRKETİ;MURATPAŞA MAH.ULUYOL CAD. NO:11/21 BAYRAMPAŞA BAYRAMPAŞA İSTANBUL;(212) 6748595;www.aydema.com.tr;aydema.com.tr;İMİB - İstanbul Maden İhracatçıları Birliği
AYDIN DEVLETLİ;KAMILOBA KOYU MILLET CAD.BIRLIK SOK. NO.7 SİLİVRİ İSTANBUL;02128857051;;;İMİB - İstanbul Maden İhracatçıları Birliği
AYDIN DİNÇER;RAMAZANOĞLU MAH. ÇUKUROVA CAD.BAYATİ SOK. NO: 4 PENDİK İSTANBUL;(216) 5950678;www.dincermermer.com;dincermermer.com;İMİB - İstanbul Maden İhracatçıları Birliği
AYDIN YILMAZ;KARAGÜMRÜK MAHALLSİ KEÇECİ MEYDANI SOKAK NO:18/12 FATİH İSTANBUL;(212) 5471111;www.hasmakina.com;hasmakina.com;İMİB - İstanbul Maden İhracatçıları Birliği
AYDINLAR HIRDAVAT SAN.VE TİC. A.Ş;KANTARCILAR C. N:29 FATİH İSTANBUL;(212) 5226070;www.meloni.com.tr;meloni.com.tr;İMİB - İstanbul Maden İhracatçıları Birliği
AYDINÖZ YAPI İNŞAAT TİCARET ANONİM ŞİRKETİ;İVEDİK OSB MH. MELİH GÖKÇEK BLV. NO:63/1 YENİMAHALLE ANKARA;(312) 2360166;;;İMİB - İstanbul Maden İhracatçıları Birliği
AYDOGAN MERMER SAN.VE TIC. LTD.STI.;SARAYLAR MAH. MARMARA ADASI MARMARA BALIKESİR;(266) 8877487;;;İMİB - İstanbul Maden İhracatçıları Birliği
AYEM MADENCİLİK VE MERMER PAZ. SAN. VE TİC. LTD. ŞTİ.;YILDIZPOSTA CAD. VEFABEY SOK. YEŞİL APT.K:13 D:26 GAYRETTEPE BEŞİKTAŞ İSTANBUL;(212) 3567060;;;İMİB - İstanbul Maden İhracatçıları Birliği
AYFİRA İNŞAAT DIŞ TİCARET ANONİM ŞİRKETİ;KÜÇÜKBAKKALKÖY MAHALLESİ YENİDOĞAN CADDESİ HAZAR SOKAKNUMARA:4 KÜÇÜKBAKKALKÖY ATAŞEHİR İSTANBUL;(216) 5755656;www.ayfira.com.tr;ayfira.com.tr;İMİB - İstanbul Maden İhracatçıları Birliği
AYHAN STELL DÖKÜM SANAYİ VE TİCARET LİMİTED ŞİRKETİ;BARBAROS HAYRETTİN PAŞA MAH. 1995. SK. AKROSISTANBUL NO: 1 -3 İÇ KAPI NO: 292 ESENYURT İSTANBUL;(212) 5583311;;;İMİB - İstanbul Maden İhracatçıları Birliği
AYK İNŞAAT TAAHHÜT TİC. LTD. ŞTİ.;ATATÜRK MAH. TURGUT ÖZAL CAD. GARDENYA 3/12 K.13 D.41 ATAŞEHİR İSTANBUL;;www.aykinsaat.com;aykinsaat.com;İMİB - İstanbul Maden İhracatçıları Birliği
AYKA BAKALİT VE METAL SANAYİ VE TİCARET LTD.ŞTİ.;ÖMERLİ MAH. ADNAN KAHVECİ CADDESİ BODRUM KAT NO:32/1-1 ARNAVUTKÖY İSTANBUL;(212) 6890660;;;İMİB - İstanbul Maden İhracatçıları Birliği
AYKA KİMYASAL ÜRÜNLER VE DANIŞMANLIK SAN. VE TİC. LTD. ŞTİ.;OBYAR MAH NARLIBAHÇE SOK DOĞU KİTABEVİ NO :6 İÇ KAPI : 3 FATİH İSTANBUL FATİH İSTANBUL;(212) 0000000;;;İMİB - İstanbul Maden İhracatçıları Birliği
AYKARDEŞLER MERMERCİLİK İNŞAAT TAAHHÜT SANAYİ VE TİCARET LİMİTED ŞİRKETİ;KALE BURÇAK NO.2-4/1 0 KESTEL BURSA;(224) 3728340;www.aykardesler.com;aykardesler.com;İMİB - İstanbul Maden İhracatçıları Birliği
AYKUT ÇAKMAK;İSTİKLAL MAH. MERİH SK. REŞAT APT. NO:2/2 ÜMRANİYE İSTANBUL;(216) 0000000;;;İMİB - İstanbul Maden İhracatçıları Birliği
AYMAR DOĞALTAŞ MADENCİLİK DIŞ TİCARET LİMİTED ŞİRKETİ;VELİ BABA MAH.ANKARA CAD. NO:182/B DOLAYOBA PENDİK İSTANBUL;;www.aymarstone.com;aymarstone.com;İMİB - İstanbul Maden İhracatçıları Birliği
AYMİM AYDINLATMA MİMARLIK SNAYİ VE TİCARET LTD ŞTİ;FERHATPAŞA MAH.ÜSKÜDAR CAD.COŞKUN İŞ MERKEZİNO:42/9 ATAŞEHİR İSTANBUL;;;;İMİB - İstanbul Maden İhracatçıları Birliği
AYPOL SOLVENT VE KIMYA SANAYİ VE TİCARET ANONİM ŞİRKETİ;TUZLA KİMYA SANAYİCİLERİ ORGANİZE SANAYİ BÖLGESİ MELEK ARAS BULVARI NO 17 TUZLA İSTANBUL AYDINLI KOS TUZLA İSTANBUL;02165933103;www.aypol.com.tr;aypol.com.tr;İMİB - İstanbul Maden İhracatçıları Birliği
AYSUN KARAMANOĞLU;GAZİPAŞA MAH ATATÜRK BUL KAYI PLAZAK:6 A BLOK N:31 MERKEZ BİLECİK;(228) 2158830;;;İMİB - İstanbul Maden İhracatçıları Birliği
AYŞE İPEK TORFİLLİ - AA ADA MİMARLIK DEKORASYON AKSESUAR;BEBEK MAHALLESİ ARİFPAŞA SOKAK NO:18/4 BEŞİKTAŞ PK:34342 BEŞİKTAŞ İSTANBUL;(212) 2653004;;;İMİB - İstanbul Maden İhracatçıları Birliği
AYŞE KARA;ŞEMŞİPAŞA MAH. 54.SOK. NO:9/3 BAYRAMPAŞA İSTANBUL;(212) 5783965;;;İMİB - İstanbul Maden İhracatçıları Birliği
AYTAN MERMER MADENCİLİK İTHALAT İHRACAT SANAYİ VE TİCARET LİMİTED ŞİRKETİ;HÜRRİYET CADDESİ NO:7 ORTAKLAR GERMENCİK AYDIN;(256) 5671333;www.batiege.com;batiege.com;İMİB - İstanbul Maden İhracatçıları Birliği
AYTEKİN KOZMETİK VE KİMYASAL ÜRÜNLERİ PAZARLAMA SANAYİ VE DIŞ TİCARET LİMİTED ŞİRKETİ;ACIBADEM MAH. ACIBADEM CAD. YILLAR APT. NO:7/12 KADIKÖY İSTANBUL;(216) 0000000;;;İMİB - İstanbul Maden İhracatçıları Birliği
AYVAZ GLOBAL DIŞ TİCARET A.Ş.;HADIMKÖY MH MUSTAFA İNAN CD NO:44/3 ARNAVUTKÖY İSTANBUL;(212) 7710145;www.ayvaz.com;ayvaz.com;İMİB - İstanbul Maden İhracatçıları Birliği
AYVAZ İŞ MAKİNALARI İNŞ.PAZ.İÇ VE DIŞ TİC.LTD.ŞTİ.;SERDAR MAH.DUMAN SOK.NO:1 İZMİT KOCAELİ;(262) 2260028;;;İMİB - İstanbul Maden İhracatçıları Birliği
AYYAZ TURAN İNŞAAT PEYZAJ SANAYİ VE TİCARET LİMİTED ŞİRKETİ;ÇATALAĞİL MAH.19.(710) SK NO:14 NİLÜFER BURSA;(224) 2473033;;;İMİB - İstanbul Maden İhracatçıları Birliği
AYZER DIŞ TİCARET VE DANIŞMANLIK LİMİTED ŞİRKETİ;BAŞAKŞEHİR MAHALLESİ OLİMPİYAT STADI YOLU CADDESİMEDİKULE F 1 BLOK NO:265 BAHÇEŞEHİR BAŞAKŞEHİR İSTANBUL;(212) 8014673;;;İMİB - İstanbul Maden İhracatçıları Birliği
AYZER ZÜCCACİYE SAN. VE DIŞ TİC. LTD. ŞTİ.;ISTOÇ 24.ADA NO:85-87 BAĞCILAR İSTANBUL;(212) 6599542;;;İMİB - İstanbul Maden İhracatçıları Birliği
AZ İNFE İNŞAAT GAYRİMENKUL SANAYİ TİCARET LİMİTED ŞİRKETİ;ZÜMRÜTEVLER MAHALLESİ ERTUĞRUL GAZİ CD B BLOK APT. NO:8/B/6 MALTEPE İSTANBUL;;;;İMİB - İstanbul Maden İhracatçıları Birliği
AZE MADENCİLİK VE DIŞ TİCARET SANAYİ LİMİTED ŞİRKETİ;KAVACIK MAH. M. ALİ BİRAND CAD.NO.17 K.2 BEYKOZ İSTANBUL;(216) 4051880;www.azestone.com;azestone.com;İMİB - İstanbul Maden İhracatçıları Birliği
AZELİS TR KIMYA END.ÜRÜN.ITH.I HR.TIC.VE SAN.A.Ş.;FSM MAH. POLİGON CAD. NO:8/BBUYAKA 2SİT. KULE 2 KAT:20DAİRE:78-81 ÜMRANİYE İSTANBUL;(216) 5044444;www.azelis.com.tr;azelis.com.tr;İMİB - İstanbul Maden İhracatçıları Birliği
AZF DIŞ TİCARET LTD.ŞTİ.;İSTANBUL BEYOĞLU FATİHTEPE MAH.TEPEÜSTÜ SOK.NO:93/A BEYOĞLU İSTANBUL;(212) 5121616;;;İMİB - İstanbul Maden İhracatçıları Birliği
AZİMAKS ALÜMİNYUM VE PLASTİK SAN. TİC. LTD. ŞTİ.;İSTASYON MAH. KAZIM KARABEKİR CAD. 54/B İSTASYON TUZLA İSTANBUL;(216) 5820403;;;İMİB - İstanbul Maden İhracatçıları Birliği
AZİZ AKKUŞ;TELLİ KAVAK MEVKİİ NO.15 P.K.112AYVALIK AYVALIK BALIKESİR;(266) 3129320;;;İMİB - İstanbul Maden İhracatçıları Birliği
AZİZOĞLU GRANİT İNŞAAT MERMER DAN. TURZ. İTH. İHR. SAN. VE TİC. LTD. ŞTİ.;İLK ADIM MAH. ATAYOLU SOK. NO:34/1 DİKMEN/ORAN ÇANKAYA ANKARA;(312) 4382430;;;İMİB - İstanbul Maden İhracatçıları Birliği
AZİZOĞLU LOJİSTİK İTHALAT İHRACAT TİCARET LİMİTED ŞİRKETİ;ÇINAR MAH. AHMET ARİF CAD. NO: 48 A ESENYURT/ İST ESENYURT İSTANBUL;(212) 4422331;;;İMİB - İstanbul Maden İhracatçıları Birliği
AZME GRUP İNŞAAT İÇ VE DIŞ TİCARET LİMİTED ŞİRKETİ;CAMİ MAH. TANSEL SK. NO:3B İÇ KAPI NO:1 TUZLA İSTANBUL;(216) 0000000;;;İMİB - İstanbul Maden İhracatçıları Birliği
AZRA İNŞAAT - ERSOY ERÇİN;KAMİLOBA MH. M.KEMAL ATATÜRK CD. CAMİ SK. 7 BÜYÜKÇEKMECE İSTANBUL;(212) 6717288;www.azragrup.com;azragrup.com;İMİB - İstanbul Maden İhracatçıları Birliği
AZUR GLOBAL YAPI SANAYİ TİCARET LİMİTED ŞİRKETİ;ŞİRİNEVLER MAH. FETİH CAD ŞAHİN İŞ HANI NO :6 İÇ KAPI NO:6 BAHÇELİEVLER İSTANBUL BAHÇELİEVLER İSTANBUL;(212) 0000000;;;İMİB - İstanbul Maden İhracatçıları Birliği
B3 GROUP DIŞ TİCARET LİMİTED ŞİRKETİ;YEŞİLCE MH.YUNUS EMRE CD.N.8/1 KAĞITHANE İSTANBUL;;;;İMİB - İstanbul Maden İhracatçıları Birliği
BABAK END.MAK.SARF MALZ. SATIŞ SERVİS İTH.İHR.SAN.TİC.LTD.ŞTİ.;PERPA TİC MRK B BLOK K 5 NO 293 ŞİŞLİ İSTANBUL;(212) 2217531;;;İMİB - İstanbul Maden İhracatçıları Birliği
BABATAŞ MERMER MADENCİLİK SAN. VE TİC. A.Ş.;KONAK MH. GÖL SK. NO:4/12ALAGEYİK (110) SOK. TARHAN C BLOK 1/B NİLÜFER BURSA;(224) 9093791;;;İMİB - İstanbul Maden İhracatçıları Birliği
BABYLON MERMER SANAYİ TİCARET LİMİTED ŞİRKETİ;BAHÇELİ EVLER MAHALLESİ ZAMBAK SOKAK NO:20/AMERKEZ / YALOVA PK:77100 YALOVA MERKEZ/YALOVA MERKEZ YALOVA;;;;İMİB - İstanbul Maden İhracatçıları Birliği
BAF CONTROL AKUSTİK HİZMETLERİ ANONİM ŞİRKETİ;ATALAR MAH.ÇANAKKALE CAD. OBA2 APT. NO:31/4 KARTAL İSTANBUL;(216) 3535363;www.bafcontrol.com;bafcontrol.com;İMİB - İstanbul Maden İhracatçıları Birliği
BAGDATLI TEKNIK HIRD.SAN.VEDIS TIC.LTD.STI.;KIŞLA CAD. APEK ÜRETMEN İŞ MERKEZİNO:61/145 EYÜP İSTANBUL;(212) 6124328;www.bagdatliteknik.com.tr;bagdatliteknik.com.tr;İMİB - İstanbul Maden İhracatçıları Birliği
BAHADIR EFENDİOĞLU MERMER İNŞAAT TEKNOLOJİ SANAYİ TİCARET LİMİTED ŞİRKETİ;AKPINAR MAH.367. SK. EFE PLAZA NO: 2 İÇ KAPI NO: 6 OSMANGAZİ BURSA;;;;İMİB - İstanbul Maden İhracatçıları Birliği
BAHAR GRANİT MADENCİLİK DOĞAL TAŞLAR İNŞAAT NAKLİYAT OTOMOTİV SANAYİ VE TİCARET ANONİM ŞİRKETİ;YUKARIKİRAZCA MAH.1032 SK. NO:5 D:21 ARİFİYE SAKARYA;(264) 0000000;;;İMİB - İstanbul Maden İhracatçıları Birliği
BAHRİOĞLU MERMER İNŞAAT NAKLİYE SANAYİ VE TİCARET LİMİTED ŞİRKETİ;KORU KÖYÜ,YENİ MAHALLE,YENİ MEVKİİ,NO:11 MERKEZ/KASTAMONU YENİ MAHALLEYENİ MEVKİİ 37100 MERKEZ, KAST MERKEZ KASTAMONU;(366) 2140051;;;İMİB - İstanbul Maden İhracatçıları Birliği
BAIHE MEDİKAL ÜRÜNLER TİCARET LİMİTED ŞİRKETİ;EĞİTİM MAH. ADIM SK. ORJİN İŞ MERKEZİAPT NO : 10-18/32 KADIKÖY İSTANBUL;(216) 0000000;;;İMİB - İstanbul Maden İhracatçıları Birliği
BAKIRCI BOYA VE YÜZEY ÇÖZÜMLERİ ANONİM ŞİRKETİ;BAKLACI MAH. ÇAVUŞBAŞI CUMHURİYET CAD. NO:119 İÇ KAPI NO:1 BEYKOZ İSTANBUL;(216) 0000000;;;İMİB - İstanbul Maden İhracatçıları Birliği
BAKSAN KİMYEVİ MADDELER VE YAPI KİMYASALLARI SANAYİ TİCARET LİMİTED ŞİRKETİ;SELİMPAŞA MAH.6093 SK. NO:42 SİLİVRİ İSTANBUL SİLİVRİ İSTANBUL;(212) 0000000;http://www.leonsealants.com;leonsealants.com;İMİB - İstanbul Maden İhracatçıları Birliği
BAKSAN MAK.SAN. VE TIC.LTD.STI;VELI BABA SAN.SIT.A3BLOK NO:25 PENDİK İSTANBUL;(216) 3077200;www.baksanmakina.com.tr;baksanmakina.com.tr;İMİB - İstanbul Maden İhracatçıları Birliği
BAKYAPI İNŞAAT ENERJİ MADENCİLİK SANAYİ VE TİCARET ANONİM ŞİRKETİ;ALAADDİNBEY MAH. ATİLLA TATVEREN CAD. NO:6 C/1 NİLÜFER BURSA;(224) 2498565;http://www.bakyapi.com.tr;bakyapi.com.tr;İMİB - İstanbul Maden İhracatçıları Birliği
BALABAN MEKANİK MÜHENDİSLİK SAN.VE TİC. LTD.ŞTİ;ÜÇEVLER MAH.İZMİR YOLU CAD. WEST POINT BLOK NO:241 D İÇ KAPI NO :267 NİLÜFER BURSA;(224) 0000000;http://www.bmmuhendislik.com.tr;bmmuhendislik.com.tr;İMİB - İstanbul Maden İhracatçıları Birliği
BALANCE DANIŞMANLIK İTHALAT VE İHRACAT LİMİTED ŞİRKETİ;AHİ EVRAN MAH. A.S.O. BLV. NO: 4 İÇ KAPI NO: 110 SİNCAN ANKARA;(312) 0000000;http://balanceconsultants.co;balanceconsultants.co;İMİB - İstanbul Maden İhracatçıları Birliği
BALBEY GAYRİMENKUL VE DIŞ TİCARET LTD.ŞTİ.;MAHMUTBEY MH İSTOÇ TOPTANCILAR ÇARŞISI C PLAZA KAT:3 D:34 BAĞCILAR İSTANBUL;(212) 6598696;;;İMİB - İstanbul Maden İhracatçıları Birliği
BALCIOĞLU İNŞAAT TAAHHÜT SANAYİ VE TİCARET LİMİTED ŞİRKETİ;CEBECİ MH ÇANAKKALE ŞEHİTLERİ CD NO:64 SULTANGAZİ İSTANBUL;(212) 5942293;www.balciogluinsaat.com.tr;balciogluinsaat.com.tr;İMİB - İstanbul Maden İhracatçıları Birliği
BALKAN ULUSLARARASI DIŞ TİCARET VE PAZARLAMA ANONİM ŞİRKETİ;MERKEZ MAH. SANAYİ CAD. NO:19 YENİBOSNA BAHÇELİEVLER İSTANBUL;(212) 5510100;www.balkanmotor.com;balkanmotor.com;İMİB - İstanbul Maden İhracatçıları Birliği
BALKAR GROUP İNŞAAT ANONİM ŞİRKETİ;KUŞTEPE MAH. BİRACILAR SK.NO:33 ŞİŞLİ İSTANBUL ŞİŞLİ İSTANBUL;(216) 2665555;;;İMİB - İstanbul Maden İhracatçıları Birliği
BALSTONE DIŞ TİCARET LİMİTED ŞİRKETİ;KEMERÇEŞME MAH.İSTANBUL CAD.GENÇOSMAN ÇARŞI SİTA BLOK NO.38 KAPI NO.129 OSMANGAZİ BURSA;;;;İMİB - İstanbul Maden İhracatçıları Birliği
BAMERMER İNŞAAT SANAYİ İÇ VE DIŞ TİCARET LİMİTED ŞİRKETİ;GÜMÜŞPALA MAH.GÜMÜŞ SOK.NO:2/1 GÜMÜŞPALA AVCILAR İSTANBUL;;;;İMİB - İstanbul Maden İhracatçıları Birliği
BANDO KAYIS SAN.VE TIC.TURKIYE A.S.;G.O.S.B IHSAN DEDE CD.1000 SK.NO.1018 GEBZE KOCAELİ;02626771121;www.bandoturkey.com;bandoturkey.com;İMİB - İstanbul Maden İhracatçıları Birliği
BANİ GROUP İNŞAAT SAN.TİC.LTD.ŞTİ.;KAZANCI MH.KAZANCI MANOLYA SOK.NO:17 KESTEL BURSA;(224) 0000000;;;İMİB - İstanbul Maden İhracatçıları Birliği
BANTEX ENDÜSTRİYEL YAPIŞTIRICILAR SAN.TİC.LTD.ŞTİ.;ÇATALMEŞE MAH.SARAY CAD.NO:114/A-1 ÇEKMEKÖY İSTANBUL;(216) 3134010;www.bantex.com.tr;bantex.com.tr;İMİB - İstanbul Maden İhracatçıları Birliği
BARCENA DIŞ TİCARET VE İNŞAAT SANAYİ ANONİM ŞİRKETİ;RÜZGARLIBAHÇE MAH.ÇAM PINARI SOKAK NO:1/1 BEYKOZ İSTANBUL;(216) 3336161;;;İMİB - İstanbul Maden İhracatçıları Birliği
BARIŞ İNŞAAT İZOLASYON SAN VE TİC A.Ş.;TEKSTİLKENT KOZA PLAZA A BLOK KAT 25 NO93 ESENLER İSTANBUL;(212) 4382900;;;İMİB - İstanbul Maden İhracatçıları Birliği
BARİT MADEN TÜRK ANONİM ŞİRKETİ;CUMHURIYET CAD.PAK APT.30/15 HARBİYE 34367 ŞİŞLİ İSTANBUL;(212) 2341206;www.baritmaden.com;baritmaden.com;İMİB - İstanbul Maden İhracatçıları Birliği
BAROK MARBLE MADEN SANAYİ VE TİCARET LİMİTED ŞİRKETİ;RAMAZANOĞLU MAH. BAYATİ SOK.NO:3 İÇ KAPI NO:1 PENDİK İSTANBUL;(216) 5776011;;;İMİB - İstanbul Maden İhracatçıları Birliği
BASEM TARIM SAN.VE TİC.LTD.ŞTİ.;KARACAKILAVUZ MAH.ŞEHTİ RECEP BALCI CAD. NO:240/A SÜLEYMANPAŞA TEKİRDAĞ;(282) 0000000;;;İMİB - İstanbul Maden İhracatçıları Birliği
BASF COATİNGS BOYA SAN. VE TİC. LTD. ŞTİ.;BARBAROS MAH. BEGONYA SOK. NİDAKULE ATAŞEHİR BATI NO: 1 İÇ KAPI NO:48 ATAŞEHİR İSTANBUL;(216) 5703400;;;İMİB - İstanbul Maden İhracatçıları Birliği
BASF TÜRK KİMYA SANAYİ VE TİCARET LİMİTED ŞİRKETİ;BARBAROS MAH BEGONYA SOK. NİDAKULE ATAŞEHİR BATI NO:1 İÇ KAPI NO:48 ATAŞEHİR İSTANBUL;(216) 5703400;www.basf.com.tr;basf.com.tr;İMİB - İstanbul Maden İhracatçıları Birliği
BAŞARANLAR İNŞAAT MALZEMELERİ TİC. VE SAN. A.Ş.;ORGANİZE SANAYİ BÖLGESİ 1. KISIM FAHRI KARACA CAD. NO: 15 HONAZ DENİZLİ;(258) 2691138;;;İMİB - İstanbul Maden İhracatçıları Birliği
BAŞER MADEN SANAYİ VE TİCARET A.Ş.;MOLLA YUSUF MH.HÜRRIYET CD.NO.495 KONYAALTI ANTALYA;(242) 2274990;www.ado-baser.com;ado-baser.com;İMİB - İstanbul Maden İhracatçıları Birliği
BAŞERLER MERMER SANAYİ İNŞAAT TAAH. MAD. VE MÜH. HİZM. İÇ VE DIŞ TİC. LTD. ŞTİ.;ATİJALİ MAHALLESİ ÇELEBİ SÜLEYMAN SK N:7 BÜRO:1 FATİH İSTANBUL;(212) 6210151;www.kafkasmermer.com;kafkasmermer.com;İMİB - İstanbul Maden İhracatçıları Birliği
BAŞYİĞİT TEKNİK YAPI MALZEMELERİ LİMİTED ŞİRKETİ;KOCASİNAN MERKEZ MAH.MERKEZ SOK NO:7/1 BAHÇELİEVLER İSTANBUL;(212) 0000000;;;İMİB - İstanbul Maden İhracatçıları Birliği
BATA METAL MOBİLYA TASARIM ÜRETİM ANONİM ŞİRKETİ;DERİ OSB NO: 5 İSTANBUL TUZLA DOLAP CADDESİ TUZLA İSTANBUL;(262) 7512709;www.bt.design;bt.design;İMİB - İstanbul Maden İhracatçıları Birliği
BATU İNŞAAT TURİZM TEKSTİL İTHALAT İHRACAT SANAYİ VE TİCARET LİMİTED ŞİRKETİ;MUSTAFA KEMAL PAŞA MAH KARANFİL SKN:135 D:2 AVCILAR İSTANBUL;(212) 4282604;www.batuinsaat.cne;batuinsaat.cne;İMİB - İstanbul Maden İhracatçıları Birliği
BATU KİLİT ANONİM ŞİRKETİ;TOPÇULAR MAH İŞGÖREN SK NO:11/1 EYÜP İSTANBUL;(212) 5760707;www.batukikit.com;batukikit.com;İMİB - İstanbul Maden İhracatçıları Birliği
BATUMER MERMER SANAYİ VE DIŞ TİCARET LİMİTED ŞİRKETİ;MENDERES MAH.363/1.SOK.NO.2/8 ESENLER İSTANBUL;;;;İMİB - İstanbul Maden İhracatçıları Birliği
BAUGRUP YAPI SANAYİ VE TİCARET LİMİTED ŞİRKETİ;ESNETEPE MAH. KIRGÜLÜ SOK.METROCİTY İŞ MERKEZİ D BLOK NO:4/4 ŞİŞLİ İSTANBUL;(216) 4442462;;;İMİB - İstanbul Maden İhracatçıları Birliği
BAUMEES YAPI KİMYASALLARI A.Ş.;RAMAZANOĞLU MAH.KARŞIGEÇİT SK.NO:5 İÇ KAPI NO:18 PENDİK İSTANBUL;(216) 5951187;www.baumees.com.tr;baumees.com.tr;İMİB - İstanbul Maden İhracatçıları Birliği
BAUMEX KİMYA SANAYİ VE TİCARET A.Ş.;İNÖNÜ MAH. GEBZE GÜZELLER OSB MAH. KAZIM KARABEKİR SOK. NO:4/9 GEBZE KOCAELİ;(262) 5021520;;;İMİB - İstanbul Maden İhracatçıları Birliği
BAYKAL REZISTANS SAN.VE TIC.LT D.STI.;İKİTELLİ OSB ESKOOP SANAYİ SİTESİ C 1-2 BLOK NO:16-18-20 BAŞAKŞEHİR İSTANBUL;02122445213;www.baykalrezistans.com;baykalrezistans.com;İMİB - İstanbul Maden İhracatçıları Birliği
BAYKARA GLOBAL İÇ VE DIŞ TİCARET LİMİTED ŞİRKETİ;KOCATEPE MAH GÜMRÜK İSKELESİ CAD. ABLOK MEGA CENTENO:89/217 PK:34750 BAYRAMPAŞA İSTANBUL;2126403169;;;İMİB - İstanbul Maden İhracatçıları Birliği
BAYKARALAR MERMER SANAYİ VE TİCARET LİMİTED ŞİRKETİ;ATATURK CAD. BOGAZİÇİ SOK. NO:72 ALİBEYKÖY EYÜP İSTANBUL;(212) 6266466;www.baykaralarmermer.com;baykaralarmermer.com;İMİB - İstanbul Maden İhracatçıları Birliği
BAYMAX KİŞİSEL KORUYUCU DONANIMLARI ÜRETİM SANAYİ TİCARET ANONİM ŞİRKETİ;YUNUS EMRE MAH. ULUBEY CAD. NO:10/1 SANCAKTEPE İSTANBUL;(216) 3118111;https://baymax.com.tr/;baymax.com.tr;İMİB - İstanbul Maden İhracatçıları Birliği
BAYMİNERAL DIŞ TİCARET ANONİM ŞİRKETİ;CEVİZLİ MAH. TUGAY YOLU CAD. NO:69A İÇ KAPI NO:191 MALTEPE İSTANBUL;(216) 5330347;www.baymineral.com;baymineral.com;İMİB - İstanbul Maden İhracatçıları Birliği
BAYRAK METAL ALÜMİNYUM İNŞ. GIDA SAN. VE TİC. LTD.ŞTİ.;HÜRRİYET MAH. ENGİN SOK. NO:2 KAĞITHANE İSTANBUL;(212) 2247018;www.bayrakmetal.com;bayrakmetal.com;İMİB - İstanbul Maden İhracatçıları Birliği
BAYRAM METAL ALM.VE ZAM.ALŞ.SAN. VE TİC.LTD.ŞTİ;VELİKÖY OSB MH OSMAN UZUN CD NO:2/1 ÇERKEZKÖY TEKİRDAĞ;(282) 7461041;www.bayrammetal.com.tr;bayrammetal.com.tr;İMİB - İstanbul Maden İhracatçıları Birliği
BAYRAMOĞLU HIRDAVAT DIŞ TİCARET LTD.ŞTİ.;MAHMUTBEY MH İSTOÇ 2434. SOK. NO:147-150 BAĞCILAR İSTANBUL;(212) 6591831;www.bayramoglugrup.net;bayramoglugrup.net;İMİB - İstanbul Maden İhracatçıları Birliği
BAYSA KUYUMCULUK İNŞAAT TURİZM TEKSTİL GIDA İTH.İHR.VE DIŞ TİC.LTD.ŞTİ;ADNAN KAHVECİ MAH.YAVUZ SULTAN SELİM BLV.JETKENT 1 SİTESİ B1-C NO: 7 K / 71 BEYLİKDÜZÜ İSTANBUL;(212) 8423434;;;İMİB - İstanbul Maden İhracatçıları Birliği
BAZMAN MİMARLIK VE TASARIM TİCARET LİMİTED ŞİRKETİ;TESVIKIYE MAH. NISANTASI IHLAMURYOLU SK. ÇEHRELI APT. NO: 65 IÇ KAPI NO: 5 ŞİŞLİ İSTANBUL;(212) 0000000;;;İMİB - İstanbul Maden İhracatçıları Birliği
BBS ELECTRODES MAKINA SAN.ITH. IHR.LTD.STI.;FİRUZKÖY MAH. PEHLİVAN CAD. MEMDUH SOKAK NO:1/1 FİRUZKÖY AVCILAR İSTANBUL;(212) 6643415;;;İMİB - İstanbul Maden İhracatçıları Birliği
BC GLOBAL İNŞAAT SANAYİ VE TİCARET ANONİM ŞİRKETİ;İSTANBUL CD. YENİ MAHALLE MAH.81/A KAT:2 BAKIRKÖY İSTANBUL;(212) 5435401;www.bcglobalinsaat.com;bcglobalinsaat.com;İMİB - İstanbul Maden İhracatçıları Birliği
BC MED MERMER MADENCİLİK SANAYİ VE TİCARET ANONİM ŞİRKETİ;MÜSELLES SOKAK , SANTA İŞ MERKEZİ NO:6 KAT:10 ŞİŞLİ İSTANBUL;(212) 2664055;;;İMİB - İstanbul Maden İhracatçıları Birliği
BC YATIRIM TAAHHÜT GAYRİMENKUL ANONİM ŞİRKETİ;AKSARAY MAH İNKILAP CAD VALİDE CAMİ SK N:8/26 FATİH İSTANBUL;(212) 5881397;;;İMİB - İstanbul Maden İhracatçıları Birliği
BCB DOĞALTAŞ MADENCİLİK A.Ş.;NASRETTİN HOCA MAH. ATATÜRK (HORTU) CAD. NO:97 SİVRİHİSAR ESKİŞEHİR;(222) 2841029;;;İMİB - İstanbul Maden İhracatçıları Birliği
BCE DIŞ TİCARET A.Ş.;5747/9 SOK. NO:1A/1 MERİÇ MAH BORNOVA İZMİR;(232) 4311520;www.bcegroup.com.tr;bcegroup.com.tr;İMİB - İstanbul Maden İhracatçıları Birliği
BCM HAMMADDELER SANAYİ TİCARET LİMİTED ŞİRKETİ;TAŞKÖPRÜ BELDESİ TAŞKÖPRÜ YENİ MAH. ARİF HİKMET KULUNYAR CAD. CADDE NO:3/74 İÇ KAPI NO:334 ÇİFTLİKKÖY YALOVA;(226) 0000000;;;İMİB - İstanbul Maden İhracatçıları Birliği
BCM MAKİNA KİMYA İTHALAT VE İHRACAT SAN. TİC. LTD. ŞTİ.;MAHMUT YESARİ SOK.NO.10 KOŞUYOLU KADIKÖY İSTANBUL;(216) 5456294;www.bcmkim.com;bcmkim.com;İMİB - İstanbul Maden İhracatçıları Birliği
BCM ULUSLARARASI MADENCİLİK İNŞAAT SANAYİ VE TİCARET ANONİM ŞİRKETİ;TARABYA MH AHİ ÇELEBİ CD NO:12/1 SARIYER İSTANBUL;(212) 2261010;www.bcmholdingtr.com;bcmholdingtr.com;İMİB - İstanbul Maden İhracatçıları Birliği
BCR TEKSTİL SANAYİ VE TİCARET LİMİTED ŞİRKETİ;YENİDOĞAN MAH.FERHATPAŞA CAD. DALKIRAN TRIKO.IŞ MER.14/292 BAYRAMPAŞA BAYRAMPAŞA İSTANBUL;(212) 0000000;;;İMİB - İstanbul Maden İhracatçıları Birliği
BECMA TAV OCAĞI VE EKİPMANLARI SAN.TİC.LTD.ŞTİ;SARAY MH SANAYİ CD. GÜVEN SAN SİT C BLOK NO:3C/38 ÜMRANİYE İSTANBUL;(000) 0000000;www.becma.com.tr;becma.com.tr;İMİB - İstanbul Maden İhracatçıları Birliği
BECT MAKİNA SAN.TİC.LTD.ŞTİ;KÖSELER MH 4.CD 6.SK NO:3 DİLOVASI KOCAELİ;(216) 3027510;;;İMİB - İstanbul Maden İhracatçıları Birliği
BEDE YAPIM VE PROJE LİMİTED ŞİRKETİ;SERDAR MAH. SELAHATTİN EYYUBI CAD. NO:20 D:18 BAŞİSKELE KOCAELİ;(262) 6061926;http://www.bedeyapim.com;bedeyapim.com;İMİB - İstanbul Maden İhracatçıları Birliği
BEDEN MERMER SANAYİ İNŞAAT VE TİCARET ANONİM ŞİRKETİ;ELAZIG KARAYOLU 25.KMORG.SAN. BÖL.1.ETAP Merkez DİYARBAKIR;(412) 3450072;www.bedenmermer.com;bedenmermer.com;İMİB - İstanbul Maden İhracatçıları Birliği
BEDİR MAKİNA YEDEK PARÇA İNŞAAT TAŞIMACILIK SAN. VE TİC. LTD. ŞTİ.;HACIKADIN MAH. HACIKADIN CAD.NO:28-32 A EMİNÖNÜ/CAĞALOĞLU FATİH İSTANBUL;(212) 5272932;;;İMİB - İstanbul Maden İhracatçıları Birliği
BEDRETTİN ECER;ŞEYHSİNAN MAH. SANAYİ ÇARŞISIBLV.6 NO 26/1 ÇORLU TEKİRDAĞ;;;;İMİB - İstanbul Maden İhracatçıları Birliği
BE-ER MADENCİLİK İNŞAAT TAAHHÜT NAKLİYE İTHALAT İHRACAT SANAYİ VE TİCARET LTD.ŞTİ.;DEVECİKONAK YOLU 12.KM ÇARDAKBELEN MEVKİİ MUSTAFAKEMALPAŞA BURSA;(224) 6275046;;;İMİB - İstanbul Maden İhracatçıları Birliği
BEFAS ELEKTRIK ELEKTRONIK MET. MAKINA I.V.G.S.P.D.LTD.STI.;NILÜFER TIC MERKEZI 2 ALAADIN BEY MAH 637 SOK NO:36 NİLÜFER BURSA;02244435180;www.befaselektrik.com;befaselektrik.com;İMİB - İstanbul Maden İhracatçıları Birliği
BEGE ELEKTRONİK İNTERNET HİZMETLERİ TİCARET LİMİTED ŞİRKETİ;SULTAN SELİM MAHALLESİ AYBİKE SOKAK NO: 28 / 1 KAĞITHANE İSTANBUL;(212) 4513436;http://www.begeonli?ne.com;begeonli;İMİB - İstanbul Maden İhracatçıları Birliği
BEHEM STRATEJIK YONETIM VE DIS TICARET A.S;ESENTEPE MAH. İNÖNÜ CAD. KARTALKULE NO 147 D 70 ESENTEPE KARTAL İSTANBUL;;;;İMİB - İstanbul Maden İhracatçıları Birliği
BEİREN ISTANBUL BASKI AMBALAJ MAKINALARI TEK. VE DANIŞ. DIŞ TİC. LTD. ŞTİ.;HALKALI MERKEZ MAH. TURGUT OZAL BLV.AVRP.KON. ATAKENT-3 19.BLOK 16-19 KÜÇÜKÇEKMECE İSTANBUL;(212) 0000000;;;İMİB - İstanbul Maden İhracatçıları Birliği
BEJ MERMER MADENCİLİK SAN. VE DIŞ TİC. A.Ş.;YENİŞEHİR MAH. SÜMBÜL SOK NO:8/1İÇ KAPI NO:807-808 YENİŞEHİR PENDİK İSTANBUL;(216) 3229918;www.bejmermer.com.tr;bejmermer.com.tr;İMİB - İstanbul Maden İhracatçıları Birliği
BEKAERT ÇELİK KORD SAN. VE TİC. AŞ;FATİH MAH. SANAYİ CAD. NO: 88 P.K 41310 ALİKAHYA İZMİT KOCAELİ;(262) 3168500;www.bekaert.com.tr;bekaert.com.tr;İMİB - İstanbul Maden İhracatçıları Birliği
BEKTAS PLASTIK SAN.VE TIC.LTD. STI.;BIRLIK MH.840 SK. NO 19 ESENLER İSTANBUL;02124318508;www.bektasmadencilik.com;bektasmadencilik.com;İMİB - İstanbul Maden İhracatçıları Birliği
BELECOMA MADENCİLİK İNŞAAT İTHALAT İHRACAT SANAYİ VE TİCARET LİMİTED ŞİRKETİ;GULUMBE KOYU Merkez BİLECİK;(228) 2233379;www.belecomamadencilik.com;belecomamadencilik.com;İMİB - İstanbul Maden İhracatçıları Birliği
BELİN MADENCİLİK İNŞAAT HARFİYAT TURİZM OTO GIDA PETROL TAAHHÜT TİCARET VE SANAYİ ANONİM ŞİRKETİ;YEŞİLKÖY MAH.ATATÜRK CAD.EGS BLOKLARI B1 BLOK KAT:6 NO:250 BAKIRKÖY İSTANBUL;(212) 4650465;www.belinmadencilik.com;belinmadencilik.com;İMİB - İstanbul Maden İhracatçıları Birliği
BEMAR DOĞAL TAŞ İTHALAT İHRACAT SANAYİ VE TİCARET LİMİTED ŞİRKETİ;YENİ MAHALLE KIRIKLAR CADDESİ NO:6 DEVREK DEVREK ZONGULDAK;(372) 5590010;;;İMİB - İstanbul Maden İhracatçıları Birliği
BENASSE DIŞ TİCARET LİMİTED ŞİRKETİ;TOMTOM MAH.İSTİKLAL CAD.TURHOL HAN BLOK NO:189 İÇ KAPI NO:3 BEYOĞLU İSTANBUL;(212) 4656363;;;İMİB - İstanbul Maden İhracatçıları Birliği
BENGU KIMYA VE TEKSTIL SAN. TIC.LTD.STI.;İKİTELLİ OSB MAH.MARMARA K BLOK SOK.NO:4 KÜÇÜKÇEKMECE İSTANBUL;02124720457;www.bengukimya.com;bengukimya.com;İMİB - İstanbul Maden İhracatçıları Birliği
BENKAR MADENCİLİK SANAYİ VE TİCARET ANONİM ŞİRKETİ;BEYTEPE MAH.5314. CAD.NO:4A / 113 ÇANKAYA ANKARA;(312) 2871732;;;İMİB - İstanbul Maden İhracatçıları Birliği
BENMAKER ERKEN YAŞ EĞİTİM GEREÇLERİ SAN. TİC. VE HİZ. A.Ş.;DOSAB 1 .NİLÜFER SOKAK NO:5 OSMANGAZİ BURSA;(224) 2802000;www.benmaker.com;benmaker.com;İMİB - İstanbul Maden İhracatçıları Birliği
BERBA GROUP DIŞ TİCARET LİMİTED ŞİRKETİ;SEYRANTEPE MH İBRAHİM KARAOĞLANOĞLU OĞLU CD NO:27/1 KAĞITHANE İSTANBUL;(212) 9249083;www.berbagroup.com.tr;berbagroup.com.tr;İMİB - İstanbul Maden İhracatçıları Birliği
BERBEROĞLU MERMER MADEN DIŞ TİCARET A.Ş.;ESENTEPE MAH. MÜSELLES SK. SANTA İŞ MERKEZİ NO: 6 İÇ KAPI NO:10 ŞİŞLİ İSTANBUL;(212) 2664055;;;İMİB - İstanbul Maden İhracatçıları Birliği
BERCHEM KİMYA LİMİTED ŞİRKETİ;TANTAVİ MAH. ESTERGON CAD. EXEN İSTANBUL SİTESİ F BLOK NO: 24F İÇ KAPI NO: 307 ÜMRANİYE / İSTANBUL ÜMRANİYE İSTANBUL;(216) 7663510;https://www.berchem.com.tr;berchem.com.tr;İMİB - İstanbul Maden İhracatçıları Birliği
BEREKET GRUP DIŞ TİCARET SANAYİ LİMİTED ŞİRKETİ;CEVİZLİ MAH.TUGAY YOLU CAD.OFISIM ISTANBUL SİTESİ A BLOK NO:20A/41 MALTEPE İSTANBUL;(216) 5724342;https://www.gudratt.com/;gudratt.com;İMİB - İstanbul Maden İhracatçıları Birliği
BEREKETLİ MOBİLYA SANAYİ VE DIŞ TİCARET LİMİTED ŞİRKETİ;MUTFAKÇILAR M1 BLOK SOK. BAŞAKŞEHİR İSTANBUL;(212) 0000000;;;İMİB - İstanbul Maden İhracatçıları Birliği
BERGAMA MADENCİLİK İNŞAAT MAKİNA PERLİT SAN. VE TİC. A.Ş.;ÇALIBAHÇE KÖYÜ KİLİMALANI MAV.10.PAR.NO:43 BERGAMA İZMİR;02162457800;www.bergamamadencilik.com;bergamamadencilik.com;İMİB - İstanbul Maden İhracatçıları Birliği
BERİCAP KAPAK SANAYİ ANONİM ŞİRKETİ;BEYLİKBAĞI MAH.ÇELİKOĞLU CAD.NO.153 GEBZE KOCAELİ;02626532590;www.bericap.com;bericap.com;İMİB - İstanbul Maden İhracatçıları Birliği
BERKE GÜN;HACIHALİL MAH. 1207 SOK. NO:1 İÇ KAPI NO:5 GEBZE KOCAELİ;(262) 0000000;http://www.bcmminerals.com;bcmminerals.com;İMİB - İstanbul Maden İhracatçıları Birliği
BERKİM KAUÇUK PLASTİK KİMYA SAN.VE TİC.A.Ş;KOZLUK MAH.ADA SAN. CAD. NO:17 ERENLER SAKARYA;(264) 3535327;www,berkimkimya.com.tr;www,berkimkimya.com.tr;İMİB - İstanbul Maden İhracatçıları Birliği
BERMUDA MERMER SANAYİ VE DIŞ TİC. LTD. ŞTİ.;163.280 SK. ELİT OFFICES B BLOK NO:11B İÇ KAPI NO:99 ALTINŞEHİR MAH 16110 NİLÜFER, BURSA, TÜRKİYE NİLÜFER BURSA;(224) 3220892;www.bermudamarble.com;bermudamarble.com;İMİB - İstanbul Maden İhracatçıları Birliği
BERR YAPI MARKET İNŞ. TAAH. DAN. PAZ.SAN.VE DIŞ TİC.A.Ş.;E-5 YAN YOL CAD. NO:180 34896 ALT KAYNARCA PENDİK İSTANBUL;(216) 3904777;;;İMİB - İstanbul Maden İhracatçıları Birliği
BERRAK HAYAT HAVUZ SAUNA İNŞAAT SANAYİ VE TİCARET ANONİM ŞİRKETİ;15 TEMMUZ MAH.1429.SK.NO:7-9A BAĞCILAR İSTANBUL;(212) 6595232;http://berrakhavuz.com.tr;berrakhavuz.com.tr;İMİB - İstanbul Maden İhracatçıları Birliği
BERSER PAZARLAMA İTHALAT İHRACAT VE DIŞ TİCARET LİMİTED ŞİRKETİ;ZEYTINOGLU C.CEBECI S. ISIK PALAS A BL.D.3 BEŞİKTAŞ İSTANBUL;02123523885;;;İMİB - İstanbul Maden İhracatçıları Birliği
BERTAŞ BAZALT NAKLİYAT MADENCİLİK İNŞAAT İTHALAT İHRACAT SANAYİ TİCARET LİMİTED ŞİRKETİ;ÇALTIDERE KÖYÜ MEVKİİ ALİAĞA İZMİR;;;;İMİB - İstanbul Maden İhracatçıları Birliği
BESSİ METAL SANAYİ VE TİCARET A.Ş.;SABUNİ MAH. SARAÇLAR CAD. 1.VAKIF İŞHANI NO:15KAT:3 NO:26 MERKEZ EDİRNE;(284) 2252134;;;İMİB - İstanbul Maden İhracatçıları Birliği
BESTNATURAL MERMER GRANİT İNŞAAT TAAHHÜT GIDA İTHALAT İHRACAT SANAYİ VE TİCARET LİMİTED ŞİRKETİ;ATATÜRK MAH. LALE CAD. GÜL APT NO: 32 İÇ KAPI NO:6 SİNCAN ANKARA;;http://www.bestnaturalmarble.com.tr;bestnaturalmarble.com.tr;İMİB - İstanbul Maden İhracatçıları Birliği
BEŞLER ELEK. İNŞ. HIR. GIDA TEKS. HED. EŞYA SAN. İÇ VE DIŞ TİC. LTD. ŞTİ.;UZUNÇARŞI CAD.HAMAM ÇARŞI IÇINO.329/YZ-08 TAHTAKALE FATİH İSTANBUL;02125197031;www.beslerelektrik.com.tr;beslerelektrik.com.tr;İMİB - İstanbul Maden İhracatçıları Birliği
BETAMER MADENCİLİK SAN. VE TİC. LTD. ŞTİ.;ANKARA MERMERCİLER SİT. YUVAKÖY MAH.3706 SK. NO:64 YENİMAHALLE ANKARA;(312) 3960222;www.betamer.com;betamer.com;İMİB - İstanbul Maden İhracatçıları Birliği
BETAPLUS İÇ VE DIŞ TİCARET LİMİTED ŞİRKETİ;MAHMUTBEY MAH. 2448. SOK. NO:42 BAĞCILAR İSTANBUL;;;;İMİB - İstanbul Maden İhracatçıları Birliği
BETEK BOYA VE KİMYA SAN.A.Ş.;ANKARA ASFALTI HUSEYIN CELIKSOK.NO:2 BOSTANCI KADIKÖY İSTANBUL;02165711000;www.betek.com.tr;betek.com.tr;İMİB - İstanbul Maden İhracatçıları Birliği
BETOMAX LOJİSTİK İNŞAAT TAAHHÜT NAKLİYAT OTOMOTİV TARIM ÜRÜNLERİ SAN. VE TİC. LTD. ŞTİ.;GAZİ KEMAL MAH.SANAYİ ÇARŞISI KERESTECİLER SOK.N:14 BABAESKİ KIRKLARELİ;;;;İMİB - İstanbul Maden İhracatçıları Birliği
BEYCAN MÜHENDİSLİK LOJİSTİK ULUSL. TAŞIMACILIK İNŞ. GIDA MADD. İTH. İHR. SAN. TİC. LTD.ŞTİ.;75. YIL MAH. ORG. SAN. BÖL 8 CAD. NO.12 MERKEZ ESKİŞEHİR;(222) 2020020;;;İMİB - İstanbul Maden İhracatçıları Birliği
BEYİD BİLİŞİM EĞİTİM YAY.İLET.DAN.SAN.VE DIŞ TİC.LTD.ŞTİ.;ŞEHİT MUHTAR MAH.FERİDİYE CAD.NO.21 K.2 TAKSİM BEYOĞLU İSTANBUL;(212) 3616661;www.beyid.com.tr;beyid.com.tr;İMİB - İstanbul Maden İhracatçıları Birliği
BEYKOZ DIŞ TİCARET ANONİM ŞİRKETİ;ÇALI MH CUMHURİYET CD NO:67/A NİLÜFER BURSA;;;;İMİB - İstanbul Maden İhracatçıları Birliği
BEYLER METAL MADENCİLİK ANONİM ŞİRKETİ;AHMETÇAVUŞ-HAYITLI MAH.MANOLYA CAD. NO:82/2 MİLAS MUĞLA;(252) 5136667;;;İMİB - İstanbul Maden İhracatçıları Birliği
BEYOND MARKETING CONSULT DIS TICARET LIMITED SIRKETI;ATAKÖY 9. KISIM E5 YANYOL NO:6 ROUTE İSTANBUL A BLOK D:158 BAKIRKÖY İSTANBUL;(212) 0000000;www.beyond-mc.co;beyond-mc.co;İMİB - İstanbul Maden İhracatçıları Birliği
BEYPAK GIDA AMBALAJ İNŞAAT SAN. VE TİC. A.Ş.;ESENYURT SAN. MAH. HOŞDERE KÖYÜ MEVKİİISISO SAN. SİT. Z BLOK 10.YOL NO:10 ESENYURT İSTANBUL;(212) 6232626;www.pack-art.com.tr;pack-art.com.tr;İMİB - İstanbul Maden İhracatçıları Birliği
BG DENİZCİLİK SAN.TİC.A.Ş.;BALÇIK MAH. 3262. SOK. NO:8 GEBZE KOCAELİ;(262) 6583060;www.bgboru.com;bgboru.com;İMİB - İstanbul Maden İhracatçıları Birliği
BG MADEN SANAYİ VE TİCARET ANONİM ŞİRKETİ;KARADENİZ MAHALLESİ ESKİ EDİRNE ASFALTI CAD. VENEZİA AVM NO:408 J BLOK KAT 3 OFİS 95 GAZİOSMANPAŞA İSTANBUL;(212) 0000000;www.gursoygrup.com.tr;gursoygrup.com.tr;İMİB - İstanbul Maden İhracatçıları Birliği
BG ZİNC METAL LİMİTED ŞİRKETİ;CAFERAĞA MAH. GENERAL ASIM GÜNDÜZ CAD. NO:62 İÇ İÇ KAPI NO:5 KADIKÖY İSTANBUL;(216) 0000000;;;İMİB - İstanbul Maden İhracatçıları Birliği
BGB ENERJI YATIRIMLARI LTD. STI.;TARABYA MAH. HAN CAYIRI YOLU SK.MAVI BELDESITESI NO:30/1 SARIYER İSTANBUL;;;;İMİB - İstanbul Maden İhracatçıları Birliği
BILFER MADENCILIK VE IHRACAT A.S.;ATAÇ 1 SOK. NO.35/6 YENİŞEHİR ÇANKAYA ANKARA;(312) 4302880;www.bilfer.com;bilfer.com;İMİB - İstanbul Maden İhracatçıları Birliği
BIO MERIEUX DIAGNOSTIK MALZ. VE HIZM.TIC.A.S.;IŞIKLAR CAD. NO.29 ATAŞEHİR İSTANBUL;(216) 4440083;www.biomerieux.com.tr;biomerieux.com.tr;İMİB - İstanbul Maden İhracatçıları Birliği
BITUM TEKNIK IZOLASYON SAN.VE DIS TIC.LTD.STI.;3. ORG. SAN. BÖLG. 3.YOL 51 SÖĞÜTLÜ SAKARYA;02646812100;www.bitum.com.tr;bitum.com.tr;İMİB - İstanbul Maden İhracatçıları Birliği
BİANCO MARBLE PAZ.DIŞ TİC.SAN.A.Ş.;ATATÜRK CD.KAPTANLAR SİTESİ ALTI NO:4 MERKEZ SİVAS;(346) 2225000;;;İMİB - İstanbul Maden İhracatçıları Birliği
BİGTEM MAKİNE PAZARLAMA LTD. ŞTİ.;ORHANLI MAH. GÜLSÜM SK. NO:8 ORHANLI TUZLA İSTANBUL;02163944189;www.bigtem.com.tr;bigtem.com.tr;İMİB - İstanbul Maden İhracatçıları Birliği
BİLAL DORUK;ŞEYHSİNAN MH.SANAYİ ÇARŞISI 7.SK.NO:25 ÇORLU TEKİRDAĞ;(282) 0000000;;;İMİB - İstanbul Maden İhracatçıları Birliği
BİLAL SABUNCU TEMİZLİK MADDELERİ PAZARLAMA ANONİM ŞİRKETİ;ILICABAŞI MAH.DENİZLİ BULVARI NO:131 EFELER AYDIN;(256) 2310015;www.bilalsoaps.com.tr;bilalsoaps.com.tr;İMİB - İstanbul Maden İhracatçıları Birliği
BİLAL SABUNCU YAĞ VE SABUN SANAYİ VE TİCARET ANONİM ŞİRKETİ;DENIZLI ASFALTI UZERI 4.KMP.K.182 AYDIN AYDIN;02562310015;www.bilalsoaps.com.tr;bilalsoaps.com.tr;İMİB - İstanbul Maden İhracatçıları Birliği
BİLBEY END.MUTFAK EKİPMANLARI SAN. VE TİC.LTD.ŞTİ.;KAYIHAN MAH.İNÖNÜ CAD.KAMİL KOÇ İŞM. OSMANGAZİ BURSA;(224) 5542225;www.bilbeykitchen.com;bilbeykitchen.com;İMİB - İstanbul Maden İhracatçıları Birliği
BİLFER MADEN DEMİR İŞLETMELERİ ANONİM ŞİRKETİ;ATAC SOKAK NO: 35/6 YENİŞEHİR ÇANKAYA ANKARA;(312) 4302880;http://bilfer.com.tr;bilfer.com.tr;İMİB - İstanbul Maden İhracatçıları Birliği
BİLFER MADENCİLİK VE TURİZM ANONİM ŞİRKETİ;ATAÇ SOKAK NO.35/4 YENİŞEHİR ÇANKAYA ANKARA;(312) 4302880;www.bilfer.com;bilfer.com;İMİB - İstanbul Maden İhracatçıları Birliği
BİLGİN CEPHE SİSTEMLERİ METAL İNŞAAT YAPI MALZEMELERİ SANAYİ VE DIŞ TİCARET LİMİTED ŞİRKETİ;GAZİ MUSTAFA KEMALPAŞA MAH. DERİNCE SK. BILGIN APT NO: 9 A ÇERKEZKÖY TEKİRDAĞ;(212) 4415915;;;İMİB - İstanbul Maden İhracatçıları Birliği
BİLGİN TASARIM MOBİLYA VE DEKORATİF METAL ÜRÜNLERİ SANAYİ TİCARET ANONİM ŞİRKETİ;FATİH MAH. 8.MENEKŞE CAD. NO:6A KÜÇÜKÇEKMECE İSTANBUL;(212) 8764547;;;İMİB - İstanbul Maden İhracatçıları Birliği
BİLİM CHEMICALS KİMYA ANONİM ŞİRKETİ;İKİTELLİ OSB MAH. ENKOOP CAD. NO: 8 BAŞAKŞEHİR İSTANBUL;(212) 4863641;www.bilimkimya.net;bilimkimya.net;İMİB - İstanbul Maden İhracatçıları Birliği
BİLİM DIŞ TİCARET LİMİTED ŞİRKETİ;IKITELLI OSB MAH. KERESTECILER 11B BLOK SK. KEREST SANAYI 11. BLOK NO: 11 B IÇ KAPI NO: 4 BAŞAKŞEHİR İSTANBUL;(212) 0000000;;;İMİB - İstanbul Maden İhracatçıları Birliği
BİLKİM TIBBİ ÜRÜNLER SANAYİ VE TİCARET LİMİTED ŞİRKETİ;8229/2 SOKAK N:7 ODIN ISMERKEZI ÇİĞLİ İZMİR;(232) 3297027;www.bilkimya.com;bilkimya.com;İMİB - İstanbul Maden İhracatçıları Birliği
BİMAKS SU TEKNOLOJİLERİ İTHALAT İHRACAT SAN. VE TİC. A.Ş.;FSM MAH ŞİİR SOKAK NO:10/1 ÜMRANİYE RELUX PLAZA FATİH SULTAN MEHMET 34771 ÜMRANİYE İSTANBUL;(216) 3213216;;;İMİB - İstanbul Maden İhracatçıları Birliği
BİMED TEKNİK ALETLER SANAYİ VE TİCARET ANONİM ŞİRKETİ;BEYLİKDÜZÜ OSB MH BAKIR PİRİNÇ SAN SİT LEYLAK CD NO::10 BEYLİKDÜZÜ İSTANBUL;(212) 8757376;www.bimedteknik.com;bimedteknik.com;İMİB - İstanbul Maden İhracatçıları Birliği
BİNAKS SOLUTİONS DANIŞMANLIK HİZMETLERİ TİCARET LİMİTED ŞİRKETİ;ESENLER MAH. DİVAN SK. VEZIR KURUBAL APT NO: 4 İÇ KAPI NO: 12 PENDİK İSTANBUL;(216) 3965164;http://www.binaks.com;binaks.com;İMİB - İstanbul Maden İhracatçıları Birliği
BİNAYA İNŞAAT VE TİCARET LİMİTED ŞİRKETİ;HALKALI MERKEZ MAH.1 ÇINAR SK NO.3 KÜÇÜKÇEKMECE İSTANBUL;;;;İMİB - İstanbul Maden İhracatçıları Birliği
BİNEVA İŞGÜVENLİK EKİPMANLARI HIRDAVAT VE ENDÜSTRİYEL TEMİZLİK MALZEMELERİ İTHALAT İHRACAT LTD. ŞTİ.;ALTUNİZADE MAHALLESİ İCADİYE BAĞLARBAŞI CAD.NO:32/6 ÜSKÜDAR İSTANBUL;;;;İMİB - İstanbul Maden İhracatçıları Birliği
BİOMO KİMYA İÇ VE DIŞ TİCARET LOJİSTİK ANONİM ŞİRKETİ;ORUÇREİS MAHALLESİ TEKSTİLKENT CAD. A BLOK SIT NO:12 B/181 PK:34235 ESENLER İSTANBUL;(212) 3560345;;;İMİB - İstanbul Maden İhracatçıları Birliği
BİOTEK TEKNİK SERVİS VE MEDİKAL SAN. TİC. LTD. ŞTİ.;GİYİMKENT 8. SOKAK GİYİMKENT SİTESİ B92 BLOK NO:60/A ESENLER /İSTANBUL SANAYİ 34235 ESENLER, İSTANBU SANAYİ ESENLER İSTANBUL;(212) 4661120;;;İMİB - İstanbul Maden İhracatçıları Birliği
BİOVERİM GÜBRE VE TARIM ÜRÜNLERİ ANONİM ŞİRKETİ;75. YIL MAH.11235 SOKAK YUNUS EMRE KOBİ SANAYİ SİTESİ B BLOK NO :50 ODUNPAZARI ESKİŞEHİR;(222) 0000000;;;İMİB - İstanbul Maden İhracatçıları Birliği
BİRADLI MADENİ EŞYA SANAYİ VE DIŞ TİCARET LİMİTED ŞİRKETİ;KAVAKLI MH RIFAT ILGAZ CD NO:4B/5 BEYLİKDÜZÜ İSTANBUL;(212) 8764484;www.biradli.com.tr;biradli.com.tr;İMİB - İstanbul Maden İhracatçıları Birliği
BİRGÜL GÜL;AÇMALAR MEVKİİ AÇMALAR SAN.SİT.5 BLOK NO:2 ORHANGAZİ BURSA;(224) 8560171;www.herculesmosaic.com;herculesmosaic.com;İMİB - İstanbul Maden İhracatçıları Birliği
BİRİKİM DIŞ TİCARET LİMİTED ŞİRKETİ;KEMAL GÜNEŞ CAD. ÖMÜR İŞHANI ZEMİN KAT MERKEZ KARABÜK;(370) 4156600;;;İMİB - İstanbul Maden İhracatçıları Birliği
BİRLİK GRUP TÜKETİM ÜRÜNLERİ SANAYİ TİCARET LİMİTED ŞİRKETİ;MAHMUTBEY MAH. 2435 SK. NO. 132 BAĞCILAR İSTANBUL;(212) 5075324;;;İMİB - İstanbul Maden İhracatçıları Birliği
BİRLİK SEVEN ENERJİ İÇ VE DIŞ TİCARET ANONİM ŞİRKETİ;GÜZELTEPE MAHALLESİ, ÇAĞDAŞ SOKAK, NO: 49/1 ÜSKÜDAR İSTANBUL;;;;İMİB - İstanbul Maden İhracatçıları Birliği
BİRTAN ELEKTRİK İÇ VE DIŞ TİC. LTD. ŞTİ.;PERPA TİC.MERKZ.A BLOK K:5 N:68 OKMEYDANI ŞİŞLİ İSTANBUL;(212) 2212315;www.birtanelektrik.com;birtanelektrik.com;İMİB - İstanbul Maden İhracatçıları Birliği
BİRYAP GRUP BETON ÜRÜNLERİ İNŞAAT MADENCİLİK TEKSTİL GIDA PEYZAJ ORMAN ÜRÜNLERİ SAN.VETİC.LTD.ŞTİ.;İSMETPAŞA MAH. RASİM KOÇAL CAD. NO.139/4 MERKEZ YALOVA;(226) 8149745;;;İMİB - İstanbul Maden İhracatçıları Birliği
BİSOM MADENCİLİK İNŞAAT NAKLİYAT LTD. ŞTİ.;HUNAT MAH. SİVAS CAD. POSTALAR GEÇİDİ SOK.AK PLAZA İŞ MERKZ.NO:1KAT:3 NO:307 MELİKGAZİ KAYSERİ;(352) 2314335;;;İMİB - İstanbul Maden İhracatçıları Birliği
BKD İNŞ.İNŞ.MALZ.TAR.ÜR.İM.İTH İHR.LTD.ŞTİ.;ESKISEHIR YOLU UZERI 2.KM EMİRDAĞ AFYON;(272) 4424647;;;İMİB - İstanbul Maden İhracatçıları Birliği
BKİ BATI KÖMÜR İŞLETMELERİ ANONİM ŞİRKETİ;HARMANLI KÖYÜ UZUNKÖPRÜ EDİRNE;(284) 5134505;www.batikomur.com;batikomur.com;İMİB - İstanbul Maden İhracatçıları Birliği
BKT BOĞAZİÇİ KİMYASAL TEKNOLOJİLERİ SANAYİ VE DIŞ TİCARET LİMİTED ŞİRKETİ;NECİP FAZIL MAH HARBİYE SK N:22 ÜMRANİYE İSTANBUL;(216) 4155287;;;İMİB - İstanbul Maden İhracatçıları Birliği
BLACK WHITE MERMER PEYSAJ İNŞAAT TAAHHÜT SANAYİ VE TİCARET LİMİTED ŞİRKETİ;FERHATPAŞA MAH. NO:78 ATAŞEHİR İSTANBUL;(216) 0000000;;;İMİB - İstanbul Maden İhracatçıları Birliği
BLACKGREEN METAL TEKNOLOJİLERİ ÜRETİM VE TİC.A.Ş;ÇENGELKÖY MAH. KALANTOR SOK. NO: 7 ÜSKÜDAR İSTANBUL;(216) 5577470;;;İMİB - İstanbul Maden İhracatçıları Birliği
BLANCO MERMER SANAYİ İÇ VE DIŞ TİC LTD ŞTİ;CEVİZLİ MAH DURU SK ZİŞAN APT NO: 1 / 4 MALTEPE İSTANBUL;(216) 0000000;;;İMİB - İstanbul Maden İhracatçıları Birliği
BLOOM AND BEAUTY DIŞ TİCARET LİMİTED ŞİRKETİ;GÜLBAHAR MAH SİMİTÇİLER SK SEÇMEN AP NO.2 DA.9 ŞİŞLİ İSTANBUL;(212) 1275855;;;İMİB - İstanbul Maden İhracatçıları Birliği
BLOOM TİLE SERAMİK SANAYİ VE DIŞ TİCARET LİMİTED ŞİRKETİ;CIHANGIR MAH. YAMAÇ SK. SAMIBEY APT SAMIBEY APT.NO: 9 IÇ KAPI NO: 12 AVCILAR İSTANBUL;;;;İMİB - İstanbul Maden İhracatçıları Birliği
BLS GAYRİMENKUL İNŞAAAT TİCARET ANONİM ŞİRKETİ;MAHMUTBEY MH 2427 SK 9 ADA NO:18 BAĞCILAR İSTANBUL;(212) 5126827;;;İMİB - İstanbul Maden İhracatçıları Birliği
BLUE OCEAN PETROL GENEL TİC. LTD. ŞTİ.;NECİP FAZIL KISAKÜREK MAH. ANKAKUŞU SK. B2 BLOK NO: 2C / 72 AVCILAR İSTANBUL;(212) 0000000;;;İMİB - İstanbul Maden İhracatçıları Birliği
BLUE SKY MAKİNA SANAYİ VE TİCARET LİMİTED ŞİRKETİ;BARIŞ MAH İZMİR YOLU CAD DEFNE SKKARASU APT K:2 D:4 N:10 NİLÜFER BURSA;(224) 4500018;;;İMİB - İstanbul Maden İhracatçıları Birliği
BMF ENERJİ SANAYİ VE TİCARET LTD. ŞTİ.;ORUÇREİS MAH. TEKSİLKENT CAD B BLOK 12A NO:183 ESENLER İSTANBUL;(212) 4381899;http://www.bmfenerji.com;bmfenerji.com;İMİB - İstanbul Maden İhracatçıları Birliği
BMS BULUT MAKINA SANAYI VE TICARET LTD.STI.;KOCAELİ KOBI OSB, KOSELER MAHALLESİ 6. CADDE NO 20/2 DİLOVASİ KÖSELER DİLOVASI KOCAELİ;(262) 5029773;www.bulutmak.net;bulutmak.net;İMİB - İstanbul Maden İhracatçıları Birliği
BNBŞÖLEN MAD.SAN.İMALAT İTH.İHR.LTD.ŞTİ.;HACI OSMAN MAH.SAYAR SOK.NO:1/B KÖRFEZ KOCAELİ;(262) 0000000;;;İMİB - İstanbul Maden İhracatçıları Birliği
BNC MERMER İTHALAT İHRACAT SANAYİ VE TİCARET LİMİTED ŞİRKETİ;23 NİSAN MAH. 241 SK. ALPİŞ PLAZA PLAZA NO:10 B İÇKAPI NO : 34 NİLÜFER BURSA;;;;İMİB - İstanbul Maden İhracatçıları Birliği
BNSPİNUS ENDÜSTRİYEL YAPILARI ZEMİN KAPLAMALARI İMALATI UYGULAMALARI İHRACAT SANAYİ TİCARET LTD ŞTİ;ALAADDİNBEY MAH. 632. SK. NO :6 A NİLÜFER BURSA;(224) 2413660;;;İMİB - İstanbul Maden İhracatçıları Birliği
BOEM İÇ VE DIŞ TİCARET LİMİTED ŞİRKETİ;FERHATPAŞA MAH. AKDENİZ CD. AKDAL SOK.NO:4 ATAŞEHİR İSTANBUL;(216) 6601874;www.boem.com.tr;boem.com.tr;İMİB - İstanbul Maden İhracatçıları Birliği
BOMONTİ YAPI MALZEMELERİ PAZARLAMA İNŞAAT SANAYİ VE TİCARET LİMİTED ŞİRKETİ;MERKEZ MAH. HASAT SK.NO:52 ŞİŞLİ İSTANBUL;(212) 2929927;;;İMİB - İstanbul Maden İhracatçıları Birliği
BONAVERTE DEKORASYON ÜRÜNLERİ SAN TİC LTD ŞTİ;ŞERİFALİ MAH MİRAS SOK SAĞDIÇ APT NO:7/B ÜMRANİYE ÜMRANİYE İSTANBUL;(216) 0000000;http://www.bonaverte.com;bonaverte.com;İMİB - İstanbul Maden İhracatçıları Birliği
BOR ALÜMİNYUM ANONİM ŞİRKETİ;VELİKÖY OSB MAH. 1.CAD NO: 12/A ÇERKEZKÖY TEKİRDAĞ;(282) 7461086;https://boraluminyum.com/;boraluminyum.com;İMİB - İstanbul Maden İhracatçıları Birliği
BORA ÇELİK EŞYA VE MOBİLYA İNŞAAT MALZEMELERİ SAN. TİC. LTD. ŞTİ.;ORG. SAN. BÖL. 21.CD. NO / 41 ODUNPAZARI ESKİŞEHİR;(222) 2361940;www.boracelik.com.tr;boracelik.com.tr;İMİB - İstanbul Maden İhracatçıları Birliği
BORCEM ELEKTRİK MÜHENDİSLİK SANAYİ VE TİCARET LİMİTED ŞİRKETİ;OSMANGAZİ MAH. DÜNDARLI CAD. MAHAL SANCAKTEPENO: 12 D İÇ KAPI NO: D63 SANCAKTEPE İSTANBUL;;https://borcemelektrik.com/;borcemelektrik.com;İMİB - İstanbul Maden İhracatçıları Birliği
BORÇELİK ÇELİK SANAYİ TİCARET ANONİM ŞİRKETİ;ATA MAH.125 NOLU SOK.NO.1 GEMLİK BURSA;(224) 2804000;www.borcelik.com;borcelik.com;İMİB - İstanbul Maden İhracatçıları Birliği
BORSEL BORU TICARET LTD.STI.;BARBAROS MAH.SUTCUYOLU CAD.NO-83-A YENİSAHRA ATAŞEHİR İSTANBUL;02163176465;www.borselboru.com;borselboru.com;İMİB - İstanbul Maden İhracatçıları Birliği
BORTECH DIŞ TİC. LTD. ŞTİ.;SEYRANTEPE MAH., ALTINAY CAD., 90/12 34400 KAĞITHANE İSTANBUL;(212) 2955493;www.bortech.com.tr;bortech.com.tr;İMİB - İstanbul Maden İhracatçıları Birliği
BORTHE KİMYA KOZMETİK SANAYİ VE TİCARET LİMİTED ŞİRKETİ;İKİTELLİ OSB. MAH BAŞAKŞEHİR İSTANBUL;(212) 4857827;http://www.borthe.com;borthe.com;İMİB - İstanbul Maden İhracatçıları Birliği
BORUSAN MAKİNA VE GÜÇ SİSTEMLERİ SANAYİ VE TİCARET ANONİM ŞİRKETİ;ANKARA ASFALTI NO:71 ÇAYIROVA GEBZE KOCAELİ;(212) 3935500;;;İMİB - İstanbul Maden İhracatçıları Birliği
BOSFORO MÜHENDİSLİK PROJE MAKİNA VE ENERJİ SANAYİ TİCARET LİMİTED ŞİRKETİ;69. SOK . NO: 44 FERHATPAŞA İÇERENKÖY ATAŞEHİR İSTANBUL;(216) 5508070;www.bosforo.org;bosforo.org;İMİB - İstanbul Maden İhracatçıları Birliği
BOSNA DIŞ TİCARET ANONİM ŞİRKETİ;VELİKÖY MAHALLESİ SANAYİ ORHANGAZİ BULV..NO:24/D ÇERKEZKÖY TEKİRDAĞ;(282) 7476665;;;İMİB - İstanbul Maden İhracatçıları Birliği
BOSPHORUS TRADE GIDA İNŞ. İÇ VE DIŞ TİC. A.Ş.;ATAKÖY 2-5-6 KISIM MH.RAİF ORBAY CD YALI ATAKÖY C BLOK NO:4/68 BAKIRKÖY İSTANBUL;(212) 6596849;;;İMİB - İstanbul Maden İhracatçıları Birliği
BOSS CHEMICALS KİMYA SANAYİ VE TİCARET LİMİTED ŞİRKETİ;BAHCESEHİR 2.KISIM MAH. OKYANUS CAD. FUNDA 03.05 SİTESİ E 10 BLOK NO:19 İÇ KAPI NO: K1 BAŞAKŞEHİR İSBAHÇEŞEHİR İKİNCİ KISIM MAH 34488 BAŞAKŞEHİR, İSTANBUL, TÜRKİYE BAŞAKŞEHİR İSTANBUL;;www.bosschemicals.com.tr;bosschemicals.com.tr;İMİB - İstanbul Maden İhracatçıları Birliği
BOWA YAPI SANAYİ LİMİTED ŞİRKETİ;ATATÜRK MAH. GÜNER SOK. METROPARK SİTESİ B1 APARTMAN NO.1/1B /55 KÜÇÜKÇEKMECE İSTANBUL;;bowa.com.tr;bowa.com.tr;İMİB - İstanbul Maden İhracatçıları Birliği
BOWER GLOBAL LOJİSTIK VE DIŞ TİCARET LİMİTED ŞİRKETİ;NECİP FAZLI MAH. BAHRİ SOK. NO:17/4 ÜMRANİYE İSTANBUL;(216) 4153273;;;İMİB - İstanbul Maden İhracatçıları Birliği
BOYDEM YAPI VE ELEKTRIK MALZ. SAN.VE TIC.LTD.STI.;PERPA A BL.K.8 NO.762 ŞİŞLİ İSTANBUL;02122209731;www.boydem.com;boydem.com;İMİB - İstanbul Maden İhracatçıları Birliği
BOYNUKISA PROJE İNŞ. SAN. VE TİC. LTD. ŞTİ.;ACIBADEM MAH. ÇEÇEN SK.25 A 112 ÜSKÜDAR İSTANBUL ÜSKÜDAR İSTANBUL;(216) 0000000;;;İMİB - İstanbul Maden İhracatçıları Birliği
BOYSS PETROKİMYA SANAYİ VE TİC. A.Ş.;ALTINŞEHİR MAH. ŞAFAK SK. NO:40-42/8 ÜMRANİYE İSTANBUL;2166444221;;;İMİB - İstanbul Maden İhracatçıları Birliği
BOYTEK REÇİNE BOYA VE KİMYA SANAYİİ TİCARET ANONİM ŞİRKETİ;29 EKİM CAD. İSTANBUL VİZYON PARK OFİS PLAZA 3 A2 BLOK KAT: 7NO.60-61 YENİBOSNA BAHÇELİEVLER İSTANBUL;(212) 5510304;www.boytek.com.tr;boytek.com.tr;İMİB - İstanbul Maden İhracatçıları Birliği
BOYUT DANIŞMANLIK VE PROJE LTD. ŞTİ.;1713. SOK. NO:22 ORHAN GAZİ MAH. ESENYURT İSTANBUL;(212) 8540898;www.vein.com.tr;vein.com.tr;İMİB - İstanbul Maden İhracatçıları Birliği
BÖREKÇİ İNŞAAT TAAHHÜT TURİZM SANAYİ VE TİCARET ANONİM ŞİRKETİ;AZİZİYE MAH. KIRKPINAR SOK. NO:18/2 ÇANKAYA ANKARA;(312) 4096405;www.borekci.com;borekci.com;İMİB - İstanbul Maden İhracatçıları Birliği
BR YATIRIM TURİZM OTOMOTİV İÇ VE DIŞ TİCARET LİMİTED ŞİRKETİ;ORG. SANAYİ BÖLG. MUTFAK EŞYALARI SAN. SİT. M-9 BLOK NO:33 İKİTELLİ BAŞAKŞEHİR İSTANBUL;(212) 4850586;www.makaroglu.com;makaroglu.com;İMİB - İstanbul Maden İhracatçıları Birliği
BRAVO DANIŞMANLIK DIŞ TİCARET LİMİTED ŞİRKETİ;MASLAK MAH. MASLAK MEYDAN SK. VEKO GIZ PLAZA NO:3/79 SARIYER İSTANBUL;(212) 0000000;;;İMİB - İstanbul Maden İhracatçıları Birliği
BRC MADENCİLİK DIŞ TİC.LTD.ŞTİ.;DERGİLER SOK. NO.17/21 D.23 ESENTEPE ESENTEPE ŞİŞLİ İSTANBUL;(212) 2580563;www.brcmarble.com;brcmarble.com;İMİB - İstanbul Maden İhracatçıları Birliği
BRC PACKAGING PLASTİK AMBALAJ SANAYİ TİCARET LİMİTED ŞİRKETİ;HÜRRİYET MAH.HAVADAR SK.NO:3 İÇ KAPI NO:1BÜYÜKÇEKMECE/İSTANBUL BÜYÜKÇEKMECE İSTANBUL;(212) 0000000;www.brcpackagin.com;brcpackagin.com;İMİB - İstanbul Maden İhracatçıları Birliği
BREDA RADYATÖR ISI SİSTEMLERİ LİMİTED ŞİRKETİ;CUMHURİYET MH. HÜRRİYET CD. NO.9 D.1 ESENYURT İSTANBUL;(212) 3026977;http://www.breda.com.tr;breda.com.tr;İMİB - İstanbul Maden İhracatçıları Birliği
BRENNTAG KIMYA TIC. LTD. ŞTI.;KAVACIK MAH. EKINCILER CAD.MUHTAR SOK NO:1 BEYKOZ İSTANBUL;02163313966;www.brenntag.com.tr;brenntag.com.tr;İMİB - İstanbul Maden İhracatçıları Birliği
BRENT GOLD KUYUMCULUK VE MÜCEVHERAT DIŞ TİC.SAN. LTD.ŞTİ.;MİMAR HAYRETTİN MAH. YENİÇERİLERCAD. KIĞILI PASAJI NO:31 KAPI NO:101 FATİH İSTANBUL;(212) 0000000;;;İMİB - İstanbul Maden İhracatçıları Birliği
BRIGHT STONE MADENCİLİK İÇ VE DIŞ TİCARET LİMİTED ŞİRKETİ;EMEK MAH.BİŞKEK CAD.NO.125-127 İÇ KAPI NO:16 06400 ÇANKAYA ANKARA;;;;İMİB - İstanbul Maden İhracatçıları Birliği
BRIMSTONE KİMYA SANAYİ TİCARET ANONİM ŞİRKETİ;5001 SOKAK NO:28/1 İÇ KAPI NO:1 ÇORAKLAR 35800 ALİAĞA, İZMIR, TÜRKİYE ALİAĞA İZMİR;(232) 8323535;;;İMİB - İstanbul Maden İhracatçıları Birliği
BROSMAR MERMER MADENCİLİK LİMİTED ŞİRKETİ;GÜLTEPE MAH. 3. TOPTANCILAR SOK. MAQAM OFİS B BLOK NO:2/1 D:602 MERKEZ SİVAS;;www.brosmar.com;brosmar.com;İMİB - İstanbul Maden İhracatçıları Birliği
BSH EV ALETLERİ SANAYİ VE TİCARET ANONİM ŞİRKETİ;MERKEZ FATİH SULTAN MEHMET MAH.BALKAN CAD.NO.51 ÜMRANİYE İSTANBUL;(216) 5289000;www.bsh.com.tr;bsh.com.tr;İMİB - İstanbul Maden İhracatçıları Birliği
BSM ULUSLARARASI DIŞ TİCARET MADEN LİMİTED ŞİRKETİ;CEVİZLİDERE MAH.1244 SOK.NO:1/3 BALGAT ÇANKAYA ANKARA;(312) 4391522;;;İMİB - İstanbul Maden İhracatçıları Birliği
BSNZ İÇ VE DIŞ TİCARET LİMİTED ŞİRKETİ;ÇUBUKLU MAH. BOĞAZİÇİ CAD. NO:7 D:3 BEYKOZ/İSTANBU BEYKOZ İSTANBUL;(212) 2641121;;;İMİB - İstanbul Maden İhracatçıları Birliği
BSS MARİNE VE HIRDAVAT SANAYİ TİCARET LİMİTED ŞİRKETİ;GÜZELYALI MAH. YEDİ İKLİ SOK. NO:1 A PENDİK İSTANBUL;(216) 4941409;http://www.bssmarine.com.tr;bssmarine.com.tr;İMİB - İstanbul Maden İhracatçıları Birliği
BST ALTINAY SANAYİ ÜRÜNLERİ İTHALAT İHRACAT VE TİCARET ANONİM ŞİRKETİ;AKÇABURGAZ MAH.1575.SK.ALKOOP SAN.SİT.C1 BLOK NO:1BLOK NO:1C/1 ESENYURT İSTANBUL;(212) 8903940;;;İMİB - İstanbul Maden İhracatçıları Birliği
BSY KURUMSAL TEDARİK HİZMETLERİ ANONİM ŞİRKETİ;ORTA MAH. MARİFET SOK. NO:6/14 PK:34880 KARTAL İSTANBUL;(216) 4946000;www.bsykurumsal.com;bsykurumsal.com;İMİB - İstanbul Maden İhracatçıları Birliği
BŞK GRUP KİMYA SANAYİ VE TİCARET LİMİTED ŞİRKETİ;HARBİYE CAD. YEŞİLBAHÇE SOK.NO:30-1 ORTAKÖY SİLİVRİ İSTANBUL;(212) 9248299;www.ezelpremium.com;ezelpremium.com;İMİB - İstanbul Maden İhracatçıları Birliği
BTA HAVALİMANLARI YİYECEK VE İÇECEK HİZMETLERİ ANONİM ŞİRKETİ;AYAZAĞA MAHALLESİ CENDERE CADDESİ, NO:109L 2C BLOK KAT:2 SARIYER İSTANBUL;(212) 4654130;www.bta.com.tr;bta.com.tr;İMİB - İstanbul Maden İhracatçıları Birliği
BUĞRA SERVİDAL;BARIŞ MAH. EGEMENLİK CAD. İPEK APARTMANI B2 BLOK NO: 8 İÇ KAPI NO: 6 BEYLİKDÜZÜ/ İSTANBUL BEYLİKDÜZÜ İSTANBUL;(212) 0000000;;;İMİB - İstanbul Maden İhracatçıları Birliği
BULUTONUR TEDARİK İTHALAT İHRACAT SANAYİ VE TİCARET LİMİTED ŞİRKETİ;VEYSEL KARANİ MAHALLESİ KÖŞK CADDESİ 16. ÇEŞME SOKAK NO:2 OSMANGAZİ BURSA;(224) 2152182;www.bulutonurplastik.com.tr;bulutonurplastik.com.tr;İMİB - İstanbul Maden İhracatçıları Birliği
BUNYAN GAYRİMENKUL YATIRIM LİMİTED ŞİRKETİ;ÜNİVERSİTE MH.CİVAN SK.ALLURE TOWER SİT.NO:1/207 AVCILAR İSTANBUL;(212) 9129515;;;İMİB - İstanbul Maden İhracatçıları Birliği
BURAK MAKINA SAN.TIC.LTD.STI.;NUMUNEBAG CAD.SUNTAS ISM.95 BAYRAMPAŞA İSTANBUL;;;;İMİB - İstanbul Maden İhracatçıları Birliği
BURAQ SHIPPING DIŞ TİC.VE TURİZM SAN.LTD.ŞTİ.;M.NESİH ÖZMEN MH. M.AKİF CD. DEFNESK.BARIŞ İŞ HANI NO:11/3 GÜNGÖREN İSTANBUL;(212) 5048284;;;İMİB - İstanbul Maden İhracatçıları Birliği
BURCU YILMAZTÜRK;YENİŞEHİR MAH. PETEK SK.MIRA BESYILDIZ SİTESİB1 BLOK NO: 3P İÇ KAPI NO: 19 PENDİK İSTANBUL;(216) 5404077;;;İMİB - İstanbul Maden İhracatçıları Birliği
BURGMANN PACKINGS ENDUSTRIYEL SIZDIRMAZLIK SAN.VETIC.LTD.STI;BİRLİK ORG.SAN.BOLGESI BATI CAD.NO.6 AYDINLI TUZLA İSTANBUL;(216) 5931115;www.burgmannpackings.com.tr;burgmannpackings.com.tr;İMİB - İstanbul Maden İhracatçıları Birliği
BURMAR YAPI MALZEMELERİ İNŞAAT TURİZM TEKSTİL NAKLİYE OTOMOTİV SANAYİ VE TİCARET LİMİTED ŞİRKETİ;YAVUZ SELİM MAH.BARIŞ CAD. NO:22 YILDIRIM BURSA;(224) 3661955;www.burmaryapi.com.tr;burmaryapi.com.tr;İMİB - İstanbul Maden İhracatçıları Birliği
BURSA LOTUS KİMYA SANAYİ VE TİCARET LİMİTED ŞİRKETİ;GEÇİT MAH PAZARCIK SK. B BLOK NO:11 OSMANGAZİ BURSA;;https://bursalotuskimya.com/;bursalotuskimya.com;İMİB - İstanbul Maden İhracatçıları Birliği
BURSA TEK ENERJİ SAN.TİC.A.Ş;ALAADDİNBEY MAHALLESİ İZMİR YOLU CAD NO:329 16110 NİLÜFER, BURSA, TÜRKİYE NİLÜFER BURSA;(224) 2740016;http://www.bursatekenerji.com;bursatekenerji.com;İMİB - İstanbul Maden İhracatçıları Birliği
BUSER ENERJİ DIŞ TİCARET LİMİTED ŞİRKETİ;SÜTLÜCE MH İMRAHOR CD ZORBAYİR SK NO:11 BEYOĞLU İSTANBUL;(212) 2569390;www.buserproject.com;buserproject.com;İMİB - İstanbul Maden İhracatçıları Birliği
BUSİNESS GUDİ GENERAL TRADİNG İÇ VE DIŞ TİCARET LİMİTED ŞİRKETİ;İSKENDERPAŞA MAH. YEŞİL TEKKE KUYULU SK. BURAK APA8A FATİH İSTANBUL;(212) 0000000;;;İMİB - İstanbul Maden İhracatçıları Birliği
BUTİK MERMER SANAYİ VE TİCARET LİMİTED ŞİRKETİ;ESENŞEHİR MAH.ÇETİNKAYA SK. NO : 14 YUKARI DUDULLU ÜMRANİYE İSTANBUL;(216) 3645823;http://www.buti?kmermer.com;buti;İMİB - İstanbul Maden İhracatçıları Birliği
BUZDOLABI DÜNYASI END.MUT.ÜR.PAZ.SAN.VE TİC.LTD.ŞTİ.;DAVUTPAŞA CAD. TİM 2 İŞM. NO.178 ZEYTİNBURNU İSTANBUL;(212) 5444853;www.buzdolabidunyasi.com;buzdolabidunyasi.com;İMİB - İstanbul Maden İhracatçıları Birliği
BUZKAP SOĞUTMA SANAYİ VE TİCARET ANONİM ŞİRKETİ;ORTAKÖY MAH. ATALAY SOK.NO.1 SİLİVRİ İSTANBUL;(212) 6232610;www.buzkap.com.tr;buzkap.com.tr;İMİB - İstanbul Maden İhracatçıları Birliği
BÜLBÜLLER MADENCİLİK İNŞAAT TAAHHÜT KUYUMCULUK SANAYİ VE TICARET LTD. ŞTİ.;50.YIL MAH. B CAD. 2002 SOKAK NO.8 SULTANGAZİ İSTANBUL;(212) 5942098;www.bulbuller.com.tr;bulbuller.com.tr;İMİB - İstanbul Maden İhracatçıları Birliği
BÜYÜK BEYAZ DIŞ TİCARET LİMİTED ŞİRKETİ;ŞİRİNTEPE MAH. AYARCI CAD. ŞİRİNTEPE MERKEZ CAMİ APARTMAN NO/1 A KAĞITHANE KAĞITHANE İSTANBUL;(212) 0000000;;;İMİB - İstanbul Maden İhracatçıları Birliği
BVORIA KİMYA İÇ VE DIŞ TİCARET LTD.ŞTİ.;FİNANSKENT MH. FİNANS CD. SARPHANFİNANS MERKEZİC-BLOK NO:5 İÇ KAPI NO:106 ÜMRANİYE İSTANBUL;(216) 0000000;;;İMİB - İstanbul Maden İhracatçıları Birliği
BY TEK BOYA MOBİLYA SANAYİ VE TİCARET LİMİTED ŞİRKETİ;YUKARI DUDULLU MAH.SARMAŞIK SOK. NO :12 -14B/1 ÜMRANİYE İSTANBUL;(216) 0000000;;;İMİB - İstanbul Maden İhracatçıları Birliği
BYD DOĞALTAŞ SANAYİ VE DIŞ TİCARET LİMİTED ŞİRKETİ;GEDELEK MAH. GEDELEK SOK. NO:402 ORHANGAZİ BURSA;;;;İMİB - İstanbul Maden İhracatçıları Birliği
BYN YAPI MALZEMELERİ İNŞAAT SANAYİ VE TİCARET LTD.ŞTİ;TALATPAŞA MAH. FATİH SULTAN MEHMET CAD. NO:52 A ESENYURT İSTANBUL;(212) 6620062;;;İMİB - İstanbul Maden İhracatçıları Birliği
BYT DİZAYN MİMARLIK ALÜMİNYUM DOĞRAMA CAM İNŞAAT REKLAM GIDA PAZARLAMA TİCARET LİMİTED ŞİRKETİ;AKPINAR MAH. MALKOÇOĞLU CAD. NO: 109A SANCAKTEPE İSTANBUL;(216) 0000000;;;İMİB - İstanbul Maden İhracatçıları Birliği
C K DIŞ TİCARET LTD.ŞTİ.;HAMİDİYE MAH. ULUBATLI HASAN CAD. NO:54/6 ÇEKMEKÖY İSTANBUL;(216) 3640065;www.karamannaturalstone.com;karamannaturalstone.com;İMİB - İstanbul Maden İhracatçıları Birliği
C.F. MAİER POLİMER TEKNİK LİMİTED ŞİRKETİ;E-5 KARAYOLU UZERI MARMARACIKKOYU MEVKII P.K.65 ÇORLU TEKİRDAĞ;(282) 6863516;www.c-f-maier.com.tr;c-f-maier.com.tr;İMİB - İstanbul Maden İhracatçıları Birliği
CADENCE DIŞ TİCARET LTD.ŞTİ.;M. SİNAN MAH. UNCULAR CAD. NO:4/2 ÜSKÜDAR İSTANBUL;(216) 3343225;;;İMİB - İstanbul Maden İhracatçıları Birliği
CAKMAK YAPI MALZEMELERI VE DIS TICARET A.S.;FENER KALAMIS CAD.NO.9 NUR APTD.13 KADIKÖY İSTANBUL;02163255277;;;İMİB - İstanbul Maden İhracatçıları Birliği
CALDERYS BENTONİT ANONİM ŞİRKETİ;AK ZAMBAK SK. UPHİLL TOWERS NO.3AİÇ KAPI NO. 70 BARBAROS 34367 HARBİYE ATAŞEHİR İSTANBUL;(212) 6883200;;;İMİB - İstanbul Maden İhracatçıları Birliği
CAME CAM İNŞAAT SANAYİ VE TİCARET LİMİTED ŞİRKETİ;ORG.SAN.BOL.AKHUN CAD.NO:2 SİNCAN ANKARA;03122673828;;;İMİB - İstanbul Maden İhracatçıları Birliği
CAMELOT YAPI TAAHHÜT VE TİCARET ANONİM ŞİRKETİ;BARBAROS MAH.KARDELEN SK.PALLADIUM TOWER NO:2/41 ATAŞEHİR İSTANBUL;(216) 6870673;www.camelotyapi.com;camelotyapi.com;İMİB - İstanbul Maden İhracatçıları Birliği
CAMERON DIŞ TİC LTD ŞTİ;YÜZYIL MATBAACILAR SİTESİ 3.CADDE NO:200 BAĞCILAR İSTANBUL;(212) 6290057;;;İMİB - İstanbul Maden İhracatçıları Birliği
CAMİŞ MADENCİLİK ANONİM ŞİRKETİ;İÇMELER MAH.? ?D-100 KARAYOLU CAD.?? NO: 44/A? TUZLA İSTANBUL;(850) 2065050;www.sisecam.com;sisecam.com;İMİB - İstanbul Maden İhracatçıları Birliği
CAN DENİZ MERMER İTHALAT İHRACAT SANAYİ VE TİCARET LİMİTED ŞİRKETİ;KONAKBAŞI MAH HAKAN SOKAK TUNA DOĞRAMA MOBİLYA D BLOK NO:57/A FATSA ORDU;(452) 0000000;;;İMİB - İstanbul Maden İhracatçıları Birliği
CAN MAKINA ZIMPARA MAK.IM.IHR. ITH.SAN TIC.LTD.STI.;YAKACIK CAD.KASTEL SAN.SIT.B BLOK NO.12 KARTAL İSTANBUL;02163093215;www.canmakina.com;canmakina.com;İMİB - İstanbul Maden İhracatçıları Birliği
CAN YAPI VE İNŞ. TAAHH. TİC. SAN. LTD. ŞTİ.;İNKİLAP MAH.F.SULTAN MEHMET CAD.MEHTAP SOK.N:7 ÜMRANİYE İSTANBUL;(216) 6323193;;;İMİB - İstanbul Maden İhracatçıları Birliği
CANDAR OTOMASYON SİSTEMLERİ SAN. VE TİC. LTD.ŞTİ.;YENİ MALTEPE YOLU EMİNTAŞ ULUBATLI SAN.SİTESİ NO:160 BAYRAMPAŞA İSTANBUL;(212) 6746164;;;İMİB - İstanbul Maden İhracatçıları Birliği
CANDY HOOVER EUROASİA EV GEREÇLERİ SANAYİ VE TİCARET ANONİM ŞİRKETİ;İÇERENKÖY MAH. HAL YOLU CAD. SAYAR İŞ MERKEZİ KAT.7 ATAŞEHİR İSTANBUL;(216) 4664242;http://www.hoover.com.tr/;hoover.com.tr;İMİB - İstanbul Maden İhracatçıları Birliği
CANEL MÜNİP ÇOKER MADENCİLİK TİCARET VE SANAYİ ANONİM ŞİRKETİ;ŞEVKETİYE MAH.HATBOYU CAD. NO:26 YEŞİLKÖY BAKIRKÖY İSTANBUL;(212) 5742020;www.canel.com;canel.com;İMİB - İstanbul Maden İhracatçıları Birliği
CANGO ENDÜSTRİYEL ÜRÜNLER VE HAMMADDE TİC.SAN.A.Ş.;RÜZGARLIBAHÇE MAH. CUMHURİYET CAD.NO:39/55 BEYKOZ İSTANBUL;(216) 4256660;;;İMİB - İstanbul Maden İhracatçıları Birliği
CANMER MERMER DEKORASYON İNŞAAT TAAHHÜT İTHALAT İHRACAT SANAYİ VE TİCARET LİMİTED ŞİRKETİ;HABİBLER MAHALLESİ A-1 CADDESİ NO:17/1 SULTANGAZİ İSTANBUL;(212) 5942423;;;İMİB - İstanbul Maden İhracatçıları Birliği
CANSU KOZMETİK CİHAZLARI TUR.PLAS.SAN.VE TİC.LTD.ŞTİ.;AYDINEVLER MAH SAN CD NO:16B MALTEPE İSTANBUL;(216) 5674911;www.cansukozmetik.com;cansukozmetik.com;İMİB - İstanbul Maden İhracatçıları Birliği
CANTAŞ MERMER MADENCİLİK SANAYİ VE TİCARET LİMİTED ŞİRKETİ;RAMAZANOĞLU MAH. ÇUKUROVA CD. NO:16 İÇ KAPI NO:1 PENDİK İSTANBUL;(216) 0000000;;;İMİB - İstanbul Maden İhracatçıları Birliği
CAPİTALEX BİLİŞİM ANONİM ŞİRKETİ;KUŞTEPE MAH. MECİDİYEKÖY YOLU CAD. NO:12 TRUMP TOW ŞİŞLİ İSTANBUL;(212) 0000000;;;İMİB - İstanbul Maden İhracatçıları Birliği
CAPİTOL DIŞ TİCARET ANONİM ŞİRKETİ;MAHMUTBEY MAH. TAŞOCAĞI YOLU CAD. BAĞCILAR İSTANBUL;(212) 8236561;http://www.capitoltrade.com.tr/;capitoltrade.com.tr;İMİB - İstanbul Maden İhracatçıları Birliği
CAPRA TECH İZOLASYON YAPI KİMYASALLARI VE ARGE TEKNOLOJİ ANONİM ŞİRKETİ;DEREBOĞAZ MAH. ÇARŞI MEYDANI NO:6C PAZARYERİ BİLECİK;;;;İMİB - İstanbul Maden İhracatçıları Birliği
CARBIN GRAFİT KARBON SANAYİ VE TİCARET LİMİTED ŞİRKETİ;MASLAK MAH.ESKİ BÜYÜKDERE CAD. İZ PLAZA NO:9/78 SARIYER İSTANBUL;;;;İMİB - İstanbul Maden İhracatçıları Birliği
CARBON INDUSTRIAL CHEMICALS KİMYEVİ MADDELER İTHALAT İHRACAT SANAYİ TİCARET ANONİM ŞİRKETİ;BARBAROS MAH. ÇİĞDEM SK. AGAOGLU MY OFFICE NO:1/18 ATAŞEHİR İSTANBUL;(212) 2434908;;;İMİB - İstanbul Maden İhracatçıları Birliği
CARMİENTE MERMER MADENCİLİK İNŞAAT KİMYA İTHALAT İHRACAT SANAYİ VE TİCARET ANONİM ŞİRKETİ;ÖRTÜLÜPINAR MAH. ŞEHİT HAKAN ŞAHBAZ SOK.MİMAR NEVZAT YANMAZ SİTESİ NO:9 İÇ KAPI NO:2 MERKEZ SİVAS;(346) 0000000;;;İMİB - İstanbul Maden İhracatçıları Birliği
CARTRIDGE İNŞAAT İHRACAT SANAYİ VE TİCARET LİMİTED ŞİRKETİ;EMEK ADNAN MENDERES MAH. AKSU CAD. NO:22 İÇ KAPI 1 OSMANGAZİ BURSA;(224) 0000000;;;İMİB - İstanbul Maden İhracatçıları Birliği
CASTOLIN KAYNAK SAN.VE TIC. LTD.STI.;YUKARDUDULLU MH.BOSTANCI YOLUSEHIT SOK.NO.53 ÜMRANİYE İSTANBUL;02163132800;www.castolin.com.tr;castolin.com.tr;İMİB - İstanbul Maden İhracatçıları Birliği
CAVERNISTONE MADENCİLİK SANAYİ VE TİCARET LİMİTED ŞİRKETİ;İSMETPAŞA MAH. CİHANGİR SK. NO:17/3 MERKEZ BİLECİK;(228) 0000000;;;İMİB - İstanbul Maden İhracatçıları Birliği
CDK PLASTİK SANAYİ VE TİCARET A.Ş.;RAMİ YENİ MAH. YEŞİL ZÜMRÜT SOK. DİLAK HAN NO:8/1 EYÜP İSTANBUL;(212) 2794986;;;İMİB - İstanbul Maden İhracatçıları Birliği
CEBECİ SOSYAL HİZMETLER TEKSTİL TEMİZLİK SAN. TİC. LTD.ŞTİ.;CAMİATİK MAH. TAHTALI CAMİ SK. NO:16 ÇORLU TEKİRDAĞ;(282) 6866599;;;İMİB - İstanbul Maden İhracatçıları Birliği
CEEL KOZMETİK VE GIDA ANONİM ŞİRKETİ;KÜÇÜKBAKKALKÖY MAH. DEREBOYU CAD. R5 BLOK NO:3 A/8 ATAŞEHİR İSTANBUL;(216) 4660660;;;İMİB - İstanbul Maden İhracatçıları Birliği
CEKK AROMA VE KOZMETİK A.Ş.;YENİBOSNA MERKEZ MAH.LADİN SOKAK NO:36KAT:3 OFİS NO:15 YENİBOSNA BAHÇELİEVLER İSTANBUL;(212) 5997676;www.vavana.com;vavana.com;İMİB - İstanbul Maden İhracatçıları Birliği
CELALOĞLU YAPI ANONİM ŞİRKETİ;BAĞLAR MAH. OSMAN PAŞA CAD. NO:35/92 MOTTO İSTANBUL BAĞCILAR İSTANBUL;(212) 4874256;www.celaloglu.com.tr;celaloglu.com.tr;İMİB - İstanbul Maden İhracatçıları Birliği
CELEBI KOZMETIK LUKS HIRDAVAT ELEK.KIRT.SAN.TIC.LTD.STI.;İSTOÇ TOPTANCILAR ÇARŞISI 13.ADA NO:77-79 BAĞCILAR İSTANBUL;(212) 6593591;;;İMİB - İstanbul Maden İhracatçıları Birliği
CELIKELLER DEK. YAPI SIST. INS PAZ.SAN. VE TIC.LTD.STI.;GÜMÜŞHANE CAD. ARMAĞAN SOK.NO:12-B 4 LEVENT ŞİŞLİ İSTANBUL;(212) 2640951;www.celikeller.com;celikeller.com;İMİB - İstanbul Maden İhracatçıları Birliği
CEM AKSU;ÇIRÇIR MAH FUNDA SOKAK NO:29/9 EYÜP İSTANBUL;(212) 0000000;;;İMİB - İstanbul Maden İhracatçıları Birliği
CEM KOHEN;ÜSKÜP CAD. NO. 28 ÇANKAYA ANKARA;(312) 4395606;;;İMİB - İstanbul Maden İhracatçıları Birliği
CEM MUTFAK EŞYALARI SANAYİ VE DIŞ TİCARET LİMİTED ŞİRKETİ;GÖKÇEALİ MAH. CEVİZLİK SK. NO: 6 ÇATALCA İSTANBUL;(212) 5991810;;;İMİB - İstanbul Maden İhracatçıları Birliği
CEMILE NADIRZADE-EGS MUTFAK EKIPMANLARI IC VE DIS TICARET;ULUKENT SAN. BÖL. 10.002 SOK. NO:9 MENEMEN İZMİR;(232) 8334040;www.eurogastrostar.com;eurogastrostar.com;İMİB - İstanbul Maden İhracatçıları Birliği
CEMİNA YAPI SAN. A.Ş.;FULYA MH. ORTAKLAR CAD. AKSU APT. NO.4/10 MECİDİYEKÖY ŞİŞLİ İSTANBUL;(212) 3565555;www.cemina.com.tr;cemina.com.tr;İMİB - İstanbul Maden İhracatçıları Birliği
CEMRE ULUSLARARASI İNŞAAT TUR. SAN. VE DIŞ TİC. LTD. ŞTİ.;İKİTELLİ ORGANİZE SANAYİ BÖLG.DEMİRCİLER SİT. B-8 BL. N:183/A İKİTELLİ BAŞAKŞEHİR İSTANBUL;(212) 2105519;;;İMİB - İstanbul Maden İhracatçıları Birliği
CEMŞEN TANITIM ÜRÜNLERİ SAN.VE DIŞ.TİC.LTD.ŞTİ.;MAHMUTBEY MH. İSTOÇ 18 ADA NO 112-116 BAĞCILAR İSTANBUL;(212) 6597551;;;İMİB - İstanbul Maden İhracatçıları Birliği
CENAL ELEKTRİK ÜRETİM ANONİM ŞİRKETİ;MUALLİM NACİ CAD. NO: 69 ORTAKÖY 34330 BEŞİKTAŞ İSTANBUL;(212) 2275200;www.cenal.com.tr;cenal.com.tr;İMİB - İstanbul Maden İhracatçıları Birliği
CENGİZ AYDIN;BAĞDAT CAD. KORE SOK. NO:5 MALTEPE İSTANBUL;(216) 0000000;;;İMİB - İstanbul Maden İhracatçıları Birliği
CENGİZ ÇİLİNGİR;HAMİDİYE MAH. ADATEPE SK. NO: 6B İÇ KAPI NO: 10 MERKEZ ÇANAKKALE;;;;İMİB - İstanbul Maden İhracatçıları Birliği
CENGİZ YAZI GEREÇLERİ DIŞ TİCARET İNŞAAT LİMİTED ŞİRKETİ;İSTASYON MAH. 1.YUNUS EMRE CAD NO: 22A KÜÇÜKÇEKMECE İSTANBUL;;;;İMİB - İstanbul Maden İhracatçıları Birliği
CENTER DIŞ TİC.VE PAZ.LTD.ŞTİ.;ATATURK CAD.ULYA ENGIN IS MERKEZI NO:68/7 D.10 KADIKÖY İSTANBUL;02164670790;www.centersport.com;centersport.com;İMİB - İstanbul Maden İhracatçıları Birliği
CERTBY ULUSLARARASI DENETİM BELGELENDİRME VE EĞİTİM HİZMETLERİ LİMİTED ŞİRKETİ;BULGURLU MAH. BULGURLU CAD. NO:41 İÇ KAPI NO:1 ÜSKÜDAR İSTANBUL;(216) 4189050;;;İMİB - İstanbul Maden İhracatçıları Birliği
CERTECH MADENCİLİK SANAYİ VE TİCARET LİMİTED ŞİRKETİ;ESENTEPE MAH. BÜYÜKDERE CAD. BÜYÜKDERE PLAZA NO:195/5 ŞİŞLİ İSTANBUL;(212) 3568000;;;İMİB - İstanbul Maden İhracatçıları Birliği
CERTUS ALÇI VE DÖKÜM TEKNOLOJİ SANAYİ A.Ş.;MURATPAŞA MAH. SİTELER CAD. NO.14B BAYRAMPAŞA İSTANBUL;(212) 6748147;www.certus-int.com;certus-int.com;İMİB - İstanbul Maden İhracatçıları Birliği
CESA SOĞUTMA SANAYİ VE DIŞ TİCARET LİMİTED ŞİRKETİ;BARBAROS HAYRETTİN PAŞA MAH CEBECİ CA N:97 GAZİOSMANPAŞA İSTANBUL;(212) 6180080;;;İMİB - İstanbul Maden İhracatçıları Birliği
CESMAR MADENCİLİK DIŞ TİCARET LİMİTED ŞİRKETİ;BAYIR MAH. YILANDAR CAD. YAZICI SİTESİ 35/1B NO:1 ARMUTLU-YALOVA PK:77500 ARMUTLU YALOVA;;;;İMİB - İstanbul Maden İhracatçıları Birliği
CEVAHİR TAAHHÜT İNŞAAT VE TİCARET ANONİM ŞİRKETİ;RÜZGARLIBAHÇE MAH.ÇAM PINARI SK.NO:1İÇ KAPI NO: BEYKOZ İSTANBUL;(216) 7400200;;;İMİB - İstanbul Maden İhracatçıları Birliği
CEVAHİR YAPI SANAYİ TURİZM VE TİCARET ANONİM ŞİRKETİ;19 MAYIS MH. AYTEKİN KOTİL CD CEVAHİR İŞM.NO:8KAT12 OFİS NO:13 ŞİŞLİ ŞİŞLİ İSTANBUL;(212) 0000000;http://edemir@avasdanismanlik.com;edemir@avasdanismanlik.com;İMİB - İstanbul Maden İhracatçıları Birliği
CEVAHİRLER MADENCİLİK VE KONUT SAN. TİC. A.Ş.;KAPTANPAŞA MAH. DARÜLACEZE C.N:29 OKMEYDANI ŞİŞLİ İSTANBUL;(212) 3208676;www.cevahirpercite.com.tr;cevahirpercite.com.tr;İMİB - İstanbul Maden İhracatçıları Birliği
CEVAT AYDOĞDU;FATİH MAH.YAKACIK CAD.TEMELLER İŞ MEREKZ.N:151 D:2 SANCAKTEPE İSTANBUL;(216) 3041426;www.eurotexso.com;eurotexso.com;İMİB - İstanbul Maden İhracatçıları Birliği
CEVHER MADENCİLİK İNŞAAT GIDA SANAYİ VE DIŞ TİCARET LİMİTED ŞİRKETİ;GEBECELER YOLU NO:16 GEBECELER AFYONKARAHİSAR AFYON;(212) 5284626;www.cevhermadencilik.com.tr;cevhermadencilik.com.tr;İMİB - İstanbul Maden İhracatçıları Birliği
CEYHAN PREMİER İÇ VE DIŞ TİCARET DANIŞMANLIK LİMİTED ŞİRKETİ;YUKARI HEREKE MAH. SEVGİ SK. 4A KÖRFEZ KOCAELİ;;;;İMİB - İstanbul Maden İhracatçıları Birliği
CEYLAN DEKORATİF YALITIM SİSTEMLERİ SANAYİ TİCARET LİMİTED ŞİRKETİ;SEPETLİPINAR MAH.ARPALIK CAD.BAŞİSKELE KÜÇÜK SAN.SİTESİ 20.BLOK NO:118/20/6 KOCAALİ SAKARYA;;;;İMİB - İstanbul Maden İhracatçıları Birliği
CEYLAN DÖKÜM MALZEMELERİ MADENCİLİK SANAYİ VE TİCARET ANONİM ŞİRKETİ;KIZILIRMAK MAH. DUMLUPINAR BLV. A NO: 9 A İÇ KAPI NO 231 ÇANKAYA ANKARA;(850) 2021128;;;İMİB - İstanbul Maden İhracatçıları Birliği
CEYLAN MİNERAL MADENCİLİK SANAYİ VE TİCARET ANONİM ŞİRKETİ;KIZILIRMAK MAH. DUMLUPINAR BULV. NO:9A2 YDA CENTER KAT:7 D:230-231 ÇANKAYA ANKARA 06400 ÇANKAYA, ANK ÇANKAYA ANKARA;(850) 2021128;https://ceylanmineral.com/tr/;ceylanmineral.com;İMİB - İstanbul Maden İhracatçıları Birliği
CHANGE TRADING SERVICES İÇ VE DIŞ TİC LTD ŞTİ;ÇOBANÇEŞME MAH.SANAYİ CAD.NISH RESIDENCE B BLOK NO:44 B/198 BAHÇELİEVLER İSTANBUL;(212) 0000000;;;İMİB - İstanbul Maden İhracatçıları Birliği
CHEMSTOP KİMYA SANAYİ VE TİCARET LTD. ŞTİ;ICERENKOY MH. TOPCU IBRAHIM SK. AND PLAZABLOK NO:8-10D ATAŞEHİR İSTANBUL;(216) 2259408;;;İMİB - İstanbul Maden İhracatçıları Birliği
CHEMVISION KİMYA VE LABORATUVAR SANAYİ TİCARET ANONİM ŞİRKETİ;MASLAK MAH. AOS 55.SOK 42 MASLAK A BLOK SİTESİ NO:2/287 SARIYER İSTANBUL;(212) 2760222;;;İMİB - İstanbul Maden İhracatçıları Birliği
CHİMPOL KİMYA DIŞ TİCARET LİMİTED ŞİRKETİ;FATİH SULTAN MEHMET MAH. BALKAN CAD. MEYDAN İSTANBAVM NO: 62 A ÜMRANİYE İSTANBUL;(212) 2434908;;;İMİB - İstanbul Maden İhracatçıları Birliği
CHN MADEN METAL DIŞ TİCARET TURİZM LİMİTED ŞİRKETİ;DİLOVASI ORG. SAB. BÖL. 4. KISIM CEYHAN CAD.NO:6 GEBZE KOCAELİ;;;;İMİB - İstanbul Maden İhracatçıları Birliği
CHRYSO-KAT KATKI MALZEMELERİ SANAYİ VE TİCARET ANONİM ŞİRKETİ;GEBKİM ORGANİZE SANAYİ BÖLGESİBURAK SARICI CAD. NO:3 DİLOVASI KOCAELİ;02626539146;www.chryso.com.tr;chryso.com.tr;İMİB - İstanbul Maden İhracatçıları Birliği
CHT TURKEY KIMYA SANAYİ VE TİCARET ANONİM ŞİRKETİ;AKÇABURGAZ MAH. 3118 SOK. NO.2 ESENYURT İSTANBUL;(212) 8867913;www.cht.com.tr;cht.com.tr;İMİB - İstanbul Maden İhracatçıları Birliği
CİHAN BOYA PAZ.SAN.VE TİC.LTD.ŞTİ.;ÇAKMAK MAH.AYYILDIZ SOK.NO:3 PK:34774 ÜMRANİYE İSTANBUL;;;;İMİB - İstanbul Maden İhracatçıları Birliği
CİHAN DORUM;İSTOÇ 30.ADA NO.32 BAĞCILAR İSTANBUL;(212) 6597901;www.camaks.com;camaks.com;İMİB - İstanbul Maden İhracatçıları Birliği
CİHAN TEL ÇİT METAL EMLAK VE İNŞ. SAN. TİC. LTD. ŞTİ.;TAŞOLUK MERKEZ MAH.İSTANBUL CAD.N:47 ARNAVUTKÖY İSTANBUL;(212) 5978837;;;İMİB - İstanbul Maden İhracatçıları Birliği
CİLASİN MADENCİLİK SANAYİ TİCARET LİMİTED ŞİRKETİ;EMEK MAH. BOSNA HERSEK CAD. MALKOÇ APT. NO: 27 B ÇANKAYA ANKARA;(312) 0000000;;;İMİB - İstanbul Maden İhracatçıları Birliği
CİMA TRADİNG İNŞAAT VE DIŞ TİCARET LİMİTED ŞİRKETİ;DERVİŞ ALİ MAH. SENA SOK.. NO: 20/6 FATİH İSTANBUL;(212) 3013624;;;İMİB - İstanbul Maden İhracatçıları Birliği
CİNER İNŞAAT VE TAŞIMACILIK TİCARET LİMİTED ŞİRKETİ;BAĞLARBAŞI MAH. ATATÜRK C.SÜLÜN SK. NO:31/3 MALTEPE İSTANBUL;(216) 4575280;;;İMİB - İstanbul Maden İhracatçıları Birliği
CKG MADENCİLİK LİMİTED ŞİRKETİ;EKŞİOĞLU MAH.ŞİLE YOLU CAD. NO:42 ÇEKMEKÖY İSTANBUL;(216) 0000000;;;İMİB - İstanbul Maden İhracatçıları Birliği
CKG YAPI SANAYİ VE TİCARET LİMİTED ŞİRKETİ;YEŞİLOVA MH 4. BARBAROS CD NO:3/3 KÜÇÜKÇEKMECE İSTANBUL;(212) 6376844;;;İMİB - İstanbul Maden İhracatçıları Birliği
CLARIANT (TÜRKİYE) BOYA KİMYEVİ MADDELER VE MADENCİLİK SAN. VE TİC. AŞ;İÇERENKÖY MAH. UMUT SOK. QUİCK TOWER SİTESİNO:10-12 İÇ KAPI NO:101 ATAŞEHİR İSTANBUL;(262) 6737373;www.clariant.com;clariant.com;İMİB - İstanbul Maden İhracatçıları Birliği
CLİMAKS GRUP DIŞ TİCARET LİMİTED ŞİRKETİ;SAĞLIK MAH.SEBİL SK.NO:16 A MERKEZ BOLU;(374) 0000000;;;İMİB - İstanbul Maden İhracatçıları Birliği
CMA ENDÜSTRI MAKINE SANAYI VE DIS TICARET LIMITED SIRKETI;ESENTEPE MAH. ANADOLU CAD. NO: 1B IÇ KAPI NO: 33 KARTAL İSTANBUL;(216) 0000000;http://www.cmaendustri.com;cmaendustri.com;İMİB - İstanbul Maden İhracatçıları Birliği
CMK UNIVERSAL İNŞAAT DIŞ TİC. LTD. ŞTİ.;MAHMUTBEY MH TAŞOCAĞI YOLU CD AĞAOĞLU MY OFFİCE 212 NO:3 KAT:6 D:94-95 BAĞCILAR İSTANBUL;(212) 8092866;;;İMİB - İstanbul Maden İhracatçıları Birliği
CNC İLERİ TEKNOLOJİ VE TİCARET A.Ş.;FERHATPAŞA MAH. ATATÜRK CAD. ÇATALCA UN SAN. SİT. 96 B1 / 96 C ÇATALCA İSTANBUL;(212) 7866200;www.cnc.com.tr;cnc.com.tr;İMİB - İstanbul Maden İhracatçıları Birliği
COBRA CARBORUNDUM İÇ VE DIŞ TİC. LTD. ŞTİ.;BAĞLAR MAH YALÇIN KOREŞ CAD CORNİDO SİTA BLOK N:12 K:14 D-127 BAĞCILAR İSTANBUL;(212) 6439510;;;İMİB - İstanbul Maden İhracatçıları Birliği
COFIWO İNŞAAT VE TEKNOLOJİ A.Ş.;ALEMDAG MAH. 146. SK. LILYUM GARDEN B BLOK NO: 2 B IÇ KAPI NO: 15 ALEMDAĞ 34794 ÇEKMEKÖY İSTANBUL;(850) 4501954;;;İMİB - İstanbul Maden İhracatçıları Birliği
COIL PARTNERS BOBİNAJ SAN. VE TİC. A.Ş.;OSMANGAZI MH.CEYHAN CD.NO:23 ÜMRANİYE İSTANBUL;;www.coilpartners.com;coilpartners.com;İMİB - İstanbul Maden İhracatçıları Birliği
COLOR PRİSMA KİMYA SANAYİ TİCARET ANONİM ŞİRKETİ;9. CADDE NO: 7 İÇ KAPI NO: 2BERGAMA OSB MAH 35700 BERGAMA İZMİR;(232) 4722228;www.colorprisma.com;colorprisma.com;İMİB - İstanbul Maden İhracatçıları Birliği
COLOROBBİA EGE KİMYA SANAYİ VE TİCARET ANONİM ŞİRKETİ;İTOB OSB MAH.10010 SOK.NO:12 CUMAOVASI(MENDERES) İZMİR;(232) 7990467;;;İMİB - İstanbul Maden İhracatçıları Birliği
COMES MAKİNA KALIP SANAYİ VE TİCARET LTD.ŞTİ.;EYÜPSULTAN MAH SEKMEN CAD GÜN PLAZA NO :18/1 SANCAKTEPE İSTANBUL;(216) 3640933;;;İMİB - İstanbul Maden İhracatçıları Birliği
COMFORT ELEKTRİK ELEKTRONİK SANAYİ TİCARET LİMİTED ŞİRKETİ;AKSARAY MAHALLESİ.ABDULLATİFPAŞA SOKAK.ZEREN HAN BBLOK NO:10 İÇKAPI NO:1 FATİH İSTANBUL;;http://www.comfortelektrik.com.tr;comfortelektrik.com.tr;İMİB - İstanbul Maden İhracatçıları Birliği
COMPASS ENERJİ İNŞAAT DANIŞMANLIK LİMAN HİZMETLERİ BİLGİ TEKNOLOJİLERİ TİCARET LTD.ŞTİ.;YENİBOSNA MEREKZ MAHALLESİ LADİN SOKAK KUYUMCUKENTBLOK NO:4 İÇ KAPI NO:1B038 BAHÇELİEVLER İSTANBUL;(212) 5173860;;;İMİB - İstanbul Maden İhracatçıları Birliği
COMPOSET MEDİKAL MALZEMELER SANAYİ TİCARET LİMİTED ŞİRKETİ;MERİÇ MAH. 5747/8 SOK. NO:10 BORNOVA İZMİR;(232) 2104343;http://www.composet.com.tr;composet.com.tr;İMİB - İstanbul Maden İhracatçıları Birliği
CONCEPTZON İNŞAAT MİMARLIK PROJE SANAYİ VE TİCARET LİMİTED ŞİRKETİ;BAHCELIEVLER MH. SULTAN MURAT CD. NAZENIN KONAKLARCENGELKOY SIT. NO:2A ÜSKÜDAR - İSTANBUL PK:34660 ÜSKÜDAR İSTANBUL;(216) 7557717;;;İMİB - İstanbul Maden İhracatçıları Birliği
CONCORDE İNŞAAT TEKNOLOJİLERİ TİCARET ANONİM ŞİRKETİ;KAVACIK MAH. BALAMİR SOK. NO:3/5 BEYKOZ İSTANBUL;;;;İMİB - İstanbul Maden İhracatçıları Birliği
COPPERSAN METAL ÜRÜNLERİ VE DIŞ TİCARET ANONİM ŞİRKETİ;ATAKENT MAH. 221. SK. BOSBORUS CTY DÖNER KULE 15YEDİTEPE RESİDANCE 15 45 KÜÇÜKÇEKMECE İSTANBUL;;;;İMİB - İstanbul Maden İhracatçıları Birliği
CORE TAŞIMACILIK LİMİTED ŞİRKETİ;ÜVEZLİ MAH ÜVEZLİ CAD LAÇİN AREGA İŞLETMELERİ NO:29 ŞİLE İSTANBUL;(216) 0000000;;;İMİB - İstanbul Maden İhracatçıları Birliği
COSMER KİMYA SAN. VE TİCARET A.Ş.;RÜSTEMPAŞA MAH MAHKEME SK BÜYÜKÇUKARHANN:25 FATİH İSTANBUL;(216) 4697165;www.cosmer.com.tr;cosmer.com.tr;İMİB - İstanbul Maden İhracatçıları Birliği
COSMOACTİVE İLAÇ ANONİM ŞİRKETİ;BARIŞ MAH.KARADENİZ CAD.N:7ASLAN RESİDENCE K:1 D:9 BEYLİKDÜZÜ İSTANBUL;(212) 8725701;;;İMİB - İstanbul Maden İhracatçıları Birliği
COSMOS PARTNERS İNŞAAT PAZARLAMA İÇ VE DIŞ TİCARET LİMİTED ŞİRKETİ;DEREBOĞAZI MAH. ZİYA GÖKALP CAD. NO: 10/1 İÇ KAPI NO:4 HENDEK SAKARYA;(264) 6140008;http://www.cosmosgranit.com;cosmosgranit.com;İMİB - İstanbul Maden İhracatçıları Birliği
CÖMERT DIŞ TİCARET TARIM SULAMA SİSTEMLERİ VE TAVUKÇULUK EKİPMANLARI LİMİTED ŞİRKETİ;ORUÇREİS MAH. VADİ CAD. GİYİMKENT SİTESİ B71 BLOK NO :88 ESENLER İSTANBUL;(212) 6397777;;;İMİB - İstanbul Maden İhracatçıları Birliği
CREASTONE YAPI MALZEMELERİ LİMİTED ŞİRKETİ;BAĞLARBAŞI MH. HARRAN SK.42/A OSMANGAZİ / BURSA MUDANYA BURSA;(224) 2412783;;;İMİB - İstanbul Maden İhracatçıları Birliği
CRS METALURJİ İZOLASYON VE ENDÜSTRİYEL ÇÖZÜMLER SANAYİ VE TİCARET LİMİTED ŞİRKETİ;OSMAN YILMAZMAH. 648 SOKAK NO:61/B GEBZE KOCAELİ;(216) 9122071;www.crsmetalurji.com;crsmetalurji.com;İMİB - İstanbul Maden İhracatçıları Birliği
CSC MAKİNA ELEKTRONİK TİC. LTD. ŞTİ.;ORHAN VELİ KANIK CAD. ŞEHİT ZEKERİYA SEÇKİN KAHRAMAN SOK. PERİ ÇIKMAZI NO:1 BEYKOZ İSTANBUL;(216) 3310531;;;İMİB - İstanbul Maden İhracatçıları Birliği
CSK MADENCİLİK SANAYİ TİCARET LİMİTED ŞİRKETİ;GÖKTÜRK MERKEZ MAHALLESİ İSTANBUL CADDESİ NO:10 C BLOK D 28 GÖKTÜRK EYÜP İSTANBUL;(212) 3231213;www.cskmadencilik.com;cskmadencilik.com;İMİB - İstanbul Maden İhracatçıları Birliği
CSMETAL İSTANBUL DEMİR ÇELİK İMALAT SANAYİ VE TİCARET ANONİM ŞİRKETİ;SUADİYE MAH. ANKA ÇIKMAZI SOK E NO:6/4İÇ KAPI NO:14 KADIKÖY İSTANBUL;(216) 3101669;;;İMİB - İstanbul Maden İhracatçıları Birliği
CSOİLFİELD MÜHENDİSLİK İNŞAAT SAN.TİC.A.Ş;TARABYA MAH BÖĞÜRTLEN SK. NO:56/2 SARIYER İSTANBUL;(212) 2907140;;;İMİB - İstanbul Maden İhracatçıları Birliği
CSP PREFABRİK HAVUZ VE HAVUZ EKİPMANLARI MÜH.İNŞ.SAN.VE TİC.LTD.ŞTİ;NECİP FAZIL MAH.BEŞPARMAK SOK.NO:12 ÜMRANİYE İSTANBUL;;;;İMİB - İstanbul Maden İhracatçıları Birliği
CST KİMYA SANAYİ VE TİCARET ANONİM ŞİRKETİ;KIMYA SAN.ORG.SAN.BOLG.B 61PARSEL NO:4 TUZLA İSTANBUL;02165932214;;;İMİB - İstanbul Maden İhracatçıları Birliği
CUAL METAL SANAYİ VE TİCARET ANONİM ŞİRKETİ;HÜRRİYET 2.OSB MAH. 2. CAD. AYA MERMER NO: 8 MERKEZ BİLECİK;(228) 2160044;;;İMİB - İstanbul Maden İhracatçıları Birliği
CULHA HIRDAVATÇILIK VE TİCARET ANONİM ŞİRKETİ;KANTARCILAR CD NO:31-33 KÜÇÜKPAZAR FATİH İSTANBUL;(212) 5132309;www.cunhahirdavat.com;cunhahirdavat.com;İMİB - İstanbul Maden İhracatçıları Birliği
CURİUM NÜKLEER TIP ANONİM ŞİRKETİ;TUBITAK-MAM TEKNOPARKI GEBZE KOCAELİ;(216) 5440544;www.monrol.com;monrol.com;İMİB - İstanbul Maden İhracatçıları Birliği
CURUFTEK CURUF DÖNÜŞÜM TEKNOLOJİLERİ SANAYİ VE DIŞ TİCARET LİMİTED ŞİRKETİ;MERKEZ MH.INONU CD.NO.131/B BAĞCILAR İSTANBUL;02124453253;;;İMİB - İstanbul Maden İhracatçıları Birliği
CVK MİNERAL MADENCİLİK NAKLİYECİLİK İNŞAAT TAAHHÜT VE SAN. TİC. A.Ş.;KURUÇEŞME MAH. MUALLİM NACİ CAD.NO:105/B K:4 BEŞİKTAŞ İSTANBUL;(212) 2637879;www.cvkgroups.com;cvkgroups.com;İMİB - İstanbul Maden İhracatçıları Birliği
CVR INSAAT YAPI OTO. TUR. MOBILYA DIŞ TİC.LTD.ŞTİ.;KAYNARCA MH.SAMYELİ SK.A BL. NO:11A/41 PENDİK İSTANBUL;(216) 0000000;;;İMİB - İstanbul Maden İhracatçıları Birliği
ÇAĞBERK LOJİSTİK PAZARLAMA İÇ VE DIŞ TİCARET ANONİM ŞİRKETİ;BAHÇEŞEHİR 2 KISIM MH MERCEDES BULVARI 2 BLOK NO:24B/78 BAŞAKŞEHİR İSTANBUL;(212) 6384807;www.cagatay.com.tr;cagatay.com.tr;İMİB - İstanbul Maden İhracatçıları Birliği
ÇAĞRI ZEMİN SİSTEMLERİ İNŞAAT YAPI KİMYASALLARI SANAYİ TİCARET LİMİTED ŞİRKETİ;GÜZELYURT MAH. FATİH CAD. NO: 31/1 BEYLİKDÜZÜ İSTANBUL;(212) 6208821;http://www.cagrizemin.com;cagrizemin.com;İMİB - İstanbul Maden İhracatçıları Birliği
ÇAKICIOĞLU MADENCİLİK İNŞAAT SANAYİ TİCARET LİMİTED ŞİRKETİ;BADEMLİ MAH.ESKİ MUDANYA CAD.GERDANYA SİTESİ NO:71/5 MUDANYA BURSA;(224) 0000000;;;İMİB - İstanbul Maden İhracatçıları Birliği
ÇALIK ENERJİ SAN. VE TİC. AŞ;AK PLAZA YAŞAM CD. N:7 K:17SÖĞÜTÖZÜ ÇANKAYA ANKARA;(312) 2077000;www.calikenerji.com;calikenerji.com;İMİB - İstanbul Maden İhracatçıları Birliği
ÇALIK İNŞAAT ANONİM ŞİRKETİ;BÜYÜKDERE CAD. NO:163 ESENTEPE ŞİŞLİ İSTANBUL;(212) 3065000;www.calik.com;calik.com;İMİB - İstanbul Maden İhracatçıları Birliği
ÇALIKLAR İNŞAAT YAPI MALZEMELERİ SANAYİ TİCARET LİMİTED ŞİRKETİ;ESKİŞEHİR MAH.DOLAPDERE CAD. NO.11 ŞİŞLİ İSTANBUL;;;;İMİB - İstanbul Maden İhracatçıları Birliği
ÇALIŞ EREN GRANİT İNŞAAT SANAYİ VE TİCARET LİMİTED ŞİRKETİ;CEVİZLİ MAHALLESİ SANAYİ CAD. NO : 13 / A KARTAL İSTANBUL;(216) 0000000;;;İMİB - İstanbul Maden İhracatçıları Birliği
ÇALIŞKAN MERMER MADEN SANAYİ VE TİCARET LİMİTED ŞİRKETİ;GÖKALP MAH. PROF DR. MUAMMER AKSOY CAD. SEDA HAN N:95/7 ZEYTİNBURNU İSTANBUL;;;;İMİB - İstanbul Maden İhracatçıları Birliği
ÇALLI MERMER İÇ VE DIŞ TİC.SAN.LTD.ŞTİ.;SANAYİ MAH. SULTAN SELİM CAD. YASEMİN SOK. NO.10 K.2 D.3 KAĞITHANE İSTANBUL;;;;İMİB - İstanbul Maden İhracatçıları Birliği
ÇAN 2 TERMİK ANONİM ŞİRKETİ;BARBAROS MAH. KARANFİL SOKAK VARYAP MERİDİAN SİTESİ NO:1 1D/VİLLA 4 BATI ATAŞEHİR ATAŞEHİR İSTANBUL;(216) 4741474;;;İMİB - İstanbul Maden İhracatçıları Birliği
ÇANAKKALE MADENCİLİK SANAYİ VE TİCARET ANONİM ŞİRKETİ;BALIKESIR YOLU 5 KM. ÇANAKKALE ÇANAKKALE;(286) 2172070;www.canakkalemadencilik.com;canakkalemadencilik.com;İMİB - İstanbul Maden İhracatçıları Birliği
ÇEKİÇLER İNŞAAT TAŞIMACILIK TİCARET VE SANAYİ ANONİM ŞİRKETİ;ORGANIZE SANAYI BÖLGESİ 7. CAD. NO.13 Merkez ESKİŞEHİR;(222) 2360733;www.cekicler.com.tr;cekicler.com.tr;İMİB - İstanbul Maden İhracatçıları Birliği
ÇELİK KONSTRÜKSİYON YAPI İNŞ. SAN. VE TİC. A.Ş.;ÇERKEŞLI OSB MAH. IMES OSB. 8.CAD NO.20 DİLOVASI KOCAELİ;(262) 5021045;www.yapicelik.com;yapicelik.com;İMİB - İstanbul Maden İhracatçıları Birliği
ÇELİKCAN YAPI VE ISI MALZ. İML. İTH. İHR. SAN. VE LTD.ŞTİ;ESOT SAN SİTESİ P BLOKNO.11-B İKİTELLİ BAŞAKŞEHİR İSTANBUL;(212) 4070331;www.celikcanyapi.com;celikcanyapi.com;İMİB - İstanbul Maden İhracatçıları Birliği
ÇEMPA ÇEKİÇLER MERMER SANAYİ VE PAZARLAMA ANONİM ŞİRKETİ;ORGANIZE SAN.BÖL.11.CAD. Merkez ESKİŞEHİR;02222360733;www.cekicler.com.tr;cekicler.com.tr;İMİB - İstanbul Maden İhracatçıları Birliği
ÇEMTAŞ ÇELİK MAKİNA SANAYİ VE TİCARET ANONİM ŞİRKETİ;ORG. SAN. BÖLG. ALİ OSMAN SÖNMEZBULVARI NO:3 NİLÜFER BURSA;(224) 2431230;www.cemtas.com.tr;cemtas.com.tr;İMİB - İstanbul Maden İhracatçıları Birliği
ÇEMTAŞ ULUSLARARASI TAŞIMACILIK OTOMOTİV TİC. VE SAN. A.Ş.;O.S.B.7.CAD. N:11 ODUNPAZARI ESKİŞEHİR;(222) 2360733;;;İMİB - İstanbul Maden İhracatçıları Birliği
ÇETIN ÇINAR;BARBAROS HAYRETTİN PAŞA MAH. 2299. SOK AYIŞIĞI VADİ EVLERİ A BLOK NO:5 ESENYURT İSTANBUL;(212) 0000000;;;İMİB - İstanbul Maden İhracatçıları Birliği
ÇINAR DEĞERLİ MADENLER METAL SANAYİ VE TİCARET LİMİTED ŞİRKETİ;YENİBOSNA MERKEZ MAHALLESİ LADİN SOKAK KUYUMCUKENTNO:4 BAHÇELİEVLER-İSTANBUL PK:34197 BAHÇELİEVLER İSTANBUL;(212) 6033177;;;İMİB - İstanbul Maden İhracatçıları Birliği
ÇİÇEKMERSAN MERMER SAN.VE TİC. LTD.ŞTİ.;TATLISU MAHALLESİ ZÜLFİKAR SK. ALKOÇ PLAZA BLOK NO:2 İÇ KAPI NO:8 ÜMRANİYE İSTANBUL;;;;İMİB - İstanbul Maden İhracatçıları Birliği
ÇİFTYILDIZ MERMER OTOMOTİV GIDA İNŞAAT TAAHHÜT TURİZM NAKLİYE SANAYİ VE TİCARET A.Ş.;CUMHURİYET MH. ZAMBAK SK. NO: 24BİLECİK/SÖĞÜT NİLÜFER BURSA;(224) 4411352;www.ciftyildiz.com.tr;ciftyildiz.com.tr;İMİB - İstanbul Maden İhracatçıları Birliği
ÇOLAKOĞLU METALURJİ A.Ş.;KÇAM PINARI SK. NO: 1 İÇ KAPI NO : 16 KAVACIK RÜZGARLIBAHÇE BEYKOZ BEYKOZ İSTANBUL;(216) 4442627;www.colakoglu.com.tr;colakoglu.com.tr;İMİB - İstanbul Maden İhracatçıları Birliği
ÇORLU MERMER SANAYİ TİCARET LTD.ŞTİ.;SAĞLIK MAH. EDİRNE CAD. NO:141 NO:111 ÇORLU TEKİRDAĞ;(282) 6862074;;;İMİB - İstanbul Maden İhracatçıları Birliği
D MERMER SANAYİ ANONİM ŞİRKETİ;FIRAT MH. 507. SK. ÇEYSA SERHAT PLAZA SİTESİ B/BLOK NO.: 13B/20 KAYAPINAR DİYARBAKIR;(412) 5024581;www.dmermer.com.tr;dmermer.com.tr;İMİB - İstanbul Maden İhracatçıları Birliği
D MİNERAL VE MADENCİLİK ANONİM ŞİRKETİ;İŞÇİ BLOKLARI MAH. MEVLANA BULVARI EGE PLAZA APT. B/79 ÇANKAYA ANKARA;(312) 9091121;;;İMİB - İstanbul Maden İhracatçıları Birliği
D.M.GIDA MADDELERİ PAZ.SAN.TİC LTD.ŞTİ.;MAHMUTBEY MAH. İSTOÇ TOPTANCILAR ÇARŞI 43 ADA NO.41 GÜNEŞLİ BAYRAMPAŞA İSTANBUL;(212) 6593580;www.dmtrade.com.tr;dmtrade.com.tr;İMİB - İstanbul Maden İhracatçıları Birliği
DACO KIMYA VE ENDÜSTRİYEL TEKSTİL SAN.TİC.LTD.ŞTİ.;FULYA MAH SAKIZ AĞACI SOK SEÇİL APT NO 15/7 ŞİŞLİ İSTANBUL;(212) 5005250;;;İMİB - İstanbul Maden İhracatçıları Birliği
DAL TEKNİK MAKİNA TİCARET VE SANAYİ ANONİM ŞİRKETİ;ŞİRİNEVLER MH. ADNAN KAHVECİ BUL.N:208/54 HAYAR AKIN İŞ MER. 1. BLOK K:6 ŞİRİNEVLER BAHÇELİEVLER İSTANBUL;02126398500;www.dal.com.tr;dal.com.tr;İMİB - İstanbul Maden İhracatçıları Birliği
DAMLA BOYA SAN.TİC.LTD.ŞTİ.;IKITELLI OSB MAH. DOLAPDERE 18. ADA SKDOLAPDERE SANAYI A11 BLOK NO: 20 IÇ KAPI NO: 20 BAŞAKŞEHİR İSTANBUL;(212) 4518688;;;İMİB - İstanbul Maden İhracatçıları Birliği
DANIA ZÜCCACİYE SAN. VE DIŞ TİCARET LTD.ŞTİ.;KARAAĞAÇ MAH. HADIMKÖY İSTANBUL CAD. NO:26/3 BÜYÜKÇEKMECE İSTANBUL;(850) 6224276;;;İMİB - İstanbul Maden İhracatçıları Birliği
DARTE GIDA MADENCİLİK SANAYİ VE TİCARET LTD.ŞTİ.;MERDİVENKÖY MAH.DİKYOL SK. B BLOK APT.NO:2/22 KADIKÖY KADIKÖY İSTANBUL;;http://www.darteglobe.com;darteglobe.com;İMİB - İstanbul Maden İhracatçıları Birliği
DAS MERMER MADENCİLİK İTH. İHR. NAK. İNŞ. LTD. ŞTİ.;FERHATPAŞA MAH. GAZİPAŞA CD. 53. SK. NO:40 ATAŞEHİR İSTANBUL;(212) 0000000;http://www.dasmarble.com;dasmarble.com;İMİB - İstanbul Maden İhracatçıları Birliği
DASH İNŞAAT DIŞ TİCARET A.Ş.;YENİBOSNA DEĞİRMENBAHÇE CAD. NO:17İSTWEST BLOKLARI B-BLOK D:35 YENİBOSNA BAHÇELİEVLER İSTANBUL;;;;İMİB - İstanbul Maden İhracatçıları Birliği
DASTEK YAPI SANAYI VE TICARET ANONIM SIRKETI;SELAHATTIN EYYUBI MAH. 75.YIL CUMHURIYET BLV. NO: 61 IÇ KAPI NO: Z01 YÜREĞİR ADANA;(322) 4540245;;;İMİB - İstanbul Maden İhracatçıları Birliği
DAŞTAN MADENCİLİK İNŞAAT SANAYİ TİCARET TURİZM VE TAŞIMACILIK LİMİTED ŞİRKETİ;ALEMDAĞ CAD. DAŞTAN İŞMERKEZİNO:356 ÜMRANİYE İSTANBUL;(216) 3295542;www.dastan.com.tr;dastan.com.tr;İMİB - İstanbul Maden İhracatçıları Birliği
DAVİT MADENCİLİK İNŞ. PETROL SAN. VE TİC. LTD. ŞTİ.;CUMHURİYET MAH.1993.SOK. PAPATYA RESİDANCEA BLOK NO:281 ESENYURT İSTANBUL;(212) 8529332;www.dmip.com.tr;dmip.com.tr;İMİB - İstanbul Maden İhracatçıları Birliği
DAVUTOĞLU CS METAL İÇ VE DIŞ TİCARET LİMİTED ŞİRKETİ;ŞEKERPINAR MAH.GÖKTÜRK SOK.NO:3 ÇAYIROVA KOCAELİ;(262) 6434257;;;İMİB - İstanbul Maden İhracatçıları Birliği
DAVUTOĞLU METAL MAKİNA İMALAT İNŞAAT NAKLİYE SAN. VE TİC. LTD. ŞTİ.;ŞEKERPINAR MAH. GÖKTÜRK SOK. NO:3 41420 ÇAYIROVA, KOCAELI, TÜRKİYE ÇAYIROVA KOCAELİ;(262) 6434257;www.davutoglumetal.com;davutoglumetal.com;İMİB - İstanbul Maden İhracatçıları Birliği
DB MERMER MADENCİLİK İTHALAT İHRACAT SANAYİ VE TİCARET LİMİTED ŞİRKETİ;AKTEKKE MAH. YALÇIN CAD. BARUTÇUOĞLU PLAZA KAT : 8DAİRE: 38 MERKEZ KASTAMONU;;;;İMİB - İstanbul Maden İhracatçıları Birliği
DBA MİMARLIK İNŞAAT PEYZAJ REKLAM TESİSAT SANAYİİ VE TİCARET LİMİTED ŞİRKETİ;BALMUMCU MAH. BESTEKAR ŞEVKİ BEY SOK. NO: 37/3 BEŞİKTAŞ İSTANBUL;(212) 2130750;www.dbamimarlik.com;dbamimarlik.com;İMİB - İstanbul Maden İhracatçıları Birliği
DBB MÜHENDİSLİK ELEKTRİK TAAHHÜT İNŞAAT TİCARET LİMİTED ŞİRKETİ;CEVİZLİ MAH. BAĞDAT CAD. OFİS İSTANBULNO:538 İÇ KAPI NO:8 MALTEPE - İSTANBUL CEVİZLİ 34840 MALTEPE İSTANBUL;(216) 3990322;http://www.dbbmuhendislik.com.tr;dbbmuhendislik.com.tr;İMİB - İstanbul Maden İhracatçıları Birliği
DBC MERMER MADENCİLİK SANAYİ VE TİCARET LİMİTED ŞİRKETİ;MİMAR SİNAN MAHALLESİ, GÜNDOĞDU SOKAK NO:59 ÇEKMEKÖY İSTANBUL;(212) 9092035;www.dbc.com.tr;dbc.com.tr;İMİB - İstanbul Maden İhracatçıları Birliği
DBSA İNŞ. HIR. MÜŞ. PET. REK. GIDA SAN. TİC. LTD. ŞTİ.;YEŞİLOVA MAH. IRMAK SK. NO:36 İÇ KAPI NO:1 İZMİT KOCAELİ;(262) 0000000;;;İMİB - İstanbul Maden İhracatçıları Birliği
DBYD DIŞ TİCARET LİMİTED ŞİRKETİ;HASANAĞA OSB MAH. 9. CAD. NO:19 NİLÜFER BURSA;;;;İMİB - İstanbul Maden İhracatçıları Birliği
DE MADENCİLİK YATIRIMLARI ANONİM ŞİRKETİ;İZMİR CAD.KOÇ HAN 25/5 KIZILAY ÇANKAYA ANKARA;(312) 4154500;;;İMİB - İstanbul Maden İhracatçıları Birliği
DEA LOJİSTİK TİCARET LTD. ŞTİ.;BAHÇEŞEHİR 2.KISIM MAH. YENİBAHAR SK. REFERANSBAHÇEŞEHİR SİTESİ D BLOK NO:3G İÇ KAPI NO:1 BAŞAKŞEHİR İSTANBUL;(216) 4051757;;;İMİB - İstanbul Maden İhracatçıları Birliği
DEC FLANŞ HAVALANDIRMA BAĞLANTI ELEMANLARI SAN TİC LTD ŞTİ;TEPEÖREN MAH. MİLLET CAD. NO:12/1 TEPEÖREN 34959 34940 TUZLA İSTANBUL;;www.decflans.com.tr;decflans.com.tr;İMİB - İstanbul Maden İhracatçıları Birliği
DECE TEKSTİL SANAYİ VE TİCARET ANONİM ŞİRKETİ;MEŞRUTİYET MAHALLESİ ,MADALYON SOKAK, ŞİMŞEK APT.NO 16 D.1 ŞİŞLİ İSTANBUL;(212) 0000000;;;İMİB - İstanbul Maden İhracatçıları Birliği
DECOLINE İTHALAT İHRACAT İNŞAAT SANAYİ VE TİCARET LİMİTED ŞİRKETİ;MAHMUTBEY MH TAŞOCAĞI YOLU CD AĞAOĞLU MY OFFİCE 212 NO:3 K:26 D:429 BAĞCILAR İSTANBUL;(212) 8030415;;;İMİB - İstanbul Maden İhracatçıları Birliği
DECOMIN BOYA SAN.VE TİC.A.Ş.;ORRA MAH.ATAYOLU CAD.NO:8/47 TUZLA İSTANBUL;(216) 3040552;;;İMİB - İstanbul Maden İhracatçıları Birliği
DECOSO DEKORASYON VE SOĞUTMA SANAYİ TİCARET İTHALAT İHRACAT LİMİTED ŞİRKETİ;SULTANİYE MAHALLESİ 350.SOKAK ŞELALEPLAZA NO:1 İÇ KAPI NO :19 ESENYURT İSTANBUL;(212) 0000000;www.decoso.com.tr;decoso.com.tr;İMİB - İstanbul Maden İhracatçıları Birliği
DEDE KİMYA NİKELAJ POLİSAJ MALZEMELERİ HIRDAVAT SANAYİ VE TİCARET ANONİM ŞİRKETİ;FERMANECILER CAD.MAHDUMMEYDANI NO:12DEPO-ARDIYECILER KOOP. BEYOĞLU İSTANBUL;(212) 6751640;www.dedekimya.com;dedekimya.com;İMİB - İstanbul Maden İhracatçıları Birliği
DEDELİ YATIRIM İNŞ. TAAH. ELEK. DAĞ. SAN. TİC. A.Ş.;İŞÇİ BLOKLARI MAH. MEVLANA BULVARI NO:174/A İÇ KAPI NO:31 ÇANKAYA ANKARA;(312) 2536000;;;İMİB - İstanbul Maden İhracatçıları Birliği
DEDEMAN MADENCILIK SANAYI VE TIC.A.S.;DİKİLİTAŞ MAH. EMİRHAN CAD. NO:113 K:15 BEŞİKTAŞ İSTANBUL;(212) 7095901;www.dedemanmaden.com;dedemanmaden.com;İMİB - İstanbul Maden İhracatçıları Birliği
DEEPCHEM KİMYA SANAYİ VE TİCARET ANONİM ŞİRKETİ;BEDRİ RAHMİ SOK. NO:5ATAKENT ÜMRANİYE İSTANBUL;(216) 5947020;;;İMİB - İstanbul Maden İhracatçıları Birliği
DEFAŞ MADENCİLİK SANAYİ VE TİCARET A.Ş.;İZMİR CAD.25/7 KIZILAY ÇANKAYA ANKARA;(312) 4154500;http://www.demirexport.com;demirexport.com;İMİB - İstanbul Maden İhracatçıları Birliği
DEFNE KAUÇUK İNŞAAT TURİZM İTHALAT İHRACAT AŞ;İKİTELLİ ORGANİZE SAN BÖLGESİ ATATÜRK OTO SAN.SİT17.SOK BAŞAKŞEHİR İSTANBUL;(212) 4863134;;;İMİB - İstanbul Maden İhracatçıları Birliği
DEĞİRMENCİLER ENDÜSTRİ TOZLARI MADENCİLİK SAN. VE TİC. A.Ş.;BİRLİK MAH. ŞİFA SOK. NO.31 MERKEZ ZONGULDAK;(372) 2532040;www.degirmenciler.com.tr;degirmenciler.com.tr;İMİB - İstanbul Maden İhracatçıları Birliği
DEHA TECH MAKİNA SAN. VE TİC. A.Ş.;MÜEYYETZADE MH KEMERALTI CD NO:28 BEYOĞLY-KARAKÖY TAKSİM BEYOĞLU İSTANBUL;(212) 2524800;www.dehatech.com;dehatech.com;İMİB - İstanbul Maden İhracatçıları Birliği
DEHA YALITIM ENDÜSTRİ SAN.TİC. A.Ş.;GEVHER NESİBE MAHALLESİ GÜR SOKAK OFİSİM KAYSERİ B BLOK K:14PK:38010 KOCASİNAN KAYSERİ;(352) 2224210;www.dehaindustry.com;dehaindustry.com;İMİB - İstanbul Maden İhracatçıları Birliği
DEKOMİKA DİZAYN DEKORASYON VE DIŞ TİCARET LİMİTED ŞİRKETİ;ÇAVUŞOĞLU MAH.ÇOBANYILDIZI CAD. SUNTA İDARİ BİNASI NO:65 KARTAL İSTANBUL;(216) 3870123;https://www.dekomika.com/;dekomika.com;İMİB - İstanbul Maden İhracatçıları Birliği
DEKOR İÇ VE DIŞ TİC. LTD. ŞTİ.;YANBOL CD NO:42 KAT:2 PENDİK İSTANBUL;(216) 3541315;www.dekor.com;dekor.com;İMİB - İstanbul Maden İhracatçıları Birliği
DEKOROTA MİMARLIK DEKORASYON MADENCİLİK SANAYİ VE TİCARET A.Ş.;SOĞANLI MAH.NİLÜFER CAD.3. ÇAY SK.NO:18 OSMANGAZİ BURSA;(224) 2118181;;;İMİB - İstanbul Maden İhracatçıları Birliği
DELOR MADENCİLİK SAN.TİC.A.Ş.;PROF. DR. ALAEDDİN YAVAŞÇA SOK. MARMARA APT. NO.4 K.4 D.8 TAŞLIK BEŞİKTAŞ İSTANBUL;(212) 2584955;www.delor.com.tr;delor.com.tr;İMİB - İstanbul Maden İhracatçıları Birliği
DELTA İNŞAAT MALZ.GIDA TEKSTİL OTOM.TUR.SAN.VE DIŞ TİC.LTD.ŞTİ.;ORUÇ REİS MAHALLESİ VADİ CADDESİ GİYİMKENT SİTESİ NO:170/117 ESENLER İSTANBUL;(212) 2241888;www.deltatr.net;deltatr.net;İMİB - İstanbul Maden İhracatçıları Birliği
DELTA MERMER MADENCİLİK İNŞAAT İTHALAT İHRACAT ANONİM ŞİRKETİ;ORG. SAN. BÖLG. 1. CAD. 11. SOK. NO:5 MERKEZ AFYON;(272) 2211440;www.deltamarble.com;deltamarble.com;İMİB - İstanbul Maden İhracatçıları Birliği
DELTA STAR ENERJİ VE MADENCİLİK SANAYİ VE TİCARET ANONİM ŞİRKETİ;AYAZMA CAD.PAİRUS PLAZA N:37 K:12 KAĞITHANE İSTANBUL;(212) 3114400;www.deltastar.com.tr;deltastar.com.tr;İMİB - İstanbul Maden İhracatçıları Birliği
DELTA TRADE COMPANY SAĞLIK ANONİM ŞİRKETİ;BAŞAKŞEHİR - İKİTELLİ - ATATÜRK BULVARI NO. 72 BAŞAKŞEHİR İSTANBUL;(212) 2215700;www.delta-trade-company.com;delta-trade-company.com;İMİB - İstanbul Maden İhracatçıları Birliği
DELTA TRANSFORMER ELEKTRİK SANAYİ VE TİCARET LİMİTED ŞİRKETİ;BEYLİKDÜZÜ OSB MAH.9.CAD.NO:6 İÇ KAPI NO:1 BEYLİKDÜZÜ İSTANBUL;(212) 2202802;;;İMİB - İstanbul Maden İhracatçıları Birliği
DELTA YAPI TUR. VE İNŞ.MAL.NAK.SAN. DIŞ TİC. LTD. ŞTİ.;ESENŞEHİR MAH. SONGÜL SOK. NO:2 YUKARIDUDULLU ÜMRANİYE İSTANBUL;(216) 5405917;www.deltagranit.com;deltagranit.com;İMİB - İstanbul Maden İhracatçıları Birliği
DEMA MARBLE MADENCILIK SANAYI VE TICARET LIMITED SIRKETI;SÜLEYMAN BEY MAH. ARABACILAR SK. NO: 55 IÇ KAPI NO: 5 MERKEZ/ YALOVA MERKEZ YALOVA;(226) 8141625;;;İMİB - İstanbul Maden İhracatçıları Birliği
DEMAMER İNŞAAT İTHALAT İHRACAT SANAYİ VE TİCARET LİMİTED ŞİRKETİ;ADNAN MENDERES MAH /UFUK SOK. A GİRİŞ NO:6/4-5 MERKEZ YALOVA;;www.demamarble.com;demamarble.com;İMİB - İstanbul Maden İhracatçıları Birliği
DEMIR ORGANIK TARIM ITHALAT IHRACAT LİMİTED ŞİRKETİ;HUZUR MAH. 1112.CAD. NO:40/C ÇANKAYA ANKARA;(312) 2858150;http://www.demirorganik.com;demirorganik.com;İMİB - İstanbul Maden İhracatçıları Birliği
DEMİR EXPORT ANONİM ŞİRKETİ;IZMIR CAD. NO.25/7 ÇANKAYA ANKARA;(312) 4154500;;;İMİB - İstanbul Maden İhracatçıları Birliği
DEMİRBİLEK MAKİNA SANAYİ VE TİCARET LİMİTED ŞİRKETİ;HACIKADIN MAH. KATIPCELEBI CD. NO:70 FATİH İSTANBUL;(212) 5112381;www.demirbilek.com.tr;demirbilek.com.tr;İMİB - İstanbul Maden İhracatçıları Birliği
DEMİRCİOĞLU PROFİL İMALAT İNŞAAT SANAYİ VE DIŞ TİCARET LİMİTED ŞİRKETİ;BOSTANCI MAH. BOSTANCI 33 SK. NO:1/1 EDREMİT BALIKESİR;(266) 0000000;;;İMİB - İstanbul Maden İhracatçıları Birliği
DEMİRDAĞ MERMER TİC. VE SAN. LTD. ŞTİ.;MEŞRUTİYET MAH. TUĞRUL SK.TUĞRUL SİTESİ D BLOK NO:7 D:44 MEŞRUTİYET MAH ŞİŞLİ İSTANBUL;;www.fademarble.com;fademarble.com;İMİB - İstanbul Maden İhracatçıları Birliği
DEMİRKAN TURİSTİK EŞYA SAN. VE TİC. LTD. ŞTİ.;CADIRCILAR C.YORGANCILAR SOK.CAMILI HAN.NO:56/12 FATİH İSTANBUL;02125260611;www.demirkannargile.com;demirkannargile.com;İMİB - İstanbul Maden İhracatçıları Birliği
DEMİRKOL LOJİSTİK DIŞ TİCARET LİMİTED ŞİRKETİ;ATATÜRK CADDESİ NO:199 ALİBEYKÖY EYÜP İSTANBUL;(212) 4279100;www.demirkollojistik.com;demirkollojistik.com;İMİB - İstanbul Maden İhracatçıları Birliği
DEMİRKOL TAAHHÜT İNŞAAT SANAYİ VE DIŞ TİCARET LTD. ŞTİ.;TÜRKOBA MAHALLESİ İLGİLİ SOKAK13. VİLLA BLOK NO:32 34537 BÜYÜKÇEKMECE İSTANBUL;;;;İMİB - İstanbul Maden İhracatçıları Birliği
DEMİRTAŞ MADENCİLİK MERMERCİLİK KUYUMCULUK İNŞAAT TURİZM TİCARET LİMİTED ŞİRKETİ;KIZILKILISE MEVKII DEMIRTAS KASABASI DEMİRTAŞ MAH.ATATÜRK CAD.NO.117/125 ALANYA ANTALYA;(242) 5161317;www.demirtasltd.com;demirtasltd.com;İMİB - İstanbul Maden İhracatçıları Birliği
DEMKA DIŞ TİCARET VE PAZARLAMA ANONİM ŞİRKETİ;BARBAROS MAH. BEGONYA SOK. NİDAKULE ATASEHİR KUZEY 3A KAT : 21 NO:184 ATAŞEHİR ATAŞEHİR İSTANBUL;(216) 5921616;www.demkaexport.com;demkaexport.com;İMİB - İstanbul Maden İhracatçıları Birliği
DEMMERG KİMYA SANAYİ VE TİCARET ANONİM ŞİRKETİ;DERİ OSB MAH. SIRÇA CAD. IV. BLOK NO:6 TUZLA İSTANBUL;(216) 5046414;;;İMİB - İstanbul Maden İhracatçıları Birliği
DEMSAN OTOMOTIV SANAYİ VE TICARET LİMİTED ŞİRKETİ;BAĞCILAR GÜNGÖREN SANAYİ SİTESİ 23.BLOK NO:5/7 BAŞAKŞEHİR İSTANBUL;(212) 5490224;;;İMİB - İstanbul Maden İhracatçıları Birliği
DEMTAŞ CİVATA YAPI TEKNİK SANAYİ VE TİCARET LİMİTED ŞİRKETİ;AYDINTEPE MAH. CUMHUR CAD. - NO: 4 A TUZLA İSTANBUL;(216) 4937313;;;İMİB - İstanbul Maden İhracatçıları Birliği
DEMTAŞ MERMER İNŞAAT İHRACAT SANAYİ VE TİCARET LİMİTED ŞİRKETİ;DR.ZİYAKAYA MAH.HÜRRİYET SOK.NO:13 ZEMİN 1 GEMLİK GEMLİK BURSA;(246) 3113027;;;İMİB - İstanbul Maden İhracatçıları Birliği
DENGE KİMYASAL MADDELER SAN. VE TİC. A.Ş.;ATATÜRK MAH.ATAŞEHİR BULV.36 ADAATA2-3 B2 D:56 ATAŞEHİR İSTANBUL;(216) 4567601;;;İMİB - İstanbul Maden İhracatçıları Birliği
DENIZ ZIMPARA VE AŞINDIRICI ÜRÜNLER SANAYİ VE TİCARET A.Ş.;ÇERKEŞLİ OSB MAH İMES 9.CAD N:28 DİLOVASI KOCAELİ;(262) 5022213;;;İMİB - İstanbul Maden İhracatçıları Birliği
DENİZ GRANİT MERMER SANAYİ VE TİCARET LİMİTED ŞİRKETİ;DUDAŞ KÖYÜ DUDAŞ KÖY SOKAĞI KÜME EVLER NO:127 SÖĞÜT BİLECİK;(228) 0000000;;;İMİB - İstanbul Maden İhracatçıları Birliği
DENİZ HİDROLİK PNOMATİK MAK. SAN. TİC. LTD. ŞTİ.;İKİTELLİ ORG. SAN. BÖL. GÜNGÖREN SAN. SİT. ÇARŞI ZEMİN NO:110 İKİTELLİ BAŞAKŞEHİR İSTANBUL;(212) 6719026;www.denizhidrolik.com;denizhidrolik.com;İMİB - İstanbul Maden İhracatçıları Birliği
DENİZATI METAL VE MADENCİLİK TİCARET LTD ŞTİ;HASANPAŞA MAH. KURBAĞALIDERE CAD. SAADET HAN NO:61 KADIKÖY İSTANBUL;(216) 4502780;;;İMİB - İstanbul Maden İhracatçıları Birliği
DENNİS PHARMA KOZMETİK SAN.VE TİC.A.Ş.;ADALET MAH.MANAS BLVR.FOLKART TOWERS APT.NO:39 BAYRAKLI İZMİR;;www.dennispharma.com;dennispharma.com;İMİB - İstanbul Maden İhracatçıları Birliği
DENTOLEY DENTAL TIBBİ ÜRÜNLER SANAYİ VE TİCARET LİMİTED ŞİRKETİ;ŞERİFALİ MAH. BEYAN SOK. NO: 44/1 ÜMRANİYE İSTANBUL;(216) 4109438;;;İMİB - İstanbul Maden İhracatçıları Birliği
DEPAR YAPI İNŞ.SAN. VE TİC.LTD .ŞTİ.;ADRES ŞEHİTLER CAD. CONCEPTA PLAZA BLOK NO: 9/1IC KAPI NO :54 CUMHURİYET ESENYURT İSTANBUL;(212) 6762929;www.steppark.com.tr;steppark.com.tr;İMİB - İstanbul Maden İhracatçıları Birliği
DEPOTEK DOĞAL TAŞ ÜRETİM VE PAZ. A.Ş.;ESENTEPE MAH. MÜSELLES SOK. SANTA İŞ MERKEZİ NO:6 İÇ KAPI NO :9 ŞİŞLİ İSTANBUL;(216) 3118382;;;İMİB - İstanbul Maden İhracatçıları Birliği
DERA PLAST PLASTİK SANAYİ PETROL ÜRÜNLERİ İNŞAAT TİCARET LİMİTED ŞİRKETİ;İVEDİK MAHKARŞIYAKA MEZARLIĞI 4.KAPI KARŞISI NO:38 06170 YENİMAHALLE ANKARA;(312) 3370848;www.deraplast.com;deraplast.com;İMİB - İstanbul Maden İhracatçıları Birliği
DERBENT MADEN ANONİM ŞİRKETİ;NİSPETİYE MAH. GAZİ GÜÇNAR SK. UYGUR İŞ MERKEZİ 4/7 BEŞİKTAŞ İSTANBUL;;;;İMİB - İstanbul Maden İhracatçıları Birliği
DERİN KİMYA SANAYİ VE TİCARET ANONİM ŞİRKETİ;BEDRİ RAHMİ SOK. NO:5/A ATAKENT MAHALLESİ 34760 ÜMRANİYE İSTANBUL;(216) 5263434;;;İMİB - İstanbul Maden İhracatçıları Birliği
DERİNTRADE İTHALAT VE İHRACAT DIŞ TİC.LTD.ŞTİ;KAVAKLI MAH. AYSEN SK. İNSAAT NO:7 İÇ KAPI NO:1 BEYLİKDÜZÜ İSTANBUL;(212) 0000000;;;İMİB - İstanbul Maden İhracatçıları Birliği
DERYA OFİS ÜRÜNLERİ SANAYİ VE TİCARET A.Ş.;MAHMUTBEY MAH. 28 YOL SK. NO:170 K.6 BAĞCILAR İSTANBUL;(212) 4446654;www.noki.com.tr;noki.com.tr;İMİB - İstanbul Maden İhracatçıları Birliği
DESA ELMAS TESTERE İMALAT İNŞ SAN VE TİC LTD ŞTİ;FERHATPAŞA MAH. YEDİTEPE CAD. NO: 8 B ATAŞEHİR İSTANBUL;(216) 2161616;;;İMİB - İstanbul Maden İhracatçıları Birliği
DESCON CEPHE SİSTEMLERİ MÜH. İNŞ. SAN. VE TİC. LTD. ŞTİ.;"YAYLA MAH.PRİNCÇİ KÖYÜ YOLU BULVARI NO;60- 1 SULTANGAZİ İSTANBUL";(212) 4750623;;;İMİB - İstanbul Maden İhracatçıları Birliği
DESTONE YAPI MALZEMELERİ VE İNŞAAT TİCARET LTD.ŞTİ.;FULYA MAH. ORTAKLAR CAD. BAHÇELER SK NO:11/B ŞİŞLİ İSTANBUL;(212) 2117052;www.destone.com;destone.com;İMİB - İstanbul Maden İhracatçıları Birliği
DETAY YAPI MÜHENDİSLİK MİMARLIK SANAYİ VE TİCARET ANONİM ŞİRKETİ;YENİBOSNA MERKEZ MAHALLESİ 29 EKİM CADDESİ NO:3 İÇ KAPI NO:22-23 YENİBOSNA BAHÇELİEVLER İSTANBUL;(212) 6715767;www.detay-yapi.com;detay-yapi.com;İMİB - İstanbul Maden İhracatçıları Birliği
DETEKS KİMYA SANAYİ ANONİM ŞİRKETİ;IST.DERI ORG.SAN.BÖLG.KUMPAS CAD. Ö-1 PARSEL ORHANLI TUZLA İSTANBUL;02163940240;www.deteks.com.tr;deteks.com.tr;İMİB - İstanbul Maden İhracatçıları Birliği
DEVA HOLDİNG A.Ş;HALKALI MK.MAH. BASIN EKSPRESSCAD. NO:1 KÜÇÜKÇEKMECE İSTANBUL;02126929292;www.devaholding.com.tr;devaholding.com.tr;İMİB - İstanbul Maden İhracatçıları Birliği
DEVA TIBBİ MALZEMELER SANAYİ TİCARET LİMİTED ŞİRKETİ;İKİTELLİ OSB MAH ATATÜRK ATA İŞ MERN:22 BAŞAKŞEHİR İSTANBUL;(212) 4942371;;;İMİB - İstanbul Maden İhracatçıları Birliği
DEVANCO ENERJİ METAL PAZARLAMA DIŞ TİC.LTD.ŞTİ;YAZLIK YENİ MAH. D-130 KARAYOLU CAD. NO:89 GÖLCÜK KOCAELİ;(262) 4148315;;;İMİB - İstanbul Maden İhracatçıları Birliği
DEVAY MERMER MADEN MÜHENDİSLİK NAKLİYE GIDA İTHALAT İHRACAT SANAYİ VE TİCARET LİMİTED ŞİRKETİ;YALINTAŞ MAH. 35. SOK. NO:4/A MUSTAFAKEMALPAŞA BURSA;(224) 6130999;www.devaymermer.com;devaymermer.com;İMİB - İstanbul Maden İhracatçıları Birliği
DEVELİ MERMER İNŞ. MAD. SAN. VE TİC. A.Ş.;DEVELİ YAHYALI YOLU 4. KM NO. 57/1 DEVELİ KAYSERİ;(352) 6212324;www.develibazalt.com;develibazalt.com;İMİB - İstanbul Maden İhracatçıları Birliği
DEVİN ENDÜSTRİYEL KİMYA VE TEKSTİL TEKNOLOJİLERİ SANAYİ DIŞ TİC. LTD. ŞTİ.;VELİMEŞE OSB MAH. 223. SOK. NO:9/1 İÇ KAPI NO: Z26 ERGENE TEKİRDAĞ;(212) 9791258;www.devirgarments.com;devirgarments.com;İMİB - İstanbul Maden İhracatçıları Birliği
DEVİN KİMYASAL ÜRÜNLER SANAYİ VE TİCARET LİMİTED ŞİRKETİ;EVA 3 108/4 NO:5 KAPI NO:5 BORNOVA İZMİR / TÜRKİYE BORNOVA İZMİR;(232) 0000000;;;İMİB - İstanbul Maden İhracatçıları Birliği
DEVREK MERMER SANAYİ VE TİCARET ANONİM ŞİRKETİ;ÖZPINAR KÖYÜ ÇAY MAH. NO.53 DEVREK ZONGULDAK;(372) 5565532;www.devrekmermer.com;devrekmermer.com;İMİB - İstanbul Maden İhracatçıları Birliği
DEVREN KOZMETİK METAL SANAYİ VE TİCARET LİMİTED ŞİRKETİ;ŞENLİKKÖY MH. BİLLUR SK. NO:7/1 BAKIRKÖY İSTANBUL;(212) 5410824;www.otelbukletim.com;otelbukletim.com;İMİB - İstanbul Maden İhracatçıları Birliği
DEXODE CAM VE BOYA KİMYA SAN. VE TİC. A.Ş.;PELİTLİ MAH.TAVŞANTEPE SOK.N:62/B GEBZE KOCAELİ;(262) 7511773;www.dexode.com.tr;dexode.com.tr;İMİB - İstanbul Maden İhracatçıları Birliği
DEXPELL DIŞ TİCARET VE DANIŞMANLIK HİZMETLERİ LİMİTED ŞİRKETİ;GÜRSEL MAH. İMRAHOR CAD. PREMİER KAMPÜSOFİS BLOK NO:29/A İÇ KAPI NO:173 KAĞITHANE İSTANBUL;(212) 8525500;;;İMİB - İstanbul Maden İhracatçıları Birliği
DEY DIŞ TİCARET LİMİTED ŞİRKETİ;YAMANEVLER MH. SİTEYOLU CD. ANEL PLAZA NO:5/28 ÜMRANİYE İSTANBUL;(216) 0000000;;;İMİB - İstanbul Maden İhracatçıları Birliği
DEYKİM SKALA DEKORASYON SAN.VE TIC .LTD.ŞTI.;SİNCAN OSB BABÜRŞAH CAD. NO:4 SİNCAN ANKARA;(312) 2574045;;;İMİB - İstanbul Maden İhracatçıları Birliği
DEYS ENDÜSTRİYEL MADDELER VE KİMYASALLAR SAN.TİC.LTD.ŞTİ;GÜZELLER O.S.B GALVANO METAL KOOP.CUMHURİYET CAD.NO:2/40 GEBZE KOCAELİ;(262) 7513991;www.deys.com.tr;deys.com.tr;İMİB - İstanbul Maden İhracatçıları Birliği
DEZGAH YAPI İNŞAAT SANAYİ VE TİCARET LTD.ŞTİ.;ALAADDİNBEY MAH. AHISKA CADDE NO.258 NİLÜFER BURSA;(224) 2428880;www.dezgah.com;dezgah.com;İMİB - İstanbul Maden İhracatçıları Birliği
DG VİZYON RADYATÖR VE MET. ÜRÜN. GELİŞT. SAN. DIŞ TİC. LTD. ŞTİ.;ORHANGAZİ MAH. 18 YOL SOK. NO.14/R1 ESENYURT İSTANBUL;(212) 6230597;www.dgvision.com.tr;dgvision.com.tr;İMİB - İstanbul Maden İhracatçıları Birliği
DGN GLOBAL KİMYA VE GIDA İTHALAT İHRACAT SANAYİ TİCARET LİMİTED ŞİRKETİ;MALTEPE MAH. ESKİ ÇIRPICI YOLU SK. NO: 8/191 ZEYTİNBURNU İSTANBUL;(212) 9398512;;;İMİB - İstanbul Maden İhracatçıları Birliği
DGRAFYA DİŞ MALZEMELERİ TİCARET LİMİTED ŞİRKETİ;ŞİRİNEVLER MAH. İNCESU SK. ÇIMEN APT. NO 24İÇ KAPI 2 BAHÇELİEVLER İSTANBUL;(212) 0000000;;;İMİB - İstanbul Maden İhracatçıları Birliği
DGS DIŞ TİCARET ANONİM ŞİRKETİ;15 TEMMUZ MH BAHAR CD NUROL PARK SİT J BLOK NO:43 KAT: D:35 BAĞCILAR İSTANBUL;(212) 8130838;www.dgsas.com.tr;dgsas.com.tr;İMİB - İstanbul Maden İhracatçıları Birliği
DGS YAPI MALZEMELERİ VE MADENCİLİK SAN. TİC. LTD. ŞTİ.;TATLISU MAHALLESİ ZÜLFİKAR SOKAK NO:2 ALKOÇ PLAZA DAİRE:8 ÜMRANİYE İSTANBUL;(216) 5947730;www.dgsmadencilik.com;dgsmadencilik.com;İMİB - İstanbul Maden İhracatçıları Birliği
DINCER HIRDAVATCILIK GIDA SAN.VE TIC.LTD.STI.;HURRIYET MAH.NUMAN SK.NO:6 A ORHANGAZI/BURSA OSMANGAZİ BURSA;(224) 5734358;;;İMİB - İstanbul Maden İhracatçıları Birliği
DIORE YAPI INSAAT VE TÜKETIM MALLARI SANAYI TICARET LIMITED SIRKETI;HATBOYU ÇIKISI SK. NO: 48 A IÇ KAPI NO: 1 BAKIRKÖY/ ISTANBUL CEVİZLİK 34306 BAKIRKÖY, İSTANBUL BAKIRKÖY İSTANBUL;(212) 0000000;www.diore.com.tr;diore.com.tr;İMİB - İstanbul Maden İhracatçıları Birliği
DIVERSEY KİMYA SAN.VE TİC.A.Ş.;BARBAROS IHLAMUR BULVARI, NO:3, İÇ KAPI NO:67 ATAŞEHİR İSTANBUL;(212) 5786400;www.diversey.com;diversey.com;İMİB - İstanbul Maden İhracatçıları Birliği
DİCLE MERMER VE İNŞAAT SANAYİ ANONİM ŞİRKETİ;ELAZIĞ OTOYOLU 20. KM ORGANİZE SANAYİ BÖLGESİPARSEL 6-7-8 10. SOK. NO.5 MERKEZ DİYARBAKIR;(412) 2241819;www.diclemermer.com.tr;diclemermer.com.tr;İMİB - İstanbul Maden İhracatçıları Birliği
DİJİTALPORT DIŞ TİCARET LİMİTED ŞİRKETİ;BALABAN MAH UZUNGÖL CD C BLOK NO:1-2 SİLİVRİ İSTANBUL;(212) 2105969;www.dijitalport.com;dijitalport.com;İMİB - İstanbul Maden İhracatçıları Birliği
DİJİTALPORT İSTANBUL DANIŞ. LOJ. AMB. SAN. VE TİC. LTD. ŞTİ.;BALABAN MH. UZUNGOL CD. C BLOK N:1-2 SİLİVRİ İSTANBUL;(212) 2195969;www.dijitalport.com;dijitalport.com;İMİB - İstanbul Maden İhracatçıları Birliği
DİKİLİTAŞ MERMER TAŞIMACILIK MAD.OTOM.İNŞ.SAN.TİC.LTD.ŞTİ.;SELİMİYE KÖYÜ NO:214 OSMANELİ BİLECİK;(228) 4692222;www.dikilitasmermer.com;dikilitasmermer.com;İMİB - İstanbul Maden İhracatçıları Birliği
DİLA MADEN VE METAL A.Ş.;ESENTEPE MAH. YÜZBAŞI KAYA ALDOĞAN SK. PARDUS PLAZA NO:4 İÇ KAPI NO:1 ŞİŞLİ ŞİŞLİ İSTANBUL;(212) 3290329;;;İMİB - İstanbul Maden İhracatçıları Birliği
DİMARİ DOĞALTAŞ ÜRÜNLERİ TİC.LTD.ŞTİ.;SARAY MAH.KÜÇÜKSU CD. B BLOK NO:64 A/287 ÜMRANİYE İSTANBUL;;;;İMİB - İstanbul Maden İhracatçıları Birliği
DİMER MERMER İNŞAAT SAN.TİC.A.Ş.;PEYAS MAH. URFA BULV. DİMER PLAZA NO:162/C MERKEZ DİYARBAKIR;(412) 2374510;www.dimer.com.tr;dimer.com.tr;İMİB - İstanbul Maden İhracatçıları Birliği
DİMİN MADENCİLİK SANAYİ VE TİCARET ANONİM ŞİRKETİ;İŞÇİ BLOKLARI MAH.MEVLANA BULVARI NO:182 B/94 ÇANKAYA ANKARA;(312) 9091121;www.dimin.com.tr;dimin.com.tr;İMİB - İstanbul Maden İhracatçıları Birliği
DİNAMİK ÇAMAŞIRHANE EKİPMANLARI SAN.VE TİC.LTD.ŞTİ.;CUMHURİYET MH. HÜRRİYET CAD. NO:7/47 ESENYURT İSTANBUL;(216) 2322689;www.dinamikendustriyel.com;dinamikendustriyel.com;İMİB - İstanbul Maden İhracatçıları Birliği
DİNAMİK ORTEZ PROTEZ YAPIM UYGULAMA MERKEZİ SAĞLIK TIBBİ CİHAZ TEMİZLİK HİZMETLERİ SANAYİ VE TİCARET;ÇEKİRGE MAHALLESİ ÇEKİRGE CADDESİ NO:83 A OSMANGAZİ BURSA;(224) 2254438;;;İMİB - İstanbul Maden İhracatçıları Birliği
DİNAMİK REKLAM İNŞAAT SANAYİ VE TİCARET ANONİM ŞİRKETİ;AYVANSARAY MAH.TÜRKELİ 1. SK.NO :14 FATİH İSTANBUL;(212) 0000000;;;İMİB - İstanbul Maden İhracatçıları Birliği
DİSMAR YAPI MALZEMELERİ LTD ŞTİ;PETROL İŞ MAH GARZAN SK EKŞİOĞLU APT NO 13 KARTAL İSTANBUL KARTAL İSTANBUL;(216) 4690676;;;İMİB - İstanbul Maden İhracatçıları Birliği
DİSTON MADEN VE MERMER SANAYİ TİCARET LİMİTED ŞİRKETİ;4 TEMMUZ MAH. 2102. SK. NO:5/ 5/1 KARAMÜRSEL KOCAELİ;;;;İMİB - İstanbul Maden İhracatçıları Birliği
DİVA DOĞALTAŞ İTH. İHR. SAN. TİC. LTD. ŞTİ.;FERHATPAŞA MAH. 101 SK NO:67 ATAŞEHİR İSTANBUL;(216) 6616621;www.divadogaltas.com;divadogaltas.com;İMİB - İstanbul Maden İhracatçıları Birliği
DİVA KİMYA MÜM.GIDA İNŞ.SAN.VE TİC.LTD.ŞTİ.;YENİ MAH.MİMAR SİNAN CAD. MENDERES SOKAKNO.4 D.2 SOĞANLIK KARTAL İSTANBUL;(216) 3099686;www.divakimya.com.tr;divakimya.com.tr;İMİB - İstanbul Maden İhracatçıları Birliği
DİYAR MADENCİLİK MÜHENDİSLİK İNŞ.TURİZM SANAYİ TİCARET A.Ş.;MEDYA MAH. 629/1.SOKAKÇEYSA PLAZA SİT. ÇEYSA ÖNYAPARK KAYAPINAR DİYARBAKIR;(412) 2383488;http://www.diyarmadencilik.com.tr;diyarmadencilik.com.tr;İMİB - İstanbul Maden İhracatçıları Birliği
DİZAYN34 MİMARLIK VE İNŞAAT TAAHHÜT TİCARET LİMİTED ŞİRKETİ;KEMANKEŞ KARAMUSTAFA MAH. MUMHANE CAD. NO: 55 BEYOĞLU İSTANBUL;(212) 2444442;;;İMİB - İstanbul Maden İhracatçıları Birliği
DKT İNŞAAT SANAYİ VE TİCARET A.Ş;KOŞUYOLU MAH. İSMAİLPAŞA SKNO:18/1 KADIKÖY İSTANBUL;(216) 2011888;;;İMİB - İstanbul Maden İhracatçıları Birliği
DLOVAN LOGİSTİCS İÇ VE DIŞ TİCARET ULUSLARARASI TAŞIMACILIK LİMİTED ŞİRKETİ;YAKUPLU MAH. HÜRRİYET BLV. SKYPORT RESİDENCE NO:1 /64 BEYLİKDÜZÜ İSTANBUL;;;;İMİB - İstanbul Maden İhracatçıları Birliği
DLS MERMER MADENCİLİK İNŞAAT SANAYİ VE TİCARET LTD.ŞTİ.;İHSANİYE MAH. ERKAL SOK. GENÇAYDIN MERAY İŞ MERKEZİ NO:3/8 NİLÜFER BURSA;;;;İMİB - İstanbul Maden İhracatçıları Birliği
DM2 DIŞ TİC.MAD.PET.NAK.İNŞ.SAN. VE TİC.LTD.ŞTİ.;RÜSTEMPAŞA MAH. ŞEYH ŞAMİL BUL. NO:67/A MERKEZ ELAZIĞ;(424) 2334604;;;İMİB - İstanbul Maden İhracatçıları Birliği
DMC PARTNER MÜHENDİSLİK İNŞAAT SANAYİ İÇ VE DIŞ TİCARET LİMİTED ŞİRKETİ;İSTİKLAL MAH. SÜTÇÜ İMAM CAD. KARAMAN İŞ HANI NO:150/11 ÜMRANİYE İSTANBUL;(216) 0000000;;;İMİB - İstanbul Maden İhracatçıları Birliği
DMD DIŞ TİCARET MAKİNE SAN. A.Ş.;AYDINLI MAH.AYDINLI CAD.NO:117 AYDINLI TUZLA İSTANBUL;(216) 3931020;;;İMİB - İstanbul Maden İhracatçıları Birliği
DME TIBBİ ÜRÜNLER SANAYİ VE TİCARET LİMİTED ŞİRKETİ;AŞAĞIEĞLENCE MAH.GÜFTE CADDESİ BESTE SOKAK NO:18/2 KEÇİÖREN ANKARA;(312) 0000000;;;İMİB - İstanbul Maden İhracatçıları Birliği
DN MERMER A.Ş.;TATLISU MAH HALİÇ SK POLARİS TOWER 31/39 ÜMRANİYE İSTANBUL;(216) 5509819;www.dnmermer.com.tr;dnmermer.com.tr;İMİB - İstanbul Maden İhracatçıları Birliği
DNG MERMER GRANİT İTHALAT İHRACAT SANAYİ VE TİCARET LİMİTED ŞİRKETİ;CUMHURİYET MH.ATATÜRK BULVARI İLYAS KARADAĞ İŞ MERNO:31/37 ALTINOVA YALOVA;;;;İMİB - İstanbul Maden İhracatçıları Birliği
DOGALTAS GRANIT MERMER INSAAT ITH.IHR.SAN.VE TIC.LTD.STI.;FATİH MH.YAKACIK CAD.YILDIZ SİT.A BLOKN:31 D:7 SANCAKTEPE İSTANBUL;(216) 3618498;http://www.dogaltas.com;dogaltas.com;İMİB - İstanbul Maden İhracatçıları Birliği
DOGO DIŞ TİCARET VE MADENCİLİK A.Ş.;ÇANKAYA MAHALLESİ, ÜSKÜP CADDESİ, NO: 40 B/29 ÇANKAYA ANKARA;(312) 0000000;;;İMİB - İstanbul Maden İhracatçıları Birliği
DOĞA GRUP DOĞALTAŞ A.Ş;ALAADDİN BEY MAH ALAADDİNBEY CAD.NO 34 NİLÜFER BURSA;(224) 4136235;;;İMİB - İstanbul Maden İhracatçıları Birliği
DOĞALTAŞEVİ MERMERCİLİK TİCARET LİMİTED ŞİRKETİ;PERPA TIC. MERK. A BLOK K:5NO:384 ŞİŞLİ İSTANBUL;(212) 3209507;;;İMİB - İstanbul Maden İhracatçıları Birliği
DOĞAN BEĞİK;MERMERCİLER SAN.SİT.14C N:21 BEYLİKDÜZÜ İSTANBUL;(212) 6716022;;;İMİB - İstanbul Maden İhracatçıları Birliği
DOĞANLAR NAKLİYE YAKACAK GIDA İNŞAAT MADENCİLİK PETROL ÜRÜNLERİ TİCARET VE SANAYİ LİMİTED ŞİRKETİ;AŞIK SEYRANI CAD.NO:11 DEVELİ KAYSERİ;(352) 6212257;www.gardenpomza.com;gardenpomza.com;İMİB - İstanbul Maden İhracatçıları Birliği
DOĞTEK MEKANİK MÜHENDİSLİK VE TESİSAT ANONİM ŞİRKETİ;TATLISU MAH. ÇETİN CAD.NO:70F/1 ÜMRANİYE İSTANBUL;(216) 6119492;;;İMİB - İstanbul Maden İhracatçıları Birliği
DOĞU MADEN MERMER İNŞAAT PETROL TURİZM SANAYİ TİCARET LİMİTED ŞİRKETİ;E.KUYUMCULAR MAH YEŞİLLİ CAD. ÖZHANCI İŞHANI N:35/34 ESENLER İSTANBUL;(266) 2453434;;;İMİB - İstanbul Maden İhracatçıları Birliği
DOĞUKAN JEOTERMAL MADEN ENERJİ TARIM VE HAYV.PETROL AKAR.İNŞ.SAN.TİC.LTD.ŞTİ.;HOŞNUDİYE MAHALLESİ 770.SOKAK NO:4-B 302 TEPEBAŞI ESKİŞEHİR;;http://dogukanjeotermal.com/;dogukanjeotermal.com;İMİB - İstanbul Maden İhracatçıları Birliği
DOĞUŞ EKSTRÜZYON KALIP TEKN.VE ALÜ.SAN.TİC.LTD.ŞTİ;SANAYİ MH. İMAME SK NO:27 PENDİK İSTANBUL;(216) 3961354;www.dogus-kalip.com.tr;dogus-kalip.com.tr;İMİB - İstanbul Maden İhracatçıları Birliği
DOĞUŞ KOZMETİK GIDA İNŞ. TURİZM TİC. A.Ş.;SARAY MAH.226.SOK.NO:3/1-2-3 KAZAN KAHRAMANKAZAN ANKARA;(312) 2780535;;;İMİB - İstanbul Maden İhracatçıları Birliği
DOĞUŞ SPA KOZMETİK ESTETİK MEDİKAL CİHAZLAR İTHALAT İHRACAT SANAYİ VE TİCARET LİMİTED ŞİRKETİ;ŞERİFALİ MAHALLESİ SÖYLEŞİ SOKAK NO:25 ÜMRANİYE İSTANBUL;(216) 5663334;;;İMİB - İstanbul Maden İhracatçıları Birliği
DOHA GROUP DIŞ TİC LTD.ŞTİ;YAVUZ SELİM MAH.73017.CAD.6 A DULKADİROĞLU DULKADİROĞLU KAHRAMANMARAŞ;(212) 6598121;;;İMİB - İstanbul Maden İhracatçıları Birliği
DOMİNO ECZA DEPOSU ANONİM ŞİRKETİ;TEVFİK BEY MAH.ŞEHİT RECEP SOK. NO:21-23A KÜÇÜKÇEKMECE İSTANBUL;(212) 0000000;http://www.dominoecza.com;dominoecza.com;İMİB - İstanbul Maden İhracatçıları Birliği
DORLİON DIŞ TİCARET LİMİTED ŞİRKETİ;DUMLUPINAR MAH. ÖZLEM SK. C BLOK NO: 5 /3C İÇ KAPINO: 1 KARTEPE KOCAELİ;(262) 0000000;;;İMİB - İstanbul Maden İhracatçıları Birliği
DORUK YAPI GEREÇLERİ SAN. VE TİC.LTD.ŞTİ.;MALTEPE MAH. SİTE YOLU SOK. NO.23 ZEYTİNBURNU İSTANBUL;(212) 4370770;www.doraslock.com;doraslock.com;İMİB - İstanbul Maden İhracatçıları Birliği
DOSTLAR MERMERCİLİK SANAYİ VE TİCARET LİMİTED ŞİRKETİ;MARMARA ADASI SARAYLAR BELDESI MARMARA BALIKESİR;(266) 8877073;www.dostlarmermer.com;dostlarmermer.com;İMİB - İstanbul Maden İhracatçıları Birliği
DOWELL SCHLUMBERGER MIDDLE EAST INC TÜRKİYE ANKARA ŞUBESİ;53 CAD. 1450 SOK. ULUSOY PLAZA NO. 9/14 ÇUKURAMBAR ÇANKAYA ANKARA;03124467740;www.slb.com;slb.com;İMİB - İstanbul Maden İhracatçıları Birliği
DÖHLER GIDA SANAYİ ANONİM ŞİRKETİ;CEVİZLİ MAH. ZUHAL CADDESİ, MALTEPE RİTİM ISTANBUL A3 BLOK-NO.46/C CEVİZLİ MALTEPE İSTANBUL;;;;İMİB - İstanbul Maden İhracatçıları Birliği
DÖKÜM MARKET METAL SANAYİ TİCARET ANONİM ŞİRKETİ;İ.O.S.B ATATÜRK OTO SANAYİ SİTESİ 18.SOK. 17.BLOK NO: 520 BAŞAKŞEHİR İSTANBUL;(212) 4854480;www.dokummarket.com;dokummarket.com;İMİB - İstanbul Maden İhracatçıları Birliği
DÖNMEZ EĞİTİM HİZMETLERİ ASANSÖR İNŞ.TURZ.SAN.VE TİC.LTD.ŞTİ;ATAKÖY 9.KISIM KARANFİL SOK.OLİMPİYAT SİTD:13/B BLOK D:18 BAKIRKÖY İSTANBUL;(212) 4629830;;;İMİB - İstanbul Maden İhracatçıları Birliği
DÖRT EYLÜL OTOMOTİV MADEN İNŞAAT NAKLİYAT SANAYİ TİCARET ANONİM ŞİRKETİ;ATATÜRK CAD N:85 SİVAS SİVAS;(346) 2211841;;;İMİB - İstanbul Maden İhracatçıları Birliği
DÖRTEM MAKİNA SAN.VE TİC.LTD. ŞTİ.;MİMAR SİNAN CD.VELİBABA SAN.SİTE.A-3 PENDİK İSTANBUL;(212) 2272292;;;İMİB - İstanbul Maden İhracatçıları Birliği
DPM OTOMOTİV TİCARET LTD.ŞTİ.;AKSARAY MAH. İNKİLAP CAD. EMRE İŞ MERKEZİ NO:415/4 FATİH İSTANBUL;(212) 5469929;;;İMİB - İstanbul Maden İhracatçıları Birliği
DR PRÜFER MEDİKAL VE KOZMETİK SANAYİ VE TİCARET ANONİM ŞİRKETİ;İKİTELLİ ORG. SAN. BÖLG. MAH. FATİH 1 B BLOKFATİH SAN. SİT. NO:3 BAŞAKŞEHİR İSTANBUL;(212) 4859721;;;İMİB - İstanbul Maden İhracatçıları Birliği
DRAMA MAKİNE VE OTOMOTİV SANAYİ TİCARET ANONİM ŞİRKETİ;AKÇALAR SANAYİ BÖLGESİ KORUÇEŞME CADDESİ NO:14/1 NİLÜFER BURSA;(224) 2424313;www.dramakimya.com;dramakimya.com;İMİB - İstanbul Maden İhracatçıları Birliği
DREAM PETROLEUM KİMYA SANAYİ TİCARET LİMİTED ŞİRKETİ;BÜYÜKDERE CADDESİ FULYA MAHALLESİ QUASAR PLAZA NO 76 KAT 15 DAİRE 1507 ŞİŞLİ İSTANBUL ŞİŞLİ İSTANBUL;(212) 2181357;http://www.dreampetroleum.com;dreampetroleum.com;İMİB - İstanbul Maden İhracatçıları Birliği
DRS MAKİNA ENDÜSTRİYEL TES.ÇEL.KONS.İML.İNŞ.TAAH.SAN.VE TİC.LTD.ŞTİ.;ÇERKEŞLİ OSB MAH. İMES 6. CADDE NO:13 DİLOVASI KOCAELİ;(262) 5276063;;;İMİB - İstanbul Maden İhracatçıları Birliği
DSG HEDİYELİK YAZILIM ANONİM ŞİRKETİ;DEREBOYU CAD. SENA İŞ MERKEZİ NO49/15 KAT5 YAKUPLU 34275 BEYLİKDÜZÜ İSTANBUL;(212) 5400490;www.hediyesepeti.com;hediyesepeti.com;İMİB - İstanbul Maden İhracatçıları Birliği
DT MÜHENDİSLİK VE TAAHHÜT ANONİM ŞİRKETİ;ŞERİF ALİ MAHALLESİ BAŞER SOKAK NO:30/32 ÜMRANİYE İSTANBUL;(216) 5275212;www.dnt-group.com;dnt-group.com;İMİB - İstanbul Maden İhracatçıları Birliği
DT STONE DOĞAL TAŞ TİCARET LİMİTED ŞİRKETİ;CEVİZLİ MAH. MEKLİM İŞ MERKEZİ NO:635/40 KARTAL İSTANBUL;;;;İMİB - İstanbul Maden İhracatçıları Birliği
DUAYEN YAPI KİMYA VE MAKİNA SAN. TİC. A.Ş.;YUKARI DUDULLU MAH.18 MART CAD.NO:23 D:1 ÜMRANİYE İSTANBUL;(216) 3658780;;;İMİB - İstanbul Maden İhracatçıları Birliği
DUBAİ HEDİYELİK ZÜCCACİYE SAN. VE TİC. LTD.ŞTİ.;MAHMUTBEY MAH. 2431. SK. 115 BAĞCILAR İSTANBUL;(212) 6592868;;;İMİB - İstanbul Maden İhracatçıları Birliği
DUHA YAPI TAAHHÜT İNŞAAT ELEKTRİK SANAYİ VE TİCARET LİMİTED ŞİRKETİ;TAHTAKALE MAH. FIRAT 1 CAD. BAHÇE CITY SİTESİ A BLOK NO: 4/2 İÇ KAPI NO: 12 AVCILAR İSTANBUL;(212) 5320050;;;İMİB - İstanbul Maden İhracatçıları Birliği
DUMLU ÖZCAN MADENCİLİK ANONİM ŞİRKETİ;GULLERPINAR MAH.SEVIMLER SOK.GUNCE APT. NO:4/3 ALANYA ANTALYA;02425131526;www.dumluozcan.com;dumluozcan.com;İMİB - İstanbul Maden İhracatçıları Birliği
DUPA ENDÜSTRİYEL KİMYEVİ MADDELER SAN.TİC.LTD.ŞTİ.;VEYSEL KARANİ MH. KÜÇÜK BALIKLI CAD. NO:77-79 İÇ KAPI NO:79 OSMANGAZİ BURSA;;www.dupakimya.com;dupakimya.com;İMİB - İstanbul Maden İhracatçıları Birliği
DURAVİT YAPI ÜRÜNLERİ SAN. VE TİC. A. Ş.;TUZLA ORG.DERI SAN. BÖL. 10.YOL I-4 PARSEL TUZLA İSTANBUL;02164585151;www.tr.duravit.com;tr.duravit.com;İMİB - İstanbul Maden İhracatçıları Birliği
DUROMAR MERMER DIŞ TİCARET SANAYİ VE TİCARET LİMİTED ŞİRKETİ;BAYRAKTAR MAH. KOZA 1 CAD. NO:138/9 ÇANKAYA ANKARA;(312) 0000000;;;İMİB - İstanbul Maden İhracatçıları Birliği
DUYCA GIDA DAĞITIM PAZARLAMA ANONİM ŞİRKETİ;İKİTELLİ OSB MAH.MİLAS CAD.NO:29/38 BAŞAKŞEHİR İSTANBUL;(212) 6717734;;;İMİB - İstanbul Maden İhracatçıları Birliği
DUYGU UYGULAMA KİMYA PLASTİK İÇ VE DIŞ TİCARET ANONİM ŞİRKETİ;ATATÜRK BLV. I.O.S.B ISYERI NO: 54 I IÇ KAPI NO: 18 İKİTELLİ OSB MAHALLESİ 34490 BAŞAKŞEHİR, İSTANBU BAŞAKŞEHİR İSTANBUL;;;;İMİB - İstanbul Maden İhracatçıları Birliği
DUZEY KIMYA VE MIKRONIZE MADENL.SAN.VE TIC.LTD.STI;8788 SOK.NO.90 ÇİĞLİ İZMİR;02323863656;;;İMİB - İstanbul Maden İhracatçıları Birliği
DÜNYA DOĞAL TAŞ BUJİTERİ HED.EŞYA TEK.SSAN VE TİC.LTD.ŞTİ.;KONAK MAH.871 SOK NO:24 KONAK İZMİR BORNOVA İZMİR;(232) 4418409;;;İMİB - İstanbul Maden İhracatçıları Birliği
E PLUS İLAÇ KOZMETİK SANAYİ VE TİCARET LİMİTED ŞİRKETİ;KÜÇÜKBAKKALKÖY MAH.KAYIŞDAĞI CAD.NO:1/15 ATAŞEHİR İSTANBUL;;;;İMİB - İstanbul Maden İhracatçıları Birliği
E.G.O. ELEKTRİKLİ ALETLER SAN. AŞ;ERGENE 1 O.S.B. VAKIFLAR OSB MAH. İSTANBUL CAD. NO:11/A ERGENE TEKİRDAĞ TEKİRDAĞ;(282) 6846800;www.egoproducts.com.tr;egoproducts.com.tr;İMİB - İstanbul Maden İhracatçıları Birliği
EAE ELEKTRİK ASANSÖR ENDÜSTRİSİ İNŞAAT SANAYİ VE TİCARET ANONİM ŞİRKETİ;AKÇABURGAZ MAH. 3114 SOK NO:10 ESENYURT İSTANBUL;(212) 8662000;www.eae.com.tr;eae.com.tr;İMİB - İstanbul Maden İhracatçıları Birliği
EAG DANIŞMANLIK DIŞ TİCARET LİMİTED ŞİRKETİ;CUMHURİYET MAH.GÜRPINAR YOLU CAD.KELEŞ PLAZANO:2 İÇ KAPI NO:85 BÜYÜKÇEKMECE İSTANBUL;(212) 0000000;;;İMİB - İstanbul Maden İhracatçıları Birliği
EAGLE BURGMANN ENDÜSTRİYEL SIZDIRMAZLIK SANAYİ VE TİCARET LİMİTED ŞİRKETİ;AYDINLI KOSB MAH. TUZLA KİMYA SANAYİ OSB TUNA CADDESİ NO:8MELEK ARAS BULVARI TUNA CAD. NO: 8 TUZLA İSTANBUL;(216) 5930293;www.eagleburgmann.com.tr;eagleburgmann.com.tr;İMİB - İstanbul Maden İhracatçıları Birliği
EASY LOGİSTİCS ULUSLARARASI TAŞ. VE DIŞ TİC. LTD. ŞTİ.;BARBAROS MAH. AK ZAMBAK SOK.UPHILL TOWERS NO:3/119 ATAŞEHİR İSTANBUL;(216) 0000000;;;İMİB - İstanbul Maden İhracatçıları Birliği
E-AVM PAZARLAMA, LOJISTIK VE BILGI TEKNOLOJILERI SAN.TIC.LTD.ŞTİ;EMNİYET EVLERİ MAH. GÜVERCİN SK. ÇETİNKAYA APT.BLOK NO:2 KAĞITHANE İSTANBUL;(212) 2788690;info@albahceden.com;info@albahceden.com;İMİB - İstanbul Maden İhracatçıları Birliği
EB İTHALAT TAAHHÜT İNŞAAT MALZEMELERİ SANAYİ TİCARET LİMİTED ŞİRKETİ;CEVİZLİ MAH ZUHAL CAD. N:46 E RİTİM İSTANBUL SİTESİ A5 BLOK K:23 D:121 MALTEPE İSTANBUL;;www.ebyapi.com;ebyapi.com;İMİB - İstanbul Maden İhracatçıları Birliği
EBEBEK MAĞAZACILIK AŞ;İÇERENKÖY MAHALLESİ DEĞİRMEN YOLU CADDESİ NO:37 D:6 ATAŞEHİR İSTANBUL;(216) 3257325;;;İMİB - İstanbul Maden İhracatçıları Birliği
EBRAR KARTAL;TERAZİDERE MAH. ÇİFTEHAVUZLAR CAD. KARATAŞ PLAZANO: 44 İÇ KAPI NO: 1 BAYRAMPAŞA İSTANBUL;(212) 5529526;;;İMİB - İstanbul Maden İhracatçıları Birliği
EBUBEKİR BAYRAKDAR;FATIH MAH. ORMO LOJMANLARI 1 NOLU SK.NO: 11 IÇ KAPI NO: 1 ORHANGAZİ BURSA;;;;İMİB - İstanbul Maden İhracatçıları Birliği
ECE BOYA KİMYA SANAYİ VE TİCARET ANONİM ŞİRKETİ;IDOSB KARADENİZ CADDESİNO.131 TUZLA İSTANBUL;(216) 3041560;www.eceboya.com;eceboya.com;İMİB - İstanbul Maden İhracatçıları Birliği
ECEM ZÜCCACİYE PLASTİK SANAYİ TİCARET LİMİTED ŞİRKETİ;PİRİ MEHMET PAŞA MAH. HALAY SK. SILIVRI ISMERKEZI NO 5 İÇ KAPI NO: 9 SİLİVRİ İSTANBUL;;;;İMİB - İstanbul Maden İhracatçıları Birliği
ECN TRADE DIŞ TİCARET LİMİTED ŞİRKETİ;OVAAKCA ÇEŞME BASI MAH.HIZIR SOK.NO:5/1 OSMANGAZİ BURSA;(224) 4227007;;;İMİB - İstanbul Maden İhracatçıları Birliği
ECO PİPE PLASTİK SANAYİ VE TİCARET ANONİM ŞİRKETİ;GÖKMEYDAN MAH. ULUS CAD. NO:70/A ODUNPAZARI ESKİŞEHİR;(222) 0000000;;;İMİB - İstanbul Maden İhracatçıları Birliği
ECOLAB TEMİZLEME SİSTEMLERİ LİMİTED ŞİRKETİ;ALTAYCESME MH.TOYGUN SOK N:1 MALTEPE İSTANBUL;02164412030;www.ecolab.com.tr;ecolab.com.tr;İMİB - İstanbul Maden İhracatçıları Birliği
EDA MEDYA REKLAMCILIK HİZMETLERİ VE İNŞAAT SANAYİ TİCARET ANONİM ŞİRKETİ;ESENTEPE MAH. BÜYÜKDERE CAD. ASTORIA A-B-C BLOKLAR VE IS MER. 127 B13 BEŞİKTAŞ İSTANBUL;(212) 7082200;;;İMİB - İstanbul Maden İhracatçıları Birliği
EDA PAZARLAMA ELEKTRONİK EV ALETLERİ MOBİLYA DEKORASYON HEDİYELİK EŞYA İNŞAAT SAN. VE DIŞ TİC. LTD.;ALTINŞEHİR MAH. ALEV SK. NO:1/2 ÜMRANİYE İSTANBUL;;;;İMİB - İstanbul Maden İhracatçıları Birliği
EFE BARİT MADENCİLİK VE DIŞ TİC.LTD.ŞTİ.;KUCUKSU CAD İNKİLAP MAH İSTANBUL PLAZA NO 107KAT 5 D 21 ÜMRANİYE İSTANBUL;(216) 6346464;;;İMİB - İstanbul Maden İhracatçıları Birliği
EFECE PVC DOĞRAMA SANAYİ TİCARET LİMİTED ŞİRKETİ;BÜYÜK CAMİ MAH. EFES BLV. NO:62 KEŞAN EDİRNE;(284) 0000000;;;İMİB - İstanbul Maden İhracatçıları Birliği
EFEDAĞ MERMER MADENCİLİK NAKLİYAT DENİZCİLİK İNŞAAT SANAYİ VE TİCARET LİMİTED ŞİRKETİ;BAŞÖREN KÖYÜ AZDAVAY KASTAMONU ORHANGAZİ BURSA;(226) 8120187;www.efedag.com.tr;efedag.com.tr;İMİB - İstanbul Maden İhracatçıları Birliği
EFENDİ PROJE MİMARLIK MÜHENDİSLİK SANAYİ VE TİCARET LİMİTED ŞİRKETİ;TATLISU MAH. ŞAHİN CAD. NO:39A TATLISU 34774 İÇ KAPI NO:39A ÜMRANİYE İSTANBUL;(216) 5042288;www.fdproje.com;fdproje.com;İMİB - İstanbul Maden İhracatçıları Birliği
EFENDİOĞLU MERMER SANAYİ VE TİCARET ANONİM ŞİRKETİ;AÇMALAR MEVKII GEDELEK KÖYÜ ORHANGAZİ BURSA;(224) 5860005;www.efendioglu.com.tr;efendioglu.com.tr;İMİB - İstanbul Maden İhracatçıları Birliği
EFES HEDİYELİK EŞYA SAN.VE TİC LTD.ŞTİ.;ALEMDAR MH. NURUOSMANİYE CAD. KARDESLER HAN. NO:3 EMİNÖNÜ/CAĞALOĞLU FATİH İSTANBUL;02125113037;www.colorlightscollection.com;colorlightscollection.com;İMİB - İstanbul Maden İhracatçıları Birliği
EFOR DEKORATİF PERDE SİSTEMLERİ İTH. İHR. DIŞ TİC. VE PAZ. LTD.ŞTİ.;SUMER MAH.PROF.TURAN GUNES CD.NO:44/4 ZEYTİNBURNU İSTANBUL;(212) 4159506;www.eforperde.com;eforperde.com;İMİB - İstanbul Maden İhracatçıları Birliği
EFOR GLOBAL MADENCİLİK SANAYİ TİCARET ANONİM ŞİRKETİ;İÇERENKÖY MAH. DESTAN SK. EFOR PLAZA NO: 6 İÇ KAPINO: 14 ATAŞEHİR İSTANBUL;(216) 0000000;;;İMİB - İstanbul Maden İhracatçıları Birliği
EFOR GROUP ELEKTRİK MAKİNA İNŞAAT TURIZM DIŞ TİCARET SANAYİ LİMİTED ŞİRKETİ;CUMHURİYET MAH ŞAİR MEHMET AKİF ERSOY SOK NO:24/3/ ÜSKÜDAR İSTANBUL;(216) 3159195;;;İMİB - İstanbul Maden İhracatçıları Birliği
EFTA PETROL İNŞAAT TURİZM GIDA NAKLİYE MADENCİLİK İTHALAT İHRACAT SANAYİ VE TİCARET ANONİM ŞİRKETİ;MUSTAFA KEMAL MAH. 2127. SOK. 2/6 ATA PLAZA ÇANKAYA ANKARA;;www.eftagrup.com.tr;eftagrup.com.tr;İMİB - İstanbul Maden İhracatçıları Birliği
EGE ANTİK MERMER SANAYİ TİCARET LİMİTED ŞİRKETİ;ALSANCAK MAH. ATATÜRK CAD.NO:384 K:2 D:3 BERİN REŞAT AKSOY PLAZA ALSANCAK KONAK İZMİR;;www.egeantik.mermer.com;egeantik.mermer.com;İMİB - İstanbul Maden İhracatçıları Birliği
EGE ENDÜSTRİYEL KONTROL ELEKTROMEKANİK SAN. VE TİC.A.Ş.;İZMİR SERBEST BÖLGESİ, MENEKŞE SOK. NO.8NO:99 - MENEMEN MENEMEN İZMİR;(232) 8426160;www.egecontrols.com;egecontrols.com;İMİB - İstanbul Maden İhracatçıları Birliği
EGE E-TİCARET İNŞAAT TAAHHÜT GIDA TEMİZLİK SANAYİ VE TİCARET LİMİTED ŞİRKETİ;ALİPAŞA MH. CAMİDİBİ SK. NO:2/C MERKEZ KÜTAHYA;;;;İMİB - İstanbul Maden İhracatçıları Birliği
EGEBANT ZIMPARA VE POLİSAJ MALZEMELERİ SANAYİ VE TİCARET ANONİM ŞİRKETİ;TAYSAD ORGANİZE SANAYİ BÖLGESİ 3.CADDE NO:23ŞEKERPINAR GEBZE GEBZE KOCAELİ;(262) 6791313;www.egebant.com.tr;egebant.com.tr;İMİB - İstanbul Maden İhracatçıları Birliği
EGELİ ZIMPARA SANAYİİ ANONİM ŞİRKETİ;KARAKÖY HIRDAVATÇILAR ÇARŞISI NO:32/33 BEYOĞLU İSTANBUL;(212) 2522108;www.egesan.com.tr;egesan.com.tr;İMİB - İstanbul Maden İhracatçıları Birliği
EGESAN AŞINDIRICI TAŞLAR SANAYİİ ANONİM ŞİRKETİ;KEMANKEŞ MAH. MALİYE CAD. MOCAN HANNO:13/5 KARAKÖY BEYOĞLU İSTANBUL;(212) 2522108;www.egesan.com.tr;egesan.com.tr;İMİB - İstanbul Maden İhracatçıları Birliği
EGESİM ENERJİ ELEKTROMEKANİK VE ELEKTRİK TAAHHÜT SANAYİ TİCARET ANONİM ŞİRKETİ;ATATÜRK BULVARI NO.4 İZMİR SEBEST BÖLGESİ MENEMEN İZMİR;(232) 8426085;www.egesim.com.tr;egesim.com.tr;İMİB - İstanbul Maden İhracatçıları Birliği
EGETEK KIMYA BOYA SAN.VE TIC. LTD.STI.;170 S.N:11/4 BORNOVA İZMİR;02324722073;www.egetek.com.tr;egetek.com.tr;İMİB - İstanbul Maden İhracatçıları Birliği
EGETHERM METALURJİ ENDÜSTRİYEL EKİPMAN REFRAKTER SAN. VE TİC. LTD. ŞTİ.;TEPEÖREN MAH. DEMOKRASİ CD. NO:202 B TUZLA İSTANBUL;(216) 4661895;;;İMİB - İstanbul Maden İhracatçıları Birliği
EGM GRANİT MERMER SANAYİ VE TİCARET LİMİTED ŞİRKETİ;FERHATPAŞA MAH. 53. SOK NO: 42 ATAŞEHİR İSTANBUL;;;;İMİB - İstanbul Maden İhracatçıları Birliği
EGMA MADENCİLİK METAL İTHALAT İHRACAT TİC. LTD.ŞTİ.;CUMHURİYET MAHALLESİ D-100 KARAYOLU CAD EXPOIST HOTEL APT. NO: 374/63 BÜYÜKÇEKMECE İSTANBUL;(212) 6031981;;;İMİB - İstanbul Maden İhracatçıları Birliği
EİNHELL TURKEY DIŞ TİCARET ANONİM ŞİRKETİ;ŞERİFALİ MAH. BAYRAKTAR BULVARI BEYİT SOKAK NO:7 ÜMRANİYE İSTANBUL;02164566060;intratek.com.tr;intratek.com.tr;İMİB - İstanbul Maden İhracatçıları Birliği
EKC.AG TURKEY MADENCİLİK ANONİM ŞİRKETİ;ESENTEPE MAHALLESİ TALAT PAŞA CAD. N0:5/1 ŞİŞLİ İSTANBUL;(212) 0000000;http://www.ekc.ag;ekc.ag;İMİB - İstanbul Maden İhracatçıları Birliği
EKE ENDUSTRI TESISLERI TAAHHUT VE TICARET A.Ş.;PİYALE PAŞA BULVARI NO:77 FAMAS PLAZA B/13 ŞİŞLİ İSTANBUL;(212) 2202400;www.ekeltd.com;ekeltd.com;İMİB - İstanbul Maden İhracatçıları Birliği
EKE KİMYA SANAYİ VE TİCARET LİMİTED ŞİRKETİ;İZZETTİN MAH. BİRLİK SK. NO:2 ÇATALCA İSTANBUL;(212) 0000000;;;İMİB - İstanbul Maden İhracatçıları Birliği
EKGS EREN KARBON GRAFİT SAN. VE TİC.LTD.ŞTİ.;İOSB MAH. GİYİM SANATKARLARI 1A BLOK SOK. DIŞ KAPINO:1/A BAŞAKŞEHİR İSTANBUL;(212) 5494502;www.erenkarbon.com.tr;erenkarbon.com.tr;İMİB - İstanbul Maden İhracatçıları Birliği
EKIN MADEN TICARET VE SANAYI A.S.;BUYUKDERE CAD. USO CENTER KAT11 NO.245 MASLAK ŞİŞLİ İSTANBUL;(212) 3290329;www.ekinmaden.com.tr;ekinmaden.com.tr;İMİB - İstanbul Maden İhracatçıları Birliği
EKİN KİMYEVİ MAD. DIŞ TİC. LTD. ŞTİ.;AŞIK VEYSEL MAH. KEMAL SUNAL SK. SEMERKAND RESİDENCE NO:3 KAPI.67 ESENYURT İSTANBUL;(212) 8869507;;;İMİB - İstanbul Maden İhracatçıları Birliği
EKİP İNŞAAT ENERJİ ELEK. MEKANİK SAN. TİC. LTD. ŞTİ.;TURGUTREİS MAH. D:7 B 63 NO:9/18A GİYİMKENT ESENLER İSTANBUL;(212) 4381980;;;İMİB - İstanbul Maden İhracatçıları Birliği
EKİPMER OTEL VE ENDÜSTRİYEL MUTFAK EKİPMANLARI KOZMETİK TİCARET LİMİTED ŞİRKETİ;CUMHURİYET MAH.AKDİŞ SOK.KARDEŞLERİNŞ. NO:3-5/1 KAPAKLI TEKİRDAĞ;(282) 6961696;;;İMİB - İstanbul Maden İhracatçıları Birliği
EKOM ECZACIBAŞI DIŞ TİCARET ANONİM ŞİRKETİ;BÜYÜKDERE CAD. ALİ KAYA SK. NO:5 KAT:6 ŞİŞLİ İSTANBUL;(212) 3508000;www.ekomeczacibasi.com.tr;ekomeczacibasi.com.tr;İMİB - İstanbul Maden İhracatçıları Birliği
EKOMAR MADENCİLİK SANAYİ TİCARET LTD.ŞTİ.;ÜÇEVLER MAH. AHISKA CAD. ÇETİNKAYA SİTESİ NO.73A/9 NİLÜFER BURSA;(224) 4433556;;;İMİB - İstanbul Maden İhracatçıları Birliği
EKONOVA DANIŞMANLIK VE DIŞ TİCARET LİMİTED ŞİRKETİ;GÜZELYALI MAH. HATİCE ANA SOK. NO:9/1 PENDİK İSTANBUL;(216) 2901816;;;İMİB - İstanbul Maden İhracatçıları Birliği
EKOSTON MADENCİLİK SANAYİ VE TİCARET LİMİTED ŞİRKETİ;ATATÜRK MAHALLESİ, ERTUĞRUL GAZİ SOKAKMETROPOL İSTANBUL C1 BLOK NO:2B/101 ATAŞEHİR İSTANBUL;;;;İMİB - İstanbul Maden İhracatçıları Birliği
EKSENAL ALÜMİNYUM EKSTRÜZYON TEKNOLOJİLER SANAYİ VE TİCARET ANONİM ŞİRKETİ;KOBİ OSB 29.SK.NO:25 KÖSELER DİLOVASI KOCAELİ;(262) 5029111;www.eksenal.com;eksenal.com;İMİB - İstanbul Maden İhracatçıları Birliği
EKSMEN MAK. SAN. VE TİC. LTD. ŞTİ.;EYUP SULTAN M.IMAM HATIP CADNO.15 KARTAL İSTANBUL;02165614747;www.eksmen.com;eksmen.com;İMİB - İstanbul Maden İhracatçıları Birliği
EKSPER YALITIM A.Ş;ÇAKMAKLI MAH. HASAT SOK NO:1 /C ESENYURT İSTANBUL;(212) 8863015;;;İMİB - İstanbul Maden İhracatçıları Birliği
EKSPERT MUM.TURZ.VE TIC.LTD. STI.;IMES SAN. SITESI C BLOK 311.SOKAK NO:7 ÜMRANİYE İSTANBUL;02165733888;www.expert.com.tr;expert.com.tr;İMİB - İstanbul Maden İhracatçıları Birliği
EKSTEK XP EKSTRÜZYON KALIP TEKNOLOJİLERİ ANONİM ŞİRKETİ;OSMANGAZI MAH. SANAYI CAD.ÜRETIM SOK. NO:10 GEBZE KOCAELİ;(262) 6531800;www.ekstek.com.tr;ekstek.com.tr;İMİB - İstanbul Maden İhracatçıları Birliği
EKSTRA DOĞALTAŞ PAZARLAMA LTD. ŞTİ.;MİMARSİNAN MAH. BOSNA CAD. GÜVEN1 İŞ MERKZ. APT.NO:2-10 ÇEKMEKÖY ÇEKMEKÖY İSTANBUL;(216) 6887575;www.ex-tra.com.tr;ex-tra.com.tr;İMİB - İstanbul Maden İhracatçıları Birliği
EKW TURKEY REFRAKTER TİCARET LİMİTED ŞİRKETİ;GOKTURK MERKEZ MAHALLESI 1.BEGONYA SK. ARCADIUM LIFE III. SITE NO:2/6 GAZİOSMANPAŞA İSTANBUL;(212) 8094021;;;İMİB - İstanbul Maden İhracatçıları Birliği
ELA KOZMETIK VE HIJYEN UR.SAN. TIC.LTD.STI.;RAMAZAN OĞLU MAH SANAYI CADGALATA SOK. NO:3 PENDİK İSTANBUL;02163788707;www.elacosmetics.com;elacosmetics.com;İMİB - İstanbul Maden İhracatçıları Birliği
ELASTRON KİMYA SANAYİ VE TİCARET ANONİM ŞİRKETİ;GEBZE ORGANİZE SANAYİ BOLGESİ (GOSB)TEMBELOVA ALANI 3200 SOKAK NO:3201 GEBZE KOCAELİ;(262) 6430001;www.elastron.com.tr;elastron.com.tr;İMİB - İstanbul Maden İhracatçıları Birliği
ELCAB KABLO PROFİL SANAYİ TİCARET ANONİM ŞİRKETİ;TEKSTİLKEN CADDESİ KOZA PLAZA B BLOK KAT 31 ORUÇREİS MAHALLESİ ESENLER İSTANBUL;(212) 6852094;www.elcabkablo.com;elcabkablo.com;İMİB - İstanbul Maden İhracatçıları Birliği
ELEGANT SOĞUTMA SİSTEMLERİ SANAYİ VE DIŞ TİCARET LİMİTED ŞİRKETİ;MALTEPE MAH. FAZILPAŞA CAD. ÖZTOPRAK İŞ MERKEZİBLOK NO: 14 İÇ KAPI NO: 65 ZEYTİNBURNU / İSTANBUL ZEYTİNBURNU İSTANBUL;(212) 9122818;;;İMİB - İstanbul Maden İhracatçıları Birliği
ELEKTRIK REZISTANS TIC.VE SAN. LTD.STI.;MALTEPE MAH. GÜMÜŞSUYU ODİN TOPKAPI CENTER NO.28/162 TOPKAPI FATİH İSTANBUL;(212) 2560125;www.elektrikrezistans.com;elektrikrezistans.com;İMİB - İstanbul Maden İhracatçıları Birliği
ELEMENT BOYA SANAYİ VE TİCARET ANONİM ŞİRKETİ;BİRLİK OSB 1 NO'LU CAD. 6. SOK. NO:5 TUZLA İSTANBUL;02165932980;www.elementboya.com;elementboya.com;İMİB - İstanbul Maden İhracatçıları Birliği
ELF ELEKTRİK ANONİM ŞİRKETİ;ADRES ABDURRAHMAN NAFİZGÜRMAN MAH. GENERAL ALİ RIZA GÜRCANCAD.MERTERPLATFORM SUİTB-BLOKNO:27/7/81 GÜNGÖREN İSTANBUL;(850) 3051340;www.elfel.com.tr;elfel.com.tr;İMİB - İstanbul Maden İhracatçıları Birliği
ELGAZAR İÇ VE DIŞ TİCARET LİMİTED ŞİRKETİ;DENİZKÖŞKLER MAH.YOSUN SOKAK UZAY APARTMANINO 6 İÇ KAPI NO 9 AVCILAR İSTANBUL;;;;İMİB - İstanbul Maden İhracatçıları Birliği
ELIT MADENCILIK MUH. GIDA DIS TIC.PAZ.SAN.VE TIC.LTD.STI.;SARAYLAR BELDESI MARMARA ADASI MARMARA BALIKESİR;02668877514;;;İMİB - İstanbul Maden İhracatçıları Birliği
ELİAS MARMAR MERMERCİLİK İTH.İHR.LTD.ŞTİ.;MALTEPE MAH ESKİ ÇIRPICI YOLU SK NO:3/B-148 ZEYTİNBURNU / İSTANBUL ZEYTİNBURNU İSTANBUL;(212) 0000000;;;İMİB - İstanbul Maden İhracatçıları Birliği
ELİŞİ DEKOR AVİZE VE HEDİYELİK EŞYA İML.AL.SAT.İTH.VE İTH.İHR.LTD.ŞTİ.;KAPALIÇARŞI ORTA KAZASLAR SOK. NO.25 FATİH İSTANBUL;(212) 5123784;www.handicraftlamps.com;handicraftlamps.com;İMİB - İstanbul Maden İhracatçıları Birliği
ELİT ARITIM SİSTEMLERİ SANAYİ VE TİCARET LTD.ŞTİ.;İMES SANAYİ SİTESİ B BLOK 204 SOK. NO:30 YUKARI DUDULLU ÜMRANİYE İSTANBUL;(216) 5051050;;;İMİB - İstanbul Maden İhracatçıları Birliği
ELİT OFİS MOBİLYA SANAYİ VE DIŞ TİCARET LİMİTED ŞİRKETİ;ZAFER MH 177 SK NO:2 KAT:4 ESENYURT İSTANBUL;(212) 9932184;www.elitofis.com;elitofis.com;İMİB - İstanbul Maden İhracatçıları Birliği
ELİT STONE DOĞAL TAŞ VE MERMER LİMİTED ŞİRKETİ;ATMACA SOKAK 33/28 ESENEVLER ÜMRANİYE İSTANBUL;(212) 4127121;www.elitstone.com.tr;elitstone.com.tr;İMİB - İstanbul Maden İhracatçıları Birliği
ELİTE GLOBAL İNŞAAT SANAYİ VE TİCARET A.Ş.;MASLAK MAH.AHİ EVREN CAD. NO:21/30 SARIYER İSTANBUL;(212) 3463919;http://www.elitemedicalist.com;elitemedicalist.com;İMİB - İstanbul Maden İhracatçıları Birliği
ELİTTAŞ MADENCİLİK MAKİNA İNŞAAT İTHALAT İHRACAT SANAYİ VE TİCARET ANONİM ŞİRKETİ;YILDIZEVLER MAH. RABİN DRANATH TAGORE CAD.NO: 17 / 2 ÇANKAYA ANKARA;(312) 2321542;;;İMİB - İstanbul Maden İhracatçıları Birliği
ELİXİR FİZYOTERAPİ SAĞLIKLI YAŞAM VE DANIŞMANLIK TİC.LTD.ŞTİ.;YAKUPLU MAH.HÜRRİYET BULV.SKYPORT RESİDENCE NO:1/62 ESENYURT İSTANBUL;(212) 0000000;;;İMİB - İstanbul Maden İhracatçıları Birliği
ELKİM KAUÇUK VE KİMYA SAN.TİC. LTD.ŞTİ.;RAMI KISLA CAD.EMINTAS ERCIYESSAN.SIT.NO.125/210 BAYRAMPAŞA İSTANBUL;02126128585;www.elkimkaucuk.com.tr;elkimkaucuk.com.tr;İMİB - İstanbul Maden İhracatçıları Birliği
ELLA PRODUCTS DIŞ TİCARET LİMİTED ŞİRKETİ;ALTINTEPE MH. İSTASYON YOLU SK. NO:3 MALTEPE İSTANBUL;(216) 4723892;www.rmitment.com;rmitment.com;İMİB - İstanbul Maden İhracatçıları Birliği
ELMACI MADENCİLİK İNŞAAT SAN.TİC.A.Ş.;NURİ HAS MH. ERCİYES BLV. NO:60 MELİKGAZİ KAYSERİ;(352) 2355566;;;İMİB - İstanbul Maden İhracatçıları Birliği
ELOPAR ELEKTRİK VE OTOMOTİV PARÇALARI SANAYİ VE TİCARET ANONİM ŞİRKETİ;KAVAKLI MAH. KAVAKLI CAD . NO: 13/1 BEYLİKDÜZÜ İSTANBUL;(212) 8751940;www.elopar.com.tr;elopar.com.tr;İMİB - İstanbul Maden İhracatçıları Birliği
ELPA ELASTIKI IPLIKLER SANAYI VE IHRACAT A.S.;DEFTERDAR MAH.OTAKCILAR CAD.54 EYÜP İSTANBUL;02125765622;www.elparubber.com;elparubber.com;İMİB - İstanbul Maden İhracatçıları Birliği
ELT GLOBAL LOJİSTİK VE DIŞ TİCARET ANONİM ŞİRKETİ;İNÖNÜ MAH KAYIŞDAĞI CAD.GÖK PLAZANO:202/3 ATAŞEHİR İSTANBUL;(216) 3541040;www.eltdisticaret.com.tr;eltdisticaret.com.tr;İMİB - İstanbul Maden İhracatçıları Birliği
ELTA DIŞ TİCARET İNŞAAT LİMİTED ŞİRKETİ;CENNET MAH.2.YAVUZ SELİM CAD.NO:61 A KÜÇÜKÇEKMECE İSTANBUL;(212) 6546654;http://www.eltainşaat.com.tr;eltainşaat.com.tr;İMİB - İstanbul Maden İhracatçıları Birliği
ELTE ENERJİ MAK. ELEK. İNŞ. TAAH. SAN. VE TİC. LTD. ŞTİ.;İ.D.O.S.B. GÜDERİ CAD. 7A YOLUN:16 P/1 PARSEL TUZLA İSTANBUL;(216) 4840666;www.elteenerji.com;elteenerji.com;İMİB - İstanbul Maden İhracatçıları Birliği
ELTOS EL ALETLERİ HIRDAVAT MAKİNA SANAYİ VE TİCARET LİMİTED ŞİRKETİ;VATAN MAH. ESENLER CAD.SINAN SK. NO:2/1 BAYRAMPAŞA İSTANBUL;(212) 5015459;www.eltos.com.tr;eltos.com.tr;İMİB - İstanbul Maden İhracatçıları Birliği
ELYA MİMARLIK GIDA VE KOZMETİK SANAYİ TİCARET LİMİTED ŞİRKETİ;MASLAK MAH.MASLAK MEYDAN SK.BEYBİ GİZ PLAZA APT. NO:1/55 KAĞITHANE İSTANBUL;;;;İMİB - İstanbul Maden İhracatçıları Birliği
EM ELEKTRİK MALZEMELERİ YÜKLENİM SANAYİ TİCARET A.Ş.;ESKİANKARA YOLU TUZLA ORG.SAN.BÖLGESİ4.CADDE NO.25 İTOSB AKFIRAT TUZLA İSTANBUL;(216) 5933715;www.emelec.com.tr;emelec.com.tr;İMİB - İstanbul Maden İhracatçıları Birliği
EMAK MAKİNE PAZ. TİC. LTD.ŞTİ.;FİRUZKÖY BULVARI NO.158/1 AVCILAR İSTANBUL;(212) 4800250;www.emakmakina.com;emakmakina.com;İMİB - İstanbul Maden İhracatçıları Birliği
EMAS MERMER İNŞAAT TİCARET LİMİTED ŞİRKETİ;MACUN MAH. BATU BLV ÖZ ANKARA GIDA TOPTANCIAR NO : 2 /203 YENİMAHALLE ANKARA YENİMAHALLE ANKARA;;;;İMİB - İstanbul Maden İhracatçıları Birliği
EMD METAL SAN. VE TİC. LTD.ŞTİ.;AYDINLI MAH. ADIVAR SOK. NO:6/3 TUZLA İSTANBUL;;;;İMİB - İstanbul Maden İhracatçıları Birliği
EMEK ELMAS MERMER MAD. ORM. ÜR. HİZ. ORG. İNŞ. VE MALZ. SAN VE TİC. LTD. ŞTİ.;HÜRRİYET MAH. ESKİŞEHİR İSTANBUL YOLU 2. O.S.B.NO:112/1 MERKEZ BİLECİK;;;;İMİB - İstanbul Maden İhracatçıları Birliği
EMEK YAPI MARKET INS.SAN.TIC.L TD.STI.;ESKI EDIRNE ASFALTI HABIPLERÇIKIŞI 58 GAZİOSMANPAŞA İSTANBUL;02125955050;;;İMİB - İstanbul Maden İhracatçıları Birliği
EMEKÇİOĞLU TURİZM TAŞIMACILIK TUZ GIDA TARIM İNŞAAT MADENCİLİK SAN. VE TİC. AŞ;MUSTAFACIK MAH. E-90 KARAYOLUUZERI 3.KM. ŞEREFLİKOÇHİSAR ANKARA;;www.emekcioglutuz.com;emekcioglutuz.com;İMİB - İstanbul Maden İhracatçıları Birliği
EMEKSAN ENDÜSTRİYEL MUTFAK EKİPMANLARI SANAYİ VE TİCARET LTD.ŞTİ;HARAÇÇI MH NİLSU SK NO:14/3 ARNAVUTKÖY İSTANBUL;(212) 6500051;;;İMİB - İstanbul Maden İhracatçıları Birliği
EMEL ZEYNEP ARDA;CADDEBOSTAN MAH.KEMAL SUNAL SOK. BAYKAL APT.NO:8/1 KADIKÖY İSTANBUL;;;;İMİB - İstanbul Maden İhracatçıları Birliği
EMERGENT GROUP DIŞ TİCARET LİMİTED ŞİRKETİ;AKSARAY MAH NAMIK KEMAL CAD NO:64 İÇ KAPI NO:3 FATİH İSTANBUL;;;;İMİB - İstanbul Maden İhracatçıları Birliği
EMFA OFİS KIRTASİYE TEKNOLOJİ HİZMETLERİ BARKOD VE TEKSTİL MALZEMELERİ SAN.TİC. LTD. ŞTİ.;MALTEPE MAH. GÜMÜŞSUYU CAD. BALTAŞ 2 SANAYİ SİTESİ ZEYTİNBURNU İSTANBUL;(212) 5015190;;;İMİB - İstanbul Maden İhracatçıları Birliği
EMG İÇ VE DIŞ TİCARET İNŞAAT LİMİTED ŞİRKETİ;MİMAR SİNAN MAHALLESİ ŞEHİT ERDOĞAN ÇÖPOĞLU SK. NO: 18/7 KÖRFEZ KOCAELİ;(216) 5193474;;;İMİB - İstanbul Maden İhracatçıları Birliği
EMİN GROUP DIŞ TİCARET ELEKTRİK LOJİSTİK VE SANAYİ LİMİTED ŞİRKETİ;HASEKİ SULTAN MAH. TURGUT ÖZAL MİLLET CAD. ALCEYLAN APT. NO: 15 İÇ KAPI NO: 8 FATİH İSTANBUL;;;;İMİB - İstanbul Maden İhracatçıları Birliği
EMİNE ABUSALİH;HARMANDERE MAH. DEDE PAŞA CAD. ATLAS PARK DELUXE RESİDENCE C-35 PENDİK İSTANBUL;(216) 4826969;;;İMİB - İstanbul Maden İhracatçıları Birliği
EMİNLER GRANİT MERMER MADENCİ OTOMOTİV İNŞAAT GIDA SAN.TİC. LTD.ŞTİ.;FERHAT PAŞA MAH. G-10 SOK. NO.15/A ATAŞEHİR İSTANBUL;;www.eminler.com;eminler.com;İMİB - İstanbul Maden İhracatçıları Birliği
EMİNTAŞ MERMER GRANİT İNŞAAT TAAHHÜT SANAYİ VE TİCARET LİMİTED ŞİRKETİ;GEÇİT MH. 2.GÜNDOĞDU SK. NO: 164 OSMANGAZİ BURSA;(224) 2448886;;;İMİB - İstanbul Maden İhracatçıları Birliği
EMİR MOBİLYA ARAÇ TEMİZLİK HİZ. SAN. VE DIŞ TİC. LTD. ŞTİ.;GÜRSEL MAH. BAYRAKTEPE SOK. NO:3 İÇ KAPI:4 KAĞITHANE İSTANBUL;(216) 5130062;;;İMİB - İstanbul Maden İhracatçıları Birliği
EMKO EĞİTİM ÇÖZÜMLERİ VE TEKNOLOJİLERİ ANONİM ŞİRKETİ;ÇAKMAKLI MAH.HADIMKÖY YOLU CAD.NO:75 BÜYÜKÇEKMECE İSTANBUL;(212) 8869920;www.emkoemaye.com;emkoemaye.com;İMİB - İstanbul Maden İhracatçıları Birliği
EMMİDAĞ MERMER VE MADENCİLİK SAN. TİC. LTD.ŞTİ.;MERKEZ MAH.YİBO SOK.NO.25/2 SEYDİLER KASTAMONU;(366) 6684486;www.emmidag.com;emmidag.com;İMİB - İstanbul Maden İhracatçıları Birliği
EMMİOĞLU MERMER MADENCİLİK İNŞ.TAAH.İNŞ.MALZ.MÜH.AKARYAKIT PETROL ÜR.TUR.İML.İTH.İHR.TİC.VE SAN.A.Ş.;ARAPSEYH CAD. NO:277/D SİVAS SİVAS;(346) 2181200;www.emmioglu.com;emmioglu.com;İMİB - İstanbul Maden İhracatçıları Birliği
EMOTİON MERMER İTHALAT İHRACAT SANAYİ TİC.LTD.ŞTİ.;BAŞAK MAH. YUNUS EMRE CAD.HİSAR SİTESİ D 9 BLOK NO:24 D.20 BAŞAKŞEHİR İSTANBUL;;;;İMİB - İstanbul Maden İhracatçıları Birliği
EMPERO ENDÜSTRİYEL MUTFAK EKİPMANLARI PAZARLAMA İÇ VE DIŞ TİCARET ANONİM ŞİRKETİ;TOPÇULAR MH FERHATPAŞA CD NO:4/F EYÜP İSTANBUL;(212) 3618300;www.empero.com.tr;empero.com.tr;İMİB - İstanbul Maden İhracatçıları Birliği
EMPET METALURJI SAN. VE TIC. LTD. STI.;19 MAYIS MAH.INONU CAD. SUMKO SIT.M4 B BLK. NO:44 ONDOKUZMAYIS(19 MAYIS) ONDOKUZMAYIS(19 MAYIS) KADIKÖY İSTANBUL;(216) 3803362;www.empetmetalurji.com;empetmetalurji.com;İMİB - İstanbul Maden İhracatçıları Birliği
EMR KOZMETİK SANAYİ DIŞ TİCARET LİMİTED ŞİRKETİ;MARMARA MAH. 7. SK.NO: 15 / 3 BEYLİKDÜZÜ İSTANBUL;(212) 0000000;;;İMİB - İstanbul Maden İhracatçıları Birliği
EMRE DERICILIK NAK.OTO INS.KIM .SAN.VE DIS TIC.LTD.STI.;ISTANBUL ORG.DERI SAN.1.YOLF-9 PARSEL TUZLA İSTANBUL;02163942571;;;İMİB - İstanbul Maden İhracatçıları Birliği
EMRE ÖZTÜRK;ÖMERCİKLER MAH. 8002 SOKAK . KARDEŞLERPİDE BÖREK NO 37 AKYAZI SAKARYA;(264) 0000000;;;İMİB - İstanbul Maden İhracatçıları Birliği
EMRE TAŞ VE MADENCİLİK ANONİM ŞİRKETİ;MİMARSİNAN KAYAPUL MAHALLESİ HACI ARİF BEY CADDESİ NO: 105 MELİKGAZİ KAYSERİ;(352) 2943116;www.emretas.com.tr;emretas.com.tr;İMİB - İstanbul Maden İhracatçıları Birliği
EMRE YAVUK - HANEDAN BAKIRCILIK;MALTEPE MAH. DAVUTPASA CAD. TIM-1 NO: 6 IÇ KAPI NO: 261 ZEYTİNBURNU İSTANBUL;(212) 0000000;;;İMİB - İstanbul Maden İhracatçıları Birliği
EMSA ENERJİ PAZARLAMA VE DIŞ TİCARET ANONİM ŞİRKETİ;MECLIS MAHALLESİ KARACAOĞLAN SOK.NO:2/A SANCAKTEPE İSTANBUL;(216) 4200003;www.emsa.gen.tr;emsa.gen.tr;İMİB - İstanbul Maden İhracatçıları Birliği
EMSA MERMER SAN. VE TİC. A.Ş.;FERHATPAŞA MAH. 101. SOK. NO:55 ATAŞEHİR İSTANBUL;;;;İMİB - İstanbul Maden İhracatçıları Birliği
EMSAN MUTFAK GEREÇLERİ SANAYİ VE TİCARET ANONİM ŞİRKETİ;YAKUPLU MAHALLESİ BEYSAN SANAYİ SİTESİ NO:22 KAT:3 BEYLİKDÜZÜ İSTANBUL;(212) 5718214;www.emsan.com.tr;emsan.com.tr;İMİB - İstanbul Maden İhracatçıları Birliği
EMSEMREISI ENDÜSTRİ MAKİNALARI SAN. VE TİC. A.Ş.;İ.O.S.B. TORMAK SAN. SİT. P BLOK NO:29 BAŞAKŞEHİR İSTANBUL;(212) 6711790;;;İMİB - İstanbul Maden İhracatçıları Birliği
EN BAY YAPI İNŞAAT SANAYİ VE TİCARET LİMİTED ŞİRKETİ;BAHÇELİEVLER MAH.BAĞLAR CAD.NO:107/206SERDİVAN/SAKARYA SERDİVAN SERDİVAN SAKARYA;(264) 2751892;;;İMİB - İstanbul Maden İhracatçıları Birliği
EN LEADER PROJE YÖNETİMİ SANAYİ VE TİCARET ANONİM ŞİRKETİ;ZİYA GÖKALP MAH. SÜLEYMAN DEMİREL BLV.THEOFFICE NO:7 E İÇ KAPI NO:6 BAŞAKŞEHİR İSTANBUL;(212) 0000000;;;İMİB - İstanbul Maden İhracatçıları Birliği
ENAVA TEKNOLOJİ SANAYİ VE TİCARET LİMİTED ŞİRKETİ;İSTASYON MAH ŞEHİTLER CAD H.73/2 TUZLA İSTANBUL;(216) 5041414;http://www.enava.com.tr;enava.com.tr;İMİB - İstanbul Maden İhracatçıları Birliği
ENDAFON YAPI SİSTEMLERİ SANAYİ VE TİCARET LİMİTED ŞİRKETİ;GAZİ OSMANPAŞA OSB MAH 22 SOK.BERİLAY TEKSTİL NO: 8 ÇERKEZKÖY TEKİRDAĞ;(282) 0000000;;;İMİB - İstanbul Maden İhracatçıları Birliği
ENDI DIS TICARET SANAYI LIMITED SIRKETI;YAKUPLU MAH. BIRLIK CAD. ISYERI NO: 3 IÇ KAPI NO: 16 BEYLİKDÜZÜ İSTANBUL;(212) 0000000;;;İMİB - İstanbul Maden İhracatçıları Birliği
ENDUTHERM ENDÜSTRİYEL FIRIN MAKİNA SANAYİ VE TİCARET LİMİTED ŞİRKETİ;İSTANBUL PENDİK KURTKÖY SAN. MAH. SAN. CADN0:8 PENDİK İSTANBUL;(216) 3780090;;;İMİB - İstanbul Maden İhracatçıları Birliği
ENDÜSTRİ İNOVATİF TEKNOLOJİLER MÜHENDİSLİK ANONİM ŞİRKETİ;GAZİ MUSTAFA KEMAL PAŞA MAH. ATATÜRK CAD.NO:68 D:2 ÇERKEZKÖY TEKİRDAĞ;(850) 4415333;http://www.endustriyelzemin.net;endustriyelzemin.net;İMİB - İstanbul Maden İhracatçıları Birliği
ENE MADENCİLİK DIŞ TİCARET ANONİM ŞİRKETİ;MERMERCİLER SAN.SİT.10.CAD. NO:6 BEYLİKDÜZÜ İSTANBUL;(212) 6036934;www.enemaden.com;enemaden.com;İMİB - İstanbul Maden İhracatçıları Birliği
ENERSA İNŞAAT MADENCİLİK ENERJİ TURİZM NAKLİYAT SANAYİ VE TİCARET LİMİTED ŞİRKETİ;HUZUR MAH. AZERBAYCAN CAD. SKYLAND SİTESİ A NO: 4A İÇ KAPI NO: 115 SARIYER İSTANBUL;;;;İMİB - İstanbul Maden İhracatçıları Birliği
ENG ALÜMİNYUM LİMİTED ŞİRKETİ;TOPSELVİ MH TOPSELVİ CD NO:95/182 PENDİK İSTANBUL;(216) 0000000;www.glazenschuifwandxl.nl;glazenschuifwandxl.nl;İMİB - İstanbul Maden İhracatçıları Birliği
ENG METAL YAPI İNŞ.TAAH.SAN.DIŞ TİC.A.Ş.;RÜZGARLIBAHÇE MH.ÖZALP ÇIKMAZI SK.NO:2 K PLAZA İŞ MERKEZİ KAT:5 BEYKOZ İSTANBUL;(216) 4250325;www.metalyapi-eng.com;metalyapi-eng.com;İMİB - İstanbul Maden İhracatçıları Birliği
ENG MNR MERMER İNŞAAT SANAYİ VE TİCARET LİMİTED ŞİRKETİ;SAHİL MAH. BEŞEVLER 2 SK. NO: 34/2 ÇİFTLİKKÖY ÇİFTLİKKÖY YALOVA;(226) 8121876;;;İMİB - İstanbul Maden İhracatçıları Birliği
ENGİN GERLEK;VELİBABA MAH.UMUT SOK. 17/1 PENDİK İSTANBUL;(216) 3073050;;;İMİB - İstanbul Maden İhracatçıları Birliği
ENGİNLER NAKLİYAT OTOMOTİV YEDEK PARÇA İNŞAAT TAAHHÜT DEMİR ÇELİK MADENCİLİK SANAYİ VE TİC. LTD. ŞTİ;PETROL İŞ MAHALLESİ TEVAZU SOKAK NO : 4 / 5 KARTAL İSTANBUL;(216) 0000000;;;İMİB - İstanbul Maden İhracatçıları Birliği
ENGRUP ELEKTRİK DIŞ TİC.LTD.ŞTİ.;H.RIFAT PAŞA MAH PERPA TİC. MERKEZİ A BLK K.5 NO.201 ŞİŞLİ İSTANBUL;(212) 2220500;www.engrup.com;engrup.com;İMİB - İstanbul Maden İhracatçıları Birliği
ENKA İNŞ.VE SAN.A.Ş;BALMUMCU MAH., ZİNCİRLİKUYU YOLU NO: 10 BEŞİKTAŞ İSTANBUL;02123761000;www.enka.com;enka.com;İMİB - İstanbul Maden İhracatçıları Birliği
ENPAY ENDÜSTRIYEL PAZARLAMA VE YATIRIM A.Ş.;KARADENIZLILER MAH.FAKÜLTE CAD.NO.147/A P.K.91 BAŞİSKELE KOCAELİ;(262) 3495820;www.enpay.com;enpay.com;İMİB - İstanbul Maden İhracatçıları Birliği
ENSAT MERMER SANAYİ VE TİC. A.Ş;MİMAR SİNAN MAH. YEDPA TİC. MERKZ. G. CAD NO:135/2 ASMA KAT ATAŞEHİR İSTANBUL;;;;İMİB - İstanbul Maden İhracatçıları Birliği
ENSEL ELEKTRİK MALZ.SAN VE DIŞ TİC LTD ŞTİ;PERPA TİC MRK A BLOK K 5 NO 92 ŞİŞLİ İSTANBUL;(212) 3203606;www.ensel.com.tr;ensel.com.tr;İMİB - İstanbul Maden İhracatçıları Birliği
ENTEGRE HARÇ SAN. VE TİC. A.Ş.;HÜSEYİNLİ MAH. BEYKOZ CAD.NO.222/4 ÇEKMEKÖY ÇEKMEKÖY İSTANBUL;(216) 4345096;;;İMİB - İstanbul Maden İhracatçıları Birliği
ENVOY SPA İŞLETMELERİ MİM. İNŞAAT. VE DAN. LTD. ŞTİ.;OTELLO KAMİL SOK. NO:8 D:11 MECİDİYEKÖY ŞİŞLİ İSTANBUL;(212) 2884838;;;İMİB - İstanbul Maden İhracatçıları Birliği
ENZO GLOBAL LOJISTIK IÇ VE DIS TICARET LIMITED SIRKETI;ADALET MAH. MANAS BLV. NO: 39 IÇ KAPI NO: 3408 KARŞIYAKA İZMİR;(232) 6168140;;;İMİB - İstanbul Maden İhracatçıları Birliği
ENZO YAPI LİMİTED ŞİRKETİ;OSMANGAZİ MAH. 3127. SK. NO:8 İÇ KAPI NO: ESENYURT/İSTANBUL PK:34100 ESENYURT İSTANBUL;(212) 0000000;;;İMİB - İstanbul Maden İhracatçıları Birliği
EPAMARBLE MADENCİLİK SANAYİ TİCARET LİMİTED ŞİRKETİ;FERHATPAŞA MAH.101. SOKAK NO:55 FERHATPAŞA ATAŞEHİR İSTANBUL;(212) 4242207;www.epamarble.com;epamarble.com;İMİB - İstanbul Maden İhracatçıları Birliği
EPİCİST YAPI ENERJİ SANAYİ VE TİCARET A.Ş.;ŞENLİKKÖY MAH.VİŞNELİ SOK.2/3 BAKIRKÖY/ İST. BAKIRKÖY İSTANBUL;;;;İMİB - İstanbul Maden İhracatçıları Birliği
EPLAKS MAKİNA KİMYEVİ MADDELER VE İHRACAT İTHALAT LTD.ŞTİ.;SÖĞÜTLÜÇEŞME CAD. İRFANBEY SOK. KARDEŞLER İŞ HANI NO:1019 KADIKÖY İSTANBUL;;;;İMİB - İstanbul Maden İhracatçıları Birliği
EPLEPLAST PLASTİK SANAYİ TİCARET VE LİMİTED ŞİRKETİ;ÇORAKLAR MAHALLESİ 5015 SK. NO: 9-13 KÖYLER ALİAĞA İZMİR;(232) 9660015;www.epleplast.com;epleplast.com;İMİB - İstanbul Maden İhracatçıları Birliği
EPOZEM ZEMİN TEKNO. VE YAP.KİM.İNŞ.SAN. VE TİC.LTD.ŞTİ.;KOŞUYOLU MAH ASMADALI SOKAK N:21 KADIKÖY İSTANBUL;(216) 4710822;www.epozem.com;epozem.com;İMİB - İstanbul Maden İhracatçıları Birliği
EPSAN PLASTİK SANAYİ VE TİCARET A.Ş.;ALİOSMAN SÖNMEZ CD. NO:16SONMEZ CAD NO.16 OSMANGAZİ BURSA;02242612020;www.etsan.com.tr;etsan.com.tr;İMİB - İstanbul Maden İhracatçıları Birliği
ER MADENCILIK NAKLIYAT VE TICARET A.S.;BARBAROS MAH.HALK CAD.NO.35 KADIKÖY İSTANBUL;02164729800;www.ergroup.com.tr;ergroup.com.tr;İMİB - İstanbul Maden İhracatçıları Birliği
ER METAL TIBBİ CİHAZ PAZARLAMA İMALAT SAN. İÇ VE DIŞ TİC. LTD. ŞTİ.;ÇANKIRI BULVARI 8.KM NO:119 AKYURT ANKARA;(312) 3486406;www.ermetaldental.com;ermetaldental.com;İMİB - İstanbul Maden İhracatçıları Birliği
ERAKAB KABLO BİLİŞİM ELEKTRİK İNŞ. TUR. SAN. VE DIŞ TİC. LTD. ŞTİ.;PERPA TİC. MERK. A BLOK K:5 NO:171 OKMEYDANI ŞİŞLİ İSTANBUL;(212) 2105061;;;İMİB - İstanbul Maden İhracatçıları Birliği
ERAMA İNŞAAT DIŞ TİCARET SANAYİ LİMİTED ŞİRKETİ;FEVZİ ÇAKMAK MAH. 40 CAD. NO: 7 CS SİNCAN ANKARA;(312) 0000000;http://www.erama.com.tr;erama.com.tr;İMİB - İstanbul Maden İhracatçıları Birliği
ERAMET DIŞ TİCARET ANONİM ŞİRKETİ;QUATTRO İSTANBUL TATLISU MAH. ÇETİN CAD. D BLOK NO64 İÇ KAPI:49 ÜMRANİYE İSTANBUL;(216) 0000000;;;İMİB - İstanbul Maden İhracatçıları Birliği
ERATOM DIŞ TİCARET LİMİTED ŞİRKETİ;İÇERENKÖY MAH. ÜSKÜDAR-İÇERENKÖY YOLU CAD.ÖZIŞ OFİS ATAŞEHİR NO:21 İÇ KAPI NO: 6 ÜSKÜDAR İSTANBUL;(216) 3148282;;;İMİB - İstanbul Maden İhracatçıları Birliği
ERAY CEPHE KAPLAMA SAN. VE TİC LTD. ŞTİ.;YUNUS EMRE MAH. LATİFE SK. NO:16-A-B SANCAKTEPE İSTANBUL;(216) 6616627;;;İMİB - İstanbul Maden İhracatçıları Birliği
ERAY YUCAK;MAHMUTBEY MAH.44.YOL SOK.NO:44B:1 BAĞCILAR İSTANBUL;(212) 6598968;;;İMİB - İstanbul Maden İhracatçıları Birliği
ERBA İTHALAT İHRACAT LTD. ŞTİ.;ATATÜRK ORG.SAN.BOL.ISTASYON MAH. ÜRGÜPLÜ C. NO:30 ARNAVUTKÖY İSTANBUL;02127711888;www.erba.com.tr;erba.com.tr;İMİB - İstanbul Maden İhracatçıları Birliği
ERBANT ZIMPARA İMALAT SANAYİ TİCARET LİMİTED ŞİRKETİ;İKİTELLİ O.S.B.MAH.TORPAK P BLOK SK.TORMAK SAN.SİT.P BLOK NO:29 BAŞAKŞEHİR İSTANBUL;(212) 6712201;;;İMİB - İstanbul Maden İhracatçıları Birliği
ERBAY ALUMINYUM INSAAT SANAYİ VE TİCARET AŞ.;ZUMRUTEVLER MAH. KESKIN SOK. NO.8 MALTEPE İSTANBUL;(216) 5891717;www.erbayaluminyum.com.tr;erbayaluminyum.com.tr;İMİB - İstanbul Maden İhracatçıları Birliği
ERBİL TEKNİK VE MÜHENDİSLİK SANAYİ TİCARET LİMİTED ŞİRKETİ;KARTALTEPE MAH.1.MALAZGRİT CAD.A BLOK NO:10/21 KÜÇÜKÇEKMECE İSTANBUL;(212) 5655014;;;İMİB - İstanbul Maden İhracatçıları Birliği
ERBLOK MADEN MERMER NAKLİYAT VE İNŞAAT SANAYİ ANONİM ŞİRKETİ;AÇMALAR MEVKİİ GEDELEK KÖYÜ ERBLOK MADEN ORHANGAZİ BURSA;(224) 5860010;www.efendioglu.com.tr;efendioglu.com.tr;İMİB - İstanbul Maden İhracatçıları Birliği
ERCAN MOBILYA VE DEKORASYON AKSESUAR SAN.VE TIC.LTD.STI.;NATO YOLU CD NO:184C İKİTELLİ OSB MH KERESTECİLER SAN SİT 5 BLOK NO:2-4 BAŞAKŞEHİR İSTANBUL ÜMRANİYE İSTANBUL;(212) 2245640;www.ercanmobilya.com.tr;ercanmobilya.com.tr;İMİB - İstanbul Maden İhracatçıları Birliği
ERCE MADENCİLİK İNŞAAT TARIM HAYVANCILIK İTHALAT İHRACAT TİCARET VE SANAYİ LİMİTED ŞİRKETİ;POLAT MAHALLESİ OKULLARI CAD. BELEDİYE EKHİZMET BİNASI APT. NO: 2/1 DOĞANŞEHİR MALATYA;(422) 0000000;http://ercemadencilik.com;ercemadencilik.com;İMİB - İstanbul Maden İhracatçıları Birliği
ERD ENERGY DIŞ TİCARET ANONİM ŞİRKETİ;HÜRRİYET MAH.YENİ İSTANBUL SOK.SUIT BIR SITESI C D BLOK NO: 12 /2A SÜLEYMANPASA/ TEKIRDAG SÜLEYMANPAŞA TEKİRDAĞ;(282) 0000000;;;İMİB - İstanbul Maden İhracatçıları Birliği
ERDAL TEKS.SAN.VE TİC.LTD.ŞTİ;YENİBOSNA MERKEZ MAH DOLUNAYSOKAK NO:9 BAHÇELİEVLER İSTANBUL;(212) 5522402;;;İMİB - İstanbul Maden İhracatçıları Birliği
ERDEM GÜNEŞ;YUNUS MAH. ATÖLYELER SK. AKÇAOĞLU SANAYİ SİTESİB BLOK NO: 1 B İÇ KAPI NO: 6 KARTAL İSTANBUL;;;;İMİB - İstanbul Maden İhracatçıları Birliği
ERDEM IC VE DIS TICARET LTD.STI.;ISTOC KOOP. 28 NCI ADA NO:55 BAĞCILAR İSTANBUL;(212) 6595080;www.erdemltd.net;erdemltd.net;İMİB - İstanbul Maden İhracatçıları Birliği
ERDOĞAN MODA METAL VE PLASTİK SANAYİ TİCARET LİMİTED ŞİRKETİ;İKİTELLİ OSB MH ÇEVRE SAN SİT 9 BLOK NO:1/1 BAŞAKŞEHİR İSTANBUL;(212) 4862890;www.erdogantoka.com;erdogantoka.com;İMİB - İstanbul Maden İhracatçıları Birliği
ERDOĞANLAR ALÜMİNYUM SAN. VE TİC. AŞ;ATATÜRK MAH. ORHAN VELİ CAD. NO:9 KIRAÇ ESENYURT İSTANBUL;(212) 8865577;www.erdoganlar.com;erdoganlar.com;İMİB - İstanbul Maden İhracatçıları Birliği
EREĞLİ DEMİR VE ÇELİK FABRİKALARI. TİC. A.Ş.;BARBAROS MAHALLESİ ARDIÇ SOKAK NO:6 34746 ATAŞEHİR İSTANBUL;(216) 5788000;www.erdemir.com.tr;erdemir.com.tr;İMİB - İstanbul Maden İhracatçıları Birliği
EREN PERAKENDE VE TEKSTİL AŞ;MERKEZ MAH. ÇINAR CAD. KAVAK SOK. NO 39 BAHÇELİEVLER İSTANBUL;(212) 6398900;www.erenholding.com.tr;erenholding.com.tr;İMİB - İstanbul Maden İhracatçıları Birliği
ERENOĞLU GAYRİMENKUL İNŞAAT TİC.LTD.ŞTİ;YEŞİLYURT MAH.YUVACIK 17 AĞUSTOS BULVARI NO:24/A BAŞİSKELE KOCAELİ;(262) 0000000;;;İMİB - İstanbul Maden İhracatçıları Birliği
ERENSAN YAPI İNŞAAT ASANSÖR SANAYİ VE TİCARET LİMİTED ŞİRKETİ;MECİDİYE MAH. MUTTAKİ SOK NO:12/1 SULTANBEYLİ İSTANBUL;(216) 4415802;;;İMİB - İstanbul Maden İhracatçıları Birliği
ERFE İÇ VE DIŞ TİCARET LİMİTED ŞİRKETİ;MAHMUTBEY MH İSTOÇ TİCARET MERKEZİ 2430 SK 12 ADA NO:78-84 BAĞCILAR İSTANBUL;(212) 6590499;www.erfe.com.tr;erfe.com.tr;İMİB - İstanbul Maden İhracatçıları Birliği
ERGİN BABACAN - BABACAN MİNERAL SANAYİ;KURTKÖY MAHALLESİ ORHANLI CAD. NO:28/1 PENDİK İSTANBUL;;www.babacanmineral.com;babacanmineral.com;İMİB - İstanbul Maden İhracatçıları Birliği
ERGÖZ OTOMOTİV NAK.TURZ.İNŞ.SAN. VE TİC.LTD.ŞTİ.;İSTANBUL/PENDİK KAYNARCA NEOMARİN ALIŞVERİŞ MERK.BÜYÜKDERE MEVKİİ 1 BLOK NO:B01 KOZYATAĞI KOZYATAĞI KADIKÖY İSTANBUL;(216) 5400348;;;İMİB - İstanbul Maden İhracatçıları Birliği
ERHAN EKİNCİ;PERPA TİC MRK. A BLK K.11 NO.1710 OKMEYDANI ŞİŞLİ İSTANBUL;;;;İMİB - İstanbul Maden İhracatçıları Birliği
ERİ MADENCİLİK VE MİMARLIK LTD. ŞTİ.;MAHMUTBEY MAH. TAŞOCAĞI YOLU CAD. B BLOK. AĞAOĞLU MY OFFİCE NO:3 İÇ KAPI: 145 BAĞCILAR İSTANBUL;(212) 5024241;http://www.erimaden.com;erimaden.com;İMİB - İstanbul Maden İhracatçıları Birliği
ERİNÇ REKLAM TASARIM HİZMETLERİ SAN. VE TİC. LTD.ŞTİ.;Y.DUDULLU TÜRKER CAD. ŞERİFALİ MAH. EDEP SOK. NO:43 KAT:2 ÜMRANİYE İSTANBUL;(212) 2848141;www.erincreklam.com.tr;erincreklam.com.tr;İMİB - İstanbul Maden İhracatçıları Birliği
ERK DENTAL MEDIKAL TIBBI MALZ. TUR.SAN.VE TIC.LTD.STI.;TUNA MAH.SANAT CAD.NO:18 BORNOVA İZMİR;(232) 4582055;www.erkdental.com;erkdental.com;İMİB - İstanbul Maden İhracatçıları Birliği
ERK MADENCİLİK NAKLİYE HAFRİYAT İNŞAAT TİCARET SANAYİ LTD ŞTİ;TIĞCILAR MAH KAVAKLAR CAD SÜREKÇİOĞLU İŞ HANI NO 16/130 ADAPAZARI SAKARYA;(264) 0000000;;;İMİB - İstanbul Maden İhracatçıları Birliği
ERKILIÇ MERMER SAN. VE TİC. A.Ş.;SINAN MAH.YUNUS EMRE CAD. YAYLA SOK. NO:8 KEPEZ ANTALYA;02423401055;www.erkilicmermer.com;erkilicmermer.com;İMİB - İstanbul Maden İhracatçıları Birliği
ERKUL KOZMETİK SANAYİ VE TİCARET ANONİM ŞİRKETİ;CİHANGİR MAH. PETROL OFİSİ CAD. NO:1 AVCILAR İSTANBUL;(212) 4565332;www.goldenrose.com.tr;goldenrose.com.tr;İMİB - İstanbul Maden İhracatçıları Birliği
ERM RESOURCES METAL ANONİM ŞİRKETİ;ESENTEPE MAH. HARMAN 1 SOKAK DURAN PLAZA NO:4/8 ŞİŞLİ İSTANBUL;;http://www.evoxresources.com;evoxresources.com;İMİB - İstanbul Maden İhracatçıları Birliği
ERMAN OFIS MOBILYA SAN.VE DIŞ TIC.LTD.ŞTI.;UĞUR MUMCU CD NO:42 REBA&SOYLU İŞ MERKEZİ MASKE MOBİLYACILAR SİT 15B BLOK NO:17/19 İKİTELLİ/ İSTANBUL İKİTELLİ BAŞAKŞEHİR İSTANBUL;(212) 6750648;www.ermanproje.com;ermanproje.com;İMİB - İstanbul Maden İhracatçıları Birliği
ERMARİN GEMİ İNŞAA DAN.YAT.TAAH.SAN.TİC.LTD.ŞTİ.;SEPETLİPINAR MAH.ARPALIK CAD.BAŞİSKELE KÜÇÜK SAN.SİT NO:118/29 BAŞİSKELE KOCAELİ;(262) 3413136;www.ermarin.com.tr;ermarin.com.tr;İMİB - İstanbul Maden İhracatçıları Birliği
ERMAŞ MADENCİLİK TURİZM SANAYİ VE TİCARET ANONİM ŞİRKETİ;HAMİDİYE MAH.SELÇUKLU CAD.C BLOKNO:10 C İÇ KAPI NO:14 HAMİDİYE KAĞITHANE İSTANBUL;(252) 2423505;www.ermas.com.tr;ermas.com.tr;İMİB - İstanbul Maden İhracatçıları Birliği
ERMED GRUP TEKSTİL TİCARET İNŞAAT İTHALAT İHRACAT VE DANIŞMANLIK LİMİTED ŞİRKETİ;BÜYÜKESAT MAH. ÇAYHANE SK. NO :40 İÇ KAPI NO :1 ÇANKAYA ANKARA;(312) 0000000;;;İMİB - İstanbul Maden İhracatçıları Birliği
ERMEX MADENCİLİK SANAYİ VE TİCARET LİMİTED ŞİRKETİ;ATATÜRK MAH. ERTUĞRUL GAZİ SK. METROPOL ISTANBUL SİTESİ A BLOK NO: 2E İÇ KAPI NO: 212OPET TESİSLERİ ATAŞEHİR İSTANBUL;(216) 4151696;www.krmmining.com;krmmining.com;İMİB - İstanbul Maden İhracatçıları Birliği
EROL YILMAZ - KESİCİ ENDÜSTRİYEL TAKIMLAR;UĞURMUMCU MAH.MUHSİN YAZICIOĞLU CAD.NO:1/2 SULTANGAZİ İSTANBUL;(212) 0000000;;;İMİB - İstanbul Maden İhracatçıları Birliği
ERONER INŞAAT TAAHHÜT DIŞ TIC. TEKSTIL TURIZM LTD.ŞTI.;H.RİFAT MAH PERPA TİCARET MERKEZİ A BLOK K:11 NO:1653 ŞİŞLİ İSTANBUL;(212) 2105055;;;İMİB - İstanbul Maden İhracatçıları Birliği
ERRENK MADENCİLİK İNŞAAT SANAYİ VE TİCARET ANONİM ŞİRKETİ;MECİDİYEKÖY MAH. ESKİ OSMANLI SK. ŞAHİN APT.VE İŞHANI NO/3/2 İSTANBUL ŞİŞLİ İSTANBUL;(212) 0000000;;;İMİB - İstanbul Maden İhracatçıları Birliği
ERSAFOLYO MİMARLIK DEKORASYON SANAYİ TİCARET LİMİTED ŞİRKETİ;MEHMET AKİF MAH. BAHARİYE CAD. NO:161/108 KÜÇÜKÇEKMECE İSTANBUL;;;;İMİB - İstanbul Maden İhracatçıları Birliği
ERSAN METAL VE KABLO SAN.VE DIS TIC.LTD.STI;DEMIRCILER SITESI 1.YOL NO.80 ZEYTİNBURNU İSTANBUL;02166798480;;;İMİB - İstanbul Maden İhracatçıları Birliği
ERSAŞ ALÜMİNYUM ANONİM ŞİRKETİ;İNCİRLİK SK NO:11-15 EYÜP İSTANBUL;(212) 5656500;www.ersasaluminyum.com.tr;ersasaluminyum.com.tr;İMİB - İstanbul Maden İhracatçıları Birliği
ERSEL YARŞI;EMEK ZEKAİ GÜMÜŞDİŞ MAHALLESİ SÖNMEZ SOKAĞI NO:3A OSMANGAZİ BURSA;(224) 0000000;;;İMİB - İstanbul Maden İhracatçıları Birliği
ERSİN BERKE ÇELİK;HACI OSMAN MAHALLESİ BAĞDAT CADDESİ NO:166 A KÖRFEZ KOCAELİ;(262) 0000000;www.pnrmarble.com;pnrmarble.com;İMİB - İstanbul Maden İhracatçıları Birliği
ERSO YAPI İZOLASYON SAN.TİC.LTD.ŞTİ.;GİRNE MAH ATATÜRK CAD 37/1 MALTEPE İSTANBUL;(216) 3536262;www.ersoyapi.com;ersoyapi.com;İMİB - İstanbul Maden İhracatçıları Birliği
ERSU KALİTE KONT.VE ARAÇ KİR.A.Ş.;ÇENESUYU MAH.ÇENESUYU CAD.NO:54/2 DERİNCE DERİNCE KOCAELİ;(262) 2395500;www.er-su.com;er-su.com;İMİB - İstanbul Maden İhracatçıları Birliği
ERTEKİN KİMYA İÇ VE DIŞ TİC. LTD.ŞTİ.;İ.O.S.BÖLGESİ ESKOOP SAN.SİT.C6 BLOK NO:312İKİTELLİ BAŞAKŞEHİR İSTANBUL;(212) 5721232;www.ertekinkimya.com;ertekinkimya.com;İMİB - İstanbul Maden İhracatçıları Birliği
ERTOK GLOBAL HIRDAVAT OTOM. ARAÇ KİRALAMA SAN. VE DIŞ TİC. LTD. ŞTİ;ALEMDAĞ ÇATALÇEŞME MAH.TURGUTÖZAL BULV. NO.215 ALEMDAĞ(ALEMDAR) ÇEKMEKÖY İSTANBUL;(216) 4290890;;;İMİB - İstanbul Maden İhracatçıları Birliği
ERTOK YAPI MALZEMELERİ SAN. VE TİC. AŞ;ÇATALÇEŞME MH SARAY CD NO:291 A ÇEKMEKÖY İSTANBUL;(216) 4290890;www.er-tok.com.tr;er-tok.com.tr;İMİB - İstanbul Maden İhracatçıları Birliği
ERVEN MADEN İNŞAAT TURİZM İTHALAT İHRACAT LİMİTED ŞİRKETİ;KÜÇÜKYALI MERKEZ MAH BARBAROS HAYRETTİN SK NO 20/1 MALTEPE İSTANBUL;(216) 3887288;;;İMİB - İstanbul Maden İhracatçıları Birliği
ERYILMAZ MADENCİLİK ANONİM ŞİRKETİ;ŞEFTALİ MAH. BEYAN SK.NO:10/11 ÜMRANİYE İSTANBUL;(216) 5777690;;;İMİB - İstanbul Maden İhracatçıları Birliği
ES GROUP HAM MADDE İÇ VE DIŞ TİCARET LİMİTED ŞİRKETİ;HALKAPINAR MAH.1203 SK. NO:13 / 903 KONAK İZMİR;;;;İMİB - İstanbul Maden İhracatçıları Birliği
ES HEALTH PHARMA İLAÇ SANAYİ TİCARET VE LİMİTED ŞİRKETİ;KÜÇÜKBAKKALKÖY MH. KOCACEVİZ CD. ATAŞEHİR İSTANBUL;(216) 5757583;;;İMİB - İstanbul Maden İhracatçıları Birliği
ES KOLEKSİYON DIŞ TİCARET LİMİTED ŞİRKETİ;İKİTELLİ OSB MAH ATATÜRK BLV HASEYAD 2 SANAYİ SİT BAŞAKŞEHİR İSTANBUL;(212) 6499043;;;İMİB - İstanbul Maden İhracatçıları Birliği
ESA KOMPOZIT VE TEKNOLOJIK ÇÖZÜMLER MÜHENDISLIK SANAYI TICARET ANONIM SIRKETI;DILOVASI ORG.SAN.BÖL.4.KISIMD4015 SK.NO:6 GEBZE KOCAELİ;02627249514;www.esa.com.tr;esa.com.tr;İMİB - İstanbul Maden İhracatçıları Birliği
ESAS KİMYA MAKİNA SANAYİ VE DIŞ TİCARET ANONİM ŞİRKETİ;GEBZE V(KİMYA)İHTİSAS ORGANİZESAN.BÖL. RECEP YAZICI CAD. NO:3 DİLOVASI KOCAELİ;(262) 6437380;;;İMİB - İstanbul Maden İhracatçıları Birliği
ESASLED ELEKTRİK SANAYİ TİCARET A.Ş.;RÜZGARLIBAHÇE MAH. FERAGAT SOK. NO:3 A BEYKOZ İSTANBUL;(216) 0000000;;;İMİB - İstanbul Maden İhracatçıları Birliği
ESBA KAYNAK MAKİNE SANAYİ TİCARET ANONİM ŞİRKETİ;FERHATPAŞA MAH.97 SK NO:18 ATAŞEHİR İSTANBUL;(216) 0000000;;;İMİB - İstanbul Maden İhracatçıları Birliği
ESCO ELEKTRİK SANAYİ VE TİCARET ANONİM ŞİRKETİ;DUDULLU OSB MAH. DES-115 SK. DES T03 BLOK 24 /26 1 KADIKÖY İSTANBUL;(216) 4718166;;;İMİB - İstanbul Maden İhracatçıları Birliği
ESCO TEKNİK İNŞ.TAAH.NAK.SAN.VE TİC.LTD.ŞTİ.;BEYLİKBAĞI MAH BAĞDAT CAD. 320/2 SK NO:8-3-A GEBZE KOCAELİ;(262) 6550013;;;İMİB - İstanbul Maden İhracatçıları Birliği
ESCP İNŞAAT ANONİM ŞİRKETİ;AYDINEVLER MAH. SANAYİ CAD. CENTRUM PLAZA A BLOK NO 3 İÇ KAPI NO: 501 MALTEPE İSTANBUL;;;;İMİB - İstanbul Maden İhracatçıları Birliği
ESEN MADEN PAZARLAMA LTD.STI.;TEPEÖREN MAH. MARMARA CAD. NO.10 TUZLA İSTANBUL;(216) 3041263;www.esenmikronize.com.tr;esenmikronize.com.tr;İMİB - İstanbul Maden İhracatçıları Birliği
ESER EMİR PREKAST İNŞ.GIDA SAN.TİC..A.Ş;İNKILAP MAH.SÜZER SK.2/31 ÜMRANİYE İSTANBUL ÜMRANİYE İSTANBUL;(216) 4798293;;;İMİB - İstanbul Maden İhracatçıları Birliği
ESMAK MAKİNE SAN. VE DIŞ TİC. LTD. ŞTİ.;D100 KARA YOLU ÜZERİ TOPÇULAR MAH AHMETÇİLER SKN:2 MERKEZ DÜZCE;(380) 5375496;www.esmakmakine.com.tr;esmakmakine.com.tr;İMİB - İstanbul Maden İhracatçıları Birliği
ESMER MERMER SANAYİ VE TİCARET ANONİM ŞİRKETİ;ORGANIZE SANAYI BOLGESI 5.CAD.NO:6 ODUNPAZARI ESKİŞEHİR;(222) 2360656;www.esmarble.com;esmarble.com;İMİB - İstanbul Maden İhracatçıları Birliği
ESO AMBALAJ SANAYİ VE TİCARET LİMİTED ŞİRKETİ;İKİTELLİ ORG.SANAYİ BÖLG. HESKOP SAN. SİT. M-6BLOKNO:104 BAŞAKŞEHİR İSTANBUL;(212) 6703355;;;İMİB - İstanbul Maden İhracatçıları Birliği
ESPA PLASTIK SAN.VE DIS TIC. PAZ.LTD.STI.;SELIMPASA MAH. 5006. SK. NO:8 SİLİVRİ İSTANBUL;(212) 6393404;;;İMİB - İstanbul Maden İhracatçıları Birliği
ESPİCAL İNŞAAT İÇ VE DIŞ TİC.LTD.ŞTİ.;SİYAVUŞPAŞA MAH. ŞEBBOY SOK.ERTEKİN APT. BLOK NO: 7/7BAHÇELİEVLER BAHÇELİEVLER İSTANBUL;;;;İMİB - İstanbul Maden İhracatçıları Birliği
ESRA ARISALAN;İSTİKLAL KURTPINAR MAHALLESİ ATATÜRK CADDESİ NO:134/2/Z4 MURATLI TEKİRDAĞ;;http://www.ayzekimya.com;ayzekimya.com;İMİB - İstanbul Maden İhracatçıları Birliği
ESRA INS.MAD.SAN.VE DIS TIC. LTD.STI.;YILDIRIM BEYAZIT CD.NO:104 İSTANBUL;02128758115;www.esramermer.net;esramermer.net;İMİB - İstanbul Maden İhracatçıları Birliği
ESSE ELEKTRİK OTOMASYON MAKİNA SANAYİ VE TİCARET LİMİTED ŞİRKETİ;ÇAMLIK MAH. SARIZEYBEK SK. EKŞIOĞLU SITESI SİTESİ ZAHIDE APT NO: 67 İÇ KAPI NO: 7 ÜMRANİYE / İSTANBU ÜMRANİYE İSTANBUL;(216) 0000000;;;İMİB - İstanbul Maden İhracatçıları Birliği
ESSE KİMYA KOZMETİK İLAÇ SANAYİ TİCARET LİMİTED ŞİRKETİ;869/1 SOK BAŞAK AP BLOK NO 61A GAZİOSMANPAŞA İSTANBUL MEVLANA MAH 34255 GAZİOSMANPAŞA İSTANBUL;(212) 6097576;www.dionesse.com;dionesse.com;İMİB - İstanbul Maden İhracatçıları Birliği
ESSELTE LEITZ BÜRO MALZ.SAN.VE TİC.A.Ş.;ESKI B.DERE C.TAHIRAGACESME S.AYAZAAGA TIC.MRK.B.BL.N:11/2 ŞİŞLİ İSTANBUL;02122862630;www.esselte.com.tr;esselte.com.tr;İMİB - İstanbul Maden İhracatçıları Birliği
ESTUZ ESKİŞEHİR TUZ GIDA SANAYİ VE TİCARET A.Ş.;KOBİ ORG. SAN. BOL. 111. CAD. NO.3 ODUNPAZARI ESKİŞEHİR;(222) 2360295;www.estuz.com;estuz.com;İMİB - İstanbul Maden İhracatçıları Birliği
ETABİR BİRTAŞ KABLO SANAYİ VE DIŞ TİCARET LİMİTED ŞİRKETİ;ŞAIR ZIYAPAŞA YOKUŞU BANKALAR CAD. TOPÇUOĞLU HAN. NO: 42TOPÇUOĞLU HAN. NO: 42 BEYOĞLU İSTANBUL;02122931664;www.etabirkablo.com;etabirkablo.com;İMİB - İstanbul Maden İhracatçıları Birliği
ETİ MADEN İŞLETMELERİ GENEL MÜDÜRLÜĞÜ;KIZILIRMAK MAH. 1443. CADDE NO:5 ÇANKAYA ANKARA;(312) 2942000;www.etimaden.gov.tr;etimaden.gov.tr;İMİB - İstanbul Maden İhracatçıları Birliği
ETİLER MADENCİLİK SANAYİ VE TİCARET A.Ş.;AŞIK VEYSEL MAH. BUĞDAY SK. NO:11GOLD TOWER RESİDENCE B BLOK ATAŞEHİR İSTANBUL;(216) 6883900;www.etilermadencilik.com;etilermadencilik.com;İMİB - İstanbul Maden İhracatçıları Birliği
ETİMER MADENCİLİK TİCARET VE SANAYİ ANONİM ŞİRKETİ;SARAYLAR BELDESİ MARMARA ADASI MARMARA BALIKESİR;;www.etimer.com.tr;etimer.com.tr;İMİB - İstanbul Maden İhracatçıları Birliği
EU ALÜMİNYUM SANAYİ VE TİCARET LİMİTED ŞİRKETİ;PİRİ MEHMET PAŞA MAH.MİS ÇIKMAZI SK.SİLİVRİ İŞ MERKEZİ NO:1 İÇ KAPI NO:14 SİLİVRİ İSTANBUL;;;;İMİB - İstanbul Maden İhracatçıları Birliği
EUKİM KİMYA SAN. VE TİC. LTD.ŞTİ.;YENİSEHİR MH. OSMANLİ BULV. A BLOK NO: 11 / A 28 PENDİK İSTANBUL;(216) 2516790;;;İMİB - İstanbul Maden İhracatçıları Birliği
EURO STONE DIŞ TİCARET ANONİM ŞİRKETİ;FERHATPAŞA MAH.SAMANDIRA CAD. NO:93 ATAŞEHİR İSTANBUL;(216) 3987403;;;İMİB - İstanbul Maden İhracatçıları Birliği
EUROESTA GAYRİMENKUL YATIRIM İNŞAAT TAAHÜT VE TURİZM SANAYİ TİCARET LİMİTED ŞİRKETİ;EŞİLTEPE MAH 52/6 3B ZEYTİNBURNU İSTANBUL 52 3B YEŞİLTEPE ZEYTİNBURNU İSTANBUL;(212) 0000000;;;İMİB - İstanbul Maden İhracatçıları Birliği
EUROMER DIŞ TİCARET LİMİTED ŞİRKETİ;İSTANBUL DERİ ORG. YAN. SAN. BÖL. 21. YOL NO:2 TUZLA İSTANBUL;(216) 5910303;www.euromer.com.tr;euromer.com.tr;İMİB - İstanbul Maden İhracatçıları Birliği
EUROPA TEKNİK İNŞAAT ENDÜSTRİ LİMİTED ŞİRKETİ;YENİŞEHİR MAH 3014. SOKAK NO:21 İÇ KAPI NO.5 ÜMRAN ÜMRANİYE İSTANBUL;(216) 0000000;;;İMİB - İstanbul Maden İhracatçıları Birliği
EVA DANIŞMANLIK MADEN ANONİM ŞİRKETİ;MERKEZ MAH. ABİDE-İ HÜRRİYET CADDESİ NO: 207ZAMBAK APARTMANI KAT:6 DAİRE : 13 ŞİŞLİ İSTANBUL;;;;İMİB - İstanbul Maden İhracatçıları Birliği
EVDEMA YAPI MALZEMELERİ SAN. VE TİC. A.Ş.;TURGUT ÖZAL MAH. 68.NCİ NO.8 ESENYURT İSTANBUL;(212) 4560285;www.evdema.com;evdema.com;İMİB - İstanbul Maden İhracatçıları Birliği
EVOX MADENCİLİK SANAYİ VE TİCARET ANONİM ŞİRKETİ;HARMAN 1 SOK. DURAN PLAZA NO. 4/8 ŞİŞLİ İSTANBUL;(212) 9360199;;;İMİB - İstanbul Maden İhracatçıları Birliği
EVOX TRADİNG METAL TİCARET ANONİM ŞİRKETİ;ESENTEPE MAHALLESİ HARMAN 1 SOKAK DURAN PLAZA NO:4/8 ŞİŞLİ, İSTANBUL ŞİŞLİ İSTANBUL;(212) 9360199;http://www.evox-trading.com;evox-trading.com;İMİB - İstanbul Maden İhracatçıları Birliği
EVRİM MADENCİLİK SANAYİ VE TİCARET ANONİM ŞİRKETİ;BARBAROS MH. AKZAMBAK SK. NO:3 UPHİLL TOWERS A-BLOK:17 D:97 (34746) ATAŞEHİR İSTANBUL;(216) 2250347;;;İMİB - İstanbul Maden İhracatçıları Birliği
EXITCOM RECYCLING ATIK TAS.TOP .DEP.VE ELEKT.SAN.TIC.LTD.STI.;BAGDAT CAD.NO:40 Merkez KOCAELİ;02623523676;www.exitcom.com;exitcom.com;İMİB - İstanbul Maden İhracatçıları Birliği
EXİMLİNES LOJİSTİK ANONİM ŞİRKETİ;KÜÇÜKBAKKALKÖY MAH. SERA SK. NO: 2 KADIKÖY İSTANBUL;(216) 9990898;https://www.eximlines.com/;eximlines.com;İMİB - İstanbul Maden İhracatçıları Birliği
EXTRADE DIŞ TİCARET LİMİTED ŞİRKETİ;MAHMUTBEY MH 2664 SK NO:18/IPK:34307 BAĞCILAR İSTANBUL;(212) 4957060;;;İMİB - İstanbul Maden İhracatçıları Birliği
EXVENDOR İTHALAT İHRACAT PAZARLAMA VE TİCARET ANONİM ŞİRKETİ;VALİDE-İ ATİK MAH. VALİDE İMARETİ SK. ÜSKÜDAR İSTANBUL;(216) 4747701;;;İMİB - İstanbul Maden İhracatçıları Birliği
EYGÜN TURİZM SANAYİ TİCARET LİMİTED ŞİRKETİ;KARADENİZ MAH. 1126. SOK. NO:15 C GAZİOSMANPAŞA / İSTANBUL PK:34245 GAZİOSMANPAŞA İSTANBUL;(212) 4771131;;;İMİB - İstanbul Maden İhracatçıları Birliği
EYK KİMYA İTHALAT İHRACAT SANAYİ VE TİCARET LİMİTED ŞİRKETİ;ORHANGAZİ MAH. 3. YOL SOK. NO:3 F/1 BEYLİKDÜZÜ İSTANBUL;(212) 2220085;www.eykkimya.com;eykkimya.com;İMİB - İstanbul Maden İhracatçıları Birliği
EYMEN MERMER SANAYİ VE TİCARET LİMİTED ŞİRKETİ;ADLİYE MAH. 1522 SK. A BLOK NO: 16/1A ARİFİYE SAKARYA;(264) 3192211;;;İMİB - İstanbul Maden İhracatçıları Birliği
EZBER HIRD.SAN.VE TIC.LTD.STI.;ARAPCAMİ MAH. PERŞEMBEPAZARI CAD. ESKİTAY ÇIKMAZ SİNDOĞMA HAN. NO. 13/4 BEYOĞLU İSTANBUL;(212) 2533521;;;İMİB - İstanbul Maden İhracatçıları Birliği
EZZ ALDEEN GROUP İÇ VE DIŞ TİCARET LİMİTED ŞİRKETİ;AKŞEMSETTİN MAH.SARI NASUH SOK.NO:32 C FATİH İSTANBUL;;;;İMİB - İstanbul Maden İhracatçıları Birliği
FABRIKA CO METAL TASARIM INSAAT ENDÜSTRIYEL HIZMETLERI VE SANAYI TICARET LIMITED SIRKETİ;RAMAZANOGLU MAH. KIZ KULESI SK.NO: 11 IÇ KAPI NO:1 PENDİK İSTANBUL;(216) 4110717;;;İMİB - İstanbul Maden İhracatçıları Birliği
FAH GRUP METAL İÇ VE DIŞ TİCARET LIMITED ŞİRKETİ;PELİTLİ MAH.4433.SOK NO:23/1 GEBZE KOCAELİ;(262) 6060495;www.fahmetal.com;fahmetal.com;İMİB - İstanbul Maden İhracatçıları Birliği
FAİK KANDEMİR - MOBİLYA DEKORASYON;SANAYİ MAH.GÜMÜŞHANE CAD.BEREKET SOK.NO:33 ŞİRİNTEPE KAĞITHANE İSTANBUL;(212) 2829518;;;İMİB - İstanbul Maden İhracatçıları Birliği
FARBEN DERİ VE KİMYEVİ MAD. SAN. VE TİC. AŞ;İST. DERİ ORG.SAN.BÖL. PRES SK. NO:3/AXII/6 ÖZEL PARSEL TUZLA İSTANBUL;(216) 3941133;www.farben.com.tr;farben.com.tr;İMİB - İstanbul Maden İhracatçıları Birliği
FARMACARB KİMYA SANAYİ VE TİCARET ANONİM ŞİRKETİ;SUSUZ MAHALLESİ 3796 CAD. NO:19 YENİMAHALLE ANKARA;(312) 3959816;;;İMİB - İstanbul Maden İhracatçıları Birliği
FARMAKIM LABORATUVAR MALZ.TIC. LTD.STI.;HALIL RIFATPASA MH.PERPA TIC.MERK.B BLOK NO:44 K:1-2 ŞİŞLİ İSTANBUL;02122215740;www.farmakim.com.tr;farmakim.com.tr;İMİB - İstanbul Maden İhracatçıları Birliği
FARSHİP KARGO VE DIŞ TİCARET LIMITED ŞTİ.;HALİL RIFATPAŞA MAH.GUZEL HAVUZ SOK.PERPA TİC.MERKB BLOK 1/1 D NO:2322 ŞİŞLİ İSTANBUL;(850) 2202135;;;İMİB - İstanbul Maden İhracatçıları Birliği
FARUK KAYRA ÖZLER;CEVİZLİ MAH. ENDERUN SK. NO:12/18 KARTAL/İSTANBUL KARTAL İSTANBUL;(216) 3853877;;;İMİB - İstanbul Maden İhracatçıları Birliği
FATİH ALTUNTAŞ;YAKUPLU MAH 19. SOK 11/4 BEYLİKDÜZÜ İSTANBUL;(212) 2431780;;;İMİB - İstanbul Maden İhracatçıları Birliği
FATİH İHRACAT İTHALAT VE PAZARLAMA DIŞ TİC. LTD.ŞTİ.;ŞAHİNTEPE MH ŞEHİT POLİS FETHİ SEKİN CD KURU GIDA HALI SİTESİ TİCARET BLOK NO:4/2 BAŞAKŞEHİR İSTANBUL;(212) 6061606;;;İMİB - İstanbul Maden İhracatçıları Birliği
FATİH KELEŞ-ŞAHİ ÇELİK;ADLİYE MAH. ESKİŞEHİR CAD. NO:319 ARİFİYE SAKARYA;(264) 3192470;http://www.sahicelik.com;sahicelik.com;İMİB - İstanbul Maden İhracatçıları Birliği
FATİH MUTLU BEST MAKİNA VE KİMYA;AYDINLI MAH. PATLAYICI MADDELER YOLU CAD. BEYOĞLU TOPLU İŞ YERİ KOOP. NO:3/E1 /26 TUZLA İSTANBUL;(216) 6270610;;;İMİB - İstanbul Maden İhracatçıları Birliği
FAVORİ KLİMA VE MAKİNA SAN. TİC. LTD. ŞTİ.;M.AKİF ERSOY MAH. HASIPPAŞA CAD. NO:63/B ÜSKÜDAR İSTANBUL;(216) 4222490;;;İMİB - İstanbul Maden İhracatçıları Birliği
FB MÜTEAHHİTLİK ANONİM ŞİRKETİ;YENİKÖY MH. KÖYBAŞI CD. KİRAZLI BAĞLAR SK. NO:2 SARIYER İSTANBUL;(212) 5039153;;;İMİB - İstanbul Maden İhracatçıları Birliği
FECHTER ENERJİ VE ÇEVRE TEKNOLOJİLERİ ANONİM ŞİRKETİ;OSMANAĞA MAH. REŞİTEFENDİ SOK. NO:29 KAPI NO:8 KADIKÖY İSTANBUL;(216) 6961696;;;İMİB - İstanbul Maden İhracatçıları Birliği
FEDEM PASLANMAZ METAL AHSAP UR .INŞ.TIC.SAN.LTD.STI.;SEYRANTEPE MAHALLESİ ALTINAY CADDESİ SARMAŞIK SOKAK NO:2/C KAĞITHANE İSTANBUL;02122945551;;;İMİB - İstanbul Maden İhracatçıları Birliği
FEDERAL MERMER MADENCİLİK ELEKTİRİK İNŞAAT TAAHHÜT TİCARET VE SANAYİ ANONİM ŞİRKETİ;İSTASYON MAH. GÖLPAZARI YOLU 1 KM. MERKEZ BİLECİK;(228) 2331866;www.federalmermer.com.tr;federalmermer.com.tr;İMİB - İstanbul Maden İhracatçıları Birliği
FEDESİGN İÇ MİMARLIK SANAYİ TİCARET LİMİTED ŞİRKETİ;TOPÇULAR MAH RAMİ KIŞLA CD TİKVEŞLİ DK NEF 2 HALİÇ NO:4 N BLOK D:31 EYÜP İSTANBUL;(212) 5612706;www.desingfe.com;desingfe.com;İMİB - İstanbul Maden İhracatçıları Birliği
FEDMAR MADENCİLİK İNŞAAT SANAYİ VE TİCARET LİMİTED ŞİRKETİ;GAZİPAŞA MH ATATÜRK BULVARI NO:30 İÇ KAPI NO: 5/5 MERKEZ BİLECİK;(228) 0000000;;;İMİB - İstanbul Maden İhracatçıları Birliği
FEKA MADEN KİMYA SANAYİ VE TİCARET LİMİTED ŞİRKETİ;OSTİM OSB MAH.ALINTERİ BUL.NO:25İÇ KAPI NO:23 YENİMAHALLE ANKARA;;https://fekamining.com;fekamining.com;İMİB - İstanbul Maden İhracatçıları Birliği
FEMY İÇ VE DIŞ TİC.LTD.ŞTİ.;CUMHURİYET MAH.BAHÇIVAN SOK.NO:7İÇ KAPI NO :201 ADAPAZARI SAKARYA;(264) 0000000;www.conceptferry.com;conceptferry.com;İMİB - İstanbul Maden İhracatçıları Birliği
FENKIM KIMYA SANAYI VE TIC.LTD STI.;BARBAROS BULVARI YILDIZ APT.NO.69/3 BEŞİKTAŞ İSTANBUL;02122275047;http://www.fenkim.com;fenkim.com;İMİB - İstanbul Maden İhracatçıları Birliği
FENNES HOME MİMARLIK SANAYİ TİCARET LİMİTED ŞİRKETİ;MAREŞEL FEVZİ ÇAKMAK MAH. FATİH CAD. SİTESİ NO:337İÇ KAPI NO:4 ARNAVUTKÖY İSTANBUL;(212) 9091106;https://www.fenneshome.com;fenneshome.com;İMİB - İstanbul Maden İhracatçıları Birliği
FERAT ÇALIŞKAN;FERHATPAŞA MAHALLESİ 5. SOK. NO:46 ATAŞEHİR İSTANBUL;(216) 5471111;;;İMİB - İstanbul Maden İhracatçıları Birliği
FERDİ BEKİROĞLU;YUNUSELİ MAH. YUNUSEMRE SOK. NO: 26 A OSMANGAZİ BURSA;(224) 0000000;;;İMİB - İstanbul Maden İhracatçıları Birliği
FEREX METAL SANAYİ VE TİCARET ANONİM ŞİRKETİ;ESENYALI MAH. YANYOL CAD. VARYAP PLAZA NO: 61 İÇ KAPI NO: 262 PENDİK İSTANBUL;(216) 3923313;;;İMİB - İstanbul Maden İhracatçıları Birliği
FERGAR ENERJİ ÇELİK İNŞAAT SANAYİ VE TİCARET LİMİTED ŞİRKETİ;EŞREF DİNÇER MAH. ÖZKAN SK. ERDEM APT. SİTESİERDEM APT NO: 5 İÇ KAPI NO: A GEMLİK BURSA;(224) 0000000;;;İMİB - İstanbul Maden İhracatçıları Birliği
FERGO DIŞ TİCARET A.Ş.;BAYAR CAD. ŞEHİT İLKNUR KELEŞ SOK. DURAL PLAZA NO:3 K:10 KOZYATAĞI KADIKÖY İSTANBUL;(216) 4632889;www.bonamer.com.tr;bonamer.com.tr;İMİB - İstanbul Maden İhracatçıları Birliği
FERHAT KURNAZ;DAVUTPAŞA CD.TİM 2 DIŞ DIŞ KAPI NO:8 KAT:2 NO:532 ZEYTİNBURNU İSTANBUL;(212) 5016898;www.avrupakozmetik.com.tr;avrupakozmetik.com.tr;İMİB - İstanbul Maden İhracatçıları Birliği
FERİDE PAKETLEME SANAYİ VE TİCARET LİMİTED ŞİRKETİ;NINE HATUN MAH.145 SOK.NO:4D:A-B-C ESENLER İSTANBUL;(212) 6106681;www.feridepudra.com;feridepudra.com;İMİB - İstanbul Maden İhracatçıları Birliği
FERİMAR MADENCİLİK İNŞAAT İÇ VE DIŞ TİCARET LTD. ŞTİ.;AHMET YESEVİ MAH. BAHÇE SOK. NO:11 GEÇİT PREMİUM PLAZA B BLOK D:7 NİLÜFER BURSA;(224) 4530331;www.ferimarmadencilik.com;ferimarmadencilik.com;İMİB - İstanbul Maden İhracatçıları Birliği
FERNCO TASARIM VE DIŞ TİCARET ANONİM ŞİRKETİ;CADDEBOSTAN MAH.CADDEBOSTAN PLAJYOLU SK.NO:35B KADIKÖY İSTANBUL;(216) 0000000;https://ferncoplates.com/;ferncoplates.com;İMİB - İstanbul Maden İhracatçıları Birliği
FERROTECH METALÜRJİ MÜHENDİSLİK İTHALAT İHRACAT SANAYİ TİCARET LİMİTED ŞİRKETİ;4 EYLÜL MAH. 821 SK. NO: 3 D BOZÜYÜK BİLECİK;(228) 0000000;;;İMİB - İstanbul Maden İhracatçıları Birliği
FERRUM MADENCİLİK SANAYİ VE TİCARET ANONİM ŞİRKETİ;MUSTAFA KEMAL MAH. 2152 CAD KENT İŞ MERKEZİNO : 2 İÇ KAPI NO : 18 ÇANKAYA ANKARA;(312) 2241101;;;İMİB - İstanbul Maden İhracatçıları Birliği
FERSAN MADENCİLİK,TARIMSAL ÜRÜNLER,SANAYİ VE DIŞ TİCARET LİMİTED ŞİRKETİ;KOCATEPE MAH. MEGA CENTER A BLOK NO:1435/A BAYRAMPAŞA İSTANBUL;(212) 5816840;;;İMİB - İstanbul Maden İhracatçıları Birliği
FERUCCİ GLASS GÖLGELENDİRME VE CEPHE SİSTEMLERİ İHRACAT SANAYİ TİCARET LİMİTED ŞİRKETİ;ATATÜRK MAH. METROPOL İSTANBUL SİTESİC1 BLOK D:376 ATAŞEHİR İSTANBUL;;;;İMİB - İstanbul Maden İhracatçıları Birliği
FETAŞ İÇ VE DIŞ TİCARET SANAYİ ANONİM ŞİRKETİ;TEPEOREN İTOSB MAH/SEMT4. CAD. NO:214. CAD. NO:21 YUKARIDUDULLU TUZLA İSTANBUL;(216) 3643401;;;İMİB - İstanbul Maden İhracatçıları Birliği
FETTAHOĞLU PVC İNŞ.SAN.TİC.LTD.ŞTİ;HALKALI MERKEZ MAH. FATİH CAD. NO:57/A HALKALI KÜÇÜKÇEKMECE İSTANBUL;(212) 0000000;;;İMİB - İstanbul Maden İhracatçıları Birliği
FIRAT GRANİT MERMER SANAYİ VE TİCARET LİMİTED ŞİRKETİ;GÜZELYALI MAH. MAZİ SOKAK NO: 6/1 PENDİK İSTANBUL;(216) 5082056;;;İMİB - İstanbul Maden İhracatçıları Birliği
FIRAT METAL FORM SANAYI TICARET VE PAZARLAMA LTD.STI.;İKİTELLİ OSB MH ÇEVRE SAN SİT 6 BLOK NO:8-10-12 BAŞAKŞEHİR İSTANBUL;(212) 4854287;www.firatmetalform.com;firatmetalform.com;İMİB - İstanbul Maden İhracatçıları Birliği
FIRST GROUP ENDÜSTRİYEL DIŞ TİCARET LİMİTED ŞİRKETİ;YAMANEVLER MAH. SİTEYOLU CAD. ANEL İŞ MERKEZİ NO:5 ÜMRANİYE İSTANBUL;(216) 2160908;;;İMİB - İstanbul Maden İhracatçıları Birliği
FISCHER METAL SANAYİ VE TİC.LTD.ŞTİ.;CEVİZLİ MAH. MUSTAFA KEMAL CD. HUKUKÇULAR TOWERS A BLOKNO.66 KARTAL İSTANBUL;(216) 3260066;;;İMİB - İstanbul Maden İhracatçıları Birliği
FİDAN ELEKTRONİK GÜVENLİK SİSTEMLERİ VE BİLİŞİM TEKNOLOJİLERİ SANAYİ DIŞ TİCARET LİMİTED ŞİRKETİ;FATİH MAH. ÇAVUŞBAŞI CUMHURİYET CAD. NO: 389 A BEYKOZ İSTANBUL;(216) 0000000;;;İMİB - İstanbul Maden İhracatçıları Birliği
FİLTEK FİLTRE VE SU ARITMA SİSTEMLERİ.SAN.A.Ş.;HADIMKÖY MH.AYASOFYA CD. NO:112/1 ARNAVUTKÖY İSTANBUL;(212) 2432626;;;İMİB - İstanbul Maden İhracatçıları Birliği
FİMAR MERMER MADENCİLİK İNŞAAT AKARYAKIT TURZ. TAR. SERA. HAY. GIDA ÜRÜNLERİ TİCARET SANAYİ A.Ş.;ORGANİZE SAN.1.KISIM 1.CD.NO:5NO:4 SİVAS SİVAS;(346) 2181480;www.fimar.com.tr;fimar.com.tr;İMİB - İstanbul Maden İhracatçıları Birliği
FİMART MOZAİK TAŞ.OTO.İNŞ.TAAH DEK.MER.MAD.İM.NAK.PAZ.LTD.ŞTİ;AMASYA MECİTÖZÜ KARAYOLU ÜZERİ20.KM. AMASYA AMASYA;(358) 2230555;;;İMİB - İstanbul Maden İhracatçıları Birliği
FİRGOLD DİZAYN ENDÜSTRİYEL SOĞUTMA ÜRÜNLER LTD ŞTİ;BATI MAH.İSMETPAŞA CAD. NO:17 İÇ KAPI NO:4 PENDİK İSTANBUL;(216) 5062611;www.mondiconcept.com;mondiconcept.com;İMİB - İstanbul Maden İhracatçıları Birliği
FİRUZE DIŞ TİCARET İHTİYAÇ VE TÜK. MAD. İHR. VE İTH. TİC. LTD. ŞTİ.;CEVİZLİ MAH.MUSTAFA KEMAL PAŞA CAD.SEYİT GAZİ NO:66 KARTAL İSTANBUL;(216) 5460203;;;İMİB - İstanbul Maden İhracatçıları Birliği
FİVESQUARETECHNİC METAL MAKİNA SANAYİ TİCARET LİMİTED ŞİRKETİ;ŞEHİT EKREM MAH. İZNİK CAD. NO:94 BAŞİSKELE KOCAELİ;(262) 0000000;;;İMİB - İstanbul Maden İhracatçıları Birliği
FLİCKER LİNE DIŞ TİCARET LİMİTED ŞİRKETİ;ZİYA GÖKALP MAH. KARACAOĞLAN SK. AĞAOĞLU MY WORLD EUROPA B3 BLOK NO: 1 D İÇ KAPI NO: 182 BAŞAKŞEHİR İSTANBUL;(212) 0000000;http://www.flickerline.com;flickerline.com;İMİB - İstanbul Maden İhracatçıları Birliği
FLK MADEN PROSES SANAYİ VE TİCARET ANONİM ŞİRKETİ;BAĞLICA MAH. 1180 CAD. NO:7/8 ETİMESGUT ANKARA;(312) 2343332;www.flkmaden.com.tr;flkmaden.com.tr;İMİB - İstanbul Maden İhracatçıları Birliği
FLORA KOZMETİK SANAYİ TİCARET LİMİTED ŞİRKETİ;FERAHEVLER MAH. ÇAMLIK KORU CAD. NO:45/1 SARIYER İSTANBUL;;;;İMİB - İstanbul Maden İhracatçıları Birliği
FLUIDRA TR SU VE HAVUZ EKİPMANLARI SANAYİ VE TİC.A.Ş.;AYDINLI MAH.BİRLİK O.S.B 1 NOLU CAD. NO:3 AYDINLI TUZLA İSTANBUL;(216) 3870556;www.fluidra.com;fluidra.com;İMİB - İstanbul Maden İhracatçıları Birliği
FM TRAFİK GÜVENLİK TEKNOLOJİ SANAYİ VE TİCARET LİMİTED ŞİRKETİ;MAHMUTBEY MAH. 2445. SOK. NO:69-71 (İSTOÇ 24.ADA) BAĞCILAR İSTANBUL;(212) 9091228;www.trafikgerecleri.com;trafikgerecleri.com;İMİB - İstanbul Maden İhracatçıları Birliği
FMS FİLİZ MERMER SANAYİİ İTHALAT İHRACAT SANAYİ VE TİCARET LİMİTED ŞİRKETİ;İSTİKLAL MAH. ÇARK SANAYI DEMİRCİLER SK.NO:22/A SERDİVAN SAKARYA;(264) 2790450;;;İMİB - İstanbul Maden İhracatçıları Birliği
FND MİMARLIK İNŞAAT TAAHHÜT SANAYİ VE TİCARET LİMİTED ŞİRKETİ;BALAT MAH. SANAYİ CAD. INALLAR CADDE NO: 435İÇ KAPI NO: 16 NİLÜFER BURSA;(224) 4412843;;;İMİB - İstanbul Maden İhracatçıları Birliği
FOCUS MADENCİLİK VE İHRACAT A.Ş.;ADALET MAH. MANAS BLV. NO:39 FOLKART TOWERS B KULE NO:2408 BAYRAKLI BAYRAKLI İZMİR;(232) 6834793;www.focusmarble.com;focusmarble.com;İMİB - İstanbul Maden İhracatçıları Birliği
FOKUS WATER ARITMA SİSTEMLERİ İNŞAAT SANAYİ VE TİCARET ANONİM ŞİRKETİ;EKŞİOĞLU MAH ATABAY VAD NO 18/1 ÇEKMEKÖY İSTANBUL;(216) 3122299;;;İMİB - İstanbul Maden İhracatçıları Birliği
FONTE YAPI SANAYİ VE TİCARET LİMİTED ŞİRKETİ;SÖĞÜTÖZÜ MAH. SÖĞÜTÖZÜ CAD. NO:2 KOÇ KULELERİ A13 ÇANKAYA ANKARA;(312) 0000000;www.fonteyapi.com;fonteyapi.com;İMİB - İstanbul Maden İhracatçıları Birliği
FORA GRANİT MERMER İNŞAAT VE DIŞ TİCARET LİMİTED ŞİRKETİ;FERHATPAŞA MAHALLESİ SMANDIRA CADDESİ G-79 SOKAKNO:13 ATAŞEHİR İSTANBUL FERHATPAŞA ATAŞEHİR İSTANBUL;(216) 6616525;www.foragranit.com;foragranit.com;İMİB - İstanbul Maden İhracatçıları Birliği
FORCA COMPANY LOJİSTİK SANAYİ VE TİCARET LİMİTED ŞİRKETİ;İSKENDERPAŞA MAH. ÇINGIRAKLI BOSTAN SK. NO: 42 İÇKAPI NO: 4 FATİH İSTANBUL;(212) 0000000;;;İMİB - İstanbul Maden İhracatçıları Birliği
FOREX EKSTRÜZYON KALIP LTD ŞTİ.;ŞEKERPINAR MH AYÇA SK NO:44/3 ÇAYIROVA KOCAELİ;(262) 5039216;www.forexdie.com;forexdie.com;İMİB - İstanbul Maden İhracatçıları Birliği
FORMOSA MADENCİLİK VE MERMER SANAYİ TİCARET LİMİTED ŞİRKETİ;ODUNLUK MAH. AKPINAR (180) CAD. GREEN WHITE PLAZA SİTESİ NO:5/25 NİLÜFER BURSA;(224) 0000000;;;İMİB - İstanbul Maden İhracatçıları Birliği
FORMTAŞ MERMERCİLİK VE İNŞAAT LTD.ŞTİ;AKŞEMSETTİN MAH.AKDENİZ CAD.NO:8/4 FATİH İSTANBUL;(212) 5347243;;;İMİB - İstanbul Maden İhracatçıları Birliği
FORSAGE TURKEY İÇ VE DIŞ TİCARET LİMİTED ŞİRKETİ;ARMAĞANEVLER MAH. ALEMDAĞ CAD. NO: 402 A ÜMRANİYE ÜMRANİYE İSTANBUL;(216) 2101901;;;İMİB - İstanbul Maden İhracatçıları Birliği
FORSAJ İNŞ.İTH.İHR.SAN.VE TİC.LTD.ŞTİ.;YAVUZ SULTAN SELİM MAH. MEVLANA CAD. NO:75 41650 KÖRFEZ KOCAELİ;;;;İMİB - İstanbul Maden İhracatçıları Birliği
FORTİORİ STONE MERMER SANAYİ VE TİCARET ANONİM ŞİRKETİ;DEREBOYU KÖYÜ DEREBOYU KÖY SOKAĞI KÜME EVLERİGÖKYAR MERMER SİTESİ NO:136 SÖĞÜT BİLECİK SÖĞÜT BİLECİK;(228) 3614700;;;İMİB - İstanbul Maden İhracatçıları Birliği
FORTUNA PROJE İNŞAAT TAAHHÜT TİCARET ANONİM ŞİRKETİ;AYDINLAR MAH. MERMERCİLER CAD. NO.22/1 ÇEKMEKÖY İSTANBUL;(216) 4845050;www.marblebroker.com.tr;marblebroker.com.tr;İMİB - İstanbul Maden İhracatçıları Birliği
FOSROC YAPI KİMYASALLARI SANAYİ VE TİCARET ANONİM ŞİRKETİ;SANAYİ CADDESİ. DEMİRTAŞ PLAZA İŞ MERKEZİNO:13 K:3 D:7-8 AYDINEVLER MALTEPE İSTANBUL;(216) 4636963;www.ideakimya.com;ideakimya.com;İMİB - İstanbul Maden İhracatçıları Birliği
FOUR STAR MARBLE TRADERS MERMERCİLİK SAN. VE TİC. LTD.ŞTİ.;DAVUTDEDE MAH. 2.TUNA SOK. NO:8/A YILDIRIM BURSA;(224) 0000000;;;İMİB - İstanbul Maden İhracatçıları Birliği
FOURKİM TEKSTİL BOYA KİMYA SANAYİ TİCARET ANONİM ŞİRKETİ;BARBAROS HAYRETTİN PAŞA MAHALLESİ 1992 SOKAK 16 No:58 ESENYURT İSTANBUL;;;;İMİB - İstanbul Maden İhracatçıları Birliği
FÖGE ELEKTRONİK SAN. VE TİC. A.Ş;ORUÇ REİS MAH. GİYİMKENT 3. SK. NO:111/A ESENLER İSTANBUL;(212) 4385888;;;İMİB - İstanbul Maden İhracatçıları Birliği
FR İNŞAAT SANAYİ VE TİCARET LİMİTED ŞİRKETİ;ESENŞEHİR MAH. ATILIM SK. NO 13 ÜMRANİYE İSTANBUL;(216) 0000000;;;İMİB - İstanbul Maden İhracatçıları Birliği
FREYA KOZMETİK VE GIDA ÜRÜNLERİ SANAYİ VE TİCARET LİMİTED ŞİRKETİ;AHMET YESEVİ MAH. HÜCRE SK. 1 /1 1 SULTANBEYLİ İSTANBUL;;;;İMİB - İstanbul Maden İhracatçıları Birliği
FRİGO SOĞUTMA SAN. VE TİC. A. Ş.;MUMHANE CAD.NO:39/A BEYOĞLU İSTANBUL;02122931130;;;İMİB - İstanbul Maden İhracatçıları Birliği
FRONT CEPHE SİSTEMLERİ SAN. VE TİC. LTD. ŞTİ.;YALI MAH. KADİR SK. NO: 14/86 KARTAL KARTAL İSTANBUL;(216) 0000000;;;İMİB - İstanbul Maden İhracatçıları Birliği
FS DIŞ TİCARET ANONİM ŞİRKETİ;FATİH SULTAN MEHMET MAH. POLİGON CAD. BUYAKA 2 SİTESİ 3 BLOK NO:8C İÇ KAPI NO:54 ÜMRANİYE İSTANBUL;(216) 5043155;www.fsforeigntrade.com;fsforeigntrade.com;İMİB - İstanbul Maden İhracatçıları Birliği
FS KİMYEVİ MADDELER TİCARET ANONİM ŞİRKETİ;TANTAVİ MAH. ESTERGON CAD. EXEN İSTANBUL SİTESİ F BLOK NO: 24F İÇ KAPI NO: 307 ÜMRANİYE İSTANBUL;(216) 5043155;https://fskimya.com/;fskimya.com;İMİB - İstanbul Maden İhracatçıları Birliği
FSİ MEDİKAL SAĞLIK ÜRÜNLERİ İTHALAT İHRACAT VE TİCARET LİMİTED ŞİRKETİ;HACI BAYRAM MAH. ŞEHİT YAŞAR AKANSEL SK. ÖZGÜRLERIŞ MERKEZI NO: 3 / 50 ALTINDAĞ ANKARA;(312) 0000000;;;İMİB - İstanbul Maden İhracatçıları Birliği
FTH MERMER VE DİZAYN MİMARLIK TİCARET VE SANAYİ LTD. ŞTİ.;KUMKÖY MAH. LEVREK SK. 3H4 SARIYER İSTANBUL;(212) 2012015;www.fthmade.com;fthmade.com;İMİB - İstanbul Maden İhracatçıları Birliği
FUCHS KIMYA A.Ş;LEVAZIM MAH. YENİBAHAR SOK. NO 2 BEŞİKTAŞ İSTANBUL;02123568155;www.fuchs.com.tr;fuchs.com.tr;İMİB - İstanbul Maden İhracatçıları Birliği
FURİNOX ENDÜSTRİYEL MUTFAK MALZEMELERİ LİMİTED ŞİRKETİ;CAMİİ KEBİR MH BAHRİYE CD NO:51 BEYOĞLU İSTANBUL;(212) 2389779;www.furinoxindustrial.com;furinoxindustrial.com;İMİB - İstanbul Maden İhracatçıları Birliği
FURKAN USTAOSMANOĞLU;TURGUT ÖZAL MAHALLESİ 109. SOK ESENYURT / İSTANBUL ESENYURT İSTANBUL;(212) 2434646;;;İMİB - İstanbul Maden İhracatçıları Birliği
FVF YAPI İNŞAAT MİMARLIK MADENCİLİK TARIM VE SAĞLIK SANAYİ TİC. LTD. ŞTİ.;ABDURRAHMAN NAFİZ GÜRMAN MAH. METE SK. NO:10 MERTER GÜNGÖREN İSTANBUL;(212) 5024241;www.erimadencilik.com;erimadencilik.com;İMİB - İstanbul Maden İhracatçıları Birliği
FZE DANIŞMANLIK VE DIŞ TİCARET LİMİTED ŞİRKETİ;CUMHURİYET MAH EFE SK NO:4 İÇ KAPI NO:1 PK:41420 ÇAYIROVA/KOCAELİ ÇAYIROVA KOCAELİ;(262) 0000000;;;İMİB - İstanbul Maden İhracatçıları Birliği
G İNŞAAT MADENCİLİK SANAYİ TİCARET LTD. ŞTİ.;ORGANİZE SANAYİ BÖLGESİ 1. CAD. 10.SOK.NO.5 AFYONKARAHİSAR AFYON;(212) 2362045;www.ginsaat.com;ginsaat.com;İMİB - İstanbul Maden İhracatçıları Birliği
GAEN ENDÜSTRİYEL HAMMADELERİ SANAYİ TİCARET LİMİTED ŞİRKETİ;CUMHURİYET MAH. YİRMİYEDİ EVLER SOKAK NO:27 D:3 ÇAN ÇANAKKALE;;;;İMİB - İstanbul Maden İhracatçıları Birliği
GALADRİN İNŞAAT DIŞ TİCARET VE DANIŞMANLIK LTD.ŞTİ.;ATA MAH. KARACASU CAD. NO:2/A D:21 EFELER AYDIN;;;;İMİB - İstanbul Maden İhracatçıları Birliği
GALATA MERMER DOĞALTAŞ SANAYİ VE TİCARET LİMİTED ŞİRKETİ;ALTAYÇEŞME MAH. ÇAMLI SOK. DAP ROYAL CENTER D BLOK NO:16 D KAT:9 DAİRE 35 MALTEPE İSTANBUL;(216) 3749994;;;İMİB - İstanbul Maden İhracatçıları Birliği
GALENA SAĞLIK SAN. TİC. A.Ş.;SILIVRIKAPI CD.41/2-A FATİH İSTANBUL;02126325501;http://www.galena.com.tr;galena.com.tr;İMİB - İstanbul Maden İhracatçıları Birliği
GALENKA İLAÇ SAN. VE TİC. LTD. ŞTİ.;SANAYİ MAH.ENSAR CAD.HİDAYET SOK.N:4 K:2 KURTKÖY PENDİK İSTANBUL;(216) 3068812;www.galenka.com.tr;galenka.com.tr;İMİB - İstanbul Maden İhracatçıları Birliği
GALERA SAĞLIK HİZMETLERİ LİMİTED ŞİRKETİ;MACUN MAHALLESİ 177. CADDE NO : 19I / 2 06170 YENİMAHALLE ANKARA;(312) 3977211;www.galerapharma.com;galerapharma.com;İMİB - İstanbul Maden İhracatçıları Birliği
GAM 13 İNŞAAT EMLAK SANAYİ VE DIŞ TİCARET LİMİTED ŞİRKETİ;ADNAN KAHVECİ MAH. KALKAN SK. A1 BLOK NO:4 BEYLİKDÜZÜ İSTANBUL;(212) 0000000;;;İMİB - İstanbul Maden İhracatçıları Birliği
GAMA METALURJİ UYGULAMA MAKİNA KİMYA SAN. TİC. LTD.ŞTİ.;YEŞİLCE MAH. DAĞISTANLI SOK. NO:27 KAĞITHANE İSTANBUL;(212) 3252864;www.gamametalurji.com;gamametalurji.com;İMİB - İstanbul Maden İhracatçıları Birliği
GAP KABLO SAN. VE TİC. LTD. ŞTİ.;OSMANGAZİ MAH. 3130 SOK. NO.6/2 KIRAÇ KIRAÇ ESENYURT İSTANBUL;(212) 8868618;www.gurfil.com;gurfil.com;İMİB - İstanbul Maden İhracatçıları Birliği
GARAMAN MADENCİLİK VE TİCARET LİMİTED ŞİRKETİ;GÜLTEPE MAH. KIZILKAYA SOK. NO:1/1 PK:34290 KÜÇÜKÇEKMECE İSTANBUL;(212) 0000000;;;İMİB - İstanbul Maden İhracatçıları Birliği
GARANTİ GİRİŞİM İNŞAAT A.Ş.;ATAKENT MH 221SK ROTA OFFİCE SİT 3/1 KAT:10 D:63 KÜÇÜKÇEKMECE İSTANBUL;(212) 5481144;www.garantigirisim.com;garantigirisim.com;İMİB - İstanbul Maden İhracatçıları Birliği
GARTUN MADENCİLİK ENDÜSTRİ MÜHENDİSLİK SANAYİ VE TİCARET LİMİTED ŞİRKETİ;YAĞLICA KÖYÜ SALI KAHVESİ MEVKİİEFLANİ / KARABÜK EFLANİ KARABÜK;03704153836;;;İMİB - İstanbul Maden İhracatçıları Birliği
GASTROİNOKS DIŞ TİCARET LTD. ŞTİ.;SAHRAYICEDİT MAHALLESİ ADİLE NAŞİT SOKAK NO:4-A KADIKÖY İSTANBUL;(216) 5509875;www.gastroinoks.com.tr;gastroinoks.com.tr;İMİB - İstanbul Maden İhracatçıları Birliği
GATEOFTEC DIŞ TİCARET LİMİTED ŞİRKETI;ORHANTEPE MAH ALASKA SK OZEL PARK ANAOKULUBN. NO : 11 KARTAL İSTANBUL;;;;İMİB - İstanbul Maden İhracatçıları Birliği
GAZAR GAZ ARMATÜRLERİ SANAYİ VE TİCARET LİMİTED ŞİRKETİ;İKİTELLİ OSB MH İPKAS SAN SİT 3 ETAP D BLOK NO:34 BAŞAKŞEHİR İSTANBUL;(212) 0000000;www.gazar.com.tr;gazar.com.tr;İMİB - İstanbul Maden İhracatçıları Birliği
GAZELLE MARBLE MADEN LİMİTED ŞİRKETİ;AŞAĞI DUDULLU MAH.SARAYBOSNA CAD.SİNPAŞ GÖKORMAN SİTESİ B BLOK NO.71 KAPIO NO.91 ÜMRANİYE İSTANBUL;(216) 6310355;;;İMİB - İstanbul Maden İhracatçıları Birliği
GEDA MAJOR İŞ VE İNŞAAT MAK SAN VE TİC LTD ŞTİ;ŞEMSETTİN GÜNALTAY CAD. NO. 224 A BLOK K.2 D.5 KADIKÖY İSTANBUL;(216) 4670833;www.geda-major.com.tr;geda-major.com.tr;İMİB - İstanbul Maden İhracatçıları Birliği
GEDİK KAYNAK SANAYİ VE TİCARET A.Ş.;ANKARA CAD. NO:306 ŞEYHLİ PENDİK İSTANBUL;(216) 3785000;www.gedik.com.tr;gedik.com.tr;İMİB - İstanbul Maden İhracatçıları Birliği
GEDİZ MİMARLIK METAL MOBİLYA SANAYİ VE TİC. LTD. ŞTİ;AGLARBASI MAH. SEHIT MÜCAHIT SK. AKDENIZ APT NO: 7 MALTEPE İSTANBUL;(216) 5735530;www.gedizmobilya.com;gedizmobilya.com;İMİB - İstanbul Maden İhracatçıları Birliği
GEG İÇ VE DIŞ TİCARET LİMİTED ŞİRKETİ;MERKEZ MH SEÇKİN SK NO:140 KAĞITHANE İSTANBUL;;;;İMİB - İstanbul Maden İhracatçıları Birliği
GEMA MERMER SANAYİ TİCARET ANONİM ŞİRKETİ;CUMHURİYET MAH.NİLÜFER HATUN CD.SELİN SİT.NO:150 DAİRE:4 B/BLOK NİLÜFER/BURSA NİLÜFER BURSA;(224) 4527722;;;İMİB - İstanbul Maden İhracatçıları Birliği
GEMA POLİMER PLASTİK ÜRÜNLERİ SANAYİ VE TİCARET ANONİM ŞİRKETİ;FATİH SULTAN MEHMET MAH. POLİGON CAD. BUYAKA 2 SİTESİ 2. KULE KAT:7 D:26 ÜMRANİYE İSTANBUL;(212) 2706645;www.gemapolimer.com;gemapolimer.com;İMİB - İstanbul Maden İhracatçıları Birliği
GEMAŞ GENEL MÜHENDİSLİK MEKANİK SANAYİ TİCARET ANONİM ŞİRKETİ;MİMAR SİNAN MAH. YASEMİN SOK. NO:16 KEMERBURGAZ EYÜP İSTANBUL;(212) 3219230;www.gemas.com.tr;gemas.com.tr;İMİB - İstanbul Maden İhracatçıları Birliği
GEMİNA GIDA DIŞ TİC. A.Ş.;BARBAROS MAH. MOR SÜMBÜL SOK. DELUXİA PALACEN:5/A K:16 D:442 ATAŞEHİR İSTANBUL;(216) 5041431;www.geminatrade.com;geminatrade.com;İMİB - İstanbul Maden İhracatçıları Birliği
GEMKA METAL DIŞ TİC.MÜM.LTD.ŞTİ.;ŞERİFALİ MAH TAVUKÇUOĞLU YOLU CAD NO 190-192D 3 GÜMÜŞ PLAZA ÜMRANİYE İSTANBUL;(216) 5275568;;;İMİB - İstanbul Maden İhracatçıları Birliği
GEMMAR DENİZCİLİK TİCARET LİMİTED ŞİRKETİ;LEVENT MAH.GÜLLÜ SOK.NO:2 BEŞİKTAŞ İSTANBUL;;;;İMİB - İstanbul Maden İhracatçıları Birliği
GEN INSAAT MIMARLIK DEKORASYON SAN.VE TIC.LTD.STI.;GÜLBAĞ MAH. 2.TAŞOCAĞI CAD. OTELLOKAMİL SOK.NO.2 K.1 D-4 ZEREN APT. ŞİŞLİ İSTANBUL;(212) 2161601;www.genstone.net;genstone.net;İMİB - İstanbul Maden İhracatçıları Birliği
GENBİOTEK BİOSİSTEM LABORATUAR MALZEMELERİ DANIŞMANLIK OTOMOTİV SAN. VE TİC.LTD.;PINARTEPE MH.TURGUT ÖZAL CD.SÜTÇÜLER SK.GÖKSU VİLLALARI NO 5-B BÜYÜKÇEKMECE İSTANBUL;(212) 5740900;;;İMİB - İstanbul Maden İhracatçıları Birliği
GENCAY INS.ITH.IHR.PAZ.SAN.VE TIC.LTD.STI.;FEVZIPASA CD.63 KADIKÖY İSTANBUL;02165714499;;;İMİB - İstanbul Maden İhracatçıları Birliği
GENCER TEKNİK HIRDAVAT PAZARLAMA SANAYİ TİC. A.Ş.;İKİTELLİ OSB MAH BAĞCILAR GÜNGÖREN METRO AVM ABLOKSK. NO: NO:1A İÇ KAPI NO:9 BAŞAKŞEHİR İSTANBUL;(212) 2106060;;;İMİB - İstanbul Maden İhracatçıları Birliği
GENCH INTERNATIONAL YAPI MALZ.TİC.LTD.ŞTİ.;ESKOOP SAN. SİT. C5 BLOK NO:278 BAŞAKŞEHİR İSTANBUL;(212) 6713794;www.genchshop.com.tr;genchshop.com.tr;İMİB - İstanbul Maden İhracatçıları Birliği
GENÇ VERNİK VE KORUMA MADDELERİ BOYA SANAYİ TİCARET LİMİTED ŞİRKETİ;MARMARACIK MAH. 1979. SK. 25/5 ERGENE TEKİRDAĞ;(282) 6861016;;;İMİB - İstanbul Maden İhracatçıları Birliği
GENERAL İŞ GELİŞTİRME VE DIŞ TİCARET ANONİM ŞİRKETİ;ÇENGELKÖY MH GÜZELTEPE CD NO:15-1 ÜSKÜDAR İSTANBUL;(216) 4224675;;;İMİB - İstanbul Maden İhracatçıları Birliği
GENESİS ELEKTROMEKANİK TAAHHÜT SAN. VE TİC.LTD.ŞTİ-SET ELEKTROMEKANİK SAN TİC.A.Ş. ADİ ORTAKLIĞI;MUSTAFA KEMAL MAH.2118 CAD NO:4 B/1 ÇANKAYA ANKARA;(312) 0000000;;;İMİB - İstanbul Maden İhracatçıları Birliği
GENESİS ENERJİ VE MEKANİK SİSTEMLER ANONİM ŞİRKETİ;EYUP MERKEZ MAH.SILAHTAR AGACAD. NO:83 EYÜP İSTANBUL;02125788787;www.genesis.com;genesis.com;İMİB - İstanbul Maden İhracatçıları Birliği
GENSA KIMYA SANAYI VE TICARET ANONİM ŞİRKETİ;VARYAP MERİDİAN GRAND TOWER A BLOK BARBAROS MAH. AL ZAMBAK SOK. NO:2/129 BATI ATAŞEHİR İSTANBUL GEBZE KOCAELİ;(216) 2903401;www.gensa.com.tr;gensa.com.tr;İMİB - İstanbul Maden İhracatçıları Birliği
GENSA TEKNİK YAPI KİMYA SANAYİ VE TİCARET ANONİM ŞİRKETİ;HARBİYE MAH. BOSTAN SK. NO: 15 İÇ KAPI NO: 5 ŞİŞLİ İSTANBUL;(212) 2155258;;;İMİB - İstanbul Maden İhracatçıları Birliği
GENT GLOBAL DIŞ TİCARET LİMİTED ŞİRKETİ;SÜTLÜCE MAH. KARAAĞAÇ CAD. NO:116/13 BEYOĞLU İSTANBUL;(212) 0000000;;;İMİB - İstanbul Maden İhracatçıları Birliği
GENT POLİMER KİMYA ÜRETİM SANAYİ VE TİCARET ANONİM ŞİRKETİ;PELİTLİ MAH.TAVŞANLİ YOLU CAD.NO 182 GEBZE KOCAELİ;(262) 7513371;;;İMİB - İstanbul Maden İhracatçıları Birliği
GEO MERMER MADEN İNŞAAT SANAYİ TİCARET LİMİTED ŞİRKETİ;PİRİ REİS CAD NO46/7 MERKEZ MAH ÇEKMEKÖY İSTANBUL;(216) 0000000;www.geomermer.com;geomermer.com;İMİB - İstanbul Maden İhracatçıları Birliği
GEOCLAY MADENCİLİK İTHALAT İHRACAT SANAYİ VE TİCARET LİMİTED ŞİRKETİ;ALAGÖZ MAH. NIZAM CAD. NO: 6 SINCAN/ ANKARA PK:06909 SİNCAN ANKARA;(312) 2671621;www.clearcat.com.tr;clearcat.com.tr;İMİB - İstanbul Maden İhracatçıları Birliği
GEODESTEK ZEM.ZE.AR.PR.MÜ.YA.LA.Bİ.Sİ.E.İ.T.İ.İ.T.VE S.L.ŞTİ;KIZILCAŞAR MAH 23 NİSAN CAD. NO:28 GÖLBAŞI ANKARA;(312) 4601399;www.geodetsek.com;geodetsek.com;İMİB - İstanbul Maden İhracatçıları Birliği
GEOMAS GEOKOMPOZIT SAN. MÜHENDİSLİK TİC. AŞ;CUMHURIYET MH. FATİH CD.NO:4 KARTAL İSTANBUL;(216) 4514848;www.geomas.com.tr;geomas.com.tr;İMİB - İstanbul Maden İhracatçıları Birliği
GEORGE KUMNİNG;AKSARAY MAHALLESİ TİRYAKİ HASANPAŞA SOKAK YEDA İŞ 19/2 FATİH İSTANBUL;(212) 5852732;;;İMİB - İstanbul Maden İhracatçıları Birliği
GEOVERSE ARAŞTIRMA GELİŞTİRME DIŞ TİCARET LİMİTED ŞİRKETİ;MERKEZ MAHALLE ÇAVUŞBAŞI CADDESİ ŞÜKRÜ KAYA SOKAK ALTIN KOZA EVLERİ A1 NO:2H İÇ KAPI 7 ÇEKMEKÖY İSTANBUL;(216) 0000000;;;İMİB - İstanbul Maden İhracatçıları Birliği
GERBER YAPI İNŞAAT A.Ş;HALKALI MERKEZ MH HALKALI CD NO:232/265 KÜÇÜKÇEKMECE İSTANBUL;(212) 8090190;www.gerberyapi.com;gerberyapi.com;İMİB - İstanbul Maden İhracatçıları Birliği
GERMAN AESTHETICS CENTER GÜZELLİK MERKEZİ VE SANAYİ TİCERET LİMİTED ŞİRKETİ;TÜRKMEN MAH. CANDAN TARHAN BLV. NO:112/1 KUŞADASI AYDIN;(256) 0000000;;;İMİB - İstanbul Maden İhracatçıları Birliği
GERNAS İNŞAAT MÜHENDİSLİK VE DIŞ TİCARET LİMİTED ŞİRKETİ;YEŞİLKENT MAH.NAZIM HİKMET BULVARI20-11 SK. FİTOWER SİT. F2 APT. NO:16-A/12 ESENYURT İSTANBUL;;;;İMİB - İstanbul Maden İhracatçıları Birliği
GETA MİMARLIK TAAHHÜT SANAYİ TİCARET ANONİM ŞİRKET;KAZIMİYE MAH. PİRİ REİS CAD. ÖĞÜCÜ REZİDANSNO:14-16 K-2 D-14 ÇORLU TEKİRDAĞ;(282) 6732252;http://www.getamimarlik.com;getamimarlik.com;İMİB - İstanbul Maden İhracatçıları Birliği
GE-Tİ İNŞAAT VE SANAYİ MALZEMELERİ LİMİTED ŞİRKETİ;FERHATPAŞA MH 34.SK NO:19/23 ATAŞEHİR İSTANBUL;(212) 4715661;www.ge-ti.com;ge-ti.com;İMİB - İstanbul Maden İhracatçıları Birliği
GGCHEM KİMYA VE TEKSTİL SAN. TİC. LTD. ŞTİ.;ULAS ERGENE 2 OSB MAH. D100 CAD. NO.2 ERGENE TEKİRDAĞ;2826522651;www.ggchmical.net;ggchmical.net;İMİB - İstanbul Maden İhracatçıları Birliği
GISAS GEMI INSA SAN.A.S.;TERSANELER CAD. NO.24 TUZLA İSTANBUL;(216) 4460081;;;İMİB - İstanbul Maden İhracatçıları Birliği
GİMSER MAKİNA İTHALAT İHRACAT LİMİTED ŞTİ.;KILIÇDEDE MAH. SAADET CAD. NO: 116 / 3 İLKADIM SAMSUN;(362) 6370594;;;İMİB - İstanbul Maden İhracatçıları Birliği
GİZ KOZMETİK A.Ş.;BARBAROS HAYRETTİN PAŞA MH 1992.SK NO:12/5 ESENYURT İSTANBUL;;www.gizcosmetics.com.tr;gizcosmetics.com.tr;İMİB - İstanbul Maden İhracatçıları Birliği
GK GIDA İNŞAAT İTHALAT İHRACAT LTD. ŞTİ.;İ.O.S.B.GİYİM SAN. SANAT İŞ VE TİCARET MERKEZİ N:2 ADA C BLOK 2.KAT 219/A BAŞAKŞEHİR İSTANBUL;(212) 6710982;;;İMİB - İstanbul Maden İhracatçıları Birliği
GLB DİZAYN VE MAKİNE SANAYİ TİCARET ANONİM ŞİRKETİ;MANSUROĞLU MAHALLESİ 288 SK. NO: 31/7 BAYRAKLI İZMİR;(232) 4843484;;;İMİB - İstanbul Maden İhracatçıları Birliği
GLECSO DIŞ TİCARET ANONİM ŞİRKETİ;SİTELER MAH. 247 SOK.NO:2/2 GÜZELBAHÇE GÜZELBAHÇE İZMİR;;;;İMİB - İstanbul Maden İhracatçıları Birliği
GLENCORE İSTANBUL MADENCİLİK VE TİCARET ANONİM ŞİRKETİ;LEVENT BÜYÜKDERE CAD. NO:185 KANYON OFİS KAT:9 ŞİŞLİ İSTANBUL;(212) 3195400;www.glencore.com;glencore.com;İMİB - İstanbul Maden İhracatçıları Birliği
GLENGO TEKNOLOJİ TİC. VE SAN. AŞ;GİYİMKENT SİTESİ İSTANBUL TİCARETSARAYI 10.KAT ESENLER İSTANBUL;(212) 4386100;www.glengo.com.tr;glengo.com.tr;İMİB - İstanbul Maden İhracatçıları Birliği
GLOBAL COMMERCE DIŞ TİCARET LİMİTED ŞİRKETİ;MASLAK MAH. BÜYÜKDERE CAD. NUROL PLAZA SİTESİ NO.255 ŞÇ KAPI NO. B02 SARIYER İSTANBUL;;;;İMİB - İstanbul Maden İhracatçıları Birliği
GLOBAL ERSAT İÇ VE DIŞ TİCARET LİMİTED ŞİRKETİ;MAHMUTBEY MAH.2419.SOK İSTOÇ 2.ADA NO :141 BAĞCILAR İSTANBUL;(212) 6719271;;;İMİB - İstanbul Maden İhracatçıları Birliği
GLOBAL GK GAYRİMENKUL A.Ş;ORUÇREİS MAH.TEKSTİLKENT KOZA PLAZA A BLOK KAT 34 PK:34235 ESENLER İSTANBUL;;;;İMİB - İstanbul Maden İhracatçıları Birliği
GLOBAL GRANİT MERMER SANAYİ VE TİCARET LİMİTED ŞİRKETİ;İNÜNÜ MAH. ULUSU CAD. YEŞİL SOK. GOKÇE APT. NO 70 D 3 ATAŞEHİR İSTANBUL;(216) 5732694;www.globalgranit.com.tr;globalgranit.com.tr;İMİB - İstanbul Maden İhracatçıları Birliği
GLOBAL GRUP İZOLASYON İNŞAAT TAAHHÜT İTHALAT İHRACAT SANAYİ VE TİCARET LTD.ŞTİ;ÇİLİNGİR MAH.ESKİ EDİRNE ASFALTI CADNO:1696/2475744526 MESKEN PK:34277 ARNAVUTKÖY İSTANBUL;(212) 6831636;;;İMİB - İstanbul Maden İhracatçıları Birliği
GLOBAL HASNAIN STONE GRANİT DOĞAL TAŞ SANAYİ VE DIŞ TİCARET LİMİTED ŞİRKETİ;FERHATPAŞA MAH.EYÜP SULTAN CAD.NO:68 ATAŞEHİR İSTANBUL;(216) 9999999;;;İMİB - İstanbul Maden İhracatçıları Birliği
GLOBAL INDUSTRIAL SERVICES MADENCILIK SANAYI TICARET LIMITED SIRKETI;PINARTEPE MAHALLESİ. AVRUPA CADDESİ. 87C/B BÜYÜKÇEKMECE İSTANBUL;(212) 8555580;http://www.gisltd.net;gisltd.net;İMİB - İstanbul Maden İhracatçıları Birliği
GLOBAL MINES AND INVESTMENTS MERMER YATIRIMLARI MADEN ÜRETİM SANAYİ VE TİCARET LİMİTED ŞİRKETİ;BEŞTEPE MAH 32.CAD NO:1 İÇ KAPI:179 YENİMAHALLE YENİMAHALLE ANKARA;(312) 0000000;;;İMİB - İstanbul Maden İhracatçıları Birliği
GLOBAL MUTFAK ÜRÜNLERİ SANAYİ VE TİCARET LTD.ŞTİ.;ORUÇREİS MH TEKSTİLKENT CD TEKSTİLKENT B15 BLOK NO:10F/Z05 NO: 10F/Z05 ESENLER İSTANBUL;(850) 3053466;www.globalladenbau.com;globalladenbau.com;İMİB - İstanbul Maden İhracatçıları Birliği
GLOBAL TEKNİK MÜHENDİSLİK MAK.SAN.TİC.LTD.ŞTİ.;MARMARA MAH. İHLAS MARMARA EVLERİ 1.KISIM SELVİ SOK. A1 BLOK D12 34520 YAKUPLU BEYLİKDÜZÜ İSTANBUL;(212) 8761980;;;İMİB - İstanbul Maden İhracatçıları Birliği
GLOBAL TRADE ALÜMİNYUM İTHALAT VE İHRACAT LİMİTED ŞİRKETİ;MAHMUTBEY MH 2664 SK NO:18/I BAĞCILAR İSTANBUL;(212) 4957060;;;İMİB - İstanbul Maden İhracatçıları Birliği
GLOBAL TREND YAPI TİCARET ANONİM ŞİRKETİ;BAHÇEŞEHİR 2. KISIM MAH. AYÇİÇEĞİ SK. ARTI YAPI KOSİTESİ STAR PLAZA NO: 20 İÇ KAPI NO: 13 BAŞAKŞEHİR İSTANBUL;(212) 0000000;;;İMİB - İstanbul Maden İhracatçıları Birliği
GLOBALİST DOĞAL TAŞ İÇ VE DIŞ TİCARET LİMİTED ŞİRKETİ;MAHMUTBEY MAH. TASOCAGI YOLUCAD. B BLOK AGAOGLU MY OFFICE NO:3 IÇ KAPI NO: 500 BAĞCILAR İSTANBUL;(212) 0000000;;;İMİB - İstanbul Maden İhracatçıları Birliği
GLOBALLY CHEM KİMYA SANAYİ VE DIŞ TİCARET LİMİTED ŞİRKETİ;KÜÇÜKSU MAH. HEKİMBAŞI ÇİFTLİK CAD NO:98/1 ÜSKÜDAR İSTANBUL;(216) 3303352;;;İMİB - İstanbul Maden İhracatçıları Birliği
GLORY TİCARET İTHALAT İHRACAT LİMİTED ŞİRKETİ;3420405056 ORUÇREİS MH. TEKSTİLKENT CAD. G1 K:10 AB D:Z066 ESENLER İSTANBUL;;;;İMİB - İstanbul Maden İhracatçıları Birliği
GM YAPI LİMİTED ŞİRKETİ;SANAYİ CD NO:44A D:31 NİSH İSTANBUL A BLOK NO:31 BAHÇELİEVLER İSTANBUL;(212) 6031366;www.gmyapi.com;gmyapi.com;İMİB - İstanbul Maden İhracatçıları Birliği
GMT MÜHENDİSLİK HİZMETLERİ SANAYİ VE TİCARET LİMİTED ŞİRKETİ;BAHÇELIEVLER MAH. ÇIRA SK. B8 B7 NO: 2 /3 IÇ KAPI NO: 1 SÜLEYMANPAŞA TEKİRDAĞ;(282) 0000000;;;İMİB - İstanbul Maden İhracatçıları Birliği
GOCHEM SİLİKON KİMYA SAN.VE TİC. LTD. ŞTİ.;İ.O.S.B.SARAÇLAR SAN.SİT.10.BLOK NÇ:12K:1-2 BAŞAKŞEHİR İSTANBUL;(212) 4853754;www.gochem.com.tr;gochem.com.tr;İMİB - İstanbul Maden İhracatçıları Birliği
GOLD ABRASİVE BANT SANAYİ VE TİCARET ANONİM ŞİRKETİ;GÜZELYALI MAH. SAHİL BLV. NO:111/1 PENDİK İSTANBUL;(216) 3929226;;;İMİB - İstanbul Maden İhracatçıları Birliği
GOLD GÖLGELENDİRME SİSTEMLERİ SANAYİ VE TİCARET LİMİTED ŞİRKETİ;YAKUPLU MAH.ZÜMRÜT SK.NO:14 /206 BEYLİKDÜZÜ İSTANBUL;(212) 4227491;;;İMİB - İstanbul Maden İhracatçıları Birliği
GOLD VAKUM SİSTEMLERİ VE MAKİNA SAN. VE TİC. LTD. ŞTİ.;IKITELLI ORG.SAN.BOL.METAL IS.KOOP.8.BLOK NO.28-30 KÜÇÜKÇEKMECE İSTANBUL;02125498067;www.goldmakina.com;goldmakina.com;İMİB - İstanbul Maden İhracatçıları Birliği
GOLDEN EYE TRADİNG İTHALAT İHRACAT KAĞIT ÜRÜN. SAN. VE TİC. LTD. ŞTİ.;ORUÇREİS MAH.GİYİMKENT 2.SK.NO:66/A GİYİMKENT ESENLER İSTANBUL;(212) 2431086;;;İMİB - İstanbul Maden İhracatçıları Birliği
GOLDEN TEKNOLOJİ SAN.TİC.LTD. ŞTİ.;BÜYÜKDERE CAD. ÇAYIR ÇİMEN SK.EMLAK BLOKLARI A2BLOK N:3 K:8 D:33 34453 LEVENT BEŞİKTAŞ-İSTANBUL BEŞİKTAŞ İSTANBUL;(212) 3180147;;;İMİB - İstanbul Maden İhracatçıları Birliği
GOLDKIM BOYA KIMYA VE EGITIM A RACL.SAN.TIC.LTD.STI.;OSMANGAZİ MH.KANUNİ SK.NO:8 DARICA KOCAELİ OSMANGAZİ MAHALLESİ 41700 DARICA, KOCAELİ, TÜRKİYE DARICA KOCAELİ;02164693234;www.richhobby.com;richhobby.com;İMİB - İstanbul Maden İhracatçıları Birliği
GOLDMAR MADENCİLİK MERMER DOĞALTAŞ İTHALAT İHRACAT SANAYİ VE TİCARET LİMİTED ŞİRKETİ;AHMETTURANGAZİ OSB MAH.OSB-19 SOK. NO-21 İÇ KAPI N MERKEZ SİVAS;(346) 0000000;;;İMİB - İstanbul Maden İhracatçıları Birliği
GORBON MİMARLIK SERAMİK SATIŞ PAZARLAMA ORGANİZASYON DANIŞMANLIK SAN. VE TİC. A.Ş.;KATİP MUSTAFA ÇELEBİ MAH. İSTİKLAL CAD.MİM HAN NO.55 K.6A BEYOĞLU İSTANBUL;(212) 2453566;www.gorbontiles.com;gorbontiles.com;İMİB - İstanbul Maden İhracatçıları Birliği
GORECO ATIK GERİ DÖNÜŞÜM İTHALAT İHRACAT SANAYİ TİCARET ANONİM ŞİRKETİ;19 MAYIS MAH. HALASKARGAZİ CAD. ÇİFTKURT NO: 226 / 24 ŞİŞLİ İSTANBUL;(212) 0000000;;;İMİB - İstanbul Maden İhracatçıları Birliği
GÖKÇEN ŞANSAL;SÜLÜNTEPE MAHALLESİ EVLİYA ÇELEBİ CADDESİ NO:19-B/46 PENDİK İSTANBUL;(216) 3753593;www.akademistone.com;akademistone.com;İMİB - İstanbul Maden İhracatçıları Birliği
GÖKDELEN MADENCİLİK SAN.İTH.İHR.LTD.ŞTİ;AYAZAĞA MAH.MİMAR SİNAN SOKAK SARIYER İSTANBUL;(212) 0000000;;;İMİB - İstanbul Maden İhracatçıları Birliği
GÖKHAN BOYA SANAYİ VE TİCARET LİMİTED ŞİRKETİ;KAZIMPAŞA MAHALLESI 1217 SOKAK NO: 7 MENEMEN İZMİR;(232) 8327302;www.gokhanboya.com;gokhanboya.com;İMİB - İstanbul Maden İhracatçıları Birliği
GÖKIRMAK MADEN İÇ VE DIŞ TİCARET A.Ş.;KAZIM ÖZALP MAHALLESİ KARACA SOKAK NO:32 İÇ KAPI NO:7 ÇANKAYA ANKARA;(312) 4975556;;;İMİB - İstanbul Maden İhracatçıları Birliği
GÖKSUTAŞ MERMER SANAYİ VE TİCARET ANONİM ŞİRKETİ;FATİH MAHALLESİ 1 SANAYİ 1 SOKAK NO:1 BAYIRKÖY BELDESİ MERKEZ BAYIRKÖY BİLECİK BİLECİK;(228) 2838555;www.gtstone.com.tr;gtstone.com.tr;İMİB - İstanbul Maden İhracatçıları Birliği
GÖKYAR MERMER İNŞAAT TURİZM NAKLİYAT SANAYİ VE TİCARET LTD.ŞTİ.;BOZÜYÜK DEVLET YOLU 3. KM SÖĞÜT BİLECİK;(228) 3614700;www.gokyarmermer.com;gokyarmermer.com;İMİB - İstanbul Maden İhracatçıları Birliği
GÖLALAN MERMER MADENCİLİK ÜRETİM PAZARLAMA İTHALAT İHRACAT TİCARET VE SANAYİ LİMİTED ŞİRKETİ;YAKUP ŞEVKI CAD.FIRAT İŞ MERKZ.K:5/18 Merkez ELAZIĞ;(424) 2334341;www.golalan.com;golalan.com;İMİB - İstanbul Maden İhracatçıları Birliği
GÖLGEYAP YAPI GRUP SAN. VE TİC. A.Ş.;DEMİRCİLER SİTESİ 7.YOL NO:39 ZEYTİNBURNU İSTANBUL;(212) 6643507;www.golgeyapigrup.com;golgeyapigrup.com;İMİB - İstanbul Maden İhracatçıları Birliği
GÖR SEL SOĞUTMA ISITMA MAKİNA MÜHENDİSLİK İNŞAAT SANAYİ VE TİCARET LTD.ŞTİ.;İNÖNÜ MAH. DOLPDERE CAD. NO:32/1 BEYOĞLU İSTANBUL;(212) 2250066;;;İMİB - İstanbul Maden İhracatçıları Birliği
GÖRGÜLÜ KİMYEVİ MADDELER LOJİSTİK. MADENCİLİK SAN. VE TİC. LTD. ŞTİ.;ÇATALTEPE MAH. 6. SOKÇ NO:13/1 KESTEL / BURSA KESTEL BURSA;;;;İMİB - İstanbul Maden İhracatçıları Birliği
GÖRKEM MUTFAK EKİPMANLARI SANAYİ VE DIŞ TİCARET LİMİTED ŞİRKETİ;CEBECİ MAH CEBECİ CAD N:45/A SULTANGAZİ İSTANBUL;(212) 4828488;;;İMİB - İstanbul Maden İhracatçıları Birliği
GP DIŞ TİCARET MADENCİLİK LİMİTED ŞİRKETİ;ALTINŞEHİR MAH.204.(208) SK N:74/1 NİLÜFER BURSA;(224) 4131082;www.gpmarble.com;gpmarble.com;İMİB - İstanbul Maden İhracatçıları Birliği
GPM DIŞ TİCARET ANONİM ŞİRKETİ;AYAZAĞA MAHALLESİ KEMERBURGAZ CADDE NO:24/1 SARIYER/İSTANBUL SARIYER İSTANBUL;(212) 3320693;;;İMİB - İstanbul Maden İhracatçıları Birliği
GPS ASCOM MAKİNA SAN.TİC.LTD.ŞTİ.;GÖZTEPE MH. BATIŞEHİR SİT. K3 BLOK NO:61 BAĞCILAR İSTANBUL;(212) 4910046;;;İMİB - İstanbul Maden İhracatçıları Birliği
GRADA YAPI KİMYASALLARI VE İNŞAAT MALZEMELERİ PAZARLAMA VE ÜRETİM SANAYİ TİCARET ANONİM ŞİRKETİ;ÇINARDERE MAH. AKAN SOK. NEVA İŞ MERKEZİ NO.:13/3 PENDİK İSTANBUL;;;;İMİB - İstanbul Maden İhracatçıları Birliği
GRANADA MİMARLIK DIŞ TİC. SAN. VE TİC. LTD. ŞTİ.;CEYLAN SOK. KC ÇARŞI SİTESİ E BLOK NO:3/25 BAHÇEŞEHİR KISIM 34488 BAŞAKŞEHİR, İSTANBUL, TÜRKİYE BAŞAKŞEHİR İSTANBUL;(212) 6726400;www.granada-tr.com;granada-tr.com;İMİB - İstanbul Maden İhracatçıları Birliği
GRANDE DIŞ TİC. A.Ş.;ŞEHİT TEVFİK İNAN SOK. TEPEORA EVLERİ NO:16/18 USKUMRUKÖY SARIYER İSTANBUL;;www.grandmarble.com;grandmarble.com;İMİB - İstanbul Maden İhracatçıları Birliği
GRANİTAŞ GRANİT SANAYİ VE PAZARLAMA A.Ş.;HARMANDERE ŞEHİT MEHMET GÜNAYCAD. NO.17 PENDİK İSTANBUL;(216) 4825595;www.granitas.com;granitas.com;İMİB - İstanbul Maden İhracatçıları Birliği
GRANİTER İNŞAAT LİMİTED ŞİRKETİ;GARDENYA PLAZA NO:5/42 A BLOKKAT:1 KADIKÖY İSTANBUL;(216) 4554419;www.graniter.com.tr;graniter.com.tr;İMİB - İstanbul Maden İhracatçıları Birliği
GRATİS İÇ VE DIŞ TİC.A.Ş;ÇATALÇEŞME MAH.REŞADİYE CAD.NO:78 ALEMDAĞ(ALEMDAR) ÇEKMEKÖY İSTANBUL;(216) 4301800;www.gratis.com.tr;gratis.com.tr;İMİB - İstanbul Maden İhracatçıları Birliği
GREEN KATKI KİMYEVİ MADDELER İÇ VE DIŞ TİCARET LİMİTED ŞİRKETİ;İKİTELLİ OSB MAHALLESİ İPKAS 1B BLOK SOKAK NO:32 PPK:34480 BAŞAKŞEHİR İSTANBUL;(212) 6718055;;;İMİB - İstanbul Maden İhracatçıları Birliği
GREY STONE METAL SANAYİ TİCARET LİMİTED ŞİRKETİ;KONAKLAR MAHALLESİ SELVİLİ SOKAK EMLAK BANKASI APT. NO 1/2 KAT 8 NO 29 BEŞİKTAŞ İSTANBUL;(212) 3251536;www.greystonemetal.com;greystonemetal.com;İMİB - İstanbul Maden İhracatçıları Birliği
GROMCI GLOBAL LOJİSTİK LTD. ŞTİ.;YILDIRIM MAH. TUTİN SK. NO.11 İÇ KAPI NO.2 BAYRAMPAŞA İSTANBUL;(212) 6158088;www.gromci.com;gromci.com;İMİB - İstanbul Maden İhracatçıları Birliği
GROME İÇ VE DIŞ TİC. A.Ş.;BAGDAT CD.UGRASPARLAR ISMERK.NO.305.B-BLOK DAIRE 12-15 KARTAL İSTANBUL;02164412370;www.grome.com.tr;grome.com.tr;İMİB - İstanbul Maden İhracatçıları Birliği
GRUB 2B İNŞ.SAN.DIŞ TİC.LTD.ŞTİ.;SEYRANTEPE MAH BARBAROS CAD NO KAĞITHANE İSTANBUL;(212) 2830092;;;İMİB - İstanbul Maden İhracatçıları Birliği
GRUP DIŞ TICARET LTD.ŞTI.;ATATÜRK CD.NO:144 DEFNE APTKAT:5 YALI MALTEPE İSTANBUL;(216) 4590036;www.grpmining.com;grpmining.com;İMİB - İstanbul Maden İhracatçıları Birliği
GSM MERMER DIŞ TİCARET LİMİTED ŞİRKETİ;KOCATEPE MAH. ŞEHİT MUHTAR BEY CAD. SAİT ŞAKİR APANO: 18 İÇ KAPI NO: 3 BEYOĞLU İSTANBUL;(212) 0000000;;;İMİB - İstanbul Maden İhracatçıları Birliği
GTA BULDING SUPPLY YALITIM İNŞAAT SANAYİ ANONİM ŞİRKETİ;BARBAROS MAH. MOR SÜMBÜL SOK. TEKNİKYAPI DELUXİA PALACE A BLOK 5 A 55 ATAŞEHİR İSTANBUL;(216) 6156920;;;İMİB - İstanbul Maden İhracatçıları Birliği
GTIP GRUP İÇ VE DIŞ TİCARET SANAYİ LİMİTED ŞİRKETİ;PINARTEPE MAH. YAVUZ SULTAN SELİMBULVARI NO.6 BEYAZ PLAZA KAT 5 / 45 BÜYÜKÇEKMECE İSTANBUL;(212) 3204216;www.gtipgrup.com;gtipgrup.com;İMİB - İstanbul Maden İhracatçıları Birliği
GTM EUROPE MUTFAK CİHAZLARI SANAYİ VE TİCARET LİMİTED ŞİRKETİ;EVRENOS MAH. EVRENOS KÜME EVLER NO:46 YUNUS EMRE MANİSA;(236) 0000000;;;İMİB - İstanbul Maden İhracatçıları Birliği
GUBENS KALIP SANAYİ VE DIŞ TİCARET LİMİTED ŞİRKETİ;İKİTELLİ O.S.B. DEMİRCİLER SAN. SİT. F-1 BLOK NO:447 K:3 BAŞAKŞEHİR İSTANBUL;(212) 4070171;;;İMİB - İstanbul Maden İhracatçıları Birliği
GULBAK BAKALIT VE METAL SAN. VE TIC.LTD.STI.;KAVLAKLI ORGANİZE SANAYİ BÖLGESİ3.CADDE NO:13 KAHRAMANMARAŞ KAHRAMANMARAŞ;(344) 2579302;www.gulbak.com.tr;gulbak.com.tr;İMİB - İstanbul Maden İhracatçıları Birliği
GUMAN İNŞAAT ÇİÇEKÇİLİK OTOM.SAN.VE DAY.TÜK.MAL.PAZ.TİC.LTD.;MAHMUT ŞEVKETPAŞA MAH. BARAN SOK.NO:2 D:5 OKMEYDANI İSTANBUL ŞİŞLİ İSTANBUL;(212) 2809634;;;İMİB - İstanbul Maden İhracatçıları Birliği
GUNEYLILER YAPI MALZ.SAN.VE TIC.LTD.STI.;İÇERENKÖY MH ÇAYIROĞLU SK N:6/A ATAŞEHİR İSTANBUL;(216) 4118757;www.guneylileryapi.com;guneylileryapi.com;İMİB - İstanbul Maden İhracatçıları Birliği
GÜBRE FABRİKALARI TÜRK ANONİM ŞİRKETİ;YAMANEVLER MAHALLESİ, AHMET TEVFİK İLERİ CADDESİ BEREKET PLAZA NO:1 İÇ KAPI NO:3 34768 KADIKÖY İSTANBUL;(216) 4685117;www.gubretas.com.tr;gubretas.com.tr;İMİB - İstanbul Maden İhracatçıları Birliği
GÜÇLER TEÇHİZAT MAKİNE KİMYA MADENCİLİK SANAYİ VE TİCARET ANONİM ŞİRKETİ;M.ALİ PAŞA MAH. BAĞDAT CAD., NO:216 D: 6 İZMİT KOCAELİ;(262) 5031413;http://www.guclermakina.com;guclermakina.com;İMİB - İstanbul Maden İhracatçıları Birliği
GÜL BOYA OTOMOTİV SANAYİ VE TİCARET LİMİTED ŞİRKETİ;MASLAK MAHALLESİ ATATÜRK OTO SANAYİ SİTESİ 2.KISIM 11.SOKAK NO:368 MASLAK 34398 SARIYER İSTANBUL;02122850712;;;İMİB - İstanbul Maden İhracatçıları Birliği
GÜLAN OPTİK SANAYİ VE TİCARET LTD.ŞTİ.;ULUCAMİ CAD. MEDRESE PASAJI NO.2 OSMANGAZİ BURSA;(224) 2214843;;;İMİB - İstanbul Maden İhracatçıları Birliği
GÜLDEMİR YAPI MALZEMELERİ İÇ VE DIŞ TİCARET LİMİTED ŞİRKETİ;SEYİTNİZAM MAH. DEMİRCİLER SİTESİ 2. CADDE NO:24 ZEYTİNBURNU İSTANBUL;(212) 4167871;www.guldemir.com.tr;guldemir.com.tr;İMİB - İstanbul Maden İhracatçıları Birliği
GÜLEÇ KİMYA TEMİZLİK ÜRÜNLERİ TAŞIMACILIK SANAYİ VE TİCARET LİMİTED ŞİRKETİ;ÇIRÇIRÇEŞME MAH. CEYHAN CAD. NO:52 TAVŞANLI KÜTAHYA;02746123080;;;İMİB - İstanbul Maden İhracatçıları Birliği
GÜLERSAN YAPI MÜH. İNŞ. VE MOBİLYA SAN. VE DIŞ TİC. LTD. ŞTİ.;ORUÇREİS MAH.TEKSTİLKENT CADDESİ 10 AB ESENLER İSTANBUL;(212) 2707441;www.gulersanyapi.net;gulersanyapi.net;İMİB - İstanbul Maden İhracatçıları Birliği
GÜLMER MADENCİLİK SANAYİ VE TİCARET ANONİM ŞİRKETİ;1.ORG.SAN.BOLG. MERKEZ BİLECİK;(262) 5046443;www.gulmermaden.com.tr;gulmermaden.com.tr;İMİB - İstanbul Maden İhracatçıları Birliği
GÜLMER MERMER MADENCİLİK SANAYİ VE DIŞ TİCARET LİMİTED ŞİRKETİ;YEŞİLKÖY MAH.ATATÜRK CAD. DÜNYA TİCARET MERKEZİBLOK NO:10 İÇ KAPI NO:208 YENİBOSNA BAKIRKÖY İSTANBUL;(212) 6520916;www.gulmermarble.com;gulmermarble.com;İMİB - İstanbul Maden İhracatçıları Birliği
GÜLSAN İNŞAAT SAN.TURZ.NAKL.VE TİC.A.Ş.;RÜZGARLIBAHÇE MH CUMHURİYET CD NO:22 BEYKOZ İSTANBUL;(216) 6810200;www.gulsanholding.com.tr;gulsanholding.com.tr;İMİB - İstanbul Maden İhracatçıları Birliği
GÜLTAŞ GRANİT MERMER MOBİLYA İNŞAAT SAN VE TİC LTD ŞTİ;FINDIKLI MAHALLESİ EVREN CADDESİ NO:9 C- MALTEPE İSTANBUL;(216) 3356108;;;İMİB - İstanbul Maden İhracatçıları Birliği
GÜLTEN VAROĞLU - BURSA PET;KAZIM KARABEKİR MH. KAYAKÖPRÜ SK. NO:9 YILDIRIM BURSA;(224) 3272926;www.bursapet.com.tr;bursapet.com.tr;İMİB - İstanbul Maden İhracatçıları Birliği
GÜMÜŞOĞLU GRUP İNŞAAT TİCARET LMİTED ŞİRKETİ;ODUNLUK MH.AKADEMİ CD.ZENO BUSINESS CENTER C BLOK NO 2C NİLÜFER BURSA;;;;İMİB - İstanbul Maden İhracatçıları Birliği
GÜN SABA GÜRPINAR;GÜZELYALI MAH.MURAT REİS CAD.5A PENDİK İSTANBUL;(216) 3494486;;;İMİB - İstanbul Maden İhracatçıları Birliği
GÜNAŞ GÜNDÜZLER TARIM MAK.VE ALET.TİC.SAN.A.Ş.;PELİTLİ MH 4415 SK NO:4 KÖYLER GEBZE KOCAELİ;(262) 7511072;www.gunas.com.tr;gunas.com.tr;İMİB - İstanbul Maden İhracatçıları Birliği
GÜNER EKSPORT HEDİYELİK EŞYA TİCARET LİMİTED ŞİRKETİ;UĞUR MUMCU MAH. 2345 SOK. NO.4 K.1 SULTANGAZİ İSTANBUL;(212) 6371718;www.gunerekspsort.com.tr;gunerekspsort.com.tr;İMİB - İstanbul Maden İhracatçıları Birliği
GÜNEYİNOKS ENDÜSTRİYEL MUTFAK EKİPMANLARI SANAYİ VE TİCARET LİMİTED ŞİRKETİ;MAHMUT ŞEVKET PASA MAH. HAFIK CAD. NO:9/A ŞİŞLİ İSTANBUL;(212) 2371067;www.guneyinoks.com;guneyinoks.com;İMİB - İstanbul Maden İhracatçıları Birliği
GÜNKEM-GÜNDÜZ KİMYEVİ MADDELER İTHALAT SANAYİ VE TİCARET ANONİM ŞİRKETİ;SAHRAYICEDİT MAH HALK SK SIDDIKLAR İŞ MERKEZİ N:52 İÇ KAPI N:5 SUSUZ SOK. NO:13 34710 KADIKÖY İSTANBUL;(216) 3159292;www.gunkem.com.tr;gunkem.com.tr;İMİB - İstanbul Maden İhracatçıları Birliği
GÜNSU ENERJİ SİST.KONFOR TESİS. SAN. TİC.A.Ş.;ANTALYA ORGANİZE SAN. BÖL. 1. KISIM ATATÜRK BUL. NO:25 DÖŞEMEALTI ANTALYA;(242) 2581140;www.gunsu.com.tr;gunsu.com.tr;İMİB - İstanbul Maden İhracatçıları Birliği
GÜREN METAL TURİZM TAŞIMACILIK İNŞAAT SANAYİ VE DIŞ TİCARET LİMİTED ŞİRKETİ;İKİTELLİ OSB MH ATATÜRK BULVARI SÜRMELİ İS MERKEZİ NO:108/23B İKİTELLİ BAŞAKŞEHİR İSTANBUL;(212) 5494540;www.guren.com.tr;guren.com.tr;İMİB - İstanbul Maden İhracatçıları Birliği
GÜRHAN GÜRSOY;REŞADİYE MAH. ORG. HÜSEYİN KIVRIKOĞLU CAD.KAPI NO:66 GÖLPAZARI BİLECİK;;;;İMİB - İstanbul Maden İhracatçıları Birliği
GÜRMAK DEMİRYOLU BAĞLANTI ELEMANLARI SAN. VE TİC. A.Ş.;ORG DERİ SAN BÖL. VAKUM CAD.11.YOL TUZLA İSTANBUL;(216) 3941531;;;İMİB - İstanbul Maden İhracatçıları Birliği
GÜVELİ MİMARLIK İNŞ. DEKORASYON SAN. VE TİC. LTD.ŞTİ.;AYAZAĞA MH. MİMAR SİNAN SK. NO:21 B BLOK K:4 SEBA OFFİCE BPULEVARD SARIYER İSTANBUL;(212) 2808217;;;İMİB - İstanbul Maden İhracatçıları Birliği
GÜVEN ITRİYAT TEMİZLİK MADDELERİ SANAYİ VE TİCARET LİMİTED ŞİRKETİ;MAHMUTBEY MAH. 2447.SK NO:6BAĞCILAR/İSTANBUL BAĞCILAR İSTANBUL;;;;İMİB - İstanbul Maden İhracatçıları Birliği
GÜVEN KAPISI DIŞ TİCARET VE LİMİTED ŞİRKETİ;BALMUMCU MAH.BARBAROS BLV.İBABLOKSLARI NO:42/9 BEŞİKTAŞ İSTANBUL;(212) 2740033;;;İMİB - İstanbul Maden İhracatçıları Birliği
GÜZELDAĞ MÜTEAHHİTLİK YAPI DONANIM İNŞAAT TAAHHÜT MADENCİLİK SANAYİ VE TİCARET A.Ş.;ALTINOVA MAH. FUAR CAD. BUTTİM İŞ MERKEZİ C BLOK OFİS NO:4198 OSMANGAZİ BURSA;(224) 2112424;;;İMİB - İstanbul Maden İhracatçıları Birliği
GVN GÜVEN CIVATA SANAYİ VE TİCARET LİMİTED ŞİRKETİ;BEYLİKDÜZÜ OSB MH MERMERCİLER SAN SİT 2 CD NO:11/1 BEYLİKDÜZÜ İSTANBUL;(212) 6168037;www.proturkprofil.com.tr;proturkprofil.com.tr;İMİB - İstanbul Maden İhracatçıları Birliği
H2O2 PEROKSİT ÜRETİM VE ENERJİ A.Ş.;BALMUMCU MAH. ITRİ SOK. NO:14 K:1-A BEŞİKTAŞ İSTANBUL;(212) 4213111;;;İMİB - İstanbul Maden İhracatçıları Birliği
HABASİT KAYIŞ SAN. VE TİC. LTD. ŞTİ.;AYDINLI BİRLİK ORG. SAN. BÖLGESİ4. SOK. NO:4 TUZLA İSTANBUL;(216) 4447043;www.habasit.com;habasit.com;İMİB - İstanbul Maden İhracatçıları Birliği
HABAŞ SINAİ VE TIBBİ GAZLAR İSTİHSAL ENDÜSTRİSİ A.Ş.;FUATPASA SOK. NO.26 SOĞANLIK MAH. KARTAL İSTANBUL;(216) 4536400;www.habas.com.tr;habas.com.tr;İMİB - İstanbul Maden İhracatçıları Birliği
HABOŞ GROUP İÇ VE DIŞ TİCARET LİMİTED ŞİRKETİ;GÜVEN MAHALLESİ UÇAK CADDESİ ADIGÜZEL SİTESİ NO:1-3/10 GÜNGÖREN İSTANBUL;;;;İMİB - İstanbul Maden İhracatçıları Birliği
HACI AYVAZ ENDÜSTRİYEL MAMULLER SANAYİ VE TİCARET ANONİM ŞİRKETİ;HADIMKÖY MH.MUSTAFA İNAN CD.NO:44 ARNAVUTKÖY İSTANBUL;(212) 7710145;www.ayvaz.com;ayvaz.com;İMİB - İstanbul Maden İhracatçıları Birliği
HACI HÜSEYİN AMBALAJ SANAYİ TİCARET LİMİTED ŞİRKETİ;AKÇABURGAZ MAH.1573.SK. NO:1 İÇ KAPI NO:76 ESENYURT İSTANBUL;(212) 8432700;;;İMİB - İstanbul Maden İhracatçıları Birliği
HACİK TEZEL VE ALTAN PAKER ADİ ORTAKLIĞI;İNÖNÜ MAH. HÜLYALI SOK.BAYTAK BLOK NO:7B/2 ATAŞEHİR İSTANBUL;(216) 5742545;;;İMİB - İstanbul Maden İhracatçıları Birliği
HAFEF İNŞAAT SAN. VE DIŞ TİC. LTD. ŞTİ.;ŞİRİNEVLER MAH. MAREŞAL FEVZİ ÇAKMAK5. SK. NO:10 BAHÇELİEVLER İSTANBUL;(212) 5512040;;;İMİB - İstanbul Maden İhracatçıları Birliği
HAFELE MOBILYA VE INSAAT DONANIMLARI SAN.VE TIC.A.S.;DOSB MH 1.CD NO:10 ESENŞEHİR ÜMRANİYE İSTANBUL;(216) 5285900;www.hafele.com.tr;hafele.com.tr;İMİB - İstanbul Maden İhracatçıları Birliği
HAKAN DOĞUŞ İNŞAAT SANAYİ VE TİCARET LİMİTED ŞİRKETİ;YEŞİLYURT MAH. UZUNLAR SK. D BLOK NO: 1/7 İÇ KAPI NO: 2 BAŞİSKELE / KOCAELİ BAŞİSKELE KOCAELİ;(262) 0000000;;;İMİB - İstanbul Maden İhracatçıları Birliği
HAKAN YILDIZ YÖNTEK MÜHENDİSLİK HİZMETLERİ YATIRIM PROJELERİ VE YÖNETİM DANIŞMANLIĞI LTD ŞTİ.;İSTASYON MAH. GÜLNİHAL SK. ELİR SİT C BLOK NO:3/17 34940 TUZLA İSTANBUL;(216) 0000000;www.marmolesdeco.com;marmolesdeco.com;İMİB - İstanbul Maden İhracatçıları Birliği
HAKSAN HORTUM MAKİNE OTOMOTİV PLASTİK KİMYEVİ MADDELER SAN. VE TİC.A.Ş.;NILUFER ORG.SAN.BOL. IHLAMUR CAD.NO.16 NİLÜFER BURSA;(224) 4112160;www.haksanhortum.com.tr;haksanhortum.com.tr;İMİB - İstanbul Maden İhracatçıları Birliği
HALEP YAPI İNŞAAT SANAYİ TİCARET LİMİTED ŞİRKETİ;VEYSEL KARANİ MAH. IŞILTI SK. NO:1 İÇ KAPI NO:9 SANCAKTEPE İSTANBUL;(324) 2393042;;;İMİB - İstanbul Maden İhracatçıları Birliği
HALEZ KİMYA DIŞ TİC LTD ŞTİ;İKİTELLİ OSB MAH SEFAKÖY 9. BLOK SK. SEFAKÖY SANAY9. BLOK NO :3 BAŞAKŞEHİR İSTANBUL;;;;İMİB - İstanbul Maden İhracatçıları Birliği
HALİT ULUERGÜVEN;ORGANIZE SAN.BÖL.5.S.NO:5 Merkez KÜTAHYA;02742662612;http://www.halitmetal.com;halitmetal.com;İMİB - İstanbul Maden İhracatçıları Birliği
HALSAN ENDÜSTRİYEL MUTFAK SANAYİ VE TİCARET LİMİTED ŞİRKETİ;BAHRİYE CD 38A BEYOĞLU İSTANBUL;(212) 2549336;www.halsanmutfak.com;halsanmutfak.com;İMİB - İstanbul Maden İhracatçıları Birliği
HAMMER MADENCİLİK SAN. TİC. A.Ş.;75. YIL OSB MAHALLESİ, 21 CADDE NO:12/1 ODUNPAZARI ESKİŞEHİR;(222) 2360733;www.cekicler.com.tr;cekicler.com.tr;İMİB - İstanbul Maden İhracatçıları Birliği
HAN MİMARİ TASARIM TURİZM İNŞ. SAN. VE DIŞ TİC. A.Ş;HACI EMİN EFENDİ SOK. İZMİR APT.NO:32/A NİŞANTAŞI ŞİŞLİ İSTANBUL;(212) 2315513;www.space.com.tr;space.com.tr;İMİB - İstanbul Maden İhracatçıları Birliği
HAN ZEMİN YAPI MARKET MİMARLIK İNŞAAT VE DIŞ TİCARET LİMİTED ŞİRKETİ;ÇAVUŞOĞLU MAH. SANAY CAD. NO.21 KARTAL İSTANBUL;(216) 4637777;www.han-stone.com;han-stone.com;İMİB - İstanbul Maden İhracatçıları Birliği
HANİN GAYRİMENKUL İNŞAAT TİC.LTD.ŞTİ;AKEVLER MAH.1065 SOK. NO:3-5 D:30 ESENYTURT / İSTA ESENYURT İSTANBUL;(232) 4653365;;;İMİB - İstanbul Maden İhracatçıları Birliği
HANTEK HIRDAVAT RULMAN VE ELEKTRİK MALZEMELERİ TİCARET LİMİTED ŞİRKETİ;OSMANGAZI MAH. HALIDE EDIP ADIVAR CAD.NO:92-94C ESENYURT İSTANBUL;(212) 6895096;;;İMİB - İstanbul Maden İhracatçıları Birliği
HANYAP İNŞAAT TAAHHÜT SAN. VE TİC. LTD. ŞTİ.;CEVİZLİ MAH.ZUHAL CAD.NO:46/B 33 MALTEPE İSTANBUL;;;;İMİB - İstanbul Maden İhracatçıları Birliği
HARDDEPO TEKNİK HIRDAVAT TİCARET LİMİTED ŞİRKETİ;MUSTAFA KEMALPAŞA MAH.FİRUZKÖYBULVARI BUL.0 BLOK NO:179A AVCILAR İSTANBUL;;;;İMİB - İstanbul Maden İhracatçıları Birliği
HAREKET KONTROL SERVİS MERKEZİ SANAYİ VE İNŞAAT TAAHHÜT TİCARET ANONİM ŞİRKETİ;TOSB OTOMOTİV (OSB) MAH. 1. CD. C BLOK 8/3 NO:12-ŞEKERPINAR ÇAYIROVA/KOCAELİ ÇAYIROVA KOCAELİ;(262) 4447457;www.hksm.com.tr;hksm.com.tr;İMİB - İstanbul Maden İhracatçıları Birliği
HARMONY KİMYA SANAYİ VE DIŞ TİCARET ANONİM ŞİRKETİ;15 TEMMUZ MAH. GÜLBAHAR CAD. NUROL PARK H BLOK NO:45/5/183 BAĞCILAR/İSTANBUL BAĞCILAR İSTANBUL;(212) 4380878;;;İMİB - İstanbul Maden İhracatçıları Birliği
HARMONY MARİNE SOLUTİONS İÇ MİMARLIK VE DENİZCİLİK SANAYİ VE TİCARET ANONİM ŞİRKETİ;ESENTEPE MAH. CEVİZLİ D-100 GÜNEY YANYOL CAD. KARTAL VİZYON E BLOK NO: 13 /2 İÇ KAPI NO: 1 KARTAL İSTANBUL;(226) 4613636;;;İMİB - İstanbul Maden İhracatçıları Birliği
HARTEK KESME TEKNOLOJİLERİ LİMİTED ŞİRKETİ;KARAYOLLARI MAH. CEBECI CAD.648 SOK. NO.16/A GAZİOSMANPAŞA İSTANBUL;(212) 5384748;www.hartek.com.tr;hartek.com.tr;İMİB - İstanbul Maden İhracatçıları Birliği
HAS CARBON ENERJİ VE LOJİSTİK HİZMETLERİ SANAYİ VE TİCARET ANONİM ŞİRKETİ;ORTA MH.D-100 KUZEY YANYOL CD.NO:26SAFİ ESPADON KULE KARTAL İSTANBUL;(216) 7663836;;;İMİB - İstanbul Maden İhracatçıları Birliği
HASAN ÇEKİÇ;O.S.B. 7. CAD. N:13 ODUNPAZARI ESKİŞEHİR;(222) 2360733;;;İMİB - İstanbul Maden İhracatçıları Birliği
HASAN DOĞAN;ZÜMRÜTEVLER MAH. KURTBASAN CAD. NO:160/A YILDIRIM BURSA;;;;İMİB - İstanbul Maden İhracatçıları Birliği
HASAN DURMUŞ;YALINTAS MAH 56.SOK NO:1/2 16500 16500 MUSTAFAKEMALPAŞA MUSTAFAKEMALPAŞA BURSA;(224) 0000000;https://www.premiumluxurystone.com/;premiumluxurystone.com;İMİB - İstanbul Maden İhracatçıları Birliği
HASAN GÖKKAYA;UĞUR MUMCU MAH. 2274. SK. NO: 10A GAZİOSMANPAŞA İSTANBUL;(212) 2453333;;;İMİB - İstanbul Maden İhracatçıları Birliği
HASAN GÜLAY;OSMANGAZİ MAH RÜMEYSA SOK 15/2 SANCAKTEPE İSTANBUL;(216) 3139173;;;İMİB - İstanbul Maden İhracatçıları Birliği
HASAN KEÇECİ MÜHENDİSLİK ELEKTRİK ELEKTRONİK SAN. TİCC. LTD. ŞTİ.;PERPA TİC. MERKZ. B BLOK K:9 NO:1543 ŞİŞLİ İSTANBUL;;;;İMİB - İstanbul Maden İhracatçıları Birliği
HASAN ŞENTEMEL;MURADİYE MAH. GAZİ TURHANBEY CAD. NO: 10 UZUNKÖPRÜ EDİRNE;(284) 0000000;;;İMİB - İstanbul Maden İhracatçıları Birliği
HASEL GROUP ALÜMİNYUM TURİZM İTH.VE İHR.SAN.TİC.LTD.ŞTİ.;ORUÇREİS MH TEKSTİLKENT CD B14 BLOK 10 V NO:213 ESENLER İSTANBUL;(212) 4381158;www.haseldisticaret.com;haseldisticaret.com;İMİB - İstanbul Maden İhracatçıları Birliği
HASEL UTU SAN. VE TIC.LTD.STI.;KATIP ÇELEBI CD. N:40/C FATİH İSTANBUL;02125207440;www.haselutu.com.tr;haselutu.com.tr;İMİB - İstanbul Maden İhracatçıları Birliği
HASMATİK MİMARİ CAM VE METAL SİSTEMLERİ LİMİTED ŞİRKETİ;CUMHURİYET MH GÜRPINAR YOLU CD BEYKENT SAN SİT NO:61/66 BÜYÜKÇEKMECE İSTANBUL;(212) 8721250;www.hasmatik.com.tr;hasmatik.com.tr;İMİB - İstanbul Maden İhracatçıları Birliği
HASSAN İÇ VE DIŞ TİCARET LİMİTED ŞİRKETİ;CUMHURİYET MAH TURGUT ÖZAL CD KARAYEL SK N:22 GEBZE KOCAELİ;;www.dekortools.com;dekortools.com;İMİB - İstanbul Maden İhracatçıları Birliği
HASTAŞ MÜH.MIM.MAD.İNŞ.DEKOR TURZ.SAN.VE TİC.LTD.ŞTİ.;YURTBEYİ MAH. ANDEZİT KESMETAŞ FAB. KM. EVL. 3 A GÖLBAŞI ANKARA;(312) 4983121;http://www.hastas.com.tr;hastas.com.tr;İMİB - İstanbul Maden İhracatçıları Birliği
HASTECH MİNERAL DIŞ TİCARET LTD. ŞTİ.;ORTA MAH. ATAYOLU CAD. ORTİM SANAYİ SİTESİE BLOK NO 13E İÇ KAPI NO:13 TUZLA İSTANBUL;(216) 0000000;;;İMİB - İstanbul Maden İhracatçıları Birliği
HATEN KOZMETİK PLASTİK VE MATBAA SAN. TİC. A.Ş.;ADNAN KAHVECİ BULV. GÜMÜŞSUYU CAD. NO:3 K:2/3 BEYLİKDÜZÜ İSTANBUL;(212) 8615959;;;İMİB - İstanbul Maden İhracatçıları Birliği
HATKİM KİMYA SANAYİ VE DIŞ TİCARET ANONİM ŞİRKETİ;KISIKLI CAD. NO.1 UZAY APT. A BLOKKAT 3 D.10 ALTUNİZADE ÜSKÜDAR İSTANBUL;(216) 3218282;www.hatkim.com.tr;hatkim.com.tr;İMİB - İstanbul Maden İhracatçıları Birliği
HAVEX ULUSLARARASI TAŞIMACILIK VE DIŞ TİC.LTD.ŞTİ.;TALATPAŞA MH.AKIŞLI SK.NO:20/02 KAĞITHANE İSTANBUL;(212) 2107252;www.havex.com.tr;havex.com.tr;İMİB - İstanbul Maden İhracatçıları Birliği
HAYAT İNŞAAT MALZEMELERİ SANAYİ VE TİCARET LİMİTED ŞİRKETİ;SELÇUK MAH/SEMT İNÖNÜ CAD.39 406 AKŞEHİR/KONYA PK:42550 AKŞEHİR KONYA;(476) 2286686;;;İMİB - İstanbul Maden İhracatçıları Birliği
HAYAT KABLO SAN. VE TİC. A.Ş.;BARIŞ MAH. ANİBAL CAD. NO:25/1 GEBZE KOCAELİ;(262) 6660014;www.hayatkablo.com;hayatkablo.com;İMİB - İstanbul Maden İhracatçıları Birliği
HAYAT KALIP İMALAT SANAYİ VE TİCARET LTD. ŞTİ.;ŞEYHLİ MAH. KAYNARCA CAD. NO:15/1 PENDİK İSTANBUL;(216) 6270142;www.hayatkalip.com.tr;hayatkalip.com.tr;İMİB - İstanbul Maden İhracatçıları Birliği
HAYATİ BENHABİB;MERVE MAH. ATATÜRK CAD. NO.328YENİDĞAN - SANCAKTEPE - İSTANBUL ÇAYIROVA KOCAELİ;(216) 5617110;;;İMİB - İstanbul Maden İhracatçıları Birliği
HAYATİ GÜLER;SELAMET MAH. HACILAR ÇIKMAZI SK. NO:7/2 OSMANGAZİ/BURSA PK:16240 OSMANGAZİ BURSA;;;;İMİB - İstanbul Maden İhracatçıları Birliği
HAYEN KİMYA SAN VE TİC LTD ŞTİ;VEZİRÇİFTLİĞİ MAH GEDİK SON NO:5 BAŞİSKELE KOCAELİ;(262) 2555547;;;İMİB - İstanbul Maden İhracatçıları Birliği
HAYRETTİN ÜNAL MADENCİLİK İNŞAAT LİMİTED ŞİRKETİ;AKPINAR MAH.835 SOK.NO:6/21 ÇANKAYA ANKARA;;;;İMİB - İstanbul Maden İhracatçıları Birliği
HAYTAS DOKUM SANAYI VE TICARET A.S.;Y.DUDULLU IMES SAN. SIT. DBLOK 401 SOKAK NO:5 ÜMRANİYE İSTANBUL;02163651056;www.haytas.com.tr;haytas.com.tr;İMİB - İstanbul Maden İhracatçıları Birliği
HAZ MERMER SANAYİ VE TİCARET ANONİM ŞİRKETİ;TORBALI KEMALPAŞA YOLU 6.KM TORBALI İZMİR;(232) 8690100;www.haztas.com;haztas.com;İMİB - İstanbul Maden İhracatçıları Birliği
HAZAR ARITIM PROJE VE İNŞ. TAAH. SAN. VE TİC. A.Ş.;TAKSIM CAD. NO:65 KAT:2/3 BEYOĞLU İSTANBUL;02122568490;www.hazar.gen.tr;hazar.gen.tr;İMİB - İstanbul Maden İhracatçıları Birliği
HAZNEDAR DURER REFRAKTER MALZ.SANAYI VE TICARET ANONIM SIRKETI;BÜYÜK ÇAVUŞLU MAH.ÇERKEZKÖY CAD.NO.585 SİLİVRİ İSTANBUL;(212) 7453505;;;İMİB - İstanbul Maden İhracatçıları Birliği
HAZNEDAR YATIRIM VE PAZARLAMA A.Ş.;BÜYÜK ÇAVUŞLU BELDESI.SAZLIDERE MEVKİİ BÜYÜKÇAVUŞLU SİLİVRİ İSTANBUL;02127453505;www.hazref.com;hazref.com;İMİB - İstanbul Maden İhracatçıları Birliği
HBHO DIŞ TİCARET ANONİM ŞİRKETİ;ATALAR MAH. ATALAR CAD. CANDAR APT NO: 51 B KARTAL İSTANBUL;(216) 4739473;;;İMİB - İstanbul Maden İhracatçıları Birliği
HBM PROJECT DIŞ TİCARET LİMİTED ŞİRKETİ;ORTA MH. SOĞANLIK D-100 KUZEY YAN YOL CD. NO:26/1 KAPI NO:21 KARTAL İSTANBUL;(216) 5192015;www.hbmproject.com;hbmproject.com;İMİB - İstanbul Maden İhracatçıları Birliği
HBT GRUP MADENCİLİK İNŞAAT GIDA TURİZM SAĞLIK HİZMETLERİ ELK. ELEKT. EĞİTİM HİZ. SAN. TİC. LTD. ŞTİ.;SIHHİYE MAH.NECATİ BEY CAD. NO:88/9 ÇANKAYA ANKARA;(312) 2291047;;;İMİB - İstanbul Maden İhracatçıları Birliği
HC TEKNİK YAPI LİMİTED ŞİRKETİ;GAZİ AKDEMİR MH 5.NİLÜFER CD NO:3ÜÇEVLER MH BURÇAK(220) SK NO:3/9 NİLÜFER BURSA;;;;İMİB - İstanbul Maden İhracatçıları Birliği
HCSI ULUSLARARASI HİZMETLER VE İNŞAAT ANONİM ŞİRKETİ;MOB MALSAK MH SUMER SK NO:4/K:5 SARIYER İSTANBUL;(212) 9248711;www.blharbert.com;blharbert.com;İMİB - İstanbul Maden İhracatçıları Birliği
HECCKEM KİMYEVİ MADDELER İTHALAT İHRACAT SANAYİ VE TİCARET ANONİM ŞİRKETİ;BARBAROS MAHALLESİ SARKAÇ SOKAK AĞAOĞLU MYPRESTİGE APT NO: 1/38 ATAŞEHİR İSTANBUL;;;;İMİB - İstanbul Maden İhracatçıları Birliği
HEDEF İÇ VE DIŞ TİCARET LİMİTED ŞİRKETİ;İNKILAP MAH. UMMAN SK. NO:4/2 ÜMRANİYE İSTANBUL;(216) 0000000;;;İMİB - İstanbul Maden İhracatçıları Birliği
HEFASTONE İNŞAAT DIŞ TİCARET VE SANAYİ LİMİTED ŞİRKETİ;KOZYATAĞI MAHALLESİ ŞEHİT MELTEM ÖZKILIÇ SOKAK KRAL APT. NO:6/10 KADIKÖY İSTANBUL;(216) 6227986;;;İMİB - İstanbul Maden İhracatçıları Birliği
HEKİMHAN MADENCİLİK İTHALAT İHRACAT SANAYİ VE TİCARET ANONİM ŞİRKETİ;HORASAN SOK. NO.24 GAZİOSMANPAŞA(GOP) ÇANKAYA ANKARA;(312) 4471700;www.hekimhanmadencilik.com.tr;hekimhanmadencilik.com.tr;İMİB - İstanbul Maden İhracatçıları Birliği
HELLER İTHALAT VE İHRACAT PAZARLAMA TİCARET LİMİTED ŞİRKETİ;ORUÇREİS MAH. TEKSTİLKENT CAD. TEKSTİLKENT B14 BLOK NO:10 V İÇ KAPI NO:214 ESENLER İSTANBUL;(212) 6749911;;;İMİB - İstanbul Maden İhracatçıları Birliği
HEN EROĞLU YAPI İNŞAAT VE GAYRİMENKUL GELİŞTİRME SANAYİ VE TİCARET ANONİM ŞİRKETİ;HUZUR MAHALLESİ AZERBAYCAN CADDESİSKYLAND B NO:4 B /41 SARIYER İSTANBUL;(212) 6523232;;;İMİB - İstanbul Maden İhracatçıları Birliği
HENEKEN METAL ANONİM ŞİRKETİ;NİSBETİYE MAH. GAZİ GUCNAR SOK. UYGUR APT. NO4/5 BEŞİKTAŞ İSTANBUL;(212) 3378828;;;İMİB - İstanbul Maden İhracatçıları Birliği
HENIEN DIŞ TİCARET LTD. ŞTİ.;ORG. SAN. BÖL. 4. CAD. YUKARI DUDULLU NO.6/2 ÜMRANİYE İSTANBUL;;www.henien.com;henien.com;İMİB - İstanbul Maden İhracatçıları Birliği
HEPŞEN KİMYA SANAYİ VE TİCARET ANONİM ŞİRKETİ;15 TEMMUZ MAHALESİ BAHAR CADDESİNUROL PARK SİTESİ JANDARMA BLOK N:43 K:15 D:153/154 BAĞCILAR İSTANBUL;02163489921;www.hepsenkimya.com.tr;hepsenkimya.com.tr;İMİB - İstanbul Maden İhracatçıları Birliği
HERA GLOBAL CELIK BORU TICARET LIMITED SIRKETI;S.GUTLU CESME MAH. . HALKALI CAD. NO: 257 KÜÇÜKÇEKMECE İSTANBUL;(212) 4707372;www.heracelik.com.tr;heracelik.com.tr;İMİB - İstanbul Maden İhracatçıları Birliği
HERAEUS ELECTRO NITE TERMOTEKNİK SANAYİ VE TİCARET ANONİM ŞİRKETİ;1 ORGANIZE SAN. BOL. DAĞISTAN CAD. NO:15 SİNCAN ANKARA;(312) 2670888;www.electro-nite.com;electro-nite.com;İMİB - İstanbul Maden İhracatçıları Birliği
HES HACILAR ELEKTRİK SANAYİ VE TİCARET ANONİM ŞİRKETİ;ERCIYES MAH HES CAD.NO:22 HACILAR KAYSERİ;(352) 2074500;www.hes.com.tr;hes.com.tr;İMİB - İstanbul Maden İhracatçıları Birliği
HEXPOL İZMİR POLİMER SANAYİ VE TİCARET ANONİM ŞİRKETİ;KAZIMDİRİK MAH. ORD. PROF. DR. MUHİDDİN EREL CAD.NO:48 BORNOVA İZMİR;(216) 5404866;www.kabkom.com.tr;kabkom.com.tr;İMİB - İstanbul Maden İhracatçıları Birliği
HEY İÇ VE DIŞ TİC.LTD.ŞTİ.;İKİTELLİ OSB MAH. GİYİM SANATKARLARI TİCARET MERKEZİ B BLOK NO : 409 BAŞAKŞEHİR İSTANBUL;;;;İMİB - İstanbul Maden İhracatçıları Birliği
HEZA KİMYA DANIŞMANLIK SANAYİ VE TİCARET LİMİTED ŞİRKETİ;CUMHURİYET MAH GÜVEN SOK BOZBEY APT NO:2 KAPI NO:1B 16210 NİLÜFER BURSA;(224) 0000000;http://www.hezakimya.com.tr/;hezakimya.com.tr;İMİB - İstanbul Maden İhracatçıları Birliği
HIGHTECH POLIMER KIMYA SANAYI VE TICARET ANONIM ŞIRKETI;HURRIYET MAH. NESLIBAN SK. NO:10/1 KARTAL / IST KARTAL İSTANBUL;(212) 2434908;;;İMİB - İstanbul Maden İhracatçıları Birliği
HITEC ELECTRIC ELEKTRONIK TICARET LİMİTED ŞİRKETİ;ALADDİN BEY MAHALLESİ 613 SOKAK NO:7-A NİLÜFER BURSA;(224) 2709033;www.hitecelectric.com.tr;hitecelectric.com.tr;İMİB - İstanbul Maden İhracatçıları Birliği
HİDRO-GEN ENERJİ İTHALAT İHRACAT DAĞITIM VE TİCARET ANONİM ŞİRKETİ;HORASAN SOKAK NO: 24 GAZİOSMANPAŞA ÇANKAYA ANKARA;(312) 4471700;;;İMİB - İstanbul Maden İhracatçıları Birliği
HİKMET AKSÔZ YAPI PVC ALÜMİNYUM SİSTEMLERİ İTHALAT İHRACAT SANA YI VE TİCARET LİMİTED;BATTALGAZİ MH.YADİGAR SK. NO:2-6A SULTANBEYLİ İSTANBUL;(216) 4193040;www.aksozyapipvc.com;aksozyapipvc.com;İMİB - İstanbul Maden İhracatçıları Birliği
HİKON DIŞ TİCARET DANIŞMANLIK TURİZM LİMİTED ŞİRKETİ;MERKEZ MAHALLESİ CUMHURİYET MEYDANI NO:23 KAT:2/21 GAZİOSMANPAŞA İSTANBUL;;;;İMİB - İstanbul Maden İhracatçıları Birliği
HİSAR DOĞALTAŞ MERMER SANAYİ VE TİCARET LİMİTED ŞİRKETİ;BÖĞÜRTLEN MAH. BÖĞÜRTLEN SOK. NO:83 SİVRİHİSAR ESKİŞEHİR;(222) 7176109;www.hisarmermer.com.tr;hisarmermer.com.tr;İMİB - İstanbul Maden İhracatçıları Birliği
HİTİT DOĞALTAŞ SAN. TİC. A.Ş.;CUMHURİYET MAHALLESİ MALATYA CAD.HAZARDAĞLI PLAZA NO: 58 / 302 MERKEZ ELAZIĞ;;www.hititmarble.com;hititmarble.com;İMİB - İstanbul Maden İhracatçıları Birliği
HİZMET İNŞAAT GIDA TEKSTİL İMALAT SANAYİ VE TİCARET LİMİTED ŞİRKETİ;İNKILAP MAH.VATAN CAD.NO.62A ÜMRANİYE ÜMRANİYE İSTANBUL;(216) 3630104;;;İMİB - İstanbul Maden İhracatçıları Birliği
HK SANAT YAPI MADENCİLİK HARFİYAT İÇ VE DIŞ TİCARET LİMİTED ŞİRKETİ;YEDİKULE MAHALLESI, HACIPİRİ SOK.ZİGANA SPOR TESİSLERİ NO:33 FATİH İSTANBUL;;;;İMİB - İstanbul Maden İhracatçıları Birliği
HLM TRADE CO DANIŞMANLIK HİZMETLERİ LTD. ŞTİ.;BARBAROS MAH. BEGONYA SOK. NIDA KULE NO: K.NO:2 ATAŞEHİR İSTANBUL;(216) 0000000;http://www.hlmtrade.com;hlmtrade.com;İMİB - İstanbul Maden İhracatçıları Birliği
HM ELEKTRIK HIRDAVAT VE AMBALAJ MALZEMELERI SANAYI TICARET LIMITED SIRKETI;HALIL RIFAT PASA MAH. YÜZER HAVUZ SK. PERPA TIC MEA BLOK NO: 1 IÇ KAPI NO: 9013 ŞİŞLİ İSTANBUL;(212) 6020633;;;İMİB - İstanbul Maden İhracatçıları Birliği
HM KOROZYON MÜHENDİSLİK MÜŞAVİRLİK OTOMATİV SANAYİ VE TICARET LİMİTED ŞİRKETİ;TOPÇULAR CD CENGAVER SK NO:1 EYÜP İSTANBUL;(212) 6130152;www.hmkorozyon.com;hmkorozyon.com;İMİB - İstanbul Maden İhracatçıları Birliği
HNC KALIP VE MAKİNE SAN.TİC.LTD.ŞTİ.;YEŞİLCE MAH. ÇELİK CAD. NO:10 KAĞITHANE İSTANBUL KAĞITHANE İSTANBUL;(212) 4857803;;;İMİB - İstanbul Maden İhracatçıları Birliği
HOBI SERAMIK SANAYİ VE TICARET LİMİTED ŞİRKETİ;DUNYA SAGLIK SOK OPERA ISMERKEZI NO:43 D:4 BEYOĞLU İSTANBUL;(212) 2529261;www.hobiseramik.com;hobiseramik.com;İMİB - İstanbul Maden İhracatçıları Birliği
HOMATEKS TURZ.VE OTEL MALZM. PAZ. SAN.VE TİC. A.Ş.;PERPA ISM. B BLOK K.13 NO.2538 ŞİŞLİ İSTANBUL;(212) 3203255;www.homateks.com.tr;homateks.com.tr;İMİB - İstanbul Maden İhracatçıları Birliği
HOME OF İSTANBUL İNŞAAT SANAYİ VE TİCARET LİMİTED ŞİRKETİ;KARLIBAYIR MAH. İHTİŞAM SK.NO:8 B ARNAVUTKÖY İSTANBUL;(212) 0000000;;;İMİB - İstanbul Maden İhracatçıları Birliği
HORASAN MERMER MADEN MAKİNA TEÇHİZAT OTOMOTİV İNŞAAT NAKLİYE İTHALAT İHRAACAT SAN.TİC.LTD.ŞTİ;HACILAR MEYDANI MAH HUSAMETTIN OLGUN CD NO 31 A MERKEZ AMASYA;(358) 0000000;;;İMİB - İstanbul Maden İhracatçıları Birliği
HORECALAND ENDÜSTRİYEL MUTFAK VE OTEL EKİPMANLARI TİC.SAN.LTD.ŞTİ.;MAHMUTBEY MAH. 2431. SK. NO: 44 BAĞCILAR İSTANBUL;(212) 2453333;;;İMİB - İstanbul Maden İhracatçıları Birliği
HOS MERMER DIŞ TİCARET ANONİM ŞİRKETİ;BOSTANCI MAH. BAĞDAT CAD. BENLILER APT NO:513 İÇ KAPI NO:4 PK:34734 KADIKÖY İSTANBUL;;www.hosmarble.com;hosmarble.com;İMİB - İstanbul Maden İhracatçıları Birliği
HP MADEN MAKINE SANAYİ VE TİCARET LİMİTED ŞİRKETİ;KONAKLAR MAH.MEŞELİ SK.NO:8 BEŞİKTAŞ/İSTANBUL BEŞİKTAŞ İSTANBUL;;;;İMİB - İstanbul Maden İhracatçıları Birliği
HP MERMER İNŞAAT ENERJİ ANONİM ŞİRKETİ;CUMHURİYET MAH. HÜKMÜ PEKER CAD. NO:4/A SİNCAN ANKARA;(312) 6465187;www.hpmarble.com;hpmarble.com;İMİB - İstanbul Maden İhracatçıları Birliği
HSC ARITIM SANAYİ VE TİCARET ANONİM ŞİRKETİ;AVCILAR FİRUZKÖY MAH. FİRUZKÖY BULV. NO.124/1 AVCILAR İSTANBUL;(212) 4447472;www.hsc.com.tr;hsc.com.tr;İMİB - İstanbul Maden İhracatçıları Birliği
HSM PVC ALÜMİNYUM İNŞAAT İTHALAT İHRACAT SANAYİ TİCARET LİMİTED ŞİRKETİ;KARADENİZLİLER MAH.ÇİĞDEM SOK. NO:8 BAŞİSKELE KOCAELİ;(262) 3715361;;;İMİB - İstanbul Maden İhracatçıları Birliği
HSR MERMER SANAYİ VE TİCARET A.Ş.;ÇAMLIK MAH. CİVAN SOKAK NO: 71/4 ÜMRANİYE İSTANBUL;(216) 3566464;www.hsrmermer.com;hsrmermer.com;İMİB - İstanbul Maden İhracatçıları Birliği
HUM MÜHENDİSLİK VE TİCARET LTD.ŞTİ.;ATAŞEHİR BULVARI ATA PLAZA 2/3 DAİRE:15 ATAŞEHİR İSTANBUL;(216) 4563703;www.hum.com.tr;hum.com.tr;İMİB - İstanbul Maden İhracatçıları Birliği
HUQQA GIDA İŞLETMELERİ SANAYİ VE TİCARET ANONİM ŞİRKETİ;YENİBOSNA MERKEZ MAHALLESİ SEDİR SOKAK NO:7 KAT:1 BAHÇELİEVLER İSTANBUL;(212) 6526222;www.huqqa.com;huqqa.com;İMİB - İstanbul Maden İhracatçıları Birliği
HUQQABAZ GIDA İŞLETMELERİ SANAYİ VE TİCARET ANONİM ŞİRKETİ;YENİBOSNA MERKEZ MAH.SEDİR SOK.NO:7 D.KAT 1 D:5 BAHÇELİEVLER İSTANBUL;(212) 8526558;;;İMİB - İstanbul Maden İhracatçıları Birliği
HÜRALP MAKİNA GIDA İNŞ.KOZM.İLAÇ SAN.VE TİC.LTD.ŞTİ;Y.DUDULLU MAH.BOSTANCI MÜNİBÜS YOLU ÇAVUŞOĞLU SOKNO:14/A ÜMRANİYE İSTANBUL;(216) 4152828;;;İMİB - İstanbul Maden İhracatçıları Birliği
HÜRCAN MOBİLYA SAN.VE TİC.LTD.ŞTİ.;HADIMKÖY MAH. 75. YIL CAD. NO : 26 / C ARNAVUTKÖY İSTANBUL;(212) 8867979;www.hurcanmobilya.com;hurcanmobilya.com;İMİB - İstanbul Maden İhracatçıları Birliği
HÜRMER MADENCİLİK VE DIŞ TİCARET LİMİTED ŞİRKETİ;ORGANIZE SAN. BÖLG. 1. CAD. NO:4 MERKEZ KÜTAHYA;(274) 2662201;www.hurok.com;hurok.com;İMİB - İstanbul Maden İhracatçıları Birliği
HÜROK MERMER İNŞAAT SANAYİ VE TİCARET ANONİM ŞİRKETİ;ORG. SAN. BÖLG. 1. CAD. NO:4 MERKEZ KÜTAHYA;(274) 2662201;www.hurok.com;hurok.com;İMİB - İstanbul Maden İhracatçıları Birliği
HÜRSAN EV CİHAZLARI ISI SANAYİ VE TİCARET ANONİM ŞİRKETİ;YENİ MAHALLE HEKİMSUYU CADDESİ NO:21/ A GAZİOSMANPAŞA İSTANBUL;(212) 2111130;www.hursansomine.com;hursansomine.com;İMİB - İstanbul Maden İhracatçıları Birliği
HÜSEYİN AVNİ KELEŞOĞLU MERMER SANAYİ VE TİCARET LİMİTED ŞİRKETİ;BEYLİKDÜZÜ MERMERCİL SAN.SİT. 4. CAD.NO.9/11 BEYLİKDÜZÜ İSTANBUL;02128751505;www.hakmer.com.tr;hakmer.com.tr;İMİB - İstanbul Maden İhracatçıları Birliği
HÜSEYİN HACIMUSTAOĞLU - ADA YAPI CAM VE ALÜMİNYUM;TEPEÜSTÜ MAH. HACI BAYRAM SK. NO: 13 A TEPEÜSTÜ MAH 34771 ÜMRANİYE, İSTANBUL, TÜRKİYE ÜMRANİYE İSTANBUL;;;;İMİB - İstanbul Maden İhracatçıları Birliği
HÜSEYİN SELVİ;İSKENDER BOĞAZI HÜSEYİN AĞA CAMİ SOK.N:8-10/A EMİNÖNÜ/CAĞALOĞLU FATİH İSTANBUL;(212) 5284072;;;İMİB - İstanbul Maden İhracatçıları Birliği
HÜSEYİN TURAN;HACIKARA MAHALLESİ ALPARSLAN TÜRKEŞ BULVARI NO:315-TOTAL/4 BEYPAZARI ANKARA;(312) 0000000;;;İMİB - İstanbul Maden İhracatçıları Birliği
HYDRALOX MINERAL A.Ş.;İNÖNÜ MAH. GEPOSB CUMHURİYET CAD. NO:59/2 41400 GEBZE KOCAELİ;(262) 5021118;;;İMİB - İstanbul Maden İhracatçıları Birliği
IBD DIŞ TİCARET ANONİM ŞİRKETİ;YAHYAKAPTAN MH. ŞEHİT ALİ İHSAN ÇAKMAK SK. NO:46 İÇ KAPI NO:6 İZMİT KOCAELİ;(262) 2555965;www.ibd.company;ibd.company;İMİB - İstanbul Maden İhracatçıları Birliği
IBRAHIM JUHA;MUSTAFA KEMALPAŞA MAHY.KÖROĞLU SK. NO:96/2 AVCILAR İSTANBUL;(212) 8769745;;;İMİB - İstanbul Maden İhracatçıları Birliği
ICE GRUP PLASTİK A.Ş.;BARBAROS MAH.MOR SÜMBÜL SOK.WARYAP MERİDİAN I BLOK1/110 ATAŞEHİR İSTANBUL;(216) 2271813;;;İMİB - İstanbul Maden İhracatçıları Birliği
ICE YAT İNŞA VE SANAYİ ANONİM ŞİRKETİ;ALTUNİZADE MAH. OYMACI SK. NO 20 İÇ KAPI NO 1 ÜSKÜDAR İSTANBUL;(216) 8121314;;;İMİB - İstanbul Maden İhracatçıları Birliği
IDL AGRO GÜBRE SANAYİ VE TİCARET ANONİM ŞİRKETİ;ESENKENT MAH. HOCA NASRETTİN CAD. NO:28 ÜMRANİYE İSTANBUL;(212) 4445147;;;İMİB - İstanbul Maden İhracatçıları Birliği
IFF AROMA ESANS SANAYİ VE TİCARET ANONİM ŞİRKETİ;GEBZE ORGANIZE SANAYI BOLGESIIIHSAN DEDE CAD. 1100. SOK. NO:1102 GEBZE KOCAELİ;(262) 6770777;www.iff.com;iff.com;İMİB - İstanbul Maden İhracatçıları Birliği
ILG AKUSTIK IZOLAS.MALZ.SAN.VE TIC.LTD.STI.;CAGATAY CD.GUNDEN SK.NO.15 KARTAL İSTANBUL;02163871107;www.ilgltd.com;ilgltd.com;İMİB - İstanbul Maden İhracatçıları Birliği
ILGIN ÖZEL BOYA OTOMOTİV SANAYİ VE DIŞ TİCARET LİMİTED ŞİRKETİ;KEMALPAŞA MAAHLLESİ NAMIK KEMAL CADDESİ NO:146 BAĞCILAR İSTANBUL;(212) 6717365;www.ilginboya.com;ilginboya.com;İMİB - İstanbul Maden İhracatçıları Birliği
IMCD TİCARET PAZARLAMA VE DANIŞMANLIK LİMİTED ŞİRKETİ;IÇERENKÖY MAH. UMUT SK. AND OFIS NO: 10 -12 IÇ KAPI ATAŞEHİR İSTANBUL;(216) 4254800;https://www.imcdgroup.com/en/worldwide/turkey-tr;imcdgroup.com;İMİB - İstanbul Maden İhracatçıları Birliği
IMERYS SERAMİK HAMMADDELERİ SANAYİ VE TİCARET ANONİM ŞİRKETİ;YENİŞEHİR MAH. BARAJ YOLU CAD. BOF PLAZA KAT:6 NO:23 D.14-15 ATAŞEHİR İSTANBUL;(216) 4667515;www.imerys.com;imerys.com;İMİB - İstanbul Maden İhracatçıları Birliği
IMPAC GROUP MAKINA INSAAT SANAYI VE TICARET LIMITED SIRKETI;SANAYİ MH ALBAY SK NO:8 GÜNGÖREN İSTANBUL;(212) 6536008;www.omsokulmobilyalari.com;omsokulmobilyalari.com;İMİB - İstanbul Maden İhracatçıları Birliği
INDEX STONE GROUP DIŞ TİCARET LİMİTED ŞİRKETİ;TURGUT OZAL BULVARI CUMHURİYET MH. KADER SK. DENİZGÖLÜ SİTESİ NO:16/5 BÜYÜKÇEKMECE İSTANBUL;(212) 4883515;;;İMİB - İstanbul Maden İhracatçıları Birliği
INI GLOBAL İTH.İHR.VE TİC.A.Ş.;BARBAROS MAH. MOR SÜMBÜL SK. TEKNIK YAPI DELUXIA PALACE NO: 5 A IÇ KAPI NO: 106 ATASEHIR/ ISTANBUL ATAŞEHİR İSTANBUL;;;;İMİB - İstanbul Maden İhracatçıları Birliği
INSG MERMER ANONİM ŞİRKETİ;MİMARSİNAN OSB MAH. 1 CAD. KAMER MERMER A.Ş. NO: 6 MELİKGAZİ KAYSERİ;(352) 3220262;;;İMİB - İstanbul Maden İhracatçıları Birliği
INSTEEL ÇELİK VE PREFABRİK YAPILAR A.Ş.;KÖSELER 29. CD NO:20 ÜMRANİYE İSTANBUL;(216) 3748019;www.insteel.com.tr;insteel.com.tr;İMİB - İstanbul Maden İhracatçıları Birliği
INTERNATIONAL PAINT PAZARLAMA LTD. ŞTI.;SANIYE ERMUTLU SOK. SASMAZPLAZA. NO:8 K:4 KADIKÖY İSTANBUL;02164454440;www.internationalpaint.com;internationalpaint.com;İMİB - İstanbul Maden İhracatçıları Birliği
INVALUE DIŞ TİC SAN VE TİC. LTD.ŞTİ.;EVRENOS MAH.EVRANOS KM.EVL. NO:46 YUNUS EMRE MANİSA;(232) 4154626;;;İMİB - İstanbul Maden İhracatçıları Birliği
INVO PROJE ENERJİ SANATİ VETİCARET LİMİTED ŞİRKETİ;FERHATPAŞA MAH. 99 SK ULUSOY APT NO:42 ATAŞEHİR/İS ATAŞEHİR İSTANBUL;(216) 0000000;;;İMİB - İstanbul Maden İhracatçıları Birliği
IQ DIŞ TİCARET PAZARLAMA DANIŞMANLIK SANAYİ VE TİCARET LİMİTED ŞİRKETİ;YAKUPLU MAHALLESİ 67. SOKAK KONUT NO: 4/13 BEYLİKDÜZÜ İSTANBUL;;;;İMİB - İstanbul Maden İhracatçıları Birliği
IQDOORS İNŞAAT TAAHHÜT SAN. VE TİC. A.Ş.;ÇAĞLAYAN MAH.CİHANŞAH SOK.NO:3/A ÇAĞLAYAN KAĞITHANE İSTANBUL;(212) 2254945;;;İMİB - İstanbul Maden İhracatçıları Birliği
IQONEX KİMYA DIŞ TİCARET LİMİTED ŞİRKETİ;ALİPAŞA MAH. SÜLÜN CAD. BALLIOGLU IŞ MERKEZI NO: 6/1 İÇ KAPI NO: 15 ÇORLU TEKİRDAĞ;;;;İMİB - İstanbul Maden İhracatçıları Birliği
IRM GÜÇ SİSTEMLERİ MÜHENDİSLİK SANAYİ VE LİMİTED ŞİRKETİ;145. SOKAK ELSYUM GARDEN SİT. NO:4 AH ÇEKMEKÖY İSTANBUL;(216) 5771301;;;İMİB - İstanbul Maden İhracatçıları Birliği
IRON ART MİMARLIK VE İNŞAAT SANAYİ TİCARET LİMİTED ŞİRKETİ;OSMANİYE MAH.KİREÇ OCAĞI SOK. GÜVEN APT.NO : 15A/1 BAKIRKÖY / İSTANBUL BAKIRKÖY İSTANBUL;(212) 4656363;;;İMİB - İstanbul Maden İhracatçıları Birliği
IS CONSULTING İNŞAAT VE MOBİLYA SANAYİ İTHALAT İHRACAT TİCARET LİMİTED ŞİRKETİ;SAPAN BAĞLARI MAH. MEHMETÇİK SK. NO: 19 İÇ KAPI NO19 İÇ KAPI NO: 4 PENDİK İSTANBUL;(216) 0000000;;;İMİB - İstanbul Maden İhracatçıları Birliği
ISF ALUMINYUM PLAST.CAM AKSES. INŞ.TURZ.SAN.TIC.LTD.ŞTI.;ULUBAT SOKAK NO:22 B SİTELER ALTINDAĞ ANKARA;(312) 3510554;;;İMİB - İstanbul Maden İhracatçıları Birliği
ISIM MÜHENDİSLİK ANONİM ŞİRKETİ;HACETTEPE MAH. UZUNKAVAK SK. NO:14 ALTINDAĞ ANKARA;(312) 0000000;;;İMİB - İstanbul Maden İhracatçıları Birliği
ISLER MAKINA IMALAT SAN.VE TIC LTD.STI.;İSTANBUL TUZLA OSB. 2. CD. NO:31 TUZLA İSTANBUL;(216) 5931753;www.islermakine.com;islermakine.com;İMİB - İstanbul Maden İhracatçıları Birliği
ISTA GROUP MERMER İMALATLARI LİMİTED ŞİRKETİ;MALTEPE MAH. ESKİ ÇIRPICI YOLU SK.MERİDYEN İŞ MERKEZİ NO:1 / Z 23 ZEYTİNBURNU İSTANBUL;;;;İMİB - İstanbul Maden İhracatçıları Birliği
ISTCARGO INTERNATIONAL LOJİSTİK LİMİTED ŞİRKETİ;YAKUPLU MAH. HÜRRİYET BUL. SKYPORT SİTESİ SKYPORT RESİDENCE NO:1/151 BEYLİKDÜZÜ İSTANBUL;(212) 0000000;;;İMİB - İstanbul Maden İhracatçıları Birliği
ISTKEY EMLAK VE DANIŞMANLIK TİC. LTD. ŞTİ.;İSKENDERPAŞA MAH. SİMİTÇİ ŞAKİR SK. NO:18/3 FATİH İSTANBUL;(212) 0000000;;;İMİB - İstanbul Maden İhracatçıları Birliği
IŞIKLAR ENDÜSTRİ OTOMOTİV GIDA İNŞAAT VE TEKSTİL SANAYİ TİCARET LİMİTED ŞİRKETİ;MASLAK ATATÜRK OTO SAN. SİT.2 KISIM 29 SK.NO.1161 ŞİŞLİ İSTANBUL;(212) 2768260;;;İMİB - İstanbul Maden İhracatçıları Birliği
IVORY COMPANY MERMER VE İNŞAAT MALZEMELERİ İTHALAT VE İHRACAT LİMİTED ŞİRKETİ;AKŞEMSETTİN MAH. AKDENİZ CAD. VATANSARAY APT NO:113 İÇ KAPI NO: 9 FATİH İSTANBUL;(212) 0000000;;;İMİB - İstanbul Maden İhracatçıları Birliği
IZ TEMSILCILIK ITH.VE IHR.PAZ. LTD.STI.;HURRIYET CAD.FAIK AKYUREK PAS.NO:16 D:105 ÖDEMİŞ İZMİR;02325456060;;;İMİB - İstanbul Maden İhracatçıları Birliği
IZALCO INSAAT SANAYI VE DIS TICARET LTD.ŞTİ.;SARAY MAH. DR. ADNAN BÜYÜKDENİZ CAD. A NO:3 A/226 ÜMRANİYE İSTANBUL;;;;İMİB - İstanbul Maden İhracatçıları Birliği
İ.Ç.M. İNŞAAT MERMER DEK.SAN.VE TİC.LTD.ŞTİ.;GÖLPAZARI KASIMLAR KÖYÜ ÜZERİ MERMER OCAĞI İŞLETMENO:137 GÖLPAZARI BİLECİK;(228) 3554040;;;İMİB - İstanbul Maden İhracatçıları Birliği
İBC DIŞ TİCARET ANONİM ŞİRKETİ;BARBAROS MAH.AK ZAMBAK SOK.UPHILL TOWERS NO:3A/139 ATAŞEHİR İSTANBUL;(212) 2170560;http://www.uskonsept.com.tr;uskonsept.com.tr;İMİB - İstanbul Maden İhracatçıları Birliği
İBM MERMER MOBİLYA TEKS. TURZ. VE GIDA SAN. TİC. LTD. ŞTİ.;BARBAROS HAYRETTİN PAŞA MH.1993 SK. HAN 1/A BLOK NO:12A/16 ESENYURT İSTANBUL;;www.ibmstone.com;ibmstone.com;İMİB - İstanbul Maden İhracatçıları Birliği
İBRAHİM CANER İLHAN;CUMHURİYET MAH. STAD CAD. NO: 27 İÇ KAPI NO: 10 ÇUBUK ANKARA;(312) 0000000;;;İMİB - İstanbul Maden İhracatçıları Birliği
İBRAHİM DEMİRCİ;MİMAR HAYRATTİN MAH. SİNEKLİ MEDRESESOKAK NO:3/306 FATİH İSTANBUL;(212) 6032461;www.ebrulialyans.com;ebrulialyans.com;İMİB - İstanbul Maden İhracatçıları Birliği
İBRİCE ENERJİ ÜRÜNLERİ PAZARLAMA TİCARET VE SANAYİ ANONİM ŞİRKETİ;OSMANAĞA MAH. PAZAR YOLU SK. EKİZOĞLU İŞ HANIBLOK NO: 2B İÇ KAPI NO: 1 KADIKÖY İSTANBUL;(216) 2615276;;;İMİB - İstanbul Maden İhracatçıları Birliği
İBRİCE MADEN İŞLETMELERİ TİCARET VE SANAYİ ANONİM ŞİRKETİ;YAVUZ MAH.PESTEMALCI CAD.BAYKENT APT.172/B TEKİRDAĞ TEKİRDAĞ;02822615276;www.pullukcu.com;pullukcu.com;İMİB - İstanbul Maden İhracatçıları Birliği
İCARUS DIŞ TİCARET ANONİM ŞİRKETİ;MERDİVENKÖY MAH. MERDİVENKÖY CAD. NO: 33/37 KADIKÖY İSTANBUL;(216) 4496750;;;İMİB - İstanbul Maden İhracatçıları Birliği
İÇDAŞ ÇELİK ENERJİ TERSANE VE ULASIM SANAYİ A.Ş.;İÇDAŞ PLAZA MAHMUTBEY MAH. DİLMENLER CAD. NO:20 MAHMUTBEY MAHMUTBEY BAĞCILAR İSTANBUL;(212) 6040404;www.icdas.com.tr;icdas.com.tr;İMİB - İstanbul Maden İhracatçıları Birliği
İÇDAŞ ELEKTRİK ENERJİSİ ÜRETİM VE YATIRIM A.Ş.;MAHMUTBEY MAHALLESİ DİLMENLER CAD.NO:2 BAĞCILAR İSTANBUL;(212) 6040338;;;İMİB - İstanbul Maden İhracatçıları Birliği
İDA BOYA KİMYA SANAYİ İTHALAT İHRACAT VE DIŞ TİCARET LİMİTED ŞİRKETİ;KORDONBOYU MAH. YEMENİ SK.A BLOK NO:1 / A / 52 KARTAL İSTANBUL;(216) 0000000;;;İMİB - İstanbul Maden İhracatçıları Birliği
İDA DOĞAL TAŞ SANAYİ TİCARET LİMİTED ŞİRKETİ;FERHATPAŞA MAH. EYÜP SULTAN CAD. NO:50-54 ATAŞEHİR İSTANBUL;;;;İMİB - İstanbul Maden İhracatçıları Birliği
İDEMER DOĞALTAŞ SANAYİ VE TİCARET A.Ş.;KAYALAR MAH. SAKARYA CAD. 59/1 VEZİRHAN KÖYÜ MERKEZ BUCAĞI VEZİRHAN BİLECİK BİLECİK;(228) 2331111;;;İMİB - İstanbul Maden İhracatçıları Birliği
İHSANOĞULLARI MADENCİLİK NAKLİYAT İNŞAAT HUBUBAT İTHALAT İHRACAT SANAYİ VE TİCARET LİMİTED ŞİRKETİ;GAZİBEYLİ MAH. ŞEHİT ADEMKOYUNCU CAD. NO: 8 İÇ KAPI NO: 41 YAHYALI KAYSERİ;(352) 0000000;http://www.ihsanogullarimaden.com/;ihsanogullarimaden.com;İMİB - İstanbul Maden İhracatçıları Birliği
İKBAL LOJİSTİK İHRACAT İTHALAT SAN. VE TİC. LTD. ŞTİ.;VEZİRÇİFTLİĞİ MAH. MUALLİM SK. N:21/A BAŞİSKELE KOCAELİ;(262) 3496362;;;İMİB - İstanbul Maden İhracatçıları Birliği
İKİTEKNİK YAPI SAN. VE TİC.LTD.ŞTİ.;ÜÇEVLER MH.SANAYİ SİT.77.SK. NO:1/E NİLÜFER BURSA;(224) 4417689;www.ikiteknikyapi.com;ikiteknikyapi.com;İMİB - İstanbul Maden İhracatçıları Birliği
İLAN MADENCİLİK SANAYİ VE TİC.A.Ş.;BALMUMCU MAH. BARBAROS BULV. MORBASAN SOK. KOZA İŞ MRKZ. C BLOK NO:14 BEŞİKTAŞ İSTANBUL;(212) 7082115;www.ilbak.com.tr;ilbak.com.tr;İMİB - İstanbul Maden İhracatçıları Birliği
İLBAK MADENCİLİK SAN.TİC.A.Ş.;BARBAROS BULVARI MORBASAN SOK.KOZA İŞ MERKEZİ NO:14 KAT:0 BEŞİKTAŞ İSTANBUL;(212) 7082200;;;İMİB - İstanbul Maden İhracatçıları Birliği
İLBE MİNERAL PETROL ÜRÜNLERİ SANAYİ VE TİCARET LİMİTED ŞİRKETİ;EMEK MAH. 66. SOK NO.19/3 ÇANKAYA ANKARA;(312) 2220183;www.ilbemineral.com;ilbemineral.com;İMİB - İstanbul Maden İhracatçıları Birliği
İLHAMİ SOYDAN YAPI MALZEMELERİ İNŞAATTEKSTİL MOBİLYA SANAYİ VE TİCARET LİMİTED ŞİRKETİ;İSMET İNÖNÜ CAD.NO:76 BOZÜYÜK BİLECİK;(228) 4630808;;;İMİB - İstanbul Maden İhracatçıları Birliği
İLHAN BERKAY KOÇAK;BAHÇEŞEHİR 2. KISIM OKYANUS CAD. FUNDA 03.05.E 10 NO 19 KAPI NO K 1 BAŞAKŞEHİR İSTANBUL;;www.bosschemicals.com.tr;bosschemicals.com.tr;İMİB - İstanbul Maden İhracatçıları Birliği
İLHAN USTA;TAHTAKALE MAH. T 38 SOK. 2-3/41 AVCILAR İSTANBUL;(212) 6534494;;;İMİB - İstanbul Maden İhracatçıları Birliği
İLİKEM KİMYA DERİ TEKSTİL SANAYİ VE TİCARET ANONİM ŞİRKETİ;İSTANBUL DERİ ORGANİZE SANAYİ BÖLGESİ, ANTİK SOKAK, NO:11, Ç 2/2 ÖZEL PARSEL TUZLA İSTANBUL;(216) 3941713;;;İMİB - İstanbul Maden İhracatçıları Birliği
İLKADIM ALÜMİNYUM DOĞRAMA VE CEPHE SİSTEMLERİ SANAYİ TİCARET LİMİTED ŞİRKETİ;SOĞANLI MAH.ALPER SK. NO:42.C BAHÇELİEVLER İSTANBUL;(212) 4853939;;;İMİB - İstanbul Maden İhracatçıları Birliği
İLKER NAVDAR;SEYİDNİZAM MAH. DEMİRCİLER SİTESİ 3.YOL NO:8 ZEYTİNBURNU İSTANBUL;(212) 6359963;www.navdarmetal.com;navdarmetal.com;İMİB - İstanbul Maden İhracatçıları Birliği
İLKTAŞ MADENCİLİK ENERJİ JEOTERMAL TARIM SAĞLIK TURİZM İNŞAAT A.Ş.;FİRİZTEPE MEVKİİ SARIHIDIR KÖYÜ MERKEZ NEVŞEHİR;(312) 2130282;;;İMİB - İstanbul Maden İhracatçıları Birliği
İLMER YAPI MADENCİLİK SANAYİ TİCARET LİMİTED ŞİRKETİ;İSTİKLAL MAH.CEMAL ÜNLÜ SARAÇ CAD DUMANSIZ SANAYİ BÖLGESİ NO25-25/A SÜLEYMANPAŞA TEKİRDAĞ;(282) 0000000;;;İMİB - İstanbul Maden İhracatçıları Birliği
İLPEN KALEMCİLİK PLASTİK SANAYİ VE TİCARET LİMİTED ŞİRKETİ;YAVASCA SAHIN S. KRISTAL HAN3/206 İSTANBUL;02125280294;www.ilpen.com.tr;ilpen.com.tr;İMİB - İstanbul Maden İhracatçıları Birliği
İLTAŞ İNŞAAT GIDA MADENCİLİK TEKSTİL ELEKTRİK SAĞLIK İTHALAT İHRACAT SANAYİ VE TİCARET A.Ş.;BİRLİK MAH.415.CAD. 416 SOK. NO:13 GAZİOSMANPAŞA(GOP) ÇANKAYA ANKARA;(312) 4950606;www.iltasmarble.com.tr;iltasmarble.com.tr;İMİB - İstanbul Maden İhracatçıları Birliği
İLTAŞ MADENCİLİK SANAYİ VE TİCARET ANONİM ŞİRKETİ;BİRLİK MH. 415 CD. 406 SK. G.O.P ÇANKAYA ANKARA;;;;İMİB - İstanbul Maden İhracatçıları Birliği
İLTEK ENDÜSTRİYEL SİSTEMLER TİCARET LİMİTED ŞİRKETİ;YAKUPLU MAH. 67. SOK. KONUT NO: 4 İÇ KAPI NO: 13 34520 BEYLİKDÜZÜ İSTANBUL;(212) 4383744;;;İMİB - İstanbul Maden İhracatçıları Birliği
İLTEKNO İLERI TEKNOLOJİ MUHENDİSLİK VE TİCARET ANONİM ŞİRKETİ;KORE ŞEHİTLERİ CADDESİ NO:53 ZİNCİRLİKUYU ŞİŞLİ ŞİŞLİ İSTANBUL;02122967740;www.iltekno.com;iltekno.com;İMİB - İstanbul Maden İhracatçıları Birliği
İLYAS TEMEL;FERHATPAŞA MAH. MAREŞAL FEVZİ ÇAKMAK CAD.NO:113/2 ATAŞEHİR İSTANBUL;(216) 0000000;;;İMİB - İstanbul Maden İhracatçıları Birliği
İMKA İNŞ.VE DIŞ TİC.SAN.LTD. ŞTİ.;F. KERİM GÖKAY CAD. YAMAÇ APT. NO.154/33GÖZTEPE GÖZTEPE KADIKÖY İSTANBUL;02163846951;;;İMİB - İstanbul Maden İhracatçıları Birliği
İMPEKS GRUP İNŞAAT İTHALAT İHRACAT SANAYİ TİCARET LİMİTED ŞİRKETİ;CEVİZLİ MH ZUHAL CD RİTİM İSTANBUL B BLOK NO:44/44 MALTEPE İSTANBUL;(216) 3925458;www.impeks-grup.com;impeks-grup.com;İMİB - İstanbul Maden İhracatçıları Birliği
İMRAN MERCAN;YEŞİLCE MAH.YUNUS EMRE CAD.FİZAN N:44.LEVENT ŞİŞLİ İSTANBUL;(212) 2824692;www.mercanpad.com;mercanpad.com;İMİB - İstanbul Maden İhracatçıları Birliği
İNANÇ YAPIŞKANLI BANTLAR AMBALAJ İMALAT SANAYİ VE TİCRET ANONİM ŞİRKETİ;BEYLİKDÜZÜ OSB MAH. 8 CAD. 30/1 BEYLİKDÜZÜ İSTANBUL;(212) 8790978;www.inancbant.com;inancbant.com;İMİB - İstanbul Maden İhracatçıları Birliği
İNANNA İNTERNATİONAL İNŞAAT GIDA TEKS. LTD.ŞTİ;19 MAYIS MH. HALASKARGAZİ CD. NO:202 İÇ KAPI NO:5 ŞİŞLİ İSTANBUL;(212) 0000000;;;İMİB - İstanbul Maden İhracatçıları Birliği
İNCETAŞ MADENCİLİK SAN. DIŞ TİC. LTD. ŞTİ.;DİKİLİTAŞ MAH. AYAZMADERESİ CAD. NO.38/A BEŞİKTAŞ BEŞİKTAŞ İSTANBUL;(212) 2662606;;;İMİB - İstanbul Maden İhracatçıları Birliği
İNCETEN TEKNİK MAKİNA İNŞAAT MALZEMELERİ VE TAAHHÜT İŞLERİ TİC. VE SAN. LTD. ŞTİ.;ATALAR MH.ÜSKÜDAR CAD. NO:121/1 KARTAL İSTANBUL;(216) 4886662;;;İMİB - İstanbul Maden İhracatçıları Birliği
İNCİTY YAPI ANONİM ŞİRKETİ;CUMHURİYET MAH. TURGUT ÖZAL BUL. NO: 72 NO: 40 SİLİVRİ İSTANBUL;(212) 6772630;;;İMİB - İstanbul Maden İhracatçıları Birliği
İNDEKS SERAMİK SANAYİ VE TİCARET LİMİTED ŞİRKETİ;FİRÜZKÖY MAH. FİRÜZKÖY BULVARI BLV. 116 A AVCILAR İSTANBUL;(212) 4280015;www.indexbm.com;indexbm.com;İMİB - İstanbul Maden İhracatçıları Birliği
İNDUSTRIE BITOSSI MİNERAL SANAYİ A.Ş;BARIŞ MAHALLESİ 1801/2 SOKAK NO:15 GEBZE KOCAELİ;(262) 6461492;www.colorobbia.com.tr;colorobbia.com.tr;İMİB - İstanbul Maden İhracatçıları Birliği
İNDÜKSAN MAKİNE SAN. VE TİC. LTD. ŞTİ.;DES SANAYİ SİT. A-4 BLOK NO.42 102.SÖĞÜT SOK.NO:14 KAT:2 ESENŞEHİR ÜMRANİYE İSTANBUL;(216) 5278354;www.induksan.com;induksan.com;İMİB - İstanbul Maden İhracatçıları Birliği
İNOKSAN MUTFAK SANAYİ VE TİCARET A.Ş.;IŞINTEPE OSB MH. EFLATUN CD. NO:5 NİLÜFER BURSA;(224) 2436123;www.inoksan.com.tr;inoksan.com.tr;İMİB - İstanbul Maden İhracatçıları Birliği
İNOKSAN SATIŞ PAZARLAMA SANAYİ VE TİCARET A.Ş.;YENİ YALOVA YOLU 6.KM NO:415 / D OSMANGAZİ BURSA;(224) 2947474;www.inoksan.com;inoksan.com;İMİB - İstanbul Maden İhracatçıları Birliği
İNOTEK METAL SANAYİ VE TİCARET LİMİTED ŞİRKETİ;FULYA MAH. BÜYÜKDERE CD. QUASAR NO:76/226 ŞİŞLİ İSTANBUL;(212) 7414243;;;İMİB - İstanbul Maden İhracatçıları Birliği
İNSİA YAPI LİMİTED ŞİRKETİ;MAHMUTBEY MAH. TAŞOCAĞI YOLU CAD. NO:33/1 B BLOK NO:99 BAĞCILAR İSTANBUL;(212) 8924892;http://www.insia.com.tr;insia.com.tr;İMİB - İstanbul Maden İhracatçıları Birliği
İNTAYA İNTES İNŞAAT TAAHHÜT YATIRIM TİCARET ANONİM ŞİRKETİ;İZEETPAŞA MAH. YENİYOL CAD. NO:3 İÇKAPI:172 ŞİŞLİ İSTANBUL;(212) 2172941;www.intayaintes.com.tr;intayaintes.com.tr;İMİB - İstanbul Maden İhracatçıları Birliği
İNTELİ STONE MADENCİLİK DIŞ TİCARET LTD.ŞTİ;KAVACIK MAH. PERÇEMLİ KIZ SOK. NO:4 BEYKOZ İSTANBUL;(216) 8860204;;;İMİB - İstanbul Maden İhracatçıları Birliği
İNTER MEDİCAL GLASS SAĞLIK HİZM. İÇ VE DIŞ TİC. LTD. ŞTİ.;ATAKENT MAH. 1. ETAP KUTLUTAŞ A-6 BLOK K:10 D:43 HALKALI KÜÇÜKÇEKMECE İSTANBUL;(212) 4954041;www.intermedicalglass.com;intermedicalglass.com;İMİB - İstanbul Maden İhracatçıları Birliği
İNTERCAB KABLO SANAYİ VE DIŞ TİCARET LİMİTED ŞİRKETİ;SİNANOBA MAHALLESİ İBRAHİMZADE CADDESİ NO:44/11 BÜYÜKÇEKMECE İSTANBUL;;;;İMİB - İstanbul Maden İhracatçıları Birliği
İNTERFAB ENDÜSTRİYEL KİMYA SANAYİ TİCARET LİMİTED ŞİRKETİ;HATİP MAHALLESİ GÜNDÜZ SEFASI SOKAK NO : 10 E 13 ÇORLU TEKİRDAĞ;(850) 8851227;http://www.interfabkimya.com;interfabkimya.com;İMİB - İstanbul Maden İhracatçıları Birliği
İNTERLAB LABORATUVAR ÜRÜNLERİ SAN. VE TİC. A.Ş.;ÖMERLİ MAH HADIMKÖY İSTANBUL CAD.NO:189/1 HADIMKÖY(BOYALIK) ARNAVUTKÖY İSTANBUL;(212) 9080660;;;İMİB - İstanbul Maden İhracatçıları Birliği
İNTERNİ DIŞ TİC.LTD.ŞTİ.;DİKİLİTAŞ MAH. AYAZMA DERE CAD.MEDYA PLAZA K:7 BEŞİKTAŞ İSTANBUL;(212) 2414030;www.interni.com.tr;interni.com.tr;İMİB - İstanbul Maden İhracatçıları Birliği
İNTERVO DIŞ TİCARET VE MÜMESSİLLİK LİMİTED ŞİRKETİ;NİSPETİYE CAD. AKMERKEZ B3BLOK KAT.1 ETİLER BEŞİKTAŞ İSTANBUL;(212) 2821900;www.intervoltd.com;intervoltd.com;İMİB - İstanbul Maden İhracatçıları Birliği
İNTROGEN KİMYA VE BİYOLOJİ ÜRÜNLERİ SAN. VE TİC. LTD. ŞTİ.;YAKUPLU MAH. 228.SOK. NO:14ATA İŞ MERKZ. K:3 YAKUPLU BEYLİKDÜZÜ İSTANBUL;(212) 8751112;www.introgen.com.tr;introgen.com.tr;İMİB - İstanbul Maden İhracatçıları Birliği
İNTROLİUM ENERJİ VE PETROL ANONİM ŞİRKETİ;AYAZAĞA MAH. AZERBAYAN CAD. 1B BLOK NO:3B/59 SARIYER İSTANBUL;(212) 8031225;;;İMİB - İstanbul Maden İhracatçıları Birliği
İNVEST MÜHENDİSLİK VE OTOMASYON TİCARET LİMİTED ŞİRKETİ;İÇERENKÖY MAH YALVAÇ SK N:11/2 ATAŞEHİR İSTANBUL;;;;İMİB - İstanbul Maden İhracatçıları Birliği
İNWİRE METALÜRJİ SANAYİ VE TİCARET LİMİTED ŞİRKETİ;YAYLACIK MH. METİN SK. NO: 3 BAŞİSKELE KOCAELİ;(262) 4143112;;;İMİB - İstanbul Maden İhracatçıları Birliği
İPEG GRUP MADENCİLİK İNŞAAT OTOMOTİV TEKNOLOJİ SANAYİ VE TİCARET LİMİTED ŞİRKETİ;ÖMERKAHYAKÖYÜ OSB KÜME EVLERİ NO:15 İÇ KAPI NO:1 KAMAN KIRŞEHİR;(386) 0000000;;;İMİB - İstanbul Maden İhracatçıları Birliği
İPEKSAN DIŞ TİCARET LTD. ŞTİ.;KALEICI M.SARAY VIZE YOLU NO.61GOKCE ALI TREN IST.YANI ÇATALCA İSTANBUL;02127895643;www.silkcoat.com;silkcoat.com;İMİB - İstanbul Maden İhracatçıları Birliği
İREM TIBBİ ÜRÜNLER SANAYİ VE TİCARET LTD. ŞTİ.;ORHANGAZİ MAHALLESİ 1673 SOKAK NO 20 ESENYURT İSTANBUL;(212) 1320375;;;İMİB - İstanbul Maden İhracatçıları Birliği
İREM ÜÇKARDEŞ;CADDEBOSTAN MAH.SARIGÜL SK.NO:5 İÇ KAPI NO:8 KADIKÖY İSTANBUL;(216) 0000000;;;İMİB - İstanbul Maden İhracatçıları Birliği
İRİS İNŞAAT TURİZM SAN. VE TİC. A.Ş.;KERESTECİLER SAN. SİT. 19. SOK. NO:22/24 İKİTELLİ BAŞAKŞEHİR İSTANBUL;(212) 6704930;www.irisinsaat.com.tr;irisinsaat.com.tr;İMİB - İstanbul Maden İhracatçıları Birliği
İSLAMOĞLU ÇEVRE DANIŞMANLIK GERİ DÖN.MAK.TEKS.NAK.TUR.İNŞ.GID.SAN. VE TİC.LTD.ŞTİ.;GEÇİT MH.2. GÜNDOĞDU SK.NO:120 OSMANGAZİ BURSA;(224) 2437500;www.islamoglucevredanismanlik.com.tr;islamoglucevredanismanlik.com.tr;İMİB - İstanbul Maden İhracatçıları Birliği
İSMAİL ÇATALKAYA;İSTOÇ MAHMUTBEY MAH.20.YOL SOK. NO:51 İÇ KAPI NO :1 BAĞCILAR İSTANBUL;(212) 6596444;catalkayatic.com;catalkayatic.com;İMİB - İstanbul Maden İhracatçıları Birliği
İSMAİL NACIR;OSMANGAZİ MAH. OSMANGAZİ CAD. SERDAR İŞ MERKEZİ NO:161/29 SANCAKTEPE İSTANBUL;;;;İMİB - İstanbul Maden İhracatçıları Birliği
İSMAİL TURNA;ÜÇLER MAH. DEĞİRMEN SK. NO:3 A MERKEZ AMASYA;;;;İMİB - İstanbul Maden İhracatçıları Birliği
İSMET AKSOY;ŞİRİNEVLER MAH. YÜCE SK. NO:5/8 BAHÇELİEVLER İSTANBUL;;;;İMİB - İstanbul Maden İhracatçıları Birliği
İSOREF METALURJİ MALZEM. MAK. VE GERİ DÖN. SAN. VE TİC. A.Ş.;HACI HALİL MAH.1219 SOK.N:1 D:14 GEBZE KOCAELİ;(262) 6434526;www.isoref.com;isoref.com;İMİB - İstanbul Maden İhracatçıları Birliği
İSRA METAL DÖKÜM SAN. VE DIŞ TİC. LTD. ŞTİ.;ORG.SAN. BÖLGESİ İŞDÖK SAN.SİT. 1. BLOK NO:20İKİTELLİ KÜÇÜKÇEKMECE İSTANBUL;(212) 4859015;;;İMİB - İstanbul Maden İhracatçıları Birliği
İSSE LAZER TEKNOLOJİLERİ ANONİM ŞİRKETİ;İ.O.S.B ESKOOP SAN. SİT. C3 BLOK NO.88-104 BAŞAKŞEHİR İSTANBUL;(212) 6711564;www.lasersos.com.tr;lasersos.com.tr;İMİB - İstanbul Maden İhracatçıları Birliği
İSTANBUL DOĞA İTHALAT VE İHRACAT LİMİTED ŞİRKETİ;FATİH SULTAN MEHMET MAH. OLTA SOKAK NO:8/2 SARIYER İSTANBUL;;;;İMİB - İstanbul Maden İhracatçıları Birliği
İSTANBUL ELEGANCE DIŞ TİC.LTD.ŞTİ.;BALABANAĞA MAH.FETHİ BEY CAD.LALELİ GALERIA İŞ MER. NO:20/316 FATİH İSTANBUL;;;;İMİB - İstanbul Maden İhracatçıları Birliği
İSTANBUL FIRIN VE SİMİTMATİK MAKİNALARI SAN. VE TİC. LTD. ŞTİ;DENİZKÖŞKLER MAH. MMUHTAR KAZIM AKGÜL CAD. NO:32/A1 DENİZKÖŞKLER 34310 AVCILAR, İSTANBUL, TÜRKİYE AVCILAR İSTANBUL;(212) 4200903;;;İMİB - İstanbul Maden İhracatçıları Birliği
İSTANBUL PERGOLA TENTE SİSTEMLERİ İNŞAAT OTO SANAYİ VE DIŞ TİCARET LİMİTED ŞİRKETİ;ATALAR MH. ÇANAKKALE CD. NO:49/1 KARTAL İSTANBUL;(216) 3891010;www.istanbulbalkon.com;istanbulbalkon.com;İMİB - İstanbul Maden İhracatçıları Birliği
İSTANBUL SHİP SUPPLY TEDARİK HİZMETLERİ SANAYİ TİCARET LİMİTED ŞİRKETİ;YUKARI DUDULLU MAH.BAYRAK CAD.NO:32/72 YUKARIDUDULLU ÜMRANİYE İSTANBUL;(216) 5570910;;;İMİB - İstanbul Maden İhracatçıları Birliği
İSTANBUL ŞEHİR MEDİKAL DEPOSU VE İMALAT DIŞ TİC. LTD ŞTİ;KAYABAŞI MAH. ULUBATLI HASAN CAD. GİRİŞ KAYAŞEHİR C10 BLOK NO:2L/2 BAŞAKŞEHİR/İSTANBUL BAŞAKŞEHİR İSTANBUL;(212) 6541617;;;İMİB - İstanbul Maden İhracatçıları Birliği
İSTANBUL YAPI VE İNŞ. MLZ. PAZ. SAN. TİC. A.Ş.;OSMANİYE MH ÇIRPICI KOŞU YOLU SK NO:3/1 BAKIRKÖY İSTANBUL;(212) 4662800;www.istanbulyapi.com.tr;istanbulyapi.com.tr;İMİB - İstanbul Maden İhracatçıları Birliği
İSTWELD HIRDAVAT TİCARET LİMİTED ŞİRKETİ;İKİTELLİ OSB MH DEMİRCİLER SAN SİT B8 BLOK NO:187A BAŞAKŞEHİR İSTANBUL;;www.isweld.com;isweld.com;İMİB - İstanbul Maden İhracatçıları Birliği
İŞ GLOBAL TEKNİK İNŞAAT ANONİM ŞİRKETİ;RÜZGARLIBAHÇE MH CUMHURİYET CD NO:2 İŞ PLAZA BEYKOZ İSTANBUL;(216) 4252530;www.isholding.com;isholding.com;İMİB - İstanbul Maden İhracatçıları Birliği
İTALGOLD KUYUMCULUK SANAYİ VE TİCARET LİMİTED ŞİRKETİ;MİMAR KEMALETTİN MAH. MESİHPAŞA CAD. NO:72/ELALELİ EMİNÖNÜ/CAĞALOĞLU FATİH İSTANBUL;;www.italgold.com.tr;italgold.com.tr;İMİB - İstanbul Maden İhracatçıları Birliği
İV YAPI İNŞAAT SANAYİ VE TİCARET LTD ŞTİ;ÇİFTE HAVUZLAR MAH. ESKİ LONDRA ASFALTI CADNO:155-1/Z0 ESENLER/İSTANBUL ESENLER İSTANBUL;(212) 5072871;;;İMİB - İstanbul Maden İhracatçıları Birliği
İZ GİRİŞİM VE TEKNOLOJİ YATIRIMLARI ANONİM ŞİRKETİ;YENİKÖY MAH. SARI ASMA SOK. NO :5 SARIYER İSTANBUL;(212) 6745059;;;İMİB - İstanbul Maden İhracatçıları Birliği
İZMAK TURİZM SOĞUTMA VE END. MUTFAK SAN.TİC.LTD.ŞTİ.;FATIH MAH. 140 SOK. NO.7 GAZİEMİR İZMİR;02322815125;www.izmak.com.tr;izmak.com.tr;İMİB - İstanbul Maden İhracatçıları Birliği
İZOMAS KOREZYON KONTROL MÜHENDİSLİK SANAYİ VE TİCARET ANONİM ŞİRKETİ;CUMHURIYET MAH.FATIH CAD.NO:4 KARTAL İSTANBUL;02164514848;www.izomas.com.tr;izomas.com.tr;İMİB - İstanbul Maden İhracatçıları Birliği
JANA MARBELE MERMERCİLİK VE İHRACAT SANAYİ TİCARET LİMİTED ŞİRKET;ŞİRİNEVLER MAH.SEMBOL SK.MANOLYA NO 10/13 BAHÇELİEVLER İSTANBUL;;;;İMİB - İstanbul Maden İhracatçıları Birliği
JASMİN YAPI TAAHHÜT TİCARET VE DANIŞMANLIK ANONİM ŞİRKETİ;MERDİVENKÖY MAH. BORA SK. NIDAKULE GÖZTEPE NO:1 -3 DAİRE:22 KADIKÖY İSTANBUL;(216) 1111111;;;İMİB - İstanbul Maden İhracatçıları Birliği
JEOMER MADENCİLİK SANAYİ TİCARET LİMİTED ŞİRKETİ;RAMAZANOĞLU MAH. HİCRET SK. DAİRE:1 KAT:1 PENDİK / İSTANBUL PENDİK İSTANBUL;(216) 0000000;;;İMİB - İstanbul Maden İhracatçıları Birliği
JEOPARK JEOLOJİ MADENCİLİK MÜHENDİSLİK BİLGİSAYAR TURİZM DANIŞMANLIK SAN. VE TİC. LTD. ŞTİ.;ERENLER KOÇU KÖYÜ JEOPARK MERMER OCAĞI ORHANELİ BURSA;;www.jeoparkmermer.com;jeoparkmermer.com;İMİB - İstanbul Maden İhracatçıları Birliği
JERUSALEM İNTERNATİONAL MERMERCİLİK İNŞ.TUR. GIDA SAN.VE DIŞ TİC.LTD.ŞTİ.;MEŞRUTİYET MAH. EBEKIZI SOK.SOSKO İŞ MERKEZİA BLOK NO:16 D:33 MEŞRUTİYET ŞİŞLİ İSTANBUL;(212) 5323239;;;İMİB - İstanbul Maden İhracatçıları Birliği
JİBAL MERMER İNŞAAT TELEKOM LIMITED ŞİRKETİ;SİNANBEY MAH. KIZ MEKTEP SK. NO: 16 İNEGÖL/ BURSA İNEGÖL BURSA;(224) 0000000;;;İMİB - İstanbul Maden İhracatçıları Birliği
JİNANTUR MADENCİLİK İNŞ.TAAH.HAYVANCILIK TARIM GIDA TEKSTİL DANIŞMANLIK SAN. VE TİC. LİMİTED ŞİRKETİ;MUSTAFA KEMAL MH. 697 SK. NO: 2/39 DASİF KONSEPT C-BLOK BUCA İZMİR;;;;İMİB - İstanbul Maden İhracatçıları Birliği
JİVA KİMYA DIŞ TİCARET LİMİTED ŞİRKETİ;KÜÇÜKBAKKALKÖY MAH.DUDULLU CAD NO 23-25 R2 BLOK K 1/13 ATAŞEHİR İSTANBUL PK:34750 ATAŞEHİR İSTANBUL;(216) 5042018;;;İMİB - İstanbul Maden İhracatçıları Birliği
JOLLYMARMİ MERMERCİLİK İHRACAT VE İTHALAT LİMİTED ŞİRKETİ;KAYABAŞI MAH.AKZAMBAK SOK.B3 BLOK NO:1G BAŞAKŞEHİR BAŞAKŞEHİR İSTANBUL;(212) 0000000;;;İMİB - İstanbul Maden İhracatçıları Birliği
JOTUN BOYA SANAYİ VE TİCARET A.Ş.;BALABANDERE CAD. HILPARK SUITES SİTESİNO:10 İSTİNYE SARIYER İSTANBUL;(212) 2797878;www.jotun.com.tr;jotun.com.tr;İMİB - İstanbul Maden İhracatçıları Birliği
JUMBO EV GEREÇLERİ SAN. VE TİC. A.Ş.;NAMIK KEMAL CAD. ADİLE NAŞİT BULV.NO.40 BEYLİKDÜZÜ İSTANBUL;(212) 4120850;www.jumbo.com.tr;jumbo.com.tr;İMİB - İstanbul Maden İhracatçıları Birliği
JUNO YAPI LTD. ŞTİ.;MEHMET AKİF ERSOY MAH. AZİZE SOK. NO:6/1 ARNAVUTKÖY İSTANBUL;(212) 4860666;;;İMİB - İstanbul Maden İhracatçıları Birliği
K EXPRESS KARGO VE TAŞIMACILIK TİCARET LTD. ŞTİ.;ORUÇREIS MAH. TEKSTILKENT CAD. TEKSTILKENT A23 BLOK NO: 10 B Z01 SABİT TELEFON NUMARALARI ESENLER İSTANBUL;(212) 0000000;;;İMİB - İstanbul Maden İhracatçıları Birliği
KA KENT ATÖLYESİ MİMARLIK GAYRİMENKUL OTOMOTİV GIDA TURİZM LİMİTED ŞİRKETİ;İSTİKLAL MAHALLESİ REŞİTPAŞA CADDESİ NO:106/C ÜMRANİYE İSTANBUL;;;;İMİB - İstanbul Maden İhracatçıları Birliği
KAAN ENDÜSTRİ MÜHENDİSLİK SANAYİ VE TİCARET LTD. ŞTİ.;ÖMERLİ MAH. TUNA BOYU SOKAK 1 H 1 ARNAVUTKÖY İSTANBUL;(212) 2830396;;;İMİB - İstanbul Maden İhracatçıları Birliği
KAAN MARBLE METAL İNŞAAT TİCARET LİMİTED ŞİRKETİ;YENİ MAH. HUDUT CAD. NO:35 PENDİK İSTANBUL;(216) 6535301;;;İMİB - İstanbul Maden İhracatçıları Birliği
KABELOGLU MERMERCİLİK INS.TARIM SAN.VE TIC.LTD.STI.;BOZUYUK YOLU 1.KM. SÖĞÜT BİLECİK;(228) 3614585;www.kabeloglu.com;kabeloglu.com;İMİB - İstanbul Maden İhracatçıları Birliği
KABLOMAR KABLO VE HAMMADDELERİ SAN. VE TİC. LTD. ŞTİ.;BAKIRLI MAH. KERİME SOK. NO.26 KARTEPE KOCAELİ;(262) 3736465;;;İMİB - İstanbul Maden İhracatçıları Birliği
KADEX DIŞ TİCARET LİMİTED ŞİRKETİ;FEVZİ ÇAKMAK MAH.2098 SK. NO:11 İÇ KAPI NO: 3 ESENLER İSTANBUL;(212) 0000000;;;İMİB - İstanbul Maden İhracatçıları Birliği
KADIOGLU İNŞ.PLS.DOĞ.CAM GIDA SAN.VE TİC.LTD.ŞTİ.;DEMİRKAPI MAH. 1734 SK. NO:3 BAĞCILAR-İSTANBUL BAĞCILAR İSTANBUL;;;;İMİB - İstanbul Maden İhracatçıları Birliği
KADIOĞLU MADENCİLİK SANAYİ VE TİCARET ANONİM ŞİRKETİ;YENİ SAN.BÖLG.KURTULUŞ MAH.NO:2 MERKEZ KARABÜK;(370) 4241050;;;İMİB - İstanbul Maden İhracatçıları Birliği
KAFKASCHEM KAFKAS KİMYA SANAYİ VE TİCARET LİMİTED ŞİRKETİ;VELİMEŞE OSB MAH. 223 SK. NO: 9 /1 İÇ KAPI NO: Z11 ERGENE TEKİRDAĞ;(282) 0000000;;;İMİB - İstanbul Maden İhracatçıları Birliği
KAHE CAM AKSESUARLARI HIRDAVAT SAN. VE TİCARET LTD.ŞTİ.;HÜRRİYET MH.CEMİLBENGÜ CD.N.48A/1 KAĞITHANE İSTANBUL;(212) 5111881;ww.kahe.com.tr;ww.kahe.com.tr;İMİB - İstanbul Maden İhracatçıları Birliği
KAHYAOĞLU MERMER SANAYİ TİCARET LİMİTED ŞİRKETİ;ÇEÇEN SOK. NO:25A DAİRE:150 ACIBADEM 34660 ÜSKÜDAR İSTANBUL;(216) 0000000;www.marbleus.com;marbleus.com;İMİB - İstanbul Maden İhracatçıları Birliği
KAİSER TEKSTİL VE KİMYEVİ ÜRÜN. PAZ. TİC. AŞ;KOSUYOLU MAH. CENAP ŞAHABETTİN SK. NO:44-46 KADIKÖY İSTANBUL;(216) 4280831;www.kaisertekstil.com;kaisertekstil.com;İMİB - İstanbul Maden İhracatçıları Birliği
KALANDOR GAYRİMENKUL İNŞAAT İÇ VE DIŞ TİCARET LİMİTED ŞİRKETİ;İSKENDERPAŞA MAH. AHMEDİYE CAD. SAYDAM APT. NO:20/3 FATİH/İSTANBUL FATİH İSTANBUL;(216) 4653940;;;İMİB - İstanbul Maden İhracatçıları Birliği
KALE CARE CHEMICALS KİMYEVİ MADDELER A.Ş.;ESENTEPE MAH.MİLANGAZ CAD.VİZYON BULVARNO: 77/A KARTAL İSTANBUL;(216) 4580707;;;İMİB - İstanbul Maden İhracatçıları Birliği
KALE PERLİT PONZA TAŞI VERMİKÜLİT İNŞAAT GIDA SAN. VE DIŞ TİC. LTD. ŞTİ.;OSMANGAZİ MAH. GAZİ CAD. N:11/6 ESENYURT İSTANBUL;(212) 6890038;;;İMİB - İstanbul Maden İhracatçıları Birliği
KALEFRIT SILIKAT SIR VE BOYA SAN.TIC.A.S.;FATIH MAH. DEMIRCI SOK. NO.1 ÇAN ÇANAKKALE;(286) 4165124;;;İMİB - İstanbul Maden İhracatçıları Birliği
KALELİ CAPİTAL GAYRİMENKUL VE İNŞAAT DIŞ TİCARET LİMİTED ŞİRKETİ;ATAKÖY 7-8-9-10. KISIM MAH. ÇOBANÇEŞME E-5 YAN YOLCAD. A NO:22/1/30 BAKIRKÖY İSTANBUL;(212) 0000000;;;İMİB - İstanbul Maden İhracatçıları Birliği
KALEM DIŞ TİCARET MADENCİLİK İNŞAAT TURİZM GIDA İTHALAT İHRACAT SANAYİ VE TİCARET LTD.ŞTİ.;BARBAROS HAYRETTİN PAŞA MAH. 2274 SOK. NO.7/B-102 ESENYURT İSTANBUL;(212) 8062044;;;İMİB - İstanbul Maden İhracatçıları Birliği
KALEM KİMYA VE BOYA SANAYİ VE TİCARET LTD.ŞTİ.;ARMAĞANEVLER MAH. SIRT SOK. NO:198 B ÜMRANİYE İSTANBUL;(216) 7666910;www.kalemboya.com;kalemboya.com;İMİB - İstanbul Maden İhracatçıları Birliği
KALEPLUS DEKORATİF DUVAR PANELLERİ İTHALAT İHRACAT SANAYİ VE TİCARET LİMİTED ŞİRKETİ;SEYİTNİZAM MAH. DEMİRCİLER SİT. 10.CAD. NO:50 ZEYTİNBURNU İSTANBUL;(212) 0000000;;;İMİB - İstanbul Maden İhracatçıları Birliği
KAL-MET KALİTE METAL DÖK.MAK.MALZ.VE DAN.TİC.LTD.ŞTİ;1.O.S.B DÖKÜMCÜLER SİT.196.SOK(ESKİ 13.SOK.)NO:156 SİNCAN ANKARA;(312) 2670547;www.kalmet.net;kalmet.net;İMİB - İstanbul Maden İhracatçıları Birliği
KALORİ KÖMÜR PETROL MADEN VE DIŞ TİC. SAN. LTD. ŞTİ.;ÇAYIROVA MAH. YAVUZ SULTAN SELİM CAD. NO:99/A ÇAYIROVA KOCAELİ;(262) 7438315;www.kalori.com.tr;kalori.com.tr;İMİB - İstanbul Maden İhracatçıları Birliği
KALYON İNŞAAT SANAYİ VE TİCARET ANONİM ŞİRKETİ;FEVZI CAKMAK BULV.NO.69 ŞAHİNBEY GAZİANTEP;03423212199;;;İMİB - İstanbul Maden İhracatçıları Birliği
KAMAR GLOBAL PLASTİK A.Ş;SARAY MAH. FATİH SULTAN MEHMET BLV. NO:303/D KAHRAMANKAZAN ANKARA;(312) 8154455;www.vindex.com.tr;vindex.com.tr;İMİB - İstanbul Maden İhracatçıları Birliği
KAMELYA DIŞ TİCARET LİMİTED ŞİRKETİ;ESENTEPE MAH. KESKİN KALEM SK. ARYA PLAZANO : 17/2 ŞİŞLİ İSTANBUL;(212) 4154626;;;İMİB - İstanbul Maden İhracatçıları Birliği
KAMER KARO MERMER SANAYİ VE TİCARET ANONİM ŞİRKETİ;O.S.B. 7. CAD. N:13 ODUNPAZARI ESKİŞEHİR;(222) 2360733;;;İMİB - İstanbul Maden İhracatçıları Birliği
KAMER MERMER ANONİM ŞİRKETİ;ORGANİZE SAN BÖL. 10.CAD. N:36 KOZYATAĞI KADIKÖY İSTANBUL;(352) 3220262;www.kamermarble.com;kamermarble.com;İMİB - İstanbul Maden İhracatçıları Birliği
KAMİL TÜRK HIRDAVAT NALB.İNŞ.MLZ.PAZ.NAK.SAN.VE TİC.LTD.ŞTİ.;FEVZİ ÖAKMAK MAH BUSAN SAN KOSGEB CAD 10643 SOKNO 19-21 KARATAY KONYA;(332) 3450101;;;İMİB - İstanbul Maden İhracatçıları Birliği
KAMMER MADEN ENERJİ TİCARET VE SANAYİ LİMİTED ŞİRKETİ;GÜLTEPE MH.53-11 TOPTANCILAR SOK.NO:170 MERKEZ SİVAS;(346) 2261620;www.kammer.com.tr;kammer.com.tr;İMİB - İstanbul Maden İhracatçıları Birliği
KANON YAPI OTOMASYON İNSAAT ELEKTRONİK TEKSTİL AMBALAJ MALZEMELERİ SANAYİ VE TİCARET LTD. ŞTİ.;VEYSEL KARANİ MAHALLESİ ESKİ GEMLİK YOLU CD.NO:280/A OSMANGAZİ BURSA;0(224) 2161133;www.kanonkapi.com;kanonkapi.com;İMİB - İstanbul Maden İhracatçıları Birliği
KANZ DIŞ TİCARET LİMİTED ŞİRKETİ;MİMAR KEMALETTİN MAH. KALAYCI-İÇ KAPI NO:108ŞEVKİ SK. İSTANBUL ÇARŞISI SHOPING CENTER- NO: 14 FATİH İSTANBUL;;;;İMİB - İstanbul Maden İhracatçıları Birliği
KAOLİN ENDÜSTRİYEL MİNERALLER SANAYİ VE TİCARET A.Ş.;YENİŞEHİR MAH.TURGUT ÖZAL BULVARI DARENDE İŞ MERKEZİ K:5 D:17 ATAŞEHİR İSTANBUL;(216) 4552312;www.kaolin.com.tr;kaolin.com.tr;İMİB - İstanbul Maden İhracatçıları Birliği
KAPLAN DOĞAL TAŞ MERMER MADENCİLİK SANAYİ VE DIŞ TİCARET LİMİTED ŞİRKETİ;MANSUROĞLU MAH.1593/1 SOK.NO:2 K:2 D:17LİDER CENTRİO A BLOK AVCILAR AVCILAR İSTANBUL;(232) 2900575;www.kaplantiles.com;kaplantiles.com;İMİB - İstanbul Maden İhracatçıları Birliği
KAPLANWIRE TEL VE ÇELİK ÜRÜNLERİ SANAYİ TİCARET ANONİM ŞİRKETİ;HUZUREVLERİ MAH 77132SOK HÜSEYİN ERİP AKAY APT.B BLOK NO:5/2 ÇUKUROVA ADANA;;www.kaplanwire.com.tr;kaplanwire.com.tr;İMİB - İstanbul Maden İhracatçıları Birliği
KAPP MUTFAK VE MADENİ EŞYA SAN. VE TİC. LTD. ŞTİ.;CUMHURIYET MAH.KUŞCU CAD.NO.11 TORBALI İZMİR;02328537474;;;İMİB - İstanbul Maden İhracatçıları Birliği
KAR ART MERMER ANONIM SIRKETI;RASIMPASA MAH. HALITAGA CAD. ÖZLEM IS HANI NO: 32 IÇ KAPI NO: 31 KADIKÖY İSTANBUL;(252) 4000045;;;İMİB - İstanbul Maden İhracatçıları Birliği
KARAASLAN HIRDAVAT İTHALAT İHRACAT SANAYİ VE TİCARET LİMİTED ŞİRKETİ;KARTEPE MAH. BÜYÜK SARDUNYA SOK. NO:7 BAYRAMPAŞA İSTANBUL;(212) 0000000;;;İMİB - İstanbul Maden İhracatçıları Birliği
KARABUDAK PAZARLAMA İTHALAT VE İHRACAT TİCARET LİMİTED ŞİRKETİ;İNÖNÜ MAH. GEBZE PLASTİKÇİLER O.S.B. MAH. 1. CAD. NO:6/1 GEBZE KOCAELİ;(262) 6465262;www.karabudakmakine.com;karabudakmakine.com;İMİB - İstanbul Maden İhracatçıları Birliği
KARACA ZÜCCACİYE TİCARET VE SANAYİ A.Ş.;YAKUPLU MERKEZ MAH.BEYSAN SAN.SİT.BİRLİK CAD.NO.24 YAKUPLU BEYLİKDÜZÜ İSTANBUL;(212) 4124400;www.krc.com.tr;krc.com.tr;İMİB - İstanbul Maden İhracatçıları Birliği
KARAHAN DANIŞMANLIK VE İNŞAAT LTD.ŞTİ.;AYDINTEPE MAH. DEMİRCİ DOK. NO:25/2 TUZLA - 34940TUZLA, 34940 TUZLA İSTANBUL;;;;İMİB - İstanbul Maden İhracatçıları Birliği
KARAKAŞ İNŞAAT TEKSTİL SAN. VE DIŞ TİC. A. Ş.;MERKEZ EFENDI MAH.TERCUMAN SITA1 BL.D.11 İSTANBUL;02126798454;;;İMİB - İstanbul Maden İhracatçıları Birliği
KARAKAYA BENTONIT SANAYI VE TICARET A.S.;KIZILIRMAK MAH.1450.SOK. NO:9/35ULUSOY PLAZA ÇANKAYA ANKARA;(312) 2871782;www.karakaya.com.tr;karakaya.com.tr;İMİB - İstanbul Maden İhracatçıları Birliği
KARALAR YALITIM İZOLASYON İNŞAAT TİC. VE SAN. LTD. ŞTİ.;ŞEKERPINAR MAH. SÜLEYMAN DEMİREL CAD. NO:4 ÇAYIROVA KOCAELİ;;www.karalaryalitim.com.tr;karalaryalitim.com.tr;İMİB - İstanbul Maden İhracatçıları Birliği
KARAMAN DOĞALTAŞ VE MERMER İNŞAAT NAKLİYE SANAYİ TİCARET LİMİTED ŞİRKETİ;MERMER OSB MAH 4A CAD. NO:10 İSCEHİSAR AFYON;(216) 3655088;;;İMİB - İstanbul Maden İhracatçıları Birliği
KARARA MERMER MADEN İNŞAAT ENERJİ TİCARET VE SANAYİ LİMİTED ŞİRKETİ;ESKİKALE MAH. 13-2 SK.E.TARIKAHYA İŞ MERKEZİ NO:10/206 MERKEZ SİVAS;;;;İMİB - İstanbul Maden İhracatçıları Birliği
KARASU MERMER SANAYİ TİCARET LİMİTED ŞİRKETİ;YEŞİLTEPE MAH.8048 SOK.NO:5 ERENLER SAKARYA;(264) 2767657;www.karasumermer.com.tr;karasumermer.com.tr;İMİB - İstanbul Maden İhracatçıları Birliği
KARASU METAL VE END.MALZ.SAN.LTD.STI.;KEMİKLİDERE MEVKİİ BAĞDAT CAD.MAZİ SOK. NO:10 GÜZELYALI PENDİK İSTANBUL;(216) 4942819;www.karasumetal.com.tr;karasumetal.com.tr;İMİB - İstanbul Maden İhracatçıları Birliği
KARATOPRAK ENDUSTRIYEL TEM.VE AMB.MALZ.SAN.VE TIC.LTD.STI.;ISTOÇ TOPTANCILAR CARŞ. 14. ADA ARNAVUTKÖY İSTANBUL;(212) 6595879;www.karatoprak.com.tr;karatoprak.com.tr;İMİB - İstanbul Maden İhracatçıları Birliği
KARAYAKA ALUMINYUM OTOMASYON INS.SAN.VE TIC.LTD.STI.;ISTIKLAL MAH.CARK SAN.TURKMENSOK NO.12 Merkez SAKARYA;02642731044;www.karayaka.com.tr;karayaka.com.tr;İMİB - İstanbul Maden İhracatçıları Birliği
KARAYEL MERMER SANAYİ VE TİCARET LİMİTED ŞİRKETİ;ABROZ MAH. BELDE ÜSTÜ OCAKLAR KÜME EVLER NO:3/14 MARMARA BALIKESİR;02624529194;;;İMİB - İstanbul Maden İhracatçıları Birliği
KARBOSAN ZIMPARA TAŞI SANAYİİ ANONİM ŞİRKETİ;SÖĞÜTLÜÇEŞME ÇEŞME MH HALKALI CD NO:253 KÜÇÜKÇEKMECE İSTANBUL;(212) 6989090;www.karbosan.com.tr;karbosan.com.tr;İMİB - İstanbul Maden İhracatçıları Birliği
KARCHER SERVİS TİCARET ANONİM ŞİRKETİ;MERKEZ MAH. BASIN EKSPRES CAD. AYAZ PLAZA SİTESİNO:5B/7 HALKALI KÜÇÜKÇEKMECE İSTANBUL;(212) 7034444;www.karcher.com.tr;karcher.com.tr;İMİB - İstanbul Maden İhracatçıları Birliği
KAR-DAĞ KARADENİZ GID.DAĞITIM TEMİZLİK VE SAĞLIK ÜRN. SAN VE TİC AŞ.;SAMSUN-ORDU KARAYOLU 14.KM NO:1 TEKKEKÖY SAMSUN;(362) 2560101;www.kardag.com;kardag.com;İMİB - İstanbul Maden İhracatçıları Birliği
KARDAN METAL İNŞAAT İTHALAT İHRACAT SANAYİ VE TİCARET LİMİTED ŞİRKETİ;FERHATPAŞA MAH.AYTAŞI SOKAK.NO:64 ATAŞEHİR İSTANBUL;(216) 6610416;;;İMİB - İstanbul Maden İhracatçıları Birliği
KARİNA DİZAYN AKRİLİK MOB.INS.SAN.VE D.TİC.LTD.STİ.;SUHA SOK 16 A YAKACİK CARSİ KARTAL İSTANBUL;;;;İMİB - İstanbul Maden İhracatçıları Birliği
KARİYER ÇEVRE PROJE ENERJİ MÜHENDİSLİK DANIŞMANLIK SANAYİ VE TİCARET ANONİM ŞİRKETİ;ODUNLUK MAH AKADEMİ CAD ZENO CENTER N:10 D BLOKK:6 NİLÜFER BURSA;(224) 4514332;www.kariyer.net;kariyer.net;İMİB - İstanbul Maden İhracatçıları Birliği
KARMER YAPİ MERMER DEKORASYON SANAYİ VE DİS TİCARET LTD STİ;ANADOLU MH HOCA AHMED YESEVİ CD. NO:37/3 ARNAVUTKÖY İSTANBUL;(212) 0000000;;;İMİB - İstanbul Maden İhracatçıları Birliği
KARNA YAPI SANAYİ TİCARET LİMİTED ŞİRKETİ;PINAR MAH 1272 SOK NO 25 /27 İÇ KAPI NO 11 ESENYURT İSTANBUL;(212) 0000000;;;İMİB - İstanbul Maden İhracatçıları Birliği
KAROPAK ENDUSTRIYEL ÜRÜNLER SANAİ VE TİCARET ANONİM ŞİRKETİ;ATAŞEHİR MAH. 8229/2 SOK. NO:17 ÇİĞLİ İZMİR;;www.karopak.com;karopak.com;İMİB - İstanbul Maden İhracatçıları Birliği
KARPEN PLASTİK KAPI VE PENCERE SİSTEMLERİ SANAYİ VE TICARET LİMİTED ŞİRKETİ;KARABAS M.LEYLA ATAKAN CD. NO:6 Merkez KOCAELİ;02623316880;www.kar-pen.com;kar-pen.com;İMİB - İstanbul Maden İhracatçıları Birliği
KARSEL SOĞUTMA İTHALAT İHRACAT SAN. VE TİC. LTD. ŞTİ.;OSMANGAZİ MH.ATAYOLU CD.NO.136/ASAMANDIRA SANCAKTEPE İSTANBUL;(216) 5613853;;;İMİB - İstanbul Maden İhracatçıları Birliği
KARTAL DEKORASYON İNŞAAT VE MERMER SAN.TİC.LTD.ŞTİ.;MALTEPE YAVUZ SELİM SOKAK. NO 22 KARTAL MALTEPE İSTANBUL;(216) 3526209;;;İMİB - İstanbul Maden İhracatçıları Birliği
KARTAL MADENCİLİK MERMER NAKLİYE İNŞAAT SANAYİ VE TİCARET LİMİTED ŞİRKETİ;2 ORGANİZE SANAYİ BÖLGESİ 32/10 MERKEZ BİLECİK;(228) 2170036;www.kartalmaden.com;kartalmaden.com;İMİB - İstanbul Maden İhracatçıları Birliği
KARTAL MERMER DOĞALTAŞLAR SANAYİ VE TİCARET LİMİTED ŞİRKETİ;1. ORGANIZE SANAYI BOLGESI 4. CAD.NO.4 Merkez BİLECİK;(228) 2160236;www.kartalmarble.com;kartalmarble.com;İMİB - İstanbul Maden İhracatçıları Birliği
KARTAŞ DOĞAL TAŞLAR MADENCİLİK SANAYİ TİCARET LİMİTED ŞİRKETİ;BEŞKÖPRÜ MAH. D100 KARAYOLU CAD. NO 110 SERDİVAN SAKARYA;(212) 4240245;;;İMİB - İstanbul Maden İhracatçıları Birliği
KARTEK PASLANMAZ DEMİR İNŞ.TAAH.SAN.VE TİC.LTD.ŞTİ;İOSB 14.CADDE MUTFAKÇILAR SAN.SİTESİ 3.BLOK NO:6-8 BAŞAKŞEHİR İSTANBUL;(212) 3252820;;;İMİB - İstanbul Maden İhracatçıları Birliği
KARTWELL MADENCİLİK SANAYİ VE TİCARET LİMİTED ŞİRKETİ;İSTİKLAL MH. TEKEL CD. NO:57 19 MAYIS(BALLICA) SAMSUN;(362) 0000000;;;İMİB - İstanbul Maden İhracatçıları Birliği
KARWANCHİGROUP GIDA SAN.VE TİC.LTD.ŞTİ.;A RIZA GÜRCAN CAD BEYAZ APT NO 25 GÜNGÖREN İSTANBUL;(212) 4819134;;;İMİB - İstanbul Maden İhracatçıları Birliği
KARYAP MİMARLIK MÜHENDİSLİK İNŞAAT SANAYİ VE TİCARET LİMİTED ŞİRKETİ;MERKEZEFENDİ MAH . MEVLANA CAD. TERCÜMAN SİT. A4/BLOK NO:126 ZEYTİNBURNU İSTANBUL;(212) 6850585;;;İMİB - İstanbul Maden İhracatçıları Birliği
KASKTAS KAYAR KALIP ALTYAPI SONDAJ VE TICARET A.S.;ENDERUNLU ISMAIL HAKKI BEY SOKAK BALMUMCU MAH NO:1 BEŞİKTAŞ İSTANBUL;(212) 2745800;www.kasktas.com.tr;kasktas.com.tr;İMİB - İstanbul Maden İhracatçıları Birliği
KASPA DIŞ TİCARET A.Ş.;NECİP FAZIL MH. ŞAĞDIÇ SK. NO:4 SAMANDIRA SANCAKTEPE İSTANBUL;(216) 5271527;www.kas.com.tr;kas.com.tr;İMİB - İstanbul Maden İhracatçıları Birliği
KASTAMONU MERMER MADENCİLİK İNŞAAT NAKLİYE ITHALAT IHRACAT SANAYİ VE TİCARET LİMİTED ŞİRKETİ;İNÖNÜ MAHALLESİ 8.SOKAK NO:5/1 KASTAMONU/MERKEZ PK:37200 MERKEZ KASTAMONU;(366) 2140051;;;İMİB - İstanbul Maden İhracatçıları Birliği
KASTONE İTHALAT İHRACAT PAZARLAMA TİC. LTD. ŞTİ.;KOŞUYOLU MH. CENAP ŞAHABETTİN CD. NO:44-46 34718 KADIKÖY İSTANBUL;(216) 4281984;www.kaisertekstil.com;kaisertekstil.com;İMİB - İstanbul Maden İhracatçıları Birliği
KAŞGAR MADENCİLİK MÜHENDİSLİK İNŞAAT SAN. VE TİC. LTD. ŞTİ.;O.S.B. 7. CAD. N:15 ODUNPAZARI ESKİŞEHİR;(222) 2360733;;;İMİB - İstanbul Maden İhracatçıları Birliği
KATSİMTAŞ İZOLASYON METALURJİ VE İNŞ. SAN. DIŞ TİC. LTD. ŞTİ.;DOĞU MAH. LOKMAN HEKİM CD. NO:31/3 PENDİK İSTANBUL;(216) 4444444;;;İMİB - İstanbul Maden İhracatçıları Birliği
KAUÇUKSAN PLASTİK İNŞAAT DIŞ TİCARET SANAYİ LİMİTED ŞİRKETİ;HAYBOLUOSB MAH. YAVUZ SOK.NO:1/1 HAYRABOLU HAYRABOLU TEKİRDAĞ;(282) 4874446;;;İMİB - İstanbul Maden İhracatçıları Birliği
KAVALA MİNERAL MADENCİLİK TAŞ. TURİZM SAN. VE TİC. LTD. ŞTİ.;IŞIKLAR KÖYÜ TESTİCİKIRI MEVKİİ ÇANYOLU NO:37 MERKEZ ÇANAKKALE;(286) 2172070;www.kavalatrade.com;kavalatrade.com;İMİB - İstanbul Maden İhracatçıları Birliği
KAVİS YAPI MİMARLIK SANAYİ VE DIŞ TİCARET A.Ş;KAZIM KARABEKİR MAH. ŞENAY CD. NO:5/A ÜMRANİYE İSTANBUL;(216) 5273530;;;İMİB - İstanbul Maden İhracatçıları Birliği
KAYA AKSESUAR VE ALÜMİNYUM PAZARLAMA TİCARET LİMİTED ŞİRKETİ;ESKİ SANAYİ ÇARŞISI 3 SOK NO 32 MERKEZ DÜZCE;(380) 5248385;;;İMİB - İstanbul Maden İhracatçıları Birliği
KAYA TURİSTİK TES. TİTREYEN GÖL OTELCİLİK AŞ;KÜÇÜK PİYALE MAHALLESİ PİYALEPAŞA BULVARI AĞAÇ KÖPRÜ SOKAK NO:24 BEYOĞLU İSTANBUL;(212) 8725629;;;İMİB - İstanbul Maden İhracatçıları Birliği
KAYALAR ÇELİK SANAYİ VE TİCARET A. Ş.;TÜRKOBA MAH. KAYALAR CAD. KAYALAR ÇELİK FABRİKASI APT. NO:7/1 BÜYÜKÇEKMECE İSTANBUL;(212) 4445957;www.kayalarmutfak.com.tr;kayalarmutfak.com.tr;İMİB - İstanbul Maden İhracatçıları Birliği
KAYALAR KİMYA SANAYİ VE TİCARET ANONİM ŞİRKETİ;TUZLA KİMYA SAN. ORG. BÖLG. TEM YAN YOL CAD. F-1 BLOK TUZLA İSTANBUL;(216) 5930727;www.kayalarkimya.com.tr;kayalarkimya.com.tr;İMİB - İstanbul Maden İhracatçıları Birliği
KAYALAR MARMARA TEKSTİL İŞLETMELERİ GIDA İNŞAAT TURİZM NAKLİYAT TİCARET LİMİTED ŞİRKETİ;ARABACIALANI MAH. 541. SK ADEM CERLEK İŞ MERKEZİ NNO 8 İÇ KAPI NO 7 SERDİVAN SAKARYA;(264) 0000000;;;İMİB - İstanbul Maden İhracatçıları Birliği
KAYALAR PROFESYONEL MUTFAK ÜRÜNLERİ SAN. VE TİC. LTD. ŞTİ.;GÜLVEREN M.PLEVNE C. NO.96 MAMAK ANKARA;03122191808;;;İMİB - İstanbul Maden İhracatçıları Birliği
KAYEN MADEN A.Ş.;OSTİM ALINTERİ BULV.1141 SOK.27 YENİMAHALLE ANKARA;(312) 5855512;;;İMİB - İstanbul Maden İhracatçıları Birliği
KAYI MERMER SANAYİ VE TİCARET LTD.ŞTİ.;HALİL RIFAT PAŞA MAHALLESİ ERKMEN CADDESİ NO: 1 /1 KAT:1 DAİRE:2 ŞİŞLİ İSTANBUL;(212) 2215223;www.kayimarble.com;kayimarble.com;İMİB - İstanbul Maden İhracatçıları Birliği
KAYIN MADENCİLİK İŞLETMELERİ ANONİM ŞİRKETİ;BALMUMCU MAH. MORBASAN SK. KOZA IS MERKEZI C BLOK NO: 14 IÇ KAPI NO: 1 BEŞİKTAŞ İSTANBUL;(212) 7082200;;;İMİB - İstanbul Maden İhracatçıları Birliği
KAYNAK TEKNIGI SANAYI VE TICARET A.S.;TAYSAT ORG SAN BOLG 2. CAD. NO:5 GEBZE KOCAELİ;(262) 0000000;www.askaynak.com.tr;askaynak.com.tr;İMİB - İstanbul Maden İhracatçıları Birliği
KBC GROUP DIŞ TİCARET LİMİTED ŞİRKETİ;MAHMUTBEY MAH. 2420. SK.NO: 44 BAĞCILAR / İSTANBUL BAĞCILAR İSTANBUL;(212) 8920989;;;İMİB - İstanbul Maden İhracatçıları Birliği
KC KESİCİ TAKIM METAL İŞLEME TEKNOLOJİLERİ SAN. VE TİC. A.Ş.;ALAATTİN BEY MAH.İZMİR YOLU CAD. ULUDAĞ TİC. MERKZNO:277/3 NİLÜFER BURSA;;;;İMİB - İstanbul Maden İhracatçıları Birliği
KDK KİMYA DERİ GIDA İNŞ. SAN. VE TİC. LTD. ŞTİ.;İST. ORG. DERİ SAN. BÖL. 1. YOL 7-2 PARSEL TUZLA İSTANBUL;(216) 3940054;;;İMİB - İstanbul Maden İhracatçıları Birliği
KEFAYET LOJİSTİK NAKLİYAT İNŞ. SAN. VE DIŞ TİC. LTD. ŞTİ.;YAKUPLU MERKEZ MAH. HÜRRİYET BULVARI NO:1 SKYPORT RESİDENCE KAT:5 D:84-85 BEYLİKDÜZÜ İSTANBUL;(212) 8766687;www.kefayat.com;kefayat.com;İMİB - İstanbul Maden İhracatçıları Birliği
KEFAYET SM NAKLİYE İNŞAAT SANAYİ VE DIŞ TİCARET LİMİTED ŞİRKETİ;KAVAKLI MAH. OLİMPİYAT CAD. KONUT APT. NO:54/1 BEYLİKDÜZÜ İSTANBUL;;;;İMİB - İstanbul Maden İhracatçıları Birliği
KEFELİ MERMER GRANİT SANAYİİ VE DIŞ TİCARET LİMİTED ŞİRKETİ;ALİBEYKÖY MAHALLESİ ATATÜRK CADDESİ NO:!65/1 ALİBEYKÖY EYÜP İSTANBUL;(212) 4274231;www.kefeli.com.tr;kefeli.com.tr;İMİB - İstanbul Maden İhracatçıları Birliği
KELES MERMER SAN.VE TIC.LTD. STI.;KADIR AKDOGAN CD.NO:15 34255 İSTANBUL;02125380618;www.kelesmermer.com;kelesmermer.com;İMİB - İstanbul Maden İhracatçıları Birliği
KEMAL BAŞARAN ENDÜSTRİ A.Ş.;YUKARI DUDULLU KEYAP SİTESİ J1 BLOK NO:39 YUKARIDUDULLU ÜMRANİYE İSTANBUL;(216) 4200909;www.kemalbasaran.com.tr;kemalbasaran.com.tr;İMİB - İstanbul Maden İhracatçıları Birliği
KEMALPAŞA MERMER MADEN SANAYİ VE TİCARET LİMİTED ŞİRKETİ;BAĞDAT CAD. SARI KÖŞK APT.NO:103/2 KADIKÖY İSTANBUL;(216) 4502782;www.oreksmadencilik.com;oreksmadencilik.com;İMİB - İstanbul Maden İhracatçıları Birliği
KENT CONTA TİCARET LİMİTED ŞİRKETİ;SANAYİ MAHALLESİ İZMİT SANAYİ SİTESİ 13. CADDENO: 310 85 İZMİT KOCAELİ;(262) 3354905;;;İMİB - İstanbul Maden İhracatçıları Birliği
KENT GLOBAL PARK DIŞ TİCARET ANONİM ŞİRKETİ;PELİN SOK NO: 1 YENİTEPE KADIKÖY SİTESİ 2.ETAP B BLOK D:185 DUMLUPINAR MAH KADIKÖY İSTANBUL;;http://www.kentglobalpark.com;kentglobalpark.com;İMİB - İstanbul Maden İhracatçıları Birliği
KENT KONSEPT YAPIM İNŞAAT SAN. VE TİC. LTD. ŞTİ.;SANAYİ MAH. MİMSAN MOBİLYACILAR SİT. ATATÜRK BULV.5. BLOK NO:6 ESENYURT İSTANBUL;(212) 6722748;www.kentkonsept.com;kentkonsept.com;İMİB - İstanbul Maden İhracatçıları Birliği
KEPLER DERİ TEKNOLOJİSİ SANAYİ VE TİCARET ANONİM ŞİRKETİ;DERİ OSB MAH. HEKİM SOK.VII-1 BLOK NO:1/VII-1D TUZLA İSTANBUL;;;;İMİB - İstanbul Maden İhracatçıları Birliği
KEPMARK TEKNOLOJİ BİLİŞİM İNŞAAT TİCARET LİMİTED ŞİRKETİ;ZİYA GÖKALP MAH.SÜLEYMAN DEMİREL BULV.THE OFFICENO:7/E/136 BAŞAKŞEHİR İSTANBUL;(212) 6035550;;;İMİB - İstanbul Maden İhracatçıları Birliği
KERİMOĞULLARI MERMER SANAYİ VE TİCARET LİMİTED ŞİRKETİ;KURTULUŞ MAH. BİLECİK CAD. GRANİT MERMER SİTESİNO.139 YENİŞEHİR BURSA;(224) 7723351;;;İMİB - İstanbul Maden İhracatçıları Birliği
KERMİT PLASTİK SANAYİ VE TİCARET ANONİM ŞİRKETİ;CUMHURİYET MAHALLESİ CİHAN SOKAK NO 4/1 ÇAYIROVA KOCAELİ;(262) 6589729;www.kermit.com.tr;kermit.com.tr;İMİB - İstanbul Maden İhracatçıları Birliği
KESKIN YAPI MARKET VE ELEKTRIK MALZ.SAN.VE TİC.LTD.ŞTİ.;BINBIRDIREK MAH/SEMT PEYKHANE SK. KAMER HAN 16 A FATİH İSTANBUL;(212) 5424061;;;İMİB - İstanbul Maden İhracatçıları Birliği
KESKİN MARBLE İNŞAT MALZEMELERİ DIŞ TİCARET LİMİTED ŞİRKETİ;AŞAĞI EĞLENCE MAH. MEŞELİ SOK. 9/12 KEÇİÖREN ANKARA;;;;İMİB - İstanbul Maden İhracatçıları Birliği
KETTLITZ TURKEY KİMYA SAN. VE TİC. A.Ş.;TEPEÖREN KİMYA SANAYİCİLER OSB.MELEK ARAS BLV D:12 NO:23 TUZLA/İSTANBUL TUZLA İSTANBUL;(216) 5264600;;;İMİB - İstanbul Maden İhracatçıları Birliği
KEYPARTS DENİZCİLİK HAVACILIK SANAYİ VE TİCARET LİMİTED ŞİRKETİ;İSTASYON MAH.ZÜHRE SOK.PRESTIJ PLAZA NO:15 OFİS NO:17 TUZLA İSTANBUL;(216) 5072121;;;İMİB - İstanbul Maden İhracatçıları Birliği
KEYPOWER MARİN ENERJİ MAKİNA SERVİS TİCARET LİMİTED ŞİRKETİ;EVLİYA ÇELEBİ MAHALLESİ GENÇ OSMAN CADDESİ NO:45/38 TUZLA İSTANBUL;(216) 3957885;;;İMİB - İstanbul Maden İhracatçıları Birliği
KFK CARBON ENDÜSTRIYEL IÇ VE DIS TICARET LIMITED SIRKETI;PINARTEPE MAH. AVRUPA CAD. C BLOK NO: 87 CB BÜYÜKÇ BÜYÜKÇEKMECE İSTANBUL;(212) 8555580;;;İMİB - İstanbul Maden İhracatçıları Birliği
KGD GRAFİT METAL VE ENDÜSTRİ MALZEMELERİ SANAYİ TİCARET LİMİTED ŞİRKETİ;TEPEÖREN MH. ESKİ ANKARA ASFALTI CD. TGM SAN. SİT. G BLOK NO:204/7 TUZLA İSTANBUL;(216) 3788711;www.kgd.com.tr;kgd.com.tr;İMİB - İstanbul Maden İhracatçıları Birliği
KGD MAKİNA METAL VE DÖKÜM TEKNOLOJİLERİ ANONİM ŞİRKETİ;TEPEÖREN MH.E.ANKARA ASFALTI CD.TGM SAN.SİTESİ G BLOK NO:204/7 TUZLA İSTANBUL;(216) 3778711;;;İMİB - İstanbul Maden İhracatçıları Birliği
KHAMAM KONSEPT DEKORASYON TİCARET LİMİTED ŞİRKETİ;BAHÇEŞEHİR 1.KSM İSKETE ÇIKMAZI SK.CINAR12 VİLLA 23/34 BAHÇEŞEHİR BAŞAKŞEHİR İSTANBUL;(212) 0000000;www.hamamdecor.com;hamamdecor.com;İMİB - İstanbul Maden İhracatçıları Birliği
KHN MINARALS İÇ VE DIŞ TİCARET LTD. ŞTİ.;BARBAROS MAHALLESİ AHLAT SK. VARYAP MERIDYANE1 BLOK NO: 1 A İÇ KAPI NO 7 ATAŞEHİR İSTANBUL;(850) 2036547;;;İMİB - İstanbul Maden İhracatçıları Birliği
KILIÇLAR MADECİLİK SAN.TİC.LTD.ŞTİ;İNCİVEZ CAD.ÇAMLIK MEVKİ KILIÇ APARTMANI NO:19 ALAPLI / ZONGULDAK ALAPLI ZONGULDAK;(372) 3659333;;;İMİB - İstanbul Maden İhracatçıları Birliği
KIMFOR IZOLASYON YAPI KIM.INŞ. MAD.GID.TIC.LTD.ŞTI.;YUNUSELI MAH.AKYILDIZ CAD.NO.3 OSMANGAZİ BURSA;(224) 2487842;www.termonoc.com;termonoc.com;İMİB - İstanbul Maden İhracatçıları Birliği
KIMSEL KIMYEVI ENDUSTRI HAMMADDELERI SAN.VE TIC.A.Ş;YENİŞEHİR MAHALLESİ TURGUT ÖZAL BULVARI NO:32 ATAŞEHİR İSTANBUL;(216) 5809515;www.kimsel.com;kimsel.com;İMİB - İstanbul Maden İhracatçıları Birliği
KIRKLAR YATIRIM VE TAAHHÜT HİZMETLERİ SANAYİ VE TİCARET LİMİTDE ŞİRKETİ;KARAKAŞ MAH ÇUKUR SK MERCAN INŞBLOK NO:49B MERKEZ KIRKLARELİ;(288) 8413011;;;İMİB - İstanbul Maden İhracatçıları Birliği
KIRMIZI ELMA KIRTASİYE SANAYİ VE TİCARET LİMİTED ŞİRKETİ;ISTOC 18 ADA NO 46 MAHMUTBEY BAĞCILAR İSTANBUL;(212) 6594009;www.kirmizielma.com;kirmizielma.com;İMİB - İstanbul Maden İhracatçıları Birliği
KİLTAŞ REFRAKTER MALZEME SANAYİ TİCARET ANONİM ŞİRKETİ;FEVZİPAŞA MAH. YÜREK SOK. NO.10 SİLİVRİ İSTANBUL;(212) 4443012;www.kiltas.com.tr;kiltas.com.tr;İMİB - İstanbul Maden İhracatçıları Birliği
KİNAN DIŞ TİCARET LİMİTED ŞİRKETİ;BURHANİYE MAH.NEŞET BEY SOK.N:9 ÜSKÜDAR İSTANBUL;(216) 5451306;www.kinanmarble.com;kinanmarble.com;İMİB - İstanbul Maden İhracatçıları Birliği
KİSAN İNŞAAT MÜHENDİSLİK SANAYİ VE TİCARET ANONİM ŞİRKETİ;KARGALI HANBABA O.S.B. MAH. ORGANİZE SANAYİ 2 SOK.NO:18 HENDEK SAKARYA;(212) 9245960;www.kisan.com.tr;kisan.com.tr;İMİB - İstanbul Maden İhracatçıları Birliği
KİSCO YAPI TİCARET ANONİM ŞİRKETİ;YENİŞEHİR MAH. EŞREF BİTLİS BLV. DUMANKAYA TREND15A NO: 5 /1 İÇ KAPI NO: 12 PENDİK İSTANBUL;(216) 0000000;http://kisco.com.tr/;kisco.com.tr;İMİB - İstanbul Maden İhracatçıları Birliği
KİSWAH KÜLTÜR SANAT VE MÜCEVHERAT LTD.ŞTİ.;YENİBOSNA MERKEZ MAH.DEĞİRMENBAHÇE CADNO:17 İSTWEST SİTESİ A2A BLOK K:1 D:20 BAHÇELİEVLER İSTANBUL;(212) 8031428;;;İMİB - İstanbul Maden İhracatçıları Birliği
KİTE BİO TEKNOLOJİ SANAYİ VE TİCARET A.Ş.;HARBİYE MAHALLESİ HÜRRİYET CADDESİ BURCAN APT. NO:7/12 ÇANKAYA ANKARA;(312) 4825451;;;İMİB - İstanbul Maden İhracatçıları Birliği
KİVA KOZMETİK ANONİM ŞİRKETİ;İÇERENKÖY MAH. YEŞİLVADİ SOK. ÖNEREN İŞ MERKEZİ NO:8 ATAŞEHİR İSTANBUL;(216) 5265793;http://www.kivakozmetik.com;kivakozmetik.com;İMİB - İstanbul Maden İhracatçıları Birliği
KLADEX TEL ÜRETİM SANAYİ VE TİCARET A.Ş.;ÇERKEŞLİ O.S.B. MAH. İMES 17 CAD. 16/1 MERKEZ KÖYÜ DİLOVASI KOCAELİ;;www.kladex.com;kladex.com;İMİB - İstanbul Maden İhracatçıları Birliği
KLAPE MİMARLIK TASARIM SANAYİ TİCARET LİMİTED ŞİRKETİ;ORUÇ REİS MAH. VADİ CAD. GİYİMKENT SİT. Ö40 NO:108/589 ESENLER İSTANBUL;;;;İMİB - İstanbul Maden İhracatçıları Birliği
KLASMAR MERMER SANAYİ DIŞ TİCARET VE İNŞAAT LİMİTED ŞİRKETİ;ERENKÖY MAH. TELLİKAVAK SK. KORU APT. NO: 22 B KADIKÖY İSTANBUL;(216) 0000000;www.klasmar.com;klasmar.com;İMİB - İstanbul Maden İhracatçıları Birliği
KLK GLOBAL İNŞAAT VE TİCARET ANONİM ŞİRKETİ;CUMHURİYET MAH.KARTEPE SK. USTA OFİS PLAZA NO:4 /1 KARTAL İSTANBUL;(216) 2901515;;;İMİB - İstanbul Maden İhracatçıları Birliği
KLM MADENCİLİK SAN. VE TİC. LTD. ŞTİ.;BOZÜYÜK DEVLET YOLU 3. KM. SÖĞÜT BİLECİK;(228) 3614700;www.klmmarble.com.tr;klmmarble.com.tr;İMİB - İstanbul Maden İhracatçıları Birliği
KMM KUVARS MADENCİLİK SANAYİ VE TİCARET LTD. ŞTİ.;ŞEYHMÜTFÜ MAH. FETİH SK. NO:2 MUSTAFAKEMALPAŞA BURSA;(224) 0000000;;;İMİB - İstanbul Maden İhracatçıları Birliği
KNG DIŞ TİCARET VE PAZARLAMA LTD. ŞTİ.;ESENYALI MAH.YANYOL CAD. N:61/64 PENDİK İSTANBUL;;;;İMİB - İstanbul Maden İhracatçıları Birliği
KOBER METAL DIŞ TİCARET LİMİTED ŞİRKETİ;CAFERAĞA MAH. GENERAL ASIM GÜNDÜZ CAD. NO: 62/5 KADIKÖY İSTANBUL;(216) 0000000;;;İMİB - İstanbul Maden İhracatçıları Birliği
KOCA KİMYA VE DENTAL ÜRÜNLERİ ÜRETİM PAZARLAMA MÜHENDİSLİK MİMARLIK SAN.TİC. LTD. ŞTİ.;2273 CADDE. NO:6 İVEDİKORGANİZESANAYİ YENİMAHALLE ANKARA;(312) 3947633;http://www.akrodent.com;akrodent.com;İMİB - İstanbul Maden İhracatçıları Birliği
KOCAKONAK YAPI ZEMİN SİSTEMLERİ MADEN İNŞAAT SANAYİ VE TİCARET LİMİTED ŞİRKETİ;DOĞANLAR MAH. OKUL SK. NO:6 BORNOVA İZMİR;(232) 3747808;http://www.kocakonakyapi.com;kocakonakyapi.com;İMİB - İstanbul Maden İhracatçıları Birliği
KOÇ CONSTRUCTION MEKANİK VE ELEKTRİK ANONİM ŞİRKETİ;ORUÇREİS MAH. TEKSTİLKENT CAD. B BLOK NO: 12A İÇ KAPI NO :252 ESENLER İSTANBUL;(212) 6713821;;;İMİB - İstanbul Maden İhracatçıları Birliği
KOÇ TUZ GIDA,LOJİSTİK,MADEN SAN.VE TİC.LTD.ŞTİ.;YEŞİLOVA MAH. 2.SK. NO:15 ŞEREFLİKOÇHİSAR ANKARA;(312) 0000000;www.koctuz.com;koctuz.com;İMİB - İstanbul Maden İhracatçıları Birliği
KOÇBİR GIDA İNŞAAT SANAYİ VE DIŞ TİCARET ANONİM ŞİRKETİ;15 TEMMUZ MAHALLESİ BAHAR CD. B BLOK NO:3-5/12.KAT İÇ KAPI NO:19 BAĞCILAR İSTANBUL;(212) 3025448;;;İMİB - İstanbul Maden İhracatçıları Birliği
KOİST ENDÜSTRİYEL MAKİNA SANAYİ VE TİCARET LİMİTED ŞİRKETİ;MEVLANA MAH. SOMA MADEN ŞEHİTLERİBLV.NO:4/1 İÇ KAPI NO:12 GEBZE KOCAELİ;(262) 5036219;http://www.koistendüstriyel.com.tr;koistendüstriyel.com.tr;İMİB - İstanbul Maden İhracatçıları Birliği
KOLAY KİMYA SANAYİ VR TİCARET LİMİTED ŞİRKETİ;KAYABAŞI MAH. 75. YIL CAD KAYABAŞI 3. BÖLGE B-17NO:7 D / 5 BAŞAKŞEHİR- İSTANBUL-TÜRKİYE BAŞAKŞEHİR İSTANBUL;(212) 0000000;;;İMİB - İstanbul Maden İhracatçıları Birliği
KOLGU TEMİZLİK EKİPMANLARI VE METAL SANAYİ DIŞ TİCARET LİMİTED ŞİRKETİ;ORUÇREİS MH VADİ CD NO:170/154 ( GİYİMKENT) ESENLER İSTANBUL;(212) 6594386;www.kolgu.com;kolgu.com;İMİB - İstanbul Maden İhracatçıları Birliği
KOLİBRİ KOMPOZİT TİCARET LİMİTED ŞİRKETİ;YENİŞEHİR MAH. REYHAN CAD. TANAY KONAKLARI NO: 30 /52 İÇ KAPI NO: 1 PENDİK İSTANBUL;(216) 6065696;;;İMİB - İstanbul Maden İhracatçıları Birliği
KOMAR STONE MERMER SAN. VE TİC. LTD. ŞTİ.;OSMANGAZİ MAH. HİLAL CAD. TEPEYURTLAR İŞ HANI NO:8B SANCAKTEPE İSTANBUL;(216) 0000000;;;İMİB - İstanbul Maden İhracatçıları Birliği
KOMBA GIDA İMALAT İHRACAT İTHALAT SAN. VE TİC. LTD. ŞTİ.;ATATÜRK MAH. ÇİÇEK SOK.NO:2 D:2 KARESİ BALIKESİR;;www.kombaplas.com;kombaplas.com;İMİB - İstanbul Maden İhracatçıları Birliği
KOMMER MERMER MADEN SANAYİ TİCARET LİMİTED ŞİRKETİ;HÜRRİYET MAH. YILDIZ SOK. NO:4 BAĞCILAR İSTANBUL;;www.kommermer.com;kommermer.com;İMİB - İstanbul Maden İhracatçıları Birliği
KONESTA YAPI ÇÖZÜMLERİ SAN. VE TİC. A.Ş;KAYNARCA MAH.AYDINLI YOLU CAD. MAVİ KULE RESİDENCE137/55 PENDİK İSTANBUL;(216) 5102219;;;İMİB - İstanbul Maden İhracatçıları Birliği
KONTAKT GRUP DIŞ TİCARET LİMİTED ŞİRKETİ;DUMLUPINAR MAH. KAYABAŞI SOKAK ÖZGE SİTESİ B BLOK B/B NİLÜFER/BURSA PK:16285 NİLÜFER BURSA;(224) 4835202;thecontacttrade.com;thecontacttrade.com;İMİB - İstanbul Maden İhracatçıları Birliği
KONTROL SISTEML.ELEKTROMEKANIK SAN.VE TIC.LTD.STI.;BOSTANCI YOLU KEYAP SITESI F2BLOK NO.99 ÜMRANİYE İSTANBUL;02165279615;www.kon-sis.com;kon-sis.com;İMİB - İstanbul Maden İhracatçıları Birliği
KONVEYÖR BEYAZ EŞYA VE OTOMOTİV YAN SANAYİ TİCARET ANONİM ŞİRKETİ;ORG.DERİ SAN.BÖLG.FİNİSAJ CAD.NO.3YA-2 81474 TUZLA 81474 TUZLA TUZLA İSTANBUL;02165910101;www.konveyor.com;konveyor.com;İMİB - İstanbul Maden İhracatçıları Birliği
KOROZO AMBALAJ SAN. VE TİC. AŞ;ATATÜRK MAH.ORHAN VELİ CAD.NO:12KIRAÇ KIRAÇ ESENYURT İSTANBUL;(212) 8666666;www.korozo.com.tr;korozo.com.tr;İMİB - İstanbul Maden İhracatçıları Birliği
KORTAŞ MADENCİLİK KİMYA SANAYİ VE TİCARET LTD.ŞTİ;ORGANİZE SANAYİ BÖLGESİ MAH.3CAD NO:15KAPI NO:0 MERKEZ KÜTAHYA;(274) 6546767;;;İMİB - İstanbul Maden İhracatçıları Birliği
KORTEK KOROZYON TEKNOLOJİLERİ LTD. ŞTİ.;AHİ EVRAN OSB MAH AKHUN 8 SİNCAN ANKARA;(312) 4418420;www.kortek.com.tr;kortek.com.tr;İMİB - İstanbul Maden İhracatçıları Birliği
KOSAN KOZMETIK PAZARLAMA VE TICARET ANONİM ŞİRKETİ;GEBZE ORGANİZE SANAYİ BÖLGESİ IHSAN DEDE CAD. NO: 133 GEBZE KOCAELİ;(262) 7510333;www.flormar.com;flormar.com;İMİB - İstanbul Maden İhracatçıları Birliği
KOSK METAL KUYUMCULUK GIDA TEKS.TUR SAN.LTD.STI.;M.KEMAL MAH. 3059 SK. ÜMRANİYE İSTANBUL;02164189365;;;İMİB - İstanbul Maden İhracatçıları Birliği
KOSOVA ZÜCCACİYE İTH. İHR.SAN. VE TİC.LTD.ŞTİ.;SIYAVUSPASA S. ASILSOY ISH.NO.12/24-106 İSTANBUL;02125201028;www.kosovaltd.com;kosovaltd.com;İMİB - İstanbul Maden İhracatçıları Birliği
KOTOR METAL MAKİNA İNŞAAT HIRDAVAT VE ELEKTRİK ÜRÜNLERİ SANAYİ TİCARET LİMİTED ŞİRKETİ;FERHATPASA MAH. 23. SK. NO: 16 IÇ KAPI NO: 1 ATAŞEHİR İSTANBUL;(212) 4518688;;;İMİB - İstanbul Maden İhracatçıları Birliği
KOUSA İNŞAAT TURİZM İTHALAT İHRACAT SANAYİ VE TİCARET LİMİTED ŞİRKETİ;İNTİZAM MAH. 5.DEĞİRMEN SOK.NO:36 A OSMANGAZİ BURSA;(224) 5790141;;;İMİB - İstanbul Maden İhracatçıları Birliği
KOYUNOĞLU MADENCİLİK TURİZM İNŞAAT TİCARET VE SANAYİ ANONİM ŞİRKETİ;CEMALPAŞA MAH. CEVAT YURDAKUL CAD. OĞUZ AYHAN APT. NO:28 K:3/5 SEYHAN ADANA;(322) 4020044;http://www.koyunoglu.com.tr;koyunoglu.com.tr;İMİB - İstanbul Maden İhracatçıları Birliği
KÖROĞLU KARDEŞLER MERMER VE İNŞAAT SANAYİ TİCARET LİMİTED ŞİRKETİ;SARAYLAR BELDESI MARMARA ADASI MARMARA BALIKESİR;(266) 8877001;www.koroglukardesler.com;koroglukardesler.com;İMİB - İstanbul Maden İhracatçıları Birliği
KÖSEDAĞ DIŞ TIC.LTD.ŞTİ.;IST. TUZLA ORG. SAN. BÖLG. 2.CAD. 1ESKI ANKARA YOLU TUZLA İSTANBUL;02165932400;www.kosedag.com;kosedag.com;İMİB - İstanbul Maden İhracatçıları Birliği
KP KOMPOZİT PAZARI ANONİM ŞİRKETİ;ÇAVUŞOĞLU MAH.SANATKARLAR CAD. NO:4AKARTAL/İSTANBU KARTAL İSTANBUL;(216) 3799200;;;İMİB - İstanbul Maden İhracatçıları Birliği
KRAFTWORK MOBİLYA İNŞAAT TAAHHÜT TİCARET ANONİM ŞİRKETİ;HACIMIMI MAH.DİBEK SOK NO:48 BEYOĞLU İSTANBUL;(212) 2438641;;;İMİB - İstanbul Maden İhracatçıları Birliği
KRAL MEDİKAL KOZMETİK TEKSTİL VE TEMİZLİK ÜRÜNLERİ SANAYİ TİCARET LİMİTED ŞİRKETİ;AKSARAY MAH VALIDE CAMI SOK.UYGUN APT.NO:34/4 AKSARAY FATİH İSTANBUL;(212) 5290711;www.kralkozmetik.com;kralkozmetik.com;İMİB - İstanbul Maden İhracatçıları Birliği
KREA SİSTEM YAPI İNŞAAT SAN. VE TİCARET LTD. ŞTİ.;İKİTELLİ OSB MAH. MARMARA SANAYİ SİTESİ T BLOK NO: 2 KÜÇÜKÇEKMECE İSTANBUL;(212) 4943377;;;İMİB - İstanbul Maden İhracatçıları Birliği
KREON AYDINLATMA SANAYİ VE TİCARET ANONİM ŞİRKETİ;ÇATALMEŞE MAH REŞADİYE CAD NO.76 ÇEKMEKÖY İSTANBUL;;www.kreon.com.tr;kreon.com.tr;İMİB - İstanbul Maden İhracatçıları Birliği
KREON MİMARLIK LİMİTED ŞİRKETİ;SULTAN SELİM MAH / HÜMEYRA SOK / NEF09 PLAZA B BLONO:07/58 KAĞITHANE İSTANBUL;(212) 0000000;http://www.kreonmimarlik.com;kreonmimarlik.com;İMİB - İstanbul Maden İhracatçıları Birliği
KROM EVYE SANAYI VE TİCARET A.Ş.;AKÇABURGAZ MH 117 SK NO:19 ESENYURT İSTANBUL;(212) 8865588;www.kromevye.com;kromevye.com;İMİB - İstanbul Maden İhracatçıları Birliği
KROMPRES MUTFAK CİHAZLARI SANAYİ VE TİCARET LTD. ŞTİ.;TEVFİK BEY MH. DR.ALİ DEMİRCİ CD. KOBİ İŞ MRK.NO:51 SEFAKÖY KÜÇÜKÇEKMECE İSTANBUL;(212) 6244048;www.krompres.com;krompres.com;İMİB - İstanbul Maden İhracatçıları Birliği
KSG KIBAR SOYGENC MERMER MADEN INSAAT TAAHHÜT SANAYİ VE TICARET LİMİTED ŞİRKETİ;O.S.B. MAH. MERMERCİLER SAN. SİTESİ5 CAD. NO.2 BEYLİKDÜZÜ İSTANBUL;(212) 8754884;www.ksgmermer.com;ksgmermer.com;İMİB - İstanbul Maden İhracatçıları Birliği
KTB DIŞ TİCARET LİMİTED ŞİRKETİ;HAVAALANI MAH. GÖNLÜBOL SK. NO:9 İÇ KAPI NO:2 ESENLER İSTANBUL;(266) 7147687;;;İMİB - İstanbul Maden İhracatçıları Birliği
KUBİLAY KİMYA VE BOYA SAN. TİC. LTD. ŞTİ.;ALI AĞA ORG. SAN. BÖL.ERTAÇ KARAGÖZLÜ CAD. NO.6 ALİAĞA İZMİR;02326215001;www.kubilayboya.com;kubilayboya.com;İMİB - İstanbul Maden İhracatçıları Birliği
KUESTA DIS TIC.LTD.STI.;İKİTELLİ OSB MH HÜRRİYET BULVARI DEPARKO SAN SİT NO:6/2-Z İKİTELLİ BAŞAKŞEHİR İSTANBUL;(212) 5535313;www.kuesta.com;kuesta.com;İMİB - İstanbul Maden İhracatçıları Birliği
KULCAN KİMYA DIŞ TİC.LTD.ŞTİ.;KURTULUŞ OSB MAH.SAHRA CAD.NO:6 GÜRSU BURSA;(224) 3730183;;;İMİB - İstanbul Maden İhracatçıları Birliği
KUPA TOOLS DIŞ TİCARET A.Ş.;MAHMUTBEY MAH. İSTOÇ 2446 SK.NO:122 BAĞCILAR İSTANBUL;(212) 6090301;www.kupatools.com;kupatools.com;İMİB - İstanbul Maden İhracatçıları Birliği
KURABİ MARPLE İTHALAT İHRACAT VE TİCARET LİMİTED ŞİRKETİ;TEPECİK MAH.BAHÇECİK YOLU CAD. NO:69A İÇ KAPI:1 İSCEHİSAR AFYON;;www.kurabimarble.com;kurabimarble.com;İMİB - İstanbul Maden İhracatçıları Birliği
KURALAY METALURJİ SAN.TİC.LTD.ŞTİ.;3222.SOK NO:48/A BALÇIK MAHALLESİ 41400 GEBZE KOCAELİ;(262) 6425494;;;İMİB - İstanbul Maden İhracatçıları Birliği
KURTSAN PAZARLAMA İÇ VE DIŞ TİCARET LİMİTED ŞİRKETİ;SELAHADDİN EYYUBİ MAH. 1596 SK. NO:26 2. EVRENSANAYİ YANI ESENYURT İSTANBUL;(212) 5358999;www.kurtsantarim.com;kurtsantarim.com;İMİB - İstanbul Maden İhracatçıları Birliği
KURUKOGLU BOYA SANAYI VE TICARET A.S.;HACIMİMİ MHA NECATİBEY CAD NO.70 K.3KARAKÖY /İST KEMANKEŞ BEYOĞLU İSTANBUL;(212) 2517803;;;İMİB - İstanbul Maden İhracatçıları Birliği
KUSİNA İNŞAAT TAAHHÜT MUTFAK TURİZM SANAYİ VE DIŞ TİCARET ANONİM ŞİRKETİ;BAHÇELİEVLER MH SAKARYA CAD N:11 TORBALI İZMİR;(232) 8539200;;;İMİB - İstanbul Maden İhracatçıları Birliği
KUTAY LABORATUAR CIHAZLARI TICARET A.S.;LEVENT C. KIRIZANTEM S. NO: 62 levent BEŞİKTAŞ İSTANBUL;02122829700;www.kutaygroup.com;kutaygroup.com;İMİB - İstanbul Maden İhracatçıları Birliği
KUZEY ARITMA MÜHENDİSLİK PROJR SAN. VE TİC. LTD. ŞTİ.;ÜNİVERSİTE MAHALLESİ KOMİSER SOKAK NO:21 A 34310 AVCILAR İSTANBUL;(850) 3465078;www.kuzeyaritma.com;kuzeyaritma.com;İMİB - İstanbul Maden İhracatçıları Birliği
KUZEY TAKIM KESİCİ MİMARLIK SANAYİ VE TİCARET LİMİTED ŞİRKETİ;ARAP CAMİ MAH. TERSANE CAD. ÇEYREKOĞLU HAN NO:105 İÇ KAPI NO: 32 BEYOĞLU İSTANBUL;(212) 0000000;;;İMİB - İstanbul Maden İhracatçıları Birliği
KUZEY TAŞ MERMER MADENCİLİK SAN.LTD.ŞTİ;SELİMİYE KÖYÜ NO:219 OSMANELİ BİLECİK;;;;İMİB - İstanbul Maden İhracatçıları Birliği
KÜMAŞ MANYEZİT SANAYİ A.Ş.;KISIKLI MAH ALEMDAĞ CAD MASALDAN İŞ MER F BLOK N:60/4 ÜSKÜDAR İSTANBUL;(274) 2250050;www.kumasref.com;kumasref.com;İMİB - İstanbul Maden İhracatçıları Birliği
KÜP MİMARLIK VE İNŞAAT SANAYİ TİCARET LİMİTED ŞİRKETİ;İSHAKLI MAH. SERİNSU CAD NO 19/1 BEYKOZ İSTANBUL;;;;İMİB - İstanbul Maden İhracatçıları Birliği
KÜRESEL PLASTİK VE AMBALAJ SANAYİ TİCARET LİMİTED ŞİRKETİ;FERHATPAŞA MAH.27. SOKAK NO:3 B ATAŞEHİR İSTANBUL;(216) 0000000;;;İMİB - İstanbul Maden İhracatçıları Birliği
KÜRŞAT CAMGÖZ;YENİDOĞAN MAH. 15 TEMMUZ ŞEHİTLER CAD. NO: 9 İÇ KAPI NO: 1 EMİRDAĞ/ AFYONKARAHİSAR EMİRDAĞ AFYON;(216) 5762211;;;İMİB - İstanbul Maden İhracatçıları Birliği
KÜTÜK MADENCİLİK PAZ.SAN.VE DIŞ TİC.LTD.ŞTİ.;SOĞUKPINAR MAH. BARBAROS BULV. NO:10 ÇEKMEKÖY İSTANBUL;(216) 3124052;www.kutuk.com.tr;kutuk.com.tr;İMİB - İstanbul Maden İhracatçıları Birliği
KÜTÜK MERMER İNŞAAT SANAYİ VE TİCARET ANONİM ŞİRKETİ;MAHIR IZ CAD. NO:20 KAT 3 ALTUNİZADE ÜSKÜDAR İSTANBUL;(216) 4749204;www.kutukstone.com;kutukstone.com;İMİB - İstanbul Maden İhracatçıları Birliği
KÜTÜK MERMER SANAYİ VE TİCARET ANONİM ŞİRKETİ;KISIKLI CAD. AK İŞ MRKZ. NO.2/2 BAĞLARBAŞI ÜSKÜDAR İSTANBUL;(216) 4749900;www.kutuk.com.tr;kutuk.com.tr;İMİB - İstanbul Maden İhracatçıları Birliği
KVBK KİMYA VE DIŞ TİC LTD.ŞTİ;KÜÇÜKÇEKMECE İKİTELLİ OSB MAH. KÜÇÜKÇEKMECE İSTANBUL;;;;İMİB - İstanbul Maden İhracatçıları Birliği
KVK TURİZM İNŞAAT SANAYİ VE TİCARET ANONİM ŞİRKETİ;AYAZAĞA MAH. MİMAR SİNAN SK. C NO:21 C / 28 SARIYER İSTANBUL;;;;İMİB - İstanbul Maden İhracatçıları Birliği
KY MAKİNA HIRDAVAT SAN.VE TİC.LTD.ŞTİ.;PERŞEMBE PAZARI CD NO:25 BEYOĞLU İSTANBUL;(212) 2437547;www.kymakina.com;kymakina.com;İMİB - İstanbul Maden İhracatçıları Birliği
KYR KİMYA YAPI VE İNŞAAT MALZEMELERİ İMALAT PAZARLAMA DIŞ TİCARET LİMİTED ŞİRKETİ;İSTASYON MAH. YARIŞ ÇIKMAZI SK. NO :1/147 TUZLA İSTANBUL;;;;İMİB - İstanbul Maden İhracatçıları Birliği
KZNC DIŞ TİCARET İNŞAAT GIDA TURİZM VE OTOM.SANAYİ LİMİTED ŞİRKETİ;SAHRAYICEDİT MAH. ATATÜRK CAD. NO:69 MESA KOZ KAT:11 D:157 KADIKÖY İSTANBUL;(216) 3918931;;;İMİB - İstanbul Maden İhracatçıları Birliği
LABNETWORK LABORATUVAR ÇÖZÜMLERİ ANONİM ŞİRKETİ;KAZIMDİRİK MAH.ÜNİVERSİTE CAD.NO:116/12 BORNOVA İZMİR;(232) 5031135;www.labnetwork.com.tr;labnetwork.com.tr;İMİB - İstanbul Maden İhracatçıları Birliği
LABRADOR MADENCİLİK SANAYİ TİCARET ANONİM ŞİRKETİ;ANKARA MERMERCİLER SİTESİ 3706. CAD NO:79 YUVAKÖY MAH YENİMAHALLE ANKARA;(312) 2850600;www.labradormarble.com;labradormarble.com;İMİB - İstanbul Maden İhracatçıları Birliği
LACİVERT KONSEPT METAL VE ENDÜSTRİYEL TASARIM SANAYİ VE TİCARET LİMİTED ŞİRKETİ;İKİTELLİ OSB MAHALLESİ GİYİM SANATKARLARI 4B BLOK SOKAK NO 4 B / 409/ BAŞAKŞEHİR BAŞAKŞEHİR İSTANBUL;(212) 6535301;;;İMİB - İstanbul Maden İhracatçıları Birliği
LADİN YAPI SİSTEMLERİ SAN.VE TİC.LTD.ŞTİ.;EĞİTİM MAH. POYRAZ SK. SÖĞÜTLÜÇESME İŞ MERK. NO: 1/5-6, PK: 34722 KADIKÖY/İSTANBUL, TURKEYNO:2/5-6 KADIKÖY İSTANBUL;(216) 4147193;;;İMİB - İstanbul Maden İhracatçıları Birliği
LALOĞLU GRUP MADENCİLİK SANAYİ VE TİCARET ANONİM ŞİRKETİ;IŞIKTEPE MAH. FIRTINALI SK. NO:25/A LALOĞLU PLAZA NİLÜFER BURSA;(224) 2537788;www.lalstones.com;lalstones.com;İMİB - İstanbul Maden İhracatçıları Birliği
LAMASAT GROUP DIŞ TİCARET SANAYİ LİMİTED ŞİRKETİ;ALİKUŞÇU MAHALLESİ MACAR KARDEŞLER CADDE NO:40/21 FATİH İSTANBUL;(212) 0683027;www.lamasatgrup.com;lamasatgrup.com;İMİB - İstanbul Maden İhracatçıları Birliği
LAMEANT KİMYA SANAYİ VE TİCARET LİMİTED ŞİRKETİ;YENİŞEHİR MAH SENA SK DUMANKAYA KONSEPT B4 N:10/17 PENDİK İSTANBUL;(216) 9699531;;;İMİB - İstanbul Maden İhracatçıları Birliği
LAMİNA DEKSTRİN KİMYA SANAYİ VE TİCARET LİMİTED ŞİRKETİ;NEVİYE MAH. ATA SK. NO: 13 ARİFİYE SAKARYA;(264) 0000000;;;İMİB - İstanbul Maden İhracatçıları Birliği
LAPİS MARBLE MADENCİLİK SAN.VE TİC.LTD.ŞTİ.;FERHATPAŞA MAH.73.SK NO:21/7 ATAŞEHİR ATAŞEHİR İSTANBUL;(216) 4713000;http://www.lapismarblegallery.com;lapismarblegallery.com;İMİB - İstanbul Maden İhracatçıları Birliği
LATRO KİMYA DIŞ TİC. A.Ş.;ATATÜRK SAN.BÖLGESİ İBNİ SİNA CAD. NO.3 K.1 HADIMKÖY(BOYALIK) ARNAVUTKÖY İSTANBUL;(212) 7716036;www.latro.com.tr;latro.com.tr;İMİB - İstanbul Maden İhracatçıları Birliği
LAURA DIŞ TİCARET LİMİTED ŞİRKETİ;ŞENLİKKÖY MAH. KIRSERDAR SK. BALKUV SİT. NO: 65/2 BAKIRKÖY İSTANBUL;(212) 6621025;;;İMİB - İstanbul Maden İhracatçıları Birliği
LAVAMİN MADENCİLİK SANAYİ TİCARET ANONİM ŞİRKETİ;İŞÇİ BLOKLARI MAHALLESİ MEVLANA BULVARI EGE PLAZA BLOK NO: 182B İÇ KAPI NO:94 ÇANKAYA /ANKARA ÇANKAYA ANKARA;(312) 0000000;;;İMİB - İstanbul Maden İhracatçıları Birliği
LAZGAR TURİZM REKLAM VE ORGANİZASYON LİMİTED ŞİRKETİ;HADIMKÖY MH.İSTASYON CAD.N:5/1 ARNAVUTKÖY İSTANBUL;;;;İMİB - İstanbul Maden İhracatçıları Birliği
LBB TRADE MAKİNE SANAYİ İTHALAT İHRACAT LİMİTED ŞİRKETİ;ESENTEPE MAH. CEVİZLİ D-100 GÜNEY YANYOL CAD. LAPİS HAN. NO:25/88 KARTAL İSTANBUL;;;;İMİB - İstanbul Maden İhracatçıları Birliği
LCL DIŞ TİCARET LİMİTED ŞİRKETİ;DEMİRTAŞ CUMHURİYET MAH.MÜJDAT KÖSTENDİL CAD.17 B OSMANGAZİ BURSA;(224) 5141600;;;İMİB - İstanbul Maden İhracatçıları Birliği
LEADCHEM KİMYA SANAYİ VE TİCARET ANONİM ŞİRKETİ;BARBAROS MAH. MOR SÜMBÜL SK. VARYAP MERİDİAN I BLOK NO: 1 İÇ KAPI NO: 161 ATAŞEHİR İSTANBUL;(216) 7841662;www.leadchem.eu;leadchem.eu;İMİB - İstanbul Maden İhracatçıları Birliği
LEGOMAR MERMER MADENCİLİK SAN. TİC. LTD. ŞTİ.;ETİLER MH. ADNAN MENDERESBULV. 829 SK. A PLAZA NO.3 D.12 MURATPAŞA ANTALYA;(242) 3225346;;;İMİB - İstanbul Maden İhracatçıları Birliği
LEO MADENCİLİK VE DIŞ TİCARET LTD.ŞTİ.;AYAZAGA MAH. MİMAR SİNAN SK SEBAOFFİCE BOULEVARD. NO:21, D BLOK KAT:3 DAİRE:24, SARIYER İSTANBUL;;;;İMİB - İstanbul Maden İhracatçıları Birliği
LEOMAR MERMER MADEN MOZAİK PAZARLAMA NAKLİYE İMALAT İTHALAT İHRACAT SANAYİ VE TİCARET LİMİTED ŞTİ.;HACIİLYAS MAH HALİM HAFIZ SOK.SAĞIROĞLU İŞ MERKEZİ 9/31 PK:05100 MERKEZ AMASYA;(358) 2220042;;;İMİB - İstanbul Maden İhracatçıları Birliği
LEONARDO MERMER MADENCİLİK A.Ş.;KOZYATAĞI MAH. BAYAR CAD. ŞEHİT İLKNUR KELEŞ SOK.ANAÇ AKSAKAL PLAZA NO: 10 KAT: 3 34742 KOZYATAĞI KADIKÖY İSTANBUL;(216) 3251915;www.leonardomarble.com;leonardomarble.com;İMİB - İstanbul Maden İhracatçıları Birliği
LEONARDO ORİENT DOĞAL TAŞ SAN. A.Ş.;KOZYATAĞI MAH.BAYAR CAD.ŞEHİT İLKNUR KELEŞ SOK.N:10 AKSAKAL PLZ. K:3 KADIKÖY İSTANBUL;(216) 3251915;www.leonardoorient.com;leonardoorient.com;İMİB - İstanbul Maden İhracatçıları Birliği
LEONAS DIŞ TİCARET LİMİTED ŞİRKETİ;AZİZ MAHMUT HÜDAYİ MAH. HASBAHÇE SK. NO:18 İÇ KAPINO:1 ÜSKÜDAR İSTANBUL;(216) 0000000;;;İMİB - İstanbul Maden İhracatçıları Birliği
LEOX ENDÜSTRİ ÜRÜNLERİ SANAYİ VE TİCARET ANONİM ŞİRKETİ;EGEMENLİK MAH.6106/19 SOK.NO:5 35070 BORNOVA, İZMIR, TÜRKİYE IŞIKKENT BORNOVA İZMİR;(232) 4370442;;;İMİB - İstanbul Maden İhracatçıları Birliği
LEPO TEKNİK MÜHENDİSLİK MAKİNA MADEN SANAYİ VE TİCARET LİMİTED ŞİRKETİ;ÖMERAĞA MAH. İSTİKLAL CAD. GAKKO İŞHANI NO: 85 K.5D:65-66 İZMİT KOCAELİ;(262) 3318078;;;İMİB - İstanbul Maden İhracatçıları Birliği
LETA AŞINDIRICI TEKNOLOJİLERİ SANAYİ VE TİCARET ANONİM ŞİRKETİ;ESENKENT MAH.İKTİBAS SOKAKYAMEKOĞLU İŞ MERKEZİ NO:29 D4 ÜMRANİYE İSTANBUL;(216) 4715492;;;İMİB - İstanbul Maden İhracatçıları Birliği
LEVANT GROUP MADEN ANONİM ŞİRKETİ;HARBİYE MAH.BOSTAN SK.NO15/5 BEYOĞLU İSTANBUL;(212) 0000000;;;İMİB - İstanbul Maden İhracatçıları Birliği
LEVANTİNO MERMER MADENCİLİK İTHALAT İHRACAT VE DIŞ TİCARET SANAYİ LİMİTED ŞİRKETİ;AKAT MAH. PROF DR. KAYA ÇİLİNGİROĞLU CAD. SARI KONAKLAR İŞ MERKEZİ BLOK NO:6 İÇ KAPI NO:1 BEŞİKTAŞ İSTANBUL;(212) 0000000;;;İMİB - İstanbul Maden İhracatçıları Birliği
LEVAS ASANSÖR SAN VE TİC LTD ŞTİ.;FATİH MAH TUNA CAD NO 43 SANCAKTEPE İSTANBUL;(216) 3111188;;;İMİB - İstanbul Maden İhracatçıları Birliği
LEVENT İLAÇ TİCARET LİMİTED ŞİRKETİ;NİSBETİYE MAHALLESİ BAŞLIK SK. TULİN APARTMANNO:8/1 BEŞİKTAŞ İSTANBUL;(212) 4260621;;;İMİB - İstanbul Maden İhracatçıları Birliği
LEVENT SOBA BORU VE DİRSEK İMALATI SAN. TİC. LTD. ŞTİ.;HEKİMSUYU MAH.559.SOK.NO:23 KÜÇÜKKÖY GAZİOSMANPAŞA İSTANBUL;(212) 4777241;;;İMİB - İstanbul Maden İhracatçıları Birliği
LEXSA YAPI TİCARET ANONİM ŞİRKETİ;YAKUPLU MAH. 65. SOKAK NO:35/3 BEYLİKDÜZÜ İSTANBUL;(212) 8755515;;;İMİB - İstanbul Maden İhracatçıları Birliği
LEYLA YILMAZ;SİTELER MH. 2. ÇAĞLAR SK. NO:14/2 YILDIRIM BURSA;;;;İMİB - İstanbul Maden İhracatçıları Birliği
LGI MADENCİLİK ANONİM ŞİRKETİ;HARBİYE MAH.BOSTAN SOK.NO:15/5 BEYOĞLU İSTANBUL;;;;İMİB - İstanbul Maden İhracatçıları Birliği
LIGHTSTONE YAPI TURİZM SANAYİ TİCARET LİMİTED ŞİRKETİ;BAHÇELİEVLER MAH. HÜRRİYET CAD. MO:18/7 KARAMANLI BOLU BOLU;;;;İMİB - İstanbul Maden İhracatçıları Birliği
LIZCHEM KİMYA SANAYİ VE TİCARET LİMİTED ŞİRKETİ;CAMİKEBİR MAH. SANAYİ 3 SK. NO: SEFERİHİSAR SEFERİHİSAR İZMİR;(232) 4220525;;;İMİB - İstanbul Maden İhracatçıları Birliği
LİCAPA DIŞ TİCARET LTD. ŞTİ.;BÜYÜKBAKKALKÖY MAH. MEZARLIIK YOLU NO:9 MALTEPE İSTANBUL;(216) 3118664;;;İMİB - İstanbul Maden İhracatçıları Birliği
LİDA İNŞAAT MİMARLIK VE PROJE YÖNETİMİ SAN. TİC. LTD. ŞTİ.;KÜÇÜKBAKKALKÖY MH KOCAYUSUF SK NO:41/A/9 ATAŞEHİR İSTANBUL;;;;İMİB - İstanbul Maden İhracatçıları Birliği
LİDA MERMER SANAYİ VE TİCARET LİMİTED ŞİRKETİ;İZ TOWER ORTA MAH. YALNIZ SELVİ CAD. NO : 31 / 121 KARTAL İSTANBUL;(216) 5106014;www.lidamarble.com;lidamarble.com;İMİB - İstanbul Maden İhracatçıları Birliği
LİDER GRUP HIRDAVAT SANAYİ VE TİCARET ANONİM ŞİRKETİ;İSTOÇ MAHMUTBEY MAH. 2434. SOK. NO: 6 BAĞCILAR İSTANBUL;(212) 5145350;;;İMİB - İstanbul Maden İhracatçıları Birliği
LİMRA DOĞAL TAŞ SAN. VE TİC. LTD.ŞTİ.;GEÇİT MAH. 2.GÜNDOĞDU SOKAK NO. 154 OSMANGAZİ BURSA;(224) 2392444;www.limramermer.com;limramermer.com;İMİB - İstanbul Maden İhracatçıları Birliği
LİNEER METAL SANAYİ VE TİC. AŞ.;LEVENT MAH. BEYAZKARANFİL SK. NO: 2 BEŞİKTAŞ İSTANBUL;(212) 2510070;;;İMİB - İstanbul Maden İhracatçıları Birliği
LİNEK GLOBAL İTHALAT İHRACAT İNŞAAT MERMER GIDA ETİCARET SANAYİ TİCARET LİMİTED ŞİRKETİ;YAKUPLU MAH. HÜRRİYET BULVARI SKYPORT RESIDENCENO:1 İÇ KAPI NO:64 BEYLİKDÜZÜ İSTANBUL;;;;İMİB - İstanbul Maden İhracatçıları Birliği
LİNORA DIŞ TİCARET LİMİTED ŞİRKETİ;CUMHURİYET MAH. CEVVAL SOK. NO:1/3 IC KAPI NO:183 BUYUKCEKMECE/ISTANBUL CUMHURİYET MAH BÜYÜKÇEKMECE İSTANBUL;(212) 8531318;http://www.linora.com.tr;linora.com.tr;İMİB - İstanbul Maden İhracatçıları Birliği
LİON ADHESIVES KİMYA TİC. LTD. ŞTİ.;BEYLİKDÜZÜ O.S.B.MAH.2.BLV. N:10 BEYLİKDÜZÜ İSTANBUL;(212) 4856464;;;İMİB - İstanbul Maden İhracatçıları Birliği
LİON GLOBAL KÜKÜRT İTHALAT İHRACAT SANAYİ TİCARET LİMİTED ŞİRKETİ;DİNÇER MAH. 2603 SK. NO:10 B ŞEHZADELER MANİSA;(236) 0000000;;;İMİB - İstanbul Maden İhracatçıları Birliği
LİON MEKANİK ELEKTRİK SANAYİ VE DIŞ TİCARET LİMİTED ŞİRKETİ;İKİTELLİ OSB MAH. GİYİM SANATKARLARI SİT. 4C BLOK KAT:5 NO:511 BAŞAKŞEHİR İSTANBUL;(212) 6714474;www.lionelektrik.net;lionelektrik.net;İMİB - İstanbul Maden İhracatçıları Birliği
LİVA FORM METAL SAN.VE TİC.A.Ş.;FETHİYE OSB. MAH. ALİ OSMAN SÖNMEZ BLV. NO:1 NİLÜFER BURSA;(224) 2431114;www.livaformmetal.com;livaformmetal.com;İMİB - İstanbul Maden İhracatçıları Birliği
LİVA GAZ ARMATÜRLERİ SANAYİ VE TİCARET ANONİM ŞİRKETİ;DELİKLİKAYA MH.ÇUBUKLU CD NO:7 ARNAVUTKÖY İSTANBUL;(212) 6716583;www.lva.com.tr;lva.com.tr;İMİB - İstanbul Maden İhracatçıları Birliği
LİVA MERMER MADEN SANAYİ VE DIŞ TİCARET LİMİTED ŞİRKETİ;YESILKÖY MAH. ATATÜRK CAD. DÜNYA TICARET MERKEZI NO: 10 IÇ KAPI NO: 208 BAKIRKÖY İSTANBUL;(212) 6520916;;;İMİB - İstanbul Maden İhracatçıları Birliği
LİVA SAVUNMA SANAYİ VE DIŞ TİCARET ANONİM ŞİRKETİ;İTOB OSB MAH. 10008 SK. NO:5 İTOB OSB MAH. 10008 SNO:5 CUMAOVASI(MENDERES) İZMİR;(232) 2655550;;;İMİB - İstanbul Maden İhracatçıları Birliği
LİVAMER MADENCİLİK MÜHENDİSLİK MÜŞAVİRLİK TİCARET LİMİTED ŞİRKETİ;BEŞTEP MAHALLESİ MERTEBE CADDESİ NO:22/3 YENİMAHALLE ANKARA;(312) 2132763;;;İMİB - İstanbul Maden İhracatçıları Birliği
LİYA DETERJAN KOZMETİK SANAYİ VE DIŞ TİCARET LİMİTED ŞİRKETİ;CUMHURİYET MAH.D-100 KARAYOLU CAD.ADM KONAKLAMAOUTLET PARK NO:374 Ç KAPI NO:78 BÜYÜKÇEKMECE İSTANBUL;(212) 0000000;;;İMİB - İstanbul Maden İhracatçıları Birliği
LİYA TEKNOLOJİ MİNERAL SANAYİ VE TİCARET LİMİTED ŞİRKETİ;ATATÜRK MAH. ERTUĞRUL GAZİ SK. METROPOL İSTANBUL A BLOK NO:2 E /331 ATAŞEHİR İSTANBUL;;;;İMİB - İstanbul Maden İhracatçıları Birliği
LİYENDA MADEN ANONİM ŞİRKETİ;ÜÇEVLE MAH.72 (220) SOK. AKNİL PLAZA SİT. NO6/17 NİLÜFER BURSA;(224) 4417722;;;İMİB - İstanbul Maden İhracatçıları Birliği
LMA MOTİF-AL DÖKÜM SAN.VE MÜM.LTD.ŞTİ.;KİMYACILAR ORG.SAN.BÖLG.MELEK ARAS BULV.TUNA CAD.NO:2 TUZLA İSTANBUL;(216) 5931361;;;İMİB - İstanbul Maden İhracatçıları Birliği
LMS BETON YAPI EKİPMANLARI İNŞAAT TAAHHÜT TİCARET LİMİTED ŞİRKETİ;ATAKENT MAHALLESİ, SAPANCA YOLU CADDESİ, NO:24, İÇKAPI NO:14, KARTEPE, KOCAELİ KARTEPE KOCAELİ;(262) 0000000;;;İMİB - İstanbul Maden İhracatçıları Birliği
LOBAN ELEKTRİK İTHALAT İHRACAT SANAYİ TİCARET LİMİTED ŞİRKETİ;HADIMKÖY YOLU CAD. NO:18/B HARAÇCI MAH. ARNAVUTKÖY İSTANBUL;(212) 2922167;www.eraylarelektrik.com;eraylarelektrik.com;İMİB - İstanbul Maden İhracatçıları Birliği
LONGRAN ANKASTRE SİSTEMLERİ SAN. TİC. LTD. ŞTİ.;BARBAROS HAYRETTİN PAŞA MAH. 1992. SOK. NO:14/108 ESENYURT İSTANBUL;(212) 8869598;www.ukinox.com.tr;ukinox.com.tr;İMİB - İstanbul Maden İhracatçıları Birliği
LONGRAN MUTFAK CİHAZLARI SANAYİ TİCARET ANONİM ŞİRKETİ;İÇERENKÖY MH ÜSKÜDAR İÇERENKÖY YOLU CD VIP CENTER NO:10 A ESENYURT İSTANBUL;(212) 8869598;www.ukinox.com.tr;ukinox.com.tr;İMİB - İstanbul Maden İhracatçıları Birliği
LOTUS DOĞAL TAŞ DEKOR SAN. TİC. LTD. ŞTİ.;KOZYATAĞI MAH.SARIKANARYA SK.BYOFFICE 14 - 7 KADIKÖY İSTANBUL;;;;İMİB - İstanbul Maden İhracatçıları Birliği
LS MADENCİLİK LİMİTED ŞİRKETİ;GÖKALP MH. 39. SK. NO:17 ZEYTİNBURNU / İSTANBUL ZEYTİNBURNU İSTANBUL;(212) 0000000;;;İMİB - İstanbul Maden İhracatçıları Birliği
LTG KOMPOZİT MALZEMELER A.Ş.;A.O.S. 2. KISIM 8. UST SOKAK NO: 273 SARIYER İSTANBUL;;;;İMİB - İstanbul Maden İhracatçıları Birliği
LTY WORLDWIDE DIS TICARET LTD.STI.;ATAKOY 7-8-9-10. KISIM MAH. COBANCESME E-5 YAN YOL TOWERS A BLOK NO:20/1/70 BAKIRKÖY İSTANBUL;(212) 4449981;;;İMİB - İstanbul Maden İhracatçıları Birliği
LUMAR İNŞAAT SANAYİ TİCARET LTD ŞTİ;İKİTELLİ OSB MAH.GİYİM SANATKARLARI 1A BLOK SOK.NO:1 A BLOK İÇ KAPI.306 BAŞAKŞEHİR İSTANBUL;(212) 0000000;www.lumarmarble.com;lumarmarble.com;İMİB - İstanbul Maden İhracatçıları Birliği
LUMARK MADENCİLİK VE TİCARET A.Ş.;EMNİYET EVLERİ MAH. ESKİ BÜYÜKDERE CAD. SAPPHIRE B BLOK NO:1-1-KAPI:1B04 KAĞITHANE İSTANBUL;(212) 0000000;;;İMİB - İstanbul Maden İhracatçıları Birliği
LUXXUR DESIGN MİMARİ DANIŞMANLIK HİZMETLERİ SANAYİ VE TİCARET LİMİTED LİMİTED ŞİRKETİ;FULYA MAH. BÜYÜKDERE CAD. QUASAR NO:76 İÇ KAPI NO: ŞİŞLİ İSTANBUL;(212) 0000000;;;İMİB - İstanbul Maden İhracatçıları Birliği
LYSA MAKİNA VE HAM MADDE DIŞ TİCARET LİMİTED ŞİRKETİ;MAVİGÖL MAH.ABDULLAH GÜL CAD.NO:74 İÇKAPI NO:3 ARNAVUTKÖY İSTANBUL;(212) 0000000;;;İMİB - İstanbul Maden İhracatçıları Birliği
M A KOZMETİK SAN.DIŞ TİC.LTD.ŞTİ.;HALUK TANER SOK GENERAL ALİ RIZA CAD ALPARSLAN İŞ MRK NO 27 B K 4 NO 13 GÜNGÖREN İSTANBUL;(212) 4030567;;;İMİB - İstanbul Maden İhracatçıları Birliği
M ARTI YAPI İNŞ MALZ PAZ SAN TİC LTD ŞTİ;DEMİRCİLER SİT. 10 CD. NO:80 ZEYTİNBURNU İSTANBUL;(212) 6655277;www.martiyapi.com;martiyapi.com;İMİB - İstanbul Maden İhracatçıları Birliği
M VE N PAZAR ARAŞTIRMA REKLMC. KUY.VE MÜH.HİZM.LTD.ŞTİ.;PERPA TIC.MRK.B BLOK KAT.8NO.1017 OKMEYDANI ŞİŞLİ İSTANBUL;02123207632;www.aquamas.com;aquamas.com;İMİB - İstanbul Maden İhracatçıları Birliği
M.T REKLAM ANONİM ŞİRKETİ;SELİN SOK. CUMHURİYET MAH.NO:1 GEBZE KOCAELİ;02626588880;www.mtdisplays.com.tr;mtdisplays.com.tr;İMİB - İstanbul Maden İhracatçıları Birliği
M2 DOĞALTAŞ SANAYİ TİCARET LTD. ŞTİ.;FERHATPAŞA MAHALLESİ 57. SOKAK NO: 14 ATAŞEHİR İSTANBUL;(216) 6614959;;;İMİB - İstanbul Maden İhracatçıları Birliği
MABAYCO ENDÜSTRİYEL ÜRÜNLER LTD. ŞTİ.;MALTEPE MH. ESKİ ÇIRPICI YOLU SK. MERTER MERİDYENİŞ MERKEZİ NO: 1/Z/35 ZEYTİNBURNU İSTANBUL;(212) 5822266;;;İMİB - İstanbul Maden İhracatçıları Birliği
MACAA DIŞ TİCARET İNŞAAT VE SANAYİ LİMİTED ŞİRKETİ;ATATÜRK MH ERTUĞRUL GAZİ SK METROPOL İSTANBUL SİT C1 BLOK NO:2B/376 ATAŞEHİR İSTANBUL;;www.macaa.com.tr;macaa.com.tr;İMİB - İstanbul Maden İhracatçıları Birliği
MADKİM MADEN VE KİMYA SANAYİ VE TİCARET LİMİTED ŞİRKETİ;YESARİ ASIM ARSOY SOK.SAFA APT.NO:4/36 ERENKÖY KADIKÖY İSTANBUL;(216) 3682327;www.madkim.com.tr;madkim.com.tr;İMİB - İstanbul Maden İhracatçıları Birliği
MAGE MERMER VE DOĞAL TAŞLAR SANAYİ TİCARET LİMİTED ŞİRKETİ;GÖZTEPE MAH PAPATYA SK N:33/1 BEYKOZ İSTANBUL;;;;İMİB - İstanbul Maden İhracatçıları Birliği
MAHER INTERNATIONAL İTHALAT İHRACAT GIDA ARAÇ KİRALAMA İNŞAAT EMLAK TİCARET LİMİTED ŞİRKETİ;SULTANİYE MAH. DOĞAN ARASLI BLV. HAN PLUS NO: 146 150 İÇ KAPI NO: 97 ESENYURT İSTANBUL;(212) 0000000;;;İMİB - İstanbul Maden İhracatçıları Birliği
MAHIR RAHIMLI;EXPO 2002 TÜRK ÜRÜNLERI IHR MRK 3 NO.ANTREPO DIS AL.BB9 SALIPAZARI BEYOĞLU İSTANBUL;02122443979;;;İMİB - İstanbul Maden İhracatçıları Birliği
MAHLİ İNŞAAT GIDA TEKSTİL MADENCİLİK SANAYİ VE TİCARET ANONİM ŞİRKETİ;YENİBOSNA MERKEZ MAHALLESİ DEĞİRMENBAHÇE CADDESİİSTWEST A 1 B 17 / 15 YENİBOSNA BAHÇELİEVLER İSTANBUL;(212) 8031037;;;İMİB - İstanbul Maden İhracatçıları Birliği
MAHZENS MADENCİLİK FİLM YAPIM İNŞAAT NAKLİYE VE TİCARET ANONİM ŞİRKETİ;İSTANBUL BEŞİKTAŞ KÜLTÜR MAH. ADNAN SAYGUN CADAKMERKEZ RESİDENCE, D:13 D:1 BEŞİKTAŞ İSTANBUL;(212) 2701067;;;İMİB - İstanbul Maden İhracatçıları Birliği
MAJİSTRAL PHARMA İLAÇ ECZA DEPOSU VE KİMYEVİ ÜRÜNLER SAN. TİC. LTD. ŞTİ.;HARBİYE MAH. ÇETİN EMEÇ BULV.NO:31/E ÇANKAYA ÇANKAYA ANKARA;(312) 0000000;http://www.majistralpharma.com;majistralpharma.com;İMİB - İstanbul Maden İhracatçıları Birliği
MAK EXPORT DIŞ TİCARET SANAYİ TİCARET LİMİTED ŞİRKETİ;ESENTEPE MAH BÜYÜKDERE CAD LEVENT 199 NO: 199İÇ KAPI NO:6 ŞİŞLİ İSTANBUL;;;;İMİB - İstanbul Maden İhracatçıları Birliği
MAKFEN MAKİNE KİMYA İNŞAAT MÜHENDİSLİK SANAYİ VE TİCARET LİMİTED ŞİRKETİ;SANAYİ MAH.SANAYİ CAD.NO:25/1 PENDİK İSTANBUL;(216) 3971739;;;İMİB - İstanbul Maden İhracatçıları Birliği
MAKRO BOYA VE KIMYA SANAYI TİCARET LİMİTED ŞİRKETİ;AYDINLI MAH.İSTANBUL ANADOLUYAKASI ORG.SAN.BÖLG. 9 .SK NO:4 TEPEÖREN TUZLA İSTANBUL;02165931900;www.makroboya.com;makroboya.com;İMİB - İstanbul Maden İhracatçıları Birliği
MAKRO MERMER MADENCİLİK İNŞAAT İTHALAT İHRACAT VE PAZARLAMA ANONİM ŞİRKETİ;CUMHURİYET MAH.SÜRGÜLÜ SOK.NO:1 SİNCAN ANKARA;(312) 4801771;www.makromermer.com;makromermer.com;İMİB - İstanbul Maden İhracatçıları Birliği
MAKSAR GRUP ENDÜSTRİYEL İNŞAAT TAAHHÜT SANAYİ VE TİCARET LİMİTED ŞİRKETİ;ALAADDİNBEY MAH.614.SK.KOYUNCU NO: 5 İÇ KAPI NO 14 NİLÜFER BURSA;(224) 0000000;;;İMİB - İstanbul Maden İhracatçıları Birliği
MAKSES MÜHENDİSLİK MAKİNA İML.İNŞ.TAAH.SAN.TİC.LTD.ŞTİ.;YENİ YALI MAH. ŞEHİT MEHMET SOK. NO:4 K:1 D:2 KÖRFEZ KOCAELİ;(262) 5050061;;;İMİB - İstanbul Maden İhracatçıları Birliği
MAKSIMUM EV İHTİYAÇ MADDELERİ PAZARLAMA SAN. VE TİC. LTD. ŞTİ.;Y.DOĞAN MEVLANA MAH.GAZİ CAD. ÇİÇEK SOK.NO:3 SANCAKTEPE İSTANBUL;(216) 3123341;;;İMİB - İstanbul Maden İhracatçıları Birliği
MAKSİMİZE TEKNOLOJİ VE OFİS ÜRÜNLERİ SANAYİ TİCARET LİMİTED ŞİRKETİ;NİNEHATUN MAHALLESİ 119 SOKAK NO:4/A ESENLER İSTANBUL;(212) 5623412;;;İMİB - İstanbul Maden İhracatçıları Birliği
MAKSİNİ İNŞAAT MÜHENDİSLİK VE MADENCİLİK SANAYİ TİCARET LİMİTED ŞİRKETİ;İNÖNÜ CADDESİ SÜMER SOKAK ZİTAŞ BLOKLARI C-5 BLOK K:6 / 14 KADIKÖY İSTANBUL;(232) 4634390;;;İMİB - İstanbul Maden İhracatçıları Birliği
MAKSMAR MADENCİLİK İNŞAAT SANAYİ VE TİCARET ANONİM ŞİRKETİ;KÜÇÜK ÇAMLICA MAH. ÜÇPINARLAR CAD. NO.31/1 ÜSKÜDAR İSTANBUL;(216) 4591789;;;İMİB - İstanbul Maden İhracatçıları Birliği
MAKTECH PROJE TASARIM MAKİNE VE MÜHENDİSLİK SANAYİ TİCARET LİMİTED ŞİRKETİ;BARBAROS HAYRETTİN PAŞA MAH. 1922 SK. VETROCİTY NO:16/192 ESENYURT İSTANBUL;(212) 8560027;;;İMİB - İstanbul Maden İhracatçıları Birliği
MAMAN MAĞAZACILIK TEKSTİL SANAYİ VE TİCARET LİMİTED ŞİRKETİ;BALAT MAHALLESİ 2. BALAT CADDESİ NO:2 DAİRE 4 NİLÜFER BURSA;(212) 0000000;www.mamonme.com;mamonme.com;İMİB - İstanbul Maden İhracatçıları Birliği
MAMBO MADENCİLİK MÜHENDİSLİK DANIŞMANLIK MERMER MOBİLYA OTOMOTİV İNŞ. SAN. VE TİC. LTD. ŞTİ.;BEŞEVLER MAH. GÜNEŞ CAD. NO.3B/1 NİLÜFER BURSA;(224) 4522526;www.mambomarble.com;mambomarble.com;İMİB - İstanbul Maden İhracatçıları Birliği
MANGAN İNŞAAT TAAHHÜT TİCARET TURİZM VE MÜŞAVİRLİK ANONİM ŞİRKETİ;ŞERİFALİ MAH.MİRAS SK. NO:2 YUKARIDUDULLU ÜMRANİYE İSTANBUL;(216) 4782243;www.mangan.com.tr;mangan.com.tr;İMİB - İstanbul Maden İhracatçıları Birliği
MANOLYA MADENCİLİK A.Ş;MASLAK MAH/SEMT BİLİM SK. SUN PLAZA 5 A 4 KAĞITHANE İSTANBUL;(212) 9788357;;;İMİB - İstanbul Maden İhracatçıları Birliği
MAPAŞ HIRDAVATÇILIK İTH. VE PAZ. AŞ;İSTANBUL TUZLA OSB 15. CAD NO:03 TEPEÖREN TUZLA İSTANBUL;02165769072;www.mapas.com.tr;mapas.com.tr;İMİB - İstanbul Maden İhracatçıları Birliği
MAPLAB KOZMETİK SANAYİ İÇ VE DIŞ TİCARET LİMİTED ŞİRKETİ;CUMHURİYET MAHALLESİ 1993 SOKAK PAPATYA RESİDENCE ESENYURT İSTANBUL;;;;İMİB - İstanbul Maden İhracatçıları Birliği
MARBEL MERMER GRANİT İNŞAAT SAN.TİC.İTH. VE İHR.LTD.ŞTİ.;ATATÜRK CAD. NO:161 ALİBEYKÖY EYÜP İSTANBUL;(212) 6271150;www.marbelmermer.com;marbelmermer.com;İMİB - İstanbul Maden İhracatçıları Birliği
MARBELLA GROUP İTHALAT VE İHRACAT TİCARET LİMİTED ŞİRKETİ;BAHÇEŞEHİR 2. KISIM MAH. 10. YIL CAD. FLORA A3 BLOK NO.7/17 BAŞAKŞEHİR İSTANBUL;(212) 0000000;;;İMİB - İstanbul Maden İhracatçıları Birliği
MARBELLA NATURAL STONE MADENCİLİK ANONİM ŞİRKETİ;MİTHATPAŞA MAH. SELANİK BUL. NO: 116 EYÜP İSTANBUL;;http://www.marbella.com.tr;marbella.com.tr;İMİB - İstanbul Maden İhracatçıları Birliği
MARBLE BROTHER DIŞ TİCARET LTD.ŞTİ.;HAMZABEY MAH. HACI AHMET CAMİ SOK. NO:2/B MUSTAFAKEMALPAŞA BURSA;(224) 6130999;www.marblebrother.com.tr;marblebrother.com.tr;İMİB - İstanbul Maden İhracatçıları Birliği
MARBLE DESİNG İÇ VE DIŞ TİCARET LİMİTED ŞİRKETİ;15 TEMMUZ MH. 1421 SK. NO: 4A BAĞCILAR İSTANBUL;;;;İMİB - İstanbul Maden İhracatçıları Birliği
MARBLE FIRST MERMER İTHALAT VE İHRACAT LTD.ŞTİ.;KÜÇÜKBAKKALKÖY MAH. SELVILI SK. NO: 4 IÇ KAPI NO: ATAŞEHİR İSTANBUL;(216) 3833525;;;İMİB - İstanbul Maden İhracatçıları Birliği
MARBLE HANDS İNŞAAT PROJE TAAHHÜT LİMİTED ŞİRKETİ;İCADİYE MAHALLESİ HAŞACI RAİF SOKAK NO:34 D:5 ÜSKÜDAR İSTANBUL;;http://www.marblehands.com;marblehands.com;İMİB - İstanbul Maden İhracatçıları Birliği
MARBLE TR MERMER TİCARET LİMİTED ŞİRKETİ;KOCASİNAN MERKEZ MAH. BAYRAKLI SK.YEŞİLYURT AP. NO:16/2 BAHÇELİEVLER / İSTANBUL BAHÇELİEVLER İSTANBUL;(216) 4612500;;;İMİB - İstanbul Maden İhracatçıları Birliği
MARBLEKON MAD.INS.HAF.NAK.ITH. IHR.SAN.TIC.LTD.STI.;BABALIK MAH.YAHYA CAVUS CAD.BASARILI ISH.NO:7/1 SELÇUKLU KONYA;;;;İMİB - İstanbul Maden İhracatçıları Birliği
MARBLEX DIŞ TİCARET LTD. ŞTİ.;YUNUS EMRE MAH. 14 NOLU SK. NO : 17/19. PK:16500 MUSTAFAKEMALPAŞA BURSA;(224) 9387345;;;İMİB - İstanbul Maden İhracatçıları Birliği
MARCO YAPI A.Ş.;FERHATPAŞA MAH. 101. SOK. NO.79 ATAŞEHİR İSTANBUL;(216) 6601101;www.marcoyapi.com;marcoyapi.com;İMİB - İstanbul Maden İhracatçıları Birliği
MARE TRADING DIŞ TİCARET ANONİM ŞİRKETİ;GÖKEVLER MAH. 2312. SK. BURC İSTANBUL SİTESİ18 BLOK NO: 18J İÇ KAPI NO: 53 ESENYURT İSTANBUL;(212) 4001313;http://mare-trade.com;mare-trade.com;İMİB - İstanbul Maden İhracatçıları Birliği
MAREKS MERMER İNŞAAT TAAHHÜT SANAYİ VE TİCARET LİMİTED ŞİRKETİ;ADNAN KAHVECİ MAH YAVUZ SULTAN SELİM BUL. ALTIN KENT BLK. N:17/A K1 B4 BEYLİKDÜZÜ İSTANBUL;(212) 8759268;www.mareksmermer.com;mareksmermer.com;İMİB - İstanbul Maden İhracatçıları Birliği
MAREX PAZARLAMA VE DIŞ TİCARET ANONİM ŞİRKETİ;KAVACIK MAH. YAYA BEYİ SOK. NO:9 İÇ KAPI NO:3 ANADOLUHİSARI BEYKOZ İSTANBUL;(216) 5388150;www.naturelmar.com;naturelmar.com;İMİB - İstanbul Maden İhracatçıları Birliği
MARİS GERİ DÖNÜŞÜM SANAYİ VE TİCARET LİMİTED ŞİRKETİ;SAHRAYICEDİT MAH.ATATÜRK CAD. MURAT APT. NO:46/8 KADIKÖY İSTANBUL;(216) 0000000;;;İMİB - İstanbul Maden İhracatçıları Birliği
MARİS MARMİ MADENCİLİK SANAYİ VE DIŞ TİCARET LİMİTED ŞİRKETİ;KONAK MAH. 1.BADEM SK.B BLOK NO: 26B İÇ KAPI NO: 1 NİLÜFER BURSA;;;;İMİB - İstanbul Maden İhracatçıları Birliği
MARİTİME DENİZ İNŞAAT ANONİM ŞİRKETİ;BARBAROS MAH. FESLEĞEN SK. B2 BLOK NO: 3 A İÇ KAPI NO: 40 ÜSKÜDAR İSTANBUL;;https://maritimemuhendislik.com;maritimemuhendislik.com;İMİB - İstanbul Maden İhracatçıları Birliği
MARKAMAR MADENCİLİK MÜHENDİSLİK LTD. ŞTİ.;NİŞANTAŞI MAH. SEFA İŞMRK. NO.28/401 SELÇUKLU KONYA;(332) 2330203;www.markamar.com.tr;markamar.com.tr;İMİB - İstanbul Maden İhracatçıları Birliği
MARMAKS MADENCİLİK İHR. SAN. VE TİC. LTD. ŞTİ.;HACIİLYAS MAH HALİM HAFIZ SK SAĞIROĞLU İŞ MER SİT. 9-28 MERKEZ AMASYA;;;;İMİB - İstanbul Maden İhracatçıları Birliği
MARMAR DAR MERMERCİLİK LİMİTED ŞİRKETİ;MAHMUTBEY MAH. HACI BOSTAN CAD. NO:22 DAİRE:31 BAĞCILAR İSTANBUL;(212) 0000000;;;İMİB - İstanbul Maden İhracatçıları Birliği
MARMARA BİLGE OKULLARI VE YAPI A.Ş;PİRİ REİS MAH. ULUÇINAR SK. NO:2 DARICA KOCAELİ;(262) 4449553;;;İMİB - İstanbul Maden İhracatçıları Birliği
MARMARA DOLOMİT A.Ş.;CEBECİ MAH. 2809. SK. NO:10 SULTANGAZİ İSTANBUL;(212) 5941294;www.marmaradolomit.com;marmaradolomit.com;İMİB - İstanbul Maden İhracatçıları Birliği
MARMARA GRANİT VE MERMER SAN. TİC. LTD. ŞTİ.;SANCAKTEPE MERVE MAH. ATATÜRK CAD. NO:328 YENİDOĞAN SANCAKTEPE İSTANBUL;(216) 5618976;;;İMİB - İstanbul Maden İhracatçıları Birliği
MARMARA METAL MAMULL.TIC.A.S.;İSTASYON MAH. E-5 ÜSTÜ FATİH OTAĞI SOK. TUZLA İSTANBUL;(216) 4472955;www.marmarametal.com;marmarametal.com;İMİB - İstanbul Maden İhracatçıları Birliği
MARMARA POLYTEKS TEKSTİL İÇ VE DIŞ TİC. LTD. ŞTİ.;KAZLIÇEŞME MAH/SEMT ALBAY CAD.ONALTI DOKUZ İST.SİTN:56 N:C BLOK İÇ KAPI NO:D:10 ZEYTİNBURNU İSTANBUL;(212) 8010503;;;İMİB - İstanbul Maden İhracatçıları Birliği
MARMARA TAŞ MARKET SANAYİ VE TİCARET LİMİTED ŞİRKETİ;SUGÖREN KÖYÜ SUGÖREN MÜCAVİR MEVKİİ YALOVA BURSA YOLU CAD. NO:520 MERKEZ YALOVA;(226) 8145852;;;İMİB - İstanbul Maden İhracatçıları Birliği
MARMAREX MARBLE DIŞ TİCARET LİMİTED ŞİRKETİ;ŞEYHMÜFTÜ MAH. FETİH SK. NO:3/3 MUSTAFAKEMALPAŞA BURSA;(224) 6133039;;;İMİB - İstanbul Maden İhracatçıları Birliği
MARMAX DIŞ TİC. A.Ş.;İDEALTEPE DİK SOK. EKO PLAZA NO:1/A MALTEPE İSTANBUL;(216) 2125505;http://www.marmax.com.tr;marmax.com.tr;İMİB - İstanbul Maden İhracatçıları Birliği
MARMER GRANİT İNŞAAT TAAHHÜT SANAYİ VE TİCARET LİMİTED ŞİRKETİ;ERTUĞRULGAZİ (BEŞEVLER) MH. CUMHURİYET CD. NO:54 KARTEPE KOCAELİ;(262) 0000000;www.marmer.com.tr;marmer.com.tr;İMİB - İstanbul Maden İhracatçıları Birliği
MARMO BİANCO MERMER SAN. VE TİC.LTD.ŞTİ.;ALTINŞEHİR MAH. 207.(208) SOKAK NO:101 NİLÜFER BURSA;(224) 2484805;;;İMİB - İstanbul Maden İhracatçıları Birliği
MARMO DECORIUM DIŞ TİCARET LİMİTED ŞİRKETİ;GÜLTEPE MAH. GÖKLER SK. NO: 11 / 4 ODUNPAZARI ESKİŞEHİR;(222) 6719864;;;İMİB - İstanbul Maden İhracatçıları Birliği
MARMOLEX MADEN DIŞ TİCARET LİMİTED ŞİRKET;HACI İLYAS MAH. HALİM HAFIZ SK. SAĞIROGLU IS MERKEZI NO: 9 İÇ KAPI NO: 39 AMASYA AMASYA;(358) 0000000;;;İMİB - İstanbul Maden İhracatçıları Birliği
MARMOR MADENCİLİK VE DIŞ TİCARET LİMİTED ŞİRKETİ;AYAZAĞA MAH. MİMAR SİNAN SK. N:21 SEBA OFFİCE BOULEVARD D BLOK K:3 D:24NO:29/10 MAÇKA SARIYER İSTANBUL;(212) 3438197;www.marmor.com.tr;marmor.com.tr;İMİB - İstanbul Maden İhracatçıları Birliği
MARMOREA GIDA TURİZM MADENCİLİK İNŞAAT VE BASIN YAYIN SANAYİ TİCARET LİMİTED ŞİRKETİ;VALİKONAĞI CD.TEŞVİKİYE MH.AKKAVAK SK.NO:20/2 TEŞVİKİYE ŞİŞLİ İSTANBUL;(212) 9315459;www.marmorea.com.tr;marmorea.com.tr;İMİB - İstanbul Maden İhracatçıları Birliği
MARMOREX MERMER MADENCİLİK LİMİTED ŞİRKETİ;KAPIKAYA MÜCAVİR MEVKİİ FIRAT SK. NO: 1 BKAPIKAYA KÖYÜ MERKEZ AMASYA;;http://www.marmorex.com.tr;marmorex.com.tr;İMİB - İstanbul Maden İhracatçıları Birliği
MARPİO MERMER TURİZM MOBİLYA İNŞAAT TEKSTİL VE GIDA SAN.DIŞ TİCARET LTD. ŞTİ.;ESENTEPE MAH. YUNUS EMRE BULVARI GAMAS MOBİLYACILAR SİT. BLOK NO:15-17C SULTANGAZİ İSTANBUL;(212) 6671972;www.marpio.com;marpio.com;İMİB - İstanbul Maden İhracatçıları Birliği
MARPOL PARLATICI SANAYİ VE TİCARET A.Ş.;GEBZE ORGANİZE SANAYİ BÖLGESİ ATATÜRK BULVARI NO:37 GEBZE KOCAELİ;(262) 7510707;;;İMİB - İstanbul Maden İhracatçıları Birliği
MARS ENDÜSTRİYEL KİMYA İNOVASYON SANAYİ VE TİCARET LİMİTED ŞİRKETİ;YENİŞEHİR MAH.MİLLET CAD.SÜMBÜL SOK.N:6 SWEET LİFE CENTER A BLOK D:35 PENDİK İSTANBUL;(216) 5041800;www.marskimya.com;marskimya.com;İMİB - İstanbul Maden İhracatçıları Birliği
MARS SAAT OPTİK DERİ TURİZM SEYAHAT ORGA. İNŞ. SAN. TİC. A.Ş.;KÜÇÜKBAKKALKÖY MAH.KAYIŞDAĞI CAD.NO :129 GÜVEN PLAZA KAT:3 ATAŞEHİR İSTANBUL;(216) 3109696;www.marsvitrindekor.com;marsvitrindekor.com;İMİB - İstanbul Maden İhracatçıları Birliği
MARSEL TAAHHÜT VE INSAAT ANONİM ŞİRKETİ;MALSAK MH BİLİM SK SUN PLAZA KAT:28/71 SARIYER İSTANBUL;(212) 8002400;;;İMİB - İstanbul Maden İhracatçıları Birliği
MARSHALL BOYA VE VERNIK SAN. A.S.;DİLOVASI ORG SAN BÖL. 1. KISIM TUNACAD. NO:1 GEBZE KOCAELİ;(262) 7547470;www.marshallboya.com;marshallboya.com;İMİB - İstanbul Maden İhracatçıları Birliği
MARTURA STONES DIŞ TİCARET ANONİM ŞİRKETİ;SARAY FATİH MAH.ÖZAL BULVARI NO:125 SARAYKÖY PURSAKLAR ANKARA;(312) 3993210;www.turanbekisoglu.com;turanbekisoglu.com;İMİB - İstanbul Maden İhracatçıları Birliği
MARZİNC DIŞ TİCARET ANONİM ŞİRKETİ;ÖZ-CE İŞ MERKEZİ HALYOLU ÇAYIR CAD.NO:3 K:2 İÇERENKÖY ATAŞEHİR İSTANBUL;(216) 5777171;www.marzinc.com.tr;marzinc.com.tr;İMİB - İstanbul Maden İhracatçıları Birliği
MASA ENERJİ İNŞAAT MADENCİLİK VE TİC. LTD. ŞTİ.;ELYSIUM FANTASTIC SİTE YÖNETİMİ CUMHURİYET İNCİRLİDEDE N:2 BOMONTİ ŞİŞLİ İSTANBUL;;;;İMİB - İstanbul Maden İhracatçıları Birliği
MASAYA YAPI MALZEMELERİ SANAYİ VE TİCARET LİMİTED ŞİRKETİ;MURATPAŞA MAH FARABİ SOK NO : 1-3 İÇ KAPI NO:1 BAYRAMPAŞA İSTANBUL;(212) 2900533;https://yenifirma.com.tr/firma/masaya-yapi-malzemeleri-sanayi-ve-ticaret-limited-sirketi;yenifirma.com.tr;İMİB - İstanbul Maden İhracatçıları Birliği
MASİVA DIŞ TİCARET LİMİTED ŞİRKETİ;TALATPAŞA MH ŞAHİN SK NO:2/B KAĞITHANE İSTANBUL;(212) 2202203;;;İMİB - İstanbul Maden İhracatçıları Birliği
MASKİM KOMPOZİT ÜRÜNLER SANAYİ VE TİCARET LİMİTED ŞİRKETİ;VELİBABA MAH. EGEMEN SOKAK NO:2 DOLAYOBA PENDİK İSTANBUL;02163077470;www.maskim.com.tr;maskim.com.tr;İMİB - İstanbul Maden İhracatçıları Birliği
MASTAŞ MAK.SAN.VE TİC.A.Ş.;GÜNLÜCE MAH. EKİNCİ SOK. NO:1 ÖDEMİŞ ÖDEMİŞ İZMİR;02325443893;;;İMİB - İstanbul Maden İhracatçıları Birliği
MASTER KARGO LOJİSTİK SAN.İÇ VE DIŞ TİC.LTD.ŞTİ.;YEŞİLCE MAH ATATÜRK CAD NO 91 GİRİŞ KAT KAĞITHANE İSTANBUL;(212) 2522008;;;İMİB - İstanbul Maden İhracatçıları Birliği
MATRİXSLT İTHALAT VE İHRACAT TİCARET LİMİTED ŞİRKETİ;YEŞİLKÖY MAH. ATATÜRK CAD. EGS BUSİNESS PARK B2 BLOK 12/1 BAKIRKÖY İSTANBUL;(212) 9426065;;;İMİB - İstanbul Maden İhracatçıları Birliği
MAVİ FİL MAKİNA KİMYA TİCARET VE SANAYİ LİMİTED ŞİRKETİ;ERTUĞRUL MH.105.SK NO:5/1 NİLÜFER BURSA;(224) 0000000;;;İMİB - İstanbul Maden İhracatçıları Birliği
MAVİBMA İNŞAAT TAAHHUT MOBİLYA ELEKTRİK SANAYİ VE TİCARET LİMİTED ŞİRKETİ;YAHYAKAPTAN MAH.AKASYALAR CAD.B BLOK 24/1 İZMİT KOCAELİ;(262) 0000000;;;İMİB - İstanbul Maden İhracatçıları Birliği
MAXIMUS ELEKTRONIK VE TEKSTIL TICARET LİMİTED ŞİRKETİ;HAZNEDAR MAH. BAĞCILAR CAD. YILDIRIM NO:18/1 GÜNGÖREN İSTANBUL;;;;İMİB - İstanbul Maden İhracatçıları Birliği
MAY DEKORASYON MİMARLIK SAN. VE TİC.LTD.ŞTİ.;YENİMAHALLE MAH. SÖNMEZ SK. NO:18 BÜYÜKÇEKMECE İSTANBUL;;;;İMİB - İstanbul Maden İhracatçıları Birliği
MAYGEN LABORATUVAR HZMETLERİ SANAYİ VE TİCARET LİMİTED ŞİRKETİ;İŞÇİ BLOKLARI MAH.MEVLANA BLV. NO:182/B İÇ KAPI NO84 PK:06530 ÇANKAYA ANKARA;(312) 2205650;www.maygen.com.tr;maygen.com.tr;İMİB - İstanbul Maden İhracatçıları Birliği
MAYKİM MAYA KİMYA SAN.VE TİC. A.Ş.;ŞENLİKKÖY MAH. AVCILAR SOKAK NO:52/2 C BLOK BAKIRKÖY İSTANBUL;(212) 6624252;;;İMİB - İstanbul Maden İhracatçıları Birliği
MAZ EXPRESS ITHALAT VE IHRACAT LIMITED SIRKETI;KEMALPASA MAH. GENÇTÜRK CAD. ÇOBANOGLU IS MERKEZI NO: 37 IÇ KAPI NO: 4 FATIH/ ISTANBUL FATİH İSTANBUL;(212) 6166565;;;İMİB - İstanbul Maden İhracatçıları Birliği
MBİ MEDİNE BİNA İNŞ.SAN VE TİC.A.Ş.;MBİ MEDİNE BİNA İNŞ.SAN VE TİC.A.Ş.NO:12 M/1 BÜYÜKÇEKMECE İSTANBUL;;;;İMİB - İstanbul Maden İhracatçıları Birliği
MBT GLOBAL DIŞ TİCARET LİMİTED ŞİRKETİ;DUMLUPINAR MAH. GÜMÜŞDERE ÇIKMAZI SK.CONCORD İSTNO:1E/63 KADIKÖY İSTANBUL;;;;İMİB - İstanbul Maden İhracatçıları Birliği
MBT TEKNİK YAPI KİMYASALLARI SANAYİ VE TİCARET ANONİM ŞİRKETİ;EYÜPSULTAN MAH SEKMEN CAD HAYY1000A NO:26/8 SANCAKTEPE İSTANBUL;;;;İMİB - İstanbul Maden İhracatçıları Birliği
MCA STORE İTHALAT İHRACAT HEDİYELİK EŞYA ORG. İNŞ. ELEKTRİK ELEKTRONİK SAN VE TİC. LTD. ŞTİ.;İKİTELLİ OSB MAH.HÜRRİYET BULVARI NI:1/32 KAPI NO: BAŞAKŞEHİR İSTANBUL;;;;İMİB - İstanbul Maden İhracatçıları Birliği
MCD MADENCİLİK İNŞAAT SANAYİ VE TİCARET A.Ş.;ESENTEPE MAH. MİTHAT ULU ÜNLÜ SK. NO: 26 İÇ KAPI NO:22 ŞİŞLİ İSTANBUL;(212) 0000000;;;İMİB - İstanbul Maden İhracatçıları Birliği
MCL BENTONİT MADENCİLİK LOJİSTİK SAN. VE TİC. A.Ş.;FATSA O.S.B. MAH. 110 SOK. NO:9 FATSA ORDU;(452) 4001939;;;İMİB - İstanbul Maden İhracatçıları Birliği
MCY PROJE MİMARLIK SANAYİ TİCARET LİMİTED ŞİRKETİ;İSTİNYE MAH. İSTİNYE CAD. NO:48/1 SARIYER İSTANBUL;;;;İMİB - İstanbul Maden İhracatçıları Birliği
MD DOĞAL TAŞ MADENCİLİK SANAYİ VE TİCARET LİMİTED ŞİRKETİ;ÜÇEVLER MAH. BAYRAKTEPE SK. NO:2/1 NİLÜFER BURSA;(224) 5992916;;;İMİB - İstanbul Maden İhracatçıları Birliği
MD NETA MÜHENDİSLİK VE İNŞAAT TİCARET LİMİTED ŞİRKETİ;POSTANE MH. RAUF ORBAY CD. RAHMAN SOKAK NO:2/1 TUZLA İSTANBUL;(216) 4470216;https://mdneta.com/;mdneta.com;İMİB - İstanbul Maden İhracatçıları Birliği
MDC İÇ MİMARİ TASARIM VE DANIŞMANLIK HİZMETLERİ LİMİTED ŞİRKETİ;BARBAROS MAH.ERZURUMLU SK. FATİH BEY APT. NO:15 A ATAŞEHİR İSTANBUL;(216) 5400601;;;İMİB - İstanbul Maden İhracatçıları Birliği
MDD İNŞAAT KİMYA PLASTİK SANAYİ VE DIŞ TİCARET ANONİM ŞİRKETİ;OĞUZLAR MAH. 1379 SK. NO: 15 İÇ KAPI NO: 2 ÇANKAYA ANKARA;(312) 0000000;;;İMİB - İstanbul Maden İhracatçıları Birliği
MDS SOĞUTMA TEKNOLOJİLERİ GIDA VE İNŞ.SAN.TİC.LTD.ŞTİ.;AKSÖĞÜT SOK.NO:1/1 ŞİRİNTEPE KAĞITHANE İSTANBUL;(212) 3242700;www.mdssogutma.com;mdssogutma.com;İMİB - İstanbul Maden İhracatçıları Birliği
MEANDS DIŞ TİCARET LİMİTED ŞİRKETİ;YEŞİLKENT MAH.2011.SK.H BLOK NO:18H/182 ESENYURT İSTANBUL;(212) 9178786;;;İMİB - İstanbul Maden İhracatçıları Birliği
MEB METAL VE BILESIKLERI SANAYI TICARET ANONIM SIRKETI;BARIS MAH. 1804/2 SOK NO.24 GEBZE KOCAELİ;(262) 6417710;www.mebmetal.com;mebmetal.com;İMİB - İstanbul Maden İhracatçıları Birliği
MEBA STONE İTHALAT İHRACAT DIŞ TİCARET LİMİTED ŞİRKETİ;ZÜMRÜTEVLER MAHALLESİ CANAY SOKAK NO:33/3 MALTEPE İSTANBUL;(216) 0000000;;;İMİB - İstanbul Maden İhracatçıları Birliği
MEBA TEK İTHALAT İHRACAT SANAYİ VE TİCARET LİMİTED ŞİRKETİ;İSMET KAPTAN MAH.1371 SOK.KASMAN NO:2 İÇ KAPI NO:206 KONAK İZMİR;(232) 0000000;;;İMİB - İstanbul Maden İhracatçıları Birliği
MEBUSA DIŞ TİCARET A.Ş.;MERKEZ MH AKAR CD NO:3 İTOWER PLAZA KAT:9/59 ŞİŞLİ İSTANBUL;(212) 8772415;www.mebusaexport.com;mebusaexport.com;İMİB - İstanbul Maden İhracatçıları Birliği
MED ECZA DEPOSU SANAYİ V E TİCARET ANONİM ŞİRKETİ;TURGUT ÖZAL MAHALLESİ 1467/1 CAD. NO:42/L YENİMAHALLE ANKARA;(312) 9111633;http://www.medeczadeposu.com;medeczadeposu.com;İMİB - İstanbul Maden İhracatçıları Birliği
MED MONTAJ ENERJI TAAH.INS.PETROL DOGALGAZ MUH.DAN. A.S.;2392.CADDE NO 18 BATIKENT YENİ BATI MAHALLESİ 06370 YENİMAHALLE, ANKARA, TÜRKİYE YENİMAHALLE ANKARA;;www.medenergy.com.tr;medenergy.com.tr;İMİB - İstanbul Maden İhracatçıları Birliği
MEDAK DENTAL MEDİKAL TİCARET ANONİM ŞİRKETİ;MECİDİYEKÖY MAH. KERVANGEÇMEZ SOK. NO:9/2İÇ KAPI NO: 6 ŞİŞLİ İSTANBUL;(212) 2884494;http://www.medakmedikal.com.tr;medakmedikal.com.tr;İMİB - İstanbul Maden İhracatçıları Birliği
MEDİCA PONTEM SAĞLIK HİZMETLERİ LİMİTED ŞİRKETİ;LİMAN SOKAK NO:9A YUNUS MAHALLESİ 34860 KARTAL İSTANBUL;;https://www.medicapontem.com;medicapontem.com;İMİB - İstanbul Maden İhracatçıları Birliği
MEDİCAL ECZA DEPOSU LİMİTED ŞİRKETİ;ZÜMRÜTEVLER MAH. HANDEGÜL SK NO : 71/A MALTEPE İSTANBUL;;http://medi?caleczadeposu.com;medi;İMİB - İstanbul Maden İhracatçıları Birliği
MEDİCANA İNŞ.MATB.TEKS.TUR.GIDA EĞT.VE SĞL.HİZ.SAN.VE TİC.A.Ş.;İNKİLAP MAH DR FAZIL KÜÇÜK CAD NO 14/1 ÜMRANİYE İSTANBUL;(216) 6303737;www.medicana.com.tr;medicana.com.tr;İMİB - İstanbul Maden İhracatçıları Birliği
MEDİCELL AFRİKA DIŞ TİCARET LİMİTED ŞİRKETİ;BAHÇELİEVLER MAH. MEVLANA CAD. 38.VILLA NO: 5/38 BÜYÜKÇEKMECE İSTANBUL;(212) 0000000;;;İMİB - İstanbul Maden İhracatçıları Birliği
MEDMAR MERMER MADENCİLİK SANAYİ VE TİCARET ANONİM ŞİRKETİ;GAYRETTEPE MAH. YILDIZ POSTA CAD. DPLAZA NO: 52 İÇ KAPI NO: 54 BEŞİKTAŞ İSTANBUL;(212) 2664038;www.medmar.com;medmar.com;İMİB - İstanbul Maden İhracatçıları Birliği
MED-MAR SAGLIK HIZ.GIDA INS. TUR.VE TUZ ISL.SAN.TIC.A.S.;MUTLUKENT MAH. 1978. CAD. NO.14 K.1 ÜMİTKÖY ÇANKAYA ANKARA;(312) 2356246;www.salti.com.tr;salti.com.tr;İMİB - İstanbul Maden İhracatçıları Birliği
MEDOS İNŞAAT MÜHENDİSLİK ELEKTRİK TELEKOMÜNİKASYON MADENCİLİK SANAYİ VE TİCARET LİMİTED ŞİRKETİ;BAĞCILAR MAH.KARANFİL 11.SOK. DİYARBAKIR;(412) 2525740;;;İMİB - İstanbul Maden İhracatçıları Birliği
MEFARET AYDIN;DOĞAN ARASLI CAD. 1115 SOK. NO=2/34 ESENYURT İSTANBUL;(212) 5966097;;;İMİB - İstanbul Maden İhracatçıları Birliği
MEFAYİ ŞAHİN;FATİH MAH. YAVUZ SELİM CAD. NO:19 TAVŞANLI BELDESİ ALTINOVA YALOVA;(226) 0000000;;;İMİB - İstanbul Maden İhracatçıları Birliği
MEGA DİJİTAL BASKI VE REKLAMCILIK SANAYİ TİCARET LİMİTED ŞİRKETİ;ZÜMRÜTEVLER MAH NAZMİ İLKER SK 9/A MALTEPE İSTANBUL;(216) 3381010;;;İMİB - İstanbul Maden İhracatçıları Birliği
MEGA MERCHANT E-TİCARET SATIŞ VE PAZ. A.Ş.;BURHANİYE MAH NAGEHAN SK A BLOK 4 A İÇ KAPI NO 1 ÜSKÜDAR İSTANBUL;;;;İMİB - İstanbul Maden İhracatçıları Birliği
MEGA METAL SANAYİ VE TİCARET ANONİM ŞİRKETİ;MECLİSİ MEBUSAN CAD. FINDIKLI HAN N:63 K:2 BEYOĞLU İSTANBUL;(212) 2435454;www.megametal.com;megametal.com;İMİB - İstanbul Maden İhracatçıları Birliği
MEHMET AKDENİZ DIŞ TİC.SAN.OTO İNŞ.GAYRİMEN.MADEN LTD.ŞTİ.;GÜZELCE MAH. D 100 KARAYOLU CAD.NO:957 BÜYÜKÇEKMECE İSTANBUL;(212) 8681555;www.mehmetakdeniz.com.tr;mehmetakdeniz.com.tr;İMİB - İstanbul Maden İhracatçıları Birliği
MEHMET AKSOY;ŞİRİNEVLER MAREŞAL FEVZİ ÇAKMAK 2 DOĞAN IŞ MERKEZINO:2 KAPI NO:44 BAHÇELİEVLER İSTANBUL;(212) 0000000;;;İMİB - İstanbul Maden İhracatçıları Birliği
MEHMET ALPER SAMİOĞLU;ULU MH.13.ÇAKMAK SK. NO:17/208 OSMANGAZİ BURSA;(224) 3315889;;;İMİB - İstanbul Maden İhracatçıları Birliği
MEHMET KAPLAN;DENİZKÖŞKLER MAH.DR.SADIK AHMET CAD.HUZUR AP.NO:80 AVCILAR İSTANBUL;(212) 0000000;www.favorisauna.com;favorisauna.com;İMİB - İstanbul Maden İhracatçıları Birliği
MEHMET ÖZKARAMAN;VELİBABA MAHALLESİ FEYZA SOKAĞI NO EKSİOGLU GÖZDAĞEVLERİ -4/2/20 PENDİK İSTANBUL;(216) 0000000;;;İMİB - İstanbul Maden İhracatçıları Birliği
MEHTAP GÖZÜKAN KOCAMAN;FULYA MAH.EMİROĞLU SK.ÇETİNER APARTMAN BLOK NO:20C ŞİŞLİ İSTANBUL;(212) 8032393;;;İMİB - İstanbul Maden İhracatçıları Birliği
MEK KURUMSAL KATI YAKITLAR LİMİTED ŞİRKETİ;TATLISU MAH. ZÜLFİKAR SOKAK ALKOÇ PLAZA NO:2/6 ÜMRANİYE İSTANBUL;(216) 5273262;http://www.ekmstone.com;ekmstone.com;İMİB - İstanbul Maden İhracatçıları Birliği
MEK TESİSAT YAPI MALZEMELERİ SANAYİ TİCARET LİMİTED ŞİRKETİ;ARMAĞANEVLER MH.ORTANCA SK.NO:196/2 ÜMRANİYE İSTANBUL;(216) 3086838;;;İMİB - İstanbul Maden İhracatçıları Birliği
MEKABANT PLASTİK AMBALAJ SANAYİ VE TİCARET LİMİTED ŞİRKETİ;TURGUT REİS MAH. FATİH BLV. NO:414 A SULTANBEYLİ İSTANBUL;(216) 0000000;;;İMİB - İstanbul Maden İhracatçıları Birliği
MEKANİK GROUP MAKİNE ANONİM ŞİRKETİ;İKİTELLİ ORG. SAN. BÖLGESİ TORMAK SANAYİ SİTESİ T BLOK NO:28 BAŞAKŞEHİR İSTANBUL;(212) 4851754;www.mekanikmakina.com.tr;mekanikmakina.com.tr;İMİB - İstanbul Maden İhracatçıları Birliği
MELBE HOME PAZARLAMA MAĞAZACILIK İTHALAT İHRACAT SANAYİ VE TİCARET LİMİTED ŞİRKETİ;FATİH MAH. HALİDE EDİP ADIVAR SK. GÖZDESİTESİ C BLOK NO:3 İÇ KAPI NO:16 BÜYÜKÇEKMECE İSTANBUL;(212) 0000000;;;İMİB - İstanbul Maden İhracatçıları Birliği
MELODİ DIŞ TİCARET LİMİTED ŞİRKETİ;ISTOÇ Z BLOK NO.1 BAĞCILAR İSTANBUL;02126591910;www.melodiltd.com.tr;melodiltd.com.tr;İMİB - İstanbul Maden İhracatçıları Birliği
MELOS KAUCUK VE PLASTİK SAN. TİC. A.Ş.;MURATPAŞA MH.ESKI EDIRNE ASFA.KILIMCI.SAN.SIT.N.1/295 BAYRAMPAŞA İSTANBUL;02126146030;http://www.melos.com.tr;melos.com.tr;İMİB - İstanbul Maden İhracatçıları Birliği
MEMAR GROUP İTHALAT İHRACAT SANAYİ VE TİCARET LİMİTED ŞİRKETİ;KAYABAŞI MH.ADNAN MENDERES BUL B3 BL N.5A/11 BAŞAKŞEHİR İSTANBUL;(212) 0000000;;;İMİB - İstanbul Maden İhracatçıları Birliği
MEMORY ELEKTRONİK TEKSTİL İNŞAAT VE DIŞ TİCARET LİMİTED ŞİRKETİ;İKİTELLİ SB MAH İSTEKS C5 BLOK SK İSTEKS SANAYİ C5BLOK NO 14 BAŞAKŞEHİR İSTANBUL;(212) 0000000;;;İMİB - İstanbul Maden İhracatçıları Birliği
MEMPA PAZARLAMA İNŞAAT SAN.VE TİC.A.Ş.;AKÇABURGAZ MAH 139. SOK NO 4 ESENYURT İSTANBUL;(212) 8863163;;;İMİB - İstanbul Maden İhracatçıları Birliği
MEMSTONE DOĞAL TAŞLAR İTHALAT İHRACAT DIŞ TİCARET LİMİTED ŞİRKETİ;MENDERES MAH. 376. SOK NO: 9/A ESENLER İSTANBUL;;;;İMİB - İstanbul Maden İhracatçıları Birliği
MENES İTHALAT İHRACAT DIŞ TİCARET LTD.ŞTİ.;ZAFER MAH. KURULTAY SOK. YILMAZ KARDEŞLER İŞ HANI NO:1 İÇ KAPI NO:51 BAHÇELİEVLER İSTANBUL;(212) 4511717;;;İMİB - İstanbul Maden İhracatçıları Birliği
MENOMAR MADENCİLİK SANAYİ VE TİCARET ANONİM ŞİRKETİ;ATATÜRK MAH MERİÇ CAD B BLOKANDROMEDA GOLD NO:1/2A İÇ KAPI NO:189 ATAŞEHİR İSTANBUL;(216) 6402656;;;İMİB - İstanbul Maden İhracatçıları Birliği
MENTOR ENDÜSTRİ İHRACAT VE İTHALAT LTD. ŞTİ.;İKİTELLİ OSB METAL İŞ SANAYİ SİT10.BLOK N:13 BAŞAKŞEHİR İSTANBUL;(212) 5484272;;;İMİB - İstanbul Maden İhracatçıları Birliği
MENZEL KİMYA SAN. VE TİC. A. Ş.;HALİL RIFAT PAŞA MH. PERPA TİC. MRK. 1575 A/11 ŞİŞLİ İSTANBUL;(212) 2221624;;;İMİB - İstanbul Maden İhracatçıları Birliği
MEP ENDÜSTRİYEL DANIŞMANLIK HİZMETLERİ TİCARET LTD.ŞTİ;SULTANÇIFTLIGI MAH. HÜRRIYET CAD. NO: 5/7 ÇEKMEKÖY İSTANBUL;(216) 3123549;;;İMİB - İstanbul Maden İhracatçıları Birliği
MEPA ENERJİ SİSTEMLERİ SANAYİ VE TİCARET ANONİM ŞİRKETİ;SİTE MAH. SAMANYOLU CAD. KUTLU SOK. NO:1-5A N:191/54 ÜMRANİYE İSTANBUL;(216) 6394260;www.mepaenerji.com;mepaenerji.com;İMİB - İstanbul Maden İhracatçıları Birliği
MEPA IC VE DIS TICARET A.S.;ATATURK MAH. BAHARIYE CAD. NO.2 KÜÇÜKÇEKMECE İSTANBUL;(212) 6984444;www.mepaotomotiv.com;mepaotomotiv.com;İMİB - İstanbul Maden İhracatçıları Birliği
MERAL KALIP SANAYİ VE TİCARET LİMİTE ŞİRKETİ;MALTEPE MAH. GÜMÜŞSUYU CADDESİ HACAOĞLU MALTEPE MAH. GÜMÜŞSUYU CADDESİ HACAOĞLU ZEYTİNBURNU İSTANBUL;(212) 8500388;;;İMİB - İstanbul Maden İhracatçıları Birliği
MERAN TIP ÜRÜNLERİ TEKNOLOJİ SAN.VE TİC.LTD.ŞTİ.;BURHANİYE MH.TUNUSLU MAHMUT PAŞA SK.NO:17 ÜSKÜDAR İSTANBUL;(216) 5578755;www.merantip.com;merantip.com;İMİB - İstanbul Maden İhracatçıları Birliği
MERCAN DOĞAL TAŞ MADENCİLİK İNŞAAT SANAYİ VE TİCARET LTD.ŞTİ.;MERVE MAH.ASUR SOKAK NO:2/1 SULTANBEYLİ İSTANBUL;(216) 6209171;;;İMİB - İstanbul Maden İhracatçıları Birliği
MERCAN PAZARLAMA İMLT.İTH.İHR.VE TİC.LTD.ŞTİ.;2. MATBAACILAR SİTESİ ZA27 LİTROSYOLU GAZİOSMANPAŞA İSTANBUL;(212) 5652057;;;İMİB - İstanbul Maden İhracatçıları Birliği
MERCCO MADEN MERMER VE DIŞ TİC. LTD.ŞTİ.;ÜVEZLİ KÖYÜ CAMİİ MAHALLESİ ÜVEZLİ CADDESİNO 29/A ŞİLE İSTANBUL;(212) 3303801;www.mercco.net;mercco.net;İMİB - İstanbul Maden İhracatçıları Birliği
MERCURY DIŞ TİCARET LOJİSTİK LİMİTED ŞİRKETİ;DEREAĞZI MAHALLESİ SULTAN FATİH CADDESİ NO:4 BEYLİKDÜZÜ İSTANBUL;(212) 5288605;;;İMİB - İstanbul Maden İhracatçıları Birliği
MERCURY MADEN MERMER NAKLİYE SAN.VE TİC.A.Ş.;MİMAR SİNAN ORG.SAN.BÖLGESİ MAHALLESİ 11.CAD. NO:2 MELİKGAZİ KAYSERİ;(352) 5032019;;;İMİB - İstanbul Maden İhracatçıları Birliği
MERCURY MAKİNA ELEKTRİK SAN. VE TİC. LTD. ŞTİ.;MURATPAŞA MAH.ULUYOL CAD.N:29 İŞKENT SAN.SİT.D BLOK 231/D BAYRAMPAŞA İSTANBUL;(212) 4972255;;;İMİB - İstanbul Maden İhracatçıları Birliği
MERDİVENCİ MERMER VE İNŞAAT SANAYİ TİCARET LİMİTED ŞİRKETİ;ANKARA YOLU 12 KM. MERKEZ AFYON;(272) 2231505;www.merdivencimermer.com;merdivencimermer.com;İMİB - İstanbul Maden İhracatçıları Birliği
MERGRA STONES DOĞAL TAŞ ÜRÜNLERİ SANAYİ VE TİCARET LİMİTED ŞİRKETİ;ADNAN KAHVECİ MAH. PAŞABAHÇE CAD. CARIUM ALIŞVERIŞMERKEZI BLOK NO: 10A İÇ KAPI NO: 31 BAKIRKÖY İSTANBUL;(212) 0000000;;;İMİB - İstanbul Maden İhracatçıları Birliği
MERİDYEN MERMER MUHAMMED AKİF TAŞ;AŞAĞI KİRAZCA MA. ESKİŞEHİR CAD. NO:247\A ARİFİYE ARİFİYE SAKARYA;;;;İMİB - İstanbul Maden İhracatçıları Birliği
MERİH HIRDAVAT SANAYİ TİCARET LTD. ŞTİ;LİTROS YOLU KABATAŞ SANAYİ SİTESİ NO:13 ZEYTİNBURNU İSTANBUL;(212) 6124308;;;İMİB - İstanbul Maden İhracatçıları Birliği
MERKİM CHEMİCAL KİMYA GIDA İNŞAAT İTHALAT İHRACAT SANAYİ VE TİCARET LİMİTED ŞİRKETİ;MİNARELİÇAVUŞ MAH. 102.(290) SK. NO:11 NO:1 NİLÜFER BURSA;(224) 3640071;http://www.mer-kim.com;mer-kim.com;İMİB - İstanbul Maden İhracatçıları Birliği
MERKUR ITH.IHR.TIC.LTD.STI.;ORTA MAH. MALTEPE CAD. SAMANYOLU SOK. ÖZ İŞ HANI NO.5 K.2 BAYRAMPAŞA İSTANBUL;(212) 2945418;www.merkurgold.com;merkurgold.com;İMİB - İstanbul Maden İhracatçıları Birliği
MERLAND MADENCİLİK SANAYİ VE TİCARET ANONİM ŞİRKETİ;DERİ OSB MH.ETLEME SK.N:2/21-4 TUZLA İSTANBUL;(216) 0000000;;;İMİB - İstanbul Maden İhracatçıları Birliği
MER-MA MERMER MADENCİLİK YATIRIM İTHALAT VE İHRACAT SANAYİ ANONİM ŞİRKETİ;KARINCALI KÖYÜ KÖRPINAR MEVKİİ MERKEZ KIRŞEHİR;(224) 2335511;www.neropicasso.com;neropicasso.com;İMİB - İstanbul Maden İhracatçıları Birliği
MERMERSA MADENCİLİK SAN VE TİC A.Ş.;MUSTAFA KEMALPAŞA MAH. HİLAL SOK. NO:45A AVCILAR İSTANBUL;(212) 5420435;;;İMİB - İstanbul Maden İhracatçıları Birliği
MERPLAS PLASTİK MERMER VE DIŞ TİCARET LİMİTED ŞİRKETİ;İSKENDERPAŞA MAH. KIZTAŞI CAD. 19 2 FATİH İSTANBUL FATİH İSTANBUL;(212) 4031857;;;İMİB - İstanbul Maden İhracatçıları Birliği
MERS YAPI MALZEMELERİ SANAYİ VE TİCARET ANONİM ŞİRKETİ;BARBAROS MH DEREBOYU CD.IHLAMUR SK 12L UPHİLL COURT TOWERS A BLOK D:129 ATAŞEHİR İSTANBUL;(216) 6881096;www.tgpsystems.com;tgpsystems.com;İMİB - İstanbul Maden İhracatçıları Birliği
MERSEN İSTANBUL SANAYİ ÜRÜNLERİ A.Ş.;G.O.S.B. IHSAN DEDE CAD. 900 SOK. NO.904 GEBZE KOCAELİ;02627510262;www.mersen.com;mersen.com;İMİB - İstanbul Maden İhracatçıları Birliği
MERTEL METAL ENDÜSTRİYEL MUTFAK SANAYİ VE TICARET LİMİTED ŞİRKETİ;KOZLUK MAH. ADA SAN. CAD. NO.15ERENLER Merkez SAKARYA;02642751791;www.mertelmetal.com.tr;mertelmetal.com.tr;İMİB - İstanbul Maden İhracatçıları Birliği
MERTMANN DAYANIKLI TÜKETİM MALLARI SANAYİ VE TİCARET LİMİTED ŞİRKETİ;CUMHURİYET MAH. 66 SK. NO:7 J İNEGÖL BURSA;;;;İMİB - İstanbul Maden İhracatçıları Birliği
MERYEM MADENCİLİK İNŞAAT SANAYİ VE TİCARET LTD.ŞTİ.;GAZİPAŞA MAH. RASİMBEY CAD.NO:5/19 MERKEZ BİLECİK;;;;İMİB - İstanbul Maden İhracatçıları Birliği
MESAN KİLİT ANONİM ŞİRKETİ;MİMARSİNAN MAH. ULUĞBEY CAD. FABRİKA SİTESİ NO:7 SİLİVRİ İSTANBUL;(212) 7214444;www.mesanlocks.com;mesanlocks.com;İMİB - İstanbul Maden İhracatçıları Birliği
MESCİER METAL MAMÜLLERİ PAZARLAMA SANAYİ VE TİCARET ANONİM ŞİRKETİ;BAYIR MAH. FEVZİ FIRAT CAD. NO:42/3 MERKEZ MERKEZ KARABÜK;(370) 4243116;;;İMİB - İstanbul Maden İhracatçıları Birliği
MESK MERMER VE DIŞ TİCARET LİMİTED ŞİRKETİ;MİMAR SİNAN MAH. ÜSKÜDAR CAD. NO:1 YEDPA TİCARET MERKEZİ E BLOK D:121 ATAŞEHİR İSTANBUL;(216) 5301514;;;İMİB - İstanbul Maden İhracatçıları Birliği
META ENDÜSTRİYEL MUTFAK VE SOĞUTMA EKİPMANLARI SAN. TİC. LTD. ŞTİ.;YENİMAHALLE CEBECİ NO:74/A GAZİOSMANPAŞA İSTANBUL;(212) 6173035;www.metamutfak.com;metamutfak.com;İMİB - İstanbul Maden İhracatçıları Birliği
META MİMARİ MADEN ENERJİ VE TARIM ANONİM ŞİRKETİ;MERKEZ MAHALLESİ ESPİRİ ÇIKMAZI SOKAK NO:4/2 BEYKOZ İSTANBUL;(216) 4245000;www.metastone.com.tr;metastone.com.tr;İMİB - İstanbul Maden İhracatçıları Birliği
METAKİM DIŞ TİCARET VE KİMYA SANAYİ LİMİTED ŞİRKETİ;BARBAROS MAH.KARDELEN SK.PALLADIUM TOWER NO:2 ATAŞEHİR İSTANBUL;(216) 5175169;;;İMİB - İstanbul Maden İhracatçıları Birliği
METAL FLEX İNŞAAT METAL KİMYA VE OTOMOTİV A.Ş.;ATATÜRK MAH. ERTUĞRUL GAZİ SOKAK A BLOK 2E NO:566 ATAŞEHİR İSTANBUL;(216) 5108170;;;İMİB - İstanbul Maden İhracatçıları Birliği
METAL VE YAPI SISTEMLERI TICARET ANONİM ŞİRKETİ;CAKIL KOYU BAGLAR MEVKI ÇATALCA İSTANBUL;02127764050;http://www.metalyapi.com;metalyapi.com;İMİB - İstanbul Maden İhracatçıları Birliği
METAL YAPI HOLDİNG A.Ş.;RÜZGARLIBAHÇE MH ÖZALP ÇIKMAZI SK NO:2 K PLAZA KAT:8 PAŞABAHÇE BEYKOZ İSTANBUL;(216) 4250325;www.metalyapi.com;metalyapi.com;İMİB - İstanbul Maden İhracatçıları Birliği
METALIX DIŞ TİCARET LİMİTED ŞİRKETİ;MAHMUTBEY MH 2664 SK NO:18/I BAĞCILAR İSTANBUL;(212) 4957060;;;İMİB - İstanbul Maden İhracatçıları Birliği
METAL-KİM METALURJİ VE KİMYA TARIM SANAYİ TİCARET LİMİTED ŞİRKETİ;SANAYI CAD.NO.42/A PENDİK İSTANBUL;02163070102;www.metal-kim.com;metal-kim.com;İMİB - İstanbul Maden İhracatçıları Birliği
METALORE DIŞ TİCARET VE İNSAN KAYNAKLARI LİMİTED ŞİRKETİ;TEPEÖREN MAH. İSTANBUL PARK BULV. ARKEON EVLERİ SİTESİ 17MC TUZLA İSTANBUL;(216) 4203036;;;İMİB - İstanbul Maden İhracatçıları Birliği
METAS MADENCILIK ENDUSTRI TICARET LTD.STI.;GÖRE KASABASI NEVŞEHİR NEVŞEHİR;03842129950;www.metaspumice.com.tr;metaspumice.com.tr;İMİB - İstanbul Maden İhracatçıları Birliği
METE TİCARET İNŞAAT MALZEMELERİ SANAYİ VE TİCARET LİMİTED ŞİRKETİ;ZEYTİNBURNU DEMİRCİLER SİT. 3. YOL NO:7 ZEYTİNBURNU İSTANBUL;(212) 5136227;www.meteticaret.com;meteticaret.com;İMİB - İstanbul Maden İhracatçıları Birliği
METEHAN AYALOĞLU;TALATPAŞA MAH. AYDOĞAN CAD. NO:8- DOĞANCI APT/6 KAĞITHANE İSTANBUL;(212) 0000000;;;İMİB - İstanbul Maden İhracatçıları Birliği
METFAMER MADEN TİCARET SANAYİ ANONİM ŞİRKETİ;GÜLTEPE MAH 3.TOPTANCILAR SK. MAQAM İŞ MERKEZİ NO:2 İÇ KAPI NO:1002 MERKEZ SİVAS;(346) 5020100;http://www.metfamer.com.tr;metfamer.com.tr;İMİB - İstanbul Maden İhracatçıları Birliği
METİN KARGO İTH. İHR. SAN. DIŞ TİC. LTD. ŞTİ.;TOPÇULAR MAH.TOPÇUBAŞI ESAD ARYA CAD.ÜRETMEN İŞ MERKZ.NO:61/98 BAYRAMPAŞA İSTANBUL;(212) 6381619;;;İMİB - İstanbul Maden İhracatçıları Birliği
METKOM ALÜMİNYUM METAL SANAYİ VE TİCARET LİMİTED ŞİRKETİ;BEYSAN SAN. SİT. BİRLİK CAD. NO:3/6 BEYPORT PLAZA BEYLİKDÜZÜ İSTANBUL;(212) 4850787;www.metkomaluminyum.com;metkomaluminyum.com;İMİB - İstanbul Maden İhracatçıları Birliği
METKON MÜHENDİSLİK VE DIŞ TİCARET A. Ş.;DEMIRTAŞ ORG. SAN. BOLG. ALI OSMAN SONMEZ CAD. NO:14 OSMANGAZİ BURSA;02242611840;www.metkon.com;metkon.com;İMİB - İstanbul Maden İhracatçıları Birliği
METMA YATIRIM SANAYİ VE TİCARET A.Ş;GÜLTEPE MAH. 3. TOPTANCILAR SOK. MAQAM OFİS B BLOKNO:2/1 MERKEZ SİVAS;;;;İMİB - İstanbul Maden İhracatçıları Birliği
METROPOL DIŞ TİCARET LİMİTED ŞİRKETİ;KEMERÇEŞME MAH. İSTANBUL CAD. GENÇOSMAN ÇARŞISI A BLOK NO: 38 / 129 OSMANGAZİ BURSA;(224) 0000000;;;İMİB - İstanbul Maden İhracatçıları Birliği
MEVPA İÇ VE DIŞ TİCARET LTD ŞTİ;İSTOÇ TİC. MERKEZİ 8. ADA NO:47-49 MAHMUTBEY BAĞCILAR İSTANBUL;(212) 6590721;www.mevpa.com.tr;mevpa.com.tr;İMİB - İstanbul Maden İhracatçıları Birliği
MEYA MADENCİLİK VE MERMER PAZARLAMA SANAYİ VE TİCARET ANONİM ŞİRKETİ;YILDIZ POSTA CAD. VEFABEY SOK.NO.9 YEŞİL APT. A BLOK K.13 D.26 GAYRETTEPE BEŞİKTAŞ İSTANBUL;(212) 3567060;www.meyamaden.com;meyamaden.com;İMİB - İstanbul Maden İhracatçıları Birliği
MEYRA MÜHENDİSLİK PROJE VE MADENCİLİK SAN. TİC. A.Ş.;MERKEZ MAH. AYAZMA CAD. NO: 37 PAPİRUS PLAZA KAT:12 KAĞITHANE İSTANBUL;(212) 3114400;;;İMİB - İstanbul Maden İhracatçıları Birliği
MF TURİSTİK TESİSLERİ İŞLETME VE TASARIM DEKORASYON TİC. A.Ş.;AMİRAL FAHRİ ENGİN SOK.N:3 RUMELİHİSARI SARIYER İSTANBUL;(212) 2878110;www.zftasarim.com.tr;zftasarim.com.tr;İMİB - İstanbul Maden İhracatçıları Birliği
MFK PLASTİK A.Ş.;ORHANGAZİ MAH.CEM SULTAN CAD.N:107/1 SULTANBEYLİ İSTANBUL;(216) 4874441;www.mfkplastik.com;mfkplastik.com;İMİB - İstanbul Maden İhracatçıları Birliği
MGG DEMİR ÇELİK İTHALAT İHRACAT SANAYİ VE TİCARET ANONİM ŞİRKETİ;BARIŞ MH ANİBAL CD NO:13 GEBZE GEBZE KOCAELİ;(262) 6776900;www.mggdemir.com.tr;mggdemir.com.tr;İMİB - İstanbul Maden İhracatçıları Birliği
MGL YAPI İNŞAAT TAAH. LTD.ŞTİ.;KARTALTEPE MAH. FAİK KÖKSAL SOK. NO:1/7 BAKIRKÖY İSTANBUL;(212) 4266690;;;İMİB - İstanbul Maden İhracatçıları Birliği
MGM GROUP İNŞAAT ELEKTRİK MALZEMELERİ DIŞ TİCARET LTD. ŞTİ.;YENİDOĞAN MAH.DEMİRKAPI CAD. NO:32/2 BAYRAMPAŞA İSTANBUL;(212) 4427149;;;İMİB - İstanbul Maden İhracatçıları Birliği
MHS DIŞ TİCARET A.Ş.;ESENTEPE MAH.BÜYÜKDERE CAD.NO:127ASTORİA İŞ MERKEZİ A BLOK K.5 D:14-16 ESENTEPE ŞİŞLİ İSTANBUL;(212) 2701067;www.mhsmining.com;mhsmining.com;İMİB - İstanbul Maden İhracatçıları Birliği
MHS MİNERAL DIŞ TİCARET ANONİM ŞİRKETİ;LEVENT MAH. CÖMERT SK. YAPIKREDI PLAZA B BLOK NO:1B İÇ KAPI NO:11 BEŞİKTAŞ İSTANBUL;(212) 2701067;;;İMİB - İstanbul Maden İhracatçıları Birliği
MIKROTX MÜHENDİSLİK TEKSTİL MAKİNA İMALATI SANAYİ VE TİCARET İTHALAT İHRACAT LİMİTED ŞİRKETİ;ZİYA GÖKALP MAH. SÜLEYMAN DEMİREL BUL. THE OFFİCENO:7E İÇ KAPI NO:136 BAŞAKŞEHİR İSTANBUL;(850) 3460294;;;İMİB - İstanbul Maden İhracatçıları Birliği
MINET MINERAL ENERJI VE TEKNIK URUNL.SAN.VE TIC.LTD.STI.;KAYA SULTAN SOKAK NO.93 K:3 D:7 KADIKÖY İSTANBUL;(216) 4642820;;;İMİB - İstanbul Maden İhracatçıları Birliği
MITTE MİMARLIK MOBİLYA DEKORASYON İNŞ. SAN. VE TİC. LTD. ŞTİ;AYDINPINAR MAH.SARI CAD.VİSUS MADENCİLİK SİTESİ NO:38/A MUDANYA BURSA;(224) 5490702;;;İMİB - İstanbul Maden İhracatçıları Birliği
MİEVA EV ALETLERİ LİMİTED ŞİRKETİ;AKARCA MAH. MUSTAFA KEMAL (TZL) BLV.NO:173/B FETHİYE MUĞLA;;;;İMİB - İstanbul Maden İhracatçıları Birliği
MİFA ENERJİ İNŞAAT MADEN SANAYİ VE TİCARET ANONİM ŞİRKETİ;MEBUSEVLERİ MAHALLESİ AYTEN SOK. NO:9 ÇANKAYA ANKARA;(312) 2126612;;;İMİB - İstanbul Maden İhracatçıları Birliği
MİHAL MADENCİLİK SANAYİ VE TİCARET ANONİM ŞİRKETİ;KURTULUŞ MAH. VATAN CAD. GÜVENBERK APT NO: 53 İÇKAPI NO: 3 ODUNPAZARI ESKİŞEHİR;(222) 2331314;;;İMİB - İstanbul Maden İhracatçıları Birliği
MİKRONA ABRASİV VE YÜZEY TEKNOLOJİLERİ ANONİM ŞİRKETİ;VEYSEL KARANİ MAH. SENA SK.NO:8 OSMANGAZİ BURSA;(224) 2151122;http://www.mikronatech.com;mikronatech.com;İMİB - İstanbul Maden İhracatçıları Birliği
MİKRON-S MİKRONİZE MİNERAL ENDÜSTRİSİ VE TİCARET ANONİM ŞİRKETİ;SULTANTEPE MAH. HÜSEYİN BAYKARA SOK. NO:3 ÜSKÜDAR İSTANBUL;(216) 4666644;www.mikrons.com.tr;mikrons.com.tr;İMİB - İstanbul Maden İhracatçıları Birliği
MİKROTAŞ MEKATRONİK ANONİM ŞİRKETİ;AKEVLER MAH. AYŞE FİTNAT HANIM CAD. CEMALIGIL APT BLOK NO: 25B AKEVLER ALTINÖZÜ HATAY;;www.mikrotas.com.tr;mikrotas.com.tr;İMİB - İstanbul Maden İhracatçıları Birliği
MİKROTEST ENDÜSTRİ CİHAZLARI PAZ.SAN.TİC.LTD.ŞTİ.;İNÖNÜ MAH.FEVZİ ÇAKMAK CAD.NO.6/2ATAŞEHİR ATAŞEHİR ATAŞEHİR İSTANBUL;(216) 5776909;;;İMİB - İstanbul Maden İhracatçıları Birliği
MİLANO İTHALAT İHRACAT SANAYİ LİMİTED ŞİRKETİ;BARBAROS HAYRETTİN PAŞA MAH. 1994.SK.NO:2 İÇ KAPI NO: 139ESENYURT /İSTANBUL ESENYURT İSTANBUL;(212) 8531199;;;İMİB - İstanbul Maden İhracatçıları Birliği
MİLESTONE MERMER SANAYİ TİCARET LİMİTED ŞİRKETİ;ÇAMLICA MAH. EĞİTİMCİLER CAD. NO:139 / 2 NİLÜFER BURSA;(224) 4514546;;;İMİB - İstanbul Maden İhracatçıları Birliği
MİLLER KİMYA ANONİM ŞİRKETİ;İÇERENKÖY MAH.DESTAN SK.NO:1/14 ATAŞEHİR İSTANBUL;(216) 5771010;;;İMİB - İstanbul Maden İhracatçıları Birliği
MİLVEST AKARYAKIT FİNANS VE DIŞ TİCARET A.Ş;BALMUMCU ITRİ SOKAK NO:46 BEŞİKTAŞ İSTANBUL;(212) 0000000;http://millerholding.com;millerholding.com;İMİB - İstanbul Maden İhracatçıları Birliği
MİM MINING ENERJİ SANAYİ VE TİCARET ANONİM ŞİRKETİ;UGUR MUMCU MAH. ESKI EDIRNE ASFALTI CAD. NO: 574İÇ KAPI NO: 4 SULTANGAZİ İSTANBUL;(212) 5381129;http://www.mimmining.com;mimmining.com;İMİB - İstanbul Maden İhracatçıları Birliği
MİM PROJE HAFRİYAT İNŞAAT TAAHHÜT MÜHENDİSLİK NAKLİYAT SANAYİ VE TİCARET ANONİM ŞİRKETİ;CUMHURİYET MAH. BÜLENT ECEVİT CADDESİ NO:15/25 ÇAN ÇANAKKALE;(286) 2170330;http://www.miminsaat.com;miminsaat.com;İMİB - İstanbul Maden İhracatçıları Birliği
MİMSA ALÜMİNYUM TİCARET VE SANAYİ ANONİM ŞİRKETİ;BEYLİKDÜZÜ OSB MH MERMERCİLER SAN SİT 4 CD NO:7 BEYLİKDÜZÜ İSTANBUL;(212) 8751908;www.mimsa.com;mimsa.com;İMİB - İstanbul Maden İhracatçıları Birliği
MİMTAŞ OTOMOTİV TAŞIMACILIK MADENCİLİK İNŞAAT PETROL SANAYİ VE TİCARET A.Ş.;GÜZELYURT MAHALLESİ 2138 SOKAK ESKİDJİ PAZAR APARTMANI NO:1/442 ESENYURT İSTANBUL;(212) 8531740;www.mrtmining.com;mrtmining.com;İMİB - İstanbul Maden İhracatçıları Birliği
MİNANUR İNŞAAT VE İTH. İHR. TİC. SAN. LTD. ŞTİ.;İBRİŞ SOK. NO:30/3 İÇKAPI NO:1-2 SİLİVRİ/ISTANBUL NO:1-2 MİMARSİNAN MAH SİLİVRİ, İSTANBUL, TÜRKİYE SİLİVRİ İSTANBUL;;www.minanurcomposite.com;minanurcomposite.com;İMİB - İstanbul Maden İhracatçıları Birliği
MİNCORE MADEN SANAYİ VE TİCARET ANONİM ŞİRKETİ;FOÇA MAH 975/1(FCA ) SK NO:2İÇ KAPI NO: 4 FETHİYE MUĞLA;(252) 6145741;;;İMİB - İstanbul Maden İhracatçıları Birliği
MİNERVA MADENCİLİK DIŞ TİCARET ANONİM ŞİRKETİ;CUMHURİYET CAD. NO:65/5 K.3PANGALTI PALAS APT. BEYOĞLU İSTANBUL;(212) 2302535;www.minervareources.com;minervareources.com;İMİB - İstanbul Maden İhracatçıları Birliği
MİNETRA METAL VE MADENCİLİK ANONİM ŞİRKETİ;ATA MAH.SANAYİ CAD. NO:6 GEMLİK BURSA GEMLİK BURSA;(224) 5190070;;;İMİB - İstanbul Maden İhracatçıları Birliği
MİNOP MADENCİLİK SANAYİ VE TİCARET A.Ş.;MUSTAFA KEMAL MAH. 2151 CAD KENT İŞ MERKEZİ NO : 2İÇ KAPI NO : 18 ÇANKAYA ANKARA;(312) 0000000;;;İMİB - İstanbul Maden İhracatçıları Birliği
MİR GRANİTE MERMER TAŞ İTHALAT İHRACAT SANAYİ TİCARET LİMİTED ŞİRKETİ;İMRAHOR MAH. SEVBAN MEHMET CAD. NO: 165A ARNAVUTKÖY İSTANBUL;;;;İMİB - İstanbul Maden İhracatçıları Birliği
MİR LIGHT KİMYA TEKS.SAN.TİC.A.Ş.;BAĞLAR MAH. YALÇIN KOREŞ CAD. NO:34/21 BAĞCILAR İSTANBUL;2124748121;;;İMİB - İstanbul Maden İhracatçıları Birliği
MİRA GRUP KİMYA MADENCİLİK MAKİNE İNŞAAT LTD.ŞTİ.;KOCATEPE MAH.SELANİK CD.LİMONCUOĞLU İŞH.NO:23/11 ÇANKAYA ANKARA;(312) 4189577;;;İMİB - İstanbul Maden İhracatçıları Birliği
MİRA KİMYA VE MAKİNE A.Ş.;YAKUPLU MAH. HÜRRİYET BLV. SKYPORT SKYPORT RESİDENCE NO: 1 İÇ KAPI NO: 70 BEYLİKDÜZÜ İSTANBUL;(212) 0000000;www.mıra-chem.com;mıra-chem.com;İMİB - İstanbul Maden İhracatçıları Birliği
MİRA PREFABRİK İNŞAAT MAKİNA TARIM VE HAYVANCILIK İÇ DIŞ TİCARET LİMİTED ŞİRKETİ;BARBAROS MAH. ARDIÇ SOK.C5 BLOK SİTESİ NO: 5L İÇ KAPI NO:61ATAŞEHİR / İSTANBUL ATAŞEHİR İSTANBUL;(216) 0000000;;;İMİB - İstanbul Maden İhracatçıları Birliği
MİRAC HACAMAT PLASTİK ÜRÜNLERİ SANAYİ VE TİCARET LİMİTED ŞİRKETİ;İNCİRLİ MAHALLESİ 78. SOKAK NO:12/A KEÇİÖREN ANKARA;(312) 2704002;;;İMİB - İstanbul Maden İhracatçıları Birliği
MİRALİS TÜNEL TEKNOLOJİLERİ MAK. DAN. SAN. VE TİC. LTD. ŞTİ.;İVEDİKOSB MAH. 1451 CAD. NO: 1 İVEDİKORGANİZESANAYİ YENİMAHALLE ANKARA;(312) 3945844;www.miralis.com.tr;miralis.com.tr;İMİB - İstanbul Maden İhracatçıları Birliği
MİRAMAR MADEN SANAYİ VE TİCARET ANONİM ŞİRKETİ;ESENTEPE MAH. BÜYÜKDERE CAD. LEVENT 199 NO:199/6 ŞİŞLİ İSTANBUL;(212) 0000000;;;İMİB - İstanbul Maden İhracatçıları Birliği
MİRSAN TEMİZLİK VE KOZMETİK ÜRÜNLERİ TİCARET LİMİTED ŞİRKETİ;MAHMUTBEY MAH. 2445 SK. NO:46 34218 BAĞCILAR, İSTANBUL, TÜRKİYE BAĞCILAR İSTANBUL;;;;İMİB - İstanbul Maden İhracatçıları Birliği
MİSTONE MADENCİLİK SANAYİ VE TİCARET LİMİTED ŞİRKETİ;75.YIL MAH. ADAHİSAR SOK. NO: 1 / B ODUNPAZARI ESKİŞEHİR;(222) 0000000;;;İMİB - İstanbul Maden İhracatçıları Birliği
MİTHRA DIŞ TİCARET VE DANIŞMANLIK HİZMETLERİ TİCARET LİMİTED ŞİRKETİ;HARMANDERE MAH.DEDEPAŞA CAD. ATLAS RES.SİT.CBL.NO:26/3/18 PENDİK İSTANBUL;(216) 0000000;;;İMİB - İstanbul Maden İhracatçıları Birliği
MİTRA MERMER ANONİM ŞİRKETİ;FATİH SULTAN MEHMET MAH. POLİGON CAD BUYAKA 2 SİTE3 BLOK NP 8 İÇ KAPI NO 97 ÜMRANİYE İSTANBUL;(216) 3300896;;;İMİB - İstanbul Maden İhracatçıları Birliği
MK MOMENTUM KİMYA VE YAPI MALZEMELERİ İTHALAT İHRACAT SANAYİ TİCARET LİMİTED ŞİRKETİ;ORTAKÖY MAH.SUSUZ SK. NO : 34 SİLİVRİ İSTANBUL;;;;İMİB - İstanbul Maden İhracatçıları Birliği
MKA GLOBAL DIŞ TİCARET LİMİTED ŞİRKETİ;ESENKENT MAH. HABEŞ SOK. NO:70A ÜMRANİYE İSTANBUL;;;;İMİB - İstanbul Maden İhracatçıları Birliği
MKGS MORGAN KARBON GRAFIT SANAYI ANONİM ŞİRKETİ;OSMANGAZİ MAH. 2647 SK. NO:27/4 KIRAÇ ESENYURT İSTANBUL;(212) 6713287;www.morgancarbon.com;morgancarbon.com;İMİB - İstanbul Maden İhracatçıları Birliği
MKO ELEKTRIK TEKSTIL INSAAT TAAHHÜT SANAYI VE TICARET LIMITED SIRKETI;ÇAĞLAYAN MAH. 2071 SK. SUBAŞI SİTESİ B BLOKNO:44- İÇ KAPI NO:7 MURATPAŞA ANTALYA;(224) 0000000;http://www.mkoelektrikplastik.com;mkoelektrikplastik.com;İMİB - İstanbul Maden İhracatçıları Birliği
MKS KAPI SİSTEMLERİ SANAYİ VE DIŞ TİCARET ANONİM ŞİRKETİ;TOPSELVİ MAH. İHSAN SOK.NO:6 KARTAL / İSTANBUL KARTAL İSTANBUL;(216) 4966162;https://www.mksmetal.com.tr/;mksmetal.com.tr;İMİB - İstanbul Maden İhracatçıları Birliği
MKT MAKİNA VE AHŞAP TEKNOLOJİLERİ SAN. VE TİC.A.Ş;TURGUT REİS MAH. DEMOKRASİ CAD. 233 1 SULTANBEYLİ İSTANBUL;(216) 4667073;www.mktmakina.com.tr;mktmakina.com.tr;İMİB - İstanbul Maden İhracatçıları Birliği
MKY MERMER VE KİMYEVİ MADDELER TİC. LTD. ŞTİ.;DİKİLİTAŞ MAH. ASUDE SOK. NO:19 A BEŞİKTAŞ İSTANBUL;(212) 2694396;;;İMİB - İstanbul Maden İhracatçıları Birliği
MLP SAĞLIK HİZMETLERİ A.Ş.;EMİRHAN CAD. BARBAROS PLAZA K.16 BEŞİKTAŞ İSTANBUL;(212) 2275555;;;İMİB - İstanbul Maden İhracatçıları Birliği
MM ZARA METAL SANAYİ VE TİCARET LİMİTED ŞİRKETİ;AKÇABURGAZ MAH. 3084. SK NO: 3 ESENYURT İSTANBUL;(212) 0000000;;;İMİB - İstanbul Maden İhracatçıları Birliği
MMA BENTONITE MINERALS MADENCİLİK LTD. ŞTİ.;FATSA OSB MAH. 109 SK. NO:22 FATSA/ORDU FATSA ORDU;(452) 4001840;;;İMİB - İstanbul Maden İhracatçıları Birliği
MMCT KİMYA TİCARET LİMİTED ŞİRKETİ;HUZUR MAH.MASLAK AYAZAĞA CAD.UNIQ İSTANBUL B/KAPI NO:4-B SARIYER İSTANBUL;(212) 0000000;;;İMİB - İstanbul Maden İhracatçıları Birliği
MMD MADENCILIK ISLETMELERI ANONIM SIRKETI;BARBAROS BULVARI MORBASAN SOKAK KOZA İŞ MERKEZİ C BEŞİKTAŞ İSTANBUL;(212) 7082221;;;İMİB - İstanbul Maden İhracatçıları Birliği
MMI MADEN İŞLETMELERİ A.Ş.;BARBAROS BULVARI MORBASAN SOKAK KOZA IS MERKEZIC BLOK BEŞİKTAŞ İSTANBUL;(212) 0000000;;;İMİB - İstanbul Maden İhracatçıları Birliği
MMT ALÜMİNYUM LİMİTED ŞİRKETİ;GÖKEVLER MAH. ADNAN KAHVECİ BLV. AUTOPIA KAPI NO:1/30 ESENYURT İSTANBUL;(212) 0000000;;;İMİB - İstanbul Maden İhracatçıları Birliği
MNİ YAPI İNŞAAT SANAYİ VE TİCARET ANONİM ŞİRKETİ;YALI MAH. İTİMAT SOK NO:2 /16 KARTAL İSTANBUL;(216) 0000000;;;İMİB - İstanbul Maden İhracatçıları Birliği
MNS MERMER MADENCİLİK MÜHENDİSLİK İNŞAAT NAKLİYAT İTHALAT İHRACAT İMALAT SANAYİ TİCARET LTD. ŞTİ.;ESENTEPE MAHALLESİ MÜSELLES SK. SANTA IŞ MERKEZIAPT. NO: 6/10 ŞİŞLİ İSTANBUL;(212) 2664055;;;İMİB - İstanbul Maden İhracatçıları Birliği
MNY KİMYA SANAYİ VE TİCARET ANONİM ŞİRKETİ;EGEMENLİK MAH.6147/1 SOK.NO:24 IŞIKKENT BORNOVA İZMİR;;;;İMİB - İstanbul Maden İhracatçıları Birliği
MOBILTEL ILT.HIZ.SAN.TIC.A.S.;EBULULLAH CAD. MEYDAN SOK. NO:20D:10 BEŞİKTAŞ İSTANBUL;02123512008;;;İMİB - İstanbul Maden İhracatçıları Birliği
MOCA MERMER SAN.TİC.LTD.ŞTİ.;ESENTEPE MAH. 1.GAYE SK. NO: 2/9 NİLÜFER/BURSA NİLÜFER BURSA;(224) 2493435;;;İMİB - İstanbul Maden İhracatçıları Birliği
MOD YAPTIRIM YAPI SANAYİ VE TİCARET ANONİM ŞİRKETİ;MERKEZ MAH GÖZDE SK ANT KONUT C10 BLOK N:4A/2 ÇEKMEKÖY İSTANBUL;;;;İMİB - İstanbul Maden İhracatçıları Birliği
MODAYSAN MODERN AYDINLATMA SANAYİ TİCARET LİMİTED ŞİRKETİ;IKITELLI OSB MAH. BASAKSEHIR B BLOK SK. BASAKSEHIRSANAYI B. BLOK NO: 16 BAŞAKŞEHİR İSTANBUL;(212) 8122891;;;İMİB - İstanbul Maden İhracatçıları Birliği
MODULE TMEC DIŞ TİCARET LİMİTED ŞİRKETİ;CEVİZLİ MH CEVİZLİ D 100 GÜNEY YAN YOLU KURİS KULE NO:2/78 KARTAL İSTANBUL;(216) 3370540;www.tmec-international.com;tmec-international.com;İMİB - İstanbul Maden İhracatçıları Birliği
MOLLAZADE MADENCİLİK KUYUMCULUK İÇ VE DIŞ TİCARET LİMİTED ŞİRKETİ;AKSARAY MAH. KÜÇÜK LANGA 1. ÇIKMAZI SOKAK KENT APT NO:2/5 FATİH İSTANBUL;(212) 6320243;;;İMİB - İstanbul Maden İhracatçıları Birliği
MOLTEK SAĞLIK HİZM. ÜRETİM VE PAZ.A.Ş.;GEBZE ORGANİZE SAN. BÖLGESİ ŞAHABETTİN BİLGİSU CAD. NO:611/1 41400 GEBZE KOCAELİ;(262) 6771160;www.moltek.com.tr;moltek.com.tr;İMİB - İstanbul Maden İhracatçıları Birliği
MONARCH DIS TICARET LIMITED SIRKETI;YILDIZEVLER MAH. 718.CADDE NO:13-8 ÇANKAYA ANKARA;(312) 0000000;;;İMİB - İstanbul Maden İhracatçıları Birliği
MONDO İTHALAT İHRACAT VE DIŞ TİCARET LİMİTED ŞİRKETİ;OSMANAĞA MAH. PAVLONYA SK. KANBEROĞLUİŞ HANI NO: 6 İÇ KAPI NO: 47 KADIKÖY İSTANBUL;(216) 0000000;;;İMİB - İstanbul Maden İhracatçıları Birliği
MONTANA MİNERAL KİMYA SANAYİ VE TİCARET LİMİTED ŞİRKETİ;CEVİZLİ MAH. ENDERUN SOK. NO:12İÇ KAPI NO:18 KARTAL İSTANBUL;;;;İMİB - İstanbul Maden İhracatçıları Birliği
MONTİS YAPI VE TİCARET LİMİTED ŞİRKETİ;SALACAK MAH. BÜYÜKMUSTAFAPAŞA SOK. NO:16/4 ÜSKÜDAR İSTANBUL;(216) 4748810;;;İMİB - İstanbul Maden İhracatçıları Birliği
MOONROSE MEDIA PLASTİK İTHALAT İHRACAT SANAYİ VE TİCARET LİMİTED ŞİRKETİ;TAŞKÖPRÜ MERKEZ MH. MUSA GÜNDÜZ CD. NO 88/B ÇİFTLİKKÖY YALOVA;;;;İMİB - İstanbul Maden İhracatçıları Birliği
MORFOSE KİŞİSEL BAKIM VE KOZMETİK ÜRÜNLERİ SAN.TİC.A.Ş.;ORTAKÖY MERKEZ MAH.ATALAY SK. NO:5 34570 SİLİVRİ İSTANBUL;(212) 7388464;www.morfose.eu;morfose.eu;İMİB - İstanbul Maden İhracatçıları Birliği
MOSBAH İNŞAAT DIŞ TİCARET LİMİTED ŞİRKETİ;PINARTEPE MAH, AVRUPA CAD. F BLOK, NO : 87İÇ KAPI NO : 32 BÜYÜKÇEKMECE İSTANBUL;;;;İMİB - İstanbul Maden İhracatçıları Birliği
MOT PASLANMAZ ÇELİK SAN VE TİC.LTD. ŞTİ;İKİTELLİ OSB MH ÇEVRE SAN SİT 2 BLOK NO:5 BAŞAKŞEHİR İSTANBUL;(212) 4860055;www.motdesing.com.tr;motdesing.com.tr;İMİB - İstanbul Maden İhracatçıları Birliği
MOT TASARIM MIM. INS. TUR. IC VE DIS DEKOR.LTD.STI.;IKITELLI ORG.SAN.BOLGESI CEVRESAN.SITESI 2.BLOK NO.5 KÜÇÜKÇEKMECE İSTANBUL;02124860055;www.mottasarimmimarlik.com;mottasarimmimarlik.com;İMİB - İstanbul Maden İhracatçıları Birliği
MOTALİ METAL SAN.TİC.LTD.ŞTİ;ORHANLI MH. KARADENİZ CAD TURGUT REİS SAN.SİT.C-3 BLOK NO:7/C3 TUZLA İSTANBUL;(216) 3948824;www.motalimetal.com;motalimetal.com;İMİB - İstanbul Maden İhracatçıları Birliği
MOW MADENCİLİK DIŞ TİCARET LİMİTED ŞİRKETİ;CUMHURİYET MAH. SÜRGÜLÜ. SK. NO: 4 SİNCAN ANKARA;(312) 0000000;;;İMİB - İstanbul Maden İhracatçıları Birliği
MOYAK MERMER VE MADENCİLİK ÜRETİM TİC. A. Ş.;TURGUT REİS MAH. FATİH BULV. AKERSOKAK NO:5/1 SULTANBEYLİ İSTANBUL;(216) 4195940;;;İMİB - İstanbul Maden İhracatçıları Birliği
MPM GIDA SANAYİ VE TİCARET ANONİM ŞİRKETİ;DİKİLİTAŞ MAH. HAKKI YETEN CAD. NO:10I İÇ KAPI NO:14 BEŞİKTAŞ İSTANBUL;(212) 3297924;www.mpmgida.com;mpmgida.com;İMİB - İstanbul Maden İhracatçıları Birliği
MRT MADEN SANAYİ VE TİCARET ANONİM ŞİRKETİ;SÜMER KORUSU POSTACI HALİL SOK.NO:4/2 TARABYA SARIYER İSTANBUL;(212) 2992000;www.mrtmining.com;mrtmining.com;İMİB - İstanbul Maden İhracatçıları Birliği
MS GROUP DIŞ TİCARET LİMİTED ŞİRKETİ;ACIBADEM MAH.ASAFBEY SK.OMER APT.NO:7A KADIKÖY İSTANBUL;(216) 3300896;;;İMİB - İstanbul Maden İhracatçıları Birliği
MT GRUP METALÜRJİ SAN. VE TİC. LTD. ŞTİ.;DEVLETYOLU ÜSTÜ MEVKİİ DEVLET YOLU ÜSTÜ KM. EVL. NO:1/1 YALOVA YALOVA;(226) 4631177;;;İMİB - İstanbul Maden İhracatçıları Birliği
MT İNOX ENDÜSTRİYEL MUTFAK ÜRETİM VE PAZARLAMA LİMİTED ŞİRKETİ;GÜNEŞLİ MH 1366 SK GÖZCÜLER İS HANI NO:4A BAĞCILAR İSTANBUL;(212) 5495890;www.mertendustrielmutfak.com;mertendustrielmutfak.com;İMİB - İstanbul Maden İhracatçıları Birliği
MT MAKİNA İÇ VE DIŞ TİCARET LİMİTED ŞİRKETİ;SÜMBÜL EFENDİ MAH. BENLİ İSMAİL SOK. NO:10 İÇ KAPI :4 FATİH İSTANBUL;(212) 2930682;;;İMİB - İstanbul Maden İhracatçıları Birliği
MT TABELA DIŞ TİCARET A.Ş.;İÇERENKÖY MAH. DEĞİRMENYOLU CAD. NO:35 K:5 ATAŞEHİR İSTANBUL;(850) 2151047;;;İMİB - İstanbul Maden İhracatçıları Birliği
MTF YAPI SAN.TİC.LTD.ŞTİ;BULGURLU MH. İZZETTİNBEY SK. BAYRAK İŞ MERKEZİ NO:9 B BLOK K:4 D:8 ÜSKÜDAR İSTANBUL;(216) 6344254;;;İMİB - İstanbul Maden İhracatçıları Birliği
MTG MERMER TURİZM GIDA VE İNŞ SANAYİ TİCARET LİMİTED ŞİRKETİ;FERHATPAŞA MAH. 73.SK.NO:20 ATAŞEHİR İSTANBUL;(216) 4124553;;;İMİB - İstanbul Maden İhracatçıları Birliği
MTL GENEL KUMANYACILIK VE DIŞ TİCARET LİMİTED ŞİRKETİ;YAYLA MAHALLESİ, HATBOYU CADDESİ, TUZLA AMBİYANS SİTESİ B BLOK NO.561 TUZLA İSTANBUL;(216) 2510685;;;İMİB - İstanbul Maden İhracatçıları Birliği
MTM MAKINA İMALAT SANAYİ VE DIŞ TİCARET LİMİTED ŞİRKETİ;TORMAK SANAYİ SİTESİ P BLOK NO:31 BAŞAKŞEHİR İSTANBUL;02125223960;;;İMİB - İstanbul Maden İhracatçıları Birliği
MTS DOĞAL TAŞ SANAYİ TİCARET LİMİTED ŞİRKETİ;19 MAYIS CAD.A EVLERİ A BLOK NO:59 A1/25 BEYLİKDÜZÜ İSTANBUL;(212) 4791086;;;İMİB - İstanbul Maden İhracatçıları Birliği
MUAMMER KARTAL;YENİBOSNA MERKEZ MAH.LADİN SOKAKKUYUMCUKENT ATÖLYE BLOĞU NO 4 İÇ KAPI NO: Z099 BAHÇELİEVLER İSTANBUL;;;;İMİB - İstanbul Maden İhracatçıları Birliği
MUHAMMET ALİ TARHAN MERMER TRAVERTEN SANAYİ VE TİCARET LTD.ŞTİ.;GÖRÜKLE MAH.GEÇER SK. DERİN APT.NO:2/2 NİLÜFER BURSA;;;;İMİB - İstanbul Maden İhracatçıları Birliği
MUHAMMET MUSTAFA GÜNEŞ;AKSARAY MAH. KÜÇÜK LANGA CAD. NO:79/1 FATİH İSTANBUL;(212) 5888696;;;İMİB - İstanbul Maden İhracatçıları Birliği
MUHARREM TOPALOĞLU;İOSB MH CİLA VE NİKELAJCILAR SAN SİT A BLOK NO:19/1/2 BAŞAKŞEHİR İSTANBUL;(212) 6191907;www.teknokimya.com;teknokimya.com;İMİB - İstanbul Maden İhracatçıları Birliği
MUMESAN AYDINLATMA DEKORASYON SAN. TİC. LTD. ŞTİ.;YEŞİLCE MAH.YILMAZ SOK.N:1/2 KAĞITHANE İSTANBUL;(212) 3250903;;;İMİB - İstanbul Maden İhracatçıları Birliği
MUNDOİMEX GLOBAL LOJİSTİK VE DIŞ TİCARET ANONİM ŞİRKETİ;GÖKEVLER MAHALLESİ 2312 SOKAK NO:16/C GİNZA CORNERPLAZA KAT:3 DAİRE:35 ESENYURT İSTANBUL;;;;İMİB - İstanbul Maden İhracatçıları Birliği
MUNDRA DOĞALTAŞ DIŞ TİCARET VE SANAYİ LİMİTED ŞİRKETİ;HASEKİ SULTAN MAH.TURGUT ÖZAL MİLLET CAD.GÜLŞEN APT.NO:21 İÇ KAPI NO:4 FATİH/İSTANBUL FATİH İSTANBUL;(212) 0000000;;;İMİB - İstanbul Maden İhracatçıları Birliği
MURAT BERK ÖZKAYA;YENİŞEHİR MAH.SU SOK.PINAR SİT.A1 BLOK NO:3/5ATAŞEHİR İSTANBUL TÜRKİYE PK:34779 ATAŞEHİR İSTANBUL;(216) 4161175;www.mbendustriyel.com;mbendustriyel.com;İMİB - İstanbul Maden İhracatçıları Birliği
MURAT CAFER EKMEKÇİ;KOCA MUSTAFA PAŞA MAH. İZCİTÜRK SK. NO:34/A FATİH İSTANBUL;(212) 5296109;www.reformticaret.com;reformticaret.com;İMİB - İstanbul Maden İhracatçıları Birliği
MURAT ÇETİNGÖZ;BARBAROS MAH. MOR SUMBUL SK. NIDAKULE NO: 7 /3F IC KAPI NO: 12 ATAŞEHİR İSTANBUL;(216) 0000000;;;İMİB - İstanbul Maden İhracatçıları Birliği
MURAT KALKAN;MALTEPE MAHALLESİ FAZILPAŞA CADDESİ NO:16 İÇ KAPI NO:28/29 İSTANBUL/ZEYTİNBURNU MALTEPE/İSTANBUL ZEYTİNBURNU İSTANBUL;(212) 5370090;;;İMİB - İstanbul Maden İhracatçıları Birliği
MURAT RULMAN TEKNİK HIRDAVAT GIDA TİC. VE SAN. LTD;O.S.B METAL İŞ SAN.SİT. 1.BLOK NO:4İSTANBUL/BAŞAKŞEHİR BAŞAKŞEHİR İSTANBUL;;;;İMİB - İstanbul Maden İhracatçıları Birliği
MURİSTO MALİ DANIŞMANLIK HİZM. TİC. LTD ŞTİ.;CAFERAĞA MAH. HACI ŞÜKRÜ SK. REVNAK APT. BLOK NO:5/1 İÇK.12 KADIKÖY İSTANBUL;(216) 3371507;;;İMİB - İstanbul Maden İhracatçıları Birliği
MUSA DUMAN;OSMANAĞA MAHALLESİ MÜHÜRDAR FUAT BEY SOKAK NO:11/1 KADIKÖY İSTANBUL;02163305220;www.dumanmadencilik.com;dumanmadencilik.com;İMİB - İstanbul Maden İhracatçıları Birliği
MUSA ÖZER;GÖZTEPE MAH RÜZGARLI SK N:15 BAĞCILAR İSTANBUL;;;;İMİB - İstanbul Maden İhracatçıları Birliği
MUSCON LOJİSTİK İÇ VE DIŞ TİC. LTD. ŞTİ.;ŞİRİNEVLER MAHALLESİ MAREŞAL FEVZİ ÇAKMAK 1. SOKAKMEYDAN İŞ HANI NO:2 İÇ KAPI NO:26 BAHÇELİEVLER İSTANBUL;(212) 0000000;;;İMİB - İstanbul Maden İhracatçıları Birliği
MUSHAN ULUSLARARASI DANIŞMANLIK VE TİCARET LİMİTED ŞİRKETİ;FİKİRTEPE MAH MANDIRA CAD MANDARINS A BLOK NO :11 A İÇ KAPI NO:148 KADIKÖY İSTANBUL;(216) 0000000;;;İMİB - İstanbul Maden İhracatçıları Birliği
MUSKAY İÇ VE DIŞ TİCARET LİMİTED ŞİRKETİ;KEMALPASA MAH. 18.SEKBANLAR SK. FEHMİBEY İSHANINO.15 D.1 FATİH İSTANBUL;;;;İMİB - İstanbul Maden İhracatçıları Birliği
MUSTAFA AYKUT GÜLERYÜZ;CUMHURİYET MH.406 SK.GÜREL 1 SİTESİ B BLOK 5 BA 1 GEMLİK BURSA GEMLİK BURSA;;;;İMİB - İstanbul Maden İhracatçıları Birliği
MUSTAFA DEMİR;GÜLTEPE MH.REYHAN CD. SOYYİĞİT İŞ HANI NO:13/1 KÜÇÜKÇEKMECE İSTANBUL;(212) 4267050;;;İMİB - İstanbul Maden İhracatçıları Birliği
MUSTAFA ETLİ;MEYDAN KAVAĞI MH. PERGE CD.YEŞIL SIT.ABLOK 32/1 MURATPAŞA ANTALYA;02423125255;www.inkayapi.net;inkayapi.net;İMİB - İstanbul Maden İhracatçıları Birliği
MUSTAFA SOYSAL;SARAYLAR MERKEZ MAH.ZÜMRÜT SOKAK NO:14 MARMARA BALIKESİR;(266) 8877056;;;İMİB - İstanbul Maden İhracatçıları Birliği
MUSTAFAOĞLU MERMER İNŞAAT VE DIŞ TİCARET LİMİTED ŞİRKETİ;VIRACA MAHALLESİ AYRANCI ALİ SK. NO: 3/04 MUSTAFAKEMALPAŞA BURSA;(224) 6133039;;;İMİB - İstanbul Maden İhracatçıları Birliği
MUZAFER ÇAL;ABDİAĞA KÖYÜ ABDİAĞA KÜME EVLERİ NO: 201 BİGA ÇANAKKALE;;;;İMİB - İstanbul Maden İhracatçıları Birliği
MUZAFFER TARIK ATAY;ALERTUĞRUL MAH. AHMET TANER KIŞLALI CAD. NO:17 NİLÜFER BURSA;(224) 4135262;;;İMİB - İstanbul Maden İhracatçıları Birliği
MUZE YAPI İNŞAAT ANONİM ŞİRKETİ;ZÜMRÜTEVLER MAH. HACI BAYRAM VELİ CAD. NİSH ADALARSİT. 24 BLOK NO:13 / 35 PENDİK İSTANBUL;;www.eorconstruction.com;eorconstruction.com;İMİB - İstanbul Maden İhracatçıları Birliği
MÜBREM İNŞAAT DIŞ TİCARET LIMITED ŞİRKETİ;MALTEPE MAHALLE YEDİKULE ÇIRPICI YOL SOKAK AVRUPA KONUTLARI OFİS 2NO:21 ZEYTİNBURNU İSTANBUL;(212) 8017075;;;İMİB - İstanbul Maden İhracatçıları Birliği
MÜRVET MÜDERRİSOĞLU;ORTAMAHALLE MAH. KARACA SOK.NO:6 B İÇ KAPI NO:1 BAYRAMPAŞA İSTANBUL;(216) 5770258;;;İMİB - İstanbul Maden İhracatçıları Birliği
MVT ELEKTRİK SANAYİ VE TİCARET LİMİTED ŞİRKETİ;İSMET KAPTAN MH. ŞEHİT NEVRES BLV. DEREN PLAZABLOK NO 10, İÇ KAPI:11 KONAK İZMİR;(232) 0000000;;;İMİB - İstanbul Maden İhracatçıları Birliği
MY CONCEPT GLOBAL PROJE YÖNETİMİ TİCARET LİMİTED ŞİRKETİ;HACIMAŞLI MAH.HACIMAŞLI CAD.SIRDUŞ DUŞ VE KÜVT KABKABİNLERİ NO:69/5 ARNAVUTKÖY İSTANBUL;(212) 0000000;;;İMİB - İstanbul Maden İhracatçıları Birliği
MYM DOĞALTAŞ SANAYİ TİCARET LİMİTED ŞİRKETİ;OSB PIK DÖKÜMCÜLER SAN.SIT.B6 BLOK NO:6 İKİTELLİ BAŞAKŞEHİR İSTANBUL;(212) 4860470;www.marbleturka.com;marbleturka.com;İMİB - İstanbul Maden İhracatçıları Birliği
MZC HIRDAVAT VE ELEKTRIK MALZEMELERİ SANAYİ VE TİCARET LİMİTED ŞİRKETİ;OST,M OSB MAH.1170 CAD.NO:4 İÇ KAPI NO:62 YENİMAHALLE ANKARA;(312) 2234565;;;İMİB - İstanbul Maden İhracatçıları Birliği
NABULSİ MATBAACILIK KİMYEVİ MADDELER İÇ VE DIŞ TİCARET LİMİTED;HASEKİ SULTAN MAH. ÖZBEK SÜLEYMANEFENDİ SK. NO:10 A FATİH FATİH İSTANBUL;(212) 0000000;;;İMİB - İstanbul Maden İhracatçıları Birliği
NADIR AY KUYUMCULUK VE HEDIYE ESYA SANAYİ VE TICARET LİMİTED ŞİRKETİ;YENİBOSNA MERKEZ MAHALLESİ KUYUMCULAR SOKAK KUYUMCUKENT VİZYONPARK SİTESİ NO:4 C2 BLOK KAT:4 / 410 3 BAHÇELİEVLER İSTANBUL;(212) 9990111;www.nadiray.com;nadiray.com;İMİB - İstanbul Maden İhracatçıları Birliği
NADİR METAL RAFİNERİ SAN. VE TİC. A.Ş.;YENİBOSNA MERKEZ MAH LADİN SOK NO:4 ATÖLYE BLOK ZEMİN KAT 015 KUYUMCUKENT BAHÇELİEVLER İSTANBUL;(212) 6030967;www.nadirmetal.com.tr;nadirmetal.com.tr;İMİB - İstanbul Maden İhracatçıları Birliği
NAHİT AKBEY YAPI ANONİM ŞİRKETİ;HANLI MERKEZ MAH. D-100 KARAYOLU CAD. AYD MOBİLYA SİTESİ NO:466/A HANLI MERKEZ MAH 54580 ARİFİYE, SA ARİFİYE SAKARYA;;www.tekoplus.com.tr;tekoplus.com.tr;İMİB - İstanbul Maden İhracatçıları Birliği
NAİL BAKİ;CEDİT MAH. MUSA KAZIM. CAD. USTA SOK. NO: 3/A İZMİT KOCAELİ;;http://www.tuzodasi.org;tuzodasi.org;İMİB - İstanbul Maden İhracatçıları Birliği
NAKE MOBİLYA AKSESUARLARI TASARIM METAL SANAYİ VE TİCARET LİMİTED ŞİRKETİ;NİŞANTEPE MAH. SARAY CAD. NO: 186 İÇ KAPI NO: 2 ÇEKMEKÖY İSTANBUL;(216) 0000000;;;İMİB - İstanbul Maden İhracatçıları Birliği
NAKKAR İNŞAAT SANAYİ TİCARET LİMİTED ŞİRKETİ;İSKENDERPAŞA MAH..KIZTAŞI CAD. NO:7/ 11 FATİH İSTANBUL;(212) 5408775;;;İMİB - İstanbul Maden İhracatçıları Birliği
NANOKAP YÜZEY KAPLAMA TEKNOLOJİ METAL MAKİNA SANAYİ DIŞ TİCARET LİMİTED ŞİRKETİ;ERENLER MAHALLESİ 1234 SOKAK TURUVA GRANİT NO:21 ERENLER SAKARYA;(264) 2767315;www.nanokap.com;nanokap.com;İMİB - İstanbul Maden İhracatçıları Birliği
NANOPOL KIMYA KOMPOZIT VE BOYA SANAYI TICARET LIMITED SIRKETI;SULTANÇIFTLIGI MAH. 30. SK. KUTLU SITESI NO: 22 BB IÇ KAPI NO: 13 SULTANGAZI/ ISTANBUL SULTANGAZİ İSTANBUL;(212) 6062634;;;İMİB - İstanbul Maden İhracatçıları Birliği
NANOTECH MAKİNA SAN. VE TİC. LTD. ŞTİ.;TERSANE CD. BAKIR S. ASLAN IŞHANI NO:1 / 3 306 KARAKAYÖ BEYOĞLU İSTANBUL;02122549055;;;İMİB - İstanbul Maden İhracatçıları Birliği
NANOTEK İNŞAAT SANAYİ VE YAPI MALZEMELERİ TİC.A.Ş.;ESENŞEHİR MAH. PIRLANTA SOK. NO:49 YUKARIDUDULLU ÜMRANİYE İSTANBUL;(216) 3391212;;;İMİB - İstanbul Maden İhracatçıları Birliği
NAR GRANİT ENDÜSTRİ VE TİC. A.Ş.;YAKUPLU MERMERCİLER SAN.SİT.NO:17 BEYLİKDÜZÜ İSTANBUL;(212) 8761888;www.nargranit.com.tr;nargranit.com.tr;İMİB - İstanbul Maden İhracatçıları Birliği
NART AMBALAJ SAN. VE TİC. LTD.ŞTİ.;MALTEPE MAH. DAVUTPAŞA CD. KALE İŞ MERKEZİ NO:141/ ZEYTİNBURNU İSTANBUL;(212) 4830571;www.nartexport.com;nartexport.com;İMİB - İstanbul Maden İhracatçıları Birliği
NARYAA YAPI SANAYİ VE TİCARET LİMİTED ŞİRKETİ;KANUNİ CAD. NO:28/13 YAKUPLU BEYLİKDÜZÜ İSTANBUL;(212) 8904405;;;İMİB - İstanbul Maden İhracatçıları Birliği
NASA NEM YAPI MALZ. VE TİC. A.Ş.;NECATIBEY CAD. NO:21 KADIKÖY İSTANBUL;02122451193;;;İMİB - İstanbul Maden İhracatçıları Birliği
NASRİN KİMYEVİ MADDELER MAKİNE TURİZM GIDA VE TEKSTİL DIŞ TİCARET LİMİTED ŞİRKETİ;SOĞANLIK YENİ MAH. BALIKESİR CAD. REZİDANS UPRISE ELİT SİTESİ C1- AB BLOK NO :6 / 133 KARTAL İSTANBUL;02163553887;www.nasrin.com.tr;nasrin.com.tr;İMİB - İstanbul Maden İhracatçıları Birliği
NATAÇ YAPI MALZ İNŞ MAD NAK SAN VE TİC LTD ŞTİ;AKTEKKE MAH ERTURAN SK NO 10/C MERKEZ KASTAMONU;(366) 0000000;;;İMİB - İstanbul Maden İhracatçıları Birliği
NATEX YAPI SANAYİ VE TİCARET LTD.ŞTİ;CİHANGİR MAHALLESİ PETROLOFİSİ CAD.NO:17 D/0 AVCILAR İSTANBUL;(212) 4222624;;;İMİB - İstanbul Maden İhracatçıları Birliği
NATURE ART SURFACE İTHALAT İHRACAT SANAYİ VE TİCARET LİMİTED ŞİRKETİ;VİŞNELİK MAHALLESİ ÖZVEREN SK. YAĞMUR APT. NO:11İÇ KAPI NO:7 ODUNPAZARI ESKİŞEHİR;(222) 0000000;;;İMİB - İstanbul Maden İhracatçıları Birliği
NATÜRELMAR MADENCİLİK SANAYİ VE TİCARET A.Ş.;KAVACIK MAH. YAYA BEYİ SOK. NO:9 İÇ KAPI NO:3 BEYKOZ İSTANBUL;(216) 5388150;www.naturelmar.com;naturelmar.com;İMİB - İstanbul Maden İhracatçıları Birliği
NAVIGATOR INTERNATIONAL INŞ.SAVUNMA SAN.LTD.ŞTİ;SOĞANLIK ORTA MAH.D-100 KUZEY YAN YOL NO:26 KAT9 D:97 KARTAL/ KARTAL İSTANBUL;(216) 5044747;;;İMİB - İstanbul Maden İhracatçıları Birliği
NAZIM ZENGİN;YILDIZ TABYA CAD.BERCESTE SOK.N:95 GAZİOSMANPAŞA İSTANBUL;;www.zenginmarble.com;zenginmarble.com;İMİB - İstanbul Maden İhracatçıları Birliği
NAZKAYA AMBALAJ SAN.A.Ş;KAVAKLI MAH. FULYA CAD. HAZAR SOK NO:4 KAVAKLI SİLİVRİ İSTANBUL;(212) 8630511;;;İMİB - İstanbul Maden İhracatçıları Birliği
NB GLOBAL MADENCİLİK VE KİMYA SANAYİ TİCARET ANONİM ŞİRKETİ;75 . YIL OSB MAH. 2002 CAD. NO:17 ODUNPAZARI ESKİŞEHİR;(312) 0000000;;;İMİB - İstanbul Maden İhracatçıları Birliği
NCH ITH.IHR.VE TIC.LTD.STI.;ALI NIHAT TARLAN CAD. NO:81 D:7 KADIKÖY İSTANBUL;02166586670;;;İMİB - İstanbul Maden İhracatçıları Birliği
NDCHEM KİMYEVİ MADDELER LİMİTED ŞİRKETİ;CUMHURİYET MAHALLESİ NAMIK KEMAL CADDESİ NO:47 ÇAYIROVA KOCAELİ;(262) 0000000;;;İMİB - İstanbul Maden İhracatçıları Birliği
NDM CHEMICAL KİMYEVİ VE MADENİ ÜRÜNLER SAN. VE TİC. LTD. ŞTİ.;ORUÇ REİS MAH.TEKSTİLKENT CAD.KOZA PLAZA A BLOK K:5 N:17 ESENLER İSTANBUL;(212) 5831131;;;İMİB - İstanbul Maden İhracatçıları Birliği
NEBER KOZMETİK SANAYİ VE TİCARET ANONİM ŞİRKETİ;GÖKEVLER MAH. ADNAN KAHVECİ BULVARI 2330 SK. 1084PARSEL B BLOK KAPI NO: 6P ESENYURT İSTANBUL;(212) 8540048;;;İMİB - İstanbul Maden İhracatçıları Birliği
NEBHAN GOLD KUYUMCULUK DANIŞMANLIK VE DIŞ TİC.LTD.ŞTİ.;MESİHPAŞA MAH.LALELİ CAD.KALVAN CENTER NO:22/304 FATİH İSTANBUL;(212) 0000000;;;İMİB - İstanbul Maden İhracatçıları Birliği
NEC TELEKOMÜNİKASYON VE BİLGİ TEKNOLOJİLERİ LTD.ŞTİ.;DİKİLİTAŞ EMİRHAN CAD. NO:113 BARBAROS PLAZA İŞ MERKEZİ C BLOK KAT: 10 BEŞİKTAŞ İSTANBUL;(212) 3477968;www.nec.com;nec.com;İMİB - İstanbul Maden İhracatçıları Birliği
NECAT DEMİR DIŞ TİCARET LİMİTED ŞİRKETİ;ARAP CAMİ MAH. GALATA HIRDAVATÇILAR MEYDAN NO:73/2 BEYOĞLU İSTANBUL;(212) 2935793;;;İMİB - İstanbul Maden İhracatçıları Birliği
NECMETTİN İNAL;ADNAN KAHVECİ BULV. ÇAĞDAŞ APT. NO:97K:1 D:6 YAYLA YENİBOSNA BAHÇELİEVLER İSTANBUL;(212) 4411506;www.taspazari.com;taspazari.com;İMİB - İstanbul Maden İhracatçıları Birliği
NED YEM ANONİM ŞİRKETİ;ICERENKOY MH, DEGİRMENYOLU SK, KUTAY IS MRK, B BLOK,KAT:4 34752 ATAŞEHİR İSTANBUL;(216) 8070987;www.nedyem.com;nedyem.com;İMİB - İstanbul Maden İhracatçıları Birliği
NEDEX KİMYA SAN. VE TİC. A.Ş.;TATLISU MAH. ARACI SOK. NO.8 KAT: 1-2-3-4 34760 34760 ÜMRANİYE İSTANBUL;(216) 4880155;www.nedexgroup.com.tr;nedexgroup.com.tr;İMİB - İstanbul Maden İhracatçıları Birliği
NEJAT SABUNCU MAKİNE TİCARET VE SANAYİ A.Ş.;MITHATPAŞA MAH.ORKIDE SK.NO.4 K:1 KEMERBURGAZ EYÜP İSTANBUL;(212) 3602430;www.granitcenter.com;granitcenter.com;İMİB - İstanbul Maden İhracatçıları Birliği
NEORAY İNŞAAT SANAYİ VE TİCARET ANONİM ŞİRKETİ;DUMLUPINAR MAH. YUMURTACI ABDİBEY CAD.B BLOK NO: 4BJ KADIKÖY İSTANBUL;(216) 5764950;;;İMİB - İstanbul Maden İhracatçıları Birliği
NERO PİCASSO STONE GALLERY MADENCİLİK İNŞAAT MİMARLIK OTOMOTİV SANAYİ VE TİCARET LİMİTED ŞİRKETİ;NİLÜFERKÖY MAH.MUDANYA YOLU CAD.NO:6 OSMANGAZİ BURSA;(224) 2335511;;;İMİB - İstanbul Maden İhracatçıları Birliği
NESCO İNŞAAT TEKSTİL TURİZM SAĞLIK GIDA SAN. VE TİC. LTD. ŞTİ.;DENİZKÖŞKLER MAH. DR SADIKAHMET CAD. NO: 58/A AVCILAR İSTANBUL;(212) 4220302;;;İMİB - İstanbul Maden İhracatçıları Birliği
NESER KABLO PANO ELEKTRİK TAAHHÜT MÜHENDİSLİK SERVİS TURİZM TAŞIMACILIK SAN. VE TİC.LTD.ŞTİ.;ORGANİZE SAN. BÖLGESİ TURUNCU CADDE NO:2/A NİLÜFER BURSA;(224) 4435548;www.neserpano.com.tr;neserpano.com.tr;İMİB - İstanbul Maden İhracatçıları Birliği
NESİL İLAÇ KOZMETİK SANAYİ VE TİCARET LİMİTED ŞİRKETİ;DUAÇINARI MAH.4.DERYA SK.NO:4/1 YILDIRIM BURSA;(224) 4338333;http://nesililac.com;nesililac.com;İMİB - İstanbul Maden İhracatçıları Birliği
NESİLLER PLASTİK LOJİSTİK VE MAKİNE İTHALAT İHRACAT SANAYİ TİCARET ANONİM ŞİRKETİ;AKBAŞLAR MAH. DURSUNBEY OSB 3 NOLU SK. NO 17: İÇ KAPI NO:1 DURSUNBEY BALIKESİR;(212) 8865258;;;İMİB - İstanbul Maden İhracatçıları Birliği
NESLİHAN ÖNDER - AKMER MERMER & GRANİT;GEÇİT MAH.2. GÜNDOĞDU SK.NO:103 OSMANGAZİ BURSA;(224) 0000000;;;İMİB - İstanbul Maden İhracatçıları Birliği
NESS İŞLETMECİLİK VE DANIŞMANLIK ANONİM ŞİRKETİ;KIZILIRMAK MAHALLESİ DUMLUPINAR BULVARI YDA CENTER NO:9A 158 ÇANKAYA ANKARA;(312) 5127444;www.nessworldwide.com.tr;nessworldwide.com.tr;İMİB - İstanbul Maden İhracatçıları Birliği
NET ART MİMARLIK MEKANSAL TASARIM LTD STI;KUCUK SANAYI SITESI 65 BLOK N 21 NİLÜFER BURSA;(224) 2251123;http://www.netartmimarlik.com;netartmimarlik.com;İMİB - İstanbul Maden İhracatçıları Birliği
NET GRUP REKLAM MATBAACILIK DOĞALGAZ İNŞAAT NAK.HAYV.TURİZM GIDA OTO. TEKSTİL SAN. VE TİC. LTD. ŞTİ;GÖLLÜ BAĞLARI MAH. RECEP TAYYİP ERDOĞAN BULVARI A2BLOK NO:14/2C AMASYA/MERKEZ MERKEZ AMASYA;(358) 2125886;;;İMİB - İstanbul Maden İhracatçıları Birliği
NETAMAR MERMER MADENCİLİK İNŞAAT TEKSTİL DIŞ TİC. SAN. LTD. ŞTİ.;YUVAKÖY MAH. 3706. SOK. NO.5 YENİMAHALLE ANKARA;;www.netamarble.com;netamarble.com;İMİB - İstanbul Maden İhracatçıları Birliği
NETAŞ BENTONİTE SANAYİ VE TİCARET LİMİTED ŞİRKETİ;YENİPAZAR MAH.KÜME EVLERİ SOK.ÇOŞKUNLAR APT. DAİRE:4 41/1 101 FATSA ORDU;(452) 0000000;;;İMİB - İstanbul Maden İhracatçıları Birliği
NETAŞ MADENCİLİK NAKLİYE İNŞAAT TİC.VE SAN.LTD.ŞTİ.;MUSTAFA KEMAL PAŞA MH. ATA.CD. NO: 4/1 FATSA ORDU;(452) 4237065;;;İMİB - İstanbul Maden İhracatçıları Birliği
NEV ALÜMİNYUM AKSESUAR İNŞAAT SANAYİ VE TİCARET LİMİTED ŞİRKETİ;HATİP MH. MİMAR SİNAN CAD. NO.6ÇORLU / TEKİRDAĞ ÇORLU TEKİRDAĞ;(282) 6535232;;;İMİB - İstanbul Maden İhracatçıları Birliği
NEV-KA DİYABAZ BAZALT MADENCİLİK MAKİNE TURİZM İNŞ.NAK. HAYVANCILIK GIDA MOB. SANAYİ VE TİC.LTD.ŞTİ.;MİMARSİNAN OSB MAHALLESİ 19. CAD. NO:54 PK:38350 MELİKGAZİ KAYSERİ;(352) 5031616;www.nev-ka.com.tr;nev-ka.com.tr;İMİB - İstanbul Maden İhracatçıları Birliği
NEVPANEL YAPI MADEN ÜRETİM İTH.İHR.SAN.VE TİC.LTD.ŞTİ.;BAĞDAT CAD. ÇOLAKOĞLU İŞ MRK. NO.458/30 MALTEPE İSTANBUL;(216) 4573600;www.nevra.com.tr;nevra.com.tr;İMİB - İstanbul Maden İhracatçıları Birliği
NEVRA İNŞ.YAPI TEKN. SAN VE TİC LTD ŞTİ.;BAĞDAT CAD ÇOLAKOĞLU İŞ MRK NO 458-22 MALTEPE İSTANBUL;(216) 4573600;www.nevra.com.tr;nevra.com.tr;İMİB - İstanbul Maden İhracatçıları Birliği
NEW TREND MADENCİLİK İTH.İHR.TİC.LTD.ŞTİ.;REYHAN MH.8. PARK SK.MELEK SULTAN İŞM.NO:12/1B 03 OSMANGAZİ BURSA;;www.newtrend-mining.com;newtrend-mining.com;İMİB - İstanbul Maden İhracatçıları Birliği
NEW WAY İTHALAT İHRACAT VE TİCARET LİMİTED ŞİRKETİ;GÖZTEPE MH BATIŞEHİR CD BATİŞEHİR SİT K1 BLOK NO:2/1/38 BAĞCILAR İSTANBUL;(212) 4855950;www.newwaytr.com;newwaytr.com;İMİB - İstanbul Maden İhracatçıları Birliği
NEWTECH FİLM VE AMBALAJ PAKETLEME KİMYA GIDA İNŞAAT İTHALAT VE İHRACAT LİMİTED ŞİRKETİ;19 MAYIS MAH. HALASKARGAZİ CAD. NO:202AKASYA APT. K:5 D:5 ON DOKUZ MAYIS MAH ŞİŞLİ İSTANBUL;;;;İMİB - İstanbul Maden İhracatçıları Birliği
NEXANS TÜRKİYE ENDÜSTRİ VE TİCARET ANONİM ŞİRKETİ;MECİDİYEKÖY MAH. OĞUZ SOK. NO:4RÖNESANS BİZ PLAZA A/1 MECİDİYEKÖY ŞİŞLİ İSTANBUL;(212) 2660160;www.nexans.com;nexans.com;İMİB - İstanbul Maden İhracatçıları Birliği
NEXT VİSİON ENERJİ SAN.VE TİC.LTD.ŞTİ.;İÇMELER MAH. BEKTAŞ SOK. NO:5/A İÇMELER TUZLA İSTANBUL;(216) 4475132;;;İMİB - İstanbul Maden İhracatçıları Birliği
NFR İTHALAT İHRACAT VE DIŞ TİCARET LİMİTED ŞİRKETİ;KAVACIK MAH. MUTLU SK. GÜLER APT. NO:48/5 BEYKOZ İSTANBUL;(216) 5758011;;;İMİB - İstanbul Maden İhracatçıları Birliği
NGASTRO DIŞ TİCARET VE DANIŞMANLIK HİZMETLERİ LİMİTED ŞİRKETİ;KÜÇÜKBAKKALKÖY MAH. SELVİLİ SK. NO:4/20 ATAŞEHİR İSTANBUL;(212) 2434908;;;İMİB - İstanbul Maden İhracatçıları Birliği
NGB KİMYA A.Ş.;ORGANİZE DERİ SAN BÖLGESİ ASTARSOK 6-1Ç PARSEL ORHANLI TUZLA İSTANBUL;(216) 3941243;www.ngbkimya.com;ngbkimya.com;İMİB - İstanbul Maden İhracatçıları Birliği
NILFISK-ADVENCE PROFESYONEL TE MIZLIK EKIPMANLARI TIC.A.S.;ŞERİFALİ MAH. BAYRAKTAR BLV.ŞEHİT SK.NO:7 ATAKENT ÜMRANİYE İSTANBUL;(216) 4669494;www.nilfiks.com.tr;nilfiks.com.tr;İMİB - İstanbul Maden İhracatçıları Birliği
NIPPON PAINT TURKEY BOYA SAN. VE TIC. A.Ş.;ISTANBUL CD.140 Merkez KOCAELİ;02627449560;;;İMİB - İstanbul Maden İhracatçıları Birliği
NİCEA GROUP İNŞAAT SANAYİ VE TİCARET A.Ş.;RAMİ YENİ MAHALLE PAŞA BABA SOKAKÖZİÇ APT. NO: 28 İÇ KAPI NO : 5 EYÜP İSTANBUL;(212) 6156426;;;İMİB - İstanbul Maden İhracatçıları Birliği
NİCOMEDİA MADENCİLİK DIŞ TİCARET SANAYİ LİMİTED ŞİRKETİ;TOPÇULAR CADDESİ NO:4/5 EYÜP İSTANBUL;(212) 5316066;www.nicomedias.com;nicomedias.com;İMİB - İstanbul Maden İhracatçıları Birliği
NİL EGE MADEN ANONİM ŞİRKETİ;MURAT REİS MAH. SELAMET SOK. NO:9 ÜSKÜDAR İSTANBUL;(216) 4740213;http://www.nilegemadencilik.com;nilegemadencilik.com;İMİB - İstanbul Maden İhracatçıları Birliği
NİLDEFNE BOYA VE KİMYA SANAYİ TİCARE LİMİTED ŞİRKETİ;İKİTELLİ OSB MAH. GİYİM SANATKARLARI 4B BLOK SK. GGİYİM SANATKARLARI TİC. MER SİT 4B BLOK APT NO: 4 BAŞAKŞEHİR İSTANBUL;(212) 5735530;;;İMİB - İstanbul Maden İhracatçıları Birliği
NİLO ENDÜSTRİYEL SARF MALZEMELERİ DIŞ TİCARET LİMİTED ŞİRKETİ;İKİTELLİ OSB MAH. BAĞCILAR GÜNGÖREN 23 BLOK SK. N:5 BAŞAKŞEHİR İSTANBUL;;;;İMİB - İstanbul Maden İhracatçıları Birliği
NİLSU MADENCİLİK TİCARET ANONİM ŞİRKETİ;LEVENT MAH. CÖMERT SOK.YAPI KREDİ PLAZA C BLOK K.18 NO:1 C/42 BEŞİKTAŞ İSTANBUL;(212) 2637203;www.nilsumining.com;nilsumining.com;İMİB - İstanbul Maden İhracatçıları Birliği
NİLÜFER HANZADE İNŞAAT EMLAK TURİZM SANAYİ TİCARET LİMİTED ŞİRKETİ;ÇALI MAH CUMHURİYET CAD 27C NİLÜFER BURSA;(224) 4514180;;;İMİB - İstanbul Maden İhracatçıları Birliği
NİMBA İTHALAT İHRACAT LTD.ŞTİ.;ORHANGAZİ MAH 1646 SOK MİMSAN SAN.SİT39 BLOK NO:82 ESENYURT İSTANBUL;(212) 0000000;www.newnimba.com;newnimba.com;İMİB - İstanbul Maden İhracatçıları Birliği
NİSANTE MERMER ÜRETİM DIŞ TİCARET SANAYİ LİMİTED ŞİRKETİ;FERHUNİYE MAH. SULTANŞAH CAD. UĞUR APARTMNO:28/106 SELÇUKLU KONYA;(332) 3502020;www.nisamermer.com;nisamermer.com;İMİB - İstanbul Maden İhracatçıları Birliği
NİT METAL A.Ş.;MAHMUTBEY MH TAŞOCAĞI CD AĞAOĞLU MY OFFİCE 212 NO:3 KAT:10 D:168 BAĞCILAR İSTANBUL;(000) 0000000;www.nitmetal.com.tr;nitmetal.com.tr;İMİB - İstanbul Maden İhracatçıları Birliği
NİTROCHEM KİMYEVİ MADDELER SAN. VE TİC.LTD.ŞTİ.;İÇERENKÖY MAH.ŞÜKRAN SK.KIRCA APT.NO:42/A ATAŞEHİR İSTANBUL;(216) 5721813;;;İMİB - İstanbul Maden İhracatçıları Birliği
NİVAK İNŞAAT ANONİM ŞİRKETİ;ŞEHİT CENGİZ KARCIOĞLU SOK. NO.6GÜLBAHAR CAD. EVREN MAH. BAĞCILAR İSTANBUL;(212) 6967660;www.nivakgroup.com;nivakgroup.com;İMİB - İstanbul Maden İhracatçıları Birliği
NN MEDİKAL SANAYİ VE TİCARET LİMİTED ŞİRKETİ;DEĞİRMEN YOLU CAD. YÜKSEL ÜÇÜNCÜ İŞ MERKZ.33/7 İÇERENKÖY ATAŞEHİR İSTANBUL;;www.nnrepair.com;nnrepair.com;İMİB - İstanbul Maden İhracatçıları Birliği
NNG ENERJİ TEKNOLOJİ TAAHHÜT VE TİCARET LİMİTED ŞİRKETİ;KISIKLI MAHALLESİ İMAM ETHEM SOKAK NO:4 /1 PK:34692 ÜSKÜDAR İSTANBUL;(216) 5106962;www.nngenerji.com;nngenerji.com;İMİB - İstanbul Maden İhracatçıları Birliği
NOBEL İÇ VE DIŞ TİC. LTD. ŞTİ.;HALASKARGAZI CAD. NO.94 KAT 2 D.4 ŞİŞLİ İSTANBUL;(212) 3202734;www.nobelexport.com;nobelexport.com;İMİB - İstanbul Maden İhracatçıları Birliği
NOBEL İLAÇ SANAYİİ VE TİC.A.Ş.;SARAY MAH. DR. ADNAN BÜYÜKDENİZ CAD. NO:14 ÜMRANİYE İSTANBUL;02166336000;www.nobel.com.tr;nobel.com.tr;İMİB - İstanbul Maden İhracatçıları Birliği
NOCHE MADENCİLİK GIDA TURİZM İNŞAAT TİCARET VE SANAYİ ANONİM ŞİRKETİ;KAYSERI ASFALTI 7.KM MUCUR KIRŞEHİR;(386) 8237385;www.noche.com.tr;noche.com.tr;İMİB - İstanbul Maden İhracatçıları Birliği
NORDE MOBİLYA A.Ş.;HUZUR MAHALLESİ KARADENİZ CADDESİ 32 A/1 ÜMRANİYE İSTANBUL;(216) 4862717;;;İMİB - İstanbul Maden İhracatçıları Birliği
NORMA ZEMİN VE YAPI ÜRÜNLERİ DIŞ TİCARET LİMİTED ŞİRKETİ;CUMHURİYET MH. HÜRRİYET CD. NO.9 D.1 BEYLİKDÜZÜ İSTANBUL;(212) 0000000;http://normayapi.com.tr;normayapi.com.tr;İMİB - İstanbul Maden İhracatçıları Birliği
NORTHCHEM DIŞ TİCARET ANONİM ŞİRKETİ;KÜLTÜR MAH. CUMHURİYET BULVARI, POSTACIOĞLU BLOK NO 125, İÇ KAPI NO 61 KONAK İZMİR;(232) 4254258;;;İMİB - İstanbul Maden İhracatçıları Birliği
NORVTEK İNŞAAT MAL. GIDA TEKSTIL SANAYİ TICARET LIMITED ŞİRKETİ;ALACAMESCİD MAH 1.TUZ PAZARI ONUR İŞHANI NO22 İÇ KAPI NO:403 PK:16000 OSMANGAZİ BURSA;(224) 3554390;;;İMİB - İstanbul Maden İhracatçıları Birliği
NOUVAL GROUP MUTFAK EŞYALARI DIŞ TİCARET LİMİTED ŞİRKETİ;MAHMUTBEY MH İSTOÇ TİCARET MERKEZİ TEPE PLAZA 2414 SK NO:15K:8/86 BAĞCILAR İSTANBUL;(212) 4454000;www.nouval.com.tr;nouval.com.tr;İMİB - İstanbul Maden İhracatçıları Birliği
NOVA MARBLE MADEN SANAYİ VE DIŞ TİCARET LİMİTED ŞİRKETİ;ALTUNİZADE MAH KISIKLI CAD NO 21/1A ÜSKÜDAR/İSTANB ÜSKÜDAR İSTANBUL;(216) 0000000;;;İMİB - İstanbul Maden İhracatçıları Birliği
NOVA MİMARİ TASARIM İNŞAAT AKVARYUM GIDA SAN. VE TİC. LTD. ŞTİ.;İÇERENKÖY MAH. KÜÇÜKBAKKALKÖY YOLU CAD. NO:36A/1 A ATAŞEHİR İSTANBUL;(216) 4693763;;;İMİB - İstanbul Maden İhracatçıları Birliği
NOVA MİNERALS MADEN TİCARET LİMİTED ŞİRKETİ;ORAN MAH. ZÜLFÜ TİGREL CAD. NO: 35 İÇ KAPI NO: 8 ÇANKAYA ANKARA;;www.novaminerals.com.tr;novaminerals.com.tr;İMİB - İstanbul Maden İhracatçıları Birliği
NOVA PARASOL GÖLGELENDIRME SISTEMLERI SANAYI VE TICARET LIMITED SIRKETI;IKITELLI OSB MAH. HESKOOP H BLOK SK. HESKOOPH BLOK NO: 43 BASAKSEHIR/ ISTANBUL BAŞAKŞEHİR İSTANBUL;(212) 6717322;http://www.novaparasol.com;novaparasol.com;İMİB - İstanbul Maden İhracatçıları Birliği
NOVA SÜNGER VE YATAK SAN. TİC. A.Ş.;BEKİRPAŞA KOZLUK MAH. D-100 YAN YOL NO.10ERENLER ERENLER SAKARYA;(264) 3535580;www.novasunger.com.tr;novasunger.com.tr;İMİB - İstanbul Maden İhracatçıları Birliği
NOVA TRADE DIŞ TİCARET LİMİTED ŞİRKETİ;CUMHURİYET MH.D-100 KARAYOLU CD. ADM KONAKLAMA OUTLET PARK AVM NO: 374/63 BÜYÜKÇEKMECE İSTANBUL;(212) 4240245;;;İMİB - İstanbul Maden İhracatçıları Birliği
NOVILITY DIS TICARET VE URETIM LIMITED SIRKETI;YENIBOSNA MERKEZ MAH 29 EKIM CAD 2 NO 5 /103 BAHÇELİEVLER İSTANBUL;(212) 6032340;www.novilty.com;novilty.com;İMİB - İstanbul Maden İhracatçıları Birliği
NOVORA GRUP POLİMER KİMYA DIŞ TİCARET LİMİTED ŞİRKETİ;ALİKAHYA CUMHURİYET MAH. MUSTAFA KEMAL BLV. YILDIZ KONUTLARI NO: 6 İÇ KAPI NO: 8 İZMİT KOCAELİ;;http://www.novorapolymers.com;novorapolymers.com;İMİB - İstanbul Maden İhracatçıları Birliği
NOX ENDÜSTRİYEL MUTFAK PROJE ÜRETİM VE PAZARLAMA LTD.ŞTİ.;İKİTELLİ OSB MH ATATÜRK BULVARI BOTAŞ İS MERKEZİ NO:102/1 BAŞAKŞEHİR İSTANBUL;(212) 4860627;www.noxprofesyossional.com;noxprofesyossional.com;İMİB - İstanbul Maden İhracatçıları Birliği
NOX PROFESYONEL PROJE HİZMETLERİ LİMİTED ŞİRKETİ;İKİTELLİ OSB MAH. ATATÜRK BLV. BOTAŞ İŞ MERKEZİ NO: 102 İÇ KAPI NO: 03 BAŞAKŞEHİR/ İSTANBUL BAŞAKŞEHİR İSTANBUL;(212) 0000000;;;İMİB - İstanbul Maden İhracatçıları Birliği
NP MIMARLIK PEYZAJ INSAAT SAN. VE DIS TIC. LTD. STI.;YAKUPLU MAHALLESI HURRIYET BULVARI SKYPORT NO:1 K:22 D:188 BEYLIKDUZU BEYLİKDÜZÜ İSTANBUL;;;;İMİB - İstanbul Maden İhracatçıları Birliği
NR TOPTAN KOZMATİK DIŞ TİCARET LTD ŞTİ;BOSTANCI MAH. BAĞDAT CAD. NO:503/4 KADIKÖY/ İST KADIKÖY İSTANBUL;(212) 4513769;;;İMİB - İstanbul Maden İhracatçıları Birliği
NSI NATUREL TAŞ SANAYİ VE TİCARET LİMİTED ŞİRKETİ;BARIŞ MAH.BELEDİYE CAD. NO.30 GİNZA LAVİNYAPARK A BLOK 32-33 BEYLİKDÜZÜ İSTANBUL;(212) 7710500;www.nsinaturel.com;nsinaturel.com;İMİB - İstanbul Maden İhracatçıları Birliği
NSR CONSTRUCTİON İNŞAAT ANONİM ŞİRKETİ;PEGAGAZ SOKAK PEGAKARTAL SİTESİ A BLOK NO:6A DAİRE :183 SOĞANLIK YENİ MAHALLE 34880 KARTAL, İSTANBUL KARTAL İSTANBUL;(216) 4699536;;;İMİB - İstanbul Maden İhracatçıları Birliği
NU-FA KIMYEVI MADDELER SANAYI VE TICARET A.S.;3. ORGANİZE SAN. BÖLGESİ 83305 NOLU CAD. NO:15 BAŞPINARORGANİZESANAYİ ŞEHİTKAMİL GAZİANTEP;(342) 3378475;www.nufa.com.tr;nufa.com.tr;İMİB - İstanbul Maden İhracatçıları Birliği
NUH TUZ KİMYEVİ MADDELERİ GIDA NAKLİYE TEKSTİL SANAYİ VE TİCARET LİMİTED ŞİRKETİ;MALKOÇOĞLU MAH.ZAFER CD. NO 82 SULTANGAZİ İSTANBUL;(212) 5947627;www.nuhtuz.com;nuhtuz.com;İMİB - İstanbul Maden İhracatçıları Birliği
NUMAN KALELİ BORU İZOLASYON VE YAPI MALZEMELERİ İNŞAAT TAAHHÜT SANAYİ TİCARET LTD.ŞTİ.;SAKARYA MH.11 EYLÜL BULVARI NO:5/3 YILDIRIM BURSA;(224) 3600305;www.numankaleliyapimarket.com;numankaleliyapimarket.com;İMİB - İstanbul Maden İhracatçıları Birliği
NUNO FILIPE MARTINS DA PONTE;IKITELLI OSB MAH.IPKAS 4 B BLOK SK.NO:41ICKAPI NO:41 BAŞAKŞEHİR İSTANBUL;(212) 2495100;www.pescador-sub.com;pescador-sub.com;İMİB - İstanbul Maden İhracatçıları Birliği
NUR GIDA SANAYİ VE DIŞ TİCARET LİMİTED ŞİRKETİ;KAVAKLI MAH KIBLE SK. N:11 SİLİVRİ İSTANBUL;(212) 5165429;www.laracosmetic.com;laracosmetic.com;İMİB - İstanbul Maden İhracatçıları Birliği
NUR SADIK;ABDURRAHMAN NAFİZ GÜRMAN MAH. GENERAL ALİ RIZA GÜRCAN CAD.NO:3 GÜNGÖREN GÜNGÖREN İSTANBUL;(212) 5872021;;;İMİB - İstanbul Maden İhracatçıları Birliği
NURCAN TEKNOLOJİK DESTEKLER VE DIŞ TİCARET ANONİM ŞİRKETİ;BARBAROS MAH SÜTÇÜ YOLU CAD NO.72 34758 ATAŞEHİR İSTANBUL;;;;İMİB - İstanbul Maden İhracatçıları Birliği
NURDAL MADENCİLİK TRAVERTEN MERMER PETROL ÜRÜNLERİ İNŞAAT TURİZM İÇ VE DIŞ TİCARET SANAYİ LTD. ŞTİ.;BÜYÜK BÜRÜNGÜZ MAH. 2666 SK NO:23 MELİKGAZİ KAYSERİ;;;;İMİB - İstanbul Maden İhracatçıları Birliği
NURDAL MERMER MADENCİLİK PETROL ÜRÜNLERİ İNŞAAT TURİZM İÇ VE DIŞ TİCARET SAN.LTD.ŞTİ.;KAYSERİ SİVAS KARAYOLU 12. KMKAYKOOP KARŞISI KOCASİNAN KAYSERİ;(352) 2510120;www.nurdalmermer.com.tr;nurdalmermer.com.tr;İMİB - İstanbul Maden İhracatçıları Birliği
NURİ YILMAZ DIŞ TİCARET A.Ş.;DERİ OSB MAHALLESİ ASTAR SOKAK.NO:1 İÇ KAPI NO:5 TUZLA İSTANBUL;(216) 3941244;http://www.ngb.com.tr;ngb.com.tr;İMİB - İstanbul Maden İhracatçıları Birliği
NURLU YATIRIM İŞLETMELERİ İNŞ. SAN. VE TİC. LTD. ŞTİ.;DUDULLU CAD. NO.23-25B BRANDIUM R2 REZİDANCE BLK D.117 KÜÇÜKBAKKALKÖY ATAŞEHİR İSTANBUL;(216) 5776660;www.nurluyatirim.com;nurluyatirim.com;İMİB - İstanbul Maden İhracatçıları Birliği
NURMAS İÇ VE DIŞ TİCARET ANONİM ŞİRKETİ;YEŞİLKÖY MAH. ATATÜRK CAD. EGS BUSİNESSPARK BLOK NO:12 İÇ KAPI NO:1 BAKIRKÖY İSTANBUL;;;;İMİB - İstanbul Maden İhracatçıları Birliği
NUR-NİL PLASTİK SANAYİ ANONİM ŞİRKETİ;KAVAKLI MAH HAZAR SK N:8 SİLİVRİ İSTANBUL;02125760012;www.nurnil.com;nurnil.com;İMİB - İstanbul Maden İhracatçıları Birliği
NURPOOL HAVUZ PLASTİK SANAYİ VE TİCARET LTD.ŞTİ.;İKİTELLİ ORGANİZE SAN. BÖLG. MAH. PİK DÖKÜMCÜLER SAN. SİT. B-5 BLOK 4/B BAŞAKŞEHİR İSTANBUL;(212) 4863717;;;İMİB - İstanbul Maden İhracatçıları Birliği
NURTAŞ KUYUMCULUK AYDINLATMA SAN. VE TİC. LTD. ŞTİ.;MOLLAFENERİ MH MEDRESE SK HARİKA HAN NO:26 FATİH İSTANBUL;(212) 6714041;;;İMİB - İstanbul Maden İhracatçıları Birliği
NYC GIDA SAN. VE TİC. A.Ş.;19 MAYIS MAH.ONUR SOK.HARPUTAPT.NO.12 D.3 MALTEPE İSTANBUL;;;;İMİB - İstanbul Maden İhracatçıları Birliği
NYK STONE MADENCİLİK SANAYİ VE TİCARET LİMİTED ŞİRKETİ;ŞEYHMÜFTÜ MAH.BALIKESİR CAD.15/02 MUSTAFAKEMALPAŞA BURSA;(224) 5141601;;;İMİB - İstanbul Maden İhracatçıları Birliği
OBAZ GROUP İÇ VE DIŞ TİC.LTD.ŞTİ.;SÜMER MAH. 8/2 SOKAK ÖZGÖLLER SİTESİ A4 NO:7/53 ZEYTİNBURNU İSTANBUL;(212) 9630942;;;İMİB - İstanbul Maden İhracatçıları Birliği
OBK ULUSLARARASI DIŞ TİC. LTD. ŞTİ.;MASLAK MAH. TAŞYONCASI SOK. MASLAK 1453 SİTESİ C:10 DAİRE:42 SARIYER İSTANBUL;(212) 3971703;www.obkexport.com;obkexport.com;İMİB - İstanbul Maden İhracatçıları Birliği
OCAK HIRDAVAT MEK. MÜH. İNŞ. NAK. PET. ÜRN. SAN.VE TİC. A.Ş.;İSTASYON MH 1478 SK NO:25 GEBZE KOCAELİ;(262) 6427367;http://www.ocakhirdavat.com;ocakhirdavat.com;İMİB - İstanbul Maden İhracatçıları Birliği
ODAK KIMYA VE MAKINA SAN. TIC.LTD.STI.;TASDIREK CESME SOKDARUSSAFAKA SITESI N:1/D CEMBE FATİH İSTANBUL;02126389417;www.odakkimya.com;odakkimya.com;İMİB - İstanbul Maden İhracatçıları Birliği
ODAK KIMYEVI MADD.SAN.DIS TIC. LTD.STI.;İST DERİ ORG. SAN. BÖL. VAKUM CAD. NO.10 D1 ÖZEL PARSELNO.10 D1 ÖZEL PARSEL TUZLA İSTANBUL;02163942444;www.odakkimya.net;odakkimya.net;İMİB - İstanbul Maden İhracatçıları Birliği
ODAK SANAT HOBI VE KRAFT SAN. DIS TIC.LTD.STI.;TALATPAŞA MAH. AYDOĞAN CAD. NO:31/B KAĞITHANE İSTANBUL;(212) 3204594;www.odakhobi.com;odakhobi.com;İMİB - İstanbul Maden İhracatçıları Birliği
ODM MADENCİLİK MEDYA OTOMOTİV İNŞAAT GIDA İTHALAT VE İHRACAT ANONİM ŞİRKETİ;ARİFİYE MAHALLESİ KIBRIS ŞEHİTLERİ CADDESİ NO:31/ ODUNPAZARI/ESKİŞEHİR ODUNPAZARI ESKİŞEHİR;;www.cys.com.tr;cys.com.tr;İMİB - İstanbul Maden İhracatçıları Birliği
OERLİKON KAYNAK ELEKTRODLARI VE SANAYİ ANONİM ŞİRKETİ;MASLAK MH BİLİM SK SUN PLAZA 5A-29 SARIYER İSTANBUL;(212) 4111400;www.oerlikon.com.tr;oerlikon.com.tr;İMİB - İstanbul Maden İhracatçıları Birliği
OFLIUM KUYUMCULUK İNŞAAT TİCARET LİMİTED ŞİRKETİ;AKSARAY MAH. MANASTIRLI RIFAT SK. ETAH APT NO: 5 A FATİH İSTANBUL;(262) 6420832;;;İMİB - İstanbul Maden İhracatçıları Birliği
OFTEK İNŞAAT MİMARLIK SAN.TİC.A.Ş.;ŞERİFALİ MAH. KIZKALESİ SK. ELİTE PLAZANO:1/A KAT:12 D:39 ÜMRANİYE İSTANBUL;(216) 0000000;;;İMİB - İstanbul Maden İhracatçıları Birliği
OĞUZ DÖKÜM VE KUYUMCULUK MALZEMELERİ SANAYİ TİCARET LİMİTED ŞİRKETİ;BİNBİRDİREK MAH.PİYER LOTİ CAD.ORTAKLAR İŞ HANI BLBLK NO:19/16 FATİH İSTANBUL;;;;İMİB - İstanbul Maden İhracatçıları Birliği
OĞUZ MERMER SANAYİ VE TİCARET LİMİTED ŞİRKETİ;BAHÇECİK YOLU ÜZERİ İSCEHİSAR AFYON;(272) 3415411;www.oguzmermer.com;oguzmermer.com;İMİB - İstanbul Maden İhracatçıları Birliği
OĞUZ TAŞ YAPI MALZ. İTH.İHR.SAN. VE TİC.LTD.ŞTİ.;EĞİTİM MH ABDİBEY SK KENTPLUS SİT NO:24 AG-7 KADIKÖY İSTANBUL;(216) 4182258;www.oguzdiamondtools.com.tr;oguzdiamondtools.com.tr;İMİB - İstanbul Maden İhracatçıları Birliği
OKAL DIŞ TİC. LTD. ŞTİ.;ESENYURT İNCİRTEPE MAH. DOĞAN ARASLI CAD. FATİH OTO SAN. SİT.D4 BLOK NO:8 BEYLİKDÜZÜ İSTANBUL;(212) 8764804;www.okallevha.com;okallevha.com;İMİB - İstanbul Maden İhracatçıları Birliği
OKAYTAS MADENCILIK MUHEN.INS. OTO.SAN.TIC.LTD.STI.;KİRAZLI SAN.SİTESİ 2.YOL F1 BLOK YANI MERKEZ YALOVA;(226) 8253566;www.okaytas.com;okaytas.com;İMİB - İstanbul Maden İhracatçıları Birliği
OLBİA MADENCİLİK İNŞAAT TİCARET LTD.ŞTİ.;SOĞUCAKSU MAH. 2. İNÖNÜ CAD. NO:91/A AKSU ANTALYA;(242) 4622809;www.olbiastone.com;olbiastone.com;İMİB - İstanbul Maden İhracatçıları Birliği
OLİMPUM DIŞ TİCARET PAZARLAMA LTD. ŞTİ.;GEDELEK MAH. AÇMALAR MEVKİİ ORHANGAZİ SANAYİ SİTESİ13. BLOK NO:1 ORHANGAZİ BURSA;(224) 5860183;www.oligro.com.tr;oligro.com.tr;İMİB - İstanbul Maden İhracatçıları Birliği
OM AY DIŞ TİCARET LİMİTED ŞİRKETİ;İSTİKLAL MAHALLESİ ÇARK CAD.NO:243/103 SERDİVAN SAKARYA;(264) 2787929;www.adaliahsap.com;adaliahsap.com;İMİB - İstanbul Maden İhracatçıları Birliği
OMAT DIŞ TİCARET ANONİM ŞİRKETİ;ÇOBANÇEŞME MAH. KALANDER SK. ELPA REZİDANCE NO:7/2 BAHÇELİEVLER İSTANBUL;(212) 6033332;;;İMİB - İstanbul Maden İhracatçıları Birliği
OMCO İSTANBUL KALIP SANAYİ VE TİCARET ANONİM ŞİRKETİ;DOSB 4. KISIM D4013 SK NO:6 GEBZE KOCAELİ;(262) 7444452;www.omcomould.com;omcomould.com;İMİB - İstanbul Maden İhracatçıları Birliği
OMNİS KOMPOZİT SAN. VE TİC. LTD. ŞTİ.;ÇINARDERE MAH. AKSEKİ SOK. NO:2/A PENDİK İSTANBUL;(216) 3799220;www.omniskompozit.com;omniskompozit.com;İMİB - İstanbul Maden İhracatçıları Birliği
OMSA BİLİŞİM NAKLİYAT HİZMETLERİ LİMİTED ŞİRKETİ;MUTLUKENT MAHALLESI ANGORA BULVARI NO:64/1 BEYSUKENT PK:06800 ESENYURT İSTANBUL;(212) 7774400;;;İMİB - İstanbul Maden İhracatçıları Birliği
OMSA PLASTIK SANAYI VE TICARET LTD.STI.;LITROS HASTANE YOLU MALTEPESANAYI SIT.NO.330-344 BAYRAMPAŞA İSTANBUL;02125672759;http://www.omsaplastik.com;omsaplastik.com;İMİB - İstanbul Maden İhracatçıları Birliği
OMSİS ELEKTRİK MALZEMELERİ SANAYİ TİCARET ANONİM ŞİRKETİ;HALİL RIFAT PAŞA MAH. YÜZER HAVUZ SK. PERPA TİCB BLOK NO:1/1 İÇ - 1002 ŞİŞLİ İSTANBUL ŞİŞLİ İSTANBUL;(216) 3473838;;;İMİB - İstanbul Maden İhracatçıları Birliği
OMYA MADENCİLİK SANAYİ VE TİCARET ANONİM ŞİRKETİ;METROCITY D BLOK KIRGÜLÜ SOK.4/1A ESENTEPE ŞİŞLİ İSTANBUL;(212) 3374646;www.omya.com.tr;omya.com.tr;İMİB - İstanbul Maden İhracatçıları Birliği
ONAT ALÜMİNYUM SANAYİ TİCARET ANONİM ŞİRKETİ;DENİZLİ MAH.GAZİ M.KEMAL CAD. NO:186 GEBZE KOCAELİ;(262) 7293373;www.onatprofil.com;onatprofil.com;İMİB - İstanbul Maden İhracatçıları Birliği
ONBİRON SUN YAPI KİMYASALLARI SANAYİ VE TİCARET ANONİM ŞİRKETİ;CUMHURİYET MAH. ŞİŞECAM YOLU SK. ARGE 12 NO: 54 İÇKAPI NO: 21 GEBZE / KOCAELİ GEBZE KOCAELİ;(216) 4510001;;;İMİB - İstanbul Maden İhracatçıları Birliği
ONDULINE AVRASYA İNŞAAT MALZ. SAN. TİC. AŞ;DEĞIRMEN SK.NIDA KULEIŞM.NO:12 K.8 KADIKÖY İSTANBUL;02163841600;www.onduline.com.tr;onduline.com.tr;İMİB - İstanbul Maden İhracatçıları Birliği
ONELLCO TURKEY İNŞAAT SANAYİ VE TİCARET A.Ş.;OSMANAĞA MAH. ÇUHADARAĞA SK. ŞAHIN IŞ MERKEZ NO: 1A KADIKÖY İSTANBUL /TÜRKİYE KADIKÖY İSTANBUL;(216) 3361052;;;İMİB - İstanbul Maden İhracatçıları Birliği
ONEPER MADENCİLİK SANAYİ VE TİCARET LİMİTED ŞİRKETİ;ABDULHALİK RENDA MAH. 15 TEMMUZ ŞEHİTLER BLV. NO: 16 / E MERKEZ ÇANKIRI MERKEZ ÇANKIRI;(376) 2131159;;;İMİB - İstanbul Maden İhracatçıları Birliği
ONETS MAKİNE MOTOR VE YED. PAR.ALIM SATIM İTH.İHR.LTD.ŞTİ.;SERDAR MAH.SELAHATTİN EYYÜBİ CAD.NO:20 D:17 BAŞİSKELE KOCAELİ;;;;İMİB - İstanbul Maden İhracatçıları Birliği
ONEY GRUP İNŞAAT TİCARET ANONİM ŞİRKETİ;TEVFİKBEY MAH.2.GÜVEN SK.N:1-3 KÜÇÜKÇEKMECE İSTANBUL;(212) 4524594;;;İMİB - İstanbul Maden İhracatçıları Birliği
ONFAR KOZMETİK KİMYA SANAYİ VE TİCARET LİMİTED ŞİRKETİ;İKİTELLİ O.S.B. MAH. DERSAN S1C BLOK SK. DERSAN SİTESİ NO:1 SC İÇ KAPI NO:224 BAŞAKŞEHİR/İSTANBUL BAŞAKŞEHİR İSTANBUL;(212) 5469928;;;İMİB - İstanbul Maden İhracatçıları Birliği
ONİCE MADENCİLİK VE DIŞ TİCARET ANONİM ŞİRKETİ;BEŞTEPE MAH. YAŞAM CAD. NO:13A D:81 YENİMAHALLE ANKARA;(312) 4421070;www.abamarble.com;abamarble.com;İMİB - İstanbul Maden İhracatçıları Birliği
ONİX İŞLETME YÖNETİMİ DIŞ TİCARET LİMITED ŞİRKETİ;ŞEHİTLER MAH.KESTANE SK.N.8/2 ESENYURT ISTANBUL ESENYURT İSTANBUL;(850) 3076320;;;İMİB - İstanbul Maden İhracatçıları Birliği
ONLINE FMCG GIDA İÇ VE DIŞ TİCARET LTD.ŞTİ.;MİTHATPAŞA CAD. MERT İŞ HANI NO:5/34 ÜMRANİYE İSTANBUL;;;;İMİB - İstanbul Maden İhracatçıları Birliği
ONNON METAL PLASTİK SANAYİ VE TİCARET LİMİTED ŞİRKETİ;BEYSAN SANAYİ SİTESİ BİRLİK CADDESİ NO:28/1 YAKUPLU 34524 BEYLİKDÜZÜ, İSTANBUL, TÜRKİYE BEYLİKDÜZÜ İSTANBUL;(212) 4441431;www.semsiyeevi.com;semsiyeevi.com;İMİB - İstanbul Maden İhracatçıları Birliği
ONNON MİMARLIK DIŞ TİCARET LİMİTED ŞİRKETİ;YAKUPLU MAH. HÜRRİYET BULVARI SKYPORT ST. SKYPORT RESIDENCE NO:1 İÇ KAPI NO:62 BEYLİKDÜZÜ İSTANBUL;(212) 0000000;;;İMİB - İstanbul Maden İhracatçıları Birliği
ONS MERMER İTHALAT İHRACAT LİMİTED ŞİRKETİ;BARIŞ MAH. BELEDİYE CAD. GINZA LAVINYA NO: 30 İÇ KAPI NO: 32 BEYLİKDÜZÜ İSTANBUL;(212) 0000000;;;İMİB - İstanbul Maden İhracatçıları Birliği
ONSERVİCES BİLİŞİM DANIŞMANLIK VE İLAÇLAMA HİZMETLERİ LTD. ŞTİ.;TATLISU MH. YUDUM SK. NO:2 DEMİRPINAR APT. D.1 ÜMRANİYE İSTANBUL;(216) 2521857;;;İMİB - İstanbul Maden İhracatçıları Birliği
ONUR DOLAMİT MADENCİLİK SANAYİ VE DIŞ TİCARET ANONİM ŞİRKETİ;ÇAMLIK MAH. DİNÇ SOKAK A BLOK NO: 4/70 ATAŞEHİR İSTANBUL;(216) 5947240;http://www.onurmaden.com;onurmaden.com;İMİB - İstanbul Maden İhracatçıları Birliği
ONUR MERMER MAD.TUR.TAR.GID.TEKS.TİC.VE SAN.A.Ş.;YALNIZ MAH. KAPIÇAYI SOK. NO:60 FİNİKE ANTALYA;(242) 8525140;www.onurmarble.com;onurmarble.com;İMİB - İstanbul Maden İhracatçıları Birliği
ONUR YAPI VE END.ÜRN.SAN.TİC.LTD.ŞTİ.;EVLİYA ÇELEBİ MAH. RAUF ORBAY CAD.NO:13/A TUZLA İSTANBUL;(216) 3952108;www.onur-yapi.com.tr;onur-yapi.com.tr;İMİB - İstanbul Maden İhracatçıları Birliği
ONYX YAPI VE METAL MALZEMELER İTHALAT İHRACAT LİMİTED ŞİRKETİ;HADIMKÖY KAVŞAĞI 2312 SK BURÇ İSTANBUL KAT:21/188 ESENYURT İSTANBUL;(212) 9996910;www.onyxmetal.com.tr;onyxmetal.com.tr;İMİB - İstanbul Maden İhracatçıları Birliği
O-PAK İTHALAT VE İHRACAT LTD. ŞTİ.;PERPA TICARET MERKEZI KAT 5 A BLOK NO.282PERPA TICARET MERKEZI KAT 5 A BLOK NO.282 ŞİŞLİ İSTANBUL;02122225700;www.o-pak.com.tr;o-pak.com.tr;İMİB - İstanbul Maden İhracatçıları Birliği
OPAQ FACADE MÜHENDİSLİK İNŞAAT VE TİCARET ANONİM ŞİRKETİ;19 MAYIS MAH. TURABOĞLU SK. HAMDIYE YAZGAN IS MERKNO:4/2 KADIKÖY İSTANBUL;(216) 0000000;;;İMİB - İstanbul Maden İhracatçıları Birliği
OPECO ENERJİ VE REKLAM TİCARET LİMİTED ŞİRKETİ;TATLISU MAHALLESİ YESEVİ SK. PLUS DEKON APT.NO:1/32 ÜMRANİYE İSTANBUL;(216) 3652100;;;İMİB - İstanbul Maden İhracatçıları Birliği
OPTİPARK OPTİK MEDİKAL VE BİTKİSEL ÜRÜNLER SANAYİ TİCARET LİMİTED ŞİRKETİ;ULU MAHALLESİ ULUBATLI HASAN BULVARI NO :46 G ORHANGAZİ BURSA;(224) 2242243;www.optiparkmedikal.com;optiparkmedikal.com;İMİB - İstanbul Maden İhracatçıları Birliği
ORA İNŞAAT A.Ş.;ŞERİFALİ MH TÜRKER CD EDEP SK. NO:39 ÜMRANİYE İSTANBUL;(216) 3695010;www.orainsaat.com;orainsaat.com;İMİB - İstanbul Maden İhracatçıları Birliği
ORAS MADENCİLİK VE TİCARET ANONİM ŞİRKETİ;ÇANKAYA MAH. SEDAT SIMAVI SK. NO: 6 IÇ KAPI NO: 2 ÇANKAYA ANKARA;;;;İMİB - İstanbul Maden İhracatçıları Birliği
ORE METAL ANONİM ŞİRKETİ;İÇERENKÖY MAH. ÇETİNKAYA SOK. PRESTİJPLAZA NO:28 İÇ KAPI NO:4 ATAŞEHİR İSTANBUL;(216) 9060660;www.oremetal.com.tr;oremetal.com.tr;İMİB - İstanbul Maden İhracatçıları Birliği
OREKS PAZARLAMA KİMYA TEKSTİL MADENCİLİK TURİZM İNŞAAT SANAYİ VE TİCARET LİMİTED ŞİRKETİ;BAĞDAT CD. SARKÖŞK AP. NO:103/2 KADIKÖY İSTANBUL;(216) 4502780;www.oreksmadencilik.com;oreksmadencilik.com;İMİB - İstanbul Maden İhracatçıları Birliği
ORELA İÇ VE DIŞ TİCARET LİMİTED ŞİRKETİ;ALTINTEPE MAH. İSTASYON YOLU SK. NO: 3 İÇ KAPI NO: 1 MALTEPE İSTANBUL;(216) 7061429;;;İMİB - İstanbul Maden İhracatçıları Birliği
ORENO MADENCİLİK ANONİM ŞİRKETİ;MİMAR SİNAN MAH.BOSNA CAD.GÜVEN 1 İŞ MERKEZİ NO:4 K:3 D:10 ÇEKMEKÖY İSTANBUL;(216) 6400640;http://www.orenostone.com;orenostone.com;İMİB - İstanbul Maden İhracatçıları Birliği
ORESAN MADENCİLİK SAN. VE TİC. LTD. ŞTİ.;BARBAROS MAH. AK ZAMBAK SOK. UPHILL COURT SİTESİ1B APART NO:3A/112 ATAŞEHİR İSTANBUL;;;;İMİB - İstanbul Maden İhracatçıları Birliği
ORFİ MADENCİLİK MER.OTO.TEKS.ELK.ELNİK MAK.PLS.PET.TAŞ.İNŞ.TU.GID.M.OR.ÜR.İTH.İH.SAN.VE TİC.LTD.ŞTİ.;HAMİDİYE MAH. MİNEVİZ CAD.NO:41/1 MUSTAFAKEMALPAŞA BURSA;(224) 6120141;www.orfimadencilik.com;orfimadencilik.com;İMİB - İstanbul Maden İhracatçıları Birliği
ORGANİK KİMYA SAN. VE TİC. AŞ;CENDERE YOLU NO:146 MİMAR SİNAN MAH KEMERBURGAZ EYÜP İSTANBUL;02123310000;www.organik.com.tr;organik.com.tr;İMİB - İstanbul Maden İhracatçıları Birliği
ORGANİK MADENCİLİK MÜH. İNŞ. NAK. İTH. İHR. A.Ş.;KARŞIYAKA MAH.SANAYİ SİT. A BLOK N:9 YILDIZELİ SİVAS;(346) 7546767;www.organikmadencilik.com;organikmadencilik.com;İMİB - İstanbul Maden İhracatçıları Birliği
ORHAN MUSAOĞLU;FULYA MAH.GARAJ SK.CENNET HAN NO:7 İÇ KAPI NO:4 ŞİŞLİ İSTANBUL;(212) 2112774;;;İMİB - İstanbul Maden İhracatçıları Birliği
ORHAN MUTLU;MURATLI CADDESİ ZAFER MAHALLESİ CUMARTESİ SOKAK NO:9/B PK:59100 MERKEZ TEKİRDAĞ;(282) 2623939;;;İMİB - İstanbul Maden İhracatçıları Birliği
ORHUN METAL MADENCİLİK İNŞAAT SANAYİ VE TİCARET ANONİM ŞİRKETİ;BOSNA HERSEK CAD.21/5 ÇANKAYA ANKARA;03122155130;www.orhunmetal.com;orhunmetal.com;İMİB - İstanbul Maden İhracatçıları Birliği
ORHUNTAŞ MERMER GRANİT OCAK İŞL. VE DIŞ TİC. A.Ş.;ANTALYA YOLU 6. KM SAV KASABASI ISPARTA;(246) 2612470;;;İMİB - İstanbul Maden İhracatçıları Birliği
ORIENT STAR İÇ VE DIŞ TİCARET LOJİSTİK ANONİM ŞİRKETİ;MİMAR SİNAN MAHALLESİ KILIÇARSLAN CADDESİ NO:1 34920 SULTANBEYLİ, İSTANBUL, TÜRKİYE SULTANBEYLİ İSTANBUL;;;;İMİB - İstanbul Maden İhracatçıları Birliği
ORİON AMBALAJ SANAYİ TİCARET LİMİTED ŞİRKETİ;İKİTELLİ OSB MAH.DOLAPDERE 28.ADA SK.DOLAPDERE D.İ. MERKEZİ NO:1 D:26 BAŞAKŞEHİR İSTANBUL;;;;İMİB - İstanbul Maden İhracatçıları Birliği
ORİON DEMİR ÇELİK LİMİTED ŞİRKETİ;İÇERENKÖY MAH.ÇETİNKAYA SK.PRESTİJ PLAZA NO:28/4 ATAŞEHİR İSTANBUL;(216) 9060601;;;İMİB - İstanbul Maden İhracatçıları Birliği
ORKO PETROL ÜRÜNLERİ NAK. VE İNŞ. TİC. LTD. ŞTİ.;ÇAĞLAYAN MAH. VATAN CİVELEK SOK. NO-6/3 KAĞITHANE İSTANBUL;(212) 2196007;;;İMİB - İstanbul Maden İhracatçıları Birliği
ORKOM MADENCİLİK A.Ş.;AHİ EVRAN ORGANİZE SANAYİ BÖL.MAH. NAHÇİVAN CAD. NO:11 SİNCAN ANKARA;(312) 2676080;www.mnggold.com;mnggold.com;İMİB - İstanbul Maden İhracatçıları Birliği
ORKUN DIŞ TİC.VE MÜHENDİSLİK TAAHHÜT LTD.ŞTİ.;KAVAKLI MAH.İBRAHİM MÜTEFFERİKA CAD. GÜNEŞ APT.NO:30/5 BEYLİKDÜZÜ İSTANBUL;(212) 8765736;;;İMİB - İstanbul Maden İhracatçıları Birliği
ORMET METAL TİCARET ANONİM ŞİRKETİ;DR. ALADDİN YAVAŞÇA SOK. MARMARAAPT. NO.4 K.4 D.8 BEŞİKTAŞ İSTANBUL;(212) 2584955;www.ormet.com.tr;ormet.com.tr;İMİB - İstanbul Maden İhracatçıları Birliği
OR-METAL LİMİTED ŞİRKETİ;BAĞDAT CAD. SARI KÖŞK APT. NO.103/2 FENERYOLU KADIKÖY İSTANBUL;(216) 4502780;www.orkesmadencilik.com;orkesmadencilik.com;İMİB - İstanbul Maden İhracatçıları Birliği
ORTADOĞU KAYIŞ VE GÜÇ AKTARIM BAĞLANTI ELEMANLARI LİMİTED ŞİRKETİ;BEYLİKDÜZÜOSB MAH. BİRLİK SANAYİ SİTESİ3.CAD. BİRLİK SANAYİ SİTESİ NO: 13 / 87 BEYLİKDÜZÜ İSTANBUL;(212) 0000000;;;İMİB - İstanbul Maden İhracatçıları Birliği
ORWOOD INTERNATIONAL MİMARLIK SANAYİ VE TİCARET LİMİTED ŞİRKETİ;HÜSEYİNAĞA MAH.İSTİKLAL CAD.NO.76/18 BEYOĞLU İSTANBUL;(212) 8017763;;;İMİB - İstanbul Maden İhracatçıları Birliği
ORYANTAL MADENCİLİK SANAYİ VE TİCARET LİMİTED ŞİRKETİ;ETİLER MAH. NİSBETİYE CAD. PROFESÖRLER SİTESİ C3 BLOK NO: 130 A GİRİŞİ İÇ KAPI NO: 5 BEŞİKTAŞ İSTANBUL;(212) 3584940;;;İMİB - İstanbul Maden İhracatçıları Birliği
OSA DIŞ TİC.LTD.ŞTİ.;İKİTELLİ ORGANİZE SANAYİ BÖLGESİ HASEYAD KOOPERATİFİ ATATÜRK BULV.2.KISIM NO:224/ BAŞAKŞEHİR İSTANBUL;(212) 6752035;www.osatrade.com;osatrade.com;İMİB - İstanbul Maden İhracatçıları Birliği
OSA POLİÜRETAN KİMYA LİMİTED ŞİRKETİ;BARBAROS MAHALLESİ MOR SÜMBÜL SOKAK TEKNİK YAPI DELUXIA PALACE SİTESİ NO: 5/A NO: 194 ATAŞEHİR İSTANBUL;(216) 3380038;;;İMİB - İstanbul Maden İhracatçıları Birliği
OSCAR OKUL ÖNCESİ VE EĞİTİM ARAÇLARI SAN. TİC. LTD. ŞTİ.;MAHMUTBEY MAH.2516.SOK. NO:22/31 BAĞCILAR İSTANBUL;;;;İMİB - İstanbul Maden İhracatçıları Birliği
OTOCTON MADEN SANAYİ VE TİCARET A.Ş.;YENİŞEHİR MAH.ÖMER LÜTFÜ ÖZAYTAÇ CAD.ÖZÇELİK İŞ MERKEZİ NO:5/503 MERKEZ/KARABÜK PK:78100 MERKEZ KARABÜK;(370) 4153836;www.otoctonmaden.com;otoctonmaden.com;İMİB - İstanbul Maden İhracatçıları Birliği
OTTO EXPORT DIŞ TİCARET LİMİTED ŞİRKETİ;ÇUKURCUMA CAD. NO:27/A FİRUZAĞA 34225 BEYOĞLU, İSTANBUL, TÜRKİYE BEYOĞLU İSTANBUL;(212) 5260052;www.ottotiles.com.tr;ottotiles.com.tr;İMİB - İstanbul Maden İhracatçıları Birliği
OTTOMAR DOĞALTAŞ SANAYİ VE TİC.LTD.ŞTİ.;KÖPRÜLÜ MAH.ATATÜRK BULV.NO:19/A VEZİRHAN KÖYÜ MERKEZ BİLECİK;;;;İMİB - İstanbul Maden İhracatçıları Birliği
OTTOMAR İNŞAAT VE LİMAN İŞLETMECİLİĞİ A.Ş.;KONUTKENT MAHALLESİ. 3035. CADDE. NO: 68/67. HAYRAN KULE ÇANKAYA/ANKARA ÇANKAYA ANKARA;(312) 5111121;https://ottomarina.com/marine-services-marine-locations-natural-stones-marble-granite-traverten-supp;ottomarina.com;İMİB - İstanbul Maden İhracatçıları Birliği
OTTOMET KİMYA ANONİM ŞİRKETİ;KÜÇÜKBAKKALKÖY MAH.DUDLLU CAD.N:23-25B/155 ATAŞEHİR İSTANBUL;(216) 5044488;www.ottomet.com;ottomet.com;İMİB - İstanbul Maden İhracatçıları Birliği
OVA ARITIM PROJE VE İNŞ.SAN.TİC.LTD.ŞTİ;KOCASİNAN MERKEZ MAH.KIZILELMA CAD.NO:38 ZEMİN KAT BAHÇELİEVLER İSTANBUL;(212) 4742212;;;İMİB - İstanbul Maden İhracatçıları Birliği
OVİ LOGİSTİCS İTHALAT İHRACAT SANAYİ VE TİCARET LİMİTED ŞİRKETİ;ATATÜRK MH İKİTELLİ CD NO:2A KÜÇÜKÇEKMECE İSTANBUL;(850) 3097779;www.ovicompaniy.net;ovicompaniy.net;İMİB - İstanbul Maden İhracatçıları Birliği
OVİ MOBİLYA DİZAYN SAN. VE TİC.LTD.ŞTİ.;AKÇABURGAZ MH 3136 SOK NO:18 ESENYURT İSTANBUL;(850) 3097779;www.ovicompaniy.net;ovicompaniy.net;İMİB - İstanbul Maden İhracatçıları Birliği
OX ABRASIVE AŞINDIRICI ÜRÜNLER SANAYİ VE TİCARET ANONİM ŞİRKETİ;BOSTANCI MAH.YALI YOLU SK. İ.ERGİN İŞ MERKEZİ NO:54/13 KADIKÖY İSTANBUL;(216) 3845152;;;İMİB - İstanbul Maden İhracatçıları Birliği
OZDE CAM TAKVIYELI POLYESTER SAN.VE TIC.LTD.STI.;MERKEZ M.SAIR MEHMET AKIF CD7/14 ÜMRANİYE İSTANBUL;02163129451;;;İMİB - İstanbul Maden İhracatçıları Birliği
OZSA MAKINA SANAYI URUNLERI IMALAT VE TIC.LTD.STI.;YENI METAL SAN.SIT.13.BL.NO.15 SOKAK. SEYHAN ADANA;03224285065;www.ozsamakine.com;ozsamakine.com;İMİB - İstanbul Maden İhracatçıları Birliği
ÖKSİTAŞ İNŞAAT TAAHHÜT ARAŞTIRMA ŞEHİRCİLİK VE SANAYİ TİCARET LİMİTED ŞİRKETİ;EMNİYET TEPE MAH 2.KAHRAMAN SK. N:9/A EYÜP İSTANBUL;02126276534;www.oksitas.com.tr;oksitas.com.tr;İMİB - İstanbul Maden İhracatçıları Birliği
ÖMER FARUK SACINTI;CEBECI MAH. 2579. SK. NO: 3 A SULTANGAZİ İSTANBUL;(212) 6595210;www.imamogluoyuncakplastik.com;imamogluoyuncakplastik.com;İMİB - İstanbul Maden İhracatçıları Birliği
ÖMER KÜÇÜKALİ;MARMARA MAH. ÖNDER CAD. NO:5J/6 ESENYURT İSTANBUL;(212) 8764661;www.kucukalimermer.com.tr;kucukalimermer.com.tr;İMİB - İstanbul Maden İhracatçıları Birliği
ÖMER ZEKİ;KIRANARDI MAH. LALE 1. CAD.KAPI NO 32 MELİKGAZİ KAYSERİ;(352) 0000000;;;İMİB - İstanbul Maden İhracatçıları Birliği
ÖMÜR HIRDAVAT İNŞAAT TEKSTİL GIDA TURİZM SANAYİ VE TİCARET LTD.ŞTİ.;DEMİRTAŞ MAH.ODUNKAPI YOKUŞU NO:7/A-B FATİH İSTANBUL;(212) 5127623;;;İMİB - İstanbul Maden İhracatçıları Birliği
ÖNAL NAKLİYAT GÜBRE SANAYİ VE TİC.LTD.ŞTİ.;ATALAR MAH.AZİZİYE ZAFERİ SK.NO:4 KÖRFEZ KOCAELİ;(262) 5282309;www.onalnakliyat.com.tr;onalnakliyat.com.tr;İMİB - İstanbul Maden İhracatçıları Birliği
ÖNDER MÜHENDİSLİK SANAYİ TİCARET ANONİM ŞİRKETİ;SANAYİ MAH. KUZEY SOK. NO:16 İZMİT KOCAELİ;(262) 3354747;www.onder.com;onder.com;İMİB - İstanbul Maden İhracatçıları Birliği
ÖZ CAN ORTOPEDİK MEDİKAL SARACİYE DERİ TEKSTİL SARF MALZ. İMALAT İNŞAAT İTHALAT SAN.TİC.LTD.ŞTİ;ERZURUM MAH. SOYSAL SK. NO: 22/A ÇANKAYA ANKARA;(312) 4738890;;;İMİB - İstanbul Maden İhracatçıları Birliği
ÖZ GRANİT MERMER UYGULAMA DEKORASYON İMALAT SAN.TİC.LTD.ŞTİ;ÇENGELDERE MAH ÇENGELDERE CAD NO 130/1 BEYKOZ İSTANBUL;(216) 4791917;;;İMİB - İstanbul Maden İhracatçıları Birliği
ÖZ MARMARA MERMER SANAYİ VE TİCARET ANONİM ŞİRKETİ;BANDIRMA BURSA ASFALTI 13.KMAKCAPINAR KOYU BANDIRMA BALIKESİR;(266) 7439375;www.ozmarmaramermer.com;ozmarmaramermer.com;İMİB - İstanbul Maden İhracatçıları Birliği
ÖZ OSMANLI KUYUMCULUK SANAYİ VE TİCARET LİMİTED ŞİRKETİ;BILEYICILER SOK. NO.36/A FATİH İSTANBUL;(212) 5270395;www.ozosmanli.com;ozosmanli.com;İMİB - İstanbul Maden İhracatçıları Birliği
ÖZADA KİMYA KAUÇUK PLASTİK SANAYİ VE TİCARET LİMİTED ŞİRKETİ;YENİDOĞAN MAHALLESİ KARAKAŞ SOKAK 7 /151 BAYRAMPAŞA İSTANBUL;(212) 6743659;www.ozadakimya.com;ozadakimya.com;İMİB - İstanbul Maden İhracatçıları Birliği
ÖZAK GEÇİŞ TEKNOLOJİLERİ SANAYİ TİCARET ANONİM ŞİRKETİ;ÇUHANE CD.NO:41135CIRAKLIK EGITIM MERK.KARSISI KARTEPE KOCAELİ;(262) 3734848;www.ozak-t.com.tr;ozak-t.com.tr;İMİB - İstanbul Maden İhracatçıları Birliği
ÖZALP MİMARLIK İNŞAAT VE TİCARET LİMİTED ŞİRKETİ;ESENTEPE MAH. ZERRIN SK. ILGAZ APT. NO: 3 A KARTAL İSTANBUL;(216) 3894781;;;İMİB - İstanbul Maden İhracatçıları Birliği
ÖZAT MERMER MADENCİLİK İNŞAAT SANAYİ VE TİCARET ANONİM ŞİRKETİ;20. SK. ÇIMEN TORGAY SITESI NO: 1 /2 BADEMLİ MAH MUDANYA BURSA;;www.ozatmermer.com;ozatmermer.com;İMİB - İstanbul Maden İhracatçıları Birliği
ÖZATA GRANİT MERMER İNŞ.TAAHHÜT MOBİLYA DEKORASYON İTH.İHR.SAN.VE TİC.LTD.ŞTİ.;FINDIKLI MAH.EVREN CAD.NO:252 AYDINEVLER MALTEPE İSTANBUL;(216) 5759152;;;İMİB - İstanbul Maden İhracatçıları Birliği
ÖZBERK MADENCİLİK MERMER MAK. İML. İNŞ. GIDA ANTREPO İŞLET. NAKLİYE İTH. VE İHR. SAN. VE TİC.LTD.ŞTİ;GEDELEK MAH. AÇMALAR SAN. SİT. 17 BLK NO.2-3-5-6 ORHANGAZİ BURSA;(224) 5248875;www.ozberk.com;ozberk.com;İMİB - İstanbul Maden İhracatçıları Birliği
ÖZCAN ÖZGÜR;HÜRRİYET MAH. 121 SOK. NO:51 BAĞCILAR İSTANBUL;;;;İMİB - İstanbul Maden İhracatçıları Birliği
ÖZCANLAR KALIP ELEMANLARI VE TEKNİK HIRDAVAT SANAYİ TİCARET LİMİTED ŞİRKETİ;YENİDOĞAN MH KARAKAŞ SK RAMİ EMİNTAŞ SAN SİT NO:7A BAYRAMPAŞA İSTANBUL;(212) 5447718;;;İMİB - İstanbul Maden İhracatçıları Birliği
ÖZÇELİK AFG İNŞAAT EĞİTİM DANIŞMANLIK TEKSTİL MAKİNA DAYANIKLI TÜKETİM EŞYALARI SAN.VE TİC.LTD.ŞTİ.;MAHMUTBEY MAH. DOĞUKAN SOKAK NO.13 D.35 BAĞCILAR İSTANBUL;;;;İMİB - İstanbul Maden İhracatçıları Birliği
ÖZÇELİK MERMER İŞLETMELERİ SAN. VE TİC. A.Ş.;ATATÜRK CAD. NO:165 ALİBEYKÖY EYÜP İSTANBUL;(212) 6250163;www.ozcelikmarblegroup.com;ozcelikmarblegroup.com;İMİB - İstanbul Maden İhracatçıları Birliği
ÖZEN GLOBAL DIŞ TİCARET LTD.ŞTİ.;ORUCREİS MH TEKSTİLKENT CD ARA BLOK NO:27-28-8-9 ESENLER İSTANBUL;;www.ozen-global.com;ozen-global.com;İMİB - İstanbul Maden İhracatçıları Birliği
ÖZEN MERMER GRANİT İNŞ.SAN.VE TİC.LTD.ŞTİ.;FERHATPAŞA MAH.KARADENİZ.CAD.NO:90 ATAŞEHİR İSTANBUL;(216) 6612475;www.ozenmermer.com;ozenmermer.com;İMİB - İstanbul Maden İhracatçıları Birliği
ÖZEN PVC PLASTİK SAN.VE TİC.LTD.ŞTİ.;HOCA GIYASETTİN ÖAH HACI KADIN CAD NO 8/A FATİH İSTANBUL;(212) 5269692;;;İMİB - İstanbul Maden İhracatçıları Birliği
ÖZER MEKATRONİK MÜHENDİSLİK ANONİM ŞİRKETİ;ÇERKEŞLİ ORG. SAN. BÖLGESİ İMES OSBİMES 9. CAD DİLOVASI KOCAELİ;(262) 6581770;www.ozerelektrik.com;ozerelektrik.com;İMİB - İstanbul Maden İhracatçıları Birliği
ÖZER TİCARET İNŞAAT MALZEMELERİ VE GIDA MADDELERİ SANAYİ LTD.ŞTİ.;ORHANTEPE MAH. TAMIRHANE SOK.NO.3/B ORHANTEPE KARTAL İSTANBUL;(216) 3990464;;;İMİB - İstanbul Maden İhracatçıları Birliği
ÖZERLER MERMER MADEN İNŞAAT SANAYİ VE TİCARET LİMİTED ŞİRKETİ;FEVZI ÇAKMAK MH.SÜLÜN SK.NO:13 PENDİK İSTANBUL;(216) 3962651;www.ozerlermermer.com;ozerlermermer.com;İMİB - İstanbul Maden İhracatçıları Birliği
ÖZERSOYLAR DIŞ TİC.A.Ş.;FSM MAH. POLİGON CAD. BUYAKA İŞ KULELERİKULE 3 KAT:4 D.:25/30 TEPEÜSTÜ ÜMRANİYE İSTANBUL;(216) 3364878;www.ozersoylar.com;ozersoylar.com;İMİB - İstanbul Maden İhracatçıları Birliği
ÖZGELİŞİM İTHALAT İHRACAT VE NAKLİYAT TİCARET LTD.ŞTİ.;HÜRRİYET MAH. ÇATALCA YOLU CAD. NO.377 BÜYÜKÇEKMECE İSTANBUL;(212) 6546511;;;İMİB - İstanbul Maden İhracatçıları Birliği
ÖZGÜN MOLD KUYUMCU KALIP VE MAKİNA İMALATI SAN. TİC. LTD. ŞTİ;TOPÇULAR MAH. RAMİ KIŞLA CAD.GÜNDOĞAR İŞ MERKEZİ NO:68/209EYÜPSULTAN/İSTANBUL EYÜP İSTANBUL;(212) 5442729;;;İMİB - İstanbul Maden İhracatçıları Birliği
ÖZGÜR İNAN;FATİH MAH. YALI CAD. NO: 36 İÇ KAPI NO: 57 KÜÇÜKÇEKMECE İSTANBUL;;http://www.netaexclusive.com;netaexclusive.com;İMİB - İstanbul Maden İhracatçıları Birliği
ÖZGÜVEN TASARIM MİMARLIK İNŞAAT SANAYİ VE TİCARET A.Ş.;ORAN MAH. RAFET CANITEZ CAD. NO: 86 OR-AN ÇANKAYA ANKARA;(312) 4474262;www.ozguvenmimarlik.com;ozguvenmimarlik.com;İMİB - İstanbul Maden İhracatçıları Birliği
ÖZİLBOĞA LOJİSTİK İNŞAAT PETROL GIDA SANAYİ DIŞ TİCARET LİMİTED ŞİRKETİ;İÇERENKÖY MH.PRF.DR.NECMETTİN ERBAKAN CD.ENGİN SK. OSMANLI APT. 83/7 KAT :2 İÇERENKÖY ATAŞEHİR İSTANBUL;(216) 4699570;;;İMİB - İstanbul Maden İhracatçıları Birliği
ÖZLEM BAYTEKİN;KAZIM KARABEKİR MAH. 814. SK. NO:23 İÇ KAPI NO:1 GAZİOSMANPAŞA İSTANBUL;(212) 2222222;;;İMİB - İstanbul Maden İhracatçıları Birliği
ÖZMAKSAN MERMER MAKİNALARI SAN.VE TİC. LTD.ŞTİ.;YENİŞEHİR MAH. MUSTAFA AKYOL SOK. MVK WORLD SQUASH EV OFİS SİTELERİNO:13 A1 BLOK KAT:1 D:24-26-27 PENDİK İSTANBUL;02165931222;www.ozmaksanmakine.com;ozmaksanmakine.com;İMİB - İstanbul Maden İhracatçıları Birliği
ÖZMEN GAYRİMENKUL YATIRIMLARI VE İNŞAAT SANAYİ TİCARET ANONİM ŞİRKETİ;ÇINAR MAH TURGUT ÖZAL BULVARİ NO:65 MALTEPE İSTANBUL;(216) 3145870;www.ozmengroup.com;ozmengroup.com;İMİB - İstanbul Maden İhracatçıları Birliği
ÖZMERSAN MERMER MAKİNA İNŞAAT İTHALAT İHRACAT PAZARLAMA SANAYİ VE TİCARET LİMİTED ŞİRKETİ;3. TOPTANCILAR SOKAK A APT. NO:2/405 MERKEZ-SİVAS GÜLTEPE 58010 SİVAS, SIVAS, TÜRKİYE SİVAS SİVAS;(346) 2252544;www.ozmersan.com.tr;ozmersan.com.tr;İMİB - İstanbul Maden İhracatçıları Birliği
ÖZNE METAL SAN.VE TİC.LTD.ŞTİ.;DEFTERDAR MAH.OTAKÇILAR CAD. NO:76/2-3 EYÜP İSTANBUL;(212) 3378616;www.oznekol.com;oznekol.com;İMİB - İstanbul Maden İhracatçıları Birliği
ÖZSOY GRANİT MERMER İNŞAAT MİMARLIK DEKORASYON İÇ VE DIŞ TİCARET PAZARLAMA SANAYİ LİMİTED ŞİRKETİ;ÇAVUŞBAŞI ÇENGELDERE MAH. ÇENGEDERE CAD N:62 BEYKOZ İSTANBUL;(216) 4797979;;;İMİB - İstanbul Maden İhracatçıları Birliği
ÖZŞEN MADEN İŞLETMELERİ SANAYİ VE TİCARET LİMİTED ŞİRKETİ;KIRKÖY KÖYÜ KIRKÖY KÜME EVLERİ ÖZŞEN MADEN İŞLETMEİŞLETMELERİ BLOK NO:142 UZUNKÖPRÜ EDİRNE;(282) 4279170;;;İMİB - İstanbul Maden İhracatçıları Birliği
ÖZTİRYAKİLER MADENİ EŞYA SANAYİ VE TİCARET ANONİM ŞİRKETİ;CUMHURİYET MAH. ESKİ HADIMKÖY YOLU CAD. NO.8 1 NO.LU BAĞIMSIZ BÖLÜM BÜYÜKÇEKMECE İSTANBUL;(212) 8867800;www.oztiryakiler.com.tr;oztiryakiler.com.tr;İMİB - İstanbul Maden İhracatçıları Birliği
ÖZTUĞ İNŞAAT TURZ.SAN.VE TİC.LTD.ŞTİ;GAZİ MAH.ŞENOL CD.ÖZTUĞ PLAZA NO:120 YENİMAHALLE ANKARA;(312) 2111125;;;İMİB - İstanbul Maden İhracatçıları Birliği
ÖZTÜRKLER GROUP TURİZM İNŞAAT SANAYİ VE TİCARET ANONİM ŞİRKETİ;TERZİALİLER MAH. AKASYALAR CAD. NO:50/B ORTACA MUĞLA;;;;İMİB - İstanbul Maden İhracatçıları Birliği
ÖZTÜRKLER MERMER SANAYİ VE TİCARET LİMİTED ŞİRKETİ;BANDIRMA ASFALTI 10 KMP.K.43 BANDIRMA BALIKESİR;02667439380;;;İMİB - İstanbul Maden İhracatçıları Birliği
ÖZTÜRKTAŞ MADENCİLİK İNŞAAT NAK.DIŞ TİC.LTD.ŞTİ.;SARAYLAR MAH. MARMARA ADASI MARMARA BALIKESİR;(266) 8877475;www.ozturktasmadencilik.com.tr;ozturktasmadencilik.com.tr;İMİB - İstanbul Maden İhracatçıları Birliği
ÖZVERLER RESIM ÇERÇEVE SAN.VE TIC.LTD.ŞTI.;ORG.SAN.BÖLG.TORMAK SAN.SIT.C BLOK NO.8 KÜÇÜKÇEKMECE İSTANBUL;;www.ozverler.com.tr;ozverler.com.tr;İMİB - İstanbul Maden İhracatçıları Birliği
ÖZYANGINCI YAPI MALZ.İNŞ.TES.SAN.VE TİC.A.Ş;ABDURRAHMAN GAZİ MH GÜLERYÜZ CD NO:29 SANCAKTEPE İSTANBUL;(216) 3351160;www.ozyanginci.com.tr;ozyanginci.com.tr;İMİB - İstanbul Maden İhracatçıları Birliği
ÖZYAŞAR TEL VE GALVANİZLEME SANAYİ ANONİM ŞİRKETİ;FEVZİPAŞA MAH. GÖLET CAD. NO.15 DEĞİRMENKÖYÜ SİLİVRİ İSTANBUL;(212) 5471645;www.ozyasar.com;ozyasar.com;İMİB - İstanbul Maden İhracatçıları Birliği
ÖZYIL TUZ İŞLETMECİLİĞİ GIDA NAKLİYAT MAKİNA İNŞAAT TİCARET VE SANAYİ LTD.ŞTİ.;ARABACI ALANI MAH. ESKİ KAZIMPAŞA CAD. NO.119/A SERDİVAN SAKARYA;(264) 2777607;www.marmaratuz.com;marmaratuz.com;İMİB - İstanbul Maden İhracatçıları Birliği
PAFTA MÜHENDİSLİK SANAYİ İÇ VE DIŞ TİCARET LTD.ŞTİ.;ESENTEPE MAHALLESİ ANAYURT CADDESİNO:37 2/6 KARTAL İSTANBUL;(216) 4423715;;;İMİB - İstanbul Maden İhracatçıları Birliği
PAK GIDA VE TARIM URUNLARI SAN.TIC.LTD.STI.;EYUPSULTAN MAH.İMAM RABANİ CAD.BAYRAKTAR SOK.N:8 SANCAKTEPE İSTANBUL;(216) 3119842;;;İMİB - İstanbul Maden İhracatçıları Birliği
PALİTRA İNOX PASLANMAZ METAL SAN VE TİC LTD ŞTİ;AKŞEMSETTİN MAH ALİ OSMAN EFENDİ SK NO:6 / 2 SULTANBEYLİ İSTANBUL;(216) 3907278;;;İMİB - İstanbul Maden İhracatçıları Birliği
PALVAN İNŞAAT TURİZM LOJİSTİK SANAYİ TİCARET LİMİTED ŞİRKETİ;SAKIZAĞACI MH KENNEDY CD NO:103/5/1 BAKIRKÖY İSTANBUL;;;;İMİB - İstanbul Maden İhracatçıları Birliği
PANDA SANAYİ VE DIŞ TİCARET ANONİM ŞİRKETİ;İKİTELLİ ORG.SAN.BOLG.TURGUT ÖZAL CAD.NO.109/A 1.BODRUM KAT İKİTELLİ BAŞAKŞEHİR İSTANBUL;(212) 5499770;www.pandapano.com;pandapano.com;İMİB - İstanbul Maden İhracatçıları Birliği
PANDOLA MADENCİLİK YATIRIM ANONİM ŞİRKETİ;KIZILIRMAK MH. DUMLUPINAR BLV. 3/A KAT:1 ÇANKAYA ANKARA;(312) 2854772;;;İMİB - İstanbul Maden İhracatçıları Birliği
PANDORA AYDINLATMA SANAYİ VE TİCARET LİMİTED ŞİRKETİ;EMEKYEMEZ MAH. YOLCUZADE İSKENDER CAD. ARTMAK HANINO:20/A BEYOĞLU İSTANBUL;(212) 4424246;;;İMİB - İstanbul Maden İhracatçıları Birliği
PARK YAPI PEYZAJ MÜŞAVİRLİK TURİZM İNŞAAT TEMİZLİK PETROL NAKLİYAT SANAYİ VE TİCARET LİMİTED ŞİRKETİ;Z.HANIM MH. T.ÖZAL BLV. ÖZGÜR İŞHANI NO:72/26 ALTINDAĞ ANKARA;(312) 2130282;;;İMİB - İstanbul Maden İhracatçıları Birliği
PAR-MER PARLAYANLAR MERMER TAŞ İNŞAAT MALZEMELERİ VE TAAHHÜT NAKLİYE SANAYİ VE TİCARET LİMİTED ŞTİ.;TATLICAK MAH. KONİMSAN SAN SİT. UMURLU SOK. NO: 6 KARATAY KONYA;(332) 3551681;www.par-mer.com.tr;par-mer.com.tr;İMİB - İstanbul Maden İhracatçıları Birliği
PARS FORTUNA ENDÜSTRİ AMBALAJ TEMİZLİK GIDA SANAYİ TİCARET LİMİTED ŞİRKETİ;EHLİBEYT MAH.CEYHUN ATUF KANSU CAD. NO:112 İÇ KAPI NO:28 ÇANKAYA ANKARA;;;;İMİB - İstanbul Maden İhracatçıları Birliği
PARTENZA MÜHENDİSLİK İNŞ.İÇ VE DIŞ TİC.LTD.ŞTİ;MAHMUTBEY MAH.TASOCAĞI YOLU CAD. AĞAOĞLU MY OFİFİCE NO:3/304 BAĞCILAR İSTANBUL;;;;İMİB - İstanbul Maden İhracatçıları Birliği
PASHA GLOBAL İNŞAAT ELEKTRİK TURİZM İTHALAT İHRACAT VE TİCARET LİMİTED ŞİRKETİ;HALİL RIFAT MH Y.HAVUZ SK. PER. TİC. MER. A BL. N.A/1500 ŞİŞLİ İSTANBUL;(212) 9454727;;;İMİB - İstanbul Maden İhracatçıları Birliği
PASİFİK GRANİT SANAYİ TİCARET LİMİTED ŞİRKETİ;ATATÜTK MH.SEDEF CD.31 ADAATAŞEHİR REZİDANS B BL.K.16/64 ATAŞEHİR İSTANBUL;(216) 4555279;;;İMİB - İstanbul Maden İhracatçıları Birliği
PASİFİK MERMER SANAYİ TİCARET LTD.ŞTİ.;CUMHURİYET MAH. NİLÜFER HATUN CADDESİ SELİN SİTESİNO.150 B BLOK D.4 NİLÜFER BURSA;(224) 4527722;www.pasifikmermer.com;pasifikmermer.com;İMİB - İstanbul Maden İhracatçıları Birliği
PASS GLOBAL ULUSLARARASI TAŞIMACILI DIŞ TİCARET LİMİTED ŞİRKETİ;CUMHURİYET MAHALLESİ MÜJDAT KÖSTENDİL CADDESİ NO 1 OSMANGAZİ BURSA;(224) 0000000;www.kargopass.com;kargopass.com;İMİB - İstanbul Maden İhracatçıları Birliği
PAŞA ZİRAAT VE SANAYİ DIŞ TİCARET LİMİTED ŞİRKETİ;MOLLAFENARİ MAH. NURUOSMANİYE CAD. ORİENT BAZAAR 75/808 FATİH İSTANBUL;;;;İMİB - İstanbul Maden İhracatçıları Birliği
PAŞAKÖY TURİZM A.Ş.;EMNİYETTEPE MAH. KAŞGARLI ABDULLAH SK. NO:9 EYÜP İSTANBUL;(212) 2690910;;;İMİB - İstanbul Maden İhracatçıları Birliği
PAVİLİON GROUP İNŞAAT İÇ VE DIŞ TİCARET LİMİTED ŞİRKETİ;ÇOBANÇEŞME MH KİMİZ SK NO:38/3 BAHÇELİEVLER İSTANBUL;(212) 5036730;;;İMİB - İstanbul Maden İhracatçıları Birliği
PB DELTA GRUP ORGU SAN.VE TIC. LTD.STI.;ŞEREFALİ MH SERDİVAN SK NO:21 ÜMRANİYE İSTANBUL;(216) 4200345;www.pbdelta.com.tr;pbdelta.com.tr;İMİB - İstanbul Maden İhracatçıları Birliği
PB DIS TIC.LTD.STI.;BARBAROS MAH SARKAÇ SK MY PRESTİGE SİT NO:1A K:7 D:53-54 ATAŞEHİR İSTANBUL;(216) 5738596;www.pbforeigntrade.com;pbforeigntrade.com;İMİB - İstanbul Maden İhracatçıları Birliği
PEAK PERFORMANS TEKSTİL VE KİMYEVİ ÜRÜNLER SANAYİ TİCARET LİMİTED ŞİRKETİ;CUMHURİYET MAH. CEVVAL SK. NO: 1/3 İÇ KAPI NO: 169 BÜYÜKÇEKMECE İSTANBUL;(212) 0000000;;;İMİB - İstanbul Maden İhracatçıları Birliği
PEKERLER İNŞAAT ENERJİ TAŞIMACILIK TURİZM SANAYİ VE TİCARET LİMİTED;İLKBAHAR MAH 596 SK NO 71/4 ÇANKAYA ANKARA;(312) 4913938;http://www.pekerlerinsaat.com;pekerlerinsaat.com;İMİB - İstanbul Maden İhracatçıları Birliği
PELLA GOLD KUYUMCULUK SAN. VE TİC. LTD. ŞTİ.;İSTANBUL VİZYON PARK C2 BLOK 5. KAT NO:160 YENİBOSNA BAHÇELİEVLER İSTANBUL;;;;İMİB - İstanbul Maden İhracatçıları Birliği
PENAART İÇ MİMARLIK TAAHHÜT İNŞ. İTH. İHR. SAN. TİC. LTD.ŞTİ.;BEBEK MAH. BEBEK YOKUŞU UĞUREL APT. NO:5/2 BEŞİKTAŞ İSTANBUL;(212) 2578090;;;İMİB - İstanbul Maden İhracatçıları Birliği
PENKA MADEN INS.MUH.MUM.HAZIR HARC SAN.VE TIC.LTD.STI.;NECATIBEY CD.NO:21/17 ÇANKAYA ANKARA;(312) 2304349;www.penka.com.tr;penka.com.tr;İMİB - İstanbul Maden İhracatçıları Birliği
PENSAN KALEM VE KAĞIT SANAYİ TİCARET A.Ş.;TEVFIKBEY MAH.TAHSIN TEKOGLUCAD.NO.25 SEFAKÖY KÜÇÜKÇEKMECE İSTANBUL;(212) 5980472;www.pensan.com.tr;pensan.com.tr;İMİB - İstanbul Maden İhracatçıları Birliği
PENTATECH DIŞ TİCARET LİMİTED ŞİRKETİ;VİŞNEZADE MAH.SÜLEYMAN SEBA CAD.BEŞİKTAŞ PLAZA A BLOK NO:48 D:86 BEŞİKTAŞ İSTANBUL;(212) 2600048;;;İMİB - İstanbul Maden İhracatçıları Birliği
PERA ÇELİK BORU VE END. SİST. LTD. ŞTİ.;İKİTELLİ OSB MAH. METAL İŞ SANAYİ 11. BLOK NO:48/48 BAŞAKŞEHİR İSTANBUL;(212) 5492373;;;İMİB - İstanbul Maden İhracatçıları Birliği
PERA INTERIOR MİMARLIK TİCARET LİMİTED ŞİRKETİ;TEPEÜSTÜ MAH.HÜRMET SOKAK IHLAMUR EVLERİ EVLERİ NO:43-45/17 ÜMRANİYE ÜMRANİYE İSTANBUL;(216) 3254412;;;İMİB - İstanbul Maden İhracatçıları Birliği
PERKİNELMER SAĞLIK VE ÇEVRE BİLİMLERİ LTD.ŞTİ;BAĞLAR CAD. NO:14 OFİSPARK MERKEZ MAH KAĞITHANE İSTANBUL;(212) 3121100;www.perkinelmer.com;perkinelmer.com;İMİB - İstanbul Maden İhracatçıları Birliği
PERLA DOĞAL TAŞ SANAYİ VE TİCARET LİMİTED ŞİRKETİ;İSMETPAŞA MAH KADER SK MUTLU KENT B BLOK NO:4/B İÇKAPI NO 10 MERKEZ BİLECİK;(228) 2129825;www.perlastone.com.tr;perlastone.com.tr;İMİB - İstanbul Maden İhracatçıları Birliği
PERLA PAZARLAMA DIŞ TİCARET LİMİTED ŞİRKETİ;DEREAĞZI MAH.GAZEL SK.KAPALI OTOPARK NO:1/3 BEYLİKDÜZÜ İSTANBUL;(212) 8800202;;;İMİB - İstanbul Maden İhracatçıları Birliği
PERLADIA TİCARET VE DANIŞMANLIK ANONİM ŞİRKETİ;KIZILIRMAK MAH 1445 SK 1445 SK. NO:2/1 İÇ KAPI NO4 ÇANKAYA ANKARA;(312) 2842210;http://www.perladia.com;perladia.com;İMİB - İstanbul Maden İhracatçıları Birliği
PERLIT MADEN ISLT.URETIM SAN. VE TIC.LTD.STI.;TARSUS ORG SAN. BÖL 1.CADDE N:7 TARSUS MERSIN;(324) 6764399;www.ultraper.com;ultraper.com;İMİB - İstanbul Maden İhracatçıları Birliği
PERLİTSAN ENDÜSTRİYEL HAMMADDELER MADEN SAN. VE TİC. A.Ş.;YENİBOSNA MRK. MAH. 29 EKİM CAD. İST VİZYON OFİS BLK NO:9/1/203 BAHÇELİEVLER İSTANBUL;(212) 4652682;;;İMİB - İstanbul Maden İhracatçıları Birliği
PERO MİKRONİZE MİNERAL TEKNOLOJİLERİ TİCARET LİMİTED ŞİRKETİ;MERDİVENKÖY MAH. DİKYOL SOK. B BLOK NO:2 /179 KADIKÖY İSTANBUL;;http://www.pero.com;pero.com;İMİB - İstanbul Maden İhracatçıları Birliği
PERO MİNERAL KİMYA PROSES TEKNOLOJİLERİ LTD.ŞTİ;ACIBADEM MAH.ÇEÇEN SOK . AKASYA EVLERİ A (KULE ) BLOK NO:25 A/ 150 ÜSKÜDAR İSTANBUL;(216) 2284304;;;İMİB - İstanbul Maden İhracatçıları Birliği
PERPAEXPO ELEKTRONİK ANONİM ŞİRKETİ;HALİL RIFAT PAŞA MAH.YÜZER HAVUZ SK.PERPA TİC. MERB BLOK NO: 1/1 İÇ KAPI NO: 2388 ŞİŞLİ İSTANBUL;(212) 2220141;http://www.perpaexpo.com.tr;perpaexpo.com.tr;İMİB - İstanbul Maden İhracatçıları Birliği
PERRA MADENCİLİK SANAYİ VE TİCARET LİMİTED ŞİRKETİ;FATİH MAH. CENGİZ TOPEL CAD. NO: 13 İÇ KAPI NO: 1 KÜÇÜKÇEKMECE İSTANBUL;;;;İMİB - İstanbul Maden İhracatçıları Birliği
PERTAS METAL INSAAT TURIZM SAN VE TIC.LTD.STI.;UZUNCAYIR CAD. NO:24/8 KADIKÖY İSTANBUL;(216) 3268159;www.pertas.net;pertas.net;İMİB - İstanbul Maden İhracatçıları Birliği
PETFAN DIŞ TİCARET PAZARLAMA LİMİTED ŞİRKETİ;109 SK. NO:5/1 FATSA ORGANİZE SANAYİ BÖLGESİ 52400 FATSA, ORDU, TÜRKİYE FATSA ORDU;(212) 4164584;;;İMİB - İstanbul Maden İhracatçıları Birliği
PETRA DOĞAL TAŞ İNŞAAT SANAYİ VE TİCARET LİMİTED ŞİRKETİ;BARBAROS HAYRETTİN PAŞA MAHALLESİ 1997 SOKAK PARK KONUTLARI SİTESİ B BLOK NO:3A DAİRE 17 ESENYURT İSTANBUL;;http://www.petralimited.com;petralimited.com;İMİB - İstanbul Maden İhracatçıları Birliği
PETRA İTHALAT İHRACAT TİC. LTD. ŞTİ.;BARBAROS HAYRETTİN PAŞA MAH. 1997 SOK. PARK KONUTLARI B BLOK NO:3 A/17 ESENYURT ESENYURT İSTANBUL;(212) 0000000;;;İMİB - İstanbul Maden İhracatçıları Birliği
PETRONOVA PETROKİMYA İTHALAT İHRACAT SANAYİ VE TİCARET ANONİM ŞİRKETİ;REŞİTPAŞA MAH. ESKİ BÜYÜKDERE CAD. PARK PLAZA NO:14/10 SARIYER İSTANBUL;;;;İMİB - İstanbul Maden İhracatçıları Birliği
PETSAN BENTONİT MADENCİLİK SAN. VE TİC. AŞ.;FATSA OSB MAH. 101 SOK. HİLAL ÇANTA LTD. ŞTİ NO:7/1B FATSA ORDU FATSA ORDU;;;;İMİB - İstanbul Maden İhracatçıları Birliği
PFERD AŞINDIRICI TAKIMLAR TİC.LTD.ŞTİ.;MARMARA GERİ DÖNÜŞÜMCÜLER SİT ŞEKERPINAR MH DEFNE SK NO:22A ÇAYIROVA KOCAELİ;(262) 6589990;www.pferd.com;pferd.com;İMİB - İstanbul Maden İhracatçıları Birliği
PHARMA ROYY ECZA DEPOSU İLAÇ SANAYİ VE TİCARET ANONİM ŞİRKETİ;ORUÇREİS MAH. GİYİMKENT 17.SK B176 BLOK NO:5A KAT:2-3 ESENLER İSTANBUL;(212) 3203753;;;İMİB - İstanbul Maden İhracatçıları Birliği
PHARMANANDA İÇ VE DIŞ TİCARET ANONİM ŞİRKETİ;MASLAK MAH.DEREBOYU 2.CAD.ZAĞRA İŞMER SİT.A BLK 14/2 SARIYER/İSTANBUL SARIYER İSTANBUL;(212) 0000000;;;İMİB - İstanbul Maden İhracatçıları Birliği
PHASE DIŞ TİCARET MÜHENDİSLİK VE MAKİNE SANAYİ LİMİTED ŞİRKETİ;ŞEMSİPAŞA MAH.31 SOK NO 12 İÇ KAPI NO 8 GAZİOSMANPAŞA İSTANBUL;(212) 3490965;;;İMİB - İstanbul Maden İhracatçıları Birliği
PHOENİX MADENCİLİK SANAYİ VE DIŞ TİCARET LİMİTED ŞİRKETİ;MERKEZ MAH. ÇUKURÇEŞME CD. 32/1 GAZİOSMANPAŞA İSTANBUL;(212) 5784815;;;İMİB - İstanbul Maden İhracatçıları Birliği
PIEXPORT İNŞAAT PAZARLAMA İTHALAT İHRACAT SAN. VE TİC. LTD.ŞTİ;KEMANKEŞ KARAMUSTAFAPAŞA MAH. SEMT MANGIR SOK. SED KEMANKEŞ BEYOĞLU İSTANBUL;(212) 5735530;www.piexport.com;piexport.com;İMİB - İstanbul Maden İhracatçıları Birliği
PINKAR KIMYA SANAYI VE TICARET ANONİM ŞİRKETİ;OSMANGAZİ MAH. MEHMET DENİZ KOPUZ CAD. NO: 25 34510 ESENYURT İSTANBUL;(212) 2190128;www.pinkar.com;pinkar.com;İMİB - İstanbul Maden İhracatçıları Birliği
PİETRA INTERNATİONAL MARBLE İÇ VE DIŞ TİCARET SANAYİ LİMİTED ŞİRKETİ;BEYLİKDÜZÜ OSB MAH.14.CAD.NO:19/ MERMERCİLER SANAYİ SİTESİ BEYLİKDÜZÜ İSTANBUL;;;;İMİB - İstanbul Maden İhracatçıları Birliği
PİETRA TRADING İTHALAT İHRACAT SANAYİ VE TİCARET LİMİTED ŞİRKETİ;KAYABAŞI MAH.ADNAN MENDERES BLV.B5 NO:5 D / 20 BAŞAKŞEHİR İSTANBUL;(212) 0000000;;;İMİB - İstanbul Maden İhracatçıları Birliği
PİGMENTİS KİMYA SANAYİ VE TİCARET LTD ŞTİ;TAVŞANLI MAH.D-100 KARAYOLU CAD.AYKİM KİMYA SİT.NO 78/2 TR-41400 GEBZE KOCAELİ;(262) 4521190;;;İMİB - İstanbul Maden İhracatçıları Birliği
PİKASAN YAPI ÜRÜNLERİ SANAYİ VE TİCARET LİMİTED ŞİRKETİ;HAVAALANI MAH. ULUDAG CAD. NO:2 ESENLER İSTANBUL;(212) 4308700;www.pikasan.com;pikasan.com;İMİB - İstanbul Maden İhracatçıları Birliği
PİLSAN DIŞ TİC. LTD. ŞTİ.;YENİ MAH. MERKEZ BUCAĞI D-100KARAYOLU CAD. NO.32 BÜYÜKKARIŞTIRAN BELDESİ LÜLEBURGAZ/KIRKLARELİ? ESENYURT İSTANBUL;(212) 6891141;www.pilsan.com.tr;pilsan.com.tr;İMİB - İstanbul Maden İhracatçıları Birliği
PİLSAN PLASTİK VE OYUNCAK SANAYİ ANONİM ŞİRKETİ;YENİ MAHALLE MERKEZ BUCAĞI D-100 KARAYOLUCADDESİ NO:32 BÜYÜK KARIŞTIRAN BELDESİ LÜLEBURGAZ KIRKLARELİ;(850) 8500767;www.pilsan.com.tr;pilsan.com.tr;İMİB - İstanbul Maden İhracatçıları Birliği
PİMAK PROFESYONEL MUTFAK LİMİTED ŞİRKETİ;İKİTELLİ OSB MH ATATÜRK BULVARI ELİ M. TOKATLI İS MERKEZİ NO:112/4 BAŞAKŞEHİR İSTANBUL;(850) 4808084;www.pimak.com;pimak.com;İMİB - İstanbul Maden İhracatçıları Birliği
PİMOLİZA İÇ VE DIŞ TİC. LTD. ŞTİ.;MAHMUTBEY MAH.2446 SOKAK NO 169 İSTOÇ 25 ADA 169-171 MAHMUTBEY MAHALLESİ 34200 BAĞCILAR İSTANBUL;;;;İMİB - İstanbul Maden İhracatçıları Birliği
PLASTO PLASTİK ORGANİZE İTHALAT VE İHRACAT LİMİTED ŞİRKETİ;ANKARA CAD. AKSEKİ SOK. NO: 2A DOLAYOBA PENDİK İSTANBUL;(216) 3799200;www.plasto.com.tr;plasto.com.tr;İMİB - İstanbul Maden İhracatçıları Birliği
PLATFORM CONSTRUCTİON DIŞ TİCARET SANAYİ VE LİMİTED ŞİRKETİ;YESILPINAR MAH. SEHIT METIN KAYA SK. VIALAND NO:11 A IC KAPI NO: 25 34050 EYÜP İSTANBUL;(212) 0000000;;;İMİB - İstanbul Maden İhracatçıları Birliği
PLATİN YÜZEY İŞLEMLERİ MAKİNA VE KİMYEVİ MADDELERİ SANAYİ VE TİCARET LTD ŞTİ.;MERKEZ MAH. LADİN SOK.KUYUMCUKENT NO:4 İÇ KAPI: Z2 BAHÇELİEVLER İSTANBUL;(212) 0000000;;;İMİB - İstanbul Maden İhracatçıları Birliği
PLATO MERMER MADENCİLİK İNŞAAT SANAYİ VE TICARET LTD. ŞTİ.;ADIL MAH. DEMOKRASI CAD. NO.19 SULTANBEYLİ İSTANBUL;(216) 5920111;www.platomarble.com;platomarble.com;İMİB - İstanbul Maden İhracatçıları Birliği
PLAZA MARBLE MERMER SANAYİ VE İTHALAT İHRACAT TİCARET LİMİTED ŞİRKETİ;HAMİDİYE MH GÖKSEL SK ORNEK ALAN APT NO:6/7 ÇEKMEKÖY İSTANBUL;;;;İMİB - İstanbul Maden İhracatçıları Birliği
PMC TEKNOLOJİ SANAYİ VE TİCARET ANONİM ŞİRKETİ;ATATÜRK MAH.SEDEF CAD.NO:3/1 ATAŞEHİR İSTANBUL;(216) 5808280;;;İMİB - İstanbul Maden İhracatçıları Birliği
PMTR YAPI ANONİM ŞİRKETİ;DUMLUPINAR MAH. DORUK SK. C BLOK NO.45C / 95 KADIKÖY İSTANBUL;(216) 5147368;;;İMİB - İstanbul Maden İhracatçıları Birliği
PNG DIŞ TİCARET LTD. ŞTİ.;NİSPETİYE CAD. BIYIKLI MEHMET PAŞA SK. YAVUZ APT. N:10 D:5 ETİLER BEŞİKTAŞ İSTANBUL;(212) 3527140;;;İMİB - İstanbul Maden İhracatçıları Birliği
POLARİS E-TİCARET ANONİM ŞİRKETİ;YENİKÖY MAHALLESİ ARPACI ALİ SOKAKNO:11 İÇ KAPI NO:3 SARIYER İSTANBUL;(212) 6408423;;;İMİB - İstanbul Maden İhracatçıları Birliği
POLAT MADEN SANAYI VE TICARET A.S.;BÜYÜKDERE CADDESİ POLAT HAN NO:87/3 MECİDİYEKÖY ŞİŞLİ İSTANBUL;(212) 2136095;www.polatholding.com;polatholding.com;İMİB - İstanbul Maden İhracatçıları Birliği
POLEPOX POLİMER SANAYİ TİCARET LİMİTED ŞİRKETİ;KURTKÖY MHA. ANKARA CAD. YELKEN PLAZA NO:289 İÇ KAKAPI NO:21 PENDİK İSTANBUL;(216) 0000000;;;İMİB - İstanbul Maden İhracatçıları Birliği
POLGÜN SU PARKLARI SANAYİ VE TİCARE ANONİM ŞİRKETİ;KAFACA MH. 1 NOLU SERVİS YOLU CD.NO 27 MUĞLA MUĞLA;(252) 2255888;;;İMİB - İstanbul Maden İhracatçıları Birliği
POLİFARMA İLAÇ SANAYİ VE TİCARET ANONİM ŞİRKETİ;HALKALI MERKEZ MAH.BASIN EKSPRES CAD.CAPITAL TOWERS İŞ MERKZ.N:9 K:6 KÜÇÜKÇEKMECE İSTANBUL;(212) 4810013;www.polifarma.com.tr;polifarma.com.tr;İMİB - İstanbul Maden İhracatçıları Birliği
POLİKOR İHRACAT İTHALAT VE TİCARET LTD. ŞTİ.;IZMIR YOLU 25.KM BŞKÖY MEVKİİ NO:1 NİLÜFER BURSA;02244490220;www.polikor.com;polikor.com;İMİB - İstanbul Maden İhracatçıları Birliği
POLİN KİMYA SANAYİ TİCARET ANONİM ŞİRKETİ;AYDINLI MAH. BİRLİK ORGANİZE SAN. BÖLGESİ BATI CAD. 5.SOK. NO:26 TUZLA İSTANBUL;(216) 5933353;www.polinkimya.com;polinkimya.com;İMİB - İstanbul Maden İhracatçıları Birliği
POLİNAS PLASTİK SANAYİ VE TİCARET A.Ş.;ORGANIZE SANAYI BOLGESI CUMHURIYET CAD. NO:2 MANİSA MANİSA;(236) 2330470;www.polinas.com.;polinas.com.;İMİB - İstanbul Maden İhracatçıları Birliği
POLİVİN KİMYA SANAYİ VE TİCARET ANONİM ŞİRKETİ;ÇINAR MAH. ATATÜRK CAD. MANSUR IŞIK İŞ MERK.NO:44 K:3 KÜÇÜKYALI MALTEPE İSTANBUL;(216) 5492010;www.polivin.com.tr;polivin.com.tr;İMİB - İstanbul Maden İhracatçıları Birliği
POLSEP MADENCİLİK İNŞ. GIDA İTH. İHR. SAN.VE TİC. LTD.ŞTİ.;75. YIL OSB MAH. 1.KÜÇÜK ORG SAN CAD. TOPRAK BLOK NO:7/9 OSB MAH 26250 ODUNPAZARI, ESKIŞEHIR, TÜRKİY ODUNPAZARI ESKİŞEHİR;;;;İMİB - İstanbul Maden İhracatçıları Birliği
POLTAŞ İNŞAAT TAAHHÜT VE TİC. A.Ş.;ATATÜRK MAH. ERTUĞRUL GAZİ SK. METROPOL SİTESİC1 BLOK NO 260 ATAŞEHİR İSTANBUL;(216) 5146359;www.poltasinsaat.com;poltasinsaat.com;İMİB - İstanbul Maden İhracatçıları Birliği
POLTEK POLYESTER VE BOYA SAN. TİC. LTD. ŞTİ.;OSTİM MAH. AĞAÇ İŞLERİ SAN. SİTESİ1354.CAD. 1374.SK. NO:10 OSTİM YENİMAHALLE ANKARA;(312) 3954050;www.poltekpolyester.com.tr;poltekpolyester.com.tr;İMİB - İstanbul Maden İhracatçıları Birliği
POLY FLEX GEOMEBRANE YALITIM SANAYİ TİCARET LİMİTED ŞİRKETİ;YENİ BATI MAH.2397 SK NO:5 YENİMAHALLE ANKARA;(312) 9221042;polyflexgeomembrane.com;polyflexgeomembrane.com;İMİB - İstanbul Maden İhracatçıları Birliği
POLYES DEKORASYON İNŞAAT PLASTİK SAN. VE TİC. LTD. ŞTİ;DERİ OSB. MH. KAZLIÇEŞME CD. NO:36 TUZLA/İSTANBUL DERİ OSB 34940 TUZLA İSTANBUL;(216) 5423207;;;İMİB - İstanbul Maden İhracatçıları Birliği
POLYEXİM İÇ VE DIŞ TİC.LTD.ŞTİ.;İKİTELLİ OSB AYMAKOOP SAN.SİT.B-9 BLOK NO:20 BAŞAKŞEHİR İSTANBUL;(212) 6714441;http://www.polyexim.com.tr;polyexim.com.tr;İMİB - İstanbul Maden İhracatçıları Birliği
POLYMETA PLASTİK METAL VE İMALAT SANAYİ TİCARET LİMİTED ŞİRKETİ;AKÇABURGAZ MAH. 1575. SK. ALKOOP SAN C1 BLOK NO: 1/6 ESENYURT İSTANBUL;(212) 0000000;;;İMİB - İstanbul Maden İhracatçıları Birliği
POLYTEKPROM TEKNİK MAKİNA İTHALAT İHRACAT SANAYİ VE TİCARET LİMİTED ŞİRKETİ;NİSPETİYE MH GAZİ GÜÇNAR SK UYGUR İS MERKEZİ 4/2 BEŞİKTAŞ İSTANBUL;;www.polytekprom.eu;polytekprom.eu;İMİB - İstanbul Maden İhracatçıları Birliği
POMA MADENCİLİK SANAYİ VE TİCARET ANONİM ŞİRKETİ;ARDIÇ SOKAK NO:4 G1/12 KAT 2BARBAROS MAHALLESİ 34746 ATAŞEHİR İSTANBUL;(216) 5040227;www.poma.com.tr;poma.com.tr;İMİB - İstanbul Maden İhracatçıları Birliği
PORTAPİA İTHALAT İHRACAT LTD ŞTİ.;İZZETPAŞA MAH YENİ YOL CAD.NUROLİZZETPAŞA MAH YENİ YOL CAD.NUROL ŞİŞLİ İSTANBUL;(212) 6036369;;;İMİB - İstanbul Maden İhracatçıları Birliği
PORTİMPEX HİJYEN ÜRÜNLERİ İTHALAT İHRACAT VE TİCARET LİMİTED ŞİRKETİ;YEŞİLKÖY MAH. ATATÜRK CAD. EGS BUSINESS PARKNO:12/8 BAKIRKÖY İSTANBUL;(212) 4637148;;;İMİB - İstanbul Maden İhracatçıları Birliği
PORTİST LOJİSTİK DIŞ TİCARET LİMİTED ŞİRKETİ;MOLLA GÜRANİ MAHALLESİ TURGUT ÖZAL MİLLET CADDESİ FİLDİŞİ MERKEZİ SİT.NO:90/113 FATİH İSTANBUL;(212) 5219161;;;İMİB - İstanbul Maden İhracatçıları Birliği
POSUS MERMER İNŞAAT SANAYİ VE TİCARET LİMİTED ŞİRKETİ;YAYLA MAH. PİRİNÇÇİ KÖY YOLU SK. NO: 68/9 SULTANGAZİ İSTANBUL;(212) 0000000;;;İMİB - İstanbul Maden İhracatçıları Birliği
POWER TK MAKİNA SERVİS SAN. VE TİC. A.Ş.;İMES SAN. SİT. E BLOK 501 SOK. NO:43 ÜMRANİYE İSTANBUL;(216) 5945959;;;İMİB - İstanbul Maden İhracatçıları Birliği
POYDEM MERMER İNŞAAT TEKSTİL SAN. VE TİC.LTD.ŞTİ.;CANBALI MAHALLESİ ÇAKILLIKUYU MEVKİ SUBAŞI PLAZA NO:24/1 KARACABEY BURSA;;www.poydem.com.tr;poydem.com.tr;İMİB - İstanbul Maden İhracatçıları Birliği
POYRAZ HAMMADDELER SANAYİ TİCARET LİMİTED ŞİRKETİ;YUKARI MAHALLESİ ÇIRÇIR CADDESİ AYYILDIZLAR İŞHANINO:1 DAİRE:62 KARTAL İSTANBUL;(216) 0000000;;;İMİB - İstanbul Maden İhracatçıları Birliği
POZITIF ENDUSTRIYEL MAKINALAR VE TEM.SIS.SAN.VE TIC.LTD.STI.;1202/2 SOK.NO.64/C GIDA ÇARŞISI KONAK İZMİR;02324577033;;;İMİB - İstanbul Maden İhracatçıları Birliği
POZİTİF SANATSAL ETKİNLİKLER TURİZM VE ORGANİZASYON TİC.LTD.ŞTİ.;SİTE MAH. GÜRLER SOK. NO:70/4 ÜMRANİYE İSTANBUL;(212) 0000000;;;İMİB - İstanbul Maden İhracatçıları Birliği
PPG INDUSTRIES KIMYA SANAYİ VE TICARET ANONİM ŞİRKETİ;D-100 GÜNEY YANYOL CAD. KURİS KULE KAT:15CEVİZLİ 34865 KARTAL KARTAL İSTANBUL;02242424290;www.ppg.com;ppg.com;İMİB - İstanbul Maden İhracatçıları Birliği
PREFABEX YAPI TEKNOLOJİLERİ İNŞAAT SANAYİ VE TİCARET LİMİTED ŞİRKETİ;YEŞİLBAĞLAR MAHALLESİ SELVİLİ SOK. NO:2/2/22 PENDİK İSTANBUL;(216) 3067374;;;İMİB - İstanbul Maden İhracatçıları Birliği
PREMİER TRADE İÇ VE DIŞ TİCARET LİMİTED ŞİRKETİ;ATAEVLER MAH.SELİN SOK.NO:27 KARTEPE KOCAELİ;;www.mericeltd.co.uk;mericeltd.co.uk;İMİB - İstanbul Maden İhracatçıları Birliği
PRN YAPI KAPI PENCERE CEPHE SİSTEMLERİ TURİZM SANAYİ VE İNŞAAT LİMİTED ŞİRKETİ;YEŞİLTEPE MAH. ATATÜRK BLV. PİMAPENCİ NO:87/1 ERENLER SAKARYA;;;;İMİB - İstanbul Maden İhracatçıları Birliği
PRO WORLD METAL DIS TICARET LIMITED SIRKETI;BAHÇELIEVLER MAH. ESKI LONDRA ASFALTI CAD. NEF B1 BLOK NO: 5 C IÇ KAPI NO: 132 BAHÇELİEVLER İSTANBUL;;;;İMİB - İstanbul Maden İhracatçıları Birliği
PROCON YAPI INS.VE HİZM.TİC. LTD.ŞTİ.;GAYRETTEPE MAH. YILDIZ POSTA CAD. NO:36 SİNAN APT. K:7 D:39 BEŞİKTAŞ İSTANBUL;(212) 3525076;;;İMİB - İstanbul Maden İhracatçıları Birliği
PRODAR MUH. INS.SAN.TIC.LTD.STİ.;ATATÜRK MH.CAN CD.NO:1 KAT:4 SARIGAZİ SANCAKTEPE İSTANBUL;02167151314;www.prodar.com;prodar.com;İMİB - İstanbul Maden İhracatçıları Birliği
PRODEM ÜRÜN GELİŞTİRME SANAYİ VE TİCARET LİMİTED ŞİRKETİ;ETİLER MAH. NİSPETİYE CAD. NO: 130 / 5 BEŞİKTAŞ İSTANBUL;(212) 3584940;www.prodemltd.com;prodemltd.com;İMİB - İstanbul Maden İhracatçıları Birliği
PRODİNOX METAL MAKİNA İNŞAAT SANAYİ VE TİCARET ANONİM ŞİRKETİ;ŞEKERPINAR MAH. DEFNE SK. NO:24 ÇAYIROVA KOCAELİ;(262) 6589030;www.prodinoxmetal.com;prodinoxmetal.com;İMİB - İstanbul Maden İhracatçıları Birliği
PROFEL ELEKTRİK ENERJİ SİSTEMLERİ TAAHHÜT VE TİCARET ANONİM ŞİRKETİ;RUMELİ MAHALLESİ İSMET PAŞA BLV A BLOK APT. NO: 111A ÇORLU / TEKİRDAĞ ÇORLU TEKİRDAĞ;(282) 0000000;;;İMİB - İstanbul Maden İhracatçıları Birliği
PROFESSOR ELEVATOR ASANSÖR SAN TİC LTD ŞTİ;CUMHURİYET MAH BAHARİYE SK NO:35 B K KARTAL İSTANBUL;;;;İMİB - İstanbul Maden İhracatçıları Birliği
PROFİNOKS ENDÜSTRİYEL MUTFAK EKİP. İNŞAAT TURİZM YAPI MALZEMELERİ SANAYİ VE TİCARET LİMİTED ŞİRKETİ;TOPÇULAR MAHALLESİ RAMİ KIŞLA CADDESİ NO:72/3 EYÜP İSTANBUL;;www.profinoks.com.tr;profinoks.com.tr;İMİB - İstanbul Maden İhracatçıları Birliği
PROMER DIS TIC.LTD.STI.;SIRAPINAR MAH.BEYKOZ CAD. NO 99/5 ÇEKMEKÖY İSTANBUL ÇEKMEKÖY İSTANBUL;(212) 6719271;;;İMİB - İstanbul Maden İhracatçıları Birliği
PROMET DIS TIC.VE INSAAT A.S.;TIBAS VAKFI DALYAN KONUT SIT.E BL.NO.9 KADIKÖY İSTANBUL;;;;İMİB - İstanbul Maden İhracatçıları Birliği
PROMİSE İNŞAAT SANAYİ VE TİCARET LİMİTED ŞİRKETİ;TAHTAKALE MH FARUK NAFİZ ÇAMLIBEL CAD. BİZİM EVLER6 N:6 N:2/7 İÇ KAPI NO:84 AVCILAR İSTANBUL;(212) 0000000;;;İMİB - İstanbul Maden İhracatçıları Birliği
PRONİTRON ANALİTİK CİHAZLAR SANAYİ VE TİCARET LİMİTED ŞİRKETİ;KOŞUYOLU MAH İSMAİL PAŞA SOKAK NO:33/1 KADIKÖY İSTANBUL;(216) 4726956;;;İMİB - İstanbul Maden İhracatçıları Birliği
PROPERLİT MADENCİLİK İHRACAT TİCARET ANONİM ŞİRKETİ;KIZILAY MAHALLESİ İZMİR 2 CAD KONAK APT.NO:55 İÇ KAPI 11 ÇANKAYA ANKARA;(312) 3112881;http://www.properlite.com;properlite.com;İMİB - İstanbul Maden İhracatçıları Birliği
PROSİSTA YAPI SİSTEMLERİ SANAYİ DIŞ TİCARET ANONİM ŞİRKETİ;PİAZZA OFİS CEVİZLİ MH TUGAY YOLU CD NO:69A KAT:19/19A MALTEPE İSTANBUL;(000) 4445772;www.prosista.com;prosista.com;İMİB - İstanbul Maden İhracatçıları Birliği
PROSTONE MERMER DOĞALTAŞ İNŞ. SAN. VE DIŞ TİC. LTD. ŞTİ.;ATATÜRK MAHALLESİ VATAN CADDESİ NO:21/5 ATAŞEHİR İSTANBUL;(216) 3773902;;;İMİB - İstanbul Maden İhracatçıları Birliği
PROTART ELEKTRİK VE BİLİŞİM TEKNOLOJİLERİ DIŞ TİCARET ANONİM ŞİRKETİ;HALİL RIFAT PAŞA MH YÜZER HAVUZ SK PERPA TİC MERKEZİ NO:1/1 B BLOK KAT:6/708 ŞİŞLİ İSTANBUL;(212) 2314905;www.protart.com.tr;protart.com.tr;İMİB - İstanbul Maden İhracatçıları Birliği
PROTED PROTEZ ORTEZ ANONİM ŞİRKETİ;İVEDİK OSB MELİH GOKÇEK BULVARI, PROTED PARK 151/49 YENİMAHALLE ANKARA;(312) 3947575;www.protedglobal.com;protedglobal.com;İMİB - İstanbul Maden İhracatçıları Birliği
PRO-TEK ANALİTİK VE ENDÜSTRİYEL SİSTEMLER LTD.ŞTİ.;ATAKENT MAH.DICLE CAD. NO:29/1-2 ATAKENT ÜMRANİYE İSTANBUL;02163293960;www.protekanalitik.com;protekanalitik.com;İMİB - İstanbul Maden İhracatçıları Birliği
PRO-TEK MUSAVIRLIK MUHENDISLIK SAN.TIC.LTD.STI.;IST YOLU 15.KM.GERSAN SAN.SIT.TAHSIN KAHRAMAN CAD. 653.SOK YENİMAHALLE ANKARA;03122563153;www.protek-korozyon.com;protek-korozyon.com;İMİB - İstanbul Maden İhracatçıları Birliği
PROTEK YANGIN VE GÜVENLİK SİSTEMLERİ ANONİM ŞİRKETİ;GİRNE MAH. IRMAKLAR SOK. KÜÇÜKYALI İŞ MERKZ.B BLOK NO:72-5B/1 MALTEPE İSTANBUL;(212) 4894999;www.protek.gen.tr;protek.gen.tr;İMİB - İstanbul Maden İhracatçıları Birliği
PROVEL TÜKETİM ÜRÜNLERİ SAN. VE TİC. A.Ş.;HALKALI MH. DEREBOYU CAD. NO:11 KAT:2 KÜÇÜKÇEKMECE İSTANBUL;(212) 4718400;www.parex.com.tr;parex.com.tr;İMİB - İstanbul Maden İhracatçıları Birliği
PROVISION MÜHENDİSLİK DANIŞMANLIK İÇ VE DIŞ TİCARET LİMİTED ŞİRKETİ;ZÜMRÜTEVLER MAH. ACARLAR SK. NO: 12 /1 İÇ KAPI NO: 4 MALTEPE/ İSTANBUL MALTEPE İSTANBUL;(216) 0000000;;;İMİB - İstanbul Maden İhracatçıları Birliği
PSL İÇ VE DIŞ TİCARET ANONİM ŞİRKETİ;MAHMUTBEY MAH. 2414. SK. NO: 5 IÇ KAPI NO: 32 BAĞCILAR İSTANBUL;(212) 4441010;;;İMİB - İstanbul Maden İhracatçıları Birliği
PTC KİMYA ENDÜSTRİ MALZEMELERİ SANAYİ VE TİCARET LİMİTED ŞİRKETİ;İKİTELLİ OSB MUTSAN SAN SİT M 10 BLOK NO 6 BAŞAKŞEHİR İSTANBUL;(212) 4278866;;;İMİB - İstanbul Maden İhracatçıları Birliği
PULCRA KİMYA SANAYİ VE TİCARET ANONİM ŞİRKETİ;BEYLİKBAĞI MAH. 341 SOK. NO.1 GEBZE KOCAELİ;(262) 6754449;www.pulcra-chemical.com;pulcra-chemical.com;İMİB - İstanbul Maden İhracatçıları Birliği
PULLUKÇU TRADE İTHALAT İHRACAT SANAYİ TİCARET ANONİM ŞİRKETİ;OSMANAĞA MAH. PAZAR YOLU SK.EKİZOĞLU İŞ HANI BLOK KADIKÖY İSTANBUL;(216) 2615276;;;İMİB - İstanbul Maden İhracatçıları Birliği
PURKEM KİMYA SANAYİ TİC. LTD. ŞTİ.;TEKSTİL KENT TİCARET MERKEZİ A 13 BLOK NO:55 ESENLER İSTANBUL;(212) 4384680;;;İMİB - İstanbul Maden İhracatçıları Birliği
PUSULA DOĞALTAŞ VE MADENCİLİK A.Ş.;MEDYA MAH. 629/1. SOK. ÇEYSA YAPI ÖNYA PARK B BLOK 9.KAT N0.45 KAYAPINAR DİYARBAKIR;(412) 2291121;www.pusulamarble.com;pusulamarble.com;İMİB - İstanbul Maden İhracatçıları Birliği
PUZZOBET MİNERALLERİ ZENGİNLEŞTİRME KİMYEVİ MADDELER SANAYİ VE TİCARET A.Ş.;FİKİRTEPE MAH. RÜZGAR SOK. A2 BLOK NO : 44/ B KADI KADIKÖY İSTANBUL;(216) 3452495;;;İMİB - İstanbul Maden İhracatçıları Birliği
PÜRKAY BOYA VE KIMYA SAN.A.Ş.;SELANIK BULV. GOKSIN SOK. NO:4 KEMERBURGAZ EYÜP İSTANBUL;02123600049;www.purkay.com;purkay.com;İMİB - İstanbul Maden İhracatçıları Birliği
PYROCOPPER GLOBAL ENRJİ METAL MADEN İTHALAT İHRACAT SANAYİ VE TİCARET ANONİM ŞİRKETİ;19 MAYIS MAH. DERE SOKAK SEYFİ BEY İŞ HANI NO :23/1/11 ŞİŞLİ İSTANBUL;(212) 0000000;https://pyrocopperglobal.com/;pyrocopperglobal.com;İMİB - İstanbul Maden İhracatçıları Birliği
PYROTEK REFRAKTER SANAYİ VE TICARET LİMİTED ŞİRKETİ;MERKEZ MAH. SIRACEVIZLER CAD.BALIKÇIOĞLU APT. K.5 D. 9 NO.14-16 ŞİŞLİ İSTANBUL;(212) 2338898;;;İMİB - İstanbul Maden İhracatçıları Birliği
PYX KOZMETİK TİCARET LİMİTED ŞİRKETİ;ASIK VEYSEL MAH. KEMAL SUNAL SK.SEMERKAND RESIDENCNO: 3 IÇ KAPI NO: 33 ESENYURT İSTANBUL;(212) 8758151;;;İMİB - İstanbul Maden İhracatçıları Birliği
QARAR ALAQARİA EMLAK İNŞAAT TURİZM PAZARLAMA DIŞ TİCARET VE SANAYİ LİMİTED ŞİRKETİ;DÖNGEL MAH.EFSANE SK.F BLOK NO:16 /1F İÇ KAPI NO.1 BAŞİSKELE KOCAELİ;(262) 3211133;;;İMİB - İstanbul Maden İhracatçıları Birliği
QIS INVESTMENT GAYRİMENKUL İNŞAAT TURİZM İTHALAT VE İHRACAT SANAYİ VE TİCARET LİMİTED ŞİRKETİ;MERKEZ MAH. AKAR CAD. TOWERS RESİDANS NO:3/42 ŞİŞL ŞİŞLİ İSTANBUL;(212) 6640603;;;İMİB - İstanbul Maden İhracatçıları Birliği
QİS YAPI KİMYASALLARI ANONİM ŞİRKETİ;KARADENİZLİLER MAH. ORDULU CAD. 2 BBLOK NO:57/5 BAŞİSKELE KOCAELİ;(262) 6550013;www.qisturkiye.com;qisturkiye.com;İMİB - İstanbul Maden İhracatçıları Birliği
QST DOĞAL TAŞ DIŞ TİCARET VE DANIŞMANLIK LİMİTED ŞİRKETİ;KIZILIRMAK MAHALLESİ DUMLUPINAR BULVARINEXT LEVEL NO:3A İÇ KAPI NO :10 ÇANKAYA ANKARA;(312) 9116893;;;İMİB - İstanbul Maden İhracatçıları Birliği
QTY GLOBAL INSAAT MALZEMELERI MAKINE SANAYI VE TICARET LIMITED SIRKETI;KEMALPASA MAH. 18 SEKBANLAR SK. SEKBAN AP. NO: 16 IÇ KAPI NO: 6 FATİH İSTANBUL;(212) 0000000;;;İMİB - İstanbul Maden İhracatçıları Birliği
QUANTUMCCM KIMYA SANAYI VE TICARET ANONIM SIRKETI;FERHATPASA SB MAH. GONCA SK. I. KISIM ISBAS BETONARME DEPO NO: 4 IÇ KAPI NO: B06 ÇATALCA İSTANBUL;(212) 0000000;;;İMİB - İstanbul Maden İhracatçıları Birliği
QUEENTEX KİMYA BOYA TEKSTİL SAN. VE TİC. LTD. ŞTİ.;KAYABAŞI MAH. SAFAHAT SK. 18.BÖLGE 1.ETAP C1NO:10/9 BAŞAKŞEHİR İSTANBUL;;www.queentexkimya.com.tr;queentexkimya.com.tr;İMİB - İstanbul Maden İhracatçıları Birliği
R ACTIVE KİMYA LABORATUVAR MALZEMELERİ İÇ VE DIŞ TİCARET LİMİTED ŞİRKETİ;ADNAN KAHVECİ MAH., İNÖNÜ CAD.A-2 BLOK 85/3 DAİRE.13 BEYLİKDÜZÜ İSTANBUL;(212) 3832728;;;İMİB - İstanbul Maden İhracatçıları Birliği
RADA DESIGN TASARIM MİMARLIK SAN. VE TİC. LTD. ŞTİ.;CEVİZLİ MAH.ZUHAL CAD.NO:46/A/117 MALTEPE İSTANBUL;;;;İMİB - İstanbul Maden İhracatçıları Birliği
RADOMER SAGLIK HİZMETLERİ VE DANIŞMANLIK TİCARET LİMİTED ŞİRKETİ;SEHREMINI MAH. KÖPRÜLÜ MEHMETPASA SK. NO: 19 B FATİH İSTANBUL;(212) 0000000;;;İMİB - İstanbul Maden İhracatçıları Birliği
RADÖKSAN METALURJİ VE MADEN SAN. TİC. LTD. ŞTİ.;DİLOVASI ORG. SAN. BÖL. 4. KISIM D-4004 SOK. NO:4 D:1 DİLOVASI KOCAELİ;(262) 5675100;;;İMİB - İstanbul Maden İhracatçıları Birliği
RADYANCI ENDÜSTRİYEL MUTFAK CİHAZLARI İTHALAT İHRACAT SANAYİ VE TİCARET LİMİTED ŞİRKETİ;HALİL RIFAT PAŞA MH YÜZER HAVUZ SK PERPA TİC MERKEZİ B BLOK KAT:2/35 KASIMPAŞA BEYOĞLU İSTANBUL;;www.radyanci.com;radyanci.com;İMİB - İstanbul Maden İhracatçıları Birliği
RAFİNE BİLLUR TUZ SANAYİ ANONİM ŞİRKETİ;BARBAROS BULV. NO:155/B BALMUMCU BEŞİKTAŞ İSTANBUL;(212) 2191065;www.billurtuz.com.tr;billurtuz.com.tr;İMİB - İstanbul Maden İhracatçıları Birliği
RA-KA İTHALAT İHRACAT İNŞAAT SANAYİ TİCARET LİMİTED ŞİRKETİ;19 MAYIS MH.19MAYIS CD.DR.ISMET OZTURK SK.N:8 SAHIN APT. ŞİŞLİ İSTANBUL;02122919977;www.ra-ka.com.tr;ra-ka.com.tr;İMİB - İstanbul Maden İhracatçıları Birliği
RAKSMAR MADENCILIK VE DIS TIC. LTD.STI.;YENİDOĞAN MAH.MERMERCİLER CAD.NO:39 SANCAKTEPE İSTANBUL;(216) 4455123;www.raksmar.com;raksmar.com;İMİB - İstanbul Maden İhracatçıları Birliği
RAM DIŞ TİCARET A.Ş.;RUZGARLIBAHCE KAVACIK KAVSAGIENERGY PLAZA K.2 BEYKOZ İSTANBUL;(216) 5381100;www.ram.com.tr;ram.com.tr;İMİB - İstanbul Maden İhracatçıları Birliği
RAMAZAN ÜNALAN;MERSAN MUTFAK - MALTEPE MAH. FAZIL PAŞA CD. SANAYİ SİTESİ N.12/33 ZEYTİNBURNU İSTANBUL;(212) 6035844;;;İMİB - İstanbul Maden İhracatçıları Birliği
RAMEKS ALÜMİNYUM SANAYİ VE TİCARET LİMİTED ŞİRKETİ;ÇAVUŞOĞLU MAH. YAKACIK CAD. NO: 128/2 KARTAL İSTANBUL;(216) 4515390;;;İMİB - İstanbul Maden İhracatçıları Birliği
RAMS GLOBAL İNŞAAT SAĞLIK DIŞ TİCARET ANONİM ŞİRKETİ;BÜYÜKDERE MAH AHİLER ÇIKMAZI SOK. NO: 19 SARIYER İSTANBUL;(212) 0000000;;;İMİB - İstanbul Maden İhracatçıları Birliği
RAN DİZEL MOTOR SANAYİ VE TİCARET LTD.ŞTİ.;ESENKENT MAH. ÇETİN EMEÇ CAD. YELİZ SOK. NO:11/10 ÜMRANİYE İSTANBUL;(216) 5900285;;;İMİB - İstanbul Maden İhracatçıları Birliği
RAN MÜHENDİSLİK DANIŞMANLIK ELEKTRİK ELEKTRONİK GÜVENLİK SİSTEMLERİ SANAYİ VE TİC.LTD.ŞTİ.;HALİLRIFATPAŞA MAH. PERPA TİC. MERKEZİB BLOK NO:5 ŞİŞLİ İSTANBUL;(212) 3204180;;;İMİB - İstanbul Maden İhracatçıları Birliği
RAS METAL SAN.TİC. LTD ŞTİ;RAUF ORBAY CADDESİ NO : 4 YALI ATAKÖY SİTESİ C BLOK DAİRE 53 ATAKÖY BAKIRKÖY, İSTANBUL, TÜRKİYE BAKIRKÖY İSTANBUL;(212) 4250016;www.rasmetal.com.tr;rasmetal.com.tr;İMİB - İstanbul Maden İhracatçıları Birliği
RASA ENERJİ ÜRETİM A.Ş.;RÜZGARLIBAHÇE MAH.SELVİ ÇIKMAZI SOK.NO:10 BEYKOZ İSTANBUL;(216) 6810000;;;İMİB - İstanbul Maden İhracatçıları Birliği
RATEB METAL SANAYİ VE TİCARET LİMİTED ŞİRKETİ;CUMHURİYET MAH. İSMET İNÖNÜ CAD. NO:42 ÇAYIROVA KOCAELİ;(212) 8758151;;;İMİB - İstanbul Maden İhracatçıları Birliği
RAWAK DIŞ TİCARET LİMİTED ŞİRKETİ;ORUÇREİS MAH. TEKSTİLKENT CAD. B13 BLOK NO:10 İÇ KAPI NO:Z05 ESENLER /İSTANBUL PK:34235 ESENLER İSTANBUL;;;;İMİB - İstanbul Maden İhracatçıları Birliği
RAYES ENDÜSTRİYEL MİNERALLERİ SANAYİ VE TİCARET LİMİTED ŞİRKETİ;KAZIMİYE MAH. SALİH OMURTAK CAD. NO: 28 ÇORLU / TE ÇORLU TEKİRDAĞ;(282) 6732696;;;İMİB - İstanbul Maden İhracatçıları Birliği
RDL MİMARLIK MOBİLYA TASARIM VE İNŞAAT A.Ş.;İÇERENKÖY MAH. PROF.DR.ALİ NİHATTARLAN CAD. DEMİRCİOĞLU İŞ NO:108/3 ATAŞEHİR İSTANBUL;(216) 5457040;;;İMİB - İstanbul Maden İhracatçıları Birliği
RE GRUP ENDÜSTRİYEL ÜRÜNLER SANAYİ VE DIŞ TİCARET LİMİTED ŞİRKETİ;CEVIZLI MAH. TUGAY YOLU CAD. OFISIM ISTANBULA BLOKNO: 20 A IÇ KAPI NO: 41 MALTEPE İSTANBUL;(216) 7064367;http://www.bars.ge;bars.ge;İMİB - İstanbul Maden İhracatçıları Birliği
REA İNŞAAT SANAYİ VE TİCARET LİMİTED ŞİRKETİ;CUMHURİYET MH.SADIK ŞENDİL SK.İDİL SİT.C-D BLOKLARNO:4C ŞİŞLİ İSTANBUL;;;;İMİB - İstanbul Maden İhracatçıları Birliği
REAKSİYON KİMYA ANONİM ŞİRKETİ;ÖRNEKTEPE MAHALLESİ MAKSEM İŞ MERKEZİ NO:30 KAT:1 KERVANSARAY SOKAK SÜTLÜCE BEYOĞLU İSTANBUL;02124861720;www.reaksiyon.com.tr;reaksiyon.com.tr;İMİB - İstanbul Maden İhracatçıları Birliği
REALTAŞ GRANİT MERMER TİCARET VE SANAYİ LİMİTED ŞİRKETİ;ŞEYH ŞAMİL OSB. 2. SOKAK NO:1/1 MERKEZ SİVAS;(346) 0000000;http://www.realtas.com.tr;realtas.com.tr;İMİB - İstanbul Maden İhracatçıları Birliği
REBUL JCR KOZMETİK PAZARLAMA ANONİM ŞİRKETİ;ASAF CADDESİ AKBULUT PLAZA NO:1 KAT:4 VE 5 SEYRANTEPE KAĞITHANE İSTANBUL;(212) 2299790;;;İMİB - İstanbul Maden İhracatçıları Birliği
RECEP COŞKUN BOZANLI;YENİ MAHALLE MAH.,GALERİ CADDESİ NO 141, KÜÇÜKKÖY GAZİOSMANPAŞA İSTANBUL;(212) 5380560;;;İMİB - İstanbul Maden İhracatçıları Birliği
RECEP ERTEM İNŞAAT OTOMOTİV KUYUMCULUK VE TİCARET LİMİTED ŞİRKETİ;GÜNEY MAHALLESİ TINAZTEPE SOKAK NO : 10 KÖRFEZ KOCAELİ;(262) 5000071;;;İMİB - İstanbul Maden İhracatçıları Birliği
RECEP REHA DEMİRÖZ;ACIBADEM MAH. TEKİN SOK. NO. 7-A/4POSTA KODU:34718 KADIKÖY İSTANBUL;(216) 3401849;;;İMİB - İstanbul Maden İhracatçıları Birliği
RECEP YILMAZ;CAMİKEBİR MAH. ZİYA GÖKALP CAD. NO: 64 MENEMEN MENEMEN İZMİR;;;;İMİB - İstanbul Maden İhracatçıları Birliği
RECKİTT BENCKİSER EV VE HİJYEN ÜRÜNLERİ A.Ş.;ORTA MAH.DEMOKRASİ CAD BENCKİSER SİT. NO:92 TUZLA İSTANBUL;(212) 3299600;;;İMİB - İstanbul Maden İhracatçıları Birliği
REDE KIMYA URUNL.LTD.STI.;KADOSAN OTO SAN. SİT.U BLOK NO.3YUKARI DUDULLU KADIKÖY İSTANBUL;(216) 4664690;;;İMİB - İstanbul Maden İhracatçıları Birliği
REDİST KOZMETİK SANAYİ İÇ VE DIŞ TİCARET ANONİM ŞİRKETİ;HADIMKÖY MAH. AHİ EVRAN SOK. NO:1/8 BÜYÜKÇEKMECE İSTANBUL;(212) 5520419;;;İMİB - İstanbul Maden İhracatçıları Birliği
REDRİNGS KOZMETİK AMBALAJ SANAYİ VE TİCARET LİMİTED ŞİRKETİ;MERKEZ MAH. AYAZMA CAD. NEF 11 SİTESİ D BLOKNO:21/46 KAĞITHANE İSTANBUL;(212) 8031020;www.basakmarketing.com;basakmarketing.com;İMİB - İstanbul Maden İhracatçıları Birliği
REEL MOBİLYA ORMAN ÜRÜNLERİ SAN.VE TİC.LTD.ŞTİ.;AKSE MAH. 538.SOKAK NO:12/2 ÇAYIROVA GEBZE KOCAELİ;(262) 7444615;;;İMİB - İstanbul Maden İhracatçıları Birliği
REEL TUZ KİMYA GIDA MADEN İNŞ. TAR. ÜRN. OTO TAŞ. TUR. PAZ. SAN. VE TİC. LTD. ŞTİ.;M.AKİF MH.FAHARİYE CD.N:121İKİTELLİ KÜÇÜKÇEKMECE İSTANBUL;(212) 4942304;www.reeltuz.com;reeltuz.com;İMİB - İstanbul Maden İhracatçıları Birliği
REFINETECC MADEN VE MÜHENDİSLİK SANAYİ TİCARET LİMİTED ŞİRKETİİ;TEPECİK MAH. ACISU SK. NO:2 İÇ KAPI NO:5 İZMİT KOCAELİ;(262) 0000000;;;İMİB - İstanbul Maden İhracatçıları Birliği
REFİZ REFRAKTER VE İZOLASYON MONTAJ TEKSTİL DANIŞMANLIK HİZMETLERİ SANAYİ TİCARET LİMİTED ŞİRKETİ;EĞİTİM MAHALLESİ 1. AÇIKGÖZ SOKAK ATAK PLAZA NO:4/17 KADIKÖY İSTANBUL;(216) 3385581;www.refiz.com;refiz.com;İMİB - İstanbul Maden İhracatçıları Birliği
REFORM İNŞAAT TURİZM İTHALAT VE İHRACAT ANONİM ŞİRKETİ;"OSMANAĞA MAH. PAZ&LT;AR YOLU SK. EKİZOĞLU İŞ HANINO: 2/11 KADIKÖY İSTANBUL";(216) 6348004;;;İMİB - İstanbul Maden İhracatçıları Birliği
REİSOĞLU MERMER SANAYİ VE TİCARET LİMİTED ŞİRKETİ;ZÜHTÜPAŞA MAH. BAĞDAT CADDESİ VEYSELBEY APT NO:82/1 KADIKÖY İSTANBUL;(272) 3413030;www.efesusstone.com;efesusstone.com;İMİB - İstanbul Maden İhracatçıları Birliği
REMAR STONE DIŞ TİCARET SAN. LTD. ŞTİ.;DİKİLİTAŞ MAH.EMİRHAN CAD. KARDEŞLER SOK. EMİROĞLU APT. K:7 BEŞİKTAŞ İSTANBUL;;;;İMİB - İstanbul Maden İhracatçıları Birliği
REMET METAL SAN. VE TİC. LTD.ŞTİ.;KUŞTEPE MH MECİDİYEKÖY YOLU CD TRUMP TOWER BLOK NO:12/377 KULE 1 2704 MECİDİYEKÖY ŞİŞLİ İSTANBUL;(212) 4811204;www.remet.com.tr;remet.com.tr;İMİB - İstanbul Maden İhracatçıları Birliği
REMIK KIMYA SANAYII VE TICARET A.S.;ESENLER MAH. KAHRAMANLAR CAD. NO:71 PENDİK İSTANBUL;(216) 3075040;www.remikkimya.com.tr;remikkimya.com.tr;İMİB - İstanbul Maden İhracatçıları Birliği
REMZİ ARITÜRK;İSTOÇ 17.ADA 18.YOL N:16 BAĞCILAR İSTANBUL;(212) 6774836;;;İMİB - İstanbul Maden İhracatçıları Birliği
RENAUDİN KOMPOZİT VE KİMYA SANAYİ TİCARET ANONİM ŞİRKETİ;AZİZİYE MAH AHENK SOK HAMAMCI AP NO:7/2 ÇANKAYA ANKARA;;;;İMİB - İstanbul Maden İhracatçıları Birliği
RENK BOYA OTOMOTİV TİC. VE SAN. LTD. ŞTİ.;ÇIRPICI YEDİKULE YOL AKINSAL SAN SİT EBL KAPI NO:28/29 ZEYTİNBURNU İSTANBUL;;;;İMİB - İstanbul Maden İhracatçıları Birliği
RENK PLASTİK GRANÜL SANAYİ VE TİCARET ANONİM ŞİRKETİ;ORTAKÖY MAH.YELDEĞİRMENİ CAD.NO:11 SİLİVRİ İSTANBUL;(212) 8581394;;;İMİB - İstanbul Maden İhracatçıları Birliği
REN-MED TIBBI URUNLER TICARET LTD.STI.;BIRLIK MAH 411 SOK 10/4 ÇANKAYA ANKARA;03124965407;www.renmed.com.tr;renmed.com.tr;İMİB - İstanbul Maden İhracatçıları Birliği
RENTAŞ MERMER MADEN SANAYİ VE TİCARET LİMİTED ŞİRKETİ;HÜRRIYET MAH YESILOVA CAD. NO:74 KARAMANLI BURDUR;(248) 5314202;www.rentas.com.tr;rentas.com.tr;İMİB - İstanbul Maden İhracatçıları Birliği
REPA İTHALAT VE İHRACAT LTD.ŞTİ.;T.H.Y. SİTESİ A BLOK D1/A ORTAKÖY BEŞİKTAŞ İSTANBUL;(212) 3279393;www.repa.com.tr;repa.com.tr;İMİB - İstanbul Maden İhracatçıları Birliği
REPICO KİMYA SANAYİ VE TİCARET ANONİM ŞİRKETİ;DERİ OSB MAHALLESİ VAKUM CADDESİ D-18 ÖZEL PARSEL BLOK NO:6 TUZLA İSTANBUL;(216) 3941050;;;İMİB - İstanbul Maden İhracatçıları Birliği
REPSAN OTOMOTİV DANIŞMANLIK MADENCİLİK VE PLASTİK SANAYİ TİCARET LİMİTED ŞİRKETİ;KUCUKKOY CEBECI CAD.NO.54 İSTANBUL;02126496865;;;İMİB - İstanbul Maden İhracatçıları Birliği
RESA MADENCİLİK TİC.VE SAN.LTD.ŞTİ.;GÜRSU MAH. 312. SK. MANOLYA APT. A BLOK NO:22/4 KONYAALTI ANTALYA;(242) 2595891;www.resastone.com;resastone.com;İMİB - İstanbul Maden İhracatçıları Birliği
RESPA KIMYA BOYA SAN.VE TIC. LTD.STI.;SARAY MEVKII GOCERLER KOYUPARSEL NO-56 SARAY TEKİRDAĞ;02827986889;www.respachemicals.com;respachemicals.com;İMİB - İstanbul Maden İhracatçıları Birliği
RETRO CHAIR MOBİLYA VE ENDÜSTRİYEL MUTFAK EKİP.İTH.İHR.TİC.LTD.ŞTİ;CAMİİKEBİR MAH.KASIMPAŞA TABAKHANE CAD.MUHARREM ÇEKİCİ APT NO:16 A BEYOĞLU İSTANBUL BEYOĞLU İSTANBUL;(212) 0000000;;;İMİB - İstanbul Maden İhracatçıları Birliği
RETROSTONE DIŞ TİCARET LİMİTED ŞİRKETİ;ATAKÖY 7-8-9-10. KISIM MAH. ÇOBANÇEŞME E-5 YAN YOLCAD. NEF B BLOK NO: 22 /2 İÇ KAPI NO: 309 BAKIRKÖY İSTANBUL;(212) 8771218;;;İMİB - İstanbul Maden İhracatçıları Birliği
REYHAN HALİÇ MERMER İNŞAAT İHRACAT İTHALAT SANAYİ VE TİCARET LİMİTED ŞİRKETİ;SAHİL MAHALLESİ YASAMA SOKAK 9/3 ÇİFTLİKKÖY YALOVA;;;;İMİB - İstanbul Maden İhracatçıları Birliği
RFL AKVARYUM SİSTEMLERİ SAN.VE TİC.LTD ŞTİ;BAHÇEŞEHİR 2.KISIM MH.ANADOLU CD. VİLLA KARINCALAR SİT. VİLLA 34 BLOK NO:38/AK BAŞAKŞEHİR / İSTANBUL BAŞAKŞEHİR İSTANBUL;(212) 6606806;www.reeflowers.com;reeflowers.com;İMİB - İstanbul Maden İhracatçıları Birliği
RHI MAGNESİTA TURKEY REFRAKTER TİCARET ANONİM ŞİRKETİ;DUTLUCA MAHALLESİ İNÖNÜ İNÖNÜ ESKİŞEHİR;(222) 2110100;www.rhimagnesita.com;rhimagnesita.com;İMİB - İstanbul Maden İhracatçıları Birliği
RIDVAN MERMER DIŞ TİCARET LİMİTED ŞİRKETİ;FINDIKZADE MİLLET CAD. LÜTUF PAŞA SOK.HACIBEY İŞHANI NO.54/10 FATİH İSTANBUL;(212) 6350887;;;İMİB - İstanbul Maden İhracatçıları Birliği
RISE MADENCILIK SANAYI VE TICARET ANONIM SIRKETI;BARBAROS BULVARI MORBASAN SOKAK KOZA İŞ MERKEZİ C BLOK BEŞİKTAŞ İSTANBUL;(212) 7082221;;;İMİB - İstanbul Maden İhracatçıları Birliği
RITIM GRUP TIBBI CIH.ELK.SAN.TİC.A.Ş.;İVEDİK O.S.B 2224.CD. NO:1/216PK:06378 YENİMAHALLE ANKARA;(312) 2560030;www.ritimport.com;ritimport.com;İMİB - İstanbul Maden İhracatçıları Birliği
RIVAN DIŞ TİCARET LİMİTED ŞİRKETİ;BARBOROS HAYRETTİN PAŞA MAH.1997. SKPARK KONUTLARI A BLOK NO:3 B İÇ KAPI NO:15 ESENYURT İSTANBUL;(212) 0000000;;;İMİB - İstanbul Maden İhracatçıları Birliği
RİGEL GLOBAL LOJİSTİK İÇ VE DIŞ TİCARET LİMİTED ŞİRKETİ;MEVLANA MAHALLESİ YILDIRIM BEYAZIT CADDESİ. FUNDA1NO:2/3 İÇ KAPI NO: 25 ESENYURT İSTANBUL;(212) 6350154;;;İMİB - İstanbul Maden İhracatçıları Birliği
RİVA POLİMER KİMYA SANAYİ VE TİCARET LİMİTED ŞİRKETİ;ORHANGAZİ MAH.1725.SOK. 38. BLOK NO:83/1 ESENYURT İSTANBUL;;;;İMİB - İstanbul Maden İhracatçıları Birliği
RİVAS İNŞAAT SANAYİ VE TİCARET LİMİTED ŞİRKETİ;OSMANGAZİ MAH. HADIMKÖY YOLU CAD. NO: 52 ESENYURT İSTANBUL;(212) 5610762;;;İMİB - İstanbul Maden İhracatçıları Birliği
RMC TURKEY AHŞAP KORUMA SİST. ORM. ÜRÜN. SANAYİ VE TİCARET A.Ş.;S. YENİ M. BALIKESİR C. CD 1 A-B NO:44 KARTAL İSTANBUL;(216) 2901336;;;İMİB - İstanbul Maden İhracatçıları Birliği
RMF GROUP İNŞAAT SANAYİ VE TİCARET LİMİTED ŞİRKETİ;TOMTOM MAH. İSTİKLAL CAD. BEYOĞLU İŞ MERKEZİBLOK NO:187 İÇ KAPI NO:147 BEYOĞLU İSTANBUL;(262) 4084946;;;İMİB - İstanbul Maden İhracatçıları Birliği
ROBOTZADE ROBOT TEKNOLOJİLERİ ELEKTRONİK SAN. VE DIŞ. TİC. LTD. ŞTİ.;PERPA TİCARET MERKEZİ B BLOK KAT:8 NO:871PK:34384 ŞİŞLİ İSTANBUL;(212) 2204449;www.robotzade.com;robotzade.com;İMİB - İstanbul Maden İhracatçıları Birliği
ROCHE DİAGNOSTİCS TURKEY A.Ş.;ESENTEPE MAHALLESİ KIRGÜLÜ SOKAK NO:4 ESENTEPE ŞİŞLİ İSTANBUL;(212) 3060606;www.roche.com;roche.com;İMİB - İstanbul Maden İhracatçıları Birliği
ROD MERMER MADENCİLİK SAN. VE TİC. LTD. ŞTİ.;KOŞUYOLU MAH.İSMAİL PAŞA SOK.N:67İÇ KAPI NO:1 KADIKÖY İSTANBUL;;;;İMİB - İstanbul Maden İhracatçıları Birliği
ROGI İNŞAAT AHŞAP MİMARLIK PROJE UYGULAMA LİMİTED ŞİRKETİ;FERHATPAŞA MAH. AKDENİZ CAD G-61 SOK. NO.6 ATAŞEHİR İSTANBUL;(216) 6613273;www.rogi.com.tr;rogi.com.tr;İMİB - İstanbul Maden İhracatçıları Birliği
ROGİ YAPI TAAHHÜT VE DIŞ TİCARET LİMİTED ŞİRKETİ;ATAŞEHİR FERHATPAŞA 61.SOK.N:6-8 ATAŞEHİR İSTANBUL;(216) 6613273;www.smatdt.com.tr;smatdt.com.tr;İMİB - İstanbul Maden İhracatçıları Birliği
ROK-MER INSAAT MADENCILIK SAN. VE TIC.LTD.STI.;İSTİKLAL MAH. PLATİN SOK. NO:11 OSMANGAZİ BURSA;02242494261;;;İMİB - İstanbul Maden İhracatçıları Birliği
RO-MER MERMER MADENCİLİK SANAYİ VE TİCARET LİMİTED ŞİRKETİ;ORGANIZE SAN.BOLGESI 8.YOL MERKEZ ELAZIĞ;(424) 2555473;www.romermarble.com;romermarble.com;İMİB - İstanbul Maden İhracatçıları Birliği
RONAS DİZAYN DIŞ TİCARET LİMİTED ŞİRKET;KİTELLİ OSB MAH. HESKOOP ÇARŞI BLOK SK. FUAR ÇARŞINO: 1 ÇRSIBLOK İÇ KAPI NO: 5 İKİTELLİ BAŞAKŞEHİR İSTANBUL;(212) 0000000;;;İMİB - İstanbul Maden İhracatçıları Birliği
ROPAŞ ENDÜSTRİYEL ÜRÜNLER SANAYİ VE TİCARET ANONİM ŞİRKETİ;ORGANIZE SAN.BOLG. 3.CAD. NO.1 YUKARIDUDULLU ÜMRANİYE İSTANBUL;(216) 3648760;;;İMİB - İstanbul Maden İhracatçıları Birliği
ROREN MÜCEVHERAT İTHALAT İHRACAT SANAYİ TİCARET LİMİTED ŞİRKETİ;YENİBOSNA MERKEZ MAHALLESİ, 29 EKİM CADDESİ, KUYUMCUKENT KOMPLEKSİ ATÖLYE BLOĞU, 1. KAT, 6. SOKAKNO:10. BAHÇELİEVLER İSTANBUL;(212) 9246422;http://roren.com.tr;roren.com.tr;İMİB - İstanbul Maden İhracatçıları Birliği
ROSELAY METAL DIŞ TİCARET LİMİTED ŞİRKETİ;MASLAK MAHALLESİ AHİ EVRAN CAD. OLİVE PLAZA 11/2 BİZWOLRD ODA:39 SARIYER İSTANBUL;(212) 0000000;;;İMİB - İstanbul Maden İhracatçıları Birliği
ROSTOCK KİMYA SANAYİ VE TİCARET ANONİM ŞİRKETİ;İDEALTEPE MAH. DİK SK. NO: 13 İÇ KAĞI NO: 2 MALTEPE İSTANBUL;;;;İMİB - İstanbul Maden İhracatçıları Birliği
ROTA MADENCILIK TARIM HAYV.PAZ VE NAKL.DIS TIC.A.S.;TÜTÜNCÜ MEHMET EFENDI CAD.TEPE APT.A BL.NO.96 D:5 GÖZTEPE KADIKÖY İSTANBUL;(216) 3851600;www.rotamadencilik.com.tr;rotamadencilik.com.tr;İMİB - İstanbul Maden İhracatçıları Birliği
ROTA MERMER SANAYİ İTHALAT VE İHRACAT LTD. ŞTİ.;İHSANİYE MAH. İZMİR YOLU CAD. ATALAY 7 SİT. B BLOKNO.114 K.7 D.23 NİLÜFER BURSA;(224) 2402006;www.rotamermer.com.tr;rotamermer.com.tr;İMİB - İstanbul Maden İhracatçıları Birliği
ROTA MÜHENDİSLİK VE ENERJİ SİSTEMLERİ SANAYİ TİCARET ANONİM ŞİRKETİ;ŞERİFALİ MAH. ÇETİN CAD. KIZ KALESİ SOK. NO:1/A KAT:8 ÜMRANİYE İSTANBUL;(216) 5933111;www.rotaeng.com;rotaeng.com;İMİB - İstanbul Maden İhracatçıları Birliği
ROTAMAT ETİKET VE MATBAA MALZEMELERİ SANAYİ TİCARET LİMİTED ŞİRKETİ;YAKUPLU MAHALLESİ 194.SOKAK NO:1/264 BEYLİKDÜZÜ İSTANBUL;(212) 4853939;;;İMİB - İstanbul Maden İhracatçıları Birliği
ROTASEAL SIZDIRMAZLIK SİSTEMLERİ ANONİM ŞİRKETİ;ÖMERLİ MAH. MISIR SK. NO:10 DAİRE:1 ARNAVUTKÖY İSTANBUL;(212) 6712210;;;İMİB - İstanbul Maden İhracatçıları Birliği
ROYAL OTOMOTIV MAK.VE YED.PAR. SAN.VE TIC.LTD.STI.;İKİTELLİ OSB MH ESKOOP SANAYİ SİTESİ A2-1 BLOK NO:92 İKİTELLİ BAŞAKŞEHİR İSTANBUL;(212) 6717990;www.royalotomotiv.com;royalotomotiv.com;İMİB - İstanbul Maden İhracatçıları Birliği
ROYGOLD KUYUMCULUK SANAYİ VE TİCARET LİMİTED ŞİRKETİ;19 MAYIS MAH. HALASKARGAZİ CAD. ÜNSAL ÇARŞISI NO: 172 İÇ KAPI NO: 87 ŞİŞLİ İSTANBUL;(212) 0000000;;;İMİB - İstanbul Maden İhracatçıları Birliği
RÖNESANS MEA İNŞAAT ANONİM ŞİRKETİ;Y.AYRANCI REFİK BELENDİR SOK. NO:110/4 ÇANKAYA ANKARA;(312) 4413141;;;İMİB - İstanbul Maden İhracatçıları Birliği
RS ENDÜSTRİ EKİPMANLARI VE HIRDAVAT TİCARET LİMİTED ŞİRKETİ;İOSB BAĞCILAR GÜNGÖREN 8.BL BAĞCILAR GÜNGÖREN ST.N.45 BAŞAKŞEHİR BAŞAKŞEHİR İSTANBUL;;;;İMİB - İstanbul Maden İhracatçıları Birliği
RSL YAPI VE MAKİNA SAN. VE TİC. LTD. ŞTİ.;CUMHURİYET MAH. 1988 SOK. PAPATYA REREZİDANS NO:4K:10 D:131 ESENYURT İSTANBUL;(212) 8532207;;;İMİB - İstanbul Maden İhracatçıları Birliği
RST DANIŞMANLIK MÜHENDİSLİK A.Ş.;SUADİYE MAH.HASAN BEDRETTİN SK NO:4/8 KADIKÖY İST KADIKÖY İSTANBUL;(216) 8218068;;;İMİB - İstanbul Maden İhracatçıları Birliği
RSY FİLO ARAÇ KİRALAMA OTOMOTİV VE LOJİSTİK TİCARET LİMİTED ŞİRKETİ;NECİP FAZIL MH CUMALİ SK NO:1/1 İÇKAPI : 1 ÜMRANİYE İSTANBUL;;;;İMİB - İstanbul Maden İhracatçıları Birliği
RUA MAKİNA DIŞ TİCARET LTD. ŞTİ.;MERKEZ MAH. AĞAOĞLU MY OFF 212 NO:3 B BLOK K:23 D:379 BAĞCILAR İSTANBUL;(212) 7779990;;;İMİB - İstanbul Maden İhracatçıları Birliği
RUBIBRANDS ELEKTRONIK TICARET VE BILISIM HIZMETLERI A.Ş.;NISBETIYE MAH.FECRI EBCIOGLU SK.NO:4/3 BEŞİKTAŞ İSTANBUL;(212) 2847824;http://www.rubibrands.com;rubibrands.com;İMİB - İstanbul Maden İhracatçıları Birliği
RUBİC YAPI DIŞ TİCARET ANONİM ŞİRKETİ;İCADİYE MAH. İCADİYE HAMAMI K. NO:40/1 ÜSKÜDAR İSTANBUL;(216) 3100005;;;İMİB - İstanbul Maden İhracatçıları Birliği
RUBİKON KİMYA SANAYİ VE TİCARET LİMİTED ŞİRKETİ;GAZİ MUSTAFA KEMAL MAH. 4125 SK. B BLOK NO: 9 /1C MENEMEN İZMİR;(232) 4649130;;;İMİB - İstanbul Maden İhracatçıları Birliği
RUBY MİNİNG İTHALAT VE İHRACAT LİMİTED ŞİRKETİ;HUZUR MAH. AZERBAYCAN CD. B BLOKNO: 4B İÇ KAPI NO: 26 SARIYER İSTANBUL;(212) 0000000;;;İMİB - İstanbul Maden İhracatçıları Birliği
RUDİS ULUSLARARASI TİCARET VE LOJİSTİK ANONİM ŞİRKETİ;ACIBADEM MAHALLESİ, ÇEÇEN SOKAK AKASYA AVM ÜSKÜDAR İSTANBUL;(216) 0000000;;;İMİB - İstanbul Maden İhracatçıları Birliği
RULOPAK HİJYEN SİSTEMLERİ ANONİM ŞİRKETİ;BEYLİKDÜZÜ OSB MAH.ORKİDE CD.N: 16 BEYLİKDÜZÜ-İSTANBUL BEYLİKDÜZÜ OSB MAHALLESİ 34524 BEYLİKDÜZÜ, İS YAKUPLU BEYLİKDÜZÜ İSTANBUL;(212) 8758500;www.rulopak.com;rulopak.com;İMİB - İstanbul Maden İhracatçıları Birliği
RÜYA İÇ VE DIŞ TİC. İNŞAAT SAN. LTD. ŞTİ.;MALTEPE MAH. YEDİKULE ÇIRPICI YOL SOK AVRUPA KONUTLARI KALE N:2 ZEYTİNBURNU İSTANBUL;(212) 6333565;;;İMİB - İstanbul Maden İhracatçıları Birliği
RÜZGAR AMBALAJ TEMİZLİK ÜRÜNLERİ VE DIŞ TİCARET LİMİTED ŞİRKETİ;İKİTELLİ OSB MAH SEMT NO:3/C 420 BAŞAKŞEHİR İSTANBUL;(212) 2026019;www.globallychem.com;globallychem.com;İMİB - İstanbul Maden İhracatçıları Birliği
RYS CATERING GIDA PETROL ÜRÜNLERİ SAN.VE TİC.LTD.ŞTİ;İKİTELLİ OSB MAH.ATATÜRK BULV. MAHMUT TORUNİŞ MERKEZİ NO:54/7 İÇ KAPI NO:15 BAŞAKŞEHİR İSTANBUL;(212) 6718267;www.arnikafood.com;arnikafood.com;İMİB - İstanbul Maden İhracatçıları Birliği
S 2000 SOĞUTMA SAN.TİC.LTD.ŞTİ;GÜRSEL MH.ŞEVKET PASA CD.NO.20/6 KAĞITHANE İSTANBUL;02122212620;www.s2000.com.tr;s2000.com.tr;İMİB - İstanbul Maden İhracatçıları Birliği
S D S METAL ÜRÜNLERİ SANAYİ VE DIŞ TİC.LTD.ŞTİ.;ÇAKMAKLI MAH.HADIMKÖY YOLU CAD. ALTUNKENT İŞ MERKEZİ NO:103/16 BÜYÜKÇEKMECE İSTANBUL;(212) 9511999;;;İMİB - İstanbul Maden İhracatçıları Birliği
S NOVAGROUP MÜHENDİSLİK MÜŞAVİRLİK ELEKTRİK SANAYİ VE TİCARET LİMİTED ŞİRKETİ;H.RIFAT PAŞA MAH PERPA TİCARET MERKEZİ A BLOK K:8N:766 OKMEYDANI ŞİŞLİ İSTANBUL;(212) 2102728;;;İMİB - İstanbul Maden İhracatçıları Birliği
SABA GRUP DIŞ TİCARET VE KİMYA SAN. LTD. ŞTİ.;AHMET YESEVİ MAH. İMAMI AZAM CAD. NO:86/11 PENDİK İSTANBUL;;;;İMİB - İstanbul Maden İhracatçıları Birliği
SABA KİMYA PAZ. SAN. VE TİC. LTD. ŞTİ;İNKILAP MAH. FEVZİPAŞA CAD. NO:55 ÜMRANİYE İSTANBUL;(216) 0000000;http://www.armokitty.com;armokitty.com;İMİB - İstanbul Maden İhracatçıları Birliği
SABAH ELEKTRONIK SANAYI VE TICARET ANONİM ŞİRKETİ;MÜEYYETZADE MAH. NECATİBEY CAD. ŞEREF HAN NO.1/28 BEYOĞLU İSTANBUL;(212) 2493363;;;İMİB - İstanbul Maden İhracatçıları Birliği
SABE GROUP TEKNOLOJİ ANONİM ŞİRKETİ;MAHMUTBEY MAH. 2416 SK.İSTOÇ NO: 4 / 58 BAĞCILAR İSTANBUL;(212) 5991777;;;İMİB - İstanbul Maden İhracatçıları Birliği
SAÇLI ENDÜSTRİYEL İMALAT VE MONTAJ SANAYİ VE TİCARET LİMİTED ŞİRKETİ;BURHANİYE MAH. YÜCEKÖK CAD. TOSUN KUTLUCA IŞ HANI BLOK NO: 42 İÇ KAPI NO: 107 CEYHAN ADANA;(232) 4227007;;;İMİB - İstanbul Maden İhracatçıları Birliği
SADETTİN DEMİREL;MEVLANA MAH. SULTAN AHMET CAD AKER B-3 BLOK BEYLİKDÜZÜ İSTANBUL;(212) 2724500;;;İMİB - İstanbul Maden İhracatçıları Birliği
SADRAZAM HEDİYELİK EŞYA İTHALAT İHRACAT SANAYİ VE TİCARET LİMİTED ŞİRKETİ;HACI KADIN MAH.ATATÜRK BULVARI İMÇ 5.BLOK NO:66-5555 FATİH İSTANBUL;(212) 5790141;;;İMİB - İstanbul Maden İhracatçıları Birliği
SAFER LOJİSTİK İTHALAT İHRACAT GIDA NAKLİYAT İNŞAAT TEKSTİL SANAYİ VE TİCARET LİMİTED ŞİRKETİ;İKİTELLİ OSB MAHALLESİ GİYİM SANATKARLARI 2 C BLOKSOKAK NO:609 BAŞAKŞEHİR İSTANBUL;(212) 5499211;;;İMİB - İstanbul Maden İhracatçıları Birliği
SAFIC ALCAN KİMYA SANAYİ VE TİCARET ANONİM ŞİRKETİ;İKİTELLİ ORG.SAN.BÖLG.ESKİ TURGUT ÖZAL CD.NO:8 D-BLOK KAT:4 NO:408 34490 BAŞAKŞEHİR, İSTANBUL, TÜRKİ İKİTELLİ BAŞAKŞEHİR İSTANBUL;(212) 5496950;www.safic-alcan.com.tr;safic-alcan.com.tr;İMİB - İstanbul Maden İhracatçıları Birliği
SAFİR İHRACAT A.Ş.;ATAKENT MH 221SK ROTA OFFİCE SİT 3/1 KAT:10 D:63 KÜÇÜKÇEKMECE İSTANBUL;(212) 5481144;www.safirihracat.com;safirihracat.com;İMİB - İstanbul Maden İhracatçıları Birliği
SAFİR STONE DOĞAL TAŞ SANAYİ VE TİCARET LİMİTED ŞİRKETİ;KARAAĞAÇ KÖYÜ KARAAĞAÇ KÖY SOKAK ( KÜME EVLER ) AS GOZDE MERMER APT. NO: 2 GÖLPAZARI BİLECİK;(021) 2875053;;;İMİB - İstanbul Maden İhracatçıları Birliği
SAFİR TUZ GIDA MADEN PAZARLAMA NAKLİYAT İNŞAAT İTHALAT İHRACAT SANAYİ VE TİC. A.Ş.;MUSTAFA KEMAL MAHALLESİ 2155.CADN:4/6 ÇANKAYA ANKARA;(312) 2853538;www.safirtuz.com.tr;safirtuz.com.tr;İMİB - İstanbul Maden İhracatçıları Birliği
SAFRAN SOLVENT BOYA KIMYA SAN.VE TIC.LTD.STI.;SEPETLIPINAR MAH. ARPALIK CAD. BASISKELEKÜÇÜKSANAYI SITESI 4.BLOK NO: 118 /4 IÇ KAPI NO: 1 BAŞİSKELE KOCAELİ;(262) 0000000;;;İMİB - İstanbul Maden İhracatçıları Birliği
SAHAN DIŞ TİCARET TURİZM VE DANIŞMANLIK LİMİTED ŞİRKETİ;MOLLA GÜRANİ MAHALLESİ OĞUZHAN CADDESİ NO:30 D:9 FATİH İSTANBUL;(212) 2534934;www.sahanexport.com;sahanexport.com;İMİB - İstanbul Maden İhracatçıları Birliği
SAHRA REKLAM VE ORG.LTD.ŞTİ;YILDIRIM MAH. ŞEHİT SADULLAH BALKAN SOK. NO:5-7 BAYRAMPAŞA BAYRAMPAŞA İSTANBUL;(212) 2815900;;;İMİB - İstanbul Maden İhracatçıları Birliği
SAINT GOBAIN WEBER YAPI KİMYASALLARI SANAYİ VE TİCARET ANONİM ŞİRKETİ;KEMALPAŞA OSB MAH. KUYUCAK YOLU SOK.NO.284 KEMALPAŞA İZMİR;02323970770;www.weber.com.tr;weber.com.tr;İMİB - İstanbul Maden İhracatçıları Birliği
SAİNT GOBAİN İNOVATİF MALZEMELERİ VE AŞINDIRICI SAN. TİC. A.Ş.;GOLD PLAZA, ALTAY ÇEŞME MAH. ÖZ SOK. NO:19/16MALTEPE - İSTANBUL KEMALPAŞA İZMİR;(216) 2171250;www.saint-gobain-abrasives.com;saint-gobain-abrasives.com;İMİB - İstanbul Maden İhracatçıları Birliği
SAİP DIŞ TİCARET VE PAZARLAMA LTD. ŞTİ.;PİRİMEHMETPAŞA MAH.HASKÖY CAD. ÜTÜCÜ FERHAT SOK.NO:1 K:4 BEYOĞLU İSTANBUL;02124440561;www.saip.com.tr;saip.com.tr;İMİB - İstanbul Maden İhracatçıları Birliği
SAKARYA MADENCİLİK İNŞAAT VE GIDA SANAYİ VE TİCARET LİMİTED ŞİRKETİ;ORG.S AN. BOL. 8.CAD. NO:32 Merkez ESKİŞEHİR;(222) 2213009;www.sakaryaminerals.com;sakaryaminerals.com;İMİB - İstanbul Maden İhracatçıları Birliği
SAKARYA ZIMPARA SAN. VE TİC. A.Ş.;ORTA MAH ATAYOLU CAD ORTİM SAN SİTESİ NO:13C/4 TUZLA İSTANBUL;(216) 3040367;;;İMİB - İstanbul Maden İhracatçıları Birliği
SAKURA KİMYA LİMİTED ŞİRKETİ;BARBAROS MAH. KARDELEN SK. PALLADIUM TOWER NO: 2 ATAŞEHİR İSTANBUL;;;;İMİB - İstanbul Maden İhracatçıları Birliği
SALİH EVKURAN;KEÇECİPİRİ MAH. OKMEYDANI CAD.NO:45 - HASKÖY BEYOĞLU İSTANBUL;(212) 2388664;;;İMİB - İstanbul Maden İhracatçıları Birliği
SALMARCON ENDÜSTRİYEL SAN. VE TİC. A.Ş.;DUDULLU MH. 103, SK. İMES SAN.SİT. A.BLOK 32/B 32 ÜMRANİYE İSTANBUL;(216) 6021400;;;İMİB - İstanbul Maden İhracatçıları Birliği
SALTAŞ MERMER SAN.VE TİC.A.Ş.;GAZİPAŞA MAH ATATÜRK BULVARI MERKEZ BİLECİK;(228) 2331757;;;İMİB - İstanbul Maden İhracatçıları Birliği
SALUTİS MERMER DIŞ TİCARET ANONİM ŞİRKETİ;FETHİYE MAH. SANAYİ CAD. CORNER PLUS İŞ FETHİYE MAH. SANAYİ CAD. CORNER PLUS İŞ MERKEZİ NO NİLÜFER BURSA;;;;İMİB - İstanbul Maden İhracatçıları Birliği
SALYANGOZ İNŞAAT SANAYİ TİCARET LİMİTED ŞİRKETİ;TUZLA MAHALLESI ÇEVRE YOLU CAD.NO:54 ADAPAZARI SAKARYA;(264) 0000000;;;İMİB - İstanbul Maden İhracatçıları Birliği
SAM MERMER MADENCİLİĞİ VE DIŞ TİCARET LTD.ŞTİ;GÖKEVLER MAH. 2312. SK. BURC İSTANBUL 18 BLOK NO: 18 J İÇ KAPI NO: 169 ESENYURT İSTANBUL;(212) 0000000;http://info@zentramarble.com;info@zentramarble.com;İMİB - İstanbul Maden İhracatçıları Birliği
SAMA YAHIA ELEKTRİK SANAYİ VE DIŞ TİCARET LİMİTED ŞİRKETİ;KEMALPAŞA MAH ATATÜRK BULVARI EMLAK BANK APTNO:34/13 FATİH-İSTANBUL FATİH İSTANBUL;(212) 5120104;;;İMİB - İstanbul Maden İhracatçıları Birliği
SAMER MADENCİLİK SANAYİ VE TİCARET ANONİM ŞİRKETİ;AŞAĞI ÖVEÇLER MAHALLESİ 1314 CADN:4/12 ÇANKAYA ANKARA;;;;İMİB - İstanbul Maden İhracatçıları Birliği
SAMET SOYLU;DUMLUPINAR MAH.SADAKAT SOK. NO:30/1 ÜMRANİYE İSTANBUL;(216) 0000000;;;İMİB - İstanbul Maden İhracatçıları Birliği
SAMSUN MEDİKAL GRUP ÖZEL SAĞLIK HİZM. A.Ş.;MİMAR SİNAN MAH.ALPARSLAN BULV.N:17 ATAKUM SAMSUN;(362) 3114040;www.medicalpark.com.tr;medicalpark.com.tr;İMİB - İstanbul Maden İhracatçıları Birliği
SAMSUNG ELECTRONICS ISTANBUL P AZ.VE TIC.LTD.STI.;OTAKÇILAR CAD. NO: 78 FLATOFİS İŞ MERKEZİ KAT: 3 NO: B3 ? KAT: 4 NO: 59 / 1 EYÜP İSTANBUL;(212) 4670600;www.samsung.com;samsung.com;İMİB - İstanbul Maden İhracatçıları Birliği
SAMTAŞ ABRASİV SANAYİ VE TİCARET LTD.ŞTİ.;SANAYİ CAD. ALTAY SOK. NO:6 ÇOBANÇEŞME BAHÇELİEVLER İSTANBUL;(212) 5512281;www.samtasabrasiv.com;samtasabrasiv.com;İMİB - İstanbul Maden İhracatçıları Birliği
SANİFOAM ENDÜSTRİ VE TÜKETİM ÜRÜNLERİ SANAYİ VE TİCARET ANONİM ŞİRKETİ;GÜNEŞLİ EVREN MH. BAHAR CD. POLAT İŞ MERKEZİ B BLOK NO :22 K.2 GÜNEŞLİ BAĞCILAR ÇERKEZKÖY TEKİRDAĞ;(212) 4385300;www.sanifoam.com.tr;sanifoam.com.tr;İMİB - İstanbul Maden İhracatçıları Birliği
SANKUR ENERJİ SANAYİ TİCARET ANONİM ŞİRKETİ;ÖMERAĞA MAH. CEMİL KARAKADILAR CAD. NO:8/6 İZMİT KOCAELİ;(262) 0000000;;;İMİB - İstanbul Maden İhracatçıları Birliği
SANTA BARBARA TAŞ VE MERMER TİCARET İTHALAT İHRACAT LİMİTED ŞİRKETİ;ŞABANOĞLU MAH. ATATÜRK BULV. NO:224A TEKKEKÖY SAMSUN;(362) 0000000;;;İMİB - İstanbul Maden İhracatçıları Birliği
SANTEK SOGUTMA SISTEMLERI VE ENDÜSTRIYEL MUTFAK EKIPMANLARI SANAYI TICARET LIMITED SIRKET;TÜRKOBA MAH. KEVSER SOK. NO:39/1 BÜYÜKÇEKMECE İSTANBUL;(212) 8891925;www.santekendmutfak.com;santekendmutfak.com;İMİB - İstanbul Maden İhracatçıları Birliği
SANTES ULUSLAR ARASI MÜH.SAN.VE TİC LTD.ŞTİ;DUDULLU O.S.B DES SANAYİ SİT A11 BLOK 107 SK NO:26 34775 Y. DUDULLU İSTANBUL ÜMRANİYE İSTANBUL;(216) 0000000;;;İMİB - İstanbul Maden İhracatçıları Birliği
SANTOZ SANAYİ TOZLARI SAN. VE .TİC.LTD.ŞTİ;PELİTLİ MAH. 4408 SK. - NO :12 / A GEBZE KOCAELİ;;;;İMİB - İstanbul Maden İhracatçıları Birliği
SAPAR MAK.HIRD.HID.PNOMATIK SI S.END.MALZ.SAN.TIC.LTD.STI.;SULTAN ORHAN MAH.YENİ BAGDAT CAD.NO:482/A GEBZE KOCAELİ;02626441031;www.saparmakina.com.tr;saparmakina.com.tr;İMİB - İstanbul Maden İhracatçıları Birliği
SAR KİMYA SANAYİ MÜHENDİSLİK DANIŞMANLIK VE TİCARET ANONİM ŞİRKETİ;TUZLA KIMYACILAR ORG.SAN.BOL. TEPEÖREN MAHB 62 PARSEL TUZLA İSTANBUL;02165931670;www.sarchemicals.com;sarchemicals.com;İMİB - İstanbul Maden İhracatçıları Birliği
SAR TEKNOLOJİ LOJİSTİK SAN. VE GENEL TİC. LTD. ŞTİ.;İKİİTELLİ OSB. MAH. BEDRETTİN DALAN BLV. AKYAPINO:23/75 BAŞAKŞEHİR İSTANBUL;;;;İMİB - İstanbul Maden İhracatçıları Birliği
SARA HIRDAVAT SANAYİ VE TİCARET LİMİTED ŞİRKETİ;MAHMUTBEY MAH. 2449. SK. NO: 38 BAĞCILAR İSTANBUL;(212) 4704747;http://www.sarahirdavat.com.tr;sarahirdavat.com.tr;İMİB - İstanbul Maden İhracatçıları Birliği
SARAYLIOĞLU NAKLİYE VE DIŞ TİCARET LİMİTED ŞİRKETİ;MİMAR KEMALETTİN MAHALLESİ ORDU CADDESİ ÖZDEMİR MARMARA ÇARŞISI NO:9/67 FATİH İSTANBUL;(212) 5340883;;;İMİB - İstanbul Maden İhracatçıları Birliği
SAREDAR İNŞAAT LİMİTED ŞİRKETİ;KARLIBAYIR MAH. TAHSİN SK. NO:2/6 ARNAVUTKÖY İSTANBUL;;;;İMİB - İstanbul Maden İhracatçıları Birliği
SARI YILDIZ HIRDAVAT MERMER GRANİT MALZ. PAZAR. SAN. VE TİC. LTD. ŞTİ.;DUDULLU ORGANİZE SANAYİ BÖLGESİ İMES 402 SOK. D BLOK NO.8 ÜMRANİYE İSTANBUL;(216) 6616131;;;İMİB - İstanbul Maden İhracatçıları Birliği
SARIALEMDAROĞLU KİMYA TİCARET VE SANAYİ LİMİTED ŞİRKETİ;ORGANIZE DERI SANAYI BOLGESIO1 PARSEL 12.YOL TUZLA İSTANBUL;(216) 3942500;;;İMİB - İstanbul Maden İhracatçıları Birliği
SARIÇİÇEK HEDİYELİK EŞYA SANAYİ TİCARET LİMİTED ŞİRKETİ;SARIDEMİR MAH. UZUNÇARŞI CAD. NO:233/1 FATİH İSTANBUL;(212) 5273630;www.soagift.com;soagift.com;İMİB - İstanbul Maden İhracatçıları Birliği
SARITAS YAPI MALZ.INS.TAAH.VE TIC.SAN.LTD.STI.;ISTIKLAL MH.ALEMDAG CD.NO.348 ÜMRANİYE İSTANBUL;02164812738;www.saritasyapi.com.tr;saritasyapi.com.tr;İMİB - İstanbul Maden İhracatçıları Birliği
SARKUYSAN ELEKTROLİTİK BAKIR SANAYİ VE TİCARET ANONİM ŞİRKETİ;EMEK MAH. ASİROGLU CAD. NO:147 DARICA KOCAELİ;(262) 6766600;www.sarkuysan.com;sarkuysan.com;İMİB - İstanbul Maden İhracatçıları Birliği
SARLİ İÇ VE DIŞ TİCARET LİMİTED ŞİRKETİ;CUMHURİYET MAH. GÜRPINAR YOLU CAD.BEYKENT İŞ MERK.NO:4/1 KAPINO:348 BÜYÜKÇEKMECE İSTANBUL;(212) 4854834;;;İMİB - İstanbul Maden İhracatçıları Birliği
SAROS ALÜMİNYUM İÇ VE DIŞ TİCARET LTD;YENİBOSNA MERKEZ MAH. MUŞTU SOKAK NO:4/A BAHÇELİEVLER İSTANBUL;(212) 0000000;;;İMİB - İstanbul Maden İhracatçıları Birliği
SAROS MAKİNA SAN. VE TİC. A.Ş.;ZAFER MAH.ŞEHİT YÜZBAŞI YÜCEL KENTER CAD.M7 A2 BLOK N:2-3 ÇORLU TEKİRDAĞ;(282) 6737884;www.sarosmakina.com;sarosmakina.com;İMİB - İstanbul Maden İhracatçıları Birliği
SARP MADEN MERMER İNŞAAT SANAYİ VE TİCARET ANONİM ŞİRKETİ;FEVZİ ÇAKMAK MAHALLESİ AYRANCI SOKAK NO:13/1 PENDİK İSTANBUL;(216) 3962651;http://www.sarpmaden.com;sarpmaden.com;İMİB - İstanbul Maden İhracatçıları Birliği
SARTEKS MAKİNA SAN.VE TİC.A.Ş;HACI SABANCI ORG.SAN.BÖLGESİCELAL BAYAR BULVARI NO:37 YAKAPINAR YÜREĞİR ADANA;(322) 3327050;;;İMİB - İstanbul Maden İhracatçıları Birliği
SASUCHEM KİMYA TİCARET LİMİTED ŞİRKETİ;ESATPAŞA MAH.GÜLMERCAN SOK.NO:21/7 ATAŞEHİR İSTANBUL;;;;İMİB - İstanbul Maden İhracatçıları Birliği
SATECH MİMARLIK SANAYİ TİCARET LİMİTED ŞİRKETİ;MEHMET AKİF MAH. FATİH BLV. NO:177 C SULTANBEYLİ İSTANBUL;(216) 7434361;;;İMİB - İstanbul Maden İhracatçıları Birliği
SAUNA DEKOR SAN.VE TIC A.Ş.;ORGANIZE SAN.BÖLG.METAL IŞSAN SIT.20.BL.NO 17-19 BAŞAKŞEHİR İSTANBUL;02125498784;www.saunadekor.com.tr;saunadekor.com.tr;İMİB - İstanbul Maden İhracatçıları Birliği
SAVA MADENCİLİK VE METALURJİ SANAYİ DIŞ TİCARET LİMİTED ŞİRKETİ;GÖKTÜRK MERKEZ MAH. 2.KAYIN SK. NO: 1 İÇ KAPI NO: 11 EYÜP İSTANBUL;(212) 2433316;;;İMİB - İstanbul Maden İhracatçıları Birliği
SAVA METAL A.Ş.;FERHATPAŞA MAH KARADENİZLİLER CD. G52. SK. NO 3-5 ATAŞEHİR İSTANBUL;(216) 6601111;www.savametal.com;savametal.com;İMİB - İstanbul Maden İhracatçıları Birliği
SAVASIR SONDAJCILIK ITH.IHRC. MADEN TIC.LTD.STI.;IST. ŞUBESI : ADNAN KAHVECICAD. BOĞAZIÇI SIT. A BLOK NO:5 SARIYER İSTANBUL;(212) 3221906;;;İMİB - İstanbul Maden İhracatçıları Birliği
SAVAŞ DÖŞEME MALZEMELERİ DIŞ TİCARET LİMİTED ŞİRKETİ;ORTA MAH. RIHTIM SK NO :8 BAYRAMPAŞA İSTANBUL;(212) 5019961;www.bomeks.com;bomeks.com;İMİB - İstanbul Maden İhracatçıları Birliği
SAVAŞ GRANİT MERMER SAN. VE TİC. LTD. ŞTİ.;FERHATPAŞA MAH.67. CAD. NO:14-16 FERHATPAŞA ATAŞEHİR İSTANBUL;(216) 3430316;;;İMİB - İstanbul Maden İhracatçıları Birliği
SAVAŞ METALURJİ ANONİM ŞİRKETİ;KEMALPAŞA MAH. ESKİ POSTANE SOK. NO:1/29 TEPECİK İZMİT KOCAELİ;;www.savasmetalurji.com;savasmetalurji.com;İMİB - İstanbul Maden İhracatçıları Birliği
SAY RAMAT KUYUMCULUK SAN. VE TİC. LTD. ŞTİ.;ORHANGAZİ MAH. 15. YOL SK. ISISO SNAYİ SİTESİ NO:5 34510 ESENYURT İSTANBUL;(212) 6230030;www.saymetal.com.tr;saymetal.com.tr;İMİB - İstanbul Maden İhracatçıları Birliği
SAYGIN BİTKİSEL HAYVANCILIK VE DOĞAL GIDA ÜRÜNLERİ SAN. VE TİC.LTD.ŞTİ.;ÇATALTEPE MAH. BESOB 4.SK. NO:9 KESTEL BURSA;(224) 3690751;www.saygingida.com;saygingida.com;İMİB - İstanbul Maden İhracatçıları Birliği
SAYIN PREFABRİK İNŞAAT SANAYİ VE TİCARET ANONİM ŞİRKETİ;ORG.SAN.BÖL.1.CAD.1.SOK.NO:45 AFYONKARAHİSAR AFYON;(272) 2211030;;;İMİB - İstanbul Maden İhracatçıları Birliği
SCHANALL ENDÜSTRİ ÜRÜNLERİ SANAYİ VE TİCARET ANONİM ŞİRKETİ;ÇEKİRGE MAH.ÇEKİRGE CAD. HAZNEDAROĞLU APT. NO:95 OSMANGAZİ BURSA;(224) 2333317;;;İMİB - İstanbul Maden İhracatçıları Birliği
SCREPO YÜZEY KAPLAMALARI SANAYİ VE TİCARET LİMİTED ŞİRKETİ;MUSTAFA KEMAL CAD. NO.45/AATATÜRK ATAŞEHİR ATAŞEHİR İSTANBUL;(216) 4202348;http://www.screpo.com;screpo.com;İMİB - İstanbul Maden İhracatçıları Birliği
SD GÖKSEL ENDÜSTRİYEL ÇÖZÜMLER SAN VE TİC LTD ŞTİ;DOĞANLAR MAH.OKUL SOK.NO:14-D BORNOVA İZMİR;2324621999;;;İMİB - İstanbul Maden İhracatçıları Birliği
SDF ENDÜSTRİ DIŞ TİCARET VE LOJİSTİK LİMİTED ŞİRKETİ;MASLAK MAH. AOS 55. SK. 42 MASLAK B BLOK NO: 4 İÇ KAPI NO: 542 SARIYER İSTANBUL;;http://www.sdfticaret.com;sdfticaret.com;İMİB - İstanbul Maden İhracatçıları Birliği
SDS EURASİA YAPI VE REKLAM ÜRÜNLERİ SANAYİ TİCARET LİMİTED ŞİRKETİ;BAĞLAR MH YALÇIN KOREŞ CD NO:16/4/11 BAĞCILAR İSTANBUL;(212) 6445556;www.sds.com.tr;sds.com.tr;İMİB - İstanbul Maden İhracatçıları Birliği
SDT MARBLE MADENCİLİK DEKORASYON SANAYİ VE TİCARET LİMİTED ŞİRKETİ;HÜRRİYET MAH 431.SOKAK NO 2/5 MERKEZ BİLECİK;;;;İMİB - İstanbul Maden İhracatçıları Birliği
SE GRANİT SANAYİ TİC. A.Ş.;YAKUPLU MAH. GÖÇMEN SK. DEPO NO: 2/2 BEYLİKDÜZÜ İSTANBUL;(212) 8767336;;;İMİB - İstanbul Maden İhracatçıları Birliği
SEDAT AKGÜL;YAVUZ SELİM MAH. 1006 SOKAK N:7/3 BAĞCILAR İSTANBUL;(212) 4372868;;;İMİB - İstanbul Maden İhracatçıları Birliği
SEDAT HÜNKAR;AKPINAR MAH.ŞEHİT YÜZB.DOĞAN SEVİNÇ CAD.NO:3/5 OSMANGAZİ BURSA;(224) 0000000;;;İMİB - İstanbul Maden İhracatçıları Birliği
SEDEFTAŞ MERMER VE MADENCİLİK İNŞAAT NAKLİYAT SANAYİ VE TİCARET LİMİTED ŞİRKETİ;HAMİDİYE MAH. YALINTAŞ CAD. NO:1 /B MUSTAFAKEMALPAŞA BURSA PK:16500 MUSTAFAKEMALPAŞA BURSA;(224) 0000000;;;İMİB - İstanbul Maden İhracatçıları Birliği
SEDIR SAUNA IMALAT VE OR.URUN. SAN.VE TIC.A.S.;GÜL SAN.SITESI S ADA 3.BLKNO.1 AKSU ISPARTA;02462241880;www.sedirsauna.com;sedirsauna.com;İMİB - İstanbul Maden İhracatçıları Birliği
SEGAY MAKİNA İML.VE MONT.SAN.LTD.ŞTİ.;MECLİS MAH.TERAZİLER CAD.SARI BELDE L23 NO:27 AD/15 SANCAKTEPE İSTANBUL;(216) 6422250;;;İMİB - İstanbul Maden İhracatçıları Birliği
SEGİ DIŞ TİCARET VE ORGANİZASYON HİZMETLERİ TİC.LTD.ŞTİ.;CADDEBOSTAN MAH. NOTER SK. BEKTAŞ APT. NO:2/3 KADIKÖY İSTANBUL;(216) 4642755;;;İMİB - İstanbul Maden İhracatçıları Birliği
SEL DIŞ TİCARET VE KİMYA SANAYİ A.Ş.;MASLAK MAH. SANATKARLAR SK. ECLİPSE MASLAK SİT. NO:2E/6 SARIYER İSTANBUL;(212) 4387538;www.selsil.com.tr;selsil.com.tr;İMİB - İstanbul Maden İhracatçıları Birliği
SELAHATTİN EREL;İNÖNÜ MAH. ERMİŞ SOKAK NO:5/*A KÜÇÜKÇEKMECE İSTANBUL;(212) 5800000;;;İMİB - İstanbul Maden İhracatçıları Birliği
SELAM MEDİKAL TAŞIMACILIK SAN. VE DIŞ TİC. LTD. ŞTİ;BARBAROS MAH. MUSTAFA PEHLİVAN SOK. NO: 3/2 PK:34662 ÜSKÜDAR/İSTANBUL ÜSKÜDAR İSTANBUL;(216) 3914718;;;İMİB - İstanbul Maden İhracatçıları Birliği
SELÇUKLU MERMER SANAYİ VE TİCARET ANONİM ŞİRKETİ;HADIMKÖY MAH.MUSTAFA INAN CAD. NO.20 HADIMKÖY(BOYALIK) ARNAVUTKÖY İSTANBUL;(212) 9313032;www.selcuklumermer.com;selcuklumermer.com;İMİB - İstanbul Maden İhracatçıları Birliği
SELDA YILMAZ;ÇİĞDEM MAH. TOPÇAMALTI SOK. NO:8/2 BEYKOZ İSTANBUL;(216) 5769300;;;İMİB - İstanbul Maden İhracatçıları Birliği
SELECTRON ELEKTROKIMYA SAN.VE TIC.LTD.ŞTI;HALKALI MERKEZ MAH ŞENGÜL SK N:6 KÜÇÜKÇEKMECE İSTANBUL;(212) 4700310;www.selectron.com.tr;selectron.com.tr;İMİB - İstanbul Maden İhracatçıları Birliği
SELİM YUNA;YILDIZ POSTA CD. NO: 26 AYYILDIZ SİTESİ B BLOK KAT:6 D:58 ŞİŞLİ İSTANBUL;(212) 2177217;www.accolink.com;accolink.com;İMİB - İstanbul Maden İhracatçıları Birliği
SELLWİN DANIŞMANLIK VE İNŞAAT LTD.ŞTİ.;ESENTEPE MAH. KELEBEK SK. MARMARA KULE NO:2 İÇ KAPI NO:91 KARTAL İSTANBUL;;;;İMİB - İstanbul Maden İhracatçıları Birliği
SELMAN İLHAN;ALİBEYKÖY MAH. ATATÜRK CAD. NO: 159 C EYÜP İSTANBUL;(212) 0000000;;;İMİB - İstanbul Maden İhracatçıları Birliği
SELVİ KİMYEVİ MADDELER METAL KUYUMCULUK SANAYİ TİCARET LİMİTED ŞİRKETİ;YENİBOSNA MERKEZ MAH. LADİN SK. NO: 4 İÇ KAPI NO: 1204 BAHÇELİEVLER İSTANBUL;(212) 5284072;http://www.selvikimya.com;selvikimya.com;İMİB - İstanbul Maden İhracatçıları Birliği
SEMBOL AMBLEM DEKORATİF EŞYA SAN. VE TİC. AŞ;MECLİS MH SEMİH SANCAR CD İLKNUR SK NO:10 SANCAKTEPE İSTANBUL;(216) 6214572;www.sembolamblem.com.tr;sembolamblem.com.tr;İMİB - İstanbul Maden İhracatçıları Birliği
SEMBOL ZÜCCACİYE DIŞ TİC. LTD. ŞTİ.;İSTOÇ MAHMUTBEY MH. 1 ADA NO:18-24 BAĞCILAR İSTANBUL;(212) 6596673;www.sembolithalat.com;sembolithalat.com;İMİB - İstanbul Maden İhracatçıları Birliği
SEMİH PURDE;AKŞEMSETTİN MAH. HAN SOK NO:17/5 ŞİŞLİ İSTANBUL;;;;İMİB - İstanbul Maden İhracatçıları Birliği
SEMİHA POLAT;ÜÇEVLER MAH.35.(220)SK.NO:16 D:1 NİLÜFER BURSA;(224) 4418571;;;İMİB - İstanbul Maden İhracatçıları Birliği
SENA YAPI END. MAMULLERI SAN.T IC. LTD. STI.;BARIŞ MAH. BELEDİYE CAD. NO:30 GİNZA-LAVİNYA D.258-259 BEYLİKDÜZÜ İSTANBUL;(212) 8769395;www.senaform.com.tr;senaform.com.tr;İMİB - İstanbul Maden İhracatçıları Birliği
SENAMER YAPI SAN TİC LTD ŞTİ;YAYLA MAH.PİRİNÇÇİ KÖY YOLU SK.NO 68/2 SULTANGAZİ İSTANBUL;(212) 4411955;;;İMİB - İstanbul Maden İhracatçıları Birliği
SENATÖR DÖKÜM SANAYİ VE TİCARET LTD ŞTİ;ÖMERLİ MAH. TUNABOYU SOK. ELEKTRO 2000 SAN. SİT. B 18 BLOK NO: 1 AZ ARNAVUTKÖY İSTANBUL;(212) 4109937;;;İMİB - İstanbul Maden İhracatçıları Birliği
SENKA MER MADENCİLİK NAKLİYE SANAYİ VE DIŞ TİCARET LİMİTED ŞİRKETİ;DİYARBAKIR GALERİA C BLOK. KAT 5NO:16 YENİŞEHİR DİYARBAKIR;(412) 2231453;www.senkamer.com;senkamer.com;İMİB - İstanbul Maden İhracatçıları Birliği
SENKRA YAPI SAN VE TİC LTD ŞTİ;MASLAK MAH. MASLAK MEYDAN SK. BEYBİ GİZ PLAZA1 55 SARIYER İSTANBUL;(212) 4386748;;;İMİB - İstanbul Maden İhracatçıları Birliği
SENTEZ LABORATUVAR KİMYASALLARI VE CİHAZLARI SAN. VE TİC. LTD. ŞTİ.;İSTOÇ 15.ADA NO:110 BAĞCILAR İSTANBUL;(212) 6598397;;;İMİB - İstanbul Maden İhracatçıları Birliği
SEPİD METAL LİMİTED ŞİRKETİ;ALTINTEPE MAH.ESKİ BAĞDAT CAD.DÜMER AP.NO:19/1 MALTEPE İSTANBUL;(216) 0000000;;;İMİB - İstanbul Maden İhracatçıları Birliği
SER MİNERAL MADENCİLİK SANAYİ VE TİCARET LİMİTED ŞİRKETİ;ESENKENT MAH. YELİZ SK. B BLOK NO : 11/10 ÜMRANİYE İSTANBUL;(216) 3846010;;;İMİB - İstanbul Maden İhracatçıları Birliği
SER REZİSTANS A.Ş.;İKİTELLİ ORGANİZE SAN. BÖLG. İPKAS SAN. SİT. 9 B BLOK NO:60 K:1 BAŞAKŞEHİR İSTANBUL;(212) 6715766;www.serrezistans.com;serrezistans.com;İMİB - İstanbul Maden İhracatçıları Birliği
SERAMİNA ART MAKİNA SANAYİ VE TİCARET LİMİTED ŞİRKET;FUATPAŞA MAH. FETTAH SÖĞÜTLERİ CAD. NO: 41 C MERKEZ KÜTAHYA;;;;İMİB - İstanbul Maden İhracatçıları Birliği
SERAP DÜNDAR TEKİN;CUMHURİYET MH.HOŞNİDİYE SK.NO:1/1/3 MERKEZ BİLECİK MERKEZ BİLECİK;(228) 0000000;;;İMİB - İstanbul Maden İhracatçıları Birliği
SERDAL ÇİLDİR;ERTUĞRUL GAZİ MH. CEYLAN BEY SK. ATICI APT NO.29 İNO.12 TEPEBAŞI ESKİŞEHİR;(222) 0000000;;;İMİB - İstanbul Maden İhracatçıları Birliği
SEREN GLOBAL DIŞ TİCARET LİMİTED ŞİRKETİ;SÜTLÜCE MAH.ZOR BAYIR SK.ARMAĞAN KONT. NO:11 BEYOĞLU İSTANBUL;(212) 2569390;;;İMİB - İstanbul Maden İhracatçıları Birliği
SERKAN BULUT;AKŞEMSEDDİN MAH. OKURLAR CAD. AYK ELEKTRONIK NO:20A ESENYURT İSTANBUL;;;;İMİB - İstanbul Maden İhracatçıları Birliği
SERKAN ÇIZMECI IÇ MIMARLIK SANAYI TICARET LIMITED SIRKETI;KARTALTEPE MAH.1.MALAZGİRT CAD.A BLOK N.6/1 İÇ KAPI N.140 KÜÇÜKÇEKMECE İSTANBUL;(212) 0000000;;;İMİB - İstanbul Maden İhracatçıları Birliği
SERKAN SEVİNDİK;ATAKENT MH 219 SK NO:13/8 KÜÇÜKÇEKMECE İSTANBUL;;www.serkansevindik.com;serkansevindik.com;İMİB - İstanbul Maden İhracatçıları Birliği
SERKİM REÇİNE KİMYA SAN. TİC. İTHALAT İHRACAT LTD. ŞTİ.;RAMAZANOGLU MAH. YILDIRIM BAYAZITCAD. NO:20 PENDİK İSTANBUL;02163782399;www.serkimboya.com;serkimboya.com;İMİB - İstanbul Maden İhracatçıları Birliği
SERRASTAR TURİZM İNŞAAT TAŞIMACILIK OTELCİLİK HAYVANCILIK GIDA SANAYİ VE TİCARET LİMİTED ŞİRKETİ;KONAK MAH. ÇOBANOĞLU ZEKİ BEY CAD. HALİM ALANYALI İŞHANI BLOK NO:7 İÇ KAPI NO:308 KONAK İZMİR;(212) 8522006;;;İMİB - İstanbul Maden İhracatçıları Birliği
SERTAŞ ATEŞ TUĞLA ISI GEREÇLERİ İNŞ. MADENCİLİK SAN. VE TİC. LTD. ŞTİ.;75.YIL ORG. SAN. BÖL.MAH. İBRAHİM ŞENLİKÇİCADDESİ NO:9 ODUNPAZARI ESKİŞEHİR;(222) 2360468;;;İMİB - İstanbul Maden İhracatçıları Birliği
SERTEZ KİMYA İNŞAAT REKLAM VE TEKSTİL DIŞ TİCARET LİMİTED ŞİRKETİ;İOSB MUTSAN SANAYİ SİTESİ M3 BLOK NO:3 İSTANBUL/BAŞAKŞEHİR BAŞAKŞEHİR İSTANBUL;(212) 6530298;;;İMİB - İstanbul Maden İhracatçıları Birliği
SERVYMED TEKNOLOJİ ELEKTRONİK İÇ VE DIŞ TİCARET LİMİTED ŞİRKETİ;TOMTOM MAH.İSTİKLAL CAD.TURHOL HAN APT.NO.189/3 BEYOĞLU İSTANBUL;(212) 4775589;;;İMİB - İstanbul Maden İhracatçıları Birliği
SES İNTERNATİONAL İTHALAT İHRACAT SANAYİ VE TİCARET LİMİTED ŞİRKETİ;ÇAKMAKLI MAH. ALİ ÇEBİ CAD. SAHRA DÜĞÜNSALONU NO: 54 A İÇ KAPI NO: 1 BÜYÜKÇEKMECE İSTANBUL;(212) 0000000;;;İMİB - İstanbul Maden İhracatçıları Birliği
SESEMAR MERMER MADEN İNŞAAT NAKLİYE SANAYİ VE TİCARET LİMİTED ŞİRKETİ;ORG. SAN. BOL. 2.CAD. NO:36 AFYONKARAHİSAR AFYON;(272) 2211627;www.sesemar.com;sesemar.com;İMİB - İstanbul Maden İhracatçıları Birliği
SES-TAŞ MADENCİLİK NAKLİYAT PAZARLAMA SANAYİ VE TİCARET A.Ş.;ODUNLUK MAH. AKADEMİ CAD. ZENO CENTER NO:34 NİLÜFER BURSA;(224) 4436550;www.yucemarble.com;yucemarble.com;İMİB - İstanbul Maden İhracatçıları Birliği
SETECH KALIP ÇÖZÜMLERİ İTH İHR SAN VE TİC LTD ŞTİ;KAZIMPAŞA MAH 1212/1 SK 1-1 MENEMEN İZMİR;(232) 3297047;;;İMİB - İstanbul Maden İhracatçıları Birliği
SEVA MÜHENDİSLİK İNŞ.İTH.İHR. LTD.ŞTİ;FERHATPAŞA MAH. 10. SOK. NO:64 ATAŞEHİR İSTANBUL;(216) 5611767;www.sevapool.com;sevapool.com;İMİB - İstanbul Maden İhracatçıları Birliği
SEVEN MİMARLIK İNŞ.TUR.İTH.İHR.VE TİC.LTD.ŞTİ.;ATAKOY 7-8-9-10.KISIM MH.B.R.EYUBOGLU CD. NO:4/68 BAKIRKÖY İSTANBUL;(212) 6615072;;;İMİB - İstanbul Maden İhracatçıları Birliği
SEVEN STAR TEKSTİL SAN.İÇ VE DIŞ TİC.LTD.ŞTİ.;ISTOC 25 ADA N:166-168 BAĞCILAR İSTANBUL;02126591026;www.sevenstar-tr.com;sevenstar-tr.com;İMİB - İstanbul Maden İhracatçıları Birliği
SEYRAN MERMER GIDA SANAYİ TİCARET LİMİTED ŞİRKETİ;İNÖNÜ MAH.CUMHURİYET CAD.NO:83 İÇ KAPI NO:3 ŞİŞLİ İSTANBUL;(212) 0000000;http://www.seyranmermer.com;seyranmermer.com;İMİB - İstanbul Maden İhracatçıları Birliği
SEZER GRANİT VE MERMER İMPORT-EXPORT SAN. TİC. LTD.ŞTİ.;100.YIL SANAYİ SİTESİ KARŞISI ÇEVREYOLU ÜZERİ MERKEZ TEKİRDAĞ;(282) 2632240;;;İMİB - İstanbul Maden İhracatçıları Birliği
SEZER KISA;ABDURRAHMANGAZİ MAH. KAHVECİ SOK. 7/4 SANCAKTEPE İSTANBUL;(216) 6617160;;;İMİB - İstanbul Maden İhracatçıları Birliği
SEZER KOÇAK MARBLE MADENCİLİK SANAYİ TİCARET LİMİTED ŞİRKETİ;FERHATPAŞA MAH. 53. SK. NO: 39 ATAŞEHİR İSTANBUL;(216) 0000000;;;İMİB - İstanbul Maden İhracatçıları Birliği
SFK MERMER SANAYİ VE TİCARET LİMİTED ŞİRKETİ;İÇERENKÖY MAH. PROF. DR. ALİ NİHATTARLAN CAD. NO:101 D:8 ATAŞEHİR İSTANBUL;(216) 4698431;www.sfkmermer.com;sfkmermer.com;İMİB - İstanbul Maden İhracatçıları Birliği
SFS ENDÜSTRİYEL ZEMİN KAPLAMALARI İNŞAAT SANAYİ VE TİCARET LİMİTED ŞİRKETİ;FERAH MAHALLESİ MEHMET AKİF ERSOY CADDESİ NO:246/9 ÜSKÜDAR İSTANBUL;(216) 4224592;;;İMİB - İstanbul Maden İhracatçıları Birliği
SGO İNŞAAT SAN. TİC. A.Ş.;MASLAK MAH.BÜYÜKDERE CAD.NUROL PLAZA NO:255İÇ KAPI NO:1903 SARIYER İSTANBUL SARIYER İSTANBUL;(212) 2868010;;;İMİB - İstanbul Maden İhracatçıları Birliği
SGS GLOBAL DIŞ TİCARET LİMİTED ŞİRKETİ;SELİMPAŞA MAHALLESİ 5009 SOKAK NO:3 SİLİVRİ İSTANBUL;(212) 4931324;;;İMİB - İstanbul Maden İhracatçıları Birliği
SGT MERMER MADEN VE DIŞ TİC.SAN.LTD.ŞTİ.;GÖZTEPE MAH. ATATÜRK CAD. GÖKSU PLAZA NO:13 K:4 D:5 BEYKOZ 34815 BEYKOZ, İSTANBUL, TÜRKİYE BEYKOZ BEYKOZ İSTANBUL;(216) 4051880;www.sgtmermer.com;sgtmermer.com;İMİB - İstanbul Maden İhracatçıları Birliği
SHAHROUR MARBLE DECORATION İTHALAT İHRACAT VE TİCARET LİMİTED ŞİRKETİ;BEYLİKDÜZÜOSB MAH. AÇELYA CAD.NO:7 BEYLİKDÜZÜ İSTANBUL;;;;İMİB - İstanbul Maden İhracatçıları Birliği
SHG MADENCİLİK SAĞLIK GIDA İTHALAT VE İHRACAT LİMİTED ŞİRKETİ;KALEDERE MAH. 20 TEMMUZ CAD. NO: 9A ÜNYE ORDU;(452) 3101700;;;İMİB - İstanbul Maden İhracatçıları Birliği
SIEGWERK BASKI MUREKKEPLERI SANAYİ VE TICARET ANONİM ŞİRKETİ;IST DERI ORG.SAN.BOLG.H6 PARSEL 1.YOL 0 PARSEL 1.YOL TUZLA İSTANBUL;02163940324;www.siegwerk.com;siegwerk.com;İMİB - İstanbul Maden İhracatçıları Birliği
SIEMENS HEALTHCARE SAĞLIK A.Ş.;ESENTEPE MAH.YAKACIK CAD.N:111 KARTAL İSTANBUL;(216) 4592372;www.healthcare.siemens.com;healthcare.siemens.com;İMİB - İstanbul Maden İhracatçıları Birliği
SIKA MBCC TURKEY YAPI KIMYASALLARI SANAYI VE TICARET LIMITED SIRKETI;BARBAROS MAH.BEGONYA SK.KAPI NO 3 E DAİRE NO 10 ATAŞEHİR ATAŞEHİR İSTANBUL;(216) 5703468;www.master-builders-solutions.basf.com.tr;master-builders-solutions.basf.com.tr;İMİB - İstanbul Maden İhracatçıları Birliği
SILA DIŞ TİCARET İNŞAAT VE OTOMOTİV LİMİTED ŞİRKETİ;AKÇABURGAZ MAH. 3049. SK. NO: 6 İÇ KAPI NO: 1 ESENYURT İSTANBUL;(212) 0000000;;;İMİB - İstanbul Maden İhracatçıları Birliği
SILKCOAT DUVAR KAPLAMALARI SANAYİ VE TİCARET LİMİTED ŞİRKETİ;KALEİÇİ MAH. SARAY VİZE YOLU ÜZERİNO.61 GÖKÇEALI TREN ISTASYONU YANI ÇATALCA İSTANBUL;02127895643;www.silkcoat.com;silkcoat.com;İMİB - İstanbul Maden İhracatçıları Birliği
SILVER HORECA DIŞ TİCARET LİMİTED ŞİRKETİ;CUMHURİYET MAH. GÜRPINAR YOLU CAD.KELEŞ PLAZA NO:2/ 99 BÜYÜKÇEKMECE İSTANBUL;(212) 0000000;;;İMİB - İstanbul Maden İhracatçıları Birliği
SIRMA ERMEC;YENİ MAH. 3. DERE SOK. NO:15/A TEPEBAŞI ESKİŞEHİR;(222) 2312747;;;İMİB - İstanbul Maden İhracatçıları Birliği
SIRSTONE TİCARET ANONİM ŞİRKETİ;CINNAH CAD. KULOGLU SOK. NO.14D 6 ÇANKAYA ANKARA;(312) 4409638;www.sirmersan.com;sirmersan.com;İMİB - İstanbul Maden İhracatçıları Birliği
SISTEM DOGALGAZ TEK.MALZ.VE DIS TIC.LTD.STI.;GİRNE MAH. KÜÇÜKYALI İŞ MERKEZİ A BLOKNO:26 MALTEPE İSTANBUL;(216) 5185070;www.sistemdogalgaz.com;sistemdogalgaz.com;İMİB - İstanbul Maden İhracatçıları Birliği
SİBA KOZMETİK İHR.İTH. LTD.ŞTİ;MAHMUTBEY MAH.TAŞOCAĞI YOLU CAD. MY OFFICE NO:3/121 BAĞCILAR İSTANBUL;(212) 8092472;;;İMİB - İstanbul Maden İhracatçıları Birliği
SİDRA GROUP TURİZM İNŞAAT TEKSTİL SANAYİ İÇ VE DIŞ TİCARET LİMİTED ŞİRKETİ;KEMALPAŞA MH GENÇTÜRK CD NO:32 KAT:1|1 FATİH İSTANBUL;(212) 6596849;www.sidragroup.com;sidragroup.com;İMİB - İstanbul Maden İhracatçıları Birliği
SİEL DIŞ TİCARET LİMİTED ŞİRKETİ;SILIVRIKAPI MAH. MESELI MESCITSK. UYSAL APT NO: 22 IÇ KAPI NO: 10 FATİH İSTANBUL;;;;İMİB - İstanbul Maden İhracatçıları Birliği
SİERRA DOĞAL TAŞ SANAYİ VE TİCARET LİMİTED ŞİRKETİ;İDEALTEPE MAH.DİK SK.NO:13/2 MALTEPE MALTEPE İSTANBUL;;;;İMİB - İstanbul Maden İhracatçıları Birliği
SİGA GROUP DIŞ TİCARET LİMİTED ŞİRKETİ;ESENTEPE MAH. BÜYÜKDERE CAD. MAYA AKAR CENTER C BLOK NO: 102 /1 İÇ KAPI NO: 3 ŞİŞLİ/ İSTANBUL ŞİŞLİ İSTANBUL;(212) 8005614;;;İMİB - İstanbul Maden İhracatçıları Birliği
SİGMA REKLAM ORG.DAN.TEKSTİL İNŞ.VE OTOMOTİV SAN.TİC.LTD.ŞTİ.;TOPÇULAR MAH.OSMANGAZİ CAD.NO:2 İÇ KAPI NO:18 EYÜP İSTANBUL;(212) 0000000;;;İMİB - İstanbul Maden İhracatçıları Birliği
SİKA YAPI KİMYASALLARI A.Ş.;İST.DERİ ORG.SAN.BÖLGESİ ALSANCAK SOK NO:5 J7PARSEL AYDINLI ORHANLI MEVKİİ TUZLA İSTANBUL;(216) 5810600;www.sika.com.tr;sika.com.tr;İMİB - İstanbul Maden İhracatçıları Birliği
SİLAHTAROĞLU GRUP İNŞAAT ANONİM ŞİRKETİ;YUKARI DİKMEN MAH. ALEKSANDER DUBÇEK CAD. NO:31/8 ÇANKAYA ANKARA;(212) 5798334;;;İMİB - İstanbul Maden İhracatçıları Birliği
SİLİSYAPI YAPI KİMYASALLARI MADENCİLİK İNŞAAT HAFRİYAT SAN. VE TİC.LTD.ŞTİ.;KALFAKÖYÜ MAH. BAŞAKKÖY SOK. NO:52 ÇATALCA İSTANBUL;;;;İMİB - İstanbul Maden İhracatçıları Birliği
SİLK MARBLE MADENCİLİK LİMİTED ŞİRKETİ;YENİDOĞAN MAH.KARAKAŞ SOK.CEM İŞ MERKEZİ BLOK NO:1 BAYRAMPAŞA İSTANBUL;(212) 5045455;;;İMİB - İstanbul Maden İhracatçıları Birliği
SİLKA KIRTASİYE İMALAT SANAYİ VE TİCARET LİMİTED ŞİRKETİ;HALKALI MERKEZ MH, SÖNMEZ SK, NO:4 METAKİM KİMYA SN SİTESİ KÜÇÜKÇEKMECE İSTANBUL;;www.silkakirtasiye.com;silkakirtasiye.com;İMİB - İstanbul Maden İhracatçıları Birliği
SİLKAR DIŞ TİCARET A.Ş.;BATMAN SK. NO:30 İÇ KAPI NO:10 SAHRAYICEDİT SAHRAYICEDİT SAHRAYICEDİT KADIKÖY İSTANBUL;(212) 5767500;www.silkarstone.com;silkarstone.com;İMİB - İstanbul Maden İhracatçıları Birliği
SİLKAR MADENCİLİK SANAYİ VE TİCARET ŞİRKETİ;GFY PLAZA BATMAN SOK. NO:30/10 SAHRAYICEDİT 34734 KADIKÖY, İSTANBUL, TÜRKİYE 34734 KADIKÖY, İSTANBUL KADIKÖY İSTANBUL;(212) 5767500;www.silkarstone.com;silkarstone.com;İMİB - İstanbul Maden İhracatçıları Birliği
SİM NATURAL GIDA PAZ.TİC.LTD.ŞTİ.;YUKARI DUDULLU MAH. ÜNALAN SOK. NO:4/1 ÜMRANİYE İSTANBUL;(216) 3656548;;;İMİB - İstanbul Maden İhracatçıları Birliği
SİMEM ELEKTRİK ELEKTRONİK MAKİNA SAN. İÇ VE DIŞ TİC. LTD. ŞTİ.;ISTIKLAL CAD.BEYOGLU ISMERK.NO:187/155 BEYOĞLU İSTANBUL;(212) 5598357;;;İMİB - İstanbul Maden İhracatçıları Birliği
SİMURG METALÜRJİ KİMYA MAKİNE MÜHENDİSLİK SANAYİ TİCARET LİMİTED ŞİRKETİ;ÇERKEŞLİOSB MAH. IMES-18 CAD. KÜÇÜK SANAYI SITESIB4 BLOK NO: 19 İÇ KAPI NO: 2 DİLOVASI KOCAELİ;(466) 3511351;;;İMİB - İstanbul Maden İhracatçıları Birliği
SİMYA BOYA VE KİMYA MÜHENDİSLİK İNŞAAT SAN.VE TİC.LTD.ŞTİ.;SİNANPAŞA MAH HASFIRIN CAD VİDİN İŞ MRK 3/38 BEŞİKTAŞ İSTANBUL;(212) 2600304;;;İMİB - İstanbul Maden İhracatçıları Birliği
SİMYA FİLM YAPIM ORGANİZASYON HALKA İLİŞKİLER LTD.ŞTİ;BARBAROS HAYRETTİN PAŞA MAH. ŞEHİTLER CAD. BEYBALAS B BLOK NO:6/27 ESENYURT-İSTANBUL ESENYURT İSTANBUL;(212) 5034545;;;İMİB - İstanbul Maden İhracatçıları Birliği
SİNADA KİMYA İNSAAT TURİZM İTHALAT İHRACAT SANAYİ VE TİCART LİMİTED ŞİRKETİ;BİTEZ MAH. MÜDERRİS CAD. NO:31 A BODRUM MUĞLA;;;;İMİB - İstanbul Maden İhracatçıları Birliği
SİNAN ŞENTÜRK;MURATLI MAHALLESİ MURATLI SOKAK NO:111 KARACABEY BURSA;(224) 4520461;;;İMİB - İstanbul Maden İhracatçıları Birliği
SİNDBAT DIŞ TİCARET TURİZM İNŞ. SAN. VE PAZ. LTD.ŞTİ.;ALTUNİZADE MAH MAHİR İZ CAD. SUAT SÜMER İŞ MRKZ. NO: 30 İÇ KAPI NO: 3 ALTUNİZADE ÜSKÜDAR İSTANBUL;(216) 4747479;;;İMİB - İstanbul Maden İhracatçıları Birliği
SİNEMİS MADENCİLİK MAKİNA İNŞAAT VE DIŞ TİCARET LTD.ŞTİ.;YENİÇAĞ MAHALLESİ RAGIP TÜZÜN CADDESİ ALEMDAR İŞMERKEZİ NO.136/101 YENİMAHALLE ANKARA;(312) 3433431;www.sinemismadencilik.com.tr;sinemismadencilik.com.tr;İMİB - İstanbul Maden İhracatçıları Birliği
SİNERJİ TESİSATTAAH.MÜH.SAN.TİC.LTD.ŞTİ;ŞEYH SİNAN MAH.DERİNYOL SOK.NO:22/B ÇORLU TEKİRDAĞ;;;;İMİB - İstanbul Maden İhracatçıları Birliği
SİNERJİ TRAFİK İNŞAAT SANAYİ VE TİCARET ANONİM ŞİRKETİ;DUDULLU OSB MAH DES 115 SK DES C18 NO 47 ÜMRANİYE İSTANBUL;(216) 5746718;;;İMİB - İstanbul Maden İhracatçıları Birliği
SİPAHİOĞLU MERMER MADENCİLİK SANAYİ VE TİCARET ANONİM ŞİRKETİ - TEKİRDAĞ ŞUBESİ;100.YIL MAHALLESİ ESKİ MALKARA CADDESİ NO:1SÜLEYMANPAŞA TEKİRDAĞ PK:59100 SÜLEYMANPAŞA TEKİRDAĞ;(282) 0000000;;;İMİB - İstanbul Maden İhracatçıları Birliği
SİRA STONE MERMER MADEN MOZAİK SERAMİK NAKLİYE İNŞ.PAZ. İMALAT İTHALAT İHRACAT SAN.VE TİC.LTD.ŞTİ.;HACI ILYAS MAH .HALİM HAFIZ SOK.SAĞIROĞLU İŞ MERKEZİ NO:9/37 MERKEZ AMASYA;;;;İMİB - İstanbul Maden İhracatçıları Birliği
SİRAZ DIŞ TİCARET LİMİTED ŞİRKETİ;KEMALPAŞA MAH. ŞİRVANİZADE SK İNCİ APT NO:6/301 FATİH İSTANBUL;;;;İMİB - İstanbul Maden İhracatçıları Birliği
SİRTUR TURİZM İTH. VE İHR. A.Ş.;CİNNAH CAD. KULOGLU SOK. NO14/6 ÇANKAYA ANKARA;(312) 4382066;www.sirmersan.com;sirmersan.com;İMİB - İstanbul Maden İhracatçıları Birliği
SİS ENERJİ ÜRETİM A.Ş.;ÇINAR MAH TURGUT ÖZAL BULVARİ NO:65 MALTEPE İSTANBUL;(216) 3145870;;;İMİB - İstanbul Maden İhracatçıları Birliği
SİS-TEK SİSTEM MÜHENDİSLİK TEKNOLOJİ TİC. VE SAN. A. Ş.;GİRNE MAH.IRMAK SAK.MALTEPE KÜÇÜKYALI İ MERK.A-BLOK NO:24 ZÜMRÜTEVLER MALTEPE İSTANBUL;02163841927;www.sistekcold.com;sistekcold.com;İMİB - İstanbul Maden İhracatçıları Birliği
SİSTEM İZOLASYON İNŞAAT SANAYİ VE TİCARET LTD. ŞTİ.;SOĞANLI MAH.KEMAL SUNALCAD.NO 34 BAHÇELİEVLER-MAH 34220 BAHÇELİEVLER İSTANBUL;(212) 6289107;www.sistemizolasyon.com.tr;sistemizolasyon.com.tr;İMİB - İstanbul Maden İhracatçıları Birliği
SİVAK MERMER SANAYİ TİCARET LİMİTED ŞİRKETİ;ABDURRAHMANGAZİ MAH. HALİFE CAD. NO: 62 SANCAKTEPE İSTANBUL;(216) 0000000;;;İMİB - İstanbul Maden İhracatçıları Birliği
SİYAHKALEM MÜHENDİSLİK İNŞAAT SAN. VE TİC. A.Ş.;ÇAMLICA KISIKLI MH ALEMDAĞ CD NO:60 MASALDAN İŞ MERKEZİ G BLOK D:6 ÜSKÜDAR İSTANBUL;(216) 5200260;www.siyahkalem.com;siyahkalem.com;İMİB - İstanbul Maden İhracatçıları Birliği
SK MADENCİLİK MERMER SANAYİ VE DIŞ TİCARET LİMİTED ŞİRKETİ;MAHMUTBEY MAH.2601 SOKAK KÖK APT.NO:14/6 BAĞCILAR İSTANBUL;(212) 5042420;;;İMİB - İstanbul Maden İhracatçıları Birliği
SKC KARBON SANAYİ VE TİCARET ANONİM ŞİRKETİ;ESKI LONDRA ASFALTI 6 KÜÇÜKÇEKMECE İSTANBUL;02126249204;;;İMİB - İstanbul Maden İhracatçıları Birliği
SKY GLASS KİMYA SANAYİ VE TİCARET LİMİTED ŞİRKETİ;MEHMET AKİF MAH. SEVİNDİK SK.NO: 14/1 SULTANBEYLİ İSTANBUL;(216) 0000000;;;İMİB - İstanbul Maden İhracatçıları Birliği
SKYCON ÇELİK YAPI TAAHHÜT SANAYİ VE TİCARET ANONİM ŞİRKETİ;TAHTAKAK MAH MAHMUR ÇİÇEĞİ SK N:4/149 AVCILAR İSTANBUL;(212) 8012249;;;İMİB - İstanbul Maden İhracatçıları Birliği
SLK KİMYA A.Ş.;BATI MAH.GEZİ BOYU CAD.N:53 İÇ KAPI NO:3 PENDİK İSTANBUL;;;;İMİB - İstanbul Maden İhracatçıları Birliği
SM KARADENİZ GRANİT MERMER ANONİM ŞİRKETİ;YENİ BAĞLICA MAHALLESİ ETİMESGUT BULVARI NO:90/B 5. KAT DAİRE 23 ETİMESGUT ANKARA ETİMESGUT ANKARA;(312) 0000000;;;İMİB - İstanbul Maden İhracatçıları Birliği
SMART OFİS KIRTASİYE A.Ş.;MY OFFİCE 212 MAHMUTBEY MAH. TASOCAGİ YOLU CAD. NO.3/47 BAĞCILAR İSTANBUL;(212) 4944402;www.smartofis.com.tr;smartofis.com.tr;İMİB - İstanbul Maden İhracatçıları Birliği
SMARTTECH OTOMOTİV VE TEKNOLOJİ ANONİM ŞİRKETİ;IKITELLI ORGANIZE SANAYI BOLG.DOLAPDERE SAN.SIT.14 ADA NO.2 BAŞAKŞEHİR İSTANBUL;;;;İMİB - İstanbul Maden İhracatçıları Birliği
SMILE DIŞ TİCARET ANONİM ŞİRKETİ;BAHÇEŞEHİR 2. KISIM MAH. DOĞANAY SOK LOCA SİT. B BLOK NO:2/62 BAHÇEŞEHİR BAŞAKŞEHİR İSTANBUL;(850) 8880864;www.smilevoi.com;smilevoi.com;İMİB - İstanbul Maden İhracatçıları Birliği
SMM MADENCİLİK OTOMOTİV YEDEK PARÇA HAYVANCILIK SAN. TİC. LTD. ŞTİ.;TATLICAK MAH. KONİMSAN SANAYİ SİTESİ UZUNGEÇIT SOK. NO: 18 KARATAY KONYA;(332) 2902503;www.smmmining.com;smmmining.com;İMİB - İstanbul Maden İhracatçıları Birliği
SN İNŞAAT TAAHHÜT LTD.ŞTİ;KAYNARCA MAH.KERVAN SOK.NO:7 K:1 PENDİK İSTANBUL;;;;İMİB - İstanbul Maden İhracatçıları Birliği
SNL ELEKTRİK DIŞ TİCARET V E SANAYİ ANONİM ŞİRKETİ;ATAKENT MH 221 SK NO:66B F BLOK D:24 ESENYURT İSTANBUL;(000) 0000000;www.snldisticaret.com;snldisticaret.com;İMİB - İstanbul Maden İhracatçıları Birliği
SOKAKTA BİLEKLİK BUJİTERİ İTHALAT İHRACAT SANAYİ VE TİCARET LİMİTED ŞİRKETİ;YILDIRIM MAH. AVASKÖY YOLU CAD. AVCIOĞLU AP. NO:22A BAYRAMPAŞA İSTANBUL;(212) 0000000;;;İMİB - İstanbul Maden İhracatçıları Birliği
SOLARE GLOBAL DIŞ TİCARET LİMİTED ŞTİ;KARADENİZ MAH 1212 SOKAK NO 24 İÇ KAPI NO 1 GAZİOSMANPAŞA İSTANBUL;(212) 0000000;;;İMİB - İstanbul Maden İhracatçıları Birliği
SOLECHEM KİMYA ANONİM ŞİRKETİ;BARBAROS MAH. AK ZAMBAK SOK. NO: 3-A UPHILL TOWERS SİT. 1-B APT D:63 BARBAROS MAH 34758 ATAŞEHİR, İS ATAŞEHİR İSTANBUL;(216) 5105616;www.solechem.com;solechem.com;İMİB - İstanbul Maden İhracatçıları Birliği
SOLİD MERMER SANAYİ VE TİCARET LİMİTED ŞİRKETİ;MALTEPE MH.TOPKAPI MALTEPE CD. OBAKOY İŞ MERKEZİC BLOK NO:11/2 ZEYTİNBURNU İSTANBUL;;;;İMİB - İstanbul Maden İhracatçıları Birliği
SOLİDTECH İZOLASYON İNŞAAT DANIŞMANLIK SANAYİ VE TİCARET LİMİTED ŞİRKETİ;ESATPAŞA MAH.HACIBEKİR CAD.NO:83-87C ATAŞEHİR İSTANBUL;(216) 0000000;www.solidtechyapi.com;solidtechyapi.com;İMİB - İstanbul Maden İhracatçıları Birliği
SOLİNOX ENDÜSTRİYEL MUTFAK EKİPMANLARI SOĞUTMA SANAYİ TİCARET LİMİTED ŞİRKETİ;GÖKSU MAH. GÖKSU CAD. NO:10/Z1 BEYKOZ İSTANBUL;(212) 2561334;;;İMİB - İstanbul Maden İhracatçıları Birliği
SOM KATI YAKIT PAZARLAMA DAĞITIM İTHALAT İHRACAT SANAYİ VE TİCARET ANONİM ŞİRKETİ ANONİM ŞİRKETİ;KISIKLI CAD. SARKUYSAN-AK İŞ MERKEZ NO:4 A BLOK KAALTUNİZADE ÜSKÜDAR/İSTANBUL ÜSKÜDAR İSTANBUL;(216) 5545400;;;İMİB - İstanbul Maden İhracatçıları Birliği
SON DİJİTAL YATIRIMLAR VE TİCARET ANONİM ŞİRKETİ;BARBAROS MAH.LALE SK.AĞAOĞLU MY OFFICE BLOKNO:2/13 ATAŞEHİR İSTANBUL;(216) 0000000;;;İMİB - İstanbul Maden İhracatçıları Birliği
SONER ŞAHİN;FULYA MAH.BÜYÜKDERE CAD.QUASAR NO:76 İÇ KAPI NO188 ŞİŞLİ İSTANBUL;(212) 0000000;;;İMİB - İstanbul Maden İhracatçıları Birliği
SONGÜL AYDINLATMA İNŞAAT MOB. GIDA SAN. VE DIŞ TİC. LTD. ŞTİ.;HABİBLER MAH. ESKİ EDİRNE ASFALTI NO.937 SULTANGAZİ İSTANBUL;(212) 6092425;www.songulaydinlatma.com;songulaydinlatma.com;İMİB - İstanbul Maden İhracatçıları Birliği
SONO TRANS LOJİSTİK DIŞ TİCARET LİMİTED ŞİRKETİ;KİTELLİ OSB MAH.GİYİM SANATKARLARI 4B BLOK SK.GİYİM SANATKARLARI TİC.MERK.4B BLOK NO:4 B 409 BAŞAKŞEHİR İSTANBUL;(212) 6033535;;;İMİB - İstanbul Maden İhracatçıları Birliği
SONOROUS SES VE GÖRÜNTÜ SİSTEMLERİ SAN. TİC. A.Ş.;MERKEZ MAH. GÜZLE İŞ MERKEZI K.4 D.1 ÇEKMEKÖY İSTANBUL;(216) 6401616;www.sonorous.com;sonorous.com;İMİB - İstanbul Maden İhracatçıları Birliği
SONRAKİ MİMARLIK MÜHENDİSLİK İNŞAAT SANAYİ VE TİCARET LİMİTED ŞİRKETİ;DUMLUPINAR MAH. YUMURTACI ABDİ BEY CAD. GÜMÜŞDEREÇIKMAZI SOK.TEKNİK YAPI CONCORD REZİDANS B/63 KADIKÖY İSTANBUL;(216) 8043750;www.sonraki.com.tr;sonraki.com.tr;İMİB - İstanbul Maden İhracatçıları Birliği
SORA KOZMETİK SANAYİ TİCARET ANONİM ŞİRKETİ;GAZITEPE MAH. AYBAR SOK. NO: 7 SİLİVRİ İSTANBUL;(212) 7388464;www.soracosmetics.com;soracosmetics.com;İMİB - İstanbul Maden İhracatçıları Birliği
SOTAS KIMYEVI MADDELER SAN. VE TIC. A.S.;EGEMENLİK MAH. 6130 SOKAK. NO:12 IŞIKKENT - İZMİR AVCILAR İSTANBUL;(232) 4362170;www.sotaskimya.com;sotaskimya.com;İMİB - İstanbul Maden İhracatçıları Birliği
SO-TEC KUYUMCULUK MAK.SAN.VE PAZARLAMA LTD.STI.;EMINSINAN M.GEDIKPASA HAMAM CD. NO.5 D.2-3 SULTANAHMET FATİH İSTANBUL;(212) 4588902;www.sotecmakina.com;sotecmakina.com;İMİB - İstanbul Maden İhracatçıları Birliği
SOYLU TURİZM VE TİC. LTD. ŞTİ.;ATAKÖY 7 8 9 10 KISIM MAH NEF 22 B BLOK N:22 K:6 D:123N:22 K:6 D:123 34140 BAKIRKÖY İSTANBUL;(212) 2173490;www.soyluturizm.com.tr;soyluturizm.com.tr;İMİB - İstanbul Maden İhracatçıları Birliği
SP ATAY GIDA AMBALAJ İTH.İHR.LTD.ŞTİ.;YENİ MH.ÜNLÜ CD. MANOLYA SİTESİ D BLOK NO.13/4 MUDANYA BURSA;(224) 0000000;www.ataygida.com;ataygida.com;İMİB - İstanbul Maden İhracatçıları Birliği
SPECK POMPA SAN.TİC.LTD.ŞTİ.;KÜÇÜKYALI İŞ MERK. B BLOK NO:12 GİRNE KARTAL İSTANBUL;;;;İMİB - İstanbul Maden İhracatçıları Birliği
SPEKTRUM DIŞ TİCARET LİMİTED ŞİRKETİ;KÜÇÜKBAKKALKÖY MAH DUDULLU CAD R2 REZİDANS BLOK 23-25B 201 ATAŞEHİR İSTANBUL;(216) 5102191;;;İMİB - İstanbul Maden İhracatçıları Birliği
SPERO EV ALETLERİ İML. VE PAZ.SAN.TİC.LTD.ŞTİ.;BARIŞ MAH BOSB BİRLİK SANAYİ SİTESİ 2.CD. N:16 BEYLİKDÜZÜ İSTANBUL;;;;İMİB - İstanbul Maden İhracatçıları Birliği
SR GLOBAL İÇ DIŞ TİCARET LİMİTED ŞİRKETİ;19 MAYIS MAH. HALASKARGAZİ CAD. ÇİFTKURTBLOK NO:226 İÇ KAPI NO:24 ŞİŞLİ İSTANBUL;(212) 0000000;http://www.srglobalcompany.com;srglobalcompany.com;İMİB - İstanbul Maden İhracatçıları Birliği
SRC INTERNATIONAL DIŞ TİCARET LİMİTED ŞİRKETİ;ÇINARLI MAH. 1563 SK. NO:2 İNCİ TOWER KAT:6 D:65 YENİŞEHİR KONAK İZMİR;;;;İMİB - İstanbul Maden İhracatçıları Birliği
SRS ENDÜSTRİYEL ÜRÜNLER SANAYİ VE TİCARET LİMİTED ŞİRKETİ;YAKUPLU MAH. 194. SOK. EKŞİOĞLU 6A NO:18 /1 BEYLİKDÜZÜ İSTANBUL BEYLİKDÜZÜ İSTANBUL;(212) 0000000;;;İMİB - İstanbul Maden İhracatçıları Birliği
SS GENERAL MEDIKAL GIDA TARIM ITHALAT VE IHRACAT SANAYI TICARET LIMITED SIRKETI;ISTASYON MAH. YARIMBURGAZ CAD. ISTASYON 24 REZIDANNO: 31 IÇ KAPI NO: 98 KÜÇÜKÇEKMECE İSTANBUL;(212) 0000000;;;İMİB - İstanbul Maden İhracatçıları Birliği
SSL MOBİLYA İNŞAAT TEKSTİL MÜHENDİSLİK İTHALAT İHRACAT SANAYİ TİC. LTD. ŞTİ.;KAZIMKARABEKİR MAHALLESİ AÇELYA SOKAK NO 41 MERKEZ YALOVA;(226) 8134794;;;İMİB - İstanbul Maden İhracatçıları Birliği
SST ULUSLARARASI TAŞIMACILIK VE LOJİSTİK LİMİTED ŞİRKETİ;HAZNEDAR MAH. BAĞCILAR CAD. YILDIRIM APT.NO:18 İÇ KAPI NO:2 GÜNGÖREN İSTANBUL;(212) 0000000;;;İMİB - İstanbul Maden İhracatçıları Birliği
STAHL KIMYA SAN.VE TIC.LTD.STI;TUZLA ORGANİZE DERİ SAN. BÖLGESİKAZLIÇEŞME CAD. R2 PARSEL NO.47 TUZLA İSTANBUL;(216) 3942686;;;İMİB - İstanbul Maden İhracatçıları Birliği
STANDART BIO MAKINA EKIPMAN INSAAT SANAYI VE TICARET ANONIM SIRKETI;HUZUR MAH. FAZIL KAFTANOĞLU CAD.SABA İŞMERK. NO:7 K:6 SEYRANTEPE KAĞITHANE İSTANBUL;(212) 3257511;;;İMİB - İstanbul Maden İhracatçıları Birliği
STAR ALÜMİNYUM PAZARLAMA SANAYİ VE TİCARET ANONİM ŞİRKETİ;İKİTELLİ OSB MH ENKOOP SAN SİT 2 SK NO:6 BAŞAKŞEHİR İSTANBUL;(212) 4444959;www.staraluminyum.com;staraluminyum.com;İMİB - İstanbul Maden İhracatçıları Birliği
STAR RAFİNERİ ANONİM ŞİRKETİ;SARIYER MASLAK ESKİ BÜYÜKDERE CAD.SOCAR BOSPHORUSPLAZA NO:231 KAT:3 BÜYÜKDERE SARIYER İSTANBUL;(212) 3050100;;;İMİB - İstanbul Maden İhracatçıları Birliği
STAR TEKNİK SERVİS HİZMETLERİ SAN. VE TİC. LTD.ŞTİ.;FERHATPAŞA MAH.G34 SOKN:28-30 K:1 İÇERENKÖY ATAŞEHİR İSTANBUL;(216) 4712347;;;İMİB - İstanbul Maden İhracatçıları Birliği
STARCKE VSM VITEX ZIMPARA TEKNOLOJİSİ SANAYİ VE DIŞ TİCARET LİMİTED ŞİRKETİ;AYDINLI ISTANBUL A YOSB MAH. 8.SOK.ISTANBUL AND.YAK.OSB SIT.NO:5 TUZLA İSTANBUL;(216) 5910701;;;İMİB - İstanbul Maden İhracatçıları Birliği
STARKIM KIMYA SANAYI VE TIC. A.S.;FATIH MAH.KUBILAY CAD.NO.2 KÜÇÜKÇEKMECE İSTANBUL;02125416897;www.star-kim.com;star-kim.com;İMİB - İstanbul Maden İhracatçıları Birliği
STARWOOD YAPI MARKETLERİ.YAP.MALZ.SAN.VE TİC.AŞ.;ORGANİZE SAN. BÖL. 2.CAD. İNEGÖL BURSA;(224) 2943200;www.starwood.com.tr;starwood.com.tr;İMİB - İstanbul Maden İhracatçıları Birliği
STAY STAR MADENCİLİK SANAYİ TİCARET ANONİM ŞİRKETİ;ODUNLUK MAH.AKADEMİ CAD. D BLOK 34 NOLU BĞM NO 2 D/B/1 NİLÜFER BURSA;(224) 4514332;www.staystarmarble.com;staystarmarble.com;İMİB - İstanbul Maden İhracatçıları Birliği
STC İNŞAAT SAN.VE TİC.LTD.ŞTİ.;KÜÇÜKBAKKALKÖY MAH. DEFNE SK. NO:1/176 ATAŞEHİR İSTANBUL;(216) 5741181;;;İMİB - İstanbul Maden İhracatçıları Birliği
STELLAMAR DIŞ TİC. LTD.ŞTİ.;DEVECİKONAĞI MAH.DEVECEKONAĞI SOK. NO:188 B MUSTAFAKEMALPAŞA BURSA;;;;İMİB - İstanbul Maden İhracatçıları Birliği
STOMAR DIŞ TİCARET DOĞAL TAŞ SANAYİ VE TİCARET LİMİTED ŞİRKETİ;MİMARSİNAN OSB MAHALLESİ, 25. CADDE, NO:11 MELİKGAZİ KAYSERİ;;http://www.stomar.com.tr;stomar.com.tr;İMİB - İstanbul Maden İhracatçıları Birliği
STOMAR MERMER MADENCİLİK SAN. VE TİC. A.Ş.;MİMARSİNAN OSB MAHALLESİ 25.CADDE AHMET KILIÇARSLAN BLOK:11 MELİKGAZİ KAYSERİ;;www.stomar.com.tr;stomar.com.tr;İMİB - İstanbul Maden İhracatçıları Birliği
STOMATON BİLİŞİM MADENCİLİK TİCARET LİMİTED ŞİRKETİ;KEPEZ BELDESİ HAMİDİYE MH. SUSAM SK. NO:1 D: FA4 MERKEZ ÇANAKKALE;(286) 0000000;;;İMİB - İstanbul Maden İhracatçıları Birliği
STONA DIŞ TİC. A.Ş.;KONAK MAH. FEVZİ PAŞA CAD. NO: 1/20 MERKEZ BURDUR;(248) 2429955;;;İMİB - İstanbul Maden İhracatçıları Birliği
STONAR MARBLE MERMER İNŞAAT NAKLİYAT SANAYİ VE TİCARET LİMİTED ŞİRKETİ;ÇENGELDERE MAH ÇENGELDERE CAD. NO 59 BEYKOZ İSTANBUL;(216) 4790394;;;İMİB - İstanbul Maden İhracatçıları Birliği
STONE BENDER MERMER METAL MOBİLYA İNŞAAT TİCARET LİMİTED ŞİRKETİ;YAYLA MAH. PİRİNÇÇİ KÖY YOLUSK.. NO:78 SULTANGAZİ İSTANBUL;(212) 0000000;;;İMİB - İstanbul Maden İhracatçıları Birliği
STONE CRESCENT DANIŞMANLIK MÜŞ.PROJE MAD.MERMER JEOTERMAL GIDA HAY.İNŞ.TAAH.İT.İH.İML.SAN.TİC.LTD.Ş.;YAŞAMKENT MAH. 3253 CAD. KARDELEN EVLERİNO:11/32 ÇANKAYA ANKARA;(312) 4767585;;;İMİB - İstanbul Maden İhracatçıları Birliği
STONE GATE MERMER MADENCİLİK İÇ VE DIŞ TİCARET A.Ş.;ZEYTİNLİK MAH. RAY SK. NO:3/10 PK:34140 BAKIRKÖY İSTANBUL;;www.stonegate.com.tr;stonegate.com.tr;İMİB - İstanbul Maden İhracatçıları Birliği
STONE GROUP MADENCİLİK SANAYİ VE DIŞ TİCARET LİMİTED ŞİRKETİ;OSMANGAZİ MAH. AHMET YESEVİ CAD. DENGE TOWERS A BLOK NO.17 K.1 D.31OSMANGAZİ SANCAKTEPE İSTANBUL;(216) 6227868;www.stonegroupturkey.com;stonegroupturkey.com;İMİB - İstanbul Maden İhracatçıları Birliği
STONE HOUSE İNŞAAT SANAYİ TİCARET ANONİM ŞİRKETİ;ERKİLET MAH. KOZLUCA BAĞLARI KÜME EVLER NO: 58 KOCASİNAN KAYSERİ;(352) 5022222;http://www.bogacgroup.com.tr;bogacgroup.com.tr;İMİB - İstanbul Maden İhracatçıları Birliği
STONE İST İNŞAAT TAAHHÜT TİCARET VE MÜŞAVİRLİK LİMİTED ŞİRKETİ;FERHATPAŞA MAH.G49 SOK. NO:34 ATAŞEHİR İSTANBUL;(216) 4710901;;;İMİB - İstanbul Maden İhracatçıları Birliği
STONE STORY MERMER GRANİT DEKORASYON İTHALAT İHRACAT LİMİTED ŞİRKETİ;MERKEZ MAH. ALİBEY CAD. PARK SIT ESI ABLOK NO: 20/2 12 KAGITHANE KAĞITHANE İSTANBUL;(212) 0000000;;;İMİB - İstanbul Maden İhracatçıları Birliği
STONEBORN DIŞ TİCARET ANONİM ŞİRKETİ;19 MAYIS MAH.İNÖNÜ CAD. SEYLAN İŞ MERKEZİ NO : 83/8 KADIKÖY İSTANBUL;(216) 4119220;stoneborn.com.tr;stoneborn.com.tr;İMİB - İstanbul Maden İhracatçıları Birliği
STONELAND DOĞALTAŞ YAPI MALZEMELERİ VE MİMARLIK SAN. TİC. LTD. ŞTİ.;CEVİZLİ MAH. ZUHAL CAD. A1 NO:46/1 D.316 MALTEPE İSTANBUL;(216) 0000000;;;İMİB - İstanbul Maden İhracatçıları Birliği
STONELİNE YAPI ÜRÜNLERİ SANAYİ ANONİM ŞİRKETİ;CUMHURİYET MAH.ZEHRA SK.NO:4 ÇAYIROVA KOCAELİ;(212) 3322215;www.stone-line.com;stone-line.com;İMİB - İstanbul Maden İhracatçıları Birliği
STONEMASTER DOĞAL TAŞ SANAYİ VE TİCARET LİMİTED ŞİRKETİ;ATAEVLER MAH.SEDİR 1 SOK. KOMŞU PARK SİTESİ KOMŞU PARK EVLERİ BLOK NO:11A/15 NİLÜFER BURSA NİLÜFER BURSA;(224) 6133025;;;İMİB - İstanbul Maden İhracatçıları Birliği
STONETECH MAKİNE SANAYİ TİCARET ANONİM ŞİRKETİ;YUVAKÖY MAH.3710 CAD NO:8 YENİMAHALLE ANKARA;(312) 9114307;http://www.stonetech.com.tr;stonetech.com.tr;İMİB - İstanbul Maden İhracatçıları Birliği
STONETERROİR DOĞAL TAŞ MADENCİLİK SAN. VE TİC. A.Ş.;BEYBİ GİZ PLAZA MEYDAN SK. NO:1/A MASLAK ŞİŞLİ İSTANBUL;(212) 2903424;www.stoneterroir.com;stoneterroir.com;İMİB - İstanbul Maden İhracatçıları Birliği
STONETERROİR DOĞALTAŞ PAZARLAMA SANAYİ VE TİCARET ANONİM ŞİRKETİ;MEYDAN SOK. BEYBİ GZİ PLAZA 1/A MASLAK ŞİŞLİ İSTANBUL;(212) 2903424;www.stoneterroir.com;stoneterroir.com;İMİB - İstanbul Maden İhracatçıları Birliği
STONEWORLD İNTERNATİONAL MAD.NAK.İNŞ.ORM.ÜRN.MOB.SAN.VE TİC.LTD.ŞTİ.;SAHRAYICEDIT MAH.ATATURK CAD. NO:69/207 KADIKÖY İSTANBUL;(216) 3011235;http://www.adkmarble.com;adkmarble.com;İMİB - İstanbul Maden İhracatçıları Birliği
STONIA MADENCİLİK SANAYİ VE TİCARET LİMİTED ŞİRKETİ;BAĞLARBAŞI MAHALLESİ SAKARYA SOKAK MALTE PLAZA NO:35/1 MALTEPE İSTANBUL;;www.stoniamarble.com;stoniamarble.com;İMİB - İstanbul Maden İhracatçıları Birliği
STRACO TAAHHÜT İNŞAAT VE DIŞ TİCARET LTD.ŞTİ.;ESENTEPE MH İNÖNÜ CD KARTAL KULE İŞ MERKEZİ NO:147/11 KARTAL İSTANBUL;;www.straco.com.tr;straco.com.tr;İMİB - İstanbul Maden İhracatçıları Birliği
STRAIGHT LINE LOJİSTİK VE TİCARET LİMİTED ŞİRKETİ;GÖZTEPE MAH. BATIŞEHİR CAD. BATIŞEHİR K BLOK NO: 2/2 İÇ KAPI NO: 115 BAĞCILAR İSTANBUL;(212) 0000000;;;İMİB - İstanbul Maden İhracatçıları Birliği
STRONG ZIMPARA TEKNİK AŞINDIRICI SAN.VE TİC.LTD.ŞTİ;KAYNARCA MAH.MÜSAMAHA SK. NO:1A PENDİK İSTANBUL;;;;İMİB - İstanbul Maden İhracatçıları Birliği
STUDİA HAUS İÇ MİMARLIK VE REKLAM HİZMETLERİ ANONİM ŞİRKETİ;FATİH SULTAN MEHMET MAH.BALKAN CAD.MEYDAN İSTANBULAVM NO:62 A ÜMRANİYE İSTANBUL;(216) 9061300;;;İMİB - İstanbul Maden İhracatçıları Birliği
STUDİO 3 MİMARLIK MÜHENDİSLİK İNŞAAT VE TİCARET LİMİTED ŞİRKETİ;ÖMER AVNİ MAH. İNEBOLU SOK. NO 53 DAİRE 3 BEYOĞLU İSTANBUL;(212) 0000000;http://info@studio3mimarlik.com;info@studio3mimarlik.com;İMİB - İstanbul Maden İhracatçıları Birliği
STYLO MARBLE MADENCİLİK SANAYİ VE TİCARET LİMİTED ŞİRKETİ;SURURI MAH. SULTAN MEKTEBI SK. YENI BAYRAKTAR HANNO: 26 IÇ KAPI NO: 201 FATİH İSTANBUL;;http://www.stylomarble.com;stylomarble.com;İMİB - İstanbul Maden İhracatçıları Birliği
STYRONİT DOĞAL YALITIM MALZEMELERİ SAN. VE TİC. A.Ş.;DOLAYOBA FABRİKALAR MEVKİİ SAN. CAD NO 48 PENDİK İSTANBUL;(216) 3075038;www.styronit.com.tr;styronit.com.tr;İMİB - İstanbul Maden İhracatçıları Birliği
SUAT GÖKSUN;İKİTELLİ OSB MAH.DERSAN SAN.SİT.S7 SOK.NO:104 BAŞAKŞEHİR İSTANBUL;;;;İMİB - İstanbul Maden İhracatçıları Birliği
SUBERTA İNŞAAT GIDA VE İHTİYAÇ MAD. TİC. SAN. LTD. ŞTİ.;KAVACIK MAH. FATİH SULTAN MEHMET CAD. 3 4 BEYKOZ İSTANBUL;(216) 5377717;;;İMİB - İstanbul Maden İhracatçıları Birliği
SUDA STRATEJİK METAL DIŞ TİCARET ANONİM ŞİRKETİ;BARBAROS MAH. KARANFİL SOKAK VARYAP MERİDİAN SİTESİ NO:1 1D/VİLLA 4 BATI ATAŞEHİR ATAŞEHİR İSTANBUL;(216) 4741474;;;İMİB - İstanbul Maden İhracatçıları Birliği
SUDE İÇ VE DIŞ TİC. LTD. ŞTİ.;MAHMUTBEY MAH. İSTOÇ 1.ADA NO:28/32 MAHMUTBEY BAĞCILAR İSTANBUL;(212) 6595061;www.themia.com.tr;themia.com.tr;İMİB - İstanbul Maden İhracatçıları Birliği
SUİGEN GRUP LABORATUVAR ÜRÜNLERİ TİCARET LİMİTED ŞİRKETİ;BARBAROS HAYRETTİN PAŞA MAH. NAZIM HİKMET BULV. NEWİSTA RESİDENCE NO 84C DAİRE 64 ESENYURT İSTANBUL;(212) 8521971;;;İMİB - İstanbul Maden İhracatçıları Birliği
SUKAR GRUP İTHALAT İHRACAT TİC. LTD. ŞTİ.;İNÖNÜ MAH. FİDAN SOK. NO:14C ATAŞEHİR İSTANBUL;;;;İMİB - İstanbul Maden İhracatçıları Birliği
SUKHACOS KOZMETİK SANAYİ VE TİCARET ANONİM ŞİRKETİ;AOSB MAH. M. KEMAL ATATÜRK BLV. NO: 58 35640 ÇİĞLİ İZMİR;;www.sukhacos.com;sukhacos.com;İMİB - İstanbul Maden İhracatçıları Birliği
SULEYMAN İNŞAAT TURİZM VE PAZARLAMA DIŞ TİCARET LİMİTED ŞİRKETİ;OSMANIYE MAH.FILDAMI SOK.NO.19 BAKIRKÖY İSTANBUL;02125727463;;;İMİB - İstanbul Maden İhracatçıları Birliği
SULFİNOVA KİMYA VE TARIM SANAYİ TİCARET ANONİM ŞİRKETİ;EVRENOS MAHALLESİ EVRANOS KÜME EVLER FABRİKA APT. NO: 52 YUNUSEMRE/MANİSA EVRENOS 35040 YUNUSEMRE, M YUNUS EMRE MANİSA;(216) 5330347;;;İMİB - İstanbul Maden İhracatçıları Birliği
SULTAN DIŞ TİCARET DAĞITIM PAZARLAMA - AYDIN KÜTÜK;ÜNALAN MAHALLESİ, ÜNSALAN CADDESİ, NO.40/A ÜSKÜDAR İSTANBUL;;;;İMİB - İstanbul Maden İhracatçıları Birliği
SULTANS NATURAL STONE MADENC. MÜH. ENER. MINERAL PETROKIMYA DOGALTAS İT. İHR. SAN. VE TİC. A.Ş.;SÖĞÜTÖZÜ MAHALLESİ 2176 SOK. NO:7/49 ÇANKAYA ANKARA;(312) 2203595;www.sultansmarble.com;sultansmarble.com;İMİB - İstanbul Maden İhracatçıları Birliği
SUM KİMYA SANAYİ TİC A.Ş;BAHÇEŞEHİR 1. KISIM MAH. NO:5AA/6 BAŞAKŞEHİR İSTANBUL;(212) 0000000;;;İMİB - İstanbul Maden İhracatçıları Birliği
SUMAR DIŞ TİC.LTD.ŞTİ.;KÜÇÜKSU CAD. ANTASYA SİTESİ B BLOK NO:64/A D:286 SARAY 34768 ÜMRANİYE, İSTANBUL, TÜRKİYECAD.AYÇA SOK.NO.15 ÜMRANİYE İSTANBUL;(216) 3324714;www.sumar.com.tr;sumar.com.tr;İMİB - İstanbul Maden İhracatçıları Birliği
SUN CHEMİCAL MATBAA MÜREKKEPLERİ VE GEREÇLERİ SAN.TİC.A.Ş.;ATATÜRK O.S.B. 10037 SOK. NO.4 ÇİĞLİ İZMİR;(232) 3768890;www.sunchemical.com;sunchemical.com;İMİB - İstanbul Maden İhracatçıları Birliği
SUNCONTRACT İNŞAAT. MALZEMELERİ DIŞ TİCARET LİMİTED ŞİRKETİ;HOŞNUDİYE MH. İSMET İNÖNÜ-1 CD. NO:49/6 TEPEBAŞI ESKİŞEHİR;(222) 0000000;;;İMİB - İstanbul Maden İhracatçıları Birliği
SUNGUROĞLU DIŞ TİC.VE PAZ.A.Ş.;GAZİMUHTARPAŞA BUL. DOKTORLARSIT. B/BLOK KAT:3/301 ŞEHİTKAMİL GAZİANTEP;(342) 3242767;;;İMİB - İstanbul Maden İhracatçıları Birliği
SUNRİSE TENTE SANAYİ VE TİCARET LTD. ŞTİ.;SANAYİ MAH İZMİT SAN SİTESİ 9 CAD. NO205/24 İZMİT KOCAELİ;(262) 3353527;;;İMİB - İstanbul Maden İhracatçıları Birliği
SUNSTONE MADENCİLİK SANAYİ TİCARET ANONİM ŞİRKETİ;19 MAYIS MH. SİNAN ERCAN CD. UZAY SK. USTA SİT. A BLOK NO:7 KADIKÖY İSTANBUL;(216) 4106506;www.sunstoneimpexp.com;sunstoneimpexp.com;İMİB - İstanbul Maden İhracatçıları Birliği
SUPER CELIK MUTFAK CIH.IML.INS TAAH.SAN.TIC.LTD.STI.;1247.SK. NO:4 YENİMAHALLE ANKARA;(312) 2323637;;;İMİB - İstanbul Maden İhracatçıları Birliği
SUPERABRASİVE MAKİNE VE KİMYA SAN. TİC. LTD. ŞTİ.;YUKARI DUDULLU MH. NATO YOLU CD. SEVİNÇ SK.NO.10 ÜMRANİYE İSTANBUL;(216) 4503398;www.superabrasive.com.tr;superabrasive.com.tr;İMİB - İstanbul Maden İhracatçıları Birliği
SUPERKİM KİMYA SANAYİ VE TİCARET ANONİM ŞİRKETİ;İNÖNÜ MAHALLESİ 139 SOKAK NO:44 TORBALI İZMİR;;www.superkim.com.tr;superkim.com.tr;İMİB - İstanbul Maden İhracatçıları Birliği
SURTAŞ MERMER FABRİKASI SANAYİ VE TİCARET ANONİM ŞİRKETİ;BEYLIKDUZU MERMER SAN.SIT.2.CAD. NO:21 BEYLİKDÜZÜ İSTANBUL;(212) 8751515;www.surtasmermer.com;surtasmermer.com;İMİB - İstanbul Maden İhracatçıları Birliği
SÜDOR KIRTASİYE SANAYİ VE TİCARET ANONİM ŞİRKETİ;EYLİKDÜZÜ O.S.B. BARIŞ MAH. BİRLİK SAN.SİT 4.CADDE NO.28 BEYLİKDÜZÜ İSTANBUL;;www.sudor.com.tr;sudor.com.tr;İMİB - İstanbul Maden İhracatçıları Birliği
SÜLEYMAN YILDIRIM;MOLLA GÜRANİ MAHALLESİ TURGUT ÖZAL MİLLET CAD.FİLDİŞİ İŞ MERKEZİ SİT. NO: 90/318 FATİH İSTANBUL;(212) 5212425;;;İMİB - İstanbul Maden İhracatçıları Birliği
SÜLEYMANOĞLU İÇ VE DIŞ TİC.LTD.ŞTİ.;YEŞİLKENT MAH.2011.SK.A BLK.INNOVIA 3 N.18A/114 ESENYURT İSTANBUL;(212) 0077776;;;İMİB - İstanbul Maden İhracatçıları Birliği
SÜMER MEKANİK TESİSAT TİC. VE PAZARLAMA LTD.ŞTİ.;IHLAMURKUYU MAHALLESİ ÇANAKKALE CADDESİSABIR SOKAK NO:1 ÜMRANİYE İSTANBUL;(216) 6140179;;;İMİB - İstanbul Maden İhracatçıları Birliği
SÜPER ENERJİ MADENCİLİK İNŞ. SAN. VE TİC. A.Ş.;BÜYÜKDERE CAD. AKABE İŞ MERKEZİNO:78-80 K:4 AYAZAĞA ŞİŞLİ İSTANBUL;(212) 2884474;;;İMİB - İstanbul Maden İhracatçıları Birliği
SÜRKAY MADENCİLİK İNŞAAT NAKLİYAT SANAYİ VE TİCARET LTD.ŞTİ.;ESENTEPE MAH.1.GAYE SOK. DORUK OLGU APT.N:2 K:2 D:9 NİLÜFER BURSA;(224) 2493435;www.surkay.com;surkay.com;İMİB - İstanbul Maden İhracatçıları Birliği
SVET DIŞ TİC.LTD.ŞTİ.;ŞERİFALİ MAH.HATTAT SK.WAGO BLOK NO:10/1 ÜMRANİYE İSTANBUL;(216) 3641500;http://www.svet.com.tr;svet.com.tr;İMİB - İstanbul Maden İhracatçıları Birliği
SVS DOĞALTAŞ MADENCİLİK SANAYİ VE TİCARET A.Ş.;MOLLA FENARİ MAH. NUR-U OSMANİYE CAD. NO:24 KAT:1 FATİH İSTANBUL;(212) 5197958;www.svsdogaltas.com;svsdogaltas.com;İMİB - İstanbul Maden İhracatçıları Birliği
SW ENERJİ LOJİSTİK DIŞ TİCARET ANONİM ŞİRKETİ;YENIBOSNA MERKEZ MAH. DEGIRMENBAHÇE CAD. ISTWEST A1B NO: 17 A1B IÇ KAPI NO: 114 BAHÇELİEVLER İSTANBUL;;;;İMİB - İstanbul Maden İhracatçıları Birliği
SWANE ELEKTRİK SANAYİ VE DIŞ TİCARET ANONİM ŞİRKETİ;ÇINARLI MAH. 1587 SK. ATER TOWER NO:2-6 KARŞIYAKA İZMİR;(232) 0000000;;;İMİB - İstanbul Maden İhracatçıları Birliği
ŞABAN KESKİN;TURGUTREİS MAH. SAMSUN CAD. NO:98/1 SULTANBEYLİ İSTANBUL;;;;İMİB - İstanbul Maden İhracatçıları Birliği
ŞADANLAR PET DIŞ TİC. LTD. ŞTİ.;ALTKAYNARCA MAH ŞEVKAT SOKNO55 SELÇUK IŞ MER PENDİK İSTANBUL;02164895253;;;İMİB - İstanbul Maden İhracatçıları Birliği
ŞAHESER MERMER İÇ VE DIŞ TİCARET İMALAT VE SANAYİ LİMİTED ŞİRKETİ;AKSARAY CAD.NO:68 ZEMİN KAT MERKEZ ELAZIĞ;(424) 2340623;;;İMİB - İstanbul Maden İhracatçıları Birliği
ŞAHİN KIRTASİYE VE HIRDAVAT TİCARET LİMİTED ŞİRKETİ;MAHMUTBEY MH. İSTOÇ 18 ADA NO:121/127 MAHMUTBEY BAĞCILAR İSTANBUL;(212) 6591550;www.sahinkirtasiye.com.tr;sahinkirtasiye.com.tr;İMİB - İstanbul Maden İhracatçıları Birliği
ŞAHİNBAŞ KARDEŞLER AKARYAKIT İNŞAAT SANAYİ VE Tİ CARET LİMİTED ŞİRKETİ;GEVES MEVKİİ GEVES KÜME EVLER NO: 27 KARAAĞAÇ ÜME EVLER NO: 27 KARAAĞAÇ DİKMEN SİNOP;(368) 0000000;;;İMİB - İstanbul Maden İhracatçıları Birliği
ŞAHKAR GRUP LTD ŞTİ;YAŞAMKENT MAH. 3097. SOK. NO:37 ÇANKAYA ANKARA;(312) 2171820;http://www.sahkargrup.com;sahkargrup.com;İMİB - İstanbul Maden İhracatçıları Birliği
ŞANAL ISI SANAYİ VE TİCARET LİMİTED ŞİRKETİ;İNCEĞİZ YOLU KALEİÇİ MAHALLESİKANBACI MEVKİİ SOK. NO : 15 - A 34540 ÇATALCA İSTANBUL;(212) 7897030;www.sanalisi.com;sanalisi.com;İMİB - İstanbul Maden İhracatçıları Birliği
ŞARNELCİ YAKUP KUYUMCULUK SANAYİ VE TİCARET LİMİTED ŞİRKETİ;YENİBOSNA MERKEZ MAHALLESİ LADİN SOKAKKUYUMCUKENT NO:4/Z249 BAHÇELİEVLER İSTANBUL;;;;İMİB - İstanbul Maden İhracatçıları Birliği
ŞAYAKÇI NATUREL TAŞ SANAYİ VE TİCARET LİMİTED ŞİRKETİ;AKAT MAH. YILDIRIM OĞUZ GÖKER SOK. NO:A3/4 BEŞİKTAŞ İSTANBUL;(212) 2584023;www.sayakci.com;sayakci.com;İMİB - İstanbul Maden İhracatçıları Birliği
ŞEF PLASTİK ANONİM ŞİRKETİ;İNÖNÜ MAH. 166 SK. HABİTAT SİT. NO:11 TORBALI İZMİR;;;;İMİB - İstanbul Maden İhracatçıları Birliği
ŞENGÜL SERAMİK ÇIKARTMA BASKI DEKORASYON YAPI MALZEMELERİ PAZ. SAN.TİC. LTD. ŞTİ.;KARAAĞAÇ CAD. NO:54/2 ADAPAZARI SAKARYA;;www.sengulseramik.com;sengulseramik.com;İMİB - İstanbul Maden İhracatçıları Birliği
ŞENLER MERMER SANAYİ TİCARET ANONİM ŞİRKETİ;SALİHLER MAH. SALİHLER KÜME EVLERİ NO:200 SEYİTGAZİ ESKİŞEHİR;(222) 3412576;http://www.senlermarble.com;senlermarble.com;İMİB - İstanbul Maden İhracatçıları Birliği
ŞENNUR TURANLI;CAMİKEBİR MAH. KAHRAMANLAR CAD. NO:39 C KUŞADASI KUŞADASI AYDIN;(256) 0000000;;;İMİB - İstanbul Maden İhracatçıları Birliği
ŞENOL YILMAZ TEKNİK HIRDAVAT SANAYİ VE TİCARET ANONİM ŞİRKETİ;YENİ 540/1 NO 5- 9 A GAZİOSMANPAŞA İSTANBUL GAZİOSMANPAŞA İSTANBUL;(212) 4513880;;;İMİB - İstanbul Maden İhracatçıları Birliği
ŞERAFETTİN BARUTCU;YENİDOĞAN MAH RAMİ KIŞLA CAD EMİNTAŞ AKTONER SANSİT 97/204 BAYRAMPAŞA BAYRAMPAŞA İSTANBUL;;;;İMİB - İstanbul Maden İhracatçıları Birliği
ŞİMAL STEEL HOUSE PREFABRİK SANAYİ VE DIŞ TİCARET LİMİTED ŞİRKETİ;ESENTEPE MAH. CEVİZLİ D-100 GÜNEY YANYOL CAD.KARTAL VİZYON D BLOK NO:13 İÇ KAPI:113 KARTAL İSTANBUL;(216) 0000000;;;İMİB - İstanbul Maden İhracatçıları Birliği
ŞİMŞEKLER DOĞALTAŞ MADENCİLİK ANONİM ŞİRKETİ;GÖKKUŞAĞI MAH. 1210. SOK. NO: 6/A BALGAT ÇANKAYA ANKARA;(312) 2841029;www.simsekleras.com;simsekleras.com;İMİB - İstanbul Maden İhracatçıları Birliği
ŞİMŞEKLER DÖRT MERMER MADENCİLİK ANONİM ŞİRKETİ;GÖKKUŞAĞI MAH. 1210 SOK 13/A BALGAT ÇANKAYA ANKARA;(312) 2841029;;;İMİB - İstanbul Maden İhracatçıları Birliği
ŞİŞECAM DIŞ TİC.A.Ş.;İÇMELER MAHALLESİ D-100 KARAYOLU CADDESİNO:44A TUZLA İÇMELER TUZLA İSTANBUL;(850) 2065050;www.sisecam.com.tr;sisecam.com.tr;İMİB - İstanbul Maden İhracatçıları Birliği
ŞUARA YAPI MİMARLIK VE İNŞAAT TİCARET LİMİTED ŞİRKETİ;KAVACIK MAHALLESİ OTAĞTEPE CAD.ALTINOKLULAR APT. NO:54 İÇ KAPI NO:8 BEYKOZ İSTANBUL;(212) 5432616;;;İMİB - İstanbul Maden İhracatçıları Birliği
ŞUAYP DEMİREL;TANGIŞ MAH. TEPECİK CAD. NO.5 İSCEHİSAR AFYON;(272) 3413200;www.suaypdemirel.com;suaypdemirel.com;İMİB - İstanbul Maden İhracatçıları Birliği
T.S.Y. TEKNOLOJİK SERAMİK YATIRIMLARI SANAYİ VE TİCARET LTD.ŞTİ.;RİNG YOLU CADDESİ NO:13 PAMUCAK OSB 11180 11800 PAZARYERİ BİLECİK;(228) 2021124;www.cercoglaze.com;cercoglaze.com;İMİB - İstanbul Maden İhracatçıları Birliği
TABİ MERMER SANAYİ VE TİCARET LİMİTED ŞİRKETİ;AFYON ANKARA YOLU 20.KM. İSCEHİSAR AFYON;(272) 3413711;www.tabiimarble.com;tabiimarble.com;İMİB - İstanbul Maden İhracatçıları Birliği
TACİRLER GRUP EV DEKORASYON ÜRN. SAN. A.Ş.;ORTA MAH. TOPKAPI MALTEPE CAD. NO:10 BAYRAMPAŞA İSTANBUL;(212) 5651424;;;İMİB - İstanbul Maden İhracatçıları Birliği
TAÇ MUTFAK EŞYALARI AMB. İNŞ. İML. SAN. VE TİC. LTD. ŞTİ.;KAYABAŞI MAH. ISTIKLAL CD.BAŞAK SK. NO.10 KÜÇÜKÇEKMECE İSTANBUL;02126910621;www.tacmutfak.com;tacmutfak.com;İMİB - İstanbul Maden İhracatçıları Birliği
TAG DIŞ TİC. VE DANIŞ. LTD. ŞTİ.;ABDÜLEZEL PAŞA SOK. NO.10/11 KOZYATAĞI KADIKÖY İSTANBUL;(216) 4162666;www.tagtrade.com.tr;tagtrade.com.tr;İMİB - İstanbul Maden İhracatçıları Birliği
TAHA MAKİNA MAKİNA VE YEDEK OARÇA İMALATI KONF. SAN. VE TİC. LTD.ŞTİ.;DAVUTPAŞA CAD. KALE İŞ MERKEZİ NO:143 ZEYTİNBURNU İSTANBUL;(212) 4821317;www.tahamakina.com;tahamakina.com;İMİB - İstanbul Maden İhracatçıları Birliği
TAKIMSAN DISLI KESICI TAKIMLAR YED.PARC.SAN.TIC.LTD.STI.;OMERLI KOYU MEVKII KOSKOOP SANSIT.A.KAHVECI CD.NO.11 ÇATALCA İSTANBUL;02127982133;;;İMİB - İstanbul Maden İhracatçıları Birliği
TALYA SET TAKVORYAN;YANIKKAPI İŞ HANI EMEKYEMEZ MAHALLESİ, YANIKKAPI SYANIKKAPI SOKAK NO.27, KAT:3 BEYOĞLU İSTANBUL;;;;İMİB - İstanbul Maden İhracatçıları Birliği
TAM TEZ YAPI İNŞAAT SAN VE TİCARET A.Ş;YENİ KAYSERİ YOLU 6.KM ÜRGÜP/NEVŞEHİR PK:50400 ÜRGÜP NEVŞEHİR;;;;İMİB - İstanbul Maden İhracatçıları Birliği
TAMER PEHLİVAN;ALTINTEPE MAH.EMİN ALİ PAŞA CAD.KÖKNAR SOKAKÇELİKEL APT B BLOK DAIRE 21 MALTEPE İSTANBUL;;;;İMİB - İstanbul Maden İhracatçıları Birliği
TAMYAP TURİZM İNŞAAT SANAYİ VE TİCARET LİMİTED ŞİRKETİ;YENİŞEHİR MAH.DEMOKRASİ BULVARI NO:54/A İZMİT KOCAELİ;(262) 0000000;;;İMİB - İstanbul Maden İhracatçıları Birliği
TANDA YANGIN ALARM SİSTEMLERİ TİC.LTD.ŞTİ;ALAADDİN BEY MAH.614.SK 6 NOLU BGMZ NO:1/E NİLÜFER BURSA;(224) 4436007;;;İMİB - İstanbul Maden İhracatçıları Birliği
TANGARA TRADE KIMYA SANAYI VE DIŞ TICARET LIMITED ŞIRKETI;AKŞEMSETTIN MAH. ADNAN MENDERES VATAN BLV. NO:6 İÇKAPI NO:2 FATİH İSTANBUL;(212) 3154480;https://tangaratrade.com;tangaratrade.com;İMİB - İstanbul Maden İhracatçıları Birliği
TANIM TEKSTİL DANIŞMANLIK İTHALAT İHRACAT VE DIŞ TİCARET LTD. ŞTİ.;NUSRETIYE MAH.CAMLIBEL CD.OZOGULCAN SIT.B.BLOK.K.5 D.4 ÇORLU TEKİRDAĞ;;;;İMİB - İstanbul Maden İhracatçıları Birliği
TANISIR DIS TICARET LTD.STI.;İSTOÇ TOPTANCILAR ÇARŞISI 17. ADA NOİ:!20 MAHMUTBEY BAĞCILAR İSTANBUL;(212) 6598058;www.tanisir.com.tr;tanisir.com.tr;İMİB - İstanbul Maden İhracatçıları Birliği
TANPAK AMBALAJ SAN VE TİC LTD ŞTİ.;ÇORAKLAR MAH. 5006 SK. 6 1 ALİAĞA İZMİR;(232) 6215011;www.tanpak.com.tr;tanpak.com.tr;İMİB - İstanbul Maden İhracatçıları Birliği
TANRIKULU ENDÜSTRİ MALZ.SAN.VE TİC.A.Ş.;ORG SAN BOL NO:35 FATSA ORDU;04524243210;www.tanrikulu.zno;tanrikulu.zno;İMİB - İstanbul Maden İhracatçıları Birliği
TANŞUER İNŞAAT MADENCİLİK TURİZM NAKLİYE İÇ VE DIŞ SANAYİ TİCARET LİMİTED ŞİRKETİ;ÇELİKTEPE MAH.İSMET İNÖNÜ CAD. YILDIRIMLAR İŞ MERKN.11/501 KAĞITHANE İSTANBUL;;;;İMİB - İstanbul Maden İhracatçıları Birliği
TARA BİYOTEKNOLOJİ KİMYA MAKİNA İNŞAAT İTHALAT İHRACAT SANAYİ TİCARET LİMİTED ŞİRKETİ;SEYRANTEPE MH.ÇALIŞKAN SK.NI:1/4 KAĞITHANE İSTANBUL;(212) 2977484;;;İMİB - İstanbul Maden İhracatçıları Birliği
TARGET MİMARLIK YAPI SANAYİ VE DIŞ TİC.LTD.ŞTİ.;MASLAK MAH. TAŞYONCASI SK. MASLAK 1453 1AD A4NO: 1 AD İÇ KAPI NO: 67 SARIYER/ İSTANBUL SARIYER İSTANBUL;(212) 0000000;;;İMİB - İstanbul Maden İhracatçıları Birliği
TARHAN YAPI MALZ.TIC.LTD.STI.;İSTASYON MAH. LONDRA CAD. İPSALA YOLU ÜZERI 2. KM NO.17 KEŞAN EDİRNE;(284) 7146789;www.tarhanyapi.com;tarhanyapi.com;İMİB - İstanbul Maden İhracatçıları Birliği
TARMAN YAPI SİSTEMLERİ VE DIŞ TİC. LTD. ŞTİ.;BAGDAT CAD.NO:149/6 KADIKÖY İSTANBUL;(216) 3857069;www.tarmanyapi.com;tarmanyapi.com;İMİB - İstanbul Maden İhracatçıları Birliği
TASARIM YAPI SAUNA HAVUZ INŞ. SAN.IÇ VE DIŞ TIC.LTD.ŞTI;ATATÜRK BULV. NO:100 B-104 İKİTELLİ OSB 34260 İKİTELLİ BAŞAKŞEHİR İSTANBUL;(212) 4860666;www.juno.com.tr;juno.com.tr;İMİB - İstanbul Maden İhracatçıları Birliği
TASFİYE HALİNDE HAZAL İNŞAAT MADENCİLİK SANAYİ VE TİCARET LİMİTED ŞİRKETİ;ABDURRAHMANGAZİ MAH. PETROL YOLU CAD.NO:161/1 SULTANBEYLİ İSTANBUL;;;;İMİB - İstanbul Maden İhracatçıları Birliği
TAŞ MERKEZİ YAPI İNŞAAT SANAYİ VE TİCARET LİMİTED ŞİRKETİ;ÇENGELDERE MAH.ULUS CAD.NO:5/1 BEYKOZ İSTANBUL;(216) 0000000;;;İMİB - İstanbul Maden İhracatçıları Birliği
TAŞ STİL İNŞAAT VE MONTAJ SAN.VE TİC.LTD.ŞTİ.;RAMAZANOĞLU MAH.ÇUKUROVA CAD. NO:13 1/1 PENDİK İSTANBUL;(212) 7020024;;;İMİB - İstanbul Maden İhracatçıları Birliği
TAŞANLAR MERMER İNŞAAT TARIM TURİZM SANAYİ VE TİCARET LİMİTED ŞİRKETİ;YENI SANAYI SITESI.MUSTAFAYAGLI C.NO:9 ÜRGÜP NEVŞEHİR;03843413298;www.tasanlarmermer.com;tasanlarmermer.com;İMİB - İstanbul Maden İhracatçıları Birliği
TAŞCA DOĞAL TAŞ SANAYİ VE PAZARLAMA A.Ş.;MİMAR SİNAN MAH. BOSNA CAD. NO:2-4 K:3 D:10 ÇEKMEKÖY İSTANBUL;(216) 6400640;www.tasca.com.tr;tasca.com.tr;İMİB - İstanbul Maden İhracatçıları Birliği
TAŞIBEYAZ DOĞALTAŞ İNŞAAT SANAYİ VE TİC. LTD. ŞTİ.;FERHATPAŞA MAH. 91. SOK. ÜÇTAŞ MERMER İNŞ. DEPO NO:11 ATAŞEHİR İSTANBUL;(216) 3334455;;;İMİB - İstanbul Maden İhracatçıları Birliği
TAŞLAR MERMER MADENCİLİK İNŞAAT SANAYİ VE TİCARET LİMİTED ŞİRKETİ;BARBAROS HAYRETTİN PAŞA MAH. 1992 SK.VETRO CİTY NO:16/192 ESENYURT /İSTANBUL ESENYURT İSTANBUL;(212) 8560027;;;İMİB - İstanbul Maden İhracatçıları Birliği
TAŞMAN İÇ VE DIŞ TİCARET LİMİTED ŞİRKETİ;ATATÜRK MAHALLESİ ATAŞEHİR BULVARI NO:6/25 ATAŞEHİR İSTANBUL;;;;İMİB - İstanbul Maden İhracatçıları Birliği
TAŞPER PERLİT SAN. VE TİC. LTD. ŞTİ.;AKSEMSETTIN MAH. FATIH BULVARINO:590 SULTANBEYLİ İSTANBUL;(216) 4875018;www.sivaper.com;sivaper.com;İMİB - İstanbul Maden İhracatçıları Birliği
TAŞYAPI İNŞAAT TAAHHÜT SAN.VE TİC.A.Ş.;KÜCÜK CAMLICA MAH. SEHİT İSMAİL MORAY SOKAK NO:13 ALTUNİZADE ÜSKÜDAR İSTANBUL;02163396570;www.tasyapi.com;tasyapi.com;İMİB - İstanbul Maden İhracatçıları Birliği
TATMETAL ÇELİK SANAYİ VE TİCARET ANONİM ŞİRKETİ;HAMZAFAKIHLI MAH. YAŞAR TETİKER BULVARI NO:1 ZIP: 67300 KDZ. EREĞLİ ZONGULDAK TEL: 03723343740PK:673 KARADENİZEREĞLİ ZONGULDAK;(372) 3343740;www.tatmetal.com.tr;tatmetal.com.tr;İMİB - İstanbul Maden İhracatçıları Birliği
TAY MADEN MERMER İNŞ.SAN.TİC.LTD.ŞTİ.;KARAPINAR KÖYÜ NO:465 BUCAK BURDUR;;;;İMİB - İstanbul Maden İhracatçıları Birliği
TECHNON MÜHENDISLIK SANAYI VE TICARET ANONIM ŞİRKETİ;ALTAYÇEŞME MAH. CAMLI SOK. NO.21/21OFİSPARK İŞ MRK. MALTEPE İSTANBUL;(216) 2256417;technon.com.tr;technon.com.tr;İMİB - İstanbul Maden İhracatçıları Birliği
TECİR LABORATUVAR SARF MALZEMELER SANAYİ VE TİCARET LİMİTED ŞİRKETİ;ORU. REİS MAH GİYİMKENT SİT: CAD.14 SK.B148APT.58/A ESENLER İSTANBUL;;www.tecirlab.com;tecirlab.com;İMİB - İstanbul Maden İhracatçıları Birliği
TECNODİECİ İÇ VE DIŞ TİCARET LTD.ŞTİ.;YENİBAĞLAR MAH. ULUDAĞ SOK. ANADOLU APT.NO:7/10 TEPEBAŞI ESKİŞEHİR;(222) 2308325;;;İMİB - İstanbul Maden İhracatçıları Birliği
TEDARİK ZİNCİRİ DAĞITIM GIDA PAZ.A.Ş;KISIKLI MAH.ALEMDAĞ CAD.YANYOL SOK NO:10/10 ÜSKÜDAR İSTANBUL;;http://www.tedarikzinciri.com.tr;tedarikzinciri.com.tr;İMİB - İstanbul Maden İhracatçıları Birliği
TEK DOĞAL TAŞ LİMİTED ŞİRKETİ;AYAZAĞA MAH. KEMERBURGAZ CAD. VADI ISTANBUL PARK 7B BLOK NO:7 C İÇ KAPI NO:51 SARIYER İSTANBUL SARIYER İSTANBUL;;;;İMİB - İstanbul Maden İhracatçıları Birliği
TEK KALE İNŞAAT GIDA OTOMOTİV HAYVANCILIK TAAHÜT SANAYİ VE TİCARET LİMİTED ŞİRKETİ;MERKEZ MAH ÇAVUŞBAŞI CAD NO 76 1A İÇ KAPI NO 1 ÇEKMEKÖY İSTANBUL;(264) 2787929;;;İMİB - İstanbul Maden İhracatçıları Birliği
TEKART AŞINDIRICI ÜRÜNLER DIŞ TİC. LTD.ŞTİ.;BEYLİKDÜZÜ OSB MAH. BİRLİK SAN. SİT. 3.CD. ADM BİRLİK PLAZA NO:13/35 BEYLİKDÜZÜ İSTANBUL;(212) 6597375;;;İMİB - İstanbul Maden İhracatçıları Birliği
TEKCAN IC VE DIS TIC.PAZ.SAN. LTD.STI.;YUNUSEMRE MAH. VEYSEL KARANİ CAD. TABİAT SOK.NO:11 SANCAKTEPE İSTANBUL;(216) 3121515;www.tekcanltd.com;tekcanltd.com;İMİB - İstanbul Maden İhracatçıları Birliği
TEKİMSAN TEKNİK İNŞ.VE MAKİNA SAN.MİMARLIK MUH.TİC.LTD.ŞTİ.;FERHATPASA MAH. G 17 S. N:112 KARTAL İSTANBUL;02164718255;www.tekimsan.com.tr;tekimsan.com.tr;İMİB - İstanbul Maden İhracatçıları Birliği
TEKKIM KIMYA SANAYI VE TIC.LTD STI.;ORG.SAN.BÖLG. MAVİ CD. 8.SKNO.1 NİLÜFER BURSA;(224) 2432171;www.tekkim.com.tr;tekkim.com.tr;İMİB - İstanbul Maden İhracatçıları Birliği
TEKLAS KAUÇUK SAN. VE TİC. AŞ;BARIS MAH.KOŞUYOLU CAD.1804-2 SOKAK NO:26 GEBZE KOCAELİ;02626484400;www.teklas.com.tr;teklas.com.tr;İMİB - İstanbul Maden İhracatçıları Birliği
TEKNIK GRAFIT LİİMİTED ŞİRKETİ;4. ESENŞEHİR MAH. PIRLANTA SOK.NO.56 ESENŞEHİR ÜMRANİYE İSTANBUL;(216) 3651046;www.teknikgrafit.com.tr;teknikgrafit.com.tr;İMİB - İstanbul Maden İhracatçıları Birliği
TEKNIK MERMER SANAYİ VE TICARET LİMİTED ŞİRKETİ;KARLIBAYIR MAH SEMA CAD 39/1 ARNAVUTKÖY İSTANBUL;02125252469;www.teknikmermer.com.tr;teknikmermer.com.tr;İMİB - İstanbul Maden İhracatçıları Birliği
TEKNİK ARITMA MÜHENDİSLİK MÜŞAV.HİZM.TAAH.TİC.SAN.LTD.ŞTİ.;İKİTELLİ ORG. SAN.BÖL.ATATÜRK BUL.19.CD.BİKSAN SAN.SİT.C BLOK N:16-17 İKİTELLİ BAŞAKŞEHİR İSTANBUL;(212) 4444823;http://www.teknikaritma.com.tr;teknikaritma.com.tr;İMİB - İstanbul Maden İhracatçıları Birliği
TEKNİK ASAL ÇELİK İNŞAAT SAN.VE TİC.LTD.ŞTİ.;ŞERİFALİ MAH.BAYRAKTAR BULV.PASİFİKGRANİT MERMER NO:46 ÜMRANİYE İSTANBUL;(216) 3143417;;;İMİB - İstanbul Maden İhracatçıları Birliği
TEKNİK DÖKÜM KAPLAMA MALZEMELERİ SANAYİ VE TİCARET ANONİM ŞİRKETİ;DELİKLİKAYA MH KISIKLI CD NO:69 ARNAVUTKÖY İSTANBUL;(212) 5185757;www.teknikdokum.com;teknikdokum.com;İMİB - İstanbul Maden İhracatçıları Birliği
TEKNİK İŞ MAKİNE HIRDAVAT SANAYİ VE TİCARET LİMİTED ŞİRKETİ;ARAPCAMİ MAHALLESİ PERŞEMBE PAZARI CADDESİ NO:6/B BEYOĞLU İSTANBUL;(212) 2560054;;;İMİB - İstanbul Maden İhracatçıları Birliği
TEKNİK KAUÇUK SAN.A.Ş.;FIRUZKÖY YOLU ÜZERI N:31 AVCILAR İSTANBUL;02125910800;www.sel.com.tr;sel.com.tr;İMİB - İstanbul Maden İhracatçıları Birliği
TEKNİKA TEKNİK ENDÜSTRİ TESİSLERİ İMALAT VE MONTAJ ANONİM ŞİRKETİ;ATATÜRK MAH. ATAŞEHİR BULVARI GARDENYA PLAZA 5 NO:5/14 ATAŞEHİR İSTANBUL;(216) 9096840;www.teknika.tr;teknika.tr;İMİB - İstanbul Maden İhracatçıları Birliği
TEKNİKMARKET CİVATA VE HIRDAVAT SAN TİC LTD ŞTİ.;FERHATPAŞA MAHALLESİ KARADENİZ CADDESİ NO:26 ATAŞEHİR İSTANBUL;(216) 4719110;http://www.teknikmarket.com;teknikmarket.com;İMİB - İstanbul Maden İhracatçıları Birliği
TEKNO YAPI KİMYASALLARI SAN.VE TİC.A.Ş.;İSTANBUL DERİ ORGANİZE SANAYİBÖLGESİ GERGEF SOK. NO.6 ORHANLI TUZLA İSTANBUL;(216) 4291000;www.teknoyapi.com.tr;teknoyapi.com.tr;İMİB - İstanbul Maden İhracatçıları Birliği
TEKNOFİNAL DIŞ TİCARET LİMİTED ŞİRKETİ;İSMETPAŞA MAHALLESİ 93. SOKAK A BLOK APT. NO:2/A SULTANGAZİ İSTANBUL;(212) 5143788;www.teknofinal.com;teknofinal.com;İMİB - İstanbul Maden İhracatçıları Birliği
TEKNOKON ENDÜSTRİ TESİSLERİ İNŞ. VE MONTAJ A.Ş.;CEVİZLİ MH. KURİŞ KULE İŞ MERK. CEVİZLİ D-100 GÜNEY YANYOL NO:2/2 KARTAL İSTANBUL;(262) 3840428;www.teknokon.com;teknokon.com;İMİB - İstanbul Maden İhracatçıları Birliği
TEKNOMADEN MADENCİLİK NAKLİYAT HAFRİYAT SANAYİ VE TİCARET LİMİTED ŞİRKETİ;ATATÜRK MAHALLESİ ÇANAKKALE CADDESİ NO:42/1 ÇAN ÇANAKKALE;(286) 4165441;;;İMİB - İstanbul Maden İhracatçıları Birliği
TEKNOMAR GRUP MADENCİLİK İNŞAAT NAKLİYE TURİZM İŞLETMECİLİĞİ SANAYİ VE DIŞ TİCARET LİMİTED ŞİRKETİ;GÜLDARPI MAHALLESİ KARAAĞAÇ KÜMEEVLER NO:43 ÇUBUK ANKARA;(312) 8271713;http://www.nadumaden.com;nadumaden.com;İMİB - İstanbul Maden İhracatçıları Birliği
TEKNOMER TURİZM TARIM MADENCİLİK İNŞ.TİC.LTD.ŞTİ.;ÇAMLICA MAH. ORGANİZE SANAYİ BÖLGESİ 1752 SOK. NO:20 BUCAK BURDUR;(248) 3171400;www.teknomermarble.com;teknomermarble.com;İMİB - İstanbul Maden İhracatçıları Birliği
TEKNOSİL SİLİKON KAUÇUK SANAYİ VE TİCARET ANONİM ŞİRKETİ;MALTEPE MAHALLESİ DAVUTPAŞA CADDENO:141 ZEYTİNBURNU İSTANBUL;(212) 4820901;www.teknosil.com;teknosil.com;İMİB - İstanbul Maden İhracatçıları Birliği
TEKNOTHERM METAL SAN. VE TİC.A.Ş.;GÜLSUYU MAH.FEVZİ ÇAKMAK CAD.BİLGİNER SOK.TESA İŞ MERKZ.N:9/1-2 MALTEPE İSTANBUL;(216) 5931860;www.teknotherm.com.tr;teknotherm.com.tr;İMİB - İstanbul Maden İhracatçıları Birliği
TEKROCK MADENCİLİK ANONİM ŞİRKETİ;DİKİLİTAŞ MH.HAKKI YETEN CAD. NO:10/I KAT:4 BEŞİKTAŞ İSTANBUL;(212) 3372800;;;İMİB - İstanbul Maden İhracatçıları Birliği
TEKSAN JENERATÖR-ELEKTRİK SANAYİ VE TİCARET ANONİM ŞİRKETİ;YENİDOĞAN MAHALLESİ EDEBALİ CADDESİNO:12 YENİDOĞAN SANCAKTEPE İSTANBUL;(216) 3120550;www.teksanjenerator.com.tr;teksanjenerator.com.tr;İMİB - İstanbul Maden İhracatçıları Birliği
TEK-SER TEKNİK SERAMİK TİC.VE SAN.A.Ş;Y.DUDULLU ICERENKOY YOL ÜZERIKEYAP SAN.SIT.F-1 BLOK N:94 ÜMRANİYE İSTANBUL;(216) 3656464;www.tekser.org;tekser.org;İMİB - İstanbul Maden İhracatçıları Birliği
TEKTAŞLAR YAPI İNŞAAT SANAYİ VE TİCARET LİMİTED ŞİRKETİ;SAMİPAŞA NO: 65B/1 KÜÇÜKÇEKMECE İSTANBUL;(212) 0000000;;;İMİB - İstanbul Maden İhracatçıları Birliği
TEKZEN TİCARET VE YATIRIM A.Ş.;CENDERE CAD. NO.30 BAB PLAZA KAT 6-7-8 TEKZEN TİCARET VE YATIRIM A.Ş. MERKEZ 34406 KAĞITHANE İSTANBUL;(212) 6601011;www.tekzen.com.tr;tekzen.com.tr;İMİB - İstanbul Maden İhracatçıları Birliği
TELAS LASTİK SANAYİ VE TİCARET ANONİM ŞİRKETİ;DELİKLİKAYA MAHALLESİ KİTABE CADDESİ NO: 13-19İÇ KAPI NO: 1 ARNAVUTKÖY ARNAVUTKÖY İSTANBUL;(212) 4854801;www.telas.com.tr;telas.com.tr;İMİB - İstanbul Maden İhracatçıları Birliği
TEMA HIRDAVAT İÇ VE DIŞ TİCARET LİMİTED ŞİRKETİ;50.YIL MAHALLESİ 2152 SOKAK NO:3 İÇ KAPI NO:3 SULTANGAZİ İSTANBUL;(212) 8926596;;;İMİB - İstanbul Maden İhracatçıları Birliği
TEMAR DENİZCİLİK VE TİCARET A.Ş.;AYDINLIYOLU CADDESİ NO:34/4TUZLA İSTANBUL İÇMELER 34940 TUZLA İSTANBUL;(216) 5820043;;;İMİB - İstanbul Maden İhracatçıları Birliği
TEMAŞ METAL ALÜMİNYUM PLASTİK CAM DEKORASYON İNŞAAT İTHALAT İHRACAT SANAYİ VE TİCARET LTD.ŞTİ.;KAZIM KARABEKİR MAH. 2.KIRCAALİ SK. TEMAŞ FIRATPENNO: 2 İÇ KAPI NO: 1 YILDIRIM BURSA;(224) 3602025;;;İMİB - İstanbul Maden İhracatçıları Birliği
TEMBA İNŞAAT MADENCİLİK SANAYİ TİCARET LİMİTED ŞİRKETİ;CUMHURİYET MAH. D-100 KARAYOLU CAD. ADM KONAKLAMA SİTESİ OUTLET PARK AVM NO:374 İÇ KAPI NO:63 BÜYÜKÇEKMECE İSTANBUL;(212) 0000000;;;İMİB - İstanbul Maden İhracatçıları Birliği
TEMCO KOZMETİK TEKSTİL VE AMBALAJ DIŞ TİC. LTD. ŞTİ.;BAĞDAT CD. ARK PLAZA NO: 399B/1 SUADİYE ERENKÖY KADIKÖY İSTANBUL;(216) 7097133;www.temcoint.com;temcoint.com;İMİB - İstanbul Maden İhracatçıları Birliği
TEMKO PAZARLAMA İÇ VE DIŞ TİCARET LİMİTED ŞİRKETİ;TÜRKGÜCÜ OSB MAH. 216 SK. TEMKO KOZMETİKNO:14/1 ÇORLU TEKİRDAĞ;(282) 6818670;https://www.temkocosmetics.com/;temkocosmetics.com;İMİB - İstanbul Maden İhracatçıları Birliği
TEMMER EKSPORT MADENCİLİK DIŞ TİCARET SANAYİ VE TİCARET ANONİM ŞİRKETİ;MASLAK MAHALLESİ BİLİM SOKAK SUN PLAZA BLOK NO:5A İÇ KAPI NO:41 SARIYER İSTANBUL SARIYER İSTANBUL;;;;İMİB - İstanbul Maden İhracatçıları Birliği
TEMMER MERMER MADENCİLİK İNŞAAT SANAYİ VE TİCARET ANONİM ŞİRKETİ;ORG.SANAYI BOLG.2.CAD.9.SOK.NO:2 AFYONKARAHİSAR AFYON;(272) 2211901;www.temmermarble.com;temmermarble.com;İMİB - İstanbul Maden İhracatçıları Birliği
TEMPA PANO SANAYI VE TICARET A .S.;MAKİNE İHTİSAS ORGANİZE SAN. BÖL. 2.CADDE NO: 1 DEMİRCİLER KÖYÜ DİLOVASI KOCAELİ;;www.tempa.com.tr;tempa.com.tr;İMİB - İstanbul Maden İhracatçıları Birliği
TEMPE KIMYASAL YEM KATKILARI SANAYİ ANONİM ŞİRKETİ;YUNUS EMRE MAH.SABIR CD.NO.7 ÜMRANİYE İSTANBUL;02164618760;;;İMİB - İstanbul Maden İhracatçıları Birliği
TENDO MED SAĞLIK ÜRÜNLERİ İTHALAT İHRACAT PAZARLAMA SANAYİ İÇ VE DIŞ TİCARET LİMİTED ŞİRKETİ;MERKEZ MAH. BASMACI ABDİ EFENDİ SK.NO:12 GAZİOSMANPAŞA İSTANBUL;(212) 4276663;;;İMİB - İstanbul Maden İhracatçıları Birliği
TENOKA İNŞAAT İTHALAT İHRACAT SANAYİ VE TİCARET LTD.ŞTİ.;TURGUT REIS MAH. FATIH BULVARIAKER SOK. NO.5 SULTANBEYLİ İSTANBUL;(216) 4195940;www.tenokagranit.com.tr;tenokagranit.com.tr;İMİB - İstanbul Maden İhracatçıları Birliği
TERAPOL YAPI KİMYASALLARI SANAYİ VE TİCARET A.Ş.;MİMAR SİNAN MAH. ÜSKÜDAR CAD. YEDPA TİCARET MERKEZİ G CAD.NO:1 G/77 ATAŞEHİR İSTANBUL;(216) 4757200;;;İMİB - İstanbul Maden İhracatçıları Birliği
TERMINUS İTHALAT İHRACAT ANONİM ŞİRKETİ;ORUÇREİS MAH. GİYİMKENT 1.SOK. GİYİM KENT B8NO:24/A ESENLER İSTANBUL;(212) 4382401;http://www.terminustrade.com;terminustrade.com;İMİB - İstanbul Maden İhracatçıları Birliği
TERMOPAK MÜHENDİSLİK SAN.TİC.AŞ.;ARAP CAMİ MAH. PERŞEMBE PAZARI CAD. CENGİZ HAN NO :17 /B BEYOĞLU İSTANBUL;(212) 2921261;;;İMİB - İstanbul Maden İhracatçıları Birliği
TERRA MADRE SANAT TASARIM LTD. ŞTİ.;KUZGUNCUK MAH. ÜRYANİZADE SOK. NO:13 ÜSKÜDAR İSTANBUL;(216) 0000000;www.atelierterramadre.com;atelierterramadre.com;İMİB - İstanbul Maden İhracatçıları Birliği
TERRA PURA MİNERAL SANAYİ LİMİTED ŞİRKETİ;KÜÇÜKBAKKALKÖY MAH.SELVİLİ SK. NO:4İÇ KAPI NO :20 ATAŞEHİR İSTANBUL;(216) 0000000;;;İMİB - İstanbul Maden İhracatçıları Birliği
TERRA TOPRAKLAMA ELEKTRİK MÜHENDİSLİK LİMİTED ŞİRKETİ;HALIL RIFAT PASA MAH. YÜZER HAVUZ SK. PERPA TIC MERKEZİB BLOK NO: 1 /1 IÇ KAPI NO: 390 ŞİŞLİ İSTANBUL;;;;İMİB - İstanbul Maden İhracatçıları Birliği
TERRACO YAPI MALZEMELERI SANAYII VE TICARETI A.S.;NO:21 ODUNPAZARI ORGANİZE SANAYİ BÖLGESİ MÜMTAZ ZEYTİNOĞLU BULVARI MERKEZ ESKİŞEHİR;;www.terraco.com.tr;terraco.com.tr;İMİB - İstanbul Maden İhracatçıları Birliği
TERZİ MADENCİLİK SANAYİ İNŞAAT İHRACAT İTHALAT LİMİTED ŞİRKETİ;SARAYLAR BELDESI SARAYLAR MARMARA BALIKESİR;;;;İMİB - İstanbul Maden İhracatçıları Birliği
TESKA MİMARLIK TURİZM İNŞAAT VE TİC. LTD. ŞTİ.;BEBEK GÜNAYDIN APT.CEVDETPAŞA CAD.N:107 İÇ KAPI NO:1 BEŞİKTAŞ İSTANBUL;(212) 2578001;www.teskamimarlik.com;teskamimarlik.com;İMİB - İstanbul Maden İhracatçıları Birliği
TESSENDERLO KERLEY TURKEY TARIM VE KİMYA SANAYİ VE TİCARET LİMİTED ŞİRKETİ;İZMİR ANKARA YOLU ANSİZCA MEZRA ALTI N:312 KEMALPAŞA İZMİR;(232) 8780093;www.tessenderlokerleyturkey.com;tessenderlokerleyturkey.com;İMİB - İstanbul Maden İhracatçıları Birliği
TETA KALIP VE DANIŞMANLIK LİMİTED ŞİRKETİ;İKİTELLİ OSB MAH. ATATÜRK BULVARI NO:60 ÇELİK&YENALİŞ MRK. KAT:2/2E 34490 İKİTELLİ BAŞAKŞEHİR İSTANBUL;(212) 6030294;;;İMİB - İstanbul Maden İhracatçıları Birliği
TETAŞ İÇ VE DIŞ TİCARET ANONİM ŞİRKETİ;AKÇABURGAZ MAH.3047.SOK.N:2 ESENYURT İSTANBUL;(212) 8669000;www.tetas.com.tr;tetas.com.tr;İMİB - İstanbul Maden İhracatçıları Birliği
TETİKLER KİMYA TEKSTİL MATBAA SANAYİ VE TİCERET LİMİTED ŞİRKETİ;FATİH MAH. 3. CSDDE 211 SOK NO 10 1 ESENLER İSTANBUL;(212) 0000000;http://www.tetiklerkimya.com.tr;tetiklerkimya.com.tr;İMİB - İstanbul Maden İhracatçıları Birliği
TETRA MERMER MADENCİLİK SANAYİ VE TİCARET LİMİTED ŞİRKETİ;ADIL MAH. DEMOKRASI CAD. NO:19 SULTANBEYLİ İSTANBUL;02165920111;;;İMİB - İstanbul Maden İhracatçıları Birliği
TETRAMAR DOĞAL TAŞ MERMER SAN. VE TİC. LTD. ŞTİ.;VİŞNEZADE MAH. SÜLEYMAN SEBA CAD. NO:48 BEŞİKTAŞ PLAZA A BLOK D:85 BEŞİKTAŞ İSTANBUL;(212) 4463450;www.tetramar.com;tetramar.com;İMİB - İstanbul Maden İhracatçıları Birliği
TEXPLAST TÜKETİM MALLARI SANAYİ VE TİCARET LİMİTED ŞİRKETİ;ISTIKLAL MAH. MURATLI CAD. ARPACI OGLUGIDA ITR SAN. TIC. AS. NO: 237 /1 SÜLEYMANPAŞA TEKİRDAĞ;(282) 0000000;;;İMİB - İstanbul Maden İhracatçıları Birliği
TEXPORT DOĞAL TAŞ ÜRETİM PAZARLAMA SANAYİ VE TİCARET ANONİM ŞİRKETİ;HAKKI YETEN CD. NO:10-I KAT:4 SELENIUM PLAZA DİKİLİTAŞ 34394 BEŞİKTAŞ İSTANBUL;(212) 3372800;www.texportmarble.com;texportmarble.com;İMİB - İstanbul Maden İhracatçıları Birliği
TEZCAN HIRDAVAT VE İŞ GÜVENLİĞİ SANAYİ TİC LTD ŞTİ;AYDINTEPE MAH COŞKUN SOK NO:24 B TUZLA İSTANBUL;(216) 4930801;www.tezcan-isghirdavat.com;tezcan-isghirdavat.com;İMİB - İstanbul Maden İhracatçıları Birliği
TFM DIŞ TİCARET İNŞAAT SAN. VE TİC. LTD.ŞTİ.;BAŞAKŞEHİR MAH. 4.KISIM TOROS CAD. ARTERIUM SIT. NO:1/72 BAŞAKŞEHİR İSTANBUL;(212) 4515888;;;İMİB - İstanbul Maden İhracatçıları Birliği
TGS BİLİŞİM SANAYİ TİCARET LİMİTED ŞİRKETİ;KADIKÖY MAH. BAĞDAT CAD. NO:60 İZMİT KOCAELİ;(262) 0000000;;;İMİB - İstanbul Maden İhracatçıları Birliği
TGS DIŞ TİC. AŞ;MERKEZ MAH. BASIN EKSPRES YOLUCAPITAL TOWER NO.9 K:1 KÜÇÜKÇEKMECE İSTANBUL;(212) 6445858;www.tgsas.com;tgsas.com;İMİB - İstanbul Maden İhracatçıları Birliği
THE CEEL KOZMETİK İÇ VE DIŞ TİCARET ANONİM ŞİRKETİ;ÇUBUKLU MAH. DEDEOĞLU CAD. NO:36 İÇ KAPI NO:A BEYKOZ İSTANBUL;(216) 0000000;;;İMİB - İstanbul Maden İhracatçıları Birliği
THERMOLE GROUP DIŞ TİCARET ANONİM ŞİRKETİ;CEVİZLİ MAH. ENDERUN SOK.NO: 10 C / 69 KARTAL İSTANBUL;(216) 0000000;;;İMİB - İstanbul Maden İhracatçıları Birliği
THP MAKİNE SANAYİ VE TİCARET LİMİTED ŞİRKETİ;ORGANİZE SANAYİ BÖLGESİ MEVKİİ 2.CADDE CAD. TROYA MARINE NO:10 TUZLA İSTANBUL;;;;İMİB - İstanbul Maden İhracatçıları Birliği
TILEX İTHALAT İHRACAT LİMİTED ŞİRKETİ;MİTHATPAŞA MAH.MİTHATPAŞA CAD.SÖZUĞUR NO:614 İÇ KAPI NO:2 KONAK/İZMİR KONAK İZMİR;(232) 0000000;;;İMİB - İstanbul Maden İhracatçıları Birliği
TINAS MADENCİLİK MOBİLYA İNŞAAT VE EVCİL HAYVAN ÜRÜNLERİ SAN. TİC. LTD. ŞTİ.;YUNUSEMRE CAD. NO:77 Merkez ESKİŞEHİR;(222) 2213009;;;İMİB - İstanbul Maden İhracatçıları Birliği
TİLA KOMPOZİT TEMSİLCİLİK İÇ VE DIŞ TİC. LTD. ŞTİ.;PİYALE PAŞA BULVARI PERPA TİC. MERK. A BLOK K:11NO:1359 ŞİŞLİ İSTANBUL;(212) 2229422;;;İMİB - İstanbul Maden İhracatçıları Birliği
TİM PLANT CARE TARIM SAN.VE TİC.LTD.ŞTİ.;BEŞEYLÜL MAHALLESİ MİLLİ EGEMENLİK CADDESİ NO:43/A ALAŞEHİR MANİSA;(236) 6531060;;;İMİB - İstanbul Maden İhracatçıları Birliği
TİMON GLOBAL DIŞ TİCARET A.Ş.;2246 SOKAK KUZEY PLAZA BLOK 185/21 MAHMUTBEY BAĞCILAR İSTANBUL;(212) 6594401;;;İMİB - İstanbul Maden İhracatçıları Birliği
TİMON TOPLU TÜKETİM SANAYİ VE TİCARET ANONİM ŞİRKETİ;ZİYA GÖKALP MAH. İKİTELLİ ORG. SANAYİ BÖL. ESKİTURGUT ÖZAL CAD. NO:4 B BLOK 104-105 BAĞCILAR İSTANBUL;(212) 6590659;www.timon.com.tr;timon.com.tr;İMİB - İstanbul Maden İhracatçıları Birliği
TİMTAŞ GRUP İNŞAAT ANONİM ŞİRKETİ;KIZILIRMAK MAH. 1443. CAD. NO:25B/208 06400 ÇANKAYA ANKARA;(312) 4461456;www.timtasinsaat.com.tr;timtasinsaat.com.tr;İMİB - İstanbul Maden İhracatçıları Birliği
TİMUR SARACALOĞLU;MERKEZ M. FIRIN S. NO: 40 İÇ KAPI NO: A AVCILAR İSTANBUL;(212) 0000000;;;İMİB - İstanbul Maden İhracatçıları Birliği
TİNTA REKLAM ANONİM ŞİRKETİ;EKŞİOĞLU MAH. ŞİLE YOLU CAD. NO:36 A ÇEKMEKÖY İSTANBUL;(216) 3120010;;;İMİB - İstanbul Maden İhracatçıları Birliği
TİSERT EVCİL HAYVAN VE AKVARYUM ÜRÜNLERİ İTHALAT İHRACAT SAN. DIŞ TİC. LTD. ŞTİ.;AKÇABURGAZ MH. 592 SK. NO:10/12 ESENYURT İSTANBUL;(212) 5652310;www.tisert.com.tr;tisert.com.tr;İMİB - İstanbul Maden İhracatçıları Birliği
TKMAR MERMER SAN. TİC. LTD. ŞTİ.;ATATÜRK MAH.12065 SOKAK NO:1/3 MERKEZ BURDUR;;www.tkmar.com;tkmar.com;İMİB - İstanbul Maden İhracatçıları Birliği
TMC METAL ENDÜSTRİSİ SANAYİ VE TİCARET ANONİM ŞİRKETİ;DİLOVASIOSB MAH. EYNERCE CAD. NO:21/1 DİLOVASI KOCAELİ;(262) 4091418;;;İMİB - İstanbul Maden İhracatçıları Birliği
TMCN MİMARLIK İNŞAAT TİCARET LİMİTED ŞİRKETİ;UYANIŞ MAH. 1083 SK. ESMA APT. NO:2/3 KEÇİÖREN ANKARA;(312) 6031696;;;İMİB - İstanbul Maden İhracatçıları Birliği
TME GRUP MAKİNA İNŞAAT SANAYİ TİCARET LİMİTED ŞİRKETİ;MESCİT MAH. DEMOKRASİ CAD. BİRMES SANAYİ SİTESİ A6 BLOK NO: 3 F İÇ KAPI NO: 34 TUZLA İSTANBUL;(216) 0000000;;;İMİB - İstanbul Maden İhracatçıları Birliği
TMG DOĞALTAŞ SAN.VE TİC.LTD.ŞTİ.;MESRUTIYET CAD. NO.94 K:4 BEYOĞLU İSTANBUL;(212) 2927761;www.tmgstone.com;tmgstone.com;İMİB - İstanbul Maden İhracatçıları Birliği
TML İNŞAAT ANONİM ŞİRKETİ;FATİH SULTAN MEHMET CAD.NO.33KAVACIK BEYKOZ İSTANBUL;(216) 4133339;www.tml.com.tr;tml.com.tr;İMİB - İstanbul Maden İhracatçıları Birliği
TMS MERMER MADENCİLİK SAN. VE DIŞ TİC. LTD. ŞTİ.;KAYABASI MAH. SAFAHAT SK. 18. BÖLGE 1.ETAP C4 NO: 1 G IÇ KAPI NO: 26 BAŞAKŞEHİR İSTANBUL;;;;İMİB - İstanbul Maden İhracatçıları Birliği
TMT ALUMINYUM METAL YAPI İNŞAAT SANAYİ VE TİCARET LTD ŞTI;CUMHURİYET MAH.TERCAN SOK.NO:36/B KARTAL İSTANBUL;(216) 3770107;;;İMİB - İstanbul Maden İhracatçıları Birliği
TOA MAKİNA SANAYİ DIŞ TİCARET ANONİM ŞİRKETİ;ORHANGAZİ MH MİMSAN SAN SİT 1726 SK NO:31 ESENYURT İSTANBUL;;;;İMİB - İstanbul Maden İhracatçıları Birliği
TODWIC KIMYA ANONIM SIRKETI;MERKEZ MAHALLESİ AYAZMA CAD.NEF 11 NO:21/11 KAĞITHANE İSTANBUL;(212) 0000000;;;İMİB - İstanbul Maden İhracatçıları Birliği
TODY SHIP SUPPLY DIŞ TİCARET LİMİTED ŞİRKETİ;NAMIK KEMAL MAH.SAVAŞ SOK .GÖKÇE APT. NO 12/7 ÜMRANİYE İSTANBUL;(212) 4523691;;;İMİB - İstanbul Maden İhracatçıları Birliği
TOKGÖZ İÇ VE DIŞ TİC.LTD.ŞTİ.;SİVAS YOLU 12. KM KAYKOOP KARŞISI KOCASİNAN KAYSERİ;(352) 2510120;;;İMİB - İstanbul Maden İhracatçıları Birliği
TOKSEN HIRD.MAK.TIC.LTD.STI.;EVLIYA ÇELEBI MAH.ISTASYON CD.GIPTAS SAN.SIT.A-BL.K:2 NO:27 TUZLA İSTANBUL;02164471574;;;İMİB - İstanbul Maden İhracatçıları Birliği
TOLSA TURKEY MADENCİLİK SAN.VE TİC. A.Ş.;HİLAL MAH. 674 SOK. NO.7 D.4 ÇANKAYA ANKARA;(312) 4399246;www.tolsa.com;tolsa.com;İMİB - İstanbul Maden İhracatçıları Birliği
TOOG TASARIM YAPI ANONİM ŞİRKETİ;KISIKLI MAH. ALEMDAĞ YAN YOLU CAD. AYDIN ETHEM İŞ MERKZ. NO: 8/2 İÇKAPI NO: 14 ÜSKÜDAR İSTANBUL;;;;İMİB - İstanbul Maden İhracatçıları Birliği
TOOLHOUSE İNŞAAT İÇ VE DIŞ TİCARET LİMİTED ŞİRKETİ;CAMİ MH. BALIKÇILAR SK. TUZLA MARINA I BLOK NO:20I/11 TUZLA İSTANBUL;(216) 0000000;;;İMİB - İstanbul Maden İhracatçıları Birliği
TOPACK DIŞ TİCARET SANAYİ LİMİTED ŞİRKETİ;KAVAKLI MAH.ZAĞANOS PAŞA SK. NO.28 D.8 PK:34852 BEYLİKDÜZÜ/İSTANBUL BEYLİKDÜZÜ İSTANBUL;(212) 0000000;;;İMİB - İstanbul Maden İhracatçıları Birliği
TOPKAPI ENDÜSTRİ MALLARI TİCARET A.Ş.;MILLET CAD.NO.180-184 İSTANBUL;02125340410;;;İMİB - İstanbul Maden İhracatçıları Birliği
TOPRAKTAN MERMER MADEN GRANİT İTH. İHR. SAN. VE TİC. LTD. ŞTİ.;ODUNLUK MAH. AKADEMİ CAD.EROĞLU HARMONY TOWERS SİTESİ 2A BLOK NO:1 B-İÇ KAPI NO:33 NİLÜFER BURSA;(224) 5145515;;;İMİB - İstanbul Maden İhracatçıları Birliği
TORK ÇELİK TAAHHÜT İNŞAAT SANAYİ VE DIŞ TİCARET LİMİTED ŞİRKETİ;2167. SOKAK 3/A AKKENT TWİNS 6A NO: 153 TURGUT ÖZAL MAHALLESİYENİMAHALLE YENİMAHALLE ANKARA;(312) 5030580;www.torcelik.com.tr;torcelik.com.tr;İMİB - İstanbul Maden İhracatçıları Birliği
TORKAM İNŞAAT VE YATIRIM ANONİM ŞİRKETİ;GÖZTEPE MH. BATIŞEHİR CD BATIŞEHİR SİT K BLOK NO:2 KAT:15/151 GÖZTEPE BAĞCILAR İSTANBUL;(212) 6592380;www.turkam.com.tr;turkam.com.tr;İMİB - İstanbul Maden İhracatçıları Birliği
TORNADO BRASS METAL SANAYİ İÇ VE DIŞ TİC. LTD. ŞTİ;SARIDEMİR MAH. ÇANAKÇILAR SK. NO:5 / 1 FATİH İSTANBUL;(212) 6711672;;;İMİB - İstanbul Maden İhracatçıları Birliği
TOROS DOĞALTAŞ TRAVERTEN MADENCİLİK İNŞAAT NAKLİYAT SAN.VE TİC.A.Ş;ATİLLA MAH. ÇEVREYOLU CAD. NO:155 BUCAK BURDUR;(248) 3171400;;;İMİB - İstanbul Maden İhracatçıları Birliği
TOROS MERMER MADENCİLİK TAAH. İTH. İHR. SAN. TİC. LTD.ŞTİ.;ORGANİZE SANAYİ BÖL. 12.CADDE NO:10 MELİKGAZİ KAYSERİ;(352) 3212472;;;İMİB - İstanbul Maden İhracatçıları Birliği
TORSEN ELEKTRİK ANONİM ŞİRKETİ;HALİL RIFAT PAŞA MAH. YÜZER HAVUZ SOK. PERPA TİC. MER A BLOK NO:1/1221 ŞİŞLİ İSTANBUL;(212) 8071221;;;İMİB - İstanbul Maden İhracatçıları Birliği
TORUN METAL ANONİM ŞİRKETİ;GEBZE ORG.SAN.BLG.IHSAN DEDECD .NO:116 GEBZE KOCAELİ;(262) 6771500;www.torunmetal.com;torunmetal.com;İMİB - İstanbul Maden İhracatçıları Birliği
TOSUNLAR MADENCİLİK İNŞAAT EMLAK DIŞ TİCARET SANAYİ TİCARET LİMİTED ŞİRKETİ;KURTULUŞ MH ÇAĞLAYAN SK NO: 3/1B GÜRSU BURSA;(224) 0000000;;;İMİB - İstanbul Maden İhracatçıları Birliği
TOY MAKİNA KESİCİ TAKIMLAR HIRDAVAT İMALAT İTHALAT İHRACAT SANAYİ VE TİCARET LİMİTED ŞİRKETİ;KÜÇÜKÇEKMECE İKİTELLİOSB MAH. MARMARA L BLOK SK. L BLOK NO:41 KÜÇÜKÇEKMECE İSTANBUL;(212) 7712080;;;İMİB - İstanbul Maden İhracatçıları Birliği
TOYPA MAĞAZACILIK TİC. A.Ş.;TURGUTÖZAL CAD.N:125 ÇAYIROVA KOCAELİ;(216) 4998080;www.toyzzshop.com;toyzzshop.com;İMİB - İstanbul Maden İhracatçıları Birliği
TPS PARATONER TOPRAKLAMA ELEKTRİK SANAYİ VE TİC. LTD. ŞTİ.;CEVİZLİ, FATİH CD. FETTAHOĞLU APT. NO:66 A MALTEPE İSTANBUL;(216) 3707558;http://www.tpselektrik.com;tpselektrik.com;İMİB - İstanbul Maden İhracatçıları Birliği
TR ANADOLU İNŞAAT VE TİCARET ANONİM ŞİRKETİ;ISTANBUL YOLU 9.KM NO:310 ANKARA;(312) 2517575;;;İMİB - İstanbul Maden İhracatçıları Birliği
TR EKSPORT MADENCİLİK SANAYİ VE TİCARET ANONİM ŞİRKETİ;BARBAROS HAYRETTİNPAŞA MAH. 1997 SOK. PHUKETLİFE SİT. NO:12 D.30 K.3 ESENYURT İSTANBUL;(212) 2740043;;;İMİB - İstanbul Maden İhracatçıları Birliği
TR ROYAL KİMYA SAN.VE TİC.LTD.ŞTİ;İKİTELLİ O.S.B BAŞAKŞEHİR SAN.SİT.A BLOK NO:25 BAŞAKŞEHİR İSTANBUL;(212) 4859980;;;İMİB - İstanbul Maden İhracatçıları Birliği
TRADE LİNE İÇ VE DIŞ TİC.LTD.ŞTİ;ADNAN KAHVECİ MAH.AVRUPA CAD.KUBIS İSTANBUL PARK RESİDANCE NO:108/193 BÜYÜKÇEKMECE İSTANBUL;;;;İMİB - İstanbul Maden İhracatçıları Birliği
TRAKYA DÖKÜM SANAYİ VE TİCARET ANONİM ŞİRKETİ;FULYA MH BÜYÜKDERE CD NO:38/2 ŞİŞLİ İSTANBUL;(212) 3155240;www.trakyadokum.com;trakyadokum.com;İMİB - İstanbul Maden İhracatçıları Birliği
TRAMER DOĞALTAŞ MADENCİLİK VE İNŞ. SAN.TİC.LTD.ŞTİ.;BEYLİKDÜZÜ OSB.MAH. 7. CAD. NO:4 BEYLİKDÜZÜ İSTANBUL;(212) 8759268;;;İMİB - İstanbul Maden İhracatçıları Birliği
TRAMERTAŞ TRAVERTEN MERMER SANAYİ PAZARLAMA ANONİM ŞİRKETİ;ŞEHŞAMİL ORG.SAN.BÖL.1.KISIM HALİS VERMEZOĞLU NO:11 MERKEZ SİVAS;(216) 6887575;www.tramertas.com;tramertas.com;İMİB - İstanbul Maden İhracatçıları Birliği
TRANSEMEX ULUSL. NAKLİYAT VE DIŞ TİC. LTD.ŞTİ.;KARTALTEPE MAH.MALAZGİRT CAD.NO:1 KAPI NO:1 KÜÇÜKÇEKMECE İSTANBUL;(212) 4250425;www.transemex.com;transemex.com;İMİB - İstanbul Maden İhracatçıları Birliği
TRANSFARMA DIŞ TİCARET A.Ş.;RASİMPAŞA BULVARI HALİTAĞA SOK. DIŞ KAPI NO:42İÇ KAPI NO:6 KADIKÖY İSTANBUL;(216) 5776772;www.transfarma.com.tr;transfarma.com.tr;İMİB - İstanbul Maden İhracatçıları Birliği
TRANSMER İÇ VE DIŞ TİC. LTD. ŞTİ.;ETİLER MAH. TEPECİK YOLU EDİNCİK SOK. NO:1 D:10 BEŞİKTAŞ İSTANBUL;(212) 3511944;www.transmer.com.tr;transmer.com.tr;İMİB - İstanbul Maden İhracatçıları Birliği
TRAVERTİNEBROS DOĞAL TAŞ MADENCİLİK SANAYİ VE TİCARET ANONİM ŞİRKETİ;YAKUPLU MAH. MALAZGİRT CAD. NO:21 / 1 BEYLİKDÜZÜ İSTANBUL;(212) 8892200;;;İMİB - İstanbul Maden İhracatçıları Birliği
TRD DIŞ TİCARET LİMİTED ŞİRKETİ;MAHMUTBEY MAH. 2420. SK. NO:53 BAĞCILAR İSTANBUL;;;;İMİB - İstanbul Maden İhracatçıları Birliği
TREKS MÜHENDİSLİK MAKİNE SAN. VE DIŞ TİC. LTD. ŞTİ.;İSTASYON MAH BEYAZIT CAD N:8 GEBZE KOCAELİ;(262) 6555552;;;İMİB - İstanbul Maden İhracatçıları Birliği
TREND BAU DIŞ TİCARET LİMİTED ŞİRKETİ;NECİP FAZIL MAHALLESİ NECİP FAZIL BLV. ASYA PARK NO:1/120 ÜMRANİYE İSTANBUL;(216) 3903300;;;İMİB - İstanbul Maden İhracatçıları Birliği
TRESTONE DOĞALTAŞ İNŞ. SAN. VE TİC. LTD. ŞTİ.;FERHATPAŞA MAH.GAZİPAŞA CAD.NO:81 ATAŞEHİR İSTANBUL;(216) 4791349;www.trestone.com.tr;trestone.com.tr;İMİB - İstanbul Maden İhracatçıları Birliği
TREX GLOBAL DIŞ TİCARET İTHALAT VE İHRACAT LİMİTED ŞİRKETİ;GÜLTEPE MAH. 3. TOPTANCILAR SOKAK MAQAM İŞ MERK.B BLOK NO:206 MERKEZ SİVAS;;;;İMİB - İstanbul Maden İhracatçıları Birliği
TRI METALURJİ ANONİM ŞİRKETİ;MİMAR SİNAN MH. ÜSKÜDAR CD. YEDPA SAN.SİTESİH 2.PAS /74 ATAŞEHİR ATAŞEHİR İSTANBUL;(216) 4713191;;;İMİB - İstanbul Maden İhracatçıları Birliği
TRI UNION DIŞ TİCARET LTD. ŞTİ;İSTANBUL BAHÇELİEVLER METROPORT İŞMERKEZİ NO:160 BAHÇELİEVLER İSTANBUL;(212) 4418931;;;İMİB - İstanbul Maden İhracatçıları Birliği
TRIA MERMER MADENCİLİK SANAYİ TİC. LTD.ŞTİ.;ALTINTEPE MAH. BAĞDAT CD. NO 66/5 KÜÇÜKYALI MALTEPE İSTANBUL;(216) 4649310;;;İMİB - İstanbul Maden İhracatçıları Birliği
TRİ KİMYA SANAYİ VE TİCARET LİMİTED ŞİRKETİ;İBRİKDERE MAH. D-100 KARAYOLU CAD. NO : 488/1 KARTEPE KOCAELİ;(262) 0000000;;;İMİB - İstanbul Maden İhracatçıları Birliği
TRİA GRUP ELEKTRİK ELEKTRONİK İNŞ. TAAH. SAN. VE TİC. LTD. ŞTİ.;YENİ ÇAMLICA MAH. VİYANA SOK. NO:10 K:1 D:4 KOZYATAĞI KADIKÖY İSTANBUL;(216) 4563437;www.triagrup.com.tr;triagrup.com.tr;İMİB - İstanbul Maden İhracatçıları Birliği
TRİERİS MAKİNE SANAYİ TİCARET LİMİTED ŞİRKETİ;YAYLA MAH.SILA SOK.YAYLA PARK SİTESİ D-BLOK NO:12 D / 33 TUZLA İSTANBUL;;;;İMİB - İstanbul Maden İhracatçıları Birliği
TRİM MİMARLIK MÜHENDİSLİK SANAYİ VE TİCARET LİMİTED ŞİRKETİ;MUHİTTİN MAH.ATATÜRK BULV.NO:27 D ÇORLU TEKİRDAĞ;(282) 4245091;;;İMİB - İstanbul Maden İhracatçıları Birliği
TRİNOVA ENDÜSTRİYEL MUTFAK EKİPMANLARI SANAYİ VE TİCARET LİMİTED ŞİRKETİ;HALKALI MERKEZ MH BURCU SK NO:10/1 KÜÇÜKÇEKMECE İSTANBUL;(212) 4725906;;;İMİB - İstanbul Maden İhracatçıları Birliği
TRİO AHŞAP TASARIM VE MOBİLYA SANAYİ TİCARET ANONİM ŞİRKETİ;ORTAKENT MAH.CUMHURİYET CAD.NUMARA:3 ORTAKENTYAHŞİ BODRUM MUĞLA;(252) 3586600;;;İMİB - İstanbul Maden İhracatçıları Birliği
TRK ULUSLARARASI TİCARET VE DANIŞMANLIK LİMİTED ŞİRKETİ;HOŞNUDİYE MAHALLESİ 736.SOKAK B BLOK NO:5 B / 5 TEPEBAŞI ESKİŞEHİR;;;;İMİB - İstanbul Maden İhracatçıları Birliği
TROAS MİNERALS MADENCİLİK TURİZM TİCARET VE SANAYİ ANONİM ŞİRKETİ;GÜZELTEPE MAH. PROF.DR.BEYNUN AKYAVAŞ CAD. KEREM SOKAK4/3-1 ARKADYA SİTESİ 5 BLOK D.1 ÇENGELKÖY ÜSKÜDAR İSTANBUL;(216) 4220404;www.troas.com.tr;troas.com.tr;İMİB - İstanbul Maden İhracatçıları Birliği
TROIKA MARBLE İNŞAAT DEKORASYON MALZEMELERİ SANAYİ VE TİCARET LİMİTED ŞİRKETİ;BAHÇELİEVLER MAH. ÖMÜR SK.NO 7/2 BAHÇELİEVLER İSTANBUL;(212) 0000000;;;İMİB - İstanbul Maden İhracatçıları Birliği
TROYAPI İNŞAAT ANONİM ŞİRKETİ;KÜÇÜKKUYU GÖKÇETEPEMAH. ATATÜRK CAD. A BLOK NO:110D: 9 AYVACIK ÇANAKKALE;;;;İMİB - İstanbul Maden İhracatçıları Birliği
TRUNİK YAPİ MALZEMELERİ LİMİTED ŞİRKETİ;ÖZGÜRLÜK MAH.6232 SK. NO:22/A AKDENİZ MERSIN;;;;İMİB - İstanbul Maden İhracatçıları Birliği
TRUST LINES MİMARLIK TASARIM LİMİTED ŞİRKETİ;FEVZİ ÇAKMAK MAHALLESİ 758/3 SOKAK AYKUTOĞLUFLATS NO:13/91 GAZİOSMANPAŞA İSTANBUL;;;;İMİB - İstanbul Maden İhracatçıları Birliği
TRUST US GLOBAL YAPI VE MİMARLIK TİCARET LİMİTED ŞİRKETİ;YESILCE MAH. AYTEKIN SK. NO:40 KAĞITHANE İSTANBUL;(212) 7065804;https://trustusglobal.com/;trustusglobal.com;İMİB - İstanbul Maden İhracatçıları Birliği
TRUSTUM DIS TIC.LTD.STI.;ZÜHTÜPAŞA MAH. BAĞDAT CAD. NO:41/87 KADIKÖY İSTANBUL;(216) 6587671;www.inspectstone.com;inspectstone.com;İMİB - İstanbul Maden İhracatçıları Birliği
TRUVA DOĞAL TAŞ İNŞAAT MERMER MADEN MAKİNE SAN. VE DIŞ TİC. LTD. ŞTİ.;ORGANİZE SANAYİ BÖLGESİ 1. CADDE 8. SOKAK NO:7 AFYONKARAHİSAR AFYON;;www.truvamarble.com.tr;truvamarble.com.tr;İMİB - İstanbul Maden İhracatçıları Birliği
TS MİNERAL MADENCİLİK SANAYİ VE TİCARET LİMİTED ŞİRKETİ;MASLAK MAH.AOS 55 SK 42 MASLAK B BLOK NO:4/542 SARIYER İSTANBUL;(212) 4648099;;;İMİB - İstanbul Maden İhracatçıları Birliği
TTX TURKEY PASLANMAZ ÇELİK MAMULLERİ ANONİM ŞİRKETİ;KÜLTÜR MAHALLESİ BANKALAR SOKAK NO:1/8 MERKEZ DÜZCE;(380) 5144854;;;İMİB - İstanbul Maden İhracatçıları Birliği
TUANA MADEN SAN.TİC.LTD.ŞTİ.;MERKEZ MAH. ŞAİR M. AKİF ERSOY CAD. NO:13 ALEMDAĞ(ALEMDAR) ÇEKMEKÖY İSTANBUL;(216) 3121136;www.tuanamaden.com;tuanamaden.com;İMİB - İstanbul Maden İhracatçıları Birliği
TUBİTAK ULUSAL METROLOJİ ENSTİTÜSÜ;DR. ZEKİ ACAR CAD. NO.1 TUBİTAK GEBZEYERLEŞKESİ GEBZE KOCAELİ;(262) 6795000;www.tubitak.gov.tr;tubitak.gov.tr;İMİB - İstanbul Maden İhracatçıları Birliği
TUGAY TOKGÖZ;YESİLOVA MAH. YENİ TUZCULAR SİTESİ ŞEREFLİKOÇHİSAR ŞEREFLİKOÇHİSAR ANKARA;(312) 6965010;www.artuz.com.tr;artuz.com.tr;İMİB - İstanbul Maden İhracatçıları Birliği
TUNA ALÜMİNYUM METAL KİMYA İNŞ. SAN. DIŞ TİC. A.Ş.;VELİKÖY O.S.B.SANAYİ BULV.N:98/A ÇERKEZKÖY TEKİRDAĞ;(282) 7461300;www.tunaaluminium.com;tunaaluminium.com;İMİB - İstanbul Maden İhracatçıları Birliği
TUNA MADENCİLİK NAKLİYAT OTOMOTİV TİCARET LİMİTED ŞİRKETİ;ALİ CEBİ CADDESİ KELESOGLU PLAZA KAT:1 NO:34 BEYLİKDÜZÜ İSTANBUL;(212) 8762577;www.tunamadencilik.com.tr;tunamadencilik.com.tr;İMİB - İstanbul Maden İhracatçıları Birliği
TUNA ODEMIS KANTAR - TUNA KIRTASIYE;MAHMUTBEY MAH.İSTOÇ 2436. SOK.NO:42 MAHMUTBEY BAĞCILAR İSTANBUL;(212) 5273437;;;İMİB - İstanbul Maden İhracatçıları Birliği
TUNCER ITHALAT SANAYİ VE TICARET LİMİTED ŞİRKETİ;NATOYOLU CAD. NO:140/B KAZLIÇEŞME CAD. NO.9 J-1 ÖZEL PARSEL ÜMRANİYE İSTANBUL;(216) 4151055;www.tuncerithalat.com.tr;tuncerithalat.com.tr;İMİB - İstanbul Maden İhracatçıları Birliği
TUNÇ MERMER SANAYİ VE TİCARET LİMİTED ŞİRKETİ;DEVECİKONAĞI MAH.N:188/A-B MUSTAFAKEMALPAŞA BURSA;(224) 6134448;www.tuncmarble.com;tuncmarble.com;İMİB - İstanbul Maden İhracatçıları Birliği
TUNÇHAN METAL VE TURİZM SANAYİ TİCARET ANONİM ŞİRKETİ;ATAKÖY 2-5-6 KISIM MH RAUF ORBAY CD YALI ATAKÖY SİTESİ C BLOK NO:4 D:15 BAKIRKÖY İSTANBUL;(212) 8434346;www.tunchanmetal.com;tunchanmetal.com;İMİB - İstanbul Maden İhracatçıları Birliği
TUR MER MERMER MAD. İTH. İHR. SAN. TİC. A.Ş.;GÜLTEPE MAHALLESİ 3.TOPTANCILAR SK. A APT. NO: 2/4 MERKEZ SİVAS;(346) 2252544;;;İMİB - İstanbul Maden İhracatçıları Birliği
TURA DEPOLAMA LOJ.VE DIŞ TİCARET LTD ŞTİ;KÜÇÜKBAKKALKÖY MAH.CENGİZ TOPEL CADDESİ EKŞİOĞLU İİŞ MERKEZİ N 2 D 6 ATAŞEHİR İSTANBUL;(216) 5751196;;;İMİB - İstanbul Maden İhracatçıları Birliği
TURAN BEKİŞOĞLU MERMER SANAYİ VE TİCARET ANONİM ŞİRKETİ;SARAY FATİH MAH.ÖZAL BULVARI NO:125 SARAYKÖY PURSAKLAR ANKARA;(312) 3993210;www.marmiro.com;marmiro.com;İMİB - İstanbul Maden İhracatçıları Birliği
TURAN KİMYA SAN. VE TİC. A.Ş.;SELAHADDİN EYYUBİ MAH.3152 SOK.NO:7/3 ESENYURT İSTANBUL;(212) 4858999;www.turankimya.com;turankimya.com;İMİB - İstanbul Maden İhracatçıları Birliği
TURANCAM İNŞAAT SANAYİ VE TİC. A .Ş;MIMARSINAN MAH.BARBAROS CAD.NO:5 ÇEKMEKÖY İSTANBUL;02166400000;www.turancam.com;turancam.com;İMİB - İstanbul Maden İhracatçıları Birliği
TUREKS-GM MERMER GRANİT SANAYİ VE TİCARET LİMİTED ŞİRKETİ;ORG.SAN.BOL.1.C.1.S.NO:30 SAHİPATA AFYONKARAHİSAR AFYON;(272) 2211600;;;İMİB - İstanbul Maden İhracatçıları Birliği
TURGAY İLBARS;MALKOÇOĞLU MAH.ESKİ EDİRNE ASFALTI CAD.NO:913 SULTANGAZİ İSTANBUL;(212) 6197153;;;İMİB - İstanbul Maden İhracatçıları Birliği
TURGUT ÖZEN MERMER SANAYİ VE TİCARET ANONİM ŞİRKETİ;İLYASBEY KÖYÜ Merkez BİLECİK;(228) 2932265;www.turgutozenmermer.com.tr;turgutozenmermer.com.tr;İMİB - İstanbul Maden İhracatçıları Birliği
TURKISH AJANS REKLAMCILIK SANAYİ VE TİCARET LTD ŞTİ;YEŞİLKÖY MAH.ATATÜRK CAD.EGS BLOKLARNO:12/126 BAKIRKÖY İSTANBUL;(212) 4653267;;;İMİB - İstanbul Maden İhracatçıları Birliği
TURKO TEKNİK YAPI MALZEMELERİ SANAYİ VE DIŞ TİCARET LİMİTED ŞİRKETİ;BARBAROS MAH.LALE SOK.AGAOĞLU MY OFFICE NO:2/13 ATAŞEHİR İSTANBUL;(216) 0000000;;;İMİB - İstanbul Maden İhracatçıları Birliği
TURKUAZ KAUÇUK PLASTİK TEKSTİL METAL VE ORMAN ÜRÜNLERİ SANAYİ VE TİCARET LİMİTED ŞİRKETİ;ALTINOVA MAH.YENİ YALOVA YOLU CAD.BUTTİM İŞ MERKEZNO:424/5 OFİS NO:2231 OSMANGAZİ BURSA;(224) 2115400;;;İMİB - İstanbul Maden İhracatçıları Birliği
TURMET MADENCİLİK VE İNŞAAT SANAYİ VE TİCARET LTD.ŞTİ.;CUMHRIYE MAH. PAŞA SOK.CAN APT.NO:5/4 CUMHURİYE TEPEBAŞI ESKİŞEHİR;(222) 6112412;www.turmet.com.tr;turmet.com.tr;İMİB - İstanbul Maden İhracatçıları Birliği
TURNL LOJİSTİK ULUSLARARASI NAKLİYAT TURİZM İÇ VE DIŞ TİCARET LİMİTED ŞİRKETİ;19 MAYIS MH. AKEL SK. İSMAİL NADİ İŞ MERK. NO:2/1/3 BÜYÜKÇEKMECE İSTANBUL;;;;İMİB - İstanbul Maden İhracatçıları Birliği
TUROCAS GRUP YÖNETİM DANIŞMANLIĞI TİCARET LİMİTED ŞİRKETİ;FATİH MAH. ATAKAN CAD. NO: 20 İÇ KAPI NO: 1 TUZLA İSTANBUL;(212) 4448470;http://www.turocasgrup.com;turocasgrup.com;İMİB - İstanbul Maden İhracatçıları Birliği
TURSOM EĞİTİM İNŞAAT TUR.DIŞ TİC.VE SAN.LTD.ŞTİ.;MERDİVENKÖY MAH. FAHRETTİN KERİM GÖKAY CAD.NO:247-B KADIKÖY İSTANBUL;;;;İMİB - İstanbul Maden İhracatçıları Birliği
TURSUR ALÜMİNYUM DOĞRAMA İNŞAAT SANAYİ VE TİCARET LİMİTED ŞİRKETİ;SEYHAN MAH. 722/4 SK. NO:8/A BUCA/İZMİR PK:35000 BUCA İZMİR;(232) 0000000;;;İMİB - İstanbul Maden İhracatçıları Birliği
TURUNCU ATÖLYE MOBİLYA VE CEPHE SİSTEMLERİ LİMİTED ŞİRKETİ;KOZA MAH. 1655 SOK. NO:21/1 ESENYURT İSTANBUL;(212) 8091723;;;İMİB - İstanbul Maden İhracatçıları Birliği
TURYAPI GRUP İNŞAAT TAAHHÜT SANAYİ VE TİCARET LTD. ŞTİ.;İNKILAP MAHALLESİ KÜÇÜKSU CAD. KESİM SOK NO1-3 / 1 ÜMRANİYE İSTANBUL;(212) 4130906;;;İMİB - İstanbul Maden İhracatçıları Birliği
TUTAL ÇELİK SAN VE TİC LTD.ŞTİ;İÇERENKÖY MH. ATILGAN SOK. CEMRE 7/6 ATAŞEHİR İSTANBUL;(216) 5477478;;;İMİB - İstanbul Maden İhracatçıları Birliği
TUTO MERMER DIŞ TİC.LTD.ŞTİ.;MEHMET AKİF MAH TAVUKÇUYOLU CAD NO.140/5 ÜMRANİYE İSTANBUL;(216) 3139919;;;İMİB - İstanbul Maden İhracatçıları Birliği
TUVATİ DIŞ TİCARET LTD.ŞTİ.;MERKEZ MAH.SEÇKİN SOK Z OFİS NO:2-4A İÇ KAPI NO:19 KAĞITHANE İSTANBUL;(212) 0000000;;;İMİB - İstanbul Maden İhracatçıları Birliği
TUZLA CIVATA HIRD.VE INS.SAN.T IC.LTD.STI.;SS BIRMES YAPI KOOP.MESCID MAH.ATATURK CAD.A-10 BLOK NO:10 TUZLA İSTANBUL;02163945953;;;İMİB - İstanbul Maden İhracatçıları Birliği
TÜM BENTONİT KEDİ KUMU VE PET MALZEMELERİ SAN TİC A.Ş.;BOLLUCA MAH SARAY BOSNA CD NO:67/2 ARNAVUTKÖY İSTANBUL;(216) 4135649;;;İMİB - İstanbul Maden İhracatçıları Birliği
TÜM MERMER SAN. TİC. A.Ş.;SARAYLAR MAH.BELDEÜSTÜ OCAKLAR 8/1 MARMARA ADASI MARMARA BALIKESİR;;;;İMİB - İstanbul Maden İhracatçıları Birliği
TÜNCAY BUDAK;IHLAMURKUYU MAH KARAKOL SK N:10/A ÜMRANİYE İSTANBUL;(216) 6128024;;;İMİB - İstanbul Maden İhracatçıları Birliği
TÜPRAG EKSPORT MADEN İHRACAT VE TİCARET ANONİM ŞİRKETİ;İRAN CAD. TURAN EMEKSİZ SOK. NO.1 GAZİOSMANPAŞA GAZİOSMANPAŞA(GOP) ÇANKAYA ANKARA;(312) 4684536;www.tuprag.com.tr;tuprag.com.tr;İMİB - İstanbul Maden İhracatçıları Birliği
TÜR İŞ GIDA İTH.İHR.SAN.VE TİC LTD.ŞTİ.;YENIDOGAN MAH.GOCMENLER SK.NO.90/2 GAZİOSMANPAŞA İSTANBUL;02124931312;;;İMİB - İstanbul Maden İhracatçıları Birliği
TÜRK HENKEL KİMYA SANAYİ VE TİCARET A.Ş;F.S.MEHMET MAH. POLİGON CAD. NO:8 BUYAKA SİT. C BLOK K:10-14 ÜMRANİYE İSTANBUL;(216) 5794000;www.henkel.com.tr;henkel.com.tr;İMİB - İstanbul Maden İhracatçıları Birliği
TÜRK MAADİN ŞİRKETİ ANONİM ŞİRKETİ;BALMUMCU BARBAROS BLV. ESER APT. NO.78/19 K.7D:19 BEŞİKTAŞ İSTANBUL;(212) 3475700;www.turkmaadin.com;turkmaadin.com;İMİB - İstanbul Maden İhracatçıları Birliği
TÜRK PRYSMİAN KABLO VE SİSTEMLERİ ANONİM ŞİRKETİ;HAKTAN IŞ MERKEZİ NO:39 KAT:2SETÜSTÜ - KABATAŞ BEYOĞLU İSTANBUL;(212) 3937700;www.prysmiangroup.com;prysmiangroup.com;İMİB - İstanbul Maden İhracatçıları Birliği
TÜRKLER ŞEMSİYE GÖLGELENDİRME SİSTEMLERİ VE MOBİLYA SANAYİ TİCARET LİMİTED ŞİRKETİ;MAHMUTBEY MH İSKOÇ 2427 SK 8 ADA NO:161/163 BAĞCILAR İSTANBUL;(212) 6596159;www.turklersemsiye.com.tr;turklersemsiye.com.tr;İMİB - İstanbul Maden İhracatçıları Birliği
TÜRKMAN DIŞ TİC.LTD.ŞTİ.;VELİEFENDİ ÖAH HOCA AHMET YESEVİ CD NO:110/B ZEYTİNBURNU İSTANBUL;(212) 6430591;www.türkmenleryapi.com.tr;türkmenleryapi.com.tr;İMİB - İstanbul Maden İhracatçıları Birliği
TÜRKMEN NESİL İNŞAAT İÇ VE DIŞ TİCARET LTD.ŞTİ.;HASANPAŞA MAH. KURBAĞALIDERE CAD. NO:45-47 D.7 KADIKÖY İSTANBUL;(216) 4145724;;;İMİB - İstanbul Maden İhracatçıları Birliği
TÜRKMENOĞLU FIRÇA SANAYİ VE TİCARET LİMİTED ŞİRKETİ;SARAY MAHALLESİ SANAYİ CAD.NO:3 I/20 ÜMRANİYE İSTANBUL;(216) 6340779;;;İMİB - İstanbul Maden İhracatçıları Birliği
TÜRKOĞLU ENDÜSTRİ TOZLARI METAL SANAYİ MADENCİLİK LOJİSTİK TİCARET LİMİTED ŞİRKETİ;MERKEZ MAH. ÇAYBOYU SOK. NO:89 ALAPLI ZONGULDAK;;;;İMİB - İstanbul Maden İhracatçıları Birliği
TÜRÜNCH KOZM. ÜR. TUR. VE KONAK. EKİP. SAN. VE TİC. LTD. ŞTİ.;TELSIZ MH.SEHIT ER NECMI ERTUGSOK.NO:14/16-A ZEYTİNBURNU İSTANBUL;02125477401;;;İMİB - İstanbul Maden İhracatçıları Birliği
UBM BANYO SAN.VE TİC. LTD.ŞTİ.;İKİTELLİ OSB MAH. PİK DÖKÜMCÜLER A4 BLOK SK.NO:3/1 BAŞAKŞEHİR BAŞAKŞEHİR İSTANBUL;;;;İMİB - İstanbul Maden İhracatçıları Birliği
UFUK BAYCAR ANORA EV GEREÇLERİ PAZARLAMA VE DIŞ TİCARET;İNÖNÜ MAH.29/3 SOK. NO:12/C BAĞCILAR İSTANBUL;(212) 4616153;www.anoratrading.com;anoratrading.com;İMİB - İstanbul Maden İhracatçıları Birliği
UGURLU DISCILIK GIDA END.UR.VE INS.UR.SAN.TIC.LTD.STI.;6.SEYRAN SOKAK NO:6 ATATÜRK MAH UŞAK UŞAK;;www.zahntech3d.net;zahntech3d.net;İMİB - İstanbul Maden İhracatçıları Birliği
UĞUR ARICAN;SARIYER MERKEZ MAH. KORU FISTIKLI BAĞLAR SK. NO:28 SARIYER İSTANBUL;;;;İMİB - İstanbul Maden İhracatçıları Birliği
UĞUR CELİLOĞULLARI;BARIŞ MAH. AKDENİZ CAD. NO: 8/1 İÇ KAPI NO: 17 BEYLİKDÜZÜ İSTANBUL;;;;İMİB - İstanbul Maden İhracatçıları Birliği
UĞUR DÖKÜM ANONİM ŞİRKETİ;İKİTELLİ OSB.MAH. İSDÖK 2.BLOK SK.İSDÖK SANAYİ 2.BLOK NO:2 BAŞAKŞEHİR İSTANBUL;(212) 5495405;;;İMİB - İstanbul Maden İhracatçıları Birliği
UĞUR DÜZENLİ;EMİN SİNAN MAHALLESİ NEVİYE SOKAK NO : 1 KAT: 2İÇ KAPI NO : 5 FATİH İSTANBUL;;;;İMİB - İstanbul Maden İhracatçıları Birliği
UĞUR ÖZTÜRK;ESENŞAHİR MAH ÇETİNKAYA SOK 14A ÜMRANİYE İSTANBUL;(216) 3145074;;;İMİB - İstanbul Maden İhracatçıları Birliği
UĞUR SAĞLAM;ABBASAĞA MAH.CEDİDİYE SK.NO.1KAPI NO.1 BEŞİKTAŞ İSTANBUL;;;;İMİB - İstanbul Maden İhracatçıları Birliği
UĞUR TEKSTİL MAKİNALARI SAN. VE TİC. A. Ş.;BASIN EKSPRES YOLU NO.5-AUĞUR PLAZA KÜÇÜKÇEKMECE İSTANBUL;02124950000;www.brothertr.com;brothertr.com;İMİB - İstanbul Maden İhracatçıları Birliği
UĞURLAR MOBİLYA DEKORASYON İNŞ. TURZ. GIDA SAN. VE TİC. LTD. ŞTİ.;MİMAR SİNAN CAD. SÖNMEZ SOK. NO:2 ÇEKMEKÖY İSTANBUL;;;;İMİB - İstanbul Maden İhracatçıları Birliği
UHUD TOPRAK MADENCLİK PEYZAJ İNŞAAT HAYVANCILIK KOMBİNALARI SANAYİ VE TİCARET LİMİTED ŞİRKETİ;PİRİNÇÇİ MH PİRİNÇÇİ KÖY YOLU SOKAK NO:145/2 GAZİOSMANPAŞA İSTANBUL;(212) 6372639;;;İMİB - İstanbul Maden İhracatçıları Birliği
ULTİMATE TAŞIMACILIK EKİPMANLARI ANONİM ŞİRKETİ;ARİFBEY MAH.ZÜBEYDE HANIM CAD.N:75 54580 ARİFİYE ARİFİYE SAKARYA;(264) 5020200;www.ultimate-tur.com;ultimate-tur.com;İMİB - İstanbul Maden İhracatçıları Birliği
ULUDAG MAKINA INS.TAH.BES.ITH. IHR.SAN.VE TIC.LTD.STI.;EHIM EVRAN CAD.NO:19 ANKARA;03123541482;;;İMİB - İstanbul Maden İhracatçıları Birliği
ULUPINAR MADEN MERMER VE İNŞAAT SANAYİ VE TİCARET LİMİTED ŞİRKETİ;HACI HALİL MAH. ORHANGAZI CAD.GÜMGÜM İŞHANI NO.15 K.1 GEBZE KOCAELİ;(262) 6412018;www.ulupinarmermer.com;ulupinarmermer.com;İMİB - İstanbul Maden İhracatçıları Birliği
UMG DIS TICARET INSAAT TAAHHÜT MADENCILIK SANAYI PAZARLAMA A.S.;KARŞIYAKA MAH.HAYMANA BUL.62/2 GÖLBAŞI ANKARA;;;;İMİB - İstanbul Maden İhracatçıları Birliği
UMUT İNŞAAT VE İNŞAAT MALZEMELERİ TAAHHÜT DEKARASYON MERMER MADEN TURİZM SANAYİ VE TİCARET LTD. ŞTİ.;ORG. SAN. BOL. 2.CAD. NO.14 AFYONKARAHİSAR AFYON;(272) 2211760;www.umutmarble.com;umutmarble.com;İMİB - İstanbul Maden İhracatçıları Birliği
UNDO YAPI SİSTEMLERİ SANAYİ VE TİCARET LİMİTED ŞİRKETİ;ŞİRİNTEPE MH GÜMÜŞHANE CD ARMAĞAN SK NO:18B KAĞITHANE İSTANBUL;(212) 2707917;www.undoyapi.com;undoyapi.com;İMİB - İstanbul Maden İhracatçıları Birliği
UNICORN STONE MADENCİLİK MÜHENDİSLİK İTHALAT İHRACAT PAZARLAMA SANAYİ TİCARET LİMİTED ŞİRKETİ;MEDYA MH. 629.SK. HMT-21 PLAZA A BLOK NO:8/30 KAYAPINAR DİYARBAKIR;(412) 9994788;;;İMİB - İstanbul Maden İhracatçıları Birliği
UNIMAK MUHENDİSLİK HIZMETLERİ VE MAKINA SANAYİ TICARET LİMİTED SİRKETI;KİMYA SANAYİCİLERİ ORG. SAN. BÖL. MELEK ARAS BULVARI ANALİTİK CAD. NO:40 TUZLA İSTANBUL;(216) 5931580;www.unimakmuh.com;unimakmuh.com;İMİB - İstanbul Maden İhracatçıları Birliği
UNIQEM KİMYA SANAYİ VE TİCARET LİMİTED ŞİRKETİ;YENİŞEHİR MAH.OSMANLI BUL. AEROPARK SİT.A BLOK NO:11A/28 PENDİK İSTANBUL;(216) 0000000;;;İMİB - İstanbul Maden İhracatçıları Birliği
UNITED DOĞALTAŞ MADENCİLİK SANAYİ VE TİCARET LİMİTED ŞİRKETİ;GENERAL ASIM GÜNDÜZ CADDESİ NO:19/52 PK:905386 KADIKÖY/İSTANBUL KADIKÖY İSTANBUL;;www.unitedstones.com.tr;unitedstones.com.tr;İMİB - İstanbul Maden İhracatçıları Birliği
UNITED INDUSTRIES GROUP ENDÜSTİYEL DANIŞMANLIK VE ÜRETİM SAN.TİC.A.Ş.;SEZAİ SELEK SOK. KOCABAŞ APT. NO:4 DAİRE:3 TEŞVİKİYE ŞİŞLİ İSTANBUL;(212) 2304301;;;İMİB - İstanbul Maden İhracatçıları Birliği
UNIVERSAL BUSINESS TRADE ALÜMİNYUM İTHALAT VE İHRACAT LİMİTED ŞİRKETİ;MAHMUTBEY MH 2664 SK NO:18/I BAĞCILAR İSTANBUL;(212) 4957060;;;İMİB - İstanbul Maden İhracatçıları Birliği
UNİ YAZI GEREÇLERİ KIRTASİYE SAN. VE TİC. A.Ş.;ÇOBANÇEŞME MAH. SANAYİ CAD. NİSH İSTA BLOK NO:44 DAİRE NO:67-68 BAHÇELİEVLER İSTANBUL;(212) 6036161;www.uniball.com.tr;uniball.com.tr;İMİB - İstanbul Maden İhracatçıları Birliği
UNİKON METALÜRJİ VE KİMYA SANAYİ TİCARET ANONİM ŞİRKETİ;ORHANTEPE MH.ORHANGAZI CDNO.93-2 KARTAL İSTANBUL;02163999868;www.unikon.com.tr;unikon.com.tr;İMİB - İstanbul Maden İhracatçıları Birliği
UNİMİCRON SANAYİ VE TİCARET A.Ş.;GÜZELYALI MAH. YALI (GÜZELYALI) SOK. NO:33/1 ÜNYE ORDU;(452) 3242229;www.unimicronturkey.com;unimicronturkey.com;İMİB - İstanbul Maden İhracatçıları Birliği
UNİPET ENERJİ VE GAZ DAĞITIM SANAYİ TİCARET ANONİM ŞİRKETİ;GÜLTEPE MAH. GÜLTEPE CAD. SHELL NO:63 ALTINDAĞ ANKARA;;;;İMİB - İstanbul Maden İhracatçıları Birliği
UNİTED ULUSLARARASI DIŞ TİCARET A.Ş;HUZUR MH. AZERBAYCAN CAD SKYLAND SİTESİ NO 4B/589 SARIYER İSTANBUL;(212) 5151515;;;İMİB - İstanbul Maden İhracatçıları Birliği
UNİVERSAL GLOBAL DIŞ TİCARET LİMİTED ŞİRKETİ;"ORUÇREİS MAH.TEKSTİLKENT CAD. TEKSTİLKENT SİT BLOK A APT. NO;12B 011 ESENLER İSTANBUL";;;;İMİB - İstanbul Maden İhracatçıları Birliği
UNİVERSAL MERMER MADEN ÜRETİM SANAYİ VE TİCARET LİMİTED ŞİRKETİ;İLKBAHAR MAHALLESİ GÜNEYPARK (KÜME EVLER) 2 KULE APT NO:2/123 ÇANKAYA ANKARA;(312) 9994705;;;İMİB - İstanbul Maden İhracatçıları Birliği
UNO MERMER DIS TICARET LİMİTED ŞİRKETİ;CAMİ MAH. OVA SK.BAL KONAKLARI B BLOK D: 5 TUZLA İSTANBUL;;http://www.unomarble.com;unomarble.com;İMİB - İstanbul Maden İhracatçıları Birliği
UNVER NAK.TUZ KOMUR TAAH.ISL. SAN.TIC.LTD.STI.;YEŞİLOVA MAH. E 90 KARAYOLU ALTI 10KM.YENİ TUZCULAR SİTESİ ŞEREFLİKOÇHİSAR ŞEREFLİKOÇHİSAR ANKARA;(312) 6965007;www.unvertuz.com.tr;unvertuz.com.tr;İMİB - İstanbul Maden İhracatçıları Birliği
UPLASS HAVACILIK ÜRÜNLERİ SANAYİ VE TİCARET ANONİM ŞİRKETİ;YAKUPLU MAHALLESİ HÜRRİYET BULVARI SKYPORTNO:1/64 BEYLİKDÜZÜ İSTANBUL;(212) 8769544;www.uplass.com.tr;uplass.com.tr;İMİB - İstanbul Maden İhracatçıları Birliği
URUK DIŞ TİCARET LİMİTED ŞİRKETİ;MEŞRUTİYET MAH.DERE SK.DURMUŞOĞLU İŞ MERKEZİ NO:10/142 ŞİŞLİ İSTANBUL;;;;İMİB - İstanbul Maden İhracatçıları Birliği
USDAS DANIŞMANLIK PAZARLAMA İNŞAAT VE İÇ VE DIŞ TİCARET LİMİTED ŞİRKETİ;YUKARI DUDULLU MAH. VUSLAT SOK. NO:4/3 ÜMRANİYE İSTANBUL;(216) 4995560;;;İMİB - İstanbul Maden İhracatçıları Birliği
USHAŞ ULUSLARARASI SAĞLIK HİZMETLERİ ANONİM ŞİRKETİ;SAĞLIK BAKANLIĞI BİLKENT YERLEŞKESİ, ÜNİ. MAH.DUMLUPINAR BULVARI 6001. CAD. NO :9 KAT:8 ÇANKAYA ANKARA;(312) 5852530;;;İMİB - İstanbul Maden İhracatçıları Birliği
USS ARCHOUSE MİMARLIK MÜHENDİSLİK İNŞAAT MÜTEAHHİTLİK LİMİTED ŞİRKETİ;KEMALPAŞA MAH. ADLİYE SK. SANDALCI IŞ MERKEZI NO:2IC KAPI NO: 52 İNEGÖL BURSA;;;;İMİB - İstanbul Maden İhracatçıları Birliği
USTA KİMYA MERMER MADENCİLİK SAN. VE DIŞ TİC. LTD. ŞTİ.;ALTINŞEHİR MAH. AHMET TANER KIŞLALI BULV. 320. SK.GÜLEÇ TERAS PREMIUM SİT. NO:3 B BLOK D:17 NİLÜFER BURSA;(224) 9097287;www.ustamarble.com;ustamarble.com;İMİB - İstanbul Maden İhracatçıları Birliği
UTKU OTOMASYON MAKİNE SAN. VE DIŞ TİC. LTD. ŞTİ.;FATİH ŞEHİTLERİ SOK. NO:7/B MALTEPE ZEYTİNBURNU İSTANBUL;(212) 5651227;;;İMİB - İstanbul Maden İhracatçıları Birliği
UTS TR KİMYASAL ÇÖZÜMLER ANONİM ŞİRKETİ;AYAZAĞA MAHALLESİ MİMAR SİNAN SK. F NO:21 F 34450 SARIYER SARIYER İSTANBUL;(212) 8307873;;;İMİB - İstanbul Maden İhracatçıları Birliği
UZ KİMYA KİMYEVİ MADDE PAZARLAMA SANAYİ VE TİCARET ANONİM ŞİRKETİ;129/26 SOKAK NO 8 4. SANAYİ SİTESİ BORNOVA İZMİR;(232) 3759222;www.uzkimya.com;uzkimya.com;İMİB - İstanbul Maden İhracatçıları Birliği
UZLAR MERMER SANAYİ VE TİCARET LİMİTED ŞİRKETİ;CAMİKEBİR MAHALLESİ ANKARA CADDESİ NO:118 KAHRAMAN SOK. NO.13 ALİBEYKÖY EYÜP İSTANBUL;(212) 6258020;www.uzlarmermer.com;uzlarmermer.com;İMİB - İstanbul Maden İhracatçıları Birliği
ÜÇ BALİNA BİLİŞİM MADENCİLİK TİCARET ANONİM ŞİRKETİ;KEMALPAŞA MAH. FETVANE SK. NO:27/4 MERKEZ ÇANAKKALE;(286) 0000000;www.marmolturco.com;marmolturco.com;İMİB - İstanbul Maden İhracatçıları Birliği
ÜÇEL DİZAYN MOBİLYA |THALAT IHRACAT SANAYI VE TİC. LTD. ŞTİ.;KAYIŞDAĞI BÜLENT SOK NO 58/5 ATAŞEHİR İSTANBUL;(216) 5757594;;;İMİB - İstanbul Maden İhracatçıları Birliği
ÜÇER ZIMPARA TAŞI SAN.VE TİC. LTD.ŞTİ.;MUALLİM KÖY YOLU 1.KM 4101 SK. NO:6 GEBZE KOCAELİ;(262) 7591313;www.ucer.com.tr;ucer.com.tr;İMİB - İstanbul Maden İhracatçıları Birliği
ÜÇ-HA KARDEŞLER MERMER MADENCİLİK İTHALAT İHRACAT TİCARET SANAYİ LİMİTED ŞİRKETİ;SARAYLAR MARMARA BALIKESİR;02668877502;;;İMİB - İstanbul Maden İhracatçıları Birliği
ÜÇLER ALÜMİNYUM METAL YAPI MALZEMELERİ SANAYİ VE TİCARET LİMİTED ŞİRKETİ;DELİKLİKAYA MH YÜZBAŞI MEHMET HİLMİ CD NO:38 ARNAVUTKÖY İSTANBUL;(212) 6132224;www.uclertriomat.com;uclertriomat.com;İMİB - İstanbul Maden İhracatçıları Birliği
ÜÇTEM-PLAS PLASTİK TEMİZLİK GIDA MADDELERİ SANAYİ TİCARET LİMİTED ŞİRKETİ;AKÇABURGAZ MAH. 153. SOK NO: 16 ESENYURT İSTANBUL;(212) 5817431;www.uctemplas.com;uctemplas.com;İMİB - İstanbul Maden İhracatçıları Birliği
ÜN-DEMİR MERMERCİLİK SAN.VE TİC.LTD.ŞTİ;PANAYIT MAH. YUNUS EMRE CAD. NO25 OSMANGAZİ BURSA OSMANGAZİ BURSA;(224) 2115753;;;İMİB - İstanbul Maden İhracatçıları Birliği
ÜNİKEY MAKİNE MÜH.VE İHTİYAÇ MAD.TAAH.TİC.LTD.ŞTİ.;VEZİRÇİFTLİĞİ MAH.BAŞYİĞİT CAD.NO:226 BAŞİSKELE KOCAELİ;(262) 3495245;;;İMİB - İstanbul Maden İhracatçıları Birliği
ÜNİVERSAL DEKOR SANAYİ VE DIŞ TİC. LTD. ŞTİ.;ABDURRAHMAN NAFİZ GÜRMAN MAH. MEHMET AKİF CAD. TURUNCLU SOK. NO. NO.25/2 MERTER GÜNGÖREN İSTANBUL;(212) 6385434;www.universaldecoration.com;universaldecoration.com;İMİB - İstanbul Maden İhracatçıları Birliği
ÜNMERSAN MERMER SANAYİ VE TİCARET LTD. ŞTİ.;ORGANİZE SANAYİ BÖLG. 5.CD. NO:6 ODUNPAZARI ESKİŞEHİR;;www.esmarble.com;esmarble.com;İMİB - İstanbul Maden İhracatçıları Birliği
ÜNPET TURİZM GIDA PETROL OTOMOTİV SANAYİ TİCARET LİMİTED ŞİRKETİ;GÜLTEPE MAH. KÖŞK KIŞLA MAVKİİ TALAS BLV. NO: 43 38030 MELİKGAZİ KAYSERİ;(352) 0000000;;;İMİB - İstanbul Maden İhracatçıları Birliği
ÜSTEL İNŞAAT TURİZM VE TİCARET LİMİTED ŞİRKETİ;SİNANOBA MAH. İBRAHİMZADE CAD. NO:42/35 BÜYÜKÇEKMECE İSTANBUL;(212) 8633200;;;İMİB - İstanbul Maden İhracatçıları Birliği
ÜSTÜNEX KALIP İMALAT SANAYİ TİCARET LİMİTED ŞİRKETİ;ÇERKEŞLİ MAH. ÇERKEŞLİ CAD. NO:88/1DİLOVASI DİLOVASI KOCAELİ;;;;İMİB - İstanbul Maden İhracatçıları Birliği
V METAL SAN. VE TİC.LTD.ŞTİ;BALÇIK MAHALLESİ 3225. SOKAK NO:44 GEBZE KOCAELİ;(262) 0000000;http://www.vmetal.com.tr;vmetal.com.tr;İMİB - İstanbul Maden İhracatçıları Birliği
V TECH TELEKOMÜNİKASYON SANAYİ VE TİCARET ANONİM ŞİRKETİ;İNÖNÜ MAH.GEBZE GUZELLER OSB EBULFEZ ELCİBEY SOK GEBZE KOCAELİ;;;;İMİB - İstanbul Maden İhracatçıları Birliği
VAHDET GROUP YAPI MALZEMELERİ İNŞAAT TURIZM GIDA SANAYİ VE TİCARET LİMİTED ŞİRKETİ;ÇAĞLAYAN MAH. BARIŞ SK. NO:14 A KAĞITHANE/İSTANBUL KAĞITHANE İSTANBUL;(212) 0000000;;;İMİB - İstanbul Maden İhracatçıları Birliği
VALORA MADENCİLİK İNŞAAT SANAYİ VE TİCARET LİMİTED ŞİRKETİ;MARMARA MAH. HÜRRİYET BLV. NO: 227 İÇ KAPI NO: 2 BEYLİKDÜZÜ İSTANBUL;(212) 0000000;;;İMİB - İstanbul Maden İhracatçıları Birliği
VALUEMAR MADENCİLİK SANAYİ TİCARET LİMİTED ŞİRKETİ;İNÖNÜ MAH.1.AYDIN SOKAK NO:11/2 KÜÇÜKÇEKMECE İSTANBUL;(212) 6980092;www.valuemarmarble.com;valuemarmarble.com;İMİB - İstanbul Maden İhracatçıları Birliği
VARNİX BOYA KİMYA SANAYİ VE TİCARET LİMİTED ŞİRKETİ;ESENKENT MAH ENBİYA SK NO:42 ÜMRANİYE İSTANBUL;(216) 6224628;;;İMİB - İstanbul Maden İhracatçıları Birliği
VAST POLYMERS AMBALAJ SANAYİ VE TİCARET LİMİTED ŞİRKETİ;YEŞİLKÖY MAH.ATATÜRK CAD.EGS BUSİNESS PARK BLOK NO:12/8 BAKIRKÖY İSTANBUL;(212) 5495888;;;İMİB - İstanbul Maden İhracatçıları Birliği
VAV BOYA İÇ VE DIŞ TİCARET LTD. ŞTİ.;SEYRANTEPE MAH. İ. KARAOĞLANOĞLU CAD. MURAT SOK. NO:5/A KAĞITHANE İSTANBUL;(212) 2195111;;;İMİB - İstanbul Maden İhracatçıları Birliği
VECHEM KİMYA SAN. TİC. AŞ;IST.DERI ORG.SAN.BOL. VAKUM CADC-14 PARSEL N:18 TUZLA İSTANBUL;(216) 3941108;www.vechem.com;vechem.com;İMİB - İstanbul Maden İhracatçıları Birliği
VEFA OPTİK VE MEDİKAL MALZ. İNŞ. SAN. VE TİC. LTD. ŞTİ.;PERPA İŞ MERK. B BLOK 11. KAT NO:1704 OKMEYDANI ŞİŞLİ İSTANBUL;(212) 2228695;;;İMİB - İstanbul Maden İhracatçıları Birliği
VEGA KONTEYNER VE LOJISTIK SANAYI TICARET LIMITED SIRKETI;TAHTAKALE MAH.FIRAT 1 CAD.NO : 4/1 41 AVCILAR İST AVCILAR İSTANBUL;(212) 0000000;;;İMİB - İstanbul Maden İhracatçıları Birliği
VEN KİMYA SANAYİ VE TİCARET ANONİM ŞİRKETİ;TANTAVİ MAH. ESTERGON CAD NO: 24 F İÇ KAPINO:168 ÜMRANİYE İSTANBUL;;;;İMİB - İstanbul Maden İhracatçıları Birliği
VENA STONE PORSELEN ANONİM ŞİRKETİ;HOBYAR MAHALLESİ VAKIF HANI SOKAKVAKIF İŞ HANI NO:1/208 FATİH İSTANBUL;(212) 5131830;;;İMİB - İstanbul Maden İhracatçıları Birliği
VENTUS GIDA VE DIŞ TİC.LTD.ŞTİ;AŞAĞI DUDULLU MAH.ALYILDIZ SK NO:15/A ÜMRANİYE İSTANBUL;02164182628;;;İMİB - İstanbul Maden İhracatçıları Birliği
VENTUS PROSES MÜHENDİSLİK SANAYİ VE TİCARET LİMİTED ŞİRKETİ;YAKUPLU MAHALLESİ GEÇİT SOKAK NO:17/4 PK:34524 BEYLİKDÜZÜ İSTANBUL;(212) 4860020;http://www.ventusprocess.com/;ventusprocess.com;İMİB - İstanbul Maden İhracatçıları Birliği
VENÜS ULUSLARARASI PAZARLAMA LTD.ŞTİ;MAHMUTBEY MAH.2413 SOK.N:7/31 ZE PLAZA İSTOÇ BAKIRKÖY İSTANBUL;(212) 6590093;;;İMİB - İstanbul Maden İhracatçıları Birliği
VERATEKS BOYA KİMYA TEKSTİL SAN. TİC. LTD. ŞTİ.;HATİP MAH. ALİ OSMAN ÇELEBİ BULVARI VİA WEST TİCARET MERKEZİ NO : 106 CD ÇORLU TEKİRDAĞ;(282) 6737123;www.verateks.com;verateks.com;İMİB - İstanbul Maden İhracatçıları Birliği
VERDİ DIŞ TİCARET LİMİTED ŞİRKETİ;YELKOVAN IS MERKEZI NO:192 ODUNPAZARI ESKİŞEHİR;(222) 2322374;verdiltd.net;verdiltd.net;İMİB - İstanbul Maden İhracatçıları Birliği
VERİTAS METALURJİ SAN.VE DIŞ TİC.LTD.ŞTİ.;DUDULLU OSB MH.İMES SAN SİT E BLOK 502 SK NO:11-2 ÜMRANİYE İSTANBUL;(216) 3147414;www.veritasmetal.com;veritasmetal.com;İMİB - İstanbul Maden İhracatçıları Birliği
VERİTAS TİCARET LOJİSTİK A.Ş.;ZÜHTÜPAŞA RECEP PEKER CAD.NO.19 .DAİRE.4 KADIKÖY İSTANBUL;(216) 8126892;;;İMİB - İstanbul Maden İhracatçıları Birliği
VERSİYON MADENCİLİK ANONİM ŞİRKETİ;OĞUZLAR MAHALLESİ 1393.CADDE NO:13/9 ÇANKAYA ANKARA;(312) 2862333;www.versiyonmadencilik.com;versiyonmadencilik.com;İMİB - İstanbul Maden İhracatçıları Birliği
VESKİM KİMYEVİ MADDE İTHALAT İHRACAT ANONİM ŞİRKETİ;SÜMER SOKAK , KAR PLAZA NO:4 KAT:12 / MASLAK OFFICE BUILDING İÇ KAPI NO:35 SARIYER İSTANBUL;02122831017;www.veskim.com;veskim.com;İMİB - İstanbul Maden İhracatçıları Birliği
VESMEC MAKİNA SANAYİ MÜMESSİLLİK DANIŞMANLIK VE TİCARET ANONİM ŞİRKETİ;AYDINTEPE MAH. AKYILDIZ SOK. NO.3 İÇMELER TUZLA İSTANBUL;(216) 4932973;www.vesmec.com;vesmec.com;İMİB - İstanbul Maden İhracatçıları Birliği
VESNA METAL VE PROFİL SAN.DIŞ TİC.LTD.ŞTİ.;DUDULLU OSB MH DEŞ SAN SİT 113 SK NO:73 ÜMRANİYE İSTANBUL;(216) 3135396;www.vesnametal.com.tr;vesnametal.com.tr;İMİB - İstanbul Maden İhracatçıları Birliği
VESTA AYDINLATMA SAN.VE DIŞ TİC.A.Ş.;PINARTEPE MAH AVRUPA CAD NO 47 BÜYÜKÇEKMECE İSTANBUL;(212) 8550484;;;İMİB - İstanbul Maden İhracatçıları Birliği
VESTEL ELEKTRONİK SANAYİ VE TİCARET ANONİM ŞİRKETİ;PETROL OFISI DOLUM TES. YOLU ÜZERİ AVCILAR İSTANBUL;02124220000;;;İMİB - İstanbul Maden İhracatçıları Birliği
VESTEL TİCARET ANONİM ŞİRKETİ;ORGANIZE SANAYI BOLGESI MANİSA MANİSA;(236) 2330131;www.vestel.com.tr;vestel.com.tr;İMİB - İstanbul Maden İhracatçıları Birliği
VESUVIUS İSTANBUL REFRAKTER SAN. TİC. A.Ş.;GEBZE ORG. SAN. BÖLGESİ MAH. 1700 SOK. NO.1074 ŞEKERPINAR-KOCAELİ KARTAL İSTANBUL;(262) 6770999;www.vesuvius.com;vesuvius.com;İMİB - İstanbul Maden İhracatçıları Birliği
VEYYA MADENCİLİK LİMİTED ŞİRKETİ;AKAT MH.Y.OĞUZGÖKER SK.PARK MAYAST.CARLTON 17 BL N.1/11 BEŞİKTAŞ İSTANBUL;(212) 0000000;;;İMİB - İstanbul Maden İhracatçıları Birliği
VEZİR MADENCİLİK ENDÜSTRİ SANAYİ VE TİCARET ANONİM ŞİRKETİ;ÖRNEK MAH. BAKÜ SOKAK NO.26 ATAŞEHİR İSTANBUL;(216) 4728211;www.vezirmarble.com;vezirmarble.com;İMİB - İstanbul Maden İhracatçıları Birliği
VHP KİMYASAL ÜRÜNLER SANAYİ VE TİCARET ANONİM ŞİRKETİ;HACIHALİL MAH. 1207. SK. NO: 1 İÇ KAPI NO: 5 GEBZE KOCAELİ;(262) 7510202;;;İMİB - İstanbul Maden İhracatçıları Birliği
VIZYON DENIZCILIK GEMI HIZMETLERI TURIZM VE TICARET LIMITED SIRKETI;GÜZELYALI MAH.SAHİLYOLU BULVARI DENİZ APT NO.70 D: 6 PENDİK PENDİK İSTANBUL;(216) 4454814;;;İMİB - İstanbul Maden İhracatçıları Birliği
VİAMER İÇ VE DIŞ TİCARET LİMİTED ŞİRKETİ;İCADİYE MAH. BAĞLARBAŞI CAD.NO:31 İÇ KAPI NO:1 ÜSKÜDAR İSTANBUL;;;;İMİB - İstanbul Maden İhracatçıları Birliği
VİANİ MADENCİLİK PETROL İNŞAAT SAN. VE TİC.LTD.ŞTİ.;ZORUNLU ALANNİLÜFERKÖY MH.NİLÜFER CD. NO:127/1 OSMANGAZİ BURSA;;;;İMİB - İstanbul Maden İhracatçıları Birliği
VİBRANTZ CAM KAPLAMA SANAYİ VE TİCARET LİMİTED ŞİRKETİ;FENERBAHÇE MAH. HACI MEHMETEFENDİSK. DALYAN E 24 E KADIKÖY İSTANBUL;(212) 2946567;;;İMİB - İstanbul Maden İhracatçıları Birliği
VİDARA TURKEY KİMYA TİCARET ANONİM ŞİRKETİ;BARBOROS MAH. BEGONYA SOK. NO:7 K:4 ATAŞEHİR İSTANBUL;(212) 3752400;;;İMİB - İstanbul Maden İhracatçıları Birliği
VİLMEKS İÇ VE DIŞ TİC. METAL SAN. A.Ş;LEVENT CAD.SÜMBÜL SOK. GÖNÜLLER YOLU NO:3 1.LEVENT LEVENT BEŞİKTAŞ İSTANBUL;(212) 2709621;;;İMİB - İstanbul Maden İhracatçıları Birliği
VİSİON BİYOTEKNOLOJİ ARAŞ.GELŞ.LAB.SİST.SAN VE TIC LTD STİ;ALEMDAĞ CAD. HIRA İŞ HANI NO:742 A PK:34760 YUKARI DUDULLU 34010 ÜMRANİYE, İSTANBUL, TÜRKİYEPK:34760 ÜMRANİYE İSTANBUL;(216) 2667985;www.visionbioteknologi.com;visionbioteknologi.com;İMİB - İstanbul Maden İhracatçıları Birliği
VİSUS MADENCİLİK GRANİT MERMER MIMARLIK MÜH. TUR.OTELCILIK İNŞ.GIDA SAN.VE TİC. LTD. ŞTİ.;TEPE DEVRENT MEVKİİ SARI CADDE NO:38 AYDINPINAR KÖYÜ MUDANYA BURSA;(224) 5490702;www.visusmadencilik.com;visusmadencilik.com;İMİB - İstanbul Maden İhracatçıları Birliği
VİTA GLOBAL YAPI MALZEMELERİ SANAYİ TİCARET LİMİTED ŞİRKETİ;GÜMÜŞPALA MAH. MÜRVET SK. 0 NO: 20 İÇ KAPI NO:8 AVCILAR İSTANBUL;(212) 0000000;;;İMİB - İstanbul Maden İhracatçıları Birliği
VİTELLİ TASARIM VE TEKNOLOJİ ANONİM ŞİRKETİ;ATATÜRK MAHALLESİ TURGUT REİS CADDESİ KARAN APARTMANI NO:25 A KARESİ BALIKESİR;(266) 2461450;www.vitelli.com.tr;vitelli.com.tr;İMİB - İstanbul Maden İhracatçıları Birliği
VİVA İMPORT EXPORT DIŞ TİC.İNŞ.SAN.VE TİC.LTD.ŞTİ.;ALTAY MAH. TENEKECİLER SK. NO:4/1 T TURGUTLU MANİSA;;;;İMİB - İstanbul Maden İhracatçıları Birliği
VİZYON İNOVATİF YALITIM ENERJİ VE MÜHENDİSLİK LİMİTED ŞİRKETİ;POSTAHANE MAH. NEŞELİ SOK. NO:2/1TUZLA/İSTANBUL TUZLA İSTANBUL;(216) 4460004;www.vizyonendustiriyelyalitim.com;vizyonendustiriyelyalitim.com;İMİB - İstanbul Maden İhracatçıları Birliği
VKS STONE MADENCİLİK İNŞAAT SANAYİ VE TİCARET LİMİTED ŞİRKETİ;KURUÇEŞME MAH.SAKARYA CAD.NO:73 OSMANGAZİ BURSA;(224) 0000000;;;İMİB - İstanbul Maden İhracatçıları Birliği
VM İÇ VE DIŞ TİC.LTD.ŞTİ;BARBAROS MAH. AL ZAMBAK SK. NO: 2 IÇ KAPI NO: 237 ATAŞEHİR İSTANBUL;(216) 4355811;;;İMİB - İstanbul Maden İhracatçıları Birliği
VOLGA DIŞ TİC. VE DANIŞMANLIK A.Ş.;AZİZİYE MAH. PORTAKAL ÇİÇEĞİ SOK.NO:33 AYRANCI ÇANKAYA ANKARA;(312) 4413141;www.volga.com.tr;volga.com.tr;İMİB - İstanbul Maden İhracatçıları Birliği
VOLKER TEKNİK ZIMPARA SAN. VE TİC. LTD. ŞTİ.;GEBZE O.S.B. 3. CAD. NO:11 GEBZE KOCAELİ;(262) 7510707;;;İMİB - İstanbul Maden İhracatçıları Birliği
VOLL GLOBAL MARKET VE MAGAZA EKIPMANLARI SANAYI TICARET ANONIM SIRKETI;AKÇABURGAZ MAH. 3126. SK. NO: 7 IÇ KAPI NO: 1 ESENYURT İSTANBUL;(212) 8769676;;;İMİB - İstanbul Maden İhracatçıları Birliği
VOL-MER NAKLİYAT İNŞAAT VE MERMERCİLİK TAAHHÜT TİC.VE SAN.LTD.ŞTİ.;EREGLI YOLU BIRIKETCILER SAN. SİT.TURANOGLU SOK. NO.18 KARATAY KONYA;(332) 3553835;www.volmer.com.tr;volmer.com.tr;İMİB - İstanbul Maden İhracatçıları Birliği
W MARBLE MADENCİLİK PAZARLAMA SANAYİ VE TİCARET LİMİTED ŞİRKETİ;SARAY MAH.DOKTOR ADNAN BÜYÜKDENİZ CAD.2 BLOK NO:4 İÇ KAPI NO:21 ÜMRANİYE İSTANBUL;(216) 6870357;www.wmarble.com;wmarble.com;İMİB - İstanbul Maden İhracatçıları Birliği
WACKER NEUSON MAKİNA LİMİTED ŞİRKETİ;TEM YAN YOL KATİP ÇELEBİ CAD. NO:15 34940 TUZLA İSTANBUL;(216) 5740474;www.wackerneuson.com.tr;wackerneuson.com.tr;İMİB - İstanbul Maden İhracatçıları Birliği
WANXING DIS TIC.A.S.;GIRNE M.MALTEPE KUCUKYALISAN.SIT.A BL.N:8 MALTEPE İSTANBUL;02163882747;www.wan-xing.com.cn;wan-xing.com.cn;İMİB - İstanbul Maden İhracatçıları Birliği
WEIR TURKEY MİNERALLERİ LTD. ŞTİ.;TUZLA O.S.B. 2. CAD. NO:12 TUZLA İSTANBUL;(216) 6881606;;;İMİB - İstanbul Maden İhracatçıları Birliği
WEST GLOBAL LOJİSTİK VE DIŞ TİCARET LİMİTED ŞİRKETİ;ZÜMRÜTEVLER MAH. EVİM ÇIKMAZI SK. NO: 4 / 1 MALTEPE İSTANBUL;;;;İMİB - İstanbul Maden İhracatçıları Birliği
WHİTE GOLD MERMER GRANİT İHRACAT İTHALAT LİMİTED ŞİRKETİ;FERHATPAŞA MAH.45. SOKAK NO:29 ATAŞEHİR İSTANBUL;(216) 0000000;;;İMİB - İstanbul Maden İhracatçıları Birliği
WHİTE INTERNATIONAL GROUP LOJİSTİK TİC LTD ŞTİ;AMBARLI MAH.NAİM SÜLEYMANOĞLU SK.GURELAPT GUREL APT.13/8 AVCILAR İSTANBUL;(232) 4638847;;;İMİB - İstanbul Maden İhracatçıları Birliği
WIN METAL ENDÜSTRİ SAN.VE TİC.A.Ş.;KÖSELER MAH. 18.CAD.NO:18 DİLOVASI KOCAELİ;(262) 6413320;www.industrywin.com;industrywin.com;İMİB - İstanbul Maden İhracatçıları Birliği
WİNENERJİ MAKİNE VE ENERJİ SİST.SAN DIŞ TİC A.Ş.;GÜZELYALI MAH. GÜMÜŞSU SOK.NO:7/1GÜZELYALI PENDİK İSTANBUL;(216) 5621220;;;İMİB - İstanbul Maden İhracatçıları Birliği
WİNNER MERMER MADEN ITH. IHR. AŞ;HACI İLYAS MAH.HALİM HAFIZ SOK. SAĞIROĞLU İŞ MERKEZİ NO:9 NO 31 MERKEZ AMASYA;(212) 0000000;;;İMİB - İstanbul Maden İhracatçıları Birliği
WİSAM DIŞ TİCARET LTD ŞTİ;MERKEZ MH 6 NOLU SK BALKAYA İS MERKEZİ NO:13/2 AVCILAR İSTANBUL;(000) 0000000;www.wisamdisticaret.com;wisamdisticaret.com;İMİB - İstanbul Maden İhracatçıları Birliği
WOLD MADEN SANAYİ VE TİCARET ANONİM ŞİRKETİ;MİMARSİNAN MAH. AMAÇ SK. 5/1 BÜYÜKÇEKMECE İSTANBUL;;yaylamozaik.com.tr;yaylamozaik.com.tr;İMİB - İstanbul Maden İhracatçıları Birliği
WOLVES MAKİNA VE DIŞ TİC. LTD. ŞTİ.;ESENLER SAN. SİTESİ 6.BLOK NO:10 BAŞAKŞEHİR İSTANBUL;(212) 4856097;www.wolves.com.tr;wolves.com.tr;İMİB - İstanbul Maden İhracatçıları Birliği
WOODPECKERS AHŞAP VE METAL SAN. TİC.LTD.ŞTİ.;YEŞİLCE MAH. EMEKTAR SK. NO:7 KAT:4 KAĞITHANE İSTANBUL;(212) 2690500;www.woodpeckersshop.com;woodpeckersshop.com;İMİB - İstanbul Maden İhracatçıları Birliği
WORLD MEDICINE İLAÇ SANAYİ VE TİCARET ANONİM ŞİRKETİ;GÜNEŞLİ EVREN MAH. CAMİİ YOLU CADDESİNO:50 KAT 1B ZEMİN:4-5-6 GÜNEŞLİ BAĞCILAR İSTANBUL;(212) 4747050;www.worldmedicine.com.tr;worldmedicine.com.tr;İMİB - İstanbul Maden İhracatçıları Birliği
XİNÇAĞ MADENCİLİK İTHALAT İHRACAT SAN. VE TİC. LTD. ŞTİ.;NECATİBEY CAD. YEŞİLIRMAK SOK. NO:9/8 ÇANKAYA ANKARA;;;;İMİB - İstanbul Maden İhracatçıları Birliği
XM STONE DIŞ TİCARET ANONİM ŞİRKETİ;YENİŞEHİR MH.SÜMBÜL SK.EKİNCİ RESİDANCE APT:8/2/508 PENDİK İSTANBUL PENDİK İSTANBUL;(216) 0000000;;;İMİB - İstanbul Maden İhracatçıları Birliği
XMAR DOĞAL TAŞLAR SANAYİ TİCARET LİMİTED ŞİRKETİ;ALTINTEPE MAH.BAĞDAT CAD.ALTINAPT NO:63/16 KÜÇÜKYALI MALTEPE İSTANBUL;;;;İMİB - İstanbul Maden İhracatçıları Birliği
XYH İSTANBUL PLASTİK İZOLASYON LİMİTED ŞİRKETİ;İOSB MH BEDRETTİN DALAN BLV NO:23/14 BAŞAKŞEHİR İSTANBUL;(212) 0000000;;;İMİB - İstanbul Maden İhracatçıları Birliği
YADATAŞ MADEN SAN. VE TİC. LTD. ŞTİ.;KÜÇÜKBAKKALKÖY MAH. ALİ AY SOK. NO:19/5 ATAŞEHİR İSTANBUL;;www.yadatas.com;yadatas.com;İMİB - İstanbul Maden İhracatçıları Birliği
YADE GAYRİMENKUL LİMİTED ŞİRKETİ;KONAK MAHALLESİ MERKEZ 120 SK. NO :43 NİLÜFER BURSA;;;;İMİB - İstanbul Maden İhracatçıları Birliği
YAF DİZEL GEMİ YEDEKLERİ DIŞ TİCARET LİMİTED ŞİRKETİ;EVLİYA ÇELEBİ MAH.RAUF ORBAY CD.YAF GROUP İŞ MERKEZİ BLOK NO:39/K2 TUZLA İSTANBUL;(216) 4940902;www.yafdiesel.com.tr;yafdiesel.com.tr;İMİB - İstanbul Maden İhracatçıları Birliği
YAKUP YILMAZ;HAZNEDAR MAH. BAĞCILAR CAD. NO:88/A GÜNGÖREN İSTANBUL;(212) 6430054;;;İMİB - İstanbul Maden İhracatçıları Birliği
YALCIN HAVUZ SU ARITMA SAN.VE TIC.LTD.STI.;ORHANGAZİ MAH.7.YOL SK.ISISO SAN.SİT.L BLOK NO:18 ESENYURT İSTANBUL;02126232026;www.yalcinhavuz.com;yalcinhavuz.com;İMİB - İstanbul Maden İhracatçıları Birliği
YAPI-SAN İNŞAAT VE SANAYİ LİMİTED ŞİRKETİ;ESENKENT MAH. BUYRUK SOK. NO.15 YUKARIDUDULLU ÜMRANİYE İSTANBUL;02164667263;www.asteknik.com;asteknik.com;İMİB - İstanbul Maden İhracatçıları Birliği
YARBA KUYUMCULUK MAKİNA TEKSTİL ELEKTRONİK SANAYİ VE DIŞ TİCARET LİMİTED ŞİRKETİ;İKİTELLİ OSB MAH. ATATÜRK BUL. NO: 114 İÇ KAPI NO: 123 BAŞAKŞEHİR İSTANBUL;(212) 5180018;;;İMİB - İstanbul Maden İhracatçıları Birliği
YARIŞ KABİN SANAYİİ VE TİCARET ANONİM ŞİRKETİ;ORGANİZE SANAYİ BÖLGESİ 4. CADDE NO:26 ALTIEYLÜL BALIKESİR;(266) 2830130;www.yariskabin.com.tr;yariskabin.com.tr;İMİB - İstanbul Maden İhracatçıları Birliği
YARMER MADENCİLİK İNŞAAT SANAYİ VE TİCARET ANONİM ŞİRKETİ;KEMALPAŞA OSB MAH. ÖTEYAKA KÜME EVLER NO.35 KEMALPAŞA KEMALPAŞA İZMİR;(232) 4799262;;;İMİB - İstanbul Maden İhracatçıları Birliği
YASİN ILGAZ;MAHMUTBEY MAH.2407.SK. NO:20 BAĞCILAR İSTANBUL;(212) 9990897;;;İMİB - İstanbul Maden İhracatçıları Birliği
YASİN SERAMİK LİMİTED ŞİRKETİ;MERKEZ MAHALLESİ YILDIRIM BEYAZIT CADDESİ NO:207 BAHÇELİEVLER BAHÇELİEVLER İSTANBUL;(212) 5030999;;;İMİB - İstanbul Maden İhracatçıları Birliği
YASİN TEKNİK HIRDAVAT MAKİNA İNŞAAT YAPI MALZEMELERİ SAN.TİC.LT.D.ŞTİ.;HALİL RIFAT PAŞA MAH.YÜZER HAVUZ SK.PERPA TİC.MERKB BLOK NO.1/1 ŞİŞLİ-İSTANBUL ŞİŞLİ İSTANBUL;(212) 0000000;;;İMİB - İstanbul Maden İhracatçıları Birliği
YASİR TAŞKIN;BÜYÜKOYUMCA MAH. 5269.SOKNİLÜFER BLOKLARIA BLOK K5 D10 ATAKUM SAMSUN;(362) 0000000;http://www.kumexpress.com;kumexpress.com;İMİB - İstanbul Maden İhracatçıları Birliği
YAŞAR DIŞ TİC.A.Ş;GAZIOSMANPASA BULV.BATI ISH.10/1KAT3-4-5 ALSANCAK KONAK İZMİR;02324890121;www.yasardis.com.tr;yasardis.com.tr;İMİB - İstanbul Maden İhracatçıları Birliği
YAŞAR KÖSE TAŞIMACILIK İTHALAT İHRACAT TİCARET LİMİTED ŞİRKETİ;LİSELER MAH. STADYUM SK. KAPALI PAZAR NO:19 ÜNYE ORDU;(452) 0000000;;;İMİB - İstanbul Maden İhracatçıları Birliği
YAŞAR PETROL TURİZM İNŞAAT MOBİLYA KUYUMCULUK NAKLİYE İÇ VE DIŞ TİCARET LİMİTED ŞİRKETİ;AYAZLI MAH. KUMRU KORGAN ASFALTI CAD. YAŞAR PETROL SİTESİ NO.:7/A FATSA ORDU;;http://www.mybentonite.com;mybentonite.com;İMİB - İstanbul Maden İhracatçıları Birliği
YAŞAR TEKNİK YAPI MALZEMELERİ DIŞ TİCRET ANOONİM ŞİRKETİ;İNÖNÜ MAH.GEBZE GÜZELLER OSB MAH.FATİH SULTAN MEHMET CAD.YAŞAR TEKNİK BLOK NO:3 GEBZE KOCAELİ;(850) 3077474;;;İMİB - İstanbul Maden İhracatçıları Birliği
YAVÇIN İNŞAAT TAAHHÜT SANAYİ VE TİCARET LİMİTED ŞİRKETİ;YENİŞEHİR MAH. ŞEFİKA SK. DUMANKAYAFLEX A BLOK NO 10 /1 DAİRE 1 PENDİK İSTANBUL;(216) 5952825;;;İMİB - İstanbul Maden İhracatçıları Birliği
YAVUZ METAL İNŞ. GIDA TURZ. SAN. VE TİC. A.Ş.;YUNUS EMRE MH TABİAT SK.NO:15 YENİDOĞAN SANCAKTEPE İSTANBUL;(216) 4841597;www.yavuzaluminyum.com;yavuzaluminyum.com;İMİB - İstanbul Maden İhracatçıları Birliği
YAYLA MOZAİK SANAYİ VE TİCARET LTD. ŞTİ.;MİMARSİNAN MAH. AMAÇ SK. 5/1 BÜYÜKÇEKMECE İSTANBUL;;yaylamozaik.com.tr;yaylamozaik.com.tr;İMİB - İstanbul Maden İhracatçıları Birliği
YAZGAN T-D ELEKT.MAK.GIDA PET. ÜR.CAM.PL.IML.ITH.SAN.TIC.LTD.;UĞUR MUMCU CD.U.MUMCU SOK.NO-54/4 ÇANKAYA ANKARA;03124477301;www.yazgantd.com;yazgantd.com;İMİB - İstanbul Maden İhracatçıları Birliği
YB GOLDEN MADENCİLİK İNŞAAT SANAYİ VE TİCARET LİMİTED ŞİRKETİ;KALE MAHALLESİ BURÇAK SOKAK NO:2-4/1 KESTEL BURSA;(224) 3728340;;;İMİB - İstanbul Maden İhracatçıları Birliği
YC GLOBAL YAPI MALZEMELERİ DIŞ TİCARET ANONÍM ŞİRKETİ;BALÇIK MAH.ORGANİZE CAD NO:81/1/2 GEBZE KOCAELİ;;;;İMİB - İstanbul Maden İhracatçıları Birliği
YE GRUP TURIZM SANAYI VE TICARET LIMITED ŞIRKETI;BAHÇELIEVLER MAH. FERİT SELİMPAŞA CAD. NO: 44 İÇ KAPI NO:4 BAHÇELİEVLER İSTANBUL;;;;İMİB - İstanbul Maden İhracatçıları Birliği
YEDA İNŞAAT MALZEMELERİ TAAHHÜT SANAYİ VE TİCARET ANONİM ŞİRKETİ;BEYLİKDÜZÜ MERMERCİLER SAN.SİT.1.BULVAR N:5 BEYLİKDÜZÜ İSTANBUL;(212) 8764194;www.yedamermer.com;yedamermer.com;İMİB - İstanbul Maden İhracatçıları Birliği
YEDİTEPE DOĞALTAŞ VE MADEN SAN. TİC. LTD. ŞTİ.;AKÇALAR MAH 9.CAD N:6 NİLÜFER BURSA;(224) 6133025;www.yeditepemaden.com;yeditepemaden.com;İMİB - İstanbul Maden İhracatçıları Birliği
YEKMON YAPI PROJE TİC.LTD.ŞTİ.;CUMHURİYET MAH.D-100 KARAYOLU CAD. ADM KONAKLAMA OUTLET PARK AVM NO:374 / 63 BÜYÜKÇEKMECE İSTANBUL;(212) 0000000;;;İMİB - İstanbul Maden İhracatçıları Birliği
YELMEN PLASTİK SAN VE DIŞ TİC. LTD. ŞTİ.;İST. TOPTANCILAR ÇARŞISI 11. ADA NO:74-76 MAHMUTBEY BAĞCILAR İSTANBUL;(212) 5200297;www.yelmenplastik.com;yelmenplastik.com;İMİB - İstanbul Maden İhracatçıları Birliği
YEMYEŞİL MERMER MADEN İNŞAAT VE ORGANİZASYON DIŞ TİCARET LİMİTED ŞİRKETİ;HAMİDİYE MAH.DİRLİK SOK.NO:9 B KAĞITHANE İSTANBUL;(212) 5063504;;;İMİB - İstanbul Maden İhracatçıları Birliği
YENİ KUŞAK DIŞ TİCARET ANONİM ŞİRKETİ;ODUNLUK MAH. AKADEMİ CAD. ZENO BUSINESS CENTERC VE D BLOK NİLÜFER BURSA;;;;İMİB - İstanbul Maden İhracatçıları Birliği
YENİ SÜPER GAZ SANAYİ VE TİCARET LİMİTED ŞİRKETİ;İKİTELLİ OSB MH ESKİ TURGUT ÖZAL CD NO:4 B BLOK NO:404 BAŞAKŞEHİR İSTANBUL;(212) 2544444;www.iceinox.com;iceinox.com;İMİB - İstanbul Maden İhracatçıları Birliği
YENİ YOLLAR LOGİSTİCS ULUSLARARASI NAKLİYAT VE DIŞ TİCARET LİMİTED ŞİRKETİ;ATATÜRK MH.ATAPARK CD.C4 NO:1 A/40 ATAŞEHİR İSTANBUL;(216) 9993733;;;İMİB - İstanbul Maden İhracatçıları Birliği
YER MERMER GRANİT MADENCİLİK SANAYİ VE TİCARET A.Ş.;ODUNLUK MAH. AKADEMİ CAD. ZENO CENTER NO.10K.6 D.27 NİLÜFER BURSA;(224) 4436550;www.yucemarble.com;yucemarble.com;İMİB - İstanbul Maden İhracatçıları Birliği
YG YANGIN GÜVENLİĞİ SAN. VE DIŞ TİC. LTD. ŞTİ.;4.LEVENT SANAYİ BÖLGESİ YEŞİLCE MAH.DEMİRBAŞ SOKAK N0:20 YEŞİLCE KAĞITHANE İSTANBUL;(212) 2106206;www.ygyangin.com;ygyangin.com;İMİB - İstanbul Maden İhracatçıları Birliği
YILDIRIM ŞEMSİYE VE GÖLGE SİSTEMLERİ SANAYİ VE TİCARET LİMİTED ŞİRKETİ;MARMARACIK MAH. 1987. SK NO:22/1 ERGENE/TEKİRDAĞ ERGENE TEKİRDAĞ;(282) 0000000;;;İMİB - İstanbul Maden İhracatçıları Birliği
YILDIZ CILA SANAYI VE TICARET LTD.STI.;GULSUYU M.FEVZI CAKMAK C. ARIS.N:14 MALTEPE İSTANBUL;02163761927;www.yildizcila.com.tr;yildizcila.com.tr;İMİB - İstanbul Maden İhracatçıları Birliği
YILDIZ İNŞAAT MADENCİLİK SAN. TİC. LTD. ŞTİ.;AKARBAŞI MAH.ATATÜRK BULV.ÇETİN APT.65/1-2 KAT:1 ODUNPAZARI ESKİŞEHİR;(222) 2216006;;;İMİB - İstanbul Maden İhracatçıları Birliği
YILDIZ YAPI KİMYASALLARI SAN. VE TİC. LTD. ŞTİ.;İÇERENKÖY MAH.ÇETİNKAYA SOK.NO:19/5 ATAŞEHİR İSTANBUL;;;;İMİB - İstanbul Maden İhracatçıları Birliği
YILDIZHAN METAL SAN.VE DIS TIC LTD.STI.;TELSIZ MAH.PAPATYA SOK.NO.6 ZEYTİNBURNU İSTANBUL;02125463967;;;İMİB - İstanbul Maden İhracatçıları Birliği
YILKROM MADEN VE ENERJİ YATIRIM TİCARET SANAYİ ANONİM ŞİRKETİ;BİNGÖL KARAYOLU 55. KM. YARIMCA KOVANCILAR ELAZIĞ;(424) 6278004;;;İMİB - İstanbul Maden İhracatçıları Birliği
YILMAZ KARDEŞLER BALIKÇILIK VE DENİZCİLİK TURİZM İTHALAT İHRACAT SANAYİ VE TİCARET LİMİTED ŞİRKETİ;KOZAĞZI MAHALLESİ DÜDÜKÇÜ 2 SOKAK NO:16/3 PERŞEMBE ORDU;(452) 4184153;;;İMİB - İstanbul Maden İhracatçıları Birliği
YILMAZ KIRCAOĞLU;AKPINAR SAN BÖLGESİ YASSIÖREN MH BALKIRI SK NO:19 BAŞAKŞEHİR İSTANBUL;(212) 6751189;www.bsmsandalye.com;bsmsandalye.com;İMİB - İstanbul Maden İhracatçıları Birliği
YILMAZ KİMYA İNŞ. SAN. VE TİC. A.Ş.;DUDULLU ORG SAN BÖL. 1 CAD. NO.21 ESENŞEHİR ÜMRANİYE İSTANBUL;02163141000;www.yilmazkimya.com.tr;yilmazkimya.com.tr;İMİB - İstanbul Maden İhracatçıları Birliği
YİĞİT E-TİCARET VE ZÜCCACİYE LİMİTED ŞİRKETİ;MAHMUTBEY MH İSTOÇ 5. ADA NO:42-44 BAĞCILAR İSTANBUL;(212) 6597338;;;İMİB - İstanbul Maden İhracatçıları Birliği
YİĞİT KESMEGÜLLÜ;ŞEHSUVAR BEY MAHALLESİ GEDİKPAŞA CADDESİ NO:87 A FATİH İSTANBUL;;;;İMİB - İstanbul Maden İhracatçıları Birliği
YİĞİTOĞLU KİMYA ANONİM ŞİRKETİ;NİSPETİYE MAH. BAŞLIK SOK. NO:3/A BEŞİKTAŞ İSTANBUL;(212) 2844337;;;İMİB - İstanbul Maden İhracatçıları Birliği
YİĞİTSAN YAPI KİMYASALLARI BOYA İZALASYON MAD. SAN. VE DIŞ TİC. LTD.ŞTİ.;BOGAZKÖY İSTİKLAL MAH. İSMET İNÖNÜ CAD. NO:42 ARNAVUTKÖY İSTANBUL;(212) 6852433;www.yigitsangroup.com.tr;yigitsangroup.com.tr;İMİB - İstanbul Maden İhracatçıları Birliği
YİJİA MADENCİLİK SANAYİ VE TİCARET LİMİTED ŞİRKETİ;İKONAK MAH. BARIŞ 120 SK. NO:3 İÇ KAPI NO:10 16110 SOK. NO:1/B 16110 NİLÜFER BURSA;(224) 2490886;;;İMİB - İstanbul Maden İhracatçıları Birliği
YİMTAŞ MÜHENDİSLİK İNŞ. TAAH. TUR. VE METAL SAN. VE TİC. A.Ş.;MECİDİYEKÖY MAH ATAKAN SK N:7/9 K:1 D:1 ŞİŞLİ İSTANBUL;(212) 2757610;www.yimtas.com.tr;yimtas.com.tr;İMİB - İstanbul Maden İhracatçıları Birliği
YOLDAŞ ENDÜSTRİ ÜRÜNLERİ SANAYİ VE TİCARET A.Ş.;DES SAN.SİT.1.CAD. C-04 BLOK NO:10-12 YUKARIDUDULLU ÜMRANİYE İSTANBUL;(216) 4664949;;;İMİB - İstanbul Maden İhracatçıları Birliği
YOUR BRAND METAL SANAYİ VE TİCARET ANONİM ŞİRKETİ;BADIRGA MAH. 11 SK. NO 2 PK:16290 NİLÜFER BURSA;(224) 7043001;;;İMİB - İstanbul Maden İhracatçıları Birliği
YOZGAT MERMER GRANİT NAKLİYE MADENCİLİK İNŞAAT TAAHHÜT İTHALAT İHRACAT SANAYİ TİCARET LİMİTED ŞTİ.;ORGANİZE SANAYİ BÖLGESİ 101 / 3 YERKÖY YOZGAT;(354) 5581033;http://yozgatmermer.com.tr;yozgatmermer.com.tr;İMİB - İstanbul Maden İhracatçıları Birliği
YSA GRUP İNOVASYON SANAYİ VE TİCARET LİMİTED ŞİRKETİ;MURADİYE MAHALLESİ.16-18 SOKAK. MURADİYE ORGANİZE SANAYİ BÖLGESİ NU:38-39 ERMAK 45140 YUNUS EMRE MANİSA;(236) 6060365;ww.ysagrup.com;ww.ysagrup.com;İMİB - İstanbul Maden İhracatçıları Birliği
YSB TEKNİK ENDÜSTRİYEL BANT VE HIRDAVAT ENERJİ MÜHENDİSLİK HİZMETLERİ SANAYİ VE TİCARET LİMİTED ŞTİ.;ARAP CAMİ MAHALLESİ BAKIR SOKAK ALANTAR İŞ MERKEZİ NO:10/63 BEYOĞLU İSTANBUL;(212) 3615542;;;İMİB - İstanbul Maden İhracatçıları Birliği
YSF TEKNİK KUYUMCU MALZEMELERİ SANAYİ VE TİCARET LİMİTED ŞİRKETİ;YENİBOSNA LADİN SOKAK KUYUMCUKENT KOMPLEKSİ ATÖLYELER BLOK 1 KAT:7 SOK NO:21 YENİBOSNA BAHÇELİEVLER İSTANBUL;;;;İMİB - İstanbul Maden İhracatçıları Birliği
YUBER KIMYA MÜHENDISLIK ITHALAT IHRACAT SAN VE TIC.LT.STI;ÇERKESLIOSB MAH. IMES-10 CAD. NO: 37 MERKEZKÖYÜ MERKEZ BUCAGI DİLOVASI KOCAELİ;(262) 6580343;www.yuber.com.tr;yuber.com.tr;İMİB - İstanbul Maden İhracatçıları Birliği
YUBER METALURJİ MÜHENDİSLİK SAN. VE TİC. LTD. ŞTİ.;ÇERKEŞLİ O.S.B.MAH.10.CAD.N:37 DİLOVASI KOCAELİ;(262) 6580343;www.yuber.com.tr;yuber.com.tr;İMİB - İstanbul Maden İhracatçıları Birliği
YUNUS ÇELEBİ MADEN SAN. VE TİC. A.Ş.;NAMIK KEMAL MAH.SÜLEYMAN SEBA CAD. N:1SÜLEYMANPAŞA MERKEZ TEKİRDAĞ;(282) 2931293;www.ycstone.com.tr;ycstone.com.tr;İMİB - İstanbul Maden İhracatçıları Birliği
YURDAKUL NAKLİYAT İNŞ.SAN.VE T İC.LTD.ŞTİ.;DENIZ KOSKLER MAH.GELINCIK SK.NO.3/1 AVCILAR İSTANBUL;02126760638;;;İMİB - İstanbul Maden İhracatçıları Birliği
YURT KİMYASAL ÜRÜNLER SANAYİİ VE DIŞ TİCARET LİMİTED ŞİRKETİ;İKİTELLİ OSB MAH İSTEK SANAYİ SİTESİ B 2 BLOK NO:22 BAŞAKŞEHİR İSTANBUL;(212) 0000000;http://www.yurtglobal.com;yurtglobal.com;İMİB - İstanbul Maden İhracatçıları Birliği
YURTMER MADENCİLİK LİMİTED ŞİRKETİ;B.EVLER MAH.FEVZİ ÇAKMAK 2.CAD.GÜZELŞEHİR SİT.NO:ALA BÜYÜKÇEKMECE İSTANBUL;(212) 8680068;;;İMİB - İstanbul Maden İhracatçıları Birliği
YUSUF AKSU;HALKALI MERKEZ MAH. FİLİZ SK. NO:35 A KÜÇÜKÇEKMECE İSTANBUL;(212) 0000000;;;İMİB - İstanbul Maden İhracatçıları Birliği
YUSUFOĞLU MADENCİLİK LTD. ŞTİ.;ADNAN KAHVECİ MAH. YAVUZ SULTAN SELİM BLV. PERLAVİSTA AVM A BLOK K:5 D:40 BEYLİKDÜZÜ İSTANBUL;(212) 8735837;;;İMİB - İstanbul Maden İhracatçıları Birliği
YÜCE GRUP GAYRİMENKUL DANIŞMANLIK SANAYİ VE TİCARET LİMİTED ŞİRKETİ;ODUNLUK MAH. LİMAN CAD. KIZILAY PLAZA NO:17 / 103 NİLÜFER BURSA;(224) 0000000;;;İMİB - İstanbul Maden İhracatçıları Birliği
YÜCE NAKLİYAT EMLAK MADENCİLİK VE İNŞ. SAN. VE TİC. A.Ş.;ODUNLUK MAH. AKADEMİ CAD. ZENO CENTER D BLOK NO:10 K:6 D:24 NİLÜFER BURSA;(224) 4436550;www.yucemarble.com;yucemarble.com;İMİB - İstanbul Maden İhracatçıları Birliği
YÜCEL MEDİKAL VE TEKSTİL ÜRÜNLERİ SANAYİ TİCARET LİMİTED ŞİRKETİ;EVREN SAN.SIT. 24.BLOKNO:1 BÜYÜKÇEKMECE İSTANBUL;02126728609;www.yucelmedikal.com;yucelmedikal.com;İMİB - İstanbul Maden İhracatçıları Birliği
YÜKSEL KADRİYE TAŞKIN;TOPCU CESMESI SOK.NO.11 EYÜP İSTANBUL;02126135353;;;İMİB - İstanbul Maden İhracatçıları Birliği
YÜKSELEN TENTE BRANDA İÇ VE DIŞ TİCARET LİMİTED ŞİRKETİ;AKÇABURGAZ MH 3132 SK NO:11-13 ESENYURT İSTANBUL;(212) 4441886;www.yukselentente.com;yukselentente.com;İMİB - İstanbul Maden İhracatçıları Birliği
YÜKSELİR BOYA İTH. İHR. SAN. VE TİC.LTD.ŞTİ.;KORKUTREİS MAHALLESİ HANIMELİ SOKAK NO:21/22 ÇANKAYA ANKARA;(312) 4300001;;;İMİB - İstanbul Maden İhracatçıları Birliği
YÜZER DOKUMA MALZEMELERİ SANAYİ VE TİCARET ANONİM ŞİRKETİ;MIMAR SINAN BULV.NO-149 ÜMRANİYE İSTANBUL;(262) 6589192;;;İMİB - İstanbul Maden İhracatçıları Birliği
YÜZGEÇ LOJİSTİK DIŞ TİCARET LTD ŞTİ.;AKSARAY MAHALLESİ İNKİLAP CADDESİ BULVAR ÇARŞISI NO:8 İÇ KAPI NO:4 FATİH İSTANBUL;(212) 8523825;;;İMİB - İstanbul Maden İhracatçıları Birliği
ZALA GROUP GİRİŞİMCİLİK VE İŞ GELİŞTİRME SANAYİ TİCARET LİMİTED ŞİRKETİ;AYAZAĞA MAH. MİMAR SİNAN SOK. SEBA OFFICE APT NO:21 D/16 SARIYER İSTANBUL;(212) 8235404;http://www.zalaglobal.com;zalaglobal.com;İMİB - İstanbul Maden İhracatçıları Birliği
ZBE YATIRIM MADENCİLİK DIŞ TİCARET LİMİTED ŞİRKETİ;OSTİM OSB MAHALLESİ 1174. CAD. NO: 4 YENİMAHALLE ANKARA;(312) 3345323;www.zbe.com.tr;zbe.com.tr;İMİB - İstanbul Maden İhracatçıları Birliği
ZED 7 POOL CTP HAVUZ EKİPMANLARI SANAYİ VE TİCARET LİMİTED ŞİRKETİ;ALEMDAĞ MAH. ŞAİR MEHMET AKİF ERSOY CAD. NO: 7 İÇKAPI NO: 3 ÇEKMEKÖY İSTANBUL;(216) 3129451;;;İMİB - İstanbul Maden İhracatçıları Birliği
ZED GLOBAL OTOMOTİV AKSESUARLARI PAZARLAMA VE TİCARET LİMİTED ŞİRKETİ;KARAAĞAÇ MAHALLESİ 8 SOKAK NO:9/ 1 KAPAKLI TEKİRDAĞ TEKİRDAĞ;(282) 7581630;;;İMİB - İstanbul Maden İhracatçıları Birliği
ZEE MAKİNA SAN. DIŞ TİC. LTD. ŞTİ.;YEŞİLKÖY MAH. ATATÜRK CAD. DÜNYA TİCARET MERKEZİ, NO: 10/457 BAKIRKÖY İSTANBUL;(212) 4656500;;;İMİB - İstanbul Maden İhracatçıları Birliği
ZEITS İÇ VE DIŞ TİCARET LİMİTED ŞİRKETİ;MEHMET AKİF ERSOY MAH. 1. ÖTEYAKA KÜME EVLERİ NO:73 A KEMALPAŞA / İZMİR KEMALPAŞA İZMİR;(232) 0000000;;;İMİB - İstanbul Maden İhracatçıları Birliği
ZEN KİMYASAL ÜRÜNLERİ SANAYİ VE DIŞ TİCARET A.Ş;AYDINLI KOSB MAH. MOSTAR CAD. KOSB NO : 6 TUZLA İSTANBUL;(216) 5049470;;;İMİB - İstanbul Maden İhracatçıları Birliği
ZENDIŞ TİCARET LİMİTED ŞİRKETİ;KOCATEPE MAH ABDÜLHAK HAMİT CAD GAYRET APT NO 24 İÇ KAPIBO 6 BEYOĞLU İSTANBUL;(212) 0000000;;;İMİB - İstanbul Maden İhracatçıları Birliği
ZENGİN GÜVEN MERMER GRANİT SANAYİ VE TİCARET LTD.ŞTİ.;KOCASİNAN MAH. KÖPRÜBAŞI SANAYİ SİTESİ ÇIRAKLIK EĞİTİM MERKEZİ KARŞISI LÜLEBURGAZ KIRKLARELİ;(288) 4172578;;;İMİB - İstanbul Maden İhracatçıları Birliği
ZENİT LED VE AYDINLATMA TEKNOLOJİLERİ REKLAMCILIK SAN.VE TİC.A.Ş.;AYDINLI MAH.DERİ ORG.SAN.BÖL.MAH.YAN SAN.CAD. DERİ OSB.SİT.YA-11-NO:17/1/2 AYDINLI TUZLA İSTANBUL;(216) 5910035;www.zenitled.com.tr;zenitled.com.tr;İMİB - İstanbul Maden İhracatçıları Birliği
ZERAY PLASTİK BORU TESİSAT VE İNŞ. MALZ. SAN. TİC. LTD. ŞTİ.;KARAAĞAÇ KURŞAN ÇİFT.HADİMKÖY YOLU ÜZERİKAPI:15 BÜYÜKÇEKMECE İSTANBUL;(212) 8581523;www.zerayplastik.com;zerayplastik.com;İMİB - İstanbul Maden İhracatçıları Birliği
ZERPAK AMBALAJ PLASTİK VE LÜKS HIRD. SAN. DIŞ TİC. LTD. ŞTİ.;HADIMKÖY MAH. DOKTOR MİTHAT MARTI CAD. NO:22 ARNAVUTKÖY İSTANBUL;(212) 8868545;www.zerpak.com.tr;zerpak.com.tr;İMİB - İstanbul Maden İhracatçıları Birliği
ZESAN ZIMPARA TEKNİK AŞINDIRICILARI SANAYİ TİCARET LİMİTED ŞİRKETİ;NECİP FAZIL MAH. MİNA SK. NO:21 B ÜMRANİYE İSTANBUL;(216) 4713700;;;İMİB - İstanbul Maden İhracatçıları Birliği
ZETA DIŞ TİCARET İTHALAT İHRACAT PAZARLAMA TİCARET LİMİTED ŞİRKETİ;MECİDİYEKÖY MH BÜYÜKDERE CD KUĞU İS HANI NO:81/3 ŞİŞLİ İSTANBUL;(212) 2747144;www.zetacompany.com;zetacompany.com;İMİB - İstanbul Maden İhracatçıları Birliği
ZETA PEYZAJ HİZMETLERİ İNŞ. DIŞ TİC LTD. ŞTİ.;19 MAYIS MAH. İNÖNÜ CAD. NO.94 K.6 KOZYATAĞI KADIKÖY İSTANBUL;(216) 3738004;;;İMİB - İstanbul Maden İhracatçıları Birliği
ZETAS ZEMIN TEKNOLOJISI A.S.;ALEMDAĞ MERKEZ MAH. REŞADİYE CAD. NO: 69/A ÇEKMEKÖY İSTANBUL;(216) 4300600;www.zetas.com.tr;zetas.com.tr;İMİB - İstanbul Maden İhracatçıları Birliği
ZEUS ULUSLARARASI TAŞIMACILIK İNŞ.VE DIŞ TİC. LTD ŞTİ;ABDURRAHMANGAZİ MAH.BOSNA BLV NO:7/11 SULTANBEYLİ İSTANBUL;(216) 5920573;www.zeusnakliyat.com.tr;zeusnakliyat.com.tr;İMİB - İstanbul Maden İhracatçıları Birliği
ZEYSİMA GIDA DOĞAL TAŞ MADENCİLİK AKARYAKIT ULAŞTIRMA İTHALAT İHRACAT SANAYİ VE TİCARET LTD.ŞTİ.;NASRETTİN HOCA MAH. ATATÜRK SK.NO:114 A SİVRİHİSAR ESKİŞEHİR;(222) 0000000;www.zeysima.com;zeysima.com;İMİB - İstanbul Maden İhracatçıları Birliği
ZIRVE POLIMER TEKS.VE GIDA.MADD.ITH.IHR.SAN.TIC.LTD.STI.;İKİTELLİ ORG.SAN.BÖL.İPKAS SAN.SİT.4.BLOK N:1/3 BAŞAKŞEHİR İSTANBUL;(212) 6715988;www.zirvepolimer.com;zirvepolimer.com;İMİB - İstanbul Maden İhracatçıları Birliği
ZİGMA MADENCİLİK SANAYİ TİCARET LİMİTED ŞİRKETİ;YENIBOSNA MERKEZ MAH. DEGIRMENBAHÇECAD. A1-A1AA1B NO: 17 A1B IÇ KAPI NO: 81 BAHÇELİEVLER İSTANBUL;;;;İMİB - İstanbul Maden İhracatçıları Birliği
ZİMES METAL DIŞ TİCARET LİMİTED ŞİRKETİ;ZİYA GÖKALP MAH. SÜLEYMAN DEMİREL BLV. THE OFFİCENO:7E İÇ KAPI NO:136 BAŞAKŞEHİR İSTANBUL;(212) 3665175;;;İMİB - İstanbul Maden İhracatçıları Birliği
ZİNCAL METAL LTD. ŞTİ.;CAFERAGA MAH. GENERAL ASIM GÜNDÜZ CAD. NO: 62 IÇ KAPI NO: 41 KADIKÖY İSTANBUL;;;;İMİB - İstanbul Maden İhracatçıları Birliği
ZİNCUS METAL SANAYİ VE TİCARET A.Ş.;FENERYOLU MAH. ERDOĞDU SK. ERGUVAN APT NO:13/2 KADIKÖY İSTANBUL;(216) 3369595;;;İMİB - İstanbul Maden İhracatçıları Birliği
ZİRVE GRUP DEKORASYON TASARIM İNŞ.SAN.VE TİC.LTD.ŞTİ.;ŞEKERPINAR MAH. FEVZİ ÇAKMAK CAD. KAMER SOKAK NO:7 ÇAYIROVA KOCAELİ;(262) 6581111;https://zirvegrup.net.tr/;zirvegrup.net.tr;İMİB - İstanbul Maden İhracatçıları Birliği
ZİRVE GRUP DIŞ TİCARET MADEN SAN. VE TİC. A.Ş.;ODUNLUK MH. İBRAHİMİŞSEVENLER CD. NO:12/40 34760 NİLÜFER, NİLÜFER BURSA;(224) 0000000;;;İMİB - İstanbul Maden İhracatçıları Birliği
ZİRVE KAYA İNŞAAT DEKORASYON DIŞ TİC. LTD. ŞTİ.;MERKEZ MAH. ATATÜRK CAD. NO:147 B ALİBEYKÖY EYÜP İSTANBUL;(212) 3136052;;;İMİB - İstanbul Maden İhracatçıları Birliği
ZONE İNŞAAT TAAHHÜT ENERJİ İTHALAT İHRACAT SANAYİ VE TİCARET ANONİM ŞİRKETİ;23 NİSAN MAH.KARACAOĞLAN CAD. NO:18 NİLÜFER BURSA;(224) 0000000;;;İMİB - İstanbul Maden İhracatçıları Birliği
ZOOM LOJİSTİK HİZMETLERİ TİCARET LİMİTED ŞİRKETİ;MECİDİYEKÖY MAH. BÜYÜKDERE CAD. KUĞU İŞ HANI NO:81 İÇ KAPI NO:3 ŞİŞLİ İSTANBUL;(212) 0000000;;;İMİB - İstanbul Maden İhracatçıları Birliği
ZRL DIS TICARET ANONIM SIRKETI;İKİTELLİ OSB MAH. DERSAN S6B BLOK SK. S6B NO: 129 BAŞAKŞEHİR İSTANBUL;(212) 0000000;;;İMİB - İstanbul Maden İhracatçıları Birliği
ZRL PLASTİK İÇ VE DIŞ TİCARET LİMİTED ŞİRKETİ;ŞİRİNEVLER MAHALLESİ MAREŞAL FEVZİ ÇAKMAK 1. SOKAKMEYDAN İŞ HANI NO:2 İÇ KAPI NO:26 BAHÇELİEVLER İSTANBUL;(212) 0000000;;;İMİB - İstanbul Maden İhracatçıları Birliği
ZSM MADENCİLİK TİCARET LİMİTED ŞİRKETİ;AYRANCI MAH. REŞAT NURİ SOKAK NO: 52 / A96 ÇANKAYA ANKARA;;;;İMİB - İstanbul Maden İhracatçıları Birliği
ZTM DOĞA İNŞAAT GRANİT MERMER LİMİTED ŞİRKETİ;İSTASYON MAH. TALATPAŞA CAD. 47/5B /4PK:22100 EDİRNE MERKEZ MERKEZ EDİRNE;(284) 2356272;;;İMİB - İstanbul Maden İhracatçıları Birliği
ZUM ZÜCCACIYE ÜRÜNLERI LIMITED SIRKETI;KARADOLAP MAH. KALENDER SK. NO: 1 A EYÜP İSTANBUL;(212) 0000000;;;İMİB - İstanbul Maden İhracatçıları Birliği
ZYD DIŞ TİCARET LİMİTED ŞİRKETİ;YENİŞEHİR MAH. SÜMBÜL SK. STAR PORTRESIDENCE NO:10 İÇ KAPI NO:152 PENDİK İSTANBUL;(216) 0000000;;;İMİB - İstanbul Maden İhracatçıları Birliği