firma_adi;adres;telefon;website;domain;birlik
HABAŞ SINAİ VE TIBBİ GAZLAR İSTİHSAL ENDÜSTRİSİ A.Ş.;FUATPASA SOK. NO.26 SOĞANLIK MAH. KARTAL İSTANBUL;(216) 4536400;www.habas.com.tr;habas.com.tr;ÇİB - Çelik İhracatçıları Birliği
DİLER DIŞ TİCARET ANONİM ŞİRKETİ;MASLAK MAHALLESİ, ESKİ BÜYÜKDERE CADDESİ KOÇKAYA AS PLAZA MASLAK NO:1 34485 SARIYER İSTANBUL;(212) 2552420;www.dilerhld.com;dilerhld.com;ÇİB - Çelik İhracatçıları Birliği
İÇDAŞ ÇELİK ENERJİ TERSANE VE ULASIM SANAYİ A.Ş.;İÇDAŞ PLAZA MAHMUTBEY MAH. DİLMENLER CAD. NO:20 MAHMUTBEY MAHMUTBEY BAĞCILAR İSTANBUL;(212) 6040404;www.icdas.com.tr;icdas.com.tr;ÇİB - Çelik İhracatçıları Birliği
ÇOLAKOĞLU METALURJİ A.Ş.;KÇAM PINARI SK. NO: 1 İÇ KAPI NO : 16 KAVACIK RÜZGARLIBAHÇE BEYKOZ BEYKOZ İSTANBUL;(216) 4442627;www.colakoglu.com.tr;colakoglu.com.tr;ÇİB - Çelik İhracatçıları Birliği
İSKENDERUN DEMİR VE ÇELİK A.Ş.;KARŞI MAH. ŞEHİT YÜZBAŞI ALİ OĞUZBULV. NO.1 PAYAS(YAKACIK) DÖRTYOL HATAY;(326) 7584040;www.isdemir.com.tr;isdemir.com.tr;ÇİB - Çelik İhracatçıları Birliği
TATMETAL ÇELİK SANAYİ VE TİCARET ANONİM ŞİRKETİ;HAMZAFAKIHLI MAH. YAŞAR TETİKER BULVARI NO:1 ZIP: 67300 KDZ. EREĞLİ ZONGULDAK TEL: 03723343740PK:673 KARADENİZEREĞLİ ZONGULDAK;(372) 3343740;www.tatmetal.com.tr;tatmetal.com.tr;ÇİB - Çelik İhracatçıları Birliği
YILDIZDEMİR ÇELİK SAN.A.Ş.;ALİKAHYA OSB MAH. 2.CAD. NO:2/1NO:2/1 ALİKAHYA OSB MAH 41310 İZMİT KOCAELİ;(262) 2807500;www.yildizdemircelik.com.tr;yildizdemircelik.com.tr;ÇİB - Çelik İhracatçıları Birliği
MESCİER DIŞ TİCARET ANONİM ŞİRKETİ;FATİH SULTAN MEHMET MAHALLESİ, POLİGON CADDESİ NO: 8C, BUYAKA 2 SİTESİ KULE:3 KAT:21, 34771, ÜMRANİYE İSTANBUL;(216) 3351111;www.mescier.com.tr;mescier.com.tr;ÇİB - Çelik İhracatçıları Birliği
BORUSAN BİRLEŞİK BORU FABRİKALARI SANAYİ VE TİCARET ANONİM ŞİRKETİ;İÇERENKÖY MAHALLESİ UMUT SOKAK QUICK TOWER SİTESİ NO:10-12 İÇ KAPI NO: 51 ATAŞEHİR İSTANBUL;(212) 3935713;www.borusanmannesman.com.tr;borusanmannesman.com.tr;ÇİB - Çelik İhracatçıları Birliği
POSCO ASSAN TST ÇELİK SANAYİ ANONİM ŞİRKETİ;ASIM KİBAR ORG. SAN. BÖLGESİ 1.CAD. NO:4 İZMİT KOCAELİ;(262) 3106000;www.poscoassan.com;poscoassan.com;ÇİB - Çelik İhracatçıları Birliği
ASİL ÇELİK SANAYİ VE TİCARET ANONİM ŞİRKETİ;GEMIC KOYU MEVKİİ ORHANGAZİ BURSA;(224) 2806100;www.asilcelik.com.tr;asilcelik.com.tr;ÇİB - Çelik İhracatçıları Birliği
EREĞLİ DEMİR VE ÇELİK FABRİKALARI. TİC. A.Ş.;BARBAROS MAHALLESİ ARDIÇ SOKAK NO:6 34746 ATAŞEHİR İSTANBUL;(216) 5788000;www.erdemir.com.tr;erdemir.com.tr;ÇİB - Çelik İhracatçıları Birliği
BORÇELİK ÇELİK SANAYİ TİCARET ANONİM ŞİRKETİ;ATA MAH.125 NOLU SOK.NO.1 GEMLİK BURSA;(224) 2804000;www.borcelik.com;borcelik.com;ÇİB - Çelik İhracatçıları Birliği
SARTEN AMBALAJ SANAYİ VE TİCARET ANONİM ŞİRKETİ;BÜYÜKDERE CD NO:175/100 FERKO SİGNATURE ŞİŞLİ İSTANBUL;(212) 2757660;www.sarten.com.tr;sarten.com.tr;ÇİB - Çelik İhracatçıları Birliği
KAPTAN DEMİR ÇELİK ENDÜSTRİSİ VE TİCARET A.Ş.;F.KERİM GÖKAY CAD. BESTEKAR SADETTİN KAYNAK SOK. NO.2 ALTUNİZADE ÜSKÜDAR İSTANBUL;;www.kaptandemir.com.tr;kaptandemir.com.tr;ÇİB - Çelik İhracatçıları Birliği
ÜMRAN ÇELİK BORU SANAYİ A.Ş.;İNKİLAP MAH. KÜÇÜKSU CAD. NO.58/8 ORYAPARK PLAZA NO:58 KAT 8/9 İNKİLAP 34768 ÜMRANİYE, İSTANBUL, TÜR ÜMRANİYE İSTANBUL;(212) 2525280;www.umran.com;umran.com;ÇİB - Çelik İhracatçıları Birliği
ÇAĞ ÇELİK DEMİR VE ÇELİK ENDÜSTRİ ANONİM ŞİRKETİ;ÜNİVERSİTE MAH KAMİL GÜLEÇ CD N:41 KARABÜK KARABÜK;(370) 4338000;www.cagcelik.com.tr;cagcelik.com.tr;ÇİB - Çelik İhracatçıları Birliği
CORBUS METAL IC VE DIS TIC. LTD.STI.;İNEBOLU SOK. NO:63/1 KABATAŞ BEYOĞLU İSTANBUL;(212) 2458889;www.corbus.com.tr;corbus.com.tr;ÇİB - Çelik İhracatçıları Birliği
TEZCAN GALVANIZLI YAPI EL.SAN. VE TIC.A.S.;ARSLANBEY O.S.B. 2. CAD. NO.6 KARTEPE KOCAELİ;(262) 3171400;www.tezcan.com;tezcan.com;ÇİB - Çelik İhracatçıları Birliği
ERCİYAS ÇELİK BORU SANAYİ ANONİM ŞİRKETİ;PALLADİUM TOWER KARDELEN SOK. NO: 2/1K:25 ATAŞEHİR İSTANBUL;(216) 6636300;www.erciyas.com.tr;erciyas.com.tr;ÇİB - Çelik İhracatçıları Birliği
EVAS EV ALETLERİ SANAYİ ANONİM ŞİRKETİ;SANAYİ MH. ŞEHIT CEVDET ÇELENK CD. NO:2 PENDİK İSTANBUL;(216) 3787315;www.evas.com.tr;evas.com.tr;ÇİB - Çelik İhracatçıları Birliği
KROMAN ÇELİK SANAYİİ A.Ş.;EMEK MAH. AŞIROĞLU CAD. NO:155 DARICA KOCAELİ KADIKÖY İSTANBUL;(262) 6792000;www.kromancelik.com.tr;kromancelik.com.tr;ÇİB - Çelik İhracatçıları Birliği
BOSKAY METAL SAN.VE TICARET LTD.STI.;KURTULUŞ MAH. YENI SAN. BÖLGESİNO.52 MERKEZ KARABÜK;(370) 4128717;www.boskaymetal.com.tr;boskaymetal.com.tr;ÇİB - Çelik İhracatçıları Birliği
GAZİ METAL MAMÜLLERİ SAN. VE TİC. A.Ş.;BARIŞ MAH. 1804 SOK. NO.6 GEBZE KOCAELİ;(262) 6444662;www.gazimetal.com.tr;gazimetal.com.tr;ÇİB - Çelik İhracatçıları Birliği
ÖZYAŞAR TEL VE GALVANİZLEME SANAYİ ANONİM ŞİRKETİ;FEVZİPAŞA MAH. GÖLET CAD. NO.15 DEĞİRMENKÖYÜ SİLİVRİ İSTANBUL;(212) 5471645;www.ozyasar.com;ozyasar.com;ÇİB - Çelik İhracatçıları Birliği
IŞIK ÇELİK SAN. VE TİC. A.Ş.;HÜRRİYET MAH.ZONGULDAK CAD. NO:36/A MERKEZ KARABÜK;(370) 4242077;www.isikcelik.com;isikcelik.com;ÇİB - Çelik İhracatçıları Birliği
KOCAER ÇELİK SANAYİ VE TİCARET ANONİM ŞİRKETİ;GÜMÜŞÇAY MAH.MENDERES BULVARI NO:45 MERKEZEFENDİ DENİZLİ;;http://kocaersteel.com/tr;kocaersteel.com;ÇİB - Çelik İhracatçıları Birliği
BMS BİRLEŞİK METAL SANAYİ VE TİCARET ANONİM ŞİRKETİ;GFY PLAZA BATMAN SOKAK NO:30 KAT 2 SAHRAYICEDİT 34734 SAHRAYICEDİT KADIKÖY İSTANBUL;(216) 4728800;www.bmsgrup.com;bmsgrup.com;ÇİB - Çelik İhracatçıları Birliği
BEKAERT ÇELİK KORD SAN. VE TİC. AŞ;FATİH MAH. SANAYİ CAD. NO: 88 P.K 41310 ALİKAHYA İZMİT KOCAELİ;(262) 3168500;www.bekaert.com.tr;bekaert.com.tr;ÇİB - Çelik İhracatçıları Birliği
SARITAŞ ÇELİK SAN. VE TİC. A.Ş;BARBAROS MAH.BEGONYA SOK.NİDAKULE KUZEY ATAŞEHİR APT.NO:3/203 ATAŞEHİR İSTANBUL;(216) 4664900;www.saritas.com.tr;saritas.com.tr;ÇİB - Çelik İhracatçıları Birliği
ARCELORMİTTAL RZK ÇELİK SERVİS MERKEZİ SANAYİ TİCARET ANONİM ŞİRKETİ;ZORLU CENTER AVM NO:R3 BLOK T1KAT:146 ZİNCİRLİKUYU BEŞİKTAŞ İSTANBUL;(262) 6722500;www.rozakdemir.com;rozakdemir.com;ÇİB - Çelik İhracatçıları Birliği
ERDEMİR ÇELİK SERVİS MERKEZİ SAN. VE TİC. A.Ş.;GEBZE ORGANIZE SAN. BÖL. 700. SOKNO:724 GEBZE KOCAELİ;(262) 6792727;www.ersem.com.tr;ersem.com.tr;ÇİB - Çelik İhracatçıları Birliği
ÇEMTAŞ ÇELİK MAKİNA SANAYİ VE TİCARET ANONİM ŞİRKETİ;ORG. SAN. BÖLG. ALİ OSMAN SÖNMEZBULVARI NO:3 NİLÜFER BURSA;(224) 2431230;www.cemtas.com.tr;cemtas.com.tr;ÇİB - Çelik İhracatçıları Birliği
HURSAN PASLANMAZ ÇELİK GERİ DÖNÜŞÜM TESİSLERİ TİCARET SANAYİ ANONİM ŞİRKETİ;YENİNOSNA MERKEZ MH CEMAL ULUSOY CD ŞEHİT YUNUS ÇAKA SK NO:4/1 BAHÇELİEVLER İSTANBUL;(212) 6969761;www.hursan.com;hursan.com;ÇİB - Çelik İhracatçıları Birliği
NİKEL PASLANMAZ ÇELİK SANAYİ VE TİCARET ANONİM ŞİRKETİ;ESENKENT MAH. NATOYOLU CAD. NO: 301/5 ÜMRANİYE İSTANBUL;(216) 5403400;www.nikelpaslanmaz.com;nikelpaslanmaz.com;ÇİB - Çelik İhracatçıları Birliği
EJOT TEZMAK BAĞLANTI ELEMANLARI TEKNOLOJİLERİ SANAYİ VE TİCARET ANONİM ŞİRKETİ;CEBECİ CD NO:84 KÜÇÜKKÖY GAZİOSMANPAŞA İSTANBUL;(212) 4777792;www.ejot-tezmak.com;ejot-tezmak.com;ÇİB - Çelik İhracatçıları Birliği
HAS ÇELİK SANAYİ VE TİCARET ANONİM ŞİRKETİ;TOSB OTOMOTİV YAN SANAYİ İHTİSAS O.S.B. 1.CADDE GEBZE KOCAELİ;(262) 6766000;www.hascelik.com;hascelik.com;ÇİB - Çelik İhracatçıları Birliği
TEMSAN YAPI VE MAKİNA ENDÜSTRİ A. Ş.;BAŞKENT ORG. SAN. BÖL. 15. CAD. NO:6 SİNCAN ANKARA;(312) 3972390;www.temsan.com.tr;temsan.com.tr;ÇİB - Çelik İhracatçıları Birliği
KAYSERİ METAL CENTER SANAYİ VE TİCARET ANONİM ŞİRKETİ;KAYSERİ ORGANIZE SANAYI BOLG. 12. CADNO: 55 MELİKGAZİ KAYSERİ;(352) 3220880;www.kmc.com.tr;kmc.com.tr;ÇİB - Çelik İhracatçıları Birliği
KARDEMİR KARABÜK DEMİR ÇELİK SANAYİ VE TİCARET A.Ş.;ANKARA KARABÜK BLV. NO:2 ÖĞLEBELİ MAH. MERKEZ KARABÜK KARABÜK;(370) 4182525;www.kardemir.com;kardemir.com;ÇİB - Çelik İhracatçıları Birliği
EKİNCİLER DEMİR VE ÇELİK SANAYİ A.Ş.;AYAZAĞA YOLU NO.7 GİZ 2000 PLAZA K.3 MASLAK ŞİŞLİ İSTANBUL;(212) 2907676;www.ekinciler.com;ekinciler.com;ÇİB - Çelik İhracatçıları Birliği
METAL MARKET DIŞ TİC ANONİM ŞİRKETİ;GÜLBAHAR SOK.PERDEMSAC PLAZA KAT-14/143 KOZYATAĞI KADIKÖY İSTANBUL;(216) 3736070;www.metalmarket.com.tr;metalmarket.com.tr;ÇİB - Çelik İhracatçıları Birliği
AKÇELİK DEMİR ÇELİK SANAYİ VE TİCARET ANONİM ŞİRKETİ;TAYSAD ORG.SANAYI BOLG. 4. CAD. NO.10 ÇAYIROVA ÇAYIROVA KOCAELİ;(262) 6588952;www.akcelik.com.tr;akcelik.com.tr;ÇİB - Çelik İhracatçıları Birliği
HATBORU SAN.VE TİC. A.Ş.;ANTAKYA ORGANİZE SANAYİ BÖLGESİ6 NOLU YOL NO:15 ANTAKYA HATAY;(326) 4512100;www.hatboru.com;hatboru.com;ÇİB - Çelik İhracatçıları Birliği
PARSAN MAKİNA PARÇALARI SANAYİİ ANONİM ŞİRKETİ;GÜZELYALI MAH. PARSAN ÇIKMAZI NO:2/1 PENDİK İSTANBUL;(216) 4931266;www.parsan.com;parsan.com;ÇİB - Çelik İhracatçıları Birliği
NET CİVATA VE VİDA SANAYİ ANONİM ŞİRKETİ;SÖĞÜTLÜÇEŞME MAHALLESİ HALKALI CADDESİ NO:235 KÜÇÜKÇEKMECE İSTANBUL;(212) 6989170;www.netcivata.com;netcivata.com;ÇİB - Çelik İhracatçıları Birliği
BORŞEN BORU SANAYİ VE TİCARET ANONİM ŞİRKETİ;YUKARI DUDULLU ORG SAN BÖL.3. CAD. NO:20 ÜMRANİYE İSTANBUL;(216) 4663705;www.borsenboru.com;borsenboru.com;ÇİB - Çelik İhracatçıları Birliği
YAMETAŞ YASSI METAL MAMULLERİ SANAYİ VE TİCARET ANONİM ŞİRKETİ;ANADOLU YAKASI TUZLA O.S.B.AYDINLI MAH.TEM YAN YOL CAD. GAZİ BULV. NO.4 TUZLA İSTANBUL;(216) 5930680;www.yametas.com.tr;yametas.com.tr;ÇİB - Çelik İhracatçıları Birliği
ÇINAR BORU PROFİL SANAYİ VE TİCARET A.Ş.;HAMZAFAKIHLI MAH.(KDZ.EREĞLİ OSB)ÇINAR SK.NO.1 KARADENİZEREĞLİ ZONGULDAK;(372) 3233320;www.cinarboru.com;cinarboru.com;ÇİB - Çelik İhracatçıları Birliği
GÖKMETAL ÇELİK SANAYİ VE TİCARET ANONİM ŞİRKETİ;ŞERİFALİ MAH. BAYRAKTAR BULVARI GÖKMETAL PLAZA NO:62 ÜMRANİYE İSTANBUL;(216) 5808560;www.gokmetal.com.tr;gokmetal.com.tr;ÇİB - Çelik İhracatçıları Birliği
NOVA SÜNGER VE YATAK SAN. TİC. A.Ş.;BEKİRPAŞA KOZLUK MAH. D-100 YAN YOL NO.10ERENLER ERENLER SAKARYA;(264) 3535580;www.novasunger.com.tr;novasunger.com.tr;ÇİB - Çelik İhracatçıları Birliği
ORKOM MADENCİLİK A.Ş.;AHİ EVRAN ORGANİZE SANAYİ BÖL.MAH. NAHÇİVAN CAD. NO:11 SİNCAN ANKARA;(312) 2676080;www.mnggold.com;mnggold.com;ÇİB - Çelik İhracatçıları Birliği
ZBS ALFACELIK INS.SAN.VE TIC. A.S.;KAYIŞDAĞI CAD. BİLGİ PLAZA NO:111 D:3 KÜÇÜKBAKKALKÖY ATAŞEHİR İSTANBUL;(216) 5742300;www.alfacelik.com.tr;alfacelik.com.tr;ÇİB - Çelik İhracatçıları Birliği
KİBAR DIŞ TİCARET ANONİM ŞİRKETİ;TERSANE CAD. IŞIK İŞ MRKZ. NO:92 K:2-3-4 ARAPCAMİ BEYOĞLU İSTANBUL;(212) 2564970;www.kibardisticaret.com;kibardisticaret.com;ÇİB - Çelik İhracatçıları Birliği
UŞAKLIGİL İÇ VE DIŞ TİCARET LİMİTED ŞİRKETİ;EYUP SULTAN MH.OSMANGAZI CD.NO:146 SAMANDIRA SANCAKTEPE İSTANBUL;(216) 5610034;http://www.usakligiltelcit.com;usakligiltelcit.com;ÇİB - Çelik İhracatçıları Birliği
GESBEY ENERJİ TÜRBİNİ KULE ÜRETİMİ SAN.VE TİC.A.Ş.;BANDIRMA OSB BUĞDAĞLI KÖYÜTAŞTEPE MEVKİİ 2. CAD. NO:5 GÖNEN BALIKESİR;(266) 7110500;www.gri.com.es;gri.com.es;ÇİB - Çelik İhracatçıları Birliği
ÇELİK HALAT VE TEL SAN. A.Ş.;İSTİKLAL CAD. NO.2 UZUNÇİFTLİK KARTEPE KOCAELİ;(262) 3711280;www.celikhalat.com.tr;celikhalat.com.tr;ÇİB - Çelik İhracatçıları Birliği
ÇOKYAŞAR HALAT MAKİNA TEL GALVANİZLEME SANAYİ TİCARET ANONİM ŞİRKETİ;D-100 KARAYOLU ÜZERİ ÇAYBÜKÜ KÖYÜ MEVKİİ GÜMÜŞOVA DÜZCE;(380) 7313550;www.cokyasarhalat.com;cokyasarhalat.com;ÇİB - Çelik İhracatçıları Birliği
STOW TURKEY DEPO VE EKİPMAN AŞ;MAHMUTPAŞA MEVKİİ KARAMÜRSEL CAD.NO:334 KULLAR BAŞİSKELE KOCAELİ;(262) 3493016;www.standard.gen.tr;standard.gen.tr;ÇİB - Çelik İhracatçıları Birliği
GERSAN ELEKTRIK TICARET VE SANAYI A.S.;İST. ANADOLU YAKASI O.S.B. GAZİ BULV. NO:39 TUZLA İSTANBUL;(216) 5930050;www.gersan.com.tr;gersan.com.tr;ÇİB - Çelik İhracatçıları Birliği
YEL TENEKE KUTU SANAYİ VE TİCARET ANONİM ŞİRKETİ;PINARTEPE MH YAVUZ SULTAN SELİM BULVARI NO:4 BÜYÜKÇEKMECE İSTANBUL;(212) 8721166;www.yelteneke.com.tr;yelteneke.com.tr;ÇİB - Çelik İhracatçıları Birliği
DEMİRHAN ÇİT SİSTEMLERİ DIŞ TİCARET LİMİTED ŞİRKETİ;ŞEKERPINAR MAH. BALKAYA SK. NO:3 ÇAYIROVA KOCAELİ;(262) 6589800;www.demirhan.com.tr;demirhan.com.tr;ÇİB - Çelik İhracatçıları Birliği
EMRE METAL DIŞ TİCARET LİMİTED ŞİRKETİ;OSMANGAZİ MAH. BARIŞ MANÇO CAD. NO:9-11 ESENYURT İSTANBUL;(212) 6898444;www.emremetal.com;emremetal.com;ÇİB - Çelik İhracatçıları Birliği
DEMMA DEMİR ÇELİK MAMÜLLERİ ÜRETİMİ ANONİM ŞİRKETİ;SÖĞÜTLÜ ÇEŞME FEVZİ ÇAKMAK CD NO:6 SEFAKÖY KÜÇÜKÇEKMECE İSTANBUL;(212) 6243290;www.demma.com;demma.com;ÇİB - Çelik İhracatçıları Birliği
SARIBEKİR AMBALAJ SANAYİ VE TİCARET A.Ş.;ORUÇREİS MH TEKSTİLKENT CD B BLOK NO:12A/91 ESENLER İSTANBUL;(212) 4384114;www.saribekir.com.tr;saribekir.com.tr;ÇİB - Çelik İhracatçıları Birliği
KARBONSAN KURUBUZ VE BASINÇLI KAPLAR SANAYİ TİCARET ANONİM ŞİRKETİ;SÖĞÜTLÜÇEŞME CADDESİ NO:89 KADIKÖY İSTANBUL;(216) 3482020;www.karbonsankurubuz.com.tr;karbonsankurubuz.com.tr;ÇİB - Çelik İhracatçıları Birliği
UZAY KONSTRÜKSİYON SİSTEMLERİ İNŞAAT SANAYİ VE TİCARET ANONİM ŞİRKETİ;KOZYATAĞI MAHALLESİ ŞEHİT MEHMET FATİH ÖNGÜL SOKAK ODAK PLAZA NO:5 İÇ KAPI NO:2 34710 KADIKÖY İSTANBUL;(216) 4444899;www.uk.com.tr;uk.com.tr;ÇİB - Çelik İhracatçıları Birliği
ARKIN METAL SANAYİ VE TİCARET LTD. ŞTİ.;IKITELLI ORGANIZE SANAYI BOLG.ESOT SAN. SIT. H BL.1/2 BAŞAKŞEHİR İSTANBUL;(212) 5495319;www.arkinmetal.com.tr;arkinmetal.com.tr;ÇİB - Çelik İhracatçıları Birliği
YC INOX TR ÇELİK SANAYİ VE TİCARET ANONİM ŞİRKETİ;ORGANİZE SANAYİ BÖLGESİ MAH. 4 CAD. YC INOX TR CELIK BLOK NO: 10/3 İÇ KAPI NO: 3 DİLOVASI KOCAELİ;(262) 6768866;http://www.ycinox.com;ycinox.com;ÇİB - Çelik İhracatçıları Birliği
MMZ-ONUR BORU PROFIL URETIM SANAYI VE TICARET A.S.;SARIKANARYA SOK. YOLBULANPLAZA NO.16 K.3 B BLOK KOZYATAĞI KADIKÖY İSTANBUL;(216) 4636996;www.mmz.com.tr;mmz.com.tr;ÇİB - Çelik İhracatçıları Birliği
KALİBRE BORU SAN. VE TİC. A.Ş.;SANAYİ MAH.YANKI SOK.N:32 BAŞİSKELE KOCAELİ;(262) 3350784;www.kalibreboru.com;kalibreboru.com;ÇİB - Çelik İhracatçıları Birliği
MAKRO METAL TICARET LIMITED SI RKETI.;EGITIM MAH. AHSEN ÇIKMAZI SOK. SADIKOĞLU1. IŞ MERK.NO.11 K.3 D.77 KADIKÖY İSTANBUL;(216) 3300046;www.makro-metal.com;makro-metal.com;ÇİB - Çelik İhracatçıları Birliği
ÇİMTAŞ ÇELİK İMALAT MONTAJ VE TESİSAT A. Ş.;BALMUMCU MAH. ZİNCİRLİKUYU YOLU ENKA-2BINASI NO.8 KAT:3 34349 BEŞİKTAŞ İSTANBUL;(224) 5190250;www.cimtas.com;cimtas.com;ÇİB - Çelik İhracatçıları Birliği
GÖKTAŞ YASSI HADDE MAMULLERİ SAN. VE TİC. AŞ;D.O.S.B. 3. KISIM MERİÇ CAD. NO:5 MUALLİMKÖY GEBZE KOCAELİ;(262) 7591819;www.goktasmetal.com;goktasmetal.com;ÇİB - Çelik İhracatçıları Birliği
AGİR GLOBAL DIŞ TİCARET ANONİM ŞİRKETİ;BARBAROS MAH. YAVUZLAR CD.ZALOĞLU S CEYLAN HAN NO:1/2 ATAŞEHİR İSTANBUL;(216) 3171391;www.agirglobal.com;agirglobal.com;ÇİB - Çelik İhracatçıları Birliği
KÖSEDAĞ DIŞ TIC.LTD.ŞTİ.;IST. TUZLA ORG. SAN. BÖLG. 2.CAD. 1ESKI ANKARA YOLU TUZLA İSTANBUL;02165932400;www.kosedag.com;kosedag.com;ÇİB - Çelik İhracatçıları Birliği
KÖŞKERLER ÇELİK HALAT VE MAKİNA SANAYİ TİCARET A.Ş.;ÇERKEŞLİ KÖYÜ OSB. MAH. İMES BULV.NO:20 DİLOVASI KOCAELİ;(262) 7540001;www.koskerler.com.tr;koskerler.com.tr;ÇİB - Çelik İhracatçıları Birliği
KIRAÇ GALVANIZ TELEKOM. METAL MAKİNA İNŞAAT ELEKTRİK SAN. VE TİC.A.Ş.;BARAKFAKİH MAH. VATAN CAD. NO.60/1 KESTEL BURSA;(224) 3841536;www.tck.com.tr;tck.com.tr;ÇİB - Çelik İhracatçıları Birliği
ARITAŞ KRİYOJENİK ENDÜSTRİ SANAYİ VE TİCARET ANONİM ŞİRKETİ;CEVİZLİ MAH. TUGAY YOLU CAD. OFİSİM İSTANBUL PLAZA NO.20 B BLOK K:13 MALTEPE İSTANBUL;(216) 5003400;www.aritas.com.tr;aritas.com.tr;ÇİB - Çelik İhracatçıları Birliği
ASSAN PANEL SANAYİ VE TİCARET ANONİM ŞİRKETİ;YAYLA MAH. D-100 KARAYOLU ÜZERİ RÜYA SOK. NO:2 ASSAN TESISLERI TUZLA İSTANBUL;(216) 5811702;www.assanpanel.com.tr;assanpanel.com.tr;ÇİB - Çelik İhracatçıları Birliği
YOLBULAN METAL SANAYİ VE TİCARET A.Ş.;KÜÇÜKBAKKALKÖY MAH. YOLBULAN METAL PLAZA BEĞENDİK SOKAK NO:1 D:6 KÜÇÜKBAKKALKÖY ATAŞEHİR İSTANBUL;(216) 5770395;www.yolbulan.com.tr;yolbulan.com.tr;ÇİB - Çelik İhracatçıları Birliği
ALUFORM PEKİNTAŞ ALÜMİNYUM SANAYİ VE TİCARET ANONİM ŞİRKETİ;BÜYÜKDERE CD NO:32 PEKİNTAŞ İS MERKEZİ ŞİŞLİ İSTANBUL;(212) 2121222;www.aluform.com.tr;aluform.com.tr;ÇİB - Çelik İhracatçıları Birliği
GÜNEY ÇELİK HASIR VE DEMİR MAM SAN.TİC.A.Ş.;HACI SABANCI ORG. SAN. BÖL. SÜLEYMAN DEMİREL BULV. NO:2 SARIÇAM ADANA;(322) 3945030;www.guneycelik.com.tr;guneycelik.com.tr;ÇİB - Çelik İhracatçıları Birliği
İÇDAŞ DIŞ TİCARET A.Ş.;DİLMENLER CADDESİ MAHMUTBEY İÇTAŞ PLAZA NO.20 GÜNEŞLİ BAĞCILAR İSTANBUL;(212) 6040404;www.icdas.com.tr;icdas.com.tr;ÇİB - Çelik İhracatçıları Birliği
GENÇ RONDELA SANAYİ DIŞ TİCARET A.Ş.;ORTA MH. ÖZÜM SK. NO:5/1 TUZLA İSTANBUL;(216) 3041106;www.gencrondela.com.tr;gencrondela.com.tr;ÇİB - Çelik İhracatçıları Birliği
HÜR ÇELİK SAN. VE DIŞ. TİC. A.Ş.;PELİTLİ MAH. 4417 SOK. NO. 30 GEBZE KOCAELİ;(262) 7513962;www.hurcelik.com.tr;hurcelik.com.tr;ÇİB - Çelik İhracatçıları Birliği
KOCA METAL PASLANMAZ CELIK GER I DON.SAN.VE TIC.LTD.STI.;İKİTELLİ OSB MH HÜRRİYET BULVARI DEPARKO SAN SİT NO:1/1 BAŞAKŞEHİR İSTANBUL;(212) 6750591;www.kocametal.com.tr;kocametal.com.tr;ÇİB - Çelik İhracatçıları Birliği
ENG METAL YAPI İNŞ.TAAH.SAN.DIŞ TİC.A.Ş.;RÜZGARLIBAHÇE MH.ÖZALP ÇIKMAZI SK.NO:2 K PLAZA İŞ MERKEZİ KAT:5 BEYKOZ İSTANBUL;(216) 4250325;www.metalyapi-eng.com;metalyapi-eng.com;ÇİB - Çelik İhracatçıları Birliği
TGS DIŞ TİC. AŞ;MERKEZ MAH. BASIN EKSPRES YOLUCAPITAL TOWER NO.9 K:1 KÜÇÜKÇEKMECE İSTANBUL;(212) 6445858;www.tgsas.com;tgsas.com;ÇİB - Çelik İhracatçıları Birliği
HASKAR ÇELİK BORU PROFİL METAL İŞLEME SAN. VE TİC. A.Ş;ORGANİZE SAN. BÖLG. MAH. 8.SOK.FABRİKA BİNASI APT. NO:13/2 DİLOVASI KOCAELİ;(262) 5022116;www.haskarprofil.com;haskarprofil.com;ÇİB - Çelik İhracatçıları Birliği
AĞIR HADDECİLİK ANONİM ŞİRKETİ;YENI SAHRA YAVUZLAR CAD.ZALOĞLU SOK. CEYLAN HAN NO.1 YENİSAHRA ATAŞEHİR İSTANBUL;(216) 3171391;www.agirhaddecilik.com;agirhaddecilik.com;ÇİB - Çelik İhracatçıları Birliği
METAKSAN ELEKTRİK VE İNŞAAT MALZEMELERİ SANAYİ TİCARET LİMİTED ŞİRKETİ;ORTAKOY SANAYİ SİTESİ ILTER BULV. NO.16/1 SELİMPAŞA SELİMPAŞA SİLİVRİ İSTANBUL;(212) 5490685;www.metaksan.com;metaksan.com;ÇİB - Çelik İhracatçıları Birliği
ALBAYRAK DEMİR ÇELİK VE LOJİSTİK YAPI MALZEMELERİ SANAYİ TİCARET ANONİM ŞİRKETİ;ÇINARLIK BELDESİ KARAEĞERCİLİ MH.ATATÜRK BLV. NO:108 ÇINARLIK MERKEZ SAMSUN;(362) 2380693;www.albayrakdemircelik.com;albayrakdemircelik.com;ÇİB - Çelik İhracatçıları Birliği
NURLU YATIRIM İŞLETMELERİ İNŞ. SAN. VE TİC. LTD. ŞTİ.;DUDULLU CAD. NO.23-25B BRANDIUM R2 REZİDANCE BLK D.117 KÜÇÜKBAKKALKÖY ATAŞEHİR İSTANBUL;(216) 5776660;www.nurluyatirim.com;nurluyatirim.com;ÇİB - Çelik İhracatçıları Birliği
BARİ PARTNERS DIŞ TİCARET ANONİM ŞİRKETİ;YENİBOSNA MERKEZ MAHALLESİ 29 EKİM CADDESİ VİZYONPARK SİTE. D BLOK OFİS A-1 NO:94 ÇOBANÇEŞME BAHÇELİEVLER İSTANBUL;(212) 9635303;www.baripartners.com;baripartners.com;ÇİB - Çelik İhracatçıları Birliği
ÇETİN CİVATA SANAYİ VE TİCARET A.Ş.;MURATBEY KÖYÜ YOLU ÜZERI TAŞ OCAKL. MEVKII FABRIKA. CAD.8 NO:17 ÇATALCA İSTANBUL;(212) 7781100;www.cetinas.com.tr;cetinas.com.tr;ÇİB - Çelik İhracatçıları Birliği
VOLGA DIŞ TİC. VE DANIŞMANLIK A.Ş.;AZİZİYE MAH. PORTAKAL ÇİÇEĞİ SOK.NO:33 AYRANCI ÇANKAYA ANKARA;(312) 4413141;www.volga.com.tr;volga.com.tr;ÇİB - Çelik İhracatçıları Birliği
ERMETAL ENDÜSTRİ GERİ DÖNÜŞÜM TAŞIMACILIK SANAYİ VE TİCARET ANONİM ŞİRKETİ;AKÇABURGAZ MH 1566 SK NO:7 ESENYURT İSTANBUL;(212) 6911370;www.ermetaldemir.com;ermetaldemir.com;ÇİB - Çelik İhracatçıları Birliği
TEKELIOGLU CIVATA SAN.VE TIC. LTD.STI.;KONYA ORG SAN BÖL KAYACIK MAHIHSANDEDE CAD 9 NOLU SOK N:37 SELÇUKLU KONYA;03322391740;www.tekelioglucivata.com;tekelioglucivata.com;ÇİB - Çelik İhracatçıları Birliği
MAGMAWELD ULUSLARARASI TİCARET A. Ş.;MASLAK MH BİLİM SK SUN PLAZA 5A-29 SARIYER İSTANBUL;(212) 4111400;www.magmaweld.com;magmaweld.com;ÇİB - Çelik İhracatçıları Birliği
POYRAZ PASLANMAZ SANAYİ VE DIŞ TİCARET ANONİM ŞİRKETİ;DUDULLU OSB MH OSB 2 CD NO:35 ÜMRANİYE İSTANBUL;(216) 4445617;www.poyrazpaslanmaz.com;poyrazpaslanmaz.com;ÇİB - Çelik İhracatçıları Birliği
PRİMO METAL SANAYİ VE TİCARET A.Ş;RAMAZANOĞLU MAH. SANAYİ CAD.NO:44C / İÇ KAPI NO:15 PENDİK İSTANBUL;(216) 7665250;www.primometal.com;primometal.com;ÇİB - Çelik İhracatçıları Birliği
VEGAVİZYON REKLAMCILIK YAYINCILIK ELEK.PROJ.VE DAN.SAN.VE TİC.LT.ŞTİ.;ATATÜRK MH GAZİ CD NO:14/2 ESENYURT İSTANBUL;(212) 8862727;www.vegavizyon.com;vegavizyon.com;ÇİB - Çelik İhracatçıları Birliği
ALDEM ÇELİK END. SAN.TİC. A.Ş.;ESENTEPE MAH. MİLANGAZ CAD NO 56 ESENTEPE KARTAL İSTANBUL;(216) 3871101;www.aldem.com.tr;aldem.com.tr;ÇİB - Çelik İhracatçıları Birliği
SAMKA METAL AMBALAJ SANAYİ ANONİM ŞİRKETİ;İAY O.S.B AYDINLI MAH.1.SAN.CAD.NO:16 TUZLA İSTANBUL;(216) 5952400;www.samkametal.com;samkametal.com;ÇİB - Çelik İhracatçıları Birliği
AYGAZ A.Ş.;400.SOKAK GEBZE O.S.B. GEBZE KOCAELİ;(262) 7511270;www.aygaz.com.tr;aygaz.com.tr;ÇİB - Çelik İhracatçıları Birliği
DİVA METAL ÜRETİM VE PAZARLAMA LTD. ŞTİ.;İNÖNÜ MAH. GEBZE VE PLASTIKÇILER OSBCUMHURIYET CD. NO.9 GEBZE KOCAELİ;02627515070;www.divametal.com;divametal.com;ÇİB - Çelik İhracatçıları Birliği
STFA İNŞAAT A.Ş.;STFA IS MERKEZI YESILVADI SK.NO:1 K:8 KADIKÖY İSTANBUL;02165789650;www.stfa.com.tr;stfa.com.tr;ÇİB - Çelik İhracatçıları Birliği
MAUSER AMBALAJ SANAYİ VE TİCARET ANONİM ŞİRKETİ;İSTASYON MAH. GÜNEY YAN YOLU NO.70 GEBZE KOCAELİ;(262) 6556060;www.memsanmauser.com;memsanmauser.com;ÇİB - Çelik İhracatçıları Birliği
ALP VASIFLI ÇELİK SANAYİ VE TİCARET ANONİM ŞİRKETİ;ŞİFA MAH. ZAMBAK SOK. NO:50 DAİRE:5 TUZLA İSTANBUL;(216) 9880308;www.alpvasiflicelik.com;alpvasiflicelik.com;ÇİB - Çelik İhracatçıları Birliği
MM INTERNATIONAL METAL LİMİTED ŞİRKETİ;FİKİRTEPE MH HİZİRBEY CD B BLOK NO:25A D:131 KADIKÖY İSTANBUL;;www.mminternational.com.tr;mminternational.com.tr;ÇİB - Çelik İhracatçıları Birliği
YUNİK DIŞ TİCARET ANONİM ŞİRKETİ;KOZYATAĞI MAH.GÜLBAHAR SOK.PERDEMSAC 1NO:17 İÇKAPI NO:85 KADIKÖY İSTANBUL;(216) 3739753;www.uniauetradelltd.com;uniauetradelltd.com;ÇİB - Çelik İhracatçıları Birliği
ÇAKIROĞLU İTHALAT İHRACAT METAL SANAYİ VE TİCARET ANONİM ŞİRKETİ;TEM YOLU UZERI OPET PETROLYANI N:4/C TUZLA İSTANBUL;02164824858;www.cakiroglugrup.com;cakiroglugrup.com;ÇİB - Çelik İhracatçıları Birliği
STARMET YAPI SAN. VE TİC. A.Ş.;BARBAROS MAH. APAYDIN SOK. NO:2/4 ATAŞEHİR İSTANBUL;(850) 4411511;www.starmetyapi.com;starmetyapi.com;ÇİB - Çelik İhracatçıları Birliği
BAŞATLI BORU PROFİL SAN. VE TİC. A.Ş.;KARADENİZLİLER MAH. ALİ İSLAM CAD. NO:84 KULLAR - BAŞİSKELE KULLAR BAŞİSKELE KOCAELİ;(262) 3493232;www.basatli.com.tr;basatli.com.tr;ÇİB - Çelik İhracatçıları Birliği
HİTACHİ ENERGY TURKEY ELEKTRİK SANAYİ ANONİM ŞİRKETİ;2.CADDE ABB BLOK NO:16 İÇ KAPI NO:1 DUDULLU OSB MAHALLESİ 34775 ÜMRANİYE, İSTANBUL, TÜRKİYE ÜMRANİYE İSTANBUL;(850) 5281000;https://www.hitachienergy.com/about-us/country-and-regional-information/turkey;hitachienergy.com;ÇİB - Çelik İhracatçıları Birliği
SARIMET ÇELİK İTHALAT İHRACAT LİMİTED ŞİRKETİ;OSB MH MERMERCİLER SAN SİT 2. CD NO:19 BEYLİKDÜZÜ İSTANBUL;(212) 8754126;www.sarimet.com;sarimet.com;ÇİB - Çelik İhracatçıları Birliği
ALPAZ DEMİR ÇELİK OKSİT İNŞAAT SAN.TİC.LTD.ŞTİ.;ALİKAHYA OSB MAH. 101. SK. NO:19/1 İZMİT KOCAELİ;(262) 5030144;https://www.alpazdemircelik.com/;alpazdemircelik.com;ÇİB - Çelik İhracatçıları Birliği
SEAMETAL SAN.VE DIS TIC.LTD. STI.;ATATÜRK MH. ATAŞEHİR BULVARI GARDENYA PLAZA 5 APT NO: 5/10 ATAŞEHİR İSTANBUL;(216) 4567335;www.seametalltd.com;seametalltd.com;ÇİB - Çelik İhracatçıları Birliği
ASPEN YAPI VE ZEMİN SİSTEMLERİ SAN. VE TİC. AŞ;HAMİDİYE MH. CENDERE CAD. PORTA VADİ T2 BLOK NO:103/1 D:14 KAĞITHANE İSTANBUL;(212) 3188888;www.aspen.com.tr;aspen.com.tr;ÇİB - Çelik İhracatçıları Birliği
TURSAM GALVANİZ İMALAT TAAHHÜT SANAYİ VE TİCARET ANONİM ŞİRKETİ;2. ORG. SAN. BÖL. 965 ADA 2 PARSEL HENDEK SAKARYA;(264) 6545777;www.tursamgalvaniz.com;tursamgalvaniz.com;ÇİB - Çelik İhracatçıları Birliği
ŞAH ELEKTRİK İNŞAAT ÇELİK TAAHHÜT SANAYİ VE TİCARET A.Ş.;ORHANTEPE MAH. MUTLU SOK.NO:26/1 KARTAL İSTANBUL;02164598626;www.sahgroup.net;sahgroup.net;ÇİB - Çelik İhracatçıları Birliği
İSOTEC ENERJİ ANONİM ŞİRKETİ;ÇERKEŞLİ MAH. İMES OSB 19. CAD. NO :18 DİLOVASI KOCAELİ ÇERKEŞLİ İMES OSB 41455 41455 41455 DİLOVASI KOCAELİ;(262) 2444309;https://isotec.com.tr/;isotec.com.tr;ÇİB - Çelik İhracatçıları Birliği
ENPAY ENDÜSTRIYEL PAZARLAMA VE YATIRIM A.Ş.;KARADENIZLILER MAH.FAKÜLTE CAD.NO.147/A P.K.91 BAŞİSKELE KOCAELİ;(262) 3495820;www.enpay.com;enpay.com;ÇİB - Çelik İhracatçıları Birliği
BEKAP METAL İNŞ. SAN. VE TİC. AŞ;ORTA MAH. KAPTANI DERYA CAD. NO:35/2 SOĞANLIK KARTAL İSTANBUL;(216) 4523580;www.bekap.com;bekap.com;ÇİB - Çelik İhracatçıları Birliği
ZEMAN CELIK YAPI SAN.VE TIC. A.S.;2. ORG. SAN. BÖLG. 21. ADA 3 PARSEL HENDEK SAKARYA;(264) 6545812;www.zemancelik.com.tr;zemancelik.com.tr;ÇİB - Çelik İhracatçıları Birliği
KOYUNCU TİCARET A.Ş.;ESENKENT MAH. NASRETTİN HOCA CAD NO 11 D 1 ÜMRANİYE İSTANBUL;(216) 4494205;www.koyuncutas.com;koyuncutas.com;ÇİB - Çelik İhracatçıları Birliği
GEDİK KAYNAK SANAYİ VE TİCARET A.Ş.;ANKARA CAD. NO:306 ŞEYHLİ PENDİK İSTANBUL;(216) 3785000;www.gedik.com.tr;gedik.com.tr;ÇİB - Çelik İhracatçıları Birliği
KALİBRE ÇELİK TİCARET VE SANAYİ LİMİTED ŞİRKETİ;AKSE MAH. NAZIM HİKMET CAD. NO:23 ÇAYIROVA KOCAELİ;(262) 7437373;www.kalibrecelik.com.tr;kalibrecelik.com.tr;ÇİB - Çelik İhracatçıları Birliği
ANADOLU DÖKÜM SANAYİ ANONİM ŞİRKETİ;YENİ YALI MH HÜRRİYET BULVARI NO:47 KÖRFEZ KOCAELİ;(262) 5271351;www.anadoludokum.com.tr;anadoludokum.com.tr;ÇİB - Çelik İhracatçıları Birliği
CEVAHİR YAPI SANAYİ TURİZM VE TİCARET ANONİM ŞİRKETİ;19 MAYIS MH. AYTEKİN KOTİL CD CEVAHİR İŞM.NO:8KAT12 OFİS NO:13 ŞİŞLİ ŞİŞLİ İSTANBUL;(212) 0000000;http://edemir@avasdanismanlik.com;edemir@avasdanismanlik.com;ÇİB - Çelik İhracatçıları Birliği
KONTENSAN KONYA TENEKE KUTU AMB.VE MAK.SAN.TİC.A.Ş.;2.ORGANIZE SAN.BOL. KIRIM CAD. NO:4 SELÇUKLU KONYA;(332) 2390164;www.kontensan.com.tr;kontensan.com.tr;ÇİB - Çelik İhracatçıları Birliği
TORK ÇELİK TAAHHÜT İNŞAAT SANAYİ VE DIŞ TİCARET LİMİTED ŞİRKETİ;2167. SOKAK 3/A AKKENT TWİNS 6A NO: 153 TURGUT ÖZAL MAHALLESİYENİMAHALLE YENİMAHALLE ANKARA;(312) 5030580;www.torcelik.com.tr;torcelik.com.tr;ÇİB - Çelik İhracatçıları Birliği
ŞENEL METAL ÜRÜNLERİ İÇ VE DIŞ TİCARET ANONİM ŞİRKETİ;PROF CEMİL BİLSEL CD ARICILAR İŞ HANI NO:24/8 EMİNÖNÜ/CAĞALOĞLU FATİH İSTANBUL;(212) 5226368;www.sensac.com;sensac.com;ÇİB - Çelik İhracatçıları Birliği
ERGIL GRUP INS.MAK.IMALAT ITH. IHR.SAN.TIC.LTD.STI.;MAHMUTBEY MH TAŞOCAĞI YOLU CD AĞAOĞLU MY OFFİCE 212 K:11 D:175 GÜNEŞLİ BAĞCILAR İSTANBUL;(212) 4854007;www.ergil.com;ergil.com;ÇİB - Çelik İhracatçıları Birliği
UYARLAR DEMİR ÇELİK SAN.VE TIC A.S.;AKÇABURGAZ MAHALLESİ AKÇABURGAZ CADDESİ NO:81 ESENYURT / İSTANBUL AKÇABURGAZ 34538 ESENYURT, İSTANBUÜZERI NO.22 ESENYURT İSTANBUL;;www.uyarlar.com.tr;uyarlar.com.tr;ÇİB - Çelik İhracatçıları Birliği
RAFEX RAF SİSTEMLERİ DIŞ TİCARET ANONİM ŞİRKETİ;GEBZE OSB MH 700 SK NO:712/7 GEBZE KOCAELİ;(262) 6542020;www.rafex.com.tr;rafex.com.tr;ÇİB - Çelik İhracatçıları Birliği
ASLANLI METALURJİ VE METAL ÜRÜNLERİ SANAYİ TİC. A.Ş.;RAMAZANOĞLU MAH. ENSAR CAD. NO.36 PENDİK İSTANBUL;(216) 3782076;www.aslanlitel.com;aslanlitel.com;ÇİB - Çelik İhracatçıları Birliği
EKŞİOĞLU KANEK İNŞAAT METAL SANAYİ VE TİCARET LTD.ŞTİ;ORHANLI MAH. ÇEŞME CAD. NO:39/1 (ZEMİNKAT) TUZLA İSTANBUL;(216) 7021022;www.kanek.com.tr;kanek.com.tr;ÇİB - Çelik İhracatçıları Birliği
ALTINYALDIZ ULUSLARARASI UZAY SISTEMLERI KONSTRÜKSIYONLARI SANAYİ VE TİCARET ANONİM ŞİRKETİ;TEŞVİKİYE CAD İKBAL İŞ MERKEZİN:17 K:6 D:22-23 ŞİŞLİ İSTANBUL;(212) 2618499;www.altinyaldiz.com.tr;altinyaldiz.com.tr;ÇİB - Çelik İhracatçıları Birliği
PARLADI METAL SAN. VE TİC. LTD. ŞTİ.;ÇALI O.S.B. BEYAZ CAD. NO.27 NİLÜFER BURSA;(224) 4824607;www.parladi.com;parladi.com;ÇİB - Çelik İhracatçıları Birliği
POLAR DIS TICARET LTD.STI.;ESKI BUYUKDERE CAD.GIZ 2000PLAZA K.10 D.39 NO.7 SARIYER İSTANBUL;(212) 2906010;www.polarltd.com;polarltd.com;ÇİB - Çelik İhracatçıları Birliği
ÖZBEYLER METAL YAPI MALZEMELERİ SANAYİ VE TİCARET LİMİTED ŞİRKETİ;HACIHALİL MAH. 1205/1 SOKAK. NO.2/5GEBZE/KOCAELİ GEBZE KOCAELİ;(262) 6444657;www.ozbeylermetal.com;ozbeylermetal.com;ÇİB - Çelik İhracatçıları Birliği
ARÇELİK ANONİM ŞİRKETİ;SÜTLÜCE KARAAGAÇ CAD. NO 2/6 BEYOĞLU İSTANBUL;(212) 3143803;www.arcelik.com.tr;arcelik.com.tr;ÇİB - Çelik İhracatçıları Birliği
OPAL İNŞAAT TURİZM ÇELİK KONSTRÜKSİYON SAN. VE TİC. A.Ş;MALL OF İSTANBUL ZİYA GÖKALP MAH. SÜLEYMAN DEMİREL BULV.NO:7 E KAT.15 OFİS NO.120 BAŞAKŞEHİR İSTANBUL;(212) 6591952;www.opalcelik.com;opalcelik.com;ÇİB - Çelik İhracatçıları Birliği
GALVA METAL SAN.VE TİC.A.Ş.;SARIMEŞE MAH. BİNGAZİ SOK. NO.17/A SARIMEŞE(AKMEŞE) KARTEPE KOCAELİ;(262) 3716016;www.galvametal.com.tr;galvametal.com.tr;ÇİB - Çelik İhracatçıları Birliği
AKKATOĞLU DEMİR ÇELİK SAN.İTH. İHR.TİC.LTD.ŞTİ.;ŞÜKRÜ KANATLI CADDESİ NO:2 PAYAS ORGANİZE SANAYİ BÖLGESİ 31900 PAYAS, PAYAS, TÜRKİYE PAYAS HATAY;(326) 7558585;www.akkatoglu.com.tr;akkatoglu.com.tr;ÇİB - Çelik İhracatçıları Birliği
TİMTAŞ GRUP İNŞAAT ANONİM ŞİRKETİ;KIZILIRMAK MAH. 1443. CAD. NO:25B/208 06400 ÇANKAYA ANKARA;(312) 4461456;www.timtasinsaat.com.tr;timtasinsaat.com.tr;ÇİB - Çelik İhracatçıları Birliği
DURULSAN MAKİNA LPG ÇELİK KONST.SAN.VE TİC.İTH.İHR.LTD.ŞTİ.;BARBAROS MAH.AHMET AYIK SOK.TÜPRAŞ KAVŞAĞI NO:12 KÖRFEZ KOCAELİ;(262) 5273286;www.durulsan.com;durulsan.com;ÇİB - Çelik İhracatçıları Birliği
HAS ÇELİK VE HALAT SAN.TİC.A.Ş.;ORGANİZE SAN.BÖLGESİ 18.CAD.NO:21 HACILAR KAYSERİ;(352) 3211555;www.hascelik.com.tr;hascelik.com.tr;ÇİB - Çelik İhracatçıları Birliği
UGUR TENEKE AMBALAJ SANAYI ANONİM ŞİRKETİ;DİLOVASI ORG. SAN. BOL. 2. KISIMD-2006 SOK NO4 GEBZE KOCAELİ;(262) 7540110;www.ugurteneke.com.tr;ugurteneke.com.tr;ÇİB - Çelik İhracatçıları Birliği
BANTAŞ BANDIRMA AMBALAJ SANAYİ VE TİCARET ANONİM ŞİRKETİ;ÖMERLİ MAH. 3030 SOK. NO:1 BANDIRMA BALIKESİR;(266) 7338787;www.bantas.com.tr;bantas.com.tr;ÇİB - Çelik İhracatçıları Birliği
EROĞLU GAYRİMENKUL GELİŞTİRME VE YATIRIM ANONİM ŞİRKETİ;HUZUR MH AZERBAYCAN CD SKYLAND İSTANBUL NO:4 B BLOK KAT:2 SARIYER İSTANBUL;(212) 6523232;www.erogluglobal.com;erogluglobal.com;ÇİB - Çelik İhracatçıları Birliği
R.S.A. DIŞ TİCARET ANONİM ŞİRKETİ;CEBECI CAD.NO.162 İSTANBUL;(212) 4791862;www.rsa.com.tr;rsa.com.tr;ÇİB - Çelik İhracatçıları Birliği
AVEKS İÇ VE DIŞ TİC. A.Ş.;IMES SANAYI SITESI 306.SK CBLOK N:4 ÜMRANİYE İSTANBUL;02165400060;www.aveks.com;aveks.com;ÇİB - Çelik İhracatçıları Birliği
GÜNEY GES ELEKTRİK ANONİM ŞİRKETİ;TURGUT ÖZAL MAH. 1467/1 CAD. NO: 42 İÇ KAPI NO: 40 YENİMAHALLE ANKARA;(312) 0000000;https://guneyges.com/;guneyges.com;ÇİB - Çelik İhracatçıları Birliği
BATTALLAR DEMİR SANAYİ VE TİCARET LTD .ŞTİ.;KÖSELER MAHALLESİ 3.CADDE NO:49 KOBİ OSB DİLOVASI KOCAELİ;(262) 6581467;http://www.battallar.com.tr;battallar.com.tr;ÇİB - Çelik İhracatçıları Birliği
ÖZMEN GAYRİMENKUL YATIRIMLARI VE İNŞAAT SANAYİ TİCARET ANONİM ŞİRKETİ;ÇINAR MAH TURGUT ÖZAL BULVARİ NO:65 MALTEPE İSTANBUL;(216) 3145870;www.ozmengroup.com;ozmengroup.com;ÇİB - Çelik İhracatçıları Birliği
AK-AR KALIP METAL VE PLASTİK ÜRÜNLERİ SAN. VE TİC. A.Ş.;AKÇABURGAZ MAH. MUHSİN YAZICIOĞLU CAD. NO.26 ESENYURT İSTANBUL;(212) 8868090;www.ak-ar.com;ak-ar.com;ÇİB - Çelik İhracatçıları Birliği
MİRALİS TÜNEL TEKNOLOJİLERİ MAK. DAN. SAN. VE TİC. LTD. ŞTİ.;İVEDİKOSB MAH. 1451 CAD. NO: 1 İVEDİKORGANİZESANAYİ YENİMAHALLE ANKARA;(312) 3945844;www.miralis.com.tr;miralis.com.tr;ÇİB - Çelik İhracatçıları Birliği
PROFER METAL SAN.VE TİC.LTD.ŞTİ.;DERİ ORGANİZE SANAYİ BÖLGESİ MAH.KROPON SOKAK YB PARSEL 33 NO:15 TUZLA İSTANBUL;(216) 5274848;www.profermetal.com;profermetal.com;ÇİB - Çelik İhracatçıları Birliği
BURGAFLEX KLİMA BAĞLANTI EKİPMANLARI SAN.VE TİC.LTD.ŞTİ.;MURADİYE ORTAÖLÇEKLİ SAN. BÖL. İNÖNÜ MAH. 14. SOK. NO.10 YUNUSEMRE-MANİSA BAĞCILAR İSTANBUL;(236) 2140520;www.burgaflex.com.tr;burgaflex.com.tr;ÇİB - Çelik İhracatçıları Birliği
ALBAYRAK TURİZM SEYAHAT İNŞAAT TİCARET ANONİM ŞİRKETİ;MALTEPE MH FETİH CD NO:6 ZEYTİNBURNU İSTANBUL;(212) 4681818;www.albayrak.com.tr;albayrak.com.tr;ÇİB - Çelik İhracatçıları Birliği
M.P.S. METAL-PLASTİK SAN. ÇEMBER VE PAKETLEME SİSTEMLERİ İMALAT VE TİC. AŞ;DİLOVASI ORGANİZE SANAYİ BÖLGESİ 5. KIS.D-5009. SOK. NO:1 DİLOVASI KOCAELİ;(262) 6489800;www.mpsmetal.com.tr;mpsmetal.com.tr;ÇİB - Çelik İhracatçıları Birliği
METE VASIFLI ÇELİK A.Ş.;AKÇABURGAZ MAH.3053 SOK. NO. 7 ESENYURT İSTANBUL;(212) 6729280;www.metesteel.com;metesteel.com;ÇİB - Çelik İhracatçıları Birliği
LOYAL DIŞ TİCARET LİMİTED ŞİRKETİ;GÖZTEPE MAH, BATIŞEHİR CAD, K3 SHERATON PLAZA, KAT 21 OFİS 91 34200 BAĞCILAR, İSTANBUL, BAĞCILAR İSTANBUL;(212) 6098880;www.loyalsteel.com;loyalsteel.com;ÇİB - Çelik İhracatçıları Birliği
GÜNEŞ TEL ÇEKME SAN. VE TİC. A.Ş.;ATATÜRK SAN BÖLGESİ ÖMERLİ MH ÜLFET SK NO:48/3 ARNAVUTKÖY İSTANBUL;(212) 6120330;www.gunestel.com;gunestel.com;ÇİB - Çelik İhracatçıları Birliği
ROTA MÜHENDİSLİK VE ENERJİ SİSTEMLERİ SANAYİ TİCARET ANONİM ŞİRKETİ;ŞERİFALİ MAH. ÇETİN CAD. KIZ KALESİ SOK. NO:1/A KAT:8 ÜMRANİYE İSTANBUL;(216) 5933111;www.rotaeng.com;rotaeng.com;ÇİB - Çelik İhracatçıları Birliği
TİN-CAN AMBALAJ SAN.VE TIC. LTD.STI.;HADIMKÖY MAH. KOÇYİĞİĞT SOK. NO.16 ARNAVUTKÖY İSTANBUL;(212) 7714967;www.tin-can.com.tr;tin-can.com.tr;ÇİB - Çelik İhracatçıları Birliği
SOYBAŞ DEMİR ÇELİK SANAYİ VE TİCARET ANONİM ŞİRKETİ;SULTAN ORHAN MAH.11741.SOK.NO.6 GEBZE KOCAELİ;(262) 6449666;www.soybas.com;soybas.com;ÇİB - Çelik İhracatçıları Birliği
SPSAĞLAM PANEL SANAYİ VE TİCARET LİMİTED ŞİRKETİ;HANLIKÖY MAHALLESİ NİSAN SOKAK N:4A ARİFİYE SAKARYA;(262) 3251299;http://www.saglampanel.com;saglampanel.com;ÇİB - Çelik İhracatçıları Birliği
MUREL DEMİR ÇELİK VE TİCARET ANONİM ŞİRKETİ;IMAM ETHEM SOKAK NO:2 ÜSKÜDAR İSTANBUL;(216) 2641775;www.murel.com.tr;murel.com.tr;ÇİB - Çelik İhracatçıları Birliği
MID İÇ VE DIŞ TİCARET DANIŞMANLIK A.Ş.;ATAŞEHİR BULVARI 57 ADA MANOLYA 3 SİTESİ 1 BLOK D1 ATAŞEHİR ATATÜRK MAHALLESİ 34758 ATAŞEHİR, İSTANB ATAŞEHİR İSTANBUL;;www.mittradetr.com;mittradetr.com;ÇİB - Çelik İhracatçıları Birliği
AYDIN BORU ENDÜSTRİSİ A.Ş.;CEVİZLİ MH TUGAY CD OFİSİM İSTANBUL SİTESİ A NO:20 A /17 MALTEPE İSTANBUL;(216) 5931600;http://www.aydinboru.com;aydinboru.com;ÇİB - Çelik İhracatçıları Birliği
KARTAL BOMBE VE BASINÇLI KAPLAR SANAYİ VE TİCARET ANONİM ŞİRKETİ;DİLOVASI ORG. SAN. BÖL.4. KISIM CEYHAN CAD. NO.25 GEBZE KOCAELİ;(262) 7249292;www.kartalbombe.com.tr;kartalbombe.com.tr;ÇİB - Çelik İhracatçıları Birliği
BAYAR PASLANMAZ ÇELİK ANONİM ŞİRKETİ;HARAÇÇI MAHALLESİ SİMGE SOK. NO:3 ARNAVUTKÖY İSTANBUL;(212) 6831300;www.bayarcelik.com;bayarcelik.com;ÇİB - Çelik İhracatçıları Birliği
GÜNEY İNTERNATİONAL DIŞ TİCARET A.Ş;SAHRAYICEDİT MAHALLESİ ATATÜRK CADDESİ NO:69 İÇ KAPI NO:300 KADIKÖY İSTANBUL;(322) 3945030;www.guneyinternational.com;guneyinternational.com;ÇİB - Çelik İhracatçıları Birliği
BİMEKS TEL ANONİM ŞİRKETİ;TURİST MAHALLESİ. ARSAY CADDESİ NO:28 KAVAKLI KAVAKLI KIRKLARELİ KIRKLARELİ;(288) 2461256;www.bimekstel.com;bimekstel.com;ÇİB - Çelik İhracatçıları Birliği
BCS ÇELİK BORU SANAYİ AŞ;ATATÜRK MAH.ATAŞEHİR BLV.GARDENYA PLAZA 5 APT. NO::5/11 ATAŞEHİR İSTANBUL;(216) 5775350;www.bcsboru.com;bcsboru.com;ÇİB - Çelik İhracatçıları Birliği
ELDAR METAL SANAYİ VE TİCARET LİMİTED ŞİRKETİ;FENERBAHÇE MAH. BEDRİ RAHMİ EYÜBOĞLU SOK. NO:10/1 CAN APT. D:1 34710 34710 KADIKÖY İSTANBUL;(216) 4493349;www.eldarmetal.com;eldarmetal.com;ÇİB - Çelik İhracatçıları Birliği
EAN DIŞ TİCARET LİMİTED ŞİRKETİ;FULYA MH BÜYÜKDERE CD NO:76 QUASAE PLAZA KAT:7/705 ŞİŞLİ İSTANBUL;;www.eantrade.com;eantrade.com;ÇİB - Çelik İhracatçıları Birliği
STEELEAST ÇELİK SANAYİ VE TİCARET LİMİTED ŞİRKETİ;KÜÇÜKBAKKALKÖY MAH. DEREBEY SK.DUMANKAYA FLEX RESIDENCE NO: 13 İÇ KAPI NO: 65 ATAŞEHİR İSTANBUL;(216) 5196090;www.steeleast.com;steeleast.com;ÇİB - Çelik İhracatçıları Birliği
BEKSAN ÇİVİ TEL MAKİNA İMALAT SANAYİ VE TİCARET ANONİM ŞİRKETİ;ORGANIZE SANAYI BOLGESI2. CAD. NO.1 MERKEZ BALIKESİR;(266) 2811005;www.beksan.com;beksan.com;ÇİB - Çelik İhracatçıları Birliği
TANSA GÜVENLİK SİSTEMLERİ VE SAAT SAN. TİC. A.Ş.;EYÜP SULTAN MAH. HOCA NASREDDİN CAD. NO:10 SAMANDIRA SANCAKTEPE İSTANBUL;(216) 5619671;www.tansa.com.tr;tansa.com.tr;ÇİB - Çelik İhracatçıları Birliği
STEEL HB DEMİR ÇELİK SAN. VE DIŞ TİC. LTD. ŞTİ.;YENİŞEHİR MAHALLESİ,CUMHURİYET BULVARI NO.9/48 PENDİK İSTANBUL;;www.steelhb.com;steelhb.com;ÇİB - Çelik İhracatçıları Birliği
ARFEN İNŞAAT VE YAPI TEKNOLOJİLERİ SANAYİ TİCARET ANONİM ŞİRKETİ;ÖMERLİ MH GÜLCE SK NO:8/1 HADIMKÖY(BOYALIK) ARNAVUTKÖY İSTANBUL;(212) 4851615;www.arfen.com;arfen.com;ÇİB - Çelik İhracatçıları Birliği
CSL DIŞ CEPHE SİSTEMLERİ MAKİNA VE KALIP SANAYİ TİCARET LİMİTED ŞİRKETİ;ORTAKÖY MAHALLESİ İLTER BULVARI NO:16/2 İÇ KAPI NO1 SİLİVRİ İSTANBUL;(212) 3027077;http://www.cslmetal.com;cslmetal.com;ÇİB - Çelik İhracatçıları Birliği
İZVAR AMBALAJ SANAYİ VE TİCARET A.Ş.;PELİTLİ MH 4448 SK NO:74 GEBZE KOCAELİ;(262) 7510220;www.izvar.com;izvar.com;ÇİB - Çelik İhracatçıları Birliği
MARCEGAGLIA TR PASLANMAZ ÇELİK SAN. TİC. A.Ş.;VELİMEŞE MH HANEDAN SK NO:2 SANAYİ ERGENE TEKİRDAĞ;(282) 6935900;www.marcegaglia.com;marcegaglia.com;ÇİB - Çelik İhracatçıları Birliği
İLTEKNO İLERI TEKNOLOJİ MUHENDİSLİK VE TİCARET ANONİM ŞİRKETİ;KORE ŞEHİTLERİ CADDESİ NO:53 ZİNCİRLİKUYU ŞİŞLİ ŞİŞLİ İSTANBUL;02122967740;www.iltekno.com;iltekno.com;ÇİB - Çelik İhracatçıları Birliği
GAMPAŞ AMBALAJ SANAYİ VE TİCARET A.Ş.;ZAFER MAH. 176 SOKAK NO:3 KAT-1 ESENYURT ESENYURT İSTANBUL;(212) 4234020;www.gampas.net;gampas.net;ÇİB - Çelik İhracatçıları Birliği
ARMOSAN SICAK ÇEKME DİKİŞSİZ BORU SAN. VE TİC. A.Ş.;DES SAN.SİT.EBUBEKİR CAD İSTANBUL ORG.SAN.SİT.MAH.101 ÇIKMAZI B01 A BLOK NO 2 Y.DUDULLU ÜMRANİYE İSTANBUL;(216) 3145533;www.armosan.com.tr;armosan.com.tr;ÇİB - Çelik İhracatçıları Birliği
ADA KAYA PANEL İNŞAAT TAAH. İÇ VE DIŞ TİC. LTD. ŞTİ.;PİRAHMED MAH. D- 100 YANYOL NO:61 ERENLER ERENLER SAKARYA;(264) 2761416;www.ikiabirb.com.;ikiabirb.com.;ÇİB - Çelik İhracatçıları Birliği
NURSAN METAL IMALAT SANAYI VE TICARET LTD.STI.;AYDINLI MAH İST ANADOLU YAK ORG SAN BÖL8. SK. N:4 TUZLA İSTANBUL;(216) 5930693;www.nursanmetal.com;nursanmetal.com;ÇİB - Çelik İhracatçıları Birliği
DT MÜHENDİSLİK VE TAAHHÜT ANONİM ŞİRKETİ;ŞERİF ALİ MAHALLESİ BAŞER SOKAK NO:30/32 ÜMRANİYE İSTANBUL;(216) 5275212;www.dnt-group.com;dnt-group.com;ÇİB - Çelik İhracatçıları Birliği
TEMESİST ENDÜSTRİYEL DEPO VE RAF SİSTEMLERİ SANAYİ DIŞ TİCARET A.Ş.;KERESTECİLER SAN.SİT.BARBAROS HAYRETTİN CAD.15.SOK. 14 A BLOK KAT:1 BAŞAKŞEHİR İSTANBUL;(212) 4440559;www.temesist-raf.com;temesist-raf.com;ÇİB - Çelik İhracatçıları Birliği
KİSAN YOL GÜVENLİĞİ VE TRAFİK İŞARETLERİ SAN.TİC. A.Ş.;KARAYOLLARI MAH. KADİR AKDOĞAN CD. NO.547/1SOK. NO.2 GAZİOSMANPAŞA İSTANBUL;(212) 9245960;www.kisan.com.tr;kisan.com.tr;ÇİB - Çelik İhracatçıları Birliği
APERAM PASLANMAZ ÇELİK SAN. VE TİC.A.Ş.;GEBZE ORGANIZE SANAYI BOL.IHSAN DEDE CAD.700.SOK. GEBZE KOCAELİ;02627512914;www.aperam.com.tr;aperam.com.tr;ÇİB - Çelik İhracatçıları Birliği
EAE ELEKTRİK ASANSÖR ENDÜSTRİSİ İNŞAAT SANAYİ VE TİCARET ANONİM ŞİRKETİ;AKÇABURGAZ MAH. 3114 SOK NO:10 ESENYURT İSTANBUL;(212) 8662000;www.eae.com.tr;eae.com.tr;ÇİB - Çelik İhracatçıları Birliği
HERA GLOBAL CELIK BORU TICARET LIMITED SIRKETI;S.GUTLU CESME MAH. . HALKALI CAD. NO: 257 KÜÇÜKÇEKMECE İSTANBUL;(212) 4707372;www.heracelik.com.tr;heracelik.com.tr;ÇİB - Çelik İhracatçıları Birliği
DEMIRSAN SOĞUK ÇEKME SANAYİ VE TICARET ANONİM ŞİRKETİ;GÜMÜŞSUYU CAD. FATIH SEHITLERI SOK. NO:11/D ZEYTİNBURNU İSTANBUL;(212) 5761596;www.demirsan.com;demirsan.com;ÇİB - Çelik İhracatçıları Birliği
CAMELOT YAPI TAAHHÜT VE TİCARET ANONİM ŞİRKETİ;BARBAROS MAH.KARDELEN SK.PALLADIUM TOWER NO:2/41 ATAŞEHİR İSTANBUL;(216) 6870673;www.camelotyapi.com;camelotyapi.com;ÇİB - Çelik İhracatçıları Birliği
BIRLER CELIK SAN.VE TIC.A.S.;DEMIRCILER SIT. 7. YOL NO.5-7-9 ZEYTİNBURNU İSTANBUL;(212) 5583373;www.birlercelik.com.tr;birlercelik.com.tr;ÇİB - Çelik İhracatçıları Birliği
IŞIK PERDE RAYLARI SAN. VE TİC. A.Ş.;İNÖNÜ MH GEBZE PLASTİKCİLER OSB 11.CD NO:9 TUZLA İSTANBUL;(216) 5021660;www.isikgroup.com;isikgroup.com;ÇİB - Çelik İhracatçıları Birliği
KEBA DIŞ TİCARET ANONİM ŞİRKETİ;ESENTEPE MAH. KELEBEK SK. MARMARA KULE SİTESİ A BLOK NO: 2 İÇ KAPI NO: 192 KARTAL İSTANBUL;(216) 4185579;www.kebafastenings.com;kebafastenings.com;ÇİB - Çelik İhracatçıları Birliği
FECON DIŞ TİCARET ANONİM ŞİRKETİ;ACARSLAR MAH 9.CAD ACARSİZE B BLOK ÇARŞI BİNASI NO:5/2/8 ACARKENT BEYKOZ İSTANBUL;;www.fecon.com.tr;fecon.com.tr;ÇİB - Çelik İhracatçıları Birliği
ARDIÇ ELEKTRIK SANAYİ VE TICARET LİMİTED ŞİRKETİ;BEYLİKDÜZÜ OSB MAH.HÜRRİYET BULVARI NO:10 ASF PLAZA K:4 34520 BEYLİKDÜZÜ, BEYLİKDUZU, TÜRKİYE BEYLİKDÜZÜ İSTANBUL;(212) 4441364;www.ardic.com;ardic.com;ÇİB - Çelik İhracatçıları Birliği
ERBAY ALUMINYUM INSAAT SANAYİ VE TİCARET AŞ.;ZUMRUTEVLER MAH. KESKIN SOK. NO.8 MALTEPE İSTANBUL;(216) 5891717;www.erbayaluminyum.com.tr;erbayaluminyum.com.tr;ÇİB - Çelik İhracatçıları Birliği
METAL VE YAPI SISTEMLERI TICARET ANONİM ŞİRKETİ;CAKIL KOYU BAGLAR MEVKI ÇATALCA İSTANBUL;02127764050;http://www.metalyapi.com;metalyapi.com;ÇİB - Çelik İhracatçıları Birliği
OMEGA CIVATA SANAYİ VE TİCARET ANONİM ŞİRKETİ;IMES OSB 1. BULVAR NO:11 ÇERKEŞLİ OSB MAH DİLOVASI KOCAELİ;(262) 6443636;www.omegacivata.com;omegacivata.com;ÇİB - Çelik İhracatçıları Birliği
ŞDL ZINCIR SAN.DIS.TIC.LTD.STI;ÖMERLİ MAH. HAKKI İLERİ CAD. NO.54 HADIMKÖY(BOYALIK) ARNAVUTKÖY İSTANBUL;(212) 7714410;www.laszirh.com;laszirh.com;ÇİB - Çelik İhracatçıları Birliği
SAĞLAM METAL SANAYİ VE TİC. A.Ş.;CUMHURYET MAH. İSMET İNÖNÜ CAD. NO:42 ŞEKERPINAR ŞEKERPINAR ÇAYIROVA KOCAELİ;(262) 6581290;www.saglammetal.com;saglammetal.com;ÇİB - Çelik İhracatçıları Birliği
NORM BAĞLANTI VE TESBİT ELEMANLARI SAN. TİC. LTD. ŞTİ.;ATATÜRK SAN BÖLGESİ GENERAL MUSTAFA OZYANAR CD NO:2 HADIMKÖY(BOYALIK) ARNAVUTKÖY İSTANBUL;(212) 4850959;www.normfixing.com;normfixing.com;ÇİB - Çelik İhracatçıları Birliği
BOFOR DENIZCILIK SAN.VE TIC. LTD.STI.;AYDINLI BİRLİK OSB MH BATI ÇAD NO:28 TUZLA İSTANBUL;(216) 4664619;www.bofor.com.tr;bofor.com.tr;ÇİB - Çelik İhracatçıları Birliği
MERTSOM SOMUN SANAYİ ANONİM ŞİRKETİ;CİHANGİR MAH.ŞEHİT PİYADE ER YAVUZ BAHAR SOKNO:4 BLOK NO:4 AVCILAR İSTANBUL;(212) 4222616;www.mertsom.com.tr;mertsom.com.tr;ÇİB - Çelik İhracatçıları Birliği
KANCA EL ALETLERİ DÖVME ÇELİK VE MAKİNA SANAYİ ANONİM ŞİRKETİ;TAYSAD ORG. SAN. BOLG. 1. CADŞEKERPINAR ÇAYIROVA KOCAELİ;(262) 6788664;www.kanca.com.tr;kanca.com.tr;ÇİB - Çelik İhracatçıları Birliği
PRODAR MUH. INS.SAN.TIC.LTD.STİ.;ATATÜRK MH.CAN CD.NO:1 KAT:4 SARIGAZİ SANCAKTEPE İSTANBUL;02167151314;www.prodar.com;prodar.com;ÇİB - Çelik İhracatçıları Birliği
ERSAÇ METAL ÇELİK SERVİS MERKEZİ SANAYİ TİCARET ANONİM ŞİRKETİ;HÜRRİYET MAH. D-100 KUZEY YAN YOL CAD.KARTAL İŞ MERKEZİ A BLOK NO:55/A KARTAL İSTANBUL;(216) 6771641;www.ersacmetal.com;ersacmetal.com;ÇİB - Çelik İhracatçıları Birliği
MİMSA ALÜMİNYUM TİCARET VE SANAYİ ANONİM ŞİRKETİ;BEYLİKDÜZÜ OSB MH MERMERCİLER SAN SİT 4 CD NO:7 BEYLİKDÜZÜ İSTANBUL;(212) 8751908;www.mimsa.com;mimsa.com;ÇİB - Çelik İhracatçıları Birliği
BOZOKLAR METAL DIŞ TİC. LTD. ŞTİ.;FATİH SULTAN MEHMET MAH. HOLİGON CAD. BUYAKA 2 SİT . NO.8C D.66 TEPEÜSTÜ ÜMRANİYE İSTANBUL;(216) 5010416;www.bozoklartrade.com;bozoklartrade.com;ÇİB - Çelik İhracatçıları Birliği
METAL SERVIS DANISMANLIK SANAYİ VE TICARET ANONİM ŞİRKETİ;ORHANLI MH. ULU SK. NO:1 ORHANLI TUZLA İSTANBUL;(216) 3944803;www.metalservis.com.tr;metalservis.com.tr;ÇİB - Çelik İhracatçıları Birliği
ÖNAYSAN ENDÜSTRİYEL ÜRÜNLER ÜRETİM VE DIŞ TİCARET ANONİM ŞİRKETİ;ORG.SANAYI BOLG.1.CAD.NO:18-20 ÜMRANİYE İSTANBUL;(216) 5282600;www.onaysan.com.tr;onaysan.com.tr;ÇİB - Çelik İhracatçıları Birliği
YÜCEL BORU VE PROFİL ENDÜSTRİ ANONİM ŞİRKETİ;BARIŞ MAH. KOŞUYOLU CAD. NO:12 GEBZE KOCAELİ;(262) 4181000;www.yucelboru.com.tr;yucelboru.com.tr;ÇİB - Çelik İhracatçıları Birliği
ÖZDİL PANCUR SANAYİ VE TİCARET ANONİM ŞİRKETİ;İKİTELLİ OSB MH DEMİRCİLER SAN SİT A2 BLOK NO:25-26 BAŞAKŞEHİR İSTANBUL;(212) 6595010;www.alusel.com.tr;alusel.com.tr;ÇİB - Çelik İhracatçıları Birliği
ULARTE SINAI YAPI VE TIC.A.S.;LEVENT MH BÜYÜKDERE CD.NO.24 BEŞİKTAŞ İSTANBUL;(212) 2819905;www.ularte.com;ularte.com;ÇİB - Çelik İhracatçıları Birliği
ALFA OTOMAT ÇELİKÇİLİK TİCARET VE SANAYİ LİMİTED ŞİRKETİ;DEMIRCILER SIT. 5. CAD. NO.16 ZEYTİNBURNU İSTANBUL;(212) 5581691;www.alfaotomat.com.tr;alfaotomat.com.tr;ÇİB - Çelik İhracatçıları Birliği
YEO TEKNOLOJİ ENERJİ VE ENDÜSTRİ A.Ş.;ESENTEPE MAH. KELEBEK SK. MARMARA KULE SİTESİ B-BLOK NO: 2/1 KARTAL/İSTANBUL TURKEY 34870 KARTAL, İS KARTAL İSTANBUL;02164942676;www.yeo.com.tr;yeo.com.tr;ÇİB - Çelik İhracatçıları Birliği
GÜLDEMİR YAPI MALZEMELERİ İÇ VE DIŞ TİCARET LİMİTED ŞİRKETİ;SEYİTNİZAM MAH. DEMİRCİLER SİTESİ 2. CADDE NO:24 ZEYTİNBURNU İSTANBUL;(212) 4167871;www.guldemir.com.tr;guldemir.com.tr;ÇİB - Çelik İhracatçıları Birliği
AYGÜNSAN DEMİR ÇELİK SANAYİ VE TİCARET ANONİM ŞİRKETİ;KURTULUŞ MAHALLESİ ŞEHİT ATEŞE REŞAT MORALI BULVARI NO:5 KARABÜK KARABÜK;(370) 7120270;www.aygunsan.com.tr;aygunsan.com.tr;ÇİB - Çelik İhracatçıları Birliği
CRYOCAN BASINÇLI KAPLAR ENDÜSTRİYEL TESİSLER SAN. VE TİC. LTD. ŞTİ.;CEYHAN CADESİ NO: 6/1 DİLOVASI ORGANİZE SANAYİ BÖLGESİ 41455 GEBZE KOCAELİ;(262) 6441200;www.cryocan.com;cryocan.com;ÇİB - Çelik İhracatçıları Birliği
MASAŞ METAL AMBALAJ SANAYI A.Ş;KİMYA SANAYİCİLER OSB. AROMATİK CD. NO:79 TUZLA İSTANBUL;(216) 5930853;www.masas.com.tr;masas.com.tr;ÇİB - Çelik İhracatçıları Birliği
KROMTEL SANAYİ VE TİCARET A.Ş.;MERVE MAH. UZUNGÖL CD. N:7 SANCAKTEPE İSTANBUL;(216) 5640800;www.kromtel.com.tr;kromtel.com.tr;ÇİB - Çelik İhracatçıları Birliği
GÖKTÜRKLER ÇELİK ANONİM ŞİRKETİ;OSMANGAZİ MAH. 2647.SK.NO:40/3 ESENYURT İSTANBUL;(212) 8864150;www.gokturkler.com;gokturkler.com;ÇİB - Çelik İhracatçıları Birliği
BEYCE METAL SANAYİ VE TİCARET LİMİTED ŞİRKETİ;AKSE MAH. 69.SK PARK PANOROMA SİTESİ NO:77 İÇ KAPINO:20 ÇAYIROVA KOCAELİ;(262) 0000000;http://www.beycemetal.com;beycemetal.com;ÇİB - Çelik İhracatçıları Birliği
MYK EYLÜL ÇELİK VE İNŞAAT SANAYİ VE TİCARET LİMİTED ŞİRKETİ;KÖSEKÖY MAH. AYBEY SK. NO: 9 KARTEPE KOCAELİ;(262) 3354853;http://www.eylulcelik.com.tr;eylulcelik.com.tr;ÇİB - Çelik İhracatçıları Birliği
TETRADİMA MAKİNA OTO. SAN. VE TİC. LTD. ŞTİ.;KAVAKPINAR MH.CEMİL MERİC CD. KORUMA SAN.SIT. 137/8 0 GEBZE KOCAELİ;(262) 5030555;www.tetradima.com;tetradima.com;ÇİB - Çelik İhracatçıları Birliği
YILMAR ÇELİK TEL YAY SANAYİ VE TİCARET LİMİTED ŞİRKETİ;DEMİRTAŞ OSB ALİ OSMAN SÖNMEZ CD NO:25 OSMANGAZİ BURSA;(224) 2611765;www.yilmar.com.tr;yilmar.com.tr;ÇİB - Çelik İhracatçıları Birliği
HİDEK HİDROLİK BAĞLANTI ELEMANLARI SANAYİ TİCARET LİMİTED ŞİRKETİ;ORUÇ REİS MAH TEKSTİLKENT A-24 BLK N:40 ESENLER İSTANBUL;(212) 4383067;www.hidek.com.tr;hidek.com.tr;ÇİB - Çelik İhracatçıları Birliği
OERLİKON KAYNAK ELEKTRODLARI VE SANAYİ ANONİM ŞİRKETİ;MASLAK MH BİLİM SK SUN PLAZA 5A-29 SARIYER İSTANBUL;(212) 4111400;www.oerlikon.com.tr;oerlikon.com.tr;ÇİB - Çelik İhracatçıları Birliği
ASGE METAL SANAYİ VE TİCARET LİMİTED ŞİRKETİ;ESENSEHIR MAH. DES SANAYI SIT.111 SOK. D-18 BLOK NO:5-7-9 YUKARIDUDULLU ÜMRANİYE İSTANBUL;(216) 5409686;www.asgemetal.com;asgemetal.com;ÇİB - Çelik İhracatçıları Birliği
TEMA METAL SANAYI VE TICARET AŞ.;DELİKLİKAYA MAHALLESİ YÜZBAŞI MEHMET HİLMİ CAD. NO:27-31 İÇ KAPI NO:1 34275 ARNAVUTKÖY İSTANBUL;(212) 4220367;www.temametal.com;temametal.com;ÇİB - Çelik İhracatçıları Birliği
HERÇELİK DENİZ ENDÜSTRİSİ İÇ VE DIŞ TİCARET ANONİM ŞİRKETİ;DİLOVASI ORG. SAN. BÖL. 2.Cİ KISIM E-2013 SOK. NO.8 DİLOVASI GEBZE KOCAELİ TUZLA İSTANBUL;(262) 5020192;www.hercelik.com.tr;hercelik.com.tr;ÇİB - Çelik İhracatçıları Birliği
DEMAR ÇELİK SAN. VE DIŞ TİC. A.Ş.;YENİŞEHİR MAH. CUMHURİYET BLV. 12-1/56 PENDİK İSTANBUL;(216) 3948811;www.demarcelik.com.tr;demarcelik.com.tr;ÇİB - Çelik İhracatçıları Birliği
SMART GÜNEŞ ENERJİSİ TEKNOLOJİLERİ ARAŞTIRMA GELİŞTİRME ÜRETİM SANAYİ VE TİCARET ANONİM ŞİRKETİ;ENERGY PLAZA FERAGAT SOKAK NO:2 İÇKAPI NO:6-RÜZGARLIBAHÇE MAH. KAVACIK BEYKOZ İSTANBUL;(262) 6737100;https://smartsolar.com.tr/;smartsolar.com.tr;ÇİB - Çelik İhracatçıları Birliği
ALFAFENCE DIŞ TİCARET LİMİTED ŞİRKETİ;MUSTAFA KEMAL MAH.DUMLUPINAR BLV.NO:266 A/18 ÇANKAYA ANKARA;;http://www.fenceandconcertina.com;fenceandconcertina.com;ÇİB - Çelik İhracatçıları Birliği
NEMA WINKELMANN ISITMA VE SU TEKN SANAYİ VE TICARET LİMİTED ŞİRKETİ;YAKABAŞI MAH.KOCA ALAN MEVKIIGÜMÜŞOVA GÜMÜŞOVA DÜZCE;(038) 7451129;www.nema-winkelmann.com;nema-winkelmann.com;ÇİB - Çelik İhracatçıları Birliği
METAL CENTER İNŞAAT VE DIŞ TİCARET LİMİTED ŞİRKETİ;BAŞIBÜYÜK MAH. EMEK CAD. NARCİTY KONT. 281 A6/30 MALTEPE İSTANBUL;;www.metalcenter.com.tr;metalcenter.com.tr;ÇİB - Çelik İhracatçıları Birliği
KAPLANWIRE TEL VE ÇELİK ÜRÜNLERİ SANAYİ TİCARET ANONİM ŞİRKETİ;HUZUREVLERİ MAH 77132SOK HÜSEYİN ERİP AKAY APT.B BLOK NO:5/2 ÇUKUROVA ADANA;;www.kaplanwire.com.tr;kaplanwire.com.tr;ÇİB - Çelik İhracatçıları Birliği
GERPA ELEKTRIK TEKSTİL SANAYİ VE TİCARET ANONİM ŞİRKETİ;YEŞİLBAĞLAR MH.SELVİLİ SK.NO:2 HELİS BEYAZ OFİS A BLOK D:105 PENDİK İSTANBUL;(216) 4897005;www.gerpaas.com;gerpaas.com;ÇİB - Çelik İhracatçıları Birliği
ATLI ZINCIR IĞNE VE MAKINA SANAYII ANONİM ŞİRKETİ;ADRES GİYİMKENT 17. SOK. NO: 56A-58A ORUÇREİS 34235 ESENLER İSTANBUL;02124821700;www.atli.com.tr;atli.com.tr;ÇİB - Çelik İhracatçıları Birliği
BANT BORU SAN.VE TİC. A.Ş.;GEBZE ORGANIZE SANAYI BÖL.IHSANDEDE CAD. 700.SOK NO:710-712 GEBZE KOCAELİ;(262) 6774700;www.bantboru.com;bantboru.com;ÇİB - Çelik İhracatçıları Birliği
ÇELİK GRANÜL SAN. A.Ş.;HADIMKÖY İSTANBUL CADDESİ HASTANE MAHALLESİ NO:58 HADIMKÖY(BOYALIK) ARNAVUTKÖY İSTANBUL;(212) 7714555;www.celikgranul.com;celikgranul.com;ÇİB - Çelik İhracatçıları Birliği
MANGAN DEMİR ÇELİK ANONİM ŞİRKETİ;EHLİBEYT MH. CEYHUN ATUF KANSU CD. NO:130-71 ÇANKAYA ANKARA;(312) 0000000;http://www.mangancelik.com;mangancelik.com;ÇİB - Çelik İhracatçıları Birliği
ÜRKMEZ SAC DEMİR TİC.LTD.ŞTİ.;YAYLA MAH.BAĞDAT YOLU CAD.NO:89 TUZLA İSTANBUL;(216) 3923881;www.urkmezsacdemır.com;urkmezsacdemır.com;ÇİB - Çelik İhracatçıları Birliği
HAS FASTENERS VİDA BAĞLANTI ELEMANLARI A.Ş.;BALÇI MAHALLESİ ORGANİZE CAD. DEPOLAMA NO:81 TUZLA İSTANBUL;02164665656;http://www.hasvida.com;hasvida.com;ÇİB - Çelik İhracatçıları Birliği
TEKNİKA TEKNİK ENDÜSTRİ TESİSLERİ İMALAT VE MONTAJ ANONİM ŞİRKETİ;ATATÜRK MAH. ATAŞEHİR BULVARI GARDENYA PLAZA 5 NO:5/14 ATAŞEHİR İSTANBUL;(216) 9096840;www.teknika.tr;teknika.tr;ÇİB - Çelik İhracatçıları Birliği
YÖRÜKOĞLU METAL SANAYİ TİCARET NAKLİYET DÖKÜM VE İMALAT İNŞAAT İTHALAT İHRACAT LİMİTED ŞİRKETİ;İVEDİK ORGANİZE SANAYİ SİTESİ 1476 SK N:39 YENİMAHALLE ANKARA;(312) 9115501;www.yorukoglumetal.com.tr;yorukoglumetal.com.tr;ÇİB - Çelik İhracatçıları Birliği
YÜKSELEN ÇELİK A.Ş.;OSMANGAZİ MAH. 2647 SOK. NO.40/1 KIRAÇ 34522 KIRAÇ ESENYURT İSTANBUL;(212) 4442050;www.yukselen.com;yukselen.com;ÇİB - Çelik İhracatçıları Birliği
SOMAL SAC SANAYİ VE TİCARET LİMİTED ŞİRKETİ;GEBZE GÜZELLER ORGANİZE SANAYİ BÖLGESİ FARABİ CADDESİ NO:4 ÜMRANİYE İSTANBUL;(216) 5277315;www.somal.com.tr;somal.com.tr;ÇİB - Çelik İhracatçıları Birliği
ÇAĞRI TEL ÇİT HAFRİYAT EMLAK İNŞAAT SANAYİ VE TİCARET LİMİTED ŞİRKETİ;YENİ MAH. ÇİZGİ SK. 54 SİLİVRİ İSTANBUL;;www.cagrifence.com;cagrifence.com;ÇİB - Çelik İhracatçıları Birliği
GÜVEN BOMBE VE BASINÇLI KAPLAR A.Ş.;AKÇABURGAZ MAH. 137. SOK. NO:11 ESENYURT İSTANBUL;(212) 4070808;www.guvenbombe.com.tr;guvenbombe.com.tr;ÇİB - Çelik İhracatçıları Birliği
YERMET TAŞIMACILIK İNŞAAT OTOMOTİV METAL SAN. VE TİC. A.Ş;AKÇABURGAZ MAH. UĞUR MUMCU CAD.1566 SK.NO:7 İÇ KAPI NO:1 ESENYURT / İSTANBUL ESENYURT İSTANBUL;(212) 6911370;http://www.yermet.com;yermet.com;ÇİB - Çelik İhracatçıları Birliği
EMEK PERÇİN VE ENDÜSTRİYEL BAĞLANTI ELEMANLARI SANAYİ TİCARET LTD. ŞTİ.;IKITELLI ORG.SAN.BOL.PIK DOKUMCUMLER SAN.SIT.A-3 BLOK NO:9 KÜÇÜKÇEKMECE İSTANBUL;(212) 4859206;www.emekpercin.com;emekpercin.com;ÇİB - Çelik İhracatçıları Birliği
KANAT ÇELİK SANAYİ VE TİCARET A.Ş.;AKÇABURGAZ MAH. AKÇABURGAZ CADDESİ NO:66 ESENYURT ESENYURT İSTANBUL;(212) 6713838;www.kanatcelik.com;kanatcelik.com;ÇİB - Çelik İhracatçıları Birliği
ENKA İNŞ.VE SAN.A.Ş;BALMUMCU MAH., ZİNCİRLİKUYU YOLU NO: 10 BEŞİKTAŞ İSTANBUL;02123761000;www.enka.com;enka.com;ÇİB - Çelik İhracatçıları Birliği
MARKET RAF TİCARET VE SANAYİ LTD. ŞTİ.;ÇERKEZKÖY OSB BÖLGESİ FATİH BULVARI 9. SK NO:7 KAPAKLI TEKİRDAĞ;(282) 8867210;www.erengrup.com;erengrup.com;ÇİB - Çelik İhracatçıları Birliği
SONER ÇAĞLAR;YEŞİLOBA MAH. 46067 SK. NO: 2 F SEYHAN ADANA;(322) 4285049;www.birikimmakina.com;birikimmakina.com;ÇİB - Çelik İhracatçıları Birliği
AYBA METAL SANAYİ VE TİC. A.Ş;DİLOVASI OSB MAH D-2012 SK.NO:2/1 KAPI NO:1 DİLOVASI KOCAELİ;(262) 5286560;http://aybametal.com;aybametal.com;ÇİB - Çelik İhracatçıları Birliği
MMK METALURJİ SAN.TİC.VE LİMAN İŞLETMECİLİĞİ A.Ş.;ÖZERLİ MAH. ALPARSLAN TÜRKEŞ BULV.NO.342/91 DÖRTYOL HATAY;(326) 7701000;www.mmkturkey.com.tr;mmkturkey.com.tr;ÇİB - Çelik İhracatçıları Birliği
ATASAN MAKİNE KALIP SANAYİ VE TİCARET ANONİM ŞİRKETİ;KARGALIHANBABA MAHALLESİ 2. ORGANİZE SANAYİ BÖLGESİ 2. SOK NO:5 HENDEK SAKARYA;(264) 2914900;www.atasanmakina.com.tr;atasanmakina.com.tr;ÇİB - Çelik İhracatçıları Birliği
ADV DIŞ TİCARET LİMİTED ŞİRKETİ;YASSI ÖREN KÖYÜ AKPINAR SAN. BÖL.HADİMKÖY CAD. NO.162 K.5 D:3. ARNAVUTKÖY İSTANBUL;(212) 6716486;www.zi-as.com;zi-as.com;ÇİB - Çelik İhracatçıları Birliği
SWISS STEEL ÇELİK ANONİM ŞİRKETİ;PELİTLİ KÖYÜ PELİTLİ KÖYÜ YOLU CAD. HARLAK BAYIRI MEVKİİ PLASTİKÇİLER SİTESİ YANI NO.197 GEBZE KOCAELİ;(262) 6783800;www.steeltec.com.tr;steeltec.com.tr;ÇİB - Çelik İhracatçıları Birliği
ROLLPANEL YALITIM VE İNŞAAT MALZEMELERİ SANAYİ TİCARET ANONİM ŞİRKETİ;MİNARELİÇAVUŞ BURSA OSB MAH.ALİ OSMAN SÖNMEZ BULVARI NO:27 NİLÜFER BURSA;;http://www.rollpanel.com;rollpanel.com;ÇİB - Çelik İhracatçıları Birliği
B95 PROJE VE TEKNOLOJIK ÇÖZÜMLERI SANAYI TICARET LIMITED SIRKETI;BARBAROS HAYRETTİN PAŞA 1993SK FERAH REZİDANS NO:22 A KAPI NO:140 ESENYURT İSTANBUL;;www.b95project.com.tr;b95project.com.tr;ÇİB - Çelik İhracatçıları Birliği
AKIM METAL SANAYİ VE TİCARET ANONİM ŞİRKETİ;BEYLİKBAGI MAH. MEMİŞOGLU CAD.326/2 SOK.NO.4/A GEBZE KOCAELİ;(262) 7431492;www.akplas.com.tr;akplas.com.tr;ÇİB - Çelik İhracatçıları Birliği
CEMSUN PASLANMAZ ÇELIK ANONIM SIRKETI;AKÇABURGAZ MAH.3077 §OK. NO:3 KIRAÇ ESENYURT İSTANBUL;(212) 6893260;www.cemsun.com;cemsun.com;ÇİB - Çelik İhracatçıları Birliği
SAFIR METAL SANAYİ VE DIŞ TİCARET LİMİTED ŞİRKETİ;KARDELEN SOKAK PALLADİUM TOWER KAT:10 BARBAROS 34758 ATAŞEHİR İSTANBUL;(216) 5774606;www.safirtrade.com;safirtrade.com;ÇİB - Çelik İhracatçıları Birliği
GAPSAN GALVANİZ PROFİL SAN. VE TİC. LTD. ŞTİ.;KAVACIK MH GÜLŞEN SK KARAKAYA APT NO:7/2 BEYKOZ İSTANBUL;(216) 4790685;www.gapsanprofil.com;gapsanprofil.com;ÇİB - Çelik İhracatçıları Birliği
İLGEN VİDA SAN.VE TİC. A.Ş.;ARAPTEPE MEVKII. SANAYİ BÖLGESİ 5001 SOK.NO:16 SİLİVRİ İSTANBUL;(212) 7235979;www.ilgenvida.com;ilgenvida.com;ÇİB - Çelik İhracatçıları Birliği
ÖMÜR ÇELİK A.Ş.;FERHATPAŞA MAH. TOPLUM CAD. NO.15 ATAŞEHİR İSTANBUL;(216) 6600404;www.omurcelik.com;omurcelik.com;ÇİB - Çelik İhracatçıları Birliği
TEKNİK BAĞLANTI ELEMANLARI SAN. VE TİC. A.Ş.;ADANA ORGANİZE SANAYİ BÖLGESİ İNÖNÜ BULVARI İADECİ NO:16/A SARIÇAM ADANA;(322) 3945088;www.teknikbaglanti.com.tr;teknikbaglanti.com.tr;ÇİB - Çelik İhracatçıları Birliği
SALDA METAL SANAYİ VE TİCARET ANONİM ŞİRKETİ;ORTA MAHALLESİ NİLAY SOKAK NO1/12 TUZLA İSTANBUL;(216) 5192813;www.saldametal.com;saldametal.com;ÇİB - Çelik İhracatçıları Birliği
YMS YILDIZ INSAAT MALZEMELERİ İMALAT SANAYİ VE TİCARET LİMİTED ŞİRKETİ;KARADENIZCILER MAH. FAKÜLTE CAD. FASIL SK. NO:10 BAŞİSKELE KOCAELİ;(262) 3496085;www.ymsyildiz.com;ymsyildiz.com;ÇİB - Çelik İhracatçıları Birliği
ARSAN KAUÇUK İÇ VE DIŞ TİC. A.Ş.;YUKARI DUDULLU O.S.B. NATOYOLU N:35 ÜMRANİYE İSTANBUL;(216) 3658306;www.arsankaucuk.com.tr;arsankaucuk.com.tr;ÇİB - Çelik İhracatçıları Birliği
SEPA ALÜMİNYUM VE METAL SANAYİ TİCARET A.Ş.;AKPINAR MAH. HASAN BASRİ CAD. NO:3 SANCAKTEPE İSTANBUL;(216) 3118065;www.sepa.com.tr;sepa.com.tr;ÇİB - Çelik İhracatçıları Birliği
ALBAFERRO METAL SAN.TIC.A.Ş.;TOSB ORG. SAN. BÖL. 1. CAD. 12. SOK. NO.6/2 ÇAYIROVA KOCAELİ;(262) 6582067;www.albagroup.com.tr;albagroup.com.tr;ÇİB - Çelik İhracatçıları Birliği
MERCAN PANEL ÜRETİM SAN. VE TİC. A.Ş.;E. ÇELEBİ MAH. RAUF ORBAY CAD. MAVİ SOK. NO:28 TUZLA İSTANBUL;(216) 4461500;www.soyteknik.com.tr;soyteknik.com.tr;ÇİB - Çelik İhracatçıları Birliği
ÖZ METAL SANAYİ VE TİCARET ANONİM ŞİRKETİ;IMES SANAYI SITESI E BLOK 504SOK. NO:63 ÜMRANİYE İSTANBUL;02164206611;www.ozmetalsan.com;ozmetalsan.com;ÇİB - Çelik İhracatçıları Birliği
BETAFENCE YAPI SANAYİ VE TICARET ANONİM SİRKETİ;SANCAKTEPE MH MİLLET CD N:30 SİLİVRİ İSTANBUL;02127117040;www.betafence.com.tr;betafence.com.tr;ÇİB - Çelik İhracatçıları Birliği
SARDOĞAN DEMİR ÇELİK ANONİM ŞİRKETİ;SANAYİ MAH. ÇETİN SK. SARDOĞAN ENDÜSTRI VE TICARETNO: 19 İÇ KAPI NO: 1 PENDİK/ İSTANBUL PENDİK İSTANBUL;(216) 3784740;http://sardogan.com.tr;sardogan.com.tr;ÇİB - Çelik İhracatçıları Birliği
PALADYUM ÇELİK SANAYİ VE TİCARET ANONİM ŞİRKETİ;DEMİRTAŞ DUMLUPINAROSB MAH. MUSTAFA KARAER CAD.NO: 34 OSMANGAZİ BURSA;(224) 2613021;http://www.paladyumcelik.com;paladyumcelik.com;ÇİB - Çelik İhracatçıları Birliği
OPTIMAS OE SOLUTIONS BAĞLANTI SİSTEMLERİ SATIŞ VE TİİC. LTD. ŞTİ.;KOZYATAĞI MAH. ŞEHİT MEHMET FATİH ÖNGÜL SOK. ESKİYAPANLAR IS MERKEZİNO.1 KOZYATAĞI KADIKÖY İSTANBUL;(216) 5813100;www.optimas.com;optimas.com;ÇİB - Çelik İhracatçıları Birliği
MİMAŞ MÜHENDİSLİK İNŞAAT VE MADENCİLİK ANONİM ŞİRKETİ;ORHANTEPE MAH. SAHİL YOLU GÜLNAME (MİNE) SOKAK NO:2 DRAGOS KARTAL İSTANBUL;(216) 3999600;www.mimas.com.tr;mimas.com.tr;ÇİB - Çelik İhracatçıları Birliği
SKY RAY VE OTO YEDEK PARÇA EKİPMANLARI ÜRETİM SANAYİ ANONİM ŞİRKETİ;ESENKENT MH BUYRUK SK NO:19/2 ÜMRANİYE İSTANBUL;(216) 5612265;www.sntrgroup.com;sntrgroup.com;ÇİB - Çelik İhracatçıları Birliği
ÖREN İNŞAAT TESİSATSAN VE TİC LTD ŞTİ;FATİH MAH. 19. MAYIS BLV. NO:84ASTOR İŞ MERK. ZEMİN KAT ESENYURT İSTANBUL;(212) 6999760;www.orenltd.com;orenltd.com;ÇİB - Çelik İhracatçıları Birliği
ESMAK MAKİNE SAN. VE DIŞ TİC. LTD. ŞTİ.;D100 KARA YOLU ÜZERİ TOPÇULAR MAH AHMETÇİLER SKN:2 MERKEZ DÜZCE;(380) 5375496;www.esmakmakine.com.tr;esmakmakine.com.tr;ÇİB - Çelik İhracatçıları Birliği
MTS METAL SANAYİ VE DIŞ TİCARET ANONİM ŞİRKETİ;ATATÜRK MAH. ERTUĞRUL GAZİ SK. METROPOL İSTANBUL A BLOK NO:2E / 369 34758 ATAŞEHİR İSTANBUL;(216) 6880066;www.mtsmetal.com.tr;mtsmetal.com.tr;ÇİB - Çelik İhracatçıları Birliği
MES MEDIKAL ELEKTRONIK SANAYI VE TIC.LTD.STI.;AYDINLI MAH. İST ANADOLU YAKASI OSB MERMECİLER CADNO.6 TUZLA İSTANBUL;(216) 4899390;www.mesmedikal.com.tr;mesmedikal.com.tr;ÇİB - Çelik İhracatçıları Birliği
SECTEC DIŞ TİCARET ANONİM ŞİRKETİ;BÜYÜKKAYACIK OSB MAH.101 CD NO:3/1 SELÇUKLU KONYA;(332) 3461400;www.sectec.com.tr;sectec.com.tr;ÇİB - Çelik İhracatçıları Birliği
SUN CHEMİCAL MATBAA MÜREKKEPLERİ VE GEREÇLERİ SAN.TİC.A.Ş.;ATATÜRK O.S.B. 10037 SOK. NO.4 ÇİĞLİ İZMİR;(232) 3768890;www.sunchemical.com;sunchemical.com;ÇİB - Çelik İhracatçıları Birliği
ARENA AYDINLATMA REK.SAN.VE DIŞ TİC.LTD.ŞTİ.;AKÇABURGAZ MAH 3084 SK N:3 ESENYURT İSTANBUL;(212) 2780030;www.arenareklam.com.tr;arenareklam.com.tr;ÇİB - Çelik İhracatçıları Birliği
NOVA FABRICATION METAL SANAYI VE DIS TICARET LIMITED SIRKETI;FERHATPAŞA MH.KARADENİZ CD. DITA METAL BLOK NO:100/3 ATAŞEHİR İSTANBUL;(216) 6614434;www.novafabrication.com;novafabrication.com;ÇİB - Çelik İhracatçıları Birliği
STOP GRUP GÜVENLİK SİSTEMLERİ İNŞAAT SANAYİ VE TİCARET ANONİM ŞİRKETİ;GÜZELCE MH İSKENDERUN CD NO:6 BÜYÜKÇEKMECE İSTANBUL;(212) 8680890;www.stopgrup.com;stopgrup.com;ÇİB - Çelik İhracatçıları Birliği
SCHLETTER SOLAR MONTAJ SİSTEMLERİ ÜRETİM ANONİM ŞİRKETİ;ÇERKEŞLİ OSB MAH. İMES 2 BLV. KAPI NO:42/1 DİLOVASI KOCAELİ;(216) 5043634;http://www.schletter.com;schletter.com;ÇİB - Çelik İhracatçıları Birliği
TANKBAU TECHNİK BASINÇLI KAPLAR SAN. TİC. LTD. ŞTİ.;İ.O.S.B.PİK DÖKÜMCÜLER SAN.SİT. B1 BLK NO:6 BAŞAKŞEHİR İSTANBUL;(212) 4862607;www.tankbautec.com.tr;tankbautec.com.tr;ÇİB - Çelik İhracatçıları Birliği
HASCEVHER METAL SANAYİ VE TICARET ANONİM ŞİRKETİ;ORGANİZE SANAYİ BÖLGESİ 17.CADDE NO:4 KAHRAMANMARAŞ KAHRAMANMARAŞ;03442579570;www.hascevher.com.tr;hascevher.com.tr;ÇİB - Çelik İhracatçıları Birliği
SANMOVER ENDÜSTRİYEL TEKNOLOJİLER SAN. VE TİC. A.Ş.;ZİYA GÖKALP MAH. KERESTECİLER SİT. 14 A BLOK K:1 BAŞAKŞEHİR İSTANBUL;(212) 4953232;www.temesistdeposistemleri.com;temesistdeposistemleri.com;ÇİB - Çelik İhracatçıları Birliği
UYAR ÇELİK END. SAN. VE TİC. A.Ş.;IKITELLI ORG. SAN. BÖL. KAĞITHANESAN.SIT.17.CAD. BAŞAKŞEHİR İSTANBUL;(212) 4859898;www.uyarcelik.com;uyarcelik.com;ÇİB - Çelik İhracatçıları Birliği
İHSAN ELEKTRİK ENERJİ TAAHHÜT İTHALAT İHRACAT SAN. VE TİC. LTD. ŞTİ.;MİLLET MAH. YUNUS EMRE BULVARI NO:230/C YILDIRIM BURSA;(224) 3625471;http://www.ihsanenerji.com;ihsanenerji.com;ÇİB - Çelik İhracatçıları Birliği
BILGIN DENIZCILIK SAN.TIC.LTD. STI.;AYDINTEPE MAH. SAHİL BULV. 128/CBA TUZLA İSTANBUL;02164937327;www.bilgindenizcilik.com.tr;bilgindenizcilik.com.tr;ÇİB - Çelik İhracatçıları Birliği
BERG METAL SANAYİ VE TİCARET ANONİM ŞİRKETİ;MAKİNE İHTİSAS ORGANİZE SANAYİ BÖLGESİ DEMİRCİLER MAHALLESİ 8. SOKAK NO:1 DEMİRCİLER MAHALLESİ 41455 DİLOVASI KOCAELİ;(262) 7232323;www.bemasmetal.com;bemasmetal.com;ÇİB - Çelik İhracatçıları Birliği
İNES DIŞ TİCARET VE DENİZCİLİK LTD.ŞTİ.;AKŞEMSETTİN MAH. HALICILAR CAD. NO:109/111 D.2 FATİH İSTANBUL;(212) 6353590;www.inesticaret.com;inesticaret.com;ÇİB - Çelik İhracatçıları Birliği
AYVAZ GLOBAL DIŞ TİCARET A.Ş.;HADIMKÖY MH MUSTAFA İNAN CD NO:44/3 ARNAVUTKÖY İSTANBUL;(212) 7710145;www.ayvaz.com;ayvaz.com;ÇİB - Çelik İhracatçıları Birliği
MURAT CİVATA VE BAĞLANTI ELEMANLARI SANAYİ VE TİCARET ANONİM ŞİRKETİ;TUZLA O.S.B 3.CAD. NO:2 TUZLA İSTANBUL;(216) 5934141;www.muratcivata.com.tr;muratcivata.com.tr;ÇİB - Çelik İhracatçıları Birliği
PROSİSTA YAPI SİSTEMLERİ SANAYİ DIŞ TİCARET ANONİM ŞİRKETİ;PİAZZA OFİS CEVİZLİ MH TUGAY YOLU CD NO:69A KAT:19/19A MALTEPE İSTANBUL;(000) 4445772;www.prosista.com;prosista.com;ÇİB - Çelik İhracatçıları Birliği
NBA GIDA AMB.MAK.SAN.VE TIC. LTD.ŞTI.;ACIBADEM MH.TUR.SK.11 K.5D.9-11 KADIKÖY İSTANBUL;02163401212;http://www.nba.com.tr;nba.com.tr;ÇİB - Çelik İhracatçıları Birliği
SDY ENERJİ İNŞAAT SANAYİ VE TİCARET A.Ş.;GÜRSEL MH. İMRAHOR CD.NO:29 PREMŞER KAMPÜS OFİS A BLOK NO:88 KAĞITHANE İSTANBUL;(212) 8030020;sdyenergy.com;sdyenergy.com;ÇİB - Çelik İhracatçıları Birliği
NURTEL TEL SANAYİ A.Ş.;ÇANTA SANCAKTEPE MAH. KLAS SOK.NO.4 ÇANTA SİLİVRİ İSTANBUL;(212) 7152848;www.nurtel.com.tr;nurtel.com.tr;ÇİB - Çelik İhracatçıları Birliği
YILGENCİ SANAYİ VE TİCARET ANONİM ŞİRKETİ;1.ORGANİZE SAN. BÖLGESİ 1.YOL NO:19 HANLI ARİFİYE SAKARYA;;www.yilgenci.com;yilgenci.com;ÇİB - Çelik İhracatçıları Birliği
MAX MOTHES BAĞLANTI ELEMANLARI TİC. LTD. ŞTİ.;TATLIKUYU MAH.1301/4 SOK.NO:19 GEBZE KOCAELİ;(262) 6461517;www.maxmothes.com;maxmothes.com;ÇİB - Çelik İhracatçıları Birliği
SPACE ÇİT SİSTEMLERİ SANAYİ VE TİCARET LİMİTED ŞİRKETİ;KARADENİZLİLER MAH. MANAV. SOK. NO:12/1 B BLOK BAŞİSKELE KOCAELİ;(262) 0000000;http://www.space-cit.com.tr;space-cit.com.tr;ÇİB - Çelik İhracatçıları Birliği
METALIUM YAPI VE METAL SİSTEMLERİ SANAYİ TİCARET LİMİTED ŞİRKETİ;ŞERİFALİ MAH. AÇIKYÜZ SOK. NO:34 ÜMRANİYE İSTANBUL;(216) 5275474;www.metalium.net;metalium.net;ÇİB - Çelik İhracatçıları Birliği
SİSTEM İZOLASYON İNŞAAT SANAYİ VE TİCARET LTD. ŞTİ.;SOĞANLI MAH.KEMAL SUNALCAD.NO 34 BAHÇELİEVLER-MAH 34220 BAHÇELİEVLER İSTANBUL;(212) 6289107;www.sistemizolasyon.com.tr;sistemizolasyon.com.tr;ÇİB - Çelik İhracatçıları Birliği
DAVUTOĞLU METAL MAKİNA İMALAT İNŞAAT NAKLİYE SAN. VE TİC. LTD. ŞTİ.;ŞEKERPINAR MAH. GÖKTÜRK SOK. NO:3 41420 ÇAYIROVA, KOCAELI, TÜRKİYE ÇAYIROVA KOCAELİ;(262) 6434257;www.davutoglumetal.com;davutoglumetal.com;ÇİB - Çelik İhracatçıları Birliği
MESAN PLASTİK VE METAL SANAYİ ANONİM ŞİRKETİ;SELİMPAŞA MH 5001 SK NO:10 SELİMPAŞA SİLİVRİ İSTANBUL;(212) 7234949;www.mesanplastik.com;mesanplastik.com;ÇİB - Çelik İhracatçıları Birliği
REYNAERS ALÜMİNYUM ÜRETİM SAN. VE TİC. LTD. ŞTİ.;ESENTEPE MH 23 TEMMUZ SK NO:5 ŞİŞLİ İSTANBUL;(212) 4656032;www.reynaers.com.tr;reynaers.com.tr;ÇİB - Çelik İhracatçıları Birliği
ISIK TEKNOLOJIK TES.SIS.TIC. A.S.;ATATÜRK MAH.MUSTAFA KEMAL CAD. IŞIK PLAZA NO:8 ATAŞEHİR İSTANBUL;(216) 5809350;www.isikteknoloji.com;isikteknoloji.com;ÇİB - Çelik İhracatçıları Birliği
SERALGAZ SANAYİ GAZLARI TİCARET ANONİM ŞİRKETİ;IKITELLI O.S.B.DOLAPDERE SAN.SIT.5 ADA N:7 KÜÇÜKÇEKMECE İSTANBUL;02125490007;www.seralgaz.com;seralgaz.com;ÇİB - Çelik İhracatçıları Birliği
TEKSAN JENERATÖR-ELEKTRİK SANAYİ VE TİCARET ANONİM ŞİRKETİ;YENİDOĞAN MAHALLESİ EDEBALİ CADDESİNO:12 YENİDOĞAN SANCAKTEPE İSTANBUL;(216) 3120550;www.teksanjenerator.com.tr;teksanjenerator.com.tr;ÇİB - Çelik İhracatçıları Birliği
SELECTRON ELEKTROKIMYA SAN.VE TIC.LTD.ŞTI;HALKALI MERKEZ MAH ŞENGÜL SK N:6 KÜÇÜKÇEKMECE İSTANBUL;(212) 4700310;www.selectron.com.tr;selectron.com.tr;ÇİB - Çelik İhracatçıları Birliği
AFC METAL ANONİM ŞİRKETİ;534.SOKAK NO:19 AKSE 41420 ÇAYIROVA ÇAYIROVA KOCAELİ;(262) 7431003;www.afcmetal.com.tr;afcmetal.com.tr;ÇİB - Çelik İhracatçıları Birliği
KORUMA KLOR ALKALİ SANAYİ VE TİCARET ANONİM ŞİRKETİ;DENİZ MAH. PETROL OFİSİ CAD. NO:43 DERİNCE KOCAELİ;(262) 2392270;www.koruma.com;koruma.com;ÇİB - Çelik İhracatçıları Birliği
KREON AYDINLATMA SANAYİ VE TİCARET ANONİM ŞİRKETİ;ÇATALMEŞE MAH REŞADİYE CAD NO.76 ÇEKMEKÖY İSTANBUL;;www.kreon.com.tr;kreon.com.tr;ÇİB - Çelik İhracatçıları Birliği
HCSI ULUSLARARASI HİZMETLER VE İNŞAAT ANONİM ŞİRKETİ;MOB MALSAK MH SUMER SK NO:4/K:5 SARIYER İSTANBUL;(212) 9248711;www.blharbert.com;blharbert.com;ÇİB - Çelik İhracatçıları Birliği
RAM DIŞ TİCARET A.Ş.;RUZGARLIBAHCE KAVACIK KAVSAGIENERGY PLAZA K.2 BEYKOZ İSTANBUL;(216) 5381100;www.ram.com.tr;ram.com.tr;ÇİB - Çelik İhracatçıları Birliği
ÇEL-MER ÇELİK ENDÜSTRİSİ ANONİM ŞİRKETİ;ŞEKERPINAR MAH. MENEKŞE SK. NO:8 ÇAYIROVA KOCAELİ;(262) 6581434;www.celmercelik.com;celmercelik.com;ÇİB - Çelik İhracatçıları Birliği
PETEK BORU SANAYI A.S.;KARADENİZLİLER MAH. ŞENKAYA SOK. NO:4 BAŞİSKELE KOCAELİ;(262) 3492550;www.petekboru.com.tr;petekboru.com.tr;ÇİB - Çelik İhracatçıları Birliği
PH DİZAYN YAPI ÜRÜNLERİ SAN VE TİC. LTD.ŞTİ.;FERHATPAŞA MH 19 SK NO:5/11 ATAŞEHİR İSTANBUL;(216) 3887880;www.phdizayn.com;phdizayn.com;ÇİB - Çelik İhracatçıları Birliği
DURLUM TAVAN VE AYDINLATMA SİSTEMLERİ SAN. VE TİC.A.Ş.;ATATÜRK CAD. SONER SK. NO 51 CBLOK - 113 MECLİS SANCAKTEPE İSTANBUL;(216) 6882113;www.durlum.com.tr;durlum.com.tr;ÇİB - Çelik İhracatçıları Birliği
SİYAHKALEM MÜHENDİSLİK İNŞAAT SAN. VE TİC. A.Ş.;ÇAMLICA KISIKLI MH ALEMDAĞ CD NO:60 MASALDAN İŞ MERKEZİ G BLOK D:6 ÜSKÜDAR İSTANBUL;(216) 5200260;www.siyahkalem.com;siyahkalem.com;ÇİB - Çelik İhracatçıları Birliği
KİSAN İNŞAAT MÜHENDİSLİK SANAYİ VE TİCARET ANONİM ŞİRKETİ;KARGALI HANBABA O.S.B. MAH. ORGANİZE SANAYİ 2 SOK.NO:18 HENDEK SAKARYA;(212) 9245960;www.kisan.com.tr;kisan.com.tr;ÇİB - Çelik İhracatçıları Birliği
TEMEL TEL.METAL.SANAYİ VE TİCARET LİMİTED ŞİRKETİ;19 MAYIS M.1.BAHÇE S İ.NADİ İŞ MERKEZİ K2 NO: 2 KAPI NO: 7 BÜYÜKÇEKMECE/ İSTANBUL BÜYÜKÇEKMECE İSTANBUL;(212) 5950450;www.temeltel.com;temeltel.com;ÇİB - Çelik İhracatçıları Birliği
BİRLİK BAĞLANTI ELEMANLARI SANAYİİ VE TİCARET LİMİTED ŞİRKETİ;FEVZİPAŞA MAH. MEZBAHA SOK. NO:44 SİLİVRİ İSTANBUL;(212) 4226314;www.birlikbaglanti.com;birlikbaglanti.com;ÇİB - Çelik İhracatçıları Birliği
BÖLLHOFF CİVATA TİC.LTD.ŞTİ.;İSTANBUL ANADOLU YAK.ORG.SAN. BÖLG.AYDINLI MAH.6.SK.NO:4 TUZLA İSTANBUL;02165930180;www.boellhoff.com;boellhoff.com;ÇİB - Çelik İhracatçıları Birliği
YÜKSEL ENDÜSTRİYEL ÜRÜNLER TURİZM YATIRIMLARI SANAYİ VE TİCARET ANONİM ŞİRKETİ;MAHMUT ŞEVKET PAŞA MH ODESA BULVARI NO:8/1 YÜKSEL PLAZA ŞİŞLİ İSTANBUL;(212) 3614191;www.portashelf.com.tr;portashelf.com.tr;ÇİB - Çelik İhracatçıları Birliği
MTC METAL DIS TIC.LTD.STI.;19 MAYIS MAH. ATATÜRK CAD. TURAPOĞLU SOK. SITKIBEY PLAZA NO:82 D:10-11 KOZYATAĞI KADIKÖY İSTANBUL;(216) 4103140;www.mtcmetal.com;mtcmetal.com;ÇİB - Çelik İhracatçıları Birliği
GÜNER EKSPORT HEDİYELİK EŞYA TİCARET LİMİTED ŞİRKETİ;UĞUR MUMCU MAH. 2345 SOK. NO.4 K.1 SULTANGAZİ İSTANBUL;(212) 6371718;www.gunerekspsort.com.tr;gunerekspsort.com.tr;ÇİB - Çelik İhracatçıları Birliği
LEGRAND ELEKTRİK SANAYİ ANONİM ŞİRKETİ;İHSAN DEDE CAD. GOSB 100.CAD.NO.112 GEBZE KOCAELİ;(262) 7511258;www.legrand.com.tr;legrand.com.tr;ÇİB - Çelik İhracatçıları Birliği
MUTLUSAN PLASTİK ELEKTRİK SANAYİ VE TİCARET A.Ş.;İKİTELLİ O.S.B. MAH. ENKOOP CAD. NO:7 İKİTELLİ BAŞAKŞEHİR İSTANBUL;(212) 4850544;www.mutlusan.com.tr;mutlusan.com.tr;ÇİB - Çelik İhracatçıları Birliği
GÖKDENİZ PASLANMAZ İNŞAAT OTOMOTİV SANAYİ VE TİCARET LİMİTED ŞİRKETİ;DUDULLU OSB MAH. DES-1 KÜME EVLERİ SANAYİ NO:61/1 ÜMRANİYE İSTANBUL;(216) 3138283;www.gokdenizpaslanmaz.com;gokdenizpaslanmaz.com;ÇİB - Çelik İhracatçıları Birliği
AYSAÇ MÜHENDİSLİK SAÇ METAL DEMİR SANAYİ VE TİCARET LİMİTED ŞİRKETİ;VELİMEŞE OSB MH 6. YAN YOL CD NO :26 ERGENE TEKİRDAĞ;(282) 6736739;www.aysacmuhendislik.com;aysacmuhendislik.com;ÇİB - Çelik İhracatçıları Birliği
İNAX METAL SANAYİ VE TİCARET LİMİTED ŞİRKETİ;KABAOĞLU MAH. CEVİZ AĞACI SK. NO: 11 İZMİT KOCAELİ;(262) 0000000;www.inaxmetal.com;inaxmetal.com;ÇİB - Çelik İhracatçıları Birliği
HİPERTEK ELEKTRONİK VE MAKİNA SAN. TİC. LTD. ŞTİ.;FİRÜZKÖY MAH.HASAN ÖNAL CAD.NO:4 AVCILAR İSTANBUL;(212) 6752406;www.hipertech.com.tr;hipertech.com.tr;ÇİB - Çelik İhracatçıları Birliği
ASLANBAŞ ÇİVİ TEL ÇELİK HASIR GI.TAR.İNŞ. VE TAAH.SAN.TİC.A.Ş.;HACI SABANCI ORG.SAN.BÖL. ÇUKUROVA CD. NO:1 SARIÇAM ADANA;(322) 3110482;www.aslanbas.com.tr;aslanbas.com.tr;ÇİB - Çelik İhracatçıları Birliği
PİKSAN CNC METAL İŞLEME SANAYİ VE TİCARET LİMİTED ŞİRKETİ;İMES SAN SİT E BLOK 501 SK NO:26 YUKARIDUDULLU ÜMRANİYE İSTANBUL;(216) 4204723;www.piksan.com.tr;piksan.com.tr;ÇİB - Çelik İhracatçıları Birliği
TELSAMA METAL SAN.VE TİC.A.Ş.;MİNARELİ ÇAVUŞ MAH.NOSAB DÖKÜMCÜLER SİTESİ103 SOKAK NO.48 NİLÜFER BURSA;(224) 4111091;www.telsama.com;telsama.com;ÇİB - Çelik İhracatçıları Birliği
KROM EVYE SANAYI VE TİCARET A.Ş.;AKÇABURGAZ MH 117 SK NO:19 ESENYURT İSTANBUL;(212) 8865588;www.kromevye.com;kromevye.com;ÇİB - Çelik İhracatçıları Birliği
ALPER CELİK İMALAT İNŞAAT SANAYİ VE TİCARET ANONİM ŞİRKETİ;ORGANİZE SANAYİ BÖLGESİ MAH. 27. SOK. NO:4 DİLOVASI / KOCAELİ 41455 DİLOVASI KOCAELİ;(262) 3736357;www.alpercelik.com.tr;alpercelik.com.tr;ÇİB - Çelik İhracatçıları Birliği
ER DEMTAŞ MAKİNA VE ELEKTRİK SANAYİ TİCARET LİMİTED ŞİRKETİ;KARADENİZLİLER MAH. ORDULU CAD. NO: 36 İÇ KAPI NO: 0 BAŞİSKELE KOCAELİ;(262) 3350911;www.erdemtas.com;erdemtas.com;ÇİB - Çelik İhracatçıları Birliği
HACI AYVAZ ENDÜSTRİYEL MAMULLER SANAYİ VE TİCARET ANONİM ŞİRKETİ;HADIMKÖY MH.MUSTAFA İNAN CD.NO:44 ARNAVUTKÖY İSTANBUL;(212) 7710145;www.ayvaz.com;ayvaz.com;ÇİB - Çelik İhracatçıları Birliği
PAYİHAT MİMARİ TASARIM MÜHENDİSLİK MOBİLYA İNŞ.SAN.İÇ VE DIŞ.TİC.LTD.ŞTİ.;ÇAMLIK MH DİNÇ SK NO:10 DOĞUKAN PLAZA KAT:5 ÜMRANİYE İSTANBUL;(216) 3440054;www.payihatmimari.com;payihatmimari.com;ÇİB - Çelik İhracatçıları Birliği
KON-TEK KONTROL TEKNOLOJILERI VE OTOMASYON SAN.TIC.A.S.;7405 SOK.NO:8 35104 BORNOVA İZMİR;02324791010;www.kontekotomasyon.com.tr;kontekotomasyon.com.tr;ÇİB - Çelik İhracatçıları Birliği
DUFERCO ÇELİK TİC.LTD.ŞTİ;VARYAP MERİDİAN BUSİNESS BARBAROS MAH. SÜMBÜL SOK. I. BLOK NO:1 D: 191 ATAŞEHİR İSTANBUL;(216) 4566939;www.duferco.com.tr;duferco.com.tr;ÇİB - Çelik İhracatçıları Birliği
BEST KALE CIVATA MAKINA TIC. SAN.A.S.;BARAJ YOLU COBANCESME MEVKIINO.12 EYÜP İSTANBUL;02126256262;www.bestkalecivata.com;bestkalecivata.com;ÇİB - Çelik İhracatçıları Birliği
İRİS İNŞAAT TURİZM SAN. VE TİC. A.Ş.;KERESTECİLER SAN. SİT. 19. SOK. NO:22/24 İKİTELLİ BAŞAKŞEHİR İSTANBUL;(212) 6704930;www.irisinsaat.com.tr;irisinsaat.com.tr;ÇİB - Çelik İhracatçıları Birliği
KVG PROJE CAM METAL ALÜMİNYUM İNŞ. TURZ. NAK. GIDA TEKS. TİC. LTD. ŞTİ.;CUMHURİYET MAH. HÜRRİYET CAD.1979 SOK.ÖNAY GARDEN RESİDANS K.3 D.69 ESENYURT İSTANBUL;(212) 8713567;www.kvgproje.com;kvgproje.com;ÇİB - Çelik İhracatçıları Birliği
AYTAV TAVUKÇULUK EKİPMANLARI SANAYİ VE TİCARET LİMİTED ŞİRKETİ;ORUÇ REİS MAH. TEKSTİLKENT CAD NO:12/B KOZA PLAZA A BLOK KAT:10 NO:101 ESENLER İSTANBUL;(212) 6820015;www.aytav.com.tr;aytav.com.tr;ÇİB - Çelik İhracatçıları Birliği
ALMETSAN YAPI ELEMANLARI SAN. A.Ş.;TAVŞANLI MAHALLESİ 4506 SOKAK NO:13 0 GEBZE KOCAELİ;02627248727;www.almetsan.com;almetsan.com;ÇİB - Çelik İhracatçıları Birliği
YAĞMUR OTOMAT MAKİNA YEDEK PARÇA SANAYİ VE TİCARET LİMİTED ŞİRKETİ;RAMİ KIŞLA CD GUNDOGAR 1 İS MERKEZİ NO:68/222-223 EYÜP İSTANBUL;(212) 5762091;http://www.yagmurotomatcmc.com;yagmurotomatcmc.com;ÇİB - Çelik İhracatçıları Birliği
CHROMER METAL SANAYI VE TICARET ANONIM SIRKETI;BALÇIK MAH. 3256. SK. NO: 11 GEBZE KOCAELİ;(262) 7514305;www.chromer.com.tr;chromer.com.tr;ÇİB - Çelik İhracatçıları Birliği
GÜVEN PASLANMAZ DEMİR ÇELİK ÜRÜNLERİ SAN.VE TİC.LTD.ŞTİ.;DES SAN SİT. 1. SOK. C/05 BLOK NO:6 YUKARIDUDULLU ÜMRANİYE İSTANBUL;(216) 4157080;www.guvenpaslanmaz.com.tr;guvenpaslanmaz.com.tr;ÇİB - Çelik İhracatçıları Birliği
A PROFİL SANAYİ VE TİCARET ANONİM ŞİRKETİ;ANADOLU YAKASI TUZLA O.S.B.AYDINLI MAH. 1. SOK. NO.3 TUZLA İSTANBUL;(216) 5931314;www.aprofil.com.tr;aprofil.com.tr;ÇİB - Çelik İhracatçıları Birliği
MEDCEM GLOBAL PAZARLAMA ANONİM ŞİRKETİ;ERTUĞRUL GAZİ SOK METROPOLİSTANBUL C2 APT. NO:2A / 28 ATATÜRK MAH 34758 ATAŞEHİR İSTANBUL;(212) 6063737;www.medcemglobal.com.tr;medcemglobal.com.tr;ÇİB - Çelik İhracatçıları Birliği
ABALIOĞLU BORU PROFİL VE TEKSTİL SANAYİ VE TİCARET ANONİM ŞİRKETİ;PINARKENT MAH.CAFER SADIK ABALIOĞLU BLV.NO:2 DENİZLİ DENİZLİ;(258) 2865131;www.abaliogluboru.com;abaliogluboru.com;ÇİB - Çelik İhracatçıları Birliği
MİR YAPI ENDÜSTRİ DANIŞMANLIK İNŞAAT PEYZAJ OTOMOTİV SANAYİ İÇ VE DIŞ TİCARET LİMİTED ŞİRKETİ;SAKARYA 1.ORG. SAN BÖL. MAH 11. CAD. N:8 ARİFİYE SAKARYA;02643193242;www.miryapi.com.tr;miryapi.com.tr;ÇİB - Çelik İhracatçıları Birliği
CANTEK ALTYAPI VE İNŞAAT MALZEMELERİ SAN. TİC. A.Ş.;BEYSAN SAN. SİT. YAKUPLU MAH. DEREBOYU CAD. AKINCI İŞ MERKEZİ NO:34C/2 BEYLİKDÜZÜ İSTANBUL;(212) 8759922;www.cantekyapi.com.tr;cantekyapi.com.tr;ÇİB - Çelik İhracatçıları Birliği
TESAY BU PROFİL SİSTEMLERİ SAN. VE TİC. LTD. ŞTİ.;FATIH SAN SIT HASEYAT KOOP.8-A BLOK KÜÇÜKÇEKMECE İSTANBUL;02124863203;www.tesay.com.tr;tesay.com.tr;ÇİB - Çelik İhracatçıları Birliği
ATILIM MAKİNA İMALAT SAN. VE TİC. LTD. ŞTİ.;TUZLA O.S.B.TEPEÖREN MAH.RECEP BİLAL HANCI CAD.N:5 TUZLA İSTANBUL;(216) 3785649;www.atilimmakine.com.tr;atilimmakine.com.tr;ÇİB - Çelik İhracatçıları Birliği
NTG PLASTİK SANAYİ VE TİCARET ANONİM ŞİRKETİ;ŞEYHLİ MAH. ANKARA CAD. N:326 PENDİK İSTANBUL;(216) 5953121;www.ntgplastik.com;ntgplastik.com;ÇİB - Çelik İhracatçıları Birliği
TRAKYA DÖKÜM SANAYİ VE TİCARET ANONİM ŞİRKETİ;FULYA MH BÜYÜKDERE CD NO:38/2 ŞİŞLİ İSTANBUL;(212) 3155240;www.trakyadokum.com;trakyadokum.com;ÇİB - Çelik İhracatçıları Birliği
EROĞLU FİTTİNGS VE BORU İMALAT SANAYİ VE TİCARET ANONİM ŞİRKETİ;ESENKENT MAH. BARAJ YOLU CAD. NO:36/1 YUKARIDUDULLU ÜMRANİYE İSTANBUL;(216) 4158635;www.eroglufittings.com;eroglufittings.com;ÇİB - Çelik İhracatçıları Birliği
NOVAPLAST PLASTIK SANAYI VE TICARET A.S;ORTAKCILAR CAD.DEFTERDAR MAH.NO:80 EYÜP İSTANBUL;02124677730;www.vesbo.com;vesbo.com;ÇİB - Çelik İhracatçıları Birliği
BEKET RAY BAĞLANTI SİSTEMLERİ SAN. VE TİC. LTD. ŞTİ.;ÇAKMAK MAH.ALEMDAĞ CAD.SAATÇİ SOK. NO:17/9 ÜMRANİYE İSTANBUL;(216) 5948787;www.beket.com.tr;beket.com.tr;ÇİB - Çelik İhracatçıları Birliği
GREİF MİMAYSAN AMBALAJ SAN. A.Ş.;GEBZE ORGANIZE SANAYI BOLGESIİHSAN DEDE CAD.800. SOKAK NO.808 GEBZE KOCAELİ;(262) 7511330;www.greif.com;greif.com;ÇİB - Çelik İhracatçıları Birliği
SOM PVC AKSESUARLARI İTHALAT VE İHRACAT LİMİTED ŞİRKETİ;GÖKEVLER MH 563 SK NO:3/5G PASİAD SAN SİT ESENYURT İSTANBUL;(212) 8540015;www.sompvc.com;sompvc.com;ÇİB - Çelik İhracatçıları Birliği
CİVTEC CİVATA ANONİM ŞİRKETİ;MİMARSİNAN MERKEZ MAH. BATI SOK. NO:11 BAĞIMSIZ BÖL:1 MİMARSİNAN 34535 MİMARSİNAN BÜYÜKÇEKMECE İSTANBUL;(212) 8612800;www.civteccivata.com.tr;civteccivata.com.tr;ÇİB - Çelik İhracatçıları Birliği
EGE PROFİL TİCARET VE SANAYİ ANONİM ŞİRKETİ;ATATURK ORGANIZE SAN.BOLG.10003 SOK.NO:5 ÇİĞLİ İZMİR;02323989898;www.deceuninck.com;deceuninck.com;ÇİB - Çelik İhracatçıları Birliği
2T MAKİNE ELEKTRİK İNŞAAT SANAYİ VE TİCARET LİMİTED ŞİRKETİ;OGUZHAN CAD. NO: 1 A IÇ KAPI NO: 1 YEŞİLBAYIR MAH. ARNAVUTKÖY İSTANBUL;(212) 9317737;www.2tmakine.com.tr;2tmakine.com.tr;ÇİB - Çelik İhracatçıları Birliği
AKFEN INSAAT TURIZM VE TIC.A.S;KOZA SOKAK NO.22 ÇANKAYA ANKARA;(312) 4414211;www.akfen.com.tr;akfen.com.tr;ÇİB - Çelik İhracatçıları Birliği
ÇEMPA ÇEKİÇLER MERMER SANAYİ VE PAZARLAMA ANONİM ŞİRKETİ;ORGANIZE SAN.BÖL.11.CAD. Merkez ESKİŞEHİR;02222360733;www.cekicler.com.tr;cekicler.com.tr;ÇİB - Çelik İhracatçıları Birliği
BORSAC METAL SAN. VE DIŞ TİC. A.Ş.;BARBAROS MH ARDIÇ SK VARYAP MERİDYEN C BLOK KAT:5/55 ATAŞEHİR İSTANBUL;(216) 5734814;www.borsacmetal.com;borsacmetal.com;ÇİB - Çelik İhracatçıları Birliği
EVREN ZİNCİR İMALAT MAKİNA SAN. VE TİC. A. Ş.;GEBZE GÜZELLER ORGANİZE SAN.BÖLGESİNURSULTAN NAZARBAYEV SOK. NO:21 GEBZE KOCAELİ;(262) 7514130;www.evrenchain.com.tr;evrenchain.com.tr;ÇİB - Çelik İhracatçıları Birliği
KKS MÜHENDİSLİK SANAYİ VE TİCARET LİMİTED ŞİRKETİ;İKİTELLİ OSB MH DEMİRCİLER SAN SİT C4 BLOK NO:233 BAŞAKŞEHİR İSTANBUL;(212) 5498090;www.ascit.com.tr;ascit.com.tr;ÇİB - Çelik İhracatçıları Birliği
BG DENİZCİLİK SAN.TİC.A.Ş.;BALÇIK MAH. 3262. SOK. NO:8 GEBZE KOCAELİ;(262) 6583060;www.bgboru.com;bgboru.com;ÇİB - Çelik İhracatçıları Birliği
AMPER ELEKTRİK İNŞAAT VE SANAYİ ANONİM ŞİRKETİ;HALİL RIFAT PAŞA MH YÜZER HAVUZ SK PERPE TİC MERK A BLOK KAT:2/38 ŞİŞLİ İSTANBUL;(212) 2211831;www.amper.com.tr;amper.com.tr;ÇİB - Çelik İhracatçıları Birliği
DGS DIŞ TİCARET ANONİM ŞİRKETİ;15 TEMMUZ MH BAHAR CD NUROL PARK SİT J BLOK NO:43 KAT: D:35 BAĞCILAR İSTANBUL;(212) 8130838;www.dgsas.com.tr;dgsas.com.tr;ÇİB - Çelik İhracatçıları Birliği
İSOTRY İTHALAT İHRACAT VE PAZARLAMA TİC.LTD.ŞTİ;RÜZGARLIBAHÇE MAH. KAVAK SK. IMPA IS MERKEZI NO: 12 IÇ KAPI NO: 4 BEYKOZ İSTANBUL;(216) 6932349;http://www.isotec.com.tr;isotec.com.tr;ÇİB - Çelik İhracatçıları Birliği
BÜTEM METAL FORM SANAYİ TİCARET ANONİM ŞİRKETİ;OSMANGAZİ MH ZİYAGÖKALP CD NO:10 ZIYA GOKALP CAD. N:10 BÜYÜKÇEKMECE İSTANBUL;(212) 8863300;www.butemmetal.com.tr;butemmetal.com.tr;ÇİB - Çelik İhracatçıları Birliği
SMAK MAKİNE A.Ş.;TAŞKÖPRÜ MERKEZ MH.MALAZGİRT CD. NO:3/A ÇİFTLİKKÖY YALOVA;(226) 3533330;www.smak.com.tr;smak.com.tr;ÇİB - Çelik İhracatçıları Birliği
PROPİPE METAL ANONİM ŞİRKETİ;KONAK MAH. BARIS(120) SK. NO: 3 IÇ KAPI NO: 10 NİLÜFER BURSA;(224) 3243659;www.propipe.net;propipe.net;ÇİB - Çelik İhracatçıları Birliği
PUTZMEISTER MAKINE SANAYİ VE TİCARET ANONİM ŞİRKETİ;G.O.P MAH.NAMIK KEMAL BULV.NO.6 ÇERKEZKÖY TEKİRDAĞ;(282) 7351000;www.putzmeister.com.tr;putzmeister.com.tr;ÇİB - Çelik İhracatçıları Birliği
CIKAR SOMUN SAN.VE TIC.LTD.STI .;YENİDOĞAN MAH RAMI KIŞLA CD. BAŞARAN SAN. SIT. NO:71/40-41 ALTINTEPSİ BAYRAMPAŞA İSTANBUL;(212) 5019617;www.cikar.com.tr;cikar.com.tr;ÇİB - Çelik İhracatçıları Birliği
MARMARA METAL MAMULL.TIC.A.S.;İSTASYON MAH. E-5 ÜSTÜ FATİH OTAĞI SOK. TUZLA İSTANBUL;(216) 4472955;www.marmarametal.com;marmarametal.com;ÇİB - Çelik İhracatçıları Birliği
DETAY GLOBAL YAPI ANONİM ŞİRKETİ;BARBAROS MAH.AK ZAMBAK SK.UPHILL TOWERS 3A 155 ATAŞEHİR İSTANBUL;;www.dg-ec.com;dg-ec.com;ÇİB - Çelik İhracatçıları Birliği
USKON UZAY SISTEM KONST. SANAYİ VE TİCARET ANONİM ŞİRKETİ;BARIŞ MAH. 1804/2 SOK. NO.18 0 GEBZE KOCAELİ;(262) 6437510;www.uskon.com;uskon.com;ÇİB - Çelik İhracatçıları Birliği
ÇETİNSAN ÇELİK İML.NAK.TUR.İNŞ.SAN. VE TİC.A.Ş.;ÇİLEK MAH. 63113 SOK. NO:8 AKDENİZ MERSIN;;www.cetinsan.com.tr;cetinsan.com.tr;ÇİB - Çelik İhracatçıları Birliği
INSTEEL ÇELİK VE PREFABRİK YAPILAR A.Ş.;KÖSELER 29. CD NO:20 ÜMRANİYE İSTANBUL;(216) 3748019;www.insteel.com.tr;insteel.com.tr;ÇİB - Çelik İhracatçıları Birliği
ASOS PROSES MAKİNA SANAYİ VE TİCARET ANONİM ŞİRKETİ;VELİMEŞE MAH AKBAYIR KÜME EVLERN:18 ÇORLU TEKİRDAĞ;(282) 6745440;www.asosotomasyon.com.tr;asosotomasyon.com.tr;ÇİB - Çelik İhracatçıları Birliği
EMAS DEMİR ÇELİK SAN. VE DIŞ TİC. LTD. ŞTİ.;BAYIR MAH. SUMER CAD. NUR ISHANI KAT:1/2 MERKEZ KARABÜK;(370) 4156190;www.emasdemircelik.com.tr;emasdemircelik.com.tr;ÇİB - Çelik İhracatçıları Birliği
ERKASİS MÜHENDİSLİK SOĞUTMA SANAYİ TİCARET ANONİM ŞİRKETİ;DİKİLİTAŞ MAHALLESİ EMİRHAN CADDESİ 81-83 B2 PK:34349 BEŞİKTAŞ İSTANBUL;(282) 7581162;www.erkasis.com;erkasis.com;ÇİB - Çelik İhracatçıları Birliği
İSTANBUL PİVOT KAPI SİSTEMLERİ SANAYİ DIŞ TİCARET LİMİTED ŞİRKETİ;VELİBABA MAH.ANKARA CAD. NO:111 PENDİK İSTANBUL;(216) 6688472;www.pivotdoor.com.tr;pivotdoor.com.tr;ÇİB - Çelik İhracatçıları Birliği
ÇEKİCİ GAZ VE YANGIN EKİPMANLARI SAN.VE TİC. A.Ş.;AKAT MAH. MEYDAN CAD. NO:4/12 BEŞİKTAŞ İSTANBUL;(212) 2246600;http://www.cekici.com.tr/;cekici.com.tr;ÇİB - Çelik İhracatçıları Birliği
ERHAN REKLAM VE MATBAACILIK TANITIM HİZMETLERİ SAN. VE TİC. LTD. ŞTİ.;TOPÇULAR MAH. TALİMHANE CAD.HACI EŞREF SOKAK NO.8 EYÜP İSTANBUL;(212) 5327487;www.erhanreklam.com.tr;erhanreklam.com.tr;ÇİB - Çelik İhracatçıları Birliği
EVİ METAL İNOKS YAPI ÇÖZÜMLERİ LİMİTED ŞİRKETİ;YASSIÖREN MAH.HADIMKÖY CAD.AKPINAR SANAYİ BÖLG.NO:178 HADIMKÖY SULTANGAZİ İSTANBUL;(212) 4751862;www.evimetal.com.tr;evimetal.com.tr;ÇİB - Çelik İhracatçıları Birliği
ÜÇLER ALÜMİNYUM METAL YAPI MALZEMELERİ SANAYİ VE TİCARET LİMİTED ŞİRKETİ;DELİKLİKAYA MH YÜZBAŞI MEHMET HİLMİ CD NO:38 ARNAVUTKÖY İSTANBUL;(212) 6132224;www.uclertriomat.com;uclertriomat.com;ÇİB - Çelik İhracatçıları Birliği
SOYİÇ İNŞAAT NAKLİYAT METAL GERİ DÖNÜŞÜM SAN.TİC.A.Ş.;ORGANİZE SANAYİ BÖLGESİ 75.YIL BULVARI N:2 NİLÜFER BURSA;(224) 2424900;www.soyicmetal.com.tr;soyicmetal.com.tr;ÇİB - Çelik İhracatçıları Birliği
PRODIZAYN PRO.IML.DEMIR CELIK VE INS.DIS TIC.LTD.STI.;KÖSELER MAHALLESİ 3.CADDE ANA BİNA NO:7 KÖSELER DİLOVASI KOCAELİ;(216) 4667250;www.prodizaynprofil.com;prodizaynprofil.com;ÇİB - Çelik İhracatçıları Birliği
REFİZ REFRAKTER VE İZOLASYON MONTAJ TEKSTİL DANIŞMANLIK HİZMETLERİ SANAYİ TİCARET LİMİTED ŞİRKETİ;EĞİTİM MAHALLESİ 1. AÇIKGÖZ SOKAK ATAK PLAZA NO:4/17 KADIKÖY İSTANBUL;(216) 3385581;www.refiz.com;refiz.com;ÇİB - Çelik İhracatçıları Birliği
EMRE BAKKAL;ESENTEPE MAHALLESİ ECZA SOK. NO:4/1 ŞİŞLİ İSTANBUL;;www.tekoyapi.com;tekoyapi.com;ÇİB - Çelik İhracatçıları Birliği
AGON POWER GÜÇ SİSTEMLERİ SANAYİ VE TİCARET ANONİM ŞİRKETİ;KÖŞKLÜ ÇEŞME MAH.YENİ BAĞDAT CAD.NO:253 İÇ KAPI 1 GEBZE KOCAELİ;(262) 3423333;http://www.agonpower.com;agonpower.com;ÇİB - Çelik İhracatçıları Birliği
ERLER MAKİNA DIŞ TİCARET VE SANAYİ ANONİM ŞİRKETİ;ATATÜRK MAH. PINAR SOK. NO:5 ESENYURT ESENYURT İSTANBUL;(212) 8861616;www.erlermakina.net;erlermakina.net;ÇİB - Çelik İhracatçıları Birliği
AKPEN METAL MAKINE PLASTIK SAN .VE TIC.LTD.STI.;HÜRRIYET M. DOKTOR CEMILBENGÜ C. N: 8 K 2 KAĞITHANE İSTANBUL;02122247414;www.akpen.com.tr;akpen.com.tr;ÇİB - Çelik İhracatçıları Birliği
SUPERLİT BORU SAN. AŞ;CUMHURİYET CAD. NO:155/3 ŞİŞLİ İSTANBUL;02123153131;www.superlit.com;superlit.com;ÇİB - Çelik İhracatçıları Birliği
AKSA ENERJİ ÜRETİM A.Ş.;BARBAROS BULV.NO.91 BEŞİKTAŞ İSTANBUL;02125505336;www.aksa.com.tr;aksa.com.tr;ÇİB - Çelik İhracatçıları Birliği
KIRAC METAL URUNLERI SANAYİ VE TICARET LİMİTED SİRKETI;ORG. SAN. BÖL. SEHITLER BLV. 15. CAD.NO.21 ODUNPAZARI ESKİŞEHİR;02222361500;www.kiracgroup.com;kiracgroup.com;ÇİB - Çelik İhracatçıları Birliği
AKBAŞ DIŞ TİCARET PAZARLAMA VE İNSAAT LTD.ŞTİ.;ÇAYCUMA ORGANİZE SANAYİ BÖLGESİ 2. CADDENO:1 ÇAYCUMA ZONGULDAK;(372) 6386268;www.akbasdistic.com;akbasdistic.com;ÇİB - Çelik İhracatçıları Birliği
LEEB İNŞAAT A.Ş.;AKAD CD EBULULA MARDİN CD MAYA MERİDYEN İS MERKEZİ NO:2 KAT:7/20 BEŞİKTAŞ İSTANBUL;(212) 3524600;www.okyanusgrup.com;okyanusgrup.com;ÇİB - Çelik İhracatçıları Birliği
BSH EV ALETLERİ SANAYİ VE TİCARET ANONİM ŞİRKETİ;MERKEZ FATİH SULTAN MEHMET MAH.BALKAN CAD.NO.51 ÜMRANİYE İSTANBUL;(216) 5289000;www.bsh.com.tr;bsh.com.tr;ÇİB - Çelik İhracatçıları Birliği
BAYRAMOĞLU ENDÜSTRİYEL ÇELİK A.Ş.;ORG. SAN. BÖL A.O.S. BULV. 3. SOK. NO.1 NİLÜFER BURSA;(224) 2415850;www.bayramogluinsaat.com.tr;bayramogluinsaat.com.tr;ÇİB - Çelik İhracatçıları Birliği
ERK BORU SANAYİ VE TİCARET A.Ş.;POYRA KÖYÜ POYRA OSB MEVKİİ 11. CADDE NO:5 BOZÜYÜK BİLECİK;(228) 3550035;http://www.erkboru.com;erkboru.com;ÇİB - Çelik İhracatçıları Birliği
ELTE ENERJİ MAK. ELEK. İNŞ. TAAH. SAN. VE TİC. LTD. ŞTİ.;İ.D.O.S.B. GÜDERİ CAD. 7A YOLUN:16 P/1 PARSEL TUZLA İSTANBUL;(216) 4840666;www.elteenerji.com;elteenerji.com;ÇİB - Çelik İhracatçıları Birliği
İNNOVATION METAL DIŞ TİCARET VE SANAYİ LTD.ŞTİ.;AKÇABURGAZ MAH. ALKOP SAN. SİT. 6 SOK. C5 ESENYURT İSTANBUL;(212) 8581108;www.innovationticaret.com;innovationticaret.com;ÇİB - Çelik İhracatçıları Birliği
NİLKA METAL SANAYİ VE TİCARET LİMİTED ŞİRKETİ;İKİTELLİ OSB MH DEMİRCİLER SAN SİT F2 BLOK NO:461/462/463/464 BAŞAKŞEHİR İSTANBUL;(212) 5495684;www.nilka.com.tr;nilka.com.tr;ÇİB - Çelik İhracatçıları Birliği
MARTIN ENGINEERING MAKİNA SANAYİ VE TİCARET LİMİTED ŞİRKETİ;YUKARI DUDULLU M. IMES SAN SİT. B-205 SOKAK NO:06 ÜMRANİYE İSTANBUL;02164993491;www.martin-eng.com.tr;martin-eng.com.tr;ÇİB - Çelik İhracatçıları Birliği
BCM ULUSLARARASI MADENCİLİK İNŞAAT SANAYİ VE TİCARET ANONİM ŞİRKETİ;TARABYA MH AHİ ÇELEBİ CD NO:12/1 SARIYER İSTANBUL;(212) 2261010;www.bcmholdingtr.com;bcmholdingtr.com;ÇİB - Çelik İhracatçıları Birliği
FENİCROM DRAİN METAL SAN.VE TİC.LTD.ŞTİ.;TUZLA MAH.1274 NOLU SK.NO:51 ADAPAZARI SAKARYA;(264) 2765954;www.rvs-paslanmazkanallar.com;rvs-paslanmazkanallar.com;ÇİB - Çelik İhracatçıları Birliği
KAPI SİSTEMLERİ MÜMESSİLLİK SANAYİ VE TİCARET ANONİM ŞİRKETİ;FERHAT PASA MAH. BUYUKBAKKALKOY SAN. CAD. NO:19/C KARTAL İSTANBUL;02165610055;www.kapisistemleri.com;kapisistemleri.com;ÇİB - Çelik İhracatçıları Birliği
ÜÇGE DIŞ TİCARET VE PAZARLAMA A.Ş.;IŞIKTEPEOSB MAH. KAHVERENGİ CD. NO:16 NİLÜFER BURSA;(224) 2800000;www.ucge.com;ucge.com;ÇİB - Çelik İhracatçıları Birliği
AVRASYA HADDE ÇELİK LİMİTED ŞİRKETİ;MARMARA GERİ DÖNÜŞÜMCÜLER SANAYİ SİTESİ ŞEKERPINARMAH.GÖKTRÜK SOK.NO:51 ÇAYIROVA KOCAELİ;(262) 6588674;www.avrasyacelik.com;avrasyacelik.com;ÇİB - Çelik İhracatçıları Birliği
ACES MAKİNA MÜHENDİSLİK SANAYİ VE TİCARET LİMİTED ŞİRKETİ;SEPETLİPİNAR MAHALLESİ ZAFER CAD. NO 24 BAŞİSKELE KOCAELİ;(262) 3351511;www.acesteknik.com;acesteknik.com;ÇİB - Çelik İhracatçıları Birliği
NUHPANEL YAPI ELEMANLARI SAN. VE TICARET A.S.;GEBZE ORGANIZE SANAYI BOLGESIİHSAN DEDE CAD. NO.111 GEBZE KOCAELİ;(262) 7510779;www.nuhpanel.com.tr;nuhpanel.com.tr;ÇİB - Çelik İhracatçıları Birliği
DEC FLANŞ HAVALANDIRMA BAĞLANTI ELEMANLARI SAN TİC LTD ŞTİ;TEPEÖREN MAH. MİLLET CAD. NO:12/1 TEPEÖREN 34959 34940 TUZLA İSTANBUL;;www.decflans.com.tr;decflans.com.tr;ÇİB - Çelik İhracatçıları Birliği
FATİH ŞENTÜRK;DUDULLU OSB DES SAN SİT 101 SK NO:28-30 ÜMRANİYE İSTANBUL;(216) 5207757;www.teknorack.com;teknorack.com;ÇİB - Çelik İhracatçıları Birliği
ARTEK AGIR YUK RAF VE TEK.SIS. SAN.TIC.LTD.STI.;İSTİKLAL MAH. BEYKÖY ORG. SAN. BOL. 1 CAD. NO.12 BEYKÖY DÜZCE DÜZCE;(380) 5537170;www.elifraf.com;elifraf.com;ÇİB - Çelik İhracatçıları Birliği
BMG İNŞAAT SANAYİ VE TİCARET A.Ş.;1.LEVNET NİSPETİYE MAH. AYTAR SOK.SUNAR APT. NO:14/2 BEŞİKTAŞ İSTANBUL;(212) 3615151;www.papirusahsap.com;papirusahsap.com;ÇİB - Çelik İhracatçıları Birliği
MEPSAN SAVUNMA SANAYİ VE OTOMOTİV ANONİM ŞİRKETİ;HADIMKÖY MH DAGDİBİ SK 75. YIL CD NO:12/1 ARNAVUTKÖY İSTANBUL;(212) 0000000;www.mepsan.com;mepsan.com;ÇİB - Çelik İhracatçıları Birliği
ERKİN GRUP METAL PAZARLAMA DIŞ TİCARET LTD.ŞTİ;PELİTLİ MAHALLESİ TAVŞANLI YOLU CADDESİ 4470 SOKAKNO:14/1 GEBZE KOCAELİ;(262) 7512488;http://www.erkingrup.com;erkingrup.com;ÇİB - Çelik İhracatçıları Birliği
ASSA ABLOY KİLİTLEME SİSTEMLERİ SAN. VE TİC. LTD. ŞTİ.;İKİTELLİ O.S.B. İPKAS 3.ETAP C BLOK BAŞAKŞEHİR İSTANBUL;(212) 5034100;www.assaabloy.com.tr;assaabloy.com.tr;ÇİB - Çelik İhracatçıları Birliği
BAMESA ÇELIK SERVİS SAN. VE TİC. A.Ş.;HÜRRİYET MAH. ÖRNEK KÖY YOLU ORHANGAZİ BURSA;(224) 5740147;www.bamesa.com;bamesa.com;ÇİB - Çelik İhracatçıları Birliği
TURHAN MAKİNA İMALATI ENDÜSTRİYEL TESİSAT İHRACAT SANAYİ VE TİCARET LİMİTED ŞİRKETİ;MALTEPE MAHALLESİ GÜMÜŞSUYU CADDESİ NO:26/29 MALTEPE İSTANBUL;(216) 5766007;http://www.turhanmakina.net;turhanmakina.net;ÇİB - Çelik İhracatçıları Birliği
DETAY YAPI MÜHENDİSLİK MİMARLIK SANAYİ VE TİCARET ANONİM ŞİRKETİ;YENİBOSNA MERKEZ MAHALLESİ 29 EKİM CADDESİ NO:3 İÇ KAPI NO:22-23 YENİBOSNA BAHÇELİEVLER İSTANBUL;(212) 6715767;www.detay-yapi.com;detay-yapi.com;ÇİB - Çelik İhracatçıları Birliği
PESEN GALVANİZ METAL VE TEL MAMULLERİ SANAYİ VE TİCARET ANONİM ŞİRKETİ;SOĞANLIK YENİ MAH.BALTACI MEHMET PAŞA SOK. ACMOMENT YAPI NO:4 B/207 PK:34880 KARTAL/İSTANBUL KARTAL İSTANBUL;(216) 9997828;www.bmetal.com.tr;bmetal.com.tr;ÇİB - Çelik İhracatçıları Birliği
ARMAPLAST POLYESTER SANAYI VE TICARET LTD.STI.;DİLOVASI ORGANİZE SANAYİ BÖLGESİ 4. KISIM D4002 SOK. NO.3 GEBZE KOCAELİ;02627546149;www.armaplast.com.tr;armaplast.com.tr;ÇİB - Çelik İhracatçıları Birliği
COPUROGLU SAN.MALZ.IMALAT VE T IC.A.S.;ALINTERİ BULVARI NO:100 OSTİM YENİMAHALLE ANKARA;(312) 3853030;www.copuroglu.com.tr;copuroglu.com.tr;ÇİB - Çelik İhracatçıları Birliği
ERKA KONSTRÜKSİYON ENDÜSTRİYEL ÇELİK YAPI GIDA SAN. TİÇ .LTD.ŞTİ.;CUMHURİYET MAH.YAVUZ SULTAN SELİM CAD. NO :101-Z1 DİLOVASI KOCAELİ;(262) 7540505;http://www.erkametalpalet.com;erkametalpalet.com;ÇİB - Çelik İhracatçıları Birliği
TURCONN METAL SANAYİ VE TİCARET ANONİM ŞİRKETİ;TEPEOREN İTOSB MAH. 4. CAD. KARDEŞLER MAKINA 10 TUZLA İSTANBUL;(216) 5933634;http://www.turconn.com;turconn.com;ÇİB - Çelik İhracatçıları Birliği
ERSAN KAUCUK SAN.VE TIC.A.S.;ORTA MAH. ÜNİVERSİTE CAD. NO.11 TUZLA İSTANBUL;(216) 3042444;www.ersankaucuk.com;ersankaucuk.com;ÇİB - Çelik İhracatçıları Birliği
MSM MÜHENDİSLİK ELEKTROMEKANIK SAN.VE TİC.LTD.ŞTİ;BARBAROS MAH. EVREN CAD. NO:12/A ATAŞEHİR İSTANBUL;(216) 4728755;www.msmmuh.com;msmmuh.com;ÇİB - Çelik İhracatçıları Birliği
FERROALLOYS METAL GERİ DÖNÜŞÜM TURİZM VE OTELCİLİK SANAYİ VE TİCARET LİMİTED ŞİRKETİ;DEMİRTAŞ DUMLUPINAR OSB MUSTAFA KARAER CD NO:34 OSMANGAZİ BURSA;(224) 2613021;www.ferroalloysmetal.com;ferroalloysmetal.com;ÇİB - Çelik İhracatçıları Birliği
BEST ELEKTRİK TAAHHÜT VE TİCARET ANONİM ŞİRKETİ;AĞIR SANAYİ BÖLGESİ NO:1 MERKEZ BALIKESİR;(266) 2418200;www.aeg-genel.com.tr;aeg-genel.com.tr;ÇİB - Çelik İhracatçıları Birliği
GM YAPI LİMİTED ŞİRKETİ;SANAYİ CD NO:44A D:31 NİSH İSTANBUL A BLOK NO:31 BAHÇELİEVLER İSTANBUL;(212) 6031366;www.gmyapi.com;gmyapi.com;ÇİB - Çelik İhracatçıları Birliği
ACAR VİDA ANONİM ŞİRKETİ;SANAYİ MAH. HIZIR REİS CAD NO:12/1 PENDİK İSTANBUL;(216) 3079827;www.acarvida.com.tr;acarvida.com.tr;ÇİB - Çelik İhracatçıları Birliği
AS GÜVEN ÇİT SİSTEMLERİ SAN. VE TİC. LTD. ŞTİ.;TUZLA MAH. 1259 NOLU SOK. NO:17 ADAPAZARI SAKARYA;(264) 2773125;www.guvencit.com;guvencit.com;ÇİB - Çelik İhracatçıları Birliği
BİLEŞKE MAKİNE MÜHENDİSLİK İMALAT SANAYİ VE TİCARET LİMİTED ŞİRKETİ;DERİ OSB MH. DŞLEK SK. NO:4/A TUZLA İSTANBUL;(216) 3948918;www.bileskemakine.com;bileskemakine.com;ÇİB - Çelik İhracatçıları Birliği
GÖKSU KAPI MEK.YAPI TEKN.SAN. VE TİC.A.Ş.;DUDULLU OSB 3.CAD. NO.14 YUKARIDUDULLU ÜMRANİYE İSTANBUL;(216) 4668989;www.goxu.com.tr;goxu.com.tr;ÇİB - Çelik İhracatçıları Birliği
KASSO DIŞ TİCARET LİMİTED ŞİRKETİ;İSTANBUL ANADOLU YAKASI OSB 2. SOKAK, NO:5 TUZLA İSTANBUL;(216) 5931485;www.kasso.com.tr;kasso.com.tr;ÇİB - Çelik İhracatçıları Birliği
MİBOS METAL İŞLEME BOYAMA SANAYİ VE TİCARET ANONİM ŞİRKETİ;RAMAZANOĞLU MAH. ŞÜHEDA CADDESİ NO 4/1 ŞEYHLİ PENDİK İSTANBUL;(216) 5950915;www.mibos.com;mibos.com;ÇİB - Çelik İhracatçıları Birliği
TÜRKAY OTOMASYON YAPI İNŞAAT BİLİŞİM SANAYİ VE TİCARET LİMİTED ŞİRKETİ;AYDINLI MAHELLESİ BAYRAM SOKAK NO:21 TUZLA İSTANBUL;(216) 4418191;www.turkayotomatikkapi.com;turkayotomatikkapi.com;ÇİB - Çelik İhracatçıları Birliği
EGE ÇELİK ENDÜSTRİSİ SAN. VE TİC. A.Ş.;BUYUKDERE CAD. NO:175/A FERKO SİGNATURE PLAZA K:12 NO:71 ESENTEPE ESENTEPE ŞİŞLİ İSTANBUL;(212) 2753838;www.egecelik.com.tr;egecelik.com.tr;ÇİB - Çelik İhracatçıları Birliği
HİLAL ALÜMİNYUM İTHALAT İHRACAT SAN. VE TİC. LTD. ŞTİ.;HÜRRİYET MH DR CEMİL BENGÜ CD NO:62 KAĞITHANE İSTANBUL;(212) 2242570;www.hilal.com.tr;hilal.com.tr;ÇİB - Çelik İhracatçıları Birliği
PALMET MUHENDISLIK TAAHHUT SER VIS ENDUSTRI VE TIC.A.S.;BULGURLU CD.NO.60 ÜSKÜDAR İSTANBUL;02163257330;www.palmet.com;palmet.com;ÇİB - Çelik İhracatçıları Birliği
AR-İŞ OTOMOTİV SAN.VE TİC. A.Ş.;MERKEZ MAH. ÇATALCA CAD. NO:27 MİMARSİNAN BÜYÜKÇEKMECE İSTANBUL;(212) 8612800;www.ar-is.com.tr;ar-is.com.tr;ÇİB - Çelik İhracatçıları Birliği
YAVUZLAR METAL ITH.IHR.SAN.VE TIC.LTD.STI.;BİRLİK ORGANİZE SANAYİ BÖLGESİ 1. CAD. 7. SOK. TUZLA İSTANBUL;(216) 5463371;www.yavuzlarmetal.com.tr;yavuzlarmetal.com.tr;ÇİB - Çelik İhracatçıları Birliği
VIBROSER SERAMİK İNŞ. SAN. VE TİC. LTD. ŞTİ.;CİHANGİR MH MEŞRUTİYET CD SEMAH SK NO:15/3 AVCILAR İSTANBUL;(212) 4228795;www.vibroser.com;vibroser.com;ÇİB - Çelik İhracatçıları Birliği
ANAS GLOBAL DIŞ TİCARET LTD. ŞTİ.;BOĞAZKÖY İSTİKLAL MH ERCİYES SK NO:29/1 ARNAVUTKÖY İSTANBUL;(212) 6850388;www.anasglobal.com.tr;anasglobal.com.tr;ÇİB - Çelik İhracatçıları Birliği
GİRİŞİM DIŞ TİCARET A.Ş.;MAHMUTBEY MH TAŞOCAĞI YOLU CD AĞAOĞLU MY OFFİCE 212 B BLOK NO:3 KAT:13 D:212 BAĞCILAR İSTANBUL;(212) 6716046;www.girisimdisticaret.com;girisimdisticaret.com;ÇİB - Çelik İhracatçıları Birliği
AYES ÇELİK HASIR VE ÇİT SANAYİ ANONİM ŞİRKETİ;ALİ RIZA GÜRCAN CAD. METROPOL CENTER NO:31/21 34173 MERTER GÜNGÖREN İSTANBUL;(212) 4440590;http://www.ayescelik.com;ayescelik.com;ÇİB - Çelik İhracatçıları Birliği
BEST ULUSLARARASI DEMİR ÇELİK VE DENİZC.TİC.A.Ş.;BAĞDAT CAD. ÖNCÜ SOK. BUYUKHANLISITESI B1 BLOK NO:457 K.8 D.23 SUADİYE KADIKÖY İSTANBUL;(216) 4168585;www.best-int.net;best-int.net;ÇİB - Çelik İhracatçıları Birliği
PEKERLER İNŞAAT ENERJİ TAŞIMACILIK TURİZM SANAYİ VE TİCARET LİMİTED;İLKBAHAR MAH 596 SK NO 71/4 ÇANKAYA ANKARA;(312) 4913938;http://www.pekerlerinsaat.com;pekerlerinsaat.com;ÇİB - Çelik İhracatçıları Birliği
YİMTAŞ MÜHENDİSLİK İNŞ. TAAH. TUR. VE METAL SAN. VE TİC. A.Ş.;MECİDİYEKÖY MAH ATAKAN SK N:7/9 K:1 D:1 ŞİŞLİ İSTANBUL;(212) 2757610;www.yimtas.com.tr;yimtas.com.tr;ÇİB - Çelik İhracatçıları Birliği
ŞENYÜZ MAKİNE VE OTO YEDEK PARÇA SANAYİ TİCARET LİMİTED ŞİRKETİ;SELIMPAŞA MAH. 6162 SOK. NO:10 SİLİVRİ İSTANBUL;(212) 5383132;www.senyuzmakine.com.tr;senyuzmakine.com.tr;ÇİB - Çelik İhracatçıları Birliği
ALMAK ATES MAK.SAN.VE TİC. A.Ş.;AKÇABURGAZ MH. 3137 SK.(155 SK) NO.22 KIRAÇ ESENYURT ESENYURT İSTANBUL;(212) 5758579;www.almakmakina.com;almakmakina.com;ÇİB - Çelik İhracatçıları Birliği
ARMA ÇELİK SANAYİ VE TİCARET LİMİTED ŞİRKETİ;İHSANİYE MAH. LEYLAK(110) SK. NO: 3B İÇ KAPINO: 28 NİLÜFER BURSA;(224) 5041670;www.armacelik.com.tr;armacelik.com.tr;ÇİB - Çelik İhracatçıları Birliği
GARAGUM METAL SANAYİ VE DIŞ TİCARET LİMİTED ŞİRKETİ;KURTKÖY MAH. ANKARA CAD. YELKEN PLAZA NO: 289/21 PENDİK İSTANBUL;(216) 0000000;www.garagum.com.tr;garagum.com.tr;ÇİB - Çelik İhracatçıları Birliği
AKOMEK DIS TIC.VE PAZ.LTD.STI.;İMES SAN. SIT. A BLOK 101. SOK. NO.34 YUKARIDUDULLU ÜMRANİYE İSTANBUL;(216) 4997021;www.akomek.com;akomek.com;ÇİB - Çelik İhracatçıları Birliği
ERBOSAN ERCİYAS BORU SANAYİ TİCARET A.Ş.;ANBAR MAH.895.SOKAK NO:9 PK:375 KOCASİNAN KAYSERİ;03523113511;www.erbosan.com.tr;erbosan.com.tr;ÇİB - Çelik İhracatçıları Birliği
GARANTİ GİRİŞİM İNŞAAT A.Ş.;ATAKENT MH 221SK ROTA OFFİCE SİT 3/1 KAT:10 D:63 KÜÇÜKÇEKMECE İSTANBUL;(212) 5481144;www.garantigirisim.com;garantigirisim.com;ÇİB - Çelik İhracatçıları Birliği
KONVEYÖR BEYAZ EŞYA VE OTOMOTİV YAN SANAYİ TİCARET ANONİM ŞİRKETİ;ORG.DERİ SAN.BÖLG.FİNİSAJ CAD.NO.3YA-2 81474 TUZLA 81474 TUZLA TUZLA İSTANBUL;02165910101;www.konveyor.com;konveyor.com;ÇİB - Çelik İhracatçıları Birliği
ALKA SAN.İNŞ.VE TİC.A.Ş.;CUMHURİYET MAH. ERHAN SOK.N:10 MERKEZ KOCAELİ;(262) 6766440;www.alkagroup.com.tr;alkagroup.com.tr;ÇİB - Çelik İhracatçıları Birliği
İNTERGROUP METAL MAKİNA SANAYİ YATIRIMLARI A.Ş;ESENTEPE MAH.OTO CAD.LOFT REZIDANCE 2 NO:4/28 ŞİŞLİ İSTANBUL;(212) 2905181;http://www.ıntergroup.com;ıntergroup.com;ÇİB - Çelik İhracatçıları Birliği
ESALBA METAL SANAYİ VE TİCARET ANONİM ŞİRKETİ;ESKİŞEHİR O.S.B. 21. CAD. NO.8 ODUNPAZARI ESKİŞEHİR;(222) 2362150;www.esalba.com.tr;esalba.com.tr;ÇİB - Çelik İhracatçıları Birliği
ASP KAPI TAAHHÜT İNŞ.MAKİNA TURİZM VE DIŞ DIŞ TİC.LTD.ŞTİ.;TÜRKKONUT DODURGA MAH.ÖZTUNA SİTESİ 29A-1 KÖYLER YENİMAHALLE ANKARA;(312) 2294039;www.aspkapi.com;aspkapi.com;ÇİB - Çelik İhracatçıları Birliği
STRACO TAAHHÜT İNŞAAT VE DIŞ TİCARET LTD.ŞTİ.;ESENTEPE MH İNÖNÜ CD KARTAL KULE İŞ MERKEZİ NO:147/11 KARTAL İSTANBUL;;www.straco.com.tr;straco.com.tr;ÇİB - Çelik İhracatçıları Birliği
ADEN OTOMATİK KAPI VE PANJUR SİSTEMLERİ TİC. LTD. ŞTİ.;BÜYÜKBAKKALKÖY MAH. ÜSKÜDAR CAD. NO:5/4 MALTEPE/İSTANBUL MALTEPE İSTANBUL;(212) 4267050;www.adenotomasyon.com.tr;adenotomasyon.com.tr;ÇİB - Çelik İhracatçıları Birliği
AS TEKNOLOJİK İNŞ. SAN. VE TİC. A.Ş.;MASLAK MH MASLAK MEYDAN SK BEYBİ GİZ PLAZA NO:1/9/31 SARIYER İSTANBUL;(212) 2150095;www.asteknolojik.com.tr;asteknolojik.com.tr;ÇİB - Çelik İhracatçıları Birliği
BOWA YAPI SANAYİ LİMİTED ŞİRKETİ;ATATÜRK MAH. GÜNER SOK. METROPARK SİTESİ B1 APARTMAN NO.1/1B /55 KÜÇÜKÇEKMECE İSTANBUL;;bowa.com.tr;bowa.com.tr;ÇİB - Çelik İhracatçıları Birliği
ODELYA ULUSLARARASI ÇELİK SAN. VE TİC. LTD. ŞTİ.;DUDULLU OSB MAHALLESİ DES 110 SOKAK DES SİTESİ D 27 APT NO:27 ÜMRANİYE İSTANBUL;(216) 5503196;www.odelya.com;odelya.com;ÇİB - Çelik İhracatçıları Birliği
PROVA GLOBAL ITHALAT IHRACAT BAGLANTI ELEMANLAR SAN TİC LTD ŞTİ;KURTKÖY MH. SOYDAŞ SK. B BLOK NO:2 BA PENDİK İSTANBUL;(224) 9080372;www.provaglobal.com;provaglobal.com;ÇİB - Çelik İhracatçıları Birliği
HUM MÜHENDİSLİK VE TİCARET LTD.ŞTİ.;ATAŞEHİR BULVARI ATA PLAZA 2/3 DAİRE:15 ATAŞEHİR İSTANBUL;(216) 4563703;www.hum.com.tr;hum.com.tr;ÇİB - Çelik İhracatçıları Birliği
EDYA TEKNİK YAPI SANAYİ TİCARET ANONİM ŞİRKETİ;ÖMERLİ MAH. MERCEDES BLV. NO: 48 ARNAVUTKÖY İSTANBUL;(212) 8670900;https://edyayapi.com/tr/;edyayapi.com;ÇİB - Çelik İhracatçıları Birliği
ARES VİDA SANAYİ VE TİCARET LTD. ŞTİ.;DERİ O.S.B. MAH.KAZLIÇEŞME CAD.N:31 F9 ÖZEL PARSEL MERKEZ KÖYÜ/BUCAĞI TUZLA İSTANBUL;(216) 3996348;www.aresvida.com.tr;aresvida.com.tr;ÇİB - Çelik İhracatçıları Birliği
ÖZGÜVEN TASARIM MİMARLIK İNŞAAT SANAYİ VE TİCARET A.Ş.;ORAN MAH. RAFET CANITEZ CAD. NO: 86 OR-AN ÇANKAYA ANKARA;(312) 4474262;www.ozguvenmimarlik.com;ozguvenmimarlik.com;ÇİB - Çelik İhracatçıları Birliği
MENATEK SAVUNMA TEKNOLOJİLERİ SANAYİ TİCARET A.Ş;ESENŞEHİR MH HASEKİ SK NO:22 ÜMRANİYE İSTANBUL;(850) 8006685;www.menatek.com.tr;menatek.com.tr;ÇİB - Çelik İhracatçıları Birliği
GİRİŞİM ELEKTRİK SANAYİ TAAHHÜT VE TİCARET A.Ş.;SARAY MAH. ATOM CAD. NO:15 KAZAN ALTINDAĞ ANKARA;03123090344;www.girisimelek.com.tr;girisimelek.com.tr;ÇİB - Çelik İhracatçıları Birliği
GVN GÜVEN CIVATA SANAYİ VE TİCARET LİMİTED ŞİRKETİ;BEYLİKDÜZÜ OSB MH MERMERCİLER SAN SİT 2 CD NO:11/1 BEYLİKDÜZÜ İSTANBUL;(212) 6168037;www.proturkprofil.com.tr;proturkprofil.com.tr;ÇİB - Çelik İhracatçıları Birliği
MD NETA MÜHENDİSLİK VE İNŞAAT TİCARET LİMİTED ŞİRKETİ;POSTANE MH. RAUF ORBAY CD. RAHMAN SOKAK NO:2/1 TUZLA İSTANBUL;(216) 4470216;https://mdneta.com/;mdneta.com;ÇİB - Çelik İhracatçıları Birliği
DÖKTİM DÖKÜM METAL MAKİNA İNŞAAT VE GIDA SAN.TİC.LTD.ŞTİ.;RAMİ KIŞLA CAD. TOPÇULAR İŞ MRK.NO.70/265 EYÜP İSTANBUL;(212) 6134373;www.doktim.com;doktim.com;ÇİB - Çelik İhracatçıları Birliği
GRANİTER İNŞAAT LİMİTED ŞİRKETİ;GARDENYA PLAZA NO:5/42 A BLOKKAT:1 KADIKÖY İSTANBUL;(216) 4554419;www.graniter.com.tr;graniter.com.tr;ÇİB - Çelik İhracatçıları Birliği
YİĞİT PROFİL METAL VE YAPI MALZEMELERİ SANAYİ TİCARET ANONİM ŞİRKETİ;ŞABANOĞLU MAHALLESİ 1613 SOKAKNO:28/1 TEKKEKÖY SAMSUN;(362) 2287764;http://yigitprofilsac.com/;yigitprofilsac.com;ÇİB - Çelik İhracatçıları Birliği
MADEŞ METAL SAN. VE TİC. LTD. ŞTİ.;ORGANİZE SAN MAH 14 SK.FABRİKA BİNASI A BL.NO:1B FABRİKA BİNASI ORGANİZE SANAYİ MAH DİLOVASI KOCAELİ;(262) 6580642;www.madesmetal.com.tr;madesmetal.com.tr;ÇİB - Çelik İhracatçıları Birliği
NOR ELEKTRONIK SANAYI VE TICARET LTD.STI.;ESENŞEHİR MAH.İLKYAZ SOK.N:85/1 YUKARIDUDULLU ÜMRANİYE İSTANBUL;(216) 3706811;www.normist-tr.com;normist-tr.com;ÇİB - Çelik İhracatçıları Birliği
MEGA METAL SANAYİ VE TİCARET ANONİM ŞİRKETİ;MECLİSİ MEBUSAN CAD. FINDIKLI HAN N:63 K:2 BEYOĞLU İSTANBUL;(212) 2435454;www.megametal.com;megametal.com;ÇİB - Çelik İhracatçıları Birliği
VOLKANSTEELS POWDERS METAL SAN.VE TİC.LTD.ŞTİ.;DUDULLU OSB MH DES 101 SK DES B-03 NO:14 ÜMRANİYE İSTANBUL;(216) 4203512;www.volkansteels.com;volkansteels.com;ÇİB - Çelik İhracatçıları Birliği
TEKNİK KONTEYNER PLASTİK METAL SANAYİ TİCARET LİMİTED ŞİRKETİ;ATATÜRK MH ŞEHİT BEYHAN TOPÇU SK NO: 12-14 SANCAKTEPE İSTANBUL;(216) 3090980;www.teknikkonteyner.com.tr;teknikkonteyner.com.tr;ÇİB - Çelik İhracatçıları Birliği
CHROMARINE DIŞ TİCARET LİMİTED ŞİRKETİ;ÇATALTEPE MH. BESOB 4. SK NO : 21 / 1 KESTEL BURSA;;http://www.chromarine.com.tr;chromarine.com.tr;ÇİB - Çelik İhracatçıları Birliği
AFI ELEKTROMEKANIK VE ELEKTRONIK SAN.TIC.LTD.STI.;ŞERİFALİ MAHALLESİ, EMİN SOKAK NO:43 ÜMRANİYE İSTANBUL;(216) 3135252;www.afielektrik.com;afielektrik.com;ÇİB - Çelik İhracatçıları Birliği
GUNES BASER TICARET LİMİTED ŞİRKETİ;DEMIRCILER SITESI 3.YOL NO.41 ZEYTİNBURNU İSTANBUL;02124163626;www.gunesbaser.com;gunesbaser.com;ÇİB - Çelik İhracatçıları Birliği
MKSTEEL METAL İNŞAAT SANAYİ VE TİCARET ANONİM ŞİRKETİ;GÖZTEPE MH BATIŞEHİR CD NO:1 K1 BLOK KAT:19/40 BAĞCILAR İSTANBUL;(000) 0000000;http://mksteel.com.tr;mksteel.com.tr;ÇİB - Çelik İhracatçıları Birliği
TML İNŞAAT ANONİM ŞİRKETİ;FATİH SULTAN MEHMET CAD.NO.33KAVACIK BEYKOZ İSTANBUL;(216) 4133339;www.tml.com.tr;tml.com.tr;ÇİB - Çelik İhracatçıları Birliği
ELLA PRODUCTS DIŞ TİCARET LİMİTED ŞİRKETİ;ALTINTEPE MH. İSTASYON YOLU SK. NO:3 MALTEPE İSTANBUL;(216) 4723892;www.rmitment.com;rmitment.com;ÇİB - Çelik İhracatçıları Birliği
ER PASLANMAZ METAL SAN.TİC.LTD ŞTİ.;OSMANGAZİ MAH.2637 SOK NO:3 ESENYURT İSTANBUL;(850) 5150095;www.erpaslanmaz.com;erpaslanmaz.com;ÇİB - Çelik İhracatçıları Birliği
PROTURK PROFİL SANAYİ İÇ VE DIŞ TİCARET LTD.ŞTİ.;BEYLİKDÜZÜ O.S.B. MERMERCİLER SAN. SİT. 5. CAD. NO:12/6 BEYLİKDÜZÜ İSTANBUL;(212) 8766516;www.proturkprofil.com.tr;proturkprofil.com.tr;ÇİB - Çelik İhracatçıları Birliği
ALKATAŞ İNŞ.VE TAAHHÜT .A.Ş.;KAVACIK MAHALLESİ ERTÜRK SOKAK NO:1 KAT:6 K 1 PLAZA BEYKOZ İSTANBUL;(216) 6932314;www.alkatas.com.tr;alkatas.com.tr;ÇİB - Çelik İhracatçıları Birliği
ELMAKSAN MAKİNA SANAYİ VE DIŞ TİCARET LTD.ŞTİ.;B.BAKKALKOY YENI MAHALLE G-10SOK.NO.30/3 PARSEL 205 MALTEPE İSTANBUL;02163117340;www.elmaksan.net;elmaksan.net;ÇİB - Çelik İhracatçıları Birliği
HIGH HIGH ULUSLARARASI DIŞ TİC. LTD. ŞTİ.;BAYAR CAD. GÜLBAHAR SOK. PERDEMSAÇ PLAZA NO.17 K.8 D.87 KOZYATAĞI KADIKÖY İSTANBUL;(212) 3800668;www.highhightrade.com;highhightrade.com;ÇİB - Çelik İhracatçıları Birliği
KLAVUZ METAL MAKİNE İNŞ SAN TİC LTD ŞTİ;FATİH MH KILIÇARSLAN CD NO:103 SANCAKTEPE İSTANBUL;(216) 3295589;www.klavuzmetal.com;klavuzmetal.com;ÇİB - Çelik İhracatçıları Birliği
VİTA TEL VE ÇİT SİSTEMLERİ SANAYİ VE TİCARET LTD.ŞTİ.;ÇALI MAH. 32.410 SK. NO: 4 IÇ KAPI NO: 1 16110 NİLÜFER BURSA;(224) 4130010;https://www.vitatel.com.tr;vitatel.com.tr;ÇİB - Çelik İhracatçıları Birliği
ESTAŞ GRUP METAL SANAYİ TİCARET LİMİTED ŞİRKETİ;ÜÇEVLER MAH. 81.(220) SK. NO:6 DNİLÜFER / BURSA NİLÜFER BURSA;(224) 4435763;www.estasmetalurji.com;estasmetalurji.com;ÇİB - Çelik İhracatçıları Birliği
BLUMAQ ENDÜSTRİYEL MAKİNA ÜRÜNLERİ SANAYİ VE TİCARET LİMİTED ŞİRKETİ;IDEALTEPE MH.DENIZLER SK.NO:14 MALTEPE İSTANBUL;02163668557;www.bulumaq.com.tr;bulumaq.com.tr;ÇİB - Çelik İhracatçıları Birliği
DANFOSS POLİMER SAN. AŞ;MASLAK MAH SÜMET SK N:4 SARIYER İSTANBUL;(212) 3314547;www.eaton.com;eaton.com;ÇİB - Çelik İhracatçıları Birliği
ATAY OTOMAT MAKİNA SANAYİ VE TİCARET LİMİTED ŞİRKETİ;ÖMERLİ MAHALLESİ HAKKI İLERİ CADDESİ NO:74/A D BLOK HADIMKÖY(BOYALIK) ARNAVUTKÖY İSTANBUL;(212) 7713816;www.atayotomat.com;atayotomat.com;ÇİB - Çelik İhracatçıları Birliği
EKİP MÜHENDİSLİK TAAHHÜT İNŞAAT KİMYA SANAYİ VE TİCARET ANONİM ŞİRKETİ;BALÇIK MAH. 3256 SOK. NO:12 GEBZEKOCAELİ PENDİK İSTANBUL;(262) 7512660;www.ekipmuhendislik.com.tr;ekipmuhendislik.com.tr;ÇİB - Çelik İhracatçıları Birliği
ÖZKAR OTOMOTİV TURİZM OTELCİLİK İNŞAAT SAN. VE TİC. A.Ş.;TOSB ORGANİZE SANAYİ BÖLGESİ 3.CADDE NUMARA:12 GEBZE KOCAELİ;(262) 6580338;www.ozkarotomotiv.com;ozkarotomotiv.com;ÇİB - Çelik İhracatçıları Birliği
DOGUSAN METAL SAN.VE TIC.A.Ş.;ZİYA GÖKALP MAH.ABDULLAH PAŞA CAD. NO:45 İKİTELLİ BAŞAKŞEHİR İSTANBUL;(212) 6704254;www.dogusanmetal.com;dogusanmetal.com;ÇİB - Çelik İhracatçıları Birliği
MAB TURKEY GAYRİMENKUL TURİZM TİCARET ANONİM ŞİRKETİ;KARADENİZ MH. ESKİ EDİRNE ASF. CAD. VENEZİA EVLERİSİT. J BLOK NO:408J-77 GAZİOSMANPAŞA İSTANBUL;(212) 0000000;http://www.mabturkey.com;mabturkey.com;ÇİB - Çelik İhracatçıları Birliği
KÖRFEZ DÖKÜM SANAYİ VE TİC. A.Ş.;DİLOVASI ORG.SAN.BÖLGESİ 2.KISIM B-233 SK.NO:2 DİLOVASI KOCAELİ;(262) 7545177;www.korfezdokum.com;korfezdokum.com;ÇİB - Çelik İhracatçıları Birliği
RESOLUX TURKEY RÜZGAR TÜRBİNLERİ ELEKTRİK AKSAMLARI SANAYİ VE TİCARET A.Ş.;MİNARELİÇAVUŞ MAHALLESİ LİDER CADDESİ NO:7/E 16140 NİLÜFER, BURSA, TÜRKİYE NİLÜFER BURSA;(224) 2415850;www.resolux.dk;resolux.dk;ÇİB - Çelik İhracatçıları Birliği
AKALIN MÜHENDİSLİK METAL SAN. VE TİC.LTD.ŞTİ.;DUDULLU OSB MAH. İMES SANAYİ SİTESİ E BLOK 502 SOKNO:17 ÜMRANİYE İSTANBUL;(216) 5407612;www.akalinmetal.com;akalinmetal.com;ÇİB - Çelik İhracatçıları Birliği
TEKNİK METAL SİSTEMLERİ SANAYİ VE TİCARET LTD. ŞTİ.;İKİTELLİ ORGANİZE SANAYİ BÖLGESİ S.S. KERESTECİLER SANAYİ SİTESİ BARBAROS HAYRETTİN CAD. 15.SOKAK 14/A BLOK KAT:2-3-4 BAŞAKŞEHİR İSTANBUL;(212) 6596558;www.temesist-raf.com;temesist-raf.com;ÇİB - Çelik İhracatçıları Birliği
VİSAN VİDA SANAYİ VE TİCARET ANONİM ŞİRKETİ;SANAYİ MAH. İMAME SK. NO:30/A PK:34906 PENDİK İSTANBUL;(216) 3780893;www.visanvida.com;visanvida.com;ÇİB - Çelik İhracatçıları Birliği
BAYSAL METAL AMBALAJ SANAYI IC VE DIS TICARET ANONİM ŞİRKETİ;KURTKOY MAH SAN CAD ERDEDE SANSITESI NO:28/7 PENDİK İSTANBUL;02165954020;www.baysalambalaj.com;baysalambalaj.com;ÇİB - Çelik İhracatçıları Birliği
METAL MATRİS SAN.TİC.A.Ş.;1. ORG SAN BOLG. 37. CAD. NO:6 MELİKGAZİ KAYSERİ;03523220450;www.metalmatris.com.tr;metalmatris.com.tr;ÇİB - Çelik İhracatçıları Birliği
AKELTAŞ ELEKTRİK TİCARET ANONİM ŞİRKETİ;KIZILIRMAK MAH.DUMLUPINAR BLV.NO:3 C-1 İÇ KAPI 160 ÇANKAYA ANKARA;(312) 0000000;http://www.akeltas.com;akeltas.com;ÇİB - Çelik İhracatçıları Birliği
SS PROJE MÜHENDİSLİK SANAYİ VE TİCARET LİMİTED ŞİRKETİ;EKİNOBA MAH.MUSTAFA KEMAL BULV HAZAL SİT.D BLOK NO7/3 D:61 BÜYÜKÇEKMECE İSTANBUL;(212) 8636195;www.ss-proje.com;ss-proje.com;ÇİB - Çelik İhracatçıları Birliği
KNK KONAK CIVATA BAĞLANTI ELEMANLARI SAN.VE TİC.A.Ş.;MERVE MAH.NECİP FAZIL CAD.NUMARA:18 YENİDOĞAN SANCAKTEPE İSTANBUL;(216) 5611212;www.konakvivata.com;konakvivata.com;ÇİB - Çelik İhracatçıları Birliği
GRİD SOLUTİONS ENERJİ ENDÜSTRİSİ A.Ş.;BARIŞ MAH.GÜNEY YAN YOL CAD NO 320 GEBZE KOCAELİ;02626483300;www.ge.com;ge.com;ÇİB - Çelik İhracatçıları Birliği
EBSAN METAL MAMÜLLERİ İMALAT SANAYİ VE TİCARET ANONİM ŞİRKETİ;BAHÇEŞEHİR 2.KISIM MAH. 1.CAD. KOMESKO SİT. B BLOK NO:11/1 BAŞAKŞEHİR İSTANBUL;(212) 5495498;www.ebsanmetal.com;ebsanmetal.com;ÇİB - Çelik İhracatçıları Birliği
MEBUSA DIŞ TİCARET A.Ş.;MERKEZ MH AKAR CD NO:3 İTOWER PLAZA KAT:9/59 ŞİŞLİ İSTANBUL;(212) 8772415;www.mebusaexport.com;mebusaexport.com;ÇİB - Çelik İhracatçıları Birliği
BST BETONSTAR YEDEK PARÇA MAK. SAN. VE TİC. A.Ş.;YUKARI DUDULLU ORG. SAN. BÖL. 2. CAD. NO:2 ÜMRANİYE İSTANBUL;(216) 4202314;www.betonstar.com;betonstar.com;ÇİB - Çelik İhracatçıları Birliği
C.V.T.CIVATA VIDA SAN.VE TIC. LTD.STI.;TOPSELVİ MAH D-100 GÜNEY YAN YOLN:6-7 KARTAL İSTANBUL;02122386946;www.cvtcivata.com;cvtcivata.com;ÇİB - Çelik İhracatçıları Birliği
ÇALIK İNŞAAT ANONİM ŞİRKETİ;BÜYÜKDERE CAD. NO:163 ESENTEPE ŞİŞLİ İSTANBUL;(212) 3065000;www.calik.com;calik.com;ÇİB - Çelik İhracatçıları Birliği
MURAT HAN PUL CIVATA SAN.VE TI C.LTD.STI.;MESCIT MAH.DEMOKSASİ CD.BİRMES SİTESİB-11 BLOK NO:16-17 ORHANLI TUZLA İSTANBUL;02163077202;www.muratampulcivata.com.tr;muratampulcivata.com.tr;ÇİB - Çelik İhracatçıları Birliği
SPOT ELEKTRIK AYDINLATMA VE MUMESILLIK SAN.TIC.LTD.STI.;EKŞİOĞLU MH SARAY CD NO: 7-9 ÇEKMEKÖY İSTANBUL;;www.spotelektrik.com.tr;spotelektrik.com.tr;ÇİB - Çelik İhracatçıları Birliği
TROM TRAFO RADYATÖR SAN. VE TİC. A.Ş.;KÜÇÜKBAKKALKÖY MAH.FİDANLIK SOK.N:24/4 ATAŞEHİR İSTANBUL;(216) 3857777;www.trom.com.tr;trom.com.tr;ÇİB - Çelik İhracatçıları Birliği
LAS ZIRH ZİNCİR SANAYİ VE TİC. A.Ş.;ÖMERLİ MAH. HAKKI İLERİ CAD. NO:54 HADIMKÖY(BOYALIK) ARNAVUTKÖY İSTANBUL;(212) 7714410;www.laszirh.com;laszirh.com;ÇİB - Çelik İhracatçıları Birliği
MEBAY DIŞ TİC.İNŞ.PAZ.LTD.ŞTİ.;AYDINLI MAH. PATLAYICI MADDE YOLU RABİA SOK.NO:49/B TUZLA İSTANBUL;(216) 3933190;www.mebay.com.tr;mebay.com.tr;ÇİB - Çelik İhracatçıları Birliği
VIS VIDA SAN.VE TIC.LTD.STI.;SELAHATTİN EYYÜBİ MAH. 1596 SOK NO.14/1 ESENYURT İSTANBUL;02126232706;www.vidasan.com;vidasan.com;ÇİB - Çelik İhracatçıları Birliği
STARVALVE PROSES VANALARI VE AKTÜATÖR TEKNOLOJİSİ SANAYİ VE TİCARET ANONİM ŞİRKETİ;S.S. İSTANBUL MERMERCİLER SANAYİ SİTESİ KÖSELER MAH. 22. SK. NO:39 DİLOVASI KOCAELİ;(262) 5932033;www.starvalve.com.tr;starvalve.com.tr;ÇİB - Çelik İhracatçıları Birliği
ASTAŞ BAĞLANTI ELEMANLARI PAZARLAMA DIŞ TİCARET LİMİTED ŞİRKETİ;KAYABAŞI MAH. FABRİKALAR MEVKİİ 1729.SOK. N:9/A BAŞAKŞEHİR İSTANBUL;(212) 6911848;www.astascivata.com.tr;astascivata.com.tr;ÇİB - Çelik İhracatçıları Birliği
METPAK METAL OFSET AMBALAJ SAN.VE TİC.A.Ş;GÜZELLER O.S.B İNÖNÜ MAH.NUR SULTAN NAZARBAYEV SOK. NO:12 GEBZE KOCAELİ;(262) 7515388;http://metpakmetalofset.com.tr;metpakmetalofset.com.tr;ÇİB - Çelik İhracatçıları Birliği
MKS METAL KAPI KEPENK SİSTEMLERİ SAN. VE TİC. LTD.ŞTİ.;TOPSELVİ MAH. ESKİ YAKACIK YOLUİHSAN SOK. NO.6 KARTAL İSTANBUL;(216) 4966162;www.mksmetal.com.tr;mksmetal.com.tr;ÇİB - Çelik İhracatçıları Birliği
ARİFOĞLU CNC BAĞLANTI ELEMANLARI MAKİNA KİMYA SAN. TİC. LTD.ŞTİ.;DUDULLU ORG. SAN.BÖL. DES SAN. SİTESİ C-12 BLOK.113 SK.NO:10 ÜMRANİYE İSTANBUL;(216) 4153547;www.arifoglucnc.com;arifoglucnc.com;ÇİB - Çelik İhracatçıları Birliği
MSC TEMİZ ODA SİSTEMLERİ SANAYİ TİCARET LİMİTED ŞİRKETİ;SAHRAYICEDİD MAH. ATATÜRK CAD. NO:3/1ONUR İŞ MERK. D:12 KADIKÖY İSTANBUL;;https://www.msc-engineering.com/;msc-engineering.com;ÇİB - Çelik İhracatçıları Birliği
UNIGEN YAPI MALZEMELERİ AŞ;İNÖNÜ MAH.KAYIŞDAĞI CAD.KANDİŞ İŞ MERKEZİ NO.128 KAT.2 D.2 ATAŞEHİR İSTANBUL;(216) 5770434;www.unigen.com.tr;unigen.com.tr;ÇİB - Çelik İhracatçıları Birliği
VİD-SA VİDA SANAYİ VE TİCARET ANONİM ŞİRKETİ;RAMAZANOGLU MAH.KAYNARCA CAD.NO 62 PENDİK İSTANBUL;02163789808;www.vidsa.com;vidsa.com;ÇİB - Çelik İhracatçıları Birliği
BİMED TEKNİK ALETLER SANAYİ VE TİCARET ANONİM ŞİRKETİ;BEYLİKDÜZÜ OSB MH BAKIR PİRİNÇ SAN SİT LEYLAK CD NO::10 BEYLİKDÜZÜ İSTANBUL;(212) 8757376;www.bimedteknik.com;bimedteknik.com;ÇİB - Çelik İhracatçıları Birliği
MEDISAN INŞAAT VE TESISAT MALZEMELERİ SANAYİ VE TİCARET LİMİTED ŞİRKETİ;ŞERİFALİ MAH. MEVDUDİ SOK. NO:32 ÜMRANİYE İSTANBUL;(216) 5081355;http://www.medisan.com.tr;medisan.com.tr;ÇİB - Çelik İhracatçıları Birliği
KORUSTAN BURSA SAC-PRES SAN.VE TIC.A.S.;BESEVLER SANAYII SITESI31.BLOK NO.60 NİLÜFER BURSA;02244410846;www.korustan.com.tr;korustan.com.tr;ÇİB - Çelik İhracatçıları Birliği
ZETAS ZEMIN TEKNOLOJISI A.S.;ALEMDAĞ MERKEZ MAH. REŞADİYE CAD. NO: 69/A ÇEKMEKÖY İSTANBUL;(216) 4300600;www.zetas.com.tr;zetas.com.tr;ÇİB - Çelik İhracatçıları Birliği
TARGET ATIŞ EĞİTİM SİSTEMLERİ VE POLİGON ÜRETİM PAZ. SAN. VE TİC. A.Ş.;MESA KORU SİTESİ AKMEŞE SK. 10/A ÇAYYOLU ÇANKAYA ANKARA;03122843434;www.target.com.tr;target.com.tr;ÇİB - Çelik İhracatçıları Birliği
SET RAF SANAYİ TİCARET LİMİTED ŞİRKETİ;ÇAKMAK MH ALEMDAĞ CD NO:480B ÜMRANİYE İSTANBUL;(216) 5278635;www.setraf.com;setraf.com;ÇİB - Çelik İhracatçıları Birliği
ENSAN METAL SANAYİ VE TİCARET LİMİTED ŞİRKETİ;YEŞİLBAYIR MH ZÜLFİYE CD NO:12/1 ARNAVUTKÖY İSTANBUL;(212) 0000000;www.ensanmetal.com;ensanmetal.com;ÇİB - Çelik İhracatçıları Birliği
ÇALIK ENERJİ SAN. VE TİC. AŞ;AK PLAZA YAŞAM CD. N:7 K:17SÖĞÜTÖZÜ ÇANKAYA ANKARA;(312) 2077000;www.calikenerji.com;calikenerji.com;ÇİB - Çelik İhracatçıları Birliği
TURANCAM İNŞAAT SANAYİ VE TİC. A .Ş;MIMARSINAN MAH.BARBAROS CAD.NO:5 ÇEKMEKÖY İSTANBUL;02166400000;www.turancam.com;turancam.com;ÇİB - Çelik İhracatçıları Birliği
ORTAKLAR DERİN DELME MAKİNA METAL SAN. VE TİC.LTD.ŞTİ.;BALÇIK MAH. FABRİKALAR SOK. NO:27 GEBZE KOCAELİ;(262) 7512822;www.ortaklar.com.tr;ortaklar.com.tr;ÇİB - Çelik İhracatçıları Birliği
ARTIM METAL ELEKTRİK SAN. TİC. A.Ş.;YEŞİLBAYIR MAH. HADIMKÖY İSTANBUL CAD. NO:130 B HADIMKÖY(BOYALIK) ARNAVUTKÖY İSTANBUL;(212) 5494290;www.artimmetal.com;artimmetal.com;ÇİB - Çelik İhracatçıları Birliği
UYGUR MOBİLYA SANAYİ TEKERLEK VE ÜRÜNLERİ SANAYİ VE TİCARET LİMİTED ŞİRKETİ;ORHANGAZİ MH 1664 SK NO:15 ESENYURT İSTANBUL;(212) 6720586;www.uygurteker.com.tr;uygurteker.com.tr;ÇİB - Çelik İhracatçıları Birliği
TAVTEL DEMİR ÇELİK SANAYİ İÇ VE DIŞ TİCARET LİMİTED ŞİRKETİ;ÖMERLİ MAH. HADIMKÖY-ÖMERLİ CAD. NO:25 İÇ KAPI NO:1 BÜYÜKÇEKMECE İSTANBUL;(216) 5500515;http://www.tavteldemircelik.com;tavteldemircelik.com;ÇİB - Çelik İhracatçıları Birliği
KTK MÜHENDİSLİK VE TİCARET ANONİM ŞİRKETİ;ESENTEPE MAHALLESİ BÜYÜKDERE CADDESİ LEVENT LOFT APT NO:201 DAİRE:56 POSTA KODU:34394 ŞİLE İSTANBUL;(212) 9651200;www.ktk.com.tr;ktk.com.tr;ÇİB - Çelik İhracatçıları Birliği
PİVOTAL KAPI SİSTEMLERİ SANAYİ VE TİCARET LİMİTED ŞİRKETİ;FERHATPAŞA MH. 61.SOKAK NO:16 ATAŞEHİR İSTANBUL;(216) 6600008;www.pivotal.com.tr;pivotal.com.tr;ÇİB - Çelik İhracatçıları Birliği
KOZANOĞLU OTOMOTİV TARIM MAKİNALARI SAN. VE TİC.LTD.ŞTİ.;KAZIM KARABEKİR MAH.6910 SOK.NO:1/B PANCAR TORBALI İZMİR;(232) 8641077;www.kozanoglu.com.tr;kozanoglu.com.tr;ÇİB - Çelik İhracatçıları Birliği
İSFAC ÇELİK YAPI İNŞAAT TAAHÜT SANAYİ TİCARET LTD.ŞTİ;İÇMELER MAH. ÇAĞDAŞ SOK. NO: C BLOK D:86 TUZLA İSTANBUL;(216) 7713558;https://isfaccelikyapi.com/;isfaccelikyapi.com;ÇİB - Çelik İhracatçıları Birliği
MARMARA SIEGENER GALVANİZ SANAYİ VE TİCARET ANONİM ŞİRKETİ;SANAYİ MAH. HAYRETTİN UZUN CAD.KÖŞK SOK. NO:10 İZMİT KOCAELİ;(262) 3350595;www.galvaniz.com;galvaniz.com;ÇİB - Çelik İhracatçıları Birliği
PLATİN CIVATA BAĞLANTI ELEMANLARI HIRDAVAT ALÜMİNYUM SAN. VE TİC. LTD. ŞTİ.;MESCİT MAH.DEMOKRASİ CAD.BİRMES SAN.SİT.NO:3/A-9 BLOK:13 TUZLA İSTANBUL;0(216) 3940765;www.platincivata.com.tr;platincivata.com.tr;ÇİB - Çelik İhracatçıları Birliği
BIMEKS CELIK TICARET A.S.;İSTANBUL TUZLA ORG. SAN. BÖLGESİ10. CAD. NO.9 TUZLA İSTANBUL;(216) 5930474;www.bimekscelik.com;bimekscelik.com;ÇİB - Çelik İhracatçıları Birliği
FIRAT PLASTİK KAUÇUK SANAYİİ VE TİCARET ANONİM ŞİRKETİ;TÜRKOBA MAH.FIRAT PLASTİK CAD.NO.23 BÜYÜKÇEKMECE İSTANBUL;(212) 8664141;www.firat.com;firat.com;ÇİB - Çelik İhracatçıları Birliği
DRESSELHAUS ÇETİN CIVATA PAZARLAMA TİCARET LİMİTED ŞİRKETİ;ADNAN KAHVECİ MAH. HARBİYE CAD. NO.15/1 KIRAÇ BEYLİKDÜZÜ İSTANBUL;(212) 6893800;www.dresselhaus.de;dresselhaus.de;ÇİB - Çelik İhracatçıları Birliği
HAKMET ÇELİK SANAYİ VE TİCARET LİMİTED ŞİRKETİ;BALÇIK MAH.ORGANİZE CAD.NO:23/2 GEBZE KOCAELİ;(262) 7515045;http://www.hakmetcelik.com;hakmetcelik.com;ÇİB - Çelik İhracatçıları Birliği
OZ CELIK TIC.LTD.STI.;YENİDOĞAN MAH. ABDİ İPEKÇİ CAD.ZORLU SOK. NO:49 BAYRAMPAŞA İSTANBUL;(212) 5676185;www.ozct.com.tr;ozct.com.tr;ÇİB - Çelik İhracatçıları Birliği
PİMTAŞ PLASTİK İNŞAAT MALZEMELERİ SANAYİ VE TİCARET ANONİM ŞİRKETİ;GEBZE PLASTIKÇILER ORG. SAN.BÖLG.CUMHURIYET CAD. NO:52 GEBZE KOCAELİ;(262) 7512424;www.pimtasplastik.com.tr;pimtasplastik.com.tr;ÇİB - Çelik İhracatçıları Birliği
AKKİM YAPI KİMYASALLARI SANAYİ VE TİCARET ANONİM ŞİRKETİ;YEŞİLBAYIR MAH. ŞİMŞİR SK. NO:22 HADIMKÖY(BOYALIK) ARNAVUTKÖY İSTANBUL;(212) 7711371;www.akkim.net;akkim.net;ÇİB - Çelik İhracatçıları Birliği
RAMFER İNTERNATİONAL DIŞ TİCARET LİMİTED ŞİRKETİ;ALTAN ÇEŞME MH EFE BOZ SK FREELAND İS MERKEZİ NO:12/55 MALTEPE İSTANBUL;(216) 2668618;www.ramfer.com.tr;ramfer.com.tr;ÇİB - Çelik İhracatçıları Birliği
SEZERSAN MATBAACILIK VE AMBALAJ SAN. TİC.A.Ş.;1.ORGANİZE HOROZLUHAN MAH.ÇEVRELİ SOK.N:6-8 SELÇUKLU KONYA;(332) 2513940;www.sezersan.com.tr;sezersan.com.tr;ÇİB - Çelik İhracatçıları Birliği
NORM TEKNİK MALZEME TİCARET İNŞAAT SAN. A.Ş.;EYÜPSULTAN MAH. BAŞKENT CAD.N:6/1 SAMANDIRA SANCAKTEPE İSTANBUL;(216) 3114041;www.normteknik.com.tr;normteknik.com.tr;ÇİB - Çelik İhracatçıları Birliği
MOST MODERN SÜT TEKNOLOJİLERİ HAYVANCILIK GIDA PAZARLAMA İNŞAAT TAAHHÜT SANAYİ TİCARET A. Ş;CANBALI MAH. ÇAKILLIKUYU MEVKİİ NO.26 KARACABEY BURSA;(224) 6718572;www.mosttek.com;mosttek.com;ÇİB - Çelik İhracatçıları Birliği
GEZE KAPI VE PENCERE SİSTEMLERİ SAN. VE TİC. LTD. ŞTİ.;BARBAROS MH. AK ZAMBAK SK. UPHİLL TOWERS NO:3/15 ATAŞEHİR İSTANBUL;(216) 4554315;www.geze.com;geze.com;ÇİB - Çelik İhracatçıları Birliği
TEK-SER TEKNİK SERAMİK TİC.VE SAN.A.Ş;Y.DUDULLU ICERENKOY YOL ÜZERIKEYAP SAN.SIT.F-1 BLOK N:94 ÜMRANİYE İSTANBUL;(216) 3656464;www.tekser.org;tekser.org;ÇİB - Çelik İhracatçıları Birliği
TAMAKS DIŞ TİCARET LİMİTED ŞİRKETİ;SEYİTNİZAM MAH DEMİRCİLER SİTESİ 8 CADDE NO 52 ZEYTİNBURNU İSTANBUL;(212) 6795354;www.asosanayi.com.tr;asosanayi.com.tr;ÇİB - Çelik İhracatçıları Birliği
CICEK ELEKTRIK SAN.VE TIC.LTD. STI.;HASTANE MAH. ŞEYH ŞAMİL CAD. NO.10 ARNAVUTKÖY İSTANBUL;(212) 7715389;www.ortadirek.com.tr;ortadirek.com.tr;ÇİB - Çelik İhracatçıları Birliği
ELOPAR ELEKTRİK VE OTOMOTİV PARÇALARI SANAYİ VE TİCARET ANONİM ŞİRKETİ;KAVAKLI MAH. KAVAKLI CAD . NO: 13/1 BEYLİKDÜZÜ İSTANBUL;(212) 8751940;www.elopar.com.tr;elopar.com.tr;ÇİB - Çelik İhracatçıları Birliği
BALCIOĞLU İNŞAAT TAAHHÜT SANAYİ VE TİCARET LİMİTED ŞİRKETİ;CEBECİ MH ÇANAKKALE ŞEHİTLERİ CD NO:64 SULTANGAZİ İSTANBUL;(212) 5942293;www.balciogluinsaat.com.tr;balciogluinsaat.com.tr;ÇİB - Çelik İhracatçıları Birliği
METALCE İNŞAAT TAAHHÜT MİMARLIK SANAYİ VE TİCARET LİMİTED ŞİRKETİ;ÇALI MH.ADABAĞLAR CD.NO:11/1 NİLÜFER BURSA;(224) 4415455;www.metalceinsaat.com;metalceinsaat.com;ÇİB - Çelik İhracatçıları Birliği
GEBO PRES VE BAĞLANTI ELEMANLARI SAN.TİC.LTD.ŞTİ;İSTASYON MAH.AYBALA SOK.NO:14 KÖSEKÖY KARTEPE KOCAELİ;(262) 5020312;www.gebopres.com;gebopres.com;ÇİB - Çelik İhracatçıları Birliği
ADAM YAPI ENDÜSTRİSİ ÇELİK SANAYİ TİCARET LİMİTED ŞİRKETİ;MİLANGAZ CD. MONUMENTO PLAZA. NO:75A K.2 D.18ESENTEPE KARTAL İSTANBUL;(216) 5102515;www.adamfab.com;adamfab.com;ÇİB - Çelik İhracatçıları Birliği
EMİNİŞ AMBALAJ SANAYİ VE TİCARET A.Ş.;DİLOVASI ORG.SAN.BÖLG.1.KISIM D-1003 SOK.NO.4DİLOVASI GEBZE GEBZE KOCAELİ;(262) 7545238;www.eminis.com.tr;eminis.com.tr;ÇİB - Çelik İhracatçıları Birliği
ŞAHSAN METAL SANAYİ VE TİCARET ANONİM ŞİRKETİ;ŞEYHLİ MAH. VADİ SOK. NO :6 A / 16 PENDİK İSTANBUL;(216) 5772000;www.sahsanmetal.com;sahsanmetal.com;ÇİB - Çelik İhracatçıları Birliği
MC STEEL METAL DIŞ TİCARET ANONİM ŞİRKETİ;İKİTELLİ OSB MAHALLESİ TORMAK K BLOK SOK. NO:8/8 BAŞAKŞEHİR İSTANBUL;(212) 5280374;www.mcsteel.com.tr;mcsteel.com.tr;ÇİB - Çelik İhracatçıları Birliği
HL METAL DEMİR ÇELİK SANAYİ VE TİCARET LİMİTED ŞİRKETİ;CUMHURİYET MAHALLESİ HÜRRİYET CAD INNOVIA 1 1 A NO 23 N İÇ KAPI NO: 2 ESENYURT İSTANBUL;(212) 0000000;https://demircelikprofil.com/iletisim/;demircelikprofil.com;ÇİB - Çelik İhracatçıları Birliği
ADEON DIŞ TİCARET LTD.ŞTİ.;FULYA MH. BÜYÜKDERE CD. ALTINOVA İŞ MERKEZİ NO:54/5 ŞİŞLİ İSTANBUL;(212) 2160900;www.adeonglobal.com;adeonglobal.com;ÇİB - Çelik İhracatçıları Birliği
ÇİMTELSAN TEL VE ÇİT SİSTEMLERİ TİC. LTD. ŞTİ.;CİHANGİR MAH. GÜVERCİN CAD. NO: 2 İÇ KAPI NO: 55 AVCILAR İSTANBUL;(212) 9630663;http://www.cimtelsan.com;cimtelsan.com;ÇİB - Çelik İhracatçıları Birliği
KLEİDCO YAPI SİSTEMLERİ SANAYİ VE TİCARET ANONİM ŞİRKETİ;YENİBOSNA MERKEZ MAH YALÇIN KORES CD NO:14/1/2 BAHÇELİEVLER İSTANBUL;(212) 4385790;www.kleidco.com;kleidco.com;ÇİB - Çelik İhracatçıları Birliği
SAFİR İHRACAT A.Ş.;ATAKENT MH 221SK ROTA OFFİCE SİT 3/1 KAT:10 D:63 KÜÇÜKÇEKMECE İSTANBUL;(212) 5481144;www.safirihracat.com;safirihracat.com;ÇİB - Çelik İhracatçıları Birliği
JANTES MUH.ISITMA VE SOG.DOGAL GAZ INS.SAN.LTD.STI.;ZAFER MAH. ŞEHİT YZB. YÜCEL KENTER CAD.2-09A BLOK (YENİ SANAYİ SİTESİ) ÇORLU TEKİRDAĞ;(282) 6534524;www.jantes.com.tr;jantes.com.tr;ÇİB - Çelik İhracatçıları Birliği
BARKODES BILG.SIST.BILGI ILET. YAZ.VE TIC.LTD.STI.;ALTAY ÇEŞME MAH.SANAYI SOK.DEMIRLI SIT.B BL.NO:8 MALTEPE İSTANBUL;02164422062;www.barkodes.com.tr;barkodes.com.tr;ÇİB - Çelik İhracatçıları Birliği
ARYA CEPHE SİSTEMLERİ SANAYİ VE TİCARET LİMİTED ŞİRKETİ;MAHMUTBEY MH TAŞOCAĞI YOLU CD GÜL PROJE EXPRES NO:33 B BLOK K:10/26 BAĞCILAR İSTANBUL;(212) 4741004;www.aryacephe.com;aryacephe.com;ÇİB - Çelik İhracatçıları Birliği
ÇEKSAN DEMİR ÇEKME SAN. VE TİC. LTD. ŞTİ.;KAYABAŞI MAH. PANAYIR SOK. NO:41 BAŞAKŞEHİR İSTANBUL;(212) 6911105;www.ceksan.com;ceksan.com;ÇİB - Çelik İhracatçıları Birliği
SARIBEKİR DIŞ TİCARET ANONİM ŞİRKETİ;ORUÇREİS MAH. TEKSTİLKENT CAD. B BLOKNO : 12/A 091 ESENLER/ İSTANBUL ESENLER İSTANBUL;(026) 6281144;https://www.saribekir.com.tr/;saribekir.com.tr;ÇİB - Çelik İhracatçıları Birliği
AYŞEM ENERJİ ÜRETİM SANAYİ VE TİCARET ANONİM ŞİRKETİ;BOSTANCI MAH.KAHRAMAN SK.HOFFMAN İŞ MERKEZİ APT.NO:2/3 KADIKÖY İSTANBUL;(216) 3616400;http://www.myenerjisolar.com;myenerjisolar.com;ÇİB - Çelik İhracatçıları Birliği
AKM METALURJİ SANAYİ TEMSİLCİLİK VE DIŞ TİCARET LİMİTED ŞİRKETİ;İTOSB, İSTANBUL TUZLA ORGANİZE SAN. BÖL. 2.CADDE NO:13 TEPEÖREN TUZLA İSTANBUL;(216) 4673140;www.akm.com.tr;akm.com.tr;ÇİB - Çelik İhracatçıları Birliği
BABACAN KAUCUK VE YEDEK PARCA LİMİTED ŞİRKETİ;100.YIL BULVARINO:56 ANKARA;03123854910;www.babacanrubber.com;babacanrubber.com;ÇİB - Çelik İhracatçıları Birliği
HONEYWELL TEKNOLOJİ ANONİM ŞİRKETİ;ÇAYIRYOLU SOK. ÜÇGEN PLAZANO.7 KAT 5-6-7 İÇERENKÖY ATAŞEHİR İSTANBUL;(216) 5787100;www.honeywell.com;honeywell.com;ÇİB - Çelik İhracatçıları Birliği
SİMTAŞ ELEKTRİK SANAYİ VE TİCARET ANONİM ŞİRKETİ;AKÇABURGAZ MAHALLESİ GÜLDALLAR İŞ MERKEZİNO:84 D ESENYURT İSTANBUL;(212) 8861960;www.simtaselektrik.com;simtaselektrik.com;ÇİB - Çelik İhracatçıları Birliği
ÇOLAKOĞLU DIŞ TİC.A.Ş;RÜZGARLI BAHÇE MAH. KAVAK SOK.NO:16 K:3 KAVACIK BEYKOZ İSTANBUL;(216) 6812555;www.cdt.com.tr;cdt.com.tr;ÇİB - Çelik İhracatçıları Birliği
EM ELEKTRİK MALZEMELERİ YÜKLENİM SANAYİ TİCARET A.Ş.;ESKİANKARA YOLU TUZLA ORG.SAN.BÖLGESİ4.CADDE NO.25 İTOSB AKFIRAT TUZLA İSTANBUL;(216) 5933715;www.emelec.com.tr;emelec.com.tr;ÇİB - Çelik İhracatçıları Birliği
DIKO ELEKTRIKLI CIHAZLAR SAN. VE TICARET A.S.;IMES SAN.SIT. A BLOK 101 SOK.NO:8 ÜMRANİYE İSTANBUL;02163142626;www.diko.com.tr;diko.com.tr;ÇİB - Çelik İhracatçıları Birliği
DNG UZAY KAFES SİSTEMLERİ İNŞ. VE DIŞ TİC. A.Ş.;İSTANBUL DERİ O.S.B.2.YOL ALSANCAK SOK.N:J 6-3/ODA NO:1 TUZLA İSTANBUL;(216) 3025474;www.dngcelik.com;dngcelik.com;ÇİB - Çelik İhracatçıları Birliği
ENKA PAZ.İHR.İTH.A.Ş.;ISTASYON MAH. ARAPLAR CAD. NO.6 TUZLA İSTANBUL;02164466464;www.enka.com.tr;enka.com.tr;ÇİB - Çelik İhracatçıları Birliği
SET İSKELE KALIP SAN.TİC.LTD.ŞTİ.;ELİT GRAND PALAS YENİ ŞEHİR MH. ŞEFİKA SK. NO:4 K:1/78 YENİŞEHİR PENDİK İSTANBUL;(216) 4824108;www.setiskele.com;setiskele.com;ÇİB - Çelik İhracatçıları Birliği
ALÜ-SAN ALÜMİNYUM SAN. VE TİC. A.Ş.;DEFTERDAR MH CAYCİLAR SK NO:48 EYÜP İSTANBUL;(212) 4800600;www.alusan.com.tr;alusan.com.tr;ÇİB - Çelik İhracatçıları Birliği
DELPLAST PLASTIK VE MET.SAN.VE TIC.LTD.STI.;GEPOSB PLATİKÇİLER OSB ATATÜRK BUL. N:23 GEBZE KOCAELİ;02626464626;www.delplast.com.tr;delplast.com.tr;ÇİB - Çelik İhracatçıları Birliği
ÇEKİÇLER İNŞAAT TAŞIMACILIK TİCARET VE SANAYİ ANONİM ŞİRKETİ;ORGANIZE SANAYI BÖLGESİ 7. CAD. NO.13 Merkez ESKİŞEHİR;(222) 2360733;www.cekicler.com.tr;cekicler.com.tr;ÇİB - Çelik İhracatçıları Birliği
GDS METAL TEL ÇEKME SANAYİ VE TİCARET LİMİTED ŞİRKETİ;ZİYA GÖKALP MAHALLESİ 2745. SOKAK NO: 5/2 BAŞAKŞEHİR İSTANBUL;(212) 6713018;http://www.gdsmetal.com;gdsmetal.com;ÇİB - Çelik İhracatçıları Birliği
PİR-İNCİ BUJİTERİ İMALAT SANAYİİ TİCARET ANONİM ŞİRKETİ;HADIMKÖY MH.DR.MİTHAT MARTI CD.NO.10/12 ARNAVUTKÖY İSTANBUL;(212) 8678000;www.pir-inci.com;pir-inci.com;ÇİB - Çelik İhracatçıları Birliği
ASAF ALÜMİNYUM PAZARLAMA VE TİCARET LTD. ŞTİ.;GÜZELYALI MH MAZİ SK NO:24 PENDİK İSTANBUL;(216) 4935293;www.asafalu.com.tr;asafalu.com.tr;ÇİB - Çelik İhracatçıları Birliği
DİNAMO BAĞLANTI ELEMANLARI TİCARET VE SANAYİ ANONİM ŞİRKETİ;HALİL RIFAT PAŞA MH YÜZER HAVUZ SK PERPA TİC MERKEZİ B BLOK KAT:2/19 ŞİŞLİ İSTANBUL;(212) 2226121;www.dinamo.com.tr;dinamo.com.tr;ÇİB - Çelik İhracatçıları Birliği
2A MÜHENDİSLİK SANAYİ VE TİCARET ANONİM ŞİRKETİ;KAĞITHANE MERKEZ MAH. KAĞITHANE CAD.2A İŞ MERKEZİ NO:2 KAĞITHANE KAĞITHANE İSTANBUL;02123215252;2a.com.tr;2a.com.tr;ÇİB - Çelik İhracatçıları Birliği
MEZBAHA TEKNOLOJİLERİ SAN. VE TİC.LTD.ŞTİ.;İST TUZLA ORG. SAN. BÖL. ESKİANKARA ASFALTI 3 CAD. NO.3 TUZLA İSTANBUL;(216) 2905423;www.mezbahateknolojileri.com;mezbahateknolojileri.com;ÇİB - Çelik İhracatçıları Birliği
DİJİTALPORT İSTANBUL DANIŞ. LOJ. AMB. SAN. VE TİC. LTD. ŞTİ.;BALABAN MH. UZUNGOL CD. C BLOK N:1-2 SİLİVRİ İSTANBUL;(212) 2195969;www.dijitalport.com;dijitalport.com;ÇİB - Çelik İhracatçıları Birliği
EAGLE BURGMANN ENDÜSTRİYEL SIZDIRMAZLIK SANAYİ VE TİCARET LİMİTED ŞİRKETİ;AYDINLI KOSB MAH. TUZLA KİMYA SANAYİ OSB TUNA CADDESİ NO:8MELEK ARAS BULVARI TUNA CAD. NO: 8 TUZLA İSTANBUL;(216) 5930293;www.eagleburgmann.com.tr;eagleburgmann.com.tr;ÇİB - Çelik İhracatçıları Birliği
NEMA ÇELİK KONSTRİKSİYON SAN. VE TİC. LTD. ŞTİ.;MİMAR SİNAN MAH. BASRA CAD. NO:47/49 MİMAR SİNAN MAHALLESİ SULTANBEYLİ İSTANBUL;(216) 6601747;www.nemacelik.com.tr;nemacelik.com.tr;ÇİB - Çelik İhracatçıları Birliği
KAŞ METAL İZOL. İNŞ.SAN.TİC.LTD.ŞTİ.;SEYİTNİZAM MH. DEMİRCİLER SİT. 8. YOL NO:70-72-74 ZEYTİNBURNU İSTANBUL;(212) 5583107;www.kasmetal.com.tr;kasmetal.com.tr;ÇİB - Çelik İhracatçıları Birliği
ALKON HAFİF ÇELİK YAPI A.Ş.;VERYAP PLAZA KAT :1 NO:172 PENDİK İSTANBUL;(216) 6521007;www.alkoncelik.com;alkoncelik.com;ÇİB - Çelik İhracatçıları Birliği
GÖVER ÇELİK HALAT İTH. İHR. SAN. VE TİC. LTD. ŞTİ.;ÜMMET SOKAK NO:11/A EVLİYA ÇELEBİ 34944 TUZLA, İSTANBUL, TÜRKİYE TUZLA İSTANBUL;02164470540;www.gover.com.tr;gover.com.tr;ÇİB - Çelik İhracatçıları Birliği
METAL YAPI HOLDİNG A.Ş.;RÜZGARLIBAHÇE MH ÖZALP ÇIKMAZI SK NO:2 K PLAZA KAT:8 PAŞABAHÇE BEYKOZ İSTANBUL;(216) 4250325;www.metalyapi.com;metalyapi.com;ÇİB - Çelik İhracatçıları Birliği
SULTANA GIDA SANAYİ VE DIŞ TİC.LTD.ŞTİ.;PERPA TİC. MERKEZİ A BLOK K:11NO:1364 OKMEYDANI ŞİŞLİ İSTANBUL;(212) 2100311;www.sultanexport.com;sultanexport.com;ÇİB - Çelik İhracatçıları Birliği
KERVANSAN YAPI MALZEMELERİ SANAYİ VE TİCARET LİMİTED ŞİRKETİ;FERHATPAŞA MAH. EYÜP SULTAN CAD. NO:10/4 ATAŞEHİR İSTANBUL;(216) 5723024;www.kervansan.com.tr;kervansan.com.tr;ÇİB - Çelik İhracatçıları Birliği
ÇEMSAN DIŞ TİCARET A.Ş.;1.ORGANİZE SANAYİ BÖLGESİ 1 NOLU YOLNO:33 ARİFİYE SAKARYA;(264) 2916103;www.cemsan.com;cemsan.com;ÇİB - Çelik İhracatçıları Birliği
AUGER İŞ MAKİNELERİ YEDEK PARÇALARI VE DIŞ TİCARET LİMİTED ŞİRKETİ;BEYLİKDÜZÜ OSB MH. AÇELYA CAD. NO:31 BEYLİKDÜZÜ İSTANBUL;(212) 8018273;www.asfmakine.com;asfmakine.com;ÇİB - Çelik İhracatçıları Birliği
HATKİM KİMYA SANAYİ VE DIŞ TİCARET ANONİM ŞİRKETİ;KISIKLI CAD. NO.1 UZAY APT. A BLOKKAT 3 D.10 ALTUNİZADE ÜSKÜDAR İSTANBUL;(216) 3218282;www.hatkim.com.tr;hatkim.com.tr;ÇİB - Çelik İhracatçıları Birliği
ASAŞ ALÜMİNYUM SANAYİ VE TİCARET ANONİM ŞİRKETİ;RÜZGARLIBAHÇE MH KUMLU SK ASAŞ İŞ MERKEZİ NO:2 BEYKOZ İSTANBUL;(216) 6800780;www.asastr.com;asastr.com;ÇİB - Çelik İhracatçıları Birliği
E.N.D.RAF SIST.TESHIR REYONLAR MAG.EKIP-ELK.CIH.SAN.TIC.LTD.S;DOĞANKÖY CUMHURİYET NO:21/1 NİLÜFER BURSA;(224) 2712893;www.endsystem.com.tr;endsystem.com.tr;ÇİB - Çelik İhracatçıları Birliği
CAN OTO YEDEK PARÇA SAN. TİC.LTD.ŞTİ.;MİMAR SİNAN MAH. YEDPA TİC.MER.C CD.NO.61 ÜMRANİYE / İSTANBUL ATAŞEHİR İSTANBUL;(216) 4711011;www.canoto.net;canoto.net;ÇİB - Çelik İhracatçıları Birliği
PROMETAL PROFİL SANAYİ VE TİCARET LİMİTED ŞİRKETİ;AYDINLAR MH. SULTANGAZİ CAD. NO:179 - TAŞDELEN ÇEKMEKÖY ÜMRANİYE İSTANBUL;(216) 4842711;www.prometalprofil.com;prometalprofil.com;ÇİB - Çelik İhracatçıları Birliği
NATAŞ ÇİVİ SAN.VE TİC.A.Ş;KARLIKTEPE MH. METAL SK. NO:7/B KARTAL İSTANBUL;(216) 5617600;www.mustad.com;mustad.com;ÇİB - Çelik İhracatçıları Birliği
OKKO GLOBAL EĞLENCE HİZMETLERİ TİCARET ANONİM ŞİRKETİ;KAYIŞDAĞI CD. İÇERENKÖY MH. ENGİN SK.NO: 4 ENG AKTAŞ PLAZA K:7 ATAŞEHİR İSTANBUL;(216) 2662378;https://okkoglobal.com.tr/;okkoglobal.com.tr;ÇİB - Çelik İhracatçıları Birliği
KATIRCIOĞLU DEMİR ÇELİK VE SAC TİCARET SANAYİ LİMİTED ŞİRKETİ;TAVŞANLI MAHALLESİ 4506 SOKAK NO : 12PK:41400 GEBZE KOCAELİ;(262) 7249880;https://www.katircioglumetal.com/;katircioglumetal.com;ÇİB - Çelik İhracatçıları Birliği
İNTEK KALIP İSKELE SAN.VE TİC.A.Ş.;TATLIKUYU MAH DR. ZEKİ ACAR CAD NO.8 GEBZE KOCAELİ;02626421962;www.intekkalip.com.tr;intekkalip.com.tr;ÇİB - Çelik İhracatçıları Birliği
A RAYMOND BAĞLANTI ELEMANLARI SANAYİ VE TİCARET LTD. ŞTİ.;TOSB. 3.CAD 14.SOK NO:9 GEBZE KOCAELİ;;www.araymond.com.tr;araymond.com.tr;ÇİB - Çelik İhracatçıları Birliği
YG YANGIN GÜVENLİĞİ SAN. VE DIŞ TİC. LTD. ŞTİ.;4.LEVENT SANAYİ BÖLGESİ YEŞİLCE MAH.DEMİRBAŞ SOKAK N0:20 YEŞİLCE KAĞITHANE İSTANBUL;(212) 2106206;www.ygyangin.com;ygyangin.com;ÇİB - Çelik İhracatçıları Birliği
MAY EVYE VE EV GEREÇLERİ DAYANIKLI TÜKETİM MALLARI SANAYİ VE TİCARET LİMİTED ŞİRKETİ;AKÇABURGAZ SELAHADDİN EYYUBİ MAH. 1633. SK. NO: 9 İÇ KAPI NO: 1 ESENYURT İSTANBUL;(212) 6821132;www.maykromluks.com.tr;maykromluks.com.tr;ÇİB - Çelik İhracatçıları Birliği
KONTROLMATİK TEKNOLOJİ ENERJİ VE MÜHENDİSLİK A.Ş.;ORUÇREİS MAH.TEKSTİLKENT CAD.12-B/154 ESENLER İSTANBUL;(212) 6592441;www.kontrolmatik.com;kontrolmatik.com;ÇİB - Çelik İhracatçıları Birliği
ELİPS ISI VE TESİSAT MALZ. SAN.TİC. LTD. ŞTİ.;ORUÇREİS MAH TEKSTİLKENT İŞ MERKZ ORUÇREİS MAH TEKSTİLKENT İŞ MERKZ ESENLER İSTANBUL;(212) 6212034;www.elipsticaret.com;elipsticaret.com;ÇİB - Çelik İhracatçıları Birliği
HAFELE MOBILYA VE INSAAT DONANIMLARI SAN.VE TIC.A.S.;DOSB MH 1.CD NO:10 ESENŞEHİR ÜMRANİYE İSTANBUL;(216) 5285900;www.hafele.com.tr;hafele.com.tr;ÇİB - Çelik İhracatçıları Birliği
KUNT ELEKTRONIK SAN.VE TIC.A.S;IKITELLI ORGANIZE SAN.BOL.ATATÜRK BULVARI N:216 KÜÇÜKÇEKMECE İSTANBUL;02125497474;www.kunt.com.tr;kunt.com.tr;ÇİB - Çelik İhracatçıları Birliği
SKG ENDÜSTRİYEL SIZDIRMAZLIK SANAYİ VE TİCARET ANONİM ŞİRKETİ;ŞEKERPINAR MAHALLESİ FEVZİ ÇAKMAK CADDESİ DEFNE SOKAK MARMARA GERİ DÖN. SİTESİ ÇAYIROVA KOCAELİ;(262) 6588241;www.skggasket.com;skggasket.com;ÇİB - Çelik İhracatçıları Birliği
GEOQUEST MÜHENDİSLİK ÇÖZÜMLERİ ANONİM ŞİRKETİ;ALEMDAĞ MAH. REŞADİYE CAD. NO:69/D ÇEKMEKÖY İSTANBUL;(216) 4844175;www.reinforcedearth.com.tr;reinforcedearth.com.tr;ÇİB - Çelik İhracatçıları Birliği
GUVEN CELIK BORU SAN.VE TIC.LT D.STI.;EMINALIPAŞA CAD.BAHÇELERARASI SOK. NO:25/5 BOSTANCI KADIKÖY İSTANBUL;(216) 3845152;www.guvencelikboru.com;guvencelikboru.com;ÇİB - Çelik İhracatçıları Birliği
KINAT CELIK IMALAT SANAYİ MUH.TAAHHÜT LİMİTED ŞİRKETİ;OVACIK MAHALLESİ ALİ İSLAM CADDESİ NO:93 BAŞİSKELE KOCAELİ;(262) 3496065;www.kinatcelik.com.tr;kinatcelik.com.tr;ÇİB - Çelik İhracatçıları Birliği
EKSENAL ALÜMİNYUM EKSTRÜZYON TEKNOLOJİLER SANAYİ VE TİCARET ANONİM ŞİRKETİ;KOBİ OSB 29.SK.NO:25 KÖSELER DİLOVASI KOCAELİ;(262) 5029111;www.eksenal.com;eksenal.com;ÇİB - Çelik İhracatçıları Birliği
ÖZGÜN VERGO METAL SANAYİ VE TİCARET ANONİM ŞİRKETİ;GAYRETTEPE MAH. GÖNENOGLU SK. KRK HOLDING NO: 7 IÇ KAPI NO: 1 BEŞİKTAŞ İSTANBUL;(212) 2753737;http://www.krkholding.com;krkholding.com;ÇİB - Çelik İhracatçıları Birliği
HASMATİK MİMARİ CAM VE METAL SİSTEMLERİ LİMİTED ŞİRKETİ;CUMHURİYET MH GÜRPINAR YOLU CD BEYKENT SAN SİT NO:61/66 BÜYÜKÇEKMECE İSTANBUL;(212) 8721250;www.hasmatik.com.tr;hasmatik.com.tr;ÇİB - Çelik İhracatçıları Birliği
KARAYAKA ALUMINYUM OTOMASYON INS.SAN.VE TIC.LTD.STI.;ISTIKLAL MAH.CARK SAN.TURKMENSOK NO.12 Merkez SAKARYA;02642731044;www.karayaka.com.tr;karayaka.com.tr;ÇİB - Çelik İhracatçıları Birliği
SYM GLOBAL DIŞ TİCARET İNŞAAT SANAYİ LİMİTED ŞİRKETİ;TEPEALTI MAHALLESİ TEPEALTI MERKEZ SOKAK NO:79 SALIPAZARI SAMSUN;;www.aurafence.com.tr;aurafence.com.tr;ÇİB - Çelik İhracatçıları Birliği
METRO ELEKTRİK MÜHENDİSLİK TAAHHÜT SANAYİ VE TİCARET ANONİM ŞİRKETİ;ŞERİFALİ MH.ÇETIN CAD. I.HAKKI SOK. NO-36 ÜMRANİYE İSTANBUL;02164204040;www.metroelektrik.com.tr;metroelektrik.com.tr;ÇİB - Çelik İhracatçıları Birliği
SİMGETEK İMALAT VE MÜHENDİSLİK A.Ş.;GAYRETLİ SK DEMİRCİLER APT 20/15 ÜSKÜDAR İSTANBUL;(216) 3259350;www.simgetek.com;simgetek.com;ÇİB - Çelik İhracatçıları Birliği
LİNAR İÇ VE DIŞ TİCARET ANONİM ŞİRKETİ;KAVACIK MH FSM CADDESİ TONOGLU PLAZA NO 3/4 NO 116 BEYKOZ İSTANBUL;(216) 0000000;http://www.linardtr.com;linardtr.com;ÇİB - Çelik İhracatçıları Birliği
ISTANBUL MAKPA END.MUTFAK EKIP SAN.TIC.A.S.;YENISEHIR DEREBOYU CAD.KUCUKODALAR SOK.NO:13 BEYOĞLU İSTANBUL;02122974604;www.makpa.com.tr;makpa.com.tr;ÇİB - Çelik İhracatçıları Birliği
GEO METAL SAN. TİC. LTD. ŞTİ.;TEPEÖREN ORTA MH. EKŞİOĞLU ERDEM SAN. SİT. B2 BLOK NO:5 TUZLA İSTANBUL;(216) 3042260;www.geometal.com.tr;geometal.com.tr;ÇİB - Çelik İhracatçıları Birliği
TAYEN ENDÜSTRİ TESİSLERİ MÜHENDİSLİK TAAHHÜT SAN. VE TİC. A.Ş.;ZAFER MAH. ŞEHİT YÜZBAŞI YÜCEL KENTER CAD. 2M 11 BLK NO.14 ÇORLU TEKİRDAĞ;(282) 6732225;www.tayen.com.tr;tayen.com.tr;ÇİB - Çelik İhracatçıları Birliği
AÇIKHAVA FABRİKASI MEDYA REKLAMCILIK HİZMETLERİ ANONİM ŞİRKETİ;CUMHURİYET MAH. SİLAHŞÖR CD. YENİ YOL SOK. NO:8 BOMONTİ BUSİNESS CENTER 4/24 ŞİŞLİ İSTANBUL;(212) 2176100;www.outdoorfactory.com;outdoorfactory.com;ÇİB - Çelik İhracatçıları Birliği
ARMA YAPI MALZEMELERI TICARET VE SANAYI LTD.STI.;DEMIRCILER SITESI 1.YOL NO.45 ZEYTİNBURNU İSTANBUL;(212) 5473589;www.armayapi.com.tr;armayapi.com.tr;ÇİB - Çelik İhracatçıları Birliği
AVRASYA PASLANMAZ MÜHENDISLIK VE IMALAT SANAYI TICARET LIMITED SIRKETI;İKİTELLİ ORG. SAN. BÖL. METAL İŞ SANAYİ SİTESİ3.BLOK NO:29 BAŞAKŞEHİR İSTANBUL;(212) 5494727;www.avrasyapaslanmaz.com;avrasyapaslanmaz.com;ÇİB - Çelik İhracatçıları Birliği
METKON ÇELİK YAPI VE LOJİSTİK ANONİM ŞİRKETİ;OSMAN YILMAZ MAH. 641. SK. NO:10 D.1 GEBZE KOCAELİ;(262) 2555640;http://www.metkonas.com;metkonas.com;ÇİB - Çelik İhracatçıları Birliği
VESNA METAL VE PROFİL SAN.DIŞ TİC.LTD.ŞTİ.;DUDULLU OSB MH DEŞ SAN SİT 113 SK NO:73 ÜMRANİYE İSTANBUL;(216) 3135396;www.vesnametal.com.tr;vesnametal.com.tr;ÇİB - Çelik İhracatçıları Birliği
E.M.P. END. MAM. PAZ. SAN. VE TİC. LTD. ŞTİ.;İKİTELLİ ORGANİZE SANAYİ BÖLGESİ ESKİ TURGUT ÖZAL CAD. NO:8 D BLOK 104 / A BAŞAKŞEHİR İSTANBUL;(212) 6658808;www.emp.com.tr;emp.com.tr;ÇİB - Çelik İhracatçıları Birliği
ŞANAL ISI SANAYİ VE TİCARET LİMİTED ŞİRKETİ;İNCEĞİZ YOLU KALEİÇİ MAHALLESİKANBACI MEVKİİ SOK. NO : 15 - A 34540 ÇATALCA İSTANBUL;(212) 7897030;www.sanalisi.com;sanalisi.com;ÇİB - Çelik İhracatçıları Birliği
T BANT IMALAT SAN. VE TIC. A.Ş;ORGANIZE DERI SAN.BÖLG.10.YOLNO.Ç3/3 TUZLA İSTANBUL;02163948370;www.tbantsan.com;tbantsan.com;ÇİB - Çelik İhracatçıları Birliği
BAKİ GRUP İNŞAAT SANAYİ VE TİCARET LİMİTED ŞİRKETİ;YENİŞEHİR MAH. SÜMBÜL SK. EKİNCİ RESİDANCENO: 8/2 İÇ KAPI NO: 601 PENDİK İSTANBUL;(216) 8072025;http://www.bakigrup.com;bakigrup.com;ÇİB - Çelik İhracatçıları Birliği
ATLAS SHIP SUPPLY GEMİ TEDARİK HİZMETLERİ TİCARET ANONİM ŞİRKETİ;15 TEMMUZ MAHALLESİ KOÇMAN CADDESİ NO : 48 BAĞCILAR İSTANBUL;(212) 6139110;www.atlasshipsupply.com;atlasshipsupply.com;ÇİB - Çelik İhracatçıları Birliği
KAYRA METAL ANONİM ŞİRKETİ;AKÇABURGAZ MH 592 SK NO:14 ESENYURT İSTANBUL;(212) 4520050;www.kayrametal.com.tr;kayrametal.com.tr;ÇİB - Çelik İhracatçıları Birliği
DEGA DEMİR VE GALVANİZ SAN. A.Ş.;ORHANGAZİ MAH. DEMİR SOK. NO.4 ESENYURT İSTANBUL;(212) 6232600;www.degademir.com;degademir.com;ÇİB - Çelik İhracatçıları Birliği
ENGIN METAL TICARET VE SANAYİ ANONİM ŞİRKETİ;GEBZE, OSB-2 MAHALLESİ 1400 SOKAK NO: 1408/1 ÇAYIROVA KOCAELİ;(262) 6771740;www.enginmetal.com;enginmetal.com;ÇİB - Çelik İhracatçıları Birliği
SVS TELEKOMİNİKASYON HİZM. SAN. VE TİC. A.Ş.;ESENKENT MAH. BARAJ YOLU CAD. EMİRGAN SOK. NO.3 ÜMRANİYE İSTANBUL;(216) 3295600;www.svstelekom.com.tr;svstelekom.com.tr;ÇİB - Çelik İhracatçıları Birliği
MEGAMAK DIŞ TİC.LTD.ŞTİ.;ADNAN KAHVECİ MAH. YAVUZ SULTAN SELİM BUL. UMUT 2 BLOK NO:6 D:4 BEYLİKDÜZÜ İSTANBUL;(212) 8550204;www.megemak.net;megemak.net;ÇİB - Çelik İhracatçıları Birliği
ZİLAN DIŞ TİC.LTD.ŞTİ.;MAHMUTBEY 2660 SOK.NO 23/31 BAĞCILAR İSTANBUL;(212) 6322323;www.zilan.com.tr;zilan.com.tr;ÇİB - Çelik İhracatçıları Birliği
ZERAY PLASTİK BORU TESİSAT VE İNŞ. MALZ. SAN. TİC. LTD. ŞTİ.;KARAAĞAÇ KURŞAN ÇİFT.HADİMKÖY YOLU ÜZERİKAPI:15 BÜYÜKÇEKMECE İSTANBUL;(212) 8581523;www.zerayplastik.com;zerayplastik.com;ÇİB - Çelik İhracatçıları Birliği
ÖZTÜRK YAPI VE END. MALZ. TİC. VE SAN. LTD. ŞTİ.;MUSTAFA KEMAL PAŞA CAD. NO:41 YARIMBURGAZ KÜÇÜKÇEKMECE İSTANBUL;(212) 6704345;www.ozturkltd.com.tr;ozturkltd.com.tr;ÇİB - Çelik İhracatçıları Birliği
MESAN KİLİT ANONİM ŞİRKETİ;MİMARSİNAN MAH. ULUĞBEY CAD. FABRİKA SİTESİ NO:7 SİLİVRİ İSTANBUL;(212) 7214444;www.mesanlocks.com;mesanlocks.com;ÇİB - Çelik İhracatçıları Birliği
AKSAN KALIP SANAYI VE TIC.A.S.;BEYLİKDÜZÜ O.S.B. BAKIR VE PİRİNÇ SAN. SİTESİ KARANFİL CAD. NO:15 BEYLİKDÜZÜ İSTANBUL;(212) 8764720;www.aksan-co.com;aksan-co.com;ÇİB - Çelik İhracatçıları Birliği
ZEK İÇ VE DIŞ TİCARET LİMİTED ŞİRKETİ;ALTINTEPSİ MAH. ASLANTEPE SK. NO:3/B BAYRAMPAŞA İSTANBUL;(212) 5672208;www.zekmakina.com;zekmakina.com;ÇİB - Çelik İhracatçıları Birliği
İZMİT MAKİNA SAN. VE TİC. LTD. ŞTİ.;KULVAR YOLU ÜZERI OVACIK MH. ALI ISLAM CD. NO:47 Merkez KOCAELİ;02623496332;www.izmitmakina.com;izmitmakina.com;ÇİB - Çelik İhracatçıları Birliği
WHITEWAY TEKNOLOJİ DIŞ TİC. LTD. ŞTİ;KÜLTÜR MH VİŞNE ÇIKMAZİ SK NO:1/13 ETİLER BEŞİKTAŞ İSTANBUL;(212) 3515163;www.whitewaytechnology.com.tr;whitewaytechnology.com.tr;ÇİB - Çelik İhracatçıları Birliği
SAMET KALIP VE MADENI ESYA SAN VE TIC.A.S.;ATATÜRK MH ADNAN MENDERES CD NO:8-13 KIRAÇ ESENYURT İSTANBUL;(212) 8867523;www.samet.com.tr;samet.com.tr;ÇİB - Çelik İhracatçıları Birliği
FYT MÜHENDİSLİK İNŞAAT VE ALÜMİNYUM SANAYİ TİCARET ANONİM ŞİRKETİ;IHLAMURKUYU MAH. HATİPLER SOK. NO:2ASK.NO.2 ÜMRANİYE İSTANBUL;(216) 6140120;www.fyt.com;fyt.com;ÇİB - Çelik İhracatçıları Birliği
MAYA KAYNAK ANONİM ŞİRKETİ;MAHMUTBEY MH TAŞOCAĞI YOLU CD AĞAOĞLU MY OFFİCE 212 B BLOK NO:3 KAT:13 D:213 BAĞCILAR İSTANBUL;(212) 6716046;www.mayakaynak.com.tr;mayakaynak.com.tr;ÇİB - Çelik İhracatçıları Birliği
DOKA KALIP-İSKELE SANAYİ VE TİCARET ANONİM ŞİRKETİ;İNÖNÜ MAH. NAZARBAYEV SOK. NO:19GOSB 41400 GEBZE KOCAELİ;(262) 7515066;www.doka.com/tk;doka.com;ÇİB - Çelik İhracatçıları Birliği
BUSER ENERJİ DIŞ TİCARET LİMİTED ŞİRKETİ;SÜTLÜCE MH İMRAHOR CD ZORBAYİR SK NO:11 BEYOĞLU İSTANBUL;(212) 2569390;www.buserproject.com;buserproject.com;ÇİB - Çelik İhracatçıları Birliği
GRUP IMAJ AYDINLATMA SAN. VE TIC.A.Ş.;DENİZ AKTAŞ CAD. NO:6 KAVAKLI BEYLİKDÜZÜ İSTANBUL;(212) 6899308;www.grupimaj.com;grupimaj.com;ÇİB - Çelik İhracatçıları Birliği
KOÇÇELİK METAL İNŞ. SAN.VE LTD.ŞTİ.;BATTALGAZİ MAH.BOSNA BULVARI NO:120/1 SULTANBEYLİ İSTANBUL;(216) 5926553;www.koccelikmetal.com;koccelikmetal.com;ÇİB - Çelik İhracatçıları Birliği
BGH KOCAELİ ÖZEL ÇELİK ANONİM ŞİRKETİ;ÇERKEŞLİ OSB MAHALLESİ İMES 3 BLV. A APT DİLOVASI KOCAELİ;(262) 5032777;www.bgh.com.tr;bgh.com.tr;ÇİB - Çelik İhracatçıları Birliği
UĞUR METİN BİLGİN;ŞEREFLİ MH MEVDUDİ SK NO:31 ÇAKMAK ÜMRANİYE İSTANBUL;(216) 6340489;www.bilginmetal.net;bilginmetal.net;ÇİB - Çelik İhracatçıları Birliği
SİDRA GROUP TURİZM İNŞAAT TEKSTİL SANAYİ İÇ VE DIŞ TİCARET LİMİTED ŞİRKETİ;KEMALPAŞA MH GENÇTÜRK CD NO:32 KAT:1|1 FATİH İSTANBUL;(212) 6596849;www.sidragroup.com;sidragroup.com;ÇİB - Çelik İhracatçıları Birliği
KALIPSAN KALIP PLASTİK VE AMBALAJ SANAYİ TİCARET LİMİTED ŞİRKETİ;CİHANGİR MAH.DOLUM TESİSLERİ MEVKİİ ŞEHİT KOMANDO ONBAŞI UĞUR HANCI SOK.NO:12/A AVCILAR İSTANBUL;(212) 4226390;www.kalipsan.com.tr;kalipsan.com.tr;ÇİB - Çelik İhracatçıları Birliği
KAYA YAPI İÇ MİM. TASARIM İNŞ. DENİZ. TAAH. SAN. VE TİC. AŞ;PERPA TICARET MERK.K.7-8 1.CADNO.939 ŞİŞLİ İSTANBUL;02122211776;www.kayayapi.com.tr;kayayapi.com.tr;ÇİB - Çelik İhracatçıları Birliği
ROZMAS METAL SANAYI VE TICARET A.S.;GEBZE ORGANIZE SANAYI BOLGESI1900 SOK. NO.1900/2 GEBZE KOCAELİ;02627511315;www.rozmas.com.tr;rozmas.com.tr;ÇİB - Çelik İhracatçıları Birliği
EREN BORU PROFİL SAN.VE DIŞ TİC.LTD.ŞTİ.;EVLİYA ÇELEBİ MAH.RAUF ORBAY CAD.MAVİ SOKNO:12 TUZLA İSTANBUL;(216) 3954202;www.erenboru.com.tr;erenboru.com.tr;ÇİB - Çelik İhracatçıları Birliği
C.H.N HAMLE MAKİNE SANAYİ VE TİCARET LTD. ŞTİ.;OSMANGAZİ MH.OSMANGAZI CD.NO:195 SAMANDIRA SANCAKTEPE İSTANBUL;02163111272;www.chnhamle.com;chnhamle.com;ÇİB - Çelik İhracatçıları Birliği
LİNOFLEKS YER DÖŞEMELERİ SAN. VE TİC.LTD.ŞTİ;ATATÜRK MAH. YAKUT CAD. ZÜMRÜT SİTESİ 1. BLOK D:3 ATAŞEHİR İSTANBUL;(216) 4550200;www.linofleks.com;linofleks.com;ÇİB - Çelik İhracatçıları Birliği
TEPE PASLANMAZ ÇELİK METAL MAMÜLLERİ SANAYİ VE TİCARET LİMİTED ŞİRKETİ;DUDULLU ORGANİZE SANAYİ BÖLGESİ DES SANAYİ SİTESİ 1. CADDE C-6 BLOK NO:64 YUKARIDUDULLU ÜMRANİYE İSTANBUL;(216) 4992288;www.tepepaslanmaz.com.tr;tepepaslanmaz.com.tr;ÇİB - Çelik İhracatçıları Birliği
DEMKA DIŞ TİCARET VE PAZARLAMA ANONİM ŞİRKETİ;BARBAROS MAH. BEGONYA SOK. NİDAKULE ATASEHİR KUZEY 3A KAT : 21 NO:184 ATAŞEHİR ATAŞEHİR İSTANBUL;(216) 5921616;www.demkaexport.com;demkaexport.com;ÇİB - Çelik İhracatçıları Birliği
EKSPER METAL LTD. ŞTİ.;ŞERİFALİ MH. KIBLE SK. NO:19/21 LOFT UP 7.60 KAT 1 DAİRE 4 ÜMRANİYE İSTANBUL;(216) 5041696;www.ekspermetal.com;ekspermetal.com;ÇİB - Çelik İhracatçıları Birliği
ONURFİX MONTAJ SİSTEMLERİ SANAYİ TİCARETİ ANONİM ŞİRKETİ;MADENLER MH PALANDÖKEN CD NO:44B ÜMRANİYE İSTANBUL;(216) 5260333;www.onurfix.com.tr;onurfix.com.tr;ÇİB - Çelik İhracatçıları Birliği
YELKEN KALIP PENCERE KAPI AKSESUARLARI VE METAL SANAYİ TİCARET ANONİM ŞİRKETİ;BATTAL GAZİ MH AHMET HAŞİM CD NO:27/1 KIRAÇ ESENYURT İSTANBUL;(212) 7713443;www.yelken.com.tr;yelken.com.tr;ÇİB - Çelik İhracatçıları Birliği
VESTEL TİCARET ANONİM ŞİRKETİ;ORGANIZE SANAYI BOLGESI MANİSA MANİSA;(236) 2330131;www.vestel.com.tr;vestel.com.tr;ÇİB - Çelik İhracatçıları Birliği
YILMAZLAR CELIK KONSTRUKSIYON VE MAK.IML.MONT.SAN.VE TIC.A.S;ESKİ GÖLCÜK YOLU 5. KM İZMİT KOCAELİ;(262) 3350116;www.yilmazlaras.com.tr;yilmazlaras.com.tr;ÇİB - Çelik İhracatçıları Birliği
EUROTRAY METAL KABLO TAŞIMA VE ELEKTRİK SANAYİ TİCARET ANONİM ŞİRKETİ;ŞEKERPINAR MAH.ECE SK.NO:3/1 ÇAYIROVA KOCAELİ;(262) 6580100;www.cemesan.com.tr;cemesan.com.tr;ÇİB - Çelik İhracatçıları Birliği
SAYGINLAR TARIM MAKİNALARI OTOM. İNŞ. MALZ. GIDA SAN. VE TİC. LTD. ŞTİ.;YEŞİLYURT MH. NO:89/A AFYONKARAHİSAR AFYON;(272) 2293723;www.sayginlarmakina.com;sayginlarmakina.com;ÇİB - Çelik İhracatçıları Birliği
KARACA ZÜCCACİYE TİCARET VE SANAYİ A.Ş.;YAKUPLU MERKEZ MAH.BEYSAN SAN.SİT.BİRLİK CAD.NO.24 YAKUPLU BEYLİKDÜZÜ İSTANBUL;(212) 4124400;www.krc.com.tr;krc.com.tr;ÇİB - Çelik İhracatçıları Birliği
KAYA METAL SANAYI VE TICARET LTD.STI.;AKÇABURGAZ MAH. 3084 SOK. NO:6/2 ESENYURT İSTANBUL;(212) 8865077;www.kayametaltelizgara.com;kayametaltelizgara.com;ÇİB - Çelik İhracatçıları Birliği
LİNES DEMİR İTHALAT İHRACAT SANAYİ TİC.LTD.ŞTİ;SAMANLI MAH. İSMETİYE CD. NO:38/1 YILDIRIM BURSA;(224) 3414171;www.linesdemir.com;linesdemir.com;ÇİB - Çelik İhracatçıları Birliği
URT MÜHENDİSLİK BASINÇLI KAPLAR MAKİNA SANAYİ TİCARET ANONİM ŞİRKETİ;İOSB METAL İŞ SANAYİ SİTESİ 13. BLOK NO:29 BAŞAKŞEHİR İSTANBUL;(212) 6717223;www.urtmuhendislik.com.tr;urtmuhendislik.com.tr;ÇİB - Çelik İhracatçıları Birliği
NİSAN PASLANMAZ İÇ VE DIŞ TİC. LTD. ŞTİ.;DES SANAYİ SİTESİ 1. CADDE D 2 BLOK NO:15 YUKARIDUDULLU ÜMRANİYE İSTANBUL;(216) 5773638;www.nisanpaslanmaz.com;nisanpaslanmaz.com;ÇİB - Çelik İhracatçıları Birliği
SÖNMEZLER METAL DEMİR ÇELİK İNŞAAT SANAYİ VE TİCARET ANONİM ŞİRKETİ;19 MAYIS MAH. MERCAN SOK.NO : 4 GEBZE KOCAELİ;(216) 5154886;www.sonmezlermetal.com.tr;sonmezlermetal.com.tr;ÇİB - Çelik İhracatçıları Birliği
OZBAYSAN MAKİNA SANAYİ TİCARET LİMİTED ŞİRKETİ;MUALLİMKÖY MAHALLESİ GAZİDEDE CADDESİ NO:111 GEBZE KOCAELİ;(262) 3200054;www.ozbaysan.com;ozbaysan.com;ÇİB - Çelik İhracatçıları Birliği
MERTES KLIMA HAVALANDIRMA IZO. INS.TAAH.TES.SAN.VE TIC.LTD.ST;19 MAYIS MAH. SÜMER SOK. ZİTAŞ İŞ MERK. C4 BLOK K.3 D.8 KADIKÖY 34742 KADIKÖY, İSTANBUL, TÜRKİYENO.1228 KADIKÖY İSTANBUL;;www.mertesklima.com.tr;mertesklima.com.tr;ÇİB - Çelik İhracatçıları Birliği
MD ÇELİK KAPI TİC. LTD. ŞTİ.;TERAZİDERE MAH.MELTEM SOK.N:11İÇ KAPI NO:A BAYRAMPAŞA İSTANBUL;(212) 6747608;www.mertdoor.com;mertdoor.com;ÇİB - Çelik İhracatçıları Birliği
LUKOIL LUBRICANTS MIDDLE EAST MADENİ YAĞ SAN. VE TİC. LTD. ŞTİ.;AKATLAR CAD. EBULULA MARDİN CAD.NO.22 MAYA PARK 1 TOWER BEŞİKTAŞ İSTANBUL;(212) 2759810;www.lokoil.com.tr;lokoil.com.tr;ÇİB - Çelik İhracatçıları Birliği
ERTOK YAPI MALZEMELERİ SAN. VE TİC. AŞ;ÇATALÇEŞME MH SARAY CD NO:291 A ÇEKMEKÖY İSTANBUL;(216) 4290890;www.er-tok.com.tr;er-tok.com.tr;ÇİB - Çelik İhracatçıları Birliği
KAYA ÇELIK İNŞAAT PAZARLAMA SANAYİ TİCARET LİMİTED ŞİRKETİ;OSMANGAZİ MH GAZİ CD ÇATI İHTİSAS SİT NO:13/3 ESENYURT İSTANBUL;(212) 6792470;www.kayacelik.com;kayacelik.com;ÇİB - Çelik İhracatçıları Birliği
MTGSTEEL YASSI ÇELİK İTHALAT İHRACAT SANAYİ VE TİCARET LİMİTED ŞİRKETİ;ŞEKERPINAR MAH. ECE SK. NO: 3 ÇAYIROVA KOCAELİ;(262) 0000000;https://www.mtgsteel.com/;mtgsteel.com;ÇİB - Çelik İhracatçıları Birliği
HAREKET KONTROL SERVİS MERKEZİ SANAYİ VE İNŞAAT TAAHHÜT TİCARET ANONİM ŞİRKETİ;TOSB OTOMOTİV (OSB) MAH. 1. CD. C BLOK 8/3 NO:12-ŞEKERPINAR ÇAYIROVA/KOCAELİ ÇAYIROVA KOCAELİ;(262) 4447457;www.hksm.com.tr;hksm.com.tr;ÇİB - Çelik İhracatçıları Birliği
DENKA PROFİL METAL İNŞAAT OTOMOTİV SAN. TİC. LTD. ŞTİ.;TEKSAN SANAYİ SİTESİ H5 BLOK NO:5 ODUNPAZARI ESKİŞEHİR;(222) 2281666;www.denka.com.tr;denka.com.tr;ÇİB - Çelik İhracatçıları Birliği
HICCOMPANY ENDÜSTRİYEL ENERJİ İNŞAAT SAN. TİC. A.Ş.;FULYA MAH.ORTAKLAR CAD.DENİZHAN SOK ALİŞAR APT.NO:4-6 KAT 3 D.4 ŞİŞLİ İSTANBUL;(212) 8722293;www.hiccompany.com;hiccompany.com;ÇİB - Çelik İhracatçıları Birliği
HYDRO YAPI SİSTEM SAN.VE TİC. A.Ş.;YEŞİLKÖY MAH. ATATÜRK CAD. NO:10/1 IDTM A1 BLOK KAT:16 OFİS NO:464 YEŞİLKÖY BAKIRKÖY İSTANBUL;(212) 4657650;www.sapa.com.tr;sapa.com.tr;ÇİB - Çelik İhracatçıları Birliği
SER HİDROLİK MAKİNA MÜHENDİSLİK ELEKTRİK ELEKTRONİKSAN.VE TİC.LTD.ŞTİ;Y.DUDULLU MH.İMES SAN.SİT.504.SK.NO:13 ÜMRANİYE İSTANBUL;(216) 5275277;serhidrolik.com;serhidrolik.com;ÇİB - Çelik İhracatçıları Birliği
AKPA ALÜMİNYUM SANAYİ VE TİCARET ANONİM ŞİRKETİ;HÜRRİYET MH DR CEMİL BENGÜ CD NO:6 KAĞITHANE İSTANBUL;(000) 4442499;www.akpaas.com.tr;akpaas.com.tr;ÇİB - Çelik İhracatçıları Birliği
TEZCAN INTERNATIONAL LOJİSTİK VE DIŞ TİCARET LİMİTED ŞİRKETİ;YAKUPLU MAH. 67.SK . NO:4 İÇ KAPI NO:13 BEYLİKDÜZÜ İSTANBUL;;www.tezcaninternational.com;tezcaninternational.com;ÇİB - Çelik İhracatçıları Birliği
GÜNAŞ GÜNDÜZLER TARIM MAK.VE ALET.TİC.SAN.A.Ş.;PELİTLİ MH 4415 SK NO:4 KÖYLER GEBZE KOCAELİ;(262) 7511072;www.gunas.com.tr;gunas.com.tr;ÇİB - Çelik İhracatçıları Birliği
SCHMİD PEKİNTAŞ GÜNEŞ ENERJİ SİSTEMLERİ SAN. VE TİC. A.Ş.;BÜYÜKDERE CAD.PEKİNTAŞ İŞ MERKZ.NO:32 MECİDİYEKÖY ŞİŞLİ İSTANBUL;(212) 2121222;www.schmid-pekintas.com;schmid-pekintas.com;ÇİB - Çelik İhracatçıları Birliği
SIEMENS SAN. VE TİC. AŞ;YAKACIK YOLU NO:111 YAKACIK KARTAL İSTANBUL;02164592000;www.siemens.com;siemens.com;ÇİB - Çelik İhracatçıları Birliği
FOREND ELEKTRİK MALZEMELERİ VE DIŞ TİCARET ANONİM ŞİRKETİ;HALASKARGAZİ CD ŞİŞLİ SARAYI APT NO:141 K:4/7 ŞİŞLİ ŞİŞLİ İSTANBUL;(212) 2915163;www.forend.com.tr;forend.com.tr;ÇİB - Çelik İhracatçıları Birliği
CBC COOLER BOX COMPANY ELEKTRONİK EŞYA SATIŞ VE PAZARLAMA ANONİM ŞİRKETİ;75. YIL MAH. 5301 SOK. NO:18A YUNUS EMRE MANİSA;(236) 2131212;http://www.coolerboxcompany.com.tr;coolerboxcompany.com.tr;ÇİB - Çelik İhracatçıları Birliği
PRO LAZER KESİM SAN. VE TİC. A.Ş.;HASTANE MH 29 MAYIS CD NO:48/1 ARNAVUTKÖY İSTANBUL;(212) 4447317;www.prolazerkesim.com;prolazerkesim.com;ÇİB - Çelik İhracatçıları Birliği
MACROMET METAL VE DIS TIC.LTD. STI.;NO: 2 FOLKART TIME 2. BLOK KAT:1 D:104 KAZIMDİRİK MAHALLESİ 35100 BORNOVA, İZMİR, TÜRKİYE BORNOVA İZMİR;(212) 2922688;www.macromet.com;macromet.com;ÇİB - Çelik İhracatçıları Birliği
GENPART DIS TIC.A.S.;MERKEZ MAH. SİLAHTARAĞA CAD. NO:83/1 KAT:4/C EYÜP İSTANBUL;(212) 5788787;www.genpart.com.tr;genpart.com.tr;ÇİB - Çelik İhracatçıları Birliği
MİRAX YAPI MALZEMELERİ SAN.VE DIŞ TİC. LTD ŞTİ;FERHATPAŞA MAH.42. SK.NO:11 ATAŞEHİR İSTANBUL;(216) 6612858;www.mirax.com.tr;mirax.com.tr;ÇİB - Çelik İhracatçıları Birliği
INOVOLTIS ENERJİ VE ELEKTRONİK SANAYİ TİCARET A.Ş;MEHMET AKİF ERSOY MAHALLESİ EGEMEN CADDESİ ZEMİN KAT NO:117 NO:117 TAŞOLUK ARNAVUTKÖY İSTANBUL;(216) 6870979;www.aspower.com.tr;aspower.com.tr;ÇİB - Çelik İhracatçıları Birliği
METAL MÜHENDİSLİK MAKİNE SAN. VE TİC. LTD. ŞTİ.;KARAAĞAÇ MAH.HADIMKÖY İSTANBUL CAD. NO:5 BÜYÜKÇEKMECE İSTANBUL;(212) 8712277;www.metalmuhendislik.com.tr;metalmuhendislik.com.tr;ÇİB - Çelik İhracatçıları Birliği
GLOBAL CELIK HALAT TIC.A.S.;ALİPAŞA MAH. KAZIM KARABEKİR CAD. NO:9 SİLİVRİ İSTANBUL;(212) 8790471;www.globalcelik.com;globalcelik.com;ÇİB - Çelik İhracatçıları Birliği
KILICLAR CELIK KONST.DEMIR VE SAC TIC.SAN.LTD.STI.;BURSA YOLU ÜZERI NO:22 ORHANGAZİ BURSA;02245733900;http://www.kiliclarcelik.com;kiliclarcelik.com;ÇİB - Çelik İhracatçıları Birliği
METFORM ÇELİK SANAYİ VE TİCARET ANONİM ŞİRKETİ;ÇERKEŞLİ OSB MAH. İMES 21 CAD. A APT. NO 7 DİLOVASKOCAELİ DİLOVASI KOCAELİ;(262) 3301017;https://metform.com.tr;metform.com.tr;ÇİB - Çelik İhracatçıları Birliği
BEKKİLER METAL MAKİNA İNŞAAT MALZEME TAAHHÜT NAKLİYE SANAYİ VE TİCARET ANONİM ŞİRKETİ;GAZİOSMANPAŞA OSB MAH. 2.CAD NO:1/A ALTIEYLÜL BALIKESİR;(266) 2462750;www.bekkiler.com;bekkiler.com;ÇİB - Çelik İhracatçıları Birliği
SETTAMEP ELEKTROMEKANİK PROJE VE TAAHHÜT TİCARET LİMİTED ŞİRKETİ;YENİŞEHİR MAHALLESİ RUMİ SK GÖKÇE APT NO:24/8 ATAŞEHİR İSTANBUL;;www.settamep.com;settamep.com;ÇİB - Çelik İhracatçıları Birliği
PROTEK MAK. SAN. VE TİC. LTD. ŞTİ.;BİRMES SAN.SİT B-6 BLOK NO:8-9 TUZLA İSTANBUL;(216) 3940236;protekmakina.com.tr;protekmakina.com.tr;ÇİB - Çelik İhracatçıları Birliği
SAD YAPI VE PROFİL SAN. DIŞ TİC. LTD. ŞTİ.;DUDULLU OSB DES SAN SİT 112 SK NO:39 ÜMRANİYE İSTANBUL;(216) 3641780;www.sadyapi.com;sadyapi.com;ÇİB - Çelik İhracatçıları Birliği
FUPA ASANSÖR İNŞAAT PAZARLAMA SAN. VE TİC. A.Ş.;ŞERİFALİ MAH. KIBLE SK. NO:29 YUKARIDUDULLU ÜMRANİYE İSTANBUL;(216) 5279860;www.fupa.com.tr;fupa.com.tr;ÇİB - Çelik İhracatçıları Birliği
AR ÖZEL METAL ALAŞIM LİMİTED ŞİRKETİ;OSMANGAZİ MAH. BARIŞ MANÇO CAD. NO:9 ESENYURT İSTANBUL;;www.armetalalloys.com.tr;armetalalloys.com.tr;ÇİB - Çelik İhracatçıları Birliği
FİBROBETON YAPI ELEMANLARI SAN. İNŞ. VE TİC. A.Ş.;ERTÜRK SK. NO:11 / UZKA İŞ MERKEZİ34810 ANADOLUHİSARI BEYKOZ İSTANBUL;(216) 6930404;http://www.fibrobeton.com.tr;fibrobeton.com.tr;ÇİB - Çelik İhracatçıları Birliği
ERTUNA YALITIM SAN VE TİC.LTD.ŞTİ;BAŞIBÜYÜK MAH. BAŞIBÜYÜK CAD. NO:43 MALTEPE İSTANBUL;(216) 3536262;www.ertunayalitim.com;ertunayalitim.com;ÇİB - Çelik İhracatçıları Birliği
TELSAŞ TEL VE TEL MAMÜLLERİ SAN. VE TİC. LTD. ŞTİ.;ATATURK CAD. NO.150 ALİBEYKÖY EYÜP İSTANBUL;(212) 6256337;www.telsas.com;telsas.com;ÇİB - Çelik İhracatçıları Birliği
PEŞLİ İÇ VE DIŞ TİCARET ANONİM ŞİRKETİ;GÖZTEPE MAH BESTEKAR ZİYA SOK NO 2/1 KADIKÖY İSTANBUL;(216) 3944132;www.pesli.com;pesli.com;ÇİB - Çelik İhracatçıları Birliği
MKS KAPI SİSTEMLERİ SANAYİ VE DIŞ TİCARET ANONİM ŞİRKETİ;TOPSELVİ MAH. İHSAN SOK.NO:6 KARTAL / İSTANBUL KARTAL İSTANBUL;(216) 4966162;https://www.mksmetal.com.tr/;mksmetal.com.tr;ÇİB - Çelik İhracatçıları Birliği
ÇAĞ KABARA SANAYİ VE TİCARET A.Ş.;ALİ PAŞA MAH. KÖSTEMİR CAD. NO:66 SİLİVRİ İSTANBUL;(212) 7361800;www.cagkabara.com;cagkabara.com;ÇİB - Çelik İhracatçıları Birliği
SCHUCO ISTANBUL ULUSLARARASI INSAAT TIC.LTD.STI.;DUNYA TIC.MRK.A1 BLOK 441-442KAT: 15 BAKIRKÖY İSTANBUL;02124656880;www.schueco.com.tr;schueco.com.tr;ÇİB - Çelik İhracatçıları Birliği
CENGİZ MAKİNA SANAYİ VE TİCARET A.Ş.;TAYSAD TOSB ORG.SAN.BOLG. 3.CAD. GEBZE KOCAELİ;02626581220;www.cengizmakina.com.tr;cengizmakina.com.tr;ÇİB - Çelik İhracatçıları Birliği
ENKA CİVATA İMALAT VE SANAYİ MAMÜLLERİ PAZ. A.Ş.;GEBZE ORG. SAN. BÖL. NO:716 GEBZE KOCAELİ;(262) 6510042;www.enkacivata.com;enkacivata.com;ÇİB - Çelik İhracatçıları Birliği
ORSE MAKİNE VE DIŞ TİC.LTD.ŞTİ.;"MESİHPAŞA MAH. AKSARAY CAD. DOĞAN HAN NO;1 KAT:5 FATİH İSTANBUL";(212) 5261991;www.orsemachine.com;orsemachine.com;ÇİB - Çelik İhracatçıları Birliği
AYAL ALÜMİNYUM SAN.VE TİC.LTD.ŞTİ.;DURSUNKÖY MH DURSUNKÖY BAKLALI CD NO:32/1 ARNAVUTKÖY İSTANBUL;(212) 5678030;www.aydinoglualuminyum.com;aydinoglualuminyum.com;ÇİB - Çelik İhracatçıları Birliği
TADES VANA VE BORU BAĞLANTI PARÇALARI DIŞ TİCARET LTD. ŞTİ.;HASTANE MAH. NUSRET ARMAN SOK. NO:4B / 1 ARNAVUTKÖY İSTANBUL;(212) 0000000;www.tadesvana.com.tr;tadesvana.com.tr;ÇİB - Çelik İhracatçıları Birliği
AKADEMİ METALURJİ SANAYİ VE TİCARET LİMİTED ŞİRKETİ;İKİTELLİ OSB MAH. TORMAK O BLOK SK. O BLOK NO: 16 İÇ KAPI NO: 16 BAŞAKŞEHİR İSTANBUL;(212) 4855352;http://www.akademimetalurji.com.tr;akademimetalurji.com.tr;ÇİB - Çelik İhracatçıları Birliği
ERLAU METAL SANAYI VE TICARET LIMITED SIRKETI;GEBZE OSB MH 3300 CD 3308/2 GEBZE KOCAELİ;(262) 6737400;www.erlau.com.tr;erlau.com.tr;ÇİB - Çelik İhracatçıları Birliği
HASELLER CELIK SAN.VE TIC.LTD. STI.;SANAYİ MAH. KUZEY SOK. NO.10 İZMİT KOCAELİ;(262) 3354025;www.haseller.com;haseller.com;ÇİB - Çelik İhracatçıları Birliği
SEFA MO-DE-KA MOB.DEK.VE ÇELİK KAP.SAN.LTD.ŞTİ.;BEŞYOL MAH. E-5 YANYOL ÜZERİBEŞYOL MEVKİİ BİRLİK İŞ HANI KÜÇÜKÇEKMECE İSTANBUL;(212) 5987766;www.sefamodeka.com;sefamodeka.com;ÇİB - Çelik İhracatçıları Birliği
KAPTAN ÇELİK HALAT SAN.VE TİC. A.Ş.;DEMIRCILER SITESI 3. CAD NO:54 ZEYTİNBURNU İSTANBUL;02126796910;www.kaptancelik.com;kaptancelik.com;ÇİB - Çelik İhracatçıları Birliği
KASPA DIŞ TİCARET A.Ş.;NECİP FAZIL MH. ŞAĞDIÇ SK. NO:4 SAMANDIRA SANCAKTEPE İSTANBUL;(216) 5271527;www.kas.com.tr;kas.com.tr;ÇİB - Çelik İhracatçıları Birliği
İZODOOR SOĞUK ODA KAPI VE PANEL SİSTEMLERİ SAN.TİC. LTD.ŞTİ.;ŞEKERPINAR MAH. SÜMBÜL SOKAK NO:6 ÇAYIROVA KOCAELİ;(262) 6581285;www.izodoor.com.tr;izodoor.com.tr;ÇİB - Çelik İhracatçıları Birliği
İM-PA BAĞLANTI ELEMANLARI İMALAT VE SANAYİ TİCARET LİMİTED ŞİRKETİ;TERSANE CAD.ZIYALI SOK.NO.8 BEYOĞLU İSTANBUL;(212) 2551100;www.impacivata.com;impacivata.com;ÇİB - Çelik İhracatçıları Birliği
CEMİNA YAPI SAN. A.Ş.;FULYA MH. ORTAKLAR CAD. AKSU APT. NO.4/10 MECİDİYEKÖY ŞİŞLİ İSTANBUL;(212) 3565555;www.cemina.com.tr;cemina.com.tr;ÇİB - Çelik İhracatçıları Birliği
SGT SOLAR ENERJİ ANONİM ŞİRKETİ;GÜZELYURT MAHALLESİ GÖKTÜRK CAD. NO:27 Z/01 MERKEZ NEVŞEHİR;(384) 2150772;http://www.unityenerji.com;unityenerji.com;ÇİB - Çelik İhracatçıları Birliği
DİADA YAPI TAAHHÜT SANAYİ VE DIŞ TİCARET LİMİTED ŞİRKETİ;MASALI MH BÜYÜKDERE CD NO:255/B02 SARIYER İSTANBUL;(212) 9510975;www.diadayapi.com.tr;diadayapi.com.tr;ÇİB - Çelik İhracatçıları Birliği
MAY DÜBEL BAĞLANTI ELEMANLARI İNŞAAT GIDA VE OTOMOTİV İTHALAT İHRACAT SAN. VE TİC. LTD. ŞTİ.;PERPA TIC.MERKEZI ELEKTROKENTA BLOK NO.822 K.7 ŞİŞLİ İSTANBUL;(212) 3788807;www.maydubel.com.tr;maydubel.com.tr;ÇİB - Çelik İhracatçıları Birliği
BTS ALÜMİNYUM-METAL VE PVC AKSESUAR SANAYİ VE TİCARET LİMİTED ŞİRKETİ;BEYLİKDÜZÜ OSB MH MERMERCİLER SAN SİT 7 CD NO:8 BEYLİKDÜZÜ İSTANBUL;(212) 8751714;www.btsaluminyum.com;btsaluminyum.com;ÇİB - Çelik İhracatçıları Birliği
TPE GLOBAL İÇ VE DIŞ TİCARET LTD.ŞTİ.;GÜRSEL MAH. AKMER SOK. ACA SU RESİDENCE A BLOKNO:22 KAT:5 D:33 KAĞITHANE İSTANBUL;(212) 2946030;www.tpeglobal.com;tpeglobal.com;ÇİB - Çelik İhracatçıları Birliği
BUFAB INTERNATİONAL AB MERKEZİ İSVEÇ TÜRKİYE İSTANBUL ŞUBESİ;EGS BLOKLARI BUSINESS PARK B2BLOKLARI NO.156 BAKIRKÖY İSTANBUL;02124656631;www.bufab.com;bufab.com;ÇİB - Çelik İhracatçıları Birliği
EREGIZLI MAKINA VE DISLI SAN. TIC.LTD.STI.;SÜLEYMAN DEMİREL BULVARİ SİMPAŞ İŞMODERN E27 İKİTELLİ İKİTELLİ BAŞAKŞEHİR İSTANBUL;(212) 5446419;www.eregizli.com.tr;eregizli.com.tr;ÇİB - Çelik İhracatçıları Birliği
ERGÖK AĞAÇ VE METAL İŞLERİ SAN. LTD. ŞTİ.;SANAYİ MAH.ISISO SAN.SİT.4.YOL G-BLOK NO:16-17 ESENYURT İSTANBUL;(212) 6230366;www.ergok.com.tr;ergok.com.tr;ÇİB - Çelik İhracatçıları Birliği
ERDEM OFİS DEKORASYON MOBİLYA SANAYİ VE DIŞ TİCARET LİMİTED ŞİRKETİ;BAHÇELİEVLER MAH.İZZETTİN ÇALIŞIRLAR CAD.NO:42/5 BAHÇELİEVLER İSTANBUL;(212) 4265230;www.erdemofis.com;erdemofis.com;ÇİB - Çelik İhracatçıları Birliği
GEBERİT TESİSAT SİSTEMLERİ TİCARET LTD. ŞTİ.;İÇERENKÖY MH. ENGİN SK. NO.10 D.1ATAŞEHİR İÇERENKÖY ATAŞEHİR İSTANBUL;(216) 3408273;www.geberit.com.tr;geberit.com.tr;ÇİB - Çelik İhracatçıları Birliği
FİMAR MERMER MADENCİLİK İNŞAAT AKARYAKIT TURZ. TAR. SERA. HAY. GIDA ÜRÜNLERİ TİCARET SANAYİ A.Ş.;ORGANİZE SAN.1.KISIM 1.CD.NO:5NO:4 SİVAS SİVAS;(346) 2181480;www.fimar.com.tr;fimar.com.tr;ÇİB - Çelik İhracatçıları Birliği
BOLELLİ METAL HURDA MADENCİLİK İTHALAT İHRACAT SANAYİ VE TİCARET LİMİTED ŞİRKETİ;DOSB MH DEŞ SAN SİT 109 SK B.16 BLOK NO:6 ÜMRANİYE İSTANBUL;(216) 5900088;www.bolellimetal.com;bolellimetal.com;ÇİB - Çelik İhracatçıları Birliği
OYAL METAL CELIK SAN.VE TIC. LTD.STI.;GENÇOSMAN MAH.ÇİNÇİNDERE CAD. TOPÇU SK.NO:4 EYÜP İSTANBUL;02125656669;www.oyalmetal.com;oyalmetal.com;ÇİB - Çelik İhracatçıları Birliği
ONUR DÖKÜM DEKORASYON TİCARET VE SANAYİ LİMİTED ŞİRKETİ;İKİTELLİ OSB MH PİK DÖKÜMCÜLER SAN SİT B2 BLOK NO:13 BAŞAKŞEHİR İSTANBUL;(212) 4853165;www.onurdokum.com;onurdokum.com;ÇİB - Çelik İhracatçıları Birliği
FATİH KELEŞ-ŞAHİ ÇELİK;ADLİYE MAH. ESKİŞEHİR CAD. NO:319 ARİFİYE SAKARYA;(264) 3192470;http://www.sahicelik.com;sahicelik.com;ÇİB - Çelik İhracatçıları Birliği
KAYNAK TEKNIGI SANAYI VE TICARET A.S.;TAYSAT ORG SAN BOLG 2. CAD. NO:5 GEBZE KOCAELİ;(262) 0000000;www.askaynak.com.tr;askaynak.com.tr;ÇİB - Çelik İhracatçıları Birliği
BURMAR YAPI MALZEMELERİ İNŞAAT TURİZM TEKSTİL NAKLİYE OTOMOTİV SANAYİ VE TİCARET LİMİTED ŞİRKETİ;YAVUZ SELİM MAH.BARIŞ CAD. NO:22 YILDIRIM BURSA;(224) 3661955;www.burmaryapi.com.tr;burmaryapi.com.tr;ÇİB - Çelik İhracatçıları Birliği
ŞENYUVA ALÜMİNYUM SANAYİ VE TİCARET ANONİM ŞİRKETİ;BÜYÜKBAKKALKÖY MH YAKACIK YOLU SK NO:16 MALTEPE İSTANBUL;(216) 3117777;www.senyuva.com;senyuva.com;ÇİB - Çelik İhracatçıları Birliği
TAN GRUP ALÜMİNYUM PLASTİK SAN.VE TİC.LTD.ŞTİ.;ATATÜRK MAHALLESİ ATAŞEHİR BULVARI GARDENYA PLAZA NO:5 KAT:9 ATAŞEHİR İSTANBUL;(216) 4571806;www.tan-grup.com.tr;tan-grup.com.tr;ÇİB - Çelik İhracatçıları Birliği
GURSAN ALÜMİNYUM DIŞ TİCARET LİMİTED ŞİRKETİ;AKÇABURGAZ MH ALKOP SAN SİT 1575 SK C7 BLOK NO:21-22 ESENYURT İSTANBUL;(212) 8580161;www.gursan.com.tr;gursan.com.tr;ÇİB - Çelik İhracatçıları Birliği
TORUN METAL ANONİM ŞİRKETİ;GEBZE ORG.SAN.BLG.IHSAN DEDECD .NO:116 GEBZE KOCAELİ;(262) 6771500;www.torunmetal.com;torunmetal.com;ÇİB - Çelik İhracatçıları Birliği
METAL INOKS PASLANMAZ CELIK MAM.GIDA TEKS.SAN.DIS TIC.L.;DEMIRCILER SIT.3.CD.NO.66 ZEYTİNBURNU İSTANBUL;02125463079;www.metalinoks.com;metalinoks.com;ÇİB - Çelik İhracatçıları Birliği
GÜRBÜZ VİDA TEKNİK HIRDAVAT SAN. TİC. LTD. ŞTİ.;ORGANİZE SANAYİ BÖLG. BİRLİK SANAYİ SİTESİ 6. CADDE NO 15 BEYLİKDÜZÜ İSTANBUL;(212) 5787900;http://www.gurbuzvida.com;gurbuzvida.com;ÇİB - Çelik İhracatçıları Birliği
AKS ANAHTAR KONTAK SANAYİ VE TİCARET A.Ş.;RAMAZANOĞLU MH.SANAYI CD. NO 40 PENDİK İSTANBUL;02165950355;www.akskontak.com.tr;akskontak.com.tr;ÇİB - Çelik İhracatçıları Birliği
EMRE ALÜMİNYUM YAPI SAN. TİC. A.Ş.;ADEMYAVUZ MH ALİ YÜKSEL SK NO:37 YUKARIDUDULLU ÜMRANİYE İSTANBUL;(216) 6101150;www.emrealuminyum.com.tr;emrealuminyum.com.tr;ÇİB - Çelik İhracatçıları Birliği
DBB MÜHENDİSLİK ELEKTRİK TAAHHÜT İNŞAAT TİCARET LİMİTED ŞİRKETİ;CEVİZLİ MAH. BAĞDAT CAD. OFİS İSTANBULNO:538 İÇ KAPI NO:8 MALTEPE - İSTANBUL CEVİZLİ 34840 MALTEPE İSTANBUL;(216) 3990322;http://www.dbbmuhendislik.com.tr;dbbmuhendislik.com.tr;ÇİB - Çelik İhracatçıları Birliği
BEYOĞLU ÇELİK KAPI SAN. VE TİC. LTD. ŞTİ;İOSB MAHALLESİ KERESTECİLER SİTESİ 18. BLOK NO: 38 PK:34480 BAŞAKŞEHİR İSTANBUL;(212) 6702670;www.brangobgs.com;brangobgs.com;ÇİB - Çelik İhracatçıları Birliği
PERATEK TEKNİK TIBBİ SİS. SAN. VE TİC. A.Ş.;İOSB GİYİM SANATKARLARI KOOP DEPOSİTE İS MERKEZİ A5/A6 BLOK 3 KAT NO:301 BAŞAKŞEHİR İSTANBUL;(212) 6603536;www.perateknik.com;perateknik.com;ÇİB - Çelik İhracatçıları Birliği
DALGIÇ GLOBAL IÇ VE DIS TICARET ANONIM SIRKETI;ORHANLI MAH DEMOKRASİ CAD IŞIKDAĞI PLAZA NO 26/10 TUZLA İSTANBUL;(216) 3943636;www.dalgickalip.com.tr;dalgickalip.com.tr;ÇİB - Çelik İhracatçıları Birliği
BURGMANN PACKINGS ENDUSTRIYEL SIZDIRMAZLIK SAN.VETIC.LTD.STI;BİRLİK ORG.SAN.BOLGESI BATI CAD.NO.6 AYDINLI TUZLA İSTANBUL;(216) 5931115;www.burgmannpackings.com.tr;burgmannpackings.com.tr;ÇİB - Çelik İhracatçıları Birliği
BURSA TEK ENERJİ SAN.TİC.A.Ş;ALAADDİNBEY MAHALLESİ İZMİR YOLU CAD NO:329 16110 NİLÜFER, BURSA, TÜRKİYE NİLÜFER BURSA;(224) 2740016;http://www.bursatekenerji.com;bursatekenerji.com;ÇİB - Çelik İhracatçıları Birliği
EXPERT METAL SANAYİ VE TİCARET LTD.ŞTİ.;NOSAB SÖĞÜT CAD.NO:2 NİLÜFER BURSA NİLÜFER BURSA;(224) 4110118;www.expertmetal.com.tr;expertmetal.com.tr;ÇİB - Çelik İhracatçıları Birliği
MAYDIN YAPI İNŞAAT ALÜMİNYUM SANAYİ VE TİCARET LİMİTED ŞİRKETİ;OSMAN YILMAZ MAH 626/1 SK BAHAR APT NO:2/1 GEBZE KOCAELİ;(262) 6446278;www.maydinyapi.com.tr;maydinyapi.com.tr;ÇİB - Çelik İhracatçıları Birliği
FF GRUP İNŞAAT SANAYİ VE TİCARET A.Ş.;VEYSEL KARANİ MH ÇOLAKOĞLU SK RİNGS REZİDANCE NO:10/3/68 SANCAKTEPE İSTANBUL;(216) 5043143;www.ffgroup.az;ffgroup.az;ÇİB - Çelik İhracatçıları Birliği
GOLD ÇİVİ TEL SANAYİ TİCARET LİMİTED ŞİRKETİ;KORDONBOYU MAH. ANKARA CAD. IST MARINA B BLOK NO 147 B İÇ KAPI NO: 385 KARTAL İSTANBUL;(216) 0000000;http://www.goldcivitel.com;goldcivitel.com;ÇİB - Çelik İhracatçıları Birliği
E.G.O. ELEKTRİKLİ ALETLER SAN. AŞ;ERGENE 1 O.S.B. VAKIFLAR OSB MAH. İSTANBUL CAD. NO:11/A ERGENE TEKİRDAĞ TEKİRDAĞ;(282) 6846800;www.egoproducts.com.tr;egoproducts.com.tr;ÇİB - Çelik İhracatçıları Birliği
ÖZGÜN İNŞ. LTD. ŞTİ. NUROL İNŞ. A.Ş. ADİ ORTAKLIĞI;GAYRETTEPE MH GÖNENOĞLU SK NO :7 BEŞİKTAŞ İSTANBUL;(212) 2753737;www.ozguntr.com;ozguntr.com;ÇİB - Çelik İhracatçıları Birliği
SIEX YANGIN SÖNDÜRME SİSTEMLERİ LİMİTED ŞİRKETİ;MEHMET AKİF ERSOY MAHALLESİ 274. SOKAK NO:1 A BLOK KAT11 D81 YENİMAHALLE ANKARA;(312) 4650196;www.komtes.com;komtes.com;ÇİB - Çelik İhracatçıları Birliği
TEKNİKMARKET CİVATA VE HIRDAVAT SAN TİC LTD ŞTİ.;FERHATPAŞA MAHALLESİ KARADENİZ CADDESİ NO:26 ATAŞEHİR İSTANBUL;(216) 4719110;http://www.teknikmarket.com;teknikmarket.com;ÇİB - Çelik İhracatçıları Birliği
CAMBRO ÖZAY PLASTIK SAN.VE TIC A.Ş.;GEBZE PLASTIKÇILER ORG.SN.BÖL.12.CAD.111.SOKAK GEBZE KOCAELİ;02627512940;www.ozaytray.com;ozaytray.com;ÇİB - Çelik İhracatçıları Birliği
ART GLOBAL DIS TIC LTD STI;YAYLA MAHALLESİ IRMAK SOKAK NO:2 İÇ KAPI NO:21 TUZLA İSTANBUL;(216) 0000000;www.artglobal.com;artglobal.com;ÇİB - Çelik İhracatçıları Birliği
VİDMAKS VİDA VE MAKİNA SAN. VE TİC. LTD.ŞTİ.;TOCULAR MH TALİMHANE CD NO:45/1 EYÜP İSTANBUL;(212) 5442121;www.vidmax.com.tr;vidmax.com.tr;ÇİB - Çelik İhracatçıları Birliği
LMK ÇELİK SANAYİ VE TİCARET LTD. ŞTİ.;YENİKARAMAN MAHALLESİ SANAYİ CADDE NO: 150/A OSMANGAZİ BURSA;(850) 2170108;http://www.lmkcelik.com;lmkcelik.com;ÇİB - Çelik İhracatçıları Birliği
MEKTANK MEKANİK SİSTEMLER TİCARET LİMİTED ŞİRKETİ;19 MAYIS MAH.ULAŞTIRICI SOK. NO:3 ERİŞ SİTESİA BLOK D:5 KADIKÖY İSTANBUL;;www.mektank.com;mektank.com;ÇİB - Çelik İhracatçıları Birliği
NK CELIK DIS TICARET LTD.STI.;BARBAROS MAH. AKZAMBAK SOK. NO.2VARYAP MERİDİAN SİT. A BLOK D:7 ATAŞEHİR İSTANBUL;(216) 3696299;www.nksteelltd.com;nksteelltd.com;ÇİB - Çelik İhracatçıları Birliği
LİVA GAZ ARMATÜRLERİ SANAYİ VE TİCARET ANONİM ŞİRKETİ;DELİKLİKAYA MH.ÇUBUKLU CD NO:7 ARNAVUTKÖY İSTANBUL;(212) 6716583;www.lva.com.tr;lva.com.tr;ÇİB - Çelik İhracatçıları Birliği
SARAY DÖKÜM VE MADENİ AKSAM SANAYİ TURİZM ANONİM ŞİRKETİ;BAĞLAR MH OSMANPASA CD NO:89 GÜNEŞLİ BAĞCILAR İSTANBUL;(212) 5504947;www.saray.com;saray.com;ÇİB - Çelik İhracatçıları Birliği
KAYNAK MERKEZİ HIRDAVAT MAKİNA SAN. VE TİC. LTD. ŞTİ.;NİLÜFER TİCARET MERKEZİ 64.SK. NO:2 BEŞEVLER KÜÇÜK SANAYİ SİTESİ YANI BEŞEVLER NİLÜFER BURSA;02244432370;www.kaynakmerkezi.com.tr;kaynakmerkezi.com.tr;ÇİB - Çelik İhracatçıları Birliği
REKSOİL PETROKİMYA SANAYİ VE TİCARET ANONİM ŞİRKETİ;İÇERENKÖY MAHALLESİ ERKUT SOKAK ÜNER PLAZA A BLOK APT NO:4/1/16 İÇERENKÖY ATAŞEHİR İSTANBUL;(216) 5774300;www.rexoil.com.tr;rexoil.com.tr;ÇİB - Çelik İhracatçıları Birliği
EUROMECHANİC MÜHENDİSLİK SANAYİ VE TİCARET LİMİTED ŞİRKETİ;BALÇIK MAH. 4865. SK. NO: 16 A GEBZE KOCAELİ;;http://www.euromechanic.com.tr;euromechanic.com.tr;ÇİB - Çelik İhracatçıları Birliği
OTANK ENDÜSTRİ ENERJİ İNŞAAT LTD. ŞTİ.;ORHANLI ORTA MAH. ATAYOLU CAD. ERDEM SAN. SİT. NO.F3/5 TUZLA İSTANBUL;(216) 3040633;www.otank.com.tr;otank.com.tr;ÇİB - Çelik İhracatçıları Birliği
MAKYAY MAKİNE VE YAY SAN. TİC. LTD. ŞTİ.;RAMAZANOĞLU MH SANAYİ CD NO:34 PENDİK İSTANBUL;(216) 3787288;www.makyay.com.tr;makyay.com.tr;ÇİB - Çelik İhracatçıları Birliği
MİLVEST AKARYAKIT FİNANS VE DIŞ TİCARET A.Ş;BALMUMCU ITRİ SOKAK NO:46 BEŞİKTAŞ İSTANBUL;(212) 0000000;http://millerholding.com;millerholding.com;ÇİB - Çelik İhracatçıları Birliği
C.F. MAİER POLİMER TEKNİK LİMİTED ŞİRKETİ;E-5 KARAYOLU UZERI MARMARACIKKOYU MEVKII P.K.65 ÇORLU TEKİRDAĞ;(282) 6863516;www.c-f-maier.com.tr;c-f-maier.com.tr;ÇİB - Çelik İhracatçıları Birliği
TURNA KOMPOZİT İÇ VE DIŞ TİCARET ANONİM ŞİRKETİ;TANTAVİ MAH.ESTERGON CAD.EXEN İSTANBUL F BLOK 24F/161 ÜMRANİYE İSTANBUL;(850) 3050012;http://www.peaktank.com.tr;peaktank.com.tr;ÇİB - Çelik İhracatçıları Birliği
ARAS GLOBAL TİCARET VE LOJİSTİK TURİZM LİMİTED ŞİRKETİ;OSMAN YILMAZ MAHALLESİ 648 SOKAK NO:61/A GEBZE KOCAELİ;(216) 5406400;www.arasglobal.com.tr;arasglobal.com.tr;ÇİB - Çelik İhracatçıları Birliği
OSAKA DEKORASYON SAN.VE TIC.LT D.STI.;TAŞDELEN ÇAMLIK MEVKII SULTANMURAT CD.7 ÇEKMEKÖY İSTANBUL;2164845390;www.osakadekorasyon.com.tr;osakadekorasyon.com.tr;ÇİB - Çelik İhracatçıları Birliği
CANSA DIŞ TİCARET LİMİTED ŞİRKETİ;BUYUK BAKKALKOY MAH. ELMAKSAN SOK. NO:10 MALTEPE İSTANBUL;(216) 3119859;www.glob.com.tr;glob.com.tr;ÇİB - Çelik İhracatçıları Birliği
M VE N PAZAR ARAŞTIRMA REKLMC. KUY.VE MÜH.HİZM.LTD.ŞTİ.;PERPA TIC.MRK.B BLOK KAT.8NO.1017 OKMEYDANI ŞİŞLİ İSTANBUL;02123207632;www.aquamas.com;aquamas.com;ÇİB - Çelik İhracatçıları Birliği
ATLANTA YAY SANAYİ VE TİCARET LİMİTED ŞİRKETİ;UZUNÇİFTLİK MAHALLESİ RAUF DENKTAŞ CADDESİ NO:103 KARTEPE KOCAELİ;(262) 3522991;www.atlantayay.com;atlantayay.com;ÇİB - Çelik İhracatçıları Birliği
DEPAR YAPI İNŞ.SAN. VE TİC.LTD .ŞTİ.;ADRES ŞEHİTLER CAD. CONCEPTA PLAZA BLOK NO: 9/1IC KAPI NO :54 CUMHURİYET ESENYURT İSTANBUL;(212) 6762929;www.steppark.com.tr;steppark.com.tr;ÇİB - Çelik İhracatçıları Birliği
GRİNDBALLS BİLYA ÇELİK SANAYİ VE TİCARET A.Ş;DİLOVASI O.S.B. 2. KISIM D2029 SK. NO:1/1 41455 KOCAELİ İZMİT KOCAELİ;(262) 6767000;www.hascelik.com;hascelik.com;ÇİB - Çelik İhracatçıları Birliği
BAYRAKCI İNŞAAT METAL SANAYİ VE TİCARET LİMİTED ŞİRKETİ;İKİTELLİ OSB .S.S.METAL -İŞ TOPLU İŞYERİ KOOP.12.BLK NO:38-40 BAŞAKŞEHİR İSTANBUL;(212) 5886474;www.bayrakcimetal.com;bayrakcimetal.com;ÇİB - Çelik İhracatçıları Birliği
MİR PASLANMAZ LAZER KESİM SAN. VE TİC. LTD.ŞTİ.;İOSB ZİYA GÖKALP MH. KAĞITHANE SÜNNETÇİLER KÖP. KOOP. 25.CD.NO:17 BAŞAKŞEHİR İSTANBUL;(212) 4863006;www.mirmetal.com.tr;mirmetal.com.tr;ÇİB - Çelik İhracatçıları Birliği
TURAN TEKNİK HIRDAVAT İNŞAAT VE YAPI MALZEMELERİ SANAYİ TİCARET LİMİTED ŞİRKETİ;HALİL RİFAT PAŞA PERPA TİCARET MERKEZİ 894-896-898 NO:BBL NO:K8 ŞİŞLİ - İST. ŞİŞLİ İSTANBUL;(212) 2202523;www.turanhirdavat.com;turanhirdavat.com;ÇİB - Çelik İhracatçıları Birliği
MARİN DOOR DENİZCİLİK LİMİTED ŞİRKETİ;KAYNARCA MAH. YENİBAHAR SK. NO: 4 B PENDİK İSTANBUL;(216) 4900006;http://www.marindoortr.com/;marindoortr.com;ÇİB - Çelik İhracatçıları Birliği
MAK PASLANMAZ METAL A.Ş.;DUDULLU OSB MAH. İMES SAN.SİT B BLOK 202 SOK NO:6 ÜMRANİYE İSTANBUL;;www.makpaslanmaz.com;makpaslanmaz.com;ÇİB - Çelik İhracatçıları Birliği
İZZET ÇAKAN GEMİ YAN. SAN. VE TİC. LTD.ŞTİ.;AYDINLI YOLU BEYOĞLU SAN. SİTESİ E3 BLOK TUZLA İSTANBUL;(216) 4463426;www.izzetcakanvalf.com.tr;izzetcakanvalf.com.tr;ÇİB - Çelik İhracatçıları Birliği
PELSAN ELEKTRİK SAN. VE DIŞ TİC. A.Ş.;IMES SAN.SIT. 101. SOK. NO:38 ÜMRANİYE İSTANBUL;02164661010;www.pelsan.com.tr;pelsan.com.tr;ÇİB - Çelik İhracatçıları Birliği
DAG DIŞ TİCARET LTD.ŞTİ;ÇINARDERE MAH.SEVDA SK.İSTANBUL VIEN 8/113 PENDİK İSTANBUL;;www.dagdıs.com;dagdıs.com;ÇİB - Çelik İhracatçıları Birliği
HİDROSER HİDROLİK PNOMATİK EKİPMANLARI SANAYİ VE TİCARET ANONİM ŞİRKETİ;OSMANGAZİ MAH HADIMKÖY YOLU CADN:44 ESENYURT İSTANBUL;(212) 8867270;www.hidroser.com.tr;hidroser.com.tr;ÇİB - Çelik İhracatçıları Birliği
YAZICI İNŞ.SIH.TESİS.MALZ.SAN.VE TİC.LTD.ŞTİ.;SEYİTNİZAM MH DEMİRCİLER 1 YOL NO:18A ZEYTİNBURNU İSTANBUL;(212) 6646643;www.yaziciendustri.com;yaziciendustri.com;ÇİB - Çelik İhracatçıları Birliği
QUARCO İÇ VE DIŞ TİCARET LİMİTED ŞİRKETİ;75.YIL (SULTANDERE) MAH.11282.SOK. C BLOK NO: 3/R ODUNPAZARI ESKİŞEHİR;(222) 0000000;http://www.quarco.net;quarco.net;ÇİB - Çelik İhracatçıları Birliği
REMAK MAKINA INSAAT TESISAT TIC.SAN.A.S.;ESENŞEHİR MAH. NATOYOLU CAD.NO.211 ÜMRANİYE İSTANBUL;02164667253;www.remak.com.tr;remak.com.tr;ÇİB - Çelik İhracatçıları Birliği
ALPAY AKSESUAR DIŞ TİCARET ANONİM ŞİRKETİ;İKİTELLİ OSB MH KERESTECİLER SAN SİT 21 BLOK NO:1 BAŞAKŞEHİR İSTANBUL;(000) 0000000;www.alpaymobilya.com;alpaymobilya.com;ÇİB - Çelik İhracatçıları Birliği
FIO GAZ SANAYI VE TICARET ANONİM ŞİRKETİ;ÇALI MAH. ÇINARLIK CAD. GEMSAT GAZ EKİPMANLARI SANAYİ TİCARET AŞ. NO:10 16110 NİLÜFER BURSA;02123270610;www.fiogaz.com;fiogaz.com;ÇİB - Çelik İhracatçıları Birliği
MESA ALUMINYUM VE INSAAT SAN. TIC.LTD.STI.;YUKARI DUDULLU MH İMES SAN SİT D BLOK 403 SK NO:15 ÜMRANİYE İSTANBUL;(000) 4443424;www.mesapol.com;mesapol.com;ÇİB - Çelik İhracatçıları Birliği
ITECH ELEKTRİK PROJE TAAHHÜT TİCARET LİMİTED ŞİRKETİ;BALTACI MEHMET PASA SOKAK NO:4 AC MOMENT ISTANBUL SITESI B BLOK D:214 SOGANLIK KARTAL İSTANBUL;(216) 3841085;http://www.itechelectric.com.tr;itechelectric.com.tr;ÇİB - Çelik İhracatçıları Birliği
OMTAŞ OTOMOTİV TRANSMİSYON AKSAMI SANAYİ VE TİCARET ANONİM ŞİRKETİ;E-5 KARAYOLU ÜZERI İSTASYON MAH.1496/1 SOKAK NO.1 GEBZE KOCAELİ;(262) 6555544;www.omtas.com.tr;omtas.com.tr;ÇİB - Çelik İhracatçıları Birliği
SİNAY MÜHENDİSLİK ENDÜSTRİ SANAYİ TİCARET LİMİTED ŞİRKETİ;DADAŞ SK. NO: 3 İÇ KAPI NO: A KÖRFEZ KOCAELİ;;https://sinaymuhendislik.com;sinaymuhendislik.com;ÇİB - Çelik İhracatçıları Birliği
GLC OTOMATİK KAPI SANAYİ VE LİMİTED ŞİRKETİ;ADİL MH YEŞİLOVA SOKAK NO12 A SULTANBEYLİ İSTANBUL;(216) 7592996;glcotomatikkapi.com;glcotomatikkapi.com;ÇİB - Çelik İhracatçıları Birliği
AKMETAL METALURJİ ENDÜSTRİSİ A.Ş.;TEPEOREN MAH. ESKI ANKARA ASFALTI CAD. NO:236 TUZLA İSTANBUL;(216) 5930380;www.akmetal.com;akmetal.com;ÇİB - Çelik İhracatçıları Birliği
PEMAKS PNOMATIK VE HIDROLIK SILINDIR SAN.TIC.ITH.IHR.LTD.STİ.;ÇERKEŞLİ OSB MAH. İMES 10. CAD.A BLOK NO:11 YUKARIDUDULLU ÜMRANİYE İSTANBUL;02163643076;www.pemaks.com.tr;pemaks.com.tr;ÇİB - Çelik İhracatçıları Birliği
DOWELL SCHLUMBERGER MIDDLE EAST INC TÜRKİYE ANKARA ŞUBESİ;53 CAD. 1450 SOK. ULUSOY PLAZA NO. 9/14 ÇUKURAMBAR ÇANKAYA ANKARA;03124467740;www.slb.com;slb.com;ÇİB - Çelik İhracatçıları Birliği
EROL TORNACILIK TİC.SAN.LTD.ŞTİ.;AKÇABURGAZ MAH 3093 SK NO:7 ESENYURT İSTANBUL;(212) 8861062;www.eroltorna.com;eroltorna.com;ÇİB - Çelik İhracatçıları Birliği
PETRO YAĞ VE KİMYASALLAR SANAYİ VE TİCARET ANONİM ŞİRKETİ;GOSB TEMBELOVA MEVKİİ GENÇLİK.CAD. NO:3014 GEBZE KOCAELİ;(262) 6771700;www.petroyag.com;petroyag.com;ÇİB - Çelik İhracatçıları Birliği
İNTER-PLAST PLASTİK DOĞRAMA AKSESUAR SANAYİ VE TİCARET ANONİM ŞİRKETİ;EDİRNE ORG.SAN.BÖLG.3 CD NO:8 SÜLEOĞLU(SÜLOĞLU) EDİRNE;(284) 4861075;www.inter-plast.com.tr;inter-plast.com.tr;ÇİB - Çelik İhracatçıları Birliği
GEMZA GROUP İÇ VE DIŞ TİC. LTD. ŞTİ.;AYAZAĞA MAH. AZERBAYCAN CAD. 2B NO:3/13 SARIYER İSTANBUL;(212) 0000000;www.gemza.az;gemza.az;ÇİB - Çelik İhracatçıları Birliği
KEYPENK OTOMATIK KAPI KEPENK SIST.MET.PL.SAN.TIC.A.S.;BAĞLAR MAH. YALÇIN KOREŞ CAD. NO:6/B GÜNEŞLİ BAĞCILAR İSTANBUL;(212) 4441435;www.keypenk.com.tr;keypenk.com.tr;ÇİB - Çelik İhracatçıları Birliği
ÇELİKCAN YAPI VE ISI MALZ. İML. İTH. İHR. SAN. VE LTD.ŞTİ;ESOT SAN SİTESİ P BLOKNO.11-B İKİTELLİ BAŞAKŞEHİR İSTANBUL;(212) 4070331;www.celikcanyapi.com;celikcanyapi.com;ÇİB - Çelik İhracatçıları Birliği
SONOROUS SES VE GÖRÜNTÜ SİSTEMLERİ SAN. TİC. A.Ş.;MERKEZ MAH. GÜZLE İŞ MERKEZI K.4 D.1 ÇEKMEKÖY İSTANBUL;(216) 6401616;www.sonorous.com;sonorous.com;ÇİB - Çelik İhracatçıları Birliği
2M MAKİNA MÜMESSİLLİK VE TİC. A.Ş.;ÇOBANÇEŞME MAH. SANAYİ CAD. N:44İSTANBUL B BLOK D:98 BAHÇELİEVLER İSTANBUL;(212) 5040900;www.2mmakina.com.tr;2mmakina.com.tr;ÇİB - Çelik İhracatçıları Birliği
SMITKA İNŞAAT SANAYİ VE TİCARET LTD. ŞTİ.;ÇEVRE SAN. SİT. 10. BLOK NO:2 BAŞAKŞEHİR İSTANBUL;(212) 4852582;www.smitkaprofex.com;smitkaprofex.com;ÇİB - Çelik İhracatçıları Birliği
SKY HURDA METAL KİMYA MADENCİLİK İTH. İHR. SAN. VE TİC. LTD. ŞTİ.;SANAYİ SİT.SANAYİ MAH.203 BLOK NO:15 İZMİT KOCAELİ;;www.skymetal.com.tr;skymetal.com.tr;ÇİB - Çelik İhracatçıları Birliği
ONDULINE AVRASYA İNŞAAT MALZ. SAN. TİC. AŞ;DEĞIRMEN SK.NIDA KULEIŞM.NO:12 K.8 KADIKÖY İSTANBUL;02163841600;www.onduline.com.tr;onduline.com.tr;ÇİB - Çelik İhracatçıları Birliği
MAİDE AŞCIGİL;SAMANLI MAH.4. ÇAMLICA SK. NO:24 YILDIRIM BURSA;(224) 2242225;http://www.akbaprofil.com;akbaprofil.com;ÇİB - Çelik İhracatçıları Birliği
RSA KAPI SIST. TEKNIK METAL IMALAT SAN. VE TIC LTD STI;RAMAZANOĞLU MAH. ENSAR CAD. ERDEDE SAN. SİT. NO:28/2 KURTKÖY PENDİK İSTANBUL;(216) 3092222;www.rsakapi.com;rsakapi.com;ÇİB - Çelik İhracatçıları Birliği
KASDEM ÇELİK YAPI SANAYİ VE TİCARET LİMİTED ŞİRKETİ;ESENKENT MAH. ŞAH CİHAN CAD. GÜREŞ SOK. KÖSEOĞLU P PLAZA NO:1 K:6 D:27 34760 ÜMRANİYE İSTANBUL;(216) 0000000;http://www.kasdemcelik.com;kasdemcelik.com;ÇİB - Çelik İhracatçıları Birliği
HI TECH RASPA BOYA SANAYİ VE TİCARET A.Ş;YAYLA MAHALLESİ PİRİ REİS CADDESİ NO:93 TUZLA/ İST TUZLA İSTANBUL;(216) 3958128;http://www.hitechraspaboya.com;hitechraspaboya.com;ÇİB - Çelik İhracatçıları Birliği
DİJİTALPORT DIŞ TİCARET LİMİTED ŞİRKETİ;BALABAN MAH UZUNGÖL CD C BLOK NO:1-2 SİLİVRİ İSTANBUL;(212) 2105969;www.dijitalport.com;dijitalport.com;ÇİB - Çelik İhracatçıları Birliği
BAYKAL REZISTANS SAN.VE TIC.LT D.STI.;İKİTELLİ OSB ESKOOP SANAYİ SİTESİ C 1-2 BLOK NO:16-18-20 BAŞAKŞEHİR İSTANBUL;02122445213;www.baykalrezistans.com;baykalrezistans.com;ÇİB - Çelik İhracatçıları Birliği
SKYLINE ALÜMİNYUM CEPHE SİSTEMLERİ VE İNŞAAT SANAYİ DIŞ TİCARET LİMİTED ŞİRKETİ;OSMANGAZİ MH 2647 SK NO:23 ESENYURT İSTANBUL;(212) 0000000;www.skylinealuminyum.com.tr;skylinealuminyum.com.tr;ÇİB - Çelik İhracatçıları Birliği
MOS DÖVME VE METAL SANAYİ LİMİTED ŞİRKETİ;ÇERKEŞLİ OSB MAH. İMES 21 CAD. NO:5 DİLOVASI KOCAELİ;(262) 5024600;www.mosmetal.com.tr;mosmetal.com.tr;ÇİB - Çelik İhracatçıları Birliği
NUH TEL SANAYİ ANONİM ŞİRKETİ;TUZLA KİMYA SANAYİCİLERİ ORG. SAN. BÖLGESİ MELEK ARAS BULVARI NO:20 TUZLA İSTANBUL;(216) 5932040;www.nuhtel.com.tr;nuhtel.com.tr;ÇİB - Çelik İhracatçıları Birliği
PUSULA GUVENLIK OTO.VE KONTROL SIS ITH.IHR.SAN.VE TIC.LTD.S.;724. SOKAK NO.13 /1 YILDIZEVLER 6700 ÇANKAYA ANKARA;03124480227;www.pusulaguvenlik.com;pusulaguvenlik.com;ÇİB - Çelik İhracatçıları Birliği
ALMEKS AL.EKSTRÜZYON TEKNOL.SAN.VE TİC.LTD.ŞTİ.;ÇAVUŞOĞLU MH. YAKACIK CD. NO:128/2 YAKACIK KARTAL İSTANBUL;(216) 4515390;www.alm-eks.com.tr;alm-eks.com.tr;ÇİB - Çelik İhracatçıları Birliği
SINTA SAN.INS.TAAH.VE TIC.A.S.;ORGANIZE SAN.BOL.GRI CAD. NO:8 NİLÜFER BURSA;02242431182;www.sinta.com.tr;sinta.com.tr;ÇİB - Çelik İhracatçıları Birliği
KLİMASAN KLİMA SANAYİ VE TİCARET ANONİM ŞİRKETİ;1.KISIM KEÇİLİKÖY OSB MAH.CUM.CAD.MANİSA OSB NO:1 YUNUS EMRE MANİSA;(236) 2362233;www.klimasan.com;klimasan.com;ÇİB - Çelik İhracatçıları Birliği
ANSAN İÇ VE DIŞ TİCARET PAZ. LTD.ŞTİ.;CİHANGİR MAH. Ş.K. UĞUR HANCI SOK. NO:12/1 AVCILAR İSTANBUL;(212) 4220506;www.ansan.com.tr;ansan.com.tr;ÇİB - Çelik İhracatçıları Birliği
KUTES METAL SAN. VE TİC. A. Ş.;ESKİBÜYÜKDERE CAD. AYAZAĞA YOLUGİZ PLAZA NO.4 K:15 D: 54 SARIYER SARIYER İSTANBUL;(212) 2906780;www.kutes.com.tr;kutes.com.tr;ÇİB - Çelik İhracatçıları Birliği
ARI ARITIM SANAYİ VE TİCARET LİMİTED ŞİRKETİ;ÖMERLİ MAH. HAKKI İLERİ CD. NO:76/A ARNAVUTKÖY İSTANBUL;(212) 7715800;www.aquafelix.com.tr;aquafelix.com.tr;ÇİB - Çelik İhracatçıları Birliği
İNTEC VACUUM DIŞ TİC AŞ;YEŞİLOVA MH 46235 SK MEHMET BAŞ PINAR ORTA ÖLÇEKLİ SAN SİT NO:7 BLOK:1/6 SEYHAN ADANA;(000) 0000000;www.anadoluvacuum.com.tr;anadoluvacuum.com.tr;ÇİB - Çelik İhracatçıları Birliği
AUTOFOR OTOMOTİV SAN.VE DIŞ.TİC. A.Ş.;MERVE MAH. NECİP FAZIL CAD. NO:10B/1 SANCAKTEPE İSTANBUL;(216) 5610303;www.autofor.com.tr;autofor.com.tr;ÇİB - Çelik İhracatçıları Birliği
TEL SAN TEL MAMULLERI VE GALVANIZASYON SAN.A.S.;GOSB TEMBELOVA MEVKİİ 3300 CD. GEBZE KOCAELİ;02626439091;www.telsan.com.tr;telsan.com.tr;ÇİB - Çelik İhracatçıları Birliği
TURAŞ GAZ ARMATÜRLERİ SANAYİ VE TİCARET ANONİM ŞİRKETİ;SELİMPAŞA MAH. 5003. SOK. NO:8 SELİMPAŞA SİLİVRİ İSTANBUL;(212) 7235888;www.turas.com;turas.com;ÇİB - Çelik İhracatçıları Birliği
MİKROTAŞ MEKATRONİK ANONİM ŞİRKETİ;AKEVLER MAH. AYŞE FİTNAT HANIM CAD. CEMALIGIL APT BLOK NO: 25B AKEVLER ALTINÖZÜ HATAY;;www.mikrotas.com.tr;mikrotas.com.tr;ÇİB - Çelik İhracatçıları Birliği
HAKAN ALTUN PANEL ÇİT SİSTEMLERİ VE SPOR TESİSLERİ AYDINLATMA TEKSTİL ÜRETİM SANAYİ TİCARET LTD.ŞTİ.;SEYİTNİZAM MH. DEMİRCİLER SİT 4 CD NO:7 ZEYTİNBURNU İSTANBUL;(212) 5101145;www.hakanpanelcit.com;hakanpanelcit.com;ÇİB - Çelik İhracatçıları Birliği
ARMADA ENDÜSTRİYEL MADDELER TİC. A.Ş.;TÜRKOBA MH OKULYOLU CD NO:6/A BÜYÜKÇEKMECE İSTANBUL;(212) 8861501;www.armadametal.com;armadametal.com;ÇİB - Çelik İhracatçıları Birliği
PASİFİK RAF TEŞHİR ELEMANLARI SAN. VE TİC. A.Ş.;İSTANBUL DERİ OSB MH.YB-11 ÖZEL PARSEL 10 TUZLA İSTANBUL;(216) 5048443;www.pasifikraf.com;pasifikraf.com;ÇİB - Çelik İhracatçıları Birliği
FATİH YILDIRIMLI;ÖMER AVNI MAHALLESI, INEGOL CAD. NO 27/2 BEYOĞLU İSTANBUL;(212) 2524133;www.metaleg.com;metaleg.com;ÇİB - Çelik İhracatçıları Birliği
ALTINEL ENERJİ DIŞ TİCARET ELEKTRİK ELEKTRONİK SANAYİ VE TİCARET LİMİTED ŞİRKETİ;GÖKEVLER MAH. 2331 SOK. NO:2/D ESENYURT İSTANBUL;(212) 8812235;www.altinelenerji.com;altinelenerji.com;ÇİB - Çelik İhracatçıları Birliği
YAPIRAY DEMİRYOLU İNŞAAT SİSTEMLERİ SAN. VE TİC.A.Ş.;KISIKLI MAH. ALEMDAĞ CAD. MASALDAN İŞ MRK. NO.60 E BLK NO.5 ÜSKÜDAR İSTANBUL;(216) 5213000;www.yapiray.com.tr;yapiray.com.tr;ÇİB - Çelik İhracatçıları Birliği
AYKUT KERTİK;ÇAMLICA MAHALLESİ HÜRMÜZ SOKAK NO 3 İÇ KAPI NO 1 NİLÜFER BURSA;(224) 0000000;http://www.portalmetal.com.tr;portalmetal.com.tr;ÇİB - Çelik İhracatçıları Birliği
ÖZLİDER PLASTİK VE METAL SANAYİ TİCARET ANONİM ŞİRKETİ;KAVAKLI MAHALLESİ İSTANBULCADDESİ NO:7 KAVAKLI BEYLİKDÜZÜ İSTANBUL;(212) 8558100;www.ozlider.com;ozlider.com;ÇİB - Çelik İhracatçıları Birliği
MGG DEMİR ÇELİK İTHALAT İHRACAT SANAYİ VE TİCARET ANONİM ŞİRKETİ;BARIŞ MH ANİBAL CD NO:13 GEBZE GEBZE KOCAELİ;(262) 6776900;www.mggdemir.com.tr;mggdemir.com.tr;ÇİB - Çelik İhracatçıları Birliği
KIRAC CIVATA SOMUN RONDELA SANAYI VE TICARET LIM.SIRKETI;TERAZIDERE MAH.GUNES CAD.NO.24/A BAYRAMPAŞA İSTANBUL;(212) 6130670;www.kiraccivata.com;kiraccivata.com;ÇİB - Çelik İhracatçıları Birliği
VOESTALPİNE HİGH PERFORMANCE METAL ANONİM ŞİRKETİ;DUDULLU ORG.SAN.BÖLG.2.CADDENO.26 YUKARIDUDULLU ÜMRANİYE İSTANBUL;02164201926;www.voestalpine.com/highperformancemetals/turkey;voestalpine.com;ÇİB - Çelik İhracatçıları Birliği
VİBRACOUSTİC ÇERKEZKÖY OTOMOTİV SANAYİ VE TİCARET ANONİM ŞİRKETİ;ORG.SAN.GOLGESI ATATURK CAD.7.SOK. NO.12 ÇERKEZKÖY TEKİRDAĞ;(282) 7581863;www.tbvc.com;tbvc.com;ÇİB - Çelik İhracatçıları Birliği
VİNOKS PASLANMAZ MUTFAK EŞYALARI SAN DIŞ TİC AŞ;MAVİGÖL MH ABDULLAH GÜL CD NO:62/1 ARNAVUTKÖY İSTANBUL;(212) 5493770;www.vinoks.com.tr;vinoks.com.tr;ÇİB - Çelik İhracatçıları Birliği
KAPSAM SAĞLIK ÜRÜNLERİ İNŞAAT TAAHHÜT TURİZM VE TİC. LTD. ŞTİ.;CUMHURİYET MH. İSMET İNÖNÜ CD. NO:57 CUMHURİYET 41420 ÇAYIROVA, KOCAELİ, TÜRKİYE ÇAYIROVA KOCAELİ;(262) 2908801;www.kapsamsaglik.com.tr;kapsamsaglik.com.tr;ÇİB - Çelik İhracatçıları Birliği
ALTINEL ALUMINYUM DOGRAMA DIS GIY.C.SIS.SAN.VE TIC.LTD.STI.;KAZIM KARABEKİR MAH KIZILCIK SK N:32/1 YILDIRIM BURSA;(224) 3641080;www.altinelaluminyum.com;altinelaluminyum.com;ÇİB - Çelik İhracatçıları Birliği
NİĞMET HAYVANCILIK GIDA SAN. VE TİC. LTD. ŞTİ.;YAKUPLU KÖYÜ HERGELE MEVKİ ANGOS ÇİFTLİĞİ NO:727 MARMARAEREĞLİSİ TEKİRDAĞ 59850 MARMARAEREĞLİSİ TEKİRDAĞ;(212) 8030155;www.nigmethayvancilik.com;nigmethayvancilik.com;ÇİB - Çelik İhracatçıları Birliği
ÜNİVERSAL DEKOR SANAYİ VE DIŞ TİC. LTD. ŞTİ.;ABDURRAHMAN NAFİZ GÜRMAN MAH. MEHMET AKİF CAD. TURUNCLU SOK. NO. NO.25/2 MERTER GÜNGÖREN İSTANBUL;(212) 6385434;www.universaldecoration.com;universaldecoration.com;ÇİB - Çelik İhracatçıları Birliği
TEKLAS KAUÇUK SAN. VE TİC. AŞ;BARIS MAH.KOŞUYOLU CAD.1804-2 SOKAK NO:26 GEBZE KOCAELİ;02626484400;www.teklas.com.tr;teklas.com.tr;ÇİB - Çelik İhracatçıları Birliği
KAHE CAM AKSESUARLARI HIRDAVAT SAN. VE TİCARET LTD.ŞTİ.;HÜRRİYET MH.CEMİLBENGÜ CD.N.48A/1 KAĞITHANE İSTANBUL;(212) 5111881;ww.kahe.com.tr;ww.kahe.com.tr;ÇİB - Çelik İhracatçıları Birliği
GÜVENİR ELK.MOB.TE.GI.SN.VE İŞ MK.OT.Y.PÇ.İNŞ.SN.İH.İT.LTD.ŞT;BUYUK HENDEK CAD.NO.43/52ERSOY PASAJI BEYOĞLU İSTANBUL;02122430902;www.guvenir.com;guvenir.com;ÇİB - Çelik İhracatçıları Birliği
ASC ASÇELİK KELEPÇE SANAYİ VE TİCARET LİMİTED ŞİRKETİ;ZAFER MAH. DOĞAN ARASLI BULVARI 133.SK. NO: ESENYURT ESENYURT İSTANBUL;(212) 6203344;www.ascelikclamp.com;ascelikclamp.com;ÇİB - Çelik İhracatçıları Birliği
ALKAN KARDESLER ELEKTRIK SANAYI VE TICARET ANONİM SİRKETİ;HİLAL RIFAT PAŞA MAH. PERPA TİC. MERK. A BLOK KAT. 1 NO.9 ŞİŞLİ İSTANBUL;(212) 2100626;www.alkankardesler.com;alkankardesler.com;ÇİB - Çelik İhracatçıları Birliği
ARBAK KIMYA SAN.VE TIC.LTD.STI;ANKARA ASFALTI SIROGLU SOK.NO:6 KARTAL İSTANBUL;(216) 3774343;www.arbakkimya.com;arbakkimya.com;ÇİB - Çelik İhracatçıları Birliği
ERSOYLAR DEMİR ÇELİK SANAYİ TİCARET ANONİM ŞİRKETİ;GÜVENLER MAH. 1947 SOK. OPTİMA İŞ MERKEZİ K:12/26 MERKEZ MERSIN;(324) 6764435;www.ersoylarmetal.com;ersoylarmetal.com;ÇİB - Çelik İhracatçıları Birliği
TEI ALAŞIM SANAYİ VE TİCARET ANONİM ŞİRKETİ;İST. TUZLA ORG. SAN. BÖL. 3 CAD. NO.10 TUZLA İSTANBUL;0(216) 2089600;https://www.varzene.com/tr;varzene.com;ÇİB - Çelik İhracatçıları Birliği
TUBİTAK ULUSAL METROLOJİ ENSTİTÜSÜ;DR. ZEKİ ACAR CAD. NO.1 TUBİTAK GEBZEYERLEŞKESİ GEBZE KOCAELİ;(262) 6795000;www.tubitak.gov.tr;tubitak.gov.tr;ÇİB - Çelik İhracatçıları Birliği
HAZAR ARITIM PROJE VE İNŞ. TAAH. SAN. VE TİC. A.Ş.;TAKSIM CAD. NO:65 KAT:2/3 BEYOĞLU İSTANBUL;02122568490;www.hazar.gen.tr;hazar.gen.tr;ÇİB - Çelik İhracatçıları Birliği
ÖZSİS METAL POMPA SAN. VE TİC. LTD. ŞTİ.;DES SANAYİ SİT. 111.SOK. D:24 BLOK NO:85 ÜMRANİYE İSTANBUL;(216) 5721777;www.ozsis.com.tr;ozsis.com.tr;ÇİB - Çelik İhracatçıları Birliği
EKE ENDUSTRI TESISLERI TAAHHUT VE TICARET A.Ş.;PİYALE PAŞA BULVARI NO:77 FAMAS PLAZA B/13 ŞİŞLİ İSTANBUL;(212) 2202400;www.ekeltd.com;ekeltd.com;ÇİB - Çelik İhracatçıları Birliği
KLADEX TEL ÜRETİM SANAYİ VE TİCARET A.Ş.;ÇERKEŞLİ O.S.B. MAH. İMES 17 CAD. 16/1 MERKEZ KÖYÜ DİLOVASI KOCAELİ;;www.kladex.com;kladex.com;ÇİB - Çelik İhracatçıları Birliği
VI-PERSAN METAL BAGLANTI ELEMA NLARI SAN.VE TIC.LTD.STI.;DEFTERDAR MAH. ÇIRÇIR SOK. NO:1EDİRNEKAPI EYÜP İSTANBUL;02126359537;www.vipersan.com;vipersan.com;ÇİB - Çelik İhracatçıları Birliği
STERTIL İNTER YAPI SAN. VE TİC.A.Ş.;BİRLİK SOK. NO:2 K:2 D:7 LEVENT BEŞİKTAŞ İSTANBUL;(212) 2809505;www.stertilinteryapi.com;stertilinteryapi.com;ÇİB - Çelik İhracatçıları Birliği
PANASONIC ELEKTRİC WORKS ELEKTRİK SAN VE TİC. A.Ş;ABDURRAHMAN GAZI MAH EBUBEKIRCAD NO.44 SANCAKTEPE İSTANBUL;(216) 5645555;lstr.panasonic.com;lstr.panasonic.com;ÇİB - Çelik İhracatçıları Birliği
VENTANAKS YAPI MALZEMELERİ TİCARET LİMİTED ŞİRKETİ;ORHANGAZİ MH İSİSO SAN SİT 14 YOL SK NO:18 ESENYURT İSTANBUL;(212) 6231837;www.ventenaks.com;ventenaks.com;ÇİB - Çelik İhracatçıları Birliği
DOORAY YANGIN VE METAL KAPI SİSTEMLERİ SAN TİC LTD ŞTİ;ABDURRAHMANGAZİ MAH. ATAYOLU CAD. NO: 85/A ÇAMLIK SANCAKTEPE İSTANBUL;(216) 6222202;www.dooraykapi.com;dooraykapi.com;ÇİB - Çelik İhracatçıları Birliği
PERİ KALIP VE İSKELELERİ SANAYİ VE TİCARET LİMİTED ŞİRKETİ;AKÇABURGAZ MAH. 3069 SOK. NO:23 ESENYURT İSTANBUL;(212) 8867400;www.peri.com.tr;peri.com.tr;ÇİB - Çelik İhracatçıları Birliği
ROGİ YAPI TAAHHÜT VE DIŞ TİCARET LİMİTED ŞİRKETİ;ATAŞEHİR FERHATPAŞA 61.SOK.N:6-8 ATAŞEHİR İSTANBUL;(216) 6613273;www.smatdt.com.tr;smatdt.com.tr;ÇİB - Çelik İhracatçıları Birliği
DOĞAN HIRDAVAT SANAYİİ VE TİCARET LİMİTED ŞİRKETİ;FEVZİ ÇAKMAK MAH. KOSGEB CAD. NO: 10 KARATAY KONYA KARATAY KONYA;(332) 2377333;https://doganhirdavatsanayi.com/;doganhirdavatsanayi.com;ÇİB - Çelik İhracatçıları Birliği
DAL TEKNİK MAKİNA TİCARET VE SANAYİ ANONİM ŞİRKETİ;ŞİRİNEVLER MH. ADNAN KAHVECİ BUL.N:208/54 HAYAR AKIN İŞ MER. 1. BLOK K:6 ŞİRİNEVLER BAHÇELİEVLER İSTANBUL;02126398500;www.dal.com.tr;dal.com.tr;ÇİB - Çelik İhracatçıları Birliği
MAVİ YEŞİL SAKARYA YENİLENEBİLİR ENERJİ SİS.SAN. VE TİC. LTD. ŞTİ;AKINCILAR MAH.AKINCILAR SOK.NO:10 ADAPAZARI SAKARYA;(264) 2712780;www.maviyesil.eu;maviyesil.eu;ÇİB - Çelik İhracatçıları Birliği
STEEL DANIŞMANLIK MÜH. ALÜ. İNŞ. SAN. VE TİC. LTD. ŞTİ;FERHATPAŞA MH. GAZİPAŞA CD. NO :28 ATAŞEHİR İSTANBUL;(216) 4272021;www.steelmühendislik.net;steelmühendislik.net;ÇİB - Çelik İhracatçıları Birliği
GROOXE ALAŞIMLI ÇELİK SANAYİ VE TİCARET LİMİTED ŞİRKETİ;OSTİM OSB. 1202/1. CAD NO:49-51-53-55 YENİMAHALLE ANKARA;(312) 5033235;http://www.grooxe.com;grooxe.com;ÇİB - Çelik İhracatçıları Birliği
ASFER YAPI RESTORASYON SANAYİ VE TİCARET A.Ş.;BULGURLU CD NO:106 D:1 ÜSKÜDAR İSTANBUL;(216) 6507085;www.asferyapi.com.tr;asferyapi.com.tr;ÇİB - Çelik İhracatçıları Birliği
NEUMO MÜHENDİSLİK VE PASLANMAZ ÇELİK SANAYİ VE TİCARET LİMİTED ŞİRKETİ;BIRLIK SAN.SITESI 6..CAD.NO.19 BEYLİKDÜZÜ İSTANBUL;02128750141;www.neumo.com.tr;neumo.com.tr;ÇİB - Çelik İhracatçıları Birliği
2 GEN GLOBAL DIŞ TİC. LTD. ŞTİ.;BARIŞ MAH. AKDENİZ CAD. DOĞA EVLER SİT. B-1 APT. N:23/1ALİOĞLU İŞ MERK. BEYLİKDÜZÜ İSTANBUL;(212) 6655538;www.2gen.com.tr;2gen.com.tr;ÇİB - Çelik İhracatçıları Birliği
AKIM YANGIN VE GÜVENLİK SİSTEMLERİ SANAYİ VE TİCARET LTD.ŞTİ.;YILDIZTABYA MH ŞAFAK SK. NO:1/3A GAZİOSMANPAŞA İSTANBUL;(212) 5941124;www.akimyangin.com;akimyangin.com;ÇİB - Çelik İhracatçıları Birliği
BFORCE PROJE DANIŞMANLIK DIŞ TİCARET İNŞAAT GIDA SANAYİ VE TİCARET ANONİM ŞİRKETİ;İKİTELLİ OSB BEDRETTİN DALAN BULVARI METRO İS MERKEZİ B BLOK K:1 NO:27 BAŞAKŞEHİR İSTANBUL;(212) 4070181;www.beforce.com.tr;beforce.com.tr;ÇİB - Çelik İhracatçıları Birliği
BABİL ELEKTRİK AYDINLATMA SANAYİ VE TİCARET LİMİTED ŞİRKETİ;GIDA ÇARŞISI MAH. 1248 SOK. NO:6/A YENİŞEHİR KONAK İZMİR;(232) 4575756;www.babilelektrik.com;babilelektrik.com;ÇİB - Çelik İhracatçıları Birliği
MERT METAL DEMIR SAC BORU PROFİL TAAH.SAN.VE TİC.LTD.ŞTİ.;CUMHURİYET MAH.ADNAN KAHVECİ CD.BOTANİK SOK.NO:6 ŞEKERPINAR ÇAYIROVA KOCAELİ;(262) 6581515;www.mertmetal.com;mertmetal.com;ÇİB - Çelik İhracatçıları Birliği
XTR SAFETY DANIŞMANLIK TAAHHÜT VE TİCARET ANONİM ŞİRKETİ;CEVİZLİ MAH. TUGAY YOLU CAD. OFİSİM İSTANBUL PLAZA B BLOK NO:60 MALTEPE İSTANBUL CEVİZLİ MAHALLESİ MALTEPE İSTANBUL;(212) 2597208;www.xtrsafety.com;xtrsafety.com;ÇİB - Çelik İhracatçıları Birliği
MFK PLASTİK A.Ş.;ORHANGAZİ MAH.CEM SULTAN CAD.N:107/1 SULTANBEYLİ İSTANBUL;(216) 4874441;www.mfkplastik.com;mfkplastik.com;ÇİB - Çelik İhracatçıları Birliği
PREFABRİK YAPI İNŞAAT SANAYİ VE TİCARET A.Ş.;GUZELYALI MAH.ISTASYON CAD.EGEMEN SK. NO:13 PENDİK İSTANBUL;(000) 4441777;www.piraziz.com.tr;piraziz.com.tr;ÇİB - Çelik İhracatçıları Birliği
NOKTA ÇELİKHALAT VE MAKİNA SANAYİ TİCARET A.Ş.;ESENKENT MH. KURTULUŞ CD. NO:91/B ÜMRANİYE İSTANBUL;(216) 5278007;http://www.noktacelikhalat.com;noktacelikhalat.com;ÇİB - Çelik İhracatçıları Birliği
KOMAX TESTING TÜRKIYE TEST SİSTEMLERİ SANAYİ LİMİTED ŞİRKETİ;KARAMEHMET MAH. AVRUPA SERBEST BÖLGESİ 9. SOK NO:9 BÖLGESİ 9.SOK NO:09 ERGENE TEKİRDAĞ;;https://www.t-s-k.de/;t-s-k.de;ÇİB - Çelik İhracatçıları Birliği
BOZTAŞ CİVATA SANAYİ VE TİCARET LİMİTED ŞİRKETİ;KAYABAŞI MAH.FABRİKALAR MEVKİİ 1735 SOK.N:9/A BAŞAKŞEHİR İSTANBUL;(212) 2569960;www.boztascivata.com.tr;boztascivata.com.tr;ÇİB - Çelik İhracatçıları Birliği
MAKYOL İNŞAAT SANAYİ TURİZM VE TİCARET ANONİM ŞİRKETİ;TEPECİK CAD. MELODİ SK. İTÜ BLOKLARI, E BLOK, BEŞİKTAŞ İSTANBUL;(212) 3514151;http://www.makyol.com.tr/tr;makyol.com.tr;ÇİB - Çelik İhracatçıları Birliği
ASİST ALÜMİNYUM PROFİL SAN. VE TİC. A.Ş.;KIZILCIKDERE O.S.B.2. CAD. N:2 MERKEZ KIRKLARELİ;(288) 2634415;www.asistal.com;asistal.com;ÇİB - Çelik İhracatçıları Birliği
FERPO DIŞ TİC.LTD.ŞTİ;İSTANBUL VİZYON PARK OFİS PLAZA 5 KAT:4 NO:52 BAHÇELİEVLER İSTANBUL;(212) 6030709;www.ferpotrade.com;ferpotrade.com;ÇİB - Çelik İhracatçıları Birliği
SORA KOZMETİK SANAYİ TİCARET ANONİM ŞİRKETİ;GAZITEPE MAH. AYBAR SOK. NO: 7 SİLİVRİ İSTANBUL;(212) 7388464;www.soracosmetics.com;soracosmetics.com;ÇİB - Çelik İhracatçıları Birliği
NOKSİ METAL SAN.VE DIŞ TİCARET LTD.ŞTİ.;FATİH MAHALLESİ EMİRHAN SK. NO:1SAMANDIRA SAMANDIRA SANCAKTEPE İSTANBUL;(216) 3140330;www.noksi.com.tr;noksi.com.tr;ÇİB - Çelik İhracatçıları Birliği
PANEKSPORT DIŞ TİC A.Ş.;ŞEKERPINAR MAH ÇİĞDEM SK NO:13 ÇAYIROVA KOCAELİ;;www.panekspanel.com;panekspanel.com;ÇİB - Çelik İhracatçıları Birliği
RENKTON ALÜMİNYUM NAK.İNŞ.VE PROFİL BOYAMA SAN.TİC.LTD.ŞTİ.;DUMLUPINAR MH DUMLUPINAR CD NO:7/A ÜMRANİYE İSTANBUL;(216) 6315191;www.renktonaluminyum.com;renktonaluminyum.com;ÇİB - Çelik İhracatçıları Birliği
MONO ELEKTRİK MALZEMELERİ SAN. VE DIŞ TİC. LTD.ŞTİ.;AKPINAR SANAYİ BÖLGESİ - YASSIÖREN KÖYÜ HADIMKÖY CAD. NO:162 ARNAVUTKÖY İSTANBUL;(212) 5498478;www.monoelectric.com.tr;monoelectric.com.tr;ÇİB - Çelik İhracatçıları Birliği
METALART MAKİNA SANAYİ VE TİCARET ANONİM ŞİRKETİ;SULTAN ORHAN MAH. 1162 SOK. NO:5/A GEBZE KOCAELİ;(262) 6449867;www.metalartsan.com;metalartsan.com;ÇİB - Çelik İhracatçıları Birliği
AKELSA AYDINLATMA ELEKTRİK ENERJİ SANAYİ VE TİCARET LİMİTED ŞİRKETİ;KURTULUŞ MAH. VATAN CAD. NO:86/B ODUNPAZARI ESKİŞEHİR;;www.akelsa.com;akelsa.com;ÇİB - Çelik İhracatçıları Birliği
ZARIFSAN MAKINA VE YEDEK PARCA SAN.TIC. A.Ş.;DOGU SANAYI SIT 8.BLOK NO:2 İSTANBUL;02125520395;www.zarifsan.com.tr;zarifsan.com.tr;ÇİB - Çelik İhracatçıları Birliği
FEBKO KABARA VE ZIMBA SANAYİ TICARET LİMİTED ŞİRKETI;SELAHADDİN EYYÜBİ MAH. 1632. SOK. NO:36 ESENYURT İSTANBUL;(212) 8867549;www.febkokabara.com;febkokabara.com;ÇİB - Çelik İhracatçıları Birliği
NOVA PLASTIK SANAYI VE TICARET A.S.;MURATPAŞA MH ULUYOL CD İSTANBUL TOWER NO:17-19 K:10/48 BAYRAMPAŞA İSTANBUL;(212) 6124243;www.novaplastik.com;novaplastik.com;ÇİB - Çelik İhracatçıları Birliği
NORM MÜHENDİSLİK ELEKTRİK İNŞ. TAAH. SAN. VE TİC. LTD. ŞTİ.;SANAYİ MAH.TUFANOĞLU SOK.N:78 İZMİT KOCAELİ;(262) 3356005;www.normmuhendislik.com.tr;normmuhendislik.com.tr;ÇİB - Çelik İhracatçıları Birliği
SIES ELEKTRIK MUMESSILLIK SAN. VE TIC.LTD.STI.;YESILCE MH.DOSTLUK SK.NO:4 BEŞİKTAŞ İSTANBUL;02123240098;www.sies.com.tr;sies.com.tr;ÇİB - Çelik İhracatçıları Birliği
Fİ ÇELİK METAL YAPI İNŞAAT SAN. VE TİC. LTD. ŞTİ.;YENİ MAH. 5101/2 SOK. NO:2 ÇAYIROVA KOCAELİ;(262) 6533198;www.ficelik.com.tr;ficelik.com.tr;ÇİB - Çelik İhracatçıları Birliği
FIBRE TEKSTİL TURİZM İNŞAAT SAN.VE TİC.LTD.ŞTİ;BOĞAZKÖY İSTİKLAL MAH. SEVDA SOK. NO:61/A ARNAVUTKÖY İSTANBUL;(212) 6594883;www.fibreteks.com.tr;fibreteks.com.tr;ÇİB - Çelik İhracatçıları Birliği
PROFİLSAN YAPI PROFİLLERİ SAN.VE TİC.LTD.ŞTİ.;ÇAKIL MAH. ELBASAN CAD. NO:77/A ÇATALCA İSTANBUL;(212) 7714121;www.profilsan.net;profilsan.net;ÇİB - Çelik İhracatçıları Birliği
CNR DEMİR ÇELİK SAN. VE TİC.A.Ş.;VEYSEL KARANİ MAH.17.YILDIZ SK.NO:15-17/A OSMANGAZİ BURSA;(224) 2150150;www.cnrdemir.com;cnrdemir.com;ÇİB - Çelik İhracatçıları Birliği
INSEL YAPI VE TEKNIK DONATIM SIST.LTD.STI.;İÇERENKÖY MAH. ŞEHİTLER CAMİ SOK. NO.4/A ATAŞEHİR İSTANBUL;(216) 5730935;www.inselltd.com;inselltd.com;ÇİB - Çelik İhracatçıları Birliği
BASRA DEMİR ÇELİK SANAYİ VE TİCARET LİMİTED ŞİRKETİ;ESENŞEHİR MAH. BAŞARI SOK. NP.9/A YUKARIDUDULLU ÜMRANİYE İSTANBUL;(216) 3644245;www.basrademircelik.com;basrademircelik.com;ÇİB - Çelik İhracatçıları Birliği
BULUTLU MAKİNE SANAYİ VE DIŞ TİCARET ANONİM ŞİRKETİ;AYDINLI SB MAH. 9. SK. TTM NO:2 / Z01 TUZLA İSTANBUL;(216) 4464795;https://www.bulutlumarine.com/tr-tr;bulutlumarine.com;ÇİB - Çelik İhracatçıları Birliği
MOTTO DANIŞMANLIK MÜHENDİSLİK VE TEKNOLOJİ LİMİTED ŞİRKETİ;ORHANLI MH. DERVİŞ CD NO:24 GAT PLAZA K:2 TUZLA İSTANBUL;(216) 4837434;www.motto-tr.com;motto-tr.com;ÇİB - Çelik İhracatçıları Birliği
HATKO TEKNİK DONANIMLAR MÜMESSİLLİK VE TİC. AŞ;VİŞNEZADE MAH. ACISU SK. NO:15 BEŞİKTAŞ İSTANBUL;(212) 2589983;www.hatko.com;hatko.com;ÇİB - Çelik İhracatçıları Birliği
EPSILON NDT ENDUSTRIYEL KONTROL SISTEMLERI SANAYİ VE TICARET ANONİM ŞİRKETİ;19 MAYIS MH.DR.ŞEVKET BEY SK.POLAT ÇİFTÇİLER APT. NO:3/A-B ŞİŞLİ İSTANBUL;(212) 2310303;www.epsilon-ndt.com;epsilon-ndt.com;ÇİB - Çelik İhracatçıları Birliği
ÇAĞSAN MERDİVEN VE ERİŞİM EKİPMANLARI SAN. TİC. LTD.ŞTİ.;DİLOVASI ORGANİZE SANAYİ BÖLGESİ 3.KISIMMERİÇ CAD. NO:1 GEBZE KOCAELİ;(262) 7591808;www.cagsanmerdiven.com;cagsanmerdiven.com;ÇİB - Çelik İhracatçıları Birliği
ZEM RAF MAKİNA METAL GERİ DÖNÜŞÜM SAN VE TİC AŞ.;KÖŞKLÜ ÇEŞME MAH.562. SK. NO:13 GEBZE KOCAELİ;(262) 3200723;www.zemraf.com;zemraf.com;ÇİB - Çelik İhracatçıları Birliği
SOLARELA ENERJİ SANAYİ VE TİCARET LİMİTED ŞİRKETİ;29 EKİM MH İZMİR YOLU CD C BLOK NO:376 C /18 NİLÜFER BURSA;(224) 5032555;www.salarela.com.tr;salarela.com.tr;ÇİB - Çelik İhracatçıları Birliği
METAFACADE CEPHE SİSTEM MÜHENDİSLİĞİ LİMİTED ŞİRKETİ;MECLİS MAH. DERVİŞ SK. FUAT ÖZAL NO: 38 İÇ KAPI NO:3 ÇEKMEKÖY İSTANBUL;(216) 9120810;http://www.metafacade.com.tr;metafacade.com.tr;ÇİB - Çelik İhracatçıları Birliği
CAMPACX MİMARLIK İNŞAAT BİLİŞİM SANAYİ VE DIŞ TİCARET LİMİTED ŞİRKETİ;CEVİZLİ MAH. TUGAY YOLU CAD. PİAZZA AVM NO: 69C İÇKAPI NO: 222 MALTEPE İSTANBUL;(216) 0000000;http://www.campacx.com;campacx.com;ÇİB - Çelik İhracatçıları Birliği
TOYO MATBAA MÜREKKEPLERİ SANAYİ VE TİCARET ANONİM ŞİRKETİ;MANİSA ORG. SAN. BÖL. 5.KISIM HASAN TÜREK BULVARI NO:6 YUNUS EMRE MANİSA;(236) 2265038;www.dyo.com.tr;dyo.com.tr;ÇİB - Çelik İhracatçıları Birliği
LİNK YAPI SAN. VE TİC. A.Ş.;GOSB 1000. SK NO:1016 ÇAYIROVA KOCAELİ;(262) 4445465;www.linkyapi.com.tr;linkyapi.com.tr;ÇİB - Çelik İhracatçıları Birliği
GROSS FLEX GEMİ İNŞA HİDROLİK SANAYİ VE TİCARET LİMİTED ŞİRKETİ;KARAKÖPRÜ MAH. ÖMER SEYFETTİN CAD. NO:6/2A GÖLCÜK KOCAELİ;(262) 0000000;https://www.grossflex.com/ileti%c5%9fim;grossflex.com;ÇİB - Çelik İhracatçıları Birliği
BURLA DEMİR ÇELİK ANONİM ŞİRKETİ;SAN.1 3.BOLGE 6.CAD.UGURMUMCU SK.NO.4 BÜYÜKÇEKMECE İSTANBUL;02128869456;www.naciuyar.com.tr;naciuyar.com.tr;ÇİB - Çelik İhracatçıları Birliği
BBS METAL MONTAJ ELEKTRIK SAN.VE TIC.LTD.STI.;SULTAN ORHAN MAH. HASKÖY SAN. SİT NO.15 SARIYER İSTANBUL;(212) 6428999;www.bbsmetal.com.tr;bbsmetal.com.tr;ÇİB - Çelik İhracatçıları Birliği
KEMAL ÖZDEMİR;SAKARYA MAHALLESİ 5. GÜLER SOKAĞI NO:4-BANUŞOĞLU İŞ MERKEZİ /204 OSMANGAZİ BURSA;;http://elenzadesign.com;elenzadesign.com;ÇİB - Çelik İhracatçıları Birliği
4M ALTIN ELEKTRİK İNŞAAT TEKS.GIDA SAN.VE TİC.A.Ş.;BAĞLARBAŞI MAH.1. HÜRRİYET CD.NO:178 OSMANGAZİ BURSA;(224) 4446816;www.4maltinelektrik.com.tr;4maltinelektrik.com.tr;ÇİB - Çelik İhracatçıları Birliği
QVV MÜHENDİSLİK SANAYİ VE TİCARET LİMİTED ŞİRKETİ;GÜZELYALI MAH TÜRKELİ SOKAK NO:27/A PENDİK İSTANBUL;(216) 4440985;http://qvv.com.tr;qvv.com.tr;ÇİB - Çelik İhracatçıları Birliği
MİM PROJE HAFRİYAT İNŞAAT TAAHHÜT MÜHENDİSLİK NAKLİYAT SANAYİ VE TİCARET ANONİM ŞİRKETİ;CUMHURİYET MAH. BÜLENT ECEVİT CADDESİ NO:15/25 ÇAN ÇANAKKALE;(286) 2170330;http://www.miminsaat.com;miminsaat.com;ÇİB - Çelik İhracatçıları Birliği
KARTAL GÜNEŞ ENERJİ SİSTEMLERİ ÇELİK KONSTRÜKSİYON İMALAT SANAYİ VE TİCARET LTD. ŞTİ.;DAĞYAKA MAH. 2034. SOK. NO: 6/1-2-3 KAHRAMANKAZAN ANKARA;(312) 3856724;http://www.kartalges.com.tr;kartalges.com.tr;ÇİB - Çelik İhracatçıları Birliği
FLEXURE FIT YAPI MALZEMELERİ SANAYİ LİMİTED ŞİRKETİ;CAFERAĞA MAH. ŞİFA SK. NO: 19 KADIKÖY İSTANBUL;(850) 2552456;http://www.flexurefit.com;flexurefit.com;ÇİB - Çelik İhracatçıları Birliği
ARETİAS GÖLGE SİSTEMLERİ SAN. VE DIŞ TİC. LTD. ŞTİ.;İKİTELLİ OSB MH HESKOOP SAN SİT S1 BLOK NO:6 BAŞAKŞEHİR İSTANBUL;(212) 4851597;www.aretiastente.com;aretiastente.com;ÇİB - Çelik İhracatçıları Birliği
TEKFIX FASTENINGS DIŞ TİCARET LİMİTED ŞİRKETİ;DERİ OSB MAH. İSTİF SK. İSTANBUL DERİ OSB SİTESİXV. BLOK NO: 1 İÇ KAPI NO: 28 TUZLA TUZLA İSTANBUL;(216) 5910235;www.tek-fix.com;tek-fix.com;ÇİB - Çelik İhracatçıları Birliği
BES YAPI ÜRÜNLERİ SANAYİ ANONİM ŞİRKETİ;CARSI MH. KIYI SK N:2/A YAKACIK KARTAL İSTANBUL;(216) 5933500;www.gfs.com.tr;gfs.com.tr;ÇİB - Çelik İhracatçıları Birliği
CALDİNİ KİMYA SANAYİ VE TİCARET LİMİTED ŞİRKETİ;PELİTLİ SANAYİ SOK NO.32 KÖYLER GEBZE KOCAELİ;(262) 7510099;www.caldini.com.tr;caldini.com.tr;ÇİB - Çelik İhracatçıları Birliği
MERIDYEN ITH.MUMESSILLIK TAAH. TURIZM SANAYI VE TICARET A.S.;DEMIRCILER SITESI 7.YOL NO.62 ZEYTİNBURNU İSTANBUL;02126647304;www.meridyenas.com.tr;meridyenas.com.tr;ÇİB - Çelik İhracatçıları Birliği
EUROSAN SU ARITMA SİSTEMLERİ SANAYİ VE TİCARET ANONİM ŞİRKETİ;FERHATPAŞA MAHALLESİ G-91 SOKAK NO:18-A ATAŞEHİR İSTANBUL;(216) 4998466;www.eurosan.com.tr;eurosan.com.tr;ÇİB - Çelik İhracatçıları Birliği
ALGORİTMA SAĞLIK HİZMETLERİ A.Ş.;ŞERİFALİ MAH.TÜRKER CAD. N:15 ÜMRANİYE İSTANBUL;(212) 5406003;www.algogoritmamedikal.com;algogoritmamedikal.com;ÇİB - Çelik İhracatçıları Birliği
AVRUPA MOZAİK VE YAPI MALZEMELERİ SANAYİ VE TİCARET LTD.ŞTİ.;İKİTELLİ ORGANİZE SANAYİ BÖLGESİ MAH.MARMARA SANYİ SİTESİ M BLOK NO:3 KÜÇÜKÇEKMECE İSTANBUL;(212) 5425761;www.orientmosaic.com;orientmosaic.com;ÇİB - Çelik İhracatçıları Birliği
HASTEL ÇİT SİSTEMLERİ İNŞAAT ANONİM ŞİRKETİ;ŞEMSETTİN MAH. ŞEMSETTİN MERKEZ MEVKII KÜME EVLER GÜBRE ÜRETİM YAPISI-1 NO:112/2 KÖRFEZ KOCAELİ;(850) 3080088;http://www.ozhastel.com.tr;ozhastel.com.tr;ÇİB - Çelik İhracatçıları Birliği
METAYARD METALÜRJİ SANAYİ VE TİCARET LİMİTED ŞİRKETİ;SULTANÇİFTLİĞİ MAH. HÜRRİYET CAD. CEMAL GÜNGÖR APTNO: 5/1 ÇEKMEKÖY/İSTANBUL ÇEKMEKÖY İSTANBUL;(216) 6067509;https://www.metayard.com.tr;metayard.com.tr;ÇİB - Çelik İhracatçıları Birliği
EMEK OZEL CIVATA SANAYI VE TICARET LTD.STI.;ORG. SAN. BÖLG. 7.CAD.NO:6 Merkez ESKİŞEHİR;02222360739;www.petekkagit.com;petekkagit.com;ÇİB - Çelik İhracatçıları Birliği
ÖNERLER MAKİNA ÇELİK ISIL İŞLEM SANAYİ VE TİC. LTD. ŞTİ.;BEŞEVLER SAN. SİT. 26. BLOK NO:6-15 NİLÜFER BURSA;(224) 4419713;https://www.onerler.com.tr;onerler.com.tr;ÇİB - Çelik İhracatçıları Birliği
ELCAB KABLO PROFİL SANAYİ TİCARET ANONİM ŞİRKETİ;TEKSTİLKEN CADDESİ KOZA PLAZA B BLOK KAT 31 ORUÇREİS MAHALLESİ ESENLER İSTANBUL;(212) 6852094;www.elcabkablo.com;elcabkablo.com;ÇİB - Çelik İhracatçıları Birliği
KEY ALÜMİNYUM YAPI SİSTEMLERİ DIŞ TİCARET LİMİTED ŞİRKETİ;ÜNİVERSİTE MH.CİVAN SK. NO:1 ALLURE TOWER 24 KAT D:43 AVCILAR İSTANBUL;(850) 5950101;www.keysystems.com.tr;keysystems.com.tr;ÇİB - Çelik İhracatçıları Birliği
MEYADOOR OTOMATİK GEÇİŞ SİSTEMLERİ SAN. TİC. LTD.ŞTİ.;ESENKENT MAH. BARURALP SOK. NO.25/2 ÜMRANİYE İSTANBUL;(216) 3133200;www.meyadoor.com;meyadoor.com;ÇİB - Çelik İhracatçıları Birliği
BEDE YAPIM VE PROJE LİMİTED ŞİRKETİ;SERDAR MAH. SELAHATTİN EYYUBI CAD. NO:20 D:18 BAŞİSKELE KOCAELİ;(262) 6061926;http://www.bedeyapim.com;bedeyapim.com;ÇİB - Çelik İhracatçıları Birliği
WAA GROUP EUROPE YAPI SANAYİ VE TİCARET ANONİM ŞİRKETİ;YUKARIÖRÜKÇÜ MAH. ESKİ ÖREN KÜME EVLERİ NO: 117 AKÇADAĞ MALATYA;;http://www.wisdomandability.com;wisdomandability.com;ÇİB - Çelik İhracatçıları Birliği
ALMİNA DEMİR ÇELİK İNŞAAT TAAHHÜT SANAYİ VE TİCARET LİMİTED ŞİRKETİ;KARADENİZLİLER CAD.ALİ İSLAM CAD.NO:26 BAŞİSKELE KOCAELİ;(262) 3736670;www.alminademircelik.com;alminademircelik.com;ÇİB - Çelik İhracatçıları Birliği
EKSEN METAL BORU PROFIL SAN.VE TIC.LTD.STI.;ORGANIZE SAN.BÖLG.YOLU ÜZERI 1.KM NO.3 KARADENİZEREĞLİ ZONGULDAK;03723180805;www.eksenmetal.com;eksenmetal.com;ÇİB - Çelik İhracatçıları Birliği
ELTE PANO ELEKTRİK MAK. METAL MUHENDİSLİK SANAYİ VE TICARET LİMİTED ŞİRKETİ;İSTANBUL DERİ ORGANİZE SANAYİ BÖL. GÜDERİ CAD. (7A YOLU) P1 ÖZEL PARSEL NO:16 TUZLA İSTANBUL;(216) 4840666;www.eltepano.com;eltepano.com;ÇİB - Çelik İhracatçıları Birliği
EVCİL SOLAR ENERJİ LTD. ŞTİ.;İVEDİK OSB. MAH. 1373.CAD. NO:32 YENİMAHALLE ANKARA;(312) 3950941;www.evcil.com.tr;evcil.com.tr;ÇİB - Çelik İhracatçıları Birliği
SAY EKSPORT PROFİL SAN. VE TİC. LTD. ŞTİ.;ÖMERLİ MH 75 YIL CD NO:10/3 HADIMKÖY(BOYALIK) ARNAVUTKÖY İSTANBUL;(212) 4832911;www.saysytem.com.tr;saysytem.com.tr;ÇİB - Çelik İhracatçıları Birliği
BY BAŞAK YAPI ANONİM ŞİRKETİ;SANAYİ DİĞER 2 SK 124/1-3 NOLU DÜKKAN NO: 33İÇ KAPI NO: 33 KİRAZLI KÖYÜ MERKEZ YALOVA;(226) 8120492;http://www.basakyapi.net;basakyapi.net;ÇİB - Çelik İhracatçıları Birliği
MCB SANAYİ ÜRÜNLERİ MAKİNA İNŞAAT TURİZM TİCARET A. Ş.;BARBAROS M.FUNDA S.NO.4 KÖRFEZ KOCAELİ;02625264670;www.mcbsan.com;mcbsan.com;ÇİB - Çelik İhracatçıları Birliği
VİGOSEC GEÇİŞ KONTROL VE GÜVENLİK SİSTEMLERİ SANAYİ TİCARET LİMİTED ŞİRKETİ;CEVİZLİ MAH MUSTAFA KEMAL CAD HUKUKÇULAR TOWERS A BLOK NO: 66 A / 111 KARTAL KARTAL İSTANBUL;;http://www.vigosec.com;vigosec.com;ÇİB - Çelik İhracatçıları Birliği
BALIKÇI SAC METAL İTHALAT İHRACAT LİMİTED ŞİRKETİ;SERHAT MAH.1468. CAD. NO: 158 YENİMAHALLE ANKARA;(850) 4661004;www.balikcisacmetal.com;balikcisacmetal.com;ÇİB - Çelik İhracatçıları Birliği
DOĞUŞ KALIP METAL ELEKTRİK SAN VE TİC. LTD. ŞTİ.;İKİTELLİ ORG.SAN.BÖLG.DEMİRCİLER SAN.SİTESİ B5 BLOK NO.123-124 KÜÇÜKÇEKMECE İSTANBUL;(212) 5497741;www.doguskalip.com;doguskalip.com;ÇİB - Çelik İhracatçıları Birliği
ÇEVİK TEKNİK METALURJİ SAN. TİC. LTD. ŞTİ.;ORG. SAN. BÖL. H PARSEL 3. YOL DOLAP CAD. NO:16/B TUZLA İSTANBUL;(216) 3943600;www.cevikmetal.com;cevikmetal.com;ÇİB - Çelik İhracatçıları Birliği
TAB GIDA SANAYİ VE TICARET ANONİM ŞİRKETİ;DİKİLİTAŞ MAH.EMİRHAN CAD.NO:109 K:2-3 ATAKULE BEŞİKTAŞ İSTANBUL;(212) 3106600;www.tabgida.com.tr;tabgida.com.tr;ÇİB - Çelik İhracatçıları Birliği
KAYALAR ÇELİK SANAYİ VE TİCARET A. Ş.;TÜRKOBA MAH. KAYALAR CAD. KAYALAR ÇELİK FABRİKASI APT. NO:7/1 BÜYÜKÇEKMECE İSTANBUL;(212) 4445957;www.kayalarmutfak.com.tr;kayalarmutfak.com.tr;ÇİB - Çelik İhracatçıları Birliği
İNAN MAKİNA SANAYİ VE TİCARET ANONİM ŞİRKETİ;İKİ,TELLİ ORG. SAN. BÖL.ESKİ TURGUT ÖZAL CAD.NO.24 BAŞAKŞEHİR İSTANBUL;(212) 5492013;www.inanmakina.com;inanmakina.com;ÇİB - Çelik İhracatçıları Birliği
ODESSAPORT PLASTİK İMALAT İHRACAT İTHALAT DIŞ TİCARET ANONİM ŞİRKETİ;MAHMUTBEY MAH. 28. YOL SK. 26 ADA NO:148İÇ KAPI NO:1 BAĞCILAR İSTANBUL;(212) 2529988;www.odessaport.com;odessaport.com;ÇİB - Çelik İhracatçıları Birliği
FDF CEPHE DANIŞMANLIĞI VE MÜHENDİSLİK HİZMETLERİ LİMİTED ŞİRKETİ;MİMAR SİNAN MAH. BOSNA CAD. NR.1-3 BADEM İŞ MERK.K:3 D:11 ÇEKMEKÖY İSTANBUL;(216) 6421314;https://en.fdf.com.tr/;en.fdf.com.tr;ÇİB - Çelik İhracatçıları Birliği
GÜVENAL KALIP ELEMANLARI SANAYİ VE TİCARET ANONİM ŞİRKETİ;RAMİ KIŞLA CD EMİNTAŞ 3 SAN SİT NO:56-57-58 EYÜP İSTANBUL;(212) 5015381;www.guvenal.net;guvenal.net;ÇİB - Çelik İhracatçıları Birliği
LEDNDLUX DIŞ TİCARET VE DANIŞMANLIK LİMİTED ŞİRKETİ;ABDURRAHMANGAZİ MAH. SELMA SK. DIŞ KAPI:14İÇ KAPI:15 KAT:3 SANCAKTEPE İSTANBUL;(216) 0000000;http://www.ledndlux.com.tr;ledndlux.com.tr;ÇİB - Çelik İhracatçıları Birliği
ÖZDOĞANPLAST PLASTİK VE KİMYEVİ MADDE PAZARLAMA SANAYİ VE TİCARET LİMİTED ŞİRKETİ;KEMALPASA ORG.SAN.BOLGESI 16SK. N:12 KEMALPAŞA İZMİR;02328772080;www.ozdoganplast.com;ozdoganplast.com;ÇİB - Çelik İhracatçıları Birliği
FAVORİ YAPI VE DEKORATİF MALZ. SAN.TİC.LTD.ŞTİ.;İNÖNÜ MAH.GEBZE GÜZELLER O.S.B.ALP TEGİN SOK.N:7 GEBZE KOCAELİ;;www.favoriyapi.com.tr;favoriyapi.com.tr;ÇİB - Çelik İhracatçıları Birliği
ERAFORM ENDÜSTRİYEL BAĞLANTI ELEMANLARI SAN.TİC.LTD.ŞTİ;ULUS MAH.İSMET PAŞA CAD.ARİN İŞ MERK.NO:5418 TEPECİK BÜYÜKÇEKMECE İSTANBUL;(212) 8630207;www.eraendustriyel.com;eraendustriyel.com;ÇİB - Çelik İhracatçıları Birliği
GENERAL PETROL EKİPMAN. İTH. İHR. İNŞ. YAPI SAN. VE TİC. LTD. ŞTİ.;ÇAVUŞOĞLU MAH.YAKACIK CAD.N:18/7 KARTAL İSTANBUL;(216) 3930818;www.generalpetrol.com.tr;generalpetrol.com.tr;ÇİB - Çelik İhracatçıları Birliği
YES ALÜMİNYUM SAN.TİC.LTD.ŞTİ.;HÜRRİYET MH DR CEMİL BENGÜ CD NO:45/A KAĞITHANE İSTANBUL;;www.yesaluminyum.com;yesaluminyum.com;ÇİB - Çelik İhracatçıları Birliği
ALİ-HARUN ARDIÇ METAL, DEMİR,ÇELİK,PROFİL SANAYİ VE TİCARET LİMİTED ŞİRKETİ;UMURBEY MAHALLESİ, ESKİ ORHANGAZİ YOLU CADDESİNO:11 GEMLİK BURSA;(224) 5248888;www.ardicmetal.com;ardicmetal.com;ÇİB - Çelik İhracatçıları Birliği
İNEGÖL TASARIM MAKİNA MÜHENDİSLİK MÜŞAVİRLİK MÜTEAHHİTLİK SANAYİ VE TİCARET LİMİTED ŞİRKETİ;CUMHURİYET MAH. YILDIRIM BEYAZIT CAD.NO:5/6B İNEGÖL BURSA;(224) 7157206;http://www.tasarimmakina.com.tr;tasarimmakina.com.tr;ÇİB - Çelik İhracatçıları Birliği
YEN SOĞUTMA EKİPMANLARI PAZARLAMA DIŞ TİCARET LİMİTED ŞİRKETİ;ORHANGAZİ MH İSTİKLAL CD NO:121/A PENDİK İSTANBUL;(216) 3055878;www.yencool.com;yencool.com;ÇİB - Çelik İhracatçıları Birliği
JJ BİO MEDİKAL İÇ VE DIŞ TİC. LTD. ŞTİ;KARAYOLLARI MAH. ABDİ İPEKÇİ CD. AVRUPA KON. TEM SLT. 32 BLK D:41 GAZİOSMANPAŞA İSTANBUL;(212) 2316443;www.jjbio.com.tr;jjbio.com.tr;ÇİB - Çelik İhracatçıları Birliği
REMTES MÜHENDİSLİK ENDÜSTRİYEL İMALAT MONTAJ TAAHHÜT SANAYİ VE TİCARET LİMİTED ŞİRKETİ;YENİ MH. BALIKESİR CD. NO:6 TEKNİK YAPI UPRİSE ELİTE RESİDENCE BLOK K:22 D:196 SOĞANLIK - KARTAL KARTAL İSTANBUL;(216) 7712688;http://www.remtes.com.tr;remtes.com.tr;ÇİB - Çelik İhracatçıları Birliği
İNKWER MÜHENDİSLİK HİZMETLERİ VE END. ÜRÜNLER İML. A.Ş.;AYDINLI BİRLİK OSB MH. 2. SK. NO:3 TUZLA İSTANBUL;(216) 3147010;www.inkwer.com;inkwer.com;ÇİB - Çelik İhracatçıları Birliği
MAFF GRUP METAL SAN.VE DIŞ TİC.LTD.ŞTİ.;DEMİRCİLER SİTESİ 4. CAD. NO.44/3 ZEYTİNBURNU İSTANBUL;(212) 4151831;www.maffgrup.com;maffgrup.com;ÇİB - Çelik İhracatçıları Birliği
TEKSER AKARYAKIT ISTASYONLARI ORGANIZASYONU SAN.TIC.A.S.;ÖMERLİ MAH. ÖMERLİ SOK. NO.2 HADIMKÖY(BOYALIK) ARNAVUTKÖY İSTANBUL;(212) 7982127;www.tekser-fc.com;tekser-fc.com;ÇİB - Çelik İhracatçıları Birliği
BEYOND CİVATA SANAYİ VE TİCARET LİMİTED ŞİRKETİ;SANAYİ MAHALLESİ SANAYİ CADDESİ NO:21/1 KURTKÖY PENDİK İSTANBUL;(216) 5951941;https://www.beyondcivata.com.tr/;beyondcivata.com.tr;ÇİB - Çelik İhracatçıları Birliği
AKAY GLOBAL ENDÜSTRİ ÇÖZÜMLERİ ANONİM ŞİRKETİ;ADNAN KAHVECİ MAH.İNÖNÜ CAD.N:93 BEYLİKDÜZÜ İSTANBUL;(212) 8557935;www.akaystand.com.tr;akaystand.com.tr;ÇİB - Çelik İhracatçıları Birliği
KANON YAPI OTOMASYON İNSAAT ELEKTRONİK TEKSTİL AMBALAJ MALZEMELERİ SANAYİ VE TİCARET LTD. ŞTİ.;VEYSEL KARANİ MAHALLESİ ESKİ GEMLİK YOLU CD.NO:280/A OSMANGAZİ BURSA;0(224) 2161133;www.kanonkapi.com;kanonkapi.com;ÇİB - Çelik İhracatçıları Birliği
DÖRTEL HIRDAVAT SANAYİ VE TİCARET LİMİTED ŞİRKETİ;MAHMUTBEY MH İSTOÇ TOPTANCILAR SİTESİ 2451 SK 30 ADA NO:17 BAĞCILAR İSTANBUL;(212) 6592626;www.dortelhirdavat.com;dortelhirdavat.com;ÇİB - Çelik İhracatçıları Birliği
GURBETÇİLER PLASTİK SANAYİ VE TİCARET ANONİM ŞİRKETİ;AYDINLI K.O.S.B MAH. TUZLA KOSB MELEK ARAS BULV.NO.41 TUZLA İSTANBUL;(216) 5950171;www.gurbetciler.com.tr;gurbetciler.com.tr;ÇİB - Çelik İhracatçıları Birliği
WİENERBERGER TR SULAMA VE YAPI SİSTEMLERİ ANONİM ŞİRKETİ;RAMAZANOĞLU MAH.SANAYİ CAD.NO:7 PENDİK İSTANBUL;(216) 3783620;www.pipelife.com;pipelife.com;ÇİB - Çelik İhracatçıları Birliği
PROAKS DIŞ TİCARET ANONİM ŞİRKETİ;BEYLİKDÜZÜ OSB MH BİRLİK SAN SİT 5. CD NO:29 BEYLİKDÜZÜ İSTANBUL;(212) 5410924;www.proaksmetal.com;proaksmetal.com;ÇİB - Çelik İhracatçıları Birliği
SAĞLAMİŞ ÇELİK TEL VE MAM. SAN VE TİC. A.Ş.;1.ORGANİZE SANAYİ BÖLGESİ 1 NOLU YOLNO:30 HANLI ARİFİYE SAKARYA;(264) 2769393;www.saglamis.com;saglamis.com;ÇİB - Çelik İhracatçıları Birliği
SAG HİDROLİK TİCARET SANAYİ LİMİTED ŞİRKETİ;SAKARYA 2. ORGANİZE SANAYİ BÖLGESİ3 NOLU YOL, NO:20 54300-KARGALIHANBABA HENDEK SAKARYA;(264) 2906144;www.saghidrolik.com;saghidrolik.com;ÇİB - Çelik İhracatçıları Birliği
DRECOMP İNTERNATİONAL METAL MAK.KONT.SAN.VE TİC.LTD.ŞTİ.;SANAYİ MAH.KOCAER SOK.NO:16/E İZMİT KOCAELİ;;www.drecomp.com;drecomp.com;ÇİB - Çelik İhracatçıları Birliği
KEMAL GÜNGÖR;MERDİVENKÖY MAH. ORTABAHAR SOK. BEYAZ EVLER APT. NO:20 KAT:6 D:12 34710 KADIKÖY İSTANBUL;(216) 0000000;www.baskan-yapi.com;baskan-yapi.com;ÇİB - Çelik İhracatçıları Birliği
ARENKO İNŞAAT MALZEMELERİ VE İTHALAT İHRACAT LİMİTED ŞİRKETİ;MERKEZEFENDİ MAH.MEVLANA CAD. 128 B2 BLOK D:5 ZEYTİNBURNU İSTANBUL;(212) 5828430;http://www.finishpart.com;finishpart.com;ÇİB - Çelik İhracatçıları Birliği
Z ÇELİK SANAYİ VE TİCARET LİMİTED ŞİRKETİ;MESCİT MAH.DEMOKRASİ CAD.BİRMES SANAYİ SİTESİB6 BLOCK NO:3 U İÇ KAPI NO:28 TUZLA İSTANBUL;(216) 3966567;http://www.zcelik.com;zcelik.com;ÇİB - Çelik İhracatçıları Birliği
GEDA MAJOR İŞ VE İNŞAAT MAK SAN VE TİC LTD ŞTİ;ŞEMSETTİN GÜNALTAY CAD. NO. 224 A BLOK K.2 D.5 KADIKÖY İSTANBUL;(216) 4670833;www.geda-major.com.tr;geda-major.com.tr;ÇİB - Çelik İhracatçıları Birliği
BRONSWERK DENİZCİLİK MÜHENDİSLİK SAN. VE TİC.LTD.ŞTİ.;SANAYİ MH. TEKNOPARK BULVARI NO:1 11C BLOK İÇ KAPI 516 PENDİK İSTANBUL;(216) 4935818;www.bronswerkgroup.com;bronswerkgroup.com;ÇİB - Çelik İhracatçıları Birliği
RAREGAZ DIŞ TİCARET SANAYİ ANONIM SIRKETI;ATATÜRK MAH. ERTUĞRUL GAZİ SK. METROPOL ISTANBUL A BLOK NO: 2 E İÇ KAPI NO: 331 ATAŞEHİR İSTANBUL;(216) 0000000;www.he24me.com;he24me.com;ÇİB - Çelik İhracatçıları Birliği
SKYTECH GROUP HAVACILIK VE TEKNOLOJİ SANAYİ TİCARET LİMİTED ŞİRKETİ;100. YIL MAHALLESİ (GOP) FISKİYE CADDESİ NO10/2PK:06680 ÇANKAYA/ANKARA ÇANKAYA ANKARA;(312) 0000000;www.skytechgrp.com;skytechgrp.com;ÇİB - Çelik İhracatçıları Birliği
ÖLMEZ ÇELIK GIDA INŞ.HAFRIYAT NAK.SAN.VE TIC.LTD.ŞTI.;KARACAM KOYU GEYVE SAKARYA;02645270030;www.olmezcelik.com.tr;olmezcelik.com.tr;ÇİB - Çelik İhracatçıları Birliği
AGM YEDEK PARCA VE MAKINE SAN TIC. LTD. ŞTİ.;CEMIL MERIC MAH.BESTEKAR SOKBIRLIK SIT.D BLOK 3A/23 PK:34771 ÜMRANİYE İSTANBUL;(216) 2905183;www.agmticaret.com;agmticaret.com;ÇİB - Çelik İhracatçıları Birliği
KÖKSAL FERFORJE YAPI SANAYİ VE DIŞ TİCARET LİMİTED ŞİRKETİ;MERKEZ MAHALLESİ KAĞITHANE CADDESİ NO:111/A KAĞITHANE İSTANBUL;(212) 2325391;www.koksalferforje.com;koksalferforje.com;ÇİB - Çelik İhracatçıları Birliği
DENGE HAVALİMANI EKİPMANLARI SANAYİ VE TİCARET ANONİM ŞİRKETİ;İKİTELLİ OSB MH METAL İŞ SAN SİT 10 BLOK NO:10/10 BAŞAKŞEHİR İSTANBUL;(212) 8071100;www.denge.aero;denge.aero;ÇİB - Çelik İhracatçıları Birliği
ERCAN MOBILYA VE DEKORASYON AKSESUAR SAN.VE TIC.LTD.STI.;NATO YOLU CD NO:184C İKİTELLİ OSB MH KERESTECİLER SAN SİT 5 BLOK NO:2-4 BAŞAKŞEHİR İSTANBUL ÜMRANİYE İSTANBUL;(212) 2245640;www.ercanmobilya.com.tr;ercanmobilya.com.tr;ÇİB - Çelik İhracatçıları Birliği
M ARTI YAPI İNŞ MALZ PAZ SAN TİC LTD ŞTİ;DEMİRCİLER SİT. 10 CD. NO:80 ZEYTİNBURNU İSTANBUL;(212) 6655277;www.martiyapi.com;martiyapi.com;ÇİB - Çelik İhracatçıları Birliği
PARSTEKNİK METAL SANAYİ VE TİCARET LİMİTED ŞİRKETİ;OVAAKÇA ÇEŞMEBAŞI MAH. İSTANBUL CAD. NO:659/1 OSMANGAZİ BURSA;(224) 2671515;www.parsteknikmetal.com;parsteknikmetal.com;ÇİB - Çelik İhracatçıları Birliği
SİSTEM ALÜMİNYUM SANAYİ VE TİCARET ANONİM ŞİRKETİ;AKÇABURGAZ MAH. 3055. SOK. NO:4 ESENYURT İSTANBUL;(212) 8868787;www.sistemal.com;sistemal.com;ÇİB - Çelik İhracatçıları Birliği
ELEKTRAKOM ENERJİ MÜHENDİSLİK SANAYİ VE TİCARET LİMİTED ŞİRKETİ;ATATÜRK MAH. MERİÇ CAD. GARDENYA 63 ADA DAİRE 45 5-22 J ATAŞEHİR ATAŞEHİR İSTANBUL;(216) 5481170;www.elektrakom.net;elektrakom.net;ÇİB - Çelik İhracatçıları Birliği
İSTANBUL KİLİT SANAYİ TİCARET ANONİM ŞİRKETİ;HASTANE MH.HADIMKÖY İSTANBUL CD NO:3 ARNAVUTKÖY İSTANBUL;(212) 5498109;www.istanbulkilit.com;istanbulkilit.com;ÇİB - Çelik İhracatçıları Birliği
RAWTECH METAL SANAYİ TİCARET LİMİTED ŞİRKETİ;OVACIK MAH.KAVAKÇILIK SK.B BLOK NO:31 İÇ KAPI NO70 BAŞİSKELE KOCAELİ;(262) 0000000;http://www.rawtechmetal.com;rawtechmetal.com;ÇİB - Çelik İhracatçıları Birliği
DOĞUŞ KALIP METAL VE FORM SAN. DIŞ. TİC. A.Ş.;MAHMUTBEY MAH. KARAOĞLANOĞLU CAD.NO:15/17 BAĞCILAR İSTANBUL;(212) 4800828;www.doguskalip.com.tr;doguskalip.com.tr;ÇİB - Çelik İhracatçıları Birliği
TAŞYAPI İNŞAAT TAAHHÜT SAN.VE TİC.A.Ş.;KÜCÜK CAMLICA MAH. SEHİT İSMAİL MORAY SOKAK NO:13 ALTUNİZADE ÜSKÜDAR İSTANBUL;02163396570;www.tasyapi.com;tasyapi.com;ÇİB - Çelik İhracatçıları Birliği
İTİMAT MÜHENDİSLİK ZENON PANEL YAPI TEK. SAN. VE TİC. LTD. ŞTİ.;FEVZİPAŞA MAH. SÖĞÜT CAD. NO:41 DEĞİRMENKÖY SİLİVRİ İSTANBUL;(212) 8843492;www.zenonpanel.com;zenonpanel.com;ÇİB - Çelik İhracatçıları Birliği
ELSA ALUMINYUM PLS.MTL.MKN.INS .SAN.VE TIC.LTD.STI.;PIRIREIS MH.BARBAROS CD.FERASET SK.N:2 GEBZE KOCAELİ;02626535210;www.elsaaluminyum.com;elsaaluminyum.com;ÇİB - Çelik İhracatçıları Birliği
ISTANBUL PASLANMAZ ÇELIK SANAYİ VE TİCARET ANONİM ŞİRKETİ;DEMIRCILER SIT.2.CAD. NO: 20 ZEYTİNBURNU İSTANBUL;(212) 4154630;www.istanbulpaslanmaz.com;istanbulpaslanmaz.com;ÇİB - Çelik İhracatçıları Birliği
GAP KABLO SAN. VE TİC. LTD. ŞTİ.;OSMANGAZİ MAH. 3130 SOK. NO.6/2 KIRAÇ KIRAÇ ESENYURT İSTANBUL;(212) 8868618;www.gurfil.com;gurfil.com;ÇİB - Çelik İhracatçıları Birliği
EMK İTHALAT İHRACAT DEMİR DÖVME SANAYİ VE TİCARET ANONİM ŞİRKETİ;VELİKÖY ORGANİZE BÖLGESİ 2,CADDE 2-4F NO 12 ÇERKEZKÖY TEKİRDAĞ;(282) 7476698;www.emkdovme.com.tr;emkdovme.com.tr;ÇİB - Çelik İhracatçıları Birliği
KASKTAS KAYAR KALIP ALTYAPI SONDAJ VE TICARET A.S.;ENDERUNLU ISMAIL HAKKI BEY SOKAK BALMUMCU MAH NO:1 BEŞİKTAŞ İSTANBUL;(212) 2745800;www.kasktas.com.tr;kasktas.com.tr;ÇİB - Çelik İhracatçıları Birliği
ACM YAPI KİMYASALLARI SAN.VE DIŞ TİC.LTD.ŞTİ;TUZLA DERİ ORGANİZE SANAYİ BÖLGESİ 15.YOL 1A1PARSEL TUZLA İSTANBUL;(216) 3942636;www.purpox.com;purpox.com;ÇİB - Çelik İhracatçıları Birliği
MKS TRANSFORMATÖR EKİPMANLARI SAN.VE TİC.A.Ş.;ŞEKERPINAR MAH. SÜLEYMANİYE CAD. GÖKTÜRK SOK. NO.37 ÇAYIROVA KOCAELİ;(262) 6581407;www.mksltd.net;mksltd.net;ÇİB - Çelik İhracatçıları Birliği
GÜLERSAN YAPI MÜH. İNŞ. VE MOBİLYA SAN. VE DIŞ TİC. LTD. ŞTİ.;ORUÇREİS MAH.TEKSTİLKENT CADDESİ 10 AB ESENLER İSTANBUL;(212) 2707441;www.gulersanyapi.net;gulersanyapi.net;ÇİB - Çelik İhracatçıları Birliği
KSEO ENERJİ ANONİM ŞİRKETİ;KÜÇÜKBAKKALKÖY MAH. SELVILI SK. NO: 4 IÇ KAPI NO: 81 34750 ATAŞEHİR İSTANBUL;(216) 0000000;http://www.kseoenergy.com;kseoenergy.com;ÇİB - Çelik İhracatçıları Birliği
GALMAK ALÜMİNYUM SAN. VE TİC. LTD. ŞTİ.;MUALLİMKÖY CAD. N0:13/1 GEBZE DİLOVASI OSB MAHALLESİ 41400 GEBZE, KOCAELİ, TÜRKİYE GEBZE KOCAELİ;(262) 5023838;www.galmak.com.tr;galmak.com.tr;ÇİB - Çelik İhracatçıları Birliği
ASKO ENDUSTRI ILETISIM TASARIM SAN.VE TIC.LTD.STI.;HENDEM CAD. YÜKSELİŞ SOK. ALKAN PLAZA NO:13 K:1 ŞERİFALİ YUKARIDUDULLU ÜMRANİYE İSTANBUL;(216) 4289033;www.askoendustri.com;askoendustri.com;ÇİB - Çelik İhracatçıları Birliği
HASTUNÇ İNŞAAT TİCARET LTD.ŞTİ.;ORHANGAZİ KÜÇÜK SAN. SİT. 6. CD. 5A BLOK NO:1 ORHANGAZİ BURSA;(224) 5860070;www.hastunc.com;hastunc.com;ÇİB - Çelik İhracatçıları Birliği
ASTİM ENDÜSTRİ TESİSLERİ İMALAT MONTAJ TAAHHÜT A.Ş.;MASLAK MAH,ESKİ BÜYÜKDERE CAD.İZ PLAZA,KAT:12NO:9,D:41 SARIYER İSTANBUL;(212) 7248550;www.astim.web.tr;astim.web.tr;ÇİB - Çelik İhracatçıları Birliği
EKALDES AYDINLATMA SANAYİ VE TİCARET ANONİM ŞİRKETİ;SANAYİ MAH KURU SK NEKAR DEPO 2 İZMİT KOCAELİ;(262) 3258474;www.ekaldes.com.tr;ekaldes.com.tr;ÇİB - Çelik İhracatçıları Birliği
SILKCOAT DUVAR KAPLAMALARI SANAYİ VE TİCARET LİMİTED ŞİRKETİ;KALEİÇİ MAH. SARAY VİZE YOLU ÜZERİNO.61 GÖKÇEALI TREN ISTASYONU YANI ÇATALCA İSTANBUL;02127895643;www.silkcoat.com;silkcoat.com;ÇİB - Çelik İhracatçıları Birliği
ETNA MEMBRAN YAPILAR İNŞAAT SAN. VE TİC. LTD.ŞTİ.;ÇAMLIK MH DİNÇ SK MUYAR PLAZA A BLOK NO:4/4/29 ATAŞEHİR İSTANBUL;(216) 5723862;www.etnayapi.com;etnayapi.com;ÇİB - Çelik İhracatçıları Birliği
ASTEKNİK MÜH. YAPI VE YALITIM MALZ.AL PLS SAN TİC A.Ş.;ESENKENT MH.BUYRUK SK.NO:15A-1 ÜMRANİYE İSTANBUL;(216) 4667263;www.asteknik.com;asteknik.com;ÇİB - Çelik İhracatçıları Birliği
PERSAN GROUP TENTE PERGOLA SANAYİ VE TİCARET LİMİTED ŞİRKETİ;BEYLİKDÜZÜ OSB MH ORKİDE CD NO:11/2 BEYLİKDÜZÜ İSTANBUL;(212) 4450000;www.persangroup.com.tr;persangroup.com.tr;ÇİB - Çelik İhracatçıları Birliği
ALBEK ENDÜSTRİYEL İMALAT SAN. VE TİC. A.Ş.;TUZLA DERİ OSB. ANTİK SOK. NO:4B-5 PARSEL TUZLA İSTANBUL;(216) 3948833;www.albek.com.tr;albek.com.tr;ÇİB - Çelik İhracatçıları Birliği
ERKİN ÇELİK KONSTRÜKSİYON İMALAT MONTAJ VE İNŞAAT SANAYİ TİCARET LİMİTED ŞİRKETİ;YENİŞEHİR MAH. BAKÜ CAD. ARMA REZİDANS NO:65 D-167 PENDİK İSTANBUL;(216) 7512488;www.erkincelik.com;erkincelik.com;ÇİB - Çelik İhracatçıları Birliği
CÖMERT ÇELİK İÇ VE DIŞ TİCARET LİMİTED ŞİRKETİ;AKŞEMSETTİN MAH SEZAİ KARAKOY CADDESİ 16/A N:1 ESENYURT İSTANBUL;(212) 4863212;www.comertcelik.com;comertcelik.com;ÇİB - Çelik İhracatçıları Birliği
PESİNA İNŞAAT SANAYİ VE TİCARET LİMİTED ŞİRKETİ;YENİŞEHİR MAH.SÜMBÜL SK. NO:8/2 D:603 PENDİK İSTANBUL;(216) 9697399;www.pesina.com.tr;pesina.com.tr;ÇİB - Çelik İhracatçıları Birliği
ABB METAL ALÜMİNYUM SANAYİ VE TİCARET LTD.ŞTİ.;PELİTLİ MAH MADEN CAD NO 30 GEBZE KOCAELİ;(262) 7512070;www.duraline.com.tr;duraline.com.tr;ÇİB - Çelik İhracatçıları Birliği
EPLEPLAST PLASTİK SANAYİ TİCARET VE LİMİTED ŞİRKETİ;ÇORAKLAR MAHALLESİ 5015 SK. NO: 9-13 KÖYLER ALİAĞA İZMİR;(232) 9660015;www.epleplast.com;epleplast.com;ÇİB - Çelik İhracatçıları Birliği
ATILIM MÜHENDİSLİK İNŞAAT SAN. İÇ VE DIŞ TİC.LTD.ŞTİ.;Y.DUDULLU MAH.İMES SANAYİ B.BLOK 203.SOKAK NO:3 ÜMRANİYE İSTANBUL;02163139103;www.atilimmuh.com;atilimmuh.com;ÇİB - Çelik İhracatçıları Birliği
ARMONA DENİZCİLİK A.Ş.;TAKKECI SOK.NO:3 BEŞİKTAŞ İSTANBUL;02122872780;www.armonadenizcilik.com;armonadenizcilik.com;ÇİB - Çelik İhracatçıları Birliği
SNL ELEKTRİK DIŞ TİCARET V E SANAYİ ANONİM ŞİRKETİ;ATAKENT MH 221 SK NO:66B F BLOK D:24 ESENYURT İSTANBUL;(000) 0000000;www.snldisticaret.com;snldisticaret.com;ÇİB - Çelik İhracatçıları Birliği
İLKE ÇELİK METAL SANAYİ VE TİCARET ANONİM ŞİRKETİ;FENERYOLU CEMIL TOPUZLU CAD.IS BANKASI BLOKLARI E BLOK D:8 KADIKÖY İSTANBUL;(216) 4670440;www.ilkecelik.com.tr;ilkecelik.com.tr;ÇİB - Çelik İhracatçıları Birliği
METKOM ALÜMİNYUM METAL SANAYİ VE TİCARET LİMİTED ŞİRKETİ;BEYSAN SAN. SİT. BİRLİK CAD. NO:3/6 BEYPORT PLAZA BEYLİKDÜZÜ İSTANBUL;(212) 4850787;www.metkomaluminyum.com;metkomaluminyum.com;ÇİB - Çelik İhracatçıları Birliği
USENS ENERJİ ANONİM ŞİRKETİ;ADALET MAH ANADOLU CAD NO41/1 MYPLAZA D1803 BAYRAKLI İZMİR;(232) 2908411;http://www.u-sens.com;u-sens.com;ÇİB - Çelik İhracatçıları Birliği
NESER KABLO PANO ELEKTRİK TAAHHÜT MÜHENDİSLİK SERVİS TURİZM TAŞIMACILIK SAN. VE TİC.LTD.ŞTİ.;ORGANİZE SAN. BÖLGESİ TURUNCU CADDE NO:2/A NİLÜFER BURSA;(224) 4435548;www.neserpano.com.tr;neserpano.com.tr;ÇİB - Çelik İhracatçıları Birliği
MEGA ARDENİZ ÇELİK ENDÜSTRİ İÇ VE DIŞ TİCARET ANONİM ŞİRKETİ;CUMHURİYET MAH., FERMAN CAD.NO: 8, YAKACIK KARTAL İSTANBUL;(216) 3772874;www.megaworks.com.tr;megaworks.com.tr;ÇİB - Çelik İhracatçıları Birliği
GÜNMAK ENDÜSTRİYEL ALET POMPA VE OTOMASYON SİSTEMLERİ SAN. VE TİC. A. Ş.;CEVİZLİ MAH. TOROS CAD. NO:78 CEVİZLİ MALTEPE İSTANBUL;02163707676;www.gunmak.com;gunmak.com;ÇİB - Çelik İhracatçıları Birliği
ARCOGLOBAL ÜRETİM ANONİM ŞİRKETİ;İOSB MH HÜRRİYET BULVARI NO:54 BAŞAKŞEHİR İSTANBUL;(212) 4850860;www.arcoglobal.com;arcoglobal.com;ÇİB - Çelik İhracatçıları Birliği
GÜNMAK İÇ VE DIŞ TİC. LTD. ŞTİ.;ALTINTEPSİ MH POYRAZ SK NO:28/A BAYRAMPAŞA İSTANBUL;(212) 5650311;www.gunmak.net;gunmak.net;ÇİB - Çelik İhracatçıları Birliği
KTA ENDÜSTRİ SİSTEMLERİ SANAYİ VE TİCARET LİMİTED ŞİRKETİ;ORG. SAN. BÖLG. 7. CAD. NO. 10 ÇERKEZKÖY TEKİRDAĞ;02827581736;www.prettl.com;prettl.com;ÇİB - Çelik İhracatçıları Birliği
TNX INTERNATIONAL DEMİR ÇELİK ANONİM ŞİRKETİ;HUNAT MAH. NUH MEHMET BALDÖKTÜ SK. NO:5/29 MELİKGAZİ KAYSERİ;;http://www.tnxinternational.com;tnxinternational.com;ÇİB - Çelik İhracatçıları Birliği
ROLLSİS OTOMATİK KAPI VE KEPENK SİSTEM SAN. VE TİC. LTD. ŞTİ.;İST.BAĞCILAR GÜNEŞLİ BAĞLAR MAH.OSMANPAŞA CAD.N:45/A BAĞCILAR İSTANBUL;(212) 6020610;www.rolsis.com;rolsis.com;ÇİB - Çelik İhracatçıları Birliği
MAKRO BOYA VE KIMYA SANAYI TİCARET LİMİTED ŞİRKETİ;AYDINLI MAH.İSTANBUL ANADOLUYAKASI ORG.SAN.BÖLG. 9 .SK NO:4 TEPEÖREN TUZLA İSTANBUL;02165931900;www.makroboya.com;makroboya.com;ÇİB - Çelik İhracatçıları Birliği
YÜCEL KANT GEMİ ONARIM İNŞAA SANAYİ VE TİCARET LİMİTED ŞİRKETİ;EVLİYA ÇELEBİ MAH. EĞİLMEZ SOK. C BLOK NO:3/9 TUZLA İSTANBUL;(216) 4461085;http://www.yucelkantgemi.com;yucelkantgemi.com;ÇİB - Çelik İhracatçıları Birliği
GRUNDFOS POMPA SAN.VE TIC. LTD.STI.;GEBZE ORG. SAN. BÖL. IHSAN DEDE CAD.2. YOL 200. SOK NO:204 GEBZE KOCAELİ;02626797900;www.grundfos.com.tr;grundfos.com.tr;ÇİB - Çelik İhracatçıları Birliği
TMS KALIP VE İSKELE SIST.SAN.V E TIC.A.Ş.;BAĞDAT MAH D-100 KARAYOLU CAD N:446 KARTEPE KOCAELİ;(262) 3752207;www.tms.tc;tms.tc;ÇİB - Çelik İhracatçıları Birliği
NURİ ÇİÇEK;ŞEMSİ PAŞA MH 43 SK NO:6 GAZİOSMANPAŞA İSTANBUL;(212) 4178086;www.nurelaricilikmalzemeleri.com;nurelaricilikmalzemeleri.com;ÇİB - Çelik İhracatçıları Birliği
ELEKS DIŞ TİCARET ANONİM ŞİRKETİ;ESENTEPE MAH.KASAP SK. NO 15/1 KAT 5 KAĞITHANE İSTANBUL;(212) 7085048;www.eleks.com.tr;eleks.com.tr;ÇİB - Çelik İhracatçıları Birliği
NEOCOM İLETİŞİM TEKNOLOJİLERİ ANONİM ŞİRKETİ;KAVACIK MAH. ERTÜRK SOK. NO:11 K:4 BEYKOZ İSTANBUL;(216) 5377131;www.neocom.com.tr;neocom.com.tr;ÇİB - Çelik İhracatçıları Birliği
YAĞMAKSAN İÇ VE DIŞ TİCARET SANAYİ LİMİTED ŞİRKETİ;ORGANIZE SANAYİ BÖLGESİ 12. CAD. NO.6 ÇORUM ÇORUM;03642549102;www.yagmaksan.com;yagmaksan.com;ÇİB - Çelik İhracatçıları Birliği
HKSC İNŞAAT TURİZM OTOMOTİV İTHALAT VE İHRACAT SANAYİ TİCARET LİMİTED ŞİRKETİ;ESENKENT MH. NATO YOLU CD ULVİ SOKAĞI NO:1 ÜMRANİYE İSTANBUL;(216) 5676400;www.hksc.com.tr;hksc.com.tr;ÇİB - Çelik İhracatçıları Birliği
BTM TEKNİK ENDÜSTRİYEL DENİZ ÜRÜNLERİ PAZARLAMA THALAT İHRACAT SANAYİ VE TİCARET A.Ş.;AYDINTEPE MH. D-100 KARAYOLU CD. NO:14-G TUZLA İSTANBUL;(216) 3951971;www.btmteknik.com.tr;btmteknik.com.tr;ÇİB - Çelik İhracatçıları Birliği
MEPA ENERJİ SİSTEMLERİ SANAYİ VE TİCARET ANONİM ŞİRKETİ;SİTE MAH. SAMANYOLU CAD. KUTLU SOK. NO:1-5A N:191/54 ÜMRANİYE İSTANBUL;(216) 6394260;www.mepaenerji.com;mepaenerji.com;ÇİB - Çelik İhracatçıları Birliği
ESKA VALVE ANONİM ŞİRKETİ;1. ORGANİZE SANAYİ BÖLGESİ MAHALLESİ, 11. CADDE, NO:6-8 ARİFİYE SAKARYA;;www.eskavalve.com;eskavalve.com;ÇİB - Çelik İhracatçıları Birliği
ERSO ENDÜSTRİYEL SOĞUTMA SİSTEMLERİ VE MARKET EKİP. SAN. TİC. LTD. ŞTİ.;B.GAZİ MH.KUBBE C.CİBALİ SOK.SULTAN SAN SİT.B BLOK N:44 SULTANBEYLİ İSTANBUL;(216) 5925300;www.ersosogutma.com;ersosogutma.com;ÇİB - Çelik İhracatçıları Birliği
EUROSTAR METAL A.Ş.;SARAY MAH. SİTEYOLU CAD. AK SAN SİT NO:8A/17 ÜMRANİYE İSTANBUL;(216) 6340898;http://www.eurostarmetal.com;eurostarmetal.com;ÇİB - Çelik İhracatçıları Birliği
MEPA IC VE DIS TICARET A.S.;ATATURK MAH. BAHARIYE CAD. NO.2 KÜÇÜKÇEKMECE İSTANBUL;(212) 6984444;www.mepaotomotiv.com;mepaotomotiv.com;ÇİB - Çelik İhracatçıları Birliği
KURTOĞLU BAKIR-KURŞUN SANAYİ ANONİM ŞİRKETİ;HALİL RIFAT PAŞA MH YÜZER HAVUZ SK PERPA TİC MERKEZİ B BLOK KAT:9/1366 OKMEYDANI ŞİŞLİ İSTANBUL;(282) 6847000;www.kurtogluas.com;kurtogluas.com;ÇİB - Çelik İhracatçıları Birliği
METALOOP YAPI SİSTEMLERİ ANONİM ŞİRKETİ;SOĞANLIK YENİ MH ALİ AĞA SK BUMERANG NO:8 KAT: 7 D:29 KARTAL İSTANBUL;(216) 7845133;www.metaloop.com.tr;metaloop.com.tr;ÇİB - Çelik İhracatçıları Birliği
YILMAZ MAK. VE YEDEJ PAR. İMALAT SANAYİ VE TİCARET LİMİTED ŞİRKETİ;DUDULLU OSB MH İMES SAN SİT E BLOK 503 SK NO:50 ÜMRANİYE İSTANBUL;(216) 3645154;www.yilmazlarmakina.com;yilmazlarmakina.com;ÇİB - Çelik İhracatçıları Birliği
EGESİM ENERJİ ELEKTROMEKANİK VE ELEKTRİK TAAHHÜT SANAYİ TİCARET ANONİM ŞİRKETİ;ATATÜRK BULVARI NO.4 İZMİR SEBEST BÖLGESİ MENEMEN İZMİR;(232) 8426085;www.egesim.com.tr;egesim.com.tr;ÇİB - Çelik İhracatçıları Birliği
AKSOM CIVATA SANAYİ TİCARET ANONİM ŞİRKETİ;YENI MAH. MUS SOK. NO:9 SOĞANLIK KARTAL İSTANBUL;(216) 3777002;www.ak-somcivata.com;ak-somcivata.com;ÇİB - Çelik İhracatçıları Birliği
HAKPAR YAPI METAL ÜRÜNLERİ SANAYİ VE TİCARET LİMİTED ŞİRKETİ;ORHANLI MAH DOSTHANE SOK 23-1 TUZLA İSTANBUL;(216) 3970349;www.metflexi.com;metflexi.com;ÇİB - Çelik İhracatçıları Birliği
MFM MÜHENDİSLİK MAKİNA SANAYİ ANONİM ŞİRKETİ;İOSB MAH TRİOS 2023 A BLOK SOK DERSAN SİTESİ A BLOK NO:1/69 BAŞAKŞEHİR İSTANBUL;(212) 6716043;www.mfmmuhendislik.com;mfmmuhendislik.com;ÇİB - Çelik İhracatçıları Birliği
İSTANBUL KEPENK AKSESUARLARI İTHALAT İHRACAT SANAYI TİCARET LİMİTED ŞİRKETİ;ZİYA GÖKALP MH G-1019 SK PRESTİJ 4 İS MERKEZİ NO:12/A BAŞAKŞEHİR İSTANBUL;(212) 5497955;www.istanbulkepenk.com.tr;istanbulkepenk.com.tr;ÇİB - Çelik İhracatçıları Birliği
MOTTOGAS OTOMOTİV SANAYİ VE TİCARET LİMİTED ŞİRKETİ;ŞERİFALİ MH. NECİP FAZIL BULVARI MEVDUDİ SK.KAT:1 NO:14 ÜMRANİYE İSTANBUL;(216) 5262373;www.ataksan.net;ataksan.net;ÇİB - Çelik İhracatçıları Birliği
OM AY DIŞ TİCARET LİMİTED ŞİRKETİ;İSTİKLAL MAHALLESİ ÇARK CAD.NO:243/103 SERDİVAN SAKARYA;(264) 2787929;www.adaliahsap.com;adaliahsap.com;ÇİB - Çelik İhracatçıları Birliği
KRAFT GLOBAL METAL LİMİTED ŞİRKETİ;MAHMUTBEY MH TAŞOCAĞI YOLU CD BALANS GÜNEŞLİ NO:19/1A BAĞCILAR İSTANBUL;(212) 8070543;www.motto.com.tr;motto.com.tr;ÇİB - Çelik İhracatçıları Birliği
PERFORM MEKANİK ANONİM ŞİRKETİ;BARBAROS MAH GÜLPINAR SOK NO:5/2SEMBOL PLAZA ATAŞEHİR İSTANBUL;(216) 3246464;www.performmekanik.com;performmekanik.com;ÇİB - Çelik İhracatçıları Birliği
BORSEL BORU TICARET LTD.STI.;BARBAROS MAH.SUTCUYOLU CAD.NO-83-A YENİSAHRA ATAŞEHİR İSTANBUL;02163176465;www.borselboru.com;borselboru.com;ÇİB - Çelik İhracatçıları Birliği
AYHAN TAKIM ÇELİK A.Ş.;METAL İŞ SAN.SİT. 17.BLOK NO:1 İKİTELLİ 34306 İKİTELLİ BAŞAKŞEHİR İSTANBUL;(212) 5491355;www.ayhansteel.com;ayhansteel.com;ÇİB - Çelik İhracatçıları Birliği
CONTİTECH LASTİK SANAYİ VE TİCARET ANONİM ŞİRKETİ;NILUFER ORGANIZE SANAYIBOLG.N.114 SOK NO.10 NİLÜFER BURSA;02242805100;www.contitech.com.tr;contitech.com.tr;ÇİB - Çelik İhracatçıları Birliği
AKAR ELEKTRIK TAAHHUT SAN.TIC. LTD.STI.;DUMLUPINAR CAD. ORTA MAH.GÜNEŞ ÇIKMAZI GÜNEŞHAN NO 1 BAYRAMPAŞA İSTANBUL;02126131183;www.akarpano.com.tr;akarpano.com.tr;ÇİB - Çelik İhracatçıları Birliği
NİKİ ELEKTRONİK LED AYDINLATMA ÜRÜNLERİ ÜRETİM PAZ. A.Ş.;Y.DUDULLU MAH.NECİP FAZIL BULV.KEYAP SİT.E2 BLOK N:44/68 ÜMRANİYE İSTANBUL;(216) 4200280;www.nikielektronik.com;nikielektronik.com;ÇİB - Çelik İhracatçıları Birliği
DECOSO DEKORASYON VE SOĞUTMA SANAYİ TİCARET İTHALAT İHRACAT LİMİTED ŞİRKETİ;SULTANİYE MAHALLESİ 350.SOKAK ŞELALEPLAZA NO:1 İÇ KAPI NO :19 ESENYURT İSTANBUL;(212) 0000000;www.decoso.com.tr;decoso.com.tr;ÇİB - Çelik İhracatçıları Birliği
KOCAKONAK YAPI ZEMİN SİSTEMLERİ MADEN İNŞAAT SANAYİ VE TİCARET LİMİTED ŞİRKETİ;DOĞANLAR MAH. OKUL SK. NO:6 BORNOVA İZMİR;(232) 3747808;http://www.kocakonakyapi.com;kocakonakyapi.com;ÇİB - Çelik İhracatçıları Birliği
ARAS CELIK TIC.LTD.STI.;DES SAN.SIT.110 SOK.D-29 BLOK N.1 ÜMRANİYE İSTANBUL;(216) 4663196;www.arascelik.com.tr;arascelik.com.tr;ÇİB - Çelik İhracatçıları Birliği
AKRULMAN TEKNİK HIRDAVAT VE HİDROLİK SANAYİ TİCARET LİMİTED ŞİRKETİ;KARAAĞAÇ MAH.HADIMKÖY İSTANBUL CAD.NO:26/1 BÜYÜKÇEKMECE İSTANBUL;(212) 6230112;www.akrulman.com;akrulman.com;ÇİB - Çelik İhracatçıları Birliği
ŞENSOYLAR KLAPE TES.MALZ.SAN. VE TİC.LTD.ŞTİ.;BOSB MAH. MENEKŞE CD. NO:13 BEYLİKDÜZÜ İSTANBUL;(212) 8791030;www.turkogluvana.com.tr;turkogluvana.com.tr;ÇİB - Çelik İhracatçıları Birliği
ELPANEL ELEKTRİK TAAH. SAN. TİC. LTD. ŞTİ.;İOSB ESKOOP SAN. SİT. B-1 BLOKNO:59/61/63/65/67/69 BAŞAKŞEHİR İSTANBUL;(212) 5495020;www.elpanel.com.tr;elpanel.com.tr;ÇİB - Çelik İhracatçıları Birliği
YAVUZ METAL İNŞ. GIDA TURZ. SAN. VE TİC. A.Ş.;YUNUS EMRE MH TABİAT SK.NO:15 YENİDOĞAN SANCAKTEPE İSTANBUL;(216) 4841597;www.yavuzaluminyum.com;yavuzaluminyum.com;ÇİB - Çelik İhracatçıları Birliği
APM ANALİZ PROJE MÜHENDİSLİK SANAYİ VE TİCARET LİMİTED ŞİRKETİ;SARKAC SOK AGAOGLU MYPRESTIGE APT NO:1 DAIRE:121 BARBAROS 34758 ATAŞEHİR İSTANBUL;;www.analiz-proje.com;analiz-proje.com;ÇİB - Çelik İhracatçıları Birliği
MAN MEKANİK TESİSAT ISI END.MALZ.SAN.TİC.LTD.ŞTİ;BAĞCILAR ASFALTI CD.NO:116 BAĞCILAR İSTANBUL;(212) 4740028;http://www.manmekanik.com;manmekanik.com;ÇİB - Çelik İhracatçıları Birliği
HEGZATEK PROJE DANIŞMANLIK İNŞAAT ENERJİ ÇEVRE MADENCİLİK SANAYİ VE TİCARET A.Ş.;FETHİYE OSB MAH. SARI CD.2. SK. ORGANO NO: 1 /1 NİLÜFER BURSA;(224) 4417070;http://www.hegzatek.com.tr/;hegzatek.com.tr;ÇİB - Çelik İhracatçıları Birliği
CENSA ALÜMİNYUM DIŞ TİC. VE SAN. LTD. ŞTİ.;KÖŞKLÜ ÇEŞME MAH.569 SOK. N:4 GEBZE KOCAELİ;(262) 6446438;www.censaaluminyum.com.tr;censaaluminyum.com.tr;ÇİB - Çelik İhracatçıları Birliği
SARKUYSAN ELEKTROLİTİK BAKIR SANAYİ VE TİCARET ANONİM ŞİRKETİ;EMEK MAH. ASİROGLU CAD. NO:147 DARICA KOCAELİ;(262) 6766600;www.sarkuysan.com;sarkuysan.com;ÇİB - Çelik İhracatçıları Birliği
ASO SANAYİ MALZEMELERİ TİCARET LİMİTED ŞİRKETİ;DEMIRCILER SITESİ 8. YOL NO.52 SEYİTNİZAM ZEYTİNBURNU İSTANBUL;(212) 6795354;www.asosanayi.com.tr;asosanayi.com.tr;ÇİB - Çelik İhracatçıları Birliği
ALAKS ALÜMİNYUM SAN.VE TİC.A.Ş.;İKİTELLİ OSB MH ESKOOP SAN SİTESİ D BLOK NO:12 BAŞAKŞEHİR İSTANBUL;(212) 2252182;www.alaksaluminyum.com;alaksaluminyum.com;ÇİB - Çelik İhracatçıları Birliği
AKYOL HIRDAVAT VE BAĞLANTI ELEMANLARI SANAYİ TİCARET LİMİTED ŞİRKETİ;İKİTELLİ OSB MAH. PİK DÖKÜMCÜLER B4 BLOK SK. PİK DÖKÜMCÜLER B4 BLOK NO: 20 İÇ KAPI NO: 20 BAŞAKŞEHİR İSTANBUL;(212) 0000000;http://akyolbaglantielemanlari@gmail.com;akyolbaglantielemanlari@gmail.com;ÇİB - Çelik İhracatçıları Birliği
AGS METAL SAN. VE İÇ VE DIŞ TİC. LTD. ŞTİ.;TOPÇULAR MH DEMİRKAPI CD AYDINLAR SAN SİT ARKASI NO:12/1 EYÜP İSTANBUL;(212) 6137984;www.agsmetal.com;agsmetal.com;ÇİB - Çelik İhracatçıları Birliği
LOBAN ELEKTRİK İTHALAT İHRACAT SANAYİ TİCARET LİMİTED ŞİRKETİ;HADIMKÖY YOLU CAD. NO:18/B HARAÇCI MAH. ARNAVUTKÖY İSTANBUL;(212) 2922167;www.eraylarelektrik.com;eraylarelektrik.com;ÇİB - Çelik İhracatçıları Birliği
LME DEMİR METAL VE END.ÜRÜNL.SAN.TİC.LTD.ŞTİ.;MERKEZ MAH.NESİL SOK.NO:1/1 SANCAKTEPE İSTANBUL;(216) 6213015;www.lme.com.tr;lme.com.tr;ÇİB - Çelik İhracatçıları Birliği
APA ÇİT ÜRÜNLERİ VE ISI SİSTEMLERİ TİCARET ANONİM ŞİRKETİ;SEYİTNİZAM MAHALLESİ DEMİRCİLER SİTESİ 4 CADDEN:18 ZEYTİNBURNU İSTANBUL;(212) 5474414;www.apaas.com.tr;apaas.com.tr;ÇİB - Çelik İhracatçıları Birliği
AVRASYA GRUP DIŞ TİCARET VE YAPI SANAYİ LİMİTED ŞİRKETİ;YEŞİLYURT MAH. SİPAHİOĞLU CAD. ASKIN 12 4 34140 BAKIRKÖY BAKIRKÖY İSTANBUL;;www.avrasyatel.com;avrasyatel.com;ÇİB - Çelik İhracatçıları Birliği
METE TİCARET İNŞAAT MALZEMELERİ SANAYİ VE TİCARET LİMİTED ŞİRKETİ;ZEYTİNBURNU DEMİRCİLER SİT. 3. YOL NO:7 ZEYTİNBURNU İSTANBUL;(212) 5136227;www.meteticaret.com;meteticaret.com;ÇİB - Çelik İhracatçıları Birliği
SAHAN DIŞ TİCARET TURİZM VE DANIŞMANLIK LİMİTED ŞİRKETİ;MOLLA GÜRANİ MAHALLESİ OĞUZHAN CADDESİ NO:30 D:9 FATİH İSTANBUL;(212) 2534934;www.sahanexport.com;sahanexport.com;ÇİB - Çelik İhracatçıları Birliği
ÇELİK KONSTRÜKSİYON YAPI İNŞ. SAN. VE TİC. A.Ş.;ÇERKEŞLI OSB MAH. IMES OSB. 8.CAD NO.20 DİLOVASI KOCAELİ;(262) 5021045;www.yapicelik.com;yapicelik.com;ÇİB - Çelik İhracatçıları Birliği
EREN PVC VE ALÜMİNYUM SİSTEMLERİ ANONİM ŞİRKETİ;AKÇABURGAZ MH.HADIMKÖY YOLU CD.NO:120 ESENYURT İSTANBUL;(212) 6230450;www.winax.com;winax.com;ÇİB - Çelik İhracatçıları Birliği
GÖKSAN OTOMOTİV YEDEK PARÇA İNŞ. MAKİNA SAN. TIC. LTD. STİ.;IŞIKTEPE MAH.MEHTER SOK.NO:47 NİLÜFER BURSA;(224) 2451199;www.goksanmakina.com;goksanmakina.com;ÇİB - Çelik İhracatçıları Birliği
PRODİNOX METAL MAKİNA İNŞAAT SANAYİ VE TİCARET ANONİM ŞİRKETİ;ŞEKERPINAR MAH. DEFNE SK. NO:24 ÇAYIROVA KOCAELİ;(262) 6589030;www.prodinoxmetal.com;prodinoxmetal.com;ÇİB - Çelik İhracatçıları Birliği
ÖZCAN DURAN;İSTANBUL DERİ ORG.SAN.BÖLG.SALAMURA SOK.22 PARSEL NO:27-28 TUZLA İSTANBUL;(216) 5910127;www.ortakmachine.com;ortakmachine.com;ÇİB - Çelik İhracatçıları Birliği
AYAR MAKINA SAN.VE TIC.LTD.STI;ŞEKERPINAR MAH. FENERBAHÇE BULV.NO.12/1 ŞEKERPINAR-GEBZE-KOCAELİ PENDİK İSTANBUL;(262) 6581913;www.ayarmakina.com;ayarmakina.com;ÇİB - Çelik İhracatçıları Birliği
PORGEN ENERJİ ANONİM ŞİRKETİ;FENERBAHÇE MAH. İĞRİP SOK. NO:13 İÇ KAPI NO:1 KADIKÖY İSTANBUL;;http://www.porgenenerji.com;porgenenerji.com;ÇİB - Çelik İhracatçıları Birliği
TEKKON MÜHENDİSLİK İNŞAAT TİC. SAN. A.Ş.;MUSTAFA KEMAL MAH. VİA GREEN İŞ MERKEZİ 2079.SOK NO 2/B-54 ÇANKAYA ANKARA;03124466560;www.tekkongroup.com;tekkongroup.com;ÇİB - Çelik İhracatçıları Birliği
FAH GRUP METAL İÇ VE DIŞ TİCARET LIMITED ŞİRKETİ;PELİTLİ MAH.4433.SOK NO:23/1 GEBZE KOCAELİ;(262) 6060495;www.fahmetal.com;fahmetal.com;ÇİB - Çelik İhracatçıları Birliği
ASYA DÖKÜM ALTYAPI İNŞAAT PAZARLAMA İTHALAT İHRACAT SAN. VE TİC. LTD. ŞTİ.;ESENŞEHİR MAH.KÜRKÇÜLER CAD.N:11 BARAJ YOLU SEMİHA SOK. N:12 ÜMRANİYE İSTANBUL;(216) 3141649;www.asyadokum.com;asyadokum.com;ÇİB - Çelik İhracatçıları Birliği
GÖKOVA DIŞ TİCARET LOJİSTİK İNŞAAT VE TURİZM ANONİM ŞİRKETİ;BEBEK MAHALLESİ KÜÇÜK BEBEK CADDESİ NO:51/8 BEŞİKTAŞ İSTANBUL;(212) 3580922;www.gokovadenizcilik.com;gokovadenizcilik.com;ÇİB - Çelik İhracatçıları Birliği
MODERNTAS AVIZE VE METAL URUNLERI SAN.TIC.LTD.STI.;YOLCUZADE ISKENDER CADDESİ NO:18ŞİŞHANE BEYOĞLU İSTANBUL;(212) 2550505;www.moderntas.com.tr;moderntas.com.tr;ÇİB - Çelik İhracatçıları Birliği
DESA PLASTİK PVC DOĞRAMA AKSESUARLARI SANAYİ TİCARET LİMİTED ŞİRKETİ;MURATPAŞA MH ESKİ EDİRNE ASFALTI CD BALTAS KİLİMCİ SAN SİT NO:3/1-107 BAYRAMPAŞA İSTANBUL;(212) 6146678;www.desapvc.com.tr;desapvc.com.tr;ÇİB - Çelik İhracatçıları Birliği
BAMİR MADENCİLİK SANAYİ VE TİCARET LİMİTED ŞİRKETİ;BARBAROS MAH. AKZAMBAK SOKAK UPHİLL TOWERS NO:3/A B BLOK KAT 30 DAİRE:159 ATAŞEHİR İSTANBUL;(216) 0000000;https://www.ba-mir.com.tr/;ba-mir.com.tr;ÇİB - Çelik İhracatçıları Birliği
PROFES METAL MAKİNA İNŞAAT SANAYİ VE TİCARET LİMİTED ŞİRKETİ;TATLIKUYU MAH. 1332. SK. NO: 9 IÇ KAPI NO: 5 GEBZE KOCAELİ;;http://www.profesmetal.com;profesmetal.com;ÇİB - Çelik İhracatçıları Birliği
SONMEZ TRANSFORMATOR SAN.VE TIC.A.S.;İSTASYON MAH. 1495/1 SOK. NO.2 GEBZE KOCAELİ;(262) 6555450;www.sonmeztrafo.com.tr;sonmeztrafo.com.tr;ÇİB - Çelik İhracatçıları Birliği
GERBER YAPI İNŞAAT A.Ş;HALKALI MERKEZ MH HALKALI CD NO:232/265 KÜÇÜKÇEKMECE İSTANBUL;(212) 8090190;www.gerberyapi.com;gerberyapi.com;ÇİB - Çelik İhracatçıları Birliği
YILDIZ GAZ ARMATURLERI SAN.VE TIC.A.S.;AKÇABURGAZ MAH. 137. SOK. NO:5 ESENYURT İSTANBUL;(212) 4221190;www.yildizgaz.com.tr;yildizgaz.com.tr;ÇİB - Çelik İhracatçıları Birliği
TEKNİK PRES KALIP İMALATI VE OTOMOTİV SAN. TİC. LTD.ŞTİ.;SANAYİ MAH. SANAYİ CAD. KİRAM SK.NO:15/A PENDİK İSTANBUL;0(216) 3786102;www.tekpres.com;tekpres.com;ÇİB - Çelik İhracatçıları Birliği
SARCAN MUH.ISITMA SOGU.HAV.INS TAAH.SAN.TIC.LTD.STI.;MERKEZ M.COBANCESME CD.NO:23 KAĞITHANE İSTANBUL;02122940168;www.sarcanmuhendislik.com;sarcanmuhendislik.com;ÇİB - Çelik İhracatçıları Birliği
DMN DİZAYN METAL İŞLEME SAN. VE TİC. LTD. ŞTİ.;AYDINLI MAH.PATLAYICILAR MADDELER YOLU CAD.BEYOĞLU SAN.SİT.E2 BLOK NO:22 TUZLA İSTANBUL;;www.dmndizayn.com.tr;dmndizayn.com.tr;ÇİB - Çelik İhracatçıları Birliği
VİTAŞ FASTENERS SCHRAUBE BOLZEN EUROPE HIRDAVAT SANAYİ VE TİCARET ANONİM ŞİRKETİ;IHLAMUR BULVARI NO:3 İÇ KAPI NO:15 BARBAROS MAHALLESİ 34758 ATAŞEHİR, İSTANBUL, TÜRKİYE ATAŞEHİR İSTANBUL;(216) 3904570;http://www.vitasfasteners-schraube-europe.com;vitasfasteners-schraube-europe.com;ÇİB - Çelik İhracatçıları Birliği
POR METAL ÜRÜNLERİ İNŞAAT SANAYİ VE TİCARET LİMİTED ŞİRKETİ;CUMHURİYET MAH.TURGUT ÖZAL CAD. NO.54 ŞEKERPINAR ÇAYIROVA KOCAELİ;(262) 6589283;www.porsafe.com;porsafe.com;ÇİB - Çelik İhracatçıları Birliği
ALİ YAYLA DIŞ TİCARET LİMİTED ŞİRKETİ;FEVZİÇAKMAK MAH. ASLIM CAD. NO 46 KARATAY KONYA;(332) 2496633;http://www.aliyaylaotomotiv.com.tr;aliyaylaotomotiv.com.tr;ÇİB - Çelik İhracatçıları Birliği
BAYSTEEL DEMİR ÇELİK SANAYİ VE DIŞ TİCARET LİMİTED ŞİRKETİ;MAHMUTBEY MAH. TAŞOCAĞI YOLU CAD. B BLOK SİTESİ AĞAOĞLU MY OFFİCE NO:3 İÇ KAPI NO: 238 BAĞCILAR / İS BAĞCILAR İSTANBUL;;http://www.baysteel.com.tr;baysteel.com.tr;ÇİB - Çelik İhracatçıları Birliği
GÜNSAN ELEKTRİK MALZEMELERİ SAN.VE TİC. A.Ş.;OSMANGAZI MAH. YILDIRIM BEYAZIT CD. N:29 SANCAKTEPE İSTANBUL;(216) 5617480;www.gunsanelectric.com;gunsanelectric.com;ÇİB - Çelik İhracatçıları Birliği
Gİ GOLD İSKELE MİMARLIK SANAYİ VE TİCARET LİMİTED ŞİRKETİ;MESCİT MSH. MALAZGİRT CD. NO:9 TUZLA İSTANBUL;;www.gigoldiskele.com;gigoldiskele.com;ÇİB - Çelik İhracatçıları Birliği
ALİ MURAT ALİCAN;ŞEYHLİ RAMAZANOĞLU MAH. ENSAR CAD. NO:35/8 PENDİK İSTANBUL;(216) 5950683;www.cnctaslama.net;cnctaslama.net;ÇİB - Çelik İhracatçıları Birliği
TİGER TAVAN SİSTEMLERİ SAN.VE TİC.LTD.ŞTİ.;İSHAKLI MAH. SERİNSU CAD. NO:3/5 BEYKOZ İSTANBUL;(216) 5371003;www.tigerces.com;tigerces.com;ÇİB - Çelik İhracatçıları Birliği
METAL PASLANMAZ ÇELİK SANAYİ VE TİCARET LİMİTED ŞİRKETİ;İKİTELLİ ORG. SAN. BLG. HASEYAD KOOP.ESKİ TURGUT ÖZAL CAD.NO:18/1-103 BAŞAKŞEHİR İSTANBUL;(212) 4164284;www.metalpaslanmaz.com.tr;metalpaslanmaz.com.tr;ÇİB - Çelik İhracatçıları Birliği
AKPINAR CİVATA HIRDAVAT İNŞ. SAN. VE TİC. A.Ş.;RAMAZANOĞLU MAH. KAYNARCA CAD. NO.27 KURTKÖY PENDİK İSTANBUL;(216) 3781791;www.akpinarcivata.com.tr;akpinarcivata.com.tr;ÇİB - Çelik İhracatçıları Birliği
FİRST METAL İÇ VE DIŞ TİCARET ANONİM ŞİRKETİ;YEŞİLKÖY MH ATATÜRK CD EGS BLOKLARI B1 BLOK NO:12 K:9/320 BAKIRKÖY İSTANBUL;(212) 4653765;www.firstmetal.com.tr;firstmetal.com.tr;ÇİB - Çelik İhracatçıları Birliği
SİLGAN ÖNTAŞ AMBALAJ SANAYİ VE TİCARET ANONİM ŞİRKETİ;KEMALPAŞA OSB MAH.NO:307 KEMALPAŞA İZMİR;02328782700;www.silganmp.com;silganmp.com;ÇİB - Çelik İhracatçıları Birliği
KLİNGER TURKEY ESNEK BAĞLANTI ELEMANLARI TİCARET VE SANAYİ A.Ş.;İSTANBUL ENDÜSTRİ VE TİCARET SERBEST BÖLGESİ 6. SOKAK NO:111/6 TUZLA İSTANBUL ORHANLI TUZLA İSTANBUL;(216) 5260886;www.intermetalflex.com;intermetalflex.com;ÇİB - Çelik İhracatçıları Birliği
LİON MEKANİK ELEKTRİK SANAYİ VE DIŞ TİCARET LİMİTED ŞİRKETİ;İKİTELLİ OSB MAH. GİYİM SANATKARLARI SİT. 4C BLOK KAT:5 NO:511 BAŞAKŞEHİR İSTANBUL;(212) 6714474;www.lionelektrik.net;lionelektrik.net;ÇİB - Çelik İhracatçıları Birliği
BAYPLAS TEL VE PLASTİK MAMÜLLERİ SANAYİ TİCARET LİMİTED ŞİRKETİ;MEHMET AKİF MAH.TEZCAN CAD. NO:7 B ÜMRANİYE İSTANBUL;(216) 3649745;https://www.bayplas.com;bayplas.com;ÇİB - Çelik İhracatçıları Birliği
CELSAC METAL SAN.VE TIC.LTD.ST I.;MECLIS MAH.TERAZICILER CAD.NO.39 SANCAKTEPE İSTANBUL;02164204161;www.celsac.com;celsac.com;ÇİB - Çelik İhracatçıları Birliği
HEDEF MAKİNA VE AKARYAKIT MALZ.İML.SAN.TİC.LTD.ŞTİ.;RAMAZANOĞLU MAH.KAYNARCA CAD.ATIFEFENDİ SOK.NO:5 PENDİK İSTANBUL;(216) 3781187;www.hedefmakina.net;hedefmakina.net;ÇİB - Çelik İhracatçıları Birliği
BGM YAPI İNŞAAT SANAYİ VE TİCARET LİMİTED ŞİRKETİ;ÜNİVERSİTE MAHALLESİ ARAL SOKAK NO 5 AVCILAR İSTANBUL;(212) 4200084;http://www.bgmyapi.com.tr;bgmyapi.com.tr;ÇİB - Çelik İhracatçıları Birliği
TFS MÜHENDİSLİK ELEKTRİK MEKANİK İNŞ. SAN. VE DIŞ TİC. LTD. ŞTİ.;TATLISU MAHALLESİ YESEVİ SOKAK DEKON PLUS KAT : 10 NO : 1-34 ÜMRANİYE İSTANBUL;(216) 5945910;www.tfsmuhdendislik.com.tr;tfsmuhdendislik.com.tr;ÇİB - Çelik İhracatçıları Birliği
YILMAZ MAKİNA SANAYİ VE TİCARET LİMİTED ŞİRKETİ;YEŞİLBAYIR MAH.ŞİMŞİR SOK.NO:12 HADIMKÖY(BOYALIK) ARNAVUTKÖY İSTANBUL;(212) 7712500;www.yilmaz.com.tr;yilmaz.com.tr;ÇİB - Çelik İhracatçıları Birliği
NEVPA ALÜMİNYUM PLASTİK OTOMOTİV KAROSERİ EKİPMANLARI SAN. VE TİC. ANONİM ŞİRKETİ;AYDINLI BİRLİK OSB MAH. 5. SOK.NO:2/4 İÇ KAPI NO:1 AYDINLI BİRLİK-OSB 34953 TUZLA İSTANBUL;(212) 9115050;www.nevpa.com.tr;nevpa.com.tr;ÇİB - Çelik İhracatçıları Birliği
AKYUZLER INS.MALZ.SAN. VE TIC. LTD.STI.;PLASTİKÇİLER ORG. SAN. BÖL. 5. CADDENO. 3/1 GEBZE - KOCAELİ ZEYTİNBURNU İSTANBUL;(262) 7515150;www.akyuzlernalburiye.com.tr;akyuzlernalburiye.com.tr;ÇİB - Çelik İhracatçıları Birliği
BESTLOG DENİZCİLİK ULUSLARARASI TAŞIMACILIK İÇ VE DIŞ TİCARET LTD.ŞTİ.;TOPSELVİ MAH. TOPSELVİ CAD. NO:93/84 KARTAL İSTANBUL;(216) 5048013;https://bestlog.com.tr/;bestlog.com.tr;ÇİB - Çelik İhracatçıları Birliği
HUZUR EXPORT İÇ VE DIŞ TİCARET LİMİTED ŞİRKETİ;BAĞLAR MH KOÇMAN CD NO:23/B1 BAĞCILAR İSTANBUL;(212) 4850167;www.huzurkiler.com.tr;huzurkiler.com.tr;ÇİB - Çelik İhracatçıları Birliği
NALCI BORU EK PARÇALARI SANAYİ VE TİCARET ANONİM ŞİRKETİ;MERMERCILER SAN.BOLG.AYDINLIMH TEM YAN YOL CD.NO:6 D:3 TUZLA İSTANBUL;02165931630;www.nalci.com;nalci.com;ÇİB - Çelik İhracatçıları Birliği
LOTUS GRUP METAL DIS TICARET ANONIM SIRKETI;ALAADDİNBEY MAH. PAZAR(380) CAD. NO: 37 B NİLÜFER BURSA;(224) 2422296;http://www.lotusgrup.com;lotusgrup.com;ÇİB - Çelik İhracatçıları Birliği
MEHMET ÇETİNKOL;SELİMPAŞA MH. 6162 SK. NO:8 SELİMPAŞA MH 34590 SİLİVRİ, İSTANBUL, TÜRKİYE SİLİVRİ İSTANBUL;02128614465;www.cetinplastic.com;cetinplastic.com;ÇİB - Çelik İhracatçıları Birliği
ERSAN PRES VE KALIP SANAYİ TİCARET LİMİTED ŞİRKETİ;İSTANBUL DERİ OSB MAH.KUMPAS CD. NO:5 TUZLA İSTANBUL;(216) 4526758;www.er-san.com.tr;er-san.com.tr;ÇİB - Çelik İhracatçıları Birliği
AKADEMİA YAPI İTH. İHR. SAN. VE TİC. A.Ş;İKİTELLİ OSB MH İSTEKS SAN SİT E2 NO:17 BAŞAKŞEHİR İSTANBUL;(000) 0000000;www.akademia.com.tr;akademia.com.tr;ÇİB - Çelik İhracatçıları Birliği
ÖZTABAK KALIP MAKİNA İNŞ.NAK.SAN.VE TİC.LTD.ŞTİ.;VELİKÖY ORGANİZE SANAYİ BÖLGESİ VELİKÖY MAH.SANAYİNO:86Z2 VELİKÖY ÇERKEZKÖY TEKİRDAĞ;(282) 7461234;www.oztabakmakina.com;oztabakmakina.com;ÇİB - Çelik İhracatçıları Birliği
TROAX GÜVENLİK SİSTEMLERİ HİZM. VE TİC.LTD.ŞTİ.;ESENYURT SAN.MAH.MİMSAN MOBİLYACILAR SAN.SİT.8.BLOK DÜKKAN NO:4 ESENYURT İSTANBUL;(212) 6721801;www.troax.com;troax.com;ÇİB - Çelik İhracatçıları Birliği
AEM ELEKTRIK MOTORLARI SAN. VE TİC. A. Ş.;TAŞPINAR KASABASI YAVUZ SELİM MAHALLESİ SÜMRÜ KÜME EVLERİ NO:61 MERKEZ AKSARAY;(382) 2662120;www.aemot.com.tr;aemot.com.tr;ÇİB - Çelik İhracatçıları Birliği
CMA ENDÜSTRI MAKINE SANAYI VE DIS TICARET LIMITED SIRKETI;ESENTEPE MAH. ANADOLU CAD. NO: 1B IÇ KAPI NO: 33 KARTAL İSTANBUL;(216) 0000000;http://www.cmaendustri.com;cmaendustri.com;ÇİB - Çelik İhracatçıları Birliği
UNITED COSMETICS AEROSOL SANAYİ TİCARET LİMİTED ŞİRKETİ;HAYRABOLU OSB MAH. KURTULUŞ SK.NO:4/3 HAYRABOLU TEKİRDAĞ;(282) 0000000;http://www.unitedaerosol.com;unitedaerosol.com;ÇİB - Çelik İhracatçıları Birliği
PROFİTEC ENDÜSTRİ KALIP MAKİNA SAN. VE TİC. LTD. ŞTİ.;EVREN MAH.KOÇMAN CAD.EMRE SOK.N:3 BAĞCILAR İSTANBUL;(212) 6301001;www.profitec.pro;profitec.pro;ÇİB - Çelik İhracatçıları Birliği
BİR-ER ELEKTRİK SİSTEMLERİ MÜH.SAN.VE TİC.LTD.ŞTİ.;İCADİYE CAD. NO.72/2ÜSKÜDAR KUZGUNCUK ÜSKÜDAR İSTANBUL;(216) 4921960;www.birerelektirik.com;birerelektirik.com;ÇİB - Çelik İhracatçıları Birliği
UZUN TORNA MAKİNE SANAYİ VE DIŞ TİCARET LİMİTED ŞİRKETİ;İZZET PAŞA MH GÜRÜN CD NO:40A ŞİŞLİ İSTANBUL;(212) 2325976;www.uzuntorna.com;uzuntorna.com;ÇİB - Çelik İhracatçıları Birliği
ATA1 TASARIM KALIP SAN. TİC. LTD. ŞTİ.;DERSAN KOOP.SAN.SİT.TRİOS 2023 B B LOK NO :39 İKİTELLİ OSB MAH 34050 BAŞAKŞEHİR, İSTANBUL, TÜRKİYE BAŞAKŞEHİR İSTANBUL;(212) 6130816;www.atakalip.com.tr;atakalip.com.tr;ÇİB - Çelik İhracatçıları Birliği
ÖZKARDEŞLER METAL PLASTİK MOBİLYA AKSESUARLARI PAZARLAMA LİMİTED ŞİRKETİ;İKİTELLİ O.S.B. TORMAK SANAYİ SİTESİ F BLOK NO:6/8 İKİTELLİ BAŞAKŞEHİR İSTANBUL;(212) 4854166;www.ozkardeslermetal.com.tr;ozkardeslermetal.com.tr;ÇİB - Çelik İhracatçıları Birliği
GE-Tİ İNŞAAT VE SANAYİ MALZEMELERİ LİMİTED ŞİRKETİ;FERHATPAŞA MH 34.SK NO:19/23 ATAŞEHİR İSTANBUL;(212) 4715661;www.ge-ti.com;ge-ti.com;ÇİB - Çelik İhracatçıları Birliği
KEREM POLATLI;MOLLAFENARİ MAHALLESİ ESKİ İSTANBUL CADDESİ NO:75 GEBZE KOCAELİ;(262) 7434150;https://polmakpaslanmaz.com/;polmakpaslanmaz.com;ÇİB - Çelik İhracatçıları Birliği
HASSAN YAPI A.Ş.;ORTA MH. YETKİN SK. NO:9/1 TUZLA İSTANBUL;(216) 3042214;www.hassanyapi.com;hassanyapi.com;ÇİB - Çelik İhracatçıları Birliği
MAKTEL MAKİNA VE TEL SANAYİ A.Ş.;BÜYÜKBAKKALKÖY MH MALTEPE CD NO:7 MALTEPE İSTANBUL;(216) 5614580;www.maktel.com.tr;maktel.com.tr;ÇİB - Çelik İhracatçıları Birliği
EUROVALF YAPRAKLARI MAK. SAN. VE TİC. LTD. ŞTİ.;TOSB 4. CADDE NO: 3 ÇAYIROVA KOCAELİ;(262) 6449381;www.eurovalf.com;eurovalf.com;ÇİB - Çelik İhracatçıları Birliği
RE GRUP ENDÜSTRİYEL ÜRÜNLER SANAYİ VE DIŞ TİCARET LİMİTED ŞİRKETİ;CEVIZLI MAH. TUGAY YOLU CAD. OFISIM ISTANBULA BLOKNO: 20 A IÇ KAPI NO: 41 MALTEPE İSTANBUL;(216) 7064367;http://www.bars.ge;bars.ge;ÇİB - Çelik İhracatçıları Birliği
MURAT BERK ÖZKAYA;YENİŞEHİR MAH.SU SOK.PINAR SİT.A1 BLOK NO:3/5ATAŞEHİR İSTANBUL TÜRKİYE PK:34779 ATAŞEHİR İSTANBUL;(216) 4161175;www.mbendustriyel.com;mbendustriyel.com;ÇİB - Çelik İhracatçıları Birliği
M AKARYAKIT VE MÜHENDİSLİK TİC. LTD. ŞTİ.;DERI ORG. SAN. BÖL. L 1-PARSEL TUZLA İSTANBUL;02163940952;www.mekser.com;mekser.com;ÇİB - Çelik İhracatçıları Birliği
BEYAZ PASLANMAZ METAL SANAYİ DIŞ TİCARET LİMİTED ŞİRKETİ;DUDULLU OSB MAH. DES-1 CAD. DES TİCARET MERKEZİ NO:3/46 ÜMRANİYE İSTANBUL;(216) 4058989;www.beyazpaslanmaz.com;beyazpaslanmaz.com;ÇİB - Çelik İhracatçıları Birliği
ARON AMBALAJ KİMYA İNŞAAT SANAYİ VE TİCARET LİMİTED ŞİRKETİ;SUADİYE MAH. BAĞDAT CAD. NO:359 D.7ŞAŞKINBAKKAL KADIKÖY İSTANBUL;(216) 4052025;www.aronforeign.com;aronforeign.com;ÇİB - Çelik İhracatçıları Birliği
TURKAL ALÜMİNYUM SANAYİ VE TİCARET A.Ş.;HADIMKÖY MH ELVAN SK NO:3 ARNAVUTKÖY İSTANBUL;(212) 8862055;www.aluminiumpark.com;aluminiumpark.com;ÇİB - Çelik İhracatçıları Birliği
MRO TEKNİK SERVİS SAN. VE TİC. A.Ş.;SABİHA GÖKÇEN HAVAALANI SANAYİ MAH.İÇ YOLU CAD. NO:1 KURTKÖY PENDİK İSTANBUL;(216) 5880570;www.mytechnic.aero;mytechnic.aero;ÇİB - Çelik İhracatçıları Birliği
BETA ALÜMİNYUM SİSTEMLERİ SAN.TİC. LTD. ŞTİ;CENNET MH YAVUZ SELİM CD ULUBATLI HASAN SK NO:6 KÜÇÜKÇEKMECE İSTANBUL;(212) 5795081;www.betaaluminyum.com.tr;betaaluminyum.com.tr;ÇİB - Çelik İhracatçıları Birliği
PAKLİNE ENDÜSTRİ YAĞLAMA ÜRÜNLERİ SANAYİ VE TİCARET LİMİTED ŞİRKETİ;EVLİYA ÇELEBİ MAHALLESİ AKGÜL SOKAK NO:2/2 TUZLA İSTANBUL;(216) 4463725;www.pakline.com.tr;pakline.com.tr;ÇİB - Çelik İhracatçıları Birliği
POLİNAS PLASTİK SANAYİ VE TİCARET A.Ş.;ORGANIZE SANAYI BOLGESI CUMHURIYET CAD. NO:2 MANİSA MANİSA;(236) 2330470;www.polinas.com.;polinas.com.;ÇİB - Çelik İhracatçıları Birliği
FULAD METAL SAN. VE TİC. LTD. ŞTİ.;İ.O.S.B. BİKSAN SAN. SİT. B-1 BLOK. NO:13-14 BAŞAKŞEHİR İSTANBUL;(212) 4861628;www.fuladmetal.com.tr;fuladmetal.com.tr;ÇİB - Çelik İhracatçıları Birliği
VEGA ŞEHİR MOBİLYALARI DIŞ TİCARET LTD.ŞTİ.;ATATÜRK MH.GAZİ CD. NO:14 İÇ KAPI NO: 2 ESENYURT İSTANBUL;(212) 8862727;www.vegavizyon.com;vegavizyon.com;ÇİB - Çelik İhracatçıları Birliği
OKAYTAS MADENCILIK MUHEN.INS. OTO.SAN.TIC.LTD.STI.;KİRAZLI SAN.SİTESİ 2.YOL F1 BLOK YANI MERKEZ YALOVA;(226) 8253566;www.okaytas.com;okaytas.com;ÇİB - Çelik İhracatçıları Birliği
TEGA GRUP ITH.IHR.A.S.;1.ORGANİZE SANAYİ BÖLGESİ URAL CAD. NO:9 SİNCAN ANKARA;(312) 2671876;www.tega.com.tr;tega.com.tr;ÇİB - Çelik İhracatçıları Birliği
BOZKIR İNŞAAT TURİZM PAZARLAMA SANAYİ VE TİCARET LİMİTED ŞİRKETİ;AYDINLAR MAH. SULTANGAZİ CAD. NO:179/A PK:34788 ÇEKMEKÖY İSTANBUL;(216) 4842711;www.bozkirinsaat.com;bozkirinsaat.com;ÇİB - Çelik İhracatçıları Birliği
RESUL TÜFEKÇİ;BARIŞ MAHALLESİ 1802 SOKAK. NO:7 GEBZE KOCAELİ;;www.tufekciler.com;tufekciler.com;ÇİB - Çelik İhracatçıları Birliği
KOZZA RAILING SYSTEMS ALÜMİNYUM SAN. VE TİC. A.Ş.;İKİTELLİ OSB MH BİKSAN SAN SİT A1 BLOK NO-25 BAŞAKŞEHİR İSTANBUL;(212) 4858318;www.kozzarailing.com;kozzarailing.com;ÇİB - Çelik İhracatçıları Birliği
FORS YEDEK PARÇA VE OTOMOTİV SAN TİC. LTD. ŞTİ.;AKSARAY MAH.TİRYAKİ HASAN PAŞA CD. VALİDE İŞ HANI NO:39/8 FATİH İSTANBUL;(212) 8759286;www.forsautomarket.com;forsautomarket.com;ÇİB - Çelik İhracatçıları Birliği
ASAF METAL LTD ŞTİ;BALÇIK MAHALLESİ ORGANİZE CADDE NO 53/1 GEBZE KOCAELİ;(262) 0000000;http://www.asafmetal.com.tr;asafmetal.com.tr;ÇİB - Çelik İhracatçıları Birliği
FOCUS KAPI OTOMASYON SİSTEMLERİ İNŞAAT VE MAKİNA SANAYİ TİCARET LİMİTED ŞİRKETİ;CEMİL MERİÇ MAH. CEMALLETTİN SK. NO:8İÇ KAPI NO:2 ÜMRANİYE İSTANBUL;(216) 3192808;http://www.focuskapi.com;focuskapi.com;ÇİB - Çelik İhracatçıları Birliği
KAMER TİCARET HAKAN BAĞIRTLAK VE ORTAĞI KOLLEKTİF ŞİRKETİ;KIŞLA CADDESİ NO:90 A EYÜP İSTANBUL;(212) 6126327;www.kamercivata.com;kamercivata.com;ÇİB - Çelik İhracatçıları Birliği
BAYRAMOĞLU HIRDAVAT DIŞ TİCARET LTD.ŞTİ.;MAHMUTBEY MH İSTOÇ 2434. SOK. NO:147-150 BAĞCILAR İSTANBUL;(212) 6591831;www.bayramoglugrup.net;bayramoglugrup.net;ÇİB - Çelik İhracatçıları Birliği
SEDA METAL CEPHE SİSTEMLERİ ANONİM ŞİRKETİ;Y.DUDULLUM ELALMIS CAD.NO.76 ÜMRANİYE İSTANBUL;02163644579;www.sedametal.com.tr;sedametal.com.tr;ÇİB - Çelik İhracatçıları Birliği
ULYA YAPI VE GIDA SANAYİ TİCARET LİMİTED ŞİRKETİ;EKİNOBA MAH. MUSTAFA KEMAL BLV. A BLOK HAZAL SİTESNO: 7 İÇ KAPI NO: 3 BÜYÜKÇEKMECE İSTANBUL;(212) 8641799;https://ulyayapi.com.tr/;ulyayapi.com.tr;ÇİB - Çelik İhracatçıları Birliği
SCAFFORM METAL OTOMOTİV TİCARET LİMİTED ŞİRKETİ;İKİTELLİ OSB MH TORMAK SAN SİT G BLOK NO:14 BAŞAKŞEHİR İSTANBUL;(212) 4851827;www.scafformmetal.com.tr;scafformmetal.com.tr;ÇİB - Çelik İhracatçıları Birliği
CANÇELİK ELEKTRİK PANO SAN.VE TİC.LTD.ŞTİ.;ORG. SAN. BÖL. SARI CAD. NO: 17 NİLÜFER BURSA;(224) 4111375;http://www.cancelikpano.com.tr;cancelikpano.com.tr;ÇİB - Çelik İhracatçıları Birliği
BİRSAP SATINALMA VE LOJİSTİK HİZMETLERİ ANONİM ŞİRKETİ;BÜYÜKDERE CD EMLAK KREDİ BLOKLARI A2 D:33/4 BEŞİKTAŞ İSTANBUL;(212) 3183271;www.birsap.com;birsap.com;ÇİB - Çelik İhracatçıları Birliği
İBAVALRESA BOYA VE KİMYA SAN.TİC.A.Ş.;OĞUZ CD.NO:24 ORG.SAN.BÖLG.SİNCAN SİNCAN ANKARA;(312) 3675622;www.ibavalresa.com.tr;ibavalresa.com.tr;ÇİB - Çelik İhracatçıları Birliği
OVİ MOBİLYA DİZAYN SAN. VE TİC.LTD.ŞTİ.;AKÇABURGAZ MH 3136 SOK NO:18 ESENYURT İSTANBUL;(850) 3097779;www.ovicompaniy.net;ovicompaniy.net;ÇİB - Çelik İhracatçıları Birliği
ALTINAY ROBOT TEKNOLOJİLERİ SAN.VE TİC.A.Ş.;İSTANBUL DERİ VE END.SER.BÖL. ORJİN CAD.10.SOK.NO:3 TUZLA İSTANBUL;(216) 5813200;www.altinay.com.tr;altinay.com.tr;ÇİB - Çelik İhracatçıları Birliği
ASA GROUP DIŞ TİCARET LİMİTED ŞİRKETİ;YEŞİLKÖY MH ATATÜRK CD NO:12 EGS BUSİNESS PARK BLOKLARI KAT:10/340 YEŞİLKÖY BAKIRKÖY İSTANBUL;(212) 4650020;www.asagroup.com.tr;asagroup.com.tr;ÇİB - Çelik İhracatçıları Birliği
FIRAT YAPI CAM İNŞAAT PLASTİK ALÜM. DOĞ. SAN. VE TİC. LTD.ŞTİ.;KANARYA MH FLORYA CD NO:27 KÜÇÜKÇEKMECE İSTANBUL;(212) 4264747;www.daraotomatikkapi.com;daraotomatikkapi.com;ÇİB - Çelik İhracatçıları Birliği
SOYLU BORU PROFİL DEMİR ÇELİK SAN. İNŞ. ÜRÜN. TİC. LTD. ŞTİ.;DEMİRCİLER SAN.SİT.6.YOL N:1 ZEYTİNBURNU İSTANBUL;(212) 6656000;www.soyluboru.com;soyluboru.com;ÇİB - Çelik İhracatçıları Birliği
KAYZEN YAPI URUNL.VE SIST.SAN. TIC.LTD.STI.;BAGLAR MAH. OSMAN PASA CAD. NO: 14 IÇ KAPI NO: B1 BAĞCILAR İSTANBUL;(212) 3431152;www.kayzenyapi.com.tr;kayzenyapi.com.tr;ÇİB - Çelik İhracatçıları Birliği
ADA KESİCİ TAKIMLAR VE TEKNİK MAKİNA LTD. ŞTİ.;HASANPAŞA M.MORALI İBRAHİM PAŞA SOK.NO:16B KADIKÖY İSTANBUL;(216) 4503111;www.adatechnic.com;adatechnic.com;ÇİB - Çelik İhracatçıları Birliği
BERKSAN MAKİNA SAN. VE DIŞ TİC. LTD. ŞTİ.;SEYHRASIT C.NO:18/2 BAYRAMPAŞA İSTANBUL;02125679183;www.birlesim.com.tr;birlesim.com.tr;ÇİB - Çelik İhracatçıları Birliği
MASTER YAPI SIS.SAN.VE TIC.LTD STI.;SEYİD NİZAM MAH DEMİRCİLER SİT 9. YOL NO:39 ZEYTİNBURNU İSTANBUL;(212) 4164347;www.masteryapi.com;masteryapi.com;ÇİB - Çelik İhracatçıları Birliği
REYNALU ALÜMİNYUM SANAYİ TİCARET ANONİM ŞİRKETİ;GİRNE MH ÇİÇEK SK NO:2/1 MALTEPE İSTANBUL;(216) 3999956;www.reynalu.com;reynalu.com;ÇİB - Çelik İhracatçıları Birliği
EMA MAKINA VE YAPI MEKANİK SİSTEMLERİ SANAYİ TİCARET ANONİM ŞİRKETİ;IKITELLI ORG.SAN.BOLG.TORMAKSAN.SIT.Y BL.NO.17 KÜÇÜKÇEKMECE İSTANBUL;02124852397;www.atlantishavuz.com;atlantishavuz.com;ÇİB - Çelik İhracatçıları Birliği
BATU GRUP YAPI MALZEMELERI SAN . TIC. LTD. STI.;SANAYİ MAH. URAN SK. NO:6/2 PENDİK İSTANBUL;(216) 5953368;www.batu-grup.com.tr;batu-grup.com.tr;ÇİB - Çelik İhracatçıları Birliği
NUREKS DIS TICARET LTD.STI;ZIVERBEY EGITIM MAH. KASAPISMAIL SK.SADIKOGLU-4 ISM.N.38 İSTANBUL;02163484543;www.nureks.com;nureks.com;ÇİB - Çelik İhracatçıları Birliği
BİEN DIŞ TİCARET LİMİTED ŞİRKETİ;FERHATPAŞA MH. 15 SK. NO:119/2 ATAŞEHİR İSTANBUL;(216) 6613992;www.asiltractor.com;asiltractor.com;ÇİB - Çelik İhracatçıları Birliği
GÜRAY ALÜMİNYUM PAZARLAMA VE SAN. TİC. LTD. ŞTİ.;KÖSELER MH 3. CD NO:60 DİLOVASI KOCAELİ;(262) 6793800;www.gurayaluminyum.com.tr;gurayaluminyum.com.tr;ÇİB - Çelik İhracatçıları Birliği
OSAKA LED PANEL SAN. VE TİC. ANONİM ŞİRKETİ;HUZUR MAH. MENDERES CD. NO:16 ŞİŞLİ İSTANBUL;(212) 2805659;www.osakaledpanel.com;osakaledpanel.com;ÇİB - Çelik İhracatçıları Birliği
KAZIM BAY;TAHTALI MAH.BURSA YOLU(460) CAD.NO:17 NİLÜFER BURSA;(224) 2436610;www.baymetal.org;baymetal.org;ÇİB - Çelik İhracatçıları Birliği
ARIMEKS DIS TICARET LİMİTED ŞİRKETİ;YILDIZ POSTA CAD. NO:14 EMEL APT:K:2 D:204 GAYRETTEPE BEŞİKTAŞ İSTANBUL;02122514080;www.arimeks.com.tr;arimeks.com.tr;ÇİB - Çelik İhracatçıları Birliği
SİMAF İNŞAAT TAAHÜT İÇ VE DIŞ TİCARET LTD. ŞTİ.;SEDEF CAD. ATA 2-3 PLAZA NO:5/76 ATATÜRK ATAŞEHİR İSTANBUL;(216) 4556240;www.simafgroup.com;simafgroup.com;ÇİB - Çelik İhracatçıları Birliği
GS METAL ANONİM ŞİRKETİ;ESENTEPE MAH. KESKİN KALEM SOK .ARYA PLAZA NO:17/2 ŞİŞLİ İSTANBUL;(212) 7063189;www.framreags.com;framreags.com;ÇİB - Çelik İhracatçıları Birliği
ULTİMATE TAŞIMACILIK EKİPMANLARI ANONİM ŞİRKETİ;ARİFBEY MAH.ZÜBEYDE HANIM CAD.N:75 54580 ARİFİYE ARİFİYE SAKARYA;(264) 5020200;www.ultimate-tur.com;ultimate-tur.com;ÇİB - Çelik İhracatçıları Birliği
TAN MAKINA TIC.VE SAN.A.S.;ALTINŞEHİR MAH.NATO YOLU CAD.NO:38 ÜMRANİYE İSTANBUL;(212) 3143800;www.tanmakina.com;tanmakina.com;ÇİB - Çelik İhracatçıları Birliği
EUROPEN DIŞ TİC. A.Ş.;ORG. SAN.BÖLG. 17.CAD. NO:33 ODUNPAZARI ESKİŞEHİR;(222) 2361100;www.europen.com;europen.com;ÇİB - Çelik İhracatçıları Birliği
ORA İNŞAAT A.Ş.;ŞERİFALİ MH TÜRKER CD EDEP SK. NO:39 ÜMRANİYE İSTANBUL;(216) 3695010;www.orainsaat.com;orainsaat.com;ÇİB - Çelik İhracatçıları Birliği
ENSEL ELEKTRİK MALZ.SAN VE DIŞ TİC LTD ŞTİ;PERPA TİC MRK A BLOK K 5 NO 92 ŞİŞLİ İSTANBUL;(212) 3203606;www.ensel.com.tr;ensel.com.tr;ÇİB - Çelik İhracatçıları Birliği
MARMARA PANEL YAPI SANAYİ VE TİCARET LİMİTED ŞİRKETİ;KEMALETTİN MAH. SALİH OMURTAK CAD. NO:198 ÇORLU TEKİRDAĞ;;www.marmarayalitim.com.tr;marmarayalitim.com.tr;ÇİB - Çelik İhracatçıları Birliği
TRAKYA ENDÜSTRİ FABRİKA MALZEMELERİ PAZARLAMA SANAYİ VE TİCARET ANONİM ŞİRKETİ;FEVZIPASA C. NO.5 ÇERKEZKÖY TEKİRDAĞ;02827269045;http://www.trakyeendustri.com.tr;trakyeendustri.com.tr;ÇİB - Çelik İhracatçıları Birliği
SANDVIK ENDUSTRIYEL MAMULLER SAN.VE TIC.A.S.;E-5 YAKACIK YAN YOLU MERMER SOK. NO.18 KARTAL İSTANBUL;02164530700;www.sandvik.com;sandvik.com;ÇİB - Çelik İhracatçıları Birliği
BAKIRSAN OCAKBAŞI İMALAT SANAYİ TİCARET LİMİTED ŞİRKETİ;FİRÜZKÖY MAH. TİRYAKİ SUYU CAD. İMECE SOK. NO:12/A AVCILAR İSTANBUL;(212) 4237692;www.bakirsanbarbeku.com;bakirsanbarbeku.com;ÇİB - Çelik İhracatçıları Birliği
ARİNOKS BAĞLANTI ELEMANLARI SANAYİ VE TİCARET LİMİTED ŞİRKETİ;HALİL RIFAT PAŞA MH YÜZER HAVUZ SK PERPA TİC MERKEZİ B BLOK NO:1/1 İÇ KAPI :947 ŞİŞLİ İSTANBUL;(212) 2216318;www.arinoks.com.tr;arinoks.com.tr;ÇİB - Çelik İhracatçıları Birliği
LOTTA ASANSÖR SAN.VE TİC.LTD. ŞTİ.;ŞERİFALİ ÇİFTLİĞİ MAH. ŞEHİT SOK.NO:32 YUKARIDUDULLU ÜMRANİYE İSTANBUL;(216) 5274200;www.lotta.com.tr;lotta.com.tr;ÇİB - Çelik İhracatçıları Birliği
STARWOOD YAPI MARKETLERİ.YAP.MALZ.SAN.VE TİC.AŞ.;ORGANİZE SAN. BÖL. 2.CAD. İNEGÖL BURSA;(224) 2943200;www.starwood.com.tr;starwood.com.tr;ÇİB - Çelik İhracatçıları Birliği
BAYSAL ELEKTRİK ELEKTRONİK HIRD. GIDA SAN. VE TİC. LTD. ŞTİ.;ADRES REŞAT NURİ GÜNTEKİN CAD NO : 43 MEHMET AKİF ERSOY MAH ARNAVUTKÖY İSTANBUL;(212) 4825565;www.baysalelektrik.com;baysalelektrik.com;ÇİB - Çelik İhracatçıları Birliği
KOMPEN PVC YAPI VE İNŞ.MLZ.SAN VE TİC.A.Ş;KONYA-AFYON KARAYOLU 45.KM.LADİK MEVKİİ P.K7 SARAYÖNÜ KONYA;03326279396;www.kompen.com.tr;kompen.com.tr;ÇİB - Çelik İhracatçıları Birliği
EKİP MÜHANDİSLİK MÜMESSİLLİK SERVİS HİZMETLERİ SAN.VE TİC.LTD.ŞTİ.;ATATÜRK MAH. ATAŞEHİR BLV. NO:9/E 1 ATAŞEHİR İSTANBUL;(216) 4691180;www.pattersonturkiye.com;pattersonturkiye.com;ÇİB - Çelik İhracatçıları Birliği
THERMAL ALÜMİNYUM GİYDİRME CEPHE SİSTEMLERİ SANAYİ LİMİTED ŞİRKETİ;İNCEĞİZ MAH. HANİCE CAD. NO:145 ÇATALCA İSTANBUL;(212) 7330620;http://www.thermalaluminyum.com/;thermalaluminyum.com;ÇİB - Çelik İhracatçıları Birliği
FEDESİGN İÇ MİMARLIK SANAYİ TİCARET LİMİTED ŞİRKETİ;TOPÇULAR MAH RAMİ KIŞLA CD TİKVEŞLİ DK NEF 2 HALİÇ NO:4 N BLOK D:31 EYÜP İSTANBUL;(212) 5612706;www.desingfe.com;desingfe.com;ÇİB - Çelik İhracatçıları Birliği
SAR MAKİNA SANAYİ VE TİCARET A. Ş.;KANUNİ SOK. NO:12 OSMANGAZİ41700 DARICA DARICA KOCAELİ;(262) 6539082;www.sarmakina.com.tr;sarmakina.com.tr;ÇİB - Çelik İhracatçıları Birliği
CHN ALÜMİNYUM İTH İHR SAN VE TİC A.Ş.;ALAADDİN BEY MAH 244.İSİMSİZ SOK NO:6 /1/1 NİLÜFER BURSA;(224) 4132244;www.chnexport.com;chnexport.com;ÇİB - Çelik İhracatçıları Birliği
LAMPTIME ELEKTRİK ANONİM ŞİRKETİ;F. ÇAKMAK MH. BÜSAN 4 ORG.SAN. ÖZLEM CAD. NO:51 KARATAY KONYA;;www.lamatime.com.tr;lamatime.com.tr;ÇİB - Çelik İhracatçıları Birliği
NİVAK İNŞAAT ANONİM ŞİRKETİ;ŞEHİT CENGİZ KARCIOĞLU SOK. NO.6GÜLBAHAR CAD. EVREN MAH. BAĞCILAR İSTANBUL;(212) 6967660;www.nivakgroup.com;nivakgroup.com;ÇİB - Çelik İhracatçıları Birliği
ERK ÇELİK HALAT SANAYİ VE TİCARET ANONİM ŞİRKETİ;ORHANLİ MEVKİİ TUZLA ORG.DERİ ALSANCAK SOK.NO:4 1/3 ÖZEL PARSEL TUZLA İSTANBUL;(216) 3135894;www.erkcelik.com.tr;erkcelik.com.tr;ÇİB - Çelik İhracatçıları Birliği
BG INTERNATIONAL ALÜMİNYUM VE PLASTİK DIŞ TİC LDT ŞTİ;RAMAZANOĞLU MH TARIK BUĞRA SK NO:6/2 PENDİK İSTANBUL;(216) 3785660;www.bayarglobal.com;bayarglobal.com;ÇİB - Çelik İhracatçıları Birliği
TRUST US GLOBAL YAPI VE MİMARLIK TİCARET LİMİTED ŞİRKETİ;YESILCE MAH. AYTEKIN SK. NO:40 KAĞITHANE İSTANBUL;(212) 7065804;https://trustusglobal.com/;trustusglobal.com;ÇİB - Çelik İhracatçıları Birliği
URAS PLASTİK SANAYİ VE TİCARET LİMİTED ŞİRKETİ;IZMIR AYDIN ASF.33.KM.YAZIBASI SUBAŞI TORBALI İZMİR;02328538510;www.urasplastik.com;urasplastik.com;ÇİB - Çelik İhracatçıları Birliği
VAT ELEKTRİK SANAYİ VE TİCARET LİMİTED ŞİRKETİ;ORGANİZE SANAYİ BÖLGESİ ESKİ TURGUT ÖZAL CAD NO. 31/1 BAŞAKŞEHİR İSTANBUL;(212) 5494118;www.vatpan.com;vatpan.com;ÇİB - Çelik İhracatçıları Birliği
FURKAN METAL KİMYA SANAYİ DIŞ TİCARET LTD. ŞTİ.;ESENTEPE MH 2951 SK KÜÇÜK SAN SİT 1 BLOK NO:8/A SULTANGAZİ İSTANBUL;(212) 6689939;www.furkanmetal.com.tr;furkanmetal.com.tr;ÇİB - Çelik İhracatçıları Birliği
ÇEM-SAN ÇELİK MOBİLYA İM.İNŞ.SAN.VE TİC.LTD.ŞTİ.;ORTAKÖY MERKEZ MAH. MORMENEKŞE SOK. NO:3 D:1 ORTAKÖY SİLİVRİ İSTANBUL;(212) 7342424;www.cem-san.com.tr;cem-san.com.tr;ÇİB - Çelik İhracatçıları Birliği
PROPLAS DIŞ TİCARET LTD. ŞTİ.;SANAYİ MAHALLESİ SANCAKLI CADDESİ NO:13 GÜMGÖREN GÜNGÖREN İSTANBUL;(212) 6420001;www.proplas.com.tr;proplas.com.tr;ÇİB - Çelik İhracatçıları Birliği
NORDMEC DENİZCİLİK MÜHENDİSLİK SANAYİ VE DIŞ TİCARET LİMİTED ŞİRKETİ;İÇMELER MAH. ÇAĞDAŞ SOK. VEMA REZİDANS SİTESİ C BLOK NO: 2C İÇ KAPI NO: 173 TUZLA İSTANBUL;(216) 4109438;https://nordmec.com.tr/nordmec-contact/;nordmec.com.tr;ÇİB - Çelik İhracatçıları Birliği
ÇAKICILAR MAKINA SANAYI VE TICARET ANONIM SIRKETI;SEMIHSANCAR CD. DEMET S. NO 8 ÜMRANİYE İSTANBUL;02166208937;www.cakicilarmakina.com;cakicilarmakina.com;ÇİB - Çelik İhracatçıları Birliği
KÜRKÇÜOĞLU İÇ VE DIŞ TİCARET ANONİM ŞİRKETİ;SANAYİ MAH.URAN SOK.NO:3/1 PENDİK İSTANBUL;(216) 4445930;www.kj.com.tr;kj.com.tr;ÇİB - Çelik İhracatçıları Birliği
SILTER İLERİ ÜTÜLEME SİSTEMLERİ SANAYİ VE TİCARET LİMİTED ŞİRKETİ;MURAT CESME MAH. ESKİ SILIVRI CAD.NO.42-44 MİMARSİNAN BÜYÜKÇEKMECE İSTANBUL;(212) 8614515;www.silter.com.tr;silter.com.tr;ÇİB - Çelik İhracatçıları Birliği
METALİ AKSESUAR SANAYİ VE TİCARET LİMİTED ŞİRKETİ;SELAHADDİN EYYUBİ MH 1581 SK MİMSAN 13 ESENYURT İSTANBUL;(212) 8760059;www.metali.com.tr;metali.com.tr;ÇİB - Çelik İhracatçıları Birliği
ÖZTİRYAKİLER MADENİ EŞYA SANAYİ VE TİCARET ANONİM ŞİRKETİ;CUMHURİYET MAH. ESKİ HADIMKÖY YOLU CAD. NO.8 1 NO.LU BAĞIMSIZ BÖLÜM BÜYÜKÇEKMECE İSTANBUL;(212) 8867800;www.oztiryakiler.com.tr;oztiryakiler.com.tr;ÇİB - Çelik İhracatçıları Birliği
BURKHARDT LEİTNER MEKAN ÇÖZÜMLERİ SAN. VE TİC. A.Ş.;BURHANİYE MH ABDULLAHAGA CD NO:51 ÜSKÜDAR İSTANBUL;(216) 5578384;www.burkhardtleitner.com.tr;burkhardtleitner.com.tr;ÇİB - Çelik İhracatçıları Birliği
REKONS İNŞAAT İTHALAT İHRACAT TEKNOLOJİ VE BİLİŞİM ANONİM ŞİRKETİ;İKİTELLİ OSB MH GİYİM SANATKARLARI 2B BLOK NO:607 İKİTELLİ BAŞAKŞEHİR İSTANBUL;(212) 6711651;www.rekons.com.tr;rekons.com.tr;ÇİB - Çelik İhracatçıları Birliği
MİMTEK MAKİNA SAN.VE TİC.A.Ş.;RAMAZANOĞLU MAH. TRANSTEK CAD. NO:14/1KURTKÖY PENDİK İSTANBUL;(216) 3139393;www.mimtekmakina.com;mimtekmakina.com;ÇİB - Çelik İhracatçıları Birliği
MGH YAPI GRUP İNS.TAAH.SANVE TIC.LTD.STİ;KOZYATAĞI MAHALLESİ BAYAR CADDESİ NUMARA:39 DAİRE 12 KADIKÖY İSTANBUL;(216) 5983043;www.mghyapigrup.com;mghyapigrup.com;ÇİB - Çelik İhracatçıları Birliği
TİM GRUP DIŞ TİC. AŞ;İOSB MH AYKOSAN 2 KISIM 11B BLOK NO:1 BAŞAKŞEHİR İSTANBUL;(212) 2222723;www.timgrup.com.tr;timgrup.com.tr;ÇİB - Çelik İhracatçıları Birliği
ZETA DIŞ TİCARET İTHALAT İHRACAT PAZARLAMA TİCARET LİMİTED ŞİRKETİ;MECİDİYEKÖY MH BÜYÜKDERE CD KUĞU İS HANI NO:81/3 ŞİŞLİ İSTANBUL;(212) 2747144;www.zetacompany.com;zetacompany.com;ÇİB - Çelik İhracatçıları Birliği
REHAU POLIMERI-KIMYA SAN.A.S.;KORE SEHITLERI CAD.NO:33 ŞİŞLİ İSTANBUL;(212) 3554700;www.rehau.com.tr;rehau.com.tr;ÇİB - Çelik İhracatçıları Birliği
IŞIK PLASTİK SANAYİ VE DIŞ TİCARET PAZARLAMA ANONİM ŞİRKETİ;TAHTAKALE MAH UZUNÇARŞI CAD MİLAS HAN NO:216 EMİNÖNÜ/CAĞALOĞLU FATİH İSTANBUL;(212) 5136617;www.isikplastik.com.tr;isikplastik.com.tr;ÇİB - Çelik İhracatçıları Birliği
ASUDE PLASTİK SANAYİ VE TİCARET ANONİM ŞİRKETİ;OSMANGAZİ MAHALLESİ ZİYA GÖKALP CADDESİ NO:20/2CADDESİ NO:1557 ESENYURT İSTANBUL;(212) 6592313;www.asudeplastik.com;asudeplastik.com;ÇİB - Çelik İhracatçıları Birliği
CORNING OPTİK İLETİŞİM SAN. LTD. ŞTİ.;GEBZE ORG.SAN.BOLG. TEMBELOVA MEVKİİ GENÇLİK CAD. NO:3003 GEBZE KOCAELİ;(262) 6737000;www.corning.com;corning.com;ÇİB - Çelik İhracatçıları Birliği
KORBEL PLASTİK METAL PROFİL SİSTEMLERİ İNŞAAT SAN.TİC.LTD.ŞTİ.;İKİTELLİ OSB MH İPKAS SAN SİT 7B BLOK NO:24 BAŞAKŞEHİR İSTANBUL;(000) 0000000;www.korbel.com.tr;korbel.com.tr;ÇİB - Çelik İhracatçıları Birliği
KARE CİVATA BAĞLANTI ELEMANLARI SAN. VE TİC. LTD. ŞTİ.;İKİTELLİ OSB. ATATÜRK OTO SAN. SİT. 4. BLOK NO:106 BEŞİKTAŞ İSTANBUL;(212) 4388284;www.karecivata.com;karecivata.com;ÇİB - Çelik İhracatçıları Birliği
DENIZ SU VE ATIK SU ARITIM INSAAT TICARET VE SANAYI A.S.;İSTANBUL DÜNYA TİCARET MERKEZİ A-2 BLOK NO:10 KA:15 OFİS NO:445 BAKIRKÖY İSTANBUL;(212) 8863163;www.aquamatchturk.com;aquamatchturk.com;ÇİB - Çelik İhracatçıları Birliği
ASIR GROUP İHRACAT A.Ş;ORGANİZE SANAYİ MAH.10.CAD 34 PORTALL PLAZA NO.7 E/7 İKİTELLİ BAŞAKŞEHİR İSTANBUL;(212) 4387550;http://www.asirgroup.com;asirgroup.com;ÇİB - Çelik İhracatçıları Birliği
TEKSAN VİDA VE BAĞLANTI ELEMANLARI SANAYI VE TICARET LIMITED SIRKETI;VELİBABA MAH AKINCILAR SOK NO:27 PENDİK İSTANBUL;(216) 3078873;http://www.teksanvida.com;teksanvida.com;ÇİB - Çelik İhracatçıları Birliği
MERCAN SAC PROFIL OTOM.YAN SAN VE TIC.A.S.;DUDULLU OSB MH DES SAN SİT 103 SK A-05BLOK NO:60 ÜMRANİYE İSTANBUL;(216) 4202470;www.mercansac.com.tr;mercansac.com.tr;ÇİB - Çelik İhracatçıları Birliği
ZF SERVICES TÜRK SANAYİ VE TİCARET ANONİM ŞİRKETİ;ADİL MAH. DEMOKRASİ CAD. NO: 17 SULTANBEYLİ İSTANBUL;02165920750;www.zf.com;zf.com;ÇİB - Çelik İhracatçıları Birliği
GÖKÇELLER DEMİR ÇELİK SANAYİ TİCARET ANONİM ŞİRKETİ;İKİTELLİ OSB MH BEDRETTİN DALAN BULVARI NO:3/1 BAŞAKŞEHİR İSTANBUL;(212) 4851058;www.gokcellercelik.com;gokcellercelik.com;ÇİB - Çelik İhracatçıları Birliği
ERTANLAR MAKİNA SANAYİ VE TİCARET LİMİTED ŞİRKETİ;75. YIL OSB MAH. 8 CAD. NO:17 ODUNPAZARI ESKİŞEHİR;(222) 2360553;www.ertanlar.com;ertanlar.com;ÇİB - Çelik İhracatçıları Birliği
KENAN METAL ANONİM ŞİRKETİ;İOSB MH ATATÜRK BULVARI MAHMUT TORUN PLAZA NO:54/21 İKİTELLİ BAŞAKŞEHİR İSTANBUL;(212) 4856035;www.kenanmetal.com;kenanmetal.com;ÇİB - Çelik İhracatçıları Birliği
GÜVEN VİDA SANAYİ TİCARET LİMİTED ŞİRKETİ;MURAT MAH.D BLOK. KIŞLA CAD.İŞKENT SAN.SİT.D BLOK NO:1 BAYRAMPAŞA İSTANBUL;(859) 8981486;www.turkuazmalzeme.com.tr;turkuazmalzeme.com.tr;ÇİB - Çelik İhracatçıları Birliği
HIDROPAR HAREKET KONTROL TEKNOLOJİLERİ MERKEZİ SAN.VE TİC.A.Ş;GEBZE PLASTIKÇILER OSB İNÖNÜ MAH. CUMHURİYET CD. NO:31 GEBZE KOCAELİ;(262) 6438411;www.hktm.com.tr;hktm.com.tr;ÇİB - Çelik İhracatçıları Birliği
TOPUZ SOĞUTMA ISITMA SAN. VE TİC. A.Ş.;DUDULLU OSB MAH. İMES 502 SK. E BLOK NO:10 ÜMRANİY ÜMRANİYE İSTANBUL;(216) 4664422;www.topuz.com;topuz.com;ÇİB - Çelik İhracatçıları Birliği
GİRGİN ANKASTRE SİSTEMLERİ SANAYİ DIŞ TİCARET LİMİTED ŞİRKETİ;ÖMERLİ MAH. ÜÇURTMA SK. 3/4 ARNAVUTKÖY İSTANBUL;(212) 7711092;www.motorfan.com.tr;motorfan.com.tr;ÇİB - Çelik İhracatçıları Birliği
TÜRKMAN DIŞ TİC.LTD.ŞTİ.;VELİEFENDİ ÖAH HOCA AHMET YESEVİ CD NO:110/B ZEYTİNBURNU İSTANBUL;(212) 6430591;www.türkmenleryapi.com.tr;türkmenleryapi.com.tr;ÇİB - Çelik İhracatçıları Birliği
ELIF METAL PROFIL INS.TIC.LTD. STI.;SAMANDIRA FERHATPAFERHATPAŞA MAH.YAVUZ SULTAN SA MAH YAVUZ SELİM CAD.NO:20 ATAŞEHİR İSTANBUL;(216) 6613380;www.elifmetal.com;elifmetal.com;ÇİB - Çelik İhracatçıları Birliği
BAŞAK ALM. AKSESUAR SAN VE TİC LTD ŞTİ;HÜRRİYET MH TAŞOCAĞI CD SEVİM SK NO:13 KAĞITHANE İSTANBUL;(212) 2918370;www.basakaluminyum.com;basakaluminyum.com;ÇİB - Çelik İhracatçıları Birliği
BİGTEM MAKİNE PAZARLAMA LTD. ŞTİ.;ORHANLI MAH. GÜLSÜM SK. NO:8 ORHANLI TUZLA İSTANBUL;02163944189;www.bigtem.com.tr;bigtem.com.tr;ÇİB - Çelik İhracatçıları Birliği
ERTÜRK PASLANMAZ ÇELİK İÇ VE DIŞ TİC.SAN.LTD.ŞTİ.;DES SAN.SİT.1.CAD.NO:13 ÜMRANİYE İSTANBUL;(216) 3144447;www.erturkpaslanmaz.com;erturkpaslanmaz.com;ÇİB - Çelik İhracatçıları Birliği
KARASU MAKINA IML.SAN.VE TIC. LTD.STI.;18 MART CADDESİ NO:21/B YUKARI YUKARIDUDULLU ÜMRANİYE İSTANBUL;(216) 3649760;www.karasus.com;karasus.com;ÇİB - Çelik İhracatçıları Birliği
ERCAN METAL SAÇ SAN. VE TİC. LTD. ŞTİ.;ORG. SAN. BÖL. DES SAN. SİT. 103 SOK. A-6 BLOK NO:52 YUKARIDUDULLU ÜMRANİYE İSTANBUL;(216) 3131399;www.ercanmetalsac.com;ercanmetalsac.com;ÇİB - Çelik İhracatçıları Birliği
HAS ÇELİK YAPI SİSTEMLERİ SANAYİ VE TİCARET ANONİM ŞİRKETİ;PELİTLİ MAH. 4417 SK NO 21 GEBZE KOCAELİ;;www.hascelikyapisistemleri.com;hascelikyapisistemleri.com;ÇİB - Çelik İhracatçıları Birliği
LAPİS METAL KUYUMCULUK LİMİTED ŞİRKETİ;İSTASYON MAH. YAZMALI SK. NO: 1 KARTEPE KOCAELİ;(216) 3300896;http://www.lapismetal.com;lapismetal.com;ÇİB - Çelik İhracatçıları Birliği
KAFAOĞLU METAL PLASTİK MAKİNA SAN. VE TİC. A.Ş.;ORG. SAN. BOLG. TEKNOLOJİ BULVARI13. CAD. NO.11 Merkez ESKİŞEHİR;02222361020;www.kafaoglu.com;kafaoglu.com;ÇİB - Çelik İhracatçıları Birliği
İSSE LAZER TEKNOLOJİLERİ ANONİM ŞİRKETİ;İ.O.S.B ESKOOP SAN. SİT. C3 BLOK NO.88-104 BAŞAKŞEHİR İSTANBUL;(212) 6711564;www.lasersos.com.tr;lasersos.com.tr;ÇİB - Çelik İhracatçıları Birliği
GULBAK BAKALIT VE METAL SAN. VE TIC.LTD.STI.;KAVLAKLI ORGANİZE SANAYİ BÖLGESİ3.CADDE NO:13 KAHRAMANMARAŞ KAHRAMANMARAŞ;(344) 2579302;www.gulbak.com.tr;gulbak.com.tr;ÇİB - Çelik İhracatçıları Birliği
GAZKON REGÜLATÖR ÜRETİM SANAYİ TİCARET ANONİM ŞİRKETİ;FERHATPAŞA MAH. 16. SOKAK NO: 53/A ATAŞEHİR İSTANBUL;(216) 4423413;www.gazkon.com;gazkon.com;ÇİB - Çelik İhracatçıları Birliği
SERKES YAPI İNŞAAT SANAYİ VE TİCARET LİMİTED ŞİRKETİ;ŞEYHSİNAN MAH.GÜNEY CAD.ÇELİK APT.NO:7/4 ÇORLU TEKİRDAĞ;(282) 0000000;http://www.serkes.com.tr;serkes.com.tr;ÇİB - Çelik İhracatçıları Birliği
ECOM METAL DIŞ TİCARET PAZARLAMA SANAYİ ANONİM ŞİRKETİ;ORGANİZE SANAYİ BÖLGESİ 1.KISIM 1.CADDE NO:10 MERKEZ SİVAS;(346) 2181384;www.ecommetal.com.tr;ecommetal.com.tr;ÇİB - Çelik İhracatçıları Birliği
PİKARON 77 İNŞAAT VE TAAHÜT ANAONİM ŞİRKETİ;ŞERİFALİ MAHALLESİ YÜKSELİŞ SOKAK NO:12/3 PK:34950 ÜMRANİYE/İSTANBUL ÜMRANİYE İSTANBUL;(216) 9991000;www.77construction.com;77construction.com;ÇİB - Çelik İhracatçıları Birliği
EKOL ÇELİK VE ISIL İŞLEM SAN. VE TİC LTD. ŞTİ.;AKÇABURGAZ MAH. 3040. SOK. NO:15 ESENYURT İSTANBUL;(212) 5497717;http://www.ekol-celik.com;ekol-celik.com;ÇİB - Çelik İhracatçıları Birliği
BURAK ALÜMİNYUM SANAYİ VE TİCARET ANONİM ŞİRKETİ;GÖZTEPE MAH. İSTOÇ 2.CADDE NO:1 BURAK PLAZA BAĞCILAR İSTANBUL;(212) 4443740;www.burak.com.tr;burak.com.tr;ÇİB - Çelik İhracatçıları Birliği
HARTEK KESME TEKNOLOJİLERİ LİMİTED ŞİRKETİ;KARAYOLLARI MAH. CEBECI CAD.648 SOK. NO.16/A GAZİOSMANPAŞA İSTANBUL;(212) 5384748;www.hartek.com.tr;hartek.com.tr;ÇİB - Çelik İhracatçıları Birliği
FESTO SANAYİ VE TİCARET ANONİM ŞİRKETİ;AYDINLI İSTANBUL ANADOLU YAKASI ORGANİZE SANAYİ BÖLGESİ MAHALLESİ ÜNİVERSİTE CADDESİ NO:45 AYDINLI TUZLA İSTANBUL;(216) 5850003;www.festo.com.tr;festo.com.tr;ÇİB - Çelik İhracatçıları Birliği
BMF ENERJİ SANAYİ VE TİCARET LTD. ŞTİ.;ORUÇREİS MAH. TEKSİLKENT CAD B BLOK 12A NO:183 ESENLER İSTANBUL;(212) 4381899;http://www.bmfenerji.com;bmfenerji.com;ÇİB - Çelik İhracatçıları Birliği
KİSAN AKILLI ULAŞIM SİS.VE YOL LEVHALARI İMA.SAN.TİC.A.Ş.;KARGALİ HANBABA 2. OSB 2. SK NO:18 MERKEZ SAKARYA;(264) 2901170;www.kisan.com.tr;kisan.com.tr;ÇİB - Çelik İhracatçıları Birliği
EREN ÇELİK AHŞAP VE METAL MÖBLE SANAYİ VE TİCARET LİMİTED ŞİRKETİ;MURATPAŞA MH FABRİKALAR CD NO:9/1 BAYRAMPAŞA İSTANBUL;(212) 5634567;www.rafturk.com.tr;rafturk.com.tr;ÇİB - Çelik İhracatçıları Birliği
YAPI MERKEZİ İNŞAAT VE SAN. AŞ;BURHANIYE MAH.HACI RESIT PASASOK.NO:4 ÜSKÜDAR İSTANBUL;(216) 3219000;www.ym.com.tr;ym.com.tr;ÇİB - Çelik İhracatçıları Birliği
KİMSAN KİMYEVİ MADDELER SAN. VE TİC. LTD. ŞTİ.;AKCABURGAZ MAH.1592 SOK ALKOPALÜ. SAN. SIT A.8 BLOK NO.5-6 ESENYURT İSTANBUL;02128580306;www.kimsankimya.com;kimsankimya.com;ÇİB - Çelik İhracatçıları Birliği
TENOKA İNŞAAT İTHALAT İHRACAT SANAYİ VE TİCARET LTD.ŞTİ.;TURGUT REIS MAH. FATIH BULVARIAKER SOK. NO.5 SULTANBEYLİ İSTANBUL;(216) 4195940;www.tenokagranit.com.tr;tenokagranit.com.tr;ÇİB - Çelik İhracatçıları Birliği
GENESİS ENERJİ VE MEKANİK SİSTEMLER ANONİM ŞİRKETİ;EYUP MERKEZ MAH.SILAHTAR AGACAD. NO:83 EYÜP İSTANBUL;02125788787;www.genesis.com;genesis.com;ÇİB - Çelik İhracatçıları Birliği
ALKUR KAPI SİTEMLERİ ANONİM ŞİRKETİ;MİMAR SİNAN MH ÜSKÜDAR CD YEDPA SİTESİ 1H/1 NO:111 ATAŞEHİR İSTANBUL;(216) 4711730;www.alkur.com.tr;alkur.com.tr;ÇİB - Çelik İhracatçıları Birliği
POLIFORM METAL SAN.VE TIC.A.S.;YENI CESME MEVKII İMAME SOK.NO.33/A PELITLI KOYU GEBZE KOCAELİ;02627513255;www.poliform.com.tr;poliform.com.tr;ÇİB - Çelik İhracatçıları Birliği
ÇETİN BALKAN SAN. VE İNŞ. MALZ. TİC. AŞ;PERPA TIC.MERKEZI K.2 B BLOKNO.14 ŞİŞLİ İSTANBUL;02122216700;www.cetinbalkan.com;cetinbalkan.com;ÇİB - Çelik İhracatçıları Birliği
CRS GIDA DANIŞMANLIK E-TİCARET VE PAZARLAMA LİMİTED ŞİRKETİ;ÇAMLICA MAHALLESİ 147 CADDE 3/E YENİMAHALLE ANKARA;(312) 0000000;http://www.crsankara.com;crsankara.com;ÇİB - Çelik İhracatçıları Birliği
GRÜN YAPI ELEMANLARI SAN. VE TİC. LTD.ŞTİ.;İKİTELLİ OSB MH MİLAS CD NO:7-11/42 TEM 34 EXPRESS TEM 34 EXPRESS İKİTELLİ BAŞAKŞEHİR İSTANBUL;(212) 4864041;www.grunyapi.com;grunyapi.com;ÇİB - Çelik İhracatçıları Birliği
AIM ENDÜSTRİYEL MUTFAK DIŞ TİCARET LİMİTED ŞİRKETİ;MERKEZ MH. DAP VADİSİ S BLOK KAĞITHANE İSTANBUL;(212) 9823891;www.aimgastro.com;aimgastro.com;ÇİB - Çelik İhracatçıları Birliği
AKPANEL BAĞLANTI ELEMANLARI SANAYİ VE TİCARET LİMİTED ŞİRKETİ;DUDULLU OSB MAH 3.CAD. FABRİKALAR 5 69 ÜMRANİYE İSTANBUL;(216) 4663132;www.akpanelcitbaglantielemanlari.com;akpanelcitbaglantielemanlari.com;ÇİB - Çelik İhracatçıları Birliği
BETONSTAR MAKİNA SANAYİ VE TİCARET ANONİM ŞİRKETİ;İSMETPAŞA MAH. OSMAN DİRİK CAD. NO:111 YUKARIDUDULLU ÜMRANİYE İSTANBUL;02122892760;www.betonstar.com;betonstar.com;ÇİB - Çelik İhracatçıları Birliği
KOTAN BAU YAPI SAN.VE TİC. A.Ş.;YASSI ÖREN MH AKPINAR SAN SİT MEDİHA SK NO:5 ARNAVUTKÖY İSTANBUL;(212) 6717895;www.kotanbauyapi.com.tr;kotanbauyapi.com.tr;ÇİB - Çelik İhracatçıları Birliği
DİRENÇ DIŞ TİCARET VE PAZARLAMA ANONİM ŞİRKETİ;SAZLIBOSNA MH HARAÇCI HADIMKÖY YOLU CD 202/1 ARNAVUTKÖY İSTANBUL;(212) 6822061;www.direncgroup.com;direncgroup.com;ÇİB - Çelik İhracatçıları Birliği
WACKER NEUSON MAKİNA LİMİTED ŞİRKETİ;TEM YAN YOL KATİP ÇELEBİ CAD. NO:15 34940 TUZLA İSTANBUL;(216) 5740474;www.wackerneuson.com.tr;wackerneuson.com.tr;ÇİB - Çelik İhracatçıları Birliği
AYMEKAS METAL VE KAUÇUK SAN. VE TİC. LTD. ŞTİ;KOZLUK MH. 1 NOLU CAD. N:9 ERENLER SAKARYA;(264) 3534216;www.aymekas.com.tr;aymekas.com.tr;ÇİB - Çelik İhracatçıları Birliği
KESESAN TORNA MAKİNA VE OTOMOTIV SANAYİ VE TİCARET ANONİM ŞİRKETİ;İKİTELLİ OSB MAH. DERSAN B BLOK SK. B BLOK NO.1/084 IKITELLI OSB 34490 BAŞAKŞEHİR, İSTANBUL, TÜRKİYE BAŞAKŞEHİR İSTANBUL;(212) 5579852;www.kesesan.com;kesesan.com;ÇİB - Çelik İhracatçıları Birliği
BERKOSAN YALITIM VE TECRİT MADDELERİ ÜRETİM VE TİCARET ANONİM ŞİRKETİ;RÜZGARLIBAHÇE MAH. KAVAK SOK.İMPA İŞ MERKZ. NO:12 K.1 BEYKOZ İSTANBUL;02123471910;www.berkosan.com;berkosan.com;ÇİB - Çelik İhracatçıları Birliği
BOTES KLIMA TAAHHUT SAN.VE TIC.LTD.STI.;HALIL RIFAT PASA MAH. PERPA TIC MERK A BLK.K.11 N.1469 ŞİŞLİ İSTANBUL;(212) 2226742;www.botes.com.tr;botes.com.tr;ÇİB - Çelik İhracatçıları Birliği
ÇIĞIRGİL PLASTİK VE TİCARET LİMİTED ŞİRKETİ;ŞİRİNKENT MAH.3318 SK.YAĞMUR KENT YAĞMUR KENTNO:19 URLA İZMİR;(232) 0000000;www.altancigirgil@gmail.com;altancigirgil@gmail.com;ÇİB - Çelik İhracatçıları Birliği
KENT BIJON SAN.VE TIC.LTD.STI.;YEDPA TIC. MERKEZI D CAD. NO.53 YENİÇAMLICA ATAŞEHİR İSTANBUL;(216) 4711034;www.kentbijon.com.tr;kentbijon.com.tr;ÇİB - Çelik İhracatçıları Birliği
TUNA ENDÜSTRİYEL VANA MALZEMELERİ SANAYİ VE TİCARET LİMİTED ŞİRKETİ;MÜEYYETZADE MH. NECATİBEY C. NO:49 DAIRE:A BEYOĞLU İSTANBUL;(212) 2455004;www.tunaendustri.com;tunaendustri.com;ÇİB - Çelik İhracatçıları Birliği
BSC ENDÜSTRIYEL MAKINA SANAYI VE TIC.LTD.STI.;TOMTOM MAH. ISTIKLAL CAD. BEYOGLU ISMERKEZI NO: 187 IÇ KAPI NO: 131 BEYOĞLU İSTANBUL;(212) 0000000;www.bscendustriyel.com;bscendustriyel.com;ÇİB - Çelik İhracatçıları Birliği
MER-AL MANİSA SAC OTOMOTİV İTHALAT İHRACAT SAN. VE TİC.LTD.ŞTİ.;ÇALI MAH. TURUNCU CAD. NO:7 NİLÜFER BURSA;(224) 4932458;www.meralmanisa.com.tr;meralmanisa.com.tr;ÇİB - Çelik İhracatçıları Birliği
ASAS-KA PLS.METAL KALIP SAN. TİC.LTD.ŞTİ.;İKİTELLİ OSB MH İSTEKS SAN SİT D3 BLOK NO:6 BAŞAKŞEHİR İSTANBUL;(212) 4857700;www.asaska.com;asaska.com;ÇİB - Çelik İhracatçıları Birliği
GES GENEL ELEKTRİK SİSTEMLERİ SANAYİ VE TİCARET LİMİTED ŞİRKETİ;İKİTELLİ ORGANİZE SANAYİ BÖLGESİ ESKOOP SAN.SİT. C-B BLOK NO:510İKİTELLİ KÜÇÜKÇEKMECE İSTANBUL;(212) 5497560;www.gesgroups.com;gesgroups.com;ÇİB - Çelik İhracatçıları Birliği
İSTWELD HIRDAVAT TİCARET LİMİTED ŞİRKETİ;İKİTELLİ OSB MH DEMİRCİLER SAN SİT B8 BLOK NO:187A BAŞAKŞEHİR İSTANBUL;;www.isweld.com;isweld.com;ÇİB - Çelik İhracatçıları Birliği
ESTA ELEKTRİK ELEKTRONİK SAN.VE TİC.LTD.ŞTİ.;YUKARI RAHMANLAR DOĞU CD.NO:52/B KARTAL İSTANBUL;(216) 6613727;www.estagrup.com;estagrup.com;ÇİB - Çelik İhracatçıları Birliği
İS-KA İMALAT İNŞAAT TURİZM SANAYİ TİCARET İTHALAT VE İHRACAT LİMİTED ŞİRKETİ;TÜRKOBA MAH. ATATÜRK 2. CAD. NO:232/A BÜYÜKÇEKMECE İSTANBUL;(212) 8590022;www.iskaiskele.com;iskaiskele.com;ÇİB - Çelik İhracatçıları Birliği
TECNOMED MEDİKAL SİSTEMLER SANAYİ VE TİCARET ANONİM ŞİRKETİ;İKİTELLİ OSB MH METAL-İŞ SAN SİT 19 BLOK NO:40 BAŞAKŞEHİR İSTANBUL;(212) 9090484;www.tecnomed.com.tr;tecnomed.com.tr;ÇİB - Çelik İhracatçıları Birliği
STARİUM PVC ALÜMİNYUM VE ORMAN ÜRÜNLERİ SANAYİ LİMİTED ŞİRKETİ;ORTAKÖY SANAYİ SİTESİ 6061 SOK. NO:3 SELİMPAŞA SİLİVRİ İSTANBUL;(212) 7466655;www.stariumgroup.com;stariumgroup.com;ÇİB - Çelik İhracatçıları Birliği
FORMFIX TEKNİK BAĞLANTI ELEMANLARI SAN. VE TİC.A.Ş.;MERKEZ MAH. ÇEŞME CAD. DOSTHANE SOK. NO:23/B 3494034940 TUZLA İSTANBUL;(216) 3944768;www.formfix.com.tr;formfix.com.tr;ÇİB - Çelik İhracatçıları Birliği
FEVZİYE YILMAZ;AYDINLI MAH.HACEDDERE SOK.NO:17/A TUZLA İSTANBUL;(216) 3936360;www.ergungemiyatdonatim.com;ergungemiyatdonatim.com;ÇİB - Çelik İhracatçıları Birliği
MAXİ TECHNİC METAL ELEKTRİK SANAYİ VE TİCARET A.Ş.;KARLIKTEPE MAH. ÖZSÖĞÜT SK NO:6/A KARTAL İSTANBUL;(216) 3060667;http://www.maxitechnic.com;maxitechnic.com;ÇİB - Çelik İhracatçıları Birliği
E.G.S. DENIZCILIK VE TIC.LTD.S TI.;RIHTIM CAD FRANSIZ GECIDI C BLOKKAT 4 NO 37 KARAKÖY BEYOĞLU İSTANBUL;;www.egsshipping.com;egsshipping.com;ÇİB - Çelik İhracatçıları Birliği
SAVA METAL A.Ş.;FERHATPAŞA MAH KARADENİZLİLER CD. G52. SK. NO 3-5 ATAŞEHİR İSTANBUL;(216) 6601111;www.savametal.com;savametal.com;ÇİB - Çelik İhracatçıları Birliği
YAKAZA METAL ALÜMİNYUM SANAYİ VE DIŞ TİCARET LİMİTED ŞİRKETİ;SEYRANTEPE MH NATO CD NO:29 KAT:2 KAĞITHANE İSTANBUL;;www.yakazametal.com;yakazametal.com;ÇİB - Çelik İhracatçıları Birliği
GÜLERYÜZ OTO YEDEK PARÇA SANAYİ VE TİCARET LİMİTED ŞİRKETİ;TUNA MAH. OSMANGAZİ CAD. 118 ESENLER İSTANBUL;(212) 5122325;www.guleryuzoto.com;guleryuzoto.com;ÇİB - Çelik İhracatçıları Birliği
HEPİ KİMYA SANAYİ VE TİCARET A.Ş.;ESENTEPE MAH.KASAP SOK.NO:4/5 ŞİŞLİ İSTANBUL;(212) 3561122;http://www.hepikimya.com.tr;hepikimya.com.tr;ÇİB - Çelik İhracatçıları Birliği
AT WIRE PROFİL VE TEL SANAYİ DIŞ TİC. LTD.ŞTİ.;AĞAOĞLU 212 MY OFFİCE RESİDANCE MAHMUTBEY MAH TAŞOCAĞI YOLU CAD NO:3 B BLOK KAT 9 DAİRE 150 GÜNEŞLİ BAĞCILAR İSTANBUL;(212) 6519500;www.at-wire.com;at-wire.com;ÇİB - Çelik İhracatçıları Birliği
TEKNOTHERM METAL SAN. VE TİC.A.Ş.;GÜLSUYU MAH.FEVZİ ÇAKMAK CAD.BİLGİNER SOK.TESA İŞ MERKZ.N:9/1-2 MALTEPE İSTANBUL;(216) 5931860;www.teknotherm.com.tr;teknotherm.com.tr;ÇİB - Çelik İhracatçıları Birliği
PNÖSAN PNÖMATİK HİDROLİK BUHAR TEKNİK MALZEMELERİ SANAYİ VE TİCARET LİMİTED ŞİRKETİ;CEMALİYE MAH. GAZİ ÇEŞME SOK. NO:2/A ÇORLU TEKİRDAĞ;(282) 6529486;www.pnosan.com;pnosan.com;ÇİB - Çelik İhracatçıları Birliği
EKSPERT MUM.TURZ.VE TIC.LTD. STI.;IMES SAN. SITESI C BLOK 311.SOKAK NO:7 ÜMRANİYE İSTANBUL;02165733888;www.expert.com.tr;expert.com.tr;ÇİB - Çelik İhracatçıları Birliği
MAPA CİVATA SANAYİ VE TİCARET A.Ş.;KIRAÇ ÇAKMAKLI MAH. SANBİR BULV 4. BÖLGE 7.CAD. NO:5 KIRAÇ ESENYURT İSTANBUL;(212) 8866677;www.mapafastener.com;mapafastener.com;ÇİB - Çelik İhracatçıları Birliği
UNIMAK MUHENDİSLİK HIZMETLERİ VE MAKINA SANAYİ TICARET LİMİTED SİRKETI;KİMYA SANAYİCİLERİ ORG. SAN. BÖL. MELEK ARAS BULVARI ANALİTİK CAD. NO:40 TUZLA İSTANBUL;(216) 5931580;www.unimakmuh.com;unimakmuh.com;ÇİB - Çelik İhracatçıları Birliği
KIRIKTAŞ AMBALAJ SANAYİ VE TİCARET A.Ş.;HADIMKÖY MAH. ALPARSLAN SOK.NO:3 ZEMİN KAT ARNAVUTKÖY İSTANBUL;(212) 8863181;www.kiriktas.com.tr;kiriktas.com.tr;ÇİB - Çelik İhracatçıları Birliği
CASTOLIN KAYNAK SAN.VE TIC. LTD.STI.;YUKARDUDULLU MH.BOSTANCI YOLUSEHIT SOK.NO.53 ÜMRANİYE İSTANBUL;02163132800;www.castolin.com.tr;castolin.com.tr;ÇİB - Çelik İhracatçıları Birliği
TAKSA DEFTER SAN.VE TIC. A.Ş.;YÜZYIL MAH MATBAACIALR SITESI4.CAD N:81/B BAĞCILAR İSTANBUL;(212) 4307232;www.taksa.com.tr;taksa.com.tr;ÇİB - Çelik İhracatçıları Birliği
NATURAL ZEMİN TAAH. SAN. VE TİC. LTD. ŞTİ.;MİTHATPAŞA MH. SELANİK BUL. N:119/2 EYÜP İSTANBUL;(212) 3602549;www.naturalzemin.com;naturalzemin.com;ÇİB - Çelik İhracatçıları Birliği
İZOPANEL İZOLASYON İMALAT SANAYİ VE TİCARET A.Ş.;SANAYI M.BOSNA S.NO:43 PENDİK İSTANBUL;02165950275;www.izopanel.com.tr;izopanel.com.tr;ÇİB - Çelik İhracatçıları Birliği
MEHMET SEVİM;ESENLER MAH. NAİM SÜLEYMANOĞLU CD. NO:15 PENDİK İSTANBUL;(216) 3992903;www.areksaluminyum.com.tr;areksaluminyum.com.tr;ÇİB - Çelik İhracatçıları Birliği
ARSİ LOJİSTİK İNŞAAT TAAHHÜT SAN.TİC.LTD.ŞTİ;DUATEPE MAH. KURTULUŞ CAD. NO: 36/2 ŞİŞLİ İSTANBUL;(212) 2333545;www.arsilojistik.com;arsilojistik.com;ÇİB - Çelik İhracatçıları Birliği
MAKRO METAL TEKNIK MAK.VE INS. FAB.MALZ.LTD.STI.;PERSEMBE PAZARI C.YOGURTCUHAN 14/18 BEYOĞLU İSTANBUL;02122540001;http://www.makrometal.com.tr;makrometal.com.tr;ÇİB - Çelik İhracatçıları Birliği
DEHA TECH MAKİNA SAN. VE TİC. A.Ş.;MÜEYYETZADE MH KEMERALTI CD NO:28 BEYOĞLY-KARAKÖY TAKSİM BEYOĞLU İSTANBUL;(212) 2524800;www.dehatech.com;dehatech.com;ÇİB - Çelik İhracatçıları Birliği
MORFOSE KİŞİSEL BAKIM VE KOZMETİK ÜRÜNLERİ SAN.TİC.A.Ş.;ORTAKÖY MERKEZ MAH.ATALAY SK. NO:5 34570 SİLİVRİ İSTANBUL;(212) 7388464;www.morfose.eu;morfose.eu;ÇİB - Çelik İhracatçıları Birliği
AVRUPA PET İŞLETMECİLİK DANIŞMANLIK SANAYİ VE DIŞ TİCARET ANONİM ŞİRKETİ;DEREAĞZI MAH. DENİZ SK. NO: 9 İÇ KAPI NO: 1 BEYLİKDÜZÜ İSTANBUL;(212) 4931247;https://cayrapac.com/;cayrapac.com;ÇİB - Çelik İhracatçıları Birliği
KAFKAS SHELVING DIŞ TİC.LTD.ŞTİ.;MİNARELİÇAVUŞ OSB.MAH.SEDİR CAD.BLOK NO:4 NİLÜFER BURSA;(224) 2160451;www.kafkasshelving.com;kafkasshelving.com;ÇİB - Çelik İhracatçıları Birliği
HİS TEKNİK ÇELİK SANAYİ VE TİCARET LİMİTED ŞİRKETİ;DEMİRTAŞ OSB LALE SOKAK NO:!5 OSMANGAZİ BURSA;(224) 2612170;www.histeknik.com;histeknik.com;ÇİB - Çelik İhracatçıları Birliği
MCM AMBALAJ HEDİYELİK EŞYA KOZMETİK VE METAL İTHALAT İHRACAT SANAYİ VE LİMİTED ŞİRKETİ;YENİDOĞAN MAH POLAT SOK NO.19 BAYRAMPAŞA İSTANBUL;;www.mcbambalaj.com;mcbambalaj.com;ÇİB - Çelik İhracatçıları Birliği
DOĞU KAPI KOLLARI SANAYİ VE TİCARET LİMİTED ŞİRKETİ;İKİTELLİ OSB MH CİLA VE NİKELAJCİLAR SİT A BLOK NO:9 İÇ KAPI NO:1/3 BAŞAKŞEHİR İSTANBUL;(212) 2632463;www.dogukapikollari.com;dogukapikollari.com;ÇİB - Çelik İhracatçıları Birliği
ALUNET MATERIAL SOLUTIONS ALÜMİNYUM SAN.VE TİC.A.Ş;FETHİYE OSB BORDO CD NO:17 NİLÜFER BURSA;(224) 5322045;www.alunet.com.tr;alunet.com.tr;ÇİB - Çelik İhracatçıları Birliği
TESTUPS ELEKTRONİK LİMİTED ŞİRKETİ;ADALET MAHALLESİ MANAS BULVARI FOLKART TOWERS A KULE NO:47/B K:26 D:2601 BAYRAKLI İZMİR;(850) 3050565;https://www.egetestcenter.com/;egetestcenter.com;ÇİB - Çelik İhracatçıları Birliği
YESA ELEKTRONİK SANAYİ VE TİCARET ANONİM ŞİRKETİ;FERHATPAŞA MAH. M. FEVZİ ÇAKMAK CAD. İÇ KAPI NO:62 K.3 ATAŞEHİR İSTANBUL;(216) 6614636;www.yesaelektronik.com;yesaelektronik.com;ÇİB - Çelik İhracatçıları Birliği
NOBEL İÇ VE DIŞ TİC. LTD. ŞTİ.;HALASKARGAZI CAD. NO.94 KAT 2 D.4 ŞİŞLİ İSTANBUL;(212) 3202734;www.nobelexport.com;nobelexport.com;ÇİB - Çelik İhracatçıları Birliği
AVESO ELEKTRİK SANAYİ TİCARET LİMİTED ŞİRKETİ;YENİŞEHİR MAH.MUSTAFA AKYOL SK.MVK SİTESİ A BLOK NNO:13 /110 PENDİK İSTANBUL;(216) 0000000;http://sales@aveso.com.tr;sales@aveso.com.tr;ÇİB - Çelik İhracatçıları Birliği
VİZYON İNOVATİF YALITIM ENERJİ VE MÜHENDİSLİK LİMİTED ŞİRKETİ;POSTAHANE MAH. NEŞELİ SOK. NO:2/1TUZLA/İSTANBUL TUZLA İSTANBUL;(216) 4460004;www.vizyonendustiriyelyalitim.com;vizyonendustiriyelyalitim.com;ÇİB - Çelik İhracatçıları Birliği
NİCA METAL DIŞ TİCARET LİMİTED ŞİRKETİ;MASLAK MAH. TAŞYONCASI SOK. NO 1/U T4B BLOK OFİS NO : 6 SARIYER İSTANBUL;(212) 3424114;http://nica.com.tr;nica.com.tr;ÇİB - Çelik İhracatçıları Birliği
LEVENT ÖZBUĞUTU;YAKACIK YOLU AKÇAOĞLU SAN.SİTESİ B BLOK NO.20-21 KARTAL İSTANBUL;(216) 4880099;www.elatcnc.com;elatcnc.com;ÇİB - Çelik İhracatçıları Birliği
EMRE KALIP PVC KAPI VE PENCERE AKSESUARLARI SANAYİ TİCARET LİMİTED ŞİRKETİ;ÖMERLİ MH ADNAN KAHVECİ CD NO:50 ARNAVUTKÖY İSTANBUL;(212) 7983400;www.emrekalip.com;emrekalip.com;ÇİB - Çelik İhracatçıları Birliği
ORTAÇLAR ELEKTRİK SAN. VE TİC. LTD. ŞTİ.;İBNİ SİNA CADESİ HADIMKÖY MAH N:9 ARNAVUTKÖY İSTANBUL;(212) 8581900;www.ortaclar.com.tr;ortaclar.com.tr;ÇİB - Çelik İhracatçıları Birliği
GÜZEL METAL İNŞAAT MALZEMELERİ SAN.VE TİC.LTD.STİ.;İKİTELLİ OSB MH İSTEKS SAN SİT SOSYAL MERKEZ BİNASI NO:1S KAT:2/33 BAŞAKŞEHİR İSTANBUL;(212) 6927070;www.nobelgroup.com.tr;nobelgroup.com.tr;ÇİB - Çelik İhracatçıları Birliği
FUTURE İNNOVATİONS DIŞ TİCARET LİMİTED ŞİRKETİ;KÜÇÜK SETLİ SOKAK NO:5-9 DENGE PANORAMA KAT:9 D:38 ATAŞEHİR İSTANBUL;(216) 3494405;www.fi-truck.com;fi-truck.com;ÇİB - Çelik İhracatçıları Birliği
FALKEN BACA SİSTEM. İKLİM.İNŞ.TAAH.SAN.TİC.LTD.ŞTİ;SULTAN ORHAN MAH.KÜÇÜK SAN.SİTESİA12 BLOK NO:5 GEBZE KOCAELİ;(262) 6410209;www.falken.com.tr;falken.com.tr;ÇİB - Çelik İhracatçıları Birliği
FESCOM MÜHENDİSLİK LTD. ŞTİ.;BEYAZ CENTER OFİS BARIŞ MH. AKDENİZ CD. NO:8/1K:3 D:52 PK:34520 BEYLİKDÜZÜ İSTANBUL;(212) 8031206;www.fescom.net;fescom.net;ÇİB - Çelik İhracatçıları Birliği
QİS YAPI KİMYASALLARI ANONİM ŞİRKETİ;KARADENİZLİLER MAH. ORDULU CAD. 2 BBLOK NO:57/5 BAŞİSKELE KOCAELİ;(262) 6550013;www.qisturkiye.com;qisturkiye.com;ÇİB - Çelik İhracatçıları Birliği
KOMET METAL AKSESUAR SAN. VE TİC. AŞ;BEYLİKDÜZÜ OSB. MAH. BAKIR VE PİRİNÇÇİLER SAN. SİT. MANOLYA CAD. NO.10 BEYLİKDÜZÜ İSTANBUL;(212) 4812217;www.kometmetal.com.tr;kometmetal.com.tr;ÇİB - Çelik İhracatçıları Birliği
ERMAN SAC VE DEMIR SAN.VE TIC. LTD.STI.;SULTAN ORHAN MAH. 1175 SOK. NO.9 GEBZE KOCAELİ;(262) 6447778;http://www.ermansac.com;ermansac.com;ÇİB - Çelik İhracatçıları Birliği
OVSAN MAKINA YEDEK PAR. IML. PAZ.LTD.STI.;KAVAK PINAR MAH. CEMİL MERİÇ CAD. NO.137/2 İÇ KAPI NO. 36 KAYNARCA PENDİK İSTANBUL;02163978007;www.ovsanmakina.com;ovsanmakina.com;ÇİB - Çelik İhracatçıları Birliği
KALİTE TENTE DEKORASYON OTOMAT CİVATA DIŞ TİC. LTD.ŞTİ.;İKİTELLİ ORG. SAN. BÖLG. İSTEKS SAN. SİT.E2 BLOK NO:8 BAŞAKŞEHİR İSTANBUL;(212) 4448791;www.kalitetente.com.tr;kalitetente.com.tr;ÇİB - Çelik İhracatçıları Birliği
ALTINDAĞ POLİMER VE METAL SANAYİ TİC.A.Ş.;KINALI MEVKİİ BALABAN MAH. ASLANAĞZI SOK. NO:1 SİLİVRİ İSTANBUL;(212) 8768181;www.schonline.com;schonline.com;ÇİB - Çelik İhracatçıları Birliği
MIM IC MIM. PROJE UYG. ITH. IHR. SAN.VE TIC.LTD.STI.;KALIPCI S.UZAL APT.NO:152/7 ŞİŞLİ İSTANBUL;02122331066;www.mimdesign.com;mimdesign.com;ÇİB - Çelik İhracatçıları Birliği
ŞEKEROĞLU KİMYA VE PLASTİK SAN.VE TİC.A.Ş.;3.ORGANIZE SAN.BOLG.EVRENKÖY CD.NO.15 SELÇUKLU KONYA;03322391616;www.sekeroglu.com.tr;sekeroglu.com.tr;ÇİB - Çelik İhracatçıları Birliği
ALUMET GROUP İTHALAT İHRACAT SANAYİ VE TİCARET LİMİTED ŞİRKETİ;AKÇABURGAZ MH 1592 SK ALKOP SAN SİT A10 BLOK NO:3-4 ESENYURT İSTANBUL;;www.alumetgroup.com.tr;alumetgroup.com.tr;ÇİB - Çelik İhracatçıları Birliği
BEŞLER ELEK. İNŞ. HIR. GIDA TEKS. HED. EŞYA SAN. İÇ VE DIŞ TİC. LTD. ŞTİ.;UZUNÇARŞI CAD.HAMAM ÇARŞI IÇINO.329/YZ-08 TAHTAKALE FATİH İSTANBUL;02125197031;www.beslerelektrik.com.tr;beslerelektrik.com.tr;ÇİB - Çelik İhracatçıları Birliği
GAMA REKLAM SAN.VE TİC. A.Ş.;ORHANGAZİ MH TUNÇ CD. NO:5-1A/1 ESENYURT İSTANBUL;(212) 6232323;www.gamareklam.com.tr;gamareklam.com.tr;ÇİB - Çelik İhracatçıları Birliği
QUAD PLUS OTOMASYON HIZMETLERI LTD.STI.;MİNARELİ CAVUS OSB MAH. KOKNAR(CAMLİK) CD. NO:13 NİLÜFER BURSA;02244430722;www.quadplus.com.tr;quadplus.com.tr;ÇİB - Çelik İhracatçıları Birliği
AKSAY PLASTİK ANONİM ŞİRKETİ;PELİTLİ MAH. SANAYİ CAD. NO:45 GEBZE KOCAELİ;(262) 7512374;www.aksayplastik.com;aksayplastik.com;ÇİB - Çelik İhracatçıları Birliği
ŞENOCAK DIŞ TİC. VE TUR. SAN. LTD. ŞTİ.;IKITELLI ORG.SAN.BOLG.ESOTSANAYI SIT.L BL. N:9-10 KÜÇÜKÇEKMECE İSTANBUL;02125498658;www.senocakltd.com;senocakltd.com;ÇİB - Çelik İhracatçıları Birliği
ESCO METALÜRJİ ANONİM ŞİRKETİ;ZİYA GÖKALP MAH.SEYRANTEPE CAD.NO:19 İÇ KAPI NO.67 BAŞAKŞEHİR İSTANBUL;(212) 8127888;http://www.escometalorji.com.tr;escometalorji.com.tr;ÇİB - Çelik İhracatçıları Birliği
GLOBAL TRADE DIŞ TİC.LTD.ŞTİ.;ADNAN KAHVECİ MH YAVUZ SULTAN SELİM BLV PERLA VİSTA RESİDENCE B BLOK NO:118 BEYLİKDÜZÜ İSTANBUL;(212) 8725353;www.global-trade.com.tr;global-trade.com.tr;ÇİB - Çelik İhracatçıları Birliği
SANMİRO TURKEY ALÜMİNYUM VE PLASTİK SANAYİ TİCARET LİMİTED ŞİRKETİ;FSM MAH POLİGON CAD BUYAKA SİTESİ KULE N:3K:16 N:8 ÜMRANİYE İSTANBUL;(216) 2665838;www.sanmiro.com;sanmiro.com;ÇİB - Çelik İhracatçıları Birliği
İKSEL ELEKTROMEKANİK SANAYİ VE TİCARET ANONİM ŞİRKETİ;ESENKENT MAH GÖZNURU SOKAK NO:7/1-2-3 ÜMRANİYE İSTANBUL;(216) 5082166;www.iksel.com.tr;iksel.com.tr;ÇİB - Çelik İhracatçıları Birliği
MÜSELLİMOĞLU METAL TİC. SAN. LTD.ŞTİ.;KOSKLU CESME MAH. İSTANBUL CAD. NO.71 GEBZE KOCAELİ;02626465056;www.ferforjesanati.com;ferforjesanati.com;ÇİB - Çelik İhracatçıları Birliği
TBLOC ELEKTRİK ELEKTRONİK SANAYİ VE TİCARET ANONİM ŞİRKETİ;29 EKİM MHL. 10001 SOK. NO:50/4 35663 MENEMEN İZMİR;(232) 8332696;www.tbloc.com.tr;tbloc.com.tr;ÇİB - Çelik İhracatçıları Birliği
YAPI-SAN İNŞAAT VE SANAYİ LİMİTED ŞİRKETİ;ESENKENT MAH. BUYRUK SOK. NO.15 YUKARIDUDULLU ÜMRANİYE İSTANBUL;02164667263;www.asteknik.com;asteknik.com;ÇİB - Çelik İhracatçıları Birliği
TEKNIK ALET SAN.VE TIC.A.S.;TERSANE C.NO.117 BEYOĞLU İSTANBUL;02122974802;www.teknikalet.com;teknikalet.com;ÇİB - Çelik İhracatçıları Birliği
STAR TEKNİK MAKİNE DIŞ TİCARET LİMİTED ŞİRKETİ;19 MAYIS MH. NUTUK CD NO:10/4 BÜYÜKÇEKMECE İSTANBUL;(212) 8837254;www.startekmak.com;startekmak.com;ÇİB - Çelik İhracatçıları Birliği
MURAT ALTINDAL;ALAADDİNBEY MAH. TAŞLIPARE SK. NO: 35 /2 NİLÜFER BURSA;(224) 4434752;http://leganest.com;leganest.com;ÇİB - Çelik İhracatçıları Birliği
REHBERİUM DANIŞMANLIK VE DIŞ TİCARET LİMİTED ŞİRKETİ;KURTKÖY MAHALLESİ ANKARA CADDESİ NO 289/21 YELKEN PLAZA B BLOK 34890 PENDİK İSTANBUL;;https://b2bexim.com/;b2bexim.com;ÇİB - Çelik İhracatçıları Birliği
AKBAY TEKNİK HIRDAVAT PAZARLAMA VE DIŞ TİC. LTD. ŞTİ.;TOZKOPARAN MH GENERAL ALİ RIZA GÜRCAN CD ALPARSLAN İS MERK A BLOKNO:29/11 GÜNGÖREN İSTANBUL;(212) 6505555;www.akbayteknikhirdavat.com;akbayteknikhirdavat.com;ÇİB - Çelik İhracatçıları Birliği
BAKYAPI İNŞAAT ENERJİ MADENCİLİK SANAYİ VE TİCARET ANONİM ŞİRKETİ;ALAADDİNBEY MAH. ATİLLA TATVEREN CAD. NO:6 C/1 NİLÜFER BURSA;(224) 2498565;http://www.bakyapi.com.tr;bakyapi.com.tr;ÇİB - Çelik İhracatçıları Birliği
SFT FASTENİNGS VİDA CİVATA SAN. VE TİC. LTD. ŞTİ.;ZİYA GÖKALP MAH. SÜLEYMAN DEMİRELBLV. THE OFFİCE BLOK NO: 7E / 136 BAŞAKŞEHİR İSTANBUL;;www.sft-fastenings.com;sft-fastenings.com;ÇİB - Çelik İhracatçıları Birliği
GÜMÜŞ ÇİT TEL ÖRME İNŞAAT PLASTİK SANAYİ TİCARET LİMİTED ŞİRKETİ;ŞEKERPINAR MAHALLESİ FATİH SULTAN MEHMET CADDESİ NO:10 ÇAYIROVA KOCAELİ;(262) 6582929;http://www.gumuscit.com.tr;gumuscit.com.tr;ÇİB - Çelik İhracatçıları Birliği
TEKYOL PLUS YAPI ENDÜSTRİSİ A.Ş.;MASLAK MAHALLESİ ESKİ BÜYÜKDERE CADDESİ NO:9 İZ PLGİZ KAT:10 DAİRE:35 SARIYER İSTANBUL;(212) 3029112;http://www.tekyolplus.com;tekyolplus.com;ÇİB - Çelik İhracatçıları Birliği
RTC TEC BAĞLANTI ELEMANLARI SANAYİ TİCARET A.Ş.;DERİ OSB MAHALLESİ, KADİFE CADDE, İSTANBUL DERİ OSB SİTESİ U-1A NO:2 TUZLA İSTANBUL;(216) 5934782;www.rtc-tec.com;rtc-tec.com;ÇİB - Çelik İhracatçıları Birliği
ARKEN JENERATÖR ANONİM ŞİRKETİ;HARAÇCI MAH. DOLMABAHÇE CAD. N:22KOBİ İŞ MER NO:51/2 ARNAVUTKÖY İSTANBUL;(212) 4240275;www.arkenjenerator.com;arkenjenerator.com;ÇİB - Çelik İhracatçıları Birliği
GÜRTAŞ METAL MAKİNA TESİSAT SA N.VE TİC.LTD.ŞTİ.;KARADENİZLİLER MAH. ORDULU CAD. NO.81 BAŞİSKELE KOCAELİ;(262) 3353808;www.gurtasmakina.com;gurtasmakina.com;ÇİB - Çelik İhracatçıları Birliği
KALIPSAN ALÜMİNYUM SAÇ METAL KALIP TASARIM SANAYİ VE TİCARET LTD. ŞTİ.;ÜÇEVLER MAH.81.(220) SK. NO:1 I/1 NİLÜFER BURSA;(224) 4823079;https://kalipsanaluminyum.com/;kalipsanaluminyum.com;ÇİB - Çelik İhracatçıları Birliği
ELBAK MAKINA MUH.VE END.URUN. SAN.VE TIC.LTD.STI.;BOSTANCI YOLU KURU SOKAK NO.20 YUKARIDUDULLU ÜMRANİYE İSTANBUL;(216) 5900240;www.elbak.com.tr;elbak.com.tr;ÇİB - Çelik İhracatçıları Birliği
YILMAZ DİŞLİ MAKİNA SANAYİ DIŞ TİCARET LİMİTED ŞİRKETİ;YENİ MALTEPE YOLU EMİNTAŞ ULUBATLI SAN SİT NO 71-72 BAYRAMPAŞA İSTANBUL;(212) 5655798;www.yilmazdisli.com.tr;yilmazdisli.com.tr;ÇİB - Çelik İhracatçıları Birliği
AFAQ 01 MAKİNA SAN. VE DIŞ TİC. LTD. ŞTİ.;İKİTELLİ ORG.SAN.BÖLGESİ DEMİRCİLER SANAYİ SİTESİ C-5 BLOK NO:263 BAŞAKŞEHİR İSTANBUL;(212) 5495547;www.afaq01.com;afaq01.com;ÇİB - Çelik İhracatçıları Birliği
İSAR DIŞ TİCARET YAPI MALZEMELERİ İNŞAAT VE İNŞAAT MALZEMELERİ İMALAT SAN. TİC. LTD. ŞTİ.;YAJUPLU MAH.KERVANSARAY CAD.88. SOK.İZ APT. N:2/1-2-3-4-5 YAKUPLU BEYLİKDÜZÜ İSTANBUL;;www.isar.com.tr;isar.com.tr;ÇİB - Çelik İhracatçıları Birliği
AIAS METAL TİCARET ANONİM ŞİRKETİ;ALTINŞEHİR MH. 229.(280 ) SK NO:42 /1 NİLÜFER BURSA PK:16130 NİLÜFER BURSA;(224) 4130009;www.aiasmetal.com;aiasmetal.com;ÇİB - Çelik İhracatçıları Birliği
İNOKSAN SATIŞ PAZARLAMA SANAYİ VE TİCARET A.Ş.;YENİ YALOVA YOLU 6.KM NO:415 / D OSMANGAZİ BURSA;(224) 2947474;www.inoksan.com;inoksan.com;ÇİB - Çelik İhracatçıları Birliği
METALPLAST GROUP YAPI İNŞAAT SANAYİ TİCARET LİMİTED ŞİRKETİ;ORUÇREİS MH TEKSTİLKENT CD B14 BLOK 10 V NO:214B14 BLOK NO: 10V İÇ KAPI NO: 214 ESENLER İSTANBUL;(000) 0000000;www.metalplastgroup.com;metalplastgroup.com;ÇİB - Çelik İhracatçıları Birliği
ÖZ KALIP AMORTİSÖR YEDEK PARÇA SANAYİ VE TİCARET LİMİTED ŞİRKETİ;İKİTELLİ OSB MH DEMİRCİLER SAN SİT C5 BLOK NO:242 BAŞAKŞEHİR İSTANBUL;(212) 6715297;www.ozkalip.com;ozkalip.com;ÇİB - Çelik İhracatçıları Birliği
GOLDA MARİNE DENİZCİLİK SAN.VE TİC.A.Ş.;AYDINTEPE MAH.SAHİL BLV.ALİZE İŞ MERKEZİ NO:191/100 TUZLA İSTANBUL PK:34959 TUZLA İSTANBUL;(216) 4939091;www.goldamarine.com;goldamarine.com;ÇİB - Çelik İhracatçıları Birliği
ARMA FİLTRE SİSTEMLERİ SAN. VE TİC. A. Ş.;SAKARYA 1.ORGANİZE SANAYİ BÖLGESİ NO:13 ARİFİYE SAKARYA;(264) 2769010;www.armafiltre.com.tr;armafiltre.com.tr;ÇİB - Çelik İhracatçıları Birliği
ÇAĞRI MOBİLYA AKSESUARLARI SANAYİ VE TİCARET LİMİTED ŞİRKETİ;RAMAZANOĞLU MAH MİMAR SİNAN CAD SULTAN SOK NO : 13/1 PENDİK İSTANBUL;;www.cagrimetaks.com;cagrimetaks.com;ÇİB - Çelik İhracatçıları Birliği
ULUSOY ELEKTRİK İMALAT TAAHHÜT VE TİC. A. Ş.;ANKARA 1. OSB. OĞUZ CAD. NO:6 SİNCAN ANKARA;(312) 2670712;www.ulusoyelelktrik.com;ulusoyelelktrik.com;ÇİB - Çelik İhracatçıları Birliği
SEVA MÜHENDİSLİK İNŞ.İTH.İHR. LTD.ŞTİ;FERHATPAŞA MAH. 10. SOK. NO:64 ATAŞEHİR İSTANBUL;(216) 5611767;www.sevapool.com;sevapool.com;ÇİB - Çelik İhracatçıları Birliği
TEKA TEKNIK MUTFAK ALETLERI SAN.VE TIC.A.S.;BÜYÜKDERE CD. YAPI KREDİ PLAZA LEVENT MAH. CÖMERT SK. NO: 1 C BLOK, KAT 13 BEŞİKTAŞ İSTANBUL;(212) 2883134;www.teka.com.tr;teka.com.tr;ÇİB - Çelik İhracatçıları Birliği
COMFORTEX ALÜMİNYUM CAM SANAYİ VE DIŞ TİCARET LİMİTED ŞİRKETİ;GÖKTÜRK MERKEZ MH 1 BEGONYA SK ARCADUM LİFE 3 KAT:1/1 EYÜP İSTANBUL;(212) 0000000;www.comfortex.com.tr;comfortex.com.tr;ÇİB - Çelik İhracatçıları Birliği
GE MEDICAL SYSTEMS TÜRKİYE LTD. ŞTİ.;ESENTEPE MAH. HARMAN SK. NO. 8 LEVENT ŞİŞLİ İSTANBUL;02123662900;www.gehealthcareturkiye.com;gehealthcareturkiye.com;ÇİB - Çelik İhracatçıları Birliği
5T YAPI İÇ VE DIŞ TİCARET LİMİTED ŞİRKETİ;AKÇABURGAZ MH 3088 SK NO:26 ESENYURT İSTANBUL;(212) 8862960;www.tenekeciler.com.tr;tenekeciler.com.tr;ÇİB - Çelik İhracatçıları Birliği
MOTALİ METAL SAN.TİC.LTD.ŞTİ;ORHANLI MH. KARADENİZ CAD TURGUT REİS SAN.SİT.C-3 BLOK NO:7/C3 TUZLA İSTANBUL;(216) 3948824;www.motalimetal.com;motalimetal.com;ÇİB - Çelik İhracatçıları Birliği
FRONTMAS İNŞAAT MALZEMELERİ VE TİCARET LİMİTED ŞİRKETİ;ASIK VEYSEL MAH. RESNELI NIYAZI SK. YASEMINEVLERI D 27 A B VE C BLOKLARI NO: 15 B IÇ KAPI NO: ESENYURT İSTANBUL;;www.frontmas.com;frontmas.com;ÇİB - Çelik İhracatçıları Birliği
HAS BAĞLANTI ELEMANLARI SANAYİ VE TİCARET ANONİM ŞİRKETİ;PERPA IS MERKEZI B BLOK K.5 NO.135 ŞİŞLİ İSTANBUL;02122204146;www.hashirdavat.com;hashirdavat.com;ÇİB - Çelik İhracatçıları Birliği
AKRA CAM DEKORASYON MAK. SAN. VE PAZ. LTD. ŞTİ;MİTHATPAŞA CAD. SÖĞÜTLÜ SOK. NO.7 ÇOBANÇEŞME BAHÇELİEVLER İSTANBUL;(212) 4944447;www.solarwin.com.tr;solarwin.com.tr;ÇİB - Çelik İhracatçıları Birliği
PB DIS TIC.LTD.STI.;BARBAROS MAH SARKAÇ SK MY PRESTİGE SİT NO:1A K:7 D:53-54 ATAŞEHİR İSTANBUL;(216) 5738596;www.pbforeigntrade.com;pbforeigntrade.com;ÇİB - Çelik İhracatçıları Birliği
TURCOTECH TEKNİK EKİP.VE ÇELİK İML.SAN.VE TİC.LTD.ŞTİ.;EVLİYA ÇELEBİ MAH.RAUF ORBAY CAD.BAHÇE SOK.NO:1/6 TUZLA İSTANBUL;(216) 4471384;www.turcogroup.com.tr;turcogroup.com.tr;ÇİB - Çelik İhracatçıları Birliği
FREYSAS FREYSSINET YAPI SISTEMLERİ SANAYİ ANONİM ŞİRKETİ;RIFKI TONGSİR CAD. NİDA KULE KÜÇÜKYALI SİTESİ A04 NO:115 İÇ KAPI NO:123 ÇINAR 34841 MALTEPE İSTANBUL;02163498775;www.freysas.com.tr;freysas.com.tr;ÇİB - Çelik İhracatçıları Birliği
BAYDARSAN MAKİNA TİCARET YATIRIM İÇ VE DIŞ TİCARET LTD.ŞTİ.;ÜNALAN MH LİBADİYE CD. EMAR SUKUARE E BLOK D:308 ÜSKÜDAR İSTANBUL;(216) 4846606;www.baydarsan.com;baydarsan.com;ÇİB - Çelik İhracatçıları Birliği
EAE ELEKTROTEKNIK SAN.VE TIC. A.S.;İKİTELLİ SANAYİ BÖL. ZİYA GÖKALP MAH. ESKİ TURGUT ÖZAL CAD. NO:20 İKİTELLİ BAŞAKŞEHİR İSTANBUL;(212) 5492639;www.eae.com.tr;eae.com.tr;ÇİB - Çelik İhracatçıları Birliği
TEMPO ISITMA VE KLIMA SAN.VE T IC.LTD.STI.;YENI MH.YANIKSES SK.5/A BAKIRKÖY İSTANBUL;02125707688;www.tempo.biz.tr;tempo.biz.tr;ÇİB - Çelik İhracatçıları Birliği
NURGAZ GAZ ARMATÜR MET. İŞL. VE ELEKT. PAZARLAMA SANAYİ TİCARET LİMİTED ŞİRKETİ;BOĞAZKÖY İSTİKLAL MH MİLLİ EGEMENLİK VE NO:27 BOĞAZKÖY ARNAVUTKÖY İSTANBUL;(212) 6842246;www.nurgazshop.com.tr;nurgazshop.com.tr;ÇİB - Çelik İhracatçıları Birliği
EAGLE GENLEŞME VE HİDROFOR TANKLARI SANAYİ VE TİCARET ANONİM ŞİRKETİ;ÇERKEŞLİOSB MAH. IMES-1 CAD. NO: 5 GEBZE KOCAELİ;(262) 3200082;http://www.eagle.com.tr;eagle.com.tr;ÇİB - Çelik İhracatçıları Birliği
KADİR KORKMAZ;MURAT REİS MH. SELAMET SOK. NO:9 ÜSKÜDAR İSTANBUL;(216) 0000000;http://www.alumex.com.tr;alumex.com.tr;ÇİB - Çelik İhracatçıları Birliği
ÇUHADAROĞLU METAL SANAYI VE PAZARLAMA ANONİM ŞİRKETİ;YAKUPLU MH HÜRRİYET BULVARI NO:6-8 BEYLİKDÜZÜ İSTANBUL;(212) 8670500;www.cuhadaroglu.com.tr;cuhadaroglu.com.tr;ÇİB - Çelik İhracatçıları Birliği
TEKFEN İNŞAAT VE TESİSAT AŞ;KÜLTÜR MH BUDAK SK NO:1 C BLOK BEŞİKTAŞ İSTANBUL;(212) 3593619;www.tekfeninsaat.com.tr;tekfeninsaat.com.tr;ÇİB - Çelik İhracatçıları Birliği
KENT KART EGE ELEKTRONİK SANAYİ VE TİCARET ANONİM ŞİRKETİ;GÜMÜŞ SUYU MAH. MUHTAR KAMİL SOK.NO:3 KAT:4 BEYOĞLU İSTANBUL;02122496720;www.kentkart.com;kentkart.com;ÇİB - Çelik İhracatçıları Birliği
DEDEM METAL PLASTİK SANAYİ VE TİCARET LTD.ŞTİ.;ATATÜRK SAN. SİT. EDA SOK. NO.19 ÇATALCA ÇATALCA İSTANBUL;02127896314;www.dedemmetal.com;dedemmetal.com;ÇİB - Çelik İhracatçıları Birliği
ÖZDEMİR BORU PROFİL SANAYİ VE TİCARET ANONİM ŞİRKETİ;ORHANLAR MAH. YALI CAD. NO:15 KARADENİZEREĞLİ ZONGULDAK;(372) 3235800;www.ozdemirboru.com.tr;ozdemirboru.com.tr;ÇİB - Çelik İhracatçıları Birliği
ATILIM ALÜMİNYUM SANAYİ VE TİCARET LİMİTED ŞİRKETİ;ÇIRPICI MAH.SEYİDNİZAM CAD.NO:62/A ÇIRPICI ZEYTİNBURNU İSTANBUL;(212) 6791774;www.atilimaluminyum.com.tr;atilimaluminyum.com.tr;ÇİB - Çelik İhracatçıları Birliği
AHMET SİLPAĞAR;KUCUKLANGA C. N:27 34300 FATİH İSTANBUL;02125295631;www.cagataydis.com.tr;cagataydis.com.tr;ÇİB - Çelik İhracatçıları Birliği
METEOSİS TEKNOLOJİ AŞ.;ANKARA UNİVERSİTESİ TEKNOKENT D BLOK NO19 GÖLBAŞI ANKARA;(312) 4848800;http://www.meteosis.com;meteosis.com;ÇİB - Çelik İhracatçıları Birliği
ARMESAN ELEKTRİK SANAYİ VE TİCARET LİMİTED ŞİRKETİ;MİMSAN SAN.SİT. 1719 SOK. NO:1-3ORHANGAZİ MAH. ESENYURT İSTANBUL;(212) 6723011;www.armesan.com.tr;armesan.com.tr;ÇİB - Çelik İhracatçıları Birliği
FANUC TURKEY ENDÜSTRİYEL OTOMASYON TİCARET LİMİTED ŞİRKETİ;ŞERİFALİ MEVKİİ BARBAROS CAD. SÖYLEŞİ SOK. NO:23 B BLOK ÜMRANİYE İSTANBUL;(216) 6511408;www.fanuc.eu;fanuc.eu;ÇİB - Çelik İhracatçıları Birliği
GOKERPLAST PLASTIK SANAYİ VE TICARET LİMİTED ŞİRKETİ;FINDIKLI MAH. BAŞIBÜYÜKYOLU NO:133/8 MALTEPE İSTANBUL;(216) 3274056;www.acgok.com;acgok.com;ÇİB - Çelik İhracatçıları Birliği
MİZAN GLOBAL YAPI İNŞAAT SANAYİ TİCARET LİMİTED ŞİRKETİ;ORUÇREİS MH TEKSTİLKENT CD B14 BLOK 10 V NO:214 ESENLER İSTANBUL;(212) 6749911;www.mizanglobal.com;mizanglobal.com;ÇİB - Çelik İhracatçıları Birliği
BEŞEL MADENİ EŞYA SANAYİ VE DIŞ TİCARET LİMİTED ŞİRKETİ;DELİKLİKAYA MH DİRİLİŞ CD NO:15 D:1 ARNAVUTKÖY İSTANBUL;(212) 4514074;www.beselmadeni.com.tr;beselmadeni.com.tr;ÇİB - Çelik İhracatçıları Birliği
WALD İNŞAAT MİMARLIK DANIŞMANLIK İÇ VE DIŞ TİCARET ANONİM ŞİRKETİ;YAYLA MAHALLESİ PİRİNÇÇİ KÖYÜ YOLU BULVARI NO:66 SULTANGAZİ İSTANBUL;(212) 0000000;http://www.waldgrup.com;waldgrup.com;ÇİB - Çelik İhracatçıları Birliği
SOYTEKNİK ENDÜSTRİYEL MALZ. SAN.VE TİC.A.Ş.;EVLIYA CELEBI M. RAUF ORBAYC. G-47 S.NO:28 TUZLA İSTANBUL;02164461500;www.soyteknik.com.tr;soyteknik.com.tr;ÇİB - Çelik İhracatçıları Birliği
ENPİ ELEKTRONİK SANAYİ VE DIŞ TİCARET ANONİM ŞİRKETİ;MERVE MAH. AKABE CAD. NO:18/1 SANCAKTEPE İSTANBUL;(216) 4153499;www.enpielektronik.com;enpielektronik.com;ÇİB - Çelik İhracatçıları Birliği
PROSEL METAL TIC. LTD. STI.;HÜRRİYET MH DR CEMİL BENGÜ CD NO:45B KAĞITHANE İSTANBUL;(212) 2246157;www.proselmetal.com;proselmetal.com;ÇİB - Çelik İhracatçıları Birliği
UÇAR MİMARİ SİSTEMLER VE YAPI İNŞAAT SANAYİ TİCARET LİMİTED ŞİRKETİ;EKİNOBA MH ÇANAKKALE SK NO:5 /23 BÜYÜKÇEKMECE İSTANBUL;;www.venau.com.tr;venau.com.tr;ÇİB - Çelik İhracatçıları Birliği
KUZEY FİLTRE SANAYİ VE TİCARET LİMİTED ŞİRKETİ;ESKI LONDRA ASFALTI DAVUTPASAC.NO:5KAT:3 ESENLER İSTANBUL;02124820832;www.dagliteks.com;dagliteks.com;ÇİB - Çelik İhracatçıları Birliği
SACİT ZORLU METAL SANAYİ VE TİCARET ANONİM ŞİRKETİ;SACİT ZORLU METAL SAN. VE TİC. A.Ş. KÖŞKLÜÇEŞME MAH. YENİ BAĞDAT CAD. NO:130 GEBZE KOCAELİ;(262) 6414521;www.alutem.com.tr;alutem.com.tr;ÇİB - Çelik İhracatçıları Birliği
AYDER METAL PLASTİK KALIP VE MOBİLYA AKSESUARLARI SANAYİ TİCARET LİMİTED ŞİRKETİ;TOPÇULAR MH RAMİ KIŞLA CD GÜNDOĞAR 1 İŞ MERKEZİ NO:68/251 EYÜP İSTANBUL;(212) 5676768;www.ayderaksesuar.com;ayderaksesuar.com;ÇİB - Çelik İhracatçıları Birliği
İNSTA ENERJİ VE AYDINLATMA ÇÖZÜMLERİ LİMİTED ŞİRKETİ;HALİT RIFAT PAŞA MAH.YÜZER HAVUZ SK.PERPA TİCARET MERKEZİ A BLOK 1A 186 ŞİŞLİ İSTANBUL;(212) 2215712;www.instaltd.com;instaltd.com;ÇİB - Çelik İhracatçıları Birliği
MAB ÇELİK BORU SAN A.Ş;HÜRRİYET MAH. BURSA YALOVA YOLU CAD. NO:58 ORHANGAZİ BURSA;(224) 0000000;http://www.mabboru.com.tr;mabboru.com.tr;ÇİB - Çelik İhracatçıları Birliği
GENOTEK MİMARLIK MÜHENDİSLİK İNŞAAT TAAHHÜT VE TİCARET LİMİTED ŞİRKETİ;KÖRFEZ MAH. KARADUT SOK. HİKMET ERENKAYA SİTESİNO: 15 İÇ KAPI NO: 24 İZMİT-KOCAELİ İZMİT KOCAELİ;(262) 3354240;www.alfen-gendex.com.tr;alfen-gendex.com.tr;ÇİB - Çelik İhracatçıları Birliği
İSTAY ENDÜSTRİYEL PASLANMAZ MAKİNE SANAYİ VE TİCARET LİMİTED ŞİRKETİ;ESENKENT MAHALLESİ DES SANAYİ SİTESİ 112 SOKAK DAİRE:09 BLOK NO:3 ÜMRANİYE İSTANBUL;(216) 3138353;www.istay.com.tr;istay.com.tr;ÇİB - Çelik İhracatçıları Birliği
BATUHAN ÇELEN;İÇERENKÖY MAH. DEĞİRMEN YOLU CAD. KUTAY İŞ MERKEZİ B BLOK NO:18/9 ATAŞEHİR İSTANBUL;(212) 3378769;www.bbcsteeltech.com;bbcsteeltech.com;ÇİB - Çelik İhracatçıları Birliği
ROTAPLAST PLASTIK SANAYI VE TICARET A.S.;GEBZE PLAST.ORG.SAN.BÖLG. CUMHURIYET C.4049 ADA 5 PRS GEBZE KOCAELİ;02627514208;www.rotaplast.com;rotaplast.com;ÇİB - Çelik İhracatçıları Birliği
ROGI İNŞAAT AHŞAP MİMARLIK PROJE UYGULAMA LİMİTED ŞİRKETİ;FERHATPAŞA MAH. AKDENİZ CAD G-61 SOK. NO.6 ATAŞEHİR İSTANBUL;(216) 6613273;www.rogi.com.tr;rogi.com.tr;ÇİB - Çelik İhracatçıları Birliği
TÜMTES ELEKTRİK SANAYİ VE TİCARET LİMİTED ŞİRKETİ;ORG.SAN. BÖL. ATATÜRK BLV. SEFAKÖYSAN.SIT. 6. BLK. NO.14-24 BAŞAKŞEHİR İSTANBUL;(212) 6710155;www.tum-tes.com.tr;tum-tes.com.tr;ÇİB - Çelik İhracatçıları Birliği
ŞENEL PROJE HİZMETLERİ SANAİ VE TİCARET LİMİTED ŞİRKETİ;ZUHURATBABA MAHALLESİ YÜCE TARLA CADDESİ NO:10/1BALCI APT. BAKIRKÖY İSTANBUL;(212) 6609393;www.senelproje.com;senelproje.com;ÇİB - Çelik İhracatçıları Birliği
KORTEK KOROZYON TEKNOLOJİLERİ LTD. ŞTİ.;AHİ EVRAN OSB MAH AKHUN 8 SİNCAN ANKARA;(312) 4418420;www.kortek.com.tr;kortek.com.tr;ÇİB - Çelik İhracatçıları Birliği
URAL KOMPOZİT SAN.VE TİC.LTD.ŞTİ.;MERMERCİLER SIT.2.CADDE NO:15 BEYLİKDÜZÜ İSTANBUL;(212) 8751280;www.uralkompozit.com.tr;uralkompozit.com.tr;ÇİB - Çelik İhracatçıları Birliği
ÇAĞRI ELEKTRİK PROJE TAAHHUT TURİZM SANAYİ VE TİCARET ANONİM ŞİRKETİ;CUMHURIYET MAH. BEYLIKDÜZÜ BEYKENT SAN.SITESI NO.153/158 BÜYÜKÇEKMECE İSTANBUL;02128724543;www.cagrielektrik.com.tr;cagrielektrik.com.tr;ÇİB - Çelik İhracatçıları Birliği
PIEXPORT İNŞAAT PAZARLAMA İTHALAT İHRACAT SAN. VE TİC. LTD.ŞTİ;KEMANKEŞ KARAMUSTAFAPAŞA MAH. SEMT MANGIR SOK. SED KEMANKEŞ BEYOĞLU İSTANBUL;(212) 5735530;www.piexport.com;piexport.com;ÇİB - Çelik İhracatçıları Birliği
TOPÇULAR ENDÜSTRİYEL ÜRETİM VE YATIRIM A.Ş.;ABDURRAHMANGAZİ MAH. İMAMOĞLU SK. C BLOK NO: 6 SANCAKTEPE İSTANBUL;(850) 2228628;www.topcular.com.tr;topcular.com.tr;ÇİB - Çelik İhracatçıları Birliği
ERKA SİSTEM MÜHENDİSLİK OTOMASYON SANAYİ VE TİCARET LİMİTED ŞİRKETİ;DİKİLİTAŞ MAHALLESİ EMİRHAN CADDESİ NO:81-83 İÇ KAPI NO:22 BEŞİKTAŞ İSTANBUL PK:34349 BEŞİKTAŞ İSTANBUL;(212) 2368500;www.erkasis.com;erkasis.com;ÇİB - Çelik İhracatçıları Birliği
ERTA ELEKTROMEKANIK IMALAT SANAYI VE TICARET A.Ş.;AYAZAĞA MAHALLESİ CENDERE YOLU KEMERBURGAZ CADDESİ NO:59 AYAZAĞA ŞİŞLİ İSTANBUL;(212) 2890099;www.erta.com.tr;erta.com.tr;ÇİB - Çelik İhracatçıları Birliği
EFE İSKELE KALIP SİSTEMLERİ İNŞAAT SANAYİ VE TİCARET LİMİTED ŞİRKETİ;ANADOLU MAH.KİBAR SK. NO.5 TUZLA İSTANBUL;(216) 3041206;www.efeiskelekalip.com;efeiskelekalip.com;ÇİB - Çelik İhracatçıları Birliği
VESTAS RUZGAR ENERJISI SIST.SA N. VE TIC.LTD.STI.;DEGIRMEN SOK NIDA KULE NO 18 KAT 1B KADIKÖY İSTANBUL;02165698080;www.vestas.com;vestas.com;ÇİB - Çelik İhracatçıları Birliği
ZORLU ALÜMİNYUM ELOKSAL VE PASL.ÇELİK .İM.İNŞ.SAN.TİC.LTD.ŞTİ.;ORTA MH KINALI KAR SK NO:13/1 TUZLA İSTANBUL;(216) 3837111;www.zorlualuminyum.com.tr;zorlualuminyum.com.tr;ÇİB - Çelik İhracatçıları Birliği
MARINSU IZOLASYON SAN.VE TIC. LTD.STI.;POSTANE MH.RAUF ORBAY CD.SAĞLIK SK.DENIZ PARK VIL.NO:26 TUZLA İSTANBUL;02164466625;www.marinsu.com.tr;marinsu.com.tr;ÇİB - Çelik İhracatçıları Birliği
ARMTEK ELEKTRİK SAN. VE TİC. A. Ş.;100.YIL MAH.İZCİ SK. NO:24/2 GAZİOSMANPAŞA(GOP) ÇANKAYA ANKARA;(312) 8020444;www.armtek.com.tr;armtek.com.tr;ÇİB - Çelik İhracatçıları Birliği
AKTHERM DIŞ TİCARET SANAYİ LİMİTED ŞİRKETİ;ACIBADEM MAH.ÇEÇEN SOK.A BLOK NO:25 A İÇKAPI NO:150 ÜSKÜDAR İSTANBUL;;http://www.aktherm.com.tr;aktherm.com.tr;ÇİB - Çelik İhracatçıları Birliği
ALTİM ALÜMİNYUM YAPI ELEMEMANLARI DEKORASYON TİC. LTD. ŞTİ;HÜRRIYET MH.DR.CEMIL BENGÜ CD.NO.10 ZEMIN KAT KAĞITHANE İSTANBUL;02123436633;www.altimkupeste.com;altimkupeste.com;ÇİB - Çelik İhracatçıları Birliği
KAYALAR ENDÜSTRİYEL MUTFAK SANAYİ VE TİCARET ANONİM ŞİRKETİ;GÜMÜŞSUYU CD LİTROS YOLU SK NO:17-1 BAYRAMPAŞA İSTANBUL;(212) 6122611;www.kayalarmutfak.com;kayalarmutfak.com;ÇİB - Çelik İhracatçıları Birliği
NORMSAY OTOMOTİV METAL MAKİNE İMALAT SAN. VE TİC. A.Ş.;PELİTLİ KÖYÜ YENİ MEZARLIK YOLU NO:46 GEBZE İZMİT KOCAELİ;;www.normsay.com.tr;normsay.com.tr;ÇİB - Çelik İhracatçıları Birliği
GÜVEN ARSLAN;YENİ SANAYİ ÇARŞISI D-100 ÜZERİ NO.575 MERKEZ DÜZCE;(380) 5144751;http://www.arslanplazma.com;arslanplazma.com;ÇİB - Çelik İhracatçıları Birliği
ARAS METAL MAM.VE MAK.IML.SAN. VE TIC.LTD.STI.;SULTAN ORHAN MAH. KUÇUKSANAYİ BÖLG. 1175 SOKAK NO:7 GEBZE KOCAELİ;(262) 6421347;www.arasmetal.com.tr;arasmetal.com.tr;ÇİB - Çelik İhracatçıları Birliği
U.C.K. CELIK KAPI DEMIR DOGRAM INS.SAN.VE TIC.LTD.STI.;YIGITLER MAH.OTO SAN.SITESI33 BLOK. NO.1/19 YILDIRIM BURSA;02243461117;www.uludagkapi.com;uludagkapi.com;ÇİB - Çelik İhracatçıları Birliği
TUANA YENİLENEBİLİR ENERJİ MÜHENDİSLİK SANAYİ VE TİCARET ANONİM ŞİRKETİ;YUVAKÖY MAH. YUVA KÖYÜ KÜME EVLERİ NO: 406F İÇ KAPI NO: 5 YENİMAHALLE ANKARA;(312) 4589034;https://tuanaenerji.com/;tuanaenerji.com;ÇİB - Çelik İhracatçıları Birliği
ÜMİT METAL DEMİR ÇELİK İNŞ.MAK. MADENCİL.SAN.VE DIŞ TİC.A.Ş.;GEÇİT MH. 1. VEFA SK. NO: 30NO.425 OSMANGAZİ BURSA;(224) 2110606;http://www.umitmetal.com.tr;umitmetal.com.tr;ÇİB - Çelik İhracatçıları Birliği
GÖLGEYAP YAPI GRUP SAN. VE TİC. A.Ş.;DEMİRCİLER SİTESİ 7.YOL NO:39 ZEYTİNBURNU İSTANBUL;(212) 6643507;www.golgeyapigrup.com;golgeyapigrup.com;ÇİB - Çelik İhracatçıları Birliği
DNC GROUP YAPI İNŞAAT VE DIŞ TİCARET SAN.LTD.ŞTİ.;ÇATALMESE MAH. SARAY CAD. NO: 225B ÇEKMEKÖY İSTANBUL;(216) 7595054;www.dncgroup.net;dncgroup.net;ÇİB - Çelik İhracatçıları Birliği
RHEOCON YAPI MALZEMELERİ SANAYİ VE TİCARET ANONİM ŞİRKETİ;AYDINLI-KOSB MH.ORGANİK CAD. NO:32 AKFIRAT TUZLA İSTANBUL;(216) 7714145;http://rcmrheocon.com/;rcmrheocon.com;ÇİB - Çelik İhracatçıları Birliği
LIBART PROJE VE UYGULAMA SANAYI VE TICARET A.S.;MERMERCILER SITESI 2 CAD.NO:8/1 ODA NO.4 BEYLİKDÜZÜ İSTANBUL;(212) 8790265;www.libart.com;libart.com;ÇİB - Çelik İhracatçıları Birliği
SİDEMEKANİK METAL SANAYİ VE TİCARET LİMİTED ŞİRKETİ;POYRA OSB DİĞER 5. CAD. NO:3 BOZÜYÜK BİLECEK BOZÜYÜK BİLECİK;(228) 0000000;https://www.sidemekanik.com.tr;sidemekanik.com.tr;ÇİB - Çelik İhracatçıları Birliği
TİMO DEKORASYON AYDINLATMA İNŞAAT VE DIŞ TİCARET LİMİTED ŞİRKETİ;NURTEPE MH DİYAR SK NO:1-C KAĞITHANE İSTANBUL;(212) 3954258;www.timodekarasyon.com;timodekarasyon.com;ÇİB - Çelik İhracatçıları Birliği
MOYA KONSTRÜKSİYON VE MAK.SAN.TİC.LTD.ŞTİ.;DUDULLU OSB MH ŞAHCİHAN CD B1/A NO:4 ÜMRANİYE İSTANBUL;(216) 3145533;www.moyagrup.com;moyagrup.com;ÇİB - Çelik İhracatçıları Birliği
PROTEK YANGIN VE GÜVENLİK SİSTEMLERİ ANONİM ŞİRKETİ;GİRNE MAH. IRMAKLAR SOK. KÜÇÜKYALI İŞ MERKZ.B BLOK NO:72-5B/1 MALTEPE İSTANBUL;(212) 4894999;www.protek.gen.tr;protek.gen.tr;ÇİB - Çelik İhracatçıları Birliği
NORM İNOX METAL ENDÜSTRİ LAZER SANAYİ TİCARET LİMİTED ŞİRKETİ;İKİTELLİ OSB MAH. DERSAN SAN.SİT. TRIOS 2023 A BLOBLOK NO:57 BAŞAKŞEHİR İSTANBUL;(212) 8018191;http://www.norminox.com.tr;norminox.com.tr;ÇİB - Çelik İhracatçıları Birliği
NÜANS KAPI SİSTEMLERİ SANAYİ VE TİCARET LİMİTED ŞİRKETİ;YALI MAH. ZİYA GÖKALP CAD. NO:9/1 MALTEPE İSTANBUL;;www.nuanscelik.com;nuanscelik.com;ÇİB - Çelik İhracatçıları Birliği
SÜLEYMAN MANAV;BARIŞ MAH.B.O.S.B BİRLİK SAN.SİT.5.CAD 17BLOK BEYLİKDÜZÜ İSTANBUL;(212) 8769980;www.tarentorim.com;tarentorim.com;ÇİB - Çelik İhracatçıları Birliği
DKM İNŞAAT VE DANIŞMANLIK SANAYI VE TICARET ANONIM SIRKETI;BAĞDAT CAD. NO:538/5 CEVİZLİ MAH MALTEPE İSTANBUL;(216) 5082050;www.dkminsaat.com;dkminsaat.com;ÇİB - Çelik İhracatçıları Birliği
ENERJI INS.TRAFIK ELEK.SAN.VE TIC.LTD.STI.;ESKI USKUDAR YOLU CAD.NO:21 ÜMRANİYE İSTANBUL;02166116068;www.enerjiinsaat.com;enerjiinsaat.com;ÇİB - Çelik İhracatçıları Birliği
TR DOKSAN ŞEHİR MOBİLYALARI VE MATBAACILIK SAN. TİC. A.Ş.;BARBAROS BULVARI GÜVEN APT. NO:167/4 BEŞİKTAŞ İSTANBUL;(212) 2178790;www.tr90.com.tr;tr90.com.tr;ÇİB - Çelik İhracatçıları Birliği
A.T.M. AZIM TEKNIK METAL VE PLAS.MALZ.SAN.VE TIC.LTD.STI.;1202 SOK.NO.63/9 KONAK İZMİR;02324586276;www.azimteknik.com;azimteknik.com;ÇİB - Çelik İhracatçıları Birliği
GÖKHAN PASLANMAZ SANAYI TICARET LIMITED SIRKETI;SEYITNIZAM MAH. DEMIRCILER SITESI 1. CAD. NO: 66 ZEYTİNBURNU İSTANBUL;(212) 5106030;https://www.gokhanpaslanmaz.com/;gokhanpaslanmaz.com;ÇİB - Çelik İhracatçıları Birliği
KENNAMETAL KESİCİ TAKIMLAR SANAYİ VE TİC. A. Ş.;DES SANAYİ SİTESİ 110 SOKAK D-29 BLOK NO:45 34776 YUKARIDUDULLU ÜMRANİYE İSTANBUL;(216) 5740564;www.kennametal.com;kennametal.com;ÇİB - Çelik İhracatçıları Birliği
ERTC DIŞ TİCARET A.Ş.;İSTANBUL DERİ OSB MH, KADİFE CD NO :2 TUZLA İSTANBUL;(216) 5934783;www.rtc-tec.com;rtc-tec.com;ÇİB - Çelik İhracatçıları Birliği
TELEKOM MÜHENDİSLİK SAN.VE TİC LTD.ŞTİ.;GRESAN PLAZA NO.1/11 SERDAR SOK. ATAŞEHİR İSTANBUL;;www.telekomeng.com.tr;telekomeng.com.tr;ÇİB - Çelik İhracatçıları Birliği
AKKİM KİMYA SAN. VE TİC. AŞ;MİRALAY ŞEFİK BEY SOKAK, AKHAN, NO:15GÜMÜŞSUYU BEŞİKTAŞ İSTANBUL;(212) 3817100;www.akkim.com.tr;akkim.com.tr;ÇİB - Çelik İhracatçıları Birliği
PAREV DIS TIC.LTD.STI.;AKSARAY MAH. NAMIK KEMAL CAD.NO.9/Z9 FATİH İSTANBUL;(212) 5178981;www.parev.com.tr;parev.com.tr;ÇİB - Çelik İhracatçıları Birliği
BARIŞ YÜCESOY BARSOY MUTFAK;MALTEPE MAHALLESİ GÜMÜŞSUYU CAD. TOPKAPI CENTER SİT. NO: 28/186 ZEYTİNBURNU İSTANBUL;(212) 5909021;www.barsoymutfak.com.tr;barsoymutfak.com.tr;ÇİB - Çelik İhracatçıları Birliği
TENSAFORM MEMBRAN YAPILAR SANAYİ TİCARET ANONİM ŞİRKETİ;ŞERİFALİ MAHALLESİ HENDEM CADDESİ NO:61 ÜMRANİYE İSTANBUL;(216) 5933940;www.tensaform.com;tensaform.com;ÇİB - Çelik İhracatçıları Birliği
SAVERA EVA ASANSÖR SANAYİ VE TİCARET ANONİM ŞİRKETİ;AYDINLAR MAH. GENÇLİK CAD. NO.52 / A AYDINLAR 34800 ÇEKMEKÖY, İSTANBUL, TÜRKİYE ÇEKMEKÖY İSTANBUL;(216) 4660033;www.evatek.com.tr;evatek.com.tr;ÇİB - Çelik İhracatçıları Birliği
İHLAS EV ALETLERİ İMALAT SANAYİ VE TİCARET ANONİM ŞİRKETİ;MERMERCILER SANAYI SIT. 7. CAD. NO.14 BEYLİKDÜZÜ İSTANBUL;(212) 8753562;www.iea.com.tr;iea.com.tr;ÇİB - Çelik İhracatçıları Birliği
MASMARİN MÜHENDİSLİK SAN.VE TİC.LTD.ŞTİ.;EVLİYA ÇELEBİ MAH.RAUF ORBAY CAD.AYABAKAN SOK.NO:9/A TUZLA İSTANBUL;(216) 7011023;www.masmarin.com.tr;masmarin.com.tr;ÇİB - Çelik İhracatçıları Birliği
RAF GRUP DEPO VE ARŞİV RAF SİSTEMLERİ SAN TİC.LTD.ŞTİ;İSTANBUL DERİ OSB MAH. YAN SANAYİ CD. YA-7 PARSEL NO:9 TUZLA İSTANBUL;(216) 3948086;www.rafgrup.com;rafgrup.com;ÇİB - Çelik İhracatçıları Birliği
MIHLA İNŞAAT MALZ SAN VE TİC LTD ŞTİ;CAFERAĞA MAH. MÜHÜRDAR CAD KAPTAN İŞ MERK 48/25 PK:34710 KARTAL İSTANBUL;(216) 4148734;www.mihlaglobal.com;mihlaglobal.com;ÇİB - Çelik İhracatçıları Birliği
KURTSAN PAZARLAMA İÇ VE DIŞ TİCARET LİMİTED ŞİRKETİ;SELAHADDİN EYYUBİ MAH. 1596 SK. NO:26 2. EVRENSANAYİ YANI ESENYURT İSTANBUL;(212) 5358999;www.kurtsantarim.com;kurtsantarim.com;ÇİB - Çelik İhracatçıları Birliği
AS CİVATA SAN. VE TİC. A.Ş.;ŞEYHLİ MAH. HIZIR REİS CAD. NO:2/1-1 PENDİK İSTANBUL;(216) 3781123;www.ascivata.com;ascivata.com;ÇİB - Çelik İhracatçıları Birliği
EPTA ESKİŞEHİR METAL VE KABLO SANAYİ VE TİCARET LİMİTED ŞİRKETİ;75. YIL OSB MAH. 2002 CAD. NO:3 ODUNPAZARI ESKİŞEHİR;(222) 2362233;www.epta.com.tr;epta.com.tr;ÇİB - Çelik İhracatçıları Birliği
MURAT FURAT;MURATPAŞA MH SİTELER CD NO:9/1 SARI DÖKÜMCÜLER SİTESİ BAYRAMPAŞA İSTANBUL;(212) 5816219;www.furathediyelik.com;furathediyelik.com;ÇİB - Çelik İhracatçıları Birliği
CUT LASER SYSTEM MÜHENDİSLİK SANAYİ VE TİCARET LİMİTED ŞİRKETİ;ÜÇEVLER MH 36 (220) SK KÜÇÜK SANAYİ SİT NO:53/1 OSMANGAZİ BURSA;(224) 2473033;www.cutlasersystem.com;cutlasersystem.com;ÇİB - Çelik İhracatçıları Birliği
SANCAK CİVATA VE HIRDAVAT SANAYİ TİCARET LİMİTED ŞİRKETİ;MESCİT MAH. DEMOKRASİ CAD. BIRMES SANAYI SITESI A7BLOK NO: 3 AB İÇ KAPI NO: 3 TUZLA İSTANBUL;(216) 3985415;https://www.sancakcivata.com.tr/;sancakcivata.com.tr;ÇİB - Çelik İhracatçıları Birliği
ERKAN DEPO VE MARKET RAF SİSTEMLERİ DIŞ TICARET ANONIM ŞİRKETİ;CUMHURİYET MAH. İSMET İNÖNÜ CAD. NO: 24 ÇAYIROVA KOCAELİ;(262) 6581254;www.erkanraf.com;erkanraf.com;ÇİB - Çelik İhracatçıları Birliği
BİLGE İNOKS SANAYİ VE TİCARET ANONİM ŞİRKETİ;TOPÇULAR MAH. FERHATPAŞA CADDESİ NO:4D EYÜP İSTANBUL;4447740;www.bilgeinox.com.tr;bilgeinox.com.tr;ÇİB - Çelik İhracatçıları Birliği
DENİZPEN PLASTİK SANAYİ VE TİCARET LİMİTED ŞİRKETİ;ESKİ EDİRNE YOLU SELANİK CAD. NO:35 KAVAKLI SİLİVRİ İSTANBUL;(212) 7238624;www.polipen.com;polipen.com;ÇİB - Çelik İhracatçıları Birliği
MARİTİME DENİZ İNŞAAT ANONİM ŞİRKETİ;BARBAROS MAH. FESLEĞEN SK. B2 BLOK NO: 3 A İÇ KAPI NO: 40 ÜSKÜDAR İSTANBUL;;https://maritimemuhendislik.com;maritimemuhendislik.com;ÇİB - Çelik İhracatçıları Birliği
GLOBAL GAZLI AMORT.PAZ.VE DIS TIC.LTD.STI.;VELİKÖY ORGANİZE SANAYİ BÖLGESİ MAHALLESİ 6. CADDE NO:13/1 ÇERKEZKÖY TEKİRDAĞ;(282) 7461350;www.ggstr.com;ggstr.com;ÇİB - Çelik İhracatçıları Birliği
POLİTEK POLİETİLEN PLASTİK VE İNŞAAT SANAYİ TİCARET LİMİTED ŞİRKETİ;RAMAZANOĞLU MAH.ENSAR CAD. NO:6 / 1 PENDİK İSTANBUL;02163966509;www.politek.net;politek.net;ÇİB - Çelik İhracatçıları Birliği
ALTINOVA TEKNİK MARKET SANAYİ VE TİCARET LİMİTED ŞİRKETİ;HÜRRİYET MAH. DEVLET YOLU ÜZERİ CAD. NO:12/7 ALTINOVA YALOVA;(226) 4613525;www.altinovateknik.com.tr;altinovateknik.com.tr;ÇİB - Çelik İhracatçıları Birliği
ÖZARTAŞ AVİZE SANAYİ İHRACAT VE TİCARET ANONİM ŞİRKETİ;FATİH SULTAN CADDESİ ÇİFTÇİLER SKN:8/10 ŞİŞLİ İSTANBUL;(212) 2387306;www.ozartas.net;ozartas.net;ÇİB - Çelik İhracatçıları Birliği
LINDAL TURKEY PAKETLEME LİMİTED ŞİRKETİ;MAKİNE İHTİSAS ORGANİZE SANAYİ BÖLG.ÇERKEŞLİ OSB MAH.İMES 6.CAD.NO:7 DİLOVASI KOCAELİ;(262) 2908000;www.lindalgroup.com;lindalgroup.com;ÇİB - Çelik İhracatçıları Birliği
GENÇLER TEL ÜRETİM PAZARLAMA TİCARET LİMİTED ŞİRKETİ;ÇENGELDERE MH UFUK CD NO:11/3 BEYKOZ İSTANBUL;(216) 4290008;www.genclertel.com.tr;genclertel.com.tr;ÇİB - Çelik İhracatçıları Birliği
ARDASYA İÇ VE DIŞ TİC. VE BİLG. HİZM. LTD. ŞTİ;POSTANE MAH.MANASTIR YOLU CAD.KEREM SOK.NO:8/1 TUZLA İSTANBUL;(216) 4471344;www.ardasya.com.tr;ardasya.com.tr;ÇİB - Çelik İhracatçıları Birliği
KUASAR KUYUMCULUK YAPI VE SANAYİ TİCARET LİMİTED ŞİRKETİ;KUYUMCULAR SOK.NO:4 VİZYONPARK MERKEZ PLAZA C1 BLOK K:2 İÇ KAPI NO:225 YENİBOSNA MERKEZ 34180 BAHÇEL BAHÇELİEVLER İSTANBUL;(212) 5220608;www.kurshuni.com.tr;kurshuni.com.tr;ÇİB - Çelik İhracatçıları Birliği
HALİL HANOĞLU - RPS MAKİNA;NİLÜFER ORGANİZE SANAYİ BÖLGESİ IHLAMUR CAD. NO.8B NİLÜFER BURSA;(224) 3513817;www.rollformprofile.com;rollformprofile.com;ÇİB - Çelik İhracatçıları Birliği
TEMPO ZİNCİR VE METAL İTHALAT İHRACAT SANAYİ TİCARET LİMİTED ŞİRKETİ;YİĞİTLER MH C7. SK. OTOSANSİT SAN. SİT.NO:22-24-26-28 YILDIRIM BURSA;(224) 4436461;http://www.tempozincir.com;tempozincir.com;ÇİB - Çelik İhracatçıları Birliği
M.T REKLAM ANONİM ŞİRKETİ;SELİN SOK. CUMHURİYET MAH.NO:1 GEBZE KOCAELİ;02626588880;www.mtdisplays.com.tr;mtdisplays.com.tr;ÇİB - Çelik İhracatçıları Birliği
EXAVOLT ENERJİ VE MÜHENDİSLİK ANONİM ŞİRKETİ;İKİTELLİ OSB MAHALLESİ SEFAKÖY 4.BLOK SOK.SEFAKÖY SAN SİTESİ 4. BLOK NO:23 BAŞAKŞEHİR İSTANBUL;(212) 0000000;http://www.exavoltenergy.com;exavoltenergy.com;ÇİB - Çelik İhracatçıları Birliği
ONKA ELEKTRONİK PAZARLAMA DIŞ TİCARET ANONİM ŞİRKETİ;BOSTANCI YOLU CAD. KEYAP ÇARŞISI E-1 BLOK NO:77 K:3 YUKARIDUDULLU ÜMRANİYE İSTANBUL;(216) 5409448;www.onka.com.tr;onka.com.tr;ÇİB - Çelik İhracatçıları Birliği
JUNO KAPI SİSTEMLERİ SAN. VE TİC. LTD. ŞTİ.;İKİTELLİ ORGANİZE SANAYİ BÖLGESİ MAH. ATATÜRK BULVARI NO:100 DAİRE:1 BAŞAKŞEHİR İSTANBUL;(212) 4860666;www.juno.com.tr;juno.com.tr;ÇİB - Çelik İhracatçıları Birliği
GASOLVE PETROL VE GAZ TEKNOLOJİLERİ İTHALAT İHRACAT SANAYİ LİMİTED ŞİRKETİ;İÇEREN KÖY MAHALLESİ TOPÇU İBRAHİM SOKAKQUİCK TOWER NO:8-10D ATAŞEHİR İSTANBUL;(216) 0000000;www.gasolve.com;gasolve.com;ÇİB - Çelik İhracatçıları Birliği
ATÖLYE AKC PROJE METAL İNŞAAT SANAYİ E TİCARET LİMİTED ŞİRKETİ;HÜRRİYET MAH. EĞİTİM SOK. NO: 8 İÇ KAPI NO: 1 KAĞITHANE İSTANBUL;(212) 2522250;www.akcproje.com.tr;akcproje.com.tr;ÇİB - Çelik İhracatçıları Birliği
FERHAT ARAS;F.S.MEHMET SAN.SİT.C-3 BLOK NO:26/27 ÜMRANİYE İSTANBUL;(216) 6342413;www.muratplastic.com;muratplastic.com;ÇİB - Çelik İhracatçıları Birliği
ARI TESİSAT MÜHENDİSLİK PROJE İNŞAAT SANAYİ VE TİCARET LİMİTED ŞİRKETİ;RAMAZANOĞLU MAH.YETKİN SOK.NO: 5/ 3 PENDİK İSTANBUL;(216) 3789048;http://www.aritesisat.net;aritesisat.net;ÇİB - Çelik İhracatçıları Birliği
AREKS ALÜMİNYUM SAN. VE TİC. LTD. ŞTİ.;ESENLER MAH. NAİM SÜLEYMANOĞLU CD. NO:15 PENDİK İSTANBUL;(216) 3392903;www.areksaluminyum.com.tr;areksaluminyum.com.tr;ÇİB - Çelik İhracatçıları Birliği
HAYAT KİMYA SAN. AŞ;ALTUNİZADE MAH. MAHIR IZ CAD. NO:25 ÜSKÜDAR İSTANBUL;02165544000;www.hayat.com.tr;hayat.com.tr;ÇİB - Çelik İhracatçıları Birliği
UET URAN ENDÜSTRİ TESİSLERİ İNŞAAT VE TİCARET A.Ş.;MUTLUKENT MAH. 1942 CAD. NO:47 06400 ÇANKAYA ANKARA;(312) 2356970;www.uet.com.tr;uet.com.tr;ÇİB - Çelik İhracatçıları Birliği
KALIP-SAN KALIP PRES VE MADENİ EŞYA SANAYİİ VE TİCARETİ ANONİM ŞİRKETİ;MALTEPE MAH AİLE BAHÇESİ LİTROS YOLU SOK KALIPSAN NO.9/1 ZEYTİNBURNU İSTANBUL;(212) 5440274;www.kalip-san.com;kalip-san.com;ÇİB - Çelik İhracatçıları Birliği
MERS YAPI MALZEMELERİ SANAYİ VE TİCARET ANONİM ŞİRKETİ;BARBAROS MH DEREBOYU CD.IHLAMUR SK 12L UPHİLL COURT TOWERS A BLOK D:129 ATAŞEHİR İSTANBUL;(216) 6881096;www.tgpsystems.com;tgpsystems.com;ÇİB - Çelik İhracatçıları Birliği
FRONT TRADE METAL SANAYİ LİMİTED ŞİRKETİ;BARBAROS HAYRETTİN PAŞA MH 1995 SK AKROS İSTANBUL BİNA NO:1-3 D:445 ESENYURT İSTANBUL;(212) 0000000;www.frontmetal.com.tr;frontmetal.com.tr;ÇİB - Çelik İhracatçıları Birliği
SERVO METAL MEKANİK SANAYİ DIŞ TİC.LTD.ŞTİ;MALTEPE MH 330 SK NO:1 ZEYTİNBURNU İSTANBUL;(212) 5108857;https://www.servometal.com.tr;servometal.com.tr;ÇİB - Çelik İhracatçıları Birliği
VEGA ÇÖP KONTEYNER İMALAT SANAYİ TİCARET LİMİTED ŞİRKETİ;İSTİKLAL MAH. 2663. SK. NO: 3 /1 ESENYURT İSTANBUL;(212) 8869410;https://vegacopkonteyner.com/;vegacopkonteyner.com;ÇİB - Çelik İhracatçıları Birliği
GÜVEN ER KALIP İMALAT SANAYİ VE TİCARET LİMİTED ŞİRKETİ;RAMİ KIŞLA CD TOPÇULAR İS MERKEZİ SİTE NO:70 KAPI NO:2 EYÜP İSTANBUL;(212) 6671614;www.guvenerkalip.com.tr;guvenerkalip.com.tr;ÇİB - Çelik İhracatçıları Birliği
ÖZYANGINCI YAPI MALZ.İNŞ.TES.SAN.VE TİC.A.Ş;ABDURRAHMAN GAZİ MH GÜLERYÜZ CD NO:29 SANCAKTEPE İSTANBUL;(216) 3351160;www.ozyanginci.com.tr;ozyanginci.com.tr;ÇİB - Çelik İhracatçıları Birliği
ENDOKS ENERJİ ANONİM ŞİRKETİ;İNÖNÜ MAH. 1748. SOKAK NO:1 BATIKENT YENİMAHALLE ANKARA;(312) 2560086;www.endoks.com.tr;endoks.com.tr;ÇİB - Çelik İhracatçıları Birliği
MARMARA MAKINA KALIP MUHENDISL MUMESSILLIK SAN.TIC.A.S.;SEMIZKUMLAR MEVKII NO:124 SİLİVRİ İSTANBUL;02127113729;www.marmaramakina.com;marmaramakina.com;ÇİB - Çelik İhracatçıları Birliği
GÜRANLAR İNŞAAT MALZEMELERİ TİCARET LİMİTED ŞİRKETİ;DEMIRCILER SIT.2 CADDE NO.79 ZEYTİNBURNU İSTANBUL;(212) 6791954;www.guranlar.com;guranlar.com;ÇİB - Çelik İhracatçıları Birliği
INTEGRAL ENDÜSTRİ TEKNİK MÜHENDİSLİK İNŞ. SAN. VE TİC. LTD. ŞTİ.;SAĞLIK MAH.E5 ÜZERİ STAD SOK. NO:2 ÇORLU TEKİRDAĞ;(282) 6867730;www.integralendustri.com;integralendustri.com;ÇİB - Çelik İhracatçıları Birliği
SOLMAZER MAKİNE SAN.TİC.LTD.ŞTİ.;SANAYİ MH.D-130 KARAYOLU CD.NO:211 İZMİT KOCAELİ;(262) 3355417;http://www.solmazermakine.com;solmazermakine.com;ÇİB - Çelik İhracatçıları Birliği
ANATOLİA TANI VE BİYOTEKNOLOJİ ÜRÜNLERİ AR-GE SAN.VE TİC.A.Ş.;HASANPAŞA MAH. BEYDAĞI SOK. NO:1-9H SULTANBEYLİ İSTANBUL;(216) 3300455;www.anatoliageneworks.com;anatoliageneworks.com;ÇİB - Çelik İhracatçıları Birliği
BY SUR LOJİSTİK VE OTOMATİK KAPI ANONİM ŞİRKETİ;FERHATPAŞA MAH. 9. SK. NO:29/A ATAŞEHİR İSTANBUL;(216) 0000000;https://surotomatikkapi.com;surotomatikkapi.com;ÇİB - Çelik İhracatçıları Birliği
GÜNSU ENERJİ SİST.KONFOR TESİS. SAN. TİC.A.Ş.;ANTALYA ORGANİZE SAN. BÖL. 1. KISIM ATATÜRK BUL. NO:25 DÖŞEMEALTI ANTALYA;(242) 2581140;www.gunsu.com.tr;gunsu.com.tr;ÇİB - Çelik İhracatçıları Birliği
NEDEX KİMYA SAN. VE TİC. A.Ş.;TATLISU MAH. ARACI SOK. NO.8 KAT: 1-2-3-4 34760 34760 ÜMRANİYE İSTANBUL;(216) 4880155;www.nedexgroup.com.tr;nedexgroup.com.tr;ÇİB - Çelik İhracatçıları Birliği
ARIKAN DIŞ TİCARET LİMİTED ŞİRKETİ;BEYLİKDÜZÜ OSB MH MERMERCİLER SAN SİT 4 CD NO12 NAKİPOĞLU İS MERKEZİ BEYLİKDÜZÜ İSTANBUL;(212) 8768120;www.tractorpartsturkey.com;tractorpartsturkey.com;ÇİB - Çelik İhracatçıları Birliği
SISTEM ALUMINYUM PAZ.TIC.LTD.S TI.;HÜRRİYET MH DR CEMİL BENGÜ CD NO:17 KAĞITHANE İSTANBUL;(212) 2241190;www.sistemaluminyumpazarlama.com;sistemaluminyumpazarlama.com;ÇİB - Çelik İhracatçıları Birliği
ASTAŞ ENDÜSTRİ TEKSTİL MAKİNLARI SAN. TİC. AŞ;KOCMAN CAD.NO.57 GÜNEŞLİ BAĞCILAR İSTANBUL;02126308900;www.astasjuki.net;astasjuki.net;ÇİB - Çelik İhracatçıları Birliği
FENIX TRADE ALUMİNYUM METAL KİMYA SANAYİ VE TİCARET LİMİTED ŞİRKETİ;ORTA MAH.TEVFIK FIKRET SK.NO:5 IC KAPI NO:2 TUZLA İSTANBUL;;www.fenixtrades.com;fenixtrades.com;ÇİB - Çelik İhracatçıları Birliği
BİLGİLİ SPOR YAPI KURULUM TAAHHÜT TİCARET LİMİTED ŞİRKETİ;ACIBADEM MAH.GAYRETLİ SK. EKŞIOĞLU APT BLOK NO:14/7 ÜSKÜDAR İSTANBUL;(216) 6508334;http://www.bilgiliinsaat.com;bilgiliinsaat.com;ÇİB - Çelik İhracatçıları Birliği
PROMSİS MAKİNE VE MONTAJ SİSTEMLERİ SAN. VE TİC. LTD. ŞTİ.;PERPA TİC. MERKZ. B BLOK K:8 NO:983 OKMEYDANI ŞİŞLİ İSTANBUL;(212) 2211570;www.promsis.com.tr;promsis.com.tr;ÇİB - Çelik İhracatçıları Birliği
CENTA DIŞ TİCARET ASANSÖR VE İNSAAT SANAYİ ANONİM ŞİRKETİ;FERHATPAŞA MAH. 19 SOKAK NO:16/2 ATAŞEHİR İSTANBUL;02164665757;www.centa.com.tr;centa.com.tr;ÇİB - Çelik İhracatçıları Birliği
HAKSEL BÜRO MOBİLYALARI SANAYİ VE TİCARET ANONİM ŞİRKETİ;ATATÜRK SAN BÖLGESİ GENERAL MUSTAFA ÖZYANAR CD NO:16/1A ARNAVUTKÖY İSTANBUL;(212) 7713909;www.haksel.com;haksel.com;ÇİB - Çelik İhracatçıları Birliği
MARLA TURIZM INSAAT TEKSTIL SAN.VE TIC.A.S.;RAMI ULUYOL SITELER C.NO.6/A BAYRAMPAŞA İSTANBUL;02125457980;www.elektromarla.com;elektromarla.com;ÇİB - Çelik İhracatçıları Birliği
ÖZDEMİR HIRDAVAT SANAYİ VE TİCARET LİMİTED ŞİRKETİ;İKİTELLİ OSB MH DERSAN B BLOK NO:1/178 BAŞAKŞEHİR İSTANBUL;(212) 3212873;www.pole.com.tr;pole.com.tr;ÇİB - Çelik İhracatçıları Birliği
KURSAN CİVATA VE MAKİNA İNŞAAT GIDA SANAYİ VE TİCARET LİMİTED ŞİRKETİ;İKİTELLİ OSB MH METAL İŞ SAN SİT 15 BLOK NO:14-16-18 BAŞAKŞEHİR İSTANBUL;(212) 6716017;www.kursancivata.com;kursancivata.com;ÇİB - Çelik İhracatçıları Birliği
İMZA OTOMATİK KAPI SİSTEMLERİ YAPI ELEMANLARI İNŞAAT ORMAN ÜRÜNLERİ SANAYİ VE TİCARET LTD.ŞTİ.;YENİ KARAMAN MH. SANAYİ CAD. NO:72/1 OSMANGAZİ BURSA;(224) 2461133;http://www.imzagrup.com.tr;imzagrup.com.tr;ÇİB - Çelik İhracatçıları Birliği
ECS PANO KONTROL SİSTEMLERİ SAN. VE TİC. LTD. ŞTİ.;İKİTELLİ OSB MUTFAK SAN. SİT. M10 BLK NO.46-56 BAŞAKŞEHİR İSTANBUL;(212) 5286528;www.dinamikgroup.net;dinamikgroup.net;ÇİB - Çelik İhracatçıları Birliği
HAZORFİM DIŞ TİCARET LTD. ŞTİ.;YENİDOĞAN MAH. ERCİYES SOK. ERCİYES SAN.SİT. NO.5/H İÇ KAPI NO:67 BAYRAMPAŞA İSTANBUL;(212) 6743397;www.hazorfim.com.tr;hazorfim.com.tr;ÇİB - Çelik İhracatçıları Birliği
EUROMİKS YAPI MALZEMELERİ İTHALAT İHRACAT TİCARET VE SANAYİ LTD. ŞTİ.;İSTOÇ MAHMUTBEY MAH. 2432 SK.15 ADA NO:9-11 BAĞCILAR İSTANBUL;(212) 6592037;euro-miks.com.tr;euro-miks.com.tr;ÇİB - Çelik İhracatçıları Birliği
SOY CİVATA VE ENDÜSTRİ MALZEMELERİ SAN. TİC. LTD. ŞTİ.;PERŞEMBE PAZARI CAD. MAHKEME SOK.TİCARET HAN NO:26/6-7-9/A BEYOĞLU İSTANBUL;(212) 2355633;www.soycivata.com;soycivata.com;ÇİB - Çelik İhracatçıları Birliği
GÜRALSAN MÜHENDİSLİK VE İNŞAAT SAN. TİC. LTD. ŞTİ.;YEŞİLKÖY MH ESG BUSİNESS B3 BLOK KAT:3 NO:12/148 YEŞİLKÖY BAKIRKÖY İSTANBUL;;www.guralinsaat.com.tr;guralinsaat.com.tr;ÇİB - Çelik İhracatçıları Birliği
CEV-AR MUH.ARITIM TEKNOLOJISI INS.INS.PEYZAJ SAN.TIC.LTD.STI;IKITELLI ORG.SAN.BOL.ÇEVRE SAN.SIT.5.BLOK NO.31 KÜÇÜKÇEKMECE İSTANBUL;(212) 4855563;www.cev-ar.com;cev-ar.com;ÇİB - Çelik İhracatçıları Birliği
SOLECHEM KİMYA ANONİM ŞİRKETİ;BARBAROS MAH. AK ZAMBAK SOK. NO: 3-A UPHILL TOWERS SİT. 1-B APT D:63 BARBAROS MAH 34758 ATAŞEHİR, İS ATAŞEHİR İSTANBUL;(216) 5105616;www.solechem.com;solechem.com;ÇİB - Çelik İhracatçıları Birliği
ULUS METAL SANAYİ VE TİCARET A.Ş.;GEBZE OSB2 MAH.1000. CD.NO.1039/1 ÇAYIROVA KOCAELİ;(262) 6771021;www.ulusmetal.com.tr;ulusmetal.com.tr;ÇİB - Çelik İhracatçıları Birliği
SAREM MAKİNA SANAYİ VE TİCARET LİMİTED ŞİRKETİ;AKÇABURGAZ MAH. 3108 SOKAK NO:12 ESENYURT İSTANBUL;(212) 6713566;www.sarem.com.tr;sarem.com.tr;ÇİB - Çelik İhracatçıları Birliği
HEIDELBERG GRAFİK TİC.SERV.LTD ŞTİ;YALCIN KORES CAD. NO.2222 ERDINCBINALARI A BL.1.KULE 4.KAT GÜNEŞLİ BAĞCILAR İSTANBUL;(212) 4103700;www.heidelberg.com.tr;heidelberg.com.tr;ÇİB - Çelik İhracatçıları Birliği
ERDE MAKINA IMALAT SAN.VE TIC.A.S.;KUMTEPE MEVKII NO:123 BALÇIK KÖYÜ GEBZE KOCAELİ;02627510473;http://www.erdemakine.com.tr;erdemakine.com.tr;ÇİB - Çelik İhracatçıları Birliği
SARNİKON METAL VE ELEKTRONİK ANONİM ŞİRKETİ;İBNİ SİNA CADDESİ, NO:22 EYÜPSULTAN SANCAKTEPE İSTANBUL;(212) 5937171;www.sarnikon.com;sarnikon.com;ÇİB - Çelik İhracatçıları Birliği
BATU KİLİT ANONİM ŞİRKETİ;TOPÇULAR MAH İŞGÖREN SK NO:11/1 EYÜP İSTANBUL;(212) 5760707;www.batukikit.com;batukikit.com;ÇİB - Çelik İhracatçıları Birliği
ORSEL TESISAT ARMATURLERI SAN. VE TIC.LTD.STI.;TOPCULAR MAH.TOPCU CESMESISOK.NO:7 EYÜP İSTANBUL;02126129100;www.orsel.com.tr;orsel.com.tr;ÇİB - Çelik İhracatçıları Birliği
PRİMO TEKNİK ISI VE SU SİSTEMLERİ SANAYİ TİCARET A.Ş.;SELAHADDİN EYYUBİ MAH. 1632 SK. NO:34/1 34517 ESENYURT İSTANBUL;(212) 6728086;www.primoteknik.com;primoteknik.com;ÇİB - Çelik İhracatçıları Birliği
PROTELSAN KONVEYÖR VE TEL BANT SANAYİ TİCARET A.Ş.;MERVE MAHALLESİ ATATÜRK CAD. 326 B SANCAKTEPE İSTANBUL;(216) 2060248;www.protelsan.com;protelsan.com;ÇİB - Çelik İhracatçıları Birliği
DENGE ENDÜSTRİYEL MUTFAK SOĞUTMA SANAYİ VE DIŞ TİCARET LİMİTED ŞİRKETİ;PİYALEPAŞA MH. HOŞGÖR SOK.NO.15. BEYOĞLU İSTANBUL;(212) 2370918;www.dengemutfak.com;dengemutfak.com;ÇİB - Çelik İhracatçıları Birliği
AKRA KALIP METAL SANAYİ TİCARET LİMİTED ŞİRKETİ;ORHANGAZİ MH MİM SAN SAN SİT 1730 SK NO:67 ESENYURT İSTANBUL;;www.akrakalip.com;akrakalip.com;ÇİB - Çelik İhracatçıları Birliği
RSM ELEKTRİK TİCARET LİMİTED ŞİRKETİ;İKİTELLİ OSB MH METAL-İŞ SAN SİT 7 BLOK SOKAK NO:24 BAŞAKŞEHİR İSTANBUL;(212) 8010040;www.rsm.com.tr;rsm.com.tr;ÇİB - Çelik İhracatçıları Birliği
ALUAKS ALÜMİNYUM SAN.VE TİC.LTD.ŞTİ.;FERHATPAŞA MAH 45.SK NO:12 FERHATPAŞA ATAŞEHİR İSTANBUL;(216) 4719010;www.aluaks.com;aluaks.com;ÇİB - Çelik İhracatçıları Birliği
İNDEKS SERAMİK SANAYİ VE TİCARET LİMİTED ŞİRKETİ;FİRÜZKÖY MAH. FİRÜZKÖY BULVARI BLV. 116 A AVCILAR İSTANBUL;(212) 4280015;www.indexbm.com;indexbm.com;ÇİB - Çelik İhracatçıları Birliği
ARMA BAĞLANTI SİSTEMLERİ SANAYİ VE TİCARET A.Ş.;ÖMERLİ MH ADNAN KAHVECİ CD NO:34/1 HADIMKÖY(BOYALIK) ARNAVUTKÖY İSTANBUL;(212) 5495731;www.armafixing.com;armafixing.com;ÇİB - Çelik İhracatçıları Birliği
ÇELİK METAL A.Ş.;AKÇABURGAZ MAH.3026.SOK. NO:2311/4 ESENYURT İSTANBUL;;www.celikmetal.com.tr;celikmetal.com.tr;ÇİB - Çelik İhracatçıları Birliği
UNDO YAPI SİSTEMLERİ SANAYİ VE TİCARET LİMİTED ŞİRKETİ;ŞİRİNTEPE MH GÜMÜŞHANE CD ARMAĞAN SK NO:18B KAĞITHANE İSTANBUL;(212) 2707917;www.undoyapi.com;undoyapi.com;ÇİB - Çelik İhracatçıları Birliği
ROOFİX YAPI MONTAJ ELEMANLARI SANAYİ VE DIŞ TİCARET ANONİM ŞİRKETİ;MİMAR SİNAN MAHALLESİ.GÜNEY YANYOL CADDESİ. NO: 32 GEBZE KOCAELİ;(262) 6542012;http://www.roofix.com.tr;roofix.com.tr;ÇİB - Çelik İhracatçıları Birliği
HANIM AKSOY;YALI MAH. GÜLBEYAZ SOK. NO:31B/O KARTAL İSTANBUL;;www.cinaraluminyumcephe.com;cinaraluminyumcephe.com;ÇİB - Çelik İhracatçıları Birliği
PROOF ENERJİ SANAYİ VE TİCARET A.Ş.;MANSUROĞLU MAH. 295/2 SOKAK EGE SUN PLAZA NO:1/1 İÇ KAPI NO:18 BAYRAKLI İZMİR;(232) 3280000;http://www.proofenerji.com;proofenerji.com;ÇİB - Çelik İhracatçıları Birliği
MOT PASLANMAZ ÇELİK SAN VE TİC.LTD. ŞTİ;İKİTELLİ OSB MH ÇEVRE SAN SİT 2 BLOK NO:5 BAŞAKŞEHİR İSTANBUL;(212) 4860055;www.motdesing.com.tr;motdesing.com.tr;ÇİB - Çelik İhracatçıları Birliği
BAŞKENT HORTUM HİDROLİK RAKOR İTHALAT İHRACAT SANAYİ TİCARET LİMİTED ŞİRKETİ;OSTİM OSB 1246.CADDE NO:37 YENİMAHALLE ANKARA;(312) 3855565;http://www.baskenthortum.com;baskenthortum.com;ÇİB - Çelik İhracatçıları Birliği
MODERN AMBALAJ TENEKE KUTU SANAYİ VE TİCARET ANONİM ŞİRKETİ;MECİDİYE AMASYA CAD YATAĞAN SK N:20 SULTANBEYLİ İSTANBUL;(216) 3989480;www.modernteneke.com;modernteneke.com;ÇİB - Çelik İhracatçıları Birliği
HAKAN ORHAY;CUMHURİYET MH DR CEMAL KOZANOĞLU CD NO:26/5PİRİ MEHMET PAŞA MH İNÖNÜ CD NO:11B SİLİVRİ İSTANBUL;(212) 7272361;www.winlux.com.tr;winlux.com.tr;ÇİB - Çelik İhracatçıları Birliği
ASOS MİMARİ SİSTEMLER VE ALÜMİNYUM SAN. TİC. A.Ş.;FERHATPAŞA MH. 73.SK NO:44 ATAŞEHİR İSTANBUL;(216) 6615511;www.asosmimarlik.com;asosmimarlik.com;ÇİB - Çelik İhracatçıları Birliği
EVA PLAST PLASTİK METAL KAPI PENCERE AKSESUARLARI SANAYİ VE TİCARET LİMİTED ŞİRKETİ;MİMAR SİNAN MAH SARI LALE SKN:2 EYÜP İSTANBUL;(212) 2891313;www.evaplast.com.tr;evaplast.com.tr;ÇİB - Çelik İhracatçıları Birliği
KAYALAR KİMYA SANAYİ VE TİCARET ANONİM ŞİRKETİ;TUZLA KİMYA SAN. ORG. BÖLG. TEM YAN YOL CAD. F-1 BLOK TUZLA İSTANBUL;(216) 5930727;www.kayalarkimya.com.tr;kayalarkimya.com.tr;ÇİB - Çelik İhracatçıları Birliği
İSTANBUL SUJETİ MAKİNA SANAYİ VE TİCARET LİMİTED ŞİRKETİ;ŞEREFALİ MH SERDİVAN SK NO:63 ÜMRANİYE İSTANBUL;(216) 5400037;www.istanbulsujeti.com.tr;istanbulsujeti.com.tr;ÇİB - Çelik İhracatçıları Birliği
PAPATYA MOBILYA SANAYI VE TIC. LTD. ŞTİ.;HALKALI CAD. NO:247 KÜÇÜKÇEKMECE İSTANBUL;(212) 6989050;www.papatya.com.tr;papatya.com.tr;ÇİB - Çelik İhracatçıları Birliği
BARAKS METAL SANAYİ VE TİCARET ANONİM ŞİRKETİ;İSTANBUL ANADOLU YAKASI OSB 8. SOK.NO:2 AYDINLI TUZLA İSTANBUL;(216) 5930244;www.baraksmetal.com.tr;baraksmetal.com.tr;ÇİB - Çelik İhracatçıları Birliği
PİDOSAN PLASTİK DOĞRAMA VE İNŞAAT SANAYİ A.Ş.;IVEDIK CAD.NO.8 6170 YENİMAHALLE YENİMAHALLE ANKARA;03123435181;www.pidosan.com.tr;pidosan.com.tr;ÇİB - Çelik İhracatçıları Birliği
ESİT ELEKTRONİK ANONİM ŞİRKETİ;NİŞANTEPE MAH. GELİN ÇİÇEĞİ SOK. NO:36 ÇEKMEKÖY İSTANBUL;(216) 5851818;www.esit.com.tr;esit.com.tr;ÇİB - Çelik İhracatçıları Birliği
CEOTHERM ENDÜSTRİYEL FIRIN İMALAT SANAYİ VE TİCARET LİMİTED ŞİRKETİ;DES SAN. SİT. 104 PORSUK SOK. B10 BLOK NO:2 YUKARIDUDULLU ÜMRANİYE İSTANBUL;(216) 5403451;www.ecotherm.com.tr;ecotherm.com.tr;ÇİB - Çelik İhracatçıları Birliği
NUKON İÇ VE DIŞ TİCARET ANONİM ŞİRKETİ;O.S.B. ALİ OSMAN SÖNMEZ BULVARI NO:7 NİLÜFER BURSA;(224) 2416969;www.nukon.com.tr;nukon.com.tr;ÇİB - Çelik İhracatçıları Birliği
LICALUX AYDINLATMA DANISMANLIK SANAYI VE TICARET LIMITED SIRKETI;ORUÇREIS MAH. TEKSTILKENT CAD. TEKSTILKENT B13BLOK NO: 10 Y IÇ KAPI NO: 115 ESENLER İSTANBUL;(850) 5325422;http://www.licalux.com;licalux.com;ÇİB - Çelik İhracatçıları Birliği
EGS CELIK SAN.LTD.STI.;BASRA SOKAK NO.1 YAYLACIK MAHALLESİ 41140 BAŞİSKELE KOCAELİ;(262) 3354995;www.egscelik.com.tr;egscelik.com.tr;ÇİB - Çelik İhracatçıları Birliği
TVS PRODÜKSİYON HİZMETLERİ TİC.A.Ş;HAMİDİYE MAH.GİRNE CAD.ÇELİKÖZER İŞM.NO.47-1 K.2 KAĞITHANE İSTANBUL;(212) 4448887;www.tvs.com.tr;tvs.com.tr;ÇİB - Çelik İhracatçıları Birliği
TORKAM İNŞAAT VE YATIRIM ANONİM ŞİRKETİ;GÖZTEPE MH. BATIŞEHİR CD BATIŞEHİR SİT K BLOK NO:2 KAT:15/151 GÖZTEPE BAĞCILAR İSTANBUL;(212) 6592380;www.turkam.com.tr;turkam.com.tr;ÇİB - Çelik İhracatçıları Birliği
MED BİRLEŞİM MEDİKAL SANAYİ VE TİCARET LİMİTED ŞİRKETİ;TOPAĞACI MAH. ASİL CAD. NO: 8 B ÜMRANİYE İSTANBUL;(212) 2202122;www.medbirlesim.com;medbirlesim.com;ÇİB - Çelik İhracatçıları Birliği
MARGEN KARA VE DENİZ MAK.SAN.VE TİC.A.Ş.;RAUF ORBAY CAD.NO:19 TUZLA İSTANBUL;02164461952;www.margen.com.tr;margen.com.tr;ÇİB - Çelik İhracatçıları Birliği
BPAS GROUP MEKATRONİK MÜHENDİSLİĞİ SANAYİ TİCARET ANONİM ŞİRKETİ;DUDULLU OSB MAH. DES-112 SK. D.42 BLOK NO.42 ÜMRANİYE İSTANBUL;(216) 6600612;www.otomatikpencere.com;otomatikpencere.com;ÇİB - Çelik İhracatçıları Birliği
TÜRKSAN METAL PASLANMAZ ÇELİK İNŞ. İTH. İHR. SAN. VE TİC. LTD. ŞTİ.;AKÇANURGAZ MAH. MUHSİNYAZICIOĞLU CAD. NO:18 ESENYURT İSTANBUL;(212) 4260372;www.turksanpaslanmaz.com.tr;turksanpaslanmaz.com.tr;ÇİB - Çelik İhracatçıları Birliği
KUTLUK DÖKÜM OTOMOTİV KALIP VE MAKİNA PARÇALARI SANAYİ VE TİCARET LTD.ŞTİ.;HASANAĞA OSB MH 1. CD NO:23 NİLÜFER BURSA;(224) 4843016;www.kutlukaluminyum.com;kutlukaluminyum.com;ÇİB - Çelik İhracatçıları Birliği
SCHNEIDER ELEKTRİK SANAYİ VE TİCARET ANONİM ŞİRKETİ;DEFNE SOKAK NO:3 BÜYÜKHANLI PLAZA KÜÇÜKBAKKALKÖY ATAŞEHİR İSTANBUL;(216) 6558888;www.schneider-electric.com;schneider-electric.com;ÇİB - Çelik İhracatçıları Birliği
AYTUGLU DIZEL YEDEK PARCA SAN. VE TIC.LTD.STI.;DİK SOKAK NO:13 İDEALTEPE MAHALLESİ 34841 MALTEPE İDEALTEPE MALTEPE İSTANBUL;02164108052;www.aytuglu.com;aytuglu.com;ÇİB - Çelik İhracatçıları Birliği
FANSET ELEKTRİKLİ EV ALETLERİ SANAYİ VE TİCARET ANONİM ŞİRKETİ;MERKEZ MAH. Ş.YILMAZ ÖZDEMİR CAD.SÖNMEZ SOK. NO:8/1 KÜÇÜKÇEKMECE İSTANBUL;(212) 6975770;www.fanset.com.tr;fanset.com.tr;ÇİB - Çelik İhracatçıları Birliği
FLEKSAN BORU SANAYİ VE TİCARET LİMİTED ŞİRKETİ;ALTINŞEHİR MAHALLESİ ŞENEL CADDESİ 100 ÜMRANİYE İSTANBUL;(850) 5320623;fleksan.com;fleksan.com;ÇİB - Çelik İhracatçıları Birliği
AL NALBURİYE HIRDAVAT TİCARET VE SAN. LTD. ŞTİ.;KARAKÖY ARAP CAMI MAH. KUREKCILERCAD. NO:37 BEYOĞLU İSTANBUL;;www.al.com.tr;al.com.tr;ÇİB - Çelik İhracatçıları Birliği
ARTEMİS HAVUZCULUK VE İNŞAAT SANAYİ TİCARET LİMİTED ŞİRKETİ;BARBAROS MAH, BARBAROS CAD. NO: 1,14 IC KAPI NO: 2 ATAŞEHİR İSTANBUL;(216) 5776525;http://www.artemispool.com;artemispool.com;ÇİB - Çelik İhracatçıları Birliği
ÖZCAN KARDEŞLER TIP CİHAZLARI SAN.VE TİC.LTD.ŞTİ.;ACARLAR MAH.ACARKENT SİTESİ 2.CAD.N:20 C:236 VİLLA BEYKOZ İSTANBUL;(212) 4854501;www.ozcankardesler.com;ozcankardesler.com;ÇİB - Çelik İhracatçıları Birliği
SİEGENİA-AUBİ YAPI ELEMANL.SAN.TİC.LTD.ŞTİ.;YANYOL CAD. BİLMO SAN. SİT. MELODİ SOK. NO: 2/22 MERKEZ AFYON;(216) 5934151;www.siegenia.com;siegenia.com;ÇİB - Çelik İhracatçıları Birliği
GLOBAL PARTNER ASANSÖR İNŞAAT SANAYİ İÇ VE DIŞ TİCARET LİMİTED ŞİRKETİ;EYÜP SULTAN MAH. MÜMİNLER CAD.SANDALCI SOK. NO.7 SANCAKTEPE İSTANBUL;(216) 5619572;www.globalpartnerelevator.com;globalpartnerelevator.com;ÇİB - Çelik İhracatçıları Birliği
HİDRO TEKNİK MÜH.ELEKTRO MEKANİK SİS.SAN.VE TİC.LTD.ŞTİ.;EVLİYAÇELEBİ MH. RAUF ORBAY CD. PEKER SK.NO:28/A TERSANELER TUZLA İSTANBUL;(216) 4932410;www.hidrosistem.com;hidrosistem.com;ÇİB - Çelik İhracatçıları Birliği
JOTUN BOYA SANAYİ VE TİCARET A.Ş.;BALABANDERE CAD. HILPARK SUITES SİTESİNO:10 İSTİNYE SARIYER İSTANBUL;(212) 2797878;www.jotun.com.tr;jotun.com.tr;ÇİB - Çelik İhracatçıları Birliği
PREMİER TRADE İÇ VE DIŞ TİCARET LİMİTED ŞİRKETİ;ATAEVLER MAH.SELİN SOK.NO:27 KARTEPE KOCAELİ;;www.mericeltd.co.uk;mericeltd.co.uk;ÇİB - Çelik İhracatçıları Birliği
SISTEM MAKINA SAN. VE TIC.LTD. STI.;26. SOK. NO:5 KÖSELER MAHALLESİ 41455 DİLOVASI, KOCAELİ, TÜRKİYE DİLOVASI KOCAELİ;(262) 7281204;www.sistemmakina.com;sistemmakina.com;ÇİB - Çelik İhracatçıları Birliği
ÜNSAL OTOMAT MAKİNA SANAYİ VE TİCARET LİMİTED ŞİRKETİ;KARAYOLLARI MAH. 565. SK. NO:6 /1 DAİRE:1 GAZİOSMANPAŞA İSTANBUL;(212) 5770878;http://www.uksunsal.com;uksunsal.com;ÇİB - Çelik İhracatçıları Birliği
DOĞUŞ İNŞAAT VE TİCARET ANONİM ŞİRKETİ;BÜYÜKDERE CAD. NO: 249 KAT: 10-13 SARIYER İSTANBUL;(216) 5381500;www.dogusinsaat.com.tr;dogusinsaat.com.tr;ÇİB - Çelik İhracatçıları Birliği
BABE PLASTIK METAL SANAYİ VE TICARET LİMİTED ŞİRKETİ;BESEVLER KUCUK SAN.SITESI32.BLOK NO.77-78 NİLÜFER BURSA;02244418493;www.babemetal.com;babemetal.com;ÇİB - Çelik İhracatçıları Birliği
MOTTA ESSEX CEPHE SİSTEMLERİ SANAYİ VE TİCARET ANONİM ŞİRKETİ;YEŞİLKÖY MH ATATÜRK CD İSTANBUL DÜNYA TİCARET MERKEZİ NO:10 /161 BAKIRKÖY İSTANBUL;(212) 2666527;www.mottaessex.uk;mottaessex.uk;ÇİB - Çelik İhracatçıları Birliği
LGM DIŞ TİCARET PAZARLAMA LTD.ŞTİ.;AKÇABURGAZ MAH. 3108.SOK. NO:6/1B1 ESENYURT İSTANBUL;(212) 5280110;www.lgmgorup.com.tr;lgmgorup.com.tr;ÇİB - Çelik İhracatçıları Birliği
GÜNGÖR OTOMOBİL YAN SANAYİ ANONİM ŞİRKETİ;ORGANIZE SANAYI BOLG.IHSANDEDE CAD.700 SK. GEBZE KOCAELİ;02627511856;www.gungorotomobil.com.tr;gungorotomobil.com.tr;ÇİB - Çelik İhracatçıları Birliği
MCD MODEL OTOMOBIL SANAYI TICARET LTD.STI.;IPKAS SAN SIT.8B BLK. .NO.48 KÜÇÜKÇEKMECE İSTANBUL;02126715112;www.mcdracing.com;mcdracing.com;ÇİB - Çelik İhracatçıları Birliği
ÇETİNKAYA PANO SAC TABLO VE PLASTİK SANAYİ TİCARET A.Ş.;İSTKİLAL MAH PİRİ REİS CAD N:6 KIRAÇ ESENYURT İSTANBUL;(212) 6895689;www.cetinkayapano.com;cetinkayapano.com;ÇİB - Çelik İhracatçıları Birliği
BMI YAPI ÇÖZÜMLERİ SAN. VE TİC. AŞ;GUZELLER ORG.SAN.BOLG.INÖNÜMHATATURK BULV.NO.20 GEBZE KOCAELİ;02627512491;www.bmigroup.com;bmigroup.com;ÇİB - Çelik İhracatçıları Birliği
DOGUS ASANSOR MALZEMELERİ SANAYİ VE TICARET LİMİTED ŞİRKETİ;İMES SANAYİ SİTESİ İMES-309.SK NO:5 DUDULLU OSB MAH 34776 ÜMRANİYE İSTANBUL;;www.dogus-elevator.com;dogus-elevator.com;ÇİB - Çelik İhracatçıları Birliği
DÖRKEN SİSTEM İNŞ. YAPI MALZ. VE GERİ DÖN.HAMM.SAN.VE TİC.A.Ş.;SANAYİ MAH.D-130 YANYOL CAD.NO:179 İZMİT KOCAELİ;(262) 3356116;www.doerke-sistem.com;doerke-sistem.com;ÇİB - Çelik İhracatçıları Birliği
TURAN ERGÜDEN;KAPTANPAŞA MAH. UZUN SOK. NO:23/A KASIMPAŞA BEYOĞLU İSTANBUL;(212) 2509742;www.erguden.com;erguden.com;ÇİB - Çelik İhracatçıları Birliği
TAS CELIK KAPI MOBILYA SAN.TIC LTD.STI.;AKINCILAR M. INÖNÜ C. NO: 99 GÜNGÖREN İSTANBUL;02125022481;www.tascelikkapi.com;tascelikkapi.com;ÇİB - Çelik İhracatçıları Birliği
EMKO EĞİTİM ÇÖZÜMLERİ VE TEKNOLOJİLERİ ANONİM ŞİRKETİ;ÇAKMAKLI MAH.HADIMKÖY YOLU CAD.NO:75 BÜYÜKÇEKMECE İSTANBUL;(212) 8869920;www.emkoemaye.com;emkoemaye.com;ÇİB - Çelik İhracatçıları Birliği
RESPONSE ORTHO TEKNOLOJİK ÜRETİM A.Ş.;TEPEÖREN İTOSB ESKİ ANKARA ASFALTI MARETARKASI 10.CAD.N:1 34940 TUZLA İSTANBUL;(216) 3141104;www.responseortho.com;responseortho.com;ÇİB - Çelik İhracatçıları Birliği
PEAK ENDÜSTRİYEL KAPI SİSTEMLERİ SANAYİ İÇ VE DIŞ TİCARET LİMİTED ŞİRKETİ;SAFA MAH. TAKVA CAD.NO.18 B SANCAKTEPE İSTANBUL;(216) 3677335;https://endustriyelkapi.com;endustriyelkapi.com;ÇİB - Çelik İhracatçıları Birliği
KOİST ENDÜSTRİYEL MAKİNA SANAYİ VE TİCARET LİMİTED ŞİRKETİ;MEVLANA MAH. SOMA MADEN ŞEHİTLERİBLV.NO:4/1 İÇ KAPI NO:12 GEBZE KOCAELİ;(262) 5036219;http://www.koistendüstriyel.com.tr;koistendüstriyel.com.tr;ÇİB - Çelik İhracatçıları Birliği
ABS SU ARITMA TEKNOLOJİLERİ İMALAT İTHALAT İHR. KİMYA SAN. VE DIŞ. TİC. LTD. ŞTİ.;GÜZELCE MAHALLE YOĞURTHANE CADDE NO : 121/A 34535 BÜYÜKÇEKMECE, BÜYÜKÇEKMECE İSTANBUL;;www.abssuraritim.com;abssuraritim.com;ÇİB - Çelik İhracatçıları Birliği
DEFAR KALIP MAKİNA SAN. TİC. LTD. ŞTİ.;ÇAVUŞOĞLU SAN. SİT. E BLOK NO:50 KARTAL İSTANBUL;(216) 3741798;www.defarkalip.com.tr;defarkalip.com.tr;ÇİB - Çelik İhracatçıları Birliği
UTA DIŞ TİCARET LİMİTED ŞİRKETİ;AYDINTEPE MH. GÜZİN SK. NO:3/2 TUZLA İSTANBUL;(216) 4091900;www.utagroup.com.tr;utagroup.com.tr;ÇİB - Çelik İhracatçıları Birliği
TEKNOBIR MUHENDIS.DANISMANLIK VE TIC.LTD.STI.;IDEALTEPE MAH. BAHTIYAR SOK. GGÜNEYSU APT. NO:4/4 MALTEPE İSTANBUL;02163666293;www.teknobir.com;teknobir.com;ÇİB - Çelik İhracatçıları Birliği
İNTERPET PETROL TECHİZAT SAN. VE TİC.LTD.ŞTİ;TAVUKÇUYOLU CD. ANIL SOK. N:3 YUKARIDUDULLU ÜMRANİYE İSTANBUL;02165406500;www.interpet.com.tr;interpet.com.tr;ÇİB - Çelik İhracatçıları Birliği
ARENA METAL SANAYİ VE DIŞ TİCARET LTD.ŞTİ;CADDEBOSTAN MAH. ETHEMEFENDİ CAD. UĞUR APT.NO:3/17 KADIKÖY İSTANBUL;(216) 4145032;www.arenametal.com.tr;arenametal.com.tr;ÇİB - Çelik İhracatçıları Birliği
MAGNEZYUM VE METAL TOZLARI ENDÜSTRİ VE TİCARET ANONİM ŞİRKETİ;KARAAĞAÇ MH ÇERKEZKÖY OSB 9. SK NO:5 KAPAKLI KAPAKLI TEKİRDAĞ;(282) 7581834;www.almamet.com;almamet.com;ÇİB - Çelik İhracatçıları Birliği
STAR MAKİNA YAY-VİDA SANAYİ İMALAT VE PAZARLAMA DIŞ TİCARET LİMİTED ŞİRKETİ;VELI BABA MAH.TUCEL SK. NO:14 PENDİK İSTANBUL;(216) 5830777;www.staryay.com.tr;staryay.com.tr;ÇİB - Çelik İhracatçıları Birliği
SERFA İNŞAAT MALZEMELERİ TURİZM SANAYİ VE TİCARET LİMİTED ŞİRKETİ;SULTAN ORHAN MAH. HASKÖY SANAYİ SİTESİ13-B BLOK NO:5 GEBZE PENDİK İSTANBUL;(262) 6449162;www.serfainsaat.com;serfainsaat.com;ÇİB - Çelik İhracatçıları Birliği
TP REFLEX TURKEY ÜRETİM ANONİM ŞİRKETİ;MELEK ARAS BULVARI NO:61 KİMYA SANAYİCİLERİ OSB 34956 TUZLA, İSTANBUL, TÜRKİYE TUZLA İSTANBUL;;www.tpreflexgroup.com;tpreflexgroup.com;ÇİB - Çelik İhracatçıları Birliği
ENTERA TEKNOLOJİ ANONİM ŞİRKETİ;ATATÜRK MAH. ŞEREF SOK. NO:16 D:2 PK:34758 ATAŞEHİR İSTANBUL;(212) 2851150;www.entera.com.tr;entera.com.tr;ÇİB - Çelik İhracatçıları Birliği
ELALLAR SIHHİ TESİSAT MALZEMELERİ SANAYİ DIŞ TİC. A. Ş.;IMROHOR CAD.NO.16 BEYOĞLU İSTANBUL;02122557600;www.elallar.com;elallar.com;ÇİB - Çelik İhracatçıları Birliği
GÜNEŞ KİLİT ENDÜSTRİYEL ÜRÜNLER SANAYİ VE TİCARET LİMİTED ŞİRKETİ;İSTOÇ 22.ADA NO:38-40 BAĞCILAR İSTANBUL;;www.guneskilit.com;guneskilit.com;ÇİB - Çelik İhracatçıları Birliği
ILG AKUSTIK IZOLAS.MALZ.SAN.VE TIC.LTD.STI.;CAGATAY CD.GUNDEN SK.NO.15 KARTAL İSTANBUL;02163871107;www.ilgltd.com;ilgltd.com;ÇİB - Çelik İhracatçıları Birliği
TUNA ALÜMİNYUM METAL KİMYA İNŞ. SAN. DIŞ TİC. A.Ş.;VELİKÖY O.S.B.SANAYİ BULV.N:98/A ÇERKEZKÖY TEKİRDAĞ;(282) 7461300;www.tunaaluminium.com;tunaaluminium.com;ÇİB - Çelik İhracatçıları Birliği
GÜVEN YANGIN KAPILARI TASARIM VE SAN.TİC.LTD.ŞTİ.;BAĞDAT CAD.36/11 KIZILTOPRAK KADIKÖY İSTANBUL;(216) 7061606;www.yanginkapisiistanbul.com;yanginkapisiistanbul.com;ÇİB - Çelik İhracatçıları Birliği
BAL ORMAN ÜRÜNL.İÇ VE DIŞ TİC. LTD.ŞTİ.;KIRAÇ MEVKİİ ATATÜRK MAH. ORHAN VELİ CAD. NO:8 ESENYURT İSTANBUL;(212) 6705062;www.balorman.net;balorman.net;ÇİB - Çelik İhracatçıları Birliği
FATMA ZEHRA PEKİNCE;YUNUSELİ MAH. ÇINAR CAD. 640.SOK. NO:8/1 OSMANGAZİ BURSA;(224) 0000000;www.dohamakina.com;dohamakina.com;ÇİB - Çelik İhracatçıları Birliği
ASİL ÇELIK HALAT ASANSÖR MALZ SAN. VE TİC. LTD. ŞTİ.;ABDURRAHMAN GAZİ MAH. ALPARSLAN CAD. NO:2 SAMANDIRA SANCAKTEPE İSTANBUL;(216) 5266456;www.asilcelikhalat.com;asilcelikhalat.com;ÇİB - Çelik İhracatçıları Birliği
TEM TEKNİK ELEKTRİK MALZEMELERİ SAN. VE TİC. A.Ş;ORTAKÖY SAN. BÖL.İLTER BULV. Y.DEĞİRMENİ CAD. M.MENEKŞE SOK. /5 SİLİVRİ İSTANBUL;(212) 4851900;www.temteknik.com;temteknik.com;ÇİB - Çelik İhracatçıları Birliği
SOFAŞ KELEPÇE SANAYİ TİCARET LTD.ŞTİ.;İKİTELLİ OSB MH İSTEKS SAN SİT D3 BLOK NO:8 BAŞAKŞEHİR İSTANBUL;(212) 4861990;www.sofaskelepce.com.tr;sofaskelepce.com.tr;ÇİB - Çelik İhracatçıları Birliği
GKS BAĞLANTI ELEMANLARI SANAYİ TİCARET LİMİTED ŞİRKETİ;İKİTELLİ OSB MAH. GİYİM SANATKARLARI 1A BLOK SK.GİYİM SANATKARLARI TİCARET MER 1 A BLOK NO:1 A BLO BAŞAKŞEHİR İSTANBUL;(212) 4511126;http://www.gksbaglanti.com;gksbaglanti.com;ÇİB - Çelik İhracatçıları Birliği
GENTES GENEL MAKINA SANAYI VE TİC. LTD. ŞTİ;YUKARI DUDULLU İMES SAN.SİT.E BLOK504 SOK.N:53 YUKARIDUDULLU ÜMRANİYE İSTANBUL;(216) 3644670;www.gentesmakina.com.tr;gentesmakina.com.tr;ÇİB - Çelik İhracatçıları Birliği
ARDE AYDINLATMA SAN. VE TİC. LTD. ŞTİ.;EMEK MAHALLESİ SIRDAŞ SOKAK NO: 27 SANCAKTEPE İSTANBUL;(216) 6021141;www.detayaydinlatma.com.tr;detayaydinlatma.com.tr;ÇİB - Çelik İhracatçıları Birliği
RAMEZ SANAT ATÖLYESİ DEMİR DEKORASYON SANAYİ VE TİCARET LİMİTED ŞİRKETİ;SELAHADDİN EYYUBİ MAH.1624 SOK.NO:15-17 İÇ KAPI NO :1 ESENYURT İSTANBUL;(212) 4070347;www.ramez.com..tr;ramez.com..tr;ÇİB - Çelik İhracatçıları Birliği
TEKNİK KAPI VE YANGIN SİSTEMLERİ METAL SAN.TİC.LTD.ŞTİ.;İOSB MAH. ATATÜRK OTO SAN. SİTESİ 14. SK NO:380 İKİTELLİ PK:34490 BAŞAKŞEHİR İSTANBUL;(212) 4854401;www.teknikyanginkapilari.com;teknikyanginkapilari.com;ÇİB - Çelik İhracatçıları Birliği
TEZPAR TAKIM TEZGAHLARI OTO.SAN.TİC.LTD.ŞTİ.;HASKÖY SANAYİ SİTESİ12/B BLOK NO:1 GEBZE KOCAELİ;(262) 6411050;www.tezpar.com.tr;tezpar.com.tr;ÇİB - Çelik İhracatçıları Birliği
ADD DEMİR ÇELİK TEL SANAYİ VE TİCARET ANONİM ŞİRKETİ;KARAAĞAÇ OSB MAH. 35.SK NO:3/1 MERKEZ TEKİRDAĞ;(282) 7477272;www.ademircelik.com;ademircelik.com;ÇİB - Çelik İhracatçıları Birliği
KOSEOGLU METAL URUNLERI SAN.TI C.LTD.STI.;İMRAHOR MAH. ATATÜRK CAD. SANAYİ SOK NO:1 BOLLUCA ARNAVUTKÖY İSTANBUL;(212) 6860234;www.koseoglu-metal.com;koseoglu-metal.com;ÇİB - Çelik İhracatçıları Birliği
İCM KİMYA VE PLASTİK SANAYİ TİCARET LİMİTED ŞİRKETİ;İSTANBUL DERİ ORGANİZE SAN. BÖL.NUBUK CAD. NO.14 YB-7 ÖZEL PARSEL AYDINLI TUZLA İSTANBUL;02164642424;www.icmpolitek.com.tr;icmpolitek.com.tr;ÇİB - Çelik İhracatçıları Birliği
ALBOĞAZ METAL SAN.TİC.LTD.ŞTİ;DERİ ORGANİZE SANAYİ BÖLGESİ YB-24 PARSEL KARTAL İSTANBUL;(216) 3870282;www.albogaz.com;albogaz.com;ÇİB - Çelik İhracatçıları Birliği
ERSAŞ ALÜMİNYUM ANONİM ŞİRKETİ;İNCİRLİK SK NO:11-15 EYÜP İSTANBUL;(212) 5656500;www.ersasaluminyum.com.tr;ersasaluminyum.com.tr;ÇİB - Çelik İhracatçıları Birliği
PİMAK PROFESYONEL MUTFAK LİMİTED ŞİRKETİ;İKİTELLİ OSB MH ATATÜRK BULVARI ELİ M. TOKATLI İS MERKEZİ NO:112/4 BAŞAKŞEHİR İSTANBUL;(850) 4808084;www.pimak.com;pimak.com;ÇİB - Çelik İhracatçıları Birliği
MERTSE SAC METAL OTOMOTİV YAN SANAYİ VE TİCARET LTD.ŞTİ.;DEMİRCİ MAH. DERE SOKAK NO.102 NİLÜFER BURSA;(224) 4941521;www.mertse.com;mertse.com;ÇİB - Çelik İhracatçıları Birliği
RAF SISTEM INS DEMIR ÇELIK ITH SAN.TIC.LTD.STI;ZİYA GÖKALP MAH.HÜRİYET CD.NO:10 İKİTELLİ BAŞAKŞEHİR İSTANBUL;(212) 6703995;www.rafsistem.com;rafsistem.com;ÇİB - Çelik İhracatçıları Birliği
A.C. ELEKTRİK SAN. VE DIŞ TİC. LTD. ŞTİ.;ISTIKLAL MAH.KURUDERE MEVKIIKARISTIRAN YOLU 3.KM MURATLI MURATLI TEKİRDAĞ;(282) 3615467;www.tamlite.co.uk;tamlite.co.uk;ÇİB - Çelik İhracatçıları Birliği
ALMA MÜHENDİSLİK SANAYİ VE TİCARET ANONİM ŞİRKETİ;SULTAN ORHAN MAH. 1178 SK. NO:4/A GEBZE KOCAELİ;(262) 6461295;http://www.alma-teams.com;alma-teams.com;ÇİB - Çelik İhracatçıları Birliği
SOURESA DIŞ TİCARET LİMİTED ŞİRKETİ;ZAFER MH ADİLE NARŞİT BULVARI NO:36/10 ESENYURT İSTANBUL;(212) 6940407;www.souresa.com;souresa.com;ÇİB - Çelik İhracatçıları Birliği
NURETTİN HASAN YEL;ATAKENT MAHALLESİ 219 SOKAK İSTANBUL LOUNGE 1 SİTESİ 18/1D K:3 D:12POSTA KODU:34303 KÜÇÜKÇEKMECE İSTANBUL;(212) 0000000;www.ecoproeng.com.tr;ecoproeng.com.tr;ÇİB - Çelik İhracatçıları Birliği
OBK ULUSLARARASI DIŞ TİC. LTD. ŞTİ.;MASLAK MAH. TAŞYONCASI SOK. MASLAK 1453 SİTESİ C:10 DAİRE:42 SARIYER İSTANBUL;(212) 3971703;www.obkexport.com;obkexport.com;ÇİB - Çelik İhracatçıları Birliği
AKSESUAR GROUP İNŞ. SAN. VE TİC. A.Ş.;BEŞYOL MH AKASYA SK NO:29/A KÜÇÜKÇEKMECE İSTANBUL;(212) 5985598;www.aksesuardesing.com;aksesuardesing.com;ÇİB - Çelik İhracatçıları Birliği
AL SAT ALÜMİNYUM İNŞAAT DEKORASYON GIDA SAN. VE TİC.LTD.ŞTİ.;ESENŞEHİR MH KÜRKÇÜLER CD NO:39 ÜMRANİYE İSTANBUL;(216) 3653401;www.alsataluminyum.com.tr;alsataluminyum.com.tr;ÇİB - Çelik İhracatçıları Birliği
EGE ENDÜSTRİYEL KONTROL ELEKTROMEKANİK SAN. VE TİC.A.Ş.;İZMİR SERBEST BÖLGESİ, MENEKŞE SOK. NO.8NO:99 - MENEMEN MENEMEN İZMİR;(232) 8426160;www.egecontrols.com;egecontrols.com;ÇİB - Çelik İhracatçıları Birliği
ETA ELEKTRIK TESISAT VE TIC. LTD.STI.;4. ESENSEHIR MAH. NATO YOLU İLKYAZSOK. NO.61 D.2 ÜMRANİYE İSTANBUL;02164997667;www.etaelektrik.com;etaelektrik.com;ÇİB - Çelik İhracatçıları Birliği
SAFETY RESPECT TR İNŞAAT GÜVENLİK SİSTEMLERİ LİMİTED ŞİRKETİ;KOZYATAĞI MH ŞEHİT İLKNUR KELEŞ SK NO:7 HÜSEYİN BAĞDATLIOĞLU İŞ MERKEZİ K:4/8 KADIKÖY İSTANBUL;(216) 3078787;www.safeytrespect.com.tr;safeytrespect.com.tr;ÇİB - Çelik İhracatçıları Birliği
TOSYALI MAKİNA ANONİM ŞİRKETİ;BEYLİKDÜZÜ OSB MAHALLESİ MERMERCİLER SANAYİ SİTESİ 2.CADDE NO:7/1 BEYLİKDÜZÜ İSTANBUL;(212) 4441423;www.tosyalimakina.com;tosyalimakina.com;ÇİB - Çelik İhracatçıları Birliği
ARTI KAYNAK DIS VE IC TIC.LTD. STI.;KORDONBOYU MAH.ANKARA CAD.NO:123/2 KARTAL İSTANBUL;02164732553;www.artikaynak.com;artikaynak.com;ÇİB - Çelik İhracatçıları Birliği
ÖZAK GAZ TEKNOLOJİLERİ SANAYİ VE TİCARET LİMİTED ŞİRKETİ;FERAHİMŞALVUZ MAH.ADANA BULVARI NO.125 TARSUS MERSIN;(324) 6160036;www.ozakgaz.com.tr;ozakgaz.com.tr;ÇİB - Çelik İhracatçıları Birliği
ÇALIŞKANLAR METAL PLASTİK SANAYİ TİCARET LİMİTED ŞİRKETİ;ZÜMRÜTEVLER MH AYDEMİR SK NO:11 MALTEPE İSTANBUL;(216) 5892686;www.zela.com.tr;zela.com.tr;ÇİB - Çelik İhracatçıları Birliği
AYPOL SOLVENT VE KIMYA SANAYİ VE TİCARET ANONİM ŞİRKETİ;TUZLA KİMYA SANAYİCİLERİ ORGANİZE SANAYİ BÖLGESİ MELEK ARAS BULVARI NO 17 TUZLA İSTANBUL AYDINLI KOS TUZLA İSTANBUL;02165933103;www.aypol.com.tr;aypol.com.tr;ÇİB - Çelik İhracatçıları Birliği
TTZ PAZARLAMA PLASTİK SAN. LTD. ŞTİ.;2435.SOKAK NO:48 MAHMUTBEY 0 0 BAĞCILAR BAĞCILAR İSTANBUL;(212) 7982490;www.titizplastik.com;titizplastik.com;ÇİB - Çelik İhracatçıları Birliği
MERT AKISKAN GUCU SAN. VE TIC. A.S.;ORG SAN BLG 1. CAD. NO:9 ÜMRANİYE İSTANBUL;02163142661;www.mert.com;mert.com;ÇİB - Çelik İhracatçıları Birliği
VİRGO HİDROLİK PNOMATİK BAĞLANTI ELEM. MÜH. SAN. TİC. LTD. ŞTİ.;İ.O.S.B. ÇEVRE KÜÇÜK SAN. SİT. 8. BLOK NO:16 BAŞAKŞEHİR İSTANBUL;(212) 4850691;www.virgofittings.com.tr;virgofittings.com.tr;ÇİB - Çelik İhracatçıları Birliği
BAKSAN MAK.SAN. VE TIC.LTD.STI;VELI BABA SAN.SIT.A3BLOK NO:25 PENDİK İSTANBUL;(216) 3077200;www.baksanmakina.com.tr;baksanmakina.com.tr;ÇİB - Çelik İhracatçıları Birliği
ALTECH MAKİNE SANAYİ VE TİCARET ANONİM ŞİRKETİ;AKÇABURGAZ MAHALLESİ 3137 SOKAK NO:22/1/1 KIRAÇ ESENYURT İSTANBUL;(212) 5052273;www.altechmakina.com;altechmakina.com;ÇİB - Çelik İhracatçıları Birliği
ÖZDUR CİVATA HIRDAVAT SANAYİ VE TİCARET LİMİTED ŞİRKETİ;EVLİYA ÇELEBİ MAH.DOĞAN SOK.NO:14 TUZLA İSTANBUL;(216) 3952766;www.ozdurcivata.com.tr;ozdurcivata.com.tr;ÇİB - Çelik İhracatçıları Birliği
HİRA HAVLUPAN ME.MA.PET.İNŞ.LOJ.SAN.VE TİC.LTD.ŞTİ.;ORGANİZE SANAYİ BÖLGESİ HAMZAFAKILI KÖYÜ KDZ.EREĞLİ KARADENİZEREĞLİ ZONGULDAK;(372) 3343434;www.hirahavlupan.com.tr;hirahavlupan.com.tr;ÇİB - Çelik İhracatçıları Birliği
AKAY MÜHENDISLİK ISITMA SOGUTMA .SIST. SAN.VE DIŞ TİC. LTD.ŞTİ.;DİZADİRYE MH CUMHURİYET 5 CAD BEYAZLAR NO:1 34500 BÜYÜKÇEKMECE İSTANBUL;02128835042;www.akaysogutma.com;akaysogutma.com;ÇİB - Çelik İhracatçıları Birliği
AYES CIVATA BAĞLANTI ELEMANLARI METAL SANAYİ VE TİCARET LİMİTED ŞİRKETİ;İKİTELLİ OSB BAĞCILAR GÜNGÖREN SANAYİSİTESİ ÇARŞI GRUBU NO 56 BAŞAKŞEHİR İSTANBUL;(212) 5494100;www.ayesbaglanti.com;ayesbaglanti.com;ÇİB - Çelik İhracatçıları Birliği
NORM ENERJI SISTEMLERI TURIZM INS.PAZ.SAN.VE TIC.LTD.STI.;PERPA TICARET MERK. B BLOK K.11 NO:1845-1847 (YEŞİL AVLU) OKMEYDANI ŞİŞLİ İSTANBUL;(212) 4440941;www.normenerji.com.tr;normenerji.com.tr;ÇİB - Çelik İhracatçıları Birliği
MSK GLOBAL ELEKTRONİK TİC. LTD. ŞTİ.;SULTAN SELİM MAH. SULTAN SELİM CAD NO 181/ B KAĞITHANE İSTANBUL;(212) 3244844;www.mskglobal.net;mskglobal.net;ÇİB - Çelik İhracatçıları Birliği
MEGAPLAST KALIP SANAYİ VE TİCARET ANONİM ŞİRKETİ;SÜLEYMAN DEMİREL BULV. İŞ SİNPAŞ İŞMODERN SAN. SİTG BLOK NO:G33 BAŞAKŞEHİR İSTANBUL;(212) 7775316;www.megakalip.com;megakalip.com;ÇİB - Çelik İhracatçıları Birliği
AYDEMİR METAL VE ÇELİK ÜRÜNLERİ SANAYİ VE TİCARET A.Ş.;ÜÇEVLER MAH.23(220) SOK.KÜÇÜK SAN.SİT.NO:25/1 NİLÜFER BURSA;(224) 4414993;http://www.aydemirmetal.com.tr;aydemirmetal.com.tr;ÇİB - Çelik İhracatçıları Birliği
ARDA MUTFAK EKİPMANLARI İMALAT SANAYİ VE TİCARET LİMİTED ŞİRKETİ;BAHRİYE CD NO:65/1 BEYOĞLU İSTANBUL;(212) 2539829;www.ardamutfak.com;ardamutfak.com;ÇİB - Çelik İhracatçıları Birliği
MAYSA TEKNİK YAPI İNŞAAT SANAYİ TİCARET LİMİTED ŞİRKETİ;FERHATPAŞA MAH. 71. SK. NO: 50 ATAŞEHİR İSTANBUL;(216) 6464747;www.maysayapi.com;maysayapi.com;ÇİB - Çelik İhracatçıları Birliği
HAMZA ALÜMİNYUM İTHALAT İHRACAT SANAYİ VE TİCARET LİMİTED ŞİRKETİ;ESENŞEHİR MH KÜRKÇÜLER CD NO:86A ÜMRANİYE İSTANBUL;(216) 5400173;www.hamzaaluminyum.com;hamzaaluminyum.com;ÇİB - Çelik İhracatçıları Birliği
ERKAN MIMARLIK INS. DEKORASYON VE TIC.LTD.STI.;BAGDAT CAD.SARIKÖŞK APT. NO:103D:11 FENERYOLU KADIKÖY İSTANBUL;(216) 3450975;www.erkanltd.com.tr;erkanltd.com.tr;ÇİB - Çelik İhracatçıları Birliği
SELÇUK YAKAN;İKİTELLİ O.S.B TORMAK SAN.SİT.CBLOK NO:2 BAŞAKŞEHİR İSTANBUL;(212) 4851343;www.yakanaydinlatma.com;yakanaydinlatma.com;ÇİB - Çelik İhracatçıları Birliği
YÜCELER İNŞAAT MALZEMELERİ SANAYİ VE TİCARET ANONİM ŞİRKETİ;BEDRETTİN DALAN BULV. BAĞCILAR GÜNGÖREN SAN. SİT. A BLOK NO: 13-18 BAŞAKŞEHİR İSTANBUL;(212) 6598536;www.yuceler.com.tr;yuceler.com.tr;ÇİB - Çelik İhracatçıları Birliği
ERA METALURJI ANONİM ŞİRKETİ;AKTEPE SANAYİ SİT. ORTA MH. KINALIKAR SK. NO:17 ORHANLI TUZLA İSTANBUL;(216) 3042289;www.erametalurji.com.tr;erametalurji.com.tr;ÇİB - Çelik İhracatçıları Birliği
MASTER DECOS ELEKTRONİK TİC. LTD. ŞTİ.;MEHMET AKİF MAH. TAVUKÇUYOLU CAD. ALTUNLAR İŞ MERK150/4 ÜMRANİYE İSTANBUL;;www.masterdecos.com;masterdecos.com;ÇİB - Çelik İhracatçıları Birliği
ENTEMA ENDUSTRIYEL TESISLER VE MAKINA SAN.LTD.STI.;YENI SANAYI SIT.M10 BLOK NO.5 ÇORLU TEKİRDAĞ;;www.entema.com.tr;entema.com.tr;ÇİB - Çelik İhracatçıları Birliği
BAŞAK ZIRAAT DIŞ TIC.LTD.ŞTI.;SULAR İDARESİ HAMİDİYE MAH.GİRNE CAD.DİLAVER SOK.NO:23 KAĞITHANE İSTANBUL;(212) 3211881;www.basakziraat.com;basakziraat.com;ÇİB - Çelik İhracatçıları Birliği
BALKAN ORMAN VE TARIM ÜRÜNLERİ SAN. TİC. LTD. ŞTİ.;ABDI IPEKCI CAD.NO.53 K.1 BAYRAMPAŞA İSTANBUL;02125657308;www.balkanorman.com;balkanorman.com;ÇİB - Çelik İhracatçıları Birliği
ORGANİK KİMYA SAN. VE TİC. AŞ;CENDERE YOLU NO:146 MİMAR SİNAN MAH KEMERBURGAZ EYÜP İSTANBUL;02123310000;www.organik.com.tr;organik.com.tr;ÇİB - Çelik İhracatçıları Birliği
ÖZRE MARINE SERVICES DENİZCİLİK ANONİM ŞİRKETİ;EVLİYA ÇELEBİ MAH.AKGÜL SOK NO:4A TUZLA İSTANBUL;(216) 4472180;www.ozgurmarine.com;ozgurmarine.com;ÇİB - Çelik İhracatçıları Birliği
ABC KİMYASAL VE YAPI MALZEMELERİ SANAYİ VE TİCARET LİMİTED ŞİRKETİ;ATATÜRK MH.42 A ADA GARDENYA 7/1 NO:88 KAT:14 ATAŞEHİR ATAŞEHİR İSTANBUL;(216) 4558454;www.abcpartners.net;abcpartners.net;ÇİB - Çelik İhracatçıları Birliği
DURMAZ VİDA SANAYİ VE TİCARET LTD STI;ORTA MAH. ATAYOLU CAD. ERDEM SANSİT. F1 BLOK NO6-10 TUZLA İSTANBUL;(216) 3148324;http://www.durmazvida.com.tr;durmazvida.com.tr;ÇİB - Çelik İhracatçıları Birliği
PB HİDROLİK BORU VE BAĞLANTI ELEMANLARI TİC. LTD. ŞTİ.;İ.O.S.B ÇEVRE SANAYİ SİTESİ 9. BLOK NO:24 BAŞAKŞEHİR İSTANBUL;(212) 4857271;https://www.pbpaslanmaz.com;pbpaslanmaz.com;ÇİB - Çelik İhracatçıları Birliği
TİTGEMEYER TURKEY BAĞLANTI TEKNOLOJİLERİ SANAYİ VE TİCARET ANONİM ŞİRKETİ;BARBAROS MAH. IHLAMUR BLV. SARKAÇ SOK. MY PRESTİGEİŞ.M.NO.1 K.8 D:58 ATAŞEHİR İSTANBUL;(216) 6882027;www.titgemeyer.com.tr;titgemeyer.com.tr;ÇİB - Çelik İhracatçıları Birliği
YAVUZLAR ALÜMİNYUM ANONİM ŞİRKETİ;DUDULLU OSB MH 4.CD FABRİKALAR SİTESİ NO:4 ÜMRANİYE İSTANBUL;(216) 5270210;www.yavuzlaraluminyum.com.tr;yavuzlaraluminyum.com.tr;ÇİB - Çelik İhracatçıları Birliği
GÜÇBİR JENERATÖR SANAYİ VE TİCARET ANONİM ŞİRKETİ;ŞERİFALİ MAH. TAVUKÇUYOLU CAD. NO: 200 ÜMRANİYE İSTANBUL;(216) 3127979;www.gucbirjenerator.com;gucbirjenerator.com;ÇİB - Çelik İhracatçıları Birliği
ARLE MÜH. İNŞ. YAPI OTOM. SAN. VE TİC. LTD. ŞTİ.;ESENEVLER MAH. DR. RÜSTEM EYÜBOĞLU SOK. NO:32/B ÜMRANİYE İSTANBUL;(216) 3353200;www.arle.com.tr;arle.com.tr;ÇİB - Çelik İhracatçıları Birliği
ALPTEKİN MAKİNA ISI SANAYİ VE TİCARET A.Ş.;2. ORG SAN BÖL. 5.CADDE NO:14 YEŞİLYURT MALATYA;(422) 3363445;www.alptekingroup.com;alptekingroup.com;ÇİB - Çelik İhracatçıları Birliği
ÇAĞATAY KABLO SAN. VE TİC. A.Ş.;FEVZİPAŞA MAH.SÖĞÜT CAD.NO:2 SİLİVRİ İSTANBUL;(212) 7388484;www.cagataykablo.com;cagataykablo.com;ÇİB - Çelik İhracatçıları Birliği
ÖZER ÇELİK BÜRO MOBİLYA SANAYİ VE TİCARET LİMİTED ŞİRKETİ;KERESTECİLER SİT. 27 BLOK NO:15 İKİTELLİ BAŞAKŞEHİR İSTANBUL;(212) 5495425;www.ozercelik.com;ozercelik.com;ÇİB - Çelik İhracatçıları Birliği
LOGO MARKET EKİPMANLARI VE SOĞUTMA SANAYİ DIŞ TİC. LTD.ŞTİ.;EMEK MAH. ŞEMS CAD. NO:7-1 SANCAKTEPE İSTANBUL;(216) 5754275;www.logoraf.com;logoraf.com;ÇİB - Çelik İhracatçıları Birliği
TEKNO KAUÇUK SANAYİİ ANONİM ŞİRKETİ;GEBZE ORGANIZE SAN.BOLGESI IHSANDEDE CAD. DOGAN LASTIK FAB. NO.126 GEBZE KOCAELİ;(262) 9992100;www.teknokaucuk.com;teknokaucuk.com;ÇİB - Çelik İhracatçıları Birliği
STAR MUTFAK VE MOBİLYA AKSESUARLARI SAN. VE TİC. A.Ş.;VELİMEŞE OSB MH 236 SK NO:18 ERGENE TEKİRDAĞ;(000) 4445354;www.starax.com.tr;starax.com.tr;ÇİB - Çelik İhracatçıları Birliği
AKSAN İHRACAT TİCARET A.Ş.;BEYLİKDÜZÜ OSB MH KARANFİL CD BAKIR VE PİRİNÇ SAN SİT NO:15/1 BEYLİKDÜZÜ İSTANBUL;(212) 8764720;www.aksan-co.com;aksan-co.com;ÇİB - Çelik İhracatçıları Birliği
DEKAP KAPLAMA MAKİNE YÜZEY TEKNOLOJİLERİ SAN.VE DIŞ TİC.A,Ş.;TUNABOYU SOKAK NO:13 HADIMKÖY ÖMERLİ ARNAVUTKÖY İSTANBUL;(216) 5768334;www.dekap.com.tr;dekap.com.tr;ÇİB - Çelik İhracatçıları Birliği
ELECTRA PROJE ELEK.MÜH.TAAH.İNŞ.ARAÇ K.İ.İ. VE TİC.A.Ş.;ALAADDİN BEY MH.641.SK. NO:4B/B NİLÜFER BURSA;(224) 2204422;www.electramuhendislik.com;electramuhendislik.com;ÇİB - Çelik İhracatçıları Birliği
GARİPOĞLU ELEKTRİK ELEKTRONİK YENİLENEBİLİR ENERJİ GÜVENLİK SİSTEMLERİ TİCARET LİMİTED ŞİRKETİ;HİSAR MAH. KIRAÇ SK. NO: 4 /2 GEMLİK BURSA;;http://www.info@garipoglu.net;info@garipoglu.net;ÇİB - Çelik İhracatçıları Birliği
ALYAP ALÜMMİNYUM PLASTİK METAL YAPİ İNŞAAT TAAHHÜT GIDA SANAYİ VE TİCARET LİMİTED ŞİRKETİ;EKŞİOĞLU MAH. T. ÖZAL CAD. NO:169 ÇEKMEKÖY İSTANBUL;(216) 4295338;www.alyap.com;alyap.com;ÇİB - Çelik İhracatçıları Birliği
WIKA INSTRUMENTS ISTANBUL BASI VE SIC.OL.CIH.ITH.IHR.TIC.LT.S;BAYRAKTAR BULVARI NO 21 YUKARI DUDULLU YUKARIDUDULLU ÜMRANİYE İSTANBUL;02164159066;www.wika.com.tr;wika.com.tr;ÇİB - Çelik İhracatçıları Birliği
FORMÜL KAUÇUK ÜRÜNLERİ SANAYİ VE TİCARET LİMİTED ŞİRKETİ;İKİTELLİ OSB. MUTSAN SAN. SİTESİ 10. BLOK NO:21 BAŞAKŞEHİR İSTANBUL;(212) 4858586;http://www.kaucuk.com;kaucuk.com;ÇİB - Çelik İhracatçıları Birliği
SOLVENTA DIŞ TİCARET LİMİTED ŞİRKETİ;MALTEPE MAH. LONDRA ASFALTI CAD. AVRUPA 5 NO: 32 A ZEYTİNBURNU İSTANBUL;(212) 0000000;http://www.solventaltd.com;solventaltd.com;ÇİB - Çelik İhracatçıları Birliği
SIEMENS HEALTHCARE SAĞLIK A.Ş.;ESENTEPE MAH.YAKACIK CAD.N:111 KARTAL İSTANBUL;(216) 4592372;www.healthcare.siemens.com;healthcare.siemens.com;ÇİB - Çelik İhracatçıları Birliği
ELİAR ELEKTRONİK SANAYİ A. Ş.;ESENTEPE MAH. SAĞLAM FİKİR SOK. NO:1 ŞİŞLİ İSTANBUL;(212) 2743031;www.eliar.com.tr;eliar.com.tr;ÇİB - Çelik İhracatçıları Birliği
DURUPLAST PROFİL ENJEKSİYON VE KALIP SİSTEMLERİ SANAYİ TİCARET LİMİTED ŞİRKETİDURUPLAST PROFİL ENJEK;TDOSB KADİFE CD NO.7 TUZLA İSTANBUL;(216) 3940175;http://www.duruplast.com.tr;duruplast.com.tr;ÇİB - Çelik İhracatçıları Birliği
NETRA MİMARLIK ELEKTRİK İNŞAAT SANAYİ VE TİCARET LİMİTED ŞİRKETİ;ORUÇREİS MAH. TEKSTİLKENT CAD. TEKSTİLKENT B13BLOK NO: 10 Y İÇ KAPI NO: 108 ESENLER İSTANBUL;(212) 8716675;http://www.netramimarlık.com.tr;netramimarlık.com.tr;ÇİB - Çelik İhracatçıları Birliği
TAÇ MUTFAK EŞYALARI AMB. İNŞ. İML. SAN. VE TİC. LTD. ŞTİ.;KAYABAŞI MAH. ISTIKLAL CD.BAŞAK SK. NO.10 KÜÇÜKÇEKMECE İSTANBUL;02126910621;www.tacmutfak.com;tacmutfak.com;ÇİB - Çelik İhracatçıları Birliği
METE PLASTİK SANAYİ VE TİCARET ANONİM ŞİRKETİ;BOSB MERMERCİLER SAN SİT 10. CD NO:4 YAKUPLU BEYLİKDÜZÜ İSTANBUL;(212) 8754333;www.mete.com.tr;mete.com.tr;ÇİB - Çelik İhracatçıları Birliği
ÇİĞDEM AYAĞ;YENİŞEHİR MAH. OSMANLI BUL. VOLUME İSTANBUL NO: 9 İÇ KAPI NO: 77 PENDİK İSTANBUL;(216) 0000000;http://www.cwttrade.com;cwttrade.com;ÇİB - Çelik İhracatçıları Birliği
NOVA ELEKTRİK SANAYİ VE TİCARET ANONİM ŞİRKETİ;KARAYOLLARI MAH. CEBECİ CAD. NO:146 SULTANGAZİ GAZİOSMANPAŞA İSTANBUL;(212) 4770075;www.novaelectric.com.tr;novaelectric.com.tr;ÇİB - Çelik İhracatçıları Birliği
GOATEK TEKNOLOJİ VE YAZILIM ÇÖZÜMLERİ LİMİTED ŞİRKETİ;BARBAROS HAYRETTİN PAŞA MAH.1992 SOK.NO:16 DAİ:183 ESENYURT İSTANBUL;(212) 9998030;www.goateknoloji.com;goateknoloji.com;ÇİB - Çelik İhracatçıları Birliği
BECMA TAV OCAĞI VE EKİPMANLARI SAN.TİC.LTD.ŞTİ;SARAY MH SANAYİ CD. GÜVEN SAN SİT C BLOK NO:3C/38 ÜMRANİYE İSTANBUL;(000) 0000000;www.becma.com.tr;becma.com.tr;ÇİB - Çelik İhracatçıları Birliği
AHŞAP ÜRÜNLER SANAYİ ANONİM ŞİRKETİ;EMEK MAH. SİVAT CADDESİ NO.7 34785 SANCAKTEPE İSTANBUL;(216) 4664343;www.ahsap.com.tr;ahsap.com.tr;ÇİB - Çelik İhracatçıları Birliği
ABB ELEKTRİK SANAYİ ANONİM ŞİRKETİ;AYDINEVLER MAHALLESİ SİTELER YOLU NO: 1A / 7 34854 MALTEPE İSTANBUL;(216) 5282200;https://new.abb.com/tr;new.abb.com;ÇİB - Çelik İhracatçıları Birliği
EUROOFAN HAVALANDIRMA SANAYİ VE DIŞ TİCARET LİMİTED ŞİRKETİ;AKÇABURGAZ MH 3028 SK 9. SAN SİTESİ NO:23 ESENYURT İSTANBUL;(212) 6135520;www.euroofanhavalandirma.com.tr;euroofanhavalandirma.com.tr;ÇİB - Çelik İhracatçıları Birliği
CANOVATE ELEKTRONIK ENDUSTRI VE TICARET ANONİM ŞİRKETİ;EKŞİOĞLU MAH. ATABEY CAD. NO:12/1 34782 ÇEKMEKÖY İSTANBUL;(216) 4842222;www.canovate.com;canovate.com;ÇİB - Çelik İhracatçıları Birliği
GORGU HIDROLIK VE MAK.TEKNIK TIC.SAN.A.S.;DUDULLU IMES SAN. SIT. E BLOK503 SOK. NO.56/A ÜMRANİYE İSTANBUL;(216) 4993696;www.gorgu-hidrolik.com;gorgu-hidrolik.com;ÇİB - Çelik İhracatçıları Birliği
PERMİSAN İNŞAAT DEKORASYON SAN. TİC. LTD. ŞTİ.;HÜRRİYET MAH. TAŞOCAGI CAD. NO.22/A ÇAĞLAYAN KAĞITHANE İSTANBUL;(212) 3436686;www.permisan.com.tr;permisan.com.tr;ÇİB - Çelik İhracatçıları Birliği
BURHANZADE İNŞAAT YATIRIM ANONİM ŞİRKETİ;KEMAL TÜRKLER MAH. ATATÜRK CADDESİ NO:166 /A SANCAKTEPE İSTANBUL;(216) 4966677;www.asrinaluminyum.com;asrinaluminyum.com;ÇİB - Çelik İhracatçıları Birliği
BURÇMETAL PLASTİK ÇELİK ANONİM ŞİRKETİ;İNÖNÜ MAH. GEBZE PLASTİKÇİLER OSB CUMHURİYET CD. NO.35 GEBZE / KOCAELİ GEBZE KOCAELİ;;www.burcmetal.com;burcmetal.com;ÇİB - Çelik İhracatçıları Birliği
CETINTAS LPG CNG YAKIT SIS.OTO .PE.UR.MAK.SAN.VE TIC.LTD.STI.;RAMI KIŞLA CD.APEK ÜRETMEN IŞMERKEZI B BLOK N:2 EYÜP İSTANBUL;02124933488;www.nlplpg.com;nlplpg.com;ÇİB - Çelik İhracatçıları Birliği
MUZE YAPI İNŞAAT ANONİM ŞİRKETİ;ZÜMRÜTEVLER MAH. HACI BAYRAM VELİ CAD. NİSH ADALARSİT. 24 BLOK NO:13 / 35 PENDİK İSTANBUL;;www.eorconstruction.com;eorconstruction.com;ÇİB - Çelik İhracatçıları Birliği
EKO PROFİL MAKİNA SİSTEMLERİ SAN. VE TİC. LTD.ŞTİ.;FENERKÖY MAH. MAKBULE HANIM CAD. NO:79/1 P.K.34570 FENERKÖY MAH SİLİVRİ İSTANBUL;(212) 7172510;www.ekoprofil.com.tr;ekoprofil.com.tr;ÇİB - Çelik İhracatçıları Birliği
IRMAKLAR PASLANMAZ ÇELİK VE MÜHENDİSLİK SANAYİ TİCARET LİMİTED ŞİRKETİ;İKİTELLİ OSB MH TORMAK SAN SİT S BLOK NO:23 BAŞAKŞEHİR İSTANBUL;;www.irmaklarpaslanmaz.com.tr;irmaklarpaslanmaz.com.tr;ÇİB - Çelik İhracatçıları Birliği
KGD GRAFİT METAL VE ENDÜSTRİ MALZEMELERİ SANAYİ TİCARET LİMİTED ŞİRKETİ;TEPEÖREN MH. ESKİ ANKARA ASFALTI CD. TGM SAN. SİT. G BLOK NO:204/7 TUZLA İSTANBUL;(216) 3788711;www.kgd.com.tr;kgd.com.tr;ÇİB - Çelik İhracatçıları Birliği
ARGUN INTERNATIONAL ALÜMİNYUM İTHALAT İHRACAT LİMİTED ŞİRKETİ;MASLAK MAH. BİLİM SK. SUN PLAZA NO:5 A İÇKAPI NO:15 SARIYER İSTANBUL;(212) 0000000;http://www.argun-international.com;argun-international.com;ÇİB - Çelik İhracatçıları Birliği
ŞİMŞEK GÜNEŞ KOLLEKTÖRLERİ ALM. İNŞAAT GIDA NAKLİYE SANAYİ VE TİCARET LİMİTED ŞİRKETİ;AKBELEN BULVARI 221/A Merkez MERSIN;03243241235;www.simseksolar.com;simseksolar.com;ÇİB - Çelik İhracatçıları Birliği
AZRA İNŞAAT - ERSOY ERÇİN;KAMİLOBA MH. M.KEMAL ATATÜRK CD. CAMİ SK. 7 BÜYÜKÇEKMECE İSTANBUL;(212) 6717288;www.azragrup.com;azragrup.com;ÇİB - Çelik İhracatçıları Birliği
ERDOĞANLAR ALÜMİNYUM SAN. VE TİC. AŞ;ATATÜRK MAH. ORHAN VELİ CAD. NO:9 KIRAÇ ESENYURT İSTANBUL;(212) 8865577;www.erdoganlar.com;erdoganlar.com;ÇİB - Çelik İhracatçıları Birliği
DOKAKSAM DOKUMA MAK.AKSAMI SAN VE TİC.A.Ş.;KARAAGAÇ MAH. HADIMKÖY İSTANBUL CAD. NO:22/A BÜYÜKÇEKMECE BÜYÜKÇEKMECE İSTANBUL;02128580426;www.dokaksam.com.tr;dokaksam.com.tr;ÇİB - Çelik İhracatçıları Birliği
AYDE SİSTEM TEKNİK YAPI MALZEMELERİ SANAYİ VE TİCARET LİMİTED ŞİRKETİ;ATAKENT MAH. TURGUT ÖZAL BULVARI DUMANKAYAMİKS.SİT. B/3 BLOK NO 48/3 KÜÇÜKÇEKMECE İSTANBUL;(212) 8773742;http://www.fidoor.com.tr;fidoor.com.tr;ÇİB - Çelik İhracatçıları Birliği
GÜMÜŞEL ENDÜSTRİ ANONİM ŞİRKETİ;15 TEMMUZ MAH. KOÇMAN CAD.NO:18 A BAĞCILAR İSTANBUL;(212) 2388052;www.gumuselrulman.com;gumuselrulman.com;ÇİB - Çelik İhracatçıları Birliği
BULENT KLISECILIK GRAFIK SANAYİ VE TICARET ANONİM ŞİRKETİ;ABDI IPEKCI CAD.1.EMINTASNO.158/209-210 BAYRAMPAŞA İSTANBUL;02126122710;www.bulentklise.com.tr;bulentklise.com.tr;ÇİB - Çelik İhracatçıları Birliği
UVMAK MÜHENDİSLİK VE TEKSTİL DIŞ TİCARET LİMİTED ŞİRKETİ;CİVAN SOKAK ALLURE TOWER İSTANBUL SİTESİ NO :1 D:271 AVCILAR/İSTANBUL ÜNİVERSİTE 34310 AVCILAR İSTANBUL;(212) 0000000;www.uvmak.com;uvmak.com;ÇİB - Çelik İhracatçıları Birliği
ROTA ELEKTRIK MALZ.SANAYI VE TICARET LTD.STI.;OKÇUMUSA CAD. MIDILLI SOKAKGOLDAGI IS MERK.NO:2/205 K:2 BEYOĞLU İSTANBUL;02122431180;www.rotaelektrik.com.tr;rotaelektrik.com.tr;ÇİB - Çelik İhracatçıları Birliği
EZER OTOMATIK KAPI SISTEMLERI ANONİM ŞİRKETİ;OSMANGAZI MAH.YILDIRIM BEYAZIT CD.NO.7 K.B1 SANCAKTEPE SAMANDIRA SANCAKTEPE İSTANBUL;(216) 3118300;www.paw.com.tr;paw.com.tr;ÇİB - Çelik İhracatçıları Birliği
AKYOL TİCARET DEĞİRMEN LEVAZIMATI LİMİTED ŞİRKETİ;NECATIBEY C.HOCA TAHSIN S.NO.11 BEYOĞLU İSTANBUL;02122442150;www.akyol.net;akyol.net;ÇİB - Çelik İhracatçıları Birliği
GOLD VAKUM SİSTEMLERİ VE MAKİNA SAN. VE TİC. LTD. ŞTİ.;IKITELLI ORG.SAN.BOL.METAL IS.KOOP.8.BLOK NO.28-30 KÜÇÜKÇEKMECE İSTANBUL;02125498067;www.goldmakina.com;goldmakina.com;ÇİB - Çelik İhracatçıları Birliği
PORTUNUS AES YEDEK PARÇA VE SERVİS ANONİM ŞİRKETİ;TUZLA KİMYA SANA.O.S.B.MELEKARAS BULV.ANALİTİK CAD.N:48/3 TUZLA İSTANBUL;(216) 5719000;www.portunus.com;portunus.com;ÇİB - Çelik İhracatçıları Birliği
NG ULUSLARARASI DAYANIKLI TÜKETİM MALLARI SAN.VE DIŞ TİC.LTD.ŞTİ.;MAHMUTBEY MAH.TAŞOCAĞI CAD.AĞAOĞLU MY OFFİCE 212 N.K24/394 MAHMUTBEY BAĞCILAR İSTANBUL;(212) 8013501;www.nginternational.com.tr;nginternational.com.tr;ÇİB - Çelik İhracatçıları Birliği
INTETRA TEKNOLOJİ VE BİLİŞİM HİZMETLERİ ANONİM ŞİRKETİ;BARAJ YOLU CAD. ARAL SOK. ÖZKANCA PLAZA NO:4/8 ATAŞEHİR İSTANBUL;(216) 4568641;www.intetra.com;intetra.com;ÇİB - Çelik İhracatçıları Birliği
KLEPSAN KLAPE VANA ÖLÇÜ ALETLERİ SAN.TİC. LTD.ŞTİ.;ARAP CAMİ MAH. HOCA HANIM SK. İŞ YERİ NO:10/A PK-34555 BEYOĞLU İSTANBUL;(216) 7983745;www.klapsan.com;klapsan.com;ÇİB - Çelik İhracatçıları Birliği
ASMAŞ AĞIR SANAYİ MALZEMELERİ İMALALAT VE TİCARET ANONM ŞİRKETİ;ATATÜRK MAH.ATAŞEHİR BULVARI. GARDENYAPLAZA 3 KAT:13 NO:20 ATAŞEHİR İSTANBUL;02164559250;www.asmas.com.tr;asmas.com.tr;ÇİB - Çelik İhracatçıları Birliği
TEMPA PANO SANAYI VE TICARET A .S.;MAKİNE İHTİSAS ORGANİZE SAN. BÖL. 2.CADDE NO: 1 DEMİRCİLER KÖYÜ DİLOVASI KOCAELİ;;www.tempa.com.tr;tempa.com.tr;ÇİB - Çelik İhracatçıları Birliği
TEKNİK ARITMA MÜHENDİSLİK MÜŞAV.HİZM.TAAH.TİC.SAN.LTD.ŞTİ.;İKİTELLİ ORG. SAN.BÖL.ATATÜRK BUL.19.CD.BİKSAN SAN.SİT.C BLOK N:16-17 İKİTELLİ BAŞAKŞEHİR İSTANBUL;(212) 4444823;http://www.teknikaritma.com.tr;teknikaritma.com.tr;ÇİB - Çelik İhracatçıları Birliği
MARBLE HANDS İNŞAAT PROJE TAAHHÜT LİMİTED ŞİRKETİ;İCADİYE MAHALLESİ HAŞACI RAİF SOKAK NO:34 D:5 ÜSKÜDAR İSTANBUL;;http://www.marblehands.com;marblehands.com;ÇİB - Çelik İhracatçıları Birliği
İBC DIŞ TİCARET ANONİM ŞİRKETİ;BARBAROS MAH.AK ZAMBAK SOK.UPHILL TOWERS NO:3A/139 ATAŞEHİR İSTANBUL;(212) 2170560;http://www.uskonsept.com.tr;uskonsept.com.tr;ÇİB - Çelik İhracatçıları Birliği
TVH YEDEK PARÇA TİC. A.Ş.;İKİTELLİ O.S.B. DEMİRCİLER SANAYİ SİTESİ A2 BLOK NO:32 BAŞAKŞEHİR İSTANBUL;(212) 6714884;www.tvh.com;tvh.com;ÇİB - Çelik İhracatçıları Birliği
DEFANS ENDUSTRİ SAVUNMA MÜHENDİSLİK SANAYİ TİC. LTD. ŞTİ;CEVİZLİ MAH. ENDERUN SK.NO:10/C DAİRE 7 34 865 KARTAL İSTANBUL;(216) 3203096;defansendustri.com;defansendustri.com;ÇİB - Çelik İhracatçıları Birliği
HAT SINAİ VE TIBBİ GAZLAR A.Ş.;FETHIYE C. N:8/2 Merkez KOCAELİ;02623512510;www.hatgrup.com;hatgrup.com;ÇİB - Çelik İhracatçıları Birliği
DAMLACAN METAL SANAYİ VE TİCARET A.Ş.;IŞIKTEPE OSB MH. KAHVERENGİ CD. NO:16 NİLÜFER BURSA;(224) 2800000;www.eurometall.com.tr;eurometall.com.tr;ÇİB - Çelik İhracatçıları Birliği
ERDOS METAL PLASTİK İTH.İHR.LTD.ŞTİ.;KARAYOLLARI MH.KADİR AKDOĞAN CD. NO:5/7 KÜÇÜKKÖY GAZİOSMANPAŞA İSTANBUL;(212) 4798687;www.ercikaplastik.com.tr;ercikaplastik.com.tr;ÇİB - Çelik İhracatçıları Birliği
SEMİH KİNİN;İKİTELLİ OSB MH ESENLER SAN SİT İŞLETME KOOP.16 BLOK NO:1/2 BAŞAKŞEHİR İSTANBUL;(212) 4071700;www.trendhirdavat.com;trendhirdavat.com;ÇİB - Çelik İhracatçıları Birliği
TİGEMER DANIŞMANLIK VE DIŞ TİC. LTD. ŞTİ.;MESCİT MH KEŞAN YOLU CD A BLOK NO:7A UZUNKÖPRÜ EDİRNE;(850) 8888844;www.tigemer.com;tigemer.com;ÇİB - Çelik İhracatçıları Birliği
TAN ALUMINYUM SAN.VE TIC. LTD.STI.;GUMUS PINAR MAH. KAYISI CAD.NO.29/1 KARTAL İSTANBUL;(262) 7515140;www.tanaluminyum.com;tanaluminyum.com;ÇİB - Çelik İhracatçıları Birliği
CEPHEM YAPI MÜHENDİSLİK İNŞAAT SANAYİ VE TİCARET LİMİTED ŞİRKETİ;MAREŞAL ÇAKMAK MAH. HÜSEYİN SK. DÜLGER NO:6 A GÜNGÖREN İSTANBUL;(212) 6492558;https://cephem.com/;cephem.com;ÇİB - Çelik İhracatçıları Birliği
GOLD PLASTİK PROFİL İMALAT SAN. VE TİC. AŞ.;HARAÇÇI MH HADIMKÖY YOLU CD NO:16/1 HARAÇCI ARNAVUTKÖY İSTANBUL;(212) 5953720;www.goldplastik.com;goldplastik.com;ÇİB - Çelik İhracatçıları Birliği
BUTA PLASTİK KALIP MAKİNE VE TEÇHİZAT İTH. İHR. TİC. LTD. ŞTİ.;İKİTELLİ OSB MH BİKSAN SAN SİT D BLOK NO:1/90 BAŞAKŞEHİR İSTANBUL;(212) 6932882;www.butaplastic.com;butaplastic.com;ÇİB - Çelik İhracatçıları Birliği
ERBE INS.KLP.ISKELE SIS. ITH.I HR.PAZ.SAN.VE TIC.LTD.STI.;KONAK CAD. NO.10/A HABİBLERBLOK NO:42 SULTANGAZİ İSTANBUL;(212) 5951567;www.erbekalip.com;erbekalip.com;ÇİB - Çelik İhracatçıları Birliği
GREİF PLASTİK AMBALAJ SANAYİ AŞ;GEBZE DİLOVASI OSB MAHALLESİ CEYHAN CADDESİ FABRİKA BLOK NO 2 GEBZE KOCAELİ;(262) 6737700;http://www.greif.com.tr;greif.com.tr;ÇİB - Çelik İhracatçıları Birliği
FABBA KAPI MUTFAK İNŞAAT SANAYİ TİCARET LİMİTED SİRKETİ;SIRAMEŞELER MAH. MUDANYA CADDESİ DELTADOR 178 OSMANGAZİ BURSA;(224) 2331191;www.fabba.com.tr;fabba.com.tr;ÇİB - Çelik İhracatçıları Birliği
GAZAR GAZ ARMATÜRLERİ SANAYİ VE TİCARET LİMİTED ŞİRKETİ;İKİTELLİ OSB MH İPKAS SAN SİT 3 ETAP D BLOK NO:34 BAŞAKŞEHİR İSTANBUL;(212) 0000000;www.gazar.com.tr;gazar.com.tr;ÇİB - Çelik İhracatçıları Birliği
AKSTEEL ÇELİK ÇEKME BORU İÇ VE DIŞ TİC.SAN.LTD.ŞTİ.;İKİTELLİ OSB MAH. DEMİRCİLER B6 BLOK SK. DEMIRCİLESANAYİ B6 BLOK NO: 133 IC KAPI NO: 133 BAŞAKŞEHİR İSTANBUL;(212) 5497772;http://www.aksteelsanayi.com;aksteelsanayi.com;ÇİB - Çelik İhracatçıları Birliği
FLO KONTROL ENDÜSTRİYEL OTOMASYON SAN. VE TİC. LTD. ŞTİ.;VELİMEŞE ORG. SANAYİ BÖLGESİ MAH.124 SOK. NO.2/A ERGENE TEKİRDAĞ TEKİRDAĞ;;www.flokontrol.com;flokontrol.com;ÇİB - Çelik İhracatçıları Birliği
ÇERMİK SU ARMATÜRLERİ İNŞAAT TEKSTİL SAN. VE TİC. LTD. ŞTİ.;MAHMUTBEY MAH. İSTOÇ 28 ADA NO:51 MAHMUTBEY BAĞCILAR İSTANBUL;;www.cermik.com.tr;cermik.com.tr;ÇİB - Çelik İhracatçıları Birliği
H2H DAYANIKLI TÜKETİM MALLARI SANAYİ TİCARET LİMİTED ŞİRKETİ;AKSARAY MAH.NAMIK KEMAL CAD.KULE BOYU SOK.NO :20 FATİH İSTANBUL;02125295774;www.harlem.com.tr;harlem.com.tr;ÇİB - Çelik İhracatçıları Birliği
SANTES MAKINA TESİSAT İMAL. SAN TIC. LTD. ŞTİ;DES SAN. SİT. A 11 BLOK 107 SOK. NO:26 ÜMRANİYE İSTANBUL;(216) 3133408;www.santesmakina.com.tr;santesmakina.com.tr;ÇİB - Çelik İhracatçıları Birliği
AK PAZARLAMA TURİZM SAN. VE TİC. LTD. ŞTİ.;KARAYOLLARI MAH. KADİRAKDOĞAN CAD. NO:63NO:63 KÜÇÜKKÖY GAZİOSMANPAŞA İSTANBUL;(212) 6495767;www.akpazarlama.com.tr;akpazarlama.com.tr;ÇİB - Çelik İhracatçıları Birliği
BOYUT SANAYI MALZEMELERI IMALAT VE TICARET LİMİTED ŞİRKETİ;DEMIRCILER SITESI 4.YOL NO.17 SEYİTNİZAM 34015 ZEYTİNBURNU İSTANBUL;(212) 5588220;www.boyut-ltd.com;boyut-ltd.com;ÇİB - Çelik İhracatçıları Birliği
ASKOM ALÜMİNYUM CEPHE SİSTEMLERİ İNŞAAT PAZARLAMA SANAYİ VE TİCARET LTD.ŞTİ.;İOSB PİK DÖKÜMCÜLER SAN SİT A-1 BLOK NO:13-16 BAŞAKŞEHİR İSTANBUL;(212) 4852366;www.askomaluminyum.com;askomaluminyum.com;ÇİB - Çelik İhracatçıları Birliği
NUROL İNŞAAT VE TİCARET ANONİM ŞİRKETİ;MASLAK MAH. BÜYÜKDERE CAD. NUROL PLAZA NO:255 KAT:19 İÇ KAPI NO:1902 SARIYER İSTANBUL;(212) 2868010;https://www.nurolinsaat.com.tr/;nurolinsaat.com.tr;ÇİB - Çelik İhracatçıları Birliği
BALIKESIR ELEKTRO MEKANIK SAN. TESISLERI A.S.;ORGANIZE SANAYI BÖL 7.CAD NO110100 BALIKESİR BALIKESİR;02662811070;www.besttransformer.com;besttransformer.com;ÇİB - Çelik İhracatçıları Birliği
ÇETİN METAL DİLME SAN.VE TİC. LTD. ŞTİ.;ŞEKERPINAR MAH.OMSAN YOLU SOK. NO:28 ÇAYIROVA KOCAELİ;(262) 6582640;www.cetinmetal.net;cetinmetal.net;ÇİB - Çelik İhracatçıları Birliği
ORHANGAZİ DİZAYN MAKİNA İMALATI METAL NAKLİYE ARAÇ VE İŞ MAKİNALARI KİRALAMA GIDA SAN VE TİC LTD ŞTİ;GEDELEK MAH.AÇMALAR SAN.SİT.SK. NO:6/8 ORHANGAZİ BURSA;(224) 5865252;http://www.orhangazidizaynmakina.com;orhangazidizaynmakina.com;ÇİB - Çelik İhracatçıları Birliği
ANGEL POOL ART TASARIM SANAYİ LİMİTED ŞİRKETİ;TUNA MAHALLESİ 5615 SOKAK NO:8 BORNOVA İZMİR;(232) 4868682;http://www.angelpoolart.com;angelpoolart.com;ÇİB - Çelik İhracatçıları Birliği
ATA TEKNİK ENDÜSTRİYEL TEKNOLOJİLER SAN. VE TİC. LTD. ŞTİ.;KAVAKLI MH. KÖPRÜLÜ MEHMET PAŞA SK. NO:24 İÇ KAPI NO:2 BEYLİKDÜZÜ İSTANBUL;;www.atateknik.com.tr;atateknik.com.tr;ÇİB - Çelik İhracatçıları Birliği
TEKNUR METAL SANAYİ VE TİCARET LİMİTED ŞİRKETİ;ESENKENT MAH. CEYHAN SOKAK NO:11A ÜMRANİYE İSTANBUL;(216) 4204000;www.teknur.com;teknur.com;ÇİB - Çelik İhracatçıları Birliği
ERNA-MAŞ MAKİNA TİCARET VE SANAYİ ANONİM ŞİRKETİ;HADIMKÖY MAHALLESİ , PROF.MEHMET BOZKURT CD.NO:1 ÇATALCA İSTANBUL;(212) 8662200;www.ernamas.com.tr;ernamas.com.tr;ÇİB - Çelik İhracatçıları Birliği
AKOMAY LOJİSTİK ANONİM ŞİRKETİ;KOSUYOLU MAH. KATIP SALIH SK. NO: 4 KADIKÖY İSTANBUL;(216) 2960132;http://www.akomay.com;akomay.com;ÇİB - Çelik İhracatçıları Birliği
NİMBA İTHALAT İHRACAT LTD.ŞTİ.;ORHANGAZİ MAH 1646 SOK MİMSAN SAN.SİT39 BLOK NO:82 ESENYURT İSTANBUL;(212) 0000000;www.newnimba.com;newnimba.com;ÇİB - Çelik İhracatçıları Birliği
GRETSCH-UNITAS YAPI ELEMANLARI SAN.VE TİC.A.Ş.;OSMAN GAZI MAH. SEVIL CAD. NO 2 SANCAKTEPE İSTANBUL;0(216) 3117940;www.g-u.com.tr;g-u.com.tr;ÇİB - Çelik İhracatçıları Birliği
OMNİS KOMPOZİT SAN. VE TİC. LTD. ŞTİ.;ÇINARDERE MAH. AKSEKİ SOK. NO:2/A PENDİK İSTANBUL;(216) 3799220;www.omniskompozit.com;omniskompozit.com;ÇİB - Çelik İhracatçıları Birliği
EVDEMA YAPI MALZEMELERİ SAN. VE TİC. A.Ş.;TURGUT ÖZAL MAH. 68.NCİ NO.8 ESENYURT İSTANBUL;(212) 4560285;www.evdema.com;evdema.com;ÇİB - Çelik İhracatçıları Birliği
EKİN SMART CITY TEKNOLOJİ ANONİM ŞİRKETİ;MADEN MAH. GEDİZ SOK. NO:7 SARIYER İSTANBUL;(212) 4252624;www.ekin.tc;ekin.tc;ÇİB - Çelik İhracatçıları Birliği
SİNTAR MÜHENDİSLİK İNŞ. TAAH. SAN. VE TİC. LTD.ŞTİ.;2.CD. NO30/1 FERİZLİ OSB MH. SAPANCA SAKARYA;(264) 5829255;www.sntdrain.com.tr;sntdrain.com.tr;ÇİB - Çelik İhracatçıları Birliği
İZOPOLİ LAMBDA İNŞAAT SAN. VE TİC. A.Ş.;ATATÜRK MAH. SÜLÜN CAD ŞEREF SOK. N:28 ATAŞEHİR İSTANBUL;(216) 3983424;www.lambdainsaat.com;lambdainsaat.com;ÇİB - Çelik İhracatçıları Birliği
VEDARKO METAL YÜZEY İŞLEM TEKNOLOJİLERİ SAN. VE TİC. LTD. ŞTİ.;İKİTELLİ O.S.B.GALVANOTEKNİK SAN.SİT.D BLOK N:34 ALT KAT İKİTELLİ BAŞAKŞEHİR İSTANBUL;(212) 5498427;www.vedarkometal.com;vedarkometal.com;ÇİB - Çelik İhracatçıları Birliği
SAH METAL PERDE AKSESUAR VE DEK.SAN.TIC.LTD.STI.;ESENKENT MH BUYRUK SK NO:17 ÜMRANİYE İSTANBUL;(216) 5406777;www.guzzi.com.tr;guzzi.com.tr;ÇİB - Çelik İhracatçıları Birliği
ER EĞİLMEZ MİMARLIK SANAYİ VE TİCARET LİMİTED ŞİRKETİ;GAZİ OSMAN PAŞA MAH.AKBANK SOK.NO 8/502 ÇERKEZKÖY TEKİRDAĞ;(282) 7582917;www.ednopreminyum.com;ednopreminyum.com;ÇİB - Çelik İhracatçıları Birliği
DEMİRKOL LOJİSTİK DIŞ TİCARET LİMİTED ŞİRKETİ;ATATÜRK CADDESİ NO:199 ALİBEYKÖY EYÜP İSTANBUL;(212) 4279100;www.demirkollojistik.com;demirkollojistik.com;ÇİB - Çelik İhracatçıları Birliği
MAKKON MUH.MAKINE SAN.TIC.LTD. STI.;KONYA ORG.SAN.BÖL.BÜYÜK KAYACIK MH.406.SK.NO:16 SELÇUKLU KONYA;(332) 3451474;www.makkon.com.tr;makkon.com.tr;ÇİB - Çelik İhracatçıları Birliği
EGE ÇELİK ENDÜSTRİYEL MUTFAK VE METAL SANAYİ TİC. LTD. ŞTİ.;RAMİ YENİ MH HAVUZBAŞI SK ÜSTÜN YİLDİZ İS HANI NO:1/1 EYÜP İSTANBUL;(212) 2549241;www.endustriyelmutfakatolyesi.com.tr;endustriyelmutfakatolyesi.com.tr;ÇİB - Çelik İhracatçıları Birliği
ALTUNTAŞ HAVALANDIRMA TURİZM SAN.TİC.A.Ş.;AKSARAY OSB MEHMET ALTINSOY BULV.NO.23 AKSARAY AKSARAY;(382) 2662474;www.al-san.com;al-san.com;ÇİB - Çelik İhracatçıları Birliği
ADEM UZAK;FAZIL PAŞA CAD. AİLE BAHÇE LİTROSYOLU SOK. FEZA ISHANI NO.3 TOPKAPI ZEYTİNBURNU İSTANBUL;(212) 5775513;www.feza.com.tr;feza.com.tr;ÇİB - Çelik İhracatçıları Birliği
BOYLU ELEK VE METAL SAN.TIC. LTD.STI.;PERPA TIC.MERK.B BL.NO:739-741 ŞİŞLİ İSTANBUL;(212) 2224209;www.boylu.com.tr;boylu.com.tr;ÇİB - Çelik İhracatçıları Birliği
CNC İLERİ TEKNOLOJİ VE TİCARET A.Ş.;FERHATPAŞA MAH. ATATÜRK CAD. ÇATALCA UN SAN. SİT. 96 B1 / 96 C ÇATALCA İSTANBUL;(212) 7866200;www.cnc.com.tr;cnc.com.tr;ÇİB - Çelik İhracatçıları Birliği
PİŞKİN MAKİNA SAN. LTD. ŞTİ.;SEYİTNİZAM MAH. DEMİRCİLER SİT. 1. YOL NO:9 ZEYTİNBURNU İSTANBUL;(212) 4158915;www.piskinmakina.com;piskinmakina.com;ÇİB - Çelik İhracatçıları Birliği
M C S KELEPÇE VE HAVLUPAN İMALAT SANAYİ TİCARET LİMİTED ŞİRKETİ;KARAAĞAÇ MH HADIMKÖY İSTANBUL CD NO:12/A BÜYÜKÇEKMECE İSTANBUL;(212) 4858486;www.mcskelepce.com.tr;mcskelepce.com.tr;ÇİB - Çelik İhracatçıları Birliği
FORM 2000 KALIP SAN VE TIC A.S;TUZLA MERMERCILER ORG.SAN.BLG9.SK.NO:3 TUZLA İSTANBUL;02165931295;www.form2000.com.tr;form2000.com.tr;ÇİB - Çelik İhracatçıları Birliği
ETAP MÜHENDİSLİK HİZ.MAK.VE END.ÜRÜNLERİ SAN.TİC.LTD.ŞTİ.;ORHANTEPE MAH. ZEYTİNLİK CAD. NO:23/A 34865 RAHMANLAR KARTAL İSTANBUL;(216) 5171692;www.etapweb.com;etapweb.com;ÇİB - Çelik İhracatçıları Birliği
DİNARSPORTİF İNŞAAT AŞ;BOSTANCI MAH MEHMET ŞEVKİ PAŞA SKÇİÇEK APT N:11/B BOSTANCI KADIKÖY İSTANBUL;(216) 4492290;www.dinarsportif.com.tr;dinarsportif.com.tr;ÇİB - Çelik İhracatçıları Birliği
ALNETT ALÜMİNYUM YAPI İNŞAAT TAAHÜT İTHALAT İHRACAT SAN.VE TİC LTD ŞTİ;IHLAMURKUYU MH TOPKAPI CD NO:45/A ÜMRANİYE İSTANBUL;(216) 6112010;www.alnettyapi.com;alnettyapi.com;ÇİB - Çelik İhracatçıları Birliği
SERT PLASTİK ELEKTRİK SANAYİ VE TİCARET LTD.ŞTİ.;GÖZTEPE MAH. İSTOÇ 2. CADDE BURAK PLAZA A-2 BLOK NO:1/81 BAĞCILAR İSTANBUL;(212) 8558355;www.sertplastik.com.tr;sertplastik.com.tr;ÇİB - Çelik İhracatçıları Birliği
HÜRSAN EV CİHAZLARI ISI SANAYİ VE TİCARET ANONİM ŞİRKETİ;YENİ MAHALLE HEKİMSUYU CADDESİ NO:21/ A GAZİOSMANPAŞA İSTANBUL;(212) 2111130;www.hursansomine.com;hursansomine.com;ÇİB - Çelik İhracatçıları Birliği
GÖKSEL DEMİRKOL;SEPETLİPINAR MAH.ARPALIK CAD.NO:118 BLOK:24/B BAŞİSKELE KOCAELİ;(262) 5020026;www.gdmakina.com;gdmakina.com;ÇİB - Çelik İhracatçıları Birliği
OMPİ DÖKÜM SANAYİ TİCARET LİMİTED ŞİRKETİ;GEDELEK MAH. AÇMALAR SANAYİ SİTESİ SK.11.BLOK NO:11/2 ORHANGAZİ BURSA;(224) 5860032;www.gmek.com;gmek.com;ÇİB - Çelik İhracatçıları Birliği
AVS KÜRESEL GEMİ TEDARİĞİ VE YÖNETİMİ AŞ;SOĞANLIK YENİ MH PAMUKKALE SK NO:2 KARTAL İSTANBUL;(216) 5910849;www.avsglobalsupply.com;avsglobalsupply.com;ÇİB - Çelik İhracatçıları Birliği
ALUMİNAKS METAL SANAYİ LTD ŞTİ;ZAFER MH DOĞAN ARASLI BULVARI NO:97-99 N CADDE BUSİNESS PLAZA KAT:15 D:99 ESENYURT İSTANBUL;(212) 9995157;www.aluminsan.com.tr;aluminsan.com.tr;ÇİB - Çelik İhracatçıları Birliği
ALLUMONDO ALÜMİNYUM İMALAT SAN. TİC.A.Ş;GİRNE MAHALLESİ ÇİÇEK SOKAK NO:2/1 MALTEPE İSTANBUL;(216) 3999956;www.allumondo.com;allumondo.com;ÇİB - Çelik İhracatçıları Birliği
CELLOFOAM SES YALITIM URUNLERI SAN.VE TIC.LTD.STI.;ORG.SAN.BOL.24.CAD. NO:10 26110 Merkez ESKİŞEHİR;(222) 2361718;www.cellofoam.com.tr;cellofoam.com.tr;ÇİB - Çelik İhracatçıları Birliği
ESBURG SAĞLIK ÜRÜNLERİ SAN. VE TİC. LTD.ŞTİ.;HALKALI MERKEZ MAH. DEREBOYU CAD. NO:4/161 ANTPLATO KÜÇÜKÇEKMECE İSTANBUL;(212) 8013799;www.esburg.com;esburg.com;ÇİB - Çelik İhracatçıları Birliği
MİLFİT BORU VE BAĞLANTI ELEMANLARI SANAYİ TİCARET ANONİM ŞİRKETİ;BARBOROS MAH. AKZAMBAK SOK. UPHİLL COURT SİT.A-A1 APT.NO:3/62 ATAŞEHİR İSTANBUL;(216) 6884244;www.milfit.com.tr;milfit.com.tr;ÇİB - Çelik İhracatçıları Birliği
DOĞUKAN YUSUFOĞLU;FATİH MAH. 956. SOK. NO:15/6 ESENYURT İSTANBUL;(212) 7587963;www.pergolanas.com;pergolanas.com;ÇİB - Çelik İhracatçıları Birliği
ARCHICLAD ALÜMİNYUM TİCARET VE SANAYİ LİMİTED ŞİRKETİ;BEYLİKDÜZÜ OSB MH MERMERCİLER SAN SİT 4 CD NO:7 BEYLİKDÜZÜ İSTANBUL;(212) 8751908;www.archiclad.com;archiclad.com;ÇİB - Çelik İhracatçıları Birliği
EKSPORT TEKNİK HIRDAVAT İMALAT İHRACAT İTHALAT PAZARLAMA SANAYİ VE TİCARET LİMİTED ŞİRKETİ;ÇERKEŞLİ OSB MAH.İMES 18 CAD.B6 BLOKNO:15/2 DİLOVASI KOCAELİ;(262) 5021694;www.eksporthirdavat.com;eksporthirdavat.com;ÇİB - Çelik İhracatçıları Birliği
KALE KİLİT VE KALIP SAN. A.Ş.;AZERBAYCAN CAD. NO: 3-F / 1-E BLOK VADISTANBUL AYAZAĞA SARIYER İSTANBUL;(212) 7058000;www.kalekilit.com.tr;kalekilit.com.tr;ÇİB - Çelik İhracatçıları Birliği
ÖZGE YAPI SANAYİ VE TİC. A.Ş.;GUZELYALI MAH.ISTASYON CAD.EGEMEN SK. NO:13 PENDİK İSTANBUL;(000) 4441777;www.piraziz.com.tr;piraziz.com.tr;ÇİB - Çelik İhracatçıları Birliği
PLUSCAREMED TIBBİ CİHAZLAR SANAYİ TİCARET LİMİTED ŞİRKETİ;YEŞİLDERE MAH 511. SOK 7/5 ATAKUM SAMSUN;;http://pluscaremed.com;pluscaremed.com;ÇİB - Çelik İhracatçıları Birliği
GUNEYLILER YAPI MALZ.SAN.VE TIC.LTD.STI.;İÇERENKÖY MH ÇAYIROĞLU SK N:6/A ATAŞEHİR İSTANBUL;(216) 4118757;www.guneylileryapi.com;guneylileryapi.com;ÇİB - Çelik İhracatçıları Birliği
SDS EURASİA YAPI VE REKLAM ÜRÜNLERİ SANAYİ TİCARET LİMİTED ŞİRKETİ;BAĞLAR MH YALÇIN KOREŞ CD NO:16/4/11 BAĞCILAR İSTANBUL;(212) 6445556;www.sds.com.tr;sds.com.tr;ÇİB - Çelik İhracatçıları Birliği
TOYMAN PLASTIK PET.VE PETR.URN TAN.VE MAK.SAN.VE TIC.LTD.STI;10019 SK. NO:10 İ.T.O.B ORG. SAN. BÖLG. İZMİR MENDERES MENDERES İZMİR;(232) 7990274;www.toyman.com.tr;toyman.com.tr;ÇİB - Çelik İhracatçıları Birliği
TÜRK PHİLİPS TİCARET ANONİM ŞİRKETİ ŞUBESİ;DOKTOR ADNAN BÜYÜKDENİZ CAD. SARAYMAH. NO:13 ÜMRANİYE ÜMRANİYE İSTANBUL;(216) 6361500;www.philips.com;philips.com;ÇİB - Çelik İhracatçıları Birliği
YILDIRIM CELIK SAN.VE TIC.LTD. STI.;DES SAN.SIT.115.SK.C22 BLK. NO:14 ÜMRANİYE İSTANBUL;02164660071;www.yildirimcelik.com.tr;yildirimcelik.com.tr;ÇİB - Çelik İhracatçıları Birliği
İSMAİL GÜL;ORUÇREİS MAH.TEKSTİLKENT CAD.TEKSTİLKENT GD 1 BLOKNO:10 AE İÇ KAPI NO:301 ESENLER İSTANBUL;(021) 2381331;www.kardesis.com.tr;kardesis.com.tr;ÇİB - Çelik İhracatçıları Birliği
KONE ASANSÖR SANAYİ VE TİCARET A.Ş.;DEĞIRMEN S. NO: 18 NIDA KULEIŞMERKEZI KAT: 4 KADIKÖY İSTANBUL;02164445663;www.kone.com.tr;kone.com.tr;ÇİB - Çelik İhracatçıları Birliği
AKTİF DIŞ TİC. İNŞ. TURZ. VE TIBBİ ÜRN. SAN. LTD. ŞTİ.;EDEP SK. ABDURRAHMAN AKARSU İŞHANI NO:58 İÇ KAPI NO: 2 ŞERİFALİ ÜMRANİYE İSTANBUL;(216) 4745191;www.aktifdisticaret.com;aktifdisticaret.com;ÇİB - Çelik İhracatçıları Birliği
ATILKAN GRUP OTO GAZ SİST.PAZ.TİC.VE SAN.LTD.ŞTİ.;OSMAN KAVUNCU MAH. HACI CEMİL SOK. NO:9/A MELİKGAZİ KAYSERİ;(324) 2349919;www.atilkangrup.com;atilkangrup.com;ÇİB - Çelik İhracatçıları Birliği
AYSO TEKNİK TESİSAT ELEMANLARI SANAYİ VE TİCARET LİMİTED ŞİRKETİ;CİHANGİR MAH. ŞEHİT ZAFER KIZILTAŞ SK. NO:9/1 AVCILAR İSTANBUL;(212) 9950310;www.ayso.com.tr;ayso.com.tr;ÇİB - Çelik İhracatçıları Birliği
ZORLU YENİLENEBİLİR ENERJİ ANONİM ŞİRKETİ;ESENTEPE MAH. BÜYÜKDERE CAD. LEVENT 199 NO: 199 İÇKAPI NO: 1 ŞİŞLİ İSTANBUL;(212) 4562958;https://www.zorluenerji.com.tr/;zorluenerji.com.tr;ÇİB - Çelik İhracatçıları Birliği
ALUTUREX ALÜMİNYUM SANAYİ VE TİCARET LİMİTED ŞİRKETİ;ZAFER MH DOĞAN ARASLI BULVARI N CADDE BUSİNESS NO:97-99 D:96 ESENYURT İSTANBUL;(212) 8136216;www.aluturex.com;aluturex.com;ÇİB - Çelik İhracatçıları Birliği
ALUTEAMS ALÜMİNYUM AKSESUAR SİSTEMLERİ VE İNŞAAT SANAYİ TİCARET ANONİM ŞİRKETİ;HÜRRİYET MH DR CEMİL BENGÜ CD NO: KAĞITHANE İSTANBUL;(212) 2343001;www.aluteams.com;aluteams.com;ÇİB - Çelik İhracatçıları Birliği
EAE ELEKTRİK AYDINLATMA ENDÜSTRİ SANAYİ VE TİCARET ANONİM ŞİRKETİ;İ.O.S.B ZİYA GÖKALP MAH. ESKİ TURGUTÖZAL CAD N:20 BAŞAKŞEHİR İSTANBUL;(212) 5499713;www.eae.com.tr;eae.com.tr;ÇİB - Çelik İhracatçıları Birliği
GERT METAL ANONİM ŞİRKETİ;IHLAMURKUYU ALEMDAG CAD. PAPATYA SOK.NO.9/1 ÜMRANİYE İSTANBUL;02163651095;www.gertmetal.com;gertmetal.com;ÇİB - Çelik İhracatçıları Birliği
MODAL YAPI TEKNOLOJİ SANAYİ VE TİCARET ANONİM ŞİRKETİ;ŞEKERPINAR MAHALLESİ AYÇİÇEK SK. NO: 29 ÇAYIROVA KOCAELİ;(262) 6584134;www.modalyapi.com;modalyapi.com;ÇİB - Çelik İhracatçıları Birliği
APPLE TEKNOLOJİ VE SATIŞ LTD.ŞTİ;FSM MAH.POLİGON CAD.BÜYÜKA S ST.NO:8 BLOK NO:2 CBLOK K:18 ÜMRANİYE İSTANBUL;(212) 2881812;www.apple.com.tr;apple.com.tr;ÇİB - Çelik İhracatçıları Birliği
SİAMP INSAAT MALZEMELERI SANAYI VE TICARET AŞ.;BEYLİKDÜZÜ ORGANİZE SANAYİ BÖLGESİ MERMERCILER SANAYI SITESI 1. CAD.NO.3 BEYLİKDÜZÜ İSTANBUL;(212) 8750937;www.te-ma.com.tr;te-ma.com.tr;ÇİB - Çelik İhracatçıları Birliği
FİTPAK AMBALAJ VE KİMYA SANAYİ TİCARET ANONİM ŞİRKETİ;İSMAİL TİRYAKİ CAD. NO:14 M.O.S.B. 4. KISIM MERKEZ MANİSA;(236) 2140717;www.fitpak.com.tr;fitpak.com.tr;ÇİB - Çelik İhracatçıları Birliği
ALFA LAVAL MAKİNE SANAYİ VE TİCARET LİMİTED ŞİRKETİ;FATİH MAH YAKACIK CAD. NO.23 SAMANDRA SAMANDIRA SANCAKTEPE İSTANBUL;(216) 3117900;www.alfalaval.com;alfalaval.com;ÇİB - Çelik İhracatçıları Birliği
EMAKS MOBİLYA AKSESUARLARI SANAYİ TİCARET İTHALAT İHRACAT LİMİTED ŞİRKETİ;SELAHADDİN EYYUBİ MH 1580 SK NO:14 ESENYURT İSTANBUL;(212) 6713077;www.emaks.com.tr;emaks.com.tr;ÇİB - Çelik İhracatçıları Birliği
HIZAL KUMES EKIPMANLARI KIM. MAD.SAN.VE DIS TIC.LTD.STI.;DES SAN.SIT.112 SOK. D4 BLOK NO.22 YUKARIDUDULLU ÜMRANİYE İSTANBUL;(216) 3131550;www.hizco.com;hizco.com;ÇİB - Çelik İhracatçıları Birliği
NORM OTOMASYON ELEKTROMEKANİK İTH. İHR. SAN. İÇ VE DIŞ TİC. LTD. ŞTİ.;HACI HALİL MAH. YAZI CAD. 20 P/17 GEBZE KOCAELİ;(262) 6444129;www.normbms.com;normbms.com;ÇİB - Çelik İhracatçıları Birliği
SAPAR MAK.HIRD.HID.PNOMATIK SI S.END.MALZ.SAN.TIC.LTD.STI.;SULTAN ORHAN MAH.YENİ BAGDAT CAD.NO:482/A GEBZE KOCAELİ;02626441031;www.saparmakina.com.tr;saparmakina.com.tr;ÇİB - Çelik İhracatçıları Birliği
BARAKAT YAPI SAN. TİC. A.Ş.;ALTUNİZADE MAH. MAHİR İZ CAD. A BLOK NO:9/2/1 ÜSKÜDAR İSTANBUL;(216) 5377800;www.barakatyapi.com;barakatyapi.com;ÇİB - Çelik İhracatçıları Birliği
PINAR KIZILBAKIR;HALKALI MERKEZ MAH.FATİH CAD NO :92 A İÇ KAPI NO:1 KÜÇÜKÇEKMECE İSTANBUL;(212) 0000000;https://parisdoor.com;parisdoor.com;ÇİB - Çelik İhracatçıları Birliği
OZKARDESLER MAKINA SAN.LTD.STI;ORHANGAZİ MH. 3.YOL SK. ISISO SANAYİ SİTESİ G BLOK NO: 1 34538 ESENYURT ESENYURT İSTANBUL;(212) 6232051;www.ozkardesler-makina.com;ozkardesler-makina.com;ÇİB - Çelik İhracatçıları Birliği
MOTTA MİMARLIK DANIŞMANLIK TİCARET ANONİM ŞİRKETİ;YEŞİLKÖY MH ATATÜRK CD İSTANBUL DÜNYA TİCARET MERKEZİ NO:10 /161 BAKIRKÖY İSTANBUL;(212) 2666527;www.mottafacade.com;mottafacade.com;ÇİB - Çelik İhracatçıları Birliği
AKBULUT PLASTİK İMALAT SAN. VE TİC. LTD. ŞTİ.;BİRLİK ORGANİZE SANAYİ BÖLGESİ AYDINLI YOLU CADDESİ 1 NOLU CADDE NO:23 AYDINLI TUZLA İSTANBUL;(212) 5934222;www.akbulutplastik.com;akbulutplastik.com;ÇİB - Çelik İhracatçıları Birliği
WORLD OF ACCESSORY ENDUSTRIYEL SAN.VE TIC.LTD.STI.;SIRINTEPE MAH.KOYYOLU SK.COLAKOGLU APT.NO:81 IC KAPI NO:2TEPEBASI/ESKISEHIR/TURKIYE TEPEBAŞI ESKİŞEHİR;(222) 0000000;http://www.w-acc.com;w-acc.com;ÇİB - Çelik İhracatçıları Birliği
TEZCAN HIRDAVAT VE İŞ GÜVENLİĞİ SANAYİ TİC LTD ŞTİ;AYDINTEPE MAH COŞKUN SOK NO:24 B TUZLA İSTANBUL;(216) 4930801;www.tezcan-isghirdavat.com;tezcan-isghirdavat.com;ÇİB - Çelik İhracatçıları Birliği
LİDER DEKORATİF DEMİR ÜRÜNLERİ NAKLİYE İNŞAAT SANAYİ VE TİCARET LİMİTED ŞİRKETİ;CUMHURİYET MAH. YELKEN SOK. NO:5ŞEKERPINAR ÇAYIROVA KOCAELİ;;www.liderdekoratif.com;liderdekoratif.com;ÇİB - Çelik İhracatçıları Birliği
MUZAFFER ALTAY;CUMHURİYET MAH. HATI ÇIRPAN CAD. 7/BM ÇORLU TEKİRDAĞ;(850) 8887530;http://www.novuskimya.com.tr;novuskimya.com.tr;ÇİB - Çelik İhracatçıları Birliği
HSM ALÜMİNYUM AKSESUARLARI İNŞAAT MALZEMELERİ SAN. VE TİC. LTD. ŞTİ.;MİMAR SİNAN MAHALLESİ ÜSKÜDAR CADDESİ YEDPA SİTESİ NO:1 F BLOK 81 NUMARA ATAŞEHİR İSTANBUL;(216) 4204720;www.hsmaksesuar.com;hsmaksesuar.com;ÇİB - Çelik İhracatçıları Birliği
TEKNİKEL MAKİNA KALIP İMALAT SAN.VE TİC.LTD.ŞTİ.;İKİTELLİ OSB MH SÜLEYMAN DEMİREL BULVARI HESKOOP SOSYAL TESİS APT NO:33 K:2/9 BAŞAKŞEHİR İSTANBUL;(212) 6240502;www.teknikelmakina.com.tr;teknikelmakina.com.tr;ÇİB - Çelik İhracatçıları Birliği
YILDIZ ENTEGRE AĞAÇ SANAYİ VE TİCARET A.Ş.;ARSLANBEY OSB MAH. NO:13 KARTEPE KOCAELİ;(262) 3166100;www.yildizentegre.com;yildizentegre.com;ÇİB - Çelik İhracatçıları Birliği
BAGDATLI TEKNIK HIRD.SAN.VEDIS TIC.LTD.STI.;KIŞLA CAD. APEK ÜRETMEN İŞ MERKEZİNO:61/145 EYÜP İSTANBUL;(212) 6124328;www.bagdatliteknik.com.tr;bagdatliteknik.com.tr;ÇİB - Çelik İhracatçıları Birliği
SERTPLAS OTO YAN SANAYI VE TICARET ANONİM ŞİRKETİ;BÜYÜK KILIÇLI MAHALLESİ HANÇER SOKAK NO:16 BÜYÜKKILIÇLI MAHALLESİ SİLİVRİ İSTANBUL;(212) 7484586;www.sertplas.com.tr;sertplas.com.tr;ÇİB - Çelik İhracatçıları Birliği
FAMAŞ FOLYO ALÜMİNYUM MERKEZİ SAN. VE TİC. AŞ.;DEMİRCİLER SİT. 5. CADDE NO:197 ZEYTİNBURNU İSTANBUL;(212) 6650086;www.folyoaluminyum.com.tr;folyoaluminyum.com.tr;ÇİB - Çelik İhracatçıları Birliği
MATRIKS BINA KONTR.SIST.SAN.VE TIC.LTD.STI.;ATAŞEHİR ATATÜRK MAH. EKİNCİOĞLU SOK. NO:21 ATAŞEHİR İSTANBUL;(216) 5749191;www.matrikstr.com;matrikstr.com;ÇİB - Çelik İhracatçıları Birliği
İSTANBUL YAPI VE İNŞ. MLZ. PAZ. SAN. TİC. A.Ş.;OSMANİYE MH ÇIRPICI KOŞU YOLU SK NO:3/1 BAKIRKÖY İSTANBUL;(212) 4662800;www.istanbulyapi.com.tr;istanbulyapi.com.tr;ÇİB - Çelik İhracatçıları Birliği
SNP SAĞLAM NİTELİKLİ PARÇALAR OTOMOTİV İNŞ. SAN. VE TİC.LTD.ŞTİ.;213.SOKNO:13 ANKARA;03123855210;www.snpautomotive.com;snpautomotive.com;ÇİB - Çelik İhracatçıları Birliği
TİMKO MAKİNA İMALAT PAZARLAMA SAN. VE TİC.LTD.ŞTİ.;HAMZAFIHLI MAH. OSB YAŞAR TETİKERBULVARI NO: 16 NO:16 67300 KARADENİZEREĞLİ ZONGULDAK;(372) 3180838;www.timkomakine.com;timkomakine.com;ÇİB - Çelik İhracatçıları Birliği
GÖKAY KALIP SANAYİ VE TİC.LTD.ŞTİ.;GEBZE PLASTİKÇİLER ORG. SAN. BÖLATATÜRK BULV. 2. CAD. NO: 14 GEBZE KOCAELİ;(262) 7512344;www.gokaykalip.com;gokaykalip.com;ÇİB - Çelik İhracatçıları Birliği
GEMAK HIRDAVAT ENDÜSOT.SİS.VE MAL.İNŞ.TUMAK.SAN.VE TİC.LTD.ŞTİ.;GÜZEELLER MAHALLESİ İBRAHİMAĞA CD NO: 148 GEBZE KOCAELİ;(262) 6443838;www.gemakhirdavat.com;gemakhirdavat.com;ÇİB - Çelik İhracatçıları Birliği
ANIL PASLANMAZ ÇELİK SAN. VE TİC. A.Ş.;ESENŞEHIR MAH. MIMAR SINAN CAD B1-A BLOK DES SANAYİ SİTESİ ÜMRANİYE İSTANBUL;(216) 4991104;www.anilpaslanmaz.com;anilpaslanmaz.com;ÇİB - Çelik İhracatçıları Birliği
BEĞEN METAL MÜHENDİSLİK REKLAM SAN. DIŞ TİC. LTD. ŞTİ.;RAMAZANOĞLU MAHALLESİ ZENGİN CAD.NO:2/1 PENDİK İSTANBUL;(216) 5972842;www.begenmetal.com;begenmetal.com;ÇİB - Çelik İhracatçıları Birliği
EMPERO ENDÜSTRİYEL MUTFAK EKİPMANLARI PAZARLAMA İÇ VE DIŞ TİCARET ANONİM ŞİRKETİ;TOPÇULAR MH FERHATPAŞA CD NO:4/F EYÜP İSTANBUL;(212) 3618300;www.empero.com.tr;empero.com.tr;ÇİB - Çelik İhracatçıları Birliği
HITEC ELECTRIC ELEKTRONIK TICARET LİMİTED ŞİRKETİ;ALADDİN BEY MAHALLESİ 613 SOKAK NO:7-A NİLÜFER BURSA;(224) 2709033;www.hitecelectric.com.tr;hitecelectric.com.tr;ÇİB - Çelik İhracatçıları Birliği
SANDAS MAKİNA MÜH. TİC. VE SAN LTD. ŞTİ.;BAHÇELİEVLER MAH. ATA-2 SİTESİ KAYİN CAD. NO:20 ÜSKÜDAR İSTANBUL;(216) 4860096;www.sandasmakine.com;sandasmakine.com;ÇİB - Çelik İhracatçıları Birliği
HAVEX ULUSLARARASI TAŞIMACILIK VE DIŞ TİC.LTD.ŞTİ.;TALATPAŞA MH.AKIŞLI SK.NO:20/02 KAĞITHANE İSTANBUL;(212) 2107252;www.havex.com.tr;havex.com.tr;ÇİB - Çelik İhracatçıları Birliği
BOREKS BORU SANAYİ VE TICARET ANONİM ŞİRKETİ;OSMANGAZİ MAH. BUĞDAY SOK. NO.8/1 KIRAÇ ESENYURT İSTANBUL;(212) 8862626;www.boreks.com.tr;boreks.com.tr;ÇİB - Çelik İhracatçıları Birliği
OWORKS TEKNOLOJİ İLETİŞİM SANAYİ VE TİCARET LİMİTED ŞİRKETİ;ÇUKURAMBAH MAH. BUDAPEŞTE CAD. 1/4 ÇANKAYA ANKARA;(312) 0000000;http://www.oworks.net;oworks.net;ÇİB - Çelik İhracatçıları Birliği
MAYA ÖLÇÜM ENST.SAN VE TİC.LTD.ŞTİ;ATAKENT MAH. 221. SK. NO:3 ROTA OFFİCE A-BLOK K:12 D:75 KÜÇÜKÇEKMECE İSTANBUL KÜÇÜKÇEKMECE İSTANBUL;;http://www.mayainstruments.com;mayainstruments.com;ÇİB - Çelik İhracatçıları Birliği
ISI-TAN ISITMA SOĞUTMA YEDEK PARÇA VE MAKİNA SANAYİ TİCARET LİMİTED ŞİRKETİ;İSMET PAŞA MH. UZUN SK. NO:3/3 MURATPAŞA BAYRAMPAŞA İSTANBUL;(212) 5652960;www.isitan.com.tr;isitan.com.tr;ÇİB - Çelik İhracatçıları Birliği
TAB25 MARKET EKİPMANLARI SAN. VE TİC. A.Ş.;HADIMKÖY MAH.ATATÜRK SAN.BÖLGESİ ÜRGÜPLÜ CD. NO:18 ARNAVUTKÖY İSTANBUL;(212) 7710445;www.tab25.com;tab25.com;ÇİB - Çelik İhracatçıları Birliği
TEKNAL ALÜMİNYUM SİSTEMLERİ DIŞ TİC. LTD. ŞTİ.;MERKEZ MAH. AKAR CAD. BOMONTİ NO:3 I TOWWERS İÇ KAPI NO:23 ŞİŞLİ İSTANBUL;(216) 5103858;www.teknal.com.tr;teknal.com.tr;ÇİB - Çelik İhracatçıları Birliği
TECER METAL SAÇ SANAYİ TİCARET LİMİTED ŞİRKETİ;DUDULLU OSB MAH. İMES A 101 SK. NO : 19 ÜMRANİYE İSTANBUL;(216) 3142134;http://www.tecermetal.com;tecermetal.com;ÇİB - Çelik İhracatçıları Birliği
TORA PETROL ÜRÜNLERİ MÜH. ELEKTRİK VE ELEKTRONİK SAN. TİC.A.Ş.;BAĞLAR MH. YALÇIN KOREŞ CAD.NO:24 GÜNEŞLİ BAĞCILAR İSTANBUL;(212) 6563010;www.torapetrol.com;torapetrol.com;ÇİB - Çelik İhracatçıları Birliği
DEKOTEK YAPI KONSTRÜKSIYON İML.SAN.VE TİC.LTD.ŞTİ.;ÇAVUŞOĞLU MAH.YAKACIK CAD.NO:128/10 KARTAL İSTANBUL;(216) 3894412;www.dekotekyapi.com;dekotekyapi.com;ÇİB - Çelik İhracatçıları Birliği
DORUK YAPI GEREÇLERİ SAN. VE TİC.LTD.ŞTİ.;MALTEPE MAH. SİTE YOLU SOK. NO.23 ZEYTİNBURNU İSTANBUL;(212) 4370770;www.doraslock.com;doraslock.com;ÇİB - Çelik İhracatçıları Birliği
BIGROS DIŞ TİCARET LTD. ŞTİ.;HARAÇÇI MAH. GÜLDEREN SOK. NO:10/1 ARNAVUTKÖY İSTANBUL;(212) 0000000;www.monodi.com;monodi.com;ÇİB - Çelik İhracatçıları Birliği
KAYNAK VE KAPLAMA TEKNOLOJI SANAYI VE TIC.LTD.STI.;IMES SAN. SIT. C BLK 308 SOK. NO.8 YUKARIDUDULLU ÜMRANİYE İSTANBUL;(216) 3641395;www.wht.com.tr;wht.com.tr;ÇİB - Çelik İhracatçıları Birliği
ÖZ-ÇELİK SANAYİ VE TİCARET LİMİTED ŞİRKETİ;İKİTELLİ OSB MH METAL-İŞ SAN SİT 16 BLOK NO:25-27 BAŞAKŞEHİR İSTANBUL;(212) 5495741;www.oz-celik.com.tr;oz-celik.com.tr;ÇİB - Çelik İhracatçıları Birliği
ASMALI OTOMOTİV İNŞAAT İNŞAAT TURZİM VE GIDA SANAYİ TİCARET LİMİTED ŞİRKETİ;ZİYAGÖKALP MH GÜNGÖREN BAG. SAN. SİT. 11B 41 BAŞAKŞEHİR İSTANBUL;;www.asmalico.com;asmalico.com;ÇİB - Çelik İhracatçıları Birliği
ATALAY MADENİ EŞYA SANAYİ VE TİCARET A.Ş.;BÜYÜKKARIŞTIRAN BELDESİ YENİ MAH. 9. SK. NO: 2/1 İÇ KAPI NO: 1 LÜLEBURGAZ KIRKLARELİ;(282) 6745272;www.atalay.com.tr;atalay.com.tr;ÇİB - Çelik İhracatçıları Birliği
ATALAY TEK;MEHMET AKİF ERSOY MAHALLESİ, KESKİN SOKAK NO:34/2 YILDIRIM BURSA;;http://info@gsdkapisistemleri.com;info@gsdkapisistemleri.com;ÇİB - Çelik İhracatçıları Birliği
ASTER YEDEK PARÇA OTOMOTİV SANAYİ VE TİCARET LİMİTED ŞİRKETİ;MALTEPE MAH. DAVUTPAŞA ÇİFTE HAVUZLAR SK. ERCİYESSANAYİ A BLOK NO: 11 A İÇ KAPI NO: 64 ZEYTİNBURNU İSTANBUL;(212) 0000000;http://asterotomotiv22@gmail.com;asterotomotiv22@gmail.com;ÇİB - Çelik İhracatçıları Birliği
MNG ZEMTAŞ ZEMİN VE TEMEL MÜHENDİSLİĞİ İNŞ. ANONİM ŞİRKETİ;BÜYÜKESAT MAH. MAHATMA GANDI CAD. NO: 103 ÇANKAYA ANKARA;(312) 4363000;https://www.mngzemtas.com;mngzemtas.com;ÇİB - Çelik İhracatçıları Birliği
KOLORKIM KIMYA SAN.VE TIC.LTD. STI.;10302 SOKAK NO:13 KAKLIÇ MAHALLESİ ÇİĞLİ İZMİR;02323768230;www.kolorkim.com.tr;kolorkim.com.tr;ÇİB - Çelik İhracatçıları Birliği
GLOBAL MUTFAK ÜRÜNLERİ SANAYİ VE TİCARET LTD.ŞTİ.;ORUÇREİS MH TEKSTİLKENT CD TEKSTİLKENT B15 BLOK NO:10F/Z05 NO: 10F/Z05 ESENLER İSTANBUL;(850) 3053466;www.globalladenbau.com;globalladenbau.com;ÇİB - Çelik İhracatçıları Birliği
MEDSISTEM TIBBI VE TEK.EKIP. GAZ TES.SAN.VE TIC.LTD.STI.;TAVUKCU YOLU BARBOROS CAD.HATTAT SOK NO:21 ÜMRANİYE İSTANBUL;02164155660;www.medsistem.com.tr;medsistem.com.tr;ÇİB - Çelik İhracatçıları Birliği
MEHMET ORKUN İKİNCİ;TOPÇULAR MAHALLESİ EYÜP SULTAN BULVARI NO:67/A EYÜP İSTANBUL;02122529993;www.atlasticaret.net;atlasticaret.net;ÇİB - Çelik İhracatçıları Birliği
CASSA OFİS GEREÇLERİ SAN.VE TİC.A.Ş.;BEYLIKDÜZÜ ORG.SAN.MAH.MERMERCİLER SAN.SİT. 1.BULVAR NO:I7/2 BEYLİKDÜZÜ İSTANBUL;(212) 4942210;www.cassa.com.tr;cassa.com.tr;ÇİB - Çelik İhracatçıları Birliği
DERELİ GRAFİK MATBAA MALZEMELERİ SANAYİ VE TİCARET ANONİM ŞİRKETİ;HALKALI MERKEZ MAH. KARDELEN SOK. NO:40 KÜÇÜKÇEKMECE İSTANBUL;02126985100;www.dereligraphic.com;dereligraphic.com;ÇİB - Çelik İhracatçıları Birliği
ASCENDUM MAKİNA TİCARET A.Ş.;FATİH MAH. KATİPÇELEBİ CAD. NO 43 ATAŞEHİR İSTANBUL;02166557500;www.volvo.com.tr;volvo.com.tr;ÇİB - Çelik İhracatçıları Birliği
POLINET PLASTİK SANAYİ VE TİCARET ANONİM ŞİRKETİ;İSTANBUL MERMERCİLER SAN. KOOP. 5. CADDENO:20 KÖSELER KÖYÜ DİLOVASI KOCAELİ;(262) 7281513;www.polinetltd.com.tr;polinetltd.com.tr;ÇİB - Çelik İhracatçıları Birliği
SEYİT USTA TREYLER SANAYİ VE TİCARET LİMİTED ŞİRKETİ;KARGALIHANBABA OSB.MAH. 2.ORG.SAN.BÖLGESİ 6.SOKAK NO:1 HENDEK SAKARYA;;www.seyitusta.com;seyitusta.com;ÇİB - Çelik İhracatçıları Birliği
İZODEM CİVATA TİCARET LİMİTED ŞİRKETİ;İKİTELLİ OSB MAHALLESİ ATATÜRK OTO SANAYİ SİTESİ 18. SK NO:525-526 BAŞAKŞEHİR İSTANBUL;(212) 4862481;http://www.izodemcivata.com;izodemcivata.com;ÇİB - Çelik İhracatçıları Birliği
NESA İÇ VE DIŞ TİC. LTD. ŞTİ.;ÖMERLİ MH.ADNAN KAHVECİ CD.KOS KOOP SAN SİT.3 BLK.SECİYE SK.NO:10 ARNAVUTKÖY İSTANBUL;;www.ozenler.com;ozenler.com;ÇİB - Çelik İhracatçıları Birliği
ARYAKA İÇ VE DIŞ TİCARET LİMİTED ŞİRKETİ;HALİL RIFAT PAŞA MH YÜZER HAVUZ SK PERPA TİC MERKEZİ B BLOK KAT:9/1403 ŞİŞLİ İSTANBUL;(212) 2203628;www.aryaka.com.tr;aryaka.com.tr;ÇİB - Çelik İhracatçıları Birliği
TERMO MAKİNA SAN.VE TİC.A.Ş.;1. OSB. İSTİKLAL MAH. 1. CAD. NO:15 BEYKÖY DÜZCE DÜZCE;(380) 5537110;www.termomakina.com;termomakina.com;ÇİB - Çelik İhracatçıları Birliği
ARI DÖKÜM SANAYİ VE TİCARET ANONİM ŞİRKETİ;YALOVA MAKİNE İHTİSAS OSB LALEDERE KÖYÜ MERKEZ MEVKİİ METİN ŞAHİN CAD. NO:4 ÇİFTLİKKÖY ÇİFTLİKKÖY YALOVA;02164527497;www.ariltd.com;ariltd.com;ÇİB - Çelik İhracatçıları Birliği
KONDAS KONDANSATOR SANAYI VE T IC.A.S.;CUMHURIYET MAH. ISTANBUL CAD.NO.11 GEBZE KOCAELİ;02627441075;www.kondas.net;kondas.net;ÇİB - Çelik İhracatçıları Birliği
NUMAN KALELİ BORU İZOLASYON VE YAPI MALZEMELERİ İNŞAAT TAAHHÜT SANAYİ TİCARET LTD.ŞTİ.;SAKARYA MH.11 EYLÜL BULVARI NO:5/3 YILDIRIM BURSA;(224) 3600305;www.numankaleliyapimarket.com;numankaleliyapimarket.com;ÇİB - Çelik İhracatçıları Birliği
BOSTEM BORU SAN VE TİC AŞ;SAHİL BULVAR CAD. NO:65 KAYNARCA 34890 PENDİK, İSTANBUL, TÜRKİYE PENDİK İSTANBUL;(216) 4637373;www.bostemboru.com;bostemboru.com;ÇİB - Çelik İhracatçıları Birliği
FONEKS KOZMETIK SAĞLIK EĞİTİM HİZMETLERİ SAN. VE TİC. LTD. ŞTİ.;TAHTAKALE MAH-TAHTAKALE CAD. ZAZA HAN BLOK NO:20-İÇ KAPI NO:306 34080 FATİH İSTANBUL;(212) 6184142;www.fonex.com.tr;fonex.com.tr;ÇİB - Çelik İhracatçıları Birliği
GENTEK MEDİKAL VE TEKNİK CİHAZ TİCARET SANAYİ ANONİM ŞİRKETİ;SOKULLU MEHMET PASA MAH.AHMETHASIM CAD.29 ÇANKAYA ANKARA;03124800068;www.gentek.com.tr;gentek.com.tr;ÇİB - Çelik İhracatçıları Birliği
VARDAR DÖŞEME SÜNGER KAPLAMA LTD. ŞTİ.;NUMUNEBAG CAD.CINAR SOK.NO.28 BAYRAMPAŞA İSTANBUL;02126139040;www.vardar.com.tr;vardar.com.tr;ÇİB - Çelik İhracatçıları Birliği
ALLATİF GLOBAL DIŞ TİCARET LİMİTED ŞİRKETİ;ELMALIKENT MAH. MANDIRA CAD. E.KENT DEMİRAL SİTESİA7 BLOK 4 E/11 ÜMRANİYE İSTANBUL;(216) 0000000;http://www.allatifglobal.com;allatifglobal.com;ÇİB - Çelik İhracatçıları Birliği
ASNUR ENDÜSTRİYEL MUTFAK EKİPMANLARI SAN. VE TİC. LTD. ŞTİ.;İKİTELLİ OSB.MAH. ATATÜRK BUL.PİK. DÖK. SAN. SİT.A4 BLOK NO:8/1 BAŞAKŞEHİR İSTANBUL;(212) 4854947;www.asnurmutfak.com.tr;asnurmutfak.com.tr;ÇİB - Çelik İhracatçıları Birliği
GSYM DENİZCİLİK LİMİTED ŞİRKETİ;GÖCEK MAH. ÇALTILAR (GCK) SK. NO:11 İÇ KAPI NO: Z3 FETHİYE MUĞLA;(252) 0000000;https://gsymdenizcilik.com/;gsymdenizcilik.com;ÇİB - Çelik İhracatçıları Birliği
GÜLSAN İNŞAAT SAN.TURZ.NAKL.VE TİC.A.Ş.;RÜZGARLIBAHÇE MH CUMHURİYET CD NO:22 BEYKOZ İSTANBUL;(216) 6810200;www.gulsanholding.com.tr;gulsanholding.com.tr;ÇİB - Çelik İhracatçıları Birliği
GENCH INTERNATIONAL YAPI MALZ.TİC.LTD.ŞTİ.;ESKOOP SAN. SİT. C5 BLOK NO:278 BAŞAKŞEHİR İSTANBUL;(212) 6713794;www.genchshop.com.tr;genchshop.com.tr;ÇİB - Çelik İhracatçıları Birliği
SUN BAĞLANTI ELEMANLARI PRES METAL MAKİNE SAN. VE TİC. LTD. ŞTİ.;SULTAN ORHAN MAH. HASKÖY SAN. SİT. 9. BLOK NO:41 GEBZE KOCAELİ;(262) 6423786;www.sunrondela.com;sunrondela.com;ÇİB - Çelik İhracatçıları Birliği
STARFISH ENERJİ LİMİTED ŞİRKETİ;OSTİM OSB MAHALLESİ 1170.CADDE NO:4 İÇ KAPI 42 YENİMAHALLE ANKARA;(312) 3863663;www.starfishlimited.com.tr;starfishlimited.com.tr;ÇİB - Çelik İhracatçıları Birliği
DİNAMİK PRES DÖKÜM SANAYİ VE TİCARET LTD.ŞTİ.;CUMHURİYET MH. KARTAL CD. NO:101/1 KARTAL İSTANBUL;(216) 5408493;www.dinamikpres.com;dinamikpres.com;ÇİB - Çelik İhracatçıları Birliği
ÇAĞBERK LOJİSTİK PAZARLAMA İÇ VE DIŞ TİCARET ANONİM ŞİRKETİ;BAHÇEŞEHİR 2 KISIM MH MERCEDES BULVARI 2 BLOK NO:24B/78 BAŞAKŞEHİR İSTANBUL;(212) 6384807;www.cagatay.com.tr;cagatay.com.tr;ÇİB - Çelik İhracatçıları Birliği
AKSER PLASTİK DOĞRAMA AKSESUARI VE SAC PROFİL SANAYİ TİCARET LİMİTED ŞİRKETİ;KÜÇÜKYALI MERKEZ MH ER SK NO:9A MALTEPE İSTANBUL;(216) 3665652;www.akselpvc.com;akselpvc.com;ÇİB - Çelik İhracatçıları Birliği
VERTİV GÜÇ SİSTEMLERİ LİMİTED ŞİRKETİ;ŞERİFALİ CAD. TURCAN CAD. NO.60 ÜMRANİYE İSTANBUL;(216) 5867900;www.masterguard.com.tr;masterguard.com.tr;ÇİB - Çelik İhracatçıları Birliği
SIEGWERK BASKI MUREKKEPLERI SANAYİ VE TICARET ANONİM ŞİRKETİ;IST DERI ORG.SAN.BOLG.H6 PARSEL 1.YOL 0 PARSEL 1.YOL TUZLA İSTANBUL;02163940324;www.siegwerk.com;siegwerk.com;ÇİB - Çelik İhracatçıları Birliği
AK PLAST PLASTİK AMBALAJ SANAYİ VE TİCARET LİMİTED ŞİRKETİ;İST-TUZLA KİMYACILAR ORG. SAN. BÖL. MELEK ARAS BULVARI NO:61 K.2 TUZLA İSTANBUL;(216) 5930572;www.aplas.com.tr;aplas.com.tr;ÇİB - Çelik İhracatçıları Birliği
BMG ÖZEL GÜVENLİK SİSTEMLERİ BİLİŞİM TELEKOMÜNİKASYON SANAYİ VE TİCARET LİMİTED ŞİRKETİ;1374 SOK.NO:6/502 BÜYÜK BAŞ İŞ HANI KONAK İZMİR;(232) 4731171;www.bmg.gen.tr;bmg.gen.tr;ÇİB - Çelik İhracatçıları Birliği
STEELKONT YAPI SANAYİ VE TİCARET LİMİTED ŞİRKETİ;SOĞANLIK YENİ MAH. FUATPAŞA SK NO:12 İÇ KAPI NO:7 KARTAL İSTANBUL;(216) 0000000;http://info@steelkont.com.tr;info@steelkont.com.tr;ÇİB - Çelik İhracatçıları Birliği
PARETO INTERNATIONAL İÇ VE DIŞ TİC.LTD.ŞTİ.;BAHÇEŞEHİR 1.KISIM MH.AKASYA SK. ESTON ŞEHİR SİT 105 NO:24/1 BAŞAKŞEHİR İSTANBUL;(212) 5761466;www.paratoint.com;paratoint.com;ÇİB - Çelik İhracatçıları Birliği
ÇELİKYAY İNŞAAT ANONİM ŞİRKETİ;DUMLUPINAR MAHALLESİ GELİBOLU CADDESİ NO:74/1 NİLÜFER BURSA;(224) 4516601;http://www.celikyayinsaat.com;celikyayinsaat.com;ÇİB - Çelik İhracatçıları Birliği
COŞKUN OTOMAT SAN.VE TİCARET A.Ş.;FATİH CAD. LADİN SOK. NO.16KERESTECILER SITESI GÜNGÖREN İSTANBUL;(212) 5756288;www.coskunotomat.com.tr;coskunotomat.com.tr;ÇİB - Çelik İhracatçıları Birliği
BALKAY KİMYASAL MADDELER ENDÜSTRİSİ SANAYİ VE DIŞ TİCARET LTD. ŞTİ.;HALKALI CAD.NO.245 KÜÇÜKÇEKMECE İSTANBUL;02126932427;www.balkaykimya.com;balkaykimya.com;ÇİB - Çelik İhracatçıları Birliği
HİKMET AKSÔZ YAPI PVC ALÜMİNYUM SİSTEMLERİ İTHALAT İHRACAT SANA YI VE TİCARET LİMİTED;BATTALGAZİ MH.YADİGAR SK. NO:2-6A SULTANBEYLİ İSTANBUL;(216) 4193040;www.aksozyapipvc.com;aksozyapipvc.com;ÇİB - Çelik İhracatçıları Birliği
PENTEK PENCERE AKSESUAR SANAYI VE TICARET A.S.;İKİTELLİ OSB MH GALVANO TEKNİK BAKIR SK G1 BLOK NO:3 BAŞAKŞEHİR İSTANBUL;(212) 5498892;www.pentekdograma.com;pentekdograma.com;ÇİB - Çelik İhracatçıları Birliği
PLANET ENDÜSTRİYEL TEMİZLİK ÜRÜNLERİ İÇ VE DIŞ TİCARET LİMİTED ŞİRKETİ;MAHMUTBEY MAH. İSTOÇ ÇEVRE YOLU SOK. NO:19/C BAĞCILAR İSTANBUL;(212) 6592652;www.ugurlarplastik.com;ugurlarplastik.com;ÇİB - Çelik İhracatçıları Birliği
OMİNSAAT YAPI SANAYİ VE TİCARET LİMİTED ŞİRKETİ;ŞİRİNTEPE MH AÇELYA SK NO:15 KAĞITHANE İSTANBUL;(212) 3240662;www.ominsaat.net;ominsaat.net;ÇİB - Çelik İhracatçıları Birliği
ELEKTROPLAST ELEKTRIK ELEKT.VE PLAST.LLZ.SAN.VE TIC.LTD.STI;METAL IŞ KOOP. 6.BLOK NO.32 KÜÇÜKÇEKMECE İSTANBUL;02126713496;www.elektroplast.com.tr;elektroplast.com.tr;ÇİB - Çelik İhracatçıları Birliği
STAR BAGLANTI ELEMANLARI POMPA VE ENDÜSTRIYEL ÜRÜNLER SANAYI TICARET LIMITED SIRKETI;MIMAR SINAN MAH. ÜSKÜDAR CAD. YEDPA NO: 1 G IÇ KAPI NO: 72 ATAŞEHİR İSTANBUL;(216) 0000000;http://www.starbaglanti.com;starbaglanti.com;ÇİB - Çelik İhracatçıları Birliği
DEGORA YAPI MALZEMELERİ LTD. ŞTİ.;GİRNA MAH.IRMAK SOK.KÜÇÜKYALI İŞ MERKZ.H BLOK N:9 MALTEPE İSTANBUL;(216) 3671968;www.degora.com;degora.com;ÇİB - Çelik İhracatçıları Birliği
STANDART OTOMOTİV RAKOR İML. TİC. LTD. ŞTİ.;İKİTELLİ OSB MH ÇEVRE SAN SİT 5 BLOK NO:25-27-29 BAŞAKŞEHİR İSTANBUL;(212) 5776778;www.standartrakor.com;standartrakor.com;ÇİB - Çelik İhracatçıları Birliği
BİOVA ENERJİ VE TARIM YATIRIMLARI ANONİM ŞİRKETİ;ESENTEPE MAH. ALİ KAYA SK. APA NEF PLAZA BLOK NO: 3 İÇ KAPI NO: 29 ŞİŞLİ İSTANBUL;(212) 4447825;http://www.uck.com.tr;uck.com.tr;ÇİB - Çelik İhracatçıları Birliği
EMSA ENERJİ PAZARLAMA VE DIŞ TİCARET ANONİM ŞİRKETİ;MECLIS MAHALLESİ KARACAOĞLAN SOK.NO:2/A SANCAKTEPE İSTANBUL;(216) 4200003;www.emsa.gen.tr;emsa.gen.tr;ÇİB - Çelik İhracatçıları Birliği
HEDEF MAKİNA İML.VE BAK.ONARIM İNŞ.TAAH.TİC.LTD.ŞTİ.;KADOSAN SAN.SITESI B BLOK NO:26/28 ÜMRANİYE İSTANBUL;02164664600;www.hedef-makine.com;hedef-makine.com;ÇİB - Çelik İhracatçıları Birliği
PUSULAPRJ MÜHENDİSLİK VE MİMARLIK İNŞ. TAAH. DIŞ TİC.LTD. ŞTİ.;ESENTEPE MAHALLESİ ESKİ BAĞLAR CAD. NO: 18 -2OH ÇORLU TEKİRDAĞ;(282) 6512535;https://pusulapanel.com/;pusulapanel.com;ÇİB - Çelik İhracatçıları Birliği
VERSUS ÜST YAPI ELEMANLARI SANAYİ VE TİCARET ANONİM ŞİRKETİ;AKÇABURGAZ MH 3122 SK NO:8NO:124 Z KAT ESENYURT İSTANBUL;(212) 4455403;www.versus-omega.com;versus-omega.com;ÇİB - Çelik İhracatçıları Birliği
GÜVENİŞ TEKNOLOJİ ELEKTRONİK SİSTEMLER SANAYİ VE TİCARET LİMİTED SİRKETİ;BEYLİKDÜZÜ OSB MAH. 1._1 CAD. KONYALILAR IS MERKEZNO: 1 IÇ KAPI NO: 6 BEYLİKDÜZÜ İSTANBUL;(212) 7710415;http://www.guvenisregulator.com.tr;guvenisregulator.com.tr;ÇİB - Çelik İhracatçıları Birliği
INOXMAYA ENDÜSTRİ ALTYAPI VE TELEKOMÜNİKASYON MALZEMELERİ SANAYİ TİCARET ANONİM ŞİRKETİ;DERİ OSB MH. KUMPAS CAD. İSTANBUL DERİ OSB NO:5 TUZLA İSTANBUL;(216) 3942661;www.mayagrup.com;mayagrup.com;ÇİB - Çelik İhracatçıları Birliği
KARTEK İÇ VE DIŞ TİC.A.Ş;MERVE MAH.SEBAT SK.NO:12/B KAT:2 SANCAKTEPE İSTANBUL;(216) 3142313;www.kartekmetal.com.tr;kartekmetal.com.tr;ÇİB - Çelik İhracatçıları Birliği
PEAK PORTER OTOMASYON ANONİM ŞİRKETİ;BARIŞ MAH. 1804/2 SOKAK NO 26 GEBZE KOCAELİ;(212) 2889404;http://www.peakporter.com;peakporter.com;ÇİB - Çelik İhracatçıları Birliği
ARTAŞ SAC ÇELİK METAL ANONİM ŞİRKETİ;KARAAĞAÇ MAH. SIRTKÖY BULVARI 67. VİLLA NO: 18/67 BÜYÜKÇEKMECE İSTANBUL;;www.traycanal.com;traycanal.com;ÇİB - Çelik İhracatçıları Birliği
CSY MARİNE DENİZCİLİK TURİZM ELEKT.AKSESUARLARI TİC. LTD. ŞTİ.;AYTINTEPE MAH. HARMANDALI SOK. NO.2 D.3-4-5 TUZLA İSTANBUL;(216) 3921671;www.csymarine.com;csymarine.com;ÇİB - Çelik İhracatçıları Birliği
ENG ALÜMİNYUM LİMİTED ŞİRKETİ;TOPSELVİ MH TOPSELVİ CD NO:95/182 PENDİK İSTANBUL;(216) 0000000;www.glazenschuifwandxl.nl;glazenschuifwandxl.nl;ÇİB - Çelik İhracatçıları Birliği
ALPA DEMİR ÇELİK İNŞAAT VE TAAHHÜT ANONİM ŞİRKETİ;ÖRNEK MAH. ARMA SK. NO:1/7 ATAŞEHİR İSTANBUL;(216) 7065259;www.alpaps.com;alpaps.com;ÇİB - Çelik İhracatçıları Birliği
ASEL ELOKSAL ALUM.STATIK TOZ.B OYA SAN.VE TIC.LTD.STI.;GÜRSEL MAH. KAĞITHANE CAD. UĞUR SOK. NO-40-42 KAĞITHANE İSTANBUL;(212) 2104189;www.aseleloksal.com;aseleloksal.com;ÇİB - Çelik İhracatçıları Birliği
CEYLAN İNŞAAT TAAHHÜT VE SANYİ LİMİTED ŞİRKETİ;ORGANİZE SANAYİ BÖLGESİ E-5 KARAYOLU ÜZERİ AZGANLIK YOL KAVŞAĞI İSKENDERUN HATAY;(326) 6562226;www.ceylanins.com.tr;ceylanins.com.tr;ÇİB - Çelik İhracatçıları Birliği
ÜMİT MAKİNA SAN.VE TİC.KOLL.ŞTİ. BARIŞ ÜMİT VE ORT.;KAVAKLI MAH. KIBLE SOK. NO:7 SİLİVRİ İSTANBUL;(212) 7234400;www.umitmakina.com;umitmakina.com;ÇİB - Çelik İhracatçıları Birliği
VOLKAN KAYNAK MERKEZİ TİCARET LİMİTED ŞİRKETİ;SANAYİ MAHALLESİ NO:404/12 İZMİT KOCAELİ;(262) 3354514;http://www.volkankaynak.com;volkankaynak.com;ÇİB - Çelik İhracatçıları Birliği
SERYUM TEKNİK KİMYA LİMİTED ŞİRKETİ;BALAT MAHALLESİ SANAYİ CADDESİ NO:433 İÇ KAPI NO:37 NİLÜFER BURSA;(224) 5041000;http://www.seryumtk.com;seryumtk.com;ÇİB - Çelik İhracatçıları Birliği
ERTAN PLASTİK İÇ VE DIŞ TİC.SAN.LTD.ŞTİ;İSTOÇ 27.ADA NO.80 BAĞCILAR İSTANBUL;(212) 6594661;www.erkanplast.com;erkanplast.com;ÇİB - Çelik İhracatçıları Birliği
ALZ TASARIM DEKORASYON ÜRÜNLERİ SANAYİ VE TİCARET LİMİTED ŞİRKETİ;EMEK MAH. NATO YOLU CD. 319/1 SANCAKTEPE SANCAKTEPE İSTANBUL;(216) 4718119;http://www.alztasarim.com;alztasarim.com;ÇİB - Çelik İhracatçıları Birliği
TÜRKELİ DIŞ TİCARET MÜHENDİSLİK LİMİTED ŞİRKETİ;KEMAL TÜRKLER MAH. ÖZDUMAN SK. NO: 7 A SANCAKTEPE İSTANBUL;(216) 6209811;http://turkelienerji.com/;turkelienerji.com;ÇİB - Çelik İhracatçıları Birliği
SİM DAYANIKLI TÜKETİM MAMÜLLERİ SANAYİ VE TİCARET LİMİTED ŞİRKETİ;BAĞLAR MAH. 2. SOK. NO:15 BAĞCILAR İSTANBUL;(212) 6512651;www.softy.com.tr;softy.com.tr;ÇİB - Çelik İhracatçıları Birliği
RAWLPLUG TURKEY İNŞAAT MALZEMELERİ LİMİTED ŞİRKETİ;FATİH SULTAN MEHMET MAH. POLİGON CAD. BUYAKA 2 SİTESİ3 BLOK NO: 8C İÇ KAPI NO: 1 ÜMRANİYE İSTANBUL;;http://hasan.yasar@rawlplug.com;hasan.yasar@rawlplug.com;ÇİB - Çelik İhracatçıları Birliği
İNTEK YAPI ELEMANLARI SANAYİ VE TİCARET LİMİTED ŞİRKETİ;TATLIKUYU MAH.DR.ZEKI ACAR CAD.NO.8 GEBZE KOCAELİ;02626421962;www.intekkalip.com.tr;intekkalip.com.tr;ÇİB - Çelik İhracatçıları Birliği
GÜLER BİJUTERİ OTOMOTİV GIDA VE TURZM SAN. TİC. LTD. ŞTİ.;TERAZİDERE MH GÜNEŞLİ CD KERVANSARAY İŞHANI NO:54 KAT :4 BAYRAMPAŞA İSTANBUL;(212) 6402678;www.gulerbijuteri.com;gulerbijuteri.com;ÇİB - Çelik İhracatçıları Birliği
MT İNOX ENDÜSTRİYEL MUTFAK ÜRETİM VE PAZARLAMA LİMİTED ŞİRKETİ;GÜNEŞLİ MH 1366 SK GÖZCÜLER İS HANI NO:4A BAĞCILAR İSTANBUL;(212) 5495890;www.mertendustrielmutfak.com;mertendustrielmutfak.com;ÇİB - Çelik İhracatçıları Birliği
DEMONTE PREFABRİK PROJE YAPI SAN. VE TİC. A.Ş.;ORHANLI MAH. FETTAH BAŞARAN CAD. NO:103/A TUZLA İSTANBUL;(216) 3945401;www.demonteprefabrik.com;demonteprefabrik.com;ÇİB - Çelik İhracatçıları Birliği
ŞAHTERM ELEKTİRİKLİ ISITICILAR SANAYİ VE TİCARET A.Ş.;HASANAĞA OSB MAH. HOSAB SANAYİ CAD. NO:55 16225 NİLÜFER BURSA;(224) 2611740;www.sahterm.com;sahterm.com;ÇİB - Çelik İhracatçıları Birliği
SUNPARADİSE ALÜMİNYUM SANAYİ VE TİCARET ANONİM ŞİRKETİ;KÜÇÜCEK BELDESİ İSTİKLAL MAH.FABRİKALAR CAD.NO:45/A AKYAZI SAKARYA;02644624881;www.sunparadise.com/;sunparadise.com;ÇİB - Çelik İhracatçıları Birliği
AUREUS DIŞ TİCARET VE LİMİTED ŞİRKETİ;ATAKOY 7.8.9.10. KISIM MAH. COBANÇESME CADDESİ ATAKOY TOWERS A BLOK NO:20 IC KAPI NO : 109 BAKIRKÖY İSTANBUL;;http://www.aureus.ltd;aureus.ltd;ÇİB - Çelik İhracatçıları Birliği
PİKASAN YAPI ÜRÜNLERİ SANAYİ VE TİCARET LİMİTED ŞİRKETİ;HAVAALANI MAH. ULUDAG CAD. NO:2 ESENLER İSTANBUL;(212) 4308700;www.pikasan.com;pikasan.com;ÇİB - Çelik İhracatçıları Birliği
GTA MAKİNA SAN. VE TİC. A.Ş.;TEKELİ İTOB ORG.SAN.BÖL.10014 SOK.NO:14 TEKELİ CUMAOVASI(MENDERES) İZMİR;(232) 7990172;www.pakin-gta.com;pakin-gta.com;ÇİB - Çelik İhracatçıları Birliği
LAKTO HAYVANCILIK TEKNOLOJİLERİ SANAYİ VE TİCARET LİMİTED ŞİRKETİ;10038 SOK. NO:3/B ATATÜRK ORG. SAN. BLG. ÇİĞLİ İZMİR;(232) 3280059;www.lakto.com.tr;lakto.com.tr;ÇİB - Çelik İhracatçıları Birliği
POİNT METAL A.Ş.;ZAFER MH. İMALAT 8. SK. NO:24 ÇORLU TEKİRDAĞ ÇORLU TEKİRDAĞ;(282) 6737106;http://www.pointmetal.com.tr;pointmetal.com.tr;ÇİB - Çelik İhracatçıları Birliği
İSO OTOMATİK KAPI VEGÜVENLİK ISITMA SOĞUTMA SİSTEMLERİ İNŞAAT TEKS. GIDA SAN. LTD. ŞTİ;7097 SOKAK NO:7 PINARBAŞI BORNOVA İZMİR;(232) 4785758;www.isokapi.com;isokapi.com;ÇİB - Çelik İhracatçıları Birliği
ALCAS ALÜMİNYUM SANAYİ ANONİM ŞİRKETİ;CUMHURİYET MH KAYA MİLENYUM PLAZA KAT:7 NO:139 TEPECİK BÜYÜKÇEKMECE İSTANBUL;(212) 5508788;www.alcas.com.tr;alcas.com.tr;ÇİB - Çelik İhracatçıları Birliği
FAREX ULUSLARARASI TİCARET LTD.ŞTİ.;ESENKENT MAH. EFLATUN SOK. NO:5/5 YUKARIDUDULLU ÜMRANİYE İSTANBUL;(216) 3148660;www.far-electric.com.tr;far-electric.com.tr;ÇİB - Çelik İhracatçıları Birliği
HAZNEDAR YATIRIM VE PAZARLAMA A.Ş.;BÜYÜK ÇAVUŞLU BELDESI.SAZLIDERE MEVKİİ BÜYÜKÇAVUŞLU SİLİVRİ İSTANBUL;02127453505;www.hazref.com;hazref.com;ÇİB - Çelik İhracatçıları Birliği
TEKPAN TEKNİK ELEKTRİK KUMANDA PANO SAN.VE TURİZM TİC. A.Ş.;HALİLBEYLİ OSB MH PARSA CD NO.2/1 BAĞYURDU OSB 35730 KEMALPAŞA KEMALPAŞA İZMİR;(232) 8771877;www.tekpan.com.tr;tekpan.com.tr;ÇİB - Çelik İhracatçıları Birliği
STONELİNE YAPI ÜRÜNLERİ SANAYİ ANONİM ŞİRKETİ;CUMHURİYET MAH.ZEHRA SK.NO:4 ÇAYIROVA KOCAELİ;(212) 3322215;www.stone-line.com;stone-line.com;ÇİB - Çelik İhracatçıları Birliği
SANCAKLAR STEEL GROUP METAL SANAYİ VE TİCARET LİMİTED ŞİRKETİ;ÜÇEVLER MAH ERSAN SK İBRAHİM YAZICI PLAZA 2 NO: 8A NİLÜFER BURSA;(224) 4514180;https://www.sancaklarsteelgroup.com/;sancaklarsteelgroup.com;ÇİB - Çelik İhracatçıları Birliği
ON2 DANIŞMANLIK EĞİTİM İNŞ. MÜH. TAAHHÜT SAN. VE TİC. LTD. ŞTİ.;YAHYA KAPTAN MAH. ŞEVVAL SOK. LEYLAK EVLERİ A BLOK D:2 İZMİT KOCAELİ;(262) 3351200;www.on2.com.tr;on2.com.tr;ÇİB - Çelik İhracatçıları Birliği
OTELSAN BUKLET MALZEMELERİ OTEL EKİPMANLARI VE MİMARLIK HİZMETLERİ SANAYİ TİCARET ANONİM ŞİRKETİ;ÜÇEVLER MAHALLESİ COŞKUN SOKAK NO:9 İNCİ PLAZAKAT:1 OFİS:10 NİLÜFER BURSA;(224) 2502700;https://otelsan.com.tr/;otelsan.com.tr;ÇİB - Çelik İhracatçıları Birliği
KORKMAZ ÇELİK TİCARET VE SAN. A.Ş.;DES SANAYİ SİTESİ 110 SOK. D:29 YUKARIDUDULLU ÜMRANİYE İSTANBUL;(216) 4990999;www.korkmazcelik.com;korkmazcelik.com;ÇİB - Çelik İhracatçıları Birliği
ELPA SALT TESISLERI SANAYI VE TICARET LTD.STI.;IST. TUZLA KIMYA SANAYICILERI ORGSAN.BOLG. C 49 TUZLA İSTANBUL;02165930325;www.elpaltd.com;elpaltd.com;ÇİB - Çelik İhracatçıları Birliği
ONAT ALÜMİNYUM SANAYİ TİCARET ANONİM ŞİRKETİ;DENİZLİ MAH.GAZİ M.KEMAL CAD. NO:186 GEBZE KOCAELİ;(262) 7293373;www.onatprofil.com;onatprofil.com;ÇİB - Çelik İhracatçıları Birliği
OĞUZHAN ALÜMİNYUM SANAYİ TİCARET LİMİTED ŞİRKETİ;ESENŞEHİR MH KURTULUŞ CD ZEMHERİ SK NO:2 ESENŞEHİR ÜMRANİYE İSTANBUL;(216) 5262444;www.oguzhansineklik.com.tr;oguzhansineklik.com.tr;ÇİB - Çelik İhracatçıları Birliği
PEİKKO YAPI MALZEMELERİ SAN. VE TİC. AŞ.;BARBAROS MH KARDELEN SK NO:2-41 PALLADİUM TOWER KAT:10 ATAŞEHİR İSTANBUL;(216) 3607139;www.peikko.com;peikko.com;ÇİB - Çelik İhracatçıları Birliği
SAİS TECHNOLOGİES TEKNOLOJİ SANAYİ VE TİCARET ANONİM ŞİRKETİ;DUDULLU ORG.SAN.BOLG.2.CD.NO:13 YUKARIDUDULLU ÜMRANİYE İSTANBUL;02164155567;www.wittur.com.tr;wittur.com.tr;ÇİB - Çelik İhracatçıları Birliği
METMEX METAL TEKNİK ÇÖZÜMLER ANONİM ŞİRKETİ;ESENTEPE MAH. YÜZBAŞI KAYA ALDOĞAN SOK. PARDUS PLAZA BLOK 4 DIŞ KAPI NO:4 ŞİŞLİ İSTANBUL;;https://metmex.com.tr/;metmex.com.tr;ÇİB - Çelik İhracatçıları Birliği
DOLFIN ELEKTRIK SAN.VE TIC.LTD STI.;EVLİYA ÇELEBİ MAH. RAUF ORBAY CAD.PEKER SOK. NO:2 KAT:2 TUZLA İSTANBUL;(216) 4467267;www.dolfinelektrik.com.tr;dolfinelektrik.com.tr;ÇİB - Çelik İhracatçıları Birliği
DOĞUŞ PLASTİK VE KALIP SANAYİ TİCARET LİMİTED ŞİRKETİ;ZAFER MAH. 146. SOK NO:19 ESENYURT İSTANBUL;(212) 4220606;www.dugus-plastik.com;dugus-plastik.com;ÇİB - Çelik İhracatçıları Birliği
BHT ALÜMİNYUM PAZARLAMA SANAYİ VE TİCARET LİMİTED ŞİRKETİ;AKŞEMSETTİN MH FATİH SAN SİT 215 SK NO:24/12 D1/A BLOK ESENYURT İSTANBUL;(212) 6720801;www.bhtaluminyum.com.tr;bhtaluminyum.com.tr;ÇİB - Çelik İhracatçıları Birliği
REFERANS CEPHE GİYDİRME SAN. İÇ VE DIŞ TİC. LTD. ŞTİ.;İNÖNÜ MAH. 1320 SOK. NO:3/C KÜÇÜKÇEKMECE İSTANBUL;90(212) 4702065;www.referanscephe.com.tr;referanscephe.com.tr;ÇİB - Çelik İhracatçıları Birliği
ATILIM IC VE DIS TICARET LTD.STI.;DOLAPDERE CD.NO.119 ŞİŞLİ İSTANBUL;02122310501;www.atilimsogutma.com;atilimsogutma.com;ÇİB - Çelik İhracatçıları Birliği
AYTES ELEKTRİK MAKİNA İNŞ.İTH.İHR.SAN.TİC.LTD.ŞTİ.;SANAYİ MAH. KOZALI SOKAK ÇARŞI YAPI A.V.M. C BLOK NUMARA NO.18 TEPECİK İZMİT KOCAELİ;(262) 3355230;www.ayteselektrik.com;ayteselektrik.com;ÇİB - Çelik İhracatçıları Birliği
KIGA DANISMANLIK ITHALAT IHRACAT TICARET LIMITED SIRKETI;CEMIL MERIÇ MAH. CEMALETTIN SK. NO: 5 A ÜMRANİYE İSTANBUL;(216) 0000000;http://www.ekplastik.com.tr;ekplastik.com.tr;ÇİB - Çelik İhracatçıları Birliği
ODAK SANAT HOBI VE KRAFT SAN. DIS TIC.LTD.STI.;TALATPAŞA MAH. AYDOĞAN CAD. NO:31/B KAĞITHANE İSTANBUL;(212) 3204594;www.odakhobi.com;odakhobi.com;ÇİB - Çelik İhracatçıları Birliği
MKB GLOBAL ENDÜSTRİYEL KABLO KAUÇUK İMALAT İTHALAT İHRACAT SAN. VE TİC. LTD ŞTİ.;AKÇABURGAZ MAH. 1592.SK. ALKOP A7 BLOKNO:2 I İÇ KAPI NO:22 ESENYURT İSTANBUL;(212) 0000000;http://www.mkbendustriyelkaucuk.com;mkbendustriyelkaucuk.com;ÇİB - Çelik İhracatçıları Birliği
5M İNŞAAT TEKSTİL İTHALAT İHRACAT SAN. TİC. LTD. ŞTİ.;MİMARSİNAN MERK.MAH.MUSTAFA KEMAL BULVARI HAZAL SİT.NO:7-3 D BLOK K:1 D:12 MİMARSİNAN BÜYÜKÇEKMECE İSTANBUL;02128636786;www.5minsaat.net;5minsaat.net;ÇİB - Çelik İhracatçıları Birliği
RENTA ELEKTRİKLİ EV ALETLERİ SAN. VE DIŞ TİC. LTD. ŞTİ.;İÇERENKÖY MAHALLESİ ÇAYIR YOLU SOKAK NO:11KAT:7 ATAŞEHİR İSTANBUL;(216) 4664242;www.hoover.com.tr;hoover.com.tr;ÇİB - Çelik İhracatçıları Birliği
STAR RULMANCILIK VE TUR.SAN.VE TIC.LTD.STI.;2837 SOK.NO:23 1.SAN.SITESI BORNOVA İZMİR;(232) 4578300;www.starrulmanltdsti.com;starrulmanltdsti.com;ÇİB - Çelik İhracatçıları Birliği
YENİ SÜPER GAZ SANAYİ VE TİCARET LİMİTED ŞİRKETİ;İKİTELLİ OSB MH ESKİ TURGUT ÖZAL CD NO:4 B BLOK NO:404 BAŞAKŞEHİR İSTANBUL;(212) 2544444;www.iceinox.com;iceinox.com;ÇİB - Çelik İhracatçıları Birliği
SBC OTOMASYON SAN.VE TIC.A.S.;KOŞUYOLU MH.CEVATPAŞA SOK.NO:14 KOŞUYOLU KADIKÖY İSTANBUL;(216) 3399151;www.sbcotomasyon.com.tr;sbcotomasyon.com.tr;ÇİB - Çelik İhracatçıları Birliği
ÇUKUROVA YALITIM ÇATI KAPLAMA VE PLASTİK ÜRÜNLER SANAYİ VE TİCARET ANONİM ŞİRKETİ;ŞEKERPINAR MAHALLESİ SÜLEYMAN DEMİREL CADDESİ NO:4 ÇAYIROVA KOCAELİ;(262) 6580880;www.yapiteknik.com;yapiteknik.com;ÇİB - Çelik İhracatçıları Birliği
MACAA DIŞ TİCARET İNŞAAT VE SANAYİ LİMİTED ŞİRKETİ;ATATÜRK MH ERTUĞRUL GAZİ SK METROPOL İSTANBUL SİT C1 BLOK NO:2B/376 ATAŞEHİR İSTANBUL;;www.macaa.com.tr;macaa.com.tr;ÇİB - Çelik İhracatçıları Birliği
OZGENCOGLU METAL ALUMINYUM IN SAAT SAN.VE TIC.LTD.STI.;AĞAÇIŞLERI SAN. BAŞKIŞLA CAD.NO.105 SELÇUKLU KONYA;03322338173;www.gencmetal.com.tr;gencmetal.com.tr;ÇİB - Çelik İhracatçıları Birliği
PRN İNŞAAT TAAHHÜT SANAYİ VE TİCARET LİMİTED ŞİRKETİ;ATATÜRK MAHALLESİ ERTUĞRUL GAZİ SOKAK METROPOL İSTANBUL SİTESİ A BLOK NO: 2E DAİRE : 288 ATAŞEHİR İSTANBUL;(216) 4551524;www.erege.com.tr;erege.com.tr;ÇİB - Çelik İhracatçıları Birliği
ATISKAN YAPI VE ENDUSTRIYEL ALCI URUNL.SAN.VE TIC.A.S.;HİSAR MAH BURSA KARAYOLU 21 KM NO.396M. ÇUKURHİSAR ÇUKURHİSAR TEPEBAŞI ESKİŞEHİR;(222) 4112089;www.atiskanalci.com;atiskanalci.com;ÇİB - Çelik İhracatçıları Birliği
ARYA DOORS YAPI MALZEMELERİ SANAYİ VE TİCARET ANONİM ŞİRKETİ;ORTA MAH. ATAYOLU CAD. NO: 8 İÇ KAPI NO: 23 TUZLA İSTANBUL;(216) 9996496;https://www.aryadoors.com/;aryadoors.com;ÇİB - Çelik İhracatçıları Birliği
DOĞRAMACI MÜHENDİSLİK İTHALAT VE İHRACAT TİCARET LİMİTED ŞİRKETİ;ALKENT 2000 MAHALLESİ IHLAMUR 1 SOKAK NO:38 BÜYÜKÇEKMECE İSTANBUL;(212) 4930194;www.dogramaci.com.tr;dogramaci.com.tr;ÇİB - Çelik İhracatçıları Birliği
KUBİLAY KİMYA VE BOYA SAN. TİC. LTD. ŞTİ.;ALI AĞA ORG. SAN. BÖL.ERTAÇ KARAGÖZLÜ CAD. NO.6 ALİAĞA İZMİR;02326215001;www.kubilayboya.com;kubilayboya.com;ÇİB - Çelik İhracatçıları Birliği
ULUSAL YAPI DANIŞMANLIK DIŞ TİC. LTD. ŞTİ;ATATÜRK MAH.TURGUT ÖZAL BULV.42A ADA GARDENYA 7/1 K:6 D:42 ATAŞEHİR İSTANBUL;(216) 4558663;www.ulusalyapi.com;ulusalyapi.com;ÇİB - Çelik İhracatçıları Birliği
TEKNOPAK ÇEMBERLEME MAK.AMB.SAN.TİC.LTD.ŞTİ.;YAYLA MH.KOÇAK CD.NO:15HABİPLER SULTANGAZİ İSTANBUL;(212) 4751065;www.teknocemberleme.com.tr;teknocemberleme.com.tr;ÇİB - Çelik İhracatçıları Birliği
IŞIK ENDÜSTRİYEL ÜRÜNLER PAZARLAMA ANONİM ŞİRKETİ;ATATÜRK MH. MUSTAFA KEMAL CAD. NO:1/2 DAIRE 1-2-3 KADIKÖY İSTANBUL;02165809360;www.isikendustriyel.com;isikendustriyel.com;ÇİB - Çelik İhracatçıları Birliği
ÖZKANOĞLU İNŞAAT TAAHHÜT VE TİCARET LİMİTED ŞİRKETİ;FATİH MAH.ALİ ÇALIŞIR SK.NO:8/A MERKEZ ÇANKIRI;(376) 2122023;www.ozkanoglu.com.tr;ozkanoglu.com.tr;ÇİB - Çelik İhracatçıları Birliği
OPKON OPTİK ELEKTRONİK KONTROL SANAYİ VE TİCARET ANONİM ŞİRKETİ;TERAZIDERE MAH. 60.YIL CAD. NO.46AYRANCI SITESI BAYRAMPAŞA İSTANBUL;02125014863;www.opkon.com.tr;opkon.com.tr;ÇİB - Çelik İhracatçıları Birliği
PEDAŞ LED VE AYDINLATMA SİSTEMLERİ İÇ DIŞ TİC. LTD. ŞTİ.;MERVE MAH. NECİP FAZIL CAD. NO:6 SANCAKTEPE İSTANBUL;(216) 3643327;www.pedas.com.tr;pedas.com.tr;ÇİB - Çelik İhracatçıları Birliği
SOYDAN RAF MARKET EKİPM.SAN.TİC.LTD.ŞTİ.;YENİ MAH.İNKILAP CAD. YÜCE SOK. NO:20 İZMİT KOCAELİ;(262) 2263641;www.soydanraf.com;soydanraf.com;ÇİB - Çelik İhracatçıları Birliği
ERTUG REKLAM SANAYII VE TICARET A.S.;DİLOVASI ORG. SAN. BÖL. 3 KISIMD 3005 SOKAK NO:9 GEBZE KOCAELİ;02627591750;www.ertug.com.tr;ertug.com.tr;ÇİB - Çelik İhracatçıları Birliği
FLİCKER LİNE DIŞ TİCARET LİMİTED ŞİRKETİ;ZİYA GÖKALP MAH. KARACAOĞLAN SK. AĞAOĞLU MY WORLD EUROPA B3 BLOK NO: 1 D İÇ KAPI NO: 182 BAŞAKŞEHİR İSTANBUL;(212) 0000000;http://www.flickerline.com;flickerline.com;ÇİB - Çelik İhracatçıları Birliği
GROMFAST METAL SANAYI VE TICARET ANONİM ŞİRKETİ;İKİTELLİ OSB MH İSTEKS SAN SİT B6 BLOK NO:9 BAŞAKŞEHİR İSTANBUL;(212) 4859119;www.gromfast.com.tr;gromfast.com.tr;ÇİB - Çelik İhracatçıları Birliği
BAŞARI GÜMRÜK MÜŞAVİRLİĞİ LİMİTED ŞİRKETİ;TEVFİKBEY MAH.MERKEZ CAD.ORKİDE SOK.MÜŞAVİRLER APT.NO:11/3 SEFAKÖY KÜÇÜKÇEKMECE İSTANBUL;(212) 5800000;www.basarigumruk.net;basarigumruk.net;ÇİB - Çelik İhracatçıları Birliği
BURSA POZİTİF ELEKTROMARKET ELEKTRİK SANAYİ TİCARET LİMİTED ŞİRKETİ;ALAADDİNBEY MAHALLESİ 638. SOKAK NO 5 NİLÜFER BURSA;(224) 4350444;http://www.pozitifelektromarket.com;pozitifelektromarket.com;ÇİB - Çelik İhracatçıları Birliği
MAS MUTFAK AKSESUARLARI SANAYİ VE DIŞ TİCARET LİMİTED ŞİRKETİ;İKİTELLİ OSB MH HÜRRİYET BULVARI DEPARKO SAN SİT NO:1/38 NOB201 BAŞAKŞEHİR İSTANBUL;(212) 6752555;www.oscarglobal.com.tr;oscarglobal.com.tr;ÇİB - Çelik İhracatçıları Birliği
PANDELLİ DEGİRMEN VE FAB.MALZ.SAN VE TIC.LTD.STİ;NECATİBEY CAD. HOSA TAHSİN SOK. NO.6 BEYOĞLU İSTANBUL;(212) 2937029;www.pandelidegirmen.com;pandelidegirmen.com;ÇİB - Çelik İhracatçıları Birliği
EFOR ÇELIK DEMIR SAN. VE TIC.LİMİTED ŞİRKETİ;İKİTELLİ ORGANİZE SANAYİ BÖLGESİ ESENLER SANAYİ SİTESİ 14. BLOK NO: 5 BAŞAKŞEHİR / İSTANBUL BAŞAKŞEHİR İSTANBUL;(212) 5499570;http://www.eforcelik.com.tr;eforcelik.com.tr;ÇİB - Çelik İhracatçıları Birliği
ALUCOREKS ALÜMİNYUM A.Ş.;İKİTELLİ OSB MH ESENLER SAN SİT 18 BLOK NO:10 BAŞAKŞEHİR İSTANBUL;(212) 4161500;www.alucorex.com;alucorex.com;ÇİB - Çelik İhracatçıları Birliği
CAGCELİK CAGTREND OFİS MOBİLYALARI SANAYİ VE DIŞ TİCARET ANONİM ŞİRKETİ;ZİYA GÖKALP MH ABDULLAH PAŞA CD NO:40/1İÇ KAPI NO:1 BAŞAKŞEHİR İSTANBUL;(212) 4720741;www.cagcelikoffice.com;cagcelikoffice.com;ÇİB - Çelik İhracatçıları Birliği
WÜRTH SANAYİ ÜRÜNLERİ TİCARET LİMİTED ŞİRKETİ;ESKI SILIVRI C.NO.46 İSTANBUL;02128666200;www.wurth.com.tr;wurth.com.tr;ÇİB - Çelik İhracatçıları Birliği
ELKOMSAN ELEKTRO.KOMPONENT SAN VE TIC.A.S.;OTO SANAYI SIT.YILDIRIM SOK.NO:14 BEŞİKTAŞ İSTANBUL;02122812300;www.elkomsan.com;elkomsan.com;ÇİB - Çelik İhracatçıları Birliği
ERKUL MUTF.BANYO VE MOB.AKS. VE TIC.LTD.STI.;BARIŞ MAH.1803/3 SK.NO:5 GEBZE KOCAELİ;(262) 6434153;www.erkulmutfak.com;erkulmutfak.com;ÇİB - Çelik İhracatçıları Birliği
BUZDOLABI DÜNYASI END.MUT.ÜR.PAZ.SAN.VE TİC.LTD.ŞTİ.;DAVUTPAŞA CAD. TİM 2 İŞM. NO.178 ZEYTİNBURNU İSTANBUL;(212) 5444853;www.buzdolabidunyasi.com;buzdolabidunyasi.com;ÇİB - Çelik İhracatçıları Birliği
BALABAN MEKANİK MÜHENDİSLİK SAN.VE TİC. LTD.ŞTİ;ÜÇEVLER MAH.İZMİR YOLU CAD. WEST POINT BLOK NO:241 D İÇ KAPI NO :267 NİLÜFER BURSA;(224) 0000000;http://www.bmmuhendislik.com.tr;bmmuhendislik.com.tr;ÇİB - Çelik İhracatçıları Birliği
İLERİ PVC ALÜMİNYUM CEPHE KAPLAMA İNŞAAT SANAYİ VE TİCARET LİMİTED ŞİRKETİ;SOĞANLI MAHALLESİ 3.ÇAY SK. NO: 62 /1 OSMANGAZİ BURSA;(224) 2120078;http://www.ilerialu.com;ilerialu.com;ÇİB - Çelik İhracatçıları Birliği
KRESMAK POMPA VE HİDROFOR SİSTEMLERİ İTHALAT İHRACAT VE TİCARET ANONİM ŞİRKETİ;HALKAPINAR MAH.1203/3 SOK.NO:5/F YENİŞEHİR KONAK İZMİR;(232) 4696437;www.kresmak.com.tr;kresmak.com.tr;ÇİB - Çelik İhracatçıları Birliği
STONE METAL KABİN SANAYİ VE DIŞ TİCARET LİMİTED ŞİRKETİ;FATİH MAH. KATİP ÇELEBİ CAD. KARADENİZ METALÜRJİ AS NO: 55/1 TUZLA /İSTANBUL FATİH İSTANBUL;(216) 3046931;www.stonemetal.com.tr;stonemetal.com.tr;ÇİB - Çelik İhracatçıları Birliği
PDS PROFIL DILME SAC MAKINALARI SANAYI VE DIS TICARET A.S.;TUZLA ORG. SAN. BÖL. 8. CAD. NO:1 K:1 TUZLA İSTANBUL;(216) 5933930;www.pdsmakina.com.tr;pdsmakina.com.tr;ÇİB - Çelik İhracatçıları Birliği
ELBOY MÜHENDİSLİK OTOMASYON ENDÜSTRİYEL ÇÖZÜMLERİ İMA. SAN. VE DIŞ TİC. LTD. ŞTİ.;ÇAKIL MAH.ELBASAN CAD.NO:75B ÇATALCA İSTANBUL;(212) 5445217;www.elboy.com.tr;elboy.com.tr;ÇİB - Çelik İhracatçıları Birliği
BİRLEŞİK FIRÇA SAN. VE TİC. AŞ;ÜNİVERSİTE MAH. FİRUZKÖY BULVARI NO:28 AVCILAR İSTANBUL;(212) 5911416;www.birlesikfirca.com;birlesikfirca.com;ÇİB - Çelik İhracatçıları Birliği
KARADENIZ PANJUR VE PENCERE SİSTEMLERİ SANAYİ VE TİCARET LİMİTED ŞİRKETİ;TEPE SOK. MEHMET KELEŞ APT.NO:7/A İDEALTEPE 34841 MALTEPE, MALTEPE İSTANBUL;02164894750;www.karadenizpanjur.com;karadenizpanjur.com;ÇİB - Çelik İhracatçıları Birliği
PERLADIA TİCARET VE DANIŞMANLIK ANONİM ŞİRKETİ;KIZILIRMAK MAH 1445 SK 1445 SK. NO:2/1 İÇ KAPI NO4 ÇANKAYA ANKARA;(312) 2842210;http://www.perladia.com;perladia.com;ÇİB - Çelik İhracatçıları Birliği
BETAMER MADENCİLİK SAN. VE TİC. LTD. ŞTİ.;ANKARA MERMERCİLER SİT. YUVAKÖY MAH.3706 SK. NO:64 YENİMAHALLE ANKARA;(312) 3960222;www.betamer.com;betamer.com;ÇİB - Çelik İhracatçıları Birliği
AFRA DIŞ TİCARET VE ULUSLARARASI NAKLİYAT LİMİTED ŞİRKETİ;İSTOÇ TOPTANCILAR ÇARŞISI C BLOKNO:B-1 K.-2 BAĞCILAR İSTANBUL;(212) 6598075;www.unver.com.tr;unver.com.tr;ÇİB - Çelik İhracatçıları Birliği
LIDER CERCEVE SAN.VE TIC.LTD.S TI.;HARAMİDERE SAN. SİT. G BLOK NO:213 BEYLİKDÜZÜ İSTANBUL;(212) 4220524;www.lidercerceve.com;lidercerceve.com;ÇİB - Çelik İhracatçıları Birliği
TEMA LASTİK ENDÜSTRİ TİCARET A.Ş.;AKÇABURGAZ MAH. 153.SOK. NO:3ÇAKMAKLI ESENYURT İSTANBUL;02128867167;www.temalastik.com.tr;temalastik.com.tr;ÇİB - Çelik İhracatçıları Birliği
STAR ALÜMİNYUM PAZARLAMA SANAYİ VE TİCARET ANONİM ŞİRKETİ;İKİTELLİ OSB MH ENKOOP SAN SİT 2 SK NO:6 BAŞAKŞEHİR İSTANBUL;(212) 4444959;www.staraluminyum.com;staraluminyum.com;ÇİB - Çelik İhracatçıları Birliği
SAMSUNG ELECTRONICS ISTANBUL P AZ.VE TIC.LTD.STI.;OTAKÇILAR CAD. NO: 78 FLATOFİS İŞ MERKEZİ KAT: 3 NO: B3 ? KAT: 4 NO: 59 / 1 EYÜP İSTANBUL;(212) 4670600;www.samsung.com;samsung.com;ÇİB - Çelik İhracatçıları Birliği
HUSEYIN NEZIROGLU;ABDI IPEKCI C.1.EMINTAŞ SAN.S IT.158-193-194 BAYRAMPAŞA İSTANBUL;02125677624;www.unipar.com.tr;unipar.com.tr;ÇİB - Çelik İhracatçıları Birliği
KOMPOSAN OFIS AKSAMLARI SAN. VE TIC.LTD.ŞTI.;BIKSAN SAN. SITESI SOSYALTESISLER BINASI GIRIŞ KAT KÜÇÜKÇEKMECE İSTANBUL;02124862572;www.komposan.com;komposan.com;ÇİB - Çelik İhracatçıları Birliği
POLİSAN KANSAİ BOYA SANAYİ VE TİCARET ANONİM ŞİRKETİ;DEMİRCİLER OSB MAH. REFİKBAYDUR CAD. NO: 7/3 DİLOVASI KOCAELİ;(216) 5785600;www.polisan.com.tr;polisan.com.tr;ÇİB - Çelik İhracatçıları Birliği
EPSAN PLASTİK SANAYİ VE TİCARET A.Ş.;ALİOSMAN SÖNMEZ CD. NO:16SONMEZ CAD NO.16 OSMANGAZİ BURSA;02242612020;www.etsan.com.tr;etsan.com.tr;ÇİB - Çelik İhracatçıları Birliği
CELIKELLER DEK. YAPI SIST. INS PAZ.SAN. VE TIC.LTD.STI.;GÜMÜŞHANE CAD. ARMAĞAN SOK.NO:12-B 4 LEVENT ŞİŞLİ İSTANBUL;(212) 2640951;www.celikeller.com;celikeller.com;ÇİB - Çelik İhracatçıları Birliği
DOST TEKNİK TEKSTİL LTD. ŞTİ.;DOĞU SAN. SIT 4. BLOK NO:2 BAHÇELİEVLER İSTANBUL;(212) 5510066;www.dostteknik.com;dostteknik.com;ÇİB - Çelik İhracatçıları Birliği
PETES MAKİNA SAN.TİC. A. Ş.;MITHATPASA MAH. İSTANBUL CAD. NO.13 EYÜP İSTANBUL;(212) 3601950;www.petes.com.tr;petes.com.tr;ÇİB - Çelik İhracatçıları Birliği
MTM ELEKTRIK ANONİM ŞİRKETİ;ALTINŞEHİR MAH. ŞENEL CAD. NO.100 YUKARIDUDULLU ÜMRANİYE İSTANBUL;(216) 5234900;www.mtmltd.com.tr;mtmltd.com.tr;ÇİB - Çelik İhracatçıları Birliği
İLKERLER ENDÜSTRİ SATIŞ VE PAZARLAMA ANONİM ŞİRKETİ;MALTEPE MAH.GÜMÜŞSUYU CAD.N:34-1 ZEYTİNBURNU İSTANBUL;(216) 6131020;www.ilk-end.com.tr;ilk-end.com.tr;ÇİB - Çelik İhracatçıları Birliği
GRAM MAKİNE SANAYİ TİCARET LİMİTED ŞİRKETİ;SOĞUKKUYU MAH. 1595 SK. NO:1 İÇ KAPI NO:40 BAYRAKLI İZMİR;(232) 3762152;www.exporttrusts.com;exporttrusts.com;ÇİB - Çelik İhracatçıları Birliği
GÜVEN İŞ KUYUMCULUK KALIPÇILIK İNŞAAT SANAYİ VE TİCARET LTD.ŞTİ.;GEDİKPAŞA CAMİİ SK. YENAL IS MERKEZİNO:56/A SULTANAHMET FATİH İSTANBUL;02126387906;www.guvenis.com;guvenis.com;ÇİB - Çelik İhracatçıları Birliği
EVRENSEL KAPI VE PENCERE AKSESUARLARI DIŞ TİCARET LTD ŞTİ.;GÜRPINAR MAHALLESİ NAMIK KEMAL CADDESİ MANZARA EVLERİ NO:9 BEYLİKDÜZÜ İSTANBUL;(212) 0000000;http://www.evrenselgirisim.com;evrenselgirisim.com;ÇİB - Çelik İhracatçıları Birliği
BULUTONUR TEDARİK İTHALAT İHRACAT SANAYİ VE TİCARET LİMİTED ŞİRKETİ;VEYSEL KARANİ MAHALLESİ KÖŞK CADDESİ 16. ÇEŞME SOKAK NO:2 OSMANGAZİ BURSA;(224) 2152182;www.bulutonurplastik.com.tr;bulutonurplastik.com.tr;ÇİB - Çelik İhracatçıları Birliği
KALDE KLİMA PAZARLAMA VE TAAHHÜT ANONİM ŞİRKETİ;PERŞEMBE PAZARI CD MAHKEME SK NO:4 BEYOĞLU İSTANBUL;(212) 2566190;www.kalde.com.tr;kalde.com.tr;ÇİB - Çelik İhracatçıları Birliği
SUYOLCU MARİN DENİZCİLİK MAKİNA SANAYİ VE TİCARET LİMİTED ŞİRKETİ;EVLİYA ÇELEBİ MAH. MEHMET AKİF SK. NO 3 TUZLA İSTANBUL;(216) 3957713;http://www.suyolcumarin.com;suyolcumarin.com;ÇİB - Çelik İhracatçıları Birliği
LUXİAL YAPI SİSTEMLERİ SANAYİ VE TİCARET LİMİTED ŞİRKETİ;YENİBOSNA MERKEZ MH YALÇIN KOREŞ CD TİCARET MERKEZİ NO:14/1/1 BAHÇELİEVLER İSTANBUL;(212) 4384790;www.luxial.com;luxial.com;ÇİB - Çelik İhracatçıları Birliği
RISING GLOBAL DIŞ TİCARET ANONİM ŞİRKETİ;AKÇABURGAZ MH 3132 SK NO:11-13 ESENYURT İSTANBUL;(212) 4441886;www.risinglobal.com;risinglobal.com;ÇİB - Çelik İhracatçıları Birliği
SİFONİK SİSTEM DRENAJ VE İNŞAAT SAN. TİC. LTD. ŞTİ.;ŞEYHSİNAN MAH.DERİNYOL SOK.NO:17 ÇORLU TEKİRDAĞ;(282) 6520385;www.sifonikdrenaj.com;sifonikdrenaj.com;ÇİB - Çelik İhracatçıları Birliği
RÖM-AY ASANSÖR VE ELEKTRİK SAN. TİC. LTD.ŞTİ.;TOROS CAD. BİRLİK SİTESİ 31.PARSELB BLOK D:1 MALTEPE İSTANBUL;(216) 4427441;www.romayasansor.com;romayasansor.com;ÇİB - Çelik İhracatçıları Birliği
ONESTEEL YAPI TEKNOLOJİLERİ LTD.ŞTİ.;ORTA MAH. VEZİRKÖPRÜ CAD. ORDU SK. NO:26 İZPARK PLAZA C BLOK - K:13 D:28-29 - SOĞANLIK KARTAL İSTANBUL;(216) 3581010;www.saytekno.com;saytekno.com;ÇİB - Çelik İhracatçıları Birliği
EKOMAK ENDÜSTRİYEL KOMPRESÖR VE MAKİNA SAN. VE TİC. A. Ş,;ŞERİFALİ MEVKİİ ŞÖYLEŞİ SOK. NO.41/A ÜMRANİYE İSTANBUL;02165401133;www.ekomak.com.tr;ekomak.com.tr;ÇİB - Çelik İhracatçıları Birliği
ANADOORIA DIŞ TİCARET LİMİTED ŞİRKETİ;İKİTELLİ OSB KERESTECİLER SİTESİ 20 SK 21 BLOK NO:22/24 BAŞAKŞEHİR İSTANBUL;(212) 6704715;www.anadooria.com;anadooria.com;ÇİB - Çelik İhracatçıları Birliği
ABAMET ÇEVRE TEKNOLOJİLERİ MÜHENDİSLİK MAKİNE İNŞAAT SAN.VE TİC.LTD.ŞTİ.;SAKARYA SOK. MALTE PLAZA NO: 35/4 BAGLARBASI MALTEPE İSTANBUL;;www.abamet.com.tr;abamet.com.tr;ÇİB - Çelik İhracatçıları Birliği
NEW WAY İTHALAT İHRACAT VE TİCARET LİMİTED ŞİRKETİ;GÖZTEPE MH BATIŞEHİR CD BATİŞEHİR SİT K1 BLOK NO:2/1/38 BAĞCILAR İSTANBUL;(212) 4855950;www.newwaytr.com;newwaytr.com;ÇİB - Çelik İhracatçıları Birliği
NALBANTOĞLU METAL SANAYİ VE TİCARET LİMİTED ŞİRKETİ;ÇOBANÇESME MH SANAYİ CD NİSH RESİDENCE SİTESİ A BLOK NO:44A NO:44 BAHÇELİEVLER İSTANBUL;(212) 7716071;www.nalbantal.com;nalbantal.com;ÇİB - Çelik İhracatçıları Birliği
ARSLAN METAL ENDÜSTRİSİ SANAYİ VE TİCARET LİMİTED ŞİRKETİ;İKİTELLİ OSB MH METAL-İŞ SAN SİT 5A BLOK NO:25-27-29 İKİTELLİ BAŞAKŞEHİR İSTANBUL;(212) 5496959;www.arslanraf.com;arslanraf.com;ÇİB - Çelik İhracatçıları Birliği
ROKA ÇEVRECİ ÜRÜN VE PROJE GELİŞTİRME TİCARET LİMİTED ŞİRKETİ;RAGIP GÜMÜŞPALA CD AHENK HAN İŞ MERKEZİ NO 29/ 202 SARIDEMİR MAHALLESİ 34134 FATİH İSTANBUL;(216) 3450510;www.rokadesign.net;rokadesign.net;ÇİB - Çelik İhracatçıları Birliği
VESUVIUS İSTANBUL REFRAKTER SAN. TİC. A.Ş.;GEBZE ORG. SAN. BÖLGESİ MAH. 1700 SOK. NO.1074 ŞEKERPINAR-KOCAELİ KARTAL İSTANBUL;(262) 6770999;www.vesuvius.com;vesuvius.com;ÇİB - Çelik İhracatçıları Birliği
DENE TEKNOLOJİ A.Ş.;BEDRETTİN DALAN BULVARI METRO 34 PLAZANO:23 KAT:5 DAİRE:56 BAŞAKŞEHİR İSTANBUL;;www.dene.io;dene.io;ÇİB - Çelik İhracatçıları Birliği
GİVEKA AYDINLATMA SANAYİ TİCARET LİMİTED ŞİRKETİ;HALİL RIFAT PAŞA MAH. YÜZER HAVUZ SK.PERPA APT. NO.1/1043 ŞİŞLİ İSTANBUL;(212) 2203609;https://giveka.com.tr;giveka.com.tr;ÇİB - Çelik İhracatçıları Birliği
METAL TEKNİK HAVALANDIRMA VE KLİMA SİSTEMLERİ SANAYİ VE TİCARET LİMİTED ŞİRKETİ;AKŞEMSETTİN MH 302 SK NO:10/2 ESENYURT İSTANBUL;(212) 6949570;www.metalteknik.net;metalteknik.net;ÇİB - Çelik İhracatçıları Birliği
METE STOR OTOMATİK PANJUR ALÜMİNYUM DOĞRAMA SİSTEMLERİ PAZARLAMA TİCARET LİMİTED ŞİRKETİ;AKÇABURGAZ MH MH ALKOP CD NO:46/1 ESENYURT İSTANBUL;(212) 2245264;www.metestor.com;metestor.com;ÇİB - Çelik İhracatçıları Birliği
HNB MÜHENDİSLİK PROJE YÖNETİMİ VE DANIŞMANLIK LİMİTED ŞİRKETİ;CEVİZLİ MAH. MUSTAFA KEMAL CAD. HUKUKÇULAR TOWERS A BLOK NO:66 / A İÇ KAPI NO : 111 KARTAL İSTANBUL;(216) 7097508;http://www.hnbmuhendislik.com;hnbmuhendislik.com;ÇİB - Çelik İhracatçıları Birliği
ARMA TENTE PERGOLA VE CAM SİSTEMLERİ İNŞAAT SANAYİ TİCARET LİMİTED ŞİRKETİ;İKİTELLİ OSB MH MARMARA SAN SİT P BLOK NO:5 KÜÇÜKÇEKMECE İSTANBUL;(212) 4721288;www.armatente.com;armatente.com;ÇİB - Çelik İhracatçıları Birliği
ALİMAR MAKİNA SANAYİ VE TİCARET ANONİM ŞİRKETİ;UZAY ÇAĞI BULVARI ALİMAR TİCARET MERKEZİ 1432 SOKAK NO:2/1 OSTİM OSB İSKİTLER YENİMAHALLE ANKARA;(312) 3544017;www.alimar.com.tr;alimar.com.tr;ÇİB - Çelik İhracatçıları Birliği
ESER OTOMOTIV PLASTİK KALIP SANAYİ VE TİCARET ANONİM ŞİRKETİ;ÇAKMALKLI M.66S.NO:9 İSTANBUL;02128862834;www.eserotomotiv.com;eserotomotiv.com;ÇİB - Çelik İhracatçıları Birliği
BUDİN AKARCA MÜREKKEP BOYA SAN. TİC. A.Ş.;10014 SOK.NO.11 A.O.S.B. ÇİĞLİ İZMİR;02323280084;www.budin.com.tr;budin.com.tr;ÇİB - Çelik İhracatçıları Birliği
TUNÇTÜRK LOJİSTİK NAKLİYAT İÇ VE DIŞ TİCARET LTD. ŞTİ;FATİH MH. ÇAVUŞBAŞI CUMHURİYET CD. GİZEM APT. NO: 234 BEYKOZ İSTANBUL;(216) 4798909;http://www.tuncturklojistik.com/;tuncturklojistik.com;ÇİB - Çelik İhracatçıları Birliği
ŞAFAK ELEKTRİK MALZEMELERİ TİC. VE SAN. A.Ş.;ŞERİFALİ MAH. BEYAN SOK. NO:24 ÜMRANİYE İSTANBUL;(216) 4447735;www.safakelektrik.com;safakelektrik.com;ÇİB - Çelik İhracatçıları Birliği
BEKIROGLU HIDROLIK PNOMATIK HIRDAVAT MAKİNA VE BAĞLANTI EKIPMANLARI SANAYİ LİMİTED ŞİRKETİ;TEPEÖREN MAH. DEMOKRASİ CAD. NO:202A TUZLA İSTANBUL;02163040080;www.bekirogluhidrolik.com;bekirogluhidrolik.com;ÇİB - Çelik İhracatçıları Birliği
KUZEY ARITMA MÜHENDİSLİK PROJR SAN. VE TİC. LTD. ŞTİ.;ÜNİVERSİTE MAHALLESİ KOMİSER SOKAK NO:21 A 34310 AVCILAR İSTANBUL;(850) 3465078;www.kuzeyaritma.com;kuzeyaritma.com;ÇİB - Çelik İhracatçıları Birliği
BIÇAKCILAR TIBBİ CİHAZLAR SAN. VE TİC.A.Ş;OSMANGAZİ MAH. GAZİ CAD. NO:21 ŞİŞLİ İSTANBUL;02122108585;www.bicakcilar.com;bicakcilar.com;ÇİB - Çelik İhracatçıları Birliği
SIRIN PRES DOKUM MUSLUK VE SU ARM.SAN.TIC.LTD.STI.;EMEKYEMEZ MH.BANKALAR CD.YANIKKAPI SK.HACI MEHMET IŞH.N:42/1 KARAKÖY BEYOĞLU İSTANBUL;02122555057;www.sirinpres.com;sirinpres.com;ÇİB - Çelik İhracatçıları Birliği
NART AMBALAJ SAN. VE TİC. LTD.ŞTİ.;MALTEPE MAH. DAVUTPAŞA CD. KALE İŞ MERKEZİ NO:141/ ZEYTİNBURNU İSTANBUL;(212) 4830571;www.nartexport.com;nartexport.com;ÇİB - Çelik İhracatçıları Birliği
ÖZEN GLOBAL DIŞ TİCARET LTD.ŞTİ.;ORUCREİS MH TEKSTİLKENT CD ARA BLOK NO:27-28-8-9 ESENLER İSTANBUL;;www.ozen-global.com;ozen-global.com;ÇİB - Çelik İhracatçıları Birliği
KARDEŞLER GÜMRÜK MÜŞAVİRLİĞİ LOJİSTİK VE ULUSLARARASI TAŞIMACILIK LİMİTED ŞİRKETİ;İKİTELLİ OSB MAH. İSTEKS B6 BLOK İSTEKS SANAYİ NO:7 BAŞAKŞEHİR İSTANBUL;(212) 4856993;www.aytekhediyelik.com;aytekhediyelik.com;ÇİB - Çelik İhracatçıları Birliği
TEKNOVALS MAKİNE SANAYİ VE TİCARET A.Ş.;BEYLİKDÜZÜ OSB MH 10 CD AKSULTAN 2 İŞ MERKEZİ A BLOK NO:4/1-3 BEYLİKDÜZÜ İSTANBUL;(212) 4232373;www.teknovals.com;teknovals.com;ÇİB - Çelik İhracatçıları Birliği
İNOKSAN MUTFAK SANAYİ VE TİCARET A.Ş.;IŞINTEPE OSB MH. EFLATUN CD. NO:5 NİLÜFER BURSA;(224) 2436123;www.inoksan.com.tr;inoksan.com.tr;ÇİB - Çelik İhracatçıları Birliği
DMT MEKANİK DIŞ TİCARET LTD. ŞTİ.;YAKUPLU MAH. GEÇİT SK., VERA PLAZA, NO: 17/12 BEYLİKDÜZÜ İSTANBUL;(212) 7099724;www.dmtmekanik.com;dmtmekanik.com;ÇİB - Çelik İhracatçıları Birliği
BİNAKS SOLUTİONS DANIŞMANLIK HİZMETLERİ TİCARET LİMİTED ŞİRKETİ;ESENLER MAH. DİVAN SK. VEZIR KURUBAL APT NO: 4 İÇ KAPI NO: 12 PENDİK İSTANBUL;(216) 3965164;http://www.binaks.com;binaks.com;ÇİB - Çelik İhracatçıları Birliği
AKSİYON TEKNOLOJİ HİZMETLERİ TİC. LTD.ŞTİ.;MİRA TOWER TATLISU MH. ŞENOL GÜNEŞ BULVARI NO:2 D:45 BAŞAKŞEHİR İSTANBUL;(216) 9999559;www.aksiyonteknoloji.com;aksiyonteknoloji.com;ÇİB - Çelik İhracatçıları Birliği
ÇAĞDAŞ ELEKTRONİK MEDİKAL SİSTEMLER SAN. VE TİC. LTD. ŞTİ.;DEFTERDAR MAH.KERESTECİLER SİTESİ HACI BİLİN SOK. NO:16 EYÜP İSTANBUL;(212) 6137073;www.cagdasmedikal.com;cagdasmedikal.com;ÇİB - Çelik İhracatçıları Birliği
MAXTRANS POMPA MAKİNA ENERJİ SİSTEMLERİ SANAYİ VE TİCARET ANONİM ŞİRKETİ;İDEALTEPE MAH.ÖZGÜR SOK.NO:26 D:1-3 34840D:1-3 MALTEPE İSTANBUL;(216) 5181150;www.maxtrans.com.tr;maxtrans.com.tr;ÇİB - Çelik İhracatçıları Birliği
ISTANBUL PLASTIK GIDA INS.TEKS .SAN.TIC.LTD.STI.;ÖMERLİ MAH. ILGAZ SOK. NO:4 ARNAVUTKÖY İSTANBUL;(212) 6897961;www.teknoray.net;teknoray.net;ÇİB - Çelik İhracatçıları Birliği
CERES REKLAM SAN. VE TİC. A.Ş.;MERKEZ MAH. AYAZMA MEVKİİ Ş. MEHMET AKİF CAD. NO :37/A TAŞDELENLEN TAŞDELEN ÇEKMEKÖY İSTANBUL;(216) 3122462;www.ceresdisplay.com;ceresdisplay.com;ÇİB - Çelik İhracatçıları Birliği
CADDE MAKİNA SANAYİ ÜRÜNLERİ VE DIŞ TİC. A.Ş.;İSTASYON MAH. ÇİÇEKCİLER CAD. NO:9/A TUZLA İSTANBUL;(216) 3922020;www.caddeas.com;caddeas.com;ÇİB - Çelik İhracatçıları Birliği
DEBİSAN ISITMA HAVALANDIRMA KLİMA VE İNŞ. SAN. TİC.A.Ş;TEPEÜSTÜ MH. ALEMDAĞ CD. PINARLI SK. NO:13/A ÜMRANİYE İSTANBUL;(216) 4667009;www.debisan.com;debisan.com;ÇİB - Çelik İhracatçıları Birliği
ATLANTIK MAKINA SANAYI VE TICARET A.S.;GUMUSSUYU INONU CAD.MIRALAYSEFIK BEY SK.N-5 ANTAL.PAL.APT.NO.7 BEYOĞLU İSTANBUL;02122446308;www.atlantikmakina.com.tr;atlantikmakina.com.tr;ÇİB - Çelik İhracatçıları Birliği
MURAT TİCARET KABLO SANAYİ ANONİM ŞİRKETİ;TOSB MEVKII TAYSAD ORG SAN BOLG 1. CAD 16. YOL 41420 ÇAYIROVA KOCAELİ;(262) 6796700;www.muratticaret.com;muratticaret.com;ÇİB - Çelik İhracatçıları Birliği
PFİFFNER TRANSFORMATÖR VE ELEKTRİK GEREÇLERİ ÜRETİM SANAYİ TİCARET ANONİM ŞİRKETİ;ANKARA -ÇANKIRI YOLU BALIKHİSAR MAH. 7. KM (ASELSAN YANI) AKYURT ANKARA;(312) 8475459;www.pfiffner.com.tr;pfiffner.com.tr;ÇİB - Çelik İhracatçıları Birliği
MASKOM PLASTİK SANAYİ TİCARET ANONİM ŞİRKETİ;ESENTEPE MAH. MİLANGAZ CAD. MONUMENTO PLAZAN:75 K:8 KARTAL İSTANBUL;(216) 5045858;www.maskom.com.tr;maskom.com.tr;ÇİB - Çelik İhracatçıları Birliği
MHC MAKİNE HIRDAVAT CIVATA SAN. VE TİC. LTD. ŞTİ.;ZAFER MAH.ŞEHİT YÜZBAŞI YÜCEL KENTER CAD.YENİ SAN.SİT.2-A9 BLOK NO:24 ÇORLU TEKİRDAĞ;(282) 6502477;www.corlumhc.com;corlumhc.com;ÇİB - Çelik İhracatçıları Birliği
İ-MAK REDÜKTÖR VARYATÖR SAN. VE TİC. A.Ş.;DEMIRKAPI KERESTECILER SİTESIRIZA UZUN SOKAK NO.5 EYÜP İSTANBUL;02125678732;www.imakreduktor.com;imakreduktor.com;ÇİB - Çelik İhracatçıları Birliği
CURİUM NÜKLEER TIP ANONİM ŞİRKETİ;TUBITAK-MAM TEKNOPARKI GEBZE KOCAELİ;(216) 5440544;www.monrol.com;monrol.com;ÇİB - Çelik İhracatçıları Birliği
CK EXHİBİTİON MİMARLIK SANAYİ VE TİCARET LİMİTED ŞİRKETİ;İKİTELLİ OSB MAH. PİK DÖKÜMCÜLER SAN.SİT. SK. TEM 34 İKİTELLİ NO:27 İÇ KAPI:250 BAŞAKŞEHİR İSTANBUL;(212) 7776987;http://www.ckexhibition.com;ckexhibition.com;ÇİB - Çelik İhracatçıları Birliği
KTS KABELBAUM TEST SİSTEMLERİ ANONİM ŞİRKETİ;CERRAH MAH. 3.SANAYİİ CAD. PAPELART NO: 5 İNEGÖL BURSA;(224) 7140776;http://www.ktsistem.com;ktsistem.com;ÇİB - Çelik İhracatçıları Birliği
OSMANLI KALIP MAKİNA SANAYİ VE TİCARET LTD. ŞTİ.;İKİTELLİ OSB MH AYKOSAN SAN SİT 9 ADA C BLOK İKİTELLİ BAŞAKŞEHİR İSTANBUL;(212) 6714334;www.osmanligrup.com;osmanligrup.com;ÇİB - Çelik İhracatçıları Birliği
ÖZEVREN RULMAN ANONİM ŞİRKETİ;ORHANLI MAH. KATİP ÇELEBİ CAD. NO. 13 ORHANLI TUZLA İSTANBUL;(216) 3944545;www.ozevren.com;ozevren.com;ÇİB - Çelik İhracatçıları Birliği
MEDIKAL 2000 TIBBI CIH.VE ILER TEK.SAN.VE TIC.A.S.;BÜYÜKKAYACIK OSB MAHALLESİ T. ZİYAEDDİN AKBULUT CADDESİ FABRİKA ÜRETİM APARTMANI NO:19-A-1 SELÇUKLU KONYA;;www.medikal2000.com.tr;medikal2000.com.tr;ÇİB - Çelik İhracatçıları Birliği
HÜPPE INŞAAT MAL. SAN. VE TIC A.Ş.;ORGANIZE SANAYI BOLG. ATATURKCAD. 4.SOK.NO.2 ÇERKEZKÖY TEKİRDAĞ;02827581511;www.huppe.com.tr;huppe.com.tr;ÇİB - Çelik İhracatçıları Birliği
BOSFORO MÜHENDİSLİK PROJE MAKİNA VE ENERJİ SANAYİ TİCARET LİMİTED ŞİRKETİ;69. SOK . NO: 44 FERHATPAŞA İÇERENKÖY ATAŞEHİR İSTANBUL;(216) 5508070;www.bosforo.org;bosforo.org;ÇİB - Çelik İhracatçıları Birliği
BORA ÇELİK EŞYA VE MOBİLYA İNŞAAT MALZEMELERİ SAN. TİC. LTD. ŞTİ.;ORG. SAN. BÖL. 21.CD. NO / 41 ODUNPAZARI ESKİŞEHİR;(222) 2361940;www.boracelik.com.tr;boracelik.com.tr;ÇİB - Çelik İhracatçıları Birliği
TECHVECK ENERJİ VE TEKNOLOJİ SANAYİ ANONİM ŞİRKETİ;ESENTEPE MAH. İNÖNÜ CAD. SUALTIN İNŞAAT NO: 145 / 29 KARTAL İSTANBUL;;http://vedat.gulenoglu@techveck.com;vedat.gulenoglu@techveck.com;ÇİB - Çelik İhracatçıları Birliği
SELUZ KİMYA KOZMETİK TİCARET VE SANAYİ ANONİM ŞİRKETİ;SELİMPAŞA YENİ SAN.BÖL.6043 SOK. NO.6 SELİMPAŞA SİLİVRİ İSTANBUL;(212) 7343636;www.seluz.com;seluz.com;ÇİB - Çelik İhracatçıları Birliği
TEKİMSAN TEKNİK İNŞ.VE MAKİNA SAN.MİMARLIK MUH.TİC.LTD.ŞTİ.;FERHATPASA MAH. G 17 S. N:112 KARTAL İSTANBUL;02164718255;www.tekimsan.com.tr;tekimsan.com.tr;ÇİB - Çelik İhracatçıları Birliği
UNTHA MAKİNA SANAYİ VE TİCARET LTD.ŞTİ.;BARBAROS MAH.KARDELEN SK.PALLADIUM TOWER NO:2 ATAŞEHİR İSTANBUL;(216) 6872991;www.untha.com;untha.com;ÇİB - Çelik İhracatçıları Birliği
RADELSAN ELEKTRİK SAN. VE TİC. LTD.ŞTİ.;EMNİYETTEPE MAH. M. FEVZİ ÇAKMAK CAD. DÖNER SOK. NO:10 ALİBEYKÖY EYÜP İSTANBUL;(212) 6276320;www.radelsan.com;radelsan.com;ÇİB - Çelik İhracatçıları Birliği
GÜNAYDIN SOĞUTMA ISITMA SİSTEMLERİ KALIP MAKİNA METAL PLASTİK SAN TİC LTD ŞTİ;İOSB MH DERSANKOOP SAN SİT S 6A BLOK NO:109 BAŞAKŞEHİR İSTANBUL;(212) 9315478;www.gunaydinsogutma.com;gunaydinsogutma.com;ÇİB - Çelik İhracatçıları Birliği
KEYROPE METAL SANAYİ VE TİCARET LİMİTED ŞİRKETİ;KÜÇÜKBAKKALKÖY MAH. YÜKSEL SK. NO: 10 A ATAŞEHİR İSTANBUL;(216) 9995178;https://keyrope.com;keyrope.com;ÇİB - Çelik İhracatçıları Birliği
ILCHI GROUP ULUSLARARASI İNŞAAT SANAYİ VE TİCARET LİMİTED ŞTİ;MERKEZ MAHALLESİ ÇİFTE CEVİZLER CADDESİ SARUHAN PLNO:23/169 ŞİŞLİ İSTANBUL;(212) 9094363;www.ilchigroup.com;ilchigroup.com;ÇİB - Çelik İhracatçıları Birliği
FERHAN FAZLIOGLU;BARIŞ MAH. CAHİT SITKI TARAN SOK. NO:6 A2 YEŞİLVADİ APT. D:3 BEYLİKDÜZÜ İSTANBUL;(212) 8713766;www.ferbakir.com;ferbakir.com;ÇİB - Çelik İhracatçıları Birliği
TECHNOCAST OTOMOTİV SANAYİ VE TİCARET ANONİM ŞİRKETİ;OS.B. GOP PAŞA MAH. 6. CAD. NO:12 ÇERKEZKÖY TEKİRDAĞ;;www.mednetic.com.tr;mednetic.com.tr;ÇİB - Çelik İhracatçıları Birliği
AKPLAS KAUÇUK LOJİSTİK SANAYİ TİCARET LİMİTED ŞİRKETİ;KARAYOLLARI MAH.KADİRAKDOĞAN CAD.27/561SOK. A-B ZEMİN KAT NO:6 GAZİOSMANPAŞA İSTANBUL;(212) 6490444;www.akpls.com.tr;akpls.com.tr;ÇİB - Çelik İhracatçıları Birliği
EMAS ELEKTROTEKNİK MAKİNA SANAYİ VE TİCARET ANONİM ŞİRKETİ;YÜZBAŞI MEHMET HİLMİ CAD.NO:12 DELİKLİKAYA 34555 ARNAVUTKÖY İSTANBUL;(212) 5492252;www.emasas.com.tr;emasas.com.tr;ÇİB - Çelik İhracatçıları Birliği
MERTİNOKS YAPI MALZEMELERİ SAN. VE TİC. AŞ.;AKÇABURGAZ MH 3073 SK NO:4/3 ESENYURT İSTANBUL;(212) 6172822;www.merkinoks.com;merkinoks.com;ÇİB - Çelik İhracatçıları Birliği
PROAİR KLİMA HAVALANDIRMA SİSTEMLERİ SAN. TİC. LTD. ŞTİ.;OSMANGAZİ MAH.SEMT SAN.CAD.27 DARICA KOCAELİ;(262) 6543075;www.proair.com.tr;proair.com.tr;ÇİB - Çelik İhracatçıları Birliği
OMCO İSTANBUL KALIP SANAYİ VE TİCARET ANONİM ŞİRKETİ;DOSB 4. KISIM D4013 SK NO:6 GEBZE KOCAELİ;(262) 7444452;www.omcomould.com;omcomould.com;ÇİB - Çelik İhracatçıları Birliği
MG İTHALAT VE İHRACAT LİMİTED ŞİRKETİ;ZAFER MH DOĞAN ARASLI BULVARI N CADDE BUSİNESS NO:97-99 KAT:5/35 ESENYURT İSTANBUL;(212) 9319306;www.mgturkey.com;mgturkey.com;ÇİB - Çelik İhracatçıları Birliği
IMPAC GROUP MAKINA INSAAT SANAYI VE TICARET LIMITED SIRKETI;SANAYİ MH ALBAY SK NO:8 GÜNGÖREN İSTANBUL;(212) 6536008;www.omsokulmobilyalari.com;omsokulmobilyalari.com;ÇİB - Çelik İhracatçıları Birliği
3 EN NDT KALİTE KONTROLLÜK SANAYİ VE TİCARET ANONİM ŞİRKETİ;ÖZERLİ MAH. OSMAN KIZILAY SK. NO: 1 /1 DÖRTYOL HATAY;(326) 7120527;http://3enndtdenetim.com/;3enndtdenetim.com;ÇİB - Çelik İhracatçıları Birliği
TEKNO BAĞLANTI ELEMANLARI PAZARLAMA VE TİCARET ANONİM ŞİRKETİ;MİMARSİNAN MAHALLESİ BATI SOKAK ÇETİN CİVATA NO:11 İÇ KAPI NO:2 34500 BÜYÜKÇEKMECE İSTANBUL;(212) 7781700;www.teknobaglanti.com.tr;teknobaglanti.com.tr;ÇİB - Çelik İhracatçıları Birliği
TURİSTİK HAVA TAŞIMACILIK A.Ş.;SAHRAYI CEDİT MAH.ATATÜRK CAD.DİLKUM SİT. 7.BLOK. NO.59/5 KADIKÖY İSTANBUL;(242) 3109000;www.corendonairlines.com;corendonairlines.com;ÇİB - Çelik İhracatçıları Birliği
BİRADLI MADENİ EŞYA SANAYİ VE DIŞ TİCARET LİMİTED ŞİRKETİ;KAVAKLI MH RIFAT ILGAZ CD NO:4B/5 BEYLİKDÜZÜ İSTANBUL;(212) 8764484;www.biradli.com.tr;biradli.com.tr;ÇİB - Çelik İhracatçıları Birliği
NATA İNŞAAT TURİZM TİC. VE SAN. A.Ş.;PLEVNE MAH. ÇATALCA SOKAK NO:238 SİNCAN ANKARA;(312) 2691232;www.nataholding.com;nataholding.com;ÇİB - Çelik İhracatçıları Birliği
AGALA MAKİNE VE YEDEK PARÇA İTHALAT İHRACAT SANAYİ TİCARET LİMİTED ŞİRKETİ;PERPA TİCARET MERKEZİ A BLOK K.11 NO.1446 OKMEYDANI ŞİŞLİ İSTANBUL;(212) 2968024;www.agala-ind.com;agala-ind.com;ÇİB - Çelik İhracatçıları Birliği
ARBA INTERNATIONAL DIŞ TİCARET LTD.ŞTİ.;CUMHURİYET MAH. D-100 KARAYOLU CAD. ADM KONAKLAMA SİTESİOUTLET PARK AVM BLOK NO: 374 İÇ KAPI NO: 63 BÜYÜKÇEKMECE İSTANBUL;(212) 8540341;www.arbakimya.com;arbakimya.com;ÇİB - Çelik İhracatçıları Birliği
AXALTA BOYA SİSTEMLERİ SAN.VE TİC.LTD.ŞTİ;CUMHURİYET MAH. KADİFE SOK.NO:9 ŞEKERPINAR ÇAYIROVA KOCAELİ;(262) 6740000;www.axaltacs.com;axaltacs.com;ÇİB - Çelik İhracatçıları Birliği
EAS GÜÇ AKTARIM SİSTEMLERİ SAN. VE TİC. LTD. ŞTİ.;ALAADDİNBEY MAH. 619. SK. NO:3A/1 NİLÜFER OSMANGAZİ BURSA;(224) 9995172;www.mammoet.com.tr;mammoet.com.tr;ÇİB - Çelik İhracatçıları Birliği
İNFORM ELEKTRONİK SANAYİ VE TİCARET ANONİM ŞİRKETİ;ESENŞEHİR MAH. HALE SK. NO:6/1 ÜMRANİYE İSTANBUL;(216) 6225800;www.inform.com.tr;inform.com.tr;ÇİB - Çelik İhracatçıları Birliği
FORAL METAL SAN. TİC. LTD. ŞTİ.;KARLIKTEPE MAH. HAŞMET SK. NO:3 KARTAL İSTANBUL;(216) 3090040;www.foralmetal.com.tr;foralmetal.com.tr;ÇİB - Çelik İhracatçıları Birliği
ZESAR KALIPÇILIK SANAYİ VE TİCARET ANONİM ŞİRKETİ;ŞERİFALİ MAHALLESİ KULE SK. NO:27/2 ÜMRANİYE İSTANBUL;02165400579;www.zesar.com.tr;zesar.com.tr;ÇİB - Çelik İhracatçıları Birliği
AKSA JENERATÖR SANAYİ ANONİM ŞİRKETİ;RÜZGARLIBAHÇE MAH. ÖZALP ÇIKMAZIN:10 KÖYLER BEYKOZ İSTANBUL;(216) 6810000;www.aksa.com.tr;aksa.com.tr;ÇİB - Çelik İhracatçıları Birliği
MEDSTER TIBBİ CİHAZ VE SAĞLIK HİZMETLERİ LTD. ŞTİ.;MACUN MAH. BATI BULVARI ATB İŞ. MERKEZİ NO:280 YENİMAHALLE ANKARA;(312) 4903030;www.med-ster.com;med-ster.com;ÇİB - Çelik İhracatçıları Birliği
NILFISK-ADVENCE PROFESYONEL TE MIZLIK EKIPMANLARI TIC.A.S.;ŞERİFALİ MAH. BAYRAKTAR BLV.ŞEHİT SK.NO:7 ATAKENT ÜMRANİYE İSTANBUL;(216) 4669494;www.nilfiks.com.tr;nilfiks.com.tr;ÇİB - Çelik İhracatçıları Birliği
FRACOTA TEKNOLOJİ ANONİM ŞİRKETİ;ADRES GENERAL ALİ RIZA GÜRCAN CAD. ALPARSLAN İŞ MERKEZİ NO:29, KAT:2,DAİRE NO:6 TOZKOPARAN GÜNGÖREN İSTANBUL;(212) 8722270;http://www.fracota.com;fracota.com;ÇİB - Çelik İhracatçıları Birliği
İZOMAS KOREZYON KONTROL MÜHENDİSLİK SANAYİ VE TİCARET ANONİM ŞİRKETİ;CUMHURIYET MAH.FATIH CAD.NO:4 KARTAL İSTANBUL;02164514848;www.izomas.com.tr;izomas.com.tr;ÇİB - Çelik İhracatçıları Birliği
SAMM TEKN.İLET.SAN. VE TİC.A.Ş.;GEBZE ORGANİZE SANAYİ BÖLGESİ İHSAN DEDE CAD. 800.SOK. NO:802 GEBZE KOCAELİ;(262) 6771680;www.samm.com;samm.com;ÇİB - Çelik İhracatçıları Birliği
SAMCOOL ENDÜSTRİYEL SOĞUTMA SİSTEMLERİ SANAYİ VE TİCARET LİMİTED ŞİRKETİ;ELMALI MAH. YAVUZ CAD. NO: 16 İÇ KAPI NO: Z1 BEYKOZ İSTANBUL;(212) 4510082;https://samcool.com.tr/;samcool.com.tr;ÇİB - Çelik İhracatçıları Birliği
MEFAR PARATONER ELEKTRONİK ELEKTRİK MALZEMELERİ İMALAT SANAYİ VE TİCARET LİMİTED ŞİRKETİ;DAĞDİBİ MAH.KARASU CADDESİ NO 180 PK:54000 ADAPAZARI SAKARYA;;www.mefarparatoner.com.tr;mefarparatoner.com.tr;ÇİB - Çelik İhracatçıları Birliği
TAŞKİM PLASTİK METAL VE KİMYA ÜRÜNLERİ SAN. TİC. LTD.ŞTİ.;TEVFİKBEY MAH. EMRULLAHEFENDİ CAD.AKAYLAR 3 İŞMERKEZİ NO:5/A KÜÇÜKÇEKMECE İSTANBUL;(212) 5410186;www.taskimplastik.com;taskimplastik.com;ÇİB - Çelik İhracatçıları Birliği
CENGİZ ÇAKIR;RAMİ KIŞLA CD TOPÇULAR İS MERKEZİ NO:70/1 EYÜP İSTANBUL;(212) 6749275;www.cakiryangin.com.tr;cakiryangin.com.tr;ÇİB - Çelik İhracatçıları Birliği
BURSA TOPRAK PLASTİK İNŞAAT OTOMOTİV SANAYİ VE TİCARET LİMİTED ŞİRKETİ;ALAATTİN BEY MAH ALAATTİN BEY KÖY YOLU CAD NO:13 NİLÜFER BURSA;(224) 4131722;http://www.toprakteknik.com.tr/;toprakteknik.com.tr;ÇİB - Çelik İhracatçıları Birliği
KARADENİZ DÖKUM SANAYİ VE TİCARET LİMİTED ŞİRKETİ;ÇIKINLAR MAH GÖKHAN SOKAK N:6 MERKEZ BOLU;(374) 2451217;www.karadenizdokum.com.tr;karadenizdokum.com.tr;ÇİB - Çelik İhracatçıları Birliği
Vİ METAL ALÜMİNYUM SANAYİ VE TİCARET LİMİTED ŞİRKETİ;ÜÇEVLER MAH. 36.(220) SK. K.SANAYİ 63. BLOK NO: 29 İÇ KAPI NO: 1 NİLÜFER/BURSA NİLÜFER BURSA;(224) 8506070;http://vimetal.com.tr/;vimetal.com.tr;ÇİB - Çelik İhracatçıları Birliği
SPAZİO AKILLI DEPO ÇÖZÜMLERİ SANAYİ VE TİCARET ANONİM ŞİRKETİ;KÖSELER MAHALLESİ 29. SOKAK NO:16 DİLOVASI KOCAELİ;(262) 4444852;www.spazio-sws.com;spazio-sws.com;ÇİB - Çelik İhracatçıları Birliği
KADRİ KÖROĞLU;IŞIKTEPE MAH. FOÇA SK. NO:76/A NİLÜFER BURSA;;www.armoaricilik.com.tr;armoaricilik.com.tr;ÇİB - Çelik İhracatçıları Birliği
HKM İŞ MAKİNALARI DIŞ TİC.LTD.ŞTİ.;İMES SANAYİ SİT.C BLOK 306.SOK.NO:2 YUKARIDUDULLU ÜMRANİYE İSTANBUL;(216) 4994585;www.hkm.com.tr;hkm.com.tr;ÇİB - Çelik İhracatçıları Birliği
BATA METAL MOBİLYA TASARIM ÜRETİM ANONİM ŞİRKETİ;DERİ OSB NO: 5 İSTANBUL TUZLA DOLAP CADDESİ TUZLA İSTANBUL;(262) 7512709;www.bt.design;bt.design;ÇİB - Çelik İhracatçıları Birliği
FÇK FIRAT ÇELİK KAPI TEMİZLİK SANAYİ TİCARET LİMİTED ŞİRKETİ;OSMANGAZİ MAHALLESİ.HİLAL CAD.NO: 82/1PK:34885 SANCAKTEPE İSTANBUL;(216) 3530450;www.firatcelikkapi.com;firatcelikkapi.com;ÇİB - Çelik İhracatçıları Birliği
EAS ALÜMINYUM ITHALAT VE IHRACAT SANAYI TICARET LIMITED SIRKETI;OSB MH 7 SK NO:3/2 SÜLEOĞLU(SÜLOĞLU) EDİRNE;(850) 2592529;www.easaluminyum.com;easaluminyum.com;ÇİB - Çelik İhracatçıları Birliği
ÇUHADAROĞLU ALÜMİNYUM SANAYİ VE TİCARET ANONİM ŞİRKETİ;YAKUPLU MH HÜRRİYET BULVARI NO:6-8 YAKUPLU BEYLİKDÜZÜ İSTANBUL;(212) 8670500;www.cuhadaroglu.com.tr;cuhadaroglu.com.tr;ÇİB - Çelik İhracatçıları Birliği
GÜNEYİNOKS ENDÜSTRİYEL MUTFAK EKİPMANLARI SANAYİ VE TİCARET LİMİTED ŞİRKETİ;MAHMUT ŞEVKET PASA MAH. HAFIK CAD. NO:9/A ŞİŞLİ İSTANBUL;(212) 2371067;www.guneyinoks.com;guneyinoks.com;ÇİB - Çelik İhracatçıları Birliği
GBC GLOBAL BUSINESS DANIŞMANLIK VE DIŞ TİC. LTD. ŞTİ.;FERAH CAD. NO 79/3 KISIKLI MAH 34692 ÜSKÜDAR, İSTANBUL, TÜRKİYE ÜSKÜDAR İSTANBUL;(216) 4811838;www.gbcglobal.com.tr;gbcglobal.com.tr;ÇİB - Çelik İhracatçıları Birliği
SÖĞÜT PLASTİK VE KALIP SANAYİ VE TİCARET A.Ş.;ORGANIZE SAN. BOLGESI 3.CADDENO.18 ÜMRANİYE İSTANBUL;(216) 4159900;www.spk.com.tr;spk.com.tr;ÇİB - Çelik İhracatçıları Birliği
URAL MAKSAN MAKİNA İNŞAAT DEMİR VE ÇELİK SANAYİ VE TİCARET LİMİTED ŞİRKETİ;ABDIBEY M.ABDIBEY CD. Merkez SAKARYA;02642765920;www.uralmaksan.com;uralmaksan.com;ÇİB - Çelik İhracatçıları Birliği
UKINOX ANKASTRE SİSTEMLERİ SANAYİ TİCARET ANONİM ŞİRKETİ;İÇERENKÖY MH ÜSKÜDAR İÇERENKÖY YOLU CD VIP CENTER NO:10 A ATAŞEHİR İSTANBUL;(212) 8869598;www.ukinox.com.tr;ukinox.com.tr;ÇİB - Çelik İhracatçıları Birliği
ALBOND ALÜMİNYUM SANAYİ VE TİCARET ANONİM ŞİRKETİ;AYAZAĞA MH. MİMAR SİNAN SK. DBL. NO:15 AYAZAĞA 34217 SARIYER İSTANBUL;(282) 6611010;www.albond.com.tr;albond.com.tr;ÇİB - Çelik İhracatçıları Birliği
AHMET AYKUT EKLER DEMIR TEKS. GID.INS.O.S.V.TIC.LTD.STI.;GULBAHCE MAH.GURGEN SOK.NO.27 OSMANGAZİ BURSA;02242565900;www.eklerprofil.com;eklerprofil.com;ÇİB - Çelik İhracatçıları Birliği
AKA BİLİŞİM YAZILIM ARGE İNŞAAT TAAH. SAN. TİC. A.Ş.;ATAKENT MAH. BARIŞ SOKAK NO:20 ÜMRANİYE İSTANBUL;(216) 2100888;http://www.aka.com.tr;aka.com.tr;ÇİB - Çelik İhracatçıları Birliği
ALTEM ALUMINYUM INS.DEKORASYON TEKS.IHR.ITH.SAN.TIC.LTD.STI.;CAVUSBASI ÇIFLIK MH ÇAMLIK CAD.ÇAMLIK ÇIKMAZI NO 4 BEYKOZ İSTANBUL;02164799686;www.altemaluminyum.com;altemaluminyum.com;ÇİB - Çelik İhracatçıları Birliği
DELTA TRADE COMPANY SAĞLIK ANONİM ŞİRKETİ;BAŞAKŞEHİR - İKİTELLİ - ATATÜRK BULVARI NO. 72 BAŞAKŞEHİR İSTANBUL;(212) 2215700;www.delta-trade-company.com;delta-trade-company.com;ÇİB - Çelik İhracatçıları Birliği
DELTA İNŞAAT MALZ.GIDA TEKSTİL OTOM.TUR.SAN.VE DIŞ TİC.LTD.ŞTİ.;ORUÇ REİS MAHALLESİ VADİ CADDESİ GİYİMKENT SİTESİ NO:170/117 ESENLER İSTANBUL;(212) 2241888;www.deltatr.net;deltatr.net;ÇİB - Çelik İhracatçıları Birliği
DENPAR MAKİNA SAN. TİC. A.Ş.;ÖZBEK SOK. NO:01 KAVACIK BEYKOZ ANADOLUHİSARI BEYKOZ İSTANBUL;(212) 3461332;www.denpar.com;denpar.com;ÇİB - Çelik İhracatçıları Birliği
IDEA MAKİNA İMALAT SANAYİ VE TİCARET LİMİTED ŞİRKETİ;ISTANBUL DERI ORGANIZE SAN BÖL SAMA CAD 12 YOL NO 7 (34959) TUZLA İSTANBUL;(216) 3134277;www.ideajenerator.com;ideajenerator.com;ÇİB - Çelik İhracatçıları Birliği
ÖZÇELİK DIŞ TİC. A.Ş.;ANADOLU MAH. KANUNİ CAD. NO:8 TUZLA İSTANBUL;02163042010;www.ozcelik.com;ozcelik.com;ÇİB - Çelik İhracatçıları Birliği
LYS ECA DIŞ TİCARET LİMİTED ŞİRKETİ;KÜPLÜCE MAH. BEYBOSTANI SK. KARADENİZ APT NO 21/C ÜSKÜDAR İSTANBUL;(216) 0000000;http://www.lyseca.com;lyseca.com;ÇİB - Çelik İhracatçıları Birliği
EYYÜPOĞLU ALÜMİNYUM METAL SANAYİ VE TİCARET LİMİTED ŞİRKETİ;GÜLLÜBAĞLAR MAH.MEMLÜK SOK.N:17 PENDİK İSTANBUL;;www.eyyupoglu.com.tr;eyyupoglu.com.tr;ÇİB - Çelik İhracatçıları Birliği
ALUGLAS DIŞ TİCARET ANONİM ŞİRKETİ;NECİP FAZIL MH NECİP FAZIL BULVARI SULTAN İS MERKEZİ NO:5/46 ÜMRANİYE İSTANBUL;(216) 4666069;www.alugas.com.tr;alugas.com.tr;ÇİB - Çelik İhracatçıları Birliği
ANADOLU GAZ LİMİTED ŞİRKETİ;MALTEPE MAH.SİTE 1 SOK.ÇALIK SANAYİ SİT.N:23/A-B ZEYTİNBURNU İSTANBUL;(212) 6126084;http://www.fodinoxmutfak.com;fodinoxmutfak.com;ÇİB - Çelik İhracatçıları Birliği
AK-İŞ BOYA SANAYİİ VE TİCARET ANONİM ŞİRKETİ;DEMIRTAŞ ORG. SAN. BÖLG. ALIOSMAN SÖNMEZ CAD. NO:4 OSMANGAZİ BURSA;02242610537;akisboya.com.tr;akisboya.com.tr;ÇİB - Çelik İhracatçıları Birliği
ASİMETRİK SES IŞIK VE GÖRÜNTÜ SİSTEMLERİ ANONİM ŞİRKETİ;İLKBAHAR MAH. 622 SOK. NO:4 ÇANKAYA ANKARA;03124909101;www.asimetrik.com.tr;asimetrik.com.tr;ÇİB - Çelik İhracatçıları Birliği
AN KARDEŞLER ENERJİ VE YAPI ANONİM ŞİRKETİ;YENİ SAN.SİT.A-4 BLOK NO:66 LÜLEBURGAZ KIRKLARELİ;(288) 4170757;www.ankakardesler.com.tr;ankakardesler.com.tr;ÇİB - Çelik İhracatçıları Birliği
HETA OTOMASYON MAKİNA LİMİTED ŞİRKETİ;KURUÇEŞME MH BUĞDAY SK NO:10/5 BEŞİKTAŞ İSTANBUL;(212) 0000000;http://heta.com.tr;heta.com.tr;ÇİB - Çelik İhracatçıları Birliği
ÖZGÜN İNŞAAT TAAHHÜT SANAYİ VE TİCARET LİMİTED ŞİRKETİ;GAYRETTEPE MH GÖNENOĞLU SK NO :7 GAYRETTEPE BEŞİKTAŞ İSTANBUL;(212) 2753737;www.ozguntr.com;ozguntr.com;ÇİB - Çelik İhracatçıları Birliği
KIRAÇ OTOMASYON ELEKTRİK ELEKTRONİK SİSTEMLERİ SANAYİ VE TİCARET LİMİTED ŞİRKETİ;HASANPOLATKAN CAD. NO.3/C TEPEBAŞI ESKİŞEHİR;(222) 2361500;www.kiracelektrik.com;kiracelektrik.com;ÇİB - Çelik İhracatçıları Birliği
ALTINKAYA ELEKTRONİK CİHAZ KUTULARI SAN. TİC. A.Ş.;AHİ EVRAN OSB MAH.SİNCAN 1 OSB AVAR CAD. NO:7 YENİMAHALLE ANKARA;(312) 3952768;www.altinkaya.com.tr;altinkaya.com.tr;ÇİB - Çelik İhracatçıları Birliği
ASIL POLIMER TEKNIK PLASTIK MAKINA SAN.VE TIC.LTD.STI.;SULTAN ORHAN M.KUCUK SAN.SITA.13 BLOK NO.13 GEBZE KOCAELİ;02626429224;www.asilpolimer.com;asilpolimer.com;ÇİB - Çelik İhracatçıları Birliği
BOLLU PLASTİK SANAYİ VE TİCARET LİMİTED ŞİRKETİ;O.S.B.MAH. 5. CAD. NO:37 BEYLİKDÜZÜ İSTANBUL;(212) 8752713;www.bolluplastik.com.tr;bolluplastik.com.tr;ÇİB - Çelik İhracatçıları Birliği
AKDENİZ SERGİLEME VE RAF SİSTEMLERİ İTHALAT İHRACAT TİC. LTD. ŞTİ.;AGACISLERI SAN.BASKISLA SOK.74 SELÇUKLU KONYA;03322366166;www.akdenizhali.com;akdenizhali.com;ÇİB - Çelik İhracatçıları Birliği
TASARIM YAPI SAUNA HAVUZ INŞ. SAN.IÇ VE DIŞ TIC.LTD.ŞTI;ATATÜRK BULV. NO:100 B-104 İKİTELLİ OSB 34260 İKİTELLİ BAŞAKŞEHİR İSTANBUL;(212) 4860666;www.juno.com.tr;juno.com.tr;ÇİB - Çelik İhracatçıları Birliği
SVS ALÜMİNYUM YAPI VE İNŞ.SAN. VE TİC.LTD.ŞTİ.;NECİP FAZİL MH SARIGAZİ YOLU CD NO:7A ÜMRANİYE İSTANBUL;(216) 5273636;www.svsyapi.com.tr;svsyapi.com.tr;ÇİB - Çelik İhracatçıları Birliği
TER OTOMATİK KAPI SİSTEMLERİ SAN. VE TİC. LTD. ŞTİ.;ALAŞARKÖY MAH. 1 ALAŞAR CAD. NO:7/7A OSMANGAZİ BURSA;(224) 2564545;www.alsaaliminyum.com;alsaaliminyum.com;ÇİB - Çelik İhracatçıları Birliği
SELİM YUNA;YILDIZ POSTA CD. NO: 26 AYYILDIZ SİTESİ B BLOK KAT:6 D:58 ŞİŞLİ İSTANBUL;(212) 2177217;www.accolink.com;accolink.com;ÇİB - Çelik İhracatçıları Birliği
SANHUA AWEO YEDEK PARÇA SAN. VE TİC. LTD. ŞTİ.;KAVAKLI MAH.HAZAR SOK.FABRİKA SİT. İDARİ BİNAN:14 SİLİVRİ İSTANBUL;;www.sanhua-aweco.com;sanhua-aweco.com;ÇİB - Çelik İhracatçıları Birliği
VONOZ ENERJİ MÜHENDİSLİK VE SERVİS HİZMETLERİ SANAYİ A.Ş.;YUKARI DUDULLU MAH. SARMAŞIK SOK. NO:18 ÜMRANİYE İSTANBUL;(216) 3646241;www.vonozenerji.com;vonozenerji.com;ÇİB - Çelik İhracatçıları Birliği
MTF YAPI MALZEMELERI SAN.VE TIC.LTD.STI.;SEDEF C. ATA 4-2A BLOK D:1 KADIKÖY İSTANBUL;02164565285;www.mtf-co.com;mtf-co.com;ÇİB - Çelik İhracatçıları Birliği
DUZEY MIM MUH.INS.VE MAK.SAN.TIC.LTD.ŞTI.;BURHANİYE MAH. ABDULLAHAĞA CAD. NO.33 KAT.1 BEYLERBEYİ İŞ MERKEZİ ÜSKÜDAR İSTANBUL;(216) 4012222;www.duzeyfuar.com;duzeyfuar.com;ÇİB - Çelik İhracatçıları Birliği
ERHAL PLASTİK GIDA İNŞ.TAŞ.TUR.VE DIŞ.TİC.LTD.ŞTİ;SOĞANLIK YENİ MAH BALTACI MEHMET PAŞA SOK NO 12 KARTAL İSTANBUL;(216) 3776361;www.erhalplastik.com.tr;erhalplastik.com.tr;ÇİB - Çelik İhracatçıları Birliği
ÇAMLICA AMBALAJ SAN. TİC. LTD. ŞTİ.;SOĞUKPINAR MAH. KARTAL SK. GESSAT NO:6/1 ÇEKMEKÖY İSTANBUL;(216) 6126612;www.gessat.com.tr;gessat.com.tr;ÇİB - Çelik İhracatçıları Birliği
DEMSAŞ METAL SANAYİ VE TİCARET ANONİM ŞİRKETİ;MAHMUTBEY MH TAŞOCAĞI YOLU CD POLAT TOWE BASIN EKSPRES NO:1/19 BAĞCILAR İSTANBUL;(212) 7353021;www.demsasmetal.com;demsasmetal.com;ÇİB - Çelik İhracatçıları Birliği
DUMAN ÇELİK EŞYA SANAYİ VE TİCARET ANONİM ŞİRKETİ;BEYLİKDÜZÜ O.S.B. AÇELYA CAD. NO:39/B1 BEYLİKDÜZÜ İSTANBUL;(212) 5760077;www.duman.com.tr;duman.com.tr;ÇİB - Çelik İhracatçıları Birliği
ESCAPİST PRODÜKSİYON TİC. LTD. ŞTİ.;KUŞTEPE MAH.MECİDİYEKÖY YOLU CAD. N:12TRUMP AVM KAT:B4 ŞİŞLİ İSTANBUL;(212) 2727150;www.ezcapist.com.tr;ezcapist.com.tr;ÇİB - Çelik İhracatçıları Birliği
5M ELEKTRO MEKANIK IML.INS.TUR VE DAHILI TIC.LTD.STI.;DUDULLU OSB BES SANAYİ SİT. YUKARI DUDULLUU-102 SÖĞÜT SOK A-04 BLOK N:42 ÜMRANİYE İSTANBUL;02165278354;www.5m-elektromekanik.com;5m-elektromekanik.com;ÇİB - Çelik İhracatçıları Birliği
NASA ELEKTRİK AYDINLATMA SANAYİ VE TİCARET ANONİM ŞİRKETİ;OKCUMUSA CAD. NO:10/B KARAKÖY BEYOĞLU İSTANBUL;02122561218;www.nasaaydinlatma.com;nasaaydinlatma.com;ÇİB - Çelik İhracatçıları Birliği
LUXEVA EV GEREÇLERİ SAN.VE TİC.LTD.ŞTİ.;HALKALI MERKEZ MH EGEMEN SK NO:5A KÜÇÜKÇEKMECE İSTANBUL;(212) 4710203;www.luxeva.com.tr;luxeva.com.tr;ÇİB - Çelik İhracatçıları Birliği
MARMARA TURBUN DENIZ VE KARA MAK.TEK.HIZM.SAN.VE TIC.LTD.ST;AYDINTEPE MAH.CAMI SOK.NO:17 TUZLA İSTANBUL;02163927653;www.marmaraturbun.com;marmaraturbun.com;ÇİB - Çelik İhracatçıları Birliği
JOKER OTOMATİK KAPI SİSTEMLERİ İNŞAAT GIDA SAN. VE TİC. LTD.ŞTİ.;İKİTELLİ OSB MH DEMİRCİLER SİT B3 BLOK NO:89 İKİTELLİ BAŞAKŞEHİR İSTANBUL;(212) 6711650;www.jokerdoor.com;jokerdoor.com;ÇİB - Çelik İhracatçıları Birliği
DİNAMİK KABİN DIŞ TİCARET LİMİTED ŞİRKETİ;NİŞANTEPE MAHALLESİ OKUL SOKAK NO:7 ÇEKMEKÖY İSTANBUL;(216) 6215289;http://dinamikpano.com;dinamikpano.com;ÇİB - Çelik İhracatçıları Birliği
SANPA ELEKTRIK MALZ.PAZ.TIC. VE SAN.LTD.STI.;IÇERENKÖY MAH., KÜME SK ., ECE IS MERKEZİ, 3/5 ATAŞEHİR İSTANBUL;02164780712;http://www.sanpaltd.com.tr;sanpaltd.com.tr;ÇİB - Çelik İhracatçıları Birliği
ŞEREF ÇELİK;İSTOÇ 16 ADA NO.94 MAHMUTBEY BAĞCILAR İSTANBUL;(212) 5209327;www.bahasuarmaturleri.com;bahasuarmaturleri.com;ÇİB - Çelik İhracatçıları Birliği
MONADOR OTOMATİK KAPI SİS. SAN. VE TİC. A. Ş.;MECİDİYEKÖY MAH. GÜVENEVLER SOKAK NO: 12/A MECİDİYEKÖY ŞİŞLİ İSTANBUL;;www.monacor.com.tr;monacor.com.tr;ÇİB - Çelik İhracatçıları Birliği
PİLOT TAŞIT KOLTUKLARI SANAYİ VE TİCARET A.Ş.;ORG.SAN.BOLG.113.S.NO:3 NİLÜFER BURSA;02244110284;www.pilot.com.tr;pilot.com.tr;ÇİB - Çelik İhracatçıları Birliği
IMSAN METAL DIS TIC.LTD.STI.;MERVE MAH.GAZI CD. NO.15 YENİDOĞAN SANCAKTEPE İSTANBUL;(216) 5613510;www.imsanpres.com.tr;imsanpres.com.tr;ÇİB - Çelik İhracatçıları Birliği
GÜZELOĞULLARI DUVAR KAPLAMALARI SAN. İNŞ. SAN. VE TİC. LTD. ŞTİ.;KAVAKLI MAH.FULYA CAD.NO:33 SİLİVRİ İSTANBUL;(212) 6050865;www.guzelogullari.com;guzelogullari.com;ÇİB - Çelik İhracatçıları Birliği
BİRLİK TEL ÖRME İNS.NAKL.MAK. SAN.VE TİC.LTD.STİ.;RAMAZANOĞLU MAH. SANAYİ CAD. NO:50 PENDİK İSTANBUL;(216) 3780461;www.birliktel.com.tr;birliktel.com.tr;ÇİB - Çelik İhracatçıları Birliği
AS GARDEN DİZYN PERGOLA VE CEPHE SİST SAN TİC LTD ŞTİ;VELİBABA MAH.YURTTAŞ SK.NO:14 A PENDİK İSTANBUL;(216) 3970157;www.asgardendizayn.com;asgardendizayn.com;ÇİB - Çelik İhracatçıları Birliği
EFSANE METAL İŞLEME SANAYİ TİCARET LTD.ŞTİ.;CUMHURİYET MAH. İHLAS SOK. NO:3 ÇAYIROVA KOCAELİ;(262) 7433434;http://www.efsanemetal.com;efsanemetal.com;ÇİB - Çelik İhracatçıları Birliği
DUNA DIS TICARET LTD.STI.;PERPA TICARET MERKEZI B BLOKK.2 NO.75 ŞİŞLİ İSTANBUL;02122227220;www.duna.com.tr;duna.com.tr;ÇİB - Çelik İhracatçıları Birliği
ÇELİKER KALDIRMA VE TAŞIMA SİSTEM.MAK.PAZ.SAN.VE TİC.LTD.ŞTİ;EVLİYA ÇELEBİ MAH.MAVİ SOK.NO:26 TUZLA İSTANBUL;(216) 3959901;www.celikermakina.com;celikermakina.com;ÇİB - Çelik İhracatçıları Birliği
A.S.M. OTO YAN SANAYİ VE TİCARET LİMİTED ŞİRKETİ;İKİTELLİ OSB. 14. CAD. MUTSAN SANSİT. M9 BLOK. NO:9-11 BAŞAKŞEHİR İSTANBUL;(212) 5490055;www.sertplas.com.tr;sertplas.com.tr;ÇİB - Çelik İhracatçıları Birliği
ARMATURK METAL SAN.VE DIŞ TİC. LTD.ŞTİ.;TOPÇULAR MAH. MALTEPE CAD.NO:1/1-A EYÜP İSTANBUL;(212) 4001453;www.armaturk.com;armaturk.com;ÇİB - Çelik İhracatçıları Birliği
DORSET ÇELİK SANAYİ VE DIŞ TİCARET LIMITED ŞİRKETİ;YAVUZ SELİM MAH.968.SOK.NO:7 İÇ KAPI NO:Z1 BAĞCILAR İSTANBUL;(212) 4362313;www.dorset.com.tr;dorset.com.tr;ÇİB - Çelik İhracatçıları Birliği
YALCIN HAVUZ SU ARITMA SAN.VE TIC.LTD.STI.;ORHANGAZİ MAH.7.YOL SK.ISISO SAN.SİT.L BLOK NO:18 ESENYURT İSTANBUL;02126232026;www.yalcinhavuz.com;yalcinhavuz.com;ÇİB - Çelik İhracatçıları Birliği
UÇAK METAL ENJEKSİYON SAN.A.Ş.;DAVUTPASA CAD.EMIR SOK.NO.3 GÜNGÖREN İSTANBUL;02125688811;www.hidroteknik.com;hidroteknik.com;ÇİB - Çelik İhracatçıları Birliği
TEZGÜLLER MAKINA VE KALIP İNŞAAT SANAYİ TICARET LİMİTED SİRKETI;Y.DUDULLU 2.CAD.NO.19 ORGANIZESANAYI BOLGESI ÜMRANİYE İSTANBUL;02163642103;www.tezguller.com.tr;tezguller.com.tr;ÇİB - Çelik İhracatçıları Birliği
SCHMALZ VAKUM SAN.VE TİC.LTD.ŞTİ.;YENİYOL SOK.CECANLAR İŞMERK.B BLOKNO:20/3-4 KOŞUYOLU KADIKÖY İSTANBUL;(216) 3400121;www.schmalz.com.tr;schmalz.com.tr;ÇİB - Çelik İhracatçıları Birliği
SERAPLAST PLASTİK SAN. VE TİC. LTD.ŞTİ.;KURTKÖY SANAYİ MAHALLESİ ENSAR SOKAK NO:18 PENDİK İSTANBUL;(216) 5953121;www.seraplast.com.tr;seraplast.com.tr;ÇİB - Çelik İhracatçıları Birliği
MAKEL ELEKTRİK MALZEMELERİ SANAYİ VE TİCARET ANONİM ŞİRKETİ;MERKEZ MH.MAREŞAL FEVZI ÇAKMAKCAD.NO.38 İSTANBUL;02126895050;www.makel.com.tr;makel.com.tr;ÇİB - Çelik İhracatçıları Birliği
NESER METAL MAK.İNŞ.TAAH.SAN.TİC.LTD.ŞTİ.;KÖSEKÖY SANAYİ SİTESİ ÇİLEM SOK.NO:243F BLOK KÖSEKÖY KARTEPE KOCAELİ;(262) 3736677;www.nesermetal.com;nesermetal.com;ÇİB - Çelik İhracatçıları Birliği
KONFOR MUHENDISLIK YAPI TES.VE TIC.LTD.STI.;BAYRAKTAR BULVARI NO:56 KAT:3 ÜMRANİYE İSTANBUL;02164992020;www.konformuhendislik.com;konformuhendislik.com;ÇİB - Çelik İhracatçıları Birliği
GREENFİT PLASTİK METAL YAPI ELEMANLARI ÜRETİM SAN. VE TİC. LTD. ŞTİ.;VELİMEŞE OSB. MAHALLESİ233. SOKAK NO.:34/1 VELİMEŞE ÇORLU TEKİRDAĞ;(282) 7461411;www.greenfit.com.tr;greenfit.com.tr;ÇİB - Çelik İhracatçıları Birliği
DEMİRTAŞ METAL ALÜMİNYUM PROFİL SANAYİ VE TİCARET ANONİM ŞİRKETİ;OSMANGAZİ MAH. ZİYA GÖKALP CAD. NO:11 KIRAÇ ESENYURT İSTANBUL;(212) 8863060;www.demirtasmetal.com;demirtasmetal.com;ÇİB - Çelik İhracatçıları Birliği
DEKOMİKA DİZAYN DEKORASYON VE DIŞ TİCARET LİMİTED ŞİRKETİ;ÇAVUŞOĞLU MAH.ÇOBANYILDIZI CAD. SUNTA İDARİ BİNASI NO:65 KARTAL İSTANBUL;(216) 3870123;https://www.dekomika.com/;dekomika.com;ÇİB - Çelik İhracatçıları Birliği
CET-SAN PLASTIK ELEKTRIK MALZ. SAN.VE TIC.LTD.STI.;İKİTELLİ O.S.B İPKAS SANAYİ SİT. 3 ETAP NO:A1-A2 İKİTELLİ BAŞAKŞEHİR İSTANBUL;02125494810;www.cet-san.com.tr;cet-san.com.tr;ÇİB - Çelik İhracatçıları Birliği
KARACA PLASTIK SANAYİ VE TICARET ANONİM ŞİRKETİ;CUMHURİYET MAH. İSMET İNÖNÜ CAD. 12 SOK. NO.33 ŞEKERPINAR - KOCAELİ EYÜP İSTANBUL;(262) 6582495;www.karacaplastik.com;karacaplastik.com;ÇİB - Çelik İhracatçıları Birliği
OZIPEKLILER TEKNIK HIRDAVAT CELIK TIC.VE SAN.A.S.;YENI YALOVA YOLU 2KM.NO.332 OSMANGAZİ BURSA;02242561617;www.sedef.com.tr;sedef.com.tr;ÇİB - Çelik İhracatçıları Birliği
ÖRTAŞ ÇELİK SANAYİ VE TİCARET ANONİM ŞİRKETİ;CUMHURİYET MAH. İ.İNÖNÜ CAD. NO: 49 ÇAYIROVA KOCAELİ;(262) 6582963;www.ortascelik.com;ortascelik.com;ÇİB - Çelik İhracatçıları Birliği
REFORM KİMYEVİ ÜRÜNLER MADENCİLİK VE DIŞ TİC.LTD.ŞTİ;BAEBAROS MH.BEZİRGAN SOK.DELUXIA SUIT D:26 ATAŞEHİR İSTANBUL;(216) 5105939;www.reformkimya.com;reformkimya.com;ÇİB - Çelik İhracatçıları Birliği
VESMEC MAKİNA SANAYİ MÜMESSİLLİK DANIŞMANLIK VE TİCARET ANONİM ŞİRKETİ;AYDINTEPE MAH. AKYILDIZ SOK. NO.3 İÇMELER TUZLA İSTANBUL;(216) 4932973;www.vesmec.com;vesmec.com;ÇİB - Çelik İhracatçıları Birliği
ZENİT LED VE AYDINLATMA TEKNOLOJİLERİ REKLAMCILIK SAN.VE TİC.A.Ş.;AYDINLI MAH.DERİ ORG.SAN.BÖL.MAH.YAN SAN.CAD. DERİ OSB.SİT.YA-11-NO:17/1/2 AYDINLI TUZLA İSTANBUL;(216) 5910035;www.zenitled.com.tr;zenitled.com.tr;ÇİB - Çelik İhracatçıları Birliği
KADI İÇ VE DIŞ TİC.LTD.ŞTİ.;PERPA TIC.MERKEZI A BLOK KAT:5 NO.150 OKMEYDANI ŞİŞLİ İSTANBUL;02123205034;www.kadiexport.com;kadiexport.com;ÇİB - Çelik İhracatçıları Birliği
AKSAPEN ITH.IHR.TUR.INS.DAN. SAN.TIC.LTD.STI.;SARAYKENT SANAYİ SİT. 53. SOK. NO: 9 KAHRAMANKAZAN ANKARA;(312) 3951768;www.aksapen.com;aksapen.com;ÇİB - Çelik İhracatçıları Birliği
EKSEN BANT İZOLASYON VE YAPI MALZEMELERİ SAN. TİC. LTD. ŞTİ.;ÇATALMEŞE MAH. SARAY CAD. NO : 114/A-1 ÇEKMEKÖY İSTANBUL;(216) 5777897;www.eksenbant.com;eksenbant.com;ÇİB - Çelik İhracatçıları Birliği
EUROSTEEL METAL SANAYİ ANONİM ŞİRKETİ;YALI MAH.TOPSELVİ CAD.B BLOK MAI NO:100 B İÇ KAPINO: 30 KARTAL İSTANBUL;(216) 0000000;http://www.eurosteelmetal.com;eurosteelmetal.com;ÇİB - Çelik İhracatçıları Birliği
FEREL ELEKTRONİK SANAYİ TİCARET A.Ş.;SELİMPAŞA SAN. BÖLGE MERKEZ MAH. 705 CAD. 5008 SOKNO:11 SİLİVRİ İSTANBUL;(212) 7235500;www.ferel.com.tr;ferel.com.tr;ÇİB - Çelik İhracatçıları Birliği
BTAF PLASTIK RULMAN NANO TEKN.ÜRÜNL.ARGE SAN. VE TİC.LTD.ŞTİ;ARAP CAMI MAH/SEMT GALATA MAHKEMESI BEYOĞLU İSTANBUL;(212) 2436896;http://btafbearings.com/;btafbearings.com;ÇİB - Çelik İhracatçıları Birliği
ARTENT YAPI VE TENTE SİSTEMLERİ İÇ VE DIŞ TİC.SAN.A.Ş.;AKÇABURGAZ MH 3044 SK NO:1 ESENYURT İSTANBUL;(212) 8862708;www.artent.com.tr;artent.com.tr;ÇİB - Çelik İhracatçıları Birliği
KADEM GLOBAL DIŞ TİCARET LİMİTED ŞİRKETİ;KARŞIYAKA MAH. ÇAPANA CAD. 8 / 2 ÇINARCIK YALOVA;(226) 0000000;http://www.kademlojistik.com.tr;kademlojistik.com.tr;ÇİB - Çelik İhracatçıları Birliği
GO GRUP ENERJİ MÜHENDİSLİK MÜŞAVİRLİK İNŞAAT TİCARET LİMİTED ŞİRKETİ;BEYTEPE MAHALLESİ VİTRİN BEYTEPE İŞ MERKEZİ NO:32 ÇANKAYA ANKARA;(850) 4664636;http://www.goenerji.com.tr;goenerji.com.tr;ÇİB - Çelik İhracatçıları Birliği
HSC ARITIM SANAYİ VE TİCARET ANONİM ŞİRKETİ;AVCILAR FİRUZKÖY MAH. FİRUZKÖY BULV. NO.124/1 AVCILAR İSTANBUL;(212) 4447472;www.hsc.com.tr;hsc.com.tr;ÇİB - Çelik İhracatçıları Birliği
YOUNG ALÜMİNYUM YAPI TİC.LTD.ŞTİ.;CEMİL MERİÇ MH İSTİKLAL CD NO:29 ÜMRANİYE İSTANBUL;(216) 6502453;www.youngaluminyum.com;youngaluminyum.com;ÇİB - Çelik İhracatçıları Birliği
TAM HANGERS TK ASKI SAN. VE TİC. LTD. ŞTİ.;KAVAKLI MAH. DENİZ AKTAŞ CAD. NO: 32 34520 BEYLİKDÜZÜ İSTANBUL;(212) 8558000;www.tamplastik.com;tamplastik.com;ÇİB - Çelik İhracatçıları Birliği
PROFİNOKS ENDÜSTRİYEL MUTFAK EKİP. İNŞAAT TURİZM YAPI MALZEMELERİ SANAYİ VE TİCARET LİMİTED ŞİRKETİ;TOPÇULAR MAHALLESİ RAMİ KIŞLA CADDESİ NO:72/3 EYÜP İSTANBUL;;www.profinoks.com.tr;profinoks.com.tr;ÇİB - Çelik İhracatçıları Birliği
ÇADIRCI KALIP PLASTİK ENJEKSİYON SAN. VE TİC. LTD.ŞTİ.;İPKAS SAN. SİT. 4.BLOK NO:13/158 BAŞAKŞEHİR İSTANBUL;(212) 5498473;www.cadircikalip.com;cadircikalip.com;ÇİB - Çelik İhracatçıları Birliği
EMRE TAVBATIR;F.ÇAKMAK MAH. MİLENYUM CADDESİ ASPAK SAN SİT NO 49 42010 KARATAY KONYA;(332) 2353935;www.kismetdiesel.com;kismetdiesel.com;ÇİB - Çelik İhracatçıları Birliği
ARKEL ELEKTRİK ELEKTRONİK SAN. VE TİC. A.Ş.;EYÜP SULTAN MAH ŞAH CİHAN CAD N:69/B SANCAKTEPE İSTANBUL;(216) 5406724;www.arkel.com.tr;arkel.com.tr;ÇİB - Çelik İhracatçıları Birliği
SONGÜL AYDINLATMA İNŞAAT MOB. GIDA SAN. VE DIŞ TİC. LTD. ŞTİ.;HABİBLER MAH. ESKİ EDİRNE ASFALTI NO.937 SULTANGAZİ İSTANBUL;(212) 6092425;www.songulaydinlatma.com;songulaydinlatma.com;ÇİB - Çelik İhracatçıları Birliği
TURFAN GIDA TIC.VE SAN.LTD.STI .;ORHANGAZI CD.12 NOLU SK. N:23UMURBEY SANAYI BOLGESI GEMLİK BURSA;02245142806;www.turfan.com.tr;turfan.com.tr;ÇİB - Çelik İhracatçıları Birliği
YÜZEY KORUMA SİSTEMLERİ PAZ. A.Ş.;ADNAN KAHVECİ MAH. HARBİYE CD. NO 3 BEYLİKDÜZÜ İSTANBUL;02125478225;www.yuzkor.com;yuzkor.com;ÇİB - Çelik İhracatçıları Birliği
GDF ELEKTRİK ELEKTRONİK VE OTOMASYON SANAYİ VE TİCARET LİMİTED ŞİRKETİ;KARACAOĞLAN MAH. BORNOVA CAD. NO: 13/A İZMİR/BORNOVA 35040 BORNOVA, İZMIR, TÜRKİYE BORNOVA İZMİR;(232) 4722006;http://www.gdfelectric.com;gdfelectric.com;ÇİB - Çelik İhracatçıları Birliği
INTER GROUP YAPI VE PROJE ÇÖZÜMLERİ SANAYİ TİCARET LİMİTED ŞİRKETİ;İDEALTEOE MH DİK SK NO:13/2 MALTEPE İSTANBUL;(216) 4757516;www.inter-sl.comsatis;inter-sl.comsatis;ÇİB - Çelik İhracatçıları Birliği
AMPHENOL TURKEY BAĞLANTI ÇÖZÜMLERİ LİMİTED ŞİRKETİ;BAŞKÖY MAH. 485. İSİMSİZ SOK. NO:1 NİLÜFER BURSA;(224) 0000000;https://amphenol.com/;amphenol.com;ÇİB - Çelik İhracatçıları Birliği
ALDOM ALUMINYUM SAN.VE TIC.A.S;İDAEL TEPE MAH RIFKI TONGSİR CADN:93 İÇ KAPI N:1 MALTEPE İSTANBUL;02128868682;www.aldom.com.tr;aldom.com.tr;ÇİB - Çelik İhracatçıları Birliği
EGE MAKINA VE TEKNIK MALZ.SAN. VE TIC.LTD.STI.;ARAPCAMİ MAH. TERSANE CAD.BAKIR SOK. NO.4 BEYOĞLU İSTANBUL;(212) 2374040;www.egemakina.com.tr;egemakina.com.tr;ÇİB - Çelik İhracatçıları Birliği
DECKRO ELEKTRIK ENDÜSTRIYEL ÜRÜNLER ANONIM AŞ;CEVIZLI MAH. TUGAY YOLU CAD. OFISIMISTANBUL NO: 20 - A IÇ KAPI NO: 41 MALTEPE İSTANBUL;(216) 4884488;www.deckro.net;deckro.net;ÇİB - Çelik İhracatçıları Birliği
MEGASER ENERJİ SANAYİ VE TİCARET LİMİTED ŞİRKETİ;ANADOLU BULV. TRİNVEST CORNER-2 SİT.NO:151/K YENİMAHALLE ANKARA;(312) 3957100;http://megaserenerjipano.com.tr;megaserenerjipano.com.tr;ÇİB - Çelik İhracatçıları Birliği
UYGAR ÇEMBERLEME SİSTEMLERİ SAN. VE TİC. LTD. ŞTİ.;MAHMUTBEY MAH.2447 SOK. N:62 BAĞCILAR İSTANBUL;;www.uygarcemberleme.com;uygarcemberleme.com;ÇİB - Çelik İhracatçıları Birliği
TARIK METAL SANAYİ VE TİCARET LİMİTED ŞİRKETİ;VELİBABA MAH ANKARA CAD. UMUT SOK. NO2/1 PENDİK İSTANBUL;(216) 5982525;http://www.tarikmetal.com;tarikmetal.com;ÇİB - Çelik İhracatçıları Birliği
SOLVECHEM MATBAA MÜREKKEPLERİ VE KİMYASALLARI LİMİTED ŞİRKETİ;YAKUPLU MAHALLESİ HÜRRİYET BULVARI SKYPORT REZİDANCE NO :1 OFİS :116 BEYLİKDÜZÜ İSTANBUL;(212) 8769383;http://www.solvechems.com;solvechems.com;ÇİB - Çelik İhracatçıları Birliği
SECURITAS TEKNOLOJİ HİZMETLERİ TİCARET ANONİM ŞİRKETİ;SMART PLAZA RÜZGARLIBAHÇE MAH.KAVAK SOK. NO:31/1 BEYKOZ BEYKOZ İSTANBUL;(216) 6818200;www.sensormatic.com.tr;sensormatic.com.tr;ÇİB - Çelik İhracatçıları Birliği
TEKNOLÜKS AYDINLATMA SANAYİ VE TİCARET ANONİM ŞİRKETİ;GÜMÜŞSSUYU CAD.DALGIÇ İŞHANI NO:3 GİRİŞ KAT İÇ NO:2 ZEYTİNBURNU İSTANBUL;(212) 2434400;www.bamyum.com;bamyum.com;ÇİB - Çelik İhracatçıları Birliği
AROMATİK KİMYEVİ MAD.DIŞ.TİC.LTD.ŞTİ;SANAYİ MAH. ENSAR CAD. TUNAHANSOK. NO:42/44 PENDİK İSTANBUL;(216) 3787878;www.aromatikboya.com;aromatikboya.com;ÇİB - Çelik İhracatçıları Birliği
HERAEUS ELECTRO NITE TERMOTEKNİK SANAYİ VE TİCARET ANONİM ŞİRKETİ;1 ORGANIZE SAN. BOL. DAĞISTAN CAD. NO:15 SİNCAN ANKARA;(312) 2670888;www.electro-nite.com;electro-nite.com;ÇİB - Çelik İhracatçıları Birliği
TECHONE MÜHENDİSLİK SANAYİ VE TİCARET LİMİTED ŞİRKETİ;ATATÜRK MAH. 426. SK. İŞGEM ST. NO:1 B/4 CANİK SAMSUN;(362) 2751199;www.techone.ist;techone.ist;ÇİB - Çelik İhracatçıları Birliği
REKARMA MAKİNE SANAYİ VE TİC. A. Ş.;FENERBAHÇE MAH.RÜŞTİYE SOKAK NO :25/1ARAS BULV.AROMATIK CAD. NO:37 KADIKÖY İSTANBUL;02165930942;www.rekarma.com;rekarma.com;ÇİB - Çelik İhracatçıları Birliği
METİTO CHEMİCAL SOLUTİONS KİMYASAL ÇÖZÜMLER A.Ş.;FERHATPAŞA MAH.YEDİTEPE CAD.N:122-124 D:4-5 ATAŞEHİR İSTANBUL;(216) 6615077;www.infogroup.cc;infogroup.cc;ÇİB - Çelik İhracatçıları Birliği
KONVEKTA KLİMA VE SOĞUTMA CİH. SAN.TİC.A.Ş.;ISISO SANAYI SITESI YANIHOSDERE MEVKII ÇATALCA İSTANBUL;(212) 6232080;www.konvekta.com.tr;konvekta.com.tr;ÇİB - Çelik İhracatçıları Birliği
HASEL GROUP ALÜMİNYUM TURİZM İTH.VE İHR.SAN.TİC.LTD.ŞTİ.;ORUÇREİS MH TEKSTİLKENT CD B14 BLOK 10 V NO:213 ESENLER İSTANBUL;(212) 4381158;www.haseldisticaret.com;haseldisticaret.com;ÇİB - Çelik İhracatçıları Birliği
ELTOS EL ALETLERİ HIRDAVAT MAKİNA SANAYİ VE TİCARET LİMİTED ŞİRKETİ;VATAN MAH. ESENLER CAD.SINAN SK. NO:2/1 BAYRAMPAŞA İSTANBUL;(212) 5015459;www.eltos.com.tr;eltos.com.tr;ÇİB - Çelik İhracatçıları Birliği
ARIKİMYA LABORATUVAR KİMYASALLARI VE CİHAZLARI MEDİKAL GIDA SANAYİ TİCARET LİMİTED ŞİRKETİ;MAHMUTBEY MAHALLESİ 2433 SOKAK NO:140 BAĞCILAR İSTANBUL;(212) 2712171;http://www.arikimlab.com;arikimlab.com;ÇİB - Çelik İhracatçıları Birliği
ANATOLIA SIGN İNŞAAT REKLAM SANAYİ TİCARET A.Ş.;YAKUPLU MAH. HÜRRİYET BUL. NO:4/1/1 BEYLİKDÜZÜ İSTANBUL;(212) 8756676;www.anatoliasign.com;anatoliasign.com;ÇİB - Çelik İhracatçıları Birliği
BUTA GEMİCİLİK VE DENİZCİLİK LTD ŞTİ;GÜZELYALI MH. BEKÇİ SK. YAZICI APT.NO:7/A PENDİK İSTANBUL;(216) 3951971;www.butashipping.com;butashipping.com;ÇİB - Çelik İhracatçıları Birliği
DOĞAN DIŞ TİCARET VE PAZARLAMA ANONİM ŞİRKETİ;ORTA MAHALLESİ ATAYOLU CADDESİ BOYA VEVERNİKÇİLER SANAYİ SİTESİ NO:8/26 TUZLA İSTANBUL;(216) 5910377;www.doganrubber.com;doganrubber.com;ÇİB - Çelik İhracatçıları Birliği
DOĞUKAN UZAK;MALTEPE MAH.AİLEBAHÇESİ LİTROSYOLU SK.NO.3 ZEYTİNBURNU İSTANBUL;(212) 4800041;http://www.feza.com.tr;feza.com.tr;ÇİB - Çelik İhracatçıları Birliği
İSTANBUL MAKİNA VE OTOMASYON SİSTEMLERİ SAN. VE TİC. A. Ş.;İMES SAN SİT B BLOK 203 SK NO:7 ÜMRANİYE İSTANBUL;(216) 5266500;www.istanbulmakina.com.tr;istanbulmakina.com.tr;ÇİB - Çelik İhracatçıları Birliği
MEKANİK GROUP MAKİNE ANONİM ŞİRKETİ;İKİTELLİ ORG. SAN. BÖLGESİ TORMAK SANAYİ SİTESİ T BLOK NO:28 BAŞAKŞEHİR İSTANBUL;(212) 4851754;www.mekanikmakina.com.tr;mekanikmakina.com.tr;ÇİB - Çelik İhracatçıları Birliği
SCHUNK INTEC BAĞLAMA SİSTEMLERİ VE OTOMASYON SAN.VE TİC.LTD.ŞTİ.;KÜÇÜKYALI İŞ MERKEZİ GİRNE MH.IRMAK SK.A BLOK NO:9 MALTEPE İSTANBUL;(216) 3662111;www.schunk.com;schunk.com;ÇİB - Çelik İhracatçıları Birliği
YEKPA MUHENDİSLİK PANO ELEKTRİK VE DANIŞMANLIK SANAYİ VE TİCARET LİMİTED ŞİRKETİ;İKİTELLİ OSB MAH. METAL-İŞ 11. BLOK SOKAK METAİL İŞ SANAYİ 11. BLOK NO=13/13 İKİTELLİ BAŞAKŞEHİR İSTANBUL;(212) 6711508;www.yekpamuhendislik.com;yekpamuhendislik.com;ÇİB - Çelik İhracatçıları Birliği
ONYX YAPI VE METAL MALZEMELER İTHALAT İHRACAT LİMİTED ŞİRKETİ;HADIMKÖY KAVŞAĞI 2312 SK BURÇ İSTANBUL KAT:21/188 ESENYURT İSTANBUL;(212) 9996910;www.onyxmetal.com.tr;onyxmetal.com.tr;ÇİB - Çelik İhracatçıları Birliği
META ENDÜSTRİYEL MUTFAK VE SOĞUTMA EKİPMANLARI SAN. TİC. LTD. ŞTİ.;YENİMAHALLE CEBECİ NO:74/A GAZİOSMANPAŞA İSTANBUL;(212) 6173035;www.metamutfak.com;metamutfak.com;ÇİB - Çelik İhracatçıları Birliği
KAREN ELEKTRİK VE ENDÜSTRİYEL ÜRÜNLER DIŞ TİCARET LİMİTED ŞİRKETİ;HALİL RIFAT PAŞA MAHALLESİ YÜZER HAVUZ SOKAK PERPA TİCARET MERKEZİ B BLOK NO:1/1/950 ŞİŞLİ İSTANBUL;(212) 9390757;karenelektrik.com.tr;karenelektrik.com.tr;ÇİB - Çelik İhracatçıları Birliği
IŞILDAK PLASTİK SANAYİ TİCARET LİMİTED ŞİRKETİ;BAĞLAR MAH. OSMANPAŞA CAD. NO: 26 KAT: 1 GÜNEŞLİ BAĞCILAR İSTANBUL;(212) 6512606;www.isildakplastik.com.tr;isildakplastik.com.tr;ÇİB - Çelik İhracatçıları Birliği
GARANTİ YAPI SANAYİ İÇ VE DIŞ TİCARET LİMİTED ŞİRKETİ;TURGUT REİS MAH. DOMOKRASİ NO.169/A SULTANBEYLİ İSTANBUL;(216) 4197318;www.plisseri.com;plisseri.com;ÇİB - Çelik İhracatçıları Birliği
CARİS DESIGN SANDALYE MASA SANAYİ VE DIŞ TİCARET LTD. ŞTİ.;HARAÇÇI MH HADIMKÖY YOLU CD NO:8 ARNAVUTKÖY İSTANBUL;(212) 6831373;www.caris.com.tr;caris.com.tr;ÇİB - Çelik İhracatçıları Birliği
BC GLOBAL İNŞAAT SANAYİ VE TİCARET ANONİM ŞİRKETİ;İSTANBUL CD. YENİ MAHALLE MAH.81/A KAT:2 BAKIRKÖY İSTANBUL;(212) 5435401;www.bcglobalinsaat.com;bcglobalinsaat.com;ÇİB - Çelik İhracatçıları Birliği
YENIAY HIDROLIK PNÖMATIK HIRDAVAT MAKINA SANAYI VE TICARET LIMITED SIRKETI;ÜMRANİYE YUKARI DUDULLUİMES SAN. SİT. 3 SOSYAL TESNO:22/A ÜMRANİYE İSTANBUL;(216) 4668773;www.yeniayhidrolik.com;yeniayhidrolik.com;ÇİB - Çelik İhracatçıları Birliği
NNG ENERJİ TEKNOLOJİ TAAHHÜT VE TİCARET LİMİTED ŞİRKETİ;KISIKLI MAHALLESİ İMAM ETHEM SOKAK NO:4 /1 PK:34692 ÜSKÜDAR İSTANBUL;(216) 5106962;www.nngenerji.com;nngenerji.com;ÇİB - Çelik İhracatçıları Birliği
NOYA VERA DIŞ TİCARET LTD.ŞTİ.;HURRIYET BULVARI 4/1 KAVALAPLAZA 504 KONAK İZMİR;02324467454;www.noyavera.com;noyavera.com;ÇİB - Çelik İhracatçıları Birliği
ATOS KİLİT ANONİM ŞİRKETİ;İKİTELLİ O.S.B. ESOT SAN. SİTESİ B BLOK NO:4 BAŞAKŞEHİR İSTANBUL;(212) 6702867;www.atoskilit.com.tr;atoskilit.com.tr;ÇİB - Çelik İhracatçıları Birliği
ASAL METAL SAN.TIC.LTD.STI.;İKİTELLİ ORG. SAN. BÖLGESİ ESKOOPSAN. SIT. C6 BLK NO.345 İKİTELLİ BAŞAKŞEHİR İSTANBUL;(212) 5498190;www.asalmetal.com;asalmetal.com;ÇİB - Çelik İhracatçıları Birliği
ETEKNİK OTOMASYON TİCARET LİMİTED ŞİRKETİ;HALİL RIFAT PAŞA MH YÜZER HAVUZ SK PERPA TİC MERKEZİ B BLOK KAT:11/1636-1637 ŞİŞLİ İSTANBUL;(212) 3208110;www.eteknik.com;eteknik.com;ÇİB - Çelik İhracatçıları Birliği
ACATAY TEKSTİL MALZEMELERİ İÇ VE DIŞ TICARET LİMİTED ŞİRKETİ;PORTAKAL CICEGI SOK ANSERA ISMRK NO 17/74 ÇANKAYA ANKARA;03124423289;www.acatay.com;acatay.com;ÇİB - Çelik İhracatçıları Birliği
İNTERNİ DIŞ TİC.LTD.ŞTİ.;DİKİLİTAŞ MAH. AYAZMA DERE CAD.MEDYA PLAZA K:7 BEŞİKTAŞ İSTANBUL;(212) 2414030;www.interni.com.tr;interni.com.tr;ÇİB - Çelik İhracatçıları Birliği
PİDOSAN KAPI VE PENCERE SAN. TİC. A.Ş.;ESKİ YUVA YOLU ÜZERİ 3702/1 SOKAK NO:8/2 İVEDİK YENİMAHALLE ANKARA;(312) 4441949;www.pidosan.com;pidosan.com;ÇİB - Çelik İhracatçıları Birliği
UZUNOĞLU PLASTİK SANAYİ VE TİCARET LİMİTED ŞİRKETİ;OSMANGAZI MAH.ALSANCAK CAD.NO:24 SAMANDIRA SANCAKTEPE İSTANBUL;(216) 3112064;www.uplast.com.tr;uplast.com.tr;ÇİB - Çelik İhracatçıları Birliği
SEZGİN METAL KARASÖR İNŞAAT NAKLİYAT SANAYİ VE TİCARET LTD.ŞTİ.;SULTAN ORHAN MAH. 1163 SOK.N.3 GEBZE KOCAELİ;(262) 6419517;www.sezginmetal.com.tr;sezginmetal.com.tr;ÇİB - Çelik İhracatçıları Birliği
SESA MEKATRONİK ENDÜSTRİYEL OTOM. VE KİMYA SAN. VE TİC. LTD. ŞTİ.;ŞEKERPINAR MAH.ÇELİK SOK. NO:8 ÇAYIROVA KOCAELİ;(262) 6580215;www.sesamekatronik.com.tr;sesamekatronik.com.tr;ÇİB - Çelik İhracatçıları Birliği
SALKIM METAL SAN.TIC.LTD.STI.;YAYLACIK MH. 43 SK. (470) NO:16/1-1 NİLÜFER BURSA;(224) 4824460;www.sevda.com.tr;sevda.com.tr;ÇİB - Çelik İhracatçıları Birliği
RONMİKRON MAKİNA MOBİLYA AKSESUARLARI VE DIŞ TİCARET LTD. ŞTİ.;İOSB MH PİK DÖKÜMCÜLER SAN SİT A1BLOK NO:5/1 İKİTELLİ BAŞAKŞEHİR İSTANBUL;(212) 5010600;www.ronmikron.com;ronmikron.com;ÇİB - Çelik İhracatçıları Birliği
SAVAŞ DÖŞEME MALZEMELERİ DIŞ TİCARET LİMİTED ŞİRKETİ;ORTA MAH. RIHTIM SK NO :8 BAYRAMPAŞA İSTANBUL;(212) 5019961;www.bomeks.com;bomeks.com;ÇİB - Çelik İhracatçıları Birliği
TAVASAN ENDÜSTRİYEL KAPLAMA SAN .VE TİC. LTD. ŞTİ.;SEYRANTEPE MAH YILDIZ SK NO:7B KAĞITHANE İSTANBUL;(212) 2813811;www.tavasankaplama.com;tavasankaplama.com;ÇİB - Çelik İhracatçıları Birliği
ZEUS ULUSLARARASI TAŞIMACILIK İNŞ.VE DIŞ TİC. LTD ŞTİ;ABDURRAHMANGAZİ MAH.BOSNA BLV NO:7/11 SULTANBEYLİ İSTANBUL;(216) 5920573;www.zeusnakliyat.com.tr;zeusnakliyat.com.tr;ÇİB - Çelik İhracatçıları Birliği
LABNETWORK LABORATUVAR ÇÖZÜMLERİ ANONİM ŞİRKETİ;KAZIMDİRİK MAH.ÜNİVERSİTE CAD.NO:116/12 BORNOVA İZMİR;(232) 5031135;www.labnetwork.com.tr;labnetwork.com.tr;ÇİB - Çelik İhracatçıları Birliği
KAL-MET KALİTE METAL DÖK.MAK.MALZ.VE DAN.TİC.LTD.ŞTİ;1.O.S.B DÖKÜMCÜLER SİT.196.SOK(ESKİ 13.SOK.)NO:156 SİNCAN ANKARA;(312) 2670547;www.kalmet.net;kalmet.net;ÇİB - Çelik İhracatçıları Birliği
ALCAS METAL SANAYİ ANONİM ŞİRKETİ;CUMHURİYET MH KAYA MİLENYUM PLAZA KAT:7 NO:139 BÜYÜKÇEKMECE İSTANBUL;(212) 5508788;www.alcas.com.tr;alcas.com.tr;ÇİB - Çelik İhracatçıları Birliği
ACRE KABİN AKS.SAN. VE DIŞ TİC.LTD.ŞTİ.;SANAYİ MH. DEĞİRMEN SK NO:4 KAT:1 GÜNGÖREN İSTANBUL;(212) 5070800;www.acre.com.tr;acre.com.tr;ÇİB - Çelik İhracatçıları Birliği
ATÖLYETRİO MOBİLYA METAL DEMİR ÇELİK İTHALAT İHRACAT SANAYİ VE TİCARET LTD.ŞTİ.;K.BALIKLI MAH. 578.SK N:20/1 OSMANGAZİ BURSA;(224) 4536070;www.gulecpaslanmaz.com;gulecpaslanmaz.com;ÇİB - Çelik İhracatçıları Birliği
BİLEN ALÜMİNYUM SANAYİ VE TİCARET LİMİTED ŞİRKETİ;YAMANEVLER MAH. AYFER SOK. NO.62/A ÜMRANİYE İSTANBUL;(216) 4128923;www.bilenpen.com.tr;bilenpen.com.tr;ÇİB - Çelik İhracatçıları Birliği
C K DIŞ TİCARET LTD.ŞTİ.;HAMİDİYE MAH. ULUBATLI HASAN CAD. NO:54/6 ÇEKMEKÖY İSTANBUL;(216) 3640065;www.karamannaturalstone.com;karamannaturalstone.com;ÇİB - Çelik İhracatçıları Birliği
ENES IŞIKLANDIRMA SİSTEMLERİ CAM DEKORASYON SANAYİ VE DIŞ TİCARET LİMİTED ŞİRKETİ;KARAYOLLARI MAH.647.SOK.N.10 A GAZİOSMANPAŞA İSTANBUL;(212) 0000000;https://enesavize.com;enesavize.com;ÇİB - Çelik İhracatçıları Birliği
KUP REKLAM VE YAPI URUN.VE TIC LTD.STI.;BÜYÜKBAKKALKÖY MH.FERHATPAŞA YOLU SK.NO:97/2 MALTEPE 34758 İSTANBUL, MALTEPE, TÜRKİYE MALTEPE İSTANBUL;(216) 3659656;www.kupreklam.com.tr;kupreklam.com.tr;ÇİB - Çelik İhracatçıları Birliği
NET MAK METAL MAKINA SANAYI VE TICARET LTD.STI.;FATİH SULTAN MEHMET MAH.GÖKÇİN SOK. NO:6 ÜMRANİYE İSTANBUL;02163642400;www.netmak.com.tr;netmak.com.tr;ÇİB - Çelik İhracatçıları Birliği
ULUS YAPI MALZ.VE INS.TAAH. TIC.A.Ş.;GÜLBAHAR MAH. SALİH TOZAN SOK. NO:13 İYİGÜN İŞ MERKZ. K:2 ESENTEPE ŞİŞLİ İSTANBUL;(212) 2742626;www.ulusyapi.com;ulusyapi.com;ÇİB - Çelik İhracatçıları Birliği
ŞEN ZİNCİR SANAYİ VE TİCARET LTD. ŞTİ.;SANCAKLI CAD. GÜVENÇ SOK. UĞUR HAN NO:37 GÜNGÖREN İSTANBUL;(212) 5061046;www.senzincir.com;senzincir.com;ÇİB - Çelik İhracatçıları Birliği
YAMATA YATIRIM İNŞAAT TURİZM VE TİC. AŞ;ÇUBUKLU MAH. ORHANVELI KANIK CAD. NO:11 BEYKOZ İSTANBUL;(216) 5380300;www.yamata.com.tr;yamata.com.tr;ÇİB - Çelik İhracatçıları Birliği
MAXPREFABS YAPI MİMARLIK TİCARET LİMİTED ŞİRKETİ;TOPSELVİ MAHALLESİ EDANUR SOK NO:2 DAİRE 155TERAS KULE 1 KARTAL İSTANBUL;(216) 5159070;http://www.maxprefabs.com;maxprefabs.com;ÇİB - Çelik İhracatçıları Birliği
MERT TEKNİK FABRİKA MALZEMELERİ TİC. VE SAN. A. Ş.;Y.DUDULLU ORG. SAN. BÖLGESİ 1.CAD. NO:9 YUKARIDUDULLU ÜMRANİYE İSTANBUL;02122528434;www.mert.com;mert.com;ÇİB - Çelik İhracatçıları Birliği
GÜRSAN TEKNİK HİZMETLER A.Ş.;GÜMÜŞSUYU MAHALLESİ İNÖNÜ CADDESİ MARMARA APARTMANNO:45/5 BEYOĞLU İSTANBUL;(212) 2925750;http://www.gursanteknik.com;gursanteknik.com;ÇİB - Çelik İhracatçıları Birliği
GEMAŞ GENEL MÜHENDİSLİK MEKANİK SANAYİ TİCARET ANONİM ŞİRKETİ;MİMAR SİNAN MAH. YASEMİN SOK. NO:16 KEMERBURGAZ EYÜP İSTANBUL;(212) 3219230;www.gemas.com.tr;gemas.com.tr;ÇİB - Çelik İhracatçıları Birliği
KIRAÇ ENERJİ PAZARLAMA LİMİTED SIRKETI;75.YIL OSB MAHALLESİ, ŞEHİTLER BULVARI, NO:21 ODUNPAZARI/ESKİŞEHİR ODUNPAZARI ESKİŞEHİR;(222) 2361500;http://www.kiracmetal.com;kiracmetal.com;ÇİB - Çelik İhracatçıları Birliği
CANCAN MEYVE PRESLERİ SANAYİ VE TİCARET LTD. ŞTİ.;YEŞİLTEPE MAHALLESİ 8030 SOKAK NO:15ERENLER Merkez SAKARYA;(264) 2914944;www.cancanmakina.com;cancanmakina.com;ÇİB - Çelik İhracatçıları Birliği
DINC MAKINA LAB.TEST.CIH.IML. ITH.VE IHR.SAN.VE TIC.LTD.STI.;G.SUYU CAD.ÇIFTE HAVUZLARYOLU ERGUN SAN SIT.NO:81 İSTANBUL;02124822520;www.dincmakina.com.tr;dincmakina.com.tr;ÇİB - Çelik İhracatçıları Birliği
ALUMİNEX ALÜMİNYUMSANAYİ VE TİCARET LİMİTED ŞİRKETİ;ERENLER MAH. 1244 SOK. NO:7 ERENLER SAKARYA;(264) 0000000;http://www.aluminex.com.tr;aluminex.com.tr;ÇİB - Çelik İhracatçıları Birliği
METRİKS GAZ VE SU ARMATÜRLERİ SANAYİ VE TİCARET LİMİTED ŞİRKETİ;ORGANİZE SANAYİ BÖLGESİ 17.CADDE NO:1 SULTANDERE MAH ODUNPAZARI ESKİŞEHİR;(222) 2368448;www.metrix.com.tr;metrix.com.tr;ÇİB - Çelik İhracatçıları Birliği
TİMON TOPLU TÜKETİM SANAYİ VE TİCARET ANONİM ŞİRKETİ;ZİYA GÖKALP MAH. İKİTELLİ ORG. SANAYİ BÖL. ESKİTURGUT ÖZAL CAD. NO:4 B BLOK 104-105 BAĞCILAR İSTANBUL;(212) 6590659;www.timon.com.tr;timon.com.tr;ÇİB - Çelik İhracatçıları Birliği
TETAŞ İÇ VE DIŞ TİCARET ANONİM ŞİRKETİ;AKÇABURGAZ MAH.3047.SOK.N:2 ESENYURT İSTANBUL;(212) 8669000;www.tetas.com.tr;tetas.com.tr;ÇİB - Çelik İhracatçıları Birliği
ATANUR ULUSLARARASI TİCARET LİMİTED ŞİRKETİ;MERKEZ MH MARMARA CD OZAN BAĞCILAR İS MERKEZİ NO:29/48 AVCILAR İSTANBUL;(000) 0000000;www.atanurmetallurgy.com;atanurmetallurgy.com;ÇİB - Çelik İhracatçıları Birliği
DEYIM DIŞ TIÇ. VE PAZ. A.Ş.;HADIMKÖY YOLU 4. KM ÖMERLIMEVKII ARNAVUTKÖY İSTANBUL;02127982762;www.deyim.com.tr;deyim.com.tr;ÇİB - Çelik İhracatçıları Birliği
DEMES KABLO SANAYİ VE TİCARET ANONİM ŞİRKETİ;OSMANGAZİ MAH. MAREŞAL FEVZİ ÇAKMAK CAD.N:19 ESENYURT İSTANBUL;02126894900;www.demes.com;demes.com;ÇİB - Çelik İhracatçıları Birliği
ÇALIŞKAN ALİMİNYUM VE AKSESUAR SANAYİİ TİCARET LİMİTED ŞİRKETİ;HÜRRİYET MH DR. CEMİL BENGÜ CD. YURT SK NO:4 KAĞITHANE İSTANBUL;(212) 2243887;www.caliskanaluminyum.com;caliskanaluminyum.com;ÇİB - Çelik İhracatçıları Birliği
ENERJİ MARKET ENDÜSTRİYEL EKİPMANLAR SAN. VE TİC.LTD.ŞTİ.;AŞAĞI DUDULLU MAH. CAMİ CAD. NO:39/A ÜMRANİYE İSTANBUL;(216) 3769574;www.enerjimak.com;enerjimak.com;ÇİB - Çelik İhracatçıları Birliği
BI-SU ALUMINYUM VE PVC SANAYI TICARET LİMİTED ŞİRKETİ;KARAYOLLARI MAH.559 SK.NO:24 GAZİOSMANPAŞA GAZİOSMANPAŞA İSTANBUL;(212) 6535301;www.bi-su.com;bi-su.com;ÇİB - Çelik İhracatçıları Birliği
MATEK ALÜMİNYUM İNŞAAT VE DANIŞMANLIK ANONİM ŞİRKETİ;MALTEPE MH FATİH ŞEHİTLERİ SK NO:4/1 ZEYTİNBURNU İSTANBUL;(212) 5012728;www.matekgrup.com;matekgrup.com;ÇİB - Çelik İhracatçıları Birliği
MD KALIP MAKİNA ENDÜSTRİYEL TASARIM SANAYİ ANONİM ŞİRKETİ;ADNAN KAHVECİ MAH. ÇELİK SOKAK NO:4/1 GÜRPINAR BEYLİKDÜZÜ İSTANBUL;(212) 8551388;www.mdkalip.com;mdkalip.com;ÇİB - Çelik İhracatçıları Birliği
YALIM KAZAN ISI MAKINA SAN VE TIC.LTD.STI;YENİDOĞAN MAH. NUMUNEBAĞ CAD. NO:74/89 NUMUNEBAĞ BAYRAMPAŞA İSTANBUL;(212) 5440476;www.yalinkazan.com;yalinkazan.com;ÇİB - Çelik İhracatçıları Birliği
MBS MEKATRONIK VE LOJISTIK SANAYI TICARET ANONIM ŞİRKETİ;SULTANORHAN MAH.HASKÖY SANAYİ SİTESİB10 BLOK NO:1 GEBZE GEBZE KOCAELİ;(262) 6441867;www.gebzetransteknik.com;gebzetransteknik.com;ÇİB - Çelik İhracatçıları Birliği
DENİZ HİDROLİK PNOMATİK MAK. SAN. TİC. LTD. ŞTİ.;İKİTELLİ ORG. SAN. BÖL. GÜNGÖREN SAN. SİT. ÇARŞI ZEMİN NO:110 İKİTELLİ BAŞAKŞEHİR İSTANBUL;(212) 6719026;www.denizhidrolik.com;denizhidrolik.com;ÇİB - Çelik İhracatçıları Birliği
BEYTEKNİK REKLAM İNŞAAT BİLGİSAYAR SAĞLIK HİZMETLERİ TURİZM SANAYİ VE TİCARET LTD.ŞTİ.;YENİ YALOVA YOLU SÖNMEZ HOLDİNG TESİSLERİ İÇİ NO.500 OSMANGAZİ BURSA;(224) 2154544;www.beyteknik.com;beyteknik.com;ÇİB - Çelik İhracatçıları Birliği
MAXRAY KİMYA SANAYİ VE TİCARET LİMİTED ŞİRKETİ;MİMAR SİNAN MAH. ÜSKÜDAR CAD. YEDPA NO:1F CAD. İÇ KAPI NO:2 ATAŞEHİR İSTANBUL;(850) 3070447;http://maxray.com.tr;maxray.com.tr;ÇİB - Çelik İhracatçıları Birliği
MUSTAFA ETLİ;MEYDAN KAVAĞI MH. PERGE CD.YEŞIL SIT.ABLOK 32/1 MURATPAŞA ANTALYA;02423125255;www.inkayapi.net;inkayapi.net;ÇİB - Çelik İhracatçıları Birliği
KENTKART SİSTEM ELEKTRONİK ANONİM ŞİRKETİ;GÜMÜŞSUYU MAH. MUHTAR KAMİL SK.BASMACI BINASI NO: 3 İÇ KAPI NO: 1 BEYOĞLU İSTANBUL;(212) 0000000;http://kentkart.com;kentkart.com;ÇİB - Çelik İhracatçıları Birliği
KÖSEDAĞ TEL ÖRME-ÇİT SANAYİ VE TİCARET İTHALAT İHRACAT ANONİM ŞİRKETİ;İST. TUZLA ORGANİZE SAN. BÖL. 2 NOLU CAD. NO:1 TEPEÖREN TUZLA İSTANBUL;(216) 5932400;www.kosedag.com.tr;kosedag.com.tr;ÇİB - Çelik İhracatçıları Birliği
ZAFER TAAHHÜT İNŞAAT VE TİCARET ANONİM ŞİRKETİ;100.YIL MAH. HATIR SK. NO:20 GAZİOSMANPAŞA(GOP) ÇANKAYA ANKARA;(312) 4470070;www.zafer.com.tr;zafer.com.tr;ÇİB - Çelik İhracatçıları Birliği
ROK ENERJİ VE MÜHENDİSLİK A.Ş.;ESENTEPE MAH. MİLANGAZ CAD. DUMANKAYA VİZYON BULV.NO:77 D BLOK D:16 KARTAL İSTANBUL;(216) 5115958;www.roktr.com;roktr.com;ÇİB - Çelik İhracatçıları Birliği
TUVATEK ENDÜSTRİ VE MİMARİ ÜRÜNLER TİCARET ANONİM ŞİRKETİ;19 MAYIS MAHALLESİ HALASKARGAZİ CADDESİ NO:172-224 ŞİŞLİ İSTANBUL;;http://www.tuvatek.com;tuvatek.com;ÇİB - Çelik İhracatçıları Birliği
STUDİO 3 MİMARLIK MÜHENDİSLİK İNŞAAT VE TİCARET LİMİTED ŞİRKETİ;ÖMER AVNİ MAH. İNEBOLU SOK. NO 53 DAİRE 3 BEYOĞLU İSTANBUL;(212) 0000000;http://info@studio3mimarlik.com;info@studio3mimarlik.com;ÇİB - Çelik İhracatçıları Birliği
EMSAN MUHENDISLIK ELEKT.VE MAKINA SAN.VE TIC.LTD.STI.;ÜÇEVLER MAH. AKVA SAN. SITESINİLÜFER TİC. MERKEZ YANI NO.79/1 NİLÜFER BURSA;(224) 4416181;www.emsanmuhendislik.com.tr;emsanmuhendislik.com.tr;ÇİB - Çelik İhracatçıları Birliği
ENTEK OTOMASYON URUNLERI SAN VE TIC.A.Ş;DERSAN B BLOK NO:1/111-112 İKİTELLİ OSB MAH BAŞAKŞEHİR, İSTANBUL, TÜRKİYE BAŞAKŞEHİR İSTANBUL;;www.entek.com.tr;entek.com.tr;ÇİB - Çelik İhracatçıları Birliği
HATİPOĞLU HIRDAVAT SANAYİ VE TİCARET LİMİTED ŞİRKETİ;SEYRANTEPE MH ALTINAY CD NO:18A KAĞITHANE İSTANBUL;(212) 2836112;www.hatipoglultd.com.tr;hatipoglultd.com.tr;ÇİB - Çelik İhracatçıları Birliği
SO-TEC KUYUMCULUK MAK.SAN.VE PAZARLAMA LTD.STI.;EMINSINAN M.GEDIKPASA HAMAM CD. NO.5 D.2-3 SULTANAHMET FATİH İSTANBUL;(212) 4588902;www.sotecmakina.com;sotecmakina.com;ÇİB - Çelik İhracatçıları Birliği
RUME ELEKTRİK MÜHENDİSLİK OTOMOTİV İNŞAAT SANAYİ VE TİCARET ANONİM ŞİRKETİ;ODUNLUK MAH.İBRAHİM İŞSEVENLER CAD. NO:12 NİLÜFER BURSA;(224) 4412226;http://www.rume.com.tr;rume.com.tr;ÇİB - Çelik İhracatçıları Birliği
PLANAS ALÜMİNYUM LİMİTED ŞİRKETİ;ORHANGAZİ MH MİMSAN SAN SİT 1725 SK NO:102 ESENYURT İSTANBUL;;http://www.planas.com.tr;planas.com.tr;ÇİB - Çelik İhracatçıları Birliği
NHS DIŞ TİC. LTD.ŞTİ.;YENİBOSNA MERKEZ MH DEĞİRMENBAHÇE CD NO:17 A1B KAT:13 D:122 YENİBOSNA BAHÇELİEVLER İSTANBUL;(212) 5732627;www.nhs.com.tr;nhs.com.tr;ÇİB - Çelik İhracatçıları Birliği
NORM PVC AKSESUARLARI SANAYİ DIŞ TİCARET LİMİTED ŞİRKETİ;BEYLİKDÜZÜ OSB MERMERCİLER SAN SİT 9.CD NO:17 BEYLİKDÜZÜ İSTANBUL;(212) 5494896;www.normpvc.com;normpvc.com;ÇİB - Çelik İhracatçıları Birliği
ESRA ALAÇAM;19 MAYIS MH. KAMER SOKAĞI NO:11/A BÜYÜKÇEKMECE İSTANBUL;(212) 8823532;www.elitcam.com;elitcam.com;ÇİB - Çelik İhracatçıları Birliği
ANEL ELEKTRIK PROJE TAAH.VE TICARET A.S.;INKILAP MAH. SITE YOLU SOK. NO:5/4 ÜMRANİYE İSTANBUL;(216) 6362000;www.anel.com.tr;anel.com.tr;ÇİB - Çelik İhracatçıları Birliği
ASYALI PLASTİK HAVUZ MALZ. İML. İNŞ. TAAH. İTH. İHR. PAZ. SAN. TİC. LTD. ŞTİ.;İ.O.S.B. İPKAS SANAYİ SİTESİ 13A BLOK NO:33-35 İKİTELLİ BAŞAKŞEHİR İSTANBUL;(212) 4856516;www.asyaliplastik.com;asyaliplastik.com;ÇİB - Çelik İhracatçıları Birliği
ARMA YAPI SİSTEMLERİ SANAYİ VE TİCARET ANONİM ŞİRKETİ;BAŞAKŞEHİR MH SÜLEYMAN ÇELEBİ CD ARTERİUM E BLOK NO:22V DÜKKAN NO:18 BAŞAKŞEHİR İSTANBUL;(212) 4851801;www.arma-yapi.com.tr;arma-yapi.com.tr;ÇİB - Çelik İhracatçıları Birliği
COŞKUN KAUÇUK SAN. VE TİC. A.Ş.;İKİTELLİ OR. SAN. BÖL. MUTFAKÇILARSİT. 8 BLK. NO.43-45 İKİTELLİ BAŞAKŞEHİR İSTANBUL;(212) 6716490;www.coskunkaucuk.com.tr;coskunkaucuk.com.tr;ÇİB - Çelik İhracatçıları Birliği
DEPAR RAF MAĞAZA EKIPMANLARI VE REK.HİZ.SAN.TİC.LTD.ŞTİ.;AKŞEMSETTİN MAH. ATATÜRK CAD. KÜBRA SOK NO 2/2 SULTANBEYLİ İSTANBUL;(216) 4870235;www.deparraf.com;deparraf.com;ÇİB - Çelik İhracatçıları Birliği
EKSEN MÜHENDİSLİK ELEKTRİK SANAYİ VE DIŞ TİCARET ANONİM ŞİRKETİ;ŞERİFALİ MAH. HATTAT SOKAK NO:18EKSEN PLAZA ŞERİFALİ 34775 ÜMRANİYE ŞİŞLİ İSTANBUL;(212) 5041744;www.eksproof.com;eksproof.com;ÇİB - Çelik İhracatçıları Birliği
FM TRAFİK GÜVENLİK TEKNOLOJİ SANAYİ VE TİCARET LİMİTED ŞİRKETİ;MAHMUTBEY MAH. 2445. SOK. NO:69-71 (İSTOÇ 24.ADA) BAĞCILAR İSTANBUL;(212) 9091228;www.trafikgerecleri.com;trafikgerecleri.com;ÇİB - Çelik İhracatçıları Birliği
İNTERGRUP PLASMEK PLASTİK MAKİNALARI SANAYİ VE TİCARET LİMİTED ŞİRKETİ;DERİ OSB MAH. KROM CAD. NO:3 TUZLA İSTANBUL;;www.plasmek.com.tr;plasmek.com.tr;ÇİB - Çelik İhracatçıları Birliği
SİS-TEK SİSTEM MÜHENDİSLİK TEKNOLOJİ TİC. VE SAN. A. Ş.;GİRNE MAH.IRMAK SAK.MALTEPE KÜÇÜKYALI İ MERK.A-BLOK NO:24 ZÜMRÜTEVLER MALTEPE İSTANBUL;02163841927;www.sistekcold.com;sistekcold.com;ÇİB - Çelik İhracatçıları Birliği
TRANSKLİMA SOĞUTMA MAKİNALARI SAN. VE TİC. A.Ş.;MEŞRUTİYET MAH. ABİDE-İ HÜRRİYET CD. ŞEHİT AHMET SK. MECİDİYEKÖY İŞ MERK. KAT:6 NO:87 MEŞRUTİYET ŞİŞLİ İSTANBUL;02122112149;www.transklima.com;transklima.com;ÇİB - Çelik İhracatçıları Birliği
VENTA ENERJİ LİMİTED ŞİRKETİ;İNÖNÜ MAH. TOLGA CAD. NO:44/A-B KÜÇÜKÇEKMECE İSTANBUL;(212) 5488812;www.ventaenerji.com;ventaenerji.com;ÇİB - Çelik İhracatçıları Birliği
WORLD MEDICINE İLAÇ SANAYİ VE TİCARET ANONİM ŞİRKETİ;GÜNEŞLİ EVREN MAH. CAMİİ YOLU CADDESİNO:50 KAT 1B ZEMİN:4-5-6 GÜNEŞLİ BAĞCILAR İSTANBUL;(212) 4747050;www.worldmedicine.com.tr;worldmedicine.com.tr;ÇİB - Çelik İhracatçıları Birliği
GETS GENEL ENDÜSTRİYEL TEKNİK SERVİS SAN. VE TİC. LTD. ŞTİ.;TRAFO SOKAK NO 34 DAİRE2 BAHÇELİEVLER ÜSKÜDAR İSTANBUL;(216) 2011008;http://www.getsmuhendislik.com;getsmuhendislik.com;ÇİB - Çelik İhracatçıları Birliği
AG BAĞLANTI ELEMANLARI HIRDAVAT SAN. VE TİC. LTD ŞTİ.;DEMİRCİ MH DOĞAN CD NO:10B NİLÜFER BURSA;(224) 0000000;www.agbaglanti.com;agbaglanti.com;ÇİB - Çelik İhracatçıları Birliği
AKPEN PLASTİK PENCERE AKSESUARLARI NAKLİYE SANAYİ İÇ VE DIŞ TİCARET ANONİM ŞİRKETİ;HADIMKÖY MH UÇURTMA SK NO:6 ARNAVUTKÖY İSTANBUL;(212) 7983434;www.akpennew.com;akpennew.com;ÇİB - Çelik İhracatçıları Birliği
DUSTON KİMYA SAN. VE TİC. LTD. ŞTİ.;İST DERİ ORG. SAN. BÖL. KADİFE CAD.NO:12 K:1/2 U 16 C PARSEL TUZLA İSTANBUL;(216) 3042453;www.duston.com.tr;duston.com.tr;ÇİB - Çelik İhracatçıları Birliği
EYFEL KOZMETİK ANONİM ŞİRKETİ;ORTA MAH. 30 AĞUSTOS CAD. NO: 53 TUZLA İSTANBUL;(216) 3563456;www.eyfelparfum.com.tr;eyfelparfum.com.tr;ÇİB - Çelik İhracatçıları Birliği
PERPAEXPO ELEKTRONİK ANONİM ŞİRKETİ;HALİL RIFAT PAŞA MAH.YÜZER HAVUZ SK.PERPA TİC. MERB BLOK NO: 1/1 İÇ KAPI NO: 2388 ŞİŞLİ İSTANBUL;(212) 2220141;http://www.perpaexpo.com.tr;perpaexpo.com.tr;ÇİB - Çelik İhracatçıları Birliği
PARLAR PLASTİK SAN. VE TİC.LTD.ŞTİ.;EVREN SAN.SİT. 19.BLOK NO:10 BÜYÜKÇEKMECE İSTANBUL;;www.parlarplastik.com;parlarplastik.com;ÇİB - Çelik İhracatçıları Birliği
NUR GIDA SANAYİ VE DIŞ TİCARET LİMİTED ŞİRKETİ;KAVAKLI MAH KIBLE SK. N:11 SİLİVRİ İSTANBUL;(212) 5165429;www.laracosmetic.com;laracosmetic.com;ÇİB - Çelik İhracatçıları Birliği
ORTOTEK PROTEZ ORTEZ REHABİLİTASYON MERKEZİ ANONİM ŞİRKETİ;ÖN CEBECİ MAH. ZİYA GÖKALP CAD. NO: 68 İÇ KAPI NO: 21 ÇANKAYA ANKARA;03124301830;www.orthonom.com;orthonom.com;ÇİB - Çelik İhracatçıları Birliği
MCA MÜHENDİSLİK SAN.VE DIŞ TİC.LTD.ŞTİ.;İMES SANAYİ SİTESİ E BLOK 503. SOKAK NO:48 DUDULLU OSB 34776 ÜMRANİYE, İSTANBUL, TÜRKİYE ESENŞEHİR ÜMRANİYE İSTANBUL;(216) 3146044;www.mcaindustry.com;mcaindustry.com;ÇİB - Çelik İhracatçıları Birliği
GASTROİNOKS DIŞ TİCARET LTD. ŞTİ.;SAHRAYICEDİT MAHALLESİ ADİLE NAŞİT SOKAK NO:4-A KADIKÖY İSTANBUL;(216) 5509875;www.gastroinoks.com.tr;gastroinoks.com.tr;ÇİB - Çelik İhracatçıları Birliği
HİDRO ENERJİ ELEKTRİK ÜRETİM SANAYİ A.Ş;BARBAROS MAH. BAŞAK CENGİZ SK. VAR.MER.SİT. V4 BL.NO:1D ATAŞEHİR İSTANBUL;(216) 4741474;www.odasenerji.com.tr;odasenerji.com.tr;ÇİB - Çelik İhracatçıları Birliği
IGO PVC ALÜMINYUM SANAYI VE DIS TICARET LIMITED SIRKETI;KAVACIK MH ÖGE SK NO:29A BEYKOZ İSTANBUL;(216) 0000000;www.igopvc.com;igopvc.com;ÇİB - Çelik İhracatçıları Birliği
TERCİH ALÜMİNYUM SİSTEMLERİ SANAYİ VE TİCARET LTD. ŞTİ.;FERHATPAŞA MAH 49.SK NO:9 ATAŞEHİR İSTANBUL;(216) 7843622;www.tercihaluminyum.com;tercihaluminyum.com;ÇİB - Çelik İhracatçıları Birliği
YON FREN TEKNIK SAN.VE TIC A.S.;İÇMELER MAH. FIRAT SOK. NO:6/B-1 TUZLA İSTANBUL;(216) 3942920;www.yonteknik.com;yonteknik.com;ÇİB - Çelik İhracatçıları Birliği
TESKON TESİSAT İNŞ.PEYZAJ SAN.VE TİC.LTD.ŞTİ.;ATATÜRK MAH.SUİŞ CAD. NO.33/2 ÜMRANİYE İSTANBUL;(216) 4619428;www.sulamamarket.com;sulamamarket.com;ÇİB - Çelik İhracatçıları Birliği
TRILOGIQ METAL VE KİMYA ÜRÜNLERİ İÇ VE DIŞ TİC. LTD. ŞTİ.;ATAYOLU CAD.EKŞİOĞLU ERDEM SAN.SİT.F/4 BLOK ORHANLI TUZLA İSTANBUL;(216) 4822007;www.trilogiq.com;trilogiq.com;ÇİB - Çelik İhracatçıları Birliği
RPS OTOMASYON SAN. VE TİC. A.Ş.;ÇAĞLAYAN MAH.PARK CAD.N:10İÇ KAPI NO:10 KAĞITHANE İSTANBUL;(212) 3154100;www.rpsturkey.com;rpsturkey.com;ÇİB - Çelik İhracatçıları Birliği
MUTAŞ CİVATA SAN. VE TİC. LTD. ŞTİ.;KURTKÖY SAN.MAH.YILMAZ SOK.NO:14 PENDİK İSTANBUL;(216) 5950675;www.mutascivata.com;mutascivata.com;ÇİB - Çelik İhracatçıları Birliği
MAKPAR YEDEK PARÇA MALZEMELERİ SANAYİ İÇ VE DIŞ TİC.LTD.ŞTİ.;FATİH MH 202 SK NO:43A ESENLER İSTANBUL;(000) 0000000;www.makpar-ltd.com;makpar-ltd.com;ÇİB - Çelik İhracatçıları Birliği
ONUR YAPI VE END.ÜRN.SAN.TİC.LTD.ŞTİ.;EVLİYA ÇELEBİ MAH. RAUF ORBAY CAD.NO:13/A TUZLA İSTANBUL;(216) 3952108;www.onur-yapi.com.tr;onur-yapi.com.tr;ÇİB - Çelik İhracatçıları Birliği
PATIRER DIŞ TİCARET ANONİM ŞİRKETİ;PATIRER DIŞ TİCARET ANONİM ŞİRKETİDEĞİRMEN İŞ HANI KAT:2 BÜRO: 207 OSMANGAZİ BURSA;(224) 4089774;https://patirer.com/;patirer.com;ÇİB - Çelik İhracatçıları Birliği
POLAR SPA İNŞAAT TURİZM VE GIDA İTHALAT VE İHRACAAT TİCARET LİMİTED ŞİRKETİ;TESTİCİKIRI MEVKİİÇAN YOLU CAD. BİZİM GIDA GRUP NO23/2 IŞIKLAR KÖYÜ MERKEZ ÇANAKKALE;(286) 0000000;http://polarspa.eu;polarspa.eu;ÇİB - Çelik İhracatçıları Birliği
EGARD ENDÜSTRIYEL ÇÖZÜMLER MAKINA SANAYI VE TICARET LIMITED SIRKETI;ORUCREİS MH TEKSTİLKENT CD ÇARŞI BLOK NO:10 U İÇ KAPI NO:100/101 ESENLER İSTANBUL;(212) 8128682;www.egardend.com;egardend.com;ÇİB - Çelik İhracatçıları Birliği
ER METAL TIBBİ CİHAZ PAZARLAMA İMALAT SAN. İÇ VE DIŞ TİC. LTD. ŞTİ.;ÇANKIRI BULVARI 8.KM NO:119 AKYURT ANKARA;(312) 3486406;www.ermetaldental.com;ermetaldental.com;ÇİB - Çelik İhracatçıları Birliği
ELSİS ELEKTRİK A.Ş.;ESENŞEHİR MAH.ATILIM SOK.NO:19/A GİRİŞ KAT ÜMRANİYE İSTANBUL;(216) 4669803;www.elsiselektrik.com.tr;elsiselektrik.com.tr;ÇİB - Çelik İhracatçıları Birliği
AVRUPA TAÇ GRUP REKLAM ÜRÜNLERI SANAYI VE TICARET LIMITED SIRKETI;İKİTELLİ OSB MAH. ATATÜRK BUL. M. ÇAKICI İŞ MERKEZNO: 68I İÇ KAPI NO: 68I BAŞAKŞEHİR BAŞAKŞEHİR İSTANBUL;(212) 6700100;http://www.tacgrupreklam.com;tacgrupreklam.com;ÇİB - Çelik İhracatçıları Birliği
BOZANKAYA RAYLI SİSTEMLER ANONİM ŞİRKETİ;SARAY MAH. FATİH SULTAN MEHMET BULVARI NO: 414 SARAY KAHRAMANKAZAN ANKARA;(312) 2671141;http://www.bozankaya.com.tr;bozankaya.com.tr;ÇİB - Çelik İhracatçıları Birliği
BULUT MAKİNA ASANSÖR SANAYİ VE TİCARET LİMİTED ŞİRKETİ;ŞEKERPINAR MAH.YANYOL SOK.NO:9/1 ÇAYIROVA/KOCAELİ ŞEKERPINAR 41420 ÇAYIROVA, KOCAELİ, TÜRKİYE ÇAYIROVA KOCAELİ;(216) 3945050;www.bulutmakina.com;bulutmakina.com;ÇİB - Çelik İhracatçıları Birliği
NDT DEDEKTÖR TEKNOLOJİLERİ ELEKT.DIŞ TİC. VE SAN. LTD.ŞTİ.;AYDINLI-KOSB MAH. ORGANİK CAD. NO:5 TUZLA İSTANBUL;(216) 4155686;www.noktadedektor.com;noktadedektor.com;ÇİB - Çelik İhracatçıları Birliği
FORPAR OTOMOTİV İTH. İHR. VE MÜMESSİLLİK LTD. ŞTİ.;ESENTEPE MAH.CEVİZLİ D 100 GÜNEY YAN YOL CD. DUMANKAYA VİZYON İŞ YERİ D BLOK NO:13/6 KARTAL İSTANBUL;(216) 9998780;www.forpar.com.tr;forpar.com.tr;ÇİB - Çelik İhracatçıları Birliği
SAFİRA OTOM.İNŞ.TURZ.GIDA SAN.TİC.LTD.ŞTİ.;BARIŞ MAH. MEHMETÇİK CAD. NO:2/4 6A BLOK KAT:7 D:37 WESTSIDE 2 BEYLİKDÜZÜ İSTANBUL;(212) 5148032;www.safiraotomotiv.com.tr;safiraotomotiv.com.tr;ÇİB - Çelik İhracatçıları Birliği
REDSTAR HAVACILIK HİZMETLERİ ANONİM ŞİRKETİ;KURTKÖY MAH. BAŞKALE SSABİHA GÖKÇEN ULUSLARARASI HAVALİMANI APRON A KAPISI REDSTARK. NO:2/4 PK:3491234906 PENDİK / İSTANBUL / TÜRKİYE PENDİK İSTANBUL;(216) 7091772;www.redstar.com.tr;redstar.com.tr;ÇİB - Çelik İhracatçıları Birliği
STARKE MAĞAZA MARKET EKİPMANLARI SAN.VE TİC.LTD.ŞTİ.;KARAAĞAÇ MH YİĞİTTÜRK CD NO:36/1/3 BÜYÜKÇEKMECE İSTANBUL;(212) 8643064;www.starkeraf.com;starkeraf.com;ÇİB - Çelik İhracatçıları Birliği
EYLEM HAVACILIK VE SAVUNMA SANAYİ ANONİM ŞİRKETİ;YAYALAR MAH.ANKARA CAD.NO:175/5 PENDİK İSTANBUL;(216) 3074748;https://www.eylemmetal.com/;eylemmetal.com;ÇİB - Çelik İhracatçıları Birliği
APARK TEKNOLOJİ SAN.VE TİCARET LİMİTED ŞİRKETİ;YEŞİLKÖY MAH.ATATÜRK CAD.EGS BUSİNESS B2 BLOK NO:12/134 BAKIRKÖY İSTANBUL;(212) 2581133;http://www.kulekci.com.tr;kulekci.com.tr;ÇİB - Çelik İhracatçıları Birliği
ARBURG PLASTİK ENJEKSİYON MAKİNALARI SANAYİ VE TİCARET LİMİTED ŞİRKETİ;MERKEZ MAH.HÜRRIYET CAD NO:137YAKUPLU BEYLİKDÜZÜ İSTANBUL;02128754111;www.arburg.com;arburg.com;ÇİB - Çelik İhracatçıları Birliği
KÜMAŞ MANYEZİT SANAYİ A.Ş.;KISIKLI MAH ALEMDAĞ CAD MASALDAN İŞ MER F BLOK N:60/4 ÜSKÜDAR İSTANBUL;(274) 2250050;www.kumasref.com;kumasref.com;ÇİB - Çelik İhracatçıları Birliği
KERBEN İNŞAAT VE MOBİLYA AKSES UARLARI SAN.VE DIŞ TİC.LTD.ŞTİ;KERESTECİLER SİT. 11 B BLOK K:4 NO:3 BAŞAKŞEHİR İSTANBUL;(212) 6702005;www.kerben.com.tr;kerben.com.tr;ÇİB - Çelik İhracatçıları Birliği
KLAS TENTE BRANDA SAN. VE TİC. LTD. ŞTİ.;KAVAKLI MAH. ÇİZGİ SOK. NO:4/1 SİLİVRİ İSTANBUL;(212) 7318432;www.klastente.com;klastente.com;ÇİB - Çelik İhracatçıları Birliği
INTERGRUP PLASTIK SAN. VE TIC. LTD. STI.;EYÜP SULTAN MAH. MALTEPE CAD.NO.8 SANCAKTEPE İSTANBUL;(216) 3175050;www.inter-grup.com;inter-grup.com;ÇİB - Çelik İhracatçıları Birliği
OTOMASYON KONTROL MARKET SAN.TİC.LTD.ŞTİ.;ACIBADEM MAH. ÇEÇEN SK. NO: 25 A IÇ KAPINO:150 ÜSKÜDAR İSTANBUL;(216) 5189494;www.kontrolmarket.com;kontrolmarket.com;ÇİB - Çelik İhracatçıları Birliği
OZGUN KIMYEVI MADD.TIBBI MALZ. SAGLIK HIZ.SAN.VET.A.S.;INÖNÜ M. KAYIŞDAĞI C. NO:180 / 3 KAYIŞDAĞI KADIKÖY İSTANBUL;02164699404;www.ozgunkimya.com;ozgunkimya.com;ÇİB - Çelik İhracatçıları Birliği
PRESTİJ GRUP METAL SANAYİ TİCARET ANONİM ŞİRKETİ;TUNA MH TUNA CD NO:7A ESENLER İSTANBUL;;www.prestijmetal.com;prestijmetal.com;ÇİB - Çelik İhracatçıları Birliği
TEKNODAK PLASTİK KALIP SANAYİ ANONİM ŞİRKETİ;KÖŞKLÜÇEŞME MAH.565 SK.NO:4 GEBZE KOCAELİ;(262) 6429560;www.teknodak.com.tr;teknodak.com.tr;ÇİB - Çelik İhracatçıları Birliği
ULUS KÜPEŞTE YAPI ALÜMİNYUM İNŞAAT OTO.GIDA SAN.VE TİC.LTD.ŞTİ;VELİBABA MH NARİN SK NO:7/1 PENDİK İSTANBUL;(216) 3077325;www.ulusyapikupeste.com;ulusyapikupeste.com;ÇİB - Çelik İhracatçıları Birliği
ULAŞ ELEKT MALZEMELERİ PAZAR.SAN. VE TİC. LTD. ŞTİ;EMEKYEMEZ MAH.YANIKKAPI SOK.KAVAK HANNO:9C BEYOĞLU İSTANBUL;(212) 2356943;www.ulaselk.com;ulaselk.com;ÇİB - Çelik İhracatçıları Birliği
TERMO IDEAL ISI SANAYI VE TICARET A.S.;BOYA VERNIK ORG. SAN. BOLGESITEM YAN YOLU BATI C. NO.32 TUZLA İSTANBUL;02165933107;http://www.termoideal.com;termoideal.com;ÇİB - Çelik İhracatçıları Birliği
SECO TOOLS KESICI TAKIMLAR MAK INA SAN.VE TIC.A.S.;E5 ÜSKÜDAR YOLU ERKUT SOK. ÜNERPLAZA NO.4 ATAŞEHİR İSTANBUL;(216) 5697400;www.secotools.com;secotools.com;ÇİB - Çelik İhracatçıları Birliği
SKYDAGGER ELEKTRONIK SANAYI VE TICARET ANONIM SIRKETI;IKITELLI OSB MAH. METAL IS 15. BLOK SK. METAL IS SANAYI 15. BLOK NO: 5 BASAKSEHIR/ ISTANBUL BAŞAKŞEHİR İSTANBUL;(212) 0000000;https://www.skydagger.com/;skydagger.com;ÇİB - Çelik İhracatçıları Birliği
RADYANCI ENDÜSTRİYEL MUTFAK CİHAZLARI İTHALAT İHRACAT SANAYİ VE TİCARET LİMİTED ŞİRKETİ;HALİL RIFAT PAŞA MH YÜZER HAVUZ SK PERPA TİC MERKEZİ B BLOK KAT:2/35 KASIMPAŞA BEYOĞLU İSTANBUL;;www.radyanci.com;radyanci.com;ÇİB - Çelik İhracatçıları Birliği
SABAR RULMAN SANAYİ VE TİCARET LİMİTED ŞİRKETİ;HATİP MAH. AKASMA SOK. 4ED ÇORLU TEKİRDAĞ;(282) 0000000;http://www.sabarrulman.com.tr;sabarrulman.com.tr;ÇİB - Çelik İhracatçıları Birliği
MİA AKUSTİK SES İZOLASYON MALZEMELERİ TİCARET LİMİTED ŞİRKETİ;TALATPAŞA MAH. ALAKOÇ SK. NO: 2 İÇ KAPI NO: 2 KAĞITHANE İSTANBUL;;http://kemal@miaakustik.com;kemal@miaakustik.com;ÇİB - Çelik İhracatçıları Birliği
BERBA GROUP DIŞ TİCARET LİMİTED ŞİRKETİ;SEYRANTEPE MH İBRAHİM KARAOĞLANOĞLU OĞLU CD NO:27/1 KAĞITHANE İSTANBUL;(212) 9249083;www.berbagroup.com.tr;berbagroup.com.tr;ÇİB - Çelik İhracatçıları Birliği
BM CAM DONANIMLARI SAN. VE TİC. LTD.ŞTİ.;AHMET YESEVİ MAH. DEMOKRASİ CAD. NO:12/2 SULTANBEYLİ İSTANBUL;(216) 4988051;ww.bmofis.com;ww.bmofis.com;ÇİB - Çelik İhracatçıları Birliği
ERASLAN PASLANMAZ ÇELİK TİC. LTD. ŞTİ.;DEMİRCİLER SİTESİ 2.CAD. NO:60 ZEYTİNBURNU İSTANBUL;(212) 5105521;www.eraslanpaslanmaz.com.tr;eraslanpaslanmaz.com.tr;ÇİB - Çelik İhracatçıları Birliği
CEVAT ADIGÜZEL;YUKARI MH DR SADIK AHMET SK KULAOGLU APT NO:5D KARTAL İSTANBUL;;www.acspergolasistemleri.com;acspergolasistemleri.com;ÇİB - Çelik İhracatçıları Birliği
DEMORA FABRIKA IM.SAN.VE TIC.LTD.STI.;KALE KÖYÜ ORGANİZE. SANAYİ BÖL. BUKET SOKAK NO:4/1 78000 KARABÜK, KARABÜK, TÜRKİYE KARABÜK KARABÜK;(370) 4476283;www.demora.com.tr;demora.com.tr;ÇİB - Çelik İhracatçıları Birliği
DELTA TEKNIK ELEKT.ELEK.GÜVN. SISTEMLERI TEK.MAL.PAZ.LTD.ŞTI;Y.DOĞAN M.BÜYÜK TOPTANCILAR ST21 BL.2076 SK. NO:4/A YÜREĞİR ADANA;03223468047;www.deltateknik.com;deltateknik.com;ÇİB - Çelik İhracatçıları Birliği
AK NUR DIŞ CEPHE GİYDİRME SİSTEM İNŞ.SAN.TİC.LTD.ŞTİ;İSTİKLAL MH KAVAKLIDERE CD NO:53 B ÜMRANİYE İSTANBUL;(216) 6311333;www.aknurdiscephe..com.tr;aknurdiscephe..com.tr;ÇİB - Çelik İhracatçıları Birliği
ADEL GRUP YAPI TAAHHÜT SANAYİ TİCARET LTD. ŞTİ.;SULTAN SELİM MAHALLESİ KAĞITHANE İSTANBUL;2122682536;http://www.adelinsaat.com;adelinsaat.com;ÇİB - Çelik İhracatçıları Birliği
KONTROL SISTEML.ELEKTROMEKANIK SAN.VE TIC.LTD.STI.;BOSTANCI YOLU KEYAP SITESI F2BLOK NO.99 ÜMRANİYE İSTANBUL;02165279615;www.kon-sis.com;kon-sis.com;ÇİB - Çelik İhracatçıları Birliği
MİR İTHALAT VE İHRACAT MAKİNA SAN. VE TİC. LTD. ŞTİ.;19 MAYIS MH HALASKARGAZİ CD ÇİFTKURT NO:226/24 ŞİŞLİ İSTANBUL;;www.mirexpo.net;mirexpo.net;ÇİB - Çelik İhracatçıları Birliği
MESA TEKNİK TESİSAT İZOLASYON TURZ. VE ELEKTR. SAN. TİC. LTD. ŞTİ.;KÜPLÜCE MH RİZABEY SK NO:21/3 BEYLERBEYİ ÜSKÜDAR İSTANBUL;(212) 3618421;www.mesateknik.com;mesateknik.com;ÇİB - Çelik İhracatçıları Birliği
PLASTİM ELEKTRİK MALZEMELERİ SAN. VE TİC. LTD.ŞTİ.;ALİPAŞA MAH. BOZTEPE SOK. NO:5/C SİLİVRİ İSTANBUL;(212) 6718613;www.plastim.com.tr;plastim.com.tr;ÇİB - Çelik İhracatçıları Birliği
BITUM TEKNIK IZOLASYON SAN.VE DIS TIC.LTD.STI.;3. ORG. SAN. BÖLG. 3.YOL 51 SÖĞÜTLÜ SAKARYA;02646812100;www.bitum.com.tr;bitum.com.tr;ÇİB - Çelik İhracatçıları Birliği
ŞİŞİK ALÜMİNYUM SAN.VE TİC.AŞ.;ALİ NİHAT TARHAN CD. ERYILMAZLAR SK. NO:10/6 ATAŞEHİR İSTANBUL;(216) 5721115;www.sisikleraluminyum.com.tr;sisikleraluminyum.com.tr;ÇİB - Çelik İhracatçıları Birliği
RCS MAKİNA SAN. VE DIŞ TİC. LTD. ŞTİ.;GÜLENSU MAH.HASRET SOK.N:3B MALTEPE İSTANBUL;;www.rugcleaningstuff.com;rugcleaningstuff.com;ÇİB - Çelik İhracatçıları Birliği
T HUB ROBOT TEKNOLOJİLERİ VE MAK.SAN.TİC.A.Ş.;MERKEZ BARIŞ MAH.11816 SOK.NO:14 GEBZE KOCAELİ;(262) 6441554;www.towercraft.com.tr;towercraft.com.tr;ÇİB - Çelik İhracatçıları Birliği
TETRA ENDÜSTRİYEL VE TEKNİK SİSTEMLERİ SAN. VE DIŞ TİC. A.Ş.;OSB MAH. 10025 SOK. NO:29 İTOB MENDERES İZMİR OSB MENDERES, 34660 MENDERES İZMİR;(232) 7990003;www.tetrainc.com.tr;tetrainc.com.tr;ÇİB - Çelik İhracatçıları Birliği
E-AVM PAZARLAMA, LOJISTIK VE BILGI TEKNOLOJILERI SAN.TIC.LTD.ŞTİ;EMNİYET EVLERİ MAH. GÜVERCİN SK. ÇETİNKAYA APT.BLOK NO:2 KAĞITHANE İSTANBUL;(212) 2788690;info@albahceden.com;info@albahceden.com;ÇİB - Çelik İhracatçıları Birliği
AKDE KİMYA SANAYİ VE TİCARET ANONİM ŞİRKETİ;YEŞİLBAYIR MAH. ŞİMŞİR SOK. NO:20 HADIMKÖY(BOYALIK) ARNAVUTKÖY İSTANBUL;(212) 7711371;www.akde.net;akde.net;ÇİB - Çelik İhracatçıları Birliği
OVİ LOGİSTİCS İTHALAT İHRACAT SANAYİ VE TİCARET LİMİTED ŞİRKETİ;ATATÜRK MH İKİTELLİ CD NO:2A KÜÇÜKÇEKMECE İSTANBUL;(850) 3097779;www.ovicompaniy.net;ovicompaniy.net;ÇİB - Çelik İhracatçıları Birliği
İSKO PLASTİK VE KALIP SANAYİ TİCARET ANONİM ŞİRKETİ;ORHANGAZİ MAH. ISISO SAN. SIT. 15 YOL SOK. Y BLK NO.33 34510 ESENYURT İSTANBUL;(212) 6232308;www.iskogrup.com;iskogrup.com;ÇİB - Çelik İhracatçıları Birliği
KYP KARDEŞLER YEDEK PARÇA İTH. İHR. PAZ. SAN. TİC. LTD.ŞTİ.;ÇİFTEHAVUZLAR CAD. PRESTİJ İŞMERKEZİNO:27/103-110 ZEYTİNBURNU İSTANBUL;(212) 6126395;www.kyp.com.tr;kyp.com.tr;ÇİB - Çelik İhracatçıları Birliği
HERZ ARMATUREN YAPI TESİSAT VE ENERJİ SİSTEMLERİ TİC.LTD.ŞTİ.;BAĞDAT CAD.BİRSEN SOK.1/7 KÜÇÜKYALI MALTEPE İSTANBUL;(216) 4891977;www.herz.eu;herz.eu;ÇİB - Çelik İhracatçıları Birliği
FLAMA MARİN GEMİ İNŞ.TUR.SAN.VE DIŞ TİC.LTD.ŞTİ.;ESENYALI MAH.EDEBALİ CAD.NO.26 PENDİK İSTANBUL;(216) 3921012;www.flamamarin.com;flamamarin.com;ÇİB - Çelik İhracatçıları Birliği
NİSH MADENİ YAĞ PAZARLAMA VE TİCARET LİMİTED ŞİRKETİ;DÜZALAN CD. NO.59/A11 MÜSKEBİ MAH 48400 BODRUM MUĞLA;(252) 3137713;www.oilgermany.com;oilgermany.com;ÇİB - Çelik İhracatçıları Birliği
PLANET PVC YAPI İNŞ. SAN. VE TİC. LTD.ŞTİ.;FİRUZKÖY MAH. FİRUZKÖY BULVARINO:158/1 AVCILAR İSTANBUL;(212) 4286039;www.planetpvc.com.tr;planetpvc.com.tr;ÇİB - Çelik İhracatçıları Birliği
AHENK DIŞ TİC. VE İNŞ. MALZ. SAN. TİC. LTD. ŞTİ.;PERPA TİC MERKEZİ B BLOK KAT:5 NO:405 ŞİŞLİ İSTANBUL;(212) 3202450;www.ahenkdisticaret.com;ahenkdisticaret.com;ÇİB - Çelik İhracatçıları Birliği
ALUSTATE İÇ VE DIŞ TİCARET İNŞAAT LİMİTED ŞİRKETİ;ESENTEPE MAHALLESİ MİLANGAZ CAD. KARTAL VİZYON A-1BLOK NO: 77 /1/105 KARTAL İSTANBUL;(216) 9090350;www.alustate.net;alustate.net;ÇİB - Çelik İhracatçıları Birliği
ASAF DEKORASYON İNŞ.İÇ VE DIŞ TİC.LTD.ŞTİ.;ÇİFTLİK MAH.HASTANE CAD.NO:44/A GÖLCÜK KOCAELİ;(262) 4357497;www.asafdekorasyon.com;asafdekorasyon.com;ÇİB - Çelik İhracatçıları Birliği
EKSTEK XP EKSTRÜZYON KALIP TEKNOLOJİLERİ ANONİM ŞİRKETİ;OSMANGAZI MAH. SANAYI CAD.ÜRETIM SOK. NO:10 GEBZE KOCAELİ;(262) 6531800;www.ekstek.com.tr;ekstek.com.tr;ÇİB - Çelik İhracatçıları Birliği
ERAMA İNŞAAT DIŞ TİCARET SANAYİ LİMİTED ŞİRKETİ;FEVZİ ÇAKMAK MAH. 40 CAD. NO: 7 CS SİNCAN ANKARA;(312) 0000000;http://www.erama.com.tr;erama.com.tr;ÇİB - Çelik İhracatçıları Birliği
ÇEMOBSAN METAL VE PLASTİK SANAYİ ANONİM ŞİRKETİ;G.O.P MAH. 21. SK.NO:11/3A ÇERKEZKÖY TEKİRDAĞ;(282) 7250611;www.cemopsan.com;cemopsan.com;ÇİB - Çelik İhracatçıları Birliği
TÜMOSAN MOTOR VE TRAKTÖR SAN.A.Ş.;MALTEPE MAHALLESİ LONDRA ASFALTI CAD. NO:28/1 ZEYTİNBURNU İSTANBUL;(212) 4681940;www.tumosan.com.tr;tumosan.com.tr;ÇİB - Çelik İhracatçıları Birliği
ANATOLİAN ELEKTRİK MAKİNA İNŞAAT MÜHENDİSLİK PROJE SANAYİ VE TİCARET LİMİTED ŞİRKETİ;YALI MAH. ÇATALAY SOKAK NO:11/5 KARTAL İSTANBUL;(258) 2688825;http://anatoliann.com;anatoliann.com;ÇİB - Çelik İhracatçıları Birliği
EKSON OTOMASYON TEKNOLOJİLERİ SAN. VE TİC. A.Ş.;YEDPA TİC.MERKZ.H2 CAD. NO:60 ATAŞEHİR İSTANBUL;(216) 6614100;www.eksen.com.tr;eksen.com.tr;ÇİB - Çelik İhracatçıları Birliği
ÖZ METAL İŞ SANAYİ VE TİCARET LİMİTED ŞİRKETİ;İKİTELLİ OSB MH PİK DÖKÜMCÜLER SAN SİT A3 BLOK NO:12 BAŞAKŞEHİR İSTANBUL;(212) 4852861;www.metax.com.tr;metax.com.tr;ÇİB - Çelik İhracatçıları Birliği
MECH ENDÜSTRİYEL BOYAMA TESİSLERİ SANAYİ VE TİCARET LİMİTED ŞİRKETİ;ORUÇREİS MAH.GİYİMKENT 15 SK.GİYİMKENT B157 BLOK NO:74A ESENLER İSTANBUL;(212) 0000000;http://mech@mechendustriyel.com;mech@mechendustriyel.com;ÇİB - Çelik İhracatçıları Birliği
IME GENERAL COMPONENTS ELK.ELEKTRO.İTH.İHR.LTD.ŞTİ.;ELEKTROKENT PERPA TİC.MERK.A BLOK KAT:8NO:925-927 OKMEYDANI ŞİŞLİ İSTANBUL;(212) 2100507;www.imeturkey.com;imeturkey.com;ÇİB - Çelik İhracatçıları Birliği
KAPSAN KAPLAMA VE BOYAMA SANAYİ TİCARET LTD. ŞTİ;AYDINLO KOSB MAH. TUZLA KIMYA SANAYİCİLERİ OSB ANALITIK CAD. NO:72 TUZLA İSTANBUL;(216) 5932184;www.kapsankaplama.com.tr;kapsankaplama.com.tr;ÇİB - Çelik İhracatçıları Birliği
VUSLAT REKLAM DIŞ TİCARET VE SANAYİ LİMİTED ŞİRKETİ;SİYAVUŞPAŞA MAH. NAMIK KEMAL CAD. NO:12/2 BAHÇELİEVLER İSTANBUL;(212) 4411910;www.vuslatreklam.com.tr;vuslatreklam.com.tr;ÇİB - Çelik İhracatçıları Birliği
SUPERKİM KİMYA SANAYİ VE TİCARET ANONİM ŞİRKETİ;İNÖNÜ MAHALLESİ 139 SOKAK NO:44 TORBALI İZMİR;;www.superkim.com.tr;superkim.com.tr;ÇİB - Çelik İhracatçıları Birliği
SELTEK MAKİNA MÜHENDİSLİK MÜMESSİLLİK TAAHHÜT SANAYİ VE TİCARET ANONİM ŞİRKETİ;MECLİS MAH. TERAZİLER CAD. PERPİM SAN. SİT. A BLOK NO:25 SANCAKTEPE İSTANBUL;(216) 3655139;www.seltek.com;seltek.com;ÇİB - Çelik İhracatçıları Birliği
REAL ALÜMİNYUM RADYATÖR VE ISI CİHAZLARI SANAYİ TİCARET ANONİM ŞİRKETİ;HALİL RIFAT PAŞA MH YÜZER HAVUZ SK PERPA TİC MERKEZİ B BLOK KAT:9/1366 OKMEYDANI ŞİŞLİ İSTANBUL;(282) 6847000;www.realradyator.com;realradyator.com;ÇİB - Çelik İhracatçıları Birliği
REGAL ALÜMİNYUM KÜPEŞTE AKSESUARLARI SANAYİ VE TİCARET LİMİTED ŞİRKETİ;EMEK MH. SİVAT YOLU CD.NO:12 SARIGAZİ SANCAKTEPE İSTANBUL;(216) 3649162;www.regalaluminyum.com;regalaluminyum.com;ÇİB - Çelik İhracatçıları Birliği
SAKEN MEKATRONİK TİCARET LİMİTED ŞİRKETİ;29 EKİM MAH 10001 SOKAK EGE SIGINAK APT NO:50/4NO:50/4 MENEMEN İZMİR;(232) 8332696;www.sakenmechatronics.com.tr;sakenmechatronics.com.tr;ÇİB - Çelik İhracatçıları Birliği
SADIK YAPI PLASTİK SAN. VE TİC. A.Ş.;GEPOSB 4. CADDE 41. SOKAK NO:8/1-2-3 İNÖNÜ GEBZE KOCAELİ;;www.sadikplastik.com;sadikplastik.com;ÇİB - Çelik İhracatçıları Birliği
TEKNOKON ENDÜSTRİ TESİSLERİ İNŞ. VE MONTAJ A.Ş.;CEVİZLİ MH. KURİŞ KULE İŞ MERK. CEVİZLİ D-100 GÜNEY YANYOL NO:2/2 KARTAL İSTANBUL;(262) 3840428;www.teknokon.com;teknokon.com;ÇİB - Çelik İhracatçıları Birliği
STEEL HOME PREFABRİK SANAYİ VE TİCARET LTD.ŞTİ.;KAYNARCA MAH. E-5 YAN YOLU CAD. FABRİKA LOJİSTİK NO:192 PENDİK İSTANBUL;(216) 6064607;www.steelhome.com.tr;steelhome.com.tr;ÇİB - Çelik İhracatçıları Birliği
YAPI PLAST PLASTIK KALIP SAN. VE. TIC. LTD. ŞTI;T.DERE MAH. HAKAN SOK. NO:9 BAYRAMPAŞA İSTANBUL;(212) 5672700;www.yapiplast.com;yapiplast.com;ÇİB - Çelik İhracatçıları Birliği
GAMAK MAKINA SANAYI A.S.;DUDULLU ORGAN SAN BÖL BARAJ YOLUCAD NO:2 PK:24 ÜMRANİYE İSTANBUL;02163641800;www.gamak.com.tr;gamak.com.tr;ÇİB - Çelik İhracatçıları Birliği
MTL MAKİNA VE KALIP SANAYİ TİCARET LTD.ŞTİ.;KAVAKLI MAH. SİLİVRİ CAD. NO: 68 /C SİLİVRİ İSTANBUL;(212) 6690114;www.mtlmakina.com.tr;mtlmakina.com.tr;ÇİB - Çelik İhracatçıları Birliği
PEKGÖZ DIS TICARET ULUSLARARASI TASIMACILIK TURIZM LIMITED SIRKETI;İNÖNÜ MAH.KARTAL CAD.NO:73/5 ATAŞEHİR İSTANBUL;(216) 3269422;http://www.pekgozdisticaret.com;pekgozdisticaret.com;ÇİB - Çelik İhracatçıları Birliği
CONTEC MAKİNA İMALAT ÜRETİM SANAYİ İÇ VE DIŞ TİCARET ANONİM ŞİRKETİ;KEMALPAŞA OSB. MAH. 500 SOK.NO:43 KEMALPAŞA İZMİR;(216) 3893512;www.arceplastik.com;arceplastik.com;ÇİB - Çelik İhracatçıları Birliği
BOTERSAN ENDUSTRIYEL TESISLER IMALAT VE SATIS A.S.;BEYLIKDÜZÜ BAKIR VE PIRINÇSAN.SIT M.KURTOĞLU CD. NO:25 BÜYÜKÇEKMECE İSTANBUL;02128751162;www.botersan.com.tr;botersan.com.tr;ÇİB - Çelik İhracatçıları Birliği
DMG MORİ SEİKİ İSTANBUL MAKİNE TİCARET VE SERVİS LTD. ŞTİ.;FERHAT PAŞA MH. GAZİ PAŞA CAD. NO:11 MALTEPE İSTANBUL;02164897576;www.dmgistanbul.com;dmgistanbul.com;ÇİB - Çelik İhracatçıları Birliği
DİEM ALÜMİNYUM ANONİM ŞİRKETİ;BOSB MH BİRLİK SAN SİT 1. CD NO:86 BEYLİKDÜZÜ İSTANBUL;(212) 4280048;www.diemaluminyum.com;diemaluminyum.com;ÇİB - Çelik İhracatçıları Birliği
DURAN PLASTİK AMBALAJ SANAYİ VE TİCARET LİMİTED ŞİRKETİ;HABİBLER PİRİNÇÇİ YOLUN:49 EYÜP İSTANBUL;(212) 5011818;www.duranplastik.com.tr;duranplastik.com.tr;ÇİB - Çelik İhracatçıları Birliği
YAF DİZEL GEMİ YEDEKLERİ DIŞ TİCARET LİMİTED ŞİRKETİ;EVLİYA ÇELEBİ MAH.RAUF ORBAY CD.YAF GROUP İŞ MERKEZİ BLOK NO:39/K2 TUZLA İSTANBUL;(216) 4940902;www.yafdiesel.com.tr;yafdiesel.com.tr;ÇİB - Çelik İhracatçıları Birliği
ŞANAL ISI SİSTEMLERİ PAZARLAMA TİCARET LİMİTED ŞİRKETİ;INCEĞİZ YOLU KALEİÇİ KANBACI MEVKİİİSOK NO.15/A ÇATALCA İSTANBUL;02127897030;www.sanalisi.com;sanalisi.com;ÇİB - Çelik İhracatçıları Birliği
DIVERSEY KİMYA SAN.VE TİC.A.Ş.;BARBAROS IHLAMUR BULVARI, NO:3, İÇ KAPI NO:67 ATAŞEHİR İSTANBUL;(212) 5786400;www.diversey.com;diversey.com;ÇİB - Çelik İhracatçıları Birliği
DAMPAK SOĞUTMA LİMİTED ŞİRKETİ;TOPÇULAR MH TİKVESLİ ÇIKMAZI NO:4/1 EYÜP İSTANBUL;(212) 5683030;www.dampak.com.tr;dampak.com.tr;ÇİB - Çelik İhracatçıları Birliği
DEMİR HIRDAVAT MAKİNA ELEKTRİK MALZ.SAN.VE TİC.LTD.ŞTİ.;MERKEZEFENDİ MAH.FAZILPAŞA CAD.TİM-2 NO.12/252-263 ZEYTİNBURNU İSTANBUL;(212) 6138622;www.demirhirdavat.com;demirhirdavat.com;ÇİB - Çelik İhracatçıları Birliği
ÇAĞLAR GRP İNŞAAT VE ŞÖMİNE ANONİM ŞİRKETİ;CUMHURİYET MAHALLESİ ÇAĞDAŞ CAD NO:1A İÇ KAPI NO: 1 ÇEKMEKÖY İSTANBUL;(216) 6417228;http://www.caglarsomine.com;caglarsomine.com;ÇİB - Çelik İhracatçıları Birliği
AVRASYA ENDÜSTRİ VE TEKNİK HIRDAVAT SANAYİ TİCARET LİMİTED ŞİRKETİ;TOPÇULAR MH RAMİ KIŞLA CD YÖNTEM VAYTAS PLAZA NO:58-60 B EYÜP İSTANBUL;(212) 5768666;www.avrasyahirdavat.com;avrasyahirdavat.com;ÇİB - Çelik İhracatçıları Birliği
BERSİS ELEK.MÜH.ELEKT.TELEKOM MEK.TEKS.İNŞ.GIDA HAF.SAN.VE TİC.LTD.ŞTİ.;TOPTANCILAR ÇARŞISI İ BLOKNO:4 ERENLER SAKARYA;(264) 2415954;www.bersiselektrik.com.tr;bersiselektrik.com.tr;ÇİB - Çelik İhracatçıları Birliği
ARİSCO ENDÜSTRİYEL MUTFAK İÇ VE DIŞ TİC. LTD. ŞTİ.;10040 SOK. NO:2 ATATÜRK ORG. SAN. BÖL. ÇİĞLİ İZMİR;(232) 3283519;www.cozummutfak.com;cozummutfak.com;ÇİB - Çelik İhracatçıları Birliği
A2 KAPI VE PENCERE AKSESUARLARI SAN.VE TİC.LTD.ŞTİ.;ŞERİFALİ MH TURGUT ÖZAL BULVARI NO:201 ÜMRANİYE İSTANBUL;(216) 4993031;www.a2aksesaur.com;a2aksesaur.com;ÇİB - Çelik İhracatçıları Birliği
FL FUAR LOJİSTİK HİZMETLERİ TAŞIMACILIK LTD.ŞTİ.;PİRİ REİS MAH. 2063 SOK. NAZIM HİKMET BULV. NEW RESIDENCE NO:2 K:3 D:143 34510 ESENYURT İSTANBUL;(212) 5996721;www.fuarlojistigi.com;fuarlojistigi.com;ÇİB - Çelik İhracatçıları Birliği
KARACA BAKIR VE MUTFAK EKİPMANLARI GIDA SANAYİ TİCARET LİMİTED ŞİRKETİ;YENİ MH CEBECİ CD NO:72/B FEVZİÇAKMAK GAZİOSMANPAŞA İSTANBUL;(212) 4775700;www.csainox.com.tr;csainox.com.tr;ÇİB - Çelik İhracatçıları Birliği
KARCHER SERVİS TİCARET ANONİM ŞİRKETİ;MERKEZ MAH. BASIN EKSPRES CAD. AYAZ PLAZA SİTESİNO:5B/7 HALKALI KÜÇÜKÇEKMECE İSTANBUL;(212) 7034444;www.karcher.com.tr;karcher.com.tr;ÇİB - Çelik İhracatçıları Birliği
PRİZMA METAL SANAYİ VE TİCARET ANONİM ŞİRKETİ;PİRİNÇÇİ MAH. PİRİNÇÇİ KÖY YOLU SK. NO: 49 İÇ KAPI NO: 1 EYÜP İSTANBUL;(212) 6138627;https://www.prizmametal.com/;prizmametal.com;ÇİB - Çelik İhracatçıları Birliği
NOVA GÜÇ AKTARIM VE HAREKET SİSTEMLERİ SANAYİ TİCARET ANONİM ŞİRKETİ;100/5 SK. NO:3 ULUS MAH. MENEMEN İZMİR;(232) 3283639;www.novaguc.com;novaguc.com;ÇİB - Çelik İhracatçıları Birliği
VELA DEKORASYON İNŞAAT TAAH.DIŞ TİC. LTD.ŞTİ.;KAMARADERE MAH. DAĞYOLU CAD. NO:63 MARMARAEREĞLİSİ TEKİRDAĞ;(212) 6132200;www.veladekor.com;veladekor.com;ÇİB - Çelik İhracatçıları Birliği
MIKSAN MOTOR SANAYI VE TIC.A.S;BOSB- BEYLİKDÜZÜ ORGANİZE SANAYİ BÖLGESİ) BAKIR VE PİRİNÇ SAN. SİT. MENEKŞE CAD. NO:1 BEYLİKDÜZÜ İSTANBUL;(212) 2846400;www.miksanmotor.com;miksanmotor.com;ÇİB - Çelik İhracatçıları Birliği
BOYUT PLASTİK PROFİL VE FOLYO İMALATI SANAYİ TİCARET ANONİM ŞİRKETİ;ÖMERLİ MAH. AREFE SK 21-31 ARNAVUTKÖY İSTANBUL;(850) 4252546;www.boyutplastik.com.tr;boyutplastik.com.tr;ÇİB - Çelik İhracatçıları Birliği
CBB ENERJİ MÜHENDİSLİK DANIŞMANLIK TAAHHÜT SANAYİ VE TİCARET ANONİM ŞİRKETİ;CEVİZLİ MAH. ZUHAL CAD. RİTİM İSTANBUL A1 BLOK NO:46A İÇ KAPI NO: 144 MALTEPE İSTANBUL;;http://www.cbbenerji.com.tr;cbbenerji.com.tr;ÇİB - Çelik İhracatçıları Birliği
ES ES ENDÜSTRİYEL MUTFAK MALZEMELERİ SAN. VE TİC. LTD. ŞTİ.;MALTEPE MAH. DAVUTPAŞA CAD. TIM 2 İŞ MERKEZİ NO: 8/69 ZEYTİNBURNU İSTANBUL;(212) 5658346;www.esesendustriyelmutfak.com;esesendustriyelmutfak.com;ÇİB - Çelik İhracatçıları Birliği
ENDRESS HAUSER ELEKTRONİK SAN.VE TİC.A.Ş.;BÜYÜKDERE CAD. NO:103/A ŞARLI İŞMERKEZİ K:8 MECİDİYEKÖY ŞİŞLİ İSTANBUL;(212) 2751355;www.tr.endress.com;tr.endress.com;ÇİB - Çelik İhracatçıları Birliği
ALBAKSAN DIŞ TİCARET VE PAZARLAMA ANONİM ŞİRKETİ;HADIMKÖY MH ÜRGÜPLÜ CD NO:36 HADIMKÖY(BOYALIK) ARNAVUTKÖY İSTANBUL;(212) 7714963;www.albaksan.com;albaksan.com;ÇİB - Çelik İhracatçıları Birliği
ARTE GRUP ALÜMİNYUM SANAYİ VE TİCARET ANONİM ŞİRKETİ;KÜÇÜKBAKKALKÖY MAH. SELVILI SK. NO: 4IÇ KAPI NO: 48 ATAŞEHİR İSTANBUL;(216) 7092164;www.artealuminyum.com;artealuminyum.com;ÇİB - Çelik İhracatçıları Birliği
ARON MİMARLIK MÜHENDİSLİK VE İNŞAAT HİZMETLERİ TİCARET LİMİTED ŞİRKETİ;CEVİZLİ MAH. MUSTAFA KEMAL CAD. HUKUKÇULAR TOWERS B BLOK NO:66 B DAİRE:83 KARTAL İSTANBUL;(216) 7841638;http://www.aronyapi.com;aronyapi.com;ÇİB - Çelik İhracatçıları Birliği
NAKIŞ METAL SANAYİ VE TİCARET A.Ş.;CİHANGİR MH ORD.PROF.DR.ALİ FUAT BAŞGİL CD NO:4 AVCILAR İSTANBUL;(212) 4221111;www.nakismetal.com;nakismetal.com;ÇİB - Çelik İhracatçıları Birliği
POLDE PLASTİK SAN. TİC.A.Ş.;ÇERKEŞLİ OSB MAH. İMES 7. CAD. NO:8 DİLOVASI KOCAELİ;(262) 4449271;www.polde.com.tr;polde.com.tr;ÇİB - Çelik İhracatçıları Birliği
JERA ELEKTRONİK TİC. SAN. LTD. ŞTİ.;OSTİM MAH. UZAYÇAĞI CAD. UZAY ÇAĞI İŞ MERKEZİ NO:29/33 OSTİM YENİMAHALLE ANKARA;(312) 3863155;www.jera.com.tr;jera.com.tr;ÇİB - Çelik İhracatçıları Birliği
İLKİŞ ELEKTRİK LİMİTED ŞİRKETİ;İVEDİK OSB MAH. MELİH GÖKÇEK BULVARI ELEKTROKENT2 NO:83/31 YENİMAHALLE/ANKARA YENİMAHALLE ANKARA;(312) 9110232;www.ilkis.com.tr;ilkis.com.tr;ÇİB - Çelik İhracatçıları Birliği
TMS ENDÜSTRİYEL SOĞUTMA SANAYİ TİCARET ANONİM ŞİRKETİ;ENSAR CAD. NO. :26/1 PENDİK İSTANBUL;(216) 3780700;www.tmsgrup.com;tmsgrup.com;ÇİB - Çelik İhracatçıları Birliği
TESAN ILETISIM A.S.;ÇOBANÇEŞME MAH.BILGE SOK.17 İSTANBUL;02124546000;www.tesan.com.tr;tesan.com.tr;ÇİB - Çelik İhracatçıları Birliği
TEKSER ENDÜSTRİYEL CİHAZLARI SAN. VE TİC. A.Ş.;KAYIŞDAĞI İNÖNÜ MAH.KARTAL CAD.55/A ATAŞEHİR İSTANBUL;(216) 5760370;www.tekservakum.com;tekservakum.com;ÇİB - Çelik İhracatçıları Birliği
SURKALIP KALIP SANAYİ VE TİCARET LİMİTED ŞİRKETİ;FİRUZKÖY MAH. FİRUZKÖY BULVARI NO:200 AVCILAR İSTANBUL;(212) 6901030;www.surkalip.com.tr;surkalip.com.tr;ÇİB - Çelik İhracatçıları Birliği
THE FARİNA GROUP LOJİSTİK DIŞ TİCARET ANONİM ŞİRKETİ;YAKUPLU MAH. HARAMİDERE CAD ISILDAK KÜLTÜR SARAYI NO: 34 E IÇ KAPI NO: 5 BEYLİKDÜZÜ İSTANBUL;;http://www.thefarinagroup.com;thefarinagroup.com;ÇİB - Çelik İhracatçıları Birliği
REM CELIK END.MLZ.SAN.IC VE DIS.TIC.LTD.STI.;GURPINAR ADNAN KAHVECI MAH. KOROGLU CD NO:.43/1 BÜYÜKÇEKMECE İSTANBUL;02128753082;www.remcelik.com;remcelik.com;ÇİB - Çelik İhracatçıları Birliği
ITA DIŞ TİCARET LİMİTED ŞİRKETİ;19 MAYIS MH SÜMER SK ZİTAŞ SİTESİ C 2 BLOK NO:3B/3 KADIKÖY İSTANBUL;(216) 2323600;www.itadist.com;itadist.com;ÇİB - Çelik İhracatçıları Birliği
KEŞİF DIŞ TİCARET ENERJİ SANAYİ LİMİTED ŞİRKETİ;YALI MAH.KADİR SOK.NO:14 / 88-89 HELİS MORE RESIDENCES 34873 KARTAL İSTANBUL;(216) 4833565;www.discovery-trd.com;discovery-trd.com;ÇİB - Çelik İhracatçıları Birliği
NCR BILISIM SISTEMLERI LTD.STI;KISIKLI CAD. NO.35/2 ALTUNİZADE ÜSKÜDAR İSTANBUL;02165542000;www.ncr.com;ncr.com;ÇİB - Çelik İhracatçıları Birliği
ORGUN AYDINLATMA MALZ.SAN.TIC. LTD.STI.;SAHKULU MAH.ILK BELEDIYE CD.NO.31 BEYOĞLU İSTANBUL;02122436845;www.orgunaydinlama.com;orgunaydinlama.com;ÇİB - Çelik İhracatçıları Birliği
OZGUN MATBAA MALZ.TIC.SAN. LTD .STI.;LITROS YOLU 2.MATBACILAR SIT.2 B A/7 FATİH İSTANBUL;02125678288;www.ozgunmat.com;ozgunmat.com;ÇİB - Çelik İhracatçıları Birliği
AK DENİZ OTOMOTİV HIRDAVAT VE TEKSTİL SANAYİ VE TİCARET LİMİTED ŞİRKETİ;CAKIRAGA MAH.MANASTIRLI RIFATSOK.NO.8 HASEKİ FATİH İSTANBUL;(212) 5868685;www.akdenizotomotiv.com;akdenizotomotiv.com;ÇİB - Çelik İhracatçıları Birliği
EFEMET KESİCİ TAKIMLAR SANAYİ VE TİCARET LİMİTED ŞİRKETİ;ALAADDİNBEY MAH. AYFATMA CAD. SAM 3 PLAZA NO:11B/D NİLÜFER BURSA;(224) 4431544;http://www.efemet.com.tr/;efemet.com.tr;ÇİB - Çelik İhracatçıları Birliği
CAE MÜHENDİSLİK SANAYİ VE TİCARET A.Ş.;DİCLE CAD. NO:13/17D ATAKENT MAH ÜMRANİYE İSTANBUL;(216) 2506713;www.caem.com.tr;caem.com.tr;ÇİB - Çelik İhracatçıları Birliği
POYRAZ DIŞ CEPHE ALÜMİNYUM SAN.VE TİC.LTD.ŞTİ.;AKŞEMSEDDİN MAH. 215. SOK. POYRAZ ALUMİNYUM NO:29 İÇ KAPI NO:1 ESENYURT İSTANBUL;(212) 8531144;www.poyrazalu.com;poyrazalu.com;ÇİB - Çelik İhracatçıları Birliği
ÖNDER FAN HAVALANDIRMA TOZ TOPLAMA SİSTEMLERİ SAN.TİC.LTD.ŞTİ.;OVAKÇA EĞİTİM MAH. OVAKÇA SANAYİ CADDE NO:80 OSMANGAZİ BURSA;(224) 4941711;www.onderfan.com;onderfan.com;ÇİB - Çelik İhracatçıları Birliği
KENT GLOBAL PARK DIŞ TİCARET ANONİM ŞİRKETİ;PELİN SOK NO: 1 YENİTEPE KADIKÖY SİTESİ 2.ETAP B BLOK D:185 DUMLUPINAR MAH KADIKÖY İSTANBUL;;http://www.kentglobalpark.com;kentglobalpark.com;ÇİB - Çelik İhracatçıları Birliği
İNANMAK İÇ VE DIŞ TİCARET LTD.ŞTİ.;DAVUTDEDE MAH. CONK SK. NO.24 KAFKAS İŞ MERKEZİKAT.4/15 YILDIRIM BURSA;(224) 3646469;www.inanmak.com.tr;inanmak.com.tr;ÇİB - Çelik İhracatçıları Birliği
KARASU MERMER SANAYİ TİCARET LİMİTED ŞİRKETİ;YEŞİLTEPE MAH.8048 SOK.NO:5 ERENLER SAKARYA;(264) 2767657;www.karasumermer.com.tr;karasumermer.com.tr;ÇİB - Çelik İhracatçıları Birliği
KARATOPRAK ENDUSTRIYEL TEM.VE AMB.MALZ.SAN.VE TIC.LTD.STI.;ISTOÇ TOPTANCILAR CARŞ. 14. ADA ARNAVUTKÖY İSTANBUL;(212) 6595879;www.karatoprak.com.tr;karatoprak.com.tr;ÇİB - Çelik İhracatçıları Birliği
KALİTE ENDÜSTRİYEL MUTFAK EKİPMANLARI SAN. VE TİC. LTD. ŞTİ.;İKİTELLİ OSB MH ATATÜRK BULVARI SÜRMELİ İS MERKEZİ NO:108 B:32 BAŞAKŞEHİR İSTANBUL;(212) 6719934;www.kalitegaz.com;kalitegaz.com;ÇİB - Çelik İhracatçıları Birliği
GEOMAS GEOKOMPOZIT SAN. MÜHENDİSLİK TİC. AŞ;CUMHURIYET MH. FATİH CD.NO:4 KARTAL İSTANBUL;(216) 4514848;www.geomas.com.tr;geomas.com.tr;ÇİB - Çelik İhracatçıları Birliği
GEMADOOR MİMARLIK MOBİLYA SAN. VE TİC.LTD.ŞTİ.;SELAHADDİN EYYUBİ MAH. PİRİREİS CAD. NO:10/A ESENYURT İSTANBUL;(212) 6112023;www.gemadoor.com;gemadoor.com;ÇİB - Çelik İhracatçıları Birliği
HUBERGROUP MATBAA MALZM. ÜRETİM VE PAZAR. LTD. ŞTİ.;IKITELLI KERESTECILER SIT. 4.SK. N:8 4A BLOK HUBER BINASI KÜÇÜKÇEKMECE İSTANBUL;02126703434;www.huberturkiye.com;huberturkiye.com;ÇİB - Çelik İhracatçıları Birliği
DETAY ELEKTRİK VE GÜVENLİK TEKNOLOJİLERİ REKLAM SANAYİ VE TICARET ANONİM ŞİRKETİ;CAGLAYAN MAH.K.HANE CAD.YAVUZSOK.NO:2/5 KAĞITHANE İSTANBUL;02122340280;www.detay.com;detay.com;ÇİB - Çelik İhracatçıları Birliği
ERTEK KİMYA TİCARET VE SANAYİ A.Ş.;ESENKENT MAH. METHİYE SOK. NO:1 ÜMRANİYE İSTANBUL;02164995000;www.ertekkimya.com;ertekkimya.com;ÇİB - Çelik İhracatçıları Birliği
FELKO ELEKTROMARKET SANAYİ VE TİCARET ANONİM ŞİRKETİ;NİLÜFER TİCARET MERKEZİ 66. SOKAK NO:23-25 NİLÜFER BURSA;(224) 4434500;http://www.felko.com.tr;felko.com.tr;ÇİB - Çelik İhracatçıları Birliği
ESSAY GLOBAL TRADE DIŞ TİCARET LİMİTED ŞİRKETİ;İHSANİYE MAH.LEYLAK(110) SK. NO:3A İÇ KAPI NO:60 NİLÜFER BURSA;(224) 0000000;www.essayglobal.com.tr;essayglobal.com.tr;ÇİB - Çelik İhracatçıları Birliği
EUROPUMP AKARYAKIT VE LPG POMPALARI PAZARLAMA LTD. ŞTİ.;KÖSELER KÖYÜ MERMERCİLER SAN SİT 18. CD 22. SK NO 32 DİLOVASI KOCAELİ;(216) 3653570;www.europump.com;europump.com;ÇİB - Çelik İhracatçıları Birliği
AK-PA TEKSTİL İHR. PAZ. AŞ;MIRALAY SEFIK BEY SOKAK AK HANNO.15-17 TAKSİM BEYOĞLU İSTANBUL;(212) 2519200;www.akpa.com.tr;akpa.com.tr;ÇİB - Çelik İhracatçıları Birliği
AREL DEKORATİF YAPI MALZEMELERİ SAN. VE TİC. LTD. ŞTİ.;B.O.S.B BAKIR VE PİRİNÇ SANAYİCİLERİ SİTESİ , ÇİĞDNO:3/B KAT:2 BEYLİKDÜZÜ İSTANBUL;(212) 6993053;www.areldekoratif.com.tr;areldekoratif.com.tr;ÇİB - Çelik İhracatçıları Birliği
APACK AMBALAJ MAKİNE SANAYİ VE TİCARET LİMİTED ŞİRKETİ;FERHATPAŞA MAH.G-18 SOK.NO:44 K:1 SAMANDIRA SANCAKTEPE İSTANBUL;(216) 6613371;www.apack.com.tr;apack.com.tr;ÇİB - Çelik İhracatçıları Birliği
BATI CELIK MAKINA SAN.VE TIC. LTD.STI.;NATO CD.NO.24/3 SEYRANTEPE KAĞITHANE İSTANBUL;02122824348;www.baticelik.com.tr;baticelik.com.tr;ÇİB - Çelik İhracatçıları Birliği
YAVUZ ALÜMİNYUM SANAYİ VE TİCARET ANONİM ŞİRKETİ;ÖMERLİ MH İHSAN GAZİ SK NO:10 HADIMKÖY(BOYALIK) ARNAVUTKÖY İSTANBUL;(212) 7710735;www.yavuzaluminyum.com.tr;yavuzaluminyum.com.tr;ÇİB - Çelik İhracatçıları Birliği
SCAFFMANN YAPI TEKNİK LİMİTED ŞİRKETİ;YENİŞEHİR MAH. MİLLET CAD NO:34D/194 PENDİK İSTANBUL;(216) 3943494;www.scaffmann.com;scaffmann.com;ÇİB - Çelik İhracatçıları Birliği
SUKAR YALITIM VE İNŞAAT MALZEMELERİ ÜRETİM PAZ. SAN. VE TİC. LTD. ŞTİ.;YENİSAHRA MAH. İSTİKLAL CAD. NO:5 1/2 ATAŞEHİR İSTANBUL;02163178686;www.sukar.com.tr;sukar.com.tr;ÇİB - Çelik İhracatçıları Birliği
TEKNOTUR DIŞ TİC. VE TURZ. SAN . LTD. ŞTİ.;DOLAPDERE SAN. SİT. 11.ADA NO:25 İKİTELLİ BAŞAKŞEHİR İSTANBUL;(212) 6710550;www.teknoturtrade.com;teknoturtrade.com;ÇİB - Çelik İhracatçıları Birliği
SBT KİMYA SANAYİ VE TİCARET ANONİM ŞİRKETİ;SARAY MAH. 3. CAD. NO:72 KAHRAMANKAZAN PK:06980 KAHRAMANKAZAN ANKARA;(312) 8151164;www.sbtkimya.com;sbtkimya.com;ÇİB - Çelik İhracatçıları Birliği
SISTEM DOGALGAZ TEK.MALZ.VE DIS TIC.LTD.STI.;GİRNE MAH. KÜÇÜKYALI İŞ MERKEZİ A BLOKNO:26 MALTEPE İSTANBUL;(216) 5185070;www.sistemdogalgaz.com;sistemdogalgaz.com;ÇİB - Çelik İhracatçıları Birliği
YILDIZ PLASTİK VE KALIP SAN. TİC. LTD. ŞTİ.;İKİTELLİ ORG. SAN. BÖLG. METAL ISSAN. SIT. 17. BLOK. NO:2-4-6-8 BAŞAKŞEHİR İSTANBUL;(212) 5497294;www.de-pa.com.tr;de-pa.com.tr;ÇİB - Çelik İhracatçıları Birliği
ADALAR KİMYA SANAYİ VE TİCARET A.Ş.;DİLOVASI ORGANİZE SANAYİ BÖLGESİ 4 KISIM CEYHAN CAD. NO: 84 KISIM CEYHAN CAD. NO: 8 GEBZE KOCAELİ;(262) 7248907;www.adalarkimya.com;adalarkimya.com;ÇİB - Çelik İhracatçıları Birliği
EVRİVA ENDÜSTRİYEL KİMYA VE KOZMETİK ÜRÜNLERİ SANAYİ VE TİCARET LİMİTED ŞİRKETİ;İKİTELLİ OSB MAH.MUTFAKÇILAR M5 BLOKSK.MTFAKÇILAR SANAYİ M5 BLOK NO:48 BAŞAKŞEHİR İSTANBUL;(212) 4383272;http://www.evriva.com;evriva.com;ÇİB - Çelik İhracatçıları Birliği
DUYAR EL ALETLERİ VE İNŞ.SAN.TİC.LTD.ŞTİ.;YAHYA KEMAL MAHALLESİ TİMUR SOKAK NO:29 GÜLTEPE KAĞITHANE İSTANBUL;(212) 2786147;www.duyarimalat.com;duyarimalat.com;ÇİB - Çelik İhracatçıları Birliği
EİNHELL TURKEY DIŞ TİCARET ANONİM ŞİRKETİ;ŞERİFALİ MAH. BAYRAKTAR BULVARI BEYİT SOKAK NO:7 ÜMRANİYE İSTANBUL;02164566060;intratek.com.tr;intratek.com.tr;ÇİB - Çelik İhracatçıları Birliği
ELEKTRO DENIZ GEMI ELEKT.ITH. IHR.MUMES.TIC.VE SAN.LTD.STI.;AYDINTEPE MAH. GÜZİN SOKAK GEMDOK SANAYİ SİTESİ NO:17/2 TUZLA İSTANBUL;02163927729;www.edel.com.tr;edel.com.tr;ÇİB - Çelik İhracatçıları Birliği
DELTA-TEMA ELEKT.TAAH.SAN.VE TIC.A.S.;BANKALAR CAD. YANIKKAPI SOK.NO.19 BEYOĞLU İSTANBUL;02122547826;www.deltatema.com.tr;deltatema.com.tr;ÇİB - Çelik İhracatçıları Birliği
BYSTRONİC LAZER VE BÜKME MAKİNELERİ SANAYİ VE TİCARET LİMİTED ŞİRKETİ;ŞERİFALİ MEVKİ BARBAROS CAD. NO:66 KAT:1 YUKARIDUDULLU ÜMRANİYE İSTANBUL;02164646160;www.bystronic.com;bystronic.com;ÇİB - Çelik İhracatçıları Birliği
FLUIDRA TR SU VE HAVUZ EKİPMANLARI SANAYİ VE TİC.A.Ş.;AYDINLI MAH.BİRLİK O.S.B 1 NOLU CAD. NO:3 AYDINLI TUZLA İSTANBUL;(216) 3870556;www.fluidra.com;fluidra.com;ÇİB - Çelik İhracatçıları Birliği
GÖKHAN BOYA SANAYİ VE TİCARET LİMİTED ŞİRKETİ;KAZIMPAŞA MAHALLESI 1217 SOKAK NO: 7 MENEMEN İZMİR;(232) 8327302;www.gokhanboya.com;gokhanboya.com;ÇİB - Çelik İhracatçıları Birliği
LANDERS ALÜMİNYUM SANAYİ VE REKLAM MALZEMELERİ ÜRETİM PAZARLAMA TİCARET LİMİTED ŞİRKETİ;HURRIYET MAH. AKGÜN SK. NO:11 KAĞITHANE İSTANBUL;(212) 2192420;www.landers.com.tr;landers.com.tr;ÇİB - Çelik İhracatçıları Birliği
KÖSTER YAPI KİMYASALLARI İNŞAAT SANAYİ VE TİCARET ANONİM ŞİRKETİ;GEBKİM KOCAELİ GEBZE V. KİMYA İHTİSAS ORGANİZE SAN. BÖLG.ATATÜRK BULV. NO:6 GEBZE KOCAELİ;(262) 7542020;http://www.kostershop.com;kostershop.com;ÇİB - Çelik İhracatçıları Birliği
KÖSTER YAPI KİMYASALLARI İNŞAAT SANAYİ VE TİCARET ANONİM ŞİRKETİ;İPTAL MALTEPE İSTANBUL;02165892444;www.koster.com.tr;koster.com.tr;ÇİB - Çelik İhracatçıları Birliği
MAKEL MEKANİK MÜHENDİSLİK A.Ş.;BURHAN SOK.NO.58 ÜMRANİYE İSTANBUL;02163650365;www.makelgroup.com;makelgroup.com;ÇİB - Çelik İhracatçıları Birliği
OKYANUS ALÜMİNYUM SANAYİ TİCARET ANONİM ŞİRKETİ;İSTANBUL KURTPINAR O.S.B. MAH. 23. SOK. NO:4/1 MURATLI TEKİRDAĞ;02128861656;www.okyanusaluminyum.com;okyanusaluminyum.com;ÇİB - Çelik İhracatçıları Birliği
ASİSTAN KİMYA SANAYİ VE TİCARET LİMİTED ŞİRKETİ;ÜÇEVLER MAH. ÜNAY SOK. B BLOK 12 B/1 NİLÜFER BURSA;(224) 4416249;http://www.havuzdan.com;havuzdan.com;ÇİB - Çelik İhracatçıları Birliği
ARGOS SES IŞIK ÜR. VE DESTEK TEKN. SAN. TİC. AŞ;HALIDE EDIP ADIVARMH.KUTLUBEY SK.NO.3 ŞİŞLİ İSTANBUL;02122220750;www.argostr.com;argostr.com;ÇİB - Çelik İhracatçıları Birliği
EDS ENJEKSİYON DÖKÜM SANAYİ VE TİCARET ANONİM ŞİRKETİ;CUMHURIYET MAH. İSMET İNÖNÜ CAD. CİHAN SOK. NO:3 ÇAYIROVA 41420 ÇAYIROVA, KOCAELI, TÜRKİYECİHAN SOK. NO:2 ÇAYIROVA ÇAYIROVA KOCAELİ;(262) 6580872;www.edsdokum.com.tr;edsdokum.com.tr;ÇİB - Çelik İhracatçıları Birliği
ELEGANT ALÜMİNYUM PROFİL VE AKSESUAR SİSTEMLERİ SANAYİ VE TİCARET LİMİTED ŞİRKETİ;HÜRRİYET MH DR CEMİL BENGÜ CD NO:56A KAĞITHANE İSTANBUL;(212) 2912144;www.elegantaksesuar.com;elegantaksesuar.com;ÇİB - Çelik İhracatçıları Birliği
EMIKON ELEKTRONIK SAN VE TIC LTD.STI;DES SAN. SİT. 103 SK. B-07 BLOK NO:34 YUKARIDUDULLU ÜMRANİYE İSTANBUL;02164208345;www.emikon.com.tr;emikon.com.tr;ÇİB - Çelik İhracatçıları Birliği
ERGÜN YAPI ELEMANLARI DOĞRAMA,MOBİLYA İNŞAAT ELEKTRİK TAAHHÜT SANAYİ VE TİCARET LİMİTED ŞİRKETİ;İSTİKLAL MAH. ATİLLA CAD. NO: 78 OSMANGAZİ BURSA;(224) 2476665;www.ergunyapi.com.tr;ergunyapi.com.tr;ÇİB - Çelik İhracatçıları Birliği
DÖKERLER DÖKÜM PLASTİK VE POLİ ETİLEN SAN.İTH.İHR.LTD.ŞTİ.;ISTANBUL YOLU 21.KM.NO:23 SUSUZ KAHRAMANKAZAN ANKARA;(312) 2809501;www.dokerler.com;dokerler.com;ÇİB - Çelik İhracatçıları Birliği
DRN ENDÜSTRİYEL MUTFAK SAN. VE TİC. LTD. ŞTİ.;MAHMUTBEY MAH. DEVEKALDIRIM BULV.NO.16 İÇ KAPI NO:B1 MAHMUTBEY BAĞCILAR İSTANBUL;(212) 4470222;www.drnmutfak.com.tr;drnmutfak.com.tr;ÇİB - Çelik İhracatçıları Birliği
ORO YÜZEY İŞLEM TEKNOLOJİLERİ VE DIŞ TİCARET LİMİTED ŞİRKETİ;YENİDOĞAN MH CİCOZYOLU CD POLAT SK NO:8/D BAYRAMPAŞA İSTANBUL;(212) 5651206;www.orokulp.com;orokulp.com;ÇİB - Çelik İhracatçıları Birliği
OSMAN İGREK;KAVACIK MH ÖGE SK NO:29A BEYKOZ İSTANBUL;;www.jumboaccesorii.com;jumboaccesorii.com;ÇİB - Çelik İhracatçıları Birliği
ÖZMARMARA TEDARİK HIRDAVAT MALZEMELERİ SANAYİ VE TİCARET LİMİTED ŞTİ;EVLIYA ÇELEBI MAH. MAVI SK. NO: 26 IÇ KAPI NO: 2 TUZLA İSTANBUL;(216) 4472053;http://www.marmaratedarik.com;marmaratedarik.com;ÇİB - Çelik İhracatçıları Birliği
PARTOĞLU MAKİNA METAL SANAYİ VE TİCARET LİMİTED ŞİRKETİ;SANAYİ MH. SANAYİ CD. KURTKÖY SANAYİ SİTESİ B BLOK NO:81 PENDİK İSTANBUL;;http://www.partoglumetal.com;partoglumetal.com;ÇİB - Çelik İhracatçıları Birliği
MERKUR ITH.IHR.TIC.LTD.STI.;ORTA MAH. MALTEPE CAD. SAMANYOLU SOK. ÖZ İŞ HANI NO.5 K.2 BAYRAMPAŞA İSTANBUL;(212) 2945418;www.merkurgold.com;merkurgold.com;ÇİB - Çelik İhracatçıları Birliği
METAKS MOBİLYA AKS. SAN. VE DIŞ TİC. LTD. ŞTİ.;GÜRSEL MH KAĞITHANE CD NO :42/A KAĞITHANE İSTANBUL;;www.metaksltd.com;metaksltd.com;ÇİB - Çelik İhracatçıları Birliği
KÜTÜK MERMER İNŞAAT SANAYİ VE TİCARET ANONİM ŞİRKETİ;MAHIR IZ CAD. NO:20 KAT 3 ALTUNİZADE ÜSKÜDAR İSTANBUL;(216) 4749204;www.kutukstone.com;kutukstone.com;ÇİB - Çelik İhracatçıları Birliği
HCS KABLOLAMA SISTEMLERI SANAYİ VE TICARET ANONİM ŞİRKETİ;ORUÇ REİS MAH. GİYİMKENT SİTESİ VADİ CADDESİ NO: 3/A 34235 ESENLER İSTANBUL;(212) 4382575;www.hescs.com;hescs.com;ÇİB - Çelik İhracatçıları Birliği
GÜNEY LPG İNŞAAT SANAYİ VE TİCARET LTD.ŞTİ.;BAĞLARBAŞI MAH.YÜCE SOK. NO:8 GAZİOSMANPAŞA İSTANBUL;(212) 6141988;http://www.guneysanayigazlari.com.tr/;guneysanayigazlari.com.tr;ÇİB - Çelik İhracatçıları Birliği
SAÇAR MAKİNE SAN. VE TİC.LTD.ŞTİ.;KEMANKEŞ MAH. NECATİBEY CAD. NO:82 BEYOĞLU İSTANBUL;(212) 2528591;www.sacarmakina.com.tr;sacarmakina.com.tr;ÇİB - Çelik İhracatçıları Birliği
REBOX MODÜLER YAPI ANONIM SIRKETI;BALÇIK MAH. ORGANIZE CAD. NO: 10 GEBZE KOCAELİ;;www.rebox.com.tr;rebox.com.tr;ÇİB - Çelik İhracatçıları Birliği
MUSTAFA OĞUZ;2842 SOK.NO:25-27 URLA İZMİR;02324337479;www.oguzmarine.com.tr;oguzmarine.com.tr;ÇİB - Çelik İhracatçıları Birliği
MIRAY MOBILYA VE MUTFAK AKS. YAPI MAL.SAN.TIC.LTD.ŞTI.;ÖMERLİ MAH. SECİYE SOK. NO.3 ARNAVUTKÖY İSTANBUL;(212) 4440876;www.gilanmetal.com;gilanmetal.com;ÇİB - Çelik İhracatçıları Birliği
MEFA ELEKTRIK MUHENDISLIK SANAYİ VE TICARET LİMİTED ŞİRKETİ;PERPA TİCARET MERKEZİ A BLOK KAT:5 NO:52-54-56 ŞİŞLİ İSTANBUL;(212) 2108700;www.mefaelektrik.com;mefaelektrik.com;ÇİB - Çelik İhracatçıları Birliği
ÖZAK GEÇİŞ TEKNOLOJİLERİ SANAYİ TİCARET ANONİM ŞİRKETİ;ÇUHANE CD.NO:41135CIRAKLIK EGITIM MERK.KARSISI KARTEPE KOCAELİ;(262) 3734848;www.ozak-t.com.tr;ozak-t.com.tr;ÇİB - Çelik İhracatçıları Birliği
ÖZ İSTANBUL TEKSTİL MAKİNALARI İTH İHR SAN.VE TİC LTD ŞTİ;BAĞLAR MAH.ÇEŞME ALTI SK.NO:9 K:1 BAĞCILAR İSTANBUL;(212) 6550305;www.ozistanbul.com.tr;ozistanbul.com.tr;ÇİB - Çelik İhracatçıları Birliği
PROMARK DİJİTAL TEKNOLOJİLER LİMİTED ŞİRKETİ;İVEDİK CAD. NO:245/38 İVEDİKKÖYMAH. 06378 YENİMAHALLE YENİMAHALLE ANKARA;(312) 5440915;www.promarkdijital.com;promarkdijital.com;ÇİB - Çelik İhracatçıları Birliği
OMAK DIŞ TİCARET A.Ş.;TINAZTEPE MH. BÜLBÜLDERESİ CADDESİ NO. 36/C ÇANKAYA ANKARA;(312) 4333133;www.omak.com.tr;omak.com.tr;ÇİB - Çelik İhracatçıları Birliği
KUESTA DIS TIC.LTD.STI.;İKİTELLİ OSB MH HÜRRİYET BULVARI DEPARKO SAN SİT NO:6/2-Z İKİTELLİ BAŞAKŞEHİR İSTANBUL;(212) 5535313;www.kuesta.com;kuesta.com;ÇİB - Çelik İhracatçıları Birliği
KORKMAZ DIŞ TİCARET ANONİM ŞİRKETİ;EMEK MH ORDU CD NO:30 SANCAKTEPE İSTANBUL;(216) 4440147;www.korkmaz.com.tr;korkmaz.com.tr;ÇİB - Çelik İhracatçıları Birliği
KARDEŞ ELEKTRİK SANAYİ VE TİCARET A.Ş.;YASSIÖREN MAH. FİFA SOK. NO.4 ARNAVUTKÖY İSTANBUL;02126249204;www.kardeselektrik.com.tr;kardeselektrik.com.tr;ÇİB - Çelik İhracatçıları Birliği
IŞILPLAST PLASTİK SANAYİ VE TİCARET ANONİM ŞİRKETİ;ULUS MAH. ÇATALCA YOLU NO:597 BÜYÜKÇEKMECE İSTANBUL;(212) 8610192;www.siesta.com.tr;siesta.com.tr;ÇİB - Çelik İhracatçıları Birliği
INTERLINKS GROUP İÇ VE DIŞ C.LTD.ŞTİ;İOSB MAH. SARAÇLAR SAN. SİT. 9 BLOK NO:36 BAŞAKŞEHİR İSTANBUL;(212) 5678775;www.interlinksgroup.com;interlinksgroup.com;ÇİB - Çelik İhracatçıları Birliği
DİSAN BOYA VE KİMYA SANAYİ VE TİCARET LİMİTED ŞİRKETİ;BOYA VERMIK.SAN.SITE.TEM YANYOLU 1.C.4.SK. N:3 TUZLA İSTANBUL;(216) 5930010;www.disanboya.com;disanboya.com;ÇİB - Çelik İhracatçıları Birliği
ÇERÇİ KOZMETİK VE OTEL EKİPMANLARI PAZ.İÇ VE DIŞ TİC.LTD.ŞTİ.;SEMERKANT CAD. NO.21 ÖRNEKTEPE ATAŞEHİR İSTANBUL;(216) 3363646;www.bukletevi.com;bukletevi.com;ÇİB - Çelik İhracatçıları Birliği
EMA TESISAT VE ENDUSTRIYEL CIHAZLAR SANAYI VE TIC.A.S.;OTO SANAYI SITESI YEŞİLCE MAH.AYTEKIN SOK. NO:7 BEŞİKTAŞ İSTANBUL;(212) 2795159;www.ematesisat.com.tr;ematesisat.com.tr;ÇİB - Çelik İhracatçıları Birliği
E GAZ MALZEMELERİ MÜHENDİSLİK MÜŞAVİRLİK SANAYİ VE TİCARET ANONİM ŞİRKETİ;FERHATPAŞA MAH. 49. SK. NO:31 -35A ATAŞEHİR İSTANBUL;(216) 3101900;www.e-gaz.com.tr;e-gaz.com.tr;ÇİB - Çelik İhracatçıları Birliği
AMİRAL İŞ GÜVENLİĞİ HIRD.İNŞ.SAN.TİC.LTD.ŞTİ.;ISTOC 18.ADA NO.110 BAĞCILAR İSTANBUL;;www.amiralinsaat.com.tr.;amiralinsaat.com.tr.;ÇİB - Çelik İhracatçıları Birliği
ALUMECH MEKATRONİK VE ROBOT OTMASYON SİSTEMLERİ SAN. DIŞ TİC. LTD. ŞTİ.;İOSB MH TORMAK SAN SİT S BLOK NO:22-24 BAŞAKŞEHİR İSTANBUL;(212) 7779260;www.alumech.com.tr;alumech.com.tr;ÇİB - Çelik İhracatçıları Birliği
ADEKS MÜHENDİSLİK VE TİC. A.Ş.;KOŞUYOLU MAH.ALİ DEDE CAD.ALİ NAZİME SOK.N:15 KADIKÖY İSTANBUL;(216) 3399500;www.adeksmuhendislik.com.tr;adeksmuhendislik.com.tr;ÇİB - Çelik İhracatçıları Birliği
AS BOYA KIMYA SANAYI VE TICARET A.S.;HADIMKÖY MAH. AYASOFYA CAD. NO:14 ARNAVUTKÖY İSTANBUL;02127712664;www.asboya.com;asboya.com;ÇİB - Çelik İhracatçıları Birliği
BİMAK OTOMOTİV SAN.TİC.LTD.ŞTİ.;MİMAR SİNAN MH. YEDPA TİC.MERKEZİH2 CAD.N:167 ATAŞEHİR İSTANBUL;(216) 6616285;www.bimakmakina.com.tr;bimakmakina.com.tr;ÇİB - Çelik İhracatçıları Birliği
NBA ÇELİK ENDÜSTRİ MALZEMELERİ SANAYİ VE TİC. LTD .ŞTİ.;EVLİYA ÇELEBİ MAH. CÖMERT SOKAK TUZLA GEMİ YAN SANSİTESİ A BLOK NO: 30 TUZLA İSTANBUL;(216) 3950622;http://www.nbacelik.com;nbacelik.com;ÇİB - Çelik İhracatçıları Birliği
ISCAR KESİCİ TAKIM TİCARETİ VE İMALATI LİMİTED ŞİRKETİ;GEBZE ORG. SAN. BOLG. İHSAN DEDECAD. NO.105 GEBZE KOCAELİ;(262) 7510484;www.iscar.com.tr;iscar.com.tr;ÇİB - Çelik İhracatçıları Birliği
GİZ KOZMETİK A.Ş.;BARBAROS HAYRETTİN PAŞA MH 1992.SK NO:12/5 ESENYURT İSTANBUL;;www.gizcosmetics.com.tr;gizcosmetics.com.tr;ÇİB - Çelik İhracatçıları Birliği
BAYKARA KELEPCE SAN.VE TIC.LTD .STI.;İKİTELLİ O.S.B. MAH. İSTEKS E1 BLOK SOK. İSTEKS SAN. SİTESİ NO:1 İKİTELLİ BAŞAKŞEHİR İSTANBUL;(212) 4855014;www.baykarakelepce.com;baykarakelepce.com;ÇİB - Çelik İhracatçıları Birliği
ASG TEKNOLOJİK TESİSAT MALZ.SAN.VE TİC.LTD.ŞTİ;YILDIZEVLER MAH.708.SOK NO:8/4 ÇANKAYA ANKARA;(312) 4430282;www.asgtekno.com;asgtekno.com;ÇİB - Çelik İhracatçıları Birliği
ALATO MÜHENDİSLİK İNŞAAT SAN. VE TİC. LTD. ŞTİ;KÜÇÜKBAKKALKÖY MAH. KAYIŞDAĞI CAD. METAL İŞ MERKEZİ. NO:37. D:91 ATAŞEHİR İSTANBUL;(216) 4695411;www.alato.com.tr;alato.com.tr;ÇİB - Çelik İhracatçıları Birliği
ECE BOYA KİMYA SANAYİ VE TİCARET ANONİM ŞİRKETİ;IDOSB KARADENİZ CADDESİNO.131 TUZLA İSTANBUL;(216) 3041560;www.eceboya.com;eceboya.com;ÇİB - Çelik İhracatçıları Birliği
ELTAŞ ELEKTRİK MALZEMELERİ SANAYİ VE PAZARLAMA A.Ş.;GEBZE O.S.B. İSYANDEDE CAD.N:112 GEBZE KOCAELİ;(262) 7511258;www.legrand.com.tr;legrand.com.tr;ÇİB - Çelik İhracatçıları Birliği
CPG MADENCİLİK MÜHENDİSLİK VE METAL SAN. TİC. LTD. ŞTİ.;ATATRÜK MAH ERTUĞRUL GAZİ SK METROPOL İSTANBUL SİTESİ A BLOK APARTMAN A28 ATAŞEHİR İSTANBUL;(216) 6889191;www.cpg-turkey.com;cpg-turkey.com;ÇİB - Çelik İhracatçıları Birliği
ZİNDE MÜŞAVİRLİK MÜHENDİSLİK LİMİTED ŞİRKETİ;MAHMUTBEY MAH. TAŞOCAĞI YOLU CAD. NO:3 K:5 D:88 BAĞCILAR İSTANBUL;(212) 5063488;http://www.zindemuhendislik.com.tr;zindemuhendislik.com.tr;ÇİB - Çelik İhracatçıları Birliği
TÜM PLASTİK VE MAKİNA KALIP SAN. VE TİC. LTD. ŞTİ.;OSMANGAZİ MAH.MAREŞAL FEVZİ ÇAKMAK CAD.2647 SOK. N:16 ESENYURT İSTANBUL;(212) 6371366;www.tumplastik.com;tumplastik.com;ÇİB - Çelik İhracatçıları Birliği
TEM-SER PLASTİK DOĞRAMA SAN. PAZ. VE TİC. LTD. ŞTİ.;FETİH CAD. 3 SOK. NO:3 ŞİRİNEVLER BAHÇELİEVLER İSTANBUL;(212) 5510023;www.temser.com;temser.com;ÇİB - Çelik İhracatçıları Birliği
STARBOND METAL PANEL KİREMİT İNŞ. İTH. İHR. SAN. VE TİC. LTD.ŞTİ.;MALİKÖY ANADOLU OSB MAH. ANADOLU OSB 7. CAD. NO:6 SİNCAN ANKARA;(212) 6909738;www.starbondmetal.com;starbondmetal.com;ÇİB - Çelik İhracatçıları Birliği
ZİRVE EMS ENERJİ SANAYİ TİCARET LİMİTED ŞİRKETİ;OSTİM OSB MAH.1219.CAD.NO:3 YENİMAHALLE ANKARA;(312) 5666994;https://www.zirveenerji.com/;zirveenerji.com;ÇİB - Çelik İhracatçıları Birliği
YILMAZ KIRCAOĞLU;AKPINAR SAN BÖLGESİ YASSIÖREN MH BALKIRI SK NO:19 BAŞAKŞEHİR İSTANBUL;(212) 6751189;www.bsmsandalye.com;bsmsandalye.com;ÇİB - Çelik İhracatçıları Birliği
YAVUZ PLASTİK STAND TEŞHİR SİSTEMLERİ DEKORASYON İNŞAAT SANAYİ VE TİCARET LİMİTED ŞİRKETİ;ÖMERLİ MAH. MISIR SK. KOS KOOP SAN. SİT. NO:4 ARNAVUTKÖY İSTANBUL;(212) 5130597;www.yavuzplastik.com;yavuzplastik.com;ÇİB - Çelik İhracatçıları Birliği
SORBİL ELEKTRİK İÇ VE DIŞ TİCARET SANAYİ ANONİM ŞİRKETİ;MERİÇ MAH.5620 SOKAK NO:7/B. ÇAMDİBİ BORNOVA İZMİR;(232) 4585898;www.sorbilelektrik.com.tr;sorbilelektrik.com.tr;ÇİB - Çelik İhracatçıları Birliği
PUNTO ALÜMİNYUM SANAYİ VE TİCARET LİMİTED ŞİRKETİ;FERHATPAŞA MH 27 SK NO:59 ATAŞEHİR İSTANBUL;(216) 4710425;www.puntoaluminyum.com;puntoaluminyum.com;ÇİB - Çelik İhracatçıları Birliği
SARAÇ TEKNİK HIRDAVAT A.Ş.;YUKARI DUDULLU MH NATO YOLU CD NO:165/A ÜMRANİYE İSTANBUL;(216) 3119297;www.saracteknik.com.tr;saracteknik.com.tr;ÇİB - Çelik İhracatçıları Birliği
TUNA TARTI VE ELEKTRONİK SİSTEMLER LİMİTED ŞİRKETİ;HALKAPINAR MAH.1202/2 SOK.NO:31 D:112 KONAK İZMİR;(232) 2816901;www.tunasistem.com.tr;tunasistem.com.tr;ÇİB - Çelik İhracatçıları Birliği
TOREKS ENERJİ VE TEKNOLOJİ HİZMETLERİ SANAYİ VE TİCARET ANONİM ŞİRKETİ;TUZLA BOYA VERNİK ORG.SAN.BÖLG.BATIYAN CAD.3.SOK.NO:3/2 ORHANLI TUZLA İSTANBUL;(216) 4448673;www.torekselectrik.com;torekselectrik.com;ÇİB - Çelik İhracatçıları Birliği
ABMS İNŞAAT SANAYİ VE TİCARET ANANOM ŞİRKETİ;YENİŞEHİR MAH. SÜMBÜL SOK.NO:6/1/79 PENDİK PENDİK İSTANBUL;(216) 7712018;http://info@abmsinsaat.com;info@abmsinsaat.com;ÇİB - Çelik İhracatçıları Birliği
ANT TEKNİK CİHAZLAR PAZARLAMA VE DIŞ TİCARET ANONİM ŞİRKETİ;BURHANIYE MAH.BEY BOSTANI SOK NO.45 ÜSKÜDAR İSTANBUL;02164226700;www.antteknik.com;antteknik.com;ÇİB - Çelik İhracatçıları Birliği
ASSA ABLOY GECIS SISTEMLERI A. S.;BAĞDAT CADDESİ NO:519 PLAZA 519 KAT 8 DAİRE 8 KADIKÖY İSTANBUL;02164426850;www.altinoz.net;altinoz.net;ÇİB - Çelik İhracatçıları Birliği
BAŞKURT MAKİNA SANAYİ TİCARET VE LİMİTED ŞİRKETİ;FERHATPAŞA MH 101 SK NO:3/1 ATAŞEHİR İSTANBUL;(212) 5776865;www.baskurtmakina.com;baskurtmakina.com;ÇİB - Çelik İhracatçıları Birliği
BERCAN SANAYİ ÜRÜNLERİ TİCARET VE SANAYİ ANONİM ŞİRKETİ;GALATA HIRDAVATCILAR CARSISINO.68 BEYOĞLU İSTANBUL;02122492069;www.bercan.com;bercan.com;ÇİB - Çelik İhracatçıları Birliği
BOLEM ELEKTRİK VE ELEKTRONİK SANAYİ VE TİCARET ANONİM ŞİRKETİ;1203/9 SK NO:3/I KARAHASAN ATLI İŞ MRK KONAK İZMİR;(232) 4699595;https://www.bolemelektrik.com;bolemelektrik.com;ÇİB - Çelik İhracatçıları Birliği
HİDROPAKS HİDROLİK SAN. VE TİC. A.Ş.;ORHANLI MAH. DEMOKRASİ CAD. NO.105 TUZLA İSTANBUL;(216) 4446545;www.hidropaks.com.tr;hidropaks.com.tr;ÇİB - Çelik İhracatçıları Birliği
FİLMAK ENDÜSTRİYEL ÜRÜNLERİ SANAYİ VE TİCARET LTD. ŞTİ.;MAHMUTBEY MAHALLESİ İSTOÇ 43. YOL SOKAK NO:21BAĞCILAR BAĞCILAR İSTANBUL;(212) 6597496;www.filmak.com.tr;filmak.com.tr;ÇİB - Çelik İhracatçıları Birliği
KLT ENERJİ MÜHENDİSLİK TAAHHÜT SANAYİ VE TİCARET LİMİTED ŞİRKETİ;KÜÇÜKBAKKALKÖY MAH. DEREBOYU CAD. R5 REZİDANS BLOK:23A DAİRE:100 34758 ATAŞEHİR, İSTANBUL, TÜRKİYE ATAŞEHİR İSTANBUL;(216) 5103577;www.kltenerji.com;kltenerji.com;ÇİB - Çelik İhracatçıları Birliği
ÖZMAK TEKNOLOJİ MAKİNA SANAYİ VE TİCARET ANONİM ŞİRKETİ;TAVUKCUYOLU CETIN CD.YUNUS EMRE SK. NO.37 ÜMRANİYE İSTANBUL;02164994404;www.ozmakina.com;ozmakina.com;ÇİB - Çelik İhracatçıları Birliği
OKTAY ÖNAL;MİMAR SİNAN MH.ÜSKÜDAR CD. YEDPA APT.NO:1 F/121 ATAŞEHİR ATAŞEHİR İSTANBUL;(216) 0000000;http://www.trendmarin.com;trendmarin.com;ÇİB - Çelik İhracatçıları Birliği
MTM ENDÜSTRİYEL SU ARITMA VE PROJE UYGULAMALARI SİSTEMLERİ SANAYİ TİCARET LİMİTED ŞİRKETİ;ÜNİVERSİTE MAH. ZAMBAK SK. N:5/1A AVCILAR İSTANBUL;(212) 6948507;www.mtmsuaritma.com.tr;mtmsuaritma.com.tr;ÇİB - Çelik İhracatçıları Birliği
MURAT AYDINLATMA SAN. VE TİC.A.Ş.;ÖMERLİ MAH. RENGİN SOK. NO:13 ARNAVUTKÖY İSTANBUL;(212) 8559996;www.avolux.com;avolux.com;ÇİB - Çelik İhracatçıları Birliği
MURAT ÖZAKYÜZ;EMEKEVLER MAH. FIRAT SK. KATSİAD KARTEPESANAYİCİ VE İŞ ADAMLARI DERNEĞİ NO:1/1-A - PK:4125 KARTEPE KOCAELİ;(262) 3715361;www.hsmyapi.com;hsmyapi.com;ÇİB - Çelik İhracatçıları Birliği
MERKEZ MOTOR MAKİNE SAN. VE TİC. A.Ş.;TERAZİDERE MAH. PAK SOK. NO:11 BAYRAMPAŞA İSTANBUL;(212) 6748516;www.merkezmotor.com.tr;merkezmotor.com.tr;ÇİB - Çelik İhracatçıları Birliği
MAKRO YAZILIM VE MÜHENDİSLİK LTD.ŞTİ.;GÖKSU MAH.ERTUĞRULBEY CAD.NO:2/2/97 ETİMESGUT ANKARA;(312) 2884897;https://www.makroyazilim.com.tr/;makroyazilim.com.tr;ÇİB - Çelik İhracatçıları Birliği
OMEGA BOYA VE KIMYA SAN.TIC. LTD.STI.;ISTANBUL ORG.DERI SAN.BÖLG. 1.YOL H11 PARSEL TUZLA İSTANBUL;02163948422;www.omegaboya.com;omegaboya.com;ÇİB - Çelik İhracatçıları Birliği
OCAK HIRDAVAT MEK. MÜH. İNŞ. NAK. PET. ÜRN. SAN.VE TİC. A.Ş.;İSTASYON MH 1478 SK NO:25 GEBZE KOCAELİ;(262) 6427367;http://www.ocakhirdavat.com;ocakhirdavat.com;ÇİB - Çelik İhracatçıları Birliği
PAPİLLA ALÜMİNYUM SANAYİ TİCARET ANONİM ŞİRKETİ;MAHMUTBEY MH İSTOÇ TİC MERKEZİ ASLAN PLAZA B BLOK KAT:4NİĞDE OSB BÖLGESİ 12 CD NO:7/1 MERKEZ- NİĞDE BAĞCILAR İSTANBUL;(212) 6767838;www.papillacookware.com;papillacookware.com;ÇİB - Çelik İhracatçıları Birliği
KECOGLU MAKINA SANAYI VE TICARET A.S.;KERESTECILER SITESI CINAR S.N:9 GÜNGÖREN İSTANBUL;02125070249;www.kecogulmakina.com;kecogulmakina.com;ÇİB - Çelik İhracatçıları Birliği
KCC BOYA SAN.VE TIC.LTD.STI.;GEBZE ORG.SAN.BOLGESI TEMBELOVA MEVKII 3100 CAD. N:3107 GEBZE KOCAELİ;02626450200;www.kccboya.com.tr;kccboya.com.tr;ÇİB - Çelik İhracatçıları Birliği
KUZEYLER ALÜMİNYUM SANAYİ VE TİCARET LTD.ŞTİ.;FERHATPAŞA MAH. ESKÜDAR CD. NO:26 ATAŞEHİR İSTANBUL;(216) 4714351;www.kuzeyleraluminyum.com;kuzeyleraluminyum.com;ÇİB - Çelik İhracatçıları Birliği
ISLER MAKINA IMALAT SAN.VE TIC LTD.STI.;İSTANBUL TUZLA OSB. 2. CD. NO:31 TUZLA İSTANBUL;(216) 5931753;www.islermakine.com;islermakine.com;ÇİB - Çelik İhracatçıları Birliği
KAFKAS GLOBAL MEDIKAL TEDARIK VE DIS TICARET LIMITED SIRKETI;KONAK MAH. BARIS(120) SK. NO: 3 IÇ KAPI NO: 12NILÜFER/BURSA PK:16000 NİLÜFER BURSA;;http://kafkasglobal.com/;kafkasglobal.com;ÇİB - Çelik İhracatçıları Birliği
HAKAN BARAN;İNEBEY MAH. TİRYAKİ HASANPAŞA CAD. NO:29 AKSARAY FATİH İSTANBUL;(212) 6329743;www.hakanlarotomotiv.com;hakanlarotomotiv.com;ÇİB - Çelik İhracatçıları Birliği
AVESCON ELEKTRİK SAN. VE DIŞ TİC. LTD. ŞTİ.;HALİL RIFATPAŞA MAH.YÜZER HAVUZ SOK.PERPA TİC. MERK A BLOK K:2 NO:24 OKMEYDANI ŞİŞLİ İSTANBUL;(212) 2216852;www.avescon.com.tr;avescon.com.tr;ÇİB - Çelik İhracatçıları Birliği
AKIN ALÜMİNYUM PLASTİK DOĞ.SAN VE TİC.LTD.ŞTİ;YENI M.GENERAL KANI ELITEZ SOK. NO.32 BAKIRKÖY İSTANBUL;02125707154;www.akinaluminyum.com;akinaluminyum.com;ÇİB - Çelik İhracatçıları Birliği
EREN AVCI;OSMANGAZİ MAH. ZAMBAK SOK. NO.40/1 ESENYURT - İST ESENYURT İSTANBUL;(212) 0000000;http://www.vegaled.com.tr;vegaled.com.tr;ÇİB - Çelik İhracatçıları Birliği
DEHA MÜH.ELEK.ELETRK.SAN.VE DIŞ TİC.LTD.ŞTİ.;PERPA TİC. MRK. B. BLOK KAT:5 NO:210 ŞİŞLİ İSTANBUL;(212) 2203631;www.dehamuhendislik.net;dehamuhendislik.net;ÇİB - Çelik İhracatçıları Birliği
DEMİR RAF VE STAND SAN.LTD.STİ;HALICIOĞLU MH ABDULSELLAM SK NO:1/3 SÜTLÜCE BEYOĞLU İSTANBUL;(212) 5761596;www.demirraf.com;demirraf.com;ÇİB - Çelik İhracatçıları Birliği
DETRA MÜHENDİSLİK SANAYİ VE TİCARET LİMİTED ŞİRKETİ;İÇERENKÖY MAH. UMUT SK. NO:10-12/70 QUİCKTOWER K:16 ATAŞEHİR İSTANBUL;(216) 6870319;www.detraeng.com;detraeng.com;ÇİB - Çelik İhracatçıları Birliği
BORSAN KABLO ELEKTRİK AYDINLATMA İNŞAAT SANAYİ VE TİCARET ANONİM ŞİRKETİ;ŞABANOĞLU OSB MAH. ORG. SAN. BÖL. NO:40/1 TEKKEKÖY SAMSUN;(362) 2665925;www.borsan.com.tr;borsan.com.tr;ÇİB - Çelik İhracatçıları Birliği
CETA FORM EL ALETLERİ SANAYİ VE TİCARET A.Ş.;MERMERCİLER SAN. SİTESİ 3. CAD. NO:3 BEYLİKDÜZÜ İSTANBUL;(212) 8764641;www.cetaform.com;cetaform.com;ÇİB - Çelik İhracatçıları Birliği
TERMOSA MOBİL SİSTEMLERİ ANONİM ŞİRKETİ;SANAYİ BÖLGESİ ÇEVRE SANAYİ SİTESİ 1 BLOK NO:21 BAŞAKŞEHİR İSTANBUL;(212) 4853343;www.termosa.com;termosa.com;ÇİB - Çelik İhracatçıları Birliği
TANKSERV ULUSLARARASI PROJELER MÜHENDİSLİK TANK VE TERMİNAL SİSTEMLERİ LİMİTED ŞİRKETİ;YAZLIK YENİ MAH.BAŞÖĞRETMEN CAD.NO:46 GÖLCÜK KOCAELİ;(262) 5800000;www.atecotank.com;atecotank.com;ÇİB - Çelik İhracatçıları Birliği
SUBOR BORU SANAYİ VE TİCARET ANONİM ŞİRKETİ;ACIBADEM MAH. SOKULLU SK NO:12 K:3 34710 KADIKÖY, KADIKÖY İSTANBUL;(216) 7044525;www.subor.com.tr;subor.com.tr;ÇİB - Çelik İhracatçıları Birliği
SY STARGAS LOKANTA MALZEMELERİ VE İTHALAT İHRACAT SANAYİ TİCARET LİMİTED ŞİRKETİ;MEHMET AKİF ERSOY MAH. 1826 SOK. NO:31/1 ESENYURT İSTANBUL;;www.systargas.com;systargas.com;ÇİB - Çelik İhracatçıları Birliği
SOYTAŞ DIŞ TİC. LTD. ŞTİ.;YAKUPLU MAH. BARBAROS CAD. NO:57/426 BEYLİKDÜZÜ YAKUPLU MAH 34524 YAKUPLU BEYLİKDÜZÜ İSTANBUL;(212) 8582222;www.soytasgroup.com.tr;soytasgroup.com.tr;ÇİB - Çelik İhracatçıları Birliği
YAZGAN T-D ELEKT.MAK.GIDA PET. ÜR.CAM.PL.IML.ITH.SAN.TIC.LTD.;UĞUR MUMCU CD.U.MUMCU SOK.NO-54/4 ÇANKAYA ANKARA;03124477301;www.yazgantd.com;yazgantd.com;ÇİB - Çelik İhracatçıları Birliği
X-RAY CENTER GÜVENLİK SİSTEMLERİ ANONİM ŞİRKETİ;10.CAD. X-RAY CENTER NO:14/Z BEYLİKDÜZÜ İSTANBUL;(212) 4225020;www.x-raycenter.com;x-raycenter.com;ÇİB - Çelik İhracatçıları Birliği
POLOCHEF MUTFAK EŞYALARI EV TEKSTİLİ SANAYİ VE DIŞ TİCARET ANONİM ŞİRKETİ;İKİTELLİ OSB MH ESKİ TURGUT ÖZAL CD ALTİNTAÇ İS MERKEZİ A BLOK NO:10/602 BAŞAKŞEHİR İSTANBUL;(212) 6590031;www.polochef.com.tr;polochef.com.tr;ÇİB - Çelik İhracatçıları Birliği
NOVILITY DIS TICARET VE URETIM LIMITED SIRKETI;YENIBOSNA MERKEZ MAH 29 EKIM CAD 2 NO 5 /103 BAHÇELİEVLER İSTANBUL;(212) 6032340;www.novilty.com;novilty.com;ÇİB - Çelik İhracatçıları Birliği
NANOKAP YÜZEY KAPLAMA TEKNOLOJİ METAL MAKİNA SANAYİ DIŞ TİCARET LİMİTED ŞİRKETİ;ERENLER MAHALLESİ 1234 SOKAK TURUVA GRANİT NO:21 ERENLER SAKARYA;(264) 2767315;www.nanokap.com;nanokap.com;ÇİB - Çelik İhracatçıları Birliği
MSA LAZER MÜHENDİSLİK VE TASARIM SANAYİ TİCARET LTD ŞTİ.;GEDELEK MAH. AÇMALAR SANAYİ SİTESİ SK. 8.BLOKNO: 8 İÇ KAPI NO: 5 ORHANGAZİ BURSA;(224) 0000000;https://msalazer.com.tr;msalazer.com.tr;ÇİB - Çelik İhracatçıları Birliği
MİA METAL SAN.VE TİC.LTD.ŞTİ;YENİDOĞAN MAH.EDEBALİ CAD. NO:25 SANCAKTEPE SULTANBEYLİ İSTANBUL;(216) 4308630;www.miametal.com;miametal.com;ÇİB - Çelik İhracatçıları Birliği
METİN EMAYE ENDÜSTRİYEL MUTFAK EKİPMANLARI BEYAZ EŞYA TAAHHÜT SAN. VE TİC. LTD. ŞTİ.;ORHANLI MAH. İRFAN CAD. NO:34 ORHANLI TUZLA İSTANBUL;(216) 3943586;www.meltemgas.com;meltemgas.com;ÇİB - Çelik İhracatçıları Birliği
GÜRİŞ İŞ MAKİNALARI ENDÜSTRİ A. Ş.;CEVİZLİ TUGAY YOLU NO:8 MALTEPE İSTANBUL;02163050557;www.gurispazarlama.com;gurispazarlama.com;ÇİB - Çelik İhracatçıları Birliği
HÜNDÜR KABLO ELEKTRİK SANAYİ VE TİCARET LTD. ŞTİ.;PERPA TİCARET MERKEZİ A BLOK KAT:5 NO:127 ŞİŞLİ İSTANBUL;(212) 2499199;www.hunkakablo.com.tr;hunkakablo.com.tr;ÇİB - Çelik İhracatçıları Birliği
FOREX EKSTRÜZYON KALIP LTD ŞTİ.;ŞEKERPINAR MH AYÇA SK NO:44/3 ÇAYIROVA KOCAELİ;(262) 5039216;www.forexdie.com;forexdie.com;ÇİB - Çelik İhracatçıları Birliği
GEDİK TERMO VANA SANAYİ VE TİCARET ANONİM ŞİRKETİ;ANKARA CAD. ŞEYHLİ MAH. NO:306 PENDİK İSTANBUL;(216) 3785000;www.gedik.com.tr;gedik.com.tr;ÇİB - Çelik İhracatçıları Birliği
İSTANBUL REKLAM ÜRÜNLERİ SANAYİ VE TİCARET LİMİTED ŞİRKETİ;MERKEZ MAH. GENC OSMAN CAD. NO.1 GÜNGÖREN İSTANBUL;02125397313;www.istanbulreklam.com;istanbulreklam.com;ÇİB - Çelik İhracatçıları Birliği
İSTANBUL SANAT FERFORCE SANAYİ VE TİCARET LİMİTED ŞİRKETİ;KÜÇÜKÇEKMECE İKİTELLİ OSB MAH. MARMARA R BLOK NO:8 KÜÇÜKÇEKMECE İSTANBUL;(212) 4722426;www.istanbulsanatferforje.com;istanbulsanatferforje.com;ÇİB - Çelik İhracatçıları Birliği
İSKA KALIP METAL MAKİNA İNŞAAT SAN.VE TİC.AŞ.;SULTAN ORHAN MAH.HASKÖY SAN.SİT.KÜME EVLERİ NO:15/6 GEBZE-KOCAELİ GEBZE KOCAELİ;(262) 6413806;http://www.iskakalip.com;iskakalip.com;ÇİB - Çelik İhracatçıları Birliği
BURAK OTOMOTIV SAN.VE TIC. LTD.STI.;INEBEY MAH INKILAP CAD NO 45 FATİH İSTANBUL;02126331818;www.burakoto.com;burakoto.com;ÇİB - Çelik İhracatçıları Birliği
DİZAYN VİTRİN DONATIM SANAYİ VE TİCARET ANONİM ŞİRKETİ;MARMARA SAN.SIT. M BLOK NO 287 KÜÇÜKÇEKMECE İSTANBUL;2128557766;www.dizaynvitrin.com.tr;dizaynvitrin.com.tr;ÇİB - Çelik İhracatçıları Birliği
ESMAN MAKINA SAN.ITH.IHR. MUMESSILLIK VE TIC.A.S.;İKİTELLİ OSB MH METAL İŞ SAN SİT 9. BLOK NO:3-5-7-9 BAŞAKŞEHİR İSTANBUL;(212) 6719310;www.esmancegan.com;esmancegan.com;ÇİB - Çelik İhracatçıları Birliği
FAMİPA DIŞ TİCARET LİMİTED ŞİRKETİ;MAHMUTBEY MH İSTOÇ TİCARET MERKEZİ 2 ADA NO:132-138 BAĞCILAR İSTANBUL;(212) 6593511;www.famipa.com.tr;famipa.com.tr;ÇİB - Çelik İhracatçıları Birliği
EKS DIS TICARET ANONİM ŞİRKETİ;ULUS MAH ÖZTOPUZ CAD 25 BEŞİKTAŞ İSTANBUL;02122133637;www.eksweb.com;eksweb.com;ÇİB - Çelik İhracatçıları Birliği
AVRUPA RAF SİSTEMLERİ SAN. VE TİC. LTD. ŞTİ.;MAHMUTBEY MAH. İSTOÇ 2428 SOK. 9 ADA NO:149/151 BAĞCILAR İSTANBUL;(212) 6598422;http://www.avruparaf.com.tr;avruparaf.com.tr;ÇİB - Çelik İhracatçıları Birliği
ATM OTOMASYON SİSTEMLERİ MAKİNA SAN. VE DIŞ TİC. LTD. ŞTİ.;ORUÇ REİS MAH.TEKSTİLKENT CAD.NO:10 D:Z008 ESENLER İSTANBUL;(212) 4380407;www.atmotm.com;atmotm.com;ÇİB - Çelik İhracatçıları Birliği
ASLAN TICARET DAYANIKLI TUKETIM MALLARI LTD.STI.;ASLAN PLAZA YENİBOSNA MERKEZ MH 29 EKİM CD N:11/C-Z1 BAHÇELİEVLER İSTANBUL;(212) 6590059;www.schafer.com.tr;schafer.com.tr;ÇİB - Çelik İhracatçıları Birliği
BETA RAF DEK.SAN.VE TIC.LTD.STI.;15 TEMMUZ MH GÜLBAHAR CD 1506 SK NO:1/26-27YENİ MH MAHMUTBEY CD NO:170C BAĞCILAR-İSTANBUL BAĞCILAR İSTANBUL;(212) 6513327;www.betaraf.com.tr;betaraf.com.tr;ÇİB - Çelik İhracatçıları Birliği
SULEYMAN CELEBI;: DUDULLU OSB MAH. İMES E BLOK 503 SOKAK NO: 2424775 ÜMRANİYE İSTANBUL;(216) 4710730;www.celebimakina.com;celebimakina.com;ÇİB - Çelik İhracatçıları Birliği
TEKNOSYS YAZILIM ELEKTRONİK TELEKOMÜNİKASYON TEKN. DAN. HİZM. İNŞ. SAN. İÇ VE DIŞ. TİC. LTD. ŞTİ.;GAZİ MAHALLESİ KÜME EVLER NO:16/2 YENİMAHALLE ANKARA 06170 YENİMAHALLE, ANKARA, TÜRKİYE YENİMAHALLE ANKARA;(312) 0000000;https://teknosys-yazlm-elektronik-teknolojileri-ltd.business.site/;teknosys-yazlm-elektronik-teknolojileri-ltd.business.site;ÇİB - Çelik İhracatçıları Birliği
TEPRO MAKINA VE OTOMASYON SISTEMLERI SAN.VE TİC. AŞ.;SEYRANTEPE MAH.ÇELİKAY CD.NO:2 KAĞITHANE İSTANBUL;;www.tepko.com.tr;tepko.com.tr;ÇİB - Çelik İhracatçıları Birliği
UCGE ELEKTRONIK CIH.BILG.VE MAG.EKIP.SAN.VE TIC.A.S.;DEGIRMENYOLU SOKAK KUTAY ISM.A BLOK NO.9 KADIKÖY İSTANBUL;02165754200;www.ucge.com.tr;ucge.com.tr;ÇİB - Çelik İhracatçıları Birliği
TURAK ENDÜSTRIYEL MUTFAK EKIPMANLARI SANAYI VE TICARET LIMITED SIRKETI;MALTEPE MH DAVUTPAŞA CD TİM 1 İŞ MERKEZİ NO:1-34-48-48A ZEYTİNBURNU İSTANBUL;;www.turakendustriyelmutfak.com.tr;turakendustriyelmutfak.com.tr;ÇİB - Çelik İhracatçıları Birliği
ÜÇGEN ENDÜSTRİYEL ÜRÜNLER SAN. TİC. LTD. ŞTİ.;ÇAKIL MAH. ELBASAN CAD. HARPUT SAN. SİT. NO:67 ÇATALCA İSTANBUL;(212) 8867190;www.tribecafsp.com;tribecafsp.com;ÇİB - Çelik İhracatçıları Birliği
YÜTAŞ YAPI ÜRÜNLERİ TİCARET ANONİM ŞİRKETİ;ORTAKLAR CD BAHÇELER SK NO:2/2 ŞİŞLİ İSTANBUL;(212) 2744720;www.lavabo.com.tr;lavabo.com.tr;ÇİB - Çelik İhracatçıları Birliği
UG OTOMOTİV TEKS.İNŞ.ELEKTRO.GIDA SAN.VE DIŞ TİC.LTD.ŞTİ.;DİVANYOLU KLODFARER CAD.NO:41 K:3 D:32ÇEMBERLİTAŞ FATİH İSTANBUL;;www.ugotomotiv.com;ugotomotiv.com;ÇİB - Çelik İhracatçıları Birliği
TARIMAK TARIM MAKINALARI SAN. VE TIC.A.S.;KURFALI MEVKII ANKARA ASFALTI NO.47 KARTAL İSTANBUL;02164518222;www.tarimak.com;tarimak.com;ÇİB - Çelik İhracatçıları Birliği
STOKARTI DİJİTAL HİZMETLER VE TİCARET ANONİM ŞİRKETİ;TALATPAŞA CD. NO:5/1 34394 ŞİŞLİİSTANBUL ESENTEPE MAH 34394 ŞİŞLİ SARIYER İSTANBUL;(212) 9836996;https://stokarti.com;stokarti.com;ÇİB - Çelik İhracatçıları Birliği
ROTA MEKANİK TESİSAT MALZEMELERİ SAN. VE TİC. LTD. ŞTİ.;YAKUPLU MAH. HÜRRİYET BULV. NO:75 EVAL KONUTLARI B BLOK DÜKKAN D.1 BEYLİKDÜZÜ İSTANBUL;(212) 4239955;www.rotamekanik.com;rotamekanik.com;ÇİB - Çelik İhracatçıları Birliği
SAFER ENDÜSTRİ TESİSLERİ MÜH. İMALAT VE MONTAJ. A.Ş.;PERPA TİC. MRK. A BLOK K:2 NO:5 ŞİŞLİ İSTANBUL;(212) 2201313;www.saferindustry.com;saferindustry.com;ÇİB - Çelik İhracatçıları Birliği
SAFI YILMAZ;VATAN MH.ÇIFTEHAVUZLAR CD.ARSK.NO:7 BAYRAMPAŞA İSTANBUL;02125672283;www.sa-fi.com;sa-fi.com;ÇİB - Çelik İhracatçıları Birliği
SANMAR ELEKTRIK VE INŞ.MALZ. SAN.DIŞ TIC.LTD.ŞTI.;TAKSIM CAD. NO.65 K.2-3 BEYOĞLU İSTANBUL;02122568490;www.hazar.gen.tr;hazar.gen.tr;ÇİB - Çelik İhracatçıları Birliği
QAAP İTHALAT İHRACAT DANIŞMANLIK GIDA TİCARET LİMİTED ŞİRKETİ;ADNAN MENDERES BULVARİ NO:7/D 44 BAŞAKŞEHİR İSTANBUL;(212) 0000000;http://www.qaapgroup.com;qaapgroup.com;ÇİB - Çelik İhracatçıları Birliği
BİKA ELEK.MALZ.SAN.VE TİC.LTD.ŞTİ.;KAVAKPINAR MAH.NAMIK KEMAL CAD.NO:41/A-B PENDİK İSTANBUL;(216) 3979877;www.bikaelektrik.com;bikaelektrik.com;ÇİB - Çelik İhracatçıları Birliği
BİRLEŞİK TEMİZLİK MALZEMELERİ İMALAT SANAYİ İÇ VE DIŞ TİCARET LİMİTED ŞİRKETİ;MAHMUTBEY MAH. 2428 SOK.İSTOÇ 9. ADA NO:85-87 34218 BAĞCILAR İSTANBUL;(212) 6595006;www.er-met.com;er-met.com;ÇİB - Çelik İhracatçıları Birliği
ARTRA İNŞAAT PEYZAJ PLASTİK SAN. VE TİC. LTD. ŞTİ.;GÜZELYURT MAH. YILDIRIM BEYAZIT CAD. CUMHİRİYET APT. A BLOK NO:3 BEYLİKDÜZÜ İSTANBUL;(212) 8522290;www.artrainsaat.com;artrainsaat.com;ÇİB - Çelik İhracatçıları Birliği
ALBA MAKİNA SANAYİ VE TİCARET LTD.ŞTİ.;GUNESLI EVREN M.HALKALICD.SEHER SK.NO:1 BAĞCILAR İSTANBUL;02126568606;www.albamakina.com;albamakina.com;ÇİB - Çelik İhracatçıları Birliği
AKTIF ELEKTRIK MUHENDISLIK MUTEAHHITLIK SANAYİ VE TİCARET LİMİTED ŞİRKETİ;AYDIN SOKAK AYDIN İŞ MERKEZİ NO:2 D:8 BEŞİKTAŞ İSTANBUL;02122799470;www.aktifelk.com.tr;aktifelk.com.tr;ÇİB - Çelik İhracatçıları Birliği
AKTİF CEPHE GİYDİRME SİSTEMLERİ SANAYİ TİCARET LİMİTED ŞİRKETİ;ÇAĞLAYAN MH TEPE SK NO:21/1 KAĞITHANE İSTANBUL;(212) 2304888;www.aktifcephe.com.tr;aktifcephe.com.tr;ÇİB - Çelik İhracatçıları Birliği
EGEMET KALIBRASYON OLCUM TIC. LTD.STI.;KARACAOGLAN MAH. 172 SOK.NO:8 BORNOVA İZMİR;02324720604;www.egemet.com.tr;egemet.com.tr;ÇİB - Çelik İhracatçıları Birliği
ENELSAN ENDÜSTRİYEL ELEKTRONİK SANAYİ ANONİM ŞİRKETİ;FABRIKALKAR CD. NO : 98 DIL OVASI ORG.SAN.BLG. GEBZE KOCAELİ;02627546313;www.enelsan.com;enelsan.com;ÇİB - Çelik İhracatçıları Birliği
ESNERA İÇ VE DIŞ TİCARET LİMİTED ŞİRKETİ;ATAKENT MAH. TURGUT ÖZAL BLV. DUMANKAYA MIKSB-2 NO: 48 /2 IÇ KAPI NO: 249 KÜÇÜKÇEKMECE İSTANBUL;(212) 9993118;http://www.esnera.com;esnera.com;ÇİB - Çelik İhracatçıları Birliği
DURKO ÇEVRE ENERJİ TEKNİĞİ VE TİCARET A.Ş.;KÜÇÜKÇAMLICA MH.BULGURLU CD. NO.80 ÜSKÜDAR ÜSKÜDAR İSTANBUL;(212) 3520500;www.durkocevre.com.tr;durkocevre.com.tr;ÇİB - Çelik İhracatçıları Birliği
KALANDO PROFESYONEL MUTFAK SANAYİ VETİCARET LİMİTED ŞİRKETİ;İOSB MH KÜÇÜK SAN SİT İSTEKS SAN SİT SOSYAL MERKEZ BİNASI NO:29-30 BAŞAKŞEHİR İSTANBUL;(212) 6478561;www.kalando.com;kalando.com;ÇİB - Çelik İhracatçıları Birliği
KROMLUKS MUTFAK CIHAZLARI İMALAT VE TICARET ANONİM ŞİRKETİ;ORGANİZE SANAYİ BÖLGESİ UYGURLAR CADDESİ NO.:8 SİNCAN ANKARA;(312) 2670276;www.kromluks.com;kromluks.com;ÇİB - Çelik İhracatçıları Birliği
FUJIFILM DIŞ TİCARET A.Ş.;MAHMUTBEY MAH. TAŞOCAĞI YOLU CAD. NO: 9 BAĞCILAR İSTANBUL;(212) 7099200;www.fujifilm.com.tr;fujifilm.com.tr;ÇİB - Çelik İhracatçıları Birliği
GEFA GEMİ VE FABRİKA MALZEMELERİ HIRDAVAT TİC. SAN. LTD. ŞTİ.;ORHANLI MH. ULU SK. MALEZYUM KİMYA BLOK NO:3 TUZLA İSTANBUL;(212) 4467350;www.ge-fa.com;ge-fa.com;ÇİB - Çelik İhracatçıları Birliği
HP BİLGİSAYAR VE BASKI TEKNOLOJİLERİ LTD ŞTİ.;SARAY MAH. DR. ADNAN BÜYÜKDENİZ CAD. CESSAS PLAZA NO.4 KAT 7-8 ÜMRANİYE İSTANBUL;(216) 6369000;www.hp.com;hp.com;ÇİB - Çelik İhracatçıları Birliği
HERAY FİLTRASYON VE SU TEKNOLOJİLERİ A.Ş.;FEVZİ ÇAKMAK MAH. BÜSAN ORGANİZE SAN. 9.SOKAK NO:3 KARATAY KONYA;(332) 4441705;www.heray.com.tr;heray.com.tr;ÇİB - Çelik İhracatçıları Birliği
MURR ELEKTRONİK SANAYİ VE TİCARET LİMİTED ŞİRKETİ;PERPA TİC.MRK.A BLOK KAT 11 NO.1403 OKMEYDANI ŞİŞLİ İSTANBUL;(212) 2222298;www.murrelektronik.com.tr;murrelektronik.com.tr;ÇİB - Çelik İhracatçıları Birliği
MARKAJ BOYA SANAYİ TİCARET ANONİM ŞİRKETİ;İVEDİK OSB MAH. 1237 SK. NO: 31 YENİMAHALLE ANKARA;(312) 3957242;https://www.markajboya.com.tr;markajboya.com.tr;ÇİB - Çelik İhracatçıları Birliği
PENPLAST YAPI MALZ.PLAS.ISI SIS.INS.SAN.VE TIC.LTD.STI.;İST ORGSAN BÖLG TABAKHANE CAD YB 40 ÖZEL PARSEL 21 TUZLA İSTANBUL;02163076486;www.penplast.com.tr;penplast.com.tr;ÇİB - Çelik İhracatçıları Birliği
PİPAK MAKİNE KALIP AMBALAJ ELEKTRİK SAN. VE DIŞ TİC. LTD.ŞTİ.;İKİTELLİ OSB BİKSAN SAN SİTESİB2 BLOK NO:9 BAŞAKŞEHİR İSTANBUL;(212) 4861558;www.pipakmakine.com.tr;pipakmakine.com.tr;ÇİB - Çelik İhracatçıları Birliği
NETPA ELEKTRONİK TİCARET VE PAZARLAMA ANONİM ŞİRKETİ;YUKARI DUDULLU ORG.SAN.BOL.AND SANAYI SITESI NO.18 ÜMRANİYE İSTANBUL;(216) 4204343;www.neta.com.tr;neta.com.tr;ÇİB - Çelik İhracatçıları Birliği
ORENO MADENCİLİK ANONİM ŞİRKETİ;MİMAR SİNAN MAH.BOSNA CAD.GÜVEN 1 İŞ MERKEZİ NO:4 K:3 D:10 ÇEKMEKÖY İSTANBUL;(216) 6400640;http://www.orenostone.com;orenostone.com;ÇİB - Çelik İhracatçıları Birliği
LİKROM ANALİTİK ÇÖZÜMLER PAZ. SAN. VE TİC. A.Ş.;Y.DUDULLU MAH.TAVUKÇUYOLU CAD. N.243 ÜMRANİYE İSTANBUL;(216) 5082406;www.likrom.com;likrom.com;ÇİB - Çelik İhracatçıları Birliği
LENOVO TECHNOLOGY B.V. MERKEZİ HOLLANDA TÜRKİYE İSTANBUL ŞUBESİ;PALADIUM TOWER İŞ MRK. HALK CAD. BARBAROS MAH. KARDELEN SOK. NO.2 K.3 ATAŞEHİR ATAŞEHİR İSTANBUL;(216) 5700100;www.lenovo.com;lenovo.com;ÇİB - Çelik İhracatçıları Birliği
LEUZE ELEKTRONIC SAN.VE TIC.LT D.STI.;ŞERİFALİ MAH.BAYRAKTAR BULVARI ŞEHİT SOK.N:12 ÜMRANİYE İSTANBUL;(216) 4566704;www.leuze.com.tr;leuze.com.tr;ÇİB - Çelik İhracatçıları Birliği
MUHTAR GRUP TURİZM TAŞIMACILIK VE DIŞ TİC. LTD. ŞTİ.;KEMAL PAŞA MAH.AĞA YOKUŞU SOK. NO:16 PINAR APT. KAT:1 FATİH İSTANBUL;(212) 5144423;www.muhtargrup.com.tr;muhtargrup.com.tr;ÇİB - Çelik İhracatçıları Birliği
HİDROMEK-HİDROLİK VE MEKANİK MAKİNA İMALAT SANAYİ VE TİCARET ANONİM ŞİRKETİ;ORG SAN BOLG. OSMANLI C. N:1 SİNCAN ANKARA;03122671260;www.hidromek.com.tr;hidromek.com.tr;ÇİB - Çelik İhracatçıları Birliği
HASEL UTU SAN. VE TIC.LTD.STI.;KATIP ÇELEBI CD. N:40/C FATİH İSTANBUL;02125207440;www.haselutu.com.tr;haselutu.com.tr;ÇİB - Çelik İhracatçıları Birliği
FRI CEPHE ARAŞTIRMALARI PROJE YÖN. VE DANIŞ. LTD. ŞTİ.;BARAJ YOLU CAD. PAMUKOVA SOK. 2B-6 MADENLER MAH. ÜMRANİYE İSTANBUL;(216) 5402658;www.fri.com.tr;fri.com.tr;ÇİB - Çelik İhracatçıları Birliği
GLOBAL TRADİNG MİMARLIK YAPI MALZE. İNŞAAT MAKİNE MÜHEN. TARIM İTHALAT İHRACAT SAN. TİC. LTD. ŞTİ.;ADALET MAHALLESİ MANAS BULVARİ / FOLKART TOWERSNO:47/A BAYRAKLI İZMİR BAYRAKLI İZMİR;(232) 2400151;http://www.adn-global.com;adn-global.com;ÇİB - Çelik İhracatçıları Birliği
KONTAKT GRUP DIŞ TİCARET LİMİTED ŞİRKETİ;DUMLUPINAR MAH. KAYABAŞI SOKAK ÖZGE SİTESİ B BLOK B/B NİLÜFER/BURSA PK:16285 NİLÜFER BURSA;(224) 4835202;thecontacttrade.com;thecontacttrade.com;ÇİB - Çelik İhracatçıları Birliği
KONELTEK ELEKTRONİK VE TEKNOLOJİK ÇÖZÜMLER SANAYİ VE TİCARET ANONİM ŞİRKETİ;ATAKENT MH. ATAKAN CD. REVAN SK. NO:2A ATAKENT ÜMRANİYE İSTANBUL;(216) 4433991;www.koneltek.com.tr;koneltek.com.tr;ÇİB - Çelik İhracatçıları Birliği
KARPEN PLASTİK KAPI VE PENCERE SİSTEMLERİ SANAYİ VE TICARET LİMİTED ŞİRKETİ;KARABAS M.LEYLA ATAKAN CD. NO:6 Merkez KOCAELİ;02623316880;www.kar-pen.com;kar-pen.com;ÇİB - Çelik İhracatçıları Birliği
CEMILE NADIRZADE-EGS MUTFAK EKIPMANLARI IC VE DIS TICARET;ULUKENT SAN. BÖL. 10.002 SOK. NO:9 MENEMEN İZMİR;(232) 8334040;www.eurogastrostar.com;eurogastrostar.com;ÇİB - Çelik İhracatçıları Birliği
BUP KESİCİ TAKIMLAR SAN. VE TİC. LTD. ŞTİ.;YENİÇAMLICA MAH. YEDPA İŞ MERKEZİ A CADDESİ NO:36 ÜMRANİYE İSTANBUL;(216) 6615214;www.bup.com.tr;bup.com.tr;ÇİB - Çelik İhracatçıları Birliği
ESİTAŞ ELEKTRİK SANAYİ VE TİCARET ANONİM ŞİRKETİ;ORGANİZE SANAYİ BÖLGESİ MAH.5. CAD.NO:23A DİLOVASI KOCAELİ;(216) 3043270;www.esitas.com;esitas.com;ÇİB - Çelik İhracatçıları Birliği
ER-KALIP PLASTIK SAN.TIC.ANONİM ŞİRKETİ;RAMI KISLA CAD INCIRLIK SOKGUNDOGAR 2 ISM.K.2 N.151 EYÜP İSTANBUL;(212) 5443777;www.erkalip.com;erkalip.com;ÇİB - Çelik İhracatçıları Birliği
ENFA DIŞ TİC.VE DANIŞMANLIK LTD.ŞTİ.;ÇOBANÇEŞME MAH. SAN. CAD. NISH İSTANBUL C BLOK .NO.44/75 BAHÇELİEVLER İSTANBUL;(212) 5920876;www.enfa.com.tr;enfa.com.tr;ÇİB - Çelik İhracatçıları Birliği
EMSE ELEKTRO MEKANIK SISTEMLER END.MUHEND.SAN.TIC.A.S.;UZAY CAGI CAD.1253 SOK.NO.12 OSTİM YENİMAHALLE ANKARA;;www.emse.com.tr;emse.com.tr;ÇİB - Çelik İhracatçıları Birliği
EMAR LOJİSTİK VE DIŞ TİCARET LİMİTED ŞİRKETİ;BARIŞ MAH.AKDENİZ CAD.NO:8/15 1 BEYLİKDÜZÜ İSTANBUL;(212) 9161607;http://emarlojistik.com.tr;emarlojistik.com.tr;ÇİB - Çelik İhracatçıları Birliği
ELASTRON KİMYA SANAYİ VE TİCARET ANONİM ŞİRKETİ;GEBZE ORGANİZE SANAYİ BOLGESİ (GOSB)TEMBELOVA ALANI 3200 SOKAK NO:3201 GEBZE KOCAELİ;(262) 6430001;www.elastron.com.tr;elastron.com.tr;ÇİB - Çelik İhracatçıları Birliği
ALİŞ ALÜMİNYUM DOGRAMA SAN.TİC.LTD.ŞTİ.;İÇMELER MAH. BEKTAŞ SOK. NO:1 TUZLA İSTANBUL;(216) 3952384;www.aluminyumis.com;aluminyumis.com;ÇİB - Çelik İhracatçıları Birliği
ANTEL ARITMA TESISLERI INSAAT SANAYİ VE TICARET ANONİM ŞİRKETİ;NURETTIN DUMAN S.KIZILTOPRAK PLAZA NO:34 ÜMRANİYE İSTANBUL;02164998001;www.filternoks.com;filternoks.com;ÇİB - Çelik İhracatçıları Birliği
ARTİNOKS METAL DEKORASYON İNŞAAT İTHALAT İHRACAT SANAYİ VE TİCARET LİMİTED ŞİRKETİ;HÜRRİYET MH DR CEMİL BENGÜ CD NO:141B KAĞITHANE İSTANBUL;(212) 2240030;www.artinoks.net;artinoks.net;ÇİB - Çelik İhracatçıları Birliği
ARZUM ELEKTRİKLİ EV ALETLERİ SANAYİ VE TİCARET ANONİM ŞİRKETİ;DEFTERDAR MAH. OTAKÇILAR CAD.B BLOK KAT:1 NO:78 FLATOFİS BİNASI EYÜP İSTANBUL;(212) 4678080;www.arzum.com.tr;arzum.com.tr;ÇİB - Çelik İhracatçıları Birliği
ARLIGHT AYDINLATMA A.Ş.;SARAY OSB NURİ DEMİRAĞ BULVARI NO.5 PK:06980 KAHRAMANKAZAN ANKARA;(312) 8154661;www.arlight.net;arlight.net;ÇİB - Çelik İhracatçıları Birliği
ASİST OTO YEDEK PARÇA SANAYİ VE TİCARET ANONİM ŞİRKETİ;YENİDOĞAN MH KIZILAY SK NO:39 ZEMİN KAT BAYRAMPAŞA İSTANBUL;(212) 4673636;www.asisthizmet.com;asisthizmet.com;ÇİB - Çelik İhracatçıları Birliği
BİLBEY END.MUTFAK EKİPMANLARI SAN. VE TİC.LTD.ŞTİ.;KAYIHAN MAH.İNÖNÜ CAD.KAMİL KOÇ İŞM. OSMANGAZİ BURSA;(224) 5542225;www.bilbeykitchen.com;bilbeykitchen.com;ÇİB - Çelik İhracatçıları Birliği
BERİCAP KAPAK SANAYİ ANONİM ŞİRKETİ;BEYLİKBAĞI MAH.ÇELİKOĞLU CAD.NO.153 GEBZE KOCAELİ;02626532590;www.bericap.com;bericap.com;ÇİB - Çelik İhracatçıları Birliği
B.BRAUN MEDIKAL DIS TICARET AŞ.;MASLAK OFİS BİNASI MASLAK MAH. SÜMER SOK.NO:4/54 SARIYER İSTANBUL;;www.bbraun.com.tr;bbraun.com.tr;ÇİB - Çelik İhracatçıları Birliği
SAVAŞ PLASTİK SAN. VE TİC. A.Ş.;BEYSAN SAN. SİT. BİRLİK CAD. NO:18 BEYLİKDÜZÜ İSTANBUL;(212) 4223406;www.tiliafurniture.com;tiliafurniture.com;ÇİB - Çelik İhracatçıları Birliği
SER REZİSTANS A.Ş.;İKİTELLİ ORGANİZE SAN. BÖLG. İPKAS SAN. SİT. 9 B BLOK NO:60 K:1 BAŞAKŞEHİR İSTANBUL;(212) 6715766;www.serrezistans.com;serrezistans.com;ÇİB - Çelik İhracatçıları Birliği
SECURITURK ELEKTRONİK GÜVENLİK SİSTEMLERİ A.Ş.;ESENTEPE MAH. D-100 GÜNEY YAN YOLN:25 LAPİSHAN OFİS 2069 KARTAL İSTANBUL;(850) 2593000;www.securiturk.com;securiturk.com;ÇİB - Çelik İhracatçıları Birliği
SİNUS ELEKTRONİK SANAYİ VE TİCARET LİMİTED ŞİRKETİ;ŞERİFALİ MAH. EDEP SOK. NO:42-1 34760 34760 ÜMRANİYE İSTANBUL;(216) 4120180;www.sinuselektronik.com;sinuselektronik.com;ÇİB - Çelik İhracatçıları Birliği
SON-MAK MAKİNA İNŞAAT SONDAJ SAN.TİC.LTD.ŞTİ.;KAYAPA MAH. KAYAPA SAN. BULV. NO:4/1 0 NİLÜFER BURSA;02244824441;www.son-mak.com.tr;son-mak.com.tr;ÇİB - Çelik İhracatçıları Birliği
STİL TRAFİK İŞARETLERİ SANAYİ VE TİCARET ANONİM ŞİRKETİ;KUŞTEPE MAH LEYLAK 1 SK N:3 MURAT İŞ MERKEZİ B BLOK K:12 D:41 ŞİŞLİ İSTANBUL;(212) 4910144;www.stiltrafik.com;stiltrafik.com;ÇİB - Çelik İhracatçıları Birliği
TEKZEN TİCARET VE YATIRIM A.Ş.;CENDERE CAD. NO.30 BAB PLAZA KAT 6-7-8 TEKZEN TİCARET VE YATIRIM A.Ş. MERKEZ 34406 KAĞITHANE İSTANBUL;(212) 6601011;www.tekzen.com.tr;tekzen.com.tr;ÇİB - Çelik İhracatçıları Birliği
TUROCAS GRUP YÖNETİM DANIŞMANLIĞI TİCARET LİMİTED ŞİRKETİ;FATİH MAH. ATAKAN CAD. NO: 20 İÇ KAPI NO: 1 TUZLA İSTANBUL;(212) 4448470;http://www.turocasgrup.com;turocasgrup.com;ÇİB - Çelik İhracatçıları Birliği
TERMO MÜHENDİSLİK İNŞ.TESİSAT REKLAMCILIK SAN. VE TİC. LTD. ŞTİ.;İSTİNYE MAH. BALABANDERE CAD. NO:22 İÇ KAPINO:1 SARIYER İSTANBUL;(212) 3231588;http://www.termoreklam.com;termoreklam.com;ÇİB - Çelik İhracatçıları Birliği
VARF YÜKSEKTE ÇALIŞMA ÇÖZÜMLERİ ANONİM ŞİRKETİ;YİĞİTLER MAH C5 SOK OTO SANAYİ SİT 14.BLOK NO:57-59 YILDIRIM BURSA;(850) 6502244;www.varf.com.tr;varf.com.tr;ÇİB - Çelik İhracatçıları Birliği
YAŞALAR KALIP YEDEK PARÇA SAN. VE TİC.LTD.ŞTİ.;DEMİRTAS OSB AÇELYA SOKAK NO:9 OSMANGAZİ BURSA;0(224) 2611140;www.yasalar.com;yasalar.com;ÇİB - Çelik İhracatçıları Birliği
YAPSAN KAUÇUK VE PLASTIK IMALATI ITHALAT IHRACAT SANAYI VE TICARET LIMITED SIRKETI;ZÜBEYDE HANIM MAH. KAZIM KARABEKIR CAD.NO: 41 IÇ KAPI NO: 110 ALTINDAG/ ANKARA PK:06080 ALTINDAĞ ANKARA;(312) 3424349;www.yapsankaucuk.com;yapsankaucuk.com;ÇİB - Çelik İhracatçıları Birliği
YILDEM MÜHENDİSLİK SANAYİ VE DIŞ TİCARET LİMİTED ŞİRKETİ;NİDA KULE KUZEY, BEGONYA SK. D:NO 3/183 BARBAROS ATAŞEHİR İSTANBUL;(216) 6297475;https://www.yildem.com.tr/;yildem.com.tr;ÇİB - Çelik İhracatçıları Birliği
ÜNİVERSAL YAPIŞTIRICI VE KİMYA SANAYİ TİCARET ANONİM ŞİRKETİ;AYAZMA CAD. ALIYE MERIC KONAKISM.NO.3 K.3 D.14 GAYRETTEPE GAYRETTEPE BEŞİKTAŞ İSTANBUL;(212) 2885563;www.universalyapistirici.com;universalyapistirici.com;ÇİB - Çelik İhracatçıları Birliği
VBH KAPI VE PENCERE SISTEMLERİ SANAYİ VE TICARET ANONİM ŞİRKETİ;MAHMUTBEY MAH. KÜÇÜK HALKALI CAD. NO:10/11 BAĞCILAR İSTANBUL;(212) 6046060;www.vbh.com.tr;vbh.com.tr;ÇİB - Çelik İhracatçıları Birliği
ZER KELEPÇE İMALAT VE TİC. LTD. ŞTİ.;İKİTELLİ OSB MH BAŞAKŞEHİR SAN SİT A BLOK NO:1-2-3 İKİTELLİ BAŞAKŞEHİR İSTANBUL;(212) 4851880;www.zerkelepce.com.tr;zerkelepce.com.tr;ÇİB - Çelik İhracatçıları Birliği
TNT KALIP İSKELE SANAYİ VE TİCARET LİMİTED ŞİRKETİ;YENİŞEHİR MAH.MUSTAFA AKYOL SK. ARWEN MERLİN OFİS KAT:6 D:55 PENDİK İSTANBUL;(216) 5101500;www.tntkalip.com;tntkalip.com;ÇİB - Çelik İhracatçıları Birliği
TRİNOX METAL SANAYİ VE TİCARET A.Ş;KARAMEHMET MAHALLESİ AVRUPA SERBEST BÖLGESİ OSMAN ŞAHİN BULVARI NO:7 ERGENE 59850 ÇORLU TEKİRDAĞ;;www.trinoxmetal.com;trinoxmetal.com;ÇİB - Çelik İhracatçıları Birliği
UĞUR TÜRKYURT ALÇAK VE YÜKSEK GERİLİM ELEKTRİK MALZEMELERİ İMALAT TİCARET ANONİM ŞİRKETİ;DUDULLU ORGANİZE SANAYİ BÖLGESİ 2. CADDE NO:12 YUKARIDUDULLU ÜMRANİYE İSTANBUL;(216) 3641095;www.ugurturkyurt.com;ugurturkyurt.com;ÇİB - Çelik İhracatçıları Birliği
SER DAYANIKLI TÜKETİM MALLARI İÇ VE DIŞ TİCARET SANAYİ ANONİM ŞİRKETİ;EVREN M. BAHAR C. POLATISMERKEZI A BLOK K:4/9 BAĞCILAR İSTANBUL;02126302186;www.simfer.com.tr;simfer.com.tr;ÇİB - Çelik İhracatçıları Birliği
SERİSTA MÜHENDİSLİK MÜŞAVİRLİK ELEKTRİK SANAYİ VE TİCARET LİMİTED ŞİRKETİ;FEVZİÇAKMAK MAH.10753. SK. A BLOK 36 F KARATAY KONYA;(332) 2359141;www.serista.com.tr;serista.com.tr;ÇİB - Çelik İhracatçıları Birliği
SAGETEK MÜHENDİSLİK VE MAKİNE SANAYİ TİCARET A.Ş.;TEPEÖREN MAH. ÖZVATAN CAD. ARAYLAR SANAYI SITESI BTEPEÖREN MH ÖZVATAN CD NO:9B/3 TUZLA İSTANBUL;(212) 3042004;www.segatek.com.tr;segatek.com.tr;ÇİB - Çelik İhracatçıları Birliği
SARA HIRDAVAT SANAYİ VE TİCARET LİMİTED ŞİRKETİ;MAHMUTBEY MAH. 2449. SK. NO: 38 BAĞCILAR İSTANBUL;(212) 4704747;http://www.sarahirdavat.com.tr;sarahirdavat.com.tr;ÇİB - Çelik İhracatçıları Birliği
BETEK BOYA VE KİMYA SAN.A.Ş.;ANKARA ASFALTI HUSEYIN CELIKSOK.NO:2 BOSTANCI KADIKÖY İSTANBUL;02165711000;www.betek.com.tr;betek.com.tr;ÇİB - Çelik İhracatçıları Birliği
BİLİŞİM BİLGİSAYAR HİZM. AŞ;KISIKLI MAH. AYDINOĞLU SOK. NO.21 BULGURLU ÜSKÜDAR İSTANBUL;(216) 5211414;www.banksoft.com.tr;banksoft.com.tr;ÇİB - Çelik İhracatçıları Birliği
ASEL DIŞ TİCARET VE PAZARLAMA LİMİTED ŞİRKETİ;IKITELLI ORG. SAN. BÖLG. ATATÜRKBULV. CABANI IS MERK. NO:82 K.2 BAŞAKŞEHİR İSTANBUL;(212) 5492800;www.asel.com.tr;asel.com.tr;ÇİB - Çelik İhracatçıları Birliği
AUTONİCS OTOMASYON TİC.LTD.ŞTİ.;ŞERİFALİ MAH. TÜRKER CAD. BURHAN SOK. NO.21/2 ÜMRANİYE İSTANBUL;(216) 3659113;www.autonics.com;autonics.com;ÇİB - Çelik İhracatçıları Birliği
ALUTEKS ALÜMİNYUM VE PVC SİSTEMLERİ LİMİTED ŞİRKETİ;HADIMKÖY MAH. ÇİTLEMBİK DEDE SoK. NO:22/2 ARNAVUTKÖY İSTANBUL;(212) 7715656;www.aluteks.com;aluteks.com;ÇİB - Çelik İhracatçıları Birliği
ALTAR ENDÜSTRİ ÜRÜNLERİ SAN. VE TİC. LTD. ŞTİ.;PERPA TİCARET MERKEZİ, A BLOK, KAT:12, NO:1791OKMEYDANI ŞİŞLİ İSTANBUL;02122108500;www.altareu.com.tr;altareu.com.tr;ÇİB - Çelik İhracatçıları Birliği
ALSAN PETROKİMYA SANAYİ VE TİCARET ANONİM ŞİRKETİ;HARMANDERE MAH. ANKARA CAD. NO:492/9 PENDİK İSTANBUL;(216) 2125397;http://alsanpetrokimya.com;alsanpetrokimya.com;ÇİB - Çelik İhracatçıları Birliği
ALEKS MAKİNE TICARET VE SANAYİ LİMİTED SİRKETI;YENİBOSNA MERKEZ MAH. KUYUMCULAR SOK. İSTANBUL VİZYON PARK 4/C1 BLOK NO:23 BAHÇELİEVLER İSTANBUL;02124581703;www.alexmakina.com;alexmakina.com;ÇİB - Çelik İhracatçıları Birliği
ADELL ARMATUR VE VANA FABRIKALARI A.S.;İKİTELLİ O.S.B. MAH. HÜRRİYET BULV. NO:54 BAŞAKŞEHİR İSTANBUL;(212) 4862000;www.adell.com;adell.com;ÇİB - Çelik İhracatçıları Birliği
AKS İNŞAAT VE ZEMİN SİSTEMLERİ SANAYİ VE TİCARET LİMİTED ŞİRKETİ;ZAFER MAHALLESİ EKİN CADDESİ 120.SOKAK NO:23 ZAFER ESENYURT İSTANBUL;(212) 5913230;www.aksprofil.com;aksprofil.com;ÇİB - Çelik İhracatçıları Birliği
ELEKTRO KENT ELEKTRİK ELEKTRONİK İNŞAAT SANAYİ TİCARET LİMİTED ŞİRKETİ;GAZİ OSMAN PAŞA MAH. ŞEHİT ALİ GAFFAR OKKAN CAD. NO:31/B GÖLBAŞI ANKARA;(312) 4447819;http://www.elektrokent.com.tr;elektrokent.com.tr;ÇİB - Çelik İhracatçıları Birliği
EEC ENTEGRE BİNA KONTROL SİSTEMLERİ SANAYİ VE TİCARET ANONİM ŞİRKETİ;H. Z. TÜRKKAN SOK. FAMAS PLAZA A16 OKMEYDANIPLAZA A BLOK KAT:8 D:19 ŞİŞLİ İSTANBUL;02123201626;www.eec.com.tr;eec.com.tr;ÇİB - Çelik İhracatçıları Birliği
EMPATİ MAKİNE DIŞ TİCARET SANAYİ TİCARET LİMİTED ŞİRKETİ;SEFAKÖY SANAYİ SİTESİ 13.BLOK NO 1-3İKİTELLİ BAŞAKŞEHİR İSTANBUL;(212) 6718898;www.empati.com.tr;empati.com.tr;ÇİB - Çelik İhracatçıları Birliği
ELPAŞ ELEKTROMEKANİK MALZ. SAN. TİC A.Ş.;İTOSB 10.CD NO:4 TEPEÖREN TUZLA İSTANBUL;(216) 3646029;www.elpas.com.tr;elpas.com.tr;ÇİB - Çelik İhracatçıları Birliği
ERGBEY ALÜMİNYUM SAN. TİC. LTD.ŞTİ;FERHATPAŞA MAHALLESİ ANADOLU CADDESİ NO 120 ATAŞEHİR İSTANBUL;(216) 6444005;www.ergbey.com;ergbey.com;ÇİB - Çelik İhracatçıları Birliği
EVYAP SABUN YAG GLISERIN SANAYI VE TICARET A.S.;DERİ ORGANİZE SANAYİ BÖLGESİ GÜDERİ CAD. NO:1 X-1 PARSEL TUZLA İSTANBUL;(216) 5810700;www.evyap.com.tr;evyap.com.tr;ÇİB - Çelik İhracatçıları Birliği
DURAVİT YAPI ÜRÜNLERİ SAN. VE TİC. A. Ş.;TUZLA ORG.DERI SAN. BÖL. 10.YOL I-4 PARSEL TUZLA İSTANBUL;02164585151;www.tr.duravit.com;tr.duravit.com;ÇİB - Çelik İhracatçıları Birliği
DONGHEE OTOMOTİV SAN. VE TİC. LTD. ŞTİ.;SAKARYA 2.O.S.B. 3 NOLU YOL NO:2 PARSEL:10 HENDEK SAKARYA;(264) 8880107;www.donghee.co.kr;donghee.co.kr;ÇİB - Çelik İhracatçıları Birliği
CARBON CUTTING TOOLS ENDÜSTRİYEL LİMİTD ŞİRKETİ;ORGANİZE SAN. BÖLGESİ 20. CAD. NO.31 ODUNPAZARI ESKİŞEHİR;(222) 2281040;www.karcan.com;karcan.com;ÇİB - Çelik İhracatçıları Birliği
BRS POWER ELEKTRİK ELEKTRONİK TİCARET LİMİTED ŞİRKETİ;PINAR MAH. 1222. SK. NO: 58 İÇ KAPI NO: 1 ESENYURT İSTANBUL;;https://www.brspower.com/tr;brspower.com;ÇİB - Çelik İhracatçıları Birliği
İNVİACO MEDİKAL TİCARET LİMİTED ŞİRKETİ;MUSTAFA KEMAL MAH. DUMLUPINAR BUL. NO: 266CİÇ KAPI NO: 34 ÇANKAYA ANKARA;(312) 2116100;www.inviaco.com;inviaco.com;ÇİB - Çelik İhracatçıları Birliği
KAROT MAKİNA SAN. VE TİC.LTD. ŞTİ.;KAYIŞDAĞI MAH. KAYIŞDAĞI CAD.NO:201/A ATAŞEHİR İSTANBUL;(216) 3143456;www.karotmakina.com;karotmakina.com;ÇİB - Çelik İhracatçıları Birliği
İTAL ENDÜSTRİYEL MAKİNALAR ITHALAT IHRACAT SANAYİ VE TİCARET ANONİM ŞİRKETİ;ÇERKEŞLİ OSB MAH. IMES-8.CAD. NO:3 DÜKKAN:1 ÇERKEŞLİ OSB DİLOVASI KOCAELİ;(262) 6551770;https://italmakina.com.tr/;italmakina.com.tr;ÇİB - Çelik İhracatçıları Birliği
İTİBAR KAUÇUK İNŞAAT TURZ.İTH.İHR.SAN.TİC.LTD.ŞTİ.;ÖRNEK SANAYI SITESI 27.SOK.NO:2/A TEKKEKÖY SAMSUN;03622664222;www.itibarkaucuk.com;itibarkaucuk.com;ÇİB - Çelik İhracatçıları Birliği
LAPP KABLO SANAYİ VE TİCARET LİMİTED ŞİRKETİ;ATATÜRK MAH. ŞEREF SOK. NO:55/1 ATAŞEHİR İSTANBUL;(216) 4565699;www.lapp.com.tr;lapp.com.tr;ÇİB - Çelik İhracatçıları Birliği
KOÇEL DIŞ TİCARET VE PAZARLAMA LTD.ŞTİ.;MAHMUTBEY MH İSTOÇ TİCARET MERKEZİ 2436 SK NO:1 BAĞCILAR İSTANBUL;(212) 4453530;www.kocel.com.tr;kocel.com.tr;ÇİB - Çelik İhracatçıları Birliği
KIRAÇ ELEKTRİK ANONİM ŞİRKETİ;ORG. SAN. BÖL. SEHITLER BLV. NO.21 Merkez ESKİŞEHİR;02222361500;www.kiracgroup.com;kiracgroup.com;ÇİB - Çelik İhracatçıları Birliği
GES KAYA MÜHENDİSLİK HİZMETLERİ SANAYİ VE TİCARET LİMİTED ŞİRKETİ;ESENYALI MH YANBOL CD VARYAP PLAZA NO:61/121 PENDİK İSTANBUL;(216) 2060248;www.gesship.com;gesship.com;ÇİB - Çelik İhracatçıları Birliği
GEODESTEK ZEM.ZE.AR.PR.MÜ.YA.LA.Bİ.Sİ.E.İ.T.İ.İ.T.VE S.L.ŞTİ;KIZILCAŞAR MAH 23 NİSAN CAD. NO:28 GÖLBAŞI ANKARA;(312) 4601399;www.geodetsek.com;geodetsek.com;ÇİB - Çelik İhracatçıları Birliği
HASER ALÜMİNYUM PLASTİK SANAYİ VE TİCARET LİMİTED ŞİRKETİ;YEŞİLTEPE MAH. ATATÜRK BLV. NO:87 ERENLER SAKARYA;(264) 4448154;www.haseryapi.com.tr;haseryapi.com.tr;ÇİB - Çelik İhracatçıları Birliği
GUARDIUM MİMARİ GÜVENLİK SİSTEMLERİ SANAYİ VE TİCARET LİMİTED ŞİRKETİ;KOZA MAH.1655.SK.AKBATI AVM C BLOK NO:6 C/53 ESENYURT İSTANBUL;(212) 0000000;http://www.guardıum.com.tr;guardıum.com.tr;ÇİB - Çelik İhracatçıları Birliği
HUQQA GIDA İŞLETMELERİ SANAYİ VE TİCARET ANONİM ŞİRKETİ;YENİBOSNA MERKEZ MAHALLESİ SEDİR SOKAK NO:7 KAT:1 BAHÇELİEVLER İSTANBUL;(212) 6526222;www.huqqa.com;huqqa.com;ÇİB - Çelik İhracatçıları Birliği
MESATEKNİK ENDÜSTRİ PLASTİK PASLANMAZ KALIP SANAYİ DIŞ TİCARET LİMİTED ŞİRKETİ;BEYLİKDÜZÜ OSB MH BİRLİK SAN SİT 3 CD NO:131 BEYLİKDÜZÜ İSTANBUL;(212) 3618421;www.mesateknik.com;mesateknik.com;ÇİB - Çelik İhracatçıları Birliği
MİTRA ENDÜSTRİ ÜRÜNLERİ SANAYİ VE TİCARET ANONİM ŞİRKETİ;LİTROSYOLU FATİH SANAYİ SİTESİ NO:12/125-126 TOPKAPI PK:34010 ZEYTİNBURNU/İSTANBUL ZEYTİNBURNU İSTANBUL;(212) 3474740;www.mitraendustri.com;mitraendustri.com;ÇİB - Çelik İhracatçıları Birliği
MERIDYEN SPOR DIS TIC.VE PAZ. LTD.STI.;YEŞİLYURT MAH. DEMET SOK. NO:9 ÖZADAM APT. DAİRE:4 BAKIRKÖY İSTANBUL;02123697500;www.amf.com.tr;amf.com.tr;ÇİB - Çelik İhracatçıları Birliği
NTEPE ZÜCCACİYE VE ENDÜSTRİYEL MUTFAK EKİPMANLARI SANAYİ VE TİCARET LİMİTED ŞİRKETİ;GÖKEVLER MAH. ÖZDEMİR SOK. NO:2A/1 ESENYURT İSTANBUL;(212) 8865363;www.ntepemutfak.com;ntepemutfak.com;ÇİB - Çelik İhracatçıları Birliği
PERGOLA AND PLUS İÇ VE DIŞ TİCARET ANONİM ŞİRKETİ;AKÇABURGAZ MH 3132 SK NO:11-13 ESENYURT İSTANBUL;(212) 4441886;www.pergolaandplus.com;pergolaandplus.com;ÇİB - Çelik İhracatçıları Birliği
PANELKON KONFERANS VE OFIS KOL .SIS.SAN.VE TIC.LTD.STI;ORTAKÖY MAH. DUMLUPINAR CAD. NO:52 SİLİVRİ İSTANBUL;(212) 7343650;www.panelkon.com;panelkon.com;ÇİB - Çelik İhracatçıları Birliği
POLİYA POLİESTER SAN. VE TİC. A.Ş.;FIRÜZKÖY BULVARI NO.46 K-2/7 AVCILAR İSTANBUL;(212) 5093190;www.poliya.com;poliya.com;ÇİB - Çelik İhracatçıları Birliği
PİLSAN DIŞ TİC. LTD. ŞTİ.;YENİ MAH. MERKEZ BUCAĞI D-100KARAYOLU CAD. NO.32 BÜYÜKKARIŞTIRAN BELDESİ LÜLEBURGAZ/KIRKLARELİ? ESENYURT İSTANBUL;(212) 6891141;www.pilsan.com.tr;pilsan.com.tr;ÇİB - Çelik İhracatçıları Birliği
NETA ELEKTRONİK CİHAZLAR SANAYİ VE TİCARET ANONİM ŞİRKETİ;YUKARI DUDULLU ORG.SAN.BÖL. AND SANAYİ SITESİ N:18 ÜMRANİYE İSTANBUL;(216) 4204343;www.neta.com.tr;neta.com.tr;ÇİB - Çelik İhracatçıları Birliği
ORBITA DIS TIC.LTD.STI.;TURGUT REİS MAHALLESİ GÜLSÜM SOKAK NO 13/1 N:35-A SULTANBEYLİ İSTANBUL;02163114695;www.metopelektrik.com.tr;metopelektrik.com.tr;ÇİB - Çelik İhracatçıları Birliği
OVİSTA MÜHENDİSLİK SANAYİ TİCARET LİMİTED ŞİRKETİ;YEŞİLCE MAHALLESİ YUNUS EMRE CADDESİ NO:8İÇ KAPI NO:1 KAĞITHANE İSTANBUL;;https://ovista.com.tr/;ovista.com.tr;ÇİB - Çelik İhracatçıları Birliği
OYNURDEN KİMYA SAN. TİC. AŞ;CIHANGIR MAH. GÜVERCİNCAD. NO.11 HARAMİDERE AVCILAR AVCILAR İSTANBUL;02124221100;www.denlaks.com;denlaks.com;ÇİB - Çelik İhracatçıları Birliği
M.K.INSAAT TAAH.ISLERI SAN.VE TIC LTD.STI.;IDEALTEPE MAH.DENIZCILER SOK.ZEMIN 14 MALTEPE İSTANBUL;02164423130;http://www.unipool.com.tr;unipool.com.tr;ÇİB - Çelik İhracatçıları Birliği
MAPAŞ HIRDAVATÇILIK İTH. VE PAZ. AŞ;İSTANBUL TUZLA OSB 15. CAD NO:03 TEPEÖREN TUZLA İSTANBUL;02165769072;www.mapas.com.tr;mapas.com.tr;ÇİB - Çelik İhracatçıları Birliği
MEHMET KAPLAN;DENİZKÖŞKLER MAH.DR.SADIK AHMET CAD.HUZUR AP.NO:80 AVCILAR İSTANBUL;(212) 0000000;www.favorisauna.com;favorisauna.com;ÇİB - Çelik İhracatçıları Birliği
MITSUBISHI ELECTRIC TURKEY ELEKTRİK ÜRÜNLERİ A.Ş;ŞERİFALİ MAH. KALE SOK. NO:41 ÜMRANİYE İSTANBUL;(216) 5263990;www.mitsubishielectric.com;mitsubishielectric.com;ÇİB - Çelik İhracatçıları Birliği
HÜRSULTAN PASLANMAZ MUTFAK EŞYALARI SAN. VE TİC. A.Ş.;ÖMERLİ MAH. ILGAZ SOK. NO:3 ARNAVUTKÖY İSTANBUL;(212) 7982560;www.hursultan.com.tr;hursultan.com.tr;ÇİB - Çelik İhracatçıları Birliği
IND ENDÜSTRİYEL DAYANIKLI TÜKETİM ÜRÜNLERİ SANAYİ VE TİCARET ANONİM ŞİRKETİ;AYDINLI - İSTANBUL AYOSB MAH. MERMERCİLER CAD. İSTANBUL ANADOLU YAKASI OSB NO:41 TUZLA İSTANBUL;(216) 5930242;www.ndustrio.com;ndustrio.com;ÇİB - Çelik İhracatçıları Birliği
KISMET TASARIM TAKI VE MÜCEVHERAT SANAYI TICARET ANONIM SIRKETI;TESVKİYE CAD. GUNES APT. NO:3/2 TESVKİYE ŞİŞLİ İSTANBUL;(212) 2653032;www.kismetbymilka.com;kismetbymilka.com;ÇİB - Çelik İhracatçıları Birliği
KİMYAPSAN KİMYA VE YAPIŞTIRICI SAN.A.Ş;RECEP YAZICI CADDESİ GEBKIM OSB NO:1 GEBZE KOCAELİ;(262) 5020693;www.kimyapsangrup.com;kimyapsangrup.com;ÇİB - Çelik İhracatçıları Birliği
KOÇAK PETROL ÜRÜNLERİ SANAYİ VE TİCARET LİMİTED ŞİRKETİ;PELİTLİ KÖYÜ AYAZ SOK. NO:43 GEBZE KOCAELİ;(262) 7513678;www.speedol.com.tr;speedol.com.tr;ÇİB - Çelik İhracatçıları Birliği
KUMTEL DAYANIKLI TÜKETİM MAL.PLS.SAN.TİC.A.Ş.;ORGANİZE SAN. BÖLGESİ 6.CAD. NO:42 MELİKGAZİ KAYSERİ;(352) 3211400;www.kumtel.com;kumtel.com;ÇİB - Çelik İhracatçıları Birliği
KROMAŞ METAL VE MAKİNE SANAYİ LİMİTED ŞİRKETİ;MİMAR SİNAN MAHALLESİMIMAR SINAN CADDESI NO:70/1 SİLİVRİ İSTANBUL;(212) 6137350;www.kromas.com.tr;kromas.com.tr;ÇİB - Çelik İhracatçıları Birliği
İZMAK TURİZM SOĞUTMA VE END. MUTFAK SAN.TİC.LTD.ŞTİ.;FATIH MAH. 140 SOK. NO.7 GAZİEMİR İZMİR;02322815125;www.izmak.com.tr;izmak.com.tr;ÇİB - Çelik İhracatçıları Birliği
İKİZLER AYDINLATMA ARMATÜRLERİ SANAYİ VE TİCARET A.Ş.;GİRNE MAH. IRMAK SOK. KÜÇÜKYALI İŞ MERKEZİ F BLOK APT.N:72 F/18 MALTEPE İSTANBUL;(216) 3972216;www.ikizleraydinlatma.com;ikizleraydinlatma.com;ÇİB - Çelik İhracatçıları Birliği
IŞIK ELEKTRONİK SAN VE TİC. A.Ş.;OSMANGAZİ MAH AHMET YESEVİ CAD NO:12 ESENYURT İSTANBUL;(212) 2956560;www.amstrad.com.tr;amstrad.com.tr;ÇİB - Çelik İhracatçıları Birliği
IŞIKLAR İNŞAAT MALZEMELERİ SAN. TİC. A.Ş.;CUBUKLU MH.ORHAN VELI KANIK C.YAKUT SK.ERYILMAZ PLZ.N:3 K:2 BEYKOZ İSTANBUL;02165370050;www.isiklar.com.tr;isiklar.com.tr;ÇİB - Çelik İhracatçıları Birliği
BRIGHTWORKS MÜHENDİSLİK SAN.VE TİC.LTD.ŞTİ.;TEPEÖREN CAD. NO: 18 IÇ KAPI NO: 41 ŞEKERPINAR 41420 ÇAYIROVA, KOCAELİ, TÜRKİYED:24 ÇAYIROVA KOCAELİ;;www.bwetr.com;bwetr.com;ÇİB - Çelik İhracatçıları Birliği
CANDY HOOVER EUROASİA EV GEREÇLERİ SANAYİ VE TİCARET ANONİM ŞİRKETİ;İÇERENKÖY MAH. HAL YOLU CAD. SAYAR İŞ MERKEZİ KAT.7 ATAŞEHİR İSTANBUL;(216) 4664242;http://www.hoover.com.tr/;hoover.com.tr;ÇİB - Çelik İhracatçıları Birliği
ÇETİN PROJE MÜHENDİSLİK ELK. ELEKT.OTOM. TAAH. MÜŞ.PANO.SAÇ. VE KONST İML. MONT SAN. VE TİC.LTD.ŞTİ.;ORG. SAN. BÖL. IŞIKTEPE OSB MAH. ORMANLAR CAD. 1. SOK. NO:5 NİLÜFER BURSA;(224) 4112370;www.cetinelektrik.com.tr;cetinelektrik.com.tr;ÇİB - Çelik İhracatçıları Birliği
DETRO HEALTHCARE KİMYA SAN. A.Ş.;CEMAL GÜRSEL CAD. NO:8/3 ESENYURT İSTANBUL;;www.detrox.com.tr;detrox.com.tr;ÇİB - Çelik İhracatçıları Birliği
ERBA İTHALAT İHRACAT LTD. ŞTİ.;ATATÜRK ORG.SAN.BOL.ISTASYON MAH. ÜRGÜPLÜ C. NO:30 ARNAVUTKÖY İSTANBUL;02127711888;www.erba.com.tr;erba.com.tr;ÇİB - Çelik İhracatçıları Birliği
ELK MOTOR SAN. VE TİC. A.Ş.;ESENYURT ATATÜRK MAH.LOZAN CAD. N:17 ESENYURT İSTANBUL;(212) 8869000;www.elkmotor.com.tr;elkmotor.com.tr;ÇİB - Çelik İhracatçıları Birliği
EMEK YAPI MALZEMELERİ SANAYİ VE TİCARET LİMİTED ŞİRKETİ;SEYRANTEPE MAH BARBAROS CAD 262/2 KAĞITHANE İSTANBUL;(212) 3212620;www.emekyapi.com;emekyapi.com;ÇİB - Çelik İhracatçıları Birliği
AKPLAS PLASTİK KALIP SANAYİ VE TİCARET ANONİM ŞİRKETİ;BEYLIKBAGI MAH. MEMISOGLUCAD. 326/2 SOK. NO:4/A GEBZE KOCAELİ;02627431492;www.akimakplast.com;akimakplast.com;ÇİB - Çelik İhracatçıları Birliği
AFMER KİMYA A.Ş;ÇATALTEPE MAH. BESOB 6. SK. NO:28/1 KESTEL BURSA;(224) 3633508;www.afmerkimya.com;afmerkimya.com;ÇİB - Çelik İhracatçıları Birliği
ADCO PETROL KATKILARI SAN.TİC. A.Ş.;KEMERALTI CADDESİ BALKAN HAN NO 15 KAT 4 KARAKÖY HACIMİMİ MAHALLESİ 34425 BEYOĞLU BEYOĞLU İSTANBUL;02122520840;www.adco.com.tr;adco.com.tr;ÇİB - Çelik İhracatçıları Birliği
A.G. METAL SANAYİ VE TICARET LİMİTED ŞİRKETİ;MİNARELİÇAVUŞOSB MAH..N.208.SK. NO:9 NİLÜFER BURSA;(224) 4111999;www.hi-dro.com.tr;hi-dro.com.tr;ÇİB - Çelik İhracatçıları Birliği
BLC GROUP GLOBAL DIŞ TİCARET LİMİTED ŞİRKETİ;ORTA MAH. AKTEPE CAD. NO:12/A TUZLA İSTANBUL;(216) 0000000;http://www.blcgroupglobal.com;blcgroupglobal.com;ÇİB - Çelik İhracatçıları Birliği
BELGİN MADENİ YAĞLAR TİCARET SANAYİ ANONİM ŞİRKETİ;GEBZE ORG.SAN.BOLG. IHSANDEDECAD.125 GEBZE KOCAELİ;02627510292;www.belginoil.com;belginoil.com;ÇİB - Çelik İhracatçıları Birliği
RUNO KONSEPT MİMARLIK AYDINLATMA VE REKLAM TİCARET LİMİTED ŞİRKETİ;VİŞNEZADE MAH. SÜLEYMAN SEBA CAD. NO: 79 İÇ KAPI N BEŞİKTAŞ İSTANBUL;(212) 0000000;http://www.runokonsept.com;runokonsept.com;ÇİB - Çelik İhracatçıları Birliği
SEL DIŞ TİCARET VE KİMYA SANAYİ A.Ş.;MASLAK MAH. SANATKARLAR SK. ECLİPSE MASLAK SİT. NO:2E/6 SARIYER İSTANBUL;(212) 4387538;www.selsil.com.tr;selsil.com.tr;ÇİB - Çelik İhracatçıları Birliği
TAPFLO MAKINA YAPI END.SAN.VE DIS.TIC.LTD.STI.;SAHRAYICEDID MH.ATATURK CD.ATA APT.NO:63 K:1 KADIKÖY İSTANBUL;02164673311;www.tapflo.com.tr;tapflo.com.tr;ÇİB - Çelik İhracatçıları Birliği
TEKNİK DÖKÜM KAPLAMA MALZEMELERİ SANAYİ VE TİCARET ANONİM ŞİRKETİ;DELİKLİKAYA MH KISIKLI CD NO:69 ARNAVUTKÖY İSTANBUL;(212) 5185757;www.teknikdokum.com;teknikdokum.com;ÇİB - Çelik İhracatçıları Birliği
TİMERK DIŞ TİC.LTD.ŞTİ.;ORTAKÖY MAH. MALİKLER SOK.NO.10 SELİMPAŞA SİLİVRİ İSTANBUL;(212) 7343750;www.cottonclubtr.com;cottonclubtr.com;ÇİB - Çelik İhracatçıları Birliği
TETRA PAK PAKETLEME SANAYİ VE TİCARET LİMİTED ŞİRKETİ;ANKARA KARAYOLU 29.KM KEMALPAŞA İZMİR;02328701100;www.tetrapak.com;tetrapak.com;ÇİB - Çelik İhracatçıları Birliği
WALRAVEN YAPI MALZEMELERİ SANAYİ VE TİCARET ANONİM ŞİRKETİ;ÇERKEZKÖY OSB GAZİOSMANPAŞA MAHALLESİ 22.OKAK NO:26 59500 MERKEZ BUCAĞI 59500 SİLİVRİ İSTANBUL;02127172289;www.jeflex.com;jeflex.com;ÇİB - Çelik İhracatçıları Birliği
XENOL AMBALAJ PAZARLAMA VE TİCARET ANONİM ŞİRKETİ;GEBKİM DEMİRCİLER OSB NURİ TÜRKER CD. NO:4/2 DİLOVASI KOCAELİ;(262) 6461101;www.xenol.com;xenol.com;ÇİB - Çelik İhracatçıları Birliği
YENİLAB LABARATUVAR VE EĞİTİM GEREÇLERİ KİMYA SAN. TİC. LTD. ŞTİ.;ÇELEBİLER CD. NO: 28/2 ÇELEBİLER 54100 ADAPAZARI, SAKARYA, TÜRKİYE ADAPAZARI SAKARYA;(850) 3029450;www.yenilab.com;yenilab.com;ÇİB - Çelik İhracatçıları Birliği