firma_adi;adres;telefon;website;domain;birlik
ARÇELİK ANONİM ŞİRKETİ;SÜTLÜCE KARAAGAÇ CAD. NO 2/6 BEYOĞLU İSTANBUL;(212) 3143803;www.arcelik.com.tr;arcelik.com.tr;TET - Elektrik ve Elektronik İhracatçıları Birliği
VESTEL TİCARET ANONİM ŞİRKETİ;ORGANIZE SANAYI BOLGESI MANİSA MANİSA;(236) 2330131;www.vestel.com.tr;vestel.com.tr;TET - Elektrik ve Elektronik İhracatçıları Birliği
BSH EV ALETLERİ SANAYİ VE TİCARET ANONİM ŞİRKETİ;MERKEZ FATİH SULTAN MEHMET MAH.BALKAN CAD.NO.51 ÜMRANİYE İSTANBUL;(216) 5289000;www.bsh.com.tr;bsh.com.tr;TET - Elektrik ve Elektronik İhracatçıları Birliği
EAE ELEKTRİK ASANSÖR ENDÜSTRİSİ İNŞAAT SANAYİ VE TİCARET ANONİM ŞİRKETİ;AKÇABURGAZ MAH. 3114 SOK NO:10 ESENYURT İSTANBUL;(212) 8662000;www.eae.com.tr;eae.com.tr;TET - Elektrik ve Elektronik İhracatçıları Birliği
HES HACILAR ELEKTRİK SANAYİ VE TİCARET ANONİM ŞİRKETİ;ERCIYES MAH HES CAD.NO:22 HACILAR KAYSERİ;(352) 2074500;www.hes.com.tr;hes.com.tr;TET - Elektrik ve Elektronik İhracatçıları Birliği
BALIKESIR ELEKTRO MEKANIK SAN. TESISLERI A.S.;ORGANIZE SANAYI BÖL 7.CAD NO110100 BALIKESİR BALIKESİR;02662811070;www.besttransformer.com;besttransformer.com;TET - Elektrik ve Elektronik İhracatçıları Birliği
GRİD SOLUTİONS ENERJİ ENDÜSTRİSİ A.Ş.;BARIŞ MAH.GÜNEY YAN YOL CAD NO 320 GEBZE KOCAELİ;02626483300;www.ge.com;ge.com;TET - Elektrik ve Elektronik İhracatçıları Birliği
SIEMENS SAN. VE TİC. AŞ;YAKACIK YOLU NO:111 YAKACIK KARTAL İSTANBUL;02164592000;www.siemens.com;siemens.com;TET - Elektrik ve Elektronik İhracatçıları Birliği
HİTACHİ ENERGY TURKEY ELEKTRİK SANAYİ ANONİM ŞİRKETİ;2.CADDE ABB BLOK NO:16 İÇ KAPI NO:1 DUDULLU OSB MAHALLESİ 34775 ÜMRANİYE, İSTANBUL, TÜRKİYE ÜMRANİYE İSTANBUL;(850) 5281000;https://www.hitachienergy.com/about-us/country-and-regional-information/turkey;hitachienergy.com;TET - Elektrik ve Elektronik İhracatçıları Birliği
PAMUKKALE KABLO SANAYİ VE TİCARET ANONİM ŞİRKETİ;HAVAALANI KAVŞAĞI EGS BUSİNESS PARK PLAZA B1 BLOKKAT:16 NO:463 YEŞİLKÖY BAKIRKÖY İSTANBUL;(212) 4653812;www.pamukkalekablo.com.tr;pamukkalekablo.com.tr;TET - Elektrik ve Elektronik İhracatçıları Birliği
ULUSOY ELEKTRİK İMALAT TAAHHÜT VE TİC. A. Ş.;ANKARA 1. OSB. OĞUZ CAD. NO:6 SİNCAN ANKARA;(312) 2670712;www.ulusoyelelktrik.com;ulusoyelelktrik.com;TET - Elektrik ve Elektronik İhracatçıları Birliği
CANDY HOOVER EUROASİA EV GEREÇLERİ SANAYİ VE TİCARET ANONİM ŞİRKETİ;İÇERENKÖY MAH. HAL YOLU CAD. SAYAR İŞ MERKEZİ KAT.7 ATAŞEHİR İSTANBUL;(216) 4664242;http://www.hoover.com.tr/;hoover.com.tr;TET - Elektrik ve Elektronik İhracatçıları Birliği
DEMİRER KABLO TESİSLERİ SANAYİ VE TİCARET ANONİM ŞİRKETİ;CİHANNÜMA MAH. BARBAROS BULVARI PREVEZE HANNO.59 BEŞİKTAŞ İSTANBUL;(212) 2615163;www.masscable.com.tr;masscable.com.tr;TET - Elektrik ve Elektronik İhracatçıları Birliği
ENPAY ENDÜSTRIYEL PAZARLAMA VE YATIRIM A.Ş.;KARADENIZLILER MAH.FAKÜLTE CAD.NO.147/A P.K.91 BAŞİSKELE KOCAELİ;(262) 3495820;www.enpay.com;enpay.com;TET - Elektrik ve Elektronik İhracatçıları Birliği
NEXANS TÜRKİYE ENDÜSTRİ VE TİCARET ANONİM ŞİRKETİ;MECİDİYEKÖY MAH. OĞUZ SOK. NO:4RÖNESANS BİZ PLAZA A/1 MECİDİYEKÖY ŞİŞLİ İSTANBUL;(212) 2660160;www.nexans.com;nexans.com;TET - Elektrik ve Elektronik İhracatçıları Birliği
ELTAŞ ELEKTRİK MALZEMELERİ SANAYİ VE PAZARLAMA A.Ş.;GEBZE O.S.B. İSYANDEDE CAD.N:112 GEBZE KOCAELİ;(262) 7511258;www.legrand.com.tr;legrand.com.tr;TET - Elektrik ve Elektronik İhracatçıları Birliği
BORSAN KABLO ELEKTRİK AYDINLATMA İNŞAAT SANAYİ VE TİCARET ANONİM ŞİRKETİ;ŞABANOĞLU OSB MAH. ORG. SAN. BÖL. NO:40/1 TEKKEKÖY SAMSUN;(362) 2665925;www.borsan.com.tr;borsan.com.tr;TET - Elektrik ve Elektronik İhracatçıları Birliği
TÜRK PRYSMİAN KABLO VE SİSTEMLERİ ANONİM ŞİRKETİ;HAKTAN IŞ MERKEZİ NO:39 KAT:2SETÜSTÜ - KABATAŞ BEYOĞLU İSTANBUL;(212) 3937700;www.prysmiangroup.com;prysmiangroup.com;TET - Elektrik ve Elektronik İhracatçıları Birliği
ABB ELEKTRİK SANAYİ ANONİM ŞİRKETİ;AYDINEVLER MAHALLESİ SİTELER YOLU NO: 1A / 7 34854 MALTEPE İSTANBUL;(216) 5282200;https://new.abb.com/tr;new.abb.com;TET - Elektrik ve Elektronik İhracatçıları Birliği
AKSA JENERATÖR SANAYİ ANONİM ŞİRKETİ;RÜZGARLIBAHÇE MAH. ÖZALP ÇIKMAZIN:10 KÖYLER BEYKOZ İSTANBUL;(216) 6810000;www.aksa.com.tr;aksa.com.tr;TET - Elektrik ve Elektronik İhracatçıları Birliği
DEMES KABLO SANAYİ VE TİCARET ANONİM ŞİRKETİ;OSMANGAZİ MAH. MAREŞAL FEVZİ ÇAKMAK CAD.N:19 ESENYURT İSTANBUL;02126894900;www.demes.com;demes.com;TET - Elektrik ve Elektronik İhracatçıları Birliği
BEST ELEKTRİK TAAHHÜT VE TİCARET ANONİM ŞİRKETİ;AĞIR SANAYİ BÖLGESİ NO:1 MERKEZ BALIKESİR;(266) 2418200;www.aeg-genel.com.tr;aeg-genel.com.tr;TET - Elektrik ve Elektronik İhracatçıları Birliği
ERSE KABLO SANAYİ VE TİCARET ANONİM ŞİRKETİ;HALİL RIFAT PAŞA MAH.YÜZER HAVUZ SOKAK.NO:5-9 ŞİŞLİ İSTANBUL;(212) 3202680;www.ersekablo.com.tr;ersekablo.com.tr;TET - Elektrik ve Elektronik İhracatçıları Birliği
KÜRKÇÜOĞLU İÇ VE DIŞ TİCARET ANONİM ŞİRKETİ;SANAYİ MAH.URAN SOK.NO:3/1 PENDİK İSTANBUL;(216) 4445930;www.kj.com.tr;kj.com.tr;TET - Elektrik ve Elektronik İhracatçıları Birliği
EMSA ENERJİ PAZARLAMA VE DIŞ TİCARET ANONİM ŞİRKETİ;MECLIS MAHALLESİ KARACAOĞLAN SOK.NO:2/A SANCAKTEPE İSTANBUL;(216) 4200003;www.emsa.gen.tr;emsa.gen.tr;TET - Elektrik ve Elektronik İhracatçıları Birliği
SARKUYSAN ELEKTROLİTİK BAKIR SANAYİ VE TİCARET ANONİM ŞİRKETİ;EMEK MAH. ASİROGLU CAD. NO:147 DARICA KOCAELİ;(262) 6766600;www.sarkuysan.com;sarkuysan.com;TET - Elektrik ve Elektronik İhracatçıları Birliği
2M KABLO SANAYİ VE TİCARET ANONİM ŞİRKETİ;SANCAKTEPE MAH.KLAS SOK. NO:8 K:2 SİLİVRİ İSTANBUL;(212) 2228250;www.2mkablo.com;2mkablo.com;TET - Elektrik ve Elektronik İhracatçıları Birliği
GÜNSAN ELEKTRİK MALZEMELERİ SAN.VE TİC. A.Ş.;OSMANGAZI MAH. YILDIRIM BEYAZIT CD. N:29 SANCAKTEPE İSTANBUL;(216) 5617480;www.gunsanelectric.com;gunsanelectric.com;TET - Elektrik ve Elektronik İhracatçıları Birliği
E.G.O. ELEKTRİKLİ ALETLER SAN. AŞ;ERGENE 1 O.S.B. VAKIFLAR OSB MAH. İSTANBUL CAD. NO:11/A ERGENE TEKİRDAĞ TEKİRDAĞ;(282) 6846800;www.egoproducts.com.tr;egoproducts.com.tr;TET - Elektrik ve Elektronik İhracatçıları Birliği
ALCE ELEKTRİK SANAYİ VE TİCARET ANONİM ŞİRKETİ;RAMAZANOĞLU MAH. TRANSTEK CAD.NO:6 ŞEYHLİ ŞEYHLİ PENDİK İSTANBUL;(216) 5854200;www.alce-elektrik.com.tr;alce-elektrik.com.tr;TET - Elektrik ve Elektronik İhracatçıları Birliği
MUTLU AKÜ VE MALZEMELERİ SANAYİ A.Ş.;TEPEÖREN MAH. ESKİ ANKARA YOLU CAD. NO: 210 TUZLA İSTANBUL;(212) 5816200;www.mutlu.com.tr;mutlu.com.tr;TET - Elektrik ve Elektronik İhracatçıları Birliği
DE-KA ELEKTROTEKNİK SANAYİ VE TİCARET ANONİM ŞİRKETİ;AKSE MAH. FEVZİ ÇAKMAK CAD. NO:140 ÇAYIROVA KOCAELİ;(262) 7436060;www.de-ka.com;de-ka.com;TET - Elektrik ve Elektronik İhracatçıları Birliği
ÜNİKA ÜNİVERSAL KABLO SANAYİ VE TİCARET ANONİM ŞİRKETİ;LEVENT MAH.YENİ SÜLÜN SOK.N:5 BEŞİKTAŞ İSTANBUL;(212) 2782353;www.unika.com.tr;unika.com.tr;TET - Elektrik ve Elektronik İhracatçıları Birliği
ORKOM MADENCİLİK A.Ş.;AHİ EVRAN ORGANİZE SANAYİ BÖL.MAH. NAHÇİVAN CAD. NO:11 SİNCAN ANKARA;(312) 2676080;www.mnggold.com;mnggold.com;TET - Elektrik ve Elektronik İhracatçıları Birliği
PANASONIC ELEKTRİC WORKS ELEKTRİK SAN VE TİC. A.Ş;ABDURRAHMAN GAZI MAH EBUBEKIRCAD NO.44 SANCAKTEPE İSTANBUL;(216) 5645555;lstr.panasonic.com;lstr.panasonic.com;TET - Elektrik ve Elektronik İhracatçıları Birliği
ESAN AKÜMÜLATÖR VE MALZEMELERİ SANAYİ TİCARET ANONİM ŞİRKETİ;DİLOVASI OSB 4.KISIM D-4011 SK N:7 GEBZE KOCAELİ;(262) 5021740;www.esanaku.com;esanaku.com;TET - Elektrik ve Elektronik İhracatçıları Birliği
SONMEZ TRANSFORMATOR SAN.VE TIC.A.S.;İSTASYON MAH. 1495/1 SOK. NO.2 GEBZE KOCAELİ;(262) 6555450;www.sonmeztrafo.com.tr;sonmeztrafo.com.tr;TET - Elektrik ve Elektronik İhracatçıları Birliği
ETABİR BİRTAŞ KABLO SANAYİ VE DIŞ TİCARET LİMİTED ŞİRKETİ;ŞAIR ZIYAPAŞA YOKUŞU BANKALAR CAD. TOPÇUOĞLU HAN. NO: 42TOPÇUOĞLU HAN. NO: 42 BEYOĞLU İSTANBUL;02122931664;www.etabirkablo.com;etabirkablo.com;TET - Elektrik ve Elektronik İhracatçıları Birliği
ÜNKA KABLO SANAYİ VE TİCARET ANONİM ŞİRKETİ;SARAY MAH. AHMET TEVFİK İLERİ CAD.NO.16/4 ÜMRANİYE İSTANBUL;02166341440;www.unkakablo.com.tr;unkakablo.com.tr;TET - Elektrik ve Elektronik İhracatçıları Birliği
KASTRO KABLO SANAYİ VE TİCARET ANONİM ŞİRKETİ;TERAZİDERE MAH. GÜNEŞ TEL SOK. NO:5 BAYRAMPAŞA İSTANBUL;(212) 2200100;www.kastrokablo.com;kastrokablo.com;TET - Elektrik ve Elektronik İhracatçıları Birliği
KONTROLMATİK TEKNOLOJİ ENERJİ VE MÜHENDİSLİK A.Ş.;ORUÇREİS MAH.TEKSTİLKENT CAD.12-B/154 ESENLER İSTANBUL;(212) 6592441;www.kontrolmatik.com;kontrolmatik.com;TET - Elektrik ve Elektronik İhracatçıları Birliği
KABEL KABLO ELEMANLARI SANAYİ VE TİCARET ANONİM ŞİRKETİ;ORGANIZE SANAYI BOLGESI 11.CADZEYTINOGLU BULVARI N:19 Merkez ESKİŞEHİR;(222) 2360087;www.endel.com.tr;endel.com.tr;TET - Elektrik ve Elektronik İhracatçıları Birliği
VİANET TELEKOMÜNİKASYON İLETİŞİM HİZMETLERİ VE TİCARET ANONİM ŞİRKETİ;OSMANGAZİ MAH. MÜSTESNA SK.NO:37 SAMANDIRA SAMANDIRA SANCAKTEPE İSTANBUL;(216) 3119295;www.vianet.com;vianet.com;TET - Elektrik ve Elektronik İhracatçıları Birliği
ESİTAŞ ELEKTRİK SANAYİ VE TİCARET ANONİM ŞİRKETİ;ORGANİZE SANAYİ BÖLGESİ MAH.5. CAD.NO:23A DİLOVASI KOCAELİ;(216) 3043270;www.esitas.com;esitas.com;TET - Elektrik ve Elektronik İhracatçıları Birliği
AXPO TURKEY ENERJİ A.Ş.;AYTAR CAD. FECRİ EBCİOGLU SOK. RSD OFİS NO:4 KAT:2 34330 BEŞİKTAŞ BEŞİKTAŞ İSTANBUL;(212) 2699080;https://www.axpo.com/tr/en/about-us.html;axpo.com;TET - Elektrik ve Elektronik İhracatçıları Birliği
APPLE TEKNOLOJİ VE SATIŞ LTD.ŞTİ;FSM MAH.POLİGON CAD.BÜYÜKA S ST.NO:8 BLOK NO:2 CBLOK K:18 ÜMRANİYE İSTANBUL;(212) 2881812;www.apple.com.tr;apple.com.tr;TET - Elektrik ve Elektronik İhracatçıları Birliği
ARKEL ELEKTRİK ELEKTRONİK SAN. VE TİC. A.Ş.;EYÜP SULTAN MAH ŞAH CİHAN CAD N:69/B SANCAKTEPE İSTANBUL;(216) 5406724;www.arkel.com.tr;arkel.com.tr;TET - Elektrik ve Elektronik İhracatçıları Birliği
GÜÇBİR JENERATÖR SANAYİ VE TİCARET ANONİM ŞİRKETİ;ŞERİFALİ MAH. TAVUKÇUYOLU CAD. NO: 200 ÜMRANİYE İSTANBUL;(216) 3127979;www.gucbirjenerator.com;gucbirjenerator.com;TET - Elektrik ve Elektronik İhracatçıları Birliği
FESTO SANAYİ VE TİCARET ANONİM ŞİRKETİ;AYDINLI İSTANBUL ANADOLU YAKASI ORGANİZE SANAYİ BÖLGESİ MAHALLESİ ÜNİVERSİTE CADDESİ NO:45 AYDINLI TUZLA İSTANBUL;(216) 5850003;www.festo.com.tr;festo.com.tr;TET - Elektrik ve Elektronik İhracatçıları Birliği
BAYSAN İTHALAT İHRACAT TİC. A.Ş.;UZUNBEY MAH. CUMHİRİYET CAD. NO:64 KARTEPE KOCAELİ;(262) 3716141;www.baysankazan.com;baysankazan.com;TET - Elektrik ve Elektronik İhracatçıları Birliği
WELLSPECT MEDİKAL SANAYİ VE TİCARET ANONİM ŞİRKETİ;FATİH MAHALLESİ 3105 CAD. NO:8 KAHRAMANKAZAN ANKARA;03128154624;www.oasismedikal.com;oasismedikal.com;TET - Elektrik ve Elektronik İhracatçıları Birliği
SANKA SANAYI KABLOLARI A.S.;İ.O.S.B.METAL İŞ SAN.SİT. 16 BLOKN:5/7 BAŞAKŞEHİR İSTANBUL;(212) 2681853;www.sankakablo.com.tr;sankakablo.com.tr;TET - Elektrik ve Elektronik İhracatçıları Birliği
ÖZLER KABLO İÇ VE DIŞ TİCARET SANAYİ ANONİM ŞİRKETİ;PELİTLİ MAH YENİ MEZARLIK YOLU CADN:46 GEBZE KOCAELİ;(262) 7515200;www.ozlerkablo.com.tr;ozlerkablo.com.tr;TET - Elektrik ve Elektronik İhracatçıları Birliği
REÇBER KABLO ANONİM ŞİRKETİ;TÜRKGÜCÜ KÖYÜ YOLU ÜZERİYILMAZ ALPASLAN CAD.4.KM N:73 ARNAVUTKÖY İSTANBUL;(212) 7742323;www.recber.com.tr;recber.com.tr;TET - Elektrik ve Elektronik İhracatçıları Birliği
ARKEN JENERATÖR ANONİM ŞİRKETİ;HARAÇCI MAH. DOLMABAHÇE CAD. N:22KOBİ İŞ MER NO:51/2 ARNAVUTKÖY İSTANBUL;(212) 4240275;www.arkenjenerator.com;arkenjenerator.com;TET - Elektrik ve Elektronik İhracatçıları Birliği
GESBEY ENERJİ TÜRBİNİ KULE ÜRETİMİ SAN.VE TİC.A.Ş.;BANDIRMA OSB BUĞDAĞLI KÖYÜTAŞTEPE MEVKİİ 2. CAD. NO:5 GÖNEN BALIKESİR;(266) 7110500;www.gri.com.es;gri.com.es;TET - Elektrik ve Elektronik İhracatçıları Birliği
ELİN ELEKTRİK İNŞAAT MÜŞAVİRLİK PROJE TAAHHÜT TİCARET VE SANAYİ ANONİM ŞİRKETİ;ÜMİT MAH. 2535. SOK. NO 1 ÜMİTKÖY ÇANKAYA ANKARA;(312) 2353838;www.elin.com.tr;elin.com.tr;TET - Elektrik ve Elektronik İhracatçıları Birliği
ARMA FİLTRE SİSTEMLERİ SAN. VE TİC. A. Ş.;SAKARYA 1.ORGANİZE SANAYİ BÖLGESİ NO:13 ARİFİYE SAKARYA;(264) 2769010;www.armafiltre.com.tr;armafiltre.com.tr;TET - Elektrik ve Elektronik İhracatçıları Birliği
TEKPAN TEKNİK ELEKTRİK KUMANDA PANO SAN.VE TURİZM TİC. A.Ş.;HALİLBEYLİ OSB MH PARSA CD NO.2/1 BAĞYURDU OSB 35730 KEMALPAŞA KEMALPAŞA İZMİR;(232) 8771877;www.tekpan.com.tr;tekpan.com.tr;TET - Elektrik ve Elektronik İhracatçıları Birliği
COIL PARTNERS BOBİNAJ SAN. VE TİC. A.Ş.;OSMANGAZI MH.CEYHAN CD.NO:23 ÜMRANİYE İSTANBUL;;www.coilpartners.com;coilpartners.com;TET - Elektrik ve Elektronik İhracatçıları Birliği
LANDE ELEKTRİK DIŞ TİCARET A.Ş.;MERVE MAHALLESİ GAZİ CADDESİ NO : 17 YENİDOĞAN SANCAKTEPE İSTANBUL;(216) 3122653;www.lande.com.tr;lande.com.tr;TET - Elektrik ve Elektronik İhracatçıları Birliği
CORNING OPTİK İLETİŞİM SAN. LTD. ŞTİ.;GEBZE ORG.SAN.BOLG. TEMBELOVA MEVKİİ GENÇLİK CAD. NO:3003 GEBZE KOCAELİ;(262) 6737000;www.corning.com;corning.com;TET - Elektrik ve Elektronik İhracatçıları Birliği
YEO TEKNOLOJİ ENERJİ VE ENDÜSTRİ A.Ş.;ESENTEPE MAH. KELEBEK SK. MARMARA KULE SİTESİ B-BLOK NO: 2/1 KARTAL/İSTANBUL TURKEY 34870 KARTAL, İS KARTAL İSTANBUL;02164942676;www.yeo.com.tr;yeo.com.tr;TET - Elektrik ve Elektronik İhracatçıları Birliği
BİRİKİM KABLO SANAYİ VE TİCARET ANONİM ŞİRKETİ;AKÇABURGAZ MAH.3109.SOKAK NO:3/3 ESENYURT İSTANBUL;(212) 6729224;www.birikimkablo.com;birikimkablo.com;TET - Elektrik ve Elektronik İhracatçıları Birliği
BAŞOĞLU KABLO VE PROFİL SANAYİ VE TİCARET ANONİM ŞİRKETİ;İÇERENKÖYYOLU CAD. KEYAP SAN.SIT. E-2 BLOK NO:82 YUKARIDUDULLU ÜMRANİYE İSTANBUL;02164205940;www.basoglukablo.com;basoglukablo.com;TET - Elektrik ve Elektronik İhracatçıları Birliği
SIEMENS HEALTHCARE SAĞLIK A.Ş.;ESENTEPE MAH.YAKACIK CAD.N:111 KARTAL İSTANBUL;(216) 4592372;www.healthcare.siemens.com;healthcare.siemens.com;TET - Elektrik ve Elektronik İhracatçıları Birliği
ELTE PANO ELEKTRİK MAK. METAL MUHENDİSLİK SANAYİ VE TICARET LİMİTED ŞİRKETİ;İSTANBUL DERİ ORGANİZE SANAYİ BÖL. GÜDERİ CAD. (7A YOLU) P1 ÖZEL PARSEL NO:16 TUZLA İSTANBUL;(216) 4840666;www.eltepano.com;eltepano.com;TET - Elektrik ve Elektronik İhracatçıları Birliği
LEGRAND ELEKTRİK SANAYİ ANONİM ŞİRKETİ;İHSAN DEDE CAD. GOSB 100.CAD.NO.112 GEBZE KOCAELİ;(262) 7511258;www.legrand.com.tr;legrand.com.tr;TET - Elektrik ve Elektronik İhracatçıları Birliği
SCHNEIDER ELEKTRİK SANAYİ VE TİCARET ANONİM ŞİRKETİ;DEFNE SOKAK NO:3 BÜYÜKHANLI PLAZA KÜÇÜKBAKKALKÖY ATAŞEHİR İSTANBUL;(216) 6558888;www.schneider-electric.com;schneider-electric.com;TET - Elektrik ve Elektronik İhracatçıları Birliği
TUMPA ELEKTRİK MALZEMELERİ TİCARET VE PAZARLAMA A.Ş.;EVLİYA ÇELEBİ MAH. MEŞRUTİYET CAD. İŞ HAN APARTMANI NO:66/A BEYOĞLU İSTANBUL;(212) 2569405;www.tumpaelektrik.com.tr;tumpaelektrik.com.tr;TET - Elektrik ve Elektronik İhracatçıları Birliği
HATKO TEKNİK DONANIMLAR MÜMESSİLLİK VE TİC. AŞ;VİŞNEZADE MAH. ACISU SK. NO:15 BEŞİKTAŞ İSTANBUL;(212) 2589983;www.hatko.com;hatko.com;TET - Elektrik ve Elektronik İhracatçıları Birliği
DT MÜHENDİSLİK VE TAAHHÜT ANONİM ŞİRKETİ;ŞERİF ALİ MAHALLESİ BAŞER SOKAK NO:30/32 ÜMRANİYE İSTANBUL;(216) 5275212;www.dnt-group.com;dnt-group.com;TET - Elektrik ve Elektronik İhracatçıları Birliği
NNG ENERJİ TEKNOLOJİ TAAHHÜT VE TİCARET LİMİTED ŞİRKETİ;KISIKLI MAHALLESİ İMAM ETHEM SOKAK NO:4 /1 PK:34692 ÜSKÜDAR İSTANBUL;(216) 5106962;www.nngenerji.com;nngenerji.com;TET - Elektrik ve Elektronik İhracatçıları Birliği
GERSAN ELEKTRIK TICARET VE SANAYI A.S.;İST. ANADOLU YAKASI O.S.B. GAZİ BULV. NO:39 TUZLA İSTANBUL;(216) 5930050;www.gersan.com.tr;gersan.com.tr;TET - Elektrik ve Elektronik İhracatçıları Birliği
VEKMAR ELEKTRİK SİSTEMLERİ YATIRIM VE TİCARET ANONİM ŞİRKETİ;ISTANBUL TUZLA BOYA VERNIK OR. SAN.BOLG. 8. CAD. NO:7 TUZLA İSTANBUL;02165931100;www.vekmar.com.tr;vekmar.com.tr;TET - Elektrik ve Elektronik İhracatçıları Birliği
CANOVATE ELEKTRONIK ENDUSTRI VE TICARET ANONİM ŞİRKETİ;EKŞİOĞLU MAH. ATABEY CAD. NO:12/1 34782 ÇEKMEKÖY İSTANBUL;(216) 4842222;www.canovate.com;canovate.com;TET - Elektrik ve Elektronik İhracatçıları Birliği
ÇETİNKAYA PANO SAC TABLO VE PLASTİK SANAYİ TİCARET A.Ş.;İSTKİLAL MAH PİRİ REİS CAD N:6 KIRAÇ ESENYURT İSTANBUL;(212) 6895689;www.cetinkayapano.com;cetinkayapano.com;TET - Elektrik ve Elektronik İhracatçıları Birliği
ÇALIK ENERJİ SAN. VE TİC. AŞ;AK PLAZA YAŞAM CD. N:7 K:17SÖĞÜTÖZÜ ÇANKAYA ANKARA;(312) 2077000;www.calikenerji.com;calikenerji.com;TET - Elektrik ve Elektronik İhracatçıları Birliği
ALİMAR MAKİNA SANAYİ VE TİCARET ANONİM ŞİRKETİ;UZAY ÇAĞI BULVARI ALİMAR TİCARET MERKEZİ 1432 SOKAK NO:2/1 OSTİM OSB İSKİTLER YENİMAHALLE ANKARA;(312) 3544017;www.alimar.com.tr;alimar.com.tr;TET - Elektrik ve Elektronik İhracatçıları Birliği
ELK MOTOR SAN. VE TİC. A.Ş.;ESENYURT ATATÜRK MAH.LOZAN CAD. N:17 ESENYURT İSTANBUL;(212) 8869000;www.elkmotor.com.tr;elkmotor.com.tr;TET - Elektrik ve Elektronik İhracatçıları Birliği
MURAT TİCARET KABLO SANAYİ ANONİM ŞİRKETİ;TOSB MEVKII TAYSAD ORG SAN BOLG 1. CAD 16. YOL 41420 ÇAYIROVA KOCAELİ;(262) 6796700;www.muratticaret.com;muratticaret.com;TET - Elektrik ve Elektronik İhracatçıları Birliği
CASPER BİLGİSAYAR SİSTEMLERİ ANONİM ŞİRKETİ;FATİH SULTAN MAH. BALKAN CAD. NO.47 CCASPER PLAZA ÜMRANİYE İSTANBUL;02165286666;www.casper.com.tr;casper.com.tr;TET - Elektrik ve Elektronik İhracatçıları Birliği
İLTEKNO İLERI TEKNOLOJİ MUHENDİSLİK VE TİCARET ANONİM ŞİRKETİ;KORE ŞEHİTLERİ CADDESİ NO:53 ZİNCİRLİKUYU ŞİŞLİ ŞİŞLİ İSTANBUL;02122967740;www.iltekno.com;iltekno.com;TET - Elektrik ve Elektronik İhracatçıları Birliği
BBS METAL MONTAJ ELEKTRIK SAN.VE TIC.LTD.STI.;SULTAN ORHAN MAH. HASKÖY SAN. SİT NO.15 SARIYER İSTANBUL;(212) 6428999;www.bbsmetal.com.tr;bbsmetal.com.tr;TET - Elektrik ve Elektronik İhracatçıları Birliği
MİRSAN ENDÜSTRİYEL ÜRÜNLER METAL SANAYİ VE TİCARET LİMİTED ŞİRKETİ;75.YIL OSB MAH. 2004 CAD. NO:10 ODUNPAZARI/ESKİŞEHİR NO:10 OSB MAH 26010 ODUNPAZARI, ESKIŞEHIR, TÜRK ODUNPAZARI ESKİŞEHİR;(222) 2369123;www.mirsanelektrik.com.tr;mirsanelektrik.com.tr;TET - Elektrik ve Elektronik İhracatçıları Birliği
BIÇAKCILAR TIBBİ CİHAZLAR SAN. VE TİC.A.Ş;OSMANGAZİ MAH. GAZİ CAD. NO:21 ŞİŞLİ İSTANBUL;02122108585;www.bicakcilar.com;bicakcilar.com;TET - Elektrik ve Elektronik İhracatçıları Birliği
HİLKAR ELEKTRİK ANONİM ŞİRKETİ;1. ORGANİZE SANAYİ BÖLGESİ 1.YOL NO:16 Merkez SAKARYA;02642755540;www.hilkar.com;hilkar.com;TET - Elektrik ve Elektronik İhracatçıları Birliği
ELKON ELEKTRIK SANAYI VE TICAR ET A.S.;RAUF ORBAY CAD. NO. 37 TUZLA İSTANBUL;02163956695;www.elkon-tr.com;elkon-tr.com;TET - Elektrik ve Elektronik İhracatçıları Birliği
EKSA ELEKTRONİK BİLGİ İŞLEM SANAYİ VE DIŞ TİCARET ANONİM ŞİRKETİ;BULGURLU MAH. ALEMDAĞ CAD. 56B ÜSKÜDAR İSTANBUL;(216) 5249999;www.eksa.com.tr;eksa.com.tr;TET - Elektrik ve Elektronik İhracatçıları Birliği
SARCAM BOBİNAJ VE TRAFO TELLERİ SANAYİ VE TİCARET ANONİM ŞİRKETİ;O.S.B. MAHALLESİ MAKİNE İHTİSAS O.S.B 8.SOKAK NO:9 DİLOVASI KOCAELİ;(262) 7229515;www.sarcam.com.tr;sarcam.com.tr;TET - Elektrik ve Elektronik İhracatçıları Birliği
HIZLI SİSTEM BİLGİSAYAR SAN. VE TİC. LTD. ŞTİ.;HÜRRİYET MAH.139 SOK. (ESKİ BURAK SOK.) NO:8 GÜNEŞLİ BAĞCILAR İSTANBUL;;www.hizlikartus.com;hizlikartus.com;TET - Elektrik ve Elektronik İhracatçıları Birliği
MURAT AYDINLATMA SAN. VE TİC.A.Ş.;ÖMERLİ MAH. RENGİN SOK. NO:13 ARNAVUTKÖY İSTANBUL;(212) 8559996;www.avolux.com;avolux.com;TET - Elektrik ve Elektronik İhracatçıları Birliği
MEKAS DIŞ TİCARET ANONİM ŞİRKETİ;SAID SOK. NO:26/16 ABDURRAHMANGAZI MH SULTANBEYLİ İSTANBUL;;www.mekaskablo.com;mekaskablo.com;TET - Elektrik ve Elektronik İhracatçıları Birliği
CISCO SYSTEMS INTERNETWORKING ILETISIM HIZMETLERI LTD.STI.;POLARIS PLAZA AHIEVRAN CAD.NO.21 K.20 SARIYER İSTANBUL;(212) 3350202;www.cisco.com;cisco.com;TET - Elektrik ve Elektronik İhracatçıları Birliği
NATEK ENERJİ EKİPMANLARI SANAYİ VE TİCARET A.Ş.;İKİTELLİ OSB BAŞAK BULVARI BAŞAKŞEHİR SAN.SİTESİC BLOK NO:10-12 BAŞAKŞEHİR İSTANBUL;(212) 4858264;www.natekenerji.com;natekenerji.com;TET - Elektrik ve Elektronik İhracatçıları Birliği
EAE ELEKTRİK AYDINLATMA ENDÜSTRİ SANAYİ VE TİCARET ANONİM ŞİRKETİ;İ.O.S.B ZİYA GÖKALP MAH. ESKİ TURGUTÖZAL CAD N:20 BAŞAKŞEHİR İSTANBUL;(212) 5499713;www.eae.com.tr;eae.com.tr;TET - Elektrik ve Elektronik İhracatçıları Birliği
ÇAĞATAY KABLO PAZARLAMA SAN. VE TİC. LTD. ŞTİ.;FEVZİ PAŞA MAH. SÖĞÜT CAD. NO:5 DEĞİRMENKÖY SİLİVRİ İSTANBUL;(212) 7388484;www.cagataykablo.com;cagataykablo.com;TET - Elektrik ve Elektronik İhracatçıları Birliği
ITECH ELEKTRİK PROJE TAAHHÜT TİCARET LİMİTED ŞİRKETİ;BALTACI MEHMET PASA SOKAK NO:4 AC MOMENT ISTANBUL SITESI B BLOK D:214 SOGANLIK KARTAL İSTANBUL;(216) 3841085;http://www.itechelectric.com.tr;itechelectric.com.tr;TET - Elektrik ve Elektronik İhracatçıları Birliği
NOKTA MÜHENDİSLİK ANONİM ŞİRKETİ;AYDINLI KOSB MAH. MELEK ARAS BULV.KOSB SİTESİ NO:1 TUZLA İSTANBUL;(216) 4155686;www.noktamuhendislik.com.tr;noktamuhendislik.com.tr;TET - Elektrik ve Elektronik İhracatçıları Birliği
TURKUAZ KABLO TAAHHÜT TİCARET VE SANAYİ ANONİM ŞİRKETİ;BALCIK MAH. MEZARLIK SK. NO:47 GEBZE KOCAELİ;(262) 7513100;www.turkuazcable.com;turkuazcable.com;TET - Elektrik ve Elektronik İhracatçıları Birliği
TEKSAN JENERATÖR-ELEKTRİK SANAYİ VE TİCARET ANONİM ŞİRKETİ;YENİDOĞAN MAHALLESİ EDEBALİ CADDESİNO:12 YENİDOĞAN SANCAKTEPE İSTANBUL;(216) 3120550;www.teksanjenerator.com.tr;teksanjenerator.com.tr;TET - Elektrik ve Elektronik İhracatçıları Birliği
AKENERJİ ELEKTRİK ENERJİSİ İTH.İHR. VE TOP.TİC.A.Ş.;MİRALAY ŞEFİK BEY SOK.AKHAN NO.15/3 GÜMÜŞSUYU TAKSİM BEYOĞLU İSTANBUL;(212) 2498282;www.akenerji.com.tr;akenerji.com.tr;TET - Elektrik ve Elektronik İhracatçıları Birliği
TEMPA PANO SANAYI VE TICARET A .S.;MAKİNE İHTİSAS ORGANİZE SAN. BÖL. 2.CADDE NO: 1 DEMİRCİLER KÖYÜ DİLOVASI KOCAELİ;;www.tempa.com.tr;tempa.com.tr;TET - Elektrik ve Elektronik İhracatçıları Birliği
İNFORM ELEKTRONİK SANAYİ VE TİCARET ANONİM ŞİRKETİ;ESENŞEHİR MAH. HALE SK. NO:6/1 ÜMRANİYE İSTANBUL;(216) 6225800;www.inform.com.tr;inform.com.tr;TET - Elektrik ve Elektronik İhracatçıları Birliği
TELOT ENERJİ SANAYİ VE TİCARET LİMİTED ŞİRKETİ;YENİŞEHİR MAH. MİLLET CAD. LENS İSTANBUL NO:34D/136 YENİŞEHİR PENDİK İSTANBUL;(216) 5041163;www.telotenergy.com;telotenergy.com;TET - Elektrik ve Elektronik İhracatçıları Birliği
ENERJİSA ELEKTRİK ENERJİSİ TOPTAN SATIŞ A.Ş.;SABANCI CENTER KULE 2 4.LEVENT LEVENT BEŞİKTAŞ İSTANBUL;(212) 3858828;www.enerjisa.com.tr;enerjisa.com.tr;TET - Elektrik ve Elektronik İhracatçıları Birliği
MAKEL ELEKTRİK MALZEMELERİ SANAYİ VE TİCARET ANONİM ŞİRKETİ;MERKEZ MH.MAREŞAL FEVZI ÇAKMAKCAD.NO.38 İSTANBUL;02126895050;www.makel.com.tr;makel.com.tr;TET - Elektrik ve Elektronik İhracatçıları Birliği
GAMAK MAKINA SANAYI A.S.;DUDULLU ORGAN SAN BÖL BARAJ YOLUCAD NO:2 PK:24 ÜMRANİYE İSTANBUL;02163641800;www.gamak.com.tr;gamak.com.tr;TET - Elektrik ve Elektronik İhracatçıları Birliği
CAMELOT YAPI TAAHHÜT VE TİCARET ANONİM ŞİRKETİ;BARBAROS MAH.KARDELEN SK.PALLADIUM TOWER NO:2/41 ATAŞEHİR İSTANBUL;(216) 6870673;www.camelotyapi.com;camelotyapi.com;TET - Elektrik ve Elektronik İhracatçıları Birliği
ŞAHTERM ELEKTİRİKLİ ISITICILAR SANAYİ VE TİCARET A.Ş.;HASANAĞA OSB MAH. HOSAB SANAYİ CAD. NO:55 16225 NİLÜFER BURSA;(224) 2611740;www.sahterm.com;sahterm.com;TET - Elektrik ve Elektronik İhracatçıları Birliği
KTA ENDÜSTRİ SİSTEMLERİ SANAYİ VE TİCARET LİMİTED ŞİRKETİ;ORG. SAN. BÖLG. 7. CAD. NO. 10 ÇERKEZKÖY TEKİRDAĞ;02827581736;www.prettl.com;prettl.com;TET - Elektrik ve Elektronik İhracatçıları Birliği
X-RAY CENTER GÜVENLİK SİSTEMLERİ ANONİM ŞİRKETİ;10.CAD. X-RAY CENTER NO:14/Z BEYLİKDÜZÜ İSTANBUL;(212) 4225020;www.x-raycenter.com;x-raycenter.com;TET - Elektrik ve Elektronik İhracatçıları Birliği
GALAKSİ KABLO SANAYİ TİCARET ANONİM ŞİRKETİ;SARAY MH.ÜNTEL SOK.16/2 34760 ÜMRANİYE İSTANBUL;(216) 6341023;www.galaksikablo.com;galaksikablo.com;TET - Elektrik ve Elektronik İhracatçıları Birliği
ATMACA ELEKTRONİK SANAYİ VE TİCARET ANONİM ŞİRKETİ;ZAFER MAH. 177. SOK. N:2 ESENYURT İSTANBUL;(212) 4121212;www.sunny.com.tr;sunny.com.tr;TET - Elektrik ve Elektronik İhracatçıları Birliği
ÇAĞDAŞ KABLO SAN. VE TİC. A.Ş.;HALKAPINAR MAH.1203/11 SK NO:5/7 K:22 YENİŞEHİR KONAK İZMİR;(232) 4591131;www.cagdaskablo.com.tr;cagdaskablo.com.tr;TET - Elektrik ve Elektronik İhracatçıları Birliği
ANKARA SERAMİK PORSELEN SANAYİ VE TİCARET ANONİM ŞİRKETİ;1.ORG.SAN.BÖL. OSMANLI CAD. NO.15 SİNCAN ANKARA;(312) 2673777;www.ankaraseramik.com;ankaraseramik.com;TET - Elektrik ve Elektronik İhracatçıları Birliği
SAVRONIK ELEKTRONIK SANAYI VE TICARET ANONİM ŞİRKETİ;YAZMACI TAHIR SOK.NO:52/5 KADIKÖY İSTANBUL;02164107298;www.savronik.com.tr;savronik.com.tr;TET - Elektrik ve Elektronik İhracatçıları Birliği
EZT ELEKTRİK SANAYİ İMALAT VE TİCARET LTD. ŞTİ.;DUDULLU ORG.SAN.BÖLG. 4.CAD. NO. 4 D.4 YUKARIDUDULLU ÜMRANİYE İSTANBUL;(216) 4204601;www.esitelectric.com.tr;esitelectric.com.tr;TET - Elektrik ve Elektronik İhracatçıları Birliği
PAS SOUTH EAST EUROPE SANAYİ VE TİCARET LİMİTED ŞİRKETİ;GAZİ OSMAN PAŞA OSB MAHALLESİ ÇERKEZKÖY TEKİRDAĞ;(282) 7367500;www.pas-net.biz;pas-net.biz;TET - Elektrik ve Elektronik İhracatçıları Birliği
MUTLUSAN PLASTİK ELEKTRİK SANAYİ VE TİCARET A.Ş.;İKİTELLİ O.S.B. MAH. ENKOOP CAD. NO:7 İKİTELLİ BAŞAKŞEHİR İSTANBUL;(212) 4850544;www.mutlusan.com.tr;mutlusan.com.tr;TET - Elektrik ve Elektronik İhracatçıları Birliği
HÜNDÜR KABLO ELEKTRİK SANAYİ VE TİCARET LTD. ŞTİ.;PERPA TİCARET MERKEZİ A BLOK KAT:5 NO:127 ŞİŞLİ İSTANBUL;(212) 2499199;www.hunkakablo.com.tr;hunkakablo.com.tr;TET - Elektrik ve Elektronik İhracatçıları Birliği
KATANA GÜÇ ÜRÜNLERİ SANAYİ VE TİCARET LİMİTED ŞİRKETİ;İNÖNÜ MAH.GEBZE GÜZELLER O.S.B.YUNUS EMRE SOK. NO:3 GEBZE KOCAELİ;(000) 4445978;www.katana.com.tr;katana.com.tr;TET - Elektrik ve Elektronik İhracatçıları Birliği
EMAS ELEKTROTEKNİK MAKİNA SANAYİ VE TİCARET ANONİM ŞİRKETİ;YÜZBAŞI MEHMET HİLMİ CAD.NO:12 DELİKLİKAYA 34555 ARNAVUTKÖY İSTANBUL;(212) 5492252;www.emasas.com.tr;emasas.com.tr;TET - Elektrik ve Elektronik İhracatçıları Birliği
FİGABARA PAZARLAMA VE DIŞ TİCARET LİMİTED ŞİRKETİ;FENERYOLU MAH BAĞDAT CD NO:137/1/3 KADIKÖY İSTANBUL;(216) 5740371;www.figabara.com;figabara.com;TET - Elektrik ve Elektronik İhracatçıları Birliği
YAĞMAKSAN İÇ VE DIŞ TİCARET SANAYİ LİMİTED ŞİRKETİ;ORGANIZE SANAYİ BÖLGESİ 12. CAD. NO.6 ÇORUM ÇORUM;03642549102;www.yagmaksan.com;yagmaksan.com;TET - Elektrik ve Elektronik İhracatçıları Birliği
EGESİM ENERJİ ELEKTROMEKANİK VE ELEKTRİK TAAHHÜT SANAYİ TİCARET ANONİM ŞİRKETİ;ATATÜRK BULVARI NO.4 İZMİR SEBEST BÖLGESİ MENEMEN İZMİR;(232) 8426085;www.egesim.com.tr;egesim.com.tr;TET - Elektrik ve Elektronik İhracatçıları Birliği
VOLGA DIŞ TİC. VE DANIŞMANLIK A.Ş.;AZİZİYE MAH. PORTAKAL ÇİÇEĞİ SOK.NO:33 AYRANCI ÇANKAYA ANKARA;(312) 4413141;www.volga.com.tr;volga.com.tr;TET - Elektrik ve Elektronik İhracatçıları Birliği
ABRAMAK BİLGİ TEKNOLOJİLERİ SANAYİ VE TİCARET ANONİM ŞİRKETİ;AKSE MAH. 69. SK. PANOROMA SİT.NO:77 DAİRE:61 ÇAYIROVA KOCAELİ;(262) 1111111;www.abramakbilisim.com;abramakbilisim.com;TET - Elektrik ve Elektronik İhracatçıları Birliği
İYON KABLO ELEKTRİK DIŞ TİCARET LTD. ŞTİ.;EMEKYEMEZ MAH. OKÇU MUSA CAD. TEZGÜL İŞ MERKEZİ NO:2 K:2 D:29 ŞİŞHANE BEYOĞLU İSTANBUL;(212) 2920481;www.goldagi.com;goldagi.com;TET - Elektrik ve Elektronik İhracatçıları Birliği
MET TURKEY ENERJİ TİCARET A.Ş.;ESENTEPE MAH. BÜYÜKDERE CAD. APAGİZ PLAZA NO.191 KAT: 2 NO: 54 ŞİŞLİ İSTANBUL;(212) 3189126;https://tr.met.com/en;tr.met.com;TET - Elektrik ve Elektronik İhracatçıları Birliği
KESIR MUH.ELKT.MAKN.INS.SAN.TI C.LTD.STI.;SERIFALI MAH. HENDEM CAD. NO.38/2 ÜMRANİYE İSTANBUL;02164664306;www.kesir.com.tr;kesir.com.tr;TET - Elektrik ve Elektronik İhracatçıları Birliği
ALVES DIŞ TİCARET ANONİM ŞİRKETİ;ATAKÖY 7-8-9-10.KISIM MAH.ÇOBANÇEŞME E-5 YAN YOL CAD. 2 NO: 8/2İÇ KAPINO:50 BAKIRKÖY/İSTANBUL BAKIRKÖY İSTANBUL;(212) 8540463;https://www.alveskablo.com.tr/;alveskablo.com.tr;TET - Elektrik ve Elektronik İhracatçıları Birliği
GE MEDICAL SYSTEMS TÜRKİYE LTD. ŞTİ.;ESENTEPE MAH. HARMAN SK. NO. 8 LEVENT ŞİŞLİ İSTANBUL;02123662900;www.gehealthcareturkiye.com;gehealthcareturkiye.com;TET - Elektrik ve Elektronik İhracatçıları Birliği
PELSAN ELEKTRİK SAN. VE DIŞ TİC. A.Ş.;IMES SAN.SIT. 101. SOK. NO:38 ÜMRANİYE İSTANBUL;02164661010;www.pelsan.com.tr;pelsan.com.tr;TET - Elektrik ve Elektronik İhracatçıları Birliği
HP BİLGİSAYAR VE BASKI TEKNOLOJİLERİ LTD ŞTİ.;SARAY MAH. DR. ADNAN BÜYÜKDENİZ CAD. CESSAS PLAZA NO.4 KAT 7-8 ÜMRANİYE İSTANBUL;(216) 6369000;www.hp.com;hp.com;TET - Elektrik ve Elektronik İhracatçıları Birliği
ARR METAL DIŞ TİC. LTD. ŞTİ.;SULTAN ORHAN MH. ANKARA CAD. 1149 SK. N:4 GEBZE GEBZE KOCAELİ;(262) 6437225;www.armetal.org;armetal.org;TET - Elektrik ve Elektronik İhracatçıları Birliği
PYRO TURBİNE İÇ VE DIŞ TİCARET ANONİM ŞİRKETİ;KISIKLI MAH. İMAM ETHEM SOKAK NO:4/1 ÜSKÜDAR İSTANBUL;;http://www.pyroturbine.com;pyroturbine.com;TET - Elektrik ve Elektronik İhracatçıları Birliği
ALUFORM PEKİNTAŞ ALÜMİNYUM SANAYİ VE TİCARET ANONİM ŞİRKETİ;BÜYÜKDERE CD NO:32 PEKİNTAŞ İS MERKEZİ ŞİŞLİ İSTANBUL;(212) 2121222;www.aluform.com.tr;aluform.com.tr;TET - Elektrik ve Elektronik İhracatçıları Birliği
TOPÇULAR ENDÜSTRİYEL ÜRETİM VE YATIRIM A.Ş.;ABDURRAHMANGAZİ MAH. İMAMOĞLU SK. C BLOK NO: 6 SANCAKTEPE İSTANBUL;(850) 2228628;www.topcular.com.tr;topcular.com.tr;TET - Elektrik ve Elektronik İhracatçıları Birliği
ÖZDİSAN ELEKTRONİK PAZARLAMA SANAYİ VE TİCARET ANONİM ŞİRKETİ;DES SAN. SIT. 104. SOK. A-07 BLOK NO.54 - 56 YUKARIDUDULLU ÜMRANİYE İSTANBUL;(216) 4201882;www.ozdisan.com;ozdisan.com;TET - Elektrik ve Elektronik İhracatçıları Birliği
LOBAN ELEKTRİK İTHALAT İHRACAT SANAYİ TİCARET LİMİTED ŞİRKETİ;HADIMKÖY YOLU CAD. NO:18/B HARAÇCI MAH. ARNAVUTKÖY İSTANBUL;(212) 2922167;www.eraylarelektrik.com;eraylarelektrik.com;TET - Elektrik ve Elektronik İhracatçıları Birliği
ARMTEK ELEKTRİK SAN. VE TİC. A. Ş.;100.YIL MAH.İZCİ SK. NO:24/2 GAZİOSMANPAŞA(GOP) ÇANKAYA ANKARA;(312) 8020444;www.armtek.com.tr;armtek.com.tr;TET - Elektrik ve Elektronik İhracatçıları Birliği
BMA TEKNOLOJİ A.Ş.;GEBZE ORGANİZE SANAYİ BÖLGESİ 1000.CAD N:1035 ÇAYIROVA KOCAELİ;;www.bma-technology.com;bma-technology.com;TET - Elektrik ve Elektronik İhracatçıları Birliği
BİMED TEKNİK ALETLER SANAYİ VE TİCARET ANONİM ŞİRKETİ;BEYLİKDÜZÜ OSB MH BAKIR PİRİNÇ SAN SİT LEYLAK CD NO::10 BEYLİKDÜZÜ İSTANBUL;(212) 8757376;www.bimedteknik.com;bimedteknik.com;TET - Elektrik ve Elektronik İhracatçıları Birliği
GÜNEY GES ELEKTRİK ANONİM ŞİRKETİ;TURGUT ÖZAL MAH. 1467/1 CAD. NO: 42 İÇ KAPI NO: 40 YENİMAHALLE ANKARA;(312) 0000000;https://guneyges.com/;guneyges.com;TET - Elektrik ve Elektronik İhracatçıları Birliği
TGS DIŞ TİC. AŞ;MERKEZ MAH. BASIN EKSPRES YOLUCAPITAL TOWER NO.9 K:1 KÜÇÜKÇEKMECE İSTANBUL;(212) 6445858;www.tgsas.com;tgsas.com;TET - Elektrik ve Elektronik İhracatçıları Birliği
ERNA-MAŞ MAKİNA TİCARET VE SANAYİ ANONİM ŞİRKETİ;HADIMKÖY MAHALLESİ , PROF.MEHMET BOZKURT CD.NO:1 ÇATALCA İSTANBUL;(212) 8662200;www.ernamas.com.tr;ernamas.com.tr;TET - Elektrik ve Elektronik İhracatçıları Birliği
SVS TELEKOMİNİKASYON HİZM. SAN. VE TİC. A.Ş.;ESENKENT MAH. BARAJ YOLU CAD. EMİRGAN SOK. NO.3 ÜMRANİYE İSTANBUL;(216) 3295600;www.svstelekom.com.tr;svstelekom.com.tr;TET - Elektrik ve Elektronik İhracatçıları Birliği
MAKSEL DIŞ TİCARET LİMİTED ŞİRKETİ;İST DERİ ORG. SAN. BÖL. 2.NCİ YOL 5 PARSEL 34940 TUZLA İSTANBUL;(216) 4286580;www.makelsan.com.tr;makelsan.com.tr;TET - Elektrik ve Elektronik İhracatçıları Birliği
HERAEUS ELECTRO NITE TERMOTEKNİK SANAYİ VE TİCARET ANONİM ŞİRKETİ;1 ORGANIZE SAN. BOL. DAĞISTAN CAD. NO:15 SİNCAN ANKARA;(312) 2670888;www.electro-nite.com;electro-nite.com;TET - Elektrik ve Elektronik İhracatçıları Birliği
SENUR ELEKTRİK MOTORLARI SANAYİ VE TİCARET ANONİM ŞİRKETİ;CİHANGİR MAH. ŞEHİT YAVUZ BAHAR SOKAK KAPI NO: 7 AVCILAR İSTANBUL;(212) 4221330;www.senur.com.tr;senur.com.tr;TET - Elektrik ve Elektronik İhracatçıları Birliği
ENTES ELEKTRONİK CİHAZLAR İMALAT VE TİCARET ANONİM ŞİRKETİ;YUKARI DUDULLU ORG. SAN. BÖL. 1. CAD. NO:23 ÜMRANİYE İSTANBUL;(216) 3130110;www.entes.com.tr;entes.com.tr;TET - Elektrik ve Elektronik İhracatçıları Birliği
GENÇLER KABLO SANAYİ VE TİCARET ANONİM ŞİRKETİ;PERPA ELEKTROKENT A BLOK KAT:4-5 NO:305 OKMEYDANI ŞİŞLİ İSTANBUL;(212) 5018388;www.genclerkablo.com;genclerkablo.com;TET - Elektrik ve Elektronik İhracatçıları Birliği
ASLAR PRES DÖKÜM SAN. VE TİC. A.Ş;İST. ANADOLU YAKASI ORG. SAN. BÖL.GAZI BULVARI 5. SOK. NO.1 TUZLA İSTANBUL;(216) 5932560;www.aslarpres.com;aslarpres.com;TET - Elektrik ve Elektronik İhracatçıları Birliği
KSEO ENERJİ ANONİM ŞİRKETİ;KÜÇÜKBAKKALKÖY MAH. SELVILI SK. NO: 4 IÇ KAPI NO: 81 34750 ATAŞEHİR İSTANBUL;(216) 0000000;http://www.kseoenergy.com;kseoenergy.com;TET - Elektrik ve Elektronik İhracatçıları Birliği
TUBİTAK ULUSAL METROLOJİ ENSTİTÜSÜ;DR. ZEKİ ACAR CAD. NO.1 TUBİTAK GEBZEYERLEŞKESİ GEBZE KOCAELİ;(262) 6795000;www.tubitak.gov.tr;tubitak.gov.tr;TET - Elektrik ve Elektronik İhracatçıları Birliği
İHLAS EV ALETLERİ İMALAT SANAYİ VE TİCARET ANONİM ŞİRKETİ;MERMERCILER SANAYI SIT. 7. CAD. NO.14 BEYLİKDÜZÜ İSTANBUL;(212) 8753562;www.iea.com.tr;iea.com.tr;TET - Elektrik ve Elektronik İhracatçıları Birliği
KLİMASAN KLİMA SANAYİ VE TİCARET ANONİM ŞİRKETİ;1.KISIM KEÇİLİKÖY OSB MAH.CUM.CAD.MANİSA OSB NO:1 YUNUS EMRE MANİSA;(236) 2362233;www.klimasan.com;klimasan.com;TET - Elektrik ve Elektronik İhracatçıları Birliği
DEMKA DIŞ TİCARET VE PAZARLAMA ANONİM ŞİRKETİ;BARBAROS MAH. BEGONYA SOK. NİDAKULE ATASEHİR KUZEY 3A KAT : 21 NO:184 ATAŞEHİR ATAŞEHİR İSTANBUL;(216) 5921616;www.demkaexport.com;demkaexport.com;TET - Elektrik ve Elektronik İhracatçıları Birliği
EMTEL EMAYE TEL VE KABLO SANAYİ A.Ş.;ORGANIZE SANAYI BÖLGE DES SAN. SİT114.SOK. NO.32 YUKARIDUDULLU ÜMRANİYE İSTANBUL;02164669936;www.emtel.com.tr;emtel.com.tr;TET - Elektrik ve Elektronik İhracatçıları Birliği
ELEKTRONİK CİHAZLAR SANAYİ VE TİCARET ANONİM ŞİRKETİ;MAHMUTBEY MAH, KÜÇÜK HALKALI CAD, BİRLİK PLAZA NO:17 BAĞCILAR İSTANBUL;(212) 2102123;www.eecelectronics.com.tr;eecelectronics.com.tr;TET - Elektrik ve Elektronik İhracatçıları Birliği
ELTE ENERJİ MAK. ELEK. İNŞ. TAAH. SAN. VE TİC. LTD. ŞTİ.;İ.D.O.S.B. GÜDERİ CAD. 7A YOLUN:16 P/1 PARSEL TUZLA İSTANBUL;(216) 4840666;www.elteenerji.com;elteenerji.com;TET - Elektrik ve Elektronik İhracatçıları Birliği
SAAT VE SAAT SANAYI VE TICARET ANONİM ŞİRKETİ;BUYUKDERE CD.NOREMIN IS MERKZINO:237/B ŞİŞLİ İSTANBUL;02123284200;www.saatvesaat.com;saatvesaat.com;TET - Elektrik ve Elektronik İhracatçıları Birliği
GİRGİN ANKASTRE SİSTEMLERİ SANAYİ DIŞ TİCARET LİMİTED ŞİRKETİ;ÖMERLİ MAH. ÜÇURTMA SK. 3/4 ARNAVUTKÖY İSTANBUL;(212) 7711092;www.motorfan.com.tr;motorfan.com.tr;TET - Elektrik ve Elektronik İhracatçıları Birliği
SAMM TEKN.İLET.SAN. VE TİC.A.Ş.;GEBZE ORGANİZE SANAYİ BÖLGESİ İHSAN DEDE CAD. 800.SOK. NO:802 GEBZE KOCAELİ;(262) 6771680;www.samm.com;samm.com;TET - Elektrik ve Elektronik İhracatçıları Birliği
IDEA MAKİNA İMALAT SANAYİ VE TİCARET LİMİTED ŞİRKETİ;ISTANBUL DERI ORGANIZE SAN BÖL SAMA CAD 12 YOL NO 7 (34959) TUZLA İSTANBUL;(216) 3134277;www.ideajenerator.com;ideajenerator.com;TET - Elektrik ve Elektronik İhracatçıları Birliği
ETA ELEKTRIK TESISAT VE TIC. LTD.STI.;4. ESENSEHIR MAH. NATO YOLU İLKYAZSOK. NO.61 D.2 ÜMRANİYE İSTANBUL;02164997667;www.etaelektrik.com;etaelektrik.com;TET - Elektrik ve Elektronik İhracatçıları Birliği
OMEGA ELEKTRİK PANO SAN. TİC. A.Ş.;BEYLİKDÜZÜ ORGANİZE SANAYİ BÖLGESİ MERMERCİLER SAN. SİT. 4.CAD. NO:18 BEYLİKDÜZÜ İSTANBUL;(212) 8863151;www.omegapano.com.tr;omegapano.com.tr;TET - Elektrik ve Elektronik İhracatçıları Birliği
BARAN KABLO ANONİM ŞİRKETİ;ÇERKEŞLİ OSB MH.İMES 9.CD.NO:18 DİLOVASI KOCAELİ ÇERKEŞLİ OSB MH 41455 DİLOVASI KOCAELİ;(262) 6550276;www.barankablo.com.tr;barankablo.com.tr;TET - Elektrik ve Elektronik İhracatçıları Birliği
AMPHERR BATARYA TEKNOLOJİLERİ ANONİM ŞİRKETİ;İÇERENKÖY MAH, YEŞİLVADİ SK, EVSAN TOWER, NO: 3/2 KAT:1 ATAŞEHİR İSTANBUL;(216) 7062200;www.ampherr.com.tr;ampherr.com.tr;TET - Elektrik ve Elektronik İhracatçıları Birliği
A.C. ELEKTRİK SAN. VE DIŞ TİC. LTD. ŞTİ.;ISTIKLAL MAH.KURUDERE MEVKIIKARISTIRAN YOLU 3.KM MURATLI MURATLI TEKİRDAĞ;(282) 3615467;www.tamlite.co.uk;tamlite.co.uk;TET - Elektrik ve Elektronik İhracatçıları Birliği
KOREL ELEKTRONİK SANAYİ VE TİCARET ANONİM ŞİRKETİ;ORGANİZE SANAYİ BÖLGESİ 14.CADDE NO:18-20 ODUNPAZARI ESKİŞEHİR;02222360826;www.korel.com.tr;korel.com.tr;TET - Elektrik ve Elektronik İhracatçıları Birliği
BAHAT ELEKTRİKLİ EV ALETLERİ SANAYİ VE DIŞ TİCARET LİMİTED ŞİRKETİ;ÇAKIL MAH. ELBASAN CAD. NO:130/1 ÇATALCA İSTANBUL;(212) 6051187;www.orca.com.tr;orca.com.tr;TET - Elektrik ve Elektronik İhracatçıları Birliği
SCHMİD PEKİNTAŞ GÜNEŞ ENERJİ SİSTEMLERİ SAN. VE TİC. A.Ş.;BÜYÜKDERE CAD.PEKİNTAŞ İŞ MERKZ.NO:32 MECİDİYEKÖY ŞİŞLİ İSTANBUL;(212) 2121222;www.schmid-pekintas.com;schmid-pekintas.com;TET - Elektrik ve Elektronik İhracatçıları Birliği
PAN OTO RADYATOR MAKİNE SANAYİ VE TICARET ANONİM ŞİRKETİ;BAKIR VE PİRİNÇ SAN SİT MUSTAFA KURTOĞLU CD NO:18A BEYLİKDÜZÜ İSTANBUL;(212) 8750990;www.panoto.com.tr;panoto.com.tr;TET - Elektrik ve Elektronik İhracatçıları Birliği
POYRAZ BÜRO MALZEMELERİ DIŞ TİCARET LİMİTED ŞİRKETİ;GÜNEŞLİ MAH. KİRAZLI CAD. ONKA İŞ MERKEZİ APT NO:8 Z10 BAĞCILAR PK:34212 BAĞCILAR İSTANBUL;(212) 5501035;www.poyraztoner.com/;poyraztoner.com;TET - Elektrik ve Elektronik İhracatçıları Birliği
FANSET ELEKTRİKLİ EV ALETLERİ SANAYİ VE TİCARET ANONİM ŞİRKETİ;MERKEZ MAH. Ş.YILMAZ ÖZDEMİR CAD.SÖNMEZ SOK. NO:8/1 KÜÇÜKÇEKMECE İSTANBUL;(212) 6975770;www.fanset.com.tr;fanset.com.tr;TET - Elektrik ve Elektronik İhracatçıları Birliği
PERATEK TEKNİK TIBBİ SİS. SAN. VE TİC. A.Ş.;İOSB GİYİM SANATKARLARI KOOP DEPOSİTE İS MERKEZİ A5/A6 BLOK 3 KAT NO:301 BAŞAKŞEHİR İSTANBUL;(212) 6603536;www.perateknik.com;perateknik.com;TET - Elektrik ve Elektronik İhracatçıları Birliği
PEKTAŞ KABLO VE PVC GRANÜL SANAYİ TİCARET ANONİM ŞİRKETİ;SANAYİ MAH. 22. CAD. NO:3 VELİKÖY ÇERKEZKÖY TEKİRDAĞ;;www.pektaskablo.com;pektaskablo.com;TET - Elektrik ve Elektronik İhracatçıları Birliği
AKSA ENERJİ ÜRETİM A.Ş.;BARBAROS BULV.NO.91 BEŞİKTAŞ İSTANBUL;02125505336;www.aksa.com.tr;aksa.com.tr;TET - Elektrik ve Elektronik İhracatçıları Birliği
SONGÜL AYDINLATMA İNŞAAT MOB. GIDA SAN. VE DIŞ TİC. LTD. ŞTİ.;HABİBLER MAH. ESKİ EDİRNE ASFALTI NO.937 SULTANGAZİ İSTANBUL;(212) 6092425;www.songulaydinlatma.com;songulaydinlatma.com;TET - Elektrik ve Elektronik İhracatçıları Birliği
KORMAS ELEKTRİKLİ MOTOR SAN. VE TİC. A.Ş.;TOSB OTOMOTİV OSB MAH. 1.CAD.FERHATPASA ÇAYIROVA KOCAELİ;(262) 6582140;www.kormas.com;kormas.com;TET - Elektrik ve Elektronik İhracatçıları Birliği
PMI ELEKTRIK VE ELEKTRONIK SIS .DIS TIC.LTD.STI.;KAVACIK MAH. ERTÜRK SK. N:5 ZEMİN KAT BEYKOZ İSTANBUL;(216) 6933555;www.pmienergy.com;pmienergy.com;TET - Elektrik ve Elektronik İhracatçıları Birliği
LTS BİLİŞİM TEKNOLOJİ ANONİM ŞİRKETİ;BEŞYOL MAH.CAMİ SOK.GÜVENER PLAZA N:10KAPI NO:2-3 KÜÇÜKÇEKMECE İSTANBUL;(212) 5472040;www.ıtsbilisim.com.tr;ıtsbilisim.com.tr;TET - Elektrik ve Elektronik İhracatçıları Birliği
BESAV KABLO A.Ş.;KOZLUK MAH. D-100 YANYOL CAD. NO:219/A ERENLER SAKARYA;(264) 3534566;www.besav.com.tr;besav.com.tr;TET - Elektrik ve Elektronik İhracatçıları Birliği
ANATOLIA SIGN İNŞAAT REKLAM SANAYİ TİCARET A.Ş.;YAKUPLU MAH. HÜRRİYET BUL. NO:4/1/1 BEYLİKDÜZÜ İSTANBUL;(212) 8756676;www.anatoliasign.com;anatoliasign.com;TET - Elektrik ve Elektronik İhracatçıları Birliği
GM YAPI LİMİTED ŞİRKETİ;SANAYİ CD NO:44A D:31 NİSH İSTANBUL A BLOK NO:31 BAHÇELİEVLER İSTANBUL;(212) 6031366;www.gmyapi.com;gmyapi.com;TET - Elektrik ve Elektronik İhracatçıları Birliği
MEPA ENERJİ SİSTEMLERİ SANAYİ VE TİCARET ANONİM ŞİRKETİ;SİTE MAH. SAMANYOLU CAD. KUTLU SOK. NO:1-5A N:191/54 ÜMRANİYE İSTANBUL;(216) 6394260;www.mepaenerji.com;mepaenerji.com;TET - Elektrik ve Elektronik İhracatçıları Birliği
TRİO MOBİL BİLİŞİM SİSTEMLERİ ANONİM ŞİRKETİ;ESENTEPE MAH. CEVİZLİ D-100YANYOL CAD. NO:13 - KARTAL VİZYON PLAZA D:19 KARTAL İSTANBUL;(216) 4592774;www.triomobil.com;triomobil.com;TET - Elektrik ve Elektronik İhracatçıları Birliği
BEKEL BEYAZ EŞYA SANAYİ VE TİCARET ANONİM ŞİRKETİ;ORGANIZE SAN.BOLG. MUMTAZ ZEYTINOGLU BULV. NO.19 ODUNPAZARI ESKİŞEHİR;(222) 2360087;www.kabel.com.tr;kabel.com.tr;TET - Elektrik ve Elektronik İhracatçıları Birliği
YÖNNET BİLİŞİM YAZILIM EĞİTİM VE DANIŞMANLIK HİZMETLERİ TİCARET ANONİM ŞİRKETİ;CUMHURİYET MAH. KARTAL CAD. SİMKAN PLAZA NO:95/1 KARTAL İSTANBUL;(216) 3262640;www.interra.com.tr;interra.com.tr;TET - Elektrik ve Elektronik İhracatçıları Birliği
NORM MÜHENDİSLİK ELEKTRİK İNŞ. TAAH. SAN. VE TİC. LTD. ŞTİ.;SANAYİ MAH.TUFANOĞLU SOK.N:78 İZMİT KOCAELİ;(262) 3356005;www.normmuhendislik.com.tr;normmuhendislik.com.tr;TET - Elektrik ve Elektronik İhracatçıları Birliği
HONEYWELL TEKNOLOJİ ANONİM ŞİRKETİ;ÇAYIRYOLU SOK. ÜÇGEN PLAZANO.7 KAT 5-6-7 İÇERENKÖY ATAŞEHİR İSTANBUL;(216) 5787100;www.honeywell.com;honeywell.com;TET - Elektrik ve Elektronik İhracatçıları Birliği
MD KALIP MAKİNA ENDÜSTRİYEL TASARIM SANAYİ ANONİM ŞİRKETİ;ADNAN KAHVECİ MAH. ÇELİK SOKAK NO:4/1 GÜRPINAR BEYLİKDÜZÜ İSTANBUL;(212) 8551388;www.mdkalip.com;mdkalip.com;TET - Elektrik ve Elektronik İhracatçıları Birliği
RASA ENDÜSTRİYEL RADYATÖRLER SANAYİ ANONİM ŞİRKETİ;AKÇABURGAZ MAH. 36. SOK. NO:10 ESENYURT İSTANBUL;(212) 8868581;www.rasa.com.tr;rasa.com.tr;TET - Elektrik ve Elektronik İhracatçıları Birliği
NCR BILISIM SISTEMLERI LTD.STI;KISIKLI CAD. NO.35/2 ALTUNİZADE ÜSKÜDAR İSTANBUL;02165542000;www.ncr.com;ncr.com;TET - Elektrik ve Elektronik İhracatçıları Birliği
SİSTEM REKLAMCILIK AYDINLATMA VE İNŞAAT SANAYİ ANONİM ŞİRKETİ;YAKUPLU MAH. 81 SK. NO:2 BEYLİKDÜZÜ İSTANBUL;(212) 8761010;www.sistemreklamcilik.com;sistemreklamcilik.com;TET - Elektrik ve Elektronik İhracatçıları Birliği
NOVA ELEKTRİK SANAYİ VE TİCARET ANONİM ŞİRKETİ;KARAYOLLARI MAH. CEBECİ CAD. NO:146 SULTANGAZİ GAZİOSMANPAŞA İSTANBUL;(212) 4770075;www.novaelectric.com.tr;novaelectric.com.tr;TET - Elektrik ve Elektronik İhracatçıları Birliği
ENKA İNŞ.VE SAN.A.Ş;BALMUMCU MAH., ZİNCİRLİKUYU YOLU NO: 10 BEŞİKTAŞ İSTANBUL;02123761000;www.enka.com;enka.com;TET - Elektrik ve Elektronik İhracatçıları Birliği
HEWLETT-PACKARD TEKN.ÇÖZÜMLERI LTD.ŞTI.;SARAY MAH. DR ADNAN BÜYÜKDENİZ CADDESİ NO:4 ÜMRANİYE İSTANBUL;(216) 6366100;www.hpe.com.tr;hpe.com.tr;TET - Elektrik ve Elektronik İhracatçıları Birliği
4A ELEKTRİK ELEKTRONİK TEKNOLOJİ SANAYİ ANONİM ŞİRKETİ;GİRNE MAH. IRMAK SOK. KÜÇÜKYALI İŞ MERKZ.G:36 ZÜMRÜTEVLER MALTEPE İSTANBUL;(216) 3663828;www.4aelektrik.com.tr;4aelektrik.com.tr;TET - Elektrik ve Elektronik İhracatçıları Birliği
TIMSAN TRANSFORMATÖR SANAYİ VE TİCARET LTD. ŞTİ.;1. ORGANİZE SANAYİ BÖLGESİ 5. CADDE 0 BAHÇEBAŞI BAHÇEBAŞI MALATYA;(422) 2375841;www.timsantrafo.com;timsantrafo.com;TET - Elektrik ve Elektronik İhracatçıları Birliği
EREN ELEKTRIK SAN.VE TIC.A.S.;RAMAZANOĞLU MAH. TRANSTEK SOK. NO.4 PENDİK İSTANBUL;02165951145;www.eren-elektrik.com;eren-elektrik.com;TET - Elektrik ve Elektronik İhracatçıları Birliği
ELKİ ELEKTRİK KABLO SANAYİ VE TİCARET ANONİM ŞİRKETİ;YENİDOGAN MAH. FERHATPASA CAD. ŞEHİTNACİ CAKAR SOK. NO:4/2 TOPCULAR BAYRAMPAŞA İSTANBUL;(212) 6135313;www.elkicable.com;elkicable.com;TET - Elektrik ve Elektronik İhracatçıları Birliği
EDİT ELEKTRONİK SİSTEMLER SANAYİ VE TİCARET LİMİTED ŞİRKETİ;MECLIS MAH. AHMET TANER KIŞLALICAD. NO.25 SANCAKTEPE İSTANBUL;(216) 6226222;www.editelelektronik.com.tr;editelelektronik.com.tr;TET - Elektrik ve Elektronik İhracatçıları Birliği
SAMSUNG ELECTRONICS ISTANBUL P AZ.VE TIC.LTD.STI.;OTAKÇILAR CAD. NO: 78 FLATOFİS İŞ MERKEZİ KAT: 3 NO: B3 ? KAT: 4 NO: 59 / 1 EYÜP İSTANBUL;(212) 4670600;www.samsung.com;samsung.com;TET - Elektrik ve Elektronik İhracatçıları Birliği
HEDEF KABLO ELEKTRIK PLASTİK TICARET VE SANAYİ ANONİM ŞİRKETİ;ORGANIZE SAN. BOL. 20. CAD. NO. 15 MELİKGAZİ KAYSERİ;03523211474;www.hedefkablo.com.tr;hedefkablo.com.tr;TET - Elektrik ve Elektronik İhracatçıları Birliği
ENDOKS ENERJİ ANONİM ŞİRKETİ;İNÖNÜ MAH. 1748. SOKAK NO:1 BATIKENT YENİMAHALLE ANKARA;(312) 2560086;www.endoks.com.tr;endoks.com.tr;TET - Elektrik ve Elektronik İhracatçıları Birliği
ZATELPRES DÖKÜM SANAYİİ VE TİCARET ANONİM ŞİRKETİ;TOSB TAYSAD ORG SAN BÖL 1 YOL16 SK NO:4 ÇAYIROVA KOCAELİ;(262) 6582137;www.zatelpres.com.tr;zatelpres.com.tr;TET - Elektrik ve Elektronik İhracatçıları Birliği
GES GENEL ELEKTRİK SİSTEMLERİ SANAYİ VE TİCARET LİMİTED ŞİRKETİ;İKİTELLİ ORGANİZE SANAYİ BÖLGESİ ESKOOP SAN.SİT. C-B BLOK NO:510İKİTELLİ KÜÇÜKÇEKMECE İSTANBUL;(212) 5497560;www.gesgroups.com;gesgroups.com;TET - Elektrik ve Elektronik İhracatçıları Birliği
TEC GLOBAL ENERJİ LTD.ŞTİ.;ALTAYÇEŞME MH.ÇAMLI SK. NO:21 /21 PK:34843 MALTEPE İSTANBUL;;www.tecglobal.com.tr;tecglobal.com.tr;TET - Elektrik ve Elektronik İhracatçıları Birliği
SİGMA ELEKTRİK SANAYİ VE TİCARET ANONİM ŞİRKETİ;EMEK MAH. SIVAT CAD. NO: 15 /1 IÇ KAPI NO: 3ISTANBUL EMEK 34785 YENİDOĞAN SANCAKTEPE İSTANBUL;(216) 4300900;www.sigmaelektrik.com;sigmaelektrik.com;TET - Elektrik ve Elektronik İhracatçıları Birliği
SU BİYOMEDİKAL SİSTEMLER VE SAĞLIK HİZMETLERİ SANAYİ VE TİCARET ANONİM ŞİRKETİ;VELİMEŞE OSB MAH. 242 SK. SUBİOMEDİCAL NO: 9/2 ERGENE TEKİRDAĞ;(212) 3203753;www.submed.com.tr;submed.com.tr;TET - Elektrik ve Elektronik İhracatçıları Birliği
AN-EL ANAHTAR VE ELEKTRİKLİ EV ALETLERİ SANAYİ ANONİM ŞİRKETİ;TEPEÖREN İTOSB MAH. 3. CAD. NO:4 DOLAYOBA TUZLA İSTANBUL;(216) 3077401;www.an-el.com.tr;an-el.com.tr;TET - Elektrik ve Elektronik İhracatçıları Birliği
FEDERAL DIŞ TİCARET ANONİM ŞİRKETİ;1.ORGANIZE SANAYI BOLGESIHANLI BELDESI 1.YOL NO:25 Merkez SAKARYA;(264) 2764210;www.federal.com.tr;federal.com.tr;TET - Elektrik ve Elektronik İhracatçıları Birliği
ABC TEL VE KABLO SANAYİ TİCARET LİMİTED ŞİRKETİ;DUMLUPINAR MAH. ÖZSOY SK. B BLOK NO: 1 İÇ KAPI NO: 41135 KARTEPE KOCAELİ;;www.abckablo.com;abckablo.com;TET - Elektrik ve Elektronik İhracatçıları Birliği
SİYAHKALEM MÜHENDİSLİK İNŞAAT SAN. VE TİC. A.Ş.;ÇAMLICA KISIKLI MH ALEMDAĞ CD NO:60 MASALDAN İŞ MERKEZİ G BLOK D:6 ÜSKÜDAR İSTANBUL;(216) 5200260;www.siyahkalem.com;siyahkalem.com;TET - Elektrik ve Elektronik İhracatçıları Birliği
SILTER İLERİ ÜTÜLEME SİSTEMLERİ SANAYİ VE TİCARET LİMİTED ŞİRKETİ;MURAT CESME MAH. ESKİ SILIVRI CAD.NO.42-44 MİMARSİNAN BÜYÜKÇEKMECE İSTANBUL;(212) 8614515;www.silter.com.tr;silter.com.tr;TET - Elektrik ve Elektronik İhracatçıları Birliği
IŞIK ELEKTRONİK SAN VE TİC. A.Ş.;OSMANGAZİ MAH AHMET YESEVİ CAD NO:12 ESENYURT İSTANBUL;(212) 2956560;www.amstrad.com.tr;amstrad.com.tr;TET - Elektrik ve Elektronik İhracatçıları Birliği
BSC ENDÜSTRIYEL MAKINA SANAYI VE TIC.LTD.STI.;TOMTOM MAH. ISTIKLAL CAD. BEYOGLU ISMERKEZI NO: 187 IÇ KAPI NO: 131 BEYOĞLU İSTANBUL;(212) 0000000;www.bscendustriyel.com;bscendustriyel.com;TET - Elektrik ve Elektronik İhracatçıları Birliği
GARANTİ GİRİŞİM İNŞAAT A.Ş.;ATAKENT MH 221SK ROTA OFFİCE SİT 3/1 KAT:10 D:63 KÜÇÜKÇEKMECE İSTANBUL;(212) 5481144;www.garantigirisim.com;garantigirisim.com;TET - Elektrik ve Elektronik İhracatçıları Birliği
QUAD PLUS OTOMASYON HIZMETLERI LTD.STI.;MİNARELİ CAVUS OSB MAH. KOKNAR(CAMLİK) CD. NO:13 NİLÜFER BURSA;02244430722;www.quadplus.com.tr;quadplus.com.tr;TET - Elektrik ve Elektronik İhracatçıları Birliği
EAE ELEKTROTEKNIK SAN.VE TIC. A.S.;İKİTELLİ SANAYİ BÖL. ZİYA GÖKALP MAH. ESKİ TURGUT ÖZAL CAD. NO:20 İKİTELLİ BAŞAKŞEHİR İSTANBUL;(212) 5492639;www.eae.com.tr;eae.com.tr;TET - Elektrik ve Elektronik İhracatçıları Birliği
ASIR GROUP İHRACAT A.Ş;ORGANİZE SANAYİ MAH.10.CAD 34 PORTALL PLAZA NO.7 E/7 İKİTELLİ BAŞAKŞEHİR İSTANBUL;(212) 4387550;http://www.asirgroup.com;asirgroup.com;TET - Elektrik ve Elektronik İhracatçıları Birliği
ARLIGHT AYDINLATMA A.Ş.;SARAY OSB NURİ DEMİRAĞ BULVARI NO.5 PK:06980 KAHRAMANKAZAN ANKARA;(312) 8154661;www.arlight.net;arlight.net;TET - Elektrik ve Elektronik İhracatçıları Birliği
ENPİ ELEKTRONİK SANAYİ VE DIŞ TİCARET ANONİM ŞİRKETİ;MERVE MAH. AKABE CAD. NO:18/1 SANCAKTEPE İSTANBUL;(216) 4153499;www.enpielektronik.com;enpielektronik.com;TET - Elektrik ve Elektronik İhracatçıları Birliği
AEM ELEKTRIK MOTORLARI SAN. VE TİC. A. Ş.;TAŞPINAR KASABASI YAVUZ SELİM MAHALLESİ SÜMRÜ KÜME EVLERİ NO:61 MERKEZ AKSARAY;(382) 2662120;www.aemot.com.tr;aemot.com.tr;TET - Elektrik ve Elektronik İhracatçıları Birliği
HCS KABLOLAMA SISTEMLERI SANAYİ VE TICARET ANONİM ŞİRKETİ;ORUÇ REİS MAH. GİYİMKENT SİTESİ VADİ CADDESİ NO: 3/A 34235 ESENLER İSTANBUL;(212) 4382575;www.hescs.com;hescs.com;TET - Elektrik ve Elektronik İhracatçıları Birliği
FEDERAL ELEKTRİK YATIRIM VE TİCARET ANONİM ŞİRKETİ;1.ORGANIZE SANAYI BOLGESIHANLI BELDESI 1.YOL NO:25 ADAPAZARI SAKARYA;;www.federal.com.tr;federal.com.tr;TET - Elektrik ve Elektronik İhracatçıları Birliği
SEFEROĞLU ELEKTRİK SANAYİ VE TİCARET ANONİM ŞİRKETİ;O.S.B.12.CAD.NO:39 0 MELİKGAZİ KAYSERİ;;www.seferogluelektrik.com.tr;seferogluelektrik.com.tr;TET - Elektrik ve Elektronik İhracatçıları Birliği
PETKAB SVG KABLO TURZM.INS.SAN VE TIC.LTD.STI.;PERPA IS MERKEZI B BLOK K.2 NO.80 ŞİŞLİ İSTANBUL;02122106732;www.petkab.com.tr;petkab.com.tr;TET - Elektrik ve Elektronik İhracatçıları Birliği
ALKAN KARDESLER ELEKTRIK SANAYI VE TICARET ANONİM SİRKETİ;HİLAL RIFAT PAŞA MAH. PERPA TİC. MERK. A BLOK KAT. 1 NO.9 ŞİŞLİ İSTANBUL;(212) 2100626;www.alkankardesler.com;alkankardesler.com;TET - Elektrik ve Elektronik İhracatçıları Birliği
OPTİMUS SOLUTİONS TEKNOLOJİ ÜRETİM SANAYİ TİCARET ANONİM ŞİRKETİ;EMEK MAHALLESİ ORDU CADDESİ NO:4 SANCAKTEPE İSTANBUL;(216) 4441105;www.optimusdoruk.com;optimusdoruk.com;TET - Elektrik ve Elektronik İhracatçıları Birliği
METRO ELEKTRİK MÜHENDİSLİK TAAHHÜT SANAYİ VE TİCARET ANONİM ŞİRKETİ;ŞERİFALİ MH.ÇETIN CAD. I.HAKKI SOK. NO-36 ÜMRANİYE İSTANBUL;02164204040;www.metroelektrik.com.tr;metroelektrik.com.tr;TET - Elektrik ve Elektronik İhracatçıları Birliği
USKOM KOMÜNİKASYON SİSTEMLERİ TAAHHÜT VE TİCARET ANONİM ŞİRKETİ;TURAN GUNES BULV. URDUN CAD. 48.SOK. NO.10 ÇANKAYA ANKARA;(312) 4917799;www.uskom.com.tr;uskom.com.tr;TET - Elektrik ve Elektronik İhracatçıları Birliği
GEOTEK MEDİKAL VE SAĞLIK HİZ.TİC.SAN.LTD.ŞTİ.;İVEDİK ORG.SAN.BÖLGESİ ARI SAN.SİTESİ 29.CD.603.SK.NO:19/A İVEDİKORGANİZESANAYİ YENİMAHALLE ANKARA;(312) 3959852;www.geotekmedikal.com;geotekmedikal.com;TET - Elektrik ve Elektronik İhracatçıları Birliği
HPR PAZARLAMA A.Ş.;BAŞKENT OSB 22. CD. NO 2 SİNCAN ANKARA;(312) 2675430;https://heperlighting.com/tr/;heperlighting.com;TET - Elektrik ve Elektronik İhracatçıları Birliği
LİON MEKANİK ELEKTRİK SANAYİ VE DIŞ TİCARET LİMİTED ŞİRKETİ;İKİTELLİ OSB MAH. GİYİM SANATKARLARI SİT. 4C BLOK KAT:5 NO:511 BAŞAKŞEHİR İSTANBUL;(212) 6714474;www.lionelektrik.net;lionelektrik.net;TET - Elektrik ve Elektronik İhracatçıları Birliği
EMİNÇELİK ELEKTRİKLİ CİHAZLAR A.Ş.;İSTANBUL DERİ ORGANİZE SANAYİ BÖLGESİDERİ YAN SANAYİ YB-34 PARSEL KUZU SOK NO:5 AYDINLI TUZLA İSTANBUL;(216) 4522323;www.emincelik.com;emincelik.com;TET - Elektrik ve Elektronik İhracatçıları Birliği
TEKCAN IC VE DIS TIC.PAZ.SAN. LTD.STI.;YUNUSEMRE MAH. VEYSEL KARANİ CAD. TABİAT SOK.NO:11 SANCAKTEPE İSTANBUL;(216) 3121515;www.tekcanltd.com;tekcanltd.com;TET - Elektrik ve Elektronik İhracatçıları Birliği
KARAT GUC SISTEMLERI SANAYI VE TICARET A.S.;TAYSAT ORGANIZE SANAYI BÖLGESI3. CD. 91 PARSEL GEBZE KOCAELİ;02626580800;www.deltaguc.com;deltaguc.com;TET - Elektrik ve Elektronik İhracatçıları Birliği
ELOPAR ELEKTRİK VE OTOMOTİV PARÇALARI SANAYİ VE TİCARET ANONİM ŞİRKETİ;KAVAKLI MAH. KAVAKLI CAD . NO: 13/1 BEYLİKDÜZÜ İSTANBUL;(212) 8751940;www.elopar.com.tr;elopar.com.tr;TET - Elektrik ve Elektronik İhracatçıları Birliği
EPC ENERJİ VE GÜÇ DÖNÜŞÜM SİSTEMLERİ SANAYİ VE TİCARET ANONİM ŞİRKETİ;ESENŞEHİR MAH. MAREŞAL FEVZİ ÇAKMAK CAD. PIRLANTA SK. NO:61/1 ÜMRANİYE İSTANBUL;(216) 4995484;www.epcas.net;epcas.net;TET - Elektrik ve Elektronik İhracatçıları Birliği
ONKA ELEKTRONİK PAZARLAMA DIŞ TİCARET ANONİM ŞİRKETİ;BOSTANCI YOLU CAD. KEYAP ÇARŞISI E-1 BLOK NO:77 K:3 YUKARIDUDULLU ÜMRANİYE İSTANBUL;(216) 5409448;www.onka.com.tr;onka.com.tr;TET - Elektrik ve Elektronik İhracatçıları Birliği
DELTA ELEKTRİK-ELEKTRONİK İMALAT SANAYİ TİCARET LİMİTED ŞİRKETİ;YENİBOSNA MAH.LADİN SOK.TERZİLER SİTESİN:6 İÇ KAPI NO:613 YENİBOSNA BAHÇELİEVLER İSTANBUL;(212) 6392273;www.deltaregulator.com;deltaregulator.com;TET - Elektrik ve Elektronik İhracatçıları Birliği
ASSET MEDİKAL TASARIM SAN. VE TİC. A.Ş.;İKİTELLİ OSB MAH.17. CD. NO:17 İKİTELLİ BAŞAKŞEHİR İSTANBUL;(212) 4942727;www.assetmedikal.com;assetmedikal.com;TET - Elektrik ve Elektronik İhracatçıları Birliği
CARDIMED ASIA MEDİKAL SAN. VE TİC. LTD. ŞTİ.;CEVİZLİ MAH. TANSEL CAD. NO:12-18İÇ KAPI NO:33 MALTEPE İSTANBUL;(216) 5763085;cardimed-asia.com;cardimed-asia.com;TET - Elektrik ve Elektronik İhracatçıları Birliği
EMSAT ELEKTRONİK MALLAR SANAYİ VE TİCARET ANONİM ŞİRKETİ;DUDULLU ORG. SAN. BOLG. 4.CAD.NO.11 ÜMRANİYE İSTANBUL;02164996271;www.era-electronic.com;era-electronic.com;TET - Elektrik ve Elektronik İhracatçıları Birliği
ALBAYRAK TURİZM SEYAHAT İNŞAAT TİCARET ANONİM ŞİRKETİ;MALTEPE MH FETİH CD NO:6 ZEYTİNBURNU İSTANBUL;(212) 4681818;www.albayrak.com.tr;albayrak.com.tr;TET - Elektrik ve Elektronik İhracatçıları Birliği
ENKO KONTROL SISTEMLERİ ANONİM ŞİRKETİ;MUSTAFA KEMAL ATATÜRK BULVARI NO:64-A.O.S.B. 35620 ÇİĞLİ İZMİR;(232) 3767806;www.enkoelektronik.com.tr;enkoelektronik.com.tr;TET - Elektrik ve Elektronik İhracatçıları Birliği
AY-KA ELEKTRİK EMLAK İNŞAAT SAN. VE TİC. LTD. ŞTİ.;SULTANIYE MAH. FATIH CAD. 500. EVLERNO:95 ÇİFTLİKKÖY YALOVA;02263591739;www.aykaelektrik.com.tr;aykaelektrik.com.tr;TET - Elektrik ve Elektronik İhracatçıları Birliği
TEKNİM ELEKTRONİK SANAYİ VE TİCARET ANONİM ŞİRKETİ;DUDULLU ORGANİZE SANAYİ BÖLGESİ 1. CADDE İSMET TARMAN İŞ MERKEZİ NO:1 KAT:2 NO:32 YUKARIDUDULLU ÜMRANİYE İSTANBUL;(216) 4558846;www.teknim.com;teknim.com;TET - Elektrik ve Elektronik İhracatçıları Birliği
TEKNOKALIP VE ENDÜSTRI MAMÜLLE RI SAN.TIC.LTD.STI.;BARBAROS MAH. SÜMBÜL SOK. DELUXLA FULACE NO:5/305 ATAŞEHİR İSTANBUL;(216) 5104525;www.teknokalip.com;teknokalip.com;TET - Elektrik ve Elektronik İhracatçıları Birliği
VENTERA TEKNOLOJİ VE İNOVATİF OTOMASYON ÇÖZÜMLERİ SANAYİ TİCARET LİMİTED ŞİRKETİ;YENİŞEHİR MAH. 1443 SK.NO:2/F KONAK İZMİR;(232) 4492100;http://www.hatelgas.com.tr;hatelgas.com.tr;TET - Elektrik ve Elektronik İhracatçıları Birliği
TUM ELEKTRIK MALZ.TIC.VE PAZ.A.S.;HALIL RIFAT PASA MAH. PERPA TICMERK. NO:9-28 A BLOK ŞİŞLİ İSTANBUL;02122108485;www.tumelektrik.com.tr;tumelektrik.com.tr;TET - Elektrik ve Elektronik İhracatçıları Birliği
DEKA ELEKTRONİK SANAYİ VE TİCARET ANONİM ŞİRKETİ;B.O.S.B. BAKIR VE PİRİNÇ SAN. SİT. MUSTAFA KURTOĞLU CAD. NO.35 BEYLİKDÜZÜ İSTANBUL;(212) 8760403;www.dekaelectronic.com;dekaelectronic.com;TET - Elektrik ve Elektronik İhracatçıları Birliği
ELPA SALT TESISLERI SANAYI VE TICARET LTD.STI.;IST. TUZLA KIMYA SANAYICILERI ORGSAN.BOLG. C 49 TUZLA İSTANBUL;02165930325;www.elpaltd.com;elpaltd.com;TET - Elektrik ve Elektronik İhracatçıları Birliği
SİDERKEMCO METALURJİ SANAYİ VE TİCARET ANONİM ŞİRKETİ;TEPEOREN MAH. HİKMET SOK. NO.8 TUZLA İSTANBUL;(216) 3041584;www.siderkemco.com;siderkemco.com;TET - Elektrik ve Elektronik İhracatçıları Birliği
GÜRAL ELEKTRİK MALZEMELERİ TİCARET VE SANAYİ ANONİM ŞİRKETİ;KEMANKEŞ CAD.NO.53 C.BLOK KAT.2D.25 KARAKÖY BEYOĞLU İSTANBUL;02122498350;www.guralelektrik.com;guralelektrik.com;TET - Elektrik ve Elektronik İhracatçıları Birliği
IVUS İLAÇ SANAYİ VE TİCARET ANONİM ŞİRKETİ;ATAKÖY 7-8-9-10.KISIM MH.ÇOBANÇEŞME E-5 YANYOL CD.B NO:20/2 İÇ KAPI NO:35 PK:34158 BAKIRKÖY İSTANBUL;(212) 8127423;www.ivushealth.com;ivushealth.com;TET - Elektrik ve Elektronik İhracatçıları Birliği
İNTER-TEKNİK ELEKTRİK TİC. VE SAN. LTD. ŞTİ.;KEMANKEŞ CAD. NO.53 FRANSIZ GEÇİDİ İŞ MRK. C BLK K.1 D.16 BEYOĞLU İSTANBUL;(212) 2498458;www.inter-teknik.com;inter-teknik.com;TET - Elektrik ve Elektronik İhracatçıları Birliği
AYSET TIBBİ ÜRÜNLER VE PLASTİK TEKSTİL ELEKTRONİK GIDA TEMİZLİK MADD. İNŞAAT MÜTEAHHİTLİK SAN. A.Ş.;SARIHAMZALI MAH. 47007 SOK.NO: 36 SEYHAN ADANA;03224411299;www.ayset.com;ayset.com;TET - Elektrik ve Elektronik İhracatçıları Birliği
TİMTAŞ GRUP İNŞAAT ANONİM ŞİRKETİ;KIZILIRMAK MAH. 1443. CAD. NO:25B/208 06400 ÇANKAYA ANKARA;(312) 4461456;www.timtasinsaat.com.tr;timtasinsaat.com.tr;TET - Elektrik ve Elektronik İhracatçıları Birliği
HİLAL GROUP ELEKTRİK A.Ş.;NECİP FAZIL BULV. NO.22 Y.DUDULLU YUKARIDUDULLU ÜMRANİYE İSTANBUL;(216) 4845380;www.hilalgroup.com.tr;hilalgroup.com.tr;TET - Elektrik ve Elektronik İhracatçıları Birliği
DİNAMİK KABİN DIŞ TİCARET LİMİTED ŞİRKETİ;NİŞANTEPE MAHALLESİ OKUL SOKAK NO:7 ÇEKMEKÖY İSTANBUL;(216) 6215289;http://dinamikpano.com;dinamikpano.com;TET - Elektrik ve Elektronik İhracatçıları Birliği
GMS PANO ELEKTRİK SANAYİ VE TİCARET ANONİM ŞİRKETİ;BEYLİKDÜZÜ BAKIR VE PİRİNÇ SANAYİCİLERİ SİTESİLEYLAK CAD. NO:4 1.PAFTA 156 ADA 1 PARSEL KAVAKLI BEYLİKDÜZÜ İSTANBUL;(212) 8757315;www.gmspano.com;gmspano.com;TET - Elektrik ve Elektronik İhracatçıları Birliği
SAYAN TIBBI ALETLER PAZ.SAN.VE TIC.LTD.STI.;KARACAOGLAN M.172 S.N:1/2 BORNOVA İZMİR;02324722778;www.sayan.com.tr;sayan.com.tr;TET - Elektrik ve Elektronik İhracatçıları Birliği
INTETRA TEKNOLOJİ VE BİLİŞİM HİZMETLERİ ANONİM ŞİRKETİ;BARAJ YOLU CAD. ARAL SOK. ÖZKANCA PLAZA NO:4/8 ATAŞEHİR İSTANBUL;(216) 4568641;www.intetra.com;intetra.com;TET - Elektrik ve Elektronik İhracatçıları Birliği
FUJIFILM DIŞ TİCARET A.Ş.;MAHMUTBEY MAH. TAŞOCAĞI YOLU CAD. NO: 9 BAĞCILAR İSTANBUL;(212) 7099200;www.fujifilm.com.tr;fujifilm.com.tr;TET - Elektrik ve Elektronik İhracatçıları Birliği
TÜRK PHİLİPS TİCARET ANONİM ŞİRKETİ ŞUBESİ;DOKTOR ADNAN BÜYÜKDENİZ CAD. SARAYMAH. NO:13 ÜMRANİYE ÜMRANİYE İSTANBUL;(216) 6361500;www.philips.com;philips.com;TET - Elektrik ve Elektronik İhracatçıları Birliği
KERBEN İNŞAAT VE MOBİLYA AKSES UARLARI SAN.VE DIŞ TİC.LTD.ŞTİ;KERESTECİLER SİT. 11 B BLOK K:4 NO:3 BAŞAKŞEHİR İSTANBUL;(212) 6702005;www.kerben.com.tr;kerben.com.tr;TET - Elektrik ve Elektronik İhracatçıları Birliği
BEMİS TEKNİK ELEKTRİK A.Ş.;ORG. SAN. BÖL. YEŞİL CAD. NO.31 NİLÜFER BURSA;(224) 3633065;www.bemis.com.tr;bemis.com.tr;TET - Elektrik ve Elektronik İhracatçıları Birliği
AVESCON ELEKTRİK SAN. VE DIŞ TİC. LTD. ŞTİ.;HALİL RIFATPAŞA MAH.YÜZER HAVUZ SOK.PERPA TİC. MERK A BLOK K:2 NO:24 OKMEYDANI ŞİŞLİ İSTANBUL;(212) 2216852;www.avescon.com.tr;avescon.com.tr;TET - Elektrik ve Elektronik İhracatçıları Birliği
KARACA ZÜCCACİYE TİCARET VE SANAYİ A.Ş.;YAKUPLU MERKEZ MAH.BEYSAN SAN.SİT.BİRLİK CAD.NO.24 YAKUPLU BEYLİKDÜZÜ İSTANBUL;(212) 4124400;www.krc.com.tr;krc.com.tr;TET - Elektrik ve Elektronik İhracatçıları Birliği
NDT DEDEKTÖR TEKNOLOJİLERİ ELEKT.DIŞ TİC. VE SAN. LTD.ŞTİ.;AYDINLI-KOSB MAH. ORGANİK CAD. NO:5 TUZLA İSTANBUL;(216) 4155686;www.noktadedektor.com;noktadedektor.com;TET - Elektrik ve Elektronik İhracatçıları Birliği
CANÇELİK ELEKTRİK PANO SAN.VE TİC.LTD.ŞTİ.;ORG. SAN. BÖL. SARI CAD. NO: 17 NİLÜFER BURSA;(224) 4111375;http://www.cancelikpano.com.tr;cancelikpano.com.tr;TET - Elektrik ve Elektronik İhracatçıları Birliği
ADV DIŞ TİCARET LİMİTED ŞİRKETİ;YASSI ÖREN KÖYÜ AKPINAR SAN. BÖL.HADİMKÖY CAD. NO.162 K.5 D:3. ARNAVUTKÖY İSTANBUL;(212) 6716486;www.zi-as.com;zi-as.com;TET - Elektrik ve Elektronik İhracatçıları Birliği
ELECTRİO ELEKTRONİK ANONİM ŞİRKETİ;ALTINŞEHİR MAH NATOYOLU CAD NO62-64 ÜMRANİYE ALTINŞEHİR MAH 34758 ÜMRANİYE, İSTANBUL, TÜRKİYE ÜMRANİYE İSTANBUL;(216) 3113303;www.electrio.com.tr;electrio.com.tr;TET - Elektrik ve Elektronik İhracatçıları Birliği
ELEKTRAKOM ENERJİ MÜHENDİSLİK SANAYİ VE TİCARET LİMİTED ŞİRKETİ;ATATÜRK MAH. MERİÇ CAD. GARDENYA 63 ADA DAİRE 45 5-22 J ATAŞEHİR ATAŞEHİR İSTANBUL;(216) 5481170;www.elektrakom.net;elektrakom.net;TET - Elektrik ve Elektronik İhracatçıları Birliği
DETAY YAPI MÜHENDİSLİK MİMARLIK SANAYİ VE TİCARET ANONİM ŞİRKETİ;YENİBOSNA MERKEZ MAHALLESİ 29 EKİM CADDESİ NO:3 İÇ KAPI NO:22-23 YENİBOSNA BAHÇELİEVLER İSTANBUL;(212) 6715767;www.detay-yapi.com;detay-yapi.com;TET - Elektrik ve Elektronik İhracatçıları Birliği
MAVILI ELEKTRONIK TICARET VE SANAYI A.S.;ŞERALİ MAH. KUTUP SOK. NO.29 ÜMRANİYE İSTANBUL;(216) 4664505;www.mavili.com.tr;mavili.com.tr;TET - Elektrik ve Elektronik İhracatçıları Birliği
OWORKS TEKNOLOJİ İLETİŞİM SANAYİ VE TİCARET LİMİTED ŞİRKETİ;ÇUKURAMBAH MAH. BUDAPEŞTE CAD. 1/4 ÇANKAYA ANKARA;(312) 0000000;http://www.oworks.net;oworks.net;TET - Elektrik ve Elektronik İhracatçıları Birliği
EAE TEKNOLOJİ ARAŞTIRMA GELİŞTİRME SANAYİ VE TİCARET ANONİM ŞİRKETİ;İKİTELLİ O.S.B. ESKİ TURGUT ÖZAL CAD.NO:20 BAŞAKŞEHİR İSTANBUL;(212) 5499713;www.eae.com.tr;eae.com.tr;TET - Elektrik ve Elektronik İhracatçıları Birliği
INTELEC MÜHENDİSLİK SANAYİ VE TİCARET LİMİTED ŞİRKETİ;AYAZAĞA MAH.MİMAR SİNAN SK.SEBA OFFICE BLOK NO:21D/45 SARIYER SARIYER İSTANBUL;(212) 2671001;http://www.intelec.com.tr;intelec.com.tr;TET - Elektrik ve Elektronik İhracatçıları Birliği
SIMPA ELEKTRIK MALZEMESI SAN. VE TIC. A.S.;DES SAN SIT.105S. B11BLOK NO:16 ÜMRANİYE İSTANBUL;02164153897;www.simpaelektrik.com.tr;simpaelektrik.com.tr;TET - Elektrik ve Elektronik İhracatçıları Birliği
TD ELEKTRONİK SANAYİ VE DIŞ TİCARET ANONİM ŞİRKETİ;AKÇABURGAZ MAH. 3080 SOK. NO:5 ESENYURT İSTANBUL;(212) 4442733;www.tdelektronik.com;tdelektronik.com;TET - Elektrik ve Elektronik İhracatçıları Birliği
DURULSAN MAKİNA LPG ÇELİK KONST.SAN.VE TİC.İTH.İHR.LTD.ŞTİ.;BARBAROS MAH.AHMET AYIK SOK.TÜPRAŞ KAVŞAĞI NO:12 KÖRFEZ KOCAELİ;(262) 5273286;www.durulsan.com;durulsan.com;TET - Elektrik ve Elektronik İhracatçıları Birliği
NOVOS TIBBİ CİHAZLAR SANAYİ TİCARET İTHALAT VE İHRACAT LİMİTED ŞİRKETİ;KAZIM KARABEKİR CAD. BAŞKENT İŞMERKEZİ NO:91/67 İSKİTLER 06070 ALTINDAĞ İSKİTLER 06070 İSKİTLER ALTINDAĞ ANKARA;03123841588;www.novos.com;novos.com;TET - Elektrik ve Elektronik İhracatçıları Birliği
ALPPLAS ENDÜSTRİYEL YATIRIMLAR ANONİM ŞİRKETİ;MEYDAN SK. BEYBİ GİZ PLAZA A BLOK NO:1 İÇ KAPI NO:71 MASLAK SARIYER İSTANBUL;(212) 2902200;www.alpplas.com;alpplas.com;TET - Elektrik ve Elektronik İhracatçıları Birliği
ICM ENERJİ VE SOĞUTMA TEKNOLOJİLERİ SAN. A.Ş.;GOSB KEMAL NEHREZOĞLU CAD.TEKNOPARK 3.ÜRETİM BİNASI5.BÖLÜM GEBZE GEBZE KOCAELİ;(262) 6788928;www.icm-tech.com;icm-tech.com;TET - Elektrik ve Elektronik İhracatçıları Birliği
KREON AYDINLATMA SANAYİ VE TİCARET ANONİM ŞİRKETİ;ÇATALMEŞE MAH REŞADİYE CAD NO.76 ÇEKMEKÖY İSTANBUL;;www.kreon.com.tr;kreon.com.tr;TET - Elektrik ve Elektronik İhracatçıları Birliği
ODAK PCB ELEKTRONİK A.Ş.;AKÇABURGAZ MAH. ALKOP SANAYİ SİTESİ 1575 SOKAK NO:2B / 4-5-6 ESENYURT İSTANBUL;(212) 8580036;www.odakpcb.com;odakpcb.com;TET - Elektrik ve Elektronik İhracatçıları Birliği
SOCOMEC ELEKTRİK VE ELEKTRONİK ANONİM ŞİRKETİ;ŞERİFALİ MEVKİ TÜRKER CAD. BEYAN SOK. NO:38 YUKARIDUDULLU ÜMRANİYE İSTANBUL;(216) 5407121;www.socomec.com.tr;socomec.com.tr;TET - Elektrik ve Elektronik İhracatçıları Birliği
MK AYDINLATMA PAZARLAMA LİMİTED ŞİRKETİ;ÇAKMAKLI MAH.ESKİ HADIMKÖY YOLU CAD.N.73/A BÜYÜKÇEKMECE İSTANBUL;(212) 8867265;www.highlight.com.tr;highlight.com.tr;TET - Elektrik ve Elektronik İhracatçıları Birliği
TERMAL ELEKTRONİK SANAYİ VE DIŞ TİCARET ANONİM ŞİRKETİ;KARTALTEPE MAH.YALÇIN SOKAK NO:51 SEFAKÖY KÜÇÜKÇEKMECE İSTANBUL;(212) 5989500;www.termal.com.tr;termal.com.tr;TET - Elektrik ve Elektronik İhracatçıları Birliği
AK İŞ PLASTİK PROFİL ELEKTRİK SAN. VE TİC. LTD. ŞTİ.;BAŞAKŞEHİR İKİTELLİ ORG.SAN.BÖLG.TURGUT ÖZAL CAD.D BLOK NO:8 K:4/402 BAŞAKŞEHİR İSTANBUL;(212) 6713979;www.akisplastik.com.tr;akisplastik.com.tr;TET - Elektrik ve Elektronik İhracatçıları Birliği
FAKİR ELEKTRİKLİ EV ALETLERİ SANAYİ VE TİCARET ANONİM ŞİRKETİ;SARUHAN PLAZA HALKALI MERKEZ MAH. BASIN EKSPRES YOLU NO:39 HALKALI KÜÇÜKÇEKMECE İSTANBUL;(212) 2497069;www.fakir.com.tr;fakir.com.tr;TET - Elektrik ve Elektronik İhracatçıları Birliği
EM ELEKTRİK MALZEMELERİ YÜKLENİM SANAYİ TİCARET A.Ş.;ESKİANKARA YOLU TUZLA ORG.SAN.BÖLGESİ4.CADDE NO.25 İTOSB AKFIRAT TUZLA İSTANBUL;(216) 5933715;www.emelec.com.tr;emelec.com.tr;TET - Elektrik ve Elektronik İhracatçıları Birliği
ÖZDİL PANCUR SANAYİ VE TİCARET ANONİM ŞİRKETİ;İKİTELLİ OSB MH DEMİRCİLER SAN SİT A2 BLOK NO:25-26 BAŞAKŞEHİR İSTANBUL;(212) 6595010;www.alusel.com.tr;alusel.com.tr;TET - Elektrik ve Elektronik İhracatçıları Birliği
DEVPAN ELEKTRİK SANAYİ VE TİC.LTD.ŞTİ;GÜNGÖREN MAH. UZAY SOK. NO:1A TAŞDELEN ÇEKMEKÖY İSTANBUL;(216) 6600572;www.devpan.com.tr;devpan.com.tr;TET - Elektrik ve Elektronik İhracatçıları Birliği
DTM ELEKTROTEKNİK SANAYİ VE TİCARET ANONİM ŞİRKETİ;CATALMESE MAH. SULTANSUYU CAD.NO.129 ALEMDAĞ ÜMRANİYE İSTANBUL;02164295174;www.dtm-enclosures.com;dtm-enclosures.com;TET - Elektrik ve Elektronik İhracatçıları Birliği
TEMA METAL SANAYI VE TICARET AŞ.;DELİKLİKAYA MAHALLESİ YÜZBAŞI MEHMET HİLMİ CAD. NO:27-31 İÇ KAPI NO:1 34275 ARNAVUTKÖY İSTANBUL;(212) 4220367;www.temametal.com;temametal.com;TET - Elektrik ve Elektronik İhracatçıları Birliği
DETRO HEALTHCARE KİMYA SAN. A.Ş.;CEMAL GÜRSEL CAD. NO:8/3 ESENYURT İSTANBUL;;www.detrox.com.tr;detrox.com.tr;TET - Elektrik ve Elektronik İhracatçıları Birliği
KAPSAM SAĞLIK ÜRÜNLERİ İNŞAAT TAAHHÜT TURİZM VE TİC. LTD. ŞTİ.;CUMHURİYET MH. İSMET İNÖNÜ CD. NO:57 CUMHURİYET 41420 ÇAYIROVA, KOCAELİ, TÜRKİYE ÇAYIROVA KOCAELİ;(262) 2908801;www.kapsamsaglik.com.tr;kapsamsaglik.com.tr;TET - Elektrik ve Elektronik İhracatçıları Birliği
AFRASIA ELEKTRİK GIDA YAPI A.Ş.;YALI MAH.BAĞLAR CAD.ÇUKUROVA TOWER N:67/71 KARTAL İSTANBUL;(232) 2037763;www.afrasia.com.tr;afrasia.com.tr;TET - Elektrik ve Elektronik İhracatçıları Birliği
ÇALIK-LİMAK ADİ ORTAKLIK İŞLETMESİ;ZORLU CENTER LEVAZIM MAH. KORU SOK.NO:2 OFİSLER BÖLGESİ KAT:T3 ESENTEPE ŞİŞLİ İSTANBUL;(212) 2903710;www.limak.com.tr;limak.com.tr;TET - Elektrik ve Elektronik İhracatçıları Birliği
HİPERTEK ELEKTRONİK VE MAKİNA SAN. TİC. LTD. ŞTİ.;FİRÜZKÖY MAH.HASAN ÖNAL CAD.NO:4 AVCILAR İSTANBUL;(212) 6752406;www.hipertech.com.tr;hipertech.com.tr;TET - Elektrik ve Elektronik İhracatçıları Birliği
ALKATAŞ İNŞ.VE TAAHHÜT .A.Ş.;KAVACIK MAHALLESİ ERTÜRK SOKAK NO:1 KAT:6 K 1 PLAZA BEYKOZ İSTANBUL;(216) 6932314;www.alkatas.com.tr;alkatas.com.tr;TET - Elektrik ve Elektronik İhracatçıları Birliği
RAD-TEK RADYATÖR METAL SANAYİ VE TİCARET ANONİM ŞİRKETİ;SAKARYA 2.ORG SAN. BOL. 1 NO.LU YOL NO.19 HENDEK HENDEK SAKARYA;02646545591;www.radtek.com.tr;radtek.com.tr;TET - Elektrik ve Elektronik İhracatçıları Birliği
PLASTİM ELEKTRİK MALZEMELERİ SAN. VE TİC. LTD.ŞTİ.;ALİPAŞA MAH. BOZTEPE SOK. NO:5/C SİLİVRİ İSTANBUL;(212) 6718613;www.plastim.com.tr;plastim.com.tr;TET - Elektrik ve Elektronik İhracatçıları Birliği
TESAN ILETISIM A.S.;ÇOBANÇEŞME MAH.BILGE SOK.17 İSTANBUL;02124546000;www.tesan.com.tr;tesan.com.tr;TET - Elektrik ve Elektronik İhracatçıları Birliği
AÇIKHAVA FABRİKASI MEDYA REKLAMCILIK HİZMETLERİ ANONİM ŞİRKETİ;CUMHURİYET MAH. SİLAHŞÖR CD. YENİ YOL SOK. NO:8 BOMONTİ BUSİNESS CENTER 4/24 ŞİŞLİ İSTANBUL;(212) 2176100;www.outdoorfactory.com;outdoorfactory.com;TET - Elektrik ve Elektronik İhracatçıları Birliği
ORİON ASANSÖR VE YÜRÜYEN MERDİVEN İÇ VE DIŞ TİC. LTD. ŞTİ.;İ.O.S.B. MUTSAN MUTFAKÇILAR SAN.SİT. M3 BLOK NO:46 BAŞAKŞEHİR İSTANBUL;(212) 6717071;www.orionasansor.com.tr;orionasansor.com.tr;TET - Elektrik ve Elektronik İhracatçıları Birliği
YILDEM MÜHENDİSLİK SANAYİ VE DIŞ TİCARET LİMİTED ŞİRKETİ;NİDA KULE KUZEY, BEGONYA SK. D:NO 3/183 BARBAROS ATAŞEHİR İSTANBUL;(216) 6297475;https://www.yildem.com.tr/;yildem.com.tr;TET - Elektrik ve Elektronik İhracatçıları Birliği
SPI YENİLENEBİLİR ENERJİ ANONİM ŞİRKETİ;FULYA MAH. BÜYÜKDERE CAD. PEKİNTAŞ GROUP BLOK NO: 32/11 ŞİŞLİ İSTANBUL;(212) 2121222;https://www.spienergy.com.tr;spienergy.com.tr;TET - Elektrik ve Elektronik İhracatçıları Birliği
ÖZMEN GAYRİMENKUL YATIRIMLARI VE İNŞAAT SANAYİ TİCARET ANONİM ŞİRKETİ;ÇINAR MAH TURGUT ÖZAL BULVARİ NO:65 MALTEPE İSTANBUL;(216) 3145870;www.ozmengroup.com;ozmengroup.com;TET - Elektrik ve Elektronik İhracatçıları Birliği
ÖZAK GEÇİŞ TEKNOLOJİLERİ SANAYİ TİCARET ANONİM ŞİRKETİ;ÇUHANE CD.NO:41135CIRAKLIK EGITIM MERK.KARSISI KARTEPE KOCAELİ;(262) 3734848;www.ozak-t.com.tr;ozak-t.com.tr;TET - Elektrik ve Elektronik İhracatçıları Birliği
DATAKOM ELEKTRONİK MÜHENDİSLİK SANAYİ VE TİCARET ANONİM ŞİRKETİ;FERHATPAŞA MAHALLESİ 101.SOKAK NO:40/1 ATAŞEHİR İSTANBUL FERHATPAŞA 34775 ATAŞEHİR, İSTANBUL, TÜRKİY ATAŞEHİR İSTANBUL;(216) 4668460;www.datakom.com.tr;datakom.com.tr;TET - Elektrik ve Elektronik İhracatçıları Birliği
ÇAĞATAY KABLO SAN. VE TİC. A.Ş.;FEVZİPAŞA MAH.SÖĞÜT CAD.NO:2 SİLİVRİ İSTANBUL;(212) 7388484;www.cagataykablo.com;cagataykablo.com;TET - Elektrik ve Elektronik İhracatçıları Birliği
PALS ELEKTRONİK SANAYİ VE TİCARET ANONİM ŞİRKETİ;DUDULLU OSB MAH. 1 CAD. ONAYSAN NO:18 ÜMRANİYE İSTANBUL;(216) 5409486;www.pals.com.tr;pals.com.tr;TET - Elektrik ve Elektronik İhracatçıları Birliği
TÜMKAR ELEKTRİK PROJE İNŞAAT TAAHHÜT TURİZM SANAYİ VE TİCARET ANONİM ŞİRKETİ;PERPA TIC.MERK.A.BLOK NO 9-28 ŞİŞLİ İSTANBUL;02122108485;www.tumelektrikcom.tr;tumelektrikcom.tr;TET - Elektrik ve Elektronik İhracatçıları Birliği
VEKSAN AYDINLATMA SANAYI TICARET A.S.;1. KISIM MAH AŞIK MAHSUNİ ŞERİF CAD. SIĞIRCIKSOKAK BADEM 5 VILLA 10 - P.K.34538 ÇATALCA İSTANBUL;02127933333;www.veksan.com;veksan.com;TET - Elektrik ve Elektronik İhracatçıları Birliği
METRİKS GAZ VE SU ARMATÜRLERİ SANAYİ VE TİCARET LİMİTED ŞİRKETİ;ORGANİZE SANAYİ BÖLGESİ 17.CADDE NO:1 SULTANDERE MAH ODUNPAZARI ESKİŞEHİR;(222) 2368448;www.metrix.com.tr;metrix.com.tr;TET - Elektrik ve Elektronik İhracatçıları Birliği
FANTOM PAZARLAMA İÇ VE DIŞ TİCARET ANONİM ŞİRKETİ;HALKALI MERKEZ MAH. SÖNMEZ SK. NO:8/1 İÇ KAPI NO:1 KÜÇÜKÇEKMECE İSTANBUL;(212) 6975770;http://www.fanset.com;fanset.com;TET - Elektrik ve Elektronik İhracatçıları Birliği
ELECTRADE MÜHENDİSLİK VE TİCARET AŞ;SARACALAR MAH ÖZAL BULVARI NO:226/1 06750 AKYURT ANKARA;;http://www.electrade.com.tr;electrade.com.tr;TET - Elektrik ve Elektronik İhracatçıları Birliği
FAREL PLASTİK ELEKTRİK VE ELEKTRONİK İMALAT SANAYİ ANONİM ŞİRKETİ;ORGANİZE SAN. BÖL.GAZİ OSMAN PAŞA MAH. 7. CAD. NO:114 ÇERKEZKÖY TEKİRDAĞ;02827262560;www.farel.com.tr;farel.com.tr;TET - Elektrik ve Elektronik İhracatçıları Birliği
NEAD ELEKTRİK PAZARLAMA A.Ş.;ŞAİR ZİYA PAŞA CD. TUĞRUL HAN NO:43/C BEYOĞLU İSTANBUL;(212) 2432656;www.ne-ad.com.tr;ne-ad.com.tr;TET - Elektrik ve Elektronik İhracatçıları Birliği
ARZUM ELEKTRİKLİ EV ALETLERİ SANAYİ VE TİCARET ANONİM ŞİRKETİ;DEFTERDAR MAH. OTAKÇILAR CAD.B BLOK KAT:1 NO:78 FLATOFİS BİNASI EYÜP İSTANBUL;(212) 4678080;www.arzum.com.tr;arzum.com.tr;TET - Elektrik ve Elektronik İhracatçıları Birliği
MATEC ELEKTRONİK SAN.VE TİC.LTD.ŞTİ;TATLISU MAH.ERSOY SOK.NO:3 ÜMRANİYE İSTANBUL;(216) 3658010;www.matec.com.tr;matec.com.tr;TET - Elektrik ve Elektronik İhracatçıları Birliği
MA ELEKTRONİK ANONİM ŞİRKETİ;ULUS MAHALLESİ İSMETPAŞA CADDESİ NO:7/1 BÜYÜKÇEKMECE İSTANBUL;(212) 8610404;www.onvo.com.tr;onvo.com.tr;TET - Elektrik ve Elektronik İhracatçıları Birliği
TURKAB KABLO SANAYİ VE TİCARET LİMİTED ŞİRKETİ;ORTA MAH. YETKİN SOK. NO.7 KAT.1 TUZLA İSTANBUL;(212) 2928338;www.turkabkablo.com;turkabkablo.com;TET - Elektrik ve Elektronik İhracatçıları Birliği
PLASBAK PLASTİK ENJEKSİYON VE KALIP SAN. TİC. LTD. ŞTİ;BİRLİK SANAYİ SİTESİ 2.CADDE NO:10334520 İSTANBUL;02128750346;www.plasbak.com;plasbak.com;TET - Elektrik ve Elektronik İhracatçıları Birliği
ATASAN METAL SANAYİ VE TİCARET ANONİM ŞİRKETİ;1.ORGANİZE SANAYİ BÖLGESİ 2.YOL NO:15 ARİFİYE SAKARYA;(264) 2914401;www.atasan.com;atasan.com;TET - Elektrik ve Elektronik İhracatçıları Birliği
TEKTEKAL SANAL MAĞAZACILIK VE BİLİŞİM LİMİTED ŞİRKETİ;GÜLTEPE MAH. 1.BİLGE SK. 1 1 KÜÇÜKÇEKMECE İSTANBUL;(212) 4529090;https://pckolik.com.tr;pckolik.com.tr;TET - Elektrik ve Elektronik İhracatçıları Birliği
KIRAÇ ELEKTRİK ANONİM ŞİRKETİ;ORG. SAN. BÖL. SEHITLER BLV. NO.21 Merkez ESKİŞEHİR;02222361500;www.kiracgroup.com;kiracgroup.com;TET - Elektrik ve Elektronik İhracatçıları Birliği
ELCAB KABLO PROFİL SANAYİ TİCARET ANONİM ŞİRKETİ;TEKSTİLKEN CADDESİ KOZA PLAZA B BLOK KAT 31 ORUÇREİS MAHALLESİ ESENLER İSTANBUL;(212) 6852094;www.elcabkablo.com;elcabkablo.com;TET - Elektrik ve Elektronik İhracatçıları Birliği
İKİZLER AYDINLATMA ARMATÜRLERİ SANAYİ VE TİCARET A.Ş.;GİRNE MAH. IRMAK SOK. KÜÇÜKYALI İŞ MERKEZİ F BLOK APT.N:72 F/18 MALTEPE İSTANBUL;(216) 3972216;www.ikizleraydinlatma.com;ikizleraydinlatma.com;TET - Elektrik ve Elektronik İhracatçıları Birliği
KOR-METAL DIŞ TİCARET LTD. ŞTİ.;UNIVERSITE MAH.BAGLARICI CAD. NO.18 AVCILAR İSTANBUL;02126946000;www.kormetal.com;kormetal.com;TET - Elektrik ve Elektronik İhracatçıları Birliği
PFİFFNER TRANSFORMATÖR VE ELEKTRİK GEREÇLERİ ÜRETİM SANAYİ TİCARET ANONİM ŞİRKETİ;ANKARA -ÇANKIRI YOLU BALIKHİSAR MAH. 7. KM (ASELSAN YANI) AKYURT ANKARA;(312) 8475459;www.pfiffner.com.tr;pfiffner.com.tr;TET - Elektrik ve Elektronik İhracatçıları Birliği
CEMDAĞ AYDINLATMA SANAYİ VE TİCARET ANONİM ŞİRKETİ;ATATÜRK ORGANIZE SANAYI BÖLG.10007 SOKAK N:4 ATATÜRK ORG. SAN. BLG. ÇİĞLİ İZMİR;02324444236;https://cemlight.com/;cemlight.com;TET - Elektrik ve Elektronik İhracatçıları Birliği
FAREX ULUSLARARASI TİCARET LTD.ŞTİ.;ESENKENT MAH. EFLATUN SOK. NO:5/5 YUKARIDUDULLU ÜMRANİYE İSTANBUL;(216) 3148660;www.far-electric.com.tr;far-electric.com.tr;TET - Elektrik ve Elektronik İhracatçıları Birliği
TURKUAZ TEKNİK BEYAZ EŞYA YED.PAR.SAN.VE TİC.LTD.ŞTİ.;FERHAT MAH GİRGİN SOK NO 19-3 ÜSKÜDAR İSTANBUL;(216) 4433386;www.turkuazteknik.com.tr;turkuazteknik.com.tr;TET - Elektrik ve Elektronik İhracatçıları Birliği
SET TEKNIK EMNİYET ÇEVRE VE LABORATUVAR TEKNOLOJİLERİ SANAYİ TİCARET ANONİM ŞİRKETİ;TEZCAN CAD. 38/4 ÜMRANİYE İSTANBUL;02164202149;www.set-ltd.com.tr;set-ltd.com.tr;TET - Elektrik ve Elektronik İhracatçıları Birliği
KORKMAZ DIŞ TİCARET ANONİM ŞİRKETİ;EMEK MH ORDU CD NO:30 SANCAKTEPE İSTANBUL;(216) 4440147;www.korkmaz.com.tr;korkmaz.com.tr;TET - Elektrik ve Elektronik İhracatçıları Birliği
DATA MARKET BİLGİ HİZMETLERİ ANONİM ŞİRKETİ;BÜYÜKDERE CAD. MASLAK IŞ HANINO:239 K:1 ŞİŞLİ İSTANBUL;02123370707;www.datamarket.com.tr;datamarket.com.tr;TET - Elektrik ve Elektronik İhracatçıları Birliği
BES KABLO İNŞAAT TURİZM SANAYİ VE TİCARET ANONİM ŞİRKETİ;O.S.B.MAH.2009 CAD.NO:1/A SANAYİ TURGUTLU MANİSA;(236) 3121242;www.beskablo.com.tr;beskablo.com.tr;TET - Elektrik ve Elektronik İhracatçıları Birliği
ISSD BİLİŞİM ELEKTRONİK EĞİTİM SAN. VE TİC. A.Ş.;ÜNİVERSİTELER MAH. ODTÜİKİZLER BLOK ZEMİTEKNOKENT HALICI BİNASI NO:33 BİLKENTBİLKENTPLAZABEYTEPE 06800 N KAT 5-6 BİLKENT/BİLKENTPLAZA/BEYTEPE ÇANKAYA ANKARA;(312) 2100015;www.issd.com.tr;issd.com.tr;TET - Elektrik ve Elektronik İhracatçıları Birliği
AR-ES METAL OTOMOTIV ELELT.ITH IHR.SAN.TIC.LTD.STI.;KAVAKPINAR MAH.KORUMA SAN.SIT.B BLOK NO:30 0 PENDİK İSTANBUL;(216) 5972149;www.aresmetal.com;aresmetal.com;TET - Elektrik ve Elektronik İhracatçıları Birliği
KZ ENERJİ ÇÖZÜMLERİ VE DIŞ TİC. LTD.ŞTİ.;MİMAR SİNAN MAH. BOSNA CADDESİ NO : 1/6 ÇEKMEKÖY İSTANBUL;(216) 6419643;www.kzpower.com;kzpower.com;TET - Elektrik ve Elektronik İhracatçıları Birliği
ANT TEKNİK CİHAZLAR PAZARLAMA VE DIŞ TİCARET ANONİM ŞİRKETİ;BURHANIYE MAH.BEY BOSTANI SOK NO.45 ÜSKÜDAR İSTANBUL;02164226700;www.antteknik.com;antteknik.com;TET - Elektrik ve Elektronik İhracatçıları Birliği
YESA ELEKTRONİK SANAYİ VE TİCARET ANONİM ŞİRKETİ;FERHATPAŞA MAH. M. FEVZİ ÇAKMAK CAD. İÇ KAPI NO:62 K.3 ATAŞEHİR İSTANBUL;(216) 6614636;www.yesaelektronik.com;yesaelektronik.com;TET - Elektrik ve Elektronik İhracatçıları Birliği
MESA İTHALAT VE İHRACAT TİCARET LTD.ŞTİ.;İKİTELLİ ORGANİZE SAN.BÖLG. MAH.PİK DÖKÜMCÜLER SANAYİ SİTESİ A6 BLOK NO:13/1 BAŞAKŞEHİR İSTANBUL;(212) 4852032;www.mesaterminal.com.tr;mesaterminal.com.tr;TET - Elektrik ve Elektronik İhracatçıları Birliği
ERGUN ELEKTRİK SAN. VE TİC. A.Ş.;KAZIMDIRIK MAH. SANAYI CAD. NO.66 BORNOVA İZMİR;02324627200;www.ergunelektrik.com;ergunelektrik.com;TET - Elektrik ve Elektronik İhracatçıları Birliği
REFLEKS RF İLETİŞİM TEKNOLOJİLERİ TİC. LTD. ŞTİ.;İKİTELLİ ORGANİZE SANAYİ MAH. YTÜ İKİTELLİ TEKNOPARK SK. NO:1/130 BAŞAKŞEHİR İSTANBUL;;http://www.refleksajans.com;refleksajans.com;TET - Elektrik ve Elektronik İhracatçıları Birliği
B.BRAUN MEDIKAL DIS TICARET AŞ.;MASLAK OFİS BİNASI MASLAK MAH. SÜMER SOK.NO:4/54 SARIYER İSTANBUL;;www.bbraun.com.tr;bbraun.com.tr;TET - Elektrik ve Elektronik İhracatçıları Birliği
PACPRO OTOMASYON MÜHENDİSLİK SAN. İÇ VE DIŞ TİC. A.Ş.;AYDINLI MAH.YANYOL CAD.MELODİ SOK.BİLMO SAN.SİT.NO:16 TUZLA İSTANBUL;02163761095;www.pacpro.com;pacpro.com;TET - Elektrik ve Elektronik İhracatçıları Birliği
VARSAN DIS TICARET ELEKTRIK SA N. LTD. STI.;BAĞCILAR PİRİREİS MH. KARAOĞLANOĞLU CD ŞEMLİK SK N:12/1 MAHMUTBEY BAĞCILAR İSTANBUL;(212) 4469440;www.varsan.com;varsan.com;TET - Elektrik ve Elektronik İhracatçıları Birliği
AGER ENDÜSTRİYEL METAL ÜRÜNLER SANAYİ VE TİCARET LİMİTED ŞİRKETİ;75. YIL OSB MAH. 22.CADDE NO:2 ODUNPAZARI ESKİŞEHİR;(222) 2369178;www.ager.com.tr;ager.com.tr;TET - Elektrik ve Elektronik İhracatçıları Birliği
VERTİV GÜÇ SİSTEMLERİ LİMİTED ŞİRKETİ;ŞERİFALİ CAD. TURCAN CAD. NO.60 ÜMRANİYE İSTANBUL;(216) 5867900;www.masterguard.com.tr;masterguard.com.tr;TET - Elektrik ve Elektronik İhracatçıları Birliği
PRİME MOBİLE ELEKTRONİK LİMİTED ŞİRKETİ;HOBYAR MAH.ANKARA CD. EMIRLERHANI SK. NO:13/1 İSTANBUL;02125273636;www.betadijital.com.tr;betadijital.com.tr;TET - Elektrik ve Elektronik İhracatçıları Birliği
BAKWIRE BAKIR SAN. VE TİC A.Ş.;MERKEZ MAH. AKAR CAD. I TOVVERS BOMONTI I BLOK NO:3 D:68 ŞİŞLİ İSTANBUL;(212) 8036368;www.bakwirebakir.com;bakwirebakir.com;TET - Elektrik ve Elektronik İhracatçıları Birliği
UCS GROUP İTHALAT VE İHRACAT LİMİTED ŞİRKETİ;ATATÜRK MAH. ERTUĞRUL GAZİ SOK.METROPOL İSTANBULSİTESİ A BLOK NO:2E İÇ KAPI:331 ATAŞEHİR İSTANBUL;(850) 3056742;http://ucscogroup.com;ucscogroup.com;TET - Elektrik ve Elektronik İhracatçıları Birliği
NAVEA ELEKTRONİK SANAYİ VE DIŞ TİCARET ANONİM ŞİRKETİ;ŞERİFALİ MAH. MEVDUDİ SK. NO: 16 ÜMRANİYE İSTANBUL;(216) 5407815;www.roleteknik.com.tr;roleteknik.com.tr;TET - Elektrik ve Elektronik İhracatçıları Birliği
MONO ELEKTRİK MALZEMELERİ SAN. VE DIŞ TİC. LTD.ŞTİ.;AKPINAR SANAYİ BÖLGESİ - YASSIÖREN KÖYÜ HADIMKÖY CAD. NO:162 ARNAVUTKÖY İSTANBUL;(212) 5498478;www.monoelectric.com.tr;monoelectric.com.tr;TET - Elektrik ve Elektronik İhracatçıları Birliği
2M KABLO PAZARLAMA VE DIŞ TİCARET ANONİM ŞİRKETİ;HALİL RIFAT PAŞA MAH. YÜZER HAVUZ SK. PERPA TİCARET MERKEZİ A BLOK 1 A 9021 ŞİŞLİ İSTANBUL;(282) 7583500;www.2mkablo.com;2mkablo.com;TET - Elektrik ve Elektronik İhracatçıları Birliği
ASIS ELEKTRONIK VE BILIŞIM SISTEMLERI A.Ş.;İSTANBUL AVCILAR ÜNİVERSİTE MAH. SARIGÜL SOK. NO:37/1 A BLOK AVCILAR İSTANBUL;(212) 8555484;www.asiselektronik.com.tr;asiselektronik.com.tr;TET - Elektrik ve Elektronik İhracatçıları Birliği
NACAR KABLO SANAYİ VE TİCARET ANONİM ŞİRKETİ;AKÇABURGAZ MAH. 3028 SK. NO:1/16 ESENYURT İSTANBUL;02122244060;www.nacarkablo.com.tr;nacarkablo.com.tr;TET - Elektrik ve Elektronik İhracatçıları Birliği
ONKA ELEKTRİK MALZEMELERİ SANAYİ VE TİCARET ANONİM ŞİRKETİ;BOSTANCIYOLU CD.KEYAP ÇARŞISIE-1 BL.77 KAT 3 ÜMRANİYE İSTANBUL;(216) 5409448;www.onka.com.tr;onka.com.tr;TET - Elektrik ve Elektronik İhracatçıları Birliği
ÇALIK İNŞAAT ANONİM ŞİRKETİ;BÜYÜKDERE CAD. NO:163 ESENTEPE ŞİŞLİ İSTANBUL;(212) 3065000;www.calik.com;calik.com;TET - Elektrik ve Elektronik İhracatçıları Birliği
YAPITAS YAPI SANAYİ VE TİCARET ANONİM ŞİRKETİ;FULYA MAH. ORTAKLAR CAD. NO.49/2 BBILAL APT MECİDİYEKÖY ŞİŞLİ İSTANBUL;(212) 2110268;www.yapitaskablo.com;yapitaskablo.com;TET - Elektrik ve Elektronik İhracatçıları Birliği
TKS TERMINAL KONNEKTOR KALIP SANAYİ TICARET A.Ş.;KOCASINAN MAH. BAĞLAR MEVKIIKOCA. SINAN. SIT. A BLOK N:1-2 BAHÇELİEVLER İSTANBUL;(212) 5519002;www.tksterminal.com;tksterminal.com;TET - Elektrik ve Elektronik İhracatçıları Birliği
TD SYNNEX TURKEY BİLGİ TEKNOLOJİLERİ ANONİM ŞİRKETİ;SARAY MAHALLESİ, SİTE YOLU SOKAK ANEL İŞ MERKEZİ NO:5 KAT:8 ÜMRANİYE İSTANBUL ŞEHİTKAMİL GAZİANTEP;(216) 9995300;www.ts.avnet.com;ts.avnet.com;TET - Elektrik ve Elektronik İhracatçıları Birliği
KORDOVA PLASTİK SANAYİ VE TİCARET ANONİM ŞİRKETİ;UGUR MUMCU MAH.2345 SOK.NO.10 D.2-3-4 SULTANGAZİ İSTANBUL;(212) 6681890;www.kordova.com;kordova.com;TET - Elektrik ve Elektronik İhracatçıları Birliği
TUNCMATIK ELEKTRIK MALZEMELERI SANAYİ VE TİCARET ANONİM ŞİRKETİ;EYÜPSULTAN MAH. BERCAN SK. NO.3 SANCAKTEPE SANCAKTEPE İSTANBUL;02163145151;www.tuncmatik.com;tuncmatik.com;TET - Elektrik ve Elektronik İhracatçıları Birliği
BEŞ A ELEKTRİK VE ELEKTRONİK SANAYİ TİCARET ANONİM ŞİRKETİ;CENGELDERE M. CENGELDERE CAD.K:2 NO:105 BEYKOZ İSTANBUL;02164796677;www.bes-a.com;bes-a.com;TET - Elektrik ve Elektronik İhracatçıları Birliği
MKS TRANSFORMATÖR EKİPMANLARI SAN.VE TİC.A.Ş.;ŞEKERPINAR MAH. SÜLEYMANİYE CAD. GÖKTÜRK SOK. NO.37 ÇAYIROVA KOCAELİ;(262) 6581407;www.mksltd.net;mksltd.net;TET - Elektrik ve Elektronik İhracatçıları Birliği
ÜLGÜ DIŞ TİCARET LİMİTED ŞİRKETİ;SARAY MAH. SİTEYOLU CAD. ANEL İŞ MERKEZİ NO: 5/28 ÜMRANİYE İSTANBUL;(216) 0000000;http://www.ulgudisticaret.com;ulgudisticaret.com;TET - Elektrik ve Elektronik İhracatçıları Birliği
MED-ART SAĞLIK HİZMETLERİ VE KUYUMCULUK SANAYİ VE TİCARET LİMİTED ŞİRKETİ;MOLLA FENARİ MAH. ŞEREFEFENDİ SOK.NO.37 KAT:3 EMİNÖNÜ/CAĞALOĞLU FATİH İSTANBUL;(212) 5200041;www.zenpirlanta.com;zenpirlanta.com;TET - Elektrik ve Elektronik İhracatçıları Birliği
OPKON OPTİK ELEKTRONİK KONTROL SANAYİ VE TİCARET ANONİM ŞİRKETİ;TERAZIDERE MAH. 60.YIL CAD. NO.46AYRANCI SITESI BAYRAMPAŞA İSTANBUL;02125014863;www.opkon.com.tr;opkon.com.tr;TET - Elektrik ve Elektronik İhracatçıları Birliği
ALKAN KABLO VE ELEKTRO.SAN.VE TIC.LTD.STI.;FATİH MAH. YAKACIK YOLU CAD. ORTADAĞ MEVKİİ NO:37/A SAMANDIRA SANCAKTEPE İSTANBUL;(216) 5645700;www.alkanlar.com;alkanlar.com;TET - Elektrik ve Elektronik İhracatçıları Birliği
TONGUN ELEKTRIK TELEKOMINIKAS. DOGALGAZ MALZ.PAZ.SAN.TIC.A.S.;DENIZLI KOYU DUZMESE MEVKII NO.28 GEBZE KOCAELİ;02627293363;www.tongunpano.com;tongunpano.com;TET - Elektrik ve Elektronik İhracatçıları Birliği
ASLAN ELEKTRONIK SANAYI VE TICARET ANONİM ŞİRKETİ;IKITELLI ORG. SAN. BÖL. ÇEVRE SAN. SİT. 10. BLOK NO:10 İKİTELLİ OSB 34490 BAŞAKŞEHİR İSTANBUL;(212) 4851154;www.aslanelektronik.com;aslanelektronik.com;TET - Elektrik ve Elektronik İhracatçıları Birliği
ÖZTİRYAKİLER MADENİ EŞYA SANAYİ VE TİCARET ANONİM ŞİRKETİ;CUMHURİYET MAH. ESKİ HADIMKÖY YOLU CAD. NO.8 1 NO.LU BAĞIMSIZ BÖLÜM BÜYÜKÇEKMECE İSTANBUL;(212) 8867800;www.oztiryakiler.com.tr;oztiryakiler.com.tr;TET - Elektrik ve Elektronik İhracatçıları Birliği
İTAL GLOBAL MÜHENDİSLİK TİCARET LİMİTED ŞİRKETİ;ÜSKÜDAR CAD. AYGUNLER IŞ MERKEZI NO:16 İÇ KAPI NO:16 YUKARI KARTAL İSTANBUL;(216) 4883737;www.ital-global.com;ital-global.com;TET - Elektrik ve Elektronik İhracatçıları Birliği
TEM TEKNİK ELEKTRİK MALZEMELERİ SAN. VE TİC. A.Ş;ORTAKÖY SAN. BÖL.İLTER BULV. Y.DEĞİRMENİ CAD. M.MENEKŞE SOK. /5 SİLİVRİ İSTANBUL;(212) 4851900;www.temteknik.com;temteknik.com;TET - Elektrik ve Elektronik İhracatçıları Birliği
EKALDES AYDINLATMA SANAYİ VE TİCARET ANONİM ŞİRKETİ;SANAYİ MAH KURU SK NEKAR DEPO 2 İZMİT KOCAELİ;(262) 3258474;www.ekaldes.com.tr;ekaldes.com.tr;TET - Elektrik ve Elektronik İhracatçıları Birliği
ALVES KABLO SANAYİ VE TİC. A.Ş.;3289 ADA 6 PARSEL SARAY MAH. ATOM CAD N:21 KAHRAMANKAZAN ANKARA;(312) 8020555;www.alveskablo.com;alveskablo.com;TET - Elektrik ve Elektronik İhracatçıları Birliği
CEVAHİR YAPI SANAYİ TURİZM VE TİCARET ANONİM ŞİRKETİ;19 MAYIS MH. AYTEKİN KOTİL CD CEVAHİR İŞM.NO:8KAT12 OFİS NO:13 ŞİŞLİ ŞİŞLİ İSTANBUL;(212) 0000000;http://edemir@avasdanismanlik.com;edemir@avasdanismanlik.com;TET - Elektrik ve Elektronik İhracatçıları Birliği
PAMIR ELEKTRIK SAN.VE TIC.LTD. STI.;FETIH MAH.SEYH ULEMA RECEP AGA CAD.NO:262 KARATAY KONYA;03323558616;www.pamir.com.tr;pamir.com.tr;TET - Elektrik ve Elektronik İhracatçıları Birliği
RAM DIŞ TİCARET A.Ş.;RUZGARLIBAHCE KAVACIK KAVSAGIENERGY PLAZA K.2 BEYKOZ İSTANBUL;(216) 5381100;www.ram.com.tr;ram.com.tr;TET - Elektrik ve Elektronik İhracatçıları Birliği
VEGAVİZYON REKLAMCILIK YAYINCILIK ELEK.PROJ.VE DAN.SAN.VE TİC.LT.ŞTİ.;ATATÜRK MH GAZİ CD NO:14/2 ESENYURT İSTANBUL;(212) 8862727;www.vegavizyon.com;vegavizyon.com;TET - Elektrik ve Elektronik İhracatçıları Birliği
SARNİKON METAL VE ELEKTRONİK ANONİM ŞİRKETİ;İBNİ SİNA CADDESİ, NO:22 EYÜPSULTAN SANCAKTEPE İSTANBUL;(212) 5937171;www.sarnikon.com;sarnikon.com;TET - Elektrik ve Elektronik İhracatçıları Birliği
ALP TEKNIK KONTROL SISTEMLERI TIC.VE SAN.LTD.STI.;ISISO SAN.SITESI 8.YOL M .BLOKN.9-10 ESENYURT İSTANBUL;(212) 6232380;www.alpteknik.com.tr;alpteknik.com.tr;TET - Elektrik ve Elektronik İhracatçıları Birliği
TEKNİK DÖKÜM KAPLAMA MALZEMELERİ SANAYİ VE TİCARET ANONİM ŞİRKETİ;DELİKLİKAYA MH KISIKLI CD NO:69 ARNAVUTKÖY İSTANBUL;(212) 5185757;www.teknikdokum.com;teknikdokum.com;TET - Elektrik ve Elektronik İhracatçıları Birliği
AYGÜN CERRAHİ ALETLER SANAYİ VE TİCARET ANONİM ŞİRKETİ;ORGANIZE SANAYI BOLGESI YAŞARDOĞU CADDESİ NO:76 KUTLUKENT TEKKEKÖY SAMSUN;(362) 2666680;www.aygun.com;aygun.com;TET - Elektrik ve Elektronik İhracatçıları Birliği
KALTES ELEKTRİK SANAYİ VE TİCARET LİMİTED ŞİRKETİ;İ.O.S.B ZİYA GÖKALP MAH. ATATÜRK BULVARIALTAY İŞMERKEZİ NO:58/1-2 BAŞAKŞEHİR İSTANBUL;(212) 5498111;www.kalteselektrik.com.tr;kalteselektrik.com.tr;TET - Elektrik ve Elektronik İhracatçıları Birliği
NANOMANYETIK BILIMSEL CIHAZLAR SAN.VE TIC.LTD.STI.;ODTÜ MET YERLEŞKESİ MUSTAFA KEMAL MAHALLESİ DUMLUPINAR BULVARI NO:280 B BLOK NO:31 BİLKENT/BİLKENTPLAZA/BEYTEPE ÇANKAYA ANKARA;(312) 2992171;www.nanomagnetics-inst.com;nanomagnetics-inst.com;TET - Elektrik ve Elektronik İhracatçıları Birliği
MAKSAN MALATYA MAKİNA SANAYİİ A.Ş.;ELAZIG KARAYOLU 9.KM BATTALGAZİ MALATYA;(422) 3410090;www.maksan.com.tr;maksan.com.tr;TET - Elektrik ve Elektronik İhracatçıları Birliği
ANELSIS MUHENDISLIK SAN.VE TIC LTD.STI.;ALEMDAĞ CAD. SITE YOLU NO:5P.KODU:34769 ÜMRANİYE İSTANBUL;02166362000;www.anel.com.tr;anel.com.tr;TET - Elektrik ve Elektronik İhracatçıları Birliği
FMSS BİLİŞİM TEKNOLOJİ SANAYİ VE TİCARET LİMİTED ŞİRKETİ;CEVİZLİ MAHALLESİ TUGAY YOLU CADDESİ OFİSİM İSTANBUL PLAZALARIA BLOK KAT 5 NO 27 MALTEPE İSTANBUL;(216) 9698979;http://www.fmss.com.tr;fmss.com.tr;TET - Elektrik ve Elektronik İhracatçıları Birliği
ASEL DIŞ TİCARET VE PAZARLAMA LİMİTED ŞİRKETİ;IKITELLI ORG. SAN. BÖLG. ATATÜRKBULV. CABANI IS MERK. NO:82 K.2 BAŞAKŞEHİR İSTANBUL;(212) 5492800;www.asel.com.tr;asel.com.tr;TET - Elektrik ve Elektronik İhracatçıları Birliği
GUNKO ENDUSTRIYEL SIST.SAN.VE TIC.LTD.STI.;RAMAZANOGLU M.KAYNARCA C.ZENGIN S.NO:33 PENDİK İSTANBUL;02163788391;www.gunkoendustri.com.tr;gunkoendustri.com.tr;TET - Elektrik ve Elektronik İhracatçıları Birliği
BİLİŞİM BİLGİSAYAR HİZM. AŞ;KISIKLI MAH. AYDINOĞLU SOK. NO.21 BULGURLU ÜSKÜDAR İSTANBUL;(216) 5211414;www.banksoft.com.tr;banksoft.com.tr;TET - Elektrik ve Elektronik İhracatçıları Birliği
GÜNDÜZ TRAFO ELEKTRİK MAKİNALARI VE TURİZM SANAYİ TİCARET ANONİM ŞİRKETİ;10007 SOKAK NO:28 ATATÜRK ORG. SAN. BLG. ÇİĞLİ İZMİR;(232) 3767680;www.gunduztrafo.com;gunduztrafo.com;TET - Elektrik ve Elektronik İhracatçıları Birliği
MİRSA ELEKTRİK SANAYİ VE TİCARET LİMİTED ŞİRKETİ;MALTEPE MAH. FATİH ŞEHİTLERİ SK. NO:6/3 ZEYTİNBURNU İSTANBUL;(212) 5440480;www.mirsaelektrik.com;mirsaelektrik.com;TET - Elektrik ve Elektronik İhracatçıları Birliği
MEGA METAL SANAYİ VE TİCARET ANONİM ŞİRKETİ;MECLİSİ MEBUSAN CAD. FINDIKLI HAN N:63 K:2 BEYOĞLU İSTANBUL;(212) 2435454;www.megametal.com;megametal.com;TET - Elektrik ve Elektronik İhracatçıları Birliği
ÇİMTAV ELEKTRİK ELEKTRONİK MÜHENDİSLİK TAAHHÜT SANAYİ VE TİCARET LİMİTED ŞİRKETİ;YASSIÖREN MAH. SARIGAZİ SOK. NO:10/1 ARNAVUTKÖY İSTANBUL;(212) 6710290;www.cimtav.com.tr;cimtav.com.tr;TET - Elektrik ve Elektronik İhracatçıları Birliği
ISOLAND METAL VE İLETKEN TEL SANAYİ TİCARET LİMİTED ŞİRKETİ;ALCI OSB MAH. 2019 CAD. IDARI BINA NO:17 SİNCAN ANKARA;(312) 5047400;https://isolandmetal.com/;isolandmetal.com;TET - Elektrik ve Elektronik İhracatçıları Birliği
SEAPOWER ELEKTRİK SİSTEMLERİ SANAYİ VE TİCARET ANONİM ŞİRKETİ;AYDINTEPE MAH. SAHİLBULVARI SS. GEMİ TAŞERONLARI NO:191/39 TUZLA İSTANBUL;(216) 4946207;http://www.seapower.com.tr;seapower.com.tr;TET - Elektrik ve Elektronik İhracatçıları Birliği
METAL KALIP SANAYİ VE TİCARET ANONİM ŞİRKETİ;YENIMAHALLE 547 /1 NO.8 KÜÇÜKKÖY GAZİOSMANPAŞA İSTANBUL;02125381290;www.nilson.com.tr;nilson.com.tr;TET - Elektrik ve Elektronik İhracatçıları Birliği
EMKO ELEKTRONİK SANAYİ VE TİCARET ANONİM ŞİRKETİ;FETHİYE OSB MAHALLESİ TURKUAZ CAD NO:15 NİLÜFER BURSA;(224) 2611900;www.emkoelektronik.com.tr;emkoelektronik.com.tr;TET - Elektrik ve Elektronik İhracatçıları Birliği
FORMRACK ENDÜSTRİYEL METAL ÜRÜNLER SANAYİ VE TİCARET ANONİM ŞİRKETİ;AKÇABURGAZ MH 592 SK NO:10/12 B BLOK ESENYURT İSTANBUL;(212) 5655650;www.formrack.com;formrack.com;TET - Elektrik ve Elektronik İhracatçıları Birliği
ISTAN EXPORT ELEKTRİK MALZEMELERİ TİC.A.Ş;TATLISU MAH.GÖKSU CAD.HALİÇ SOK.HAYAT MERİT LİFE SİT.NO.6 B BLK NO:48 ÇAKMAK ÜMRANİYE İSTANBUL;(216) 5945476;www.istanexport.com.tr;istanexport.com.tr;TET - Elektrik ve Elektronik İhracatçıları Birliği
KONVEYÖR BEYAZ EŞYA VE OTOMOTİV YAN SANAYİ TİCARET ANONİM ŞİRKETİ;ORG.DERİ SAN.BÖLG.FİNİSAJ CAD.NO.3YA-2 81474 TUZLA 81474 TUZLA TUZLA İSTANBUL;02165910101;www.konveyor.com;konveyor.com;TET - Elektrik ve Elektronik İhracatçıları Birliği
DOĞANATEŞ ELEKTRİK ELEKTRONİK İNŞAAT NAKLİYE GIDA MADDELERİ SANAYİ TİCARET LİMİTED ŞİRKETİ;1.ORGANİZE SAN.BÖL.1.CAD.NO:3 YEŞİLYURT MALATYA;;www.doganates.com;doganates.com;TET - Elektrik ve Elektronik İhracatçıları Birliği
NKS KABLO SANAYİ VE TİCARET ANONİM ŞİRKETİ;ORGANİZE SANAYİ BÖLGESİ MERMERCİLER SANAYİ SİTESİ 2.BULVAR NO:11 KAT:1 BEYLİKDÜZÜ İSTANBUL;(212) 8761657;www.nkskablo.com.tr;nkskablo.com.tr;TET - Elektrik ve Elektronik İhracatçıları Birliği
AYSAN ELEK.MAK.IML.INS.PROJE TAAH.DANIS.SAN.VE TIC.A.S.;PROF.DR. AHMET TANER KIŞLALI MAH. PARK CAD. 2874.SOK 2/C ÇAYYOLU ÇANKAYA ANKARA;(312) 4370340;www.aysanelectric.com;aysanelectric.com;TET - Elektrik ve Elektronik İhracatçıları Birliği
POLKİMEX KİMYA SANAYİ VE TİCARET LİMİTED ŞİRKETİ;FULYA MAHALLESİ BÜYÜKDERE CADDESİ TORUN CENTER D BLOK NO ::74 D/43 PK:34394 ŞİŞLİ İSTANBUL;(212) 5343441;www.polkimex.com;polkimex.com;TET - Elektrik ve Elektronik İhracatçıları Birliği
MESH İNTECH KABLO İTH. İHR. SAN. VE TİC. LTD. ŞTİ.;BARAKFAKİH OSB MH. 20. CAD. NO: 14 KESTEL/BURSA BARAKFAKİH OSB KESTEL BURSA;(224) 3606767;https://meshkablo.com/;meshkablo.com;TET - Elektrik ve Elektronik İhracatçıları Birliği
ÖREN KABLO PAZARLAMA TİCARET LİMİTED ŞİRKETİ;ORTAKÖY MAH. TİBET SOK. ÖREN KABLO NO:7 SİLİVRİ İSTANBUL;(212) 2204800;www.orenkablo.com;orenkablo.com;TET - Elektrik ve Elektronik İhracatçıları Birliği
BULUTMARKET BİLİŞİM VE GÜVENLİK SİSTEMLERİ ANONİM ŞİRKETİ;ETİ MAHALLESİ GMK BULVARI 54/B ÇANKAYA ANKARA;(312) 0000000;https://bulutmarket.com.tr/;bulutmarket.com.tr;TET - Elektrik ve Elektronik İhracatçıları Birliği
İNCİ DENTAL TIBBİ MALZEME SAN. VE TİC. LTD. ŞTİ.;DEFTERDAR MAHALLESİ OTAKÇILAR CADDESİ E BLOK SİTESİ NO: 74/4 EYÜP İSTANBUL;(212) 6326345;www.incidental.com.tr;incidental.com.tr;TET - Elektrik ve Elektronik İhracatçıları Birliği
STFA İNŞAAT A.Ş.;STFA IS MERKEZI YESILVADI SK.NO:1 K:8 KADIKÖY İSTANBUL;02165789650;www.stfa.com.tr;stfa.com.tr;TET - Elektrik ve Elektronik İhracatçıları Birliği
SASAN SAGLIK MLZ.URETIM VE PAZ.A.S.;TUNA CAD. 30/A ÇANKAYA ANKARA;(312) 8154650;www.sasan.com.tr;sasan.com.tr;TET - Elektrik ve Elektronik İhracatçıları Birliği
ESMER REKLAM TANITIM HIZM.TIC. LTD.STI.;MARMARA SANAYI SIT.E BL.92 34306 KÜÇÜKÇEKMECE İSTANBUL;02124720033;www.esmerreklam.com;esmerreklam.com;TET - Elektrik ve Elektronik İhracatçıları Birliği
AKEL ELEKTRİKLİ EV ALETLERİ SANAYİ VE TİCARET ANONİM ŞİRKETİ;HASTANE MAH. 29 MAYIS CAD. NO: 34 ARNAVUTKÖY İSTANBUL;(212) 6598055;http://www.akelevaletleri.com;akelevaletleri.com;TET - Elektrik ve Elektronik İhracatçıları Birliği
DESU MEDİKAL ÜRÜNLER VE TIBBİ CİH.SAN.VE TİC.A.Ş;HACETTEPE ÜNİV.TEKNOKENT 2.AR-GE BİNASINO:15/B BEYTEPE KAMPÜSÜ ÇANKAYA ANKARA;(312) 2992563;www.desumedical.com;desumedical.com;TET - Elektrik ve Elektronik İhracatçıları Birliği
YALTES ELEKTRONİK VE BİLGİ SİSTEMLERİ ÜRETİM VE TİCARET A.Ş.;TEKNOPARK İSTANBUL SANAYİ MAH. TEKNOPARK BULVARI NO:1/2A 201 PENDİK İSTANBUL;(216) 4823060;www.yaltes.com;yaltes.com;TET - Elektrik ve Elektronik İhracatçıları Birliği
KEREM ÖZDEMİR;AYDINEVLER MAH. ASLANBEY CAD. MERT PLAZA NO:1-3 A BLOK K:2 D:14 MALTEPE İSTANBUL;(216) 3666045;www.koztek.com;koztek.com;TET - Elektrik ve Elektronik İhracatçıları Birliği
YILDIZ PLASTİK VE KALIP SAN. TİC. LTD. ŞTİ.;İKİTELLİ ORG. SAN. BÖLG. METAL ISSAN. SIT. 17. BLOK. NO:2-4-6-8 BAŞAKŞEHİR İSTANBUL;(212) 5497294;www.de-pa.com.tr;de-pa.com.tr;TET - Elektrik ve Elektronik İhracatçıları Birliği
EKİNLER ENDÜSTRİ SANAYİ VE TİCARET ANONİM ŞİRKETİ;ESKİ BÜYÜKDERE CADDESİ MASLAK İŞ MERKEZİ NO:37/9-1MASLAK 34398 MASLAK 34360 SARIYER İSTANBUL;02124850953;www.ekinlerendustri.com;ekinlerendustri.com;TET - Elektrik ve Elektronik İhracatçıları Birliği
SONOMİRA SAĞLIK HİZMETLERİ TİCARET ANONİM ŞİRKETİ;ÜNALAN MAHALLESİ SOYAK SİTELERİ SOKAK SOYAK SİTESİNO:15/281 ÜSKÜDAR İSTANBUL;(216) 3171701;www.sonomira.com.tr;sonomira.com.tr;TET - Elektrik ve Elektronik İhracatçıları Birliği
ANATOLİA TANI VE BİYOTEKNOLOJİ ÜRÜNLERİ AR-GE SAN.VE TİC.A.Ş.;HASANPAŞA MAH. BEYDAĞI SOK. NO:1-9H SULTANBEYLİ İSTANBUL;(216) 3300455;www.anatoliageneworks.com;anatoliageneworks.com;TET - Elektrik ve Elektronik İhracatçıları Birliği
SAFİR İHRACAT A.Ş.;ATAKENT MH 221SK ROTA OFFİCE SİT 3/1 KAT:10 D:63 KÜÇÜKÇEKMECE İSTANBUL;(212) 5481144;www.safirihracat.com;safirihracat.com;TET - Elektrik ve Elektronik İhracatçıları Birliği
ARMAK MAKINA MUHENDISLIK INSAA T SAN.VE TIC.LTD.STI..;DENİZ KÖŞKLER MAH.TUNAY SOK.MURAT APT.NO.28/1 AVCILAR İSTANBUL;(212) 6946666;www.armakmakine.com;armakmakine.com;TET - Elektrik ve Elektronik İhracatçıları Birliği
TEMAS BİLGİ VE GÖRSEL İLETİŞİM TEKNOLOJİLERİ LTD.ŞTİ.;ESENŞEHİR MAH. BAŞARI SOK.NO: 14\1 YUKARIDUDULLU ÜMRANİYE İSTANBUL;(216) 3145454;www.temasteknoloji.com;temasteknoloji.com;TET - Elektrik ve Elektronik İhracatçıları Birliği
ASİS OTOMASYON VE AKARYAKIT SİSTEMLERİ A.Ş.;AKİF İNAN SK. NO:14 TATLISU 34760 ÜMRANİYE İSTANBUL;(216) 5406464;www.asis.com.tr;asis.com.tr;TET - Elektrik ve Elektronik İhracatçıları Birliği
MTM ELEKTRIK ANONİM ŞİRKETİ;ALTINŞEHİR MAH. ŞENEL CAD. NO.100 YUKARIDUDULLU ÜMRANİYE İSTANBUL;(216) 5234900;www.mtmltd.com.tr;mtmltd.com.tr;TET - Elektrik ve Elektronik İhracatçıları Birliği
TİTAN BİNA ELETRONİK SİST.TEK.SAN. VE TİC. A.Ş.;PIYADE SOK.C BLOK 1-2-3 DAIRE. ÇANKAYA ANKARA;03124407966;www.titanbt.com;titanbt.com;TET - Elektrik ve Elektronik İhracatçıları Birliği
SMART GÜNEŞ ENERJİSİ TEKNOLOJİLERİ ARAŞTIRMA GELİŞTİRME ÜRETİM SANAYİ VE TİCARET ANONİM ŞİRKETİ;ENERGY PLAZA FERAGAT SOKAK NO:2 İÇKAPI NO:6-RÜZGARLIBAHÇE MAH. KAVACIK BEYKOZ İSTANBUL;(262) 6737100;https://smartsolar.com.tr/;smartsolar.com.tr;TET - Elektrik ve Elektronik İhracatçıları Birliği
AKKİM ENERJİ İÇ VE DIŞ TİCARET LİMİTED ŞİRKETİ;ESENTEPE MAH. MİLANGAZ CAD. DUMANKAYAVİZYON RESİDANS NO.77 K.31 D.216 KARTAL İSTANBUL;(216) 2901410;www.akkimenerji.com.tr;akkimenerji.com.tr;TET - Elektrik ve Elektronik İhracatçıları Birliği
ELPANEL ELEKTRİK TAAH. SAN. TİC. LTD. ŞTİ.;İOSB ESKOOP SAN. SİT. B-1 BLOKNO:59/61/63/65/67/69 BAŞAKŞEHİR İSTANBUL;(212) 5495020;www.elpanel.com.tr;elpanel.com.tr;TET - Elektrik ve Elektronik İhracatçıları Birliği
D MED GRUP MEDİKAL ÜRÜNLER SANAYİ VE TİCARET LİMİTED ŞİRKETİ;ÜÇEVLER MAH. 70. SK. IBRAHIM YAZICI PLAZA 1 NO: 1 İÇ KAPI NO: 29 NİLÜFER BURSA;(224) 0000000;http://www.dmedgroups.com;dmedgroups.com;TET - Elektrik ve Elektronik İhracatçıları Birliği
ESİT ELEKTRONİK ANONİM ŞİRKETİ;NİŞANTEPE MAH. GELİN ÇİÇEĞİ SOK. NO:36 ÇEKMEKÖY İSTANBUL;(216) 5851818;www.esit.com.tr;esit.com.tr;TET - Elektrik ve Elektronik İhracatçıları Birliği
AKFİL ELEKTRİK TAAH.SAN.DIŞ.TİC.LTD.ŞTİ.;BARBAROS MAH.AKZAMBAK SOK. UPHİLL TOWER A BLOKKAT:10/57 ATAŞEHİR İSTANBUL;(212) 5010300;www.akfilltd.com.tr;akfilltd.com.tr;TET - Elektrik ve Elektronik İhracatçıları Birliği
TUBİTAK BİLİŞİM VE BİLGİ GÜVENLİĞİ İLERİ TEKNOLOJİ ARAŞTIRMA MERKEZİ;DR. ZEKİ ACAR CAD., NO:1, TR-41470 BARIŞ 41470 GEBZE, KOCAELI, TÜRKİYE GEBZE KOCAELİ;(262) 6481000;www.bilgem.tubitak.gov.tr;bilgem.tubitak.gov.tr;TET - Elektrik ve Elektronik İhracatçıları Birliği
EMIN ELEKTRIK MAK.INŞ.SAN.VE TİC.LTD.ŞTİ.;BOYA VE VERNİK ORG.SAN.BÖLG.TEM Y.YOL ÜZERİ BATIYAN CAD. NO.3/B K.3 TUZLA İSTANBUL;(216) 5931100;www.eminelektrik.net;eminelektrik.net;TET - Elektrik ve Elektronik İhracatçıları Birliği
YAKLAŞIM MAKİNA SAN. VE TİC. LTD. ŞTİ.;İ.O.S.B. ESKOOP SAN. SİT. C1 BLOK NO:8-10-12 BAŞAKŞEHİR İSTANBUL;(212) 6715455;www.baroxhbo.com.tr;baroxhbo.com.tr;TET - Elektrik ve Elektronik İhracatçıları Birliği
KARDEŞ ELEKTRİK SANAYİ VE TİCARET A.Ş.;YASSIÖREN MAH. FİFA SOK. NO.4 ARNAVUTKÖY İSTANBUL;02126249204;www.kardeselektrik.com.tr;kardeselektrik.com.tr;TET - Elektrik ve Elektronik İhracatçıları Birliği
OKTEL EMAYE BOBİN TELLERİ END. KABLO ELEK. MOTOR. VE YAN MALZ. SAN. VE TİC. A.Ş.;BURSA ORG. SANAYİ BÖLGESİ GRİ CAD.MİLAS SOKAK NO:18 NİLÜFER BURSA;(224) 5320999;www.oktelemaye.com;oktelemaye.com;TET - Elektrik ve Elektronik İhracatçıları Birliği
PROTED PROTEZ ORTEZ ANONİM ŞİRKETİ;İVEDİK OSB MELİH GOKÇEK BULVARI, PROTED PARK 151/49 YENİMAHALLE ANKARA;(312) 3947575;www.protedglobal.com;protedglobal.com;TET - Elektrik ve Elektronik İhracatçıları Birliği
DELTA-TEMA ELEKT.TAAH.SAN.VE TIC.A.S.;BANKALAR CAD. YANIKKAPI SOK.NO.19 BEYOĞLU İSTANBUL;02122547826;www.deltatema.com.tr;deltatema.com.tr;TET - Elektrik ve Elektronik İhracatçıları Birliği
RICOH TURKEY BASKI ÇÖZÜMLERİ LİMİTED ŞİRKETİ;BÜYÜKDERE CAD.TORUN CENTER A BLOK NO:74 /181 MECİDİYEKÖY FULYA 34394 ŞİŞLİ, İSTANBUL, TÜRKİYE ŞİŞLİ İSTANBUL;(212) 3709600;www.ricoh.com.tr;ricoh.com.tr;TET - Elektrik ve Elektronik İhracatçıları Birliği
NESER KABLO PANO ELEKTRİK TAAHHÜT MÜHENDİSLİK SERVİS TURİZM TAŞIMACILIK SAN. VE TİC.LTD.ŞTİ.;ORGANİZE SAN. BÖLGESİ TURUNCU CADDE NO:2/A NİLÜFER BURSA;(224) 4435548;www.neserpano.com.tr;neserpano.com.tr;TET - Elektrik ve Elektronik İhracatçıları Birliği
EXAVOLT ENERJİ VE MÜHENDİSLİK ANONİM ŞİRKETİ;İKİTELLİ OSB MAHALLESİ SEFAKÖY 4.BLOK SOK.SEFAKÖY SAN SİTESİ 4. BLOK NO:23 BAŞAKŞEHİR İSTANBUL;(212) 0000000;http://www.exavoltenergy.com;exavoltenergy.com;TET - Elektrik ve Elektronik İhracatçıları Birliği
V ONE TEKNOLOJI SANAYI VE TICARET LİMİTED ŞİRKETİ;HALIDE EDIP ADIVAR MH.AKAR CD.VOGUE BLOK NO:40/19 ŞİŞLİ İSTANBUL;(212) 8433876;http://www.vone.com.tr;vone.com.tr;TET - Elektrik ve Elektronik İhracatçıları Birliği
NETA ELEKTRONİK CİHAZLAR SANAYİ VE TİCARET ANONİM ŞİRKETİ;YUKARI DUDULLU ORG.SAN.BÖL. AND SANAYİ SITESİ N:18 ÜMRANİYE İSTANBUL;(216) 4204343;www.neta.com.tr;neta.com.tr;TET - Elektrik ve Elektronik İhracatçıları Birliği
PROFİTEC ENDÜSTRİ KALIP MAKİNA SAN. VE TİC. LTD. ŞTİ.;EVREN MAH.KOÇMAN CAD.EMRE SOK.N:3 BAĞCILAR İSTANBUL;(212) 6301001;www.profitec.pro;profitec.pro;TET - Elektrik ve Elektronik İhracatçıları Birliği
MIK-EL ELEKTRONIK SANAYI VE TICARET LTD.STI.;MATBAACILAR SITESI YOLU NO.56 BAĞCILAR İSTANBUL;02126292815;www.mik-el.com;mik-el.com;TET - Elektrik ve Elektronik İhracatçıları Birliği
YAVUZ PANO AYDINLATMA ELEKTRİK İNŞAAT SANAYİ VE TİCARET ANONİM ŞİRKETİ;CUMHURİYET MAH.SELİM SOK.N:3 ÇAYIROVA KOCAELİ;(262) 6581511;www.yavuzpano.com.tr;yavuzpano.com.tr;TET - Elektrik ve Elektronik İhracatçıları Birliği
FANUC TURKEY ENDÜSTRİYEL OTOMASYON TİCARET LİMİTED ŞİRKETİ;ŞERİFALİ MEVKİİ BARBAROS CAD. SÖYLEŞİ SOK. NO:23 B BLOK ÜMRANİYE İSTANBUL;(216) 6511408;www.fanuc.eu;fanuc.eu;TET - Elektrik ve Elektronik İhracatçıları Birliği
EMKO EĞİTİM ÇÖZÜMLERİ VE TEKNOLOJİLERİ ANONİM ŞİRKETİ;ÇAKMAKLI MAH.HADIMKÖY YOLU CAD.NO:75 BÜYÜKÇEKMECE İSTANBUL;(212) 8869920;www.emkoemaye.com;emkoemaye.com;TET - Elektrik ve Elektronik İhracatçıları Birliği
DADA EV ALETLER SAN.VE TIC.LTD.STI.;CİHANGİR MAH. DOLUM TESİSLERİ YOLU ŞEHİT PİYADE ONBAŞI MURAT ŞENGÖZ SOK. NO:6 AVCILAR İSTANBUL;(212) 4226322;www.dada.com.tr;dada.com.tr;TET - Elektrik ve Elektronik İhracatçıları Birliği
EMOTEK ELEKTROTEKNİK VE ENERJİ SİSTEMLERİ SANAYİ TİCARET ANONİM ŞİRKETİ;ESENKENT MAH.ATATÜRK CAD.DESSAN 115.SOK.C20 BLOK N:22 ÜMRANİYE İSTANBUL;(216) 4715880;www.emotek.com.tr;emotek.com.tr;TET - Elektrik ve Elektronik İhracatçıları Birliği
ORTEM ELEKTRONİK A.Ş.;MUALLİMKÖY MAH DENİZ CADDESİ N:143/6NO:636/B GEBZE KOCAELİ;(262) 6441000;www.ortem.com.tr;ortem.com.tr;TET - Elektrik ve Elektronik İhracatçıları Birliği
SOCAR ENERJİ TİCARET ANONİM ŞİRKETİ;AYAZAĞA MAH. AZERBAYCAN CAD. VADİSTANBUL -SOCAR PLAZA 1D BLOK NO: 3 E İÇ KAPI NO: 1 SARIYER İSTANBUL;(212) 3050000;socar.com.tr;socar.com.tr;TET - Elektrik ve Elektronik İhracatçıları Birliği
TENSE ELEKTRİK ELEKTRONİK SANAYİ TİCARET ANONİM ŞİRKETİ;MURATPAŞA MAH. ULUYOL CAD. İŞKENT SANAYİ SİTESİE F G BLOK NO: 29 E İÇ KAPI NO: 370 BAYRAMPAŞA İSTANBUL;(212) 5780438;http://tense.com.tr/;tense.com.tr;TET - Elektrik ve Elektronik İhracatçıları Birliği
METTLER TOLEDO TR ÖLÇÜM ALET. TİC. SAT. VE SERV HİZ. AŞ.;ALTUNİZADE MAH. HALUK TÜRKSOY SOK. NO:6 Z-1 ÜSKÜDAR İSTANBUL;(216) 4002020;www.mt.com;mt.com;TET - Elektrik ve Elektronik İhracatçıları Birliği
ŞANAL ISI SANAYİ VE TİCARET LİMİTED ŞİRKETİ;İNCEĞİZ YOLU KALEİÇİ MAHALLESİKANBACI MEVKİİ SOK. NO : 15 - A 34540 ÇATALCA İSTANBUL;(212) 7897030;www.sanalisi.com;sanalisi.com;TET - Elektrik ve Elektronik İhracatçıları Birliği
KLEPSAN KLAPE VANA ÖLÇÜ ALETLERİ SAN.TİC. LTD.ŞTİ.;ARAP CAMİ MAH. HOCA HANIM SK. İŞ YERİ NO:10/A PK-34555 BEYOĞLU İSTANBUL;(216) 7983745;www.klapsan.com;klapsan.com;TET - Elektrik ve Elektronik İhracatçıları Birliği
SAHRA KABLO SANAYİ TİCARET ANONİM ŞİRKETİ;EMEKYEMEZ MH.MÜRDÜM SOK.N:1 0 BEYOĞLU İSTANBUL;(212) 6341031;www.sahrakablo.com;sahrakablo.com;TET - Elektrik ve Elektronik İhracatçıları Birliği
AUTONİCS OTOMASYON TİC.LTD.ŞTİ.;ŞERİFALİ MAH. TÜRKER CAD. BURHAN SOK. NO.21/2 ÜMRANİYE İSTANBUL;(216) 3659113;www.autonics.com;autonics.com;TET - Elektrik ve Elektronik İhracatçıları Birliği
FORSCHNER KABLO SİSTEMLERİ ANONİM ŞİRKETİ;ISTIKLAL MH.ATATÜRK CAD.EKINSK. NO:4 KAT:2 ESENYURT İSTANBUL;02126896434;www.forschner.com.tr;forschner.com.tr;TET - Elektrik ve Elektronik İhracatçıları Birliği
TLS TEKNOLOJİ SİSTEMLERİ SANAYİ VE DIŞ TİCARET A.Ş.;AKÇABURGAZ MAH. 3080 SOK. NO:5 ESENYURT İSTANBUL;(212) 4442733;www.tdelektronik.com;tdelektronik.com;TET - Elektrik ve Elektronik İhracatçıları Birliği
ELSEL GAZ ARMATÜRLERI SAN.VE TIC.AŞ;ÇAVUŞOĞLU MAH. SEDDÜLBAHİR CAD. NO:49 KARTAL İSTANBUL;(216) 3064860;www.elsel.com.tr;elsel.com.tr;TET - Elektrik ve Elektronik İhracatçıları Birliği
BASH MEDİKAL LİMİTED ŞİRKETİ;TOMTOM MH.İSTİKLAL CD.BEYOĞLU IŞMR N.187/147 BEYOĞLU İSTANBUL;(212) 0000000;http://www.bashmedical.com;bashmedical.com;TET - Elektrik ve Elektronik İhracatçıları Birliği
MEDTECH TIBBİ ÜRÜNLER SAN. VE TİC. LTD. ŞTİ;KÜKÜRTLÜ MAH. OULU CAD. OYLUM GÖKBERK APT.F BLOK 17-10 OSMANGAZİ BURSA;(224) 2343419;www.med-tech.com.tr;med-tech.com.tr;TET - Elektrik ve Elektronik İhracatçıları Birliği
BBM PANO MÜHENDİSLİK SANAYİİ TİCARET LİMİTED ŞİRKETİ;ADNAN KAHVECI MAH/SEMT BÜYÜKDERE CAD. SIRIN SANAYI SIT. B-10 NO: 22 IÇ KAPI NO: 5 34520 BEYLİKDÜZÜ İSTANBUL;(212) 2948226;www.bbmpano.com;bbmpano.com;TET - Elektrik ve Elektronik İhracatçıları Birliği
SMART LED AYDINLATMA VE ENERJİ TEKNOLOJİLERİ SAN. VE TİC. LTD. ŞTİ.;DERİ OSB MAH. TUŞE SOKAK NO:6/A TUZLA İSTANBUL;(216) 3949229;www.smartledteknoloji.com;smartledteknoloji.com;TET - Elektrik ve Elektronik İhracatçıları Birliği
TEMİZ SERİGRAFİ PLASTİK MONTAJ İMALAT MET İNŞ.LTD.ŞTİ.;MURADİYE SAN.BÖLG.İNÖNÜ MAH.32.SOK.NO.11MANİSA MERKEZ MANİSA;(236) 2140427;www.temizserigrafi.com;temizserigrafi.com;TET - Elektrik ve Elektronik İhracatçıları Birliği
VTEK ELEKTRİK İTHALAT İHRACAT SANAYİ VE TİCARET LİMİTED ŞİRKETİ;MERKEZ MAHALLESİ ALDEMİR ÇIKMAZI SOKAK NO:6/3 GAZİOSMANPAŞA İSTANBUL;(212) 5440004;www.vteke.com.tr;vteke.com.tr;TET - Elektrik ve Elektronik İhracatçıları Birliği
NOVALUX AYDINLATMA SAN. VE TİC. A.Ş.;DEFTERDAR MAH. OTAKÇILAR CAD. HAS-ON TİCARET MERKEZİ NO:70/A EYÜP İSTANBUL;(212) 6133686;www.novalux.com.tr;novalux.com.tr;TET - Elektrik ve Elektronik İhracatçıları Birliği
NERGIZ KABLO VE PLASTIK SANAYI VE TICARET LTD.STI.;DUDULLU O.S.B.2. CAD. NO:26 K:1/A ÜMRANİYE İSTANBUL;(216) 4206600;www.nergizkablo.com.tr;nergizkablo.com.tr;TET - Elektrik ve Elektronik İhracatçıları Birliği
SERVO MATIK ELEKTRONIK SISTEMLERİ SANAYİ VE TİCARET LİMİTED ŞİRKETİ;ORTABAYIR MAH. DEREBOYU CAD.NO:110-112 GÜLTEPE KAĞITHANE İSTANBUL;(212) 2112285;www.servomatik.com;servomatik.com;TET - Elektrik ve Elektronik İhracatçıları Birliği
KENT DAYANIKLI TÜKETİM MALLARI SANAYİ TİCARET LİMİTED ŞİRKETİ;VELİMEŞE ORG SAN. BÖL. BARAJ YOLU KÜME EVLER NO.9 ERGENE VELİMEŞE ÇORLU TEKİRDAĞ;02826745242;www.fiesta.com.tr;fiesta.com.tr;TET - Elektrik ve Elektronik İhracatçıları Birliği
ARTESIS TEKNOLOJI SIST.A.S.;KEMAL NEHROZOĞLU CAD.TEKNOPARK HIGHTECH BINA.K:3D10 GEBZE KOCAELİ;02626788860;www.artesis.com;artesis.com;TET - Elektrik ve Elektronik İhracatçıları Birliği
HICCOMPANY ENDÜSTRİYEL ENERJİ İNŞAAT SAN. TİC. A.Ş.;FULYA MAH.ORTAKLAR CAD.DENİZHAN SOK ALİŞAR APT.NO:4-6 KAT 3 D.4 ŞİŞLİ İSTANBUL;(212) 8722293;www.hiccompany.com;hiccompany.com;TET - Elektrik ve Elektronik İhracatçıları Birliği
RAHME DIS TICARET İNŞAAT GIDA TEKSTİL VE TURİZM SANAYİ LİMİTED ŞİRKETİ;AKSARAY MAH.CERRAHPAŞA CAD.NO.1/6 FATİH İSTANBUL;(212) 5293780;www.rahmeticaret.com;rahmeticaret.com;TET - Elektrik ve Elektronik İhracatçıları Birliği
CENK METAL EŞYA KAPLAMA SAN. VE TİC. LTD. ŞTİ.;OSMANGAZİ MAH. BATTALGAZİ CAD. NO:16 SANCAKTEPE İSTANBUL;(216) 3112065;www.cenkmetal.com.tr;cenkmetal.com.tr;TET - Elektrik ve Elektronik İhracatçıları Birliği
KUPSAN HAYVANCILIK TIBBI MALZEMELER ORMAN ÜRÜNLERİ SANAYİ VE TİCARET ANONİM ŞİRKETİ;9 EYLÜL CAD. NO:8/1 GÖLCÜKLER MH. CUMAOVASI(MENDERES) İZMİR;(232) 7827400;www.kupsan.net;kupsan.net;TET - Elektrik ve Elektronik İhracatçıları Birliği
ZİLAN DIŞ TİC.LTD.ŞTİ.;MAHMUTBEY 2660 SOK.NO 23/31 BAĞCILAR İSTANBUL;(212) 6322323;www.zilan.com.tr;zilan.com.tr;TET - Elektrik ve Elektronik İhracatçıları Birliği
NİVAK İNŞAAT ANONİM ŞİRKETİ;ŞEHİT CENGİZ KARCIOĞLU SOK. NO.6GÜLBAHAR CAD. EVREN MAH. BAĞCILAR İSTANBUL;(212) 6967660;www.nivakgroup.com;nivakgroup.com;TET - Elektrik ve Elektronik İhracatçıları Birliği
MEDİCANA İNŞ.MATB.TEKS.TUR.GIDA EĞT.VE SĞL.HİZ.SAN.VE TİC.A.Ş.;İNKİLAP MAH DR FAZIL KÜÇÜK CAD NO 14/1 ÜMRANİYE İSTANBUL;(216) 6303737;www.medicana.com.tr;medicana.com.tr;TET - Elektrik ve Elektronik İhracatçıları Birliği
BCM ULUSLARARASI MADENCİLİK İNŞAAT SANAYİ VE TİCARET ANONİM ŞİRKETİ;TARABYA MH AHİ ÇELEBİ CD NO:12/1 SARIYER İSTANBUL;(212) 2261010;www.bcmholdingtr.com;bcmholdingtr.com;TET - Elektrik ve Elektronik İhracatçıları Birliği
PEDAŞ LED VE AYDINLATMA SİSTEMLERİ İÇ DIŞ TİC. LTD. ŞTİ.;MERVE MAH. NECİP FAZIL CAD. NO:6 SANCAKTEPE İSTANBUL;(216) 3643327;www.pedas.com.tr;pedas.com.tr;TET - Elektrik ve Elektronik İhracatçıları Birliği
FGC ELEKTRIK IC VE DIS TIC.LTD .STI.;EMEKYEMEZ MAH. OKÇUMUSA CAD.KAYAHAN NO:32 KAT:2 ŞİŞHANE BEYOĞLU İSTANBUL;(212) 2551863;www.fgc.com.tr;fgc.com.tr;TET - Elektrik ve Elektronik İhracatçıları Birliği
CET-SAN PLASTIK ELEKTRIK MALZ. SAN.VE TIC.LTD.STI.;İKİTELLİ O.S.B İPKAS SANAYİ SİT. 3 ETAP NO:A1-A2 İKİTELLİ BAŞAKŞEHİR İSTANBUL;02125494810;www.cet-san.com.tr;cet-san.com.tr;TET - Elektrik ve Elektronik İhracatçıları Birliği
EMA TESISAT VE ENDUSTRIYEL CIHAZLAR SANAYI VE TIC.A.S.;OTO SANAYI SITESI YEŞİLCE MAH.AYTEKIN SOK. NO:7 BEŞİKTAŞ İSTANBUL;(212) 2795159;www.ematesisat.com.tr;ematesisat.com.tr;TET - Elektrik ve Elektronik İhracatçıları Birliği
TUNÇMAK OTOMOTİV SAVUNMA SANAYİ VE TİCARET ANONİM ŞİRKETİ;KARAÇAM MAHALLESİ ŞEHİT RECEP DEMİR SK NO:1 GEYVE SAKARYA;(264) 2752970;http://www.tuncmak.com.tr;tuncmak.com.tr;TET - Elektrik ve Elektronik İhracatçıları Birliği
LAMPTIME ELEKTRİK ANONİM ŞİRKETİ;F. ÇAKMAK MH. BÜSAN 4 ORG.SAN. ÖZLEM CAD. NO:51 KARATAY KONYA;;www.lamatime.com.tr;lamatime.com.tr;TET - Elektrik ve Elektronik İhracatçıları Birliği
IMPERIUM GLOBAL SOLUTIONS ELEKTRİK MAKİNALARI DIŞ TİCARET İTHALAT VE İHRACAT LTD ŞTİ;CAMİKEBİR MAHALLESİ RIHTIM SOKAK NO:2/125 DÜZCE DÜZCE;;www.imperiumglobalsolutions.com;imperiumglobalsolutions.com;TET - Elektrik ve Elektronik İhracatçıları Birliği
KRK MEKATRONİK ELEKTRİK ELEKTRONİK SANAYİ VE TİCARET LİMİTED ŞİRKETİ;DUDULLU OSB MAH. DES 104 SOKAK A-08 BLOK NO:44 PK:34775 ÜMRANİYE/İSTANBUL ÜMRANİYE İSTANBUL;(216) 4444575;www.krk.com.tr;krk.com.tr;TET - Elektrik ve Elektronik İhracatçıları Birliği
DAĞGAZ ENERJİ SANAYİ ANONİM ŞİRKETİ;ARSLANBEY OSB. MAH. 8. SK. NO:7 KARTEPE KOCAELİ;(262) 3320342;www.daggaz.com;daggaz.com;TET - Elektrik ve Elektronik İhracatçıları Birliği
GES GENEL ELEKTRİK SİSTEMLERİ YAPIM VE MÜHENDİSLİK A.Ş.;GENÇLİK CAD. NO.35 MALTEPE ÇANKAYA ANKARA;03122318356;www.geselektrik.com.tr;geselektrik.com.tr;TET - Elektrik ve Elektronik İhracatçıları Birliği
PENTA TEKNOLOJİ ÜRÜNLERİ DAĞITIM TİCARET A.Ş.;DUDULLU O.S.B. 4. CADDE NO:1 ÜMRANİYE İSTANBUL;(216) 5280000;www.mersanet.com;mersanet.com;TET - Elektrik ve Elektronik İhracatçıları Birliği
BETA POWER ENERJİ ÇÖZÜMLERİ SANAYİ VE TİCARET LİMİTED ŞİRKETİ;MEHMET AKİF MAH. TAVUKÇU YOLU CADDESİNO:140/4 34760 ÜMRANİYE ÜMRANİYE İSTANBUL;(216) 5510202;www.betapower.com.tr;betapower.com.tr;TET - Elektrik ve Elektronik İhracatçıları Birliği
METSAN METAL AYDINLATMA UR.INS SAN.VE DIS TIC.LTD.STI.;ÖMERLİ MAH. ÖZSÜMER SOK. NO.22 HADIMKÖY HADIMKÖY(BOYALIK) ARNAVUTKÖY İSTANBUL;(212) 7983535;www.metsanmetal.net;metsanmetal.net;TET - Elektrik ve Elektronik İhracatçıları Birliği
A.DÖKSAN DÖKÜM SANAYİ VE TİCARET A.Ş.;İSTANBUL DERİ ORGANİZE SANAYİ BÖLGESİ, FİKSE CADDESİ NO: 12 V-5 PARSEL TUZLA İSTANBUL;(216) 3948260;www.adoksan.com;adoksan.com;TET - Elektrik ve Elektronik İhracatçıları Birliği
BİR-ER ELEKTRİK SİSTEMLERİ MÜH.SAN.VE TİC.LTD.ŞTİ.;İCADİYE CAD. NO.72/2ÜSKÜDAR KUZGUNCUK ÜSKÜDAR İSTANBUL;(216) 4921960;www.birerelektirik.com;birerelektirik.com;TET - Elektrik ve Elektronik İhracatçıları Birliği
KARAN İLERİ TEKNOLOJİ ÜRÜNLERİ İTH. PAZAR. A.Ş.;ÇUBUKLU MAH. ORTANCA SOK. NO:15 BEYKOZ İSTANBUL;(216) 6804070;www.karanteknoloji.com.tr;karanteknoloji.com.tr;TET - Elektrik ve Elektronik İhracatçıları Birliği
AFS BIÇAK VE KALIP SANAYİ DIŞ TİCARET LİMİTED ŞİRKETİ;KOZA MH KOTCULAR SAN SİT 1676 SK NO:16/18/20/22/24/26 ESENYURT İSTANBUL;(212) 8760066;www.afs-tr.com;afs-tr.com;TET - Elektrik ve Elektronik İhracatçıları Birliği
SELTEK MAKİNA MÜHENDİSLİK MÜMESSİLLİK TAAHHÜT SANAYİ VE TİCARET ANONİM ŞİRKETİ;MECLİS MAH. TERAZİLER CAD. PERPİM SAN. SİT. A BLOK NO:25 SANCAKTEPE İSTANBUL;(216) 3655139;www.seltek.com;seltek.com;TET - Elektrik ve Elektronik İhracatçıları Birliği
GİRİŞİM ELEKTRİK SANAYİ TAAHHÜT VE TİCARET A.Ş.;SARAY MAH. ATOM CAD. NO:15 KAZAN ALTINDAĞ ANKARA;03123090344;www.girisimelek.com.tr;girisimelek.com.tr;TET - Elektrik ve Elektronik İhracatçıları Birliği
TELAS LASTİK SANAYİ VE TİCARET ANONİM ŞİRKETİ;DELİKLİKAYA MAHALLESİ KİTABE CADDESİ NO: 13-19İÇ KAPI NO: 1 ARNAVUTKÖY ARNAVUTKÖY İSTANBUL;(212) 4854801;www.telas.com.tr;telas.com.tr;TET - Elektrik ve Elektronik İhracatçıları Birliği
ERG ERGÜN KABLO ELEK. MALZ. İMAL. İNŞ. SANAYİ VE TİCARET LİMİTED ŞİRKETİ;YAYLA MAHALLESİ VATAN CAD. B2 NO:72/5 D.3 TUZLA İSTANBUL;(216) 3959737;http://www.ergunkablo.com;ergunkablo.com;TET - Elektrik ve Elektronik İhracatçıları Birliği
EGE KABLO ENDÜSTRİ MALZEMELERİ SANAYİ VE TİCARET A.Ş.;FEVZİ ÇAKMAK MAH. MANİSA CAD. NO:95 MURADİYE MANİSA MANİSA;(236) 2468285;www.egekablo.com;egekablo.com;TET - Elektrik ve Elektronik İhracatçıları Birliği
REANİMED TEKNİK VE TIBBİ SİSTEMLER SANAYİ VE TİCARET ANONİM ŞİRKETİ;KÖŞKLÜ ÇEŞME MAH. YENİ BAĞDAT CAD.NO.126 ÜMRANİYE İSTANBUL;(262) 6469129;www.reanimed.com;reanimed.com;TET - Elektrik ve Elektronik İhracatçıları Birliği
TEKMIL TIBBI ARAC VE GERECLER TICARET VE SANAYI LTD.STI.;INONU MAH.CAYIR SOK. NO: 43 HARBİYE ŞİŞLİ İSTANBUL;(212) 2337837;www.tekmil.com.tr;tekmil.com.tr;TET - Elektrik ve Elektronik İhracatçıları Birliği
ÖZ DİRENÇ SANAYİ VE TİCARET LİMİTED ŞİRKETİ;LACIVERT CADDE NO 6 NİLÜFER BURSA;(224) 2429133;www.ozdirenc.com;ozdirenc.com;TET - Elektrik ve Elektronik İhracatçıları Birliği
ATAŞ ANKARA TRAFO ENERJİ ANONİM ŞİRKETİ;MALIKÖY ANADOLU OSB MAHALLESİ ANADOLU OSB 8 CADDESİ NO:29 SİNCAN ANKARA;(312) 3959584;http://www.ankaratrafo.com.tr;ankaratrafo.com.tr;TET - Elektrik ve Elektronik İhracatçıları Birliği
BOTECH ELEKTRONIK SAN. VE TIC. A.Ş.;ADIL MAH DEMOKRASI CAD N:19 SULTANBEYLİ İSTANBUL;02165926030;www.botech.com.tr;botech.com.tr;TET - Elektrik ve Elektronik İhracatçıları Birliği
AK-SA OTOMOTİV SAN.VE TİC.A.Ş.;IKITELLI ORG.SAN.BÖLG.TORMAK SAN.SIT.J BLOK NO.7 KÜÇÜKÇEKMECE İSTANBUL;02124858850;www.aksaotomotiv.com;aksaotomotiv.com;TET - Elektrik ve Elektronik İhracatçıları Birliği
KALİTE ENDÜSTRİYEL MUTFAK EKİPMANLARI SAN. VE TİC. LTD. ŞTİ.;İKİTELLİ OSB MH ATATÜRK BULVARI SÜRMELİ İS MERKEZİ NO:108 B:32 BAŞAKŞEHİR İSTANBUL;(212) 6719934;www.kalitegaz.com;kalitegaz.com;TET - Elektrik ve Elektronik İhracatçıları Birliği
TAKİPSAN BİLİŞİM TEKNOLOJİLERİ SAN. VE TİC. A.Ş.;FATİH MAHALLESİ, 1198 SOKAK NO: 1/A SARNIÇ GAZİEMİR İZMİR;(232) 4363676;www.takipsan.com;takipsan.com;TET - Elektrik ve Elektronik İhracatçıları Birliği
BİRTAŞ ELEKTRİK KABLO SAN. VE TİC. LTD. ŞTİ.;ÜÇEVLER MAH 69/220/SK KÜÇÜK SANAYİ SİTESİ 12NLU BAĞIMSIZ APT 9/1 NİLÜFER BURSA;(224) 4436581;www.birtaskablo.com.tr;birtaskablo.com.tr;TET - Elektrik ve Elektronik İhracatçıları Birliği
BAGÜ TEKNOLOJİ SAN. TİC. AŞ;KEYAP SIT.E 2 BLOK.NO.86 ÜMRANİYE İSTANBUL;(216) 3139200;www.optimumreklam.com;optimumreklam.com;TET - Elektrik ve Elektronik İhracatçıları Birliği
ÖZCAN KARDEŞLER TIP CİHAZLARI SAN.VE TİC.LTD.ŞTİ.;ACARLAR MAH.ACARKENT SİTESİ 2.CAD.N:20 C:236 VİLLA BEYKOZ İSTANBUL;(212) 4854501;www.ozcankardesler.com;ozcankardesler.com;TET - Elektrik ve Elektronik İhracatçıları Birliği
SEGMENT BİLGİSAYAR DIŞ TİCARET ANONİM ŞİRKETİ;KUŞTEPE MAH. ŞEHİT ER CİHAN NAMLI CD. NO:79/B ŞİŞLİ İSTANBUL;02122666290;www.segment.com.tr;segment.com.tr;TET - Elektrik ve Elektronik İhracatçıları Birliği
ÖNDER KABLO SANAYİ VE TİCARET LİMİTED ŞİRKETİ;AKCABURGAZ MAH. 3032 SOK. N0.11 ESENYURT ESENYURT İSTANBUL;(212) 8867577;www.onderkablo.com.tr;onderkablo.com.tr;TET - Elektrik ve Elektronik İhracatçıları Birliği
KROMLUKS MUTFAK CIHAZLARI İMALAT VE TICARET ANONİM ŞİRKETİ;ORGANİZE SANAYİ BÖLGESİ UYGURLAR CADDESİ NO.:8 SİNCAN ANKARA;(312) 2670276;www.kromluks.com;kromluks.com;TET - Elektrik ve Elektronik İhracatçıları Birliği
DORTLER KABLO SANAYI TICARET LTD.STI.;TOKAT OSB 1.CAD. 4.SOK. NO.3 TURHAL TOKAT;03562752703;www.dortlerkablo.com.tr;dortlerkablo.com.tr;TET - Elektrik ve Elektronik İhracatçıları Birliği
LAMP 83 AYDINLATMA SAN.VE TİC. A.Ş.;DUDULLU ORGANİZE SANAYİ BÖLGESİ2. CADDE NO:22 YUKARIDUDULLU ÜMRANİYE İSTANBUL;(850) 4338383;www.lamp83.com.tr;lamp83.com.tr;TET - Elektrik ve Elektronik İhracatçıları Birliği
ARMA KONTROL SİSTEMLERİ İTH.İHR.VE MAK.SAN.TİC.LTD.ŞTİ.;İKİTELLİ ORGANİZE SANAYİ BÖLGESİ ESKOOP SANAYİ SİTESİ D1-12/30 İKİTELLİ BAŞAKŞEHİR İSTANBUL;(212) 2227500;www.armakontrol.com;armakontrol.com;TET - Elektrik ve Elektronik İhracatçıları Birliği
BROTHER INTERNATIONAL GULF FZE MERKEZİ DUBAİ TÜRKİYE İST. ŞUBESİ;YENİ HAL YOLU CADDESİ ÇAYIRYOLU SOKAKBAY PLAZA NO:5 İ ERENKÖY KADIKÖY İSTANBUL;(216) 5776817;www.brother.com.tr;brother.com.tr;TET - Elektrik ve Elektronik İhracatçıları Birliği
VAT ELEKTRİK SANAYİ VE TİCARET LİMİTED ŞİRKETİ;ORGANİZE SANAYİ BÖLGESİ ESKİ TURGUT ÖZAL CAD NO. 31/1 BAŞAKŞEHİR İSTANBUL;(212) 5494118;www.vatpan.com;vatpan.com;TET - Elektrik ve Elektronik İhracatçıları Birliği
SARUHAN MAKİNA VE ELEKTRİKLİ EV EŞYALARI SANAYİ TİCARET ANONİM ŞİRKETİ;MEŞRUTİYET CAD.NO:43 TEPEBAŞI BEYOĞLU İSTANBUL;(212) 2497069;www.saruhan.com.tr;saruhan.com.tr;TET - Elektrik ve Elektronik İhracatçıları Birliği
PROSENSE TEKNOLOJİ SANAYİ ANONİM ŞİRKETİ;YUKARI MAH.HARMAN SOK.N:42 KARTAL İSTANBUL;(216) 3873319;www.isttek.com;isttek.com;TET - Elektrik ve Elektronik İhracatçıları Birliği
CAN MAKİNA ELEKTRİK VE İNŞAAT SANAYİ TİCARET ANONİM ŞİRKETİ;AYDINTEPE MAH.TERSANELER BÖLG.G/50.SOK.NO.12 TUZLA İSTANBUL;02164943094;www.canelektrik.com;canelektrik.com;TET - Elektrik ve Elektronik İhracatçıları Birliği
INFIN BILGISAYAR TICARET ANONİM ŞİRKETİ;MERKEZ MAH. ERSEVEN SOK. NO: 8 KAĞITHANE İSTANBUL;(212) 3312121;www.index.com.tr;index.com.tr;TET - Elektrik ve Elektronik İhracatçıları Birliği
AKSA İÇ VE DIŞ TİCARET LİMİTED ŞİRKETİ;ZİYA GÖKALP MH SÜLEYMAN DEMİREL BULVARI THE RESİDENCE A BLOK NO:7A OFİS 5 BAŞAKŞEHİR İSTANBUL;;www.aksaglobal.com.tr;aksaglobal.com.tr;TET - Elektrik ve Elektronik İhracatçıları Birliği
ZENİT LED VE AYDINLATMA TEKNOLOJİLERİ REKLAMCILIK SAN.VE TİC.A.Ş.;AYDINLI MAH.DERİ ORG.SAN.BÖL.MAH.YAN SAN.CAD. DERİ OSB.SİT.YA-11-NO:17/1/2 AYDINLI TUZLA İSTANBUL;(216) 5910035;www.zenitled.com.tr;zenitled.com.tr;TET - Elektrik ve Elektronik İhracatçıları Birliği
NETPA ELEKTRONİK TİCARET VE PAZARLAMA ANONİM ŞİRKETİ;YUKARI DUDULLU ORG.SAN.BOL.AND SANAYI SITESI NO.18 ÜMRANİYE İSTANBUL;(216) 4204343;www.neta.com.tr;neta.com.tr;TET - Elektrik ve Elektronik İhracatçıları Birliği
AKIŞ SİSTEM ELEKTRİK ELEKTRONİK PANO BİLGİ İŞLEM SANAYİ İTHALAT VE İHRACAT LİMİTED ŞİRKETİ;POLATLI ORGANİZE SANAYİ BÖLGESİ 202.CADDE NO.24 ÇEKİRDEKSİZ POLATLI ANKARA;;www.akissistem.com;akissistem.com;TET - Elektrik ve Elektronik İhracatçıları Birliği
VENTA ENERJİ LİMİTED ŞİRKETİ;İNÖNÜ MAH. TOLGA CAD. NO:44/A-B KÜÇÜKÇEKMECE İSTANBUL;(212) 5488812;www.ventaenerji.com;ventaenerji.com;TET - Elektrik ve Elektronik İhracatçıları Birliği
IŞILDAR İÇ VE DIŞ TİCARET LTD.ŞTİ.;İKİTELLİ ORG. SAN. BÖLGESİ İPKAS SAN. SİT.3.ETAP B BLOK NO:9 İKİTELLİ BAŞAKŞEHİR İSTANBUL;(212) 5495394;www.isildar.eu;isildar.eu;TET - Elektrik ve Elektronik İhracatçıları Birliği
TÜRKSAT UYDU HABERLESME KABLO TV VE ISLT.A.S.;KONYA YOLU 40.KM ÇANKAYA ANKARA;(312) 9253000;www.turksat.com.tr;turksat.com.tr;TET - Elektrik ve Elektronik İhracatçıları Birliği
ÇAMLICA AMBALAJ SAN. TİC. LTD. ŞTİ.;SOĞUKPINAR MAH. KARTAL SK. GESSAT NO:6/1 ÇEKMEKÖY İSTANBUL;(216) 6126612;www.gessat.com.tr;gessat.com.tr;TET - Elektrik ve Elektronik İhracatçıları Birliği
PROOF ENERJİ SANAYİ VE TİCARET A.Ş.;MANSUROĞLU MAH. 295/2 SOKAK EGE SUN PLAZA NO:1/1 İÇ KAPI NO:18 BAYRAKLI İZMİR;(232) 3280000;http://www.proofenerji.com;proofenerji.com;TET - Elektrik ve Elektronik İhracatçıları Birliği
ARTEN GLOBAL ELEKTRİK SANAYİ VE DIŞ TİCARET LİMİTED ŞİRKETİ;ABDURRAHMAN NAFİZ GÜRMAN MAH. METE SOKAK 17B GÜNGÖREN İSTANBUL;(850) 3727262;www.artenglobal.com;artenglobal.com;TET - Elektrik ve Elektronik İhracatçıları Birliği
ESALBA METAL SANAYİ VE TİCARET ANONİM ŞİRKETİ;ESKİŞEHİR O.S.B. 21. CAD. NO.8 ODUNPAZARI ESKİŞEHİR;(222) 2362150;www.esalba.com.tr;esalba.com.tr;TET - Elektrik ve Elektronik İhracatçıları Birliği
YÜKSEL ELEKTRO TEKNİK SAN. VE TİC.LTD.ŞTİ.;BATTAL GAZİ MAH.BASRA CAD.NO 16-22 SULTANBEYLİ İSTANBUL;(216) 5929800;www.next.com.tr;next.com.tr;TET - Elektrik ve Elektronik İhracatçıları Birliği
ATES NEON REKLAMCILIK ELEKTRİK ELETRONİK VE DIS TIC.LTD.STI.;MAHMUT SEVKET PASA MAHALLESI SAHINKAYA SOK NO 24 SISLI MAHMUT SEVKET PASA 34384 ŞİŞLİ, İSTANBUL, TÜR ŞİŞLİ İSTANBUL;(212) 2542558;www.atesneon.com;atesneon.com;TET - Elektrik ve Elektronik İhracatçıları Birliği
EUROPHİA ELEKTRİK MALZEMELERİ SANAYİ VE TİCARET LİMİTED ŞİRKETİ;VARYAP MERIDYEN SITESI A BLOK NO:2/233 BARBAROS 34758 ATAŞEHİR ATAŞEHİR İSTANBUL;(216) 5146868;www.europhiaelektrik.com;europhiaelektrik.com;TET - Elektrik ve Elektronik İhracatçıları Birliği
DİNAMİK PRES DÖKÜM SANAYİ VE TİCARET LTD.ŞTİ.;CUMHURİYET MH. KARTAL CD. NO:101/1 KARTAL İSTANBUL;(216) 5408493;www.dinamikpres.com;dinamikpres.com;TET - Elektrik ve Elektronik İhracatçıları Birliği
ENDRESS HAUSER ELEKTRONİK SAN.VE TİC.A.Ş.;BÜYÜKDERE CAD. NO:103/A ŞARLI İŞMERKEZİ K:8 MECİDİYEKÖY ŞİŞLİ İSTANBUL;(212) 2751355;www.tr.endress.com;tr.endress.com;TET - Elektrik ve Elektronik İhracatçıları Birliği
KIRAC METAL URUNLERI SANAYİ VE TICARET LİMİTED SİRKETI;ORG. SAN. BÖL. SEHITLER BLV. 15. CAD.NO.21 ODUNPAZARI ESKİŞEHİR;02222361500;www.kiracgroup.com;kiracgroup.com;TET - Elektrik ve Elektronik İhracatçıları Birliği
ETKİN TIBBİ CİHAZLAR SAN. VE TİC. A.Ş.;MİMAR SİNAN MAHALLESİ 1358 SOK NO:9/A KONAK /İZMİR ALSANCAK KONAK İZMİR;(232) 4640020;www.etkintibbi.com;etkintibbi.com;TET - Elektrik ve Elektronik İhracatçıları Birliği
MİLVEST AKARYAKIT FİNANS VE DIŞ TİCARET A.Ş;BALMUMCU ITRİ SOKAK NO:46 BEŞİKTAŞ İSTANBUL;(212) 0000000;http://millerholding.com;millerholding.com;TET - Elektrik ve Elektronik İhracatçıları Birliği
REZİSTÜRK ELEK.VE GÜÇ DİRENÇLERİTİC.VE SAN.LTD.ŞTİ.;KARTEPE K.SANAYİ SİTESİ C/76 TEPECİK İZMİT KOCAELİ;(262) 3237545;www.resisturk.com;resisturk.com;TET - Elektrik ve Elektronik İhracatçıları Birliği
MEBUSA DIŞ TİCARET A.Ş.;MERKEZ MH AKAR CD NO:3 İTOWER PLAZA KAT:9/59 ŞİŞLİ İSTANBUL;(212) 8772415;www.mebusaexport.com;mebusaexport.com;TET - Elektrik ve Elektronik İhracatçıları Birliği
İNOKSAN SATIŞ PAZARLAMA SANAYİ VE TİCARET A.Ş.;YENİ YALOVA YOLU 6.KM NO:415 / D OSMANGAZİ BURSA;(224) 2947474;www.inoksan.com;inoksan.com;TET - Elektrik ve Elektronik İhracatçıları Birliği
YENİ SÜPER GAZ SANAYİ VE TİCARET LİMİTED ŞİRKETİ;İKİTELLİ OSB MH ESKİ TURGUT ÖZAL CD NO:4 B BLOK NO:404 BAŞAKŞEHİR İSTANBUL;(212) 2544444;www.iceinox.com;iceinox.com;TET - Elektrik ve Elektronik İhracatçıları Birliği
İNOKSAN MUTFAK SANAYİ VE TİCARET A.Ş.;IŞINTEPE OSB MH. EFLATUN CD. NO:5 NİLÜFER BURSA;(224) 2436123;www.inoksan.com.tr;inoksan.com.tr;TET - Elektrik ve Elektronik İhracatçıları Birliği
CEN KABLO SAN. VE TIC.A.S.;GEPOSB. İNÖNÜ MAH. 13. CADDE NO:1 Z1 GEBZE KOCAELİ;02627513585;www.cenkablo.com.tr;cenkablo.com.tr;TET - Elektrik ve Elektronik İhracatçıları Birliği
CONRAD MÜHENDİSLİK SANAYİ VE TİCARET LİMİTED ŞİRKETİ;İDEALTEPE MAH. DENİZCİLER CAD. NO:23 34841 İDEALTEPE 34841 MALTEPE İSTANBUL;(216) 3701341;https://conraddedektor.com/;conraddedektor.com;TET - Elektrik ve Elektronik İhracatçıları Birliği
KOMAX TESTING TÜRKIYE TEST SİSTEMLERİ SANAYİ LİMİTED ŞİRKETİ;KARAMEHMET MAH. AVRUPA SERBEST BÖLGESİ 9. SOK NO:9 BÖLGESİ 9.SOK NO:09 ERGENE TEKİRDAĞ;;https://www.t-s-k.de/;t-s-k.de;TET - Elektrik ve Elektronik İhracatçıları Birliği
CREATIVITY DIŞ TİCARET LİMİTED ŞİRKETİ;ATAKÖY 7-8-9-10. KISIM MAHALLESİ ÇOBANÇEŞME E-5 YAN YOL CADDESİ NO:16/1/87 BAKIRKÖY İSTANBUL;(212) 8017406;www.creativityltd.com;creativityltd.com;TET - Elektrik ve Elektronik İhracatçıları Birliği
ERTA ELEKTROMEKANIK IMALAT SANAYI VE TICARET A.Ş.;AYAZAĞA MAHALLESİ CENDERE YOLU KEMERBURGAZ CADDESİ NO:59 AYAZAĞA ŞİŞLİ İSTANBUL;(212) 2890099;www.erta.com.tr;erta.com.tr;TET - Elektrik ve Elektronik İhracatçıları Birliği
UĞUR TÜRKYURT ALÇAK VE YÜKSEK GERİLİM ELEKTRİK MALZEMELERİ İMALAT TİCARET ANONİM ŞİRKETİ;DUDULLU ORGANİZE SANAYİ BÖLGESİ 2. CADDE NO:12 YUKARIDUDULLU ÜMRANİYE İSTANBUL;(216) 3641095;www.ugurturkyurt.com;ugurturkyurt.com;TET - Elektrik ve Elektronik İhracatçıları Birliği
VONTECH ELEKTRONİK VE TİCARET LİMİTED ŞİRKETİ;BEYLİKDÜZÜ OSB MAH. BİRLİK SAN. SİTESİ 2. CAD. NO:79 BEYLİKDÜZÜ İSTANBUL;(212) 8750421;www.vontech.com.tr;vontech.com.tr;TET - Elektrik ve Elektronik İhracatçıları Birliği
HETA OTOMASYON MAKİNA LİMİTED ŞİRKETİ;KURUÇEŞME MH BUĞDAY SK NO:10/5 BEŞİKTAŞ İSTANBUL;(212) 0000000;http://heta.com.tr;heta.com.tr;TET - Elektrik ve Elektronik İhracatçıları Birliği
EEC ENTEGRE BİNA KONTROL SİSTEMLERİ SANAYİ VE TİCARET ANONİM ŞİRKETİ;H. Z. TÜRKKAN SOK. FAMAS PLAZA A16 OKMEYDANIPLAZA A BLOK KAT:8 D:19 ŞİŞLİ İSTANBUL;02123201626;www.eec.com.tr;eec.com.tr;TET - Elektrik ve Elektronik İhracatçıları Birliği
TML İNŞAAT ANONİM ŞİRKETİ;FATİH SULTAN MEHMET CAD.NO.33KAVACIK BEYKOZ İSTANBUL;(216) 4133339;www.tml.com.tr;tml.com.tr;TET - Elektrik ve Elektronik İhracatçıları Birliği
DAHUA GÜVENLİK TEKNOLOJİLERİ SAN.VE TİC.A.Ş.;BARBAROS MAH.BEGONYA SOK.NO.3 NİDAKULE ATAŞEHİR KUZEY KAT:21 ATAŞEHİR İSTANBUL;(216) 2450087;http://www.dahua-tr.com/;dahua-tr.com;TET - Elektrik ve Elektronik İhracatçıları Birliği
GRUNDFOS POMPA SAN.VE TIC. LTD.STI.;GEBZE ORG. SAN. BÖL. IHSAN DEDE CAD.2. YOL 200. SOK NO:204 GEBZE KOCAELİ;02626797900;www.grundfos.com.tr;grundfos.com.tr;TET - Elektrik ve Elektronik İhracatçıları Birliği
KAREN ELEKTRİK VE ENDÜSTRİYEL ÜRÜNLER DIŞ TİCARET LİMİTED ŞİRKETİ;HALİL RIFAT PAŞA MAHALLESİ YÜZER HAVUZ SOKAK PERPA TİCARET MERKEZİ B BLOK NO:1/1/950 ŞİŞLİ İSTANBUL;(212) 9390757;karenelektrik.com.tr;karenelektrik.com.tr;TET - Elektrik ve Elektronik İhracatçıları Birliği
FOREND ELEKTRİK MALZEMELERİ VE DIŞ TİCARET ANONİM ŞİRKETİ;HALASKARGAZİ CD ŞİŞLİ SARAYI APT NO:141 K:4/7 ŞİŞLİ ŞİŞLİ İSTANBUL;(212) 2915163;www.forend.com.tr;forend.com.tr;TET - Elektrik ve Elektronik İhracatçıları Birliği
MEDEK MEDIKAL URUNLER VE SAGLIK HIZM.A.S.;BAĞDAT CAD. NO:417 D.9 SUADİYE KADIKÖY İSTANBUL;(216) 3021580;www.medek.com.tr;medek.com.tr;TET - Elektrik ve Elektronik İhracatçıları Birliği
SAR MAKİNA SANAYİ VE TİCARET A. Ş.;KANUNİ SOK. NO:12 OSMANGAZİ41700 DARICA DARICA KOCAELİ;(262) 6539082;www.sarmakina.com.tr;sarmakina.com.tr;TET - Elektrik ve Elektronik İhracatçıları Birliği
ROTA MÜHENDİSLİK VE ENERJİ SİSTEMLERİ SANAYİ TİCARET ANONİM ŞİRKETİ;ŞERİFALİ MAH. ÇETİN CAD. KIZ KALESİ SOK. NO:1/A KAT:8 ÜMRANİYE İSTANBUL;(216) 5933111;www.rotaeng.com;rotaeng.com;TET - Elektrik ve Elektronik İhracatçıları Birliği
GÜÇEVİ JENERATÖR SAN.VE TİC.LTD.ŞTİ.;EMİN ALİ PAŞA CAD. BEYAZGUL SOK. SİNDEL APT. NO:2/1 SUADİYE SUADİYE KADIKÖY İSTANBUL;(216) 3131327;www.thepwrhouse.net;thepwrhouse.net;TET - Elektrik ve Elektronik İhracatçıları Birliği
ALERKAN IC VE DIS TIC.LTD.STI.;AKSU SOK. NO:7/2 ÇANKAYA ANKARA;(312) 4300480;www.spirometryfilter.com;spirometryfilter.com;TET - Elektrik ve Elektronik İhracatçıları Birliği
MKGS MORGAN KARBON GRAFIT SANAYI ANONİM ŞİRKETİ;OSMANGAZİ MAH. 2647 SK. NO:27/4 KIRAÇ ESENYURT İSTANBUL;(212) 6713287;www.morgancarbon.com;morgancarbon.com;TET - Elektrik ve Elektronik İhracatçıları Birliği
ASTRONERGY SOLAR PANEL ÜRETİM VE TİCARET ANONİM ŞİRKETİ;FATİH SULTAN MEHMET MAH. POLİGON CAD.BUYAKA 2 SİTESİ1 BLOK NO:8 A / 66 ÜMRANİYE İSTANBUL;(216) 6210055;http://www.astronergy.com;astronergy.com;TET - Elektrik ve Elektronik İhracatçıları Birliği
ALCATEL LUCENT TELETAS TELEKOMUNIKASYON A.Ş.;O.S.B. 2. CAD. NO:17/1 ÜMRANİYE İSTANBUL;(216) 5792000;www.alcatel-lucent.com.tr;alcatel-lucent.com.tr;TET - Elektrik ve Elektronik İhracatçıları Birliği
SER ELEKTRIK OTOMASYON TICARET VE SANAYİ ANONİM ŞİRKETİ;HALİL RIFATPAŞA MAHALLESİ PERPA TİCARET MERKEZİ B-BLOK KAT:5 NO.139 OKMEYDANI ŞİŞLİ İSTANBUL;(212) 3246414;www.serelektrik.com.tr;serelektrik.com.tr;TET - Elektrik ve Elektronik İhracatçıları Birliği
İLKİM MAKİNA KALIP PLASTİK FIRÇA SANAYİ VE TİCARET A.Ş.;9222 SOK. NO.3/1 YAZIBAŞI 35875 TORBALI, İZMIR, TÜRKİYE YAZIBAŞI TORBALI İZMİR;(232) 7825467;www.ilkimplastik.com.tr;ilkimplastik.com.tr;TET - Elektrik ve Elektronik İhracatçıları Birliği
VESUVIUS İSTANBUL REFRAKTER SAN. TİC. A.Ş.;GEBZE ORG. SAN. BÖLGESİ MAH. 1700 SOK. NO.1074 ŞEKERPINAR-KOCAELİ KARTAL İSTANBUL;(262) 6770999;www.vesuvius.com;vesuvius.com;TET - Elektrik ve Elektronik İhracatçıları Birliği
AKIM METAL SANAYİ VE TİCARET ANONİM ŞİRKETİ;BEYLİKBAGI MAH. MEMİŞOGLU CAD.326/2 SOK.NO.4/A GEBZE KOCAELİ;(262) 7431492;www.akplas.com.tr;akplas.com.tr;TET - Elektrik ve Elektronik İhracatçıları Birliği
SARAC KABLO SAN.VE TIC.LTD.STI;PERPA TİC MRK. YÜZERHAVUZ SOK. B BLK K.6 NO.650 OKMEYDANI ŞİŞLİ İSTANBUL;(212) 6137395;www.sarackablo.com.tr;sarackablo.com.tr;TET - Elektrik ve Elektronik İhracatçıları Birliği
OPAŞ PAKET ŞALTERLERİ VE SOĞUTMA SİSTEMLERİ SAN. TİC. LTD. ŞTİ.;CUMHURİYET MAH/SEMT HUZUR SOK. NO.5 A ÇAYIROVA KOCAELİ;(262) 6582351;www.opascompany.com;opascompany.com;TET - Elektrik ve Elektronik İhracatçıları Birliği
AKSU ELEKTRİKLİ EV ALETLERİ SANAYİ VE TİCARET A.Ş.;AKÇABURGAZ MAH. 3036. SOK.NO.2/3 ESENYURT İSTANBUL;02128866169;www.aksutost.com;aksutost.com;TET - Elektrik ve Elektronik İhracatçıları Birliği
SAVERA EVA ASANSÖR SANAYİ VE TİCARET ANONİM ŞİRKETİ;AYDINLAR MAH. GENÇLİK CAD. NO.52 / A AYDINLAR 34800 ÇEKMEKÖY, İSTANBUL, TÜRKİYE ÇEKMEKÖY İSTANBUL;(216) 4660033;www.evatek.com.tr;evatek.com.tr;TET - Elektrik ve Elektronik İhracatçıları Birliği
KURTSAN PAZARLAMA İÇ VE DIŞ TİCARET LİMİTED ŞİRKETİ;SELAHADDİN EYYUBİ MAH. 1596 SK. NO:26 2. EVRENSANAYİ YANI ESENYURT İSTANBUL;(212) 5358999;www.kurtsantarim.com;kurtsantarim.com;TET - Elektrik ve Elektronik İhracatçıları Birliği
BALKAN ULUSLARARASI DIŞ TİCARET VE PAZARLAMA ANONİM ŞİRKETİ;MERKEZ MAH. SANAYİ CAD. NO:19 YENİBOSNA BAHÇELİEVLER İSTANBUL;(212) 5510100;www.balkanmotor.com;balkanmotor.com;TET - Elektrik ve Elektronik İhracatçıları Birliği
GEN-I İSTANBUL ELEKTRİK ENERJİSİ TOPTAN SATIŞ LTD. ŞTİ.;MEŞRUTİYET CAD. BİLSAR BİNASI NO:90K:1/4 BEYOĞLU İSTANBUL;(212) 3346332;www.gen-i.com.tr;gen-i.com.tr;TET - Elektrik ve Elektronik İhracatçıları Birliği
ALKANLAR ELEKTRİK SANAYİ VE TİCARET ANONİM ŞİRKETİ;YAKACIK YOLU CAD. FATİH MAH. NO.7 SANCAKTEPE İSTANBUL;(216) 5612819;www.alkanlar.com;alkanlar.com;TET - Elektrik ve Elektronik İhracatçıları Birliği
MEDİNTEK TIBBİ ÜRÜNLER ANONİM ŞİRKETİ;BEYTEPE MAH/SEMT 2742/1 SOK. NO:10 ÇANKAYA ANKARA;03124377686;www.med-intek.com.tr;med-intek.com.tr;TET - Elektrik ve Elektronik İhracatçıları Birliği
NEOCOM İLETİŞİM TEKNOLOJİLERİ ANONİM ŞİRKETİ;KAVACIK MAH. ERTÜRK SOK. NO:11 K:4 BEYKOZ İSTANBUL;(216) 5377131;www.neocom.com.tr;neocom.com.tr;TET - Elektrik ve Elektronik İhracatçıları Birliği
ELEKTRA ELEKTRONİK SANAYİ VE TİCARET ANONİM ŞİRKETİ;AKÇABURGAZ MAH. 3137.SOKAK NO:1 ESENYURT ESENYURT İSTANBUL;(212) 8862080;www.elektra.com.tr;elektra.com.tr;TET - Elektrik ve Elektronik İhracatçıları Birliği
EURO PLAST PLASTİK SANAYİ VE TİCARET LİMİTED ŞİRKETİ;IMES SANAYI SITESI C-BLOK308 SOK.NO.26 ÜMRANİYE İSTANBUL;02164200072;www.europlast.com.tr;europlast.com.tr;TET - Elektrik ve Elektronik İhracatçıları Birliği
LAGOM ENERJİ ELEKTRİK MÜHENDİSLİK SANAYİ VE TİCARET LİMİTED ŞİRKETİ;BAYSAL SOK. NO: 2A BAŞİSKELE KOCAELİ;(262) 5039792;http://www.lagomenerji.com;lagomenerji.com;TET - Elektrik ve Elektronik İhracatçıları Birliği
SKYTECH GROUP HAVACILIK VE TEKNOLOJİ SANAYİ TİCARET LİMİTED ŞİRKETİ;100. YIL MAHALLESİ (GOP) FISKİYE CADDESİ NO10/2PK:06680 ÇANKAYA/ANKARA ÇANKAYA ANKARA;(312) 0000000;www.skytechgrp.com;skytechgrp.com;TET - Elektrik ve Elektronik İhracatçıları Birliği
ADEON DIŞ TİCARET LTD.ŞTİ.;FULYA MH. BÜYÜKDERE CD. ALTINOVA İŞ MERKEZİ NO:54/5 ŞİŞLİ İSTANBUL;(212) 2160900;www.adeonglobal.com;adeonglobal.com;TET - Elektrik ve Elektronik İhracatçıları Birliği
TEKNOLÜKS AYDINLATMA SANAYİ VE TİCARET ANONİM ŞİRKETİ;GÜMÜŞSSUYU CAD.DALGIÇ İŞHANI NO:3 GİRİŞ KAT İÇ NO:2 ZEYTİNBURNU İSTANBUL;(212) 2434400;www.bamyum.com;bamyum.com;TET - Elektrik ve Elektronik İhracatçıları Birliği
FORAS BİLGİSAYAR ELEKTRONİK MEDİKAL SANAYİ VE TİCARET LİMİTED ŞİRKETİ;İVEDİK OSB MAH. MELİH GÖKÇEK BULV. NO: 71 İVEDİK OSB YENİMAHALLE ANKARA;(312) 3957766;www.foras.com.tr;foras.com.tr;TET - Elektrik ve Elektronik İhracatçıları Birliği
DAL ELEKTRIK VE OTOMASYON SIST.SAN.TIC.A.S.;DOĞU SAN.SIT.12.BLOK NO:11 YENIBOSNA MERKEZ MAHALLESİ BAHÇELİEVLER İSTANBUL;02126527940;www.dalelektrik.com;dalelektrik.com;TET - Elektrik ve Elektronik İhracatçıları Birliği
TBLOC ELEKTRİK ELEKTRONİK SANAYİ VE TİCARET ANONİM ŞİRKETİ;29 EKİM MHL. 10001 SOK. NO:50/4 35663 MENEMEN İZMİR;(232) 8332696;www.tbloc.com.tr;tbloc.com.tr;TET - Elektrik ve Elektronik İhracatçıları Birliği
ELMED ELEKTRONIK VE MEDIKAL SANAYI VE TICARET A.S.;100. YIL BULVARI OSTİM TEKNOPARK NO:55/E BLOK-13 OSTİM OSB 06374 YENİMAHALLE, ANKARA, TÜRKİYE YENİMAHALLE ANKARA;(312) 2596922;www.elmed-as.com;elmed-as.com;TET - Elektrik ve Elektronik İhracatçıları Birliği
GMS KABLO SANAYİ VE TİCARET ANONİM ŞİRKETİ;YAKUPLU MAH. BİRLİK CAD. - MC İŞ MERKEZI NO: 10 İÇ KAPI YAKUPLU BEYLİKDÜZÜ İSTANBUL;;www.gmskablo.com.tr;gmskablo.com.tr;TET - Elektrik ve Elektronik İhracatçıları Birliği
KASAB KABLO ELEKTRİK SAN. VE TİC. LTD. ŞTİ.;HALİL RIFAT PAŞA MAH. YÜZER HAVUZ SK. A BLOK KAT: 13 NO: 1978 ŞİŞLİ İSTANBUL;(212) 7710994;www.kasabkablo.com;kasabkablo.com;TET - Elektrik ve Elektronik İhracatçıları Birliği
BİEN BMS OTOMASYON TEKNOLOJİLERİ LİMİTED ŞİRKETİ;GÜLBAHAR MAH. AVNİ DİLLİGİL SK.NO: 20 İÇ KAPI NO: ŞİŞLİ İSTANBUL;(212) 0000000;www.bienotomasyon.com;bienotomasyon.com;TET - Elektrik ve Elektronik İhracatçıları Birliği
PROM MÜHENDİSLİK SANAYİ VE TİCARET LİMİTED ŞİRKETİ;ABDURRAHMANGAZİ MAH. SEVENLER CAD. EGEBOYU E BLOK NO: 1 E İÇ KAPI NO: 40 SANCAKTEPE / İSTANBUL SANCAKTEPE İSTANBUL;(216) 3493267;http://www.prom.net.tr;prom.net.tr;TET - Elektrik ve Elektronik İhracatçıları Birliği
ASFARMA MEDİKAL DENTAL ÜRÜNLER VE İLAÇ SAN. TİC. A.Ş.;RESSAM HALİM SK NO:7 - 32 KAT : 3 KADİR HAS CENTER BAHÇELİEVLER BAHÇELİEVLER, İSTANBUL, TÜRKİYE BAHÇELİEVLER İSTANBUL;(212) 4414001;www.asfarma.com;asfarma.com;TET - Elektrik ve Elektronik İhracatçıları Birliği
BETATECH MEDİKAL CİH.SAN.MÜM.İÇ VE DIŞ TİC.LTD.ŞTİ.;IKITELLI ORG.SAN.BLG.OTO SANAYİ SİT. 22.SK. ÜNAL İŞ MER. N:9 İKİTELLİ BAŞAKŞEHİR İSTANBUL;(212) 6710683;www.betatechmedical.com;betatechmedical.com;TET - Elektrik ve Elektronik İhracatçıları Birliği
AYTAV TAVUKÇULUK EKİPMANLARI SANAYİ VE TİCARET LİMİTED ŞİRKETİ;ORUÇ REİS MAH. TEKSTİLKENT CAD NO:12/B KOZA PLAZA A BLOK KAT:10 NO:101 ESENLER İSTANBUL;(212) 6820015;www.aytav.com.tr;aytav.com.tr;TET - Elektrik ve Elektronik İhracatçıları Birliği
KARJEN ENERJİ SİSTEMLERİ SANAYİ VE TİCARET LİMİTED ŞİRKETİ;CUMHURİYET MAH. CUMHURİYET CAD. NO:11/1-A TAŞDELEN ÇEKMEKÖY İSTANBUL;(216) 3122944;www.karjen.com;karjen.com;TET - Elektrik ve Elektronik İhracatçıları Birliği
JETRON MAKİNE SANAYİ VE TİCARET ANONİM ŞİRKETİ;AYDINLI - BİRLİK OSB MAH. 1 NOLU CAD. NO:15 DAİRE:2 TUZLA İSTANBUL;(216) 5103054;http://www.jetron.com.tr;jetron.com.tr;TET - Elektrik ve Elektronik İhracatçıları Birliği
DESIRE PATH TEKNOLOJİ LİMİTED ŞİRKETİ;CAFERAĞA MAH. GENERAL ASIM GÜNDÜZ CAD.ALTINCAN NO: 69 İÇ KAPI NO: 4 KADIKÖY İSTANBUL;(216) 0000000;http://www.desire.com;desire.com;TET - Elektrik ve Elektronik İhracatçıları Birliği
MİKRO TASARIM ELEKTRONİK SAN. VE TİC.A.Ş.;ODTÜ TEKNOKENT ODTÜ- MET ALANI A-1 BLOK/4.BÖLÜM OFİS 3/A ÇANKAYA ANKARA;(312) 2860103;www.mikro-tasarim.com.tr;mikro-tasarim.com.tr;TET - Elektrik ve Elektronik İhracatçıları Birliği
AKPLAS PLASTİK KALIP SANAYİ VE TİCARET ANONİM ŞİRKETİ;BEYLIKBAGI MAH. MEMISOGLUCAD. 326/2 SOK. NO:4/A GEBZE KOCAELİ;02627431492;www.akimakplast.com;akimakplast.com;TET - Elektrik ve Elektronik İhracatçıları Birliği
SBC OTOMASYON SAN.VE TIC.A.S.;KOŞUYOLU MH.CEVATPAŞA SOK.NO:14 KOŞUYOLU KADIKÖY İSTANBUL;(216) 3399151;www.sbcotomasyon.com.tr;sbcotomasyon.com.tr;TET - Elektrik ve Elektronik İhracatçıları Birliği
ALPANİ DIŞ TİCARET LİMİTED ŞİRKETİ;SİNANOBA MAHALLESİ İBRAHİMZADE CAD. NO: 1 B/35 BÜYÜKÇEKMECE İSTANBUL;;www.alpani.com;alpani.com;TET - Elektrik ve Elektronik İhracatçıları Birliği
WİPELOT TEKNOLOJİ SANAYİ ANONİM ŞİRKETİ;TOZKOPARAN MAH.HALDUN TANER SOK.NO:27/15 GÜNGÖREN İSTANBUL;(212) 4819622;http://www.wipelot.com;wipelot.com;TET - Elektrik ve Elektronik İhracatçıları Birliği
ARENA BİLGİSAYAR SANAYİ VE TİCARET ANONİM ŞİRKETİ;GÖKTÜRK CAD.NO.4 GÖKTÜRK MERKEZ GÖKTÜRK EYÜP İSTANBUL;(212) 3646464;www.arena.com.tr;arena.com.tr;TET - Elektrik ve Elektronik İhracatçıları Birliği
NORMSAN BASINÇLI DÖKÜM SANAYİ ANONİM ŞİRKETİ;İSTANBUL ANADOLU YAKASI OSB GAZİ BULVARI NO:47 GAZI BULVARI NO.47 TUZLA İSTANBUL;(216) 5931161;www.normsan.com;normsan.com;TET - Elektrik ve Elektronik İhracatçıları Birliği
BASKI DEVRE SANAYİ VE TİCARET ANONİM ŞİRKETİ;BAHÇELİEVLER MAH. AŞIK VEYSEL SOK. NO:6 PENDİK İSTANBUL;(216) 3901036;www.baskidevre.com.tr;baskidevre.com.tr;TET - Elektrik ve Elektronik İhracatçıları Birliği
SYSMEX TURKEY DİAGNOSTİK SİSTEMLERİ LİMİTED ŞİRKETİ;MASLAK MAH. SÜMER SK. KAR PLAZA NO:4İÇ KAPI NO:121 SARIYER İSTANBUL;(216) 6816600;www.sysmex.com.tr;sysmex.com.tr;TET - Elektrik ve Elektronik İhracatçıları Birliği
KOYUNCU ELEKTRONIK BILGI ISLEM SISTEMLERİ SANAYİ VE DIŞ TİCARET ANONİM ŞİRKETİ;EMEK MAH. ORDU CAD. NO:18 SANCAKTEPE İSTANBUL;(216) 5288888;www.koyuncu.com.tr;koyuncu.com.tr;TET - Elektrik ve Elektronik İhracatçıları Birliği
FOKABEKS KABLO VE SISTEMLERI LİMİTED ŞİRKETİ;ATASEHIR BULVARI ATA 3-3 PLAZAK.6 38. ADA NO:60 ATAŞEHİR İSTANBUL;(216) 4569138;www.focabex.com;focabex.com;TET - Elektrik ve Elektronik İhracatçıları Birliği
ALTINKAYA ELEKTRONİK CİHAZ KUTULARI SAN. TİC. A.Ş.;AHİ EVRAN OSB MAH.SİNCAN 1 OSB AVAR CAD. NO:7 YENİMAHALLE ANKARA;(312) 3952768;www.altinkaya.com.tr;altinkaya.com.tr;TET - Elektrik ve Elektronik İhracatçıları Birliği
BOR ENERJİ İNŞAAT ELEKTRİK MÜHENDİSLİK TAAHHÜT SANAYİ VE TİCARET LİMİTED ŞİRKETİ;ZÜMRÜTEVLER MAHALLESİ KARAYEMİŞ REF PLAZA NO:26 KAT:2 D:3 MALTEPE İSTANBUL;(216) 4443168;www.borenerji.com;borenerji.com;TET - Elektrik ve Elektronik İhracatçıları Birliği
ERGIN ELEKTRIK SAN.VE TIC.A.S.;PERPA ISM.A BL.K.1/2 ŞİŞLİ İSTANBUL;02122201313;www.ergin.com.tr;ergin.com.tr;TET - Elektrik ve Elektronik İhracatçıları Birliği
AGON POWER GÜÇ SİSTEMLERİ SANAYİ VE TİCARET ANONİM ŞİRKETİ;KÖŞKLÜ ÇEŞME MAH.YENİ BAĞDAT CAD.NO:253 İÇ KAPI 1 GEBZE KOCAELİ;(262) 3423333;http://www.agonpower.com;agonpower.com;TET - Elektrik ve Elektronik İhracatçıları Birliği
AKS ANAHTAR KONTAK SANAYİ VE TİCARET A.Ş.;RAMAZANOĞLU MH.SANAYI CD. NO 40 PENDİK İSTANBUL;02165950355;www.akskontak.com.tr;akskontak.com.tr;TET - Elektrik ve Elektronik İhracatçıları Birliği
MAXEL ENDÜSTRİ ELEKTRİK ELEKTRONİK SANAYİ VE TİCARET LİMİTED ŞİRKETİ;ŞERİFALİ MAH. KIBLE SOK. OF PLAZA NO:6/6 ÜMRANİYE İSTANBUL;(216) 5405432;www.maxelendustri.com;maxelendustri.com;TET - Elektrik ve Elektronik İhracatçıları Birliği
DENIZ SU VE ATIK SU ARITIM INSAAT TICARET VE SANAYI A.S.;İSTANBUL DÜNYA TİCARET MERKEZİ A-2 BLOK NO:10 KA:15 OFİS NO:445 BAKIRKÖY İSTANBUL;(212) 8863163;www.aquamatchturk.com;aquamatchturk.com;TET - Elektrik ve Elektronik İhracatçıları Birliği
AKFEN INSAAT TURIZM VE TIC.A.S;KOZA SOKAK NO.22 ÇANKAYA ANKARA;(312) 4414211;www.akfen.com.tr;akfen.com.tr;TET - Elektrik ve Elektronik İhracatçıları Birliği
BXL-BEXEL DIŞ TİCARET LİMİTED ŞİRKETİ;ORG. SAN. BOL. 8. CAD. NO:45 ODUNPAZARI ESKİŞEHİR;(222) 2360093;www.bxl-bexel.com;bxl-bexel.com;TET - Elektrik ve Elektronik İhracatçıları Birliği
LİNEAR AYDINLATMA VE ELEKTRİK SANAYİ TİCARET LTD.ŞTİ.;İKİTELLİ OSB MAH. METAL İŞ SAN.SİT. 16A BLOK NO:20 BAŞAKŞEHİR İSTANBUL;(212) 5499059;www.linearaydinlatma.net;linearaydinlatma.net;TET - Elektrik ve Elektronik İhracatçıları Birliği
FENAC TEKNOLOJİ SANAYİ VE TİCARET LİMİTED ŞİRKETİ;FERHATPAŞA MAH.35.SOKAK NO:20 ATAŞEHİR İSTANBUL;(216) 2322700;www.fenac.com.tr;fenac.com.tr;TET - Elektrik ve Elektronik İhracatçıları Birliği
CİHANGİR OTOMASYON MÜHENDİSLİK ELEKTRİK SANAYİ TİCARET LİMİTED ŞİRKETİ;FEVZİ ÇAKMAK MAH. GÜLİSTAN CAD. İMSAN SAN. SİTESİ NO:48 KARATAY KONYA;(332) 5030909;www.cihangirmuhendislik.com.tr;cihangirmuhendislik.com.tr;TET - Elektrik ve Elektronik İhracatçıları Birliği
TECNOMED MEDİKAL SİSTEMLER SANAYİ VE TİCARET ANONİM ŞİRKETİ;İKİTELLİ OSB MH METAL-İŞ SAN SİT 19 BLOK NO:40 BAŞAKŞEHİR İSTANBUL;(212) 9090484;www.tecnomed.com.tr;tecnomed.com.tr;TET - Elektrik ve Elektronik İhracatçıları Birliği
DEVOTRANS ELEKT.MAKINALARI SAN VE TIC.LTD.STI.;CEVIZLIBAG YILANLI AYAZMA YOLUYILDIZ SAN. SİT. NO. 18/73 TOPKAPI MALTEPE ZEYTİNBURNU İSTANBUL;02124820988;www.devotrans.com;devotrans.com;TET - Elektrik ve Elektronik İhracatçıları Birliği
İSTANBUL MEDİKAL LİMİTED ŞİRKETİ;EĞİTİM MAH. ŞİRİN YUVA SOK.NO.3 DÜK.1 KADIKÖY İSTANBUL;(216) 3362764;www.istanbulmedical.com;istanbulmedical.com;TET - Elektrik ve Elektronik İhracatçıları Birliği
ABMS İNŞAAT SANAYİ VE TİCARET ANANOM ŞİRKETİ;YENİŞEHİR MAH. SÜMBÜL SOK.NO:6/1/79 PENDİK PENDİK İSTANBUL;(216) 7712018;http://info@abmsinsaat.com;info@abmsinsaat.com;TET - Elektrik ve Elektronik İhracatçıları Birliği
SANHUA AWEO YEDEK PARÇA SAN. VE TİC. LTD. ŞTİ.;KAVAKLI MAH.HAZAR SOK.FABRİKA SİT. İDARİ BİNAN:14 SİLİVRİ İSTANBUL;;www.sanhua-aweco.com;sanhua-aweco.com;TET - Elektrik ve Elektronik İhracatçıları Birliği
KORTEK KOROZYON TEKNOLOJİLERİ LTD. ŞTİ.;AHİ EVRAN OSB MAH AKHUN 8 SİNCAN ANKARA;(312) 4418420;www.kortek.com.tr;kortek.com.tr;TET - Elektrik ve Elektronik İhracatçıları Birliği
ATEMPO PROJE TAAHHÜT SES VE GÖRÜNTÜ SİST. A.Ş.;TAŞPINAR MAH. 2899 SOK. NO:5 GÖLBAŞI ANKARA;(312) 4668200;www.atempo.com.tr;atempo.com.tr;TET - Elektrik ve Elektronik İhracatçıları Birliği
PEGASUS HAVA TAŞIMACILIĞI A.Ş.;AEROPARK YENİŞEHİR MAH.OSMANLI BULV. N:11/A PENDİK İSTANBUL;(216) 5607000;www.flypgs.com;flypgs.com;TET - Elektrik ve Elektronik İhracatçıları Birliği
ERSOY PANO ELEKTRIK MALZEMELERİ IMALAT ITHALAT IHRCAT PAZARLAMA SANAYİ TİCARET LTD.STI.;DENİZLİ KÖYÜ ATATÜRK CD. NO:260 GEBZE KOCAELİ;02627293205;www.ersoypano.com.tr;ersoypano.com.tr;TET - Elektrik ve Elektronik İhracatçıları Birliği
BAYSAL ELEKTRİK ELEKTRONİK HIRD. GIDA SAN. VE TİC. LTD. ŞTİ.;ADRES REŞAT NURİ GÜNTEKİN CAD NO : 43 MEHMET AKİF ERSOY MAH ARNAVUTKÖY İSTANBUL;(212) 4825565;www.baysalelektrik.com;baysalelektrik.com;TET - Elektrik ve Elektronik İhracatçıları Birliği
FEMSAN ELEKTRİK MOTORLARI SAN. VE TİC. A. Ş.;HARMANDERE MH. ŞEHİT MEHMET GÜNEY SK. NO:11 YENİŞEHİR PENDİK İSTANBUL;(216) 3788888;www.femsan.com;femsan.com;TET - Elektrik ve Elektronik İhracatçıları Birliği
BORDA TEKNOLOJİ BİLİŞİM A.Ş.;REŞİTPAŞA MAH. KATAR CAD. NO:4/504 SARIYER İSTANBUL;(212) 2763147;www.bordatech.com;bordatech.com;TET - Elektrik ve Elektronik İhracatçıları Birliği
PIC SENSÖR SANAYİ VE TİCARET LİMİTED ŞİRKETİ;ATATÜRK BULVARI NO2/20 İNÖNÜ MAH GEBZE GÜZELLER OSB MAH 41400 GEBZE KOCAELİ;(262) 7510710;www.picsensor.com.tr;picsensor.com.tr;TET - Elektrik ve Elektronik İhracatçıları Birliği
IŞIKGAZ MUTFAK CİHAZLARI İNŞ. GIDA VE OTO. SAN. TİC. LTD. ŞTİ.;İKİTELLİ OSB MH ESKOOP SAN SİT S1 BLOK NO:8-9 BAŞAKŞEHİR İSTANBUL;(212) 5651500;www.isikgaz.com;isikgaz.com;TET - Elektrik ve Elektronik İhracatçıları Birliği
PUSULA GUVENLIK OTO.VE KONTROL SIS ITH.IHR.SAN.VE TIC.LTD.S.;724. SOKAK NO.13 /1 YILDIZEVLER 6700 ÇANKAYA ANKARA;03124480227;www.pusulaguvenlik.com;pusulaguvenlik.com;TET - Elektrik ve Elektronik İhracatçıları Birliği
SANLAB SİMÜLASYON ARAŞTIRMA GELİŞTİRME SANAYİ VE TİCARET ANONİM ŞİRKETİ;TUBİTAK YERLEŞKESİ TEKGEB N:10 GEBZE KOCAELİ;(216) 3777001;www.sanlab.net;sanlab.net;TET - Elektrik ve Elektronik İhracatçıları Birliği
SEKEROGLU PLASTIK SAN.IC VE DIS TIC.A.S.;KONYA ORGANİZE SANAYİ BÖLGESİBÜYÜK KAYACIK MAH. EVRENKÖY CAD. NO: 21 SELÇUKLU KONYA;03322391616;www.sekeroglu.com.tr;sekeroglu.com.tr;TET - Elektrik ve Elektronik İhracatçıları Birliği
KAYALAR ÇELİK SANAYİ VE TİCARET A. Ş.;TÜRKOBA MAH. KAYALAR CAD. KAYALAR ÇELİK FABRİKASI APT. NO:7/1 BÜYÜKÇEKMECE İSTANBUL;(212) 4445957;www.kayalarmutfak.com.tr;kayalarmutfak.com.tr;TET - Elektrik ve Elektronik İhracatçıları Birliği
HAZAR ARITIM PROJE VE İNŞ. TAAH. SAN. VE TİC. A.Ş.;TAKSIM CAD. NO:65 KAT:2/3 BEYOĞLU İSTANBUL;02122568490;www.hazar.gen.tr;hazar.gen.tr;TET - Elektrik ve Elektronik İhracatçıları Birliği
ARTIFEKS BILISIM ELEKTRONİK INSAAT TURİZM ITHALAT IHRACAT SANAYİ VE TICARET LİMİTED ŞİRKETİ;BEKTAŞ SK. NO.16 34880 KARTAL İSTANBUL;(216) 4466446;www.artifeks.com;artifeks.com;TET - Elektrik ve Elektronik İhracatçıları Birliği
METAKSAN ELEKTRİK VE İNŞAAT MALZEMELERİ SANAYİ TİCARET LİMİTED ŞİRKETİ;ORTAKOY SANAYİ SİTESİ ILTER BULV. NO.16/1 SELİMPAŞA SELİMPAŞA SİLİVRİ İSTANBUL;(212) 5490685;www.metaksan.com;metaksan.com;TET - Elektrik ve Elektronik İhracatçıları Birliği
ASİMETRİK SES IŞIK VE GÖRÜNTÜ SİSTEMLERİ ANONİM ŞİRKETİ;İLKBAHAR MAH. 622 SOK. NO:4 ÇANKAYA ANKARA;03124909101;www.asimetrik.com.tr;asimetrik.com.tr;TET - Elektrik ve Elektronik İhracatçıları Birliği
GÜVENİŞ TEKNOLOJİ ELEKTRONİK SİSTEMLER SANAYİ VE TİCARET LİMİTED SİRKETİ;BEYLİKDÜZÜ OSB MAH. 1._1 CAD. KONYALILAR IS MERKEZNO: 1 IÇ KAPI NO: 6 BEYLİKDÜZÜ İSTANBUL;(212) 7710415;http://www.guvenisregulator.com.tr;guvenisregulator.com.tr;TET - Elektrik ve Elektronik İhracatçıları Birliği
SULTANA GIDA SANAYİ VE DIŞ TİC.LTD.ŞTİ.;PERPA TİC. MERKEZİ A BLOK K:11NO:1364 OKMEYDANI ŞİŞLİ İSTANBUL;(212) 2100311;www.sultanexport.com;sultanexport.com;TET - Elektrik ve Elektronik İhracatçıları Birliği
GİRİFT DİJİTAL TEKNOLOJİ LİMİTED ŞİRKETİ;MEHMET AKİF MAH. KADİR SK. KELEŞ APT NO 25A ÜMRANİYE İSTANBUL;;http://fatih@giriftdijital.com;fatih@giriftdijital.com;TET - Elektrik ve Elektronik İhracatçıları Birliği
GURMETAL METAL KAPLAMA IMALAT SANAYİ VE TICARET LİMİTED ŞİRKETİ;ORG. SAN. BOL. GALVANO TEKNİK SAN. SIT. A BLOK NO:37 BAŞAKŞEHİR İSTANBUL;(212) 5499888;www.gurmetalsan.com.tr;gurmetalsan.com.tr;TET - Elektrik ve Elektronik İhracatçıları Birliği
KONDAS KONDANSATOR SANAYI VE T IC.A.S.;CUMHURIYET MAH. ISTANBUL CAD.NO.11 GEBZE KOCAELİ;02627441075;www.kondas.net;kondas.net;TET - Elektrik ve Elektronik İhracatçıları Birliği
TEKNİK DESTEK GRUBU BİLİMSEL ÖLÇME ARAŞTIRMA DAN.EĞİTİM TERCÜME BİLİŞİM MÜH.VE MAKİNA LTD.ŞTİ.;MUSTAFA KEMAL MAH .DUMLUPINAR BUL. NO:280G /214 ÖVEÇLER ÇANKAYA ANKARA;(312) 4739791;www.tdg.com.tr;tdg.com.tr;TET - Elektrik ve Elektronik İhracatçıları Birliği
POS PERAKENDE OTOMASYON SIS. TIC.SAN.A.Ş.;PALLADİUM TOWER BARBAROS MAH. KARDELEN SOK. NO.2 K.33 KADIKÖY İSTANBUL;02164640323;www.pos.com.tr;pos.com.tr;TET - Elektrik ve Elektronik İhracatçıları Birliği
KLT ENERJİ MÜHENDİSLİK TAAHHÜT SANAYİ VE TİCARET LİMİTED ŞİRKETİ;KÜÇÜKBAKKALKÖY MAH. DEREBOYU CAD. R5 REZİDANS BLOK:23A DAİRE:100 34758 ATAŞEHİR, İSTANBUL, TÜRKİYE ATAŞEHİR İSTANBUL;(216) 5103577;www.kltenerji.com;kltenerji.com;TET - Elektrik ve Elektronik İhracatçıları Birliği
KOMEKS MAK.SAN.VE TIC.LTD.STI.;PERPA TIC. MERKEZI B BLOK K.11N:1728 ŞİŞLİ İSTANBUL;02122211995;www.komeksmakina.com;komeksmakina.com;TET - Elektrik ve Elektronik İhracatçıları Birliği
PUTZMEISTER MAKINE SANAYİ VE TİCARET ANONİM ŞİRKETİ;G.O.P MAH.NAMIK KEMAL BULV.NO.6 ÇERKEZKÖY TEKİRDAĞ;(282) 7351000;www.putzmeister.com.tr;putzmeister.com.tr;TET - Elektrik ve Elektronik İhracatçıları Birliği
SENSORLER VE ILERI CIHAZLAR KONTROL A.S.;EMEK MH.YILDIRIM SOK.NO:23 MALTEPE İSTANBUL;02165877400;www.sick.com.tr;sick.com.tr;TET - Elektrik ve Elektronik İhracatçıları Birliği
SUNMAN SANAYİ MAMÜLLERİ İTHALAT İHRACAT VE TİCARET ANONİM ŞİRKETİ;CADDEBOSTAN MAH. BAĞDAT CAD. NO.226/6 KADIKÖY İSTANBUL;(216) 4998080;www.sunman.com.tr;sunman.com.tr;TET - Elektrik ve Elektronik İhracatçıları Birliği
MİBOS METAL İŞLEME BOYAMA SANAYİ VE TİCARET ANONİM ŞİRKETİ;RAMAZANOĞLU MAH. ŞÜHEDA CADDESİ NO 4/1 ŞEYHLİ PENDİK İSTANBUL;(216) 5950915;www.mibos.com;mibos.com;TET - Elektrik ve Elektronik İhracatçıları Birliği
DESI ALARM GÜVENLİK SİSTEMLERİ SANAYİ VE TİCARET A.Ş.;MALTEPE MAH. TOPKAPI MALTEPE CAD. NO:15 ZEYTİNBURNU İSTANBUL;(212) 5017272;www.desialarm.com.tr;desialarm.com.tr;TET - Elektrik ve Elektronik İhracatçıları Birliği
AVİBRO ELEKTRİK MOTORLARI SANAYİ VE TİCARET ANONİM ŞİRKETİ;SASALI KASABASI MERKEZ MAH.46.SOK.NO:22 35640 ÇİĞLİ, İZMIR, TÜRKİYE ÇİĞLİ İZMİR;(232) 5045009;www.avibro.com;avibro.com;TET - Elektrik ve Elektronik İhracatçıları Birliği
GEN ELEKTROMEKANİK SANAYİ VE TİCARET ANONİM ŞİRKETİ;EMEK MAH. ORDU CAD. NO:6 ÜMRANİYE İSTANBUL;02163659242;www.genemek.com;genemek.com;TET - Elektrik ve Elektronik İhracatçıları Birliği
TEPTA AYDINLATMA SAN.VE TIC. A.S.;NİSPETİYE MAH. AYTAR CAD. NO:24 K:1-2-3 LEVENT BEŞİKTAŞ İSTANBUL;(212) 2792903;www.tepta.com;tepta.com;TET - Elektrik ve Elektronik İhracatçıları Birliği
TAB BAYKAL AKÜMÜLATÖR SANAYİ VE TICARET LİMİTED ŞİRKETİ;SARIGOL M.ORDU C.NO.72 GAZİOSMANPAŞA İSTANBUL;(212) 4175243;www.bae-baykal.com;bae-baykal.com;TET - Elektrik ve Elektronik İhracatçıları Birliği
İNVİACO MEDİKAL TİCARET LİMİTED ŞİRKETİ;MUSTAFA KEMAL MAH. DUMLUPINAR BUL. NO: 266CİÇ KAPI NO: 34 ÇANKAYA ANKARA;(312) 2116100;www.inviaco.com;inviaco.com;TET - Elektrik ve Elektronik İhracatçıları Birliği
DTS ELEKTRONIK SANAYİ TICARET LİMİTED SİRKETI;MAHMUTBEY MAH. 2650.SOK.NO:21İSTANBUL, BAĞCILAR, TÜRKİYE BAĞCILAR İSTANBUL;(212) 6973416;www.redline.gen.tr;redline.gen.tr;TET - Elektrik ve Elektronik İhracatçıları Birliği
KENT KART EGE ELEKTRONİK SANAYİ VE TİCARET ANONİM ŞİRKETİ;GÜMÜŞ SUYU MAH. MUHTAR KAMİL SOK.NO:3 KAT:4 BEYOĞLU İSTANBUL;02122496720;www.kentkart.com;kentkart.com;TET - Elektrik ve Elektronik İhracatçıları Birliği
İHSAN ELEKTRİK ENERJİ TAAHHÜT İTHALAT İHRACAT SAN. VE TİC. LTD. ŞTİ.;MİLLET MAH. YUNUS EMRE BULVARI NO:230/C YILDIRIM BURSA;(224) 3625471;http://www.ihsanenerji.com;ihsanenerji.com;TET - Elektrik ve Elektronik İhracatçıları Birliği
MAXEN ENERJİ SİSTEMLERİ SANAYİ TİCARET ANONİM ŞİRKETİ;KEMALPAŞA MAH. 7405 SK. AYHAN ŞAHİN NO: 8İÇ KAPI NO: 11 BORNOVA İZMİR;(090) 4449129;https://maxxen.com/tr;maxxen.com;TET - Elektrik ve Elektronik İhracatçıları Birliği
EMISAN ELEKTRIK SANAYI TICARET TAAHHUT VE İNŞ. LTD.STI.;ATATURK MAH.KEREM BEY SOK. NO.5 KADIKÖY İSTANBUL;02164555055;www.emisan.com.tr;emisan.com.tr;TET - Elektrik ve Elektronik İhracatçıları Birliği
ŞENSOYLAR KLAPE TES.MALZ.SAN. VE TİC.LTD.ŞTİ.;BOSB MAH. MENEKŞE CD. NO:13 BEYLİKDÜZÜ İSTANBUL;(212) 8791030;www.turkogluvana.com.tr;turkogluvana.com.tr;TET - Elektrik ve Elektronik İhracatçıları Birliği
TECHCOM BİLİŞİM A.Ş;ATAKENT MAH.TÜRKLER CAD. NO.49 ÜMRANİYE İSTANBUL;(216) 3296500;www.techcom.com.tr;techcom.com.tr;TET - Elektrik ve Elektronik İhracatçıları Birliği
H2H DAYANIKLI TÜKETİM MALLARI SANAYİ TİCARET LİMİTED ŞİRKETİ;AKSARAY MAH.NAMIK KEMAL CAD.KULE BOYU SOK.NO :20 FATİH İSTANBUL;02125295774;www.harlem.com.tr;harlem.com.tr;TET - Elektrik ve Elektronik İhracatçıları Birliği
NETSER KOMINIKASYON SANAYI VE TICARET ANONİM ŞİRKETİ;KISIKLI CAD. HALUK TURKSOY SOK. NO:12 ÜSKÜDAR İSTANBUL;02164742200;www.netser.com.tr;netser.com.tr;TET - Elektrik ve Elektronik İhracatçıları Birliği
MODE MEDİKAL SAN. VE TİC. LTD. ŞTİ.;YENİDOĞAN MH. ABDİİPEKÇİ CD. NO:58 BAYRAMPAŞA BAYRAMPAŞA İSTANBUL;(212) 6126409;www.modeimplant.com;modeimplant.com;TET - Elektrik ve Elektronik İhracatçıları Birliği
IBM INTERN.BUSINESS MACHINES TURK LTD.STI.;BUYUKDERE CAD. Y.KREDI PLAZA B BLOK BEŞİKTAŞ İSTANBUL;(212) 3171234;www.ibm.com.tr;ibm.com.tr;TET - Elektrik ve Elektronik İhracatçıları Birliği
PERFORM MEKANİK ANONİM ŞİRKETİ;BARBAROS MAH GÜLPINAR SOK NO:5/2SEMBOL PLAZA ATAŞEHİR İSTANBUL;(216) 3246464;www.performmekanik.com;performmekanik.com;TET - Elektrik ve Elektronik İhracatçıları Birliği
RPS OTOMASYON SAN. VE TİC. A.Ş.;ÇAĞLAYAN MAH.PARK CAD.N:10İÇ KAPI NO:10 KAĞITHANE İSTANBUL;(212) 3154100;www.rpsturkey.com;rpsturkey.com;TET - Elektrik ve Elektronik İhracatçıları Birliği
ATLAS DIS TİCARET -GÜVEN ÖZ;ADNAN KAHVECİ MAH. MEHMETCİK CAD. ŞİRİN SAN. SİT.N:3/E -1-2 BEYLİKDÜZÜ İSTANBUL;(212) 8554878;www.ozbilim.com;ozbilim.com;TET - Elektrik ve Elektronik İhracatçıları Birliği
CEM ADALI;YALI MAH. TOPSELVİ CAD. MAI RESIDANCE KARTAL İSTANBUL;(216) 4896494;www.gemaenerji.com;gemaenerji.com;TET - Elektrik ve Elektronik İhracatçıları Birliği
GROUPE SEB ISTANBUL EV ALETLERI TICARET A.S.;SUN PLAZA DEREBOYU CAD. BİLİMSOK. NO: 5 KAT: 2 MASLAK SARIYER İSTANBUL;(212) 2902323;www.tefal.com.tr;tefal.com.tr;TET - Elektrik ve Elektronik İhracatçıları Birliği
M.T REKLAM ANONİM ŞİRKETİ;SELİN SOK. CUMHURİYET MAH.NO:1 GEBZE KOCAELİ;02626588880;www.mtdisplays.com.tr;mtdisplays.com.tr;TET - Elektrik ve Elektronik İhracatçıları Birliği
TEMKA KABLO INSAAT SAN.VE TIC. LTD.STI.;ATATÜRK MAH. İNÖNÜ CAD. NO:48/I ESENYURT İSTANBUL;(212) 6899090;www.temkakablo.com.tr;temkakablo.com.tr;TET - Elektrik ve Elektronik İhracatçıları Birliği
VESTEL BEYAZ EŞYA SANAYİ VE TİCARET ANONİM ŞİRKETİ;ORGANIZE SAN. BÖLGESİ 3.KISIMMUSTAFA KEMAL BULV. NO.1O YUNUS EMRE SANAYİ MANİSA MANİSA;(236) 2263000;www.vestel.com.tr;vestel.com.tr;TET - Elektrik ve Elektronik İhracatçıları Birliği
YONSIS BILGISAYAR SIS.SAN.TIC. A.S.;FETIH MAH MALATYA SOK N:19 GÖZTEPE KADIKÖY İSTANBUL;02164706200;www.yonsis.com.tr;yonsis.com.tr;TET - Elektrik ve Elektronik İhracatçıları Birliği
ONAY PARATONER SISTEMLERI SAN. VE TIC.LTD.STI.;KARACAOĞLAN MAH 6172/1 SK N:2/5 BORNOVA İZMİR;(232) 4861034;www.onayparatoner.com;onayparatoner.com;TET - Elektrik ve Elektronik İhracatçıları Birliği
TROYMET KALİTE KONTROL SİST. SAN. VE TİC. LTD. ŞTİ.;ATATÜRK CAD. ERİŞ SİTESİ B BLOK NO:66 D:5 SAHRAYICEDİT KADIKÖY İSTANBUL;(216) 3696970;www.troy-met.com;troy-met.com;TET - Elektrik ve Elektronik İhracatçıları Birliği
MAYER METAL MAKİNA İNŞAAT SAN.VE TİC.LTD.ŞTİ.;KARADENİZLİLER MAHALLESİ AKKOL SOKAK 24/1 BAŞİSKELE KOCAELİ;;https://mayermakina.com/;mayermakina.com;TET - Elektrik ve Elektronik İhracatçıları Birliği
TAB GIDA SANAYİ VE TICARET ANONİM ŞİRKETİ;DİKİLİTAŞ MAH.EMİRHAN CAD.NO:109 K:2-3 ATAKULE BEŞİKTAŞ İSTANBUL;(212) 3106600;www.tabgida.com.tr;tabgida.com.tr;TET - Elektrik ve Elektronik İhracatçıları Birliği
AORT SAĞLIK HİZMETLERİ VE BİLGİ İŞLEM SİSTEMLERİ TURİZM İNŞAAT SANAYİ TİCARET LİMİTED ŞİRKETİ;DUDULLU OSB MAH.DES-116 SK. DES SİT. E APT. NO:27/A ÜMRANİYE İSTANBUL;(216) 6600699;www.aort.net;aort.net;TET - Elektrik ve Elektronik İhracatçıları Birliği
BABİL ELEKTRİK AYDINLATMA SANAYİ VE TİCARET LİMİTED ŞİRKETİ;GIDA ÇARŞISI MAH. 1248 SOK. NO:6/A YENİŞEHİR KONAK İZMİR;(232) 4575756;www.babilelektrik.com;babilelektrik.com;TET - Elektrik ve Elektronik İhracatçıları Birliği
TE-SAN METAL YÜZEY KAPLAMA SAN. VE TİC. LTD. ŞTİ.;MERVE MAH. ATATÜRK CAD. NO:326 SANCAKTEPE İSTANBUL;(216) 5613090;www.te-san.com;te-san.com;TET - Elektrik ve Elektronik İhracatçıları Birliği
AYLAMP AYDINLATMA SAN.VE TIC. LTD.STI.;KARADENIZ MAH.CEBECI CD.NO.175/1 GAZİOSMANPAŞA İSTANBUL;02124773628;www.lucea.com.tr;lucea.com.tr;TET - Elektrik ve Elektronik İhracatçıları Birliği
BİLGE DİZAYN AYDINLATMA SANAYİ VE TİCARET LTD.ŞTİ.;BÜYÜKDERE SOKAK NO:25KURTKÖY PENDİK İSTANBUL;(216) 3699022;www.isiksusleme.com.tr;isiksusleme.com.tr;TET - Elektrik ve Elektronik İhracatçıları Birliği
VOYAG TURİZM OTELCİLİK İŞLETMESİ VE İNŞAAT SANAYİ TİCARET ANONİM ŞİRKETİ;MERDİVENKÖY MAH. NUR SK. C BLOK NO: 1 İÇ KAPI NO: 26 KADIKÖY İSTANBUL;(242) 2011800;http://www.maxxroyal.com;maxxroyal.com;TET - Elektrik ve Elektronik İhracatçıları Birliği
PB DIS TIC.LTD.STI.;BARBAROS MAH SARKAÇ SK MY PRESTİGE SİT NO:1A K:7 D:53-54 ATAŞEHİR İSTANBUL;(216) 5738596;www.pbforeigntrade.com;pbforeigntrade.com;TET - Elektrik ve Elektronik İhracatçıları Birliği
GEMAŞ GENEL MÜHENDİSLİK MEKANİK SANAYİ TİCARET ANONİM ŞİRKETİ;MİMAR SİNAN MAH. YASEMİN SOK. NO:16 KEMERBURGAZ EYÜP İSTANBUL;(212) 3219230;www.gemas.com.tr;gemas.com.tr;TET - Elektrik ve Elektronik İhracatçıları Birliği
AYTES ELEKTRİK MAKİNA İNŞ.İTH.İHR.SAN.TİC.LTD.ŞTİ.;SANAYİ MAH. KOZALI SOKAK ÇARŞI YAPI A.V.M. C BLOK NUMARA NO.18 TEPECİK İZMİT KOCAELİ;(262) 3355230;www.ayteselektrik.com;ayteselektrik.com;TET - Elektrik ve Elektronik İhracatçıları Birliği
TRANS-CAN TRAFOIZOLASYON SANAYİ VE TİCARET LİMİTED ŞİRKETİ;OMERAGA MAH.HÜRRİYET CAD. GÖKSELLER ISHANI NO:85 K:5 İZMİT KOCAELİ;(262) 0000000;http://www.transcantrafo.com;transcantrafo.com;TET - Elektrik ve Elektronik İhracatçıları Birliği
ERKASİS MÜHENDİSLİK SOĞUTMA SANAYİ TİCARET ANONİM ŞİRKETİ;DİKİLİTAŞ MAHALLESİ EMİRHAN CADDESİ 81-83 B2 PK:34349 BEŞİKTAŞ İSTANBUL;(282) 7581162;www.erkasis.com;erkasis.com;TET - Elektrik ve Elektronik İhracatçıları Birliği
ALGORİTMA SAĞLIK HİZMETLERİ A.Ş.;ŞERİFALİ MAH.TÜRKER CAD. N:15 ÜMRANİYE İSTANBUL;(212) 5406003;www.algogoritmamedikal.com;algogoritmamedikal.com;TET - Elektrik ve Elektronik İhracatçıları Birliği
BRN TEKNOLOJİ SANAYİ VE TİCARET ANONİM ŞİRKETİ;İZMİR BİLİM VE TEKNOLOJİ PARLI TEKNOLOJİ GEL. BÖL.İTOB OSB MH. 10032 SOKAK NO:2 TEKELİ MENDERES CUMAOVASI(MENDERES) İZMİR;(232) 7990473;www.brntechnology.com;brntechnology.com;TET - Elektrik ve Elektronik İhracatçıları Birliği
RESOLUX TURKEY RÜZGAR TÜRBİNLERİ ELEKTRİK AKSAMLARI SANAYİ VE TİCARET A.Ş.;MİNARELİÇAVUŞ MAHALLESİ LİDER CADDESİ NO:7/E 16140 NİLÜFER, BURSA, TÜRKİYE NİLÜFER BURSA;(224) 2415850;www.resolux.dk;resolux.dk;TET - Elektrik ve Elektronik İhracatçıları Birliği
OTO ERBAYLAR LİMİTED ŞİRKETİ;FERHATPAŞA MAH.ÜSKÜDAR CAD. NO.30YEDPA TİC. MERKEZİ KARŞISI ATAŞEHİR İSTANBUL;(216) 6612290;www.otoerbaylar.com.tr;otoerbaylar.com.tr;TET - Elektrik ve Elektronik İhracatçıları Birliği
RİGHON ENERJİ ANONİM ŞİRKETİ;ISTASYON MAH. ÇILEM SK. NO: 48 KARTEPE/ KOCAELI KARTEPE KOCAELİ;(262) 3733006;https://www.righon.com.tr/;righon.com.tr;TET - Elektrik ve Elektronik İhracatçıları Birliği
ECHO BİLGİ YÖNETİM SİSTEMLERİ A.Ş.;ESENTEPE MAH.İNÖNÜ CAD.ERDOĞAN SOK.NO:6 ENVER AYTA İŞ MERKEZİ KAT:2 KARTAL/İSTANBUL KARTAL İSTANBUL;(216) 8800967;https://echopos.com.tr/tr_tr/;echopos.com.tr;TET - Elektrik ve Elektronik İhracatçıları Birliği
BOYDEM YAPI VE ELEKTRIK MALZ. SAN.VE TIC.LTD.STI.;PERPA A BL.K.8 NO.762 ŞİŞLİ İSTANBUL;02122209731;www.boydem.com;boydem.com;TET - Elektrik ve Elektronik İhracatçıları Birliği
YILMAZ MAKİNA SANAYİ VE TİCARET LİMİTED ŞİRKETİ;YEŞİLBAYIR MAH.ŞİMŞİR SOK.NO:12 HADIMKÖY(BOYALIK) ARNAVUTKÖY İSTANBUL;(212) 7712500;www.yilmaz.com.tr;yilmaz.com.tr;TET - Elektrik ve Elektronik İhracatçıları Birliği
ARDE AYDINLATMA SAN. VE TİC. LTD. ŞTİ.;EMEK MAHALLESİ SIRDAŞ SOKAK NO: 27 SANCAKTEPE İSTANBUL;(216) 6021141;www.detayaydinlatma.com.tr;detayaydinlatma.com.tr;TET - Elektrik ve Elektronik İhracatçıları Birliği
LICALUX AYDINLATMA DANISMANLIK SANAYI VE TICARET LIMITED SIRKETI;ORUÇREIS MAH. TEKSTILKENT CAD. TEKSTILKENT B13BLOK NO: 10 Y IÇ KAPI NO: 115 ESENLER İSTANBUL;(850) 5325422;http://www.licalux.com;licalux.com;TET - Elektrik ve Elektronik İhracatçıları Birliği
MODELSA ELEKTRIK VE PLASTIK MAL. SAN. VE TIC. LTD. STI.;VATAN MAH ESENLER CAD ATEŞ SK N:3 BAYRAMPAŞA İSTANBUL;(212) 6742333;www.marketevi.com;marketevi.com;TET - Elektrik ve Elektronik İhracatçıları Birliği
DMY ELEKTRİK OTOMASYON AYDINLATMA SANAYİ TİCARET ANONİM ŞİRKETİ;EMEK MAH. ORDU CAD. NO:49 SANCAKTEPE İSTANBUL;(216) 2940155;www.na-de.com.tr;na-de.com.tr;TET - Elektrik ve Elektronik İhracatçıları Birliği
ERKAR MAKİNE ELEK.SAN.VE TİC.LTD.ŞTİ.;YENİ MAH.FUATPAŞA SOK.NO:17 SOĞANLIK KARTAL İSTANBUL;(216) 3778289;www.erkarmakine.com;erkarmakine.com;TET - Elektrik ve Elektronik İhracatçıları Birliği
ACRO TEKNOLOJİ A.Ş.;FATİH SULTAN MEHMET CAD.BALKAN MAH.62A ÜMRANİYE İSTANBUL;(216) 9991120;http://www.acro.com.tr;acro.com.tr;TET - Elektrik ve Elektronik İhracatçıları Birliği
CONTASIL SILIKON CONTA SAN VE TIC.LTD.STI.;SEYRANTEPE MAH. YILDIZ SOK. NO.254. LEVENT KAĞITHANE KAĞITHANE İSTANBUL;02122811152;www.contasil.com;contasil.com;TET - Elektrik ve Elektronik İhracatçıları Birliği
US X RAY RONTGEN A.S.;BOLU-ANKARA D-100 KARAYOLU 13 KM.NO.40 YENİCEPINAR MEVKİİ MERKEZ BOLU;(374) 2439200;www.usx-ray.com;usx-ray.com;TET - Elektrik ve Elektronik İhracatçıları Birliği
BAYCAN ELEKTRİK MÜTEAHHİTLİK SANAYİ VE TİCARET ANONİM ŞİRKETİ;ORGANIZE SANAYI BÖLG.7.CAD NO 7 Merkez ESKİŞEHİR;(222) 2360274;www.baycan.com.tr;baycan.com.tr;TET - Elektrik ve Elektronik İhracatçıları Birliği
UĞUR AYDINLATMA SAN. VE TİC. LTD.ŞTİ.;BEREKETZADE, MODERN PALAS, ŞAİR ZİYA PAŞA CD. 3/A BEYOĞLU İSTANBUL;(212) 2523224;https://cata.com.tr/;cata.com.tr;TET - Elektrik ve Elektronik İhracatçıları Birliği
DELTA TRADE COMPANY SAĞLIK ANONİM ŞİRKETİ;BAŞAKŞEHİR - İKİTELLİ - ATATÜRK BULVARI NO. 72 BAŞAKŞEHİR İSTANBUL;(212) 2215700;www.delta-trade-company.com;delta-trade-company.com;TET - Elektrik ve Elektronik İhracatçıları Birliği
LAZER MEDIKAL SAN.VE DIS TIC.A.S.;RUMELI C. NO.1/17-18-19 ŞİŞLİ İSTANBUL;02122912760;www.lazermedikal.com;lazermedikal.com;TET - Elektrik ve Elektronik İhracatçıları Birliği
HATTI TEKNIK ANALIZ VE OTOMASY HIZM.SAN.VE TIC.LTD.STI.;BAYAR CAD. GÜLBAHAR SOK. PERDEMSAC PLAZA NO:17 K.2 D:22PLAZA NO:17 K.2 D:22 KOZYATAĞI KADIKÖY İSTANBUL;(216) 3802680;www.hattiteknik.com;hattiteknik.com;TET - Elektrik ve Elektronik İhracatçıları Birliği
BİRİKİM PİLLERİ BATARYA TEKNOLOJİLERİ ANONİM ŞİRKETİ;RECEP BİLAL HANCI CAD. İTOSB SOSYAL TESİSLERİ İTOSB SOSYAL TESİSLERİ NO: 4 İÇ KAPI NO: 20 TEPEOREN İ TUZLA İSTANBUL;(212) 6299060;www.birikimpilleri.com;birikimpilleri.com;TET - Elektrik ve Elektronik İhracatçıları Birliği
FUPA ASANSÖR İNŞAAT PAZARLAMA SAN. VE TİC. A.Ş.;ŞERİFALİ MAH. KIBLE SK. NO:29 YUKARIDUDULLU ÜMRANİYE İSTANBUL;(216) 5279860;www.fupa.com.tr;fupa.com.tr;TET - Elektrik ve Elektronik İhracatçıları Birliği
AMPER ELEKTRİK İNŞAAT VE SANAYİ ANONİM ŞİRKETİ;HALİL RIFAT PAŞA MH YÜZER HAVUZ SK PERPE TİC MERK A BLOK KAT:2/38 ŞİŞLİ İSTANBUL;(212) 2211831;www.amper.com.tr;amper.com.tr;TET - Elektrik ve Elektronik İhracatçıları Birliği
STİLEVS ELEKTRİKLİ EV ALETLERİ SANAYİ VE TİCARET ANONİM ŞİRKETİ;YAKUPLU MH HARAMİDERE CD TANGET İS MERKEZİ NO:8-A/3 BEYLİKDÜZÜ İSTANBUL;(212) 8767578;www.stilevs.com.tr;stilevs.com.tr;TET - Elektrik ve Elektronik İhracatçıları Birliği
PHONIX CONTACT ELEKTRONİK TİCARET LTD.ŞTİ.;BULGURLU MAH. HANIM SETI SOK.NO.387A FERAH ÜSKÜDAR İSTANBUL;02164810300;www.phonixcontact.com.tr;phonixcontact.com.tr;TET - Elektrik ve Elektronik İhracatçıları Birliği
KEŞİF DIŞ TİCARET ENERJİ SANAYİ LİMİTED ŞİRKETİ;YALI MAH.KADİR SOK.NO:14 / 88-89 HELİS MORE RESIDENCES 34873 KARTAL İSTANBUL;(216) 4833565;www.discovery-trd.com;discovery-trd.com;TET - Elektrik ve Elektronik İhracatçıları Birliği
ATEK ELEKTRONIK SENSOR TEKNOL. SAN.VE TIC.A.S.;TUZLA KOSB ORGANİZE SANAYİ BÖLGESİMELEK ARAS BULVARI NO:67 TUZLA İSTANBUL;(216) 3994404;www.ateksensor.com;ateksensor.com;TET - Elektrik ve Elektronik İhracatçıları Birliği
ORACLE BILGISAYAR SISTEMLERI LTD.ŞTI.;HUZUR MAH. MASLAK AYAZAĞA CAD. NO.4/B K.2 302 UNİQ İSTANBUL MASLAK ŞİŞLİ İSTANBUL;(212) 3296700;www.oracle.com;oracle.com;TET - Elektrik ve Elektronik İhracatçıları Birliği
STARFISH ENERJİ LİMİTED ŞİRKETİ;OSTİM OSB MAHALLESİ 1170.CADDE NO:4 İÇ KAPI 42 YENİMAHALLE ANKARA;(312) 3863663;www.starfishlimited.com.tr;starfishlimited.com.tr;TET - Elektrik ve Elektronik İhracatçıları Birliği
GENTES GENEL MAKINA SANAYI VE TİC. LTD. ŞTİ;YUKARI DUDULLU İMES SAN.SİT.E BLOK504 SOK.N:53 YUKARIDUDULLU ÜMRANİYE İSTANBUL;(216) 3644670;www.gentesmakina.com.tr;gentesmakina.com.tr;TET - Elektrik ve Elektronik İhracatçıları Birliği
MERT GROUP ENDÜSTRİYEL REKLAM VE MODÜLER YAPI SİSTEMLERİ SANAYİ TİCARET LİMİTED ŞİRKETİ;ALİPAŞA MH TRABLUSGARP CD NO:20-22 SİLİVRİ İSTANBUL;(212) 8868737;www.mertgroup.com;mertgroup.com;TET - Elektrik ve Elektronik İhracatçıları Birliği
DIVERSEY KİMYA SAN.VE TİC.A.Ş.;BARBAROS IHLAMUR BULVARI, NO:3, İÇ KAPI NO:67 ATAŞEHİR İSTANBUL;(212) 5786400;www.diversey.com;diversey.com;TET - Elektrik ve Elektronik İhracatçıları Birliği
INGRAM MİCRO BİLİŞİM SİSTEMLERİ ANONİM ŞİRKETİ;ORTA MAH. MALTEPE CAD. NO.10/B BAYRAMPAŞA İSTANBUL;02124673800;www.armada.com.tr;armada.com.tr;TET - Elektrik ve Elektronik İhracatçıları Birliği
HEXAGON METROLOGY MAKİNE TİCARET VE SANAYİ LİMİTED ŞİRKETİ;1213 SOK. NO.21 OSTİM ÇANKAYA ANKARA;03124171414;www.hexagonmetrology.com.tr;hexagonmetrology.com.tr;TET - Elektrik ve Elektronik İhracatçıları Birliği
TEKLAS KAUÇUK SAN. VE TİC. AŞ;BARIS MAH.KOŞUYOLU CAD.1804-2 SOKAK NO:26 GEBZE KOCAELİ;02626484400;www.teklas.com.tr;teklas.com.tr;TET - Elektrik ve Elektronik İhracatçıları Birliği
VEGA ŞEHİR MOBİLYALARI DIŞ TİCARET LTD.ŞTİ.;ATATÜRK MH.GAZİ CD. NO:14 İÇ KAPI NO: 2 ESENYURT İSTANBUL;(212) 8862727;www.vegavizyon.com;vegavizyon.com;TET - Elektrik ve Elektronik İhracatçıları Birliği
EMFA ELEKTRİK MALZ.FABRİKA A.Ş;DAVUTPASA CAD.CEBE ALIBEY SOK.NO:18 İSTANBUL;02124822962;www.emfa.com.tr;emfa.com.tr;TET - Elektrik ve Elektronik İhracatçıları Birliği
RENTA ELEKTRİKLİ EV ALETLERİ SAN. VE DIŞ TİC. LTD. ŞTİ.;İÇERENKÖY MAHALLESİ ÇAYIR YOLU SOKAK NO:11KAT:7 ATAŞEHİR İSTANBUL;(216) 4664242;www.hoover.com.tr;hoover.com.tr;TET - Elektrik ve Elektronik İhracatçıları Birliği
KİNAN DIŞ TİCARET LİMİTED ŞİRKETİ;BURHANİYE MAH.NEŞET BEY SOK.N:9 ÜSKÜDAR İSTANBUL;(216) 5451306;www.kinanmarble.com;kinanmarble.com;TET - Elektrik ve Elektronik İhracatçıları Birliği
TEKNIKA PLAST TEKNIK KALIP PLASTIK SANAYİ VE TICARET ANONİM ŞİRKETİ;3. ORG. SAN.BÖLGESI AHMETTÜTÜNCÜOĞLU CAD. NO:3 MANİSA MANİSA;02362130494;www.teknikaplast.com.tr;teknikaplast.com.tr;TET - Elektrik ve Elektronik İhracatçıları Birliği
HB LUX TEKNOLOJİ SANAYİ VE TİCARET LİMİTED ŞİRKETİ;İVEDİKOSB MAH. HAVALANDIRMACILAR CAD. NO:70 YENİMAHALLE ANKARA;(312) 9405628;www.hb-lux.com;hb-lux.com;TET - Elektrik ve Elektronik İhracatçıları Birliği
SPOT ELEKTRIK AYDINLATMA VE MUMESILLIK SAN.TIC.LTD.STI.;EKŞİOĞLU MH SARAY CD NO: 7-9 ÇEKMEKÖY İSTANBUL;;www.spotelektrik.com.tr;spotelektrik.com.tr;TET - Elektrik ve Elektronik İhracatçıları Birliği
SOMTAS AVIZE SANAYI A.S.;HUZUR MAH.IMAM CESMECAD.ORKIDE SK.NO.6 ŞİŞLİ İSTANBUL;02122890230;www.somtas.com.tr;somtas.com.tr;TET - Elektrik ve Elektronik İhracatçıları Birliği
MEFA ELEKTRIK MUHENDISLIK SANAYİ VE TICARET LİMİTED ŞİRKETİ;PERPA TİCARET MERKEZİ A BLOK KAT:5 NO:52-54-56 ŞİŞLİ İSTANBUL;(212) 2108700;www.mefaelektrik.com;mefaelektrik.com;TET - Elektrik ve Elektronik İhracatçıları Birliği
HASSAN İÇ VE DIŞ TİCARET LİMİTED ŞİRKETİ;CUMHURİYET MAH TURGUT ÖZAL CD KARAYEL SK N:22 GEBZE KOCAELİ;;www.dekortools.com;dekortools.com;TET - Elektrik ve Elektronik İhracatçıları Birliği
GEO METAL SAN. TİC. LTD. ŞTİ.;TEPEÖREN ORTA MH. EKŞİOĞLU ERDEM SAN. SİT. B2 BLOK NO:5 TUZLA İSTANBUL;(216) 3042260;www.geometal.com.tr;geometal.com.tr;TET - Elektrik ve Elektronik İhracatçıları Birliği
SELVİTOP ELEKTRİK MALZEMELERİ VE İNŞ. SAN. TİC. LTD. ŞTİ.;İKİTELLİ OSB BAŞAKŞEHİR SANAYİ A BLOK NO:7-16 1. VE 2. KAT BAŞAKŞEHİR İSTANBUL;(212) 4854413;www.prolux.com.tr;prolux.com.tr;TET - Elektrik ve Elektronik İhracatçıları Birliği
KARINCA PANO MÜH. SAN. TİC. A.Ş.;BEYLİKDÜZÜ OSB MAH.MUSTAFA KURTOĞLU CAD.NO:13/Z BEYLİKDÜZÜ İSTANBUL;(212) 8790405;http://karincapano.com/;karincapano.com;TET - Elektrik ve Elektronik İhracatçıları Birliği
NURLU YATIRIM İŞLETMELERİ İNŞ. SAN. VE TİC. LTD. ŞTİ.;DUDULLU CAD. NO.23-25B BRANDIUM R2 REZİDANCE BLK D.117 KÜÇÜKBAKKALKÖY ATAŞEHİR İSTANBUL;(216) 5776660;www.nurluyatirim.com;nurluyatirim.com;TET - Elektrik ve Elektronik İhracatçıları Birliği
ATHOS ELEKTRO TEKNİK SAN.VE TİC.LTD.ŞTİ.;VELİMEŞE MAH.SARAY CD.NO:113/AERGENE TEKİRDAĞ TEKİRDAĞ;(282) 6911150;www.athos.com.tr;athos.com.tr;TET - Elektrik ve Elektronik İhracatçıları Birliği
PULS ENDÜSTRİ ÜRÜNLERİ İÇ VE DIŞ TİC. A.Ş.;ÖMERLİ MAH. SECİYE SOK. NO:9 ARNAVUTKÖY İSTANBUL;(212) 7983636;www.pulsendustri.com;pulsendustri.com;TET - Elektrik ve Elektronik İhracatçıları Birliği
ROYAL KABLO SANAYİ VE TİCARET ANONİM ŞİRKETİ;ALCI OSB MAH. 2018 CAD. NO: 15 SİNCAN ANKARA;(312) 7040525;http://www.royalkablo.com;royalkablo.com;TET - Elektrik ve Elektronik İhracatçıları Birliği
ONUR DIS DEPOSU TIBBI GERECLER SAN.VE TIC.LTD.STI.;MİLLET CADDESİ LÜTFÜPAŞA SOKAK NO:50/1 FENER FATİH İSTANBUL;(212) 6357884;www.onurdental.com;onurdental.com;TET - Elektrik ve Elektronik İhracatçıları Birliği
MESA TERMİNAL SANAYİ VE TİCARET ANONİM ŞİRKETİ;ORG. SAN. BOLG. TURGUT OZAL CAD.PIK. SAN. DOK. SAN. SIT. A6BL. NO.13-15 BAŞAKŞEHİR İSTANBUL;(212) 4852030;www.mesaterminal.com.tr;mesaterminal.com.tr;TET - Elektrik ve Elektronik İhracatçıları Birliği
FRONIUS İSTANBUL ELEKTRONİK TİCARET VE SERVİS LTD.ŞTİ.;AYDINLI MAH.BATI CAD. 3. SOK. TUZLA SAN. BÖLG.NO.1 TUZLA İSTANBUL;(216) 5815900;www.fronius.com;fronius.com;TET - Elektrik ve Elektronik İhracatçıları Birliği
EKSAGATE ELEKTRONİK MÜHENDİSLİK VE BİLGİSAYAR SAN. TİC. A.Ş.;YEŞİLCE MAH. DOĞA SOKAK KÖKCEN PLAZA NO:6 KAT:2 KAĞITHANE İSTANBUL;(212) 2757322;www.exagate.com;exagate.com;TET - Elektrik ve Elektronik İhracatçıları Birliği
DREAMSTAR TEKNOLOJİ VE TİC. LTD. ŞTİ.;AYDINTEPE MAH. SAHİL YOLU BULVARIALİZE İŞ MERKEZİ NO.:191/94 TUZLA İSTANBUL;(216) 3927777;www.dreamstar.com.tr;dreamstar.com.tr;TET - Elektrik ve Elektronik İhracatçıları Birliği
RHOFA ENERJİ MÜHENDİSLİK SANAYİ VE TİCARET ANONİM ŞİRKETİ;GAZİ OSMAN PAŞA OSB MAH. 1. CAD. NO:143A ÇERKEZKÖY TEKİRDAĞ;(282) 7715640;http://www.rhofaenergy.com;rhofaenergy.com;TET - Elektrik ve Elektronik İhracatçıları Birliği
FATMA CEYLAN-CEYLAN MEDİKAL İMALAT İTH.İHR.DIŞ.TİCARET;YENİ CAMİ OSB MAHALLESİ 5.CADDE NO:6 KAVAK SAMSUN;(362) 2668171;www.ceylantibbi.com.tr;ceylantibbi.com.tr;TET - Elektrik ve Elektronik İhracatçıları Birliği
E-KART ELEKTRONİK KART SİSTEMLERİ SAN. VE TİC. A.Ş.;GEBZE ORG.SAN.BOLG.NEHROZOĞLU CADN:503 GEBZE KOCAELİ;02626485800;www.ekart.com.tr;ekart.com.tr;TET - Elektrik ve Elektronik İhracatçıları Birliği
ÖNAYSAN ENDÜSTRİYEL ÜRÜNLER ÜRETİM VE DIŞ TİCARET ANONİM ŞİRKETİ;ORG.SANAYI BOLG.1.CAD.NO:18-20 ÜMRANİYE İSTANBUL;(216) 5282600;www.onaysan.com.tr;onaysan.com.tr;TET - Elektrik ve Elektronik İhracatçıları Birliği
ÖZGÜN İNŞAAT TAAHHÜT SANAYİ VE TİCARET LİMİTED ŞİRKETİ;GAYRETTEPE MH GÖNENOĞLU SK NO :7 GAYRETTEPE BEŞİKTAŞ İSTANBUL;(212) 2753737;www.ozguntr.com;ozguntr.com;TET - Elektrik ve Elektronik İhracatçıları Birliği
SAFI YILMAZ;VATAN MH.ÇIFTEHAVUZLAR CD.ARSK.NO:7 BAYRAMPAŞA İSTANBUL;02125672283;www.sa-fi.com;sa-fi.com;TET - Elektrik ve Elektronik İhracatçıları Birliği
VOLTRAN ELEKTROTEKNİK SANAYİ VE TİCARET ANONİM ŞİRKETİ;İKİTELLİ OSB. MARMARA SAN. SİT. 1.BLOK NO:17NO:23 SEFAKÖY KÜÇÜKÇEKMECE İSTANBUL;(212) 6989580;www.voltranelektro.com.tr;voltranelektro.com.tr;TET - Elektrik ve Elektronik İhracatçıları Birliği
KG ELEKTRİK İNŞAAT SANAYİ VE TİCARET LİMİTED ŞİRKETİ;ATATÜRK MAH. ERTUĞRUL GAZİ SK. A BLOK NO:2E İÇ KAPI NO:632 ATAŞEHİR İSTANBUL;(216) 5400651;www.kgelektrik.com.tr;kgelektrik.com.tr;TET - Elektrik ve Elektronik İhracatçıları Birliği
INNOWARM ISITICI ELEMANLARI OTOMOTİV SANAYİ VE TİCARET LİMİTED ŞİRKETİ;OSTİM SOB 243 CD.NO:35 YENİMAHALLE/ANKARA YENİMAHALLE ANKARA;(312) 3861046;www.innowarm.com;innowarm.com;TET - Elektrik ve Elektronik İhracatçıları Birliği
MEG ENDÜSTRİ OTOMASYON SANAYİ VE TİCARET ANONİM ŞİRKETİ;KÇABURGAZ MAH. ALKOP SANAYİ SİTESİ 1592.SOKAK A3 BLOK NO:18 34510 ESENYURT İSTANBUL;(212) 8864330;www.megendustri.com.tr;megendustri.com.tr;TET - Elektrik ve Elektronik İhracatçıları Birliği
4M ALTIN ELEKTRİK İNŞAAT TEKS.GIDA SAN.VE TİC.A.Ş.;BAĞLARBAŞI MAH.1. HÜRRİYET CD.NO:178 OSMANGAZİ BURSA;(224) 4446816;www.4maltinelektrik.com.tr;4maltinelektrik.com.tr;TET - Elektrik ve Elektronik İhracatçıları Birliği
BEGÜSA AYDINLATMA VE AVİZE SAN.TİC.LTD.ŞTİ.;CUMHURİYET MAH. 2375 SOK. NO.12 SULTANGAZİ İSTANBUL;(212) 6192092;www.begusa.com.tr;begusa.com.tr;TET - Elektrik ve Elektronik İhracatçıları Birliği
FREKANS TRANSFORMATÖR ENERJİ YATIRIM ANONİM ŞİRKETİ;MALIKÖY BAŞKENT OSB MAH. 47. CAD NO:14 SİNCAN ANKARA;;http://www.frekanstransormator.com.tr;frekanstransormator.com.tr;TET - Elektrik ve Elektronik İhracatçıları Birliği
GRUP IMAJ AYDINLATMA SAN. VE TIC.A.Ş.;DENİZ AKTAŞ CAD. NO:6 KAVAKLI BEYLİKDÜZÜ İSTANBUL;(212) 6899308;www.grupimaj.com;grupimaj.com;TET - Elektrik ve Elektronik İhracatçıları Birliği
TESTONE TEKNOLOJİ ÇÖZÜMLERİ SAN. VE TİC. A.Ş.;GÜRSEL MAH. İKBAL SOK. NO:7 D.1-2-3 KAĞITHANE İSTANBUL;(212) 6391983;www.testone.com.tr;testone.com.tr;TET - Elektrik ve Elektronik İhracatçıları Birliği
AKRATEK ELEKTRONİK SAN. İÇ VE DIŞ TİC. LTD.ŞTİ.;ZÜMRÜTEVLER MAH. ERTUĞRUL SK. NO: 10 A MALTEPE İSTANBUL;(216) 2912230;www.akratek.com;akratek.com;TET - Elektrik ve Elektronik İhracatçıları Birliği
KEF ENDÜSTRİYEL İMALAT İTHALAT İHR. TURZ. TİC. LTD. ŞTİ.;27SK. NO:17 FERHATPAŞA MH. ATAŞEHİR İSTANBUL;(216) 4715364;www.kef.com.tr;kef.com.tr;TET - Elektrik ve Elektronik İhracatçıları Birliği
KOÇ SİSTEM BİLGİ VE İLETİŞİM HİZMETLERİ A.Ş.;UNALAN MAH. AYAZMA CAD. ÇAMLICA İŞ MERKE.B3 BLOK NO.11 ÜSKÜDAR İSTANBUL;(216) 5561100;www.kocsistem.com.tr;kocsistem.com.tr;TET - Elektrik ve Elektronik İhracatçıları Birliği
LİNKA GÖRÜNTÜ IŞIK VE SES SİSTEMLERİ TİCARET A.Ş.;MASLAK MAH. AOS 55 SOK. 42 MASLAK A BLOK NO:2 İÇ KAPI NO:1 SARIYER İSTANBUL;(212) 2118865;www.linkgroup.com;linkgroup.com;TET - Elektrik ve Elektronik İhracatçıları Birliği
DELL TEKNOLOJİ LTD.ŞTİ;ASKENT SOK. NO. 3/A KOSİFLER SOK. K.4 İÇERENKÖY ATAŞEHİR İSTANBUL;(216) 5708700;www.dell.com;dell.com;TET - Elektrik ve Elektronik İhracatçıları Birliği
TBM OTOMASYON İNŞAAT SANAYİ VE TİCARET LİMİTED ŞİRKETİ;İKİTELLİ OSB TRİKO CENTER M9 NO:18 BAŞAKŞEHİR İSTANBUL;(212) 6711680;www.tbmotomasyon.com;tbmotomasyon.com;TET - Elektrik ve Elektronik İhracatçıları Birliği
ERY BİLİŞİM ANONİM ŞİRKETİ;AHİ EVRAN OSB MAH. ASO BLV. NO:1 SİNCAN ANKARA;(312) 2675379;https://www.erybilisim.com/;erybilisim.com;TET - Elektrik ve Elektronik İhracatçıları Birliği
YAPI MERKEZİ İNŞAAT VE SAN. AŞ;BURHANIYE MAH.HACI RESIT PASASOK.NO:4 ÜSKÜDAR İSTANBUL;(216) 3219000;www.ym.com.tr;ym.com.tr;TET - Elektrik ve Elektronik İhracatçıları Birliği
TTAF ELEKTRONİK SANANYİ VE TİCARET ANONİM ŞİRKETİ;KAVAKLI MAH. İSTANBUL CAD. NO:21 BEYLİKDÜZÜ İSTANBUL;(212) 8558220;www.ttaf.com.tr;ttaf.com.tr;TET - Elektrik ve Elektronik İhracatçıları Birliği
ELBAK MAKINA MUH.VE END.URUN. SAN.VE TIC.LTD.STI.;BOSTANCI YOLU KURU SOKAK NO.20 YUKARIDUDULLU ÜMRANİYE İSTANBUL;(216) 5900240;www.elbak.com.tr;elbak.com.tr;TET - Elektrik ve Elektronik İhracatçıları Birliği
CEREN ÜRETİM PLASTİK ÜRÜNLERİ SAN. VE TİC. A.Ş.;ZAFER MAH 143. SOK. NO:8/ D: 8/A-8/3 ESENYURT İSTANBUL;(212) 4944575;www.cerenuretim.com;cerenuretim.com;TET - Elektrik ve Elektronik İhracatçıları Birliği
CIZGI TEKNOLOJİ ELEKTRONİK TASARIM VE ÜRETİM ANONİM ŞİRKETİ;MERVE MAH. NECİP FAZIL CAD. 8 YENİDOĞAN ÜMRANİYE İSTANBUL;(216) 3658250;www.cizgi.net;cizgi.net;TET - Elektrik ve Elektronik İhracatçıları Birliği
GMT ENDÜSTRİYEL ELEKTRONİK SANAYİ VE TİCARET ANONİM ŞİRKETİ;ÇUBUKLU MAH BOĞAZİÇİ CAD, BOĞAZİÇİ PLAZA, NO:6/B BEYKOZ İSTANBUL;;www.gmtcontrol.com;gmtcontrol.com;TET - Elektrik ve Elektronik İhracatçıları Birliği
LS ELEKTRİK SANAYİ TİCARET LİMİTED ŞİRKETİ;MASLAK MAH. AOS 55. SK. 42 MASLAK A BLOK NO: 2 İÇ KAPI NO: 283 SARIYER İSTANBUL;(212) 8061252;http://www.ls-electric.com;ls-electric.com;TET - Elektrik ve Elektronik İhracatçıları Birliği
OPAK LENS SANAYİ VE TİCARET A.Ş.;KAVACIK MAH. ŞEHİT POLİS MUSTAFAYAZICI SOK. NO.20 BEYKOZ İSTANBUL;(216) 3312997;www.opaklens.com;opaklens.com;TET - Elektrik ve Elektronik İhracatçıları Birliği
CLARIANT (TÜRKİYE) BOYA KİMYEVİ MADDELER VE MADENCİLİK SAN. VE TİC. AŞ;İÇERENKÖY MAH. UMUT SOK. QUİCK TOWER SİTESİNO:10-12 İÇ KAPI NO:101 ATAŞEHİR İSTANBUL;(262) 6737373;www.clariant.com;clariant.com;TET - Elektrik ve Elektronik İhracatçıları Birliği
EMPERO ENDÜSTRİYEL MUTFAK EKİPMANLARI PAZARLAMA İÇ VE DIŞ TİCARET ANONİM ŞİRKETİ;TOPÇULAR MH FERHATPAŞA CD NO:4/F EYÜP İSTANBUL;(212) 3618300;www.empero.com.tr;empero.com.tr;TET - Elektrik ve Elektronik İhracatçıları Birliği
OĞUZ ENERJİ GÜÇ SİSTEMLERİ JENERATÖR PAZARLAMA SAN.VE TİC.LTD.ŞTİ;FATİH MAH. ATATÜRK CAD. NO.17/A SULTANBEYLİ İSTANBUL;(216) 3640859;www.oguzjenerator.com.tr;oguzjenerator.com.tr;TET - Elektrik ve Elektronik İhracatçıları Birliği
ZOOM İTHALAT FOTOĞRAF VE AKSESUARLARI TİC.LTD.ŞTİ.;HOBYAR MAH. YALIKÖŞKÜ CADDESİ NO:22 KAT:1 SİRKECİ FATİH İSTANBUL;(212) 2697676;www.zoomithalat.com;zoomithalat.com;TET - Elektrik ve Elektronik İhracatçıları Birliği
DOWELL SCHLUMBERGER MIDDLE EAST INC TÜRKİYE ANKARA ŞUBESİ;53 CAD. 1450 SOK. ULUSOY PLAZA NO. 9/14 ÇUKURAMBAR ÇANKAYA ANKARA;03124467740;www.slb.com;slb.com;TET - Elektrik ve Elektronik İhracatçıları Birliği
ERTOK YAPI MALZEMELERİ SAN. VE TİC. AŞ;ÇATALÇEŞME MH SARAY CD NO:291 A ÇEKMEKÖY İSTANBUL;(216) 4290890;www.er-tok.com.tr;er-tok.com.tr;TET - Elektrik ve Elektronik İhracatçıları Birliği
GENERG DIŞ TİCARET LİMİTED ŞİRKETİ;FERAH MAH. GÜNBATTI SK. NO:8 İÇ KAPI NO:8 ÜSKÜDAR İSTANBUL;;www.generg.com.tr;generg.com.tr;TET - Elektrik ve Elektronik İhracatçıları Birliği
ENTEK OTOMASYON URUNLERI SAN VE TIC.A.Ş;DERSAN B BLOK NO:1/111-112 İKİTELLİ OSB MAH BAŞAKŞEHİR, İSTANBUL, TÜRKİYE BAŞAKŞEHİR İSTANBUL;;www.entek.com.tr;entek.com.tr;TET - Elektrik ve Elektronik İhracatçıları Birliği
VESTAS RUZGAR ENERJISI SIST.SA N. VE TIC.LTD.STI.;DEGIRMEN SOK NIDA KULE NO 18 KAT 1B KADIKÖY İSTANBUL;02165698080;www.vestas.com;vestas.com;TET - Elektrik ve Elektronik İhracatçıları Birliği
MOTORFAN ELEKTRIK SANAYI VE TICARET LTD.STI.;ÖMERLİ MAH. ÜÇURTMA SK. 3/1 ARNAVUTKÖY İSTANBUL;02127711092;www.motorfan.com.tr;motorfan.com.tr;TET - Elektrik ve Elektronik İhracatçıları Birliği
SARAY ELEKTRİK SAN. VE TİC.A.Ş.;YENİDOĞAN MAH ABDİ İPEKÇİ CAD EMİRTAŞ 1 SAN SİT NO 14-15-16 BAYRAMPAŞA İSTANBUL;(212) 4931870;www.saraypano.com.tr;saraypano.com.tr;TET - Elektrik ve Elektronik İhracatçıları Birliği
ATLAS SHIP SUPPLY GEMİ TEDARİK HİZMETLERİ TİCARET ANONİM ŞİRKETİ;15 TEMMUZ MAHALLESİ KOÇMAN CADDESİ NO : 48 BAĞCILAR İSTANBUL;(212) 6139110;www.atlasshipsupply.com;atlasshipsupply.com;TET - Elektrik ve Elektronik İhracatçıları Birliği
BERYAM MEDİKAL TURİZM SANAYİ VE TİCARET LİMİTED ŞİRKETİ;ABDURRAHMAN NAFİZ GÜRMAN MAH. NAZIM ERTEN SOKAKNO:25/20 GÜNGÖREN İSTANBUL;(212) 5020515;www.beryemmedikal.com;beryemmedikal.com;TET - Elektrik ve Elektronik İhracatçıları Birliği
OPTİMUM ELEKTRONİK BİLG. SAN. VE TİC. LTD. ŞTİ.;TUGAY YOLU CAD.OFİSİM İSTANBUL B-24 CEVİZLİ MALTEPE İSTANBUL;(216) 5265475;www.optimumelektronik.com;optimumelektronik.com;TET - Elektrik ve Elektronik İhracatçıları Birliği
ATAKEL ELEKTRONİK SAN. İÇ VE DIŞ TİC. LTD. ŞTİ.;19 MAYIS MAH. KAVİSLİ SOK. GÜVEN APT. NO:29 D:17AYŞEKADIN KADIKÖY İSTANBUL;(216) 4455980;www.atakel.com;atakel.com;TET - Elektrik ve Elektronik İhracatçıları Birliği
ANKA SAĞLIK GEREÇLERİ SAN. İÇ VE DIŞ TİC. LTD. ŞTİ.;HASEKİ SOKAK NO:36 ESENŞEHİR 34776 ÜMRANİYE, İSTANBUL, TÜRKİYE ÜMRANİYE İSTANBUL;(216) 3150477;www.ankasaglik.com.tr;ankasaglik.com.tr;TET - Elektrik ve Elektronik İhracatçıları Birliği
BAYSALLAR ELEKTRIK INS.GIDA TEKS.SAN.TIC.LTD.STI.;ZAFER MAH. EKİN CAD. 169 SOK. NO.23/5 ESENYURT İSTANBUL;(212) 4624442;www.baysalregulator.com;baysalregulator.com;TET - Elektrik ve Elektronik İhracatçıları Birliği
ARTRONİC ELEKTRONİK SAN. MÜMESSİLLİK TİC. A.Ş.;TATLISU MAH. ARACI SK.NO:1 ÜMRANİYE İSTANBUL;(216) 3658221;www.artronic.com.tr;artronic.com.tr;TET - Elektrik ve Elektronik İhracatçıları Birliği
KUMTEL DAYANIKLI TÜKETİM MAL.PLS.SAN.TİC.A.Ş.;ORGANİZE SAN. BÖLGESİ 6.CAD. NO:42 MELİKGAZİ KAYSERİ;(352) 3211400;www.kumtel.com;kumtel.com;TET - Elektrik ve Elektronik İhracatçıları Birliği
PERTEK ELEKTRİK DIŞ TİCARET ANONİM ŞİRKETİ;ALEMDAĞ MAH.145.SOK.N:6 C3 ÇEKMEKÖY İSTANBUL;;www.pertek.com.tr;pertek.com.tr;TET - Elektrik ve Elektronik İhracatçıları Birliği
BEŞLER ELEK. İNŞ. HIR. GIDA TEKS. HED. EŞYA SAN. İÇ VE DIŞ TİC. LTD. ŞTİ.;UZUNÇARŞI CAD.HAMAM ÇARŞI IÇINO.329/YZ-08 TAHTAKALE FATİH İSTANBUL;02125197031;www.beslerelektrik.com.tr;beslerelektrik.com.tr;TET - Elektrik ve Elektronik İhracatçıları Birliği
REYTECH ENERJİ VE TİCARET LİMİTED ŞİRKETİ;ATATÜRK MAH. ERTUGRUL GAZI SK. METROPOL ISTANBUL A BLOK NO: 2 E IÇ KAPI NO: 56 ATAŞEHİR İSTANBUL;(216) 2667697;https://www.reytech.com.tr/iletisim;reytech.com.tr;TET - Elektrik ve Elektronik İhracatçıları Birliği
TERMEL MAKINA SAN. VE TIC. LTD.STI.;CAVUSOGLU M.SELVI YOLU C.N:8 K.2 KARTAL İSTANBUL;02163872603;www.termel.com.tr;termel.com.tr;TET - Elektrik ve Elektronik İhracatçıları Birliği
DÜNYA GOZ HASTANESI SANAYİ VE TICARET ANONİM ŞİRKETİ;ETİLER MAH. YANARSU SOK. DÜNYA GÖZ HASTANESİ APT.NO:1-3 ETİLER BEŞİKTAŞ İSTANBUL;(212) 3623232;www.dunyagoz.com;dunyagoz.com;TET - Elektrik ve Elektronik İhracatçıları Birliği
FARUK PULLU ENERJİ KABLO SANAYİ VE TİCARET LİMİTED ŞİRKETİ;"KEMALPAŞA MAHALLESİ ESKİ POSTANE SOKAK &GT;DEMİRSOİŞ MERKEZİ NO: 9/21 İZMİT KOCAELİ";(262) 2515040;http://www.enerjikablo.com.tr;enerjikablo.com.tr;TET - Elektrik ve Elektronik İhracatçıları Birliği
TEKSAN MAKİNA VE YAPI ELEMANLARI İMALAT SAN. VE TİC. LTD. ŞTİ.;MADEN CD PELİTLİ MH NO:9 GEBZE KOCAELİ;;www.teksanltd.com;teksanltd.com;TET - Elektrik ve Elektronik İhracatçıları Birliği
ALPRESS KALIP.DAN.ITH.IHR.SAN. VE TIC.LTD.STI.;DEMIRCILER SITESI 9. CADDE NO.26 ZEYTİNBURNU İSTANBUL;(212) 4166505;www.alpress.net;alpress.net;TET - Elektrik ve Elektronik İhracatçıları Birliği
MATRIKS BINA KONTR.SIST.SAN.VE TIC.LTD.STI.;ATAŞEHİR ATATÜRK MAH. EKİNCİOĞLU SOK. NO:21 ATAŞEHİR İSTANBUL;(216) 5749191;www.matrikstr.com;matrikstr.com;TET - Elektrik ve Elektronik İhracatçıları Birliği
T DİNAMİK ENERJİ SAN.VE DIŞ TİC.A.Ş;KISIKLI MAH. İNCİR SOK. NO:6/B ÜSKÜDAR/İSTANBUL ÜSKÜDAR İSTANBUL;;https://tdinamik.com/;tdinamik.com;TET - Elektrik ve Elektronik İhracatçıları Birliği
MP AIR SEA LOJISTIK TICARET LIMITED SIRKETI;YESILKÖY MAH. ATATÜRK CAD. NO: 10 /1 IÇ KAPI NO: 394 YEŞİLKÖY BAKIRKÖY İSTANBUL;(212) 2108746;www.mnp.de;mnp.de;TET - Elektrik ve Elektronik İhracatçıları Birliği
ARBURG PLASTİK ENJEKSİYON MAKİNALARI SANAYİ VE TİCARET LİMİTED ŞİRKETİ;MERKEZ MAH.HÜRRIYET CAD NO:137YAKUPLU BEYLİKDÜZÜ İSTANBUL;02128754111;www.arburg.com;arburg.com;TET - Elektrik ve Elektronik İhracatçıları Birliği
ZLUX AYDINLATMA A.Ş.;BAHÇEŞEHİR 1.KISIM MAHALLESİ ARDIÇ CAD. NO:98 BADEM 3-VİLLA 11, BAHÇEŞEHİR ESENLER İSTANBUL;(212) 4381116;www.zlux.com.tr;zlux.com.tr;TET - Elektrik ve Elektronik İhracatçıları Birliği
MERKEZ MOTOR MAKİNE SAN. VE TİC. A.Ş.;TERAZİDERE MAH. PAK SOK. NO:11 BAYRAMPAŞA İSTANBUL;(212) 6748516;www.merkezmotor.com.tr;merkezmotor.com.tr;TET - Elektrik ve Elektronik İhracatçıları Birliği
ÖZARTAŞ AVİZE SANAYİ İHRACAT VE TİCARET ANONİM ŞİRKETİ;FATİH SULTAN CADDESİ ÇİFTÇİLER SKN:8/10 ŞİŞLİ İSTANBUL;(212) 2387306;www.ozartas.net;ozartas.net;TET - Elektrik ve Elektronik İhracatçıları Birliği
NEC TELEKOMÜNİKASYON VE BİLGİ TEKNOLOJİLERİ LTD.ŞTİ.;DİKİLİTAŞ EMİRHAN CAD. NO:113 BARBAROS PLAZA İŞ MERKEZİ C BLOK KAT: 10 BEŞİKTAŞ İSTANBUL;(212) 3477968;www.nec.com;nec.com;TET - Elektrik ve Elektronik İhracatçıları Birliği
ATEK İTHALAT İHRACAT VE TURİZM YATIRIMLARI SAN. TİC. LTD.ŞTİ.;HALİL RIFAT PAŞA MAH. YÜZER HAVUZ SOK. PERPA TİCARET MERKEZİ A BLOK KAT:2 ŞİŞLİ İSTANBUL;(212) 2109595;www.atekyatirim.com;atekyatirim.com;TET - Elektrik ve Elektronik İhracatçıları Birliği
ALFANAR ELEKTRİK ANONİM ŞİRKETİ;AHİ EVRAN OSB MAHALLESİ OĞUZ CADDESİ NO :52 SİNCAN ANKARA;(312) 2671576;http://www.alfanar.com.tr;alfanar.com.tr;TET - Elektrik ve Elektronik İhracatçıları Birliği
AKPLAST POLYESTER PLASTİK SANAYİ VE TİCARET LİMİTED ŞİRKETİ;CEVİZLİ MAH. SARAYLAR CAD. NO.1 KARTAL İSTANBUL;02163527663;www.akplast.com;akplast.com;TET - Elektrik ve Elektronik İhracatçıları Birliği
BLC GROUP GLOBAL DIŞ TİCARET LİMİTED ŞİRKETİ;ORTA MAH. AKTEPE CAD. NO:12/A TUZLA İSTANBUL;(216) 0000000;http://www.blcgroupglobal.com;blcgroupglobal.com;TET - Elektrik ve Elektronik İhracatçıları Birliği
BERG METAL SANAYİ VE TİCARET ANONİM ŞİRKETİ;MAKİNE İHTİSAS ORGANİZE SANAYİ BÖLGESİ DEMİRCİLER MAHALLESİ 8. SOKAK NO:1 DEMİRCİLER MAHALLESİ 41455 DİLOVASI KOCAELİ;(262) 7232323;www.bemasmetal.com;bemasmetal.com;TET - Elektrik ve Elektronik İhracatçıları Birliği
KLEİDCO YAPI SİSTEMLERİ SANAYİ VE TİCARET ANONİM ŞİRKETİ;YENİBOSNA MERKEZ MAH YALÇIN KORES CD NO:14/1/2 BAHÇELİEVLER İSTANBUL;(212) 4385790;www.kleidco.com;kleidco.com;TET - Elektrik ve Elektronik İhracatçıları Birliği
DEMA ROLE SANAYİ VE TICARET ANONİM ŞİRKETİ;ZÜMRÜTEVLER MAH.ATATÜRK CD.İNANÇSOK.NO:4 MALTEPE İSTANBUL;(216) 3527734;www.demarole.com.tr;demarole.com.tr;TET - Elektrik ve Elektronik İhracatçıları Birliği
DOĞUŞ KALIP METAL ELEKTRİK SAN VE TİC. LTD. ŞTİ.;İKİTELLİ ORG.SAN.BÖLG.DEMİRCİLER SAN.SİTESİ B5 BLOK NO.123-124 KÜÇÜKÇEKMECE İSTANBUL;(212) 5497741;www.doguskalip.com;doguskalip.com;TET - Elektrik ve Elektronik İhracatçıları Birliği
EFO ELEKTRİK MALZEMELERİ SANAYİ VE TİCARET ANONİM ŞİRKETİ;10046 SOK. NO.10 ATATÜRK ORGANİZE SANAYİ BÖLGESİ ATATÜRK ORG. SAN. BLG. ÇİĞLİ İZMİR;02323768305;www.efoelektrik.com;efoelektrik.com;TET - Elektrik ve Elektronik İhracatçıları Birliği
HAFELE MOBILYA VE INSAAT DONANIMLARI SAN.VE TIC.A.S.;DOSB MH 1.CD NO:10 ESENŞEHİR ÜMRANİYE İSTANBUL;(216) 5285900;www.hafele.com.tr;hafele.com.tr;TET - Elektrik ve Elektronik İhracatçıları Birliği
MEHMET ERDEM SÖZEN;FEVZİÇAKMAK MH. 10632 SK. 2A/201 KARATAY KONYA;(332) 3501351;http://www.mesmuhendislik.com;mesmuhendislik.com;TET - Elektrik ve Elektronik İhracatçıları Birliği
MYSİA ELEKTRİK ELEKTRONİK YAZILIM BİLGİSAYAR SAN. TİC. A.Ş.;ALAADDİNBEY MAH. NİLÜFER TİCARET MERKEZİ 622 SK. SERA PLAZA 8/B NİLÜFER BURSA;(224) 4432465;http://www.mysiaelectric.com;mysiaelectric.com;TET - Elektrik ve Elektronik İhracatçıları Birliği
OMRON ELECTRONICS ELEKTRO MEKANİK YAZILIM TİCARET VE SANAYİ LİMİTED ŞİRKETİ;ALTUNIZADE KISIKLI CAD. NO.2 A BLK NO.2 ÜSKÜDAR İSTANBUL;02164740040;www.omron.com.tr;omron.com.tr;TET - Elektrik ve Elektronik İhracatçıları Birliği
BİOGEN MEDİKAL CİHAZLAR TİCARET A.Ş.;ORUÇREİS MAH. TEKSTİLKENT CAD. KOZA PLAZA A BLOK KAT:18 NO:67 ESENLER İSTANBUL;02125882355;www.biogen.com.tr;biogen.com.tr;TET - Elektrik ve Elektronik İhracatçıları Birliği
LALELİ ELEKTRİK TİCARET LTD.ŞTİ.;MESİHPAŞA MAH. LALELİ CAD. ŞAİR HAŞMET SK. NO:40/21 K:6 İKİTELLİ BAŞAKŞEHİR İSTANBUL;;www.lalelielektrik.com.tr;lalelielektrik.com.tr;TET - Elektrik ve Elektronik İhracatçıları Birliği
TİM OTOMASYON ANONİM ŞİRKETİ;HALKALI MERKEZ MAH DEREBOYU CAD ANTPLAZA PLATONO:4 K:17 D:134 KÜÇÜKÇEKMECE İSTANBUL;(212) 2211140;http://www.timotomasyon.com;timotomasyon.com;TET - Elektrik ve Elektronik İhracatçıları Birliği
ECM TIBBİ CİHAZLAR TİCARET LTD ŞTİ;GÜZELHİSAR MAH. ALBAY ŞEFİK CAD. 4/11 EFELER AYDIN;(256) 0000000;www.emctıbbicihazlar.com;emctıbbicihazlar.com;TET - Elektrik ve Elektronik İhracatçıları Birliği
İSTANBUL SENSÖRLER ALGILAYICI CİHAZLAR VE ENDÜSTRİYEL OTOMASYON SİSTEMLERİ VE TİCARET LTD.ŞTİ.;DUDULLU DES SAN. SİT. YÖNETİM MERK. BİNASI NO.2/36 ÜMRANİYE İSTANBUL;(216) 5203150;www.istanbulotomasyon.com.tr;istanbulotomasyon.com.tr;TET - Elektrik ve Elektronik İhracatçıları Birliği
OZKUL ELEKTRIK ELEKTRONIK SAN. VE TIC.LTD.STI.;KEMANKES MAH.ERISTECI SOK.ABEDHAN NO:7/11 BEYOĞLU İSTANBUL;02122937261;www.ozkulelektronik.com;ozkulelektronik.com;TET - Elektrik ve Elektronik İhracatçıları Birliği
SIMKAB ELEKTRIK SAN.ITH.IHR. TIC.LTD.STI.;YUNUSEMRE MAH. VEYSEL KARANİ CAD. TABİAT SOKAK NO:8 SANCAKTEPE İSTANBUL;(216) 3099946;www.simkab.com.tr;simkab.com.tr;TET - Elektrik ve Elektronik İhracatçıları Birliği
İ-MAK REDÜKTÖR VARYATÖR SAN. VE TİC. A.Ş.;DEMIRKAPI KERESTECILER SİTESIRIZA UZUN SOKAK NO.5 EYÜP İSTANBUL;02125678732;www.imakreduktor.com;imakreduktor.com;TET - Elektrik ve Elektronik İhracatçıları Birliği
İRİS İNŞAAT TURİZM SAN. VE TİC. A.Ş.;KERESTECİLER SAN. SİT. 19. SOK. NO:22/24 İKİTELLİ BAŞAKŞEHİR İSTANBUL;(212) 6704930;www.irisinsaat.com.tr;irisinsaat.com.tr;TET - Elektrik ve Elektronik İhracatçıları Birliği
MIKSAN MOTOR SANAYI VE TIC.A.S;BOSB- BEYLİKDÜZÜ ORGANİZE SANAYİ BÖLGESİ) BAKIR VE PİRİNÇ SAN. SİT. MENEKŞE CAD. NO:1 BEYLİKDÜZÜ İSTANBUL;(212) 2846400;www.miksanmotor.com;miksanmotor.com;TET - Elektrik ve Elektronik İhracatçıları Birliği
TECHNOCAST OTOMOTİV SANAYİ VE TİCARET ANONİM ŞİRKETİ;OS.B. GOP PAŞA MAH. 6. CAD. NO:12 ÇERKEZKÖY TEKİRDAĞ;;www.mednetic.com.tr;mednetic.com.tr;TET - Elektrik ve Elektronik İhracatçıları Birliği
PORTUNUS AES YEDEK PARÇA VE SERVİS ANONİM ŞİRKETİ;TUZLA KİMYA SANA.O.S.B.MELEKARAS BULV.ANALİTİK CAD.N:48/3 TUZLA İSTANBUL;(216) 5719000;www.portunus.com;portunus.com;TET - Elektrik ve Elektronik İhracatçıları Birliği
STEMC BİYOTEKNOLOJİ A.Ş.;LEVENT MAH. LALE SOK. NO:7 1 BEŞİKTAŞ İSTANBUL;(850) 9691907;www.stemc.com.tr;stemc.com.tr;TET - Elektrik ve Elektronik İhracatçıları Birliği
PRODAR MUH. INS.SAN.TIC.LTD.STİ.;ATATÜRK MH.CAN CD.NO:1 KAT:4 SARIGAZİ SANCAKTEPE İSTANBUL;02167151314;www.prodar.com;prodar.com;TET - Elektrik ve Elektronik İhracatçıları Birliği
BEF POWER ENERJİ PETROL OTOMOTİV SANAYİ DIŞ TİCARET LİMİTED ŞİRKETİ;KAZLIÇEŞME MAH.KENNEDY CAD. BÜYÜKYALI İST.SİT.K BLOK 52K/132 ZEYTİNBURNU İSTANBUL;(212) 5991810;https://www.befpower.com.tr/;befpower.com.tr;TET - Elektrik ve Elektronik İhracatçıları Birliği
MEGASER ENERJİ SANAYİ VE TİCARET LİMİTED ŞİRKETİ;ANADOLU BULV. TRİNVEST CORNER-2 SİT.NO:151/K YENİMAHALLE ANKARA;(312) 3957100;http://megaserenerjipano.com.tr;megaserenerjipano.com.tr;TET - Elektrik ve Elektronik İhracatçıları Birliği
DEMSAY ELEKTRONİK SANAYİ VE TİCARET A.Ş.;SAHİL MAH. MARMARA CAD .ÇAYIRLI SOK.NO:2/1 34520 BEYLİKDÜZÜ İSTANBUL;(212) 5099971;www.demsay.com;demsay.com;TET - Elektrik ve Elektronik İhracatçıları Birliği
AKELTAŞ ELEKTRİK TİCARET ANONİM ŞİRKETİ;KIZILIRMAK MAH.DUMLUPINAR BLV.NO:3 C-1 İÇ KAPI 160 ÇANKAYA ANKARA;(312) 0000000;http://www.akeltas.com;akeltas.com;TET - Elektrik ve Elektronik İhracatçıları Birliği
BUGEN TEKNOLOJİ DIŞ TİCARET ANONİM ŞİRKETİ;SÜMER MAH. ŞEHİT ER DAVUT BAŞ SK. E2 NO:1P İÇ KAPINO:8 ZEYTİNBURNU İSTANBUL;(212) 0000000;http://www.bugentech.com;bugentech.com;TET - Elektrik ve Elektronik İhracatçıları Birliği
TEKNO ELEKTRİK İNŞAAT MÜHENDİSLİK SANAYİ VE TİCARET LİMİTED ŞİRKETİ;PERPA TİCARET MERKEZİ A BLOK K:8 NO: 713 OKMEYDANI ŞİŞLİ İSTANBUL;02122227865;www.teknoelk.com.tr;teknoelk.com.tr;TET - Elektrik ve Elektronik İhracatçıları Birliği
OPAS OTOMOTIV PLATINLERI SAN. VE TIC.A.S.;MEHMET NESİH ÖZMEN MAHKERESTECİLER SİTESİ KASIM SOKAK NO:14 MERTER GÜNGÖREN İSTANBUL;02126429050;www.opasauto.com;opasauto.com;TET - Elektrik ve Elektronik İhracatçıları Birliği
VSY BİYOTEKNOLOJİ VE İLAÇ SANAYİ A.Ş.;TEPEÖREN, İSTANBUL TUZLA ORGANİZE SANAYİ BÖLGESİ 3. CAD. NO:3 TUZLA İSTANBUL;(216) 5930088;www.vsybiotechnology.com;vsybiotechnology.com;TET - Elektrik ve Elektronik İhracatçıları Birliği
TEKOM SAVUNMA VE HAVACILIK SANAYİ AŞ.;ERTUĞRUL GAZİ MAH. İNEGÖL CD. NO:7 KAT:2/2 KARTEPE KOCAELİ;(262) 3715313;www.tekom.com.tr;tekom.com.tr;TET - Elektrik ve Elektronik İhracatçıları Birliği
DOĞUŞ İNŞAAT VE TİCARET ANONİM ŞİRKETİ;BÜYÜKDERE CAD. NO: 249 KAT: 10-13 SARIYER İSTANBUL;(216) 5381500;www.dogusinsaat.com.tr;dogusinsaat.com.tr;TET - Elektrik ve Elektronik İhracatçıları Birliği
MEGA BILGISAYAR TICARET LTD. STI.;ISTASYON MAH. YENI EMEK APT.ALTI NO:61/A KOCASİNAN KAYSERİ;03522212500;www.megabil.com;megabil.com;TET - Elektrik ve Elektronik İhracatçıları Birliği
MEDİMPORT SAĞLIK ÜRÜNLERİ SANAYİ VE TİCARET LİMİTED ŞİRKETİ;AYKOSAN SANAYİ SİT. 4'LÜ A BLOKKAT:3 NO:245 İKİTELLİ OSB MAH 34480 BAŞAKŞEHİR İSTANBUL;(212) 0000000;www.medimport.com.tr;medimport.com.tr;TET - Elektrik ve Elektronik İhracatçıları Birliği
METEOSİS TEKNOLOJİ AŞ.;ANKARA UNİVERSİTESİ TEKNOKENT D BLOK NO19 GÖLBAŞI ANKARA;(312) 4848800;http://www.meteosis.com;meteosis.com;TET - Elektrik ve Elektronik İhracatçıları Birliği
ATASAR KABLO ENERJİ SANAYİ TİCARET LİMİTED ŞİRKETİ;AKSEMSETTIN MAH. YASIN SK.NO: 23 /1 IÇ KAPI NO: 3 SULTANBEYLİ İSTANBUL;(216) 2569725;http://www.elightonline.com;elightonline.com;TET - Elektrik ve Elektronik İhracatçıları Birliği
MİKROTAŞ MEKATRONİK ANONİM ŞİRKETİ;AKEVLER MAH. AYŞE FİTNAT HANIM CAD. CEMALIGIL APT BLOK NO: 25B AKEVLER ALTINÖZÜ HATAY;;www.mikrotas.com.tr;mikrotas.com.tr;TET - Elektrik ve Elektronik İhracatçıları Birliği
KAR BİLİŞİM ANONİM ŞİRKETİ;ORUÇ REİS MAH.GİYİMKENT SİT.16.SOK E-7 B-165 1/2 ESENLER İSTANBUL;(212) 5640305;www.karelektrik.com;karelektrik.com;TET - Elektrik ve Elektronik İhracatçıları Birliği
BAYKON ENDÜSTRİYEL KONTROL SİSTEMLERİ SAN.TİC. A. Ş.;KIMYA SANAYICILERI ORG.SAN.BLG ORGANIK CAD NO:31 TUZLA İSTANBUL;02165932630;www.baykon.com.tr;baykon.com.tr;TET - Elektrik ve Elektronik İhracatçıları Birliği
DİNAMİK ALÜMİNYUM HIRDAVAT İNŞ MALZ.SAN.VE TİC.LTD.ŞTİ.;HÜRRİYET MH DR CEMİL BENGÜ CD NO:11A KAĞITHANE İSTANBUL;(212) 2191533;www.dinamikaluminyum.com;dinamikaluminyum.com;TET - Elektrik ve Elektronik İhracatçıları Birliği
ABA ELEKTRİK SANAYİ VE TİCARET LİMİTED ŞİRKETİ;HALİL RIFATPAŞA MAH.YÜZER HAVUZ SK. PERPA TİCARET MRK.A BLOK NO:1 ŞİŞLİ İSTANBUL;(212) 2202484;http://www.aba-electric.com;aba-electric.com;TET - Elektrik ve Elektronik İhracatçıları Birliği
TES ELEKTRİK BAĞLANTI ELEMANLARI SANAYİ VE TİCARET LİMİTED ŞİRKETİ;MEVKİ HADIMKÖY YOLU ÜZERİ 6 BÖLGE 16 CAD KAT:1 NO:205 BÜYÜKÇEKMECE İSTANBUL;(212) 8580092;www.teskablo.com;teskablo.com;TET - Elektrik ve Elektronik İhracatçıları Birliği
CARDİOHEALTH TIBBİ ÜRÜNLER ANONİM ŞİRKETİ;AŞIK VEYSEL MH. 5821/1 SK NO:6/B PK:35110 KARABAĞLAR/İZMİR KARABAĞLAR İZMİR;(232) 4359900;www.cardiohealth.com.tr;cardiohealth.com.tr;TET - Elektrik ve Elektronik İhracatçıları Birliği
3P PANO VE ELEKTRİK ELEKTRONİK KONTROL SİSTEMLERİ SAN TİC. LTD. ŞTİ.;İKİTELLİ O.S.B. MAH.MARMARA SAN. SİT.L BLOK N:7-8/32 İKİTELLİ BAŞAKŞEHİR İSTANBUL;(212) 4720608;www.3ppano.com;3ppano.com;TET - Elektrik ve Elektronik İhracatçıları Birliği
TRANSVARO ELEKTRON ALETLERİ SANAYİ VE TİCARET ANONİM ŞİRKETİ;MERKEZ MAH.DEREBOYU CAD.CALISKAN SOK.NO.4HALKALI HALKALI KÜÇÜKÇEKMECE İSTANBUL;(212) 3281515;www.transvaro.com.tr;transvaro.com.tr;TET - Elektrik ve Elektronik İhracatçıları Birliği
AKTIF ELEKTRIK MUHENDISLIK MUTEAHHITLIK SANAYİ VE TİCARET LİMİTED ŞİRKETİ;AYDIN SOKAK AYDIN İŞ MERKEZİ NO:2 D:8 BEŞİKTAŞ İSTANBUL;02122799470;www.aktifelk.com.tr;aktifelk.com.tr;TET - Elektrik ve Elektronik İhracatçıları Birliği
INAVITAS ENERJI ANONIM SIRKETI;İNÖNÜ MAH. 1748. SOK. NO:1 06370 YENİMAHALLE PK:06370 YENİMAHALLE ANKARA;(312) 2560086;www.t4e.com.tr;t4e.com.tr;TET - Elektrik ve Elektronik İhracatçıları Birliği
AR ELEKTRİK PANO İNŞAAT TAAHHÜT SANAYİ VE TİCARET ANONİM ŞİRKETİ;AKŞEMSETTİN MAH. FATİH BULVARINADİDE SOK. NO:19 SULTANBEYLİ İSTANBUL;(216) 6600890;www.areleltrik.com;areleltrik.com;TET - Elektrik ve Elektronik İhracatçıları Birliği
PRO SMT ELEKTRONİK ANONİM ŞİRKETİ;SELVİLİ SOK. HELİS BEYAZ OFİS A BLOK 2/1 13 YEŞİLBAĞLAR PENDİK İSTANBUL;(216) 6522300;www.prosmt.com;prosmt.com;TET - Elektrik ve Elektronik İhracatçıları Birliği
MEDİCA PONTEM SAĞLIK HİZMETLERİ LİMİTED ŞİRKETİ;LİMAN SOKAK NO:9A YUNUS MAHALLESİ 34860 KARTAL İSTANBUL;;https://www.medicapontem.com;medicapontem.com;TET - Elektrik ve Elektronik İhracatçıları Birliği
GÖBEKLİTEPE ECZA DEPOSU SAN. VE TİC.LTD.ŞTİ;PROF. DR. AHMET TANER KIŞLALI MH. 2785 CD. NO:62 ÇANKAYA ANKARA;(414) 5026616;http://www.gobeklitepeecza.com;gobeklitepeecza.com;TET - Elektrik ve Elektronik İhracatçıları Birliği
ESMAK MAKİNE SAN. VE DIŞ TİC. LTD. ŞTİ.;D100 KARA YOLU ÜZERİ TOPÇULAR MAH AHMETÇİLER SKN:2 MERKEZ DÜZCE;(380) 5375496;www.esmakmakine.com.tr;esmakmakine.com.tr;TET - Elektrik ve Elektronik İhracatçıları Birliği
SKYDAGGER ELEKTRONIK SANAYI VE TICARET ANONIM SIRKETI;IKITELLI OSB MAH. METAL IS 15. BLOK SK. METAL IS SANAYI 15. BLOK NO: 5 BASAKSEHIR/ ISTANBUL BAŞAKŞEHİR İSTANBUL;(212) 0000000;https://www.skydagger.com/;skydagger.com;TET - Elektrik ve Elektronik İhracatçıları Birliği
BOEMAR GRUP ELEKTRONİK SAN. VE TİC.LTD.ŞTİ.;ŞERİFALİ MAH.NUTUK SK.NO: 9/5 ÜMRANİYE / İSTANBUL ÜMRANİYE İSTANBUL;(212) 5405151;http://www.boemar.com.tr;boemar.com.tr;TET - Elektrik ve Elektronik İhracatçıları Birliği
FAGOR ENDUSTRIYEL DAY.TUK.MAM. SAN. VE TIC.A.S.;GEBZE GUZELLER ORG.SAN.BOLG.İNÖNÜ CAD. NURSULTAN NAZARBAYEV SOK. NO.14 GEBZE KOCAELİ;02627511031;www.fagor.com.tr;fagor.com.tr;TET - Elektrik ve Elektronik İhracatçıları Birliği
FIRAT PLASTİK KAUÇUK SANAYİİ VE TİCARET ANONİM ŞİRKETİ;TÜRKOBA MAH.FIRAT PLASTİK CAD.NO.23 BÜYÜKÇEKMECE İSTANBUL;(212) 8664141;www.firat.com;firat.com;TET - Elektrik ve Elektronik İhracatçıları Birliği
EMIKON ELEKTRONIK SAN VE TIC LTD.STI;DES SAN. SİT. 103 SK. B-07 BLOK NO:34 YUKARIDUDULLU ÜMRANİYE İSTANBUL;02164208345;www.emikon.com.tr;emikon.com.tr;TET - Elektrik ve Elektronik İhracatçıları Birliği
PROTEK TEKNİK ELEK.TİC.VE SAN. LTD.ŞTİ.;OKCUMUSA C.KISMET HAN NO.94KAT 2 BEYOĞLU İSTANBUL;;www.protek-teknik.com;protek-teknik.com;TET - Elektrik ve Elektronik İhracatçıları Birliği
PROCTER & GAMBLE TÜKETİM MALLARI SANAYİ ANONİM ŞİRKETİ;NİĞDA KULE ATAŞEHİR KUZEY SİT C KAPISI BARBAROS MAH BEGONYA SK N:3/E İÇERENKÖY ATAŞEHİR İSTANBUL;(216) 4638000;www.pg.com.tr;pg.com.tr;TET - Elektrik ve Elektronik İhracatçıları Birliği
HSC KABLO VE PROFİL SANAYİ VE TİC.LTD.ŞTİ.;OSMANGAZİ MAH. MAREŞAL FEVZİ ÇAKMAK CAD.2657 SOK. N:3 KIRAÇ ESENYURT İSTANBUL;(212) 4777744;www.hsckablo.com;hsckablo.com;TET - Elektrik ve Elektronik İhracatçıları Birliği
ADAM YAPI ENDÜSTRİSİ ÇELİK SANAYİ TİCARET LİMİTED ŞİRKETİ;MİLANGAZ CD. MONUMENTO PLAZA. NO:75A K.2 D.18ESENTEPE KARTAL İSTANBUL;(216) 5102515;www.adamfab.com;adamfab.com;TET - Elektrik ve Elektronik İhracatçıları Birliği
PARAMETRE KABLO TAAH.SAN.LTD.S TI.;BALÇIK KÖYÜ MERZARLIK SOK. NO.47 GEBZE KOCAELİ;(262) 7513399;www.parametrekablo.com;parametrekablo.com;TET - Elektrik ve Elektronik İhracatçıları Birliği
ATILIM MAKİNA İMALAT SAN. VE TİC. LTD. ŞTİ.;TUZLA O.S.B.TEPEÖREN MAH.RECEP BİLAL HANCI CAD.N:5 TUZLA İSTANBUL;(216) 3785649;www.atilimmakine.com.tr;atilimmakine.com.tr;TET - Elektrik ve Elektronik İhracatçıları Birliği
BİLKOM BİLİŞİM HİZMETLERİ ANONİM ŞİRKETİ;MAHIR IZ CD. N:26 KAT 2 ÜSKÜDAR İSTANBUL;02165549000;www.bilkom.com.tr;bilkom.com.tr;TET - Elektrik ve Elektronik İhracatçıları Birliği
SARTO ELEKTRONİK TERAZİ SAN.VE TİC.LTD.ŞTİ.;BURHANIYE MH.ABDULLAHAGA CD.NO.22 ÜSKÜDAR İSTANBUL;02164225366;www.sarto.com.tr;sarto.com.tr;TET - Elektrik ve Elektronik İhracatçıları Birliği
AYCAN BOBINAJ TELLERI SAN.VE TIC.LTD.STI.;GÜLLÜBAĞLAR MAH. YAŞAR DOĞU CAD. NO.15 PENDİK İSTANBUL;(216) 5830290;www.aycanbobinaj.com;aycanbobinaj.com;TET - Elektrik ve Elektronik İhracatçıları Birliği
VONEER GLOBAL MEDİKAL ÜRÜNLER LİMİTED ŞİRKETİ;ODUNLUK MAH. KUTLU SOK. NO:6, İÇ KAPI NO:6 NİLÜFER BURSA;;https://reoneer.com/;reoneer.com;TET - Elektrik ve Elektronik İhracatçıları Birliği
AK PLAST PLASTİK AMBALAJ SANAYİ VE TİCARET LİMİTED ŞİRKETİ;İST-TUZLA KİMYACILAR ORG. SAN. BÖL. MELEK ARAS BULVARI NO:61 K.2 TUZLA İSTANBUL;(216) 5930572;www.aplas.com.tr;aplas.com.tr;TET - Elektrik ve Elektronik İhracatçıları Birliği
ÇAPA MEDİKAL SANAYİ VE TİCARET ANONİM ŞİRKETİ;ORG SAN BOLG. ATATÜRK BULVMEHMET CAKICI IS MERK N:127 KÜÇÜKÇEKMECE İSTANBUL;;www.capamedikal.com;capamedikal.com;TET - Elektrik ve Elektronik İhracatçıları Birliği
TEKNİKEL TİCARET VE SANAYİ ANONİM ŞİRKETİ;PIYALEPASA BLV.KASTEL IS MRK. C BL.KAT 1 34440 BEYOĞLU İSTANBUL;02122547400;www.teknikel.com;teknikel.com;TET - Elektrik ve Elektronik İhracatçıları Birliği
ORTANA ELEKTRONIK YAZILIM TAAH . SAN. VE TIC. A.S.;OSTIM ORG SAN BÖL KOCASINANSAN.SIT.1183.SOK NO.37-39 YENİMAHALLE ANKARA;(312) 5929100;www.ortana.com;ortana.com;TET - Elektrik ve Elektronik İhracatçıları Birliği
HEKA TASARIM AYDINLATMA A.Ş.;GİYİMSANATKARLARI SİTESİ SOSYAL TESİS BİNASI K:1 NO:B007 İKİTELLİ OSB İKİTELLİ OSB 34200 BAŞAKŞEHİR, BAŞAKŞEHİR İSTANBUL;(212) 6595941;www.aydinlatmaciyiz.com;aydinlatmaciyiz.com;TET - Elektrik ve Elektronik İhracatçıları Birliği
SCON ENDÜSTRI SANAYI VE TICARET ANONIM SIRKETI;EVRENOS MAH. EVRANOS KÜME EVLER NO: 83 YUNUS EMRE MANİSA;;www.scon.com.tr;scon.com.tr;TET - Elektrik ve Elektronik İhracatçıları Birliği
SİMYA OTOMASYON VE ENERJİ SİSTEMLERİ SAN.TİC.LTD.ŞTİ;SAHRAYICEDİT MAH. OMCA SOK. NO:2/1 D:41 SAHRAYICEDİT KADIKÖY İSTANBUL;;http://www.simyaotomasyon.com;simyaotomasyon.com;TET - Elektrik ve Elektronik İhracatçıları Birliği
CORE ELEKTRONİK TİCARET VE SANAYİ LİMİTED ŞİRKETİ;CUMHURİYET MAH. KARTAL CAD. NO:39/A KARTAL İSTANBUL;(216) 6719055;www.corewinders.com;corewinders.com;TET - Elektrik ve Elektronik İhracatçıları Birliği
ALKANSAN TEKNİK AYD. SAN. VE TİC. LTD. ŞTİ.;H.RIFATPAŞA MAH. PERPA İŞ MRK. A-BLOK KAT:1 NO9/44 ŞİŞLİ İSTANBUL;(212) 2227538;www.alkansan.com;alkansan.com;TET - Elektrik ve Elektronik İhracatçıları Birliği
FIO GAZ SANAYI VE TICARET ANONİM ŞİRKETİ;ÇALI MAH. ÇINARLIK CAD. GEMSAT GAZ EKİPMANLARI SANAYİ TİCARET AŞ. NO:10 16110 NİLÜFER BURSA;02123270610;www.fiogaz.com;fiogaz.com;TET - Elektrik ve Elektronik İhracatçıları Birliği
ER-MED TIBBİ CİHAZLAR TİCARET LİMİTED ŞİRKETİ;TEPEÖREN MAHALLESİ DEMOKRASİ CADDESİ A BLOK APT NO:135/9 34940 TUZLA İSTANBUL;(216) 5503477;www.er-med.net;er-med.net;TET - Elektrik ve Elektronik İhracatçıları Birliği
BAYTEKIN TEKNIK CIHAZLAR TICARET LTD.STI.;NECATIBEY CAD. NO.70/B BEYOĞLU İSTANBUL;02122939558;www.baytekin.com.tr;baytekin.com.tr;TET - Elektrik ve Elektronik İhracatçıları Birliği
B95 PROJE VE TEKNOLOJIK ÇÖZÜMLERI SANAYI TICARET LIMITED SIRKETI;BARBAROS HAYRETTİN PAŞA 1993SK FERAH REZİDANS NO:22 A KAPI NO:140 ESENYURT İSTANBUL;;www.b95project.com.tr;b95project.com.tr;TET - Elektrik ve Elektronik İhracatçıları Birliği
ANGEL POOL ART TASARIM SANAYİ LİMİTED ŞİRKETİ;TUNA MAHALLESİ 5615 SOKAK NO:8 BORNOVA İZMİR;(232) 4868682;http://www.angelpoolart.com;angelpoolart.com;TET - Elektrik ve Elektronik İhracatçıları Birliği
ULTİMA ENDÜSTRİ MAKİNA TEKNİK TASARIM SANAYİ VE TİCARET ANONİM ŞİRKETİ;ORTA MH.KABAN SK.NO:10 EGEMEN SAN SİT. A BLOK NO:24 TUZLA İSTANBUL;(216) 6616619;www.ultima-endustri.com;ultima-endustri.com;TET - Elektrik ve Elektronik İhracatçıları Birliği
ATILIM SAĞLIK ANONİM ŞİRKETİ;MERKEZ MAH. DEĞİRMENBAHÇE CAD.KAVAK SOK. NO:9 YENİBOSNA BAHÇELİEVLER İSTANBUL;(212) 6677787;www.atilimsaglik.net;atilimsaglik.net;TET - Elektrik ve Elektronik İhracatçıları Birliği
IND ENDÜSTRİYEL DAYANIKLI TÜKETİM ÜRÜNLERİ SANAYİ VE TİCARET ANONİM ŞİRKETİ;AYDINLI - İSTANBUL AYOSB MAH. MERMERCİLER CAD. İSTANBUL ANADOLU YAKASI OSB NO:41 TUZLA İSTANBUL;(216) 5930242;www.ndustrio.com;ndustrio.com;TET - Elektrik ve Elektronik İhracatçıları Birliği
BAYKAL REZISTANS SAN.VE TIC.LT D.STI.;İKİTELLİ OSB ESKOOP SANAYİ SİTESİ C 1-2 BLOK NO:16-18-20 BAŞAKŞEHİR İSTANBUL;02122445213;www.baykalrezistans.com;baykalrezistans.com;TET - Elektrik ve Elektronik İhracatçıları Birliği
LEXMARK BİLGİ İŞLEM ÜRÜNLERİ TİC. LTD.ŞTİ.;PIYALE PASA BULV.FAMAS PLAZAB BLOK K.10-11 ŞİŞLİ İSTANBUL;02122200440;www.lexmark.com.tr;lexmark.com.tr;TET - Elektrik ve Elektronik İhracatçıları Birliği
POLITEK ELEKTROMEKANIK VE KIMYA SAN VE TICARET A.S;4.SANAYI SITESI 129/7 SOKAK NO.13 3 BORNOVA İZMİR;02323755668;http://www.politek-emk.com;politek-emk.com;TET - Elektrik ve Elektronik İhracatçıları Birliği
İLKİŞ ELEKTRİK LİMİTED ŞİRKETİ;İVEDİK OSB MAH. MELİH GÖKÇEK BULVARI ELEKTROKENT2 NO:83/31 YENİMAHALLE/ANKARA YENİMAHALLE ANKARA;(312) 9110232;www.ilkis.com.tr;ilkis.com.tr;TET - Elektrik ve Elektronik İhracatçıları Birliği
TEKNOEL ELEKTRIK MEKANIK MUH. LTD.STI.;NAZMIAKBACI IŞ MERKEZI NO:269 ŞİŞLİ İSTANBUL;02123461926;www.teknoel.com;teknoel.com;TET - Elektrik ve Elektronik İhracatçıları Birliği
EGECE SAVUNMA ELEKTRONİK YAZ. İNŞ. OTO. SAN. TİC. LTD. ŞTİ.;BATI SİTESİ MAH. 2310/1 CAD. NO:73 YENİMAHALLE ANKARA;(312) 3548301;www.egecesavunma.com.tr;egecesavunma.com.tr;TET - Elektrik ve Elektronik İhracatçıları Birliği
SAHA TEKNİK TEKNOLOJİ BİLİŞİM VE AKILLI BİNA SİSTEMLERİ ANONİM ŞİRKETİ;ŞERİFALİ MAHALLESİ BÜYÜKYAVUZ SOKAK ROYAL PLAZA B BLOK NO/19 ÜMRANİYE İSTANBUL;(216) 6314061;http://www.sahateknik.com.tr;sahateknik.com.tr;TET - Elektrik ve Elektronik İhracatçıları Birliği
MOMENTUM ORGANİZASYON SANAYİ VE TİCARET ANONİM ŞİRKETİ;ÇAMLICA MAH. ANADOLU BULV. TİMKO SK. O BLOK 20/6 YENİMAHALLE ANKARA;(312) 2195207;https://www.momentechturkiye.com;momentechturkiye.com;TET - Elektrik ve Elektronik İhracatçıları Birliği
POWER ELEKTRONİK SANAYİ VE TİCARET ANONİM ŞİRKETİ;İPEKÇİ SOK. ARMAĞAN EVLER MAH. SAMANYOLU CAD. NO:12 34770 ÜMRANİYE İSTANBUL;(216) 4816699;www.powerelektronik.com.tr;powerelektronik.com.tr;TET - Elektrik ve Elektronik İhracatçıları Birliği
MSK GLOBAL ELEKTRONİK TİC. LTD. ŞTİ.;SULTAN SELİM MAH. SULTAN SELİM CAD NO 181/ B KAĞITHANE İSTANBUL;(212) 3244844;www.mskglobal.net;mskglobal.net;TET - Elektrik ve Elektronik İhracatçıları Birliği
KOD ELEKTRONİK GÜVENLİK SİSTEMLERİ SAN.VE TİC.LTD.ŞTİ.;PERPA TİC.MERKEZİ B BLOK K.11 NO.1937 ŞİŞLİ İSTANBUL;(212) 3209595;www.codesechtech.com;codesechtech.com;TET - Elektrik ve Elektronik İhracatçıları Birliği
KON-TEK KONTROL TEKNOLOJILERI VE OTOMASYON SAN.TIC.A.S.;7405 SOK.NO:8 35104 BORNOVA İZMİR;02324791010;www.kontekotomasyon.com.tr;kontekotomasyon.com.tr;TET - Elektrik ve Elektronik İhracatçıları Birliği
NGTECH BİLGİ VE İLETİŞİM TEKNOLOJİLERİ ANONİM ŞİRKETİ;KÜÇÜKBAKKALKÖY MAH. KOCASİNAN CAD.YANARDAĞ SK.NO:1 ATAŞEHİR İSTANBUL;(216) 0000000;www.ngtech.com.tr;ngtech.com.tr;TET - Elektrik ve Elektronik İhracatçıları Birliği
VALT OTOMASYON ENERJİ SİSTEMLERİ SANAYİ VE TİCARET LİMİTED ŞİRKETİ;KÜÇÜKBAKKALKÖY MAH.SELVİLİ SK. NO:4/20 ATAŞEHİR İSTANBUL;(216) 4241600;http://www.valtotomasyon.com;valtotomasyon.com;TET - Elektrik ve Elektronik İhracatçıları Birliği
ÇİFTEL ELEKTROMEKANİK SAN. VE TİC. A.Ş.;TOSB OTOMOTİV YAN SAN.İHTİSAS O.S.B.3.CADDE N:5-1 ŞEKERPINAR ÇAYIROVA KOCAELİ;(262) 6581810;www.ciftel-ltd.com;ciftel-ltd.com;TET - Elektrik ve Elektronik İhracatçıları Birliği
TÜM PLASTİK VE MAKİNA KALIP SAN. VE TİC. LTD. ŞTİ.;OSMANGAZİ MAH.MAREŞAL FEVZİ ÇAKMAK CAD.2647 SOK. N:16 ESENYURT İSTANBUL;(212) 6371366;www.tumplastik.com;tumplastik.com;TET - Elektrik ve Elektronik İhracatçıları Birliği
ERTUG REKLAM SANAYII VE TICARET A.S.;DİLOVASI ORG. SAN. BÖL. 3 KISIMD 3005 SOKAK NO:9 GEBZE KOCAELİ;02627591750;www.ertug.com.tr;ertug.com.tr;TET - Elektrik ve Elektronik İhracatçıları Birliği
TEKA TEKNIK MUTFAK ALETLERI SAN.VE TIC.A.S.;BÜYÜKDERE CD. YAPI KREDİ PLAZA LEVENT MAH. CÖMERT SK. NO: 1 C BLOK, KAT 13 BEŞİKTAŞ İSTANBUL;(212) 2883134;www.teka.com.tr;teka.com.tr;TET - Elektrik ve Elektronik İhracatçıları Birliği
ÖZGÜR DOYGUN;KÜÇÜKBAKKALKÖY MAH.DORUK SOKAK NUMARA:7/A/2 KÜÇÜKBAKKALKÖY ATAŞEHİR İSTANBUL;(216) 3767600;www.ideaglb.com;ideaglb.com;TET - Elektrik ve Elektronik İhracatçıları Birliği
AKTEM ELEKTRİK SANAYİ TİCARET LİMİTED ŞİRKETİ;1202. SOK. NO:15/C-15/D OSTİM YENİMAHALLE ANKARA;(312) 3861606;www.aktemkablo.com.tr;aktemkablo.com.tr;TET - Elektrik ve Elektronik İhracatçıları Birliği
MAASCO İÇ VE DIŞ TİC.LTD.ŞTİ.;EMEKYEMEZ MAH. YENİKAPI SOK. NO.10/A KARAKÖY BEYOĞLU İSTANBUL;(212) 2550569;www.maasco.com.tr;maasco.com.tr;TET - Elektrik ve Elektronik İhracatçıları Birliği
REMAR MEDİKAL CİHAZLAR SANAYİ VE TİCARET ANONİM ŞİRKETİ;MAHMUTBEY MAHALLESİ TAŞOCAĞI YOLU CAD. NO: 7 / 1 // 1B1 PK:34218 BAĞCILAR İSTANBUL;(212) 4463838;www.remarmedikal.com;remarmedikal.com;TET - Elektrik ve Elektronik İhracatçıları Birliği
RAINAS ELEKTRIK VE AYDINLATMA MALZEMELERİ IMALAT VE SANAYİ TICARET LİMİTED ŞİRKETİ;OSMANGAZİ MAH. AHMET YESEVİ CAD.NO:10 ESENYURT İSTANBUL;(212) 4650771;www.raina.com.tr;raina.com.tr;TET - Elektrik ve Elektronik İhracatçıları Birliği
BESAL KABLO İNŞAAT SANAYİ TİCARET ANONİM ŞİRKETİ;SELVİLİTEPE OSB.MAH.2006.CAD. NO:21/1 TURGUTLU MANİSA;(236) 3121242;http://www.besal.com.tr;besal.com.tr;TET - Elektrik ve Elektronik İhracatçıları Birliği
OLİPTEK TEKNOLOJİ ANONİM ŞİRKETİ;ESENKENT MAH ŞAİR FUZULİ SK NO:1/1 ÜMRANİYE İSTANBUL;(216) 2221100;www.oliptek.com;oliptek.com;TET - Elektrik ve Elektronik İhracatçıları Birliği
BELİVA MUTFAK EŞYALARI SANAYİ TİCARET LİMİTED ŞİRKETİ;HASTANE MAH. HADIMKÖY İSTANBUL CAD. NO:78/2 HADIMKÖY(BOYALIK) ARNAVUTKÖY İSTANBUL;(212) 6598055;www.akelevaletleri.com;akelevaletleri.com;TET - Elektrik ve Elektronik İhracatçıları Birliği
CARL ZEISS OLCUM CIHAZ.TIC.LTD STI.;BOSTANCI YOLU CAD. KEYAP ÇARŞI SİT.G-2 BLOK NO.129 ÜMRANİYE İSTANBUL;02165263595;www.zeiss.com;zeiss.com;TET - Elektrik ve Elektronik İhracatçıları Birliği
ARABET DIŞ TİCARET ANONİM ŞİRKETİ;ÇOBANÇEŞME MAH. SANAYİ CAD. NISH RESİDENCED BLOK NO 44 D 17 BAHÇELİEVLER İSTANBUL;;https://arabet.com.tr;arabet.com.tr;TET - Elektrik ve Elektronik İhracatçıları Birliği
SİNUS ELEKTRONİK SANAYİ VE TİCARET LİMİTED ŞİRKETİ;ŞERİFALİ MAH. EDEP SOK. NO:42-1 34760 34760 ÜMRANİYE İSTANBUL;(216) 4120180;www.sinuselektronik.com;sinuselektronik.com;TET - Elektrik ve Elektronik İhracatçıları Birliği
ÇAĞRI ELEKTRİK PROJE TAAHHUT TURİZM SANAYİ VE TİCARET ANONİM ŞİRKETİ;CUMHURIYET MAH. BEYLIKDÜZÜ BEYKENT SAN.SITESI NO.153/158 BÜYÜKÇEKMECE İSTANBUL;02128724543;www.cagrielektrik.com.tr;cagrielektrik.com.tr;TET - Elektrik ve Elektronik İhracatçıları Birliği
STONE METAL KABİN SANAYİ VE DIŞ TİCARET LİMİTED ŞİRKETİ;FATİH MAH. KATİP ÇELEBİ CAD. KARADENİZ METALÜRJİ AS NO: 55/1 TUZLA /İSTANBUL FATİH İSTANBUL;(216) 3046931;www.stonemetal.com.tr;stonemetal.com.tr;TET - Elektrik ve Elektronik İhracatçıları Birliği
ZİRVE EMS ENERJİ SANAYİ TİCARET LİMİTED ŞİRKETİ;OSTİM OSB MAH.1219.CAD.NO:3 YENİMAHALLE ANKARA;(312) 5666994;https://www.zirveenerji.com/;zirveenerji.com;TET - Elektrik ve Elektronik İhracatçıları Birliği
POLARIS ELEKTRONIK SAN.VE TIC. LTD.STI.;M.NESİH ÖZMEN MAH. MEHMET AKIF CAD.KESTANE SOKAK NO : 18 BAYRAKTAR HAN KAT:1 GÜNGÖREN İSTANBUL;(212) 5532440;www.polariselektronik.com;polariselektronik.com;TET - Elektrik ve Elektronik İhracatçıları Birliği
MULTITECH TEKNOLOJI SANAYİ VE TICARET LİMİTED SİRKETI;TURGUT ÖZAL MAHALLESİ, 1467/1 CAD. NO:42/J TURGUT ÖZAL MAHALLESİ 06170 YENİMAHALLE, ANKARA, TÜRKİYE YENİMAHALLE ANKARA;(312) 3852636;www.multitechteknoloji.com;multitechteknoloji.com;TET - Elektrik ve Elektronik İhracatçıları Birliği
ROYAL ENDÜSTRİYEL ELEKTRİK OTOMASYON SAN.TİC.LTD. ŞTİ.;FERHATPAŞA MAH. SEYİTNİZAM CAD. NO: 60 İÇ KAPI NO:1 ATAŞEHİR İSTANBUL;(216) 6424286;https://royalendustriyel.com;royalendustriyel.com;TET - Elektrik ve Elektronik İhracatçıları Birliği
OHM ELEKTRONIK VE TICARET ANONİM ŞİRKETİ;GÜRSEL MAH İMRAHOR CAD PREMİER KAMPÜS OFİS A BLOK 29 A 92TOPHANE KAĞITHANE İSTANBUL;02122939591;www.ohm.com.tr;ohm.com.tr;TET - Elektrik ve Elektronik İhracatçıları Birliği
ASEL AYDINLATMA MALZEMELERİ SAN.TİC.LTD.ŞTİ;İSTOÇ TOPTANCILAR ÇARŞISI 16.ADA NO:97-99 BAĞCILAR İSTANBUL;(212) 6590422;www.aselticaret.com;aselticaret.com;TET - Elektrik ve Elektronik İhracatçıları Birliği
ALP ENERJI SIS. BILG. VE ILETISIM TEKNO. HIZ. SAN. VE TIC. LTD. STI.;YALI MAH. TOP SELVİ CAD. MAİ RESİDENCE NO: 100-B DAİRE:128 KAT:15 KARTAL İSTANBUL;(216) 5619073;www.alpenerji.com.tr;alpenerji.com.tr;TET - Elektrik ve Elektronik İhracatçıları Birliği
TEKTAŞ SAATÇİLİK VE AKSESUAR TİC. AŞ;ABDİ İPEKÇİ CAD. ALTIN SOK.AHMET KARA İŞ HANI NO:2 HARBİYE ŞİŞLİ İSTANBUL;(212) 2250640;www.tektassaatcilik.com.tr;tektassaatcilik.com.tr;TET - Elektrik ve Elektronik İhracatçıları Birliği
STAUBLİ SANAYİ MAKİNE VE AKSESUARLARI TİC. LTD. ŞTİ.;ATATURK MAH.MARMARA SAN.SIT.B BLOK NO.28 İKİTELLİ BAŞAKŞEHİR İSTANBUL;02124721300;www.staubli.com;staubli.com;TET - Elektrik ve Elektronik İhracatçıları Birliği
ATOM BİLİŞİM BİLGİSAYAR ELEKTRONİK GERİ DÖNÜŞÜM İTHALAT İHRACAT SAN. VE DIŞ TİC. LTD. ŞT;MERKEZ MAH. AYAZMA CAD. NO:53/A KAĞITHANE İSTANBUL;;www.atombilisim.com.tr;atombilisim.com.tr;TET - Elektrik ve Elektronik İhracatçıları Birliği
ERSA İTH.VE TİC.A.Ş.;PERPA TICARET MERKEZI B BL.KAT 13 NO.2538 ŞİŞLİ İSTANBUL;02122201055;www.ersa.com.tr;ersa.com.tr;TET - Elektrik ve Elektronik İhracatçıları Birliği
DECKRO ELEKTRIK ENDÜSTRIYEL ÜRÜNLER ANONIM AŞ;CEVIZLI MAH. TUGAY YOLU CAD. OFISIMISTANBUL NO: 20 - A IÇ KAPI NO: 41 MALTEPE İSTANBUL;(216) 4884488;www.deckro.net;deckro.net;TET - Elektrik ve Elektronik İhracatçıları Birliği
LIGHT34 AYDINLATMA SANAYİ VE TİCARET LİMİTED ŞİRKETİ;İKİTELLİ OSB MUTFAKÇILAR SANAYİ SİTESİ M8 BLOK NO:8 34306 BAŞAKŞEHİR İSTANBUL;(212) 4855511;www.light34.com;light34.com;TET - Elektrik ve Elektronik İhracatçıları Birliği
MOLTEK SAĞLIK HİZM. ÜRETİM VE PAZ.A.Ş.;GEBZE ORGANİZE SAN. BÖLGESİ ŞAHABETTİN BİLGİSU CAD. NO:611/1 41400 GEBZE KOCAELİ;(262) 6771160;www.moltek.com.tr;moltek.com.tr;TET - Elektrik ve Elektronik İhracatçıları Birliği
IŞIK ENDÜSTRİYEL ÜRÜNLER PAZARLAMA ANONİM ŞİRKETİ;ATATÜRK MH. MUSTAFA KEMAL CAD. NO:1/2 DAIRE 1-2-3 KADIKÖY İSTANBUL;02165809360;www.isikendustriyel.com;isikendustriyel.com;TET - Elektrik ve Elektronik İhracatçıları Birliği
MURR ELEKTRONİK SANAYİ VE TİCARET LİMİTED ŞİRKETİ;PERPA TİC.MRK.A BLOK KAT 11 NO.1403 OKMEYDANI ŞİŞLİ İSTANBUL;(212) 2222298;www.murrelektronik.com.tr;murrelektronik.com.tr;TET - Elektrik ve Elektronik İhracatçıları Birliği
TELEKOM ELEKTRONIK SANAYİ VE TİCARET A.Ş.;EMNIYET EVLERI MAH. YENICERI SOK. NO:17/1 KAĞITHANE İSTANBUL;02122802781;www.karadag.com.tr;karadag.com.tr;TET - Elektrik ve Elektronik İhracatçıları Birliği
DALGIÇ KALIP METAL VE PLASTİK SANAYİ TİCARET ANONİM ŞİRKETİ;RAMİ KIŞLA CAD.APEK ÜRETMEN İŞ MRK. NO:61/68 A1 BLOK RAMİ EYÜP İSTANBUL;(212) 6137688;www.dalgickalip.com.tr;dalgickalip.com.tr;TET - Elektrik ve Elektronik İhracatçıları Birliği
S-MİKRON ELEKTRONİK ELEKTRİK SAN. TAAH. TİC. A.Ş.;NILÜFER TIC. MERKEZI 66. SK. NO:6-8 NİLÜFER BURSA;(224) 4435233;www.s-mikron.com.tr;s-mikron.com.tr;TET - Elektrik ve Elektronik İhracatçıları Birliği
ONUR PUZZLE VE OYUNCAK SANAYİ ANONİM ŞİRKETİ;6093 SOKAK NO:100 KAPI NO:2 SELİMPAŞA SİLİVRİ İSTANBUL;;www.ksgames.com.tr;ksgames.com.tr;TET - Elektrik ve Elektronik İhracatçıları Birliği
GST MEDİKAL SAĞLIK ÜRN. SAN. VE TİC. A.Ş.;GAZİ MAH.POLATLI CAD. NO:73 A.O.ÇİFTLİĞİ(AOÇ) YENİMAHALLE ANKARA;03122221333;http://www.gst.com.tr;gst.com.tr;TET - Elektrik ve Elektronik İhracatçıları Birliği
SWİTCH INTERNATİONAL BOWLİNG EKİPMANLARI ANONİM ŞİRKETİ;TEKELİ MAH.İTOB ORG.SAN.BÖL.EKREM DEMİRTAŞ CAD.NO:44 TEKELİ CUMAOVASI(MENDERES) İZMİR;(232) 7990344;www.sintel.com.tr;sintel.com.tr;TET - Elektrik ve Elektronik İhracatçıları Birliği
CERES REKLAM SAN. VE TİC. A.Ş.;MERKEZ MAH. AYAZMA MEVKİİ Ş. MEHMET AKİF CAD. NO :37/A TAŞDELENLEN TAŞDELEN ÇEKMEKÖY İSTANBUL;(216) 3122462;www.ceresdisplay.com;ceresdisplay.com;TET - Elektrik ve Elektronik İhracatçıları Birliği
ASMAŞ AĞIR SANAYİ MALZEMELERİ İMALALAT VE TİCARET ANONM ŞİRKETİ;ATATÜRK MAH.ATAŞEHİR BULVARI. GARDENYAPLAZA 3 KAT:13 NO:20 ATAŞEHİR İSTANBUL;02164559250;www.asmas.com.tr;asmas.com.tr;TET - Elektrik ve Elektronik İhracatçıları Birliği
SİNAN-SON LABORATUVAR VE SAĞLIK MALZEMELERİ SANAYİ TİCARET LİMİTED ŞİRKETİ;KOCATEPE MAH. MEGA CENTER YAĞ İSKELESİ CAD. C35 BLOK NO:5/7 BAYRAMPAŞA İSTANBUL;(212) 6402008;www.sinanson.com;sinanson.com;TET - Elektrik ve Elektronik İhracatçıları Birliği
O.S.I.M.P.L.A.N.T. TIBBİ MALZEMELER VE MEDİKAL TİCARET LİMİTED ŞİRKETİ;MUSTAFA KEMAL MAH. 2133. SK. NO: 4/2 ROYALE OFFİCE ÇANKAYA ANKARA;(312) 4738280;www.osimplant.com.tr;osimplant.com.tr;TET - Elektrik ve Elektronik İhracatçıları Birliği
BOGAZICI BILGISAYAR TICARET VE SAN.A.S.;ESENTEPE MAH BÜYÜKDERE CAD N:121 ERCANHAN B BLOK K:8 ŞİŞLİ İSTANBUL;(212) 3311010;www.bogazici.com.tr;bogazici.com.tr;TET - Elektrik ve Elektronik İhracatçıları Birliği
ALTECH MAKİNE SANAYİ VE TİCARET ANONİM ŞİRKETİ;AKÇABURGAZ MAHALLESİ 3137 SOKAK NO:22/1/1 KIRAÇ ESENYURT İSTANBUL;(212) 5052273;www.altechmakina.com;altechmakina.com;TET - Elektrik ve Elektronik İhracatçıları Birliği
PALMET MUHENDISLIK TAAHHUT SER VIS ENDUSTRI VE TIC.A.S.;BULGURLU CD.NO.60 ÜSKÜDAR İSTANBUL;02163257330;www.palmet.com;palmet.com;TET - Elektrik ve Elektronik İhracatçıları Birliği
BÜYÜK SARAY TURİSTİK EŞYA SAN. VE TİC.LTD.ŞTİ;CUMHURİYET MAH. DERSAADET CAD. NO:5/A SULTANGAZİ İSTANBUL;(216) 6182121;www.bussy.com.tr;bussy.com.tr;TET - Elektrik ve Elektronik İhracatçıları Birliği
U.P.S.E.T ELEKTRONİK SANAYİ VE TİCARET LİMİTED ŞİRKETİ;FERHATPAŞA MAH. G-17 SOK.NO:127 FERHATPAŞA ATAŞEHİR İSTANBUL;(216) 4892066;www.upset.com.tr;upset.com.tr;TET - Elektrik ve Elektronik İhracatçıları Birliği
TETRA ENDÜSTRİYEL VE TEKNİK SİSTEMLERİ SAN. VE DIŞ TİC. A.Ş.;OSB MAH. 10025 SOK. NO:29 İTOB MENDERES İZMİR OSB MENDERES, 34660 MENDERES İZMİR;(232) 7990003;www.tetrainc.com.tr;tetrainc.com.tr;TET - Elektrik ve Elektronik İhracatçıları Birliği
NG ULUSLARARASI DAYANIKLI TÜKETİM MALLARI SAN.VE DIŞ TİC.LTD.ŞTİ.;MAHMUTBEY MAH.TAŞOCAĞI CAD.AĞAOĞLU MY OFFİCE 212 N.K24/394 MAHMUTBEY BAĞCILAR İSTANBUL;(212) 8013501;www.nginternational.com.tr;nginternational.com.tr;TET - Elektrik ve Elektronik İhracatçıları Birliği
KOZANOĞLU OTOMOTİV TARIM MAKİNALARI SAN. VE TİC.LTD.ŞTİ.;KAZIM KARABEKİR MAH.6910 SOK.NO:1/B PANCAR TORBALI İZMİR;(232) 8641077;www.kozanoglu.com.tr;kozanoglu.com.tr;TET - Elektrik ve Elektronik İhracatçıları Birliği
POLYTEKPROM TEKNİK MAKİNA İTHALAT İHRACAT SANAYİ VE TİCARET LİMİTED ŞİRKETİ;NİSPETİYE MH GAZİ GÜÇNAR SK UYGUR İS MERKEZİ 4/2 BEŞİKTAŞ İSTANBUL;;www.polytekprom.eu;polytekprom.eu;TET - Elektrik ve Elektronik İhracatçıları Birliği
ANOT ENDÜSTRİ VE TİCARET ANONİM ŞİRKETİ;ORGANİZE SAN.BÖLGESİ 9.CAD. NO.34 MERKEZ ESKİŞEHİR;(222) 2361616;www.anot.com.tr;anot.com.tr;TET - Elektrik ve Elektronik İhracatçıları Birliği
EL-KOM ELEKTRONİK SANAYİ VE TİCARET LİMİTED ŞİRKETİ;BEYSAN SAN.SİT.BİRLİK CAD.NO:21 AVCILAR İSTANBUL;(212) 4228600;www.el-kom.com.tr;el-kom.com.tr;TET - Elektrik ve Elektronik İhracatçıları Birliği
TAN GRUP ALÜMİNYUM PLASTİK SAN.VE TİC.LTD.ŞTİ.;ATATÜRK MAHALLESİ ATAŞEHİR BULVARI GARDENYA PLAZA NO:5 KAT:9 ATAŞEHİR İSTANBUL;(216) 4571806;www.tan-grup.com.tr;tan-grup.com.tr;TET - Elektrik ve Elektronik İhracatçıları Birliği
TURSAM TRAFO VE ENERJI TEKNOLOJILERI SANAYI TICARET ANONIM SIRKETI;KARGALI HANBABA MAH. OSB 3. SK. NO:18 HENDEK SAKARYA;(264) 5030222;http://www.tursamholding.com;tursamholding.com;TET - Elektrik ve Elektronik İhracatçıları Birliği
ROYAL EV ALETLERİ ÜRETİM VE DIŞ TİCARET LİMİTED ŞİRKETİ;MUSTAFA KURTOĞLU CD. NO:31 BEYLİKDĞZ O.S.B. BEYLİKDÜZÜ İSTANBUL;(212) 8768596;www.royalevaletleri.com.tr;royalevaletleri.com.tr;TET - Elektrik ve Elektronik İhracatçıları Birliği
ASAŞ ALÜMİNYUM SANAYİ VE TİCARET ANONİM ŞİRKETİ;RÜZGARLIBAHÇE MH KUMLU SK ASAŞ İŞ MERKEZİ NO:2 BEYKOZ İSTANBUL;(216) 6800780;www.asastr.com;asastr.com;TET - Elektrik ve Elektronik İhracatçıları Birliği
ARMA METAL İTHALAT VE İHRACAT SANAYİ VE TİCARET LİMİTED ŞİRKETİ;DELİKLİKAYA MH YÜZBAŞI MEHMET HİLMİ CD NO:16/1 ARNAVUTKÖY İSTANBUL;(212) 5520992;www.arslanmakina.com;arslanmakina.com;TET - Elektrik ve Elektronik İhracatçıları Birliği
DİGİTORİUM ELEKTRONİK TEKNOLOJİLERİ ANONİM ŞİRKETİ;ALAADİNBEY MAHALLESİ 614.SOK ÜNLÜ PLAZA NO:3 NİLÜFER BURSA;;www.digitorium.com.tr;digitorium.com.tr;TET - Elektrik ve Elektronik İhracatçıları Birliği
AKELSA AYDINLATMA ELEKTRİK ENERJİ SANAYİ VE TİCARET LİMİTED ŞİRKETİ;KURTULUŞ MAH. VATAN CAD. NO:86/B ODUNPAZARI ESKİŞEHİR;;www.akelsa.com;akelsa.com;TET - Elektrik ve Elektronik İhracatçıları Birliği
TEKNOVA MATBAACILIK KIMYA SAN. VE TIC. A.Ş.;AKÇABURGAZ MAH.3042SOKAK NO:14 İÇ KAPI NO:1 ESENYURT İSTANBUL;(212) 4853700;www.teknova.com.tr;teknova.com.tr;TET - Elektrik ve Elektronik İhracatçıları Birliği
STAR KABLO SAN.VE TIC.LTD.STI;TÜROBA KÖYÜ FIRAT PLASTİK KARŞIŞI BİNA NO.6 BÜYÜKÇEKMECE İSTANBUL;(212) 8590028;www.starkablo.com;starkablo.com;TET - Elektrik ve Elektronik İhracatçıları Birliği
GÜL PANO ELEKTRİK SANAYİ VE TİCARET LİMİTED ŞİRKETİ;FERHATPAŞA MAHALLESİ 101. SOKAK NO:109/111 ATAŞEHİR İSTANBUL;(216) 6611818;http://www.gulpano.com;gulpano.com;TET - Elektrik ve Elektronik İhracatçıları Birliği
BİLGİTÜRK BİLGİSAYAR TEK. SAN. VE TİC. A.Ş.;372/11 SOK. NO:14 KAZIM DİRİK BORNOVA İZMİR;(232) 4210616;www.bilgiturk.com.tr;bilgiturk.com.tr;TET - Elektrik ve Elektronik İhracatçıları Birliği
BRİDGE BİLİŞİM TEKNOLOJİ DANIŞMANLIK YATIRIM A.Ş;GAYRETTEPE MAH. YILDIZ POSTA CAD. AYYILDIZ APT.NO:30 K:3 D:9 BEŞİKTAŞ İSTANBUL;(212) 2111003;www.bridgeist.com;bridgeist.com;TET - Elektrik ve Elektronik İhracatçıları Birliği
BİGTEM MAKİNE PAZARLAMA LTD. ŞTİ.;ORHANLI MAH. GÜLSÜM SK. NO:8 ORHANLI TUZLA İSTANBUL;02163944189;www.bigtem.com.tr;bigtem.com.tr;TET - Elektrik ve Elektronik İhracatçıları Birliği
FİNDER TURKEY ELEKTRİK ANONİM ŞİRKETİ;İÇERENKÖY MAH. BAHÇELERARASI SOK. METE PLAZA NO:43 34758 ATAŞEHİR İSTANBUL;(216) 5751513;http://www.findernet.com;findernet.com;TET - Elektrik ve Elektronik İhracatçıları Birliği
GALENA SAĞLIK SAN. TİC. A.Ş.;SILIVRIKAPI CD.41/2-A FATİH İSTANBUL;02126325501;http://www.galena.com.tr;galena.com.tr;TET - Elektrik ve Elektronik İhracatçıları Birliği
ELMASLAR İMALAT TIBBİ CİHAZLAR İNŞAAT TAŞIMACILIK İTHALAT İHRACAT SANAYİ VE TİCARET ANONİM ŞİRKETİ;ASO 1.ORGANİZE SANAYİ BÖLGESİBABÜRŞAH CAD. NO:17 SİNCAN ANKARA;(312) 3948001;www.elmaslarmedikal.com.tr;elmaslarmedikal.com.tr;TET - Elektrik ve Elektronik İhracatçıları Birliği
PANEL ELEKTRO SANAYİ VE TİCARET ANONİM ŞİRKETİ;EMEK MAH.ONUR CAD. NO.51 SANCAKTEPE İSTANBUL;(216) 6210000;http://www.panel.com.tr;panel.com.tr;TET - Elektrik ve Elektronik İhracatçıları Birliği
CAE MÜHENDİSLİK SANAYİ VE TİCARET A.Ş.;DİCLE CAD. NO:13/17D ATAKENT MAH ÜMRANİYE İSTANBUL;(216) 2506713;www.caem.com.tr;caem.com.tr;TET - Elektrik ve Elektronik İhracatçıları Birliği
ECHOTECH MÜHENDİSLİK LİMİTED ŞİRKETİ;ORUÇREİS MAHALLESİ TEKSTİLKENT CADDESİ 10T-309 ESENLER İSTANBUL;(212) 0000000;www.echotech.com.tr;echotech.com.tr;TET - Elektrik ve Elektronik İhracatçıları Birliği
ÖZLER PLASTİK SANAYİ VE TİCARET ANONİM ŞİRKETİ;FİRUZKÖY YOLU ÜNİVERSİTE MH.BAĞLAR İÇİ CAD.NO:6-8 AVCILAR İSTANBUL;(212) 4566600;www.ozlerplastik.com;ozlerplastik.com;TET - Elektrik ve Elektronik İhracatçıları Birliği
GEN ERA DİAGNOSTİK SAĞLIK HİZMETLERİ ANONİM ŞİRKETİ;BARBAROS MAH. ÇİĞDEM SOK NO:1 D:19 MY OFFİCE İŞ MERK.BATI ATAŞEHİR ATAŞEHİR ATAŞEHİR İSTANBUL;(216) 4555822;www.gen-era.com.tr;gen-era.com.tr;TET - Elektrik ve Elektronik İhracatçıları Birliği
DM TEKNİK ENERJİ OTOMASYON SANAYİ VE TİCARET LİMİTED ŞİRKETİ;ALTAYÇEŞME MAH. ZÜHAL SOK. NO:22/2 MALTEPE İSTANBUL;(216) 4308101;http://dmteknik.com.tr;dmteknik.com.tr;TET - Elektrik ve Elektronik İhracatçıları Birliği
TUAR MÜHENDİSLİK VE DANIŞMANLIK LTD.ŞTİ.;KARACA SOKAK NO.26/5 06610 GOP GAZİOSMANPAŞA(GOP) ÇANKAYA ANKARA;(312) 4424358;www.tuar.com.tr;tuar.com.tr;TET - Elektrik ve Elektronik İhracatçıları Birliği
TEKFEN İNŞAAT VE TESİSAT AŞ;KÜLTÜR MH BUDAK SK NO:1 C BLOK BEŞİKTAŞ İSTANBUL;(212) 3593619;www.tekfeninsaat.com.tr;tekfeninsaat.com.tr;TET - Elektrik ve Elektronik İhracatçıları Birliği
HASA TÜM İÇ VE DIŞ TİCARET LİMİTED ŞİRKETİ;ATAKÖY 2-5-6. KISIM MAH. RAUF ORBAY CAD. YALI ATAKÖY C BLOK. NO:4/147 BAKIRKÖY İSTANBUL;(212) 8136037;https://hasa-grp.com/tr/home;hasa-grp.com;TET - Elektrik ve Elektronik İhracatçıları Birliği
ANIT KONTROL SİSTEMLERİ ROBOT MAKİNE OTOMASYON SAN. VE TİC. LTD. ŞTİ.;SANAYİ MAHALLESİ , KOZALI SOKAK , NO:10 D İÇ KAPI NO:9 İZMİT KOCAELİ;(262) 3351455;www.anitotomasyon.com;anitotomasyon.com;TET - Elektrik ve Elektronik İhracatçıları Birliği
TURKCELL ILETISIM HIZMETLERI A.S.;MESRUTIYET CAD.NO.153 80050TURKCELL PLAZA BEYOĞLU İSTANBUL;02123131000;www.turkcell.com;turkcell.com;TET - Elektrik ve Elektronik İhracatçıları Birliği
KERVANSAN YAPI MALZEMELERİ SANAYİ VE TİCARET LİMİTED ŞİRKETİ;FERHATPAŞA MAH. EYÜP SULTAN CAD. NO:10/4 ATAŞEHİR İSTANBUL;(216) 5723024;www.kervansan.com.tr;kervansan.com.tr;TET - Elektrik ve Elektronik İhracatçıları Birliği
MED BİRLEŞİM MEDİKAL SANAYİ VE TİCARET LİMİTED ŞİRKETİ;TOPAĞACI MAH. ASİL CAD. NO: 8 B ÜMRANİYE İSTANBUL;(212) 2202122;www.medbirlesim.com;medbirlesim.com;TET - Elektrik ve Elektronik İhracatçıları Birliği
DCS MÜHENDİSLİK ANONİM ŞİRKETİ;MEHMET AKİF ERSOY MAH. BELEDİYE CAD. NO: 4 İÇ KAPI NO: 10 SARIÇAM ADANA;(322) 4593399;https://www.dcsotomasyon.com/;dcsotomasyon.com;TET - Elektrik ve Elektronik İhracatçıları Birliği
AYMED MEDIKAL TEKNOLOJI SANAYİ VE TICARET LİMİTED ŞİRKETİ;ŞERİFALİ MAHALLESİ DERGAH SOKAK NO:9 ÜMRANİYE İSTANBUL;02163050333;www.aymed.com;aymed.com;TET - Elektrik ve Elektronik İhracatçıları Birliği
ASAF ALÜMİNYUM PAZARLAMA VE TİCARET LTD. ŞTİ.;GÜZELYALI MH MAZİ SK NO:24 PENDİK İSTANBUL;(216) 4935293;www.asafalu.com.tr;asafalu.com.tr;TET - Elektrik ve Elektronik İhracatçıları Birliği
ADOBA DIŞ TİCARET ANONİM ŞİRKETİ;ESENTEPE MAH. ERKILIÇ CAD. KARİZMA KULE NO:6 İÇ KAİÇ KAPI NO: 47 KARTAL İSTANBUL;(216) 4570148;doganbazaar.com;doganbazaar.com;TET - Elektrik ve Elektronik İhracatçıları Birliği
LİTA AYDINLATMA SANAYİ VE TİCARET ANONİM ŞİRKETİ;HADIMKÖY YOLU CAD. HARAÇCI MAH.NO.15 HARAÇCI ARNAVUTKÖY İSTANBUL;(212) 6830987;www.litpa.com;litpa.com;TET - Elektrik ve Elektronik İhracatçıları Birliği
GEMLER ELEKTRIK SAN.TIC.A.S.;1203/4 SOKAK. NO:10/H-K ŞAHİNKAYA İŞ MERKEZİ YENİŞEHİR KONAK İZMİR;02324583711;www.gemler.com.tr;gemler.com.tr;TET - Elektrik ve Elektronik İhracatçıları Birliği
SER REZİSTANS A.Ş.;İKİTELLİ ORGANİZE SAN. BÖLG. İPKAS SAN. SİT. 9 B BLOK NO:60 K:1 BAŞAKŞEHİR İSTANBUL;(212) 6715766;www.serrezistans.com;serrezistans.com;TET - Elektrik ve Elektronik İhracatçıları Birliği
HONEYHOME OTOMASYON BILISIM VE INSAAT SANAYI TICARET LIMITED SIRKETI;IÇERENKÖY MAH. ESKI EVLER SK. YÖN PLAZA NO: 11IÇ KAPI NO: 5 ATAŞEHİR İSTANBUL;(216) 4661636;www.honeyhome.com;honeyhome.com;TET - Elektrik ve Elektronik İhracatçıları Birliği
GLOBAL SANAYİ ÜRÜNLERİ KABLO VE ROBOTİK SİSTEMLER TİC.LTD.ŞTİ.;O.YILMAZ MAH.M.AKİF ERSOY CAD.622 SOKAK NO.1/12 GEBZE KOCAELİ;02626432517;www.globalsanayi.com.tr;globalsanayi.com.tr;TET - Elektrik ve Elektronik İhracatçıları Birliği
GAMA REKLAM SAN.VE TİC. A.Ş.;ORHANGAZİ MH TUNÇ CD. NO:5-1A/1 ESENYURT İSTANBUL;(212) 6232323;www.gamareklam.com.tr;gamareklam.com.tr;TET - Elektrik ve Elektronik İhracatçıları Birliği
ALEKS MAKİNE TICARET VE SANAYİ LİMİTED SİRKETI;YENİBOSNA MERKEZ MAH. KUYUMCULAR SOK. İSTANBUL VİZYON PARK 4/C1 BLOK NO:23 BAHÇELİEVLER İSTANBUL;02124581703;www.alexmakina.com;alexmakina.com;TET - Elektrik ve Elektronik İhracatçıları Birliği
LAPP KABLO SANAYİ VE TİCARET LİMİTED ŞİRKETİ;ATATÜRK MAH. ŞEREF SOK. NO:55/1 ATAŞEHİR İSTANBUL;(216) 4565699;www.lapp.com.tr;lapp.com.tr;TET - Elektrik ve Elektronik İhracatçıları Birliği
SAFER ENDÜSTRİ TESİSLERİ MÜH. İMALAT VE MONTAJ. A.Ş.;PERPA TİC. MRK. A BLOK K:2 NO:5 ŞİŞLİ İSTANBUL;(212) 2201313;www.saferindustry.com;saferindustry.com;TET - Elektrik ve Elektronik İhracatçıları Birliği
CEYLAN TIBBI KONTEYNIR ALET.MA K.IC VE DIS TIC.SAN.LTD.STI.;19.MAYIS SANAYI SITESI 71.SOK.NO:32 TEKKEKÖY SAMSUN;03622666557;www.ceylantibbi.com;ceylantibbi.com;TET - Elektrik ve Elektronik İhracatçıları Birliği
TORK BAGLANTI ELEMANLARI SAN VE TİC A.Ş;ORGANİZE SAN BÖLGESİ MH 27. SK NO:6/A TUZLA İSTANBUL;02163940238;www.torkclamps.com;torkclamps.com;TET - Elektrik ve Elektronik İhracatçıları Birliği
ARYAKA İÇ VE DIŞ TİCARET LİMİTED ŞİRKETİ;HALİL RIFAT PAŞA MH YÜZER HAVUZ SK PERPA TİC MERKEZİ B BLOK KAT:9/1403 ŞİŞLİ İSTANBUL;(212) 2203628;www.aryaka.com.tr;aryaka.com.tr;TET - Elektrik ve Elektronik İhracatçıları Birliği
KOÇ KABLO SAN.VE TIC.ANONİM ŞİRKETİ;KAYNARCA CAD. NO:25 ŞEYHLİ PENDİK İSTANBUL;(216) 3782191;www.kockablo.com.tr;kockablo.com.tr;TET - Elektrik ve Elektronik İhracatçıları Birliği
YAVUZ AYDINLATMA LİMİTED ŞİRKETİ;KARADENİZ MH.CEBECİ CD.NO:175 D GAZİOSMANPAŞA İSTANBUL;(212) 6494242;www.yvzlighting.com.tr;yvzlighting.com.tr;TET - Elektrik ve Elektronik İhracatçıları Birliği
NAVTÜRK MÜHENDİSLİK ELEKTRİK SANAYİ VE TİCARET LİMİTED ŞİRKETİ;CEVİZLİ MAH. TANSEL CAD. BULUT PLAZA NO:12-18 NO:75 MALTEPE İSTANBUL;(216) 5103059;http://www.navturk.com.tr;navturk.com.tr;TET - Elektrik ve Elektronik İhracatçıları Birliği
OMAK TEKNOLOJİ MÜHENDİSLİK ENERJİ VE DIŞ TİCARET LİMİTED ŞİRKETİ;19 MAYIS MAH. İNÖNÜ CAD. NO: 88 İÇ KAPI NO: 9 PK:34742 KADIKÖY İSTANBUL;(216) 9993647;omakmuhendislik.com;omakmuhendislik.com;TET - Elektrik ve Elektronik İhracatçıları Birliği
AZRA GRUP MAK. SAN. TİC. LTD. ŞTİ.;MECLİS MAHALLESİ İLKNUR SOKAK NO:8 SANCAKTEPE ISTANBUL MECLİS 34785 SANCAKTEPE, İSTANBUL, TÜRKİYE SANCAKTEPE İSTANBUL;(216) 3653536;www.azragruop.com;azragruop.com;TET - Elektrik ve Elektronik İhracatçıları Birliği
POYRAZ AĞ EKİPMANLARI BİLGİSAYAR ELEKT. ELEK. ÖZEL EĞİTİM HİZM. SAN. VE TİC. LTD. ŞTİ.;DUMLUPINAR MAH.19 MAYIS CAD.N:103/B GÖLCÜK KOCAELİ;;www.poyrazwifi.com;poyrazwifi.com;TET - Elektrik ve Elektronik İhracatçıları Birliği
SERVOLT ENERJİ SAN. VE DIŞ TİC. AŞ.;PERPA TİC. MERK. A BLOK KAT.11 NO.1465 OKMEYDANI ŞİŞLİ İSTANBUL;(212) 2229799;www.servolt.com;servolt.com;TET - Elektrik ve Elektronik İhracatçıları Birliği
KONELTEK ELEKTRONİK VE TEKNOLOJİK ÇÖZÜMLER SANAYİ VE TİCARET ANONİM ŞİRKETİ;ATAKENT MH. ATAKAN CD. REVAN SK. NO:2A ATAKENT ÜMRANİYE İSTANBUL;(216) 4433991;www.koneltek.com.tr;koneltek.com.tr;TET - Elektrik ve Elektronik İhracatçıları Birliği
AYVAZ GLOBAL DIŞ TİCARET A.Ş.;HADIMKÖY MH MUSTAFA İNAN CD NO:44/3 ARNAVUTKÖY İSTANBUL;(212) 7710145;www.ayvaz.com;ayvaz.com;TET - Elektrik ve Elektronik İhracatçıları Birliği
LANOVA EV GEREÇLERİ SAN. VE TİC. A.Ş.;ŞERİFALİ MAH. MEVDUDİ SOK. NO.31 ÜMRANİYE İSTANBUL;(212) 8559533;www.lanova.com.tr;lanova.com.tr;TET - Elektrik ve Elektronik İhracatçıları Birliği
ELEKS ELEKTRİK ELEKTRONİK SİSTEMLER SANAYİ VE TİCARET ANONİM ŞİRKETİ;ŞERİFALİ MAH. BAYRAKTAR BULVARIEMİN SOK. NO:3 Y. DUDULLU ÜMRANİYE İSTANBUL;(216) 4634728;www.eleksyangin.com;eleksyangin.com;TET - Elektrik ve Elektronik İhracatçıları Birliği
MATEK MEDIKAL AYGITLAR TEKNO. SAN.VE TIC. A. Ş;İVEDİK MAH. 2273 CAD. NO:10 YENİMAHALLE-ANKARA/TÜRKİYE YENİMAHALLE ANKARA;(312) 3945578;https://www.matek.com.tr/;matek.com.tr;TET - Elektrik ve Elektronik İhracatçıları Birliği
SISEL MUHENDISLIK ELEKTRONIK SANAYİ VE TICARET ANONİM ŞİRKETİ;ŞERİFALİ MAH. BARBAROS CAD. NO:18 YUKARIDUDULLU ÜMRANİYE İSTANBUL;02164964664;www.enda.com.tr;enda.com.tr;TET - Elektrik ve Elektronik İhracatçıları Birliği
MEDİAL GLOBAL TIBBİ CİHAZLAR ANONİM ŞİRKETİ;KUŞTEPE MAH. BESTEKAR ŞAKİR AĞA SK. NO: 6 İÇ KAPI NO: 1 34360 ŞİŞLİ, ŞİŞLİ İSTANBUL;;www.medial.com.tr;medial.com.tr;TET - Elektrik ve Elektronik İhracatçıları Birliği
LİME TEKNOLOJİ SİSTEMLERİ SANAYİ VE TİCARET ANONİM ŞİRKETİ;KAVACIK MAH. EKİNCİLER CAD. MEDİPOL ÜNİVERSİTESİ APT. NO:19/1/1 BEYKOZ İSTANBUL;(216) 6065987;https://www.limexelectric.com/;limexelectric.com;TET - Elektrik ve Elektronik İhracatçıları Birliği
LENOVO TECHNOLOGY B.V. MERKEZİ HOLLANDA TÜRKİYE İSTANBUL ŞUBESİ;PALADIUM TOWER İŞ MRK. HALK CAD. BARBAROS MAH. KARDELEN SOK. NO.2 K.3 ATAŞEHİR ATAŞEHİR İSTANBUL;(216) 5700100;www.lenovo.com;lenovo.com;TET - Elektrik ve Elektronik İhracatçıları Birliği
LUXEVA EV GEREÇLERİ SAN.VE TİC.LTD.ŞTİ.;HALKALI MERKEZ MH EGEMEN SK NO:5A KÜÇÜKÇEKMECE İSTANBUL;(212) 4710203;www.luxeva.com.tr;luxeva.com.tr;TET - Elektrik ve Elektronik İhracatçıları Birliği
GERMA TEKNOLOJİ SANAYİ VE TİCARET ANONİM ŞİRKETİ;75. YIL OSB MAH. 2002 CAD. NO: 25 ODUNPAZARI ESKİŞEHİR;(222) 2369123;http://www.germa.com.tr;germa.com.tr;TET - Elektrik ve Elektronik İhracatçıları Birliği
VAREL ALARM SISTEML.TIC.A.S.;E5 KARAYOLU USTU ETAP ISM.A BL.NO:22 KAT:3 D:6 KADIKÖY İSTANBUL;02163276280;www.varelalarm.com;varelalarm.com;TET - Elektrik ve Elektronik İhracatçıları Birliği
ORYX DIŞ TİCARET LİMİTED ŞİRKETİ;DUDULLU OSB MH. DES-118 SK. NO:1 ÜMRANİYE İSTANBUL;(216) 3493910;www.oryx.com;oryx.com;TET - Elektrik ve Elektronik İhracatçıları Birliği
NORM OTOMASYON ELEKTROMEKANİK İTH. İHR. SAN. İÇ VE DIŞ TİC. LTD. ŞTİ.;HACI HALİL MAH. YAZI CAD. 20 P/17 GEBZE KOCAELİ;(262) 6444129;www.normbms.com;normbms.com;TET - Elektrik ve Elektronik İhracatçıları Birliği
TMS MEDİKAL PLASTİK ÜRÜN SANAYİ DIŞ TİCARET LİMİTED;DERİ OSB MAH ALSANCAK SK N:3/A TUZLA İSTANBUL;(216) 5041867;http://www.tmsmedikal.com;tmsmedikal.com;TET - Elektrik ve Elektronik İhracatçıları Birliği
DALOĞLU MÜHENDISLIK MAK.SAN.VE TIC.LTD.ŞTI.;1.ORGANIZE SAN.BÖLGESI NO:18 1NOLU YOL Merkez SAKARYA;02642914290;www.daloglu.com;daloglu.com;TET - Elektrik ve Elektronik İhracatçıları Birliği
İMARİNE DENİZ TEKNOLOJİLERİ VE ARAŞTIRMALARI SANAYİ VE TİCARET ANONİM ŞİRKETİ;GÖZTEPE MAH. GÖKSUEVLERİ MENEKŞE SOK. B 237 NOLU VİLLA ANADOLUHİSARI BEYKOZ İSTANBUL;(216) 6800705;www.i-marinesystems.com;i-marinesystems.com;TET - Elektrik ve Elektronik İhracatçıları Birliği
TRON ELEKTRONIK SISTEMLERI SANAYI VE TICARET A.S.;1.ESENSEHIR MAH MIMARSINAN CADNO:33 ÜMRANİYE İSTANBUL;02163133335;www.tron.com.tr;tron.com.tr;TET - Elektrik ve Elektronik İhracatçıları Birliği
SİSKON ENDÜSTRİYEL OTOMASYON SİSTEMLERİ SAN. VE TİC. A.Ş.;D.E.Ü. TINAZTEPE YERLEŞKESİ DEPARK BETA BİNASI NO: 202ADATEPE 35390 BUCA, İZMİR, TÜRKİYE BUCA BUCA İZMİR;(232) 2450076;www.siskon.com.tr;siskon.com.tr;TET - Elektrik ve Elektronik İhracatçıları Birliği
MEGA RADAR ELEKTRIK ELEKTRONIK INS.SAN.VE TİC. A.Ş.;PARSELLER MAH. KUYU SOK. NO:30ÜMRANİYE İSTANBUL PARSELLER MAH 34773 ÜMRANİYE İSTANBUL;(216) 6329004;www.megaradar.com.tr;megaradar.com.tr;TET - Elektrik ve Elektronik İhracatçıları Birliği
KABSİS KABLO MONTAJ SAN.VE TİC.LTD.ŞTİ.;SOĞANLIK YENİ MAH. ALİAĞA SK.NO:8/124 KARTAL İSTANBUL;(216) 4174848;www.kabsis.com.tr;kabsis.com.tr;TET - Elektrik ve Elektronik İhracatçıları Birliği
SER DAYANIKLI TÜKETİM MALLARI İÇ VE DIŞ TİCARET SANAYİ ANONİM ŞİRKETİ;EVREN M. BAHAR C. POLATISMERKEZI A BLOK K:4/9 BAĞCILAR İSTANBUL;02126302186;www.simfer.com.tr;simfer.com.tr;TET - Elektrik ve Elektronik İhracatçıları Birliği
METAL VE YAPI SISTEMLERI TICARET ANONİM ŞİRKETİ;CAKIL KOYU BAGLAR MEVKI ÇATALCA İSTANBUL;02127764050;http://www.metalyapi.com;metalyapi.com;TET - Elektrik ve Elektronik İhracatçıları Birliği
MARLA TURIZM INSAAT TEKSTIL SAN.VE TIC.A.S.;RAMI ULUYOL SITELER C.NO.6/A BAYRAMPAŞA İSTANBUL;02125457980;www.elektromarla.com;elektromarla.com;TET - Elektrik ve Elektronik İhracatçıları Birliği
SML ETK. VE AKS. PAZ. SAN. VE TİC. LTD. ŞTİ.;SAADETDERE MAH.KAZIM KARABEKIRCAD. NO.7 AVCILAR İSTANBUL;02126901010;www.sml.com;sml.com;TET - Elektrik ve Elektronik İhracatçıları Birliği
ATEK MİKRODALGA ANONİM ŞİRKETİ;ÇİFTE HAVUZLAR MAH. ESKİ LONDRA ASFALTICAD. KULUÇKA MRK. B1 BLOK NO:151/1D NO:409 ESENLER İSTANBUL;(212) 4837167;http://www.atekmidas.com;atekmidas.com;TET - Elektrik ve Elektronik İhracatçıları Birliği
NOVOTEK BİYOMEDİKAL SAN. TİC. A.Ş.;VELİBABA MAH.ÇALIŞKAN SOK.N:4 PENDİK İSTANBUL;(262) 5024545;http://www.novotech.com.tr;novotech.com.tr;TET - Elektrik ve Elektronik İhracatçıları Birliği
CETA FORM EL ALETLERİ SANAYİ VE TİCARET A.Ş.;MERMERCİLER SAN. SİTESİ 3. CAD. NO:3 BEYLİKDÜZÜ İSTANBUL;(212) 8764641;www.cetaform.com;cetaform.com;TET - Elektrik ve Elektronik İhracatçıları Birliği
MAYA ÖLÇÜM ENST.SAN VE TİC.LTD.ŞTİ;ATAKENT MAH. 221. SK. NO:3 ROTA OFFİCE A-BLOK K:12 D:75 KÜÇÜKÇEKMECE İSTANBUL KÜÇÜKÇEKMECE İSTANBUL;;http://www.mayainstruments.com;mayainstruments.com;TET - Elektrik ve Elektronik İhracatçıları Birliği
AKSA ASPİRATÖR ISITMA VE SOĞUTMA SAN. TİC. LTD. ŞTİ.;ARAPTEPE MEVKİİ SAN. BÖLGESİ 5006. SOKNO:10 SELİMPAŞA SİLİVRİ İSTANBUL;(212) 7237400;www.aksamotor.com;aksamotor.com;TET - Elektrik ve Elektronik İhracatçıları Birliği
ESKA VALVE ANONİM ŞİRKETİ;1. ORGANİZE SANAYİ BÖLGESİ MAHALLESİ, 11. CADDE, NO:6-8 ARİFİYE SAKARYA;;www.eskavalve.com;eskavalve.com;TET - Elektrik ve Elektronik İhracatçıları Birliği
ÜSTÜN AVİZE SANAYİ VE TİCARET LİMİTED ŞİRKETİ;KARAYOLLARI MAH. CEBECİ CAD. 568/4 SOK.NO:4/6 GAZİOSMANPAŞA İSTANBUL;02122522747;www.avonni.com;avonni.com;TET - Elektrik ve Elektronik İhracatçıları Birliği
KALKANCI PRES DÖKÜM VE KALIP SAN. VE TİC. A. Ş.;İTOSB TEPE ÖREN MH RECEP BİLAL HANCI MH NO:17 AKFIRAT TUZLA İSTANBUL;(216) 5930755;www.kalkanci.com.tr;kalkanci.com.tr;TET - Elektrik ve Elektronik İhracatçıları Birliği
PROJET ELEKTRONIK SAN.VE TIC. A.S.;KARTALTEPE MAH.NAMIK KEMALCADNO.42 KÜÇÜKÇEKMECE İSTANBUL;02124258072;www.projetas.com.tr;projetas.com.tr;TET - Elektrik ve Elektronik İhracatçıları Birliği
ENEL ELEKTROMARKET İNŞ. SAN. VE TİC. LTD. ŞTİ.;İVEDİK OSB MH. MELİH GÖKÇEK BULVARI ELEKTROKENT 2 İŞ MERKEZİ 83/9 YENİMAHALLE ANKARA;(312) 3940449;www.enelelektromarket.com;enelelektromarket.com;TET - Elektrik ve Elektronik İhracatçıları Birliği
ORTOLOG MEDİKAL SAN. VE TİC. A.Ş.;CEVİZLİDERE MAH. 1237.SOK. NO:1/6 ÇANKAYA ANKARA;;www.ortolog.com;ortolog.com;TET - Elektrik ve Elektronik İhracatçıları Birliği
BTS YANGIN GUV.YAPI TEKNIK SAN . VE TIC.LTD.STI.;OKUL CAD. MUTLU SOK. NO.55 D.1 BEYKOZ İSTANBUL;02166803311;www.btsyangin.com.tr;btsyangin.com.tr;TET - Elektrik ve Elektronik İhracatçıları Birliği
ÖZKANLAR ELEKTRONİK İLETİŞİM İNŞAAT VE GIDA TİCARET LİMİTED ŞİRKETİ;ORTA MAH.30 AĞUSTOS CAD. NO47/1 TUZLA/İSTANBUL 34860 TUZLA İSTANBUL;;www.syrox.com.tr;syrox.com.tr;TET - Elektrik ve Elektronik İhracatçıları Birliği
KLEO MİNİBAR SANAYİ VE TİCARET LİMİTED ŞİRKETİ;GEBİZLİ MAH. TERMESSOS BULVARI NO:42PLAZA GLK A1 BLOK KAT 3 DAİRE 9 MURATPAŞA ANTALYA;(242) 3214676;www.minibar.com.tr;minibar.com.tr;TET - Elektrik ve Elektronik İhracatçıları Birliği
ASYALI PLASTİK HAVUZ MALZ. İML. İNŞ. TAAH. İTH. İHR. PAZ. SAN. TİC. LTD. ŞTİ.;İ.O.S.B. İPKAS SANAYİ SİTESİ 13A BLOK NO:33-35 İKİTELLİ BAŞAKŞEHİR İSTANBUL;(212) 4856516;www.asyaliplastik.com;asyaliplastik.com;TET - Elektrik ve Elektronik İhracatçıları Birliği
MIKAFON ELEKTRONIK INSAAT SANAYİ VE TİCARET LİMİTED ŞİRKETİ;BEREKETZADE SAIRZIYAPASA CAD.NO:8 BEYOĞLU İSTANBUL;(212) 2445177;www.mikafon.com.tr;mikafon.com.tr;TET - Elektrik ve Elektronik İhracatçıları Birliği
EREN AVCI;OSMANGAZİ MAH. ZAMBAK SOK. NO.40/1 ESENYURT - İST ESENYURT İSTANBUL;(212) 0000000;http://www.vegaled.com.tr;vegaled.com.tr;TET - Elektrik ve Elektronik İhracatçıları Birliği
34 BEY REKLAM TABELA MATBAA PROMOSYON KIRTASİYE AMBALAJ ÜRÜNLERİ SANAYİ VE TİCARET LİMİTED ŞİRKETİ;KAVAKL| MAH ISTANBUL CAD. MEYDAN KAVAKLI SİTESİB BLOK NO:29J BEYLİKDÜZÜ İSTANBUL;;http://www.beyreklam.com.tr;beyreklam.com.tr;TET - Elektrik ve Elektronik İhracatçıları Birliği
ELECTRA PROJE ELEK.MÜH.TAAH.İNŞ.ARAÇ K.İ.İ. VE TİC.A.Ş.;ALAADDİN BEY MH.641.SK. NO:4B/B NİLÜFER BURSA;(224) 2204422;www.electramuhendislik.com;electramuhendislik.com;TET - Elektrik ve Elektronik İhracatçıları Birliği
BDY ELEKTRİK İTHALAT İHRACAT SAN. VE TİC. LTD. ŞTİ.;HARAÇCI MAH. DOLMABAHÇE CAD. NO.12 HARAÇCI ARNAVUTKÖY İSTANBUL;(212) 6822106;www.bdyelektrik.com.tr;bdyelektrik.com.tr;TET - Elektrik ve Elektronik İhracatçıları Birliği
İMCA ELEKTRONİK VE BİLİŞİM SANAYİ VE TİCARET ANONİM ŞİRKETİ;ACIBADEM MAH.ÇEÇEN SOK.AKASYA EVLERİ SİT.A (KULE) BLOK 25A/197 ÜSKÜDAR İSTANBUL;(216) 5040787;www.imca.com.tr;imca.com.tr;TET - Elektrik ve Elektronik İhracatçıları Birliği
PRO-TEK ANALİTİK VE ENDÜSTRİYEL SİSTEMLER LTD.ŞTİ.;ATAKENT MAH.DICLE CAD. NO:29/1-2 ATAKENT ÜMRANİYE İSTANBUL;02163293960;www.protekanalitik.com;protekanalitik.com;TET - Elektrik ve Elektronik İhracatçıları Birliği
DOGUS ASANSOR MALZEMELERİ SANAYİ VE TICARET LİMİTED ŞİRKETİ;İMES SANAYİ SİTESİ İMES-309.SK NO:5 DUDULLU OSB MAH 34776 ÜMRANİYE İSTANBUL;;www.dogus-elevator.com;dogus-elevator.com;TET - Elektrik ve Elektronik İhracatçıları Birliği
HITEC ELECTRIC ELEKTRONIK TICARET LİMİTED ŞİRKETİ;ALADDİN BEY MAHALLESİ 613 SOKAK NO:7-A NİLÜFER BURSA;(224) 2709033;www.hitecelectric.com.tr;hitecelectric.com.tr;TET - Elektrik ve Elektronik İhracatçıları Birliği
MERSEN İSTANBUL SANAYİ ÜRÜNLERİ A.Ş.;G.O.S.B. IHSAN DEDE CAD. 900 SOK. NO.904 GEBZE KOCAELİ;02627510262;www.mersen.com;mersen.com;TET - Elektrik ve Elektronik İhracatçıları Birliği
AN-SA ELEKTROMEKANIK PL.SAN.IC VE DIS TIC.LTD.STI.;ÜNİVERSİTE MAH. ESENYURT YOLU ERGUVEN SOK. NO.9 AVCILAR İSTANBUL;(212) 5937510;www.ansaplastik.com;ansaplastik.com;TET - Elektrik ve Elektronik İhracatçıları Birliği
ILERI TEKN.URUNL.YONT.DANISMAN BILGI ISLEM SAN. VE TIC.LTD.ST;SEYRANTEPE MAH BULUT SOK NO 3 KAĞITHANE İSTANBUL;02122816078;www.itektr.com;itektr.com;TET - Elektrik ve Elektronik İhracatçıları Birliği
MARKA LED AYDINLATMA SAN.VE TİC.LTD.ŞTİ;Y.ULUYOL CAD.BÜYÜKCOŞKUN SOK.N:1 K:2D:18-19-20 BAYRAMPAŞA İSTANBUL;(212) 4385058;www.markaled.com;markaled.com;TET - Elektrik ve Elektronik İhracatçıları Birliği
TRIMPEKS ITH-IHR.TUR.VE TIC. A.S.;SULTAN SELİM MH. YUNUS EMRE CD. NO:1/11 KAĞITHANE İSTANBUL;(212) 3195000;www.trimpeks.com;trimpeks.com;TET - Elektrik ve Elektronik İhracatçıları Birliği
SECURITURK ELEKTRONİK GÜVENLİK SİSTEMLERİ A.Ş.;ESENTEPE MAH. D-100 GÜNEY YAN YOLN:25 LAPİSHAN OFİS 2069 KARTAL İSTANBUL;(850) 2593000;www.securiturk.com;securiturk.com;TET - Elektrik ve Elektronik İhracatçıları Birliği
ARGOS SES IŞIK ÜR. VE DESTEK TEKN. SAN. TİC. AŞ;HALIDE EDIP ADIVARMH.KUTLUBEY SK.NO.3 ŞİŞLİ İSTANBUL;02122220750;www.argostr.com;argostr.com;TET - Elektrik ve Elektronik İhracatçıları Birliği
TOPTEL TELEKOM.ITH.IHR.VE TIC. LTD.STI.;GÜLAĞACI SK. NO 22 D:1/2 - 34750 K. BAKKALKÖY ATAŞEHİR İSTANBUL;(216) 4691750;www.toptel.com.tr;toptel.com.tr;TET - Elektrik ve Elektronik İhracatçıları Birliği
ASTAŞ ENDÜSTRİ TEKSTİL MAKİNLARI SAN. TİC. AŞ;KOCMAN CAD.NO.57 GÜNEŞLİ BAĞCILAR İSTANBUL;02126308900;www.astasjuki.net;astasjuki.net;TET - Elektrik ve Elektronik İhracatçıları Birliği
SANMAR ELEKTRIK VE INŞ.MALZ. SAN.DIŞ TIC.LTD.ŞTI.;TAKSIM CAD. NO.65 K.2-3 BEYOĞLU İSTANBUL;02122568490;www.hazar.gen.tr;hazar.gen.tr;TET - Elektrik ve Elektronik İhracatçıları Birliği
INDEKS BILGISAYAR SISTEMLERI MUHEN.VE TIC.LTD.STI.;MERKEZ MAH. ERSEVEN SOK. NO: 8 KAĞITHANE İSTANBUL;(212) 3312121;www.index.com.tr;index.com.tr;TET - Elektrik ve Elektronik İhracatçıları Birliği
GELECEK YAZILIM MÜHENDİSLİK MEDİKAL VE ARAŞTIRMA GELİŞTİRME PAZ. TİC. LTD. ŞTİ.;TEKNOPARK İSTANBUL SANAYİ MAH. TEKNOPARK BLV.1A/316 PENDİK İSTANBUL;(216) 6996307;www.gelecekmuhendislik.com;gelecekmuhendislik.com;TET - Elektrik ve Elektronik İhracatçıları Birliği
MODERNTAS AVIZE VE METAL URUNLERI SAN.TIC.LTD.STI.;YOLCUZADE ISKENDER CADDESİ NO:18ŞİŞHANE BEYOĞLU İSTANBUL;(212) 2550505;www.moderntas.com.tr;moderntas.com.tr;TET - Elektrik ve Elektronik İhracatçıları Birliği
ERBIL ACAY;172. SOK. NO.8 BORNOVA İZMİR;02324722160;www.ferter.com.tr;ferter.com.tr;TET - Elektrik ve Elektronik İhracatçıları Birliği
TERMOSTAR ISI SANAYI LTD.STI.;KARACAKÖY MERKEZ MAH. KARACA AHMET PAŞA CAD.NO:32 ÇATALCA ÇATALCA İSTANBUL;02124824868;www.termostar.com;termostar.com;TET - Elektrik ve Elektronik İhracatçıları Birliği
ALMERA ELEKTRIK SANAYİ VE TICARET ANONİM ŞİRKETİ;MAHMUTBEY MAH 2446 SK N:185KUZEY ĞLAZA K:7 N:72 BAĞCILAR İSTANBUL;(212) 6740311;www.almera.com.tr;almera.com.tr;TET - Elektrik ve Elektronik İhracatçıları Birliği
STANDART TİM REKLAMCILIK SAN. VE TİC. A.Ş.;RAMAZANOGLU MAH. YEREL SOK. NO.1 PENDİK İSTANBUL;(216) 5953040;http://www.standart-tim.com/tr/;standart-tim.com;TET - Elektrik ve Elektronik İhracatçıları Birliği
MEDBAR TIBBI MALZEMELER TURİZM SANAYİ VE TİCARET A.Ş.;1142 SOK.NO:35 FATİH MAH. SARNIÇ GAZİEMİR İZMİR;(232) 2816003;www.medbar.com.tr;medbar.com.tr;TET - Elektrik ve Elektronik İhracatçıları Birliği
CEOTHERM ENDÜSTRİYEL FIRIN İMALAT SANAYİ VE TİCARET LİMİTED ŞİRKETİ;DES SAN. SİT. 104 PORSUK SOK. B10 BLOK NO:2 YUKARIDUDULLU ÜMRANİYE İSTANBUL;(216) 5403451;www.ecotherm.com.tr;ecotherm.com.tr;TET - Elektrik ve Elektronik İhracatçıları Birliği
CANON MEDİKAL SİSTEMLER TURKEY ANONİM ŞİRKETİ;BARBAROS MAH. KARDELEN SOK. NO:2 PALLADİUM TOWER KAT:4 / BÜRO 15 ATAŞEHİR İSTANBUL;(216) 4618830;www.tmst.com.tr;tmst.com.tr;TET - Elektrik ve Elektronik İhracatçıları Birliği
ELİMKO ELEKTRONİK İMALAT VE KONT. TIC.LTD.STI.;EMEK 8.CAD. 21.SOK. NO.16 ÇANKAYA ANKARA;(312) 2126450;www.elimko.com.tr;elimko.com.tr;TET - Elektrik ve Elektronik İhracatçıları Birliği
ASG TEKNOLOJİK TESİSAT MALZ.SAN.VE TİC.LTD.ŞTİ;YILDIZEVLER MAH.708.SOK NO:8/4 ÇANKAYA ANKARA;(312) 4430282;www.asgtekno.com;asgtekno.com;TET - Elektrik ve Elektronik İhracatçıları Birliği
PROTEKNİK TEKSTİL SANAYİ VE DIŞ TİCARET ANONİM ŞİRKETİ;YAZLIK YENİ MAH. D-130 KARAYOLU CAD. NO:87/A GÖLCÜK KOCAELİ;(262) 3433090;www.ptservice.com.tr;ptservice.com.tr;TET - Elektrik ve Elektronik İhracatçıları Birliği
KORDİL MÜHENDİSLİK SANAYİ VE TİCARET LİMİTED ŞİRKETİ;CEVİZLİ MAH. BAĞDAT CAD..POLENNIUM PLAZA NO.494 D.11 MALTEPE İSTANBUL;(216) 3446835;www.kordil.com;kordil.com;TET - Elektrik ve Elektronik İhracatçıları Birliği
MKSTEEL METAL İNŞAAT SANAYİ VE TİCARET ANONİM ŞİRKETİ;GÖZTEPE MH BATIŞEHİR CD NO:1 K1 BLOK KAT:19/40 BAĞCILAR İSTANBUL;(000) 0000000;http://mksteel.com.tr;mksteel.com.tr;TET - Elektrik ve Elektronik İhracatçıları Birliği
ELMARK PLUS ELEKTRİK ELEKTRONİK SANAYİ VE TİCARET LİMİTED ŞİRKETİ;ESENKENT MAH. AGAHEFENDİ SOK. NO.7/A ÜMRANİYE İSTANBUL;(216) 4208118;www.elmarkplus.com.tr;elmarkplus.com.tr;TET - Elektrik ve Elektronik İhracatçıları Birliği
SANTEK TEKNOLOJİ ÜRÜNLERİ İTH.İHR.PAZ.SAN.TİC.LTD.ŞTİ.;KAVACIK MAH. SERPİL SOK. NO.42 BEYKOZ İSTANBUL;(216) 4659998;www.santek.biz.tr;santek.biz.tr;TET - Elektrik ve Elektronik İhracatçıları Birliği
GEMED SAGLIK URUL.SAN.VE TIC. LTD.STI.;HURRIYET MAH. ADNAN KAHVECİ CAD.NO:27/B KARTAL İSTANBUL;02164523525;www.gemed.com.tr;gemed.com.tr;TET - Elektrik ve Elektronik İhracatçıları Birliği
HEYTECH ELEKTRİK ELEKTRONİK SAN. VE TİC. A.Ş;ALTINŞEHİR MAH. MERİÇ SOK. NO:12/A 34760 ÜMRANİYE İSTANBUL;(216) 2652990;www.heytech.com.tr;heytech.com.tr;TET - Elektrik ve Elektronik İhracatçıları Birliği
ELMAKSAN MAKİNA SANAYİ VE DIŞ TİCARET LTD.ŞTİ.;B.BAKKALKOY YENI MAHALLE G-10SOK.NO.30/3 PARSEL 205 MALTEPE İSTANBUL;02163117340;www.elmaksan.net;elmaksan.net;TET - Elektrik ve Elektronik İhracatçıları Birliği
EMRE ALÜMİNYUM YAPI SAN. TİC. A.Ş.;ADEMYAVUZ MH ALİ YÜKSEL SK NO:37 YUKARIDUDULLU ÜMRANİYE İSTANBUL;(216) 6101150;www.emrealuminyum.com.tr;emrealuminyum.com.tr;TET - Elektrik ve Elektronik İhracatçıları Birliği
SANTE GLOBAL TURİZM VE DIŞ TİCARET LİMİTED ŞİRKETİ;BAHÇELİEVLER MAH. 52.SOKAK NO.5/9 ÇANKAYA ANKARA;(312) 3615555;https://santetur.com.tr/;santetur.com.tr;TET - Elektrik ve Elektronik İhracatçıları Birliği
DBB MÜHENDİSLİK ELEKTRİK TAAHHÜT İNŞAAT TİCARET LİMİTED ŞİRKETİ;CEVİZLİ MAH. BAĞDAT CAD. OFİS İSTANBULNO:538 İÇ KAPI NO:8 MALTEPE - İSTANBUL CEVİZLİ 34840 MALTEPE İSTANBUL;(216) 3990322;http://www.dbbmuhendislik.com.tr;dbbmuhendislik.com.tr;TET - Elektrik ve Elektronik İhracatçıları Birliği
CPG MADENCİLİK MÜHENDİSLİK VE METAL SAN. TİC. LTD. ŞTİ.;ATATRÜK MAH ERTUĞRUL GAZİ SK METROPOL İSTANBUL SİTESİ A BLOK APARTMAN A28 ATAŞEHİR İSTANBUL;(216) 6889191;www.cpg-turkey.com;cpg-turkey.com;TET - Elektrik ve Elektronik İhracatçıları Birliği
TÜRKİYE İŞ BANKASI A.Ş;İŞ KULELERİ KULE1 LEVENT BEŞİKTAŞ İSTANBUL;(216) 5521690;www.isbank.com.tr;isbank.com.tr;TET - Elektrik ve Elektronik İhracatçıları Birliği
ŞAHİNLER KİMYA BİLGİSAYAR VE TEKSTİL KOZMETİK SAN. TİC. LTD. ŞTİ.;ISTOÇ 28.ADA N:93-95-97-99 MAHMUTBEY BAĞCILAR İSTANBUL;(212) 6595400;www.sahinlerkimya.com.tr;sahinlerkimya.com.tr;TET - Elektrik ve Elektronik İhracatçıları Birliği
ENG METAL YAPI İNŞ.TAAH.SAN.DIŞ TİC.A.Ş.;RÜZGARLIBAHÇE MH.ÖZALP ÇIKMAZI SK.NO:2 K PLAZA İŞ MERKEZİ KAT:5 BEYKOZ İSTANBUL;(216) 4250325;www.metalyapi-eng.com;metalyapi-eng.com;TET - Elektrik ve Elektronik İhracatçıları Birliği
ARMAS ELEKTRONIK SAN.VE TIC. LTD.STI.;AHİ EVRAN OSB MAH.BABÜRŞAH CAD. NO:6 SİNCAN ANKARA;;www.armaselektronik.com;armaselektronik.com;TET - Elektrik ve Elektronik İhracatçıları Birliği
NOBEL İLAÇ SANAYİİ VE TİC.A.Ş.;SARAY MAH. DR. ADNAN BÜYÜKDENİZ CAD. NO:14 ÜMRANİYE İSTANBUL;02166336000;www.nobel.com.tr;nobel.com.tr;TET - Elektrik ve Elektronik İhracatçıları Birliği
AVESO ELEKTRİK SANAYİ TİCARET LİMİTED ŞİRKETİ;YENİŞEHİR MAH.MUSTAFA AKYOL SK.MVK SİTESİ A BLOK NNO:13 /110 PENDİK İSTANBUL;(216) 0000000;http://sales@aveso.com.tr;sales@aveso.com.tr;TET - Elektrik ve Elektronik İhracatçıları Birliği
COMPRO BİLİŞİM TEKNOLOJİLERİ ANONİM ŞİRKETİ;ESKİ ÜSKÜDAR CAD.ÇAYIROĞLU SOK.PARTAŞ CENTER NO.1 KAT.10 İÇERENKÖY ATAŞEHİR İSTANBUL;(216) 5777280;www.compro.com.tr;compro.com.tr;TET - Elektrik ve Elektronik İhracatçıları Birliği
DLR MEDİKAL SANAYİ DIŞ TİCARET LİMİTED ŞİRKETİ;BULGURLU MAH. ZÜMRÜT SOK. NO:45/3 ÜMRANİYE İSTANBUL;(216) 3162969;www.dlrmed.com;dlrmed.com;TET - Elektrik ve Elektronik İhracatçıları Birliği
SWAN TURKEY ANALİZ. ENST. ÜR. SAT. DAĞ. LTD. ŞTİ.;ŞERİFALİ MAH. BAYRAKTAR BULVARI ÇETİN CAD.KULE SK.KAT:2 NO:25 ÜMRANİYE İSTANBUL;(216) 5406031;www.swanamalitik.com;swanamalitik.com;TET - Elektrik ve Elektronik İhracatçıları Birliği
MAXTRANS POMPA MAKİNA ENERJİ SİSTEMLERİ SANAYİ VE TİCARET ANONİM ŞİRKETİ;İDEALTEPE MAH.ÖZGÜR SOK.NO:26 D:1-3 34840D:1-3 MALTEPE İSTANBUL;(216) 5181150;www.maxtrans.com.tr;maxtrans.com.tr;TET - Elektrik ve Elektronik İhracatçıları Birliği
OVSAN MAKINA YEDEK PAR. IML. PAZ.LTD.STI.;KAVAK PINAR MAH. CEMİL MERİÇ CAD. NO.137/2 İÇ KAPI NO. 36 KAYNARCA PENDİK İSTANBUL;02163978007;www.ovsanmakina.com;ovsanmakina.com;TET - Elektrik ve Elektronik İhracatçıları Birliği
DAMEKS IC DIS TIC. VE SAN.A.S.;BALATÇIK MAH. 8901 SK. EGE SAN. SİT. NO:42-26 ÇİĞLİ İZMİR;(232) 4580010;www.dameks.com;dameks.com;TET - Elektrik ve Elektronik İhracatçıları Birliği
İSBAK İSTANBUL BİLİŞİM VE AKILLI KENT TEKNOLOJİLERİ A.Ş.;SEYRANTEPE MAH. CENDERE YOLU NO.56 KAĞITHANE İSTANBUL;(212) 3019000;www.isbak.com.tr;isbak.com.tr;TET - Elektrik ve Elektronik İhracatçıları Birliği
X KOREN ELEKTRİK ANONİM ŞİRKETİ;2412 SK. C PLAZA NO:2 K:4 N:44 MAHMUTBEY 3420034200 ESENYURT BAĞCILAR İSTANBUL;(212) 3020161;www.xkoren.com;xkoren.com;TET - Elektrik ve Elektronik İhracatçıları Birliği
BEOSİS PROJE TAAHHÜT ELEKTRONİK BİLG.VE MÜH.SAN.TİC.LTD.ŞTİ;GAZİLER MAH.İBRAHİMAĞA CAD.1784 SOK.NO:18 K:1 D:2 GEBZE KOCAELİ;(262) 6420443;www.beosis.com.tr;beosis.com.tr;TET - Elektrik ve Elektronik İhracatçıları Birliği
KRG CONSULTING İTHALAT İHRACAT PAZARLAMA VE DIŞ TİCARET LİMİTED ŞİRKETİ;İÇERENKÖY MAH. SİBEL SK. NO:1/1/2 ATAŞEHİR İSTANBUL;;www.krgconsultinginc.com;krgconsultinginc.com;TET - Elektrik ve Elektronik İhracatçıları Birliği
NASA ELEKTRİK AYDINLATMA SANAYİ VE TİCARET ANONİM ŞİRKETİ;OKCUMUSA CAD. NO:10/B KARAKÖY BEYOĞLU İSTANBUL;02122561218;www.nasaaydinlatma.com;nasaaydinlatma.com;TET - Elektrik ve Elektronik İhracatçıları Birliği
ERBAY ALUMINYUM INSAAT SANAYİ VE TİCARET AŞ.;ZUMRUTEVLER MAH. KESKIN SOK. NO.8 MALTEPE İSTANBUL;(216) 5891717;www.erbayaluminyum.com.tr;erbayaluminyum.com.tr;TET - Elektrik ve Elektronik İhracatçıları Birliği
SİNYALTEKNİK ELEK.OTOMASYON İTH.İHRC.SAN.VE TİC.LTD.STİ.;İOSB GİYİM SANATKARLARI SAN. SİT. 2. ADA C BLOK NO:122 34306 BAŞAKŞEHİR İSTANBUL;(212) 2924748;www.muccosignal.com;muccosignal.com;TET - Elektrik ve Elektronik İhracatçıları Birliği
İDE ELEKTRONİK YAZILIM BİLİŞİM İNŞAAT ELEKTRİK SANAYİ VE TİCARET LİMİTED ŞİRKETİ;EYÜP SULTAN MAH. MEHMET AKİF CAD. NO.55 SANCAKTEPE İSTANBUL;(216) 0000000;http://www.ideteknoloji.com;ideteknoloji.com;TET - Elektrik ve Elektronik İhracatçıları Birliği
ECT MUHENDISLIK ELEKTRIK ELE. PROJE TAAH.TIC.VE SAN.LTD.STI.;ŞERİFALİ MAH KIZKALESİ SK N:15 K:4 ÜMRANİYE İSTANBUL;(216) 3137100;www.ectgrup.com.tr;ectgrup.com.tr;TET - Elektrik ve Elektronik İhracatçıları Birliği
ARVİA ELEKTRİK SANAYİ VE TİCARET ANONİM ŞİRKETİ;HADIMKÖY MAHALLESİ TABYA SOKAK NO:4 İÇ KAPI NO:1 ARNAVUTKÖY İSTANBUL;(212) 7714634;http://arviaelectric.com.tr;arviaelectric.com.tr;TET - Elektrik ve Elektronik İhracatçıları Birliği
DOKTAR TEKNOLOJI ANONIM SIRKETI;REŞİTPAŞA MAH. KATAR CAD. İTÜ ARITEKNOKENT 3 BİNASI NO:4 İÇ KAPI NO:B301 SARIYER İSTANBUL;(212) 2430024;www.doktar.com;doktar.com;TET - Elektrik ve Elektronik İhracatçıları Birliği
SET MEDİKAL SANAYİ VE TİCARET ANONİM ŞİRKETİ;OSMAN GAZİ MAH. MAREŞAL FEVZİ ÇAKMAK CD. NO:18 ESENYURT İSTANBUL;(212) 6220400;www.setmedikal.com.tr;setmedikal.com.tr;TET - Elektrik ve Elektronik İhracatçıları Birliği
OMCO İSTANBUL KALIP SANAYİ VE TİCARET ANONİM ŞİRKETİ;DOSB 4. KISIM D4013 SK NO:6 GEBZE KOCAELİ;(262) 7444452;www.omcomould.com;omcomould.com;TET - Elektrik ve Elektronik İhracatçıları Birliği
NORM TEKNİK MALZEME TİCARET İNŞAAT SAN. A.Ş.;EYÜPSULTAN MAH. BAŞKENT CAD.N:6/1 SAMANDIRA SANCAKTEPE İSTANBUL;(216) 3114041;www.normteknik.com.tr;normteknik.com.tr;TET - Elektrik ve Elektronik İhracatçıları Birliği
AYDIN SAAT ITH.VE TIC.A.Ş.;BUYUKDERE C.209/7 BEŞİKTAŞ İSTANBUL;02123570333;www.aydinsaat.com.tr;aydinsaat.com.tr;TET - Elektrik ve Elektronik İhracatçıları Birliği
BAREM BILGISAYAR HİZMETLERİ TİCARET LİMİTED ŞİRKETİ;GULBAHAR MAH.GULBAG CD. N:12/F ŞİŞLİ İSTANBUL;02122136880;www.barem-ltd.com.tr;barem-ltd.com.tr;TET - Elektrik ve Elektronik İhracatçıları Birliği
PROMARK DİJİTAL TEKNOLOJİLER LİMİTED ŞİRKETİ;İVEDİK CAD. NO:245/38 İVEDİKKÖYMAH. 06378 YENİMAHALLE YENİMAHALLE ANKARA;(312) 5440915;www.promarkdijital.com;promarkdijital.com;TET - Elektrik ve Elektronik İhracatçıları Birliği
ÖZGÜR MOTOR VE GENERATÖR SAN. VE TİC. LTD. ŞTİ.;SOGANLIK SAPAGI TAVSATMAZTEKNOLOJI SAN.SIT.NO-33 KARTAL İSTANBUL;(216) 3537181;www.ozgurbobinaj.com;ozgurbobinaj.com;TET - Elektrik ve Elektronik İhracatçıları Birliği
FIN METAL ALIMINYUM SAN.VE TIC A.S.;ATASEHIR BULVARI 38. ADA ATA 3/3 PLAZA KAT:4 NO:40 KÜÇÜKBAKKALKÖY ATAŞEHİR İSTANBUL;02164566364;www.finmetal.com.tr;finmetal.com.tr;TET - Elektrik ve Elektronik İhracatçıları Birliği
HEIDELBERG GRAFİK TİC.SERV.LTD ŞTİ;YALCIN KORES CAD. NO.2222 ERDINCBINALARI A BL.1.KULE 4.KAT GÜNEŞLİ BAĞCILAR İSTANBUL;(212) 4103700;www.heidelberg.com.tr;heidelberg.com.tr;TET - Elektrik ve Elektronik İhracatçıları Birliği
HAYAT KİMYA SAN. AŞ;ALTUNİZADE MAH. MAHIR IZ CAD. NO:25 ÜSKÜDAR İSTANBUL;02165544000;www.hayat.com.tr;hayat.com.tr;TET - Elektrik ve Elektronik İhracatçıları Birliği
MİKROLİFT MÜHENDİSLİK ASANSÖR EL.BİLG.OTOM.SİS.LTD.ŞTİ.;MUSALLA BAĞLARI MH.Ş.AHMET DEĞERLİ SK.NO:42/A NALÇACI SELÇUKLU KONYA;(332) 2377817;www.mikrolift.com.tr;mikrolift.com.tr;TET - Elektrik ve Elektronik İhracatçıları Birliği
LIGHTHOUSE ULUSLARARASI YAZILIM DONANIM ÇÖZÜMLERİ SAN.VE TİC.LTD.ŞTİ.;MİMAR SİNAN MAH.ÇAVUŞBAŞI CAD.ÖZGE SOKAK ZİN DİŞ MERKEZİ NO:26 ÇEKMEKÖY ÇEKMEKÖY İSTANBUL;(216) 6400597;www.golighthouse.com.tr;golighthouse.com.tr;TET - Elektrik ve Elektronik İhracatçıları Birliği
MAKASAN MAKİNA KALIP SANAYİ VE TİCARET ANONİM ŞİRKETİ;ÖMERLİ MH HADIMKÖY İSTANBUL CD NO:161 ARNAVUTKÖY İSTANBUL;(212) 8865168;www.makasan.com;makasan.com;TET - Elektrik ve Elektronik İhracatçıları Birliği
PRIME GÜÇ SİSTEMLERİ SANAYİ TİCARET ANONİM ŞİRKETİ;TEPEÖREN MAHHALLESİ ÖZVATAN CADDESİ SİT. A APT. NO9 A/28 TUZLA İSTANBUL;(216) 3041115;www.primepower.com.tr;primepower.com.tr;TET - Elektrik ve Elektronik İhracatçıları Birliği
NIDEC ACIM TURKEY ENDÜSTRİYEL KONTROL SİSTEMLERİ SANAYİ VE TİCARET ANONİM ŞİRKETİ;FAHRETTIN KERIM GÖKAY CD.POYRAZ SK.SADIKOGLU ISM.18/1 KADIKÖY İSTANBUL;02164182420;www.controltech.com.tr;controltech.com.tr;TET - Elektrik ve Elektronik İhracatçıları Birliği
NORM ENERJI SISTEMLERI TURIZM INS.PAZ.SAN.VE TIC.LTD.STI.;PERPA TICARET MERK. B BLOK K.11 NO:1845-1847 (YEŞİL AVLU) OKMEYDANI ŞİŞLİ İSTANBUL;(212) 4440941;www.normenerji.com.tr;normenerji.com.tr;TET - Elektrik ve Elektronik İhracatçıları Birliği
E DATA ELEKTRONIK SAN.VE TIC. A.S.;BAHÇELİEVLER MAH. BOSNA BULV.PROFİLO PLAZA NO:148 ÇENGELKÖY ÜSKÜDAR İSTANBUL;(216) 4613110;www.edata.com.tr;edata.com.tr;TET - Elektrik ve Elektronik İhracatçıları Birliği
EMSE ELEKTRO MEKANIK SISTEMLER END.MUHEND.SAN.TIC.A.S.;UZAY CAGI CAD.1253 SOK.NO.12 OSTİM YENİMAHALLE ANKARA;;www.emse.com.tr;emse.com.tr;TET - Elektrik ve Elektronik İhracatçıları Birliği
METİN EMAYE ENDÜSTRİYEL MUTFAK EKİPMANLARI BEYAZ EŞYA TAAHHÜT SAN. VE TİC. LTD. ŞTİ.;ORHANLI MAH. İRFAN CAD. NO:34 ORHANLI TUZLA İSTANBUL;(216) 3943586;www.meltemgas.com;meltemgas.com;TET - Elektrik ve Elektronik İhracatçıları Birliği
ZERODAY BİLGİ TEKNOLOJİLERİ SANAYİ VE TİCARET ANONİM ŞİRKETİ;BEYTEPE MAH. 5360 SK. NO: 2 İÇ KAPI NO: 16 ÇANKAYA ANKARA;(312) 5430066;http://www.zeroday.com.tr;zeroday.com.tr;TET - Elektrik ve Elektronik İhracatçıları Birliği
ABA LED AYDINLATMA SAN.VE TİC.A.Ş.;AKÇABURGAZ MAHALLESİ AKÇABURGAZ CADDESİ NO:43 ESENYURT İSTANBUL;(212) 2224210;www.abalighting.com.tr;abalighting.com.tr;TET - Elektrik ve Elektronik İhracatçıları Birliği
TEKOLAB LABORATUAR SİSTEMLERİ VE MÜH. SAN. VE TİC. LTD. ŞTİ.;TATLISU MAH. ZEYNEL SOK. NO:20 ÜMRANİYE İSTANBUL;(216) 3132414;www.tekolab.com;tekolab.com;TET - Elektrik ve Elektronik İhracatçıları Birliği
ENDÜSTRIYEL ELEKTRIK ELEKTRONIK SANAYI VE TICARET ANONIM SIRKETI;2.ORGANIZE SAN, BOLGESI ISIKTEPE SOK. YAYLACIK CAD. NO.20 SELÇUKLU KONYA;03322390900;www.endustriyel.com;endustriyel.com;TET - Elektrik ve Elektronik İhracatçıları Birliği
GÜRTAŞ METAL MAKİNA TESİSAT SA N.VE TİC.LTD.ŞTİ.;KARADENİZLİLER MAH. ORDULU CAD. NO.81 BAŞİSKELE KOCAELİ;(262) 3353808;www.gurtasmakina.com;gurtasmakina.com;TET - Elektrik ve Elektronik İhracatçıları Birliği
KBS MAĞAZA MOBİLYALARI TASARIM VE ÜRETİM ANONİM ŞİRKETİ;GEP OSB CUMHURİYET CD NO:40 GEBZE KOCAELİ;(262) 4444053;www.kbs.com.tr;kbs.com.tr;TET - Elektrik ve Elektronik İhracatçıları Birliği
MA ENERJİ MÜHENDİSLİK ELEKTRİK PROJE TAAHHÜT LİMİTED ŞİRKETİ;HALKAPINAR MAHALLESİ, 1203/11 SOK. NO:3ÖMER ATLI İŞ MERKEZİ K:7 D:710 KONAK İZMİR;(232) 4596923;http://www.mamuhendislik.com.tr;mamuhendislik.com.tr;TET - Elektrik ve Elektronik İhracatçıları Birliği
WHITECH BİLİŞİM HİZMETLERİ TİCARET LİMİTED ŞİRKETİ;KÜÇÜKBAKKALKÖY ALİ AY SOKAK NO:19/2 34758 ATAŞEHİR İSTANBUL;(216) 8070411;http://www.whitech.com.tr;whitech.com.tr;TET - Elektrik ve Elektronik İhracatçıları Birliği
EGE PROFİL TİCARET VE SANAYİ ANONİM ŞİRKETİ;ATATURK ORGANIZE SAN.BOLG.10003 SOK.NO:5 ÇİĞLİ İZMİR;02323989898;www.deceuninck.com;deceuninck.com;TET - Elektrik ve Elektronik İhracatçıları Birliği
İNKWER MÜHENDİSLİK HİZMETLERİ VE END. ÜRÜNLER İML. A.Ş.;AYDINLI BİRLİK OSB MH. 2. SK. NO:3 TUZLA İSTANBUL;(216) 3147010;www.inkwer.com;inkwer.com;TET - Elektrik ve Elektronik İhracatçıları Birliği
SIMTEKNO ENDUSTRIYEL URUN.SAN. TIC.LTD.STI.;ORUÇ REİS MAH .GİYİMKENT SİT 3.SOK.B21 BLOK NO:107-109-111 ESENLER ESENLER İSTANBUL;(212) 5376274;www.simtekno.com;simtekno.com;TET - Elektrik ve Elektronik İhracatçıları Birliği
MANNAS DİŞ DEPOSU TİC VE SAN LTD ŞTİ;MOLLA GÜRANİ MAH OĞUZHAN CAD NO:39 İÇ KAPI NO:5 FATİH İSTANBUL;02126357726;www.mannas.com.tr;mannas.com.tr;TET - Elektrik ve Elektronik İhracatçıları Birliği
CEYLAN AYDINLATMA SAN.VE DIS. TIC.LTD.STI.;EMEKYEMEZ MAH. SISHANE SOK. NO.26 BEYOĞLU İSTANBUL;02122562677;www.ceylanaydinlatma.com;ceylanaydinlatma.com;TET - Elektrik ve Elektronik İhracatçıları Birliği
ZESAR KALIPÇILIK SANAYİ VE TİCARET ANONİM ŞİRKETİ;ŞERİFALİ MAHALLESİ KULE SK. NO:27/2 ÜMRANİYE İSTANBUL;02165400579;www.zesar.com.tr;zesar.com.tr;TET - Elektrik ve Elektronik İhracatçıları Birliği
PROMAR DENIZ MALZEMELERI DIS TICARET VE MÜMESSILLIK ANONIM SIRKETI;POSTANE MAH.ŞEVKETBEY SOK.NO:1 34940 TUZLA, İSTANBUL, TÜRKİYE TUZLA İSTANBUL;(216) 3952652;www.promar.com.tr;promar.com.tr;TET - Elektrik ve Elektronik İhracatçıları Birliği
ANADTEK BİLİŞİM TEKNOLOJİLERİ SANAYİ VE TİCARET LİMİTED ŞİRKETİ;ŞERİFALİ MAH.MEVDUDİ SOK. NO:14/4 ÜMRANİYE İSTANBUL;(216) 6414118;www.anatek.com;anatek.com;TET - Elektrik ve Elektronik İhracatçıları Birliği
SOLAR START ENERJİ SANAYİ VE TİCARET ANONİM ŞİRKETİ;ALCI OSB MAHALLESİ ASO 2. BÖLGE MÜDÜRLÜĞÜ 2000. CAD. NO:14 SİNCAN/ANKARA SİNCAN ANKARA;(312) 5021015;http://www.solarstart.com.tr;solarstart.com.tr;TET - Elektrik ve Elektronik İhracatçıları Birliği
TEKNOLABOR ELEKTRIK SAN. VE TIC.LTD.STI.;ESKİ ANKARA ASFALTI İTOSB 8.CAD. NO:2 TUZLA İSTANBUL;02163882332;www.teknolabor.com;teknolabor.com;TET - Elektrik ve Elektronik İhracatçıları Birliği
ARTES KAPI DONANIM TEKNOLOJİLERİ SAN. VE TİC. LTD.ŞTİ.;TOSB 3. CAD. NO:29 TUZLA İSTANBUL;(216) 5932424;www.artes.com.tr;artes.com.tr;TET - Elektrik ve Elektronik İhracatçıları Birliği
BAB TEKNOLOJİ BİLİŞİM ELEKTRİK İNŞAAT SANAYİ VE TİCARET LİMİTED ŞİRKETİ;ATATÜRK MH 312/1 SK NO 3 A ÇAYIROVA KOCAELİKOCAELİ/ÇAYIROVA ÇAYIROVA KOCAELİ;(262) 7422494;http://www.babteknoloji.com;babteknoloji.com;TET - Elektrik ve Elektronik İhracatçıları Birliği
IPG PHOTONİCS EURASİA LAZER ÜRÜNLERİ SATIŞ VE SERVİS HİZM. TİC. LTD.ŞTİ.;YEŞİLBAĞLAR MAH. FENER SOK. NO:2 A313/314 PENDİK İSTANBUL;(216) 3060317;www.ipgphotonics.com;ipgphotonics.com;TET - Elektrik ve Elektronik İhracatçıları Birliği
ARTEMİS İNŞAAT SAN. VE İNŞAAT MALZ. PAZARLAMA TİC. A.Ş.;GEBZE ORG.SAN.BÖL.İHSANDEDE CAD.800.SOK.NO:820 GEBZE KOCAELİ;(262) 6770707;www.artemis.com.tr;artemis.com.tr;TET - Elektrik ve Elektronik İhracatçıları Birliği
AUTOFOR OTOMOTİV SAN.VE DIŞ.TİC. A.Ş.;MERVE MAH. NECİP FAZIL CAD. NO:10B/1 SANCAKTEPE İSTANBUL;(216) 5610303;www.autofor.com.tr;autofor.com.tr;TET - Elektrik ve Elektronik İhracatçıları Birliği
DINAMIK RONTGEN SANAYİ VE TICARET LİMİTED ŞİRKETİ;İVEDİK OSB 1371. SOKAK NO: 21 /B İVEDİK OSB 06378 İVEDİKORGANİZESANAYİ 06378 İVEDİKORGANİZESANAYİ YENİMAHALLE ANKARA;;www.dynamicxray.com;dynamicxray.com;TET - Elektrik ve Elektronik İhracatçıları Birliği
KAYALAR ENDÜSTRİYEL MUTFAK SANAYİ VE TİCARET ANONİM ŞİRKETİ;GÜMÜŞSUYU CD LİTROS YOLU SK NO:17-1 BAYRAMPAŞA İSTANBUL;(212) 6122611;www.kayalarmutfak.com;kayalarmutfak.com;TET - Elektrik ve Elektronik İhracatçıları Birliği
LEDECH TEKNOLOJİ SANAYİ DIŞ TİCARET ANONİM ŞİRKETİ;İVEDİKOSB MAH. 2224 CAD. NO: 1 İÇ KAPI NO: 116 YENİMAHALLE ANKARA;(312) 9550454;www.ledech.com.tr;ledech.com.tr;TET - Elektrik ve Elektronik İhracatçıları Birliği
KUNT ELEKTRONIK SAN.VE TIC.A.S;IKITELLI ORGANIZE SAN.BOL.ATATÜRK BULVARI N:216 KÜÇÜKÇEKMECE İSTANBUL;02125497474;www.kunt.com.tr;kunt.com.tr;TET - Elektrik ve Elektronik İhracatçıları Birliği
AKIN GLOBAL İÇ VE DIŞ TİC.SAN.LTD.ŞTİ.;İLKBAHAR MAH. 620. SOKAK NO:5 KIZILAY ÇANKAYA ANKARA;(312) 2302058;www.akinglobal.com.tr;akinglobal.com.tr;TET - Elektrik ve Elektronik İhracatçıları Birliği
OMSA PLASTIK SANAYI VE TICARET LTD.STI.;LITROS HASTANE YOLU MALTEPESANAYI SIT.NO.330-344 BAYRAMPAŞA İSTANBUL;02125672759;http://www.omsaplastik.com;omsaplastik.com;TET - Elektrik ve Elektronik İhracatçıları Birliği
KART SİSTEM BİLİŞİM VE OFİS SİS.SAN.TİC.LTD.ŞTİ.;İKİTELLİ ORG.SAN.BÖLG.TRİKO CENTERM4 BLOK NO.69 KÜÇÜKÇEKMECE İSTANBUL;(212) 6719771;www.kartsist.com;kartsist.com;TET - Elektrik ve Elektronik İhracatçıları Birliği
DELTA PROSES OTOMASYON KONTROL VE ELEK.SIS.SAN.VE TIC.LTD.STI;10042 SK.NO:6 A.O.S.B. ÇİĞLİ İZMİR;02324332910;www.deltaproses.com;deltaproses.com;TET - Elektrik ve Elektronik İhracatçıları Birliği
ENTEK LED ARMATÜR SAN. VE TİC. A.Ş.;ÖMERLİ MAH. ÖZÇINAR SOK. KOS KOOP. SAN. SİT. NO:18 K:2 HADIMKÖY(BOYALIK) ARNAVUTKÖY İSTANBUL;(212) 7983041;www.entekled.com.tr;entekled.com.tr;TET - Elektrik ve Elektronik İhracatçıları Birliği
ENELSAN ENDÜSTRİYEL ELEKTRONİK SANAYİ ANONİM ŞİRKETİ;FABRIKALKAR CD. NO : 98 DIL OVASI ORG.SAN.BLG. GEBZE KOCAELİ;02627546313;www.enelsan.com;enelsan.com;TET - Elektrik ve Elektronik İhracatçıları Birliği
SEVA MÜHENDİSLİK İNŞ.İTH.İHR. LTD.ŞTİ;FERHATPAŞA MAH. 10. SOK. NO:64 ATAŞEHİR İSTANBUL;(216) 5611767;www.sevapool.com;sevapool.com;TET - Elektrik ve Elektronik İhracatçıları Birliği
KD TEC TURKEY ELEKTRONİK SAN. VE TİC. LTD. ŞTİ.;MERKEZ MAHALLESİ ŞİFALI SU OSB CAD. GÜMÜŞOVA /DÜZC GÜMÜŞOVA DÜZCE;(380) 7314111;http://www.kdtec.com.tr/;kdtec.com.tr;TET - Elektrik ve Elektronik İhracatçıları Birliği
AKSAN İHRACAT TİCARET A.Ş.;BEYLİKDÜZÜ OSB MH KARANFİL CD BAKIR VE PİRİNÇ SAN SİT NO:15/1 BEYLİKDÜZÜ İSTANBUL;(212) 8764720;www.aksan-co.com;aksan-co.com;TET - Elektrik ve Elektronik İhracatçıları Birliği
EUROPUMP AKARYAKIT VE LPG POMPALARI PAZARLAMA LTD. ŞTİ.;KÖSELER KÖYÜ MERMERCİLER SAN SİT 18. CD 22. SK NO 32 DİLOVASI KOCAELİ;(216) 3653570;www.europump.com;europump.com;TET - Elektrik ve Elektronik İhracatçıları Birliği
GLOBAL RF TECHNOLOGY DEFENSE SAVUNMA VE HABERLEŞME SİSTEMLERİ SANAYİ TİCARET ANONİM ŞİRKETİ;KİRAZLİDERE MAH. ESKİ ANKARA CAD. , A-1 BLOKNO:4/A İÇ KAPI NO: 3 ÇEKMEKÖY İSTANBUL;;http://www.globalrftechnology.com;globalrftechnology.com;TET - Elektrik ve Elektronik İhracatçıları Birliği
ARGE BILISIM OTOM.PRO.YAZ.GEL. DON.TAS.MUH.VE DAN.SAN.TIC.LTD;GOSB-TEKNOPARK-K.NEHROZOGLU CDHIGHTECH BINASI K:2 NO:A-7 GEBZE KOCAELİ;02626788880;www.argebilisim.com;argebilisim.com;TET - Elektrik ve Elektronik İhracatçıları Birliği
DCS KİMYA SANAYİ VE TİCARET LİMİTED ŞİRKETİ;ŞEHREMENİ MAH. ŞAİR MEHMET EMİN SOKAK NO:9/3 FATİH İSTANBUL;(212) 6326345;www.yenident.com.tr;yenident.com.tr;TET - Elektrik ve Elektronik İhracatçıları Birliği
DEKOMİKA DİZAYN DEKORASYON VE DIŞ TİCARET LİMİTED ŞİRKETİ;ÇAVUŞOĞLU MAH.ÇOBANYILDIZI CAD. SUNTA İDARİ BİNASI NO:65 KARTAL İSTANBUL;(216) 3870123;https://www.dekomika.com/;dekomika.com;TET - Elektrik ve Elektronik İhracatçıları Birliği
NOYA DİJİTAL DÖNÜŞÜM TEKNOLOJİLERİ A.Ş.;HAMİDİYE MAHALLESİ SOĞUKSU CADDESİNO:5 KAT:8 KAĞITHANE İSTANBUL;(212) 2942403;www.noyabilgisayar.com;noyabilgisayar.com;TET - Elektrik ve Elektronik İhracatçıları Birliği
SEKO END.POMPALAR VE PROS SİST.SAN.VE TİC.LTD.ŞTİ.;ATALAR MAH.ÇANAKKALE CAD.ZEMİN KATNO:14/2 KARTAL İSTANBUL;(216) 3532542;www.seko.com;seko.com;TET - Elektrik ve Elektronik İhracatçıları Birliği
SAACKE YAKMA HİZMETLERİ TİC. LTD. ŞTİ.;FERHATPAŞA MAH. YEDİTEPE CAD. NO:109 İÇ KAPI NO:2 ATAŞEHİR İSTANBUL;(216) 6617171;www.saacke.com.tr;saacke.com.tr;TET - Elektrik ve Elektronik İhracatçıları Birliği
ELİAR ELEKTRONİK SANAYİ A. Ş.;ESENTEPE MAH. SAĞLAM FİKİR SOK. NO:1 ŞİŞLİ İSTANBUL;(212) 2743031;www.eliar.com.tr;eliar.com.tr;TET - Elektrik ve Elektronik İhracatçıları Birliği
LUMES CAM SANAYI VE TICARET A.S.;UZUNDERE MEVKİİ AGRI CAD. NO.58 SULTANBEYLİ İSTANBUL;(216) 4199190;www.lumes.com;lumes.com;TET - Elektrik ve Elektronik İhracatçıları Birliği
AUGER İŞ MAKİNELERİ YEDEK PARÇALARI VE DIŞ TİCARET LİMİTED ŞİRKETİ;BEYLİKDÜZÜ OSB MH. AÇELYA CAD. NO:31 BEYLİKDÜZÜ İSTANBUL;(212) 8018273;www.asfmakine.com;asfmakine.com;TET - Elektrik ve Elektronik İhracatçıları Birliği
GME ELEKTRİK TİCARET VE SAN.LTD.ŞTİ.;BARBAROS MAH.TUNALI HİLMİ CAD.NO:59/3 ÇANKAYA / ANKARA ÇANKAYA ANKARA;(312) 4278214;www.gmelectricals.com;gmelectricals.com;TET - Elektrik ve Elektronik İhracatçıları Birliği
ENKA PAZ.İHR.İTH.A.Ş.;ISTASYON MAH. ARAPLAR CAD. NO.6 TUZLA İSTANBUL;02164466464;www.enka.com.tr;enka.com.tr;TET - Elektrik ve Elektronik İhracatçıları Birliği
KASKTAS KAYAR KALIP ALTYAPI SONDAJ VE TICARET A.S.;ENDERUNLU ISMAIL HAKKI BEY SOKAK BALMUMCU MAH NO:1 BEŞİKTAŞ İSTANBUL;(212) 2745800;www.kasktas.com.tr;kasktas.com.tr;TET - Elektrik ve Elektronik İhracatçıları Birliği
BOTEK DİJİTAL TEKNOLOJİ VE ENDÜSTRİ ANONİM ŞİRKETİ;ESENŞEHİR MAH. GÜNEYLİ SK. NO:13 D 1 ÜMRANİYE İSTANBUL;(216) 3145900;https://botekendustri.com/;botekendustri.com;TET - Elektrik ve Elektronik İhracatçıları Birliği
BST BETONSTAR YEDEK PARÇA MAK. SAN. VE TİC. A.Ş.;YUKARI DUDULLU ORG. SAN. BÖL. 2. CAD. NO:2 ÜMRANİYE İSTANBUL;(216) 4202314;www.betonstar.com;betonstar.com;TET - Elektrik ve Elektronik İhracatçıları Birliği
GUNEY DIS DEPOSU TICARET VE SANAYI A.S.;KAYIŞDAĞI MAHALLESİ DUDULLU CADDESİ MECNUN SOKAK NO:8 ATAŞEHİR İSTANBUL;02164668383;www.guneydis.com;guneydis.com;TET - Elektrik ve Elektronik İhracatçıları Birliği
MEPA IC VE DIS TICARET A.S.;ATATURK MAH. BAHARIYE CAD. NO.2 KÜÇÜKÇEKMECE İSTANBUL;(212) 6984444;www.mepaotomotiv.com;mepaotomotiv.com;TET - Elektrik ve Elektronik İhracatçıları Birliği
SEDA AVIZE SAN.VE TIC.LTD.STI.;YOLCUZADE ISKENDER CAD.TALASCI SOK.NO.5 BEYOĞLU İSTANBUL;02122567827;www.sedaavize.com.tr;sedaavize.com.tr;TET - Elektrik ve Elektronik İhracatçıları Birliği
ÖZCAN AYDINLATMA SANAYİ VE DIŞ TİCARET LİMİTED ŞİRKETİ;YENI MAH.CEBECI CAD.NO.204/A KÜÇÜKKÖY GAZİOSMANPAŞA İSTANBUL;(212) 4794567;www.ozcanaydinlatma.com.tr;ozcanaydinlatma.com.tr;TET - Elektrik ve Elektronik İhracatçıları Birliği
LOTTA ASANSÖR SAN.VE TİC.LTD. ŞTİ.;ŞERİFALİ ÇİFTLİĞİ MAH. ŞEHİT SOK.NO:32 YUKARIDUDULLU ÜMRANİYE İSTANBUL;(216) 5274200;www.lotta.com.tr;lotta.com.tr;TET - Elektrik ve Elektronik İhracatçıları Birliği
SADER IC VE DIS TIC.LTD.STI;BATI SIT.MH.2307 SK.53GERSAN SAN.SIT. YENİMAHALLE ANKARA;03122565353;www.sader.com.tr;sader.com.tr;TET - Elektrik ve Elektronik İhracatçıları Birliği
VİZYON KOMÜNİKASYON TEKNOLOJİLERİ SAN.VE TİC.LTD.ŞTİ.;ORHANGAZİ MAHALLESİ 17/11 SOKAK NUMARA 28-30/34 ESENYURT İSTANBUL;(212) 6698238;www.vizyonturkey.com;vizyonturkey.com;TET - Elektrik ve Elektronik İhracatçıları Birliği
SOMFY EV OTOMASYON SISTEMLERI TIC.LTD.STI.;KISIKLI CAD. BAŞARAN IŞMERKEZİ NO.3KAT 2 ÜSKÜDAR İSTANBUL;02166513015;www.somfy.com;somfy.com;TET - Elektrik ve Elektronik İhracatçıları Birliği
SURGYNIQUE MÜHENDİSLİK HİZMETLERİ SANAYİ VE TİCARET ANONİM ŞİRKETİ;76 SOKAK NO:10 KEMALPAŞA OSB MAHALLESİ KEMALPAŞA İZMİR;(232) 2181995;http://www.surgynique.com;surgynique.com;TET - Elektrik ve Elektronik İhracatçıları Birliği
SNL ELEKTRİK DIŞ TİCARET V E SANAYİ ANONİM ŞİRKETİ;ATAKENT MH 221 SK NO:66B F BLOK D:24 ESENYURT İSTANBUL;(000) 0000000;www.snldisticaret.com;snldisticaret.com;TET - Elektrik ve Elektronik İhracatçıları Birliği
SELDUR ELEKTRIK TICARET VE SANAYI ANONİM ŞİRKETİ;BEREKETZADE MAHALLESİ BÜYÜK HENDEK CADDESİ CİHAN APT. NO:45/A BEYOĞLU İSTANBUL;02122435005;www.seldur.com.tr;seldur.com.tr;TET - Elektrik ve Elektronik İhracatçıları Birliği
IDS SİSTEM YAPI SANAYİ VE TİCARET ANONİM ŞİRKETİ;MAHMUTBEY MAH. 2538.SOK. KISIK PLAZA NO:6İÇ KAPI NO:62 BAĞCILAR İSTANBUL;(212) 8010333;www.tr-ids.com;tr-ids.com;TET - Elektrik ve Elektronik İhracatçıları Birliği
MURAT BERK ÖZKAYA;YENİŞEHİR MAH.SU SOK.PINAR SİT.A1 BLOK NO:3/5ATAŞEHİR İSTANBUL TÜRKİYE PK:34779 ATAŞEHİR İSTANBUL;(216) 4161175;www.mbendustriyel.com;mbendustriyel.com;TET - Elektrik ve Elektronik İhracatçıları Birliği
EKİN SMART CITY TEKNOLOJİ ANONİM ŞİRKETİ;MADEN MAH. GEDİZ SOK. NO:7 SARIYER İSTANBUL;(212) 4252624;www.ekin.tc;ekin.tc;TET - Elektrik ve Elektronik İhracatçıları Birliği
WOW TEKNOLOJİ DIŞ TİCARET ANONİM ŞİRKETİ;HALİDE EDİP ADIVAR MAH.SULTAN SK N.26 B ŞİŞLİ ISTANBUL TURKIYE PK:34384 ŞİŞLİ İSTANBUL;(850) 8401300;www.wowteknoloji.com;wowteknoloji.com;TET - Elektrik ve Elektronik İhracatçıları Birliği
2A MÜHENDİSLİK SANAYİ VE TİCARET ANONİM ŞİRKETİ;KAĞITHANE MERKEZ MAH. KAĞITHANE CAD.2A İŞ MERKEZİ NO:2 KAĞITHANE KAĞITHANE İSTANBUL;02123215252;2a.com.tr;2a.com.tr;TET - Elektrik ve Elektronik İhracatçıları Birliği
TURİSTİK HAVA TAŞIMACILIK A.Ş.;SAHRAYI CEDİT MAH.ATATÜRK CAD.DİLKUM SİT. 7.BLOK. NO.59/5 KADIKÖY İSTANBUL;(242) 3109000;www.corendonairlines.com;corendonairlines.com;TET - Elektrik ve Elektronik İhracatçıları Birliği
ENAVA TEKNOLOJİ SANAYİ VE TİCARET LİMİTED ŞİRKETİ;İSTASYON MAH ŞEHİTLER CAD H.73/2 TUZLA İSTANBUL;(216) 5041414;http://www.enava.com.tr;enava.com.tr;TET - Elektrik ve Elektronik İhracatçıları Birliği
ELSIM ELEKTRO TEKNIK SIST. SAN.TIC.A.S.;YEŞILCE MAH.GIRNE CAD ÇIĞDEMSOK N:4 BEŞİKTAŞ İSTANBUL;02122827580;www.elsim.com;elsim.com;TET - Elektrik ve Elektronik İhracatçıları Birliği
TEKNIKKART AKILLI KART TEKNOLOJİLERİ SANAYİ VE TİCARET ANONİM ŞİRKETİ;IKITELLI ORG.SAN.BOLG.3.KISIMFATIH SIT.7 BLOK NO.2 K.2 KÜÇÜKÇEKMECE İSTANBUL;02124858777;www.teknikart.com.tr;teknikart.com.tr;TET - Elektrik ve Elektronik İhracatçıları Birliği
ARDIÇ ELEKTRIK SANAYİ VE TICARET LİMİTED ŞİRKETİ;BEYLİKDÜZÜ OSB MAH.HÜRRİYET BULVARI NO:10 ASF PLAZA K:4 34520 BEYLİKDÜZÜ, BEYLİKDUZU, TÜRKİYE BEYLİKDÜZÜ İSTANBUL;(212) 4441364;www.ardic.com;ardic.com;TET - Elektrik ve Elektronik İhracatçıları Birliği
STOKEVI DIS TIC.LTD.STI.;ÇAYIRÇIKMAZ SOK.NO.18K.1 İSTİNYE SARIYER İSTANBUL;02122293635;www.stokevi.com;stokevi.com;TET - Elektrik ve Elektronik İhracatçıları Birliği
AKAR ELEKTRIK TAAHHUT SAN.TIC. LTD.STI.;DUMLUPINAR CAD. ORTA MAH.GÜNEŞ ÇIKMAZI GÜNEŞHAN NO 1 BAYRAMPAŞA İSTANBUL;02126131183;www.akarpano.com.tr;akarpano.com.tr;TET - Elektrik ve Elektronik İhracatçıları Birliği
ADEKS MÜHENDİSLİK VE TİC. A.Ş.;KOŞUYOLU MAH.ALİ DEDE CAD.ALİ NAZİME SOK.N:15 KADIKÖY İSTANBUL;(216) 3399500;www.adeksmuhendislik.com.tr;adeksmuhendislik.com.tr;TET - Elektrik ve Elektronik İhracatçıları Birliği
ASLAN TICARET DAYANIKLI TUKETIM MALLARI LTD.STI.;ASLAN PLAZA YENİBOSNA MERKEZ MH 29 EKİM CD N:11/C-Z1 BAHÇELİEVLER İSTANBUL;(212) 6590059;www.schafer.com.tr;schafer.com.tr;TET - Elektrik ve Elektronik İhracatçıları Birliği
MBS MEKATRONIK VE LOJISTIK SANAYI TICARET ANONIM ŞİRKETİ;SULTANORHAN MAH.HASKÖY SANAYİ SİTESİB10 BLOK NO:1 GEBZE GEBZE KOCAELİ;(262) 6441867;www.gebzetransteknik.com;gebzetransteknik.com;TET - Elektrik ve Elektronik İhracatçıları Birliği
ARYA OTOMASYON MÜH. ELEKT. ELEKTRONIK BIL.INS. SAN. VE TIC. LTD. STI.;YESILOVA MAH/SEMT 4139/3 SK. 8 A BORNOVA İZMİR;(232) 4675070;http://www.aryaotomasyon.com.tr;aryaotomasyon.com.tr;TET - Elektrik ve Elektronik İhracatçıları Birliği
VİSTA TIP PROJE VE DANIŞMANLIK ANONİM ŞİRKETİ;MUSTAFA KEMAL MAH. 2118. CD. MAİDAN İŞ VE YAŞAM ME MERKEZİ NO: 4B, B BLOK, 6. KAT, D:64 06400 ÇANKAYA ANKARA;(312) 0000000;https://vistatip.com.tr/;vistatip.com.tr;TET - Elektrik ve Elektronik İhracatçıları Birliği
TOREKS ENERJİ VE TEKNOLOJİ HİZMETLERİ SANAYİ VE TİCARET ANONİM ŞİRKETİ;TUZLA BOYA VERNİK ORG.SAN.BÖLG.BATIYAN CAD.3.SOK.NO:3/2 ORHANLI TUZLA İSTANBUL;(216) 4448673;www.torekselectrik.com;torekselectrik.com;TET - Elektrik ve Elektronik İhracatçıları Birliği
ALAPALA MAKİNA GIDA SAN. TİC. A. Ş.;ORGANİZE SANAYİ BÖLGESİ 12.CD.NO-18 ÇORUM ÇORUM;03642549560;www.alapala.com;alapala.com;TET - Elektrik ve Elektronik İhracatçıları Birliği
AS TEKNOLOJİK İNŞ. SAN. VE TİC. A.Ş.;MASLAK MH MASLAK MEYDAN SK BEYBİ GİZ PLAZA NO:1/9/31 SARIYER İSTANBUL;(212) 2150095;www.asteknolojik.com.tr;asteknolojik.com.tr;TET - Elektrik ve Elektronik İhracatçıları Birliği
AKAD ENDÜSTRİ MALZEMELERİ VE DIŞ TİC.A.Ş;CELAL ATİK SOK. NO:10GAYRETTEPE ŞİŞLİ İSTANBUL;(212) 2125040;www.akad.com.tr;akad.com.tr;TET - Elektrik ve Elektronik İhracatçıları Birliği
GÖKÇELLER DEMİR ÇELİK SANAYİ TİCARET ANONİM ŞİRKETİ;İKİTELLİ OSB MH BEDRETTİN DALAN BULVARI NO:3/1 BAŞAKŞEHİR İSTANBUL;(212) 4851058;www.gokcellercelik.com;gokcellercelik.com;TET - Elektrik ve Elektronik İhracatçıları Birliği
ÖMEL MÜHENDISLIK ELEKTRONIK SANAYI VE TICARET ANONIM SIRKETI;ALAADDINBEY MAH. 635. SK. OTOMASYON PLAZA NO: 1 IÇ KAPI NO: 1 NİLÜFER BURSA;02244412214;www.omel.com.tr;omel.com.tr;TET - Elektrik ve Elektronik İhracatçıları Birliği
4D SİSTEM TİCARET A.Ş;PARK ORAN OFİS TURAN GÜNEŞ BULVARI E-BLOK NO:6 ORAN ÇANKAYA ANKARA;03124407797;www.4dsistem.com;4dsistem.com;TET - Elektrik ve Elektronik İhracatçıları Birliği
PASİFİK MEDİKAL TİCARET ANONİM ŞİRKETİ;OSTİM OSB MAHALLESİ ATİSAN SANAYİ SİTESİ 241 SOKAK NO:2 YENİMAHALLE ANKARA;(312) 2111232;http://www.pasifikmedikal.com;pasifikmedikal.com;TET - Elektrik ve Elektronik İhracatçıları Birliği
SLT MEDİKAL VE SAĞLIK HİZ.LTD.ŞTİ.;MERKEZ MAH. DEĞİRMENBAHÇE CAD. AİRPORT HİLL SİT. E BLK11-EC BAHÇELİEVLER İSTANBUL;(212) 4525758;www.sapiolife.com.tr;sapiolife.com.tr;TET - Elektrik ve Elektronik İhracatçıları Birliği
KARCHER SERVİS TİCARET ANONİM ŞİRKETİ;MERKEZ MAH. BASIN EKSPRES CAD. AYAZ PLAZA SİTESİNO:5B/7 HALKALI KÜÇÜKÇEKMECE İSTANBUL;(212) 7034444;www.karcher.com.tr;karcher.com.tr;TET - Elektrik ve Elektronik İhracatçıları Birliği
TECİR LABORATUVAR SARF MALZEMELER SANAYİ VE TİCARET LİMİTED ŞİRKETİ;ORU. REİS MAH GİYİMKENT SİT: CAD.14 SK.B148APT.58/A ESENLER İSTANBUL;;www.tecirlab.com;tecirlab.com;TET - Elektrik ve Elektronik İhracatçıları Birliği
BEKAERT ÇELİK KORD SAN. VE TİC. AŞ;FATİH MAH. SANAYİ CAD. NO: 88 P.K 41310 ALİKAHYA İZMİT KOCAELİ;(262) 3168500;www.bekaert.com.tr;bekaert.com.tr;TET - Elektrik ve Elektronik İhracatçıları Birliği
ESMAN MAKINA SAN.ITH.IHR. MUMESSILLIK VE TIC.A.S.;İKİTELLİ OSB MH METAL İŞ SAN SİT 9. BLOK NO:3-5-7-9 BAŞAKŞEHİR İSTANBUL;(212) 6719310;www.esmancegan.com;esmancegan.com;TET - Elektrik ve Elektronik İhracatçıları Birliği
GETİNGE MEDİKAL SİSTEMLER SANAYİ VE TİC A.Ş.;KÜÇÜKBAKKALKÖY MAH. BÜYÜKHANLI PLAZADEFNE SOK. NO.3 K.8 KÜÇÜKBAKKALKÖY ATAŞEHİR İSTANBUL;(216) 4446678;www.getingegroup.com;getingegroup.com;TET - Elektrik ve Elektronik İhracatçıları Birliği
YENİGÜN AYDINLATMA SAN. VE TİC. A.Ş;EMEKYEMEZ MAH. OKÇUMUSA CAD. ŞİŞHANE SOK.YENİGÜN İŞ MERKZ. NO:8/A BEYOĞLU İSTANBUL;(212) 2530777;www.yeniguntr.com;yeniguntr.com;TET - Elektrik ve Elektronik İhracatçıları Birliği
SETSİS BİLİŞİM TEKNOLOJİLERİ SANAYİ VE TİCARET ANONİM ŞİRKETİ;KAPTANPAŞA MAH.HALİTZİYA TÜRKKAN SOKAK FAMAS PLAZA C BLOK KAT:-1 ŞİŞLİ İSTANBUL;(212) 2120333;www.setsis.com;setsis.com;TET - Elektrik ve Elektronik İhracatçıları Birliği
MİTA KALIP VE DÖKÜM SANAYİ ANONİM ŞİRKETİ;KAVAKLI MH DENİZ AKTAŞ CD NO:17 BEYLİKDÜZÜ İSTANBUL;(212) 5521235;www.mita-kalip.com;mita-kalip.com;TET - Elektrik ve Elektronik İhracatçıları Birliği
TOYOTA İSTİF MAKİNELERİ A.Ş.;ESENKENT MAH. KARTOPU SOK. NO:20 ÜMRANİYE İSTANBUL;(216) 5900606;www.toyotaistif.com;toyotaistif.com;TET - Elektrik ve Elektronik İhracatçıları Birliği
METRESAN OLCU ALETLERI SAN.VE TIC.A.S.;TERSANE CAD. NO.84 CELIK HAN ASMA KAT BEYOĞLU İSTANBUL;02122372633;www.metresan.com.tr;metresan.com.tr;TET - Elektrik ve Elektronik İhracatçıları Birliği
PERLADIA TİCARET VE DANIŞMANLIK ANONİM ŞİRKETİ;KIZILIRMAK MAH 1445 SK 1445 SK. NO:2/1 İÇ KAPI NO4 ÇANKAYA ANKARA;(312) 2842210;http://www.perladia.com;perladia.com;TET - Elektrik ve Elektronik İhracatçıları Birliği
SUNGROW TURKEY ENERJİ SİSTEMLERİ SERVİS HİZMETLERİ SANAYİ VE TİCARET ANONİM ŞİRKETİ;BARBAROS MAH.HALK CAD. PALLADIUM RESIDENCE ( A BLOK) APT.NO:8 A/4 ATAŞEHİR İSTANBUL ATAŞEHİR İSTANBUL;(216) 6636040;www.sungrow.com.tr;sungrow.com.tr;TET - Elektrik ve Elektronik İhracatçıları Birliği
KENAN METAL ANONİM ŞİRKETİ;İOSB MH ATATÜRK BULVARI MAHMUT TORUN PLAZA NO:54/21 İKİTELLİ BAŞAKŞEHİR İSTANBUL;(212) 4856035;www.kenanmetal.com;kenanmetal.com;TET - Elektrik ve Elektronik İhracatçıları Birliği
CANDAŞ AYDINLATMA SANAYİ VE TİCARET A.Ş.;ÇAKMAKLI MAH. HADIMKÖY YOLU CAD. NO:73/A BÜYÜKÇEKMECE İSTANBUL;(212) 8867266;www.highlight.com.tr;highlight.com.tr;TET - Elektrik ve Elektronik İhracatçıları Birliği
MEDCEM GLOBAL PAZARLAMA ANONİM ŞİRKETİ;ERTUĞRUL GAZİ SOK METROPOLİSTANBUL C2 APT. NO:2A / 28 ATATÜRK MAH 34758 ATAŞEHİR İSTANBUL;(212) 6063737;www.medcemglobal.com.tr;medcemglobal.com.tr;TET - Elektrik ve Elektronik İhracatçıları Birliği
ATISTECH ELEKTRONIK VE DIS TIC .LTD.STI.;TÜRKER CD. MİRAS SOK. NO:40/1 İŞ MERKEZİ ÜMRANİYE İSTANBUL;(216) 4309400;www.komsis.com;komsis.com;TET - Elektrik ve Elektronik İhracatçıları Birliği
ATEKSİS AKILLI TEKNOLOJİ SİSTEMLERİ VE TİCARET ANONİM ŞİRKETİ;SERİFALİ MAH. İBRAHİM HAKKI SOK. NO:34 ÜMRANİYE İSTANBUL;(216) 4259966;www.ateksis.com;ateksis.com;TET - Elektrik ve Elektronik İhracatçıları Birliği
KARFO-KARACASULU DIS TIC.A.S.;EBU SUUD C.NO.61 FATİH İSTANBUL;02125123193;www.karfo-karacasulu.com;karfo-karacasulu.com;TET - Elektrik ve Elektronik İhracatçıları Birliği
KARTEK KART VE BİLİŞİM TEKNOLOJİLERİ TİC. A.Ş.;REŞİTPAŞA MAH. KATAR CAD. TEKNOKENT ARI 3 SİTESİ NO.4-102 SARIYER İSTANBUL;(212) 3283331;www.cardtek.com;cardtek.com;TET - Elektrik ve Elektronik İhracatçıları Birliği
EPSILON NDT ENDUSTRIYEL KONTROL SISTEMLERI SANAYİ VE TICARET ANONİM ŞİRKETİ;19 MAYIS MH.DR.ŞEVKET BEY SK.POLAT ÇİFTÇİLER APT. NO:3/A-B ŞİŞLİ İSTANBUL;(212) 2310303;www.epsilon-ndt.com;epsilon-ndt.com;TET - Elektrik ve Elektronik İhracatçıları Birliği
C.F. MAİER POLİMER TEKNİK LİMİTED ŞİRKETİ;E-5 KARAYOLU UZERI MARMARACIKKOYU MEVKII P.K.65 ÇORLU TEKİRDAĞ;(282) 6863516;www.c-f-maier.com.tr;c-f-maier.com.tr;TET - Elektrik ve Elektronik İhracatçıları Birliği
SESA MEKATRONİK ENDÜSTRİYEL OTOM. VE KİMYA SAN. VE TİC. LTD. ŞTİ.;ŞEKERPINAR MAH.ÇELİK SOK. NO:8 ÇAYIROVA KOCAELİ;(262) 6580215;www.sesamekatronik.com.tr;sesamekatronik.com.tr;TET - Elektrik ve Elektronik İhracatçıları Birliği
MTB ENDÜSTRİ SİSTEMLERİ SAN. VE TİC. LTD. ŞTİ.;GAZİ OSMAN PAŞA OSB MAH. 6.CADDE NO:3-A ÇERKEZKÖY TEKİRDAĞ;(282) 7251023;www.mtbendustrisistemleri.com;mtbendustrisistemleri.com;TET - Elektrik ve Elektronik İhracatçıları Birliği
ANATOLİAN ELEKTRİK MAKİNA İNŞAAT MÜHENDİSLİK PROJE SANAYİ VE TİCARET LİMİTED ŞİRKETİ;YALI MAH. ÇATALAY SOKAK NO:11/5 KARTAL İSTANBUL;(258) 2688825;http://anatoliann.com;anatoliann.com;TET - Elektrik ve Elektronik İhracatçıları Birliği
AGM YEDEK PARCA VE MAKINE SAN TIC. LTD. ŞTİ.;CEMIL MERIC MAH.BESTEKAR SOKBIRLIK SIT.D BLOK 3A/23 PK:34771 ÜMRANİYE İSTANBUL;(216) 2905183;www.agmticaret.com;agmticaret.com;TET - Elektrik ve Elektronik İhracatçıları Birliği
WACKER NEUSON MAKİNA LİMİTED ŞİRKETİ;TEM YAN YOL KATİP ÇELEBİ CAD. NO:15 34940 TUZLA İSTANBUL;(216) 5740474;www.wackerneuson.com.tr;wackerneuson.com.tr;TET - Elektrik ve Elektronik İhracatçıları Birliği
SCHUNK INTEC BAĞLAMA SİSTEMLERİ VE OTOMASYON SAN.VE TİC.LTD.ŞTİ.;KÜÇÜKYALI İŞ MERKEZİ GİRNE MH.IRMAK SK.A BLOK NO:9 MALTEPE İSTANBUL;(216) 3662111;www.schunk.com;schunk.com;TET - Elektrik ve Elektronik İhracatçıları Birliği
RADIOMETER TIBBİ MALZEMELER SAN.VE DIŞ TİC.LTD.ŞTİ.;FSM MAH. POLİGON CAD. NO:8C BUYAKA KULE- 3 DAİRE:54 TEPEÜSTÜ ÜMRANİYE İSTANBUL;(216) 4697560;www.radiometer.com.tr;radiometer.com.tr;TET - Elektrik ve Elektronik İhracatçıları Birliği
MULTİTEK ELEKTRONİK SANAYİİ VE TİCARET ANONİM ŞİRKETİ;ATATÜRK CADDESİ NO:47 MECLİS MAH. SARIGAZİ SANCAKTEPE İSTANBUL;(216) 4203838;www.multitek.com.tr;multitek.com.tr;TET - Elektrik ve Elektronik İhracatçıları Birliği
ARIKAN SAAT AŞ.;İSTOÇ 2434 SOKAK NO:132/21 BAĞCILAR İSTANBUL;;www.arikantime.com;arikantime.com;TET - Elektrik ve Elektronik İhracatçıları Birliği
SANIL TEKNIK ELEKTRIK SAN.VE TIC.LTD.STI.;OKCU MUSA CD.TUTSAK SK.NO:27/5 BEYOĞLU İSTANBUL;02122569428;www.sanil.com.tr;sanil.com.tr;TET - Elektrik ve Elektronik İhracatçıları Birliği
STOW TURKEY DEPO VE EKİPMAN AŞ;MAHMUTPAŞA MEVKİİ KARAMÜRSEL CAD.NO:334 KULLAR BAŞİSKELE KOCAELİ;(262) 3493016;www.standard.gen.tr;standard.gen.tr;TET - Elektrik ve Elektronik İhracatçıları Birliği
ERİŞİM TEKNİK MAKİNA ELEKTRONİK İNŞ. SAN. VE TİC. LTD.ŞTİ.;YEŞİLCE MAHALLESİ ULUBAŞ CADDESİ NO:44 KAĞITHANE İSTANBUL;(212) 2827880;www.erisimteknik.com;erisimteknik.com;TET - Elektrik ve Elektronik İhracatçıları Birliği
PHARMANOVA ECZA DEPOSU SANAYİ VE TİCARET ANONİM ŞİRKETİ;ÇAMLICA MAH. ANADOLU BLV. NO:20 - İÇ KAPI NO:7 YENİMAHALLE ANKARA;(312) 2194706;www.pharmanova.com.tr;pharmanova.com.tr;TET - Elektrik ve Elektronik İhracatçıları Birliği
SILKCOAT DUVAR KAPLAMALARI SANAYİ VE TİCARET LİMİTED ŞİRKETİ;KALEİÇİ MAH. SARAY VİZE YOLU ÜZERİNO.61 GÖKÇEALI TREN ISTASYONU YANI ÇATALCA İSTANBUL;02127895643;www.silkcoat.com;silkcoat.com;TET - Elektrik ve Elektronik İhracatçıları Birliği
REDER TEKNOLOJİ SANAYİ VE TİCARET ANONİM ŞİRKETİ;İST.DÜNYA TİC.MERK.EGS BUSİNESS PARK ÇARŞIBLOĞU GİRİŞ KATI NO:75 YEŞİLKÖY BAKIRKÖY İSTANBUL;(212) 4650616;www.reder.com.tr;reder.com.tr;TET - Elektrik ve Elektronik İhracatçıları Birliği
ALATO MÜHENDİSLİK İNŞAAT SAN. VE TİC. LTD. ŞTİ;KÜÇÜKBAKKALKÖY MAH. KAYIŞDAĞI CAD. METAL İŞ MERKEZİ. NO:37. D:91 ATAŞEHİR İSTANBUL;(216) 4695411;www.alato.com.tr;alato.com.tr;TET - Elektrik ve Elektronik İhracatçıları Birliği
ELİT ELEKTRONİK UYDU ANTEN SİSTEMLERİ SANAYİ VE TİCARET LİMİTED ŞİRKETİ;GÜNEŞLİ MAH. ÇİÇEK SOK. NO: 8 BAĞCILAR İSTANBUL;(212) 6555035;www.elitsat.com;elitsat.com;TET - Elektrik ve Elektronik İhracatçıları Birliği
DOLFIN ELEKTRIK SAN.VE TIC.LTD STI.;EVLİYA ÇELEBİ MAH. RAUF ORBAY CAD.PEKER SOK. NO:2 KAT:2 TUZLA İSTANBUL;(216) 4467267;www.dolfinelektrik.com.tr;dolfinelektrik.com.tr;TET - Elektrik ve Elektronik İhracatçıları Birliği
LEDİN REKLAM VE TASARIM ANONİM ŞİRKETİ;15 TEMMUZ MAHALLESİ GÜLBAHAR CAD.SANCAKTAR PLAZA NO:128 BAĞCILAR İSTANBUL;(212) 4461145;www.ledin.eu;ledin.eu;TET - Elektrik ve Elektronik İhracatçıları Birliği
SITECH EURASIA TEKNOLOJİ SERVİS VE TİC. A.Ş.;PÜRTELAŞ HASAN MAH. MECLİSİ MEBUSAN CAD. NO:35 SALIPAZARI BEYOĞLU İSTANBUL;(212) 3935500;www.sitech-eurasia.com.tr;sitech-eurasia.com.tr;TET - Elektrik ve Elektronik İhracatçıları Birliği
MENATEK SAVUNMA TEKNOLOJİLERİ SANAYİ TİCARET A.Ş;ESENŞEHİR MH HASEKİ SK NO:22 ÜMRANİYE İSTANBUL;(850) 8006685;www.menatek.com.tr;menatek.com.tr;TET - Elektrik ve Elektronik İhracatçıları Birliği
DİAMOND CABLE KABLO İÇ VE DIŞ TİCARET LTD.ŞTİ.;HALİL RIFAT PAŞA MAH. YÜZER HAVUZ SOK. PERPA TİC.MERK.A BLOK KAT:5 NO:119 ŞİŞLİ İSTANBUL;(212) 2207634;www.diamondcable.com;diamondcable.com;TET - Elektrik ve Elektronik İhracatçıları Birliği
ALFA TRADE METAL SANAYİ VE TİCARET ANONIM SIRKETI;CADDEBOSTAN MAH. SARIGÜL SK. CENK APTNO:16 DAİRE:1 PK:34728 KADIKÖY/İSTANBUL KADIKÖY İSTANBUL;(216) 3561903;www.alfatrade.com.tr;alfatrade.com.tr;TET - Elektrik ve Elektronik İhracatçıları Birliği
MN ILETISIM SANAYİ VE TICARET ANONİM ŞİRKETİ;KATIP SALIH SOKAK NO:37 KOŞUYOLU KADIKÖY İSTANBUL;02165460202;www.mniletisim.com.tr;mniletisim.com.tr;TET - Elektrik ve Elektronik İhracatçıları Birliği
GEMTA GENEL ELEKTRONİK SAN. VE TİC. A. Ş.;AĞAÇ İŞLERİ KOOPERATİFI 1358 SOK.NO:17 İVEDİK ORGANİZE SAN. BÖLGESİ İVEDİKORGANİZESANAYİ YENİMAHALLE ANKARA;(312) 3946401;www.gemta.com.tr;gemta.com.tr;TET - Elektrik ve Elektronik İhracatçıları Birliği
BUSER ENERJİ DIŞ TİCARET LİMİTED ŞİRKETİ;SÜTLÜCE MH İMRAHOR CD ZORBAYİR SK NO:11 BEYOĞLU İSTANBUL;(212) 2569390;www.buserproject.com;buserproject.com;TET - Elektrik ve Elektronik İhracatçıları Birliği
ELECTROTECH DIŞ TİCARET VE TEKSTİL LTD. ŞTİ.;TURGUT REIS MAH. TEKSTİLKENT TİC. MRK.G-2 BLOK NO:314 ESENLER İSTANBUL;(212) 4383825;www.electrotech-trade.com;electrotech-trade.com;TET - Elektrik ve Elektronik İhracatçıları Birliği
INOVOLTIS ENERJİ VE ELEKTRONİK SANAYİ TİCARET A.Ş;MEHMET AKİF ERSOY MAHALLESİ EGEMEN CADDESİ ZEMİN KAT NO:117 NO:117 TAŞOLUK ARNAVUTKÖY İSTANBUL;(216) 6870979;www.aspower.com.tr;aspower.com.tr;TET - Elektrik ve Elektronik İhracatçıları Birliği
MEDEL MÜHENDİSLİK VE ELEKTRONİK SAN. TİC. A.Ş.;İKİTELLİ OSB MAH. AYKOSAN 2.KISIM13A BLOK NO: 1 İKİTELLİ İKİTELLİ BAŞAKŞEHİR İSTANBUL;(212) 5499910;www.medelelektronik.com;medelelektronik.com;TET - Elektrik ve Elektronik İhracatçıları Birliği
SACA ELEKTRONİK SANAYİ VE TİCARET ANONİM ŞİRKETİ;İŞÇİ BLOKLARI MAHALLESİ MUHSİN YAZICIOĞLU CADDESİ REGNUM SKY TOWER NO: 57/84 ÇANKAYA ANKARA;(312) 5575424;www.saca.com.tr;saca.com.tr;TET - Elektrik ve Elektronik İhracatçıları Birliği
INFOCUBE BİLİŞİM DANIŞMANLIK VE EĞİTİM HİZMETLERİ LİMİTED ŞİRKETİ;MANSUROĞLU MAH. 286/3 SK. NO: 14 B BAYRAKLI İZMİR;(232) 0000000;http://www.infocube.com.tr;infocube.com.tr;TET - Elektrik ve Elektronik İhracatçıları Birliği
EKSAS ENDUSTRIYEL MET.KAPLAMA TESIS.SAN.VE TIC.A.S;GEYVELİ CAD. NO:38 ÇALI SAN. BÖLGESİ NİLÜFER BURSA;02244822812;www.eksas.com;eksas.com;TET - Elektrik ve Elektronik İhracatçıları Birliği
DİLEK MUTFAK RESTORAN VE OTEL EKİPMANLARI TİCARET ANONİM ŞİRKETİ;TAHMİS SOK. NO.45 EMİNÖNÜ FATİH İSTANBUL;(212) 5137323;www.dilekzuccaciye.com;dilekzuccaciye.com;TET - Elektrik ve Elektronik İhracatçıları Birliği
TURC GLOBAL DANIŞMANLIK VE DIŞ TİCARET LİMİTED ŞİRKETİ;TOPÇULAR MAH OSMANGAZİ CAD NO:2 İÇ KAPI NO:65 EYÜPSULTAN PK:34200 EYÜP İSTANBUL;(212) 6652690;www.turcglobal.com;turcglobal.com;TET - Elektrik ve Elektronik İhracatçıları Birliği
MASTER DECOS ELEKTRONİK TİC. LTD. ŞTİ.;MEHMET AKİF MAH. TAVUKÇUYOLU CAD. ALTUNLAR İŞ MERK150/4 ÜMRANİYE İSTANBUL;;www.masterdecos.com;masterdecos.com;TET - Elektrik ve Elektronik İhracatçıları Birliği
MEGA ARDENİZ ÇELİK ENDÜSTRİ İÇ VE DIŞ TİCARET ANONİM ŞİRKETİ;CUMHURİYET MAH., FERMAN CAD.NO: 8, YAKACIK KARTAL İSTANBUL;(216) 3772874;www.megaworks.com.tr;megaworks.com.tr;TET - Elektrik ve Elektronik İhracatçıları Birliği
OLPLAS TEKNOLOJİ SANAYİ VE TİCARET ANONİM ŞİRKETİ;BAHÇELİEVLER MAH. PRENSES SOK. NO:24 SÜLEYMANPAŞA TEKİRDAĞ;(282) 5026020;http://www.olplas.com;olplas.com;TET - Elektrik ve Elektronik İhracatçıları Birliği
MAKSİS OTOMASYON SAN. VE TİC. LTD. ŞTİ.;İOSB TRİKO CENTER M-5 BLOK NO: 71 BAŞAKŞEHİR İSTANBUL;(212) 6716550;www.maksisotomasyon.com;maksisotomasyon.com;TET - Elektrik ve Elektronik İhracatçıları Birliği
NECRON ENERJİ ELEKTRONİK SANAYİ TİCARET ANONİM ŞİRKETİ;GÖKKUŞAĞI MAH. 1204. CAD. NO:15/A ÇANKAYA ANKARA;(312) 2366630;http://www.necron.com.tr;necron.com.tr;TET - Elektrik ve Elektronik İhracatçıları Birliği
GERMEN ELEKTRONİK SANAYİ VE TİCARET LİMİTED ŞİRKETİ;SEYRANTEPE MAH. ÇALIŞKAN SOK. NO:27KAT:1-2-3 KAĞITHANE İSTANBUL;(212) 2840909;www.germen.com.tr;germen.com.tr;TET - Elektrik ve Elektronik İhracatçıları Birliği
MEDEDGE SAĞLIK TEKNOLOJİLERİ SANAYİ VE TİCARET LİMİTED ŞİRKETI;ÇAMLIK MAHALLESİ DİNÇ SOKAK A BLOK NO:4/60 ÜMRANİYE İSTANBUL;(216) 5947008;http://www.mededgemedical.com;mededgemedical.com;TET - Elektrik ve Elektronik İhracatçıları Birliği
MEGA ÖZEL SAĞLIK HİZMETLERİ VE MEDİKAL ÜRÜNLER SANAYİ VE TİCARET ANONİM ŞİRKETİ;AZIZIYE MH.PORTAKAL CICEGI SK.NO:17/133 ÇANKAYA ANKARA;03124408027;www.olympusmega.com;olympusmega.com;TET - Elektrik ve Elektronik İhracatçıları Birliği
PDS PROFIL DILME SAC MAKINALARI SANAYI VE DIS TICARET A.S.;TUZLA ORG. SAN. BÖL. 8. CAD. NO:1 K:1 TUZLA İSTANBUL;(216) 5933930;www.pdsmakina.com.tr;pdsmakina.com.tr;TET - Elektrik ve Elektronik İhracatçıları Birliği
VEB KARGOM YÖNETİM HİZMETLERİ TAŞI. SAN. VE TİC. LTD. ŞTİ.;H. RIFATPAŞA MAH. PERPA TİC. MERKZ. B BLOK K:5 N:106-108 OKMEYDANI ŞİŞLİ İSTANBUL;(212) 2227333;www.vebkargom.com;vebkargom.com;TET - Elektrik ve Elektronik İhracatçıları Birliği
TEKNO MOBİL VE TELEKOMÜNİKASYON ÜRÜNLERİ ÜRETİM ANONİM ŞİRKETİ;KURTKÖY MAH. HIZIR REIS CAD. TENEKS NO: 21 PENDİK İSTANBUL;(216) 3887777;www.turkiye.tecno-mobile.com;turkiye.tecno-mobile.com;TET - Elektrik ve Elektronik İhracatçıları Birliği
EMEK KABLO SANAYİ VE TİCARET ANONİM ŞİRKETİ;PERPA TİC. MER. A BLOK K 4-5 N:135 ŞİŞLİ İSTANBUL;02125353188;www.emekkablo.com;emekkablo.com;TET - Elektrik ve Elektronik İhracatçıları Birliği
PALADYUM ÇELİK SANAYİ VE TİCARET ANONİM ŞİRKETİ;DEMİRTAŞ DUMLUPINAROSB MAH. MUSTAFA KARAER CAD.NO: 34 OSMANGAZİ BURSA;(224) 2613021;http://www.paladyumcelik.com;paladyumcelik.com;TET - Elektrik ve Elektronik İhracatçıları Birliği
PEKERLER İNŞAAT ENERJİ TAŞIMACILIK TURİZM SANAYİ VE TİCARET LİMİTED;İLKBAHAR MAH 596 SK NO 71/4 ÇANKAYA ANKARA;(312) 4913938;http://www.pekerlerinsaat.com;pekerlerinsaat.com;TET - Elektrik ve Elektronik İhracatçıları Birliği
BİOEKSEN AR GE TEKNOLOJİLERİ ANONİM ŞİRKETİ;SARIYER REŞİTPAŞA MAH. KATAR CAD. TEKNOKENT ARI 3 SİT. NO:4/ B105 SARIYER İSTANBUL;(212) 2851017;www.bioeksen.com.tr;bioeksen.com.tr;TET - Elektrik ve Elektronik İhracatçıları Birliği
KUZEY TEKNİK METAL İŞLEME ANONİM ŞİRKETİ;İKİTELLİ O.S.B. TORMA SAN.SİT. SOSYAL TESİS A BLOKNO:6 BAŞAKŞEHİR İSTANBUL;(212) 5355727;http://www.kuzeyteknik.net;kuzeyteknik.net;TET - Elektrik ve Elektronik İhracatçıları Birliği
BAYSAN ISITMA-SOĞUTMA CİHAZLARI SAN.VE TİC. A.Ş.;YENI DOGAN MAH. EYÜPSULTAN CD. POLAT SK. NO:1 BAYRAMPAŞA İSTANBUL;(212) 5018483;www.baysanmutfak.com;baysanmutfak.com;TET - Elektrik ve Elektronik İhracatçıları Birliği
GOKSU ENDUSTRI MAKINALARI SAN. VE TICARET LTD.STI.;KAHRAMANLAR CAD 38/A KÜÇÜKÇEKMECE İSTANBUL;02124256580;www.goksumak.com;goksumak.com;TET - Elektrik ve Elektronik İhracatçıları Birliği
ASAS-KA PLS.METAL KALIP SAN. TİC.LTD.ŞTİ.;İKİTELLİ OSB MH İSTEKS SAN SİT D3 BLOK NO:6 BAŞAKŞEHİR İSTANBUL;(212) 4857700;www.asaska.com;asaska.com;TET - Elektrik ve Elektronik İhracatçıları Birliği
KIRAÇ OTOMASYON ELEKTRİK ELEKTRONİK SİSTEMLERİ SANAYİ VE TİCARET LİMİTED ŞİRKETİ;HASANPOLATKAN CAD. NO.3/C TEPEBAŞI ESKİŞEHİR;(222) 2361500;www.kiracelektrik.com;kiracelektrik.com;TET - Elektrik ve Elektronik İhracatçıları Birliği
PLASTIKKART AKILLI KART ILETI. SIS.SAN.VE TIC.A.S.;ALI PASA KOYU SINEKLI YOLUTRABLUSGARP BULVARI NO : 5 SİLİVRİ İSTANBUL;02127361200;www.plastkart.com;plastkart.com;TET - Elektrik ve Elektronik İhracatçıları Birliği
KENTKART SİSTEM ELEKTRONİK ANONİM ŞİRKETİ;GÜMÜŞSUYU MAH. MUHTAR KAMİL SK.BASMACI BINASI NO: 3 İÇ KAPI NO: 1 BEYOĞLU İSTANBUL;(212) 0000000;http://kentkart.com;kentkart.com;TET - Elektrik ve Elektronik İhracatçıları Birliği
SPS PANO MÜHENDİSLİK SAN. VE TİC. A.Ş.;AKÇABURGAZ MAH. 3026. SOK. NO:32 KAT:2 ESENYURT İSTANBUL;(212) 8868830;www.spspano.com;spspano.com;TET - Elektrik ve Elektronik İhracatçıları Birliği
VMS ELEKTRONİK SANAYİ VE TİCARET A.Ş.;MİNARELİÇAVUŞ OSB. MAH. ZEYTİN CAD.NO:14 NİLÜFER BURSA;(224) 4111030;www.vmselektronik.com;vmselektronik.com;TET - Elektrik ve Elektronik İhracatçıları Birliği
IDT OTOMASYON MÜHENDİSLİK LTD. ŞTİ.;ATALAR MAH. ÜSKÜDAR CAD. NO:107/4 KARTAL İSTANBUL;(216) 4174747;www.idt.com.tr;idt.com.tr;TET - Elektrik ve Elektronik İhracatçıları Birliği
BULUT MAKİNA ASANSÖR SANAYİ VE TİCARET LİMİTED ŞİRKETİ;ŞEKERPINAR MAH.YANYOL SOK.NO:9/1 ÇAYIROVA/KOCAELİ ŞEKERPINAR 41420 ÇAYIROVA, KOCAELİ, TÜRKİYE ÇAYIROVA KOCAELİ;(216) 3945050;www.bulutmakina.com;bulutmakina.com;TET - Elektrik ve Elektronik İhracatçıları Birliği
İZTECH PANO ELEKTRİK TAAHHÜT SANAYİ TİC. LTD. ŞTİ;CUMHURİYET MAH. KADİFE SK. NO: 2 A KARTAL İSTANBUL KARTAL İSTANBUL;(216) 5735530;http://www.iztech.com.tr;iztech.com.tr;TET - Elektrik ve Elektronik İhracatçıları Birliği
DURAKLAR ELEKTRONİK İŞİTME CİHAZLARI MEDİKAL TİCARET VE SANAYİ LİMİTED ŞİRKETİ;ERTUĞRUL MAH.111 SOK.NO:26/1 NİLÜFER BURSA;(224) 2201111;www.duraxx.com;duraxx.com;TET - Elektrik ve Elektronik İhracatçıları Birliği
BRONSWERK DENİZCİLİK MÜHENDİSLİK SAN. VE TİC.LTD.ŞTİ.;SANAYİ MH. TEKNOPARK BULVARI NO:1 11C BLOK İÇ KAPI 516 PENDİK İSTANBUL;(216) 4935818;www.bronswerkgroup.com;bronswerkgroup.com;TET - Elektrik ve Elektronik İhracatçıları Birliği
EROĞLU GAYRİMENKUL GELİŞTİRME VE YATIRIM ANONİM ŞİRKETİ;HUZUR MH AZERBAYCAN CD SKYLAND İSTANBUL NO:4 B BLOK KAT:2 SARIYER İSTANBUL;(212) 6523232;www.erogluglobal.com;erogluglobal.com;TET - Elektrik ve Elektronik İhracatçıları Birliği
KEOX ELEKTRİK MALZEMELERİ DIŞ TİCARET LİMİTED ŞİRKETİ;HALİL RIFAT PAŞA MAHALLESİ YÜZER HAVUZ SK. PERPATİCARET İŞ MERKEZİ B BLOK NO 1/1 NO 64 ŞİŞLİ İSTANBUL;(212) 0000000;www.keox.com.tr;keox.com.tr;TET - Elektrik ve Elektronik İhracatçıları Birliği
PRO-SER LABORAT.MALZ.VE OTOASY ON.SAN.TIC.LTD.STI.;İKİTELLİ OSB GİYİM SANATKARLARISAN. SIT. 2. ADA B BLK. K.5 NO.511 KÜÇÜKÇEKMECE İSTANBUL;02126710258;www.pro-ser.com;pro-ser.com;TET - Elektrik ve Elektronik İhracatçıları Birliği
DMED TIBBİ CİHAZLAR LİMİTED ŞİRKETİ;AYAZAĞA MAH. KEMERBURGAZ CAD. VADİKORU NO:10 DBLOK 4. KAT NO:19 AYAZAĞA/SARIYER/İSTANBUL SARIYER İSTANBUL;(212) 2763444;www.dmed.com.tr;dmed.com.tr;TET - Elektrik ve Elektronik İhracatçıları Birliği
SENKRON ELEKTRİK TAAHHÜT OTOMASYON SANAYİ VE TİCARET LİMİTED ŞİRKETİ;ÖĞLEBELİ MAH. FETİH CAD. NO.36 KARABÜK KARABÜK;(370) 4156482;www.senkronelk.com;senkronelk.com;TET - Elektrik ve Elektronik İhracatçıları Birliği
BAYSTEEL DEMİR ÇELİK SANAYİ VE DIŞ TİCARET LİMİTED ŞİRKETİ;MAHMUTBEY MAH. TAŞOCAĞI YOLU CAD. B BLOK SİTESİ AĞAOĞLU MY OFFİCE NO:3 İÇ KAPI NO: 238 BAĞCILAR / İS BAĞCILAR İSTANBUL;;http://www.baysteel.com.tr;baysteel.com.tr;TET - Elektrik ve Elektronik İhracatçıları Birliği
CURİUM NÜKLEER TIP ANONİM ŞİRKETİ;TUBITAK-MAM TEKNOPARKI GEBZE KOCAELİ;(216) 5440544;www.monrol.com;monrol.com;TET - Elektrik ve Elektronik İhracatçıları Birliği
SKYPOOL ELEKTRONİK SANAYİ VE DIŞ TİCARET LİMİTED ŞİRKETİ;ORUÇ REİS MAH. TEKSTİLKENT CAD. ESENLER İSTANBUL;(021) 2438424;https://skypoolelektronik.com/;skypoolelektronik.com;TET - Elektrik ve Elektronik İhracatçıları Birliği
GASTROİNOKS DIŞ TİCARET LTD. ŞTİ.;SAHRAYICEDİT MAHALLESİ ADİLE NAŞİT SOKAK NO:4-A KADIKÖY İSTANBUL;(216) 5509875;www.gastroinoks.com.tr;gastroinoks.com.tr;TET - Elektrik ve Elektronik İhracatçıları Birliği
ATALAY MADENİ EŞYA SANAYİ VE TİCARET A.Ş.;BÜYÜKKARIŞTIRAN BELDESİ YENİ MAH. 9. SK. NO: 2/1 İÇ KAPI NO: 1 LÜLEBURGAZ KIRKLARELİ;(282) 6745272;www.atalay.com.tr;atalay.com.tr;TET - Elektrik ve Elektronik İhracatçıları Birliği
EAR TEKNIK İŞİTME VE ODİOMETRI CİHAZLARI SAN.VE TİC.A.S.;HAZNEDAR MEYDANI ÇALIŞLAR CAD. HANIMELİ SOK. NO.1/10 BAHÇELİEVLER BAHÇELİEVLER İSTANBUL;(212) 5579168;www.earnet.com.tr;earnet.com.tr;TET - Elektrik ve Elektronik İhracatçıları Birliği
SAMİ SAAT VE MÜCEVHERAT TİCARET ANONİM ŞİRKETİ;ATAKÖY 1. KISIM MAHALLESİ RAUF ORBAY CADDESİ GALLERİA AVM BLOK NO:6 ATAKÖY BAKIRKÖY İSTANBUL;(212) 5598159;www.samiwatches.com;samiwatches.com;TET - Elektrik ve Elektronik İhracatçıları Birliği
KYM KABLO SAN. VE TİC. A.Ş.;GEBZE OSM MAH 200. SOKAK NO:203/1 GEBZE OSB MAH 41400 GEBZE KOCAELİ;(216) 3942301;www.kymkablo.com;kymkablo.com;TET - Elektrik ve Elektronik İhracatçıları Birliği
DENİZLER MEDİKAL SANAYİ VE TİCARET ANONİM ŞİRKETİ;KÜÇÜKBAKKALKÖY MAH.YÜKSEL SK. NO: 5/8 ATAŞEHİR İSTANBUL;(216) 5775222;www.denizlermedikal.com;denizlermedikal.com;TET - Elektrik ve Elektronik İhracatçıları Birliği
GÜL ABAJUR AYDINLATMA DEKORASYON İNŞAAT GIDA TEKSTİL TİCARET VE SANAYİ LİMİTED ŞİRKETİ;CUMHURIYET MAH. HİLAL CAD. NO:4KAT:2 KÜÇÜKKÖY GAZİOSMANPAŞA İSTANBUL;(212) 6062801;www.gulabajur.com;gulabajur.com;TET - Elektrik ve Elektronik İhracatçıları Birliği
ENLAB LAB.SİST.İÇ VE DIŞ TİC.LTD.ŞTİ.;YUNUS EMRE MAH.TOSYA SOK.NO:12 KAT:2 SANCAKTEPE İSTANBUL;(216) 4840036;www.enlab.com.tr;enlab.com.tr;TET - Elektrik ve Elektronik İhracatçıları Birliği
ARMAK BİLİŞİM TEKNOLOJİLERİ ANONİM ŞİRKETİ;MECEİDİYEKÖY MAH. MUSADAYI SOK. NO.7/A MECİDİYEKÖY ŞİŞLİ İSTANBUL;(212) 2160575;www.armakpazar.com.tr;armakpazar.com.tr;TET - Elektrik ve Elektronik İhracatçıları Birliği
HAKART DEKORATİF EŞYA VE METAL SANAYİ VE TİCARET ANONİM ŞİRKETİ;BAKİR VE PİRİNÇ SAN SİT MENEKŞE CD NO:3 BEYLİKDÜZÜ İSTANBUL;(212) 8762686;www.hakart.com.tr;hakart.com.tr;TET - Elektrik ve Elektronik İhracatçıları Birliği
ORHAN ELEKTRIK SAN.VE TIC.LTD. STI.;BEREKETZEDE MAH. LALELI CESME SOK.NO.3 BEYOĞLU İSTANBUL;(212) 2512940;www.orhanelektrik.com;orhanelektrik.com;TET - Elektrik ve Elektronik İhracatçıları Birliği
LAMTEC AVRASYA TEKNOLOJİ SANAYİ VE TİCARET LİMİTED ŞİRKETİ;MİMAR SİNAN MAH.ÜSKÜDAR CAD.YEDPA NO:1H/6 ATAŞEHİR İSTANBUL;(216) 6611295;https://www.lamtec.de/en/home.html;lamtec.de;TET - Elektrik ve Elektronik İhracatçıları Birliği
NILFISK-ADVENCE PROFESYONEL TE MIZLIK EKIPMANLARI TIC.A.S.;ŞERİFALİ MAH. BAYRAKTAR BLV.ŞEHİT SK.NO:7 ATAKENT ÜMRANİYE İSTANBUL;(216) 4669494;www.nilfiks.com.tr;nilfiks.com.tr;TET - Elektrik ve Elektronik İhracatçıları Birliği
ARTEMİS HAVUZCULUK VE İNŞAAT SANAYİ TİCARET LİMİTED ŞİRKETİ;BARBAROS MAH, BARBAROS CAD. NO: 1,14 IC KAPI NO: 2 ATAŞEHİR İSTANBUL;(216) 5776525;http://www.artemispool.com;artemispool.com;TET - Elektrik ve Elektronik İhracatçıları Birliği
BAMBU GAMES YAZILIM SANAYİ VE TİCARET ANONİM ŞİRKETİ;ATICILAR MAH. 3.DOĞAN SK. NO: 5 İÇ KAPI NO: 2 OSMANGAZİ BURSA;(224) 0000000;www.bambugames.com.tr;bambugames.com.tr;TET - Elektrik ve Elektronik İhracatçıları Birliği
EKSEN BILGISAYAR SISTEMLERI SAN.VE TIC.LTD.STI.;GÜLBAHAR MAHALLESİ ALTAN ERBULAK SOKAK NO:1 MECİDİYEKÖY ŞİŞLİ İSTANBUL;(212) 2725500;www.eksenbilgisayar.com;eksenbilgisayar.com;TET - Elektrik ve Elektronik İhracatçıları Birliği
VEGA DIŞ TİC. LTD. ŞTİ.;EVREN MAH.HALKALI CAD. SEHER SOK. NO:1 KAT:4 GÜNEŞLİ BAĞCILAR İSTANBUL;(212) 4529993;www.vega-turk.com;vega-turk.com;TET - Elektrik ve Elektronik İhracatçıları Birliği
BERTAŞ TEKNİK VE TIBBİ MALZ. SAN.VE TİC.AŞ.;4.ESENŞEHİR MAHALLESİ NATO YOLU ATILIM SOKAKNO:21 YUKARIDUDULLU ÜMRANİYE İSTANBUL;(216) 4660204;www.bertas.com.tr;bertas.com.tr;TET - Elektrik ve Elektronik İhracatçıları Birliği
ENCORE BİLİŞİM SİSTEMLERİ LİMİTED ŞİRKETİ;NİDAKULE ATAŞEHİR BATI BARBAROS MAH.BEGONYA SOK.NO:1 D.66 KAT 9 ATAŞEHİR İSTANBUL ATAŞEHİR İSTANBUL;(216) 2252000;www.encore.com.tr;encore.com.tr;TET - Elektrik ve Elektronik İhracatçıları Birliği
MURAS İTHALAT İHRACAT TİCARET LTD. ŞTİ;KÜÇÜKBAKKALKÖY MAH. KAYIŞDAĞI CAD. METAL İŞ MERKEZNO: 37 DAİRE 91 ATAŞEHİR İSTANBUL;(216) 4695411;www.alato.com.tr;alato.com.tr;TET - Elektrik ve Elektronik İhracatçıları Birliği
GOBİZ ENERJİ ANONİM ŞİRKETİ;MAHMUTBEY MAH.TAŞOCAĞI YOLU CAD. BBLOK AĞAOĞLU MY OFFICE NO:3/28 BAĞCILAR İSTANBUL;(850) 2418480;www.aksanjenerator.com;aksanjenerator.com;TET - Elektrik ve Elektronik İhracatçıları Birliği
ORİON ENERJİ TRAFO SANAYİ VE TİC. A.Ş;KAZIM KARABEKİR MAH. GAZNELİ MAHMUT CAD. NO:58 ÜMRANİYE İSTANBUL;;https://www.orionenerji.com/;orionenerji.com;TET - Elektrik ve Elektronik İhracatçıları Birliği
AKTİF DIŞ TİC. İNŞ. TURZ. VE TIBBİ ÜRN. SAN. LTD. ŞTİ.;EDEP SK. ABDURRAHMAN AKARSU İŞHANI NO:58 İÇ KAPI NO: 2 ŞERİFALİ ÜMRANİYE İSTANBUL;(216) 4745191;www.aktifdisticaret.com;aktifdisticaret.com;TET - Elektrik ve Elektronik İhracatçıları Birliği
M VE N PAZAR ARAŞTIRMA REKLMC. KUY.VE MÜH.HİZM.LTD.ŞTİ.;PERPA TIC.MRK.B BLOK KAT.8NO.1017 OKMEYDANI ŞİŞLİ İSTANBUL;02123207632;www.aquamas.com;aquamas.com;TET - Elektrik ve Elektronik İhracatçıları Birliği
BARDİA DAYANIKLI TÜKETİM MALLARI SANAYİ VE DIŞ TİCARET LİMİTED ŞİRKETİ;CEVİZLİK MAH.İSTANBUL CAD.HAMURCU NO:12/26 BAKIRKÖY İSTANBUL;(216) 4990216;www.simorgtrans.com;simorgtrans.com;TET - Elektrik ve Elektronik İhracatçıları Birliği
ENERGİNEX GÜÇ SİSTEMLERİ LTD. ŞTİ;YUKARI MAH. BAYIR SOKAK 62/2 KARTAL İSTANBUL;(216) 0000000;www.energinex.com;energinex.com;TET - Elektrik ve Elektronik İhracatçıları Birliği
LİVA GAZ ARMATÜRLERİ SANAYİ VE TİCARET ANONİM ŞİRKETİ;DELİKLİKAYA MH.ÇUBUKLU CD NO:7 ARNAVUTKÖY İSTANBUL;(212) 6716583;www.lva.com.tr;lva.com.tr;TET - Elektrik ve Elektronik İhracatçıları Birliği
AL-TEK YANGIN VE GUVENLIK SIS. TAAHHUT TIC.VE SAN.LTD.STI.;HÜRRIYET MAH. TEKIN SOK. NO:3/1 HÜRRİYET BAHÇELİEVLER İSTANBUL;(212) 6546333;www.al-tek.com.tr;al-tek.com.tr;TET - Elektrik ve Elektronik İhracatçıları Birliği
ORDİNATRUM BİLİŞİM TEKNOLOJİLERİ VE DANIŞMANLIK ANONİM ŞİRKETİ;RASİMPAŞA MH RIHTIM CD NO 28 DERYA İŞ MERKEZİ A BLOK NO 91 PK:34714 KADIKÖY İSTANBUL;(216) 3498093;www.ordinatrum.com.tr;ordinatrum.com.tr;TET - Elektrik ve Elektronik İhracatçıları Birliği
TOPUZ SOĞUTMA ISITMA SAN. VE TİC. A.Ş.;DUDULLU OSB MAH. İMES 502 SK. E BLOK NO:10 ÜMRANİY ÜMRANİYE İSTANBUL;(216) 4664422;www.topuz.com;topuz.com;TET - Elektrik ve Elektronik İhracatçıları Birliği
ASMELTA BASINÇLI DÖKÜM VE KALIP MAKİNA SANAYİ VE TİCARET LİMİTED ŞİRKETİ;DOSB MH 2.CD NO:4/1 YUKARIDUDULLU ÜMRANİYE İSTANBUL;(216) 4990253;www.asmelta.com;asmelta.com;TET - Elektrik ve Elektronik İhracatçıları Birliği
EKSPROMA ELEKTRONİK KONTROL SİSTEMLERİ PROJE MAKİNA MÜHENDİSLİK SANAYİ VE TİCARET A.Ş.;UZUNBEY MAH. REFORM CAD. NO:20 KARTEPE KOCAELİ;(262) 3318614;www.eksproma.com.tr;eksproma.com.tr;TET - Elektrik ve Elektronik İhracatçıları Birliği
OSKON OTOMASY.PAZ.ELEK.END.INS SAN.VE TIC.LTD.STI.;INONU MAH.IBRAHIMAGA CD.NO:210KAT:1 GEBZE KOCAELİ;02626467818;www.oskonotomasyon.com;oskonotomasyon.com;TET - Elektrik ve Elektronik İhracatçıları Birliği
LEUZE ELEKTRONIC SAN.VE TIC.LT D.STI.;ŞERİFALİ MAH.BAYRAKTAR BULVARI ŞEHİT SOK.N:12 ÜMRANİYE İSTANBUL;(216) 4566704;www.leuze.com.tr;leuze.com.tr;TET - Elektrik ve Elektronik İhracatçıları Birliği
AVS KÜRESEL GEMİ TEDARİĞİ VE YÖNETİMİ AŞ;SOĞANLIK YENİ MH PAMUKKALE SK NO:2 KARTAL İSTANBUL;(216) 5910849;www.avsglobalsupply.com;avsglobalsupply.com;TET - Elektrik ve Elektronik İhracatçıları Birliği
GO LIGHT UP AYDINLATMA TİCARET LİMİTED ŞİRKETİ;YUKARI MAHALLE SERHAT SOKAK NO:4 D:14 KARTAL İSTANBUL;(216) 0000000;www.go-lightup.com;go-lightup.com;TET - Elektrik ve Elektronik İhracatçıları Birliği
BMR GLOBAL DIS TICARET LIMITED SIRKETI;ESENTEPE MAH KESKIN KALEM SK ARYA PLAZA NO 17 ŞİŞLİ İSTANBUL;(212) 2905181;http://www.bmr.com;bmr.com;TET - Elektrik ve Elektronik İhracatçıları Birliği
TREVİ TEKNOLOJİ BİLGİ TEKN. DANŞ. İTH. İHR. LTD. ŞTİ.;ÜÇEVLER MAH. İZMİR CAD. AYSEL SOK. DURSUN ASLAN İŞMERKEZİ NO. 20 KAT.3 D.16 NİLÜFER BURSA;(224) 4437743;www.treviteknoloji.com;treviteknoloji.com;TET - Elektrik ve Elektronik İhracatçıları Birliği
CHESS DIŞ TİCARET LİMİTED ŞİRKETİ;BAĞLARBAŞI MH SAKARYA SK MALTE PLAZA NO:35/1 MALTEPE İSTANBUL;(216) 2222915;www.chesstrading.com;chesstrading.com;TET - Elektrik ve Elektronik İhracatçıları Birliği
PHARMASENT İLAÇ VE MEDİKAL DIŞ TİC. LTD. ŞTİ.;VADİ CD. GİYİMKENT İŞ MERKEZİ 170/138 KAT:3 DUKKAN NO:230 ORUÇREİS 34220 ESENLER, İSTANBUL, TÜRKİYE ESENLER İSTANBUL;;www.pharmasent.com;pharmasent.com;TET - Elektrik ve Elektronik İhracatçıları Birliği
MARİNE OTOMASYON SİSTEMLERİ LTD. ŞTİ.;EVLİYA ÇELEBİ MAH. İSTASYON CAD. GİPTAŞ SAN. SİT.A BLOK K:2 NO:37 TUZLA İSTANBUL;(216) 4471290;www.m-o-s.com.tr;m-o-s.com.tr;TET - Elektrik ve Elektronik İhracatçıları Birliği
MERKEZ SAATCİLİK TİCARET A.Ş.;KISIKLI CAD. HALUK TÜRKSOY SOKAK. BAŞARAN İŞ MERKEZİ NO:4/3 ÜSKÜDAR İSTANBUL;(212) 5281371;www.merkezsaat.com;merkezsaat.com;TET - Elektrik ve Elektronik İhracatçıları Birliği
ARMETAL ENDÜSTRİYEL MUTFAK SANAYİ VE TİCARET LTD.ŞTİ;ÇALI MAH. ALADDİNBEY KÖY YOLU ÜZERİ 35. SK.NO:3 NİLÜFER BURSA;(224) 4822287;armetalmutfak.com;armetalmutfak.com;TET - Elektrik ve Elektronik İhracatçıları Birliği
AKTIF ASPIRATOR ELEKTIRIKLI MOTOR SAN.VE TIC.LTD.STI.;AKÇABURGAZ MAH.3106 SOK.NO:8 ESENYURT İSTANBUL;(212) 5019871;www.temsanfan.com;temsanfan.com;TET - Elektrik ve Elektronik İhracatçıları Birliği
ALTAR ENDÜSTRİ ÜRÜNLERİ SAN. VE TİC. LTD. ŞTİ.;PERPA TİCARET MERKEZİ, A BLOK, KAT:12, NO:1791OKMEYDANI ŞİŞLİ İSTANBUL;02122108500;www.altareu.com.tr;altareu.com.tr;TET - Elektrik ve Elektronik İhracatçıları Birliği
DFT DIS HEKIMLIGI URUNLERI A.S .;NİSPETİYE CAD. LEVENT İŞ MRK. NO.6 K.21. LEVENT ŞİŞLİ İSTANBUL;(212) 2198400;www.dentsplysirona.com;dentsplysirona.com;TET - Elektrik ve Elektronik İhracatçıları Birliği
NURGAZ GAZ ARMATÜR MET. İŞL. VE ELEKT. PAZARLAMA SANAYİ TİCARET LİMİTED ŞİRKETİ;BOĞAZKÖY İSTİKLAL MH MİLLİ EGEMENLİK VE NO:27 BOĞAZKÖY ARNAVUTKÖY İSTANBUL;(212) 6842246;www.nurgazshop.com.tr;nurgazshop.com.tr;TET - Elektrik ve Elektronik İhracatçıları Birliği
SAİS TECHNOLOGİES TEKNOLOJİ SANAYİ VE TİCARET ANONİM ŞİRKETİ;DUDULLU ORG.SAN.BOLG.2.CD.NO:13 YUKARIDUDULLU ÜMRANİYE İSTANBUL;02164155567;www.wittur.com.tr;wittur.com.tr;TET - Elektrik ve Elektronik İhracatçıları Birliği
MULTIMEDYA BILGISAYAR TIC.VE SAN.A.S.;KARAYOLLARI MAH.CEBECI CAD.569 SOK.2/6 GAZİOSMANPAŞA İSTANBUL;02124794646;www.multimedya.com;multimedya.com;TET - Elektrik ve Elektronik İhracatçıları Birliği
ORTOTEK PROTEZ ORTEZ REHABİLİTASYON MERKEZİ ANONİM ŞİRKETİ;ÖN CEBECİ MAH. ZİYA GÖKALP CAD. NO: 68 İÇ KAPI NO: 21 ÇANKAYA ANKARA;03124301830;www.orthonom.com;orthonom.com;TET - Elektrik ve Elektronik İhracatçıları Birliği
BC GLOBAL İNŞAAT SANAYİ VE TİCARET ANONİM ŞİRKETİ;İSTANBUL CD. YENİ MAHALLE MAH.81/A KAT:2 BAKIRKÖY İSTANBUL;(212) 5435401;www.bcglobalinsaat.com;bcglobalinsaat.com;TET - Elektrik ve Elektronik İhracatçıları Birliği
ELEKTROMAK BURO MAKINELERI SANAYI VE TICARET A.S.;İMRAHOR MAH. SÜTLÜCE CAD. NO.64 BEYOĞLU İSTANBUL;(212) 2727370;www.elektromak.com;elektromak.com;TET - Elektrik ve Elektronik İhracatçıları Birliği
MITSUBISHI ELECTRIC TURKEY ELEKTRİK ÜRÜNLERİ A.Ş;ŞERİFALİ MAH. KALE SOK. NO:41 ÜMRANİYE İSTANBUL;(216) 5263990;www.mitsubishielectric.com;mitsubishielectric.com;TET - Elektrik ve Elektronik İhracatçıları Birliği
SANOMED MEDIKAL TEKNOLOJI VE SAG.UR.DIS TIC.LTD.STI.;BAĞDAT CAD HASAN AMIR SOKDURSOY IŞ MER. NO4 KADIKÖY İSTANBUL;02163384910;www.sanomed.com.tr;sanomed.com.tr;TET - Elektrik ve Elektronik İhracatçıları Birliği
A RAYMOND BAĞLANTI ELEMANLARI SANAYİ VE TİCARET LTD. ŞTİ.;TOSB. 3.CAD 14.SOK NO:9 GEBZE KOCAELİ;;www.araymond.com.tr;araymond.com.tr;TET - Elektrik ve Elektronik İhracatçıları Birliği
SGS SU VE GAZ SIS.MALZ.TIC.LTD .STI.;YAMANEVLER MAH. KÜÇÜKCU CAD. ERGENEKON SOK. NO:2/BÇAVUŞBAŞI ÜMRANİYE İSTANBUL;02166340559;www.sgssulama.com;sgssulama.com;TET - Elektrik ve Elektronik İhracatçıları Birliği
FORSECA BİLGİ TEKNOLOJİLERİ LTD ŞTİ;HALİL FIRAT PAŞA MAH.PERPA TİC. MRK.A BLOK NO:9/016 ŞİŞLİ ŞİŞLİ İSTANBUL;(212) 9249668;www.forseca.com;forseca.com;TET - Elektrik ve Elektronik İhracatçıları Birliği
WELUX DAYANIKLI TÜKETİM MALLARI SAN. VE TİC. LTD. ŞTİ.;AKSARAY MAH.NAMIK KEMAL CAD.N:97 AKSARAY FATİH İSTANBUL;(212) 6321755;www.welux.com.tr;welux.com.tr;TET - Elektrik ve Elektronik İhracatçıları Birliği
SISTEM MAKINA SAN. VE TIC.LTD. STI.;26. SOK. NO:5 KÖSELER MAHALLESİ 41455 DİLOVASI, KOCAELİ, TÜRKİYE DİLOVASI KOCAELİ;(262) 7281204;www.sistemmakina.com;sistemmakina.com;TET - Elektrik ve Elektronik İhracatçıları Birliği
ASCENDUM MAKİNA TİCARET A.Ş.;FATİH MAH. KATİPÇELEBİ CAD. NO 43 ATAŞEHİR İSTANBUL;02166557500;www.volvo.com.tr;volvo.com.tr;TET - Elektrik ve Elektronik İhracatçıları Birliği
DOCTOR VOX SAĞLIK HİZMETLERİ VE MEDİKAL SİSTEMLER SANAYİ VE TİCARET LİMİTED ŞİRKETİ;SÜMER 2. SOKAK NO:37/9 KIZILAY ÇANKAYA ANKARA;03122316575;www.doctorvox.com.tr;doctorvox.com.tr;TET - Elektrik ve Elektronik İhracatçıları Birliği
ANALİTİK KİMYA TİCARET ANONİM ŞİRKETİ;İSTOÇ 21. ADA NO:39-41-43-45 MAHMUTBEY BAĞCILAR İSTANBUL;(212) 6599870;www.analitikkimya.com.tr;analitikkimya.com.tr;TET - Elektrik ve Elektronik İhracatçıları Birliği
VEİLOX SAVUNMA A.Ş.;BEŞTEPE MAHALLESİ ESKİŞEHİR YOLU DUMLUPINARULVARI NO: 6 ARMADA IS MERKEZİ A BLOK KAT:12 YENİMAHALLE ANKARA;(312) 2956344;https://www.veilox.com.tr;veilox.com.tr;TET - Elektrik ve Elektronik İhracatçıları Birliği
KREA İÇERİK HİZMETLERİ VE PRODÜKSİYON A.Ş.;ABBASAĞA MAHALLESİ SUNGURLAR İŞHANINO:45 KAT:1-2-3 BEŞİKTAŞ İSTANBUL;02123260000;www.dıgıturk.tv;dıgıturk.tv;TET - Elektrik ve Elektronik İhracatçıları Birliği
HSC ARITIM SANAYİ VE TİCARET ANONİM ŞİRKETİ;AVCILAR FİRUZKÖY MAH. FİRUZKÖY BULV. NO.124/1 AVCILAR İSTANBUL;(212) 4447472;www.hsc.com.tr;hsc.com.tr;TET - Elektrik ve Elektronik İhracatçıları Birliği
POLAR JENERATÖR SANAYİ A.Ş;SEYRANTEPE MAH. ALTINAY CAD. GÖNÜL İŞ MERKEZİ BLOKNO: 59A KAYITHANE İSTANBUL KAĞITHANE İSTANBUL;(212) 2949190;http://www.polargenerator.com;polargenerator.com;TET - Elektrik ve Elektronik İhracatçıları Birliği
EKİP MÜHENDİSLİK TAAHHÜT İNŞAAT KİMYA SANAYİ VE TİCARET ANONİM ŞİRKETİ;BALÇIK MAH. 3256 SOK. NO:12 GEBZEKOCAELİ PENDİK İSTANBUL;(262) 7512660;www.ekipmuhendislik.com.tr;ekipmuhendislik.com.tr;TET - Elektrik ve Elektronik İhracatçıları Birliği
EFTT DIŞ TİCARET ANONİM ŞİRKETİ;KÜÇÜKBAKKALKÖY MAH. DEREBOYU CAD NO:3 A İÇ KAPI :95 ATAŞEHİR İSTANBUL;;www.eftt.com.tr;eftt.com.tr;TET - Elektrik ve Elektronik İhracatçıları Birliği
TOMAROK MD ELEKTRIK EKIPMANLARI IMALATI ANONIM SIRKETI;ESENTEPE MAH. ATOM SK. KING PLAZA NO: 18 IÇ KAPI NO: 5 ŞİŞLİ İSTANBUL;(212) 2170385;https://www.tomarok.com/;tomarok.com;TET - Elektrik ve Elektronik İhracatçıları Birliği
A.S.M. OTO YAN SANAYİ VE TİCARET LİMİTED ŞİRKETİ;İKİTELLİ OSB. 14. CAD. MUTSAN SANSİT. M9 BLOK. NO:9-11 BAŞAKŞEHİR İSTANBUL;(212) 5490055;www.sertplas.com.tr;sertplas.com.tr;TET - Elektrik ve Elektronik İhracatçıları Birliği
KUZEY KABLO TİCARET VE SANAYİ LİMİTED ŞİRKETİ;HALİLRIFAT PAŞA MH. PERPA TİC.MRK.A BLOK K:5 NO:315 ŞİŞLİ İSTANBUL;(212) 2210161;www.ersekablo.com.tr;ersekablo.com.tr;TET - Elektrik ve Elektronik İhracatçıları Birliği
SİNERJİ GIDA KİMYA TEKSTİL SAN. VE TİC. AŞ.;ORHANLI ORTA MAH. OLCAY SOK. NO:4 TUZLA İSTANBUL;(216) 3043535;www.sinerjiworld.com;sinerjiworld.com;TET - Elektrik ve Elektronik İhracatçıları Birliği
İRNAK LOJİSTİK DIŞ TİCARET LTD. ŞTİ.;ESENTEPE MH. KELEBEK SK. MARMARA KULE APT. NO:2/27 KARTAL İSTANBUL;(216) 5275805;www.irnaklojistik.com;irnaklojistik.com;TET - Elektrik ve Elektronik İhracatçıları Birliği
ATESE SAĞLIK HİZMETLERİ LTD.ŞTİ.;AĞAÇ METAL SANAYİ 1435.CADDE NO:37 İVEDİK OSTİM OSTİM YENİMAHALLE ANKARA;(312) 3944567;www.atese.com.tr;atese.com.tr;TET - Elektrik ve Elektronik İhracatçıları Birliği
SİNBO KÜÇÜK EV ALETLERİ SANAYİ VE TİCARET A.Ş.;CIHANGIR MAH. GÜVERCIN CAD.HARAMIDERE MEVKİİ NO.4 AVCILAR İSTANBUL;02124229494;www.sinbo.com.tr;sinbo.com.tr;TET - Elektrik ve Elektronik İhracatçıları Birliği
EKSEN İŞÇİ SAĞLIĞI VE İŞ GÜVENLİĞİ MALZEMELERİ SAN. TİC. LTD. ŞTİ.;GÜMÜŞPINAR MAH. FESLEĞEN SK. NO:40/9 SOĞANLIK KARTAL İSTANBUL;(216) 4151633;www.eksenis.com;eksenis.com;TET - Elektrik ve Elektronik İhracatçıları Birliği
ASPEN YAPI VE ZEMİN SİSTEMLERİ SAN. VE TİC. AŞ;HAMİDİYE MH. CENDERE CAD. PORTA VADİ T2 BLOK NO:103/1 D:14 KAĞITHANE İSTANBUL;(212) 3188888;www.aspen.com.tr;aspen.com.tr;TET - Elektrik ve Elektronik İhracatçıları Birliği
NANO MEDİKAL SAĞLIK ÜRÜNLERİ VE DIŞ TİCARET LİMİTED ŞİRKETİ;ZÜMRÜTEVLER MAH.GÜRCÜDAĞ SK.NO:7/A MALTEPE İSTANBUL;(216) 3165337;www.nano-medikal.com;nano-medikal.com;TET - Elektrik ve Elektronik İhracatçıları Birliği
NEVADA ELEKTRONIK SISTEMLER SAN.TIC.LTD.STI.;POSTANE MAH. RAUF ORBAY CAD. MANASTIR YOLU AREFE SK. NO.14 TUZLA İSTANBUL;(216) 4277070;www.nevada.com.tr;nevada.com.tr;TET - Elektrik ve Elektronik İhracatçıları Birliği
MEKEL ELEKTROTEKNİK TAAHHÜT BİLİŞİM HİZMETLERİ İNŞAAT SANAYİ VE TİCARET LİMİTED ŞİRKET;İSTASYON MAH. YÜCE SOK. NO:15 KARTEPE KOCAELİ;(262) 3737023;www.mekelltd.com;mekelltd.com;TET - Elektrik ve Elektronik İhracatçıları Birliği
ODAK KIMYA VE MAKINA SAN. TIC.LTD.STI.;TASDIREK CESME SOKDARUSSAFAKA SITESI N:1/D CEMBE FATİH İSTANBUL;02126389417;www.odakkimya.com;odakkimya.com;TET - Elektrik ve Elektronik İhracatçıları Birliği
TECHNOPC TEKNOLOJİ SAN. VE TİC. A.Ş.;FERHATPAŞA MAH. 53.SOK. NO:41/1 ATAŞEHİR İSTANBUL;(216) 3293999;www.teknopc.com.tr;teknopc.com.tr;TET - Elektrik ve Elektronik İhracatçıları Birliği
NİZAMOĞULLARI ELEKTRİK MAKİNA PROJE OTOMASYON LTD.ŞTİ;BOSTANCI MAH 3 NOLU CAD NO:5 GÖNEN BALIKESİR;(266) 7210500;http://www.safaksan.com;safaksan.com;TET - Elektrik ve Elektronik İhracatçıları Birliği
TOYPA MAĞAZACILIK TİC. A.Ş.;TURGUTÖZAL CAD.N:125 ÇAYIROVA KOCAELİ;(216) 4998080;www.toyzzshop.com;toyzzshop.com;TET - Elektrik ve Elektronik İhracatçıları Birliği
HOROZ LOJİSTİK KARGO HİZMETLERİ VE TİCARET ANONİM ŞİRKETİ;MAHMUTBEY MAH.TAŞOCAĞI YOLU CAD.2538.SOK.NO:6 K:1 PK:34217 BAĞCILAR İSTANBUL;(212) 4561000;www.horoz.com.tr;horoz.com.tr;TET - Elektrik ve Elektronik İhracatçıları Birliği
EMPA ELEKTRONİK SANAYİ VE TİCARET ANONİM ŞİRKETİ;ISTANBUL DÜNYA TICARET MERKEZIA 1 BLOK K:4 N:200 YEŞILKÖY BAKIRKÖY İSTANBUL;(212) 4657199;http://www.empa.com;empa.com;TET - Elektrik ve Elektronik İhracatçıları Birliği
NET POWER JENERATÖR ENERJİ VE GÜÇ SİSTEMLERİ SAN. TİC. LTD. ŞTİ.;KARAAĞAÇ MAH. İSTANBUL HAMIDKÖY CAD.NO:45/A HADIMKÖY GİŞELER MEVKİİ BÜYÜKÇEKMECE BÜYÜKÇEKMECE İSTANBUL;(212) 8582285;www.netpower.com;netpower.com;TET - Elektrik ve Elektronik İhracatçıları Birliği
DENGE ELEKTRONIK SAN. E TİC. LTD. ŞTİ.;PERPA TİC. MER. B.BLOK. K.5 NO:177 ŞİŞLİ İSTANBUL;(212) 2107882;www.dengeelektronik.com;dengeelektronik.com;TET - Elektrik ve Elektronik İhracatçıları Birliği
ISI ELEKTRIKLI CIHAZLARI LTD. STI.;OKÇU MUSA CAD. NO:13 BEYOĞLU İSTANBUL;02122493531;www.isielektrik.com;isielektrik.com;TET - Elektrik ve Elektronik İhracatçıları Birliği
AR-METAL MONTAJ ELEKTRIK AGAC TAAHHUT SAN.TIC.LTD.STI.;SULTAN ORHAN MAH.ANKARA CAD.1149 SOK NO:4 GEBZE KOCAELİ;02626437225;www.armetal.org;armetal.org;TET - Elektrik ve Elektronik İhracatçıları Birliği
ERA KALIP SANAYİ VE TİCARET LTD.ŞTİ.;ORTA MH. ATAYOLU CD. OSTİM SAN. SİT.NO:13 TUZLA İSTANBUL;(216) 3041871;www.erakalip.com;erakalip.com;TET - Elektrik ve Elektronik İhracatçıları Birliği
NİHAT AKYÜZ;MACUN MAH.223 CAD. NO:10 B YENİMAHALLE ANKARA;(312) 3979787;http://nihatakyuz@akzteknik.com;nihatakyuz@akzteknik.com;TET - Elektrik ve Elektronik İhracatçıları Birliği
ZF SERVICES TÜRK SANAYİ VE TİCARET ANONİM ŞİRKETİ;ADİL MAH. DEMOKRASİ CAD. NO: 17 SULTANBEYLİ İSTANBUL;02165920750;www.zf.com;zf.com;TET - Elektrik ve Elektronik İhracatçıları Birliği
ALİNET BİLİŞİM TEKNOLOJİLERİ SANAYİ VE DIŞ TİCARET LİMİTED ŞİRKETİ;HALİL RIFAT PAŞA MH. YÜZER HAVUZ SK. PERPA TİCARETMERKEZİ A BLOK KAT:8 NO:783 ŞİŞLİ İSTANBUL;(212) 0000000;http://alinetbilisim.com;alinetbilisim.com;TET - Elektrik ve Elektronik İhracatçıları Birliği
ATLAS HCS MÜHENDİSLİK GIDA VE HALI PAZARLAMA TİCARET LTD.ŞTİ;MERKEZ MAH. ABİDE İ HÜRRİYET CAD. BOLKAN CENTER A BLOK 211/67 ŞİŞLİ İSTANBUL;(212) 9823822;www.atlashcs.com.tr;atlashcs.com.tr;TET - Elektrik ve Elektronik İhracatçıları Birliği
GRAPHENE ENDÜSTRİYEL ÜRÜNLER BİLİŞİM SAN. VE TİC. LTD. ŞTİ.;KEMALPAŞA MAH. HÜRRİYET CD. AYTA İŞHANI NO:35/32 P İZMİT KOCAELİ;(262) 0000000;http://www.graphene.com.tr;graphene.com.tr;TET - Elektrik ve Elektronik İhracatçıları Birliği
OSHINO OTOMOTİV ENDÜSTRİ ANONİM ŞİRKETİ;İSTASYON MAHALLESİ YARIŞ ÇIKMAZI SOKAK NO.1/40 TUZLA İSTANBUL;(216) 7664681;http://www.oshino-lamps.com.tr;oshino-lamps.com.tr;TET - Elektrik ve Elektronik İhracatçıları Birliği
DAL TEKNİK MAKİNA TİCARET VE SANAYİ ANONİM ŞİRKETİ;ŞİRİNEVLER MH. ADNAN KAHVECİ BUL.N:208/54 HAYAR AKIN İŞ MER. 1. BLOK K:6 ŞİRİNEVLER BAHÇELİEVLER İSTANBUL;02126398500;www.dal.com.tr;dal.com.tr;TET - Elektrik ve Elektronik İhracatçıları Birliği
ERDEM PANO ELEKTRIK SAN.VE TIC .LTD.STI.;YEŞILCE MAH. DEVİR SOK. NO.284. LEVENT ŞİŞLİ İSTANBUL;02122837214;www.erdempano.com;erdempano.com;TET - Elektrik ve Elektronik İhracatçıları Birliği
FARMEL ENERJİ DANIŞMANLIK TAAHHÜT SAN.VE TİC.LTD.ŞTİ.;SELAMİ ALİ MAH.CUMHURİYET CAD.BOĞAZİÇİ PLAZA NO:46KAT:5 ÜSKÜDAR İSTANBUL;(216) 5728052;www.farmel.com.tr;farmel.com.tr;TET - Elektrik ve Elektronik İhracatçıları Birliği
KARADAG ELEKTRONIK ARACLAR SAN VE TICARET A.Ş.;EMNIYETEVLERI M.YENICERI SOK. NO:17-1 KAĞITHANE İSTANBUL;02122802781;www.karadag.com.tr;karadag.com.tr;TET - Elektrik ve Elektronik İhracatçıları Birliği
NOVA REKLAMCILIK DEKORASYON SANAYİ VE TİCARET ANONİM ŞİRKETİ;PELİTLİ KÖYÜ MERKEZ MH PELİTLİ YOLU CD NO:191 GEBZE KOCAELİ;(262) 6777000;www.nova-tr.com;nova-tr.com;TET - Elektrik ve Elektronik İhracatçıları Birliği
CSS TIBBİ ÜRÜNLER İÇ VE DIŞ TİCARET LİMİTED ŞİRKETİ;CAVİZLİ MAHALLESİ MUSTAFA KEMAL CADDESİNO66/B 24 KARTAL İSTANBUL;(216) 7599222;www.cssmedical.com;cssmedical.com;TET - Elektrik ve Elektronik İhracatçıları Birliği
ÖZNUR KABLO SANAYİ VE TİCARET A.Ş.;SAIRZIYAPASA CAD.NO.47 BEYOĞLU İSTANBUL;02122527734;www.oznurkablo.com.tr;oznurkablo.com.tr;TET - Elektrik ve Elektronik İhracatçıları Birliği
BECKMAN COULTER BIYOMEDIKAL UR .SAN .VE TIC.LTD.STI.;SERIN SOK.KOSIFLER IŞMERK.NO:9 K:5 ATAŞEHİR İSTANBUL;02165701717;www.beckmancoulter.com.tr;beckmancoulter.com.tr;TET - Elektrik ve Elektronik İhracatçıları Birliği
ÖZ METAL SANAYİ VE TİCARET ANONİM ŞİRKETİ;IMES SANAYI SITESI E BLOK 504SOK. NO:63 ÜMRANİYE İSTANBUL;02164206611;www.ozmetalsan.com;ozmetalsan.com;TET - Elektrik ve Elektronik İhracatçıları Birliği
ETI MAKINA SANAYI VE TIC. A.S.;ORGANIZE SANAYI BOLGESI 19 CAD. NO.18 Merkez ESKİŞEHİR;(222) 2360031;www.etimakina.com.tr;etimakina.com.tr;TET - Elektrik ve Elektronik İhracatçıları Birliği
DISTRIBUTOR ASIA TEKNOLOJI TICARET ANONIM SIRKETI;SULTAN SELIM MAH. SULTAN SELIM CAD. NO: 181 A KAĞITHANE İSTANBUL;(212) 3244844;http://www.customspro.com.tr;customspro.com.tr;TET - Elektrik ve Elektronik İhracatçıları Birliği
PİXERA ELEKTRONİK VE YAZILIM TEKNOLOJİLERİ LİMİTED ŞİRKETİ;KOŞU YOLU CAD. ARGE VEİNOVASYON BİNASI NO: 26 İÇ KAPI NO: 39 GEBZE KOCAELİ;(262) 5035323;http://www.pixera.com.tr;pixera.com.tr;TET - Elektrik ve Elektronik İhracatçıları Birliği
OTOMASYON KONTROL MARKET SAN.TİC.LTD.ŞTİ.;ACIBADEM MAH. ÇEÇEN SK. NO: 25 A IÇ KAPINO:150 ÜSKÜDAR İSTANBUL;(216) 5189494;www.kontrolmarket.com;kontrolmarket.com;TET - Elektrik ve Elektronik İhracatçıları Birliği
MES ARGE SAVUNMA YATIRIM ANAYİ TİCARET LİMİTED ŞİRKETİ;HANAYBAŞI MAH. ALEMDAR CAD. NO: 142 B S SELÇUKLU KONYA;(332) 3422902;www.messavunma.com;messavunma.com;TET - Elektrik ve Elektronik İhracatçıları Birliği
DİNAMİK ÇAMAŞIRHANE EKİPMANLARI SAN.VE TİC.LTD.ŞTİ.;CUMHURİYET MH. HÜRRİYET CAD. NO:7/47 ESENYURT İSTANBUL;(216) 2322689;www.dinamikendustriyel.com;dinamikendustriyel.com;TET - Elektrik ve Elektronik İhracatçıları Birliği
İKSEL ELEKTROMEKANİK SANAYİ VE TİCARET ANONİM ŞİRKETİ;ESENKENT MAH GÖZNURU SOKAK NO:7/1-2-3 ÜMRANİYE İSTANBUL;(216) 5082166;www.iksel.com.tr;iksel.com.tr;TET - Elektrik ve Elektronik İhracatçıları Birliği
TEKNOLOJİ EKİBİ DEDEKTÖR İNŞAAT SANAYİ VE TİCARET LİMİTED ŞİRKETİ;VELİBABA MAH.HUKUKÇULAR CAD.NO:24 BPK:34890 PENDİK/İSTANBUL PENDİK İSTANBUL;(216) 3792379;www.teknolojiekibi.com;teknolojiekibi.com;TET - Elektrik ve Elektronik İhracatçıları Birliği
PROTEL BİLGİSAYAR A.Ş.;ESENTEPE MAH. HABERLER SOK. NO:12-14 ŞİŞLİ İSTANBUL;(212) 3550011;https://www.protel.com.tr;protel.com.tr;TET - Elektrik ve Elektronik İhracatçıları Birliği
BMF ENERJİ SANAYİ VE TİCARET LTD. ŞTİ.;ORUÇREİS MAH. TEKSİLKENT CAD B BLOK 12A NO:183 ESENLER İSTANBUL;(212) 4381899;http://www.bmfenerji.com;bmfenerji.com;TET - Elektrik ve Elektronik İhracatçıları Birliği
WİNSULA METAL VE ELEKTRİK SANAYİ TİCARET ANONİM ŞİRKETİ;KARLIK TEPE MH. YILDIZ CD. ÜÇEM PRAMİT İŞ MERKEZİ ANKA YAPI NO:26/A KARTAL İSTANBUL;(216) 3544425;www.winsula.com;winsula.com;TET - Elektrik ve Elektronik İhracatçıları Birliği
TANSA GÜVENLİK SİSTEMLERİ VE SAAT SAN. TİC. A.Ş.;EYÜP SULTAN MAH. HOCA NASREDDİN CAD. NO:10 SAMANDIRA SANCAKTEPE İSTANBUL;(216) 5619671;www.tansa.com.tr;tansa.com.tr;TET - Elektrik ve Elektronik İhracatçıları Birliği
OLİGA MAKİNA ELEKTRONİK İTHALAT İHRACAT SAN. VE TİC. LTD. ŞTİ.;İVEDİK OSB MAHALLESİ 1453. CADDE NO:5-D YENİMAHALLE ANKARA;(312) 2201577;www.oliga.com.tr;oliga.com.tr;TET - Elektrik ve Elektronik İhracatçıları Birliği
OKDATEK TEKNOLOJİ ANONİM ŞİRKETİ;YAMANEVLER MAHALLESİ AKGÜL SOKAK BİNA ADI:EN PLAZAK:1 BİNA NO:1 İÇ KAPI NO:18 ÜMRANİYE İSTANBUL;(850) 8400730;http://www.okdatek.com;okdatek.com;TET - Elektrik ve Elektronik İhracatçıları Birliği
GERPA ELEKTRIK TEKSTİL SANAYİ VE TİCARET ANONİM ŞİRKETİ;YEŞİLBAĞLAR MH.SELVİLİ SK.NO:2 HELİS BEYAZ OFİS A BLOK D:105 PENDİK İSTANBUL;(216) 4897005;www.gerpaas.com;gerpaas.com;TET - Elektrik ve Elektronik İhracatçıları Birliği
ALTUN ELEKTRİK DIŞ TİC. VE SAN. LTD. ŞTİ;OKÇU MUSA CAD. NO:28/C KARAKÖYBEYOĞLU BEŞİKTAŞ İSTANBUL;(212) 2549193;www.goyaaydinlatma.com;goyaaydinlatma.com;TET - Elektrik ve Elektronik İhracatçıları Birliği
TAŞYAPI İNŞAAT TAAHHÜT SAN.VE TİC.A.Ş.;KÜCÜK CAMLICA MAH. SEHİT İSMAİL MORAY SOKAK NO:13 ALTUNİZADE ÜSKÜDAR İSTANBUL;02163396570;www.tasyapi.com;tasyapi.com;TET - Elektrik ve Elektronik İhracatçıları Birliği
DLT ELEKTRİK PLASTİK KALIP SAN.VE TİC.LTD.ŞTİ.;OSMANGAZİ MAH. 3130 SOK. NO.6/1 KIRAÇ ESENYURT İSTANBUL;(212) 8864051;www.dltelektrik.com.tr;dltelektrik.com.tr;TET - Elektrik ve Elektronik İhracatçıları Birliği
DELTA ELEKTRIK IML.VE TIC.LTD STI.;ÇINARDERE MAH. ERENLER CD.AKAY SOK. NO.11 PENDİK İSTANBUL;02163795859;www.deltaelk.com.tr;deltaelk.com.tr;TET - Elektrik ve Elektronik İhracatçıları Birliği
MOTTOLED GÖRÜNTÜLEME VE AYDINLATMA SİST. ELEK. ELEKT. İTH İHRT SAN. TİC. LTD. ŞTİ.;ORHANLI MAHALLESİ GÜLSÜM SOK. NO:6TÜRKER SANAYİ SİTESİ A BLOK A/4 TUZLA İSTANBUL;(216) 7843267;www.mottoled.com.tr;mottoled.com.tr;TET - Elektrik ve Elektronik İhracatçıları Birliği
TERMOSAN GIDA EKİPMANLARI SAN.İÇ VE DIŞ TİC.LTD.ŞTİ;KEMALPAŞA MAH.ŞEHZADEBAŞI CAD.NO:3/209 FATİH İSTANBUL;(212) 5182377;www.termosangida.com;termosangida.com;TET - Elektrik ve Elektronik İhracatçıları Birliği
GEBERİT TESİSAT SİSTEMLERİ TİCARET LTD. ŞTİ.;İÇERENKÖY MH. ENGİN SK. NO.10 D.1ATAŞEHİR İÇERENKÖY ATAŞEHİR İSTANBUL;(216) 3408273;www.geberit.com.tr;geberit.com.tr;TET - Elektrik ve Elektronik İhracatçıları Birliği
USTEK ELEKTRİK OTOMASYON VE GÜVENLİK SİSTEMLERİ SAN. TİC. LTD. ŞTİ.;ORUÇ REİS MAH. TEKSTİLKENT CAD. 10-AB BLOK NO:2088 ESENLER İSTANBUL;(212) 0000000;http://www.ustekotomasyon.com;ustekotomasyon.com;TET - Elektrik ve Elektronik İhracatçıları Birliği
MEGA DANISMANLIK TEMSILCILIK DIS TICARET A.Ş.;UZUNCAYIR CAD.NO.31 A BLOK K.3D.18-19 KADIKÖY İSTANBUL;02163264535;www.megatr.com;megatr.com;TET - Elektrik ve Elektronik İhracatçıları Birliği
DİSERA TIBBİ MALZEME LOJİSTİK SANAYİ VE TİCARET ANONİM ŞİRKETİ;KARABAGLAR 5758 S.N:4/F KARABAĞLAR İZMİR;02322646668;www.disera.com.tr;disera.com.tr;TET - Elektrik ve Elektronik İhracatçıları Birliği
AIDATA BILISIM KURUMSAL TICARET VE SANAYI ANONIM ŞİRKETİ;AYAZAĞA MAH.KEMERBURGAZ CAD.NO.10 ŞİŞLİ ŞİŞLİ İSTANBUL;(212) 3311400;www.aidata.com.tr;aidata.com.tr;TET - Elektrik ve Elektronik İhracatçıları Birliği
RESE ELEKTRİK OTOMASYON MÜHENDİSLİK SANAYİ VE TİCARET LİMİTED ŞİRKETİ;AYDINLI MAH. KARACA SK.NO: 7 IÇ KAPI NO: 2 TUZLA İSTANBUL;(216) 6067660;http://www.rese.com.tr/;rese.com.tr;TET - Elektrik ve Elektronik İhracatçıları Birliği
SEYİR MOBİL YAZILIM ELEKTRONİK OTOMASYON SİSTEMLERİ SANAYİ VE TİCARET ANONİM ŞİRKETİ;DENİZ MAH.PETROL OFİSİ CAD.NO:14 DERİNCE DERİNCE KOCAELİ;(262) 2397777;seyirmobil.com;seyirmobil.com;TET - Elektrik ve Elektronik İhracatçıları Birliği
ELBİ ECZA DEPOSU TİC.VE SAN.LTD.ŞTİ.;BAHÇEKAPI MAH. 2472 CAD NO.1/19ETİMESGUT ETİMESGUT ANKARA;(312) 4479678;www.elbipharma.com;elbipharma.com;TET - Elektrik ve Elektronik İhracatçıları Birliği
ÜÇLER ALÜMİNYUM METAL YAPI MALZEMELERİ SANAYİ VE TİCARET LİMİTED ŞİRKETİ;DELİKLİKAYA MH YÜZBAŞI MEHMET HİLMİ CD NO:38 ARNAVUTKÖY İSTANBUL;(212) 6132224;www.uclertriomat.com;uclertriomat.com;TET - Elektrik ve Elektronik İhracatçıları Birliği
KİTOKO AYDINLATMA VE MÜHENDİSLİK İNŞAAT AŞ;AYAZAĞA MAH . MİMAR SİNAN SOKAKSEBA OFFİCE NO:21 D İÇ KAPI NO:79 SARIYER İSTANBUL;;www.kitokogroup.com;kitokogroup.com;TET - Elektrik ve Elektronik İhracatçıları Birliği
HİDRO ENERJİ ELEKTRİK ÜRETİM SANAYİ A.Ş;BARBAROS MAH. BAŞAK CENGİZ SK. VAR.MER.SİT. V4 BL.NO:1D ATAŞEHİR İSTANBUL;(216) 4741474;www.odasenerji.com.tr;odasenerji.com.tr;TET - Elektrik ve Elektronik İhracatçıları Birliği
BAYRAMOĞLU HIRDAVAT DIŞ TİCARET LTD.ŞTİ.;MAHMUTBEY MH İSTOÇ 2434. SOK. NO:147-150 BAĞCILAR İSTANBUL;(212) 6591831;www.bayramoglugrup.net;bayramoglugrup.net;TET - Elektrik ve Elektronik İhracatçıları Birliği
DENEYLAB ANALİZ SİSTEMLERİ MÜMESSİLLİK TİCARET LİMİTED ŞİRKETİ;YAKACIK ÇARŞI MAH.ŞİMŞEK SK.GÖZDE AP BLOK NO:6A KARTAL İSTANBUL;(216) 3090117;http://www.deneylab.com.tr;deneylab.com.tr;TET - Elektrik ve Elektronik İhracatçıları Birliği
LABCORE TIBBİ CİHAZLAR A.Ş.;TURGUT ÖZAL MAH. 2167 SOK. YENİMAHALLE ANKARA;;http://www.labcore.com.tr;labcore.com.tr;TET - Elektrik ve Elektronik İhracatçıları Birliği
ŞEYMA YUMUŞAK;İKİTELLİ OSB MAH. SARAÇLAR 8. BLOK SK. SARAÇLARSANAYİ 8. BLOK NO: 49 İÇ KAPI NO: 1 BAŞAKŞEHİR İSTANBUL;(212) 0000000;https://durakmakinakonveyor.com/;durakmakinakonveyor.com;TET - Elektrik ve Elektronik İhracatçıları Birliği
ETÜD BİLGİSAYAR DANIŞMANLIK VE BİLİŞİM TEKN. SAN. TİC. LTD.ŞTİ.;KUŞTEPE MAH. BİRACILAR SOK. NO. 30 ŞİŞLİ İSTANBUL;(212) 2200405;www.etudbilgisayar.com;etudbilgisayar.com;TET - Elektrik ve Elektronik İhracatçıları Birliği
VİSTA ENDÜSTRİYEL MAK. SAN. VE TİC. LTD. ŞTİ.;BARBAROS MAH.MOR SÜMBÜL SOK. DELUXİA PALACE NO:5 A KAT:14 DA:390 ATAŞEHİR İSTANBUL;(216) 3888890;www.vistamakine.com;vistamakine.com;TET - Elektrik ve Elektronik İhracatçıları Birliği
SARTEN AMBALAJ SANAYİ VE TİCARET ANONİM ŞİRKETİ;BÜYÜKDERE CD NO:175/100 FERKO SİGNATURE ŞİŞLİ İSTANBUL;(212) 2757660;www.sarten.com.tr;sarten.com.tr;TET - Elektrik ve Elektronik İhracatçıları Birliği
KRC ELEKTRO MARKET SANAYİ VE TİCARET ANONİM ŞİRKETİ;75. YIL OSB MAH. 9 CAD. NO: 23 ODUNPAZARI ESKİŞEHİR;(222) 2343404;www.krcelektromarket.com.tr;krcelektromarket.com.tr;TET - Elektrik ve Elektronik İhracatçıları Birliği
TEKSER AKARYAKIT ISTASYONLARI ORGANIZASYONU SAN.TIC.A.S.;ÖMERLİ MAH. ÖMERLİ SOK. NO.2 HADIMKÖY(BOYALIK) ARNAVUTKÖY İSTANBUL;(212) 7982127;www.tekser-fc.com;tekser-fc.com;TET - Elektrik ve Elektronik İhracatçıları Birliği
AYTEMİZ KESİNTİSİZ GÜÇ KAYNAKLARI ANONİM ŞİRKETİ;DERİ OSB MAHALLESİ ALSANCAK SOKAK NO:8 İÇ KAPI NO:A TUZLA İSTANBUL;(216) 4286580;www.makelsan.com.tr;makelsan.com.tr;TET - Elektrik ve Elektronik İhracatçıları Birliği
ER-NA ELEKTRIK ELEKT.SAN.TIC. LTD.STI.;ORTA MAH.CEVRE YOLU CAD. GUNALTAY SOK.NO:1 K:2 BAYRAMPAŞA İSTANBUL;02125677656;http://www.er-na.com.tr;er-na.com.tr;TET - Elektrik ve Elektronik İhracatçıları Birliği
KOROZO AMBALAJ SAN. VE TİC. AŞ;ATATÜRK MAH.ORHAN VELİ CAD.NO:12KIRAÇ KIRAÇ ESENYURT İSTANBUL;(212) 8666666;www.korozo.com.tr;korozo.com.tr;TET - Elektrik ve Elektronik İhracatçıları Birliği
FUTURE İNNOVATİONS DIŞ TİCARET LİMİTED ŞİRKETİ;KÜÇÜK SETLİ SOKAK NO:5-9 DENGE PANORAMA KAT:9 D:38 ATAŞEHİR İSTANBUL;(216) 3494405;www.fi-truck.com;fi-truck.com;TET - Elektrik ve Elektronik İhracatçıları Birliği
NECATİ MURAT ERDOĞAN;GÖKÇE SOKAK NO.8/3B ATAPOL-ER PLAZA -1. KAT AYDINEVLER 34854 MALTEPE İSTANBUL;;www.rst-engineering.com;rst-engineering.com;TET - Elektrik ve Elektronik İhracatçıları Birliği
ZAFER ENERJİ SİSTEMLERİ SAN. VE DIŞ TİC. LTD. ŞTİ.;YENİBOSNA MERKEZ MAHALLESİKAVAK SOKAK NO:11 BAHÇELİEVLER İSTANBUL;(212) 6320535;www.zaferaku.com;zaferaku.com;TET - Elektrik ve Elektronik İhracatçıları Birliği
BM SAĞLIK MEDİKAL DIŞ TİCARET SAN. LTD. ŞTİ.;CEYHUN ATUF KANSU CAD. EHLİBEYT MAH. 1270.SOKAK GİZEM APT. NO: 1/4 BALGAT ÇANKAYA ANKARA;(312) 4725560;www.sterivision.com.tr;sterivision.com.tr;TET - Elektrik ve Elektronik İhracatçıları Birliği
EMAK MAKİNE PAZ. TİC. LTD.ŞTİ.;FİRUZKÖY BULVARI NO.158/1 AVCILAR İSTANBUL;(212) 4800250;www.emakmakina.com;emakmakina.com;TET - Elektrik ve Elektronik İhracatçıları Birliği
PROMOST MEDİKAL TIBBİ CİHAZLAR VE MALZEMELERİ İTH.İHR.SAN.TİC.LTD.ŞTİ.;SELAMET MAH.VARDAR CAD.NO:5/35ECEVİT SİNEM 2 İŞH. OSMANGAZİ BURSA;(224) 2520201;www.promostmedikal.com;promostmedikal.com;TET - Elektrik ve Elektronik İhracatçıları Birliği
ELECTRO ZİRVE ENERJİ BİLİŞİM SANAYİ VE DIŞ TİCARET LTD.ŞTİ.;İ.O.S.B.SEFAKÖY SANAYİ SİTESİ 3. BLOK NO:6 BAŞAKŞEHİR İSTANBUL;;www.electrozirve.com;electrozirve.com;TET - Elektrik ve Elektronik İhracatçıları Birliği
ANTES ELEKTRONIK SANAYI VE TICARET LTD.STI;SARAY ARDI CADNO 48 KADIKÖY İSTANBUL;02163360414;www.antes.com.tr;antes.com.tr;TET - Elektrik ve Elektronik İhracatçıları Birliği
ROCHE DİAGNOSTİCS TURKEY A.Ş.;ESENTEPE MAHALLESİ KIRGÜLÜ SOKAK NO:4 ESENTEPE ŞİŞLİ İSTANBUL;(212) 3060606;www.roche.com;roche.com;TET - Elektrik ve Elektronik İhracatçıları Birliği
KİNG PAZARLAMA VE DIŞ TİCARET ANONİM ŞİRKETİ;DEFTERDAR MAH. OTAKÇILAR CAD. NO:78 SİNPAŞ FLAT OFİS İÇ KAPI NO:99 EYÜP İSTANBUL;(212) 5445152;www.king.com.tr;king.com.tr;TET - Elektrik ve Elektronik İhracatçıları Birliği
HS AYDINLATMA ELEKTRİK İNŞAAT TAAHHÜT İTHALAT İHRACAT SANAYİ TİCARET LİMİTED ŞİRKETİ;SEYHAN MAH 667/1 SK. NO:57 BUCA İZMİR;(232) 4697258;http://www.hsaydinlatma.com;hsaydinlatma.com;TET - Elektrik ve Elektronik İhracatçıları Birliği
KANSUK LABORATUAR SAN. VE TİC. AŞ;YASSIÖREN MAHALLESİ FIRAT SOKAK NO:14/1NO.4 ARNAVUTKÖY ARNAVUTKÖY İSTANBUL;(212) 5921576;www.kansuk.com;kansuk.com;TET - Elektrik ve Elektronik İhracatçıları Birliği
GLOBAL MARKET DIS TIC.LTD.STI.;TUNALI HİLMİ CADDESİ NO:59/3BARBAROS MAHALLESİ ÇANKAYA ANKARA;(312) 4278214;www.gmelectricals.com;gmelectricals.com;TET - Elektrik ve Elektronik İhracatçıları Birliği
GMD GROUP MEDİKAL SANAYİ VE TİC. A.Ş.;İ.O.S.B.İSDÖK SAN.SİT.İSDÖK SOSYAL TESİS PLAZA BİNASI B BLOK N:7-8 BAŞAKŞEHİR İSTANBUL;(212) 4861565;www.gmdgroup.com.tr;gmdgroup.com.tr;TET - Elektrik ve Elektronik İhracatçıları Birliği
LABNETWORK LABORATUVAR ÇÖZÜMLERİ ANONİM ŞİRKETİ;KAZIMDİRİK MAH.ÜNİVERSİTE CAD.NO:116/12 BORNOVA İZMİR;(232) 5031135;www.labnetwork.com.tr;labnetwork.com.tr;TET - Elektrik ve Elektronik İhracatçıları Birliği
VİMATEK ELEKTRONİK ASANSÖR SANAYİ TİCARET LİMİTED ŞİRKETİ;İKİTELLİ OSB AYKOSAN SANAYİ SİTESİ 6/F BLOK NO:29 BAŞAKŞEHİR İSTANBUL;;www.vima-tek.com;vima-tek.com;TET - Elektrik ve Elektronik İhracatçıları Birliği
ITA DIŞ TİCARET LİMİTED ŞİRKETİ;19 MAYIS MH SÜMER SK ZİTAŞ SİTESİ C 2 BLOK NO:3B/3 KADIKÖY İSTANBUL;(216) 2323600;www.itadist.com;itadist.com;TET - Elektrik ve Elektronik İhracatçıları Birliği
ELEMENT OTOMATİK BASINÇ KONTROL CİHAZLARI SANAYİ VE TİCARET LİMİTED ŞİRKETİ;İKİTELLİ OSB DERSAN KOOP S1/C BLOK NO:302 BAŞAKŞEHİR İSTANBUL;(212) 5494950;www.elementswitch.com;elementswitch.com;TET - Elektrik ve Elektronik İhracatçıları Birliği
ELTA DIŞ TİCARET İNŞAAT LİMİTED ŞİRKETİ;CENNET MAH.2.YAVUZ SELİM CAD.NO:61 A KÜÇÜKÇEKMECE İSTANBUL;(212) 6546654;http://www.eltainşaat.com.tr;eltainşaat.com.tr;TET - Elektrik ve Elektronik İhracatçıları Birliği
AMPHENOL TURKEY BAĞLANTI ÇÖZÜMLERİ LİMİTED ŞİRKETİ;BAŞKÖY MAH. 485. İSİMSİZ SOK. NO:1 NİLÜFER BURSA;(224) 0000000;https://amphenol.com/;amphenol.com;TET - Elektrik ve Elektronik İhracatçıları Birliği
PERKİNELMER SAĞLIK VE ÇEVRE BİLİMLERİ LTD.ŞTİ;BAĞLAR CAD. NO:14 OFİSPARK MERKEZ MAH KAĞITHANE İSTANBUL;(212) 3121100;www.perkinelmer.com;perkinelmer.com;TET - Elektrik ve Elektronik İhracatçıları Birliği
ERBA İTHALAT İHRACAT LTD. ŞTİ.;ATATÜRK ORG.SAN.BOL.ISTASYON MAH. ÜRGÜPLÜ C. NO:30 ARNAVUTKÖY İSTANBUL;02127711888;www.erba.com.tr;erba.com.tr;TET - Elektrik ve Elektronik İhracatçıları Birliği
OZGUN KIMYEVI MADD.TIBBI MALZ. SAGLIK HIZ.SAN.VET.A.S.;INÖNÜ M. KAYIŞDAĞI C. NO:180 / 3 KAYIŞDAĞI KADIKÖY İSTANBUL;02164699404;www.ozgunkimya.com;ozgunkimya.com;TET - Elektrik ve Elektronik İhracatçıları Birliği
TEKSER ENDÜSTRİYEL CİHAZLARI SAN. VE TİC. A.Ş.;KAYIŞDAĞI İNÖNÜ MAH.KARTAL CAD.55/A ATAŞEHİR İSTANBUL;(216) 5760370;www.tekservakum.com;tekservakum.com;TET - Elektrik ve Elektronik İhracatçıları Birliği
FUTURAFORM KOMPOZİT VE REKLAM ÜRÜNLERİ SAN. VE TİC. A.Ş.;İSTASYON MAH. 1495/2 SOK. NO:1 GEBZE GEBZE KOCAELİ;(262) 6566473;www.futuraform.com.tr;futuraform.com.tr;TET - Elektrik ve Elektronik İhracatçıları Birliği
LEONİ KABLO VE TEKNOLOJİLERİ SAN. VE TİC.LTD.ŞTİ.;ÇAĞRIŞAN KÖYÜ YENI MUDANYAYOL18.KM.NO.24 MUDANYA BURSA;(224) 5248900;www.leoni.com.tr;leoni.com.tr;TET - Elektrik ve Elektronik İhracatçıları Birliği
ORTOPRO TIBBİ ALETLER SANAYİ VE TİCARET A.Ş.;KAVACIK MAH. EKİNCİLER CAD. NECİP FAZIL SK. AK PLAZA NO.8 K:5/B GAZİEMİR İZMİR;(212) 6930736;www.ortopro.com.tr;ortopro.com.tr;TET - Elektrik ve Elektronik İhracatçıları Birliği
KAPASİTE TESİS YÖNETİM HİZMETLERİ A.Ş.;BURHANİYE MAH.KANUNI SULTAN SÜLEYMAN SK.MABEYIN KONAKLARI D NO:4 D/1 ÜSKÜDAR - İSTANBUL ÜSKÜDAR İSTANBUL;(216) 4784818;http://www.egeyapi.com;egeyapi.com;TET - Elektrik ve Elektronik İhracatçıları Birliği
BIMEL ELEKTRONIK MAMULLERİ PAZARLAMA ANONİM ŞİRKETİ;BAYINDIR 1.SOKAK NO.5/1-2 ÇANKAYA ANKARA;(312) 4342245;www.bimel.com.tr;bimel.com.tr;TET - Elektrik ve Elektronik İhracatçıları Birliği
AKKAYA BİLİŞİM TEKNOLOJİLERİ SANAYİ VE TİCARET A.Ş.;5000 EVLER BAHÇELİEVLER MAH.127.SOKAK NO : MERKEZ KARABÜK;(370) 4133102;http://mohhlerbayii.com;mohhlerbayii.com;TET - Elektrik ve Elektronik İhracatçıları Birliği
HUGIN ÖDEME SİSTEMLERİ ANONİM ŞİRKETİ;YEŞİLCE MAHALLESİ YUNUS EMRE CAD. NO.8 İÇ KAPI NO: 3 KAĞITHANE İSTANBUL;02122517343;www.hugin.com.tr;hugin.com.tr;TET - Elektrik ve Elektronik İhracatçıları Birliği
DAYEL MAKİNA SAN. VE TİC. A.Ş.;İKİTELLİ OSB. MAH. ATATÜRK BULVARI NO:68/103 BAŞAKŞEHİR İSTANBUL;(212) 6712235;www.dayel.com.tr;dayel.com.tr;TET - Elektrik ve Elektronik İhracatçıları Birliği
OPTOKON ELEKTRONİK LİMİTED ŞİRKETİ;PEKSIMET MAH.5555 SK.NO: 8/1 BODRUM MUĞLA;(252) 0000000;www.optokonelektronik.com;optokonelektronik.com;TET - Elektrik ve Elektronik İhracatçıları Birliği
BÜYÜK TAAHHÜT ELEKTRİK MALZEMELERİ PAZARLAMA ANONİM ŞİRKETİ;HALİL RIFAT PAŞA MAH.YÜZER HAVUZ SOKAKPERPA TİC.MER A BLOK NO:1 / 19 ŞİŞLİ İSTANBUL;(212) 2205522;http://www.buyukelektrik.com.tr;buyukelektrik.com.tr;TET - Elektrik ve Elektronik İhracatçıları Birliği
ENES IŞIKLANDIRMA SİSTEMLERİ CAM DEKORASYON SANAYİ VE DIŞ TİCARET LİMİTED ŞİRKETİ;KARAYOLLARI MAH.647.SOK.N.10 A GAZİOSMANPAŞA İSTANBUL;(212) 0000000;https://enesavize.com;enesavize.com;TET - Elektrik ve Elektronik İhracatçıları Birliği
FİMAR MERMER MADENCİLİK İNŞAAT AKARYAKIT TURZ. TAR. SERA. HAY. GIDA ÜRÜNLERİ TİCARET SANAYİ A.Ş.;ORGANİZE SAN.1.KISIM 1.CD.NO:5NO:4 SİVAS SİVAS;(346) 2181480;www.fimar.com.tr;fimar.com.tr;TET - Elektrik ve Elektronik İhracatçıları Birliği
INSEL YAPI VE TEKNIK DONATIM SIST.LTD.STI.;İÇERENKÖY MAH. ŞEHİTLER CAMİ SOK. NO.4/A ATAŞEHİR İSTANBUL;(216) 5730935;www.inselltd.com;inselltd.com;TET - Elektrik ve Elektronik İhracatçıları Birliği
ÖLÇÜSAN ÖLÇU ALETLERİ SANAYİ VE TİCARET A.Ş.;YILANLI AYAZMA SOK. NO: 10-12 KAT: 2MALTEPE MALTEPE ZEYTİNBURNU İSTANBUL;(212) 4818031;www.olcusan.com.tr;olcusan.com.tr;TET - Elektrik ve Elektronik İhracatçıları Birliği
SENERJI ELEKTRIK TEKNOLOJİ ANONİM ŞİRKETİ;BUYUKDERE CAD.NO.159/12 NUR APT. ŞİŞLİ İSTANBUL;02123562112;www.senerjieng.com;senerjieng.com;TET - Elektrik ve Elektronik İhracatçıları Birliği
KABTEK KABLO İNŞAAT SAN. VE TİC. LTD. ŞTİ.;ALİPAŞA MAHALLESİ SANAYİ 12.SOK.NO:7 SİLİVRİ İSTANBUL;(212) 7165330;www.kabtek.com;kabtek.com;TET - Elektrik ve Elektronik İhracatçıları Birliği
ISIN REZISTANS SANAYI VE TICARET LTD.STI.;HASAN ÖNEL CAD. 70/C FİRUZKÖY AVCILAR İSTANBUL;(212) 4440117;www.isinrezistans.com;isinrezistans.com;TET - Elektrik ve Elektronik İhracatçıları Birliği
ATLAS TRAFO ANONİM ŞİRKETİ;PANCAR OSB 6.CADDE NO:4-Z01 TORBALI İZMİR;(232) 8641133;www.atlastrafo.com;atlastrafo.com;TET - Elektrik ve Elektronik İhracatçıları Birliği
YILDIZ GAZ ARMATURLERI SAN.VE TIC.A.S.;AKÇABURGAZ MAH. 137. SOK. NO:5 ESENYURT İSTANBUL;(212) 4221190;www.yildizgaz.com.tr;yildizgaz.com.tr;TET - Elektrik ve Elektronik İhracatçıları Birliği
ELEKS DIŞ TİCARET ANONİM ŞİRKETİ;ESENTEPE MAH.KASAP SK. NO 15/1 KAT 5 KAĞITHANE İSTANBUL;(212) 7085048;www.eleks.com.tr;eleks.com.tr;TET - Elektrik ve Elektronik İhracatçıları Birliği
KABLOTEL SANAYİ VE TICARET LİMİTED ŞİRKETİ;30 AĞUSTOS CAD. HIZIR REİS SOK. NO.9 KARTAL İSTANBUL;02164426311;www.kablotel.com;kablotel.com;TET - Elektrik ve Elektronik İhracatçıları Birliği
ERKA SİSTEM MÜHENDİSLİK OTOMASYON SANAYİ VE TİCARET LİMİTED ŞİRKETİ;DİKİLİTAŞ MAHALLESİ EMİRHAN CADDESİ NO:81-83 İÇ KAPI NO:22 BEŞİKTAŞ İSTANBUL PK:34349 BEŞİKTAŞ İSTANBUL;(212) 2368500;www.erkasis.com;erkasis.com;TET - Elektrik ve Elektronik İhracatçıları Birliği
NATA İNŞAAT TURİZM TİC. VE SAN. A.Ş.;PLEVNE MAH. ÇATALCA SOKAK NO:238 SİNCAN ANKARA;(312) 2691232;www.nataholding.com;nataholding.com;TET - Elektrik ve Elektronik İhracatçıları Birliği
AMİRAL OTOMASYON SANAYİ VE TİCARET LTD.ŞTİ.;ÜÇEVLER MH BAYRAKTEPE SK NO:9A İÇ KAPI NO:1 NİLÜFER BURSA;(224) 0000000;www.amiralotomasyon.com;amiralotomasyon.com;TET - Elektrik ve Elektronik İhracatçıları Birliği
AERO MEDIKAL TURIZM TIBBI URUNLER VE ITHALAT IHRACAT SAN. TIC. LTD. STI.;PROF DR AHMET TANER KIŞLALI MAHALLESİ. 2785.CADDE NO:18/1 PROF DR AHMET TANER KIŞLALI MAHALLESİ ÇANKAYA ANKARA;(312) 2197776;www.aero-medical.net;aero-medical.net;TET - Elektrik ve Elektronik İhracatçıları Birliği
NUROL İNŞAAT VE TİCARET ANONİM ŞİRKETİ;MASLAK MAH. BÜYÜKDERE CAD. NUROL PLAZA NO:255 KAT:19 İÇ KAPI NO:1902 SARIYER İSTANBUL;(212) 2868010;https://www.nurolinsaat.com.tr/;nurolinsaat.com.tr;TET - Elektrik ve Elektronik İhracatçıları Birliği
ÇAĞBERK LOJİSTİK PAZARLAMA İÇ VE DIŞ TİCARET ANONİM ŞİRKETİ;BAHÇEŞEHİR 2 KISIM MH MERCEDES BULVARI 2 BLOK NO:24B/78 BAŞAKŞEHİR İSTANBUL;(212) 6384807;www.cagatay.com.tr;cagatay.com.tr;TET - Elektrik ve Elektronik İhracatçıları Birliği
KC PLASTIK KALIP SAN.VE TIC. LTD.STI.;ORTA MH.ERDEM SAN.SIT.B/1 BLOKNO:1-2-3 TUZLA İSTANBUL;02163040458;www.kcplastik.com.tr;kcplastik.com.tr;TET - Elektrik ve Elektronik İhracatçıları Birliği
UZMAN ELEKTRIK ELEKTRONIK SANAYI VE TICARET LTD.STI.;MALTEPE CAD. EMINTAS AKEL SAN SİT.NO.10/160-161-162 BAYRAMPAŞA İSTANBUL;02126128017;www.uzmanelk.com;uzmanelk.com;TET - Elektrik ve Elektronik İhracatçıları Birliği
GLOBAL MUTFAK ÜRÜNLERİ SANAYİ VE TİCARET LTD.ŞTİ.;ORUÇREİS MH TEKSTİLKENT CD TEKSTİLKENT B15 BLOK NO:10F/Z05 NO: 10F/Z05 ESENLER İSTANBUL;(850) 3053466;www.globalladenbau.com;globalladenbau.com;TET - Elektrik ve Elektronik İhracatçıları Birliği
PERKOTEK BILISIM LIMITED SIRKETI;MAHMUTBEY MAH. ORDU CAD. NO: 29 IÇ KAPI NO: 61 BAĞCILAR İSTANBUL;(850) 8118000;http://www.perkotek.com;perkotek.com;TET - Elektrik ve Elektronik İhracatçıları Birliği
BILTEK BILGISAYAR TEKNOLJISI SAN.VE TIC.A.S.;TEKSTİLKENT 10AS 101 A3 BLOK NO:22 ESENLER İSTANBUL;02122529991;www.biltekas.com;biltekas.com;TET - Elektrik ve Elektronik İhracatçıları Birliği
ATLANTİK ENDÜSTRİYEL MAKİNE KİMYA SANAYİ TİCARET ANONİM ŞİRKETİ;CADDEBOSTAN MAH. ETHEM EFENDİ CAD. UĞUR APT. NO.3/ KADIKÖY İSTANBUL;(216) 0000000;http://www.atlantikenterprise.com;atlantikenterprise.com;TET - Elektrik ve Elektronik İhracatçıları Birliği
GALVA METAL SAN.VE TİC.A.Ş.;SARIMEŞE MAH. BİNGAZİ SOK. NO.17/A SARIMEŞE(AKMEŞE) KARTEPE KOCAELİ;(262) 3716016;www.galvametal.com.tr;galvametal.com.tr;TET - Elektrik ve Elektronik İhracatçıları Birliği
AR AVIZE MADENI ESYA IML.SAN. TIC.LTD.STI.;KAĞITHANE CADDESİ NO:26/2B MİMARAN PLAZA ÇAĞLAYAN GÜRSEL ŞİŞLİ, İSTANBUL, TÜRKİYE ŞİŞLİ İSTANBUL;(212) 2244380;www.aravize.com;aravize.com;TET - Elektrik ve Elektronik İhracatçıları Birliği
REYNAERS ALÜMİNYUM ÜRETİM SAN. VE TİC. LTD. ŞTİ.;ESENTEPE MH 23 TEMMUZ SK NO:5 ŞİŞLİ İSTANBUL;(212) 4656032;www.reynaers.com.tr;reynaers.com.tr;TET - Elektrik ve Elektronik İhracatçıları Birliği
GAZAR GAZ ARMATÜRLERİ SANAYİ VE TİCARET LİMİTED ŞİRKETİ;İKİTELLİ OSB MH İPKAS SAN SİT 3 ETAP D BLOK NO:34 BAŞAKŞEHİR İSTANBUL;(212) 0000000;www.gazar.com.tr;gazar.com.tr;TET - Elektrik ve Elektronik İhracatçıları Birliği
ETI MIMARLIK DEKORASYON INŞAAT TAAHHÜT TİCARET ANONİM ŞİRKETİ;Y.OGUZ GOKER CAD.8 GAZETICILERSIT. A-2 NO 60 BEŞİKTAŞ İSTANBUL;02122684040;www.etimimarlik.com;etimimarlik.com;TET - Elektrik ve Elektronik İhracatçıları Birliği
MFM MÜHENDİSLİK MAKİNA SANAYİ ANONİM ŞİRKETİ;İOSB MAH TRİOS 2023 A BLOK SOK DERSAN SİTESİ A BLOK NO:1/69 BAŞAKŞEHİR İSTANBUL;(212) 6716043;www.mfmmuhendislik.com;mfmmuhendislik.com;TET - Elektrik ve Elektronik İhracatçıları Birliği
NOKIA SOLUTIONS NETWORKS ILETISIM A.S.;DUDULLU O.S.B. 2. CAD NO: 17/1 K: 2 ÜMRANİYE İSTANBUL;;www.nokia.com.tr;nokia.com.tr;TET - Elektrik ve Elektronik İhracatçıları Birliği
SANLI AYDINLATMA SAN.TİC.LTD.ŞTİ;CUMHURIYET MAH.HILAL CAD.NO.12G.O.PAŞA SULTANGAZİ İSTANBUL;(212) 6685323;www.sanliplastik.com.tr;sanliplastik.com.tr;TET - Elektrik ve Elektronik İhracatçıları Birliği
AKGE TEKNOLOJİ LİMİTED ŞİRKETİ;ZAFER MAH. 175. SK. CENTRAL HILL B NO: 3 B İÇ KAPINO: 2 ESENYURT İSTANBUL;(212) 0000000;http://www.akgeteknoloji.com;akgeteknoloji.com;TET - Elektrik ve Elektronik İhracatçıları Birliği
MSC GLEICHMANN TURKEY MÜH.İTH.İHR.SAN.VE TİC.LTD.ŞTİ;İNÖNÜ CAD. SEYLAN İŞ MERK. NO:83 KOZYATAĞI KADIKÖY İSTANBUL;(216) 4112333;www.msc-ge.com;msc-ge.com;TET - Elektrik ve Elektronik İhracatçıları Birliği
DELSA BİLGİ VE SAVUNMA TEKNOLOJİLERİ SANAYİ VE TİCARET ANONİM ŞİRKETİ;TOPÇULAR MAH.TİKVEŞLİ SOK.NEF2 NO:4/3A EYÜP İSTANBUL;(212) 9700970;http://delsa.com.tr;delsa.com.tr;TET - Elektrik ve Elektronik İhracatçıları Birliği
ROUTE MEDİKAL VE KOZMETK DIŞ TİCARET LİMİTED ŞİRKETİ;YAPRACIK MAHALLESİ, 3287. CADDE, WEST PARK C BLOK, NO:1C İÇ KAPI NO:21 ETİMESGUT ANKARA;(312) 0000000;www.route-med.com;route-med.com;TET - Elektrik ve Elektronik İhracatçıları Birliği
ÖNCÜ DENTAL TIBBİ MALZEME SANAYİ VE DIŞ TİCARET ANONİM ŞİRKETİ;MOLA ŞEREF MAH OĞUZHAN CAD N:45 FATİH İSTANBUL;(212) 6215140;www.oncudental.com;oncudental.com;TET - Elektrik ve Elektronik İhracatçıları Birliği
ARMESAN ELEKTRİK SANAYİ VE TİCARET LİMİTED ŞİRKETİ;MİMSAN SAN.SİT. 1719 SOK. NO:1-3ORHANGAZİ MAH. ESENYURT İSTANBUL;(212) 6723011;www.armesan.com.tr;armesan.com.tr;TET - Elektrik ve Elektronik İhracatçıları Birliği
INTFARMA ILAC KOZMETIK VE MED. URUNL.TIC.LTD.STI.;SOGANLI MAH. SELİT SELİMPAŞA CAD YEŞİLTEPE SK NO.23 BAHÇELİEVLER BAHÇELİEVLER İSTANBUL;(212) 6773318;www.intfarma.com;intfarma.com;TET - Elektrik ve Elektronik İhracatçıları Birliği
MEKA KABLO PLASTİK İMALAT VE ESTELASYON SAN.TİC.LTD.ŞTİ.;KÜMBET HATUN MAH. OSB. 4. CAD. NO:19 MERZİFON AMASYA;(358) 5050054;http://www.mekakablo.com.tr;mekakablo.com.tr;TET - Elektrik ve Elektronik İhracatçıları Birliği
PROSİSTA YAPI SİSTEMLERİ SANAYİ DIŞ TİCARET ANONİM ŞİRKETİ;PİAZZA OFİS CEVİZLİ MH TUGAY YOLU CD NO:69A KAT:19/19A MALTEPE İSTANBUL;(000) 4445772;www.prosista.com;prosista.com;TET - Elektrik ve Elektronik İhracatçıları Birliği
FİZYOMED TIBBİ CİHAZLAR İTHALAT İHRACAT SANAYİ VE TİCARET LİMİTED ŞİRKETİ;İVEDİK ORG. SAN. 1354 CAD. 1376 SOKAKAĞAÇ İŞLERİ YAPI KOOP. NO:34 YENİMAHALLE ANKARA;(312) 3944747;www.fizyomed.com.tr;fizyomed.com.tr;TET - Elektrik ve Elektronik İhracatçıları Birliği
HAKMAN ELEKTRONİK SAN. VE TİC. A.Ş.;DİKİLİTAŞ MAH.EMİRHAN CAD. NO:113 K:5BARBAROS PLAZA İŞ MERKZ. BEŞİKTAŞ İSTANBUL;(212) 2171160;http://www.hakman.com.tr;hakman.com.tr;TET - Elektrik ve Elektronik İhracatçıları Birliği
ORİON REZİSTANS VE TEKNOLOJİ ÜRÜN. SAN. TİC. LTD. ŞTİ.;ŞERİFALİ MAH. EDEP SOK. NO.38 YUKARIDUDULLU ÜMRANİYE İSTANBUL;(216) 5279701;www.orionrezistans.com;orionrezistans.com;TET - Elektrik ve Elektronik İhracatçıları Birliği
RUALİGHT AYDINLATMA SANAYİ VE TİCARET LİMİTED ŞİRKETİ;KAVACIK MAHALLESİ SANAL SOKAK NO:37/Z BEYKOZ İSTANBUL;(216) 4659651;www.rualight.com.tr;rualight.com.tr;TET - Elektrik ve Elektronik İhracatçıları Birliği
EPLEPLAST PLASTİK SANAYİ TİCARET VE LİMİTED ŞİRKETİ;ÇORAKLAR MAHALLESİ 5015 SK. NO: 9-13 KÖYLER ALİAĞA İZMİR;(232) 9660015;www.epleplast.com;epleplast.com;TET - Elektrik ve Elektronik İhracatçıları Birliği
SELUZ KİMYA KOZMETİK TİCARET VE SANAYİ ANONİM ŞİRKETİ;SELİMPAŞA YENİ SAN.BÖL.6043 SOK. NO.6 SELİMPAŞA SİLİVRİ İSTANBUL;(212) 7343636;www.seluz.com;seluz.com;TET - Elektrik ve Elektronik İhracatçıları Birliği
DEVTEK BILISIM ELEKTRONIK SAN. TIC.LTD.STI.;KAPTANPAŞA MAH. PİYALEPAŞA BULV.FAMAS PLAZA B BLOK K.15 NO.105-108 OKMEYDANI ŞİŞLİ İSTANBUL;(212) 5822307;www.easymediasuite.com;easymediasuite.com;TET - Elektrik ve Elektronik İhracatçıları Birliği
GÜRSAN TEKNİK HİZMETLER A.Ş.;GÜMÜŞSUYU MAHALLESİ İNÖNÜ CADDESİ MARMARA APARTMANNO:45/5 BEYOĞLU İSTANBUL;(212) 2925750;http://www.gursanteknik.com;gursanteknik.com;TET - Elektrik ve Elektronik İhracatçıları Birliği
ERKAN ELEK.END.GERECL.VE OTOM. TIC.LTD.STI.;ATATÜRK CAD. SANAYİ SOK. EKİN SAN. SİT. A-2 BLOK NO:16 YUKARIDUDULLU ÜMRANİYE İSTANBUL;(216) 5272218;www.erkanelektrik.com.tr;erkanelektrik.com.tr;TET - Elektrik ve Elektronik İhracatçıları Birliği
NİKİ ELEKTRONİK LED AYDINLATMA ÜRÜNLERİ ÜRETİM PAZ. A.Ş.;Y.DUDULLU MAH.NECİP FAZIL BULV.KEYAP SİT.E2 BLOK N:44/68 ÜMRANİYE İSTANBUL;(216) 4200280;www.nikielektronik.com;nikielektronik.com;TET - Elektrik ve Elektronik İhracatçıları Birliği
EVKON ELEKTRİK ELEKTRONİK OTOMOTİV SAN. VE TİC. LTD. ŞTİ.;MUSTAFA KEMAL MAH. 2136.SOK. NO:4/8 ÇANKAYA ANKARA;;www.evkonotomasyon.com;evkonotomasyon.com;TET - Elektrik ve Elektronik İhracatçıları Birliği
AIM ENDÜSTRİYEL MUTFAK DIŞ TİCARET LİMİTED ŞİRKETİ;MERKEZ MH. DAP VADİSİ S BLOK KAĞITHANE İSTANBUL;(212) 9823891;www.aimgastro.com;aimgastro.com;TET - Elektrik ve Elektronik İhracatçıları Birliği
SLİPRİNG ELEKTRİK VE AKIŞKAN MALZEMELERİ SANAYİ VE TİCARET A.Ş.;İKİTELLİ OSB MAHALLESİ TRİKO DOKUMACILAR SANAYİ SİTESİ M9 BLOK NO:001 BAŞAKŞEHİR İSTANBUL;(212) 5676677;www.sliprings.com.tr;sliprings.com.tr;TET - Elektrik ve Elektronik İhracatçıları Birliği
KOZ PLASTİK KART SİS.REKL. SAN.VE TİC.LTD.ŞTİ.;ESENŞEHİR MAH. HALE SOKAK-SİTESİBLOK NO:10A ÜMRANİYE İSTANBUL;(212) 7594650;www.kozkart.com.tr;kozkart.com.tr;TET - Elektrik ve Elektronik İhracatçıları Birliği
TTL TEKNOLOJİ PROJE TAAHHÜT SANAYİ VE TİCARET LİMİTED ŞİRKETİ;OSB BİLİM CADDESİ 1 NOLU PİRAMİT NO:1/2 ODUNPAZARI/ESKİŞEHİR PK:26110 ODUNPAZARI ESKİŞEHİR;(222) 2262230;www.ttl.com.tr;ttl.com.tr;TET - Elektrik ve Elektronik İhracatçıları Birliği
MEGA SENSÖR VE OTOMASYON SİSTEMLERİ SANAYİ VE TİCARET LTD.ŞTİ.;PERPA TIC. MERK. A BLK K.2 NO.13-14 OKMEYDANI ŞİŞLİ İSTANBUL;02123200411;www.megateknik.com;megateknik.com;TET - Elektrik ve Elektronik İhracatçıları Birliği
LONCA MAKİNA SANAYİ TİCARET ANONİM ŞİRKETİ;FERHATPAŞA MAHALLESİ GAZİ CADDESİ NO:104-A ATAŞEHİR İSTANBUL;(216) 5050555;www.ensim.com.tr;ensim.com.tr;TET - Elektrik ve Elektronik İhracatçıları Birliği
AKKARSAN ENDÜSTRİYEL ELEKTRONIK SANAYİ TİCARET LİMİTED ŞİRKETİ;ARAPÇEŞME MAH KAVAK CD NO:85/B GEBZE KOCAELİ;(262) 6447375;http://www.akkarsan.com;akkarsan.com;TET - Elektrik ve Elektronik İhracatçıları Birliği
ELEKTROLOJIK ENERJI TEKNOLOJ. MUH.SAN.VE TIC.LTD.STI.;BATI SİTESİ MAH 2308.CAD N:29 YENİMAHALLE ANKARA;(312) 2783876;www.elektrolojik.com.tr;elektrolojik.com.tr;TET - Elektrik ve Elektronik İhracatçıları Birliği
BETA MARİN YAT ELEKTRİK MALZEMELERİ A.Ş.;POSTANE MAH. ACAR SOK. DENİS PARK SİT. NO2/A TUZLA İSTANBUL;(216) 0000000;https://www.betamarinstore.com/;betamarinstore.com;TET - Elektrik ve Elektronik İhracatçıları Birliği
AKBAY TEKNİK HIRDAVAT PAZARLAMA VE DIŞ TİC. LTD. ŞTİ.;TOZKOPARAN MH GENERAL ALİ RIZA GÜRCAN CD ALPARSLAN İS MERK A BLOKNO:29/11 GÜNGÖREN İSTANBUL;(212) 6505555;www.akbayteknikhirdavat.com;akbayteknikhirdavat.com;TET - Elektrik ve Elektronik İhracatçıları Birliği
UNITED GROUP TESİS DESTEK HİZMETLERİ ANONİM ŞİRKETİ;ÖRNEKTEPE MH. İMRAHOR CAD. SİVASELİ SK. N.4/4 BEYOĞLU İSTANBUL;(212) 4387878;http://www.unitedgroup.com.tr;unitedgroup.com.tr;TET - Elektrik ve Elektronik İhracatçıları Birliği
TEKNODAK PLASTİK KALIP SANAYİ ANONİM ŞİRKETİ;KÖŞKLÜÇEŞME MAH.565 SK.NO:4 GEBZE KOCAELİ;(262) 6429560;www.teknodak.com.tr;teknodak.com.tr;TET - Elektrik ve Elektronik İhracatçıları Birliği
OPENZEKA TEKNOLOJİ ANONİM ŞİRKETİ;ÜNİVERSİTELER MAH.1605 CAD.NO:3/1-Z04 ÇANKAYA ÇANKAYA ANKARA;(312) 2662055;www.openzeka.com;openzeka.com;TET - Elektrik ve Elektronik İhracatçıları Birliği
EPTA ESKİŞEHİR METAL VE KABLO SANAYİ VE TİCARET LİMİTED ŞİRKETİ;75. YIL OSB MAH. 2002 CAD. NO:3 ODUNPAZARI ESKİŞEHİR;(222) 2362233;www.epta.com.tr;epta.com.tr;TET - Elektrik ve Elektronik İhracatçıları Birliği
VİDEOJET TECHNOLOGİES ÜRÜN KODLAMA VE ETİK. DAN.VE TİC.LTD.ŞTİ.;KÜÇÜKBAKKALKÖY MAH. RÜYA SOK. NO.11ÇUBUKÇUOĞLU PLAZA ATAŞEHİR İSTANBUL;(216) 5757484;www.videojet.com.tr;videojet.com.tr;TET - Elektrik ve Elektronik İhracatçıları Birliği
TURKISH MEDICAL GROUP SAĞLIK HİZMETLERİ ANONİM ŞİRKETİ;ALTUNIZADE MAH. DADASLAR SK. AYDOGAN PLAZA NO: 23 IÇ KAPI NO: 10 ÜSKÜDAR İSTANBUL;(216) 0000000;http://www.turkishmg.com;turkishmg.com;TET - Elektrik ve Elektronik İhracatçıları Birliği
MCS FACTORY DIGITALIZATION ENDÜSTRİYEL BİLİŞİM TEKNOLOJİLERİ LİMİTED ŞİRKETİ;ARMAĞANEVLER MAH.MİTHATPAŞA CAD.NO.148/13 ÜMRANİYE İSTANBUL;(216) 5050701;http://www.mfd.com.tr;mfd.com.tr;TET - Elektrik ve Elektronik İhracatçıları Birliği
MERKO İLAÇ VE KİMYEVİ DIŞ TİCARET LTD STİ;ORUÇREİS MAH. TEKSTİLKENT CAD.TEKSTİLKENTBLOK A NO:12B/011 ESENLER İSTANBUL;;merkopharm.com.tr;merkopharm.com.tr;TET - Elektrik ve Elektronik İhracatçıları Birliği
NAMOĞLU BÜRO MAKİNELERİ BİLG.SAT.SER.VE DAN.HİZM.LTD.ŞTİ.;YEŞİLCE MAH.DALGIÇ SOK.NO:1/A KAĞITHANE İSTANBUL;(212) 3253501;www.namoglu.com.tr;namoglu.com.tr;TET - Elektrik ve Elektronik İhracatçıları Birliği
KONYALI SAAT SAN.PAZ.VE TIC.A. Ş;MEHMET AKIF MAH. BAHARIYE CAD. 1.SÜLÜN SOK. NO:59/2 KÜÇÜKÇEKMECE İSTANBUL;(212) 4943232;www.konyalisaat.com.tr;konyalisaat.com.tr;TET - Elektrik ve Elektronik İhracatçıları Birliği
ENPOS BİLİŞİM SAN. VE TİC. A.Ş.;MERDİVENKÖY MAH BUSİNESS İSTANBUL NUR SOKAK A BLOK NO:1/1 D:22 K:3 KADIKÖY İSTANBUL;;www.enpos.com.tr;enpos.com.tr;TET - Elektrik ve Elektronik İhracatçıları Birliği
LAVAGRAPH TONER VE BİLGİSAYAR SİSTEMLERİ İTHALAT İHRACAT DIŞ TİCARET LİMİTED ŞİRKETİ;AYDINTEPE MAH. AYDINLI YOLU CAD. NO:19/1 TUZLA İSTANBUL;(216) 4505930;www.lavagraph.com;lavagraph.com;TET - Elektrik ve Elektronik İhracatçıları Birliği
KENT GLOBAL PARK DIŞ TİCARET ANONİM ŞİRKETİ;PELİN SOK NO: 1 YENİTEPE KADIKÖY SİTESİ 2.ETAP B BLOK D:185 DUMLUPINAR MAH KADIKÖY İSTANBUL;;http://www.kentglobalpark.com;kentglobalpark.com;TET - Elektrik ve Elektronik İhracatçıları Birliği
AVS MÜHENDİSLİK VALİDASYON TEST HİZMETLERİ LİMİTED ŞİRKETİ;MUSTAFA KEMAL MAHALLESİ 2118. CADDE NO:4A/132 ÇANKAYA ANKARA;(312) 0000000;http://www.avs.com.tr;avs.com.tr;TET - Elektrik ve Elektronik İhracatçıları Birliği
SET RAF SANAYİ TİCARET LİMİTED ŞİRKETİ;ÇAKMAK MH ALEMDAĞ CD NO:480B ÜMRANİYE İSTANBUL;(216) 5278635;www.setraf.com;setraf.com;TET - Elektrik ve Elektronik İhracatçıları Birliği
VOLTRAN TECH İÇ VE DIŞ TİCARET LİMİTED ŞİRKETİ;KÜÇÜKBAKKALKÖY MAH. DEREBOYU CAD. NO:3/A BRANDİUM ATAŞEHİR RESİDENCE R5 BLOK D:48 ATAŞEHİR İSTANBUL;;http://www.voltrantech.com;voltrantech.com;TET - Elektrik ve Elektronik İhracatçıları Birliği
EXOKABİN PANO VE ELEKTRİK SİSTEMLERİ SANAYİ TİCARET LİMİTED ŞİRKETİ;ORUÇREİS MAHALLESİ TEKSTİLKENT CADDESİTEKSTİLKENT SİTESİ A18 BLOK NO: 10L İÇ KAPI NO: Z03 ESENLER İSTANBUL;(212) 9099821;http://www.exokabin.com.tr;exokabin.com.tr;TET - Elektrik ve Elektronik İhracatçıları Birliği
OTELÜRÜNLERİ TEKSTİL SANAYİ VE TİCARET LİMİTED ŞİRKETİ;YENİMAHALLE E-5 KUZEY YAN YOL CADD.NO:65 BÜYÜKÇEKMECE İSTANBUL;(212) 5801590;www.otelurunleri.com;otelurunleri.com;TET - Elektrik ve Elektronik İhracatçıları Birliği
HAN İLERİ TEKNOLOJİ VE ENDÜSTRİ SANAYİ TİCARET ANONİM ŞİRKETİ;MUTLUKENT MAH, 2072 SOKAK, NO:12 ÇANKAYA ANKARA;;http://www.hanendustrisanayi.com;hanendustrisanayi.com;TET - Elektrik ve Elektronik İhracatçıları Birliği
ERSOY DENTAL TIBBİ GEREÇLER SANAYİ VE TİCARET LİMİTED ŞİRKETİ;İSTİKLAL MAH. 53.SK. NO: 39 İÇ KAPI NO: 1 TEKKEKÖY SAMSUN;(362) 2313434;www.ersoydental.com;ersoydental.com;TET - Elektrik ve Elektronik İhracatçıları Birliği
GDF ELEKTRİK ELEKTRONİK VE OTOMASYON SANAYİ VE TİCARET LİMİTED ŞİRKETİ;KARACAOĞLAN MAH. BORNOVA CAD. NO: 13/A İZMİR/BORNOVA 35040 BORNOVA, İZMIR, TÜRKİYE BORNOVA İZMİR;(232) 4722006;http://www.gdfelectric.com;gdfelectric.com;TET - Elektrik ve Elektronik İhracatçıları Birliği
TES TUM ELEKTRONIK SERVIS VE SATIS HIZ.TIC.SAN.LTD.STI.;MIMAR SINAN CAD.NO.56/A GÜNEŞLİ BAĞCILAR İSTANBUL;02126300707;www.teslimited.com;teslimited.com;TET - Elektrik ve Elektronik İhracatçıları Birliği
DIKO ELEKTRIKLI CIHAZLAR SAN. VE TICARET A.S.;IMES SAN.SIT. A BLOK 101 SOK.NO:8 ÜMRANİYE İSTANBUL;02163142626;www.diko.com.tr;diko.com.tr;TET - Elektrik ve Elektronik İhracatçıları Birliği
CANCAN MEYVE PRESLERİ SANAYİ VE TİCARET LTD. ŞTİ.;YEŞİLTEPE MAHALLESİ 8030 SOKAK NO:15ERENLER Merkez SAKARYA;(264) 2914944;www.cancanmakina.com;cancanmakina.com;TET - Elektrik ve Elektronik İhracatçıları Birliği
KEY ART MEDİKAL SANAYİ VE TİCARET ANONİM ŞİRKETİ;KEMALPAŞA MAHALLESİ 7108 SK N:2/2 BORNOVA İZMİR;(232) 4635544;www.keyartmedikal.com;keyartmedikal.com;TET - Elektrik ve Elektronik İhracatçıları Birliği
FLUIDRA TR SU VE HAVUZ EKİPMANLARI SANAYİ VE TİC.A.Ş.;AYDINLI MAH.BİRLİK O.S.B 1 NOLU CAD. NO:3 AYDINLI TUZLA İSTANBUL;(216) 3870556;www.fluidra.com;fluidra.com;TET - Elektrik ve Elektronik İhracatçıları Birliği
EVA ANALİZ SİSTEMLERİ GIDA VE MÜH.SAN.TİC.LTD.ŞTİ.;YURT MAH. SÜLEYMAN DEMİREL BLV. ÖZTEP PLAZA A BLOKNO:67 A ÇUKUROVA / ADANA ÇUKUROVA ADANA;(322) 2482424;https://www.evalab.net/;evalab.net;TET - Elektrik ve Elektronik İhracatçıları Birliği
TEKSDATA YAZILIM VE OTOMASYON SİSTEMLERİ LİMİTED ŞİRKETİ;İKİTELLİ OSB MAH. YTÜ İKİTELLİ TEKNOPARK SK. YILDIZ TEKNİK ÜNİV. TEKNOPARK NO:1 İÇ KAPI NO:202 BAŞAKŞEHİR İSTANBUL;(212) 4246185;http://www.teksdata.com;teksdata.com;TET - Elektrik ve Elektronik İhracatçıları Birliği
LETTA BİLGİ İLETİŞİM TEKNOLOJİLERİ DONANIM VE YAZILIM AR.GE.SAN.TİC.A.Ş.;MUALLİM MAH. DENİZ CAD.NO:143/5 A7 BLOK KAT 1 NO:12,13 GEBZE KOCAELİ;(262) 6412020;http://www.letta.com.tr;letta.com.tr;TET - Elektrik ve Elektronik İhracatçıları Birliği
BİOMEGA MEDİKAL VE LABORATUAR HİZM. DIŞ TİC. LTD.ŞTİ.;SÜLEYMAN SEBA CAD. AKARETLER SIRAEVLER NO:E2/8 BEŞİKTAŞ İSTANBUL;(212) 2598377;www.biomega.com.tr;biomega.com.tr;TET - Elektrik ve Elektronik İhracatçıları Birliği
RITIM GRUP TIBBI CIH.ELK.SAN.TİC.A.Ş.;İVEDİK O.S.B 2224.CD. NO:1/216PK:06378 YENİMAHALLE ANKARA;(312) 2560030;www.ritimport.com;ritimport.com;TET - Elektrik ve Elektronik İhracatçıları Birliği
TORKAM İNŞAAT VE YATIRIM ANONİM ŞİRKETİ;GÖZTEPE MH. BATIŞEHİR CD BATIŞEHİR SİT K BLOK NO:2 KAT:15/151 GÖZTEPE BAĞCILAR İSTANBUL;(212) 6592380;www.turkam.com.tr;turkam.com.tr;TET - Elektrik ve Elektronik İhracatçıları Birliği
ECE SERAMİK AKRİLİK KİMYA SANAYİ VE TİCARET LİMİTED ŞİRKETİ;BARTIN KARAYOLU 17.KM. ÇAYCUMA ZONGULDAK;03726283800;www.formina.com.tr;formina.com.tr;TET - Elektrik ve Elektronik İhracatçıları Birliği
TMS KONTROL VE TEKNOLOJI YÖNETİM SİSTEMLERİ LTD.ŞTI;ANADOLU CAD. 8001/3 SOKAK NO:53 AYAZ AP K:2 D:2 ATAŞEHİR MAH 35610 ÇİĞLİ, İZMİR, TÜRKİYE ÇİĞLİ İZMİR;;www.tms.gen.tr;tms.gen.tr;TET - Elektrik ve Elektronik İhracatçıları Birliği
BLG KİMYA TEKNOLOJİLERİ SAN.VE TİC.LTD.ŞTİ.;BİLMO KÜÇÜK SAN. SİT. AYDINLI MAH. YANYOL CAD. MELODİ SOK. NO:2/17 TUZLA İSTANBUL;(216) 4554371;www.blgkimya.com;blgkimya.com;TET - Elektrik ve Elektronik İhracatçıları Birliği
CNC İLERİ TEKNOLOJİ VE TİCARET A.Ş.;FERHATPAŞA MAH. ATATÜRK CAD. ÇATALCA UN SAN. SİT. 96 B1 / 96 C ÇATALCA İSTANBUL;(212) 7866200;www.cnc.com.tr;cnc.com.tr;TET - Elektrik ve Elektronik İhracatçıları Birliği
FIBRE TEKSTİL TURİZM İNŞAAT SAN.VE TİC.LTD.ŞTİ;BOĞAZKÖY İSTİKLAL MAH. SEVDA SOK. NO:61/A ARNAVUTKÖY İSTANBUL;(212) 6594883;www.fibreteks.com.tr;fibreteks.com.tr;TET - Elektrik ve Elektronik İhracatçıları Birliği
LİKİT KİMYA SANAYİ VE TİCARET ANONİM ŞİRKETİ;NARTANESİ SOKAK NO:16 A ATAŞEHİR İSTANBUL KÜÇÜKBAKKALKÖY 34755 ATAŞEHİR, İSTANBUL, TÜRKİYE ATAŞEHİR İSTANBUL;(216) 4993000;www.likitkimya.com;likitkimya.com;TET - Elektrik ve Elektronik İhracatçıları Birliği
WÖMNER ENERJİ SANAYİ VE TİCARET ANONİM ŞİRKETİ;SANAYİ MAH.TEKNOPARK BUL.NO:1/4C İÇ KAPI NO :Z08 PENDİK İSTANBUL;(216) 9990018;http://www.womner.com;womner.com;TET - Elektrik ve Elektronik İhracatçıları Birliği
MAKYOL İNŞAAT SANAYİ TURİZM VE TİCARET ANONİM ŞİRKETİ;TEPECİK CAD. MELODİ SK. İTÜ BLOKLARI, E BLOK, BEŞİKTAŞ İSTANBUL;(212) 3514151;http://www.makyol.com.tr/tr;makyol.com.tr;TET - Elektrik ve Elektronik İhracatçıları Birliği
ELLA PRODUCTS DIŞ TİCARET LİMİTED ŞİRKETİ;ALTINTEPE MH. İSTASYON YOLU SK. NO:3 MALTEPE İSTANBUL;(216) 4723892;www.rmitment.com;rmitment.com;TET - Elektrik ve Elektronik İhracatçıları Birliği
ATEKSIS PROFESYONEL SES VE GORUNTU SIST.SAN.VE TIC.LTD.ST;ŞERİFALİ MAH. İBRAHİM HAKKI SOK. NO:34, ÜMRANİYE İSTANBUL;(216) 4259966;www.ateksis.com;ateksis.com;TET - Elektrik ve Elektronik İhracatçıları Birliği
KOHLER ELEKTRIK SAYACLARI SAN. VE TIC.AS;BANKALAR CAD. YANIKKAPI TENHA SOK.UÇARLAR HAN NO.8 BEYOĞLU İSTANBUL;(212) 2568190;www.kohlersayac.com.tr;kohlersayac.com.tr;TET - Elektrik ve Elektronik İhracatçıları Birliği
KUTAY LABORATUAR CIHAZLARI TICARET A.S.;LEVENT C. KIRIZANTEM S. NO: 62 levent BEŞİKTAŞ İSTANBUL;02122829700;www.kutaygroup.com;kutaygroup.com;TET - Elektrik ve Elektronik İhracatçıları Birliği
MONADOR OTOMATİK KAPI SİS. SAN. VE TİC. A. Ş.;MECİDİYEKÖY MAH. GÜVENEVLER SOKAK NO: 12/A MECİDİYEKÖY ŞİŞLİ İSTANBUL;;www.monacor.com.tr;monacor.com.tr;TET - Elektrik ve Elektronik İhracatçıları Birliği
ÖZEN GLOBAL DIŞ TİCARET LTD.ŞTİ.;ORUCREİS MH TEKSTİLKENT CD ARA BLOK NO:27-28-8-9 ESENLER İSTANBUL;;www.ozen-global.com;ozen-global.com;TET - Elektrik ve Elektronik İhracatçıları Birliği
BIO MERIEUX DIAGNOSTIK MALZ. VE HIZM.TIC.A.S.;IŞIKLAR CAD. NO.29 ATAŞEHİR İSTANBUL;(216) 4440083;www.biomerieux.com.tr;biomerieux.com.tr;TET - Elektrik ve Elektronik İhracatçıları Birliği
ENKAEOS ELEKTRİK ELEKTRONİK ANONİM ŞİRKETİ;DUDULLU OSB MAH. İMES-302 SK. İMES C NO: 11 PK:34775 ÜMRANİYE/İSTANBUL ÜMRANİYE İSTANBUL;(216) 3640888;www.enkaeos.com;enkaeos.com;TET - Elektrik ve Elektronik İhracatçıları Birliği
ULTRASONİK NDT KALİTE KONTROL CİH.VE HİZ.LTD.ŞTİ;ŞERİFALİ MAH.BÜYÜKYAVUZ SOK.A APT.NO:31/53 ÜMRANİYE İSTANBUL;(216) 6293056;http://www.ultrasonik-ndt.com;ultrasonik-ndt.com;TET - Elektrik ve Elektronik İhracatçıları Birliği
GÜNSU ENERJİ SİST.KONFOR TESİS. SAN. TİC.A.Ş.;ANTALYA ORGANİZE SAN. BÖL. 1. KISIM ATATÜRK BUL. NO:25 DÖŞEMEALTI ANTALYA;(242) 2581140;www.gunsu.com.tr;gunsu.com.tr;TET - Elektrik ve Elektronik İhracatçıları Birliği
NOVA GÜÇ AKTARIM VE HAREKET SİSTEMLERİ SANAYİ TİCARET ANONİM ŞİRKETİ;100/5 SK. NO:3 ULUS MAH. MENEMEN İZMİR;(232) 3283639;www.novaguc.com;novaguc.com;TET - Elektrik ve Elektronik İhracatçıları Birliği
SOELPEC TEKNOLOJİ LİMİTED STİ;TURKALİ MAH. MECİT ALİ SOK. ALPER APT. NO:16/3 BEŞİKTAŞ İSTANBUL;(212) 0000000;http://www.soelpec.com;soelpec.com;TET - Elektrik ve Elektronik İhracatçıları Birliği
YILTEKNİK ENERJİ SANAYİ VE TİCARET A.Ş.;ATA MAH. SAN. CAD. NO:6 GEMLİK BURSA PK:16600 GEMLİK BURSA;(224) 5190070;www.yilteknik.com;yilteknik.com;TET - Elektrik ve Elektronik İhracatçıları Birliği
ÜÇGE DIŞ TİCARET VE PAZARLAMA A.Ş.;IŞIKTEPEOSB MAH. KAHVERENGİ CD. NO:16 NİLÜFER BURSA;(224) 2800000;www.ucge.com;ucge.com;TET - Elektrik ve Elektronik İhracatçıları Birliği
NURSAN CNC METAL İŞLEME SAN. VE TİC. LTD. ŞTİ.;IMES SAN.SIT.A BLOK 101.SK.N.1 ÜMRANİYE İSTANBUL;(216) 4156556;http://www.nursancnc.com;nursancnc.com;TET - Elektrik ve Elektronik İhracatçıları Birliği
KUMRU TABELA REKLAM SANAYİ VE TİCARET LİMİTED ŞİRKETİ;FEVZİÇAKMAK MAH. BÜSAN ÖZEL ORG.SAN.BÖL.MİLENYUM CAD. NO:19/C KARATAY KONYA;(332) 3450290;http://bilgi@kumrutabela.com.tr;bilgi@kumrutabela.com.tr;TET - Elektrik ve Elektronik İhracatçıları Birliği
ENSEL ELEKTRİK MALZ.SAN VE DIŞ TİC LTD ŞTİ;PERPA TİC MRK A BLOK K 5 NO 92 ŞİŞLİ İSTANBUL;(212) 3203606;www.ensel.com.tr;ensel.com.tr;TET - Elektrik ve Elektronik İhracatçıları Birliği
MİL YAPI PROFİL MAKİNE İNŞAAT TAAHHÜT SAN. VE TİC. LTD. ŞTİ.;İ.O.S.B HESKKOP SAN. SİT. M3 BLOK NO:43 BAŞAKŞEHİR İSTANBUL;(212) 6701044;www.milmakina.net;milmakina.net;TET - Elektrik ve Elektronik İhracatçıları Birliği
MİKROLİNK BİLİŞİM SAN.TİC.A.Ş.;BAĞLAR MAH. YALÇIN KOREŞ CAD. NO:16 BAĞCILAR İSTANBUL;(212) 5023810;www.mikrolink.com.tr;mikrolink.com.tr;TET - Elektrik ve Elektronik İhracatçıları Birliği
SUPERPAY ÖDEME HİZMETLERİ VE ELEKTRONİK PARA ANONİM ŞİRKETİ;HUZUR MAH. AZERBAYCAN CAD.B NO:4 B İÇ KAPI NO 210 SARIYER İSTANBUL;(212) 3009999;http://superpay.com.tr;superpay.com.tr;TET - Elektrik ve Elektronik İhracatçıları Birliği
DPİ TEKNOLOJİ ELEKTRİK ELEKTRONİK DAN. MÜH. İTH. VE İHR. TİC. LTD. ŞTİ.;MEŞRUTİYET MAHALLESİ KONUR SOKAKNO:25/13 ÇANKAYA ANKARA;(312) 0000000;http://www.dpiteknoloji.com.tr;dpiteknoloji.com.tr;TET - Elektrik ve Elektronik İhracatçıları Birliği
MOST MODERN SÜT TEKNOLOJİLERİ HAYVANCILIK GIDA PAZARLAMA İNŞAAT TAAHHÜT SANAYİ TİCARET A. Ş;CANBALI MAH. ÇAKILLIKUYU MEVKİİ NO.26 KARACABEY BURSA;(224) 6718572;www.mosttek.com;mosttek.com;TET - Elektrik ve Elektronik İhracatçıları Birliği
POSSLIM BİLİŞİM TEKN.LTD.ŞTİ;ÇAĞLAYAN MAH.TAFLAN SOK. NO:11/5 KAĞITHANE İSTANBUL;(212) 2708164;http://www.posslim.com/;posslim.com;TET - Elektrik ve Elektronik İhracatçıları Birliği
VOLTX ELEKTRİK MALZEMELERİ İNŞAAT TAAHHÜT SANAYİ VE DIŞ TİCARET LİMİTED ŞİRKETİ;PERPA TİCARET MERKEZİ B-BLOK KAT:8 NO:1094 OKMEYDANI ŞİŞLİ İSTANBUL;(212) 2101368;www.tfselektrik.com;tfselektrik.com;TET - Elektrik ve Elektronik İhracatçıları Birliği
PİMAK PROFESYONEL MUTFAK LİMİTED ŞİRKETİ;İKİTELLİ OSB MH ATATÜRK BULVARI ELİ M. TOKATLI İS MERKEZİ NO:112/4 BAŞAKŞEHİR İSTANBUL;(850) 4808084;www.pimak.com;pimak.com;TET - Elektrik ve Elektronik İhracatçıları Birliği
SO-TEC KUYUMCULUK MAK.SAN.VE PAZARLAMA LTD.STI.;EMINSINAN M.GEDIKPASA HAMAM CD. NO.5 D.2-3 SULTANAHMET FATİH İSTANBUL;(212) 4588902;www.sotecmakina.com;sotecmakina.com;TET - Elektrik ve Elektronik İhracatçıları Birliği
BURSA POZİTİF ELEKTROMARKET ELEKTRİK SANAYİ TİCARET LİMİTED ŞİRKETİ;ALAADDİNBEY MAHALLESİ 638. SOKAK NO 5 NİLÜFER BURSA;(224) 4350444;http://www.pozitifelektromarket.com;pozitifelektromarket.com;TET - Elektrik ve Elektronik İhracatçıları Birliği
ÖZGÜVEN TASARIM MİMARLIK İNŞAAT SANAYİ VE TİCARET A.Ş.;ORAN MAH. RAFET CANITEZ CAD. NO: 86 OR-AN ÇANKAYA ANKARA;(312) 4474262;www.ozguvenmimarlik.com;ozguvenmimarlik.com;TET - Elektrik ve Elektronik İhracatçıları Birliği
PAKOSAN ELEKTRONTEKNİK SANAYİ VE TİCARET A.Ş.;TERAZIDERE MAH. HAKAN SOK. NO.24 BAYRAMPAŞA İSTANBUL;02125670799;www.pakosan.com.tr;pakosan.com.tr;TET - Elektrik ve Elektronik İhracatçıları Birliği
MES MAKINA ELEKTRIK KIMYA SANAYI ANONİM ŞİRKETİ;DILOVASI ORG.SAN.BÖLGE. 3.KISIM GEDIZ CAD.N.17 41480 GEBZE KOCAELİ;;www.mesaluminium.com.tr;mesaluminium.com.tr;TET - Elektrik ve Elektronik İhracatçıları Birliği
EYD MÜHENDİSLİK ELEKTROMARKET TİCARET LİMİTED ŞİRKETİ;ŞERİFALİ MAHALLESİ GARİP SOKAK NO 39 B ÜMRANİYE ÜMRANİYE İSTANBUL;(216) 9993346;http://www.eydmuhendislik.com;eydmuhendislik.com;TET - Elektrik ve Elektronik İhracatçıları Birliği
FLOWERS COSMETİC BAKIM ÜRÜNLERİ SANAYİ VE TİCARET LİMİTED ŞİRKETİ;HADIMKÖY MH.HEYBELİ SOK.N:4/1 ARNAVUTKÖY ARNAVUTKÖY İSTANBUL;(850) 8551414;http://www.flowerscosmetic.com.tr;flowerscosmetic.com.tr;TET - Elektrik ve Elektronik İhracatçıları Birliği
AYGUN AYDINLATMA ELEKTRIK ELO. MALZ.SAN.VE TIC.LTD.STI.;PERPA TIC.MERKEZI A BLOKKAT.4-5-6 N:221 ŞİŞLİ İSTANBUL;02122102336;www.aygunaydinlatma.com.tr;aygunaydinlatma.com.tr;TET - Elektrik ve Elektronik İhracatçıları Birliği
SAKEN MEKATRONİK TİCARET LİMİTED ŞİRKETİ;29 EKİM MAH 10001 SOKAK EGE SIGINAK APT NO:50/4NO:50/4 MENEMEN İZMİR;(232) 8332696;www.sakenmechatronics.com.tr;sakenmechatronics.com.tr;TET - Elektrik ve Elektronik İhracatçıları Birliği
BAKSAN MAK.SAN. VE TIC.LTD.STI;VELI BABA SAN.SIT.A3BLOK NO:25 PENDİK İSTANBUL;(216) 3077200;www.baksanmakina.com.tr;baksanmakina.com.tr;TET - Elektrik ve Elektronik İhracatçıları Birliği
CE MEDİKAL DANIŞMANLIK VE DIŞ TİCARET LİMİTED ŞİRKETİ;5 LEVENT MAHALLESİ 15 TEMMUZ CAD. NO 10 5 LEVENT A1 BLOK KAT 22 DAİRE 294-EYÜPSULTAN EYÜP İSTANBUL;(850) 9691907;wwww.cemedical.com.tr;wwww.cemedical.com.tr;TET - Elektrik ve Elektronik İhracatçıları Birliği
BUTON LED AYDINLATMA,MOBİLYA VE AKSESUARLARI SAN.TİC.LTD.ŞTİ;MAHMUDİYE MAH.OSMANBEY CAD.NO:39 İNEGÖL BURSA;(224) 7123444;www.buttonaks.com;buttonaks.com;TET - Elektrik ve Elektronik İhracatçıları Birliği
DORMAKABA KAPI VE GÜVENLİK SİSTEMLERİ SAN. VE TİC.A.Ş.;BEYLİKDÜZÜ OSB MAH. 8. CAD. B İLGİN METAL NO: 1 İÇ KAP I NO: 2 BEYLİKDÜZÜ İSTANBUL;02122109393;www.dorma.com;dorma.com;TET - Elektrik ve Elektronik İhracatçıları Birliği
DAMGA MAK.VE MUTFAK ESYALARI S AN.VE TIC.LTD.STI;MAHMUTBEY MAH ISTOÇ 15.ADA NO:83 BAĞCILAR İSTANBUL;(212) 6593508;www.damga.com.tr;damga.com.tr;TET - Elektrik ve Elektronik İhracatçıları Birliği
ÖZTÜRK NET BİLİŞİM TEKNOLOJİLERİ İNŞAAT TAAHHÜT İHRACAT İTHALAT SANAYİ VE TİCARET LİMİTED ŞİRKETİ;1439 CADDE NO:11/A TUĞCULAR İŞ MERKEZİ İVEDİK OSB MAHALLESİ YENİMAHALLE ANKARA;(850) 2598850;http://www.ozturknet.com;ozturknet.com;TET - Elektrik ve Elektronik İhracatçıları Birliği
GÜLMAK TORNA TESVİYE VE SANAYİ PLASTİKLERİ İMALATI LTD. ŞTİ.;BALÇIK MAH.3210.SOK.N:43/B GEBZE KOCAELİ;(262) 7510740;www.gul-mak.com;gul-mak.com;TET - Elektrik ve Elektronik İhracatçıları Birliği
BOF MIMARI TASARIM AHSAP METAL INS.SAN.VE TIC.LTD.STI.;YUKARI DUDULLU MAH. TAVUKÇUYOLU CAD.HÜNKAR SOK. NO:3 ÜMRANİYE İSTANBUL;(216) 4201941;www.bof.com.tr;bof.com.tr;TET - Elektrik ve Elektronik İhracatçıları Birliği
ENGIN KOC;ERDEM SOKAK NO.21 EŞİYOK İŞMERKEZİ K.3 OFİS 8 İÇMELER TUZLA İSTANBUL;02122434493;www.ege-mar.com;ege-mar.com;TET - Elektrik ve Elektronik İhracatçıları Birliği
PROTEL ELEKTRONIK URUNLER PAZ. TIC.LTD.STI;PERPA TIC.MERK.NO 63 ŞİŞLİ İSTANBUL;02122218060;www.protel-elektronik.com;protel-elektronik.com;TET - Elektrik ve Elektronik İhracatçıları Birliği
SON LED SANAYİ TİCARET AŞ;İ.O.S.B. ÇEVRE SAN. SİT 8. BLOK NO:10-12 İKİTELLİ BAŞAKŞEHİR İSTANBUL;(212) 4862044;www.sonled.com;sonled.com;TET - Elektrik ve Elektronik İhracatçıları Birliği
UMUTSAN DISCILIK EL ALETLERI SAN.VE TIC.LTD.STI.;GAZİ PAŞA MAH. GÖL SOK. NO:52/A PANCAR TORBALI İZMİR;(232) 2576691;www.umutsan.com;umutsan.com;TET - Elektrik ve Elektronik İhracatçıları Birliği
GİRİŞİM DIŞ TİCARET A.Ş.;MAHMUTBEY MH TAŞOCAĞI YOLU CD AĞAOĞLU MY OFFİCE 212 B BLOK NO:3 KAT:13 D:212 BAĞCILAR İSTANBUL;(212) 6716046;www.girisimdisticaret.com;girisimdisticaret.com;TET - Elektrik ve Elektronik İhracatçıları Birliği
ASSAN PANEL SANAYİ VE TİCARET ANONİM ŞİRKETİ;YAYLA MAH. D-100 KARAYOLU ÜZERİ RÜYA SOK. NO:2 ASSAN TESISLERI TUZLA İSTANBUL;(216) 5811702;www.assanpanel.com.tr;assanpanel.com.tr;TET - Elektrik ve Elektronik İhracatçıları Birliği
HATAS RESIM CIZIM VE OLCU ALETLERI SAN.VE TIC.A.S.;K.BALIKLI MAH. BALIKLI CAD. NO.47P.K.138 OSMANGAZİ BURSA;02242154830;www.hatas.com.tr;hatas.com.tr;TET - Elektrik ve Elektronik İhracatçıları Birliği
ZUHAL DIŞ TIC.A.Ş;GALIPDEDE CD.37 BEYOĞLU İSTANBUL;02122498510;www.zuhalmuzik.com;zuhalmuzik.com;TET - Elektrik ve Elektronik İhracatçıları Birliği
ABBOTT LABORATUARLARI İTH. İHR. VE TİC.LTD.ŞTİ.;SARAY MAH. DR. ADNAN BÜYÜKDENİZ CD. NO:2AKKOM OFİSPARK KELİF PLZ. 3 BLOK K:12-20 ÜMRANİYE İSTANBUL;(216) 6360600;www.abbot.com;abbot.com;TET - Elektrik ve Elektronik İhracatçıları Birliği
MİZAN GLOBAL YAPI İNŞAAT SANAYİ TİCARET LİMİTED ŞİRKETİ;ORUÇREİS MH TEKSTİLKENT CD B14 BLOK 10 V NO:214 ESENLER İSTANBUL;(212) 6749911;www.mizanglobal.com;mizanglobal.com;TET - Elektrik ve Elektronik İhracatçıları Birliği
TELTONIKA TURKEY TEKNOLOJİ ÜRÜNLERİ SAN.VE TİC. A.Ş.;AKAT MAH. HARE SK.2. SÖLTAŞ EVLERİ K-8 BLOKNO: 16 BEŞİKTAŞ İSTANBUL;(216) 0000000;https://teltonikaturkey.com/;teltonikaturkey.com;TET - Elektrik ve Elektronik İhracatçıları Birliği
ÇETİN PROJE MÜHENDİSLİK ELK. ELEKT.OTOM. TAAH. MÜŞ.PANO.SAÇ. VE KONST İML. MONT SAN. VE TİC.LTD.ŞTİ.;ORG. SAN. BÖL. IŞIKTEPE OSB MAH. ORMANLAR CAD. 1. SOK. NO:5 NİLÜFER BURSA;(224) 4112370;www.cetinelektrik.com.tr;cetinelektrik.com.tr;TET - Elektrik ve Elektronik İhracatçıları Birliği
AYYILDIZ ELEKTRİKLİ EV EŞYALARİ İMALAT VE PAZARLAMA A.Ş.;BAKIR VE PRİNÇÇİLER SANAYİ SİTESİ KARANFİL CAD. NO:1 BEYLİKDÜZÜ İSTANBUL;(212) 4261212;www.goldmaster.com.tr;goldmaster.com.tr;TET - Elektrik ve Elektronik İhracatçıları Birliği
ATILIM ELEKTRIK ELKT.SAN.VE DIS TIC.LTD.STI.;IKITELLI ORG. SAN.TRIKO CENTER8M BLOK N:440 K.1-2 BAŞAKŞEHİR İSTANBUL;02125494549;www.atilim.net;atilim.net;TET - Elektrik ve Elektronik İhracatçıları Birliği
OLGUN MEDİKAL İNŞAAT VE TİCARET LTD.ŞTİ.;ORUÇREİS MAH. VADİ CAD. GİYİMKENT SİT.İSTANBUL TİC. SARAYI NO:108 KAT: 9/556 ESENLER İSTANBUL;(212) 4384671;www.olgunmedikal.com;olgunmedikal.com;TET - Elektrik ve Elektronik İhracatçıları Birliği
ŞAH ELEKTRİK İNŞAAT ÇELİK TAAHHÜT SANAYİ VE TİCARET A.Ş.;ORHANTEPE MAH. MUTLU SOK.NO:26/1 KARTAL İSTANBUL;02164598626;www.sahgroup.net;sahgroup.net;TET - Elektrik ve Elektronik İhracatçıları Birliği
ROMA TRAFO ENERJİ İTHALAT İHRACAT SANAYİ VE TİCARET LİMİTED ŞİRKETİ;BAŞKENT OSB MAH. 20.CAD NO:7/3 SİNCAN ANKARA;;http://www.romatrafo.com;romatrafo.com;TET - Elektrik ve Elektronik İhracatçıları Birliği
SURTAŞ ELEKTRİK MALZEMELERİ PAZARLAMA LİMİTED ŞİRKETİ;BARIŞ MH. 1803/1 SK. NO:3 GEBZE KOCAELİ;(262) 6419158;http://surtastrafo.com.tr/;surtastrafo.com.tr;TET - Elektrik ve Elektronik İhracatçıları Birliği
ARI GLOBAL DIŞ TİCARET LİMİTED ŞİRKETİ;MAHMUTBEY MAH. 2429 SOK NO:89 34200 BAĞCILAR İSTANBUL;(212) 0000000;www.ariglobaldisticaret.com;ariglobaldisticaret.com;TET - Elektrik ve Elektronik İhracatçıları Birliği
MULTİ KART BASIM SİSTEMLERİ MATBAACILIK VE REKLAMCILIK SANAYİ TİCARET LİMİTED ŞİRKETİ;İKİTELLİ O.S.B.AYKOSAN SANAYİ SİT.DÖRTLÜ B BLOKNO:112 K.2 BAŞAKŞEHİR İSTANBUL;(212) 6241239;http://info@multikart.com.tr;info@multikart.com.tr;TET - Elektrik ve Elektronik İhracatçıları Birliği
ASTAJ İÇ VE DIŞ TİCARET / ASİL ELTAGURİ;AZİZ MAHMUT HÜDAYİ MAH HAKİMİYETİ MİLLİYE CADHANÇAL İŞ MERKEZİ NO58/15 ÜSKÜDAR İSTANBUL;(216) 5533032;www.astajenergy.com;astajenergy.com;TET - Elektrik ve Elektronik İhracatçıları Birliği
GENEL ELEKTRIK AYDINLATMA SAN. VE TIC. A.S.;GÜMÜŞSUYU CAD. AYVALIDERE SOK.NO:5 MALTEPE ZEYTİNBURNU İSTANBUL;(212) 4833777;www.gestas.com.tr;gestas.com.tr;TET - Elektrik ve Elektronik İhracatçıları Birliği
NEMESİS ELEKTRONİK SİST.İNŞ.VE MÜH.HİZM.SAN.VE TİC.LTD.ŞTİ.;NATOYOLU CAD. KOÇAK SOK. NO:2 NEMESİS PLAZA 1 YUKARI DUDULLU ÜMRANİYE İSTANBUL;(216) 4440315;www.nemesis.com.tr;nemesis.com.tr;TET - Elektrik ve Elektronik İhracatçıları Birliği
BETEK BOYA VE KİMYA SAN.A.Ş.;ANKARA ASFALTI HUSEYIN CELIKSOK.NO:2 BOSTANCI KADIKÖY İSTANBUL;02165711000;www.betek.com.tr;betek.com.tr;TET - Elektrik ve Elektronik İhracatçıları Birliği
ARDA MUTFAK EKİPMANLARI İMALAT SANAYİ VE TİCARET LİMİTED ŞİRKETİ;BAHRİYE CD NO:65/1 BEYOĞLU İSTANBUL;(212) 2539829;www.ardamutfak.com;ardamutfak.com;TET - Elektrik ve Elektronik İhracatçıları Birliği
FUTURE MED İÇ VE DIŞ TİCARET LİMİTED ŞİRKETİ;HALIL RIFAT PASA MAH.YUZER HAVUZ SK. PERPA TICARETMERKEZI B BLOK NO:1/1/185 ŞİŞLİ İSTANBUL;(212) 0000000;www.futuremed-tr.com;futuremed-tr.com;TET - Elektrik ve Elektronik İhracatçıları Birliği
ARIKAN ITH.SAAT SAN.VE DIS TIC.LTD.STI.;ISTOC 16. ADA ASLAN PLAZANO:808 K:2 BAĞCILAR İSTANBUL;02126592829;www.arikan.com.tr;arikan.com.tr;TET - Elektrik ve Elektronik İhracatçıları Birliği
KONVEKTA KLİMA VE SOĞUTMA CİH. SAN.TİC.A.Ş.;ISISO SANAYI SITESI YANIHOSDERE MEVKII ÇATALCA İSTANBUL;(212) 6232080;www.konvekta.com.tr;konvekta.com.tr;TET - Elektrik ve Elektronik İhracatçıları Birliği
EGEVİS ENDÜSTRİYEL YAZILIM TEKNOLOJİLERİ ANONİM ŞİRKETİ;ATAKENT 2030 SK. TANYELİ KAPI NO: 1-A 35590 ÇİĞLİ İZMİR;(232) 0000000;http://www.egevis.com;egevis.com;TET - Elektrik ve Elektronik İhracatçıları Birliği
EXTREME ENERJİ ELEKTRİK İNŞAAT GIDA OTOMOTİV SANAYİ VE TİCARET LİMİTED ŞİRKETİ;SARAY MAHALLESİ KAZAN KERESTECİLER SİTESİ 7.CADDE NO:8 KAHRAMANKAZAN/ANKARA KAHRAMANKAZAN ANKARA;(312) 3540060;http://www.extremeenerji.com;extremeenerji.com;TET - Elektrik ve Elektronik İhracatçıları Birliği
DATACORE BILGI SISTEML.SAN. VE TIC.A.S.;ESENTEPE MAH.MİLANGAZ CAD.NO:75 KARTAL İSTANBUL;(216) 4448282;www.datacore.com.tr;datacore.com.tr;TET - Elektrik ve Elektronik İhracatçıları Birliği
ENERGYCO ENERJİ SANAYİ VE TİCARET LİMİTED ŞİRKETİ;CUMHURİYET MAH. VATAN CAD. NO.7A/22 PK:34782 ÇEKMEKÖY İSTANBUL;;www.energyco.com.tr;energyco.com.tr;TET - Elektrik ve Elektronik İhracatçıları Birliği
SDS EURASİA YAPI VE REKLAM ÜRÜNLERİ SANAYİ TİCARET LİMİTED ŞİRKETİ;BAĞLAR MH YALÇIN KOREŞ CD NO:16/4/11 BAĞCILAR İSTANBUL;(212) 6445556;www.sds.com.tr;sds.com.tr;TET - Elektrik ve Elektronik İhracatçıları Birliği
EFES HEDİYELİK EŞYA SAN.VE TİC LTD.ŞTİ.;ALEMDAR MH. NURUOSMANİYE CAD. KARDESLER HAN. NO:3 EMİNÖNÜ/CAĞALOĞLU FATİH İSTANBUL;02125113037;www.colorlightscollection.com;colorlightscollection.com;TET - Elektrik ve Elektronik İhracatçıları Birliği
5M İNŞAAT TEKSTİL İTHALAT İHRACAT SAN. TİC. LTD. ŞTİ.;MİMARSİNAN MERK.MAH.MUSTAFA KEMAL BULVARI HAZAL SİT.NO:7-3 D BLOK K:1 D:12 MİMARSİNAN BÜYÜKÇEKMECE İSTANBUL;02128636786;www.5minsaat.net;5minsaat.net;TET - Elektrik ve Elektronik İhracatçıları Birliği
ENGİN TIBBİ ÜRÜNLERVE LABORATUAR MALZEMELERİ TİCARET LİMİTED ŞİRKETİ;CEVİZLİDERE MAHALLESİ 1244. SOKAK NO: 8/A ÇANKAYA ANKARA;(312) 2878771;http://www.engintip.com;engintip.com;TET - Elektrik ve Elektronik İhracatçıları Birliği
LORİEN ENERJİ SANAYİ VE LİMİTED ŞİRKETİ;YENİŞEHİR MAH. 3008 CAD. 3141 SK. 1/8 ÜMRANİYE İSTANBUL;(216) 0000000;http://www.lorienenergy.com.tr;lorienenergy.com.tr;TET - Elektrik ve Elektronik İhracatçıları Birliği
ÇAĞDAŞ ELEKTRONİK MEDİKAL SİSTEMLER SAN. VE TİC. LTD. ŞTİ.;DEFTERDAR MAH.KERESTECİLER SİTESİ HACI BİLİN SOK. NO:16 EYÜP İSTANBUL;(212) 6137073;www.cagdasmedikal.com;cagdasmedikal.com;TET - Elektrik ve Elektronik İhracatçıları Birliği
YÜKSEL ENDÜSTRİYEL ÜRÜNLER TURİZM YATIRIMLARI SANAYİ VE TİCARET ANONİM ŞİRKETİ;MAHMUT ŞEVKET PAŞA MH ODESA BULVARI NO:8/1 YÜKSEL PLAZA ŞİŞLİ İSTANBUL;(212) 3614191;www.portashelf.com.tr;portashelf.com.tr;TET - Elektrik ve Elektronik İhracatçıları Birliği
ATA LIFE MEDİKAL LTD.ŞTİ.;AYDINTEPE ALAATTİN SOK. EVORA NO 7/H A9 D.136 TUZLA İSTANBUL;(216) 6067527;http://www.atalifemedical.com;atalifemedical.com;TET - Elektrik ve Elektronik İhracatçıları Birliği
ULAŞ ELEKT MALZEMELERİ PAZAR.SAN. VE TİC. LTD. ŞTİ;EMEKYEMEZ MAH.YANIKKAPI SOK.KAVAK HANNO:9C BEYOĞLU İSTANBUL;(212) 2356943;www.ulaselk.com;ulaselk.com;TET - Elektrik ve Elektronik İhracatçıları Birliği
ELSİS ELEKTRİK A.Ş.;ESENŞEHİR MAH.ATILIM SOK.NO:19/A GİRİŞ KAT ÜMRANİYE İSTANBUL;(216) 4669803;www.elsiselektrik.com.tr;elsiselektrik.com.tr;TET - Elektrik ve Elektronik İhracatçıları Birliği
LİNA GROUPS İTHALAT İHRACAT VE DIŞ TİCARET SANAYİ LİMİTED ŞİRKETİ;ZİYA GÖKALP MAH. SÜLEYMAN DEMİREL BUL. THE OFFICE NO: 7E İÇ KAPI NO: 136 BAŞAKŞEHİR / İSTANBUL / TÜR BAŞAKŞEHİR İSTANBUL;(212) 5240274;http://www.lina-groups.com;lina-groups.com;TET - Elektrik ve Elektronik İhracatçıları Birliği
GLOBAL TRADİNG MİMARLIK YAPI MALZE. İNŞAAT MAKİNE MÜHEN. TARIM İTHALAT İHRACAT SAN. TİC. LTD. ŞTİ.;ADALET MAHALLESİ MANAS BULVARİ / FOLKART TOWERSNO:47/A BAYRAKLI İZMİR BAYRAKLI İZMİR;(232) 2400151;http://www.adn-global.com;adn-global.com;TET - Elektrik ve Elektronik İhracatçıları Birliği
EKOMAK ENDÜSTRİYEL KOMPRESÖR VE MAKİNA SAN. VE TİC. A. Ş,;ŞERİFALİ MEVKİİ ŞÖYLEŞİ SOK. NO.41/A ÜMRANİYE İSTANBUL;02165401133;www.ekomak.com.tr;ekomak.com.tr;TET - Elektrik ve Elektronik İhracatçıları Birliği
ARON AMBALAJ KİMYA İNŞAAT SANAYİ VE TİCARET LİMİTED ŞİRKETİ;SUADİYE MAH. BAĞDAT CAD. NO:359 D.7ŞAŞKINBAKKAL KADIKÖY İSTANBUL;(216) 4052025;www.aronforeign.com;aronforeign.com;TET - Elektrik ve Elektronik İhracatçıları Birliği
METALLİNE ELEKTROMEKANİK SAN.VE TİC. LTD.ŞTİ.;KİRAZLIDERE MH. KIŞLA CD. NO.36 ÇEKMEKÖY İSTANBUL;(216) 5201200;www.metalline.com.tr;metalline.com.tr;TET - Elektrik ve Elektronik İhracatçıları Birliği
UNTHA MAKİNA SANAYİ VE TİCARET LTD.ŞTİ.;BARBAROS MAH.KARDELEN SK.PALLADIUM TOWER NO:2 ATAŞEHİR İSTANBUL;(216) 6872991;www.untha.com;untha.com;TET - Elektrik ve Elektronik İhracatçıları Birliği
KASPA DIŞ TİCARET A.Ş.;NECİP FAZIL MH. ŞAĞDIÇ SK. NO:4 SAMANDIRA SANCAKTEPE İSTANBUL;(216) 5271527;www.kas.com.tr;kas.com.tr;TET - Elektrik ve Elektronik İhracatçıları Birliği
VONELL ELEKTRİK İNŞ. ENERJİ TEKN. SAN. TİC. LTD. ŞTİ.;AKSEMSETTİN MAH. SU KENARI CAD. NO:11 SULTANBEYLİ İSTANBUL;(216) 3122388;www.ozlemaydinlatma.com.tr;ozlemaydinlatma.com.tr;TET - Elektrik ve Elektronik İhracatçıları Birliği
DOFA METAL KİMYA ENDÜSTRİ SANAYİ VE TİCARET LİMİTED ŞİRKETİ;BAHÇECİK MEVKİİ BAHÇECİK KÜME EVLER NO: 3 /3 MERZİFON AMASYA;(358) 0000000;https://www.dofaendustri.com/tr/;dofaendustri.com;TET - Elektrik ve Elektronik İhracatçıları Birliği
MAT MEDİKAL SAĞLIK HİZMETLERİ ANONİM ŞİRKETİ;SOĞANLIK YENİ MAHALLE ALİAĞA SOK. BUMERANG KARTAL NO:8 İÇ KAPI NO:30 KARTAL İSTANBUL;(216) 0000000;http://matmedical.com.tr;matmedical.com.tr;TET - Elektrik ve Elektronik İhracatçıları Birliği
NPA GLOBAL ELEKTRONIK SANAYI VE TICARET LIMITED SIRKETI;MECLIS MAH. DERVIS SK. FUAT ÖZAL NO: 38 IÇ KAPI NO: 1 SANCAKTEPE İSTANBUL;(216) 0000000;www.npaglobal.com.tr;npaglobal.com.tr;TET - Elektrik ve Elektronik İhracatçıları Birliği
DINC MAKINA LAB.TEST.CIH.IML. ITH.VE IHR.SAN.VE TIC.LTD.STI.;G.SUYU CAD.ÇIFTE HAVUZLARYOLU ERGUN SAN SIT.NO:81 İSTANBUL;02124822520;www.dincmakina.com.tr;dincmakina.com.tr;TET - Elektrik ve Elektronik İhracatçıları Birliği
3S OTOMASYON ELEKTRİK ENDÜSTİYEL YAZILIM VE PANO SİSTEMLERİ SANAYİ TİCARET LTD.ŞTİ.;YUNUSEMRE MAH KIRÇİÇEĞİ SK NO:17 İÇ KAPI NO2 SULTANBEYLİ İSTANBUL;(216) 3653005;http://www.3sotomasyon.com;3sotomasyon.com;TET - Elektrik ve Elektronik İhracatçıları Birliği
TEKNO AYDINLATMA SAN.VE TIC. LTD.STI.;EVREN MAH. GÜLBAHAR CAD.ŞEHİT DOĞAN ÖZTÜRK SOK. NO.6 K.1 GÜNEŞLİ BAĞCILAR İSTANBUL;(212) 4748444;www.teknolight.com;teknolight.com;TET - Elektrik ve Elektronik İhracatçıları Birliği
BILKO BILGISAYAR OTOMASYON VE KONTROL A.S.;PERPA TİC. MERK. B BLOK K:13 NO:2568 OKMEYDANI ŞİŞLİ İSTANBUL;(212) 3201383;www.bilko.com.tr;bilko.com.tr;TET - Elektrik ve Elektronik İhracatçıları Birliği
ECOLAB TEMİZLEME SİSTEMLERİ LİMİTED ŞİRKETİ;ALTAYCESME MH.TOYGUN SOK N:1 MALTEPE İSTANBUL;02164412030;www.ecolab.com.tr;ecolab.com.tr;TET - Elektrik ve Elektronik İhracatçıları Birliği
GOZDE TIBBI MALZEME VE ITHALAT IHRACAT LTD.STI.;MERTER KERESTECILER SITESINAZIM SOK.NO:10/1-2-3 GÜNGÖREN İSTANBUL;(212) 5061111;www.gozdemed.com;gozdemed.com;TET - Elektrik ve Elektronik İhracatçıları Birliği
SECURITAS TEKNOLOJİ HİZMETLERİ TİCARET ANONİM ŞİRKETİ;SMART PLAZA RÜZGARLIBAHÇE MAH.KAVAK SOK. NO:31/1 BEYKOZ BEYKOZ İSTANBUL;(216) 6818200;www.sensormatic.com.tr;sensormatic.com.tr;TET - Elektrik ve Elektronik İhracatçıları Birliği
PROTART ELEKTRİK VE BİLİŞİM TEKNOLOJİLERİ DIŞ TİCARET ANONİM ŞİRKETİ;HALİL RIFAT PAŞA MH YÜZER HAVUZ SK PERPA TİC MERKEZİ NO:1/1 B BLOK KAT:6/708 ŞİŞLİ İSTANBUL;(212) 2314905;www.protart.com.tr;protart.com.tr;TET - Elektrik ve Elektronik İhracatçıları Birliği
DENTECH DENTAL MEDİKAL SANAYİ VE TİCARET LİMİTED ŞİRKETİ;ERZENE MAH. 35 SK. BOZACI OĞULLARI NO: 17 A BORNOVA İZMİR;(232) 0000000;http://www.dentechcare.com;dentechcare.com;TET - Elektrik ve Elektronik İhracatçıları Birliği
BMG ÖZEL GÜVENLİK SİSTEMLERİ BİLİŞİM TELEKOMÜNİKASYON SANAYİ VE TİCARET LİMİTED ŞİRKETİ;1374 SOK.NO:6/502 BÜYÜK BAŞ İŞ HANI KONAK İZMİR;(232) 4731171;www.bmg.gen.tr;bmg.gen.tr;TET - Elektrik ve Elektronik İhracatçıları Birliği
PROTEK MAK. SAN. VE TİC. LTD. ŞTİ.;BİRMES SAN.SİT B-6 BLOK NO:8-9 TUZLA İSTANBUL;(216) 3940236;protekmakina.com.tr;protekmakina.com.tr;TET - Elektrik ve Elektronik İhracatçıları Birliği
ALTINEL ENERJİ DIŞ TİCARET ELEKTRİK ELEKTRONİK SANAYİ VE TİCARET LİMİTED ŞİRKETİ;GÖKEVLER MAH. 2331 SOK. NO:2/D ESENYURT İSTANBUL;(212) 8812235;www.altinelenerji.com;altinelenerji.com;TET - Elektrik ve Elektronik İhracatçıları Birliği
ŞAMDAN PANO ELEKTRİK TURİZM SAN. VE TİC. LTD. ŞTİ.;H.RIFATPAŞA MAH DARÜLACEZE CAD PERPA TİC MRK A BLOK KAT 5 NO 172 ŞİŞLİ İSTANBUL;(212) 2103832;www.samdanpano.com;samdanpano.com;TET - Elektrik ve Elektronik İhracatçıları Birliği
KAMTEK ELEKTRONİK GÜVENLİK SİSTEMLERİ SANAYİ VE TİCARET LİMİTED ŞİRKETİ;HALKAPINAR MAH.1004 SOK.NO:3 Z 26 YENİŞEHİR KONAK İZMİR;(232) 4490800;www.kamtek.com.tr;kamtek.com.tr;TET - Elektrik ve Elektronik İhracatçıları Birliği
RADYANCI ENDÜSTRİYEL MUTFAK CİHAZLARI İTHALAT İHRACAT SANAYİ VE TİCARET LİMİTED ŞİRKETİ;HALİL RIFAT PAŞA MH YÜZER HAVUZ SK PERPA TİC MERKEZİ B BLOK KAT:2/35 KASIMPAŞA BEYOĞLU İSTANBUL;;www.radyanci.com;radyanci.com;TET - Elektrik ve Elektronik İhracatçıları Birliği
SERTPLAS OTO YAN SANAYI VE TICARET ANONİM ŞİRKETİ;BÜYÜK KILIÇLI MAHALLESİ HANÇER SOKAK NO:16 BÜYÜKKILIÇLI MAHALLESİ SİLİVRİ İSTANBUL;(212) 7484586;www.sertplas.com.tr;sertplas.com.tr;TET - Elektrik ve Elektronik İhracatçıları Birliği
BATU GRUP YAPI MALZEMELERI SAN . TIC. LTD. STI.;SANAYİ MAH. URAN SK. NO:6/2 PENDİK İSTANBUL;(216) 5953368;www.batu-grup.com.tr;batu-grup.com.tr;TET - Elektrik ve Elektronik İhracatçıları Birliği
TEKNİKEL AVİZE İTH. İHR. SAN. VE TİC. LTD. ŞTİ;DEFTARDAR MAH. ŞAVAKLAR CAD. KIRIMIYE ÇEŞME SOK. NO:26 EYÜP İSTANBUL;(212) 5214071;www.teknikelavize.com;teknikelavize.com;TET - Elektrik ve Elektronik İhracatçıları Birliği
RSM ELEKTRİK TİCARET LİMİTED ŞİRKETİ;İKİTELLİ OSB MH METAL-İŞ SAN SİT 7 BLOK SOKAK NO:24 BAŞAKŞEHİR İSTANBUL;(212) 8010040;www.rsm.com.tr;rsm.com.tr;TET - Elektrik ve Elektronik İhracatçıları Birliği
DEPOPA ELEKTRONİK PAZARLAMA SAN. TİC. LTD. ŞTİ.;HALİL RIFAT PAŞA MAH.YÜZER HAVUZ SOK.NO:1 PERPA TİC.MERKZ. B BLOK K:8 NO:1015 ŞİŞLİ İSTANBUL;(212) 3204407;www.depopa.com.tr;depopa.com.tr;TET - Elektrik ve Elektronik İhracatçıları Birliği
EDS ELEKTRONIK DESTEK SANAYI VE TICARET LTD.STI.;MECLIS MAH. TERAZICILER CAD.HAYRAN SK. NO: 4 ÜMRANİYE İSTANBUL;02165284500;www.eds.com.tr;eds.com.tr;TET - Elektrik ve Elektronik İhracatçıları Birliği
BTM TEKNİK ENDÜSTRİYEL DENİZ ÜRÜNLERİ PAZARLAMA THALAT İHRACAT SANAYİ VE TİCARET A.Ş.;AYDINTEPE MH. D-100 KARAYOLU CD. NO:14-G TUZLA İSTANBUL;(216) 3951971;www.btmteknik.com.tr;btmteknik.com.tr;TET - Elektrik ve Elektronik İhracatçıları Birliği
DESİSTEM BİLGİ TEKNOLOJİLERİ ANONİM ŞİRKETİ;KÜÇÜKBAKKALKÖY MAH/SEMT VEDAT GÜNYOL CAD.NO:1 İÇ KAPI NO:169 ATAŞEHİR İSTANBUL;(216) 5742727;www.desistem.com.tr;desistem.com.tr;TET - Elektrik ve Elektronik İhracatçıları Birliği
KALE KİLİT VE KALIP SAN. A.Ş.;AZERBAYCAN CAD. NO: 3-F / 1-E BLOK VADISTANBUL AYAZAĞA SARIYER İSTANBUL;(212) 7058000;www.kalekilit.com.tr;kalekilit.com.tr;TET - Elektrik ve Elektronik İhracatçıları Birliği
VARTA PILLERI TICARET LTD.STI.;ISTOÇ 25. ADA SONU KUZEY PLAZA KAT1NO:4 BAĞCILAR İSTANBUL;02126595060;www.varta.com.tr;varta.com.tr;TET - Elektrik ve Elektronik İhracatçıları Birliği
BİEN DIŞ TİCARET LİMİTED ŞİRKETİ;FERHATPAŞA MH. 15 SK. NO:119/2 ATAŞEHİR İSTANBUL;(216) 6613992;www.asiltractor.com;asiltractor.com;TET - Elektrik ve Elektronik İhracatçıları Birliği
5T YAPI İÇ VE DIŞ TİCARET LİMİTED ŞİRKETİ;AKÇABURGAZ MH 3088 SK NO:26 ESENYURT İSTANBUL;(212) 8862960;www.tenekeciler.com.tr;tenekeciler.com.tr;TET - Elektrik ve Elektronik İhracatçıları Birliği
ENELSA ENDÜSTRİYEL ELEKTRİK SANAYİ VE TİCARET LİMİTED ŞİRKETİ;ORGANİZE SANAYİ BÖLGESİ 1. BÖLÜM 6. CADDE NO:16 DÖŞEMEALTI ANTALYA;(242) 2581284;www.enelsa.com;enelsa.com;TET - Elektrik ve Elektronik İhracatçıları Birliği
SENTEZ GÖZ SAĞLIK HİZMETLERİ SANAYİ VE TİCARET LİMİTED ŞİRKETİ;KAZIMDIRIK MAH. 357/3 SK.YAMANLAR GIY.VE.TIC.SAN. C NO: 3 /1A BORNOVA İZMİR;(232) 4210779;http://www.sentezgoz.com.tr;sentezgoz.com.tr;TET - Elektrik ve Elektronik İhracatçıları Birliği
TELEKOM MÜHENDİSLİK SAN.VE TİC LTD.ŞTİ.;GRESAN PLAZA NO.1/11 SERDAR SOK. ATAŞEHİR İSTANBUL;;www.telekomeng.com.tr;telekomeng.com.tr;TET - Elektrik ve Elektronik İhracatçıları Birliği
NOONTEK TEKNOLOJİ ANONİM ŞİRKETİ;KOCASİNAN CADDESİ KAMAN İŞMERKEZİ NO:1/5 ŞİRİNVELER 34360 ŞİRİNEVLER BAHÇELİEVLER İSTANBUL;(212) 2230069;noontek.com;noontek.com;TET - Elektrik ve Elektronik İhracatçıları Birliği
DUMAN ÇELİK EŞYA SANAYİ VE TİCARET ANONİM ŞİRKETİ;BEYLİKDÜZÜ O.S.B. AÇELYA CAD. NO:39/B1 BEYLİKDÜZÜ İSTANBUL;(212) 5760077;www.duman.com.tr;duman.com.tr;TET - Elektrik ve Elektronik İhracatçıları Birliği
ALPTEKİN MAKİNA ISI SANAYİ VE TİCARET A.Ş.;2. ORG SAN BÖL. 5.CADDE NO:14 YEŞİLYURT MALATYA;(422) 3363445;www.alptekingroup.com;alptekingroup.com;TET - Elektrik ve Elektronik İhracatçıları Birliği
ERBEN KONTROL SİSTEMLERİ SANAYİ VE TİCARET ANONİM ŞİRKETİ;BAHARİYE CADDESİ SÜLÜN SOK. NO.59NALÇACI İŞ MERKEZİ KÜÇÜKÇEKMECE İSTANBUL;02126979900;www.erben.com.tr;erben.com.tr;TET - Elektrik ve Elektronik İhracatçıları Birliği
HİMAKSAN ENDÜSTRİYEL MUTFAK EKİPMANLARI SANAYİ VE TİCARET LİMİTED ŞİRKETİ;AKÇABURGAZ MH 3030 SK NO:7 ESENYURT İSTANBUL;(212) 4754332;www.himaksan.com;himaksan.com;TET - Elektrik ve Elektronik İhracatçıları Birliği
PROCOLOR BİLG.SİSTEM. REKL.MATBA.İNŞ.OTOM.ZİRAİ MAH.TAŞI.OPTİK VE ELEKT.ÖZEL EĞİ.HİZM.SAN.VE TİC.LTD;HACI İLYAS MAH. ESKİ CEZAEVİ SOKAK VARDAR APT.NO.6/A OSMANGAZİ BURSA;(224) 2561212;www.procolor.com.tr;procolor.com.tr;TET - Elektrik ve Elektronik İhracatçıları Birliği
MAGMAWELD ULUSLARARASI TİCARET A. Ş.;MASLAK MH BİLİM SK SUN PLAZA 5A-29 SARIYER İSTANBUL;(212) 4111400;www.magmaweld.com;magmaweld.com;TET - Elektrik ve Elektronik İhracatçıları Birliği
REMOTURK ELEKTRİK ELEKTRONİK SAN. VE TİC. LTD. ŞTİ.;BÜYÜKKAYACIKOSB MAH. 101. CAD. B BLOK APT. NO:4/30 SELÇUKLU KONYA;(332) 2367696;http://www.wieltra.com;wieltra.com;TET - Elektrik ve Elektronik İhracatçıları Birliği
MEDİTEL MEDİKAL TEKNİK ELEKTRONİK A.Ş.;MOLLA GÜRANİ MAH. HALICILAR KÖŞKÜ SOK.NO.26 FATİH İSTANBUL;02126357970;www.meditel.com.tr;meditel.com.tr;TET - Elektrik ve Elektronik İhracatçıları Birliği
5M ELEKTRO MEKANIK IML.INS.TUR VE DAHILI TIC.LTD.STI.;DUDULLU OSB BES SANAYİ SİT. YUKARI DUDULLUU-102 SÖĞÜT SOK A-04 BLOK N:42 ÜMRANİYE İSTANBUL;02165278354;www.5m-elektromekanik.com;5m-elektromekanik.com;TET - Elektrik ve Elektronik İhracatçıları Birliği
ORGUN AYDINLATMA MALZ.SAN.TIC. LTD.STI.;SAHKULU MAH.ILK BELEDIYE CD.NO.31 BEYOĞLU İSTANBUL;02122436845;www.orgunaydinlama.com;orgunaydinlama.com;TET - Elektrik ve Elektronik İhracatçıları Birliği
BURLA MAKINA TICARETI VE YATIRIM A.S.;BANKALAR CAD. NO:23 KARAKÖY BEYOĞLU İSTANBUL;(212) 2564950;www.burla.com;burla.com;TET - Elektrik ve Elektronik İhracatçıları Birliği
YILMAZ AYDIN;IKITELLI ORG.SAN.BÖLG.TURGUTÖZAL CD.PIK DÖK.SIT.B1 BL.NO.7 BAŞAKŞEHİR İSTANBUL;(212) 4863920;www.hilalaydinlatma.com;hilalaydinlatma.com;TET - Elektrik ve Elektronik İhracatçıları Birliği
G TECH ELEKRONİK VE TEKNOLOJİ A.Ş.;KARAGÖZ MAH. İSA BEŞE SK. NO:3/2 ŞAHİNBEY GAZİANTEP;(342) 0000000;http://www.gtechelektronik.com;gtechelektronik.com;TET - Elektrik ve Elektronik İhracatçıları Birliği
ADA KESİCİ TAKIMLAR VE TEKNİK MAKİNA LTD. ŞTİ.;HASANPAŞA M.MORALI İBRAHİM PAŞA SOK.NO:16B KADIKÖY İSTANBUL;(216) 4503111;www.adatechnic.com;adatechnic.com;TET - Elektrik ve Elektronik İhracatçıları Birliği
SİMTAŞ ELEKTRİK SANAYİ VE TİCARET ANONİM ŞİRKETİ;AKÇABURGAZ MAHALLESİ GÜLDALLAR İŞ MERKEZİNO:84 D ESENYURT İSTANBUL;(212) 8861960;www.simtaselektrik.com;simtaselektrik.com;TET - Elektrik ve Elektronik İhracatçıları Birliği
NOX ENDÜSTRİYEL MUTFAK PROJE ÜRETİM VE PAZARLAMA LTD.ŞTİ.;İKİTELLİ OSB MH ATATÜRK BULVARI BOTAŞ İS MERKEZİ NO:102/1 BAŞAKŞEHİR İSTANBUL;(212) 4860627;www.noxprofesyossional.com;noxprofesyossional.com;TET - Elektrik ve Elektronik İhracatçıları Birliği
WIKA INSTRUMENTS ISTANBUL BASI VE SIC.OL.CIH.ITH.IHR.TIC.LT.S;BAYRAKTAR BULVARI NO 21 YUKARI DUDULLU YUKARIDUDULLU ÜMRANİYE İSTANBUL;02164159066;www.wika.com.tr;wika.com.tr;TET - Elektrik ve Elektronik İhracatçıları Birliği
BLACK LIGHT ELEKTRONİK SANAYİ VE TİCARET ANONİM ŞİRKETİ;EVRENOS MAHALLESİ EVRANOS KÜME EVLERİ NO:45 YUNUS EMRE MANİSA;(232) 4370550;www.blacklight.com.tr;blacklight.com.tr;TET - Elektrik ve Elektronik İhracatçıları Birliği
EKO ELEKTRONİK KORUMA VE BİLG.TEKN.SAN.TİC.LTD.ŞTİ;İZZET PAŞA MAH. VEFA POYRAZ CAD. NO:60İÇ KAPI NO:A ŞİŞLİ İSTANBUL;(212) 2251172;www.elektronik.com;elektronik.com;TET - Elektrik ve Elektronik İhracatçıları Birliği
TRUEMED MEDİKAL ÜRÜNLER ÜRETİM PAZARLAMA A.Ş.;ŞERİFALİ MAHALLESİ TÜRKER CADDESİ NO:15/1 ÜMRANİYE-İSTANBUL 34760 ÜMRANİYE, İSTANBUL, TÜRKİYE ÜMRANİYE İSTANBUL;;www.truemed.com.tr;truemed.com.tr;TET - Elektrik ve Elektronik İhracatçıları Birliği
SERHAT EVLER;FINDIKZADE ŞEHREMİNİ MAH.AHMET VEFİKPAŞA CAD.BANKAN:5 D:12 FATİH İSTANBUL;(212) 5881387;www.endostall.com;endostall.com;TET - Elektrik ve Elektronik İhracatçıları Birliği
ELEKTRO-AK BOBINAJ VE ELEKTRIK MALZ.SAN.VE TIC.LTD.STI.;PERŞEMBE PAZARI CAD. ÖMERAĞA SOK. NO:5 KARAKÖY BEYOĞLU İSTANBUL;02122519336;www.elektroak.com;elektroak.com;TET - Elektrik ve Elektronik İhracatçıları Birliği
YENİ SATRANÇ ULUSLARARASI TİCARET ANONİM ŞİRKETİ;HALİL RIFAT PAŞA MH YÜZER HAVUZ SK PERPA TİC MERKEZİ B BLOK KAT:5/408 ŞİŞLİ İSTANBUL;(212) 3200122;www.yenisatranc.com;yenisatranc.com;TET - Elektrik ve Elektronik İhracatçıları Birliği
MOHAMMAD JAN SAEID;HALIL RIFATPASA M. PERPA TIC.MERK.1765 NO: A IÇ KAPI NO: 12 OKMEYDANI ŞİŞLİ İSTANBUL;(212) 2224166;www.arianpumps.com;arianpumps.com;TET - Elektrik ve Elektronik İhracatçıları Birliği
AK-İŞ KALIP SANAYİ VE TİCARET LTD.ŞTİ.;İKİTELLİ ORG. SAN. BÖLG. DEMİRCİLER SAN. SİT. E-1 BLOK NO:351 İKİTELLİ BAŞAKŞEHİR İSTANBUL;(212) 6713979;www.akiskalip.com;akiskalip.com;TET - Elektrik ve Elektronik İhracatçıları Birliği
BOSFORİUM GIDA İNŞAAT NAKLİYE SANAYİ VE TİCARET LİMİTED ŞİRKETİ;İKİTELLİ MAH İ.O.S.B MUTSAN SANAYİ SİTESİ M-12 BLOK NO:6 BAŞAKŞEHİR - İSTANBUL İKİTELLİ MAH İOSB 344 BAŞAKŞEHİR İSTANBUL;(212) 4860066;www.ve-to.com;ve-to.com;TET - Elektrik ve Elektronik İhracatçıları Birliği
NORM TIBBI URUNLER ITH.IHR.SAN VE TIC.LTD.STI.;NASUH AKAR MAH. 1403 SOK. NO:3 BALGAT ÇANKAYA ANKARA;(312) 2840080;www.normltd.net;normltd.net;TET - Elektrik ve Elektronik İhracatçıları Birliği
FİKA FİŞLİ KABLO İMALATI SAN. TİC. LTD. ŞTİ.;MEHMET AKİF ERSOY MAH REŞAT NURİ GÜNTEKİN CADDESİ NO:60/A ARNAVUTKÖY İSTANBUL;(212) 5670558;http://www.fika.com.tr;fika.com.tr;TET - Elektrik ve Elektronik İhracatçıları Birliği
SOLO TEKNOLOJİ SANAYİ VE TİCARET LİMİTED ŞİRKETİ;HASANPAŞA MAH. UZUNÇAYIR CAD. KONUR İŞ MERKEZİNO: 2 İÇ KAPI NO: 42 KADIKÖY İSTANBUL;(216) 3266000;http://www.soloteknoloji.com.tr;soloteknoloji.com.tr;TET - Elektrik ve Elektronik İhracatçıları Birliği
LUA OPTOMEKATRONİK ARGE ANONİM ŞİRKETİ;MALTEPE MAH. ESKİ ÇIRPICI YOLU SK. PARİMA PLAZA NO8/14 ZEYTİNBURNU İSTANBUL;(212) 0000000;https://luabiosciences.com/;luabiosciences.com;TET - Elektrik ve Elektronik İhracatçıları Birliği
LVL AYDINLATMA VE KONTROL SİSTEMLERİ SAN.VE TİC.LTD.ŞTİ;ÇAVUŞBAŞI ÇENGELDERE MAH.CUMHURİYET CAD.NO:194 BEYKOZ İSTANBUL;(216) 4791090;www.lvl.com.tr;lvl.com.tr;TET - Elektrik ve Elektronik İhracatçıları Birliği
ASİST ALÜMİNYUM PROFİL SAN. VE TİC. A.Ş.;KIZILCIKDERE O.S.B.2. CAD. N:2 MERKEZ KIRKLARELİ;(288) 2634415;www.asistal.com;asistal.com;TET - Elektrik ve Elektronik İhracatçıları Birliği
MRO TEKNİK SERVİS SAN. VE TİC. A.Ş.;SABİHA GÖKÇEN HAVAALANI SANAYİ MAH.İÇ YOLU CAD. NO:1 KURTKÖY PENDİK İSTANBUL;(216) 5880570;www.mytechnic.aero;mytechnic.aero;TET - Elektrik ve Elektronik İhracatçıları Birliği
METKON MÜHENDİSLİK VE DIŞ TİCARET A. Ş.;DEMIRTAŞ ORG. SAN. BOLG. ALI OSMAN SONMEZ CAD. NO:14 OSMANGAZİ BURSA;02242611840;www.metkon.com;metkon.com;TET - Elektrik ve Elektronik İhracatçıları Birliği
GERTNER SERVICE İTHALAT İHRACAT VE TİCARET ANONİM ŞİRKETİ;ŞERİFALİ MH BÜYÜK YAVUZ SK 28|30 HİDESİDE BUSİNESS REZİDANCE D:4 ÜMRANİYE İSTANBUL;(216) 2324006;www.gartnerservice.com.tr;gartnerservice.com.tr;TET - Elektrik ve Elektronik İhracatçıları Birliği
TEKİMSAN TEKNİK İNŞ.VE MAKİNA SAN.MİMARLIK MUH.TİC.LTD.ŞTİ.;FERHATPASA MAH. G 17 S. N:112 KARTAL İSTANBUL;02164718255;www.tekimsan.com.tr;tekimsan.com.tr;TET - Elektrik ve Elektronik İhracatçıları Birliği
İSTANBUL KİLİT SANAYİ TİCARET ANONİM ŞİRKETİ;HASTANE MH.HADIMKÖY İSTANBUL CD NO:3 ARNAVUTKÖY İSTANBUL;(212) 5498109;www.istanbulkilit.com;istanbulkilit.com;TET - Elektrik ve Elektronik İhracatçıları Birliği
OZSAY DENIZ ELEKTRONİĞİ ANONİM ŞİRKETİ;ESENTEPE MAHALLESİ İNÖNÜ CADDESİ KARTAL KULE NO:147 KAT:17 KARTAL İSTANBUL;02164933610;www.ozsay.com;ozsay.com;TET - Elektrik ve Elektronik İhracatçıları Birliği
İMPEKS GRUP İNŞAAT İTHALAT İHRACAT SANAYİ TİCARET LİMİTED ŞİRKETİ;CEVİZLİ MH ZUHAL CD RİTİM İSTANBUL B BLOK NO:44/44 MALTEPE İSTANBUL;(216) 3925458;www.impeks-grup.com;impeks-grup.com;TET - Elektrik ve Elektronik İhracatçıları Birliği
ROTA ELEKTRIK MALZ.SANAYI VE TICARET LTD.STI.;OKÇUMUSA CAD. MIDILLI SOKAKGOLDAGI IS MERK.NO:2/205 K:2 BEYOĞLU İSTANBUL;02122431180;www.rotaelektrik.com.tr;rotaelektrik.com.tr;TET - Elektrik ve Elektronik İhracatçıları Birliği
FAMİPA DIŞ TİCARET LİMİTED ŞİRKETİ;MAHMUTBEY MH İSTOÇ TİCARET MERKEZİ 2 ADA NO:132-138 BAĞCILAR İSTANBUL;(212) 6593511;www.famipa.com.tr;famipa.com.tr;TET - Elektrik ve Elektronik İhracatçıları Birliği
HERMAK MEKATRONİK MÜHENDİSLİĞİ VE MAKİNA SAN. TİC. A.Ş.;ŞEKERPINAR MAH.AYÇİÇEK SOK.N:36 ÇAYIROVA KOCAELİ;(262) 6589231;www.hermak.com.tr;hermak.com.tr;TET - Elektrik ve Elektronik İhracatçıları Birliği
TASARIM YAPI SAUNA HAVUZ INŞ. SAN.IÇ VE DIŞ TIC.LTD.ŞTI;ATATÜRK BULV. NO:100 B-104 İKİTELLİ OSB 34260 İKİTELLİ BAŞAKŞEHİR İSTANBUL;(212) 4860666;www.juno.com.tr;juno.com.tr;TET - Elektrik ve Elektronik İhracatçıları Birliği
SEMBOL TRAFO ENERJİ ELEKTRİK SANAYİ TİCARET LİMİTED ŞİRKETİ;İVEDİKOSB MAH. 1467 CAD. NO: 4 H YENİMAHALLE ANKARA;(312) 5664181;http://www.sembolenerji.com;sembolenerji.com;TET - Elektrik ve Elektronik İhracatçıları Birliği
DENPAR MAKİNA SAN. TİC. A.Ş.;ÖZBEK SOK. NO:01 KAVACIK BEYKOZ ANADOLUHİSARI BEYKOZ İSTANBUL;(212) 3461332;www.denpar.com;denpar.com;TET - Elektrik ve Elektronik İhracatçıları Birliği
İTAL ENDÜSTRİYEL MAKİNALAR ITHALAT IHRACAT SANAYİ VE TİCARET ANONİM ŞİRKETİ;ÇERKEŞLİ OSB MAH. IMES-8.CAD. NO:3 DÜKKAN:1 ÇERKEŞLİ OSB DİLOVASI KOCAELİ;(262) 6551770;https://italmakina.com.tr/;italmakina.com.tr;TET - Elektrik ve Elektronik İhracatçıları Birliği
TÜRKELİ DIŞ TİCARET MÜHENDİSLİK LİMİTED ŞİRKETİ;KEMAL TÜRKLER MAH. ÖZDUMAN SK. NO: 7 A SANCAKTEPE İSTANBUL;(216) 6209811;http://turkelienerji.com/;turkelienerji.com;TET - Elektrik ve Elektronik İhracatçıları Birliği
İNES DIŞ TİCARET VE DENİZCİLİK LTD.ŞTİ.;AKŞEMSETTİN MAH. HALICILAR CAD. NO:109/111 D.2 FATİH İSTANBUL;(212) 6353590;www.inesticaret.com;inesticaret.com;TET - Elektrik ve Elektronik İhracatçıları Birliği
K.S.V REKLAM TAITIM İNŞAAT ELEKTRİK SANAYİ VE TİCARET LİMİTED ŞİRKETİ;5646 SOK. NO:21 MERİÇ 35090 BORNOVA, İZMİR, TÜRKİYE BORNOVA İZMİR;(232) 4580787;www.ksvreklam.com.tr;ksvreklam.com.tr;TET - Elektrik ve Elektronik İhracatçıları Birliği
FEYZA MAKİNA BİLİŞİM TEKNONOLOJİLERİ KAĞIT İTHALAT İHRACAT TİC. A. Ş.;MACUN MH.BATI BLV.ATB İŞ MRK.NO:1/254 YENİMAHALLE ANKARA;(312) 3873891;www.feyzabilisim.com;feyzabilisim.com;TET - Elektrik ve Elektronik İhracatçıları Birliği
İNOLAMS MOTOR SANAYİ ANONİM ŞİRKETİ;GEDELEK MAH. AÇMALAR SANAYİ SİTESİ SK. NO: 16İÇ KAPI NO: 2 ORHANGAZİ BURSA;(224) 0000000;https://www.inolams.com/;inolams.com;TET - Elektrik ve Elektronik İhracatçıları Birliği
ÜMELSAN ELEKTRİK İNŞ. DAY. TÜK. MAL. SAN. TİC. LTD. ŞTİ.;İSTANBUL CAD. UFUK APT. NO:93/B YALOVA YALOVA;(226) 8121829;online-umelsan.com;online-umelsan.com;TET - Elektrik ve Elektronik İhracatçıları Birliği
VOLT MÜHENDİSLİK ELEKTRİK İNŞAAT VE SANAYİ TİCARET LİMİTED ŞİRKETİ;MEVLANA MAHALLESİ 849. SOKAK NO:12/A GEBZE KOCAELİ;(262) 6418658;https://voltmuhendislik.com/;voltmuhendislik.com;TET - Elektrik ve Elektronik İhracatçıları Birliği
AHMET SİLPAĞAR;KUCUKLANGA C. N:27 34300 FATİH İSTANBUL;02125295631;www.cagataydis.com.tr;cagataydis.com.tr;TET - Elektrik ve Elektronik İhracatçıları Birliği
MLS TEKNİK ELEKTRİK SAN. VE TİC. A.Ş.;PELİTLİ MAH.TAVŞANLI YOLU CAD.N:170 GEBZE KOCAELİ;(262) 7541409;www.teknikelektrik.info.tr;teknikelektrik.info.tr;TET - Elektrik ve Elektronik İhracatçıları Birliği
CRATİS TEKNOLOJİ BİLİŞİM VE YAZILIM ANONİM ŞİRKETİ;ADALET MAHALLESİ MANAS BULV. NO:39 İÇ KAPI NO:1901 BAYRAKLI İZMİR;;http://www.cratis.com.tr/;cratis.com.tr;TET - Elektrik ve Elektronik İhracatçıları Birliği
LYS ECA DIŞ TİCARET LİMİTED ŞİRKETİ;KÜPLÜCE MAH. BEYBOSTANI SK. KARADENİZ APT NO 21/C ÜSKÜDAR İSTANBUL;(216) 0000000;http://www.lyseca.com;lyseca.com;TET - Elektrik ve Elektronik İhracatçıları Birliği
ENTEGRE KONTROL SISTEMLERI SANAYI VE TICARET LTD.STI.;PLAZA 519 BAĞDAT CAD. NO. 519 K-4CEVİZLİ CEVİZLİ MALTEPE İSTANBUL;(216) 4421132;www.integrol.com;integrol.com;TET - Elektrik ve Elektronik İhracatçıları Birliği
ASSA ABLOY KİLİTLEME SİSTEMLERİ SAN. VE TİC. LTD. ŞTİ.;İKİTELLİ O.S.B. İPKAS 3.ETAP C BLOK BAŞAKŞEHİR İSTANBUL;(212) 5034100;www.assaabloy.com.tr;assaabloy.com.tr;TET - Elektrik ve Elektronik İhracatçıları Birliği
TAMSA MAKINA PAZARLAMA VE DIS. TIC.LTD.STI.;ŞEHİT İSMAİL ÖZ SOK. NO:33/A İÇERENKÖY ATAŞEHİR/İSTANBUL KADIKÖY İSTANBUL;02163469713;www.tamsamakina.com;tamsamakina.com;TET - Elektrik ve Elektronik İhracatçıları Birliği
BARKODES BILG.SIST.BILGI ILET. YAZ.VE TIC.LTD.STI.;ALTAY ÇEŞME MAH.SANAYI SOK.DEMIRLI SIT.B BL.NO:8 MALTEPE İSTANBUL;02164422062;www.barkodes.com.tr;barkodes.com.tr;TET - Elektrik ve Elektronik İhracatçıları Birliği
YASKAWA TURKEY ELEKTRİK TİCARET LTD. ŞTİ.;ŞERİFALİ MAH. BARBAROS CAD. NO:24 ÜMRANİYE İSTANBUL;(216) 5273450;www.yaskawa.eu.com;yaskawa.eu.com;TET - Elektrik ve Elektronik İhracatçıları Birliği
DENİZ METAL İTH.İHR.PAZ.SAN. V E TİC.LTD.ŞTİ.;MESUT CEMİL SOKAK NO: 22B MECİDİYEKÖY ŞİŞLİ İSTANBUL;(212) 2920232;www.denizmtl.com;denizmtl.com;TET - Elektrik ve Elektronik İhracatçıları Birliği
ENERVİA ENERJİ ANONİM ŞİRKETİ;ATATÜRK MAH. ERTUĞRULGAZİ SK. METROPOL ISTANBUL A BLOKNO:2E/331 ATAŞEHİR İSTANBUL;(212) 5523474;https://www.enerviaenergy.com/;enerviaenergy.com;TET - Elektrik ve Elektronik İhracatçıları Birliği
MASSPRO YAPI İNŞAAT VE PAZ.DIŞ TİC.LTD.ŞTİ.;OSB HESCOOP IBLOK 21 İKİTELLİ BAŞAKŞEHİR İSTANBUL;(212) 6718642;www.masspro.com.tr;masspro.com.tr;TET - Elektrik ve Elektronik İhracatçıları Birliği
SAREM MAKİNA SANAYİ VE TİCARET LİMİTED ŞİRKETİ;AKÇABURGAZ MAH. 3108 SOKAK NO:12 ESENYURT İSTANBUL;(212) 6713566;www.sarem.com.tr;sarem.com.tr;TET - Elektrik ve Elektronik İhracatçıları Birliği
INTER GROUP YAPI VE PROJE ÇÖZÜMLERİ SANAYİ TİCARET LİMİTED ŞİRKETİ;İDEALTEOE MH DİK SK NO:13/2 MALTEPE İSTANBUL;(216) 4757516;www.inter-sl.comsatis;inter-sl.comsatis;TET - Elektrik ve Elektronik İhracatçıları Birliği
AETES ELEKTRONİK ELEKTRİK İNŞ.SAN.VE TİC.LTD.ŞTİ.;ORHANGAZİ CAD.ADIM SOK. NO.16 MALTEPE İSTANBUL;(216) 4574526;www.aetes.com.tr;aetes.com.tr;TET - Elektrik ve Elektronik İhracatçıları Birliği
BROTCONN ENDÜSTRİYEL ÜRÜNLER TİCARET LİMİTED ŞİRKETİ;FEYZULLAH MAHALLESİ PLAJ YOLU SOKAK NO:8/1 MALTEPE İSTANBUL;(216) 3990093;http://www.brotconn.com;brotconn.com;TET - Elektrik ve Elektronik İhracatçıları Birliği
NOVIDION TIBBİ VE ELEKTRONİK ÜRÜNLER TİCARET LİMİTED ŞİRKETİ;ALTAYÇEŞME MAH. ATATÜRK CAD. TUNÇ SOK NO\2B MALTEPE İSTANBUL;(216) 3832343;www.novidion.com.tr;novidion.com.tr;TET - Elektrik ve Elektronik İhracatçıları Birliği
EVOGRUP MEDIKAL VE ENDÜSTRİYEL ELEKTRONİK MÜHENDİSLİK HİZM.SAN.TIC.LTD ŞTİ;MECİDİYEKÖY ŞEHİT AHMET SOK MECİDİYEKÖY İŞ MERKEZI NO:4/14 ŞİŞLİ /İSTANBUL ŞİŞLİ İSTANBUL;(212) 2160646;www.evogrp.com;evogrp.com;TET - Elektrik ve Elektronik İhracatçıları Birliği
ORTAÇLAR ELEKTRİK SAN. VE TİC. LTD. ŞTİ.;İBNİ SİNA CADESİ HADIMKÖY MAH N:9 ARNAVUTKÖY İSTANBUL;(212) 8581900;www.ortaclar.com.tr;ortaclar.com.tr;TET - Elektrik ve Elektronik İhracatçıları Birliği
ER-KALIP PLASTIK SAN.TIC.ANONİM ŞİRKETİ;RAMI KISLA CAD INCIRLIK SOKGUNDOGAR 2 ISM.K.2 N.151 EYÜP İSTANBUL;(212) 5443777;www.erkalip.com;erkalip.com;TET - Elektrik ve Elektronik İhracatçıları Birliği
BTA HAVALİMANLARI YİYECEK VE İÇECEK HİZMETLERİ ANONİM ŞİRKETİ;AYAZAĞA MAHALLESİ CENDERE CADDESİ, NO:109L 2C BLOK KAT:2 SARIYER İSTANBUL;(212) 4654130;www.bta.com.tr;bta.com.tr;TET - Elektrik ve Elektronik İhracatçıları Birliği
İLK-EL ELEKTRİK PANO SANAYİ VE TİCARET LİMİTED ŞİRKETİ;SEYRANTEPE MAH. KARAOĞLANOĞLU CAD.YAYINCILAR SOK. NO:8 KAĞITHANE İSTANBUL;02122643737;www.ilk-el.com.tr;ilk-el.com.tr;TET - Elektrik ve Elektronik İhracatçıları Birliği
FERAS VAJİH SANDOUKA;GÜNGÖREN MAH. TURGUT ÖZAL BLV. HİLAL İŞ MRK. NO: 64 E BLOK D:19 ÇEKMEKÖY İSTANBUL;(216) 4292479;www.alemsan.com;alemsan.com;TET - Elektrik ve Elektronik İhracatçıları Birliği
HCSI ULUSLARARASI HİZMETLER VE İNŞAAT ANONİM ŞİRKETİ;MOB MALSAK MH SUMER SK NO:4/K:5 SARIYER İSTANBUL;(212) 9248711;www.blharbert.com;blharbert.com;TET - Elektrik ve Elektronik İhracatçıları Birliği
TÜRKMAN DIŞ TİC.LTD.ŞTİ.;VELİEFENDİ ÖAH HOCA AHMET YESEVİ CD NO:110/B ZEYTİNBURNU İSTANBUL;(212) 6430591;www.türkmenleryapi.com.tr;türkmenleryapi.com.tr;TET - Elektrik ve Elektronik İhracatçıları Birliği
SEAMAC ENDÜSTRİYEL MUTFAK CİHAZLARI SANAYİ VE TİCARET A.Ş.;Y.DUDULLU DES SANAYİ SİTESİ 1.CADDE C3 BLOK NO32 ÜMRANİYE İSTANBUL;(216) 5402080;http://www.seamac.com.tr;seamac.com.tr;TET - Elektrik ve Elektronik İhracatçıları Birliği
SAMI TONGUN CAM ELYAFLI POLYESTER URUNLERI A.S.;DENIZLIKOYU DUZMESE MEVKII NO:28 GEBZE KOCAELİ;02627293363;www.tongunpano.com;tongunpano.com;TET - Elektrik ve Elektronik İhracatçıları Birliği
GAP KABLO SAN. VE TİC. LTD. ŞTİ.;OSMANGAZİ MAH. 3130 SOK. NO.6/2 KIRAÇ KIRAÇ ESENYURT İSTANBUL;(212) 8868618;www.gurfil.com;gurfil.com;TET - Elektrik ve Elektronik İhracatçıları Birliği
DEHA MÜH.ELEK.ELETRK.SAN.VE DIŞ TİC.LTD.ŞTİ.;PERPA TİC. MRK. B. BLOK KAT:5 NO:210 ŞİŞLİ İSTANBUL;(212) 2203631;www.dehamuhendislik.net;dehamuhendislik.net;TET - Elektrik ve Elektronik İhracatçıları Birliği
TUNAYLAR BASKUL SANAYI VE TICARET A.S.;AKÇABURGAZ MAH.3124.SOKAKNO:10 ESENYURT/İSTANBUL ESENLER İSTANBUL;(212) 8863900;www.tunaylar.com;tunaylar.com;TET - Elektrik ve Elektronik İhracatçıları Birliği
VITEL VERI ILETISIMI VE TELEK. SIST.SAN.VE TIC.A.S.;19 MAYIS MAHALLESİ İNÖNÜ CADDESİ YILDIZ SOKAK STFA B 7 BLOK NO:17/1 KOZYATAĞI KADIKÖY İSTANBUL;02122758932;www.vitel.com.tr;vitel.com.tr;TET - Elektrik ve Elektronik İhracatçıları Birliği
PHİXİ TEKNOLOJİ VE DIŞ TİCARET LİMİTED ŞİRKETİ;TAHTAKALE MAHALLESİ. TAHTAKALE CADDESİ.TAHTAKALE TİCARET MERKEZİ. : 18 / 112 FATİH İSTANBUL;(212) 9091050;www.phixi.com.tr;phixi.com.tr;TET - Elektrik ve Elektronik İhracatçıları Birliği
SURGİHOUSE MEDİKAL VE DIŞ TİCARET LİMİTED ŞİRKETİ;ORUÇ REİS MAH. TEKSTİLKENT CD. G2 BLOK NO:333 ESENLER İSTANBUL;(212) 4381005;http://www.surgihouse.com;surgihouse.com;TET - Elektrik ve Elektronik İhracatçıları Birliği
ANKA ELEKTRIK ELEKTRONIK OTOMASYON MEK.MAK.SAN.VE TIC.;18. CD NO :18 MELİKGAZİ KAYSERİ;03523212822;www.ankaelektrik.com;ankaelektrik.com;TET - Elektrik ve Elektronik İhracatçıları Birliği
SERYUM TEKNİK KİMYA LİMİTED ŞİRKETİ;BALAT MAHALLESİ SANAYİ CADDESİ NO:433 İÇ KAPI NO:37 NİLÜFER BURSA;(224) 5041000;http://www.seryumtk.com;seryumtk.com;TET - Elektrik ve Elektronik İhracatçıları Birliği
MEDISPO MEDIKAL TEKNIK SANAYI VE TICARET LTD.STI.;369. CD. 40/B DEMETEVLER EVLER YENİMAHALLE ANKARA;(312) 3346339;www.medispo.com.tr;medispo.com.tr;TET - Elektrik ve Elektronik İhracatçıları Birliği
ELLETİ DIŞ TİCARET ANONİM ŞİRKETİ;DERİ OSB MAH.KUZU SK.İSTANBUL DERİ OSB YB-34 NO:5 TUZLA İSTANBUL;(216) 4522323;www.emincelik.com;emincelik.com;TET - Elektrik ve Elektronik İhracatçıları Birliği
ŞALT OTOMASYON ELEKTRİK ELEKTRONİK SANAYİ TİCARET LİMİTED ŞİRKETİ;BUSAN SAN.SITESI KOSGEB CAD.NO:32 KARATAY KONYA;03323453181;www.saltotomasyon.com;saltotomasyon.com;TET - Elektrik ve Elektronik İhracatçıları Birliği
ZESA SAVUNMA TEKNOLOJİLERİ TİC LTD.ŞTİ.;CUMHURİYET MAH.NAZIM HİKMET BULVARINO.91 CONCEPTA PLAZA A BLOK K.12 D.95 ESENYURT İSTANBUL;(212) 0000000;www.zesasavunma.com.tr;zesasavunma.com.tr;TET - Elektrik ve Elektronik İhracatçıları Birliği
E.M.S. ELEKTRİK MOTOR SAN.VE TİC. LTD ŞTİ.;AYDINLI MAH. ESENLİK SOK. NO.1-2 TUZLA İSTANBUL;(216) 3936300;www.emsmotor.com;emsmotor.com;TET - Elektrik ve Elektronik İhracatçıları Birliği
SANMED TIBBİ CİHAZLAR SANAYİ VE TİCARET LİMİTED ŞİRKETİ;MUSTAFA KEMAL MAH. 2146 SOK. NO: 5/1 SÖĞÜTÖZÜ ÇANKAYA ANKARA;(312) 2197081;www.sanmed.com.tr;sanmed.com.tr;TET - Elektrik ve Elektronik İhracatçıları Birliği
MAYAPAZ ENDÜSTRİYEL MUTFAK MALZEMELERİ PAZARLAMA VE DIŞ TİCARET A.Ş.;KAVAKLI MAH. KAVAKLI CAD. NO:175.BAĞ. BÖLÜM ZEMİN KAT A BÖLÜMÜ KAVAKLI BEYLİKDÜZÜ İSTANBUL;(212) 6681892;www.mayapaz.com.tr;mayapaz.com.tr;TET - Elektrik ve Elektronik İhracatçıları Birliği
GEODESTEK ZEM.ZE.AR.PR.MÜ.YA.LA.Bİ.Sİ.E.İ.T.İ.İ.T.VE S.L.ŞTİ;KIZILCAŞAR MAH 23 NİSAN CAD. NO:28 GÖLBAŞI ANKARA;(312) 4601399;www.geodetsek.com;geodetsek.com;TET - Elektrik ve Elektronik İhracatçıları Birliği
ELEKTROSAN ELEKTRİK MALZEMELERİ TAAHHÜT VE TİCARET LİMİTED ŞİRKETİ;MERKEZ MAH.FEVZI CAKMAK CAD.43 BÜYÜKÇEKMECE İSTANBUL;02126898182;www.elektro-san.com;elektro-san.com;TET - Elektrik ve Elektronik İhracatçıları Birliği
AYROTEC MÜHENDİSLİK DANIŞMANLIK ÜRETİM SANAYİ VE TİCARET LTD. ŞTİ.;BARBAROS MAH. MOR SÜMBÜL SOK. TEKNİK YAPI DELUXİA PALACE A BLOK NO:5A D:404 ATAŞEHİR İSTANBUL;(216) 5041120;www.ayrotec.com;ayrotec.com;TET - Elektrik ve Elektronik İhracatçıları Birliği
BARFAS OTOMASYON TEKNOLOJİLERİ SANAYİ VE TİCARET LİMİTED ŞİRKETİ;2. OSB DURSUN BAK BLV. NO: 26 BAŞPINARORGANİZESANAYİ ŞEHİTKAMİL GAZİANTEP;(342) 3372693;www.barfas.com.tr;barfas.com.tr;TET - Elektrik ve Elektronik İhracatçıları Birliği
OMNI YAZILIM VE DONANIM TIC. VE SAN.A.S.;ZAVİYE SK. NO.10 PK.34718 KOŞUYOLU KADIKÖY İSTANBUL;(216) 4446664;www.omni.com.tr;omni.com.tr;TET - Elektrik ve Elektronik İhracatçıları Birliği
KARAOĞLU BASKÜL VE CERRAHİ ALETLER İMALAT SANAYİ VE TİCARET LİMİTED ŞİRKETİ;ISTIKLAL MAH 58.SOK NO:77 TEKKEKÖY SAMSUN;(362) 2386104;http://www.karaoglucerrahi.com.tr;karaoglucerrahi.com.tr;TET - Elektrik ve Elektronik İhracatçıları Birliği
GKS SAĞLIK VE KOZMETİK SANAYİ VE TİCARET A.Ş.;ESKİ ÜSKÜDAR CAD.UĞRAL SOK.GERÇEK İŞMERKEZİ NO:11 KAT:3 MALTEPE İSTANBUL;(216) 5892734;www.rapunzel-hair.com;rapunzel-hair.com;TET - Elektrik ve Elektronik İhracatçıları Birliği
HT CONTAINER STORE TIBBİ CİHAZLAR İTHALAT İHRACAT VE TİCARET ANONİM ŞİRKETİ;ESENEVLER MAHALLESİ 310. SOKAK NO: 43/6 ATAKUM SAMSUN;(362) 0000000;http://www.htcontainerstore.com;htcontainerstore.com;TET - Elektrik ve Elektronik İhracatçıları Birliği
MULTİCOM ELEKTRONİK VE HABERLEŞME SİSTEMLERİ SANAYİ VE TİCARET LİMİTED ŞİRKETİ;KORDONBOYU MAH. ANKARA CAD. IST MARINA B BLOK NO:147 B/369 KARTAL/İSTANBUL KARTAL İSTANBUL;(216) 7718484;www.multicom.com.tr;multicom.com.tr;TET - Elektrik ve Elektronik İhracatçıları Birliği
USENS ENERJİ ANONİM ŞİRKETİ;ADALET MAH ANADOLU CAD NO41/1 MYPLAZA D1803 BAYRAKLI İZMİR;(232) 2908411;http://www.u-sens.com;u-sens.com;TET - Elektrik ve Elektronik İhracatçıları Birliği
İSTANBUL REKLAM ÜRÜNLERİ SANAYİ VE TİCARET LİMİTED ŞİRKETİ;MERKEZ MAH. GENC OSMAN CAD. NO.1 GÜNGÖREN İSTANBUL;02125397313;www.istanbulreklam.com;istanbulreklam.com;TET - Elektrik ve Elektronik İhracatçıları Birliği
RICH STONE DIŞ TİCARET SANAYİ LİMİTED ŞİRKETİ;CUMHURİYET MAH. İNCİRLİ DEDE CAD. SINPAŞ NO: 8İÇ KAPI NO: 72 ŞİŞLİ/ İSTANBUL PK:34380 ŞİŞLİ İSTANBUL;(212) 9995662;www.richstone.com.tr;richstone.com.tr;TET - Elektrik ve Elektronik İhracatçıları Birliği
GÖKÇELİK ÇELİK EŞYA SANAYİ VE TİCARET A. Ş.;NİLÜFER ORGANİZE SAN. BÖLGESİNİLÜFER BULV. NO:12 NİLÜFER BURSA;(224) 4112000;www.gokcelik.com;gokcelik.com;TET - Elektrik ve Elektronik İhracatçıları Birliği
LUXİAL YAPI SİSTEMLERİ SANAYİ VE TİCARET LİMİTED ŞİRKETİ;YENİBOSNA MERKEZ MH YALÇIN KOREŞ CD TİCARET MERKEZİ NO:14/1/1 BAHÇELİEVLER İSTANBUL;(212) 4384790;www.luxial.com;luxial.com;TET - Elektrik ve Elektronik İhracatçıları Birliği
HAUSTEK ELEKTRIKLI ALETLER SAN . VE DIS TIC.LTD.STI.;MURADİYE MAH. DR. ORHANAKSOYOSB CAD. BLOK NO: 5 YUNUS EMRE MANİSA;;www.haustek.de;haustek.de;TET - Elektrik ve Elektronik İhracatçıları Birliği
ÜNİVERSAL DEKOR SANAYİ VE DIŞ TİC. LTD. ŞTİ.;ABDURRAHMAN NAFİZ GÜRMAN MAH. MEHMET AKİF CAD. TURUNCLU SOK. NO. NO.25/2 MERTER GÜNGÖREN İSTANBUL;(212) 6385434;www.universaldecoration.com;universaldecoration.com;TET - Elektrik ve Elektronik İhracatçıları Birliği
IME GENERAL COMPONENTS ELK.ELEKTRO.İTH.İHR.LTD.ŞTİ.;ELEKTROKENT PERPA TİC.MERK.A BLOK KAT:8NO:925-927 OKMEYDANI ŞİŞLİ İSTANBUL;(212) 2100507;www.imeturkey.com;imeturkey.com;TET - Elektrik ve Elektronik İhracatçıları Birliği
NEW WAY İTHALAT İHRACAT VE TİCARET LİMİTED ŞİRKETİ;GÖZTEPE MH BATIŞEHİR CD BATİŞEHİR SİT K1 BLOK NO:2/1/38 BAĞCILAR İSTANBUL;(212) 4855950;www.newwaytr.com;newwaytr.com;TET - Elektrik ve Elektronik İhracatçıları Birliği
ANALİTİKA LABORATUVAR VE PROSES KONTROL CİH. SAN. TİC. LTD. ŞTİ.;IÇERENKÖY MAH. MERKEZ CAMII SK. IÇEREN KOY ISMERKEZI NO: 15 -17 IÇ KAPI NO: 16 ATAŞEHİR İSTANBUL;(216) 4563695;www.analitika.com.tr;analitika.com.tr;TET - Elektrik ve Elektronik İhracatçıları Birliği
AKDENİZ KIRTASİYE LÜKS HIRDAVAT ANAHTARLIK VE HEDİYELİK EŞYA SAN. TİC. LTD. ŞTİ.;İSTOÇ TİCARET MERKEZİ 2444. SOKAK 23. ADA NO: 35 BAĞCILAR İSTANBUL;(212) 5207699;www.akdenizpromosyon.com;akdenizpromosyon.com;TET - Elektrik ve Elektronik İhracatçıları Birliği
ESAOTE BIOMEDICA MEDIKAL SISTEMLER ANONİM ŞİRKETİ;MERDİVENKÖY MAHALLESİ LÜTFİYE SOKAK NO:4 BEYAZKÖŞK KADIKÖY İSTANBUL;(216) 5669010;www.esaoteturkey.com;esaoteturkey.com;TET - Elektrik ve Elektronik İhracatçıları Birliği
TRİWATT ELEKTRİK VE OTOMASYON SANAYİ VE TİCARET LİMİTED ŞİRKETİ;GÖZTEPE MAH. BATISEHIR CAD. BATISEHIR K BLOK NO: 2 IÇ KAPI NO: 094 BAĞCILAR İSTANBUL;;http://www.triwatt.com.tr;triwatt.com.tr;TET - Elektrik ve Elektronik İhracatçıları Birliği
TGS ELEKTRONİK MÜHENDİSLİK YAZILIM SANAYİ VE TİCARET LİMİTED ŞİRKETİ;KAZLIÇEŞME MH 245 SK NO:5 ZEYTİNBURNU İSTANBUL;(212) 6916133;www.tgselektronik.com;tgselektronik.com;TET - Elektrik ve Elektronik İhracatçıları Birliği
VERIFONE ELEKTRONIK VE DANISMANLIK LTD.STI.;İ.T.Ü AYAZAĞA KAMPÜSÜ KORU YOLARI 3 BİNASI K:10 NO: 1002-1004 MASLAK ŞİŞLİ İSTANBUL;02122763388;www.verifone.com;verifone.com;TET - Elektrik ve Elektronik İhracatçıları Birliği
KGM AĞIR MAKİNA SAN.VE TİC.A.Ş.;KARADENIZ MAH.ERTUGRULGAZI CADNO:6 KÜÇÜKKÖY GAZİOSMANPAŞA İSTANBUL;02125377113;www.kgmas.com.tr;kgmas.com.tr;TET - Elektrik ve Elektronik İhracatçıları Birliği
ELSIS ELEKTRONIK SISTEMLER SANAYI A.S.;OZANADOLU SIT.1467 CAD. 1465 SOK. NO.43İVEDİK OSB YENİMAHALLE ANKARA;(312) 3954477;www.elsis.com.tr;elsis.com.tr;TET - Elektrik ve Elektronik İhracatçıları Birliği
ERDOĞANLAR ALÜMİNYUM SAN. VE TİC. AŞ;ATATÜRK MAH. ORHAN VELİ CAD. NO:9 KIRAÇ ESENYURT İSTANBUL;(212) 8865577;www.erdoganlar.com;erdoganlar.com;TET - Elektrik ve Elektronik İhracatçıları Birliği
HAYAT KART BİLİŞİM TEKNOLOJİLERİ A.Ş.;ÇOBANÇEŞME MAH.KALENDERE SOKAK NO.7 K.3 D.2 YENİBOSNA BAHÇELİEVLER İSTANBUL;(212) 6393650;www.hayatteknoloji.com;hayatteknoloji.com;TET - Elektrik ve Elektronik İhracatçıları Birliği
OTTOMAN DIS TICARET VE MUTFAK GERECLERİ SANAYİ PAZARLAMA ANONİM ŞİRKETİ;İKİTTELİ ORG. SAN. BÖL. S. DEMIREL BLV. 23.CAD. HESKOP SAN SIT. S1 BLK. NO.7 BAŞAKŞEHİR İSTANBUL;(212) 6704175;www.ottmanmutfak.com;ottmanmutfak.com;TET - Elektrik ve Elektronik İhracatçıları Birliği
MANAY KABLO SANAYİ TİCARET LİMİTED ŞİRKETİ;ALAADDİNBEY MAH. 632. SK. BAYKAL PLAZA NO: 1 O NİLÜFER BURSA;(212) 4931247;http://www.manaykablo.com;manaykablo.com;TET - Elektrik ve Elektronik İhracatçıları Birliği
İRTU ELEKTROMEKANİK SANAYİ VE TİCARET LİMİTED ŞİRKETİ;ORTATEPE MAH. AKTEPE CAD. KINALIKAR SOK. NO:19 ORHANLI TUZLA İSTANBUL;(216) 4875465;www.irtugroup.com.tr;irtugroup.com.tr;TET - Elektrik ve Elektronik İhracatçıları Birliği
NICE İSTANBUL MAK. SAN.VE TIC.L TD.STI.;SANAYİ CAD. KEYAP F2 BLOK NO:98 YUKARIDUDULLU ÜMRANİYE İSTANBUL;(216) 6447036;www.nice.com.tr;nice.com.tr;TET - Elektrik ve Elektronik İhracatçıları Birliği
YILDIZ AVIZE SANAYI VE TICARET A.S.;AVIZECILER SAN.SIT.ESENTEPEMAH.2969 S.S BLOK N:15 GAZİOSMANPAŞA İSTANBUL;02124767600;www.yildizavize.com;yildizavize.com;TET - Elektrik ve Elektronik İhracatçıları Birliği
DİNAKORD ELEKTRONİK SANAYİ VE TİCARET ANONİM ŞİRKETİ;DUATEPE MAH.SAHADET SOK.NO.4 ŞİŞLİ İSTANBUL;02122967778;www.atlantik.com.tr;atlantik.com.tr;TET - Elektrik ve Elektronik İhracatçıları Birliği
TLY ENERJİ VE SAVUNMA SANAYİ ANONİM ŞİRKETİ;KEMALPAŞA,GÜMRÜKÇÜLER CAD. 13/86 İZMİT KOCAELİ;(850) 8880859;https://tlyenerji.com.tr/;tlyenerji.com.tr;TET - Elektrik ve Elektronik İhracatçıları Birliği
ESS TEKNOLOJİ MÜHENDİSLİK DIŞ TİC.LTD.ŞTİ;MUSTAFA KEMAL MAH. DUMLUPINAR BULV. NO:274/7 İÇ KAPI : 150 06400 ÇANKAYA ANKARA;(312) 9631779;www.ess-tek.com;ess-tek.com;TET - Elektrik ve Elektronik İhracatçıları Birliği
ANOT MAKİNA KALIP PLASTİK SANAYİ VE TİCARET ANONİM ŞİRKETİ;75. YIL OSB. MAH. 31 CAD. NO:26 ODUNPAZARI ESKİŞEHİR;(222) 2361616;www.anot.com.tr;anot.com.tr;TET - Elektrik ve Elektronik İhracatçıları Birliği
NETSİTE İLETİSİM VE ELEKTRONİK SİSTEMLERİ SANAYİ VE TİCARET ANONİM ŞİRKETİ;ATATÜRK MAH. SEDEF SOK. A3-2 BLK D.64 ATAŞEHİR İSTANBUL;(216) 6883625;www.netsite.com.tr;netsite.com.tr;TET - Elektrik ve Elektronik İhracatçıları Birliği
BARAKAT YAPI SAN. TİC. A.Ş.;ALTUNİZADE MAH. MAHİR İZ CAD. A BLOK NO:9/2/1 ÜSKÜDAR İSTANBUL;(216) 5377800;www.barakatyapi.com;barakatyapi.com;TET - Elektrik ve Elektronik İhracatçıları Birliği
SARAÇ TEKNİK HIRDAVAT A.Ş.;YUKARI DUDULLU MH NATO YOLU CD NO:165/A ÜMRANİYE İSTANBUL;(216) 3119297;www.saracteknik.com.tr;saracteknik.com.tr;TET - Elektrik ve Elektronik İhracatçıları Birliği
ERETNA TIBBİ CİHAZLAR SANAYİ VE TİCARET LİMİTED ŞİRKETİ;BAĞLARBAŞI MAH. SAKARYA SOK. NO:13 PK:34844 MALTEPE İSTANBUL;(216) 4700560;www.eretna.eu;eretna.eu;TET - Elektrik ve Elektronik İhracatçıları Birliği
BAKYAPI İNŞAAT ENERJİ MADENCİLİK SANAYİ VE TİCARET ANONİM ŞİRKETİ;ALAADDİNBEY MAH. ATİLLA TATVEREN CAD. NO:6 C/1 NİLÜFER BURSA;(224) 2498565;http://www.bakyapi.com.tr;bakyapi.com.tr;TET - Elektrik ve Elektronik İhracatçıları Birliği
ECS PANO KONTROL SİSTEMLERİ SAN. VE TİC. LTD. ŞTİ.;İKİTELLİ OSB MUTFAK SAN. SİT. M10 BLK NO.46-56 BAŞAKŞEHİR İSTANBUL;(212) 5286528;www.dinamikgroup.net;dinamikgroup.net;TET - Elektrik ve Elektronik İhracatçıları Birliği
ANKARA BEŞER ECZA DEPOSU VE İLAÇ PAZARLAMA ANONİM ŞİRKETİ;ALTINEVLER MAH. PLEVNE CAD.ASLANAGZI SOK. BESER IS MRK. NO:3 MAMAK ANKARA;(312) 3538999;www.beserecza.com;beserecza.com;TET - Elektrik ve Elektronik İhracatçıları Birliği
TEOMAN KUPELI;GIYIMKENT D6/B/55 NO:27 ESENLER İSTANBUL;02124382949;www.transdisticaret.com;transdisticaret.com;TET - Elektrik ve Elektronik İhracatçıları Birliği
ÖZGÜLMAK PLASTİK MAKİNALARI SANAYİ VE DIŞ TİCARET LİMİTED ŞİRKETİ;MERMERCİLER SAN. SİT. 4. CAD. NO:4/B YAKUPLU BEYLİKDÜZÜ İSTANBUL;(212) 5675524;www.ozgulmak.com.tr;ozgulmak.com.tr;TET - Elektrik ve Elektronik İhracatçıları Birliği
TURKIYE GARANTI BANKASI A.S.;LEVENT NISPETIYE MAH. AYTAR CAD. 2 BEŞİKTAŞ İSTANBUL;02123181818;www.garanti.com.tr;garanti.com.tr;TET - Elektrik ve Elektronik İhracatçıları Birliği
BF MEDİKAL SANAYİ İTHALAT İHRACAT TİCARET LİMİTED ŞİRKETİ;FERİDUN ÇELİK MAH.1743. SOK NO:6/B ALTINDAĞ ANKARA;;http://sterivision.com.tr;sterivision.com.tr;TET - Elektrik ve Elektronik İhracatçıları Birliği
EFB ELEKTRONIK ITH.IHR.UR.TIC. VE PAZ.LTD.STI.;PERPA TIC.MERK.A BL.K.5 NO.71 ŞİŞLİ İSTANBUL;02122229250;www.efb-elektronik.com.tr;efb-elektronik.com.tr;TET - Elektrik ve Elektronik İhracatçıları Birliği
GRETSCH-UNITAS YAPI ELEMANLARI SAN.VE TİC.A.Ş.;OSMAN GAZI MAH. SEVIL CAD. NO 2 SANCAKTEPE İSTANBUL;0(216) 3117940;www.g-u.com.tr;g-u.com.tr;TET - Elektrik ve Elektronik İhracatçıları Birliği
TAKSEM İNŞAAT VE İTHALAT İHRACAT TİCARET LİMİTED ŞİRKETİ;ESENTEPE MAH.ECZA SOK. POL CENTER C BLOK N:4/1 ŞİŞLİ İSTANBUL;;www.taksem.com;taksem.com;TET - Elektrik ve Elektronik İhracatçıları Birliği
VESTA TEKNOLOJİK SİSTEMLER VE MÜHENDİSLİK SANAYİ TİCARET ANONİM ŞİRKETİ;CİHANNÜMA MAH. ABBASAĞA ARALIĞI SOK. MEHTAP APT. NO:4/4 BEŞİKTAŞ İSTANBUL;(212) 4932896;http://www.vestamuhendislik.com.tr;vestamuhendislik.com.tr;TET - Elektrik ve Elektronik İhracatçıları Birliği
BERİCAP KAPAK SANAYİ ANONİM ŞİRKETİ;BEYLİKBAĞI MAH.ÇELİKOĞLU CAD.NO.153 GEBZE KOCAELİ;02626532590;www.bericap.com;bericap.com;TET - Elektrik ve Elektronik İhracatçıları Birliği
AL NALBURİYE HIRDAVAT TİCARET VE SAN. LTD. ŞTİ.;KARAKÖY ARAP CAMI MAH. KUREKCILERCAD. NO:37 BEYOĞLU İSTANBUL;;www.al.com.tr;al.com.tr;TET - Elektrik ve Elektronik İhracatçıları Birliği
TVH YEDEK PARÇA TİC. A.Ş.;İKİTELLİ O.S.B. DEMİRCİLER SANAYİ SİTESİ A2 BLOK NO:32 BAŞAKŞEHİR İSTANBUL;(212) 6714884;www.tvh.com;tvh.com;TET - Elektrik ve Elektronik İhracatçıları Birliği
FEDESİGN İÇ MİMARLIK SANAYİ TİCARET LİMİTED ŞİRKETİ;TOPÇULAR MAH RAMİ KIŞLA CD TİKVEŞLİ DK NEF 2 HALİÇ NO:4 N BLOK D:31 EYÜP İSTANBUL;(212) 5612706;www.desingfe.com;desingfe.com;TET - Elektrik ve Elektronik İhracatçıları Birliği
KENTTUR MUHENDISLIK VE PAZ.A.S;BOSTANCI YOLU BEYIT SK.N:64 ÜMRANİYE İSTANBUL;02164997710;www.kenttur.com;kenttur.com;TET - Elektrik ve Elektronik İhracatçıları Birliği
TARGET ELEKTRO OPTİK SİSTEMLER ÜRETİM PAZARLAMA İTHALAT İHRACAT SANAYİ VE TİCARET ANONİM ŞİRKETİ;FATİH SULTAN MAHALLESİ 2700.CD. ARP KULE BİNA NO:3KAT:17 DAİRE NO:34 ETİMESGUT ANKARA;(312) 9994024;http://www.teops.com.tr;teops.com.tr;TET - Elektrik ve Elektronik İhracatçıları Birliği
NOVA TMG MADENCİLİK MÜH.İNŞ.MAK.SAN.VE DIŞ TİC.LTD.ŞTİ.;BAĞCILAR MAH.1103 SOK.BİRTANE PLAZANO:4/22 BAĞLAR DİYARBAKIR;(412) 2520673;www.novatmg.com;novatmg.com;TET - Elektrik ve Elektronik İhracatçıları Birliği
KOSAN KOZMETIK PAZARLAMA VE TICARET ANONİM ŞİRKETİ;GEBZE ORGANİZE SANAYİ BÖLGESİ IHSAN DEDE CAD. NO: 133 GEBZE KOCAELİ;(262) 7510333;www.flormar.com;flormar.com;TET - Elektrik ve Elektronik İhracatçıları Birliği
BOSFORO MÜHENDİSLİK PROJE MAKİNA VE ENERJİ SANAYİ TİCARET LİMİTED ŞİRKETİ;69. SOK . NO: 44 FERHATPAŞA İÇERENKÖY ATAŞEHİR İSTANBUL;(216) 5508070;www.bosforo.org;bosforo.org;TET - Elektrik ve Elektronik İhracatçıları Birliği
DUBA ELEKTRONİK İLETİŞİM SİSTEMLERİ SANAYİ VE TİCARET ANONİM ŞİRKETİ;ABDÜLHAKHAMİT CAD.NO:62/6 BEYOĞLU İSTANBUL;02122357684;www.duba.com.tr;duba.com.tr;TET - Elektrik ve Elektronik İhracatçıları Birliği
ARMENTUM MARİN ELEKTRİK OTOMASYON SANAYİ VE TİCARET LİMİTED ŞİRKETİ;İSTASYON MAH. ILICA SOK. ÖZATİK SİT. E1-2-3 BLOKLA NO: 6A TUZLA İSTANBUL;(216) 5735530;http://armentumelectric.com/;armentumelectric.com;TET - Elektrik ve Elektronik İhracatçıları Birliği
AK BORU ELEKTRIK MALZ.SAN.TIC. LTD.STI.;PERPA TIC.MERK. A BLOK KAT 8 NO.702 ŞİŞLİ İSTANBUL;02122102526;www.akboru.com;akboru.com;TET - Elektrik ve Elektronik İhracatçıları Birliği
ARTIM METAL ELEKTRİK SAN. TİC. A.Ş.;YEŞİLBAYIR MAH. HADIMKÖY İSTANBUL CAD. NO:130 B HADIMKÖY(BOYALIK) ARNAVUTKÖY İSTANBUL;(212) 5494290;www.artimmetal.com;artimmetal.com;TET - Elektrik ve Elektronik İhracatçıları Birliği
VİSİON BİYOTEKNOLOJİ ARAŞ.GELŞ.LAB.SİST.SAN VE TIC LTD STİ;ALEMDAĞ CAD. HIRA İŞ HANI NO:742 A PK:34760 YUKARI DUDULLU 34010 ÜMRANİYE, İSTANBUL, TÜRKİYEPK:34760 ÜMRANİYE İSTANBUL;(216) 2667985;www.visionbioteknologi.com;visionbioteknologi.com;TET - Elektrik ve Elektronik İhracatçıları Birliği
ŞULE KABLO ELEKTRİK İNŞ. GIDA MAD. SAN. VE TİC. LTD.ŞTİ.;SAADETDERE MAH. KAZIM KARABEKİR CAD. NO:3 K:1 ESENYURT İSTANBUL;(212) 4286442;www.sulekablo.com.tr;sulekablo.com.tr;TET - Elektrik ve Elektronik İhracatçıları Birliği
EMTRON ELEKTRONIK VE MEKANIK SANAYİ VE TICARET A.Ş.;NURİ PAŞA CADDESİ NO.158/1 YENİKÖY SARIYER İSTANBUL;(212) 2571787;www.emtron.com;emtron.com;TET - Elektrik ve Elektronik İhracatçıları Birliği
LUNAR MEDİKAL TIBBİ ELEKTRONİK SAN.VE TİC.LTD.ŞTİ.;KAYNARCA MAH.KAYIN SOK. NO.10/1 PENDİK İSTANBUL;(216) 4837828;www.lunarmedikal.com;lunarmedikal.com;TET - Elektrik ve Elektronik İhracatçıları Birliği
BAGDATLI TEKNIK HIRD.SAN.VEDIS TIC.LTD.STI.;KIŞLA CAD. APEK ÜRETMEN İŞ MERKEZİNO:61/145 EYÜP İSTANBUL;(212) 6124328;www.bagdatliteknik.com.tr;bagdatliteknik.com.tr;TET - Elektrik ve Elektronik İhracatçıları Birliği
GURBUZOGLU ELEKTRONIK SAN.VE TIC.LTD.STI.;ÇAMLITEPE CAD.NO.297/3-4 SİTELER SİTELER ALTINDAĞ ANKARA;03123503900;www.gemo.com.tr;gemo.com.tr;TET - Elektrik ve Elektronik İhracatçıları Birliği
GENTEK MEDİKAL VE TEKNİK CİHAZ TİCARET SANAYİ ANONİM ŞİRKETİ;SOKULLU MEHMET PASA MAH.AHMETHASIM CAD.29 ÇANKAYA ANKARA;03124800068;www.gentek.com.tr;gentek.com.tr;TET - Elektrik ve Elektronik İhracatçıları Birliği
ARCE PLASTİK İÇ VE DIŞ TİC. SAN. A.Ş.;ÇAVUŞOĞLU MAH. MEŞELİ AYAZMA CAD. MEŞELİ SOK: NO.22 KARTAL İSTANBUL;(216) 3893512;www.arceplastik.com;arceplastik.com;TET - Elektrik ve Elektronik İhracatçıları Birliği
İSSE LAZER TEKNOLOJİLERİ ANONİM ŞİRKETİ;İ.O.S.B ESKOOP SAN. SİT. C3 BLOK NO.88-104 BAŞAKŞEHİR İSTANBUL;(212) 6711564;www.lasersos.com.tr;lasersos.com.tr;TET - Elektrik ve Elektronik İhracatçıları Birliği
OSSA MEDİKAL VE BİLGİSAYAR TİCARET LTD. ŞTİ.;HALİLRIFATPAŞA MAH. PERPA TİCARET MRK. B BLOKKAT:9NO:1526 ŞİŞLİ İSTANBUL;(212) 5328101;www.ossamedikal.com.tr;ossamedikal.com.tr;TET - Elektrik ve Elektronik İhracatçıları Birliği
İNTEGRA BİLGİSAYAR SAN. VE TİC. LTD.ŞTİ.;KÜÇÜKBAKKALKÖY MAH. ÖNDER SOK.NO:24 /1-2-3 NOLU BAĞLI BÖLÜM ATAŞEHİR İSTANBUL;(216) 4104332;www.integrabil.com;integrabil.com;TET - Elektrik ve Elektronik İhracatçıları Birliği
İDESİS MÜHENDİSLİK SANAYİ VE DIŞ TİCARET LTD. ŞTİ.;NİSBETİYE MAH. NİSBETİYE CAD. NO:6C NİSBETİYE 34340 BEŞİKTAŞ, İSTANBUL, TÜRKİYE BEŞİKTAŞ İSTANBUL;;www.idesis.com.tr;idesis.com.tr;TET - Elektrik ve Elektronik İhracatçıları Birliği
BOĞAZİÇİ ENDÜSTRİYEL MUTFAK MAKİNALARI SANAYİ VE TİCARET LİMİTED ŞİRKETİ;KARADENİZ MH CEBECİ CD NO:171/A GAZİOSMANPAŞA İSTANBUL;(212) 9451490;www.bogazicimakina.com;bogazicimakina.com;TET - Elektrik ve Elektronik İhracatçıları Birliği
LABOR TEKNIK LAB.MALZ.SAN.VE TIC.A.S.;BAHCEKAPI RAHVANCI S.4 FATİH İSTANBUL;02125203180;www.labor-teknik.com;labor-teknik.com;TET - Elektrik ve Elektronik İhracatçıları Birliği
ENELKON OTOMASYON SAN. TİC. A.Ş.;DUDULLU O.S.B.MAH.İMES-308. SOK.N:20 ÜMRANİYE İSTANBUL;(216) 4999990;www.enelcon.com;enelcon.com;TET - Elektrik ve Elektronik İhracatçıları Birliği
TURHAN ÇELİK ENDÜSTRİYEL MUTFAK EKİPMANLARI SANAYİ VE TİCARET ANONİM ŞİRKETİ;NİŞANCA MAH MUSTAFAPAŞA CAD NO 13-1 EYÜP İSTANBUL;(212) 5770946;www.turhancelik.com;turhancelik.com;TET - Elektrik ve Elektronik İhracatçıları Birliği
EXOPANEL ELEKTRİK OTOMASYON SANAYİ VE TİCARET LİMİTED ŞİRKETİ;ORUÇREİS MAHALLESİ GİYİMKENT 12.SK. GİYİM KENT SİTB130 BLOK APT NO:49 A ESENLER İSTANBUL;(212) 9099821;http://www.exopanel.com.tr;exopanel.com.tr;TET - Elektrik ve Elektronik İhracatçıları Birliği
A-GRUP SES VE IŞIK SİST.MEDİKAL SAV.SAN.DAN.LTD.ŞTİ.;PİRİ REİS CADDESİ NO:2/15 ANKAJOB İŞSİTESİ ÇANKAYA ANKARA;(312) 4910006;www.agrup.net;agrup.net;TET - Elektrik ve Elektronik İhracatçıları Birliği
FONET FIBER OPTIK BILG.HIZM. LTD. STI.;PERPA TİCARET MERKEZİ A BLOK KAT.8 NO.915 ŞİŞLİ İSTANBUL;(212) 2207275;www.fonet.com.tr;fonet.com.tr;TET - Elektrik ve Elektronik İhracatçıları Birliği
ODSEL ELEKTRONIK SAN.VE TIC. A.S.;ORTA ÖLÇEKLİ SAN. BÖL. 14. SOK. NO:4 MURADİYE MANİSA MANİSA;(236) 2140630;www.odsel.com;odsel.com;TET - Elektrik ve Elektronik İhracatçıları Birliği
D.R.D.ENERJI INS.ELEKTRIK VE OTO.SAN.TIC.LTD.STI.;ULUS SAN. CAD. T.PIYALE IS HANI NO.33/33 ÇANKAYA ANKARA;(312) 3123581;www.drdenerji.com.tr;drdenerji.com.tr;TET - Elektrik ve Elektronik İhracatçıları Birliği
ERTUNA YALITIM SAN VE TİC.LTD.ŞTİ;BAŞIBÜYÜK MAH. BAŞIBÜYÜK CAD. NO:43 MALTEPE İSTANBUL;(216) 3536262;www.ertunayalitim.com;ertunayalitim.com;TET - Elektrik ve Elektronik İhracatçıları Birliği
GARİPOĞLU ELEKTRİK ELEKTRONİK YENİLENEBİLİR ENERJİ GÜVENLİK SİSTEMLERİ TİCARET LİMİTED ŞİRKETİ;HİSAR MAH. KIRAÇ SK. NO: 4 /2 GEMLİK BURSA;;http://www.info@garipoglu.net;info@garipoglu.net;TET - Elektrik ve Elektronik İhracatçıları Birliği
TOPALOĞULLARI PAZARLAMA İNŞAAT VE TAAHHÜT LİMİTED ŞİRKETİ;KÜÇÜKPİYALE MAH. BAHRİYE CAD. NO:105 KASIMPAŞA BEYOĞLU İSTANBUL;(212) 2979913;www.mateka.com;mateka.com;TET - Elektrik ve Elektronik İhracatçıları Birliği
CMA ENDÜSTRI MAKINE SANAYI VE DIS TICARET LIMITED SIRKETI;ESENTEPE MAH. ANADOLU CAD. NO: 1B IÇ KAPI NO: 33 KARTAL İSTANBUL;(216) 0000000;http://www.cmaendustri.com;cmaendustri.com;TET - Elektrik ve Elektronik İhracatçıları Birliği
SELCUK ECZA DEPOSU TICARET VE SANAYI A.S.;MAHİR İZ CAD.NO.45/2 ALTUNİZADE ÜSKÜDAR İSTANBUL;(216) 5540554;www.selcuk.com.tr;selcuk.com.tr;TET - Elektrik ve Elektronik İhracatçıları Birliği
SİMET BİLİŞİM TEKNOLOJİLERİ A.Ş.;EHLİBEYT MAH. TEKSTİLCİLER CADDESİ NO:35/7 ÇANKAYA ÇANKAYA ANKARA;(312) 0000000;http://www.simet.com.tr;simet.com.tr;TET - Elektrik ve Elektronik İhracatçıları Birliği
MİKSAN BEYAZ EŞYA VE YAN SANAYİ ÜRÜNLERİ PAZARLAMA DIŞ TİCARET LTD. ŞTİ.;SANAYİ MAH. ÇETİN SOK. NO.30/1 PENDİK İSTANBUL;(216) 3142971;www.miksan.com.tr;miksan.com.tr;TET - Elektrik ve Elektronik İhracatçıları Birliği
GEOPOS HARİTA İNŞAAT SANAYİ DIŞ TİCARET LİMİTED ŞİRKETİ;ORUÇREİS MAH.TEKSTİLKENT CAD. T.KENT SİT.G1 AP.N.110 AB/2072 ESENLER İSTANBUL;(212) 6155253;http://www.geopos.com.tr;geopos.com.tr;TET - Elektrik ve Elektronik İhracatçıları Birliği
SİNA ECZA DEPOSU A.Ş;CUMHURİYET MAH. ESKİ HADIMKÖY YOLU CAD.NO:2/3 BÜYÜKÇEKMECE İSTANBUL;(212) 9799066;www.sinaecza.com;sinaecza.com;TET - Elektrik ve Elektronik İhracatçıları Birliği
PANDA SANAYİ VE DIŞ TİCARET ANONİM ŞİRKETİ;İKİTELLİ ORG.SAN.BOLG.TURGUT ÖZAL CAD.NO.109/A 1.BODRUM KAT İKİTELLİ BAŞAKŞEHİR İSTANBUL;(212) 5499770;www.pandapano.com;pandapano.com;TET - Elektrik ve Elektronik İhracatçıları Birliği
DEGER KOMPRASOR SANAYI ITHALAT IHRACAT TICARET LTD.STI.;KONYA YOLU 1.KM AKŞEHİR KONYA;03328161921;www.deger.com.tr;deger.com.tr;TET - Elektrik ve Elektronik İhracatçıları Birliği
İKON TEKNİK ELEKTRİK VE TEKNOLOJİ ÜRÜNLERİ SAN VE TİC LTD ŞTİ;İKİTELLİ OSB MAH AYKOSAN ÇARŞI BLOK SOK NO:1/1-326 PK:34480 BAŞAKŞEHİR İSTANBUL;(212) 3933463;www.ikonteknik.com;ikonteknik.com;TET - Elektrik ve Elektronik İhracatçıları Birliği
METİTO CHEMİCAL SOLUTİONS KİMYASAL ÇÖZÜMLER A.Ş.;FERHATPAŞA MAH.YEDİTEPE CAD.N:122-124 D:4-5 ATAŞEHİR İSTANBUL;(216) 6615077;www.infogroup.cc;infogroup.cc;TET - Elektrik ve Elektronik İhracatçıları Birliği
GUREL BILG.MALZ.DONANIM ILET.S IS.SAN. VE TIC.LTD.STI.;GULBAHAR MAH SEKERCILER SOK NO.5/A ŞİŞLİ İSTANBUL;02123565614;www.gurelbilgisayar.com.tr;gurelbilgisayar.com.tr;TET - Elektrik ve Elektronik İhracatçıları Birliği
SACFORM MAKİNA KALIP SANAYİ VE TİCARET LTD.ŞTİ.;ESENŞEHİR MAH. İMES SAN. SİT. C BLOK 310 SOK. NO:6 YUKARIDUDULLU ÜMRANİYE İSTANBUL;(216) 3146594;www.agmlime.com;agmlime.com;TET - Elektrik ve Elektronik İhracatçıları Birliği
DİAMO KOZMETİK SANAYİ TİCARET ANONİM ŞİRKETİ;6913/2 SOKAK NO:5 KAZIMKARABEKİR YAZIBAŞI TORBALI İZMİR;(232) 8539292;www.diamocosmetic.com;diamocosmetic.com;TET - Elektrik ve Elektronik İhracatçıları Birliği
ROGİ YAPI TAAHHÜT VE DIŞ TİCARET LİMİTED ŞİRKETİ;ATAŞEHİR FERHATPAŞA 61.SOK.N:6-8 ATAŞEHİR İSTANBUL;(216) 6613273;www.smatdt.com.tr;smatdt.com.tr;TET - Elektrik ve Elektronik İhracatçıları Birliği
UDES ELEKTRİK ELEKTRONİK MÜHENDİSLİK SANAYİ VE TİCARET LİMİTED ŞİRKETİ;ESENKENT MAH. GÜREŞ SK. A BLOK NO.1/21 ÜMRANİYE İSTANBUL;(216) 7845050;https://www.udes.com.tr/;udes.com.tr;TET - Elektrik ve Elektronik İhracatçıları Birliği
TEKNO TIP ANALITIK SIS.LTD.STI .;ALACAATLI MAH. 3346 CAD. 3341 SOKAK NO: 35/154YEŞİL BARIŞ SİTESİ ÇAYYOLU ÇANKAYA ANKARA;(312) 2364208;www.teknotip.com.tr;teknotip.com.tr;TET - Elektrik ve Elektronik İhracatçıları Birliği
OTP OĞULTÜRK PANO İMALAT İTHALAT İHRACAT SANAYİ VE TİCARET LİMİTED ŞİRKETİ;SARAY MAH. 675 CAD. NO:24/15 KAHRAMANKAZAN ANKARA;(312) 3950025;www.ogulturkpano.com;ogulturkpano.com;TET - Elektrik ve Elektronik İhracatçıları Birliği
DİADA YAPI TAAHHÜT SANAYİ VE DIŞ TİCARET LİMİTED ŞİRKETİ;MASALI MH BÜYÜKDERE CD NO:255/B02 SARIYER İSTANBUL;(212) 9510975;www.diadayapi.com.tr;diadayapi.com.tr;TET - Elektrik ve Elektronik İhracatçıları Birliği
RATEK OTOMASYON VE ELEKTRİK SAN.TİC.LTD.ŞTİ.;İKİTELLİ TRİKO CENTER SAN.SİTESİ M-7 BLOKNO.134-135 İKİTELLİ BAŞAKŞEHİR İSTANBUL;(212) 5491040;www.ratekotomasyon.com.tr;ratekotomasyon.com.tr;TET - Elektrik ve Elektronik İhracatçıları Birliği
ILETIM ELEKTRIK MALZEMELERI SAN.VE TIC.A.S.;BANKALAR CAD. ŞARK HAN. NO.16 A 50 BEYOĞLU İSTANBUL;02122202936;www.iletimelektrik.com;iletimelektrik.com;TET - Elektrik ve Elektronik İhracatçıları Birliği
CEDETAŞ MÜHENDİSLİK VE TEKNOLOJİ AŞ.;AŞAĞI DUDULLU MAH BULUT SK N:54-58/2 ÜMRANİYE İSTANBUL;(216) 3113069;www.abcenser.com.tr;abcenser.com.tr;TET - Elektrik ve Elektronik İhracatçıları Birliği
MİKROSAY YAZILIM VE ELEKTRONİK ENERJİ SANAYİ TİCARET ANONİM ŞİRKETİ;ŞERİF ALİ MAH. ALP TEKİN CD. NO.73 KAT.2ÜMRANİYE / IST ÜMRANİYE İSTANBUL;(216) 4598660;www.mikrosay.com.tr;mikrosay.com.tr;TET - Elektrik ve Elektronik İhracatçıları Birliği
AYDINÇ YAPI GIDA PAZLAMA SANAYİ VE TİCARET LİMİTED ŞİRKETİ;AKŞEMSETTİN MH CENGİZ TOPEL CD SELİMPAŞA SK NO:7/1ORUÇ REİS MAH GİYİMKENT 16 SK NO:37A ALİBEYKÖY EYÜP İSTANBUL;(212) 4276904;www.aydincyapi.com;aydincyapi.com;TET - Elektrik ve Elektronik İhracatçıları Birliği
MAGNA CERRAHİ ALETLER MEDİKAL SANAYİ VE DIŞ TİCARET LİMİTED ŞİRKETİ;ORUÇREİS MAH. VADİ CAD. GİYİMKENT SİTESİ B 174 NO 232 ESENLER İSTANBUL;;www.magna-medical.com;magna-medical.com;TET - Elektrik ve Elektronik İhracatçıları Birliği
ARTEBARKOD BİLİŞİM İTHALAT İHRACAT SANAYİ VE TİCARET LİMİTED ŞİRKETİ;TATLISU MAH ARİF AY SOKAK EKŞİOĞLU APTNO:15/4 ÜMRANİYE İSTANBUL;(216) 3651012;http://www.artebarkod.com;artebarkod.com;TET - Elektrik ve Elektronik İhracatçıları Birliği
TPE GLOBAL İÇ VE DIŞ TİCARET LTD.ŞTİ.;GÜRSEL MAH. AKMER SOK. ACA SU RESİDENCE A BLOKNO:22 KAT:5 D:33 KAĞITHANE İSTANBUL;(212) 2946030;www.tpeglobal.com;tpeglobal.com;TET - Elektrik ve Elektronik İhracatçıları Birliği
CLOOS KAYNAK TEKNİK SANAYİ LTD.ŞTİ.;DİLOVASI SANAYİ BÖLGESİ KOBİ OSB 23. SK NO:12 41410 GEBZE KOCAELİ;(262) 7514162;www.cloos.com.tr;cloos.com.tr;TET - Elektrik ve Elektronik İhracatçıları Birliği
ŞARK SAATÇİLİK DIŞ TİC. İTH. İHR. MÜM. A.Ş.;SARI OBA SOK.NO.3 ETİLER ETİLER BEŞİKTAŞ İSTANBUL;(212) 2570998;www.sarksaat.com;sarksaat.com;TET - Elektrik ve Elektronik İhracatçıları Birliği
MAYASAN GIDA SANAYI VE TICARET A.Ş.;ÖMERLİ MAH.HADİMKÖY ÖMERLİ CAD.N:18 HADIMKÖY(BOYALIK) ARNAVUTKÖY İSTANBUL;(212) 6396565;www.mayasan.com;mayasan.com;TET - Elektrik ve Elektronik İhracatçıları Birliği
KOCTAS TEKNOLOJI DIS TIC.LTD. STI.;MEHMET AKIF CD.TAFLAN SK.NO.2 GÜNGÖREN İSTANBUL;02125564050;www.koctaspawer.com;koctaspawer.com;TET - Elektrik ve Elektronik İhracatçıları Birliği
TECHONE MÜHENDİSLİK SANAYİ VE TİCARET LİMİTED ŞİRKETİ;ATATÜRK MAH. 426. SK. İŞGEM ST. NO:1 B/4 CANİK SAMSUN;(362) 2751199;www.techone.ist;techone.ist;TET - Elektrik ve Elektronik İhracatçıları Birliği
DEVECIOGLU SILIKON KAUCUK KABLO VE PROF.SAN.TIC.LTD.STI.;AKŞEMSETTİN CAD. TAVUKÇU YOLU CAD. NO.27 SULTANBEYLİ İSTANBUL;02164196834;www.devecioglukablo.com.tr;devecioglukablo.com.tr;TET - Elektrik ve Elektronik İhracatçıları Birliği
AİRMED YAZILIM SAĞLIK TEKNOLOJİLERİ VE MEDİKAL SANAYİ VE TİCARET ANONİM ŞİRKETİ;SANAYİ MAH. TEKNOPARK BUL. NO: 1/4C İÇ KAPI NO: 31 PENDİK İSTANBUL;;http://airmed.app;airmed.app;TET - Elektrik ve Elektronik İhracatçıları Birliği
DİJİTALPORT İSTANBUL DANIŞ. LOJ. AMB. SAN. VE TİC. LTD. ŞTİ.;BALABAN MH. UZUNGOL CD. C BLOK N:1-2 SİLİVRİ İSTANBUL;(212) 2195969;www.dijitalport.com;dijitalport.com;TET - Elektrik ve Elektronik İhracatçıları Birliği
MEDSISTEM TIBBI VE TEK.EKIP. GAZ TES.SAN.VE TIC.LTD.STI.;TAVUKCU YOLU BARBOROS CAD.HATTAT SOK NO:21 ÜMRANİYE İSTANBUL;02164155660;www.medsistem.com.tr;medsistem.com.tr;TET - Elektrik ve Elektronik İhracatçıları Birliği
SAÇAR MAKİNE SAN. VE TİC.LTD.ŞTİ.;KEMANKEŞ MAH. NECATİBEY CAD. NO:82 BEYOĞLU İSTANBUL;(212) 2528591;www.sacarmakina.com.tr;sacarmakina.com.tr;TET - Elektrik ve Elektronik İhracatçıları Birliği
KARACA BAKIR VE MUTFAK EKİPMANLARI GIDA SANAYİ TİCARET LİMİTED ŞİRKETİ;YENİ MH CEBECİ CD NO:72/B FEVZİÇAKMAK GAZİOSMANPAŞA İSTANBUL;(212) 4775700;www.csainox.com.tr;csainox.com.tr;TET - Elektrik ve Elektronik İhracatçıları Birliği
GÜLERYÜZ ELEKTRONİK MAKİNE VE ELEKTRİK SANAYİ VE TİCARET LİMİTED ŞİRKETİ;1203/4 SOK.NO:11/C YENİŞEHİR KONAK İZMİR;(232) 4584885;www.guleryuzellc.com.tr;guleryuzellc.com.tr;TET - Elektrik ve Elektronik İhracatçıları Birliği
ARSLAN YAPI OTOMASYON SAN.VE TIC.LTD.STI.;SANAYİ MAH.ISISO ORGANİZE SANAYİ SİTESİ V-1 BLOK NU:9-10 ESENYURT ESENYURT İSTANBUL;02126712670;www.metaxdoor.com;metaxdoor.com;TET - Elektrik ve Elektronik İhracatçıları Birliği
ELV MÜHENDİSLİK GÜVENLİK SİSTEMLERİ LİMİTED ŞİRKETİ;MAHMUTBEY MAHALLESİ TAŞOCAĞI YOLU CADDESİ MY OFFİCE 212 NO:3/284 BAĞCILAR İSTANBUL;(212) 9130358;www.elvmuhendislik.com;elvmuhendislik.com;TET - Elektrik ve Elektronik İhracatçıları Birliği
ARAZ AYDINLATMA SAN.VE TİC.LTD.ŞTİ.;ESENTEPE MAH. AVİZECİLER SAN. SİTESİ C BLOK 2968 SOK. NO:6 SULTANGAZİ İSTANBUL;(212) 4799903;www.arazaydinlatma.com;arazaydinlatma.com;TET - Elektrik ve Elektronik İhracatçıları Birliği
BGLİNK TEKNOLOJİ TİCARET İTHALAT İHRACAT LİMİTED ŞİRKETİ;IVEDIKOSB MAH. HAVALANDIRMACILAR CAD. NO: 165IÇ KAPI NO: 54 YENİMAHALLE ANKARA;;http://bglink.io;bglink.io;TET - Elektrik ve Elektronik İhracatçıları Birliği
MFK PLASTİK A.Ş.;ORHANGAZİ MAH.CEM SULTAN CAD.N:107/1 SULTANBEYLİ İSTANBUL;(216) 4874441;www.mfkplastik.com;mfkplastik.com;TET - Elektrik ve Elektronik İhracatçıları Birliği
ATOM KABLO SANAYİ VE TİCARET ANONİM ŞİRKETİ;FENERYOLU CEMIL TOPUZLU CAD. TÜRKİYE İŞ BANKASI BLOKLARI E BLK. D.8 KADIKÖY İSTANBUL;(216) 4670440;www.atom.com.tr;atom.com.tr;TET - Elektrik ve Elektronik İhracatçıları Birliği
SPEKTRAL AYDINLATMA ARMATÜRLERİ SAN. TİC. LTD. ŞTİ.;İSTANBUL DERİ O.S.B.KAZLIÇEŞME CAD.N:22X-5 ÖZEL PARSEL TUZLA İSTANBUL;(216) 3941258;www.spektralaydinlatma.com;spektralaydinlatma.com;TET - Elektrik ve Elektronik İhracatçıları Birliği
AMCOR FLEXIBLES İSTANBUL AMBALAJ SAN.VE TİC.A.Ş.;TEPEOREN MAH. ESKİ ANKARA ASFALTI NO:228 TUZLA İSTANBUL;(216) 5817000;www.amcor.com;amcor.com;TET - Elektrik ve Elektronik İhracatçıları Birliği
MAYTEK ENERJİ ENDÜSTRİYEL OTOMASYON SİSTEMLERİ SANAYİ VE TİCARET LİMİTED ŞİRKETİ;İVEDİKOSB MAH. 1439 CAD. NO: 27 H YENİMAHALLE ANKARA;(312) 4290056;www.maytekenerji.com.tr;maytekenerji.com.tr;TET - Elektrik ve Elektronik İhracatçıları Birliği
KEYMEN ENERJİ DANIŞMANLIK VE BİLGİ TEKNOLOJİLERİ SANAYİ VE TİCARET ANONİM ŞİRKETİ;EMNIYET EVLERI MAH. ESKI BUYUKDERE CAD. SAPPHIRE NO:1/1, IC KAPI NO: 1B04 KAĞITHANE İSTANBUL;(212) 4014100;http://www.keymenenerji.com.tr;keymenenerji.com.tr;TET - Elektrik ve Elektronik İhracatçıları Birliği
HIDROPAR HAREKET KONTROL TEKNOLOJİLERİ MERKEZİ SAN.VE TİC.A.Ş;GEBZE PLASTIKÇILER OSB İNÖNÜ MAH. CUMHURİYET CD. NO:31 GEBZE KOCAELİ;(262) 6438411;www.hktm.com.tr;hktm.com.tr;TET - Elektrik ve Elektronik İhracatçıları Birliği
FİBARO AKILLI EV SİSTEMLERİ SAN. VE TİC. A.Ş.;GİYİMKENT 5. SOKAK NO:54 ESENLER İSTANBUL;(850) 3000111;www.fibaro.com.tr;fibaro.com.tr;TET - Elektrik ve Elektronik İhracatçıları Birliği
SAMSUN CERRAHİ ALETLER SAN.VE TİC.LTD.ŞTİ.;KUTLUKENT ÖRNEK SANAYİ SİTESİ SAHİL CAD. NO:33 TEKKEKÖY SAMSUN;(362) 2667455;www.sca.com.tr;sca.com.tr;TET - Elektrik ve Elektronik İhracatçıları Birliği
TPS PARATONER TOPRAKLAMA ELEKTRİK SANAYİ VE TİC. LTD. ŞTİ.;CEVİZLİ, FATİH CD. FETTAHOĞLU APT. NO:66 A MALTEPE İSTANBUL;(216) 3707558;http://www.tpselektrik.com;tpselektrik.com;TET - Elektrik ve Elektronik İhracatçıları Birliği
GÜNEYİNOKS ENDÜSTRİYEL MUTFAK EKİPMANLARI SANAYİ VE TİCARET LİMİTED ŞİRKETİ;MAHMUT ŞEVKET PASA MAH. HAFIK CAD. NO:9/A ŞİŞLİ İSTANBUL;(212) 2371067;www.guneyinoks.com;guneyinoks.com;TET - Elektrik ve Elektronik İhracatçıları Birliği
TEKNOMED MEDİKAL SİSTEMLER İTHALAT İHRACAT SANAYİ VE TİCARET LİMİTED ŞİRKETİ;KAVACIK MH. CUMHURİYET CD. ÖZGÜR SK. REMZİ ÖZER İŞ MERK. NO:31/1 BEYKOZ İSTANBUL BEYKOZ İSTANBUL;(212) 5521515;http://www.teknomed.com.tr;teknomed.com.tr;TET - Elektrik ve Elektronik İhracatçıları Birliği
GÜRALSAN MÜHENDİSLİK VE İNŞAAT SAN. TİC. LTD. ŞTİ.;YEŞİLKÖY MH ESG BUSİNESS B3 BLOK KAT:3 NO:12/148 YEŞİLKÖY BAKIRKÖY İSTANBUL;;www.guralinsaat.com.tr;guralinsaat.com.tr;TET - Elektrik ve Elektronik İhracatçıları Birliği
FIRAT YAPI CAM İNŞAAT PLASTİK ALÜM. DOĞ. SAN. VE TİC. LTD.ŞTİ.;KANARYA MH FLORYA CD NO:27 KÜÇÜKÇEKMECE İSTANBUL;(212) 4264747;www.daraotomatikkapi.com;daraotomatikkapi.com;TET - Elektrik ve Elektronik İhracatçıları Birliği
GENETİKS SAĞLIK HİZMETLERİ TİCARET ANONİM ŞİRKETİ;TEŞVİKİYE MAHALLESİ HAKKI YETEN CADDESİ TERRACE FULYA CENTER NO13 M4 PK:34365 ŞİŞLİ İSTANBUL;(212) 2757020;www.genetiks.com.tr;genetiks.com.tr;TET - Elektrik ve Elektronik İhracatçıları Birliği
CBB ENERJİ MÜHENDİSLİK DANIŞMANLIK TAAHHÜT SANAYİ VE TİCARET ANONİM ŞİRKETİ;CEVİZLİ MAH. ZUHAL CAD. RİTİM İSTANBUL A1 BLOK NO:46A İÇ KAPI NO: 144 MALTEPE İSTANBUL;;http://www.cbbenerji.com.tr;cbbenerji.com.tr;TET - Elektrik ve Elektronik İhracatçıları Birliği
TETRA PAK PAKETLEME SANAYİ VE TİCARET LİMİTED ŞİRKETİ;ANKARA KARAYOLU 29.KM KEMALPAŞA İZMİR;02328701100;www.tetrapak.com;tetrapak.com;TET - Elektrik ve Elektronik İhracatçıları Birliği
ARI DÖKÜM SANAYİ VE TİCARET ANONİM ŞİRKETİ;YALOVA MAKİNE İHTİSAS OSB LALEDERE KÖYÜ MERKEZ MEVKİİ METİN ŞAHİN CAD. NO:4 ÇİFTLİKKÖY ÇİFTLİKKÖY YALOVA;02164527497;www.ariltd.com;ariltd.com;TET - Elektrik ve Elektronik İhracatçıları Birliği
ARET AHYAN;HORHOR BIT PAZARI K.2 NO.93 FATİH İSTANBUL;02124769545;www.movielamp.com;movielamp.com;TET - Elektrik ve Elektronik İhracatçıları Birliği
DECOSO DEKORASYON VE SOĞUTMA SANAYİ TİCARET İTHALAT İHRACAT LİMİTED ŞİRKETİ;SULTANİYE MAHALLESİ 350.SOKAK ŞELALEPLAZA NO:1 İÇ KAPI NO :19 ESENYURT İSTANBUL;(212) 0000000;www.decoso.com.tr;decoso.com.tr;TET - Elektrik ve Elektronik İhracatçıları Birliği
BİOSENSE DİAGNOSTİK SİSTEMLERİ TİCARET LİMİTED ŞİRKETİ;FATİH MAH. 939. SOK. GARDEN CİTY 2. ETAP SİTESİC1 BLOK NO:371/47 ESENYURT İSTANBUL;(212) 5902042;http://www.biosense.com.tr;biosense.com.tr;TET - Elektrik ve Elektronik İhracatçıları Birliği
TEORI ELEKTRIK SAN.VE TIC. LTD.STI.;BAYIR MAH.PLEVNE CAD.NO:31 KARABÜK KARABÜK;03704128717;www.teorielektrik.com;teorielektrik.com;TET - Elektrik ve Elektronik İhracatçıları Birliği
NEVPA ALÜMİNYUM PLASTİK OTOMOTİV KAROSERİ EKİPMANLARI SAN. VE TİC. ANONİM ŞİRKETİ;AYDINLI BİRLİK OSB MAH. 5. SOK.NO:2/4 İÇ KAPI NO:1 AYDINLI BİRLİK-OSB 34953 TUZLA İSTANBUL;(212) 9115050;www.nevpa.com.tr;nevpa.com.tr;TET - Elektrik ve Elektronik İhracatçıları Birliği
TUNA ALÜMİNYUM METAL KİMYA İNŞ. SAN. DIŞ TİC. A.Ş.;VELİKÖY O.S.B.SANAYİ BULV.N:98/A ÇERKEZKÖY TEKİRDAĞ;(282) 7461300;www.tunaaluminium.com;tunaaluminium.com;TET - Elektrik ve Elektronik İhracatçıları Birliği
İŞ FİNANSAL KİRALAMA ANONİM ŞİRKETİ;IS KULELERI KULE 1 KAT:6 LEVENT BEŞİKTAŞ İSTANBUL;(212) 4310707;www.isleasing.com.tr;isleasing.com.tr;TET - Elektrik ve Elektronik İhracatçıları Birliği
MOTKONSİS OTOMASYON VE MOTOR KONTROL SİSTEMLERİ SANAYİ TİCARET LİMİTED ŞİRKETİ;İKİTELLİ OSB MH MUTSAN SAN. SİT.M5 BLOK NO 3 BAŞAKŞEHİR İSTANBUL;(212) 2224565;www.motkonsis.com.tr;motkonsis.com.tr;TET - Elektrik ve Elektronik İhracatçıları Birliği
GÜN BILIŞIM TEKNOLOJILERI ELEKTRİK SANAYİ VE TİCARET LİMİTED ŞİRKETİ;ORUÇ REİS MAH. GİYİMKENT SİT. 17. SK. NO:85/A ESENLER İSTANBUL;(212) 4386072;http://gunteknoloji.com;gunteknoloji.com;TET - Elektrik ve Elektronik İhracatçıları Birliği
SCHTEC MAKİNE SAN. VE TİC. A.Ş.;İ.O.S.B. HESKOOP İŞ MODERN SAN. SİT. J BLOK K:2 NO:41-42 BAŞAKŞEHİR İSTANBUL;(212) 8520161;www.schtec.com.tr;schtec.com.tr;TET - Elektrik ve Elektronik İhracatçıları Birliği
TECH LAMİ BİLİŞİM SİSTEMLERİ İTHALAT İHRACAT SANAYİ VE TİCARET LİMİTED ŞİRKETİ;PİRİ REİS MAH. 2061 SK. TURGUT REİS KONUTLARI ISTİKLAL AP. NO:5 D:12 ESENYURT İSTANBUL;;https://www.tech-lami.com/;tech-lami.com;TET - Elektrik ve Elektronik İhracatçıları Birliği
BOB MODÜLER SOĞUK ODA SİSTEMLERİ SANAYİ TİCARET LİMİTED ŞİRKETİ;ZİYA GÖKALP MH SÜLEYMAN DEMİREL BULVARI THE OFFİCE NO:7/136 BAŞAKŞEHİR İSTANBUL;(212) 9823937;www.bobmoduler.com;bobmoduler.com;TET - Elektrik ve Elektronik İhracatçıları Birliği
AKIM YANGIN VE GÜVENLİK SİSTEMLERİ SANAYİ VE TİCARET LTD.ŞTİ.;YILDIZTABYA MH ŞAFAK SK. NO:1/3A GAZİOSMANPAŞA İSTANBUL;(212) 5941124;www.akimyangin.com;akimyangin.com;TET - Elektrik ve Elektronik İhracatçıları Birliği
BİTE BİLİŞİM TEKNOLOJİLERİ SANAYİ VE TİCARET ANONIM ŞİRKETİ;MUTLUKENT MAHALLESİ 2073. SK NO:12 ÇANKAYA ANKARA;(312) 2355678;http://www.bite.com.tr;bite.com.tr;TET - Elektrik ve Elektronik İhracatçıları Birliği
AKKİM YAPI KİMYASALLARI SANAYİ VE TİCARET ANONİM ŞİRKETİ;YEŞİLBAYIR MAH. ŞİMŞİR SK. NO:22 HADIMKÖY(BOYALIK) ARNAVUTKÖY İSTANBUL;(212) 7711371;www.akkim.net;akkim.net;TET - Elektrik ve Elektronik İhracatçıları Birliği
PROIMTECH SAĞLIK ÜRÜNLERİ ANONİM ŞİRKETİ;DUDULLU OSB MH İMES 305 SK İMES C NO:3 ÜMRANİYE İSTANBUL;(216) 9995041;www.bilimplant.com;bilimplant.com;TET - Elektrik ve Elektronik İhracatçıları Birliği
DGS DIŞ TİCARET ANONİM ŞİRKETİ;15 TEMMUZ MH BAHAR CD NUROL PARK SİT J BLOK NO:43 KAT: D:35 BAĞCILAR İSTANBUL;(212) 8130838;www.dgsas.com.tr;dgsas.com.tr;TET - Elektrik ve Elektronik İhracatçıları Birliği
ELEKTROPLAST ELEKTRIK ELEKT.VE PLAST.LLZ.SAN.VE TIC.LTD.STI;METAL IŞ KOOP. 6.BLOK NO.32 KÜÇÜKÇEKMECE İSTANBUL;02126713496;www.elektroplast.com.tr;elektroplast.com.tr;TET - Elektrik ve Elektronik İhracatçıları Birliği
ALTINTEL KIMYA TIC VE SAN.A.S;ISTOÇ C BLOK PLAZA K.7 NO:63 MAHMUTBEY BAĞCILAR İSTANBUL;(212) 6592943;www.altıntel.net;altıntel.net;TET - Elektrik ve Elektronik İhracatçıları Birliği
F.M.A ENDUSTRIYEL KONTROL SIS. ELEK.ELET.MAK.SAN.VE TIC.LTD.S;10001 SOK. NO.21 ATATÜRK OSB ÇİĞLİ İZMİR;(232) 3687292;www.fmaelektronik.com.tr;fmaelektronik.com.tr;TET - Elektrik ve Elektronik İhracatçıları Birliği
GÜRSAT ELEKTRONİK TİCARET LİMİTED ŞİRKETİ;İST. ANADOLU YAKASI ORG. SAN. BÖLG.7. SOK. NO.5 ORHANLI TUZLA İSTANBUL;(216) 5933620;www.gursas.com.tr;gursas.com.tr;TET - Elektrik ve Elektronik İhracatçıları Birliği
İST ENERJİ SANAYİ VE TİCARET ANONİM ŞİRKETİ;KİRAZLIDERE MAH. HAVUZ SOK. NO:2-4/A ÇEKMEKÖY İSTANBUL;(216) 7845859;http://www.isteneji.com.tr;isteneji.com.tr;TET - Elektrik ve Elektronik İhracatçıları Birliği
HAS ENDÜSTRİ ÜRÜNLERİ SANAYİ VE DIŞ TİCARET LİMİTED ŞİRKETİ;RUMELİ HİSARÜSTÜ MAHALLESİ, BEBEK YOLU SOKAK, PARK APTNO:23/3 SARIYER- ISTANBUL PK:34470 SARIYER İSTANBUL;(212) 2295963;www.hasendustri.com.tr;hasendustri.com.tr;TET - Elektrik ve Elektronik İhracatçıları Birliği
AYPAŞ ELEKTRONİK SAN. VE TİC. LTD.ŞTİ.;ÇATALCA ASFALTI MURATBEY MERKEZ MAH. ÇATALCAYOLU CAD. NO:76 ÇATALCA İSTANBUL;02127781212;www.aypas.com.tr;aypas.com.tr;TET - Elektrik ve Elektronik İhracatçıları Birliği
NEFAŞ BİLİŞİM ELEKTRONİK İTH. İHR. SAN. VE TİC. LTD. ŞTİ.;İSTANBUL DÜNYA TİC. MERK.A2 BLOK K:12OFİS 378 BAKIRKÖY İSTANBUL;(212) 5146965;www.nefas.com.tr;nefas.com.tr;TET - Elektrik ve Elektronik İhracatçıları Birliği
MİSA MEDİKAL MADEN İTHALAT İHRACAT SANAYİ VE TİCARET LİMİTED ŞİRKETİ;YENİBATI MAHALLESİ 2220. CADDE NO: 44/A DAİRE NO:28 PK:06370 YENİMAHALLE ANKARA;;www.misamed.com;misamed.com;TET - Elektrik ve Elektronik İhracatçıları Birliği
GLOBALNOKTA ENDÜSTRİYEL ÇÖZÜMLER A.Ş.;M.ALİPAŞA MAH.BAĞDAT CAD. NO:216/4 İZMİT KOCAELİ;(262) 0000000;http://www.globalnokta.com.tr;globalnokta.com.tr;TET - Elektrik ve Elektronik İhracatçıları Birliği
A ARTI AYDINLATMA SANAYİ VE TİCARET LİMİTED ŞİRKETİ;EMEKYEMEZ MAH. OKÇU MUSA CAD. MENEVŞE İŞ MERKEZİ NO:22/175 BEYOĞLU / İSTANBUL PK:34421 BEYOĞLU İSTANBUL;(212) 0000000;www.aartiaydinlatma.com;aartiaydinlatma.com;TET - Elektrik ve Elektronik İhracatçıları Birliği
TALU INSAAT SANAYİ VE TİCARET LİMİTED ŞİRKETİ;RUZGARLIBAHCE MAH. CUMHURYET CAD. GÜLSEN NO22İÇ KAPI NO 1 BEYKOZ İSTANBUL;(212) 6802323;www.taluinsaat.com;taluinsaat.com;TET - Elektrik ve Elektronik İhracatçıları Birliği
WORLD MEDICINE İLAÇ SANAYİ VE TİCARET ANONİM ŞİRKETİ;GÜNEŞLİ EVREN MAH. CAMİİ YOLU CADDESİNO:50 KAT 1B ZEMİN:4-5-6 GÜNEŞLİ BAĞCILAR İSTANBUL;(212) 4747050;www.worldmedicine.com.tr;worldmedicine.com.tr;TET - Elektrik ve Elektronik İhracatçıları Birliği
MEDİSOFT MEDİKAL BİLGİSAYAR DANIŞMANLIK TİCARET SANAYİ LİMİTED ŞİRKETİ;AĞAÇİŞLERİ SAN.SİTESİ 21.CADDE 1376 SOKAK NO 22 KAT 1 YENİMAHALLE ANKARA;(312) 3944994;http://www.medisoftmedikal.com;medisoftmedikal.com;TET - Elektrik ve Elektronik İhracatçıları Birliği
V-COUNT TEKNOLOJİ ANONİM ŞİRKETİ;ODTÜ TEKNOKENT HALICI YAZILIM EVİ KAT:1 NO:3 BİLKENT/BİLKENTPLAZA/BEYTEPE ÇANKAYA ANKARA;(312) 2101048;www.v-count.com;v-count.com;TET - Elektrik ve Elektronik İhracatçıları Birliği
3G MEDİKAL VE TIBBİ CİHAZLAR İTHALAT İHRACAT TİCARET LİMİTED ŞİRKETİ;HALİL RIFAT PAŞA MAH. YÜZER HAVUZ SK. NO:1 ŞİŞLİ İSTANBUL;;www.3gmedikal.com;3gmedikal.com;TET - Elektrik ve Elektronik İhracatçıları Birliği
TETAŞ İÇ VE DIŞ TİCARET ANONİM ŞİRKETİ;AKÇABURGAZ MAH.3047.SOK.N:2 ESENYURT İSTANBUL;(212) 8669000;www.tetas.com.tr;tetas.com.tr;TET - Elektrik ve Elektronik İhracatçıları Birliği
ELEKTRO-MAG LABORATUVAR ALETLERİ SAN. VE TİC. A.Ş.;IKITELLI ORG. SAN. BOLG. DEMİRCİLERSIT. B-7 BLK NO.153 BAŞAKŞEHİR İSTANBUL;(212) 5495525;www.elektro-mag.com;elektro-mag.com;TET - Elektrik ve Elektronik İhracatçıları Birliği
ACATEQ ENDÜSTRİ ÜRÜNLERİ İÇ VE DIŞ TİCARET LİMİTED ŞİRKETİ;BEYLİKDÜZÜ OSB MH BİRLİK SANAYİ SİT. 3. CADDE NO13İÇ KAPI NO 36 BEYLİKDÜZÜ İSTANBUL;;http://www.acateq.com;acateq.com;TET - Elektrik ve Elektronik İhracatçıları Birliği
PEPPERL FUCHS ELEKTRONIK SAN.V E TIC.LTD.STI.;ŞEREF SOK. NO:9 ATATÜRK MAH. ATAŞEHİR İSTANBUL;02165772250;www.pepperl-puchs.com.tr;pepperl-puchs.com.tr;TET - Elektrik ve Elektronik İhracatçıları Birliği
ENTEMA ENDUSTRIYEL TESISLER VE MAKINA SAN.LTD.STI.;YENI SANAYI SIT.M10 BLOK NO.5 ÇORLU TEKİRDAĞ;;www.entema.com.tr;entema.com.tr;TET - Elektrik ve Elektronik İhracatçıları Birliği
BFS TRADE İTHALAT VE İHRACAT LTD.ŞTİ.;TOPÇULAR MAHALLESİ RAMİ KIŞLA CAD. EMİROĞLU SAN.SİNO:13/11 EYÜP İSTANBUL;(212) 0000000;www.bfstrade.com;bfstrade.com;TET - Elektrik ve Elektronik İhracatçıları Birliği
ARIKAN DIŞ TİCARET LİMİTED ŞİRKETİ;BEYLİKDÜZÜ OSB MH MERMERCİLER SAN SİT 4 CD NO12 NAKİPOĞLU İS MERKEZİ BEYLİKDÜZÜ İSTANBUL;(212) 8768120;www.tractorpartsturkey.com;tractorpartsturkey.com;TET - Elektrik ve Elektronik İhracatçıları Birliği
TEZPAR TAKIM TEZGAHLARI OTO.SAN.TİC.LTD.ŞTİ.;HASKÖY SANAYİ SİTESİ12/B BLOK NO:1 GEBZE KOCAELİ;(262) 6411050;www.tezpar.com.tr;tezpar.com.tr;TET - Elektrik ve Elektronik İhracatçıları Birliği
F2 BİLİŞİM İLETİŞİM TEKNOLOJİLERİ SAN. VE TİC. LTD.ŞTİ.;ATATÜRK MAH. ŞEREF SK. NO:44-46 İÇ KAPI NO:1 ATAŞEHİR İSTANBUL;;https://www.f2.com.tr;f2.com.tr;TET - Elektrik ve Elektronik İhracatçıları Birliği
KAREA BİLGİ TEKNOLOJİLERİ SAN.VE TİC.A.Ş;BESTEPE MAH. NERGIZ SK. NO: 7 A IÇ KAPI NO: 28 YENİMAHALLE ANKARA;(312) 2192021;http://www.karea.com.tr/;karea.com.tr;TET - Elektrik ve Elektronik İhracatçıları Birliği
AR TECHNOLOGY BİLİŞİM SANAYİ TİCARET LİMİTED ŞİRKETİ;MEHMET AKİF ERSOY MAH. 350 SK.PROFIS SİTESİ B BLOK NO: 3 İÇ KAPI NO: 3 YENİMAHALLE ANKARA;(312) 5044071;www.artechnologic.com;artechnologic.com;TET - Elektrik ve Elektronik İhracatçıları Birliği
GEOTECH ENERJİ DANIŞMANLIK VE MÜHENDİSLİK SAN. VE TİC. A.Ş.;BAĞCILAR MAH. KOZA 1 CAD. NO : 120/18 ÇANKAYA ANKARA;(312) 5132324;http://www.geotechmuhendislik.com.tr;geotechmuhendislik.com.tr;TET - Elektrik ve Elektronik İhracatçıları Birliği
OVİ LOGİSTİCS İTHALAT İHRACAT SANAYİ VE TİCARET LİMİTED ŞİRKETİ;ATATÜRK MH İKİTELLİ CD NO:2A KÜÇÜKÇEKMECE İSTANBUL;(850) 3097779;www.ovicompaniy.net;ovicompaniy.net;TET - Elektrik ve Elektronik İhracatçıları Birliği
MESITAS MERKEZ SAGLIK GERECL. ITH.IHR.VE TIC.A.S.;CİHANGİR MAH. ŞEHİT PİYADE BAHAR SOK.NO:4 D-BLOK KAT:1 AMBARLI AMBARLI AVCILAR İSTANBUL;(212) 5295384;www.mesitas.com.tr;mesitas.com.tr;TET - Elektrik ve Elektronik İhracatçıları Birliği
2E KABLO ELEKTRİK SANAYİ VE TİCARET LİMİTED ŞİRKETİ;ESENEVLER MAH. 3014 SOK. NO:15 ÜMRANİYE İSTANBUL;(216) 4612739;www.2egrup.net;2egrup.net;TET - Elektrik ve Elektronik İhracatçıları Birliği
IŞIK PLASTİK SANAYİ VE DIŞ TİCARET PAZARLAMA ANONİM ŞİRKETİ;TAHTAKALE MAH UZUNÇARŞI CAD MİLAS HAN NO:216 EMİNÖNÜ/CAĞALOĞLU FATİH İSTANBUL;(212) 5136617;www.isikplastik.com.tr;isikplastik.com.tr;TET - Elektrik ve Elektronik İhracatçıları Birliği
ISILAY AYDINLATMA SAN. VE DIS TIC.LTD.STI.;ESENTEPE M. AVIZECILER SAN.ST. NO 10 GAZİOSMANPAŞA İSTANBUL;02126684880;www.isilayaydinlatma.com;isilayaydinlatma.com;TET - Elektrik ve Elektronik İhracatçıları Birliği
ISTANBUL MAKPA END.MUTFAK EKIP SAN.TIC.A.S.;YENISEHIR DEREBOYU CAD.KUCUKODALAR SOK.NO:13 BEYOĞLU İSTANBUL;02122974604;www.makpa.com.tr;makpa.com.tr;TET - Elektrik ve Elektronik İhracatçıları Birliği
DSİGN ENDÜSTRİYEL REKLAM ANONİM ŞİRKETİ;ÖMERLİ MH KURTİNİ SK NO:22 HADIMKÖY(BOYALIK) ARNAVUTKÖY İSTANBUL;(212) 7715050;www.desing.com.tr;desing.com.tr;TET - Elektrik ve Elektronik İhracatçıları Birliği
EBV ELEKTRONİK TİCARET LTD.ŞTİ.;HENDEM CAD. NO:54 CANAN RESİDANCE OFİS:A2 ŞERİFALİ MAH. ÜMRANİYE İSTANBUL;(216) 5288334;www.ebv.com;ebv.com;TET - Elektrik ve Elektronik İhracatçıları Birliği
KAYNAK TEKNIGI SANAYI VE TICARET A.S.;TAYSAT ORG SAN BOLG 2. CAD. NO:5 GEBZE KOCAELİ;(262) 0000000;www.askaynak.com.tr;askaynak.com.tr;TET - Elektrik ve Elektronik İhracatçıları Birliği
AGS MEDİKAL ÜRÜNLERİ İTH. İHR. TİC.A.Ş.;KÜÇÜKÇAMLICA MH ÜÇPINARLAR CD NO:106/4 KOŞUYOLU ÜMRANİYE İSTANBUL;(216) 5460078;www.impilance.com;impilance.com;TET - Elektrik ve Elektronik İhracatçıları Birliği
DAVİT MADENCİLİK İNŞ. PETROL SAN. VE TİC. LTD. ŞTİ.;CUMHURİYET MAH.1993.SOK. PAPATYA RESİDANCEA BLOK NO:281 ESENYURT İSTANBUL;(212) 8529332;www.dmip.com.tr;dmip.com.tr;TET - Elektrik ve Elektronik İhracatçıları Birliği
TÜRKAN ELEKTRİK MALZEMELERİ SANAYİ VE TİCARET LİMİTED ŞİRKETİ;PERPA TIC. MERK. ELEKTROKENT A BLOKK:2 NO:9/25 ŞİŞLİ İSTANBUL;02122108430;www.turkanelektrik.com;turkanelektrik.com;TET - Elektrik ve Elektronik İhracatçıları Birliği
LEDVANCE AYDINLATMA TİC. A.Ş.;NİSPETİYE MAH. BAŞLIK SOK.MM PLAZA NO:3 K:2 ETİLER BEŞİKTAŞ İSTANBUL;(212) 3069000;www.osram.com.tr;osram.com.tr;TET - Elektrik ve Elektronik İhracatçıları Birliği
ELAYKOM MÜH.ELEKT.SAN.VE TİC.LTD.ŞTİ.;YENİŞEHİR MAH. VİYANA SOK. NO.10DAİRE:1 ATAŞEHİR İSTANBUL;(216) 4559302;www.elaykom.com;elaykom.com;TET - Elektrik ve Elektronik İhracatçıları Birliği
STRYKER TIBBİ CİHAZLARI SAN.VE TİC.LTD.ŞTİ;ESENTEPE MAH. BÜYÜKDERE CAD. NO:127ASTORIA A KULE K.8 9 ŞİŞLİ İSTANBUL;(212) 3404646;www.streyker.com;streyker.com;TET - Elektrik ve Elektronik İhracatçıları Birliği
ILKFER DENIZ SAN. VE TIC.LTD. STI.;SAHIL BLV.CD.DENIZ SK.54/1 PENDİK İSTANBUL;02164930962;http://www.uniservice.com.tr;uniservice.com.tr;TET - Elektrik ve Elektronik İhracatçıları Birliği
NET GERİ DÖNÜŞÜM MAKİNELERİ DIŞ TİCARET LİMİTED ŞİRKETİ;ÖMERLİ MH HADIMKÖY YOLU PROF MEHMET BOZKURT CD NO:25 ARNAVUTKÖY İSTANBUL;(212) 5656769;www.netgdm.com;netgdm.com;TET - Elektrik ve Elektronik İhracatçıları Birliği
FUELSİS AKARYAKIT VE EKİPMANLARI OTOMASYON SİST. SAN. TİC. LTD.ŞTİ.;DEMİRBAŞ SOK. NO:7/1 4.LEVENT BEŞİKTAŞ İSTANBUL;(212) 3249385;www.fuelsis.com.tr;fuelsis.com.tr;TET - Elektrik ve Elektronik İhracatçıları Birliği
ALEV METAL SANAYİ VE TİCARET LTD ŞTİ;ORGANİZE SANAYİ BÖLGESİ 8.CAD.NO:52 MELİKGAZİ KAYSERİ;03522401734;www.alevmetal.com;alevmetal.com;TET - Elektrik ve Elektronik İhracatçıları Birliği
KAHRAMAN KALIP ELK VE ELKT DON SAN VE TİC LTD ŞTİ;İKİTELLİ OSB MH METAL İŞ SAN SİT 16 BLOK NO:8-10-12-14 BAŞAKŞEHİR İSTANBUL;(212) 6712732;www.kahramankalip.com.tr;kahramankalip.com.tr;TET - Elektrik ve Elektronik İhracatçıları Birliği
KİNETRON TEKNOLOJİ A.Ş.;CÖMERT SOKAK ŞAMAN SAN. SİT. NO6J CEVİZLİ 34860 MALTEPE, İSTANBUL, TÜRKİYE MALTEPE İSTANBUL;(216) 5108184;http://www.kinetron.com.tr;kinetron.com.tr;TET - Elektrik ve Elektronik İhracatçıları Birliği
ELECTRA MARİNE ELEKTRİK VE OTOMASYON SİSTEMLERİ ANONİM ŞİRKETİ;RAMAZANOĞLU MAH. KARŞIGEÇİT SK. NO: 5 İÇ KAPI NO: : 17 PENDİK İSTANBUL;(216) 0000000;http://www.electra-marine.com;electra-marine.com;TET - Elektrik ve Elektronik İhracatçıları Birliği
ERTAN DEMİRKOLLU;BAHÇEKAPI MH.YEŞİLÇAM İŞYERİ SİTESİ E BLOK NO:118 ŞAŞMAZ ETİMESGUT ANKARA;(312) 2781946;www.bimedcryo.com;bimedcryo.com;TET - Elektrik ve Elektronik İhracatçıları Birliği
ABICOR BINZEL KAYNAK TEKN.TIC. LTD.STI.;GIRNE MAH. IRMAK SOKAK. A BLOK NO:15 ZÜMRÜTEVLER MALTEPE İSTANBUL;(216) 3679000;www.binzel-abicor.com.tr;binzel-abicor.com.tr;TET - Elektrik ve Elektronik İhracatçıları Birliği
ERPA ILETISIM VE ELEKTR.SAN.VE TIC.LTD.STI.;KEMERALTI CAD. ŞEVKAT ISHANI NO.1/3KAT 7 BEYOĞLU İSTANBUL;(212) 2935826;www.erpamonitor.com;erpamonitor.com;TET - Elektrik ve Elektronik İhracatçıları Birliği
GÜR DİJİTAL REKLAM ÜRÜNLERİ SANAYİ VE TİCARET LİMİTED ŞİRKETİ;GÜZELYURT MAH. 2115. SK. NO:6-8B ESENYURT İSTANBUL;(212) 5405060;http://www.gurdijital.com.tr;gurdijital.com.tr;TET - Elektrik ve Elektronik İhracatçıları Birliği
MOR ENDÜSTRİYEL ELEKTRONİK HİZMETLER LİMİTED ŞİRKETİ;SELAMİ ALİ MAH. CUMHURİYET CAD. 46 5 ÜSKÜDAR İSTANBUL;(216) 4509565;www.morendustriyel.com;morendustriyel.com;TET - Elektrik ve Elektronik İhracatçıları Birliği
KARTAY MAK.SAN.VE TIC.LTD.STI .;ZIYAGÖKALP MH.TAŞKART SK.28 KÜÇÜKÇEKMECE İSTANBUL;02126702086;http://www.karataymakina.com;karataymakina.com;TET - Elektrik ve Elektronik İhracatçıları Birliği
ENG ALÜMİNYUM LİMİTED ŞİRKETİ;TOPSELVİ MH TOPSELVİ CD NO:95/182 PENDİK İSTANBUL;(216) 0000000;www.glazenschuifwandxl.nl;glazenschuifwandxl.nl;TET - Elektrik ve Elektronik İhracatçıları Birliği
NOVA SANTE MEDİKAL VE KOZMETİK DIŞ TİCARET LİMİTED ŞİRKETİ;ALACAATLI MAHALLESİ, 5110. SOKAK, NO 3BE ÇANKAYA ANKARA;(312) 0000000;http://www.novasante-med.com;novasante-med.com;TET - Elektrik ve Elektronik İhracatçıları Birliği
ASİL ÇELIK HALAT ASANSÖR MALZ SAN. VE TİC. LTD. ŞTİ.;ABDURRAHMAN GAZİ MAH. ALPARSLAN CAD. NO:2 SAMANDIRA SANCAKTEPE İSTANBUL;(216) 5266456;www.asilcelikhalat.com;asilcelikhalat.com;TET - Elektrik ve Elektronik İhracatçıları Birliği
AHENK DIŞ TİC. VE İNŞ. MALZ. SAN. TİC. LTD. ŞTİ.;PERPA TİC MERKEZİ B BLOK KAT:5 NO:405 ŞİŞLİ İSTANBUL;(212) 3202450;www.ahenkdisticaret.com;ahenkdisticaret.com;TET - Elektrik ve Elektronik İhracatçıları Birliği
OTTO ELEKTROMEKANİK SANAYİ TİCARET LİMİTED ŞİRKETİ;DEFTERDAR MAH. OTAKÇILAR CAD. SINPAŞ FLATOFISNO: 78 İÇ KAPI NO: 94 EYÜP İSTANBUL;;http://www.ottoelektromekanik.com;ottoelektromekanik.com;TET - Elektrik ve Elektronik İhracatçıları Birliği
BİLGE İNOKS SANAYİ VE TİCARET ANONİM ŞİRKETİ;TOPÇULAR MAH. FERHATPAŞA CADDESİ NO:4D EYÜP İSTANBUL;4447740;www.bilgeinox.com.tr;bilgeinox.com.tr;TET - Elektrik ve Elektronik İhracatçıları Birliği
NOVA MEKATRONİK ARGE MAKİNA İTHALAT İHRACAT SANAYİ VE TİCARET LTD.ŞTİ.;ÜÇEVLER MAH. 77.SOKAK NO.1-H NİLÜFER BURSA;(224) 4413472;www.novamakina.com;novamakina.com;TET - Elektrik ve Elektronik İhracatçıları Birliği
MAP BİLİŞİM BİLGİSAYAR MALZEMELERİ SAN. VE TİC. LTD.ŞTİ.;ÜNİVERSİTE MAH. MAREŞAL CAD. NO:38K:1 AVCILAR İSTANBUL;(212) 4282840;www.maptoner.com;maptoner.com;TET - Elektrik ve Elektronik İhracatçıları Birliği
TULIP TEKNOLOJI SANAYI TICARET LIMITED SIRKETI;TAHTAKALE MAH. FIRAT1 CAD. TOKI - NO: 2 IÇ KAPINO: 28 AVCILAR/ ISTANBUL AVCILAR İSTANBUL;(212) 6699686;http://www.tuliptechs.com/tr;tuliptechs.com;TET - Elektrik ve Elektronik İhracatçıları Birliği
SAMİ ERŞAHİN;CAĞALOĞLU YOKUŞU NARLIBAHÇE SOKAK ÖZHEKİM İŞH. NO.1/19 EMİNÖNÜ/CAĞALOĞLU FATİH İSTANBUL;(212) 5138363;www.cankart.com;cankart.com;TET - Elektrik ve Elektronik İhracatçıları Birliği
YEKPA MUHENDİSLİK PANO ELEKTRİK VE DANIŞMANLIK SANAYİ VE TİCARET LİMİTED ŞİRKETİ;İKİTELLİ OSB MAH. METAL-İŞ 11. BLOK SOKAK METAİL İŞ SANAYİ 11. BLOK NO=13/13 İKİTELLİ BAŞAKŞEHİR İSTANBUL;(212) 6711508;www.yekpamuhendislik.com;yekpamuhendislik.com;TET - Elektrik ve Elektronik İhracatçıları Birliği
ENEL ENERJİ ELEKTRONİK SAN. VE TİC. A.Ş.;EKŞİOĞLU MAH. TURGUT ÖZAL BULVARI NO:171 ÇEKMEKÖY İSTANBUL;(216) 4441856;www.enel.com.tr;enel.com.tr;TET - Elektrik ve Elektronik İhracatçıları Birliği
METRİK LABORATUVAR CİHAZLARI SAN. TİC. VE TEK. HİZ. A.Ş.;İÇERENKÖY MAH.BÜYÜK KARTALSOK. GÜLGEZ İŞ MERKEZİ NO 12/6 ATAŞEHİR ATAŞEHİR İSTANBUL;(216) 5728196;http://www.metrik.com.tr;metrik.com.tr;TET - Elektrik ve Elektronik İhracatçıları Birliği
MOZAİST CAM AYDINLATMA SANAYİ İTHALAT İHRACAT LİMİTED ŞİRKETİ;OSMANGAZİ MAHALLESİ ESEN CADDESİ NO:87/B OSMANGAZİ 34522 ESENYURT, İSTANBUL, TÜRKİYE ESENYURT İSTANBUL;;www.mozaist.com.tr;mozaist.com.tr;TET - Elektrik ve Elektronik İhracatçıları Birliği
ÜMİT MAKİNA SAN.VE TİC.KOLL.ŞTİ. BARIŞ ÜMİT VE ORT.;KAVAKLI MAH. KIBLE SOK. NO:7 SİLİVRİ İSTANBUL;(212) 7234400;www.umitmakina.com;umitmakina.com;TET - Elektrik ve Elektronik İhracatçıları Birliği
GLOBAL PARTNER ASANSÖR İNŞAAT SANAYİ İÇ VE DIŞ TİCARET LİMİTED ŞİRKETİ;EYÜP SULTAN MAH. MÜMİNLER CAD.SANDALCI SOK. NO.7 SANCAKTEPE İSTANBUL;(216) 5619572;www.globalpartnerelevator.com;globalpartnerelevator.com;TET - Elektrik ve Elektronik İhracatçıları Birliği
FERSAN ELEKT.MALZ.TIC.VE SAN. A.S.;IMES SAN SIT B BLOK 204 SOK NO:8 ÜMRANİYE İSTANBUL;02164157557;www.fersanelektrik.com;fersanelektrik.com;TET - Elektrik ve Elektronik İhracatçıları Birliği
BPAS GROUP MEKATRONİK MÜHENDİSLİĞİ SANAYİ TİCARET ANONİM ŞİRKETİ;DUDULLU OSB MAH. DES-112 SK. D.42 BLOK NO.42 ÜMRANİYE İSTANBUL;(216) 6600612;www.otomatikpencere.com;otomatikpencere.com;TET - Elektrik ve Elektronik İhracatçıları Birliği
MT İNOX ENDÜSTRİYEL MUTFAK ÜRETİM VE PAZARLAMA LİMİTED ŞİRKETİ;GÜNEŞLİ MH 1366 SK GÖZCÜLER İS HANI NO:4A BAĞCILAR İSTANBUL;(212) 5495890;www.mertendustrielmutfak.com;mertendustrielmutfak.com;TET - Elektrik ve Elektronik İhracatçıları Birliği
ESEN ELEKTRİK SAN.VE TİC.LTD. ŞTİ.;PERPA TICARET MERKEZI A BL.K.11 NO:1488 OKMEYDANI ŞİŞLİ İSTANBUL;02122229406;www.esen.com.tr;esen.com.tr;TET - Elektrik ve Elektronik İhracatçıları Birliği
GÜRBÜZ SAĞLIK ÜRÜNLERİ DAHİLİ TİC.TAAH.LTD.ŞTİ.;ÖRTÜLÜPINAR MAH.5.SOKAK ANA APARTMANI YANINUMARA:5 MERKEZ SİVAS;(346) 2234278;www.gurbuzsaglik.com;gurbuzsaglik.com;TET - Elektrik ve Elektronik İhracatçıları Birliği
DTEK DETAY TEKNOLOJİ VE OTOMOTİV SANAYİ TİCARET LTD.ŞTİ.;YAHYA KEMAL CAD. BÜYÜK İSTANBUL OTOGARI NO: 93 İÇKAPI NO: 1B513 ALTINTEPSİ MAH 34030 BAYRAMPAŞA, İST BAYRAMPAŞA İSTANBUL;(212) 6583590;www.blueroadglobal.com;blueroadglobal.com;TET - Elektrik ve Elektronik İhracatçıları Birliği
MEDİST GRUP MEDİKAL SAĞLIK HİZMETLERİ SAN. TİC. LTD. ŞTİ.;COLLET CENTER FİRÜZKÖY BULVARI FİRÜZKÖY MAHALLESİ B2 BLOK NO:210/4 DAİRE:81 AVCILAR İSTANBUL;(212) 8139440;http://www.medistmedikal.com.tr;medistmedikal.com.tr;TET - Elektrik ve Elektronik İhracatçıları Birliği
EUCHNER ENDÜSTRİYEL EMNİYET TEKNOLOJİLERİ LTD.ŞTİ;GÖZTEPE MAH. HATTAT BAHATTİN SOK. CEYLAN APT. NO. 13/A GÖZTEPE KADIKÖY İSTANBUL;(216) 3595656;www.euchner.com.tr;euchner.com.tr;TET - Elektrik ve Elektronik İhracatçıları Birliği
LIBART PROJE VE UYGULAMA SANAYI VE TICARET A.S.;MERMERCILER SITESI 2 CAD.NO:8/1 ODA NO.4 BEYLİKDÜZÜ İSTANBUL;(212) 8790265;www.libart.com;libart.com;TET - Elektrik ve Elektronik İhracatçıları Birliği
APM ANALİZ PROJE MÜHENDİSLİK SANAYİ VE TİCARET LİMİTED ŞİRKETİ;SARKAC SOK AGAOGLU MYPRESTIGE APT NO:1 DAIRE:121 BARBAROS 34758 ATAŞEHİR İSTANBUL;;www.analiz-proje.com;analiz-proje.com;TET - Elektrik ve Elektronik İhracatçıları Birliği
UCGE ELEKTRONIK CIH.BILG.VE MAG.EKIP.SAN.VE TIC.A.S.;DEGIRMENYOLU SOKAK KUTAY ISM.A BLOK NO.9 KADIKÖY İSTANBUL;02165754200;www.ucge.com.tr;ucge.com.tr;TET - Elektrik ve Elektronik İhracatçıları Birliği
NOİSE TEKNOLOJİ İTH. İHR. SAN. TİC. LTD. STİ;8104SK NO55/A TORBALI İZMİR;(232) 0000000;http://www.noiseteknoloji.com;noiseteknoloji.com;TET - Elektrik ve Elektronik İhracatçıları Birliği
TEUSAN TEKNOLOJİ VE UZAY SANAYİ A.Ş.;GÖZTEPE MAH. İSTOÇ 1.CADDE TEM PLAZA NO:6/104 BAĞCILAR İSTANBUL;(212) 6590099;http://www.teusan.com.tr;teusan.com.tr;TET - Elektrik ve Elektronik İhracatçıları Birliği
ECK ELEKTROMEKANİK MÜHENDİSLİK TAAHHÜT SANAYİ VE TİCARET ANONİM ŞİRKETİ;CEVİZLİ MAHALLESİ BAĞDAT CADDESİ NO:538/19 MALTEPE İSTANBUL;(216) 4428786;http://www.eckelektromekanik.com.tr;eckelektromekanik.com.tr;TET - Elektrik ve Elektronik İhracatçıları Birliği
KAYALAR MAKSİMUM MUTFAK ÜRÜNLERİ SANAYİ VE TİCARET LİMİTED ŞİRKETİ;TURKOBA MAH. KAYALAR CAD. NO:5/2 BÜYÜKÇEKMECE İSTANBUL;(212) 8590002;www.kayalarplastik.com.tr;kayalarplastik.com.tr;TET - Elektrik ve Elektronik İhracatçıları Birliği
VİBEMCO TEKNOLOJİ ELEKTRİK ELEKTRONİK LİMİTED ŞİRKET;İNKILAP MAH. DR. ADNAN BÜYÜKDENİZ CAD. 2. BLOK NO 4 İÇ KAPI NO 21 ÜMRANİYE İSTANBUL ÜMRANİYE İSTANBUL;(216) 6870333;http://www.vibemco.com;vibemco.com;TET - Elektrik ve Elektronik İhracatçıları Birliği
EGEBİLTEK ELEKTRONİK KONT. VE AKILLI KART SİS. SAN. TİC. LTD. ŞTİ.;AYDINLIKEVLER MAH. 6779/5 SK. N:7B ÇİĞLİ İZMİR;(232) 3860333;https://www.egebiltek.com;egebiltek.com;TET - Elektrik ve Elektronik İhracatçıları Birliği
BULENT KLISECILIK GRAFIK SANAYİ VE TICARET ANONİM ŞİRKETİ;ABDI IPEKCI CAD.1.EMINTASNO.158/209-210 BAYRAMPAŞA İSTANBUL;02126122710;www.bulentklise.com.tr;bulentklise.com.tr;TET - Elektrik ve Elektronik İhracatçıları Birliği
İNOVAT MUHENDİSLİK SANAYİ TİCARET ANONİM ŞİRKETİ;BÜYÜKESAT MAH. MAHATMA GANDİ CAD. 35/3 06400 ÇANKAYA ANKARA;(312) 4461610;http://www.inovat.com.tr;inovat.com.tr;TET - Elektrik ve Elektronik İhracatçıları Birliği
TVS PRODÜKSİYON HİZMETLERİ TİC.A.Ş;HAMİDİYE MAH.GİRNE CAD.ÇELİKÖZER İŞM.NO.47-1 K.2 KAĞITHANE İSTANBUL;(212) 4448887;www.tvs.com.tr;tvs.com.tr;TET - Elektrik ve Elektronik İhracatçıları Birliği
INTEGRA PROJE DANIŞ.MÜH.ELK. ELK.SAN.TIC.LTD.ŞTI.;ARAPSUYU MAH. ATATÜRK BUL.61/8 KONYAALTI ANTALYA;02422288506;www.integra-ibs.com;integra-ibs.com;TET - Elektrik ve Elektronik İhracatçıları Birliği
ASEL MUH.ELEKT.INS.TAAH.DAN.SA N. VE DIS TIC.LTD.STI.;DUDULLU OSB. MAH. DES - 101SK. NO:8 ÜMRANİYE İSTANBUL;02122220061;www.aselmuhendislik.com.tr;aselmuhendislik.com.tr;TET - Elektrik ve Elektronik İhracatçıları Birliği
MAXİ TECHNİC METAL ELEKTRİK SANAYİ VE TİCARET A.Ş.;KARLIKTEPE MAH. ÖZSÖĞÜT SK NO:6/A KARTAL İSTANBUL;(216) 3060667;http://www.maxitechnic.com;maxitechnic.com;TET - Elektrik ve Elektronik İhracatçıları Birliği
ENOTEK MÜHENDİSLİK VE DANIŞMANLIK HİZMETLERİ SANAYİ VE TİCARET ANONİM ŞİRKETİ;VEFA BAYIRI SK. GAYRETTEPE ISMRK. C12 NO 4 ŞİŞLİ İSTANBUL;(212) 2881258;www.enotek.com.tr;enotek.com.tr;TET - Elektrik ve Elektronik İhracatçıları Birliği
BLUMAQ ENDÜSTRİYEL MAKİNA ÜRÜNLERİ SANAYİ VE TİCARET LİMİTED ŞİRKETİ;IDEALTEPE MH.DENIZLER SK.NO:14 MALTEPE İSTANBUL;02163668557;www.bulumaq.com.tr;bulumaq.com.tr;TET - Elektrik ve Elektronik İhracatçıları Birliği
DEKOR İÇ VE DIŞ TİC. LTD. ŞTİ.;YANBOL CD NO:42 KAT:2 PENDİK İSTANBUL;(216) 3541315;www.dekor.com;dekor.com;TET - Elektrik ve Elektronik İhracatçıları Birliği
SM PANO SISTEMLERI ELEKTRIK SANAYI VE TICARET LIMITED SIRKETI;MİMAR SİNAN MAH ÜSKÜDAR CAD. YEDPA NO 1F İÇ KAPI 89 ATAŞEHİR İSTANBUL;(212) 4511126;https://smpano.com;smpano.com;TET - Elektrik ve Elektronik İhracatçıları Birliği
A2 KAPI VE PENCERE AKSESUARLARI SAN.VE TİC.LTD.ŞTİ.;ŞERİFALİ MH TURGUT ÖZAL BULVARI NO:201 ÜMRANİYE İSTANBUL;(216) 4993031;www.a2aksesaur.com;a2aksesaur.com;TET - Elektrik ve Elektronik İhracatçıları Birliği
ABDÜLHADİ EĞİL;ORG. SAN. BÖL. DOLAPDERE SAN. SİT. 18. ADA NO:13 İKİTELLİ BAŞAKŞEHİR İSTANBUL;(212) 6715715;www.aydinotomotiv.com;aydinotomotiv.com;TET - Elektrik ve Elektronik İhracatçıları Birliği
DENGE TELEKOMÜNİKASYON VE GÜVENLİK SİSTEMLERİ SANAYİ TİC. LTD. ŞTİ.;KÜÇÜKBAKKALKÖY MAH. DEREBOYUSK. NO:6 ATAŞEHİR İSTANBUL;(216) 5734040;https://www.dengetelekom.com/;dengetelekom.com;TET - Elektrik ve Elektronik İhracatçıları Birliği
UP MEDİCAL İÇ VE DIŞ TİCARET ANONİM ŞİRKETİ;ATAKÖY 7-8-9-10. KISIM MAH. ÇOBANÇEŞME E-5 YAN YOLCAD. NO: 16 /2 İÇ KAPI NO: 354 BAKIRKÖY/ İSTANBUL BAKIRKÖY İSTANBUL;(212) 8533800;https://upmedical.com.tr/tr/;upmedical.com.tr;TET - Elektrik ve Elektronik İhracatçıları Birliği
KAR KIMYA SAN. VE TIC.LTD.STI.;LIBADIYE CAD.G-2 SOK.14/10ORNEK MAH. ÜSKÜDAR İSTANBUL;02163151976;www.karkimya.com.tr;karkimya.com.tr;TET - Elektrik ve Elektronik İhracatçıları Birliği
SCHILLER TIBBİ MALZEMELER SANAYİ VE TİCARET LTD. ŞTİ.;HALİL RIFAT PAŞA MAHALLESİ YÜZER HAVUZ SOKAK A BLOK NO:9/0034 KAT : 2 ŞİŞLİ İSTANBUL;02122108681;www.schiller.ch;schiller.ch;TET - Elektrik ve Elektronik İhracatçıları Birliği
TTZ PAZARLAMA PLASTİK SAN. LTD. ŞTİ.;2435.SOKAK NO:48 MAHMUTBEY 0 0 BAĞCILAR BAĞCILAR İSTANBUL;(212) 7982490;www.titizplastik.com;titizplastik.com;TET - Elektrik ve Elektronik İhracatçıları Birliği
MAMUT LOJİSTİK VE DIŞ TİCARET LİMİTED ŞİRKETİ;ATATÜRK MAH.ERTUĞRUL GAZİ SOK.METROPOL İSTANBULA BLOK NO:2E/331 ATAŞEHİR İSTANBUL;;https://mulog.com.tr;mulog.com.tr;TET - Elektrik ve Elektronik İhracatçıları Birliği
EPSİLON ELEKTRONİK SAN.VE TİC. A.Ş.;19 MAYIS MAH.DR.ŞEVKET BEY SOK.NO.5ŞİŞLİ 19 MAYIS ŞİŞLİ İSTANBUL;(212) 2195657;www.epsilonelektronik.com;epsilonelektronik.com;TET - Elektrik ve Elektronik İhracatçıları Birliği
ER METAL TIBBİ CİHAZ PAZARLAMA İMALAT SAN. İÇ VE DIŞ TİC. LTD. ŞTİ.;ÇANKIRI BULVARI 8.KM NO:119 AKYURT ANKARA;(312) 3486406;www.ermetaldental.com;ermetaldental.com;TET - Elektrik ve Elektronik İhracatçıları Birliği
ARIKİMYA LABORATUVAR KİMYASALLARI VE CİHAZLARI MEDİKAL GIDA SANAYİ TİCARET LİMİTED ŞİRKETİ;MAHMUTBEY MAHALLESİ 2433 SOKAK NO:140 BAĞCILAR İSTANBUL;(212) 2712171;http://www.arikimlab.com;arikimlab.com;TET - Elektrik ve Elektronik İhracatçıları Birliği
SPARK ÖLÇÜM TEKNOLOJİLERİ A.Ş.;İRAN CAD. KARUM IŞ MERKEZI NO.460 ÇANKAYA ANKARA;(312) 4668212;www.sparkmeasure.com;sparkmeasure.com;TET - Elektrik ve Elektronik İhracatçıları Birliği
BEFAS ELEKTRIK ELEKTRONIK MET. MAKINA I.V.G.S.P.D.LTD.STI.;NILÜFER TIC MERKEZI 2 ALAADIN BEY MAH 637 SOK NO:36 NİLÜFER BURSA;02244435180;www.befaselektrik.com;befaselektrik.com;TET - Elektrik ve Elektronik İhracatçıları Birliği
PHARMATURCA ECZA DEPOSU VE DIŞ TİCARET LTD. ŞTİ.;ORUÇREİS GİYİMKENT 8. SK. 11 A ESENLER İSTANBUL;(212) 4382208;www.pharmaturca.com;pharmaturca.com;TET - Elektrik ve Elektronik İhracatçıları Birliği
KESIF ELEKTRONIK SAN. VE TIC. LTD.STI.;EMEKYEMEZ MAH. O.MUSA CAD. GÜNEŞ HAN NO:24-8 KARAKÖY BEYOĞLU İSTANBUL;(212) 2939415;www.kesif.com.tr;kesif.com.tr;TET - Elektrik ve Elektronik İhracatçıları Birliği
ASFA TEKNOLOJİ ÜRETİM SANAYİ VE TİCARET LİMİTED ŞİRKETİ;TAHTAKALE MAH.TAHTAKALE CAD.MENEKŞE İŞ HANI NO: 21 FATİH İSTANBUL;(212) 0000000;https://www.aclgsm.com.tr/;aclgsm.com.tr;TET - Elektrik ve Elektronik İhracatçıları Birliği
KAYALAR ÇAĞDAŞ ENDÜSTRİYEL MUTFAK SANAYİ VE TİCARET LİMİTED ŞİRKETİ;YAHYA KAHYA MH BAHRİYE CD NO:8 BEYOĞLU İSTANBUL;(212) 2540773;www.kayalarmutfak.com.tr;kayalarmutfak.com.tr;TET - Elektrik ve Elektronik İhracatçıları Birliği
BAS-PAR BASKENT MAKINA YEDEK PARCA IML.SAN.VE TIC.LTD.STI.;1235.CADDE (ESKİ 58.SOK) NO: 4 ANKARA;03123542170;www.bas-par.com;bas-par.com;TET - Elektrik ve Elektronik İhracatçıları Birliği
MAYAPAZ HGM ENDÜSTRİYEL MUTFAK İÇ VE DIŞ TİCARET LİMİTED ŞİRKETİ;KAVAKLI MH KAVAKLI CD NO:17A BEYLİKDÜZÜ İSTANBUL;(212) 2385199;www.mayapaz.com;mayapaz.com;TET - Elektrik ve Elektronik İhracatçıları Birliği
AKSA BURO MAKİNALARI VE SARF MALZEMELERİ SANAYİ VE TİCARET ANONİM ŞİRKETİ;KERVANGECMEZ SOK.4/4 ŞİŞLİ İSTANBUL;02123565600;www.aksaltd.com;aksaltd.com;TET - Elektrik ve Elektronik İhracatçıları Birliği
MEPA BİLİŞİM ELEKTRONİK SANAYİ VE TİCARET LİMİTED ŞİRKETİ;HALİL RIFAT PAŞA MAH. YÜZER HAVUZ SK. PERPA TİC MER B BLOK NO: 1 /1 İÇ KAPI NO: 1374 ŞİŞLİ İSTANBUL;(850) 2423545;www.mepaelektronik.com;mepaelektronik.com;TET - Elektrik ve Elektronik İhracatçıları Birliği
DAMLA LED ALTERNATİF AYDINLATMA SİST. ELEKT. VE LED TEKN. PEVZAJ İNŞ. SAN. VE TİC. LTD.ŞTİ.;BAŞKENT ORGANİZE SANAYİ BÖLGESİ17.CAD. NO:38 MALIKÖY TEMELLİ SİNCAN ANKARA;03122846353;www.damla-led.com;damla-led.com;TET - Elektrik ve Elektronik İhracatçıları Birliği
LEVENT GIDA MAKINA SANAYI VE TICARET LTD.STI.;NATO YOLU CAD MINI SOK NO:1DAIRE:4 ÜMRANİYE İSTANBUL;02163469252;www.leventmakina.com.tr;leventmakina.com.tr;TET - Elektrik ve Elektronik İhracatçıları Birliği
STRACO TAAHHÜT İNŞAAT VE DIŞ TİCARET LTD.ŞTİ.;ESENTEPE MH İNÖNÜ CD KARTAL KULE İŞ MERKEZİ NO:147/11 KARTAL İSTANBUL;;www.straco.com.tr;straco.com.tr;TET - Elektrik ve Elektronik İhracatçıları Birliği
STERTIL İNTER YAPI SAN. VE TİC.A.Ş.;BİRLİK SOK. NO:2 K:2 D:7 LEVENT BEŞİKTAŞ İSTANBUL;(212) 2809505;www.stertilinteryapi.com;stertilinteryapi.com;TET - Elektrik ve Elektronik İhracatçıları Birliği
GENESİS GENEL ELEKTRİK ELEKTRONİK SİSTEMLERİ SANAYİ VE TİCARET ANONİM ŞİRKETİ;YENİŞEHİR MAH. ARAÇ SOK. NO:63/3 İZMİT KOCAELİ;(262) 3232606;www.genesis.com;genesis.com;TET - Elektrik ve Elektronik İhracatçıları Birliği
İTEK MEDİKAL SİSTEMLERİ A.Ş.;TATLISU MAH. ARACI SOK. NO:12 ÜMRANİYE İSTANBUL;(216) 5945129;www.i-tekmed.com;i-tekmed.com;TET - Elektrik ve Elektronik İhracatçıları Birliği
VİZYON İÇ VE DIŞ TİCARET ANONİM ŞİRKETİ;TALATPAŞA MAHALLESİ EMİRGAZİ CADDESİ NO: 2/1 KAĞITHANE İSTANBUL;(212) 4382470;www.vizyon-as.com;vizyon-as.com;TET - Elektrik ve Elektronik İhracatçıları Birliği
AKIN YAZILIM BILGISAYAR ITHALAT IHRACAT SANAYİ TİCARET LTD.ŞTİ.;ULUSAL SOKAK AKINSOFT PLAZA NO:103 YAZIR 42070 SELÇUKLU KONYA;(332) 2611800;www.akinsoft.com.tr;akinsoft.com.tr;TET - Elektrik ve Elektronik İhracatçıları Birliği
FATMA YÜCE;VELİBABA MAH.YENİÇAM SK.NO:6 /2PK:34896 PENDİK İSTANBUL;;www.essanmedikal.com;essanmedikal.com;TET - Elektrik ve Elektronik İhracatçıları Birliği
İLPEA PLASTK VE KAUÇUK ÜRÜNLERİ SAN. VE TİC. LTD. ŞTİ.;HACISEREMET MEVKİİ 158 ADA 10 PARSEL ÇORLU TEKİRDAĞ;(282) 6745266;www.ilpea.com;ilpea.com;TET - Elektrik ve Elektronik İhracatçıları Birliği
ANKA DÖVME SAVUNMA SANAYİ DIŞ TİC.İTH.İHR.LTD.ŞTİ.;HACIHALİL MAH.ORHANGAZİ CAD.NO:19/3 GEBZE KOCAELİ;(262) 5825782;www.ankaforge.com.tr;ankaforge.com.tr;TET - Elektrik ve Elektronik İhracatçıları Birliği
MAYGEN LABORATUVAR HZMETLERİ SANAYİ VE TİCARET LİMİTED ŞİRKETİ;İŞÇİ BLOKLARI MAH.MEVLANA BLV. NO:182/B İÇ KAPI NO84 PK:06530 ÇANKAYA ANKARA;(312) 2205650;www.maygen.com.tr;maygen.com.tr;TET - Elektrik ve Elektronik İhracatçıları Birliği
DOYUK BİLGİSAYAR TEKNOLOJİ PROMOSYON ÜRÜNLERİ SANAYİ VE TİCARET LİMİTED ŞİRKETİ;HALKAPINAR MAH.1004 SOK.NO:5-319 KEREMOĞLU İŞ MRK. YENİŞEHİR KONAK İZMİR;(232) 4226052;www.doyuk.com;doyuk.com;TET - Elektrik ve Elektronik İhracatçıları Birliği
MEZBAHA TEKNOLOJİLERİ SAN. VE TİC.LTD.ŞTİ.;İST TUZLA ORG. SAN. BÖL. ESKİANKARA ASFALTI 3 CAD. NO.3 TUZLA İSTANBUL;(216) 2905423;www.mezbahateknolojileri.com;mezbahateknolojileri.com;TET - Elektrik ve Elektronik İhracatçıları Birliği
MİTELSAN ELEKTRONİK TEKNOLOJİ SANAYİ VE TİCARET LİMİTED ŞİRKETİ;EVZIÇAKMAK MAH. 10721. SK. D BLOK NO: 22 A 42010 42010 KARATAY KONYA;(850) 5504242;https://www.mitelsan.com;mitelsan.com;TET - Elektrik ve Elektronik İhracatçıları Birliği
TEKNOLÜKS ENDÜSTRİYEL METAL VE PLAST. SAN. TİC. LTD. ŞTİ.;ALEMDAĞ MAH.SARAY CAD. NO:171 ÇEKMEKÖY İSTANBUL;;www.teknoluks.com.tr;teknoluks.com.tr;TET - Elektrik ve Elektronik İhracatçıları Birliği
HACI AYVAZ ENDÜSTRİYEL MAMULLER SANAYİ VE TİCARET ANONİM ŞİRKETİ;HADIMKÖY MH.MUSTAFA İNAN CD.NO:44 ARNAVUTKÖY İSTANBUL;(212) 7710145;www.ayvaz.com;ayvaz.com;TET - Elektrik ve Elektronik İhracatçıları Birliği
SÜMER SAVUNMA VE SAĞLIK TEKNOLOJİLERİ LİMİTED ŞİRKETİ;MALIKÖY BAŞKENT OSB MAH.BAŞKENT BLV.SÜMER NO:81 PK:06909 SİNCAN ANKARA;(312) 4184129;www.sumeras.com;sumeras.com;TET - Elektrik ve Elektronik İhracatçıları Birliği
ARMOR TURKEY BASKI VE BİLİŞİM SİSTEMLERİ SANAYİ VE TİCARET ANONİM ŞİRKETİ;İSTANBUL DERİ ORGANİZE SANAYİ BÖLGESİ KAZLIÇEŞME CADDESİ NO:13 (J 3 ÖZEL PARSEL) TUZLA İSTANBUL;(216) 5172520;www.fks-tr.com;fks-tr.com;TET - Elektrik ve Elektronik İhracatçıları Birliği
ALİ HAYDAR SOYSAL;ORUÇ REİS MAH. GİYİMKENT SİT.5.NCİ SOK. NO.84 ESENLER İSTANBUL;(212) 4387480;www.npelektronik.com;npelektronik.com;TET - Elektrik ve Elektronik İhracatçıları Birliği
DENİZ TUNÇ TASARIM İÇ MİMARLIK HİZMETLERİ MÜCEVHERATÇILIK SAN. VE TİC. LTD. ŞTİ.;ABDI IPEKÇI CAD.ADA APT.NO22/2 ŞİŞLİ İSTANBUL;02122321216;www.deniztunc.com;deniztunc.com;TET - Elektrik ve Elektronik İhracatçıları Birliği
ERDEM AYDIN YILMAZ;KARAHASANATLI IS MERKEZI 1203/11 SK NO.4 D.616 KONAK İZMİR;(232) 4692623;www.testteknik.com;testteknik.com;TET - Elektrik ve Elektronik İhracatçıları Birliği
ETHNİQ KÜÇÜK EV ALETLERİ SAN. VE TİC. LTD. ŞTİ.;VEYSELKARANİ MAH. OSMANGAZİ CD. D BLOK NO: 164 / DIÇ KAPI NO: 25 SANCAKTEPE İSTANBUL;(216) 0000000;http://www.ethniqbrand.com;ethniqbrand.com;TET - Elektrik ve Elektronik İhracatçıları Birliği
DURAVİT YAPI ÜRÜNLERİ SAN. VE TİC. A. Ş.;TUZLA ORG.DERI SAN. BÖL. 10.YOL I-4 PARSEL TUZLA İSTANBUL;02164585151;www.tr.duravit.com;tr.duravit.com;TET - Elektrik ve Elektronik İhracatçıları Birliği
DİKEY İLETİŞİM ELEKT.VE PAZ. LTD.ŞTİ.;IST.DERİ ORG.SAN.BÖLG.BURÇAK SOKAK NO.2 VIII.ÖZEL PARSEL TUZLA İSTANBUL;(216) 3941695;www.dikeyelektronik.com;dikeyelektronik.com;TET - Elektrik ve Elektronik İhracatçıları Birliği
GASTROTECH END.MUFTAK MALZ.SAN.PAZ.PROJE TAAH.İÇ VE DIŞ TİC.LTD.ŞTİ.;SURURİ MAH. .BAHRİYE CAD. NO:78/A-B-C BEYOĞLU İSTANBUL;(212) 2379025;www.gastrotech.com.tr;gastrotech.com.tr;TET - Elektrik ve Elektronik İhracatçıları Birliği
TRİA SPİNE MEDİKAL ANONİM ŞİRKETİ;MUSTAFA KEMAL MH.2141.SK.NO:32/1 ÇANKAYA ANKARA;03122194104;www.triaspine.com;triaspine.com;TET - Elektrik ve Elektronik İhracatçıları Birliği
ELEKTRO DENIZ GEMI ELEKT.ITH. IHR.MUMES.TIC.VE SAN.LTD.STI.;AYDINTEPE MAH. GÜZİN SOKAK GEMDOK SANAYİ SİTESİ NO:17/2 TUZLA İSTANBUL;02163927729;www.edel.com.tr;edel.com.tr;TET - Elektrik ve Elektronik İhracatçıları Birliği
STEELEAST ÇELİK SANAYİ VE TİCARET LİMİTED ŞİRKETİ;KÜÇÜKBAKKALKÖY MAH. DEREBEY SK.DUMANKAYA FLEX RESIDENCE NO: 13 İÇ KAPI NO: 65 ATAŞEHİR İSTANBUL;(216) 5196090;www.steeleast.com;steeleast.com;TET - Elektrik ve Elektronik İhracatçıları Birliği
KONYA ELMAK ELEKTRİK TİC. VE SAN.A.Ş.;BÜSAN 4. SAN. BÖLG. 10723. SK. NO:10 ŞEMS KARATAY KONYA;(332) 3451811;www.konyaelmak.com.tr;konyaelmak.com.tr;TET - Elektrik ve Elektronik İhracatçıları Birliği
FORS YEDEK PARÇA VE OTOMOTİV SAN TİC. LTD. ŞTİ.;AKSARAY MAH.TİRYAKİ HASAN PAŞA CD. VALİDE İŞ HANI NO:39/8 FATİH İSTANBUL;(212) 8759286;www.forsautomarket.com;forsautomarket.com;TET - Elektrik ve Elektronik İhracatçıları Birliği
TAMTEL KABLO SANAYİ VE TİCARET LİMİTED ŞİRKETİ;564.SK. NO:5A GAZİOSMANPAŞA İSTANBUL;(212) 5357018;http://www.tamtelkablo.com.tr;tamtelkablo.com.tr;TET - Elektrik ve Elektronik İhracatçıları Birliği
TEKNIK ELEKTRONIK TIC.SAN.LTD. STI.;MUHTARKAMIL S.5/2 BEYOĞLU İSTANBUL;02122934617;www.teknikelektronik.com;teknikelektronik.com;TET - Elektrik ve Elektronik İhracatçıları Birliği
BALCIOĞLU İNŞAAT TAAHHÜT SANAYİ VE TİCARET LİMİTED ŞİRKETİ;CEBECİ MH ÇANAKKALE ŞEHİTLERİ CD NO:64 SULTANGAZİ İSTANBUL;(212) 5942293;www.balciogluinsaat.com.tr;balciogluinsaat.com.tr;TET - Elektrik ve Elektronik İhracatçıları Birliği
MAKKALIP MAKİNA KALIP PLASTİK TİC. LTD. ŞTİ.;RAMAZANOĞLU MAH. SAN. CAD. NO:34 KURTKÖY PENDİK İSTANBUL;(216) 5952252;wwww.makkalip.com;wwww.makkalip.com;TET - Elektrik ve Elektronik İhracatçıları Birliği
EMCLİFT ASANSÖR SİSTEMLERİ SAN VE TİC LTD ŞTİ;ESENŞEHİR MAH NATOYOLU CAD HİDAYET SOK NO7/3 ÜMRANİYE İSTANBUL;(216) 5271001;http://www.emclift.com;emclift.com;TET - Elektrik ve Elektronik İhracatçıları Birliği
YIBER ELEKTRONIK SAN.VE TIC. LTD.STI.;ŞERİFALİ MAH. HENDEM CAD N:43BLOK.DÜKKAN 1 ÜMRANİYE İSTANBUL;(216) 3612777;www.yiber.com.tr;yiber.com.tr;TET - Elektrik ve Elektronik İhracatçıları Birliği
TECHNOMEDİCARE MEDİKAL TİCARET ANONİM ŞİRKETİ;BAHÇELİEVLER MH. 323/1 CD. NO:10/50C/139 GAZİ TEKNOPARK GÖLBAŞI ANKARA;(312) 4849777;https://www.technomedicare.com/;technomedicare.com;TET - Elektrik ve Elektronik İhracatçıları Birliği
FESCOM MÜHENDİSLİK LTD. ŞTİ.;BEYAZ CENTER OFİS BARIŞ MH. AKDENİZ CD. NO:8/1K:3 D:52 PK:34520 BEYLİKDÜZÜ İSTANBUL;(212) 8031206;www.fescom.net;fescom.net;TET - Elektrik ve Elektronik İhracatçıları Birliği
BOZANKAYA RAYLI SİSTEMLER ANONİM ŞİRKETİ;SARAY MAH. FATİH SULTAN MEHMET BULVARI NO: 414 SARAY KAHRAMANKAZAN ANKARA;(312) 2671141;http://www.bozankaya.com.tr;bozankaya.com.tr;TET - Elektrik ve Elektronik İhracatçıları Birliği
ERHAN DUMAN;BEYLİKDÜZÜ OSB MH AÇELYA CD NO:39/B1 BEYLİKDÜZÜ İSTANBUL;(212) 5760077;www.duman.com.tr;duman.com.tr;TET - Elektrik ve Elektronik İhracatçıları Birliği
DESMAK TEKNOLOJİ ANONİM ŞİRKETİ;YENİGÜN MAH.292/17 SOK.NO:21/1 BUCA BUCA İZMİR;(232) 4837651;www.posclass.com;posclass.com;TET - Elektrik ve Elektronik İhracatçıları Birliği
TOY PLASTIK ELEKTRIK MALZ.SAN TIC LTD.STI.;E-5 KARAYOLU ÜZERİ SAKARYA SANAYİ SİTESİ YANI ADAPAZARI SAKARYA;(264) 2791151;www.toyaydinlatma.com;toyaydinlatma.com;TET - Elektrik ve Elektronik İhracatçıları Birliği
OCAK KALIP MAKİNA İMALAT SANAYİ VE TİCARET ANONİM ŞİRKETİ;PELİTLİ MAH. PELİTLİ YOLU CAD.NO.83 GEBZE KOCAELİ;02627512732;www.ocakkalip.com;ocakkalip.com;TET - Elektrik ve Elektronik İhracatçıları Birliği
BILKUR BILGISAYAR SAN.VE TIC. LTD.STI.;FULYA MAH. ÖZTÜRK SOK. AKABE TİC. MRK. NO.1/B MECİDİYEKÖY ŞİŞLİ ŞİŞLİ İSTANBUL;02122126014;www.bilkur.com.tr;bilkur.com.tr;TET - Elektrik ve Elektronik İhracatçıları Birliği
İNSİDEMED CERRAHİ ALETLER SANAYİ VE TİCARET LİMİTED ŞİRKETİ;ŞABANOĞLU MAHALLESİ RAY SOKAK NO:121 ŞABANOĞLU MAHALLESİ 55330 TEKKEKÖY, SAMSUN, TÜRKİYE TEKKEKÖY SAMSUN;(362) 4373770;www.insidemedikal.com;insidemedikal.com;TET - Elektrik ve Elektronik İhracatçıları Birliği
ÖZHAKAN ELEKTRİK PAZARLAMA VE AYDINLATMA SANAYİ LİMİTED ŞİRKETİ;YANIKKAPI SOK. NO.6/A KARAKÖY BEYOĞLU İSTANBUL;(212) 5283842;www.ed-son.com.tr;ed-son.com.tr;TET - Elektrik ve Elektronik İhracatçıları Birliği
BİRGÜL KÜPELİ;BAĞLAR MAH. BARIŞ SOK. NO:20 BAĞCILAR İSTANBUL;(212) 6305191;www.elo.com.tr;elo.com.tr;TET - Elektrik ve Elektronik İhracatçıları Birliği
ELEKTROSER BÜRO MAKİNALARI TEKNİK SERVİS SANAYİ VE TİCARET LTD.ŞTİ.;ERTUĞRUL MAH. ÜMİT KAFTANCIOĞLU CAD. NO.1/A-1 NİLÜFER BURSA;(224) 2333302;www.elektroser.com;elektroser.com;TET - Elektrik ve Elektronik İhracatçıları Birliği
FERHAN FAZLIOGLU;BARIŞ MAH. CAHİT SITKI TARAN SOK. NO:6 A2 YEŞİLVADİ APT. D:3 BEYLİKDÜZÜ İSTANBUL;(212) 8713766;www.ferbakir.com;ferbakir.com;TET - Elektrik ve Elektronik İhracatçıları Birliği
GEDİK KAYNAK SANAYİ VE TİCARET A.Ş.;ANKARA CAD. NO:306 ŞEYHLİ PENDİK İSTANBUL;(216) 3785000;www.gedik.com.tr;gedik.com.tr;TET - Elektrik ve Elektronik İhracatçıları Birliği
SPARK KALİBRASYON HİZMETLERİ ANONİM ŞİRKETİ;İRAN CADDESİ KARUM İŞ MERKEZİ B BLOK 6. KAT NO:451 PK:06680 ÇANKAYA ANKARA;(312) 4670348;www.sparkkalibrasyon.com.tr;sparkkalibrasyon.com.tr;TET - Elektrik ve Elektronik İhracatçıları Birliği
FLEKSAN BORU SANAYİ VE TİCARET LİMİTED ŞİRKETİ;ALTINŞEHİR MAHALLESİ ŞENEL CADDESİ 100 ÜMRANİYE İSTANBUL;(850) 5320623;fleksan.com;fleksan.com;TET - Elektrik ve Elektronik İhracatçıları Birliği
TURAN KİMYA SAN. VE TİC. A.Ş.;SELAHADDİN EYYUBİ MAH.3152 SOK.NO:7/3 ESENYURT İSTANBUL;(212) 4858999;www.turankimya.com;turankimya.com;TET - Elektrik ve Elektronik İhracatçıları Birliği
DOĞRU AKIM REKLAM SANAYİ VE TİCARET LİMİTED ŞİRKETİ;OSMANGAZİ MAH. YILDIZHAN CAD. NO: 10 SANCAKTEPE İSTANBUL;;http://i?nfo@dcreklam.com.tr;i;TET - Elektrik ve Elektronik İhracatçıları Birliği
ABB ROBOTICS TURKEY ENDÜSTRIYEL OTOMASYON ANONİM ŞİRKETİ;TEPEÖREN İTOSB MAH. 10. CAD. BİMEKS ÇELİK NO:7 TUZLA İSTANBUL;(216) 5282200;http://www.abb.com.tr;abb.com.tr;TET - Elektrik ve Elektronik İhracatçıları Birliği
LİKROM ANALİTİK ÇÖZÜMLER PAZ. SAN. VE TİC. A.Ş.;Y.DUDULLU MAH.TAVUKÇUYOLU CAD. N.243 ÜMRANİYE İSTANBUL;(216) 5082406;www.likrom.com;likrom.com;TET - Elektrik ve Elektronik İhracatçıları Birliği
TRANSKLİMA SOĞUTMA MAKİNALARI SAN. VE TİC. A.Ş.;MEŞRUTİYET MAH. ABİDE-İ HÜRRİYET CD. ŞEHİT AHMET SK. MECİDİYEKÖY İŞ MERK. KAT:6 NO:87 MEŞRUTİYET ŞİŞLİ İSTANBUL;02122112149;www.transklima.com;transklima.com;TET - Elektrik ve Elektronik İhracatçıları Birliği
MERAN TIP ÜRÜNLERİ TEKNOLOJİ SAN.VE TİC.LTD.ŞTİ.;BURHANİYE MH.TUNUSLU MAHMUT PAŞA SK.NO:17 ÜSKÜDAR İSTANBUL;(216) 5578755;www.merantip.com;merantip.com;TET - Elektrik ve Elektronik İhracatçıları Birliği
BİYOMOD BİYOMEDİKAL MODÜL ÇÖZÜMLERİ BİLİŞİM ELEKTRONİK SAN. VE TİC. LTD. ŞTİ.;ÜNİVERSİTELER MAHALLESİ İHSAN DOĞRAMACI BULVARI GALYUM BLOK BODRUM KAT NO:9 TEKNOKENT ODTÜ ÇANKAYA ANKARA;;www.biyomod.com.tr;biyomod.com.tr;TET - Elektrik ve Elektronik İhracatçıları Birliği
ISIER REZİSTANS MAKİNA SANAYİ VE TİCARET LİMİTED ŞİRKETİ;İKİTELLİ OSB MAH. SARAÇLAR 1. BLOK SK. SARAÇLAR SANAYİ 1. BLOK NO: 14 İÇ KAPI NO: 1 BAŞAKŞEHİR İSTANBUL;(212) 6408758;http://www.isierrezistans.com;isierrezistans.com;TET - Elektrik ve Elektronik İhracatçıları Birliği
MEGAJOULE GÜÇ SİSTEMLERİ PAZ. SAN. TİC. LTD. ŞTİ.;ABDURRAHMANGAZİ MAH. VOLKAN SK. NO:16 SANCAKTEPE İSTANBUL;(216) 0000000;http://www.megajoule.com.tr;megajoule.com.tr;TET - Elektrik ve Elektronik İhracatçıları Birliği
RADYOPANC ELEKTRONIK CIH.VE MALZ.TIC.A.S.;ŞAİR ZİYA PAŞA CAD. NO:36 KARAKÖY BEYOĞLU İSTANBUL;(212) 2444120;www.radyopanc.com.tr;radyopanc.com.tr;TET - Elektrik ve Elektronik İhracatçıları Birliği
KUPA TOOLS DIŞ TİCARET A.Ş.;MAHMUTBEY MAH. İSTOÇ 2446 SK.NO:122 BAĞCILAR İSTANBUL;(212) 6090301;www.kupatools.com;kupatools.com;TET - Elektrik ve Elektronik İhracatçıları Birliği
BOXGON YAZILIM HEDİYELİK EŞYA LİMİTED ŞİRKETİ;İSTASYON MAH. 1.GENÇTÜRK SOK. ERÖZ APT.BLOK NO7. İÇ KAPI NO:1 KÜÇÜKÇEKMECE İSTANBUL;(212) 0000000;www.boxgon.com;boxgon.com;TET - Elektrik ve Elektronik İhracatçıları Birliği
ANKATR DIŞ TİC. LTD. ŞTİ;İÇMELER MAHALLESİ ÖZÇAM SOKAK NO:4/A DAİRE KAPI NO:1 TUZLA İSTANBUL;(216) 2903578;http://www.anka-tr.com;anka-tr.com;TET - Elektrik ve Elektronik İhracatçıları Birliği
MİCROPORT MEDİKAL ÜRÜNLER LİMİTED ŞİRKETİ;BARBAROS MAH. KARDELEN SK. PALLADIUMTOWER BLOK NO:2/56 ATAŞEHİR İSTANBUL;(216) 7847019;http://www.microport.com.tr;microport.com.tr;TET - Elektrik ve Elektronik İhracatçıları Birliği
GÜLERSAN YAPI MÜH. İNŞ. VE MOBİLYA SAN. VE DIŞ TİC. LTD. ŞTİ.;ORUÇREİS MAH.TEKSTİLKENT CADDESİ 10 AB ESENLER İSTANBUL;(212) 2707441;www.gulersanyapi.net;gulersanyapi.net;TET - Elektrik ve Elektronik İhracatçıları Birliği
AKBAŞ ELEKTIRIK ELEKTRO.AYDINL MALZ.PAZ.SAN.TIC.LTD.ŞTI;BEREKETZADE MAH OKCUMUSA CAD. ORTAK İŞHANI NO.9 K.1/101 KARAKÖY BEYOĞLU İSTANBUL;02122387815;www.akbaselektrik.com;akbaselektrik.com;TET - Elektrik ve Elektronik İhracatçıları Birliği
ASEL HERA AYDINLATMA VE EV GEREÇLERİ İÇ VE DIŞ TİCARET LİMİTED ŞİRKETİ;ESENTEPE MAH. AVIZECILER SIT. 2967 SOK. A BLOK NO.:8 SULTANGAZİ İSTANBUL;02126193205;www.aselcrystal.com;aselcrystal.com;TET - Elektrik ve Elektronik İhracatçıları Birliği
BEKA ENDÜSTRİYEL MUTFAK SANAYİ VE TİCARET LİMİTED ŞİRKETİ;UĞUR MUMCU MH ATATÜRK BULVARI MERCANSOY PLAZA BODRUM NO:46 SULTANGAZİ İSTANBUL;(212) 4759203;www.bekamutfak.com.tr;bekamutfak.com.tr;TET - Elektrik ve Elektronik İhracatçıları Birliği
ALFA LAVAL MAKİNE SANAYİ VE TİCARET LİMİTED ŞİRKETİ;FATİH MAH YAKACIK CAD. NO.23 SAMANDRA SAMANDIRA SANCAKTEPE İSTANBUL;(216) 3117900;www.alfalaval.com;alfalaval.com;TET - Elektrik ve Elektronik İhracatçıları Birliği
AKKİM DIŞ TİCARET ANONİM ŞİRKETİ;ESENTEPE MAH.MİLANGAZ CAD.DUMANKAYA VİZYON SİT.A2 BLOK NO:77/2/160 KARTAL İSTANBUL;(216) 2901410;www.akkimenerji.com.tr;akkimenerji.com.tr;TET - Elektrik ve Elektronik İhracatçıları Birliği
MİSTEL KABLO ELEKTRİK SANAYİ VE TİCARET LİMİTED ŞİRKETİ;KEMERALTI CAD.KALAYCIOĞLU İŞ HANI NO:35 K:6 BEYOĞLU İSTANBUL;(212) 2515494;www.mistel.com.tr;mistel.com.tr;TET - Elektrik ve Elektronik İhracatçıları Birliği
İTALGOLD KUYUMCULUK SANAYİ VE TİCARET LİMİTED ŞİRKETİ;MİMAR KEMALETTİN MAH. MESİHPAŞA CAD. NO:72/ELALELİ EMİNÖNÜ/CAĞALOĞLU FATİH İSTANBUL;;www.italgold.com.tr;italgold.com.tr;TET - Elektrik ve Elektronik İhracatçıları Birliği
2A ELEKTRİK ELEKTRONİK VE OTOM. SİST. SAN. VE TİC. LTD.ŞTİ.;KAZIMİYE MAH.BARBAROS CAD.AKGÜN VİLLALARI NO:6 ÇORLU TEKİRDAĞ;(282) 6538750;www.2aelektronik.com;2aelektronik.com;TET - Elektrik ve Elektronik İhracatçıları Birliği
MAKPAR YEDEK PARÇA MALZEMELERİ SANAYİ İÇ VE DIŞ TİC.LTD.ŞTİ.;FATİH MH 202 SK NO:43A ESENLER İSTANBUL;(000) 0000000;www.makpar-ltd.com;makpar-ltd.com;TET - Elektrik ve Elektronik İhracatçıları Birliği
ERSA TEKNİK SERVİS SAN. TİC. LTD. ŞTİ.;BAHRİ,YE CAD.TAĞHANE SOK.N:14/1 KASIMPAŞA BEYOĞLU İSTANBUL;(212) 2371967;www.ersateknik.com.tr;ersateknik.com.tr;TET - Elektrik ve Elektronik İhracatçıları Birliği
SIMGA MEKANIK ALETLER SANAYI VE TICARET A.S.;İKİTELLİ OSB. MAH. MARMARA SAN. SİT. F BLOK NO:7 KÜÇÜKÇEKMECE İSTANBUL;(212) 4944714;www.simga.com.tr;simga.com.tr;TET - Elektrik ve Elektronik İhracatçıları Birliği
VİTRİNE LİGHT AYDINLATMA SANAYİ TİCARET LTD. ŞTİ.;SİT. N. 374/63 BÜYÜKÇEKMECE/İSTANBULSİT. N. 374/63 BÜYÜKÇEKMECE/İSTANBUL BÜYÜKÇEKMECE İSTANBUL;(212) 9993182;http://vitrinelight.com;vitrinelight.com;TET - Elektrik ve Elektronik İhracatçıları Birliği
STARVALVE PROSES VANALARI VE AKTÜATÖR TEKNOLOJİSİ SANAYİ VE TİCARET ANONİM ŞİRKETİ;S.S. İSTANBUL MERMERCİLER SANAYİ SİTESİ KÖSELER MAH. 22. SK. NO:39 DİLOVASI KOCAELİ;(262) 5932033;www.starvalve.com.tr;starvalve.com.tr;TET - Elektrik ve Elektronik İhracatçıları Birliği
NİLCO TEMİZLİK MAKİNALARI VE KİMYASALLARI SAN. VE TİC.A.Ş.;TEPEBAŞI ASMALI MESCİT MAH. MEŞRUTİYET CAD. NO:43 BEYOĞLU İSTANBUL;(212) 2497069;www.nilco.com.tr;nilco.com.tr;TET - Elektrik ve Elektronik İhracatçıları Birliği
MSC TEMİZ ODA SİSTEMLERİ SANAYİ TİCARET LİMİTED ŞİRKETİ;SAHRAYICEDİD MAH. ATATÜRK CAD. NO:3/1ONUR İŞ MERK. D:12 KADIKÖY İSTANBUL;;https://www.msc-engineering.com/;msc-engineering.com;TET - Elektrik ve Elektronik İhracatçıları Birliği
IŞIK ELEKTRIK MALZEMELERİ PAZARLAMA TICARET LİMİTED ŞİRKETİ;MEVLANA MAH.ÜSKÜDAR CAD NO:1 YEDPA TİCARET MERKEZİ F1 95 ATAŞEHİR İSTANBUL;(216) 6612059;http://www.isikelektrik.com.tr;isikelektrik.com.tr;TET - Elektrik ve Elektronik İhracatçıları Birliği
İNTER-MED MEDİKAL SİSTEMLER TURİZM SANAYİ VE TİCARET ANONİM ŞİRKETİ;SARMAŞIK SOK. NO:5 TUĞSUZ SİT. C BLOK DK:22 BALÇOVA BALÇOVA İZMİR;(232) 2787777;www.inter-med.com.tr;inter-med.com.tr;TET - Elektrik ve Elektronik İhracatçıları Birliği
HERAT LOJİSTİK NAK.VE DANIŞM.DIŞ TİC.LTD.ŞTİ.;GÖKALP BULVARI NO.44 D.6 ZEYTİNBURNU İSTANBUL;(212) 5466660;www.heratlojistik.com;heratlojistik.com;TET - Elektrik ve Elektronik İhracatçıları Birliği
HAY VE HAY DIŞ TİC.LTD.ŞTİ.;İKİTELLİ ORG.SAN.BÖLG.SARAÇLARKOOP.8.BLOK NO:573 KÜÇÜKÇEKMECE İSTANBUL;(212) 4863190;www.hay-hay.com;hay-hay.com;TET - Elektrik ve Elektronik İhracatçıları Birliği
İSTANBUL MOZAİK AYDINLATMA SAN. TİC. LTD. ŞTİ.;AKÇABURGAZ MAH. 91 SOK. NO:16 İÇ KAPI NO:1 ESENYURT İSTANBUL;(212) 8863880;www.istanbulmosaiclamps.com;istanbulmosaiclamps.com;TET - Elektrik ve Elektronik İhracatçıları Birliği
BERSİS ELEK.MÜH.ELEKT.TELEKOM MEK.TEKS.İNŞ.GIDA HAF.SAN.VE TİC.LTD.ŞTİ.;TOPTANCILAR ÇARŞISI İ BLOKNO:4 ERENLER SAKARYA;(264) 2415954;www.bersiselektrik.com.tr;bersiselektrik.com.tr;TET - Elektrik ve Elektronik İhracatçıları Birliği
ORBITA DIS TIC.LTD.STI.;TURGUT REİS MAHALLESİ GÜLSÜM SOKAK NO 13/1 N:35-A SULTANBEYLİ İSTANBUL;02163114695;www.metopelektrik.com.tr;metopelektrik.com.tr;TET - Elektrik ve Elektronik İhracatçıları Birliği
YALÇIN SERCAN MATUR;GAZİ MUSTAFA KEMAL BULVARINO:16/2 YENİŞEHİR İZMİT KOCAELİ;8508880262;www.kocaeliaritma.com.tr;kocaeliaritma.com.tr;TET - Elektrik ve Elektronik İhracatçıları Birliği
EFENDİ PROJE MİMARLIK MÜHENDİSLİK SANAYİ VE TİCARET LİMİTED ŞİRKETİ;TATLISU MAH. ŞAHİN CAD. NO:39A TATLISU 34774 İÇ KAPI NO:39A ÜMRANİYE İSTANBUL;(216) 5042288;www.fdproje.com;fdproje.com;TET - Elektrik ve Elektronik İhracatçıları Birliği
ALISAN IC VE DIS TIC.A.S.;RÜZGARLIBAHÇE MAH.KAYIN SOKAK YESA İŞM. 1.BLOK K.2 D.5 KAVACIK BEYKOZ İSTANBUL;(216) 6804020;www.alisan.com.tr;alisan.com.tr;TET - Elektrik ve Elektronik İhracatçıları Birliği
PAUSE YENİ NESİL KİŞİSEL BAKIM HİZMETLERİ SANAYİ TİCARET LİMİTED ŞİRKETİ;BARBAROS MAHALLESİ YEŞİLÇİM SOKAK NO:24/1 ATAŞEHİR İSTANBUL;(216) 0000000;https://awefloat.com;awefloat.com;TET - Elektrik ve Elektronik İhracatçıları Birliği
DESPEC BİLG.PAZ.VE TİC.A.Ş.;AYAZAGA MAH.CENDERE YOLU NO:9 ŞİŞLİ İSTANBUL;02123312121;www.despec.com.tr;despec.com.tr;TET - Elektrik ve Elektronik İhracatçıları Birliği
SEVA AYDINLATMA ENERJI TAAHHÜT SAN TIC LTD ŞTI;PANCAR ORGANİZE SAN. BÖL. 6.CAD. NO.8 TORBALI İZMİR;;www.sevaaydinlatma.com.tr;sevaaydinlatma.com.tr;TET - Elektrik ve Elektronik İhracatçıları Birliği
BARLA MÜHENDİSLİK AKILLI TEKNOLOJİLERİ VE ENERJEİ LİMİTED ŞİRKETİ;İÇMELER MAH. ÇAĞDAŞ SK. VEMA REZİDANS C BLOK NO: 2 C İÇ KAPI NO:308 TUZLA / İSTANBUL TUZLA İSTANBUL;(216) 0000000;http://www.barlaenergy.com;barlaenergy.com;TET - Elektrik ve Elektronik İhracatçıları Birliği
CEVAT AYDOĞDU;FATİH MAH.YAKACIK CAD.TEMELLER İŞ MEREKZ.N:151 D:2 SANCAKTEPE İSTANBUL;(216) 3041426;www.eurotexso.com;eurotexso.com;TET - Elektrik ve Elektronik İhracatçıları Birliği
MODULE T PREFABRİK SİSTEMLERİ DIŞ TİCARET LİMİTED ŞİRKETİ;CEVİZLİ MH CEVİZLİ D 100 GÜNEY YAN YOLU KURİS KULE NO:2/78 KARTAL İSTANBUL;(216) 4410177;www.moduke-t.com;moduke-t.com;TET - Elektrik ve Elektronik İhracatçıları Birliği
BİRTAN MEDİKAL TIBBİ VE TEKNİK CİHAZLAR GIDA VE TEMİZLİK MAD.BİLG.TEKS.İNŞ.VE TUR.SAN.VE TİC.LTD.ŞTİ;SARAY MH 100.YIL BULVARI NO:10 KAZAN KAHRAMANKAZAN ANKARA;(312) 3871095;www.birtanmedikal.com;birtanmedikal.com;TET - Elektrik ve Elektronik İhracatçıları Birliği
TUNÇSAN ELEKTRİK ELEKTRONİK SANAYİ VE TİCARET LİMİTED ŞİRKETİ;PERPA TIC. MERZ. A BLOK K.8 NO.739 ŞİŞLİ İSTANBUL;02122229083;www.tuncsanelektrik.com.tr;tuncsanelektrik.com.tr;TET - Elektrik ve Elektronik İhracatçıları Birliği
KAIM MUHENDISLIK MUSAVIRLIK SAN.VE TIC.LTD.STI.;BUYUKHENDEK C.KULE IS MERKN0:15 BEYOĞLU İSTANBUL;02122939312;www.kaim.com.tr;kaim.com.tr;TET - Elektrik ve Elektronik İhracatçıları Birliği
DEFAR KALIP MAKİNA SAN. TİC. LTD. ŞTİ.;ÇAVUŞOĞLU SAN. SİT. E BLOK NO:50 KARTAL İSTANBUL;(216) 3741798;www.defarkalip.com.tr;defarkalip.com.tr;TET - Elektrik ve Elektronik İhracatçıları Birliği
KARABUK ELEKTROMEKANIK SAN.V E TIC.LTD.STI.;KURTULUŞ MAH. YENI SAN. BÖLG.NO-52 KARABÜK KARABÜK;(370) 4128717;www.kemsanmotor.com.tr;kemsanmotor.com.tr;TET - Elektrik ve Elektronik İhracatçıları Birliği
DELTEC ELEKTRİK VE KONTROL SİSTEMLERİ SAN. VE TİC. LTD. ŞTİ.;SOYAK OLYMPİAKENT H12-6 PK:34307 KÜÇÜKÇEKMECE İSTANBUL;(212) 4725500;www.deltec.com.tr;deltec.com.tr;TET - Elektrik ve Elektronik İhracatçıları Birliği
ENESEN İNOTEK İNOVATİF TEKN. EĞT. VE DANIŞMANLIK LTD. ŞTİ.;ÇORLU MÜHENDİSLİK FAK. DEKANLIĞI SİLAHTAR MAH. SİNANDEDE MEVKİ ÇORLU TEKİRDAĞ;(282) 6510022;www.enesen.com.tr;enesen.com.tr;TET - Elektrik ve Elektronik İhracatçıları Birliği
GHSI OTEL MALZ.DIS TIC.LTD.STI .;KÖYİÇİ CAD.ŞAİR LEYLA SOKAKMUTLU HAN NO:2/21 BEŞİKTAŞ İSTANBUL;(212) 2586552;www.guestinhouse.com;guestinhouse.com;TET - Elektrik ve Elektronik İhracatçıları Birliği
FABRO GLOBAL DIŞ TİCARET LTD. ŞTİ.;KÜÇÜKÇEKMECE İKİTELLİ OSB MAH.MARMARA L BLOK SK.L BLOK NO:8 KÜÇÜKÇEKMECE İSTANBUL;(212) 8863377;www.feteks.com;feteks.com;TET - Elektrik ve Elektronik İhracatçıları Birliği
DMT MEKANİK DIŞ TİCARET LTD. ŞTİ.;YAKUPLU MAH. GEÇİT SK., VERA PLAZA, NO: 17/12 BEYLİKDÜZÜ İSTANBUL;(212) 7099724;www.dmtmekanik.com;dmtmekanik.com;TET - Elektrik ve Elektronik İhracatçıları Birliği
UG OTOMOTİV TEKS.İNŞ.ELEKTRO.GIDA SAN.VE DIŞ TİC.LTD.ŞTİ.;DİVANYOLU KLODFARER CAD.NO:41 K:3 D:32ÇEMBERLİTAŞ FATİH İSTANBUL;;www.ugotomotiv.com;ugotomotiv.com;TET - Elektrik ve Elektronik İhracatçıları Birliği
ERAPLAST ELEKTRİK SANAYİ VE TİCARET ANONİM ŞİRKETİ;ÖMERLİ MH VİCDAN SK NO:7/3 ARNAVUTKÖY İSTANBUL;(212) 8869434;www.eraplast.com.tr;eraplast.com.tr;TET - Elektrik ve Elektronik İhracatçıları Birliği
DENGE HAVALİMANI EKİPMANLARI SANAYİ VE TİCARET ANONİM ŞİRKETİ;İKİTELLİ OSB MH METAL İŞ SAN SİT 10 BLOK NO:10/10 BAŞAKŞEHİR İSTANBUL;(212) 8071100;www.denge.aero;denge.aero;TET - Elektrik ve Elektronik İhracatçıları Birliği
LIMA ENDUSTRIYEL BILGISAYAR HIZMETLERI VE TIC.LTD.STI.;MERKEZ MAHALLESİ AYAZMA CADDESİNO:37/15 PAPİRUS PLAZA KAT:8 KAĞITHANE İSTANBUL;02123200260;www.lima.com.tr;lima.com.tr;TET - Elektrik ve Elektronik İhracatçıları Birliği
VEK VERIMLI END.KOMP.IC.VE DIS TIC.LTD.STI.;HOŞDERE YOLU ÜZERİ BAHÇEŞEHİR MOBİLYACILAR ÇARŞISI A-2 BLK.N:4 34510 ESENYURT İSTANBUL;(212) 6050999;www.vek-component.com;vek-component.com;TET - Elektrik ve Elektronik İhracatçıları Birliği
DOĞUS VANA DÖKÜM DIŞ TİC.LTD. ŞTİ.;1202/1 SOK.NO:54/F KONAK İZMİR;02324332356;www.dogusvana.com.tr;dogusvana.com.tr;TET - Elektrik ve Elektronik İhracatçıları Birliği
AN KARDEŞLER ENERJİ VE YAPI ANONİM ŞİRKETİ;YENİ SAN.SİT.A-4 BLOK NO:66 LÜLEBURGAZ KIRKLARELİ;(288) 4170757;www.ankakardesler.com.tr;ankakardesler.com.tr;TET - Elektrik ve Elektronik İhracatçıları Birliği
İDANET BİLİŞİM VE İLETİŞİM HİZM. SAN. VE TİC.LTD. ŞTİ;KOZYATAĞI MAHALLESİ DEĞİRMEN SOKAK. AR PLAZA A BLOK NO:16 OFİS 91 KOZYATAĞI 34742 KOZYATAĞI KADIKÖY İSTANBUL;(216) 5732700;www.ida.net.tr;ida.net.tr;TET - Elektrik ve Elektronik İhracatçıları Birliği
MEDİSOLARİS SAĞLIK HİZMETLERİ SANAYİ VE TİCARET LİMİTED ŞİRKETİ;FATİH MAHALLESİ 1191 SOKAK NO:28/1 B BLOK GAZİEMİR İZMİR;(232) 4634210;www.medisolaris.com;medisolaris.com;TET - Elektrik ve Elektronik İhracatçıları Birliği
TEKNİK SOLAR ENERJİ AYDINLATMA VE İNŞ. SAN. TİC. LTD. ŞTİ.;EMEK YEMEZ MAH. OKÇU MUSA CAD. NO:2KAT:6 BEYOĞLU İSTANBUL;(212) 2350000;www.tekniksolar.com.tr;tekniksolar.com.tr;TET - Elektrik ve Elektronik İhracatçıları Birliği
ELİF PLASTİK AMBALAJ SAN. VE TİC. A.Ş.;ORHANGAZİ MAH. 1652 SK. NO:2 ESENYURT İSTANBUL;(212) 6220622;www.elifplastik.com.tr;elifplastik.com.tr;TET - Elektrik ve Elektronik İhracatçıları Birliği
AKTHERM DIŞ TİCARET SANAYİ LİMİTED ŞİRKETİ;ACIBADEM MAH.ÇEÇEN SOK.A BLOK NO:25 A İÇKAPI NO:150 ÜSKÜDAR İSTANBUL;;http://www.aktherm.com.tr;aktherm.com.tr;TET - Elektrik ve Elektronik İhracatçıları Birliği
TİMON TOPLU TÜKETİM SANAYİ VE TİCARET ANONİM ŞİRKETİ;ZİYA GÖKALP MAH. İKİTELLİ ORG. SANAYİ BÖL. ESKİTURGUT ÖZAL CAD. NO:4 B BLOK 104-105 BAĞCILAR İSTANBUL;(212) 6590659;www.timon.com.tr;timon.com.tr;TET - Elektrik ve Elektronik İhracatçıları Birliği
GALATA ELEKTRIK AYDINLATMA TIC . VE SAN.A.S.;EBULULA MARDİN CAD. NO:131 LEVENT LEVENT BEŞİKTAŞ İSTANBUL;(212) 2822921;www.galataaydinlatma.com;galataaydinlatma.com;TET - Elektrik ve Elektronik İhracatçıları Birliği
METRONİK ÖLÇÜ KONTROL TERMOELEMAN SAN. VE TİC. A.Ş.;MENEKŞE CAD. BAKIRCILAR SAN. SİT. NO:9 BÜYÜKÇEKMECE İSTANBUL;(212) 8750298;wwww.metronik.com.tr;wwww.metronik.com.tr;TET - Elektrik ve Elektronik İhracatçıları Birliği
VALMED ECZA SANAYİ VE TİCARET ANONİM ŞİRKETİ;100. YIL MAHALLESİ KİMYON SOK. A BLOK NO: 18/2A SÜLEYMANPAŞA TEKİRDAĞ;;www.valmedpharma.com;valmedpharma.com;TET - Elektrik ve Elektronik İhracatçıları Birliği
EİNHELL TURKEY DIŞ TİCARET ANONİM ŞİRKETİ;ŞERİFALİ MAH. BAYRAKTAR BULVARI BEYİT SOKAK NO:7 ÜMRANİYE İSTANBUL;02164566060;intratek.com.tr;intratek.com.tr;TET - Elektrik ve Elektronik İhracatçıları Birliği
GBC GLOBAL BUSINESS DANIŞMANLIK VE DIŞ TİC. LTD. ŞTİ.;FERAH CAD. NO 79/3 KISIKLI MAH 34692 ÜSKÜDAR, İSTANBUL, TÜRKİYE ÜSKÜDAR İSTANBUL;(216) 4811838;www.gbcglobal.com.tr;gbcglobal.com.tr;TET - Elektrik ve Elektronik İhracatçıları Birliği
İSTANBUL BİLİMSEL ARAŞTIRMA CİHAZLARI VE EĞİTİM ÜRÜNLERİ SANAYİ TİCARET LİMİTED ŞİRKETİ;ZİVERBEY ZÜHTÜPAŞA MH F. KERİM GÖKAY CD B KÖŞK A APT NO:46/1/16 KADIKÖY İSTANBUL;(216) 3255705;www.gantenbein.com.tr;gantenbein.com.tr;TET - Elektrik ve Elektronik İhracatçıları Birliği
STOP GRUP GÜVENLİK SİSTEMLERİ İNŞAAT SANAYİ VE TİCARET ANONİM ŞİRKETİ;GÜZELCE MH İSKENDERUN CD NO:6 BÜYÜKÇEKMECE İSTANBUL;(212) 8680890;www.stopgrup.com;stopgrup.com;TET - Elektrik ve Elektronik İhracatçıları Birliği
TORELLİ ENDÜSTRİ MAKİNA MÜHENDİSLİK SANAYİ VE TİC. LTD.ŞTİ.;BOSTANCI YOLU ŞERİFALİ MH. ŞEHİT SK.NO:43 K:3 ÜMRANİYE İSTANBUL;(216) 4990952;www.torelli.com.tr;torelli.com.tr;TET - Elektrik ve Elektronik İhracatçıları Birliği
NOVA BİLGİ TEKNOLOJİLERİ İTHALAT VE İHRACAT LİMİTED ŞİRKETİ;ORUÇREİS MAH. VADİ CAD. İSTANBUL TİCARET SARAYINO:108 İÇ KAPI NO : 444 ESENLER/İSTANBUL ESENLER İSTANBUL;(212) 0000000;https://novabilgi.com.tr;novabilgi.com.tr;TET - Elektrik ve Elektronik İhracatçıları Birliği
ARSEL ELEKTRONİK SİSTEMLERSANAYİ TİCARET ANONİM ŞİRKETİ;EMNİYETTEPE MAH.M.FEVZİ ÇAKMAK CAD.NO:48-50 ALİBEYKÖY EYÜP İSTANBUL;(212) 2107650;www.arselelektronik.com.tr;arselelektronik.com.tr;TET - Elektrik ve Elektronik İhracatçıları Birliği
IRMAKLAR PASLANMAZ ÇELİK VE MÜHENDİSLİK SANAYİ TİCARET LİMİTED ŞİRKETİ;İKİTELLİ OSB MH TORMAK SAN SİT S BLOK NO:23 BAŞAKŞEHİR İSTANBUL;;www.irmaklarpaslanmaz.com.tr;irmaklarpaslanmaz.com.tr;TET - Elektrik ve Elektronik İhracatçıları Birliği
FELKO ELEKTROMARKET SANAYİ VE TİCARET ANONİM ŞİRKETİ;NİLÜFER TİCARET MERKEZİ 66. SOKAK NO:23-25 NİLÜFER BURSA;(224) 4434500;http://www.felko.com.tr;felko.com.tr;TET - Elektrik ve Elektronik İhracatçıları Birliği
BAŞKAL ELEKTRİK ELEKTRONİK İNŞAAT TEKSTİL GIDA HIRDAVAT MEDİKAL İMALAT SAN. VE TİC. LTD. ŞTİ.;O.S.B. 12.CAD. NO:7 MELİKGAZİ KAYSERİ;(352) 3303313;www.baskalelektrik.com;baskalelektrik.com;TET - Elektrik ve Elektronik İhracatçıları Birliği
BRP BİRPA KİMYA SANAYİ VE TİCARET ANONİM ŞİRKETİ;BAHRIYE CAD. NAZMI BEY SOK.SÜREYYA APT NO:5 D:8 KADIKÖY İSTANBUL;02164500318;www.birpabirlik.com;birpabirlik.com;TET - Elektrik ve Elektronik İhracatçıları Birliği
AY HAVUZ MAKİNA TESİSAT SANAYİ VE TİCARET ANONİM ŞİRKETİ;INÖNÜ CD. TURAKOGLU SK. SÜMKOSITESI A-4 BLOK NO:1/3 KADIKÖY İSTANBUL;02164632678;www.ayhavuz.com.tr;ayhavuz.com.tr;TET - Elektrik ve Elektronik İhracatçıları Birliği
ECK METAL ELEKTRİK ELEKTROMEKANİK SANAYİ TİCARET LİMİTED ŞİRKETİ;BOSB MAH. MERMERCİLER SAN. SİT. 1. CAD. KONYALILARİŞ MERK. BODRUM KAT BEYLİKDÜZÜ İSTANBUL;(212) 8761884;http://www.eckmetal.com;eckmetal.com;TET - Elektrik ve Elektronik İhracatçıları Birliği
MED MONTAJ ENERJI TAAH.INS.PETROL DOGALGAZ MUH.DAN. A.S.;2392.CADDE NO 18 BATIKENT YENİ BATI MAHALLESİ 06370 YENİMAHALLE, ANKARA, TÜRKİYE YENİMAHALLE ANKARA;;www.medenergy.com.tr;medenergy.com.tr;TET - Elektrik ve Elektronik İhracatçıları Birliği
MERS YAPI MALZEMELERİ SANAYİ VE TİCARET ANONİM ŞİRKETİ;BARBAROS MH DEREBOYU CD.IHLAMUR SK 12L UPHİLL COURT TOWERS A BLOK D:129 ATAŞEHİR İSTANBUL;(216) 6881096;www.tgpsystems.com;tgpsystems.com;TET - Elektrik ve Elektronik İhracatçıları Birliği
ALİ HAYDAR BAYSAN;GAZİ MAH.1421 SK NO 5B/1 SULTANGAZİ İSTANBUL;(212) 0000000;www.caseled.com;caseled.com;TET - Elektrik ve Elektronik İhracatçıları Birliği
KAMRA TECH ELEKTRONİK ANONİM ŞİRKETİ;ESENTEPE MAH. MİLANGAZ CAD. ASİA RESİDENCE NO: 73 B BLOK KAT.2 D.6 KARTAL İSTANBUL;(216) 7599092;http://www.kamratech.net;kamratech.net;TET - Elektrik ve Elektronik İhracatçıları Birliği
SİMAF İNŞAAT TAAHÜT İÇ VE DIŞ TİCARET LTD. ŞTİ.;SEDEF CAD. ATA 2-3 PLAZA NO:5/76 ATATÜRK ATAŞEHİR İSTANBUL;(216) 4556240;www.simafgroup.com;simafgroup.com;TET - Elektrik ve Elektronik İhracatçıları Birliği
DOĞRAMACI TEKSTİL GİYİM İNŞAAT MAKİNA ENERJİ İMALAT İTHALAT İHRACAT SANAYİ VE TİCARET LTD. ŞTİ.;ATA MAH. 779 SOK. ASTİS SİTESİNO:64/9 EFELER AYDIN;(256) 2262261;http://www.vibramod.com;vibramod.com;TET - Elektrik ve Elektronik İhracatçıları Birliği
ERGİN OTOMASYON PROSES MAKİNA SANAYİ VE TİCARET ANONİM ŞİRKETİ;YENİDOĞAN OSB MH ÖMER DURUKCD NO 22/2 16260 GÜRSU GÜRSU BURSA;(224) 3460451;www.erginotomasyon.com;erginotomasyon.com;TET - Elektrik ve Elektronik İhracatçıları Birliği
ALFA LAZER BILGISAYAR VE BURO MALZEMELERI SAN. VE TIC. A.S.;AYAZAĞA MAH.MİMAR SİNAN SOK.SEBA BOULEVARD OFİS NO:21 D:27 SARIYER-İSTANBUL AYAZAĞA MAH 34396 SARIYE SARIYER İSTANBUL;02122808033;www.alfalazer.com.tr;alfalazer.com.tr;TET - Elektrik ve Elektronik İhracatçıları Birliği
BİKA ELEK.MALZ.SAN.VE TİC.LTD.ŞTİ.;KAVAKPINAR MAH.NAMIK KEMAL CAD.NO:41/A-B PENDİK İSTANBUL;(216) 3979877;www.bikaelektrik.com;bikaelektrik.com;TET - Elektrik ve Elektronik İhracatçıları Birliği
SD DENTAL DİŞ SAĞLIK VE MEDİKAL SAN. VE TİC. LTD.ŞTİ.;IVEDIK OSB MAH. 1332 CAD. NO:94 YENİMAHALLE ANKARA;(312) 3945857;http://www.depolaa.com;depolaa.com;TET - Elektrik ve Elektronik İhracatçıları Birliği
G4 YATIRIM İNŞAAT VE DANIŞMANLIK ANONİM ŞİRKETİ;ALACAATLI MAH. 3302 CAD. NO: 2 İÇ KAPI NO: 1 ÇANKAYA ANKARA;(312) 9267874;http://www.guven.com.tr;guven.com.tr;TET - Elektrik ve Elektronik İhracatçıları Birliği
TMS ENDÜSTRİYEL SOĞUTMA SANAYİ TİCARET ANONİM ŞİRKETİ;ENSAR CAD. NO. :26/1 PENDİK İSTANBUL;(216) 3780700;www.tmsgrup.com;tmsgrup.com;TET - Elektrik ve Elektronik İhracatçıları Birliği
WEWALK TEKNOLOJİ ANONİM ŞİRKETİ;REŞİTPAŞA MAHALLESİ KATAR CAD. İTÜ ARI 1 TEKNOKENT BİNASI BLOK NO:2/5 İÇ KAPI NO:6 SARIYER İSTANBUL;;http://wewalk.io;wewalk.io;TET - Elektrik ve Elektronik İhracatçıları Birliği
SIEX YANGIN SÖNDÜRME SİSTEMLERİ LİMİTED ŞİRKETİ;MEHMET AKİF ERSOY MAHALLESİ 274. SOKAK NO:1 A BLOK KAT11 D81 YENİMAHALLE ANKARA;(312) 4650196;www.komtes.com;komtes.com;TET - Elektrik ve Elektronik İhracatçıları Birliği
TEKNIX TEKNOLOJI SANAYI VE TICARET LIMITED SIRKETI;KOZA MAH.1678 SOK.NO:29/1 ESENYURT İSTANBUL;(212) 6201444;www.tekniksat.com;tekniksat.com;TET - Elektrik ve Elektronik İhracatçıları Birliği
MUSTAFA UYAR;FEVZİÇAKMAK MAH. 10444. SK. NO: 25 KARATAY KONYA;(332) 3463976;http://media3reklam@gmail.com;media3reklam@gmail.com;TET - Elektrik ve Elektronik İhracatçıları Birliği
ON2 DANIŞMANLIK EĞİTİM İNŞ. MÜH. TAAHHÜT SAN. VE TİC. LTD. ŞTİ.;YAHYA KAPTAN MAH. ŞEVVAL SOK. LEYLAK EVLERİ A BLOK D:2 İZMİT KOCAELİ;(262) 3351200;www.on2.com.tr;on2.com.tr;TET - Elektrik ve Elektronik İhracatçıları Birliği
AKMAZ BARKOD SANAYİ VE DIŞ TİCARET LİMİTED ŞİRKETİ;KÖYALTI MEVKİİ DOĞU SAN. SİTESİ 6. BLOK NO:2 YENİBOSNA BAHÇELİEVLER İSTANBUL;(212) 6522550;www.akmazbarkod.com;akmazbarkod.com;TET - Elektrik ve Elektronik İhracatçıları Birliği
ONAIR MEDYA KOMUNIKASYON REKLAM VE YAY.HIZ.LTD.STI.;BOSTANCI YOLU CAD. KEYAP ÇARŞISISITESI D-1 BLOK NO.56 YUKARIDUDULLU ÜMRANİYE İSTANBUL;02165407045;www.onair.com.tr;onair.com.tr;TET - Elektrik ve Elektronik İhracatçıları Birliği
PELİNSAN ELEKTRONİK SİSTEMLERİ LTD.ŞTİ.;ZÜHTÜPAŞA MAH. ŞEFİKBEY SOK. NO:38 KADIKÖY İSTANBUL;(216) 4141653;www.pelinsan.com;pelinsan.com;TET - Elektrik ve Elektronik İhracatçıları Birliği
EKSPRO ELEK.MAL.IML.SAN.VE TIC LTD.STI.;4. Levent Oto Sanayi YeŞilce Mahallesi DemirbaŞ Sokak No: 20 KAĞITHANE İSTANBUL;02122828227;www.ekspro.com;ekspro.com;TET - Elektrik ve Elektronik İhracatçıları Birliği
BİLBEY END.MUTFAK EKİPMANLARI SAN. VE TİC.LTD.ŞTİ.;KAYIHAN MAH.İNÖNÜ CAD.KAMİL KOÇ İŞM. OSMANGAZİ BURSA;(224) 5542225;www.bilbeykitchen.com;bilbeykitchen.com;TET - Elektrik ve Elektronik İhracatçıları Birliği
EDG PANO MÜHENDİSLİK ELEKTRİK OTOMASYON SANAYİ VE DIŞ TİCARET LİMİTED ŞİRKETİ;MESCİT MAH. DEMOKRASİ CAD. BİRMES TOPLU İŞ MERKEZİA3 BLOK 3 A3/7 TUZLA İSTANBUL TUZLA İSTANBUL;(216) 3948108;http://www.edgpano.com;edgpano.com;TET - Elektrik ve Elektronik İhracatçıları Birliği
KOLGU TEMİZLİK EKİPMANLARI VE METAL SANAYİ DIŞ TİCARET LİMİTED ŞİRKETİ;ORUÇREİS MH VADİ CD NO:170/154 ( GİYİMKENT) ESENLER İSTANBUL;(212) 6594386;www.kolgu.com;kolgu.com;TET - Elektrik ve Elektronik İhracatçıları Birliği
ENERJİ MARKET ENDÜSTRİYEL EKİPMANLAR SAN. VE TİC.LTD.ŞTİ.;AŞAĞI DUDULLU MAH. CAMİ CAD. NO:39/A ÜMRANİYE İSTANBUL;(216) 3769574;www.enerjimak.com;enerjimak.com;TET - Elektrik ve Elektronik İhracatçıları Birliği
JERA ELEKTRONİK TİC. SAN. LTD. ŞTİ.;OSTİM MAH. UZAYÇAĞI CAD. UZAY ÇAĞI İŞ MERKEZİ NO:29/33 OSTİM YENİMAHALLE ANKARA;(312) 3863155;www.jera.com.tr;jera.com.tr;TET - Elektrik ve Elektronik İhracatçıları Birliği
UNAL AYDINLATMA DEK.INS.SAN. LTD.STI.;CUMHURİYET MAH. CEBECİ CAD. CUMHURİYET MAH. CEBECİ CAD. CEBECİ SULTANGAZİ İSTANBUL;(212) 6675114;www.unalaydinlatma.com;unalaydinlatma.com;TET - Elektrik ve Elektronik İhracatçıları Birliği
ÜRET ÇELİK MUTFAK EŞYALARI SANAYİ VE TİCARET LTD. ŞTİ.;İOSB MH DEMİRCİLER SAN SAN SİT B-7 BLOK NO:164-165 BAŞAKŞEHİR İSTANBUL;(212) 5498188;www.uretcelik.com;uretcelik.com;TET - Elektrik ve Elektronik İhracatçıları Birliği
TRUTECH TEKNOLOJİ ÜRÜNLERİ TİCARET LİMİTED ŞİRKETİ;ALİPAŞA MAH. SÜLÜN CAD. NO: 9 İÇ KAPI NO: 10 ÇORLU TEKİRDAĞ;(282) 5028313;http://www.trutech.com.tr;trutech.com.tr;TET - Elektrik ve Elektronik İhracatçıları Birliği
RULOPAK HİJYEN SİSTEMLERİ ANONİM ŞİRKETİ;BEYLİKDÜZÜ OSB MAH.ORKİDE CD.N: 16 BEYLİKDÜZÜ-İSTANBUL BEYLİKDÜZÜ OSB MAHALLESİ 34524 BEYLİKDÜZÜ, İS YAKUPLU BEYLİKDÜZÜ İSTANBUL;(212) 8758500;www.rulopak.com;rulopak.com;TET - Elektrik ve Elektronik İhracatçıları Birliği
PNÖSAN PNÖMATİK HİDROLİK BUHAR TEKNİK MALZEMELERİ SANAYİ VE TİCARET LİMİTED ŞİRKETİ;CEMALİYE MAH. GAZİ ÇEŞME SOK. NO:2/A ÇORLU TEKİRDAĞ;(282) 6529486;www.pnosan.com;pnosan.com;TET - Elektrik ve Elektronik İhracatçıları Birliği
TRİMA OTOMASYON SİST.VE MÜH.HİZM.TİC.LTD.ŞTİ.;İSTANBUL DERİ ORGANİZE SAN.BÖL.KAZLIÇEŞME CAD.NO : 15/A J4 PARSEL TUZLA İSANBUL 34940 TUZLA İSTANBUL;(216) 4999141;www.trima.com.tr;trima.com.tr;TET - Elektrik ve Elektronik İhracatçıları Birliği
ATA TEKNİK ENDÜSTRİYEL TEKNOLOJİLER SAN. VE TİC. LTD. ŞTİ.;KAVAKLI MH. KÖPRÜLÜ MEHMET PAŞA SK. NO:24 İÇ KAPI NO:2 BEYLİKDÜZÜ İSTANBUL;;www.atateknik.com.tr;atateknik.com.tr;TET - Elektrik ve Elektronik İhracatçıları Birliği
CIVANER MAKINA ENDUSTRISI IC VE DIS TIC.A.S.;MERKEZ MH. ATATÜRK CAD. NO.7 ÇEKMEKÖY İSTANBUL;02125202189;www.civaner.com;civaner.com;TET - Elektrik ve Elektronik İhracatçıları Birliği
HAVIN AYDINLATMA PAZ. VE DIS TIC.LTD.STI.;ESENTEPE MAH. AVİZECİLER SAN. SİT. 2966 SOK. NO.1 SULTANGAZİ İSTANBUL;(212) 2353573;www.havinaydinlatma.com.tr;havinaydinlatma.com.tr;TET - Elektrik ve Elektronik İhracatçıları Birliği
START AKÜ SANAYİ VE TİCARET ANONİM ŞİRKETİ;CANAKKALE SOK NO 1 PENDİK İSTANBUL;02163075021;www.startaku.com.tr;startaku.com.tr;TET - Elektrik ve Elektronik İhracatçıları Birliği
ARVEHU ELEKTRİK SANAYİ VE TİCARET LİMİTED ŞİRKETİ;KÜÇÜKBAKKALKÖY MAH FIRIC CAD.NO:2-4 D:23 ATAŞEHİR İSTANBUL;(216) 6290707;http://www.arvehu.com;arvehu.com;TET - Elektrik ve Elektronik İhracatçıları Birliği
DORUK OTOMASYON VE YAZILIM SAN. VE TİC. A.Ş.;TEKNOPARK İSTANBUL, TEKNOPARK BULVARI NO: 1 C1 BLOKKAT:8 PENDİK İSTANBUL;(216) 5040255;www.dorukotomasyon.com;dorukotomasyon.com;TET - Elektrik ve Elektronik İhracatçıları Birliği
MUSTAFA ETLİ;MEYDAN KAVAĞI MH. PERGE CD.YEŞIL SIT.ABLOK 32/1 MURATPAŞA ANTALYA;02423125255;www.inkayapi.net;inkayapi.net;TET - Elektrik ve Elektronik İhracatçıları Birliği
KRK YAZILIM VE DONANIM ÇÖZÜMLERİ LİMİTED ŞİRKETİ;CUMHURİYET MAHALLESİ HEKİMOĞLU SOKAK NO:18/8 PK:34252 ÜSKÜDAR/İSTANBUL ÜSKÜDAR İSTANBUL;(216) 3445025;www.krkyazilim.com.tr;krkyazilim.com.tr;TET - Elektrik ve Elektronik İhracatçıları Birliği
GEMZA GROUP İÇ VE DIŞ TİC. LTD. ŞTİ.;AYAZAĞA MAH. AZERBAYCAN CAD. 2B NO:3/13 SARIYER İSTANBUL;(212) 0000000;www.gemza.az;gemza.az;TET - Elektrik ve Elektronik İhracatçıları Birliği
PRO-TEK CEVRE SAGLIGI VE SIS. SAN.VE TIC.LTD.STI.;1203/3 SOK. NO. 1/B GIDA ÇARŞISI YENİŞEHİR35110 YENİŞEHİR KONAK İZMİR;02324492989;www.protekhijyen.com.tr;protekhijyen.com.tr;TET - Elektrik ve Elektronik İhracatçıları Birliği
BLV ELEKTRİK ELEKTRONİK SAN.VE TİC.LTD.ŞTİ.;DUDULLU MAH.OSB.MAH.1.CAD.NO:30/1 KAT:2 ÜMRANİYE İSTANBUL;(216) 3136303;www.blv.com.tr;blv.com.tr;TET - Elektrik ve Elektronik İhracatçıları Birliği
STATÜGAZ MÜHENDİSLİK GAZ ARM.SAN.VE TİC.LTD.ŞTİ.;YENİ MAH. BALIKKESİR CAD. UPRISE ELİT RESİDENCE KAT.1 SOĞANLIK KARTAL İSTANBUL;(216) 6884888;www.statuhome.com;statuhome.com;TET - Elektrik ve Elektronik İhracatçıları Birliği
GALATA ELEKTRONİK SAN. VE TİC. A.Ş. KARAKÖY ŞUBESİ;OKCUMUSA CAD.NO:13 SİSHANE BEYOĞLU İSTANBUL;(212) 2510699;www.ledstok.com;ledstok.com;TET - Elektrik ve Elektronik İhracatçıları Birliği
ERL GRUP REKLAM PLASTİK MAKİNA KİMYA SAN. DIŞ TİC. LTD. ŞTİ.;SİNANOBA MAH. AKKOR CAD. NO:4 A1/6 BÜYÜKÇEKMECE SİNANOBA BÜYÜKÇEKMECE, İSTANBUL, TÜRKİYE BÜYÜKÇEKMECE İSTANBUL;(284) 2777070;www.erlgrup.com.tr;erlgrup.com.tr;TET - Elektrik ve Elektronik İhracatçıları Birliği
ALTEZ ELEKTRONİK AYDINLATMA SANAYİ VE TİCARET LİMİTED ŞİRKETİ;ORTA MH. MÜMTAZ SK. NO:13 TUZLA İSTANBUL;(216) 3984272;www.altez.com.tr;altez.com.tr;TET - Elektrik ve Elektronik İhracatçıları Birliği
AŞANLAR ENERJİ MÜH. TAAH. İTH. İHR. SAN. VE TİC. A.Ş.;ULUS SAN.CAD. ALİ ÖZPİŞKİN İŞ HANI NO:1/I ALTINDAĞ ANKARA;03123104936;www.polipar.com;polipar.com;TET - Elektrik ve Elektronik İhracatçıları Birliği
LAKTO HAYVANCILIK TEKNOLOJİLERİ SANAYİ VE TİCARET LİMİTED ŞİRKETİ;10038 SOK. NO:3/B ATATÜRK ORG. SAN. BLG. ÇİĞLİ İZMİR;(232) 3280059;www.lakto.com.tr;lakto.com.tr;TET - Elektrik ve Elektronik İhracatçıları Birliği
VERA ELEKTROMEKANİK PANO SİSTEMLERİ MÜHENDİSLİK VE MAKİNE SAN. TİC. A. Ş.;İVEDİK ORG.SAN.BÖLG.ÖZ MARANGOZLAR YAPI KOOP. 1468.CAD. (ESKİ 24.CAD.) 2239.SK. NO:1 İVEDİKORGANİZESANAYİ YENİMAHALLE ANKARA;(312) 3945464;www.veraelektromekanik.com;veraelektromekanik.com;TET - Elektrik ve Elektronik İhracatçıları Birliği
NÖRO-MED SAĞ. HİZ. VE TIBBİ MALZ. SAN. TİC. ŞTD. ŞTİ.;NERGİZ SOK. NO:7/38 SÖĞÜTÖZÜ ÇANKAYA ANKARA;(312) 2191264;www.noro-med.com.tr;noro-med.com.tr;TET - Elektrik ve Elektronik İhracatçıları Birliği
AMİRAL İŞ GÜVENLİĞİ HIRD.İNŞ.SAN.TİC.LTD.ŞTİ.;ISTOC 18.ADA NO.110 BAĞCILAR İSTANBUL;;www.amiralinsaat.com.tr.;amiralinsaat.com.tr.;TET - Elektrik ve Elektronik İhracatçıları Birliği
MESAN KİLİT ANONİM ŞİRKETİ;MİMARSİNAN MAH. ULUĞBEY CAD. FABRİKA SİTESİ NO:7 SİLİVRİ İSTANBUL;(212) 7214444;www.mesanlocks.com;mesanlocks.com;TET - Elektrik ve Elektronik İhracatçıları Birliği
PROKARDİYO SAĞLIK HİZMETLERİ ANONİM ŞİRKETİ;ATATÜRK MAH. ERTUĞRUL GAZİ SK.METROPOL İSTANBUL A BLOK NO:2 E/27 ATAŞEHİR İSTANBUL;(216) 5194068;www.prokardiyo.com;prokardiyo.com;TET - Elektrik ve Elektronik İhracatçıları Birliği
SARIYILDIZ LAZER KESİM VE METAL ÜRÜNLERİ TİCARET LİMİTED ŞİRKETİ;İOSB DEMİRCİLER SAN SİT B6 BLOK NO:137 BAŞAKŞEHİR İSTANBUL;(212) 2694489;www.sariyildizlazer.com;sariyildizlazer.com;TET - Elektrik ve Elektronik İhracatçıları Birliği
SANDVIK ENDUSTRIYEL MAMULLER SAN.VE TIC.A.S.;E-5 YAKACIK YAN YOLU MERMER SOK. NO.18 KARTAL İSTANBUL;02164530700;www.sandvik.com;sandvik.com;TET - Elektrik ve Elektronik İhracatçıları Birliği
EFSANE METAL İŞLEME SANAYİ TİCARET LTD.ŞTİ.;CUMHURİYET MAH. İHLAS SOK. NO:3 ÇAYIROVA KOCAELİ;(262) 7433434;http://www.efsanemetal.com;efsanemetal.com;TET - Elektrik ve Elektronik İhracatçıları Birliği
YILMAZ SOĞUTMA VE MUTFAK GEREÇLERİ SAN.TİC.LTD.ŞTİ.;MAHMUTBEY MAH.KÜÇÜK HALKALI CAD. BARAN PLAZA ALT GİRİŞ NO.13 BAĞCILAR İSTANBUL;(212) 4463039;www.yilmazlarsogutma.com;yilmazlarsogutma.com;TET - Elektrik ve Elektronik İhracatçıları Birliği
SARAY DÖKÜM VE MADENİ AKSAM SANAYİ TURİZM ANONİM ŞİRKETİ;BAĞLAR MH OSMANPASA CD NO:89 GÜNEŞLİ BAĞCILAR İSTANBUL;(212) 5504947;www.saray.com;saray.com;TET - Elektrik ve Elektronik İhracatçıları Birliği
ORGANİK KİMYA SAN. VE TİC. AŞ;CENDERE YOLU NO:146 MİMAR SİNAN MAH KEMERBURGAZ EYÜP İSTANBUL;02123310000;www.organik.com.tr;organik.com.tr;TET - Elektrik ve Elektronik İhracatçıları Birliği
İSTWELD HIRDAVAT TİCARET LİMİTED ŞİRKETİ;İKİTELLİ OSB MH DEMİRCİLER SAN SİT B8 BLOK NO:187A BAŞAKŞEHİR İSTANBUL;;www.isweld.com;isweld.com;TET - Elektrik ve Elektronik İhracatçıları Birliği
BESTLOG DENİZCİLİK ULUSLARARASI TAŞIMACILIK İÇ VE DIŞ TİCARET LTD.ŞTİ.;TOPSELVİ MAH. TOPSELVİ CAD. NO:93/84 KARTAL İSTANBUL;(216) 5048013;https://bestlog.com.tr/;bestlog.com.tr;TET - Elektrik ve Elektronik İhracatçıları Birliği
MEHMET AYIRKAN;FERHAT PAŞA MAH.91.SOK NO:9 ATAŞEHİR İSTANBUL;(216) 4714154;www.emkarlift.com;emkarlift.com;TET - Elektrik ve Elektronik İhracatçıları Birliği
ORGEN ENERJİ ELEKTRİK ELEKTRONİK MÜHENDİSLİK İNŞ. TAAH. MAKİ. SAN. VE DIŞ TİC. LTD. ŞTİ.;ÖVEÇLER MAH. 1335.CAD NO:14/1 ÇANKAYA ANKARA;;http://www.orgen.com.tr;orgen.com.tr;TET - Elektrik ve Elektronik İhracatçıları Birliği
ZER ELEKTRONIK SANAYI VE TICARET LTD.STI.;HUZURT MAH.FAZIL KAPTANOĞLU CD.NO.7 4.LEVENT LEVENT BEŞİKTAŞ İSTANBUL;(212) 2823020;www.zerelektronik.com.tr;zerelektronik.com.tr;TET - Elektrik ve Elektronik İhracatçıları Birliği
TREND MAK. VE TEÇHİZAT KİMYA SAN.TİC.LTD.ŞTİ.;CUMHURİYET MAH ESATPAŞA CAD CEVİZLİ SOK NO 4/A ÜSKÜDAR İSTANBUL;(216) 3280496;www.trendmakina.net;trendmakina.net;TET - Elektrik ve Elektronik İhracatçıları Birliği
AYPROTECH MÜHENDİSLİK İTHALAT VE İHRACAT SANAYİ TİCARET LİMİTED ŞİRKETİ;EMEK MAH. PALAOĞLU SK. NO:6-10 İÇ KAPI NO:3 SANCAKTEPE İSTANBUL;(216) 8441063;wwww.ayprotech.com;wwww.ayprotech.com;TET - Elektrik ve Elektronik İhracatçıları Birliği
KUAS TEKNOLOJİ ELEKT.YAZILIM VE ISI SİSTEMLERİ SANAYİ TİCARET LİMİTED ŞİRKETİ;KUAS TEKNOLOJİ YILDIZ CENTER İŞ MERKEZİÇAKMAKLI MAH HADIMKÖY YOLU CAD N:99/2 BÜYÜKÇEKMECE İSTANBUL;(212) 8713771;www.kuasteknoloji.com;kuasteknoloji.com;TET - Elektrik ve Elektronik İhracatçıları Birliği
GROMCI GLOBAL LOJİSTİK LTD. ŞTİ.;YILDIRIM MAH. TUTİN SK. NO.11 İÇ KAPI NO.2 BAYRAMPAŞA İSTANBUL;(212) 6158088;www.gromci.com;gromci.com;TET - Elektrik ve Elektronik İhracatçıları Birliği
MERSAN ELEKTRIK CIH.SAN. VE TI C.LTD.STI.;IKITELLI ORG SAN BOLG METAL İŞSAN SITESI 4.BLOK NO:2-4 BAŞAKŞEHİR İSTANBUL;(212) 6713135;www.mersanelektrik.com;mersanelektrik.com;TET - Elektrik ve Elektronik İhracatçıları Birliği
TARTI DIS TIC. VE PAZ.LTD.STI.;DIKILITAŞ MAH KARANFILSOK.KARTAL APT.NO15 BEŞİKTAŞ İSTANBUL;02123271005;www.tarti.com;tarti.com;TET - Elektrik ve Elektronik İhracatçıları Birliği
ARKOM ENERJİ MÜHENDİSLİK SAN.VE TİC.A.Ş.;ERGAZİ MAH. 1803. CAD. NO:13/B-6 BATI PRESTİJ İŞ MERKEZİ YENİMAHALLE ANKARA;(312) 4477301;http://www.arkomenerji.com;arkomenerji.com;TET - Elektrik ve Elektronik İhracatçıları Birliği
AXALTA BOYA SİSTEMLERİ SAN.VE TİC.LTD.ŞTİ;CUMHURİYET MAH. KADİFE SOK.NO:9 ŞEKERPINAR ÇAYIROVA KOCAELİ;(262) 6740000;www.axaltacs.com;axaltacs.com;TET - Elektrik ve Elektronik İhracatçıları Birliği
METAL PLEKS METAL MOBILYA SAN. VE TIC.LTD.STI.;İKİTELLİ OSB MH MASKO MOBİLYACILAR SİT 6B BLOK NO:40 BAŞAKŞEHİR İSTANBUL;(212) 2488814;www.nonaistanbul.com;nonaistanbul.com;TET - Elektrik ve Elektronik İhracatçıları Birliği
UÇKAN TEST VE ÖLÇÜM SİSTEMLERİ SANAYİ VE TİCARET LİMİTED ŞİRKETİ;ATATÜRK MAH. SEDEF CAD. NO.17/43 ATAŞEHİR PK:34750 ATAŞEHİR İSTANBUL;(216) 5621052;uckantest.com.tr;uckantest.com.tr;TET - Elektrik ve Elektronik İhracatçıları Birliği
ONESA OTOMASYON MAKİNA ENERJİ AYDINLATMA SİSTEMLERİ İNŞ. TİC. LTD. ŞTİ.;ORHANLI MAH. KARADENİZ CAD. TURGUT REİS SANAYİ SİTC3 BLOK NO:7 D:C3-1, 34956 TUZLA İSTANBUL;(216) 0000000;http://www.onesa.com.tr;onesa.com.tr;TET - Elektrik ve Elektronik İhracatçıları Birliği
ALPKE METAL MAKİNA İLETKEN ELEKTRİK SANAYİ VE TİCARET ANONİM ŞİRKETİ;DUDULLU OR. SAN. BÖL. 2.NCİ CAD. NO.7ZEMİN KAT ÜMRANİYE İSTANBUL;(216) 3123130;www.alpke.com;alpke.com;TET - Elektrik ve Elektronik İhracatçıları Birliği
AUDIO ELEKTRONİK ANONİM ŞİRKETİ;ESENSEHIR MAH.BARAJ YOLU CAD.NO:26 YUKARIDUDULLU ÜMRANİYE İSTANBUL;(216) 5274671;www.audio.com.tr;audio.com.tr;TET - Elektrik ve Elektronik İhracatçıları Birliği
FORPAR OTOMOTİV İTH. İHR. VE MÜMESSİLLİK LTD. ŞTİ.;ESENTEPE MAH.CEVİZLİ D 100 GÜNEY YAN YOL CD. DUMANKAYA VİZYON İŞ YERİ D BLOK NO:13/6 KARTAL İSTANBUL;(216) 9998780;www.forpar.com.tr;forpar.com.tr;TET - Elektrik ve Elektronik İhracatçıları Birliği
ISIK TEKNOLOJIK TES.SIS.TIC. A.S.;ATATÜRK MAH.MUSTAFA KEMAL CAD. IŞIK PLAZA NO:8 ATAŞEHİR İSTANBUL;(216) 5809350;www.isikteknoloji.com;isikteknoloji.com;TET - Elektrik ve Elektronik İhracatçıları Birliği
ERTEKIN ELEKTRONIK TIC.VE SAN. A.S.;MERKEZ MAH. BAĞLAR CAD. NO:14-D D:12 KAĞITHANE İSTANBUL;02122939390;www.ertekin.com.tr;ertekin.com.tr;TET - Elektrik ve Elektronik İhracatçıları Birliği
CSY MARİNE DENİZCİLİK TURİZM ELEKT.AKSESUARLARI TİC. LTD. ŞTİ.;AYTINTEPE MAH. HARMANDALI SOK. NO.2 D.3-4-5 TUZLA İSTANBUL;(216) 3921671;www.csymarine.com;csymarine.com;TET - Elektrik ve Elektronik İhracatçıları Birliği
NETPLAS POLİMER ÇÖZÜMLERİ MAKİNA İNŞ.SAN.VE TİC.LTD.ŞTİ.;CUMHURİYET MAH. 2375 SOK. NO.22/2 SULTANGAZİ İSTANBUL;(212) 4759241;www.netplas.com;netplas.com;TET - Elektrik ve Elektronik İhracatçıları Birliği
SERDİS TIBBİ CİHAZLAR SANAYİ VE TİCARET LİMİTED ŞİRKETİ;KAZIM DİRİK MAHALLESİ 357/3 SOKAK NO:3/2 KAT:3/33 BORNOVA İZMİR;(232) 3485041;http://www.serdis.com.tr;serdis.com.tr;TET - Elektrik ve Elektronik İhracatçıları Birliği
TEKNOSAN OTOMASYON TEKNOLOJİLERİ SANAYİ VE TİCARET LİMİTED ŞİRKETİ;İKİTELLİ OSB TRİKO CENTER M5 BLOK NO 78-79 BAŞAKŞEHİR/İSTANBUL BAŞAKŞEHİR İSTANBUL;(212) 5497418;https://www.teknosanotomasyon.com/;teknosanotomasyon.com;TET - Elektrik ve Elektronik İhracatçıları Birliği
MAKİM MAKİNA TEKNOJİLERİ SAN. VE TİC.A.Ş.;SINCAN ORG SAN BÖL.ERKUNTCD.NO:20 SİNCAN ANKARA;(312) 2675687;http://www.makim.com.tr;makim.com.tr;TET - Elektrik ve Elektronik İhracatçıları Birliği
ŞANAL ISI SİSTEMLERİ PAZARLAMA TİCARET LİMİTED ŞİRKETİ;INCEĞİZ YOLU KALEİÇİ KANBACI MEVKİİİSOK NO.15/A ÇATALCA İSTANBUL;02127897030;www.sanalisi.com;sanalisi.com;TET - Elektrik ve Elektronik İhracatçıları Birliği
INGENICO ÖDEME SİSTEM ÇÖZÜM. AŞ;ITÜ AYAZAGA KAMPÜSÜ ARI 3 BINASI TEKNOKENT BİNASI K.8 SARIYER İSTANBUL;(212) 3664800;www.planet.com.tr;planet.com.tr;TET - Elektrik ve Elektronik İhracatçıları Birliği
AKPA ALÜMİNYUM SANAYİ VE TİCARET ANONİM ŞİRKETİ;HÜRRİYET MH DR CEMİL BENGÜ CD NO:6 KAĞITHANE İSTANBUL;(000) 4442499;www.akpaas.com.tr;akpaas.com.tr;TET - Elektrik ve Elektronik İhracatçıları Birliği
BEST TEKNOLOJİ SANAYİ VE TİCARET LİMİTED ŞİRKETİ;HOBYAR MH ANKARA CD KASTELLİ İŞ MERKEZİ NO:59/4/108-109 FATİH İSTANBUL;(212) 5206192;www.leatherman.com.tr;leatherman.com.tr;TET - Elektrik ve Elektronik İhracatçıları Birliği
BALKAN ORMAN VE TARIM ÜRÜNLERİ SAN. TİC. LTD. ŞTİ.;ABDI IPEKCI CAD.NO.53 K.1 BAYRAMPAŞA İSTANBUL;02125657308;www.balkanorman.com;balkanorman.com;TET - Elektrik ve Elektronik İhracatçıları Birliği
MERT ELEKTRIK TAAHHUT PANO SAN TIC.LTD.STI.;ORHANLI MAH. MAH.KARADENIZ CAD.TURGUT REIS SAN.SIT. NO.7A/1-2 TUZLA İSTANBUL;02163942200;www.mertpano.com.tr;mertpano.com.tr;TET - Elektrik ve Elektronik İhracatçıları Birliği
TURAK ENDÜSTRIYEL MUTFAK EKIPMANLARI SANAYI VE TICARET LIMITED SIRKETI;MALTEPE MH DAVUTPAŞA CD TİM 1 İŞ MERKEZİ NO:1-34-48-48A ZEYTİNBURNU İSTANBUL;;www.turakendustriyelmutfak.com.tr;turakendustriyelmutfak.com.tr;TET - Elektrik ve Elektronik İhracatçıları Birliği
GÜRSAŞ ELEKTROMEKANİK SAN. VE TİC. A.Ş.;İST.ANADOLU YAKASI O.S.B.7.SOK.NO.5 ORHANLI TUZLA İSTANBUL;;www.gursas.com.tr;gursas.com.tr;TET - Elektrik ve Elektronik İhracatçıları Birliği
GSL MÜHENDİSLİK SANAYİ VE TİCARET ANONİM ŞİRKETİ;ÇETIN EMEMÇ BULVARI 2.CAD 36/5 ÇANKAYA ANKARA;03124733540;www.gsl.com.tr;gsl.com.tr;TET - Elektrik ve Elektronik İhracatçıları Birliği
XL SUPPLY E-TİCARET HİZMETLERİ LİMİTED ŞİRKETİ;ATATÜRK MAH. ERTUĞRUL GAZİ SK. METROPOL İSTANBULC1 BLOK NO:2/B İÇ KAPI 141 ATAŞEHİR İSTANBUL;;xlsupplyeticaret@hs01.kep.tr;xlsupplyeticaret@hs01.kep.tr;TET - Elektrik ve Elektronik İhracatçıları Birliği
SONY EURASIA PAZ.A.Ş;ONUR OFIS PARK INKILAP MAH. ÜNİTELSOK. NO:10 ÜMRANİYE İSTANBUL;02166339800;www.sony.com.tr;sony.com.tr;TET - Elektrik ve Elektronik İhracatçıları Birliği
ERFE İÇ VE DIŞ TİCARET LİMİTED ŞİRKETİ;MAHMUTBEY MH İSTOÇ TİCARET MERKEZİ 2430 SK 12 ADA NO:78-84 BAĞCILAR İSTANBUL;(212) 6590499;www.erfe.com.tr;erfe.com.tr;TET - Elektrik ve Elektronik İhracatçıları Birliği
SİMERKOM ELEKTRIK BİLGİSAYAR TEKSTİL OTOMASYON VE MÜHENDİSLİK HİZM.SAN.VE TİC.LTD.ŞTİ;TAYFUR SOK.NO:4 İDEALTEPE MALTEPE İSTANBUL;(216) 3884486;www.simercom.com.tr;simercom.com.tr;TET - Elektrik ve Elektronik İhracatçıları Birliği
RİVANA İNŞAAT MALZEMELERİ SANAYİ TİCARET LİMİTED ŞİRKETİ;MUSTAFA KEMAL PAŞA MH. ESKİ EDİRNE ASFALTI CD. NO:1484 ARNAVUTKÖY İSTANBUL;(212) 6319599;www.rivana.com.tr;rivana.com.tr;TET - Elektrik ve Elektronik İhracatçıları Birliği
GENSTAR JENERATÖR ENERJI SANAYI VE TICARET LIMITED SIRKETI;İVEDİK OSB. 1377. SOK. NO:39 YENİMAHALLE ANKARA;(312) 0000000;http://www.genstarenergy.com;genstarenergy.com;TET - Elektrik ve Elektronik İhracatçıları Birliği
FURSAN GROUP GIDA LİMİTED ŞİRKETİ;BAŞAKŞEHİR MAH. MASAL SK. OLİMPA PARK PLUS B BLOK NO: 2 B İÇ KAPI NO: 10 BAŞAKŞEHİR İSTANBUL;;https://kudokudo.net/tr/;kudokudo.net;TET - Elektrik ve Elektronik İhracatçıları Birliği
TEKNOKON ENDÜSTRİ TESİSLERİ İNŞ. VE MONTAJ A.Ş.;CEVİZLİ MH. KURİŞ KULE İŞ MERK. CEVİZLİ D-100 GÜNEY YANYOL NO:2/2 KARTAL İSTANBUL;(262) 3840428;www.teknokon.com;teknokon.com;TET - Elektrik ve Elektronik İhracatçıları Birliği
MEDİMPEX ECZA DEPOSU ANONİM ŞİRKETİ;PINARTEPE MAH.ÜLKER 2 SOK.NO:1A/B BLOK PINARTEPE BÜYÜKÇEKMECE İSTANBUL;(212) 0000000;www.medimpex.com.tr;medimpex.com.tr;TET - Elektrik ve Elektronik İhracatçıları Birliği
BUTA GEMİCİLİK VE DENİZCİLİK LTD ŞTİ;GÜZELYALI MH. BEKÇİ SK. YAZICI APT.NO:7/A PENDİK İSTANBUL;(216) 3951971;www.butashipping.com;butashipping.com;TET - Elektrik ve Elektronik İhracatçıları Birliği
LİGNADECOR ÜRETİM VE PAZARLAMA A.Ş.;DUDULLU ORG. SAN. BOL. NATOYOLU CAD. NO.11 ÜMRANİYE İSTANBUL;02165282700;www.lignadecor.com;lignadecor.com;TET - Elektrik ve Elektronik İhracatçıları Birliği
PAKSES ODYOLOJİ İŞİTME VE TIBBI CİHAZLARI MEDİKAL SANAYİ TİCARET LİMİTED ŞİRKETİ;BAHÇELİEVLER MAH. NACİ KASIM SK. NO: 3 İÇ KAPINO:3 BAHÇELİEVLER İSTANBUL;(212) 0000000;www.pakses.com;pakses.com;TET - Elektrik ve Elektronik İhracatçıları Birliği
BHT ALÜMİNYUM PAZARLAMA SANAYİ VE TİCARET LİMİTED ŞİRKETİ;AKŞEMSETTİN MH FATİH SAN SİT 215 SK NO:24/12 D1/A BLOK ESENYURT İSTANBUL;(212) 6720801;www.bhtaluminyum.com.tr;bhtaluminyum.com.tr;TET - Elektrik ve Elektronik İhracatçıları Birliği
EMRE DİZLEK;ADALET MAH. MANAS BULVARI NO:47B FOLKART TOWERSA KULE İÇ KAPI NO:2601 BAYRAKLI İZMİR;;http://www.medisola.com;medisola.com;TET - Elektrik ve Elektronik İhracatçıları Birliği
NART AMBALAJ SAN. VE TİC. LTD.ŞTİ.;MALTEPE MAH. DAVUTPAŞA CD. KALE İŞ MERKEZİ NO:141/ ZEYTİNBURNU İSTANBUL;(212) 4830571;www.nartexport.com;nartexport.com;TET - Elektrik ve Elektronik İhracatçıları Birliği
SANYİ LIGHTS DIŞ TİCARET LİMİTED ŞİRKETİ;TOPÇULAR MAHALLESİ DEMİRKAPI CADDESİ NO:2/2 EYÜP İSTANBUL;;https://sanyilights.us/;sanyilights.us;TET - Elektrik ve Elektronik İhracatçıları Birliği
LIGHTAPP AYDINLATMA SİSTEMLERİ SAN. TİC. A.Ş.;FENERYOLU MAH. FENERYOLU SOK. NO:39/1 KADIKÖY İSTANBUL;(216) 4022113;www.lightapp.com.tr;lightapp.com.tr;TET - Elektrik ve Elektronik İhracatçıları Birliği
OKTAY ÖNAL;MİMAR SİNAN MH.ÜSKÜDAR CD. YEDPA APT.NO:1 F/121 ATAŞEHİR ATAŞEHİR İSTANBUL;(216) 0000000;http://www.trendmarin.com;trendmarin.com;TET - Elektrik ve Elektronik İhracatçıları Birliği
HASMAR REZISTANS SANAYI VE DIS TICARET LTD.STI.;CİHANGİR MAH GÜVERCİN CAD.BAHA İŞ MERKEZİ BLOK KAT 1 KÜÇÜKÇEKMECE İSTANBUL;02126240816;www.hasmar.com.tr;hasmar.com.tr;TET - Elektrik ve Elektronik İhracatçıları Birliği
MEDİPLUS MEDİKAL SANAYİ TİCARET LİMİTED ŞİRKETİ;MERDİVENKÖYYOLU CAD. NO: 43/A ATAŞEHİR İSTANBUL;(216) 6600074;www.mediplusmedikal.com;mediplusmedikal.com;TET - Elektrik ve Elektronik İhracatçıları Birliği
SARS TIBBİ CİHAZLAR SAĞLIK VE SAĞLIKLI YAŞAM SPOR HİZ.DAN.LTD.ŞTİ.;ÜMİT MAH.2483.CAD NO:39 ÜMİTKÖY ÇANKAYA ANKARA;(312) 2360836;http://www.sars.com.tr;sars.com.tr;TET - Elektrik ve Elektronik İhracatçıları Birliği
EVYAP SABUN YAG GLISERIN SANAYI VE TICARET A.S.;DERİ ORGANİZE SANAYİ BÖLGESİ GÜDERİ CAD. NO:1 X-1 PARSEL TUZLA İSTANBUL;(216) 5810700;www.evyap.com.tr;evyap.com.tr;TET - Elektrik ve Elektronik İhracatçıları Birliği
SORBİL ELEKTRİK İÇ VE DIŞ TİCARET SANAYİ ANONİM ŞİRKETİ;MERİÇ MAH.5620 SOKAK NO:7/B. ÇAMDİBİ BORNOVA İZMİR;(232) 4585898;www.sorbilelektrik.com.tr;sorbilelektrik.com.tr;TET - Elektrik ve Elektronik İhracatçıları Birliği
BİRCOM TELEKOMÜNİKASYON VE BİLİŞİM HİZM. SAN. VE TİC. A.Ş.;SANAYİ MAH. ESKİBÜYÜKDERE CAD. NO:51 K:3 4.LEVENT KAĞITHANE İSTANBUL;(212) 3199700;www.bircom.com;bircom.com;TET - Elektrik ve Elektronik İhracatçıları Birliği
CANSA DIŞ TİCARET LİMİTED ŞİRKETİ;BUYUK BAKKALKOY MAH. ELMAKSAN SOK. NO:10 MALTEPE İSTANBUL;(216) 3119859;www.glob.com.tr;glob.com.tr;TET - Elektrik ve Elektronik İhracatçıları Birliği
DENGE ENDÜSTRİYEL MUTFAK SOĞUTMA SANAYİ VE DIŞ TİCARET LİMİTED ŞİRKETİ;PİYALEPAŞA MH. HOŞGÖR SOK.NO.15. BEYOĞLU İSTANBUL;(212) 2370918;www.dengemutfak.com;dengemutfak.com;TET - Elektrik ve Elektronik İhracatçıları Birliği
YENİ YILDIRIM ELEKT. SAN.VE TİC.LTD.ŞTİ.;FEVZİ ÇAKMAK.MH.10670 SK. BÜSAN 4.SAN.SİT.NO:2 ŞEMS KARATAY KONYA;(332) 3451210;www.yeniyildirim.com.tr;yeniyildirim.com.tr;TET - Elektrik ve Elektronik İhracatçıları Birliği
PEMAKS PNOMATIK VE HIDROLIK SILINDIR SAN.TIC.ITH.IHR.LTD.STİ.;ÇERKEŞLİ OSB MAH. İMES 10. CAD.A BLOK NO:11 YUKARIDUDULLU ÜMRANİYE İSTANBUL;02163643076;www.pemaks.com.tr;pemaks.com.tr;TET - Elektrik ve Elektronik İhracatçıları Birliği
NİKROM ISI ELEMANLARI SANAYİ TİCARET LİMİTED ŞİRKETİ;TÜRKOBA MAH. ATATÜRK 2 CAD. NO : 244/3 BÜYÜKÇEKMECE İSTANBUL;(212) 8553555;http://www.nikromisi.com.tr;nikromisi.com.tr;TET - Elektrik ve Elektronik İhracatçıları Birliği
TERRA MADRE SANAT TASARIM LTD. ŞTİ.;KUZGUNCUK MAH. ÜRYANİZADE SOK. NO:13 ÜSKÜDAR İSTANBUL;(216) 0000000;www.atelierterramadre.com;atelierterramadre.com;TET - Elektrik ve Elektronik İhracatçıları Birliği
AKTİF ARITMA TEKNOLOJİ MÜH. MÜŞ. SAN. TİC. LTD.ŞTİ.;FERHATPAŞA MAH.MAREŞAL FEVZİ ÇAKMAK CAD.AAT PLAZA NO:14/2 FERHATPAŞA ATAŞEHİR İSTANBUL;(216) 4644301;www.aktifaritma.com;aktifaritma.com;TET - Elektrik ve Elektronik İhracatçıları Birliği
ELF ELEKTRİK ANONİM ŞİRKETİ;ADRES ABDURRAHMAN NAFİZGÜRMAN MAH. GENERAL ALİ RIZA GÜRCANCAD.MERTERPLATFORM SUİTB-BLOKNO:27/7/81 GÜNGÖREN İSTANBUL;(850) 3051340;www.elfel.com.tr;elfel.com.tr;TET - Elektrik ve Elektronik İhracatçıları Birliği
EMSAN MUHENDISLIK ELEKT.VE MAKINA SAN.VE TIC.LTD.STI.;ÜÇEVLER MAH. AKVA SAN. SITESINİLÜFER TİC. MERKEZ YANI NO.79/1 NİLÜFER BURSA;(224) 4416181;www.emsanmuhendislik.com.tr;emsanmuhendislik.com.tr;TET - Elektrik ve Elektronik İhracatçıları Birliği
ÖZAK GAZ TEKNOLOJİLERİ SANAYİ VE TİCARET LİMİTED ŞİRKETİ;FERAHİMŞALVUZ MAH.ADANA BULVARI NO.125 TARSUS MERSIN;(324) 6160036;www.ozakgaz.com.tr;ozakgaz.com.tr;TET - Elektrik ve Elektronik İhracatçıları Birliği
YAPIRAY DEMİRYOLU İNŞAAT SİSTEMLERİ SAN. VE TİC.A.Ş.;KISIKLI MAH. ALEMDAĞ CAD. MASALDAN İŞ MRK. NO.60 E BLK NO.5 ÜSKÜDAR İSTANBUL;(216) 5213000;www.yapiray.com.tr;yapiray.com.tr;TET - Elektrik ve Elektronik İhracatçıları Birliği
GÜNAL BİLGİSAYAR SANAYİ VE TİCARET LİMİTED ŞİRKETİ;FEVZİ ÇAKMAK MAH. GÖKÇEN SOK NO: 1 / A PENDİK İSTANBUL;(216) 7063220;https://www.kartus.com;kartus.com;TET - Elektrik ve Elektronik İhracatçıları Birliği
ALPAY AKSESUAR DIŞ TİCARET ANONİM ŞİRKETİ;İKİTELLİ OSB MH KERESTECİLER SAN SİT 21 BLOK NO:1 BAŞAKŞEHİR İSTANBUL;(000) 0000000;www.alpaymobilya.com;alpaymobilya.com;TET - Elektrik ve Elektronik İhracatçıları Birliği
TEKİN OTOMASYON SANAYİ VE TİCARET LİMİTED ŞİRKETİ;ÜÇ EVLER MAH.80.( 220 ) SOKAK NO 2/M NİLÜFER BURSA;(224) 4139144;http://www.tekin-automation.com;tekin-automation.com;TET - Elektrik ve Elektronik İhracatçıları Birliği
CLOUD WORLD TEKNOLOJİ TİCARET ANONİM ŞİRKETİ;MASLAK MAHHALLESİ AHİ EVRAN CADDESİ OLİVE PLAZA NO:11 İÇ KAPI NO:2 SARIYER İSTANBUL;(850) 2422700;http://www.cloudworld.com.tr;cloudworld.com.tr;TET - Elektrik ve Elektronik İhracatçıları Birliği
BYTEK DÜĞÜN EKİPMANLARI SANAYİ VE DIŞ TİCARET ANONİM ŞİRKETİ;MAHMUTBEY MAH 2421 SK İSTOÇ 5 ADA NO:66 BAĞCILAR İSTANBUL;(212) 5515511;www.bytek.com.tr;bytek.com.tr;TET - Elektrik ve Elektronik İhracatçıları Birliği
ARİSCO ENDÜSTRİYEL MUTFAK İÇ VE DIŞ TİC. LTD. ŞTİ.;10040 SOK. NO:2 ATATÜRK ORG. SAN. BÖL. ÇİĞLİ İZMİR;(232) 3283519;www.cozummutfak.com;cozummutfak.com;TET - Elektrik ve Elektronik İhracatçıları Birliği
RECEP ÖNCEVARLIK;SOĞUKKUYU MAH. 1845/3 SK. NO:12 D:24 BAYRAKLI İZMİR;;http://www.rennovaotomasyon.com;rennovaotomasyon.com;TET - Elektrik ve Elektronik İhracatçıları Birliği
DEDEM ELEKTRIK TAAHHUT OTOMAS. ELEKTRONIK SANAYİ VE TİCARET ANONİM ŞİRKETİ;İTOB ORG. SAN. BÖL. 10023 SOK. NO:5 MENDERES MERKEZ MERKEZ İZMİR;(850) 5229502;www.dedemmekatronik.com;dedemmekatronik.com;TET - Elektrik ve Elektronik İhracatçıları Birliği
SOLMAZ ALÜMİNYUM MAKİNE SAC İŞLEME SAN. TİC. LTD. ŞTİ.;ÇAĞLAYAN MH FEVZİ ÇAKMAK CD NO:24-26 KAĞITHANE İSTANBUL;(212) 2247700;www.solmazaluminyum.com;solmazaluminyum.com;TET - Elektrik ve Elektronik İhracatçıları Birliği
DEMİRKOL LOJİSTİK DIŞ TİCARET LİMİTED ŞİRKETİ;ATATÜRK CADDESİ NO:199 ALİBEYKÖY EYÜP İSTANBUL;(212) 4279100;www.demirkollojistik.com;demirkollojistik.com;TET - Elektrik ve Elektronik İhracatçıları Birliği
MARMARA MAKINA KALIP MUHENDISL MUMESSILLIK SAN.TIC.A.S.;SEMIZKUMLAR MEVKII NO:124 SİLİVRİ İSTANBUL;02127113729;www.marmaramakina.com;marmaramakina.com;TET - Elektrik ve Elektronik İhracatçıları Birliği
SETTAMEP ELEKTROMEKANİK PROJE VE TAAHHÜT TİCARET LİMİTED ŞİRKETİ;YENİŞEHİR MAHALLESİ RUMİ SK GÖKÇE APT NO:24/8 ATAŞEHİR İSTANBUL;;www.settamep.com;settamep.com;TET - Elektrik ve Elektronik İhracatçıları Birliği
POLEX DANIŞMANLIK İÇ VE DIŞ TİC. LTD. ŞTİ.;ŞEHİT OSMAN AVCI MAH. 1404.CAD.NO:6/7 ERYAMAN ETİMESGUT ANKARA;(312) 5024064;www.polextrade.com;polextrade.com;TET - Elektrik ve Elektronik İhracatçıları Birliği
LEO DRIVE TEKNOLOJİ ANONİM ŞİRKETİ;ÇİFTE HAVUZLAR MAHALLESİ ESKİ LONDRA ASFALTI CADDESİ YTÜ TEKNOPARK KULUÇKA MERKEZİ A1 BLOK NO:151/1C BEYOĞLU İSTANBUL;(212) 2762000;https://leodrive.ai/;leodrive.ai;TET - Elektrik ve Elektronik İhracatçıları Birliği
DUHALINE ELEKTRİK ELEKTRONİK MÜHENDİSLİK VE DANIŞMANLIK HİZMETLERİ SANAYİ VE TİCARET LTD. ŞTİ.;BARBAROS HAYRETTIN PASA MAH. 1992. SK. VETROCİTY İŞ MRKZ. NO: 16 IÇ KAPI NO: 101 ESENYURT İSTANBUL;;www.duhaline.com;duhaline.com;TET - Elektrik ve Elektronik İhracatçıları Birliği
LİNAK İTHALAT İHRACAT SAN.VE TİC.A.Ş;BİRLİK MAH. 455.SOK. NO:20/1 ÇANKAYA ANKARA;(312) 4726338;www.linak.com.tr;linak.com.tr;TET - Elektrik ve Elektronik İhracatçıları Birliği
BURAK OTOMOTIV SAN.VE TIC. LTD.STI.;INEBEY MAH INKILAP CAD NO 45 FATİH İSTANBUL;02126331818;www.burakoto.com;burakoto.com;TET - Elektrik ve Elektronik İhracatçıları Birliği
ENSMART BİLGİ İLETİŞİM TEKNOLOJİLERİ LİMİTED ŞİRKETİ;F.SULTAN MEHMET MAH. POLİGON CAD.B BUYAKA 2 ST BLOK NO.73 KAT.12 TEPEÜSTÜ ÜMRANİYE İSTANBUL;(216) 2905290;www.ensmart.com;ensmart.com;TET - Elektrik ve Elektronik İhracatçıları Birliği
ŞENOCAK DIŞ TİC. VE TUR. SAN. LTD. ŞTİ.;IKITELLI ORG.SAN.BOLG.ESOTSANAYI SIT.L BL. N:9-10 KÜÇÜKÇEKMECE İSTANBUL;02125498658;www.senocakltd.com;senocakltd.com;TET - Elektrik ve Elektronik İhracatçıları Birliği
ROS MÜHENDİSLİK SANAYİ TİCARET LİMİTED ŞİRKETİ;GAZİLER MAHALLESİ, 1496. SOKAK NO:31/A GEBZE KOCAELİ;(262) 6439027;www.rosmuhendislik.com;rosmuhendislik.com;TET - Elektrik ve Elektronik İhracatçıları Birliği
CAFEMARKT ELEKTRONİK TİCARET A.Ş.;GÜLBAHAR MAH. BÜYÜKDERE CD NO:105/A ŞİŞLİ İSTANBUL;(212) 5145121;cafemarkt.com;cafemarkt.com;TET - Elektrik ve Elektronik İhracatçıları Birliği
GLOBAL DESİGN AÇIK HAVA REKLAMCILIK VE DIŞ TİCARET LİMİTED ŞİRKETİ;KEÇECİ PİRİ MAH.TAN SK.NO:1 B BEYOĞLU PK:34000 BEYOĞLU/İSTANBUL BEYOĞLU İSTANBUL;(212) 2357060;www.globaldesign.ist;globaldesign.ist;TET - Elektrik ve Elektronik İhracatçıları Birliği
BURHANZADE İNŞAAT YATIRIM ANONİM ŞİRKETİ;KEMAL TÜRKLER MAH. ATATÜRK CADDESİ NO:166 /A SANCAKTEPE İSTANBUL;(216) 4966677;www.asrinaluminyum.com;asrinaluminyum.com;TET - Elektrik ve Elektronik İhracatçıları Birliği
ELEKTROS ELEKTRONIK SAN.VE TIC.LTD.STI.;VELI BABA MAH MIMAR SINAN CADVELI BABA SAN SIT A 3 BLOK 1 PENDİK İSTANBUL;02166270896;www.elektros.com.tr;elektros.com.tr;TET - Elektrik ve Elektronik İhracatçıları Birliği
GEZE KAPI VE PENCERE SİSTEMLERİ SAN. VE TİC. LTD. ŞTİ.;BARBAROS MH. AK ZAMBAK SK. UPHİLL TOWERS NO:3/15 ATAŞEHİR İSTANBUL;(216) 4554315;www.geze.com;geze.com;TET - Elektrik ve Elektronik İhracatçıları Birliği
VEYSEL ÖZHASRET;ÇAY MAH. NURİ ÖZKASAP SOK. NO.68 MERKEZ DÜZCE;(380) 5234939;www.safiravize.com.tr;safiravize.com.tr;TET - Elektrik ve Elektronik İhracatçıları Birliği
SÜRTAŞ MADENİ VE PLASTİK EŞYA SANAYİ VE DIŞ TİCARET ANONİM ŞİRKETİ;OSMAN GAZİ MAH. BARIŞ MANÇO CAD. NO:2 ESENYURT İSTANBUL;(212) 6891604;www.surtas.com.tr;surtas.com.tr;TET - Elektrik ve Elektronik İhracatçıları Birliği
MEDİSAN MÜHENDİSLİK MEDİKAL SANYİ VE TİCARET LİMİTED ŞİRKET;A.O.S.B. MAH. 10001 SOKAK NO:21 ÇİĞLİ İZMİR;(232) 2039379;mdsn.com.tr;mdsn.com.tr;TET - Elektrik ve Elektronik İhracatçıları Birliği
YAKOPS BİLİŞİM SANAYİ VE TİCARET LİMİTED ŞİRKETİ;ALAÇAATLI MAH. ALAÇAATLI CAD. MERCAN AVM NO:15/4 ÇAYYOLU ÇANKAYA ANKARA;(312) 2381454;www.ariaayindinlatma.com;ariaayindinlatma.com;TET - Elektrik ve Elektronik İhracatçıları Birliği
KARATOPRAK ENDUSTRIYEL TEM.VE AMB.MALZ.SAN.VE TIC.LTD.STI.;ISTOÇ TOPTANCILAR CARŞ. 14. ADA ARNAVUTKÖY İSTANBUL;(212) 6595879;www.karatoprak.com.tr;karatoprak.com.tr;TET - Elektrik ve Elektronik İhracatçıları Birliği
OLBİA PRİNTER MAKİNA REKLAM MATBAA ORGANİZASYON DANIŞMANLIK İTHALAT İHRACAT SANAYİ VE TİC. LTD. ŞTİ.;SANAYİ MAHALLESİ KOZALI SOKAK ÇARŞI YAPI AVM D1 BLOK İZMİT KOCAELİ;(262) 3353360;www.olbiaprinter.com.tr;olbiaprinter.com.tr;TET - Elektrik ve Elektronik İhracatçıları Birliği
SİFONİK SİSTEM DRENAJ VE İNŞAAT SAN. TİC. LTD. ŞTİ.;ŞEYHSİNAN MAH.DERİNYOL SOK.NO:17 ÇORLU TEKİRDAĞ;(282) 6520385;www.sifonikdrenaj.com;sifonikdrenaj.com;TET - Elektrik ve Elektronik İhracatçıları Birliği
OSİSTEK MÜHENDİSLİK DIŞ TİCARET A.Ş;KAYAPA MAH. KAYAPA SANAYİ BLV. NO: 46 İÇ KAPI NO: 5 NİLÜFER BURSA;(224) 0000000;http://www.osistek.com/;osistek.com;TET - Elektrik ve Elektronik İhracatçıları Birliği
DBA MİMARLIK İNŞAAT PEYZAJ REKLAM TESİSAT SANAYİİ VE TİCARET LİMİTED ŞİRKETİ;BALMUMCU MAH. BESTEKAR ŞEVKİ BEY SOK. NO: 37/3 BEŞİKTAŞ İSTANBUL;(212) 2130750;www.dbamimarlik.com;dbamimarlik.com;TET - Elektrik ve Elektronik İhracatçıları Birliği
VECDİ İNCE;DAVUTPAŞA MAHALLESİ GÜMÜŞSUYU CAD EMİNTAŞ SANAYİ SİTESİ 32 DAİRE 74 ZEYTİNBURNU İSTANBUL;(212) 0000000;https://www.incepakosalterleri.com;incepakosalterleri.com;TET - Elektrik ve Elektronik İhracatçıları Birliği
CONTA ELASTİK ÜRÜNLER SANAYİ VE TİCARET ANONİM ŞİRKETİ;GEBZE ORGANİZE SANAYİ BOLGESİ (GOSB)TEMBELOVA ALANI 3300 SOKAK NO:3401 GEBZE KOCAELİ;(262) 6429988;www.conta.com.tr;conta.com.tr;TET - Elektrik ve Elektronik İhracatçıları Birliği
BORCEM ELEKTRİK MÜHENDİSLİK SANAYİ VE TİCARET LİMİTED ŞİRKETİ;OSMANGAZİ MAH. DÜNDARLI CAD. MAHAL SANCAKTEPENO: 12 D İÇ KAPI NO: D63 SANCAKTEPE İSTANBUL;;https://borcemelektrik.com/;borcemelektrik.com;TET - Elektrik ve Elektronik İhracatçıları Birliği
CEMILE NADIRZADE-EGS MUTFAK EKIPMANLARI IC VE DIS TICARET;ULUKENT SAN. BÖL. 10.002 SOK. NO:9 MENEMEN İZMİR;(232) 8334040;www.eurogastrostar.com;eurogastrostar.com;TET - Elektrik ve Elektronik İhracatçıları Birliği
AKE ELEKTRONIK ELEKTRIK PLAS. MAK.VE TEC.SAN.VE TIC.LTD.STI.;BADEMLER MAHALLESİ SEFERİHİSAR CADDESİ NO:34/B URLA İZMİR;(232) 2543828;www.akeelektronik.com;akeelektronik.com;TET - Elektrik ve Elektronik İhracatçıları Birliği
MD NETA MÜHENDİSLİK VE İNŞAAT TİCARET LİMİTED ŞİRKETİ;POSTANE MH. RAUF ORBAY CD. RAHMAN SOKAK NO:2/1 TUZLA İSTANBUL;(216) 4470216;https://mdneta.com/;mdneta.com;TET - Elektrik ve Elektronik İhracatçıları Birliği
AYS ISITMA VE SOĞUTMA YEDEK PARÇA SANAYİ TİCARET LİMİTED ŞİRKETİ;ESENTEPE MH. 2952 SK. KÜÇÜK SAN. SİT. N.14 SULTANGAZİ İSTANBUL;(212) 5776896;www.aysplastik.com;aysplastik.com;TET - Elektrik ve Elektronik İhracatçıları Birliği
SELÇUK YAKAN;İKİTELLİ O.S.B TORMAK SAN.SİT.CBLOK NO:2 BAŞAKŞEHİR İSTANBUL;(212) 4851343;www.yakanaydinlatma.com;yakanaydinlatma.com;TET - Elektrik ve Elektronik İhracatçıları Birliği
NOVA AVİZE SANAYİ VE DIŞ TİC. LTD.ŞTİ.;KARTALTEPE MAH. YUNUS SOK. NO.5 BAYRAMPAŞA İSTANBUL;02125635302;www.novacrystal.net;novacrystal.net;TET - Elektrik ve Elektronik İhracatçıları Birliği
BCC ELEKTRİK DIŞ TİCARET SANAYİ LİMİTED ŞİRKETİ;SARAY MAH. KÜÇÜKSU CAD. ANTASYA RESİDENCE NO:64 A D:252 ÜMRANİYE İSTANBUL;(216) 7591700;http://www.bccelectric.com;bccelectric.com;TET - Elektrik ve Elektronik İhracatçıları Birliği
ARMADA MUHENDISLIK ELEKTRIK TAAH.SAN.VE TIC.LTD.STI.;SAVAS SOK.YILDIZ IS MERKEZI19/6 KADIKÖY İSTANBUL;02165735770;www.armadaelektrik.com;armadaelektrik.com;TET - Elektrik ve Elektronik İhracatçıları Birliği
ORGE ENERJİ ELEKTRİK TAAHHÜT ANONİM ŞİRKETİ;KOZYATAĞI MAH. DEĞİRMEN SOK. NİDA KULE NO:18 KAT:A PK:34742 KADIKÖY İSTANBUL;(216) 4573263;www.orge.com.tr;orge.com.tr;TET - Elektrik ve Elektronik İhracatçıları Birliği
KRON TEKNOLOJİ ANONİM ŞİRKETİ;İ.T.Ü. AYAZAĞA YERLEŞKESİ KORU YOLUARI 3 BİNASI TEKNOKENT NO:B401 MASLAK SARIYER İSTANBUL;(212) 2865122;www.kron.com.tr;kron.com.tr;TET - Elektrik ve Elektronik İhracatçıları Birliği
SEDIR SAUNA IMALAT VE OR.URUN. SAN.VE TIC.A.S.;GÜL SAN.SITESI S ADA 3.BLKNO.1 AKSU ISPARTA;02462241880;www.sedirsauna.com;sedirsauna.com;TET - Elektrik ve Elektronik İhracatçıları Birliği
GULER ELEKTRONIK KOZMETIK KIMYA SANAYI VE TIC.A.S.;İSTOÇ TİCARET MERKEZİ 1. ADA NO:86-88-90-92 BAĞCILAR İSTANBUL;02126316937;www.gulerelektronik.com;gulerelektronik.com;TET - Elektrik ve Elektronik İhracatçıları Birliği
TEKNOTHERM METAL SAN. VE TİC.A.Ş.;GÜLSUYU MAH.FEVZİ ÇAKMAK CAD.BİLGİNER SOK.TESA İŞ MERKZ.N:9/1-2 MALTEPE İSTANBUL;(216) 5931860;www.teknotherm.com.tr;teknotherm.com.tr;TET - Elektrik ve Elektronik İhracatçıları Birliği
İSTANBUL YAPI VE İNŞ. MLZ. PAZ. SAN. TİC. A.Ş.;OSMANİYE MH ÇIRPICI KOŞU YOLU SK NO:3/1 BAKIRKÖY İSTANBUL;(212) 4662800;www.istanbulyapi.com.tr;istanbulyapi.com.tr;TET - Elektrik ve Elektronik İhracatçıları Birliği
TECHFUTURE BİLİŞİM ANONİM ŞİRKETİ;YALI MAHALLESİ 6523 SOKAK NO:32 KARŞIYAKA İZMİR;;https://techfuture.com.tr;techfuture.com.tr;TET - Elektrik ve Elektronik İhracatçıları Birliği
SER ELEKTRONİK SİSTEMLER DIŞ TİCARET VE PAZARLAMA LTD.ŞTİ.;BÜYÜKESAT MAHALLESİ ÇAYHANE SOKAK KOZLAR APT NO:20 DAİRE:3 GAZİOSMANPAŞA(GOP) 06700 ÇANKAYA, ANKARA, GAZİOSMANPAŞA(GOP) ÇANKAYA ANKARA;(312) 4464573;www.ser.net.tr;ser.net.tr;TET - Elektrik ve Elektronik İhracatçıları Birliği
ERTC DIŞ TİCARET A.Ş.;İSTANBUL DERİ OSB MH, KADİFE CD NO :2 TUZLA İSTANBUL;(216) 5934783;www.rtc-tec.com;rtc-tec.com;TET - Elektrik ve Elektronik İhracatçıları Birliği
ETAP KUAFOR VE OTEL MALZ.SAN. VE DIS TIC.LTD.STI.;SAN.MAH.MURATPASA CAD.ADEMYAVUZ SK.NO.19 K.1 GÜNGÖREN İSTANBUL;02126413406;www.etapfon.com;etapfon.com;TET - Elektrik ve Elektronik İhracatçıları Birliği
TURK İLAÇ VE SERUM SAN. A.Ş.;BÜĞDÜZ MAHALLESİ ENVER PAŞA CADDESİ NO:8 AKYURT ANKARA;(312) 8376767;www.turkilac.com.tr;turkilac.com.tr;TET - Elektrik ve Elektronik İhracatçıları Birliği
TRUE HIGH TECH ENERJİ SİSTEMLERİ SANAYİ VE DIŞ TİCARET LİMİTED ŞİRKETİ;CEVİZLİ MAH.AKASYA SOK.NO:63/41 MALTEPE İSTANBUL;(216) 9950888;www.truepower.com.tr;truepower.com.tr;TET - Elektrik ve Elektronik İhracatçıları Birliği
SAVAŞ AYDINLATMA AVİZE SANAYİ VE TİCARET LİMİTED ŞİRKETİ;ESENTEPE MAH. 2961. SK. AVİZECİLER SİTESİ MBLOKKAT:0/1/AS NO: 37 A SULTANGAZİ İSTANBUL;(212) 4765263;http://www.savasavize.com;savasavize.com;TET - Elektrik ve Elektronik İhracatçıları Birliği
ROBOTZADE ROBOT TEKNOLOJİLERİ ELEKTRONİK SAN. VE DIŞ. TİC. LTD. ŞTİ.;PERPA TİCARET MERKEZİ B BLOK KAT:8 NO:871PK:34384 ŞİŞLİ İSTANBUL;(212) 2204449;www.robotzade.com;robotzade.com;TET - Elektrik ve Elektronik İhracatçıları Birliği
BABİL OTOMASYON VE KONT.SİS.MAK.SAN.TİC.LTD.ŞTİ.;GAZİLER MAH.ŞEHİT ERDEM DEMİR CAD.NO:37/A GEBZE GEBZE KOCAELİ;(262) 6460414;www.babilotomasyon.com;babilotomasyon.com;TET - Elektrik ve Elektronik İhracatçıları Birliği
TEKNO TEKNİK CİHAZLAR SAN.VE TİC.LTD.ŞTİ.;İÇERENKÖY MAH. MERKEZ CAMİİ SK. IÇEREN KOY IŞ ATAŞEHİR İSTANBUL;02165755005;www.tekno-teknik.com;tekno-teknik.com;TET - Elektrik ve Elektronik İhracatçıları Birliği
ARTAN ELEKTR.BUTON VE ASAN.MALZ.SAN.TIC.LTD.STI.;ORTA MAH.PELİT ÇIKMAZI NO:4 YAKACIK KARTAL İSTANBUL;(216) 3775152;www.artanasansor.com.tr;artanasansor.com.tr;TET - Elektrik ve Elektronik İhracatçıları Birliği
ASUS AYDINLATMA ELEKTRİK İNŞAAT SANAYİ VE DIŞ TİCARET LİMİTED ŞİRKETİ;İNÖNÜ MAHALLESİ KAYIŞDAĞI CADDESİ GÖK PLAZA NO:202 ATAŞEHİR İSTANBUL;;www.asuslighting.com;asuslighting.com;TET - Elektrik ve Elektronik İhracatçıları Birliği
URAL ELEKTRONİK VE MAKİNE SAN. TİC. LTD. ŞTİ.;ORHANGAZİ MAH.ISISO SAN.SİT. U2 BLOK NO:1 ESENYURT ESENYURT İSTANBUL;;www.skupit.com.tr;skupit.com.tr;TET - Elektrik ve Elektronik İhracatçıları Birliği
NESA KOZMETİK ITRİYAT İTHALAT İHRACAT PAZARLAMA SAN. VE TİC. A.Ş.;KAVACIK MAH.PERÇEMLİ KIZ SOK.N:87 BEYKOZ İSTANBUL;(216) 6680333;www.nesacosmetic.com.tr;nesacosmetic.com.tr;TET - Elektrik ve Elektronik İhracatçıları Birliği
EUROPE LOJİSTİK VE TİCARET LİMİTED ŞİRKETİ;BARBAROS MAH. DEREBOYU CAD. AKZAMBAK SK. NO:2 A BLOK K:14/136 ATAŞEHİR İSTANBUL;(216) 4696990;www.europelojistik.com;europelojistik.com;TET - Elektrik ve Elektronik İhracatçıları Birliği
OPTİPARK OPTİK MEDİKAL VE BİTKİSEL ÜRÜNLER SANAYİ TİCARET LİMİTED ŞİRKETİ;ULU MAHALLESİ ULUBATLI HASAN BULVARI NO :46 G ORHANGAZİ BURSA;(224) 2242243;www.optiparkmedikal.com;optiparkmedikal.com;TET - Elektrik ve Elektronik İhracatçıları Birliği
TRANSFARMA DIŞ TİCARET A.Ş.;RASİMPAŞA BULVARI HALİTAĞA SOK. DIŞ KAPI NO:42İÇ KAPI NO:6 KADIKÖY İSTANBUL;(216) 5776772;www.transfarma.com.tr;transfarma.com.tr;TET - Elektrik ve Elektronik İhracatçıları Birliği
SANTE DENTAL TIBBİ ÜRÜNLER SANAYİ VE TİCARET LTD.ŞTİ;MOLLA GÜRANİ MAH TURGUT ÖZAL MİLLET CAD FİLDİŞİ İŞMRK NO:90/F FATİH İSTANBUL;(212) 5320086;https://santedental.com.tr/;santedental.com.tr;TET - Elektrik ve Elektronik İhracatçıları Birliği
LİPOM ELEKTRİK AYDINLATMA İÇ VE DIŞ TİCARET LİMİTED ŞİRKETİ;KOCATEPE MAH. OLCAY SOK. NO.4 BAYRAMPAŞA İSTANBUL;02124372490;www.lipom.com;lipom.com;TET - Elektrik ve Elektronik İhracatçıları Birliği
LEGOR GROUP TR MADEN ALAŞIML. SAN.VE TIC.LTD.ŞTI.;IKITELLI ORG.SAN.BÖLG.GALVANATEK.KOOP.SAN.SIT.G BL.33 KÜÇÜKÇEKMECE İSTANBUL;02126715177;www.legor.com;legor.com;TET - Elektrik ve Elektronik İhracatçıları Birliği
KORDON TIP SAGLIK ARAC VE GER. MUH.PROJE ITH.SAN.VE TIC.LTD.STİ.;10006/1 SOK NO:43 AOSB ÇİĞLİ İZMİR;02323486060;www.kordontip.com;kordontip.com;TET - Elektrik ve Elektronik İhracatçıları Birliği
MGM AYDINLATMA ELEKTİRİK SAN.TİC.LTD.ŞTİ.;ULUBEY MAH KOÇAK CAD NO 79/5 SİTELER ANKARA ALTINDAĞ ANKARA;(312) 3505717;http://www.mgmaydınlatma.com;mgmaydınlatma.com;TET - Elektrik ve Elektronik İhracatçıları Birliği
OTR MAKİNA SAN. VE TİC. LTD. ŞTİ.;BASIN EKSPRES YOLU MERKEZ MAH. NO:5/B AYAZ PLAZA K:1 KÜÇÜKÇEKMECE İSTANBUL;(212) 4729099;www.otr.com.tr;otr.com.tr;TET - Elektrik ve Elektronik İhracatçıları Birliği
GEO TEKNIK GEODEZI VE ELEKTRO. ALETLER SAN.VE TIC.LTD.STI.;NAZMI AKBACI TICARET MERK.171 ŞİŞLİ İSTANBUL;02122766502;www.geoteknikltd.com;geoteknikltd.com;TET - Elektrik ve Elektronik İhracatçıları Birliği
SAATCIOGLU DIS TIC.A.S.;İKİTELLİ OSB ZİYA GÖKALP MAH. SÜLEYMAN DEMİREL CADDE İŞ MODERN TİCARET MERKEZİ H BLOK 1. KAT NO : 36 BAŞAKŞEHİR İSTANBUL;(212) 6719899;www.saatcioglu.com.tr;saatcioglu.com.tr;TET - Elektrik ve Elektronik İhracatçıları Birliği
ZALA GROUP GİRİŞİMCİLİK VE İŞ GELİŞTİRME SANAYİ TİCARET LİMİTED ŞİRKETİ;AYAZAĞA MAH. MİMAR SİNAN SOK. SEBA OFFICE APT NO:21 D/16 SARIYER İSTANBUL;(212) 8235404;http://www.zalaglobal.com;zalaglobal.com;TET - Elektrik ve Elektronik İhracatçıları Birliği
CRK TEKNOLOJİ ANONİM ŞİRKETİ;İÇERENKÖY MAH.PROF.DR.ALİ NİHAT TARLAN CAD..SÜLEYMEN BAŞKAN NO.84/10 ATAŞEHİR İSTANBUL;(216) 8070387;www.basestech.com;basestech.com;TET - Elektrik ve Elektronik İhracatçıları Birliği
ABS AYDINLATMA SAN. VE TİC.LTD.ŞTİ.;GÜVEN MAH.OKUL SK.NO:9B GÜNGÖREN- İSTANBUL GÜNGÖREN İSTANBUL;(212) 5049687;http://vividohome.com.tr;vividohome.com.tr;TET - Elektrik ve Elektronik İhracatçıları Birliği
METOD ENDÜSTRİYEL METAL MÜHENDİSLİK SANAYİ VETİCARET LİMİTED ŞİRKETİ;ORTA MAH. İSHAKPAŞA CAD. MODSAN SANAYISITESI BLOK NO: 3 İÇ KAPI NO: 26 TUZLA İSTANBUL;(216) 0000000;www.metodmuhendislik.com;metodmuhendislik.com;TET - Elektrik ve Elektronik İhracatçıları Birliği
PROTEK YANGIN VE GÜVENLİK SİSTEMLERİ ANONİM ŞİRKETİ;GİRNE MAH. IRMAKLAR SOK. KÜÇÜKYALI İŞ MERKZ.B BLOK NO:72-5B/1 MALTEPE İSTANBUL;(212) 4894999;www.protek.gen.tr;protek.gen.tr;TET - Elektrik ve Elektronik İhracatçıları Birliği
REYNALU ALÜMİNYUM SANAYİ TİCARET ANONİM ŞİRKETİ;GİRNE MH ÇİÇEK SK NO:2/1 MALTEPE İSTANBUL;(216) 3999956;www.reynalu.com;reynalu.com;TET - Elektrik ve Elektronik İhracatçıları Birliği
DİLAMED TIBBİ ÜRÜNLER SANAYİ VE TİCARET ANONİM ŞİRKETİ;YAZIBAŞI MAH. FATMA TONKUŞ CAD. NO:24/1 TORBALI İZMİR;(232) 2811125;www.dilamedtibbi.com;dilamedtibbi.com;TET - Elektrik ve Elektronik İhracatçıları Birliği
3K ELEKTRONIK ALTERNATIF YAK.S IS.SAN.TIC.LTD.STI.;IKITELLI ORG. SAN. BÖL. İSTEKS DOKUMACILAR SAN.SIT.B-5 NO.1 BAŞAKŞEHİR İSTANBUL;(212) 4863510;www.3k-lpg.com;3k-lpg.com;TET - Elektrik ve Elektronik İhracatçıları Birliği
FONEKS KOZMETIK SAĞLIK EĞİTİM HİZMETLERİ SAN. VE TİC. LTD. ŞTİ.;TAHTAKALE MAH-TAHTAKALE CAD. ZAZA HAN BLOK NO:20-İÇ KAPI NO:306 34080 FATİH İSTANBUL;(212) 6184142;www.fonex.com.tr;fonex.com.tr;TET - Elektrik ve Elektronik İhracatçıları Birliği
NOVA KALIP VE PLASTIK SAN. LTD.STI.;MERKEZ MAH.AKALAR SOK.NO:43 KAT:1 34240 GAZİOSMANPAŞA İSTANBUL;02125813088;www.novakalip.com;novakalip.com;TET - Elektrik ve Elektronik İhracatçıları Birliği
TÜRK HENKEL KİMYA SANAYİ VE TİCARET A.Ş;F.S.MEHMET MAH. POLİGON CAD. NO:8 BUYAKA SİT. C BLOK K:10-14 ÜMRANİYE İSTANBUL;(216) 5794000;www.henkel.com.tr;henkel.com.tr;TET - Elektrik ve Elektronik İhracatçıları Birliği
PROFİNOKS ENDÜSTRİYEL MUTFAK EKİP. İNŞAAT TURİZM YAPI MALZEMELERİ SANAYİ VE TİCARET LİMİTED ŞİRKETİ;TOPÇULAR MAHALLESİ RAMİ KIŞLA CADDESİ NO:72/3 EYÜP İSTANBUL;;www.profinoks.com.tr;profinoks.com.tr;TET - Elektrik ve Elektronik İhracatçıları Birliği
ELEKTRA GLOBAL İÇ VE DIŞ TİCARET LTD.ŞTİ.;ESENTEPE MAH. İNÖNÜ CAD. KARTAL OTO SANAYİ C1 BLOK164/4 25 KARTAL İSTANBUL;(216) 3068129;http://www.elektraglobal.com;elektraglobal.com;TET - Elektrik ve Elektronik İhracatçıları Birliği
KROMAŞ METAL VE MAKİNE SANAYİ LİMİTED ŞİRKETİ;MİMAR SİNAN MAHALLESİMIMAR SINAN CADDESI NO:70/1 SİLİVRİ İSTANBUL;(212) 6137350;www.kromas.com.tr;kromas.com.tr;TET - Elektrik ve Elektronik İhracatçıları Birliği
REKARMA MAKİNE SANAYİ VE TİC. A. Ş.;FENERBAHÇE MAH.RÜŞTİYE SOKAK NO :25/1ARAS BULV.AROMATIK CAD. NO:37 KADIKÖY İSTANBUL;02165930942;www.rekarma.com;rekarma.com;TET - Elektrik ve Elektronik İhracatçıları Birliği
REDSTAR HAVACILIK HİZMETLERİ ANONİM ŞİRKETİ;KURTKÖY MAH. BAŞKALE SSABİHA GÖKÇEN ULUSLARARASI HAVALİMANI APRON A KAPISI REDSTARK. NO:2/4 PK:3491234906 PENDİK / İSTANBUL / TÜRKİYE PENDİK İSTANBUL;(216) 7091772;www.redstar.com.tr;redstar.com.tr;TET - Elektrik ve Elektronik İhracatçıları Birliği
YARDIMCILAR OTOMOTIV TIC.VE SAN.LTD.STI.;ORG. SAN. BOLGESI DOLAPDERE SAN.SITESI 13. ADA NO.51 İKİTELLİ BAŞAKŞEHİR İSTANBUL;(212) 5496020;www.yardimcilar.com.tr;yardimcilar.com.tr;TET - Elektrik ve Elektronik İhracatçıları Birliği
VEGA-POS OTOMASYON SİSTEMLERİ TİC. LTD. ŞTİ.;Y.SELİM MAH. YUVA SOK. NO.16 K:1/3 TURHAL TOKAT;(356) 2759555;www.vegapos.com.tr;vegapos.com.tr;TET - Elektrik ve Elektronik İhracatçıları Birliği
ORTAKLAR KAMP EKİPMANLARI VE EV ALETLERİ SAN.TİC. LTD. ŞTİ;FATİH MH KATİP ÇELEBİ CD NO:4/1 TUZLA İSTANBUL;(216) 6599054;www.orcamp.com.tr;orcamp.com.tr;TET - Elektrik ve Elektronik İhracatçıları Birliği
EVDEMA YAPI MALZEMELERİ SAN. VE TİC. A.Ş.;TURGUT ÖZAL MAH. 68.NCİ NO.8 ESENYURT İSTANBUL;(212) 4560285;www.evdema.com;evdema.com;TET - Elektrik ve Elektronik İhracatçıları Birliği
DATA SERVİS BİLGİSAYAR SAN. VE TİC. A.Ş.;PERPA TİC.MERKEZİ A BLOK K.2 SARI AVLU NO.30 K.2 OKMEYDANI ŞİŞLİ İSTANBUL;(212) 3205596;www.dataservis.com;dataservis.com;TET - Elektrik ve Elektronik İhracatçıları Birliği
FERHAT ARAS;F.S.MEHMET SAN.SİT.C-3 BLOK NO:26/27 ÜMRANİYE İSTANBUL;(216) 6342413;www.muratplastic.com;muratplastic.com;TET - Elektrik ve Elektronik İhracatçıları Birliği
GLENGO TEKNOLOJİ TİC. VE SAN. AŞ;GİYİMKENT SİTESİ İSTANBUL TİCARETSARAYI 10.KAT ESENLER İSTANBUL;(212) 4386100;www.glengo.com.tr;glengo.com.tr;TET - Elektrik ve Elektronik İhracatçıları Birliği
SECTECH ENDÜSTRİYEL MÜHENDİSLİK ANONİM ŞİRKETİ;ORUÇREİS MAH.TEKSTİLKENT CAD. A19 BLOK NO:10K İÇ KAPI NO:306 ORUÇREİS ESENLER İSTANBUL;(212) 4384941;http://www.sectech.com.tr;sectech.com.tr;TET - Elektrik ve Elektronik İhracatçıları Birliği
TEZCAN HIRDAVAT VE İŞ GÜVENLİĞİ SANAYİ TİC LTD ŞTİ;AYDINTEPE MAH COŞKUN SOK NO:24 B TUZLA İSTANBUL;(216) 4930801;www.tezcan-isghirdavat.com;tezcan-isghirdavat.com;TET - Elektrik ve Elektronik İhracatçıları Birliği
ERGO ELEKTRİK SAN. VE TİC. LTD. ŞTİ.;ALAADDİNBEY MAH. 614. SOK. KOYUNCU İŞ MRK.NO.5 A NİLÜFER BURSA;(224) 4412721;www.ergoelektrik.com.tr;ergoelektrik.com.tr;TET - Elektrik ve Elektronik İhracatçıları Birliği
VARİTEKS MEDİKAL SAN. TİC. AŞ;MALTEPE MAH. LİTROSYOLU AİLEBAHÇE SOK. NO.10 TOPKAPI BAYRAMPAŞA İSTANBUL;(212) 5443050;www.variteks.com;variteks.com;TET - Elektrik ve Elektronik İhracatçıları Birliği
MAY GLOBAL MEDİKAL TİCARET ANONİM ŞİRKETİ;MUSTAFA KEMAL MH 2140 CD BORA PLAZA 14/7 ÇANKAYA ANKARA;(312) 4461888;www.mayglobal.com.tr;mayglobal.com.tr;TET - Elektrik ve Elektronik İhracatçıları Birliği
UNIMAK MUHENDİSLİK HIZMETLERİ VE MAKINA SANAYİ TICARET LİMİTED SİRKETI;KİMYA SANAYİCİLERİ ORG. SAN. BÖL. MELEK ARAS BULVARI ANALİTİK CAD. NO:40 TUZLA İSTANBUL;(216) 5931580;www.unimakmuh.com;unimakmuh.com;TET - Elektrik ve Elektronik İhracatçıları Birliği
TIMEKS MAKINA ELEKTRONIK MEK. YAZ.DAN.SAN.VE TIC.LTD.STI.;TEVFIK ERDÖNMEZ SOK. BIRLIK APT. NO:20/10 ŞİŞLİ İSTANBUL;02122741076;www.timeks.com;timeks.com;TET - Elektrik ve Elektronik İhracatçıları Birliği
PRAKSİS BİNA TEKNOLOJİLERİ VE UYGULAMALARI TİC.LTD.ŞTİ.;BURHANİYE MAH. BEYBOSTAN SOK. NO:33 BEYLERBEYİ ÜSKÜDAR İSTANBUL;(216) 3181060;www.praxis-tr.com;praxis-tr.com;TET - Elektrik ve Elektronik İhracatçıları Birliği
KOTAN BAU YAPI SAN.VE TİC. A.Ş.;YASSI ÖREN MH AKPINAR SAN SİT MEDİHA SK NO:5 ARNAVUTKÖY İSTANBUL;(212) 6717895;www.kotanbauyapi.com.tr;kotanbauyapi.com.tr;TET - Elektrik ve Elektronik İhracatçıları Birliği
ERBAB ELEKRIK ELEKTRONIK INS.T AAHHUT TUR.SAN.VE TIC.LTD.ST;GAZI MAH. KEMAL REIS CAD. NO.19/1 GAZİEMİR İZMİR;(232) 2519212;www.erbabelektrik.com;erbabelektrik.com;TET - Elektrik ve Elektronik İhracatçıları Birliği
CLİNİC MED ELEKTRONİK MEDİKAL DIŞ TİC.SAN.VE TİC.LTD.ŞTİ.;YENİMAHALLE MAHALLESİ 3269. SK. NO:26/1 ATAKUM SAMSUN;(362) 4280657;http://www.clinicmed.com.tr;clinicmed.com.tr;TET - Elektrik ve Elektronik İhracatçıları Birliği
SANPEX INTERNATIONAL SERVICES MUTFAK PAZARLAMA SANAYİ VE TİCARET LİMİTED ŞİRKETİ;ŞEHABETTİNPAŞA MH BURSALI TAHİR CD NO:45 D:16 OSMANGAZİ BURSA;(224) 2362246;www.sanpex.com.tr;sanpex.com.tr;TET - Elektrik ve Elektronik İhracatçıları Birliği
EMERSON PROCESS MANAGEMENT TIC. LTD. ŞTİ.;İÇERENKÖY MAH.TOPÇU İBRAHİM SK.N:13/4 ATAŞEHİR İSTANBUL;(216) 5739848;www.frco.com;frco.com;TET - Elektrik ve Elektronik İhracatçıları Birliği
DOĞUŞ DÖKÜM MALZEMELERİ A.Ş.;RAMI KISLA CAD.TOPCULAR ISM.NO.88/248-236 EYÜP İSTANBUL;02125671463;www.dogusmetal.com;dogusmetal.com;TET - Elektrik ve Elektronik İhracatçıları Birliği
HYPERİON TEKNOLOJİ BİLİŞİM SANAYİ VE DIŞ TİCARET LİMİTED ŞİRKETİ;ÖZYEĞİN ÜNİV. ÇEKMEKÖY KAMPÜSÜ NİŞANTEPE MAH. ORMAN SK. 34-36 34794 ÇEKMEKÖY İSTANBUL PK:34794 ÇEKMEKÖY İSTANBUL;(216) 5649000;https://www.hyperiontechs.com/;hyperiontechs.com;TET - Elektrik ve Elektronik İhracatçıları Birliği
SARFİKS BÜRO MAKİNE VE BİLGİSAYAR ÜRÜNLERİ SANAYİ TİCARET LİMİTED ŞİRKETİ;MECİDİYEKÖY MAH.KERVANGEÇMEZ CAD.HARK SOK.NO:5/A ŞİŞLİ İSTANBUL;(212) 2111868;http://www.sarfiks.com;sarfiks.com;TET - Elektrik ve Elektronik İhracatçıları Birliği
GEO GRUP INS.SAN. VE TIC.A.S.;ATATÜRK MAHALLESI MERİÇ CAD.BOTANIK ÇARŞI N0:30/28 ATAŞEHİR İSTANBUL;(216) 4554046;www.geogrup.com.tr;geogrup.com.tr;TET - Elektrik ve Elektronik İhracatçıları Birliği
CAMPACX MİMARLIK İNŞAAT BİLİŞİM SANAYİ VE DIŞ TİCARET LİMİTED ŞİRKETİ;CEVİZLİ MAH. TUGAY YOLU CAD. PİAZZA AVM NO: 69C İÇKAPI NO: 222 MALTEPE İSTANBUL;(216) 0000000;http://www.campacx.com;campacx.com;TET - Elektrik ve Elektronik İhracatçıları Birliği
ÇALIŞKANLAR METAL PLASTİK SANAYİ TİCARET LİMİTED ŞİRKETİ;ZÜMRÜTEVLER MH AYDEMİR SK NO:11 MALTEPE İSTANBUL;(216) 5892686;www.zela.com.tr;zela.com.tr;TET - Elektrik ve Elektronik İhracatçıları Birliği
DENE TEKNOLOJİ A.Ş.;BEDRETTİN DALAN BULVARI METRO 34 PLAZANO:23 KAT:5 DAİRE:56 BAŞAKŞEHİR İSTANBUL;;www.dene.io;dene.io;TET - Elektrik ve Elektronik İhracatçıları Birliği
BİOCALİS MEDİKAL TIBBİ MALZEME PAZARLAMA VE TİCARET LİMİTED ŞİRKETİ;MERKEZ MAHALLESİ KAĞITHANE CADDES İ OFİS 3/30 KAĞITHANE İSTANBUL;;www.biocalis.com;biocalis.com;TET - Elektrik ve Elektronik İhracatçıları Birliği
GÜR DÜĞÜN EKİPMANLARI PAZARLAMA YAZILIM ÜRETİM VE TİCARET LİMİTED ŞİRKETİ;KÖYÜN KENDİSİ KIZILCAPINAR KÖY SOKAĞI KÜME EVLERNO: 137 BOZÜYÜK BİLECİK;;https://www.organizasyonoutlet.com/;organizasyonoutlet.com;TET - Elektrik ve Elektronik İhracatçıları Birliği
ONUR DÖKÜM DEKORASYON TİCARET VE SANAYİ LİMİTED ŞİRKETİ;İKİTELLİ OSB MH PİK DÖKÜMCÜLER SAN SİT B2 BLOK NO:13 BAŞAKŞEHİR İSTANBUL;(212) 4853165;www.onurdokum.com;onurdokum.com;TET - Elektrik ve Elektronik İhracatçıları Birliği
NASYONEL END. MUTFAK ÜRN. TEMZ. GIDA AMB. VE MOB. SAN.TİC.LTD.ŞTİ;REŞİDİYE MAH. ATATÜRK BUL. İST. KISMI ALİ RIZA BAHÇİVAN APT. NO:79/A ÇORLU TEKİRDAĞ;(282) 6547272;www.nasyonelmutfak.com.tr;nasyonelmutfak.com.tr;TET - Elektrik ve Elektronik İhracatçıları Birliği
DEA BİLİŞİM TEKNOLOJİLERİ VE TURİZM SANAYİ TİCARET ANONİM ŞİRKETİ;SEDEF CADDESİ NO:13 DAİRE 173 ATATÜRK MAHALLESİ 34758 ATAŞEHİR İSTANBUL;(216) 5741043;www.deateknoloji.com;deateknoloji.com;TET - Elektrik ve Elektronik İhracatçıları Birliği
DOKU DİAGNOSTİK TIBBİ CİHAZ ANONİM ŞİRKETİ;GİYİMKENT 3.SK NO23A ESENLER İSTANBUL;(212) 4386610;https://www.dokudiagnostics.com.tr;dokudiagnostics.com.tr;TET - Elektrik ve Elektronik İhracatçıları Birliği
EMD ELEKT.ELEKTR.MÜH.TEKS.SAN. VE TİC.LTD.ŞTİ;İÇERENKÖY MAH. MAHİR BEY SOK. KUTAYHAN NO.1/2 İÇERENKÖY ATAŞEHİR İSTANBUL;(216) 5755313;www.emdelektronik.com;emdelektronik.com;TET - Elektrik ve Elektronik İhracatçıları Birliği
SCHINDLER TURKELI ASANSOR SANAYI A.S.;BUYUKDERE C.MASLAK MEYDANIMASLAK ISM. N:37 K.7 ŞİŞLİ İSTANBUL;02122768600;www.schindler.com;schindler.com;TET - Elektrik ve Elektronik İhracatçıları Birliği
ELİT OFİS MOBİLYA SANAYİ VE DIŞ TİCARET LİMİTED ŞİRKETİ;ZAFER MH 177 SK NO:2 KAT:4 ESENYURT İSTANBUL;(212) 9932184;www.elitofis.com;elitofis.com;TET - Elektrik ve Elektronik İhracatçıları Birliği
DEMAS KABLO SANAYI VE TICARET ANONİM ŞİRKETİ;TATLISU MAH. ALPTEKİN CAD. NO:13/3 ÜMRANİYE İSTANBUL;(216) 5945335;www.demaskablo.com.tr;demaskablo.com.tr;TET - Elektrik ve Elektronik İhracatçıları Birliği
ASSA ABLOY GECIS SISTEMLERI A. S.;BAĞDAT CADDESİ NO:519 PLAZA 519 KAT 8 DAİRE 8 KADIKÖY İSTANBUL;02164426850;www.altinoz.net;altinoz.net;TET - Elektrik ve Elektronik İhracatçıları Birliği
ORIENT İTHALAT İHRACAT DIŞ TİCAERT İNŞAAT TERCÜMANLIK PAZARLAMA SANAYİ VE TİCARET LTD.ŞTİ.;MİTHATPAŞA MAH. UZUNMEHMET CAD. NO:41/12 MERKEZ ZONGULDAK;;www.orient-world.com;orient-world.com;TET - Elektrik ve Elektronik İhracatçıları Birliği
BAYEL YAPI KİMYASALLARI İNŞAAT MALZEMELERİ YAPIŞTIRICILAR SAN VE İTHALAT İHRACAT PAZARLAMA LTD ŞTİ;ORTAKÖY, DEREBOYU CAD. GÜLTEKİN SOK. 20-22. D:7 BEŞİKTAŞ İSTANBUL;;http://www.bayel.net;bayel.net;TET - Elektrik ve Elektronik İhracatçıları Birliği
OVİ MOBİLYA DİZAYN SAN. VE TİC.LTD.ŞTİ.;AKÇABURGAZ MH 3136 SOK NO:18 ESENYURT İSTANBUL;(850) 3097779;www.ovicompaniy.net;ovicompaniy.net;TET - Elektrik ve Elektronik İhracatçıları Birliği
TAŞCA DOĞAL TAŞ SANAYİ VE PAZARLAMA A.Ş.;MİMAR SİNAN MAH. BOSNA CAD. NO:2-4 K:3 D:10 ÇEKMEKÖY İSTANBUL;(216) 6400640;www.tasca.com.tr;tasca.com.tr;TET - Elektrik ve Elektronik İhracatçıları Birliği
HUQQA GIDA İŞLETMELERİ SANAYİ VE TİCARET ANONİM ŞİRKETİ;YENİBOSNA MERKEZ MAHALLESİ SEDİR SOKAK NO:7 KAT:1 BAHÇELİEVLER İSTANBUL;(212) 6526222;www.huqqa.com;huqqa.com;TET - Elektrik ve Elektronik İhracatçıları Birliği
MEHMET KAYA-METOD BAKIR;ELMALIKENT MAH. MANDIRA CAD.NO.9 ÜMRANİYE İSTANBUL;(216) 6310313;www.metotbakir.com;metotbakir.com;TET - Elektrik ve Elektronik İhracatçıları Birliği
METSİS MEDİKAL TEKNİK SİSTEMLER ELEKTRONİK OTOMOTİV İNŞAAT TURİZM VE SAN. TİC. LTD. ŞTİ.;YENİBATI MAH. 2402. CAD. NO:2 OSTİM YENİMAHALLE ANKARA;(312) 3862190;www.metsismedikal.com;metsismedikal.com;TET - Elektrik ve Elektronik İhracatçıları Birliği
RSM METAL ANONİM ŞİRKETİ;İKİTELLİ OSB. METAL İŞ SAN. SİTESİ 7. BLOK NO:24-26 BAŞAKŞEHİR İSTANBUL;(212) 8010043;www.rsm.com.tr;rsm.com.tr;TET - Elektrik ve Elektronik İhracatçıları Birliği
CYBER OTOMASYON KÜMES HAVALANDIRMA VE ÜRETİM TEKNOLOJİLERİ TİCARET LİMİTED ŞİRKETİ;PAŞAALANI MH. 36.CD NO: 2/1B KARESİ BALIKESİR;(266) 0000000;http://www.cyberotomasyon.com;cyberotomasyon.com;TET - Elektrik ve Elektronik İhracatçıları Birliği
BIYOTEM SAĞLIK MALZ.VE HIZ.PAZ .TURZ.A.Ş.;SAĞLIK MAH.MARMARASK.NO.16/12-13-14 ÇANKAYA ANKARA;03124359730;www.biyotem.com.tr;biyotem.com.tr;TET - Elektrik ve Elektronik İhracatçıları Birliği
OTER YAPI TEKNOLOJİLERİ İNŞAAT TURİZM ELEKTRİK ELEKTRONİK VE MAKİNE SANAYİ TİCARET LİMİTED ŞİRKETİ;İHSANİYE ÇİFTLİK MH. ADNAN MENDERES CD.NO:106 GÖLCÜK KOCAELİ;(262) 4356055;http://www.medusadoor.com;medusadoor.com;TET - Elektrik ve Elektronik İhracatçıları Birliği
STAR FİBEROPTİK VE AYDINLATMA VE YAPI SANAYİ TİCARET LİMİTED ŞİRKETİ;19 MAYIS MAH. HİLAL CAD. NO:23A İÇ KAPI NO:1 BÜYÜKÇEKMECE İSTANBUL;(212) 8738873;www.starfiberoptik.com.tr;starfiberoptik.com.tr;TET - Elektrik ve Elektronik İhracatçıları Birliği
BORTHE KİMYA KOZMETİK SANAYİ VE TİCARET LİMİTED ŞİRKETİ;İKİTELLİ OSB. MAH BAŞAKŞEHİR İSTANBUL;(212) 4857827;http://www.borthe.com;borthe.com;TET - Elektrik ve Elektronik İhracatçıları Birliği
MERLIN ENERJI SISTEMLERİ SANAYİ VE TİCARET LİMİTED ŞİRKETİ;AYOSB ANADOLU YAKASI OSB 2.SANAYİ CD. NO:20 AYDINLI PK:34956 TUZLA/İSTANBUL TUZLA İSTANBUL;;www.merlinenerji.com;merlinenerji.com;TET - Elektrik ve Elektronik İhracatçıları Birliği
GÜNAY TESİSAT ARMATÜR SAN.VE TİC.A.Ş.;AKÇABURGAZ MAH. 3063 SOK. NO:8 ESENYURT İSTANBUL;02128869115;www.gkvana.com;gkvana.com;TET - Elektrik ve Elektronik İhracatçıları Birliği
ATASEL MUH.OT.B.SAYAR DON.VE YAZ.SER.HIZ.SAN.TIC.LTD.S.;HURRIYET BUL. NO:3/1 D:402 KONAK İZMİR;02324410405;www.atasel.com.tr;atasel.com.tr;TET - Elektrik ve Elektronik İhracatçıları Birliği
GTM TEKNOLOJİ BİLİŞİM VE OTOM SİSTEMLERİ SANAYİ VE TİCARET LİMİTED ŞİRKETİ;ŞİRİNEVLER MAH. FETİH 1. SK TEKİN 6 1 BAHÇELİEVLER İSTANBUL;(212) 6394506;www.gtmgrup.com;gtmgrup.com;TET - Elektrik ve Elektronik İhracatçıları Birliği
BETA MEDIKAL SAGLIK URUNLERI SAN.VE DIS TIC.LTD.STI.;ORUÇ REİS MAHALLESİ TEKSTİLKENT CAD. KOZA PLAZA KAT:7 D:26 ESENLER İSTANBUL;02124380088;www.beta-medikal.com;beta-medikal.com;TET - Elektrik ve Elektronik İhracatçıları Birliği
REM RONTGEN ELEKTROMEDIKAL CIH SAN.VE TIC.LTD.STI.;DEFTERDAR MAH ÇAYCILAR SK 42 EYÜP İSTANBUL;02122890984;www.rapident.com.tr;rapident.com.tr;TET - Elektrik ve Elektronik İhracatçıları Birliği
TEK METAL PROFİL SANAYİ A.Ş.;75. YIL MAH. ORG. SAN. BÖL. 23. CAD. TEKNOLOJİ BULV. NO:2 MERKEZ ESKİŞEHİR;(222) 2362345;www.tek-metal.com;tek-metal.com;TET - Elektrik ve Elektronik İhracatçıları Birliği
SAM OTOMASYON MÜHENDİSLİK MAKİNA İNŞAAT SANAYİ VE TİCARET LİMİTED ŞİRKETİ;KEMALPAŞA MAH ÜNİVERSİTE CAD NO90 KA1 İÇ KAPI NO 108 SERDİVAN SAKARYA;(264) 1232112;http://www.samotomasyon.com;samotomasyon.com;TET - Elektrik ve Elektronik İhracatçıları Birliği
GÜLSAN İNŞAAT SAN.TURZ.NAKL.VE TİC.A.Ş.;RÜZGARLIBAHÇE MH CUMHURİYET CD NO:22 BEYKOZ İSTANBUL;(216) 6810200;www.gulsanholding.com.tr;gulsanholding.com.tr;TET - Elektrik ve Elektronik İhracatçıları Birliği
SUPERCORE ELEKTRONİK OTOMOTİV İNŞAAT DIŞ TİCARET LİMİTED ŞİRKETİ;ATAKENT MAH. 241 SOK. TERRACE TEMA A BLOK NO:7/163 KÜÇÜKÇEKMECE İSTANBUL;(850) 6400000;www.integrityinter.com;integrityinter.com;TET - Elektrik ve Elektronik İhracatçıları Birliği
KUTES METAL SAN. VE TİC. A. Ş.;ESKİBÜYÜKDERE CAD. AYAZAĞA YOLUGİZ PLAZA NO.4 K:15 D: 54 SARIYER SARIYER İSTANBUL;(212) 2906780;www.kutes.com.tr;kutes.com.tr;TET - Elektrik ve Elektronik İhracatçıları Birliği
GEZER ENDUSTRI INSAAT SAN.TIC. A.S.;GEBZE ORG. SAN. BOLG. 100 SOK. NO.1031 GEBZE KOCAELİ;;www.gezer.com.tr;gezer.com.tr;TET - Elektrik ve Elektronik İhracatçıları Birliği
PALMED SAĞLIK ÜRÜNLERİ SAN. VE TİC. LTD. ŞTİ.;İÇERENKÖY MAH. MERKEZ CAMİ SOK. İÇERENKÖY İŞ MERKEZİ NO:15-17 K:5 D:14 ATAŞEHİR İSTANBUL;(216) 5728572;www.palmed.com.tr;palmed.com.tr;TET - Elektrik ve Elektronik İhracatçıları Birliği
DEMAND ENERJİ SERVİSLERİ VE TEKNOLOJİLERİ SANAYİ TİCARE LİMİTED ŞİRKETİ;KAZIMİYE MAH. DUMLUPINAR CAD. C BLOK NO:6 /18C DAİRE :21 ÇANKAYA ANKARA;;http://www.tusemcosmetic.com;tusemcosmetic.com;TET - Elektrik ve Elektronik İhracatçıları Birliği
BENART SES ISIK GORUNTU VE SAHNE SISTEMLERİ SANAYİ TICARET LİMİTED ŞİRKETİ;MAHMUTŞEVKETPAŞA M.PIYALEPAŞABLV BARAN S. ASÇ IŞMRK N:3 K:3 ŞİŞLİ İSTANBUL;02122543343;www.benart.net;benart.net;TET - Elektrik ve Elektronik İhracatçıları Birliği
MİMSA ALÜMİNYUM TİCARET VE SANAYİ ANONİM ŞİRKETİ;BEYLİKDÜZÜ OSB MH MERMERCİLER SAN SİT 4 CD NO:7 BEYLİKDÜZÜ İSTANBUL;(212) 8751908;www.mimsa.com;mimsa.com;TET - Elektrik ve Elektronik İhracatçıları Birliği
LEDNDLUX DIŞ TİCARET VE DANIŞMANLIK LİMİTED ŞİRKETİ;ABDURRAHMANGAZİ MAH. SELMA SK. DIŞ KAPI:14İÇ KAPI:15 KAT:3 SANCAKTEPE İSTANBUL;(216) 0000000;http://www.ledndlux.com.tr;ledndlux.com.tr;TET - Elektrik ve Elektronik İhracatçıları Birliği
GEMSA GENEL MAKINA SANAYI VE TİCARET A.Ş.;AKÇABURGAZ MAH.AKÇABURGAZ CAD.NO.30 (SAN.BIR.5.BÖLG.) ESENYURT İSTANBUL;(212) 8862830;www.gemsa-magnet.com;gemsa-magnet.com;TET - Elektrik ve Elektronik İhracatçıları Birliği
ROBONEXT MÜHENDISLIK VE YAZILIM DANIŞMANLIK TİCARET LİMİTED ŞİRKETİ;IDEALTEPE MAH. DIK SK. NO: 13 IÇ KAPI NO: 2 MALTEPE İSTANBUL;(216) 0000000;http://www.robonext.net;robonext.net;TET - Elektrik ve Elektronik İhracatçıları Birliği
GOLD VAKUM SİSTEMLERİ VE MAKİNA SAN. VE TİC. LTD. ŞTİ.;IKITELLI ORG.SAN.BOL.METAL IS.KOOP.8.BLOK NO.28-30 KÜÇÜKÇEKMECE İSTANBUL;02125498067;www.goldmakina.com;goldmakina.com;TET - Elektrik ve Elektronik İhracatçıları Birliği
DANTEK OTOMASYON KONTROL SIST. VE TURIZM ISL.LTD.STI.;PERPA TIC. MERKZ. B BLOK K:5NO:296 ŞİŞLİ İSTANBUL;02123207040;www.dantek.com.tr;dantek.com.tr;TET - Elektrik ve Elektronik İhracatçıları Birliği
DMR TABELA SİSTEMLERİ SERİGRAFİ MATBAA REKLAM SANAYİ TİCARET LİMİTED ŞİRKETİ;KÖŞKLÜÇEŞME MAH. İSTANBUL CAD. NO:63 GEBZE KOCAELİ;(262) 6421342;http://tabelaturk.com.tr;tabelaturk.com.tr;TET - Elektrik ve Elektronik İhracatçıları Birliği
KONTEL ELEKTRONİK KONTROL TEKNİĞİ SANAYİ VE TİCARET A.Ş.;TORMAK SANAYİ SİTESİ NO: E BLOK 34490 İKİTELLİ OSB BAŞAKŞEHİR İSTANBUL;(212) 2494884;www.kontel.org;kontel.org;TET - Elektrik ve Elektronik İhracatçıları Birliği
OREGON TEKNOLOJİ HİZMETLERİ ANONİM ŞİRKETİ;KOZYATAĞI MH. İBRAHİMAĞA SK. NO:8-10 SOM PLAZA KAT5 KADIKÖY İSTANBUL;(850) 8003030;www.oregon.com.tr;oregon.com.tr;TET - Elektrik ve Elektronik İhracatçıları Birliği
MEDFLY MEDİKAL TİCARET LİMİTED ŞİRKETİ;MARMARA MAH. HÜRRİYET BULVARI HASALN ASLAN PLZA NO:223/17 BEYLİKDÜZÜ İSTANBUL;(212) 0000000;wwww.medfly.com.tr;wwww.medfly.com.tr;TET - Elektrik ve Elektronik İhracatçıları Birliği
EKA SISTEM MUHENDISLIK VE TAAHHUT ANONİM ŞİRKETİ;SULTAN SK. NO 6/2 HALİDE EDİP ADIVAR 34382 ŞİŞLİ İSTANBUL;(212) 3207208;www.ekasistem.com.tr;ekasistem.com.tr;TET - Elektrik ve Elektronik İhracatçıları Birliği
ASIA BRIDGE SUPPLY DIŞ TİCARET LTD.ŞTİ.;ADALET MAHALLESİ MANAS BULVARI FOLKART TOWERSNO:47B İÇ KAPI NO : 2601 BAYRAKLI -İZMİR BAYRAKLI İZMİR;(232) 0000000;http://asiabridgesupply.com;asiabridgesupply.com;TET - Elektrik ve Elektronik İhracatçıları Birliği
ARI MAKİNA SANAYİ VE PAZARLAMA LTD. ŞTİ.;RAMAZAOĞLU MAH.MİMAR SİNAN CAD.YETKİN SOK.NO:5 ŞEYHLİ PENDİK İSTANBUL;(216) 3789048;www.arimakina.com;arimakina.com;TET - Elektrik ve Elektronik İhracatçıları Birliği
ARROW ELEKTRONIK TICARET A.S.;NECİP FAZIL SOK. NO.5 PEKİZ PLAZA NO.5 K.6 BEYKOZ İSTANBUL;02166804610;www.arroweurope.com;arroweurope.com;TET - Elektrik ve Elektronik İhracatçıları Birliği
GMT LOJİSTİK VE MÜHENDİSLİK LİMİTED ŞİRKETİ;HUZUR MAH. RAHMET SK. NO: 13 İÇ KAPI NO: 2 ÜMRANİYE İSTANBUL;(216) 0000000;https://gmtmuhendislik.com.tr/;gmtmuhendislik.com.tr;TET - Elektrik ve Elektronik İhracatçıları Birliği
MST ENDÜSTRİYEL SİSTEMLER TİC. LTD. ŞTİ.;İSTASYON MAH. YARIŞ ÇIKMAZI SOK. NO: 1 (İSTİM İŞ MERKEZİ) İÇ KAPI NO: B-283 TUZLA/İSTANBUL TUZLA İSTANBUL;(850) 3392135;http://www.mstendustriyel.com.tr;mstendustriyel.com.tr;TET - Elektrik ve Elektronik İhracatçıları Birliği
KARDELEN GEMİ ELEKT.ELEKTRONİK İTH.İHR.SAN.VETİC.LTD.ŞTİ.;E.ÇELEBİ MAH. ULUKENT SK. NO:17 TUZLA İSTANBUL;(216) 3953538;www.kardelengemi.com;kardelengemi.com;TET - Elektrik ve Elektronik İhracatçıları Birliği
CASTOLIN KAYNAK SAN.VE TIC. LTD.STI.;YUKARDUDULLU MH.BOSTANCI YOLUSEHIT SOK.NO.53 ÜMRANİYE İSTANBUL;02163132800;www.castolin.com.tr;castolin.com.tr;TET - Elektrik ve Elektronik İhracatçıları Birliği
DEDEKS MEDİKAL TEKNOLOJİLERİ ARGE SANAYİ TİCARET LİMİTED ŞİRKETİ;SARAY MH DR. ADNAN BÜYÜKDENİZ CD. CESSAS PLAZA 2. BLOK NO:4/21 ÜMRANİYE İSTANBUL;(216) 6870826;www.dedeks.com;dedeks.com;TET - Elektrik ve Elektronik İhracatçıları Birliği
BTS ALÜMİNYUM-METAL VE PVC AKSESUAR SANAYİ VE TİCARET LİMİTED ŞİRKETİ;BEYLİKDÜZÜ OSB MH MERMERCİLER SAN SİT 7 CD NO:8 BEYLİKDÜZÜ İSTANBUL;(212) 8751714;www.btsaluminyum.com;btsaluminyum.com;TET - Elektrik ve Elektronik İhracatçıları Birliği
NOLTO TEKNOLOJİ ANONİM ŞİRKETİ;YUKARI DUDULLU MAH. ALEMDAĞ CAD. NO:806 DALÇIK İŞ MERKEZİ K:4 D:14 ÜMRANİYE İSTANBUL;(216) 9121314;http://www.nolto.com;nolto.com;TET - Elektrik ve Elektronik İhracatçıları Birliği
DEHA TECH MAKİNA SAN. VE TİC. A.Ş.;MÜEYYETZADE MH KEMERALTI CD NO:28 BEYOĞLY-KARAKÖY TAKSİM BEYOĞLU İSTANBUL;(212) 2524800;www.dehatech.com;dehatech.com;TET - Elektrik ve Elektronik İhracatçıları Birliği
OTKONSAS OTOMATIK KONTROL SIST.URETIM TAAH.TIC.A.S.;KOŞUYOLU MAH. ALİ NAZIMA SOKAKNO:24 KOŞUYOLU KADIKÖY İSTANBUL;(216) 3263939;www.otkonsas.com;otkonsas.com;TET - Elektrik ve Elektronik İhracatçıları Birliği
GENAU ELEKTRİK MÜHENDİSLİK SAN VE TİC LTD ŞTİ;AYDINTEPE MAH. SAHİL BULVARI ALİZE İŞ MERKEZİ NO:191-68 TUZLA İSTANBUL;(216) 4944045;www.genau.com.tr;genau.com.tr;TET - Elektrik ve Elektronik İhracatçıları Birliği
GURUPO TEKSTIL VE KIMYA SAN. DIS TIC.LTD.STI.;ISTOC 4.ADA NO:34 BAĞCILAR İSTANBUL;02126598759;www.grurupotekstil.com;grurupotekstil.com;TET - Elektrik ve Elektronik İhracatçıları Birliği
TOYMAN PLASTIK PET.VE PETR.URN TAN.VE MAK.SAN.VE TIC.LTD.STI;10019 SK. NO:10 İ.T.O.B ORG. SAN. BÖLG. İZMİR MENDERES MENDERES İZMİR;(232) 7990274;www.toyman.com.tr;toyman.com.tr;TET - Elektrik ve Elektronik İhracatçıları Birliği
LAB PRODUCTS İTHALAT İHRACAT SANAYİ TİCARET LİMİTED ŞİRKETİ;KOCAHIDIR MAH ÜSKÜP 1.SK. NO:11/2 MERKEZ KIRKLARELİ;(212) 6030807;http://labproducts.com.tr;labproducts.com.tr;TET - Elektrik ve Elektronik İhracatçıları Birliği
WİND İTHALAT İHRACAT LTD.ŞTİ.;FAHRETTİN KERİM GÖKAY CAD. NO:231/7 GÖZTEPE KADIKÖY İSTANBUL;(216) 3603334;www.windltd.com;windltd.com;TET - Elektrik ve Elektronik İhracatçıları Birliği
ART HORECA ENDÜSTRİYEL MUTFAK VE OTEL EKİPMANLARI TİCARET SANAYİ LİMİTED ŞİRKETİ;MAHMUTBEY MH İSTOÇ TİCARET MERKEZİ 2420 SK 3 ADA NO:107 BAĞCILAR İSTANBUL;;www.arthoreca.com.tr;arthoreca.com.tr;TET - Elektrik ve Elektronik İhracatçıları Birliği
YEDİGÜN ELEKTRİK TEDARİK İNŞAAT SAN VE TİC.LTD.ŞTİ;CUMHURİYET MAH. TURGUT ÖZAL CAD. NO:72/1 YEDİGÜN ÇAYIROVA KOCAELİ;(262) 6451779;http://www.yedigunelektrik.com/;yedigunelektrik.com;TET - Elektrik ve Elektronik İhracatçıları Birliği
MM ELECTRO DİZAYN ELEKTRONİK SANAYİ TİCARET ANONİM ŞİRKETİ;MERDİVENKÖY MAH.BORA SK. NIDAKULE GÖZTEPE BLOK N:1-3/22 KADIKÖY İSTANBUL;(216) 0000000;http://office@mmelectro.com;office@mmelectro.com;TET - Elektrik ve Elektronik İhracatçıları Birliği
EMPLAS ELEKTOMEKANIK SAN.VE TIC.A.S.;INONU MAH. SAN.CAD. NO:20 MURADİYE MANİSA MANİSA;02362140094;www.emplas.com.tr;emplas.com.tr;TET - Elektrik ve Elektronik İhracatçıları Birliği
SAİME EBRU GÜNEŞ EKE -GNS ARITMA TEKN.MUH. HIZ. PROJ. TAAH.TİC.;ORTA MAH. YANYOL CAD. ÖRDEKÇİOĞLU İŞ MERKEZİ NO:32 PENDİK İSTANBUL;(216) 3796268;www.gnsaritma.com;gnsaritma.com;TET - Elektrik ve Elektronik İhracatçıları Birliği
ARMON TEKNOLOJİ ANONİM ŞİRKETİ;MUSTAFA KEMAL, DUMLUPINAR BLV. 280G D:512 06400 ÇANKAYA ANKARA;(850) 2020606;https://armongate.com/;armongate.com;TET - Elektrik ve Elektronik İhracatçıları Birliği
HAEM ENERJİ ELEKTRİK ELEKTRONİK MÜHENDİSLİK DANIŞMANLIK İNŞAAT TAAHHÜT İÇ VE DIŞ TİC. SAN. LTD. ŞTİ.;FATİH MAH.ESKİ ÇİFTLİK YOLU CAD.51/4 ATAŞEHİR İSTANBUL;(216) 4700064;www.haemenergy.com;haemenergy.com;TET - Elektrik ve Elektronik İhracatçıları Birliği
VELA YATCILIK TEKNIK HIZMETLER TICARET LTD.STI.;İSTASYON MAH.VATAN CAD. NO:138/1 TUZLA İSTANBUL;02164937333;www.velayacht.com.tr;velayacht.com.tr;TET - Elektrik ve Elektronik İhracatçıları Birliği
PROVAR ELEKTRİK ELEKTRONİK SAN VE TİC A.Ş.;HALKAPINAR MAH 1203/11 SOKAK MEGAPOLÇARŞI KULE NO: 5-7 DAİRE 96 KONAK İZMİR;(232) 6832444;www.provar.com.tr;provar.com.tr;TET - Elektrik ve Elektronik İhracatçıları Birliği
ACDC ENERJI ITHALAT VE IHRACAT LİMİTED ŞİRKETİ;PERPA TİCARET MERKEZİ, A BLOK, KAT:6 NO:575 ŞİŞLİ İSTANBUL;(212) 3202007;http://www.acdcenerji.com;acdcenerji.com;TET - Elektrik ve Elektronik İhracatçıları Birliği
CRYOCAN BASINÇLI KAPLAR ENDÜSTRİYEL TESİSLER SAN. VE TİC. LTD. ŞTİ.;CEYHAN CADESİ NO: 6/1 DİLOVASI ORGANİZE SANAYİ BÖLGESİ 41455 GEBZE KOCAELİ;(262) 6441200;www.cryocan.com;cryocan.com;TET - Elektrik ve Elektronik İhracatçıları Birliği
TAM GRUP ENERJİ İNŞAAT IŞINLAMA SANAYİ TİCARET LİMİTED ŞİRKETİ;İSTANBUL YOLU 26.KM SARAY MAH. SARAY CD. NO:4/A KAHRAMANKAZAN ANKARA;(312) 8154474;http://www.tamgrup.com.tr;tamgrup.com.tr;TET - Elektrik ve Elektronik İhracatçıları Birliği
ALPSAT ELEKTRONİK SAN. VE TİC. LTD.ŞTİ.;PERPA TİCARET MERKEZİ B BLOK KAT: 11 NO: 1697-1699 OKMEYDANI ŞİŞLİ İSTANBUL;(212) 2228550;www.alpsat.com;alpsat.com;TET - Elektrik ve Elektronik İhracatçıları Birliği
SISTEM BILGISAYAR VE TEKNIK HIZMETLER SANAYI A.S.;ESKİŞEHİR YOLU ÜZERİ 499 SK AZATBEY SİTESİ NO 26 ÇAYYOLU ÇAYYOLU ÇANKAYA ANKARA;03122351011;www.leica-sistemas.com.tr;leica-sistemas.com.tr;TET - Elektrik ve Elektronik İhracatçıları Birliği
MELTEM METAL MAKİNE SANAYİ İÇ VE DIŞ TİC. LTD.ŞTİ.;SANAYİ MAH. SANCAKLI CAD. ÖZNUR SK.NO:37/2 GÜNGÖREN İSTANBUL;(212) 5042285;www.meltemmetal.com.tr;meltemmetal.com.tr;TET - Elektrik ve Elektronik İhracatçıları Birliği
BETONSTAR MAKİNA SANAYİ VE TİCARET ANONİM ŞİRKETİ;İSMETPAŞA MAH. OSMAN DİRİK CAD. NO:111 YUKARIDUDULLU ÜMRANİYE İSTANBUL;02122892760;www.betonstar.com;betonstar.com;TET - Elektrik ve Elektronik İhracatçıları Birliği
İNTESSA YAPI TASARIM VE OTEL EKİPMANLARI SAN.TİC.LTD.ŞTİ;MADENLER MH.PALANDÖKEN CD. NO:28 ÜMRANİYE İSTANBUL;(216) 3155055;www.intessa.com.tr;intessa.com.tr;TET - Elektrik ve Elektronik İhracatçıları Birliği
PLANET PLASTİK ELEKTRİK SANAYİ VE DIŞ TİCARET ANONİM ŞİRKETİ;İKİTELLİ OSB MAH.ESKİ TURGUT ÖZAL CAD.ALTINTAÇ İŞ MERKEZİ D BLOK NO:8 İÇ KAPI NO:404 BAŞAKŞEHİR İSTANBUL;(212) 4364646;www.planetelektrik.com.tr;planetelektrik.com.tr;TET - Elektrik ve Elektronik İhracatçıları Birliği
RUNO KONSEPT MİMARLIK AYDINLATMA VE REKLAM TİCARET LİMİTED ŞİRKETİ;VİŞNEZADE MAH. SÜLEYMAN SEBA CAD. NO: 79 İÇ KAPI N BEŞİKTAŞ İSTANBUL;(212) 0000000;http://www.runokonsept.com;runokonsept.com;TET - Elektrik ve Elektronik İhracatçıları Birliği
AKYOL TİCARET DEĞİRMEN LEVAZIMATI LİMİTED ŞİRKETİ;NECATIBEY C.HOCA TAHSIN S.NO.11 BEYOĞLU İSTANBUL;02122442150;www.akyol.net;akyol.net;TET - Elektrik ve Elektronik İhracatçıları Birliği
SAN-EL MÜHENDİSLİK ELEKTRİK TAAHHÜT SAN. VE TİC.A.Ş.;ŞERİFALİ MAH. BAŞER SOK. NO:44 ÜMRANİYE İSTANBUL;(216) 4152245;www.san-el.com;san-el.com;TET - Elektrik ve Elektronik İhracatçıları Birliği
SUMAR DIŞ TİC.LTD.ŞTİ.;KÜÇÜKSU CAD. ANTASYA SİTESİ B BLOK NO:64/A D:286 SARAY 34768 ÜMRANİYE, İSTANBUL, TÜRKİYECAD.AYÇA SOK.NO.15 ÜMRANİYE İSTANBUL;(216) 3324714;www.sumar.com.tr;sumar.com.tr;TET - Elektrik ve Elektronik İhracatçıları Birliği
BAMİR MADENCİLİK SANAYİ VE TİCARET LİMİTED ŞİRKETİ;BARBAROS MAH. AKZAMBAK SOKAK UPHİLL TOWERS NO:3/A B BLOK KAT 30 DAİRE:159 ATAŞEHİR İSTANBUL;(216) 0000000;https://www.ba-mir.com.tr/;ba-mir.com.tr;TET - Elektrik ve Elektronik İhracatçıları Birliği
RSG IC VE DIS TIC.LTD.STI.;YAZIBAŞI MAH. 321 SOKAK NO:3 YAZIBAŞI 35875 TORBALI İZMİR;(232) 2575223;www.sgsoven.com;sgsoven.com;TET - Elektrik ve Elektronik İhracatçıları Birliği
TEKNİUS TEKNOLOJİ LİMİTED ŞİRKETİ;YAKUPLU MAHALLESİ HÜRRİYET BULVARI SKYPORT RESİDENNO:1 D:70 BEYLİKDÜZÜ İSTANBUL;(212) 8222244;http://www.teknius.com;teknius.com;TET - Elektrik ve Elektronik İhracatçıları Birliği
MCA MÜHENDİSLİK SAN.VE DIŞ TİC.LTD.ŞTİ.;İMES SANAYİ SİTESİ E BLOK 503. SOKAK NO:48 DUDULLU OSB 34776 ÜMRANİYE, İSTANBUL, TÜRKİYE ESENŞEHİR ÜMRANİYE İSTANBUL;(216) 3146044;www.mcaindustry.com;mcaindustry.com;TET - Elektrik ve Elektronik İhracatçıları Birliği
CENK ÜNAL;MİMAR SİNAN MH. ÜSKÜDAR CD. YEDPA TİCARET MERKEZİ H CADDESİ 1 NO:49 ATAŞEHİR İSTANBUL;(216) 0000000;http://www.unaldijital.com;unaldijital.com;TET - Elektrik ve Elektronik İhracatçıları Birliği
ACAR DAYANIKLI TÜKETİM MALLARI GIDA TEKSTİL KUYUMCULUK SAN. VE TİC. LTD. ŞTİ.;BEYLİKDÜZÜ O.S.B.MERMERCİLER SAN. SİT. 1. BULVAR 12. CAD.NO:2 BEYLİKDÜZÜ İSTANBUL;(212) 8766791;www.zeneger.com.tr;zeneger.com.tr;TET - Elektrik ve Elektronik İhracatçıları Birliği
TEKNİK GRUP MÜH. VE ORG. SAN. VE TİC. LTD. ŞTİ.;BÜYÜKDERE MH.CANFES SK.NO:17/2 SARIYER İSTANBUL;(212) 2716315;www.teknikgrup.com;teknikgrup.com;TET - Elektrik ve Elektronik İhracatçıları Birliği
KARNAS ELEKTRONİK TEK.SAN.VE DIŞ.TİC.A.Ş.;MECİDİYEKÖY YENİYOL SOK.CELİLAĞA İŞ MERK. NO:9/3 ŞİŞLİ İSTANBUL;(212) 2171306;www.karnas.com.tr;karnas.com.tr;TET - Elektrik ve Elektronik İhracatçıları Birliği
MOZAIK MEDIKAL SAG.GEREÇ. VE GIDA DAG.PAZ.ITH.IHR.LTD.ŞTİ;AŞAĞI ÖVEÇLER MAH. 1328.CADDE BİNA NO:13,DAİRE NO:10 ÇANKAYA ANKARA;(312) 4720162;www.mozaikmedikal.com.tr;mozaikmedikal.com.tr;TET - Elektrik ve Elektronik İhracatçıları Birliği
OLUŞUM CERRAHİ ALETLER SAN. VE TİC.LTD.ŞTİ.;KÖPRÜBAŞI MAH. SELANİK CAD. NO:255 PK:55300 AŞAĞIÇİNİK TEKKEKÖY SAMSUN;(362) 2648197;www.olusumcerrahi.com;olusumcerrahi.com;TET - Elektrik ve Elektronik İhracatçıları Birliği
GENSAN ELEKTRIK MAKINA SAN.VE TIC.A.S.;SAMLI ILICA YOLU 12.KM BALIKESİR BALIKESİR;02662310900;www.gensan.info.tr;gensan.info.tr;TET - Elektrik ve Elektronik İhracatçıları Birliği
METMEX METAL TEKNİK ÇÖZÜMLER ANONİM ŞİRKETİ;ESENTEPE MAH. YÜZBAŞI KAYA ALDOĞAN SOK. PARDUS PLAZA BLOK 4 DIŞ KAPI NO:4 ŞİŞLİ İSTANBUL;;https://metmex.com.tr/;metmex.com.tr;TET - Elektrik ve Elektronik İhracatçıları Birliği
EGES ELEKTRİK VE ELEKTRONİK GEREÇLER SAN. VE TİC. A.Ş.;EGS BUSİNESS PARK BLK. ATATÜRK CADNO:12 B2 BLOK NO: 255 YEŞİLKÖY BAKIRKÖY İSTANBUL;(212) 4464121;www.eges.com.tr;eges.com.tr;TET - Elektrik ve Elektronik İhracatçıları Birliği
PINAR MUHENDISLIK SANAYI VE TICARET LTD.STI.;PERPA TICARET MERKEZI K.11 A BLOK NO.1365 ŞİŞLİ ŞİŞLİ İSTANBUL;02122200277;www.pinarmuhendislik.com;pinarmuhendislik.com;TET - Elektrik ve Elektronik İhracatçıları Birliği
JOTUN BOYA SANAYİ VE TİCARET A.Ş.;BALABANDERE CAD. HILPARK SUITES SİTESİNO:10 İSTİNYE SARIYER İSTANBUL;(212) 2797878;www.jotun.com.tr;jotun.com.tr;TET - Elektrik ve Elektronik İhracatçıları Birliği
TELEPRO ENERJİ VE ELEKTRONİK SİST.SAN.TİC.LTD.ŞTİ.;FERHATPAŞA MAH. 99 SOK. NO.46/5 ATAŞEHİR İSTANBUL;(216) 4697373;www.telepro.com.tr;telepro.com.tr;TET - Elektrik ve Elektronik İhracatçıları Birliği
SİLVA TEKSTİL VE PAZARLAMA DIŞ TİCARET LİMİTED ŞİRKETİ;CİHANGİR MH.MEŞRUTİYET CD.DİRİKOÇLAR İŞ MRK.NO:1/4 AVCILAR İSTANBUL;(850) 4600708;www.silvanetwork.com.tr;silvanetwork.com.tr;TET - Elektrik ve Elektronik İhracatçıları Birliği
MEDİCAL ECZA DEPOSU LİMİTED ŞİRKETİ;ZÜMRÜTEVLER MAH. HANDEGÜL SK NO : 71/A MALTEPE İSTANBUL;;http://medi?caleczadeposu.com;medi;TET - Elektrik ve Elektronik İhracatçıları Birliği
ALNET ELEKTROMEKANİK TELEKOMÜNİKASYON SAN. VE TİC. LTD. ŞTİ.;MEVLANA MAH.EVREN CAD.NO:7A ATAŞEHİR İSTANBUL;(216) 3653665;www.alnetyazilim.com;alnetyazilim.com;TET - Elektrik ve Elektronik İhracatçıları Birliği
KAYRA METAL ANONİM ŞİRKETİ;AKÇABURGAZ MH 592 SK NO:14 ESENYURT İSTANBUL;(212) 4520050;www.kayrametal.com.tr;kayrametal.com.tr;TET - Elektrik ve Elektronik İhracatçıları Birliği
PANEKSPORT DIŞ TİC A.Ş.;ŞEKERPINAR MAH ÇİĞDEM SK NO:13 ÇAYIROVA KOCAELİ;;www.panekspanel.com;panekspanel.com;TET - Elektrik ve Elektronik İhracatçıları Birliği
NATRON İNŞAAT ELEKTROMEKANİK ANONİM ŞİRKETİ;MACUN MAH. BATI BULVARI ATB İŞ MERKEZİ BLOK NO:1/15 YENİMAHALLE ANKARA;(312) 3875037;www.natron.com.tr;natron.com.tr;TET - Elektrik ve Elektronik İhracatçıları Birliği
ETEKNİK OTOMASYON TİCARET LİMİTED ŞİRKETİ;HALİL RIFAT PAŞA MH YÜZER HAVUZ SK PERPA TİC MERKEZİ B BLOK KAT:11/1636-1637 ŞİŞLİ İSTANBUL;(212) 3208110;www.eteknik.com;eteknik.com;TET - Elektrik ve Elektronik İhracatçıları Birliği
SİS-TEK SİSTEM MÜHENDİSLİK TEKNOLOJİ TİC. VE SAN. A. Ş.;GİRNE MAH.IRMAK SAK.MALTEPE KÜÇÜKYALI İ MERK.A-BLOK NO:24 ZÜMRÜTEVLER MALTEPE İSTANBUL;02163841927;www.sistekcold.com;sistekcold.com;TET - Elektrik ve Elektronik İhracatçıları Birliği
PILZ EMNIYET OTOMASYON UR.VE HIZ.TIC.LTD.STI.;KAYIŞDAĞI MAH. DUDULLU YOLU CAD.MECNUN SOKAK DURU PLAZA NO:7 ATAŞEHİR ATAŞEHİR İSTANBUL;(216) 5775550;www.pilz.com.tr;pilz.com.tr;TET - Elektrik ve Elektronik İhracatçıları Birliği
ZEYMAR MÜHENDİSLİK TEKNİK MALZEME SANAYİ VE TİCARET A.Ş;YENİŞEHİR MAHALLESİ OSMANLI BLV. AEROPARK SİT. A BLOK APT. NO: 11 A/28 PENDİK İSTANBUL;(212) 0000000;www.zeymar.com.tr;zeymar.com.tr;TET - Elektrik ve Elektronik İhracatçıları Birliği
ELEKTRO KENT ELEKTRİK ELEKTRONİK İNŞAAT SANAYİ TİCARET LİMİTED ŞİRKETİ;GAZİ OSMAN PAŞA MAH. ŞEHİT ALİ GAFFAR OKKAN CAD. NO:31/B GÖLBAŞI ANKARA;(312) 4447819;http://www.elektrokent.com.tr;elektrokent.com.tr;TET - Elektrik ve Elektronik İhracatçıları Birliği
SMART TEKNOLOJİ A.Ş.;DUDULLU OSB MAHALLESİ DES SANAYİ SİTESİ 111 SOKAK D:17 BLOK NO:3 ÜMRANİYE İSTANBUL;(216) 5501040;http://www.smartteknoloji.com.tr;smartteknoloji.com.tr;TET - Elektrik ve Elektronik İhracatçıları Birliği
VENON AYDINLATMA AVİZE DEKORASYON SAAT HED. EŞYA SAN. VE TİC. LTD.ŞTİ.;ESENTEPE MAH. 2850 SOK. NO.31 KÜÇÜKKÖY GAZİOSMANPAŞA İSTANBUL;(212) 4759530;www.guvenavize.com;guvenavize.com;TET - Elektrik ve Elektronik İhracatçıları Birliği
MDS SOĞUTMA TEKNOLOJİLERİ GIDA VE İNŞ.SAN.TİC.LTD.ŞTİ.;AKSÖĞÜT SOK.NO:1/1 ŞİRİNTEPE KAĞITHANE İSTANBUL;(212) 3242700;www.mdssogutma.com;mdssogutma.com;TET - Elektrik ve Elektronik İhracatçıları Birliği
NETAŞ BİLİŞİM TEKNOLOJİLERİ ANONİM ŞİRKETİ;NETAŞ-ORHANLI MAHALLESİ İRFAN CADDESİ NO:28 TUZLA İSTANBUL;(216) 5222000;www.probil.com.tr;probil.com.tr;TET - Elektrik ve Elektronik İhracatçıları Birliği
ERGO SAĞLIK VE EV ÜRÜNLERİ TİC.LTD.ŞTİ.;BAĞDAT CD.351/6 ŞAŞKINBAKKAL KADIKÖY İSTANBUL;(216) 3857000;www.masajkoltugu.com;masajkoltugu.com;TET - Elektrik ve Elektronik İhracatçıları Birliği
FULTEK KONTROL SİSTEMLERİ SANAYİ VE TİCARET LİMİTED ŞİRKETİ;CUMHURİYET MAH.ATATÜRK BULV.B.KENT ST.B2-11/B BLK.NO:10 D:27 BEYLİKDÜZÜ İSTANBUL;(212) 8525404;www.fultek.com.tr;fultek.com.tr;TET - Elektrik ve Elektronik İhracatçıları Birliği
POWERPACK GÜÇ SİSTEMLERİ SANAYİ VE DIŞ TİCARET LTD.ŞTİ;ATATÜRK MAHALLESİ YÜCE SK. TRIADPARK SİT. A 2 BLOK APT. NO: 1 A/1 SANCAKTEPE İSTANBUL;;www.powerpackgenerator.com;powerpackgenerator.com;TET - Elektrik ve Elektronik İhracatçıları Birliği
ÖZTÜRK PLASTİK KALIP SANAYİ VE TİCARET LİMİTED ŞİRKETİ;İKİTELLİ ORGANİZE SANAYİ BÖLGESİ MAHALLESİ ENKOOP CADDESİ NO:4/C İKİTELLİ BAŞAKŞEHİR İSTANBUL;(212) 4852453;www.ozturkplastik.com;ozturkplastik.com;TET - Elektrik ve Elektronik İhracatçıları Birliği
MTCTR MEMOREX TELEKOMÜNİKASYON SAN. VE TİC. LTD. ŞTİ.;GAYRETTEPE MAH.YILDIZPOSTA CAD.VEFA BAYIRI SOK.N:2İÇ KAPI NO:K.16 BEŞİKTAŞ İSTANBUL;(212) 2693344;www.turkelekomint.com;turkelekomint.com;TET - Elektrik ve Elektronik İhracatçıları Birliği
M.K.INSAAT TAAH.ISLERI SAN.VE TIC LTD.STI.;IDEALTEPE MAH.DENIZCILER SOK.ZEMIN 14 MALTEPE İSTANBUL;02164423130;http://www.unipool.com.tr;unipool.com.tr;TET - Elektrik ve Elektronik İhracatçıları Birliği
İNTERPET PETROL TECHİZAT SAN. VE TİC.LTD.ŞTİ;TAVUKÇUYOLU CD. ANIL SOK. N:3 YUKARIDUDULLU ÜMRANİYE İSTANBUL;02165406500;www.interpet.com.tr;interpet.com.tr;TET - Elektrik ve Elektronik İhracatçıları Birliği
SEMI ELEKTRIK ELEKTRONIK PLASTIK TIC.LTD.STI.;IPKAS SAN.SIT.13/A BLOK NO:37-39 İKİTELLİ BAŞAKŞEHİR İSTANBUL;(212) 5490612;www.semiltd.com;semiltd.com;TET - Elektrik ve Elektronik İhracatçıları Birliği
RS MEDİKAL TİCARET A.Ş.;GİYİMKENT 2 ÇSOK NO:83A ESENLER İSTANBUL;(212) 2749448;http://www.rsmedikal.com.tr;rsmedikal.com.tr;TET - Elektrik ve Elektronik İhracatçıları Birliği
ORKA LIGHTING ELEKTRONİK SANAYİ VE TİCARET LİMİTED ŞİRKETİ;TALATPAŞA MAH KİRAZLIYURT SK NO 3A /1 KAĞITHANE İSTANBUL;(212) 3203034;https://orkalighting.com/;orkalighting.com;TET - Elektrik ve Elektronik İhracatçıları Birliği
NİF MÜHENDİSLİK ISITMA SOĞUTMA SAN. VE TİC LTD. ŞTİ.;AYRANCILAR MAH. 64/2 SK. NO:16/B TORBALI İZMİR;(232) 5200860;http://www.nifmuhendislik.com;nifmuhendislik.com;TET - Elektrik ve Elektronik İhracatçıları Birliği
EMSE SIZDIRMAZLIK POMP.MAK.HIR NAKL.TUR.INS.PAZ.SAN.TIC.LTD.S;VATAN MAH.CIFTE HAVUZLAR CAD.AKIN SOK.23 BAYRAMPAŞA İSTANBUL;02125443680;www.emsesizdirmazlik.com;emsesizdirmazlik.com;TET - Elektrik ve Elektronik İhracatçıları Birliği
HÜNDÜR PAZARLAMA ANONİM ŞİRKETİ;ÖMERLİ MH.KURTİNİ SK. NO:5/1 ARNAVUTKÖY İSTANBUL;(212) 8765050;http://www.hlite.com.tr;hlite.com.tr;TET - Elektrik ve Elektronik İhracatçıları Birliği
GETEK ELEKTRONİK SANAYİ VE TİCARET ANONİM ŞİRKETİ;YENI BATI MAH. 2400 SK. NO: 10 IÇ KAPI NO: 1 YENİMAHALLE ANKARA;(312) 2560081;www.getek-tr.com/tr;getek-tr.com;TET - Elektrik ve Elektronik İhracatçıları Birliği
ENA OTOMASYON ELEKTRİK ELEKTRONİK SAN.TİC.LTD.ŞTİ.;PAŞAALANI MAH.CUMHURİYET CAD.NO:141 KARESİ BALIKESİR;(266) 2492222;http://www.enaotomasyon.com.tr;enaotomasyon.com.tr;TET - Elektrik ve Elektronik İhracatçıları Birliği
KEYTECH MÜHENDİSLİK HİZMETLERİ SANAYİ VE TİCARET LİMİTED ŞİRKETİ;ŞEKERPINAR MAH. TURGUT ÖZAL CAD. NO: 5G ÇAYIROVA KOCAELİ;(262) 6462323;https://key-tech.com.tr/;key-tech.com.tr;TET - Elektrik ve Elektronik İhracatçıları Birliği
ER ELEKTRONİK SANAYİ VE TİC. A.Ş.;MUSTAFA İNAN CAD. NO:39/1 ATATÜRK SANAYİ BÖLGESİ HADIMKÖY(BOYALIK) ARNAVUTKÖY İSTANBUL;(212) 2971941;www.erelektronik.com;erelektronik.com;TET - Elektrik ve Elektronik İhracatçıları Birliği
POLİFARMA İLAÇ SANAYİ VE TİCARET ANONİM ŞİRKETİ;HALKALI MERKEZ MAH.BASIN EKSPRES CAD.CAPITAL TOWERS İŞ MERKZ.N:9 K:6 KÜÇÜKÇEKMECE İSTANBUL;(212) 4810013;www.polifarma.com.tr;polifarma.com.tr;TET - Elektrik ve Elektronik İhracatçıları Birliği
BMS BULUT MAKINA SANAYI VE TICARET LTD.STI.;KOCAELİ KOBI OSB, KOSELER MAHALLESİ 6. CADDE NO 20/2 DİLOVASİ KÖSELER DİLOVASI KOCAELİ;(262) 5029773;www.bulutmak.net;bulutmak.net;TET - Elektrik ve Elektronik İhracatçıları Birliği
GAZKON REGÜLATÖR ÜRETİM SANAYİ TİCARET ANONİM ŞİRKETİ;FERHATPAŞA MAH. 16. SOKAK NO: 53/A ATAŞEHİR İSTANBUL;(216) 4423413;www.gazkon.com;gazkon.com;TET - Elektrik ve Elektronik İhracatçıları Birliği
SAMED TIBBİ CİHAZLAR TURZ. TEKS. SAN. VE DIŞ TİC. LTD. ŞTİ.;CEVDETPAŞA CAD. NO:98/1 HASEKİSULTAN FATİH İSTANBUL;(212) 5870990;www.samed.com.tr;samed.com.tr;TET - Elektrik ve Elektronik İhracatçıları Birliği
STAR ORMAN ÜRÜNLERİ SANAYİ VE ULUSLARARASI TAŞIMACILIK DIŞ TİCARET LİMİTED ŞİRKETİ;İKİTELLİ OSB ZİYA GÖKALP MAH. SÜLEYMAN DEMİREL BULVARI DERSANKOOP TRİOS A BLOK ZEMİN KAT NO:63 BAŞAKŞEHİR İSTANBUL;(212) 6334590;www.starkargo.com.tr;starkargo.com.tr;TET - Elektrik ve Elektronik İhracatçıları Birliği
İNKAŞ EMLAK İNŞAAT ELEKTRİK TEKSTİL TURİZM METAL SANAYİ VE TİCARET LİMİTED ŞİRKETİ;ÜÇEVLER MAHALLESİ AKVA TİCARET MERKEZİ SİTESİ N : 171/H NİLÜFER - BURSA NİLÜFER BURSA;(224) 4432344;http://www.inkaselektrik.com;inkaselektrik.com;TET - Elektrik ve Elektronik İhracatçıları Birliği
DMG MORİ SEİKİ İSTANBUL MAKİNE TİCARET VE SERVİS LTD. ŞTİ.;FERHAT PAŞA MH. GAZİ PAŞA CAD. NO:11 MALTEPE İSTANBUL;02164897576;www.dmgistanbul.com;dmgistanbul.com;TET - Elektrik ve Elektronik İhracatçıları Birliği
AVRASYA 1453 İLETİŞİM ELEKTRONİK VE AKSESUARLARI İTHALAT İHRACAT SANAYİ TİCARET LİMİTED ŞİRKETİ;TAHTAKALE MAH. YAVAŞÇA ŞAHİN SK. K.ASRİ İŞHANI NO:TAHTAKALE MAH. YAVAŞÇA ŞAHİN SK. K.ASRİ İŞHANI NO: EMİNÖNÜ/CAĞALOĞLU FATİH İSTANBUL;(212) 5280861;www.avrasya1453.com;avrasya1453.com;TET - Elektrik ve Elektronik İhracatçıları Birliği
CAHİT TOLGAY ÖZER;CEYHUN ATUF KANSU CAD. NO 36/6 ÇANKAYA ANKARA;;http://www.exnova.com.tr;exnova.com.tr;TET - Elektrik ve Elektronik İhracatçıları Birliği
PETES MAKİNA SAN.TİC. A. Ş.;MITHATPASA MAH. İSTANBUL CAD. NO.13 EYÜP İSTANBUL;(212) 3601950;www.petes.com.tr;petes.com.tr;TET - Elektrik ve Elektronik İhracatçıları Birliği
AYMET MAKINA REZISTANS SANAYI VE TICARET LTD.STI.;CUMHURIYET MH. BEYKENT SANAYİ SİTESİ SEYHAN SOK. NO:4 E-86 BÜYÜKÇEKMECE İSTANBUL;(212) 8733990;www.aymet.com;aymet.com;TET - Elektrik ve Elektronik İhracatçıları Birliği
ARMA ELEKTRONIK METAL SAN.VE TIC.LTD.STI.;ŞERİFALİ MH.BAŞER SK NO:31-33 ÜMRANİYE İSTANBUL;(216) 4152416;www.arma.com;arma.com;TET - Elektrik ve Elektronik İhracatçıları Birliği
ARMADA METAL SAN.TIC.LTD.STI.;TÜRKOBA MH OKULYOLU CD NO:6/A BÜYÜKÇEKMECE İSTANBUL;(212) 8861501;www.armadametal.com;armadametal.com;TET - Elektrik ve Elektronik İhracatçıları Birliği
ABS SU ARITMA TEKNOLOJİLERİ İMALAT İTHALAT İHR. KİMYA SAN. VE DIŞ. TİC. LTD. ŞTİ.;GÜZELCE MAHALLE YOĞURTHANE CADDE NO : 121/A 34535 BÜYÜKÇEKMECE, BÜYÜKÇEKMECE İSTANBUL;;www.abssuraritim.com;abssuraritim.com;TET - Elektrik ve Elektronik İhracatçıları Birliği
VELOX TEKNOLOJİ VE DİJİTAL ÇÖZÜMLER LİMİTED ŞİRKETİ;ALTINŞEHİR MAH. 320.SK.D BLOK NO:3 D İÇ KAPI NO 18 NİLÜFER BURSA;(224) 0000000;http://www.veloxteknoloji.com;veloxteknoloji.com;TET - Elektrik ve Elektronik İhracatçıları Birliği
UMTAŞ ULUSLARARASI MAKİNA TİCARET ANONİM ŞİRKETİ;BUYUKDERE CAD.NO.85 STAD HAN K.7 ŞİŞLİ İSTANBUL;02122758781;www.umtas.com.tr;umtas.com.tr;TET - Elektrik ve Elektronik İhracatçıları Birliği
KAO ELEKTRONİK VE BİLGİSAYAR SAN. TİC. LTD.ŞTİ.;GÜMÜŞPALA MAH. MİCAN SOK. NO:1/3 AVCILAR İSTANBUL;(212) 5917039;www.kaometrology.com;kaometrology.com;TET - Elektrik ve Elektronik İhracatçıları Birliği
MAİ GRUP DANIŞMANLIK VE ELEKTRONİK TİCARET ANONİM ŞİRKETİ;CEVİZLİ MAH. CEVİZLİ D-100 GÜNEY YANYOL CAD.KURİŞ KULE NO: 2 AA KARTAL İSTANBUL;(850) 6440644;http://www.desibela.com;desibela.com;TET - Elektrik ve Elektronik İhracatçıları Birliği
BEYLERBEYİ GENEL GÜVENLİK SİSTEMLERİ ELEKTRİK ELEK.TELE.BİLGİSAYAR TEK.İTH.İHR.SAN.VE TİC.LTD.ŞTİ;ASTİM ORGANİZE SAN. BÖL. 1. SOKAK NO:18 MERKEZ MERKEZ AYDIN;(256) 2140202;www.beylerbeyiguvenlik.com.tr;beylerbeyiguvenlik.com.tr;TET - Elektrik ve Elektronik İhracatçıları Birliği
BILIM ELEKTRIK MALZ.IM.TAAH.VE TIC.LTD.STI.;CEBECİ MAH. 2. DÖKÜMCÜLER SİTESİ 2594 SOKAK NO : 53 SULTANÇİFTLİĞİ SULTANGAZİ İSTANBUL;(212) 4766159;www.bilimelektrik.com;bilimelektrik.com;TET - Elektrik ve Elektronik İhracatçıları Birliği
BENNA MEDİKAL LİMİTED ŞİRKETİ;KAVAKLI MAH. BATI TRAKYA BLV. NO:56 İÇ KAPI NO: 2 BEYLİKDÜZÜ İSTANBUL;(212) 3300896;www.bennamedikal.com.tr;bennamedikal.com.tr;TET - Elektrik ve Elektronik İhracatçıları Birliği
LANTHE PHARMA İLAÇ VE MEDİKAL DIŞ TİCARET LİMİTED ŞİRKETİ;FERAH RESİDENCE, BARBAROS HAYRETTİN PAŞA MAH. 1993.SOK. NO:22 A BLOK D:58 ESENYURT PK:34522 ESENYURT İSTANBUL;(212) 0000000;www.lanthepharma.com;lanthepharma.com;TET - Elektrik ve Elektronik İhracatçıları Birliği
TEKNOART MAKİNA KALIP SAN. VE TİC. LTD. ŞTİ;YENİDOĞAN MAH. RAMİ KIŞLA CD. EMİNTAŞ SAN. SİT. NO:84/242 BAYRAMPAŞA İSTANBUL;(212) 5446490;www.teknoartmakina.com;teknoartmakina.com;TET - Elektrik ve Elektronik İhracatçıları Birliği
BOLEM ELEKTRİK VE ELEKTRONİK SANAYİ VE TİCARET ANONİM ŞİRKETİ;1203/9 SK NO:3/I KARAHASAN ATLI İŞ MRK KONAK İZMİR;(232) 4699595;https://www.bolemelektrik.com;bolemelektrik.com;TET - Elektrik ve Elektronik İhracatçıları Birliği
GENERAL PETROL EKİPMAN. İTH. İHR. İNŞ. YAPI SAN. VE TİC. LTD. ŞTİ.;ÇAVUŞOĞLU MAH.YAKACIK CAD.N:18/7 KARTAL İSTANBUL;(216) 3930818;www.generalpetrol.com.tr;generalpetrol.com.tr;TET - Elektrik ve Elektronik İhracatçıları Birliği
ŞAFAK ELEKTRİK MALZEMELERİ TİC. VE SAN. A.Ş.;ŞERİFALİ MAH. BEYAN SOK. NO:24 ÜMRANİYE İSTANBUL;(216) 4447735;www.safakelektrik.com;safakelektrik.com;TET - Elektrik ve Elektronik İhracatçıları Birliği
UĞUR METAL KARBON VE YÜRÜ DÖNER SİSTEM PARÇALARI İMA.SAN.VE TİC.İTH.İHR.LTD.ŞTİ;ORG. BÖLG. 14. CAD. MUTSAN MUTFAKÇI SAN. SİT. M-2 BLK NO.36 BAŞAKŞEHİR İSTANBUL;(212) 6138140;www.ugurmetal.com.tr;ugurmetal.com.tr;TET - Elektrik ve Elektronik İhracatçıları Birliği
ZETAS ZEMIN TEKNOLOJISI A.S.;ALEMDAĞ MERKEZ MAH. REŞADİYE CAD. NO: 69/A ÇEKMEKÖY İSTANBUL;(216) 4300600;www.zetas.com.tr;zetas.com.tr;TET - Elektrik ve Elektronik İhracatçıları Birliği
FEMTOMED TIBBI URUNLER SAN.TIC .LTD.STI.;YEDPA İŞ MERKEZİ E CAD. NO.9-10 ÜMRANİYE İSTANBUL;02166612800;www.femtomed.com;femtomed.com;TET - Elektrik ve Elektronik İhracatçıları Birliği
EVOLET İLAÇ SANAYİ VE TİCARET LİMİTED ŞİRKETİ;FATİH MAH. BURSA CAD. SALİHA SOK. NO:42 D:3 SULTANBEYLİ İSTANBUL;;www.unineo.com.tr;unineo.com.tr;TET - Elektrik ve Elektronik İhracatçıları Birliği
İNSİA YAPI LİMİTED ŞİRKETİ;MAHMUTBEY MAH. TAŞOCAĞI YOLU CAD. NO:33/1 B BLOK NO:99 BAĞCILAR İSTANBUL;(212) 8924892;http://www.insia.com.tr;insia.com.tr;TET - Elektrik ve Elektronik İhracatçıları Birliği
KART-SİS KART SİSTEMLERİ TİC. A.Ş.;SEYRANTEPE MAH. ÇALIŞKAN SOK. NO:9 SEYRANTEPE KAĞITHANE İSTANBUL;(212) 2790006;www.kartsis.com.tr;kartsis.com.tr;TET - Elektrik ve Elektronik İhracatçıları Birliği
OKİSAN GUVENLİK TEKN.SAN.TIC.A .S.;TALATPAŞA MAH. EMİRGAZİ CAD. NO:2 OKMEYDANI ŞİŞLİ İSTANBUL;(212) 4441309;www.okisan.com.tr;okisan.com.tr;TET - Elektrik ve Elektronik İhracatçıları Birliği
DRS DÜNYA REZİSTANS ISITMA ELEMANLARI SANAYİ VE TİCARET LİMİTED ŞİRKETİ;MERSİNLİ MAHALLESİ 2823 SOKAK NO:85 1. SANAYİ SİTESİ KONAK İZMİR;(232) 4575649;http://www.dunyarezistans.com;dunyarezistans.com;TET - Elektrik ve Elektronik İhracatçıları Birliği
STARDENTAL MEDİKAL SAN. VE TİC. LTD.ŞTİ.;HÜRRİYET MAH. GÜNGÖREN SOK. NO:24 BAHÇELİEVLER İSTANBUL;(212) 6526746;www.stardental.com.tr;stardental.com.tr;TET - Elektrik ve Elektronik İhracatçıları Birliği
ROYALPAN PANO VE KONTROL SİSTEMLERİ SANAYİ VE TİCARET ANONİM ŞİRKETİ;AYDINLI BİRLİK ORGANİZE SANAYİ BÖLGESİ MAH. 4.SOKA TUZLA İSTANBUL;(216) 2969501;http://www.royalpan.com;royalpan.com;TET - Elektrik ve Elektronik İhracatçıları Birliği
E GAZ MALZEMELERİ MÜHENDİSLİK MÜŞAVİRLİK SANAYİ VE TİCARET ANONİM ŞİRKETİ;FERHATPAŞA MAH. 49. SK. NO:31 -35A ATAŞEHİR İSTANBUL;(216) 3101900;www.e-gaz.com.tr;e-gaz.com.tr;TET - Elektrik ve Elektronik İhracatçıları Birliği
HEMAKİM TIBBİ ÜRÜNLER SAN. VE TİC. A. Ş.;ALTUNİZADE MAH. TOPHANELİOĞLU CD. NO:70/1-A KAT:4 DAİRE:7-8-9 ALTUNİZADE ÜSKÜDAR İSTANBUL;02163267042;www.hemakim.com.tr;hemakim.com.tr;TET - Elektrik ve Elektronik İhracatçıları Birliği
ANT YAPI SANAYİ VE TİCARET ANONİM ŞİRKETİ;SARAY MAH. AKÇAKOCA CAD. NO:11 ÜMRANİYE İSTANBUL;(216) 6306868;www.antyapi.com;antyapi.com;TET - Elektrik ve Elektronik İhracatçıları Birliği
ARK GLOBAL KİMYA SANAYİ VE TİCARET LİMİTED ŞİRKETİ;TEKSTİLKENT CAD. KOZA PLAZA. NO:12A. B BLOK. KAT:2.İÇ KAPI NO:23 ORUÇREİS 34235 ESENLER, İSTANBUL, T ESENLER İSTANBUL;(212) 9540050;www.arkglobalkimya.com.tr;arkglobalkimya.com.tr;TET - Elektrik ve Elektronik İhracatçıları Birliği
ÖZBÜLBÜL MEDİKAL İTHALAT İHRACAT SANAYİ TİCARET LİMİTED ŞİRKETİ;ANAFARTALAR CADDESİ ULUS ŞEHİR ÇARŞISI NO:5/147-148 ULUS PK:06050 ALTINDAĞ ANKARA;(312) 3113522;www.ozbulbul.com.tr;ozbulbul.com.tr;TET - Elektrik ve Elektronik İhracatçıları Birliği
SOM PVC AKSESUARLARI İTHALAT VE İHRACAT LİMİTED ŞİRKETİ;GÖKEVLER MH 563 SK NO:3/5G PASİAD SAN SİT ESENYURT İSTANBUL;(212) 8540015;www.sompvc.com;sompvc.com;TET - Elektrik ve Elektronik İhracatçıları Birliği
ANADOLU GAZ LİMİTED ŞİRKETİ;MALTEPE MAH.SİTE 1 SOK.ÇALIK SANAYİ SİT.N:23/A-B ZEYTİNBURNU İSTANBUL;(212) 6126084;http://www.fodinoxmutfak.com;fodinoxmutfak.com;TET - Elektrik ve Elektronik İhracatçıları Birliği
TECPRO BİLGİ TEKNOLOJİLERİ A.Ş.;TELSIZLER M.GALATA DERESI CAD.NO.10 K.1-2 KAĞITHANE İSTANBUL;(212) 2684000;www.tecpro.com.tr;tecpro.com.tr;TET - Elektrik ve Elektronik İhracatçıları Birliği
ÖNCÜ GÜVENLİK SİSTEMLERİ A.Ş.;FSM CAD. YAYABEYI SOK. NO:8 BEYKOZ İSTANBUL;(216) 5370123;www.oncuguvenlik.com;oncuguvenlik.com;TET - Elektrik ve Elektronik İhracatçıları Birliği
CADDE MAKİNA SANAYİ ÜRÜNLERİ VE DIŞ TİC. A.Ş.;İSTASYON MAH. ÇİÇEKCİLER CAD. NO:9/A TUZLA İSTANBUL;(216) 3922020;www.caddeas.com;caddeas.com;TET - Elektrik ve Elektronik İhracatçıları Birliği
EPAŞ TEKNİK SES ELEKTRONİK SAN. VE TİC.LTD.ŞTİ.;ORUÇ REİS MAH. GİYİMKENT SİTESİ 14.SOK.NO:41 ESENLER İSTANBUL;(212) 4387525;www.epasses.com.tr;epasses.com.tr;TET - Elektrik ve Elektronik İhracatçıları Birliği
OGAN ENDÜSTRİYEL ISI HORTUM SAN. VE TİC. LTD. ŞTİ.;İ.O.S.B.3 NOLU GİRİŞ YAN SANAYİ CAD. BİYE SOK.N:31 AYDINLI TUZLA İSTANBUL;(216) 5910640;www.ogan.com.tr;ogan.com.tr;TET - Elektrik ve Elektronik İhracatçıları Birliği
KİMEKS KİMYASAL MADDELER VE SAĞLIK GEREÇLERİ TİCARET A.Ş.;ABIDE-I HURRIYET CAD.GECITSOK NORM IS MERKEZI NO:6 K:1 ŞİŞLİ İSTANBUL;02122968460;www.kimeks.com;kimeks.com;TET - Elektrik ve Elektronik İhracatçıları Birliği
KONTAKT GRUP DIŞ TİCARET LİMİTED ŞİRKETİ;DUMLUPINAR MAH. KAYABAŞI SOKAK ÖZGE SİTESİ B BLOK B/B NİLÜFER/BURSA PK:16285 NİLÜFER BURSA;(224) 4835202;thecontacttrade.com;thecontacttrade.com;TET - Elektrik ve Elektronik İhracatçıları Birliği
TÜMTES ELEKTRİK SANAYİ VE TİCARET LİMİTED ŞİRKETİ;ORG.SAN. BÖL. ATATÜRK BLV. SEFAKÖYSAN.SIT. 6. BLK. NO.14-24 BAŞAKŞEHİR İSTANBUL;(212) 6710155;www.tum-tes.com.tr;tum-tes.com.tr;TET - Elektrik ve Elektronik İhracatçıları Birliği
HAYTAS DOKUM SANAYI VE TICARET A.S.;Y.DUDULLU IMES SAN. SIT. DBLOK 401 SOKAK NO:5 ÜMRANİYE İSTANBUL;02163651056;www.haytas.com.tr;haytas.com.tr;TET - Elektrik ve Elektronik İhracatçıları Birliği
INTER MARKET DAY.TUK.MALL.TIC. VE SAN.A.S.;MEKTEP SK.NO:19/A BEYOĞLU İSTANBUL;02122532527;www.intermarket.com.tr;intermarket.com.tr;TET - Elektrik ve Elektronik İhracatçıları Birliği
POLOCHEF MUTFAK EŞYALARI EV TEKSTİLİ SANAYİ VE DIŞ TİCARET ANONİM ŞİRKETİ;İKİTELLİ OSB MH ESKİ TURGUT ÖZAL CD ALTİNTAÇ İS MERKEZİ A BLOK NO:10/602 BAŞAKŞEHİR İSTANBUL;(212) 6590031;www.polochef.com.tr;polochef.com.tr;TET - Elektrik ve Elektronik İhracatçıları Birliği
YAMATA YATIRIM İNŞAAT TURİZM VE TİC. AŞ;ÇUBUKLU MAH. ORHANVELI KANIK CAD. NO:11 BEYKOZ İSTANBUL;(216) 5380300;www.yamata.com.tr;yamata.com.tr;TET - Elektrik ve Elektronik İhracatçıları Birliği
ALBAKSAN DIŞ TİCARET VE PAZARLAMA ANONİM ŞİRKETİ;HADIMKÖY MH ÜRGÜPLÜ CD NO:36 HADIMKÖY(BOYALIK) ARNAVUTKÖY İSTANBUL;(212) 7714963;www.albaksan.com;albaksan.com;TET - Elektrik ve Elektronik İhracatçıları Birliği
ŞENEL PROJE HİZMETLERİ SANAİ VE TİCARET LİMİTED ŞİRKETİ;ZUHURATBABA MAHALLESİ YÜCE TARLA CADDESİ NO:10/1BALCI APT. BAKIRKÖY İSTANBUL;(212) 6609393;www.senelproje.com;senelproje.com;TET - Elektrik ve Elektronik İhracatçıları Birliği
DATAFLOWX TEKNOLOJİ ANONİM ŞİRKETİ;KIZILIRMAK MAHALLESİ 1443. CADDE NO:25 C BLOK D:12 ÇANKAYA ANKARA;(850) 8886091;dataflowx.com;dataflowx.com;TET - Elektrik ve Elektronik İhracatçıları Birliği
KARA GRUP MEDİKAL SAĞLIK VE TURİZMHİZMETLERİ LİMİTED ŞİRKETİ;ORUÇ REİS MH TEKSTİLKENT CD KOZA PLAZA NO:12B A BLOK KAT:23 NO:231 ESENLER İSTANBUL;(212) 4445722;www.karagruptr.com;karagruptr.com;TET - Elektrik ve Elektronik İhracatçıları Birliği
MİCRO PLASTİK SAN. VE TİC. LTD. ŞTİ.;İ.O.S.B.İPKAS SAN.8-B BLOK N:53-55 BAŞAKŞEHİR İSTANBUL;(212) 5494505;www.microplastik.com.tr;microplastik.com.tr;TET - Elektrik ve Elektronik İhracatçıları Birliği
ORA İNŞAAT A.Ş.;ŞERİFALİ MH TÜRKER CD EDEP SK. NO:39 ÜMRANİYE İSTANBUL;(216) 3695010;www.orainsaat.com;orainsaat.com;TET - Elektrik ve Elektronik İhracatçıları Birliği
ANADOLU MOTOR ÜRETİM VE PAZARLAMA A.Ş.;ŞEKERPINAR MAH. ALBAYRAK SOK. NO:4ÇAYIROVA - KOCAELİ KARTAL İSTANBUL;(262) 9992300;www.anadolumotor.com.tr;anadolumotor.com.tr;TET - Elektrik ve Elektronik İhracatçıları Birliği
DETAY ELEKTRİK VE GÜVENLİK TEKNOLOJİLERİ REKLAM SANAYİ VE TICARET ANONİM ŞİRKETİ;CAGLAYAN MAH.K.HANE CAD.YAVUZSOK.NO:2/5 KAĞITHANE İSTANBUL;02122340280;www.detay.com;detay.com;TET - Elektrik ve Elektronik İhracatçıları Birliği
MAİNETTİ ASKI SAN. VE TİC. AŞ;BOSB MERMERCILER SANAYİSITESİ 2.BULVARNO:22 YAKUPLU BEYLİKDÜZÜ İSTANBUL;;www.turkey.mainetti.com;turkey.mainetti.com;TET - Elektrik ve Elektronik İhracatçıları Birliği
UZUN TORNA MAKİNE SANAYİ VE DIŞ TİCARET LİMİTED ŞİRKETİ;İZZET PAŞA MH GÜRÜN CD NO:40A ŞİŞLİ İSTANBUL;(212) 2325976;www.uzuntorna.com;uzuntorna.com;TET - Elektrik ve Elektronik İhracatçıları Birliği
REPAMET ELEKTRONIK SIST.MUMES. TEK.SER.VE TIC.LTD.STI.;BAYAR CD.ACELYA APT.NO:20 D:10 KADIKÖY İSTANBUL;02163697348;www.repamet.com;repamet.com;TET - Elektrik ve Elektronik İhracatçıları Birliği
ADA İNOKS MUTFAK EKİPMANLARI SANAYİ VE TİCARET LİMİTED ŞİRKETİ;MALTEPE MAH DAVUTPAŞA CD TİM 2 NO:8/270 ZEYTİNBURNU İSTANBUL;;www.adainoks.com;adainoks.com;TET - Elektrik ve Elektronik İhracatçıları Birliği
CANSU KOZMETİK CİHAZLARI TUR.PLAS.SAN.VE TİC.LTD.ŞTİ.;AYDINEVLER MAH SAN CD NO:16B MALTEPE İSTANBUL;(216) 5674911;www.cansukozmetik.com;cansukozmetik.com;TET - Elektrik ve Elektronik İhracatçıları Birliği
ALMA MÜHENDİSLİK SANAYİ VE TİCARET ANONİM ŞİRKETİ;SULTAN ORHAN MAH. 1178 SK. NO:4/A GEBZE KOCAELİ;(262) 6461295;http://www.alma-teams.com;alma-teams.com;TET - Elektrik ve Elektronik İhracatçıları Birliği
REMTA MAKİNA İTH. İHR. SAN. VE TİC. LTD. ŞTİ.;AKÇABURGAZ MH 153 SK NO:23 ESENYURT İSTANBUL;(212) 8862711;www.remta.com.tr;remta.com.tr;TET - Elektrik ve Elektronik İhracatçıları Birliği
ACIBADEM SAĞLIK HİZ.VE TİC.A.Ş.;FAHRETTİN KERİM GÖKAY CAD. NO.49 ALTUNİZADE ÜSKÜDAR İSTANBUL;(216) 5473596;www.acibadem.com.tr;acibadem.com.tr;TET - Elektrik ve Elektronik İhracatçıları Birliği
RETERM İNDÜKSİYON ISITMA SİSTEMLERİ SAN.TİC.A.Ş.;ESENŞEHİR MAH.YOLCUZADE DES SAN.SİTESİ 114.SOKAK C-14 BLOK NO:4 ESENŞEHİR ÜMRANİYE İSTANBUL;(216) 3641600;www.reterm.com;reterm.com;TET - Elektrik ve Elektronik İhracatçıları Birliği
KARPA İTH.İHR.VE TİC.LTD.ŞTİ.;TAHTAKALE C. TAHTAKALE TIC.MERK.NO.34/405 İSTANBUL;02125129269;www.karpa.com.tr;karpa.com.tr;TET - Elektrik ve Elektronik İhracatçıları Birliği
MİMAŞ MÜHENDİSLİK İNŞAAT VE MADENCİLİK ANONİM ŞİRKETİ;ORHANTEPE MAH. SAHİL YOLU GÜLNAME (MİNE) SOKAK NO:2 DRAGOS KARTAL İSTANBUL;(216) 3999600;www.mimas.com.tr;mimas.com.tr;TET - Elektrik ve Elektronik İhracatçıları Birliği
SCHMERSAL TURKEY OTOMASYON ÜRÜNLERİ VE HİZM.LTD.ŞTİ.;ATATÜRK MAH. ATAŞEHİR BULVARI GARDENYA PLAZA 5 NO:5 İÇ KAPI NO:2 ATAŞEHİR İSTANBUL;(216) 0000000;https://www.schmersal.com.tr/iletisim/tuerkiye-satis-ofisi/;schmersal.com.tr;TET - Elektrik ve Elektronik İhracatçıları Birliği
SARCHEM KIMYA SANAYI VE TICARET A.S.;İST ORG. DERI SAN. BOL. 12 YOL. SÜET SOK. NO.4 TUZLA İSTANBUL;02163942500;www.sarchem.com;sarchem.com;TET - Elektrik ve Elektronik İhracatçıları Birliği
TASARIM MED TIBBİ MAMÜLLER SAN. VE TİC. A.Ş.;TOPCULAR CD. SET ÜSTÜ NO:3 EYÜP İSTANBUL;02126742244;www.tasarimmed.com.tr;tasarimmed.com.tr;TET - Elektrik ve Elektronik İhracatçıları Birliği
YILDIRIM ELEKTRONİK TİCARET VE SANAYİ ANONİM ŞİRKETİ;KONYA SOK.NO:13 KAT:3 ALTINDAĞ ANKARA;03123113845;http://www.yildirimelektronik.com;yildirimelektronik.com;TET - Elektrik ve Elektronik İhracatçıları Birliği
MECCON MÜHENDİSLİK TAAHHÜT VE DIŞ TİCARET LİMİTED ŞİRKETİ;KÜÇÜKBAKKALKÖY MAH. KOCA SİNAN CAD. N:58/B ATAŞEHİR İSTANBUL;(216) 5773372;www.mecconmuhendislik.com;mecconmuhendislik.com;TET - Elektrik ve Elektronik İhracatçıları Birliği
EOT DENTAL SAĞLIK ÜRÜNLERİ VE DIŞ.TİC.A.Ş;CUMHURİYET CAD.PLATİN APT.NO:21/5 BEYOĞLU İSTANBUL;(212) 3614901;www.eotdental.com;eotdental.com;TET - Elektrik ve Elektronik İhracatçıları Birliği
DEEPSEA DIŞ TİCARET A.Ş.;ESENTEPE MAH. TALAT PAŞA CAD. NO:5/1 ŞİŞLİ İSTANBUL;(212) 0000000;https://deep-sea.com.tr/;deep-sea.com.tr;TET - Elektrik ve Elektronik İhracatçıları Birliği
SHAF ENERJİ ÇÖZÜMLERİ SANAYİ VE TİCARET LİMİTED ŞİRKETİ;BARBAROS MAH. LALE SK.AGAOGLU MY OFFİCENO: 2/13 ATAŞEHİR İSTANBUL;;http://www.shafenerji.com;shafenerji.com;TET - Elektrik ve Elektronik İhracatçıları Birliği
BİLDİK ENERJİ SANAYİ VE TİCARET ANONİM ŞİRKETİ;İSTASYON MAH. YARIŞ ÇIKMAZI SK. B BLOK NO: 1 İÇ KAPI NO: 223 TUZLA İSTANBUL;(216) 7599280;http://www.bildik.com.tr;bildik.com.tr;TET - Elektrik ve Elektronik İhracatçıları Birliği
GENEL SISTEM DIZAYNI MUH. BILISIM TAAH.SAN.TIC.A.S.;ZUMRUT EVLER MAH. ATATURK CAD.NAZMI ILKER SOK. NO.8 MALTEPE İSTANBUL;02164426010;www.gsdas.com;gsdas.com;TET - Elektrik ve Elektronik İhracatçıları Birliği
EKOM ELEKTRIK ELEKTRONIK SANAYİ VE TİCARET A.Ş.;OSB MAH. HÜRRİYET BULVARI ASF BATI PLAZA NO:10/9 BEYLİKDÜZÜ İSTANBUL;02125909715;www.ekom-ltd.com;ekom-ltd.com;TET - Elektrik ve Elektronik İhracatçıları Birliği
OZKARDESLER MAKINA SAN.LTD.STI;ORHANGAZİ MH. 3.YOL SK. ISISO SANAYİ SİTESİ G BLOK NO: 1 34538 ESENYURT ESENYURT İSTANBUL;(212) 6232051;www.ozkardesler-makina.com;ozkardesler-makina.com;TET - Elektrik ve Elektronik İhracatçıları Birliği
ÖZÇELİK DIŞ TİC. A.Ş.;ANADOLU MAH. KANUNİ CAD. NO:8 TUZLA İSTANBUL;02163042010;www.ozcelik.com;ozcelik.com;TET - Elektrik ve Elektronik İhracatçıları Birliği
PEM ENERJİ SAN. TİC. LTD. ŞTİ.;AKARYILDIZ İŞ MERKEZİ İÇERENKÖY MAH. KÖYARKASISOK. NO:11 K:1 ATAŞEHİR İSTANBUL;(216) 5766660;www.pemenerji.com.tr;pemenerji.com.tr;TET - Elektrik ve Elektronik İhracatçıları Birliği
DERYA OFİS ÜRÜNLERİ SANAYİ VE TİCARET A.Ş.;MAHMUTBEY MAH. 28 YOL SK. NO:170 K.6 BAĞCILAR İSTANBUL;(212) 4446654;www.noki.com.tr;noki.com.tr;TET - Elektrik ve Elektronik İhracatçıları Birliği
ODAK KIMYA ENDUSTRISI URUN.SAN VE TIC.LTD.STI.;CEVİZLİ MAH. ZUHAL CAD. RİTİM İSTANBUL NO:44 KAT:13 D:131-132 MALTEPE İSTANBUL;02164899313;http://www.odakkimya.com.tr;odakkimya.com.tr;TET - Elektrik ve Elektronik İhracatçıları Birliği
MEDİFLEX MEDİKAL SAN. VE TİC. LTD. ŞTİ.;İVEDİK ORG. SAN. BÖLGESİ MH. 0329 DADDE. NO:37 İVEDİKORGANİZESANAYİ 06378 YENİMAHALLE, ANKARA, TÜRKİ İVEDİKORGANİZESANAYİ YENİMAHALLE ANKARA;(312) 3957227;www.mediflex.com.tr;mediflex.com.tr;TET - Elektrik ve Elektronik İhracatçıları Birliği
LAZERTEK MÜHENDİSLİK MAKİNA SANAYİ LİMİTED ŞİRKETİ;IMES SAN SIT.C.BLOK 305 SOK.NO:3 ÜMRANİYE İSTANBUL;02163643169;www.latek.net;latek.net;TET - Elektrik ve Elektronik İhracatçıları Birliği
OPAK OPTIK SAN.VE TIC.A.S.;MIMAR KEMALETTIN CAD.ERSOY HANNO.4/8 İSTANBUL;02125209120;www.opak.com.tr;opak.com.tr;TET - Elektrik ve Elektronik İhracatçıları Birliği
ÇELİK KARDEŞLER İÇ VE DIŞ TİC.LTD.ŞTİ.;YAHYALAR MAH.ESKİ HENDEK CAD.NO:8/A ADAPAZARI SAKARYA;(264) 3793676;www.adakurutma.com.tr;adakurutma.com.tr;TET - Elektrik ve Elektronik İhracatçıları Birliği
İNAN MAKİNA SANAYİ VE TİCARET ANONİM ŞİRKETİ;İKİ,TELLİ ORG. SAN. BÖL.ESKİ TURGUT ÖZAL CAD.NO.24 BAŞAKŞEHİR İSTANBUL;(212) 5492013;www.inanmakina.com;inanmakina.com;TET - Elektrik ve Elektronik İhracatçıları Birliği
TRİNOX METAL SANAYİ VE TİCARET A.Ş;KARAMEHMET MAHALLESİ AVRUPA SERBEST BÖLGESİ OSMAN ŞAHİN BULVARI NO:7 ERGENE 59850 ÇORLU TEKİRDAĞ;;www.trinoxmetal.com;trinoxmetal.com;TET - Elektrik ve Elektronik İhracatçıları Birliği
HAKAN METİN;BAYRAMPAŞA MURATPAŞA MAH.DÖKÜMCÜLER CAD.N:12 K:2 D:6-7-8 BAYRAMPAŞA İSTANBUL;(212) 5814412;www.metess.com;metess.com;TET - Elektrik ve Elektronik İhracatçıları Birliği
FATİH PLASTİK ZÜCCACİYE SAN.VE TİC.LTD.ŞTİ.;İSTOÇ 10.ADA NO.100 MAHMUTBEY BAĞCILAR İSTANBUL;(212) 6591964;www.arimetal.com;arimetal.com;TET - Elektrik ve Elektronik İhracatçıları Birliği
EFTA ENERJİ MÜHENDİSLİK SANAYİ VE TİCARET LİMİTED ŞİRKETİ;HOROZLUHAN MAH. ULUS SOK. NO:16 SELÇUKLU KONYA;(332) 2510391;https://eftaenerji.com/;eftaenerji.com;TET - Elektrik ve Elektronik İhracatçıları Birliği
2MBT BİLGİ TEKNOLOJİLERİ SAN. VE TİC.A.Ş.;ALAADDİNBEY MAH. 614. SOK. PE-GA 1 PLAZA 11/G NO:2 NİLÜFER BURSA;(224) 2460100;www.2mbt.com.tr;2mbt.com.tr;TET - Elektrik ve Elektronik İhracatçıları Birliği
AKSESUAR GROUP İNŞ. SAN. VE TİC. A.Ş.;BEŞYOL MH AKASYA SK NO:29/A KÜÇÜKÇEKMECE İSTANBUL;(212) 5985598;www.aksesuardesing.com;aksesuardesing.com;TET - Elektrik ve Elektronik İhracatçıları Birliği
ATASAY KUYUMCULUK SANAYİ VE TİCARET ANONİM ŞİRKETİ;KUYUMCUKENT FABRKL. BLOĞU NO:6 34196 YENİBOSNA BAHÇELİEVLER İSTANBUL;(212) 6523366;www.atasay.com;atasay.com;TET - Elektrik ve Elektronik İhracatçıları Birliği
RANA KILIT CELIKKAPI GUV.ARAC.VE GER.MOB.VE AKS.SAN.TİC.LTD.STI.;DOĞU SANAYİ SİTESİ 11.BLOK N:6 BAHÇELİEVLER İSTANBUL;02125521785;www.ranakilit.com;ranakilit.com;TET - Elektrik ve Elektronik İhracatçıları Birliği
FİRGOLD DİZAYN ENDÜSTRİYEL SOĞUTMA ÜRÜNLER LTD ŞTİ;BATI MAH.İSMETPAŞA CAD. NO:17 İÇ KAPI NO:4 PENDİK İSTANBUL;(216) 5062611;www.mondiconcept.com;mondiconcept.com;TET - Elektrik ve Elektronik İhracatçıları Birliği
YAZICI TEKNIK ELEKTRONIK ÜRÜN. MÜM.MÜS.TIC.LTD.STI.;AK PLAZA IS MRK.YASAM C. NO:7/22 ÇANKAYA ANKARA;03122192223;www.yaziciltd.com;yaziciltd.com;TET - Elektrik ve Elektronik İhracatçıları Birliği
TRAMETA TEST EKİPMANLARI SANAYİ VE TİCARET LİMİTED ŞİRKETİ;RAMAZANOĞLU MAH. SANAYİ CAD. NO:44 A/64 PENDİK İSTANBUL;(216) 0000000;http://tra-meta.com;tra-meta.com;TET - Elektrik ve Elektronik İhracatçıları Birliği
ATLANTIK MAKINA SANAYI VE TICARET A.S.;GUMUSSUYU INONU CAD.MIRALAYSEFIK BEY SK.N-5 ANTAL.PAL.APT.NO.7 BEYOĞLU İSTANBUL;02122446308;www.atlantikmakina.com.tr;atlantikmakina.com.tr;TET - Elektrik ve Elektronik İhracatçıları Birliği
DK NET ENERJİ SAN.VE.TİC.A.Ş;ATATÜRK MAH. MUSTAFA KEMAL CAD. NO.60 ATAŞEHİR İSTANBUL;(216) 0000000;http://www.dknettrade.com;dknettrade.com;TET - Elektrik ve Elektronik İhracatçıları Birliği
ERK DENTAL MEDIKAL TIBBI MALZ. TUR.SAN.VE TIC.LTD.STI.;TUNA MAH.SANAT CAD.NO:18 BORNOVA İZMİR;(232) 4582055;www.erkdental.com;erkdental.com;TET - Elektrik ve Elektronik İhracatçıları Birliği
METKOM ALÜMİNYUM METAL SANAYİ VE TİCARET LİMİTED ŞİRKETİ;BEYSAN SAN. SİT. BİRLİK CAD. NO:3/6 BEYPORT PLAZA BEYLİKDÜZÜ İSTANBUL;(212) 4850787;www.metkomaluminyum.com;metkomaluminyum.com;TET - Elektrik ve Elektronik İhracatçıları Birliği
HASEKİ PLASTİK MAK. SAN. VE TİC. LTD. ŞTİ.;KOZYATAĞI 19 MAYIS MAH. SÜMER SK. SÜMKO 2 SİTESİ A6 BLOK K.4 D.10 KOZYATAĞI KADIKÖY İSTANBUL;;www.hasekiplastikmakina.com.tr;hasekiplastikmakina.com.tr;TET - Elektrik ve Elektronik İhracatçıları Birliği
HEDEF KİMYA İTHALAT İHRACAT SANAYİ VE TİCARET LİMİTED ŞİRKETİ;KELEBEK SOKAK NO :2 MARMARA KULE KAT:19DAİRE:165 ESESNTEPE 34870 KARTAL MALTEPE İSTANBUL;(216) 4692869;www.hedefkimya.com;hedefkimya.com;TET - Elektrik ve Elektronik İhracatçıları Birliği
ELİT ARGE YAZILIM BİLİŞİM PROJE REKLAM DANIŞMANLIK SANAYİ VE TİCARET LİMİTED ŞİRKETİ;MUSTAFA KEMAL MAHALLESİ 2124.SOK NO :22/12 ÇANKAYA ANKARA;(312) 4462472;http://www.elitarge.com;elitarge.com;TET - Elektrik ve Elektronik İhracatçıları Birliği
MARİNA DENİZ ARAÇLARI TİCARET VE SAN. A. Ş.;ÇINAR MAHALLESİ KADİR HAS CADDESİ AÇELYA SOKAK NO:2/13 MALTEPE İSTANBUL;02163381441;www.marina.com.tr;marina.com.tr;TET - Elektrik ve Elektronik İhracatçıları Birliği
SAY ELEKTROTEKNİK LİMİTED ŞİRKETİ;25 MART MAH. KAŞİFLER CAD. SEÇİL SİTESİ B-2 BLOK NO:5 YENİMAHALLE ANKARA;(312) 3876087;www.sayelc.com;sayelc.com;TET - Elektrik ve Elektronik İhracatçıları Birliği
VALTECH TEKNOLOJİ ENERJİ VE MÜHENDİSLİK ANONİM ŞİRKETİ;CEVİZLİ MAH. ZUHAL CAD. RİTİM İSTANBUL NO: 44 BH MALTEPE İSTANBUL;(216) 0000000;https://valtechteknoloji.com/;valtechteknoloji.com;TET - Elektrik ve Elektronik İhracatçıları Birliği
VAYOTEK BİLGİ TEKNOLOJİLERİ SAN. VE TİC. LTD. ŞTİ.;MANSUROĞLU MAH. 286/3 SOK. NO:14-B BAYRAKLI İZMİR;(232) 3351554;http://www.vycall.com;vycall.com;TET - Elektrik ve Elektronik İhracatçıları Birliği
ATLAS MAGNETICS ELEKTRONIK SAN. TIC. LTD.;CİFTLİKKOY MAH. MERSİN UNİVERSİTESİ KAMPUSU 35A TEKNOPARK BİNASİ OFİS Z52 33150 YENİSEHİR MERSIN YENİŞEHİR MERSIN;(324) 2389978;http://www.atlasmagnetics.com;atlasmagnetics.com;TET - Elektrik ve Elektronik İhracatçıları Birliği
PROT AR-GE ENDÜSTRİYEL PROJE TASIRIM TEKNOLOJİK AR-GE SANAYİ TİCARET LTD.ŞTİ.;ALAADDİNBEY MAH.628.SOK.ELEKTROMEKANİK İŞ MERKZ.N:1/C NİLÜFER BURSA;(224) 2231745;www.protarge.com;protarge.com;TET - Elektrik ve Elektronik İhracatçıları Birliği
KENT GARAJ SERVİS EKİPMANLARI SANAYİ VE TİCARET LİMİTED ŞİRKETİ;MARMARACIKOSB MAH. KUZEY CAD. NO:17/1 KIZILPINAR ERGENE TEKİRDAĞ;(282) 7273880;www.kentgaraj.com;kentgaraj.com;TET - Elektrik ve Elektronik İhracatçıları Birliği
YAVUZ ALÜMİNYUM SANAYİ VE TİCARET ANONİM ŞİRKETİ;ÖMERLİ MH İHSAN GAZİ SK NO:10 HADIMKÖY(BOYALIK) ARNAVUTKÖY İSTANBUL;(212) 7710735;www.yavuzaluminyum.com.tr;yavuzaluminyum.com.tr;TET - Elektrik ve Elektronik İhracatçıları Birliği
EUROSAN SU ARITMA SİSTEMLERİ SANAYİ VE TİCARET ANONİM ŞİRKETİ;FERHATPAŞA MAHALLESİ G-91 SOKAK NO:18-A ATAŞEHİR İSTANBUL;(216) 4998466;www.eurosan.com.tr;eurosan.com.tr;TET - Elektrik ve Elektronik İhracatçıları Birliği
GALVANO MONDO KİMYA SAN.TİC.LTD.ŞTİ.;İKİTELLİ ORG.SAN.BÖLG.GALVANO TEKNİK SAN.SİT. B BLOK NO.4 İKİTELLİ BAŞAKŞEHİR İSTANBUL;(212) 5491915;www.galvanomondo.com;galvanomondo.com;TET - Elektrik ve Elektronik İhracatçıları Birliği
INDORAMA VENTURES ADANA PET.SAN.A.Ş.;YOLGEÇEN MAH.T.CEMAL BERİKER BULV.N:559 SEYHAN ADANA;(322) 4410253;www.indoramaventures.com;indoramaventures.com;TET - Elektrik ve Elektronik İhracatçıları Birliği
ATA1 TASARIM KALIP SAN. TİC. LTD. ŞTİ.;DERSAN KOOP.SAN.SİT.TRİOS 2023 B B LOK NO :39 İKİTELLİ OSB MAH 34050 BAŞAKŞEHİR, İSTANBUL, TÜRKİYE BAŞAKŞEHİR İSTANBUL;(212) 6130816;www.atakalip.com.tr;atakalip.com.tr;TET - Elektrik ve Elektronik İhracatçıları Birliği
NBA ELEKTRIK MAK.INS.TAAH.SAN. TIC.LTD.STI.;OKCUMUSA CAD. SAHLAN HAN NO.34KAT.4 KARAKÖY BEYOĞLU İSTANBUL;02122971728;www.nbaelektirk.com;nbaelektirk.com;TET - Elektrik ve Elektronik İhracatçıları Birliği
KAYATEK TEKNİK DIŞ TİCARET LİMİTED ŞİRKETİ;KÜÇÜKBAKKALKÖY MAHALLESİ AYŞE HATUN ÇEŞME SOKAK NO:5 PARLAK PLAZA DAİRE:14 ATAŞEHİR İSTANBUL;;www.kayatekco.com;kayatekco.com;TET - Elektrik ve Elektronik İhracatçıları Birliği
EPERİA DANIŞMANLIK TİCARET LİMİTED ŞİRKETİ;YUKARI BAHÇELİEVLER MAH.75 SK.NO:31 İÇ KAPI NO:10 ÇANKAYA ANKARA;(312) 0000000;http://forvistrade.com;forvistrade.com;TET - Elektrik ve Elektronik İhracatçıları Birliği
MASTER NET SAVUNMA VE GÜVENLİK TEKNOLOJİLERİ İNŞAAT SANAYİ TİCARET AŞ;KÜÇÜKBAKKALKÖY MAH. ÇINARLI SK. 3 / 1 ATAŞEHİR İSTANBUL;;http://masternet.com.tr/;masternet.com.tr;TET - Elektrik ve Elektronik İhracatçıları Birliği
ASA GROUP DIŞ TİCARET LİMİTED ŞİRKETİ;YEŞİLKÖY MH ATATÜRK CD NO:12 EGS BUSİNESS PARK BLOKLARI KAT:10/340 YEŞİLKÖY BAKIRKÖY İSTANBUL;(212) 4650020;www.asagroup.com.tr;asagroup.com.tr;TET - Elektrik ve Elektronik İhracatçıları Birliği
GRENMAT MATBAA MALZ.ITH.IHR. SAN.VE TIC.LTD.STI.;BAGLAR M.YALCIN KORES C. ERNASIT.16/2 BAĞCILAR İSTANBUL;02126576800;www.grenmat.com.tr;grenmat.com.tr;TET - Elektrik ve Elektronik İhracatçıları Birliği
BULUNMAZ KUYUMCULUK YAY.GOS.SANATLARI SAN. VE TIC.LTD.STI.;BİNBİRDİREK MAH. GEDİKPAŞA CAMİ SOK. NO:51/A EMİNÖNÜ/CAĞALOĞLU FATİH İSTANBUL;(212) 5134732;www.bulunmaz.com;bulunmaz.com;TET - Elektrik ve Elektronik İhracatçıları Birliği
HUM MÜHENDİSLİK VE TİCARET LTD.ŞTİ.;ATAŞEHİR BULVARI ATA PLAZA 2/3 DAİRE:15 ATAŞEHİR İSTANBUL;(216) 4563703;www.hum.com.tr;hum.com.tr;TET - Elektrik ve Elektronik İhracatçıları Birliği
DAVİVA İLAÇ SANAYİ VE TİCARET ANONİM ŞİRKETİ;AYAZAĞA MAH. KEMERBURGAZ CAD. VADİ KORU D BLOKNO: 10 D İÇ KAPI NO: 24 SARIYER İSTANBUL;(212) 2763444;http://davivailac.com.tr;davivailac.com.tr;TET - Elektrik ve Elektronik İhracatçıları Birliği
BAYRAM AYDOĞAN;İ.O.S.B. SEFAKÖY SAN. SİT. 12 BLOKNO:5-6 34670 BAŞAKŞEHİR BAŞAKŞEHİR İSTANBUL;(212) 6718065;www.aygunelektrikcihazlari.com;aygunelektrikcihazlari.com;TET - Elektrik ve Elektronik İhracatçıları Birliği
KROHNE OTOMASYON SAN. VE TİC. LTD. ŞTİ.;BARBOROS MAH. MİMAR SİNAN CD. KUTLUAY SK. NO:9 ATAŞEHİR İSTANBUL;(216) 2912040;www.krohne.com;krohne.com;TET - Elektrik ve Elektronik İhracatçıları Birliği
YILPAR AYDINLATMA ELEKTRIK TAAHHÜT SANAYİ VE TICARET LİMİTED ŞİRKETİ;OSMANGAZİ MAH. ALSANCAK CAD. NO:53/A SULTANBEYLİ İSTANBUL;(216) 5617673;https://www.yilparaydinlatma.com/;yilparaydinlatma.com;TET - Elektrik ve Elektronik İhracatçıları Birliği
ERSÖZ ENDÜSTRİYEL MUTFAK EKİPMANLARI İNŞAAT VE DANIŞMANLIK SANAYİ TİCARET LİMİTED ŞİRKETİ;AKÇABURGAZ MAH. 3137 SK. NO:24-26/2 ESENYURT İSTANBUL;(212) 5941009;www.ersozmutfak.com;ersozmutfak.com;TET - Elektrik ve Elektronik İhracatçıları Birliği
DOĞAN PLASTİK AYDINLATMA SANAYİ VE TİCARET LİMİTED ŞİRKETİ;YEŞİLCE MAHALLESİ ATATÜRK CADDESİ NO 69-A KAĞITHANE İSTANBUL;(212) 2707895;www.doganaydinlatma.com.tr;doganaydinlatma.com.tr;TET - Elektrik ve Elektronik İhracatçıları Birliği
PANEL ELEKT.SAN.VE TIC.LTD.STI;HACI SABANCI ORG.SAN.BOL.17.CDNO.27 YÜREĞİR ADANA;03223943697;www.panelelektrik.com;panelelektrik.com;TET - Elektrik ve Elektronik İhracatçıları Birliği
METE TİCARET İNŞAAT MALZEMELERİ SANAYİ VE TİCARET LİMİTED ŞİRKETİ;ZEYTİNBURNU DEMİRCİLER SİT. 3. YOL NO:7 ZEYTİNBURNU İSTANBUL;(212) 5136227;www.meteticaret.com;meteticaret.com;TET - Elektrik ve Elektronik İhracatçıları Birliği
BCM MAKİNA KİMYA İTHALAT VE İHRACAT SAN. TİC. LTD. ŞTİ.;MAHMUT YESARİ SOK.NO.10 KOŞUYOLU KADIKÖY İSTANBUL;(216) 5456294;www.bcmkim.com;bcmkim.com;TET - Elektrik ve Elektronik İhracatçıları Birliği
ÖZNE METAL SAN.VE TİC.LTD.ŞTİ.;DEFTERDAR MAH.OTAKÇILAR CAD. NO:76/2-3 EYÜP İSTANBUL;(212) 3378616;www.oznekol.com;oznekol.com;TET - Elektrik ve Elektronik İhracatçıları Birliği
CARİS DESIGN SANDALYE MASA SANAYİ VE DIŞ TİCARET LTD. ŞTİ.;HARAÇÇI MH HADIMKÖY YOLU CD NO:8 ARNAVUTKÖY İSTANBUL;(212) 6831373;www.caris.com.tr;caris.com.tr;TET - Elektrik ve Elektronik İhracatçıları Birliği
AZMEDİKAL TIBBİ ALETLER SANAYİ VE DIŞ TİC. LTD.ŞTİ.;ORUÇ REİS MAH. TEKSTİLKENT TİC. MERK. B6 BLOKNO:58 ESENLER İSTANBUL;(212) 4386644;www.azmedikal.com;azmedikal.com;TET - Elektrik ve Elektronik İhracatçıları Birliği
ARGUS GROUP LOJİSTİK GEMİ YAPIMI VE DANIŞMANLIK HİZMETLERİ ANONİM ŞİRKETİ;SAHRAYICEDIT MAH. ATATURK CAD. NO: 69/190 KADIKÖY İSTANBUL;(216) 4957777;https://www.argusgroup.com.tr/index.html;argusgroup.com.tr;TET - Elektrik ve Elektronik İhracatçıları Birliği
UĞUR TEKSTİL MAKİNALARI SAN. VE TİC. A. Ş.;BASIN EKSPRES YOLU NO.5-AUĞUR PLAZA KÜÇÜKÇEKMECE İSTANBUL;02124950000;www.brothertr.com;brothertr.com;TET - Elektrik ve Elektronik İhracatçıları Birliği
BILGIN DENIZCILIK SAN.TIC.LTD. STI.;AYDINTEPE MAH. SAHİL BULV. 128/CBA TUZLA İSTANBUL;02164937327;www.bilgindenizcilik.com.tr;bilgindenizcilik.com.tr;TET - Elektrik ve Elektronik İhracatçıları Birliği
ISTANBUL ELEKTRONIK ANAHTAR VE GUV.SIS.SAN.TIC.LTD.STI.;İKİTELLİ OSB. MAH. TÜMSAN 1.KISIM 6.BLOK SOK.NO:6 İKİTELLİ BAŞAKŞEHİR İSTANBUL;(212) 4855656;www.istanbulanahtar.com;istanbulanahtar.com;TET - Elektrik ve Elektronik İhracatçıları Birliği
PİMTAŞ PLASTİK İNŞAAT MALZEMELERİ SANAYİ VE TİCARET ANONİM ŞİRKETİ;GEBZE PLASTIKÇILER ORG. SAN.BÖLG.CUMHURIYET CAD. NO:52 GEBZE KOCAELİ;(262) 7512424;www.pimtasplastik.com.tr;pimtasplastik.com.tr;TET - Elektrik ve Elektronik İhracatçıları Birliği
LEDGRAFİK LED EKRAN TEKNOLOJİLERİ ANONİM ŞİRKETİ;İSTİKLAL MAH. MİTHATPAŞA CAD. AKBAŞ APT. NO:66A ÜMRANİYE İSTANBUL;(216) 6930001;https://www.ledgrafik.com/;ledgrafik.com;TET - Elektrik ve Elektronik İhracatçıları Birliği
EVA GLOBAL DIS TICARET ANONIM SIRKETI;IKITELLI OSB MAH. BEDRETTIN DALAN BUL. AKYAPI NO: 23 İÇ KAPI NO: 35 BAŞAKŞEHİR İSTANBUL;(850) 4412458;http://www.evacable.com.tr;evacable.com.tr;TET - Elektrik ve Elektronik İhracatçıları Birliği
JAVELİN TIBBİ CİHAZLAR SANAYİ VE TİCARET LİMİTED ŞİRKETİ;ALAADDİNBEY MAHALLESİ 614.SOKAK NO:7/B PK:16120 NİLÜFER/BURSA NİLÜFER BURSA;(224) 2162000;www.javelinmedikal.com;javelinmedikal.com;TET - Elektrik ve Elektronik İhracatçıları Birliği
SİMS ELEKTROMEKANİK TİCARET SAN. A.Ş.;ŞERİFALİ MAH. ÇETİN CAD. KIZ KULESİ SOK. ELİT PLAZA BLOK D:1 ÜMRANİYE İSTANBUL;(216) 4664405;www.simselektrik.com;simselektrik.com;TET - Elektrik ve Elektronik İhracatçıları Birliği
POS MOR ELEKTRONİK İTHALAT İHRACAT KUYUMCULUK PAZARLAMA SANAYİ VE TİCARET LİMİTED ŞİRKETİ;CİHANGİR MAH.ASLAN YATAĞI SOK.ÇOK ŞÜKÜR APT. NO:21 D:8 BEYOĞLU İSTANBUL;(212) 3430643;www.posmor.com;posmor.com;TET - Elektrik ve Elektronik İhracatçıları Birliği
MSM MÜHENDİSLİK ELEKTROMEKANIK SAN.VE TİC.LTD.ŞTİ;BARBAROS MAH. EVREN CAD. NO:12/A ATAŞEHİR İSTANBUL;(216) 4728755;www.msmmuh.com;msmmuh.com;TET - Elektrik ve Elektronik İhracatçıları Birliği
BİRADLI MADENİ EŞYA SANAYİ VE DIŞ TİCARET LİMİTED ŞİRKETİ;KAVAKLI MH RIFAT ILGAZ CD NO:4B/5 BEYLİKDÜZÜ İSTANBUL;(212) 8764484;www.biradli.com.tr;biradli.com.tr;TET - Elektrik ve Elektronik İhracatçıları Birliği
KROSGEN BİYOTEKNOLOJİ ARAŞTIRMA GELİŞTİRME SAN.VE TİC.LTD.ŞTİ.;SAHRAYICEDİT MAH.BATMAN SOK.NO.54/1-1 KADIKÖY İSTANBUL;;www.krosgen.com;krosgen.com;TET - Elektrik ve Elektronik İhracatçıları Birliği
TOROS POWER ELEKTRİK TİCARET LİMİTED ŞİRKETİ;SAHRAYICEDİD MAH.İNÖNÜ CAD.ARİF CELAL BEY APT.NO:24/16 KADIKÖY İSTANBUL;(216) 0000000;https://torospower.com.tr;torospower.com.tr;TET - Elektrik ve Elektronik İhracatçıları Birliği
İBT ENERJİ SİSTEMLERİ MÜH.İTH.İHR.SAN VE TİC LTD ŞTİ;BALMUMCU MAH BESTEKAR ŞEVKİ BEY SOKAK NO.31 BEŞİKTAŞ İSTANBUL;(212) 2757777;http://www.ibtsolar.com;ibtsolar.com;TET - Elektrik ve Elektronik İhracatçıları Birliği
ÖZVERLER RESIM ÇERÇEVE SAN.VE TIC.LTD.ŞTI.;ORG.SAN.BÖLG.TORMAK SAN.SIT.C BLOK NO.8 KÜÇÜKÇEKMECE İSTANBUL;;www.ozverler.com.tr;ozverler.com.tr;TET - Elektrik ve Elektronik İhracatçıları Birliği
TECHLED ELEKTRONİK SANAYİ TİCARET A.Ş.;FATİH MAH. YAKACIK CAD. NO:17/3 SAMANDIRA FATİH 34885 SANCAKTEPE, İSTANBUL, TÜRKİYE SANCAKTEPE İSTANBUL;(216) 3868049;www.techled.com.tr;techled.com.tr;TET - Elektrik ve Elektronik İhracatçıları Birliği
S 2000 SOĞUTMA SAN.TİC.LTD.ŞTİ;GÜRSEL MH.ŞEVKET PASA CD.NO.20/6 KAĞITHANE İSTANBUL;02122212620;www.s2000.com.tr;s2000.com.tr;TET - Elektrik ve Elektronik İhracatçıları Birliği
LOTUS PHARMA İLAÇ MEDİKAL SANAYİ VE TİCARET LİMİTED ŞİRKETİ;AŞAĞI ÖVEÇLER MAH. 1322. CAD. AKAY APT. 13/10 ÇANKAYA ANKARA;(312) 4720015;http://www.lotuspharma.com.tr;lotuspharma.com.tr;TET - Elektrik ve Elektronik İhracatçıları Birliği
CİSİM MÜHENDİSLİK OTOMASYON SİST.MAK.ELEKT.ELEKTRONİK PROJE DANIŞ.VE TAAH. SANA.VE TİC.LTD.ŞTİ.;ÇALI MAH. SARIYERLER CAD. NO:22 NİLÜFER BURSA;(224) 2436490;www.cisim.com.tr;cisim.com.tr;TET - Elektrik ve Elektronik İhracatçıları Birliği
MODERN ELEKTRONİK SES VE BÜRO SİST. SAN. VE TİC.A.Ş.;NİSPETİYE MAH. AYDIN SOK. NO:10 LEVENT BEŞİKTAŞ İSTANBUL;(212) 3854700;www.modern.com.tr;modern.com.tr;TET - Elektrik ve Elektronik İhracatçıları Birliği
BİLİM ÖZEL SAĞLIK HİZMETLERİ LİMİTED ŞİRKETİ;100.YIL MAH. KULELİ CAD. NO: 8 İÇ KAPI NO: 2 ÇANKAYA ANKARA;(312) 4414510;http://www.bilimsaglik.com.tr;bilimsaglik.com.tr;TET - Elektrik ve Elektronik İhracatçıları Birliği
FLULED AYDINLATMA SAN. VE TİC. A.Ş.;ŞERİFALİ MAH TABUKÇUYOLU CAD NO : 210/1 ÜMRANİYE İSTANBUL;(216) 4999599;www.fluled.com;fluled.com;TET - Elektrik ve Elektronik İhracatçıları Birliği
SELİM YUNA;YILDIZ POSTA CD. NO: 26 AYYILDIZ SİTESİ B BLOK KAT:6 D:58 ŞİŞLİ İSTANBUL;(212) 2177217;www.accolink.com;accolink.com;TET - Elektrik ve Elektronik İhracatçıları Birliği
FRACOTA TEKNOLOJİ ANONİM ŞİRKETİ;ADRES GENERAL ALİ RIZA GÜRCAN CAD. ALPARSLAN İŞ MERKEZİ NO:29, KAT:2,DAİRE NO:6 TOZKOPARAN GÜNGÖREN İSTANBUL;(212) 8722270;http://www.fracota.com;fracota.com;TET - Elektrik ve Elektronik İhracatçıları Birliği
SAUNA DEKOR SAN.VE TIC A.Ş.;ORGANIZE SAN.BÖLG.METAL IŞSAN SIT.20.BL.NO 17-19 BAŞAKŞEHİR İSTANBUL;02125498784;www.saunadekor.com.tr;saunadekor.com.tr;TET - Elektrik ve Elektronik İhracatçıları Birliği
GEDA MAJOR İŞ VE İNŞAAT MAK SAN VE TİC LTD ŞTİ;ŞEMSETTİN GÜNALTAY CAD. NO. 224 A BLOK K.2 D.5 KADIKÖY İSTANBUL;(216) 4670833;www.geda-major.com.tr;geda-major.com.tr;TET - Elektrik ve Elektronik İhracatçıları Birliği
MERKEZ GRUP SOĞUTMA MAĞAZACILIK İÇ VE DIŞ TİCARET LİMİTED ŞİRKETİ;ÇAKMAKLI MH HADIMKÖYYOLU CD NO:67/7 BÜYÜKÇEKMECE İSTANBUL;(212) 8300595;www.merkezgrup.com;merkezgrup.com;TET - Elektrik ve Elektronik İhracatçıları Birliği
SALT ANALİTİK LABORATUVAR TEKNOLOJİLERİ ANONİM ŞİRKETİ;NARTANESİ SK. NO:1/1 ATAŞEHİR İSTANBUL;(216) 5740660;http://www.saltanalitik.com;saltanalitik.com;TET - Elektrik ve Elektronik İhracatçıları Birliği
MİRAX YAPI MALZEMELERİ SAN.VE DIŞ TİC. LTD ŞTİ;FERHATPAŞA MAH.42. SK.NO:11 ATAŞEHİR İSTANBUL;(216) 6612858;www.mirax.com.tr;mirax.com.tr;TET - Elektrik ve Elektronik İhracatçıları Birliği
MAPAŞ HIRDAVATÇILIK İTH. VE PAZ. AŞ;İSTANBUL TUZLA OSB 15. CAD NO:03 TEPEÖREN TUZLA İSTANBUL;02165769072;www.mapas.com.tr;mapas.com.tr;TET - Elektrik ve Elektronik İhracatçıları Birliği
GONG ELEKTRİK SAN.TİC.A.Ş.;NATOYOLU CAD.İLKYAZ SOKAK NUMARA:32/1 YUKARIDUDULLU ÜMRANİYE İSTANBUL;(216) 4152120;www.gongelektrik.com;gongelektrik.com;TET - Elektrik ve Elektronik İhracatçıları Birliği
TREDA HIZLI TUKETIM URUNLERİ SATIS VE DAĞITIM ANONİM ŞİRKETİ;ORTA MAH. ATAYOLU CAD. ORTİM SANAYİ K BLOK NO:13K İÇ KAPI NO:9 TUZLA İSTANBUL;(216) 4840156;www.tredafmcg.com;tredafmcg.com;TET - Elektrik ve Elektronik İhracatçıları Birliği
SANPA ELEKTRIK MALZ.PAZ.TIC. VE SAN.LTD.STI.;IÇERENKÖY MAH., KÜME SK ., ECE IS MERKEZİ, 3/5 ATAŞEHİR İSTANBUL;02164780712;http://www.sanpaltd.com.tr;sanpaltd.com.tr;TET - Elektrik ve Elektronik İhracatçıları Birliği
ROLLSİS OTOMATİK KAPI VE KEPENK SİSTEM SAN. VE TİC. LTD. ŞTİ.;İST.BAĞCILAR GÜNEŞLİ BAĞLAR MAH.OSMANPAŞA CAD.N:45/A BAĞCILAR İSTANBUL;(212) 6020610;www.rolsis.com;rolsis.com;TET - Elektrik ve Elektronik İhracatçıları Birliği
ÇİMTAŞ ÇELİK İMALAT MONTAJ VE TESİSAT A. Ş.;BALMUMCU MAH. ZİNCİRLİKUYU YOLU ENKA-2BINASI NO.8 KAT:3 34349 BEŞİKTAŞ İSTANBUL;(224) 5190250;www.cimtas.com;cimtas.com;TET - Elektrik ve Elektronik İhracatçıları Birliği
X2 ENERJI TİCARET LIMITED SİRKETİ;SOĞANLIK YENİ MH. BALIKESİR CD. UPRISE ETLİTE SİTESİ NO:8G/2 GÜL BLOK B2A KARTAL İSTANBUL;(216) 2246577;www.x2enerji.com;x2enerji.com;TET - Elektrik ve Elektronik İhracatçıları Birliği
ACS HABERLEŞME TEKNOLOJİLERİ A.Ş.;HİLAL MAH. RABİNDRANATH TAGORE CAD.NO:48/4 ÇANKAYA ÇANKAYA ANKARA;(312) 4726276;http://www.acsteknoloji.com.tr;acsteknoloji.com.tr;TET - Elektrik ve Elektronik İhracatçıları Birliği
EMPATİ REKLAM GÖRSEL HİZMETLERİ ORGANİZASYON PROMOSYON GIDA VE TİCARET ANONİM ŞİRKETİ;KOŞUYOLU MAHALLESİ SALİH OMURTAK SOKAK KOŞUYOLU KADIKÖY İSTANBUL;(216) 3268834;www.empatireklam.com;empatireklam.com;TET - Elektrik ve Elektronik İhracatçıları Birliği
METEKS TELEFON VE TELEKOMÜNİKASYON SANAYİ VE TİCARET LİMİTED ŞİRKETİ;HÜSEYİNAĞA MAHALLESİ TARLABAŞI BULVARI NO:61 KAT:2 DAİRE:4 BEYOĞLU İSTANBUL;(212) 2493435;http://www.telefoncular.com;telefoncular.com;TET - Elektrik ve Elektronik İhracatçıları Birliği
BALO TİCARET TURİZM İTHALAT İHRACAT İNŞAAT VE SANAYİ ANONİM ŞİRKETİ;19 MAYIS MAH BÜYÜKDERE CAD CEVAHİR AVMN:22-4 C BLOK 1-2-3-4 ŞİŞLİ İSTANBUL;(212) 3801343;www.balo.com.tr;balo.com.tr;TET - Elektrik ve Elektronik İhracatçıları Birliği
FURİNOX ENDÜSTRİYEL MUTFAK MALZEMELERİ LİMİTED ŞİRKETİ;CAMİİ KEBİR MH BAHRİYE CD NO:51 BEYOĞLU İSTANBUL;(212) 2389779;www.furinoxindustrial.com;furinoxindustrial.com;TET - Elektrik ve Elektronik İhracatçıları Birliği
LABORTEKS ANALİTİK VE KALİTE KONTROLTEST CİHAZLARI SAN. TİC. LTD.ŞTİ.;İSTOÇ 31.ADA NO:48-50 BAĞCILAR İSTANBUL;(212) 6230000;www.laborteks.com.tr;laborteks.com.tr;TET - Elektrik ve Elektronik İhracatçıları Birliği
KLİNGER TURKEY ESNEK BAĞLANTI ELEMANLARI TİCARET VE SANAYİ A.Ş.;İSTANBUL ENDÜSTRİ VE TİCARET SERBEST BÖLGESİ 6. SOKAK NO:111/6 TUZLA İSTANBUL ORHANLI TUZLA İSTANBUL;(216) 5260886;www.intermetalflex.com;intermetalflex.com;TET - Elektrik ve Elektronik İhracatçıları Birliği
DCİ MAKİNA REVİZYON SANAYİ VE TİCARET LİMİTED ŞİRKETİ;ÇALI MAHALLESİ SARIYERLER CADDESİ NO:22 NİLÜFER BURSA;(224) 2436492;www.dci.com.tr;dci.com.tr;TET - Elektrik ve Elektronik İhracatçıları Birliği
HASEL UTU SAN. VE TIC.LTD.STI.;KATIP ÇELEBI CD. N:40/C FATİH İSTANBUL;02125207440;www.haselutu.com.tr;haselutu.com.tr;TET - Elektrik ve Elektronik İhracatçıları Birliği
YELKEN KALIP PENCERE KAPI AKSESUARLARI VE METAL SANAYİ TİCARET ANONİM ŞİRKETİ;BATTAL GAZİ MH AHMET HAŞİM CD NO:27/1 KIRAÇ ESENYURT İSTANBUL;(212) 7713443;www.yelken.com.tr;yelken.com.tr;TET - Elektrik ve Elektronik İhracatçıları Birliği
İSTANBUL MAKİNA VE OTOMASYON SİSTEMLERİ SAN. VE TİC. A. Ş.;İMES SAN SİT B BLOK 203 SK NO:7 ÜMRANİYE İSTANBUL;(216) 5266500;www.istanbulmakina.com.tr;istanbulmakina.com.tr;TET - Elektrik ve Elektronik İhracatçıları Birliği
INTEGRAL ELEKTRONIK SIS.SAN. V E TIC.LTD.STI.;GİRNE MAH. IRMAK SOK. YALI AŞ MER.G BLOK-39 KÜÇÜKYALI MALTEPE İSTANBUL;(216) 3884800;www.integralgrup.com;integralgrup.com;TET - Elektrik ve Elektronik İhracatçıları Birliği
HABAŞ SINAİ VE TIBBİ GAZLAR İSTİHSAL ENDÜSTRİSİ A.Ş.;FUATPASA SOK. NO.26 SOĞANLIK MAH. KARTAL İSTANBUL;(216) 4536400;www.habas.com.tr;habas.com.tr;TET - Elektrik ve Elektronik İhracatçıları Birliği
AKYUZLER INS.MALZ.SAN. VE TIC. LTD.STI.;PLASTİKÇİLER ORG. SAN. BÖL. 5. CADDENO. 3/1 GEBZE - KOCAELİ ZEYTİNBURNU İSTANBUL;(262) 7515150;www.akyuzlernalburiye.com.tr;akyuzlernalburiye.com.tr;TET - Elektrik ve Elektronik İhracatçıları Birliği
ANATOMİA SAĞLIK HİZMETLERİ LİMİTED ŞİRKETİ;FULYA MAH. MEVLÜT PEHLİVAN CAD. NO:23 34360 ŞİŞLİ İSTANBUL;(212) 2175000;www.anatomica.com.tr;anatomica.com.tr;TET - Elektrik ve Elektronik İhracatçıları Birliği
İNTERGRUP PLASMEK PLASTİK MAKİNALARI SANAYİ VE TİCARET LİMİTED ŞİRKETİ;DERİ OSB MAH. KROM CAD. NO:3 TUZLA İSTANBUL;;www.plasmek.com.tr;plasmek.com.tr;TET - Elektrik ve Elektronik İhracatçıları Birliği
BOTEK ELEKTRIK ELEKTRONIK VE OTOMASYON SAN.TIC.LTD.STI.;KEYAP ÇARŞI SİT.F1 BLOK NO.89 Y.DUDULLU/ YUKARIDUDULLU ÜMRANİYE İSTANBUL;(216) 5277531;www.botekotomasyon.com;botekotomasyon.com;TET - Elektrik ve Elektronik İhracatçıları Birliği
EKOL ELEKTRONİK TEKNOLJİ ÜRÜNLERİ PAZARLAMA VE TİCARET LİMİTED ŞİRKETİ;FERHATPAŞA MAHALLESİ 41.SK NO:51 ATAŞEHİR İSTANBUL;(216) 7553585;http://www.ekolavl.com;ekolavl.com;TET - Elektrik ve Elektronik İhracatçıları Birliği
BTAF PLASTIK RULMAN NANO TEKN.ÜRÜNL.ARGE SAN. VE TİC.LTD.ŞTİ;ARAP CAMI MAH/SEMT GALATA MAHKEMESI BEYOĞLU İSTANBUL;(212) 2436896;http://btafbearings.com/;btafbearings.com;TET - Elektrik ve Elektronik İhracatçıları Birliği
BURAK SAĞLIK ORTOPEDİK ÜRÜNLER SANAYİ VE TİCARET ANONİM ŞİRKETİ;TEVFİKBEY MAH. MUAMMER AKSOY CAD. NO:8/C KÜÇÜKÇEKMECE İSTANBUL;(212) 6522323;www.burakortopedik.com;burakortopedik.com;TET - Elektrik ve Elektronik İhracatçıları Birliği
TAHRIBATSIZ MALZ.MUAYENE SAN. VE TIC.LTD.STI.;GEMLIK KUCUK SAN SIT. B.BLOK.NO:12 GEMLİK BURSA;02245247325;www.tmmndt.com;tmmndt.com;TET - Elektrik ve Elektronik İhracatçıları Birliği
EMOS ELEKTRONİK MEDİKAL OPTİK SİS.İTH.İHR.SAN.TİC.LTD.ŞTİ;CİHANGİR MAH.E-5 YANYOL NO:203/4 AVCILAR İSTANBUL;(212) 6441860;www.emosoptik.com.tr;emosoptik.com.tr;TET - Elektrik ve Elektronik İhracatçıları Birliği
CNR SAĞLIK ÜRÜNLERİ VE BİLİŞİM SİSTEMLERİ TİCRET LİMİTED ŞİRKETİ;HALKALI MERKEZ MAH. 1.POSTA SOK. CADDE24 REZİDANS NO:12 OFİS:185 KÜÇÜKÇEKMECE İSTANBUL;(850) 3035754;http://www.cnrsaglik.com;cnrsaglik.com;TET - Elektrik ve Elektronik İhracatçıları Birliği
SARCAN MUH.ISITMA SOGU.HAV.INS TAAH.SAN.TIC.LTD.STI.;MERKEZ M.COBANCESME CD.NO:23 KAĞITHANE İSTANBUL;02122940168;www.sarcanmuhendislik.com;sarcanmuhendislik.com;TET - Elektrik ve Elektronik İhracatçıları Birliği
NİTRA ELEKTRONİK ENERJİ VE YENİLENEBİLİR ENERJİ SİSTEMLERİ İNŞAAT TURİZM SANAYİ VE TİCARET LTD. ŞTİ.;OSMAN YILMAZ MAH. 634 SK. NO:8/1 GEBZE KOCAELİ;(262) 6467752;www.nitra.com.tr;nitra.com.tr;TET - Elektrik ve Elektronik İhracatçıları Birliği
ÖNDER MÜHENDİSLİK SANAYİ TİCARET ANONİM ŞİRKETİ;SANAYİ MAH. KUZEY SOK. NO:16 İZMİT KOCAELİ;(262) 3354747;www.onder.com;onder.com;TET - Elektrik ve Elektronik İhracatçıları Birliği
GUSTO REKLAMCILIK A.Ş.;ALEMDAĞ MH 103 SOK NO:8 ÇEKMEKÖY İSTANBUL;(216) 3070680;www.gustoreklam.com;gustoreklam.com;TET - Elektrik ve Elektronik İhracatçıları Birliği
GÜRİŞ İŞ MAKİNALARI ENDÜSTRİ A. Ş.;CEVİZLİ TUGAY YOLU NO:8 MALTEPE İSTANBUL;02163050557;www.gurispazarlama.com;gurispazarlama.com;TET - Elektrik ve Elektronik İhracatçıları Birliği
EREN PVC VE ALÜMİNYUM SİSTEMLERİ ANONİM ŞİRKETİ;AKÇABURGAZ MH.HADIMKÖY YOLU CD.NO:120 ESENYURT İSTANBUL;(212) 6230450;www.winax.com;winax.com;TET - Elektrik ve Elektronik İhracatçıları Birliği
RTC TEC BAĞLANTI ELEMANLARI SANAYİ TİCARET A.Ş.;DERİ OSB MAHALLESİ, KADİFE CADDE, İSTANBUL DERİ OSB SİTESİ U-1A NO:2 TUZLA İSTANBUL;(216) 5934782;www.rtc-tec.com;rtc-tec.com;TET - Elektrik ve Elektronik İhracatçıları Birliği
BUZDOLABI DÜNYASI END.MUT.ÜR.PAZ.SAN.VE TİC.LTD.ŞTİ.;DAVUTPAŞA CAD. TİM 2 İŞM. NO.178 ZEYTİNBURNU İSTANBUL;(212) 5444853;www.buzdolabidunyasi.com;buzdolabidunyasi.com;TET - Elektrik ve Elektronik İhracatçıları Birliği
DECONORM YAPI SANAYI VE DIS TICARET ANONIM SIRKETI;KOZA MAH. 1641. SK. E1 BLOK NO: 12 ESENYURT İSTANBUL;;http://www.deconorm.com.tr;deconorm.com.tr;TET - Elektrik ve Elektronik İhracatçıları Birliği
SADERO TEKNOLOJI ILETISIM OTOMOTIV SANAYİ VE TICARET LİMİTED ŞİRKETİ;İKITELLI OSB MAH. ATATURK OTO SAN. SIT. SK. NO:561 BAŞAKŞEHİR İSTANBUL;(212) 4304444;http://www.sadero.com.tr;sadero.com.tr;TET - Elektrik ve Elektronik İhracatçıları Birliği
SY STARGAS LOKANTA MALZEMELERİ VE İTHALAT İHRACAT SANAYİ TİCARET LİMİTED ŞİRKETİ;MEHMET AKİF ERSOY MAH. 1826 SOK. NO:31/1 ESENYURT İSTANBUL;;www.systargas.com;systargas.com;TET - Elektrik ve Elektronik İhracatçıları Birliği
İBC DIŞ TİCARET ANONİM ŞİRKETİ;BARBAROS MAH.AK ZAMBAK SOK.UPHILL TOWERS NO:3A/139 ATAŞEHİR İSTANBUL;(212) 2170560;http://www.uskonsept.com.tr;uskonsept.com.tr;TET - Elektrik ve Elektronik İhracatçıları Birliği
MIKROTEK ELEKTRONIK SAN.VE TIC A.S.;1. SAN SİTESI 2827 SOK. NO.28/3 BORNOVA İZMİR;02324589273;www.mikrotek.com;mikrotek.com;TET - Elektrik ve Elektronik İhracatçıları Birliği
MARMARA TURBUN DENIZ VE KARA MAK.TEK.HIZM.SAN.VE TIC.LTD.ST;AYDINTEPE MAH.CAMI SOK.NO:17 TUZLA İSTANBUL;02163927653;www.marmaraturbun.com;marmaraturbun.com;TET - Elektrik ve Elektronik İhracatçıları Birliği
TERAMED TIBBİ VE TEKNİK HİZMETLER A.Ş;KENTKOOP MAH. 1859.CAD. ÖZGÜNKENT SİTESİ NO:24/A YENİMAHALLE ANKARA;(312) 6661656;www.teramed.com.tr;teramed.com.tr;TET - Elektrik ve Elektronik İhracatçıları Birliği
İMAJ ECZA DEPOSU MEDİKAL İTRİYAT SANAYİ VE TİCARET LİMİTED ŞİRKETİ;İVEDİK ORG.SAN.BÖL.AĞAÇİŞLERİ SAN.SİTESİ 1333.CADDE NO:46/A-1-3 YENİMAHALLE ANKARA;(312) 3263733;http://www.imajeczadeposu.com.tr;imajeczadeposu.com.tr;TET - Elektrik ve Elektronik İhracatçıları Birliği
BAŞKENT GRUP ECZA DEPOSU MEDİKAL ITRİYAT İTHALAT İHRACAT SANAYİ VE TİCARET LTD.ŞTİ.;AŞAĞI YAHYALAR MAH 982 CAD 7 C YENİMAHALLE ANKARA;(312) 3979900;www.baskentgrupecza.com.tr;baskentgrupecza.com.tr;TET - Elektrik ve Elektronik İhracatçıları Birliği
KUANTEK ELEKTRONİK ANONİM ŞİRKETİ;MUALLİMKÖY MAH., DENİZ CAD., NO:143/541410 GEBZE, KOCAELI, TÜRKİYE GEBZE KOCAELİ;;www.kuantek.com.tr;kuantek.com.tr;TET - Elektrik ve Elektronik İhracatçıları Birliği
BYSTRONİC LAZER VE BÜKME MAKİNELERİ SANAYİ VE TİCARET LİMİTED ŞİRKETİ;ŞERİFALİ MEVKİ BARBAROS CAD. NO:66 KAT:1 YUKARIDUDULLU ÜMRANİYE İSTANBUL;02164646160;www.bystronic.com;bystronic.com;TET - Elektrik ve Elektronik İhracatçıları Birliği
ARI ARITIM SANAYİ VE TİCARET LİMİTED ŞİRKETİ;ÖMERLİ MAH. HAKKI İLERİ CD. NO:76/A ARNAVUTKÖY İSTANBUL;(212) 7715800;www.aquafelix.com.tr;aquafelix.com.tr;TET - Elektrik ve Elektronik İhracatçıları Birliği
AFİLİ KOZMETİK SANAYİ VE TİCARET LİMİTED ŞİRKETİ;HALKALI MERKEZ MAH. ÇALIŞKAN SK. NO:1-1 KÜÇÜKÇEKMECE İSTANBUL;(212) 0000000;https://www.missliva.com;missliva.com;TET - Elektrik ve Elektronik İhracatçıları Birliği
CYBERNEX ELEKTRONİK SANAYİ VE TİCARET LİMİTED ŞİRKETİ;CUMHURİYET MAHALLESİ TURGUT ÖZAL BULVARI NO:72İÇ KAPI NO:30 SİLİVRİ İSTANBUL;(212) 0000000;http://www.cybernexglobal.com;cybernexglobal.com;TET - Elektrik ve Elektronik İhracatçıları Birliği
KAYI BİLİŞİM ELEKTRONİK ENERJİ MADENCİLİK VE DANIŞMANLIK LTD. ŞTİ.;İVEDİK OSB 2224. CAD. NO:1, TEKNOPARK ANKARA KAMPÜSÜ C BLOK, 10. KAT KAPI NO: C-1021 YENİMAHALLE ANKARA;(312) 9950095;http://www.iyi.com.tr;iyi.com.tr;TET - Elektrik ve Elektronik İhracatçıları Birliği
LEMSER YUREKLI MUH.DAN.ELEKT. TIC.LTD.STI.;İKİTELLİ OSB METALİŞ SAN. SİT. NO.31 BAŞAKŞEHİR İSTANBUL;;www.lemser.com;lemser.com;TET - Elektrik ve Elektronik İhracatçıları Birliği
ŞARK AYDINLATMA VE HEDİYELİK EŞYA SANAYİ TİCARET LİMİTED ŞİRKETİ;ESENTEPE MAH. 2850 SOKAK ERTÜRK APT. NO : 26-32A SULTANGAZİ İSTANBUL;(212) 6680157;www.sarkaydinlatma.com;sarkaydinlatma.com;TET - Elektrik ve Elektronik İhracatçıları Birliği
MARMARA TRAKYA REDÜKTÖR MOTOR SANAYİ TİCARET LİMİTED ŞİRKETİ;CEMALİYE MAH. SARAY CAD. NO:57 ÇORLU TEKİRDAĞ;(282) 6543244;http://www.marmarareduktor.com.tr;marmarareduktor.com.tr;TET - Elektrik ve Elektronik İhracatçıları Birliği
TUNA SUNER;1830 SOKAK NO:8 D:3 KARŞIYAKA/İZMİR KARŞIYAKA İZMİR;;www.smartaydinlatma.com;smartaydinlatma.com;TET - Elektrik ve Elektronik İhracatçıları Birliği
MEGAMAK DIŞ TİC.LTD.ŞTİ.;ADNAN KAHVECİ MAH. YAVUZ SULTAN SELİM BUL. UMUT 2 BLOK NO:6 D:4 BEYLİKDÜZÜ İSTANBUL;(212) 8550204;www.megemak.net;megemak.net;TET - Elektrik ve Elektronik İhracatçıları Birliği
ALKİD KİMYA SANAYİ ANONİM ŞİRKETİ;AYDINLI SB. MAHALLESİ MATRAŞ CADDESİ NUZHETKODALAK NO:7 İÇ KAPI NO:406 TUZLA İSTANBUL;(242) 3451678;www.alkid.net;alkid.net;TET - Elektrik ve Elektronik İhracatçıları Birliği
KGD GRAFİT METAL VE ENDÜSTRİ MALZEMELERİ SANAYİ TİCARET LİMİTED ŞİRKETİ;TEPEÖREN MH. ESKİ ANKARA ASFALTI CD. TGM SAN. SİT. G BLOK NO:204/7 TUZLA İSTANBUL;(216) 3788711;www.kgd.com.tr;kgd.com.tr;TET - Elektrik ve Elektronik İhracatçıları Birliği
ZİNDE MÜŞAVİRLİK MÜHENDİSLİK LİMİTED ŞİRKETİ;MAHMUTBEY MAH. TAŞOCAĞI YOLU CAD. NO:3 K:5 D:88 BAĞCILAR İSTANBUL;(212) 5063488;http://www.zindemuhendislik.com.tr;zindemuhendislik.com.tr;TET - Elektrik ve Elektronik İhracatçıları Birliği
U.P.S.ELEKTRONIK TICARET A.Ş.;DUDULLU ORG. SAN. BÖL. 101 SOK.DES SAN. SİTESİ NO:42 ÜMRANİYE İSTANBUL;02164669550;www.riello-ups.com.tr;riello-ups.com.tr;TET - Elektrik ve Elektronik İhracatçıları Birliği
ARITIM MÜHENDİSLİK İNŞAAT SANAYİ VE TİCARET LİMİTED ŞİRKETİ;ERGENEKON CAD. PINAR APT. NO:31/7 BOZKURT 34375 ŞİŞLİ İSTANBUL;(212) 2580353;www.aritim.com;aritim.com;TET - Elektrik ve Elektronik İhracatçıları Birliği
İNDEKS SERAMİK SANAYİ VE TİCARET LİMİTED ŞİRKETİ;FİRÜZKÖY MAH. FİRÜZKÖY BULVARI BLV. 116 A AVCILAR İSTANBUL;(212) 4280015;www.indexbm.com;indexbm.com;TET - Elektrik ve Elektronik İhracatçıları Birliği
MERPA BILGI ISLEM LTD.STI.;GULBAHAR MAH.GULBAG CAD. NO.22/5 ŞİŞLİ İSTANBUL;02122133873;www.merpazar.com;merpazar.com;TET - Elektrik ve Elektronik İhracatçıları Birliği
YÜNEL ELOKTROMEKANİK SİSTEM VE TES. SAN. LTD. ŞTİ.;ANKARA CANKIRI YOLU 26.KM AKYURT ANKARA;03128475201;www.yunel.com;yunel.com;TET - Elektrik ve Elektronik İhracatçıları Birliği
RMS KONTROL MÜHENDİSLİK SAN VE TİCARET LİMİTED ŞİRKETİ;ALAADDİNBEY MAH. 614. SK A BLOK NO:18D NİLÜFER BURSA;(224) 5028022;http://www.rmskontrol.com;rmskontrol.com;TET - Elektrik ve Elektronik İhracatçıları Birliği
MURA PLUS MAKİNE SAN. VE TİC. A.Ş.;I.OS.B.SÜLEYMAN DEMİREL BULV.HESKOP İŞ MODERN SAN.SİT.I BLOK K:2 N:31 BAŞAKŞEHİR İSTANBUL;(212) 6010130;www.muraplus.com;muraplus.com;TET - Elektrik ve Elektronik İhracatçıları Birliği
BMED İLAÇ DANIŞMANLIK SAĞLIK ÜRÜN VE HİZMETLERİ TİCARET LİMİTED ŞİRKETİ;BEŞTEPE MAHALLESİ , NERGİZ SOKAK , NO:7/2 İÇ KAPI YENİMAHALLE ANKARA;(312) 2197080;http://www.bmed.com.tr;bmed.com.tr;TET - Elektrik ve Elektronik İhracatçıları Birliği
HACH LANGE SU ANALIZ SIS.LTD. STI.;ARMAN PLAZA HILAL MH.75. SK.NO:9/A ÇANKAYA ANKARA;03124409898;www.hach-lange.com.tr;hach-lange.com.tr;TET - Elektrik ve Elektronik İhracatçıları Birliği
TMD TURKEY YAPI ANONİM ŞİRKETİ;GÖZTEPE MH. BATIŞEHİR CD. NO:2/151 BAĞCILAR İSTANBUL;(212) 6592380;www.torkam.com.tr;torkam.com.tr;TET - Elektrik ve Elektronik İhracatçıları Birliği
ÇADIRCI KALIP PLASTİK ENJEKSİYON SAN. VE TİC. LTD.ŞTİ.;İPKAS SAN. SİT. 4.BLOK NO:13/158 BAŞAKŞEHİR İSTANBUL;(212) 5498473;www.cadircikalip.com;cadircikalip.com;TET - Elektrik ve Elektronik İhracatçıları Birliği
BC FİBER OPTİK SAN.VE TİC. A.Ş;YÜZER HAVUZ SK. NO:1/1 PERPA TİCARET MERKEZİ A BLOK K.11 NO.1588 HALİL RIFAT PAŞA 34384 ŞİŞLİ, İSTAN ŞİŞLİ İSTANBUL;(212) 7093202;www.bcfiber.com;bcfiber.com;TET - Elektrik ve Elektronik İhracatçıları Birliği
DUNA DIS TICARET LTD.STI.;PERPA TICARET MERKEZI B BLOKK.2 NO.75 ŞİŞLİ İSTANBUL;02122227220;www.duna.com.tr;duna.com.tr;TET - Elektrik ve Elektronik İhracatçıları Birliği
SUPERKİM KİMYA SANAYİ VE TİCARET ANONİM ŞİRKETİ;İNÖNÜ MAHALLESİ 139 SOKAK NO:44 TORBALI İZMİR;;www.superkim.com.tr;superkim.com.tr;TET - Elektrik ve Elektronik İhracatçıları Birliği
LASERPAN MUTFAK EŞYALARI İÇ VE DIŞ TİCARET LİMİTED ŞİRKETİ;HALİL RIFAT PAŞA MH YÜZER HAVUZ SK NO:1 PERPA TİC MERKEZİ B BLOK 12. KAT NO:2049 ŞİŞLİ İSTANBUL;(212) 2204088;www.laserpan.com;laserpan.com;TET - Elektrik ve Elektronik İhracatçıları Birliği
MARİNEL ELEKTRİK ELEKTRONİK SAN. VE TİC.LTD.ŞTİ.;TERSANELER BÖL. AYDINTEPE MAH SAHİLYOLU CAD NO ÖZEK İŞ MRK C-BLOK NO 1 TUZLA İSTANBUL;(216) 5072084;www.marinel.com.tr;marinel.com.tr;TET - Elektrik ve Elektronik İhracatçıları Birliği
MİMTEK MAKİNA SAN.VE TİC.A.Ş.;RAMAZANOĞLU MAH. TRANSTEK CAD. NO:14/1KURTKÖY PENDİK İSTANBUL;(216) 3139393;www.mimtekmakina.com;mimtekmakina.com;TET - Elektrik ve Elektronik İhracatçıları Birliği
ALBA MAKİNA SANAYİ VE TİCARET LTD.ŞTİ.;GUNESLI EVREN M.HALKALICD.SEHER SK.NO:1 BAĞCILAR İSTANBUL;02126568606;www.albamakina.com;albamakina.com;TET - Elektrik ve Elektronik İhracatçıları Birliği
DEKORAY SAHNE SİSTEMLERİ SANAYİ VE TİCARET LİMİTED ŞİRKETİ;MEHMET AKİF ERSOY MAH. OYMA AĞAÇ SK. NO: 13 A KAĞITHANE İSTANBUL;(212) 2210204;http://www.dekorayperde.com;dekorayperde.com;TET - Elektrik ve Elektronik İhracatçıları Birliği
FEREL ELEKTRONİK SANAYİ TİCARET A.Ş.;SELİMPAŞA SAN. BÖLGE MERKEZ MAH. 705 CAD. 5008 SOKNO:11 SİLİVRİ İSTANBUL;(212) 7235500;www.ferel.com.tr;ferel.com.tr;TET - Elektrik ve Elektronik İhracatçıları Birliği
NOVA PLASTIK SANAYI VE TICARET A.S.;MURATPAŞA MH ULUYOL CD İSTANBUL TOWER NO:17-19 K:10/48 BAYRAMPAŞA İSTANBUL;(212) 6124243;www.novaplastik.com;novaplastik.com;TET - Elektrik ve Elektronik İhracatçıları Birliği
LANDERS ALÜMİNYUM SANAYİ VE REKLAM MALZEMELERİ ÜRETİM PAZARLAMA TİCARET LİMİTED ŞİRKETİ;HURRIYET MAH. AKGÜN SK. NO:11 KAĞITHANE İSTANBUL;(212) 2192420;www.landers.com.tr;landers.com.tr;TET - Elektrik ve Elektronik İhracatçıları Birliği
REDSUN ENERJİ ANONİM ŞİRKETİ;CEVİZLİ MAH. ZUHAL CAD. RİTİM İSTANBUL A5 BLOK NO: 46 E İÇ KAPI NO: 179 MALTEPE İSTANBUL;(216) 6065789;http://redsun.com.tr;redsun.com.tr;TET - Elektrik ve Elektronik İhracatçıları Birliği
DERİN ÖLÇÜM ENERJİ SANAYİİ TİCARET LİMİTED ŞİRKETİ;ALTAYÇEŞME MAH EFEBOZ SOKAK FREELAND PLAZA KAT:4 DAİRE 22 MALTEPE İSTANBUL;(850) 5327376;http://www.derinenerji.com.tr;derinenerji.com.tr;TET - Elektrik ve Elektronik İhracatçıları Birliği
ENFA DIŞ TİC.VE DANIŞMANLIK LTD.ŞTİ.;ÇOBANÇEŞME MAH. SAN. CAD. NISH İSTANBUL C BLOK .NO.44/75 BAHÇELİEVLER İSTANBUL;(212) 5920876;www.enfa.com.tr;enfa.com.tr;TET - Elektrik ve Elektronik İhracatçıları Birliği
ENOVA ENDÜSTRİYEL MUTFAK EKİPMANLARI SANAYİ VE TİCARET LİMİTED ŞİRKETİ;YEŞİLOVA MH E5 YAN YOLU CD NO:62/A KÜÇÜKÇEKMECE İSTANBUL;(212) 4382165;www.enovaendustriyel.com.tr;enovaendustriyel.com.tr;TET - Elektrik ve Elektronik İhracatçıları Birliği
BİG OCEAN TEKNOLOJİ DIŞ TİCARET ANONİM ŞİRKETİ;PROF. DR. AHMET TANER KIŞLALI MAH. BEYLERCAD. NO:21/A ÇANKAYA ANKARA;(312) 0000000;www.bigocean.info;bigocean.info;TET - Elektrik ve Elektronik İhracatçıları Birliği
SERİSTA MÜHENDİSLİK MÜŞAVİRLİK ELEKTRİK SANAYİ VE TİCARET LİMİTED ŞİRKETİ;FEVZİÇAKMAK MAH.10753. SK. A BLOK 36 F KARATAY KONYA;(332) 2359141;www.serista.com.tr;serista.com.tr;TET - Elektrik ve Elektronik İhracatçıları Birliği
MAT KAGITCILIK SANAYI VE TICARET A.S.;4.LEVENT OTO SAN.SIT.YEŞILCEMAH. EMEKTAR S. N:5 KAĞITHANE KAĞITHANE İSTANBUL;02122700595;www.matkagit.com;matkagit.com;TET - Elektrik ve Elektronik İhracatçıları Birliği
SIRIUS LABORATUVAR TEST EKİPMANLARI SANAYİ VE TİCARET LİMİTED ŞİRKETİ;İKİTELLİ OSB MAH.ESENLER SAN.SİT.ORTAKLAR İŞ MRK.B BLOK N.1/53 BAŞAKŞEHİR İSTANBUL;(212) 5496371;http://siriuslaboratuvar.com;siriuslaboratuvar.com;TET - Elektrik ve Elektronik İhracatçıları Birliği
TEKTEM MAKİNA SANAYİ VE TİCARET A.Ş.;YILANLI AYAZMA YOLUMERKEZ EFENDI MAH. NO.23 K.2 MALTEPE İSTANBUL;02164810000;www.mavimakina.com;mavimakina.com;TET - Elektrik ve Elektronik İhracatçıları Birliği
ZETA DIŞ TİCARET İTHALAT İHRACAT PAZARLAMA TİCARET LİMİTED ŞİRKETİ;MECİDİYEKÖY MH BÜYÜKDERE CD KUĞU İS HANI NO:81/3 ŞİŞLİ İSTANBUL;(212) 2747144;www.zetacompany.com;zetacompany.com;TET - Elektrik ve Elektronik İhracatçıları Birliği
YURSAT MÜHENDİSLİK DIŞ TİCARET SANAYİ LİMİTED ŞİRKETİ;YENİ KAHRAMAN MAHALLESİ 4. KANTAR SOKAK NO:2/505 OSMANGAZİ BURSA;(224) 2400304;www.yursat.com.tr;yursat.com.tr;TET - Elektrik ve Elektronik İhracatçıları Birliği
GÜL PRES DÖKÜM SANAYİ ANONİM ŞİRKETİ;BİRLİK SAN SİT 3 CD KELEŞOĞLU PLAZA KAT:1 NO:3/37 BEYLİKDÜZÜ İSTANBUL;(212) 8753167;www.gpd.com.tr;gpd.com.tr;TET - Elektrik ve Elektronik İhracatçıları Birliği
ALİZE OTOMASYON VE MÜH.SAN.TİC.LTD.ŞTİ.;MADENLER MAH.KURUKAYA SOK.NO:28 ÜMRANİYE İSTANBUL;(216) 5406370;www.alize.com.tr;alize.com.tr;TET - Elektrik ve Elektronik İhracatçıları Birliği
AKDENİZ SERGİLEME VE RAF SİSTEMLERİ İTHALAT İHRACAT TİC. LTD. ŞTİ.;AGACISLERI SAN.BASKISLA SOK.74 SELÇUKLU KONYA;03322366166;www.akdenizhali.com;akdenizhali.com;TET - Elektrik ve Elektronik İhracatçıları Birliği
TRAKYA DÖKÜM SANAYİ VE TİCARET ANONİM ŞİRKETİ;FULYA MH BÜYÜKDERE CD NO:38/2 ŞİŞLİ İSTANBUL;(212) 3155240;www.trakyadokum.com;trakyadokum.com;TET - Elektrik ve Elektronik İhracatçıları Birliği
TURKMET TEST DENEY KALİBRASYON MUAYENE SAĞLIK HİZMETLERİ MÜH.BİLG.YAZ.İMAL.İTH.İHR.SAN.VE TİC.A.Ş.;OSTİM OSB MAH. 1151 SK. NO: 93 YENİMAHALLE ANKARA;(312) 4739990;http://www.turkmet.com.tr;turkmet.com.tr;TET - Elektrik ve Elektronik İhracatçıları Birliği
MAVİALARM KAMERA VE GÜVENLİK TEKNOLOJİLERİ TİCARET LTD ŞTİ.;CUMHURİYET MAHALLESİ KARTAL CAD. NAZ SOK. NO.4 KARTAL İSTANBUL;(216) 4880888;www.mavialarm.com;mavialarm.com;TET - Elektrik ve Elektronik İhracatçıları Birliği
EFOR SES VE IŞIK SİSTEMLERİ PAZARLAMA TİCARET LTD. ŞTİ.;ŞERİFALİ MAH.MEVDUDİ SOK.NO:5-1 ÜMRANİYE İSTANBUL;;www.oswsa.com.tr;oswsa.com.tr;TET - Elektrik ve Elektronik İhracatçıları Birliği
FORM ATILIM MAKINE TIC.LTD.STI;DOLMABAHÇE C. ETI IŞ HANI NO:63 K:5 BEŞİKTAŞ İSTANBUL;02122278061;www.formmak.com;formmak.com;TET - Elektrik ve Elektronik İhracatçıları Birliği
SÜLEYMAN MANAV;BARIŞ MAH.B.O.S.B BİRLİK SAN.SİT.5.CAD 17BLOK BEYLİKDÜZÜ İSTANBUL;(212) 8769980;www.tarentorim.com;tarentorim.com;TET - Elektrik ve Elektronik İhracatçıları Birliği
PB DELTA GRUP ORGU SAN.VE TIC. LTD.STI.;ŞEREFALİ MH SERDİVAN SK NO:21 ÜMRANİYE İSTANBUL;(216) 4200345;www.pbdelta.com.tr;pbdelta.com.tr;TET - Elektrik ve Elektronik İhracatçıları Birliği
YILDIZ ENTEGRE AĞAÇ SANAYİ VE TİCARET A.Ş.;ARSLANBEY OSB MAH. NO:13 KARTEPE KOCAELİ;(262) 3166100;www.yildizentegre.com;yildizentegre.com;TET - Elektrik ve Elektronik İhracatçıları Birliği
MMT TANITIM TASARIM ORG.TİC.LTD.ŞTİ.;HAMİDİYE MH.KEMERBURGAZ CD.NO:168A/1 KAĞITHANE İSTANBUL;(212) 2943862;www.mmttanitim.com.tr;mmttanitim.com.tr;TET - Elektrik ve Elektronik İhracatçıları Birliği
PERMUN SAAT MÜCEVHER VE AKSESUAR SAN. TİC. LTD. ŞTİ.;A.MENDERES M.MUDANYA YOLU 9.KM KORUPARK AVM2/86 OSMANGAZİ BURSA;(224) 2413131;www.permun.com;permun.com;TET - Elektrik ve Elektronik İhracatçıları Birliği
PETEK KİMYA VE METAL SAN. TİC. LTD.ŞTİ.;İKİTELLİ ORG. SANAYİ BÖLGESİ GALVANO TEKNİK SAN. SİT. D BLOK NO:20 İKİTELLİ BAŞAKŞEHİR İSTANBUL;(212) 5492959;www.petekkimya.com;petekkimya.com;TET - Elektrik ve Elektronik İhracatçıları Birliği
SERKAN SEVİNDİK;ATAKENT MH 219 SK NO:13/8 KÜÇÜKÇEKMECE İSTANBUL;;www.serkansevindik.com;serkansevindik.com;TET - Elektrik ve Elektronik İhracatçıları Birliği
ÖZDOĞANPLAST PLASTİK VE KİMYEVİ MADDE PAZARLAMA SANAYİ VE TİCARET LİMİTED ŞİRKETİ;KEMALPASA ORG.SAN.BOLGESI 16SK. N:12 KEMALPAŞA İZMİR;02328772080;www.ozdoganplast.com;ozdoganplast.com;TET - Elektrik ve Elektronik İhracatçıları Birliği
ONKA KAUÇUK CONTA SAN. VE TİC. LTD. ŞTİ.;VATAN MAH.ÇİFTEHAVUZLAR CAD.SERDAR SOK.NO:17/A BAYRAMPAŞA İSTANBUL;(212) 6127688;www.onkakaucuk.com.tr;onkakaucuk.com.tr;TET - Elektrik ve Elektronik İhracatçıları Birliği
MEDIKAL 2000 TIBBI CIH.VE ILER TEK.SAN.VE TIC.A.S.;BÜYÜKKAYACIK OSB MAHALLESİ T. ZİYAEDDİN AKBULUT CADDESİ FABRİKA ÜRETİM APARTMANI NO:19-A-1 SELÇUKLU KONYA;;www.medikal2000.com.tr;medikal2000.com.tr;TET - Elektrik ve Elektronik İhracatçıları Birliği
AB İNTERNATİONAL OTOMASYON DIŞ TİCARET ANONİM ŞİRKETİ;İSMETPAŞA MAH.ABDİ İPEKÇİ CAD.NO 129/A BAYRAMPAŞA İSTANBUL;(212) 6748060;http://www.abmarketotomasyon.com;abmarketotomasyon.com;TET - Elektrik ve Elektronik İhracatçıları Birliği
KÜÇÜKLER UYDU SİST.ELEK.ELEKTR SAN.VE TİC.LTD.ŞTİ.;TUZLA MERMERCILER ORG.SAN.BOLGAYDINLI MAH.CADDE 6 84 PARS. İSTANBUL;02165930151;www.kucukleruydu.com;kucukleruydu.com;TET - Elektrik ve Elektronik İhracatçıları Birliği
NET VİZYON BİLGİ İŞLEM A.Ş.;MECİDİYEKÖY MAH. CEMAL SAHİR SOK.POLAT M.KÖY İŞ MERKEZİ NO:29 D:25 MECİDİYEKÖY ŞİŞLİ İSTANBUL;(212) 3549000;www.netvizyon.biz;netvizyon.biz;TET - Elektrik ve Elektronik İhracatçıları Birliği
WHITEWAY TEKNOLOJİ DIŞ TİC. LTD. ŞTİ;KÜLTÜR MH VİŞNE ÇIKMAZİ SK NO:1/13 ETİLER BEŞİKTAŞ İSTANBUL;(212) 3515163;www.whitewaytechnology.com.tr;whitewaytechnology.com.tr;TET - Elektrik ve Elektronik İhracatçıları Birliği
HUSMEN BAYKAL AKUMULATOR SAN. VE TIC. LTD. STI.;SARIGÖL MH. ORDU CD. NO:72 GAZİOSMANPAŞA İSTANBUL;02124184904;www.husmenbaykal.com.tr;husmenbaykal.com.tr;TET - Elektrik ve Elektronik İhracatçıları Birliği
OZAK MAKİNA OTOMASYON SANAYİ VE TİCARET LİMİTED ŞİRKETİ;ESENYALI MAH.YANYOL CAD.VARYAP PLAZA NO:61 İÇ KAPINO:247 PENDİK İSTANBUL;(216) 0000000;http://ozakmakinaotomasyon.com.tr;ozakmakinaotomasyon.com.tr;TET - Elektrik ve Elektronik İhracatçıları Birliği
TARANTO PLASTIK VE GALVANO CIHAZLARI SAN.VE TIC.LTD.STI.;ZİYA GÖKALP BULV.TURGUT ÖZAL CAD. NO:8/407 İKİTELLİ BAŞAKŞEHİR İSTANBUL;(212) 6717753;www.tarantogalvano.com;tarantogalvano.com;TET - Elektrik ve Elektronik İhracatçıları Birliği
MEVPA İÇ VE DIŞ TİCARET LTD ŞTİ;İSTOÇ TİC. MERKEZİ 8. ADA NO:47-49 MAHMUTBEY BAĞCILAR İSTANBUL;(212) 6590721;www.mevpa.com.tr;mevpa.com.tr;TET - Elektrik ve Elektronik İhracatçıları Birliği
META ENDÜSTRİYEL MUTFAK VE SOĞUTMA EKİPMANLARI SAN. TİC. LTD. ŞTİ.;YENİMAHALLE CEBECİ NO:74/A GAZİOSMANPAŞA İSTANBUL;(212) 6173035;www.metamutfak.com;metamutfak.com;TET - Elektrik ve Elektronik İhracatçıları Birliği
TEZGÜLLER MAKINA VE KALIP İNŞAAT SANAYİ TICARET LİMİTED SİRKETI;Y.DUDULLU 2.CAD.NO.19 ORGANIZESANAYI BOLGESI ÜMRANİYE İSTANBUL;02163642103;www.tezguller.com.tr;tezguller.com.tr;TET - Elektrik ve Elektronik İhracatçıları Birliği
MODISAN MOTOR DINAMO KOMURLERI SAN.TIC.LTD.STI.;RAMI KIŞLA CD.117 GÜNTAŞ SAN.SİT.TOPÇULAR BAYRAMPAŞA İSTANBUL;(212) 5015161;www.modisan.com.tr;modisan.com.tr;TET - Elektrik ve Elektronik İhracatçıları Birliği
AYKOM DIŞ TİCARET ANONİM ŞİRKETİ;ÇERKEŞLİ OSB MAH. İMES-16 CAD. 4/1 DİLOVASI KOCAELİ;(262) 2325609;www.aykom.net;aykom.net;TET - Elektrik ve Elektronik İhracatçıları Birliği
FELİMARE MÜHENDİSLİK VE DIŞ TİCARET LİMİTED ŞİRKETİ;BOSTANLI MAH. HÜSEYİN YURTTAŞ SOK.NO:37/1 BORNOVA İZMİR;(232) 3366272;www.felimare.com;felimare.com;TET - Elektrik ve Elektronik İhracatçıları Birliği
FOREX EKSTRÜZYON KALIP LTD ŞTİ.;ŞEKERPINAR MH AYÇA SK NO:44/3 ÇAYIROVA KOCAELİ;(262) 5039216;www.forexdie.com;forexdie.com;TET - Elektrik ve Elektronik İhracatçıları Birliği
LAMASAT GROUP DIŞ TİCARET SANAYİ LİMİTED ŞİRKETİ;ALİKUŞÇU MAHALLESİ MACAR KARDEŞLER CADDE NO:40/21 FATİH İSTANBUL;(212) 0683027;www.lamasatgrup.com;lamasatgrup.com;TET - Elektrik ve Elektronik İhracatçıları Birliği
EFT TEKNİK ENDÜSTRİYEL SAN.VE TİC.LTD.ŞTİ.;KARABAŞ MAH.CUMHURİYET CAD.NO:180/4 İZMİT KOCAELİ;(262) 3323111;www.eftteknik.com.tr;eftteknik.com.tr;TET - Elektrik ve Elektronik İhracatçıları Birliği
NEJAT SABUNCU MAKİNE TİCARET VE SANAYİ A.Ş.;MITHATPAŞA MAH.ORKIDE SK.NO.4 K:1 KEMERBURGAZ EYÜP İSTANBUL;(212) 3602430;www.granitcenter.com;granitcenter.com;TET - Elektrik ve Elektronik İhracatçıları Birliği
BANT BORU SAN.VE TİC. A.Ş.;GEBZE ORGANIZE SANAYI BÖL.IHSANDEDE CAD. 700.SOK NO:710-712 GEBZE KOCAELİ;(262) 6774700;www.bantboru.com;bantboru.com;TET - Elektrik ve Elektronik İhracatçıları Birliği
DEMORA FABRIKA IM.SAN.VE TIC.LTD.STI.;KALE KÖYÜ ORGANİZE. SANAYİ BÖL. BUKET SOKAK NO:4/1 78000 KARABÜK, KARABÜK, TÜRKİYE KARABÜK KARABÜK;(370) 4476283;www.demora.com.tr;demora.com.tr;TET - Elektrik ve Elektronik İhracatçıları Birliği
BAYRAKLAR MAKSAN ENDÜSTRİYEL ISI SİSTEMLERİ SANAYİ TİCARET LİMİTED ŞİRKETİ;HATİP MAH.SARISALKIM 3.SOK.NO:1 ÇORLU TEKİRDAĞ;(282) 5706820;http://www.bayraklarmaksan.com;bayraklarmaksan.com;TET - Elektrik ve Elektronik İhracatçıları Birliği
LALEZAR MUTFAK EŞYALARI VE EV GEREÇLERİ DIŞ TİC. LTD. ŞTİ.;MAHMUTBEY MH İSTOÇ 11 ADA 2430 SK NO:115-117 BAĞCILAR İSTANBUL;(212) 6598490;www.lalezarev.com;lalezarev.com;TET - Elektrik ve Elektronik İhracatçıları Birliği
MUTLU ANKASTRE SANAYİ LİMİTED ŞİRKETİ;İKİTELLİ OSB BAĞCILAR GÜNGÖREN SAN. SİT. 10.BLOK N BAŞAKŞEHİR İSTANBUL;(212) 5497539;www.mutlu.ltd;mutlu.ltd;TET - Elektrik ve Elektronik İhracatçıları Birliği
SS PROJE MÜHENDİSLİK SANAYİ VE TİCARET LİMİTED ŞİRKETİ;EKİNOBA MAH.MUSTAFA KEMAL BULV HAZAL SİT.D BLOK NO7/3 D:61 BÜYÜKÇEKMECE İSTANBUL;(212) 8636195;www.ss-proje.com;ss-proje.com;TET - Elektrik ve Elektronik İhracatçıları Birliği
M.E.P. TEKNIK ELEKTRIK INS. TURIZM GIDA TICARET LTD.STI.;AKSE MAH. 552 SOKAK NO:49 ÇAYIROVA KOCAELİ;(262) 6581414;www.mepteknik.com;mepteknik.com;TET - Elektrik ve Elektronik İhracatçıları Birliği
DERMA PLASTIK MAK.SANAYI VE TICARET LTD.STI.;METAL İŞ SANAYİ SİTESİ 13A BLOK NO:9/1 İKİTELLİ BAŞAKŞEHİR İSTANBUL;(212) 5767076;http://www.der-san.com;der-san.com;TET - Elektrik ve Elektronik İhracatçıları Birliği
RİVAL PAZARLAMA DIŞ TİC. LTD. ŞTİ.;ACIDERE MAH. O.S.B.ÇANAKKALE CAD.NO:24/A SARIÇAM ADANA;(322) 4283821;www.rivalmetal.com;rivalmetal.com;TET - Elektrik ve Elektronik İhracatçıları Birliği
ZÜMRÜT KAĞITÇILIK PLASTİK AMBALAJ VE GIDA SANAYİ VE DIŞ TİCARET LİMİTED ŞİRKETİ;ISTOÇ SAN. SITESI 17 ADA NO:38 BAĞCILAR İSTANBUL;(212) 6599005;www.zumrutkagit.com;zumrutkagit.com;TET - Elektrik ve Elektronik İhracatçıları Birliği
ASİST OTO YEDEK PARÇA SANAYİ VE TİCARET ANONİM ŞİRKETİ;YENİDOĞAN MH KIZILAY SK NO:39 ZEMİN KAT BAYRAMPAŞA İSTANBUL;(212) 4673636;www.asisthizmet.com;asisthizmet.com;TET - Elektrik ve Elektronik İhracatçıları Birliği
NET MAK METAL MAKINA SANAYI VE TICARET LTD.STI.;FATİH SULTAN MEHMET MAH.GÖKÇİN SOK. NO:6 ÜMRANİYE İSTANBUL;02163642400;www.netmak.com.tr;netmak.com.tr;TET - Elektrik ve Elektronik İhracatçıları Birliği
TACHO-ME MEDİKAL SAĞLIK HİZ.İÇ.VE DIŞ TİCARET LTD .ŞTİ.;BATI SİTESİ MAHALLESİ TAHSİN KAHRAMAN CADDESİ NO:5 YENİMAHALLE ANKARA;(312) 2618231;www.tachomed.com;tachomed.com;TET - Elektrik ve Elektronik İhracatçıları Birliği
İLPEN KALEMCİLİK PLASTİK SANAYİ VE TİCARET LİMİTED ŞİRKETİ;YAVASCA SAHIN S. KRISTAL HAN3/206 İSTANBUL;02125280294;www.ilpen.com.tr;ilpen.com.tr;TET - Elektrik ve Elektronik İhracatçıları Birliği
ÇAĞDAŞ KALIP MAK. SAN. VE TİC.LTD.ŞTİ.;İSTİKLAL KURTPINAR MAH. ATATÜRK CAD. 132M1/15 MURATLI TEKİRDAĞ;(282) 3616563;www.cagdaskalipmakine.com;cagdaskalipmakine.com;TET - Elektrik ve Elektronik İhracatçıları Birliği
BİOMALZEME METAL MAKİNE SAĞLIK İNŞAAT İMALAT SANAYİ VE TİCARET LİMİTED ŞİRKETİ;İVEDİKOSB MAHALLESİ 1480 CAD. NO: 7 YENİMAHALLE ANKARA;(312) 3941097;http://www.biomalzeme.com.tr;biomalzeme.com.tr;TET - Elektrik ve Elektronik İhracatçıları Birliği
THERA BİLGİ TEKNOLOJİLERİ TİC.LTD.ŞTİ.;EGS BUSİNESS PARK BLOKLARI YEŞİLKÖYM. ATATÜRK C. 12/1 B1 BLOK K5 N230-34149 YEŞİLKÖY BAKIRKÖY İSTANBUL;(212) 4657274;www.thera.com.tr;thera.com.tr;TET - Elektrik ve Elektronik İhracatçıları Birliği
SAPAR MAK.HIRD.HID.PNOMATIK SI S.END.MALZ.SAN.TIC.LTD.STI.;SULTAN ORHAN MAH.YENİ BAGDAT CAD.NO:482/A GEBZE KOCAELİ;02626441031;www.saparmakina.com.tr;saparmakina.com.tr;TET - Elektrik ve Elektronik İhracatçıları Birliği
DURLUM TAVAN VE AYDINLATMA SİSTEMLERİ SAN. VE TİC.A.Ş.;ATATÜRK CAD. SONER SK. NO 51 CBLOK - 113 MECLİS SANCAKTEPE İSTANBUL;(216) 6882113;www.durlum.com.tr;durlum.com.tr;TET - Elektrik ve Elektronik İhracatçıları Birliği
SAH METAL PERDE AKSESUAR VE DEK.SAN.TIC.LTD.STI.;ESENKENT MH BUYRUK SK NO:17 ÜMRANİYE İSTANBUL;(216) 5406777;www.guzzi.com.tr;guzzi.com.tr;TET - Elektrik ve Elektronik İhracatçıları Birliği
VEGA PAINT ENDÜSTRİYEL BOYAMA SANAYİ VE DIŞ TİC LTD ŞTİ;ORTA MAHALLE TEVFİK FİKRET SOKAK NO 5/2 TUZLA -İST TUZLA İSTANBUL;(216) 3948362;http://www.vegapaint.com.tr;vegapaint.com.tr;TET - Elektrik ve Elektronik İhracatçıları Birliği
STOPER ENDÜSTRİYEL ÜRÜNLER SAN. TİC. LTD. ŞTİ.;ŞEYHLİ MH KİRAM AŞK NO:6 PENDİK İSTANBUL;(216) 3797714;www.stoperendustriyel.com;stoperendustriyel.com;TET - Elektrik ve Elektronik İhracatçıları Birliği
SÖNMEZLER METAL DEMİR ÇELİK İNŞAAT SANAYİ VE TİCARET ANONİM ŞİRKETİ;19 MAYIS MAH. MERCAN SOK.NO : 4 GEBZE KOCAELİ;(216) 5154886;www.sonmezlermetal.com.tr;sonmezlermetal.com.tr;TET - Elektrik ve Elektronik İhracatçıları Birliği
PASSLİFT ASANSÖR SAN.VE TİC. LTD.ŞTİ.;FERHATPAŞA MAH.YAVUZ SULTANSELİM CAD. 97. SOK. NO:6 ATAŞEHİR İSTANBUL;(216) 4719339;www.passlift.com;passlift.com;TET - Elektrik ve Elektronik İhracatçıları Birliği
ALZEY DANIŞMANLIK VE TİCARET LİMİTED ŞİRKETİ;İNKILAP MAH. DR. ADNAN BÜYÜKDENİZ CD. NO7 ÜMRANİYE İSTANBUL;(216) 7118416;https://alzeypartners.co;alzeypartners.co;TET - Elektrik ve Elektronik İhracatçıları Birliği
ELEKTRON MEDIKAL TIC.VE SAN. LTD.STI;ERGAZI MAH.GERSAN SAN.SITESI2307 SOK.NO:21 ALTINDAĞ ANKARA;03122567020;www.elektronmedikal.com.tr;elektronmedikal.com.tr;TET - Elektrik ve Elektronik İhracatçıları Birliği
EKSEN MÜHENDİSLİK ELEKTRİK SANAYİ VE DIŞ TİCARET ANONİM ŞİRKETİ;ŞERİFALİ MAH. HATTAT SOKAK NO:18EKSEN PLAZA ŞERİFALİ 34775 ÜMRANİYE ŞİŞLİ İSTANBUL;(212) 5041744;www.eksproof.com;eksproof.com;TET - Elektrik ve Elektronik İhracatçıları Birliği
ERHAN REKLAM VE MATBAACILIK TANITIM HİZMETLERİ SAN. VE TİC. LTD. ŞTİ.;TOPÇULAR MAH. TALİMHANE CAD.HACI EŞREF SOKAK NO.8 EYÜP İSTANBUL;(212) 5327487;www.erhanreklam.com.tr;erhanreklam.com.tr;TET - Elektrik ve Elektronik İhracatçıları Birliği
FF GRUP İNŞAAT SANAYİ VE TİCARET A.Ş.;VEYSEL KARANİ MH ÇOLAKOĞLU SK RİNGS REZİDANCE NO:10/3/68 SANCAKTEPE İSTANBUL;(216) 5043143;www.ffgroup.az;ffgroup.az;TET - Elektrik ve Elektronik İhracatçıları Birliği
ABDULLAH AKSÖZ;FERHATPAŞA MAH. KARADENİZ CAD. GOKMEN BEY ISMERKEZI NO: 85 İÇ KAPI NO: 6 ATAŞEHİR İSTANBUL;(216) 4422616;http://www.triolift.com;triolift.com;TET - Elektrik ve Elektronik İhracatçıları Birliği
QS PLASTİK SANAYİ VE TİCARET ANONİM ŞİRKETİ;MAHMUTBEY MAHALLESİ 2435. SOKAK 17.ADA NO:106 MAHMUTBEY BAĞCILAR İSTANBUL;;http://www.qsplastik.com;qsplastik.com;TET - Elektrik ve Elektronik İhracatçıları Birliği
HALSAN ENDÜSTRİYEL MUTFAK SANAYİ VE TİCARET LİMİTED ŞİRKETİ;BAHRİYE CD 38A BEYOĞLU İSTANBUL;(212) 2549336;www.halsanmutfak.com;halsanmutfak.com;TET - Elektrik ve Elektronik İhracatçıları Birliği
ALİ YAYLA DIŞ TİCARET LİMİTED ŞİRKETİ;FEVZİÇAKMAK MAH. ASLIM CAD. NO 46 KARATAY KONYA;(332) 2496633;http://www.aliyaylaotomotiv.com.tr;aliyaylaotomotiv.com.tr;TET - Elektrik ve Elektronik İhracatçıları Birliği
EGEMET KALIBRASYON OLCUM TIC. LTD.STI.;KARACAOGLAN MAH. 172 SOK.NO:8 BORNOVA İZMİR;02324720604;www.egemet.com.tr;egemet.com.tr;TET - Elektrik ve Elektronik İhracatçıları Birliği
FYT MÜHENDİSLİK İNŞAAT VE ALÜMİNYUM SANAYİ TİCARET ANONİM ŞİRKETİ;IHLAMURKUYU MAH. HATİPLER SOK. NO:2ASK.NO.2 ÜMRANİYE İSTANBUL;(216) 6140120;www.fyt.com;fyt.com;TET - Elektrik ve Elektronik İhracatçıları Birliği
RECTUS MEDİKAL ÜRÜNLER VE SAĞLIK HİZMETLERİ SANAYİ VE TİCARET LİMİTED ŞİRKETİ;TANTAVİ MAH. ESTERGON CAD. EXEN RESİDANCE APT. NO:24F/43 ÜMRANİYE İSTANBUL;(216) 4420092;www.rectusmedical.com;rectusmedical.com;TET - Elektrik ve Elektronik İhracatçıları Birliği
ENFORTEKS TEKS.SAN.VE TIC.LTD. STI.;BAHÇELİEVLER MAH. SULTAN MURAT CAD MIZRAK SK N:3 B BLOK D:1 ÜSKÜDAR İSTANBUL;02164624934;www.enforteks.com;enforteks.com;TET - Elektrik ve Elektronik İhracatçıları Birliği
ESZ MAKİNA İNŞAAT SAN. VE DIŞ TİC. LTD. ŞTİ;HALİL RIFATPAŞA MAH.PERPA TİC.MERKZ.K.11 NO.1354 ŞİŞLİ İSTANBUL;(212) 2105207;www.eszmakina.com;eszmakina.com;TET - Elektrik ve Elektronik İhracatçıları Birliği
EXPRESS MÜHENDİSLİK VE MAKİNE SAN.DIŞ TİCARET LTD.ŞTİ.;BEYLİKDÜZÜ OSB. MAH. BİRLİK SAN.SİT.7. CAD. NO:30/1 BEYLİKDÜZÜ İSTANBUL;(212) 4220507;www.expressmuhendislik.com;expressmuhendislik.com;TET - Elektrik ve Elektronik İhracatçıları Birliği
BURSET MEDİKAL SANAYİ VE TİCARET LİMİTED ŞİRKETİ;DUAÇINARI MH. DALBASTI SK. NO:2 PK:16290 YILDIRIM BURSA;(224) 2205030;www.bursetmedikal.com;bursetmedikal.com;TET - Elektrik ve Elektronik İhracatçıları Birliği
HONNES SAĞLIK VE ENDÜSTRİYEL ÜRÜNLERİ ANONİM ŞİRKETİ;CUMHURİYET MAH.KARAYEL SOK.N:18 ÇAYIROVA KOCAELİ;(262) 1111111;www.honnes.com;honnes.com;TET - Elektrik ve Elektronik İhracatçıları Birliği
ULUSAL ELEKTRONIK TEKNOLOJI SAN.VE TIC.A.S.;İSTANBUL DÜNYA TİC. MERK. A3 BLOKKAT:13 NO403-404 YEŞİLKÖY BAKIRKÖY İSTANBUL;02124653896;www.ulusalelektronik.com;ulusalelektronik.com;TET - Elektrik ve Elektronik İhracatçıları Birliği
E.G.S. DENIZCILIK VE TIC.LTD.S TI.;RIHTIM CAD FRANSIZ GECIDI C BLOKKAT 4 NO 37 KARAKÖY BEYOĞLU İSTANBUL;;www.egsshipping.com;egsshipping.com;TET - Elektrik ve Elektronik İhracatçıları Birliği
ELNUR ASANSÖR ELEKTRİK ELEKTRONİK İTHALAT İHRACAT SANAYİ TİC.LTD.ŞTİ.;ATAŞEHİR FERHATPAŞA MAH. 27.SOK. NO:57/A ATAŞEHİR İSTANBUL;(216) 5741043;www.elnurasansor.com.tr;elnurasansor.com.tr;TET - Elektrik ve Elektronik İhracatçıları Birliği
POLİSAN KANSAİ BOYA SANAYİ VE TİCARET ANONİM ŞİRKETİ;DEMİRCİLER OSB MAH. REFİKBAYDUR CAD. NO: 7/3 DİLOVASI KOCAELİ;(216) 5785600;www.polisan.com.tr;polisan.com.tr;TET - Elektrik ve Elektronik İhracatçıları Birliği
RADEL ELEKTRİK SAN. VE DIŞ TİC. LTD.ŞTİ.;PERPA TİC. MERK. A BLOK KAT: 4 - 5 NO : 311 ŞİŞLİ İSTANBUL;(212) 2100607;www.radelelektrik.com;radelelektrik.com;TET - Elektrik ve Elektronik İhracatçıları Birliği
LİMON KİMYA VE ORGANİZASYON TİC. LTD. ŞTİ.;HAMİDİYE MAH.ŞAFAK 7-1/21 KAĞITHANE İSTANBUL;(212) 5333162;www.limonco.org;limonco.org;TET - Elektrik ve Elektronik İhracatçıları Birliği
ÇUHADAROĞLU ALÜMİNYUM SANAYİ VE TİCARET ANONİM ŞİRKETİ;YAKUPLU MH HÜRRİYET BULVARI NO:6-8 YAKUPLU BEYLİKDÜZÜ İSTANBUL;(212) 8670500;www.cuhadaroglu.com.tr;cuhadaroglu.com.tr;TET - Elektrik ve Elektronik İhracatçıları Birliği
EKİN ELEKTRİK MAKİNE VE TEKS. SAN.TİC.LTD.ŞTİ.;MERKEZ M.ESKIBAĞLARALTI MEV.ZEYNEBIYE C.ŞENGÜL S.N:23/1- 2 KÜÇÜKÇEKMECE İSTANBUL;02124701292;www.ekinelektrik.com;ekinelektrik.com;TET - Elektrik ve Elektronik İhracatçıları Birliği
AKSİYON TEKNOLOJİ HİZMETLERİ TİC. LTD.ŞTİ.;MİRA TOWER TATLISU MH. ŞENOL GÜNEŞ BULVARI NO:2 D:45 BAŞAKŞEHİR İSTANBUL;(216) 9999559;www.aksiyonteknoloji.com;aksiyonteknoloji.com;TET - Elektrik ve Elektronik İhracatçıları Birliği
UNEA ENERJI MÜHENDISLIK LIMITED SIRKETI;GÜVENEVLER MAH. HOSDERE CAD. NISAN BIR APT. NO: 59IÇ KAPI NO: 19 ÇANKAYA/ ANKARA ÇANKAYA ANKARA;(312) 0000000;http://www.uneaenergy.com;uneaenergy.com;TET - Elektrik ve Elektronik İhracatçıları Birliği
TEK-SER TEKNİK SERAMİK TİC.VE SAN.A.Ş;Y.DUDULLU ICERENKOY YOL ÜZERIKEYAP SAN.SIT.F-1 BLOK N:94 ÜMRANİYE İSTANBUL;(216) 3656464;www.tekser.org;tekser.org;TET - Elektrik ve Elektronik İhracatçıları Birliği
MAYSA TEKNİK YAPI İNŞAAT SANAYİ TİCARET LİMİTED ŞİRKETİ;FERHATPAŞA MAH. 71. SK. NO: 50 ATAŞEHİR İSTANBUL;(216) 6464747;www.maysayapi.com;maysayapi.com;TET - Elektrik ve Elektronik İhracatçıları Birliği
BEYİD BİLİŞİM EĞİTİM YAY.İLET.DAN.SAN.VE DIŞ TİC.LTD.ŞTİ.;ŞEHİT MUHTAR MAH.FERİDİYE CAD.NO.21 K.2 TAKSİM BEYOĞLU İSTANBUL;(212) 3616661;www.beyid.com.tr;beyid.com.tr;TET - Elektrik ve Elektronik İhracatçıları Birliği
MUHARREM GÜLER;DERİ OSB MAH. KAZLIÇEŞME CAD. DERI ORGANIZE SANAYICAMII NO: 3 İÇ KAPI NO: 9 TUZLA İSTANBUL;;http://www.mgotomasyon.com;mgotomasyon.com;TET - Elektrik ve Elektronik İhracatçıları Birliği
GAMA MATBAA MALZEMELERI TIC. LTD.STI.;ISTEKS ISTANBUL DOKUMACILARISANAYI SITESI D2 BLOK NO:12 BAŞAKŞEHİR İSTANBUL;(212) 4858983;www.gamaturk.com;gamaturk.com;TET - Elektrik ve Elektronik İhracatçıları Birliği
SAMSUN MEDİKAL GRUP ÖZEL SAĞLIK HİZM. A.Ş.;MİMAR SİNAN MAH.ALPARSLAN BULV.N:17 ATAKUM SAMSUN;(362) 3114040;www.medicalpark.com.tr;medicalpark.com.tr;TET - Elektrik ve Elektronik İhracatçıları Birliği
GREEN CHEMİCALS KİMYASAL MADDELER SAN. VE TİC. A.Ş.;TAYSAD OSB 2. CAD. NO.7GEBZE KOCAELİ KADIKÖY İSTANBUL;(262) 7818000;www.green-chemicals.com;green-chemicals.com;TET - Elektrik ve Elektronik İhracatçıları Birliği
DORAKS TEKNOLOJIK URUNL.SAN.VE TIC.LTD.STI.;KAYIŞDAĞI CAD. OZAN VEYSEL SOK.NO:9 KÜÇÜKBAKKALKOY KADIKÖY İSTANBUL;02165772848;www.doraks.com.tr;doraks.com.tr;TET - Elektrik ve Elektronik İhracatçıları Birliği
ENERAMA ÇEVRE TEKNOLOJİLERİ SANAYİ VE TİCARET ANONİM ŞİRKETİ;AYDINLI - İSTANBUL AYOSB MAH. 10. SK. İSTANBUL ANADOLU YAKASI OSB NO:3 TUZLA İSTANBUL;(216) 6292000;https://www.enerama.com.tr;enerama.com.tr;TET - Elektrik ve Elektronik İhracatçıları Birliği
FL FUAR LOJİSTİK HİZMETLERİ TAŞIMACILIK LTD.ŞTİ.;PİRİ REİS MAH. 2063 SOK. NAZIM HİKMET BULV. NEW RESIDENCE NO:2 K:3 D:143 34510 ESENYURT İSTANBUL;(212) 5996721;www.fuarlojistigi.com;fuarlojistigi.com;TET - Elektrik ve Elektronik İhracatçıları Birliği
HDO PLASTİK ANONİM ŞİRKETİ;VELİKÖY MAHALLESİ 58. CADDE NO:7 ÇERKEZKÖY TEKİRDAĞ;(282) 7476093;www.hdoplast.com;hdoplast.com;TET - Elektrik ve Elektronik İhracatçıları Birliği
ATILIM IC VE DIS TICARET LTD.STI.;DOLAPDERE CD.NO.119 ŞİŞLİ İSTANBUL;02122310501;www.atilimsogutma.com;atilimsogutma.com;TET - Elektrik ve Elektronik İhracatçıları Birliği
LEDAVM ELEKTRIK AYDINLATMA TİCARET A.Ş.;ADALET MAH. MANAS BLV. NO:39/3201 BAYRAKLI İZMİR;(232) 4650729;http://www.ledavm.net;ledavm.net;TET - Elektrik ve Elektronik İhracatçıları Birliği
İSKAR MÜHENDİSLİK MAK.TAAH.SAN.VE TİCLTD.ŞTİ;BOSTANCI MAH. İLKE SOK NO:7/6 BOSTANCI 34710 KADIKÖY, İSTANBUL , TÜRKİYE KADIKÖY İSTANBUL;(216) 3733224;http://www.iskarltd.com;iskarltd.com;TET - Elektrik ve Elektronik İhracatçıları Birliği
THE FARİNA GROUP LOJİSTİK DIŞ TİCARET ANONİM ŞİRKETİ;YAKUPLU MAH. HARAMİDERE CAD ISILDAK KÜLTÜR SARAYI NO: 34 E IÇ KAPI NO: 5 BEYLİKDÜZÜ İSTANBUL;;http://www.thefarinagroup.com;thefarinagroup.com;TET - Elektrik ve Elektronik İhracatçıları Birliği
BİRTECH BİLGİ TEKNOLOJİLERİ SANAYİ VE TİCARET LİMİTED ŞİRKETİ;EVLİYA ÇELEBİ MAH. GENÇ OSMANCAD. TUZLA SK. AK İŞ MERKEZİ NO:7-8 TUZLA İSTANBUL;(216) 3957979;www.birtech.com;birtech.com;TET - Elektrik ve Elektronik İhracatçıları Birliği
İDEAL MODEL DÖKÜM SİSTEMLERİ SAN. TİC. A.Ş.;SANAYİ MAH. HOŞDERE KÖYÜ ISISO SAN. SİT. U1 BLOK NO:2 ESENYURT İSTANBUL;(212) 6230020;www.idealmodel.com.tr;idealmodel.com.tr;TET - Elektrik ve Elektronik İhracatçıları Birliği
EGE DİNAMİK MÜH. ELEKTRONİK ENERJİ VE ROBOT SİS. SAN. VE TİC.. A.Ş.;29 EKİM MAH. 10019 SOK. NO:4 ULUKENT SANAYİ BÖLGES MENEMEN İZMİR;(232) 5031405;www.aegeandynamics.com;aegeandynamics.com;TET - Elektrik ve Elektronik İhracatçıları Birliği
BURKHARDT LEİTNER MEKAN ÇÖZÜMLERİ SAN. VE TİC. A.Ş.;BURHANİYE MH ABDULLAHAGA CD NO:51 ÜSKÜDAR İSTANBUL;(216) 5578384;www.burkhardtleitner.com.tr;burkhardtleitner.com.tr;TET - Elektrik ve Elektronik İhracatçıları Birliği
KRC ZÜCCACİYE TİC. VE SAN. LTD.ŞTİ.;YAKUPLU MERKEZ MAH. BİRLİK CAD. NO:24K:4/401 BEYLİKDÜZÜ İSTANBUL;(212) 4124400;www.krc.com.tr;krc.com.tr;TET - Elektrik ve Elektronik İhracatçıları Birliği
FORTE BİYOTEKNOLOJİ SANAYİ VE TİCARET LİMİTED ŞİRKETİ;MİMARSİNAN MAH.1359 SOK.UMUT SİTESİ NO:1 K:4 D:13 ALSANCAK KONAK İZMİR;(232) 3320482;www.fortebiyoteknoloji.com;fortebiyoteknoloji.com;TET - Elektrik ve Elektronik İhracatçıları Birliği
AURAFİX HEALTH PRODUCTS DIŞ TİCARET VE SANAYİ ANONİM ŞİRKETİ;ADİL MAHALLESİ EKOL CADDESİ NO:12/A SULTANBEYLİ ADİL 34935 34920 SULTANBEYLİ SULTANBEYLİ İSTANBUL;(216) 3993055;www.aurafix.com;aurafix.com;TET - Elektrik ve Elektronik İhracatçıları Birliği
STUDYO TEKNIK FOTOGRAF VE REKL MLZ.SAN.TIC.LTD.STI.;BUYUK PIYALEPASA M. ILKADIMS.2/AB BEYOĞLU İSTANBUL;02122383281;www.studyoteknik.com;studyoteknik.com;TET - Elektrik ve Elektronik İhracatçıları Birliği
PPG INDUSTRIES KIMYA SANAYİ VE TICARET ANONİM ŞİRKETİ;D-100 GÜNEY YANYOL CAD. KURİS KULE KAT:15CEVİZLİ 34865 KARTAL KARTAL İSTANBUL;02242424290;www.ppg.com;ppg.com;TET - Elektrik ve Elektronik İhracatçıları Birliği
HİRA HAVLUPAN ME.MA.PET.İNŞ.LOJ.SAN.VE TİC.LTD.ŞTİ.;ORGANİZE SANAYİ BÖLGESİ HAMZAFAKILI KÖYÜ KDZ.EREĞLİ KARADENİZEREĞLİ ZONGULDAK;(372) 3343434;www.hirahavlupan.com.tr;hirahavlupan.com.tr;TET - Elektrik ve Elektronik İhracatçıları Birliği
DENGE BİLİŞİM HİZMETLERİ TİCARET LİMİTED ŞİRKETİ;NİSPETİYE CAD. PEKER SOK. NO:18 D:4 CEBECİ APT. 1.LEVENT LEVENT BEŞİKTAŞ İSTANBUL;(212) 2828236;www.dengebilisim.com;dengebilisim.com;TET - Elektrik ve Elektronik İhracatçıları Birliği
RENES ENDÜSTRİYEL YAPIŞTIRICILAR VE KİMYA MADDELERİ LİMİTED ŞİRKETİ;ÖNDER MAHALLESİ DİZ BOYU CADDESİ NO : 12/C SİTELER ALTINDAĞ ANKARA;(312) 4673633;http://www.reneskimya.com;reneskimya.com;TET - Elektrik ve Elektronik İhracatçıları Birliği
TÜMPA MAKİNE GIDA TİCARET LTD. ŞTİ.;OKMEYDANI HALİL RIFAT PAŞA MAH.PERPA TİC.MERKZ.K:11 A BLOK N:1382 ŞİŞLİ İSTANBUL;(212) 2209792;www.tumpaparasayma.com;tumpaparasayma.com;TET - Elektrik ve Elektronik İhracatçıları Birliği
MEKAMET METALURJİ MAKİNA TURİZM TAŞIMACILIK NAKLİYE SANAYİ VE TİCARET LİMİTED ŞİRKETİ;TAVŞANLI MAHALLESİ 4501 SOKAK NO:11 GEBZE KOCAELİ;(262) 7248260;www.mekamet.com;mekamet.com;TET - Elektrik ve Elektronik İhracatçıları Birliği
CHROMAS TEKNOLOJİ MAKİNA MÜHENDİSLİK SANAYİ VE TİCARET ANONİM ŞİRKETİ;19 MAYIS MAHALLESİ HALASKARGAZİ CAD.ÇİFTKURT BLOK NO: 226/24 ŞİŞLİ İSTANBUL;;http://www.chromas.tech;chromas.tech;TET - Elektrik ve Elektronik İhracatçıları Birliği
EMSAN MUTFAK GEREÇLERİ SANAYİ VE TİCARET ANONİM ŞİRKETİ;YAKUPLU MAHALLESİ BEYSAN SANAYİ SİTESİ NO:22 KAT:3 BEYLİKDÜZÜ İSTANBUL;(212) 5718214;www.emsan.com.tr;emsan.com.tr;TET - Elektrik ve Elektronik İhracatçıları Birliği
ÜÇTEM-PLAS PLASTİK TEMİZLİK GIDA MADDELERİ SANAYİ TİCARET LİMİTED ŞİRKETİ;AKÇABURGAZ MAH. 153. SOK NO: 16 ESENYURT İSTANBUL;(212) 5817431;www.uctemplas.com;uctemplas.com;TET - Elektrik ve Elektronik İhracatçıları Birliği
EMRAH KARA;YENİDOĞAN MH UFUK CD NO:101/A SANCAKTEPE İSTANBUL;;https://www.metisens.com.tr;metisens.com.tr;TET - Elektrik ve Elektronik İhracatçıları Birliği
KAL-MET KALİBRASYON TİC.LTD.ŞTİ.;ÜÇEVLER MAH. 79. SOK. NO:1/A NİLÜFER BURSA;(224) 4415535;www.kal-met.com;kal-met.com;TET - Elektrik ve Elektronik İhracatçıları Birliği
STONELİNE YAPI ÜRÜNLERİ SANAYİ ANONİM ŞİRKETİ;CUMHURİYET MAH.ZEHRA SK.NO:4 ÇAYIROVA KOCAELİ;(212) 3322215;www.stone-line.com;stone-line.com;TET - Elektrik ve Elektronik İhracatçıları Birliği
ANTEL ARITMA TESISLERI INSAAT SANAYİ VE TICARET ANONİM ŞİRKETİ;NURETTIN DUMAN S.KIZILTOPRAK PLAZA NO:34 ÜMRANİYE İSTANBUL;02164998001;www.filternoks.com;filternoks.com;TET - Elektrik ve Elektronik İhracatçıları Birliği
AFI ELEKTROMEKANIK VE ELEKTRONIK SAN.TIC.LTD.STI.;ŞERİFALİ MAHALLESİ, EMİN SOKAK NO:43 ÜMRANİYE İSTANBUL;(216) 3135252;www.afielektrik.com;afielektrik.com;TET - Elektrik ve Elektronik İhracatçıları Birliği
CM SOLAR CEM OTOMOTİV YEDEK PARÇA VE AKÜ ENERJİ TEKNOLOJİLERİ ANONİM ŞİRKETİ;PAŞAALANI MAH. 360 SK. N:1/1 KAT:210020 KARESİ BALIKESİR;(850) 6226228;https://cmsolarcar.com/;cmsolarcar.com;TET - Elektrik ve Elektronik İhracatçıları Birliği
BERKSAN MAKİNA SAN. VE DIŞ TİC. LTD. ŞTİ.;SEYHRASIT C.NO:18/2 BAYRAMPAŞA İSTANBUL;02125679183;www.birlesim.com.tr;birlesim.com.tr;TET - Elektrik ve Elektronik İhracatçıları Birliği
NORKVEN ENERJİ SANAYİ VE TİCARET ANONİM ŞİRKETİ;ALAADDİN BEY MH. 629.SK NO:2/C NİLÜFER BURSA;(224) 2435483;http://www.eliteelektronik.com.tr;eliteelektronik.com.tr;TET - Elektrik ve Elektronik İhracatçıları Birliği
REKONS İNŞAAT İTHALAT İHRACAT TEKNOLOJİ VE BİLİŞİM ANONİM ŞİRKETİ;İKİTELLİ OSB MH GİYİM SANATKARLARI 2B BLOK NO:607 İKİTELLİ BAŞAKŞEHİR İSTANBUL;(212) 6711651;www.rekons.com.tr;rekons.com.tr;TET - Elektrik ve Elektronik İhracatçıları Birliği
SAVALAN SHIPPING DENİZCİLİK SANAYİ VE TİCARET ANONİM ŞİRKETİ;POSTANE MAH. ÇAMLI SOK. NO: 27 TUZLA İSTANBUL;(216) 4109438;https://www.savalanshipping.com/;savalanshipping.com;TET - Elektrik ve Elektronik İhracatçıları Birliği
TUNA ENDÜSTRİYEL VANA MALZEMELERİ SANAYİ VE TİCARET LİMİTED ŞİRKETİ;MÜEYYETZADE MH. NECATİBEY C. NO:49 DAIRE:A BEYOĞLU İSTANBUL;(212) 2455004;www.tunaendustri.com;tunaendustri.com;TET - Elektrik ve Elektronik İhracatçıları Birliği
3ACONS ULUSLARARASI TİCARET VE DANIŞMANLIK LTD. ŞTİ.;BEREKETZADE MAH. BANKALAR CAD. NAZLI HAN NO: 26 - 5 BEYOĞLU İSTANBUL;(212) 0000000;http://3acons.com;3acons.com;TET - Elektrik ve Elektronik İhracatçıları Birliği
GENTEL BİLİŞİM TEKNOLOJİLERİ ANONİM ŞİRKETİ;İNKİLAP MAH. KÜÇÜKSU CAD.NO.107 D.13 ÜMRANİYE İSTANBUL;(216) 6300666;http://www.gentel.com.tr;gentel.com.tr;TET - Elektrik ve Elektronik İhracatçıları Birliği
DÜZGÜNLER ELEKTRİK VE MÜHENDİSLİK SANAYİ VE TİCARET LİMİTED ŞİRKETİ;KARTALTEPE MAH. BİLGEHAN CAD. KARDEŞ SOK. NO.4 BAYRAMPAŞA İSTANBUL;(212) 6154531;www.duzgunler.com.tr;duzgunler.com.tr;TET - Elektrik ve Elektronik İhracatçıları Birliği
EGE ÇELİK ENDÜSTRİYEL MUTFAK VE METAL SANAYİ TİC. LTD. ŞTİ.;RAMİ YENİ MH HAVUZBAŞI SK ÜSTÜN YİLDİZ İS HANI NO:1/1 EYÜP İSTANBUL;(212) 2549241;www.endustriyelmutfakatolyesi.com.tr;endustriyelmutfakatolyesi.com.tr;TET - Elektrik ve Elektronik İhracatçıları Birliği
SAMCOOL ENDÜSTRİYEL SOĞUTMA SİSTEMLERİ SANAYİ VE TİCARET LİMİTED ŞİRKETİ;ELMALI MAH. YAVUZ CAD. NO: 16 İÇ KAPI NO: Z1 BEYKOZ İSTANBUL;(212) 4510082;https://samcool.com.tr/;samcool.com.tr;TET - Elektrik ve Elektronik İhracatçıları Birliği
BEĞEN METAL MÜHENDİSLİK REKLAM SAN. DIŞ TİC. LTD. ŞTİ.;RAMAZANOĞLU MAHALLESİ ZENGİN CAD.NO:2/1 PENDİK İSTANBUL;(216) 5972842;www.begenmetal.com;begenmetal.com;TET - Elektrik ve Elektronik İhracatçıları Birliği
GÜVENAL KALIP ELEMANLARI SANAYİ VE TİCARET ANONİM ŞİRKETİ;RAMİ KIŞLA CD EMİNTAŞ 3 SAN SİT NO:56-57-58 EYÜP İSTANBUL;(212) 5015381;www.guvenal.net;guvenal.net;TET - Elektrik ve Elektronik İhracatçıları Birliği
SAVA METAL A.Ş.;FERHATPAŞA MAH KARADENİZLİLER CD. G52. SK. NO 3-5 ATAŞEHİR İSTANBUL;(216) 6601111;www.savametal.com;savametal.com;TET - Elektrik ve Elektronik İhracatçıları Birliği
MERGASUS MÜHENDİSLİK LİMİTED ŞİRKETİ;İVEDİKOSB MAH. MELİH GÖKÇEK BUL. NO: 18 İÇ KAPI NO YENİMAHALLE ANKARA;(312) 0000000;http://www.mergasus.com;mergasus.com;TET - Elektrik ve Elektronik İhracatçıları Birliği
OZON SAĞLIK HİZMETLERİ İÇ VE DIŞ TİC. SAN. LTD. ŞTİ.;BOSTANCI MAH. ÜLKELER CAD. NO:29/6 BOSTANCI KADIKÖY İSTANBUL;(216) 4104258;www.ozon.com.tr;ozon.com.tr;TET - Elektrik ve Elektronik İhracatçıları Birliği
EKARON TRADE DIŞ TİC.LTD.ŞTİ.;EMEKYEMEZ MAH. OKÇU CAD. TEZGÜL İŞHANI NO:2/77 BEYOĞLU İSTANBUL;(322) 3238877;https://ekaron.com/;ekaron.com;TET - Elektrik ve Elektronik İhracatçıları Birliği
ARTBEY ULUSLARARASI PROJE ITH. VE IHR.TIC.LTD.STI.;SANAYI MAH SULTAN SELIM CADGÜMÜŞ SOK NO11 KAĞITHANE İSTANBUL;02122780270;www.artbey.com;artbey.com;TET - Elektrik ve Elektronik İhracatçıları Birliği
ERSEN YÜCEDAĞ;PERPA TİC.MERKZ.ABLOK K:9 N:1142 OKMEYDANI ŞİŞLİ İSTANBUL;(212) 2220997;www.ersmedikal.com;ersmedikal.com;TET - Elektrik ve Elektronik İhracatçıları Birliği
NAMRA ELEKTRIK-MAK.YAPI MALZ. VE SIHHI TES.SAN.VE TIC.LTD.ST;MERKEZ MH. DEĞİRMENBAHÇE CAD. 1. ASENA SOK. NO.9 YENİBOSNA BAHÇELİEVLER İSTANBUL;(212) 4242002;www.namraelectric.com;namraelectric.com;TET - Elektrik ve Elektronik İhracatçıları Birliği
AFAQ 01 MAKİNA SAN. VE DIŞ TİC. LTD. ŞTİ.;İKİTELLİ ORG.SAN.BÖLGESİ DEMİRCİLER SANAYİ SİTESİ C-5 BLOK NO:263 BAŞAKŞEHİR İSTANBUL;(212) 5495547;www.afaq01.com;afaq01.com;TET - Elektrik ve Elektronik İhracatçıları Birliği
ELECTRAPOWER SOLUTIONS ENERJİ VE OTOMASYON TEKNOLOJİLERİ SAN. VE TİC. A.Ş.;İVEDİK OSB MAH. 1548 CAD.NO:2 YENİMAHALLE ANKARA;(312) 3941978;http://www.electrapower.com.tr;electrapower.com.tr;TET - Elektrik ve Elektronik İhracatçıları Birliği
MEFAR PARATONER ELEKTRONİK ELEKTRİK MALZEMELERİ İMALAT SANAYİ VE TİCARET LİMİTED ŞİRKETİ;DAĞDİBİ MAH.KARASU CADDESİ NO 180 PK:54000 ADAPAZARI SAKARYA;;www.mefarparatoner.com.tr;mefarparatoner.com.tr;TET - Elektrik ve Elektronik İhracatçıları Birliği
SNP SAĞLAM NİTELİKLİ PARÇALAR OTOMOTİV İNŞ. SAN. VE TİC.LTD.ŞTİ.;213.SOKNO:13 ANKARA;03123855210;www.snpautomotive.com;snpautomotive.com;TET - Elektrik ve Elektronik İhracatçıları Birliği
ENERJI INS.TRAFIK ELEK.SAN.VE TIC.LTD.STI.;ESKI USKUDAR YOLU CAD.NO:21 ÜMRANİYE İSTANBUL;02166116068;www.enerjiinsaat.com;enerjiinsaat.com;TET - Elektrik ve Elektronik İhracatçıları Birliği
ERACOLD SOĞUTMA TEKNİK SERVİS HİZMETLERİ ANONİM ŞİRKETİ;AKÇABURGAZ MAH. HADİMKÖY YOLU CAD.186/3 ESENYURT İSTANBUL;(212) 8865275;www.eracoldsogutma.com;eracoldsogutma.com;TET - Elektrik ve Elektronik İhracatçıları Birliği
GNY GRUP MOBİLYA VE İNŞAAT SAN. TİC. LTD. ŞTİ.;İKİTELLİ OSB MH PİK DÖKÜMCÜLER SAN SİT TEM 34 NO:27 KAT2/190 BAŞAKŞEHİR İSTANBUL;(212) 4344420;www.gnygrup.com.tr;gnygrup.com.tr;TET - Elektrik ve Elektronik İhracatçıları Birliği
ALFA CNC KALIP SANAYİ LTD.ŞTİ.;YUKARI DUDULLU MAH. İMES SAN. SİT.E BLOK 503 SOK. NO3 ÜMRANİYE İSTANBUL;(216) 5266212;www.alfacnc.com;alfacnc.com;TET - Elektrik ve Elektronik İhracatçıları Birliği
RESUL KOCAKARA;YEŞİLPINAR MAH MERCAN SOK 78/5 EYÜP İSTANBUL;(212) 6592792;www.metrifirca.com;metrifirca.com;TET - Elektrik ve Elektronik İhracatçıları Birliği
SİSTEM KALİBRASYON MÜHENDİSLİK SANAYİ VE TİCARET LİMİTED ŞİRKETİ;ALAADDİNBEY MH. 631. SK. ZER4 PLAZA NO:2A/B NİLÜFER BURSA;(224) 2630074;http://www.sistemkalibrasyon.com;sistemkalibrasyon.com;TET - Elektrik ve Elektronik İhracatçıları Birliği
KYOCERA BILGITAŞ TURKEY DÖKÜMAN ÇÖZÜMLERİ A.Ş.;ALTUNİZADE MAH.PROF.FAHRETTİN GÖKAY CAD.NO:45 ÜSKÜDAR İSTANBUL;(216) 3390020;www.bilgitas.com.tr;bilgitas.com.tr;TET - Elektrik ve Elektronik İhracatçıları Birliği
EUROSMED MEDİKAL İTHALAT İHRACAT SANAYİ VE TİCARET LİMİTED ŞİRKETİ;GÜZELYALI MAH. 81052 SOK. NO:4/A ÇUKUROVA ADANA;(322) 2770333;www.eurosmed.com;eurosmed.com;TET - Elektrik ve Elektronik İhracatçıları Birliği
SEÇKİN DENTAL VE MEDİKAL SAĞLIK ÜRÜNLERİ SANAYİ VE TİCARET LİMİTED ŞİRKETİ;TOPÇULAR MAH. RAMİ KIŞLA CAD. APEKÜRETMEN İŞ MERKEZİ A BLOK NO: 61 İÇ KAPI NO: 197 EYÜP İSTANBUL;(212) 5672151;www.seckindental.com;seckindental.com;TET - Elektrik ve Elektronik İhracatçıları Birliği
TMF ELEKTRİK ELEKTRONİK OTOMASYON SAN VE TİC LTD ŞTİ;GAZİAKDEMİR MAH 9.ALTIN SOK NO:23/B OSMANGAZİ BURSA;(224) 2322050;www.tmfelektrik.com;tmfelektrik.com;TET - Elektrik ve Elektronik İhracatçıları Birliği
D.M.GIDA MADDELERİ PAZ.SAN.TİC LTD.ŞTİ.;MAHMUTBEY MAH. İSTOÇ TOPTANCILAR ÇARŞI 43 ADA NO.41 GÜNEŞLİ BAYRAMPAŞA İSTANBUL;(212) 6593580;www.dmtrade.com.tr;dmtrade.com.tr;TET - Elektrik ve Elektronik İhracatçıları Birliği
GENCH INTERNATIONAL YAPI MALZ.TİC.LTD.ŞTİ.;ESKOOP SAN. SİT. C5 BLOK NO:278 BAŞAKŞEHİR İSTANBUL;(212) 6713794;www.genchshop.com.tr;genchshop.com.tr;TET - Elektrik ve Elektronik İhracatçıları Birliği
MARİTİME DENİZ İNŞAAT ANONİM ŞİRKETİ;BARBAROS MAH. FESLEĞEN SK. B2 BLOK NO: 3 A İÇ KAPI NO: 40 ÜSKÜDAR İSTANBUL;;https://maritimemuhendislik.com;maritimemuhendislik.com;TET - Elektrik ve Elektronik İhracatçıları Birliği
WELAB LABORATUVAR CİHAZLARI LİMİTED ŞİRKETİ;MUSTAFA KEMAL MAH. 2118. CAD NO4/A MAİDAN İŞ VE YAŞAM MERKEZİ A/73 ÇANKAYA ANKARA;(312) 0000000;http://www.welabtr.com;welabtr.com;TET - Elektrik ve Elektronik İhracatçıları Birliği
DVM TEKNOLOJİ ANONİM ŞİRKETİ;KIZILIRMAK MAH. 1443.CADDE NO: 25B İÇ KAPI NO:8 ÇANKAYA ANKARA;(850) 3043959;www.dvm.com.tr;dvm.com.tr;TET - Elektrik ve Elektronik İhracatçıları Birliği
FOCUS KAPI OTOMASYON SİSTEMLERİ İNŞAAT VE MAKİNA SANAYİ TİCARET LİMİTED ŞİRKETİ;CEMİL MERİÇ MAH. CEMALLETTİN SK. NO:8İÇ KAPI NO:2 ÜMRANİYE İSTANBUL;(216) 3192808;http://www.focuskapi.com;focuskapi.com;TET - Elektrik ve Elektronik İhracatçıları Birliği
KALE HIRDAVAT VE MAKINE A.S.;DEFTERDAR MAH. SAVAKLAR CAD. NO.15 EYÜP İSTANBUL;02125335255;www.kalemakina.com;kalemakina.com;TET - Elektrik ve Elektronik İhracatçıları Birliği
PELKA ELEKTRIK MUHENDISLIK SAN. VE TIC.A.S.;HOŞDERE CD.NO:158/3 AYRANCI ÇANKAYA ANKARA;(312) 4417185;www.pelka.com.tr;pelka.com.tr;TET - Elektrik ve Elektronik İhracatçıları Birliği
PROMİDA DİŞ MALZEMELERİ SANAYİ TİCARET LİMİTED ŞİRKETİ;75.YIL (SULTANDERE) MAH. 3. CADDE (KÜÇÜK ORG.SAN) NO:6/A ODUNPAZARI ESKİŞEHİR;(850) 2021610;https://www.promida.com.tr/;promida.com.tr;TET - Elektrik ve Elektronik İhracatçıları Birliği
KÖKSAL FERFORJE YAPI SANAYİ VE DIŞ TİCARET LİMİTED ŞİRKETİ;MERKEZ MAHALLESİ KAĞITHANE CADDESİ NO:111/A KAĞITHANE İSTANBUL;(212) 2325391;www.koksalferforje.com;koksalferforje.com;TET - Elektrik ve Elektronik İhracatçıları Birliği
DBS TEKNOLOJİ SANAYİ VE DIŞ TİCARET LİMİTED ŞİRKETİ;BARBAROS MAHALLESİ IHLAMUR SOKAK UPHILL COURT ADAİRE:18 ATAŞEHİR İSTANBUL;(216) 6880009;www.databilisim.com;databilisim.com;TET - Elektrik ve Elektronik İhracatçıları Birliği
HANOĞLU KABLO SANAYİ VE TİCARET LTD.ŞTİ.;HALİL RIFAT PAŞA MH. PERPA TİC.MERK.A BLK. K:5 N:431 OKMEYDANI ŞİŞLİ İSTANBUL;(212) 3203258;www.hanoglukablo.com.tr;hanoglukablo.com.tr;TET - Elektrik ve Elektronik İhracatçıları Birliği
BİRTAN ELEKTRİK İÇ VE DIŞ TİC. LTD. ŞTİ.;PERPA TİC.MERKZ.A BLOK K:5 N:68 OKMEYDANI ŞİŞLİ İSTANBUL;(212) 2212315;www.birtanelektrik.com;birtanelektrik.com;TET - Elektrik ve Elektronik İhracatçıları Birliği
MARKET RAF TİCARET VE SANAYİ LTD. ŞTİ.;ÇERKEZKÖY OSB BÖLGESİ FATİH BULVARI 9. SK NO:7 KAPAKLI TEKİRDAĞ;(282) 8867210;www.erengrup.com;erengrup.com;TET - Elektrik ve Elektronik İhracatçıları Birliği
SERVOTEKNİK REGÜLATÖR ELEKTRİK ELEKTRONİK SİSTEMLERİ SANAYİ VE TİCARET LTD. ŞTİ.;SULTAN SELİM MAH.BAĞLANTI SOK.NO:14/A KAĞITHANE İSTANBUL;;www.servoteknikregulator.com;servoteknikregulator.com;TET - Elektrik ve Elektronik İhracatçıları Birliği
DELTA MOTOR SANAYİ VE TİCARET LİMİTED ŞİRKETİ;PAŞA ALANI MAH.40 SK.NO:28 KARESİ BALIKESİR;(266) 0000000;https://www.deltamotor.com.tr/;deltamotor.com.tr;TET - Elektrik ve Elektronik İhracatçıları Birliği
GENCİNOKS ENDÜSTRİYEL MUTFAK EKİPMANLARI İTH. İHR.SAN. VE TİC. LTD.ŞTİ;MAHMUTBEY MH İSTOÇ 22 ADA NO:47-49-51-53 GÜNEŞLİ BAĞCILAR İSTANBUL;(212) 6593331;www.gencinoks.com;gencinoks.com;TET - Elektrik ve Elektronik İhracatçıları Birliği
OMS ULUSLARARASI TİCARET LİMİTED ŞİRKETİ;İSTİKLAL MH VATAN CD NO:4 ESENYURT İSTANBUL;(212) 6890523;www.omscollection.com.tr;omscollection.com.tr;TET - Elektrik ve Elektronik İhracatçıları Birliği
MALKAN İÇ VE DIŞ PAZ. AŞ;KÜÇÜK KÖY KARAYOLLARI MH.559. SK. NO:16 FEVZİÇAKMAK GAZİOSMANPAŞA İSTANBUL;02125140077;www.malkan.com.tr;malkan.com.tr;TET - Elektrik ve Elektronik İhracatçıları Birliği
LABİRENT BİNA OTOMASYON VE ELEKTRONİK SİSTEMLER TİC. LTD. ŞTİ.;HASANPAŞA MAH. ATABEY SOK. 6/A 34722 KADIKÖY İSTANBUL;(216) 5455440;www.labirent.com.tr;labirent.com.tr;TET - Elektrik ve Elektronik İhracatçıları Birliği
KY MAKİNA HIRDAVAT SAN.VE TİC.LTD.ŞTİ.;PERŞEMBE PAZARI CD NO:25 BEYOĞLU İSTANBUL;(212) 2437547;www.kymakina.com;kymakina.com;TET - Elektrik ve Elektronik İhracatçıları Birliği
CRS METALURJİ İZOLASYON VE ENDÜSTRİYEL ÇÖZÜMLER SANAYİ VE TİCARET LİMİTED ŞİRKETİ;OSMAN YILMAZMAH. 648 SOKAK NO:61/B GEBZE KOCAELİ;(216) 9122071;www.crsmetalurji.com;crsmetalurji.com;TET - Elektrik ve Elektronik İhracatçıları Birliği
ESCAPİST PRODÜKSİYON TİC. LTD. ŞTİ.;KUŞTEPE MAH.MECİDİYEKÖY YOLU CAD. N:12TRUMP AVM KAT:B4 ŞİŞLİ İSTANBUL;(212) 2727150;www.ezcapist.com.tr;ezcapist.com.tr;TET - Elektrik ve Elektronik İhracatçıları Birliği
RTM ELEKTRONIK VE ELK.MALZ.SAN TIC.LTD.STI.;ALI FUAT CEBESOY CAD.YAMAC SOKNO.2 KAT.2-3-4 ÜSKÜDAR İSTANBUL;02164704601;www.rtmelektronik.com.tr;rtmelektronik.com.tr;TET - Elektrik ve Elektronik İhracatçıları Birliği
BAŞARI GÜMRÜK MÜŞAVİRLİĞİ LİMİTED ŞİRKETİ;TEVFİKBEY MAH.MERKEZ CAD.ORKİDE SOK.MÜŞAVİRLER APT.NO:11/3 SEFAKÖY KÜÇÜKÇEKMECE İSTANBUL;(212) 5800000;www.basarigumruk.net;basarigumruk.net;TET - Elektrik ve Elektronik İhracatçıları Birliği
AKSAN KALIP SANAYI VE TIC.A.S.;BEYLİKDÜZÜ O.S.B. BAKIR VE PİRİNÇ SAN. SİTESİ KARANFİL CAD. NO:15 BEYLİKDÜZÜ İSTANBUL;(212) 8764720;www.aksan-co.com;aksan-co.com;TET - Elektrik ve Elektronik İhracatçıları Birliği
SISTAS SAYISAL ILETISIM SANAYI VE TICARET A.S.;CINNAH CAD. HARABI SOK. NO:35 ÇANKAYA ANKARA;03124260500;www.sistas.com.tr;sistas.com.tr;TET - Elektrik ve Elektronik İhracatçıları Birliği
ALBAR KIMYA SAN.VE TIC.LTD.STI;SANAYİ MAH.LATİFE SOK.NO:5 İZMİT KOCAELİ;02623353169;www.albarkimya.com;albarkimya.com;TET - Elektrik ve Elektronik İhracatçıları Birliği
KRESMAK POMPA VE HİDROFOR SİSTEMLERİ İTHALAT İHRACAT VE TİCARET ANONİM ŞİRKETİ;HALKAPINAR MAH.1203/3 SOK.NO:5/F YENİŞEHİR KONAK İZMİR;(232) 4696437;www.kresmak.com.tr;kresmak.com.tr;TET - Elektrik ve Elektronik İhracatçıları Birliği
ERCAN MOBILYA VE DEKORASYON AKSESUAR SAN.VE TIC.LTD.STI.;NATO YOLU CD NO:184C İKİTELLİ OSB MH KERESTECİLER SAN SİT 5 BLOK NO:2-4 BAŞAKŞEHİR İSTANBUL ÜMRANİYE İSTANBUL;(212) 2245640;www.ercanmobilya.com.tr;ercanmobilya.com.tr;TET - Elektrik ve Elektronik İhracatçıları Birliği
EYFEL KOZMETİK ANONİM ŞİRKETİ;ORTA MAH. 30 AĞUSTOS CAD. NO: 53 TUZLA İSTANBUL;(216) 3563456;www.eyfelparfum.com.tr;eyfelparfum.com.tr;TET - Elektrik ve Elektronik İhracatçıları Birliği
STARWOOD YAPI MARKETLERİ.YAP.MALZ.SAN.VE TİC.AŞ.;ORGANİZE SAN. BÖL. 2.CAD. İNEGÖL BURSA;(224) 2943200;www.starwood.com.tr;starwood.com.tr;TET - Elektrik ve Elektronik İhracatçıları Birliği
KADEM GLOBAL DIŞ TİCARET LİMİTED ŞİRKETİ;KARŞIYAKA MAH. ÇAPANA CAD. 8 / 2 ÇINARCIK YALOVA;(226) 0000000;http://www.kademlojistik.com.tr;kademlojistik.com.tr;TET - Elektrik ve Elektronik İhracatçıları Birliği
ARAS MAKINA VE SERVIS HIZM. TIC.VE SAN.A.S.;YUZYIL M.MATBAĞCILAR SITESI NO.221 BAĞCILAR BAĞCILAR İSTANBUL;02126290433;www.arasgrup.com.tr;arasgrup.com.tr;TET - Elektrik ve Elektronik İhracatçıları Birliği
İSMAİL GÜL;ORUÇREİS MAH.TEKSTİLKENT CAD.TEKSTİLKENT GD 1 BLOKNO:10 AE İÇ KAPI NO:301 ESENLER İSTANBUL;(021) 2381331;www.kardesis.com.tr;kardesis.com.tr;TET - Elektrik ve Elektronik İhracatçıları Birliği
ELPIM MAKINA INS.ELEK.MALZ.PAZ .TIC.VE SAN.A.S.;ERENLER M.201S.NO:1 Merkez SAKARYA;02642760083;www.elpim.com.tr;elpim.com.tr;TET - Elektrik ve Elektronik İhracatçıları Birliği
PROMINENT DOZAJ TEKNİKLERİ LTD.ŞTİ;ŞERİFALİ MAH.BAYRAKTAR BLV.DERGAH SOK.NO:3 ÜMRANİYE İSTANBUL;(216) 4159980;www.prominent.com;prominent.com;TET - Elektrik ve Elektronik İhracatçıları Birliği
MOSTONTR PAZ.DÖKÜM VE MAKİNE SAN.LTD.ŞTİ.;KÖŞKLÜ CESME MH.ISTANBUL CD.563.SOKNO:15 GEBZE KOCAELİ;02626414315;www.monstontr.com;monstontr.com;TET - Elektrik ve Elektronik İhracatçıları Birliği
KABLOSET ELEKTRİK SİSTEMLERİ OTO.SAN.TİC.LTD.ŞTİ.;DUMLUPINAR MH. BEHRAMKALE CD. B-3/B NİLÜFER BURSA;(224) 2560532;http://www.kablosetelektrikis.com;kablosetelektrikis.com;TET - Elektrik ve Elektronik İhracatçıları Birliği
BİOVA ENERJİ VE TARIM YATIRIMLARI ANONİM ŞİRKETİ;ESENTEPE MAH. ALİ KAYA SK. APA NEF PLAZA BLOK NO: 3 İÇ KAPI NO: 29 ŞİŞLİ İSTANBUL;(212) 4447825;http://www.uck.com.tr;uck.com.tr;TET - Elektrik ve Elektronik İhracatçıları Birliği
GNC PROSES OTOMASYON ELEKTRİK ELEKTRONİK MÜHENDİSLİK SANAYİ TİCARET LİMİTED ŞİRKETİ;ŞERİFALİ MAH.TURGUT ÖZAL BUL. NO:176 İÇ KAPI NO:2 ÜMRANİYE İSTANBUL;(216) 0000000;http://www.gncproses.com;gncproses.com;TET - Elektrik ve Elektronik İhracatçıları Birliği
MMK METALURJİ SAN.TİC.VE LİMAN İŞLETMECİLİĞİ A.Ş.;ÖZERLİ MAH. ALPARSLAN TÜRKEŞ BULV.NO.342/91 DÖRTYOL HATAY;(326) 7701000;www.mmkturkey.com.tr;mmkturkey.com.tr;TET - Elektrik ve Elektronik İhracatçıları Birliği
ÇZM REKLAM VE ULUSLARARASI TİC LTD ŞTİ;ÇINAR MH851 SK NO:8A BAĞCILAR İSTANBUL;(212) 0000000;http://tambelaimalati.net;tambelaimalati.net;TET - Elektrik ve Elektronik İhracatçıları Birliği
IGO PVC ALÜMINYUM SANAYI VE DIS TICARET LIMITED SIRKETI;KAVACIK MH ÖGE SK NO:29A BEYKOZ İSTANBUL;(216) 0000000;www.igopvc.com;igopvc.com;TET - Elektrik ve Elektronik İhracatçıları Birliği
ERMED REHABILITASYON VE SAGLIK GEREC.SAN.TIC.LTD.STI.;MILLET CAD.KARAGUL IS MERKEZINO:84/15 FATİH İSTANBUL;02125312619;www.ermedrehabilitasyon.com.tr;ermedrehabilitasyon.com.tr;TET - Elektrik ve Elektronik İhracatçıları Birliği
ELİTVET HAYVAN SAĞLIĞI ANONİM ŞİRKETİ;MEHMET AKİF MAH. REYHAN SK. NO:8/A ÜMRANİYE İSTANBUL;(216) 3640550;www.elitvet.com;elitvet.com;TET - Elektrik ve Elektronik İhracatçıları Birliği
KAYALAR KİMYA SANAYİ VE TİCARET ANONİM ŞİRKETİ;TUZLA KİMYA SAN. ORG. BÖLG. TEM YAN YOL CAD. F-1 BLOK TUZLA İSTANBUL;(216) 5930727;www.kayalarkimya.com.tr;kayalarkimya.com.tr;TET - Elektrik ve Elektronik İhracatçıları Birliği
METIS BIYOTEK.VE DIS TIC.LTD. STI.;SARAY MAH 185 SOK NO 4 KAZAN KAHRAMANKAZAN ANKARA;(312) 3976499;www.metisbio.com;metisbio.com;TET - Elektrik ve Elektronik İhracatçıları Birliği
DOĞUŞ MEDİKAL TİC. VE SAN. LTD.ŞTİ.;KALE MAH. OSMANİYE CAD. 8/L MERKEZ SAMSUN;(362) 4315758;www.loreca.com;loreca.com;TET - Elektrik ve Elektronik İhracatçıları Birliği
MİR İSTANBUL İÇ VE DIŞ TİCARET LİMİTED ŞİRKETİ;TAHTAKALE MH TAHTAKALE CD ZAZAHAN NO:20/307 FATİH İSTANBUL;(212) 6915555;www.miristanbul.com;miristanbul.com;TET - Elektrik ve Elektronik İhracatçıları Birliği
VALEN BİLGİ TEKNOLOJİLERİ ANONİM ŞİRKETİ;İÇERENKÖY MH.A.NİHAT TARHAN CD.NO:108DEMİRCİOĞLU İŞ MERKEZİ K:5 ATAŞEHİR İSTANBUL;(216) 3488258;www.valen.com.tr;valen.com.tr;TET - Elektrik ve Elektronik İhracatçıları Birliği
DARİ AYDINLATMA ELEKTRİK TEKSTİL İTHALAT İHRACAT SANAYİ VE TİCARET LİMİTED ŞİRKETİ;EMEKYEMEZ MAH. YÜKSEK MİNARE SK. İŞ HANI NO 144 İÇ KAPI NO: 2 BEYOĞLU İSTANBUL;(212) 2929034;http://www.dariaydinlatma.com;dariaydinlatma.com;TET - Elektrik ve Elektronik İhracatçıları Birliği
AEC MÜHENDİSLİK ELEKTRİK TAAHHÜT İNŞ.SAN.VE TİC.LTD.ŞTİ.;CEVİZLİ MH BAĞDAT CD NO:538 OF İSTANBUL PLAZA KAT:4/41 KÜÇÜKYALI MALTEPE İSTANBUL;(216) 5491087;www.aecmuhendislik.com.tr;aecmuhendislik.com.tr;TET - Elektrik ve Elektronik İhracatçıları Birliği
KÖSEDAĞ DIŞ TIC.LTD.ŞTİ.;IST. TUZLA ORG. SAN. BÖLG. 2.CAD. 1ESKI ANKARA YOLU TUZLA İSTANBUL;02165932400;www.kosedag.com;kosedag.com;TET - Elektrik ve Elektronik İhracatçıları Birliği
EA OTOMASYON ELEKTRİK ELEKTRONİK MÜH. TESİSAT TAAH. HİDROLİK PNÖMATİK İNŞ. SAN. VE TİC. LTD.ŞTİ.;NİLÜFER ORG. SAN. BÖLG. 204 SK. NO:5/A NİLÜFER BURSA;(224) 4111635;www.eamuhendislik.com.tr;eamuhendislik.com.tr;TET - Elektrik ve Elektronik İhracatçıları Birliği
ADEN OTOMATİK KAPI VE PANJUR SİSTEMLERİ TİC. LTD. ŞTİ.;BÜYÜKBAKKALKÖY MAH. ÜSKÜDAR CAD. NO:5/4 MALTEPE/İSTANBUL MALTEPE İSTANBUL;(212) 4267050;www.adenotomasyon.com.tr;adenotomasyon.com.tr;TET - Elektrik ve Elektronik İhracatçıları Birliği
EKO PROFİL MAKİNA SİSTEMLERİ SAN. VE TİC. LTD.ŞTİ.;FENERKÖY MAH. MAKBULE HANIM CAD. NO:79/1 P.K.34570 FENERKÖY MAH SİLİVRİ İSTANBUL;(212) 7172510;www.ekoprofil.com.tr;ekoprofil.com.tr;TET - Elektrik ve Elektronik İhracatçıları Birliği
GUNEYLILER YAPI MALZ.SAN.VE TIC.LTD.STI.;İÇERENKÖY MH ÇAYIROĞLU SK N:6/A ATAŞEHİR İSTANBUL;(216) 4118757;www.guneylileryapi.com;guneylileryapi.com;TET - Elektrik ve Elektronik İhracatçıları Birliği
ÇETİN GRUP ENERJİ ÜRETİM SİST. İNŞ. BİL. PLAT. SAN. VE TİC. ANONİM ŞİRKETİ;OSB. 34.CD NO:22 ODUNPAZARI ESKİŞEHİR;(222) 2369055;www.cetingrup.com.tr;cetingrup.com.tr;TET - Elektrik ve Elektronik İhracatçıları Birliği
DOGUS PLASTIK MAKINE KALIP ASK I SAN.VE TIC.LTD.STI.;MALTEPE MAH. GÜMÜŞSUYU CAD.IŞIKSAN SIT. NO:21-C ZEYTİNBURNU İSTANBUL;02124811188;www.dogusaski.com.tr;dogusaski.com.tr;TET - Elektrik ve Elektronik İhracatçıları Birliği
EN-KON ENDÜSTRİYEL KONTROL ELEKTRONİK MÜH.SAN.VE TİC.LTD.ŞTİ.;ÖZANKARA SAN.SİT.674.SK.NO:34 İVEDİKORGANİZESANAYİ YENİMAHALLE ANKARA;(312) 3945076;www.en-kon.com;en-kon.com;TET - Elektrik ve Elektronik İhracatçıları Birliği
GAMIDOR DIAGNOSTIK LABORATUVAR URUNL.HIZM.PAZ.LTD.STI.;GAYRETTEPE MAH.HOŞSOHBET SOK.GÜN APT. NO :3/1/1 BEŞİKTAŞ İSTANBUL;(212) 3478470;www.gamidor.com.tr;gamidor.com.tr;TET - Elektrik ve Elektronik İhracatçıları Birliği
GÖKHAN AKGÜN;HALİL RIFAT PAŞA MH. YÜZER HAVUZ SK. PERPA TİCARETMERKEZİ A BLOK NO:1 İÇ KAPI NO:1285 ŞİŞLİ İSTANBUL;(212) 0000000;http://www.alinetbilisim.com;alinetbilisim.com;TET - Elektrik ve Elektronik İhracatçıları Birliği
SET İSKELE KALIP SAN.TİC.LTD.ŞTİ.;ELİT GRAND PALAS YENİ ŞEHİR MH. ŞEFİKA SK. NO:4 K:1/78 YENİŞEHİR PENDİK İSTANBUL;(216) 4824108;www.setiskele.com;setiskele.com;TET - Elektrik ve Elektronik İhracatçıları Birliği
TEKZEN TİCARET VE YATIRIM A.Ş.;CENDERE CAD. NO.30 BAB PLAZA KAT 6-7-8 TEKZEN TİCARET VE YATIRIM A.Ş. MERKEZ 34406 KAĞITHANE İSTANBUL;(212) 6601011;www.tekzen.com.tr;tekzen.com.tr;TET - Elektrik ve Elektronik İhracatçıları Birliği
KARDIOSTAR TIBBI CİHAZLAR MEDİKAL ÜR.İNŞ.TEKS.İTH.İHR.SAN VE TİC LTD ŞTİ.;MUSTAFA KEMAL MH 2142 CD 7/3 ÇANKAYA ANKARA;(850) 7231919;http://www.kardiostar.com.tr;kardiostar.com.tr;TET - Elektrik ve Elektronik İhracatçıları Birliği
STUDIO GOOD DESIGN PROJE MİMARLIK İNŞAAT SANAYİ VE TİCARET LİMİTED ŞİRKETİ;ALTAYÇEŞME MAH. ÖĞRETİR SK. İLKE APT NO:4 / 5 MALTEPE İSTANBUL;;www.studiogooddesing.com;studiogooddesing.com;TET - Elektrik ve Elektronik İhracatçıları Birliği
ATIL AYDINLATMA SAN. VE TIC. LTD.STI.;YÜKSEK MINARE SK. BARIS HAN NO12/B BEYOĞLU İSTANBUL;02122539430;www.atilaydinlatma.com.tr;atilaydinlatma.com.tr;TET - Elektrik ve Elektronik İhracatçıları Birliği
ALİM REKLAM LİMİTED ŞİRKETİ;KÜÇÜKBALIKLI MAH. 2.KÖŞK.CAD. NO:33A OSMANGAZİ BURSA;(224) 0000000;https://www.alimreklam.com.tr;alimreklam.com.tr;TET - Elektrik ve Elektronik İhracatçıları Birliği
EMAS MAKİNA SANAYİ A.Ş.;ESENTEPE MAHALLESİ KASAP SOKAKNO: 15/1 ŞİŞLİ İSTANBUL;(212) 3701400;www.emas.com.tr;emas.com.tr;TET - Elektrik ve Elektronik İhracatçıları Birliği
AYZE PROSES OTOMASYON VE TİCARET LİMİTED ŞİRKETİ;ALAADDİNBEY MAH. 632. SK. NO: 6 A NİLÜFER BURSA;(224) 0000000;http://www.ayzeproses.com;ayzeproses.com;TET - Elektrik ve Elektronik İhracatçıları Birliği
SEMCARES İTHALAT İHRACAT LİMİTED ŞİRKETİ;TAŞYONCASI SOK. MASLAK 1453 SİTESİ 1S C14 BLOK, İÇ KAPI NO. Z4 NO:81 MASLAK MAH 34485 MASLAK, İSTANB SARIYER İSTANBUL;(212) 8032808;www.semcares.com.tr;semcares.com.tr;TET - Elektrik ve Elektronik İhracatçıları Birliği
ZERODENT TIBBİ MALZEME SANAYİ VE TİCARET LİMİTED ŞİRKETİ;UYGAR SOKAK NO:10 A MOLLAGÜRANİ 34500 FATİH, İSTANBUL, TÜRKİYE FATİH İSTANBUL;(212) 5889501;www.zerodent.com.tr;zerodent.com.tr;TET - Elektrik ve Elektronik İhracatçıları Birliği
BOTERSAN ENDUSTRIYEL TESISLER IMALAT VE SATIS A.S.;BEYLIKDÜZÜ BAKIR VE PIRINÇSAN.SIT M.KURTOĞLU CD. NO:25 BÜYÜKÇEKMECE İSTANBUL;02128751162;www.botersan.com.tr;botersan.com.tr;TET - Elektrik ve Elektronik İhracatçıları Birliği
KEMAL KAŞO BÜRO OKUL REK.GERÇ. İML.SAN.VE TİC.LTD.ŞTİ;MEHMET KİF CAD.1.SOK.NO:23HAYDAR AKIN 2 ISMERK. K.3 BAHÇELİEVLER İSTANBUL;(212) 4510510;www.kemalkaso.com.tr;kemalkaso.com.tr;TET - Elektrik ve Elektronik İhracatçıları Birliği
WATT ISI SANAYİ VE TİCARET LİMİTED ŞİRKETİ;UNALAN MAH. ÜNSALAN CAD. UĞURLU SOKAK NO.5 /A ÜSKÜDAR İSTANBUL;(216) 0000000;http://www.wattisi.com;wattisi.com;TET - Elektrik ve Elektronik İhracatçıları Birliği
EUROMAK TEKSTİL MAKİNE SANAYİ VE DIŞ TİC. LTD.ŞTİ.;CUMHURİYET MAH. GÜRPINAR YOLU CAD. NO.5 AKAYA MİLENİUM İŞ MERK. KAT. 8 D.148 BÜYÜKÇEKMECE BÜYÜKÇEKMECE İSTANBUL;(212) 0000000;www.euromakeu.com;euromakeu.com;TET - Elektrik ve Elektronik İhracatçıları Birliği
SIRMA ELEKTRIK KOMURLERI SAN. VE TIC.A.S.;YEŞİLCE MAH. 4. LEVENT OTO SAN. SİT.ÇELİK CAD. NO.57/2 SEYRANTEPE KAĞITHANE İSTANBUL;(212) 2824799;www.sirmaschunk.com;sirmaschunk.com;TET - Elektrik ve Elektronik İhracatçıları Birliği
RUME ELEKTRİK MÜHENDİSLİK OTOMOTİV İNŞAAT SANAYİ VE TİCARET ANONİM ŞİRKETİ;ODUNLUK MAH.İBRAHİM İŞSEVENLER CAD. NO:12 NİLÜFER BURSA;(224) 4412226;http://www.rume.com.tr;rume.com.tr;TET - Elektrik ve Elektronik İhracatçıları Birliği
NOR ELEKTRONIK SANAYI VE TICARET LTD.STI.;ESENŞEHİR MAH.İLKYAZ SOK.N:85/1 YUKARIDUDULLU ÜMRANİYE İSTANBUL;(216) 3706811;www.normist-tr.com;normist-tr.com;TET - Elektrik ve Elektronik İhracatçıları Birliği
K PROSES TEKNOLOJİ ENDÜSTRİ ÜRÜNLERİ VE ENERJİ SANAYİ TİCARET LİMİTED ŞİRKETİ;BARBAROS MAH. BEGONYA SK. NİDAKULE ATAŞEHİR BATI NNO:1/2 ATAŞEHİR İSTANBUL;(212) 2496051;http://www.kproses.com;kproses.com;TET - Elektrik ve Elektronik İhracatçıları Birliği
İZODEPO İNŞAAT SANAYİ VE TİCARET LİMİTED ŞİRKETİ;YENİŞEHİR MAH SÜMBÜL SK NO:10 K:2 D:57 PENDİK İSTANBUL;(216) 9995235;www.izodepo.com;izodepo.com;TET - Elektrik ve Elektronik İhracatçıları Birliği
PORS MEDİKAL TİCARET LİMİTED ŞİRKETİ;İKİTELLİ OSB MAHALLESİ SÜLEYMAN DEMİREL BLV.HESKOOP SANAYİ SİTESİ SİT YUSER İŞ MERKEZİ APTNO33 BAŞAKŞEHİR İSTANBUL;(212) 6701292;www.porsmedikal.com;porsmedikal.com;TET - Elektrik ve Elektronik İhracatçıları Birliği
GÜRSEL ELEKTRİK ELEKTRONİK SAN. VE TİC. LTD.ŞTİ.;HALİTRIFATPAŞA MAH.PERPA TİC.MERKEZİA BLOK KAT:5 NO:198 ŞİŞLİ İSTANBUL;(212) 2102874;www.gurselelektrik.com.tr;gurselelektrik.com.tr;TET - Elektrik ve Elektronik İhracatçıları Birliği
DURAZER METAL SANAYİ VE TİCARET ANONİM ŞİRKETİ;KÖSELER MAH. 6. CAD. NO: 20 İÇ KAPI NO:2 DİLOVASI KOCAELİ;;https://durazer.com.tr/;durazer.com.tr;TET - Elektrik ve Elektronik İhracatçıları Birliği
EGE MAKINA VE TEKNIK MALZ.SAN. VE TIC.LTD.STI.;ARAPCAMİ MAH. TERSANE CAD.BAKIR SOK. NO.4 BEYOĞLU İSTANBUL;(212) 2374040;www.egemakina.com.tr;egemakina.com.tr;TET - Elektrik ve Elektronik İhracatçıları Birliği
TÜR-MAK MAK.SAN.VE TİC.A.Ş;OTO SANAYI SITESI ÇELIK SOK. NO.634. LEVENT KAĞITHANE İSTANBUL;(212) 2815104;www.turmak.com;turmak.com;TET - Elektrik ve Elektronik İhracatçıları Birliği
BİOSER MEDİKAL OTOMOTİV DIŞ TİC. LTD. ŞTİ.;ALTUNİZADE MAH. OKUL SK. NO:1 B İÇ KAPI NO : 13 ÜSKÜDAR İSTANBUL;(216) 3390030;http://www.biosermedikal.com;biosermedikal.com;TET - Elektrik ve Elektronik İhracatçıları Birliği
SOFT COSMETİK AKADEMİ MEDİKAL SAĞLIK ÜRÜNLERİ PAZARLAMA İTHALAT İHRACAT LİMİTED ŞİRKETİ;GÜMÜŞPALA MAH. KAYNATA SOK.NO:2 İÇ KAPI NO:3 AVCILAR İSTANBUL;;http://www.softcosmetic.com.tr;softcosmetic.com.tr;TET - Elektrik ve Elektronik İhracatçıları Birliği
RAM OLCU VE KONTROL SISTEMLERI DIS TIC.LTD.STI.;ORUÇ REİS MAH. TEKSTİL KENT TİCARET MERKEZİ A-4 BLOK NO 26 ATISALANI ESENLER İSTANBUL;(212) 3200995;www.ramolcu.com;ramolcu.com;TET - Elektrik ve Elektronik İhracatçıları Birliği
GIRGIN TIBBI CIHAZLAR SAN.IÇ VE DIŞ TIC.LTD.ŞTI.;YILDIZ POSTA CAD. REFABEY SOK.NO:16 3/9 GAYRETTEPE BEŞİKTAŞ İSTANBUL;02122745814;www.girgin-ltd.com;girgin-ltd.com;TET - Elektrik ve Elektronik İhracatçıları Birliği
UĞUR AKKAYA;MAHMUTBEY MH İSTOÇ TOPTANCILAR ÇARŞISI 2430 SK 11 ADA NO157-159 BAĞCILAR İSTANBUL;(212) 6597836;www.akkayamutfak.com;akkayamutfak.com;TET - Elektrik ve Elektronik İhracatçıları Birliği
ÜNAL MUTFAK GEREÇLERİ SANAYİ VE TİCARET LİMİTED ŞİRKETİ;MAHMUTBEY MH İSTOÇ TİCARET MERKEZİ 11ADA NO:145-147-149-151 BAĞCILAR İSTANBUL;(212) 6598028;www.unalmutfak.com;unalmutfak.com;TET - Elektrik ve Elektronik İhracatçıları Birliği
TEKNODA TEKNOLOJIK ÜRÜNLER DAĞITIM VE PAZARLAMA SANAYİ TICARET ANONİM ŞİRKETİ;1362 S.NO:55 D:2 0 KONAK İZMİR;02324465040;http://www.teknoda.com.tr;teknoda.com.tr;TET - Elektrik ve Elektronik İhracatçıları Birliği
KLEBMARKT KİMYA SANAYİ VE TİCARET LİMİTED ŞİRKETİ;ORTA MAH. ATAYOLU CAD. BOYA VE VERNİKÇİLER SAN. NO:8 NO:57 TUZLA İSTANBUL;2169122913;www.klebmarkt.com;klebmarkt.com;TET - Elektrik ve Elektronik İhracatçıları Birliği
COŞKUN MELENGİÇ KUYUMCULUK SANAYİ VE TİCARET LİMİTED ŞİRKETİ;MİMAR KEMALLETTİN MAH. ŞAİR HAŞMET SOK. NO.16/A EMİNÖNÜ/CAĞALOĞLU FATİH İSTANBUL;(212) 5168383;www.diamondgold.com.tr;diamondgold.com.tr;TET - Elektrik ve Elektronik İhracatçıları Birliği
BAYRAKTAR MADENI ESYA SANAYİ VE TİCARET LİMİTED ŞİRKETİ;MAHMUTBEY MH İSTOÇ 12 ADA NO:168 BAĞCILAR İSTANBUL;(212) 6597800;www.bayraktarmutfak.com;bayraktarmutfak.com;TET - Elektrik ve Elektronik İhracatçıları Birliği
GÖKERMAK ELEKTROTEKNİK SANAYİ LTD. ŞTİ.;DİKYOL SOKAK NO : 2 D: 151MERDİVENKÖY 34732 KADIKÖY İSTANBUL;(216) 3274056;www.adels-gokermak.com;adels-gokermak.com;TET - Elektrik ve Elektronik İhracatçıları Birliği
DIGIFILM SAGLIK HIZM.SAN.VE TIC.LTD.STI.;PERPA TIC.MERK.B BLOK K:5 N:403 ŞİŞLİ İSTANBUL;02123200300;www.digifilm.com.tr;digifilm.com.tr;TET - Elektrik ve Elektronik İhracatçıları Birliği
ESTA ELEKTRİK ELEKTRONİK SAN.VE TİC.LTD.ŞTİ.;YUKARI RAHMANLAR DOĞU CD.NO:52/B KARTAL İSTANBUL;(216) 6613727;www.estagrup.com;estagrup.com;TET - Elektrik ve Elektronik İhracatçıları Birliği
GRAFTEK GRAFIK BILG.TEKNOLOJI MUH.HIZM.VE TIC.A.S.;KAPTANLAR CAD. NO.28 BEYKOZ İSTANBUL;02164254781;www.graftek.com.tr;graftek.com.tr;TET - Elektrik ve Elektronik İhracatçıları Birliği
GAMPAŞ AMBALAJ SANAYİ VE TİCARET A.Ş.;ZAFER MAH. 176 SOKAK NO:3 KAT-1 ESENYURT ESENYURT İSTANBUL;(212) 4234020;www.gampas.net;gampas.net;TET - Elektrik ve Elektronik İhracatçıları Birliği
İSTANBUL KAZAN İMALAT MAK.İNŞ.SAN.VE TİC.LTD.ŞTİ.;EYÜP SULTAN MAH. YIL SOK. NO:2F SANCAKTEPE İSTANBUL;(216) 5610749;www.istanbulkazan.com.tr;istanbulkazan.com.tr;TET - Elektrik ve Elektronik İhracatçıları Birliği
YETKİN TIBBİ CİHAZLAR LİMİTED ŞİRKETİ;YENİŞEHİR MAH.TURGUT ÖZAL BULVARI NO:36/14 ATAŞEHİR İSTANBUL;(216) 4558040;www.yetkinmedikal.com;yetkinmedikal.com;TET - Elektrik ve Elektronik İhracatçıları Birliği
VİN LOJİSTİK VE TİCARET LİMİTED ŞİRKETİ;İDEALTEPE MAH. PANAROMA SOK.ÇAKIROĞLU BLOK.NO:11-2 MALTEPE İSTANBUL;(216) 3678583;http://turkishroadcargo.com;turkishroadcargo.com;TET - Elektrik ve Elektronik İhracatçıları Birliği
BURSA TOPRAK PLASTİK İNŞAAT OTOMOTİV SANAYİ VE TİCARET LİMİTED ŞİRKETİ;ALAATTİN BEY MAH ALAATTİN BEY KÖY YOLU CAD NO:13 NİLÜFER BURSA;(224) 4131722;http://www.toprakteknik.com.tr/;toprakteknik.com.tr;TET - Elektrik ve Elektronik İhracatçıları Birliği
NURİ ÇİÇEK;ŞEMSİ PAŞA MH 43 SK NO:6 GAZİOSMANPAŞA İSTANBUL;(212) 4178086;www.nurelaricilikmalzemeleri.com;nurelaricilikmalzemeleri.com;TET - Elektrik ve Elektronik İhracatçıları Birliği
SERT PLASTİK ELEKTRİK SANAYİ VE TİCARET LTD.ŞTİ.;GÖZTEPE MAH. İSTOÇ 2. CADDE BURAK PLAZA A-2 BLOK NO:1/81 BAĞCILAR İSTANBUL;(212) 8558355;www.sertplastik.com.tr;sertplastik.com.tr;TET - Elektrik ve Elektronik İhracatçıları Birliği
GÜLERYÜZ OTO YEDEK PARÇA SANAYİ VE TİCARET LİMİTED ŞİRKETİ;TUNA MAH. OSMANGAZİ CAD. 118 ESENLER İSTANBUL;(212) 5122325;www.guleryuzoto.com;guleryuzoto.com;TET - Elektrik ve Elektronik İhracatçıları Birliği
HAN MİMARİ TASARIM TURİZM İNŞ. SAN. VE DIŞ TİC. A.Ş;HACI EMİN EFENDİ SOK. İZMİR APT.NO:32/A NİŞANTAŞI ŞİŞLİ İSTANBUL;(212) 2315513;www.space.com.tr;space.com.tr;TET - Elektrik ve Elektronik İhracatçıları Birliği
MRS REDRESÖR MAKİNE LİMİTED ŞİRKETİ;İ.O.S.B.MAH.TORMAK P BLOK SOK.N:32 BAŞAKŞEHİR İSTANBUL;(212) 4440677;www.crsmrs.com;crsmrs.com;TET - Elektrik ve Elektronik İhracatçıları Birliği
MARGEN KARA VE DENİZ MAK.SAN.VE TİC.A.Ş.;RAUF ORBAY CAD.NO:19 TUZLA İSTANBUL;02164461952;www.margen.com.tr;margen.com.tr;TET - Elektrik ve Elektronik İhracatçıları Birliği
OĞUZHAN ALÜMİNYUM SANAYİ TİCARET LİMİTED ŞİRKETİ;ESENŞEHİR MH KURTULUŞ CD ZEMHERİ SK NO:2 ESENŞEHİR ÜMRANİYE İSTANBUL;(216) 5262444;www.oguzhansineklik.com.tr;oguzhansineklik.com.tr;TET - Elektrik ve Elektronik İhracatçıları Birliği
ASTER YEDEK PARÇA OTOMOTİV SANAYİ VE TİCARET LİMİTED ŞİRKETİ;MALTEPE MAH. DAVUTPAŞA ÇİFTE HAVUZLAR SK. ERCİYESSANAYİ A BLOK NO: 11 A İÇ KAPI NO: 64 ZEYTİNBURNU İSTANBUL;(212) 0000000;http://asterotomotiv22@gmail.com;asterotomotiv22@gmail.com;TET - Elektrik ve Elektronik İhracatçıları Birliği
KALIPSAN KALIP PLASTİK VE AMBALAJ SANAYİ TİCARET LİMİTED ŞİRKETİ;CİHANGİR MAH.DOLUM TESİSLERİ MEVKİİ ŞEHİT KOMANDO ONBAŞI UĞUR HANCI SOK.NO:12/A AVCILAR İSTANBUL;(212) 4226390;www.kalipsan.com.tr;kalipsan.com.tr;TET - Elektrik ve Elektronik İhracatçıları Birliği
MARTIN ENGINEERING MAKİNA SANAYİ VE TİCARET LİMİTED ŞİRKETİ;YUKARI DUDULLU M. IMES SAN SİT. B-205 SOKAK NO:06 ÜMRANİYE İSTANBUL;02164993491;www.martin-eng.com.tr;martin-eng.com.tr;TET - Elektrik ve Elektronik İhracatçıları Birliği
LABTEDARİK LABORATUVAR CİHAZLARI LTD. ŞTİ.;ORUÇREİS MAH. TEKSTİLKENT İŞ MERKEZİ B9 BLOK NO:75 ESENLER İSTANBUL;(212) 4252583;www.labtedarik.com;labtedarik.com;TET - Elektrik ve Elektronik İhracatçıları Birliği
SELLMED TURKEY SAĞLIK MEDİKAL SANAYİ VE TİCARET ANONİM ŞİRKETİ;ATATURK MH. YUNUS EMRE SK. NO:22/A SARUHANLI MANİSA;(236) 0000000;http://www.sellmed.eu;sellmed.eu;TET - Elektrik ve Elektronik İhracatçıları Birliği
BITUM TEKNIK IZOLASYON SAN.VE DIS TIC.LTD.STI.;3. ORG. SAN. BÖLG. 3.YOL 51 SÖĞÜTLÜ SAKARYA;02646812100;www.bitum.com.tr;bitum.com.tr;TET - Elektrik ve Elektronik İhracatçıları Birliği
BIOMEDICAL RESOURCES SAĞLIK ÜRÜNLERİ İÇ VE DIŞ TİCARET LTD. ŞTİ;ZİYA GÖKALP MAH. SÜLEYMAN DEMİREL BULVARITHE OFFİCE BLOK N:7 /136 BAŞAKŞEHİR İSTANBUL;(212) 9823075;http://www.biomedicalresources;biomedicalresources;TET - Elektrik ve Elektronik İhracatçıları Birliği
BOER BİLİŞİM SANAYİ VE TİC.A.Ş;YUKARI DUDULLU MAH. TAVUKÇUYOLU CAD.DEMİRTÜRK SOK. NO:8 ÜMRANİYE İSTANBUL;(216) 5261313;www.boer.com.tr;boer.com.tr;TET - Elektrik ve Elektronik İhracatçıları Birliği
IEC TELECOM TELEKOMÜNİKASYON TİCARET LİMİTED ŞİRKETİ;CEVİZLİ MH.MUSTAFA KEMAL CD.HUKUKÇULAR TOW.SİT.A BL.66/A39 KARTAL İSTANBUL;(216) 9701608;iec-telecom.com;iec-telecom.com;TET - Elektrik ve Elektronik İhracatçıları Birliği
INTENSEYE YAZILIM ANONİM ŞİRKETİ;NİSBETİYE MAH.NİSBETİYE CAD. NO:24 İÇ KAPI NO:17 BEŞİKTAŞ İSTANBUL;(212) 6925999;http://www.intenseye.com;intenseye.com;TET - Elektrik ve Elektronik İhracatçıları Birliği
RADIKAL ELEKTRONİK SANAYİ VE DIŞ TİCARET LTD.ŞTİ;IHLAMUR YILDIZ C.KEŞŞAF S.SATIROGLU ISHANI N:4/2 BEŞİKTAŞ İSTANBUL;02122597971;www.radikaltr.com;radikaltr.com;TET - Elektrik ve Elektronik İhracatçıları Birliği
CONSOLE OTOMASYON SİSTEMLERİ ANONİM ŞİRKETİ;DUDULLU OSB MAH. DES-1 CAD. DES TİCARET MERKEZİNO:3/20 ÜMRANİYE İSTANBUL ÜMRANİYE İSTANBUL;(216) 9990672;http://www.consoleng.com;consoleng.com;TET - Elektrik ve Elektronik İhracatçıları Birliği
CBC COOLER BOX COMPANY ELEKTRONİK EŞYA SATIŞ VE PAZARLAMA ANONİM ŞİRKETİ;75. YIL MAH. 5301 SOK. NO:18A YUNUS EMRE MANİSA;(236) 2131212;http://www.coolerboxcompany.com.tr;coolerboxcompany.com.tr;TET - Elektrik ve Elektronik İhracatçıları Birliği
API DANIŞMANLIK YAZILIM VE EĞİTİM HİZMETLERİ LİMİTED ŞİRKETİ;HALİL RIFAT PAŞA MH. YÜZER HAVUZ SK. NO:8/13 AK PLAZA ŞİŞLİ İSTANBUL;(850) 3080274;https://apiteknoloji.com.tr;apiteknoloji.com.tr;TET - Elektrik ve Elektronik İhracatçıları Birliği
EROL KOC - ERKOC MUHENDISLIK;SANAYI CAD. NO:31/16 ALTINDAĞ ANKARA;03123242890;www.erkocmuh.com.tr;erkocmuh.com.tr;TET - Elektrik ve Elektronik İhracatçıları Birliği
OPTİMUM OTOM.END.VE ELEK.MALZ.SAN.TİC.LTD.ŞTİ.;YUKARI DUDULLU ŞERİFALİ MAH. ALPTEKİN SOK. NO:12 KAT :3 YUKARIDUDULLU ÜMRANİYE İSTANBUL;(216) 3140028;www.optimumotomasyon.com;optimumotomasyon.com;TET - Elektrik ve Elektronik İhracatçıları Birliği
ASFER YAPI RESTORASYON SANAYİ VE TİCARET A.Ş.;BULGURLU CD NO:106 D:1 ÜSKÜDAR İSTANBUL;(216) 6507085;www.asferyapi.com.tr;asferyapi.com.tr;TET - Elektrik ve Elektronik İhracatçıları Birliği
AHB BİLİŞİM ELEKTRİK ELEKTRONİK SAN. TİC. LTD. ŞTİ;MERKEZ MAH. VATAN CAD. 52018 SOK. NO: 18 ATABAY3 SİDERYA APT. 1, D:4, MEZİTLİ MERSIN;;https://ahbbilisim.com/;ahbbilisim.com;TET - Elektrik ve Elektronik İhracatçıları Birliği
ENER OTOMASYON ELEKTRİK SANAYİ VE TİCARET LİMİTED ŞİRKETİ;ÇINARLI MAH. FATİH CAD. NO:16-18 K:14 D:1404/44 KONAK İZMİR;(232) 4331435;www.enerotomasyon.com.tr;enerotomasyon.com.tr;TET - Elektrik ve Elektronik İhracatçıları Birliği
FİTPAK AMBALAJ VE KİMYA SANAYİ TİCARET ANONİM ŞİRKETİ;İSMAİL TİRYAKİ CAD. NO:14 M.O.S.B. 4. KISIM MERKEZ MANİSA;(236) 2140717;www.fitpak.com.tr;fitpak.com.tr;TET - Elektrik ve Elektronik İhracatçıları Birliği
KARTAL ELEKT.KARBON METAL SAN. VE TIC.LTD.STI.;PERSEMBE PAZARI C.KUCUK TASHAN NO.2/1 BEYOĞLU İSTANBUL;02122386960;http://www.kartal-elektrik.com.tr;kartal-elektrik.com.tr;TET - Elektrik ve Elektronik İhracatçıları Birliği
SMR ENDÜSTRİYEL MUTFAK SANAYİ VE DIŞ TİCARET LİMİTED ŞİRKETİ;SEYRANTEPE MAH. ÇIĞIRTKAN SOK. NO:4 GİRİŞ KAT KAĞITHANE İSTANBUL;(212) 2804964;www.smrprofessional.com;smrprofessional.com;TET - Elektrik ve Elektronik İhracatçıları Birliği
NÜANS GÜMRÜK MÜŞAVİRLİĞİ TİCARET LTD.ŞTİ.;MAHMUTBEY MH.2427. SOK. NO:112 MAHMUTBEY BAĞCILAR İSTANBUL;(212) 6590610;www.nuansgumruk.com;nuansgumruk.com;TET - Elektrik ve Elektronik İhracatçıları Birliği
GEMADOOR MİMARLIK MOBİLYA SAN. VE TİC.LTD.ŞTİ.;SELAHADDİN EYYUBİ MAH. PİRİREİS CAD. NO:10/A ESENYURT İSTANBUL;(212) 6112023;www.gemadoor.com;gemadoor.com;TET - Elektrik ve Elektronik İhracatçıları Birliği
GENSA MÜHENDİSLİK JENERATÖR SAN. TİC. LTD. ŞTİ.;İ.O.S.B. SEFAKÖY SAN. SİT. 17.BLOK NO.9 BAŞAKŞEHİR İSTANBUL;(212) 5494942;www.gensamuhendislik.com;gensamuhendislik.com;TET - Elektrik ve Elektronik İhracatçıları Birliği
ABB METAL ALÜMİNYUM SANAYİ VE TİCARET LTD.ŞTİ.;PELİTLİ MAH MADEN CAD NO 30 GEBZE KOCAELİ;(262) 7512070;www.duraline.com.tr;duraline.com.tr;TET - Elektrik ve Elektronik İhracatçıları Birliği
DATALINE BİLG. ALTYAPI İLET. HİZ. ELEK. ELEKT. SAN. VE TİC. LTD. ŞTİ.;YILDIZ BAKKAL İSMAİL HAKKI BEY SK.BENT APT. NO:2 KAT:1 D:3 KADIKÖY İSTANBUL;(216) 5501272;www.dataline.com.tr;dataline.com.tr;TET - Elektrik ve Elektronik İhracatçıları Birliği
SKY TEKNİK MAKİNA MÜHENDİSLİK SANAYİ VE TİCARET LİMİTED ŞİRKETİ;YAKUPLU MAH. HAKİMİYET CAD. KANZA NO:38/ 8 BEYLİKDÜZÜ İSTANBUL;(212) 0000000;http://www.skyteknikmakine.com;skyteknikmakine.com;TET - Elektrik ve Elektronik İhracatçıları Birliği
TAŞKİM PLASTİK METAL VE KİMYA ÜRÜNLERİ SAN. TİC. LTD.ŞTİ.;TEVFİKBEY MAH. EMRULLAHEFENDİ CAD.AKAYLAR 3 İŞMERKEZİ NO:5/A KÜÇÜKÇEKMECE İSTANBUL;(212) 5410186;www.taskimplastik.com;taskimplastik.com;TET - Elektrik ve Elektronik İhracatçıları Birliği
TORK ÇELİK TAAHHÜT İNŞAAT SANAYİ VE DIŞ TİCARET LİMİTED ŞİRKETİ;2167. SOKAK 3/A AKKENT TWİNS 6A NO: 153 TURGUT ÖZAL MAHALLESİYENİMAHALLE YENİMAHALLE ANKARA;(312) 5030580;www.torcelik.com.tr;torcelik.com.tr;TET - Elektrik ve Elektronik İhracatçıları Birliği
KÖKSAL MEDİKAL VE YAPI SİSTEMLERİ TİCARET LTD.ŞTİ.;MERVE MH.CENAP SK.NO:16/1 SANCAKTEPE İSTANBUL;(216) 5612829;www.koksalmedical.com.tr;koksalmedical.com.tr;TET - Elektrik ve Elektronik İhracatçıları Birliği
ERAYSAN IML.ITH.IHR.PLS.MAK.VE SAN.TIC.A.Ş.;BEYSAN SAN.SITESI FUAR C. N:17 AVCILAR İSTANBUL;02128764240;www.eraysan.com.tr;eraysan.com.tr;TET - Elektrik ve Elektronik İhracatçıları Birliği
ORES TANITIM SISTEMLERI SAN.VE TIC.LTD.STI.;SEYRANTEPE MH. GÜLİZAR SK. NO:16/A KAĞITHANE İSTANBUL;(212) 2842126;www.ores.com.tr;ores.com.tr;TET - Elektrik ve Elektronik İhracatçıları Birliği
ON ELEKTRİK SAN. VE TİC. LTD. ŞTİ.;OKCUMUSA C.IPEKCIKMAZI TRABLUS HANI NO:4 BEYOĞLU İSTANBUL;02122926372;www.onelektirk.com;onelektirk.com;TET - Elektrik ve Elektronik İhracatçıları Birliği
SARTORİUS BİYOTEKNOLOJİ ANONİM ŞİRKETİ;KOŞUYOLU MAH.MEHMET AKİF SOK.NO:43 KOŞUYOLU KADIKÖY İSTANBUL;(216) 3260800;www.sartonet.com;sartonet.com;TET - Elektrik ve Elektronik İhracatçıları Birliği
ZKSOFTWARE THE ADV. BIO SOL ELK. SAN. TİC. LTD. ŞTİ.;PERPA TİC. MERKEZİ B BLOK KAT:2NO:40 OKMEYDANI ŞİŞLİ İSTANBUL;(212) 2226617;www.zksoftware.com.tr;zksoftware.com.tr;TET - Elektrik ve Elektronik İhracatçıları Birliği
AKAY MÜHENDISLİK ISITMA SOGUTMA .SIST. SAN.VE DIŞ TİC. LTD.ŞTİ.;DİZADİRYE MH CUMHURİYET 5 CAD BEYAZLAR NO:1 34500 BÜYÜKÇEKMECE İSTANBUL;02128835042;www.akaysogutma.com;akaysogutma.com;TET - Elektrik ve Elektronik İhracatçıları Birliği
MACAA DIŞ TİCARET İNŞAAT VE SANAYİ LİMİTED ŞİRKETİ;ATATÜRK MH ERTUĞRUL GAZİ SK METROPOL İSTANBUL SİT C1 BLOK NO:2B/376 ATAŞEHİR İSTANBUL;;www.macaa.com.tr;macaa.com.tr;TET - Elektrik ve Elektronik İhracatçıları Birliği
SESDATA İLETİŞİM HİZMETLERİ LİMİTED ŞİRKETİ;KAVACIK MAHALLESİ ORHAN VELİ KANIK CAD. NO 76/6 BEYKOZ İSTANBUL;(216) 2880734;http://www.sesdata.com.tr;sesdata.com.tr;TET - Elektrik ve Elektronik İhracatçıları Birliği
SOLİN ALÜMİNYUM SANAYİ VE TİCARET LİMİTED ŞİRKETİ;GÖREVLER MH 2312 SK BURÇ İSTANBUL 18 BLOK 9 KAT NO:18J İÇ KAPI:87 ESENYURT İSTANBUL;(000) 0000000;www.solingrup.com;solingrup.com;TET - Elektrik ve Elektronik İhracatçıları Birliği
DELTOİD ELEKTRONİK SİSTEMLERİ TEK. VE İNŞ. SAN. TİC. LTD. ŞTİ.;İNÖNÜ MAH. KAYIŞDAĞI CAD. ZÜMRÜT SOK. NO:3 D:1-2 ATAŞEHİR İSTANBUL;(216) 5900210;www.deltoid.com.tr;deltoid.com.tr;TET - Elektrik ve Elektronik İhracatçıları Birliği
INTERGRUP PLASTIK SAN. VE TIC. LTD. STI.;EYÜP SULTAN MAH. MALTEPE CAD.NO.8 SANCAKTEPE İSTANBUL;(216) 3175050;www.inter-grup.com;inter-grup.com;TET - Elektrik ve Elektronik İhracatçıları Birliği
NATURAL ZEMİN TAAH. SAN. VE TİC. LTD. ŞTİ.;MİTHATPAŞA MH. SELANİK BUL. N:119/2 EYÜP İSTANBUL;(212) 3602549;www.naturalzemin.com;naturalzemin.com;TET - Elektrik ve Elektronik İhracatçıları Birliği
JCB ENERGY VE SANAYİ DIŞ TİCARET LİMİTED ŞİRKETİ;MERKEZ MAHALLESİ, KAĞITHANE CADDESİ,Y OFİS NO:5. İÇ KAPI NO:51 KAĞITHANE/İSTANBUL KAĞITHANE İSTANBUL;(212) 3212201;http://www.jcbenergy.com.tr;jcbenergy.com.tr;TET - Elektrik ve Elektronik İhracatçıları Birliği
ADEPTEK ENDÜSTRİYEL TEKNOLOJİ SİSTEMLERİ BİLGİSAYAR ELEKTRİK MAKİNE ELEK. İÇ VE DIŞ TİC.SAN.LTD.ŞTİ;KARACAOĞLAN MAH.6167 SOK.NO:44 IŞIKKENT BORNOVA İZMİR;(232) 4591979;www.adeptek.com.tr;adeptek.com.tr;TET - Elektrik ve Elektronik İhracatçıları Birliği
SONGÜR YAYINCILIK EĞİTİM VE SA. HİZ. MED. DA. VE ORG. TİC. LTD. ŞTİ.;İLKBAHAR MH. 609 SK.NO 56 ORAN ÇANKAYA ANKARA;(312) 4282864;www.songurticaret.com;songurticaret.com;TET - Elektrik ve Elektronik İhracatçıları Birliği
ERSAN ELEKTRIK MALZ.PAZ.SAN. V E TIC.LTD.STI.;ELEKTROKENT İŞ MERKEZİ 1467 CAD.NO:2/35 YENİMAHALLE ANKARA;(312) 3091147;www.ersanelektrik.com.tr;ersanelektrik.com.tr;TET - Elektrik ve Elektronik İhracatçıları Birliği
GOLD STEEL İÇ VE DIŞ TİCARET LİMİTED ŞİRKETİ;MALTEPE MAH. DAVUTPAŞA CAD. TİM 2 NO: 8 / 507 ZEYT ZEYTİNBURNU İSTANBUL;;www.goldsteels.com;goldsteels.com;TET - Elektrik ve Elektronik İhracatçıları Birliği
LOGO MARKET EKİPMANLARI VE SOĞUTMA SANAYİ DIŞ TİC. LTD.ŞTİ.;EMEK MAH. ŞEMS CAD. NO:7-1 SANCAKTEPE İSTANBUL;(216) 5754275;www.logoraf.com;logoraf.com;TET - Elektrik ve Elektronik İhracatçıları Birliği
YGZ MOBİLYA SANAYİ VE TİCARET LİMİTED ŞİRKETİ;MERVE MH. ATATÜRK CD. ÇOLAKOĞLU İŞ HANI NO:286 SANCAKTEPE İSTANBUL;(216) 4666716;www.ygzmobilya.com;ygzmobilya.com;TET - Elektrik ve Elektronik İhracatçıları Birliği
ÖREN İNŞAAT TESİSATSAN VE TİC LTD ŞTİ;FATİH MAH. 19. MAYIS BLV. NO:84ASTOR İŞ MERK. ZEMİN KAT ESENYURT İSTANBUL;(212) 6999760;www.orenltd.com;orenltd.com;TET - Elektrik ve Elektronik İhracatçıları Birliği
AVV SPOR MALZEMELERİ VE HİZM. İTHALAT İHRACAT VE TİC.A.Ş.;AKAT MAH. EBULULA MARDIN CAD. NO: 16 IÇ KAPI NO: 1NO:9/3 BEŞİKTAŞ İSTANBUL;(212) 3105055;www.avv.com.tr;avv.com.tr;TET - Elektrik ve Elektronik İhracatçıları Birliği
10 CONTROL ENERJİ VE OTOMASYON SİSTEMLERİ SANAYİ VE TİCARET LİMİTED ŞİRKETİ;ORTA MAH. DEMOKRASİ CADNO: 172 İÇ KAPI NO: 30 TUZLA İSTANBUL;(216) 9992948;https://www.10control.com/;10control.com;TET - Elektrik ve Elektronik İhracatçıları Birliği
TESTKAL ÖLÇÜM KALİBRASYON VE MÜHENDİSLİK HİZMETLERİ SANAYİ TİCARET LİMİTED ŞİRKETİ;ERENLER MAH. 1052 SOKAK NO:8/1 ERENLER SAKARYA;(264) 2819966;http://www.testkal.com;testkal.com;TET - Elektrik ve Elektronik İhracatçıları Birliği
ANKAREF İNOVASYON VE TEKNOLOJİ ANONİM ŞİRKETİ;ODTÜ TEKNOKENT İKİZLER BİNASI NO:35 K1-3 BİLKENT/BİLKENTPLAZA/BEYTEPE ÇANKAYA ANKARA;(312) 2992164;www.ankaref.com;ankaref.com;TET - Elektrik ve Elektronik İhracatçıları Birliği
EKOLİFE OTOMOTİV MEDİKAL PLASTİK VE METAL KALIP SAN. VE DIŞ TİC. LTD. ŞTİ.;MERKEZ MH ALDEMİR ÇIKMAZI SK NO:1-3A 34240 GAZİOSMANPAŞA İSTANBUL;(212) 5648504;www.ekolife.com.tr;ekolife.com.tr;TET - Elektrik ve Elektronik İhracatçıları Birliği
ETA ARITMA ENDÜSTRİYEL SU ÇÖZÜMLERİ SANAYİ VE TİCARET LİMİTED ŞİRKETİ;YUKARI DUDULLU MAH. BAYRAK CAD. NO: 30 İÇ KAPI NO: ÜMRANİYE İSTANBUL;(216) 3147668;http://www.etaaritim.com.tr;etaaritim.com.tr;TET - Elektrik ve Elektronik İhracatçıları Birliği
MARMARA GRUP DIŞ TİC.LTD.ŞTİ.;ALİ KUŞCU MAH.MACARKARDEŞLER CAD.ERESHAN NO:32 KAT:3 DAİRE:15-16 FATİH İSTANBUL;(212) 5321001;www.marmaragroup.com.tr;marmaragroup.com.tr;TET - Elektrik ve Elektronik İhracatçıları Birliği
ORSE MAKİNE VE DIŞ TİC.LTD.ŞTİ.;"MESİHPAŞA MAH. AKSARAY CAD. DOĞAN HAN NO;1 KAT:5 FATİH İSTANBUL";(212) 5261991;www.orsemachine.com;orsemachine.com;TET - Elektrik ve Elektronik İhracatçıları Birliği
MCS OTOMASYON SAN.TIC.LTD.STI.;ARMAGANEVLER MAH.MITHATPASA CAD.NO:148/10 UMRANIYE/ISTANBUL ÜMRANİYE İSTANBUL;(216) 5050701;www.mcs.com.tr;mcs.com.tr;TET - Elektrik ve Elektronik İhracatçıları Birliği
BARIŞ MAKİNA OTOMOTİV EKİPMAN SANAYİ VE TİCARET A. Ş.;2818 SOK.NO.1/B-4OTO PLAZA ISM.1.CI SAN.SITESI KONAK İZMİR;02324696911;www.barismakina.com;barismakina.com;TET - Elektrik ve Elektronik İhracatçıları Birliği
ASOS PROSES MAKİNA SANAYİ VE TİCARET ANONİM ŞİRKETİ;VELİMEŞE MAH AKBAYIR KÜME EVLERN:18 ÇORLU TEKİRDAĞ;(282) 6745440;www.asosotomasyon.com.tr;asosotomasyon.com.tr;TET - Elektrik ve Elektronik İhracatçıları Birliği
PVD PROSES VANA DONANIM SAN.VE TIC.LTD.STI.;YUKARI DUDULLU ŞERIFALI DIVANSK. NO.50 ÜMRANİYE İSTANBUL;02164156540;www.pvd.com.tr;pvd.com.tr;TET - Elektrik ve Elektronik İhracatçıları Birliği
EKE ENDUSTRI TESISLERI TAAHHUT VE TICARET A.Ş.;PİYALE PAŞA BULVARI NO:77 FAMAS PLAZA B/13 ŞİŞLİ İSTANBUL;(212) 2202400;www.ekeltd.com;ekeltd.com;TET - Elektrik ve Elektronik İhracatçıları Birliği
NOVEL DIS TICARET VE PAZARLAMA LTD.STI.;ACIBADEM CAD.ÇAMLICAAPT.NO:74/4 KADIKÖY İSTANBUL;02164280921;www.novel.com.tr;novel.com.tr;TET - Elektrik ve Elektronik İhracatçıları Birliği
İZZET ÇAKAN GEMİ YAN. SAN. VE TİC. LTD.ŞTİ.;AYDINLI YOLU BEYOĞLU SAN. SİTESİ E3 BLOK TUZLA İSTANBUL;(216) 4463426;www.izzetcakanvalf.com.tr;izzetcakanvalf.com.tr;TET - Elektrik ve Elektronik İhracatçıları Birliği
PERMİSAN İNŞAAT DEKORASYON SAN. TİC. LTD. ŞTİ.;HÜRRİYET MAH. TAŞOCAGI CAD. NO.22/A ÇAĞLAYAN KAĞITHANE İSTANBUL;(212) 3436686;www.permisan.com.tr;permisan.com.tr;TET - Elektrik ve Elektronik İhracatçıları Birliği
ARKSIGNER YAZILIM VE DONANIM SANAYİ TİCARET A.Ş.;ÜNİVERSİTELER MAHALLESİ 1606. CADDE CYBERPARKCYBERPLAZA A BLOK NO:603 BİLKENT ÇANKAYA ANKARA;(312) 4847933;http://www.arksigner.com;arksigner.com;TET - Elektrik ve Elektronik İhracatçıları Birliği
BERBA GROUP DIŞ TİCARET LİMİTED ŞİRKETİ;SEYRANTEPE MH İBRAHİM KARAOĞLANOĞLU OĞLU CD NO:27/1 KAĞITHANE İSTANBUL;(212) 9249083;www.berbagroup.com.tr;berbagroup.com.tr;TET - Elektrik ve Elektronik İhracatçıları Birliği
ÖZ-MAK MAKİNA İNŞ. SAN. TİC. LTD. ŞTİ.;İ.O.S.B. METAL İŞ KOOP. 4. BLOK NO:28-30 BAŞAKŞEHİR İSTANBUL;(212) 4442026;www.oz-mak.com.tr;oz-mak.com.tr;TET - Elektrik ve Elektronik İhracatçıları Birliği
VURAL ÇELİK İÇ VE DIŞ TİC. LTD. ŞTİ.;İSTOÇ TİC.MERKZ.41ADA N:86/88 BAĞCILAR İSTANBUL;(212) 6590987;www.vuralcelik.com.tr;vuralcelik.com.tr;TET - Elektrik ve Elektronik İhracatçıları Birliği
YG YANGIN GÜVENLİĞİ SAN. VE DIŞ TİC. LTD. ŞTİ.;4.LEVENT SANAYİ BÖLGESİ YEŞİLCE MAH.DEMİRBAŞ SOKAK N0:20 YEŞİLCE KAĞITHANE İSTANBUL;(212) 2106206;www.ygyangin.com;ygyangin.com;TET - Elektrik ve Elektronik İhracatçıları Birliği
ELPAŞ ELEKTROMEKANİK MALZ. SAN. TİC A.Ş.;İTOSB 10.CD NO:4 TEPEÖREN TUZLA İSTANBUL;(216) 3646029;www.elpas.com.tr;elpas.com.tr;TET - Elektrik ve Elektronik İhracatçıları Birliği
ATESE MAKINE KAZAN INSAAT GIDA PAZ.SAN.TIC.A.S.;TOPÇULAR MAH. ALTUNİZADEBAĞ SOK. NO.3 EYÜP İSTANBUL;02126683333;www.atesemakine.com;atesemakine.com;TET - Elektrik ve Elektronik İhracatçıları Birliği
SACİT ZORLU METAL SANAYİ VE TİCARET ANONİM ŞİRKETİ;SACİT ZORLU METAL SAN. VE TİC. A.Ş. KÖŞKLÜÇEŞME MAH. YENİ BAĞDAT CAD. NO:130 GEBZE KOCAELİ;(262) 6414521;www.alutem.com.tr;alutem.com.tr;TET - Elektrik ve Elektronik İhracatçıları Birliği
QMET ELEKTRONİK SANAYİ VE TİCARET ANONİM ŞİRKETİ;ORTA MAH. ERK SOK. 5B-5 TUZLA İSTANBUL;(212) 6412363;http://www.qmet.com.tr;qmet.com.tr;TET - Elektrik ve Elektronik İhracatçıları Birliği
YEDİTEPE ESTETİK CİHAZLARI PAZARLAMA İNŞAAT DIŞ TİCARET LİMİTED ŞİRKETİ;KAYNARCA MAHALLESİ TRABLUS SOKAK NO:26 D:3 PENDİK İSTANBUL;;https://www.yeditepemedikal.net/;yeditepemedikal.net;TET - Elektrik ve Elektronik İhracatçıları Birliği
BAYDARSAN MAKİNA TİCARET YATIRIM İÇ VE DIŞ TİCARET LTD.ŞTİ.;ÜNALAN MH LİBADİYE CD. EMAR SUKUARE E BLOK D:308 ÜSKÜDAR İSTANBUL;(216) 4846606;www.baydarsan.com;baydarsan.com;TET - Elektrik ve Elektronik İhracatçıları Birliği
ARMONA DENİZCİLİK A.Ş.;TAKKECI SOK.NO:3 BEŞİKTAŞ İSTANBUL;02122872780;www.armonadenizcilik.com;armonadenizcilik.com;TET - Elektrik ve Elektronik İhracatçıları Birliği
VEGA MEDİKAL BİLGİSAYAR İTH. İHR. PAZ. LTD. ŞTİ.;GÜNGÖREN MAH. PELİT SOK. NO:18/1TAŞDELEN ÇEKMEKÖY İSTANBUL;(216) 6225040;www.vegagroup.com.tr;vegagroup.com.tr;TET - Elektrik ve Elektronik İhracatçıları Birliği
TÜRKUAZ YENİLİKÇİ TEKNİKLER SANAYİ VE TİCARET A.Ş.;DOĞANBEY CD NO:4/6 BAHÇEKÖY SARIYER İSTANBUL;(212) 2261898;www.yenilikciteknikler.com;yenilikciteknikler.com;TET - Elektrik ve Elektronik İhracatçıları Birliği
GÜREN METAL TURİZM TAŞIMACILIK İNŞAAT SANAYİ VE DIŞ TİCARET LİMİTED ŞİRKETİ;İKİTELLİ OSB MH ATATÜRK BULVARI SÜRMELİ İS MERKEZİ NO:108/23B İKİTELLİ BAŞAKŞEHİR İSTANBUL;(212) 5494540;www.guren.com.tr;guren.com.tr;TET - Elektrik ve Elektronik İhracatçıları Birliği
İNVAMED SAĞLIK İLAÇ SAN. VE TİC. A. Ş.;MALİKÖY ANADOLU O.S.B. MAH. 30 AĞUSTOS CAD. NO.13 SİNCAN ANKARA;(312) 5030988;www.invamed.net;invamed.net;TET - Elektrik ve Elektronik İhracatçıları Birliği
ÇAM ECZA DEPOSU SAĞLIK VE EĞİTİM HİZMETLERİ NAKLİYE İNŞAAT SANAYİ TİCARET ANONİM ŞİRKETİ;IBRAHIM AGA CAD.NO:27 CAM HANMALTEPE BAYRAMPAŞA İSTANBUL;(212) 4440198;www.camecza.com;camecza.com;TET - Elektrik ve Elektronik İhracatçıları Birliği
AYGEM PLASTIK VE ELK.SAN.VE TIC.LTD.STI.;10021 SOKAK NO:11 ÇİĞLİ İZMİR;02323768074;www.aygem.com.tr;aygem.com.tr;TET - Elektrik ve Elektronik İhracatçıları Birliği
Mİ BİLİŞİM TEKNOLOJİLERİ MEDYA VE İNOVASYON LTD. ŞTİ.;DOĞANCILAR CAD. TÜNAY APT. NO:85/2 ÜSKÜDAR İSTANBUL;(216) 3108673;www.mitech.com.tr;mitech.com.tr;TET - Elektrik ve Elektronik İhracatçıları Birliği
BURMAR YAPI MALZEMELERİ İNŞAAT TURİZM TEKSTİL NAKLİYE OTOMOTİV SANAYİ VE TİCARET LİMİTED ŞİRKETİ;YAVUZ SELİM MAH.BARIŞ CAD. NO:22 YILDIRIM BURSA;(224) 3661955;www.burmaryapi.com.tr;burmaryapi.com.tr;TET - Elektrik ve Elektronik İhracatçıları Birliği
BURAK PLASTİK TURİZM TEKSTİL İNŞAAT SANAYİ VE TİCARET LİMİTED ŞİRKETİ;ORGANİZE SAN. BÖLGESİ İPKAS SAN. SİT2-B BLK NO.42/44/46/48 BAŞAKŞEHİR İSTANBUL;(212) 6594067;www.burakplastik.net;burakplastik.net;TET - Elektrik ve Elektronik İhracatçıları Birliği
AYDIN ELEKTRIK MALZ.PAZ.A.S.;SAIR ZIYAPASA SOK.NO:40 BEYOĞLU İSTANBUL;02122931591;www.aydinelektrik.com;aydinelektrik.com;TET - Elektrik ve Elektronik İhracatçıları Birliği
DEPONET ELEKTRONİK MAMÜLLERİ SANAYİ PAZARLAMA ANONİM ŞİRKETİ;KARANFIL SOK. NO.40/11 ÇANKAYA ANKARA;03124172470;www.deponet.com.tr;deponet.com.tr;TET - Elektrik ve Elektronik İhracatçıları Birliği
HASMATİK MİMARİ CAM VE METAL SİSTEMLERİ LİMİTED ŞİRKETİ;CUMHURİYET MH GÜRPINAR YOLU CD BEYKENT SAN SİT NO:61/66 BÜYÜKÇEKMECE İSTANBUL;(212) 8721250;www.hasmatik.com.tr;hasmatik.com.tr;TET - Elektrik ve Elektronik İhracatçıları Birliği
ERON ELEKTRONİK BİLG.VE YAZ.SAN.TİC.LTD.ŞTİ;ZUHURATBABA MAH. İNCİRLİ CAD. NO:1 D:39 34147 BAKIRKÖY, İSTANBUL, TÜRKİYE BAKIRKÖY İSTANBUL;;www.miops.com;miops.com;TET - Elektrik ve Elektronik İhracatçıları Birliği
ALGAZ MUTFAK CİHAZLARI SAN. VE TİC. LTD. ŞTİ.;BAHRİYE CD. NO:106 KASIMPAŞA KASIMPAŞA BEYOĞLU İSTANBUL;(212) 2373980;www.algaz.com;algaz.com;TET - Elektrik ve Elektronik İhracatçıları Birliği
BATA METAL MOBİLYA TASARIM ÜRETİM ANONİM ŞİRKETİ;DERİ OSB NO: 5 İSTANBUL TUZLA DOLAP CADDESİ TUZLA İSTANBUL;(262) 7512709;www.bt.design;bt.design;TET - Elektrik ve Elektronik İhracatçıları Birliği
TESKON TESİSAT İNŞ.PEYZAJ SAN.VE TİC.LTD.ŞTİ.;ATATÜRK MAH.SUİŞ CAD. NO.33/2 ÜMRANİYE İSTANBUL;(216) 4619428;www.sulamamarket.com;sulamamarket.com;TET - Elektrik ve Elektronik İhracatçıları Birliği
ULTİMATE TAŞIMACILIK EKİPMANLARI ANONİM ŞİRKETİ;ARİFBEY MAH.ZÜBEYDE HANIM CAD.N:75 54580 ARİFİYE ARİFİYE SAKARYA;(264) 5020200;www.ultimate-tur.com;ultimate-tur.com;TET - Elektrik ve Elektronik İhracatçıları Birliği
TNT BİLGİ TEKNOLOJİ SANAYİ VE TİCARET ANONİM ŞİRKETİ;MUSTAFA KEMAL PASA MAH, KOROGLU SOK, NO:2 D.7 AVCILAR İSTANBUL;;http://www.tntbilgiteknolojileri.com.tr;tntbilgiteknolojileri.com.tr;TET - Elektrik ve Elektronik İhracatçıları Birliği
FOTECH FIBER OPTIK TEKNOLOJIK HIZMETLER SAN.VE TIC.LTD.STI.;38 ADA ATA 3/3 PLAZA K.5NO.51-52 KADIKÖY İSTANBUL;02164564005;www.fotech.com.tr;fotech.com.tr;TET - Elektrik ve Elektronik İhracatçıları Birliği
SPGPRINTS BASKI SISTEMLERI TIC. LTD. STI.;ŞEHİT İLKNUR KELEŞ SOK. HÜSEYİNBAĞDATLIOĞLU İŞMRK. NO:7 D:2/A KOZYATAĞI KADIKÖY İSTANBUL;(216) 4648353;www.spgprints.com.tr;spgprints.com.tr;TET - Elektrik ve Elektronik İhracatçıları Birliği
PIMAKSAN PILIC CEVIRME MAK. VE EKIPM.SAN.VE TIC.LTD.STI.;BAHARIYE CAD.N:119 KASIMPAŞA BEYOĞLU İSTANBUL;02122550878;www.pimaksan.com;pimaksan.com;TET - Elektrik ve Elektronik İhracatçıları Birliği
SAMATLI OYUNCAK TİCARET LTD.ŞTİ.;EGS BUSINESS PARK YEŞİLKÖY MAH.ATATÜRK CAD. B3 BLOK KAT:11 NO: 355-362 BAKIRKÖY İSTANBUL;(212) 6596404;www.samatli.com.tr;samatli.com.tr;TET - Elektrik ve Elektronik İhracatçıları Birliği
METER ELEKTRONIK SANAYI VE TICARET A.S.;SAN BIR BULVARI 5.BOLGE NO.80 BÜYÜKÇEKMECE İSTANBUL;02128866454;www.meter.com.tr;meter.com.tr;TET - Elektrik ve Elektronik İhracatçıları Birliği
AHMET ACAR VE ÖMER MUHARREM ACAR ORTAKLIĞI;MAHMUTBEY MH İSTOÇ TİC MERKEZİ 2413 SK ÖKSÜZOĞULLARI PLAZA E1 BLOK NO:5/101 BAĞCILAR İSTANBUL;(212) 6597477;www.acarmutfak.com;acarmutfak.com;TET - Elektrik ve Elektronik İhracatçıları Birliği
2G MÜHENDİSLİK SANAYİ TİCARET LİMİTED ŞİRKETİ;ORTA MAHALLE YALNIZ SELVİ CADDESİ GÜN SOKAK NO:18/A KARTAL İSTANBUL;(216) 3055858;www.ikige.com;ikige.com;TET - Elektrik ve Elektronik İhracatçıları Birliği
MİLESTONE GEMİ İŞLETMECİLİĞİ VE ACENTELİĞİ TİCARET LİMİTED ŞİRKETİ;EVLİYA ÇELEBİ MAH.RAUF ORBAY CAD.AF GROUP İŞ MERKEZİ KAT:3 NO:39 TUZLA İSTANBUL;(216) 4470700;http://milestoneship.com.tr;milestoneship.com.tr;TET - Elektrik ve Elektronik İhracatçıları Birliği
RUMİTECH ENERJİ VE TEKNOLOJİ ANONİM ŞİRKETİ;KATAR CAD. İTÜ ARI TEKNOKENT 3 BİNASI NO: 4 İÇ KAPI NO: 201 REŞİTPAŞA MAH. SARIYER İSTANBUL;(212) 0000000;http://www.rumitech.co;rumitech.co;TET - Elektrik ve Elektronik İhracatçıları Birliği
FRAENKİSCHE TURKEY POLİMER TİC. LTD. ŞTİ.;ORTAKÖY MAH.DEREBOYU CAD.NO:78 K:1 BEŞİKTAŞ İSTANBUL;(212) 3271700;www.traenkische.com;traenkische.com;TET - Elektrik ve Elektronik İhracatçıları Birliği
AKIN ALÜMİNYUM PLASTİK DOĞ.SAN VE TİC.LTD.ŞTİ;YENI M.GENERAL KANI ELITEZ SOK. NO.32 BAKIRKÖY İSTANBUL;02125707154;www.akinaluminyum.com;akinaluminyum.com;TET - Elektrik ve Elektronik İhracatçıları Birliği
ARDASYA İÇ VE DIŞ TİC. VE BİLG. HİZM. LTD. ŞTİ;POSTANE MAH.MANASTIR YOLU CAD.KEREM SOK.NO:8/1 TUZLA İSTANBUL;(216) 4471344;www.ardasya.com.tr;ardasya.com.tr;TET - Elektrik ve Elektronik İhracatçıları Birliği
AYTUĞ PLASTİK MOBİLYA AKSESUARLARI SANAYİ VE TİCARET LİMİTED ŞİRKETİ;TERAZIDERE MAH DAVUTPAŞAÇIFTE HAVUZLARYOLU NO6 KAT2 ZEYTİNBURNU İSTANBUL;02126138922;www.aytugplastik.com;aytugplastik.com;TET - Elektrik ve Elektronik İhracatçıları Birliği
TEPE TEKNİK METAL KİMYA SAN. VE TİC. LTD. ŞTİ.;YENİBOSNA ÇOBANÇEŞME MH ÇARDAR SK SAÇSAN SAN SİT NO:16-4 BAHÇELİEVLER İSTANBUL;(212) 5031591;www.tepeteknik.com;tepeteknik.com;TET - Elektrik ve Elektronik İhracatçıları Birliği
MUZE YAPI İNŞAAT ANONİM ŞİRKETİ;ZÜMRÜTEVLER MAH. HACI BAYRAM VELİ CAD. NİSH ADALARSİT. 24 BLOK NO:13 / 35 PENDİK İSTANBUL;;www.eorconstruction.com;eorconstruction.com;TET - Elektrik ve Elektronik İhracatçıları Birliği
ARGAZ LPG DOLUM TEVZII İNŞAAT SAN. VE TİC. A.Ş.;PERPA TIC.MERK.B BLOK NO.646 ŞİŞLİ İSTANBUL;02122213311;www.argaz.com;argaz.com;TET - Elektrik ve Elektronik İhracatçıları Birliği
TEKNOFİNAL DIŞ TİCARET LİMİTED ŞİRKETİ;İSMETPAŞA MAHALLESİ 93. SOKAK A BLOK APT. NO:2/A SULTANGAZİ İSTANBUL;(212) 5143788;www.teknofinal.com;teknofinal.com;TET - Elektrik ve Elektronik İhracatçıları Birliği
KADI İÇ VE DIŞ TİC.LTD.ŞTİ.;PERPA TIC.MERKEZI A BLOK KAT:5 NO.150 OKMEYDANI ŞİŞLİ İSTANBUL;02123205034;www.kadiexport.com;kadiexport.com;TET - Elektrik ve Elektronik İhracatçıları Birliği
MAY EVYE VE EV GEREÇLERİ DAYANIKLI TÜKETİM MALLARI SANAYİ VE TİCARET LİMİTED ŞİRKETİ;AKÇABURGAZ SELAHADDİN EYYUBİ MAH. 1633. SK. NO: 9 İÇ KAPI NO: 1 ESENYURT İSTANBUL;(212) 6821132;www.maykromluks.com.tr;maykromluks.com.tr;TET - Elektrik ve Elektronik İhracatçıları Birliği
FANEKS ELEKTRİK MOTORLARI SANAYİ TİCARET ANONİM ŞİRKETİ;BEYLİKDÜZÜOSB MAH. AÇELYA CAD. FANEXFAN ELEKTRIK MOTORLARI NO:25 DAİRE:Z BEYLİKDÜZÜ İSTANBUL;(212) 6974828;www.fanexfan.com;fanexfan.com;TET - Elektrik ve Elektronik İhracatçıları Birliği
PEKGÖZ DIS TICARET ULUSLARARASI TASIMACILIK TURIZM LIMITED SIRKETI;İNÖNÜ MAH.KARTAL CAD.NO:73/5 ATAŞEHİR İSTANBUL;(216) 3269422;http://www.pekgozdisticaret.com;pekgozdisticaret.com;TET - Elektrik ve Elektronik İhracatçıları Birliği
AL ALAMİYA İTHALAT İHRACAT DIŞ TİC. A.Ş.;KEMALPAŞA MAH.ATATÜRK BULV.N:32/20 FATİH İSTANBUL;(212) 5140071;www.alalamiya.com.tr;alalamiya.com.tr;TET - Elektrik ve Elektronik İhracatçıları Birliği
E3TAM ENDÜSTRİYEL VE BİLİMSEL TEST TEKN. TASARIM ARAŞT. GELİŞTİRME MÜH. OTOM. SAN. VE TİC.A.Ş.;BARBAROS BULVARI GÜVEN APT.NO:177/1-2 ŞİŞLİ İSTANBUL;02122752280;http://www.e3tam.com;e3tam.com;TET - Elektrik ve Elektronik İhracatçıları Birliği
ALKUR KAPI SİTEMLERİ ANONİM ŞİRKETİ;MİMAR SİNAN MH ÜSKÜDAR CD YEDPA SİTESİ 1H/1 NO:111 ATAŞEHİR İSTANBUL;(216) 4711730;www.alkur.com.tr;alkur.com.tr;TET - Elektrik ve Elektronik İhracatçıları Birliği
WORLD OF ACCESSORY ENDUSTRIYEL SAN.VE TIC.LTD.STI.;SIRINTEPE MAH.KOYYOLU SK.COLAKOGLU APT.NO:81 IC KAPI NO:2TEPEBASI/ESKISEHIR/TURKIYE TEPEBAŞI ESKİŞEHİR;(222) 0000000;http://www.w-acc.com;w-acc.com;TET - Elektrik ve Elektronik İhracatçıları Birliği
CHRYSO-KAT KATKI MALZEMELERİ SANAYİ VE TİCARET ANONİM ŞİRKETİ;GEBKİM ORGANİZE SANAYİ BÖLGESİBURAK SARICI CAD. NO:3 DİLOVASI KOCAELİ;02626539146;www.chryso.com.tr;chryso.com.tr;TET - Elektrik ve Elektronik İhracatçıları Birliği
KENAR MÜHENDİSLİK MÜŞAVİRLİK PROJE HİZMETLERİ İMALAT VE PAZARLAMA SANAYİ TİCARET LTD ŞTİ;OSTİM OSB MAH. 1246.CADDE NO:25 İÇ KAPI NO:163 YENİMAHALLE ANKARA;(312) 3948144;http://www.kenarmuhendislik.com.tr;kenarmuhendislik.com.tr;TET - Elektrik ve Elektronik İhracatçıları Birliği
AZRA İNŞAAT - ERSOY ERÇİN;KAMİLOBA MH. M.KEMAL ATATÜRK CD. CAMİ SK. 7 BÜYÜKÇEKMECE İSTANBUL;(212) 6717288;www.azragrup.com;azragrup.com;TET - Elektrik ve Elektronik İhracatçıları Birliği
ALZ TASARIM DEKORASYON ÜRÜNLERİ SANAYİ VE TİCARET LİMİTED ŞİRKETİ;EMEK MAH. NATO YOLU CD. 319/1 SANCAKTEPE SANCAKTEPE İSTANBUL;(216) 4718119;http://www.alztasarim.com;alztasarim.com;TET - Elektrik ve Elektronik İhracatçıları Birliği
BAŞAK ZIRAAT DIŞ TIC.LTD.ŞTI.;SULAR İDARESİ HAMİDİYE MAH.GİRNE CAD.DİLAVER SOK.NO:23 KAĞITHANE İSTANBUL;(212) 3211881;www.basakziraat.com;basakziraat.com;TET - Elektrik ve Elektronik İhracatçıları Birliği
GASOLVE PETROL VE GAZ TEKNOLOJİLERİ İTHALAT İHRACAT SANAYİ LİMİTED ŞİRKETİ;İÇEREN KÖY MAHALLESİ TOPÇU İBRAHİM SOKAKQUİCK TOWER NO:8-10D ATAŞEHİR İSTANBUL;(216) 0000000;www.gasolve.com;gasolve.com;TET - Elektrik ve Elektronik İhracatçıları Birliği
ERSEY MAKİNA SANAYİ VE TİCARET ANONİM ŞİRKETİ;ÖMERLİ MAH.ILGAZ SK.NO:11/1 ARNAVUTKÖY İSTANBUL;(212) 7983388;www.erseymakina.com;erseymakina.com;TET - Elektrik ve Elektronik İhracatçıları Birliği
TEKNO ÇELİK SOĞUTMA VE DENİZCİLİK SANAYİ ANONİM ŞİRKETİ;ORGANIZE SANAYI BOLGESI AND SAN.SIT.NO.21 YUKARIDUDULLU ÜMRANİYE İSTANBUL;02163147090;www.teknocelik.com.tr;teknocelik.com.tr;TET - Elektrik ve Elektronik İhracatçıları Birliği
SAYINLAR ELEKTRONIK BURO MAK. VE KIRT.MALZ.TIC.LTD.STI.;PERPA TIC.MRK.A BLOK KAT 11NO.1574 ŞİŞLİ İSTANBUL;02122225241;www.sayinlarelektronik.com;sayinlarelektronik.com;TET - Elektrik ve Elektronik İhracatçıları Birliği
ENVİROTEK ÇEVRE SAĞLIĞI TİCARET ANONİM ŞİRKETİ;İÇERENKÖY MAH. BAHÇELERARASI SK. METE PLAZA NO: 43 KAT: 6 ATA İÇERENKÖY ATAŞEHİR İSTANBUL;(216) 5770767;www.envortekcevre.com.tr;envortekcevre.com.tr;TET - Elektrik ve Elektronik İhracatçıları Birliği
BORA ÇELİK EŞYA VE MOBİLYA İNŞAAT MALZEMELERİ SAN. TİC. LTD. ŞTİ.;ORG. SAN. BÖL. 21.CD. NO / 41 ODUNPAZARI ESKİŞEHİR;(222) 2361940;www.boracelik.com.tr;boracelik.com.tr;TET - Elektrik ve Elektronik İhracatçıları Birliği
DELTA GALVANO TEKNIK KIMYEVI MAD.TIC.VE SAN.LTD.STI.;IKITELLI GALVANO TEK. SAN.SITESI E BLOK NO:3 KÜÇÜKÇEKMECE İSTANBUL;02126718999;www.deltagalvano.com.tr;deltagalvano.com.tr;TET - Elektrik ve Elektronik İhracatçıları Birliği
APACK AMBALAJ MAKİNE SANAYİ VE TİCARET LİMİTED ŞİRKETİ;FERHATPAŞA MAH.G-18 SOK.NO:44 K:1 SAMANDIRA SANCAKTEPE İSTANBUL;(216) 6613371;www.apack.com.tr;apack.com.tr;TET - Elektrik ve Elektronik İhracatçıları Birliği
UBS HAVALİMANI SİSTEMLERİ SANAYİ VE TİCARET LİMİTED ŞİRKETİ;593.CADDE NO 45/A SARAY MAHALLESİ KAHRAMANKAZAN ANKARA;(312) 4474875;www.ubs.com.tr;ubs.com.tr;TET - Elektrik ve Elektronik İhracatçıları Birliği
TOM-FLAS BIJUTERI MALZ.SAN.VE TIC.LTD.STI.;TAHTAKALE CAD.NO.20-22 KAT 1 B 1 EMİNÖNÜ FATİH EMİNÖNÜ/CAĞALOĞLU FATİH İSTANBUL;(212) 5286008;www.tomflas.com;tomflas.com;TET - Elektrik ve Elektronik İhracatçıları Birliği
METALIUM YAPI VE METAL SİSTEMLERİ SANAYİ TİCARET LİMİTED ŞİRKETİ;ŞERİFALİ MAH. AÇIKYÜZ SOK. NO:34 ÜMRANİYE İSTANBUL;(216) 5275474;www.metalium.net;metalium.net;TET - Elektrik ve Elektronik İhracatçıları Birliği
ODAK KIMYEVI MADD.SAN.DIS TIC. LTD.STI.;İST DERİ ORG. SAN. BÖL. VAKUM CAD. NO.10 D1 ÖZEL PARSELNO.10 D1 ÖZEL PARSEL TUZLA İSTANBUL;02163942444;www.odakkimya.net;odakkimya.net;TET - Elektrik ve Elektronik İhracatçıları Birliği
ENDOMED GRUP MEDİKAL SANAYİ VE TİCARET A.Ş.;KORU MAHALLESİ IHLAMUR CADDESİ NO 2/4 ÇANKAYA ÇANKAYA ANKARA;(312) 4378111;http://www.endomedgrup.com;endomedgrup.com;TET - Elektrik ve Elektronik İhracatçıları Birliği
ELSE ELEKTRİK MAKİNA SAN. VE TİC. AŞ;ÇOBANÇEŞME MAH. SANAYİ CAD. NİSH RESİDENCE NO:44 ÇOBANÇEŞME 34310 BAHÇELİEVLER, İSTANBUL, TÜRKİYE BAHÇELİEVLER İSTANBUL;(212) 4226670;www.else.com.tr;else.com.tr;TET - Elektrik ve Elektronik İhracatçıları Birliği
DEV MARMARA TEKNOLOJİ ENERJİ A.Ş.;ESENTEPE MAH. BÜYÜKDERE CAD. NO:195 KAT:5 ŞİŞLİ İSTANBUL;(212) 3556186;http://www.devmarmara.com;devmarmara.com;TET - Elektrik ve Elektronik İhracatçıları Birliği
GÖZDELED AYDINLATMA ELEKTRİK İNŞAAT TAAHHÜT SAN. VE TİC. A.Ş.;HALKAPINAR MAH. PAKİSTAN BULV. NO:28/1/31 KONAK İZMİR;(232) 4592062;www.gozdeledayaydinlatma.com.tr;gozdeledayaydinlatma.com.tr;TET - Elektrik ve Elektronik İhracatçıları Birliği
ALLIANCE HEALTHCARE ECZA DEPOSU ANONİM ŞİRKET;BASIN EKSPRES YOLU, KAVAK SOK.SER PLAZA NO:3 A BLOK KAT:3 YENİBOSNA BAHÇELİEVLER İSTANBUL;(212) 4527200;www.alliance-healthcare.com.tr;alliance-healthcare.com.tr;TET - Elektrik ve Elektronik İhracatçıları Birliği
KUŞAK TEKNOLOJİ VE MÜHENDİSLİK LİMİTED ŞİRKETİ;OSTİM MAH. UZAY ÇAĞI CAD. ÇAĞRI İŞ MERKEZİ NO: 140İÇ KAPI NO: 22 YENİMAHALLE ANKARA;;http://www.kusaktech.com.tr;kusaktech.com.tr;TET - Elektrik ve Elektronik İhracatçıları Birliği
TEKPAR ELEKTROMEKANIK INS.SAN VE TIC.LTD.STI.;EMEKYEMEZ MAH.PORSUK SOK.N.7/9 BEYOĞLU İSTANBUL;02122536335;www.tekpartr.com;tekpartr.com;TET - Elektrik ve Elektronik İhracatçıları Birliği
TAM HANGERS TK ASKI SAN. VE TİC. LTD. ŞTİ.;KAVAKLI MAH. DENİZ AKTAŞ CAD. NO: 32 34520 BEYLİKDÜZÜ İSTANBUL;(212) 8558000;www.tamplastik.com;tamplastik.com;TET - Elektrik ve Elektronik İhracatçıları Birliği
SERVO ELEKTRONIK SAN.TIC.LTD. STI.;ORGANIZE SANAYI BOL.10.CADDE Merkez ESKİŞEHİR;02222360902;www.servo.com.tr;servo.com.tr;TET - Elektrik ve Elektronik İhracatçıları Birliği
RASHID GROUP İNŞAAT ENERJİ DIŞ TİCARET ANONİM ŞİRKETİ;MAHMUT BEY TAŞOCAĞI YOLU CAD.MY OFFİCE NO:3/499 MAHMUTBEY BAĞCILAR İSTANBUL;;www.rashidgroup.com.tr;rashidgroup.com.tr;TET - Elektrik ve Elektronik İhracatçıları Birliği
KUZEY ARITMA MÜHENDİSLİK PROJR SAN. VE TİC. LTD. ŞTİ.;ÜNİVERSİTE MAHALLESİ KOMİSER SOKAK NO:21 A 34310 AVCILAR İSTANBUL;(850) 3465078;www.kuzeyaritma.com;kuzeyaritma.com;TET - Elektrik ve Elektronik İhracatçıları Birliği
OSMANLI KALIP MAKİNA SANAYİ VE TİCARET LTD. ŞTİ.;İKİTELLİ OSB MH AYKOSAN SAN SİT 9 ADA C BLOK İKİTELLİ BAŞAKŞEHİR İSTANBUL;(212) 6714334;www.osmanligrup.com;osmanligrup.com;TET - Elektrik ve Elektronik İhracatçıları Birliği
3S İNK ELEKTRONİK ELEKTRİK MEKANİK SİSTEMLERİ SANAYİ VE TİCARET LİMİTED ŞİRKETİ;KAVAKLI MAHALLESİ BİLİM SOKAK BAŞAK APARTMANI BLOK NO:11 İÇ KAPI NO 1 BEYLİKDÜZÜ İSTANBUL;(212) 9244070;http://www.3sink.com;3sink.com;TET - Elektrik ve Elektronik İhracatçıları Birliği
GENET GENEL ELEKTRONIK TEKNOLO JILERI LTD.STI.;FULYA CD.AYŞECİK SOKAK NO.33 MECİDİYEKÖY ŞİŞLİ İSTANBUL;(212) 3562828;www.genet.com.tr;genet.com.tr;TET - Elektrik ve Elektronik İhracatçıları Birliği
ORBITECH SAVUNMA VE TEKNOLOJİ LTD.ŞTİ.;ESENKENT MAH. EMİRGAN SK.NO:3 ÜMRANİYE İSTANBUL;(212) 2935900;www.all-satcom.com;all-satcom.com;TET - Elektrik ve Elektronik İhracatçıları Birliği
WİSAM DIŞ TİCARET LTD ŞTİ;MERKEZ MH 6 NOLU SK BALKAYA İS MERKEZİ NO:13/2 AVCILAR İSTANBUL;(000) 0000000;www.wisamdisticaret.com;wisamdisticaret.com;TET - Elektrik ve Elektronik İhracatçıları Birliği
SİNANLI AMBALAJ SANAYİ VE DIŞ TİCARET LİMİTED ŞİRKETİ;İNÖNÜ MAHALLESİ GEBZE PLASTİKÇİLER ORGANİZE SANAYİ BÖLGESİ CUMHURİYET CAD. NO:9/1 GEBZE KOCAELİ;(216) 5931830;www.sinanli.com.tr;sinanli.com.tr;TET - Elektrik ve Elektronik İhracatçıları Birliği
RÖM-AY ASANSÖR VE ELEKTRİK SAN. TİC. LTD.ŞTİ.;TOROS CAD. BİRLİK SİTESİ 31.PARSELB BLOK D:1 MALTEPE İSTANBUL;(216) 4427441;www.romayasansor.com;romayasansor.com;TET - Elektrik ve Elektronik İhracatçıları Birliği
NOVATEL HABERLESME COZUMLERI A .Ş;TURGUT REIS MAH.TEKSTILKENTKOZA PLAZA A BLK.K-3 NO-11 ESENLER İSTANBUL;02124380286;www.novatel.com;novatel.com;TET - Elektrik ve Elektronik İhracatçıları Birliği
KTS KABELBAUM TEST SİSTEMLERİ ANONİM ŞİRKETİ;CERRAH MAH. 3.SANAYİİ CAD. PAPELART NO: 5 İNEGÖL BURSA;(224) 7140776;http://www.ktsistem.com;ktsistem.com;TET - Elektrik ve Elektronik İhracatçıları Birliği
MERIDYEN SPOR DIS TIC.VE PAZ. LTD.STI.;YEŞİLYURT MAH. DEMET SOK. NO:9 ÖZADAM APT. DAİRE:4 BAKIRKÖY İSTANBUL;02123697500;www.amf.com.tr;amf.com.tr;TET - Elektrik ve Elektronik İhracatçıları Birliği
SİMGE KALIP ELEKTRİK AYDINLATMA VE AKSESUARLARI SANAYİ VE TİCARET LİMİTED ŞİRKETİ;ÖMERLİ MAHALLESİ TUNA SOKAK NO:3 KAT 2 HADIMKÖY(BOYALIK) ARNAVUTKÖY İSTANBUL;(212) 5497412;www.simgeduy.com;simgeduy.com;TET - Elektrik ve Elektronik İhracatçıları Birliği
GRN TIBBİ MÜHENDİSLİK SAN. VE TİC.A.Ş.;FERHATPAŞA MH 75 SK ATAOĞLU NO 27/1/2 ATAŞEHİR İSTANBUL;(216) 5045402;www.grnmuhendislik.com;grnmuhendislik.com;TET - Elektrik ve Elektronik İhracatçıları Birliği
UVMAK MÜHENDİSLİK VE TEKSTİL DIŞ TİCARET LİMİTED ŞİRKETİ;CİVAN SOKAK ALLURE TOWER İSTANBUL SİTESİ NO :1 D:271 AVCILAR/İSTANBUL ÜNİVERSİTE 34310 AVCILAR İSTANBUL;(212) 0000000;www.uvmak.com;uvmak.com;TET - Elektrik ve Elektronik İhracatçıları Birliği
NODE SAYAÇ ÇÖZÜMLERİ LTD. ŞTİ.;BAYAR CAD. GULBAHAR SOK. PERDEMSACPLAZA NO:17/4 KADIKÖY İSTANBUL;02166588900;www.node.com.tr;node.com.tr;TET - Elektrik ve Elektronik İhracatçıları Birliği
HAVEX ULUSLARARASI TAŞIMACILIK VE DIŞ TİC.LTD.ŞTİ.;TALATPAŞA MH.AKIŞLI SK.NO:20/02 KAĞITHANE İSTANBUL;(212) 2107252;www.havex.com.tr;havex.com.tr;TET - Elektrik ve Elektronik İhracatçıları Birliği
ANTEC ENERJİ LİMİTED ŞİRKETİ;HÜRRİYET MAHALLESİ ESKİBAĞLAR CADDESİ DREAM PARKEVLERİ B BLOK NO:30 B 7 ÇORLU TEKİRDAĞ;(282) 6528998;www.antecenerji.com.tr;antecenerji.com.tr;TET - Elektrik ve Elektronik İhracatçıları Birliği
ALPLER MEDIKAL VE SAGLIK TIC. LTD.STI.;BAHÇEKAPI MAH.2500 CAD.NO:15/9 ETİMESGUT ANKARA;03124413436;www.alplermedikal.com;alplermedikal.com;TET - Elektrik ve Elektronik İhracatçıları Birliği
HİKMET AKSÔZ YAPI PVC ALÜMİNYUM SİSTEMLERİ İTHALAT İHRACAT SANA YI VE TİCARET LİMİTED;BATTALGAZİ MH.YADİGAR SK. NO:2-6A SULTANBEYLİ İSTANBUL;(216) 4193040;www.aksozyapipvc.com;aksozyapipvc.com;TET - Elektrik ve Elektronik İhracatçıları Birliği
FON KOZMETIK SAN.TIC.LTD.STI.;ORTAKÖY MERKEZ MAH. YELDEĞİRMENİ CAD. NO 17/A SİLİVRİ İSTANBUL;(212) 7343820;www.fonkozmetik.com;fonkozmetik.com;TET - Elektrik ve Elektronik İhracatçıları Birliği
İZMAK TURİZM SOĞUTMA VE END. MUTFAK SAN.TİC.LTD.ŞTİ.;FATIH MAH. 140 SOK. NO.7 GAZİEMİR İZMİR;02322815125;www.izmak.com.tr;izmak.com.tr;TET - Elektrik ve Elektronik İhracatçıları Birliği
İPEKSAN DIŞ TİCARET LTD. ŞTİ.;KALEICI M.SARAY VIZE YOLU NO.61GOKCE ALI TREN IST.YANI ÇATALCA İSTANBUL;02127895643;www.silkcoat.com;silkcoat.com;TET - Elektrik ve Elektronik İhracatçıları Birliği
PEMAG MAKİNA SAN. VE TİC. LTD. ŞTİ.;SELİMPAŞA MAH. 605. CAD. NO:17 KAT NO:102 SİLİVRİ İSTANBUL;(212) 5654796;www.pemagmakina.com;pemagmakina.com;TET - Elektrik ve Elektronik İhracatçıları Birliği
ENDOSTAR İÇ VE DIŞ TŞCARET LİMİTED ŞİRKETİ;FERHUNİYE MAH. PARSANA CAD. MEDİKO İŞ MERKEZİ 20/8 MERAM KONYA;(212) 4381313;www.setramed.com;setramed.com;TET - Elektrik ve Elektronik İhracatçıları Birliği
VIBROSER SERAMİK İNŞ. SAN. VE TİC. LTD. ŞTİ.;CİHANGİR MH MEŞRUTİYET CD SEMAH SK NO:15/3 AVCILAR İSTANBUL;(212) 4228795;www.vibroser.com;vibroser.com;TET - Elektrik ve Elektronik İhracatçıları Birliği
VUSLAT REKLAM DIŞ TİCARET VE SANAYİ LİMİTED ŞİRKETİ;SİYAVUŞPAŞA MAH. NAMIK KEMAL CAD. NO:12/2 BAHÇELİEVLER İSTANBUL;(212) 4411910;www.vuslatreklam.com.tr;vuslatreklam.com.tr;TET - Elektrik ve Elektronik İhracatçıları Birliği
FURKAN MÜHENDİSLİK ELEKTRONİK TURİZM İNŞAAT VE TEKSTİL SANAYİ VE TİCARET LİMİTED ŞİRKETİ;SİYAVUŞPAŞA MAH AYDEDE SOKAK NO:7/1 BAHÇELİEVLER İSTANBUL;(212) 4831783;www.furkanmuhendislik.com.tr;furkanmuhendislik.com.tr;TET - Elektrik ve Elektronik İhracatçıları Birliği
GEMLİK GÜBRE SANAYİİ ANONİM ŞİRKETİ;ATA MAH. GEMSAZ MEVKİİ SANAYİ CAD. NO.6 GEMLİK BURSA;02245190070;www.gemlikgubre.com.tr;gemlikgubre.com.tr;TET - Elektrik ve Elektronik İhracatçıları Birliği
METROER ALÜMİNYUM CAM SİSTEMLERİ SANAYİ VE DIŞ TİCARET LİMİTED ŞİRKETİ;TAHTAKALE MAH. BEREKET SOK. NO:2 A AVCILAR İSTANBUL;(212) 4880460;www.metroercambalkon.com;metroercambalkon.com;TET - Elektrik ve Elektronik İhracatçıları Birliği
SOLİTECH SAĞLIK ÜRÜNLERİ SANAYİ VE TİCARET LİMİTED ŞİRKETİ;ARMAĞANEVLER MAH. BAŞAK SK. SEVGİ APARTMANI NO:88 ÜMRANİYE İSTANBUL;(216) 3268811;http://www.solitechmed.com;solitechmed.com;TET - Elektrik ve Elektronik İhracatçıları Birliği
SİNERJİ PROJE YÖNETİMİ ELEKTRİK ELEKTRONİK VE SAĞLIK TEKNOLOJİLERİ DIŞ TİCARET LİMİTED ŞİRKETİ;TATLISU MAH.ELALMIŞ CAD.SEYHAN SOK.YAĞMUR APT.NO:1 KAT:1/3 ÜMRANİYE İSTANBUL;(216) 4995560;www.sinerjipro.net;sinerjipro.net;TET - Elektrik ve Elektronik İhracatçıları Birliği
NOBEL İÇ VE DIŞ TİC. LTD. ŞTİ.;HALASKARGAZI CAD. NO.94 KAT 2 D.4 ŞİŞLİ İSTANBUL;(212) 3202734;www.nobelexport.com;nobelexport.com;TET - Elektrik ve Elektronik İhracatçıları Birliği
İBA MAKİNE İMALAT SANAYİ VE TİCARET LİMİTED ŞİRKETİ;MEDİS MAH.TERAZİLER CAD.PERPİN SAN.SİT. NO:72 İÇ KAPI NO:A SANCAKTEPE İSTANBUL;(216) 3142888;www.ibamakine.com;ibamakine.com;TET - Elektrik ve Elektronik İhracatçıları Birliği
GOLDA MARİNE DENİZCİLİK SAN.VE TİC.A.Ş.;AYDINTEPE MAH.SAHİL BLV.ALİZE İŞ MERKEZİ NO:191/100 TUZLA İSTANBUL PK:34959 TUZLA İSTANBUL;(216) 4939091;www.goldamarine.com;goldamarine.com;TET - Elektrik ve Elektronik İhracatçıları Birliği
ASTRAG TEKNOLOJİ ANONİM ŞİRKETİ;KONUTKENT MAHALLESİ 3020.SOKAK NO:17 ÇANKAYA ANKARA;(312) 2418438;https://astrag.com.tr;astrag.com.tr;TET - Elektrik ve Elektronik İhracatçıları Birliği
UKINOX ANKASTRE SİSTEMLERİ SANAYİ TİCARET ANONİM ŞİRKETİ;İÇERENKÖY MH ÜSKÜDAR İÇERENKÖY YOLU CD VIP CENTER NO:10 A ATAŞEHİR İSTANBUL;(212) 8869598;www.ukinox.com.tr;ukinox.com.tr;TET - Elektrik ve Elektronik İhracatçıları Birliği
MEYADOOR OTOMATİK GEÇİŞ SİSTEMLERİ SAN. TİC. LTD.ŞTİ.;ESENKENT MAH. BARURALP SOK. NO.25/2 ÜMRANİYE İSTANBUL;(216) 3133200;www.meyadoor.com;meyadoor.com;TET - Elektrik ve Elektronik İhracatçıları Birliği
NTEPE ZÜCCACİYE VE ENDÜSTRİYEL MUTFAK EKİPMANLARI SANAYİ VE TİCARET LİMİTED ŞİRKETİ;GÖKEVLER MAH. ÖZDEMİR SOK. NO:2A/1 ESENYURT İSTANBUL;(212) 8865363;www.ntepemutfak.com;ntepemutfak.com;TET - Elektrik ve Elektronik İhracatçıları Birliği
ESNERA İÇ VE DIŞ TİCARET LİMİTED ŞİRKETİ;ATAKENT MAH. TURGUT ÖZAL BLV. DUMANKAYA MIKSB-2 NO: 48 /2 IÇ KAPI NO: 249 KÜÇÜKÇEKMECE İSTANBUL;(212) 9993118;http://www.esnera.com;esnera.com;TET - Elektrik ve Elektronik İhracatçıları Birliği
IŞIK ÇELİK SAN. VE TİC. A.Ş.;HÜRRİYET MAH.ZONGULDAK CAD. NO:36/A MERKEZ KARABÜK;(370) 4242077;www.isikcelik.com;isikcelik.com;TET - Elektrik ve Elektronik İhracatçıları Birliği
ELT MAKİNE AMBALAJ VE GIDA SANAYİ TİCARET LTD.ŞTİ.;VATAN MAHALLESİ CUMHURİYET CADDESİ AR SOKAK NO:1 KAT 1 BÖLÜM 20-21 BAYRAMPAŞA İSTANBUL;(212) 6133424;www.elitpack.com.tr;elitpack.com.tr;TET - Elektrik ve Elektronik İhracatçıları Birliği
GORGU HIDROLIK VE MAK.TEKNIK TIC.SAN.A.S.;DUDULLU IMES SAN. SIT. E BLOK503 SOK. NO.56/A ÜMRANİYE İSTANBUL;(216) 4993696;www.gorgu-hidrolik.com;gorgu-hidrolik.com;TET - Elektrik ve Elektronik İhracatçıları Birliği
MIKROKEY ELEKTRO.BIL.ILE.TEKNO SAN.VE TIC.LTD.STI.;HARMAN DERE DEDE PASA CAD. NO:3 ATLAS SITESI C9 PENDİK İSTANBUL;02164827640;www.mikrokey.com;mikrokey.com;TET - Elektrik ve Elektronik İhracatçıları Birliği
TAB25 MARKET EKİPMANLARI SAN. VE TİC. A.Ş.;HADIMKÖY MAH.ATATÜRK SAN.BÖLGESİ ÜRGÜPLÜ CD. NO:18 ARNAVUTKÖY İSTANBUL;(212) 7710445;www.tab25.com;tab25.com;TET - Elektrik ve Elektronik İhracatçıları Birliği
PERFECT TİMİNG ROYAL INTERNATIONAL MARİNA HAVACILIK TURİZM YATIRIM İŞLETME ANONİM ŞİRKETİ;KÜÇÜKBAKKALKÖY MAH.AYŞE HATUN ÇEŞME SK.KESTEL PLAZ ATAŞEHİR İSTANBUL;(216) 5755550;https://www.leikodu.com.tr/;leikodu.com.tr;TET - Elektrik ve Elektronik İhracatçıları Birliği
TREXO İNOVASYON ANONİM ŞİRKETİ;MECİT MAH.DEMOKRASİ CAD. A9 BLOK NO:6 TUZLA İSTANBUL;;www.trxoin.com;trxoin.com;TET - Elektrik ve Elektronik İhracatçıları Birliği
AKSA CNC VE METAL SANAYİ VE TİCARET LİMİTED ŞİRKETİ;YAHYA KEMAL MAH. MİTHATPAŞA CAD. NO:31 KAĞITHANE İSTANBUL;(212) 2302710;www.aksacnc.com;aksacnc.com;TET - Elektrik ve Elektronik İhracatçıları Birliği
YILMAZ MAK. VE YEDEJ PAR. İMALAT SANAYİ VE TİCARET LİMİTED ŞİRKETİ;DUDULLU OSB MH İMES SAN SİT E BLOK 503 SK NO:50 ÜMRANİYE İSTANBUL;(216) 3645154;www.yilmazlarmakina.com;yilmazlarmakina.com;TET - Elektrik ve Elektronik İhracatçıları Birliği
İSTANBUL KEPENK AKSESUARLARI İTHALAT İHRACAT SANAYI TİCARET LİMİTED ŞİRKETİ;ZİYA GÖKALP MH G-1019 SK PRESTİJ 4 İS MERKEZİ NO:12/A BAŞAKŞEHİR İSTANBUL;(212) 5497955;www.istanbulkepenk.com.tr;istanbulkepenk.com.tr;TET - Elektrik ve Elektronik İhracatçıları Birliği
MKT MAKİNA VE AHŞAP TEKNOLOJİLERİ SAN. VE TİC.A.Ş;TURGUT REİS MAH. DEMOKRASİ CAD. 233 1 SULTANBEYLİ İSTANBUL;(216) 4667073;www.mktmakina.com.tr;mktmakina.com.tr;TET - Elektrik ve Elektronik İhracatçıları Birliği
BİNBİRÇEŞİT ELEKTRONİK A.Ş.;ÇAYIRHİSAR MAHALLESİ 6023 SOKAK NO:1/A ALTIEYLÜL BALIKESİR;(266) 0000000;http://www.binbircesit.com;binbircesit.com;TET - Elektrik ve Elektronik İhracatçıları Birliği
HMG DIŞ TİCARET SANAYİ LTD. ŞTİ.;BEYLİKDÜZÜ MAH. BİRLİK SANAYİ SİT. 2.CAD.NO:87/89 BEYLİKDÜZÜ İSTANBUL;;www.hmgtr.com;hmgtr.com;TET - Elektrik ve Elektronik İhracatçıları Birliği
HSM ALÜMİNYUM AKSESUARLARI İNŞAAT MALZEMELERİ SAN. VE TİC. LTD. ŞTİ.;MİMAR SİNAN MAHALLESİ ÜSKÜDAR CADDESİ YEDPA SİTESİ NO:1 F BLOK 81 NUMARA ATAŞEHİR İSTANBUL;(216) 4204720;www.hsmaksesuar.com;hsmaksesuar.com;TET - Elektrik ve Elektronik İhracatçıları Birliği
PERFEKTÜP AMBALAJ SANAYİ VE TİCARET ANONİM ŞİRKETİ;MALTEPE MAH. GÜMÜŞSUYU CD. NO:1 ZEYTİNBURNU İSTANBUL;(212) 4822929;www.perfektup.com;perfektup.com;TET - Elektrik ve Elektronik İhracatçıları Birliği
TECHNO CELL MUHENDİSLİK ELEKTRONİK İNŞAAT VE SANAYİ LTD. ŞTİ.;FATİH MAH. EGE CAD. N0:14/1 GAZİEMİR İZMİR;(232) 0000000;http://www.techno-cell.coö;techno-cell.coö;TET - Elektrik ve Elektronik İhracatçıları Birliği
MOTUS MÜHENDİSLİK TİCARET VE SANAYİ LİMİTED ŞİRKETİ;ZİYA GÖKALP MAH. SÜLEYMAN DEMİREL BLV. THE OFFICE NO: 7 E İÇ KAPI NO: 136 BAŞAKŞEHİR/İSTANBUL BAŞAKŞEHİR İSTANBUL;(212) 0000000;http://www.motusmuhendislik.com;motusmuhendislik.com;TET - Elektrik ve Elektronik İhracatçıları Birliği
MELODİ DIŞ TİCARET LİMİTED ŞİRKETİ;ISTOÇ Z BLOK NO.1 BAĞCILAR İSTANBUL;02126591910;www.melodiltd.com.tr;melodiltd.com.tr;TET - Elektrik ve Elektronik İhracatçıları Birliği
PAKSOY TEKNIK HIZMETLER VE TICARET LTD.STI.;BALGAT MAH. ZİYA BEY CAD. 1416. SOKAK NO:24 BALGAT ÇANKAYA ANKARA;(312) 4737722;www.paksoyteknik.com.tr;paksoyteknik.com.tr;TET - Elektrik ve Elektronik İhracatçıları Birliği
EPRON ENDÜSTRİYEL PANEL SİSTEM A.Ş.;HARAÇÇI MAH HARAÇÇI/HADIMKÖY YOLU CAD NO:132/1 ARNAVUTKÖY İSTANBUL;(212) 4449568;http://www.epron.com.tr;epron.com.tr;TET - Elektrik ve Elektronik İhracatçıları Birliği
CAGCELİK CAGTREND OFİS MOBİLYALARI SANAYİ VE DIŞ TİCARET ANONİM ŞİRKETİ;ZİYA GÖKALP MH ABDULLAH PAŞA CD NO:40/1İÇ KAPI NO:1 BAŞAKŞEHİR İSTANBUL;(212) 4720741;www.cagcelikoffice.com;cagcelikoffice.com;TET - Elektrik ve Elektronik İhracatçıları Birliği
EVREN YEMEK HIZM.TURZ.SAN.VE TIC.A.Ş;YENİBOSNA KÖYÜ ÇOBANÇEŞMEMAH. MASLAK MEVKİİ ALTAY SOKAK NO.4 BAHÇELİEVLER BAHÇELİEVLER İSTANBUL;(212) 6396116;www.evrenyemek.com;evrenyemek.com;TET - Elektrik ve Elektronik İhracatçıları Birliği
KIGA DANISMANLIK ITHALAT IHRACAT TICARET LIMITED SIRKETI;CEMIL MERIÇ MAH. CEMALETTIN SK. NO: 5 A ÜMRANİYE İSTANBUL;(216) 0000000;http://www.ekplastik.com.tr;ekplastik.com.tr;TET - Elektrik ve Elektronik İhracatçıları Birliği
2 GEN GLOBAL DIŞ TİC. LTD. ŞTİ.;BARIŞ MAH. AKDENİZ CAD. DOĞA EVLER SİT. B-1 APT. N:23/1ALİOĞLU İŞ MERK. BEYLİKDÜZÜ İSTANBUL;(212) 6655538;www.2gen.com.tr;2gen.com.tr;TET - Elektrik ve Elektronik İhracatçıları Birliği
HİLAL ALÜMİNYUM İTHALAT İHRACAT SAN. VE TİC. LTD. ŞTİ.;HÜRRİYET MH DR CEMİL BENGÜ CD NO:62 KAĞITHANE İSTANBUL;(212) 2242570;www.hilal.com.tr;hilal.com.tr;TET - Elektrik ve Elektronik İhracatçıları Birliği
BAREKS PLASTİK FİLM EKSTRÜZYON SANAYİ VE TİCARET ANONİM ŞİRKETİ;ATATURK ORGANIZE SAN.BOLGESI10000 SOKAK NO:7 ATATÜRK ORG. SAN. BLG. ÇİĞLİ İZMİR;(232) 3280982;www.bareks.com.tr;bareks.com.tr;TET - Elektrik ve Elektronik İhracatçıları Birliği
DEMOS ENDÜSTRİYEL SİST.SAN.TİC.LTD.ŞTİ.;EYÜP SULTAN MAH. OSMANGAZİ CAD.NO:136 ERLOG LOJİSTİK BİNASI K.2 SANCAKTEPE İSTANBUL;(216) 4158087;www.demosglobal.net;demosglobal.net;TET - Elektrik ve Elektronik İhracatçıları Birliği
ÖZGÜN İNŞ. LTD. ŞTİ. NUROL İNŞ. A.Ş. ADİ ORTAKLIĞI;GAYRETTEPE MH GÖNENOĞLU SK NO :7 BEŞİKTAŞ İSTANBUL;(212) 2753737;www.ozguntr.com;ozguntr.com;TET - Elektrik ve Elektronik İhracatçıları Birliği
MSI MEDİKAL GIDA TİCARET LTD. ŞTİ;H.RIFAT PAŞA MAH.PERPA TİC.MERK.A BLOK NO:K5/405 ŞİŞLİ İSTANBUL;(212) 4373190;www.msi.com.tr;msi.com.tr;TET - Elektrik ve Elektronik İhracatçıları Birliği
RADELSAN ELEKTRİK SAN. VE TİC. LTD.ŞTİ.;EMNİYETTEPE MAH. M. FEVZİ ÇAKMAK CAD. DÖNER SOK. NO:10 ALİBEYKÖY EYÜP İSTANBUL;(212) 6276320;www.radelsan.com;radelsan.com;TET - Elektrik ve Elektronik İhracatçıları Birliği
OPERATİF TELEKOM VE BİLGİ TEKNOLOJİLERİ ANONİM ŞİRKETİ;FETİH MAH. TAHRALI SK.KAVAKYELİ KAPI NO:7A DAİRE NO:30 ATAŞEHİR İSTANBUL;(216) 3455757;https://www.operatif.com;operatif.com;TET - Elektrik ve Elektronik İhracatçıları Birliği
CANTAŞ DEN.YANGIN GÜV.SİST.SAN.VE TİC.LTD.ŞTİ.;EVLİYA ÇELEBİ MAH.GENC OSMAN CAD.EBE SOK.NO:7 TUZLA İSTANBUL;(216) 4473174;www.cantasmarine.com;cantasmarine.com;TET - Elektrik ve Elektronik İhracatçıları Birliği
CEMET BANT SANAYİ VE TİCARET ANONİM ŞİRKETİ;75.YIL OSB MAH. 23. CAD. NO:1 ODUNPAZARI ESKİŞEHİR;(216) 3942076;http://bulent@cemet.com.tr;bulent@cemet.com.tr;TET - Elektrik ve Elektronik İhracatçıları Birliği
MC2 ELEKTRİK ENERJİ SİSTEMLERİ SANAYİ TİCARET LİMİTED ŞİRKETİ;HALİT RIFAT PAŞA MAH, YÜZER HAVUZ SK. PERPA TİC.MRA BLOK NO:1/296 ŞİŞLİ İSTANBUL;(212) 2106172;https://mc2enerji.com/;mc2enerji.com;TET - Elektrik ve Elektronik İhracatçıları Birliği
TURANCAM İNŞAAT SANAYİ VE TİC. A .Ş;MIMARSINAN MAH.BARBAROS CAD.NO:5 ÇEKMEKÖY İSTANBUL;02166400000;www.turancam.com;turancam.com;TET - Elektrik ve Elektronik İhracatçıları Birliği
YBM BİLGİSAYAR MÜHENDİSLİK SANAYİ VE TİCARET ANONİM ŞİRKETİ;ÜNİVERSİTELER MAH. 1596. CAD NO:6E/45 06800 HACETTTEKNOKENT ÇANKAYA ANKARA;(312) 0000000;http://www.wraithesports.com;wraithesports.com;TET - Elektrik ve Elektronik İhracatçıları Birliği
TRİA GRUP ELEKTRİK ELEKTRONİK İNŞ. TAAH. SAN. VE TİC. LTD. ŞTİ.;YENİ ÇAMLICA MAH. VİYANA SOK. NO:10 K:1 D:4 KOZYATAĞI KADIKÖY İSTANBUL;(216) 4563437;www.triagrup.com.tr;triagrup.com.tr;TET - Elektrik ve Elektronik İhracatçıları Birliği
ASTS PROFIL MUHENDISLIK VE PLASTİK SANAYİ VE TİCARET ANONİM ŞİRKETİ;BARBAROS MAH AK ZAMBAK SK A BLOKVARYAP MERIDIAN A BLOK NO:131 ATAŞEHİR İSTANBUL;(216) 5278979;www.astsprofile.com;astsprofile.com;TET - Elektrik ve Elektronik İhracatçıları Birliği
EPSİLON LANDAUER DOZİMETRİ TEK. SAN. VE TİC. A.Ş.;POLAT ÇİFÇİLER BİNASI 19 MAYIS MH. DR.ŞEVKET BEY SOK. NO:3/A ŞİŞLİ İSTANBUL;(212) 2476321;wwwepsilonlandauer.com.tr;wwwepsilonlandauer.com.tr;TET - Elektrik ve Elektronik İhracatçıları Birliği
YUSUF ALDEMİR;ULUBATLI HASAN MH. 383. SK NO:3-A D:5 SİNCAN ANKARA;(312) 0000000;http://www.aldemirbilisim.com;aldemirbilisim.com;TET - Elektrik ve Elektronik İhracatçıları Birliği
FETHİYE AVİZE ELEKTRİK VE ELEKTRONİK TURİZ. NAK. LTD. ŞTİ.;KARAÇULHA BLOK ÇALICA MAH.NARLI CAD.N:157 İÇ KAPI NO:3 FETHİYE MUĞLA;(252) 6467589;www.fethiyelight.com;fethiyelight.com;TET - Elektrik ve Elektronik İhracatçıları Birliği
ROBOTEK OTOMASYON TEKNOLOJILER SANAYI TICARET LTD.STI.;GEBZE ORG.SAN.BLG.1000.CD.NO:1029KOCAELİ/ÇAYIROVA ÜMRANİYE İSTANBUL;02165271542;www.robotek.com.tr;robotek.com.tr;TET - Elektrik ve Elektronik İhracatçıları Birliği
ROYAL ASANSÖR SAN.TİC. LTD. ŞTİ.;AKÇABURGAZ MEVKİİ ALKOP CAD. ALKOP SANAYİ SİTESİ C-3 BLOK NO:7-8 ESENYURT İSTANBUL;(212) 8582172;www.royalasansor.com;royalasansor.com;TET - Elektrik ve Elektronik İhracatçıları Birliği
SHARK INSTRUMENTS SANAT ÜRÜNLERİ A.Ş.;KOŞUYOLU MAHALLESİ CENAP ŞAHABETTİN SOKAK NO: 16 KADIKÖY İSTANBUL;(212) 2222850;http://sharkguitars.com;sharkguitars.com;TET - Elektrik ve Elektronik İhracatçıları Birliği
SARMASIK ISI SANAYI VE TIC.A.S;ESKI OTO SAN. SIT. MENDERESCD. NO.7 KAĞITHANE İSTANBUL;02122847305;www.sarmasik.com.tr;sarmasik.com.tr;TET - Elektrik ve Elektronik İhracatçıları Birliği
MES-KON SAĞLIK TEKSTİL ÜRÜNLERİ SAN. VE TİC. LTD. ŞTİ.;YAY MEYDANI CAD. NO:23 FERİKÖY ŞİŞLİ İSTANBUL;(212) 2357777;www.meskon.com.tr;meskon.com.tr;TET - Elektrik ve Elektronik İhracatçıları Birliği
EREN ÇELİK AHŞAP VE METAL MÖBLE SANAYİ VE TİCARET LİMİTED ŞİRKETİ;MURATPAŞA MH FABRİKALAR CD NO:9/1 BAYRAMPAŞA İSTANBUL;(212) 5634567;www.rafturk.com.tr;rafturk.com.tr;TET - Elektrik ve Elektronik İhracatçıları Birliği
DÜLGARSAN AYDINLATMA SANAYİ VE TİCARET A.Ş.;HALIDE EDIP ADIVAR MAH.SULTANSOK. NO:12/C ŞİŞLİ İSTANBUL;02122549022;www.dr-light.com;dr-light.com;TET - Elektrik ve Elektronik İhracatçıları Birliği
TAYEN ENDÜSTRİ TESİSLERİ MÜHENDİSLİK TAAHHÜT SAN. VE TİC. A.Ş.;ZAFER MAH. ŞEHİT YÜZBAŞI YÜCEL KENTER CAD. 2M 11 BLK NO.14 ÇORLU TEKİRDAĞ;(282) 6732225;www.tayen.com.tr;tayen.com.tr;TET - Elektrik ve Elektronik İhracatçıları Birliği
TAHA MAKİNA MAKİNA VE YEDEK OARÇA İMALATI KONF. SAN. VE TİC. LTD.ŞTİ.;DAVUTPAŞA CAD. KALE İŞ MERKEZİ NO:143 ZEYTİNBURNU İSTANBUL;(212) 4821317;www.tahamakina.com;tahamakina.com;TET - Elektrik ve Elektronik İhracatçıları Birliği
MOLWEX ELEKTRİK SANAYİ VE TİCARET ANONİM ŞİRKETİ;EKİNOBA MH.ELİAÇIK SK.WESTPARK EVLERİ A1 BLOK NO:2/2A - PK:34535 BÜYÜKÇEKMECE İSTANBUL;(212) 2452212;www.molwex.com;molwex.com;TET - Elektrik ve Elektronik İhracatçıları Birliği
ANIXTER ILETISIM SISTEMLERI PAZ.VE TIC.A.S.;SEHIT MEHMET FATIH ONGUL ESKIYAPANLAR IS MERK. NO.1/1 K:4 KADIKÖY İSTANBUL;02164649664;www.anixter.com;anixter.com;TET - Elektrik ve Elektronik İhracatçıları Birliği
AKSEL DIŞ TİCARET ANONİM ŞİRKETİ;HALIT ZIYA BULV. NO.21CENDELLI ISMERK. K.6 KONAK İZMİR;02324251625;www.aksel.com.tr;aksel.com.tr;TET - Elektrik ve Elektronik İhracatçıları Birliği
BOLLU PLASTİK SANAYİ VE TİCARET LİMİTED ŞİRKETİ;O.S.B.MAH. 5. CAD. NO:37 BEYLİKDÜZÜ İSTANBUL;(212) 8752713;www.bolluplastik.com.tr;bolluplastik.com.tr;TET - Elektrik ve Elektronik İhracatçıları Birliği
CITY DESIGN IC MIM.MOB.SAN.VE TIC.LTD.STI.;AKKAVAK SOK.ÖZKARTAL BİNASI NO:9/3 ŞİŞLİ İSTANBUL;;www.citydesing.com.tr;citydesing.com.tr;TET - Elektrik ve Elektronik İhracatçıları Birliği
ELİT ELEKTRONİK PAZARLAMA SAN. VE TİC. LTD. ŞTİ.;İ.O.S.B. MUTSAN SAN. SİT. M10 BLOK NO:31 BAŞAKŞEHİR İSTANBUL;(212) 2510109;www.elitweb.com;elitweb.com;TET - Elektrik ve Elektronik İhracatçıları Birliği
NAFX TASARIM MEDİKAL DANIŞMANLIK SAN. VE TİC. LTD. ŞTİ.;YAŞAM MAH. 3101 SK NO 8 ÇANKAYA ANKARA;(312) 1111111;www.nafx.com.tr;nafx.com.tr;TET - Elektrik ve Elektronik İhracatçıları Birliği
KONSENS TEKNOLOJİ SANAYİ VE TİCARET LİMİTED ŞİRKETİ;BÜYÜKKAYACIKOSB MAH. 101. CAD. NO: 6E SELÇUKLU KONYA;(332) 3423200;www.konsens.com.tr;konsens.com.tr;TET - Elektrik ve Elektronik İhracatçıları Birliği
TALE GRUP ULUSLARARASI TİCARET SANAYİ LİMİTED ŞTİ;AKŞEMSETTİN MAH FEVZİPAŞA CAD ZÜLALİ ÇEŞMESİ SOK. NO:9/2 FATİH İSTANBUL;(212) 5217945;http://www.taletrade.com;taletrade.com;TET - Elektrik ve Elektronik İhracatçıları Birliği
PİLSAN DIŞ TİC. LTD. ŞTİ.;YENİ MAH. MERKEZ BUCAĞI D-100KARAYOLU CAD. NO.32 BÜYÜKKARIŞTIRAN BELDESİ LÜLEBURGAZ/KIRKLARELİ? ESENYURT İSTANBUL;(212) 6891141;www.pilsan.com.tr;pilsan.com.tr;TET - Elektrik ve Elektronik İhracatçıları Birliği
HATBORU SAN.VE TİC. A.Ş.;ANTAKYA ORGANİZE SANAYİ BÖLGESİ6 NOLU YOL NO:15 ANTAKYA HATAY;(326) 4512100;www.hatboru.com;hatboru.com;TET - Elektrik ve Elektronik İhracatçıları Birliği
TERMOSA MOBİL SİSTEMLERİ ANONİM ŞİRKETİ;SANAYİ BÖLGESİ ÇEVRE SANAYİ SİTESİ 1 BLOK NO:21 BAŞAKŞEHİR İSTANBUL;(212) 4853343;www.termosa.com;termosa.com;TET - Elektrik ve Elektronik İhracatçıları Birliği
PRUVA DENTAL TIBBİ MALZEME SANAYİ TİCARET LİMİTED ŞİRKETİ;MOLLA GÜRANİ MAH KARAKOYUNLU SOK UĞUR AP. NO:14 FATİH İSTANBUL;(212) 9769133;http://www.pruvadental.com;pruvadental.com;TET - Elektrik ve Elektronik İhracatçıları Birliği
SKS KOLTUK VE SİSTEMLERİ SAN. VE TİC. LTD. ŞTİ.;ALAŞARKÖY MAH.İSTANBUL YOLU CAD.519 OSMANGAZİ BURSA;0(224) 2610500;www.skskoltuk.com;skskoltuk.com;TET - Elektrik ve Elektronik İhracatçıları Birliği
KARE CİVATA BAĞLANTI ELEMANLARI SAN. VE TİC. LTD. ŞTİ.;İKİTELLİ OSB. ATATÜRK OTO SAN. SİT. 4. BLOK NO:106 BEŞİKTAŞ İSTANBUL;(212) 4388284;www.karecivata.com;karecivata.com;TET - Elektrik ve Elektronik İhracatçıları Birliği
MOTORCULAR ELEKTRIKLI MAKİNALAR SANAYİ VE TİCARET ANONİM ŞİRKETİ;OĞLANANASI ATATÜRK MH. SAİM ÇIKRIKÇI CD. NO:127 KISIK ÇAMDİBİ CUMAOVASI(MENDERES) İZMİR;(232) 4338535;www.motorcular.com.tr;motorcular.com.tr;TET - Elektrik ve Elektronik İhracatçıları Birliği
MERT TEKNİK MÜHENDİSLİK VE TİC LTD. ŞTİ.;TEKSTİLKENT KOZA PLAZA B BLOK K.7 NO.27 ESENLER İSTANBUL;(212) 4383884;www.mertteknik.com;mertteknik.com;TET - Elektrik ve Elektronik İhracatçıları Birliği
FENESTRA YAPI INSAAT SANAYI VE TICARET ANONİM ŞİRKETİ;ZAFER MAH ADİLE NAŞİT BULVARI 152 SK NO:3/5 ESENYURT İSTANBUL;(212) 4225939;www.fenestra.com.tr;fenestra.com.tr;TET - Elektrik ve Elektronik İhracatçıları Birliği
MGG DEMİR ÇELİK İTHALAT İHRACAT SANAYİ VE TİCARET ANONİM ŞİRKETİ;BARIŞ MH ANİBAL CD NO:13 GEBZE GEBZE KOCAELİ;(262) 6776900;www.mggdemir.com.tr;mggdemir.com.tr;TET - Elektrik ve Elektronik İhracatçıları Birliği
MOBİLİZ BİLGİ VE İLETİŞİM TEKNOLOJİLERİ A.Ş.;BILKENT 2 CAD. CYBER PLAZA A BLOKK.2 NO.208 ÇANKAYA ANKARA;03122650060;www.mobiliz.com.tr;mobiliz.com.tr;TET - Elektrik ve Elektronik İhracatçıları Birliği
NOVILITY DIS TICARET VE URETIM LIMITED SIRKETI;YENIBOSNA MERKEZ MAH 29 EKIM CAD 2 NO 5 /103 BAHÇELİEVLER İSTANBUL;(212) 6032340;www.novilty.com;novilty.com;TET - Elektrik ve Elektronik İhracatçıları Birliği
KONFOR MUHENDISLIK YAPI TES.VE TIC.LTD.STI.;BAYRAKTAR BULVARI NO:56 KAT:3 ÜMRANİYE İSTANBUL;02164992020;www.konformuhendislik.com;konformuhendislik.com;TET - Elektrik ve Elektronik İhracatçıları Birliği
SANTEK OTOMASYON TİCARET LİMİTED ŞİRKETİ;HALİT RIFAT PAŞA MAHALLESİ YÜZER HAVUZ SOKAK PERPA TİÇARET MERKEZİ B BLOK NO:1/1 İÇ KAPI NO :2 ŞİŞLİ İSTANBUL;(212) 3202228;www.santekotomasyon.com;santekotomasyon.com;TET - Elektrik ve Elektronik İhracatçıları Birliği
PERMO ELEKTRİK ELEKTRONİK VE OTOMASYON SİSTEMLERİ SAN. TİC. LTD. ŞTİ.;İMES SAN.SİT. E BLOK 504. SOK. N:11 YUKARIDUDULLU ÜMRANİYE İSTANBUL;;www.permo.com.tr;permo.com.tr;TET - Elektrik ve Elektronik İhracatçıları Birliği
CETINTAS LPG CNG YAKIT SIS.OTO .PE.UR.MAK.SAN.VE TIC.LTD.STI.;RAMI KIŞLA CD.APEK ÜRETMEN IŞMERKEZI B BLOK N:2 EYÜP İSTANBUL;02124933488;www.nlplpg.com;nlplpg.com;TET - Elektrik ve Elektronik İhracatçıları Birliği
CLAWS TEKNOLOJİ YATIRIMLARI İTHALAT VE İHRACAT LİMİTED ŞİRKETİ;YENİDOĞAN MAH. AÇŞIOĞLU ÇIKMAZI SK. NO:6/7 BAYRAMPAŞA İSTANBUL;(212) 6741787;http://www.claw-s.com;claw-s.com;TET - Elektrik ve Elektronik İhracatçıları Birliği
ESSELTE LEITZ BÜRO MALZ.SAN.VE TİC.A.Ş.;ESKI B.DERE C.TAHIRAGACESME S.AYAZAAGA TIC.MRK.B.BL.N:11/2 ŞİŞLİ İSTANBUL;02122862630;www.esselte.com.tr;esselte.com.tr;TET - Elektrik ve Elektronik İhracatçıları Birliği
FM TRAFİK GÜVENLİK TEKNOLOJİ SANAYİ VE TİCARET LİMİTED ŞİRKETİ;MAHMUTBEY MAH. 2445. SOK. NO:69-71 (İSTOÇ 24.ADA) BAĞCILAR İSTANBUL;(212) 9091228;www.trafikgerecleri.com;trafikgerecleri.com;TET - Elektrik ve Elektronik İhracatçıları Birliği
GÜÇLER TEÇHİZAT MAKİNE KİMYA MADENCİLİK SANAYİ VE TİCARET ANONİM ŞİRKETİ;M.ALİ PAŞA MAH. BAĞDAT CAD., NO:216 D: 6 İZMİT KOCAELİ;(262) 5031413;http://www.guclermakina.com;guclermakina.com;TET - Elektrik ve Elektronik İhracatçıları Birliği
ISM URETIM COZUMLERI VE TALAŞLI İMALAT A.Ş.;HİSAREYN KARAKÖPRÜ MH. BEGONYA SOKAK 2/5 GÖLCÜK KOCAELİ;(262) 0000000;http://www.schlemmerturkiye.com;schlemmerturkiye.com;TET - Elektrik ve Elektronik İhracatçıları Birliği
KÜBRA NUR BİJUTERİ SAN.VE TİC.LTD.ŞTİ.;İSTOÇ TİCARET MERKEZİ 13 ADA NO.134 BAĞCILAR İSTANBUL;(212) 6591578;www.kuppeli.com;kuppeli.com;TET - Elektrik ve Elektronik İhracatçıları Birliği
PRN İNŞAAT TAAHHÜT SANAYİ VE TİCARET LİMİTED ŞİRKETİ;ATATÜRK MAHALLESİ ERTUĞRUL GAZİ SOKAK METROPOL İSTANBUL SİTESİ A BLOK NO: 2E DAİRE : 288 ATAŞEHİR İSTANBUL;(216) 4551524;www.erege.com.tr;erege.com.tr;TET - Elektrik ve Elektronik İhracatçıları Birliği
GES KAYA MÜHENDİSLİK HİZMETLERİ SANAYİ VE TİCARET LİMİTED ŞİRKETİ;ESENYALI MH YANBOL CD VARYAP PLAZA NO:61/121 PENDİK İSTANBUL;(216) 2060248;www.gesship.com;gesship.com;TET - Elektrik ve Elektronik İhracatçıları Birliği
SAİT DEMİRCİ EL ALETLERİ MADENCİLİK OTOMOTİV SANAYİ TİCARET LİMİTED ŞİRKETİ;MAHMUTBEY MH İSTOÇ TİCARET MERKEZİ 25 ADA 2446 SK NO:65-67 BAĞCILAR İSTANBUL;(212) 6597490;www.saitdemirci.com;saitdemirci.com;TET - Elektrik ve Elektronik İhracatçıları Birliği
VOLKAN COŞKUN;ÇINAR MAHALLESİ 842. SOKAK NO:19E KAT BAĞCILAR İSTANBUL;(212) 4338433;www.siarreklam.com;siarreklam.com;TET - Elektrik ve Elektronik İhracatçıları Birliği
DORUK END.MALZ.MUH.TAAH.VE TIC LTD.STI.;MERMERCİLER KÜÇ. SAN. SİT. KÖSELER 1. CAD. 32. SOK. NO:10/1 DILOVASI /KOCAELİ ÜMRANİYE İSTANBUL;;www.dorukendustri.com;dorukendustri.com;TET - Elektrik ve Elektronik İhracatçıları Birliği
LİZAY KUYUMCULUK TİC. A.Ş;MOLLAFENARİ MAH. ALİ BABA TÜRBE SOK. NO:17 FATİH İSTANBUL;(212) 5113222;www.lizaypirlanta.com;lizaypirlanta.com;TET - Elektrik ve Elektronik İhracatçıları Birliği
UGURLU DISCILIK GIDA END.UR.VE INS.UR.SAN.TIC.LTD.STI.;6.SEYRAN SOKAK NO:6 ATATÜRK MAH UŞAK UŞAK;;www.zahntech3d.net;zahntech3d.net;TET - Elektrik ve Elektronik İhracatçıları Birliği
UFUK TANITIM REKLAMCILIK VE TEMZ.ÜRÜNL.SAN.TİC.LTD.ŞTİ.;ISTOÇ 34.ADA NO:1-3-5-7 BAĞCILAR İSTANBUL;02126597979;www.ufuktanitim.com.tr;ufuktanitim.com.tr;TET - Elektrik ve Elektronik İhracatçıları Birliği
KÖSEM METAL VE AYDINLATMA SANAYİ TİCARET LTD.ŞTİ.;RAMİ KIŞLA CD EMİNTAŞ ERCİYES SAN SİT NO:12/143 BAYRAMPAŞA İSTANBUL;(212) 4779060;www.kosemmetal.com.tr;kosemmetal.com.tr;TET - Elektrik ve Elektronik İhracatçıları Birliği
SENSAN PLASTIK VE KALIP SAN. TIC.LTD.STI.;HARAÇCI MERKEZ MAH.M.FEVZIÇAKMAK CAD.NO.4 ARNAVUTKÖY İSTANBUL;02126831210;www.sensanplastik.com.tr;sensanplastik.com.tr;TET - Elektrik ve Elektronik İhracatçıları Birliği
LEDCITY ELEKTRONİK ELEK.AYDIN.SİST.SAN.TİC.VE PAZ.LTD.ŞTİ;İ.O.S.B DEMİRCİLER SAN.SİT.B-1 NO:48 İKİTELLİ BAŞAKŞEHİR İSTANBUL;(212) 5499740;http://www.ledcity.com.tr;ledcity.com.tr;TET - Elektrik ve Elektronik İhracatçıları Birliği
ALUMİNAKS METAL SANAYİ LTD ŞTİ;ZAFER MH DOĞAN ARASLI BULVARI NO:97-99 N CADDE BUSİNESS PLAZA KAT:15 D:99 ESENYURT İSTANBUL;(212) 9995157;www.aluminsan.com.tr;aluminsan.com.tr;TET - Elektrik ve Elektronik İhracatçıları Birliği
EDİS İNŞAAT MALZEMELERİ MAKİNA ELEKTRİK GIDA TEKSTİL DIŞ TİC. LTD. ŞTİ.;CAYICI MAH.KAYACAN CAD. SAPANCA SAKARYA;(212) 8790774;www.edisinsaat.com;edisinsaat.com;TET - Elektrik ve Elektronik İhracatçıları Birliği
HESAŞ HED.EŞYA SAN.VE TİC.A.Ş;MEHMET NEZİF ÖZMEN MAH. ŞİMŞİRSOK. NO.13 GÜNGÖREN İSTANBUL;02125562811;www.hesas.com.tr;hesas.com.tr;TET - Elektrik ve Elektronik İhracatçıları Birliği
S MART BİLGİSAYAR GÜVENLİK İLETİŞİM VE BİLGİ TEKNOLOJİLERİ DIŞ TİCARET LİMİTED ŞİRKETİ;ESKİ ÇIRPICI YOLU SOKAK MERTER MERİDYEN İŞ MERKEZİ NO:1 KAT:3/314 MALTEPE İSTANBUL;;www.smart-bs.com;smart-bs.com;TET - Elektrik ve Elektronik İhracatçıları Birliği
ASTEKS KAUÇUK VE PLASTİK SAN. VE TİC. A. Ş.;YAKUPLU MAH. HURRIYET BULV NO.2 BEYLİKDÜZÜ İSTANBUL;02128751100;www.asteks.com;asteks.com;TET - Elektrik ve Elektronik İhracatçıları Birliği
SAHAN DIŞ TİCARET TURİZM VE DANIŞMANLIK LİMİTED ŞİRKETİ;MOLLA GÜRANİ MAHALLESİ OĞUZHAN CADDESİ NO:30 D:9 FATİH İSTANBUL;(212) 2534934;www.sahanexport.com;sahanexport.com;TET - Elektrik ve Elektronik İhracatçıları Birliği
KORUMA KLOR ALKALİ SANAYİ VE TİCARET ANONİM ŞİRKETİ;DENİZ MAH. PETROL OFİSİ CAD. NO:43 DERİNCE KOCAELİ;(262) 2392270;www.koruma.com;koruma.com;TET - Elektrik ve Elektronik İhracatçıları Birliği
TUROCAS GRUP YÖNETİM DANIŞMANLIĞI TİCARET LİMİTED ŞİRKETİ;FATİH MAH. ATAKAN CAD. NO: 20 İÇ KAPI NO: 1 TUZLA İSTANBUL;(212) 4448470;http://www.turocasgrup.com;turocasgrup.com;TET - Elektrik ve Elektronik İhracatçıları Birliği
T HUB ROBOT TEKNOLOJİLERİ VE MAK.SAN.TİC.A.Ş.;MERKEZ BARIŞ MAH.11816 SOK.NO:14 GEBZE KOCAELİ;(262) 6441554;www.towercraft.com.tr;towercraft.com.tr;TET - Elektrik ve Elektronik İhracatçıları Birliği
ŞİMŞEK GÜNEŞ KOLLEKTÖRLERİ ALM. İNŞAAT GIDA NAKLİYE SANAYİ VE TİCARET LİMİTED ŞİRKETİ;AKBELEN BULVARI 221/A Merkez MERSIN;03243241235;www.simseksolar.com;simseksolar.com;TET - Elektrik ve Elektronik İhracatçıları Birliği
HERA GLOBAL CELIK BORU TICARET LIMITED SIRKETI;S.GUTLU CESME MAH. . HALKALI CAD. NO: 257 KÜÇÜKÇEKMECE İSTANBUL;(212) 4707372;www.heracelik.com.tr;heracelik.com.tr;TET - Elektrik ve Elektronik İhracatçıları Birliği
HM KOROZYON MÜHENDİSLİK MÜŞAVİRLİK OTOMATİV SANAYİ VE TICARET LİMİTED ŞİRKETİ;TOPÇULAR CD CENGAVER SK NO:1 EYÜP İSTANBUL;(212) 6130152;www.hmkorozyon.com;hmkorozyon.com;TET - Elektrik ve Elektronik İhracatçıları Birliği
BELAREK VASIFLI METALLER SAN. VE TİC.LTD.ŞTİ.;ORTA MH ERK SK NO:7 ASLI NEMUTLU SAN SİT A12 TUZLA İSTANBUL;(216) 3042390;www.belarek.com;belarek.com;TET - Elektrik ve Elektronik İhracatçıları Birliği
BİLKİM TIBBİ ÜRÜNLER SANAYİ VE TİCARET LİMİTED ŞİRKETİ;8229/2 SOKAK N:7 ODIN ISMERKEZI ÇİĞLİ İZMİR;(232) 3297027;www.bilkimya.com;bilkimya.com;TET - Elektrik ve Elektronik İhracatçıları Birliği
ALAKS ALÜMİNYUM SAN.VE TİC.A.Ş.;İKİTELLİ OSB MH ESKOOP SAN SİTESİ D BLOK NO:12 BAŞAKŞEHİR İSTANBUL;(212) 2252182;www.alaksaluminyum.com;alaksaluminyum.com;TET - Elektrik ve Elektronik İhracatçıları Birliği
GS METAL ANONİM ŞİRKETİ;ESENTEPE MAH. KESKİN KALEM SOK .ARYA PLAZA NO:17/2 ŞİŞLİ İSTANBUL;(212) 7063189;www.framreags.com;framreags.com;TET - Elektrik ve Elektronik İhracatçıları Birliği
ERLAU METAL SANAYI VE TICARET LIMITED SIRKETI;GEBZE OSB MH 3300 CD 3308/2 GEBZE KOCAELİ;(262) 6737400;www.erlau.com.tr;erlau.com.tr;TET - Elektrik ve Elektronik İhracatçıları Birliği
E.C.E. ELEKTRONİK CİHAZLAR ENDÜSTRİSİ LTD.ŞTİ.;MÜEYYETZADE MH. KEMERALTI CD.NO:1-3 KARAKÖY BEYOĞLU İSTANBUL;(212) 2937924;www.eceelektronik.com;eceelektronik.com;TET - Elektrik ve Elektronik İhracatçıları Birliği
PASTEL METAL FORM VE MAKINA SAN.TIC.LTD.STI.;Y. DUDULLU BOSTANCI YOLU CAD.MEVDUDI SK.N:14 ÜMRANİYE İSTANBUL;02164667438;www.pastelmetal.com.tr;pastelmetal.com.tr;TET - Elektrik ve Elektronik İhracatçıları Birliği
STL ELEKTRİK OTOMATİK KONTROL SİSTEMLERİ MAKİNA YAZILIM SAN.VE TİC.LTD.ŞTİ.;SULTAN ORHAN MAH.1117.SOKAK NUMARA:56/A GEBZE GEBZE KOCAELİ;(262) 6462788;www.stlelektrik.com;stlelektrik.com;TET - Elektrik ve Elektronik İhracatçıları Birliği
3 A MEDIKAL SAN.VE TIC.A.S.;ATATÜRK MH.IMSAN SAN.SIT.A BL.NO.9 KÜÇÜKÇEKMECE İSTANBUL;02126933474;www.3amedikal.com;3amedikal.com;TET - Elektrik ve Elektronik İhracatçıları Birliği
AKÇALI BOYA VE KİMYA SANAYİ VE TİCARET ANONİM ŞİRKETİ;HADIMKOY YOLU UZERI AKIN MAH.FEVZI CAKMAK CD.3.BOLG.NO.33 BÜYÜKÇEKMECE İSTANBUL;(212) 8862343;www.akcaliboya.com;akcaliboya.com;TET - Elektrik ve Elektronik İhracatçıları Birliği
BATI AVA GRUP DANIŞMANLIK İNŞAAT OTO. TİC. A.Ş.;PETROL İŞ MAH. LODOS SK. GIRAY APARTMANI NO:39 A KARTAL İSTANBUL;(216) 0000000;http://www.batiava.com;batiava.com;TET - Elektrik ve Elektronik İhracatçıları Birliği
FREELED TEKNOLOJİ SANAYİ TİCARET ANONİM ŞİRKETİ;GÜZELYURT MAH. MUSTAFA KEMAL CAD.NO :6 İÇ KAPI NO BEYLİKDÜZÜ İSTANBUL;(212) 8540199;https://freeled.com.tr;freeled.com.tr;TET - Elektrik ve Elektronik İhracatçıları Birliği
MAX MOTHES BAĞLANTI ELEMANLARI TİC. LTD. ŞTİ.;TATLIKUYU MAH.1301/4 SOK.NO:19 GEBZE KOCAELİ;(262) 6461517;www.maxmothes.com;maxmothes.com;TET - Elektrik ve Elektronik İhracatçıları Birliği
NİMBA İTHALAT İHRACAT LTD.ŞTİ.;ORHANGAZİ MAH 1646 SOK MİMSAN SAN.SİT39 BLOK NO:82 ESENYURT İSTANBUL;(212) 0000000;www.newnimba.com;newnimba.com;TET - Elektrik ve Elektronik İhracatçıları Birliği
KEFAYET LOJİSTİK NAKLİYAT İNŞ. SAN. VE DIŞ TİC. LTD. ŞTİ.;YAKUPLU MERKEZ MAH. HÜRRİYET BULVARI NO:1 SKYPORT RESİDENCE KAT:5 D:84-85 BEYLİKDÜZÜ İSTANBUL;(212) 8766687;www.kefayat.com;kefayat.com;TET - Elektrik ve Elektronik İhracatçıları Birliği
GENESİS ENERJİ VE MEKANİK SİSTEMLER ANONİM ŞİRKETİ;EYUP MERKEZ MAH.SILAHTAR AGACAD. NO:83 EYÜP İSTANBUL;02125788787;www.genesis.com;genesis.com;TET - Elektrik ve Elektronik İhracatçıları Birliği
HIZAL KUMES EKIPMANLARI KIM. MAD.SAN.VE DIS TIC.LTD.STI.;DES SAN.SIT.112 SOK. D4 BLOK NO.22 YUKARIDUDULLU ÜMRANİYE İSTANBUL;(216) 3131550;www.hizco.com;hizco.com;TET - Elektrik ve Elektronik İhracatçıları Birliği
POWERR LED AYDINLATMA ELEKTRONİK TİCARET LİMİTED ŞİRKETİ;BEREKETZADE MAH. BANKALAR CAD. VEFAI HAN NO: 18 B BEYOĞLU İSTANBUL;(212) 4526363;https://www.powerrled.com;powerrled.com;TET - Elektrik ve Elektronik İhracatçıları Birliği
POLYCAB KABLO SAN.VE DIŞ TİC. LTD.ŞTİ.;SAHRAYICEDİD MH. GÜZİDE SOK.MİST İŞ MRK. NO: 5 KAT: 6 DAİRE: 12 KADIKÖY İSTANBUL;(216) 3852553;www.polycab.com.tr;polycab.com.tr;TET - Elektrik ve Elektronik İhracatçıları Birliği
POYRAZ TIBBİ CİHAZLAR MEDİKAL İNŞ. TAŞ. SAN. VE TİC. LTD. ŞTİ.;NİSPETİYE MAH.GAZİ GÜÇNAR SOK.UYGUR İŞ MERKZ.N:4 D:10 BEŞİKTAŞ İSTANBUL;(212) 2270309;www.poyrazmedikal.com.tr;poyrazmedikal.com.tr;TET - Elektrik ve Elektronik İhracatçıları Birliği
OSNOVA METAL SAN. İÇ VE DIŞ TİC.LTD.ŞTİ.;AYDIN TEPE MAH.HUDUT SK.NO:1/7 TUZLA İSTANBUL;(216) 7711213;www.esnovametal.com;esnovametal.com;TET - Elektrik ve Elektronik İhracatçıları Birliği
MORTON MEDİKAL SANAYİ VE TİCARET ANONİM ŞİRKETİ;İTOB ORG.SAN.BÖL.EKREM DEMİRTAŞ CADDESİ NO:9 TEKELİ CUMAOVASI(MENDERES) İZMİR;(232) 4581888;www.mortonmedical.net;mortonmedical.net;TET - Elektrik ve Elektronik İhracatçıları Birliği
CEMFA OPTİK SANAYİ VE TİCARET A.Ş;MIMAR KEMALETTIN CAD.GENCTEN IS HANI NO.51 FATİH İSTANBUL;02125282580;www.cem-fa.com;cem-fa.com;TET - Elektrik ve Elektronik İhracatçıları Birliği
YAVUZ METAL İNŞ. GIDA TURZ. SAN. VE TİC. A.Ş.;YUNUS EMRE MH TABİAT SK.NO:15 YENİDOĞAN SANCAKTEPE İSTANBUL;(216) 4841597;www.yavuzaluminyum.com;yavuzaluminyum.com;TET - Elektrik ve Elektronik İhracatçıları Birliği
DERELİ GRAFİK MATBAA MALZEMELERİ SANAYİ VE TİCARET ANONİM ŞİRKETİ;HALKALI MERKEZ MAH. KARDELEN SOK. NO:40 KÜÇÜKÇEKMECE İSTANBUL;02126985100;www.dereligraphic.com;dereligraphic.com;TET - Elektrik ve Elektronik İhracatçıları Birliği
HNC PLASTİK BANYO MUTFAK VE TEMİZLİK GEREÇLERİ SANAYİ LİMİTED ŞİRKETİ;1573. SOKAK., NO:1 İÇ KAPI NO : 43 TEM 34 ESENYURT 2, B2 BLOK AKÇABURGAZ 34522 ESENYURT, İSTANBUL ESENYURT İSTANBUL;(212) 6597993;www.hncplastik.com;hncplastik.com;TET - Elektrik ve Elektronik İhracatçıları Birliği
MWF DEDEKTÖR ELEKTRONİK TEKNOLOJİLERİ SANAYİ VE TİCARET LİMİTED ŞİRKETİ;GÜRSEL MAHALLESİ NAMZET SOKAK NO:15 İÇ KAPI:301 ŞİŞLİ İSTANBUL;(212) 2220946;https://mwf-metaldetectors.com;mwf-metaldetectors.com;TET - Elektrik ve Elektronik İhracatçıları Birliği
RADYAL ISITMA SİSTEMLERİ A.Ş.;LİBADİYE CUMHURİYET MAH. ŞAİR MEHMET AKİF ERSOY CAD. NO:42 ÇENGELKÖY ÜSKÜDAR İSTANBUL;(216) 4999292;www.radyal.com;radyal.com;TET - Elektrik ve Elektronik İhracatçıları Birliği
DİGİEYE DİJİTALLEŞME TEKNOLOJİLERİ ANONİM ŞİRKETİ;HALKALI MERKEZ MAH. HALKALI CD. NO: 281/23 OFİS: 3 KÜÇÜKÇEKMECE İSTANBUL;(212) 7415521;https://digieye.ai;digieye.ai;TET - Elektrik ve Elektronik İhracatçıları Birliği
BİLGİLİ SPOR YAPI KURULUM TAAHHÜT TİCARET LİMİTED ŞİRKETİ;ACIBADEM MAH.GAYRETLİ SK. EKŞIOĞLU APT BLOK NO:14/7 ÜSKÜDAR İSTANBUL;(216) 6508334;http://www.bilgiliinsaat.com;bilgiliinsaat.com;TET - Elektrik ve Elektronik İhracatçıları Birliği
BOR MUZIK ALETLERI TICARET VE SANAYI LTD.STI.;GAZI BULV.71/A KONAK İZMİR;02324464254;www.bormuzik.com.tr;bormuzik.com.tr;TET - Elektrik ve Elektronik İhracatçıları Birliği
EUROPA ECZA DEPOSU LTD. ŞTİ.;TEPEÜSTÜ MAH ADEMDAĞ CAD YENİLİK SK N:31/A 34760 ÜMRANİYE İSTANBUL;(216) 4669597;www.lnaecza.com;lnaecza.com;TET - Elektrik ve Elektronik İhracatçıları Birliği
KESGİN DENTAL VE METAL SAN. TİC. LTD. ŞTİ.;ÇİFTE HAVUZLAR MH ESKİ LONDRA ASFALTI CD NO:153/2 YİLDİZ İS MERKEZİ DAVUTPAŞA ESENLER ESENLER İSTANBUL;(212) 5441056;www.kesginsental.com;kesginsental.com;TET - Elektrik ve Elektronik İhracatçıları Birliği
TEMAK TEKNIK TAKIM TEZG.SAN.VE TIC.A.S.;GİRNE MAH.IRMAKLAR SOK.KÜÇÜKYALI İŞ MERKEZİ NO:72-1C/1 MALTEPE İSTANBUL;02163668700;www.temak.com.tr;temak.com.tr;TET - Elektrik ve Elektronik İhracatçıları Birliği
ÜÇEL TABELA VE REKLAM - EMRE KOYUNCU;FEVZİ ÇAKMAK MAH. 10526. SK. NO: 12/1 PK:42050 KARATAY KONYA;;www.uceltabelareklam.com;uceltabelareklam.com;TET - Elektrik ve Elektronik İhracatçıları Birliği
ELBOY MÜHENDİSLİK OTOMASYON ENDÜSTRİYEL ÇÖZÜMLERİ İMA. SAN. VE DIŞ TİC. LTD. ŞTİ.;ÇAKIL MAH.ELBASAN CAD.NO:75B ÇATALCA İSTANBUL;(212) 5445217;www.elboy.com.tr;elboy.com.tr;TET - Elektrik ve Elektronik İhracatçıları Birliği
BARIŞ YÜCESOY BARSOY MUTFAK;MALTEPE MAHALLESİ GÜMÜŞSUYU CAD. TOPKAPI CENTER SİT. NO: 28/186 ZEYTİNBURNU İSTANBUL;(212) 5909021;www.barsoymutfak.com.tr;barsoymutfak.com.tr;TET - Elektrik ve Elektronik İhracatçıları Birliği
PERPAEXPO ELEKTRONİK ANONİM ŞİRKETİ;HALİL RIFAT PAŞA MAH.YÜZER HAVUZ SK.PERPA TİC. MERB BLOK NO: 1/1 İÇ KAPI NO: 2388 ŞİŞLİ İSTANBUL;(212) 2220141;http://www.perpaexpo.com.tr;perpaexpo.com.tr;TET - Elektrik ve Elektronik İhracatçıları Birliği
KONDI MOB.AKS.INS.VE PLS.DOGR. SAN.TIC.LTD.STI.;MEHMET AKİF MH.TAVUKÇU YOLU CAD.NO:134 YUKARIDUDULLU ÜMRANİYE İSTANBUL;(216) 3659359;www.condicollection.com;condicollection.com;TET - Elektrik ve Elektronik İhracatçıları Birliği
MATSET MATBAA MAKINA VE MALZ. SAN.VE TIC.A.S.;MATGRUP PLAZA 4.LEVENT SAN SIT YESILCE MAH .EMEKTAR S. N:5 KAĞITHANE İSTANBUL;02122700595;www.matset.com..tr;matset.com..tr;TET - Elektrik ve Elektronik İhracatçıları Birliği
ACAR METAL KALIP SAN VE TIC. LTD.STI;ESENKENT MH BAYSAL SK NO:24 ÜMRANİYE İSTANBUL;(216) 4664848;www.acarmetal.com.tr;acarmetal.com.tr;TET - Elektrik ve Elektronik İhracatçıları Birliği
URAL KOMPOZİT SAN.VE TİC.LTD.ŞTİ.;MERMERCİLER SIT.2.CADDE NO:15 BEYLİKDÜZÜ İSTANBUL;(212) 8751280;www.uralkompozit.com.tr;uralkompozit.com.tr;TET - Elektrik ve Elektronik İhracatçıları Birliği
ARTE ELEKTRONİK ANONİM ŞİRKETİ;İMES OSB İMES 1. BULVARI 17 PARSEL NO:15 ÇERKEŞLİ DİLOVASI KOCAELİ;(216) 3050180;www.artepcb.com;artepcb.com;TET - Elektrik ve Elektronik İhracatçıları Birliği
DMS DOGALGAZ MAKINE SIS.ISI SAN.DIS TIC.A.S.;ANADOLU BULVARI NO:20 C8 BLOKÇAMLICA MAH. YENİMAHALLE ANKARA;03122877319;"www.dmsdogalgaz.com;www.dmsdisticaret.com";"dmsdogalgaz.com;www.dmsdisticaret.com";TET - Elektrik ve Elektronik İhracatçıları Birliği
YAF DİZEL GEMİ YEDEKLERİ DIŞ TİCARET LİMİTED ŞİRKETİ;EVLİYA ÇELEBİ MAH.RAUF ORBAY CD.YAF GROUP İŞ MERKEZİ BLOK NO:39/K2 TUZLA İSTANBUL;(216) 4940902;www.yafdiesel.com.tr;yafdiesel.com.tr;TET - Elektrik ve Elektronik İhracatçıları Birliği
KARTAL BOMBE VE BASINÇLI KAPLAR SANAYİ VE TİCARET ANONİM ŞİRKETİ;DİLOVASI ORG. SAN. BÖL.4. KISIM CEYHAN CAD. NO.25 GEBZE KOCAELİ;(262) 7249292;www.kartalbombe.com.tr;kartalbombe.com.tr;TET - Elektrik ve Elektronik İhracatçıları Birliği
PLS DIŞ TICARET LIMITED SIRKETI;ALEMDAR MAH.SALKIM SÖĞÜT SK. NO:4/101 FATİH İSTANBUL;(212) 5224353;www.pls.ist;pls.ist;TET - Elektrik ve Elektronik İhracatçıları Birliği
TULED ELEKTRONİK SAN. TİC. A.Ş.;CIRGALAN MAH. 4140.CAD. NO:2 KOCASİNAN KAYSERİ;(352) 2231921;www.tuled.com.tr;tuled.com.tr;TET - Elektrik ve Elektronik İhracatçıları Birliği
BURAK TEKER VE MOBİLYA AKSESUARLARI SAN. TİC. A.Ş.;DUDULLU OSB MAH DES SANAYİ SİTESİ 111.SOKAK T-02 BLOK NO:18-20 YUKARIDUDULLU ÜMRANİYE İSTANBUL;(216) 4660700;www.burakteker.com;burakteker.com;TET - Elektrik ve Elektronik İhracatçıları Birliği
CAN OTO YEDEK PARÇA SAN. TİC.LTD.ŞTİ.;MİMAR SİNAN MAH. YEDPA TİC.MER.C CD.NO.61 ÜMRANİYE / İSTANBUL ATAŞEHİR İSTANBUL;(216) 4711011;www.canoto.net;canoto.net;TET - Elektrik ve Elektronik İhracatçıları Birliği
CEVIZLIBAG REKLAM VE EGITIM AR C.GIDA VE TEKS.SAN.TIC.LTD.STI;CIRPICI YOLU TOPKAPI TİC.MERKZ.2.KISIM N:106 ZEYTİNBURNU İSTANBUL;(212) 4815310;www.ayled.com;ayled.com;TET - Elektrik ve Elektronik İhracatçıları Birliği
BİLSA BİLİŞİM TİCARET LİMİTED ŞİRKETİ;MUSTAFA KEMAL PAŞA MAH. AYDIN SOK. NO:68/A PK:34320 AVCILAR İSTANBUL;(212) 4288393;www.toner.com.tr;toner.com.tr;TET - Elektrik ve Elektronik İhracatçıları Birliği
DİZDAR MADENİ EŞYA SANAYİ VE TİCARET ANONİM ŞİRKETİ;MAHMUTBEY MAH. 2430.SOKAK NO:135 BAĞCILAR İSTANBUL;(212) 4442098;www.dizdarsteel.com;dizdarsteel.com;TET - Elektrik ve Elektronik İhracatçıları Birliği
RADEKS RADYATÖR SANAYİ VE DIŞ TİCARET LİMİTED ŞİRKETİ;75. YIL MAH. ORG. SAN. BÖLGESİ 25. CAD. NO:4 SULTANDERE ODUNPAZARI ESKİŞEHİR;(222) 2369011;www.hammamradiator.com.tr;hammamradiator.com.tr;TET - Elektrik ve Elektronik İhracatçıları Birliği
ONUR YAPI VE END.ÜRN.SAN.TİC.LTD.ŞTİ.;EVLİYA ÇELEBİ MAH. RAUF ORBAY CAD.NO:13/A TUZLA İSTANBUL;(216) 3952108;www.onur-yapi.com.tr;onur-yapi.com.tr;TET - Elektrik ve Elektronik İhracatçıları Birliği
ORTHOWİND MEDİKAL LİMİTED ŞİRKETİ;SARIBEYLER MAH. SARIBEYLER KUME EVLER.NO:462 KEÇİÖREN ANKARA;;http://orthowind.com.tr;orthowind.com.tr;TET - Elektrik ve Elektronik İhracatçıları Birliği
KAMER SOĞUTMA SANAYİ VE TİCARET LİMİTED ŞİRKETİ;DOLAPDERE CAD. NO. 87 ŞİŞLİ İSTANBUL;(212) 2373799;www.kamersogutma.com;kamersogutma.com;TET - Elektrik ve Elektronik İhracatçıları Birliği
JANTES MUH.ISITMA VE SOG.DOGAL GAZ INS.SAN.LTD.STI.;ZAFER MAH. ŞEHİT YZB. YÜCEL KENTER CAD.2-09A BLOK (YENİ SANAYİ SİTESİ) ÇORLU TEKİRDAĞ;(282) 6534524;www.jantes.com.tr;jantes.com.tr;TET - Elektrik ve Elektronik İhracatçıları Birliği
MAKOSAN MAKİNA OTOMASYON SANAYİ VE TİCARET ANONİM ŞİRKETİ;ESENYALI MAH İSTİKLAL CAD N:72 PENDİK İSTANBUL;(216) 4272310;www.makosanmakina.com;makosanmakina.com;TET - Elektrik ve Elektronik İhracatçıları Birliği
SANERA ECZA DEPOSU VE DIŞ TİCARET ANONİM ŞİRKETİ;SERIFALİ MAH. YUNUS SK. NO:38/A NO:2 ÜMRANİYE İSTANBUL;(216) 5276614;www.sanerapharma.com;sanerapharma.com;TET - Elektrik ve Elektronik İhracatçıları Birliği
EL-SE KABLO VE PLASTİK SANAYİ ANONİM ŞİRKETİ;GEBZE PLAS ORG SAN BÖL 11.CAD.N:13 GEBZE KOCAELİ;(262) 7513023;http://www.elseplastik.com.tr;elseplastik.com.tr;TET - Elektrik ve Elektronik İhracatçıları Birliği
EMAR LOJİSTİK VE DIŞ TİCARET LİMİTED ŞİRKETİ;BARIŞ MAH.AKDENİZ CAD.NO:8/15 1 BEYLİKDÜZÜ İSTANBUL;(212) 9161607;http://emarlojistik.com.tr;emarlojistik.com.tr;TET - Elektrik ve Elektronik İhracatçıları Birliği
DEXODE CAM VE BOYA KİMYA SAN. VE TİC. A.Ş.;PELİTLİ MAH.TAVŞANTEPE SOK.N:62/B GEBZE KOCAELİ;(262) 7511773;www.dexode.com.tr;dexode.com.tr;TET - Elektrik ve Elektronik İhracatçıları Birliği
DÜZENLİ ELEKTRİK ENERJİSİ ÜRETİM ANONİM ŞİRKETİ;DUDULLU OSB. MAH. 1. CADDE.ONAYSAN APT NO 18/ 1 ÜMRANİYE İSTANBUL;(216) 5407257;http://www.pals.com.tr;pals.com.tr;TET - Elektrik ve Elektronik İhracatçıları Birliği
DENİZİN TIBBİ ALETLER VE CİHAZLAR SANAYİ TİCARET LİMİTED ŞİRKETİ;EGEMENLİK MH. 6153 SK. NO:3/3A BORNOVA-İZMİR PINARBAŞI 35060 BORNOVA, İZMİR, TÜRKİYE PINARBAŞI BORNOVA İZMİR;(232) 4794907;https://deniztibbi.com/;deniztibbi.com;TET - Elektrik ve Elektronik İhracatçıları Birliği
VOLTIO MARKET ELEKTRİK OTOMASYON VE İTHALAT İHRACAT SANAYİ TİCARET LİMİTED ŞİRKETİ;MAHMUTBEY MAH. 2520. SK.NO: 4 İÇ KAPI NO: 11 BAĞCILAR İSTANBUL;(212) 9098685;https://www.voltiomarket.com/;voltiomarket.com;TET - Elektrik ve Elektronik İhracatçıları Birliği
TEKNİKA TEKNİK ENDÜSTRİ TESİSLERİ İMALAT VE MONTAJ ANONİM ŞİRKETİ;ATATÜRK MAH. ATAŞEHİR BULVARI GARDENYA PLAZA 5 NO:5/14 ATAŞEHİR İSTANBUL;(216) 9096840;www.teknika.tr;teknika.tr;TET - Elektrik ve Elektronik İhracatçıları Birliği
TENSAFORM MEMBRAN YAPILAR SANAYİ TİCARET ANONİM ŞİRKETİ;ŞERİFALİ MAHALLESİ HENDEM CADDESİ NO:61 ÜMRANİYE İSTANBUL;(216) 5933940;www.tensaform.com;tensaform.com;TET - Elektrik ve Elektronik İhracatçıları Birliği
VİYOLE GROUP DANIŞMANLIK TİCARET LİMİTED ŞİRKETİ;ZAFER MAH. ADİLE NAŞİT BLV. OLCAY SEVELISTARESIDENCE NO: 36 İÇ KAPI NO: 45 ESENYURT İSTANBUL;(212) 0000000;https://viyolegroup.com/;viyolegroup.com;TET - Elektrik ve Elektronik İhracatçıları Birliği
WETHINK MEDYA REKLAM TANITIM ORGANİZASYON SANAYİ VE TİCARET LİMİTED ŞİRKETİ;MAHMUTBEY MH TAŞOCAĞI YOLU CD GUNESLİ BALANCE NO:19/7 C BLOK KAT:11/113 BAĞCILAR İSTANBUL;(212) 8530666;www.wethink.com.tr;wethink.com.tr;TET - Elektrik ve Elektronik İhracatçıları Birliği
MEKATROTEK OTOMASYON ANONİM ŞİRKETİ;BAKIR VE PİRİNÇCİLER SAN. SİTESİ ORKİDE CD. NO:11-Z BEYLİKDÜZÜ İSTANBUL;(212) 4855501;www.mekatrotek.com;mekatrotek.com;TET - Elektrik ve Elektronik İhracatçıları Birliği
ÜÇGEN ENDÜSTRİYEL ÜRÜNLER SAN. TİC. LTD. ŞTİ.;ÇAKIL MAH. ELBASAN CAD. HARPUT SAN. SİT. NO:67 ÇATALCA İSTANBUL;(212) 8867190;www.tribecafsp.com;tribecafsp.com;TET - Elektrik ve Elektronik İhracatçıları Birliği
1 GAMA METAL MOBİLYA SANAYİ VE TİCARET LİMİTED ŞİRKETİ;CUMHURİYET MAHALLESİ YILDIRIM BEYAZIT CAD. A BLOK NO:5/5A İÇ KAPI NO:5 İNEGÖL BURSA İNEGÖL BURSA;(224) 0000000;http://www.1gama.com;1gama.com;TET - Elektrik ve Elektronik İhracatçıları Birliği
AKAR ALİMİNYUM DOĞRAMA GIDA SAN. VE TİC. LTD. ŞTİ.;GÜNEŞTEPE MAH. BAĞLAR CAD. NO:83/B GÜNGÖREN İSTANBUL;(212) 6340101;www.akaraluminyum.com;akaraluminyum.com;TET - Elektrik ve Elektronik İhracatçıları Birliği
MES MAKİNA SAN. VE TİC. LTD.ŞTİ.;MECLİS MAH. TERAZİLER CAD. PERPİM SAN. SİT. A NO:35 SANCAKTEPE İSTANBUL;;www.mesmakina.com;mesmakina.com;TET - Elektrik ve Elektronik İhracatçıları Birliği
MAK DEMİR ÇELİK PLASTİK SANAYİ VE TEMSİLCİLİK TİCARET A.Ş.;NECATİ BEY CAD. AKÇE SOK. NO:7A KARAKÖY BEYOĞLU İSTANBUL;(216) 4656990;www.mak.biz.tr;mak.biz.tr;TET - Elektrik ve Elektronik İhracatçıları Birliği
TAY TECH OTOMASYON VE BİLİŞİM TEKNOLOJİLERİ ANONİM ŞİRKETİ;ATAŞEHİR BULVARI ATA4/ATSH SİTESİ PLAZA BLOK NO:16 İÇ KAPI NO:53 ATAÇARŞI ATAŞEHİR / İSTANBUL ATATÜR ATAŞEHİR İSTANBUL;(216) 5934810;www.taytech.com.tr;taytech.com.tr;TET - Elektrik ve Elektronik İhracatçıları Birliği
GRİA ENDÜSTRİYEL MUTFAK SAN. VE TİC. LTD.ŞTİ.;MALTEPE MH SİTEYILU SK NO:8/A ZEYTİNBURNU İSTANBUL;(212) 3611018;www.gria.com.tr;gria.com.tr;TET - Elektrik ve Elektronik İhracatçıları Birliği
CİHAN ŞAHİN;İ.O.S.B ESENLER SAN.BÖLG.ESENLER SAN.SİT.19.BLOK NO:3 BAŞAKŞEHİR İSTANBUL;(212) 3201080;www.servetech.com.tr;servetech.com.tr;TET - Elektrik ve Elektronik İhracatçıları Birliği
ŞAH ZEMİN ISITMA SİSTEMLERİ SAN. VE DIŞ TİC.LTD.ŞTİ.;NAMIK KEMAL MAH. OKTAY RIFAT CAD. NO:5/21 ESENYURT İSTANBUL;(212) 6900290;www.sahzemin.com;sahzemin.com;TET - Elektrik ve Elektronik İhracatçıları Birliği
KAPI SİSTEMLERİ MÜMESSİLLİK SANAYİ VE TİCARET ANONİM ŞİRKETİ;FERHAT PASA MAH. BUYUKBAKKALKOY SAN. CAD. NO:19/C KARTAL İSTANBUL;02165610055;www.kapisistemleri.com;kapisistemleri.com;TET - Elektrik ve Elektronik İhracatçıları Birliği
GÜLEÇ MUTFAK GEREÇLERI PAZARLAMA SANAYİ VE TİCARET LİMİTED ŞİRKETİ;FAZIL PAŞA CD TİM 2 İŞ MERKEZİ NO:271/280 ZEYTİNBURNU İSTANBUL;(212) 5447586;www.gulecmutfak.com;gulecmutfak.com;TET - Elektrik ve Elektronik İhracatçıları Birliği
ISERTECH IC-DIS TIC.LTD.STI.;FAZİLBEY CAD. ÖZYILMAZ APT.NO.86/7 AKSOY KARŞIYAKA İZMİR;02324631742;www.isertech.de;isertech.de;TET - Elektrik ve Elektronik İhracatçıları Birliği
BERRAK KOZMETIK AMB.MUH.INS. GIDA LTD.STI.;3.ORG. SAN. BÖL.18.SOKAK NO:7 42300 SELÇUKLU SELÇUKLU KONYA;(332) 2390216;www.totexcosmetic.com;totexcosmetic.com;TET - Elektrik ve Elektronik İhracatçıları Birliği
4K PRO MEDYA DİJİTAL YAYINCILIK PROJE DANIŞMANLIK HİZMETLERİ SAN.VE TİC.LTD.ŞTİ.;HALİL RIFAT PAŞA MAH. YÜZER HAVUZ SK. PERPA TİCARET MERKEZİ A BLOK NO: 1 A İÇ KAPI NO: 1122 ŞİŞLİ İSTANBUL;(212) 2220030;www.4kpromedya.com.tr;4kpromedya.com.tr;TET - Elektrik ve Elektronik İhracatçıları Birliği
THERMAL ALÜMİNYUM GİYDİRME CEPHE SİSTEMLERİ SANAYİ LİMİTED ŞİRKETİ;İNCEĞİZ MAH. HANİCE CAD. NO:145 ÇATALCA İSTANBUL;(212) 7330620;http://www.thermalaluminyum.com/;thermalaluminyum.com;TET - Elektrik ve Elektronik İhracatçıları Birliği
SHN TEKNOLOJİ VE MÜHENDİSLİK SAN. TİC. LTD. ŞTİ.;KOSUYOLU MAH. CENAP SAHABETTINSOK. NO.28 KADIKÖY İSTANBUL;02165457070;www.sahintelekom.com.tr;sahintelekom.com.tr;TET - Elektrik ve Elektronik İhracatçıları Birliği
GENMAR SANAYİ ÜRÜNLERİ PAZARLAMA ANONİM ŞİRKETİ;BAYMAN CAD. NO.1 OTO SANAYİ KAĞITHANE İSTANBUL;(212) 2822880;www.genmar.com.tr;genmar.com.tr;TET - Elektrik ve Elektronik İhracatçıları Birliği
SİMA GRUP PAZ.TUR.ORG.SAN.VE DIŞ TİC.LTD.ŞTİ;BOĞAZKÖY İSTİKLAL MAH. YEŞİL DERBENT CAD. NO:92 ARNAVUTKÖY İSTANBUL;(212) 6838424;www.simagrup.com.tr;simagrup.com.tr;TET - Elektrik ve Elektronik İhracatçıları Birliği
VANES ELEKTROMARKET OTO.İNŞ.HIRD.SAN VE TİC.LTD.ŞTİ;75.YIL MAH.TORNACILAR SİTESİ ?KÜME EVLERİ 1S BLOK NO:9 ODUNPAZARI ESKİŞEHİR;(222) 2282637;http://www.vaneselektromarket.com;vaneselektromarket.com;TET - Elektrik ve Elektronik İhracatçıları Birliği
NEROTECH OTOMASYON ELEKTRİK POMPA VE HİDROFOR SİSTEMLERİ SANAYİ DIŞ TİCARET LİMİTED ŞİRKETİ;TEPEÖREN İTOSB MAH. 2. CADDE NO:21 TUZLA İSTANBUL;(216) 4718434;http://www.nero-tech.com;nero-tech.com;TET - Elektrik ve Elektronik İhracatçıları Birliği
MESPA GLOBAL SAĞLIK TEKNOLOJİLERİ TİCARET ANONİM ŞİRKETİ;AYAZAĞA MAH. MİMAR SİNAN SK.NO:21 D:34 SEBA OFFICE SARIYER İSTANBUL;(850) 2273434;www.mespa.com.tr;mespa.com.tr;TET - Elektrik ve Elektronik İhracatçıları Birliği
ERDOS METAL PLASTİK İTH.İHR.LTD.ŞTİ.;KARAYOLLARI MH.KADİR AKDOĞAN CD. NO:5/7 KÜÇÜKKÖY GAZİOSMANPAŞA İSTANBUL;(212) 4798687;www.ercikaplastik.com.tr;ercikaplastik.com.tr;TET - Elektrik ve Elektronik İhracatçıları Birliği
OCAK HIRDAVAT MEK. MÜH. İNŞ. NAK. PET. ÜRN. SAN.VE TİC. A.Ş.;İSTASYON MH 1478 SK NO:25 GEBZE KOCAELİ;(262) 6427367;http://www.ocakhirdavat.com;ocakhirdavat.com;TET - Elektrik ve Elektronik İhracatçıları Birliği
KARBONSAN KURUBUZ VE BASINÇLI KAPLAR SANAYİ TİCARET ANONİM ŞİRKETİ;SÖĞÜTLÜÇEŞME CADDESİ NO:89 KADIKÖY İSTANBUL;(216) 3482020;www.karbonsankurubuz.com.tr;karbonsankurubuz.com.tr;TET - Elektrik ve Elektronik İhracatçıları Birliği
İNOTEL ELEKTRİK İNŞAAT SANAYİ VE TİCARET LİMİTED ŞİRKETİ;OSTİM OSB MAH. TURAN ÇİĞDEM CAD. NO: 7/1 YENİMAHALLE ANKARA;(312) 7500918;https://www.inotelelk.com/;inotelelk.com;TET - Elektrik ve Elektronik İhracatçıları Birliği
ILGIN ÖZEL BOYA OTOMOTİV SANAYİ VE DIŞ TİCARET LİMİTED ŞİRKETİ;KEMALPAŞA MAAHLLESİ NAMIK KEMAL CADDESİ NO:146 BAĞCILAR İSTANBUL;(212) 6717365;www.ilginboya.com;ilginboya.com;TET - Elektrik ve Elektronik İhracatçıları Birliği
DEFANS ENDUSTRİ SAVUNMA MÜHENDİSLİK SANAYİ TİC. LTD. ŞTİ;CEVİZLİ MAH. ENDERUN SK.NO:10/C DAİRE 7 34 865 KARTAL İSTANBUL;(216) 3203096;defansendustri.com;defansendustri.com;TET - Elektrik ve Elektronik İhracatçıları Birliği
SAMİR PAŞAOĞLU;ADNAN KAHVECİ MAH.KONAK CAD.YENİ ERBAY SİT.7/1 A BLOK K:3 D:12 BEYLİKDÜZÜ İSTANBUL;;www.gulernakliyat.com;gulernakliyat.com;TET - Elektrik ve Elektronik İhracatçıları Birliği
N2MOBİL TAKİP SİSTEMLERİ ANONİM ŞİRKETİ;ÇAMLICA MAHALLESI ANADOLU BLV. NO: 20 N/2 YENİMAHALLE ANKARA;(850) 4331818;https://n2mobil.com.tr/;n2mobil.com.tr;TET - Elektrik ve Elektronik İhracatçıları Birliği
PANAROMA BİLİŞİM TEKNOLOJİLERİ SAN. VE TİC. A.Ş.;ALTUNİZADE FAHRETTİM KERİM GÖKAY C.DENİZCİLER İŞ MERK.A BLOK 1812 ÜSKÜDAR İSTANBUL;(216) 4740444;www.panaromabilisim.com.tr;panaromabilisim.com.tr;TET - Elektrik ve Elektronik İhracatçıları Birliği
MARS OFİS OKUL REKLAM GEREÇLERİ İMALAT VE TİCARET ANONİM ŞİRKETİ;YEŞİLKÖY DÜNYA TİCARET MERKEZİ EGS BLOKLARI A2 BLOK NO:8/33 BAKIRKÖY İSTANBUL;(212) 6713131;www.marsas.com.tr;marsas.com.tr;TET - Elektrik ve Elektronik İhracatçıları Birliği
HAKAN ÖZKARA;BAHÇELİEVLER MAH. PAPATYALI SOK. NO. 1 / 7 BAHÇELİEVLER İSTANBUL;;www.miberaa.com;miberaa.com;TET - Elektrik ve Elektronik İhracatçıları Birliği
EBUBEKİR GÜR;MUSALLA BAĞLARI MAH.TAŞKALE SOK.N:85 SELÇUKLU KONYA;(332) 2358829;www.maynmedya.com;maynmedya.com;TET - Elektrik ve Elektronik İhracatçıları Birliği
EMA MAKINA VE YAPI MEKANİK SİSTEMLERİ SANAYİ TİCARET ANONİM ŞİRKETİ;IKITELLI ORG.SAN.BOLG.TORMAKSAN.SIT.Y BL.NO.17 KÜÇÜKÇEKMECE İSTANBUL;02124852397;www.atlantishavuz.com;atlantishavuz.com;TET - Elektrik ve Elektronik İhracatçıları Birliği
AHŞAP ÜRÜNLER SANAYİ ANONİM ŞİRKETİ;EMEK MAH. SİVAT CADDESİ NO.7 34785 SANCAKTEPE İSTANBUL;(216) 4664343;www.ahsap.com.tr;ahsap.com.tr;TET - Elektrik ve Elektronik İhracatçıları Birliği
METAKIM KIMYA SAN.VE TIC.LTD. STI.;MERKEZ MAH. KAVAKLI CAD. SANAYI SOK. NO.5-7 KÜÇÜKÇEKMECE İSTANBUL;02124953000;www.metakim.com;metakim.com;TET - Elektrik ve Elektronik İhracatçıları Birliği
MURAT ÇOBAN;KONAK MAHALLESİ YILDIRIM CADDESİ HACI FAHİROĞLU APARTMANI NO:44 NİLÜFER BURSA NİLÜFER BURSA;(224) 4437737;http://www.adatibbimalzeme.com;adatibbimalzeme.com;TET - Elektrik ve Elektronik İhracatçıları Birliği
HİDROSER HİDROLİK PNOMATİK EKİPMANLARI SANAYİ VE TİCARET ANONİM ŞİRKETİ;OSMANGAZİ MAH HADIMKÖY YOLU CADN:44 ESENYURT İSTANBUL;(212) 8867270;www.hidroser.com.tr;hidroser.com.tr;TET - Elektrik ve Elektronik İhracatçıları Birliği
OMSAN TRANSFORMATÖR İNŞAAT İMALAT SANAYİ VE TİCARET ANONİM ŞİRKETİ;İVEDİK OSB MAH. 1480. CAD. NO:44 YENİMAHALLE ANKARA;(312) 3945554;www.omsantrafo.com.tr;omsantrafo.com.tr;TET - Elektrik ve Elektronik İhracatçıları Birliği
LETGEN BİYOTEKNOLOJİ LAB.ÜRN. İÇ VE DIŞ TİC. LTD. ŞTİ.;KAZIM DİRİK MH. 296/2 SK. NO:33 BORNOVA İZMİR;8504412987;www.letgenbio.com;letgenbio.com;TET - Elektrik ve Elektronik İhracatçıları Birliği
TUNÇ PLAST PROFİL SANAYİ VE TİCARET LİMİTED ŞİRKETİ;DERTERDAR MAH. MODESA MOBİLYACILARSİT. HACI BİLGİN SOK. NO.23 DEMİRKAPI EYÜP İSTANBUL;(212) 2357126;www.tuncplast.com;tuncplast.com;TET - Elektrik ve Elektronik İhracatçıları Birliği
TENOKA İNŞAAT İTHALAT İHRACAT SANAYİ VE TİCARET LTD.ŞTİ.;TURGUT REIS MAH. FATIH BULVARIAKER SOK. NO.5 SULTANBEYLİ İSTANBUL;(216) 4195940;www.tenokagranit.com.tr;tenokagranit.com.tr;TET - Elektrik ve Elektronik İhracatçıları Birliği
KARPATLAR DIŞ TİCARET LİMİTED ŞİRKETİ;AOS 55. SK. 42 MASLAK B BLOK SİTESİ NO 4 İÇ KAPI 542 MASLAK 34485 SARIYER İSTANBUL;;www.karpatlar.com;karpatlar.com;TET - Elektrik ve Elektronik İhracatçıları Birliği
NOVA SÜNGER VE YATAK SAN. TİC. A.Ş.;BEKİRPAŞA KOZLUK MAH. D-100 YAN YOL NO.10ERENLER ERENLER SAKARYA;(264) 3535580;www.novasunger.com.tr;novasunger.com.tr;TET - Elektrik ve Elektronik İhracatçıları Birliği
ONUR TIBBİ MALZEME GIDA TİCARET VE SANAYİİ LİMİTED ŞİRKETİ;ÇANKAYA MAHALLESİ GÖREME SOKAK SEDEF APARTMANI NO:8/2 ÇANKAYA ANKARA;(312) 3090666;http://www.onurmedikal.com;onurmedikal.com;TET - Elektrik ve Elektronik İhracatçıları Birliği
PUNTO MATBAA MALZEMELERİ SANAYİ TİCARET LİMİTED ŞİRKETİ;GAZİLER CADDES, NO:369/S / YENİŞEHİR KONAK İZMİR;(232) 4598181;www.puntoltd.com;puntoltd.com;TET - Elektrik ve Elektronik İhracatçıları Birliği
EAGLE BURGMANN ENDÜSTRİYEL SIZDIRMAZLIK SANAYİ VE TİCARET LİMİTED ŞİRKETİ;AYDINLI KOSB MAH. TUZLA KİMYA SANAYİ OSB TUNA CADDESİ NO:8MELEK ARAS BULVARI TUNA CAD. NO: 8 TUZLA İSTANBUL;(216) 5930293;www.eagleburgmann.com.tr;eagleburgmann.com.tr;TET - Elektrik ve Elektronik İhracatçıları Birliği
GÜZEL METAL İNŞAAT MALZEMELERİ SAN.VE TİC.LTD.STİ.;İKİTELLİ OSB MH İSTEKS SAN SİT SOSYAL MERKEZ BİNASI NO:1S KAT:2/33 BAŞAKŞEHİR İSTANBUL;(212) 6927070;www.nobelgroup.com.tr;nobelgroup.com.tr;TET - Elektrik ve Elektronik İhracatçıları Birliği
H.P.M HIJYEN PROSES MAKINALARI PAS.CEL.SAN.TIC.LTD.STI.;SEYHLI KOYU RAMAZANOGLU MAH.BARBAROS CAD.SADABAT SOK.6 PENDİK İSTANBUL;02165952203;www.hpm.com.tr;hpm.com.tr;TET - Elektrik ve Elektronik İhracatçıları Birliği
GERBER YAPI İNŞAAT A.Ş;HALKALI MERKEZ MH HALKALI CD NO:232/265 KÜÇÜKÇEKMECE İSTANBUL;(212) 8090190;www.gerberyapi.com;gerberyapi.com;TET - Elektrik ve Elektronik İhracatçıları Birliği
GÜRHAN IŞIK MAKİNA SAN. VE TİC.LTD.ŞTİ;AKÇABURGAZ MAH. 1592. SK. ALKOP A7 BLOK NO: 5/6 ESENYURT İSTANBUL;(212) 4800101;www.gurhanisikmakina.com;gurhanisikmakina.com;TET - Elektrik ve Elektronik İhracatçıları Birliği
BERRLIGHT MÜHENDİSLİK ELEKTRİK ELEKTRONİK SAN.VE TİC.LTD.ŞTİ.;OSMANGAZİ MAH ATAYOLU CAD. NO:66 SANCAKTEPE SANCAKTEPE İSTANBUL;(216) 3112377;http://www.berrlight.com;berrlight.com;TET - Elektrik ve Elektronik İhracatçıları Birliği
RASYONEL OTOMASYON MÜHENDİSLİK SAN VE TİC LTD ŞTİ;YUKARI DUDULLU MAH BAYRAK CAD NO:30/30 ÜMRANİYE İSTANBUL;(216) 4241600;www.rasyonelmuhendislik.com;rasyonelmuhendislik.com;TET - Elektrik ve Elektronik İhracatçıları Birliği
MABAS ELEKTRONİK SAN.VE TİC.A.Ş.;ÇAĞLAYAN MAHALLESİ ZENGİN SOKAKKARUL İŞ MERKEZİ NO 21 KAT 3 KAĞITHANE İSTANBUL;(212) 2220944;www.mabaselektronics.com;mabaselektronics.com;TET - Elektrik ve Elektronik İhracatçıları Birliği
WESA REKLAM MİMARİ LED TEKNOLOJİLERİ İTHALAT İHRACAT SANAYİ TİCARET ANONİM ŞİRKETİ;DENİZKÖŞKLER MAH. IHLAMUR SOK. NO:13/10 AVCILAR İSTANBUL;(212) 0000000;http://www.wesareklam.com.tr;wesareklam.com.tr;TET - Elektrik ve Elektronik İhracatçıları Birliği
SMARTUP TEKNOLOJİ ARAŞTIRMA VE GELİŞTİRME A.Ş.;HASANPAŞA- MAH.ATATÜRK CAD.NO:18/B İÇ KAPI NO:2 SULTANBEYLİ İSTANBUL;(216) 3210833;http://www.smartup.com.tr;smartup.com.tr;TET - Elektrik ve Elektronik İhracatçıları Birliği
ALTUNTAŞ HAVALANDIRMA TURİZM SAN.TİC.A.Ş.;AKSARAY OSB MEHMET ALTINSOY BULV.NO.23 AKSARAY AKSARAY;(382) 2662474;www.al-san.com;al-san.com;TET - Elektrik ve Elektronik İhracatçıları Birliği
ÇELİKEL ALÜMİNYUM DÖKÜM İMALAT SAN. VE TİC. A. Ş.;TOSB OTOMOTİV YAN SANAYİ İHTİSASORG. SAN. BÖLGESİ 1.CAD. 14.SK. NO:6 ŞEKERPINAR ÇAYIROVA KOCAELİ;(262) 4448255;www.celikel.com;celikel.com;TET - Elektrik ve Elektronik İhracatçıları Birliği
BESA MUTFAK VE EV GEREÇLERİ PAZARLAMA TİC LTD ŞTİ;MAHMUTBEY MH İSTOÇ TOPTANCILAR SİTESİ 2428 SK 10 ADA NO:266-168 BAĞCILAR İSTANBUL;(212) 6591002;www.besamutfak.com;besamutfak.com;TET - Elektrik ve Elektronik İhracatçıları Birliği
BETSİS BİLGİSAYAR VE ENERJİ SİSTEMLERİ SAN. TİC. LTD. ŞTİ.;HALİL RIFATPAŞA MAH. PERPA TİC. MERK. A BLOK K:2 NO:9-0039 OKMEYDANI ŞİŞLİ İSTANBUL;(212) 3205151;www.betsis.com.tr;betsis.com.tr;TET - Elektrik ve Elektronik İhracatçıları Birliği
ZAFER TAAHHÜT İNŞAAT VE TİCARET ANONİM ŞİRKETİ;100.YIL MAH. HATIR SK. NO:20 GAZİOSMANPAŞA(GOP) ÇANKAYA ANKARA;(312) 4470070;www.zafer.com.tr;zafer.com.tr;TET - Elektrik ve Elektronik İhracatçıları Birliği
BİRSAP SATINALMA VE LOJİSTİK HİZMETLERİ ANONİM ŞİRKETİ;BÜYÜKDERE CD EMLAK KREDİ BLOKLARI A2 D:33/4 BEŞİKTAŞ İSTANBUL;(212) 3183271;www.birsap.com;birsap.com;TET - Elektrik ve Elektronik İhracatçıları Birliği
ALTAN TEKNOLOJI SAN. VE DIS TIC.LTD.STI.;KEMANKES KARAMUSTAFAPASA MAH. ERISTECI SK. KARAKOYPASAJI NO:5/5 BEYOGLU/ISTANBUL/TURKIYE BEYOĞLU İSTANBUL;(212) 2431395;http://www.altanelektronik.net;altanelektronik.net;TET - Elektrik ve Elektronik İhracatçıları Birliği
METAL YAPI HOLDİNG A.Ş.;RÜZGARLIBAHÇE MH ÖZALP ÇIKMAZI SK NO:2 K PLAZA KAT:8 PAŞABAHÇE BEYKOZ İSTANBUL;(216) 4250325;www.metalyapi.com;metalyapi.com;TET - Elektrik ve Elektronik İhracatçıları Birliği
İSLAB BİYOTEKNOLOJİ TIBBİ MALZEME SAĞLIK HİZMETLERİ SANAYİ VE TİCARET ANONİM ŞİRKETİ;KAYNARCA MAHALLESİ KADİRLİ SOKAK NO:10/B PENDİK/İS PENDİK İSTANBUL;(216) 5511143;http://www.odakdiagnostics.istanbul/index.html;odakdiagnostics.istanbul;TET - Elektrik ve Elektronik İhracatçıları Birliği
ARENSA MÜHENDİSLİK İÇ VE DIŞ TİCARET LİMİTED ŞİRKETİ;ADİL MAH. SAİD NURSİ CAD. NO:79/A SULTANBEYLİ İSTANBUL;;http://www.arensa.com.tr;arensa.com.tr;TET - Elektrik ve Elektronik İhracatçıları Birliği
HÜRPOMP POMPA SAN.VE TİC.LTD.ŞTİ;ESENYURT SAN.MAH.1697.SOK.11BLOK NO:7 ESENYURT İSTANBUL;(212) 6728693;www.hur.com.tr;hur.com.tr;TET - Elektrik ve Elektronik İhracatçıları Birliği
BUTA PLASTİK KALIP MAKİNE VE TEÇHİZAT İTH. İHR. TİC. LTD. ŞTİ.;İKİTELLİ OSB MH BİKSAN SAN SİT D BLOK NO:1/90 BAŞAKŞEHİR İSTANBUL;(212) 6932882;www.butaplastic.com;butaplastic.com;TET - Elektrik ve Elektronik İhracatçıları Birliği
KARABUDAK PAZARLAMA İTHALAT VE İHRACAT TİCARET LİMİTED ŞİRKETİ;İNÖNÜ MAH. GEBZE PLASTİKÇİLER O.S.B. MAH. 1. CAD. NO:6/1 GEBZE KOCAELİ;(262) 6465262;www.karabudakmakine.com;karabudakmakine.com;TET - Elektrik ve Elektronik İhracatçıları Birliği
SF SANDALYE FABRİKASI SAN. VE TİC. LTD.ŞTİ.;ATATÜRK MAH. SAN. SİTESİ NO:4E BLOK YENİCE KARABÜK;(372) 6386070;www.tiffanysandalye.com;tiffanysandalye.com;TET - Elektrik ve Elektronik İhracatçıları Birliği
SORA KOZMETİK SANAYİ TİCARET ANONİM ŞİRKETİ;GAZITEPE MAH. AYBAR SOK. NO: 7 SİLİVRİ İSTANBUL;(212) 7388464;www.soracosmetics.com;soracosmetics.com;TET - Elektrik ve Elektronik İhracatçıları Birliği
VATANSEVER EV ALETLERI OTOMOT. SAN.A.S.;CIHANGIR MAH.PETROLOFISI CAD.ŞEHIT J.KOM.ER TURAN SELVI SOK.NO.6 AVCILAR İSTANBUL;02124223157;www.vatanseveras.com;vatanseveras.com;TET - Elektrik ve Elektronik İhracatçıları Birliği
ARI ELEKTRONIK BILGISAYAR VE I LETISIM SIS.SAN.TIC.LTD.STI.;ORTABAYIR MAH.ATALAR CAD NO 8 KAĞITHANE İSTANBUL;02122790639;www.arielektronik.com;arielektronik.com;TET - Elektrik ve Elektronik İhracatçıları Birliği
ANKAWORLD ECZA DEPOSU TİCARET LİMİTED ŞİRKETİ;YENİ BAĞLICA MAHALLESİ 1023.SOK NO:1-B06170 ETİMESGUT 06790 ETİMESGUT ANKARA;(312) 5049721;www.ankaworld.com.tr;ankaworld.com.tr;TET - Elektrik ve Elektronik İhracatçıları Birliği
ABC KİMYASAL VE YAPI MALZEMELERİ SANAYİ VE TİCARET LİMİTED ŞİRKETİ;ATATÜRK MH.42 A ADA GARDENYA 7/1 NO:88 KAT:14 ATAŞEHİR ATAŞEHİR İSTANBUL;(216) 4558454;www.abcpartners.net;abcpartners.net;TET - Elektrik ve Elektronik İhracatçıları Birliği
ONYX YAPI VE METAL MALZEMELER İTHALAT İHRACAT LİMİTED ŞİRKETİ;HADIMKÖY KAVŞAĞI 2312 SK BURÇ İSTANBUL KAT:21/188 ESENYURT İSTANBUL;(212) 9996910;www.onyxmetal.com.tr;onyxmetal.com.tr;TET - Elektrik ve Elektronik İhracatçıları Birliği
SALMAN PLASTIK PROFIL SANAYI TIC.LTD.STI.;GUMUSSUYU C. GUMUSSUYU SAN.SIT. NO.48/15 İSTANBUL;02125655055;www.salmanplastik.com;salmanplastik.com;TET - Elektrik ve Elektronik İhracatçıları Birliği
FENOVA TEKNOLOJİ LİMİTED ŞİRKETİ;IKITELLI OSB MAH. MUTFAKÇILAR SANAYI M5 BLOK NO: 34 İKİTELLİ OSB 34490 BAŞAKŞEHİR İSTANBUL;(212) 6190222;www.fenova.com.tr;fenova.com.tr;TET - Elektrik ve Elektronik İhracatçıları Birliği
DİNAMO BAĞLANTI ELEMANLARI TİCARET VE SANAYİ ANONİM ŞİRKETİ;HALİL RIFAT PAŞA MH YÜZER HAVUZ SK PERPA TİC MERKEZİ B BLOK KAT:2/19 ŞİŞLİ İSTANBUL;(212) 2226121;www.dinamo.com.tr;dinamo.com.tr;TET - Elektrik ve Elektronik İhracatçıları Birliği
ECOGRAPHİE FİM YAPIM REKLAMCILIK LTD. ŞTİ.;KAPTANI DERYA SOKAK 6 ÜMRANİYE İSTANBUL;(216) 0000000;www.ecographie.com.tr;ecographie.com.tr;TET - Elektrik ve Elektronik İhracatçıları Birliği
INTEC ENERJİ ÇÖZÜMLERİ İNŞAAT TİCARET ANONİM ŞİRKETİ;BEŞTEPE MAH. NERGİZ SK. 7A/18 VİA TOWER KAT:10 NO:18 YENİMAHALLE ANKARA;(312) 2855786;www.in-tecenergy.com;in-tecenergy.com;TET - Elektrik ve Elektronik İhracatçıları Birliği
ÜKER MEDİKAL ÖZEL SAĞLIK HİZMETLERİ TİCARET LİMİTED ŞİRKETİ;CERRAHPAŞA MAH. ETYEMEZ TEKKESİ SK. MERİH İŞ MERKEZİ NO: 45/94 FATİH İSTANBUL;;http://www.ukermedikal.com;ukermedikal.com;TET - Elektrik ve Elektronik İhracatçıları Birliği
TREND CERRAHİ VE MEDİKAL ÜRÜNLERİ LİMİTED ŞİRKETİ;MOLLA GÜRANŞ MAHALLESİ EMİNALİ YAŞİN SOKAK NO: 4-D KARAGÜL İŞ MERKEZİ FINDIKZADE PK:34100 FATİH İSTANBUL;(212) 3676998;www.trendcerrahi.com;trendcerrahi.com;TET - Elektrik ve Elektronik İhracatçıları Birliği
TMT MAKİNE SANAYİ VE TİCARET LTD. ŞTİ.;AYDINLI MAH. YANYOL CAD. MELODİ SOKAK BILMO SAN SİT. NO 2/51 TUZLA İSTANBUL;(216) 7021194;www.tmttools.com;tmttools.com;TET - Elektrik ve Elektronik İhracatçıları Birliği
MERT AKISKAN GUCU SAN. VE TIC. A.S.;ORG SAN BLG 1. CAD. NO:9 ÜMRANİYE İSTANBUL;02163142661;www.mert.com;mert.com;TET - Elektrik ve Elektronik İhracatçıları Birliği
ARMATEST LAB TEST CI.IM.IN.EL MAK.ITH.IHR.TIC.LTD.STI.;YENİBATI MAH. 2377. SOKAK NO:77/1 BATIKENT YENİMAHALLE ANKARA;(312) 3860876;www.armatest.com;armatest.com;TET - Elektrik ve Elektronik İhracatçıları Birliği
ALPHA WORLD ELEKTRONİK VE ENERJİ A.Ş.;KİMYA SANAYİCİLERİ O.S.B. C/17 PARSELTEM YANYOL TUZLA İSTANBUL;(216) 5933844;www.alphaworld.com.tr;alphaworld.com.tr;TET - Elektrik ve Elektronik İhracatçıları Birliği
PROVEL TÜKETİM ÜRÜNLERİ SAN. VE TİC. A.Ş.;HALKALI MH. DEREBOYU CAD. NO:11 KAT:2 KÜÇÜKÇEKMECE İSTANBUL;(212) 4718400;www.parex.com.tr;parex.com.tr;TET - Elektrik ve Elektronik İhracatçıları Birliği
ALTINAY ROBOT TEKNOLOJİLERİ SAN.VE TİC.A.Ş.;İSTANBUL DERİ VE END.SER.BÖL. ORJİN CAD.10.SOK.NO:3 TUZLA İSTANBUL;(216) 5813200;www.altinay.com.tr;altinay.com.tr;TET - Elektrik ve Elektronik İhracatçıları Birliği
DEVA HOLDİNG A.Ş;HALKALI MK.MAH. BASIN EKSPRESSCAD. NO:1 KÜÇÜKÇEKMECE İSTANBUL;02126929292;www.devaholding.com.tr;devaholding.com.tr;TET - Elektrik ve Elektronik İhracatçıları Birliği
LEOFARMA SAĞLIK ÜRÜNLERİ SAN. VE TİC. LTD. ŞTİ.;PAZARTEKKE ARALIĞI SOK. 1/A FATİH İSTANBUL;;www.leofarma.com.tr;leofarma.com.tr;TET - Elektrik ve Elektronik İhracatçıları Birliği
MUHARREM TOPALOĞLU;İOSB MH CİLA VE NİKELAJCILAR SAN SİT A BLOK NO:19/1/2 BAŞAKŞEHİR İSTANBUL;(212) 6191907;www.teknokimya.com;teknokimya.com;TET - Elektrik ve Elektronik İhracatçıları Birliği
UYUM OTOMASYON MAK.SAN.TİC.LTD.ŞTİ.;NÖNÜ MH.GENÇLİK CD.NO:96 GEBZE GEBZE KOCAELİ;(262) 0000000;www.uyumotomasyon.com;uyumotomasyon.com;TET - Elektrik ve Elektronik İhracatçıları Birliği
TEMUR MİMARLIK SAN. TİC. LTD. ŞTİ.;FERRBAHÇE M.KÖRFEZ APT.FENER KALAMIŞ CAD.A BLOK NO:17/2 FENERYOLU KADIKÖY İSTANBUL;(216) 4149012;www.temurmimarlik.com;temurmimarlik.com;TET - Elektrik ve Elektronik İhracatçıları Birliği
EKVATOR TEKNOLOJİ TURİZM İNŞAAT ENERJİ SAN VE DIŞ TİC.LTD.ŞTİ.;ALTAYÇEŞME MAH İSTİKLAL CAD. BİRSEN SOK.NO:37 MALTEPE İSTANBUL;(216) 4421586;www.ekvatorteknoloji.com;ekvatorteknoloji.com;TET - Elektrik ve Elektronik İhracatçıları Birliği
REFERANS CEPHE GİYDİRME SAN. İÇ VE DIŞ TİC. LTD. ŞTİ.;İNÖNÜ MAH. 1320 SOK. NO:3/C KÜÇÜKÇEKMECE İSTANBUL;90(212) 4702065;www.referanscephe.com.tr;referanscephe.com.tr;TET - Elektrik ve Elektronik İhracatçıları Birliği
PAMAY KRISTAL AVİZE İNŞAAT TAAH. SAN. VE TİC. A.Ş.;KARTALTEPE MAH.BAHADIR SOK.NO.12/A-B BAYRAMPAŞA İSTANBUL;02124178090;www.pamay.com.tr;pamay.com.tr;TET - Elektrik ve Elektronik İhracatçıları Birliği
TERMO TEKNİK TİCARET VE SANAYİ ANONİM ŞİRKETİ;REŞİTPAŞA MAH. ESKİ BÜYÜKDERE CAD. PARK PLAZA NO.14 KAT.7 34467 34460 SARIYER İSTANBUL;(212) 4444332;www.termoteknik.com;termoteknik.com;TET - Elektrik ve Elektronik İhracatçıları Birliği
BİCAN PANO SAN.VE TİC.LTD.ŞTİ.;EMEKYEMEZ MAH.MÜRVER SOK. NO:15 A BEYOĞLU İSTANBUL;(212) 2560392;http://www.bicanpano.com.tr;bicanpano.com.tr;TET - Elektrik ve Elektronik İhracatçıları Birliği
BERKOSAN YALITIM VE TECRİT MADDELERİ ÜRETİM VE TİCARET ANONİM ŞİRKETİ;RÜZGARLIBAHÇE MAH. KAVAK SOK.İMPA İŞ MERKZ. NO:12 K.1 BEYKOZ İSTANBUL;02123471910;www.berkosan.com;berkosan.com;TET - Elektrik ve Elektronik İhracatçıları Birliği
CLIPSSHOP DIŞ TİCARET LTD.ŞTİ.;SEYRANTEPE MH ALTINAY CD ARDA APT NO:43/5 KAĞITHANE İSTANBUL;(212) 2942002;www.clipsahop.com;clipsahop.com;TET - Elektrik ve Elektronik İhracatçıları Birliği
ENTA MÜHENDİSLİK ARITMA TAAHHÜT SAN. VE TİC. AŞ;RÜZGARLIBAHÇE MAH. KUMLU SOKAK NO: 3 KAT:6 ÖNDER PLAZA RÜZGARLIBAHÇE BEYKOZ İSTANBUL;(216) 3553682;www.enta.com.tr;enta.com.tr;TET - Elektrik ve Elektronik İhracatçıları Birliği
GÖKSU KAPI MEK.YAPI TEKN.SAN. VE TİC.A.Ş.;DUDULLU OSB 3.CAD. NO.14 YUKARIDUDULLU ÜMRANİYE İSTANBUL;(216) 4668989;www.goxu.com.tr;goxu.com.tr;TET - Elektrik ve Elektronik İhracatçıları Birliği
FİLMAK ENDÜSTRİYEL ÜRÜNLERİ SANAYİ VE TİCARET LTD. ŞTİ.;MAHMUTBEY MAHALLESİ İSTOÇ 43. YOL SOKAK NO:21BAĞCILAR BAĞCILAR İSTANBUL;(212) 6597496;www.filmak.com.tr;filmak.com.tr;TET - Elektrik ve Elektronik İhracatçıları Birliği
ESPRESSO PERFETTO GIDA VE EKİPMANLARI SATIŞ PAZ. VE TİC. A.Ş.;RÜZGARLI BAHÇE MAH. ARDIÇ SOK.NO:3K.3/10 BEYKOZ İSTANBUL;(216) 6802080;www.espressoperfetto.com;espressoperfetto.com;TET - Elektrik ve Elektronik İhracatçıları Birliği
DÖRTEL HIRDAVAT SANAYİ VE TİCARET LİMİTED ŞİRKETİ;MAHMUTBEY MH İSTOÇ TOPTANCILAR SİTESİ 2451 SK 30 ADA NO:17 BAĞCILAR İSTANBUL;(212) 6592626;www.dortelhirdavat.com;dortelhirdavat.com;TET - Elektrik ve Elektronik İhracatçıları Birliği
ATERSAN ITH.MAK.INS.TEKN.MALZ. SAN.VE TIC.A.S.;TERSANE CD.NO:63 KARAKÖY BEYOĞLU İSTANBUL;(212) 2920664;www.atersan.com;atersan.com;TET - Elektrik ve Elektronik İhracatçıları Birliği
ALKAN ZÜCCACİYE SAN.VE TİC. LTD.ŞTİ;HOBYAR MH YALI KÖŞKÜ CD ASLAN HAN NO:22/2 FATİH İSTANBUL;(212) 5271592;www.alkanzuccaciye.com;alkanzuccaciye.com;TET - Elektrik ve Elektronik İhracatçıları Birliği
İNNOVAS MAKİNA MÜHENDİSLİK VE DANIŞMANLIK HİZM. SAN. VE TİC. LTD.ŞTİ.;HANLI SAKARYA MAH.SATSO CAD.NO:13 ARİFİYE SAKARYA;(264) 3460474;www.innovas.com.tr;innovas.com.tr;TET - Elektrik ve Elektronik İhracatçıları Birliği
ARK SHIP SUPPLY GEMİ TEDARİK HİZMETLERİ LİMİTED ŞİRKETİ;YAYLA MAH GÜRSEL SOKAK NO 24/A TUZLA İSTANBUL;(216) 3955981;www.arkshipsupply.com;arkshipsupply.com;TET - Elektrik ve Elektronik İhracatçıları Birliği
DG VİZYON RADYATÖR VE MET. ÜRÜN. GELİŞT. SAN. DIŞ TİC. LTD. ŞTİ.;ORHANGAZİ MAH. 18 YOL SOK. NO.14/R1 ESENYURT İSTANBUL;(212) 6230597;www.dgvision.com.tr;dgvision.com.tr;TET - Elektrik ve Elektronik İhracatçıları Birliği
OZIPEKLILER TEKNIK HIRDAVAT CELIK TIC.VE SAN.A.S.;YENI YALOVA YOLU 2KM.NO.332 OSMANGAZİ BURSA;02242561617;www.sedef.com.tr;sedef.com.tr;TET - Elektrik ve Elektronik İhracatçıları Birliği
RAMAZAN YÖN - YÖN AVİZE AYDINLATMA;ÖRNEK SANAYİ SİTESİ KİRAZLIK MH. 1500. SK. NO: 18/1 TEKKEKÖY SAMSUN;(362) 2669051;www.yonavize.com;yonavize.com;TET - Elektrik ve Elektronik İhracatçıları Birliği
GÜVEN İŞ KUYUMCULUK KALIPÇILIK İNŞAAT SANAYİ VE TİCARET LTD.ŞTİ.;GEDİKPAŞA CAMİİ SK. YENAL IS MERKEZİNO:56/A SULTANAHMET FATİH İSTANBUL;02126387906;www.guvenis.com;guvenis.com;TET - Elektrik ve Elektronik İhracatçıları Birliği
BİRGE MEDİKAL SİSTEMLERİ MÜHENDİSLİK SAN.VE TİC.LTD.ŞTİ.;KONUTKENT MAH. 2983. CAD. NO:27 06810 06810 ÇANKAYA, ANKARA, TÜRKİYE ÇANKAYA ANKARA;(312) 4423848;www.birgemedikal.com;birgemedikal.com;TET - Elektrik ve Elektronik İhracatçıları Birliği
ÖZMAK TEKNOLOJİ MAKİNA SANAYİ VE TİCARET ANONİM ŞİRKETİ;TAVUKCUYOLU CETIN CD.YUNUS EMRE SK. NO.37 ÜMRANİYE İSTANBUL;02164994404;www.ozmakina.com;ozmakina.com;TET - Elektrik ve Elektronik İhracatçıları Birliği
NEXT TRANSFORMATÖR SERVİSLERİ MÜHENDİSLİK VE TİCARET LİMİTED ŞİRKETİ;MUSTAFA KEMAL MAH. GÖKTÜRK. SK. YEKKENTKONUTLARI A VE B BLOK NO: 7 B İÇ KAPI NO: 1 SİNCAN ANKARA;(312) 0000000;https://www.nexttransformerservices.com/;nexttransformerservices.com;TET - Elektrik ve Elektronik İhracatçıları Birliği
TEVFİK CENK TOKCAN;KAZIM KARABEKİR MAH. AŞİKAR SOK. NO:1/B ÜMRANİYE İSTANBUL;(216) 6300215;http://www.betaoyun.com;betaoyun.com;TET - Elektrik ve Elektronik İhracatçıları Birliği
SISTEM DOGALGAZ TEK.MALZ.VE DIS TIC.LTD.STI.;GİRNE MAH. KÜÇÜKYALI İŞ MERKEZİ A BLOKNO:26 MALTEPE İSTANBUL;(216) 5185070;www.sistemdogalgaz.com;sistemdogalgaz.com;TET - Elektrik ve Elektronik İhracatçıları Birliği
RİSUS BİLİŞİM YAYINCILIK VE TİCARET LİMİTED ŞİRKETİ;FULYA MAH. ORTAKLAR CAD. NO:14/4 ŞİŞLİ İSTANBUL;(212) 2758915;www.neo-toys.com;neo-toys.com;TET - Elektrik ve Elektronik İhracatçıları Birliği
ÖZMAKSAN MERMER MAKİNALARI SAN.VE TİC. LTD.ŞTİ.;YENİŞEHİR MAH. MUSTAFA AKYOL SOK. MVK WORLD SQUASH EV OFİS SİTELERİNO:13 A1 BLOK KAT:1 D:24-26-27 PENDİK İSTANBUL;02165931222;www.ozmaksanmakine.com;ozmaksanmakine.com;TET - Elektrik ve Elektronik İhracatçıları Birliği
DENGE ECZA DEPOSU TİC. A.Ş.;MUSTAFA KEMAL PAŞA MAH. ÖZENLER SOK.NO 2-8 İÇ KAPI NO: 1 ARNAVUTKÖY İSTANBUL;(212) 2203377;www.dengeecza.com;dengeecza.com;TET - Elektrik ve Elektronik İhracatçıları Birliği
CONTEC MAKİNA İMALAT ÜRETİM SANAYİ İÇ VE DIŞ TİCARET ANONİM ŞİRKETİ;KEMALPAŞA OSB. MAH. 500 SOK.NO:43 KEMALPAŞA İZMİR;(216) 3893512;www.arceplastik.com;arceplastik.com;TET - Elektrik ve Elektronik İhracatçıları Birliği
ARTEK KESİCİ TAKIMLAR SANAYİ VE DIŞ TİCARET LİMİTED ŞİRKETİ;İKİTELLİ OSB MH AYKOSAN ÇARŞI B BLOK VİP PLAZA NO:1/28 BAŞAKŞEHİR İSTANBUL;(212) 2550308;www.artekltd.com.tr;artekltd.com.tr;TET - Elektrik ve Elektronik İhracatçıları Birliği
LUNA CASTING KALIP İMALAT SANAYİ VE DIŞ TİCARET LİMİTED ŞİRKETİ;SOĞANLI MAHALLESİ YALAZ SOKAK NO:20/A BAHÇELİEVLER İSTANBUL;(212) 5021550;www.bedirdental.com;bedirdental.com;TET - Elektrik ve Elektronik İhracatçıları Birliği
OSMAN İGREK;KAVACIK MH ÖGE SK NO:29A BEYKOZ İSTANBUL;;www.jumboaccesorii.com;jumboaccesorii.com;TET - Elektrik ve Elektronik İhracatçıları Birliği
SETA ISLAK HACIM EKIPMANLARI SAN.VE TIC.LTD.STI.;SEYRANTEPE MH KAĞITHANE BARBAROS CD NO:24 KAĞITHANE İSTANBUL;(212) 3200320;www.islakhacim.com;islakhacim.com;TET - Elektrik ve Elektronik İhracatçıları Birliği
OPTİMAL SAĞ.ÜRÜ.SAN.VE DIŞ TİC LTD.ŞTİ.;NECİP FAZIL KISAKÜREK CAD.DOĞU SOK. NO.9NO.9 AVCILAR İSTANBUL;(212) 4231024;www.optimalsaglik.com.tr;optimalsaglik.com.tr;TET - Elektrik ve Elektronik İhracatçıları Birliği
OKAL DIŞ TİC. LTD. ŞTİ.;ESENYURT İNCİRTEPE MAH. DOĞAN ARASLI CAD. FATİH OTO SAN. SİT.D4 BLOK NO:8 BEYLİKDÜZÜ İSTANBUL;(212) 8764804;www.okallevha.com;okallevha.com;TET - Elektrik ve Elektronik İhracatçıları Birliği
MİR YAPI ENDÜSTRİ DANIŞMANLIK İNŞAAT PEYZAJ OTOMOTİV SANAYİ İÇ VE DIŞ TİCARET LİMİTED ŞİRKETİ;SAKARYA 1.ORG. SAN BÖL. MAH 11. CAD. N:8 ARİFİYE SAKARYA;02643193242;www.miryapi.com.tr;miryapi.com.tr;TET - Elektrik ve Elektronik İhracatçıları Birliği
NESA AYDINLATMA ELEKTRİK SAN.TİC.LTD.ŞTİ.;PERPA TİC. MRK. A BLK K.2 NO.16 OKMEYDANI ŞİŞLİ İSTANBUL;(212) 2922100;www.osakalight.com.tr;osakalight.com.tr;TET - Elektrik ve Elektronik İhracatçıları Birliği
AKBA TEKNOLOJİ VE SAVUNMA SANAYİ ANOMİM ŞİRKETİ;KORE ŞEHİTLERİ CAD.YÜZBAŞI KAYA ALDOĞANSOK.AKSOY BİNASI NO:7/1 ŞİŞLİ İSTANBUL;(212) 2744813;www.akbateknoloji.com;akbateknoloji.com;TET - Elektrik ve Elektronik İhracatçıları Birliği
FAY MEKANİK SAN. VE TİC.LTD.ŞTİ.;DÜZGÜN SOK. NO:1/2 İÇ KAPI NO:1FETİH MAH 34704 ATAŞEHİR, ATAŞEHİR İSTANBUL;(216) 6600777;www.faymakine.com.tr;faymakine.com.tr;TET - Elektrik ve Elektronik İhracatçıları Birliği
CK EXHİBİTİON MİMARLIK SANAYİ VE TİCARET LİMİTED ŞİRKETİ;İKİTELLİ OSB MAH. PİK DÖKÜMCÜLER SAN.SİT. SK. TEM 34 İKİTELLİ NO:27 İÇ KAPI:250 BAŞAKŞEHİR İSTANBUL;(212) 7776987;http://www.ckexhibition.com;ckexhibition.com;TET - Elektrik ve Elektronik İhracatçıları Birliği
İDEAL ÇELİK ENDÜSTRİYEL MUTFAK GIDA İNŞAAT SAN. TİC. LTD. ŞTİ.;UĞUR MUMCU MH. HOCA AHMET YASEVİ CD. NO:79/ANO:79/A SULTANGAZİ İSTANBUL;(212) 2553582;www.idealcelik.com.tr;idealcelik.com.tr;TET - Elektrik ve Elektronik İhracatçıları Birliği
BOME TRIVITRON SANAYİ ÜRÜNLERİ DIŞ TİCARET ANONİM ŞİRKETİ;OSB MAH. 1250 CAD. NO:1 YENİMAHALLE ANKARA;(312) 4793330;www.bometrivitron.com.tr;bometrivitron.com.tr;TET - Elektrik ve Elektronik İhracatçıları Birliği
ARSTAR ELEKTRİK ELEKTRONİK AYDINLATMA PROJE TASARIM SAN. TİC.LTD.ŞTİ.;HALİL RIFATPAŞA MAH.PERPA TİC.MERKZ.A BLOK K:8 N:764 ŞİŞLİ İSTANBUL;(212) 2223844;www.luccalighting.com.tr;luccalighting.com.tr;TET - Elektrik ve Elektronik İhracatçıları Birliği
MİKRONLED ELEKTRONİK LTD. ŞTİ.;M. ŞEVKET PAŞA MAH. ŞAHİNKAYA SOK. NO:31 OKMEYDANI ŞİŞLİ İSTANBUL;(212) 2351084;www.mikronled.com;mikronled.com;TET - Elektrik ve Elektronik İhracatçıları Birliği
ORSEL TESISAT ARMATURLERI SAN. VE TIC.LTD.STI.;TOPCULAR MAH.TOPCU CESMESISOK.NO:7 EYÜP İSTANBUL;02126129100;www.orsel.com.tr;orsel.com.tr;TET - Elektrik ve Elektronik İhracatçıları Birliği
KALE ORTOPEDİ MEDİKAL SANAYİ TİCARET LİMİTED ŞİRKETİ;ZÜHTÜPAŞA MAH. CEMRE SK. SEVİNDİK APT. NO: 7 A KADIKÖY İSTANBUL;(216) 6633752;http://info@kalemedikal.com.tr;info@kalemedikal.com.tr;TET - Elektrik ve Elektronik İhracatçıları Birliği
RISING GLOBAL DIŞ TİCARET ANONİM ŞİRKETİ;AKÇABURGAZ MH 3132 SK NO:11-13 ESENYURT İSTANBUL;(212) 4441886;www.risinglobal.com;risinglobal.com;TET - Elektrik ve Elektronik İhracatçıları Birliği
BATU KİLİT ANONİM ŞİRKETİ;TOPÇULAR MAH İŞGÖREN SK NO:11/1 EYÜP İSTANBUL;(212) 5760707;www.batukikit.com;batukikit.com;TET - Elektrik ve Elektronik İhracatçıları Birliği
ÇIĞIRGİL PLASTİK VE TİCARET LİMİTED ŞİRKETİ;ŞİRİNKENT MAH.3318 SK.YAĞMUR KENT YAĞMUR KENTNO:19 URLA İZMİR;(232) 0000000;www.altancigirgil@gmail.com;altancigirgil@gmail.com;TET - Elektrik ve Elektronik İhracatçıları Birliği
MAK METAL ISLEME VE KAPLAMA SANAYI TIC.LTD.STI.;ALTAYÇEŞME MAH. EFEBOZ SK. NO:12 FREELAND PLAZA D:48 MALTEPE İSTANBUL;(216) 3778801;www.fullmak.com.tr;fullmak.com.tr;TET - Elektrik ve Elektronik İhracatçıları Birliği
MYTEK SOĞUTMA SANAYİ TİC. İTH. İHR. LTD. ŞTİ.;ADEM YAVUZ MAH.BARBAROS HAYRETTİN SOK.N:7/A YUKARIDUDULLU ÜMRANİYE İSTANBUL;(216) 6141089;www.muteksogutma.com;muteksogutma.com;TET - Elektrik ve Elektronik İhracatçıları Birliği
REMATO ELEKTRONİK MAKİNE SANAYİ VE TİCARET LİMİTED ŞİRKETİ;YAKUPLU MAH ATA CAD SİT KONUT APT N:20/3 BEYLİKDÜZÜ İSTANBUL;;www.rematomachine.com;rematomachine.com;TET - Elektrik ve Elektronik İhracatçıları Birliği
PETRO YAĞ VE KİMYASALLAR SANAYİ VE TİCARET ANONİM ŞİRKETİ;GOSB TEMBELOVA MEVKİİ GENÇLİK.CAD. NO:3014 GEBZE KOCAELİ;(262) 6771700;www.petroyag.com;petroyag.com;TET - Elektrik ve Elektronik İhracatçıları Birliği
BURDA BEBEK ÜRÜNLERİ SANAYİ VE TICARET ANONİM ŞİRKETİ;OTAKÇILAR CAD FLAT İŞ MER N:78 C BLOK3.KAT N:85 EYÜP İSTANBUL;(212) 8763400;www.weebaby.com.tr;weebaby.com.tr;TET - Elektrik ve Elektronik İhracatçıları Birliği
ERK MUH.ELEKTRONIK ELK.VE MAK. ITH.IHR.SAN.TIC.LTD.STI.;PERPA TIC.MERK.B BLOK K:11N:1634 ŞİŞLİ İSTANBUL;02122224060;www.erkweb.tr;erkweb.tr;TET - Elektrik ve Elektronik İhracatçıları Birliği
FUCHS KIMYA A.Ş;LEVAZIM MAH. YENİBAHAR SOK. NO 2 BEŞİKTAŞ İSTANBUL;02123568155;www.fuchs.com.tr;fuchs.com.tr;TET - Elektrik ve Elektronik İhracatçıları Birliği
GEM PAYA TRADİNG GROUP ELEKTRİK SAN A.Ş.;ÇOBANÇEŞME MAH SANAYİ CAD 44/B NİSHİSTANBUL REZİDANS B BLOK NO:118 BAHÇELİEVLER İSTANBUL;(212) 6036612;http://www.gempaya.com;gempaya.com;TET - Elektrik ve Elektronik İhracatçıları Birliği
EFFE ENDUSTRI OTOMASYON ANONİM ŞİRKETİ;AKÇABURGAZ MAH. 3047 SOK. NO:10/12 KAT:2 ESENYURT İSTANBUL;(212) 5493945;www.effeendustri.com;effeendustri.com;TET - Elektrik ve Elektronik İhracatçıları Birliği
UNDO YAPI SİSTEMLERİ SANAYİ VE TİCARET LİMİTED ŞİRKETİ;ŞİRİNTEPE MH GÜMÜŞHANE CD ARMAĞAN SK NO:18B KAĞITHANE İSTANBUL;(212) 2707917;www.undoyapi.com;undoyapi.com;TET - Elektrik ve Elektronik İhracatçıları Birliği
ŞEN DOĞUŞ PASLANMAZ ENDÜSTRİYEL MUTFAK EKİPMANLARI SAN. VE TİC. LTD.ŞTİ.;DAVUTPAŞA TİM 2 İŞ MERKEZİ NO:165-175 TOPKAPI ZEYTİNBURNU İSTANBUL;(212) 5010853;www.sendogusmutfak.com;sendogusmutfak.com;TET - Elektrik ve Elektronik İhracatçıları Birliği
ODAK SANAT HOBI VE KRAFT SAN. DIS TIC.LTD.STI.;TALATPAŞA MAH. AYDOĞAN CAD. NO:31/B KAĞITHANE İSTANBUL;(212) 3204594;www.odakhobi.com;odakhobi.com;TET - Elektrik ve Elektronik İhracatçıları Birliği
MAD BİLGİSAYAR BİLİŞİM TEKNOLOJİLERİ VE DANIŞMANLIK HİZMETLERİ DIŞ TİCARET LİMİTED ŞİRKETİ;KARLIKTEPE MAH. ÇEŞMEBAŞI SK. GÜNSER APT NO: 3 İÇ KAPI NO: 13 KARTAL İSTANBUL;(216) 3749695;http://www.madbilisim.com;madbilisim.com;TET - Elektrik ve Elektronik İhracatçıları Birliği
LOOP DIŞ TİCARET LİMİTED ŞİRKETİ;ESENTEPE MAH. KASAP SOK. NO.14/7ŞİŞİLİ ŞİŞLİ İSTANBUL;(850) 3031650;www.loopexim.com;loopexim.com;TET - Elektrik ve Elektronik İhracatçıları Birliği
İNSTA ENERJİ VE AYDINLATMA ÇÖZÜMLERİ LİMİTED ŞİRKETİ;HALİT RIFAT PAŞA MAH.YÜZER HAVUZ SK.PERPA TİCARET MERKEZİ A BLOK 1A 186 ŞİŞLİ İSTANBUL;(212) 2215712;www.instaltd.com;instaltd.com;TET - Elektrik ve Elektronik İhracatçıları Birliği
MARİNSAL DENİZCİLİK GEMİ ACENTELİĞİ SANAYİ VE TİCARET LİMİTED ŞİRKETİ;AYDINTEPE MAH.ALKAN SOK.NO:7 İÇ KAPI NO:2 TUZLA İSTANBUL;(216) 7663778;http://www.marinsal.com.tr;marinsal.com.tr;TET - Elektrik ve Elektronik İhracatçıları Birliği
OAC İKLİMLENDİRME A.Ş.;GÜRSEL MAH.NURTAÇ CAD.N:71/A KAĞITHANE İSTANBUL;(212) 2972222;www.oac.com.tr;oac.com.tr;TET - Elektrik ve Elektronik İhracatçıları Birliği
TABELAPAZAR REKLAM HİZMETLERİ SANAYİ VE DIŞ TİCARET LİMİTED ŞİRKETİ;ALTAYÇEŞME MH. UÇAR SK. ÇAKIROĞLU APT. 11/A MALTEPE İSTANBUL;(216) 0000000;www.tabelapazar.com;tabelapazar.com;TET - Elektrik ve Elektronik İhracatçıları Birliği
QUATRO IC VE DIS TIC.LTD.STI.;PERPA TIC.MERK.B BL.K.8NO.992 ŞİŞLİ İSTANBUL;02122227770;www.quatro.com.tr;quatro.com.tr;TET - Elektrik ve Elektronik İhracatçıları Birliği
BİOFARMA İLAÇ SAN. VE TİC. A.Ş.;AKPINAR MAH OSMANGAZİ CAD NO:156 SANCAKTEPE İSTANBUL;(216) 3981063;www.biofarma.com.tr;biofarma.com.tr;TET - Elektrik ve Elektronik İhracatçıları Birliği
AZUNLAR İLETİŞİM ELEKTRİK ELEKTRONİK İNŞAAT TEKSTİL KUYUMCULUK SANAYİ VE TİCARET LİMİTED ŞİRKETİ;DEMİRTAŞ MAH. PROF. CEMİL BİRSEL CAD. NO:14 34080 FATİH İSTANBUL;;www.azunlar.com.tr;azunlar.com.tr;TET - Elektrik ve Elektronik İhracatçıları Birliği
HASEL GROUP ALÜMİNYUM TURİZM İTH.VE İHR.SAN.TİC.LTD.ŞTİ.;ORUÇREİS MH TEKSTİLKENT CD B14 BLOK 10 V NO:213 ESENLER İSTANBUL;(212) 4381158;www.haseldisticaret.com;haseldisticaret.com;TET - Elektrik ve Elektronik İhracatçıları Birliği
GALERA SAĞLIK HİZMETLERİ LİMİTED ŞİRKETİ;MACUN MAHALLESİ 177. CADDE NO : 19I / 2 06170 YENİMAHALLE ANKARA;(312) 3977211;www.galerapharma.com;galerapharma.com;TET - Elektrik ve Elektronik İhracatçıları Birliği
DOĞUŞ BANYO İÇ VE DIŞ TİC. LTD.ŞTİ.;MAHMUTBEY MH. İSTOÇ 12 ADA 34 NO BAĞCILAR İSTANBUL;(212) 6592886;www.dogusbanyo.com;dogusbanyo.com;TET - Elektrik ve Elektronik İhracatçıları Birliği
REPOL OTOMASYON SANAYİ VE TİCARET LİMİTED ŞİRKETİ;MASLAK MAH. AOS 55. SOK.4/2 MASLAK B BLOK NO : 4 - SARIYER İSTANBUL;(212) 9453257;https://www.find.com.tr/company/repolotomasyonsanayiveticaretlimitedsirketi;find.com.tr;TET - Elektrik ve Elektronik İhracatçıları Birliği
VHS PENCERE AKSESUARLARI SANAYİ VE DIŞ TİCARET LİMİTED ŞİRKETİ;ORTAKÖY MERKEZ MAH. DUMLUPINAR CAD. NO:48 SİLİVRİ İSTANBUL;;www.assaabloy.com;assaabloy.com;TET - Elektrik ve Elektronik İhracatçıları Birliği
MOTTO DANIŞMANLIK MÜHENDİSLİK VE TEKNOLOJİ LİMİTED ŞİRKETİ;ORHANLI MH. DERVİŞ CD NO:24 GAT PLAZA K:2 TUZLA İSTANBUL;(216) 4837434;www.motto-tr.com;motto-tr.com;TET - Elektrik ve Elektronik İhracatçıları Birliği
OTOMOTİV LASTİKLERİ TEVZİ A.Ş.;AYDINEVLER MH.DUMLUPINAR CD. NO:24 MALTEPE İSTANBUL;02165878200;www.oltas.com.tr;oltas.com.tr;TET - Elektrik ve Elektronik İhracatçıları Birliği
AYTAS AYDINLATMA SANAYI A.S.;FERHATPAŞA MAH. ATATÜRK CADDESİ NO:55/1-3 ÇATALCA İSTANBUL;(212) 6682869;www.aytasaydinlatma.com;aytasaydinlatma.com;TET - Elektrik ve Elektronik İhracatçıları Birliği
KAMER MERMER ANONİM ŞİRKETİ;ORGANİZE SAN BÖL. 10.CAD. N:36 KOZYATAĞI KADIKÖY İSTANBUL;(352) 3220262;www.kamermarble.com;kamermarble.com;TET - Elektrik ve Elektronik İhracatçıları Birliği
ALUTEKNİK MÜHENDİSLİK MAKİNA KİMYA SANAYİ TİCARET LİMİTED ŞİRKETİ;DERİ OSB MAH BİYE SK İSTANBUL DERİ OSB 15.BLOK N:2/14 TUZLA İSTANBUL;(216) 5910056;www.aluteknik.com.tr;aluteknik.com.tr;TET - Elektrik ve Elektronik İhracatçıları Birliği
ELEKTROSER BÜRO MAKİNALARI BİLG PAZ SAN VE TİC AŞ.;KÜÇÜKBAKKALKÖY MAH. DEREBEY SOK. NO 8/3 ATAŞEHİR İSTANBUL;(216) 6804070;www.elektroser.com;elektroser.com;TET - Elektrik ve Elektronik İhracatçıları Birliği
YILDIRIM DÖKÜM VE ANOT SANAYİ TİCARET LİMİTED ŞİRKETİ;RAMİ KIŞLA CD 90/B 1. KAT NO:11-12-13 EYÜP İSTANBUL;(212) 6130967;www.magnezyumanot.com;magnezyumanot.com;TET - Elektrik ve Elektronik İhracatçıları Birliği
LİDER TEKNOLOJIK YANGIN ALGILAMA VE SÖNDÜRME GÜVENLİK SİSTEMLERİ İNŞAAT METAL SANAYİ VE TİC.LTD;ÇAMÇEŞME MH. COŞKUN SK. NO:12/1 LİDER PLAZA KAT : PENDİK İSTANBUL;(216) 3967950;https://www.lideryangin.com/kurumsal.html;lideryangin.com;TET - Elektrik ve Elektronik İhracatçıları Birliği
META MUHENDISLIK ARITMA KIMYA VE INS.SAN.TIC.LTD.STI.;PERPA TIC.MERK.B BL.K.11NO.1850 ŞİŞLİ İSTANBUL;02123204029;www.metamuhendislik.com;metamuhendislik.com;TET - Elektrik ve Elektronik İhracatçıları Birliği
MODÜLTEKNİK YAPI SANAYİ VE TİCARET A.Ş.;BADEM VİLLALARI BADEM 9 VİLLA 2 NO:2 BAHÇEŞEHİR BAŞAKŞEHİR İSTANBUL;(212) 6691626;www.modultechnics.com;modultechnics.com;TET - Elektrik ve Elektronik İhracatçıları Birliği
METE STOR OTOMATİK PANJUR ALÜMİNYUM DOĞRAMA SİSTEMLERİ PAZARLAMA TİCARET LİMİTED ŞİRKETİ;AKÇABURGAZ MH MH ALKOP CD NO:46/1 ESENYURT İSTANBUL;(212) 2245264;www.metestor.com;metestor.com;TET - Elektrik ve Elektronik İhracatçıları Birliği
UNİLABEL İSTANBUL TEKS. LEVAZIMATI SAN. VE TİC. LTD. ŞTİ.;GİRNE MAH.KÜÇÜKYALI İŞ MERK.IRMAK SK.E BLOK NO:2/B MALTEPE İSTANBUL;(216) 4178131;www.unilabel.com.tr;unilabel.com.tr;TET - Elektrik ve Elektronik İhracatçıları Birliği
DURDEN PLASTIK URUN. VE YAPISKAN FILM TIC. VE SAN. A.S;TAYSAD TOSB ORG.SANA.BÖLG 1.CAD.11.SOK.27/2 PARSEL ŞEKERPINAR ÇAYIROVA KOCAELİ;(262) 6582771;www.durden.com.tr;durden.com.tr;TET - Elektrik ve Elektronik İhracatçıları Birliği
CONSİLİUM SAFETY MÜHENDİSLİK ANONİM ŞİRKETİ;YAYLA MAH. ŞİNASİ DURAL CAD. NO:40/4 TUZLA İSTANBUL;(216) 3958252;www.ares-marine.com;ares-marine.com;TET - Elektrik ve Elektronik İhracatçıları Birliği
DC FİBER PANEL SİSTEMLERİ SAN. VE TİC. LTD. ŞTİ.;BEYLİKDÜZÜ OSB MAH. ÇİĞDEM CAD. NO:3A/4 BEYLİKDÜZÜ İSTANBUL;(212) 6522126;www.fiberpanel.com;fiberpanel.com;TET - Elektrik ve Elektronik İhracatçıları Birliği
EKINGEN ELEKTRONIK PAZ.ITH. IHR.SAN.TIC.LTD.STI.;HALKALI CD.EVREN MAH.ASLI SK.NO.31-33 BAĞCILAR İSTANBUL;02126518191;www.ekingen.com.tr;ekingen.com.tr;TET - Elektrik ve Elektronik İhracatçıları Birliği
HNB MÜHENDİSLİK PROJE YÖNETİMİ VE DANIŞMANLIK LİMİTED ŞİRKETİ;CEVİZLİ MAH. MUSTAFA KEMAL CAD. HUKUKÇULAR TOWERS A BLOK NO:66 / A İÇ KAPI NO : 111 KARTAL İSTANBUL;(216) 7097508;http://www.hnbmuhendislik.com;hnbmuhendislik.com;TET - Elektrik ve Elektronik İhracatçıları Birliği
SONKAYA MAKİNA ANONİM ŞİRKETİ;NECİP FAZIL BULVARI NO:37/B ESENŞEHİR 34776 ÜMRANİYE, İSTANBUL, TÜRKİYE ÜMRANİYE İSTANBUL;(216) 4814081;www.sonkaya.com.tr;sonkaya.com.tr;TET - Elektrik ve Elektronik İhracatçıları Birliği
SUN CHEMİCAL MATBAA MÜREKKEPLERİ VE GEREÇLERİ SAN.TİC.A.Ş.;ATATÜRK O.S.B. 10037 SOK. NO.4 ÇİĞLİ İZMİR;(232) 3768890;www.sunchemical.com;sunchemical.com;TET - Elektrik ve Elektronik İhracatçıları Birliği
SUPERABRASİVE MAKİNE VE KİMYA SAN. TİC. LTD. ŞTİ.;YUKARI DUDULLU MH. NATO YOLU CD. SEVİNÇ SK.NO.10 ÜMRANİYE İSTANBUL;(216) 4503398;www.superabrasive.com.tr;superabrasive.com.tr;TET - Elektrik ve Elektronik İhracatçıları Birliği
KYP KARDEŞLER YEDEK PARÇA İTH. İHR. PAZ. SAN. TİC. LTD.ŞTİ.;ÇİFTEHAVUZLAR CAD. PRESTİJ İŞMERKEZİNO:27/103-110 ZEYTİNBURNU İSTANBUL;(212) 6126395;www.kyp.com.tr;kyp.com.tr;TET - Elektrik ve Elektronik İhracatçıları Birliği
ORDEL ORTADOĞU ELEKTRONIK SAN. VE TIC.LTD.STI.;UZAYÇAĞI CAD. 1252.SOK. NO:12 OSTİM YENİMAHALLE ANKARA;(312) 3857096;www.ordel.com.tr;ordel.com.tr;TET - Elektrik ve Elektronik İhracatçıları Birliği
MURAT HAN PUL CIVATA SAN.VE TI C.LTD.STI.;MESCIT MAH.DEMOKSASİ CD.BİRMES SİTESİB-11 BLOK NO:16-17 ORHANLI TUZLA İSTANBUL;02163077202;www.muratampulcivata.com.tr;muratampulcivata.com.tr;TET - Elektrik ve Elektronik İhracatçıları Birliği
DBS DIŞ TİCARET VE ULUSLARARASI LOJİSTİK ANONİM ŞİRKETİ;KIZILIRMAK MAH DUMLUPINAR BULVARINEXTLEVEL 3C1 D: 160 ÇANKAYA ANKARA;(312) 9398604;http://www.dbstrade.com.tr;dbstrade.com.tr;TET - Elektrik ve Elektronik İhracatçıları Birliği
DAMLA SOGUTMA VE ELEKTRIK SANAYI TICARET LTD.STI.;INONU MAH.DOLAPDERE CAD.NO.84 ŞİŞLİ İSTANBUL;02122961626;http://www.damlasogutma.com;damlasogutma.com;TET - Elektrik ve Elektronik İhracatçıları Birliği
EDS PROJE İNŞAAT ALÜMİNYUM TUR. SAN. VE TİC. LTD. ŞTİ;FERHATPAŞA MAH 101. SK NO 57 ATAŞEHİR İSTANBUL;(216) 5941874;www.edsproje.com;edsproje.com;TET - Elektrik ve Elektronik İhracatçıları Birliği
GOATEK TEKNOLOJİ VE YAZILIM ÇÖZÜMLERİ LİMİTED ŞİRKETİ;BARBAROS HAYRETTİN PAŞA MAH.1992 SOK.NO:16 DAİ:183 ESENYURT İSTANBUL;(212) 9998030;www.goateknoloji.com;goateknoloji.com;TET - Elektrik ve Elektronik İhracatçıları Birliği
ULUDAĞ KLİMA SOĞUTMA VE ISITMA SİS. SAN. LTD. ŞTİ.;O.S.B.MİNARELİÇAVUŞ MAH.TURUNCU CAD. N:39 OSB MİNARELİÇAVUŞ NİLÜFER BURSA;(224) 2437071;www.uludagklima.com;uludagklima.com;TET - Elektrik ve Elektronik İhracatçıları Birliği
GÖKHAN KARANFİL;TÜRKKUYUSU MAHALLESİ HASAN REŞAT ÖNCÜ CADDESİ NO:47 BODRUM MUĞLA;(252) 3194778;http://www.novaplusbodrum.com;novaplusbodrum.com;TET - Elektrik ve Elektronik İhracatçıları Birliği
ALPY GIDA MAK.SAN.VE TIC.LTD.Ş;FATIH MAH. SU YOLU CAD. NO:11/13 ESENYURT İSTANBUL;02126201728;www.alpygroup.com;alpygroup.com;TET - Elektrik ve Elektronik İhracatçıları Birliği
ARENA AYDINLATMA REK.SAN.VE DIŞ TİC.LTD.ŞTİ.;AKÇABURGAZ MAH 3084 SK N:3 ESENYURT İSTANBUL;(212) 2780030;www.arenareklam.com.tr;arenareklam.com.tr;TET - Elektrik ve Elektronik İhracatçıları Birliği
EKOLNET FİBEROPTİK YAPISAL KABLOLAMA VE ALT YAPI SİST.İLET.ELEK.ELEKTR.OTOMAS.SAN.VETİC.LTD.ŞTİ.;ALAATTİNBEY MAH. 619.SOKAK NO.2/C NİLÜFER BURSA;(224) 4434174;www.ekolnet.net;ekolnet.net;TET - Elektrik ve Elektronik İhracatçıları Birliği
TİMKO MAKİNA İMALAT PAZARLAMA SAN. VE TİC.LTD.ŞTİ.;HAMZAFIHLI MAH. OSB YAŞAR TETİKERBULVARI NO: 16 NO:16 67300 KARADENİZEREĞLİ ZONGULDAK;(372) 3180838;www.timkomakine.com;timkomakine.com;TET - Elektrik ve Elektronik İhracatçıları Birliği
SERA MANYETIK BANT SANAYI VE TICARET A.S.;GOZTEPE MAH. INONU CAD. SARAYSK NO.17 BAĞCILAR İSTANBUL;02124458876;www.seranora.com;seranora.com;TET - Elektrik ve Elektronik İhracatçıları Birliği
OREGO METAL ANONİM ŞİRKETİ;YEŞİLKÖY MH ATATÜRK CD EGS BUSİNESS PARK B1 BLOK NO:394 YENİBOSNA BAKIRKÖY İSTANBUL;(212) 5590636;www.mox.com.tr;mox.com.tr;TET - Elektrik ve Elektronik İhracatçıları Birliği
MAVİ PROGRAM ENERJİ VERİMLİLİĞİ SANAYİ VE TİCARET LTD.ŞTİ.;GAZİLER MAH. İBRAHİM AĞA CAD. NO:249 D:2 GEBZE KOCAELİ;(262) 6440682;www.maviprogram.com;maviprogram.com;TET - Elektrik ve Elektronik İhracatçıları Birliği
KARGI SOĞUTMA ISITMA BEYAZ EŞYA GIDA İNŞ. BİLİŞİM HİZM. ELEKT. SAN. VE TİC. LTD.ŞTİ.;GÜRSEL MAH. BAHÇELER SOK. NO.16/B KAĞITHANE İSTANBUL;(212) 3252057;www.kargiltd.com;kargiltd.com;TET - Elektrik ve Elektronik İhracatçıları Birliği
NET MUHENDISLIK OTOMASYON SAN. VE TIC.A.S.;PERPA ELEKTROKENT TIC. MRK.A.BLOK KAT.5 NO.174/176 ŞİŞLİ İSTANBUL;02122109354;www.netmuh.com.tr;netmuh.com.tr;TET - Elektrik ve Elektronik İhracatçıları Birliği
DİNARSPORTİF İNŞAAT AŞ;BOSTANCI MAH MEHMET ŞEVKİ PAŞA SKÇİÇEK APT N:11/B BOSTANCI KADIKÖY İSTANBUL;(216) 4492290;www.dinarsportif.com.tr;dinarsportif.com.tr;TET - Elektrik ve Elektronik İhracatçıları Birliği
ALG MEKANİK YAPI VE MÜHENDİSLİK SANAYİ TİCARET LİMİTED ŞİRKETİ;KAVAKPINAR MAH. RENÇBER SK. NO:25B PENDİK İSTANBUL;(216) 0000000;https://www.algmekanik.com.tr/;algmekanik.com.tr;TET - Elektrik ve Elektronik İhracatçıları Birliği
BURKERT CONTROMATIC AKISKAN KONTROL SISTEMLERI TIC.A.S.;1203/8 SOK. NO:2 E BLOK KONAK İZMİR;02324595395;www.burkert.com;burkert.com;TET - Elektrik ve Elektronik İhracatçıları Birliği
ÇELİKCAN YAPI VE ISI MALZ. İML. İTH. İHR. SAN. VE LTD.ŞTİ;ESOT SAN SİTESİ P BLOKNO.11-B İKİTELLİ BAŞAKŞEHİR İSTANBUL;(212) 4070331;www.celikcanyapi.com;celikcanyapi.com;TET - Elektrik ve Elektronik İhracatçıları Birliği
AMPHİ MEDİKAL ÜRÜNLERİ SAN. VE TİC. A.Ş.;OKUL SK. DOĞAN APT.NO.28 D.9 ÜSKÜDAR İSTANBUL;02163271235;www.amphi.com.tr;amphi.com.tr;TET - Elektrik ve Elektronik İhracatçıları Birliği
ARSİ LOJİSTİK İNŞAAT TAAHHÜT SAN.TİC.LTD.ŞTİ;DUATEPE MAH. KURTULUŞ CAD. NO: 36/2 ŞİŞLİ İSTANBUL;(212) 2333545;www.arsilojistik.com;arsilojistik.com;TET - Elektrik ve Elektronik İhracatçıları Birliği
AVRASYA ENDÜSTRİ VE TEKNİK HIRDAVAT SANAYİ TİCARET LİMİTED ŞİRKETİ;TOPÇULAR MH RAMİ KIŞLA CD YÖNTEM VAYTAS PLAZA NO:58-60 B EYÜP İSTANBUL;(212) 5768666;www.avrasyahirdavat.com;avrasyahirdavat.com;TET - Elektrik ve Elektronik İhracatçıları Birliği
EKSENAL ALÜMİNYUM EKSTRÜZYON TEKNOLOJİLER SANAYİ VE TİCARET ANONİM ŞİRKETİ;KOBİ OSB 29.SK.NO:25 KÖSELER DİLOVASI KOCAELİ;(262) 5029111;www.eksenal.com;eksenal.com;TET - Elektrik ve Elektronik İhracatçıları Birliği
SENKRON ALTERNATÖR VE JENERATÖR ÜRETİM PAZARLAMA SANAYİ VE TİCARET LİMİTED ŞİRKETİ;CUMHURIYET MAH.CUMHURIYET CAD.NO:11 ÜMRANİYE İSTANBUL;02163122944;www.alternatorcu.com;alternatorcu.com;TET - Elektrik ve Elektronik İhracatçıları Birliği
PAREV DIS TIC.LTD.STI.;AKSARAY MAH. NAMIK KEMAL CAD.NO.9/Z9 FATİH İSTANBUL;(212) 5178981;www.parev.com.tr;parev.com.tr;TET - Elektrik ve Elektronik İhracatçıları Birliği
MEVLÜT ŞEREF EVCİ;NİŞANTAŞI MAH.ŞAHİNAĞA SK.NO:3/24 SELÇUKLU /KONYA SELÇUKLU KONYA;(332) 3223232;http://www.evosisotomasyon.com;evosisotomasyon.com;TET - Elektrik ve Elektronik İhracatçıları Birliği
MEDABIO KIMYA VE BIYOTEKNOLOJI ÜRÜNLERI SANAYI VE TICARET LIMITED SIRKETI;ABDURRAHMANGAZI MAH. BENNUR SK. NO: 21 -23 IÇ KAPI NO: 14 SANCAKTEPE/ ISTANBUL SANCAKTEPE İSTANBUL;(216) 7593460;http://www.medabio.com;medabio.com;TET - Elektrik ve Elektronik İhracatçıları Birliği
VARDEM OYUNCAK VE HEDİYELİK EŞYA GIDA SANAYİ TİCARET LİMİTED ŞİRKETİ;ALI RIZA GÜRCAN CD. MALTEPE M.ESKI ÇIRPICI ÇIKMAZ SOK.N.3 GÜNGÖREN İSTANBUL;02124815716;www.vardem.com;vardem.com;TET - Elektrik ve Elektronik İhracatçıları Birliği
TAM EKRAN TEKNOLOJİ TİC. LTD. ŞTİ.;YALI YOLU SOK. İSMAİL ERGİN İŞ MERKEZİ NO:52/A BOSTANCI KADIKÖY İSTANBUL;;www.tamekran.com.tr;tamekran.com.tr;TET - Elektrik ve Elektronik İhracatçıları Birliği
ISI-TAN ISITMA SOĞUTMA YEDEK PARÇA VE MAKİNA SANAYİ TİCARET LİMİTED ŞİRKETİ;İSMET PAŞA MH. UZUN SK. NO:3/3 MURATPAŞA BAYRAMPAŞA İSTANBUL;(212) 5652960;www.isitan.com.tr;isitan.com.tr;TET - Elektrik ve Elektronik İhracatçıları Birliği
BIENSIS MÜHENDİSLİK VE ENERJ.SIST.INS.TAAH.SAN.VE TIC.LTD.STI.;EYÜP SULTAN MAH. MIHRIBAN SK. NO: 9 A SANCAKTEPE İSTANBUL;(216) 5333560;https://biensis.com;biensis.com;TET - Elektrik ve Elektronik İhracatçıları Birliği
TURGAY YURDAKUL;MALTEPE MAHALLESİ TİM 1 İŞ MERKEZİ ZEYTİNBURNU İSTANBUL;(212) 4931247;http://www.yurdakulreklam.com;yurdakulreklam.com;TET - Elektrik ve Elektronik İhracatçıları Birliği
NAKLET TEKNOLOJİK TIBBİ ÜRÜN.TİC.VE SAN.LTD.ŞTİ.;ESKİŞEHİR YOLU 17. KM. FATİH SULTAN MAH. ÇAMLIK PARK SİT. 2366 SOK. NO:23 ETİMESGUT ANKARA;(312) 4821520;www.nakletteknoloji.com.tr;nakletteknoloji.com.tr;TET - Elektrik ve Elektronik İhracatçıları Birliği
DEMİRBİLEK MAKİNA SANAYİ VE TİCARET LİMİTED ŞİRKETİ;HACIKADIN MAH. KATIPCELEBI CD. NO:70 FATİH İSTANBUL;(212) 5112381;www.demirbilek.com.tr;demirbilek.com.tr;TET - Elektrik ve Elektronik İhracatçıları Birliği
UKS UZMANLAR KALİBRASYON SERVİSİ SANAYİ VE TİCARET LTD.ŞTİ.;ALTINŞEHİR MAH. 211. SOK NO:11/AALTINŞEHİR NİLÜFER BURSA;(224) 4415577;www.kalibrasyon.com.tr;kalibrasyon.com.tr;TET - Elektrik ve Elektronik İhracatçıları Birliği
SİDRA GROUP TURİZM İNŞAAT TEKSTİL SANAYİ İÇ VE DIŞ TİCARET LİMİTED ŞİRKETİ;KEMALPAŞA MH GENÇTÜRK CD NO:32 KAT:1|1 FATİH İSTANBUL;(212) 6596849;www.sidragroup.com;sidragroup.com;TET - Elektrik ve Elektronik İhracatçıları Birliği
KLF OTOMOTİV VE MAKİNA SANAYİ TİCARET LİMİTED ŞİRKETİ;TOPÇULAR KIŞLA CD TİKVEŞLİ DOKU SAN SİT NO 4/5 EYÜP İSTANBUL EYÜP İSTANBUL;(212) 5653615;www.klfotomotiv.com;klfotomotiv.com;TET - Elektrik ve Elektronik İhracatçıları Birliği
OMEGA CIVATA SANAYİ VE TİCARET ANONİM ŞİRKETİ;IMES OSB 1. BULVAR NO:11 ÇERKEŞLİ OSB MAH DİLOVASI KOCAELİ;(262) 6443636;www.omegacivata.com;omegacivata.com;TET - Elektrik ve Elektronik İhracatçıları Birliği
ANEL ELEKTRIK PROJE TAAH.VE TICARET A.S.;INKILAP MAH. SITE YOLU SOK. NO:5/4 ÜMRANİYE İSTANBUL;(216) 6362000;www.anel.com.tr;anel.com.tr;TET - Elektrik ve Elektronik İhracatçıları Birliği
ARASVAN VANA SANAYI VE TIC. LTD.STI.;NECATI BEY CAD.NO.83 B BEYOĞLU İSTANBUL;02122441710;www.arasvan.com;arasvan.com;TET - Elektrik ve Elektronik İhracatçıları Birliği
ALFA ELEKTRONİK SENSÖR SAN. VE TİC. A.Ş.;CEVİZLİ MAH. BAĞDAT CAD. GÜVEN SOK. NO:11 MALTEPE İSTANBUL;(216) 3994404;www.alfasanayi.com;alfasanayi.com;TET - Elektrik ve Elektronik İhracatçıları Birliği
EDKOSAN ÇELİK DÖVME SAN.TİC.LTD.ŞTİ.;MESİHPAŞA CAD. MESİHPAŞA CADERSEVEN İŞ MERKEZİ K.5 NO.52 LALELİ AKSARAY FATİH İSTANBUL;(212) 6381277;www.edoksan.com;edoksan.com;TET - Elektrik ve Elektronik İhracatçıları Birliği
INTERLINKS GROUP İÇ VE DIŞ C.LTD.ŞTİ;İOSB MAH. SARAÇLAR SAN. SİT. 9 BLOK NO:36 BAŞAKŞEHİR İSTANBUL;(212) 5678775;www.interlinksgroup.com;interlinksgroup.com;TET - Elektrik ve Elektronik İhracatçıları Birliği
ERŞEN ELEKTRIK TIC.SAN.LTD.STI.;PERPA TIC.MERKEZI A BLOK K.2 NO.9/32 ŞİŞLİ İSTANBUL;02122221311;www.ersenelektrik.com;ersenelektrik.com;TET - Elektrik ve Elektronik İhracatçıları Birliği
MIKADO BİLİŞİM SİSTEMLERİ SAN. TİC. A.Ş.;KÜÇÜKBAKKALKÖY MAH. GÜLSEREN SK. NO:13/1 ATAŞEHİR İSTANBUL;02165770555;www.mikado.gen.tr;mikado.gen.tr;TET - Elektrik ve Elektronik İhracatçıları Birliği
İNTERNİ DIŞ TİC.LTD.ŞTİ.;DİKİLİTAŞ MAH. AYAZMA DERE CAD.MEDYA PLAZA K:7 BEŞİKTAŞ İSTANBUL;(212) 2414030;www.interni.com.tr;interni.com.tr;TET - Elektrik ve Elektronik İhracatçıları Birliği
YAŞAR DIŞ TİC.A.Ş;GAZIOSMANPASA BULV.BATI ISH.10/1KAT3-4-5 ALSANCAK KONAK İZMİR;02324890121;www.yasardis.com.tr;yasardis.com.tr;TET - Elektrik ve Elektronik İhracatçıları Birliği
RAMFER İNTERNATİONAL DIŞ TİCARET LİMİTED ŞİRKETİ;ALTAN ÇEŞME MH EFE BOZ SK FREELAND İS MERKEZİ NO:12/55 MALTEPE İSTANBUL;(216) 2668618;www.ramfer.com.tr;ramfer.com.tr;TET - Elektrik ve Elektronik İhracatçıları Birliği
TEKNIK ALET SAN.VE TIC.A.S.;TERSANE C.NO.117 BEYOĞLU İSTANBUL;02122974802;www.teknikalet.com;teknikalet.com;TET - Elektrik ve Elektronik İhracatçıları Birliği
IŞILDAK PLASTİK SANAYİ TİCARET LİMİTED ŞİRKETİ;BAĞLAR MAH. OSMANPAŞA CAD. NO: 26 KAT: 1 GÜNEŞLİ BAĞCILAR İSTANBUL;(212) 6512606;www.isildakplastik.com.tr;isildakplastik.com.tr;TET - Elektrik ve Elektronik İhracatçıları Birliği
ATLAS CNC MAKİNA TİCARET ANONİM ŞİRKETİ;İKİTELLİ ORG. SAN BÖL. ATATÜRK BULVARI BOTAŞ İŞ MERKEZİ NO:102 D:17 İKİTELLİ İKİTELLİ BAŞAKŞEHİR İSTANBUL;(212) 6717101;www.atlascnc.com;atlascnc.com;TET - Elektrik ve Elektronik İhracatçıları Birliği
BOĞAZİÇİ ECZA DEPOSU SAĞLIK HİZMETLERİ İTHALAT İHRACAT LİMİTED ŞİRKETİ;ESENTEPE MAHALLESİ EVRİM SOKAK NO:34/A KARTAL İSTANBUL;(216) 3065018;www.bogaziciecza.com;bogaziciecza.com;TET - Elektrik ve Elektronik İhracatçıları Birliği
MASKOM PLASTİK SANAYİ TİCARET ANONİM ŞİRKETİ;ESENTEPE MAH. MİLANGAZ CAD. MONUMENTO PLAZAN:75 K:8 KARTAL İSTANBUL;(216) 5045858;www.maskom.com.tr;maskom.com.tr;TET - Elektrik ve Elektronik İhracatçıları Birliği
UYUM ELEKTRIK SANAYI VE TICARET LTD.STI.;MUSTAFA PAŞA M.IBRAHIMAGA CD.N.39 GEBZE KOCAELİ;02626462471;www.uyumelektrik.com.tr;uyumelektrik.com.tr;TET - Elektrik ve Elektronik İhracatçıları Birliği
ELA MÜZİK EĞİTİM HİZMETLERİ LİMİTED ŞİRKETİ;ACIBADEM MAH.ÇEÇEN SOK.AKASYA A KULE KENT ETABI NO25A İÇ KAPI NO:98 ÜSKÜDAR İSTANBUL;(216) 2498510;http://www.elamüzik.com;elamüzik.com;TET - Elektrik ve Elektronik İhracatçıları Birliği
BETAFENCE YAPI SANAYİ VE TICARET ANONİM SİRKETİ;SANCAKTEPE MH MİLLET CD N:30 SİLİVRİ İSTANBUL;02127117040;www.betafence.com.tr;betafence.com.tr;TET - Elektrik ve Elektronik İhracatçıları Birliği
ULUS YAPI MALZ.VE INS.TAAH. TIC.A.Ş.;GÜLBAHAR MAH. SALİH TOZAN SOK. NO:13 İYİGÜN İŞ MERKZ. K:2 ESENTEPE ŞİŞLİ İSTANBUL;(212) 2742626;www.ulusyapi.com;ulusyapi.com;TET - Elektrik ve Elektronik İhracatçıları Birliği
TEZEL MOBİLYA AKSESUARLARI İMALAT GIDA PAZ. SAN. VE TİC. LTD. ŞTİ.;Y.DUDULLU TÜRKER CAD. ŞEHIT SOK NO:39 ÜMRANİYE İSTANBUL;02163140768;www.tezelmobaks.com;tezelmobaks.com;TET - Elektrik ve Elektronik İhracatçıları Birliği
YENİLAB LABARATUVAR VE EĞİTİM GEREÇLERİ KİMYA SAN. TİC. LTD. ŞTİ.;ÇELEBİLER CD. NO: 28/2 ÇELEBİLER 54100 ADAPAZARI, SAKARYA, TÜRKİYE ADAPAZARI SAKARYA;(850) 3029450;www.yenilab.com;yenilab.com;TET - Elektrik ve Elektronik İhracatçıları Birliği
DOMİNO ECZA DEPOSU ANONİM ŞİRKETİ;TEVFİK BEY MAH.ŞEHİT RECEP SOK. NO:21-23A KÜÇÜKÇEKMECE İSTANBUL;(212) 0000000;http://www.dominoecza.com;dominoecza.com;TET - Elektrik ve Elektronik İhracatçıları Birliği
İLBE MİNERAL PETROL ÜRÜNLERİ SANAYİ VE TİCARET LİMİTED ŞİRKETİ;EMEK MAH. 66. SOK NO.19/3 ÇANKAYA ANKARA;(312) 2220183;www.ilbemineral.com;ilbemineral.com;TET - Elektrik ve Elektronik İhracatçıları Birliği
AKZONOBEL KEMIPOL KİMYA SANAYI VE TICARET ANONİM ŞİRKETİ;ANKARA KARAYOLU UZERI 25.KM. KEMALPAŞA İZMİR;(232) 8770030;www.akzokemipol.com.tr;akzokemipol.com.tr;TET - Elektrik ve Elektronik İhracatçıları Birliği
ARÇELİK-LG KLİMA SANAYİ VE TİCARET ANONİM ŞİRKETİ;ORG.SANAYI BÖLG. IHSAN DEDE CD. NO:139 GEBZE KOCAELİ;02626787878;www.arcelik-lg.com.tr;arcelik-lg.com.tr;TET - Elektrik ve Elektronik İhracatçıları Birliği
ALUGLAS DIŞ TİCARET ANONİM ŞİRKETİ;NECİP FAZIL MH NECİP FAZIL BULVARI SULTAN İS MERKEZİ NO:5/46 ÜMRANİYE İSTANBUL;(216) 4666069;www.alugas.com.tr;alugas.com.tr;TET - Elektrik ve Elektronik İhracatçıları Birliği
MODESTOGRUP KUAFÖR MOB.SAN. VE TİC. LTD. ŞTİ.;CEVİZLİ MH BAĞDAT CD NO:619 MALTEPE İSTANBUL;(216) 3052305;www.modestogrup.com;modestogrup.com;TET - Elektrik ve Elektronik İhracatçıları Birliği
MARSHALL BOYA VE VERNIK SAN. A.S.;DİLOVASI ORG SAN BÖL. 1. KISIM TUNACAD. NO:1 GEBZE KOCAELİ;(262) 7547470;www.marshallboya.com;marshallboya.com;TET - Elektrik ve Elektronik İhracatçıları Birliği
SOLİD BİLİŞİM TEKNOLOJİLERİ VE DANIŞMANLIK LTD. ŞTİ.;ŞERİFALİ MAH. BARBAROS CAD. NO:66 KAT:3 DAİRE:3 ÜMRANİYE İSTANBUL;(216) 2258478;http://www.solidbilisim.com;solidbilisim.com;TET - Elektrik ve Elektronik İhracatçıları Birliği
SİLPA YAPI ANONİM ŞİRKETİ;FERHATPAŞA MAH. 77 SOKAK NO 31 KAPI NO 1 ATAŞEHİR İSTANBUL;(216) 2081011;http://www.silpayapi.com;silpayapi.com;TET - Elektrik ve Elektronik İhracatçıları Birliği
ROTA ELEKTROTEKNİK VE KOZMETİK ANONİM ŞİRKETİ;MECLİS MAH. KARACAOĞLAN SK. NO: 7 İÇ KAPI NO: 3 SANCAKTEPE İSTANBUL;02165273333;www.rota.com.tr;rota.com.tr;TET - Elektrik ve Elektronik İhracatçıları Birliği
PROFLY KIMYA LIMITED SIRKETI;ATAKENT MAH. MITHATPASA CAD. ÇAGLA PLAZA NO: 116 IÇ KAPI NO: 12 ÜMRANİYE İSTANBUL;(850) 8888565;http://www.profly.com.tr;profly.com.tr;TET - Elektrik ve Elektronik İhracatçıları Birliği
PERGOLA TURKEY YAPI SİSTEMLERİ İTHALAT VE İHRACAT SANAYİ TİCARET LTD.ŞTİ.;KAYIŞDAĞI MAHALLESİ KAYIŞDAĞI CADDESİ NO:195/2 ATAŞEHİR İSTANBUL;(216) 6060773;www.pergolaturkey.com;pergolaturkey.com;TET - Elektrik ve Elektronik İhracatçıları Birliği
GÖKHAN ALTAY;FERHATPAŞA MAHALLESİ, TEKKE SOKAK NO:11/2 ÇATALCA İSTANBUL;(212) 7895879;www.altayglobal.com;altayglobal.com;TET - Elektrik ve Elektronik İhracatçıları Birliği
CUT LASER SYSTEM MÜHENDİSLİK SANAYİ VE TİCARET LİMİTED ŞİRKETİ;ÜÇEVLER MH 36 (220) SK KÜÇÜK SANAYİ SİT NO:53/1 OSMANGAZİ BURSA;(224) 2473033;www.cutlasersystem.com;cutlasersystem.com;TET - Elektrik ve Elektronik İhracatçıları Birliği
BAYRAMOĞLU RÜZGAR ENERJİSİ ÜRÜNLERİ ÜRETİM SANAYİ VE TİCARET ANONİM ŞİRKETİ;BARAKFAKİH SAN BÖLG 14. CD. NO:6 KESTEL BURSA;(224) 5320957;www.bbre.com.tr;bbre.com.tr;TET - Elektrik ve Elektronik İhracatçıları Birliği
ADATECH GLOBAL LOJİSTİK LİMİTED ŞİRKETİ;KARAMEHMET M. AVRUPA SERBEST BÖL. ADNAN ARISOY BLVMÜKELLEFLERİN OFİSİ NO:2 İÇ KAPI NO:4 ERGENE TEKİRDAĞ;(282) 0000000;http://www.adatechgl.com;adatechgl.com;TET - Elektrik ve Elektronik İhracatçıları Birliği
ATA DIZAYN KALIP TASARIM PLASTİK SAN.TİC.LTD.ŞTİ.;ZİYA GÖKALP MAH. İPKAS SAN. SİT 138 BLOK 2719 SOK. NO.19 İKİTELLİ BAŞAKŞEHİR İSTANBUL;(212) 5490602;www.atadizayn.com.tr;atadizayn.com.tr;TET - Elektrik ve Elektronik İhracatçıları Birliği
KOSOVA ZÜCCACİYE İTH. İHR.SAN. VE TİC.LTD.ŞTİ.;SIYAVUSPASA S. ASILSOY ISH.NO.12/24-106 İSTANBUL;02125201028;www.kosovaltd.com;kosovaltd.com;TET - Elektrik ve Elektronik İhracatçıları Birliği
PROTEM ELEKTRONIK MAK.SAN.TIC. A.Ş.;BURHANIYE MAH.RASIMAĞA SOK.NO.7/1 KADIKÖY İSTANBUL;02165303700;http://www.protem.com.tr;protem.com.tr;TET - Elektrik ve Elektronik İhracatçıları Birliği
YILDIZ MOBİLYA DEKORASYON SANAYİ VE TİCARET LİMİTED ŞİRKETİ;HUZUR MH AZERBAYCAN CD SKYLAND HOME KAT:3 SARIYER İSTANBUL;(212) 2954897;www.addo.com.tr;addo.com.tr;TET - Elektrik ve Elektronik İhracatçıları Birliği
CEA MÜHENDİSLİK OTOMASYON ELEKTRİK İNŞAAT TURİZM SAN. TİC. LTD. ŞTİ.;ALAADDİNBEY MH. 629.SK KAAN PLAZA SİTESİ NO:1/D NİLÜFER BURSA;(224) 4415011;http://www.ceamuhendislik.com.tr;ceamuhendislik.com.tr;TET - Elektrik ve Elektronik İhracatçıları Birliği
METKON ÇELİK YAPI VE LOJİSTİK ANONİM ŞİRKETİ;OSMAN YILMAZ MAH. 641. SK. NO:10 D.1 GEBZE KOCAELİ;(262) 2555640;http://www.metkonas.com;metkonas.com;TET - Elektrik ve Elektronik İhracatçıları Birliği
AK DENİZ OTOMOTİV HIRDAVAT VE TEKSTİL SANAYİ VE TİCARET LİMİTED ŞİRKETİ;CAKIRAGA MAH.MANASTIRLI RIFATSOK.NO.8 HASEKİ FATİH İSTANBUL;(212) 5868685;www.akdenizotomotiv.com;akdenizotomotiv.com;TET - Elektrik ve Elektronik İhracatçıları Birliği
ANTEST ANALİTİK VE ENDÜSTRİYEL TEST CİHA ZLARI PAZARLAMA SANAYİ LİMİTED ŞİRKETİ;538 SOK. NO.48/101-102 M. INCESITESI C.BLOK BORNOVA İZMİR;(232) 3434949;www.antest.com;antest.com;TET - Elektrik ve Elektronik İhracatçıları Birliği
GÜLDEMİR YAPI MALZEMELERİ İÇ VE DIŞ TİCARET LİMİTED ŞİRKETİ;SEYİTNİZAM MAH. DEMİRCİLER SİTESİ 2. CADDE NO:24 ZEYTİNBURNU İSTANBUL;(212) 4167871;www.guldemir.com.tr;guldemir.com.tr;TET - Elektrik ve Elektronik İhracatçıları Birliği
EJOT TEZMAK BAĞLANTI ELEMANLARI TEKNOLOJİLERİ SANAYİ VE TİCARET ANONİM ŞİRKETİ;CEBECİ CD NO:84 KÜÇÜKKÖY GAZİOSMANPAŞA İSTANBUL;(212) 4777792;www.ejot-tezmak.com;ejot-tezmak.com;TET - Elektrik ve Elektronik İhracatçıları Birliği
METAMAK METALURJI MAKINA MUM. LTD.STI.;BİLAŞ İŞ MERKEZİ DARÜLACEZE CAD. NO:33 B BLOK D:34 OKMEYDANI ŞİŞLİ İSTANBUL;(212) 2700888;www.metamak.com.tr;metamak.com.tr;TET - Elektrik ve Elektronik İhracatçıları Birliği
NUCOS KOZMETİK KİMYA SAN.VE TİC.LTD.ŞTİ.;AKÇABURGAZ MAH.93.SOK. NO:3/1 ESENYURT İSTANBUL;(212) 8863066;www.nucoscosmetics.com;nucoscosmetics.com;TET - Elektrik ve Elektronik İhracatçıları Birliği
PİKASAN KAUÇUK SAN. VE TİC. LTD. ŞTİ.;HAVAALANI MAH. SEMT ULUDAĞ CAD. NO:2 A ESENLER İSTANBUL;(212) 6549922;www.pikasan.com;pikasan.com;TET - Elektrik ve Elektronik İhracatçıları Birliği
DOKA KALIP-İSKELE SANAYİ VE TİCARET ANONİM ŞİRKETİ;İNÖNÜ MAH. NAZARBAYEV SOK. NO:19GOSB 41400 GEBZE KOCAELİ;(262) 7515066;www.doka.com/tk;doka.com;TET - Elektrik ve Elektronik İhracatçıları Birliği
DIKOMSAN ELEKTRONIK SANAYI VE TICARET LTD.STI.;OTO SANAYI SITESI MENDERES CADNO.19 KAĞITHANE İSTANBUL;02122833715;www.dikomsan.com;dikomsan.com;TET - Elektrik ve Elektronik İhracatçıları Birliği
ETEKS TEKSTİL FLOK VE KAYIŞ SAN.TİC.LTD.ŞTİ;MALTEPE MAH.ÇİFTEHAVUZLAR CAD.PRESTİJ İŞ MERKZ.K:5 N:518 ZEYTİNBURNU İSTANBUL;(212) 5657847;www.etexflock.com;etexflock.com;TET - Elektrik ve Elektronik İhracatçıları Birliği
EZER OTOMATIK KAPI SISTEMLERI ANONİM ŞİRKETİ;OSMANGAZI MAH.YILDIRIM BEYAZIT CD.NO.7 K.B1 SANCAKTEPE SAMANDIRA SANCAKTEPE İSTANBUL;(216) 3118300;www.paw.com.tr;paw.com.tr;TET - Elektrik ve Elektronik İhracatçıları Birliği
GENTEK ELEKTRONİK SANAYİ VE TİCARET A.Ş.;ADRES BARBAROS CAD.NO:61 ŞERİFALİ MAH YUKARIDUDULLU ÜMRANİYE İSTANBUL;(212) 4385860;www.gentekelektronik.com.tr;gentekelektronik.com.tr;TET - Elektrik ve Elektronik İhracatçıları Birliği
CANAN OK;ESENŞEHİR MAH. İMES SAN. SİT. A BLOK 103/3 ÜMRANİYE İSTANBUL;(216) 5279980;www.karora.net;karora.net;TET - Elektrik ve Elektronik İhracatçıları Birliği
YILDIZPAK MAKİNA PLASTİK İTHALAT İHR.SAN.VE TİC.LTD.ŞTİ.;4.ESENŞEHİR MH.YAKUT SK.NO:34/A YUKARIDUDULLU ÜMRANİYE İSTANBUL;(216) 4991911;www.yidizpack.com;yidizpack.com;TET - Elektrik ve Elektronik İhracatçıları Birliği
YENİ PAZARLAR E-TİCARET HİZ. LTD. ŞTİ;BALMUMCU MAH. BARBAROS BLV. NO:58/8 BEŞİKTAŞ İSTANBUL;(212) 0000000;www.turkishvendor.com;turkishvendor.com;TET - Elektrik ve Elektronik İhracatçıları Birliği
AYTUGLU DIZEL YEDEK PARCA SAN. VE TIC.LTD.STI.;DİK SOKAK NO:13 İDEALTEPE MAHALLESİ 34841 MALTEPE İDEALTEPE MALTEPE İSTANBUL;02164108052;www.aytuglu.com;aytuglu.com;TET - Elektrik ve Elektronik İhracatçıları Birliği
DENİZ HİDROLİK PNOMATİK MAK. SAN. TİC. LTD. ŞTİ.;İKİTELLİ ORG. SAN. BÖL. GÜNGÖREN SAN. SİT. ÇARŞI ZEMİN NO:110 İKİTELLİ BAŞAKŞEHİR İSTANBUL;(212) 6719026;www.denizhidrolik.com;denizhidrolik.com;TET - Elektrik ve Elektronik İhracatçıları Birliği
ALİM DAVULCU - AKEL PLASTİK;KEÇECİPİRİ MAH.NAMAZGAHALTI SOK.NO:38/A HALICIOĞLU BEYOĞLU İSTANBUL;(212) 2978779;www.akelplastik.com.tr;akelplastik.com.tr;TET - Elektrik ve Elektronik İhracatçıları Birliği
RAYSAN TEKNOLOJİ SANAYİ TİCARET A.Ş.;KARADENİZLİLER MAH. KALDIRIM SK. NO: 12 /1 BAŞİSKELE KOCAELİ;(262) 2230023;http://www.raysan.com;raysan.com;TET - Elektrik ve Elektronik İhracatçıları Birliği
SİMGE END.MÜH. SAN. VE TİC. LTD.ŞTİ.;ORTA MAH.YENİÇAĞ SOK.NO:6 A BLOK MUTLU SANAYİ SİTESİ NO:A10-A11 ORHANLI- ORHANLI TUZLA İSTANBUL;;www.simge-tr.com;simge-tr.com;TET - Elektrik ve Elektronik İhracatçıları Birliği
TARHAN YAPI MALZ.TIC.LTD.STI.;İSTASYON MAH. LONDRA CAD. İPSALA YOLU ÜZERI 2. KM NO.17 KEŞAN EDİRNE;(284) 7146789;www.tarhanyapi.com;tarhanyapi.com;TET - Elektrik ve Elektronik İhracatçıları Birliği
SÜDOR KIRTASİYE SANAYİ VE TİCARET ANONİM ŞİRKETİ;EYLİKDÜZÜ O.S.B. BARIŞ MAH. BİRLİK SAN.SİT 4.CADDE NO.28 BEYLİKDÜZÜ İSTANBUL;;www.sudor.com.tr;sudor.com.tr;TET - Elektrik ve Elektronik İhracatçıları Birliği
TAHSİN ŞANAL ERGENECİ;ALACAATI MAH.4835 CAD. NO 1F/38 ÇANKAYA/ANKARA ÇANKAYA ANKARA;(312) 0000000;https://www.mksmotor.com.tr/;mksmotor.com.tr;TET - Elektrik ve Elektronik İhracatçıları Birliği
KAŞ METAL İZOL. İNŞ.SAN.TİC.LTD.ŞTİ.;SEYİTNİZAM MH. DEMİRCİLER SİT. 8. YOL NO:70-72-74 ZEYTİNBURNU İSTANBUL;(212) 5583107;www.kasmetal.com.tr;kasmetal.com.tr;TET - Elektrik ve Elektronik İhracatçıları Birliği
ENTA HOTEL VE HASTANE EKIPMANL ARI SAT.PAZ.A.S.;GUMUSSUYU MAH.INONU CD.N.53KAT-3 D-5 BEYOĞLU İSTANBUL;02122928900;www.entaturk.com;entaturk.com;TET - Elektrik ve Elektronik İhracatçıları Birliği
MARMARA SIEGENER GALVANİZ SANAYİ VE TİCARET ANONİM ŞİRKETİ;SANAYİ MAH. HAYRETTİN UZUN CAD.KÖŞK SOK. NO:10 İZMİT KOCAELİ;(262) 3350595;www.galvaniz.com;galvaniz.com;TET - Elektrik ve Elektronik İhracatçıları Birliği
ATANUR ULUSLARARASI TİCARET LİMİTED ŞİRKETİ;MERKEZ MH MARMARA CD OZAN BAĞCILAR İS MERKEZİ NO:29/48 AVCILAR İSTANBUL;(000) 0000000;www.atanurmetallurgy.com;atanurmetallurgy.com;TET - Elektrik ve Elektronik İhracatçıları Birliği
BULUT LOJİSTİK SU ARITIM İNŞ. VE DIŞ TİC. LTD. ŞTİ.;KAVACIK MAH.ORHAN VELİ KANIK SOK.N:3/4 BEYKOZ İSTANBUL;(216) 4258100;www.bulutlogistics.com;bulutlogistics.com;TET - Elektrik ve Elektronik İhracatçıları Birliği
BERRAK HAYAT HAVUZ SAUNA İNŞAAT SANAYİ VE TİCARET ANONİM ŞİRKETİ;15 TEMMUZ MAH.1429.SK.NO:7-9A BAĞCILAR İSTANBUL;(212) 6595232;http://berrakhavuz.com.tr;berrakhavuz.com.tr;TET - Elektrik ve Elektronik İhracatçıları Birliği
GÜVEN ÇELİK MAKİNA SAN. TİC. LTD. ŞTİ.;ATATÜRK SAN. BÖL. IBNI SINACD.NO:2 ARNAVUTKÖY İSTANBUL;02127714020;www.guvencelik.com.tr;guvencelik.com.tr;TET - Elektrik ve Elektronik İhracatçıları Birliği
KECOGLU MAKINA SANAYI VE TICARET A.S.;KERESTECILER SITESI CINAR S.N:9 GÜNGÖREN İSTANBUL;02125070249;www.kecogulmakina.com;kecogulmakina.com;TET - Elektrik ve Elektronik İhracatçıları Birliği
TROTEC ENDÜSTRİ ÜRÜNLERİ ANONİM ŞİRKETİ;ESENLER GİYİMKENT TURGUT REİS MAH. BARBAROS CAD. E BLOK NO.6 ESENLER İSTANBUL;(212) 4385655;www.trotec.com.tr;trotec.com.tr;TET - Elektrik ve Elektronik İhracatçıları Birliği
STARKE MAĞAZA MARKET EKİPMANLARI SAN.VE TİC.LTD.ŞTİ.;KARAAĞAÇ MH YİĞİTTÜRK CD NO:36/1/3 BÜYÜKÇEKMECE İSTANBUL;(212) 8643064;www.starkeraf.com;starkeraf.com;TET - Elektrik ve Elektronik İhracatçıları Birliği
GROME İÇ VE DIŞ TİC. A.Ş.;BAGDAT CD.UGRASPARLAR ISMERK.NO.305.B-BLOK DAIRE 12-15 KARTAL İSTANBUL;02164412370;www.grome.com.tr;grome.com.tr;TET - Elektrik ve Elektronik İhracatçıları Birliği
CMS INOX ENDÜSTRİYEL MUTFAK SANAYİ ANONİM ŞİRKETİ;PİYALEPAŞA MAH. PİYALEPAŞA CAD. 101A PK:34440 BEYOĞLU İSTANBUL;(212) 3618063;www.cmsmutfak.com.tr;cmsmutfak.com.tr;TET - Elektrik ve Elektronik İhracatçıları Birliği
DOĞUŞSAN MÜHENDİSLİK MAKİNE SANAYİ TİCARET ANONİM ŞİRKETİ;KAPTANPASA MAH.PERPA İŞMERK. B-BLOK LAT:2 NO:9 ŞİŞLİ İSTANBUL;(212) 2101026;www.dogussan.com.;dogussan.com.;TET - Elektrik ve Elektronik İhracatçıları Birliği
HİPAŞ HİDROLİK VE PNÖMATİK SAN. VE TİC. A. Ş.;İMES SANAYİ SİTESİ C BLOK 308 SOK.NO:16 ÜMRANİYE İSTANBUL;(216) 4994005;www.hipashidrolik.com;hipashidrolik.com;TET - Elektrik ve Elektronik İhracatçıları Birliği
METALART ISI LTD.STI.;TEPEÖREN KÖYÜ GİRİŞİ ESKİ ANKARAASFALTI ÜZERİ NO.123/3 AKFIRAT TUZLA İSTANBUL;(216) 3040450;www.aeon.com.tr;aeon.com.tr;TET - Elektrik ve Elektronik İhracatçıları Birliği
KEMERBURGAZ OFİS VE OKUL GEREÇLERİ SAN.TİC.A.Ş.;YILDIZ CAD TATAR HUSEYIN SOKNO:6/1 BEŞİKTAŞ İSTANBUL;02122586715;www.karettakartus.com;karettakartus.com;TET - Elektrik ve Elektronik İhracatçıları Birliği
LABOTEK KİMYA SANAYİ DIŞ TİCARET ANONİM ŞİRKETİ;MİMAR SİNAN MAH.YEDPA TİCARET MERKEZİ NO.158 ATAŞEHİR İSTANBUL;(216) 7662660;http://www.labotekkimya.com;labotekkimya.com;TET - Elektrik ve Elektronik İhracatçıları Birliği
STAR ALÜMİNYUM PAZARLAMA SANAYİ VE TİCARET ANONİM ŞİRKETİ;İKİTELLİ OSB MH ENKOOP SAN SİT 2 SK NO:6 BAŞAKŞEHİR İSTANBUL;(212) 4444959;www.staraluminyum.com;staraluminyum.com;TET - Elektrik ve Elektronik İhracatçıları Birliği
TURAN COLLECTION DIŞ TİCARET METAL SANAYİİ VE TİC.LTD.ŞTİ;AKÇABURGAZ MAH. 3073 SOK. NO:3/1 ESENYURT İSTANBUL;(212) 8523568;www.trturancollection.com.tr;trturancollection.com.tr;TET - Elektrik ve Elektronik İhracatçıları Birliği
ONAN MAKİNA SAN. VE TİC. LTD.ŞTİ.;FERHATPAŞA MAH.G 11 SOK.NO:15/A ATAŞEHİR İSTANBUL;(216) 6601306;www.onanmakina.com;onanmakina.com;TET - Elektrik ve Elektronik İhracatçıları Birliği
ACATAY TEKSTİL MALZEMELERİ İÇ VE DIŞ TICARET LİMİTED ŞİRKETİ;PORTAKAL CICEGI SOK ANSERA ISMRK NO 17/74 ÇANKAYA ANKARA;03124423289;www.acatay.com;acatay.com;TET - Elektrik ve Elektronik İhracatçıları Birliği
AKAR KIRTASİYE SAN.VE TİC.LTD. ŞTİ;SABUNCU HAN NO.77 FATİH İSTANBUL;02125140641;www.arkakar.com.tr;arkakar.com.tr;TET - Elektrik ve Elektronik İhracatçıları Birliği
AYKOM İLETİŞİM TEKNOLOJİLERİ ANONİM ŞİRKETİ;ÖRNEK MAH. ŞEHİT CAHAR DUDAYEV CAD. 32/2 ATAŞEHİR İSTANBUL;(216) 3452288;www.aykom.com.tr;aykom.com.tr;TET - Elektrik ve Elektronik İhracatçıları Birliği
ERA ENDUSTRIYEL ROLE IMALAT SANAYI VE TICARET LTD.STI.;MALIYE CAD.ÇELEBI SOK. MUHENDISLER ISH.NO.1 K.1 BEYOĞLU İSTANBUL;02122494445;www.eraltd.eu;eraltd.eu;TET - Elektrik ve Elektronik İhracatçıları Birliği
PARS AR-GE BİLGİ TEKNOLOJİLERİ ELEKTRİK MÜHENDİSLİK DANIŞMANLIK HİZMETLERİ SANAYİ TİCARET LTD. ŞTİ.;YENİKÖY MERKEZ MAH.VATAN CAD. TEKNOPARK NO:83 BAŞİSKELE KOCAELİ;(262) 3191312;http://www.parstakograf.com;parstakograf.com;TET - Elektrik ve Elektronik İhracatçıları Birliği
PRİMO TEKNİK ISI VE SU SİSTEMLERİ SANAYİ TİCARET A.Ş.;SELAHADDİN EYYUBİ MAH. 1632 SK. NO:34/1 34517 ESENYURT İSTANBUL;(212) 6728086;www.primoteknik.com;primoteknik.com;TET - Elektrik ve Elektronik İhracatçıları Birliği
SOLMAZER DIŞ TİCARET VE MAKİNA SAN. LTD.ŞTİ.;MAHMUTBEY MH İSTOÇ 2425 SK 7 ADA NO:18-24 BAĞCILAR İSTANBUL;(212) 6590019;www.herevin.com;herevin.com;TET - Elektrik ve Elektronik İhracatçıları Birliği
BOYUT PLASTİK PROFİL VE FOLYO İMALATI SANAYİ TİCARET ANONİM ŞİRKETİ;ÖMERLİ MAH. AREFE SK 21-31 ARNAVUTKÖY İSTANBUL;(850) 4252546;www.boyutplastik.com.tr;boyutplastik.com.tr;TET - Elektrik ve Elektronik İhracatçıları Birliği
AYFAR OTOMOTİV SAN. VE TİC. A. Ş.;KINALI KAVŞAĞI ÇERKEZKÖY YOLAYRIMI SİLİVRİ İSTANBUL;02127465800;www.ayfar.com;ayfar.com;TET - Elektrik ve Elektronik İhracatçıları Birliği
2K KALIP VE ENJEKSİYON UYGULAMALARI ENDÜSTRİYEL TASARIM SANAYİ TİCARET LİMİTED ŞİRKET;ŞEYHLİ MAH. ESRA SK. ALDAĞ NO: 2 /1 İÇ KAPI NO: 2 PENDİK İSTANBUL;(216) 3940234;http://ikikkalip@gmail.com;ikikkalip@gmail.com;TET - Elektrik ve Elektronik İhracatçıları Birliği
EMKIM TIB.VE KIM.TEK.GID.INS. SAN.VE TIC.LTD.STI.;CUMHURIYET MH.FIRIN SK.NO.8/A ŞİŞLİ İSTANBUL;02122479296;www.emkimweb.com;emkimweb.com;TET - Elektrik ve Elektronik İhracatçıları Birliği
OMNİS KOMPOZİT SAN. VE TİC. LTD. ŞTİ.;ÇINARDERE MAH. AKSEKİ SOK. NO:2/A PENDİK İSTANBUL;(216) 3799220;www.omniskompozit.com;omniskompozit.com;TET - Elektrik ve Elektronik İhracatçıları Birliği
DENİZ SIZDRIMAZLIK CONTA SAN.LTD.ŞTİ.;ÜNSİYET SOKAK NO:6/1 AYDINTEPE 34947 TUZLA, İSTANBUL, TÜRKİYE TUZLA İSTANBUL;(216) 3132024;www.denizshipsupply.com;denizshipsupply.com;TET - Elektrik ve Elektronik İhracatçıları Birliği
BİZEDEYAP REKLAM ANONİM ŞİRKETİ;ESENYALI MAH. YANYOL CAD. VARYAP PLAZA NO: 61İÇ KAPI NO: 184 PENDİK İSTANBUL;(216) 5734497;http://www.bizedeyap.com;bizedeyap.com;TET - Elektrik ve Elektronik İhracatçıları Birliği
GİZEM REKLAM SANAYİ VE TİCARET LTD.ŞTİ.;İKİTELLİ ORG. SAN. BÖL. ÇEVRE SANAYİ SİTESİ 8. BLOK NO:13-14 BAŞAKŞEHİR İSTANBUL;(212) 4862587;www.gizemreklam.com;gizemreklam.com;TET - Elektrik ve Elektronik İhracatçıları Birliği
HAYAT PROKOMED KOZMETİK VE EĞİTİM LİMİTED ŞİRKETİ;AVNİ DİLLİGİL SOK NO 20 D:5/6 ŞİŞLİ İSTANBUL;(212) 2747077;http://www.hayatkozmetik.com.tr;hayatkozmetik.com.tr;TET - Elektrik ve Elektronik İhracatçıları Birliği
DOREMED MEDİKAL VE GÜZELLİK SAL CİH İTH İHR SAN VE TİC LTD ŞTİ;EMEK MAHALLESİ ORDU CADDESİ NO.55/57 KARANFİL PLAZA KAT 4 DAİRE 7 SANCAKTEPE İSTANBUL;(216) 0000000;www.doremed.com;doremed.com;TET - Elektrik ve Elektronik İhracatçıları Birliği
DESEN TEKNOLOJİK ÇÖZÜMLER MEDİKAL İTHALAT İHRACAT SANAYİ TİCARET LİMİTED ŞİRKETİ;EMEK MAHALLESİ BOSNA HERSEK CAD. NO:8 İÇ KAPI NO:1 PK:06490 ÇANKAYA ANKARA;(312) 2150090;www.desenmedikal.com;desenmedikal.com;TET - Elektrik ve Elektronik İhracatçıları Birliği
KOÇEL DIŞ TİCARET VE PAZARLAMA LTD.ŞTİ.;MAHMUTBEY MH İSTOÇ TİCARET MERKEZİ 2436 SK NO:1 BAĞCILAR İSTANBUL;(212) 4453530;www.kocel.com.tr;kocel.com.tr;TET - Elektrik ve Elektronik İhracatçıları Birliği
SEM ISI VE PLASTİK GIDA TURİZM DAYANIKLI TÜKETİM İTHALAT İHRACAT SANAYİ TİCARET ANONİM ŞİRKETİ;1. ORGANIZE SANAYI BOLG.41.CD.NO:20 MELİKGAZİ KAYSERİ;03523220491;www.semheater.com;semheater.com;TET - Elektrik ve Elektronik İhracatçıları Birliği
PASHA GROUP İTHALAT İHRACAT LİMİTED ŞİRKETİ;MAHMUTBEY MH İSTOÇ TİC MERKEZİ 1 ADA NO:154ZİYA GÖKALP MH HÜRRİYET BULV NO:99/2 BAŞAKŞEHİR İST BAĞCILAR İSTANBUL;(212) 6593432;www.ymp.com.tr;ymp.com.tr;TET - Elektrik ve Elektronik İhracatçıları Birliği
İNERT KİMYA SAN. VE TİC. LTD. ŞTİ.;FATİH MAH.9008SOK.N:119-9M AKYAZI SAKARYA;(264) 4181867;www.inertkimya.com;inertkimya.com;TET - Elektrik ve Elektronik İhracatçıları Birliği
GASGRUP ENERJİ SİSTEMLERİ İNŞAAT TAAHHÜT SANAYİ VE TİCARET ANONİM ŞİRKETİ;CUMHURİYET MAH. NAZ SOK. NO:12/4 KARTAL İSTANBUL;(216) 4155765;www.gasgrup.com;gasgrup.com;TET - Elektrik ve Elektronik İhracatçıları Birliği
DETAY GLOBAL YAPI ANONİM ŞİRKETİ;BARBAROS MAH.AK ZAMBAK SK.UPHILL TOWERS 3A 155 ATAŞEHİR İSTANBUL;;www.dg-ec.com;dg-ec.com;TET - Elektrik ve Elektronik İhracatçıları Birliği
DUZEY MIM MUH.INS.VE MAK.SAN.TIC.LTD.ŞTI.;BURHANİYE MAH. ABDULLAHAĞA CAD. NO.33 KAT.1 BEYLERBEYİ İŞ MERKEZİ ÜSKÜDAR İSTANBUL;(216) 4012222;www.duzeyfuar.com;duzeyfuar.com;TET - Elektrik ve Elektronik İhracatçıları Birliği
EVREN PLASTİK VE MELAMİN SANAYİ DIŞ TİCARET LİMİTED ŞİRKETİ;BAĞLAR MH. OSMANPAŞA CD. NO:53 GÜNEŞLİ BAĞCILAR İSTANBUL;(212) 5504655;www.evrenplastik.comtr;evrenplastik.comtr;TET - Elektrik ve Elektronik İhracatçıları Birliği
COMFORTEX ALÜMİNYUM CAM SANAYİ VE DIŞ TİCARET LİMİTED ŞİRKETİ;GÖKTÜRK MERKEZ MH 1 BEGONYA SK ARCADUM LİFE 3 KAT:1/1 EYÜP İSTANBUL;(212) 0000000;www.comfortex.com.tr;comfortex.com.tr;TET - Elektrik ve Elektronik İhracatçıları Birliği
ALKONEKS ALÜMİNYUM EKSTRÜZYON SİSTEMLERİ SANAYİ VE TİCARET LİMİTED ŞİRKETİ;VELİKÖY OSB MAH.2.CAD.NO:2-4F/2 ÇERKEZKÖY TEKİRDAĞ;(282) 7461561;www.alkoneks.com;alkoneks.com;TET - Elektrik ve Elektronik İhracatçıları Birliği
UVTEK MÜHENDİSLİK MAKİNE KİMYA SANAYİ TİCARET ANONİM ŞİRKET;D.O.S.B. DORDUNCU KISIM D 4015SOK ESA KIM 6 GEBZE KOCAELİ;02627249514;www.uv-tek.net;uv-tek.net;TET - Elektrik ve Elektronik İhracatçıları Birliği
VELİOĞLU CAM PVC VE ALÜMİNYUM DOĞRAMA İTH.İHR.SAN.TİC.LTD.ŞTİ;MEHMET AKİF ERSOY MAH.HASİPPAŞA CAD.NO:77/B ÜSKÜDAR İSTANBUL;(216) 5577080;www.velioglucambalkon.com;velioglucambalkon.com;TET - Elektrik ve Elektronik İhracatçıları Birliği
SBT KİMYA SANAYİ VE TİCARET ANONİM ŞİRKETİ;SARAY MAH. 3. CAD. NO:72 KAHRAMANKAZAN PK:06980 KAHRAMANKAZAN ANKARA;(312) 8151164;www.sbtkimya.com;sbtkimya.com;TET - Elektrik ve Elektronik İhracatçıları Birliği
ÖZDEMİR KARDEŞLER MUTFAK EŞYALARI SANAYİ VE TİCARET LİMİTED ŞİRKETİ;FUATPAŞA CD NO:21 BAKIRCILARBEYAZIT FATİH İSTANBUL;02125228031;www.ozdemirkardesler.com.tr;ozdemirkardesler.com.tr;TET - Elektrik ve Elektronik İhracatçıları Birliği
MENZİR MADENİ EŞYA PLASTİK TEKSTİL GIDA SANAYİ VE TİCARET LİMİTED ŞİRKETİ;MAHMUTBEY MH İSTOÇ TİCARET MERKEZİ 11 ADA NO:168 BAĞCILAR İSTANBUL;(212) 6590265;www.menzir.com.tr;menzir.com.tr;TET - Elektrik ve Elektronik İhracatçıları Birliği
BRS POWER ELEKTRİK ELEKTRONİK TİCARET LİMİTED ŞİRKETİ;PINAR MAH. 1222. SK. NO: 58 İÇ KAPI NO: 1 ESENYURT İSTANBUL;;https://www.brspower.com/tr;brspower.com;TET - Elektrik ve Elektronik İhracatçıları Birliği
SARA HIRDAVAT SANAYİ VE TİCARET LİMİTED ŞİRKETİ;MAHMUTBEY MAH. 2449. SK. NO: 38 BAĞCILAR İSTANBUL;(212) 4704747;http://www.sarahirdavat.com.tr;sarahirdavat.com.tr;TET - Elektrik ve Elektronik İhracatçıları Birliği
ERTEKİN KİMYA İÇ VE DIŞ TİC. LTD.ŞTİ.;İ.O.S.BÖLGESİ ESKOOP SAN.SİT.C6 BLOK NO:312İKİTELLİ BAŞAKŞEHİR İSTANBUL;(212) 5721232;www.ertekinkimya.com;ertekinkimya.com;TET - Elektrik ve Elektronik İhracatçıları Birliği
ENSARLAR GIDA UNLU MAMÜLLERİ TEMİZLİK TEKSTİL OTOMOTİV MOBİLYA İNŞAAT SANAYİ TİCARET LİMİTED ŞİRKETİ;YEŞİLKENT MAH. 2011 SK. MEKHAS APT. NO: 5/1 ESENYURT ESENYURT İSTANBUL;;http://www.ensarlargida.com;ensarlargida.com;TET - Elektrik ve Elektronik İhracatçıları Birliği
AKSAPEN ITH.IHR.TUR.INS.DAN. SAN.TIC.LTD.STI.;SARAYKENT SANAYİ SİT. 53. SOK. NO: 9 KAHRAMANKAZAN ANKARA;(312) 3951768;www.aksapen.com;aksapen.com;TET - Elektrik ve Elektronik İhracatçıları Birliği
RADİX PHARMA İLAÇ KOZMETİK MEDİKAL VE ITRİYAT ÜRETİM DANIŞMANLIK HİZMETİ SANAYİ TİCARET LTD.ŞTİ.;YAVUZ KANAT SOKAK NO: 34 YENİMAHALLE ANKARA;;http://www.radixpharma.com.tr;radixpharma.com.tr;TET - Elektrik ve Elektronik İhracatçıları Birliği
SELDA ELEKTRIK URUN.SAN.VE TIC LTD.STI.;BEREKETZADE MAH. ŞAİR ZİYA PAŞA CAD. ŞİMŞİR SOK. NO:3 KARAKÖY BEYOĞLU İSTANBUL;02122922960;www.selda.com.tr;selda.com.tr;TET - Elektrik ve Elektronik İhracatçıları Birliği
TEMPO ISITMA VE KLIMA SAN.VE T IC.LTD.STI.;YENI MH.YANIKSES SK.5/A BAKIRKÖY İSTANBUL;02125707688;www.tempo.biz.tr;tempo.biz.tr;TET - Elektrik ve Elektronik İhracatçıları Birliği
SULTANA MADENC. TEKS. VE DEK. HIZM.IÇ VE DIŞ SAN.TIC.LTD.ŞTI;KARAYOLLARI MAH. GALERİ CAD NO:21/ACIVAN IS HANI NO:14-3 K:3 GAZİOSMANPAŞA İSTANBUL;(212) 5126063;www.aydinlamp.com;aydinlamp.com;TET - Elektrik ve Elektronik İhracatçıları Birliği
MUSTAFA OĞUZ;2842 SOK.NO:25-27 URLA İZMİR;02324337479;www.oguzmarine.com.tr;oguzmarine.com.tr;TET - Elektrik ve Elektronik İhracatçıları Birliği
OMİNSAAT YAPI SANAYİ VE TİCARET LİMİTED ŞİRKETİ;ŞİRİNTEPE MH AÇELYA SK NO:15 KAĞITHANE İSTANBUL;(212) 3240662;www.ominsaat.net;ominsaat.net;TET - Elektrik ve Elektronik İhracatçıları Birliği
ELİŞİ DEKOR AVİZE VE HEDİYELİK EŞYA İML.AL.SAT.İTH.VE İTH.İHR.LTD.ŞTİ.;KAPALIÇARŞI ORTA KAZASLAR SOK. NO.25 FATİH İSTANBUL;(212) 5123784;www.handicraftlamps.com;handicraftlamps.com;TET - Elektrik ve Elektronik İhracatçıları Birliği
EKSMEN MAK. SAN. VE TİC. LTD. ŞTİ.;EYUP SULTAN M.IMAM HATIP CADNO.15 KARTAL İSTANBUL;02165614747;www.eksmen.com;eksmen.com;TET - Elektrik ve Elektronik İhracatçıları Birliği
CAMBRO ÖZAY PLASTIK SAN.VE TIC A.Ş.;GEBZE PLASTIKÇILER ORG.SN.BÖL.12.CAD.111.SOKAK GEBZE KOCAELİ;02627512940;www.ozaytray.com;ozaytray.com;TET - Elektrik ve Elektronik İhracatçıları Birliği
BOSFOR ENDÜSTRİYEL MUTFAK MAKİNALARI SANAYİ VE TİCARET LİMİTED ŞİRKETİ;OSMANGAZİ MAH. 3142 SOK. NO. 3/1 KIRAÇ 34522 KIRAÇ ESENYURT İSTANBUL;(212) 4811974;www.bosformakina.com;bosformakina.com;TET - Elektrik ve Elektronik İhracatçıları Birliği
ALTINİŞ ÇELİK EŞYA SAN. VE TİC. LTD.ŞTİ.;COBANÇEŞME MAH.GÜNEŞLI SK.NO 5 İSTANBUL;02125511839;www.altinis.com;altinis.com;TET - Elektrik ve Elektronik İhracatçıları Birliği
ALBOND ALÜMİNYUM SANAYİ VE TİCARET ANONİM ŞİRKETİ;AYAZAĞA MH. MİMAR SİNAN SK. DBL. NO:15 AYAZAĞA 34217 SARIYER İSTANBUL;(282) 6611010;www.albond.com.tr;albond.com.tr;TET - Elektrik ve Elektronik İhracatçıları Birliği
KLAVUZ METAL MAKİNE İNŞ SAN TİC LTD ŞTİ;FATİH MH KILIÇARSLAN CD NO:103 SANCAKTEPE İSTANBUL;(216) 3295589;www.klavuzmetal.com;klavuzmetal.com;TET - Elektrik ve Elektronik İhracatçıları Birliği
LABORA YAT İMALAT BAKIM ONARIM SANAYİ VE TİCARET LİMİTED ŞİRKETİ;İÇERENKÖY MAHALLESİ ÇETİNKAYA SOKAKTALHA APARTMANI NO:24/8 ATAŞEHİR İSTANBUL;(216) 5771818;https://labora.com.tr/tr/iletisim.html;labora.com.tr;TET - Elektrik ve Elektronik İhracatçıları Birliği
MİNARYA YAPI TURİZM VE DIŞ TİCARET LİMİTED ŞİRKETİ;CENNET MAH. ALPASLAN CD. NO:15 D:11 KÜÇÜKÇEKMECE İSTANBUL;(212) 4264680;www.minarya.com.tr;minarya.com.tr;TET - Elektrik ve Elektronik İhracatçıları Birliği
VARİMED DIŞ TİC. LTD. ŞTİ.;TERAZİDERE MAH. DAVUTPAŞA, ÇİFTEHAVUZLAR CAD.NO:28-30/4 ALTINTEPSİ BAYRAMPAŞA İSTANBUL;(212) 4930235;www.varimed.com.tr;varimed.com.tr;TET - Elektrik ve Elektronik İhracatçıları Birliği
VARTEKS TEKS.MAK.SAN.VE TİC.LT D.ŞTİ.;CIFTEHAVUZLAR C.NO:13 BAYRAMPAŞA İSTANBUL;02125675944;www.varteks.net;varteks.net;TET - Elektrik ve Elektronik İhracatçıları Birliği
SAYGINLAR TARIM MAKİNALARI OTOM. İNŞ. MALZ. GIDA SAN. VE TİC. LTD. ŞTİ.;YEŞİLYURT MH. NO:89/A AFYONKARAHİSAR AFYON;(272) 2293723;www.sayginlarmakina.com;sayginlarmakina.com;TET - Elektrik ve Elektronik İhracatçıları Birliği
HATİCE SARUHAN;TURGUT ÖZAL MAH. 2301 SK. AKÇE 3 EVLERI NO: 5 IÇ KAPI NO: 32 YENIMAHALLE YENİMAHALLE ANKARA;(312) 0000000;https://www.ostimenerji.com/;ostimenerji.com;TET - Elektrik ve Elektronik İhracatçıları Birliği
DOKTOR MEDIKAL ITH.IHR.SAN.VE TIC.LTD.STI.;DR.ALI NIHAT TARLAN CD.NO:81/5 KADIKÖY İSTANBUL;02163806806;www.drmedikal.com.tr;drmedikal.com.tr;TET - Elektrik ve Elektronik İhracatçıları Birliği
DST GÜÇ SİSTEMLERİ BİLGİSAYAR VE ELEKTRONİK SAN.TİC.LTD.ŞTİ;HALİL RIFAT PAŞA MAH. YÜZER HAVUZ SK. NO 1/1 PERPA TİC. MRK. B BLOK KAT 11 İÇ KAPI NO 1712 ŞİŞLİ İSTANBUL;(212) 2220021;www.dstgucsistemleri.com.tr;dstgucsistemleri.com.tr;TET - Elektrik ve Elektronik İhracatçıları Birliği
AKPAİNOKS MUTFAK GEREÇLERİ ENDÜSTRİ SANAYİ ANONİM ŞİRKETİ;MAHMUTBEY MH İSTOÇ 4 ADA 2420 SK NO:150-152 BAĞCILAR İSTANBUL;(212) 6593655;www.akpapazarlama.com;akpapazarlama.com;TET - Elektrik ve Elektronik İhracatçıları Birliği
BEST HORECA ENDÜSTRİYEL MUTFAK VE OTEL EKİPMANLARI SANAYİ TİCARET LİMİTED ŞİRKETİ;MAHMUTBEY MAH. 2421. SK. NO: 52 BAĞCILAR İSTANBUL;(212) 2453333;http://besthoreca.com;besthoreca.com;TET - Elektrik ve Elektronik İhracatçıları Birliği
CANNON IST.MAK.TIC.A.S.;KABATAS INEBOLU CD.KAPATASAP.NO.11 D.7 BEYOĞLU İSTANBUL;;www.cannonistanbul.com;cannonistanbul.com;TET - Elektrik ve Elektronik İhracatçıları Birliği
USL GROUP SAUNA HAMAM İMALATI SANAYİ VE TİCARET LİMİTED ŞİRKETİ;GÖZTEPE MAH. 2383. SK. NO:6 A BAĞCILAR İSTANBUL;(212) 0000000;https://uslgroupspa.com/;uslgroupspa.com;TET - Elektrik ve Elektronik İhracatçıları Birliği
MIM IC MIM. PROJE UYG. ITH. IHR. SAN.VE TIC.LTD.STI.;KALIPCI S.UZAL APT.NO:152/7 ŞİŞLİ İSTANBUL;02122331066;www.mimdesign.com;mimdesign.com;TET - Elektrik ve Elektronik İhracatçıları Birliği
TÜMOSAN MOTOR VE TRAKTÖR SAN.A.Ş.;MALTEPE MAHALLESİ LONDRA ASFALTI CAD. NO:28/1 ZEYTİNBURNU İSTANBUL;(212) 4681940;www.tumosan.com.tr;tumosan.com.tr;TET - Elektrik ve Elektronik İhracatçıları Birliği
TRANSMER İÇ VE DIŞ TİC. LTD. ŞTİ.;ETİLER MAH. TEPECİK YOLU EDİNCİK SOK. NO:1 D:10 BEŞİKTAŞ İSTANBUL;(212) 3511944;www.transmer.com.tr;transmer.com.tr;TET - Elektrik ve Elektronik İhracatçıları Birliği
SPUTEK YENİLENEBİLİR ENERJİ TEKNOLOJİLERİ BİLŞ. AR-GE VE İNŞ. SAN. TİC A.Ş.;İVEDİK OSB MAH. 2224. CD. NO:1 B BLOK 116 YENİMAHALLE ANKARA;(312) 9111173;http://www.sputek.com;sputek.com;TET - Elektrik ve Elektronik İhracatçıları Birliği
SR KOZMETİK İNŞ.OTO.GIDA VE DAY.TÜK.MAL.İTH.İHR.SAN.VE TİC.LTD.ŞTİ.;SEPETLİPINAR MAH.ARPALIK CD.NO:118 BLOKNO:22/22 BAŞİSKELE KOCAELİ;(262) 5020909;www.royalparfume.com;royalparfume.com;TET - Elektrik ve Elektronik İhracatçıları Birliği
SEM TRANSFORMATOR A.S.;SEDAT SIMAVI SOK.22/7 ÇANKAYA ANKARA;(312) 4403745;www.semtransformator.com;semtransformator.com;TET - Elektrik ve Elektronik İhracatçıları Birliği
KAPSAM TEKNOLOJİ İÇ VE DIŞ TİC.LTD.ŞTİ.;NECİP FAZIL MAH. ALEMDAĞ CAD. BARİ SOK. NO:1/3 ZEYTİNOĞLU PLAZA K.2 D.5 ÜMRANİYE İSTANBUL;(216) 5401707;www.kapsamteknoloji.com;kapsamteknoloji.com;TET - Elektrik ve Elektronik İhracatçıları Birliği
KOYUNCU TİCARET A.Ş.;ESENKENT MAH. NASRETTİN HOCA CAD NO 11 D 1 ÜMRANİYE İSTANBUL;(216) 4494205;www.koyuncutas.com;koyuncutas.com;TET - Elektrik ve Elektronik İhracatçıları Birliği
MAYDIN YAPI İNŞAAT ALÜMİNYUM SANAYİ VE TİCARET LİMİTED ŞİRKETİ;OSMAN YILMAZ MAH 626/1 SK BAHAR APT NO:2/1 GEBZE KOCAELİ;(262) 6446278;www.maydinyapi.com.tr;maydinyapi.com.tr;TET - Elektrik ve Elektronik İhracatçıları Birliği
BERLİNG DESİGN DIŞ TİC.İTH. VE İHRACAT LİMİTED ŞİRKETİ;ÇALI MAH. 2.(410) SK.METALCE NO:18 NİLÜFER BURSA;(224) 4529445;www.berlingdesign.com.tr;berlingdesign.com.tr;TET - Elektrik ve Elektronik İhracatçıları Birliği
ALLATİF GLOBAL DIŞ TİCARET LİMİTED ŞİRKETİ;ELMALIKENT MAH. MANDIRA CAD. E.KENT DEMİRAL SİTESİA7 BLOK 4 E/11 ÜMRANİYE İSTANBUL;(216) 0000000;http://www.allatifglobal.com;allatifglobal.com;TET - Elektrik ve Elektronik İhracatçıları Birliği
GÜVENİR ELK.MOB.TE.GI.SN.VE İŞ MK.OT.Y.PÇ.İNŞ.SN.İH.İT.LTD.ŞT;BUYUK HENDEK CAD.NO.43/52ERSOY PASAJI BEYOĞLU İSTANBUL;02122430902;www.guvenir.com;guvenir.com;TET - Elektrik ve Elektronik İhracatçıları Birliği
HİM KOZMETİK İLAÇ VE GIDA SAN. TİC. A.Ş.;AYDINEVLER MAH.PREVEZE SOK.N:8İÇ KAPI 1 MALTEPE İSTANBUL;(216) 3660201;www.fatihkozmetik.com.tr;fatihkozmetik.com.tr;TET - Elektrik ve Elektronik İhracatçıları Birliği
GLOBAL PARCEL LOJİSTİK DIŞ TİCARET LİMİTED ŞİRKETİ;HATİP MAHALLESİ AKASMA SOKAK VİA BEST 5 TİCARET MENO:A/5 ÇORLU TEKİRDAĞ;;http://www.gplojistik.com;gplojistik.com;TET - Elektrik ve Elektronik İhracatçıları Birliği
FRENOKS ENDÜSTRİYEL SOĞUTMA SAN. VE TİC. A.Ş.;RAMİ KIŞLA CAD. TOPÇULAR MAH. TİKVEŞLİ SK. NO:8 EYÜP İSTANBUL;(212) 5449883;www.frenox.com;frenox.com;TET - Elektrik ve Elektronik İhracatçıları Birliği
AEM AYDINLATMA SANAYİ VE TİCARET LİMİTED ŞİRKETİ;UĞUR MUMCU MAH. 2364. SK. NO: 25 F SULTANGAZİ İSTANBUL;(212) 4526363;https://aemaydinlatma.com.tr/policies/contact-information;aemaydinlatma.com.tr;TET - Elektrik ve Elektronik İhracatçıları Birliği
KTK MÜHENDİSLİK VE TİCARET ANONİM ŞİRKETİ;ESENTEPE MAHALLESİ BÜYÜKDERE CADDESİ LEVENT LOFT APT NO:201 DAİRE:56 POSTA KODU:34394 ŞİLE İSTANBUL;(212) 9651200;www.ktk.com.tr;ktk.com.tr;TET - Elektrik ve Elektronik İhracatçıları Birliği
REFİZ REFRAKTER VE İZOLASYON MONTAJ TEKSTİL DANIŞMANLIK HİZMETLERİ SANAYİ TİCARET LİMİTED ŞİRKETİ;EĞİTİM MAHALLESİ 1. AÇIKGÖZ SOKAK ATAK PLAZA NO:4/17 KADIKÖY İSTANBUL;(216) 3385581;www.refiz.com;refiz.com;TET - Elektrik ve Elektronik İhracatçıları Birliği
SELNİ MAKİNA DIŞ TİCARET LİMİTED ŞİRKETİ;İSTİKLAL MAH. ŞEHZADE CAD. 1 B ÜMRANİYE / İSTANBUL ATAKENT ÜMRANİYE İSTANBUL;(216) 5202166;www.selnimakina.com;selnimakina.com;TET - Elektrik ve Elektronik İhracatçıları Birliği
PASİFİK RAF TEŞHİR ELEMANLARI SAN. VE TİC. A.Ş.;İSTANBUL DERİ OSB MH.YB-11 ÖZEL PARSEL 10 TUZLA İSTANBUL;(216) 5048443;www.pasifikraf.com;pasifikraf.com;TET - Elektrik ve Elektronik İhracatçıları Birliği
AKA BİLİŞİM YAZILIM ARGE İNŞAAT TAAH. SAN. TİC. A.Ş.;ATAKENT MAH. BARIŞ SOKAK NO:20 ÜMRANİYE İSTANBUL;(216) 2100888;http://www.aka.com.tr;aka.com.tr;TET - Elektrik ve Elektronik İhracatçıları Birliği
AL SAT ALÜMİNYUM İNŞAAT DEKORASYON GIDA SAN. VE TİC.LTD.ŞTİ.;ESENŞEHİR MH KÜRKÇÜLER CD NO:39 ÜMRANİYE İSTANBUL;(216) 3653401;www.alsataluminyum.com.tr;alsataluminyum.com.tr;TET - Elektrik ve Elektronik İhracatçıları Birliği
ADM KİMYA İÇ VE DIŞ TİCARET LİMİTED ŞİRKETİ;MAHMUTBEY MAH. TAŞOCAĞI YOLU CAD. B BLOK AĞAOĞLU MY OFFICE NO: 3 İÇ KAPI NO: 230 BAĞCILAR/ İSTANBUL BAĞCILAR İSTANBUL;(212) 6525358;http://admkimya.com/;admkimya.com;TET - Elektrik ve Elektronik İhracatçıları Birliği
ARICILAR OYUNCAK HIRDAVAT KIRTASİYE BİSİKLET İÇ VE DIŞ TİCARET LİMİTED ŞİRKETİ;FINDIKLI EXPO 98 FU.3.ANTREPOA48 BEYOĞLU İSTANBUL;02122456038;www.aricilar.com.tr;aricilar.com.tr;TET - Elektrik ve Elektronik İhracatçıları Birliği
BULUTONUR TEDARİK İTHALAT İHRACAT SANAYİ VE TİCARET LİMİTED ŞİRKETİ;VEYSEL KARANİ MAHALLESİ KÖŞK CADDESİ 16. ÇEŞME SOKAK NO:2 OSMANGAZİ BURSA;(224) 2152182;www.bulutonurplastik.com.tr;bulutonurplastik.com.tr;TET - Elektrik ve Elektronik İhracatçıları Birliği
SUNSET PERGOLA DIŞ TİC.A.Ş.;KÜÇÜKBAKKALKÖY MH DUDULLU CD BRANDİUM R2 REZİDANS BLOK NO:23-25B/265 ATAŞEHİR İSTANBUL;(262) 5021565;www.sunsetpergola.eu;sunsetpergola.eu;TET - Elektrik ve Elektronik İhracatçıları Birliği
UNVERDI YAPI MALZEMELERI IML.ITH.IHR.TIC.LTD.STI.;U.MUMCU MH.2343 SK. K:4 D:1/2 GAZİOSMANPAŞA İSTANBUL;(212) 5911144;www.unverdifaucet.com;unverdifaucet.com;TET - Elektrik ve Elektronik İhracatçıları Birliği
MEDEK MEDIKAL ELEK.TIC.LTD.STI;TEKSTİKENT İŞMERKEZİ TURGUT REİS MAH.A7 BLOK NO:18 ESENLER İSTANBUL;(212) 4383079;www.medekltd.com;medekltd.com;TET - Elektrik ve Elektronik İhracatçıları Birliği
İNTERKOM ELEKTRONİK İTHALAT İHRACAT SAN. VE TİC. LTD. ŞTİ.;KARAKÖY KEMANKEŞ MAH. ERİŞTECİ SOK.ABED HAN. K:1 N:7/31-32 BEYOĞLU İSTANBUL;(212) 2498334;www.intercomelektronik.com;intercomelektronik.com;TET - Elektrik ve Elektronik İhracatçıları Birliği
ALUGEN ALÜMİNYUM SAN. VE TİCARET A.Ş.;KARACAAHMET MAH. AVRUPA SERBEST BÖLGESİ AVRASYA BULV. NO:38TULİPA VİLLALARI NO:3/92 ERGENE TEKİRDAĞ;(212) 8861787;www.alugen.com.tr;alugen.com.tr;TET - Elektrik ve Elektronik İhracatçıları Birliği
ALİBABA MÜCEVHERAT TAŞ SAN. VE TİC. LTD. ŞTİ.;SABUNCUHAN CAD. NO:24 EMİNÖNÜ/CAĞALOĞLU FATİH İSTANBUL;(212) 5199094;www.alibabadogaltas.com.tr;alibabadogaltas.com.tr;TET - Elektrik ve Elektronik İhracatçıları Birliği
GLT ÇELİK VE METAL SANAYİ VE TİCARET LİMİTED ŞİRKETİ;TOPÇULAR MH FERHATPAŞA CD MUHSİN SARICI SAN SİT NO:8A EYÜP İSTANBUL;(212) 8924027;www.gltmetal.com;gltmetal.com;TET - Elektrik ve Elektronik İhracatçıları Birliği
HAYIKAMA MAKİNA HALI YIKAMA İTH. İHR. SAN. VE TİC. LTD. ŞTİ.;MİNARELİ ÇAVUŞ MAH.NOSAB DOKUMACILAR SİT.106 SOK. NO:6 NİLÜFER BURSA;(224) 4110356;www.hayikama.com;hayikama.com;TET - Elektrik ve Elektronik İhracatçıları Birliği
BLUEPRİNT ARCHITECTURE SOLUTIONS MİMARLIK VE TASARIM TİCARET LİMİTED ŞİRKETİ;YAKUPLU MAH. DEREBOYU CAD. BEYSAN SANAYİ SİTESİ NO:15/5 BEYLİKDÜZÜ İSTANBUL;;www.arkhemimarlik.com;arkhemimarlik.com;TET - Elektrik ve Elektronik İhracatçıları Birliği
PRESTİJ ENDÜSTRİ MAMÜLLERİ TİC. A.Ş.;KAYNARCA MAH. AYDINLI CAD. ÜLVİ SOK. NO:10/1-2 PENDİK İSTANBUL;(216) 3548790;www.prestijend.com;prestijend.com;TET - Elektrik ve Elektronik İhracatçıları Birliği
MANİFAKTÜRE MÜMESİLLİK MÜHENDİSLİK VE TİCARET ANONİM ŞİRKETİ;GÜRSEL MAHALLESİ 23 NİSAN CAD. NO:22 İÇ KAPI NO:11 KAĞITHANE İSTANBUL;(212) 3616879;http://www.manifakture.com/;manifakture.com;TET - Elektrik ve Elektronik İhracatçıları Birliği
MİM PROJE HAFRİYAT İNŞAAT TAAHHÜT MÜHENDİSLİK NAKLİYAT SANAYİ VE TİCARET ANONİM ŞİRKETİ;CUMHURİYET MAH. BÜLENT ECEVİT CADDESİ NO:15/25 ÇAN ÇANAKKALE;(286) 2170330;http://www.miminsaat.com;miminsaat.com;TET - Elektrik ve Elektronik İhracatçıları Birliği
YILDIZ KARO SAN. TİC. LTD. ŞTİ.;TOPKAPI MAH.KAYNATA SOK.N:7 FATİH İSTANBUL;(212) 5349044;www.yildizkaro.com;yildizkaro.com;TET - Elektrik ve Elektronik İhracatçıları Birliği
SANCAK PLASTİK TURİZM SANAYİ VE TİCARET LİMİTED ŞİRKETİ;BEYŞEHİR O.S.B. BAYAVŞAR MAH.41959 SOK. NO:22 BEYŞEHİR KONYA;(332) 5129600;www.sancakplastik.com;sancakplastik.com;TET - Elektrik ve Elektronik İhracatçıları Birliği
SALİH KARAAL;MERKEZ MAH. HAKİMİYET CAD. 122 SOK. NO:14/A-B YAKUPLU BEYLİKDÜZÜ İSTANBUL;(212) 8790774;www.hanel.com.tr;hanel.com.tr;TET - Elektrik ve Elektronik İhracatçıları Birliği
SUDE İÇ VE DIŞ TİC. LTD. ŞTİ.;MAHMUTBEY MAH. İSTOÇ 1.ADA NO:28/32 MAHMUTBEY BAĞCILAR İSTANBUL;(212) 6595061;www.themia.com.tr;themia.com.tr;TET - Elektrik ve Elektronik İhracatçıları Birliği
NALCO ANADOLU KİMYA SAN. VE TİC. LTD. ŞTİ.;YUKARIDUDULLU MH.TÜRKERCD.BURHAN SK.NO:23 K:3 ÜMRANİYE İSTANBUL;02165743464;www.nalco.com;nalco.com;TET - Elektrik ve Elektronik İhracatçıları Birliği
GEMAK HIRDAVAT ENDÜSOT.SİS.VE MAL.İNŞ.TUMAK.SAN.VE TİC.LTD.ŞTİ.;GÜZEELLER MAHALLESİ İBRAHİMAĞA CD NO: 148 GEBZE KOCAELİ;(262) 6443838;www.gemakhirdavat.com;gemakhirdavat.com;TET - Elektrik ve Elektronik İhracatçıları Birliği
GE-Tİ İNŞAAT VE SANAYİ MALZEMELERİ LİMİTED ŞİRKETİ;FERHATPAŞA MH 34.SK NO:19/23 ATAŞEHİR İSTANBUL;(212) 4715661;www.ge-ti.com;ge-ti.com;TET - Elektrik ve Elektronik İhracatçıları Birliği
BİRDATA TEKNOLOJİ ÇÖZÜMLERİ ANONİM ŞİRKETİ;KUSTEPE MAH. LEYLAK 1 SK. NO: 3 IÇ KAPI NO: 5 ŞİŞLİ İSTANBUL;(212) 3583414;http://www.birdata.com;birdata.com;TET - Elektrik ve Elektronik İhracatçıları Birliği
AGON MEKANİK YAPI TESİSAT MALZEMELERİ VE SANAYİ TİCARET ANONİM ŞİRKETİ;SAHRAYICEDİT MAH. DERE SK.BÜŞRA APT NO:5 A KADIKÖY İSTANBUL;(216) 3562900;www.agonmekanik.com;agonmekanik.com;TET - Elektrik ve Elektronik İhracatçıları Birliği
KARACA PLASTIK SANAYİ VE TICARET ANONİM ŞİRKETİ;CUMHURİYET MAH. İSMET İNÖNÜ CAD. 12 SOK. NO.33 ŞEKERPINAR - KOCAELİ EYÜP İSTANBUL;(262) 6582495;www.karacaplastik.com;karacaplastik.com;TET - Elektrik ve Elektronik İhracatçıları Birliği
KOSDAG ZIMPARA SAN.VE TIC.LTD. STI.;YENIDOĞAN MAH.NUMUNEBAĞ CAD.NO.92/B BAYRAMPAŞA İSTANBUL;02125762385;www.kosdag.com.tr;kosdag.com.tr;TET - Elektrik ve Elektronik İhracatçıları Birliği
KAYIKÇI ULUSLARARASI NAKLİYAT TİCARET VE SANAYİ LİMİTED ŞİRKETİ;FATIH MH.910 SK.NO 93 ESENYURT İSTANBUL;02125963172;www.kayikcinakliyat.com;kayikcinakliyat.com;TET - Elektrik ve Elektronik İhracatçıları Birliği
SAMET KALIP VE MADENI ESYA SAN VE TIC.A.S.;ATATÜRK MH ADNAN MENDERES CD NO:8-13 KIRAÇ ESENYURT İSTANBUL;(212) 8867523;www.samet.com.tr;samet.com.tr;TET - Elektrik ve Elektronik İhracatçıları Birliği
PİLOT TAŞIT KOLTUKLARI SANAYİ VE TİCARET A.Ş.;ORG.SAN.BOLG.113.S.NO:3 NİLÜFER BURSA;02244110284;www.pilot.com.tr;pilot.com.tr;TET - Elektrik ve Elektronik İhracatçıları Birliği
ADOLIN BOYA KIMYA SAN.TIC. LTD.STI.;FEVZİPAŞA MAH. ERDOĞAN SOKAK.NO:15/A SİLİVRİ İSTANBUL;(212) 7353824;www.adolin.com;adolin.com;TET - Elektrik ve Elektronik İhracatçıları Birliği
CAMSAN DAYANIKLI TÜKETİM MALLARI ZÜCCACİYE ÇEYİZ İNŞAAT TİCARET VE SANAYİ LİMİTED ŞİRKETİ;KEMALPAŞA MAH. 7098/2 SOKAK NO:89 PINARBAŞI BORNOVA İZMİR;(232) 4784949;www.bari.com.tr;bari.com.tr;TET - Elektrik ve Elektronik İhracatçıları Birliği
ARES GLOBAL TEKNOLOJİK ÜRÜNLER SANAYİ VE TİCARET LİMİTED ŞİRKETİ;KAVAKLIDERE MAH.BİNEKTAŞI SOK.NO: 19 A ÇANKAYA ANKARA;(312) 0000000;https://www.arestekno.com/;arestekno.com;TET - Elektrik ve Elektronik İhracatçıları Birliği
PNG KOZMETİK ÜRÜNLERİ PAZ. VE DAĞITIM SAN. TİC. LTD. ŞTİ.;İKİTELLİ OSB MAH. MUTFAKÇILAR M3 BLOK SK. NO:26 BAŞAKŞEHİR İSTANBUL;(212) 6150406;http://pngkozmetik.com/tr/;pngkozmetik.com;TET - Elektrik ve Elektronik İhracatçıları Birliği
İNTER-PLAST PLASTİK DOĞRAMA AKSESUAR SANAYİ VE TİCARET ANONİM ŞİRKETİ;EDİRNE ORG.SAN.BÖLG.3 CD NO:8 SÜLEOĞLU(SÜLOĞLU) EDİRNE;(284) 4861075;www.inter-plast.com.tr;inter-plast.com.tr;TET - Elektrik ve Elektronik İhracatçıları Birliği
3BFAB TEKNOLOJİ ANONİM SIRKETI;IHLAMURKUYU MAH. ÇANAKKALE CAD. NO:5 KAT:3 ÜMRANİYE İSTANBUL;(216) 6120094;www.3bfab.com;3bfab.com;TET - Elektrik ve Elektronik İhracatçıları Birliği
DEKA AYDINLATMA VE OTOMASYON SİSTEMLERİ SAN.TİC.LTD.ŞTİ.;ORHAN GAZİ MH.3.YOL SK.ISISO SANAYİ SİTESİ D BLOK NO:16 ESENYURT İSTANBUL;(212) 5765658;www.dekaled.com;dekaled.com;TET - Elektrik ve Elektronik İhracatçıları Birliği
GESAN GEMİ ELEKTRİK SANAYİ VE TİCARET LİMİTED ŞİRKETİ;EVLİYA ÇELEBİ MAH. GENÇ OSMAN CAD. NO:30/1 PK:34944 TUZLA/İSTANBUL TUZLA İSTANBUL;(216) 3950006;www.gesanelektrik.com.tr;gesanelektrik.com.tr;TET - Elektrik ve Elektronik İhracatçıları Birliği
KOCAKONAK YAPI ZEMİN SİSTEMLERİ MADEN İNŞAAT SANAYİ VE TİCARET LİMİTED ŞİRKETİ;DOĞANLAR MAH. OKUL SK. NO:6 BORNOVA İZMİR;(232) 3747808;http://www.kocakonakyapi.com;kocakonakyapi.com;TET - Elektrik ve Elektronik İhracatçıları Birliği
MAXXMORA İNŞAAT PROJE DANIŞMANLIK SAN. TİC. AŞ;ATATÜRK MH. ADNAN MENDERES CD. NO:15/93 ESENYURT İSTANBUL;(212) 8713433;www.maxxmora.com;maxxmora.com;TET - Elektrik ve Elektronik İhracatçıları Birliği
PAKDUŞ DUŞ VE KÜVET KABİNLERİ SAN. TİC. LTD. ŞTİ.;YUNUS EMRE MH.BAĞDAT CD.NO:6 SANCAKTEPE İSTANBUL;(216) 4840584;www.pak-dus.com;pak-dus.com;TET - Elektrik ve Elektronik İhracatçıları Birliği
MUSTAFA ŞAHİN;FERHATPAŞA MAH.KARADENİZLİLER CD.NO:115/4 FERHATPAŞA ATAŞEHİR İSTANBUL;(216) 6616975;www.bedora.com.tr;bedora.com.tr;TET - Elektrik ve Elektronik İhracatçıları Birliği
MTL MAKİNA VE KALIP SANAYİ TİCARET LTD.ŞTİ.;KAVAKLI MAH. SİLİVRİ CAD. NO: 68 /C SİLİVRİ İSTANBUL;(212) 6690114;www.mtlmakina.com.tr;mtlmakina.com.tr;TET - Elektrik ve Elektronik İhracatçıları Birliği
PİSSARDE KOZMETİK SANAYİ VE TİCARET ANONİM ŞİRKETİ;İKİTELLİ OSB MUTFAKÇILAR M6 BL N.12 PK:34306 BAŞAKŞEHİR/İSTANBUL BAŞAKŞEHİR İSTANBUL;(212) 4860831;https://lelas.com.tr/tr/;lelas.com.tr;TET - Elektrik ve Elektronik İhracatçıları Birliği
PETSER MAKİNE SAN. VE TİC. LTD. ŞTİ.;İ.O.S.B.MAH.ATATÜRK OTO SAN.SİT.SOK.166 MERKEZ KÖYÜ/MERKEZ BUCAĞI İKİTELLİ BAŞAKŞEHİR İSTANBUL;(212) 4852165;www.petsermakine.com;petsermakine.com;TET - Elektrik ve Elektronik İhracatçıları Birliği
USSU MÜHENDİSLİK ARITMA VE MAK. TİC. SAN. LTD. ŞTİ.;DİYAR SOK. NO:30-32 İÇ KAPI NO:6 GÜNGÖREN MAH 34778 ÇEKMEKÖY, İSTANBUL, TÜRKİYE ÇEKMEKÖY İSTANBUL;(216) 3656032;www.ussumuhendislik.com;ussumuhendislik.com;TET - Elektrik ve Elektronik İhracatçıları Birliği
ÜÇEF ENDÜSTRİYEL MUTFAK SANAYİ İTHALAT VE İHRACAT LİMİTED ŞİRKETİ;OSMANGAZİ MAH. İREM SOK. NO:12/1 ESENYURT İSTANBUL;(212) 5297109;http://etnasteel.com/;etnasteel.com;TET - Elektrik ve Elektronik İhracatçıları Birliği
SU ECZA DEPOSU SAGLIK HIZMET ITHALAT IHRACAT LIMITED ŞIRKETI;ORUÇREIS MAH. GIYIMKENT 6. SK GIYIMKENT B65 NO: 46 A ESENLER/ ISTANBUL PK:34235 ESENLER İSTANBUL;(212) 9799870;sueczadeposu.com;sueczadeposu.com;TET - Elektrik ve Elektronik İhracatçıları Birliği
FILIZ KOZMETIK PAZARLAMA IMALAT SANAYİ VE TICARET LİMİTED ŞİRKETİ;MAHMUTBEY MH 2445 SK 25 ADA NO:174-176 BAĞCILAR İSTANBUL;(212) 0000000;www.filizkozmetik.com;filizkozmetik.com;TET - Elektrik ve Elektronik İhracatçıları Birliği
MIURA TURKEY ISITMA SİSTEMLERİ SANAYİ LİMİTED ŞİRKETİ;FULYA MAH.BÜYÜKDERE CAD. HUKUKÇULAR SİTESİ, NO:24 KAT:3 D:27 ŞİŞLİ İSTANBUL;(212) 2176088;http://www.miura.com.tr/;miura.com.tr;TET - Elektrik ve Elektronik İhracatçıları Birliği
STAR TEKNİK MAKİNE DIŞ TİCARET LİMİTED ŞİRKETİ;19 MAYIS MH. NUTUK CD NO:10/4 BÜYÜKÇEKMECE İSTANBUL;(212) 8837254;www.startekmak.com;startekmak.com;TET - Elektrik ve Elektronik İhracatçıları Birliği
IGE ELECTRONIC LTD.STI.;CUMHURIYET CAD. AYARCIBASI SOK.NO.3 KAT.4 ÜSKÜDAR İSTANBUL;02165301100;www.ige.com.tr;ige.com.tr;TET - Elektrik ve Elektronik İhracatçıları Birliği
DOĞUŞ KALIP METAL VE FORM SAN. DIŞ. TİC. A.Ş.;MAHMUTBEY MAH. KARAOĞLANOĞLU CAD.NO:15/17 BAĞCILAR İSTANBUL;(212) 4800828;www.doguskalip.com.tr;doguskalip.com.tr;TET - Elektrik ve Elektronik İhracatçıları Birliği
AKSER PLASTİK DOĞRAMA AKSESUARI VE SAC PROFİL SANAYİ TİCARET LİMİTED ŞİRKETİ;KÜÇÜKYALI MERKEZ MH ER SK NO:9A MALTEPE İSTANBUL;(216) 3665652;www.akselpvc.com;akselpvc.com;TET - Elektrik ve Elektronik İhracatçıları Birliği
BAGLAN BILGISAYAR VE ILETISIM SISTEMLERI LTD.STI.;CAMLIK YOLU SOK. UGURLU APT.NO:4 / 7 BEŞİKTAŞ İSTANBUL;02123585909;www.baglan.com.tr;baglan.com.tr;TET - Elektrik ve Elektronik İhracatçıları Birliği
TİMERK DIŞ TİC.LTD.ŞTİ.;ORTAKÖY MAH. MALİKLER SOK.NO.10 SELİMPAŞA SİLİVRİ İSTANBUL;(212) 7343750;www.cottonclubtr.com;cottonclubtr.com;TET - Elektrik ve Elektronik İhracatçıları Birliği
REKSAN ELEKTRIK MALZ.SAN.VE TIC.LTD.STI.;BANKALAR CAD ILETIM SARK HANNO :16 KAT :2 BEYOĞLU İSTANBUL;02122435010;www.reksan.com.tr;reksan.com.tr;TET - Elektrik ve Elektronik İhracatçıları Birliği
YILMAZ KIRCAOĞLU;AKPINAR SAN BÖLGESİ YASSIÖREN MH BALKIRI SK NO:19 BAŞAKŞEHİR İSTANBUL;(212) 6751189;www.bsmsandalye.com;bsmsandalye.com;TET - Elektrik ve Elektronik İhracatçıları Birliği
KAM KİMYA SANAYİ VE TİCARET LİMİTED SİRKETİ;YASSI ÖREN MAH.MEDİHA SOK NO:12 / 5 ARNAVUTKÖY İSTANBUL;(212) 4386616;www.kamkimya.com;kamkimya.com;TET - Elektrik ve Elektronik İhracatçıları Birliği
TEDMARİNE GEMİ ACENTELİĞİ ANONİM ŞİRKETİ;POSTANE MAH.ÇAM SOK.NO:8/2 TUZLA İSTANBUL;(216) 0000000;http://www.tedmarine.com;tedmarine.com;TET - Elektrik ve Elektronik İhracatçıları Birliği
AYDINLAR HIRDAVAT SAN.VE TİC. A.Ş;KANTARCILAR C. N:29 FATİH İSTANBUL;(212) 5226070;www.meloni.com.tr;meloni.com.tr;TET - Elektrik ve Elektronik İhracatçıları Birliği
BİYOKART GEÇİŞ KONTROL SİSTEMLERİ TİCARET ANONİM ŞİRKETİ;MİMAR SİNAN MAH ÜSKÜDAR CAD YEDPA TİC MERK. H2/P1 N:10 ATAŞEHİR İSTANBUL;;www.biyokart.com;biyokart.com;TET - Elektrik ve Elektronik İhracatçıları Birliği
DONGHEE OTOMOTİV SAN. VE TİC. LTD. ŞTİ.;SAKARYA 2.O.S.B. 3 NOLU YOL NO:2 PARSEL:10 HENDEK SAKARYA;(264) 8880107;www.donghee.co.kr;donghee.co.kr;TET - Elektrik ve Elektronik İhracatçıları Birliği
DURU GRUP TIBBİ ÜRÜNLER SAN. VE TİC. A.Ş.;ANITTEPE MAH. GAZİ MUSTAFA KEMAL BULVARI NO:131/27 ÇANKAYA ANKARA;(312) 2314013;durumedikal.com;durumedikal.com;TET - Elektrik ve Elektronik İhracatçıları Birliği
HAVER FARMA İLAÇ A.Ş.;ACERLER MAH. 74. SOK. ACERKENT SİTESİ B-742 APT. N:17/1 BEYKOZ İSTANBUL;(216) 3243838;www.haver.com.tr;haver.com.tr;TET - Elektrik ve Elektronik İhracatçıları Birliği
GALTEK GALVANO KİM.SAN.VE TİC. LTD.ŞTİ.;İKİTELLİ ORG SAN BOLGESİ BERSAN KOOPSAN SİTESİ S1 E BLOK NO:210 İKİTELLİ KÜÇÜKÇEKMECE İSTANBUL;02125496900;www.galvano.com;galvano.com;TET - Elektrik ve Elektronik İhracatçıları Birliği
ROBOTİSTAN ELEKTRONİK TİCARET A.Ş.;İKİTELLİ ORGANİZE SANAYİ ATATÜRK BULVARI NO 108 8 BAŞAKŞEHİR İSTANBUL BAŞAKŞEHİR İKİTELLİ OSB MAHALL BAŞAKŞEHİR İSTANBUL;(212) 7660425;www.robotistan.com;robotistan.com;TET - Elektrik ve Elektronik İhracatçıları Birliği
NALBANTOĞLU METAL SANAYİ VE TİCARET LİMİTED ŞİRKETİ;ÇOBANÇESME MH SANAYİ CD NİSH RESİDENCE SİTESİ A BLOK NO:44A NO:44 BAHÇELİEVLER İSTANBUL;(212) 7716071;www.nalbantal.com;nalbantal.com;TET - Elektrik ve Elektronik İhracatçıları Birliği
ÖZLİDER PLASTİK VE METAL SANAYİ TİCARET ANONİM ŞİRKETİ;KAVAKLI MAHALLESİ İSTANBULCADDESİ NO:7 KAVAKLI BEYLİKDÜZÜ İSTANBUL;(212) 8558100;www.ozlider.com;ozlider.com;TET - Elektrik ve Elektronik İhracatçıları Birliği
İSTANBUL PAKETLEME SANAYİ VE TİCARET LİMİTED ŞİRKETİ;BARBAROS MH. DEREBOYU CD. IHLAMUR SK. UPHILL COURT SİTESİ A-2 BLOK D:1 YENİSAHRA ATAŞEHİR İSTANBUL;(216) 6881435;www.istanbulpackaging.com;istanbulpackaging.com;TET - Elektrik ve Elektronik İhracatçıları Birliği
İNTE DIŞ TİCARET LİMİTED ŞİRKETİ;ODUNLUK MH.AKADEMİ CD.ZENO CENTER NO:2/D NO:12 NİLÜFER BURSA;(224) 0000000;http://f.heydarli@inteco.com.tr;f.heydarli@inteco.com.tr;TET - Elektrik ve Elektronik İhracatçıları Birliği
MEDSEN MEDICAL HEALTCARE BİYOMEDİKAL SAĞLIK LİMİTED ŞİRKETİ;SERHAT MAHALLESİ 1323. CADDE VURAL PRESTİJ KONUTLANO:1A İÇ KAPI NO:15 YENİMAHALLE ANKARA;;http://www.medsenhealthcare.com/;medsenhealthcare.com;TET - Elektrik ve Elektronik İhracatçıları Birliği
PERİ KALIP VE İSKELELERİ SANAYİ VE TİCARET LİMİTED ŞİRKETİ;AKÇABURGAZ MAH. 3069 SOK. NO:23 ESENYURT İSTANBUL;(212) 8867400;www.peri.com.tr;peri.com.tr;TET - Elektrik ve Elektronik İhracatçıları Birliği
TUTMAÇLI ENDÜSTRİYEL MUTFAK EKİPMANLARI SAN. TİC. LTD.ŞTİ.;YALI MAHALLESİ PİRİ REİS CADDESİNO:11 DRAGOS MALTEPE İSTANBUL;(216) 3521601;www.seplus.com.tr;seplus.com.tr;TET - Elektrik ve Elektronik İhracatçıları Birliği
TER OTOMATİK KAPI SİSTEMLERİ SAN. VE TİC. LTD. ŞTİ.;ALAŞARKÖY MAH. 1 ALAŞAR CAD. NO:7/7A OSMANGAZİ BURSA;(224) 2564545;www.alsaaliminyum.com;alsaaliminyum.com;TET - Elektrik ve Elektronik İhracatçıları Birliği
KADIOGLU KOZMETIK SANAYİ VE TİCARET ANONİM ŞİRKETİ;MERKEZEFENDİ MAH. YENİYOL CAD. NO:3 BAYRAMPAŞA İSTANBUL;02125011721;www.gabrini.com;gabrini.com;TET - Elektrik ve Elektronik İhracatçıları Birliği
KARAT GIDA SANAYI VE TICARET A.S.;ÖMERLİ MAH. ÖMERLİ CAD. NO.18 HADIMKÖY(BOYALIK) ARNAVUTKÖY İSTANBUL;(212) 6396565;www.mayasan.com;mayasan.com;TET - Elektrik ve Elektronik İhracatçıları Birliği
ÖZYAŞAR TEL VE GALVANİZLEME SANAYİ ANONİM ŞİRKETİ;FEVZİPAŞA MAH. GÖLET CAD. NO.15 DEĞİRMENKÖYÜ SİLİVRİ İSTANBUL;(212) 5471645;www.ozyasar.com;ozyasar.com;TET - Elektrik ve Elektronik İhracatçıları Birliği
EKON MÜHENDİSLİK İNŞAAT TAAHHÜT VE TİCARET LİMİTED ŞİRKETİ;DUMLUPINAR MH.YUMURTACI ABDİBEY CD.C APT.NO:15 C/48 KADIKÖY İSTANBUL;(216) 5452875;https://ekonmuhendislik.com/;ekonmuhendislik.com;TET - Elektrik ve Elektronik İhracatçıları Birliği
ETS ELEKTRONIK TARTI SISTEMLER SAN.VE TIC.LTD.STI.;IKITELLI ORG.SAN.BOLGESI METALIS SAN.SITESI BLOK NO.8 NO.8-10 KÜÇÜKÇEKMECE İSTANBUL;02126717350;www.desis.com.tr;desis.com.tr;TET - Elektrik ve Elektronik İhracatçıları Birliği
ES ES ENDÜSTRİYEL MUTFAK MALZEMELERİ SAN. VE TİC. LTD. ŞTİ.;MALTEPE MAH. DAVUTPAŞA CAD. TIM 2 İŞ MERKEZİ NO: 8/69 ZEYTİNBURNU İSTANBUL;(212) 5658346;www.esesendustriyelmutfak.com;esesendustriyelmutfak.com;TET - Elektrik ve Elektronik İhracatçıları Birliği
EMİRHAN YALMAN;GÖZTEPE MAH. BATIŞEHİR CAD. K BLOK NO:/2/2 İÇ KAPI BAĞCILAR İSTANBUL;(212) 8720601;https://www.batemteknoloji.com;batemteknoloji.com;TET - Elektrik ve Elektronik İhracatçıları Birliği
İNANMAK İÇ VE DIŞ TİCARET LTD.ŞTİ.;DAVUTDEDE MAH. CONK SK. NO.24 KAFKAS İŞ MERKEZİKAT.4/15 YILDIRIM BURSA;(224) 3646469;www.inanmak.com.tr;inanmak.com.tr;TET - Elektrik ve Elektronik İhracatçıları Birliği
ARK KIRTASIYE ÜRÜNLERİ DIŞ TICARET LİMİTED ŞİRKETİ;RÜSTEMPAŞA MH. SABUNCUHANI SK N:53 EMİNÖNÜ/CAĞALOĞLU FATİH İSTANBUL;(216) 3781415;www.arkakar.com;arkakar.com;TET - Elektrik ve Elektronik İhracatçıları Birliği
KURTOĞLU BAKIR-KURŞUN SANAYİ ANONİM ŞİRKETİ;HALİL RIFAT PAŞA MH YÜZER HAVUZ SK PERPA TİC MERKEZİ B BLOK KAT:9/1366 OKMEYDANI ŞİŞLİ İSTANBUL;(282) 6847000;www.kurtogluas.com;kurtogluas.com;TET - Elektrik ve Elektronik İhracatçıları Birliği
KONECRANES TICARET VE SERVIS LTD.STI.;INÖNÜ CAD.ÇETINKAYA IŞM. NO.92 K:6 D:5 KADIKÖY İSTANBUL;02164108067;www.konecranes.com;konecranes.com;TET - Elektrik ve Elektronik İhracatçıları Birliği
MİRALİS TÜNEL TEKNOLOJİLERİ MAK. DAN. SAN. VE TİC. LTD. ŞTİ.;İVEDİKOSB MAH. 1451 CAD. NO: 1 İVEDİKORGANİZESANAYİ YENİMAHALLE ANKARA;(312) 3945844;www.miralis.com.tr;miralis.com.tr;TET - Elektrik ve Elektronik İhracatçıları Birliği
TSSD GRUP TRAFO SANAYI VE TICARET A.Ş;MERDIVENKOY MAH NUR SK A BLOK NO 1/1 115 KADIKÖY İSTANBUL;(216) 2905181;http://www.tssd.com.tr;tssd.com.tr;TET - Elektrik ve Elektronik İhracatçıları Birliği
GIPTA OFİS KIRTASİYE VE PROM. ÜRÜNLERİ İML.SAN.A.Ş.;İSTOÇ 16.ADA ASLAN PLAZA KAT:7-8 BAĞCILAR İSTANBUL;(212) 4229113;www.gitpa.com.tr;gitpa.com.tr;TET - Elektrik ve Elektronik İhracatçıları Birliği
GEDİZ MİMARLIK METAL MOBİLYA SANAYİ VE TİC. LTD. ŞTİ;AGLARBASI MAH. SEHIT MÜCAHIT SK. AKDENIZ APT NO: 7 MALTEPE İSTANBUL;(216) 5735530;www.gedizmobilya.com;gedizmobilya.com;TET - Elektrik ve Elektronik İhracatçıları Birliği
YALIM KAZAN ISI MAKINA SAN VE TIC.LTD.STI;YENİDOĞAN MAH. NUMUNEBAĞ CAD. NO:74/89 NUMUNEBAĞ BAYRAMPAŞA İSTANBUL;(212) 5440476;www.yalinkazan.com;yalinkazan.com;TET - Elektrik ve Elektronik İhracatçıları Birliği
PEHLİVAN PETROL EKİPM.SAN.VE TİC.LTD.ŞTİ.;ŞERİFALİ MAH.MEVDUDİ SOK.NO.40A ATAKENT ÜMRANİYE İSTANBUL;(216) 3445804;www.pehlivanpetrol.com.tr;pehlivanpetrol.com.tr;TET - Elektrik ve Elektronik İhracatçıları Birliği
PARİTE DAYANIKLI TÜKETIM MALLARI İNŞAAT MALZEMELERİ GIDA PAZARLAMA SANAYİ TİCARET LİMİTED ŞİRKETİ;İKİTELLİ OSB MH MASKO 5B BLOK NO:26 BAŞAKŞEHİR İSTANBUL;(212) 6596677;www.parite.com.tr;parite.com.tr;TET - Elektrik ve Elektronik İhracatçıları Birliği
SEMBOLPAK PLASTİK AMBALAJ DIŞ TİCARET LİMİTED ŞİRKETİ;KARAMEHMET MAH.AVRUPA SERBEST BÖLGESİADNAN ARISOY BLV.NO:11/B08 ERGENE ÇORLU TEKİRDAĞ;(212) 6545556;sembolpak.com;sembolpak.com;TET - Elektrik ve Elektronik İhracatçıları Birliği
SAİL TEKNOLOJİ YAZILIM OTO. İTH. İHR. SAN. VE TİC. LTD. ŞTİ.;CEMALPAŞA MAH. FUZULİ CAD. GALERİA İŞ MRKZ. NO:14/1063 SEYHAN ADANA;(322) 4578438;http://www.sailteknoloji.com;sailteknoloji.com;TET - Elektrik ve Elektronik İhracatçıları Birliği
SANDAS MAKİNA MÜH. TİC. VE SAN LTD. ŞTİ.;BAHÇELİEVLER MAH. ATA-2 SİTESİ KAYİN CAD. NO:20 ÜSKÜDAR İSTANBUL;(216) 4860096;www.sandasmakine.com;sandasmakine.com;TET - Elektrik ve Elektronik İhracatçıları Birliği
EMPATİ MAKİNE DIŞ TİCARET SANAYİ TİCARET LİMİTED ŞİRKETİ;SEFAKÖY SANAYİ SİTESİ 13.BLOK NO 1-3İKİTELLİ BAŞAKŞEHİR İSTANBUL;(212) 6718898;www.empati.com.tr;empati.com.tr;TET - Elektrik ve Elektronik İhracatçıları Birliği
AVRUPA İMPLANT SANAYİ VE DIŞ TİCARET LİMİTED ŞİRKETİ;İOSB MH HESKOP M5 BLOK NO:82 BAŞAKŞEHİR İSTANBUL;(212) 6701300;www.bioinfinityimplants.com;bioinfinityimplants.com;TET - Elektrik ve Elektronik İhracatçıları Birliği
DEMİRTAŞ METAL ALÜMİNYUM PROFİL SANAYİ VE TİCARET ANONİM ŞİRKETİ;OSMANGAZİ MAH. ZİYA GÖKALP CAD. NO:11 KIRAÇ ESENYURT İSTANBUL;(212) 8863060;www.demirtasmetal.com;demirtasmetal.com;TET - Elektrik ve Elektronik İhracatçıları Birliği
AVENS HAVALANDIRMA SİSTEMLERİ A.Ş.;İKİTELLİ O.S.B. MAH. MARMARA C BLOK SOK. MARMARA SAN.SİT. C BLOK NO:4 KÜÇÜKÇEKMECE İSTANBUL;(212) 9010077;www.awensair.com;awensair.com;TET - Elektrik ve Elektronik İhracatçıları Birliği
ALUMET GROUP İTHALAT İHRACAT SANAYİ VE TİCARET LİMİTED ŞİRKETİ;AKÇABURGAZ MH 1592 SK ALKOP SAN SİT A10 BLOK NO:3-4 ESENYURT İSTANBUL;;www.alumetgroup.com.tr;alumetgroup.com.tr;TET - Elektrik ve Elektronik İhracatçıları Birliği
SEOIL PLASTİK ÜRÜNLERİ SAN.TİC.LTD.ŞTİ.;ARSLANBEY ORGANİZE SANAYİ BÖLGESİ 2.CAD. NO:11 KARTEPE KOCAELİ;(262) 3513343;www.seoilturkey.com;seoilturkey.com;TET - Elektrik ve Elektronik İhracatçıları Birliği
SEPA ALÜMİNYUM VE METAL SANAYİ TİCARET A.Ş.;AKPINAR MAH. HASAN BASRİ CAD. NO:3 SANCAKTEPE İSTANBUL;(216) 3118065;www.sepa.com.tr;sepa.com.tr;TET - Elektrik ve Elektronik İhracatçıları Birliği
İZOMAS KOREZYON KONTROL MÜHENDİSLİK SANAYİ VE TİCARET ANONİM ŞİRKETİ;CUMHURIYET MAH.FATIH CAD.NO:4 KARTAL İSTANBUL;02164514848;www.izomas.com.tr;izomas.com.tr;TET - Elektrik ve Elektronik İhracatçıları Birliği
BAKIRSAN OCAKBAŞI İMALAT SANAYİ TİCARET LİMİTED ŞİRKETİ;FİRÜZKÖY MAH. TİRYAKİ SUYU CAD. İMECE SOK. NO:12/A AVCILAR İSTANBUL;(212) 4237692;www.bakirsanbarbeku.com;bakirsanbarbeku.com;TET - Elektrik ve Elektronik İhracatçıları Birliği
E-PLUS ECZA DEPOSU ANONİM ŞİRKETİ;ÇAMLICA MAH. ANADOLU BULVARINO:16/B İÇ KAPI NO:2 YENİMAHALLE ANKARA;(312) 4966312;www.e-plusecza.com;e-plusecza.com;TET - Elektrik ve Elektronik İhracatçıları Birliği
ESENKAYA DERI PAZARLAMA SANAYI VE TICARET LTD.STI.;KÜÇÜKSU CAD. NO.25 İNKILAP ÜMRANİYE İSTANBUL;(216) 6329773;www.esenkaya.com.tr;esenkaya.com.tr;TET - Elektrik ve Elektronik İhracatçıları Birliği
KAMİL ÖZEN BİLLURİYE TEKSTİL TİCARET VE SANAYİ LİMİTED ŞİRKETİ;PANAYIR MH İSTANBUL CD NO:397/2 OSMANGAZİ BURSA;(224) 2217494;www.özenbilluriye.com;özenbilluriye.com;TET - Elektrik ve Elektronik İhracatçıları Birliği
OTO UZAY OTOMOTİV TİCARET LTD.ŞTİ.;TOPRAKLAR PLAZA KAPTANPAŞA MAH.ZİNCİRLİKUYU CAD.. NO:178/2 KASIMPAŞA BEYOĞLU İSTANBUL;(212) 3134400;www.otouzay.com.tr;otouzay.com.tr;TET - Elektrik ve Elektronik İhracatçıları Birliği
NETA YAPI ENDUSTRI VE TICARET LTD.STI.;HÜSEYİNLİ MAH. BEYKOZ CAD. NO:151/A ÇEKMEKÖY İSTANBUL;02163457545;www.netahavuz.com;netahavuz.com;TET - Elektrik ve Elektronik İhracatçıları Birliği
RADIART ISI SISTEMLERI TURİZM YATÇILIK İÇ VE DIŞ TICARET LİMİTED ŞİRKETİ;BAĞDAT CAD. NO:126 34724 FENERYOLU FENERYOLU 34724 FENERYOLU KADIKÖY İSTANBUL;;www.carisa.com.tr;carisa.com.tr;TET - Elektrik ve Elektronik İhracatçıları Birliği
AKKİM MATBAACILIK VE KİMYA SAN. TİC. LTD. ŞTİ.;MERMERCİLER SAN.SİTESİ 2.CADDENO:1 BEYLİKDÜZÜ İSTANBUL;(212) 8762770;www.akkimmat.com;akkimmat.com;TET - Elektrik ve Elektronik İhracatçıları Birliği
ARCADE KOZMETİK PAZARLAMA SAN. TİC. LTD. ŞTİ.;FERHATPAŞA MAH 25.SOK SERTA KOZMETİK NO 30/2A ATAŞEHİR İSTANBUL;(216) 0000000;https://nestkozmetik.com/;nestkozmetik.com;TET - Elektrik ve Elektronik İhracatçıları Birliği
ARTROFİKS MEDİKAL SANAYİ VE TİC. LTD.ŞTİ.;BATI SİTESİ MAH. TAHSİN KAHRAMAN CAD. NO:42 YENİMAHALLE ANKARA;(312) 2197751;www.artrofiks.com;artrofiks.com;TET - Elektrik ve Elektronik İhracatçıları Birliği
ASYA İKLİMLENDİRME SİSTEMLERİ SAN. VE TİC. LTD. ŞTİ.;CİHANGİR MAH. PETROL OFİSİ CAD. NO:10 AVCILAR İSTANBUL;(212) 5995317;www.asyaiklimlendirme.com.tr;asyaiklimlendirme.com.tr;TET - Elektrik ve Elektronik İhracatçıları Birliği
BORŞEN BORU SANAYİ VE TİCARET ANONİM ŞİRKETİ;YUKARI DUDULLU ORG SAN BÖL.3. CAD. NO:20 ÜMRANİYE İSTANBUL;(216) 4663705;www.borsenboru.com;borsenboru.com;TET - Elektrik ve Elektronik İhracatçıları Birliği
GİRİŞİM ENDÜSTRİYEL MUTF.EŞYA. GIDA TEKS.İNŞ.SAN.TİC.LTD.ŞTİ.;SARAY MH. ADNAN MENDERES BUL. NO:99 KAHRAMANKAZAN ANKARA;(312) 0000000;www.tuvamelamin.com;tuvamelamin.com;TET - Elektrik ve Elektronik İhracatçıları Birliği
İLKERLER ENDÜSTRİ SATIŞ VE PAZARLAMA ANONİM ŞİRKETİ;MALTEPE MAH.GÜMÜŞSUYU CAD.N:34-1 ZEYTİNBURNU İSTANBUL;(216) 6131020;www.ilk-end.com.tr;ilk-end.com.tr;TET - Elektrik ve Elektronik İhracatçıları Birliği
HATKİM KİMYA SANAYİ VE DIŞ TİCARET ANONİM ŞİRKETİ;KISIKLI CAD. NO.1 UZAY APT. A BLOKKAT 3 D.10 ALTUNİZADE ÜSKÜDAR İSTANBUL;(216) 3218282;www.hatkim.com.tr;hatkim.com.tr;TET - Elektrik ve Elektronik İhracatçıları Birliği
KLADEX TEL ÜRETİM SANAYİ VE TİCARET A.Ş.;ÇERKEŞLİ O.S.B. MAH. İMES 17 CAD. 16/1 MERKEZ KÖYÜ DİLOVASI KOCAELİ;;www.kladex.com;kladex.com;TET - Elektrik ve Elektronik İhracatçıları Birliği
T.S.Y. TEKNOLOJİK SERAMİK YATIRIMLARI SANAYİ VE TİCARET LTD.ŞTİ.;RİNG YOLU CADDESİ NO:13 PAMUCAK OSB 11180 11800 PAZARYERİ BİLECİK;(228) 2021124;www.cercoglaze.com;cercoglaze.com;TET - Elektrik ve Elektronik İhracatçıları Birliği
BETA KİMYA SANAYİ VE TİCARET ANONİM ŞİRKETİ;YEŞİLKÖY MAH. ATATÜRK CAD. EGS BUSİNESPARK APTNO:12/407 BAKIRKÖY İSTANBUL;(212) 6704300;www.betakimya.com.tr;betakimya.com.tr;TET - Elektrik ve Elektronik İhracatçıları Birliği
DELTA İLAÇLAMA VE ÇEVRE SAĞLIK HİZ. DEZENFEKSİYON PEYSAJ TEM. BİOSİDAL TOP. SAT. TİC.-AHMET ÜKÜLGE;BAHÇELİEVLER MAH. 1834/3 SOK. NO:25/6 KARŞIYAKA İZMİR;(232) 9993448;www.deltailaclama.com.tr;deltailaclama.com.tr;TET - Elektrik ve Elektronik İhracatçıları Birliği
AHSEN ENDUSTRIYEL MUT.VE SOGUT DAY.TUK.MAL.INS.SAN.TIC.LTD.;DAVUTPASA CAD. TIM-2 IŞ MERKZ. NO.73/74 ZEYTİNBURNU İSTANBUL;02125675893;www.ahsenmutfak.com;ahsenmutfak.com;TET - Elektrik ve Elektronik İhracatçıları Birliği
ESBAU YAPI SİSTEMLERİ SANAYİ VE TİCARET ANONİM ŞİRKETİ;ŞERİFALİ MAH. HATTAT SOK. NO: 8 ÜMRANİYE İSTANBUL;(216) 5400227;www.esbau.com;esbau.com;TET - Elektrik ve Elektronik İhracatçıları Birliği
DİVA SAĞLIK ÜRÜNLERİ VE KOZMETİK GIDA TEKSTİL İNŞ. SAN. VE TİC. LTD. ŞTİ.;HACI HALİL MAH/SEMT HÜKÜMET CAD.N:10/3 GEBZE KOCAELİ;(262) 6410085;www.divakozmetik.com.tr;divakozmetik.com.tr;TET - Elektrik ve Elektronik İhracatçıları Birliği
TETRAMAK MAKINA MUHENDISLIK SAN.VE DIS TIC.LTD.STI.;DUDULU OSB. DES SAN.SİT. 115 SK. C.15 BLK.NO 25 ÜMRANİYE İSTANBUL;(216) 4663356;www.tetramak.com;tetramak.com;TET - Elektrik ve Elektronik İhracatçıları Birliği
TULPAR TIBBİ ÜRÜNLER İTHALAT İHRACAT SAN. VE TİC. LTD. ŞTİ.;MACUN MAH.177.CAD.N:19 L-2 YENİMAHALLE ANKARA;(312) 2197047;www.tulparmed.com;tulparmed.com;TET - Elektrik ve Elektronik İhracatçıları Birliği
SECTEC DIŞ TİCARET ANONİM ŞİRKETİ;BÜYÜKKAYACIK OSB MAH.101 CD NO:3/1 SELÇUKLU KONYA;(332) 3461400;www.sectec.com.tr;sectec.com.tr;TET - Elektrik ve Elektronik İhracatçıları Birliği
PARDOLE KOZMETİK TURİZM İNŞAAT TİCARET VE SANAYİ LİMİTED ŞİRKETİ;ÇAYIROVA MAH. YAVUZ SULTAN SELİM CAD. NO:21/1 ÇAYIROVA KOCAELİ;(262) 6101020;http://www.pardoleparfum.com;pardoleparfum.com;TET - Elektrik ve Elektronik İhracatçıları Birliği
PHARMADİA İLAÇ SAN.VE TİC.A.Ş.;DES-114.SK. C16 BLOK NO:32 ÜMRANİYE İSTANBUL DUDULLU OSB 34775 ÜMRANİYE, İSTANBUL, TÜRKİYE ÜMRANİYE İSTANBUL;(216) 4669936;www.pharmadia.com.tr;pharmadia.com.tr;TET - Elektrik ve Elektronik İhracatçıları Birliği
REHAU POLIMERI-KIMYA SAN.A.S.;KORE SEHITLERI CAD.NO:33 ŞİŞLİ İSTANBUL;(212) 3554700;www.rehau.com.tr;rehau.com.tr;TET - Elektrik ve Elektronik İhracatçıları Birliği
KEMAL BAŞARAN ENDÜSTRİ A.Ş.;YUKARI DUDULLU KEYAP SİTESİ J1 BLOK NO:39 YUKARIDUDULLU ÜMRANİYE İSTANBUL;(216) 4200909;www.kemalbasaran.com.tr;kemalbasaran.com.tr;TET - Elektrik ve Elektronik İhracatçıları Birliği
MUHTAR GRUP TURİZM TAŞIMACILIK VE DIŞ TİC. LTD. ŞTİ.;KEMAL PAŞA MAH.AĞA YOKUŞU SOK. NO:16 PINAR APT. KAT:1 FATİH İSTANBUL;(212) 5144423;www.muhtargrup.com.tr;muhtargrup.com.tr;TET - Elektrik ve Elektronik İhracatçıları Birliği
ZEBBNA KONTROL TEKNOLOJİLERİ ANONİM ŞİRKETİ;CUMHURİYET MAH. KARTAL CAD. KALAY PLAZA NO: 65 İÇ KAPI NO: 5 KARTAL/ İSTANBUL KARTAL İSTANBUL;(216) 2220907;http://www.zebbna.com;zebbna.com;TET - Elektrik ve Elektronik İhracatçıları Birliği
2M MAKİNA MÜMESSİLLİK VE TİC. A.Ş.;ÇOBANÇEŞME MAH. SANAYİ CAD. N:44İSTANBUL B BLOK D:98 BAHÇELİEVLER İSTANBUL;(212) 5040900;www.2mmakina.com.tr;2mmakina.com.tr;TET - Elektrik ve Elektronik İhracatçıları Birliği
NURETTİN ÖZGÜMÜŞ;ELMALI KENT MH ADEM YAVUZ CD NO:133B ÜMRANİYE İSTANBUL;;www.akelcampergola.com;akelcampergola.com;TET - Elektrik ve Elektronik İhracatçıları Birliği
NAHİT AKBEY YAPI ANONİM ŞİRKETİ;HANLI MERKEZ MAH. D-100 KARAYOLU CAD. AYD MOBİLYA SİTESİ NO:466/A HANLI MERKEZ MAH 54580 ARİFİYE, SA ARİFİYE SAKARYA;;www.tekoplus.com.tr;tekoplus.com.tr;TET - Elektrik ve Elektronik İhracatçıları Birliği
LİYADA CHEMİCALS ENDÜSTRİ KİMYASALLARI VE SOĞUTMA EKİPMANLARI İMALAT SANAYİ TİCARET LİMİTED ŞİRKETİ;CUMHURİYET MH. 509.SK. NO14/B2 ŞARKÖY TEKİRDAĞ;;http://www.liyadachemicals.com.tr;liyadachemicals.com.tr;TET - Elektrik ve Elektronik İhracatçıları Birliği
PİPAK MAKİNE KALIP AMBALAJ ELEKTRİK SAN. VE DIŞ TİC. LTD.ŞTİ.;İKİTELLİ OSB BİKSAN SAN SİTESİB2 BLOK NO:9 BAŞAKŞEHİR İSTANBUL;(212) 4861558;www.pipakmakine.com.tr;pipakmakine.com.tr;TET - Elektrik ve Elektronik İhracatçıları Birliği
TRIMBOX ELEKTRİK PAZARLAMA ANONİM ŞİRKETİ;OVAAKÇA MERKEZ MH.İSTANBUL CD.N:77 OSMANGAZİ BURSA;(224) 2670047;trimbox.com.tr;trimbox.com.tr;TET - Elektrik ve Elektronik İhracatçıları Birliği
VİNOKS PASLANMAZ MUTFAK EŞYALARI SAN DIŞ TİC AŞ;MAVİGÖL MH ABDULLAH GÜL CD NO:62/1 ARNAVUTKÖY İSTANBUL;(212) 5493770;www.vinoks.com.tr;vinoks.com.tr;TET - Elektrik ve Elektronik İhracatçıları Birliği
ARC KIRTASİYE VE BÜRO MALZEMLERİ AMBALAJ PAZARLAMA TİC. VE SAN. LTD. ŞTİ.;MAHMUTBEY MAH.2436.SK.NO:62-İÇ KAPI NO:62 BAĞCILAR İSTANBUL;(212) 6599805;www.arcofis.com;arcofis.com;TET - Elektrik ve Elektronik İhracatçıları Birliği
ANKAPHARMA ECZA DEPOSU İLAÇ SANAYİ VE TİCARET A.Ş.;AZİMLİ SK. NO:8 YUKARI DUDULLU34860 ÜMRANİYE, İSTANBUL, TÜRKİYE YUKARI DUDULLU 34775 YUKARIDUDULLU ÜMRANİYE İSTANBUL;(216) 4515200;www.ankapharma.com.tr;ankapharma.com.tr;TET - Elektrik ve Elektronik İhracatçıları Birliği
ÇELİKER KALDIRMA VE TAŞIMA SİSTEM.MAK.PAZ.SAN.VE TİC.LTD.ŞTİ;EVLİYA ÇELEBİ MAH.MAVİ SOK.NO:26 TUZLA İSTANBUL;(216) 3959901;www.celikermakina.com;celikermakina.com;TET - Elektrik ve Elektronik İhracatçıları Birliği
BİMAK OTOMOTİV SAN.TİC.LTD.ŞTİ.;MİMAR SİNAN MH. YEDPA TİC.MERKEZİH2 CAD.N:167 ATAŞEHİR İSTANBUL;(216) 6616285;www.bimakmakina.com.tr;bimakmakina.com.tr;TET - Elektrik ve Elektronik İhracatçıları Birliği
ATEKS OTOMOTİV SANAYİ VE TİCARET LTD. ŞTİ.;İ.O.S.B. DOLAPDERE KÜÇÜK SAN. SİT. 22 ADA NO:36 İKİTELLİ BAŞAKŞEHİR İSTANBUL;(212) 6716886;www.ateks-atakul.com;ateks-atakul.com;TET - Elektrik ve Elektronik İhracatçıları Birliği
MARKE ELEKTRONİK SAN.VE TİC.LTD.;ERİŞTECİ SOKAK ABED HAN NO:7/12 KEMANKEŞ BEYOĞLU İSTANBUL;(212) 2529492;www.markeelektronik.com;markeelektronik.com;TET - Elektrik ve Elektronik İhracatçıları Birliği
İZOL SPOR İNŞ.VE TUR.SAN.TİC.LTD.ŞTİ.;BAŞAKŞEHİR MAH. TOROS CAD.ARTERİUM 4 SİTESİ NO:1/16 BAŞAKŞEHİR İSTANBUL;;www.izolsport.com;izolsport.com;TET - Elektrik ve Elektronik İhracatçıları Birliği
MOTTOGAS OTOMOTİV SANAYİ VE TİCARET LİMİTED ŞİRKETİ;ŞERİFALİ MH. NECİP FAZIL BULVARI MEVDUDİ SK.KAT:1 NO:14 ÜMRANİYE İSTANBUL;(216) 5262373;www.ataksan.net;ataksan.net;TET - Elektrik ve Elektronik İhracatçıları Birliği
VACUTECH YÜKSEK TEKNOLOJİ POMPA İTHALAT İHRACAT LİMİTED ŞİRKETİ;BEYTEPE MAH. ENVER TÜRKİLERİ SK. NO:8 İÇ KAPI N0: 16 ÇANKAYA ANKARA;;http://vacutech.com.tr;vacutech.com.tr;TET - Elektrik ve Elektronik İhracatçıları Birliği
SEFA MO-DE-KA MOB.DEK.VE ÇELİK KAP.SAN.LTD.ŞTİ.;BEŞYOL MAH. E-5 YANYOL ÜZERİBEŞYOL MEVKİİ BİRLİK İŞ HANI KÜÇÜKÇEKMECE İSTANBUL;(212) 5987766;www.sefamodeka.com;sefamodeka.com;TET - Elektrik ve Elektronik İhracatçıları Birliği
RETTA PROFESYONEL EL ALETLERİ ANONİM ŞİRKETİ;ORHANGAZİ MH 1673 SK NO:18.3 ESENYURT İSTANBUL;(212) 8010201;www.retta.com.tr;retta.com.tr;TET - Elektrik ve Elektronik İhracatçıları Birliği
APRANTI MUHENDISLIK FILTRE VE KIMYASAL URUNL.SAN.TIC.LTD.STI;MERSINLI MH.2823 SK OTO PLAZAB BLOK P02 KONAK İZMİR;02324595998;www.apranti.com.tr;apranti.com.tr;TET - Elektrik ve Elektronik İhracatçıları Birliği
BLUE LINE KIMYA VE BOYA ITHALAT IHRACAT SANAYI VE TICARET LIMITED SIRKETI;FİNDİKLİ MAH. GAZİ MUSTAFA KEMAL CAD. NO: 2 D:7 MALTEPE İSTANBUL;(216) 0000000;http://www.bluelinechem.com;bluelinechem.com;TET - Elektrik ve Elektronik İhracatçıları Birliği
AYGAZ A.Ş.;400.SOKAK GEBZE O.S.B. GEBZE KOCAELİ;(262) 7511270;www.aygaz.com.tr;aygaz.com.tr;TET - Elektrik ve Elektronik İhracatçıları Birliği
ENTPROMED SAĞLIK ÜRÜNLERİ SANAYİ VE TİCARET ANONİM ŞİRKETİ;ADİL MAH., EKOL CAD., CESARET SOK., NO:4/A PK:3493SULTANBEYLİ/İSTANBUL SULTANBEYLİ İSTANBUL;2165923010;www.entpromed.com;entpromed.com;TET - Elektrik ve Elektronik İhracatçıları Birliği
YILMAZ GRUP ENDÜSTRİYEL MAKİNA SAN.VE DIŞ TİC. LTD. ŞTİ.;TÜMSAN SAN.SİT.1.KISIM 7.BLOKNO.25 İKİTELLİ BAŞAKŞEHİR İSTANBUL;(212) 4861331;www.kahvemakina.com;kahvemakina.com;TET - Elektrik ve Elektronik İhracatçıları Birliği
İTİMAT MAKİNA SAN.TİC.A.Ş.;ORGANIZE SANAYI BOLGESI 6.CAD. NO:28 MELİKGAZİ KAYSERİ;03523212626;www.itimat.com.tr;itimat.com.tr;TET - Elektrik ve Elektronik İhracatçıları Birliği
KARDEŞLER GÜMRÜK MÜŞAVİRLİĞİ LOJİSTİK VE ULUSLARARASI TAŞIMACILIK LİMİTED ŞİRKETİ;İKİTELLİ OSB MAH. İSTEKS B6 BLOK İSTEKS SANAYİ NO:7 BAŞAKŞEHİR İSTANBUL;(212) 4856993;www.aytekhediyelik.com;aytekhediyelik.com;TET - Elektrik ve Elektronik İhracatçıları Birliği
OZBEK SPOR MALZ.ITH.IHR.VE TIC.LTD.STI.;CIHANGIR AKARSU YOKUSU HASIBEHAN SOK.NO.9 BEYOĞLU İSTANBUL;(212) 2932999;www.ozbekspor.com;ozbekspor.com;TET - Elektrik ve Elektronik İhracatçıları Birliği
PROAKS DIŞ TİCARET ANONİM ŞİRKETİ;BEYLİKDÜZÜ OSB MH BİRLİK SAN SİT 5. CD NO:29 BEYLİKDÜZÜ İSTANBUL;(212) 5410924;www.proaksmetal.com;proaksmetal.com;TET - Elektrik ve Elektronik İhracatçıları Birliği
FAMAŞ FOLYO ALÜMİNYUM MERKEZİ SAN. VE TİC. AŞ.;DEMİRCİLER SİT. 5. CADDE NO:197 ZEYTİNBURNU İSTANBUL;(212) 6650086;www.folyoaluminyum.com.tr;folyoaluminyum.com.tr;TET - Elektrik ve Elektronik İhracatçıları Birliği
ETB ELEKTRONIK TEKNOLOJI VE BILGİSAYAR HIZMETLERİ SANAYİ TICARET ANONİM ŞİRKETİ;MASLAK MAHALLESİ SANATKARLAR SOKAK ECLİPSE BUSİNESS BLOKLARI C BLOK K:3 D: 29-30 MASLAK ŞİŞLİ İSTANBUL;02123292350;www.etb.com.tr;etb.com.tr;TET - Elektrik ve Elektronik İhracatçıları Birliği
ERMAN OFIS MOBILYA SAN.VE DIŞ TIC.LTD.ŞTI.;UĞUR MUMCU CD NO:42 REBA&SOYLU İŞ MERKEZİ MASKE MOBİLYACILAR SİT 15B BLOK NO:17/19 İKİTELLİ/ İSTANBUL İKİTELLİ BAŞAKŞEHİR İSTANBUL;(212) 6750648;www.ermanproje.com;ermanproje.com;TET - Elektrik ve Elektronik İhracatçıları Birliği
FATİH BAYRAKTAR;MURAT MH BÜYÜK COŞKUN SK DERİCİLER F BLOK OZCAY SAN SİT NO:5/5 BAYRAMPAŞA İSTANBUL;(212) 6743868;www.realcelik.com;realcelik.com;TET - Elektrik ve Elektronik İhracatçıları Birliği
ALTINEL ALUMINYUM VE PVC SANAYİ TİCARET ANONİM ŞİRKETİ;B.O.S.B MERMERCİLER SAN. SİT. 7.CAD.N:12 BEYLİKDÜZÜ İSTANBUL;(212) 8752442;www.altinelpvc.com;altinelpvc.com;TET - Elektrik ve Elektronik İhracatçıları Birliği
BV INTERNATIONAL DIŞ TİCARET LİMİTED ŞİRKETİ;SULTANTEPE MAH. SELMANI PAK CAD. MEHTAPAPARTMANI NO: 61 İÇ KAPI NO: 4 ÜSKÜDAR İSTANBUL;(216) 0000000;http://www.bvinternational.com.tr;bvinternational.com.tr;TET - Elektrik ve Elektronik İhracatçıları Birliği
3-D BİLİŞİM TEKNOLOJİLERİ DANIŞMANLIK VE TEKNİK SERVİS A.Ş.;MERIT PLAZA Y.DUDULLU MAH. MIRAS SK.NO:57 ÜMRANİYE İSTANBUL;02165229898;www.3-d.com.tr;3-d.com.tr;TET - Elektrik ve Elektronik İhracatçıları Birliği
ARCOGLOBAL ÜRETİM ANONİM ŞİRKETİ;İOSB MH HÜRRİYET BULVARI NO:54 BAŞAKŞEHİR İSTANBUL;(212) 4850860;www.arcoglobal.com;arcoglobal.com;TET - Elektrik ve Elektronik İhracatçıları Birliği
ARITAŞ KRİYOJENİK ENDÜSTRİ SANAYİ VE TİCARET ANONİM ŞİRKETİ;CEVİZLİ MAH. TUGAY YOLU CAD. OFİSİM İSTANBUL PLAZA NO.20 B BLOK K:13 MALTEPE İSTANBUL;(216) 5003400;www.aritas.com.tr;aritas.com.tr;TET - Elektrik ve Elektronik İhracatçıları Birliği
GÜHRİNG TAKIM SANAYİ VE TİCARET LİMİTED ŞİRKETİ;ÇERKEŞLİ OSB. MAH. İMES OSB3. CAD. NO: 7 DİLOVASI / KOCAELİ MALTEPE İSTANBUL;(262) 2908457;www.guhring.com.tr;guhring.com.tr;TET - Elektrik ve Elektronik İhracatçıları Birliği
VAHDET TEKSTIL MAKINA SAN.VE TIC.LTD.STI.;KANARYA CAD.KAYALAR SOK.NO.331-2 SAN.MAH. GÜNGÖREN İSTANBUL;02126572115;http://www.vahdettekstilmakina.com;vahdettekstilmakina.com;TET - Elektrik ve Elektronik İhracatçıları Birliği
TUNA TARTI VE ELEKTRONİK SİSTEMLER LİMİTED ŞİRKETİ;HALKAPINAR MAH.1202/2 SOK.NO:31 D:112 KONAK İZMİR;(232) 2816901;www.tunasistem.com.tr;tunasistem.com.tr;TET - Elektrik ve Elektronik İhracatçıları Birliği
TİM GRUP DIŞ TİC. AŞ;İOSB MH AYKOSAN 2 KISIM 11B BLOK NO:1 BAŞAKŞEHİR İSTANBUL;(212) 2222723;www.timgrup.com.tr;timgrup.com.tr;TET - Elektrik ve Elektronik İhracatçıları Birliği
MOMO GÜZELLİK HİZMETLERİ PAZARLAMA TİCARET İTHALAT İHRACAT LİMİTED ŞİRKETİ;KONACIK MAH. ATATÜRK BULVARI NO:88/10 BODRUM MUĞLA;(252) 0000000;http://www.momoprof.com;momoprof.com;TET - Elektrik ve Elektronik İhracatçıları Birliği
MEDATECH MEDİKAL ANONİM ŞİRKETİ;ALTAYÇEŞME MAH. KENTLİ SK. DEMIRLI KARDEŞLERSITESI D BLOK NO: 12 A MALTEPE İSTANBUL;(216) 0000000;http://www.medatech.com;medatech.com;TET - Elektrik ve Elektronik İhracatçıları Birliği
SAFİRA OTOM.İNŞ.TURZ.GIDA SAN.TİC.LTD.ŞTİ.;BARIŞ MAH. MEHMETÇİK CAD. NO:2/4 6A BLOK KAT:7 D:37 WESTSIDE 2 BEYLİKDÜZÜ İSTANBUL;(212) 5148032;www.safiraotomotiv.com.tr;safiraotomotiv.com.tr;TET - Elektrik ve Elektronik İhracatçıları Birliği
TECHNON MÜHENDISLIK SANAYI VE TICARET ANONIM ŞİRKETİ;ALTAYÇEŞME MAH. CAMLI SOK. NO.21/21OFİSPARK İŞ MRK. MALTEPE İSTANBUL;(216) 2256417;technon.com.tr;technon.com.tr;TET - Elektrik ve Elektronik İhracatçıları Birliği
DURAK KODLAMA MARKALAMA ÜRÜNLERİ İTH. İHR. TİC. LTD.ŞTİ.;EKŞİOĞLU MAH ŞEHİTLER CAD N:22/A ÇEKMEKÖY İSTANBUL;(216) 4129605;www.durakticaret.com.tr;durakticaret.com.tr;TET - Elektrik ve Elektronik İhracatçıları Birliği
HAT SINAİ VE TIBBİ GAZLAR A.Ş.;FETHIYE C. N:8/2 Merkez KOCAELİ;02623512510;www.hatgrup.com;hatgrup.com;TET - Elektrik ve Elektronik İhracatçıları Birliği
BAYEKS KIRTASIYE TURIZM HED. ESYA ITH.IHR.SAN.VETIC.LTD.STI;ISTOÇ 27.ADA N:81-83 BAĞCILAR İSTANBUL;02126595511;www.bayeks.com;bayeks.com;TET - Elektrik ve Elektronik İhracatçıları Birliği
DEKOTEK YAPI KONSTRÜKSIYON İML.SAN.VE TİC.LTD.ŞTİ.;ÇAVUŞOĞLU MAH.YAKACIK CAD.NO:128/10 KARTAL İSTANBUL;(216) 3894412;www.dekotekyapi.com;dekotekyapi.com;TET - Elektrik ve Elektronik İhracatçıları Birliği
CASSA OFİS GEREÇLERİ SAN.VE TİC.A.Ş.;BEYLIKDÜZÜ ORG.SAN.MAH.MERMERCİLER SAN.SİT. 1.BULVAR NO:I7/2 BEYLİKDÜZÜ İSTANBUL;(212) 4942210;www.cassa.com.tr;cassa.com.tr;TET - Elektrik ve Elektronik İhracatçıları Birliği
ERGBEY ALÜMİNYUM SAN. TİC. LTD.ŞTİ;FERHATPAŞA MAHALLESİ ANADOLU CADDESİ NO 120 ATAŞEHİR İSTANBUL;(216) 6444005;www.ergbey.com;ergbey.com;TET - Elektrik ve Elektronik İhracatçıları Birliği
TOTEM ISI MALZ.VE MAKINA TIC. SAN.VE MUMESSILLIK A.S.;BÜYÜKDERE CAD. YAPI KREDİ PLAZAC BLOK K-18 BEŞİKTAŞ İSTANBUL;(212) 2797071;www.totem.com.tr;totem.com.tr;TET - Elektrik ve Elektronik İhracatçıları Birliği
TEST LABORATUAR CIHAZLARI SAN. VE TIC.LTD.STI.;IKITELLI ORG.SN.BOLG.ESOT KUCUKSAN.SIT.P BLOK NO:1 BAŞAKŞEHİR İSTANBUL;(212) 5491940;www.testlab.com.tr;testlab.com.tr;TET - Elektrik ve Elektronik İhracatçıları Birliği
TEKSAN HASTANE MALZ.İML. SAN. VE TİC. LTD.ŞTİ.;ZÜMRÜTEVLER MAH. NİL C.SEHER S. NO:48 İÇ KAPI NO:2 MALTEPE İSTANBUL;(216) 3523332;www.teksanmedıkal.net;teksanmedıkal.net;TET - Elektrik ve Elektronik İhracatçıları Birliği
İNTERPOLYMER PLASTİK LİMİTED ŞİRKETİ;KARAAĞAÇ OSB MH 19 SK NO 19/1 KAPAKLI TEKİRDAĞ;(282) 0000000;www.intercup.com.tr;intercup.com.tr;TET - Elektrik ve Elektronik İhracatçıları Birliği
KRONIK ELEKTRONIK ELEKTRİK VE BILGİSAYAR SISTEMLERİ SANAYİ TICARET A.Ş.;YUK. DUDULLU MAH. NECİP FAZIL BULV. VEYAP ÇARŞI NO:44/67 YUKARIDUDULLU ÜMRANİYE İSTANBUL;(216) 5266154;www.kronik.com.tr;kronik.com.tr;TET - Elektrik ve Elektronik İhracatçıları Birliği
KEY ALÜMİNYUM YAPI SİSTEMLERİ DIŞ TİCARET LİMİTED ŞİRKETİ;ÜNİVERSİTE MH.CİVAN SK. NO:1 ALLURE TOWER 24 KAT D:43 AVCILAR İSTANBUL;(850) 5950101;www.keysystems.com.tr;keysystems.com.tr;TET - Elektrik ve Elektronik İhracatçıları Birliği
MODAL YAPI TEKNOLOJİ SANAYİ VE TİCARET ANONİM ŞİRKETİ;ŞEKERPINAR MAHALLESİ AYÇİÇEK SK. NO: 29 ÇAYIROVA KOCAELİ;(262) 6584134;www.modalyapi.com;modalyapi.com;TET - Elektrik ve Elektronik İhracatçıları Birliği
GVN GÜVEN CIVATA SANAYİ VE TİCARET LİMİTED ŞİRKETİ;BEYLİKDÜZÜ OSB MH MERMERCİLER SAN SİT 2 CD NO:11/1 BEYLİKDÜZÜ İSTANBUL;(212) 6168037;www.proturkprofil.com.tr;proturkprofil.com.tr;TET - Elektrik ve Elektronik İhracatçıları Birliği
HÜRSULTAN PASLANMAZ MUTFAK EŞYALARI SAN. VE TİC. A.Ş.;ÖMERLİ MAH. ILGAZ SOK. NO:3 ARNAVUTKÖY İSTANBUL;(212) 7982560;www.hursultan.com.tr;hursultan.com.tr;TET - Elektrik ve Elektronik İhracatçıları Birliği
ESER OTOMOTIV PLASTİK KALIP SANAYİ VE TİCARET ANONİM ŞİRKETİ;ÇAKMALKLI M.66S.NO:9 İSTANBUL;02128862834;www.eserotomotiv.com;eserotomotiv.com;TET - Elektrik ve Elektronik İhracatçıları Birliği
ESRA ALAÇAM;19 MAYIS MH. KAMER SOKAĞI NO:11/A BÜYÜKÇEKMECE İSTANBUL;(212) 8823532;www.elitcam.com;elitcam.com;TET - Elektrik ve Elektronik İhracatçıları Birliği
CAPITAL EVENTS TURIZM VE TANIT IM HIZM.TIC.A.Ş;KRIZANTEM SOK. NO.82 BEŞİKTAŞ İSTANBUL;02123250105;www.capitalevents.com.tr;capitalevents.com.tr;TET - Elektrik ve Elektronik İhracatçıları Birliği
BARGE DIŞ TİCARET LİMİTED ŞİRKETİ;19 MAYIS MAH. HALASKARGAZİ CAD. ÇİFTKURT NO: 226 İÇ KAPI NO: 24 ŞİŞLİ İSTANBUL;(212) 0000000;http://www.bargegold.com;bargegold.com;TET - Elektrik ve Elektronik İhracatçıları Birliği
BETAMER MADENCİLİK SAN. VE TİC. LTD. ŞTİ.;ANKARA MERMERCİLER SİT. YUVAKÖY MAH.3706 SK. NO:64 YENİMAHALLE ANKARA;(312) 3960222;www.betamer.com;betamer.com;TET - Elektrik ve Elektronik İhracatçıları Birliği
MEHMET KAPLAN;DENİZKÖŞKLER MAH.DR.SADIK AHMET CAD.HUZUR AP.NO:80 AVCILAR İSTANBUL;(212) 0000000;www.favorisauna.com;favorisauna.com;TET - Elektrik ve Elektronik İhracatçıları Birliği
KİSAN İNŞAAT MÜHENDİSLİK SANAYİ VE TİCARET ANONİM ŞİRKETİ;KARGALI HANBABA O.S.B. MAH. ORGANİZE SANAYİ 2 SOK.NO:18 HENDEK SAKARYA;(212) 9245960;www.kisan.com.tr;kisan.com.tr;TET - Elektrik ve Elektronik İhracatçıları Birliği
NHS DIŞ TİC. LTD.ŞTİ.;YENİBOSNA MERKEZ MH DEĞİRMENBAHÇE CD NO:17 A1B KAT:13 D:122 YENİBOSNA BAHÇELİEVLER İSTANBUL;(212) 5732627;www.nhs.com.tr;nhs.com.tr;TET - Elektrik ve Elektronik İhracatçıları Birliği
RA-KA İTHALAT İHRACAT İNŞAAT SANAYİ TİCARET LİMİTED ŞİRKETİ;19 MAYIS MH.19MAYIS CD.DR.ISMET OZTURK SK.N:8 SAHIN APT. ŞİŞLİ İSTANBUL;02122919977;www.ra-ka.com.tr;ra-ka.com.tr;TET - Elektrik ve Elektronik İhracatçıları Birliği
DEBİSAN ISITMA HAVALANDIRMA KLİMA VE İNŞ. SAN. TİC.A.Ş;TEPEÜSTÜ MH. ALEMDAĞ CD. PINARLI SK. NO:13/A ÜMRANİYE İSTANBUL;(216) 4667009;www.debisan.com;debisan.com;TET - Elektrik ve Elektronik İhracatçıları Birliği
PLANET ENDÜSTRİYEL TEMİZLİK ÜRÜNLERİ İÇ VE DIŞ TİCARET LİMİTED ŞİRKETİ;MAHMUTBEY MAH. İSTOÇ ÇEVRE YOLU SOK. NO:19/C BAĞCILAR İSTANBUL;(212) 6592652;www.ugurlarplastik.com;ugurlarplastik.com;TET - Elektrik ve Elektronik İhracatçıları Birliği
RCS MAKİNA SAN. VE DIŞ TİC. LTD. ŞTİ.;GÜLENSU MAH.HASRET SOK.N:3B MALTEPE İSTANBUL;;www.rugcleaningstuff.com;rugcleaningstuff.com;TET - Elektrik ve Elektronik İhracatçıları Birliği
SERENE PLASTİK SANAYİ VE TİCARET ANONİM ŞİRKETİ;DEFTERDAR MAH. OTAKÇILAR CAD.NO.80 EYÜP İSTANBUL;(212) 4677780;www.sereneplast.com;sereneplast.com;TET - Elektrik ve Elektronik İhracatçıları Birliği
SEBATİŞ DURUL REKLAMCILIK VE TASARIM HİZMETLERİ TİC. SAN. A.Ş.;TEPEÖREN MAH. DEMOKRASİ CD. NO:35/1 TUZLA İSTANBUL;(216) 3041886;www.sedu.com.tr;sedu.com.tr;TET - Elektrik ve Elektronik İhracatçıları Birliği
TEMPO AKSESUAR SANAYİ VE TİCARET ANONİM ŞİRKETİ;YESILCE MAH. GÖKTÜRK CD. NO.16 KAĞITHANE İSTANBUL;(212) 2803000;www.tempotr.com;tempotr.com;TET - Elektrik ve Elektronik İhracatçıları Birliği
TİGEMER DANIŞMANLIK VE DIŞ TİC. LTD. ŞTİ.;MESCİT MH KEŞAN YOLU CD A BLOK NO:7A UZUNKÖPRÜ EDİRNE;(850) 8888844;www.tigemer.com;tigemer.com;TET - Elektrik ve Elektronik İhracatçıları Birliği
TARIMAK TARIM MAKINALARI SAN. VE TIC.A.S.;KURFALI MEVKII ANKARA ASFALTI NO.47 KARTAL İSTANBUL;02164518222;www.tarimak.com;tarimak.com;TET - Elektrik ve Elektronik İhracatçıları Birliği
ŞAMDANCI DAVET ORG. EKİP. SATIŞ İM.TAN.TUR. İNŞ. VE DIŞ TİC.SAN. LTD.ŞTİ.;KÜÇÜK ÇAMLICA MH ÜÇPINARLAR CD AKYOL İS NO:60 ÜSKÜDAR İSTANBUL;(216) 5651058;www.samdanci.net;samdanci.net;TET - Elektrik ve Elektronik İhracatçıları Birliği
NİTTO OTOMOTİV SAN. VE TİC. LTD. ŞTİ.;TMOSB MERMERCİLER CAD. NO:39/2 TUZLA İSTANBUL;(216) 5817504;www.nittoeur.com;nittoeur.com;TET - Elektrik ve Elektronik İhracatçıları Birliği
KIRAÇ ENERJİ PAZARLAMA LİMİTED SIRKETI;75.YIL OSB MAHALLESİ, ŞEHİTLER BULVARI, NO:21 ODUNPAZARI/ESKİŞEHİR ODUNPAZARI ESKİŞEHİR;(222) 2361500;http://www.kiracmetal.com;kiracmetal.com;TET - Elektrik ve Elektronik İhracatçıları Birliği
İPEKYOLU KIYMETLİ TAŞLAR VE KUYUMCULUK SANAYİ TİCARET LİMİTED ŞİRKETİ;MOLLA FENARİ MAH BİLEYCİLER SK NO: 23 FATİH İSTANBUL;(212) 5285994;www.ipekyolusilver.com.tr;ipekyolusilver.com.tr;TET - Elektrik ve Elektronik İhracatçıları Birliği
KARL DUNGS SATIŞ VE PAZARLAMA LTD.ŞTİ.;DERİN PLAZA ŞERİF ALİ MAHALLESİ KALE SOKAK NO:22 KAT :5 YUKARIDUDULLU ÜMRANİYE İSTANBUL;(216) 4208145;www.dungs.com.tr;dungs.com.tr;TET - Elektrik ve Elektronik İhracatçıları Birliği
LABOORY KİMYA SAN. TİC. A.Ş.;İKİTELLİ OSB MAH METAL İŞ SANAYİ SİTESİ 18.BLOKN:4/4 BAŞAKŞEHİR İSTANBUL;(212) 6976073;www.online.com;online.com;TET - Elektrik ve Elektronik İhracatçıları Birliği
İNKOOL MAKİNE SATIŞ PAZARLAMA SANAYİ VE TİCARET ANONİM ŞİRKETİ;OSMANGAZİ MAH. KANUNİ SK. NO:7 DARICA KOCAELİ;(262) 6580131;http://www.inkoollab.com;inkoollab.com;TET - Elektrik ve Elektronik İhracatçıları Birliği
İLERİ PVC ALÜMİNYUM CEPHE KAPLAMA İNŞAAT SANAYİ VE TİCARET LİMİTED ŞİRKETİ;SOĞANLI MAHALLESİ 3.ÇAY SK. NO: 62 /1 OSMANGAZİ BURSA;(224) 2120078;http://www.ilerialu.com;ilerialu.com;TET - Elektrik ve Elektronik İhracatçıları Birliği
AKPEN PLASTİK PENCERE AKSESUARLARI NAKLİYE SANAYİ İÇ VE DIŞ TİCARET ANONİM ŞİRKETİ;HADIMKÖY MH UÇURTMA SK NO:6 ARNAVUTKÖY İSTANBUL;(212) 7983434;www.akpennew.com;akpennew.com;TET - Elektrik ve Elektronik İhracatçıları Birliği
AKADEMİA YAPI İTH. İHR. SAN. VE TİC. A.Ş;İKİTELLİ OSB MH İSTEKS SAN SİT E2 NO:17 BAŞAKŞEHİR İSTANBUL;(000) 0000000;www.akademia.com.tr;akademia.com.tr;TET - Elektrik ve Elektronik İhracatçıları Birliği
ANKA KALİBRASYON TEST ÖLÇÜM DAN. VE DIŞ TİC. LTD.ŞTİ.;MELİH GÖKÇEK BULVARI 1476 SOK. İVEDİK İŞ MERKEZİ NO: 8/7 İVEDİK YENİMAHALLE ANKARA;(312) 3954225;www.ankakalibrasyon.com.tr;ankakalibrasyon.com.tr;TET - Elektrik ve Elektronik İhracatçıları Birliği
YON FREN TEKNIK SAN.VE TIC A.S.;İÇMELER MAH. FIRAT SOK. NO:6/B-1 TUZLA İSTANBUL;(216) 3942920;www.yonteknik.com;yonteknik.com;TET - Elektrik ve Elektronik İhracatçıları Birliği
CAGRI MAKINA SANAYI VE TICARET LTD.STI.;ÖMERLİ MAH. MISIR SK. NO:16 HADIMKÖY(BOYALIK) ARNAVUTKÖY İSTANBUL;(212) 7982886;www.cagrimakina.com;cagrimakina.com;TET - Elektrik ve Elektronik İhracatçıları Birliği
ÇETSA KOZMETİK AMBALAJ GIDA VE HAYVANCILIK SANAYİ TİCARET LİMİTED ŞİRKETİ;YENIBOSNA MERKEZ MAHALLESI, CEMAL ULUSOY CADDESINO:57/6 BAHÇELİEVLER İSTANBUL;(212) 0000000;http://www.cetsagroup.com;cetsagroup.com;TET - Elektrik ve Elektronik İhracatçıları Birliği
AYFİRA İNŞAAT DIŞ TİCARET ANONİM ŞİRKETİ;KÜÇÜKBAKKALKÖY MAHALLESİ YENİDOĞAN CADDESİ HAZAR SOKAKNUMARA:4 KÜÇÜKBAKKALKÖY ATAŞEHİR İSTANBUL;(216) 5755656;www.ayfira.com.tr;ayfira.com.tr;TET - Elektrik ve Elektronik İhracatçıları Birliği
ATASOY ALÜMİNYUM A.Ş.;15 TEMMUZ MAH. 1384.SOK. NO:5/A BAĞCILAR İSTANBUL;(212) 0000000;www.atasoyyapi.com;atasoyyapi.com;TET - Elektrik ve Elektronik İhracatçıları Birliği
AL METAL SAN.VE TİC.A.Ş;MERKEZ MH UYSALLAR SK NO:1 GAZİOSMANPAŞA İSTANBUL;(212) 6598877;www.almetal.com.tr;almetal.com.tr;TET - Elektrik ve Elektronik İhracatçıları Birliği
EVRİVA ENDÜSTRİYEL KİMYA VE KOZMETİK ÜRÜNLERİ SANAYİ VE TİCARET LİMİTED ŞİRKETİ;İKİTELLİ OSB MAH.MUTFAKÇILAR M5 BLOKSK.MTFAKÇILAR SANAYİ M5 BLOK NO:48 BAŞAKŞEHİR İSTANBUL;(212) 4383272;http://www.evriva.com;evriva.com;TET - Elektrik ve Elektronik İhracatçıları Birliği
DİJİTAL ELEKTRONİK BİLGİSAYAR SANAYİ VE TİCARET LİMİTED ŞİRKETİ;ARAP CAMİ MAH. TERSANE CAD. SELANİK PASAJI NO:8-22 KARAKÖY BEYOĞLU İSTANBUL;(212) 2438354;www.kablocenter.com;kablocenter.com;TET - Elektrik ve Elektronik İhracatçıları Birliği
SANAYİ TİPİ ENDÜSTRİYEL MUTFAK EKİPMANLARI İTH.İHR.SAN.VE TİC.LTD.ŞTİ.;İSTANBUL ESENLER YAVUZ SELİM MAH. MEHMETÇİK SOKAKNO:12 KAT:3 DAİRE:7 ESENLER ESENLER İSTANBUL;(212) 5683300;www.standyapim.com;standyapim.com;TET - Elektrik ve Elektronik İhracatçıları Birliği
PİDOSAN PLASTİK DOĞRAMA VE İNŞAAT SANAYİ A.Ş.;IVEDIK CAD.NO.8 6170 YENİMAHALLE YENİMAHALLE ANKARA;03123435181;www.pidosan.com.tr;pidosan.com.tr;TET - Elektrik ve Elektronik İhracatçıları Birliği
COŞKUN TEKNOLOJİ VE YAYINCILIK HİZM. SAN. TİC. LTD. ŞTİ.;HÜRRİYET BULVARI DEPARKO SANAYİ SİTESİ NO. 1/38/3003 İKİTELLİ OSB BAŞAKŞEHİR İSTANBUL;;www.coskunteknoloji.com.tr;coskunteknoloji.com.tr;TET - Elektrik ve Elektronik İhracatçıları Birliği
ROGI İNŞAAT AHŞAP MİMARLIK PROJE UYGULAMA LİMİTED ŞİRKETİ;FERHATPAŞA MAH. AKDENİZ CAD G-61 SOK. NO.6 ATAŞEHİR İSTANBUL;(216) 6613273;www.rogi.com.tr;rogi.com.tr;TET - Elektrik ve Elektronik İhracatçıları Birliği
ULUS METAL SANAYİ VE TİCARET A.Ş.;GEBZE OSB2 MAH.1000. CD.NO.1039/1 ÇAYIROVA KOCAELİ;(262) 6771021;www.ulusmetal.com.tr;ulusmetal.com.tr;TET - Elektrik ve Elektronik İhracatçıları Birliği
VESMEC MAKİNA SANAYİ MÜMESSİLLİK DANIŞMANLIK VE TİCARET ANONİM ŞİRKETİ;AYDINTEPE MAH. AKYILDIZ SOK. NO.3 İÇMELER TUZLA İSTANBUL;(216) 4932973;www.vesmec.com;vesmec.com;TET - Elektrik ve Elektronik İhracatçıları Birliği
MİTHAT GÜNER;ŞABANOĞLU MAH.KROM CAD.N:52/1 TEKKEKÖY SAMSUN;(362) 2664616;www.samsunmetal.com;samsunmetal.com;TET - Elektrik ve Elektronik İhracatçıları Birliği
MORIS ABRAVAYA;GİYİMKENT 9.SOKAK NO 64A ESENLER İSTANBUL;(212) 4380702;www.ma-cs.eu;ma-cs.eu;TET - Elektrik ve Elektronik İhracatçıları Birliği
MOT PASLANMAZ ÇELİK SAN VE TİC.LTD. ŞTİ;İKİTELLİ OSB MH ÇEVRE SAN SİT 2 BLOK NO:5 BAŞAKŞEHİR İSTANBUL;(212) 4860055;www.motdesing.com.tr;motdesing.com.tr;TET - Elektrik ve Elektronik İhracatçıları Birliği
MOT TASARIM MIM. INS. TUR. IC VE DIS DEKOR.LTD.STI.;IKITELLI ORG.SAN.BOLGESI CEVRESAN.SITESI 2.BLOK NO.5 KÜÇÜKÇEKMECE İSTANBUL;02124860055;www.mottasarimmimarlik.com;mottasarimmimarlik.com;TET - Elektrik ve Elektronik İhracatçıları Birliği
MTM ENDÜSTRİYEL SU ARITMA VE PROJE UYGULAMALARI SİSTEMLERİ SANAYİ TİCARET LİMİTED ŞİRKETİ;ÜNİVERSİTE MAH. ZAMBAK SK. N:5/1A AVCILAR İSTANBUL;(212) 6948507;www.mtmsuaritma.com.tr;mtmsuaritma.com.tr;TET - Elektrik ve Elektronik İhracatçıları Birliği
ÖZGÜR DENTAL İTHALAT İHRACAT SANAYİ TİCARET LİMİTED ŞİRKETİ;ŞEHREMİNİ MAH ŞAİR MEHMET EMİN SOKAK NO:6A FATİH İSTANBUL;(212) 0000000;http://www.ozgurdental.com.tr;ozgurdental.com.tr;TET - Elektrik ve Elektronik İhracatçıları Birliği
AKAY ENERJİ SİSTEMLERİ MEKANİK GEMİ İNŞ. TURZ. SAN. VE TİC. LTD. ŞTİ;IST.DERI ORG.SAN.BOLG.C-BLOK1.BODRUM KAT TUZLA İSTANBUL;(216) 3940262;www.tokayelektrik.com.tr;tokayelektrik.com.tr;TET - Elektrik ve Elektronik İhracatçıları Birliği
ADAM BİLİŞİM TEKNOLOJİLERİ İÇ VE DIŞ TİC.LTD.ŞTİ.;NECİP FAZIL MAHALLESİ ALEMDAĞ CADDESİ BAHRİ SOKAK NO:1/3 ÜMRANİYE İSTANBUL;(212) 4560285;www.adambilisim.com;adambilisim.com;TET - Elektrik ve Elektronik İhracatçıları Birliği
AUTOFRESH KİMYA SANAYİ TİCARET LTD. ŞTİ.;MEHMET AKİF ERSOY MAH. 1. ÖTEYAKA KÜME EVLER MEVKİNO:71/1 KEMALPAŞA İZMİR;(232) 3737372;http://www.autofreshkimya.com;autofreshkimya.com;TET - Elektrik ve Elektronik İhracatçıları Birliği
EK-MAŞ GIDA MAKİNA SANAYİ TİCARET LİMİTED ŞİRKETİ;KAGİTHANE BARBAROS CD ŞEBNEM SK NO:10/A SEYRANTEPE KAĞITHANE İSTANBUL;(212) 2851651;www.ekmas.com.tr;ekmas.com.tr;TET - Elektrik ve Elektronik İhracatçıları Birliği
ECOM METAL DIŞ TİCARET PAZARLAMA SANAYİ ANONİM ŞİRKETİ;ORGANİZE SANAYİ BÖLGESİ 1.KISIM 1.CADDE NO:10 MERKEZ SİVAS;(346) 2181384;www.ecommetal.com.tr;ecommetal.com.tr;TET - Elektrik ve Elektronik İhracatçıları Birliği
DİDEM BARUT;YAKACIK YENİ MAH. SAMANDIRA CAD. NO:49/B KARTAL İSTANBUL;(216) 3899580;http://www.estetouchmedikal.com;estetouchmedikal.com;TET - Elektrik ve Elektronik İhracatçıları Birliği
ERKAN DEPO VE MARKET RAF SİSTEMLERİ DIŞ TICARET ANONIM ŞİRKETİ;CUMHURİYET MAH. İSMET İNÖNÜ CAD. NO: 24 ÇAYIROVA KOCAELİ;(262) 6581254;www.erkanraf.com;erkanraf.com;TET - Elektrik ve Elektronik İhracatçıları Birliği
HUSH KOZMETİK A.Ş.;ACARLAR MAH. ACARKENT SİTESİ 18.SK. NO:1 C78B BEYKOZ İSTANBUL;(216) 0000000;http://www.sistemkozmetik.com;sistemkozmetik.com;TET - Elektrik ve Elektronik İhracatçıları Birliği
INTER MUTFAK ESYALARI TICARET A.S.;MALIYE CAD.RUYA HAN NO:15 K:3 BEYOĞLU İSTANBUL;(212) 2930293;www.intermutfak.com.tr;intermutfak.com.tr;TET - Elektrik ve Elektronik İhracatçıları Birliği
KIRMIZIGÜL KİMYA KAUÇUK SANAYİ VE TİCARET LİMİTED ŞİRKETİ;GAZİTEPE MAH M.ÖRDEKÇİOĞLU CAD FABRİKALAR MEVKİİ SİLİVRİ İSTANBUL;(212) 6718061;www.kirmizigüllkimya.com.tr;kirmizigüllkimya.com.tr;TET - Elektrik ve Elektronik İhracatçıları Birliği
M.P.S. METAL-PLASTİK SAN. ÇEMBER VE PAKETLEME SİSTEMLERİ İMALAT VE TİC. AŞ;DİLOVASI ORGANİZE SANAYİ BÖLGESİ 5. KIS.D-5009. SOK. NO:1 DİLOVASI KOCAELİ;(262) 6489800;www.mpsmetal.com.tr;mpsmetal.com.tr;TET - Elektrik ve Elektronik İhracatçıları Birliği
MEKANİK GROUP MAKİNE ANONİM ŞİRKETİ;İKİTELLİ ORG. SAN. BÖLGESİ TORMAK SANAYİ SİTESİ T BLOK NO:28 BAŞAKŞEHİR İSTANBUL;(212) 4851754;www.mekanikmakina.com.tr;mekanikmakina.com.tr;TET - Elektrik ve Elektronik İhracatçıları Birliği
OVİSTA MÜHENDİSLİK SANAYİ TİCARET LİMİTED ŞİRKETİ;YEŞİLCE MAHALLESİ YUNUS EMRE CADDESİ NO:8İÇ KAPI NO:1 KAĞITHANE İSTANBUL;;https://ovista.com.tr/;ovista.com.tr;TET - Elektrik ve Elektronik İhracatçıları Birliği
OERLİKON KAYNAK ELEKTRODLARI VE SANAYİ ANONİM ŞİRKETİ;MASLAK MH BİLİM SK SUN PLAZA 5A-29 SARIYER İSTANBUL;(212) 4111400;www.oerlikon.com.tr;oerlikon.com.tr;TET - Elektrik ve Elektronik İhracatçıları Birliği
TMS KALIP VE İSKELE SIST.SAN.V E TIC.A.Ş.;BAĞDAT MAH D-100 KARAYOLU CAD N:446 KARTEPE KOCAELİ;(262) 3752207;www.tms.tc;tms.tc;TET - Elektrik ve Elektronik İhracatçıları Birliği
TEKYOL PLUS YAPI ENDÜSTRİSİ A.Ş.;MASLAK MAHALLESİ ESKİ BÜYÜKDERE CADDESİ NO:9 İZ PLGİZ KAT:10 DAİRE:35 SARIYER İSTANBUL;(212) 3029112;http://www.tekyolplus.com;tekyolplus.com;TET - Elektrik ve Elektronik İhracatçıları Birliği
TITANIUM AKSESUAR SANAYİ VE TİCARET LİMİTED ŞİRKETİ;BAŞAKŞEHİR 1 KISIM ARI KUŞU CD B2 A BLOK NO:25 D:22 BAŞAKŞEHİR İSTANBUL;(000) 0000000;www.titanium-tr.com;titanium-tr.com;TET - Elektrik ve Elektronik İhracatçıları Birliği
TAN-ALİZE KOZMETİK VE TEMİZLİK ÜRÜNLERİ SAN. VE TİC. A.Ş.;OMERLI MAH. URAN CAD. NO.32 ÇEKMEKÖY İSTANBUL;(216) 4357033;www.farmasi.com.tr;farmasi.com.tr;TET - Elektrik ve Elektronik İhracatçıları Birliği
RHEOCON YAPI MALZEMELERİ SANAYİ VE TİCARET ANONİM ŞİRKETİ;AYDINLI-KOSB MH.ORGANİK CAD. NO:32 AKFIRAT TUZLA İSTANBUL;(216) 7714145;http://rcmrheocon.com/;rcmrheocon.com;TET - Elektrik ve Elektronik İhracatçıları Birliği
PINAR PASLANMAZ METAL İNŞAAT SANAYİ VE TİCARET LİMİTED ŞİRKETİ;ABDURRAHMAN GAZİ MH. ER YILMAZ SK. NO:13 KARTAL İSTANBUL;(216) 3771638;www.pinarinsaat.net;pinarinsaat.net;TET - Elektrik ve Elektronik İhracatçıları Birliği
PATIRER DIŞ TİCARET ANONİM ŞİRKETİ;PATIRER DIŞ TİCARET ANONİM ŞİRKETİDEĞİRMEN İŞ HANI KAT:2 BÜRO: 207 OSMANGAZİ BURSA;(224) 4089774;https://patirer.com/;patirer.com;TET - Elektrik ve Elektronik İhracatçıları Birliği
RTS REKLAM HİZMETLERİ TİCARET LİMİTED ŞİRKETİ;RAMAZANOĞLU MAH.KAYNARCA CAD.NO:20/A RAMAZANOĞLU MAH PENDİK İSTANBUL;(216) 6270777;www.rtsreklam.com;rtsreklam.com;TET - Elektrik ve Elektronik İhracatçıları Birliği
BİLEŞKE MAKİNE MÜHENDİSLİK İMALAT SANAYİ VE TİCARET LİMİTED ŞİRKETİ;DERİ OSB MH. DŞLEK SK. NO:4/A TUZLA İSTANBUL;(216) 3948918;www.bileskemakine.com;bileskemakine.com;TET - Elektrik ve Elektronik İhracatçıları Birliği
CEVAT ADIGÜZEL;YUKARI MH DR SADIK AHMET SK KULAOGLU APT NO:5D KARTAL İSTANBUL;;www.acspergolasistemleri.com;acspergolasistemleri.com;TET - Elektrik ve Elektronik İhracatçıları Birliği
COKESEN ELEKTRONIK SAN VE TIC. LTD.STI.;SEHIT MUCAHIT S. NO:75 MALTEPE İSTANBUL;02164590465;www.cokesen.com;cokesen.com;TET - Elektrik ve Elektronik İhracatçıları Birliği
FLAMA MARİN GEMİ İNŞ.TUR.SAN.VE DIŞ TİC.LTD.ŞTİ.;ESENYALI MAH.EDEBALİ CAD.NO.26 PENDİK İSTANBUL;(216) 3921012;www.flamamarin.com;flamamarin.com;TET - Elektrik ve Elektronik İhracatçıları Birliği
ERC SAĞLIK ÜRÜN. OPTİK İNŞ. GIDA ORG. DANIŞ. BİL. SANA. VE TİC. LTD. ŞTİ.;SAĞLIK MAHALLESİ ADAKALE SOKAK 8/5 KIZILAY ÇANKAYA ANKARA;(312) 4340024;www.ercsaglik.com;ercsaglik.com;TET - Elektrik ve Elektronik İhracatçıları Birliği
ERKENT SAĞLIK ÜRÜNLERİ PAZ. SAN. VE TİC. LTD. ŞTİ.;AKSU SK. NO:9/21 SIHHİYE ÇANKAYA ANKARA;(312) 4333055;www.erkentsaglik.com;erkentsaglik.com;TET - Elektrik ve Elektronik İhracatçıları Birliği
KALANDO PROFESYONEL MUTFAK SANAYİ VETİCARET LİMİTED ŞİRKETİ;İOSB MH KÜÇÜK SAN SİT İSTEKS SAN SİT SOSYAL MERKEZ BİNASI NO:29-30 BAŞAKŞEHİR İSTANBUL;(212) 6478561;www.kalando.com;kalando.com;TET - Elektrik ve Elektronik İhracatçıları Birliği
ORTOTEKS ORTOPEDİ VE TEKSTİL ÜRÜNLERİ DIŞ TİCARET SANAYİ LİMİTED ŞİRKETİ;MEHMET AKİF ERSOY MAH. EGEMEN CAD. NO:115 ARNAVUTKÖY İSTANBUL;(212) 5679234;www.bioaktif.com;bioaktif.com;TET - Elektrik ve Elektronik İhracatçıları Birliği
VENTANAKS YAPI MALZEMELERİ TİCARET LİMİTED ŞİRKETİ;ORHANGAZİ MH İSİSO SAN SİT 14 YOL SK NO:18 ESENYURT İSTANBUL;(212) 6231837;www.ventenaks.com;ventenaks.com;TET - Elektrik ve Elektronik İhracatçıları Birliği
GNC POWER MÜHENDİSLİK İNŞAAT BAKIM ANONİM ŞİRKETİ;BARBAROS MAH. IHLAMUR BUL. AĞAOĞLU MY NEWWORKNO:3/15 ATAŞEHİR İSTANBUL;(216) 7066161;http://www.gncpower.tr;gncpower.tr;TET - Elektrik ve Elektronik İhracatçıları Birliği
CULHA HIRDAVATÇILIK VE TİCARET ANONİM ŞİRKETİ;KANTARCILAR CD NO:31-33 KÜÇÜKPAZAR FATİH İSTANBUL;(212) 5132309;www.cunhahirdavat.com;cunhahirdavat.com;TET - Elektrik ve Elektronik İhracatçıları Birliği
ACAR KAHVE DEĞİRMENLERİ VE HEDİYELİK EŞYA SANAYİ LİMİTED ŞİRKETİ;EMİNÖNÜ MERCAN UZUNÇARŞI CAD. NO:126/1 FATİH İSTANBUL;(212) 5227807;www.acardegirmenleri.com;acardegirmenleri.com;TET - Elektrik ve Elektronik İhracatçıları Birliği
ALUTUREX ALÜMİNYUM SANAYİ VE TİCARET LİMİTED ŞİRKETİ;ZAFER MH DOĞAN ARASLI BULVARI N CADDE BUSİNESS NO:97-99 D:96 ESENYURT İSTANBUL;(212) 8136216;www.aluturex.com;aluturex.com;TET - Elektrik ve Elektronik İhracatçıları Birliği
YALCIN HAVUZ SU ARITMA SAN.VE TIC.LTD.STI.;ORHANGAZİ MAH.7.YOL SK.ISISO SAN.SİT.L BLOK NO:18 ESENYURT İSTANBUL;02126232026;www.yalcinhavuz.com;yalcinhavuz.com;TET - Elektrik ve Elektronik İhracatçıları Birliği
WEICON KİMYA SAN. TİC. LTD. ŞTİ.;ISISO SAN.SİTESİ ORHANGAZİ MAH.16.YOL SOK.NO:6 ESENYURT İSTANBUL;(212) 4653365;www.weicon.biz.tr;weicon.biz.tr;TET - Elektrik ve Elektronik İhracatçıları Birliği
ERKİN ÇELİK KONSTRÜKSİYON İMALAT MONTAJ VE İNŞAAT SANAYİ TİCARET LİMİTED ŞİRKETİ;YENİŞEHİR MAH. BAKÜ CAD. ARMA REZİDANS NO:65 D-167 PENDİK İSTANBUL;(216) 7512488;www.erkincelik.com;erkincelik.com;TET - Elektrik ve Elektronik İhracatçıları Birliği
ELİPS ISI VE TESİSAT MALZ. SAN.TİC. LTD. ŞTİ.;ORUÇREİS MAH TEKSTİLKENT İŞ MERKZ ORUÇREİS MAH TEKSTİLKENT İŞ MERKZ ESENLER İSTANBUL;(212) 6212034;www.elipsticaret.com;elipsticaret.com;TET - Elektrik ve Elektronik İhracatçıları Birliği
IŞILPLAST PLASTİK SANAYİ VE TİCARET ANONİM ŞİRKETİ;ULUS MAH. ÇATALCA YOLU NO:597 BÜYÜKÇEKMECE İSTANBUL;(212) 8610192;www.siesta.com.tr;siesta.com.tr;TET - Elektrik ve Elektronik İhracatçıları Birliği
GEZEGEN YAPI İNŞAAT SANAYİ VE TİCARET LİMİTED ŞİRKETİ;GÜNEŞLİ MAH.FEVZİÇAKMAK CAD.NO.4/71 A BLOK GÜNEŞLİPARK BAĞCILAR İSTANBUL;;http://www.gezegenyapi.com;gezegenyapi.com;TET - Elektrik ve Elektronik İhracatçıları Birliği
GALSAN PLASTIK VE KALIP SANAYI A.S.;D.O.S.B. 2. KISIM D2028 SOK. NO:23DİLOVASI GEBZE KOCAELİ;(262) 6777575;www.galsan.com;galsan.com;TET - Elektrik ve Elektronik İhracatçıları Birliği
AYDIN AYDIN ELEKTRONİK VE DAYANIKLI TÜKETİM MALLARI SAN. VE TİC. LTD. ŞTİ.;EMEKYEMEZ M.OKCU MUSA C. N:8/A BEYOĞLU İSTANBUL;;www.aydinaydin.com.tr;aydinaydin.com.tr;TET - Elektrik ve Elektronik İhracatçıları Birliği
AYDIN NAVRUZ;GÜLTEPE MAH. BAĞLAR CAD ÜMİT SOKAK NO:3/C KÜÇÜKÇEKMECE İSTANBUL;(212) 5804085;www.colbeyoglu.com;colbeyoglu.com;TET - Elektrik ve Elektronik İhracatçıları Birliği
ARTENT YAPI VE TENTE SİSTEMLERİ İÇ VE DIŞ TİC.SAN.A.Ş.;AKÇABURGAZ MH 3044 SK NO:1 ESENYURT İSTANBUL;(212) 8862708;www.artent.com.tr;artent.com.tr;TET - Elektrik ve Elektronik İhracatçıları Birliği
ARZU KOZMETİK SAN. VE TİC. LTD.ŞTİ.;ORHANGAZİ MAH. 1714 SOK MİMSAN NO:21 ESENYURT İSTANBUL;(212) 6135634;www.arzukozmetik.com;arzukozmetik.com;TET - Elektrik ve Elektronik İhracatçıları Birliği
360 HOME DECOR MİMARLIK VE MOB. SAN. VE TİC. LTD. ŞTİ;İKİTELLİ OSB MH. MASKO MOBİLYACILAR KENTİ 15-B NO:9-11 BAŞAKŞEHİR İSTANBUL;(216) 4156036;www.360homedecor.com.tr;360homedecor.com.tr;TET - Elektrik ve Elektronik İhracatçıları Birliği
2BRK İNŞAAT LOJİSTİK İÇ VE DIŞ TİCARET LİMİTED ŞİRKETİ;SOĞANLIK YENİ MAH.ALTAŞ SOK.TEYFİK PEŞKET APT.NO:2/2 KARTAL İSTANBUL PK:34880 KARTAL İSTANBUL;(216) 5104660;www.2khedef.com.tr;2khedef.com.tr;TET - Elektrik ve Elektronik İhracatçıları Birliği
ACTO PHARMA HİJYEN SAN.T.C.A.Ş.;AKÇABURGAZ MAH. 3038 SOKAK, NO: 11 ESENYURT İSTANBUL;(212) 7715621;www.actopharma.com;actopharma.com;TET - Elektrik ve Elektronik İhracatçıları Birliği
BULUTLU MAKİNE SANAYİ VE DIŞ TİCARET ANONİM ŞİRKETİ;AYDINLI SB MAH. 9. SK. TTM NO:2 / Z01 TUZLA İSTANBUL;(216) 4464795;https://www.bulutlumarine.com/tr-tr;bulutlumarine.com;TET - Elektrik ve Elektronik İhracatçıları Birliği
NURPET AMBALAJ A.Ş.;BEYLİKDÜZÜ OSB MAH.9.CADDE NO:14 BEYLİKDÜZÜ OSB MAH. BEYLİKDÜZÜ İSTANBUL;(212) 8755862;www.nurpet.com.tr;nurpet.com.tr;TET - Elektrik ve Elektronik İhracatçıları Birliği
MEBAY DIŞ TİC.İNŞ.PAZ.LTD.ŞTİ.;AYDINLI MAH. PATLAYICI MADDE YOLU RABİA SOK.NO:49/B TUZLA İSTANBUL;(216) 3933190;www.mebay.com.tr;mebay.com.tr;TET - Elektrik ve Elektronik İhracatçıları Birliği
MAXPREFABS YAPI MİMARLIK TİCARET LİMİTED ŞİRKETİ;TOPSELVİ MAHALLESİ EDANUR SOK NO:2 DAİRE 155TERAS KULE 1 KARTAL İSTANBUL;(216) 5159070;http://www.maxprefabs.com;maxprefabs.com;TET - Elektrik ve Elektronik İhracatçıları Birliği
PLASTO PLASTİK ORGANİZE İTHALAT VE İHRACAT LİMİTED ŞİRKETİ;ANKARA CAD. AKSEKİ SOK. NO: 2A DOLAYOBA PENDİK İSTANBUL;(216) 3799200;www.plasto.com.tr;plasto.com.tr;TET - Elektrik ve Elektronik İhracatçıları Birliği
REM CELIK END.MLZ.SAN.IC VE DIS.TIC.LTD.STI.;GURPINAR ADNAN KAHVECI MAH. KOROGLU CD NO:.43/1 BÜYÜKÇEKMECE İSTANBUL;02128753082;www.remcelik.com;remcelik.com;TET - Elektrik ve Elektronik İhracatçıları Birliği
TİTGEMEYER TURKEY BAĞLANTI TEKNOLOJİLERİ SANAYİ VE TİCARET ANONİM ŞİRKETİ;BARBAROS MAH. IHLAMUR BLV. SARKAÇ SOK. MY PRESTİGEİŞ.M.NO.1 K.8 D:58 ATAŞEHİR İSTANBUL;(216) 6882027;www.titgemeyer.com.tr;titgemeyer.com.tr;TET - Elektrik ve Elektronik İhracatçıları Birliği
TEKNOTUR DIŞ TİC. VE TURZ. SAN . LTD. ŞTİ.;DOLAPDERE SAN. SİT. 11.ADA NO:25 İKİTELLİ BAŞAKŞEHİR İSTANBUL;(212) 6710550;www.teknoturtrade.com;teknoturtrade.com;TET - Elektrik ve Elektronik İhracatçıları Birliği
STOKARTI DİJİTAL HİZMETLER VE TİCARET ANONİM ŞİRKETİ;TALATPAŞA CD. NO:5/1 34394 ŞİŞLİİSTANBUL ESENTEPE MAH 34394 ŞİŞLİ SARIYER İSTANBUL;(212) 9836996;https://stokarti.com;stokarti.com;TET - Elektrik ve Elektronik İhracatçıları Birliği
WALD İNŞAAT MİMARLIK DANIŞMANLIK İÇ VE DIŞ TİCARET ANONİM ŞİRKETİ;YAYLA MAHALLESİ PİRİNÇÇİ KÖYÜ YOLU BULVARI NO:66 SULTANGAZİ İSTANBUL;(212) 0000000;http://www.waldgrup.com;waldgrup.com;TET - Elektrik ve Elektronik İhracatçıları Birliği
SEMBOL AMBLEM DEKORATİF EŞYA SAN. VE TİC. AŞ;MECLİS MH SEMİH SANCAR CD İLKNUR SK NO:10 SANCAKTEPE İSTANBUL;(216) 6214572;www.sembolamblem.com.tr;sembolamblem.com.tr;TET - Elektrik ve Elektronik İhracatçıları Birliği
GEFA GEMİ VE FABRİKA MALZEMELERİ HIRDAVAT TİC. SAN. LTD. ŞTİ.;ORHANLI MH. ULU SK. MALEZYUM KİMYA BLOK NO:3 TUZLA İSTANBUL;(212) 4467350;www.ge-fa.com;ge-fa.com;TET - Elektrik ve Elektronik İhracatçıları Birliği
GÜVEN DENTAL DİŞ MALZ. MEDİKAL. İNŞ. SAN VE TİC LTD ŞTİ;MOLLA GÜRANİ MAH. OĞUZHAN CAD. NO:16/0 FATİH İSTANBUL;(212) 6311907;http://www.guvendental.com.tr;guvendental.com.tr;TET - Elektrik ve Elektronik İhracatçıları Birliği
HAN İNOVASYON ELEKTRONİK LİMİTED ŞİRKETİ;İVEDİKOSB MAH. 2224 CAD. NO: 1 İÇ KAPI NO: 226 YENİMAHALLE ANKARA;(312) 9950095;http://www.haninovasyon.com;haninovasyon.com;TET - Elektrik ve Elektronik İhracatçıları Birliği
HAVENSİS ELEKTRONİK YENİLENEBİLİR ENERJİ SİSTEMLERİ ARAŞTIRMA GELİŞTİRME YAZILIM MÜHENDİSLİK MAKİNA;KÜÇÜKBALIKLI MAHALLESİ 2.KADEM SOKAK NO:26A OSMANGAZİ BURSA;(224) 3411130;http://www.havensis.com.tr;havensis.com.tr;TET - Elektrik ve Elektronik İhracatçıları Birliği
İBA KİMYA SANAYİ VE TİCARET ANONİM ŞİRKETİ;1.OSB OĞUZ CD.NO:22 SİNCAN ANKARA;(312) 2670983;www.iba.com.tr;iba.com.tr;TET - Elektrik ve Elektronik İhracatçıları Birliği
EROL YÜKSEK;1720 SOKAK NO:5 ORHAN GAZİ 34903 34510 ESENYURT, ESENYURT İSTANBUL;(212) 6573173;www.narsistparfum.com.tr;narsistparfum.com.tr;TET - Elektrik ve Elektronik İhracatçıları Birliği
BTUS MEDİKAL TEKNOLOJİ ANONİM ŞİRKETİ;2134 CADDE BERK APARTMANI 5/10 MUSTAFA KEMAL PAŞA 06400 ÇANKAYA ANKARA;(312) 4282887;http://www.btusmedical.com;btusmedical.com;TET - Elektrik ve Elektronik İhracatçıları Birliği
ACR KİLİTLEME SİSTEMLERİ TİCARET LİMİTED ŞİRKETİ;YUKARI DUDULLU MAHALLESİ NATO YOLU CAD. NO:182 B ÜMRANİYE İSTANBUL;(216) 6933358;http://www.acrkilitleme.com;acrkilitleme.com;TET - Elektrik ve Elektronik İhracatçıları Birliği
SMS SANAYİ MALZEMELERİ ÜRETİM VE SATIŞI ANONİM ŞİRKETİ;BOSTANCI YOLU KURU SK.NO:16 YUKARIDUDULLU ÜMRANİYE İSTANBUL;(216) 3643405;www.smstork.com;smstork.com;TET - Elektrik ve Elektronik İhracatçıları Birliği
SCHMALZ VAKUM SAN.VE TİC.LTD.ŞTİ.;YENİYOL SOK.CECANLAR İŞMERK.B BLOKNO:20/3-4 KOŞUYOLU KADIKÖY İSTANBUL;(216) 3400121;www.schmalz.com.tr;schmalz.com.tr;TET - Elektrik ve Elektronik İhracatçıları Birliği
RE GRUP ENDÜSTRİYEL ÜRÜNLER SANAYİ VE DIŞ TİCARET LİMİTED ŞİRKETİ;CEVIZLI MAH. TUGAY YOLU CAD. OFISIM ISTANBULA BLOKNO: 20 A IÇ KAPI NO: 41 MALTEPE İSTANBUL;(216) 7064367;http://www.bars.ge;bars.ge;TET - Elektrik ve Elektronik İhracatçıları Birliği
TEKKON MÜHENDİSLİK İNŞAAT TİC. SAN. A.Ş.;MUSTAFA KEMAL MAH. VİA GREEN İŞ MERKEZİ 2079.SOK NO 2/B-54 ÇANKAYA ANKARA;03124466560;www.tekkongroup.com;tekkongroup.com;TET - Elektrik ve Elektronik İhracatçıları Birliği
TEKBİR ZÜCC. OTOMOTİV ELEKTRİK ELEKTRONİK GIDA SANAYİ VE TİCARET LİMİTED ŞİRKETİ;MAHMUTBEY MAH. 1. YOL SK.NO:168 /1 BAĞCILAR/İSTANBUL BAĞCILAR İSTANBUL;(212) 6595972;http://www.tekbirticaret.com.tr/;tekbirticaret.com.tr;TET - Elektrik ve Elektronik İhracatçıları Birliği
TERMO MAKİNA SAN.VE TİC.A.Ş.;1. OSB. İSTİKLAL MAH. 1. CAD. NO:15 BEYKÖY DÜZCE DÜZCE;(380) 5537110;www.termomakina.com;termomakina.com;TET - Elektrik ve Elektronik İhracatçıları Birliği
TRİO MAKİNE VE YEDEK PARÇA SAN. TİC. LTD.ŞTİ.;ÇAĞLAYAN MAH. FEVZİ ÇAKMAK CAD. NO:24-26 KAĞITHANE İSTANBUL;(212) 2247700;www.triomakine.com;triomakine.com;TET - Elektrik ve Elektronik İhracatçıları Birliği
ÖZ İSTANBUL TEKSTİL MAKİNALARI İTH İHR SAN.VE TİC LTD ŞTİ;BAĞLAR MAH.ÇEŞME ALTI SK.NO:9 K:1 BAĞCILAR İSTANBUL;(212) 6550305;www.ozistanbul.com.tr;ozistanbul.com.tr;TET - Elektrik ve Elektronik İhracatçıları Birliği
MODA BRANDS AKSESUAR İTHALAT İHRACAT PAZARLAMA MİMARLIK SANAYİ VE TİCARET ANONİM ŞİRKETİ;SEYRANTEPE MAH. İBRAHİM KARAOĞLANOĞLU CAD. NO: 25 K:1 KAĞITHANE İSTANBUL;(212) 4911700;www.modaboncuk.com;modaboncuk.com;TET - Elektrik ve Elektronik İhracatçıları Birliği
MİA AKUSTİK SES İZOLASYON MALZEMELERİ TİCARET LİMİTED ŞİRKETİ;TALATPAŞA MAH. ALAKOÇ SK. NO: 2 İÇ KAPI NO: 2 KAĞITHANE İSTANBUL;;http://kemal@miaakustik.com;kemal@miaakustik.com;TET - Elektrik ve Elektronik İhracatçıları Birliği
TEKNİK KİMYA DONATIM MAKİNE ENERJİ SANAYİ VE TİCARET ANONİM ŞİRKETİ;AKÇABURGAZ MAH. 3137 SOK NO:10 ESENYURT İSTANBUL;(212) 8867304;www.teknikkim.com.tr;teknikkim.com.tr;TET - Elektrik ve Elektronik İhracatçıları Birliği
TEKNO ENDÜSTRİYEL KİMYASALLAR SANAYİ VE TİCARET LTD.ŞTİ.;AYDINLI MAH.PATLAYICI MADDELER YOLU SAN.SİT.D1 BLOK N:3/24 TUZLA İSTANBUL;(216) 3977534;www.teknoresin.com;teknoresin.com;TET - Elektrik ve Elektronik İhracatçıları Birliği
TUNÇTÜRK LOJİSTİK NAKLİYAT İÇ VE DIŞ TİCARET LTD. ŞTİ;FATİH MH. ÇAVUŞBAŞI CUMHURİYET CD. GİZEM APT. NO: 234 BEYKOZ İSTANBUL;(216) 4798909;http://www.tuncturklojistik.com/;tuncturklojistik.com;TET - Elektrik ve Elektronik İhracatçıları Birliği
TKMAR MERMER SAN. TİC. LTD. ŞTİ.;ATATÜRK MAH.12065 SOKAK NO:1/3 MERKEZ BURDUR;;www.tkmar.com;tkmar.com;TET - Elektrik ve Elektronik İhracatçıları Birliği
VARDAR DÖŞEME SÜNGER KAPLAMA LTD. ŞTİ.;NUMUNEBAG CAD.CINAR SOK.NO.28 BAYRAMPAŞA İSTANBUL;02126139040;www.vardar.com.tr;vardar.com.tr;TET - Elektrik ve Elektronik İhracatçıları Birliği
REKORPAN ISI CIHAZLARI SANAYI VE TICARET A.S.;AVP M. TEPESUYU S. N:7 KESTEL BURSA;02243318934;www.rekorgrup.com;rekorgrup.com;TET - Elektrik ve Elektronik İhracatçıları Birliği
NAİL BAKİ;CEDİT MAH. MUSA KAZIM. CAD. USTA SOK. NO: 3/A İZMİT KOCAELİ;;http://www.tuzodasi.org;tuzodasi.org;TET - Elektrik ve Elektronik İhracatçıları Birliği
OTELSAN BUKLET MALZEMELERİ OTEL EKİPMANLARI VE MİMARLIK HİZMETLERİ SANAYİ TİCARET ANONİM ŞİRKETİ;ÜÇEVLER MAHALLESİ COŞKUN SOKAK NO:9 İNCİ PLAZAKAT:1 OFİS:10 NİLÜFER BURSA;(224) 2502700;https://otelsan.com.tr/;otelsan.com.tr;TET - Elektrik ve Elektronik İhracatçıları Birliği
MARMATEK MUH.END.TEST OLCUM VE OTOMASYON SAN.VE TIC.LTD.STI.;TEKNOPARK İSTANBUL. SANAYİ MAH. TEKNOPARK BULVARI. NO:1-2C KAT:2 PENDİK İSTANBUL;02163671020;www.marmatek.com;marmatek.com;TET - Elektrik ve Elektronik İhracatçıları Birliği
MEDAK DENTAL MEDİKAL TİCARET ANONİM ŞİRKETİ;MECİDİYEKÖY MAH. KERVANGEÇMEZ SOK. NO:9/2İÇ KAPI NO: 6 ŞİŞLİ İSTANBUL;(212) 2884494;http://www.medakmedikal.com.tr;medakmedikal.com.tr;TET - Elektrik ve Elektronik İhracatçıları Birliği
MEHMET GÖKALP;SEYRANTEPE MAH. ALTINAY CAD. NO: 60 A KAĞITHANE İSTANBUL;(212) 3254787;http://www.mycellturkiye.com;mycellturkiye.com;TET - Elektrik ve Elektronik İhracatçıları Birliği
LİMOK İTHALAT-İHRACAT SANAYİ VE TİCARET LTD. ŞTİ.;GÜNDOĞDU SK. CENGİZ ATALAY İŞ MRK. NO:59 D:9 MİMAR SİNAN 34782 ÇEKMEKÖY İSTANBUL;;www.limok.com;limok.com;TET - Elektrik ve Elektronik İhracatçıları Birliği
İSTANBUL MERİDYEN MÜCEVHER SAAT VE AKSESUAR TİCARET A.Ş.;BALMUMCU MAHALLESİ BESTEKAR HACİFAİK SOKAK NO 6/2 BEŞİKTAŞ İSTANBUL;(212) 5193010;www.gilan.com;gilan.com;TET - Elektrik ve Elektronik İhracatçıları Birliği
KAHE CAM AKSESUARLARI HIRDAVAT SAN. VE TİCARET LTD.ŞTİ.;HÜRRİYET MH.CEMİLBENGÜ CD.N.48A/1 KAĞITHANE İSTANBUL;(212) 5111881;ww.kahe.com.tr;ww.kahe.com.tr;TET - Elektrik ve Elektronik İhracatçıları Birliği
EURASIA ULUSLARARASI TİCARET HİZMETLERİ LİMİTED ŞİRKETİ;FATİH SULTAN MEHMET MAH.GAZİ YENER TAŞKIN SK.C BLO KARTEPE KOCAELİ;(850) 4323520;https://www.groupwfs.com;groupwfs.com;TET - Elektrik ve Elektronik İhracatçıları Birliği
ERFADENT DİŞ MALZEMELERİ İTHALAT İHRACAT SANAYİ VE TİCARET LTD.ŞTİ;ORHANİYE MAHALLESİ, 614. CADDE NO:19/A-B 06000 KAHRAMANKAZAN ANKARA;;www.erfadent.com.tr;erfadent.com.tr;TET - Elektrik ve Elektronik İhracatçıları Birliği
ENDAKS ENDÜSTRİYEL AKSESUARLARI İTHALAT İHRACAT PAZARLAMA VE TİC. A.Ş.;BARIŞ MAH 1802 SOK NO:7 GEBZE KOCAELİ;02626426340;www.tempapano.com.tr;tempapano.com.tr;TET - Elektrik ve Elektronik İhracatçıları Birliği
DRN ENDÜSTRİYEL MUTFAK SAN. VE TİC. LTD. ŞTİ.;MAHMUTBEY MAH. DEVEKALDIRIM BULV.NO.16 İÇ KAPI NO:B1 MAHMUTBEY BAĞCILAR İSTANBUL;(212) 4470222;www.drnmutfak.com.tr;drnmutfak.com.tr;TET - Elektrik ve Elektronik İhracatçıları Birliği
İLAY MAKİNA GIDA İÇ VE DIŞ TİC. LTD. ŞTİ.;YENİGÜN MAH. 15 TEMMUZ BULV. NO:48 KAT:1 D:107 ADAPAZARI SAKARYA YENİGÜN MAH 54000 ADAPAZARI, SAKARY ADAPAZARI SAKARYA;;www.ilayvacuum.com;ilayvacuum.com;TET - Elektrik ve Elektronik İhracatçıları Birliği
INSTEEL ÇELİK VE PREFABRİK YAPILAR A.Ş.;KÖSELER 29. CD NO:20 ÜMRANİYE İSTANBUL;(216) 3748019;www.insteel.com.tr;insteel.com.tr;TET - Elektrik ve Elektronik İhracatçıları Birliği
HİDROSAM HİDROPAR HİDROLİK PNOMATİK ELEKTRONİK SAN. VE TİC. LTD. ŞTİ.;NILUFER TIC.MERK.DEMIRCI M.62.S.NO.2 NİLÜFER BURSA;02244418877;www.hidrosan.com;hidrosan.com;TET - Elektrik ve Elektronik İhracatçıları Birliği
HİDROMEK-HİDROLİK VE MEKANİK MAKİNA İMALAT SANAYİ VE TİCARET ANONİM ŞİRKETİ;ORG SAN BOLG. OSMANLI C. N:1 SİNCAN ANKARA;03122671260;www.hidromek.com.tr;hidromek.com.tr;TET - Elektrik ve Elektronik İhracatçıları Birliği
GÖVER ÇELİK HALAT İTH. İHR. SAN. VE TİC. LTD. ŞTİ.;ÜMMET SOKAK NO:11/A EVLİYA ÇELEBİ 34944 TUZLA, İSTANBUL, TÜRKİYE TUZLA İSTANBUL;02164470540;www.gover.com.tr;gover.com.tr;TET - Elektrik ve Elektronik İhracatçıları Birliği
AGON TEKNİK MÜHENDİSLİK YANGIN SİSTEMLERİ TAAHHÜT DANIŞMANLIK İNŞAAT SAN. VE TİC. LTD. ŞTİ.;MİMAR SİNAN MAH.EŞREF BİTLİS CAD. NO: 365 IÇ KAPI NO: 44 41000 KÖRFEZ KOCAELİ;(262) 2392466;www.agonteknik.com.tr;agonteknik.com.tr;TET - Elektrik ve Elektronik İhracatçıları Birliği
AYMEKAS METAL VE KAUÇUK SAN. VE TİC. LTD. ŞTİ;KOZLUK MH. 1 NOLU CAD. N:9 ERENLER SAKARYA;(264) 3534216;www.aymekas.com.tr;aymekas.com.tr;TET - Elektrik ve Elektronik İhracatçıları Birliği
BI-SU ALUMINYUM VE PVC SANAYI TICARET LİMİTED ŞİRKETİ;KARAYOLLARI MAH.559 SK.NO:24 GAZİOSMANPAŞA GAZİOSMANPAŞA İSTANBUL;(212) 6535301;www.bi-su.com;bi-su.com;TET - Elektrik ve Elektronik İhracatçıları Birliği
VURAL MED MEDİKAL İMALAT SANAYİ VE TİCARET LİMİTED ŞİRKETİ;İNÖNÜ MAH. 1738 CAD. YILDIRIMLAR SANAYI SİTESİ MILGUC BLOK NO: 1 İÇ KAPI NO: 5 YENİMAHALLE ANKARA;(312) 3104022;https://www.vuralmedikal.com.tr/;vuralmedikal.com.tr;TET - Elektrik ve Elektronik İhracatçıları Birliği
CROWN BEVCAN TURKIYE AMBALAJ SAN. VE TİC. LTD. ŞTİ.;ÇEPNİ MAHALLESİ ÇEPNİ CAD NO:332 KARTEPE KOCAELİ;(262) 2810080;www.crowncork.com.tr;crowncork.com.tr;TET - Elektrik ve Elektronik İhracatçıları Birliği
DAG DIŞ TİCARET LTD.ŞTİ;ÇINARDERE MAH.SEVDA SK.İSTANBUL VIEN 8/113 PENDİK İSTANBUL;;www.dagdıs.com;dagdıs.com;TET - Elektrik ve Elektronik İhracatçıları Birliği
BECAS KOZMETİK MEDİKAL GIDA TURİZM İNSAN KAYNAKLARI SANAYİ VE TİCARET ANONİM ŞİRKETİ;HALKALI MERKEZ MAH. ESKİ BAĞLAR CAD. NO:50 A KÜÇÜKÇEKMECE İSTANBUL;(212) 8859999;https://becasmedikal.com.tr/;becasmedikal.com.tr;TET - Elektrik ve Elektronik İhracatçıları Birliği
ASİSTAN KİMYA SANAYİ VE TİCARET LİMİTED ŞİRKETİ;ÜÇEVLER MAH. ÜNAY SOK. B BLOK 12 B/1 NİLÜFER BURSA;(224) 4416249;http://www.havuzdan.com;havuzdan.com;TET - Elektrik ve Elektronik İhracatçıları Birliği
ASTOR ALÜMİNYUM İMALAT SANAYİ VE TİCARET LİMİTED ŞİRKETİ;BARBAROS MAH.MOR SÜMBÜL SK. TEKNİK YAPI DELUXIA PALACE A BLOK NO:5 A /305 ATAŞEHİR İSTANBUL;(216) 5104525;www.teknokalip.com;teknokalip.com;TET - Elektrik ve Elektronik İhracatçıları Birliği
ATAŞEHİR POİNT TEKNİK VE SANAYİ ÜRÜNLERİ İTHALAT İHRACAT ANONİM ŞİRKETİ;İMES SANAYİ SİTESİ A BLOK 104 SOKAK NO 31 DUDULLU OSB ÜMRANİYE İSTANBUL;;http://www.atasehirpoint.com.tr;atasehirpoint.com.tr;TET - Elektrik ve Elektronik İhracatçıları Birliği
HYDRO YAPI SİSTEM SAN.VE TİC. A.Ş.;YEŞİLKÖY MAH. ATATÜRK CAD. NO:10/1 IDTM A1 BLOK KAT:16 OFİS NO:464 YEŞİLKÖY BAKIRKÖY İSTANBUL;(212) 4657650;www.sapa.com.tr;sapa.com.tr;TET - Elektrik ve Elektronik İhracatçıları Birliği
KOMPEN PVC YAPI VE İNŞ.MLZ.SAN VE TİC.A.Ş;KONYA-AFYON KARAYOLU 45.KM.LADİK MEVKİİ P.K7 SARAYÖNÜ KONYA;03326279396;www.kompen.com.tr;kompen.com.tr;TET - Elektrik ve Elektronik İhracatçıları Birliği
MED ECZA DEPOSU SANAYİ V E TİCARET ANONİM ŞİRKETİ;TURGUT ÖZAL MAHALLESİ 1467/1 CAD. NO:42/L YENİMAHALLE ANKARA;(312) 9111633;http://www.medeczadeposu.com;medeczadeposu.com;TET - Elektrik ve Elektronik İhracatçıları Birliği
MATEK ALÜMİNYUM İNŞAAT VE DANIŞMANLIK ANONİM ŞİRKETİ;MALTEPE MH FATİH ŞEHİTLERİ SK NO:4/1 ZEYTİNBURNU İSTANBUL;(212) 5012728;www.matekgrup.com;matekgrup.com;TET - Elektrik ve Elektronik İhracatçıları Birliği
ORTADOĞU ENDÜSTRİYEL AYDINLATMA ENERJİ OTOMASYON SAN.TİC.LTDS.ŞTİ;OSMANGAZİ MAH KOVAN SOK NO:4/1 KIRAÇ ESENYURT İSTANBUL;(212) 2202080;http://www.ortadoguendustri.com;ortadoguendustri.com;TET - Elektrik ve Elektronik İhracatçıları Birliği
NEUMO MÜHENDİSLİK VE PASLANMAZ ÇELİK SANAYİ VE TİCARET LİMİTED ŞİRKETİ;BIRLIK SAN.SITESI 6..CAD.NO.19 BEYLİKDÜZÜ İSTANBUL;02128750141;www.neumo.com.tr;neumo.com.tr;TET - Elektrik ve Elektronik İhracatçıları Birliği
NEDEX KİMYA SAN. VE TİC. A.Ş.;TATLISU MAH. ARACI SOK. NO.8 KAT: 1-2-3-4 34760 34760 ÜMRANİYE İSTANBUL;(216) 4880155;www.nedexgroup.com.tr;nedexgroup.com.tr;TET - Elektrik ve Elektronik İhracatçıları Birliği
MUHAMMET SALİH YILDIRIM;OSMANAĞA MAH SÖĞÜTLÜÇEŞME CAD NO:64A KADIKÖY İSTANBUL;(216) 0000000;www.tassandigi.com;tassandigi.com;TET - Elektrik ve Elektronik İhracatçıları Birliği
MERT TEKNİK FABRİKA MALZEMELERİ TİC. VE SAN. A. Ş.;Y.DUDULLU ORG. SAN. BÖLGESİ 1.CAD. NO:9 YUKARIDUDULLU ÜMRANİYE İSTANBUL;02122528434;www.mert.com;mert.com;TET - Elektrik ve Elektronik İhracatçıları Birliği
PEAK ENDÜSTRİYEL KAPI SİSTEMLERİ SANAYİ İÇ VE DIŞ TİCARET LİMİTED ŞİRKETİ;SAFA MAH. TAKVA CAD.NO.18 B SANCAKTEPE İSTANBUL;(216) 3677335;https://endustriyelkapi.com;endustriyelkapi.com;TET - Elektrik ve Elektronik İhracatçıları Birliği
SOLAKOĞLU TAŞIT VE TARIM ARAÇ İNŞ. TİC. LTD. ŞTİ.;HACI MİM MAH. NECATİ BEY CAD. NO:67 BEYOĞLU İSTANBUL;(212) 2458788;www.solax.com.tr;solax.com.tr;TET - Elektrik ve Elektronik İhracatçıları Birliği
SİSTEM KOZMETİK SAN. VE TİC. LTD. ŞTİ.;ACARLAR MH. ACARKENT 18 SK NO:C78B BEYKOZ İSTANBUL;(216) 4678888;www.sistemkozmetik.com;sistemkozmetik.com;TET - Elektrik ve Elektronik İhracatçıları Birliği
SERAY ULUSLARARASI TAŞIMACILIK İNŞAAT TİC.LTD.ŞTİ.;ŞİRİNEVLER MAH ADNAN KAHVECİ BUL HAYDAR AKIN İŞ MERKEZİ NO 206 /2 BAHÇELİEVLER İSTANBUL;;www.seraytrans.com;seraytrans.com;TET - Elektrik ve Elektronik İhracatçıları Birliği
TDC MAKİNA TESİSAT SANAYİ VE TİCARET ANONİM ŞİRKETİ;ÇERKEŞLİ OSB MAHALLESİ İMES-18 CAD.KÜÇÜK SANAYİ SİTESİ A-8 APT.NO:33/1 DİLOVASI KOCAELİ;(262) 5027427;http://www.tdcmakina.com/;tdcmakina.com;TET - Elektrik ve Elektronik İhracatçıları Birliği
SÖNMEZ SİNERJİ LOJİSTİK İÇ VE DIŞ TİCARET LİMİTED ŞİRKETİ;YENİŞEHİR MH.OSMANLI BUL. NO:9/29 PENDİK İSTANBUL;(216) 0000000;https://sonmez-sinerji.com.tr;sonmez-sinerji.com.tr;TET - Elektrik ve Elektronik İhracatçıları Birliği
MAGNETRON SAVUNMA VE UZAY TEKNOLOJI BILGISAYAR VE ELEKTRONIK SISTEMLER SANAYI VE TICARET A.S.;OSTIM OSB MAH. 1354 CAD. NO: 4 IÇ KAPI NO: 1 YENİMAHALLE ANKARA;(312) 3862151;http://www.magnetrontr.com;magnetrontr.com;TET - Elektrik ve Elektronik İhracatçıları Birliği
MAJİSTRAL PHARMA İLAÇ ECZA DEPOSU VE KİMYEVİ ÜRÜNLER SAN. TİC. LTD. ŞTİ.;HARBİYE MAH. ÇETİN EMEÇ BULV.NO:31/E ÇANKAYA ÇANKAYA ANKARA;(312) 0000000;http://www.majistralpharma.com;majistralpharma.com;TET - Elektrik ve Elektronik İhracatçıları Birliği
LEON ALÜMİNYUM PROFİL İNŞAAT SANAYİ VE TİCARET LİMİTED ŞİRKETİ;AŞIK VEYSEL MAHALLESİ 3001. CADDE NO:198/A ATAŞEHİR İSTANBUL;(216) 3173165;http://www.leonaluminyum.com;leonaluminyum.com;TET - Elektrik ve Elektronik İhracatçıları Birliği
MASTAŞ MAKINA KALIP SANAYI VE TICARET A.S.;NILUFER BULV.NO.221 NILUFERORG.SAN.BOLG. NO.3 NİLÜFER BURSA;(224) 4111114;www.mastas.com;mastas.com;TET - Elektrik ve Elektronik İhracatçıları Birliği
KOLCU DIŞ TİC. LTD. ŞTİ.;KATİP KASIM MAH. SOĞANCI RAŞİT SOK. NO:27YENİKAPI FATİH İSTANBUL;(212) 6387979;www.nivahavaperdesi.com;nivahavaperdesi.com;TET - Elektrik ve Elektronik İhracatçıları Birliği
KARBOSAN ZIMPARA TAŞI SANAYİİ ANONİM ŞİRKETİ;SÖĞÜTLÜÇEŞME ÇEŞME MH HALKALI CD NO:253 KÜÇÜKÇEKMECE İSTANBUL;(212) 6989090;www.karbosan.com.tr;karbosan.com.tr;TET - Elektrik ve Elektronik İhracatçıları Birliği
İSMAİL ÇATALKAYA;İSTOÇ MAHMUTBEY MAH.20.YOL SOK. NO:51 İÇ KAPI NO :1 BAĞCILAR İSTANBUL;(212) 6596444;catalkayatic.com;catalkayatic.com;TET - Elektrik ve Elektronik İhracatçıları Birliği
MONSHINY ALÜMİNYUM SANAYİ VE DIŞ TİCARET LİMİTED ŞİRKETİ;YENİ MAH. PLEVNE CAD. - D BLOK NO: 55 D PENDİK İSTANBUL;(212) 4443469;www.monshiny.com.tr;monshiny.com.tr;TET - Elektrik ve Elektronik İhracatçıları Birliği
MUTBEX ELEKTRONİK TİCARET LTD. ŞTİ.;YAHYA KAHYA MAH SİPAHİ FIRIN SK NO:5/A PK:34440 BEYOĞLU İSTANBUL;(212) 8816969;www.mutbex.com;mutbex.com;TET - Elektrik ve Elektronik İhracatçıları Birliği
ÖZTEK DEKORASYON PAZARLAMA ÇELİK EŞYA SANAYİ VE DIŞ TİCARET LİMİTED ŞİRKETİ;MALTEPE CD NO:9 ORHAN KOCABAŞ İS HANI NO:34-35-36 ZEYTİNBURNU İSTANBUL;(212) 5767630;wwwoztektasarim.com;wwwoztektasarim.com;TET - Elektrik ve Elektronik İhracatçıları Birliği
SOMA KİMYA SANAYİ VE TİCARET ANONİM ŞİRKETİ;HADIMKÖY MAH.ALPARSLAN SOK.NO.10 ARNAVUTKÖY İSTANBUL;(212) 7711552;www.somakimya.com;somakimya.com;TET - Elektrik ve Elektronik İhracatçıları Birliği
TEKO ALÜMİNYUM SANAYİ A.Ş.;KOCATEPE MH YAĞ İSKELESİ CD C32 NO:15/42 BAYRAMPAŞA İSTANBUL;(212) 6400046;www.teko.com.tr;teko.com.tr;TET - Elektrik ve Elektronik İhracatçıları Birliği
PROVIT BILISIM TEKNOLOJILERI TIC.LTD.STI.;GAZI BULV.NO.93 K:5/501 ARAN IS MERKEZI KONAK İZMİR;02324416474;www.provit.com.tr;provit.com.tr;TET - Elektrik ve Elektronik İhracatçıları Birliği
İBAVALRESA BOYA VE KİMYA SAN.TİC.A.Ş.;OĞUZ CD.NO:24 ORG.SAN.BÖLG.SİNCAN SİNCAN ANKARA;(312) 3675622;www.ibavalresa.com.tr;ibavalresa.com.tr;TET - Elektrik ve Elektronik İhracatçıları Birliği
HAKAN BARAN;İNEBEY MAH. TİRYAKİ HASANPAŞA CAD. NO:29 AKSARAY FATİH İSTANBUL;(212) 6329743;www.hakanlarotomotiv.com;hakanlarotomotiv.com;TET - Elektrik ve Elektronik İhracatçıları Birliği
GÖVDESAN MAKİNA ELEKTRO İNŞ. TURZ. NAKLİYE SAN. VE TİC. LTD. ŞTİ.;PİRİREİS MAH. BAĞDAT CAD. ORPA SAN. SİT. NO:30 B BLOK DARICA KOCAELİ;(262) 6541633;www.govdesan.com;govdesan.com;TET - Elektrik ve Elektronik İhracatçıları Birliği
BES YAPI ÜRÜNLERİ SANAYİ ANONİM ŞİRKETİ;CARSI MH. KIYI SK N:2/A YAKACIK KARTAL İSTANBUL;(216) 5933500;www.gfs.com.tr;gfs.com.tr;TET - Elektrik ve Elektronik İhracatçıları Birliği
DEMİRKAN TURİSTİK EŞYA SAN. VE TİC. LTD. ŞTİ.;CADIRCILAR C.YORGANCILAR SOK.CAMILI HAN.NO:56/12 FATİH İSTANBUL;02125260611;www.demirkannargile.com;demirkannargile.com;TET - Elektrik ve Elektronik İhracatçıları Birliği
CAMOZZİ OTOMASYON TEKNOLOJİLERİ TİC. İTH. VE İHR. A.Ş;ŞERİFALİ MAH. TURGUT ÖZAL BULVARI NO:188/A ÜMRANİYE İSTANBUL;;www.camozzi.com;camozzi.com;TET - Elektrik ve Elektronik İhracatçıları Birliği
CENTRUM DIS TICARET VE ELEKTRONIK SANAYI LTD.STI.;ÇOBAN ÇESME MAH. EREN SK.NO:4-6 YENİBOSNA BAHÇELİEVLER İSTANBUL;(212) 6541850;www.cenmax.com.tr;cenmax.com.tr;TET - Elektrik ve Elektronik İhracatçıları Birliği
AKÇAY KIRTASİYE YAYIN DAĞITIM SANAYİİ VE TİCARET LİMİTED ŞİRKETİ;SAADETDERE MH. DOĞAN ARASLI BULVARI NO:3/1 ESENYURT İSTANBUL;4440589;www.akofis.net;akofis.net;TET - Elektrik ve Elektronik İhracatçıları Birliği
FRI CEPHE ARAŞTIRMALARI PROJE YÖN. VE DANIŞ. LTD. ŞTİ.;BARAJ YOLU CAD. PAMUKOVA SOK. 2B-6 MADENLER MAH. ÜMRANİYE İSTANBUL;(216) 5402658;www.fri.com.tr;fri.com.tr;TET - Elektrik ve Elektronik İhracatçıları Birliği
METAL-KİMYA SANAYİ VE TİCARET LTD.ŞTİ.;HASTANE MAH. HADIMKÖY-İSTANBUL CAD.NO:20 ARNAVUTKÖY İSTANBUL;(212) 7711507;www.metalkimya.com.tr;metalkimya.com.tr;TET - Elektrik ve Elektronik İhracatçıları Birliği
METALPLAST GROUP YAPI İNŞAAT SANAYİ TİCARET LİMİTED ŞİRKETİ;ORUÇREİS MH TEKSTİLKENT CD B14 BLOK 10 V NO:214B14 BLOK NO: 10V İÇ KAPI NO: 214 ESENLER İSTANBUL;(000) 0000000;www.metalplastgroup.com;metalplastgroup.com;TET - Elektrik ve Elektronik İhracatçıları Birliği
METAKS MOBİLYA AKS. SAN. VE DIŞ TİC. LTD. ŞTİ.;GÜRSEL MH KAĞITHANE CD NO :42/A KAĞITHANE İSTANBUL;;www.metaksltd.com;metaksltd.com;TET - Elektrik ve Elektronik İhracatçıları Birliği
MERSAN PASLANMAZ MAK. SAN. VE TİC. LTD. ŞTİ.;CAKMAKLI AKCABURGAZ SAN.BIRBUL.4.BOLG.11.CAD. NO 21 BÜYÜKÇEKMECE İSTANBUL;02128867850;www.mersan.com.tr;mersan.com.tr;TET - Elektrik ve Elektronik İhracatçıları Birliği
MOBİLBİL ENDÜSTRİ TEKNOLOJİLERİ LTD. ŞTİ.;ALTINTEPSİ MAH.ÖZTEKİN CAD.N:3-7/21 BAYRAMPAŞA İSTANBUL;(212) 2101001;www.mobilbil.com;mobilbil.com;TET - Elektrik ve Elektronik İhracatçıları Birliği
MT SAĞLIK ÜRÜN. SAN. VE TİC. AŞ;ORUÇ REİS MAH. TEKSTİLKENT CAD. B BLOK NO:12A/231 ESENLER İSTANBUL;(212) 4383030;www.mtsaglik.com.tr;mtsaglik.com.tr;TET - Elektrik ve Elektronik İhracatçıları Birliği
ORENO MADENCİLİK ANONİM ŞİRKETİ;MİMAR SİNAN MAH.BOSNA CAD.GÜVEN 1 İŞ MERKEZİ NO:4 K:3 D:10 ÇEKMEKÖY İSTANBUL;(216) 6400640;http://www.orenostone.com;orenostone.com;TET - Elektrik ve Elektronik İhracatçıları Birliği
KARAYAKA ALUMINYUM OTOMASYON INS.SAN.VE TIC.LTD.STI.;ISTIKLAL MAH.CARK SAN.TURKMENSOK NO.12 Merkez SAKARYA;02642731044;www.karayaka.com.tr;karayaka.com.tr;TET - Elektrik ve Elektronik İhracatçıları Birliği
KARADENİZ MADENCİLİK SAN. VE TİC. A. Ş.;DOĞU MAH. EROL KAYA CAD. NO:193 PENDİK İSTANBUL;(216) 7512323;http://www.karbeton.com;karbeton.com;TET - Elektrik ve Elektronik İhracatçıları Birliği
KÖSEM MOBİLYA ANONİM ŞİRKETİ;O.S.B. ŞEHİTLER BULVARI 15. CADDE NO:10 ODUNPAZARI/ESKİŞEHİR YETNİŞBEŞİNCİ YIL MAHALLESİ MERKEZ ESKİŞEHİR;(222) 3151470;www.esarti.com.tr;esarti.com.tr;TET - Elektrik ve Elektronik İhracatçıları Birliği
PERA İSKELE VE KALIP SİSTEMLERİ ANONİM ŞİRKETİ;TAHTAKALE MH FIRAT CD MAHMUR ÇİÇEĞİ SK NO:4 B KAT:13 D:115 BAŞAKŞEHİR İSTANBUL;(850) 8407372;www.perakalip.com;perakalip.com;TET - Elektrik ve Elektronik İhracatçıları Birliği
SAVAŞ PLASTİK SAN. VE TİC. A.Ş.;BEYSAN SAN. SİT. BİRLİK CAD. NO:18 BEYLİKDÜZÜ İSTANBUL;(212) 4223406;www.tiliafurniture.com;tiliafurniture.com;TET - Elektrik ve Elektronik İhracatçıları Birliği
SEMBOL ZÜCCACİYE DIŞ TİC. LTD. ŞTİ.;İSTOÇ MAHMUTBEY MH. 1 ADA NO:18-24 BAĞCILAR İSTANBUL;(212) 6596673;www.sembolithalat.com;sembolithalat.com;TET - Elektrik ve Elektronik İhracatçıları Birliği
TSM BRANDS KOZMETİK DIŞ TİCARET ANONİM ŞİRKETİ;VELİKÖY-YALIBOYU OSB MAH. 80.CAD.NO:1 ÇERKEZKÖY TEKİRDAĞ;(282) 0000000;www.tsmbrands.com;tsmbrands.com;TET - Elektrik ve Elektronik İhracatçıları Birliği
TKK TEKNİK KAUÇUK KAPLAMA SANAYİ VE TİCARET LİMİTED ŞİRKETİ;YAYLACIK MAH. 44.SK. NO:16 NİLÜFER BURSA;;https://teknikkaucukkaplama.com/;teknikkaucukkaplama.com;TET - Elektrik ve Elektronik İhracatçıları Birliği
UĞUR METİN BİLGİN;ŞEREFLİ MH MEVDUDİ SK NO:31 ÇAKMAK ÜMRANİYE İSTANBUL;(216) 6340489;www.bilginmetal.net;bilginmetal.net;TET - Elektrik ve Elektronik İhracatçıları Birliği
STARİUM PVC ALÜMİNYUM VE ORMAN ÜRÜNLERİ SANAYİ LİMİTED ŞİRKETİ;ORTAKÖY SANAYİ SİTESİ 6061 SOK. NO:3 SELİMPAŞA SİLİVRİ İSTANBUL;(212) 7466655;www.stariumgroup.com;stariumgroup.com;TET - Elektrik ve Elektronik İhracatçıları Birliği
TANRIVER MUMESSILLIK MAKINA SAN.VE TIC.LTD.STI.;BEYLİKDÜZÜ O.S.B. MAH. BİRLİK SAN. SİT. 5. CAD. NO:40 BEYLİKDÜZÜ İSTANBUL;(212) 8543601;www.tanriver.com.tr;tanriver.com.tr;TET - Elektrik ve Elektronik İhracatçıları Birliği
HAMZA ALÜMİNYUM İTHALAT İHRACAT SANAYİ VE TİCARET LİMİTED ŞİRKETİ;ESENŞEHİR MH KÜRKÇÜLER CD NO:86A ÜMRANİYE İSTANBUL;(216) 5400173;www.hamzaaluminyum.com;hamzaaluminyum.com;TET - Elektrik ve Elektronik İhracatçıları Birliği
HAREKET KONTROL SERVİS MERKEZİ SANAYİ VE İNŞAAT TAAHHÜT TİCARET ANONİM ŞİRKETİ;TOSB OTOMOTİV (OSB) MAH. 1. CD. C BLOK 8/3 NO:12-ŞEKERPINAR ÇAYIROVA/KOCAELİ ÇAYIROVA KOCAELİ;(262) 4447457;www.hksm.com.tr;hksm.com.tr;TET - Elektrik ve Elektronik İhracatçıları Birliği
HEDEF MAKİNA İML.VE BAK.ONARIM İNŞ.TAAH.TİC.LTD.ŞTİ.;KADOSAN SAN.SITESI B BLOK NO:26/28 ÜMRANİYE İSTANBUL;02164664600;www.hedef-makine.com;hedef-makine.com;TET - Elektrik ve Elektronik İhracatçıları Birliği
İLKO İLAÇ SANAYİ VE TİCARET ANONİM ŞİRKETİ;VEYSEL KARANİ MAH. ÇOLAKOĞLU SOK. NO: 10 RİNGS REZİDANS KAT: 7-8-9 SAMANDIRA SANCAKTEPE İSTANBUL;(216) 5648000;www.ilko.com.tr;ilko.com.tr;TET - Elektrik ve Elektronik İhracatçıları Birliği
DİLİGENT İNŞAAT TAAHHÜT SAN. VE TİC. LTD. ŞTİ.;İSTANBUL TİCARET SARAYI GİYİMKENT SİTESİ ORUÇ REİSMAH.VADİ CAD. N:108 K:4 B:249 ESENLER İSTANBUL;(212) 4387078;www.diligentinsaat.com;diligentinsaat.com;TET - Elektrik ve Elektronik İhracatçıları Birliği
ERTAN PLASTİK İÇ VE DIŞ TİC.SAN.LTD.ŞTİ;İSTOÇ 27.ADA NO.80 BAĞCILAR İSTANBUL;(212) 6594661;www.erkanplast.com;erkanplast.com;TET - Elektrik ve Elektronik İhracatçıları Birliği
ERN MEDİKAL DIŞ TİCARET VE PAZARLAMA LTD. ŞTİ.;BAHÇEŞEHİR 2.KISIM MAH.BOĞAZKÖY CAD. MEGAHUZURKENNT ZAMBAK U-2 G BLOK NO:35/1 BAŞAKŞEHİR İSTANBUL;(212) 4860022;www.ernmedical.com;ernmedical.com;TET - Elektrik ve Elektronik İhracatçıları Birliği
ARCHICLAD ALÜMİNYUM TİCARET VE SANAYİ LİMİTED ŞİRKETİ;BEYLİKDÜZÜ OSB MH MERMERCİLER SAN SİT 4 CD NO:7 BEYLİKDÜZÜ İSTANBUL;(212) 8751908;www.archiclad.com;archiclad.com;TET - Elektrik ve Elektronik İhracatçıları Birliği
ALUTEKS ALÜMİNYUM VE PVC SİSTEMLERİ LİMİTED ŞİRKETİ;HADIMKÖY MAH. ÇİTLEMBİK DEDE SoK. NO:22/2 ARNAVUTKÖY İSTANBUL;(212) 7715656;www.aluteks.com;aluteks.com;TET - Elektrik ve Elektronik İhracatçıları Birliği
COŞKUN KAUÇUK SAN. VE TİC. A.Ş.;İKİTELLİ OR. SAN. BÖL. MUTFAKÇILARSİT. 8 BLK. NO.43-45 İKİTELLİ BAŞAKŞEHİR İSTANBUL;(212) 6716490;www.coskunkaucuk.com.tr;coskunkaucuk.com.tr;TET - Elektrik ve Elektronik İhracatçıları Birliği
BULUTENERJİ ÖLÇÜM SİSTEMLERİ SANAYİ VE TİCARET LİMİTED ŞİRKETİ;AKADEMI MAH. GÜRBULUT SK. S.Ü.TEKNOLOJI GELISTIRMEBÖLGESI KONYA TEKNOKENT NO: 67 SELÇUKLU KONYA;;http://www.bulutenerji.com.tr;bulutenerji.com.tr;TET - Elektrik ve Elektronik İhracatçıları Birliği
BOWA YAPI SANAYİ LİMİTED ŞİRKETİ;ATATÜRK MAH. GÜNER SOK. METROPARK SİTESİ B1 APARTMAN NO.1/1B /55 KÜÇÜKÇEKMECE İSTANBUL;;bowa.com.tr;bowa.com.tr;TET - Elektrik ve Elektronik İhracatçıları Birliği
BODURSAN DENİZCİLİK VE MÜHENDİSLİK HİZMETLERİ TİCARET LTD.ŞTİ;POSTANE MAH.MUHACİR SOKAK NO:11/4 TUZLA İSTANBUL;(216) 3954747;www.bodursan.com.tr;bodursan.com.tr;TET - Elektrik ve Elektronik İhracatçıları Birliği
BEREN KAPLAMA BOYA İNŞAAT SANAYİ VE TİCARET LİMİTED ŞİRKETİ;UZUNLAR CAD.NO:4 BÜYÜKLÜ TEKKEKÖY SAMSUN;(362) 2302222;www.gatokaplama.com;gatokaplama.com;TET - Elektrik ve Elektronik İhracatçıları Birliği
BAYERSAN TEMİZLİK ÜRÜNLERİ SAN. VE TİC. LTD. ŞTİ.;TÜRKGÜCÜ OSB MAH. YILMAZALPARSLAN CAD. 224 SOK NO3 TÜRKGÜCÜ OSB 59850 ÇORLU TEKİRDAĞ;02164846998;www.bayersan.com;bayersan.com;TET - Elektrik ve Elektronik İhracatçıları Birliği
BAYAR GLOBAL ENDÜSTRİ PLASTİ VE ALÜMİNYUM ANONİM ŞİRKETİ;RAMAZANOĞLU MAH. TARIKBUĞRA SOK. NO:6 PENDİK İSTANBUL;(216) 3785659;www.bayarplast.com;bayarplast.com;TET - Elektrik ve Elektronik İhracatçıları Birliği
BANDO KAYIS SAN.VE TIC.TURKIYE A.S.;G.O.S.B IHSAN DEDE CD.1000 SK.NO.1018 GEBZE KOCAELİ;02626771121;www.bandoturkey.com;bandoturkey.com;TET - Elektrik ve Elektronik İhracatçıları Birliği
YESILYURT ZEMIN INSAAT MAKINA TICARET ANONIM SIRKETI;LEVENT MAH. ZAMBAKLI SOK. NO:1 BEŞİKTAŞ İSTANBUL;(212) 0000000;http://www.rozmetalas.com;rozmetalas.com;TET - Elektrik ve Elektronik İhracatçıları Birliği
ZEHRA KOÇ;ATALAR MAH. KÖROĞLU CAD. GÜRBÜZ SOK. NO:16/B KARTA KARTAL İSTANBUL;;http://www.titocar.com.tr;titocar.com.tr;TET - Elektrik ve Elektronik İhracatçıları Birliği
BOSTİK KİMYA SANAYİ VE TİCARET ANONİM ŞİRKETİ;MECİDİYEKÖY MH. OĞUZ SK. BİZ PLAZANO:4A/7 ZEMİN KAT ŞİŞLİ İSTANBUL;(212) 9429800;https://www.bostik.com/turkey/tr/;bostik.com;TET - Elektrik ve Elektronik İhracatçıları Birliği
BUBA TASARIM SANAYİ VE TİCARET ANONİM ŞİRKETİ;KAVAKLI MH DENİZ AKTAŞ CD TG PLAZA NO:1 ESENYURT İSTANBUL;(212) 6717173;www.mamatoyz.com.tr;mamatoyz.com.tr;TET - Elektrik ve Elektronik İhracatçıları Birliği
BENZOL ECZA DEPOSU ILAC SANAYİ VE TİCARET AŞ.;KÜÇÜKBAKKALKÖY MAH. YENİDOĞAN CAD. NO:9 ATAŞEHİR İSTANBUL;(216) 3300132;www.benzol.com;benzol.com;TET - Elektrik ve Elektronik İhracatçıları Birliği
BELGİN MADENİ YAĞLAR TİCARET SANAYİ ANONİM ŞİRKETİ;GEBZE ORG.SAN.BOLG. IHSANDEDECAD.125 GEBZE KOCAELİ;02627510292;www.belginoil.com;belginoil.com;TET - Elektrik ve Elektronik İhracatçıları Birliği
CC KOZMETİK KİMYA İNŞAAT TAAHHÜT İTHALAT İHRACAT SANAYİ VE TİCARET LTD.ŞTİ.;YUNUS EMRE MH. YEŞİLPINAR SK. NO:4 16260 16260 16260 YILDIRIM BURSA;(224) 2807272;www.bargello.com.tr;bargello.com.tr;TET - Elektrik ve Elektronik İhracatçıları Birliği
ARGEN BIOTECHNOLOGY SAĞLIK SANAYİ TİCARET LİMİTED ŞİRKETİ;GÜZELYALI MAH. BAĞDAT CAD. BAĞDAT APT.BLOK NO:30B PENDİK İSTANBUL;(216) 0000000;https://www.agelbiotech.com/contacts/;agelbiotech.com;TET - Elektrik ve Elektronik İhracatçıları Birliği
ARHAN GRUP TALAŞLI İMALAT SANAYİ VE TİCARET ANONİM ŞİRKETİ;AYDINLI İSTANBUL AOSB MH. 1. SK. NO: 14/1 TUZLA İSTANBUL;(216) 5931301;www.arhangrup.com.tr;arhangrup.com.tr;TET - Elektrik ve Elektronik İhracatçıları Birliği
ASAL BOYA KİMYA SANAYİ VE TİCARET LİMİTED ŞİRKETİ;KİMYA SANAYİCİLERİ O.S.B.MELEK ARAS BULV.N:18 TUZLA İSTANBUL;(212) 5932350;www.asalkimya.com.tr;asalkimya.com.tr;TET - Elektrik ve Elektronik İhracatçıları Birliği
ALSAN PETROKİMYA SANAYİ VE TİCARET ANONİM ŞİRKETİ;HARMANDERE MAH. ANKARA CAD. NO:492/9 PENDİK İSTANBUL;(216) 2125397;http://alsanpetrokimya.com;alsanpetrokimya.com;TET - Elektrik ve Elektronik İhracatçıları Birliği
AKSAN KOZMETİK SANAYİ VE TİCARET ANONİM ŞİRKETİ;KISIKLI CAD. NO:23-25A DELİKLİKAYA MAH ARNAVUTKÖY ARNAVUTKÖY İSTANBUL;(212) 4070424;www.aksankozmetik.com;aksankozmetik.com;TET - Elektrik ve Elektronik İhracatçıları Birliği
ABDİ İBRAHİM İLAÇ SANAYİ VE TİCARET ANONİM ŞİRKETİ;REŞİTPAŞA MAHALLESİ, ESKİ BÜYÜKDERE CADDESİ NO: 4 MASLAK MASLAK ŞİŞLİ İSTANBUL;(212) 3668400;www.abdiibrahim.com.tr;abdiibrahim.com.tr;TET - Elektrik ve Elektronik İhracatçıları Birliği
AFA KİMYA DIŞ TİC. A.Ş.;KİMYA SANAYİCİLERİ O.S.B. MELEKARAS BULV. AROMATİK CAD. NO:61 TUZLA İSTANBUL;(216) 5932461;www.alkimpetrokimya.com;alkimpetrokimya.com;TET - Elektrik ve Elektronik İhracatçıları Birliği
EUROMİKS YAPI MALZEMELERİ İTHALAT İHRACAT TİCARET VE SANAYİ LTD. ŞTİ.;İSTOÇ MAHMUTBEY MAH. 2432 SK.15 ADA NO:9-11 BAĞCILAR İSTANBUL;(212) 6592037;euro-miks.com.tr;euro-miks.com.tr;TET - Elektrik ve Elektronik İhracatçıları Birliği
DESI KIMYA MADENCILIK INS.TUR. SAN.VE TIC.A.S.;ACISU MAH. KARAOĞLAN SOK. NO. 19/2 KARTEPE KOCAELİ;(262) 2298980;www.desikimya.com;desikimya.com;TET - Elektrik ve Elektronik İhracatçıları Birliği
DRAGON BOYA VE PLASTİK SANAYİ ANONİM ŞİRKETİ;PAYANDA SOKAK NO 2/3 MURATREİS 34664 ÜSKÜDAR İSTANBUL;(216) 3452869;www.dragonboya.com;dragonboya.com;TET - Elektrik ve Elektronik İhracatçıları Birliği
DORA ENDÜSTRİYEL KİMYASAL ÜRÜNLER PAZARLAMA SANAYİ VE TİCARET ANONİM ŞİRKETİ;AYDINLI-KOSB MAH ORGANİK CAD.KOSB SİT.NO:19 TUZLA İSTANBUL;(216) 5910717;www.chemsoll.com;chemsoll.com;TET - Elektrik ve Elektronik İhracatçıları Birliği
EGEDEN TIBBİ MALZEMELER SANAYİ VE TİCARET A.Ş.;KARACAOĞLAN MAH 6167 SOKAK 30/C IŞIKKENT BORNOVA İZMİR;(232) 4722232;http://www.u4u.com.tr;u4u.com.tr;TET - Elektrik ve Elektronik İhracatçıları Birliği
İCM KİMYA VE PLASTİK SANAYİ TİCARET LİMİTED ŞİRKETİ;İSTANBUL DERİ ORGANİZE SAN. BÖL.NUBUK CAD. NO.14 YB-7 ÖZEL PARSEL AYDINLI TUZLA İSTANBUL;02164642424;www.icmpolitek.com.tr;icmpolitek.com.tr;TET - Elektrik ve Elektronik İhracatçıları Birliği
IŞIK PERDE RAYLARI SAN. VE TİC. A.Ş.;İNÖNÜ MH GEBZE PLASTİKCİLER OSB 11.CD NO:9 TUZLA İSTANBUL;(216) 5021660;www.isikgroup.com;isikgroup.com;TET - Elektrik ve Elektronik İhracatçıları Birliği
HERZ ARMATUREN YAPI TESİSAT VE ENERJİ SİSTEMLERİ TİC.LTD.ŞTİ.;BAĞDAT CAD.BİRSEN SOK.1/7 KÜÇÜKYALI MALTEPE İSTANBUL;(216) 4891977;www.herz.eu;herz.eu;TET - Elektrik ve Elektronik İhracatçıları Birliği
GÜZEL ENERJİ AKARYAKIT A.Ş.;OYAK DRAGOS PLAZA - CEVİZLİ MH. TUGAY YOLU CD. NO:10 C BLOK K:18 MALTEPE İSTANBUL;(216) 6067393;https://totalistasyonlari.com.tr/;totalistasyonlari.com.tr;TET - Elektrik ve Elektronik İhracatçıları Birliği
GTA MAKİNA SAN. VE TİC. A.Ş.;TEKELİ İTOB ORG.SAN.BÖL.10014 SOK.NO:14 TEKELİ CUMAOVASI(MENDERES) İZMİR;(232) 7990172;www.pakin-gta.com;pakin-gta.com;TET - Elektrik ve Elektronik İhracatçıları Birliği
GLOBAL GAZLI AMORT.PAZ.VE DIS TIC.LTD.STI.;VELİKÖY ORGANİZE SANAYİ BÖLGESİ MAHALLESİ 6. CADDE NO:13/1 ÇERKEZKÖY TEKİRDAĞ;(282) 7461350;www.ggstr.com;ggstr.com;TET - Elektrik ve Elektronik İhracatçıları Birliği
SOYTEKNİK ENDÜSTRİYEL MALZ. SAN.VE TİC.A.Ş.;EVLIYA CELEBI M. RAUF ORBAYC. G-47 S.NO:28 TUZLA İSTANBUL;02164461500;www.soyteknik.com.tr;soyteknik.com.tr;TET - Elektrik ve Elektronik İhracatçıları Birliği
UZ-AR MÜHENDİSLİK KİMYA SAN.VE DIŞ TİC.LTD.ŞTİ.;ISTANBUL CD.MEKTEP ARKASI SOK.NO.2 D.4 BAKIRKÖY İSTANBUL;02125423121;www.uzar.com.tr;uzar.com.tr;TET - Elektrik ve Elektronik İhracatçıları Birliği
ULYA YAPI VE GIDA SANAYİ TİCARET LİMİTED ŞİRKETİ;EKİNOBA MAH. MUSTAFA KEMAL BLV. A BLOK HAZAL SİTESNO: 7 İÇ KAPI NO: 3 BÜYÜKÇEKMECE İSTANBUL;(212) 8641799;https://ulyayapi.com.tr/;ulyayapi.com.tr;TET - Elektrik ve Elektronik İhracatçıları Birliği
SANGEO METAL İŞLEME ÜRÜNLERİ DIŞ TİCARET LTD. ŞTİ.;ŞEKERPINAR MH. NERGİS SK. NO:2/107 ÇAYIROVA KOCAELİ;(850) 5320583;www.sangeo.com.tr;sangeo.com.tr;TET - Elektrik ve Elektronik İhracatçıları Birliği
SALDA METAL SANAYİ VE TİCARET ANONİM ŞİRKETİ;ORTA MAHALLESİ NİLAY SOKAK NO1/12 TUZLA İSTANBUL;(216) 5192813;www.saldametal.com;saldametal.com;TET - Elektrik ve Elektronik İhracatçıları Birliği
SAINT GOBAIN WEBER YAPI KİMYASALLARI SANAYİ VE TİCARET ANONİM ŞİRKETİ;KEMALPAŞA OSB MAH. KUYUCAK YOLU SOK.NO.284 KEMALPAŞA İZMİR;02323970770;www.weber.com.tr;weber.com.tr;TET - Elektrik ve Elektronik İhracatçıları Birliği
PİRGE BIÇAK SANAYİ VE TİCARET İMALAT İTHALAT VE İHRACAT LTD.ŞTİ.;VEYSEL KARANİ MH. 17 AY SK. NO:47KAPI NO:4 OSMANGAZİ BURSA;(224) 2160102;www.pirge.com;pirge.com;TET - Elektrik ve Elektronik İhracatçıları Birliği
MAHİR BİLİŞİM ANONİM ŞİRKETİ;ORUÇREİS MAH.GİYİMKENT SİTESİ GİYİMKENT 8.SOK B85 NO:95 A ESENLER İSTANBUL;(212) 0000000;www.mahirbilisim.com;mahirbilisim.com;TET - Elektrik ve Elektronik İhracatçıları Birliği
LUBRİCO PETROKİMYA ANONİM ŞİRKETİ;İNÖNÜ MAHALLESİ GEPOSB 2.CAD 11. SOKAK N:9 GEBZE KOCAELİ;(262) 5021543;www.lubrico.com.tr;lubrico.com.tr;TET - Elektrik ve Elektronik İhracatçıları Birliği
KOÇAK PETROL ÜRÜNLERİ SANAYİ VE TİCARET LİMİTED ŞİRKETİ;PELİTLİ KÖYÜ AYAZ SOK. NO:43 GEBZE KOCAELİ;(262) 7513678;www.speedol.com.tr;speedol.com.tr;TET - Elektrik ve Elektronik İhracatçıları Birliği
İZERSAN YAPI MALZEMELERİ SANAYİ VE TİCARET LİMİTED ŞİRKETİ;EGEMENLİK MAH. 6016/6 SOK NO:19/1 IŞIKKENTİZMİR/BORNOVA BORNOVA İZMİR;(232) 9701395;http://www.dryfix.com.tr;dryfix.com.tr;TET - Elektrik ve Elektronik İhracatçıları Birliği
NORM BAĞLANTI VE TESBİT ELEMANLARI SAN. TİC. LTD. ŞTİ.;ATATÜRK SAN BÖLGESİ GENERAL MUSTAFA OZYANAR CD NO:2 HADIMKÖY(BOYALIK) ARNAVUTKÖY İSTANBUL;(212) 4850959;www.normfixing.com;normfixing.com;TET - Elektrik ve Elektronik İhracatçıları Birliği
NTG PLASTİK SANAYİ VE TİCARET ANONİM ŞİRKETİ;ŞEYHLİ MAH. ANKARA CAD. N:326 PENDİK İSTANBUL;(216) 5953121;www.ntgplastik.com;ntgplastik.com;TET - Elektrik ve Elektronik İhracatçıları Birliği
OMEGA BOYA VE KIMYA SAN.TIC. LTD.STI.;ISTANBUL ORG.DERI SAN.BÖLG. 1.YOL H11 PARSEL TUZLA İSTANBUL;02163948422;www.omegaboya.com;omegaboya.com;TET - Elektrik ve Elektronik İhracatçıları Birliği
ÖNDER FAN HAVALANDIRMA TOZ TOPLAMA SİSTEMLERİ SAN.TİC.LTD.ŞTİ.;OVAKÇA EĞİTİM MAH. OVAKÇA SANAYİ CADDE NO:80 OSMANGAZİ BURSA;(224) 4941711;www.onderfan.com;onderfan.com;TET - Elektrik ve Elektronik İhracatçıları Birliği
XENOL AMBALAJ PAZARLAMA VE TİCARET ANONİM ŞİRKETİ;GEBKİM DEMİRCİLER OSB NURİ TÜRKER CD. NO:4/2 DİLOVASI KOCAELİ;(262) 6461101;www.xenol.com;xenol.com;TET - Elektrik ve Elektronik İhracatçıları Birliği