firma_adi;adres;telefon;website;domain;birlik
1 GAMA METAL MOBİLYA SANAYİ VE TİCARET LİMİTED ŞİRKETİ;CUMHURİYET MAHALLESİ YILDIRIM BEYAZIT CAD. A BLOK NO:5/5A İÇ KAPI NO:5 İNEGÖL BURSA İNEGÖL BURSA;(224) 0000000;http://www.1gama.com;1gama.com;İMİB - İstanbul Maden İhracatçıları Birliği
2M MAKİNA MÜMESSİLLİK VE TİC. A.Ş.;ÇOBANÇEŞME MAH. SANAYİ CAD. N:44İSTANBUL B BLOK D:98 BAHÇELİEVLER İSTANBUL;(212) 5040900;www.2mmakina.com.tr;2mmakina.com.tr;İMİB - İstanbul Maden İhracatçıları Birliği
3 KA PAZ.GIDA INŞ.TUR.SAN.VE TIC.LTD.ŞTI.;ŞAKIRPAŞA MAH.ONUR CAD.NO:98 SEYHAN ADANA;03224280880;www.karincagida.com;karincagida.com;İMİB - İstanbul Maden İhracatçıları Birliği
3H PLASTIK SAN. VE TİC. LTD. ŞTİ.;YENİBOSNA MAH. 29 EKİM CAD. NO:20 KAT:1 YENİBOSNA BAHÇELİEVLER İSTANBUL;(212) 5512233;www.3hplastik.com.tr;3hplastik.com.tr;İMİB - İstanbul Maden İhracatçıları Birliği
3M SANAYİ VE TİCARET A.Ş.;ŞEHİT SİNAN EROĞLU CAD. SURYAPI AKEL IŞMERK. A BLK N:6 BEYKOZ İSTANBUL;(216) 5380777;www.3m.com;3m.com;İMİB - İstanbul Maden İhracatçıları Birliği
4E MADENCİLİK İNŞAAT NAKLİYAT SAN. TİC. LTD. ŞTİ.;DİKKALDIRIM MAH. HAYRAN CAD. NO:38/1 OSMANGAZİ BURSA;(224) 4410341;www.erenlermermer.com;erenlermermer.com;İMİB - İstanbul Maden İhracatçıları Birliği
5M ELEKTRO MEKANIK IML.INS.TUR VE DAHILI TIC.LTD.STI.;DUDULLU OSB BES SANAYİ SİT. YUKARI DUDULLUU-102 SÖĞÜT SOK A-04 BLOK N:42 ÜMRANİYE İSTANBUL;02165278354;www.5m-elektromekanik.com;5m-elektromekanik.com;İMİB - İstanbul Maden İhracatçıları Birliği
5M İNŞAAT TEKSTİL İTHALAT İHRACAT SAN. TİC. LTD. ŞTİ.;MİMARSİNAN MERK.MAH.MUSTAFA KEMAL BULVARI HAZAL SİT.NO:7-3 D BLOK K:1 D:12 MİMARSİNAN BÜYÜKÇEKMECE İSTANBUL;02128636786;www.5minsaat.net;5minsaat.net;İMİB - İstanbul Maden İhracatçıları Birliği
8GEN MADENCİLİK SANAYİ VE DIŞ TİCARET ANONİM ŞİRKETİ;KAZIMİYE MAH. SELANİK SK. NO: 7 İÇ KAPI NO: 14 ÇORLU/ TEKİRDAĞ 59850 ÇORLU, TEKİRDAĞ, TÜRKİYE ÇORLU TEKİRDAĞ;(282) 6738142;www.8genmadencilik.com.tr;8genmadencilik.com.tr;İMİB - İstanbul Maden İhracatçıları Birliği
A ARTI AYDINLATMA SANAYİ VE TİCARET LİMİTED ŞİRKETİ;EMEKYEMEZ MAH. OKÇU MUSA CAD. MENEVŞE İŞ MERKEZİ NO:22/175 BEYOĞLU / İSTANBUL PK:34421 BEYOĞLU İSTANBUL;(212) 0000000;www.aartiaydinlatma.com;aartiaydinlatma.com;İMİB - İstanbul Maden İhracatçıları Birliği
A.T.S. ADVANCED TECHNOLOGY SUPPLIES TİC. A.Ş.;NISPETIYE CAD.TOPRAKKALESOKAK BURAK APR.6/2 BEŞİKTAŞ İSTANBUL;(212) 2873250;www.atskimya.com;atskimya.com;İMİB - İstanbul Maden İhracatçıları Birliği
ABA LED AYDINLATMA SAN.VE TİC.A.Ş.;AKÇABURGAZ MAHALLESİ AKÇABURGAZ CADDESİ NO:43 ESENYURT İSTANBUL;(212) 2224210;www.abalighting.com.tr;abalighting.com.tr;İMİB - İstanbul Maden İhracatçıları Birliği
ABAY YAPI SIST.MUH.SAN.TIC.LTD STI.;EYÜPSULTAN MAH.MEHMET AKİF CAD.YADİGAR SOK. OTOMER İŞ MERKEZİ A BLOK NO:47 SANCAKTEPE İSTANBUL;(216) 4283820;www.abayyapi.com;abayyapi.com;İMİB - İstanbul Maden İhracatçıları Birliği
ABM MERMER SAN. VE TİC. LTD. ŞTİ .;ADNAN KAHVECİ MAH. OSMANLI CAD. DELTA TOWER 3 RESİDANS D.53 KAVAKLI BEYLİKDÜZÜ İSTANBUL;;www.abmmarble.com;abmmarble.com;İMİB - İstanbul Maden İhracatçıları Birliği
ACAR MERMER PETROL TAŞIMACILIK SANAYİ VE TİCARET LİMİTED ŞİRKETİ;KEMAL OYMAN MEVKII ACAR PETROLTESİSLERİ KARABÜK KARABÜK;(370) 4520109;www.acarmermer.com.tr;acarmermer.com.tr;İMİB - İstanbul Maden İhracatçıları Birliği
ACARER METAL SANAYİ VE TİCARET ANONİM ŞİRKETİ;BÜYÜKDERE CD APAGİZ PLAZA NO:191 K:11 ŞİŞLİ İSTANBUL;(212) 2805050;www.acarermetal.com;acarermetal.com;İMİB - İstanbul Maden İhracatçıları Birliği
AÇIKHAVA FABRİKASI MEDYA REKLAMCILIK HİZMETLERİ ANONİM ŞİRKETİ;CUMHURİYET MAH. SİLAHŞÖR CD. YENİ YOL SOK. NO:8 BOMONTİ BUSİNESS CENTER 4/24 ŞİŞLİ İSTANBUL;(212) 2176100;www.outdoorfactory.com;outdoorfactory.com;İMİB - İstanbul Maden İhracatçıları Birliği
ADA KESİCİ TAKIMLAR VE TEKNİK MAKİNA LTD. ŞTİ.;HASANPAŞA M.MORALI İBRAHİM PAŞA SOK.NO:16B KADIKÖY İSTANBUL;(216) 4503111;www.adatechnic.com;adatechnic.com;İMİB - İstanbul Maden İhracatçıları Birliği
ADA MOZAİK DEKORASYON SANAYİ VE TİCARET LİMİTED ŞİRKETİ;ŞABANOĞLU, ORGANİZE SANAYİ BÖLGESİ ADNAN KAHVECİ BULVARİ NO: 49 KUTLUKENT MERKEZ SAMSUN;(362) 2666620;www.gocciamosaico.com;gocciamosaico.com;İMİB - İstanbul Maden İhracatçıları Birliği
ADAÇAL ENDÜSTRİYEL MİNERALLER SAN.VE TİC.A.Ş.;MENDERES MAH EMİR AFŞİN BULV. N:214 EMİRDAĞ AFYON;(272) 4428320;www.adacal.com.tr;adacal.com.tr;İMİB - İstanbul Maden İhracatçıları Birliği
ADADORE SAGLIK HIZMETLERI SANAYI VE TICARET LTD.STI.;BOGAZİCİBLOKLARİ B/1 BLOK K4D7 BARİS 34560 BEYLİKDUZU, İSTANBUL, TÜRKİYE BEYLİKDÜZÜ İSTANBUL;(212) 5300777;www.adadoretrade.com;adadoretrade.com;İMİB - İstanbul Maden İhracatçıları Birliği
ADALYA MERMER SANAYİ TİCARET ANONİM ŞİRKETİ;ORGANIZE SANAYI BÖL. 1. CAD. NO:19 DÖŞEMEALTI ANTALYA;(242) 2581620;www.adalyamarble.com;adalyamarble.com;İMİB - İstanbul Maden İhracatçıları Birliği
ADATAŞ MERMER MADENCİLİK SANAYİ VE DIŞ TİCARET LİMİTED ŞİRKETİ;GÜLLÜCE MAH. M.KEMALPAŞA O.S.B. 6.CADDE NO:4/1 MUSTAFAKEMALPAŞA BURSA;;www.adatasmermer.com.tr.;adatasmermer.com.tr.;İMİB - İstanbul Maden İhracatçıları Birliği
ADEON DIŞ TİCARET LTD.ŞTİ.;FULYA MH. BÜYÜKDERE CD. ALTINOVA İŞ MERKEZİ NO:54/5 ŞİŞLİ İSTANBUL;(212) 2160900;www.adeonglobal.com;adeonglobal.com;İMİB - İstanbul Maden İhracatçıları Birliği
ADK MERMER MADENCİLİK SANAYİ VE DIŞ TİCARET LTD. ŞTİ.;SAHRAYICEDIT MAH. ATATÜRK CAD. NO:69/207 SAHRAYICEDIT 34734 KADIKÖY, İSTANBUL, TÜRKİYE KADIKÖY İSTANBUL;(216) 3011235;www.adkmarble.com;adkmarble.com;İMİB - İstanbul Maden İhracatçıları Birliği
ADO MADENCİLİK ELEKTRİK ÜRETİM SAN.VE TİC.A.Ş.;MOLLA YUSUF MAH HÜRRİYET CADN:495 KONYAALTI ANTALYA;(242) 2274990;www.adomining.com;adomining.com;İMİB - İstanbul Maden İhracatçıları Birliği
ADSS ALÜMİNYUM METAL SANAYİ TİCARET LİMİTED ŞİRKETİ;ESENYALI MAH. YANYOL CAD. VARYAP PLAZA NO: 61 OFİS NO: 113 PENDİK İSTANBUL;(216) 7062377;www.adss.com.tr;adss.com.tr;İMİB - İstanbul Maden İhracatçıları Birliği
ADV DIŞ TİCARET LİMİTED ŞİRKETİ;YASSI ÖREN KÖYÜ AKPINAR SAN. BÖL.HADİMKÖY CAD. NO.162 K.5 D:3. ARNAVUTKÖY İSTANBUL;(212) 6716486;www.zi-as.com;zi-as.com;İMİB - İstanbul Maden İhracatçıları Birliği
AG BAĞLANTI ELEMANLARI HIRDAVAT SAN. VE TİC. LTD ŞTİ.;DEMİRCİ MH DOĞAN CD NO:10B NİLÜFER BURSA;(224) 0000000;www.agbaglanti.com;agbaglanti.com;İMİB - İstanbul Maden İhracatçıları Birliği
AGM YEDEK PARCA VE MAKINE SAN TIC. LTD. ŞTİ.;CEMIL MERIC MAH.BESTEKAR SOKBIRLIK SIT.D BLOK 3A/23 PK:34771 ÜMRANİYE İSTANBUL;(216) 2905183;www.agmticaret.com;agmticaret.com;İMİB - İstanbul Maden İhracatçıları Birliği
AHMET MÜNİR KARACABEY;MİMAR SİNAN MAH. YEDPA TİC. MERKZ. D CADDESİ NO:57 ATAŞEHİR İSTANBUL;(216) 5276908;www.homeorbis.com;homeorbis.com;İMİB - İstanbul Maden İhracatçıları Birliği
AHŞAP ÜRÜNLER SANAYİ ANONİM ŞİRKETİ;EMEK MAH. SİVAT CADDESİ NO.7 34785 SANCAKTEPE İSTANBUL;(216) 4664343;www.ahsap.com.tr;ahsap.com.tr;İMİB - İstanbul Maden İhracatçıları Birliği
AK ALEV ATES TUGLASI TIC.VE SAN.LTD.STI.;VALIKONAĞI CAD.ESERPALASNO:125 D:12 34363 ŞİŞLİ İSTANBUL;02122460667;www.akalev.com.tr;akalev.com.tr;İMİB - İstanbul Maden İhracatçıları Birliği
AK MERMER GRANİT VE MADENCİLİK VE TAŞIMACILIK SANAYİ VE TİCARET LİMİTED ŞİRKETİ;DERİNCE MAHALLESİ YURT SOKAK NO:5112.KM. DERINCE KOYU ANTAKYA HATAY;(326) 2673331;www.akmarble.com;akmarble.com;İMİB - İstanbul Maden İhracatçıları Birliği
AK NUR DIŞ CEPHE GİYDİRME SİSTEM İNŞ.SAN.TİC.LTD.ŞTİ;İSTİKLAL MH KAVAKLIDERE CD NO:53 B ÜMRANİYE İSTANBUL;(216) 6311333;www.aknurdiscephe..com.tr;aknurdiscephe..com.tr;İMİB - İstanbul Maden İhracatçıları Birliği
AKA BİLİŞİM YAZILIM ARGE İNŞAAT TAAH. SAN. TİC. A.Ş.;ATAKENT MAH. BARIŞ SOKAK NO:20 ÜMRANİYE İSTANBUL;(216) 2100888;http://www.aka.com.tr;aka.com.tr;İMİB - İstanbul Maden İhracatçıları Birliği
AKAR ELEKTRIK TAAHHUT SAN.TIC. LTD.STI.;DUMLUPINAR CAD. ORTA MAH.GÜNEŞ ÇIKMAZI GÜNEŞHAN NO 1 BAYRAMPAŞA İSTANBUL;02126131183;www.akarpano.com.tr;akarpano.com.tr;İMİB - İstanbul Maden İhracatçıları Birliği
AKAR KIRTASİYE SAN.VE TİC.LTD. ŞTİ;SABUNCU HAN NO.77 FATİH İSTANBUL;02125140641;www.arkakar.com.tr;arkakar.com.tr;İMİB - İstanbul Maden İhracatçıları Birliği
AKAR MADENCİLİK SANAYİ VE TİCARET LİMİTED ŞİRKETİ;BEYLİKDÜZÜ MERMERCILER SAN. SIT. 2.CADNO.15 BEYLİKDÜZÜ İSTANBUL;(212) 8751590;www.aksoylarmermer.com;aksoylarmermer.com;İMİB - İstanbul Maden İhracatçıları Birliği
AKCAN MOZAİK MÜTEAHHİTLİK GIDA İNŞ. İTH. İHR. SAN. VE TİC. A.Ş.;ZAFER MAH. ÇEVRE YOLU ORTAKOL MEVKİİZİRAAT DEPOLARI ARKASI MERKEZ TEKİRDAĞ;(282) 2613434;www.akcanmozaik.com.tr;akcanmozaik.com.tr;İMİB - İstanbul Maden İhracatçıları Birliği
AKDENİZ MİNERAL KAYNAKLARI ANONİM ŞİRKETİ;CUMHURİYET CAD. SELBAŞI SOK. NO:14/5 HARBİYE ŞİŞLİ İSTANBUL;(212) 3434108;www.akdenizmineral.com.tr;akdenizmineral.com.tr;İMİB - İstanbul Maden İhracatçıları Birliği
AK-EL MERMER MADEN.NAKL.INŞ.TA SAN.VE TIC.LTD.ŞTI.;SERÇEÖNÜ MAH.AHMETPAŞA CAD.ÇIÇEK IŞMERKEZI NO:14/14 KOCASİNAN KAYSERİ;03522213732;www.akelmermer.com.tr;akelmermer.com.tr;İMİB - İstanbul Maden İhracatçıları Birliği
AK-EN MADENCİLİK TURİZM İNŞAAT İTHALAT İHRACAT SANAYİ VE TİCARET LTD.ŞTİ.;HOŞDERE CAD. NO:143/9 ÇANKAYA ANKARA;(312) 4430213;www.akenmadencilik.com;akenmadencilik.com;İMİB - İstanbul Maden İhracatçıları Birliği
AKFEN INSAAT TURIZM VE TIC.A.S;KOZA SOKAK NO.22 ÇANKAYA ANKARA;(312) 4414211;www.akfen.com.tr;akfen.com.tr;İMİB - İstanbul Maden İhracatçıları Birliği
AKIM METAL SANAYİ VE TİCARET ANONİM ŞİRKETİ;BEYLİKBAGI MAH. MEMİŞOGLU CAD.326/2 SOK.NO.4/A GEBZE KOCAELİ;(262) 7431492;www.akplas.com.tr;akplas.com.tr;İMİB - İstanbul Maden İhracatçıları Birliği
AKIN ALÜMİNYUM PLASTİK DOĞ.SAN VE TİC.LTD.ŞTİ;YENI M.GENERAL KANI ELITEZ SOK. NO.32 BAKIRKÖY İSTANBUL;02125707154;www.akinaluminyum.com;akinaluminyum.com;İMİB - İstanbul Maden İhracatçıları Birliği
AK-İŞ BOYA SANAYİİ VE TİCARET ANONİM ŞİRKETİ;DEMIRTAŞ ORG. SAN. BÖLG. ALIOSMAN SÖNMEZ CAD. NO:4 OSMANGAZİ BURSA;02242610537;akisboya.com.tr;akisboya.com.tr;İMİB - İstanbul Maden İhracatçıları Birliği
AKKİM MATBAACILIK VE KİMYA SAN. TİC. LTD. ŞTİ.;MERMERCİLER SAN.SİTESİ 2.CADDENO:1 BEYLİKDÜZÜ İSTANBUL;(212) 8762770;www.akkimmat.com;akkimmat.com;İMİB - İstanbul Maden İhracatçıları Birliği
AKKOZA METAL SANAYİ TİCARET LTD.ŞTİ.;BARIŞ MAH. BELEDİYE VAD. N:30 GİNZA LAVİNYA PART SİT. B BLOK K:7/140 BEYLİKDÜZÜ İSTANBUL;(216) 6644324;www.akkozametal.com.tr;akkozametal.com.tr;İMİB - İstanbul Maden İhracatçıları Birliği
AKM METALURJİ SANAYİ TEMSİLCİLİK VE DIŞ TİCARET LİMİTED ŞİRKETİ;İTOSB, İSTANBUL TUZLA ORGANİZE SAN. BÖL. 2.CADDE NO:13 TEPEÖREN TUZLA İSTANBUL;(216) 4673140;www.akm.com.tr;akm.com.tr;İMİB - İstanbul Maden İhracatçıları Birliği
AKMİN ENDÜSTRİYEL MADENCİLİK LTD. ŞTİ.;BAŞKENT ORGANİZE SAN ATATÜRK BUL NO 48 SİNCAN ANKARA;(312) 0000000;www.sepiyolit.com;sepiyolit.com;İMİB - İstanbul Maden İhracatçıları Birliği
AKMİN GRUP MADENCİLİK MEDİKAL GÜVENLİK EKİPMANLARI LİMİTED ŞİRKETİ;KİZİLAY MAH FEVZİ CAKMAK SOK.1 NO.15 D.7 ÇANKAYA ANKARA;(312) 4257212;http://bagrup.com;bagrup.com;İMİB - İstanbul Maden İhracatçıları Birliği
AKPA ALÜMİNYUM SANAYİ VE TİCARET ANONİM ŞİRKETİ;HÜRRİYET MH DR CEMİL BENGÜ CD NO:6 KAĞITHANE İSTANBUL;(000) 4442499;www.akpaas.com.tr;akpaas.com.tr;İMİB - İstanbul Maden İhracatçıları Birliği
AK-PA TEKSTİL İHR. PAZ. AŞ;MIRALAY SEFIK BEY SOKAK AK HANNO.15-17 TAKSİM BEYOĞLU İSTANBUL;(212) 2519200;www.akpa.com.tr;akpa.com.tr;İMİB - İstanbul Maden İhracatçıları Birliği
AKPER MAD.INS.TAAH.SAN.LTD.STI;ATATURK BULVARI YAKIN APT.37/5 Merkez ÇANKIRI;03762131159;www.akper.com.tr;akper.com.tr;İMİB - İstanbul Maden İhracatçıları Birliği
AKRA CAM DEKORASYON MAK. SAN. VE PAZ. LTD. ŞTİ;MİTHATPAŞA CAD. SÖĞÜTLÜ SOK. NO.7 ÇOBANÇEŞME BAHÇELİEVLER İSTANBUL;(212) 4944447;www.solarwin.com.tr;solarwin.com.tr;İMİB - İstanbul Maden İhracatçıları Birliği
AKSA ENERJİ ÜRETİM A.Ş.;BARBAROS BULV.NO.91 BEŞİKTAŞ İSTANBUL;02125505336;www.aksa.com.tr;aksa.com.tr;İMİB - İstanbul Maden İhracatçıları Birliği
AKSA KARBON VE İLERİ KOMPOZİT MALZEMELER SANAYİ ANONİM ŞİRKETİ;MİRALAY ŞEFİK BEY SOK. AKHAN NO:15 GÜMÜŞSUYU TAKSİM BEYOĞLU İSTANBUL;(212) 2514500;www.aksaca.com.tr;aksaca.com.tr;İMİB - İstanbul Maden İhracatçıları Birliği
AKSAN KALIP SANAYI VE TIC.A.S.;BEYLİKDÜZÜ O.S.B. BAKIR VE PİRİNÇ SAN. SİTESİ KARANFİL CAD. NO:15 BEYLİKDÜZÜ İSTANBUL;(212) 8764720;www.aksan-co.com;aksan-co.com;İMİB - İstanbul Maden İhracatçıları Birliği
AKSESUAR GROUP İNŞ. SAN. VE TİC. A.Ş.;BEŞYOL MH AKASYA SK NO:29/A KÜÇÜKÇEKMECE İSTANBUL;(212) 5985598;www.aksesuardesing.com;aksesuardesing.com;İMİB - İstanbul Maden İhracatçıları Birliği
AKSOYLAR MERMER SANAYI TIC.A.S;BEYLIKDUZU MERMERCILER SAN.SITESI 2.CAD. NO.11/15 BEYLİKDÜZÜ İSTANBUL;(212) 8751590;www.aksoylarmermer.com;aksoylarmermer.com;İMİB - İstanbul Maden İhracatçıları Birliği
AKSU GRUP MADENCİLİK İÇ VE DIŞ TİC.A.Ş.;MEBUSEVLERİ İLLER SOK. NO:5 TANDOĞAN ANITTEPE ÇANKAYA ANKARA;(312) 2159000;www.aksugroup.com;aksugroup.com;İMİB - İstanbul Maden İhracatçıları Birliği
AK-TAŞ DIŞ TİCARET A.Ş.;KISIKLI İNCİR SOK. NO.6B ÜSKÜDAR İSTANBUL;02165241212;www.aktasdis.com;aktasdis.com;İMİB - İstanbul Maden İhracatçıları Birliği
AKTENTAS AKSARAY TARIM ENDUSTRI TICARET A.S.;SARAY TUZ FABRIKASI TASPAZAR MAH.KARASU MEVKİİ P.K:70 AKSARAY AKSARAY;(382) 2151128;www.saraytuz.com;saraytuz.com;İMİB - İstanbul Maden İhracatçıları Birliği
AKTİF ARITMA TEKNOLOJİ MÜH. MÜŞ. SAN. TİC. LTD.ŞTİ.;FERHATPAŞA MAH.MAREŞAL FEVZİ ÇAKMAK CAD.AAT PLAZA NO:14/2 FERHATPAŞA ATAŞEHİR İSTANBUL;(216) 4644301;www.aktifaritma.com;aktifaritma.com;İMİB - İstanbul Maden İhracatçıları Birliği
AKVO DIŞ TİCARET A.Ş.;GEVHERNESİBE MH.GÜR.SOK.NO:10/67 OFİSİM KAYSERİ B BLOK K:14 KOCASİNAN KAYSERİ;(352) 2224210;www.akvodisticaret.com.tr;akvodisticaret.com.tr;İMİB - İstanbul Maden İhracatçıları Birliği
AKYUZLER INS.MALZ.SAN. VE TIC. LTD.STI.;PLASTİKÇİLER ORG. SAN. BÖL. 5. CADDENO. 3/1 GEBZE - KOCAELİ ZEYTİNBURNU İSTANBUL;(262) 7515150;www.akyuzlernalburiye.com.tr;akyuzlernalburiye.com.tr;İMİB - İstanbul Maden İhracatçıları Birliği
AKZONOBEL KEMIPOL KİMYA SANAYI VE TICARET ANONİM ŞİRKETİ;ANKARA KARAYOLU UZERI 25.KM. KEMALPAŞA İZMİR;(232) 8770030;www.akzokemipol.com.tr;akzokemipol.com.tr;İMİB - İstanbul Maden İhracatçıları Birliği
AL NALBURİYE HIRDAVAT TİCARET VE SAN. LTD. ŞTİ.;KARAKÖY ARAP CAMI MAH. KUREKCILERCAD. NO:37 BEYOĞLU İSTANBUL;;www.al.com.tr;al.com.tr;İMİB - İstanbul Maden İhracatçıları Birliği
ALACAKAYA DIŞ TİCARET VE PAZARLAMA ANONİM ŞİRKETİ;ORGANIZE SAN. BÖLGESI 5.YOLYAZIKONAK ELAZIĞ ELAZIĞ;(424) 2551260;www.alacakaya.com;alacakaya.com;İMİB - İstanbul Maden İhracatçıları Birliği
ALBAN YAPI ÜRÜNLERİ TEKSTİL SAN. VE DIŞ TİC. LTD. ŞTİ.;İKİTELLİ OSB MH KERESTECİLER SAN SİT 23. SK. NO:41 BAŞAKŞEHİR İSTANBUL;(212) 5218888;www.albantc.com;albantc.com;İMİB - İstanbul Maden İhracatçıları Birliği
ALBAYRAK TURİZM SEYAHAT İNŞAAT TİCARET ANONİM ŞİRKETİ;MALTEPE MH FETİH CD NO:6 ZEYTİNBURNU İSTANBUL;(212) 4681818;www.albayrak.com.tr;albayrak.com.tr;İMİB - İstanbul Maden İhracatçıları Birliği
ALBEDO KİMYA VE DANIŞMANLIK HİZMETLERİ LTD. ŞTİ.;YAVUZ SULTAN SELİM MAH. MEVLANA CD. EMLAK KONUT TİCARET MERKEZİ E BLOK KAPI NO: 204 J KÖRFEZ KOCAELİ;(262) 0000000;https://www.albedokimya.com.tr/;albedokimya.com.tr;İMİB - İstanbul Maden İhracatçıları Birliği
ALCAS METAL SANAYİ ANONİM ŞİRKETİ;CUMHURİYET MH KAYA MİLENYUM PLAZA KAT:7 NO:139 BÜYÜKÇEKMECE İSTANBUL;(212) 5508788;www.alcas.com.tr;alcas.com.tr;İMİB - İstanbul Maden İhracatçıları Birliği
ALEKS MAKİNE TICARET VE SANAYİ LİMİTED SİRKETI;YENİBOSNA MERKEZ MAH. KUYUMCULAR SOK. İSTANBUL VİZYON PARK 4/C1 BLOK NO:23 BAHÇELİEVLER İSTANBUL;02124581703;www.alexmakina.com;alexmakina.com;İMİB - İstanbul Maden İhracatçıları Birliği
ALFA OTOMAT ÇELİKÇİLİK TİCARET VE SANAYİ LİMİTED ŞİRKETİ;DEMIRCILER SIT. 5. CAD. NO.16 ZEYTİNBURNU İSTANBUL;(212) 5581691;www.alfaotomat.com.tr;alfaotomat.com.tr;İMİB - İstanbul Maden İhracatçıları Birliği
ALFATAŞ MERMER MADENCİLİK SANAYİ VE TİCARET LİMİTED ŞİRKETİ;ORGANİZE SANAYİ BÖLGESİ 1. SOKAK NO:5 MERKEZ AMASYA;(358) 2735151;http://www.alfatas.com.tr;alfatas.com.tr;İMİB - İstanbul Maden İhracatçıları Birliği
ALGOTRİO KİMYA SANAYİ VE TİCARET ANONİM ŞİRKETİ;SOĞUCAK OSB MAH 3. ORG SAN BÖLGESİ KÜME EVLERİ NO:7/1 SÖĞÜTLÜ SAKARYA;(264) 5022849;www.algotrio.com;algotrio.com;İMİB - İstanbul Maden İhracatçıları Birliği
ALİ BERK ASLAN;GEDELEK MAH. AÇMALAR SAN.SİT.SK. NO:17/2 ORHANGAZİ BURSA;(224) 5248875;www.marmos.com.tr;marmos.com.tr;İMİB - İstanbul Maden İhracatçıları Birliği
ALİMOĞLU MERMER SANAYİ İNŞAAT VE TİCARET ANONİM ŞİRKETİ;BAĞDAT CADDESİ NO.552/1 CEVİZLİ MALTEPE İSTANBUL;(216) 3520616;www.alimoglumarble.com;alimoglumarble.com;İMİB - İstanbul Maden İhracatçıları Birliği
ALİMOĞLU MERMER SANAYİİ VE TİCARET ANONİM ŞİRKETİ;ELEKRIK SANTRTAL YANI NO:59 MERKEZ AFYON;(272) 2211055;www.alimoglumarble.com;alimoglumarble.com;İMİB - İstanbul Maden İhracatçıları Birliği
ALKAN MERMER VE GRANİT SANAYİ ANONİM ŞİRKETİ;ANADOLU YAKASI İST OSB 1. SOK. NO:2 TUZLA İSTANBUL;(216) 5930707;www.alkanmermer.com;alkanmermer.com;İMİB - İstanbul Maden İhracatçıları Birliği
ALKOY MUTFAK EŞYALARI SAN.VE DIŞ TİC.LTD.ŞTİ.;HACİMAŞLI MH HACİMAŞLI CD NO:73 ARNAVUTKÖY İSTANBUL;(212) 6830351;www.alkoy.com.tr;alkoy.com.tr;İMİB - İstanbul Maden İhracatçıları Birliği
ALNOM METAL İNŞ. SAN. VE TİC. LTD. ŞTİ.;CEVİZLİ MAH. ZUHAL CAD.RİTİM İSTANBUL B BLOK NO : 44 / 148 MALTEPE / İSTANBUL MALTEPE İSTANBUL;;https://www.alnom.com.tr/;alnom.com.tr;İMİB - İstanbul Maden İhracatçıları Birliği
ALPAZ DEMİR ÇELİK OKSİT İNŞAAT SAN.TİC.LTD.ŞTİ.;ALİKAHYA OSB MAH. 101. SK. NO:19/1 İZMİT KOCAELİ;(262) 5030144;https://www.alpazdemircelik.com/;alpazdemircelik.com;İMİB - İstanbul Maden İhracatçıları Birliği
ALPERAKS ALÜMİNYUM PVC VE AKSESUARLARI İNŞAAT SAM.TİC. LTD.ŞTİ.;ALUMINYUMCULAR SANAYİ SİTESİ 2046 SOK. NO:1/FOVACIK KEÇİÖREN ANKARA;(312) 0000000;www.alperaks.com;alperaks.com;İMİB - İstanbul Maden İhracatçıları Birliği
ALPTEKİN MAKİNA ISI SANAYİ VE TİCARET A.Ş.;2. ORG SAN BÖL. 5.CADDE NO:14 YEŞİLYURT MALATYA;(422) 3363445;www.alptekingroup.com;alptekingroup.com;İMİB - İstanbul Maden İhracatçıları Birliği
ALS LABORATUVAR CIHAZLARI PAZ. SAN.VE TIC.LTD.STI.;IBRAHIMAĞA M.ÇIÇEKÇI S.ÇIÇEKAP.BBLOK NO:3/16 KADIKÖY İSTANBUL;02165458364;www.als.com.tr;als.com.tr;İMİB - İstanbul Maden İhracatçıları Birliği
ALSA KIMYASAL MADDELER SAN. VE TIC.LTD.STI.;A.NAFIZ GURMAN M. GUNDOGDU SOK.27 D.6 GUNGOREN M. GÜNGÖREN İSTANBUL;02125046363;www.alsakimya.com;alsakimya.com;İMİB - İstanbul Maden İhracatçıları Birliği
ALSA SOĞUTMA SANAYİ VE TİCARET LİMİTED ŞİRKETİ;MALTEPE MAHALLESİ FATİH ŞEHİTLERİ SOKAK NO:4/1 ZEYTİNBURNU İSTANBUL;(212) 6747486;www.alsasogutma.com;alsasogutma.com;İMİB - İstanbul Maden İhracatçıları Birliği
ALSE KİMYA MİNERAL SANAYİ VE TİCARET LİMİTED ŞİRKETİ;75.YIL MAHALLESİ EMKO SANAYİ SİTESİ C5 BLOK NO:2 ODUNPAZARI ESKİŞEHİR;(222) 2281214;www.alsekimyamineral.com;alsekimyamineral.com;İMİB - İstanbul Maden İhracatçıları Birliği
ALSEM MERMERCİLİK MADEN İNŞAAT TURİZM SANAYİ VE TİCARET LİMİTED ŞİRKETİ;AĞILGAN KÜME EVLERİ KANLI KÖPRÜ KARŞISINO: 32 HUZURKENT AKDENİZ MERSIN;(324) 6464476;www.alsemmermer.com;alsemmermer.com;İMİB - İstanbul Maden İhracatçıları Birliği
ALTABBA İÇ VE DIŞ TİCARET LİMİTED ŞİRKETİ;ADALET MAHALLESİ MANAS BULVARI FOLKART TOWERS APT. NO:47 B/2601 BAYRAKLI İZMİR;(232) 8540425;www.altabba.com.tr;altabba.com.tr;İMİB - İstanbul Maden İhracatçıları Birliği
ALTINAYLAR YAPI MİKRONİZE DEKORASYON SANAYİ VE TİCARET LİMİTED ŞİRKETİ;ESKİŞEHİR ORG. SAN. BÖL. 20. CAD. NO.33 ODUNPAZARI ESKİŞEHİR;(222) 2217150;www.altinaylar.com;altinaylar.com;İMİB - İstanbul Maden İhracatçıları Birliği
ALTINEL ALUMINYUM VE PVC SANAYİ TİCARET ANONİM ŞİRKETİ;B.O.S.B MERMERCİLER SAN. SİT. 7.CAD.N:12 BEYLİKDÜZÜ İSTANBUL;(212) 8752442;www.altinelpvc.com;altinelpvc.com;İMİB - İstanbul Maden İhracatçıları Birliği
ALTINSOY MADENCİLİK VE TİCARET ANONİM ŞİRKETİ;BÜYÜKBALIKLI MAH. BÜYÜKBALIKLI CAD.NO:191/1 NİLÜFER BURSA;(224) 6718019;www.altinsoy.com.tr;altinsoy.com.tr;İMİB - İstanbul Maden İhracatçıları Birliği
ALTUN BAŞAK LOJİSTİK HİZMETLERİ VE GÜMRÜK MÜŞ. SAN. TİC. A. Ş.;OSMAN YILMAZ MAH. İSTANBUL CAD. NO: 32/E GEBZE GEBZE KOCAELİ;(262) 6420832;www.altunbasak.com;altunbasak.com;İMİB - İstanbul Maden İhracatçıları Birliği
ALUGLAS DIŞ TİCARET ANONİM ŞİRKETİ;NECİP FAZIL MH NECİP FAZIL BULVARI SULTAN İS MERKEZİ NO:5/46 ÜMRANİYE İSTANBUL;(216) 4666069;www.alugas.com.tr;alugas.com.tr;İMİB - İstanbul Maden İhracatçıları Birliği
ALÜ-SİS ALÜMİNYUM CEPHE SİSTEMLERİ PLASTİK İNŞ.VE İNŞ.MALZ.SAN VE TİC LTD ŞTİ;SAMANLI MAH KOCAALİ CAD NO:102/1 YILDIRIM BURSA;(224) 3607638;www.alusis.com.tr;alusis.com.tr;İMİB - İstanbul Maden İhracatçıları Birliği
ALYA DÖKÜM SANAYİ VE ENDÜSTRİYEL MİNERALLER ANONİM ŞİRKETİ;AKOVA MAH. 5037 SK. NO: 11 HENDEK SAKARYA;(264) 2747790;http://www.alyaindustry.com;alyaindustry.com;İMİB - İstanbul Maden İhracatçıları Birliği
ALZE KİMYA SANAYİ VE DIŞ TİCARET LİMİTED ŞİRKETİ;HÜRRİYET MAHALLESİ CENGİZ TOPEL CADDESİ NO:85 GAZİOSMANPAŞA İSTANBUL;;https://alzekimya.com;alzekimya.com;İMİB - İstanbul Maden İhracatçıları Birliği
AMCOL MİNERAL MADEN.SAN.VE TİC A.Ş.;ATATÜRK MAH. ATAŞEHİR BULV. GARDENYA 3 PLAZA NO.20 K.13 ATAŞEHİR İSTANBUL;(216) 4149616;www.amcol.com;amcol.com;İMİB - İstanbul Maden İhracatçıları Birliği
AMİRAL İŞ GÜVENLİĞİ HIRD.İNŞ.SAN.TİC.LTD.ŞTİ.;ISTOC 18.ADA NO.110 BAĞCILAR İSTANBUL;;www.amiralinsaat.com.tr.;amiralinsaat.com.tr.;İMİB - İstanbul Maden İhracatçıları Birliği
AMPER ELEKTRİK İNŞAAT VE SANAYİ ANONİM ŞİRKETİ;HALİL RIFAT PAŞA MH YÜZER HAVUZ SK PERPE TİC MERK A BLOK KAT:2/38 ŞİŞLİ İSTANBUL;(212) 2211831;www.amper.com.tr;amper.com.tr;İMİB - İstanbul Maden İhracatçıları Birliği
ANADOLU DÖKÜM SANAYİ ANONİM ŞİRKETİ;YENİ YALI MH HÜRRİYET BULVARI NO:47 KÖRFEZ KOCAELİ;(262) 5271351;www.anadoludokum.com.tr;anadoludokum.com.tr;İMİB - İstanbul Maden İhracatçıları Birliği
ANADOLU GAZ LİMİTED ŞİRKETİ;MALTEPE MAH.SİTE 1 SOK.ÇALIK SANAYİ SİT.N:23/A-B ZEYTİNBURNU İSTANBUL;(212) 6126084;http://www.fodinoxmutfak.com;fodinoxmutfak.com;İMİB - İstanbul Maden İhracatçıları Birliği
ANALİTİK KİMYA TİCARET ANONİM ŞİRKETİ;İSTOÇ 21. ADA NO:39-41-43-45 MAHMUTBEY BAĞCILAR İSTANBUL;(212) 6599870;www.analitikkimya.com.tr;analitikkimya.com.tr;İMİB - İstanbul Maden İhracatçıları Birliği
ANASYA DIŞ TİCARET LİMİTED ŞİRKETİ;MALTEPE MAH. ESKİ ÇIRPICI YOLU SK. MERIDYEN IŞ MERNO: 1 İÇ KAPI NO: Z23 ZEYTİNBURNU İSTANBUL;;http://www.anasya.co;anasya.co;İMİB - İstanbul Maden İhracatçıları Birliği
ANATOLİA TANI VE BİYOTEKNOLOJİ ÜRÜNLERİ AR-GE SAN.VE TİC.A.Ş.;HASANPAŞA MAH. BEYDAĞI SOK. NO:1-9H SULTANBEYLİ İSTANBUL;(216) 3300455;www.anatoliageneworks.com;anatoliageneworks.com;İMİB - İstanbul Maden İhracatçıları Birliği
ANC METAL SAN VE TİC A.Ş;ALİ NİHAT TARLAN CAD. SÜLEYMAN BAŞKAN İŞ MERKEZİ,NO:84 KAT:8 ATAŞEHİR İSTANBUL;(216) 0000000;ancmetal.com.tr;ancmetal.com.tr;İMİB - İstanbul Maden İhracatçıları Birliği
AND ENDÜSTRİYEL HAMMADDELER DIŞ TİC.LTD.ŞTİ.;ORUÇREİS MAH.TEKSİTLKENT CAD.TEKSTİLKENT SİTESİ KOZA PLAZA A BLOK NO:12 D.NO:332 34220 ESENLER İSTANBUL;(212) 5831131;www.anadolumikronize.com;anadolumikronize.com;İMİB - İstanbul Maden İhracatçıları Birliği
ANDROMEDA KİMYA PLASTİK SANAYİ VE TİCARET LİMİTED ŞİRKETİ;MEHMET AKİF MAH. HAZAR SK. NO: 1 İÇ KAPI NO:4 KÜÇÜKÇEKMECE İSTANBUL;(212) 0000000;http://www.andromedachem.com;andromedachem.com;İMİB - İstanbul Maden İhracatçıları Birliği
ANKARA BAYKOÇ OTOMOTİV İNŞAAT KİMYA BOYA PAZARLAMA SANAYİ VE TİCARET LTD ŞTİ;BAHÇEKAPI MAHALLESİ 2507 CADDE NO 22 A PK:06370 ETİMESGUT ANKARA;(312) 2785516;www.ankarabaykoc.com;ankarabaykoc.com;İMİB - İstanbul Maden İhracatçıları Birliği
ANL AGROTEK DIS TICARET LIMITED SIRKETI;YAKUPLU MAH. HÜRRIYET BLV. SKYPORT SKYPORT RESİDEN NO: 1 IÇ KAPI NO: 64 BEYLİKDÜZÜ İSTANBUL;(212) 9827151;http://www.anlagrotek.com.tr;anlagrotek.com.tr;İMİB - İstanbul Maden İhracatçıları Birliği
ANTAŞ ENERJİ GAYRİMENKUL OTOMOTİV SANAYİ VE TİCARET A.Ş.;KOCAELİ GEBZE KÖMÜRCÜLER OSB MAH.FUAT ERGENÇ CAD. NO:6/A DİLOVASI KOCAELİ;(262) 7541015;www.antasenerji.com.tr;antasenerji.com.tr;İMİB - İstanbul Maden İhracatçıları Birliği
ANTREPPO KİMYEVİ MADDELER İTHALAT İHRACAT PAZARLAMA VE TİCARET ANONİM ŞİRKETİ;BARBAROS MAH. SARKAÇ SOKAK AĞAOĞLUMY PRESTİGE NO:1 2/5 ATAŞEHİR İSTANBUL;(216) 4421144;www.antrepo.com.tr;antrepo.com.tr;İMİB - İstanbul Maden İhracatçıları Birliği
APARK TEKNOLOJİ SAN.VE TİCARET LİMİTED ŞİRKETİ;YEŞİLKÖY MAH.ATATÜRK CAD.EGS BUSİNESS B2 BLOK NO:12/134 BAKIRKÖY İSTANBUL;(212) 2581133;http://www.kulekci.com.tr;kulekci.com.tr;İMİB - İstanbul Maden İhracatçıları Birliği
ARAS GLOBAL TİCARET VE LOJİSTİK TURİZM LİMİTED ŞİRKETİ;OSMAN YILMAZ MAHALLESİ 648 SOKAK NO:61/A GEBZE KOCAELİ;(216) 5406400;www.arasglobal.com.tr;arasglobal.com.tr;İMİB - İstanbul Maden İhracatçıları Birliği
ARBA INTERNATIONAL DIŞ TİCARET LTD.ŞTİ.;CUMHURİYET MAH. D-100 KARAYOLU CAD. ADM KONAKLAMA SİTESİOUTLET PARK AVM BLOK NO: 374 İÇ KAPI NO: 63 BÜYÜKÇEKMECE İSTANBUL;(212) 8540341;www.arbakimya.com;arbakimya.com;İMİB - İstanbul Maden İhracatçıları Birliği
ARBA KIMYA SANAYİ TİCARET ANONİM ŞİRKETİ;TABAKHANELER 6 NO'LU SOK. NO:41/1 DEMİRCİLER 14900 GEREDE BOLU;(216) 3948502;www.arbakimya.com.tr;arbakimya.com.tr;İMİB - İstanbul Maden İhracatçıları Birliği
ARCHICLAD ALÜMİNYUM TİCARET VE SANAYİ LİMİTED ŞİRKETİ;BEYLİKDÜZÜ OSB MH MERMERCİLER SAN SİT 4 CD NO:7 BEYLİKDÜZÜ İSTANBUL;(212) 8751908;www.archiclad.com;archiclad.com;İMİB - İstanbul Maden İhracatçıları Birliği
ARCOGLOBAL ÜRETİM ANONİM ŞİRKETİ;İOSB MH HÜRRİYET BULVARI NO:54 BAŞAKŞEHİR İSTANBUL;(212) 4850860;www.arcoglobal.com;arcoglobal.com;İMİB - İstanbul Maden İhracatçıları Birliği
ARÇELİK ANONİM ŞİRKETİ;SÜTLÜCE KARAAGAÇ CAD. NO 2/6 BEYOĞLU İSTANBUL;(212) 3143803;www.arcelik.com.tr;arcelik.com.tr;İMİB - İstanbul Maden İhracatçıları Birliği
ARDA MUTFAK EKİPMANLARI İMALAT SANAYİ VE TİCARET LİMİTED ŞİRKETİ;BAHRİYE CD NO:65/1 BEYOĞLU İSTANBUL;(212) 2539829;www.ardamutfak.com;ardamutfak.com;İMİB - İstanbul Maden İhracatçıları Birliği
ARENKO İNŞAAT MALZEMELERİ VE İTHALAT İHRACAT LİMİTED ŞİRKETİ;MERKEZEFENDİ MAH.MEVLANA CAD. 128 B2 BLOK D:5 ZEYTİNBURNU İSTANBUL;(212) 5828430;http://www.finishpart.com;finishpart.com;İMİB - İstanbul Maden İhracatçıları Birliği
ARFEN İNŞAAT VE YAPI TEKNOLOJİLERİ SANAYİ TİCARET ANONİM ŞİRKETİ;ÖMERLİ MH GÜLCE SK NO:8/1 HADIMKÖY(BOYALIK) ARNAVUTKÖY İSTANBUL;(212) 4851615;www.arfen.com;arfen.com;İMİB - İstanbul Maden İhracatçıları Birliği
ARISAN KİMYA SANAYİ VE TİCARET A.Ş.;YUKARI DUDULLU MAH. BARBAROS BULV. ŞERİFALİ ÇİFTLİĞİ MEVKİİ EDEP SOK. NO:15/3 ÜMRANİYE İSTANBUL;(216) 5264600;www.arisankimya.com;arisankimya.com;İMİB - İstanbul Maden İhracatçıları Birliği
ARITIM MÜHENDİSLİK İNŞAAT SANAYİ VE TİCARET LİMİTED ŞİRKETİ;ERGENEKON CAD. PINAR APT. NO:31/7 BOZKURT 34375 ŞİŞLİ İSTANBUL;(212) 2580353;www.aritim.com;aritim.com;İMİB - İstanbul Maden İhracatçıları Birliği
ARİS MADENCİLİK A.Ş.;ÇİFTLLİKKÖY MAHALEESİ 32182. SK. EKİNCİ BOYUT 34 SİT. 2/18 YENİŞEHİR MERSIN;(324) 5033852;www.arismadencilik.com.tr;arismadencilik.com.tr;İMİB - İstanbul Maden İhracatçıları Birliği
ARK KIRTASIYE ÜRÜNLERİ DIŞ TICARET LİMİTED ŞİRKETİ;RÜSTEMPAŞA MH. SABUNCUHANI SK N:53 EMİNÖNÜ/CAĞALOĞLU FATİH İSTANBUL;(216) 3781415;www.arkakar.com;arkakar.com;İMİB - İstanbul Maden İhracatçıları Birliği
ARK SHIP SUPPLY GEMİ TEDARİK HİZMETLERİ LİMİTED ŞİRKETİ;YAYLA MAH GÜRSEL SOKAK NO 24/A TUZLA İSTANBUL;(216) 3955981;www.arkshipsupply.com;arkshipsupply.com;İMİB - İstanbul Maden İhracatçıları Birliği
ARMES MADENCILIK VETIC.LTD.STI;RÜZGARLI CAD. NO.7/25 ULUS ULUS/İSMETPAŞA ALTINDAĞ ANKARA;(312) 2200081;www.armesmarble.com;armesmarble.com;İMİB - İstanbul Maden İhracatçıları Birliği
AROX DIŞ TİCARET İTHALAT İHRACAT LİMİTED ŞİRKETİ;197 SOK. NO:14/1 NARDÜZÜ/ ARSUZ HATAY;(326) 6147621;www.aroxoxide.com;aroxoxide.com;İMİB - İstanbul Maden İhracatçıları Birliği
ARPET MADENCİLİK PETROKİMYA SANAYİ VE DIŞ TİCARET LİMİTED ŞİRKETİ;TASOCAGI YOLU CAD. BALANCE GÜNESLI NO: 19 /6 IÇ KAPI NO: 60 BAĞCILAR İSTANBUL;(212) 8013465;http://www.arpettrade.com.tr;arpettrade.com.tr;İMİB - İstanbul Maden İhracatçıları Birliği
ART HORECA ENDÜSTRİYEL MUTFAK VE OTEL EKİPMANLARI TİCARET SANAYİ LİMİTED ŞİRKETİ;MAHMUTBEY MH İSTOÇ TİCARET MERKEZİ 2420 SK 3 ADA NO:107 BAĞCILAR İSTANBUL;;www.arthoreca.com.tr;arthoreca.com.tr;İMİB - İstanbul Maden İhracatçıları Birliği
ARTEK KESİCİ TAKIMLAR SANAYİ VE DIŞ TİCARET LİMİTED ŞİRKETİ;İKİTELLİ OSB MH AYKOSAN ÇARŞI B BLOK VİP PLAZA NO:1/28 BAŞAKŞEHİR İSTANBUL;(212) 2550308;www.artekltd.com.tr;artekltd.com.tr;İMİB - İstanbul Maden İhracatçıları Birliği
ARTMAR ARTI MERMER MADENCİLİK VE MADEN ÜRÜNLERİ ARAŞ. SAN. VE TİC. A.Ş.;ORG. SANAYİ BÖLGESİ 12 CAD. NO.13 MERKEZ ESKİŞEHİR;(222) 2361075;www.artmar.com.tr;artmar.com.tr;İMİB - İstanbul Maden İhracatçıları Birliği
ARYA CEPHE SİSTEMLERİ SANAYİ VE TİCARET LİMİTED ŞİRKETİ;MAHMUTBEY MH TAŞOCAĞI YOLU CD GÜL PROJE EXPRES NO:33 B BLOK K:10/26 BAĞCILAR İSTANBUL;(212) 4741004;www.aryacephe.com;aryacephe.com;İMİB - İstanbul Maden İhracatçıları Birliği
ARZUM ELEKTRİKLİ EV ALETLERİ SANAYİ VE TİCARET ANONİM ŞİRKETİ;DEFTERDAR MAH. OTAKÇILAR CAD.B BLOK KAT:1 NO:78 FLATOFİS BİNASI EYÜP İSTANBUL;(212) 4678080;www.arzum.com.tr;arzum.com.tr;İMİB - İstanbul Maden İhracatçıları Birliği
AS GÜRELLER MERMER NAKLİYAT SAN.VE TİC.LTD.ŞTİ.;ANTALYA KARAYOLU ÜZERİ 6. KM ESKİKÖY MEVKİİ BUCAK BURDUR;(248) 3171200;www.asgureller.com;asgureller.com;İMİB - İstanbul Maden İhracatçıları Birliği
AS TEKNOLOJİK İNŞ. SAN. VE TİC. A.Ş.;MASLAK MH MASLAK MEYDAN SK BEYBİ GİZ PLAZA NO:1/9/31 SARIYER İSTANBUL;(212) 2150095;www.asteknolojik.com.tr;asteknolojik.com.tr;İMİB - İstanbul Maden İhracatçıları Birliği
ASA GROUP DIŞ TİCARET LİMİTED ŞİRKETİ;YEŞİLKÖY MH ATATÜRK CD NO:12 EGS BUSİNESS PARK BLOKLARI KAT:10/340 YEŞİLKÖY BAKIRKÖY İSTANBUL;(212) 4650020;www.asagroup.com.tr;asagroup.com.tr;İMİB - İstanbul Maden İhracatçıları Birliği
ASAL BOYA KİMYA SANAYİ VE TİCARET LİMİTED ŞİRKETİ;KİMYA SANAYİCİLERİ O.S.B.MELEK ARAS BULV.N:18 TUZLA İSTANBUL;(212) 5932350;www.asalkimya.com.tr;asalkimya.com.tr;İMİB - İstanbul Maden İhracatçıları Birliği
ASBANT BANT VE POLİSAJ SANAYİ VE TİCARET ANONİM ŞİRKETİ;AKÇABURGAZ MAHALLESİ ALKOP CAD.1591 SOK. NO 2 ESENYURT İSTANBUL;(212) 4852491;www.asbant.com;asbant.com;İMİB - İstanbul Maden İhracatçıları Birliği
ASFARMA MEDİKAL DENTAL ÜRÜNLER VE İLAÇ SAN. TİC. A.Ş.;RESSAM HALİM SK NO:7 - 32 KAT : 3 KADİR HAS CENTER BAHÇELİEVLER BAHÇELİEVLER, İSTANBUL, TÜRKİYE BAHÇELİEVLER İSTANBUL;(212) 4414001;www.asfarma.com;asfarma.com;İMİB - İstanbul Maden İhracatçıları Birliği
ASIL KIMYA VE BOYA SANAYII TICARET A.S.;LIBADIYE CAD. CAMLIBEL SOK.NO.18/2 ÜSKÜDAR İSTANBUL;02163275015;www.asilkimya.com;asilkimya.com;İMİB - İstanbul Maden İhracatçıları Birliği
ASIR GROUP İHRACAT A.Ş;ORGANİZE SANAYİ MAH.10.CAD 34 PORTALL PLAZA NO.7 E/7 İKİTELLİ BAŞAKŞEHİR İSTANBUL;(212) 4387550;http://www.asirgroup.com;asirgroup.com;İMİB - İstanbul Maden İhracatçıları Birliği
ASİL KROM EVYE SANAYİ VE TİCARET ANONİM ŞİRKETİ;OSMANGAZİ MAH BÜYÜKAYAZMA CD NO:97-99-101 ESENYURT İSTANBUL;(212) 6898618;www.asilkrom.com;asilkrom.com;İMİB - İstanbul Maden İhracatçıları Birliği
ASİS OTOMASYON VE AKARYAKIT SİSTEMLERİ A.Ş.;AKİF İNAN SK. NO:14 TATLISU 34760 ÜMRANİYE İSTANBUL;(216) 5406464;www.asis.com.tr;asis.com.tr;İMİB - İstanbul Maden İhracatçıları Birliği
ASMAŞ AĞIR SANAYİ MALZEMELERİ İMALALAT VE TİCARET ANONM ŞİRKETİ;ATATÜRK MAH.ATAŞEHİR BULVARI. GARDENYAPLAZA 3 KAT:13 NO:20 ATAŞEHİR İSTANBUL;02164559250;www.asmas.com.tr;asmas.com.tr;İMİB - İstanbul Maden İhracatçıları Birliği
ASOS PROSES MAKİNA SANAYİ VE TİCARET ANONİM ŞİRKETİ;VELİMEŞE MAH AKBAYIR KÜME EVLERN:18 ÇORLU TEKİRDAĞ;(282) 6745440;www.asosotomasyon.com.tr;asosotomasyon.com.tr;İMİB - İstanbul Maden İhracatçıları Birliği
ASPEN YAPI VE ZEMİN SİSTEMLERİ SAN. VE TİC. AŞ;HAMİDİYE MH. CENDERE CAD. PORTA VADİ T2 BLOK NO:103/1 D:14 KAĞITHANE İSTANBUL;(212) 3188888;www.aspen.com.tr;aspen.com.tr;İMİB - İstanbul Maden İhracatçıları Birliği
ASSAN PANEL SANAYİ VE TİCARET ANONİM ŞİRKETİ;YAYLA MAH. D-100 KARAYOLU ÜZERİ RÜYA SOK. NO:2 ASSAN TESISLERI TUZLA İSTANBUL;(216) 5811702;www.assanpanel.com.tr;assanpanel.com.tr;İMİB - İstanbul Maden İhracatçıları Birliği
ASSOS DIS TICARET PAZARLAMA ANTIK MERMER SAN .VE TIC.LTD.STI.;ORGANIZE SAN. BÖL. 16. CAD. NO. 187/5 BALIKESİR BALIKESİR;(266) 2811400;www.assosmarble.com;assosmarble.com;İMİB - İstanbul Maden İhracatçıları Birliği
ASTAŞ ENDÜSTRİ TEKSTİL MAKİNLARI SAN. TİC. AŞ;KOCMAN CAD.NO.57 GÜNEŞLİ BAĞCILAR İSTANBUL;02126308900;www.astasjuki.net;astasjuki.net;İMİB - İstanbul Maden İhracatçıları Birliği
ASTEKNİK MÜH. YAPI VE YALITIM MALZ.AL PLS SAN TİC A.Ş.;ESENKENT MH.BUYRUK SK.NO:15A-1 ÜMRANİYE İSTANBUL;(216) 4667263;www.asteknik.com;asteknik.com;İMİB - İstanbul Maden İhracatçıları Birliği
ASTOR ALÜMİNYUM İMALAT SANAYİ VE TİCARET LİMİTED ŞİRKETİ;BARBAROS MAH.MOR SÜMBÜL SK. TEKNİK YAPI DELUXIA PALACE A BLOK NO:5 A /305 ATAŞEHİR İSTANBUL;(216) 5104525;www.teknokalip.com;teknokalip.com;İMİB - İstanbul Maden İhracatçıları Birliği
ASYALI PLASTİK HAVUZ MALZ. İML. İNŞ. TAAH. İTH. İHR. PAZ. SAN. TİC. LTD. ŞTİ.;İ.O.S.B. İPKAS SANAYİ SİTESİ 13A BLOK NO:33-35 İKİTELLİ BAŞAKŞEHİR İSTANBUL;(212) 4856516;www.asyaliplastik.com;asyaliplastik.com;İMİB - İstanbul Maden İhracatçıları Birliği
ATA ENDÜSTRİYEL ÜRÜNLER TİC.VE SAN.LTD.ŞTİ.;İKİTELLİ OSB TÜMSAN SANAYİ SİTESİ 1.KISIM 7.BLOK NO:15 İKİTELLİ BAŞAKŞEHİR İSTANBUL;(212) 6794456;www.ataendustriyel.com.tr;ataendustriyel.com.tr;İMİB - İstanbul Maden İhracatçıları Birliği
ATA TEKNİK ENDÜSTRİYEL TEKNOLOJİLER SAN. VE TİC. LTD. ŞTİ.;KAVAKLI MH. KÖPRÜLÜ MEHMET PAŞA SK. NO:24 İÇ KAPI NO:2 BEYLİKDÜZÜ İSTANBUL;;www.atateknik.com.tr;atateknik.com.tr;İMİB - İstanbul Maden İhracatçıları Birliği
ATALAY MADENİ EŞYA SANAYİ VE TİCARET A.Ş.;BÜYÜKKARIŞTIRAN BELDESİ YENİ MAH. 9. SK. NO: 2/1 İÇ KAPI NO: 1 LÜLEBURGAZ KIRKLARELİ;(282) 6745272;www.atalay.com.tr;atalay.com.tr;İMİB - İstanbul Maden İhracatçıları Birliği
ATAMAN KİMYA A.Ş.;İÇERENKÖY MAH DESTAN SOK. NO:6/11 ATAŞEHİR İSTANBUL;(216) 5771010;www.acar-kimya.com;acar-kimya.com;İMİB - İstanbul Maden İhracatçıları Birliği
ATAYMER MADENCİLİK SANAYİ VE TİCARET LİMİTED ŞİRKETİ;VALİ KAZIM DİRİK CAD. NO.32 KAT.4 D.401 KONAK İZMİR;;www.ataymer.com;ataymer.com;İMİB - İstanbul Maden İhracatçıları Birliği
ATEN ASINDIRICI TASLAR END.VE TIC.A.S.;ÇAKMAKLI MAH. 2. CAD.117. SOK. NO.7 BÜYÜKÇEKMECE İSTANBUL;(212) 8865026;www.aten.com.tr;aten.com.tr;İMİB - İstanbul Maden İhracatçıları Birliği
ATILIM ALÜMİNYUM SANAYİ VE TİCARET LİMİTED ŞİRKETİ;ÇIRPICI MAH.SEYİDNİZAM CAD.NO:62/A ÇIRPICI ZEYTİNBURNU İSTANBUL;(212) 6791774;www.atilimaluminyum.com.tr;atilimaluminyum.com.tr;İMİB - İstanbul Maden İhracatçıları Birliği
ATILIM SAĞLIK ANONİM ŞİRKETİ;MERKEZ MAH. DEĞİRMENBAHÇE CAD.KAVAK SOK. NO:9 YENİBOSNA BAHÇELİEVLER İSTANBUL;(212) 6677787;www.atilimsaglik.net;atilimsaglik.net;İMİB - İstanbul Maden İhracatçıları Birliği
ATISKAN YAPI VE ENDUSTRIYEL ALCI URUNL.SAN.VE TIC.A.S.;HİSAR MAH BURSA KARAYOLU 21 KM NO.396M. ÇUKURHİSAR ÇUKURHİSAR TEPEBAŞI ESKİŞEHİR;(222) 4112089;www.atiskanalci.com;atiskanalci.com;İMİB - İstanbul Maden İhracatçıları Birliği
ATLAS COAT KİMYA SAN.TİC.A.Ş;İSTASYON MAH.NURSEL SK.YEŞİLÇAM APT.NO: 1/2 TUZLA İSTANBUL;(216) 0000000;www.atlascoats.com;atlascoats.com;İMİB - İstanbul Maden İhracatçıları Birliği
ATLAS MAGNETICS ELEKTRONIK SAN. TIC. LTD.;CİFTLİKKOY MAH. MERSİN UNİVERSİTESİ KAMPUSU 35A TEKNOPARK BİNASİ OFİS Z52 33150 YENİSEHİR MERSIN YENİŞEHİR MERSIN;(324) 2389978;http://www.atlasmagnetics.com;atlasmagnetics.com;İMİB - İstanbul Maden İhracatçıları Birliği
ATLAS SHIP SUPPLY GEMİ TEDARİK HİZMETLERİ TİCARET ANONİM ŞİRKETİ;15 TEMMUZ MAHALLESİ KOÇMAN CADDESİ NO : 48 BAĞCILAR İSTANBUL;(212) 6139110;www.atlasshipsupply.com;atlasshipsupply.com;İMİB - İstanbul Maden İhracatçıları Birliği
ATLASMER DIŞ TİCARET ANONİM ŞİRKETİ;19 MAYIS MAH. TURAPOĞLU SOK. SITKI BEY PLAZA NO :2/1/35 KADIKÖY İSTANBUL;(216) 4119223;atlas-marble.com;atlas-marble.com;İMİB - İstanbul Maden İhracatçıları Birliği
ATMAR MERMER GRANİT İÇ VE DIŞ TİCARET VE SANAYİ LİMİTED ŞİRKETİ;LİMONLUK MAH. 24104 SOK. MODAPARK BUTİK APT. NO:9/4 YENİŞEHİR MERSIN;(324) 3366561;www.atmarmermer.com;atmarmermer.com;İMİB - İstanbul Maden İhracatçıları Birliği
ATOL HAVUZ ELEKTRIK INS TES. TAAH.SAN.VE TIC.LTD.STI.;PERPA TIC.MERK. B BLK K.11 NO:1830 ŞİŞLİ İSTANBUL;(212) 2109151;www.atohavuz.com.tr;atohavuz.com.tr;İMİB - İstanbul Maden İhracatçıları Birliği
ATÖLYE AKC PROJE METAL İNŞAAT SANAYİ E TİCARET LİMİTED ŞİRKETİ;HÜRRİYET MAH. EĞİTİM SOK. NO: 8 İÇ KAPI NO: 1 KAĞITHANE İSTANBUL;(212) 2522250;www.akcproje.com.tr;akcproje.com.tr;İMİB - İstanbul Maden İhracatçıları Birliği
ATÖLYETRİO MOBİLYA METAL DEMİR ÇELİK İTHALAT İHRACAT SANAYİ VE TİCARET LTD.ŞTİ.;K.BALIKLI MAH. 578.SK N:20/1 OSMANGAZİ BURSA;(224) 4536070;www.gulecpaslanmaz.com;gulecpaslanmaz.com;İMİB - İstanbul Maden İhracatçıları Birliği
AUTOFOR OTOMOTİV SAN.VE DIŞ.TİC. A.Ş.;MERVE MAH. NECİP FAZIL CAD. NO:10B/1 SANCAKTEPE İSTANBUL;(216) 5610303;www.autofor.com.tr;autofor.com.tr;İMİB - İstanbul Maden İhracatçıları Birliği
AVANGARDE ÇELİK YAPI İHRACAT VE MAKİNA ENDÜSTRİ SAN. TİC. A.Ş.;ÇEVRE SAN. SİT. 10.BLOK NO:17 İKİTELLİ OSB 34490 BAŞAKŞEHİR İSTANBUL;(212) 4240101;www.theavangarde.com;theavangarde.com;İMİB - İstanbul Maden İhracatçıları Birliği
AVEKS İÇ VE DIŞ TİC. A.Ş.;IMES SANAYI SITESI 306.SK CBLOK N:4 ÜMRANİYE İSTANBUL;02165400060;www.aveks.com;aveks.com;İMİB - İstanbul Maden İhracatçıları Birliği
AVİCEN KİMYA SANAYİ DIŞ TİCARET ANONİM ŞİRKETİ;MUSTAFA KEMAL MAHALLESİ 2155. CADDE NO:4/K NEP OFF ÇANKAYA ANKARA;(312) 0000000;https://www.avicenkimya.com/;avicenkimya.com;İMİB - İstanbul Maden İhracatçıları Birliği
AVİENT TURKEY MÜHENDİSLİK POLİMER SAN. VE TİC. AŞ;ORHANGAZİ MAHALLESİ 1683 SOKAK NO:6 İÇ KAPI NO:1 ESENYURT İSTANBUL;(212) 5492256;www.teknopolimer.com;teknopolimer.com;İMİB - İstanbul Maden İhracatçıları Birliği
AVRUPA MÜMES. VE DIŞ TIC.A.Ş.;GAYRETTEPE MAH. VEFABEY SOK. YESIL APT. B.BLOK K:26-12 ŞİŞLİ İSTANBUL;02122880540;www.avrupagroup.com;avrupagroup.com;İMİB - İstanbul Maden İhracatçıları Birliği
AVS KÜRESEL GEMİ TEDARİĞİ VE YÖNETİMİ AŞ;SOĞANLIK YENİ MH PAMUKKALE SK NO:2 KARTAL İSTANBUL;(216) 5910849;www.avsglobalsupply.com;avsglobalsupply.com;İMİB - İstanbul Maden İhracatçıları Birliği
AXALTA BOYA SİSTEMLERİ SAN.VE TİC.LTD.ŞTİ;CUMHURİYET MAH. KADİFE SOK.NO:9 ŞEKERPINAR ÇAYIROVA KOCAELİ;(262) 6740000;www.axaltacs.com;axaltacs.com;İMİB - İstanbul Maden İhracatçıları Birliği
AY HAVUZ MAKİNA TESİSAT SANAYİ VE TİCARET ANONİM ŞİRKETİ;INÖNÜ CD. TURAKOGLU SK. SÜMKOSITESI A-4 BLOK NO:1/3 KADIKÖY İSTANBUL;02164632678;www.ayhavuz.com.tr;ayhavuz.com.tr;İMİB - İstanbul Maden İhracatçıları Birliği
AYA MADENCİLİK SAN. VE TİC. A.Ş.;ESKİŞEHİR İST. KARAYOLU YOLU 2. ORG.SANAYI BÖLGESİ NO.46/1 MERKEZ BİLECİK;(228) 2160044;www.ayastone.com;ayastone.com;İMİB - İstanbul Maden İhracatçıları Birliği
AYBROS METAL SANAYİ VE TİCARET ANONİM ŞİRKETİ;TOYBELEN MAH. ANADOLU BULV. NO:217 İLKADIM SAMSUN;(362) 5027855;http://www.aybros.com;aybros.com;İMİB - İstanbul Maden İhracatçıları Birliği
AYCAN MERMER MOBİLYA İNŞAAT TAAHHÜT ENERJİ TARIM VE HAYVANCILIK GIDA SAN. VE TİC. LTD. ŞTİ.;ORGANİZE SANAYİ BÖL. 12. CAD. NO:10 MELİKGAZİ KAYSERİ;(352) 3212472;www.aycanmermer.com.tr;aycanmermer.com.tr;İMİB - İstanbul Maden İhracatçıları Birliği
AYDEMİR BRONZ RAF VE ASKILIK SİSTEMLERİ TİCARET VE SANAYİ LİMİTED ŞİRKETİ;MURATPAŞA MAH.ULUYOL CAD. NO:11/21 BAYRAMPAŞA BAYRAMPAŞA İSTANBUL;(212) 6748595;www.aydema.com.tr;aydema.com.tr;İMİB - İstanbul Maden İhracatçıları Birliği
AYDIN DİNÇER;RAMAZANOĞLU MAH. ÇUKUROVA CAD.BAYATİ SOK. NO: 4 PENDİK İSTANBUL;(216) 5950678;www.dincermermer.com;dincermermer.com;İMİB - İstanbul Maden İhracatçıları Birliği
AYDIN YILMAZ;KARAGÜMRÜK MAHALLSİ KEÇECİ MEYDANI SOKAK NO:18/12 FATİH İSTANBUL;(212) 5471111;www.hasmakina.com;hasmakina.com;İMİB - İstanbul Maden İhracatçıları Birliği
AYDINLAR HIRDAVAT SAN.VE TİC. A.Ş;KANTARCILAR C. N:29 FATİH İSTANBUL;(212) 5226070;www.meloni.com.tr;meloni.com.tr;İMİB - İstanbul Maden İhracatçıları Birliği
AYFİRA İNŞAAT DIŞ TİCARET ANONİM ŞİRKETİ;KÜÇÜKBAKKALKÖY MAHALLESİ YENİDOĞAN CADDESİ HAZAR SOKAKNUMARA:4 KÜÇÜKBAKKALKÖY ATAŞEHİR İSTANBUL;(216) 5755656;www.ayfira.com.tr;ayfira.com.tr;İMİB - İstanbul Maden İhracatçıları Birliği
AYK İNŞAAT TAAHHÜT TİC. LTD. ŞTİ.;ATATÜRK MAH. TURGUT ÖZAL CAD. GARDENYA 3/12 K.13 D.41 ATAŞEHİR İSTANBUL;;www.aykinsaat.com;aykinsaat.com;İMİB - İstanbul Maden İhracatçıları Birliği
AYKARDEŞLER MERMERCİLİK İNŞAAT TAAHHÜT SANAYİ VE TİCARET LİMİTED ŞİRKETİ;KALE BURÇAK NO.2-4/1 0 KESTEL BURSA;(224) 3728340;www.aykardesler.com;aykardesler.com;İMİB - İstanbul Maden İhracatçıları Birliği
AYMAR DOĞALTAŞ MADENCİLİK DIŞ TİCARET LİMİTED ŞİRKETİ;VELİ BABA MAH.ANKARA CAD. NO:182/B DOLAYOBA PENDİK İSTANBUL;;www.aymarstone.com;aymarstone.com;İMİB - İstanbul Maden İhracatçıları Birliği
AYPOL SOLVENT VE KIMYA SANAYİ VE TİCARET ANONİM ŞİRKETİ;TUZLA KİMYA SANAYİCİLERİ ORGANİZE SANAYİ BÖLGESİ MELEK ARAS BULVARI NO 17 TUZLA İSTANBUL AYDINLI KOS TUZLA İSTANBUL;02165933103;www.aypol.com.tr;aypol.com.tr;İMİB - İstanbul Maden İhracatçıları Birliği
AYTAN MERMER MADENCİLİK İTHALAT İHRACAT SANAYİ VE TİCARET LİMİTED ŞİRKETİ;HÜRRİYET CADDESİ NO:7 ORTAKLAR GERMENCİK AYDIN;(256) 5671333;www.batiege.com;batiege.com;İMİB - İstanbul Maden İhracatçıları Birliği
AYVAZ GLOBAL DIŞ TİCARET A.Ş.;HADIMKÖY MH MUSTAFA İNAN CD NO:44/3 ARNAVUTKÖY İSTANBUL;(212) 7710145;www.ayvaz.com;ayvaz.com;İMİB - İstanbul Maden İhracatçıları Birliği
AZE MADENCİLİK VE DIŞ TİCARET SANAYİ LİMİTED ŞİRKETİ;KAVACIK MAH. M. ALİ BİRAND CAD.NO.17 K.2 BEYKOZ İSTANBUL;(216) 4051880;www.azestone.com;azestone.com;İMİB - İstanbul Maden İhracatçıları Birliği
AZELİS TR KIMYA END.ÜRÜN.ITH.I HR.TIC.VE SAN.A.Ş.;FSM MAH. POLİGON CAD. NO:8/BBUYAKA 2SİT. KULE 2 KAT:20DAİRE:78-81 ÜMRANİYE İSTANBUL;(216) 5044444;www.azelis.com.tr;azelis.com.tr;İMİB - İstanbul Maden İhracatçıları Birliği
AZRA İNŞAAT - ERSOY ERÇİN;KAMİLOBA MH. M.KEMAL ATATÜRK CD. CAMİ SK. 7 BÜYÜKÇEKMECE İSTANBUL;(212) 6717288;www.azragrup.com;azragrup.com;İMİB - İstanbul Maden İhracatçıları Birliği
BAF CONTROL AKUSTİK HİZMETLERİ ANONİM ŞİRKETİ;ATALAR MAH.ÇANAKKALE CAD. OBA2 APT. NO:31/4 KARTAL İSTANBUL;(216) 3535363;www.bafcontrol.com;bafcontrol.com;İMİB - İstanbul Maden İhracatçıları Birliği
BAGDATLI TEKNIK HIRD.SAN.VEDIS TIC.LTD.STI.;KIŞLA CAD. APEK ÜRETMEN İŞ MERKEZİNO:61/145 EYÜP İSTANBUL;(212) 6124328;www.bagdatliteknik.com.tr;bagdatliteknik.com.tr;İMİB - İstanbul Maden İhracatçıları Birliği
BAKSAN KİMYEVİ MADDELER VE YAPI KİMYASALLARI SANAYİ TİCARET LİMİTED ŞİRKETİ;SELİMPAŞA MAH.6093 SK. NO:42 SİLİVRİ İSTANBUL SİLİVRİ İSTANBUL;(212) 0000000;http://www.leonsealants.com;leonsealants.com;İMİB - İstanbul Maden İhracatçıları Birliği
BAKSAN MAK.SAN. VE TIC.LTD.STI;VELI BABA SAN.SIT.A3BLOK NO:25 PENDİK İSTANBUL;(216) 3077200;www.baksanmakina.com.tr;baksanmakina.com.tr;İMİB - İstanbul Maden İhracatçıları Birliği
BAKYAPI İNŞAAT ENERJİ MADENCİLİK SANAYİ VE TİCARET ANONİM ŞİRKETİ;ALAADDİNBEY MAH. ATİLLA TATVEREN CAD. NO:6 C/1 NİLÜFER BURSA;(224) 2498565;http://www.bakyapi.com.tr;bakyapi.com.tr;İMİB - İstanbul Maden İhracatçıları Birliği
BALABAN MEKANİK MÜHENDİSLİK SAN.VE TİC. LTD.ŞTİ;ÜÇEVLER MAH.İZMİR YOLU CAD. WEST POINT BLOK NO:241 D İÇ KAPI NO :267 NİLÜFER BURSA;(224) 0000000;http://www.bmmuhendislik.com.tr;bmmuhendislik.com.tr;İMİB - İstanbul Maden İhracatçıları Birliği
BALANCE DANIŞMANLIK İTHALAT VE İHRACAT LİMİTED ŞİRKETİ;AHİ EVRAN MAH. A.S.O. BLV. NO: 4 İÇ KAPI NO: 110 SİNCAN ANKARA;(312) 0000000;http://balanceconsultants.co;balanceconsultants.co;İMİB - İstanbul Maden İhracatçıları Birliği
BALCIOĞLU İNŞAAT TAAHHÜT SANAYİ VE TİCARET LİMİTED ŞİRKETİ;CEBECİ MH ÇANAKKALE ŞEHİTLERİ CD NO:64 SULTANGAZİ İSTANBUL;(212) 5942293;www.balciogluinsaat.com.tr;balciogluinsaat.com.tr;İMİB - İstanbul Maden İhracatçıları Birliği
BALKAN ULUSLARARASI DIŞ TİCARET VE PAZARLAMA ANONİM ŞİRKETİ;MERKEZ MAH. SANAYİ CAD. NO:19 YENİBOSNA BAHÇELİEVLER İSTANBUL;(212) 5510100;www.balkanmotor.com;balkanmotor.com;İMİB - İstanbul Maden İhracatçıları Birliği
BANDO KAYIS SAN.VE TIC.TURKIYE A.S.;G.O.S.B IHSAN DEDE CD.1000 SK.NO.1018 GEBZE KOCAELİ;02626771121;www.bandoturkey.com;bandoturkey.com;İMİB - İstanbul Maden İhracatçıları Birliği
BANTEX ENDÜSTRİYEL YAPIŞTIRICILAR SAN.TİC.LTD.ŞTİ.;ÇATALMEŞE MAH.SARAY CAD.NO:114/A-1 ÇEKMEKÖY İSTANBUL;(216) 3134010;www.bantex.com.tr;bantex.com.tr;İMİB - İstanbul Maden İhracatçıları Birliği
BARİT MADEN TÜRK ANONİM ŞİRKETİ;CUMHURIYET CAD.PAK APT.30/15 HARBİYE 34367 ŞİŞLİ İSTANBUL;(212) 2341206;www.baritmaden.com;baritmaden.com;İMİB - İstanbul Maden İhracatçıları Birliği
BASF TÜRK KİMYA SANAYİ VE TİCARET LİMİTED ŞİRKETİ;BARBAROS MAH BEGONYA SOK. NİDAKULE ATAŞEHİR BATI NO:1 İÇ KAPI NO:48 ATAŞEHİR İSTANBUL;(216) 5703400;www.basf.com.tr;basf.com.tr;İMİB - İstanbul Maden İhracatçıları Birliği
BAŞER MADEN SANAYİ VE TİCARET A.Ş.;MOLLA YUSUF MH.HÜRRIYET CD.NO.495 KONYAALTI ANTALYA;(242) 2274990;www.ado-baser.com;ado-baser.com;İMİB - İstanbul Maden İhracatçıları Birliği
BAŞERLER MERMER SANAYİ İNŞAAT TAAH. MAD. VE MÜH. HİZM. İÇ VE DIŞ TİC. LTD. ŞTİ.;ATİJALİ MAHALLESİ ÇELEBİ SÜLEYMAN SK N:7 BÜRO:1 FATİH İSTANBUL;(212) 6210151;www.kafkasmermer.com;kafkasmermer.com;İMİB - İstanbul Maden İhracatçıları Birliği
BATA METAL MOBİLYA TASARIM ÜRETİM ANONİM ŞİRKETİ;DERİ OSB NO: 5 İSTANBUL TUZLA DOLAP CADDESİ TUZLA İSTANBUL;(262) 7512709;www.bt.design;bt.design;İMİB - İstanbul Maden İhracatçıları Birliği
BATU İNŞAAT TURİZM TEKSTİL İTHALAT İHRACAT SANAYİ VE TİCARET LİMİTED ŞİRKETİ;MUSTAFA KEMAL PAŞA MAH KARANFİL SKN:135 D:2 AVCILAR İSTANBUL;(212) 4282604;www.batuinsaat.cne;batuinsaat.cne;İMİB - İstanbul Maden İhracatçıları Birliği
BATU KİLİT ANONİM ŞİRKETİ;TOPÇULAR MAH İŞGÖREN SK NO:11/1 EYÜP İSTANBUL;(212) 5760707;www.batukikit.com;batukikit.com;İMİB - İstanbul Maden İhracatçıları Birliği
BAUMEES YAPI KİMYASALLARI A.Ş.;RAMAZANOĞLU MAH.KARŞIGEÇİT SK.NO:5 İÇ KAPI NO:18 PENDİK İSTANBUL;(216) 5951187;www.baumees.com.tr;baumees.com.tr;İMİB - İstanbul Maden İhracatçıları Birliği
BAYKAL REZISTANS SAN.VE TIC.LT D.STI.;İKİTELLİ OSB ESKOOP SANAYİ SİTESİ C 1-2 BLOK NO:16-18-20 BAŞAKŞEHİR İSTANBUL;02122445213;www.baykalrezistans.com;baykalrezistans.com;İMİB - İstanbul Maden İhracatçıları Birliği
BAYKARALAR MERMER SANAYİ VE TİCARET LİMİTED ŞİRKETİ;ATATURK CAD. BOGAZİÇİ SOK. NO:72 ALİBEYKÖY EYÜP İSTANBUL;(212) 6266466;www.baykaralarmermer.com;baykaralarmermer.com;İMİB - İstanbul Maden İhracatçıları Birliği
BAYMAX KİŞİSEL KORUYUCU DONANIMLARI ÜRETİM SANAYİ TİCARET ANONİM ŞİRKETİ;YUNUS EMRE MAH. ULUBEY CAD. NO:10/1 SANCAKTEPE İSTANBUL;(216) 3118111;https://baymax.com.tr/;baymax.com.tr;İMİB - İstanbul Maden İhracatçıları Birliği
BAYMİNERAL DIŞ TİCARET ANONİM ŞİRKETİ;CEVİZLİ MAH. TUGAY YOLU CAD. NO:69A İÇ KAPI NO:191 MALTEPE İSTANBUL;(216) 5330347;www.baymineral.com;baymineral.com;İMİB - İstanbul Maden İhracatçıları Birliği
BAYRAK METAL ALÜMİNYUM İNŞ. GIDA SAN. VE TİC. LTD.ŞTİ.;HÜRRİYET MAH. ENGİN SOK. NO:2 KAĞITHANE İSTANBUL;(212) 2247018;www.bayrakmetal.com;bayrakmetal.com;İMİB - İstanbul Maden İhracatçıları Birliği
BAYRAM METAL ALM.VE ZAM.ALŞ.SAN. VE TİC.LTD.ŞTİ;VELİKÖY OSB MH OSMAN UZUN CD NO:2/1 ÇERKEZKÖY TEKİRDAĞ;(282) 7461041;www.bayrammetal.com.tr;bayrammetal.com.tr;İMİB - İstanbul Maden İhracatçıları Birliği
BAYRAMOĞLU HIRDAVAT DIŞ TİCARET LTD.ŞTİ.;MAHMUTBEY MH İSTOÇ 2434. SOK. NO:147-150 BAĞCILAR İSTANBUL;(212) 6591831;www.bayramoglugrup.net;bayramoglugrup.net;İMİB - İstanbul Maden İhracatçıları Birliği
BC GLOBAL İNŞAAT SANAYİ VE TİCARET ANONİM ŞİRKETİ;İSTANBUL CD. YENİ MAHALLE MAH.81/A KAT:2 BAKIRKÖY İSTANBUL;(212) 5435401;www.bcglobalinsaat.com;bcglobalinsaat.com;İMİB - İstanbul Maden İhracatçıları Birliği
BCE DIŞ TİCARET A.Ş.;5747/9 SOK. NO:1A/1 MERİÇ MAH BORNOVA İZMİR;(232) 4311520;www.bcegroup.com.tr;bcegroup.com.tr;İMİB - İstanbul Maden İhracatçıları Birliği
BCM MAKİNA KİMYA İTHALAT VE İHRACAT SAN. TİC. LTD. ŞTİ.;MAHMUT YESARİ SOK.NO.10 KOŞUYOLU KADIKÖY İSTANBUL;(216) 5456294;www.bcmkim.com;bcmkim.com;İMİB - İstanbul Maden İhracatçıları Birliği
BCM ULUSLARARASI MADENCİLİK İNŞAAT SANAYİ VE TİCARET ANONİM ŞİRKETİ;TARABYA MH AHİ ÇELEBİ CD NO:12/1 SARIYER İSTANBUL;(212) 2261010;www.bcmholdingtr.com;bcmholdingtr.com;İMİB - İstanbul Maden İhracatçıları Birliği
BECMA TAV OCAĞI VE EKİPMANLARI SAN.TİC.LTD.ŞTİ;SARAY MH SANAYİ CD. GÜVEN SAN SİT C BLOK NO:3C/38 ÜMRANİYE İSTANBUL;(000) 0000000;www.becma.com.tr;becma.com.tr;İMİB - İstanbul Maden İhracatçıları Birliği
BEDE YAPIM VE PROJE LİMİTED ŞİRKETİ;SERDAR MAH. SELAHATTİN EYYUBI CAD. NO:20 D:18 BAŞİSKELE KOCAELİ;(262) 6061926;http://www.bedeyapim.com;bedeyapim.com;İMİB - İstanbul Maden İhracatçıları Birliği
BEDEN MERMER SANAYİ İNŞAAT VE TİCARET ANONİM ŞİRKETİ;ELAZIG KARAYOLU 25.KMORG.SAN. BÖL.1.ETAP Merkez DİYARBAKIR;(412) 3450072;www.bedenmermer.com;bedenmermer.com;İMİB - İstanbul Maden İhracatçıları Birliği
BEFAS ELEKTRIK ELEKTRONIK MET. MAKINA I.V.G.S.P.D.LTD.STI.;NILÜFER TIC MERKEZI 2 ALAADIN BEY MAH 637 SOK NO:36 NİLÜFER BURSA;02244435180;www.befaselektrik.com;befaselektrik.com;İMİB - İstanbul Maden İhracatçıları Birliği
BEGE ELEKTRONİK İNTERNET HİZMETLERİ TİCARET LİMİTED ŞİRKETİ;SULTAN SELİM MAHALLESİ AYBİKE SOKAK NO: 28 / 1 KAĞITHANE İSTANBUL;(212) 4513436;http://www.begeonli?ne.com;begeonli;İMİB - İstanbul Maden İhracatçıları Birliği
BEJ MERMER MADENCİLİK SAN. VE DIŞ TİC. A.Ş.;YENİŞEHİR MAH. SÜMBÜL SOK NO:8/1İÇ KAPI NO:807-808 YENİŞEHİR PENDİK İSTANBUL;(216) 3229918;www.bejmermer.com.tr;bejmermer.com.tr;İMİB - İstanbul Maden İhracatçıları Birliği
BEKAERT ÇELİK KORD SAN. VE TİC. AŞ;FATİH MAH. SANAYİ CAD. NO: 88 P.K 41310 ALİKAHYA İZMİT KOCAELİ;(262) 3168500;www.bekaert.com.tr;bekaert.com.tr;İMİB - İstanbul Maden İhracatçıları Birliği
BEKTAS PLASTIK SAN.VE TIC.LTD. STI.;BIRLIK MH.840 SK. NO 19 ESENLER İSTANBUL;02124318508;www.bektasmadencilik.com;bektasmadencilik.com;İMİB - İstanbul Maden İhracatçıları Birliği
BELECOMA MADENCİLİK İNŞAAT İTHALAT İHRACAT SANAYİ VE TİCARET LİMİTED ŞİRKETİ;GULUMBE KOYU Merkez BİLECİK;(228) 2233379;www.belecomamadencilik.com;belecomamadencilik.com;İMİB - İstanbul Maden İhracatçıları Birliği
BELİN MADENCİLİK İNŞAAT HARFİYAT TURİZM OTO GIDA PETROL TAAHHÜT TİCARET VE SANAYİ ANONİM ŞİRKETİ;YEŞİLKÖY MAH.ATATÜRK CAD.EGS BLOKLARI B1 BLOK KAT:6 NO:250 BAKIRKÖY İSTANBUL;(212) 4650465;www.belinmadencilik.com;belinmadencilik.com;İMİB - İstanbul Maden İhracatçıları Birliği
BENGU KIMYA VE TEKSTIL SAN. TIC.LTD.STI.;İKİTELLİ OSB MAH.MARMARA K BLOK SOK.NO:4 KÜÇÜKÇEKMECE İSTANBUL;02124720457;www.bengukimya.com;bengukimya.com;İMİB - İstanbul Maden İhracatçıları Birliği
BENMAKER ERKEN YAŞ EĞİTİM GEREÇLERİ SAN. TİC. VE HİZ. A.Ş.;DOSAB 1 .NİLÜFER SOKAK NO:5 OSMANGAZİ BURSA;(224) 2802000;www.benmaker.com;benmaker.com;İMİB - İstanbul Maden İhracatçıları Birliği
BERBA GROUP DIŞ TİCARET LİMİTED ŞİRKETİ;SEYRANTEPE MH İBRAHİM KARAOĞLANOĞLU OĞLU CD NO:27/1 KAĞITHANE İSTANBUL;(212) 9249083;www.berbagroup.com.tr;berbagroup.com.tr;İMİB - İstanbul Maden İhracatçıları Birliği
BERCHEM KİMYA LİMİTED ŞİRKETİ;TANTAVİ MAH. ESTERGON CAD. EXEN İSTANBUL SİTESİ F BLOK NO: 24F İÇ KAPI NO: 307 ÜMRANİYE / İSTANBUL ÜMRANİYE İSTANBUL;(216) 7663510;https://www.berchem.com.tr;berchem.com.tr;İMİB - İstanbul Maden İhracatçıları Birliği
BEREKET GRUP DIŞ TİCARET SANAYİ LİMİTED ŞİRKETİ;CEVİZLİ MAH.TUGAY YOLU CAD.OFISIM ISTANBUL SİTESİ A BLOK NO:20A/41 MALTEPE İSTANBUL;(216) 5724342;https://www.gudratt.com/;gudratt.com;İMİB - İstanbul Maden İhracatçıları Birliği
BERGAMA MADENCİLİK İNŞAAT MAKİNA PERLİT SAN. VE TİC. A.Ş.;ÇALIBAHÇE KÖYÜ KİLİMALANI MAV.10.PAR.NO:43 BERGAMA İZMİR;02162457800;www.bergamamadencilik.com;bergamamadencilik.com;İMİB - İstanbul Maden İhracatçıları Birliği
BERİCAP KAPAK SANAYİ ANONİM ŞİRKETİ;BEYLİKBAĞI MAH.ÇELİKOĞLU CAD.NO.153 GEBZE KOCAELİ;02626532590;www.bericap.com;bericap.com;İMİB - İstanbul Maden İhracatçıları Birliği
BERKE GÜN;HACIHALİL MAH. 1207 SOK. NO:1 İÇ KAPI NO:5 GEBZE KOCAELİ;(262) 0000000;http://www.bcmminerals.com;bcmminerals.com;İMİB - İstanbul Maden İhracatçıları Birliği
BERKİM KAUÇUK PLASTİK KİMYA SAN.VE TİC.A.Ş;KOZLUK MAH.ADA SAN. CAD. NO:17 ERENLER SAKARYA;(264) 3535327;www,berkimkimya.com.tr;www,berkimkimya.com.tr;İMİB - İstanbul Maden İhracatçıları Birliği
BERMUDA MERMER SANAYİ VE DIŞ TİC. LTD. ŞTİ.;163.280 SK. ELİT OFFICES B BLOK NO:11B İÇ KAPI NO:99 ALTINŞEHİR MAH 16110 NİLÜFER, BURSA, TÜRKİYE NİLÜFER BURSA;(224) 3220892;www.bermudamarble.com;bermudamarble.com;İMİB - İstanbul Maden İhracatçıları Birliği
BERRAK HAYAT HAVUZ SAUNA İNŞAAT SANAYİ VE TİCARET ANONİM ŞİRKETİ;15 TEMMUZ MAH.1429.SK.NO:7-9A BAĞCILAR İSTANBUL;(212) 6595232;http://berrakhavuz.com.tr;berrakhavuz.com.tr;İMİB - İstanbul Maden İhracatçıları Birliği
BESTNATURAL MERMER GRANİT İNŞAAT TAAHHÜT GIDA İTHALAT İHRACAT SANAYİ VE TİCARET LİMİTED ŞİRKETİ;ATATÜRK MAH. LALE CAD. GÜL APT NO: 32 İÇ KAPI NO:6 SİNCAN ANKARA;;http://www.bestnaturalmarble.com.tr;bestnaturalmarble.com.tr;İMİB - İstanbul Maden İhracatçıları Birliği
BEŞLER ELEK. İNŞ. HIR. GIDA TEKS. HED. EŞYA SAN. İÇ VE DIŞ TİC. LTD. ŞTİ.;UZUNÇARŞI CAD.HAMAM ÇARŞI IÇINO.329/YZ-08 TAHTAKALE FATİH İSTANBUL;02125197031;www.beslerelektrik.com.tr;beslerelektrik.com.tr;İMİB - İstanbul Maden İhracatçıları Birliği
BETAMER MADENCİLİK SAN. VE TİC. LTD. ŞTİ.;ANKARA MERMERCİLER SİT. YUVAKÖY MAH.3706 SK. NO:64 YENİMAHALLE ANKARA;(312) 3960222;www.betamer.com;betamer.com;İMİB - İstanbul Maden İhracatçıları Birliği
BETEK BOYA VE KİMYA SAN.A.Ş.;ANKARA ASFALTI HUSEYIN CELIKSOK.NO:2 BOSTANCI KADIKÖY İSTANBUL;02165711000;www.betek.com.tr;betek.com.tr;İMİB - İstanbul Maden İhracatçıları Birliği
BEYİD BİLİŞİM EĞİTİM YAY.İLET.DAN.SAN.VE DIŞ TİC.LTD.ŞTİ.;ŞEHİT MUHTAR MAH.FERİDİYE CAD.NO.21 K.2 TAKSİM BEYOĞLU İSTANBUL;(212) 3616661;www.beyid.com.tr;beyid.com.tr;İMİB - İstanbul Maden İhracatçıları Birliği
BEYOND MARKETING CONSULT DIS TICARET LIMITED SIRKETI;ATAKÖY 9. KISIM E5 YANYOL NO:6 ROUTE İSTANBUL A BLOK D:158 BAKIRKÖY İSTANBUL;(212) 0000000;www.beyond-mc.co;beyond-mc.co;İMİB - İstanbul Maden İhracatçıları Birliği
BEYPAK GIDA AMBALAJ İNŞAAT SAN. VE TİC. A.Ş.;ESENYURT SAN. MAH. HOŞDERE KÖYÜ MEVKİİISISO SAN. SİT. Z BLOK 10.YOL NO:10 ESENYURT İSTANBUL;(212) 6232626;www.pack-art.com.tr;pack-art.com.tr;İMİB - İstanbul Maden İhracatçıları Birliği
BG DENİZCİLİK SAN.TİC.A.Ş.;BALÇIK MAH. 3262. SOK. NO:8 GEBZE KOCAELİ;(262) 6583060;www.bgboru.com;bgboru.com;İMİB - İstanbul Maden İhracatçıları Birliği
BG MADEN SANAYİ VE TİCARET ANONİM ŞİRKETİ;KARADENİZ MAHALLESİ ESKİ EDİRNE ASFALTI CAD. VENEZİA AVM NO:408 J BLOK KAT 3 OFİS 95 GAZİOSMANPAŞA İSTANBUL;(212) 0000000;www.gursoygrup.com.tr;gursoygrup.com.tr;İMİB - İstanbul Maden İhracatçıları Birliği
BILFER MADENCILIK VE IHRACAT A.S.;ATAÇ 1 SOK. NO.35/6 YENİŞEHİR ÇANKAYA ANKARA;(312) 4302880;www.bilfer.com;bilfer.com;İMİB - İstanbul Maden İhracatçıları Birliği
BIO MERIEUX DIAGNOSTIK MALZ. VE HIZM.TIC.A.S.;IŞIKLAR CAD. NO.29 ATAŞEHİR İSTANBUL;(216) 4440083;www.biomerieux.com.tr;biomerieux.com.tr;İMİB - İstanbul Maden İhracatçıları Birliği
BITUM TEKNIK IZOLASYON SAN.VE DIS TIC.LTD.STI.;3. ORG. SAN. BÖLG. 3.YOL 51 SÖĞÜTLÜ SAKARYA;02646812100;www.bitum.com.tr;bitum.com.tr;İMİB - İstanbul Maden İhracatçıları Birliği
BİGTEM MAKİNE PAZARLAMA LTD. ŞTİ.;ORHANLI MAH. GÜLSÜM SK. NO:8 ORHANLI TUZLA İSTANBUL;02163944189;www.bigtem.com.tr;bigtem.com.tr;İMİB - İstanbul Maden İhracatçıları Birliği
BİLAL SABUNCU TEMİZLİK MADDELERİ PAZARLAMA ANONİM ŞİRKETİ;ILICABAŞI MAH.DENİZLİ BULVARI NO:131 EFELER AYDIN;(256) 2310015;www.bilalsoaps.com.tr;bilalsoaps.com.tr;İMİB - İstanbul Maden İhracatçıları Birliği
BİLAL SABUNCU YAĞ VE SABUN SANAYİ VE TİCARET ANONİM ŞİRKETİ;DENIZLI ASFALTI UZERI 4.KMP.K.182 AYDIN AYDIN;02562310015;www.bilalsoaps.com.tr;bilalsoaps.com.tr;İMİB - İstanbul Maden İhracatçıları Birliği
BİLBEY END.MUTFAK EKİPMANLARI SAN. VE TİC.LTD.ŞTİ.;KAYIHAN MAH.İNÖNÜ CAD.KAMİL KOÇ İŞM. OSMANGAZİ BURSA;(224) 5542225;www.bilbeykitchen.com;bilbeykitchen.com;İMİB - İstanbul Maden İhracatçıları Birliği
BİLFER MADEN DEMİR İŞLETMELERİ ANONİM ŞİRKETİ;ATAC SOKAK NO: 35/6 YENİŞEHİR ÇANKAYA ANKARA;(312) 4302880;http://bilfer.com.tr;bilfer.com.tr;İMİB - İstanbul Maden İhracatçıları Birliği
BİLFER MADENCİLİK VE TURİZM ANONİM ŞİRKETİ;ATAÇ SOKAK NO.35/4 YENİŞEHİR ÇANKAYA ANKARA;(312) 4302880;www.bilfer.com;bilfer.com;İMİB - İstanbul Maden İhracatçıları Birliği
BİLİM CHEMICALS KİMYA ANONİM ŞİRKETİ;İKİTELLİ OSB MAH. ENKOOP CAD. NO: 8 BAŞAKŞEHİR İSTANBUL;(212) 4863641;www.bilimkimya.net;bilimkimya.net;İMİB - İstanbul Maden İhracatçıları Birliği
BİLKİM TIBBİ ÜRÜNLER SANAYİ VE TİCARET LİMİTED ŞİRKETİ;8229/2 SOKAK N:7 ODIN ISMERKEZI ÇİĞLİ İZMİR;(232) 3297027;www.bilkimya.com;bilkimya.com;İMİB - İstanbul Maden İhracatçıları Birliği
BİMED TEKNİK ALETLER SANAYİ VE TİCARET ANONİM ŞİRKETİ;BEYLİKDÜZÜ OSB MH BAKIR PİRİNÇ SAN SİT LEYLAK CD NO::10 BEYLİKDÜZÜ İSTANBUL;(212) 8757376;www.bimedteknik.com;bimedteknik.com;İMİB - İstanbul Maden İhracatçıları Birliği
BİNAKS SOLUTİONS DANIŞMANLIK HİZMETLERİ TİCARET LİMİTED ŞİRKETİ;ESENLER MAH. DİVAN SK. VEZIR KURUBAL APT NO: 4 İÇ KAPI NO: 12 PENDİK İSTANBUL;(216) 3965164;http://www.binaks.com;binaks.com;İMİB - İstanbul Maden İhracatçıları Birliği
BİRADLI MADENİ EŞYA SANAYİ VE DIŞ TİCARET LİMİTED ŞİRKETİ;KAVAKLI MH RIFAT ILGAZ CD NO:4B/5 BEYLİKDÜZÜ İSTANBUL;(212) 8764484;www.biradli.com.tr;biradli.com.tr;İMİB - İstanbul Maden İhracatçıları Birliği
BİRGÜL GÜL;AÇMALAR MEVKİİ AÇMALAR SAN.SİT.5 BLOK NO:2 ORHANGAZİ BURSA;(224) 8560171;www.herculesmosaic.com;herculesmosaic.com;İMİB - İstanbul Maden İhracatçıları Birliği
BİRTAN ELEKTRİK İÇ VE DIŞ TİC. LTD. ŞTİ.;PERPA TİC.MERKZ.A BLOK K:5 N:68 OKMEYDANI ŞİŞLİ İSTANBUL;(212) 2212315;www.birtanelektrik.com;birtanelektrik.com;İMİB - İstanbul Maden İhracatçıları Birliği
BKİ BATI KÖMÜR İŞLETMELERİ ANONİM ŞİRKETİ;HARMANLI KÖYÜ UZUNKÖPRÜ EDİRNE;(284) 5134505;www.batikomur.com;batikomur.com;İMİB - İstanbul Maden İhracatçıları Birliği
BMF ENERJİ SANAYİ VE TİCARET LTD. ŞTİ.;ORUÇREİS MAH. TEKSİLKENT CAD B BLOK 12A NO:183 ESENLER İSTANBUL;(212) 4381899;http://www.bmfenerji.com;bmfenerji.com;İMİB - İstanbul Maden İhracatçıları Birliği
BMS BULUT MAKINA SANAYI VE TICARET LTD.STI.;KOCAELİ KOBI OSB, KOSELER MAHALLESİ 6. CADDE NO 20/2 DİLOVASİ KÖSELER DİLOVASI KOCAELİ;(262) 5029773;www.bulutmak.net;bulutmak.net;İMİB - İstanbul Maden İhracatçıları Birliği
BOEM İÇ VE DIŞ TİCARET LİMİTED ŞİRKETİ;FERHATPAŞA MAH. AKDENİZ CD. AKDAL SOK.NO:4 ATAŞEHİR İSTANBUL;(216) 6601874;www.boem.com.tr;boem.com.tr;İMİB - İstanbul Maden İhracatçıları Birliği
BONAVERTE DEKORASYON ÜRÜNLERİ SAN TİC LTD ŞTİ;ŞERİFALİ MAH MİRAS SOK SAĞDIÇ APT NO:7/B ÜMRANİYE ÜMRANİYE İSTANBUL;(216) 0000000;http://www.bonaverte.com;bonaverte.com;İMİB - İstanbul Maden İhracatçıları Birliği
BOR ALÜMİNYUM ANONİM ŞİRKETİ;VELİKÖY OSB MAH. 1.CAD NO: 12/A ÇERKEZKÖY TEKİRDAĞ;(282) 7461086;https://boraluminyum.com/;boraluminyum.com;İMİB - İstanbul Maden İhracatçıları Birliği
BORA ÇELİK EŞYA VE MOBİLYA İNŞAAT MALZEMELERİ SAN. TİC. LTD. ŞTİ.;ORG. SAN. BÖL. 21.CD. NO / 41 ODUNPAZARI ESKİŞEHİR;(222) 2361940;www.boracelik.com.tr;boracelik.com.tr;İMİB - İstanbul Maden İhracatçıları Birliği
BORCEM ELEKTRİK MÜHENDİSLİK SANAYİ VE TİCARET LİMİTED ŞİRKETİ;OSMANGAZİ MAH. DÜNDARLI CAD. MAHAL SANCAKTEPENO: 12 D İÇ KAPI NO: D63 SANCAKTEPE İSTANBUL;;https://borcemelektrik.com/;borcemelektrik.com;İMİB - İstanbul Maden İhracatçıları Birliği
BORÇELİK ÇELİK SANAYİ TİCARET ANONİM ŞİRKETİ;ATA MAH.125 NOLU SOK.NO.1 GEMLİK BURSA;(224) 2804000;www.borcelik.com;borcelik.com;İMİB - İstanbul Maden İhracatçıları Birliği
BORSEL BORU TICARET LTD.STI.;BARBAROS MAH.SUTCUYOLU CAD.NO-83-A YENİSAHRA ATAŞEHİR İSTANBUL;02163176465;www.borselboru.com;borselboru.com;İMİB - İstanbul Maden İhracatçıları Birliği
BORTECH DIŞ TİC. LTD. ŞTİ.;SEYRANTEPE MAH., ALTINAY CAD., 90/12 34400 KAĞITHANE İSTANBUL;(212) 2955493;www.bortech.com.tr;bortech.com.tr;İMİB - İstanbul Maden İhracatçıları Birliği
BORTHE KİMYA KOZMETİK SANAYİ VE TİCARET LİMİTED ŞİRKETİ;İKİTELLİ OSB. MAH BAŞAKŞEHİR İSTANBUL;(212) 4857827;http://www.borthe.com;borthe.com;İMİB - İstanbul Maden İhracatçıları Birliği
BOSFORO MÜHENDİSLİK PROJE MAKİNA VE ENERJİ SANAYİ TİCARET LİMİTED ŞİRKETİ;69. SOK . NO: 44 FERHATPAŞA İÇERENKÖY ATAŞEHİR İSTANBUL;(216) 5508070;www.bosforo.org;bosforo.org;İMİB - İstanbul Maden İhracatçıları Birliği
BOSS CHEMICALS KİMYA SANAYİ VE TİCARET LİMİTED ŞİRKETİ;BAHCESEHİR 2.KISIM MAH. OKYANUS CAD. FUNDA 03.05 SİTESİ E 10 BLOK NO:19 İÇ KAPI NO: K1 BAŞAKŞEHİR İSBAHÇEŞEHİR İKİNCİ KISIM MAH 34488 BAŞAKŞEHİR, İSTANBUL, TÜRKİYE BAŞAKŞEHİR İSTANBUL;;www.bosschemicals.com.tr;bosschemicals.com.tr;İMİB - İstanbul Maden İhracatçıları Birliği
BOWA YAPI SANAYİ LİMİTED ŞİRKETİ;ATATÜRK MAH. GÜNER SOK. METROPARK SİTESİ B1 APARTMAN NO.1/1B /55 KÜÇÜKÇEKMECE İSTANBUL;;bowa.com.tr;bowa.com.tr;İMİB - İstanbul Maden İhracatçıları Birliği
BOYDEM YAPI VE ELEKTRIK MALZ. SAN.VE TIC.LTD.STI.;PERPA A BL.K.8 NO.762 ŞİŞLİ İSTANBUL;02122209731;www.boydem.com;boydem.com;İMİB - İstanbul Maden İhracatçıları Birliği
BOYTEK REÇİNE BOYA VE KİMYA SANAYİİ TİCARET ANONİM ŞİRKETİ;29 EKİM CAD. İSTANBUL VİZYON PARK OFİS PLAZA 3 A2 BLOK KAT: 7NO.60-61 YENİBOSNA BAHÇELİEVLER İSTANBUL;(212) 5510304;www.boytek.com.tr;boytek.com.tr;İMİB - İstanbul Maden İhracatçıları Birliği
BOYUT DANIŞMANLIK VE PROJE LTD. ŞTİ.;1713. SOK. NO:22 ORHAN GAZİ MAH. ESENYURT İSTANBUL;(212) 8540898;www.vein.com.tr;vein.com.tr;İMİB - İstanbul Maden İhracatçıları Birliği
BÖREKÇİ İNŞAAT TAAHHÜT TURİZM SANAYİ VE TİCARET ANONİM ŞİRKETİ;AZİZİYE MAH. KIRKPINAR SOK. NO:18/2 ÇANKAYA ANKARA;(312) 4096405;www.borekci.com;borekci.com;İMİB - İstanbul Maden İhracatçıları Birliği
BR YATIRIM TURİZM OTOMOTİV İÇ VE DIŞ TİCARET LİMİTED ŞİRKETİ;ORG. SANAYİ BÖLG. MUTFAK EŞYALARI SAN. SİT. M-9 BLOK NO:33 İKİTELLİ BAŞAKŞEHİR İSTANBUL;(212) 4850586;www.makaroglu.com;makaroglu.com;İMİB - İstanbul Maden İhracatçıları Birliği
BRC MADENCİLİK DIŞ TİC.LTD.ŞTİ.;DERGİLER SOK. NO.17/21 D.23 ESENTEPE ESENTEPE ŞİŞLİ İSTANBUL;(212) 2580563;www.brcmarble.com;brcmarble.com;İMİB - İstanbul Maden İhracatçıları Birliği
BRC PACKAGING PLASTİK AMBALAJ SANAYİ TİCARET LİMİTED ŞİRKETİ;HÜRRİYET MAH.HAVADAR SK.NO:3 İÇ KAPI NO:1BÜYÜKÇEKMECE/İSTANBUL BÜYÜKÇEKMECE İSTANBUL;(212) 0000000;www.brcpackagin.com;brcpackagin.com;İMİB - İstanbul Maden İhracatçıları Birliği
BREDA RADYATÖR ISI SİSTEMLERİ LİMİTED ŞİRKETİ;CUMHURİYET MH. HÜRRİYET CD. NO.9 D.1 ESENYURT İSTANBUL;(212) 3026977;http://www.breda.com.tr;breda.com.tr;İMİB - İstanbul Maden İhracatçıları Birliği
BRENNTAG KIMYA TIC. LTD. ŞTI.;KAVACIK MAH. EKINCILER CAD.MUHTAR SOK NO:1 BEYKOZ İSTANBUL;02163313966;www.brenntag.com.tr;brenntag.com.tr;İMİB - İstanbul Maden İhracatçıları Birliği
BROSMAR MERMER MADENCİLİK LİMİTED ŞİRKETİ;GÜLTEPE MAH. 3. TOPTANCILAR SOK. MAQAM OFİS B BLOK NO:2/1 D:602 MERKEZ SİVAS;;www.brosmar.com;brosmar.com;İMİB - İstanbul Maden İhracatçıları Birliği
BSH EV ALETLERİ SANAYİ VE TİCARET ANONİM ŞİRKETİ;MERKEZ FATİH SULTAN MEHMET MAH.BALKAN CAD.NO.51 ÜMRANİYE İSTANBUL;(216) 5289000;www.bsh.com.tr;bsh.com.tr;İMİB - İstanbul Maden İhracatçıları Birliği
BSS MARİNE VE HIRDAVAT SANAYİ TİCARET LİMİTED ŞİRKETİ;GÜZELYALI MAH. YEDİ İKLİ SOK. NO:1 A PENDİK İSTANBUL;(216) 4941409;http://www.bssmarine.com.tr;bssmarine.com.tr;İMİB - İstanbul Maden İhracatçıları Birliği
BSY KURUMSAL TEDARİK HİZMETLERİ ANONİM ŞİRKETİ;ORTA MAH. MARİFET SOK. NO:6/14 PK:34880 KARTAL İSTANBUL;(216) 4946000;www.bsykurumsal.com;bsykurumsal.com;İMİB - İstanbul Maden İhracatçıları Birliği
BŞK GRUP KİMYA SANAYİ VE TİCARET LİMİTED ŞİRKETİ;HARBİYE CAD. YEŞİLBAHÇE SOK.NO:30-1 ORTAKÖY SİLİVRİ İSTANBUL;(212) 9248299;www.ezelpremium.com;ezelpremium.com;İMİB - İstanbul Maden İhracatçıları Birliği
BTA HAVALİMANLARI YİYECEK VE İÇECEK HİZMETLERİ ANONİM ŞİRKETİ;AYAZAĞA MAHALLESİ CENDERE CADDESİ, NO:109L 2C BLOK KAT:2 SARIYER İSTANBUL;(212) 4654130;www.bta.com.tr;bta.com.tr;İMİB - İstanbul Maden İhracatçıları Birliği
BULUTONUR TEDARİK İTHALAT İHRACAT SANAYİ VE TİCARET LİMİTED ŞİRKETİ;VEYSEL KARANİ MAHALLESİ KÖŞK CADDESİ 16. ÇEŞME SOKAK NO:2 OSMANGAZİ BURSA;(224) 2152182;www.bulutonurplastik.com.tr;bulutonurplastik.com.tr;İMİB - İstanbul Maden İhracatçıları Birliği
BURGMANN PACKINGS ENDUSTRIYEL SIZDIRMAZLIK SAN.VETIC.LTD.STI;BİRLİK ORG.SAN.BOLGESI BATI CAD.NO.6 AYDINLI TUZLA İSTANBUL;(216) 5931115;www.burgmannpackings.com.tr;burgmannpackings.com.tr;İMİB - İstanbul Maden İhracatçıları Birliği
BURMAR YAPI MALZEMELERİ İNŞAAT TURİZM TEKSTİL NAKLİYE OTOMOTİV SANAYİ VE TİCARET LİMİTED ŞİRKETİ;YAVUZ SELİM MAH.BARIŞ CAD. NO:22 YILDIRIM BURSA;(224) 3661955;www.burmaryapi.com.tr;burmaryapi.com.tr;İMİB - İstanbul Maden İhracatçıları Birliği
BURSA LOTUS KİMYA SANAYİ VE TİCARET LİMİTED ŞİRKETİ;GEÇİT MAH PAZARCIK SK. B BLOK NO:11 OSMANGAZİ BURSA;;https://bursalotuskimya.com/;bursalotuskimya.com;İMİB - İstanbul Maden İhracatçıları Birliği
BURSA TEK ENERJİ SAN.TİC.A.Ş;ALAADDİNBEY MAHALLESİ İZMİR YOLU CAD NO:329 16110 NİLÜFER, BURSA, TÜRKİYE NİLÜFER BURSA;(224) 2740016;http://www.bursatekenerji.com;bursatekenerji.com;İMİB - İstanbul Maden İhracatçıları Birliği
BUSER ENERJİ DIŞ TİCARET LİMİTED ŞİRKETİ;SÜTLÜCE MH İMRAHOR CD ZORBAYİR SK NO:11 BEYOĞLU İSTANBUL;(212) 2569390;www.buserproject.com;buserproject.com;İMİB - İstanbul Maden İhracatçıları Birliği
BUTİK MERMER SANAYİ VE TİCARET LİMİTED ŞİRKETİ;ESENŞEHİR MAH.ÇETİNKAYA SK. NO : 14 YUKARI DUDULLU ÜMRANİYE İSTANBUL;(216) 3645823;http://www.buti?kmermer.com;buti;İMİB - İstanbul Maden İhracatçıları Birliği
BUZDOLABI DÜNYASI END.MUT.ÜR.PAZ.SAN.VE TİC.LTD.ŞTİ.;DAVUTPAŞA CAD. TİM 2 İŞM. NO.178 ZEYTİNBURNU İSTANBUL;(212) 5444853;www.buzdolabidunyasi.com;buzdolabidunyasi.com;İMİB - İstanbul Maden İhracatçıları Birliği
BUZKAP SOĞUTMA SANAYİ VE TİCARET ANONİM ŞİRKETİ;ORTAKÖY MAH. ATALAY SOK.NO.1 SİLİVRİ İSTANBUL;(212) 6232610;www.buzkap.com.tr;buzkap.com.tr;İMİB - İstanbul Maden İhracatçıları Birliği
BÜLBÜLLER MADENCİLİK İNŞAAT TAAHHÜT KUYUMCULUK SANAYİ VE TICARET LTD. ŞTİ.;50.YIL MAH. B CAD. 2002 SOKAK NO.8 SULTANGAZİ İSTANBUL;(212) 5942098;www.bulbuller.com.tr;bulbuller.com.tr;İMİB - İstanbul Maden İhracatçıları Birliği
C K DIŞ TİCARET LTD.ŞTİ.;HAMİDİYE MAH. ULUBATLI HASAN CAD. NO:54/6 ÇEKMEKÖY İSTANBUL;(216) 3640065;www.karamannaturalstone.com;karamannaturalstone.com;İMİB - İstanbul Maden İhracatçıları Birliği
C.F. MAİER POLİMER TEKNİK LİMİTED ŞİRKETİ;E-5 KARAYOLU UZERI MARMARACIKKOYU MEVKII P.K.65 ÇORLU TEKİRDAĞ;(282) 6863516;www.c-f-maier.com.tr;c-f-maier.com.tr;İMİB - İstanbul Maden İhracatçıları Birliği
CAMELOT YAPI TAAHHÜT VE TİCARET ANONİM ŞİRKETİ;BARBAROS MAH.KARDELEN SK.PALLADIUM TOWER NO:2/41 ATAŞEHİR İSTANBUL;(216) 6870673;www.camelotyapi.com;camelotyapi.com;İMİB - İstanbul Maden İhracatçıları Birliği
CAMİŞ MADENCİLİK ANONİM ŞİRKETİ;İÇMELER MAH.? ?D-100 KARAYOLU CAD.?? NO: 44/A? TUZLA İSTANBUL;(850) 2065050;www.sisecam.com;sisecam.com;İMİB - İstanbul Maden İhracatçıları Birliği
CAN MAKINA ZIMPARA MAK.IM.IHR. ITH.SAN TIC.LTD.STI.;YAKACIK CAD.KASTEL SAN.SIT.B BLOK NO.12 KARTAL İSTANBUL;02163093215;www.canmakina.com;canmakina.com;İMİB - İstanbul Maden İhracatçıları Birliği
CANDY HOOVER EUROASİA EV GEREÇLERİ SANAYİ VE TİCARET ANONİM ŞİRKETİ;İÇERENKÖY MAH. HAL YOLU CAD. SAYAR İŞ MERKEZİ KAT.7 ATAŞEHİR İSTANBUL;(216) 4664242;http://www.hoover.com.tr/;hoover.com.tr;İMİB - İstanbul Maden İhracatçıları Birliği
CANEL MÜNİP ÇOKER MADENCİLİK TİCARET VE SANAYİ ANONİM ŞİRKETİ;ŞEVKETİYE MAH.HATBOYU CAD. NO:26 YEŞİLKÖY BAKIRKÖY İSTANBUL;(212) 5742020;www.canel.com;canel.com;İMİB - İstanbul Maden İhracatçıları Birliği
CANSU KOZMETİK CİHAZLARI TUR.PLAS.SAN.VE TİC.LTD.ŞTİ.;AYDINEVLER MAH SAN CD NO:16B MALTEPE İSTANBUL;(216) 5674911;www.cansukozmetik.com;cansukozmetik.com;İMİB - İstanbul Maden İhracatçıları Birliği
CAPİTOL DIŞ TİCARET ANONİM ŞİRKETİ;MAHMUTBEY MAH. TAŞOCAĞI YOLU CAD. BAĞCILAR İSTANBUL;(212) 8236561;http://www.capitoltrade.com.tr/;capitoltrade.com.tr;İMİB - İstanbul Maden İhracatçıları Birliği
CASTOLIN KAYNAK SAN.VE TIC. LTD.STI.;YUKARDUDULLU MH.BOSTANCI YOLUSEHIT SOK.NO.53 ÜMRANİYE İSTANBUL;02163132800;www.castolin.com.tr;castolin.com.tr;İMİB - İstanbul Maden İhracatçıları Birliği
CEKK AROMA VE KOZMETİK A.Ş.;YENİBOSNA MERKEZ MAH.LADİN SOKAK NO:36KAT:3 OFİS NO:15 YENİBOSNA BAHÇELİEVLER İSTANBUL;(212) 5997676;www.vavana.com;vavana.com;İMİB - İstanbul Maden İhracatçıları Birliği
CELALOĞLU YAPI ANONİM ŞİRKETİ;BAĞLAR MAH. OSMAN PAŞA CAD. NO:35/92 MOTTO İSTANBUL BAĞCILAR İSTANBUL;(212) 4874256;www.celaloglu.com.tr;celaloglu.com.tr;İMİB - İstanbul Maden İhracatçıları Birliği
CELIKELLER DEK. YAPI SIST. INS PAZ.SAN. VE TIC.LTD.STI.;GÜMÜŞHANE CAD. ARMAĞAN SOK.NO:12-B 4 LEVENT ŞİŞLİ İSTANBUL;(212) 2640951;www.celikeller.com;celikeller.com;İMİB - İstanbul Maden İhracatçıları Birliği
CEMILE NADIRZADE-EGS MUTFAK EKIPMANLARI IC VE DIS TICARET;ULUKENT SAN. BÖL. 10.002 SOK. NO:9 MENEMEN İZMİR;(232) 8334040;www.eurogastrostar.com;eurogastrostar.com;İMİB - İstanbul Maden İhracatçıları Birliği
CEMİNA YAPI SAN. A.Ş.;FULYA MH. ORTAKLAR CAD. AKSU APT. NO.4/10 MECİDİYEKÖY ŞİŞLİ İSTANBUL;(212) 3565555;www.cemina.com.tr;cemina.com.tr;İMİB - İstanbul Maden İhracatçıları Birliği
CENAL ELEKTRİK ÜRETİM ANONİM ŞİRKETİ;MUALLİM NACİ CAD. NO: 69 ORTAKÖY 34330 BEŞİKTAŞ İSTANBUL;(212) 2275200;www.cenal.com.tr;cenal.com.tr;İMİB - İstanbul Maden İhracatçıları Birliği
CENTER DIŞ TİC.VE PAZ.LTD.ŞTİ.;ATATURK CAD.ULYA ENGIN IS MERKEZI NO:68/7 D.10 KADIKÖY İSTANBUL;02164670790;www.centersport.com;centersport.com;İMİB - İstanbul Maden İhracatçıları Birliği
CERTUS ALÇI VE DÖKÜM TEKNOLOJİ SANAYİ A.Ş.;MURATPAŞA MAH. SİTELER CAD. NO.14B BAYRAMPAŞA İSTANBUL;(212) 6748147;www.certus-int.com;certus-int.com;İMİB - İstanbul Maden İhracatçıları Birliği
CEVAHİR YAPI SANAYİ TURİZM VE TİCARET ANONİM ŞİRKETİ;19 MAYIS MH. AYTEKİN KOTİL CD CEVAHİR İŞM.NO:8KAT12 OFİS NO:13 ŞİŞLİ ŞİŞLİ İSTANBUL;(212) 0000000;http://edemir@avasdanismanlik.com;edemir@avasdanismanlik.com;İMİB - İstanbul Maden İhracatçıları Birliği
CEVAHİRLER MADENCİLİK VE KONUT SAN. TİC. A.Ş.;KAPTANPAŞA MAH. DARÜLACEZE C.N:29 OKMEYDANI ŞİŞLİ İSTANBUL;(212) 3208676;www.cevahirpercite.com.tr;cevahirpercite.com.tr;İMİB - İstanbul Maden İhracatçıları Birliği
CEVAT AYDOĞDU;FATİH MAH.YAKACIK CAD.TEMELLER İŞ MEREKZ.N:151 D:2 SANCAKTEPE İSTANBUL;(216) 3041426;www.eurotexso.com;eurotexso.com;İMİB - İstanbul Maden İhracatçıları Birliği
CEVHER MADENCİLİK İNŞAAT GIDA SANAYİ VE DIŞ TİCARET LİMİTED ŞİRKETİ;GEBECELER YOLU NO:16 GEBECELER AFYONKARAHİSAR AFYON;(212) 5284626;www.cevhermadencilik.com.tr;cevhermadencilik.com.tr;İMİB - İstanbul Maden İhracatçıları Birliği
CEYLAN MİNERAL MADENCİLİK SANAYİ VE TİCARET ANONİM ŞİRKETİ;KIZILIRMAK MAH. DUMLUPINAR BULV. NO:9A2 YDA CENTER KAT:7 D:230-231 ÇANKAYA ANKARA 06400 ÇANKAYA, ANK ÇANKAYA ANKARA;(850) 2021128;https://ceylanmineral.com/tr/;ceylanmineral.com;İMİB - İstanbul Maden İhracatçıları Birliği
CHRYSO-KAT KATKI MALZEMELERİ SANAYİ VE TİCARET ANONİM ŞİRKETİ;GEBKİM ORGANİZE SANAYİ BÖLGESİBURAK SARICI CAD. NO:3 DİLOVASI KOCAELİ;02626539146;www.chryso.com.tr;chryso.com.tr;İMİB - İstanbul Maden İhracatçıları Birliği
CHT TURKEY KIMYA SANAYİ VE TİCARET ANONİM ŞİRKETİ;AKÇABURGAZ MAH. 3118 SOK. NO.2 ESENYURT İSTANBUL;(212) 8867913;www.cht.com.tr;cht.com.tr;İMİB - İstanbul Maden İhracatçıları Birliği
CİHAN DORUM;İSTOÇ 30.ADA NO.32 BAĞCILAR İSTANBUL;(212) 6597901;www.camaks.com;camaks.com;İMİB - İstanbul Maden İhracatçıları Birliği
CLARIANT (TÜRKİYE) BOYA KİMYEVİ MADDELER VE MADENCİLİK SAN. VE TİC. AŞ;İÇERENKÖY MAH. UMUT SOK. QUİCK TOWER SİTESİNO:10-12 İÇ KAPI NO:101 ATAŞEHİR İSTANBUL;(262) 6737373;www.clariant.com;clariant.com;İMİB - İstanbul Maden İhracatçıları Birliği
CMA ENDÜSTRI MAKINE SANAYI VE DIS TICARET LIMITED SIRKETI;ESENTEPE MAH. ANADOLU CAD. NO: 1B IÇ KAPI NO: 33 KARTAL İSTANBUL;(216) 0000000;http://www.cmaendustri.com;cmaendustri.com;İMİB - İstanbul Maden İhracatçıları Birliği
CNC İLERİ TEKNOLOJİ VE TİCARET A.Ş.;FERHATPAŞA MAH. ATATÜRK CAD. ÇATALCA UN SAN. SİT. 96 B1 / 96 C ÇATALCA İSTANBUL;(212) 7866200;www.cnc.com.tr;cnc.com.tr;İMİB - İstanbul Maden İhracatçıları Birliği
COIL PARTNERS BOBİNAJ SAN. VE TİC. A.Ş.;OSMANGAZI MH.CEYHAN CD.NO:23 ÜMRANİYE İSTANBUL;;www.coilpartners.com;coilpartners.com;İMİB - İstanbul Maden İhracatçıları Birliği
COLOR PRİSMA KİMYA SANAYİ TİCARET ANONİM ŞİRKETİ;9. CADDE NO: 7 İÇ KAPI NO: 2BERGAMA OSB MAH 35700 BERGAMA İZMİR;(232) 4722228;www.colorprisma.com;colorprisma.com;İMİB - İstanbul Maden İhracatçıları Birliği
COMFORT ELEKTRİK ELEKTRONİK SANAYİ TİCARET LİMİTED ŞİRKETİ;AKSARAY MAHALLESİ.ABDULLATİFPAŞA SOKAK.ZEREN HAN BBLOK NO:10 İÇKAPI NO:1 FATİH İSTANBUL;;http://www.comfortelektrik.com.tr;comfortelektrik.com.tr;İMİB - İstanbul Maden İhracatçıları Birliği
COMPOSET MEDİKAL MALZEMELER SANAYİ TİCARET LİMİTED ŞİRKETİ;MERİÇ MAH. 5747/8 SOK. NO:10 BORNOVA İZMİR;(232) 2104343;http://www.composet.com.tr;composet.com.tr;İMİB - İstanbul Maden İhracatçıları Birliği
COSMER KİMYA SAN. VE TİCARET A.Ş.;RÜSTEMPAŞA MAH MAHKEME SK BÜYÜKÇUKARHANN:25 FATİH İSTANBUL;(216) 4697165;www.cosmer.com.tr;cosmer.com.tr;İMİB - İstanbul Maden İhracatçıları Birliği
COSMOS PARTNERS İNŞAAT PAZARLAMA İÇ VE DIŞ TİCARET LİMİTED ŞİRKETİ;DEREBOĞAZI MAH. ZİYA GÖKALP CAD. NO: 10/1 İÇ KAPI NO:4 HENDEK SAKARYA;(264) 6140008;http://www.cosmosgranit.com;cosmosgranit.com;İMİB - İstanbul Maden İhracatçıları Birliği
CRS METALURJİ İZOLASYON VE ENDÜSTRİYEL ÇÖZÜMLER SANAYİ VE TİCARET LİMİTED ŞİRKETİ;OSMAN YILMAZMAH. 648 SOKAK NO:61/B GEBZE KOCAELİ;(216) 9122071;www.crsmetalurji.com;crsmetalurji.com;İMİB - İstanbul Maden İhracatçıları Birliği
CSK MADENCİLİK SANAYİ TİCARET LİMİTED ŞİRKETİ;GÖKTÜRK MERKEZ MAHALLESİ İSTANBUL CADDESİ NO:10 C BLOK D 28 GÖKTÜRK EYÜP İSTANBUL;(212) 3231213;www.cskmadencilik.com;cskmadencilik.com;İMİB - İstanbul Maden İhracatçıları Birliği
CULHA HIRDAVATÇILIK VE TİCARET ANONİM ŞİRKETİ;KANTARCILAR CD NO:31-33 KÜÇÜKPAZAR FATİH İSTANBUL;(212) 5132309;www.cunhahirdavat.com;cunhahirdavat.com;İMİB - İstanbul Maden İhracatçıları Birliği
CURİUM NÜKLEER TIP ANONİM ŞİRKETİ;TUBITAK-MAM TEKNOPARKI GEBZE KOCAELİ;(216) 5440544;www.monrol.com;monrol.com;İMİB - İstanbul Maden İhracatçıları Birliği
CVK MİNERAL MADENCİLİK NAKLİYECİLİK İNŞAAT TAAHHÜT VE SAN. TİC. A.Ş.;KURUÇEŞME MAH. MUALLİM NACİ CAD.NO:105/B K:4 BEŞİKTAŞ İSTANBUL;(212) 2637879;www.cvkgroups.com;cvkgroups.com;İMİB - İstanbul Maden İhracatçıları Birliği
ÇAĞBERK LOJİSTİK PAZARLAMA İÇ VE DIŞ TİCARET ANONİM ŞİRKETİ;BAHÇEŞEHİR 2 KISIM MH MERCEDES BULVARI 2 BLOK NO:24B/78 BAŞAKŞEHİR İSTANBUL;(212) 6384807;www.cagatay.com.tr;cagatay.com.tr;İMİB - İstanbul Maden İhracatçıları Birliği
ÇAĞRI ZEMİN SİSTEMLERİ İNŞAAT YAPI KİMYASALLARI SANAYİ TİCARET LİMİTED ŞİRKETİ;GÜZELYURT MAH. FATİH CAD. NO: 31/1 BEYLİKDÜZÜ İSTANBUL;(212) 6208821;http://www.cagrizemin.com;cagrizemin.com;İMİB - İstanbul Maden İhracatçıları Birliği
ÇALIK ENERJİ SAN. VE TİC. AŞ;AK PLAZA YAŞAM CD. N:7 K:17SÖĞÜTÖZÜ ÇANKAYA ANKARA;(312) 2077000;www.calikenerji.com;calikenerji.com;İMİB - İstanbul Maden İhracatçıları Birliği
ÇALIK İNŞAAT ANONİM ŞİRKETİ;BÜYÜKDERE CAD. NO:163 ESENTEPE ŞİŞLİ İSTANBUL;(212) 3065000;www.calik.com;calik.com;İMİB - İstanbul Maden İhracatçıları Birliği
ÇANAKKALE MADENCİLİK SANAYİ VE TİCARET ANONİM ŞİRKETİ;BALIKESIR YOLU 5 KM. ÇANAKKALE ÇANAKKALE;(286) 2172070;www.canakkalemadencilik.com;canakkalemadencilik.com;İMİB - İstanbul Maden İhracatçıları Birliği
ÇEKİÇLER İNŞAAT TAŞIMACILIK TİCARET VE SANAYİ ANONİM ŞİRKETİ;ORGANIZE SANAYI BÖLGESİ 7. CAD. NO.13 Merkez ESKİŞEHİR;(222) 2360733;www.cekicler.com.tr;cekicler.com.tr;İMİB - İstanbul Maden İhracatçıları Birliği
ÇELİK KONSTRÜKSİYON YAPI İNŞ. SAN. VE TİC. A.Ş.;ÇERKEŞLI OSB MAH. IMES OSB. 8.CAD NO.20 DİLOVASI KOCAELİ;(262) 5021045;www.yapicelik.com;yapicelik.com;İMİB - İstanbul Maden İhracatçıları Birliği
ÇELİKCAN YAPI VE ISI MALZ. İML. İTH. İHR. SAN. VE LTD.ŞTİ;ESOT SAN SİTESİ P BLOKNO.11-B İKİTELLİ BAŞAKŞEHİR İSTANBUL;(212) 4070331;www.celikcanyapi.com;celikcanyapi.com;İMİB - İstanbul Maden İhracatçıları Birliği
ÇEMPA ÇEKİÇLER MERMER SANAYİ VE PAZARLAMA ANONİM ŞİRKETİ;ORGANIZE SAN.BÖL.11.CAD. Merkez ESKİŞEHİR;02222360733;www.cekicler.com.tr;cekicler.com.tr;İMİB - İstanbul Maden İhracatçıları Birliği
ÇEMTAŞ ÇELİK MAKİNA SANAYİ VE TİCARET ANONİM ŞİRKETİ;ORG. SAN. BÖLG. ALİ OSMAN SÖNMEZBULVARI NO:3 NİLÜFER BURSA;(224) 2431230;www.cemtas.com.tr;cemtas.com.tr;İMİB - İstanbul Maden İhracatçıları Birliği
ÇİFTYILDIZ MERMER OTOMOTİV GIDA İNŞAAT TAAHHÜT TURİZM NAKLİYE SANAYİ VE TİCARET A.Ş.;CUMHURİYET MH. ZAMBAK SK. NO: 24BİLECİK/SÖĞÜT NİLÜFER BURSA;(224) 4411352;www.ciftyildiz.com.tr;ciftyildiz.com.tr;İMİB - İstanbul Maden İhracatçıları Birliği
ÇOLAKOĞLU METALURJİ A.Ş.;KÇAM PINARI SK. NO: 1 İÇ KAPI NO : 16 KAVACIK RÜZGARLIBAHÇE BEYKOZ BEYKOZ İSTANBUL;(216) 4442627;www.colakoglu.com.tr;colakoglu.com.tr;İMİB - İstanbul Maden İhracatçıları Birliği
D MERMER SANAYİ ANONİM ŞİRKETİ;FIRAT MH. 507. SK. ÇEYSA SERHAT PLAZA SİTESİ B/BLOK NO.: 13B/20 KAYAPINAR DİYARBAKIR;(412) 5024581;www.dmermer.com.tr;dmermer.com.tr;İMİB - İstanbul Maden İhracatçıları Birliği
D.M.GIDA MADDELERİ PAZ.SAN.TİC LTD.ŞTİ.;MAHMUTBEY MAH. İSTOÇ TOPTANCILAR ÇARŞI 43 ADA NO.41 GÜNEŞLİ BAYRAMPAŞA İSTANBUL;(212) 6593580;www.dmtrade.com.tr;dmtrade.com.tr;İMİB - İstanbul Maden İhracatçıları Birliği
DAL TEKNİK MAKİNA TİCARET VE SANAYİ ANONİM ŞİRKETİ;ŞİRİNEVLER MH. ADNAN KAHVECİ BUL.N:208/54 HAYAR AKIN İŞ MER. 1. BLOK K:6 ŞİRİNEVLER BAHÇELİEVLER İSTANBUL;02126398500;www.dal.com.tr;dal.com.tr;İMİB - İstanbul Maden İhracatçıları Birliği
DARTE GIDA MADENCİLİK SANAYİ VE TİCARET LTD.ŞTİ.;MERDİVENKÖY MAH.DİKYOL SK. B BLOK APT.NO:2/22 KADIKÖY KADIKÖY İSTANBUL;;http://www.darteglobe.com;darteglobe.com;İMİB - İstanbul Maden İhracatçıları Birliği
DAS MERMER MADENCİLİK İTH. İHR. NAK. İNŞ. LTD. ŞTİ.;FERHATPAŞA MAH. GAZİPAŞA CD. 53. SK. NO:40 ATAŞEHİR İSTANBUL;(212) 0000000;http://www.dasmarble.com;dasmarble.com;İMİB - İstanbul Maden İhracatçıları Birliği
DAŞTAN MADENCİLİK İNŞAAT SANAYİ TİCARET TURİZM VE TAŞIMACILIK LİMİTED ŞİRKETİ;ALEMDAĞ CAD. DAŞTAN İŞMERKEZİNO:356 ÜMRANİYE İSTANBUL;(216) 3295542;www.dastan.com.tr;dastan.com.tr;İMİB - İstanbul Maden İhracatçıları Birliği
DAVİT MADENCİLİK İNŞ. PETROL SAN. VE TİC. LTD. ŞTİ.;CUMHURİYET MAH.1993.SOK. PAPATYA RESİDANCEA BLOK NO:281 ESENYURT İSTANBUL;(212) 8529332;www.dmip.com.tr;dmip.com.tr;İMİB - İstanbul Maden İhracatçıları Birliği
DAVUTOĞLU METAL MAKİNA İMALAT İNŞAAT NAKLİYE SAN. VE TİC. LTD. ŞTİ.;ŞEKERPINAR MAH. GÖKTÜRK SOK. NO:3 41420 ÇAYIROVA, KOCAELI, TÜRKİYE ÇAYIROVA KOCAELİ;(262) 6434257;www.davutoglumetal.com;davutoglumetal.com;İMİB - İstanbul Maden İhracatçıları Birliği
DBA MİMARLIK İNŞAAT PEYZAJ REKLAM TESİSAT SANAYİİ VE TİCARET LİMİTED ŞİRKETİ;BALMUMCU MAH. BESTEKAR ŞEVKİ BEY SOK. NO: 37/3 BEŞİKTAŞ İSTANBUL;(212) 2130750;www.dbamimarlik.com;dbamimarlik.com;İMİB - İstanbul Maden İhracatçıları Birliği
DBB MÜHENDİSLİK ELEKTRİK TAAHHÜT İNŞAAT TİCARET LİMİTED ŞİRKETİ;CEVİZLİ MAH. BAĞDAT CAD. OFİS İSTANBULNO:538 İÇ KAPI NO:8 MALTEPE - İSTANBUL CEVİZLİ 34840 MALTEPE İSTANBUL;(216) 3990322;http://www.dbbmuhendislik.com.tr;dbbmuhendislik.com.tr;İMİB - İstanbul Maden İhracatçıları Birliği
DBC MERMER MADENCİLİK SANAYİ VE TİCARET LİMİTED ŞİRKETİ;MİMAR SİNAN MAHALLESİ, GÜNDOĞDU SOKAK NO:59 ÇEKMEKÖY İSTANBUL;(212) 9092035;www.dbc.com.tr;dbc.com.tr;İMİB - İstanbul Maden İhracatçıları Birliği
DEC FLANŞ HAVALANDIRMA BAĞLANTI ELEMANLARI SAN TİC LTD ŞTİ;TEPEÖREN MAH. MİLLET CAD. NO:12/1 TEPEÖREN 34959 34940 TUZLA İSTANBUL;;www.decflans.com.tr;decflans.com.tr;İMİB - İstanbul Maden İhracatçıları Birliği
DECOSO DEKORASYON VE SOĞUTMA SANAYİ TİCARET İTHALAT İHRACAT LİMİTED ŞİRKETİ;SULTANİYE MAHALLESİ 350.SOKAK ŞELALEPLAZA NO:1 İÇ KAPI NO :19 ESENYURT İSTANBUL;(212) 0000000;www.decoso.com.tr;decoso.com.tr;İMİB - İstanbul Maden İhracatçıları Birliği
DEDE KİMYA NİKELAJ POLİSAJ MALZEMELERİ HIRDAVAT SANAYİ VE TİCARET ANONİM ŞİRKETİ;FERMANECILER CAD.MAHDUMMEYDANI NO:12DEPO-ARDIYECILER KOOP. BEYOĞLU İSTANBUL;(212) 6751640;www.dedekimya.com;dedekimya.com;İMİB - İstanbul Maden İhracatçıları Birliği
DEDEMAN MADENCILIK SANAYI VE TIC.A.S.;DİKİLİTAŞ MAH. EMİRHAN CAD. NO:113 K:15 BEŞİKTAŞ İSTANBUL;(212) 7095901;www.dedemanmaden.com;dedemanmaden.com;İMİB - İstanbul Maden İhracatçıları Birliği
DEFAŞ MADENCİLİK SANAYİ VE TİCARET A.Ş.;İZMİR CAD.25/7 KIZILAY ÇANKAYA ANKARA;(312) 4154500;http://www.demirexport.com;demirexport.com;İMİB - İstanbul Maden İhracatçıları Birliği
DEĞİRMENCİLER ENDÜSTRİ TOZLARI MADENCİLİK SAN. VE TİC. A.Ş.;BİRLİK MAH. ŞİFA SOK. NO.31 MERKEZ ZONGULDAK;(372) 2532040;www.degirmenciler.com.tr;degirmenciler.com.tr;İMİB - İstanbul Maden İhracatçıları Birliği
DEHA TECH MAKİNA SAN. VE TİC. A.Ş.;MÜEYYETZADE MH KEMERALTI CD NO:28 BEYOĞLY-KARAKÖY TAKSİM BEYOĞLU İSTANBUL;(212) 2524800;www.dehatech.com;dehatech.com;İMİB - İstanbul Maden İhracatçıları Birliği
DEHA YALITIM ENDÜSTRİ SAN.TİC. A.Ş.;GEVHER NESİBE MAHALLESİ GÜR SOKAK OFİSİM KAYSERİ B BLOK K:14PK:38010 KOCASİNAN KAYSERİ;(352) 2224210;www.dehaindustry.com;dehaindustry.com;İMİB - İstanbul Maden İhracatçıları Birliği
DEKOMİKA DİZAYN DEKORASYON VE DIŞ TİCARET LİMİTED ŞİRKETİ;ÇAVUŞOĞLU MAH.ÇOBANYILDIZI CAD. SUNTA İDARİ BİNASI NO:65 KARTAL İSTANBUL;(216) 3870123;https://www.dekomika.com/;dekomika.com;İMİB - İstanbul Maden İhracatçıları Birliği
DEKOR İÇ VE DIŞ TİC. LTD. ŞTİ.;YANBOL CD NO:42 KAT:2 PENDİK İSTANBUL;(216) 3541315;www.dekor.com;dekor.com;İMİB - İstanbul Maden İhracatçıları Birliği
DELOR MADENCİLİK SAN.TİC.A.Ş.;PROF. DR. ALAEDDİN YAVAŞÇA SOK. MARMARA APT. NO.4 K.4 D.8 TAŞLIK BEŞİKTAŞ İSTANBUL;(212) 2584955;www.delor.com.tr;delor.com.tr;İMİB - İstanbul Maden İhracatçıları Birliği
DELTA İNŞAAT MALZ.GIDA TEKSTİL OTOM.TUR.SAN.VE DIŞ TİC.LTD.ŞTİ.;ORUÇ REİS MAHALLESİ VADİ CADDESİ GİYİMKENT SİTESİ NO:170/117 ESENLER İSTANBUL;(212) 2241888;www.deltatr.net;deltatr.net;İMİB - İstanbul Maden İhracatçıları Birliği
DELTA MERMER MADENCİLİK İNŞAAT İTHALAT İHRACAT ANONİM ŞİRKETİ;ORG. SAN. BÖLG. 1. CAD. 11. SOK. NO:5 MERKEZ AFYON;(272) 2211440;www.deltamarble.com;deltamarble.com;İMİB - İstanbul Maden İhracatçıları Birliği
DELTA STAR ENERJİ VE MADENCİLİK SANAYİ VE TİCARET ANONİM ŞİRKETİ;AYAZMA CAD.PAİRUS PLAZA N:37 K:12 KAĞITHANE İSTANBUL;(212) 3114400;www.deltastar.com.tr;deltastar.com.tr;İMİB - İstanbul Maden İhracatçıları Birliği
DELTA TRADE COMPANY SAĞLIK ANONİM ŞİRKETİ;BAŞAKŞEHİR - İKİTELLİ - ATATÜRK BULVARI NO. 72 BAŞAKŞEHİR İSTANBUL;(212) 2215700;www.delta-trade-company.com;delta-trade-company.com;İMİB - İstanbul Maden İhracatçıları Birliği
DELTA YAPI TUR. VE İNŞ.MAL.NAK.SAN. DIŞ TİC. LTD. ŞTİ.;ESENŞEHİR MAH. SONGÜL SOK. NO:2 YUKARIDUDULLU ÜMRANİYE İSTANBUL;(216) 5405917;www.deltagranit.com;deltagranit.com;İMİB - İstanbul Maden İhracatçıları Birliği
DEMAMER İNŞAAT İTHALAT İHRACAT SANAYİ VE TİCARET LİMİTED ŞİRKETİ;ADNAN MENDERES MAH /UFUK SOK. A GİRİŞ NO:6/4-5 MERKEZ YALOVA;;www.demamarble.com;demamarble.com;İMİB - İstanbul Maden İhracatçıları Birliği
DEMIR ORGANIK TARIM ITHALAT IHRACAT LİMİTED ŞİRKETİ;HUZUR MAH. 1112.CAD. NO:40/C ÇANKAYA ANKARA;(312) 2858150;http://www.demirorganik.com;demirorganik.com;İMİB - İstanbul Maden İhracatçıları Birliği
DEMİRBİLEK MAKİNA SANAYİ VE TİCARET LİMİTED ŞİRKETİ;HACIKADIN MAH. KATIPCELEBI CD. NO:70 FATİH İSTANBUL;(212) 5112381;www.demirbilek.com.tr;demirbilek.com.tr;İMİB - İstanbul Maden İhracatçıları Birliği
DEMİRDAĞ MERMER TİC. VE SAN. LTD. ŞTİ.;MEŞRUTİYET MAH. TUĞRUL SK.TUĞRUL SİTESİ D BLOK NO:7 D:44 MEŞRUTİYET MAH ŞİŞLİ İSTANBUL;;www.fademarble.com;fademarble.com;İMİB - İstanbul Maden İhracatçıları Birliği
DEMİRKAN TURİSTİK EŞYA SAN. VE TİC. LTD. ŞTİ.;CADIRCILAR C.YORGANCILAR SOK.CAMILI HAN.NO:56/12 FATİH İSTANBUL;02125260611;www.demirkannargile.com;demirkannargile.com;İMİB - İstanbul Maden İhracatçıları Birliği
DEMİRKOL LOJİSTİK DIŞ TİCARET LİMİTED ŞİRKETİ;ATATÜRK CADDESİ NO:199 ALİBEYKÖY EYÜP İSTANBUL;(212) 4279100;www.demirkollojistik.com;demirkollojistik.com;İMİB - İstanbul Maden İhracatçıları Birliği
DEMİRTAŞ MADENCİLİK MERMERCİLİK KUYUMCULUK İNŞAAT TURİZM TİCARET LİMİTED ŞİRKETİ;KIZILKILISE MEVKII DEMIRTAS KASABASI DEMİRTAŞ MAH.ATATÜRK CAD.NO.117/125 ALANYA ANTALYA;(242) 5161317;www.demirtasltd.com;demirtasltd.com;İMİB - İstanbul Maden İhracatçıları Birliği
DEMKA DIŞ TİCARET VE PAZARLAMA ANONİM ŞİRKETİ;BARBAROS MAH. BEGONYA SOK. NİDAKULE ATASEHİR KUZEY 3A KAT : 21 NO:184 ATAŞEHİR ATAŞEHİR İSTANBUL;(216) 5921616;www.demkaexport.com;demkaexport.com;İMİB - İstanbul Maden İhracatçıları Birliği
DENİZ HİDROLİK PNOMATİK MAK. SAN. TİC. LTD. ŞTİ.;İKİTELLİ ORG. SAN. BÖL. GÜNGÖREN SAN. SİT. ÇARŞI ZEMİN NO:110 İKİTELLİ BAŞAKŞEHİR İSTANBUL;(212) 6719026;www.denizhidrolik.com;denizhidrolik.com;İMİB - İstanbul Maden İhracatçıları Birliği
DENNİS PHARMA KOZMETİK SAN.VE TİC.A.Ş.;ADALET MAH.MANAS BLVR.FOLKART TOWERS APT.NO:39 BAYRAKLI İZMİR;;www.dennispharma.com;dennispharma.com;İMİB - İstanbul Maden İhracatçıları Birliği
DEPAR YAPI İNŞ.SAN. VE TİC.LTD .ŞTİ.;ADRES ŞEHİTLER CAD. CONCEPTA PLAZA BLOK NO: 9/1IC KAPI NO :54 CUMHURİYET ESENYURT İSTANBUL;(212) 6762929;www.steppark.com.tr;steppark.com.tr;İMİB - İstanbul Maden İhracatçıları Birliği
DERA PLAST PLASTİK SANAYİ PETROL ÜRÜNLERİ İNŞAAT TİCARET LİMİTED ŞİRKETİ;İVEDİK MAHKARŞIYAKA MEZARLIĞI 4.KAPI KARŞISI NO:38 06170 YENİMAHALLE ANKARA;(312) 3370848;www.deraplast.com;deraplast.com;İMİB - İstanbul Maden İhracatçıları Birliği
DERYA OFİS ÜRÜNLERİ SANAYİ VE TİCARET A.Ş.;MAHMUTBEY MAH. 28 YOL SK. NO:170 K.6 BAĞCILAR İSTANBUL;(212) 4446654;www.noki.com.tr;noki.com.tr;İMİB - İstanbul Maden İhracatçıları Birliği
DESTONE YAPI MALZEMELERİ VE İNŞAAT TİCARET LTD.ŞTİ.;FULYA MAH. ORTAKLAR CAD. BAHÇELER SK NO:11/B ŞİŞLİ İSTANBUL;(212) 2117052;www.destone.com;destone.com;İMİB - İstanbul Maden İhracatçıları Birliği
DETAY YAPI MÜHENDİSLİK MİMARLIK SANAYİ VE TİCARET ANONİM ŞİRKETİ;YENİBOSNA MERKEZ MAHALLESİ 29 EKİM CADDESİ NO:3 İÇ KAPI NO:22-23 YENİBOSNA BAHÇELİEVLER İSTANBUL;(212) 6715767;www.detay-yapi.com;detay-yapi.com;İMİB - İstanbul Maden İhracatçıları Birliği
DETEKS KİMYA SANAYİ ANONİM ŞİRKETİ;IST.DERI ORG.SAN.BÖLG.KUMPAS CAD. Ö-1 PARSEL ORHANLI TUZLA İSTANBUL;02163940240;www.deteks.com.tr;deteks.com.tr;İMİB - İstanbul Maden İhracatçıları Birliği
DEVA HOLDİNG A.Ş;HALKALI MK.MAH. BASIN EKSPRESSCAD. NO:1 KÜÇÜKÇEKMECE İSTANBUL;02126929292;www.devaholding.com.tr;devaholding.com.tr;İMİB - İstanbul Maden İhracatçıları Birliği
DEVAY MERMER MADEN MÜHENDİSLİK NAKLİYE GIDA İTHALAT İHRACAT SANAYİ VE TİCARET LİMİTED ŞİRKETİ;YALINTAŞ MAH. 35. SOK. NO:4/A MUSTAFAKEMALPAŞA BURSA;(224) 6130999;www.devaymermer.com;devaymermer.com;İMİB - İstanbul Maden İhracatçıları Birliği
DEVELİ MERMER İNŞ. MAD. SAN. VE TİC. A.Ş.;DEVELİ YAHYALI YOLU 4. KM NO. 57/1 DEVELİ KAYSERİ;(352) 6212324;www.develibazalt.com;develibazalt.com;İMİB - İstanbul Maden İhracatçıları Birliği
DEVİN ENDÜSTRİYEL KİMYA VE TEKSTİL TEKNOLOJİLERİ SANAYİ DIŞ TİC. LTD. ŞTİ.;VELİMEŞE OSB MAH. 223. SOK. NO:9/1 İÇ KAPI NO: Z26 ERGENE TEKİRDAĞ;(212) 9791258;www.devirgarments.com;devirgarments.com;İMİB - İstanbul Maden İhracatçıları Birliği
DEVREK MERMER SANAYİ VE TİCARET ANONİM ŞİRKETİ;ÖZPINAR KÖYÜ ÇAY MAH. NO.53 DEVREK ZONGULDAK;(372) 5565532;www.devrekmermer.com;devrekmermer.com;İMİB - İstanbul Maden İhracatçıları Birliği
DEVREN KOZMETİK METAL SANAYİ VE TİCARET LİMİTED ŞİRKETİ;ŞENLİKKÖY MH. BİLLUR SK. NO:7/1 BAKIRKÖY İSTANBUL;(212) 5410824;www.otelbukletim.com;otelbukletim.com;İMİB - İstanbul Maden İhracatçıları Birliği
DEXODE CAM VE BOYA KİMYA SAN. VE TİC. A.Ş.;PELİTLİ MAH.TAVŞANTEPE SOK.N:62/B GEBZE KOCAELİ;(262) 7511773;www.dexode.com.tr;dexode.com.tr;İMİB - İstanbul Maden İhracatçıları Birliği
DEYS ENDÜSTRİYEL MADDELER VE KİMYASALLAR SAN.TİC.LTD.ŞTİ;GÜZELLER O.S.B GALVANO METAL KOOP.CUMHURİYET CAD.NO:2/40 GEBZE KOCAELİ;(262) 7513991;www.deys.com.tr;deys.com.tr;İMİB - İstanbul Maden İhracatçıları Birliği
DEZGAH YAPI İNŞAAT SANAYİ VE TİCARET LTD.ŞTİ.;ALAADDİNBEY MAH. AHISKA CADDE NO.258 NİLÜFER BURSA;(224) 2428880;www.dezgah.com;dezgah.com;İMİB - İstanbul Maden İhracatçıları Birliği
DG VİZYON RADYATÖR VE MET. ÜRÜN. GELİŞT. SAN. DIŞ TİC. LTD. ŞTİ.;ORHANGAZİ MAH. 18 YOL SOK. NO.14/R1 ESENYURT İSTANBUL;(212) 6230597;www.dgvision.com.tr;dgvision.com.tr;İMİB - İstanbul Maden İhracatçıları Birliği
DGS DIŞ TİCARET ANONİM ŞİRKETİ;15 TEMMUZ MH BAHAR CD NUROL PARK SİT J BLOK NO:43 KAT: D:35 BAĞCILAR İSTANBUL;(212) 8130838;www.dgsas.com.tr;dgsas.com.tr;İMİB - İstanbul Maden İhracatçıları Birliği
DGS YAPI MALZEMELERİ VE MADENCİLİK SAN. TİC. LTD. ŞTİ.;TATLISU MAHALLESİ ZÜLFİKAR SOKAK NO:2 ALKOÇ PLAZA DAİRE:8 ÜMRANİYE İSTANBUL;(216) 5947730;www.dgsmadencilik.com;dgsmadencilik.com;İMİB - İstanbul Maden İhracatçıları Birliği
DIORE YAPI INSAAT VE TÜKETIM MALLARI SANAYI TICARET LIMITED SIRKETI;HATBOYU ÇIKISI SK. NO: 48 A IÇ KAPI NO: 1 BAKIRKÖY/ ISTANBUL CEVİZLİK 34306 BAKIRKÖY, İSTANBUL BAKIRKÖY İSTANBUL;(212) 0000000;www.diore.com.tr;diore.com.tr;İMİB - İstanbul Maden İhracatçıları Birliği
DIVERSEY KİMYA SAN.VE TİC.A.Ş.;BARBAROS IHLAMUR BULVARI, NO:3, İÇ KAPI NO:67 ATAŞEHİR İSTANBUL;(212) 5786400;www.diversey.com;diversey.com;İMİB - İstanbul Maden İhracatçıları Birliği
DİCLE MERMER VE İNŞAAT SANAYİ ANONİM ŞİRKETİ;ELAZIĞ OTOYOLU 20. KM ORGANİZE SANAYİ BÖLGESİPARSEL 6-7-8 10. SOK. NO.5 MERKEZ DİYARBAKIR;(412) 2241819;www.diclemermer.com.tr;diclemermer.com.tr;İMİB - İstanbul Maden İhracatçıları Birliği
DİJİTALPORT DIŞ TİCARET LİMİTED ŞİRKETİ;BALABAN MAH UZUNGÖL CD C BLOK NO:1-2 SİLİVRİ İSTANBUL;(212) 2105969;www.dijitalport.com;dijitalport.com;İMİB - İstanbul Maden İhracatçıları Birliği
DİJİTALPORT İSTANBUL DANIŞ. LOJ. AMB. SAN. VE TİC. LTD. ŞTİ.;BALABAN MH. UZUNGOL CD. C BLOK N:1-2 SİLİVRİ İSTANBUL;(212) 2195969;www.dijitalport.com;dijitalport.com;İMİB - İstanbul Maden İhracatçıları Birliği
DİKİLİTAŞ MERMER TAŞIMACILIK MAD.OTOM.İNŞ.SAN.TİC.LTD.ŞTİ.;SELİMİYE KÖYÜ NO:214 OSMANELİ BİLECİK;(228) 4692222;www.dikilitasmermer.com;dikilitasmermer.com;İMİB - İstanbul Maden İhracatçıları Birliği
DİMER MERMER İNŞAAT SAN.TİC.A.Ş.;PEYAS MAH. URFA BULV. DİMER PLAZA NO:162/C MERKEZ DİYARBAKIR;(412) 2374510;www.dimer.com.tr;dimer.com.tr;İMİB - İstanbul Maden İhracatçıları Birliği
DİMİN MADENCİLİK SANAYİ VE TİCARET ANONİM ŞİRKETİ;İŞÇİ BLOKLARI MAH.MEVLANA BULVARI NO:182 B/94 ÇANKAYA ANKARA;(312) 9091121;www.dimin.com.tr;dimin.com.tr;İMİB - İstanbul Maden İhracatçıları Birliği
DİNAMİK ÇAMAŞIRHANE EKİPMANLARI SAN.VE TİC.LTD.ŞTİ.;CUMHURİYET MH. HÜRRİYET CAD. NO:7/47 ESENYURT İSTANBUL;(216) 2322689;www.dinamikendustriyel.com;dinamikendustriyel.com;İMİB - İstanbul Maden İhracatçıları Birliği
DİVA DOĞALTAŞ İTH. İHR. SAN. TİC. LTD. ŞTİ.;FERHATPAŞA MAH. 101 SK NO:67 ATAŞEHİR İSTANBUL;(216) 6616621;www.divadogaltas.com;divadogaltas.com;İMİB - İstanbul Maden İhracatçıları Birliği
DİVA KİMYA MÜM.GIDA İNŞ.SAN.VE TİC.LTD.ŞTİ.;YENİ MAH.MİMAR SİNAN CAD. MENDERES SOKAKNO.4 D.2 SOĞANLIK KARTAL İSTANBUL;(216) 3099686;www.divakimya.com.tr;divakimya.com.tr;İMİB - İstanbul Maden İhracatçıları Birliği
DİYAR MADENCİLİK MÜHENDİSLİK İNŞ.TURİZM SANAYİ TİCARET A.Ş.;MEDYA MAH. 629/1.SOKAKÇEYSA PLAZA SİT. ÇEYSA ÖNYAPARK KAYAPINAR DİYARBAKIR;(412) 2383488;http://www.diyarmadencilik.com.tr;diyarmadencilik.com.tr;İMİB - İstanbul Maden İhracatçıları Birliği
DN MERMER A.Ş.;TATLISU MAH HALİÇ SK POLARİS TOWER 31/39 ÜMRANİYE İSTANBUL;(216) 5509819;www.dnmermer.com.tr;dnmermer.com.tr;İMİB - İstanbul Maden İhracatçıları Birliği
DOGALTAS GRANIT MERMER INSAAT ITH.IHR.SAN.VE TIC.LTD.STI.;FATİH MH.YAKACIK CAD.YILDIZ SİT.A BLOKN:31 D:7 SANCAKTEPE İSTANBUL;(216) 3618498;http://www.dogaltas.com;dogaltas.com;İMİB - İstanbul Maden İhracatçıları Birliği
DOĞANLAR NAKLİYE YAKACAK GIDA İNŞAAT MADENCİLİK PETROL ÜRÜNLERİ TİCARET VE SANAYİ LİMİTED ŞİRKETİ;AŞIK SEYRANI CAD.NO:11 DEVELİ KAYSERİ;(352) 6212257;www.gardenpomza.com;gardenpomza.com;İMİB - İstanbul Maden İhracatçıları Birliği
DOĞUKAN JEOTERMAL MADEN ENERJİ TARIM VE HAYV.PETROL AKAR.İNŞ.SAN.TİC.LTD.ŞTİ.;HOŞNUDİYE MAHALLESİ 770.SOKAK NO:4-B 302 TEPEBAŞI ESKİŞEHİR;;http://dogukanjeotermal.com/;dogukanjeotermal.com;İMİB - İstanbul Maden İhracatçıları Birliği
DOĞUŞ EKSTRÜZYON KALIP TEKN.VE ALÜ.SAN.TİC.LTD.ŞTİ;SANAYİ MH. İMAME SK NO:27 PENDİK İSTANBUL;(216) 3961354;www.dogus-kalip.com.tr;dogus-kalip.com.tr;İMİB - İstanbul Maden İhracatçıları Birliği
DOMİNO ECZA DEPOSU ANONİM ŞİRKETİ;TEVFİK BEY MAH.ŞEHİT RECEP SOK. NO:21-23A KÜÇÜKÇEKMECE İSTANBUL;(212) 0000000;http://www.dominoecza.com;dominoecza.com;İMİB - İstanbul Maden İhracatçıları Birliği
DORUK YAPI GEREÇLERİ SAN. VE TİC.LTD.ŞTİ.;MALTEPE MAH. SİTE YOLU SOK. NO.23 ZEYTİNBURNU İSTANBUL;(212) 4370770;www.doraslock.com;doraslock.com;İMİB - İstanbul Maden İhracatçıları Birliği
DOSTLAR MERMERCİLİK SANAYİ VE TİCARET LİMİTED ŞİRKETİ;MARMARA ADASI SARAYLAR BELDESI MARMARA BALIKESİR;(266) 8877073;www.dostlarmermer.com;dostlarmermer.com;İMİB - İstanbul Maden İhracatçıları Birliği
DOWELL SCHLUMBERGER MIDDLE EAST INC TÜRKİYE ANKARA ŞUBESİ;53 CAD. 1450 SOK. ULUSOY PLAZA NO. 9/14 ÇUKURAMBAR ÇANKAYA ANKARA;03124467740;www.slb.com;slb.com;İMİB - İstanbul Maden İhracatçıları Birliği
DÖKÜM MARKET METAL SANAYİ TİCARET ANONİM ŞİRKETİ;İ.O.S.B ATATÜRK OTO SANAYİ SİTESİ 18.SOK. 17.BLOK NO: 520 BAŞAKŞEHİR İSTANBUL;(212) 4854480;www.dokummarket.com;dokummarket.com;İMİB - İstanbul Maden İhracatçıları Birliği
DRAMA MAKİNE VE OTOMOTİV SANAYİ TİCARET ANONİM ŞİRKETİ;AKÇALAR SANAYİ BÖLGESİ KORUÇEŞME CADDESİ NO:14/1 NİLÜFER BURSA;(224) 2424313;www.dramakimya.com;dramakimya.com;İMİB - İstanbul Maden İhracatçıları Birliği
DREAM PETROLEUM KİMYA SANAYİ TİCARET LİMİTED ŞİRKETİ;BÜYÜKDERE CADDESİ FULYA MAHALLESİ QUASAR PLAZA NO 76 KAT 15 DAİRE 1507 ŞİŞLİ İSTANBUL ŞİŞLİ İSTANBUL;(212) 2181357;http://www.dreampetroleum.com;dreampetroleum.com;İMİB - İstanbul Maden İhracatçıları Birliği
DSG HEDİYELİK YAZILIM ANONİM ŞİRKETİ;DEREBOYU CAD. SENA İŞ MERKEZİ NO49/15 KAT5 YAKUPLU 34275 BEYLİKDÜZÜ İSTANBUL;(212) 5400490;www.hediyesepeti.com;hediyesepeti.com;İMİB - İstanbul Maden İhracatçıları Birliği
DT MÜHENDİSLİK VE TAAHHÜT ANONİM ŞİRKETİ;ŞERİF ALİ MAHALLESİ BAŞER SOKAK NO:30/32 ÜMRANİYE İSTANBUL;(216) 5275212;www.dnt-group.com;dnt-group.com;İMİB - İstanbul Maden İhracatçıları Birliği
DUMLU ÖZCAN MADENCİLİK ANONİM ŞİRKETİ;GULLERPINAR MAH.SEVIMLER SOK.GUNCE APT. NO:4/3 ALANYA ANTALYA;02425131526;www.dumluozcan.com;dumluozcan.com;İMİB - İstanbul Maden İhracatçıları Birliği
DUPA ENDÜSTRİYEL KİMYEVİ MADDELER SAN.TİC.LTD.ŞTİ.;VEYSEL KARANİ MH. KÜÇÜK BALIKLI CAD. NO:77-79 İÇ KAPI NO:79 OSMANGAZİ BURSA;;www.dupakimya.com;dupakimya.com;İMİB - İstanbul Maden İhracatçıları Birliği
DURAVİT YAPI ÜRÜNLERİ SAN. VE TİC. A. Ş.;TUZLA ORG.DERI SAN. BÖL. 10.YOL I-4 PARSEL TUZLA İSTANBUL;02164585151;www.tr.duravit.com;tr.duravit.com;İMİB - İstanbul Maden İhracatçıları Birliği
E.G.O. ELEKTRİKLİ ALETLER SAN. AŞ;ERGENE 1 O.S.B. VAKIFLAR OSB MAH. İSTANBUL CAD. NO:11/A ERGENE TEKİRDAĞ TEKİRDAĞ;(282) 6846800;www.egoproducts.com.tr;egoproducts.com.tr;İMİB - İstanbul Maden İhracatçıları Birliği
EAE ELEKTRİK ASANSÖR ENDÜSTRİSİ İNŞAAT SANAYİ VE TİCARET ANONİM ŞİRKETİ;AKÇABURGAZ MAH. 3114 SOK NO:10 ESENYURT İSTANBUL;(212) 8662000;www.eae.com.tr;eae.com.tr;İMİB - İstanbul Maden İhracatçıları Birliği
EAGLE BURGMANN ENDÜSTRİYEL SIZDIRMAZLIK SANAYİ VE TİCARET LİMİTED ŞİRKETİ;AYDINLI KOSB MAH. TUZLA KİMYA SANAYİ OSB TUNA CADDESİ NO:8MELEK ARAS BULVARI TUNA CAD. NO: 8 TUZLA İSTANBUL;(216) 5930293;www.eagleburgmann.com.tr;eagleburgmann.com.tr;İMİB - İstanbul Maden İhracatçıları Birliği
E-AVM PAZARLAMA, LOJISTIK VE BILGI TEKNOLOJILERI SAN.TIC.LTD.ŞTİ;EMNİYET EVLERİ MAH. GÜVERCİN SK. ÇETİNKAYA APT.BLOK NO:2 KAĞITHANE İSTANBUL;(212) 2788690;info@albahceden.com;info@albahceden.com;İMİB - İstanbul Maden İhracatçıları Birliği
EB İTHALAT TAAHHÜT İNŞAAT MALZEMELERİ SANAYİ TİCARET LİMİTED ŞİRKETİ;CEVİZLİ MAH ZUHAL CAD. N:46 E RİTİM İSTANBUL SİTESİ A5 BLOK K:23 D:121 MALTEPE İSTANBUL;;www.ebyapi.com;ebyapi.com;İMİB - İstanbul Maden İhracatçıları Birliği
ECE BOYA KİMYA SANAYİ VE TİCARET ANONİM ŞİRKETİ;IDOSB KARADENİZ CADDESİNO.131 TUZLA İSTANBUL;(216) 3041560;www.eceboya.com;eceboya.com;İMİB - İstanbul Maden İhracatçıları Birliği
ECOLAB TEMİZLEME SİSTEMLERİ LİMİTED ŞİRKETİ;ALTAYCESME MH.TOYGUN SOK N:1 MALTEPE İSTANBUL;02164412030;www.ecolab.com.tr;ecolab.com.tr;İMİB - İstanbul Maden İhracatçıları Birliği
EFEDAĞ MERMER MADENCİLİK NAKLİYAT DENİZCİLİK İNŞAAT SANAYİ VE TİCARET LİMİTED ŞİRKETİ;BAŞÖREN KÖYÜ AZDAVAY KASTAMONU ORHANGAZİ BURSA;(226) 8120187;www.efedag.com.tr;efedag.com.tr;İMİB - İstanbul Maden İhracatçıları Birliği
EFENDİ PROJE MİMARLIK MÜHENDİSLİK SANAYİ VE TİCARET LİMİTED ŞİRKETİ;TATLISU MAH. ŞAHİN CAD. NO:39A TATLISU 34774 İÇ KAPI NO:39A ÜMRANİYE İSTANBUL;(216) 5042288;www.fdproje.com;fdproje.com;İMİB - İstanbul Maden İhracatçıları Birliği
EFENDİOĞLU MERMER SANAYİ VE TİCARET ANONİM ŞİRKETİ;AÇMALAR MEVKII GEDELEK KÖYÜ ORHANGAZİ BURSA;(224) 5860005;www.efendioglu.com.tr;efendioglu.com.tr;İMİB - İstanbul Maden İhracatçıları Birliği
EFES HEDİYELİK EŞYA SAN.VE TİC LTD.ŞTİ.;ALEMDAR MH. NURUOSMANİYE CAD. KARDESLER HAN. NO:3 EMİNÖNÜ/CAĞALOĞLU FATİH İSTANBUL;02125113037;www.colorlightscollection.com;colorlightscollection.com;İMİB - İstanbul Maden İhracatçıları Birliği
EFOR DEKORATİF PERDE SİSTEMLERİ İTH. İHR. DIŞ TİC. VE PAZ. LTD.ŞTİ.;SUMER MAH.PROF.TURAN GUNES CD.NO:44/4 ZEYTİNBURNU İSTANBUL;(212) 4159506;www.eforperde.com;eforperde.com;İMİB - İstanbul Maden İhracatçıları Birliği
EFTA PETROL İNŞAAT TURİZM GIDA NAKLİYE MADENCİLİK İTHALAT İHRACAT SANAYİ VE TİCARET ANONİM ŞİRKETİ;MUSTAFA KEMAL MAH. 2127. SOK. 2/6 ATA PLAZA ÇANKAYA ANKARA;;www.eftagrup.com.tr;eftagrup.com.tr;İMİB - İstanbul Maden İhracatçıları Birliği
EGE ANTİK MERMER SANAYİ TİCARET LİMİTED ŞİRKETİ;ALSANCAK MAH. ATATÜRK CAD.NO:384 K:2 D:3 BERİN REŞAT AKSOY PLAZA ALSANCAK KONAK İZMİR;;www.egeantik.mermer.com;egeantik.mermer.com;İMİB - İstanbul Maden İhracatçıları Birliği
EGE ENDÜSTRİYEL KONTROL ELEKTROMEKANİK SAN. VE TİC.A.Ş.;İZMİR SERBEST BÖLGESİ, MENEKŞE SOK. NO.8NO:99 - MENEMEN MENEMEN İZMİR;(232) 8426160;www.egecontrols.com;egecontrols.com;İMİB - İstanbul Maden İhracatçıları Birliği
EGEBANT ZIMPARA VE POLİSAJ MALZEMELERİ SANAYİ VE TİCARET ANONİM ŞİRKETİ;TAYSAD ORGANİZE SANAYİ BÖLGESİ 3.CADDE NO:23ŞEKERPINAR GEBZE GEBZE KOCAELİ;(262) 6791313;www.egebant.com.tr;egebant.com.tr;İMİB - İstanbul Maden İhracatçıları Birliği
EGELİ ZIMPARA SANAYİİ ANONİM ŞİRKETİ;KARAKÖY HIRDAVATÇILAR ÇARŞISI NO:32/33 BEYOĞLU İSTANBUL;(212) 2522108;www.egesan.com.tr;egesan.com.tr;İMİB - İstanbul Maden İhracatçıları Birliği
EGESAN AŞINDIRICI TAŞLAR SANAYİİ ANONİM ŞİRKETİ;KEMANKEŞ MAH. MALİYE CAD. MOCAN HANNO:13/5 KARAKÖY BEYOĞLU İSTANBUL;(212) 2522108;www.egesan.com.tr;egesan.com.tr;İMİB - İstanbul Maden İhracatçıları Birliği
EGESİM ENERJİ ELEKTROMEKANİK VE ELEKTRİK TAAHHÜT SANAYİ TİCARET ANONİM ŞİRKETİ;ATATÜRK BULVARI NO.4 İZMİR SEBEST BÖLGESİ MENEMEN İZMİR;(232) 8426085;www.egesim.com.tr;egesim.com.tr;İMİB - İstanbul Maden İhracatçıları Birliği
EGETEK KIMYA BOYA SAN.VE TIC. LTD.STI.;170 S.N:11/4 BORNOVA İZMİR;02324722073;www.egetek.com.tr;egetek.com.tr;İMİB - İstanbul Maden İhracatçıları Birliği
EİNHELL TURKEY DIŞ TİCARET ANONİM ŞİRKETİ;ŞERİFALİ MAH. BAYRAKTAR BULVARI BEYİT SOKAK NO:7 ÜMRANİYE İSTANBUL;02164566060;intratek.com.tr;intratek.com.tr;İMİB - İstanbul Maden İhracatçıları Birliği
EKC.AG TURKEY MADENCİLİK ANONİM ŞİRKETİ;ESENTEPE MAHALLESİ TALAT PAŞA CAD. N0:5/1 ŞİŞLİ İSTANBUL;(212) 0000000;http://www.ekc.ag;ekc.ag;İMİB - İstanbul Maden İhracatçıları Birliği
EKE ENDUSTRI TESISLERI TAAHHUT VE TICARET A.Ş.;PİYALE PAŞA BULVARI NO:77 FAMAS PLAZA B/13 ŞİŞLİ İSTANBUL;(212) 2202400;www.ekeltd.com;ekeltd.com;İMİB - İstanbul Maden İhracatçıları Birliği
EKGS EREN KARBON GRAFİT SAN. VE TİC.LTD.ŞTİ.;İOSB MAH. GİYİM SANATKARLARI 1A BLOK SOK. DIŞ KAPINO:1/A BAŞAKŞEHİR İSTANBUL;(212) 5494502;www.erenkarbon.com.tr;erenkarbon.com.tr;İMİB - İstanbul Maden İhracatçıları Birliği
EKIN MADEN TICARET VE SANAYI A.S.;BUYUKDERE CAD. USO CENTER KAT11 NO.245 MASLAK ŞİŞLİ İSTANBUL;(212) 3290329;www.ekinmaden.com.tr;ekinmaden.com.tr;İMİB - İstanbul Maden İhracatçıları Birliği
EKOM ECZACIBAŞI DIŞ TİCARET ANONİM ŞİRKETİ;BÜYÜKDERE CAD. ALİ KAYA SK. NO:5 KAT:6 ŞİŞLİ İSTANBUL;(212) 3508000;www.ekomeczacibasi.com.tr;ekomeczacibasi.com.tr;İMİB - İstanbul Maden İhracatçıları Birliği
EKSENAL ALÜMİNYUM EKSTRÜZYON TEKNOLOJİLER SANAYİ VE TİCARET ANONİM ŞİRKETİ;KOBİ OSB 29.SK.NO:25 KÖSELER DİLOVASI KOCAELİ;(262) 5029111;www.eksenal.com;eksenal.com;İMİB - İstanbul Maden İhracatçıları Birliği
EKSMEN MAK. SAN. VE TİC. LTD. ŞTİ.;EYUP SULTAN M.IMAM HATIP CADNO.15 KARTAL İSTANBUL;02165614747;www.eksmen.com;eksmen.com;İMİB - İstanbul Maden İhracatçıları Birliği
EKSPERT MUM.TURZ.VE TIC.LTD. STI.;IMES SAN. SITESI C BLOK 311.SOKAK NO:7 ÜMRANİYE İSTANBUL;02165733888;www.expert.com.tr;expert.com.tr;İMİB - İstanbul Maden İhracatçıları Birliği
EKSTEK XP EKSTRÜZYON KALIP TEKNOLOJİLERİ ANONİM ŞİRKETİ;OSMANGAZI MAH. SANAYI CAD.ÜRETIM SOK. NO:10 GEBZE KOCAELİ;(262) 6531800;www.ekstek.com.tr;ekstek.com.tr;İMİB - İstanbul Maden İhracatçıları Birliği
EKSTRA DOĞALTAŞ PAZARLAMA LTD. ŞTİ.;MİMARSİNAN MAH. BOSNA CAD. GÜVEN1 İŞ MERKZ. APT.NO:2-10 ÇEKMEKÖY ÇEKMEKÖY İSTANBUL;(216) 6887575;www.ex-tra.com.tr;ex-tra.com.tr;İMİB - İstanbul Maden İhracatçıları Birliği
ELA KOZMETIK VE HIJYEN UR.SAN. TIC.LTD.STI.;RAMAZAN OĞLU MAH SANAYI CADGALATA SOK. NO:3 PENDİK İSTANBUL;02163788707;www.elacosmetics.com;elacosmetics.com;İMİB - İstanbul Maden İhracatçıları Birliği
ELASTRON KİMYA SANAYİ VE TİCARET ANONİM ŞİRKETİ;GEBZE ORGANİZE SANAYİ BOLGESİ (GOSB)TEMBELOVA ALANI 3200 SOKAK NO:3201 GEBZE KOCAELİ;(262) 6430001;www.elastron.com.tr;elastron.com.tr;İMİB - İstanbul Maden İhracatçıları Birliği
ELCAB KABLO PROFİL SANAYİ TİCARET ANONİM ŞİRKETİ;TEKSTİLKEN CADDESİ KOZA PLAZA B BLOK KAT 31 ORUÇREİS MAHALLESİ ESENLER İSTANBUL;(212) 6852094;www.elcabkablo.com;elcabkablo.com;İMİB - İstanbul Maden İhracatçıları Birliği
ELEKTRIK REZISTANS TIC.VE SAN. LTD.STI.;MALTEPE MAH. GÜMÜŞSUYU ODİN TOPKAPI CENTER NO.28/162 TOPKAPI FATİH İSTANBUL;(212) 2560125;www.elektrikrezistans.com;elektrikrezistans.com;İMİB - İstanbul Maden İhracatçıları Birliği
ELEMENT BOYA SANAYİ VE TİCARET ANONİM ŞİRKETİ;BİRLİK OSB 1 NO'LU CAD. 6. SOK. NO:5 TUZLA İSTANBUL;02165932980;www.elementboya.com;elementboya.com;İMİB - İstanbul Maden İhracatçıları Birliği
ELF ELEKTRİK ANONİM ŞİRKETİ;ADRES ABDURRAHMAN NAFİZGÜRMAN MAH. GENERAL ALİ RIZA GÜRCANCAD.MERTERPLATFORM SUİTB-BLOKNO:27/7/81 GÜNGÖREN İSTANBUL;(850) 3051340;www.elfel.com.tr;elfel.com.tr;İMİB - İstanbul Maden İhracatçıları Birliği
ELİŞİ DEKOR AVİZE VE HEDİYELİK EŞYA İML.AL.SAT.İTH.VE İTH.İHR.LTD.ŞTİ.;KAPALIÇARŞI ORTA KAZASLAR SOK. NO.25 FATİH İSTANBUL;(212) 5123784;www.handicraftlamps.com;handicraftlamps.com;İMİB - İstanbul Maden İhracatçıları Birliği
ELİT OFİS MOBİLYA SANAYİ VE DIŞ TİCARET LİMİTED ŞİRKETİ;ZAFER MH 177 SK NO:2 KAT:4 ESENYURT İSTANBUL;(212) 9932184;www.elitofis.com;elitofis.com;İMİB - İstanbul Maden İhracatçıları Birliği
ELİT STONE DOĞAL TAŞ VE MERMER LİMİTED ŞİRKETİ;ATMACA SOKAK 33/28 ESENEVLER ÜMRANİYE İSTANBUL;(212) 4127121;www.elitstone.com.tr;elitstone.com.tr;İMİB - İstanbul Maden İhracatçıları Birliği
ELİTE GLOBAL İNŞAAT SANAYİ VE TİCARET A.Ş.;MASLAK MAH.AHİ EVREN CAD. NO:21/30 SARIYER İSTANBUL;(212) 3463919;http://www.elitemedicalist.com;elitemedicalist.com;İMİB - İstanbul Maden İhracatçıları Birliği
ELKİM KAUÇUK VE KİMYA SAN.TİC. LTD.ŞTİ.;RAMI KISLA CAD.EMINTAS ERCIYESSAN.SIT.NO.125/210 BAYRAMPAŞA İSTANBUL;02126128585;www.elkimkaucuk.com.tr;elkimkaucuk.com.tr;İMİB - İstanbul Maden İhracatçıları Birliği
ELLA PRODUCTS DIŞ TİCARET LİMİTED ŞİRKETİ;ALTINTEPE MH. İSTASYON YOLU SK. NO:3 MALTEPE İSTANBUL;(216) 4723892;www.rmitment.com;rmitment.com;İMİB - İstanbul Maden İhracatçıları Birliği
ELOPAR ELEKTRİK VE OTOMOTİV PARÇALARI SANAYİ VE TİCARET ANONİM ŞİRKETİ;KAVAKLI MAH. KAVAKLI CAD . NO: 13/1 BEYLİKDÜZÜ İSTANBUL;(212) 8751940;www.elopar.com.tr;elopar.com.tr;İMİB - İstanbul Maden İhracatçıları Birliği
ELPA ELASTIKI IPLIKLER SANAYI VE IHRACAT A.S.;DEFTERDAR MAH.OTAKCILAR CAD.54 EYÜP İSTANBUL;02125765622;www.elparubber.com;elparubber.com;İMİB - İstanbul Maden İhracatçıları Birliği
ELT GLOBAL LOJİSTİK VE DIŞ TİCARET ANONİM ŞİRKETİ;İNÖNÜ MAH KAYIŞDAĞI CAD.GÖK PLAZANO:202/3 ATAŞEHİR İSTANBUL;(216) 3541040;www.eltdisticaret.com.tr;eltdisticaret.com.tr;İMİB - İstanbul Maden İhracatçıları Birliği
ELTA DIŞ TİCARET İNŞAAT LİMİTED ŞİRKETİ;CENNET MAH.2.YAVUZ SELİM CAD.NO:61 A KÜÇÜKÇEKMECE İSTANBUL;(212) 6546654;http://www.eltainşaat.com.tr;eltainşaat.com.tr;İMİB - İstanbul Maden İhracatçıları Birliği
ELTE ENERJİ MAK. ELEK. İNŞ. TAAH. SAN. VE TİC. LTD. ŞTİ.;İ.D.O.S.B. GÜDERİ CAD. 7A YOLUN:16 P/1 PARSEL TUZLA İSTANBUL;(216) 4840666;www.elteenerji.com;elteenerji.com;İMİB - İstanbul Maden İhracatçıları Birliği
ELTOS EL ALETLERİ HIRDAVAT MAKİNA SANAYİ VE TİCARET LİMİTED ŞİRKETİ;VATAN MAH. ESENLER CAD.SINAN SK. NO:2/1 BAYRAMPAŞA İSTANBUL;(212) 5015459;www.eltos.com.tr;eltos.com.tr;İMİB - İstanbul Maden İhracatçıları Birliği
EM ELEKTRİK MALZEMELERİ YÜKLENİM SANAYİ TİCARET A.Ş.;ESKİANKARA YOLU TUZLA ORG.SAN.BÖLGESİ4.CADDE NO.25 İTOSB AKFIRAT TUZLA İSTANBUL;(216) 5933715;www.emelec.com.tr;emelec.com.tr;İMİB - İstanbul Maden İhracatçıları Birliği
EMAK MAKİNE PAZ. TİC. LTD.ŞTİ.;FİRUZKÖY BULVARI NO.158/1 AVCILAR İSTANBUL;(212) 4800250;www.emakmakina.com;emakmakina.com;İMİB - İstanbul Maden İhracatçıları Birliği
EMEKÇİOĞLU TURİZM TAŞIMACILIK TUZ GIDA TARIM İNŞAAT MADENCİLİK SAN. VE TİC. AŞ;MUSTAFACIK MAH. E-90 KARAYOLUUZERI 3.KM. ŞEREFLİKOÇHİSAR ANKARA;;www.emekcioglutuz.com;emekcioglutuz.com;İMİB - İstanbul Maden İhracatçıları Birliği
EMİNLER GRANİT MERMER MADENCİ OTOMOTİV İNŞAAT GIDA SAN.TİC. LTD.ŞTİ.;FERHAT PAŞA MAH. G-10 SOK. NO.15/A ATAŞEHİR İSTANBUL;;www.eminler.com;eminler.com;İMİB - İstanbul Maden İhracatçıları Birliği
EMKO EĞİTİM ÇÖZÜMLERİ VE TEKNOLOJİLERİ ANONİM ŞİRKETİ;ÇAKMAKLI MAH.HADIMKÖY YOLU CAD.NO:75 BÜYÜKÇEKMECE İSTANBUL;(212) 8869920;www.emkoemaye.com;emkoemaye.com;İMİB - İstanbul Maden İhracatçıları Birliği
EMMİDAĞ MERMER VE MADENCİLİK SAN. TİC. LTD.ŞTİ.;MERKEZ MAH.YİBO SOK.NO.25/2 SEYDİLER KASTAMONU;(366) 6684486;www.emmidag.com;emmidag.com;İMİB - İstanbul Maden İhracatçıları Birliği
EMMİOĞLU MERMER MADENCİLİK İNŞ.TAAH.İNŞ.MALZ.MÜH.AKARYAKIT PETROL ÜR.TUR.İML.İTH.İHR.TİC.VE SAN.A.Ş.;ARAPSEYH CAD. NO:277/D SİVAS SİVAS;(346) 2181200;www.emmioglu.com;emmioglu.com;İMİB - İstanbul Maden İhracatçıları Birliği
EMPERO ENDÜSTRİYEL MUTFAK EKİPMANLARI PAZARLAMA İÇ VE DIŞ TİCARET ANONİM ŞİRKETİ;TOPÇULAR MH FERHATPAŞA CD NO:4/F EYÜP İSTANBUL;(212) 3618300;www.empero.com.tr;empero.com.tr;İMİB - İstanbul Maden İhracatçıları Birliği
EMPET METALURJI SAN. VE TIC. LTD. STI.;19 MAYIS MAH.INONU CAD. SUMKO SIT.M4 B BLK. NO:44 ONDOKUZMAYIS(19 MAYIS) ONDOKUZMAYIS(19 MAYIS) KADIKÖY İSTANBUL;(216) 3803362;www.empetmetalurji.com;empetmetalurji.com;İMİB - İstanbul Maden İhracatçıları Birliği
EMRE TAŞ VE MADENCİLİK ANONİM ŞİRKETİ;MİMARSİNAN KAYAPUL MAHALLESİ HACI ARİF BEY CADDESİ NO: 105 MELİKGAZİ KAYSERİ;(352) 2943116;www.emretas.com.tr;emretas.com.tr;İMİB - İstanbul Maden İhracatçıları Birliği
EMSA ENERJİ PAZARLAMA VE DIŞ TİCARET ANONİM ŞİRKETİ;MECLIS MAHALLESİ KARACAOĞLAN SOK.NO:2/A SANCAKTEPE İSTANBUL;(216) 4200003;www.emsa.gen.tr;emsa.gen.tr;İMİB - İstanbul Maden İhracatçıları Birliği
EMSAN MUTFAK GEREÇLERİ SANAYİ VE TİCARET ANONİM ŞİRKETİ;YAKUPLU MAHALLESİ BEYSAN SANAYİ SİTESİ NO:22 KAT:3 BEYLİKDÜZÜ İSTANBUL;(212) 5718214;www.emsan.com.tr;emsan.com.tr;İMİB - İstanbul Maden İhracatçıları Birliği
ENAVA TEKNOLOJİ SANAYİ VE TİCARET LİMİTED ŞİRKETİ;İSTASYON MAH ŞEHİTLER CAD H.73/2 TUZLA İSTANBUL;(216) 5041414;http://www.enava.com.tr;enava.com.tr;İMİB - İstanbul Maden İhracatçıları Birliği
ENDÜSTRİ İNOVATİF TEKNOLOJİLER MÜHENDİSLİK ANONİM ŞİRKETİ;GAZİ MUSTAFA KEMAL PAŞA MAH. ATATÜRK CAD.NO:68 D:2 ÇERKEZKÖY TEKİRDAĞ;(850) 4415333;http://www.endustriyelzemin.net;endustriyelzemin.net;İMİB - İstanbul Maden İhracatçıları Birliği
ENE MADENCİLİK DIŞ TİCARET ANONİM ŞİRKETİ;MERMERCİLER SAN.SİT.10.CAD. NO:6 BEYLİKDÜZÜ İSTANBUL;(212) 6036934;www.enemaden.com;enemaden.com;İMİB - İstanbul Maden İhracatçıları Birliği
ENG ALÜMİNYUM LİMİTED ŞİRKETİ;TOPSELVİ MH TOPSELVİ CD NO:95/182 PENDİK İSTANBUL;(216) 0000000;www.glazenschuifwandxl.nl;glazenschuifwandxl.nl;İMİB - İstanbul Maden İhracatçıları Birliği
ENG METAL YAPI İNŞ.TAAH.SAN.DIŞ TİC.A.Ş.;RÜZGARLIBAHÇE MH.ÖZALP ÇIKMAZI SK.NO:2 K PLAZA İŞ MERKEZİ KAT:5 BEYKOZ İSTANBUL;(216) 4250325;www.metalyapi-eng.com;metalyapi-eng.com;İMİB - İstanbul Maden İhracatçıları Birliği
ENGRUP ELEKTRİK DIŞ TİC.LTD.ŞTİ.;H.RIFAT PAŞA MAH PERPA TİC. MERKEZİ A BLK K.5 NO.201 ŞİŞLİ İSTANBUL;(212) 2220500;www.engrup.com;engrup.com;İMİB - İstanbul Maden İhracatçıları Birliği
ENKA İNŞ.VE SAN.A.Ş;BALMUMCU MAH., ZİNCİRLİKUYU YOLU NO: 10 BEŞİKTAŞ İSTANBUL;02123761000;www.enka.com;enka.com;İMİB - İstanbul Maden İhracatçıları Birliği
ENPAY ENDÜSTRIYEL PAZARLAMA VE YATIRIM A.Ş.;KARADENIZLILER MAH.FAKÜLTE CAD.NO.147/A P.K.91 BAŞİSKELE KOCAELİ;(262) 3495820;www.enpay.com;enpay.com;İMİB - İstanbul Maden İhracatçıları Birliği
ENSEL ELEKTRİK MALZ.SAN VE DIŞ TİC LTD ŞTİ;PERPA TİC MRK A BLOK K 5 NO 92 ŞİŞLİ İSTANBUL;(212) 3203606;www.ensel.com.tr;ensel.com.tr;İMİB - İstanbul Maden İhracatçıları Birliği
EPAMARBLE MADENCİLİK SANAYİ TİCARET LİMİTED ŞİRKETİ;FERHATPAŞA MAH.101. SOKAK NO:55 FERHATPAŞA ATAŞEHİR İSTANBUL;(212) 4242207;www.epamarble.com;epamarble.com;İMİB - İstanbul Maden İhracatçıları Birliği
EPLEPLAST PLASTİK SANAYİ TİCARET VE LİMİTED ŞİRKETİ;ÇORAKLAR MAHALLESİ 5015 SK. NO: 9-13 KÖYLER ALİAĞA İZMİR;(232) 9660015;www.epleplast.com;epleplast.com;İMİB - İstanbul Maden İhracatçıları Birliği
EPOZEM ZEMİN TEKNO. VE YAP.KİM.İNŞ.SAN. VE TİC.LTD.ŞTİ.;KOŞUYOLU MAH ASMADALI SOKAK N:21 KADIKÖY İSTANBUL;(216) 4710822;www.epozem.com;epozem.com;İMİB - İstanbul Maden İhracatçıları Birliği
EPSAN PLASTİK SANAYİ VE TİCARET A.Ş.;ALİOSMAN SÖNMEZ CD. NO:16SONMEZ CAD NO.16 OSMANGAZİ BURSA;02242612020;www.etsan.com.tr;etsan.com.tr;İMİB - İstanbul Maden İhracatçıları Birliği
ER MADENCILIK NAKLIYAT VE TICARET A.S.;BARBAROS MAH.HALK CAD.NO.35 KADIKÖY İSTANBUL;02164729800;www.ergroup.com.tr;ergroup.com.tr;İMİB - İstanbul Maden İhracatçıları Birliği
ER METAL TIBBİ CİHAZ PAZARLAMA İMALAT SAN. İÇ VE DIŞ TİC. LTD. ŞTİ.;ÇANKIRI BULVARI 8.KM NO:119 AKYURT ANKARA;(312) 3486406;www.ermetaldental.com;ermetaldental.com;İMİB - İstanbul Maden İhracatçıları Birliği
ERAMA İNŞAAT DIŞ TİCARET SANAYİ LİMİTED ŞİRKETİ;FEVZİ ÇAKMAK MAH. 40 CAD. NO: 7 CS SİNCAN ANKARA;(312) 0000000;http://www.erama.com.tr;erama.com.tr;İMİB - İstanbul Maden İhracatçıları Birliği
ERBA İTHALAT İHRACAT LTD. ŞTİ.;ATATÜRK ORG.SAN.BOL.ISTASYON MAH. ÜRGÜPLÜ C. NO:30 ARNAVUTKÖY İSTANBUL;02127711888;www.erba.com.tr;erba.com.tr;İMİB - İstanbul Maden İhracatçıları Birliği
ERBAY ALUMINYUM INSAAT SANAYİ VE TİCARET AŞ.;ZUMRUTEVLER MAH. KESKIN SOK. NO.8 MALTEPE İSTANBUL;(216) 5891717;www.erbayaluminyum.com.tr;erbayaluminyum.com.tr;İMİB - İstanbul Maden İhracatçıları Birliği
ERBLOK MADEN MERMER NAKLİYAT VE İNŞAAT SANAYİ ANONİM ŞİRKETİ;AÇMALAR MEVKİİ GEDELEK KÖYÜ ERBLOK MADEN ORHANGAZİ BURSA;(224) 5860010;www.efendioglu.com.tr;efendioglu.com.tr;İMİB - İstanbul Maden İhracatçıları Birliği
ERCAN MOBILYA VE DEKORASYON AKSESUAR SAN.VE TIC.LTD.STI.;NATO YOLU CD NO:184C İKİTELLİ OSB MH KERESTECİLER SAN SİT 5 BLOK NO:2-4 BAŞAKŞEHİR İSTANBUL ÜMRANİYE İSTANBUL;(212) 2245640;www.ercanmobilya.com.tr;ercanmobilya.com.tr;İMİB - İstanbul Maden İhracatçıları Birliği
ERCE MADENCİLİK İNŞAAT TARIM HAYVANCILIK İTHALAT İHRACAT TİCARET VE SANAYİ LİMİTED ŞİRKETİ;POLAT MAHALLESİ OKULLARI CAD. BELEDİYE EKHİZMET BİNASI APT. NO: 2/1 DOĞANŞEHİR MALATYA;(422) 0000000;http://ercemadencilik.com;ercemadencilik.com;İMİB - İstanbul Maden İhracatçıları Birliği
ERDEM IC VE DIS TICARET LTD.STI.;ISTOC KOOP. 28 NCI ADA NO:55 BAĞCILAR İSTANBUL;(212) 6595080;www.erdemltd.net;erdemltd.net;İMİB - İstanbul Maden İhracatçıları Birliği
ERDOĞAN MODA METAL VE PLASTİK SANAYİ TİCARET LİMİTED ŞİRKETİ;İKİTELLİ OSB MH ÇEVRE SAN SİT 9 BLOK NO:1/1 BAŞAKŞEHİR İSTANBUL;(212) 4862890;www.erdogantoka.com;erdogantoka.com;İMİB - İstanbul Maden İhracatçıları Birliği
ERDOĞANLAR ALÜMİNYUM SAN. VE TİC. AŞ;ATATÜRK MAH. ORHAN VELİ CAD. NO:9 KIRAÇ ESENYURT İSTANBUL;(212) 8865577;www.erdoganlar.com;erdoganlar.com;İMİB - İstanbul Maden İhracatçıları Birliği
EREĞLİ DEMİR VE ÇELİK FABRİKALARI. TİC. A.Ş.;BARBAROS MAHALLESİ ARDIÇ SOKAK NO:6 34746 ATAŞEHİR İSTANBUL;(216) 5788000;www.erdemir.com.tr;erdemir.com.tr;İMİB - İstanbul Maden İhracatçıları Birliği
EREN PERAKENDE VE TEKSTİL AŞ;MERKEZ MAH. ÇINAR CAD. KAVAK SOK. NO 39 BAHÇELİEVLER İSTANBUL;(212) 6398900;www.erenholding.com.tr;erenholding.com.tr;İMİB - İstanbul Maden İhracatçıları Birliği
ERFE İÇ VE DIŞ TİCARET LİMİTED ŞİRKETİ;MAHMUTBEY MH İSTOÇ TİCARET MERKEZİ 2430 SK 12 ADA NO:78-84 BAĞCILAR İSTANBUL;(212) 6590499;www.erfe.com.tr;erfe.com.tr;İMİB - İstanbul Maden İhracatçıları Birliği
ERGİN BABACAN - BABACAN MİNERAL SANAYİ;KURTKÖY MAHALLESİ ORHANLI CAD. NO:28/1 PENDİK İSTANBUL;;www.babacanmineral.com;babacanmineral.com;İMİB - İstanbul Maden İhracatçıları Birliği
ERİ MADENCİLİK VE MİMARLIK LTD. ŞTİ.;MAHMUTBEY MAH. TAŞOCAĞI YOLU CAD. B BLOK. AĞAOĞLU MY OFFİCE NO:3 İÇ KAPI: 145 BAĞCILAR İSTANBUL;(212) 5024241;http://www.erimaden.com;erimaden.com;İMİB - İstanbul Maden İhracatçıları Birliği
ERİNÇ REKLAM TASARIM HİZMETLERİ SAN. VE TİC. LTD.ŞTİ.;Y.DUDULLU TÜRKER CAD. ŞERİFALİ MAH. EDEP SOK. NO:43 KAT:2 ÜMRANİYE İSTANBUL;(212) 2848141;www.erincreklam.com.tr;erincreklam.com.tr;İMİB - İstanbul Maden İhracatçıları Birliği
ERK DENTAL MEDIKAL TIBBI MALZ. TUR.SAN.VE TIC.LTD.STI.;TUNA MAH.SANAT CAD.NO:18 BORNOVA İZMİR;(232) 4582055;www.erkdental.com;erkdental.com;İMİB - İstanbul Maden İhracatçıları Birliği
ERKILIÇ MERMER SAN. VE TİC. A.Ş.;SINAN MAH.YUNUS EMRE CAD. YAYLA SOK. NO:8 KEPEZ ANTALYA;02423401055;www.erkilicmermer.com;erkilicmermer.com;İMİB - İstanbul Maden İhracatçıları Birliği
ERKUL KOZMETİK SANAYİ VE TİCARET ANONİM ŞİRKETİ;CİHANGİR MAH. PETROL OFİSİ CAD. NO:1 AVCILAR İSTANBUL;(212) 4565332;www.goldenrose.com.tr;goldenrose.com.tr;İMİB - İstanbul Maden İhracatçıları Birliği
ERM RESOURCES METAL ANONİM ŞİRKETİ;ESENTEPE MAH. HARMAN 1 SOKAK DURAN PLAZA NO:4/8 ŞİŞLİ İSTANBUL;;http://www.evoxresources.com;evoxresources.com;İMİB - İstanbul Maden İhracatçıları Birliği
ERMAN OFIS MOBILYA SAN.VE DIŞ TIC.LTD.ŞTI.;UĞUR MUMCU CD NO:42 REBA&SOYLU İŞ MERKEZİ MASKE MOBİLYACILAR SİT 15B BLOK NO:17/19 İKİTELLİ/ İSTANBUL İKİTELLİ BAŞAKŞEHİR İSTANBUL;(212) 6750648;www.ermanproje.com;ermanproje.com;İMİB - İstanbul Maden İhracatçıları Birliği
ERMARİN GEMİ İNŞAA DAN.YAT.TAAH.SAN.TİC.LTD.ŞTİ.;SEPETLİPINAR MAH.ARPALIK CAD.BAŞİSKELE KÜÇÜK SAN.SİT NO:118/29 BAŞİSKELE KOCAELİ;(262) 3413136;www.ermarin.com.tr;ermarin.com.tr;İMİB - İstanbul Maden İhracatçıları Birliği
ERMAŞ MADENCİLİK TURİZM SANAYİ VE TİCARET ANONİM ŞİRKETİ;HAMİDİYE MAH.SELÇUKLU CAD.C BLOKNO:10 C İÇ KAPI NO:14 HAMİDİYE KAĞITHANE İSTANBUL;(252) 2423505;www.ermas.com.tr;ermas.com.tr;İMİB - İstanbul Maden İhracatçıları Birliği
ERMEX MADENCİLİK SANAYİ VE TİCARET LİMİTED ŞİRKETİ;ATATÜRK MAH. ERTUĞRUL GAZİ SK. METROPOL ISTANBUL SİTESİ A BLOK NO: 2E İÇ KAPI NO: 212OPET TESİSLERİ ATAŞEHİR İSTANBUL;(216) 4151696;www.krmmining.com;krmmining.com;İMİB - İstanbul Maden İhracatçıları Birliği
ERSAŞ ALÜMİNYUM ANONİM ŞİRKETİ;İNCİRLİK SK NO:11-15 EYÜP İSTANBUL;(212) 5656500;www.ersasaluminyum.com.tr;ersasaluminyum.com.tr;İMİB - İstanbul Maden İhracatçıları Birliği
ERSİN BERKE ÇELİK;HACI OSMAN MAHALLESİ BAĞDAT CADDESİ NO:166 A KÖRFEZ KOCAELİ;(262) 0000000;www.pnrmarble.com;pnrmarble.com;İMİB - İstanbul Maden İhracatçıları Birliği
ERSO YAPI İZOLASYON SAN.TİC.LTD.ŞTİ.;GİRNE MAH ATATÜRK CAD 37/1 MALTEPE İSTANBUL;(216) 3536262;www.ersoyapi.com;ersoyapi.com;İMİB - İstanbul Maden İhracatçıları Birliği
ERSU KALİTE KONT.VE ARAÇ KİR.A.Ş.;ÇENESUYU MAH.ÇENESUYU CAD.NO:54/2 DERİNCE DERİNCE KOCAELİ;(262) 2395500;www.er-su.com;er-su.com;İMİB - İstanbul Maden İhracatçıları Birliği
ERTEKİN KİMYA İÇ VE DIŞ TİC. LTD.ŞTİ.;İ.O.S.BÖLGESİ ESKOOP SAN.SİT.C6 BLOK NO:312İKİTELLİ BAŞAKŞEHİR İSTANBUL;(212) 5721232;www.ertekinkimya.com;ertekinkimya.com;İMİB - İstanbul Maden İhracatçıları Birliği
ERTOK YAPI MALZEMELERİ SAN. VE TİC. AŞ;ÇATALÇEŞME MH SARAY CD NO:291 A ÇEKMEKÖY İSTANBUL;(216) 4290890;www.er-tok.com.tr;er-tok.com.tr;İMİB - İstanbul Maden İhracatçıları Birliği
ESA KOMPOZIT VE TEKNOLOJIK ÇÖZÜMLER MÜHENDISLIK SANAYI TICARET ANONIM SIRKETI;DILOVASI ORG.SAN.BÖL.4.KISIMD4015 SK.NO:6 GEBZE KOCAELİ;02627249514;www.esa.com.tr;esa.com.tr;İMİB - İstanbul Maden İhracatçıları Birliği
ESEN MADEN PAZARLAMA LTD.STI.;TEPEÖREN MAH. MARMARA CAD. NO.10 TUZLA İSTANBUL;(216) 3041263;www.esenmikronize.com.tr;esenmikronize.com.tr;İMİB - İstanbul Maden İhracatçıları Birliği
ESMAK MAKİNE SAN. VE DIŞ TİC. LTD. ŞTİ.;D100 KARA YOLU ÜZERİ TOPÇULAR MAH AHMETÇİLER SKN:2 MERKEZ DÜZCE;(380) 5375496;www.esmakmakine.com.tr;esmakmakine.com.tr;İMİB - İstanbul Maden İhracatçıları Birliği
ESMER MERMER SANAYİ VE TİCARET ANONİM ŞİRKETİ;ORGANIZE SANAYI BOLGESI 5.CAD.NO:6 ODUNPAZARI ESKİŞEHİR;(222) 2360656;www.esmarble.com;esmarble.com;İMİB - İstanbul Maden İhracatçıları Birliği
ESRA ARISALAN;İSTİKLAL KURTPINAR MAHALLESİ ATATÜRK CADDESİ NO:134/2/Z4 MURATLI TEKİRDAĞ;;http://www.ayzekimya.com;ayzekimya.com;İMİB - İstanbul Maden İhracatçıları Birliği
ESRA INS.MAD.SAN.VE DIS TIC. LTD.STI.;YILDIRIM BEYAZIT CD.NO:104 İSTANBUL;02128758115;www.esramermer.net;esramermer.net;İMİB - İstanbul Maden İhracatçıları Birliği
ESSE KİMYA KOZMETİK İLAÇ SANAYİ TİCARET LİMİTED ŞİRKETİ;869/1 SOK BAŞAK AP BLOK NO 61A GAZİOSMANPAŞA İSTANBUL MEVLANA MAH 34255 GAZİOSMANPAŞA İSTANBUL;(212) 6097576;www.dionesse.com;dionesse.com;İMİB - İstanbul Maden İhracatçıları Birliği
ESSELTE LEITZ BÜRO MALZ.SAN.VE TİC.A.Ş.;ESKI B.DERE C.TAHIRAGACESME S.AYAZAAGA TIC.MRK.B.BL.N:11/2 ŞİŞLİ İSTANBUL;02122862630;www.esselte.com.tr;esselte.com.tr;İMİB - İstanbul Maden İhracatçıları Birliği
ESTUZ ESKİŞEHİR TUZ GIDA SANAYİ VE TİCARET A.Ş.;KOBİ ORG. SAN. BOL. 111. CAD. NO.3 ODUNPAZARI ESKİŞEHİR;(222) 2360295;www.estuz.com;estuz.com;İMİB - İstanbul Maden İhracatçıları Birliği
ETABİR BİRTAŞ KABLO SANAYİ VE DIŞ TİCARET LİMİTED ŞİRKETİ;ŞAIR ZIYAPAŞA YOKUŞU BANKALAR CAD. TOPÇUOĞLU HAN. NO: 42TOPÇUOĞLU HAN. NO: 42 BEYOĞLU İSTANBUL;02122931664;www.etabirkablo.com;etabirkablo.com;İMİB - İstanbul Maden İhracatçıları Birliği
ETİ MADEN İŞLETMELERİ GENEL MÜDÜRLÜĞÜ;KIZILIRMAK MAH. 1443. CADDE NO:5 ÇANKAYA ANKARA;(312) 2942000;www.etimaden.gov.tr;etimaden.gov.tr;İMİB - İstanbul Maden İhracatçıları Birliği
ETİLER MADENCİLİK SANAYİ VE TİCARET A.Ş.;AŞIK VEYSEL MAH. BUĞDAY SK. NO:11GOLD TOWER RESİDENCE B BLOK ATAŞEHİR İSTANBUL;(216) 6883900;www.etilermadencilik.com;etilermadencilik.com;İMİB - İstanbul Maden İhracatçıları Birliği
ETİMER MADENCİLİK TİCARET VE SANAYİ ANONİM ŞİRKETİ;SARAYLAR BELDESİ MARMARA ADASI MARMARA BALIKESİR;;www.etimer.com.tr;etimer.com.tr;İMİB - İstanbul Maden İhracatçıları Birliği
EUROMER DIŞ TİCARET LİMİTED ŞİRKETİ;İSTANBUL DERİ ORG. YAN. SAN. BÖL. 21. YOL NO:2 TUZLA İSTANBUL;(216) 5910303;www.euromer.com.tr;euromer.com.tr;İMİB - İstanbul Maden İhracatçıları Birliği
EVDEMA YAPI MALZEMELERİ SAN. VE TİC. A.Ş.;TURGUT ÖZAL MAH. 68.NCİ NO.8 ESENYURT İSTANBUL;(212) 4560285;www.evdema.com;evdema.com;İMİB - İstanbul Maden İhracatçıları Birliği
EVOX TRADİNG METAL TİCARET ANONİM ŞİRKETİ;ESENTEPE MAHALLESİ HARMAN 1 SOKAK DURAN PLAZA NO:4/8 ŞİŞLİ, İSTANBUL ŞİŞLİ İSTANBUL;(212) 9360199;http://www.evox-trading.com;evox-trading.com;İMİB - İstanbul Maden İhracatçıları Birliği
EXITCOM RECYCLING ATIK TAS.TOP .DEP.VE ELEKT.SAN.TIC.LTD.STI.;BAGDAT CAD.NO:40 Merkez KOCAELİ;02623523676;www.exitcom.com;exitcom.com;İMİB - İstanbul Maden İhracatçıları Birliği
EXİMLİNES LOJİSTİK ANONİM ŞİRKETİ;KÜÇÜKBAKKALKÖY MAH. SERA SK. NO: 2 KADIKÖY İSTANBUL;(216) 9990898;https://www.eximlines.com/;eximlines.com;İMİB - İstanbul Maden İhracatçıları Birliği
EYK KİMYA İTHALAT İHRACAT SANAYİ VE TİCARET LİMİTED ŞİRKETİ;ORHANGAZİ MAH. 3. YOL SOK. NO:3 F/1 BEYLİKDÜZÜ İSTANBUL;(212) 2220085;www.eykkimya.com;eykkimya.com;İMİB - İstanbul Maden İhracatçıları Birliği
FAH GRUP METAL İÇ VE DIŞ TİCARET LIMITED ŞİRKETİ;PELİTLİ MAH.4433.SOK NO:23/1 GEBZE KOCAELİ;(262) 6060495;www.fahmetal.com;fahmetal.com;İMİB - İstanbul Maden İhracatçıları Birliği
FARBEN DERİ VE KİMYEVİ MAD. SAN. VE TİC. AŞ;İST. DERİ ORG.SAN.BÖL. PRES SK. NO:3/AXII/6 ÖZEL PARSEL TUZLA İSTANBUL;(216) 3941133;www.farben.com.tr;farben.com.tr;İMİB - İstanbul Maden İhracatçıları Birliği
FARMAKIM LABORATUVAR MALZ.TIC. LTD.STI.;HALIL RIFATPASA MH.PERPA TIC.MERK.B BLOK NO:44 K:1-2 ŞİŞLİ İSTANBUL;02122215740;www.farmakim.com.tr;farmakim.com.tr;İMİB - İstanbul Maden İhracatçıları Birliği
FATİH KELEŞ-ŞAHİ ÇELİK;ADLİYE MAH. ESKİŞEHİR CAD. NO:319 ARİFİYE SAKARYA;(264) 3192470;http://www.sahicelik.com;sahicelik.com;İMİB - İstanbul Maden İhracatçıları Birliği
FEDERAL MERMER MADENCİLİK ELEKTİRİK İNŞAAT TAAHHÜT TİCARET VE SANAYİ ANONİM ŞİRKETİ;İSTASYON MAH. GÖLPAZARI YOLU 1 KM. MERKEZ BİLECİK;(228) 2331866;www.federalmermer.com.tr;federalmermer.com.tr;İMİB - İstanbul Maden İhracatçıları Birliği
FEDESİGN İÇ MİMARLIK SANAYİ TİCARET LİMİTED ŞİRKETİ;TOPÇULAR MAH RAMİ KIŞLA CD TİKVEŞLİ DK NEF 2 HALİÇ NO:4 N BLOK D:31 EYÜP İSTANBUL;(212) 5612706;www.desingfe.com;desingfe.com;İMİB - İstanbul Maden İhracatçıları Birliği
FEKA MADEN KİMYA SANAYİ VE TİCARET LİMİTED ŞİRKETİ;OSTİM OSB MAH.ALINTERİ BUL.NO:25İÇ KAPI NO:23 YENİMAHALLE ANKARA;;https://fekamining.com;fekamining.com;İMİB - İstanbul Maden İhracatçıları Birliği
FEMY İÇ VE DIŞ TİC.LTD.ŞTİ.;CUMHURİYET MAH.BAHÇIVAN SOK.NO:7İÇ KAPI NO :201 ADAPAZARI SAKARYA;(264) 0000000;www.conceptferry.com;conceptferry.com;İMİB - İstanbul Maden İhracatçıları Birliği
FENKIM KIMYA SANAYI VE TIC.LTD STI.;BARBAROS BULVARI YILDIZ APT.NO.69/3 BEŞİKTAŞ İSTANBUL;02122275047;http://www.fenkim.com;fenkim.com;İMİB - İstanbul Maden İhracatçıları Birliği
FENNES HOME MİMARLIK SANAYİ TİCARET LİMİTED ŞİRKETİ;MAREŞEL FEVZİ ÇAKMAK MAH. FATİH CAD. SİTESİ NO:337İÇ KAPI NO:4 ARNAVUTKÖY İSTANBUL;(212) 9091106;https://www.fenneshome.com;fenneshome.com;İMİB - İstanbul Maden İhracatçıları Birliği
FERGO DIŞ TİCARET A.Ş.;BAYAR CAD. ŞEHİT İLKNUR KELEŞ SOK. DURAL PLAZA NO:3 K:10 KOZYATAĞI KADIKÖY İSTANBUL;(216) 4632889;www.bonamer.com.tr;bonamer.com.tr;İMİB - İstanbul Maden İhracatçıları Birliği
FERHAT KURNAZ;DAVUTPAŞA CD.TİM 2 DIŞ DIŞ KAPI NO:8 KAT:2 NO:532 ZEYTİNBURNU İSTANBUL;(212) 5016898;www.avrupakozmetik.com.tr;avrupakozmetik.com.tr;İMİB - İstanbul Maden İhracatçıları Birliği
FERİDE PAKETLEME SANAYİ VE TİCARET LİMİTED ŞİRKETİ;NINE HATUN MAH.145 SOK.NO:4D:A-B-C ESENLER İSTANBUL;(212) 6106681;www.feridepudra.com;feridepudra.com;İMİB - İstanbul Maden İhracatçıları Birliği
FERİMAR MADENCİLİK İNŞAAT İÇ VE DIŞ TİCARET LTD. ŞTİ.;AHMET YESEVİ MAH. BAHÇE SOK. NO:11 GEÇİT PREMİUM PLAZA B BLOK D:7 NİLÜFER BURSA;(224) 4530331;www.ferimarmadencilik.com;ferimarmadencilik.com;İMİB - İstanbul Maden İhracatçıları Birliği
FERNCO TASARIM VE DIŞ TİCARET ANONİM ŞİRKETİ;CADDEBOSTAN MAH.CADDEBOSTAN PLAJYOLU SK.NO:35B KADIKÖY İSTANBUL;(216) 0000000;https://ferncoplates.com/;ferncoplates.com;İMİB - İstanbul Maden İhracatçıları Birliği
FIRAT METAL FORM SANAYI TICARET VE PAZARLAMA LTD.STI.;İKİTELLİ OSB MH ÇEVRE SAN SİT 6 BLOK NO:8-10-12 BAŞAKŞEHİR İSTANBUL;(212) 4854287;www.firatmetalform.com;firatmetalform.com;İMİB - İstanbul Maden İhracatçıları Birliği
FİMAR MERMER MADENCİLİK İNŞAAT AKARYAKIT TURZ. TAR. SERA. HAY. GIDA ÜRÜNLERİ TİCARET SANAYİ A.Ş.;ORGANİZE SAN.1.KISIM 1.CD.NO:5NO:4 SİVAS SİVAS;(346) 2181480;www.fimar.com.tr;fimar.com.tr;İMİB - İstanbul Maden İhracatçıları Birliği
FİRGOLD DİZAYN ENDÜSTRİYEL SOĞUTMA ÜRÜNLER LTD ŞTİ;BATI MAH.İSMETPAŞA CAD. NO:17 İÇ KAPI NO:4 PENDİK İSTANBUL;(216) 5062611;www.mondiconcept.com;mondiconcept.com;İMİB - İstanbul Maden İhracatçıları Birliği
FLİCKER LİNE DIŞ TİCARET LİMİTED ŞİRKETİ;ZİYA GÖKALP MAH. KARACAOĞLAN SK. AĞAOĞLU MY WORLD EUROPA B3 BLOK NO: 1 D İÇ KAPI NO: 182 BAŞAKŞEHİR İSTANBUL;(212) 0000000;http://www.flickerline.com;flickerline.com;İMİB - İstanbul Maden İhracatçıları Birliği
FLK MADEN PROSES SANAYİ VE TİCARET ANONİM ŞİRKETİ;BAĞLICA MAH. 1180 CAD. NO:7/8 ETİMESGUT ANKARA;(312) 2343332;www.flkmaden.com.tr;flkmaden.com.tr;İMİB - İstanbul Maden İhracatçıları Birliği
FLUIDRA TR SU VE HAVUZ EKİPMANLARI SANAYİ VE TİC.A.Ş.;AYDINLI MAH.BİRLİK O.S.B 1 NOLU CAD. NO:3 AYDINLI TUZLA İSTANBUL;(216) 3870556;www.fluidra.com;fluidra.com;İMİB - İstanbul Maden İhracatçıları Birliği
FM TRAFİK GÜVENLİK TEKNOLOJİ SANAYİ VE TİCARET LİMİTED ŞİRKETİ;MAHMUTBEY MAH. 2445. SOK. NO:69-71 (İSTOÇ 24.ADA) BAĞCILAR İSTANBUL;(212) 9091228;www.trafikgerecleri.com;trafikgerecleri.com;İMİB - İstanbul Maden İhracatçıları Birliği
FOCUS MADENCİLİK VE İHRACAT A.Ş.;ADALET MAH. MANAS BLV. NO:39 FOLKART TOWERS B KULE NO:2408 BAYRAKLI BAYRAKLI İZMİR;(232) 6834793;www.focusmarble.com;focusmarble.com;İMİB - İstanbul Maden İhracatçıları Birliği
FONTE YAPI SANAYİ VE TİCARET LİMİTED ŞİRKETİ;SÖĞÜTÖZÜ MAH. SÖĞÜTÖZÜ CAD. NO:2 KOÇ KULELERİ A13 ÇANKAYA ANKARA;(312) 0000000;www.fonteyapi.com;fonteyapi.com;İMİB - İstanbul Maden İhracatçıları Birliği
FORA GRANİT MERMER İNŞAAT VE DIŞ TİCARET LİMİTED ŞİRKETİ;FERHATPAŞA MAHALLESİ SMANDIRA CADDESİ G-79 SOKAKNO:13 ATAŞEHİR İSTANBUL FERHATPAŞA ATAŞEHİR İSTANBUL;(216) 6616525;www.foragranit.com;foragranit.com;İMİB - İstanbul Maden İhracatçıları Birliği
FOREX EKSTRÜZYON KALIP LTD ŞTİ.;ŞEKERPINAR MH AYÇA SK NO:44/3 ÇAYIROVA KOCAELİ;(262) 5039216;www.forexdie.com;forexdie.com;İMİB - İstanbul Maden İhracatçıları Birliği
FORTUNA PROJE İNŞAAT TAAHHÜT TİCARET ANONİM ŞİRKETİ;AYDINLAR MAH. MERMERCİLER CAD. NO.22/1 ÇEKMEKÖY İSTANBUL;(216) 4845050;www.marblebroker.com.tr;marblebroker.com.tr;İMİB - İstanbul Maden İhracatçıları Birliği
FOSROC YAPI KİMYASALLARI SANAYİ VE TİCARET ANONİM ŞİRKETİ;SANAYİ CADDESİ. DEMİRTAŞ PLAZA İŞ MERKEZİNO:13 K:3 D:7-8 AYDINEVLER MALTEPE İSTANBUL;(216) 4636963;www.ideakimya.com;ideakimya.com;İMİB - İstanbul Maden İhracatçıları Birliği
FS DIŞ TİCARET ANONİM ŞİRKETİ;FATİH SULTAN MEHMET MAH. POLİGON CAD. BUYAKA 2 SİTESİ 3 BLOK NO:8C İÇ KAPI NO:54 ÜMRANİYE İSTANBUL;(216) 5043155;www.fsforeigntrade.com;fsforeigntrade.com;İMİB - İstanbul Maden İhracatçıları Birliği
FS KİMYEVİ MADDELER TİCARET ANONİM ŞİRKETİ;TANTAVİ MAH. ESTERGON CAD. EXEN İSTANBUL SİTESİ F BLOK NO: 24F İÇ KAPI NO: 307 ÜMRANİYE İSTANBUL;(216) 5043155;https://fskimya.com/;fskimya.com;İMİB - İstanbul Maden İhracatçıları Birliği
FTH MERMER VE DİZAYN MİMARLIK TİCARET VE SANAYİ LTD. ŞTİ.;KUMKÖY MAH. LEVREK SK. 3H4 SARIYER İSTANBUL;(212) 2012015;www.fthmade.com;fthmade.com;İMİB - İstanbul Maden İhracatçıları Birliği
FUCHS KIMYA A.Ş;LEVAZIM MAH. YENİBAHAR SOK. NO 2 BEŞİKTAŞ İSTANBUL;02123568155;www.fuchs.com.tr;fuchs.com.tr;İMİB - İstanbul Maden İhracatçıları Birliği
FURİNOX ENDÜSTRİYEL MUTFAK MALZEMELERİ LİMİTED ŞİRKETİ;CAMİİ KEBİR MH BAHRİYE CD NO:51 BEYOĞLU İSTANBUL;(212) 2389779;www.furinoxindustrial.com;furinoxindustrial.com;İMİB - İstanbul Maden İhracatçıları Birliği
FVF YAPI İNŞAAT MİMARLIK MADENCİLİK TARIM VE SAĞLIK SANAYİ TİC. LTD. ŞTİ.;ABDURRAHMAN NAFİZ GÜRMAN MAH. METE SK. NO:10 MERTER GÜNGÖREN İSTANBUL;(212) 5024241;www.erimadencilik.com;erimadencilik.com;İMİB - İstanbul Maden İhracatçıları Birliği
G İNŞAAT MADENCİLİK SANAYİ TİCARET LTD. ŞTİ.;ORGANİZE SANAYİ BÖLGESİ 1. CAD. 10.SOK.NO.5 AFYONKARAHİSAR AFYON;(212) 2362045;www.ginsaat.com;ginsaat.com;İMİB - İstanbul Maden İhracatçıları Birliği
GALENA SAĞLIK SAN. TİC. A.Ş.;SILIVRIKAPI CD.41/2-A FATİH İSTANBUL;02126325501;http://www.galena.com.tr;galena.com.tr;İMİB - İstanbul Maden İhracatçıları Birliği
GALENKA İLAÇ SAN. VE TİC. LTD. ŞTİ.;SANAYİ MAH.ENSAR CAD.HİDAYET SOK.N:4 K:2 KURTKÖY PENDİK İSTANBUL;(216) 3068812;www.galenka.com.tr;galenka.com.tr;İMİB - İstanbul Maden İhracatçıları Birliği
GALERA SAĞLIK HİZMETLERİ LİMİTED ŞİRKETİ;MACUN MAHALLESİ 177. CADDE NO : 19I / 2 06170 YENİMAHALLE ANKARA;(312) 3977211;www.galerapharma.com;galerapharma.com;İMİB - İstanbul Maden İhracatçıları Birliği
GAMA METALURJİ UYGULAMA MAKİNA KİMYA SAN. TİC. LTD.ŞTİ.;YEŞİLCE MAH. DAĞISTANLI SOK. NO:27 KAĞITHANE İSTANBUL;(212) 3252864;www.gamametalurji.com;gamametalurji.com;İMİB - İstanbul Maden İhracatçıları Birliği
GAP KABLO SAN. VE TİC. LTD. ŞTİ.;OSMANGAZİ MAH. 3130 SOK. NO.6/2 KIRAÇ KIRAÇ ESENYURT İSTANBUL;(212) 8868618;www.gurfil.com;gurfil.com;İMİB - İstanbul Maden İhracatçıları Birliği
GARANTİ GİRİŞİM İNŞAAT A.Ş.;ATAKENT MH 221SK ROTA OFFİCE SİT 3/1 KAT:10 D:63 KÜÇÜKÇEKMECE İSTANBUL;(212) 5481144;www.garantigirisim.com;garantigirisim.com;İMİB - İstanbul Maden İhracatçıları Birliği
GASTROİNOKS DIŞ TİCARET LTD. ŞTİ.;SAHRAYICEDİT MAHALLESİ ADİLE NAŞİT SOKAK NO:4-A KADIKÖY İSTANBUL;(216) 5509875;www.gastroinoks.com.tr;gastroinoks.com.tr;İMİB - İstanbul Maden İhracatçıları Birliği
GAZAR GAZ ARMATÜRLERİ SANAYİ VE TİCARET LİMİTED ŞİRKETİ;İKİTELLİ OSB MH İPKAS SAN SİT 3 ETAP D BLOK NO:34 BAŞAKŞEHİR İSTANBUL;(212) 0000000;www.gazar.com.tr;gazar.com.tr;İMİB - İstanbul Maden İhracatçıları Birliği
GEDA MAJOR İŞ VE İNŞAAT MAK SAN VE TİC LTD ŞTİ;ŞEMSETTİN GÜNALTAY CAD. NO. 224 A BLOK K.2 D.5 KADIKÖY İSTANBUL;(216) 4670833;www.geda-major.com.tr;geda-major.com.tr;İMİB - İstanbul Maden İhracatçıları Birliği
GEDİK KAYNAK SANAYİ VE TİCARET A.Ş.;ANKARA CAD. NO:306 ŞEYHLİ PENDİK İSTANBUL;(216) 3785000;www.gedik.com.tr;gedik.com.tr;İMİB - İstanbul Maden İhracatçıları Birliği
GEDİZ MİMARLIK METAL MOBİLYA SANAYİ VE TİC. LTD. ŞTİ;AGLARBASI MAH. SEHIT MÜCAHIT SK. AKDENIZ APT NO: 7 MALTEPE İSTANBUL;(216) 5735530;www.gedizmobilya.com;gedizmobilya.com;İMİB - İstanbul Maden İhracatçıları Birliği
GEMA POLİMER PLASTİK ÜRÜNLERİ SANAYİ VE TİCARET ANONİM ŞİRKETİ;FATİH SULTAN MEHMET MAH. POLİGON CAD. BUYAKA 2 SİTESİ 2. KULE KAT:7 D:26 ÜMRANİYE İSTANBUL;(212) 2706645;www.gemapolimer.com;gemapolimer.com;İMİB - İstanbul Maden İhracatçıları Birliği
GEMAŞ GENEL MÜHENDİSLİK MEKANİK SANAYİ TİCARET ANONİM ŞİRKETİ;MİMAR SİNAN MAH. YASEMİN SOK. NO:16 KEMERBURGAZ EYÜP İSTANBUL;(212) 3219230;www.gemas.com.tr;gemas.com.tr;İMİB - İstanbul Maden İhracatçıları Birliği
GEMİNA GIDA DIŞ TİC. A.Ş.;BARBAROS MAH. MOR SÜMBÜL SOK. DELUXİA PALACEN:5/A K:16 D:442 ATAŞEHİR İSTANBUL;(216) 5041431;www.geminatrade.com;geminatrade.com;İMİB - İstanbul Maden İhracatçıları Birliği
GEN INSAAT MIMARLIK DEKORASYON SAN.VE TIC.LTD.STI.;GÜLBAĞ MAH. 2.TAŞOCAĞI CAD. OTELLOKAMİL SOK.NO.2 K.1 D-4 ZEREN APT. ŞİŞLİ İSTANBUL;(212) 2161601;www.genstone.net;genstone.net;İMİB - İstanbul Maden İhracatçıları Birliği
GENCH INTERNATIONAL YAPI MALZ.TİC.LTD.ŞTİ.;ESKOOP SAN. SİT. C5 BLOK NO:278 BAŞAKŞEHİR İSTANBUL;(212) 6713794;www.genchshop.com.tr;genchshop.com.tr;İMİB - İstanbul Maden İhracatçıları Birliği
GENESİS ENERJİ VE MEKANİK SİSTEMLER ANONİM ŞİRKETİ;EYUP MERKEZ MAH.SILAHTAR AGACAD. NO:83 EYÜP İSTANBUL;02125788787;www.genesis.com;genesis.com;İMİB - İstanbul Maden İhracatçıları Birliği
GENSA KIMYA SANAYI VE TICARET ANONİM ŞİRKETİ;VARYAP MERİDİAN GRAND TOWER A BLOK BARBAROS MAH. AL ZAMBAK SOK. NO:2/129 BATI ATAŞEHİR İSTANBUL GEBZE KOCAELİ;(216) 2903401;www.gensa.com.tr;gensa.com.tr;İMİB - İstanbul Maden İhracatçıları Birliği
GEO MERMER MADEN İNŞAAT SANAYİ TİCARET LİMİTED ŞİRKETİ;PİRİ REİS CAD NO46/7 MERKEZ MAH ÇEKMEKÖY İSTANBUL;(216) 0000000;www.geomermer.com;geomermer.com;İMİB - İstanbul Maden İhracatçıları Birliği
GEOCLAY MADENCİLİK İTHALAT İHRACAT SANAYİ VE TİCARET LİMİTED ŞİRKETİ;ALAGÖZ MAH. NIZAM CAD. NO: 6 SINCAN/ ANKARA PK:06909 SİNCAN ANKARA;(312) 2671621;www.clearcat.com.tr;clearcat.com.tr;İMİB - İstanbul Maden İhracatçıları Birliği
GEODESTEK ZEM.ZE.AR.PR.MÜ.YA.LA.Bİ.Sİ.E.İ.T.İ.İ.T.VE S.L.ŞTİ;KIZILCAŞAR MAH 23 NİSAN CAD. NO:28 GÖLBAŞI ANKARA;(312) 4601399;www.geodetsek.com;geodetsek.com;İMİB - İstanbul Maden İhracatçıları Birliği
GEOMAS GEOKOMPOZIT SAN. MÜHENDİSLİK TİC. AŞ;CUMHURIYET MH. FATİH CD.NO:4 KARTAL İSTANBUL;(216) 4514848;www.geomas.com.tr;geomas.com.tr;İMİB - İstanbul Maden İhracatçıları Birliği
GERBER YAPI İNŞAAT A.Ş;HALKALI MERKEZ MH HALKALI CD NO:232/265 KÜÇÜKÇEKMECE İSTANBUL;(212) 8090190;www.gerberyapi.com;gerberyapi.com;İMİB - İstanbul Maden İhracatçıları Birliği
GETA MİMARLIK TAAHHÜT SANAYİ TİCARET ANONİM ŞİRKET;KAZIMİYE MAH. PİRİ REİS CAD. ÖĞÜCÜ REZİDANSNO:14-16 K-2 D-14 ÇORLU TEKİRDAĞ;(282) 6732252;http://www.getamimarlik.com;getamimarlik.com;İMİB - İstanbul Maden İhracatçıları Birliği
GE-Tİ İNŞAAT VE SANAYİ MALZEMELERİ LİMİTED ŞİRKETİ;FERHATPAŞA MH 34.SK NO:19/23 ATAŞEHİR İSTANBUL;(212) 4715661;www.ge-ti.com;ge-ti.com;İMİB - İstanbul Maden İhracatçıları Birliği
GGCHEM KİMYA VE TEKSTİL SAN. TİC. LTD. ŞTİ.;ULAS ERGENE 2 OSB MAH. D100 CAD. NO.2 ERGENE TEKİRDAĞ;2826522651;www.ggchmical.net;ggchmical.net;İMİB - İstanbul Maden İhracatçıları Birliği
GİZ KOZMETİK A.Ş.;BARBAROS HAYRETTİN PAŞA MH 1992.SK NO:12/5 ESENYURT İSTANBUL;;www.gizcosmetics.com.tr;gizcosmetics.com.tr;İMİB - İstanbul Maden İhracatçıları Birliği
GLENCORE İSTANBUL MADENCİLİK VE TİCARET ANONİM ŞİRKETİ;LEVENT BÜYÜKDERE CAD. NO:185 KANYON OFİS KAT:9 ŞİŞLİ İSTANBUL;(212) 3195400;www.glencore.com;glencore.com;İMİB - İstanbul Maden İhracatçıları Birliği
GLENGO TEKNOLOJİ TİC. VE SAN. AŞ;GİYİMKENT SİTESİ İSTANBUL TİCARETSARAYI 10.KAT ESENLER İSTANBUL;(212) 4386100;www.glengo.com.tr;glengo.com.tr;İMİB - İstanbul Maden İhracatçıları Birliği
GLOBAL GRANİT MERMER SANAYİ VE TİCARET LİMİTED ŞİRKETİ;İNÜNÜ MAH. ULUSU CAD. YEŞİL SOK. GOKÇE APT. NO 70 D 3 ATAŞEHİR İSTANBUL;(216) 5732694;www.globalgranit.com.tr;globalgranit.com.tr;İMİB - İstanbul Maden İhracatçıları Birliği
GLOBAL INDUSTRIAL SERVICES MADENCILIK SANAYI TICARET LIMITED SIRKETI;PINARTEPE MAHALLESİ. AVRUPA CADDESİ. 87C/B BÜYÜKÇEKMECE İSTANBUL;(212) 8555580;http://www.gisltd.net;gisltd.net;İMİB - İstanbul Maden İhracatçıları Birliği
GLOBAL MUTFAK ÜRÜNLERİ SANAYİ VE TİCARET LTD.ŞTİ.;ORUÇREİS MH TEKSTİLKENT CD TEKSTİLKENT B15 BLOK NO:10F/Z05 NO: 10F/Z05 ESENLER İSTANBUL;(850) 3053466;www.globalladenbau.com;globalladenbau.com;İMİB - İstanbul Maden İhracatçıları Birliği
GM YAPI LİMİTED ŞİRKETİ;SANAYİ CD NO:44A D:31 NİSH İSTANBUL A BLOK NO:31 BAHÇELİEVLER İSTANBUL;(212) 6031366;www.gmyapi.com;gmyapi.com;İMİB - İstanbul Maden İhracatçıları Birliği
GOCHEM SİLİKON KİMYA SAN.VE TİC. LTD. ŞTİ.;İ.O.S.B.SARAÇLAR SAN.SİT.10.BLOK NÇ:12K:1-2 BAŞAKŞEHİR İSTANBUL;(212) 4853754;www.gochem.com.tr;gochem.com.tr;İMİB - İstanbul Maden İhracatçıları Birliği
GOLD VAKUM SİSTEMLERİ VE MAKİNA SAN. VE TİC. LTD. ŞTİ.;IKITELLI ORG.SAN.BOL.METAL IS.KOOP.8.BLOK NO.28-30 KÜÇÜKÇEKMECE İSTANBUL;02125498067;www.goldmakina.com;goldmakina.com;İMİB - İstanbul Maden İhracatçıları Birliği
GOLDKIM BOYA KIMYA VE EGITIM A RACL.SAN.TIC.LTD.STI.;OSMANGAZİ MH.KANUNİ SK.NO:8 DARICA KOCAELİ OSMANGAZİ MAHALLESİ 41700 DARICA, KOCAELİ, TÜRKİYE DARICA KOCAELİ;02164693234;www.richhobby.com;richhobby.com;İMİB - İstanbul Maden İhracatçıları Birliği
GORBON MİMARLIK SERAMİK SATIŞ PAZARLAMA ORGANİZASYON DANIŞMANLIK SAN. VE TİC. A.Ş.;KATİP MUSTAFA ÇELEBİ MAH. İSTİKLAL CAD.MİM HAN NO.55 K.6A BEYOĞLU İSTANBUL;(212) 2453566;www.gorbontiles.com;gorbontiles.com;İMİB - İstanbul Maden İhracatçıları Birliği
GÖKÇEN ŞANSAL;SÜLÜNTEPE MAHALLESİ EVLİYA ÇELEBİ CADDESİ NO:19-B/46 PENDİK İSTANBUL;(216) 3753593;www.akademistone.com;akademistone.com;İMİB - İstanbul Maden İhracatçıları Birliği
GÖKHAN BOYA SANAYİ VE TİCARET LİMİTED ŞİRKETİ;KAZIMPAŞA MAHALLESI 1217 SOKAK NO: 7 MENEMEN İZMİR;(232) 8327302;www.gokhanboya.com;gokhanboya.com;İMİB - İstanbul Maden İhracatçıları Birliği
GÖKSUTAŞ MERMER SANAYİ VE TİCARET ANONİM ŞİRKETİ;FATİH MAHALLESİ 1 SANAYİ 1 SOKAK NO:1 BAYIRKÖY BELDESİ MERKEZ BAYIRKÖY BİLECİK BİLECİK;(228) 2838555;www.gtstone.com.tr;gtstone.com.tr;İMİB - İstanbul Maden İhracatçıları Birliği
GÖKYAR MERMER İNŞAAT TURİZM NAKLİYAT SANAYİ VE TİCARET LTD.ŞTİ.;BOZÜYÜK DEVLET YOLU 3. KM SÖĞÜT BİLECİK;(228) 3614700;www.gokyarmermer.com;gokyarmermer.com;İMİB - İstanbul Maden İhracatçıları Birliği
GÖLALAN MERMER MADENCİLİK ÜRETİM PAZARLAMA İTHALAT İHRACAT TİCARET VE SANAYİ LİMİTED ŞİRKETİ;YAKUP ŞEVKI CAD.FIRAT İŞ MERKZ.K:5/18 Merkez ELAZIĞ;(424) 2334341;www.golalan.com;golalan.com;İMİB - İstanbul Maden İhracatçıları Birliği
GÖLGEYAP YAPI GRUP SAN. VE TİC. A.Ş.;DEMİRCİLER SİTESİ 7.YOL NO:39 ZEYTİNBURNU İSTANBUL;(212) 6643507;www.golgeyapigrup.com;golgeyapigrup.com;İMİB - İstanbul Maden İhracatçıları Birliği
GP DIŞ TİCARET MADENCİLİK LİMİTED ŞİRKETİ;ALTINŞEHİR MAH.204.(208) SK N:74/1 NİLÜFER BURSA;(224) 4131082;www.gpmarble.com;gpmarble.com;İMİB - İstanbul Maden İhracatçıları Birliği
GRANADA MİMARLIK DIŞ TİC. SAN. VE TİC. LTD. ŞTİ.;CEYLAN SOK. KC ÇARŞI SİTESİ E BLOK NO:3/25 BAHÇEŞEHİR KISIM 34488 BAŞAKŞEHİR, İSTANBUL, TÜRKİYE BAŞAKŞEHİR İSTANBUL;(212) 6726400;www.granada-tr.com;granada-tr.com;İMİB - İstanbul Maden İhracatçıları Birliği
GRANDE DIŞ TİC. A.Ş.;ŞEHİT TEVFİK İNAN SOK. TEPEORA EVLERİ NO:16/18 USKUMRUKÖY SARIYER İSTANBUL;;www.grandmarble.com;grandmarble.com;İMİB - İstanbul Maden İhracatçıları Birliği
GRANİTAŞ GRANİT SANAYİ VE PAZARLAMA A.Ş.;HARMANDERE ŞEHİT MEHMET GÜNAYCAD. NO.17 PENDİK İSTANBUL;(216) 4825595;www.granitas.com;granitas.com;İMİB - İstanbul Maden İhracatçıları Birliği
GRANİTER İNŞAAT LİMİTED ŞİRKETİ;GARDENYA PLAZA NO:5/42 A BLOKKAT:1 KADIKÖY İSTANBUL;(216) 4554419;www.graniter.com.tr;graniter.com.tr;İMİB - İstanbul Maden İhracatçıları Birliği
GRATİS İÇ VE DIŞ TİC.A.Ş;ÇATALÇEŞME MAH.REŞADİYE CAD.NO:78 ALEMDAĞ(ALEMDAR) ÇEKMEKÖY İSTANBUL;(216) 4301800;www.gratis.com.tr;gratis.com.tr;İMİB - İstanbul Maden İhracatçıları Birliği
GREY STONE METAL SANAYİ TİCARET LİMİTED ŞİRKETİ;KONAKLAR MAHALLESİ SELVİLİ SOKAK EMLAK BANKASI APT. NO 1/2 KAT 8 NO 29 BEŞİKTAŞ İSTANBUL;(212) 3251536;www.greystonemetal.com;greystonemetal.com;İMİB - İstanbul Maden İhracatçıları Birliği
GROMCI GLOBAL LOJİSTİK LTD. ŞTİ.;YILDIRIM MAH. TUTİN SK. NO.11 İÇ KAPI NO.2 BAYRAMPAŞA İSTANBUL;(212) 6158088;www.gromci.com;gromci.com;İMİB - İstanbul Maden İhracatçıları Birliği
GROME İÇ VE DIŞ TİC. A.Ş.;BAGDAT CD.UGRASPARLAR ISMERK.NO.305.B-BLOK DAIRE 12-15 KARTAL İSTANBUL;02164412370;www.grome.com.tr;grome.com.tr;İMİB - İstanbul Maden İhracatçıları Birliği
GRUP DIŞ TICARET LTD.ŞTI.;ATATÜRK CD.NO:144 DEFNE APTKAT:5 YALI MALTEPE İSTANBUL;(216) 4590036;www.grpmining.com;grpmining.com;İMİB - İstanbul Maden İhracatçıları Birliği
GTIP GRUP İÇ VE DIŞ TİCARET SANAYİ LİMİTED ŞİRKETİ;PINARTEPE MAH. YAVUZ SULTAN SELİMBULVARI NO.6 BEYAZ PLAZA KAT 5 / 45 BÜYÜKÇEKMECE İSTANBUL;(212) 3204216;www.gtipgrup.com;gtipgrup.com;İMİB - İstanbul Maden İhracatçıları Birliği
GULBAK BAKALIT VE METAL SAN. VE TIC.LTD.STI.;KAVLAKLI ORGANİZE SANAYİ BÖLGESİ3.CADDE NO:13 KAHRAMANMARAŞ KAHRAMANMARAŞ;(344) 2579302;www.gulbak.com.tr;gulbak.com.tr;İMİB - İstanbul Maden İhracatçıları Birliği
GUNEYLILER YAPI MALZ.SAN.VE TIC.LTD.STI.;İÇERENKÖY MH ÇAYIROĞLU SK N:6/A ATAŞEHİR İSTANBUL;(216) 4118757;www.guneylileryapi.com;guneylileryapi.com;İMİB - İstanbul Maden İhracatçıları Birliği
GÜBRE FABRİKALARI TÜRK ANONİM ŞİRKETİ;YAMANEVLER MAHALLESİ, AHMET TEVFİK İLERİ CADDESİ BEREKET PLAZA NO:1 İÇ KAPI NO:3 34768 KADIKÖY İSTANBUL;(216) 4685117;www.gubretas.com.tr;gubretas.com.tr;İMİB - İstanbul Maden İhracatçıları Birliği
GÜÇLER TEÇHİZAT MAKİNE KİMYA MADENCİLİK SANAYİ VE TİCARET ANONİM ŞİRKETİ;M.ALİ PAŞA MAH. BAĞDAT CAD., NO:216 D: 6 İZMİT KOCAELİ;(262) 5031413;http://www.guclermakina.com;guclermakina.com;İMİB - İstanbul Maden İhracatçıları Birliği
GÜLDEMİR YAPI MALZEMELERİ İÇ VE DIŞ TİCARET LİMİTED ŞİRKETİ;SEYİTNİZAM MAH. DEMİRCİLER SİTESİ 2. CADDE NO:24 ZEYTİNBURNU İSTANBUL;(212) 4167871;www.guldemir.com.tr;guldemir.com.tr;İMİB - İstanbul Maden İhracatçıları Birliği
GÜLERSAN YAPI MÜH. İNŞ. VE MOBİLYA SAN. VE DIŞ TİC. LTD. ŞTİ.;ORUÇREİS MAH.TEKSTİLKENT CADDESİ 10 AB ESENLER İSTANBUL;(212) 2707441;www.gulersanyapi.net;gulersanyapi.net;İMİB - İstanbul Maden İhracatçıları Birliği
GÜLMER MADENCİLİK SANAYİ VE TİCARET ANONİM ŞİRKETİ;1.ORG.SAN.BOLG. MERKEZ BİLECİK;(262) 5046443;www.gulmermaden.com.tr;gulmermaden.com.tr;İMİB - İstanbul Maden İhracatçıları Birliği
GÜLMER MERMER MADENCİLİK SANAYİ VE DIŞ TİCARET LİMİTED ŞİRKETİ;YEŞİLKÖY MAH.ATATÜRK CAD. DÜNYA TİCARET MERKEZİBLOK NO:10 İÇ KAPI NO:208 YENİBOSNA BAKIRKÖY İSTANBUL;(212) 6520916;www.gulmermarble.com;gulmermarble.com;İMİB - İstanbul Maden İhracatçıları Birliği
GÜLSAN İNŞAAT SAN.TURZ.NAKL.VE TİC.A.Ş.;RÜZGARLIBAHÇE MH CUMHURİYET CD NO:22 BEYKOZ İSTANBUL;(216) 6810200;www.gulsanholding.com.tr;gulsanholding.com.tr;İMİB - İstanbul Maden İhracatçıları Birliği
GÜLTEN VAROĞLU - BURSA PET;KAZIM KARABEKİR MH. KAYAKÖPRÜ SK. NO:9 YILDIRIM BURSA;(224) 3272926;www.bursapet.com.tr;bursapet.com.tr;İMİB - İstanbul Maden İhracatçıları Birliği
GÜNAŞ GÜNDÜZLER TARIM MAK.VE ALET.TİC.SAN.A.Ş.;PELİTLİ MH 4415 SK NO:4 KÖYLER GEBZE KOCAELİ;(262) 7511072;www.gunas.com.tr;gunas.com.tr;İMİB - İstanbul Maden İhracatçıları Birliği
GÜNER EKSPORT HEDİYELİK EŞYA TİCARET LİMİTED ŞİRKETİ;UĞUR MUMCU MAH. 2345 SOK. NO.4 K.1 SULTANGAZİ İSTANBUL;(212) 6371718;www.gunerekspsort.com.tr;gunerekspsort.com.tr;İMİB - İstanbul Maden İhracatçıları Birliği
GÜNEYİNOKS ENDÜSTRİYEL MUTFAK EKİPMANLARI SANAYİ VE TİCARET LİMİTED ŞİRKETİ;MAHMUT ŞEVKET PASA MAH. HAFIK CAD. NO:9/A ŞİŞLİ İSTANBUL;(212) 2371067;www.guneyinoks.com;guneyinoks.com;İMİB - İstanbul Maden İhracatçıları Birliği
GÜNKEM-GÜNDÜZ KİMYEVİ MADDELER İTHALAT SANAYİ VE TİCARET ANONİM ŞİRKETİ;SAHRAYICEDİT MAH HALK SK SIDDIKLAR İŞ MERKEZİ N:52 İÇ KAPI N:5 SUSUZ SOK. NO:13 34710 KADIKÖY İSTANBUL;(216) 3159292;www.gunkem.com.tr;gunkem.com.tr;İMİB - İstanbul Maden İhracatçıları Birliği
GÜNSU ENERJİ SİST.KONFOR TESİS. SAN. TİC.A.Ş.;ANTALYA ORGANİZE SAN. BÖL. 1. KISIM ATATÜRK BUL. NO:25 DÖŞEMEALTI ANTALYA;(242) 2581140;www.gunsu.com.tr;gunsu.com.tr;İMİB - İstanbul Maden İhracatçıları Birliği
GÜREN METAL TURİZM TAŞIMACILIK İNŞAAT SANAYİ VE DIŞ TİCARET LİMİTED ŞİRKETİ;İKİTELLİ OSB MH ATATÜRK BULVARI SÜRMELİ İS MERKEZİ NO:108/23B İKİTELLİ BAŞAKŞEHİR İSTANBUL;(212) 5494540;www.guren.com.tr;guren.com.tr;İMİB - İstanbul Maden İhracatçıları Birliği
GVN GÜVEN CIVATA SANAYİ VE TİCARET LİMİTED ŞİRKETİ;BEYLİKDÜZÜ OSB MH MERMERCİLER SAN SİT 2 CD NO:11/1 BEYLİKDÜZÜ İSTANBUL;(212) 6168037;www.proturkprofil.com.tr;proturkprofil.com.tr;İMİB - İstanbul Maden İhracatçıları Birliği
HABASİT KAYIŞ SAN. VE TİC. LTD. ŞTİ.;AYDINLI BİRLİK ORG. SAN. BÖLGESİ4. SOK. NO:4 TUZLA İSTANBUL;(216) 4447043;www.habasit.com;habasit.com;İMİB - İstanbul Maden İhracatçıları Birliği
HABAŞ SINAİ VE TIBBİ GAZLAR İSTİHSAL ENDÜSTRİSİ A.Ş.;FUATPASA SOK. NO.26 SOĞANLIK MAH. KARTAL İSTANBUL;(216) 4536400;www.habas.com.tr;habas.com.tr;İMİB - İstanbul Maden İhracatçıları Birliği
HACI AYVAZ ENDÜSTRİYEL MAMULLER SANAYİ VE TİCARET ANONİM ŞİRKETİ;HADIMKÖY MH.MUSTAFA İNAN CD.NO:44 ARNAVUTKÖY İSTANBUL;(212) 7710145;www.ayvaz.com;ayvaz.com;İMİB - İstanbul Maden İhracatçıları Birliği
HAFELE MOBILYA VE INSAAT DONANIMLARI SAN.VE TIC.A.S.;DOSB MH 1.CD NO:10 ESENŞEHİR ÜMRANİYE İSTANBUL;(216) 5285900;www.hafele.com.tr;hafele.com.tr;İMİB - İstanbul Maden İhracatçıları Birliği
HAKAN YILDIZ YÖNTEK MÜHENDİSLİK HİZMETLERİ YATIRIM PROJELERİ VE YÖNETİM DANIŞMANLIĞI LTD ŞTİ.;İSTASYON MAH. GÜLNİHAL SK. ELİR SİT C BLOK NO:3/17 34940 TUZLA İSTANBUL;(216) 0000000;www.marmolesdeco.com;marmolesdeco.com;İMİB - İstanbul Maden İhracatçıları Birliği
HAKSAN HORTUM MAKİNE OTOMOTİV PLASTİK KİMYEVİ MADDELER SAN. VE TİC.A.Ş.;NILUFER ORG.SAN.BOL. IHLAMUR CAD.NO.16 NİLÜFER BURSA;(224) 4112160;www.haksanhortum.com.tr;haksanhortum.com.tr;İMİB - İstanbul Maden İhracatçıları Birliği
HALİT ULUERGÜVEN;ORGANIZE SAN.BÖL.5.S.NO:5 Merkez KÜTAHYA;02742662612;http://www.halitmetal.com;halitmetal.com;İMİB - İstanbul Maden İhracatçıları Birliği
HALSAN ENDÜSTRİYEL MUTFAK SANAYİ VE TİCARET LİMİTED ŞİRKETİ;BAHRİYE CD 38A BEYOĞLU İSTANBUL;(212) 2549336;www.halsanmutfak.com;halsanmutfak.com;İMİB - İstanbul Maden İhracatçıları Birliği
HAMMER MADENCİLİK SAN. TİC. A.Ş.;75. YIL OSB MAHALLESİ, 21 CADDE NO:12/1 ODUNPAZARI ESKİŞEHİR;(222) 2360733;www.cekicler.com.tr;cekicler.com.tr;İMİB - İstanbul Maden İhracatçıları Birliği
HAN MİMARİ TASARIM TURİZM İNŞ. SAN. VE DIŞ TİC. A.Ş;HACI EMİN EFENDİ SOK. İZMİR APT.NO:32/A NİŞANTAŞI ŞİŞLİ İSTANBUL;(212) 2315513;www.space.com.tr;space.com.tr;İMİB - İstanbul Maden İhracatçıları Birliği
HAN ZEMİN YAPI MARKET MİMARLIK İNŞAAT VE DIŞ TİCARET LİMİTED ŞİRKETİ;ÇAVUŞOĞLU MAH. SANAY CAD. NO.21 KARTAL İSTANBUL;(216) 4637777;www.han-stone.com;han-stone.com;İMİB - İstanbul Maden İhracatçıları Birliği
HAREKET KONTROL SERVİS MERKEZİ SANAYİ VE İNŞAAT TAAHHÜT TİCARET ANONİM ŞİRKETİ;TOSB OTOMOTİV (OSB) MAH. 1. CD. C BLOK 8/3 NO:12-ŞEKERPINAR ÇAYIROVA/KOCAELİ ÇAYIROVA KOCAELİ;(262) 4447457;www.hksm.com.tr;hksm.com.tr;İMİB - İstanbul Maden İhracatçıları Birliği
HARTEK KESME TEKNOLOJİLERİ LİMİTED ŞİRKETİ;KARAYOLLARI MAH. CEBECI CAD.648 SOK. NO.16/A GAZİOSMANPAŞA İSTANBUL;(212) 5384748;www.hartek.com.tr;hartek.com.tr;İMİB - İstanbul Maden İhracatçıları Birliği
HASAN DURMUŞ;YALINTAS MAH 56.SOK NO:1/2 16500 16500 MUSTAFAKEMALPAŞA MUSTAFAKEMALPAŞA BURSA;(224) 0000000;https://www.premiumluxurystone.com/;premiumluxurystone.com;İMİB - İstanbul Maden İhracatçıları Birliği
HASEL GROUP ALÜMİNYUM TURİZM İTH.VE İHR.SAN.TİC.LTD.ŞTİ.;ORUÇREİS MH TEKSTİLKENT CD B14 BLOK 10 V NO:213 ESENLER İSTANBUL;(212) 4381158;www.haseldisticaret.com;haseldisticaret.com;İMİB - İstanbul Maden İhracatçıları Birliği
HASEL UTU SAN. VE TIC.LTD.STI.;KATIP ÇELEBI CD. N:40/C FATİH İSTANBUL;02125207440;www.haselutu.com.tr;haselutu.com.tr;İMİB - İstanbul Maden İhracatçıları Birliği
HASMATİK MİMARİ CAM VE METAL SİSTEMLERİ LİMİTED ŞİRKETİ;CUMHURİYET MH GÜRPINAR YOLU CD BEYKENT SAN SİT NO:61/66 BÜYÜKÇEKMECE İSTANBUL;(212) 8721250;www.hasmatik.com.tr;hasmatik.com.tr;İMİB - İstanbul Maden İhracatçıları Birliği
HASSAN İÇ VE DIŞ TİCARET LİMİTED ŞİRKETİ;CUMHURİYET MAH TURGUT ÖZAL CD KARAYEL SK N:22 GEBZE KOCAELİ;;www.dekortools.com;dekortools.com;İMİB - İstanbul Maden İhracatçıları Birliği
HASTAŞ MÜH.MIM.MAD.İNŞ.DEKOR TURZ.SAN.VE TİC.LTD.ŞTİ.;YURTBEYİ MAH. ANDEZİT KESMETAŞ FAB. KM. EVL. 3 A GÖLBAŞI ANKARA;(312) 4983121;http://www.hastas.com.tr;hastas.com.tr;İMİB - İstanbul Maden İhracatçıları Birliği
HATKİM KİMYA SANAYİ VE DIŞ TİCARET ANONİM ŞİRKETİ;KISIKLI CAD. NO.1 UZAY APT. A BLOKKAT 3 D.10 ALTUNİZADE ÜSKÜDAR İSTANBUL;(216) 3218282;www.hatkim.com.tr;hatkim.com.tr;İMİB - İstanbul Maden İhracatçıları Birliği
HAVEX ULUSLARARASI TAŞIMACILIK VE DIŞ TİC.LTD.ŞTİ.;TALATPAŞA MH.AKIŞLI SK.NO:20/02 KAĞITHANE İSTANBUL;(212) 2107252;www.havex.com.tr;havex.com.tr;İMİB - İstanbul Maden İhracatçıları Birliği
HAYAT KABLO SAN. VE TİC. A.Ş.;BARIŞ MAH. ANİBAL CAD. NO:25/1 GEBZE KOCAELİ;(262) 6660014;www.hayatkablo.com;hayatkablo.com;İMİB - İstanbul Maden İhracatçıları Birliği
HAYAT KALIP İMALAT SANAYİ VE TİCARET LTD. ŞTİ.;ŞEYHLİ MAH. KAYNARCA CAD. NO:15/1 PENDİK İSTANBUL;(216) 6270142;www.hayatkalip.com.tr;hayatkalip.com.tr;İMİB - İstanbul Maden İhracatçıları Birliği
HAYTAS DOKUM SANAYI VE TICARET A.S.;Y.DUDULLU IMES SAN. SIT. DBLOK 401 SOKAK NO:5 ÜMRANİYE İSTANBUL;02163651056;www.haytas.com.tr;haytas.com.tr;İMİB - İstanbul Maden İhracatçıları Birliği
HAZ MERMER SANAYİ VE TİCARET ANONİM ŞİRKETİ;TORBALI KEMALPAŞA YOLU 6.KM TORBALI İZMİR;(232) 8690100;www.haztas.com;haztas.com;İMİB - İstanbul Maden İhracatçıları Birliği
HAZAR ARITIM PROJE VE İNŞ. TAAH. SAN. VE TİC. A.Ş.;TAKSIM CAD. NO:65 KAT:2/3 BEYOĞLU İSTANBUL;02122568490;www.hazar.gen.tr;hazar.gen.tr;İMİB - İstanbul Maden İhracatçıları Birliği
HAZNEDAR YATIRIM VE PAZARLAMA A.Ş.;BÜYÜK ÇAVUŞLU BELDESI.SAZLIDERE MEVKİİ BÜYÜKÇAVUŞLU SİLİVRİ İSTANBUL;02127453505;www.hazref.com;hazref.com;İMİB - İstanbul Maden İhracatçıları Birliği
HBM PROJECT DIŞ TİCARET LİMİTED ŞİRKETİ;ORTA MH. SOĞANLIK D-100 KUZEY YAN YOL CD. NO:26/1 KAPI NO:21 KARTAL İSTANBUL;(216) 5192015;www.hbmproject.com;hbmproject.com;İMİB - İstanbul Maden İhracatçıları Birliği
HCSI ULUSLARARASI HİZMETLER VE İNŞAAT ANONİM ŞİRKETİ;MOB MALSAK MH SUMER SK NO:4/K:5 SARIYER İSTANBUL;(212) 9248711;www.blharbert.com;blharbert.com;İMİB - İstanbul Maden İhracatçıları Birliği
HEKİMHAN MADENCİLİK İTHALAT İHRACAT SANAYİ VE TİCARET ANONİM ŞİRKETİ;HORASAN SOK. NO.24 GAZİOSMANPAŞA(GOP) ÇANKAYA ANKARA;(312) 4471700;www.hekimhanmadencilik.com.tr;hekimhanmadencilik.com.tr;İMİB - İstanbul Maden İhracatçıları Birliği
HENIEN DIŞ TİCARET LTD. ŞTİ.;ORG. SAN. BÖL. 4. CAD. YUKARI DUDULLU NO.6/2 ÜMRANİYE İSTANBUL;;www.henien.com;henien.com;İMİB - İstanbul Maden İhracatçıları Birliği
HEPŞEN KİMYA SANAYİ VE TİCARET ANONİM ŞİRKETİ;15 TEMMUZ MAHALESİ BAHAR CADDESİNUROL PARK SİTESİ JANDARMA BLOK N:43 K:15 D:153/154 BAĞCILAR İSTANBUL;02163489921;www.hepsenkimya.com.tr;hepsenkimya.com.tr;İMİB - İstanbul Maden İhracatçıları Birliği
HERA GLOBAL CELIK BORU TICARET LIMITED SIRKETI;S.GUTLU CESME MAH. . HALKALI CAD. NO: 257 KÜÇÜKÇEKMECE İSTANBUL;(212) 4707372;www.heracelik.com.tr;heracelik.com.tr;İMİB - İstanbul Maden İhracatçıları Birliği
HERAEUS ELECTRO NITE TERMOTEKNİK SANAYİ VE TİCARET ANONİM ŞİRKETİ;1 ORGANIZE SAN. BOL. DAĞISTAN CAD. NO:15 SİNCAN ANKARA;(312) 2670888;www.electro-nite.com;electro-nite.com;İMİB - İstanbul Maden İhracatçıları Birliği
HES HACILAR ELEKTRİK SANAYİ VE TİCARET ANONİM ŞİRKETİ;ERCIYES MAH HES CAD.NO:22 HACILAR KAYSERİ;(352) 2074500;www.hes.com.tr;hes.com.tr;İMİB - İstanbul Maden İhracatçıları Birliği
HEXPOL İZMİR POLİMER SANAYİ VE TİCARET ANONİM ŞİRKETİ;KAZIMDİRİK MAH. ORD. PROF. DR. MUHİDDİN EREL CAD.NO:48 BORNOVA İZMİR;(216) 5404866;www.kabkom.com.tr;kabkom.com.tr;İMİB - İstanbul Maden İhracatçıları Birliği
HEZA KİMYA DANIŞMANLIK SANAYİ VE TİCARET LİMİTED ŞİRKETİ;CUMHURİYET MAH GÜVEN SOK BOZBEY APT NO:2 KAPI NO:1B 16210 NİLÜFER BURSA;(224) 0000000;http://www.hezakimya.com.tr/;hezakimya.com.tr;İMİB - İstanbul Maden İhracatçıları Birliği
HITEC ELECTRIC ELEKTRONIK TICARET LİMİTED ŞİRKETİ;ALADDİN BEY MAHALLESİ 613 SOKAK NO:7-A NİLÜFER BURSA;(224) 2709033;www.hitecelectric.com.tr;hitecelectric.com.tr;İMİB - İstanbul Maden İhracatçıları Birliği
HİKMET AKSÔZ YAPI PVC ALÜMİNYUM SİSTEMLERİ İTHALAT İHRACAT SANA YI VE TİCARET LİMİTED;BATTALGAZİ MH.YADİGAR SK. NO:2-6A SULTANBEYLİ İSTANBUL;(216) 4193040;www.aksozyapipvc.com;aksozyapipvc.com;İMİB - İstanbul Maden İhracatçıları Birliği
HİSAR DOĞALTAŞ MERMER SANAYİ VE TİCARET LİMİTED ŞİRKETİ;BÖĞÜRTLEN MAH. BÖĞÜRTLEN SOK. NO:83 SİVRİHİSAR ESKİŞEHİR;(222) 7176109;www.hisarmermer.com.tr;hisarmermer.com.tr;İMİB - İstanbul Maden İhracatçıları Birliği
HİTİT DOĞALTAŞ SAN. TİC. A.Ş.;CUMHURİYET MAHALLESİ MALATYA CAD.HAZARDAĞLI PLAZA NO: 58 / 302 MERKEZ ELAZIĞ;;www.hititmarble.com;hititmarble.com;İMİB - İstanbul Maden İhracatçıları Birliği
HLM TRADE CO DANIŞMANLIK HİZMETLERİ LTD. ŞTİ.;BARBAROS MAH. BEGONYA SOK. NIDA KULE NO: K.NO:2 ATAŞEHİR İSTANBUL;(216) 0000000;http://www.hlmtrade.com;hlmtrade.com;İMİB - İstanbul Maden İhracatçıları Birliği
HM KOROZYON MÜHENDİSLİK MÜŞAVİRLİK OTOMATİV SANAYİ VE TICARET LİMİTED ŞİRKETİ;TOPÇULAR CD CENGAVER SK NO:1 EYÜP İSTANBUL;(212) 6130152;www.hmkorozyon.com;hmkorozyon.com;İMİB - İstanbul Maden İhracatçıları Birliği
HOBI SERAMIK SANAYİ VE TICARET LİMİTED ŞİRKETİ;DUNYA SAGLIK SOK OPERA ISMERKEZI NO:43 D:4 BEYOĞLU İSTANBUL;(212) 2529261;www.hobiseramik.com;hobiseramik.com;İMİB - İstanbul Maden İhracatçıları Birliği
HOMATEKS TURZ.VE OTEL MALZM. PAZ. SAN.VE TİC. A.Ş.;PERPA ISM. B BLOK K.13 NO.2538 ŞİŞLİ İSTANBUL;(212) 3203255;www.homateks.com.tr;homateks.com.tr;İMİB - İstanbul Maden İhracatçıları Birliği
HOS MERMER DIŞ TİCARET ANONİM ŞİRKETİ;BOSTANCI MAH. BAĞDAT CAD. BENLILER APT NO:513 İÇ KAPI NO:4 PK:34734 KADIKÖY İSTANBUL;;www.hosmarble.com;hosmarble.com;İMİB - İstanbul Maden İhracatçıları Birliği
HP MERMER İNŞAAT ENERJİ ANONİM ŞİRKETİ;CUMHURİYET MAH. HÜKMÜ PEKER CAD. NO:4/A SİNCAN ANKARA;(312) 6465187;www.hpmarble.com;hpmarble.com;İMİB - İstanbul Maden İhracatçıları Birliği
HSC ARITIM SANAYİ VE TİCARET ANONİM ŞİRKETİ;AVCILAR FİRUZKÖY MAH. FİRUZKÖY BULV. NO.124/1 AVCILAR İSTANBUL;(212) 4447472;www.hsc.com.tr;hsc.com.tr;İMİB - İstanbul Maden İhracatçıları Birliği
HSR MERMER SANAYİ VE TİCARET A.Ş.;ÇAMLIK MAH. CİVAN SOKAK NO: 71/4 ÜMRANİYE İSTANBUL;(216) 3566464;www.hsrmermer.com;hsrmermer.com;İMİB - İstanbul Maden İhracatçıları Birliği
HUM MÜHENDİSLİK VE TİCARET LTD.ŞTİ.;ATAŞEHİR BULVARI ATA PLAZA 2/3 DAİRE:15 ATAŞEHİR İSTANBUL;(216) 4563703;www.hum.com.tr;hum.com.tr;İMİB - İstanbul Maden İhracatçıları Birliği
HUQQA GIDA İŞLETMELERİ SANAYİ VE TİCARET ANONİM ŞİRKETİ;YENİBOSNA MERKEZ MAHALLESİ SEDİR SOKAK NO:7 KAT:1 BAHÇELİEVLER İSTANBUL;(212) 6526222;www.huqqa.com;huqqa.com;İMİB - İstanbul Maden İhracatçıları Birliği
HÜRCAN MOBİLYA SAN.VE TİC.LTD.ŞTİ.;HADIMKÖY MAH. 75. YIL CAD. NO : 26 / C ARNAVUTKÖY İSTANBUL;(212) 8867979;www.hurcanmobilya.com;hurcanmobilya.com;İMİB - İstanbul Maden İhracatçıları Birliği
HÜRMER MADENCİLİK VE DIŞ TİCARET LİMİTED ŞİRKETİ;ORGANIZE SAN. BÖLG. 1. CAD. NO:4 MERKEZ KÜTAHYA;(274) 2662201;www.hurok.com;hurok.com;İMİB - İstanbul Maden İhracatçıları Birliği
HÜROK MERMER İNŞAAT SANAYİ VE TİCARET ANONİM ŞİRKETİ;ORG. SAN. BÖLG. 1. CAD. NO:4 MERKEZ KÜTAHYA;(274) 2662201;www.hurok.com;hurok.com;İMİB - İstanbul Maden İhracatçıları Birliği
HÜRSAN EV CİHAZLARI ISI SANAYİ VE TİCARET ANONİM ŞİRKETİ;YENİ MAHALLE HEKİMSUYU CADDESİ NO:21/ A GAZİOSMANPAŞA İSTANBUL;(212) 2111130;www.hursansomine.com;hursansomine.com;İMİB - İstanbul Maden İhracatçıları Birliği
HÜSEYİN AVNİ KELEŞOĞLU MERMER SANAYİ VE TİCARET LİMİTED ŞİRKETİ;BEYLİKDÜZÜ MERMERCİL SAN.SİT. 4. CAD.NO.9/11 BEYLİKDÜZÜ İSTANBUL;02128751505;www.hakmer.com.tr;hakmer.com.tr;İMİB - İstanbul Maden İhracatçıları Birliği
IBD DIŞ TİCARET ANONİM ŞİRKETİ;YAHYAKAPTAN MH. ŞEHİT ALİ İHSAN ÇAKMAK SK. NO:46 İÇ KAPI NO:6 İZMİT KOCAELİ;(262) 2555965;www.ibd.company;ibd.company;İMİB - İstanbul Maden İhracatçıları Birliği
IFF AROMA ESANS SANAYİ VE TİCARET ANONİM ŞİRKETİ;GEBZE ORGANIZE SANAYI BOLGESIIIHSAN DEDE CAD. 1100. SOK. NO:1102 GEBZE KOCAELİ;(262) 6770777;www.iff.com;iff.com;İMİB - İstanbul Maden İhracatçıları Birliği
ILG AKUSTIK IZOLAS.MALZ.SAN.VE TIC.LTD.STI.;CAGATAY CD.GUNDEN SK.NO.15 KARTAL İSTANBUL;02163871107;www.ilgltd.com;ilgltd.com;İMİB - İstanbul Maden İhracatçıları Birliği
ILGIN ÖZEL BOYA OTOMOTİV SANAYİ VE DIŞ TİCARET LİMİTED ŞİRKETİ;KEMALPAŞA MAAHLLESİ NAMIK KEMAL CADDESİ NO:146 BAĞCILAR İSTANBUL;(212) 6717365;www.ilginboya.com;ilginboya.com;İMİB - İstanbul Maden İhracatçıları Birliği
IMCD TİCARET PAZARLAMA VE DANIŞMANLIK LİMİTED ŞİRKETİ;IÇERENKÖY MAH. UMUT SK. AND OFIS NO: 10 -12 IÇ KAPI ATAŞEHİR İSTANBUL;(216) 4254800;https://www.imcdgroup.com/en/worldwide/turkey-tr;imcdgroup.com;İMİB - İstanbul Maden İhracatçıları Birliği
IMERYS SERAMİK HAMMADDELERİ SANAYİ VE TİCARET ANONİM ŞİRKETİ;YENİŞEHİR MAH. BARAJ YOLU CAD. BOF PLAZA KAT:6 NO:23 D.14-15 ATAŞEHİR İSTANBUL;(216) 4667515;www.imerys.com;imerys.com;İMİB - İstanbul Maden İhracatçıları Birliği
IMPAC GROUP MAKINA INSAAT SANAYI VE TICARET LIMITED SIRKETI;SANAYİ MH ALBAY SK NO:8 GÜNGÖREN İSTANBUL;(212) 6536008;www.omsokulmobilyalari.com;omsokulmobilyalari.com;İMİB - İstanbul Maden İhracatçıları Birliği
INSTEEL ÇELİK VE PREFABRİK YAPILAR A.Ş.;KÖSELER 29. CD NO:20 ÜMRANİYE İSTANBUL;(216) 3748019;www.insteel.com.tr;insteel.com.tr;İMİB - İstanbul Maden İhracatçıları Birliği
INTERNATIONAL PAINT PAZARLAMA LTD. ŞTI.;SANIYE ERMUTLU SOK. SASMAZPLAZA. NO:8 K:4 KADIKÖY İSTANBUL;02164454440;www.internationalpaint.com;internationalpaint.com;İMİB - İstanbul Maden İhracatçıları Birliği
ISLER MAKINA IMALAT SAN.VE TIC LTD.STI.;İSTANBUL TUZLA OSB. 2. CD. NO:31 TUZLA İSTANBUL;(216) 5931753;www.islermakine.com;islermakine.com;İMİB - İstanbul Maden İhracatçıları Birliği
İBC DIŞ TİCARET ANONİM ŞİRKETİ;BARBAROS MAH.AK ZAMBAK SOK.UPHILL TOWERS NO:3A/139 ATAŞEHİR İSTANBUL;(212) 2170560;http://www.uskonsept.com.tr;uskonsept.com.tr;İMİB - İstanbul Maden İhracatçıları Birliği
İBM MERMER MOBİLYA TEKS. TURZ. VE GIDA SAN. TİC. LTD. ŞTİ.;BARBAROS HAYRETTİN PAŞA MH.1993 SK. HAN 1/A BLOK NO:12A/16 ESENYURT İSTANBUL;;www.ibmstone.com;ibmstone.com;İMİB - İstanbul Maden İhracatçıları Birliği
İBRAHİM DEMİRCİ;MİMAR HAYRATTİN MAH. SİNEKLİ MEDRESESOKAK NO:3/306 FATİH İSTANBUL;(212) 6032461;www.ebrulialyans.com;ebrulialyans.com;İMİB - İstanbul Maden İhracatçıları Birliği
İBRİCE MADEN İŞLETMELERİ TİCARET VE SANAYİ ANONİM ŞİRKETİ;YAVUZ MAH.PESTEMALCI CAD.BAYKENT APT.172/B TEKİRDAĞ TEKİRDAĞ;02822615276;www.pullukcu.com;pullukcu.com;İMİB - İstanbul Maden İhracatçıları Birliği
İÇDAŞ ÇELİK ENERJİ TERSANE VE ULASIM SANAYİ A.Ş.;İÇDAŞ PLAZA MAHMUTBEY MAH. DİLMENLER CAD. NO:20 MAHMUTBEY MAHMUTBEY BAĞCILAR İSTANBUL;(212) 6040404;www.icdas.com.tr;icdas.com.tr;İMİB - İstanbul Maden İhracatçıları Birliği
İHSANOĞULLARI MADENCİLİK NAKLİYAT İNŞAAT HUBUBAT İTHALAT İHRACAT SANAYİ VE TİCARET LİMİTED ŞİRKETİ;GAZİBEYLİ MAH. ŞEHİT ADEMKOYUNCU CAD. NO: 8 İÇ KAPI NO: 41 YAHYALI KAYSERİ;(352) 0000000;http://www.ihsanogullarimaden.com/;ihsanogullarimaden.com;İMİB - İstanbul Maden İhracatçıları Birliği
İKİTEKNİK YAPI SAN. VE TİC.LTD.ŞTİ.;ÜÇEVLER MH.SANAYİ SİT.77.SK. NO:1/E NİLÜFER BURSA;(224) 4417689;www.ikiteknikyapi.com;ikiteknikyapi.com;İMİB - İstanbul Maden İhracatçıları Birliği
İLAN MADENCİLİK SANAYİ VE TİC.A.Ş.;BALMUMCU MAH. BARBAROS BULV. MORBASAN SOK. KOZA İŞ MRKZ. C BLOK NO:14 BEŞİKTAŞ İSTANBUL;(212) 7082115;www.ilbak.com.tr;ilbak.com.tr;İMİB - İstanbul Maden İhracatçıları Birliği
İLBE MİNERAL PETROL ÜRÜNLERİ SANAYİ VE TİCARET LİMİTED ŞİRKETİ;EMEK MAH. 66. SOK NO.19/3 ÇANKAYA ANKARA;(312) 2220183;www.ilbemineral.com;ilbemineral.com;İMİB - İstanbul Maden İhracatçıları Birliği
İLHAN BERKAY KOÇAK;BAHÇEŞEHİR 2. KISIM OKYANUS CAD. FUNDA 03.05.E 10 NO 19 KAPI NO K 1 BAŞAKŞEHİR İSTANBUL;;www.bosschemicals.com.tr;bosschemicals.com.tr;İMİB - İstanbul Maden İhracatçıları Birliği
İLKER NAVDAR;SEYİDNİZAM MAH. DEMİRCİLER SİTESİ 3.YOL NO:8 ZEYTİNBURNU İSTANBUL;(212) 6359963;www.navdarmetal.com;navdarmetal.com;İMİB - İstanbul Maden İhracatçıları Birliği
İLPEN KALEMCİLİK PLASTİK SANAYİ VE TİCARET LİMİTED ŞİRKETİ;YAVASCA SAHIN S. KRISTAL HAN3/206 İSTANBUL;02125280294;www.ilpen.com.tr;ilpen.com.tr;İMİB - İstanbul Maden İhracatçıları Birliği
İLTAŞ İNŞAAT GIDA MADENCİLİK TEKSTİL ELEKTRİK SAĞLIK İTHALAT İHRACAT SANAYİ VE TİCARET A.Ş.;BİRLİK MAH.415.CAD. 416 SOK. NO:13 GAZİOSMANPAŞA(GOP) ÇANKAYA ANKARA;(312) 4950606;www.iltasmarble.com.tr;iltasmarble.com.tr;İMİB - İstanbul Maden İhracatçıları Birliği
İLTEKNO İLERI TEKNOLOJİ MUHENDİSLİK VE TİCARET ANONİM ŞİRKETİ;KORE ŞEHİTLERİ CADDESİ NO:53 ZİNCİRLİKUYU ŞİŞLİ ŞİŞLİ İSTANBUL;02122967740;www.iltekno.com;iltekno.com;İMİB - İstanbul Maden İhracatçıları Birliği
İMPEKS GRUP İNŞAAT İTHALAT İHRACAT SANAYİ TİCARET LİMİTED ŞİRKETİ;CEVİZLİ MH ZUHAL CD RİTİM İSTANBUL B BLOK NO:44/44 MALTEPE İSTANBUL;(216) 3925458;www.impeks-grup.com;impeks-grup.com;İMİB - İstanbul Maden İhracatçıları Birliği
İMRAN MERCAN;YEŞİLCE MAH.YUNUS EMRE CAD.FİZAN N:44.LEVENT ŞİŞLİ İSTANBUL;(212) 2824692;www.mercanpad.com;mercanpad.com;İMİB - İstanbul Maden İhracatçıları Birliği
İNANÇ YAPIŞKANLI BANTLAR AMBALAJ İMALAT SANAYİ VE TİCRET ANONİM ŞİRKETİ;BEYLİKDÜZÜ OSB MAH. 8 CAD. 30/1 BEYLİKDÜZÜ İSTANBUL;(212) 8790978;www.inancbant.com;inancbant.com;İMİB - İstanbul Maden İhracatçıları Birliği
İNDEKS SERAMİK SANAYİ VE TİCARET LİMİTED ŞİRKETİ;FİRÜZKÖY MAH. FİRÜZKÖY BULVARI BLV. 116 A AVCILAR İSTANBUL;(212) 4280015;www.indexbm.com;indexbm.com;İMİB - İstanbul Maden İhracatçıları Birliği
İNDUSTRIE BITOSSI MİNERAL SANAYİ A.Ş;BARIŞ MAHALLESİ 1801/2 SOKAK NO:15 GEBZE KOCAELİ;(262) 6461492;www.colorobbia.com.tr;colorobbia.com.tr;İMİB - İstanbul Maden İhracatçıları Birliği
İNDÜKSAN MAKİNE SAN. VE TİC. LTD. ŞTİ.;DES SANAYİ SİT. A-4 BLOK NO.42 102.SÖĞÜT SOK.NO:14 KAT:2 ESENŞEHİR ÜMRANİYE İSTANBUL;(216) 5278354;www.induksan.com;induksan.com;İMİB - İstanbul Maden İhracatçıları Birliği
İNOKSAN MUTFAK SANAYİ VE TİCARET A.Ş.;IŞINTEPE OSB MH. EFLATUN CD. NO:5 NİLÜFER BURSA;(224) 2436123;www.inoksan.com.tr;inoksan.com.tr;İMİB - İstanbul Maden İhracatçıları Birliği
İNOKSAN SATIŞ PAZARLAMA SANAYİ VE TİCARET A.Ş.;YENİ YALOVA YOLU 6.KM NO:415 / D OSMANGAZİ BURSA;(224) 2947474;www.inoksan.com;inoksan.com;İMİB - İstanbul Maden İhracatçıları Birliği
İNSİA YAPI LİMİTED ŞİRKETİ;MAHMUTBEY MAH. TAŞOCAĞI YOLU CAD. NO:33/1 B BLOK NO:99 BAĞCILAR İSTANBUL;(212) 8924892;http://www.insia.com.tr;insia.com.tr;İMİB - İstanbul Maden İhracatçıları Birliği
İNTAYA İNTES İNŞAAT TAAHHÜT YATIRIM TİCARET ANONİM ŞİRKETİ;İZEETPAŞA MAH. YENİYOL CAD. NO:3 İÇKAPI:172 ŞİŞLİ İSTANBUL;(212) 2172941;www.intayaintes.com.tr;intayaintes.com.tr;İMİB - İstanbul Maden İhracatçıları Birliği
İNTER MEDİCAL GLASS SAĞLIK HİZM. İÇ VE DIŞ TİC. LTD. ŞTİ.;ATAKENT MAH. 1. ETAP KUTLUTAŞ A-6 BLOK K:10 D:43 HALKALI KÜÇÜKÇEKMECE İSTANBUL;(212) 4954041;www.intermedicalglass.com;intermedicalglass.com;İMİB - İstanbul Maden İhracatçıları Birliği
İNTERFAB ENDÜSTRİYEL KİMYA SANAYİ TİCARET LİMİTED ŞİRKETİ;HATİP MAHALLESİ GÜNDÜZ SEFASI SOKAK NO : 10 E 13 ÇORLU TEKİRDAĞ;(850) 8851227;http://www.interfabkimya.com;interfabkimya.com;İMİB - İstanbul Maden İhracatçıları Birliği
İNTERNİ DIŞ TİC.LTD.ŞTİ.;DİKİLİTAŞ MAH. AYAZMA DERE CAD.MEDYA PLAZA K:7 BEŞİKTAŞ İSTANBUL;(212) 2414030;www.interni.com.tr;interni.com.tr;İMİB - İstanbul Maden İhracatçıları Birliği
İNTERVO DIŞ TİCARET VE MÜMESSİLLİK LİMİTED ŞİRKETİ;NİSPETİYE CAD. AKMERKEZ B3BLOK KAT.1 ETİLER BEŞİKTAŞ İSTANBUL;(212) 2821900;www.intervoltd.com;intervoltd.com;İMİB - İstanbul Maden İhracatçıları Birliği
İNTROGEN KİMYA VE BİYOLOJİ ÜRÜNLERİ SAN. VE TİC. LTD. ŞTİ.;YAKUPLU MAH. 228.SOK. NO:14ATA İŞ MERKZ. K:3 YAKUPLU BEYLİKDÜZÜ İSTANBUL;(212) 8751112;www.introgen.com.tr;introgen.com.tr;İMİB - İstanbul Maden İhracatçıları Birliği
İPEKSAN DIŞ TİCARET LTD. ŞTİ.;KALEICI M.SARAY VIZE YOLU NO.61GOKCE ALI TREN IST.YANI ÇATALCA İSTANBUL;02127895643;www.silkcoat.com;silkcoat.com;İMİB - İstanbul Maden İhracatçıları Birliği
İRİS İNŞAAT TURİZM SAN. VE TİC. A.Ş.;KERESTECİLER SAN. SİT. 19. SOK. NO:22/24 İKİTELLİ BAŞAKŞEHİR İSTANBUL;(212) 6704930;www.irisinsaat.com.tr;irisinsaat.com.tr;İMİB - İstanbul Maden İhracatçıları Birliği
İSLAMOĞLU ÇEVRE DANIŞMANLIK GERİ DÖN.MAK.TEKS.NAK.TUR.İNŞ.GID.SAN. VE TİC.LTD.ŞTİ.;GEÇİT MH.2. GÜNDOĞDU SK.NO:120 OSMANGAZİ BURSA;(224) 2437500;www.islamoglucevredanismanlik.com.tr;islamoglucevredanismanlik.com.tr;İMİB - İstanbul Maden İhracatçıları Birliği
İSMAİL ÇATALKAYA;İSTOÇ MAHMUTBEY MAH.20.YOL SOK. NO:51 İÇ KAPI NO :1 BAĞCILAR İSTANBUL;(212) 6596444;catalkayatic.com;catalkayatic.com;İMİB - İstanbul Maden İhracatçıları Birliği
İSOREF METALURJİ MALZEM. MAK. VE GERİ DÖN. SAN. VE TİC. A.Ş.;HACI HALİL MAH.1219 SOK.N:1 D:14 GEBZE KOCAELİ;(262) 6434526;www.isoref.com;isoref.com;İMİB - İstanbul Maden İhracatçıları Birliği
İSSE LAZER TEKNOLOJİLERİ ANONİM ŞİRKETİ;İ.O.S.B ESKOOP SAN. SİT. C3 BLOK NO.88-104 BAŞAKŞEHİR İSTANBUL;(212) 6711564;www.lasersos.com.tr;lasersos.com.tr;İMİB - İstanbul Maden İhracatçıları Birliği
İSTANBUL PERGOLA TENTE SİSTEMLERİ İNŞAAT OTO SANAYİ VE DIŞ TİCARET LİMİTED ŞİRKETİ;ATALAR MH. ÇANAKKALE CD. NO:49/1 KARTAL İSTANBUL;(216) 3891010;www.istanbulbalkon.com;istanbulbalkon.com;İMİB - İstanbul Maden İhracatçıları Birliği
İSTANBUL YAPI VE İNŞ. MLZ. PAZ. SAN. TİC. A.Ş.;OSMANİYE MH ÇIRPICI KOŞU YOLU SK NO:3/1 BAKIRKÖY İSTANBUL;(212) 4662800;www.istanbulyapi.com.tr;istanbulyapi.com.tr;İMİB - İstanbul Maden İhracatçıları Birliği
İSTWELD HIRDAVAT TİCARET LİMİTED ŞİRKETİ;İKİTELLİ OSB MH DEMİRCİLER SAN SİT B8 BLOK NO:187A BAŞAKŞEHİR İSTANBUL;;www.isweld.com;isweld.com;İMİB - İstanbul Maden İhracatçıları Birliği
İŞ GLOBAL TEKNİK İNŞAAT ANONİM ŞİRKETİ;RÜZGARLIBAHÇE MH CUMHURİYET CD NO:2 İŞ PLAZA BEYKOZ İSTANBUL;(216) 4252530;www.isholding.com;isholding.com;İMİB - İstanbul Maden İhracatçıları Birliği
İTALGOLD KUYUMCULUK SANAYİ VE TİCARET LİMİTED ŞİRKETİ;MİMAR KEMALETTİN MAH. MESİHPAŞA CAD. NO:72/ELALELİ EMİNÖNÜ/CAĞALOĞLU FATİH İSTANBUL;;www.italgold.com.tr;italgold.com.tr;İMİB - İstanbul Maden İhracatçıları Birliği
İZMAK TURİZM SOĞUTMA VE END. MUTFAK SAN.TİC.LTD.ŞTİ.;FATIH MAH. 140 SOK. NO.7 GAZİEMİR İZMİR;02322815125;www.izmak.com.tr;izmak.com.tr;İMİB - İstanbul Maden İhracatçıları Birliği
İZOMAS KOREZYON KONTROL MÜHENDİSLİK SANAYİ VE TİCARET ANONİM ŞİRKETİ;CUMHURIYET MAH.FATIH CAD.NO:4 KARTAL İSTANBUL;02164514848;www.izomas.com.tr;izomas.com.tr;İMİB - İstanbul Maden İhracatçıları Birliği
JEOPARK JEOLOJİ MADENCİLİK MÜHENDİSLİK BİLGİSAYAR TURİZM DANIŞMANLIK SAN. VE TİC. LTD. ŞTİ.;ERENLER KOÇU KÖYÜ JEOPARK MERMER OCAĞI ORHANELİ BURSA;;www.jeoparkmermer.com;jeoparkmermer.com;İMİB - İstanbul Maden İhracatçıları Birliği
JOTUN BOYA SANAYİ VE TİCARET A.Ş.;BALABANDERE CAD. HILPARK SUITES SİTESİNO:10 İSTİNYE SARIYER İSTANBUL;(212) 2797878;www.jotun.com.tr;jotun.com.tr;İMİB - İstanbul Maden İhracatçıları Birliği
JUMBO EV GEREÇLERİ SAN. VE TİC. A.Ş.;NAMIK KEMAL CAD. ADİLE NAŞİT BULV.NO.40 BEYLİKDÜZÜ İSTANBUL;(212) 4120850;www.jumbo.com.tr;jumbo.com.tr;İMİB - İstanbul Maden İhracatçıları Birliği
KABELOGLU MERMERCİLİK INS.TARIM SAN.VE TIC.LTD.STI.;BOZUYUK YOLU 1.KM. SÖĞÜT BİLECİK;(228) 3614585;www.kabeloglu.com;kabeloglu.com;İMİB - İstanbul Maden İhracatçıları Birliği
KAHE CAM AKSESUARLARI HIRDAVAT SAN. VE TİCARET LTD.ŞTİ.;HÜRRİYET MH.CEMİLBENGÜ CD.N.48A/1 KAĞITHANE İSTANBUL;(212) 5111881;ww.kahe.com.tr;ww.kahe.com.tr;İMİB - İstanbul Maden İhracatçıları Birliği
KAHYAOĞLU MERMER SANAYİ TİCARET LİMİTED ŞİRKETİ;ÇEÇEN SOK. NO:25A DAİRE:150 ACIBADEM 34660 ÜSKÜDAR İSTANBUL;(216) 0000000;www.marbleus.com;marbleus.com;İMİB - İstanbul Maden İhracatçıları Birliği
KAİSER TEKSTİL VE KİMYEVİ ÜRÜN. PAZ. TİC. AŞ;KOSUYOLU MAH. CENAP ŞAHABETTİN SK. NO:44-46 KADIKÖY İSTANBUL;(216) 4280831;www.kaisertekstil.com;kaisertekstil.com;İMİB - İstanbul Maden İhracatçıları Birliği
KALEM KİMYA VE BOYA SANAYİ VE TİCARET LTD.ŞTİ.;ARMAĞANEVLER MAH. SIRT SOK. NO:198 B ÜMRANİYE İSTANBUL;(216) 7666910;www.kalemboya.com;kalemboya.com;İMİB - İstanbul Maden İhracatçıları Birliği
KAL-MET KALİTE METAL DÖK.MAK.MALZ.VE DAN.TİC.LTD.ŞTİ;1.O.S.B DÖKÜMCÜLER SİT.196.SOK(ESKİ 13.SOK.)NO:156 SİNCAN ANKARA;(312) 2670547;www.kalmet.net;kalmet.net;İMİB - İstanbul Maden İhracatçıları Birliği
KALORİ KÖMÜR PETROL MADEN VE DIŞ TİC. SAN. LTD. ŞTİ.;ÇAYIROVA MAH. YAVUZ SULTAN SELİM CAD. NO:99/A ÇAYIROVA KOCAELİ;(262) 7438315;www.kalori.com.tr;kalori.com.tr;İMİB - İstanbul Maden İhracatçıları Birliği
KAMAR GLOBAL PLASTİK A.Ş;SARAY MAH. FATİH SULTAN MEHMET BLV. NO:303/D KAHRAMANKAZAN ANKARA;(312) 8154455;www.vindex.com.tr;vindex.com.tr;İMİB - İstanbul Maden İhracatçıları Birliği
KAMER MERMER ANONİM ŞİRKETİ;ORGANİZE SAN BÖL. 10.CAD. N:36 KOZYATAĞI KADIKÖY İSTANBUL;(352) 3220262;www.kamermarble.com;kamermarble.com;İMİB - İstanbul Maden İhracatçıları Birliği
KAMMER MADEN ENERJİ TİCARET VE SANAYİ LİMİTED ŞİRKETİ;GÜLTEPE MH.53-11 TOPTANCILAR SOK.NO:170 MERKEZ SİVAS;(346) 2261620;www.kammer.com.tr;kammer.com.tr;İMİB - İstanbul Maden İhracatçıları Birliği
KANON YAPI OTOMASYON İNSAAT ELEKTRONİK TEKSTİL AMBALAJ MALZEMELERİ SANAYİ VE TİCARET LTD. ŞTİ.;VEYSEL KARANİ MAHALLESİ ESKİ GEMLİK YOLU CD.NO:280/A OSMANGAZİ BURSA;0(224) 2161133;www.kanonkapi.com;kanonkapi.com;İMİB - İstanbul Maden İhracatçıları Birliği
KAOLİN ENDÜSTRİYEL MİNERALLER SANAYİ VE TİCARET A.Ş.;YENİŞEHİR MAH.TURGUT ÖZAL BULVARI DARENDE İŞ MERKEZİ K:5 D:17 ATAŞEHİR İSTANBUL;(216) 4552312;www.kaolin.com.tr;kaolin.com.tr;İMİB - İstanbul Maden İhracatçıları Birliği
KAPLAN DOĞAL TAŞ MERMER MADENCİLİK SANAYİ VE DIŞ TİCARET LİMİTED ŞİRKETİ;MANSUROĞLU MAH.1593/1 SOK.NO:2 K:2 D:17LİDER CENTRİO A BLOK AVCILAR AVCILAR İSTANBUL;(232) 2900575;www.kaplantiles.com;kaplantiles.com;İMİB - İstanbul Maden İhracatçıları Birliği
KAPLANWIRE TEL VE ÇELİK ÜRÜNLERİ SANAYİ TİCARET ANONİM ŞİRKETİ;HUZUREVLERİ MAH 77132SOK HÜSEYİN ERİP AKAY APT.B BLOK NO:5/2 ÇUKUROVA ADANA;;www.kaplanwire.com.tr;kaplanwire.com.tr;İMİB - İstanbul Maden İhracatçıları Birliği
KARABUDAK PAZARLAMA İTHALAT VE İHRACAT TİCARET LİMİTED ŞİRKETİ;İNÖNÜ MAH. GEBZE PLASTİKÇİLER O.S.B. MAH. 1. CAD. NO:6/1 GEBZE KOCAELİ;(262) 6465262;www.karabudakmakine.com;karabudakmakine.com;İMİB - İstanbul Maden İhracatçıları Birliği
KARACA ZÜCCACİYE TİCARET VE SANAYİ A.Ş.;YAKUPLU MERKEZ MAH.BEYSAN SAN.SİT.BİRLİK CAD.NO.24 YAKUPLU BEYLİKDÜZÜ İSTANBUL;(212) 4124400;www.krc.com.tr;krc.com.tr;İMİB - İstanbul Maden İhracatçıları Birliği
KARAKAYA BENTONIT SANAYI VE TICARET A.S.;KIZILIRMAK MAH.1450.SOK. NO:9/35ULUSOY PLAZA ÇANKAYA ANKARA;(312) 2871782;www.karakaya.com.tr;karakaya.com.tr;İMİB - İstanbul Maden İhracatçıları Birliği
KARALAR YALITIM İZOLASYON İNŞAAT TİC. VE SAN. LTD. ŞTİ.;ŞEKERPINAR MAH. SÜLEYMAN DEMİREL CAD. NO:4 ÇAYIROVA KOCAELİ;;www.karalaryalitim.com.tr;karalaryalitim.com.tr;İMİB - İstanbul Maden İhracatçıları Birliği
KARASU MERMER SANAYİ TİCARET LİMİTED ŞİRKETİ;YEŞİLTEPE MAH.8048 SOK.NO:5 ERENLER SAKARYA;(264) 2767657;www.karasumermer.com.tr;karasumermer.com.tr;İMİB - İstanbul Maden İhracatçıları Birliği
KARASU METAL VE END.MALZ.SAN.LTD.STI.;KEMİKLİDERE MEVKİİ BAĞDAT CAD.MAZİ SOK. NO:10 GÜZELYALI PENDİK İSTANBUL;(216) 4942819;www.karasumetal.com.tr;karasumetal.com.tr;İMİB - İstanbul Maden İhracatçıları Birliği
KARATOPRAK ENDUSTRIYEL TEM.VE AMB.MALZ.SAN.VE TIC.LTD.STI.;ISTOÇ TOPTANCILAR CARŞ. 14. ADA ARNAVUTKÖY İSTANBUL;(212) 6595879;www.karatoprak.com.tr;karatoprak.com.tr;İMİB - İstanbul Maden İhracatçıları Birliği
KARAYAKA ALUMINYUM OTOMASYON INS.SAN.VE TIC.LTD.STI.;ISTIKLAL MAH.CARK SAN.TURKMENSOK NO.12 Merkez SAKARYA;02642731044;www.karayaka.com.tr;karayaka.com.tr;İMİB - İstanbul Maden İhracatçıları Birliği
KARBOSAN ZIMPARA TAŞI SANAYİİ ANONİM ŞİRKETİ;SÖĞÜTLÜÇEŞME ÇEŞME MH HALKALI CD NO:253 KÜÇÜKÇEKMECE İSTANBUL;(212) 6989090;www.karbosan.com.tr;karbosan.com.tr;İMİB - İstanbul Maden İhracatçıları Birliği
KARCHER SERVİS TİCARET ANONİM ŞİRKETİ;MERKEZ MAH. BASIN EKSPRES CAD. AYAZ PLAZA SİTESİNO:5B/7 HALKALI KÜÇÜKÇEKMECE İSTANBUL;(212) 7034444;www.karcher.com.tr;karcher.com.tr;İMİB - İstanbul Maden İhracatçıları Birliği
KAR-DAĞ KARADENİZ GID.DAĞITIM TEMİZLİK VE SAĞLIK ÜRN. SAN VE TİC AŞ.;SAMSUN-ORDU KARAYOLU 14.KM NO:1 TEKKEKÖY SAMSUN;(362) 2560101;www.kardag.com;kardag.com;İMİB - İstanbul Maden İhracatçıları Birliği
KARİYER ÇEVRE PROJE ENERJİ MÜHENDİSLİK DANIŞMANLIK SANAYİ VE TİCARET ANONİM ŞİRKETİ;ODUNLUK MAH AKADEMİ CAD ZENO CENTER N:10 D BLOKK:6 NİLÜFER BURSA;(224) 4514332;www.kariyer.net;kariyer.net;İMİB - İstanbul Maden İhracatçıları Birliği
KAROPAK ENDUSTRIYEL ÜRÜNLER SANAİ VE TİCARET ANONİM ŞİRKETİ;ATAŞEHİR MAH. 8229/2 SOK. NO:17 ÇİĞLİ İZMİR;;www.karopak.com;karopak.com;İMİB - İstanbul Maden İhracatçıları Birliği
KARPEN PLASTİK KAPI VE PENCERE SİSTEMLERİ SANAYİ VE TICARET LİMİTED ŞİRKETİ;KARABAS M.LEYLA ATAKAN CD. NO:6 Merkez KOCAELİ;02623316880;www.kar-pen.com;kar-pen.com;İMİB - İstanbul Maden İhracatçıları Birliği
KARTAL MADENCİLİK MERMER NAKLİYE İNŞAAT SANAYİ VE TİCARET LİMİTED ŞİRKETİ;2 ORGANİZE SANAYİ BÖLGESİ 32/10 MERKEZ BİLECİK;(228) 2170036;www.kartalmaden.com;kartalmaden.com;İMİB - İstanbul Maden İhracatçıları Birliği
KARTAL MERMER DOĞALTAŞLAR SANAYİ VE TİCARET LİMİTED ŞİRKETİ;1. ORGANIZE SANAYI BOLGESI 4. CAD.NO.4 Merkez BİLECİK;(228) 2160236;www.kartalmarble.com;kartalmarble.com;İMİB - İstanbul Maden İhracatçıları Birliği
KASKTAS KAYAR KALIP ALTYAPI SONDAJ VE TICARET A.S.;ENDERUNLU ISMAIL HAKKI BEY SOKAK BALMUMCU MAH NO:1 BEŞİKTAŞ İSTANBUL;(212) 2745800;www.kasktas.com.tr;kasktas.com.tr;İMİB - İstanbul Maden İhracatçıları Birliği
KASPA DIŞ TİCARET A.Ş.;NECİP FAZIL MH. ŞAĞDIÇ SK. NO:4 SAMANDIRA SANCAKTEPE İSTANBUL;(216) 5271527;www.kas.com.tr;kas.com.tr;İMİB - İstanbul Maden İhracatçıları Birliği
KASTONE İTHALAT İHRACAT PAZARLAMA TİC. LTD. ŞTİ.;KOŞUYOLU MH. CENAP ŞAHABETTİN CD. NO:44-46 34718 KADIKÖY İSTANBUL;(216) 4281984;www.kaisertekstil.com;kaisertekstil.com;İMİB - İstanbul Maden İhracatçıları Birliği
KAVALA MİNERAL MADENCİLİK TAŞ. TURİZM SAN. VE TİC. LTD. ŞTİ.;IŞIKLAR KÖYÜ TESTİCİKIRI MEVKİİ ÇANYOLU NO:37 MERKEZ ÇANAKKALE;(286) 2172070;www.kavalatrade.com;kavalatrade.com;İMİB - İstanbul Maden İhracatçıları Birliği
KAYALAR ÇELİK SANAYİ VE TİCARET A. Ş.;TÜRKOBA MAH. KAYALAR CAD. KAYALAR ÇELİK FABRİKASI APT. NO:7/1 BÜYÜKÇEKMECE İSTANBUL;(212) 4445957;www.kayalarmutfak.com.tr;kayalarmutfak.com.tr;İMİB - İstanbul Maden İhracatçıları Birliği
KAYALAR KİMYA SANAYİ VE TİCARET ANONİM ŞİRKETİ;TUZLA KİMYA SAN. ORG. BÖLG. TEM YAN YOL CAD. F-1 BLOK TUZLA İSTANBUL;(216) 5930727;www.kayalarkimya.com.tr;kayalarkimya.com.tr;İMİB - İstanbul Maden İhracatçıları Birliği
KAYI MERMER SANAYİ VE TİCARET LTD.ŞTİ.;HALİL RIFAT PAŞA MAHALLESİ ERKMEN CADDESİ NO: 1 /1 KAT:1 DAİRE:2 ŞİŞLİ İSTANBUL;(212) 2215223;www.kayimarble.com;kayimarble.com;İMİB - İstanbul Maden İhracatçıları Birliği
KAYNAK TEKNIGI SANAYI VE TICARET A.S.;TAYSAT ORG SAN BOLG 2. CAD. NO:5 GEBZE KOCAELİ;(262) 0000000;www.askaynak.com.tr;askaynak.com.tr;İMİB - İstanbul Maden İhracatçıları Birliği
KEFAYET LOJİSTİK NAKLİYAT İNŞ. SAN. VE DIŞ TİC. LTD. ŞTİ.;YAKUPLU MERKEZ MAH. HÜRRİYET BULVARI NO:1 SKYPORT RESİDENCE KAT:5 D:84-85 BEYLİKDÜZÜ İSTANBUL;(212) 8766687;www.kefayat.com;kefayat.com;İMİB - İstanbul Maden İhracatçıları Birliği
KEFELİ MERMER GRANİT SANAYİİ VE DIŞ TİCARET LİMİTED ŞİRKETİ;ALİBEYKÖY MAHALLESİ ATATÜRK CADDESİ NO:!65/1 ALİBEYKÖY EYÜP İSTANBUL;(212) 4274231;www.kefeli.com.tr;kefeli.com.tr;İMİB - İstanbul Maden İhracatçıları Birliği
KELES MERMER SAN.VE TIC.LTD. STI.;KADIR AKDOGAN CD.NO:15 34255 İSTANBUL;02125380618;www.kelesmermer.com;kelesmermer.com;İMİB - İstanbul Maden İhracatçıları Birliği
KEMAL BAŞARAN ENDÜSTRİ A.Ş.;YUKARI DUDULLU KEYAP SİTESİ J1 BLOK NO:39 YUKARIDUDULLU ÜMRANİYE İSTANBUL;(216) 4200909;www.kemalbasaran.com.tr;kemalbasaran.com.tr;İMİB - İstanbul Maden İhracatçıları Birliği
KEMALPAŞA MERMER MADEN SANAYİ VE TİCARET LİMİTED ŞİRKETİ;BAĞDAT CAD. SARI KÖŞK APT.NO:103/2 KADIKÖY İSTANBUL;(216) 4502782;www.oreksmadencilik.com;oreksmadencilik.com;İMİB - İstanbul Maden İhracatçıları Birliği
KENT GLOBAL PARK DIŞ TİCARET ANONİM ŞİRKETİ;PELİN SOK NO: 1 YENİTEPE KADIKÖY SİTESİ 2.ETAP B BLOK D:185 DUMLUPINAR MAH KADIKÖY İSTANBUL;;http://www.kentglobalpark.com;kentglobalpark.com;İMİB - İstanbul Maden İhracatçıları Birliği
KENT KONSEPT YAPIM İNŞAAT SAN. VE TİC. LTD. ŞTİ.;SANAYİ MAH. MİMSAN MOBİLYACILAR SİT. ATATÜRK BULV.5. BLOK NO:6 ESENYURT İSTANBUL;(212) 6722748;www.kentkonsept.com;kentkonsept.com;İMİB - İstanbul Maden İhracatçıları Birliği
KERMİT PLASTİK SANAYİ VE TİCARET ANONİM ŞİRKETİ;CUMHURİYET MAHALLESİ CİHAN SOKAK NO 4/1 ÇAYIROVA KOCAELİ;(262) 6589729;www.kermit.com.tr;kermit.com.tr;İMİB - İstanbul Maden İhracatçıları Birliği
KGD GRAFİT METAL VE ENDÜSTRİ MALZEMELERİ SANAYİ TİCARET LİMİTED ŞİRKETİ;TEPEÖREN MH. ESKİ ANKARA ASFALTI CD. TGM SAN. SİT. G BLOK NO:204/7 TUZLA İSTANBUL;(216) 3788711;www.kgd.com.tr;kgd.com.tr;İMİB - İstanbul Maden İhracatçıları Birliği
KHAMAM KONSEPT DEKORASYON TİCARET LİMİTED ŞİRKETİ;BAHÇEŞEHİR 1.KSM İSKETE ÇIKMAZI SK.CINAR12 VİLLA 23/34 BAHÇEŞEHİR BAŞAKŞEHİR İSTANBUL;(212) 0000000;www.hamamdecor.com;hamamdecor.com;İMİB - İstanbul Maden İhracatçıları Birliği
KIMFOR IZOLASYON YAPI KIM.INŞ. MAD.GID.TIC.LTD.ŞTI.;YUNUSELI MAH.AKYILDIZ CAD.NO.3 OSMANGAZİ BURSA;(224) 2487842;www.termonoc.com;termonoc.com;İMİB - İstanbul Maden İhracatçıları Birliği
KIMSEL KIMYEVI ENDUSTRI HAMMADDELERI SAN.VE TIC.A.Ş;YENİŞEHİR MAHALLESİ TURGUT ÖZAL BULVARI NO:32 ATAŞEHİR İSTANBUL;(216) 5809515;www.kimsel.com;kimsel.com;İMİB - İstanbul Maden İhracatçıları Birliği
KIRMIZI ELMA KIRTASİYE SANAYİ VE TİCARET LİMİTED ŞİRKETİ;ISTOC 18 ADA NO 46 MAHMUTBEY BAĞCILAR İSTANBUL;(212) 6594009;www.kirmizielma.com;kirmizielma.com;İMİB - İstanbul Maden İhracatçıları Birliği
KİLTAŞ REFRAKTER MALZEME SANAYİ TİCARET ANONİM ŞİRKETİ;FEVZİPAŞA MAH. YÜREK SOK. NO.10 SİLİVRİ İSTANBUL;(212) 4443012;www.kiltas.com.tr;kiltas.com.tr;İMİB - İstanbul Maden İhracatçıları Birliği
KİNAN DIŞ TİCARET LİMİTED ŞİRKETİ;BURHANİYE MAH.NEŞET BEY SOK.N:9 ÜSKÜDAR İSTANBUL;(216) 5451306;www.kinanmarble.com;kinanmarble.com;İMİB - İstanbul Maden İhracatçıları Birliği
KİSAN İNŞAAT MÜHENDİSLİK SANAYİ VE TİCARET ANONİM ŞİRKETİ;KARGALI HANBABA O.S.B. MAH. ORGANİZE SANAYİ 2 SOK.NO:18 HENDEK SAKARYA;(212) 9245960;www.kisan.com.tr;kisan.com.tr;İMİB - İstanbul Maden İhracatçıları Birliği
KİSCO YAPI TİCARET ANONİM ŞİRKETİ;YENİŞEHİR MAH. EŞREF BİTLİS BLV. DUMANKAYA TREND15A NO: 5 /1 İÇ KAPI NO: 12 PENDİK İSTANBUL;(216) 0000000;http://kisco.com.tr/;kisco.com.tr;İMİB - İstanbul Maden İhracatçıları Birliği
KİVA KOZMETİK ANONİM ŞİRKETİ;İÇERENKÖY MAH. YEŞİLVADİ SOK. ÖNEREN İŞ MERKEZİ NO:8 ATAŞEHİR İSTANBUL;(216) 5265793;http://www.kivakozmetik.com;kivakozmetik.com;İMİB - İstanbul Maden İhracatçıları Birliği
KLADEX TEL ÜRETİM SANAYİ VE TİCARET A.Ş.;ÇERKEŞLİ O.S.B. MAH. İMES 17 CAD. 16/1 MERKEZ KÖYÜ DİLOVASI KOCAELİ;;www.kladex.com;kladex.com;İMİB - İstanbul Maden İhracatçıları Birliği
KLASMAR MERMER SANAYİ DIŞ TİCARET VE İNŞAAT LİMİTED ŞİRKETİ;ERENKÖY MAH. TELLİKAVAK SK. KORU APT. NO: 22 B KADIKÖY İSTANBUL;(216) 0000000;www.klasmar.com;klasmar.com;İMİB - İstanbul Maden İhracatçıları Birliği
KLM MADENCİLİK SAN. VE TİC. LTD. ŞTİ.;BOZÜYÜK DEVLET YOLU 3. KM. SÖĞÜT BİLECİK;(228) 3614700;www.klmmarble.com.tr;klmmarble.com.tr;İMİB - İstanbul Maden İhracatçıları Birliği
KOCA KİMYA VE DENTAL ÜRÜNLERİ ÜRETİM PAZARLAMA MÜHENDİSLİK MİMARLIK SAN.TİC. LTD. ŞTİ.;2273 CADDE. NO:6 İVEDİKORGANİZESANAYİ YENİMAHALLE ANKARA;(312) 3947633;http://www.akrodent.com;akrodent.com;İMİB - İstanbul Maden İhracatçıları Birliği
KOCAKONAK YAPI ZEMİN SİSTEMLERİ MADEN İNŞAAT SANAYİ VE TİCARET LİMİTED ŞİRKETİ;DOĞANLAR MAH. OKUL SK. NO:6 BORNOVA İZMİR;(232) 3747808;http://www.kocakonakyapi.com;kocakonakyapi.com;İMİB - İstanbul Maden İhracatçıları Birliği
KOÇ TUZ GIDA,LOJİSTİK,MADEN SAN.VE TİC.LTD.ŞTİ.;YEŞİLOVA MAH. 2.SK. NO:15 ŞEREFLİKOÇHİSAR ANKARA;(312) 0000000;www.koctuz.com;koctuz.com;İMİB - İstanbul Maden İhracatçıları Birliği
KOİST ENDÜSTRİYEL MAKİNA SANAYİ VE TİCARET LİMİTED ŞİRKETİ;MEVLANA MAH. SOMA MADEN ŞEHİTLERİBLV.NO:4/1 İÇ KAPI NO:12 GEBZE KOCAELİ;(262) 5036219;http://www.koistendüstriyel.com.tr;koistendüstriyel.com.tr;İMİB - İstanbul Maden İhracatçıları Birliği
KOLGU TEMİZLİK EKİPMANLARI VE METAL SANAYİ DIŞ TİCARET LİMİTED ŞİRKETİ;ORUÇREİS MH VADİ CD NO:170/154 ( GİYİMKENT) ESENLER İSTANBUL;(212) 6594386;www.kolgu.com;kolgu.com;İMİB - İstanbul Maden İhracatçıları Birliği
KOMBA GIDA İMALAT İHRACAT İTHALAT SAN. VE TİC. LTD. ŞTİ.;ATATÜRK MAH. ÇİÇEK SOK.NO:2 D:2 KARESİ BALIKESİR;;www.kombaplas.com;kombaplas.com;İMİB - İstanbul Maden İhracatçıları Birliği
KOMMER MERMER MADEN SANAYİ TİCARET LİMİTED ŞİRKETİ;HÜRRİYET MAH. YILDIZ SOK. NO:4 BAĞCILAR İSTANBUL;;www.kommermer.com;kommermer.com;İMİB - İstanbul Maden İhracatçıları Birliği
KONTAKT GRUP DIŞ TİCARET LİMİTED ŞİRKETİ;DUMLUPINAR MAH. KAYABAŞI SOKAK ÖZGE SİTESİ B BLOK B/B NİLÜFER/BURSA PK:16285 NİLÜFER BURSA;(224) 4835202;thecontacttrade.com;thecontacttrade.com;İMİB - İstanbul Maden İhracatçıları Birliği
KONTROL SISTEML.ELEKTROMEKANIK SAN.VE TIC.LTD.STI.;BOSTANCI YOLU KEYAP SITESI F2BLOK NO.99 ÜMRANİYE İSTANBUL;02165279615;www.kon-sis.com;kon-sis.com;İMİB - İstanbul Maden İhracatçıları Birliği
KONVEYÖR BEYAZ EŞYA VE OTOMOTİV YAN SANAYİ TİCARET ANONİM ŞİRKETİ;ORG.DERİ SAN.BÖLG.FİNİSAJ CAD.NO.3YA-2 81474 TUZLA 81474 TUZLA TUZLA İSTANBUL;02165910101;www.konveyor.com;konveyor.com;İMİB - İstanbul Maden İhracatçıları Birliği
KOROZO AMBALAJ SAN. VE TİC. AŞ;ATATÜRK MAH.ORHAN VELİ CAD.NO:12KIRAÇ KIRAÇ ESENYURT İSTANBUL;(212) 8666666;www.korozo.com.tr;korozo.com.tr;İMİB - İstanbul Maden İhracatçıları Birliği
KORTEK KOROZYON TEKNOLOJİLERİ LTD. ŞTİ.;AHİ EVRAN OSB MAH AKHUN 8 SİNCAN ANKARA;(312) 4418420;www.kortek.com.tr;kortek.com.tr;İMİB - İstanbul Maden İhracatçıları Birliği
KOSAN KOZMETIK PAZARLAMA VE TICARET ANONİM ŞİRKETİ;GEBZE ORGANİZE SANAYİ BÖLGESİ IHSAN DEDE CAD. NO: 133 GEBZE KOCAELİ;(262) 7510333;www.flormar.com;flormar.com;İMİB - İstanbul Maden İhracatçıları Birliği
KOSOVA ZÜCCACİYE İTH. İHR.SAN. VE TİC.LTD.ŞTİ.;SIYAVUSPASA S. ASILSOY ISH.NO.12/24-106 İSTANBUL;02125201028;www.kosovaltd.com;kosovaltd.com;İMİB - İstanbul Maden İhracatçıları Birliği
KOYUNOĞLU MADENCİLİK TURİZM İNŞAAT TİCARET VE SANAYİ ANONİM ŞİRKETİ;CEMALPAŞA MAH. CEVAT YURDAKUL CAD. OĞUZ AYHAN APT. NO:28 K:3/5 SEYHAN ADANA;(322) 4020044;http://www.koyunoglu.com.tr;koyunoglu.com.tr;İMİB - İstanbul Maden İhracatçıları Birliği
KÖROĞLU KARDEŞLER MERMER VE İNŞAAT SANAYİ TİCARET LİMİTED ŞİRKETİ;SARAYLAR BELDESI MARMARA ADASI MARMARA BALIKESİR;(266) 8877001;www.koroglukardesler.com;koroglukardesler.com;İMİB - İstanbul Maden İhracatçıları Birliği
KÖSEDAĞ DIŞ TIC.LTD.ŞTİ.;IST. TUZLA ORG. SAN. BÖLG. 2.CAD. 1ESKI ANKARA YOLU TUZLA İSTANBUL;02165932400;www.kosedag.com;kosedag.com;İMİB - İstanbul Maden İhracatçıları Birliği
KRAL MEDİKAL KOZMETİK TEKSTİL VE TEMİZLİK ÜRÜNLERİ SANAYİ TİCARET LİMİTED ŞİRKETİ;AKSARAY MAH VALIDE CAMI SOK.UYGUN APT.NO:34/4 AKSARAY FATİH İSTANBUL;(212) 5290711;www.kralkozmetik.com;kralkozmetik.com;İMİB - İstanbul Maden İhracatçıları Birliği
KREON AYDINLATMA SANAYİ VE TİCARET ANONİM ŞİRKETİ;ÇATALMEŞE MAH REŞADİYE CAD NO.76 ÇEKMEKÖY İSTANBUL;;www.kreon.com.tr;kreon.com.tr;İMİB - İstanbul Maden İhracatçıları Birliği
KREON MİMARLIK LİMİTED ŞİRKETİ;SULTAN SELİM MAH / HÜMEYRA SOK / NEF09 PLAZA B BLONO:07/58 KAĞITHANE İSTANBUL;(212) 0000000;http://www.kreonmimarlik.com;kreonmimarlik.com;İMİB - İstanbul Maden İhracatçıları Birliği
KROM EVYE SANAYI VE TİCARET A.Ş.;AKÇABURGAZ MH 117 SK NO:19 ESENYURT İSTANBUL;(212) 8865588;www.kromevye.com;kromevye.com;İMİB - İstanbul Maden İhracatçıları Birliği
KROMPRES MUTFAK CİHAZLARI SANAYİ VE TİCARET LTD. ŞTİ.;TEVFİK BEY MH. DR.ALİ DEMİRCİ CD. KOBİ İŞ MRK.NO:51 SEFAKÖY KÜÇÜKÇEKMECE İSTANBUL;(212) 6244048;www.krompres.com;krompres.com;İMİB - İstanbul Maden İhracatçıları Birliği
KSG KIBAR SOYGENC MERMER MADEN INSAAT TAAHHÜT SANAYİ VE TICARET LİMİTED ŞİRKETİ;O.S.B. MAH. MERMERCİLER SAN. SİTESİ5 CAD. NO.2 BEYLİKDÜZÜ İSTANBUL;(212) 8754884;www.ksgmermer.com;ksgmermer.com;İMİB - İstanbul Maden İhracatçıları Birliği
KUBİLAY KİMYA VE BOYA SAN. TİC. LTD. ŞTİ.;ALI AĞA ORG. SAN. BÖL.ERTAÇ KARAGÖZLÜ CAD. NO.6 ALİAĞA İZMİR;02326215001;www.kubilayboya.com;kubilayboya.com;İMİB - İstanbul Maden İhracatçıları Birliği
KUESTA DIS TIC.LTD.STI.;İKİTELLİ OSB MH HÜRRİYET BULVARI DEPARKO SAN SİT NO:6/2-Z İKİTELLİ BAŞAKŞEHİR İSTANBUL;(212) 5535313;www.kuesta.com;kuesta.com;İMİB - İstanbul Maden İhracatçıları Birliği
KUPA TOOLS DIŞ TİCARET A.Ş.;MAHMUTBEY MAH. İSTOÇ 2446 SK.NO:122 BAĞCILAR İSTANBUL;(212) 6090301;www.kupatools.com;kupatools.com;İMİB - İstanbul Maden İhracatçıları Birliği
KURABİ MARPLE İTHALAT İHRACAT VE TİCARET LİMİTED ŞİRKETİ;TEPECİK MAH.BAHÇECİK YOLU CAD. NO:69A İÇ KAPI:1 İSCEHİSAR AFYON;;www.kurabimarble.com;kurabimarble.com;İMİB - İstanbul Maden İhracatçıları Birliği
KURTSAN PAZARLAMA İÇ VE DIŞ TİCARET LİMİTED ŞİRKETİ;SELAHADDİN EYYUBİ MAH. 1596 SK. NO:26 2. EVRENSANAYİ YANI ESENYURT İSTANBUL;(212) 5358999;www.kurtsantarim.com;kurtsantarim.com;İMİB - İstanbul Maden İhracatçıları Birliği
KUTAY LABORATUAR CIHAZLARI TICARET A.S.;LEVENT C. KIRIZANTEM S. NO: 62 levent BEŞİKTAŞ İSTANBUL;02122829700;www.kutaygroup.com;kutaygroup.com;İMİB - İstanbul Maden İhracatçıları Birliği
KUZEY ARITMA MÜHENDİSLİK PROJR SAN. VE TİC. LTD. ŞTİ.;ÜNİVERSİTE MAHALLESİ KOMİSER SOKAK NO:21 A 34310 AVCILAR İSTANBUL;(850) 3465078;www.kuzeyaritma.com;kuzeyaritma.com;İMİB - İstanbul Maden İhracatçıları Birliği
KÜMAŞ MANYEZİT SANAYİ A.Ş.;KISIKLI MAH ALEMDAĞ CAD MASALDAN İŞ MER F BLOK N:60/4 ÜSKÜDAR İSTANBUL;(274) 2250050;www.kumasref.com;kumasref.com;İMİB - İstanbul Maden İhracatçıları Birliği
KÜTÜK MADENCİLİK PAZ.SAN.VE DIŞ TİC.LTD.ŞTİ.;SOĞUKPINAR MAH. BARBAROS BULV. NO:10 ÇEKMEKÖY İSTANBUL;(216) 3124052;www.kutuk.com.tr;kutuk.com.tr;İMİB - İstanbul Maden İhracatçıları Birliği
KÜTÜK MERMER İNŞAAT SANAYİ VE TİCARET ANONİM ŞİRKETİ;MAHIR IZ CAD. NO:20 KAT 3 ALTUNİZADE ÜSKÜDAR İSTANBUL;(216) 4749204;www.kutukstone.com;kutukstone.com;İMİB - İstanbul Maden İhracatçıları Birliği
KÜTÜK MERMER SANAYİ VE TİCARET ANONİM ŞİRKETİ;KISIKLI CAD. AK İŞ MRKZ. NO.2/2 BAĞLARBAŞI ÜSKÜDAR İSTANBUL;(216) 4749900;www.kutuk.com.tr;kutuk.com.tr;İMİB - İstanbul Maden İhracatçıları Birliği
KY MAKİNA HIRDAVAT SAN.VE TİC.LTD.ŞTİ.;PERŞEMBE PAZARI CD NO:25 BEYOĞLU İSTANBUL;(212) 2437547;www.kymakina.com;kymakina.com;İMİB - İstanbul Maden İhracatçıları Birliği
LABNETWORK LABORATUVAR ÇÖZÜMLERİ ANONİM ŞİRKETİ;KAZIMDİRİK MAH.ÜNİVERSİTE CAD.NO:116/12 BORNOVA İZMİR;(232) 5031135;www.labnetwork.com.tr;labnetwork.com.tr;İMİB - İstanbul Maden İhracatçıları Birliği
LABRADOR MADENCİLİK SANAYİ TİCARET ANONİM ŞİRKETİ;ANKARA MERMERCİLER SİTESİ 3706. CAD NO:79 YUVAKÖY MAH YENİMAHALLE ANKARA;(312) 2850600;www.labradormarble.com;labradormarble.com;İMİB - İstanbul Maden İhracatçıları Birliği
LALOĞLU GRUP MADENCİLİK SANAYİ VE TİCARET ANONİM ŞİRKETİ;IŞIKTEPE MAH. FIRTINALI SK. NO:25/A LALOĞLU PLAZA NİLÜFER BURSA;(224) 2537788;www.lalstones.com;lalstones.com;İMİB - İstanbul Maden İhracatçıları Birliği
LAMASAT GROUP DIŞ TİCARET SANAYİ LİMİTED ŞİRKETİ;ALİKUŞÇU MAHALLESİ MACAR KARDEŞLER CADDE NO:40/21 FATİH İSTANBUL;(212) 0683027;www.lamasatgrup.com;lamasatgrup.com;İMİB - İstanbul Maden İhracatçıları Birliği
LAPİS MARBLE MADENCİLİK SAN.VE TİC.LTD.ŞTİ.;FERHATPAŞA MAH.73.SK NO:21/7 ATAŞEHİR ATAŞEHİR İSTANBUL;(216) 4713000;http://www.lapismarblegallery.com;lapismarblegallery.com;İMİB - İstanbul Maden İhracatçıları Birliği
LATRO KİMYA DIŞ TİC. A.Ş.;ATATÜRK SAN.BÖLGESİ İBNİ SİNA CAD. NO.3 K.1 HADIMKÖY(BOYALIK) ARNAVUTKÖY İSTANBUL;(212) 7716036;www.latro.com.tr;latro.com.tr;İMİB - İstanbul Maden İhracatçıları Birliği
LEADCHEM KİMYA SANAYİ VE TİCARET ANONİM ŞİRKETİ;BARBAROS MAH. MOR SÜMBÜL SK. VARYAP MERİDİAN I BLOK NO: 1 İÇ KAPI NO: 161 ATAŞEHİR İSTANBUL;(216) 7841662;www.leadchem.eu;leadchem.eu;İMİB - İstanbul Maden İhracatçıları Birliği
LEONARDO MERMER MADENCİLİK A.Ş.;KOZYATAĞI MAH. BAYAR CAD. ŞEHİT İLKNUR KELEŞ SOK.ANAÇ AKSAKAL PLAZA NO: 10 KAT: 3 34742 KOZYATAĞI KADIKÖY İSTANBUL;(216) 3251915;www.leonardomarble.com;leonardomarble.com;İMİB - İstanbul Maden İhracatçıları Birliği
LEONARDO ORİENT DOĞAL TAŞ SAN. A.Ş.;KOZYATAĞI MAH.BAYAR CAD.ŞEHİT İLKNUR KELEŞ SOK.N:10 AKSAKAL PLZ. K:3 KADIKÖY İSTANBUL;(216) 3251915;www.leonardoorient.com;leonardoorient.com;İMİB - İstanbul Maden İhracatçıları Birliği
LİDA MERMER SANAYİ VE TİCARET LİMİTED ŞİRKETİ;İZ TOWER ORTA MAH. YALNIZ SELVİ CAD. NO : 31 / 121 KARTAL İSTANBUL;(216) 5106014;www.lidamarble.com;lidamarble.com;İMİB - İstanbul Maden İhracatçıları Birliği
LİMRA DOĞAL TAŞ SAN. VE TİC. LTD.ŞTİ.;GEÇİT MAH. 2.GÜNDOĞDU SOKAK NO. 154 OSMANGAZİ BURSA;(224) 2392444;www.limramermer.com;limramermer.com;İMİB - İstanbul Maden İhracatçıları Birliği
LİNORA DIŞ TİCARET LİMİTED ŞİRKETİ;CUMHURİYET MAH. CEVVAL SOK. NO:1/3 IC KAPI NO:183 BUYUKCEKMECE/ISTANBUL CUMHURİYET MAH BÜYÜKÇEKMECE İSTANBUL;(212) 8531318;http://www.linora.com.tr;linora.com.tr;İMİB - İstanbul Maden İhracatçıları Birliği
LİON MEKANİK ELEKTRİK SANAYİ VE DIŞ TİCARET LİMİTED ŞİRKETİ;İKİTELLİ OSB MAH. GİYİM SANATKARLARI SİT. 4C BLOK KAT:5 NO:511 BAŞAKŞEHİR İSTANBUL;(212) 6714474;www.lionelektrik.net;lionelektrik.net;İMİB - İstanbul Maden İhracatçıları Birliği
LİVA FORM METAL SAN.VE TİC.A.Ş.;FETHİYE OSB. MAH. ALİ OSMAN SÖNMEZ BLV. NO:1 NİLÜFER BURSA;(224) 2431114;www.livaformmetal.com;livaformmetal.com;İMİB - İstanbul Maden İhracatçıları Birliği
LİVA GAZ ARMATÜRLERİ SANAYİ VE TİCARET ANONİM ŞİRKETİ;DELİKLİKAYA MH.ÇUBUKLU CD NO:7 ARNAVUTKÖY İSTANBUL;(212) 6716583;www.lva.com.tr;lva.com.tr;İMİB - İstanbul Maden İhracatçıları Birliği
LOBAN ELEKTRİK İTHALAT İHRACAT SANAYİ TİCARET LİMİTED ŞİRKETİ;HADIMKÖY YOLU CAD. NO:18/B HARAÇCI MAH. ARNAVUTKÖY İSTANBUL;(212) 2922167;www.eraylarelektrik.com;eraylarelektrik.com;İMİB - İstanbul Maden İhracatçıları Birliği
LONGRAN ANKASTRE SİSTEMLERİ SAN. TİC. LTD. ŞTİ.;BARBAROS HAYRETTİN PAŞA MAH. 1992. SOK. NO:14/108 ESENYURT İSTANBUL;(212) 8869598;www.ukinox.com.tr;ukinox.com.tr;İMİB - İstanbul Maden İhracatçıları Birliği
LONGRAN MUTFAK CİHAZLARI SANAYİ TİCARET ANONİM ŞİRKETİ;İÇERENKÖY MH ÜSKÜDAR İÇERENKÖY YOLU CD VIP CENTER NO:10 A ESENYURT İSTANBUL;(212) 8869598;www.ukinox.com.tr;ukinox.com.tr;İMİB - İstanbul Maden İhracatçıları Birliği
LUMAR İNŞAAT SANAYİ TİCARET LTD ŞTİ;İKİTELLİ OSB MAH.GİYİM SANATKARLARI 1A BLOK SOK.NO:1 A BLOK İÇ KAPI.306 BAŞAKŞEHİR İSTANBUL;(212) 0000000;www.lumarmarble.com;lumarmarble.com;İMİB - İstanbul Maden İhracatçıları Birliği
M ARTI YAPI İNŞ MALZ PAZ SAN TİC LTD ŞTİ;DEMİRCİLER SİT. 10 CD. NO:80 ZEYTİNBURNU İSTANBUL;(212) 6655277;www.martiyapi.com;martiyapi.com;İMİB - İstanbul Maden İhracatçıları Birliği
M VE N PAZAR ARAŞTIRMA REKLMC. KUY.VE MÜH.HİZM.LTD.ŞTİ.;PERPA TIC.MRK.B BLOK KAT.8NO.1017 OKMEYDANI ŞİŞLİ İSTANBUL;02123207632;www.aquamas.com;aquamas.com;İMİB - İstanbul Maden İhracatçıları Birliği
M.T REKLAM ANONİM ŞİRKETİ;SELİN SOK. CUMHURİYET MAH.NO:1 GEBZE KOCAELİ;02626588880;www.mtdisplays.com.tr;mtdisplays.com.tr;İMİB - İstanbul Maden İhracatçıları Birliği
MACAA DIŞ TİCARET İNŞAAT VE SANAYİ LİMİTED ŞİRKETİ;ATATÜRK MH ERTUĞRUL GAZİ SK METROPOL İSTANBUL SİT C1 BLOK NO:2B/376 ATAŞEHİR İSTANBUL;;www.macaa.com.tr;macaa.com.tr;İMİB - İstanbul Maden İhracatçıları Birliği
MADKİM MADEN VE KİMYA SANAYİ VE TİCARET LİMİTED ŞİRKETİ;YESARİ ASIM ARSOY SOK.SAFA APT.NO:4/36 ERENKÖY KADIKÖY İSTANBUL;(216) 3682327;www.madkim.com.tr;madkim.com.tr;İMİB - İstanbul Maden İhracatçıları Birliği
MAJİSTRAL PHARMA İLAÇ ECZA DEPOSU VE KİMYEVİ ÜRÜNLER SAN. TİC. LTD. ŞTİ.;HARBİYE MAH. ÇETİN EMEÇ BULV.NO:31/E ÇANKAYA ÇANKAYA ANKARA;(312) 0000000;http://www.majistralpharma.com;majistralpharma.com;İMİB - İstanbul Maden İhracatçıları Birliği
MAKRO BOYA VE KIMYA SANAYI TİCARET LİMİTED ŞİRKETİ;AYDINLI MAH.İSTANBUL ANADOLUYAKASI ORG.SAN.BÖLG. 9 .SK NO:4 TEPEÖREN TUZLA İSTANBUL;02165931900;www.makroboya.com;makroboya.com;İMİB - İstanbul Maden İhracatçıları Birliği
MAKRO MERMER MADENCİLİK İNŞAAT İTHALAT İHRACAT VE PAZARLAMA ANONİM ŞİRKETİ;CUMHURİYET MAH.SÜRGÜLÜ SOK.NO:1 SİNCAN ANKARA;(312) 4801771;www.makromermer.com;makromermer.com;İMİB - İstanbul Maden İhracatçıları Birliği
MAMAN MAĞAZACILIK TEKSTİL SANAYİ VE TİCARET LİMİTED ŞİRKETİ;BALAT MAHALLESİ 2. BALAT CADDESİ NO:2 DAİRE 4 NİLÜFER BURSA;(212) 0000000;www.mamonme.com;mamonme.com;İMİB - İstanbul Maden İhracatçıları Birliği
MAMBO MADENCİLİK MÜHENDİSLİK DANIŞMANLIK MERMER MOBİLYA OTOMOTİV İNŞ. SAN. VE TİC. LTD. ŞTİ.;BEŞEVLER MAH. GÜNEŞ CAD. NO.3B/1 NİLÜFER BURSA;(224) 4522526;www.mambomarble.com;mambomarble.com;İMİB - İstanbul Maden İhracatçıları Birliği
MANGAN İNŞAAT TAAHHÜT TİCARET TURİZM VE MÜŞAVİRLİK ANONİM ŞİRKETİ;ŞERİFALİ MAH.MİRAS SK. NO:2 YUKARIDUDULLU ÜMRANİYE İSTANBUL;(216) 4782243;www.mangan.com.tr;mangan.com.tr;İMİB - İstanbul Maden İhracatçıları Birliği
MAPAŞ HIRDAVATÇILIK İTH. VE PAZ. AŞ;İSTANBUL TUZLA OSB 15. CAD NO:03 TEPEÖREN TUZLA İSTANBUL;02165769072;www.mapas.com.tr;mapas.com.tr;İMİB - İstanbul Maden İhracatçıları Birliği
MARBEL MERMER GRANİT İNŞAAT SAN.TİC.İTH. VE İHR.LTD.ŞTİ.;ATATÜRK CAD. NO:161 ALİBEYKÖY EYÜP İSTANBUL;(212) 6271150;www.marbelmermer.com;marbelmermer.com;İMİB - İstanbul Maden İhracatçıları Birliği
MARBELLA NATURAL STONE MADENCİLİK ANONİM ŞİRKETİ;MİTHATPAŞA MAH. SELANİK BUL. NO: 116 EYÜP İSTANBUL;;http://www.marbella.com.tr;marbella.com.tr;İMİB - İstanbul Maden İhracatçıları Birliği
MARBLE BROTHER DIŞ TİCARET LTD.ŞTİ.;HAMZABEY MAH. HACI AHMET CAMİ SOK. NO:2/B MUSTAFAKEMALPAŞA BURSA;(224) 6130999;www.marblebrother.com.tr;marblebrother.com.tr;İMİB - İstanbul Maden İhracatçıları Birliği
MARBLE HANDS İNŞAAT PROJE TAAHHÜT LİMİTED ŞİRKETİ;İCADİYE MAHALLESİ HAŞACI RAİF SOKAK NO:34 D:5 ÜSKÜDAR İSTANBUL;;http://www.marblehands.com;marblehands.com;İMİB - İstanbul Maden İhracatçıları Birliği
MARCO YAPI A.Ş.;FERHATPAŞA MAH. 101. SOK. NO.79 ATAŞEHİR İSTANBUL;(216) 6601101;www.marcoyapi.com;marcoyapi.com;İMİB - İstanbul Maden İhracatçıları Birliği
MARE TRADING DIŞ TİCARET ANONİM ŞİRKETİ;GÖKEVLER MAH. 2312. SK. BURC İSTANBUL SİTESİ18 BLOK NO: 18J İÇ KAPI NO: 53 ESENYURT İSTANBUL;(212) 4001313;http://mare-trade.com;mare-trade.com;İMİB - İstanbul Maden İhracatçıları Birliği
MAREKS MERMER İNŞAAT TAAHHÜT SANAYİ VE TİCARET LİMİTED ŞİRKETİ;ADNAN KAHVECİ MAH YAVUZ SULTAN SELİM BUL. ALTIN KENT BLK. N:17/A K1 B4 BEYLİKDÜZÜ İSTANBUL;(212) 8759268;www.mareksmermer.com;mareksmermer.com;İMİB - İstanbul Maden İhracatçıları Birliği
MAREX PAZARLAMA VE DIŞ TİCARET ANONİM ŞİRKETİ;KAVACIK MAH. YAYA BEYİ SOK. NO:9 İÇ KAPI NO:3 ANADOLUHİSARI BEYKOZ İSTANBUL;(216) 5388150;www.naturelmar.com;naturelmar.com;İMİB - İstanbul Maden İhracatçıları Birliği
MARİTİME DENİZ İNŞAAT ANONİM ŞİRKETİ;BARBAROS MAH. FESLEĞEN SK. B2 BLOK NO: 3 A İÇ KAPI NO: 40 ÜSKÜDAR İSTANBUL;;https://maritimemuhendislik.com;maritimemuhendislik.com;İMİB - İstanbul Maden İhracatçıları Birliği
MARKAMAR MADENCİLİK MÜHENDİSLİK LTD. ŞTİ.;NİŞANTAŞI MAH. SEFA İŞMRK. NO.28/401 SELÇUKLU KONYA;(332) 2330203;www.markamar.com.tr;markamar.com.tr;İMİB - İstanbul Maden İhracatçıları Birliği
MARMARA DOLOMİT A.Ş.;CEBECİ MAH. 2809. SK. NO:10 SULTANGAZİ İSTANBUL;(212) 5941294;www.marmaradolomit.com;marmaradolomit.com;İMİB - İstanbul Maden İhracatçıları Birliği
MARMARA METAL MAMULL.TIC.A.S.;İSTASYON MAH. E-5 ÜSTÜ FATİH OTAĞI SOK. TUZLA İSTANBUL;(216) 4472955;www.marmarametal.com;marmarametal.com;İMİB - İstanbul Maden İhracatçıları Birliği
MARMAX DIŞ TİC. A.Ş.;İDEALTEPE DİK SOK. EKO PLAZA NO:1/A MALTEPE İSTANBUL;(216) 2125505;http://www.marmax.com.tr;marmax.com.tr;İMİB - İstanbul Maden İhracatçıları Birliği
MARMER GRANİT İNŞAAT TAAHHÜT SANAYİ VE TİCARET LİMİTED ŞİRKETİ;ERTUĞRULGAZİ (BEŞEVLER) MH. CUMHURİYET CD. NO:54 KARTEPE KOCAELİ;(262) 0000000;www.marmer.com.tr;marmer.com.tr;İMİB - İstanbul Maden İhracatçıları Birliği
MARMOR MADENCİLİK VE DIŞ TİCARET LİMİTED ŞİRKETİ;AYAZAĞA MAH. MİMAR SİNAN SK. N:21 SEBA OFFİCE BOULEVARD D BLOK K:3 D:24NO:29/10 MAÇKA SARIYER İSTANBUL;(212) 3438197;www.marmor.com.tr;marmor.com.tr;İMİB - İstanbul Maden İhracatçıları Birliği
MARMOREA GIDA TURİZM MADENCİLİK İNŞAAT VE BASIN YAYIN SANAYİ TİCARET LİMİTED ŞİRKETİ;VALİKONAĞI CD.TEŞVİKİYE MH.AKKAVAK SK.NO:20/2 TEŞVİKİYE ŞİŞLİ İSTANBUL;(212) 9315459;www.marmorea.com.tr;marmorea.com.tr;İMİB - İstanbul Maden İhracatçıları Birliği
MARMOREX MERMER MADENCİLİK LİMİTED ŞİRKETİ;KAPIKAYA MÜCAVİR MEVKİİ FIRAT SK. NO: 1 BKAPIKAYA KÖYÜ MERKEZ AMASYA;;http://www.marmorex.com.tr;marmorex.com.tr;İMİB - İstanbul Maden İhracatçıları Birliği
MARPİO MERMER TURİZM MOBİLYA İNŞAAT TEKSTİL VE GIDA SAN.DIŞ TİCARET LTD. ŞTİ.;ESENTEPE MAH. YUNUS EMRE BULVARI GAMAS MOBİLYACILAR SİT. BLOK NO:15-17C SULTANGAZİ İSTANBUL;(212) 6671972;www.marpio.com;marpio.com;İMİB - İstanbul Maden İhracatçıları Birliği
MARS ENDÜSTRİYEL KİMYA İNOVASYON SANAYİ VE TİCARET LİMİTED ŞİRKETİ;YENİŞEHİR MAH.MİLLET CAD.SÜMBÜL SOK.N:6 SWEET LİFE CENTER A BLOK D:35 PENDİK İSTANBUL;(216) 5041800;www.marskimya.com;marskimya.com;İMİB - İstanbul Maden İhracatçıları Birliği
MARS SAAT OPTİK DERİ TURİZM SEYAHAT ORGA. İNŞ. SAN. TİC. A.Ş.;KÜÇÜKBAKKALKÖY MAH.KAYIŞDAĞI CAD.NO :129 GÜVEN PLAZA KAT:3 ATAŞEHİR İSTANBUL;(216) 3109696;www.marsvitrindekor.com;marsvitrindekor.com;İMİB - İstanbul Maden İhracatçıları Birliği
MARSHALL BOYA VE VERNIK SAN. A.S.;DİLOVASI ORG SAN BÖL. 1. KISIM TUNACAD. NO:1 GEBZE KOCAELİ;(262) 7547470;www.marshallboya.com;marshallboya.com;İMİB - İstanbul Maden İhracatçıları Birliği
MARTURA STONES DIŞ TİCARET ANONİM ŞİRKETİ;SARAY FATİH MAH.ÖZAL BULVARI NO:125 SARAYKÖY PURSAKLAR ANKARA;(312) 3993210;www.turanbekisoglu.com;turanbekisoglu.com;İMİB - İstanbul Maden İhracatçıları Birliği
MARZİNC DIŞ TİCARET ANONİM ŞİRKETİ;ÖZ-CE İŞ MERKEZİ HALYOLU ÇAYIR CAD.NO:3 K:2 İÇERENKÖY ATAŞEHİR İSTANBUL;(216) 5777171;www.marzinc.com.tr;marzinc.com.tr;İMİB - İstanbul Maden İhracatçıları Birliği
MASAYA YAPI MALZEMELERİ SANAYİ VE TİCARET LİMİTED ŞİRKETİ;MURATPAŞA MAH FARABİ SOK NO : 1-3 İÇ KAPI NO:1 BAYRAMPAŞA İSTANBUL;(212) 2900533;https://yenifirma.com.tr/firma/masaya-yapi-malzemeleri-sanayi-ve-ticaret-limited-sirketi;yenifirma.com.tr;İMİB - İstanbul Maden İhracatçıları Birliği
MASKİM KOMPOZİT ÜRÜNLER SANAYİ VE TİCARET LİMİTED ŞİRKETİ;VELİBABA MAH. EGEMEN SOKAK NO:2 DOLAYOBA PENDİK İSTANBUL;02163077470;www.maskim.com.tr;maskim.com.tr;İMİB - İstanbul Maden İhracatçıları Birliği
MAYGEN LABORATUVAR HZMETLERİ SANAYİ VE TİCARET LİMİTED ŞİRKETİ;İŞÇİ BLOKLARI MAH.MEVLANA BLV. NO:182/B İÇ KAPI NO84 PK:06530 ÇANKAYA ANKARA;(312) 2205650;www.maygen.com.tr;maygen.com.tr;İMİB - İstanbul Maden İhracatçıları Birliği
MD NETA MÜHENDİSLİK VE İNŞAAT TİCARET LİMİTED ŞİRKETİ;POSTANE MH. RAUF ORBAY CD. RAHMAN SOKAK NO:2/1 TUZLA İSTANBUL;(216) 4470216;https://mdneta.com/;mdneta.com;İMİB - İstanbul Maden İhracatçıları Birliği
MDS SOĞUTMA TEKNOLOJİLERİ GIDA VE İNŞ.SAN.TİC.LTD.ŞTİ.;AKSÖĞÜT SOK.NO:1/1 ŞİRİNTEPE KAĞITHANE İSTANBUL;(212) 3242700;www.mdssogutma.com;mdssogutma.com;İMİB - İstanbul Maden İhracatçıları Birliği
MEB METAL VE BILESIKLERI SANAYI TICARET ANONIM SIRKETI;BARIS MAH. 1804/2 SOK NO.24 GEBZE KOCAELİ;(262) 6417710;www.mebmetal.com;mebmetal.com;İMİB - İstanbul Maden İhracatçıları Birliği
MEBUSA DIŞ TİCARET A.Ş.;MERKEZ MH AKAR CD NO:3 İTOWER PLAZA KAT:9/59 ŞİŞLİ İSTANBUL;(212) 8772415;www.mebusaexport.com;mebusaexport.com;İMİB - İstanbul Maden İhracatçıları Birliği
MED ECZA DEPOSU SANAYİ V E TİCARET ANONİM ŞİRKETİ;TURGUT ÖZAL MAHALLESİ 1467/1 CAD. NO:42/L YENİMAHALLE ANKARA;(312) 9111633;http://www.medeczadeposu.com;medeczadeposu.com;İMİB - İstanbul Maden İhracatçıları Birliği
MED MONTAJ ENERJI TAAH.INS.PETROL DOGALGAZ MUH.DAN. A.S.;2392.CADDE NO 18 BATIKENT YENİ BATI MAHALLESİ 06370 YENİMAHALLE, ANKARA, TÜRKİYE YENİMAHALLE ANKARA;;www.medenergy.com.tr;medenergy.com.tr;İMİB - İstanbul Maden İhracatçıları Birliği
MEDAK DENTAL MEDİKAL TİCARET ANONİM ŞİRKETİ;MECİDİYEKÖY MAH. KERVANGEÇMEZ SOK. NO:9/2İÇ KAPI NO: 6 ŞİŞLİ İSTANBUL;(212) 2884494;http://www.medakmedikal.com.tr;medakmedikal.com.tr;İMİB - İstanbul Maden İhracatçıları Birliği
MEDİCA PONTEM SAĞLIK HİZMETLERİ LİMİTED ŞİRKETİ;LİMAN SOKAK NO:9A YUNUS MAHALLESİ 34860 KARTAL İSTANBUL;;https://www.medicapontem.com;medicapontem.com;İMİB - İstanbul Maden İhracatçıları Birliği
MEDİCAL ECZA DEPOSU LİMİTED ŞİRKETİ;ZÜMRÜTEVLER MAH. HANDEGÜL SK NO : 71/A MALTEPE İSTANBUL;;http://medi?caleczadeposu.com;medi;İMİB - İstanbul Maden İhracatçıları Birliği
MEDİCANA İNŞ.MATB.TEKS.TUR.GIDA EĞT.VE SĞL.HİZ.SAN.VE TİC.A.Ş.;İNKİLAP MAH DR FAZIL KÜÇÜK CAD NO 14/1 ÜMRANİYE İSTANBUL;(216) 6303737;www.medicana.com.tr;medicana.com.tr;İMİB - İstanbul Maden İhracatçıları Birliği
MEDMAR MERMER MADENCİLİK SANAYİ VE TİCARET ANONİM ŞİRKETİ;GAYRETTEPE MAH. YILDIZ POSTA CAD. DPLAZA NO: 52 İÇ KAPI NO: 54 BEŞİKTAŞ İSTANBUL;(212) 2664038;www.medmar.com;medmar.com;İMİB - İstanbul Maden İhracatçıları Birliği
MED-MAR SAGLIK HIZ.GIDA INS. TUR.VE TUZ ISL.SAN.TIC.A.S.;MUTLUKENT MAH. 1978. CAD. NO.14 K.1 ÜMİTKÖY ÇANKAYA ANKARA;(312) 2356246;www.salti.com.tr;salti.com.tr;İMİB - İstanbul Maden İhracatçıları Birliği
MEGA METAL SANAYİ VE TİCARET ANONİM ŞİRKETİ;MECLİSİ MEBUSAN CAD. FINDIKLI HAN N:63 K:2 BEYOĞLU İSTANBUL;(212) 2435454;www.megametal.com;megametal.com;İMİB - İstanbul Maden İhracatçıları Birliği
MEHMET AKDENİZ DIŞ TİC.SAN.OTO İNŞ.GAYRİMEN.MADEN LTD.ŞTİ.;GÜZELCE MAH. D 100 KARAYOLU CAD.NO:957 BÜYÜKÇEKMECE İSTANBUL;(212) 8681555;www.mehmetakdeniz.com.tr;mehmetakdeniz.com.tr;İMİB - İstanbul Maden İhracatçıları Birliği
MEHMET KAPLAN;DENİZKÖŞKLER MAH.DR.SADIK AHMET CAD.HUZUR AP.NO:80 AVCILAR İSTANBUL;(212) 0000000;www.favorisauna.com;favorisauna.com;İMİB - İstanbul Maden İhracatçıları Birliği
MEK KURUMSAL KATI YAKITLAR LİMİTED ŞİRKETİ;TATLISU MAH. ZÜLFİKAR SOKAK ALKOÇ PLAZA NO:2/6 ÜMRANİYE İSTANBUL;(216) 5273262;http://www.ekmstone.com;ekmstone.com;İMİB - İstanbul Maden İhracatçıları Birliği
MEKANİK GROUP MAKİNE ANONİM ŞİRKETİ;İKİTELLİ ORG. SAN. BÖLGESİ TORMAK SANAYİ SİTESİ T BLOK NO:28 BAŞAKŞEHİR İSTANBUL;(212) 4851754;www.mekanikmakina.com.tr;mekanikmakina.com.tr;İMİB - İstanbul Maden İhracatçıları Birliği
MELODİ DIŞ TİCARET LİMİTED ŞİRKETİ;ISTOÇ Z BLOK NO.1 BAĞCILAR İSTANBUL;02126591910;www.melodiltd.com.tr;melodiltd.com.tr;İMİB - İstanbul Maden İhracatçıları Birliği
MELOS KAUCUK VE PLASTİK SAN. TİC. A.Ş.;MURATPAŞA MH.ESKI EDIRNE ASFA.KILIMCI.SAN.SIT.N.1/295 BAYRAMPAŞA İSTANBUL;02126146030;http://www.melos.com.tr;melos.com.tr;İMİB - İstanbul Maden İhracatçıları Birliği
MEPA ENERJİ SİSTEMLERİ SANAYİ VE TİCARET ANONİM ŞİRKETİ;SİTE MAH. SAMANYOLU CAD. KUTLU SOK. NO:1-5A N:191/54 ÜMRANİYE İSTANBUL;(216) 6394260;www.mepaenerji.com;mepaenerji.com;İMİB - İstanbul Maden İhracatçıları Birliği
MEPA IC VE DIS TICARET A.S.;ATATURK MAH. BAHARIYE CAD. NO.2 KÜÇÜKÇEKMECE İSTANBUL;(212) 6984444;www.mepaotomotiv.com;mepaotomotiv.com;İMİB - İstanbul Maden İhracatçıları Birliği
MERAN TIP ÜRÜNLERİ TEKNOLOJİ SAN.VE TİC.LTD.ŞTİ.;BURHANİYE MH.TUNUSLU MAHMUT PAŞA SK.NO:17 ÜSKÜDAR İSTANBUL;(216) 5578755;www.merantip.com;merantip.com;İMİB - İstanbul Maden İhracatçıları Birliği
MERCCO MADEN MERMER VE DIŞ TİC. LTD.ŞTİ.;ÜVEZLİ KÖYÜ CAMİİ MAHALLESİ ÜVEZLİ CADDESİNO 29/A ŞİLE İSTANBUL;(212) 3303801;www.mercco.net;mercco.net;İMİB - İstanbul Maden İhracatçıları Birliği
MERDİVENCİ MERMER VE İNŞAAT SANAYİ TİCARET LİMİTED ŞİRKETİ;ANKARA YOLU 12 KM. MERKEZ AFYON;(272) 2231505;www.merdivencimermer.com;merdivencimermer.com;İMİB - İstanbul Maden İhracatçıları Birliği
MERKİM CHEMİCAL KİMYA GIDA İNŞAAT İTHALAT İHRACAT SANAYİ VE TİCARET LİMİTED ŞİRKETİ;MİNARELİÇAVUŞ MAH. 102.(290) SK. NO:11 NO:1 NİLÜFER BURSA;(224) 3640071;http://www.mer-kim.com;mer-kim.com;İMİB - İstanbul Maden İhracatçıları Birliği
MERKUR ITH.IHR.TIC.LTD.STI.;ORTA MAH. MALTEPE CAD. SAMANYOLU SOK. ÖZ İŞ HANI NO.5 K.2 BAYRAMPAŞA İSTANBUL;(212) 2945418;www.merkurgold.com;merkurgold.com;İMİB - İstanbul Maden İhracatçıları Birliği
MER-MA MERMER MADENCİLİK YATIRIM İTHALAT VE İHRACAT SANAYİ ANONİM ŞİRKETİ;KARINCALI KÖYÜ KÖRPINAR MEVKİİ MERKEZ KIRŞEHİR;(224) 2335511;www.neropicasso.com;neropicasso.com;İMİB - İstanbul Maden İhracatçıları Birliği
MERS YAPI MALZEMELERİ SANAYİ VE TİCARET ANONİM ŞİRKETİ;BARBAROS MH DEREBOYU CD.IHLAMUR SK 12L UPHİLL COURT TOWERS A BLOK D:129 ATAŞEHİR İSTANBUL;(216) 6881096;www.tgpsystems.com;tgpsystems.com;İMİB - İstanbul Maden İhracatçıları Birliği
MERSEN İSTANBUL SANAYİ ÜRÜNLERİ A.Ş.;G.O.S.B. IHSAN DEDE CAD. 900 SOK. NO.904 GEBZE KOCAELİ;02627510262;www.mersen.com;mersen.com;İMİB - İstanbul Maden İhracatçıları Birliği
MERTEL METAL ENDÜSTRİYEL MUTFAK SANAYİ VE TICARET LİMİTED ŞİRKETİ;KOZLUK MAH. ADA SAN. CAD. NO.15ERENLER Merkez SAKARYA;02642751791;www.mertelmetal.com.tr;mertelmetal.com.tr;İMİB - İstanbul Maden İhracatçıları Birliği
MESAN KİLİT ANONİM ŞİRKETİ;MİMARSİNAN MAH. ULUĞBEY CAD. FABRİKA SİTESİ NO:7 SİLİVRİ İSTANBUL;(212) 7214444;www.mesanlocks.com;mesanlocks.com;İMİB - İstanbul Maden İhracatçıları Birliği
META ENDÜSTRİYEL MUTFAK VE SOĞUTMA EKİPMANLARI SAN. TİC. LTD. ŞTİ.;YENİMAHALLE CEBECİ NO:74/A GAZİOSMANPAŞA İSTANBUL;(212) 6173035;www.metamutfak.com;metamutfak.com;İMİB - İstanbul Maden İhracatçıları Birliği
META MİMARİ MADEN ENERJİ VE TARIM ANONİM ŞİRKETİ;MERKEZ MAHALLESİ ESPİRİ ÇIKMAZI SOKAK NO:4/2 BEYKOZ İSTANBUL;(216) 4245000;www.metastone.com.tr;metastone.com.tr;İMİB - İstanbul Maden İhracatçıları Birliği
METAL VE YAPI SISTEMLERI TICARET ANONİM ŞİRKETİ;CAKIL KOYU BAGLAR MEVKI ÇATALCA İSTANBUL;02127764050;http://www.metalyapi.com;metalyapi.com;İMİB - İstanbul Maden İhracatçıları Birliği
METAL YAPI HOLDİNG A.Ş.;RÜZGARLIBAHÇE MH ÖZALP ÇIKMAZI SK NO:2 K PLAZA KAT:8 PAŞABAHÇE BEYKOZ İSTANBUL;(216) 4250325;www.metalyapi.com;metalyapi.com;İMİB - İstanbul Maden İhracatçıları Birliği
METAL-KİM METALURJİ VE KİMYA TARIM SANAYİ TİCARET LİMİTED ŞİRKETİ;SANAYI CAD.NO.42/A PENDİK İSTANBUL;02163070102;www.metal-kim.com;metal-kim.com;İMİB - İstanbul Maden İhracatçıları Birliği
METAS MADENCILIK ENDUSTRI TICARET LTD.STI.;GÖRE KASABASI NEVŞEHİR NEVŞEHİR;03842129950;www.metaspumice.com.tr;metaspumice.com.tr;İMİB - İstanbul Maden İhracatçıları Birliği
METE TİCARET İNŞAAT MALZEMELERİ SANAYİ VE TİCARET LİMİTED ŞİRKETİ;ZEYTİNBURNU DEMİRCİLER SİT. 3. YOL NO:7 ZEYTİNBURNU İSTANBUL;(212) 5136227;www.meteticaret.com;meteticaret.com;İMİB - İstanbul Maden İhracatçıları Birliği
METFAMER MADEN TİCARET SANAYİ ANONİM ŞİRKETİ;GÜLTEPE MAH 3.TOPTANCILAR SK. MAQAM İŞ MERKEZİ NO:2 İÇ KAPI NO:1002 MERKEZ SİVAS;(346) 5020100;http://www.metfamer.com.tr;metfamer.com.tr;İMİB - İstanbul Maden İhracatçıları Birliği
METKOM ALÜMİNYUM METAL SANAYİ VE TİCARET LİMİTED ŞİRKETİ;BEYSAN SAN. SİT. BİRLİK CAD. NO:3/6 BEYPORT PLAZA BEYLİKDÜZÜ İSTANBUL;(212) 4850787;www.metkomaluminyum.com;metkomaluminyum.com;İMİB - İstanbul Maden İhracatçıları Birliği
METKON MÜHENDİSLİK VE DIŞ TİCARET A. Ş.;DEMIRTAŞ ORG. SAN. BOLG. ALI OSMAN SONMEZ CAD. NO:14 OSMANGAZİ BURSA;02242611840;www.metkon.com;metkon.com;İMİB - İstanbul Maden İhracatçıları Birliği
MEVPA İÇ VE DIŞ TİCARET LTD ŞTİ;İSTOÇ TİC. MERKEZİ 8. ADA NO:47-49 MAHMUTBEY BAĞCILAR İSTANBUL;(212) 6590721;www.mevpa.com.tr;mevpa.com.tr;İMİB - İstanbul Maden İhracatçıları Birliği
MEYA MADENCİLİK VE MERMER PAZARLAMA SANAYİ VE TİCARET ANONİM ŞİRKETİ;YILDIZ POSTA CAD. VEFABEY SOK.NO.9 YEŞİL APT. A BLOK K.13 D.26 GAYRETTEPE BEŞİKTAŞ İSTANBUL;(212) 3567060;www.meyamaden.com;meyamaden.com;İMİB - İstanbul Maden İhracatçıları Birliği
MF TURİSTİK TESİSLERİ İŞLETME VE TASARIM DEKORASYON TİC. A.Ş.;AMİRAL FAHRİ ENGİN SOK.N:3 RUMELİHİSARI SARIYER İSTANBUL;(212) 2878110;www.zftasarim.com.tr;zftasarim.com.tr;İMİB - İstanbul Maden İhracatçıları Birliği
MFK PLASTİK A.Ş.;ORHANGAZİ MAH.CEM SULTAN CAD.N:107/1 SULTANBEYLİ İSTANBUL;(216) 4874441;www.mfkplastik.com;mfkplastik.com;İMİB - İstanbul Maden İhracatçıları Birliği
MGG DEMİR ÇELİK İTHALAT İHRACAT SANAYİ VE TİCARET ANONİM ŞİRKETİ;BARIŞ MH ANİBAL CD NO:13 GEBZE GEBZE KOCAELİ;(262) 6776900;www.mggdemir.com.tr;mggdemir.com.tr;İMİB - İstanbul Maden İhracatçıları Birliği
MHS DIŞ TİCARET A.Ş.;ESENTEPE MAH.BÜYÜKDERE CAD.NO:127ASTORİA İŞ MERKEZİ A BLOK K.5 D:14-16 ESENTEPE ŞİŞLİ İSTANBUL;(212) 2701067;www.mhsmining.com;mhsmining.com;İMİB - İstanbul Maden İhracatçıları Birliği
MİKRONA ABRASİV VE YÜZEY TEKNOLOJİLERİ ANONİM ŞİRKETİ;VEYSEL KARANİ MAH. SENA SK.NO:8 OSMANGAZİ BURSA;(224) 2151122;http://www.mikronatech.com;mikronatech.com;İMİB - İstanbul Maden İhracatçıları Birliği
MİKRON-S MİKRONİZE MİNERAL ENDÜSTRİSİ VE TİCARET ANONİM ŞİRKETİ;SULTANTEPE MAH. HÜSEYİN BAYKARA SOK. NO:3 ÜSKÜDAR İSTANBUL;(216) 4666644;www.mikrons.com.tr;mikrons.com.tr;İMİB - İstanbul Maden İhracatçıları Birliği
MİKROTAŞ MEKATRONİK ANONİM ŞİRKETİ;AKEVLER MAH. AYŞE FİTNAT HANIM CAD. CEMALIGIL APT BLOK NO: 25B AKEVLER ALTINÖZÜ HATAY;;www.mikrotas.com.tr;mikrotas.com.tr;İMİB - İstanbul Maden İhracatçıları Birliği
MİLVEST AKARYAKIT FİNANS VE DIŞ TİCARET A.Ş;BALMUMCU ITRİ SOKAK NO:46 BEŞİKTAŞ İSTANBUL;(212) 0000000;http://millerholding.com;millerholding.com;İMİB - İstanbul Maden İhracatçıları Birliği
MİM MINING ENERJİ SANAYİ VE TİCARET ANONİM ŞİRKETİ;UGUR MUMCU MAH. ESKI EDIRNE ASFALTI CAD. NO: 574İÇ KAPI NO: 4 SULTANGAZİ İSTANBUL;(212) 5381129;http://www.mimmining.com;mimmining.com;İMİB - İstanbul Maden İhracatçıları Birliği
MİM PROJE HAFRİYAT İNŞAAT TAAHHÜT MÜHENDİSLİK NAKLİYAT SANAYİ VE TİCARET ANONİM ŞİRKETİ;CUMHURİYET MAH. BÜLENT ECEVİT CADDESİ NO:15/25 ÇAN ÇANAKKALE;(286) 2170330;http://www.miminsaat.com;miminsaat.com;İMİB - İstanbul Maden İhracatçıları Birliği
MİMSA ALÜMİNYUM TİCARET VE SANAYİ ANONİM ŞİRKETİ;BEYLİKDÜZÜ OSB MH MERMERCİLER SAN SİT 4 CD NO:7 BEYLİKDÜZÜ İSTANBUL;(212) 8751908;www.mimsa.com;mimsa.com;İMİB - İstanbul Maden İhracatçıları Birliği
MİMTAŞ OTOMOTİV TAŞIMACILIK MADENCİLİK İNŞAAT PETROL SANAYİ VE TİCARET A.Ş.;GÜZELYURT MAHALLESİ 2138 SOKAK ESKİDJİ PAZAR APARTMANI NO:1/442 ESENYURT İSTANBUL;(212) 8531740;www.mrtmining.com;mrtmining.com;İMİB - İstanbul Maden İhracatçıları Birliği
MİNANUR İNŞAAT VE İTH. İHR. TİC. SAN. LTD. ŞTİ.;İBRİŞ SOK. NO:30/3 İÇKAPI NO:1-2 SİLİVRİ/ISTANBUL NO:1-2 MİMARSİNAN MAH SİLİVRİ, İSTANBUL, TÜRKİYE SİLİVRİ İSTANBUL;;www.minanurcomposite.com;minanurcomposite.com;İMİB - İstanbul Maden İhracatçıları Birliği
MİNERVA MADENCİLİK DIŞ TİCARET ANONİM ŞİRKETİ;CUMHURİYET CAD. NO:65/5 K.3PANGALTI PALAS APT. BEYOĞLU İSTANBUL;(212) 2302535;www.minervareources.com;minervareources.com;İMİB - İstanbul Maden İhracatçıları Birliği
MİRA KİMYA VE MAKİNE A.Ş.;YAKUPLU MAH. HÜRRİYET BLV. SKYPORT SKYPORT RESİDENCE NO: 1 İÇ KAPI NO: 70 BEYLİKDÜZÜ İSTANBUL;(212) 0000000;www.mıra-chem.com;mıra-chem.com;İMİB - İstanbul Maden İhracatçıları Birliği
MİRALİS TÜNEL TEKNOLOJİLERİ MAK. DAN. SAN. VE TİC. LTD. ŞTİ.;İVEDİKOSB MAH. 1451 CAD. NO: 1 İVEDİKORGANİZESANAYİ YENİMAHALLE ANKARA;(312) 3945844;www.miralis.com.tr;miralis.com.tr;İMİB - İstanbul Maden İhracatçıları Birliği
MKGS MORGAN KARBON GRAFIT SANAYI ANONİM ŞİRKETİ;OSMANGAZİ MAH. 2647 SK. NO:27/4 KIRAÇ ESENYURT İSTANBUL;(212) 6713287;www.morgancarbon.com;morgancarbon.com;İMİB - İstanbul Maden İhracatçıları Birliği
MKO ELEKTRIK TEKSTIL INSAAT TAAHHÜT SANAYI VE TICARET LIMITED SIRKETI;ÇAĞLAYAN MAH. 2071 SK. SUBAŞI SİTESİ B BLOKNO:44- İÇ KAPI NO:7 MURATPAŞA ANTALYA;(224) 0000000;http://www.mkoelektrikplastik.com;mkoelektrikplastik.com;İMİB - İstanbul Maden İhracatçıları Birliği
MKS KAPI SİSTEMLERİ SANAYİ VE DIŞ TİCARET ANONİM ŞİRKETİ;TOPSELVİ MAH. İHSAN SOK.NO:6 KARTAL / İSTANBUL KARTAL İSTANBUL;(216) 4966162;https://www.mksmetal.com.tr/;mksmetal.com.tr;İMİB - İstanbul Maden İhracatçıları Birliği
MKT MAKİNA VE AHŞAP TEKNOLOJİLERİ SAN. VE TİC.A.Ş;TURGUT REİS MAH. DEMOKRASİ CAD. 233 1 SULTANBEYLİ İSTANBUL;(216) 4667073;www.mktmakina.com.tr;mktmakina.com.tr;İMİB - İstanbul Maden İhracatçıları Birliği
MODULE TMEC DIŞ TİCARET LİMİTED ŞİRKETİ;CEVİZLİ MH CEVİZLİ D 100 GÜNEY YAN YOLU KURİS KULE NO:2/78 KARTAL İSTANBUL;(216) 3370540;www.tmec-international.com;tmec-international.com;İMİB - İstanbul Maden İhracatçıları Birliği
MOLTEK SAĞLIK HİZM. ÜRETİM VE PAZ.A.Ş.;GEBZE ORGANİZE SAN. BÖLGESİ ŞAHABETTİN BİLGİSU CAD. NO:611/1 41400 GEBZE KOCAELİ;(262) 6771160;www.moltek.com.tr;moltek.com.tr;İMİB - İstanbul Maden İhracatçıları Birliği
MORFOSE KİŞİSEL BAKIM VE KOZMETİK ÜRÜNLERİ SAN.TİC.A.Ş.;ORTAKÖY MERKEZ MAH.ATALAY SK. NO:5 34570 SİLİVRİ İSTANBUL;(212) 7388464;www.morfose.eu;morfose.eu;İMİB - İstanbul Maden İhracatçıları Birliği
MOT PASLANMAZ ÇELİK SAN VE TİC.LTD. ŞTİ;İKİTELLİ OSB MH ÇEVRE SAN SİT 2 BLOK NO:5 BAŞAKŞEHİR İSTANBUL;(212) 4860055;www.motdesing.com.tr;motdesing.com.tr;İMİB - İstanbul Maden İhracatçıları Birliği
MOT TASARIM MIM. INS. TUR. IC VE DIS DEKOR.LTD.STI.;IKITELLI ORG.SAN.BOLGESI CEVRESAN.SITESI 2.BLOK NO.5 KÜÇÜKÇEKMECE İSTANBUL;02124860055;www.mottasarimmimarlik.com;mottasarimmimarlik.com;İMİB - İstanbul Maden İhracatçıları Birliği
MOTALİ METAL SAN.TİC.LTD.ŞTİ;ORHANLI MH. KARADENİZ CAD TURGUT REİS SAN.SİT.C-3 BLOK NO:7/C3 TUZLA İSTANBUL;(216) 3948824;www.motalimetal.com;motalimetal.com;İMİB - İstanbul Maden İhracatçıları Birliği
MPM GIDA SANAYİ VE TİCARET ANONİM ŞİRKETİ;DİKİLİTAŞ MAH. HAKKI YETEN CAD. NO:10I İÇ KAPI NO:14 BEŞİKTAŞ İSTANBUL;(212) 3297924;www.mpmgida.com;mpmgida.com;İMİB - İstanbul Maden İhracatçıları Birliği
MRT MADEN SANAYİ VE TİCARET ANONİM ŞİRKETİ;SÜMER KORUSU POSTACI HALİL SOK.NO:4/2 TARABYA SARIYER İSTANBUL;(212) 2992000;www.mrtmining.com;mrtmining.com;İMİB - İstanbul Maden İhracatçıları Birliği
MT İNOX ENDÜSTRİYEL MUTFAK ÜRETİM VE PAZARLAMA LİMİTED ŞİRKETİ;GÜNEŞLİ MH 1366 SK GÖZCÜLER İS HANI NO:4A BAĞCILAR İSTANBUL;(212) 5495890;www.mertendustrielmutfak.com;mertendustrielmutfak.com;İMİB - İstanbul Maden İhracatçıları Birliği
MUHARREM TOPALOĞLU;İOSB MH CİLA VE NİKELAJCILAR SAN SİT A BLOK NO:19/1/2 BAŞAKŞEHİR İSTANBUL;(212) 6191907;www.teknokimya.com;teknokimya.com;İMİB - İstanbul Maden İhracatçıları Birliği
MURAT BERK ÖZKAYA;YENİŞEHİR MAH.SU SOK.PINAR SİT.A1 BLOK NO:3/5ATAŞEHİR İSTANBUL TÜRKİYE PK:34779 ATAŞEHİR İSTANBUL;(216) 4161175;www.mbendustriyel.com;mbendustriyel.com;İMİB - İstanbul Maden İhracatçıları Birliği
MURAT CAFER EKMEKÇİ;KOCA MUSTAFA PAŞA MAH. İZCİTÜRK SK. NO:34/A FATİH İSTANBUL;(212) 5296109;www.reformticaret.com;reformticaret.com;İMİB - İstanbul Maden İhracatçıları Birliği
MUSA DUMAN;OSMANAĞA MAHALLESİ MÜHÜRDAR FUAT BEY SOKAK NO:11/1 KADIKÖY İSTANBUL;02163305220;www.dumanmadencilik.com;dumanmadencilik.com;İMİB - İstanbul Maden İhracatçıları Birliği
MUSTAFA ETLİ;MEYDAN KAVAĞI MH. PERGE CD.YEŞIL SIT.ABLOK 32/1 MURATPAŞA ANTALYA;02423125255;www.inkayapi.net;inkayapi.net;İMİB - İstanbul Maden İhracatçıları Birliği
MUZE YAPI İNŞAAT ANONİM ŞİRKETİ;ZÜMRÜTEVLER MAH. HACI BAYRAM VELİ CAD. NİSH ADALARSİT. 24 BLOK NO:13 / 35 PENDİK İSTANBUL;;www.eorconstruction.com;eorconstruction.com;İMİB - İstanbul Maden İhracatçıları Birliği
MYM DOĞALTAŞ SANAYİ TİCARET LİMİTED ŞİRKETİ;OSB PIK DÖKÜMCÜLER SAN.SIT.B6 BLOK NO:6 İKİTELLİ BAŞAKŞEHİR İSTANBUL;(212) 4860470;www.marbleturka.com;marbleturka.com;İMİB - İstanbul Maden İhracatçıları Birliği
NADIR AY KUYUMCULUK VE HEDIYE ESYA SANAYİ VE TICARET LİMİTED ŞİRKETİ;YENİBOSNA MERKEZ MAHALLESİ KUYUMCULAR SOKAK KUYUMCUKENT VİZYONPARK SİTESİ NO:4 C2 BLOK KAT:4 / 410 3 BAHÇELİEVLER İSTANBUL;(212) 9990111;www.nadiray.com;nadiray.com;İMİB - İstanbul Maden İhracatçıları Birliği
NADİR METAL RAFİNERİ SAN. VE TİC. A.Ş.;YENİBOSNA MERKEZ MAH LADİN SOK NO:4 ATÖLYE BLOK ZEMİN KAT 015 KUYUMCUKENT BAHÇELİEVLER İSTANBUL;(212) 6030967;www.nadirmetal.com.tr;nadirmetal.com.tr;İMİB - İstanbul Maden İhracatçıları Birliği
NAHİT AKBEY YAPI ANONİM ŞİRKETİ;HANLI MERKEZ MAH. D-100 KARAYOLU CAD. AYD MOBİLYA SİTESİ NO:466/A HANLI MERKEZ MAH 54580 ARİFİYE, SA ARİFİYE SAKARYA;;www.tekoplus.com.tr;tekoplus.com.tr;İMİB - İstanbul Maden İhracatçıları Birliği
NAİL BAKİ;CEDİT MAH. MUSA KAZIM. CAD. USTA SOK. NO: 3/A İZMİT KOCAELİ;;http://www.tuzodasi.org;tuzodasi.org;İMİB - İstanbul Maden İhracatçıları Birliği
NANOKAP YÜZEY KAPLAMA TEKNOLOJİ METAL MAKİNA SANAYİ DIŞ TİCARET LİMİTED ŞİRKETİ;ERENLER MAHALLESİ 1234 SOKAK TURUVA GRANİT NO:21 ERENLER SAKARYA;(264) 2767315;www.nanokap.com;nanokap.com;İMİB - İstanbul Maden İhracatçıları Birliği
NAR GRANİT ENDÜSTRİ VE TİC. A.Ş.;YAKUPLU MERMERCİLER SAN.SİT.NO:17 BEYLİKDÜZÜ İSTANBUL;(212) 8761888;www.nargranit.com.tr;nargranit.com.tr;İMİB - İstanbul Maden İhracatçıları Birliği
NART AMBALAJ SAN. VE TİC. LTD.ŞTİ.;MALTEPE MAH. DAVUTPAŞA CD. KALE İŞ MERKEZİ NO:141/ ZEYTİNBURNU İSTANBUL;(212) 4830571;www.nartexport.com;nartexport.com;İMİB - İstanbul Maden İhracatçıları Birliği
NASRİN KİMYEVİ MADDELER MAKİNE TURİZM GIDA VE TEKSTİL DIŞ TİCARET LİMİTED ŞİRKETİ;SOĞANLIK YENİ MAH. BALIKESİR CAD. REZİDANS UPRISE ELİT SİTESİ C1- AB BLOK NO :6 / 133 KARTAL İSTANBUL;02163553887;www.nasrin.com.tr;nasrin.com.tr;İMİB - İstanbul Maden İhracatçıları Birliği
NATÜRELMAR MADENCİLİK SANAYİ VE TİCARET A.Ş.;KAVACIK MAH. YAYA BEYİ SOK. NO:9 İÇ KAPI NO:3 BEYKOZ İSTANBUL;(216) 5388150;www.naturelmar.com;naturelmar.com;İMİB - İstanbul Maden İhracatçıları Birliği
NAZIM ZENGİN;YILDIZ TABYA CAD.BERCESTE SOK.N:95 GAZİOSMANPAŞA İSTANBUL;;www.zenginmarble.com;zenginmarble.com;İMİB - İstanbul Maden İhracatçıları Birliği
NEC TELEKOMÜNİKASYON VE BİLGİ TEKNOLOJİLERİ LTD.ŞTİ.;DİKİLİTAŞ EMİRHAN CAD. NO:113 BARBAROS PLAZA İŞ MERKEZİ C BLOK KAT: 10 BEŞİKTAŞ İSTANBUL;(212) 3477968;www.nec.com;nec.com;İMİB - İstanbul Maden İhracatçıları Birliği
NECMETTİN İNAL;ADNAN KAHVECİ BULV. ÇAĞDAŞ APT. NO:97K:1 D:6 YAYLA YENİBOSNA BAHÇELİEVLER İSTANBUL;(212) 4411506;www.taspazari.com;taspazari.com;İMİB - İstanbul Maden İhracatçıları Birliği
NED YEM ANONİM ŞİRKETİ;ICERENKOY MH, DEGİRMENYOLU SK, KUTAY IS MRK, B BLOK,KAT:4 34752 ATAŞEHİR İSTANBUL;(216) 8070987;www.nedyem.com;nedyem.com;İMİB - İstanbul Maden İhracatçıları Birliği
NEDEX KİMYA SAN. VE TİC. A.Ş.;TATLISU MAH. ARACI SOK. NO.8 KAT: 1-2-3-4 34760 34760 ÜMRANİYE İSTANBUL;(216) 4880155;www.nedexgroup.com.tr;nedexgroup.com.tr;İMİB - İstanbul Maden İhracatçıları Birliği
NEJAT SABUNCU MAKİNE TİCARET VE SANAYİ A.Ş.;MITHATPAŞA MAH.ORKIDE SK.NO.4 K:1 KEMERBURGAZ EYÜP İSTANBUL;(212) 3602430;www.granitcenter.com;granitcenter.com;İMİB - İstanbul Maden İhracatçıları Birliği
NESER KABLO PANO ELEKTRİK TAAHHÜT MÜHENDİSLİK SERVİS TURİZM TAŞIMACILIK SAN. VE TİC.LTD.ŞTİ.;ORGANİZE SAN. BÖLGESİ TURUNCU CADDE NO:2/A NİLÜFER BURSA;(224) 4435548;www.neserpano.com.tr;neserpano.com.tr;İMİB - İstanbul Maden İhracatçıları Birliği
NESİL İLAÇ KOZMETİK SANAYİ VE TİCARET LİMİTED ŞİRKETİ;DUAÇINARI MAH.4.DERYA SK.NO:4/1 YILDIRIM BURSA;(224) 4338333;http://nesililac.com;nesililac.com;İMİB - İstanbul Maden İhracatçıları Birliği
NESS İŞLETMECİLİK VE DANIŞMANLIK ANONİM ŞİRKETİ;KIZILIRMAK MAHALLESİ DUMLUPINAR BULVARI YDA CENTER NO:9A 158 ÇANKAYA ANKARA;(312) 5127444;www.nessworldwide.com.tr;nessworldwide.com.tr;İMİB - İstanbul Maden İhracatçıları Birliği
NET ART MİMARLIK MEKANSAL TASARIM LTD STI;KUCUK SANAYI SITESI 65 BLOK N 21 NİLÜFER BURSA;(224) 2251123;http://www.netartmimarlik.com;netartmimarlik.com;İMİB - İstanbul Maden İhracatçıları Birliği
NETAMAR MERMER MADENCİLİK İNŞAAT TEKSTİL DIŞ TİC. SAN. LTD. ŞTİ.;YUVAKÖY MAH. 3706. SOK. NO.5 YENİMAHALLE ANKARA;;www.netamarble.com;netamarble.com;İMİB - İstanbul Maden İhracatçıları Birliği
NEV-KA DİYABAZ BAZALT MADENCİLİK MAKİNE TURİZM İNŞ.NAK. HAYVANCILIK GIDA MOB. SANAYİ VE TİC.LTD.ŞTİ.;MİMARSİNAN OSB MAHALLESİ 19. CAD. NO:54 PK:38350 MELİKGAZİ KAYSERİ;(352) 5031616;www.nev-ka.com.tr;nev-ka.com.tr;İMİB - İstanbul Maden İhracatçıları Birliği
NEVPANEL YAPI MADEN ÜRETİM İTH.İHR.SAN.VE TİC.LTD.ŞTİ.;BAĞDAT CAD. ÇOLAKOĞLU İŞ MRK. NO.458/30 MALTEPE İSTANBUL;(216) 4573600;www.nevra.com.tr;nevra.com.tr;İMİB - İstanbul Maden İhracatçıları Birliği
NEVRA İNŞ.YAPI TEKN. SAN VE TİC LTD ŞTİ.;BAĞDAT CAD ÇOLAKOĞLU İŞ MRK NO 458-22 MALTEPE İSTANBUL;(216) 4573600;www.nevra.com.tr;nevra.com.tr;İMİB - İstanbul Maden İhracatçıları Birliği
NEW TREND MADENCİLİK İTH.İHR.TİC.LTD.ŞTİ.;REYHAN MH.8. PARK SK.MELEK SULTAN İŞM.NO:12/1B 03 OSMANGAZİ BURSA;;www.newtrend-mining.com;newtrend-mining.com;İMİB - İstanbul Maden İhracatçıları Birliği
NEW WAY İTHALAT İHRACAT VE TİCARET LİMİTED ŞİRKETİ;GÖZTEPE MH BATIŞEHİR CD BATİŞEHİR SİT K1 BLOK NO:2/1/38 BAĞCILAR İSTANBUL;(212) 4855950;www.newwaytr.com;newwaytr.com;İMİB - İstanbul Maden İhracatçıları Birliği
NEXANS TÜRKİYE ENDÜSTRİ VE TİCARET ANONİM ŞİRKETİ;MECİDİYEKÖY MAH. OĞUZ SOK. NO:4RÖNESANS BİZ PLAZA A/1 MECİDİYEKÖY ŞİŞLİ İSTANBUL;(212) 2660160;www.nexans.com;nexans.com;İMİB - İstanbul Maden İhracatçıları Birliği
NGB KİMYA A.Ş.;ORGANİZE DERİ SAN BÖLGESİ ASTARSOK 6-1Ç PARSEL ORHANLI TUZLA İSTANBUL;(216) 3941243;www.ngbkimya.com;ngbkimya.com;İMİB - İstanbul Maden İhracatçıları Birliği
NILFISK-ADVENCE PROFESYONEL TE MIZLIK EKIPMANLARI TIC.A.S.;ŞERİFALİ MAH. BAYRAKTAR BLV.ŞEHİT SK.NO:7 ATAKENT ÜMRANİYE İSTANBUL;(216) 4669494;www.nilfiks.com.tr;nilfiks.com.tr;İMİB - İstanbul Maden İhracatçıları Birliği
NİCOMEDİA MADENCİLİK DIŞ TİCARET SANAYİ LİMİTED ŞİRKETİ;TOPÇULAR CADDESİ NO:4/5 EYÜP İSTANBUL;(212) 5316066;www.nicomedias.com;nicomedias.com;İMİB - İstanbul Maden İhracatçıları Birliği
NİL EGE MADEN ANONİM ŞİRKETİ;MURAT REİS MAH. SELAMET SOK. NO:9 ÜSKÜDAR İSTANBUL;(216) 4740213;http://www.nilegemadencilik.com;nilegemadencilik.com;İMİB - İstanbul Maden İhracatçıları Birliği
NİLSU MADENCİLİK TİCARET ANONİM ŞİRKETİ;LEVENT MAH. CÖMERT SOK.YAPI KREDİ PLAZA C BLOK K.18 NO:1 C/42 BEŞİKTAŞ İSTANBUL;(212) 2637203;www.nilsumining.com;nilsumining.com;İMİB - İstanbul Maden İhracatçıları Birliği
NİMBA İTHALAT İHRACAT LTD.ŞTİ.;ORHANGAZİ MAH 1646 SOK MİMSAN SAN.SİT39 BLOK NO:82 ESENYURT İSTANBUL;(212) 0000000;www.newnimba.com;newnimba.com;İMİB - İstanbul Maden İhracatçıları Birliği
NİSANTE MERMER ÜRETİM DIŞ TİCARET SANAYİ LİMİTED ŞİRKETİ;FERHUNİYE MAH. SULTANŞAH CAD. UĞUR APARTMNO:28/106 SELÇUKLU KONYA;(332) 3502020;www.nisamermer.com;nisamermer.com;İMİB - İstanbul Maden İhracatçıları Birliği
NİT METAL A.Ş.;MAHMUTBEY MH TAŞOCAĞI CD AĞAOĞLU MY OFFİCE 212 NO:3 KAT:10 D:168 BAĞCILAR İSTANBUL;(000) 0000000;www.nitmetal.com.tr;nitmetal.com.tr;İMİB - İstanbul Maden İhracatçıları Birliği
NİVAK İNŞAAT ANONİM ŞİRKETİ;ŞEHİT CENGİZ KARCIOĞLU SOK. NO.6GÜLBAHAR CAD. EVREN MAH. BAĞCILAR İSTANBUL;(212) 6967660;www.nivakgroup.com;nivakgroup.com;İMİB - İstanbul Maden İhracatçıları Birliği
NN MEDİKAL SANAYİ VE TİCARET LİMİTED ŞİRKETİ;DEĞİRMEN YOLU CAD. YÜKSEL ÜÇÜNCÜ İŞ MERKZ.33/7 İÇERENKÖY ATAŞEHİR İSTANBUL;;www.nnrepair.com;nnrepair.com;İMİB - İstanbul Maden İhracatçıları Birliği
NNG ENERJİ TEKNOLOJİ TAAHHÜT VE TİCARET LİMİTED ŞİRKETİ;KISIKLI MAHALLESİ İMAM ETHEM SOKAK NO:4 /1 PK:34692 ÜSKÜDAR İSTANBUL;(216) 5106962;www.nngenerji.com;nngenerji.com;İMİB - İstanbul Maden İhracatçıları Birliği
NOBEL İÇ VE DIŞ TİC. LTD. ŞTİ.;HALASKARGAZI CAD. NO.94 KAT 2 D.4 ŞİŞLİ İSTANBUL;(212) 3202734;www.nobelexport.com;nobelexport.com;İMİB - İstanbul Maden İhracatçıları Birliği
NOBEL İLAÇ SANAYİİ VE TİC.A.Ş.;SARAY MAH. DR. ADNAN BÜYÜKDENİZ CAD. NO:14 ÜMRANİYE İSTANBUL;02166336000;www.nobel.com.tr;nobel.com.tr;İMİB - İstanbul Maden İhracatçıları Birliği
NOCHE MADENCİLİK GIDA TURİZM İNŞAAT TİCARET VE SANAYİ ANONİM ŞİRKETİ;KAYSERI ASFALTI 7.KM MUCUR KIRŞEHİR;(386) 8237385;www.noche.com.tr;noche.com.tr;İMİB - İstanbul Maden İhracatçıları Birliği
NORMA ZEMİN VE YAPI ÜRÜNLERİ DIŞ TİCARET LİMİTED ŞİRKETİ;CUMHURİYET MH. HÜRRİYET CD. NO.9 D.1 BEYLİKDÜZÜ İSTANBUL;(212) 0000000;http://normayapi.com.tr;normayapi.com.tr;İMİB - İstanbul Maden İhracatçıları Birliği
NOUVAL GROUP MUTFAK EŞYALARI DIŞ TİCARET LİMİTED ŞİRKETİ;MAHMUTBEY MH İSTOÇ TİCARET MERKEZİ TEPE PLAZA 2414 SK NO:15K:8/86 BAĞCILAR İSTANBUL;(212) 4454000;www.nouval.com.tr;nouval.com.tr;İMİB - İstanbul Maden İhracatçıları Birliği
NOVA MİNERALS MADEN TİCARET LİMİTED ŞİRKETİ;ORAN MAH. ZÜLFÜ TİGREL CAD. NO: 35 İÇ KAPI NO: 8 ÇANKAYA ANKARA;;www.novaminerals.com.tr;novaminerals.com.tr;İMİB - İstanbul Maden İhracatçıları Birliği
NOVA PARASOL GÖLGELENDIRME SISTEMLERI SANAYI VE TICARET LIMITED SIRKETI;IKITELLI OSB MAH. HESKOOP H BLOK SK. HESKOOPH BLOK NO: 43 BASAKSEHIR/ ISTANBUL BAŞAKŞEHİR İSTANBUL;(212) 6717322;http://www.novaparasol.com;novaparasol.com;İMİB - İstanbul Maden İhracatçıları Birliği
NOVA SÜNGER VE YATAK SAN. TİC. A.Ş.;BEKİRPAŞA KOZLUK MAH. D-100 YAN YOL NO.10ERENLER ERENLER SAKARYA;(264) 3535580;www.novasunger.com.tr;novasunger.com.tr;İMİB - İstanbul Maden İhracatçıları Birliği
NOVILITY DIS TICARET VE URETIM LIMITED SIRKETI;YENIBOSNA MERKEZ MAH 29 EKIM CAD 2 NO 5 /103 BAHÇELİEVLER İSTANBUL;(212) 6032340;www.novilty.com;novilty.com;İMİB - İstanbul Maden İhracatçıları Birliği
NOVORA GRUP POLİMER KİMYA DIŞ TİCARET LİMİTED ŞİRKETİ;ALİKAHYA CUMHURİYET MAH. MUSTAFA KEMAL BLV. YILDIZ KONUTLARI NO: 6 İÇ KAPI NO: 8 İZMİT KOCAELİ;;http://www.novorapolymers.com;novorapolymers.com;İMİB - İstanbul Maden İhracatçıları Birliği
NOX ENDÜSTRİYEL MUTFAK PROJE ÜRETİM VE PAZARLAMA LTD.ŞTİ.;İKİTELLİ OSB MH ATATÜRK BULVARI BOTAŞ İS MERKEZİ NO:102/1 BAŞAKŞEHİR İSTANBUL;(212) 4860627;www.noxprofesyossional.com;noxprofesyossional.com;İMİB - İstanbul Maden İhracatçıları Birliği
NSI NATUREL TAŞ SANAYİ VE TİCARET LİMİTED ŞİRKETİ;BARIŞ MAH.BELEDİYE CAD. NO.30 GİNZA LAVİNYAPARK A BLOK 32-33 BEYLİKDÜZÜ İSTANBUL;(212) 7710500;www.nsinaturel.com;nsinaturel.com;İMİB - İstanbul Maden İhracatçıları Birliği
NU-FA KIMYEVI MADDELER SANAYI VE TICARET A.S.;3. ORGANİZE SAN. BÖLGESİ 83305 NOLU CAD. NO:15 BAŞPINARORGANİZESANAYİ ŞEHİTKAMİL GAZİANTEP;(342) 3378475;www.nufa.com.tr;nufa.com.tr;İMİB - İstanbul Maden İhracatçıları Birliği
NUH TUZ KİMYEVİ MADDELERİ GIDA NAKLİYE TEKSTİL SANAYİ VE TİCARET LİMİTED ŞİRKETİ;MALKOÇOĞLU MAH.ZAFER CD. NO 82 SULTANGAZİ İSTANBUL;(212) 5947627;www.nuhtuz.com;nuhtuz.com;İMİB - İstanbul Maden İhracatçıları Birliği
NUMAN KALELİ BORU İZOLASYON VE YAPI MALZEMELERİ İNŞAAT TAAHHÜT SANAYİ TİCARET LTD.ŞTİ.;SAKARYA MH.11 EYLÜL BULVARI NO:5/3 YILDIRIM BURSA;(224) 3600305;www.numankaleliyapimarket.com;numankaleliyapimarket.com;İMİB - İstanbul Maden İhracatçıları Birliği
NUNO FILIPE MARTINS DA PONTE;IKITELLI OSB MAH.IPKAS 4 B BLOK SK.NO:41ICKAPI NO:41 BAŞAKŞEHİR İSTANBUL;(212) 2495100;www.pescador-sub.com;pescador-sub.com;İMİB - İstanbul Maden İhracatçıları Birliği
NUR GIDA SANAYİ VE DIŞ TİCARET LİMİTED ŞİRKETİ;KAVAKLI MAH KIBLE SK. N:11 SİLİVRİ İSTANBUL;(212) 5165429;www.laracosmetic.com;laracosmetic.com;İMİB - İstanbul Maden İhracatçıları Birliği
NURDAL MERMER MADENCİLİK PETROL ÜRÜNLERİ İNŞAAT TURİZM İÇ VE DIŞ TİCARET SAN.LTD.ŞTİ.;KAYSERİ SİVAS KARAYOLU 12. KMKAYKOOP KARŞISI KOCASİNAN KAYSERİ;(352) 2510120;www.nurdalmermer.com.tr;nurdalmermer.com.tr;İMİB - İstanbul Maden İhracatçıları Birliği
NURİ YILMAZ DIŞ TİCARET A.Ş.;DERİ OSB MAHALLESİ ASTAR SOKAK.NO:1 İÇ KAPI NO:5 TUZLA İSTANBUL;(216) 3941244;http://www.ngb.com.tr;ngb.com.tr;İMİB - İstanbul Maden İhracatçıları Birliği
NURLU YATIRIM İŞLETMELERİ İNŞ. SAN. VE TİC. LTD. ŞTİ.;DUDULLU CAD. NO.23-25B BRANDIUM R2 REZİDANCE BLK D.117 KÜÇÜKBAKKALKÖY ATAŞEHİR İSTANBUL;(216) 5776660;www.nurluyatirim.com;nurluyatirim.com;İMİB - İstanbul Maden İhracatçıları Birliği
NUR-NİL PLASTİK SANAYİ ANONİM ŞİRKETİ;KAVAKLI MAH HAZAR SK N:8 SİLİVRİ İSTANBUL;02125760012;www.nurnil.com;nurnil.com;İMİB - İstanbul Maden İhracatçıları Birliği
OBK ULUSLARARASI DIŞ TİC. LTD. ŞTİ.;MASLAK MAH. TAŞYONCASI SOK. MASLAK 1453 SİTESİ C:10 DAİRE:42 SARIYER İSTANBUL;(212) 3971703;www.obkexport.com;obkexport.com;İMİB - İstanbul Maden İhracatçıları Birliği
OCAK HIRDAVAT MEK. MÜH. İNŞ. NAK. PET. ÜRN. SAN.VE TİC. A.Ş.;İSTASYON MH 1478 SK NO:25 GEBZE KOCAELİ;(262) 6427367;http://www.ocakhirdavat.com;ocakhirdavat.com;İMİB - İstanbul Maden İhracatçıları Birliği
ODAK KIMYA VE MAKINA SAN. TIC.LTD.STI.;TASDIREK CESME SOKDARUSSAFAKA SITESI N:1/D CEMBE FATİH İSTANBUL;02126389417;www.odakkimya.com;odakkimya.com;İMİB - İstanbul Maden İhracatçıları Birliği
ODAK KIMYEVI MADD.SAN.DIS TIC. LTD.STI.;İST DERİ ORG. SAN. BÖL. VAKUM CAD. NO.10 D1 ÖZEL PARSELNO.10 D1 ÖZEL PARSEL TUZLA İSTANBUL;02163942444;www.odakkimya.net;odakkimya.net;İMİB - İstanbul Maden İhracatçıları Birliği
ODAK SANAT HOBI VE KRAFT SAN. DIS TIC.LTD.STI.;TALATPAŞA MAH. AYDOĞAN CAD. NO:31/B KAĞITHANE İSTANBUL;(212) 3204594;www.odakhobi.com;odakhobi.com;İMİB - İstanbul Maden İhracatçıları Birliği
ODM MADENCİLİK MEDYA OTOMOTİV İNŞAAT GIDA İTHALAT VE İHRACAT ANONİM ŞİRKETİ;ARİFİYE MAHALLESİ KIBRIS ŞEHİTLERİ CADDESİ NO:31/ ODUNPAZARI/ESKİŞEHİR ODUNPAZARI ESKİŞEHİR;;www.cys.com.tr;cys.com.tr;İMİB - İstanbul Maden İhracatçıları Birliği
OERLİKON KAYNAK ELEKTRODLARI VE SANAYİ ANONİM ŞİRKETİ;MASLAK MH BİLİM SK SUN PLAZA 5A-29 SARIYER İSTANBUL;(212) 4111400;www.oerlikon.com.tr;oerlikon.com.tr;İMİB - İstanbul Maden İhracatçıları Birliği
OĞUZ MERMER SANAYİ VE TİCARET LİMİTED ŞİRKETİ;BAHÇECİK YOLU ÜZERİ İSCEHİSAR AFYON;(272) 3415411;www.oguzmermer.com;oguzmermer.com;İMİB - İstanbul Maden İhracatçıları Birliği
OĞUZ TAŞ YAPI MALZ. İTH.İHR.SAN. VE TİC.LTD.ŞTİ.;EĞİTİM MH ABDİBEY SK KENTPLUS SİT NO:24 AG-7 KADIKÖY İSTANBUL;(216) 4182258;www.oguzdiamondtools.com.tr;oguzdiamondtools.com.tr;İMİB - İstanbul Maden İhracatçıları Birliği
OKAL DIŞ TİC. LTD. ŞTİ.;ESENYURT İNCİRTEPE MAH. DOĞAN ARASLI CAD. FATİH OTO SAN. SİT.D4 BLOK NO:8 BEYLİKDÜZÜ İSTANBUL;(212) 8764804;www.okallevha.com;okallevha.com;İMİB - İstanbul Maden İhracatçıları Birliği
OKAYTAS MADENCILIK MUHEN.INS. OTO.SAN.TIC.LTD.STI.;KİRAZLI SAN.SİTESİ 2.YOL F1 BLOK YANI MERKEZ YALOVA;(226) 8253566;www.okaytas.com;okaytas.com;İMİB - İstanbul Maden İhracatçıları Birliği
OLBİA MADENCİLİK İNŞAAT TİCARET LTD.ŞTİ.;SOĞUCAKSU MAH. 2. İNÖNÜ CAD. NO:91/A AKSU ANTALYA;(242) 4622809;www.olbiastone.com;olbiastone.com;İMİB - İstanbul Maden İhracatçıları Birliği
OLİMPUM DIŞ TİCARET PAZARLAMA LTD. ŞTİ.;GEDELEK MAH. AÇMALAR MEVKİİ ORHANGAZİ SANAYİ SİTESİ13. BLOK NO:1 ORHANGAZİ BURSA;(224) 5860183;www.oligro.com.tr;oligro.com.tr;İMİB - İstanbul Maden İhracatçıları Birliği
OM AY DIŞ TİCARET LİMİTED ŞİRKETİ;İSTİKLAL MAHALLESİ ÇARK CAD.NO:243/103 SERDİVAN SAKARYA;(264) 2787929;www.adaliahsap.com;adaliahsap.com;İMİB - İstanbul Maden İhracatçıları Birliği
OMCO İSTANBUL KALIP SANAYİ VE TİCARET ANONİM ŞİRKETİ;DOSB 4. KISIM D4013 SK NO:6 GEBZE KOCAELİ;(262) 7444452;www.omcomould.com;omcomould.com;İMİB - İstanbul Maden İhracatçıları Birliği
OMNİS KOMPOZİT SAN. VE TİC. LTD. ŞTİ.;ÇINARDERE MAH. AKSEKİ SOK. NO:2/A PENDİK İSTANBUL;(216) 3799220;www.omniskompozit.com;omniskompozit.com;İMİB - İstanbul Maden İhracatçıları Birliği
OMSA PLASTIK SANAYI VE TICARET LTD.STI.;LITROS HASTANE YOLU MALTEPESANAYI SIT.NO.330-344 BAYRAMPAŞA İSTANBUL;02125672759;http://www.omsaplastik.com;omsaplastik.com;İMİB - İstanbul Maden İhracatçıları Birliği
OMYA MADENCİLİK SANAYİ VE TİCARET ANONİM ŞİRKETİ;METROCITY D BLOK KIRGÜLÜ SOK.4/1A ESENTEPE ŞİŞLİ İSTANBUL;(212) 3374646;www.omya.com.tr;omya.com.tr;İMİB - İstanbul Maden İhracatçıları Birliği
ONAT ALÜMİNYUM SANAYİ TİCARET ANONİM ŞİRKETİ;DENİZLİ MAH.GAZİ M.KEMAL CAD. NO:186 GEBZE KOCAELİ;(262) 7293373;www.onatprofil.com;onatprofil.com;İMİB - İstanbul Maden İhracatçıları Birliği
ONDULINE AVRASYA İNŞAAT MALZ. SAN. TİC. AŞ;DEĞIRMEN SK.NIDA KULEIŞM.NO:12 K.8 KADIKÖY İSTANBUL;02163841600;www.onduline.com.tr;onduline.com.tr;İMİB - İstanbul Maden İhracatçıları Birliği
ONİCE MADENCİLİK VE DIŞ TİCARET ANONİM ŞİRKETİ;BEŞTEPE MAH. YAŞAM CAD. NO:13A D:81 YENİMAHALLE ANKARA;(312) 4421070;www.abamarble.com;abamarble.com;İMİB - İstanbul Maden İhracatçıları Birliği
ONNON METAL PLASTİK SANAYİ VE TİCARET LİMİTED ŞİRKETİ;BEYSAN SANAYİ SİTESİ BİRLİK CADDESİ NO:28/1 YAKUPLU 34524 BEYLİKDÜZÜ, İSTANBUL, TÜRKİYE BEYLİKDÜZÜ İSTANBUL;(212) 4441431;www.semsiyeevi.com;semsiyeevi.com;İMİB - İstanbul Maden İhracatçıları Birliği
ONUR DOLAMİT MADENCİLİK SANAYİ VE DIŞ TİCARET ANONİM ŞİRKETİ;ÇAMLIK MAH. DİNÇ SOKAK A BLOK NO: 4/70 ATAŞEHİR İSTANBUL;(216) 5947240;http://www.onurmaden.com;onurmaden.com;İMİB - İstanbul Maden İhracatçıları Birliği
ONUR MERMER MAD.TUR.TAR.GID.TEKS.TİC.VE SAN.A.Ş.;YALNIZ MAH. KAPIÇAYI SOK. NO:60 FİNİKE ANTALYA;(242) 8525140;www.onurmarble.com;onurmarble.com;İMİB - İstanbul Maden İhracatçıları Birliği
ONUR YAPI VE END.ÜRN.SAN.TİC.LTD.ŞTİ.;EVLİYA ÇELEBİ MAH. RAUF ORBAY CAD.NO:13/A TUZLA İSTANBUL;(216) 3952108;www.onur-yapi.com.tr;onur-yapi.com.tr;İMİB - İstanbul Maden İhracatçıları Birliği
ONYX YAPI VE METAL MALZEMELER İTHALAT İHRACAT LİMİTED ŞİRKETİ;HADIMKÖY KAVŞAĞI 2312 SK BURÇ İSTANBUL KAT:21/188 ESENYURT İSTANBUL;(212) 9996910;www.onyxmetal.com.tr;onyxmetal.com.tr;İMİB - İstanbul Maden İhracatçıları Birliği
O-PAK İTHALAT VE İHRACAT LTD. ŞTİ.;PERPA TICARET MERKEZI KAT 5 A BLOK NO.282PERPA TICARET MERKEZI KAT 5 A BLOK NO.282 ŞİŞLİ İSTANBUL;02122225700;www.o-pak.com.tr;o-pak.com.tr;İMİB - İstanbul Maden İhracatçıları Birliği
OPTİPARK OPTİK MEDİKAL VE BİTKİSEL ÜRÜNLER SANAYİ TİCARET LİMİTED ŞİRKETİ;ULU MAHALLESİ ULUBATLI HASAN BULVARI NO :46 G ORHANGAZİ BURSA;(224) 2242243;www.optiparkmedikal.com;optiparkmedikal.com;İMİB - İstanbul Maden İhracatçıları Birliği
ORA İNŞAAT A.Ş.;ŞERİFALİ MH TÜRKER CD EDEP SK. NO:39 ÜMRANİYE İSTANBUL;(216) 3695010;www.orainsaat.com;orainsaat.com;İMİB - İstanbul Maden İhracatçıları Birliği
ORE METAL ANONİM ŞİRKETİ;İÇERENKÖY MAH. ÇETİNKAYA SOK. PRESTİJPLAZA NO:28 İÇ KAPI NO:4 ATAŞEHİR İSTANBUL;(216) 9060660;www.oremetal.com.tr;oremetal.com.tr;İMİB - İstanbul Maden İhracatçıları Birliği
OREKS PAZARLAMA KİMYA TEKSTİL MADENCİLİK TURİZM İNŞAAT SANAYİ VE TİCARET LİMİTED ŞİRKETİ;BAĞDAT CD. SARKÖŞK AP. NO:103/2 KADIKÖY İSTANBUL;(216) 4502780;www.oreksmadencilik.com;oreksmadencilik.com;İMİB - İstanbul Maden İhracatçıları Birliği
ORENO MADENCİLİK ANONİM ŞİRKETİ;MİMAR SİNAN MAH.BOSNA CAD.GÜVEN 1 İŞ MERKEZİ NO:4 K:3 D:10 ÇEKMEKÖY İSTANBUL;(216) 6400640;http://www.orenostone.com;orenostone.com;İMİB - İstanbul Maden İhracatçıları Birliği
ORFİ MADENCİLİK MER.OTO.TEKS.ELK.ELNİK MAK.PLS.PET.TAŞ.İNŞ.TU.GID.M.OR.ÜR.İTH.İH.SAN.VE TİC.LTD.ŞTİ.;HAMİDİYE MAH. MİNEVİZ CAD.NO:41/1 MUSTAFAKEMALPAŞA BURSA;(224) 6120141;www.orfimadencilik.com;orfimadencilik.com;İMİB - İstanbul Maden İhracatçıları Birliği
ORGANİK KİMYA SAN. VE TİC. AŞ;CENDERE YOLU NO:146 MİMAR SİNAN MAH KEMERBURGAZ EYÜP İSTANBUL;02123310000;www.organik.com.tr;organik.com.tr;İMİB - İstanbul Maden İhracatçıları Birliği
ORGANİK MADENCİLİK MÜH. İNŞ. NAK. İTH. İHR. A.Ş.;KARŞIYAKA MAH.SANAYİ SİT. A BLOK N:9 YILDIZELİ SİVAS;(346) 7546767;www.organikmadencilik.com;organikmadencilik.com;İMİB - İstanbul Maden İhracatçıları Birliği
ORHUN METAL MADENCİLİK İNŞAAT SANAYİ VE TİCARET ANONİM ŞİRKETİ;BOSNA HERSEK CAD.21/5 ÇANKAYA ANKARA;03122155130;www.orhunmetal.com;orhunmetal.com;İMİB - İstanbul Maden İhracatçıları Birliği
ORKOM MADENCİLİK A.Ş.;AHİ EVRAN ORGANİZE SANAYİ BÖL.MAH. NAHÇİVAN CAD. NO:11 SİNCAN ANKARA;(312) 2676080;www.mnggold.com;mnggold.com;İMİB - İstanbul Maden İhracatçıları Birliği
ORMET METAL TİCARET ANONİM ŞİRKETİ;DR. ALADDİN YAVAŞÇA SOK. MARMARAAPT. NO.4 K.4 D.8 BEŞİKTAŞ İSTANBUL;(212) 2584955;www.ormet.com.tr;ormet.com.tr;İMİB - İstanbul Maden İhracatçıları Birliği
OR-METAL LİMİTED ŞİRKETİ;BAĞDAT CAD. SARI KÖŞK APT. NO.103/2 FENERYOLU KADIKÖY İSTANBUL;(216) 4502780;www.orkesmadencilik.com;orkesmadencilik.com;İMİB - İstanbul Maden İhracatçıları Birliği
OSA DIŞ TİC.LTD.ŞTİ.;İKİTELLİ ORGANİZE SANAYİ BÖLGESİ HASEYAD KOOPERATİFİ ATATÜRK BULV.2.KISIM NO:224/ BAŞAKŞEHİR İSTANBUL;(212) 6752035;www.osatrade.com;osatrade.com;İMİB - İstanbul Maden İhracatçıları Birliği
OTOCTON MADEN SANAYİ VE TİCARET A.Ş.;YENİŞEHİR MAH.ÖMER LÜTFÜ ÖZAYTAÇ CAD.ÖZÇELİK İŞ MERKEZİ NO:5/503 MERKEZ/KARABÜK PK:78100 MERKEZ KARABÜK;(370) 4153836;www.otoctonmaden.com;otoctonmaden.com;İMİB - İstanbul Maden İhracatçıları Birliği
OTTO EXPORT DIŞ TİCARET LİMİTED ŞİRKETİ;ÇUKURCUMA CAD. NO:27/A FİRUZAĞA 34225 BEYOĞLU, İSTANBUL, TÜRKİYE BEYOĞLU İSTANBUL;(212) 5260052;www.ottotiles.com.tr;ottotiles.com.tr;İMİB - İstanbul Maden İhracatçıları Birliği
OTTOMAR İNŞAAT VE LİMAN İŞLETMECİLİĞİ A.Ş.;KONUTKENT MAHALLESİ. 3035. CADDE. NO: 68/67. HAYRAN KULE ÇANKAYA/ANKARA ÇANKAYA ANKARA;(312) 5111121;https://ottomarina.com/marine-services-marine-locations-natural-stones-marble-granite-traverten-supp;ottomarina.com;İMİB - İstanbul Maden İhracatçıları Birliği
OTTOMET KİMYA ANONİM ŞİRKETİ;KÜÇÜKBAKKALKÖY MAH.DUDLLU CAD.N:23-25B/155 ATAŞEHİR İSTANBUL;(216) 5044488;www.ottomet.com;ottomet.com;İMİB - İstanbul Maden İhracatçıları Birliği
OVİ LOGİSTİCS İTHALAT İHRACAT SANAYİ VE TİCARET LİMİTED ŞİRKETİ;ATATÜRK MH İKİTELLİ CD NO:2A KÜÇÜKÇEKMECE İSTANBUL;(850) 3097779;www.ovicompaniy.net;ovicompaniy.net;İMİB - İstanbul Maden İhracatçıları Birliği
OVİ MOBİLYA DİZAYN SAN. VE TİC.LTD.ŞTİ.;AKÇABURGAZ MH 3136 SOK NO:18 ESENYURT İSTANBUL;(850) 3097779;www.ovicompaniy.net;ovicompaniy.net;İMİB - İstanbul Maden İhracatçıları Birliği
OZSA MAKINA SANAYI URUNLERI IMALAT VE TIC.LTD.STI.;YENI METAL SAN.SIT.13.BL.NO.15 SOKAK. SEYHAN ADANA;03224285065;www.ozsamakine.com;ozsamakine.com;İMİB - İstanbul Maden İhracatçıları Birliği
ÖKSİTAŞ İNŞAAT TAAHHÜT ARAŞTIRMA ŞEHİRCİLİK VE SANAYİ TİCARET LİMİTED ŞİRKETİ;EMNİYET TEPE MAH 2.KAHRAMAN SK. N:9/A EYÜP İSTANBUL;02126276534;www.oksitas.com.tr;oksitas.com.tr;İMİB - İstanbul Maden İhracatçıları Birliği
ÖMER FARUK SACINTI;CEBECI MAH. 2579. SK. NO: 3 A SULTANGAZİ İSTANBUL;(212) 6595210;www.imamogluoyuncakplastik.com;imamogluoyuncakplastik.com;İMİB - İstanbul Maden İhracatçıları Birliği
ÖMER KÜÇÜKALİ;MARMARA MAH. ÖNDER CAD. NO:5J/6 ESENYURT İSTANBUL;(212) 8764661;www.kucukalimermer.com.tr;kucukalimermer.com.tr;İMİB - İstanbul Maden İhracatçıları Birliği
ÖNAL NAKLİYAT GÜBRE SANAYİ VE TİC.LTD.ŞTİ.;ATALAR MAH.AZİZİYE ZAFERİ SK.NO:4 KÖRFEZ KOCAELİ;(262) 5282309;www.onalnakliyat.com.tr;onalnakliyat.com.tr;İMİB - İstanbul Maden İhracatçıları Birliği
ÖNDER MÜHENDİSLİK SANAYİ TİCARET ANONİM ŞİRKETİ;SANAYİ MAH. KUZEY SOK. NO:16 İZMİT KOCAELİ;(262) 3354747;www.onder.com;onder.com;İMİB - İstanbul Maden İhracatçıları Birliği
ÖZ MARMARA MERMER SANAYİ VE TİCARET ANONİM ŞİRKETİ;BANDIRMA BURSA ASFALTI 13.KMAKCAPINAR KOYU BANDIRMA BALIKESİR;(266) 7439375;www.ozmarmaramermer.com;ozmarmaramermer.com;İMİB - İstanbul Maden İhracatçıları Birliği
ÖZ OSMANLI KUYUMCULUK SANAYİ VE TİCARET LİMİTED ŞİRKETİ;BILEYICILER SOK. NO.36/A FATİH İSTANBUL;(212) 5270395;www.ozosmanli.com;ozosmanli.com;İMİB - İstanbul Maden İhracatçıları Birliği
ÖZADA KİMYA KAUÇUK PLASTİK SANAYİ VE TİCARET LİMİTED ŞİRKETİ;YENİDOĞAN MAHALLESİ KARAKAŞ SOKAK 7 /151 BAYRAMPAŞA İSTANBUL;(212) 6743659;www.ozadakimya.com;ozadakimya.com;İMİB - İstanbul Maden İhracatçıları Birliği
ÖZAK GEÇİŞ TEKNOLOJİLERİ SANAYİ TİCARET ANONİM ŞİRKETİ;ÇUHANE CD.NO:41135CIRAKLIK EGITIM MERK.KARSISI KARTEPE KOCAELİ;(262) 3734848;www.ozak-t.com.tr;ozak-t.com.tr;İMİB - İstanbul Maden İhracatçıları Birliği
ÖZAT MERMER MADENCİLİK İNŞAAT SANAYİ VE TİCARET ANONİM ŞİRKETİ;20. SK. ÇIMEN TORGAY SITESI NO: 1 /2 BADEMLİ MAH MUDANYA BURSA;;www.ozatmermer.com;ozatmermer.com;İMİB - İstanbul Maden İhracatçıları Birliği
ÖZBERK MADENCİLİK MERMER MAK. İML. İNŞ. GIDA ANTREPO İŞLET. NAKLİYE İTH. VE İHR. SAN. VE TİC.LTD.ŞTİ;GEDELEK MAH. AÇMALAR SAN. SİT. 17 BLK NO.2-3-5-6 ORHANGAZİ BURSA;(224) 5248875;www.ozberk.com;ozberk.com;İMİB - İstanbul Maden İhracatçıları Birliği
ÖZÇELİK MERMER İŞLETMELERİ SAN. VE TİC. A.Ş.;ATATÜRK CAD. NO:165 ALİBEYKÖY EYÜP İSTANBUL;(212) 6250163;www.ozcelikmarblegroup.com;ozcelikmarblegroup.com;İMİB - İstanbul Maden İhracatçıları Birliği
ÖZEN GLOBAL DIŞ TİCARET LTD.ŞTİ.;ORUCREİS MH TEKSTİLKENT CD ARA BLOK NO:27-28-8-9 ESENLER İSTANBUL;;www.ozen-global.com;ozen-global.com;İMİB - İstanbul Maden İhracatçıları Birliği
ÖZEN MERMER GRANİT İNŞ.SAN.VE TİC.LTD.ŞTİ.;FERHATPAŞA MAH.KARADENİZ.CAD.NO:90 ATAŞEHİR İSTANBUL;(216) 6612475;www.ozenmermer.com;ozenmermer.com;İMİB - İstanbul Maden İhracatçıları Birliği
ÖZER MEKATRONİK MÜHENDİSLİK ANONİM ŞİRKETİ;ÇERKEŞLİ ORG. SAN. BÖLGESİ İMES OSBİMES 9. CAD DİLOVASI KOCAELİ;(262) 6581770;www.ozerelektrik.com;ozerelektrik.com;İMİB - İstanbul Maden İhracatçıları Birliği
ÖZERLER MERMER MADEN İNŞAAT SANAYİ VE TİCARET LİMİTED ŞİRKETİ;FEVZI ÇAKMAK MH.SÜLÜN SK.NO:13 PENDİK İSTANBUL;(216) 3962651;www.ozerlermermer.com;ozerlermermer.com;İMİB - İstanbul Maden İhracatçıları Birliği
ÖZERSOYLAR DIŞ TİC.A.Ş.;FSM MAH. POLİGON CAD. BUYAKA İŞ KULELERİKULE 3 KAT:4 D.:25/30 TEPEÜSTÜ ÜMRANİYE İSTANBUL;(216) 3364878;www.ozersoylar.com;ozersoylar.com;İMİB - İstanbul Maden İhracatçıları Birliği
ÖZGÜR İNAN;FATİH MAH. YALI CAD. NO: 36 İÇ KAPI NO: 57 KÜÇÜKÇEKMECE İSTANBUL;;http://www.netaexclusive.com;netaexclusive.com;İMİB - İstanbul Maden İhracatçıları Birliği
ÖZGÜVEN TASARIM MİMARLIK İNŞAAT SANAYİ VE TİCARET A.Ş.;ORAN MAH. RAFET CANITEZ CAD. NO: 86 OR-AN ÇANKAYA ANKARA;(312) 4474262;www.ozguvenmimarlik.com;ozguvenmimarlik.com;İMİB - İstanbul Maden İhracatçıları Birliği
ÖZMAKSAN MERMER MAKİNALARI SAN.VE TİC. LTD.ŞTİ.;YENİŞEHİR MAH. MUSTAFA AKYOL SOK. MVK WORLD SQUASH EV OFİS SİTELERİNO:13 A1 BLOK KAT:1 D:24-26-27 PENDİK İSTANBUL;02165931222;www.ozmaksanmakine.com;ozmaksanmakine.com;İMİB - İstanbul Maden İhracatçıları Birliği
ÖZMEN GAYRİMENKUL YATIRIMLARI VE İNŞAAT SANAYİ TİCARET ANONİM ŞİRKETİ;ÇINAR MAH TURGUT ÖZAL BULVARİ NO:65 MALTEPE İSTANBUL;(216) 3145870;www.ozmengroup.com;ozmengroup.com;İMİB - İstanbul Maden İhracatçıları Birliği
ÖZMERSAN MERMER MAKİNA İNŞAAT İTHALAT İHRACAT PAZARLAMA SANAYİ VE TİCARET LİMİTED ŞİRKETİ;3. TOPTANCILAR SOKAK A APT. NO:2/405 MERKEZ-SİVAS GÜLTEPE 58010 SİVAS, SIVAS, TÜRKİYE SİVAS SİVAS;(346) 2252544;www.ozmersan.com.tr;ozmersan.com.tr;İMİB - İstanbul Maden İhracatçıları Birliği
ÖZNE METAL SAN.VE TİC.LTD.ŞTİ.;DEFTERDAR MAH.OTAKÇILAR CAD. NO:76/2-3 EYÜP İSTANBUL;(212) 3378616;www.oznekol.com;oznekol.com;İMİB - İstanbul Maden İhracatçıları Birliği
ÖZTİRYAKİLER MADENİ EŞYA SANAYİ VE TİCARET ANONİM ŞİRKETİ;CUMHURİYET MAH. ESKİ HADIMKÖY YOLU CAD. NO.8 1 NO.LU BAĞIMSIZ BÖLÜM BÜYÜKÇEKMECE İSTANBUL;(212) 8867800;www.oztiryakiler.com.tr;oztiryakiler.com.tr;İMİB - İstanbul Maden İhracatçıları Birliği
ÖZTÜRKTAŞ MADENCİLİK İNŞAAT NAK.DIŞ TİC.LTD.ŞTİ.;SARAYLAR MAH. MARMARA ADASI MARMARA BALIKESİR;(266) 8877475;www.ozturktasmadencilik.com.tr;ozturktasmadencilik.com.tr;İMİB - İstanbul Maden İhracatçıları Birliği
ÖZVERLER RESIM ÇERÇEVE SAN.VE TIC.LTD.ŞTI.;ORG.SAN.BÖLG.TORMAK SAN.SIT.C BLOK NO.8 KÜÇÜKÇEKMECE İSTANBUL;;www.ozverler.com.tr;ozverler.com.tr;İMİB - İstanbul Maden İhracatçıları Birliği
ÖZYANGINCI YAPI MALZ.İNŞ.TES.SAN.VE TİC.A.Ş;ABDURRAHMAN GAZİ MH GÜLERYÜZ CD NO:29 SANCAKTEPE İSTANBUL;(216) 3351160;www.ozyanginci.com.tr;ozyanginci.com.tr;İMİB - İstanbul Maden İhracatçıları Birliği
ÖZYAŞAR TEL VE GALVANİZLEME SANAYİ ANONİM ŞİRKETİ;FEVZİPAŞA MAH. GÖLET CAD. NO.15 DEĞİRMENKÖYÜ SİLİVRİ İSTANBUL;(212) 5471645;www.ozyasar.com;ozyasar.com;İMİB - İstanbul Maden İhracatçıları Birliği
ÖZYIL TUZ İŞLETMECİLİĞİ GIDA NAKLİYAT MAKİNA İNŞAAT TİCARET VE SANAYİ LTD.ŞTİ.;ARABACI ALANI MAH. ESKİ KAZIMPAŞA CAD. NO.119/A SERDİVAN SAKARYA;(264) 2777607;www.marmaratuz.com;marmaratuz.com;İMİB - İstanbul Maden İhracatçıları Birliği
PANDA SANAYİ VE DIŞ TİCARET ANONİM ŞİRKETİ;İKİTELLİ ORG.SAN.BOLG.TURGUT ÖZAL CAD.NO.109/A 1.BODRUM KAT İKİTELLİ BAŞAKŞEHİR İSTANBUL;(212) 5499770;www.pandapano.com;pandapano.com;İMİB - İstanbul Maden İhracatçıları Birliği
PAR-MER PARLAYANLAR MERMER TAŞ İNŞAAT MALZEMELERİ VE TAAHHÜT NAKLİYE SANAYİ VE TİCARET LİMİTED ŞTİ.;TATLICAK MAH. KONİMSAN SAN SİT. UMURLU SOK. NO: 6 KARATAY KONYA;(332) 3551681;www.par-mer.com.tr;par-mer.com.tr;İMİB - İstanbul Maden İhracatçıları Birliği
PASİFİK MERMER SANAYİ TİCARET LTD.ŞTİ.;CUMHURİYET MAH. NİLÜFER HATUN CADDESİ SELİN SİTESİNO.150 B BLOK D.4 NİLÜFER BURSA;(224) 4527722;www.pasifikmermer.com;pasifikmermer.com;İMİB - İstanbul Maden İhracatçıları Birliği
PASS GLOBAL ULUSLARARASI TAŞIMACILI DIŞ TİCARET LİMİTED ŞİRKETİ;CUMHURİYET MAHALLESİ MÜJDAT KÖSTENDİL CADDESİ NO 1 OSMANGAZİ BURSA;(224) 0000000;www.kargopass.com;kargopass.com;İMİB - İstanbul Maden İhracatçıları Birliği
PB DELTA GRUP ORGU SAN.VE TIC. LTD.STI.;ŞEREFALİ MH SERDİVAN SK NO:21 ÜMRANİYE İSTANBUL;(216) 4200345;www.pbdelta.com.tr;pbdelta.com.tr;İMİB - İstanbul Maden İhracatçıları Birliği
PB DIS TIC.LTD.STI.;BARBAROS MAH SARKAÇ SK MY PRESTİGE SİT NO:1A K:7 D:53-54 ATAŞEHİR İSTANBUL;(216) 5738596;www.pbforeigntrade.com;pbforeigntrade.com;İMİB - İstanbul Maden İhracatçıları Birliği
PEKERLER İNŞAAT ENERJİ TAŞIMACILIK TURİZM SANAYİ VE TİCARET LİMİTED;İLKBAHAR MAH 596 SK NO 71/4 ÇANKAYA ANKARA;(312) 4913938;http://www.pekerlerinsaat.com;pekerlerinsaat.com;İMİB - İstanbul Maden İhracatçıları Birliği
PENKA MADEN INS.MUH.MUM.HAZIR HARC SAN.VE TIC.LTD.STI.;NECATIBEY CD.NO:21/17 ÇANKAYA ANKARA;(312) 2304349;www.penka.com.tr;penka.com.tr;İMİB - İstanbul Maden İhracatçıları Birliği
PENSAN KALEM VE KAĞIT SANAYİ TİCARET A.Ş.;TEVFIKBEY MAH.TAHSIN TEKOGLUCAD.NO.25 SEFAKÖY KÜÇÜKÇEKMECE İSTANBUL;(212) 5980472;www.pensan.com.tr;pensan.com.tr;İMİB - İstanbul Maden İhracatçıları Birliği
PERKİNELMER SAĞLIK VE ÇEVRE BİLİMLERİ LTD.ŞTİ;BAĞLAR CAD. NO:14 OFİSPARK MERKEZ MAH KAĞITHANE İSTANBUL;(212) 3121100;www.perkinelmer.com;perkinelmer.com;İMİB - İstanbul Maden İhracatçıları Birliği
PERLA DOĞAL TAŞ SANAYİ VE TİCARET LİMİTED ŞİRKETİ;İSMETPAŞA MAH KADER SK MUTLU KENT B BLOK NO:4/B İÇKAPI NO 10 MERKEZ BİLECİK;(228) 2129825;www.perlastone.com.tr;perlastone.com.tr;İMİB - İstanbul Maden İhracatçıları Birliği
PERLADIA TİCARET VE DANIŞMANLIK ANONİM ŞİRKETİ;KIZILIRMAK MAH 1445 SK 1445 SK. NO:2/1 İÇ KAPI NO4 ÇANKAYA ANKARA;(312) 2842210;http://www.perladia.com;perladia.com;İMİB - İstanbul Maden İhracatçıları Birliği
PERLIT MADEN ISLT.URETIM SAN. VE TIC.LTD.STI.;TARSUS ORG SAN. BÖL 1.CADDE N:7 TARSUS MERSIN;(324) 6764399;www.ultraper.com;ultraper.com;İMİB - İstanbul Maden İhracatçıları Birliği
PERO MİKRONİZE MİNERAL TEKNOLOJİLERİ TİCARET LİMİTED ŞİRKETİ;MERDİVENKÖY MAH. DİKYOL SOK. B BLOK NO:2 /179 KADIKÖY İSTANBUL;;http://www.pero.com;pero.com;İMİB - İstanbul Maden İhracatçıları Birliği
PERPAEXPO ELEKTRONİK ANONİM ŞİRKETİ;HALİL RIFAT PAŞA MAH.YÜZER HAVUZ SK.PERPA TİC. MERB BLOK NO: 1/1 İÇ KAPI NO: 2388 ŞİŞLİ İSTANBUL;(212) 2220141;http://www.perpaexpo.com.tr;perpaexpo.com.tr;İMİB - İstanbul Maden İhracatçıları Birliği
PERTAS METAL INSAAT TURIZM SAN VE TIC.LTD.STI.;UZUNCAYIR CAD. NO:24/8 KADIKÖY İSTANBUL;(216) 3268159;www.pertas.net;pertas.net;İMİB - İstanbul Maden İhracatçıları Birliği
PETRA DOĞAL TAŞ İNŞAAT SANAYİ VE TİCARET LİMİTED ŞİRKETİ;BARBAROS HAYRETTİN PAŞA MAHALLESİ 1997 SOKAK PARK KONUTLARI SİTESİ B BLOK NO:3A DAİRE 17 ESENYURT İSTANBUL;;http://www.petralimited.com;petralimited.com;İMİB - İstanbul Maden İhracatçıları Birliği
PFERD AŞINDIRICI TAKIMLAR TİC.LTD.ŞTİ.;MARMARA GERİ DÖNÜŞÜMCÜLER SİT ŞEKERPINAR MH DEFNE SK NO:22A ÇAYIROVA KOCAELİ;(262) 6589990;www.pferd.com;pferd.com;İMİB - İstanbul Maden İhracatçıları Birliği
PIEXPORT İNŞAAT PAZARLAMA İTHALAT İHRACAT SAN. VE TİC. LTD.ŞTİ;KEMANKEŞ KARAMUSTAFAPAŞA MAH. SEMT MANGIR SOK. SED KEMANKEŞ BEYOĞLU İSTANBUL;(212) 5735530;www.piexport.com;piexport.com;İMİB - İstanbul Maden İhracatçıları Birliği
PINKAR KIMYA SANAYI VE TICARET ANONİM ŞİRKETİ;OSMANGAZİ MAH. MEHMET DENİZ KOPUZ CAD. NO: 25 34510 ESENYURT İSTANBUL;(212) 2190128;www.pinkar.com;pinkar.com;İMİB - İstanbul Maden İhracatçıları Birliği
PİKASAN YAPI ÜRÜNLERİ SANAYİ VE TİCARET LİMİTED ŞİRKETİ;HAVAALANI MAH. ULUDAG CAD. NO:2 ESENLER İSTANBUL;(212) 4308700;www.pikasan.com;pikasan.com;İMİB - İstanbul Maden İhracatçıları Birliği
PİLSAN DIŞ TİC. LTD. ŞTİ.;YENİ MAH. MERKEZ BUCAĞI D-100KARAYOLU CAD. NO.32 BÜYÜKKARIŞTIRAN BELDESİ LÜLEBURGAZ/KIRKLARELİ? ESENYURT İSTANBUL;(212) 6891141;www.pilsan.com.tr;pilsan.com.tr;İMİB - İstanbul Maden İhracatçıları Birliği
PİLSAN PLASTİK VE OYUNCAK SANAYİ ANONİM ŞİRKETİ;YENİ MAHALLE MERKEZ BUCAĞI D-100 KARAYOLUCADDESİ NO:32 BÜYÜK KARIŞTIRAN BELDESİ LÜLEBURGAZ KIRKLARELİ;(850) 8500767;www.pilsan.com.tr;pilsan.com.tr;İMİB - İstanbul Maden İhracatçıları Birliği
PİMAK PROFESYONEL MUTFAK LİMİTED ŞİRKETİ;İKİTELLİ OSB MH ATATÜRK BULVARI ELİ M. TOKATLI İS MERKEZİ NO:112/4 BAŞAKŞEHİR İSTANBUL;(850) 4808084;www.pimak.com;pimak.com;İMİB - İstanbul Maden İhracatçıları Birliği
PLASTO PLASTİK ORGANİZE İTHALAT VE İHRACAT LİMİTED ŞİRKETİ;ANKARA CAD. AKSEKİ SOK. NO: 2A DOLAYOBA PENDİK İSTANBUL;(216) 3799200;www.plasto.com.tr;plasto.com.tr;İMİB - İstanbul Maden İhracatçıları Birliği
PLATO MERMER MADENCİLİK İNŞAAT SANAYİ VE TICARET LTD. ŞTİ.;ADIL MAH. DEMOKRASI CAD. NO.19 SULTANBEYLİ İSTANBUL;(216) 5920111;www.platomarble.com;platomarble.com;İMİB - İstanbul Maden İhracatçıları Birliği
POLAT MADEN SANAYI VE TICARET A.S.;BÜYÜKDERE CADDESİ POLAT HAN NO:87/3 MECİDİYEKÖY ŞİŞLİ İSTANBUL;(212) 2136095;www.polatholding.com;polatholding.com;İMİB - İstanbul Maden İhracatçıları Birliği
POLİFARMA İLAÇ SANAYİ VE TİCARET ANONİM ŞİRKETİ;HALKALI MERKEZ MAH.BASIN EKSPRES CAD.CAPITAL TOWERS İŞ MERKZ.N:9 K:6 KÜÇÜKÇEKMECE İSTANBUL;(212) 4810013;www.polifarma.com.tr;polifarma.com.tr;İMİB - İstanbul Maden İhracatçıları Birliği
POLİKOR İHRACAT İTHALAT VE TİCARET LTD. ŞTİ.;IZMIR YOLU 25.KM BŞKÖY MEVKİİ NO:1 NİLÜFER BURSA;02244490220;www.polikor.com;polikor.com;İMİB - İstanbul Maden İhracatçıları Birliği
POLİN KİMYA SANAYİ TİCARET ANONİM ŞİRKETİ;AYDINLI MAH. BİRLİK ORGANİZE SAN. BÖLGESİ BATI CAD. 5.SOK. NO:26 TUZLA İSTANBUL;(216) 5933353;www.polinkimya.com;polinkimya.com;İMİB - İstanbul Maden İhracatçıları Birliği
POLİNAS PLASTİK SANAYİ VE TİCARET A.Ş.;ORGANIZE SANAYI BOLGESI CUMHURIYET CAD. NO:2 MANİSA MANİSA;(236) 2330470;www.polinas.com.;polinas.com.;İMİB - İstanbul Maden İhracatçıları Birliği
POLİVİN KİMYA SANAYİ VE TİCARET ANONİM ŞİRKETİ;ÇINAR MAH. ATATÜRK CAD. MANSUR IŞIK İŞ MERK.NO:44 K:3 KÜÇÜKYALI MALTEPE İSTANBUL;(216) 5492010;www.polivin.com.tr;polivin.com.tr;İMİB - İstanbul Maden İhracatçıları Birliği
POLTAŞ İNŞAAT TAAHHÜT VE TİC. A.Ş.;ATATÜRK MAH. ERTUĞRUL GAZİ SK. METROPOL SİTESİC1 BLOK NO 260 ATAŞEHİR İSTANBUL;(216) 5146359;www.poltasinsaat.com;poltasinsaat.com;İMİB - İstanbul Maden İhracatçıları Birliği
POLTEK POLYESTER VE BOYA SAN. TİC. LTD. ŞTİ.;OSTİM MAH. AĞAÇ İŞLERİ SAN. SİTESİ1354.CAD. 1374.SK. NO:10 OSTİM YENİMAHALLE ANKARA;(312) 3954050;www.poltekpolyester.com.tr;poltekpolyester.com.tr;İMİB - İstanbul Maden İhracatçıları Birliği
POLY FLEX GEOMEBRANE YALITIM SANAYİ TİCARET LİMİTED ŞİRKETİ;YENİ BATI MAH.2397 SK NO:5 YENİMAHALLE ANKARA;(312) 9221042;polyflexgeomembrane.com;polyflexgeomembrane.com;İMİB - İstanbul Maden İhracatçıları Birliği
POLYEXİM İÇ VE DIŞ TİC.LTD.ŞTİ.;İKİTELLİ OSB AYMAKOOP SAN.SİT.B-9 BLOK NO:20 BAŞAKŞEHİR İSTANBUL;(212) 6714441;http://www.polyexim.com.tr;polyexim.com.tr;İMİB - İstanbul Maden İhracatçıları Birliği
POLYTEKPROM TEKNİK MAKİNA İTHALAT İHRACAT SANAYİ VE TİCARET LİMİTED ŞİRKETİ;NİSPETİYE MH GAZİ GÜÇNAR SK UYGUR İS MERKEZİ 4/2 BEŞİKTAŞ İSTANBUL;;www.polytekprom.eu;polytekprom.eu;İMİB - İstanbul Maden İhracatçıları Birliği
POMA MADENCİLİK SANAYİ VE TİCARET ANONİM ŞİRKETİ;ARDIÇ SOKAK NO:4 G1/12 KAT 2BARBAROS MAHALLESİ 34746 ATAŞEHİR İSTANBUL;(216) 5040227;www.poma.com.tr;poma.com.tr;İMİB - İstanbul Maden İhracatçıları Birliği
POYDEM MERMER İNŞAAT TEKSTİL SAN. VE TİC.LTD.ŞTİ.;CANBALI MAHALLESİ ÇAKILLIKUYU MEVKİ SUBAŞI PLAZA NO:24/1 KARACABEY BURSA;;www.poydem.com.tr;poydem.com.tr;İMİB - İstanbul Maden İhracatçıları Birliği
PPG INDUSTRIES KIMYA SANAYİ VE TICARET ANONİM ŞİRKETİ;D-100 GÜNEY YANYOL CAD. KURİS KULE KAT:15CEVİZLİ 34865 KARTAL KARTAL İSTANBUL;02242424290;www.ppg.com;ppg.com;İMİB - İstanbul Maden İhracatçıları Birliği
PREMİER TRADE İÇ VE DIŞ TİCARET LİMİTED ŞİRKETİ;ATAEVLER MAH.SELİN SOK.NO:27 KARTEPE KOCAELİ;;www.mericeltd.co.uk;mericeltd.co.uk;İMİB - İstanbul Maden İhracatçıları Birliği
PRODAR MUH. INS.SAN.TIC.LTD.STİ.;ATATÜRK MH.CAN CD.NO:1 KAT:4 SARIGAZİ SANCAKTEPE İSTANBUL;02167151314;www.prodar.com;prodar.com;İMİB - İstanbul Maden İhracatçıları Birliği
PRODEM ÜRÜN GELİŞTİRME SANAYİ VE TİCARET LİMİTED ŞİRKETİ;ETİLER MAH. NİSPETİYE CAD. NO: 130 / 5 BEŞİKTAŞ İSTANBUL;(212) 3584940;www.prodemltd.com;prodemltd.com;İMİB - İstanbul Maden İhracatçıları Birliği
PRODİNOX METAL MAKİNA İNŞAAT SANAYİ VE TİCARET ANONİM ŞİRKETİ;ŞEKERPINAR MAH. DEFNE SK. NO:24 ÇAYIROVA KOCAELİ;(262) 6589030;www.prodinoxmetal.com;prodinoxmetal.com;İMİB - İstanbul Maden İhracatçıları Birliği
PROFİNOKS ENDÜSTRİYEL MUTFAK EKİP. İNŞAAT TURİZM YAPI MALZEMELERİ SANAYİ VE TİCARET LİMİTED ŞİRKETİ;TOPÇULAR MAHALLESİ RAMİ KIŞLA CADDESİ NO:72/3 EYÜP İSTANBUL;;www.profinoks.com.tr;profinoks.com.tr;İMİB - İstanbul Maden İhracatçıları Birliği
PROPERLİT MADENCİLİK İHRACAT TİCARET ANONİM ŞİRKETİ;KIZILAY MAHALLESİ İZMİR 2 CAD KONAK APT.NO:55 İÇ KAPI 11 ÇANKAYA ANKARA;(312) 3112881;http://www.properlite.com;properlite.com;İMİB - İstanbul Maden İhracatçıları Birliği
PROSİSTA YAPI SİSTEMLERİ SANAYİ DIŞ TİCARET ANONİM ŞİRKETİ;PİAZZA OFİS CEVİZLİ MH TUGAY YOLU CD NO:69A KAT:19/19A MALTEPE İSTANBUL;(000) 4445772;www.prosista.com;prosista.com;İMİB - İstanbul Maden İhracatçıları Birliği
PROTART ELEKTRİK VE BİLİŞİM TEKNOLOJİLERİ DIŞ TİCARET ANONİM ŞİRKETİ;HALİL RIFAT PAŞA MH YÜZER HAVUZ SK PERPA TİC MERKEZİ NO:1/1 B BLOK KAT:6/708 ŞİŞLİ İSTANBUL;(212) 2314905;www.protart.com.tr;protart.com.tr;İMİB - İstanbul Maden İhracatçıları Birliği
PROTED PROTEZ ORTEZ ANONİM ŞİRKETİ;İVEDİK OSB MELİH GOKÇEK BULVARI, PROTED PARK 151/49 YENİMAHALLE ANKARA;(312) 3947575;www.protedglobal.com;protedglobal.com;İMİB - İstanbul Maden İhracatçıları Birliği
PRO-TEK ANALİTİK VE ENDÜSTRİYEL SİSTEMLER LTD.ŞTİ.;ATAKENT MAH.DICLE CAD. NO:29/1-2 ATAKENT ÜMRANİYE İSTANBUL;02163293960;www.protekanalitik.com;protekanalitik.com;İMİB - İstanbul Maden İhracatçıları Birliği
PRO-TEK MUSAVIRLIK MUHENDISLIK SAN.TIC.LTD.STI.;IST YOLU 15.KM.GERSAN SAN.SIT.TAHSIN KAHRAMAN CAD. 653.SOK YENİMAHALLE ANKARA;03122563153;www.protek-korozyon.com;protek-korozyon.com;İMİB - İstanbul Maden İhracatçıları Birliği
PROTEK YANGIN VE GÜVENLİK SİSTEMLERİ ANONİM ŞİRKETİ;GİRNE MAH. IRMAKLAR SOK. KÜÇÜKYALI İŞ MERKZ.B BLOK NO:72-5B/1 MALTEPE İSTANBUL;(212) 4894999;www.protek.gen.tr;protek.gen.tr;İMİB - İstanbul Maden İhracatçıları Birliği
PROVEL TÜKETİM ÜRÜNLERİ SAN. VE TİC. A.Ş.;HALKALI MH. DEREBOYU CAD. NO:11 KAT:2 KÜÇÜKÇEKMECE İSTANBUL;(212) 4718400;www.parex.com.tr;parex.com.tr;İMİB - İstanbul Maden İhracatçıları Birliği
PULCRA KİMYA SANAYİ VE TİCARET ANONİM ŞİRKETİ;BEYLİKBAĞI MAH. 341 SOK. NO.1 GEBZE KOCAELİ;(262) 6754449;www.pulcra-chemical.com;pulcra-chemical.com;İMİB - İstanbul Maden İhracatçıları Birliği
PUSULA DOĞALTAŞ VE MADENCİLİK A.Ş.;MEDYA MAH. 629/1. SOK. ÇEYSA YAPI ÖNYA PARK B BLOK 9.KAT N0.45 KAYAPINAR DİYARBAKIR;(412) 2291121;www.pusulamarble.com;pusulamarble.com;İMİB - İstanbul Maden İhracatçıları Birliği
PÜRKAY BOYA VE KIMYA SAN.A.Ş.;SELANIK BULV. GOKSIN SOK. NO:4 KEMERBURGAZ EYÜP İSTANBUL;02123600049;www.purkay.com;purkay.com;İMİB - İstanbul Maden İhracatçıları Birliği
PYROCOPPER GLOBAL ENRJİ METAL MADEN İTHALAT İHRACAT SANAYİ VE TİCARET ANONİM ŞİRKETİ;19 MAYIS MAH. DERE SOKAK SEYFİ BEY İŞ HANI NO :23/1/11 ŞİŞLİ İSTANBUL;(212) 0000000;https://pyrocopperglobal.com/;pyrocopperglobal.com;İMİB - İstanbul Maden İhracatçıları Birliği
QİS YAPI KİMYASALLARI ANONİM ŞİRKETİ;KARADENİZLİLER MAH. ORDULU CAD. 2 BBLOK NO:57/5 BAŞİSKELE KOCAELİ;(262) 6550013;www.qisturkiye.com;qisturkiye.com;İMİB - İstanbul Maden İhracatçıları Birliği
QUEENTEX KİMYA BOYA TEKSTİL SAN. VE TİC. LTD. ŞTİ.;KAYABAŞI MAH. SAFAHAT SK. 18.BÖLGE 1.ETAP C1NO:10/9 BAŞAKŞEHİR İSTANBUL;;www.queentexkimya.com.tr;queentexkimya.com.tr;İMİB - İstanbul Maden İhracatçıları Birliği
RADYANCI ENDÜSTRİYEL MUTFAK CİHAZLARI İTHALAT İHRACAT SANAYİ VE TİCARET LİMİTED ŞİRKETİ;HALİL RIFAT PAŞA MH YÜZER HAVUZ SK PERPA TİC MERKEZİ B BLOK KAT:2/35 KASIMPAŞA BEYOĞLU İSTANBUL;;www.radyanci.com;radyanci.com;İMİB - İstanbul Maden İhracatçıları Birliği
RAFİNE BİLLUR TUZ SANAYİ ANONİM ŞİRKETİ;BARBAROS BULV. NO:155/B BALMUMCU BEŞİKTAŞ İSTANBUL;(212) 2191065;www.billurtuz.com.tr;billurtuz.com.tr;İMİB - İstanbul Maden İhracatçıları Birliği
RA-KA İTHALAT İHRACAT İNŞAAT SANAYİ TİCARET LİMİTED ŞİRKETİ;19 MAYIS MH.19MAYIS CD.DR.ISMET OZTURK SK.N:8 SAHIN APT. ŞİŞLİ İSTANBUL;02122919977;www.ra-ka.com.tr;ra-ka.com.tr;İMİB - İstanbul Maden İhracatçıları Birliği
RAKSMAR MADENCILIK VE DIS TIC. LTD.STI.;YENİDOĞAN MAH.MERMERCİLER CAD.NO:39 SANCAKTEPE İSTANBUL;(216) 4455123;www.raksmar.com;raksmar.com;İMİB - İstanbul Maden İhracatçıları Birliği
RAM DIŞ TİCARET A.Ş.;RUZGARLIBAHCE KAVACIK KAVSAGIENERGY PLAZA K.2 BEYKOZ İSTANBUL;(216) 5381100;www.ram.com.tr;ram.com.tr;İMİB - İstanbul Maden İhracatçıları Birliği
RAS METAL SAN.TİC. LTD ŞTİ;RAUF ORBAY CADDESİ NO : 4 YALI ATAKÖY SİTESİ C BLOK DAİRE 53 ATAKÖY BAKIRKÖY, İSTANBUL, TÜRKİYE BAKIRKÖY İSTANBUL;(212) 4250016;www.rasmetal.com.tr;rasmetal.com.tr;İMİB - İstanbul Maden İhracatçıları Birliği
RE GRUP ENDÜSTRİYEL ÜRÜNLER SANAYİ VE DIŞ TİCARET LİMİTED ŞİRKETİ;CEVIZLI MAH. TUGAY YOLU CAD. OFISIM ISTANBULA BLOKNO: 20 A IÇ KAPI NO: 41 MALTEPE İSTANBUL;(216) 7064367;http://www.bars.ge;bars.ge;İMİB - İstanbul Maden İhracatçıları Birliği
REAKSİYON KİMYA ANONİM ŞİRKETİ;ÖRNEKTEPE MAHALLESİ MAKSEM İŞ MERKEZİ NO:30 KAT:1 KERVANSARAY SOKAK SÜTLÜCE BEYOĞLU İSTANBUL;02124861720;www.reaksiyon.com.tr;reaksiyon.com.tr;İMİB - İstanbul Maden İhracatçıları Birliği
REALTAŞ GRANİT MERMER TİCARET VE SANAYİ LİMİTED ŞİRKETİ;ŞEYH ŞAMİL OSB. 2. SOKAK NO:1/1 MERKEZ SİVAS;(346) 0000000;http://www.realtas.com.tr;realtas.com.tr;İMİB - İstanbul Maden İhracatçıları Birliği
REDRİNGS KOZMETİK AMBALAJ SANAYİ VE TİCARET LİMİTED ŞİRKETİ;MERKEZ MAH. AYAZMA CAD. NEF 11 SİTESİ D BLOKNO:21/46 KAĞITHANE İSTANBUL;(212) 8031020;www.basakmarketing.com;basakmarketing.com;İMİB - İstanbul Maden İhracatçıları Birliği
REEL TUZ KİMYA GIDA MADEN İNŞ. TAR. ÜRN. OTO TAŞ. TUR. PAZ. SAN. VE TİC. LTD. ŞTİ.;M.AKİF MH.FAHARİYE CD.N:121İKİTELLİ KÜÇÜKÇEKMECE İSTANBUL;(212) 4942304;www.reeltuz.com;reeltuz.com;İMİB - İstanbul Maden İhracatçıları Birliği
REFİZ REFRAKTER VE İZOLASYON MONTAJ TEKSTİL DANIŞMANLIK HİZMETLERİ SANAYİ TİCARET LİMİTED ŞİRKETİ;EĞİTİM MAHALLESİ 1. AÇIKGÖZ SOKAK ATAK PLAZA NO:4/17 KADIKÖY İSTANBUL;(216) 3385581;www.refiz.com;refiz.com;İMİB - İstanbul Maden İhracatçıları Birliği
REİSOĞLU MERMER SANAYİ VE TİCARET LİMİTED ŞİRKETİ;ZÜHTÜPAŞA MAH. BAĞDAT CADDESİ VEYSELBEY APT NO:82/1 KADIKÖY İSTANBUL;(272) 3413030;www.efesusstone.com;efesusstone.com;İMİB - İstanbul Maden İhracatçıları Birliği
REMET METAL SAN. VE TİC. LTD.ŞTİ.;KUŞTEPE MH MECİDİYEKÖY YOLU CD TRUMP TOWER BLOK NO:12/377 KULE 1 2704 MECİDİYEKÖY ŞİŞLİ İSTANBUL;(212) 4811204;www.remet.com.tr;remet.com.tr;İMİB - İstanbul Maden İhracatçıları Birliği
REMIK KIMYA SANAYII VE TICARET A.S.;ESENLER MAH. KAHRAMANLAR CAD. NO:71 PENDİK İSTANBUL;(216) 3075040;www.remikkimya.com.tr;remikkimya.com.tr;İMİB - İstanbul Maden İhracatçıları Birliği
REN-MED TIBBI URUNLER TICARET LTD.STI.;BIRLIK MAH 411 SOK 10/4 ÇANKAYA ANKARA;03124965407;www.renmed.com.tr;renmed.com.tr;İMİB - İstanbul Maden İhracatçıları Birliği
RENTAŞ MERMER MADEN SANAYİ VE TİCARET LİMİTED ŞİRKETİ;HÜRRIYET MAH YESILOVA CAD. NO:74 KARAMANLI BURDUR;(248) 5314202;www.rentas.com.tr;rentas.com.tr;İMİB - İstanbul Maden İhracatçıları Birliği
REPA İTHALAT VE İHRACAT LTD.ŞTİ.;T.H.Y. SİTESİ A BLOK D1/A ORTAKÖY BEŞİKTAŞ İSTANBUL;(212) 3279393;www.repa.com.tr;repa.com.tr;İMİB - İstanbul Maden İhracatçıları Birliği
RESA MADENCİLİK TİC.VE SAN.LTD.ŞTİ.;GÜRSU MAH. 312. SK. MANOLYA APT. A BLOK NO:22/4 KONYAALTI ANTALYA;(242) 2595891;www.resastone.com;resastone.com;İMİB - İstanbul Maden İhracatçıları Birliği
RESPA KIMYA BOYA SAN.VE TIC. LTD.STI.;SARAY MEVKII GOCERLER KOYUPARSEL NO-56 SARAY TEKİRDAĞ;02827986889;www.respachemicals.com;respachemicals.com;İMİB - İstanbul Maden İhracatçıları Birliği
RFL AKVARYUM SİSTEMLERİ SAN.VE TİC.LTD ŞTİ;BAHÇEŞEHİR 2.KISIM MH.ANADOLU CD. VİLLA KARINCALAR SİT. VİLLA 34 BLOK NO:38/AK BAŞAKŞEHİR / İSTANBUL BAŞAKŞEHİR İSTANBUL;(212) 6606806;www.reeflowers.com;reeflowers.com;İMİB - İstanbul Maden İhracatçıları Birliği
RHI MAGNESİTA TURKEY REFRAKTER TİCARET ANONİM ŞİRKETİ;DUTLUCA MAHALLESİ İNÖNÜ İNÖNÜ ESKİŞEHİR;(222) 2110100;www.rhimagnesita.com;rhimagnesita.com;İMİB - İstanbul Maden İhracatçıları Birliği
RITIM GRUP TIBBI CIH.ELK.SAN.TİC.A.Ş.;İVEDİK O.S.B 2224.CD. NO:1/216PK:06378 YENİMAHALLE ANKARA;(312) 2560030;www.ritimport.com;ritimport.com;İMİB - İstanbul Maden İhracatçıları Birliği
ROBOTZADE ROBOT TEKNOLOJİLERİ ELEKTRONİK SAN. VE DIŞ. TİC. LTD. ŞTİ.;PERPA TİCARET MERKEZİ B BLOK KAT:8 NO:871PK:34384 ŞİŞLİ İSTANBUL;(212) 2204449;www.robotzade.com;robotzade.com;İMİB - İstanbul Maden İhracatçıları Birliği
ROCHE DİAGNOSTİCS TURKEY A.Ş.;ESENTEPE MAHALLESİ KIRGÜLÜ SOKAK NO:4 ESENTEPE ŞİŞLİ İSTANBUL;(212) 3060606;www.roche.com;roche.com;İMİB - İstanbul Maden İhracatçıları Birliği
ROGI İNŞAAT AHŞAP MİMARLIK PROJE UYGULAMA LİMİTED ŞİRKETİ;FERHATPAŞA MAH. AKDENİZ CAD G-61 SOK. NO.6 ATAŞEHİR İSTANBUL;(216) 6613273;www.rogi.com.tr;rogi.com.tr;İMİB - İstanbul Maden İhracatçıları Birliği
ROGİ YAPI TAAHHÜT VE DIŞ TİCARET LİMİTED ŞİRKETİ;ATAŞEHİR FERHATPAŞA 61.SOK.N:6-8 ATAŞEHİR İSTANBUL;(216) 6613273;www.smatdt.com.tr;smatdt.com.tr;İMİB - İstanbul Maden İhracatçıları Birliği
RO-MER MERMER MADENCİLİK SANAYİ VE TİCARET LİMİTED ŞİRKETİ;ORGANIZE SAN.BOLGESI 8.YOL MERKEZ ELAZIĞ;(424) 2555473;www.romermarble.com;romermarble.com;İMİB - İstanbul Maden İhracatçıları Birliği
ROREN MÜCEVHERAT İTHALAT İHRACAT SANAYİ TİCARET LİMİTED ŞİRKETİ;YENİBOSNA MERKEZ MAHALLESİ, 29 EKİM CADDESİ, KUYUMCUKENT KOMPLEKSİ ATÖLYE BLOĞU, 1. KAT, 6. SOKAKNO:10. BAHÇELİEVLER İSTANBUL;(212) 9246422;http://roren.com.tr;roren.com.tr;İMİB - İstanbul Maden İhracatçıları Birliği
ROTA MADENCILIK TARIM HAYV.PAZ VE NAKL.DIS TIC.A.S.;TÜTÜNCÜ MEHMET EFENDI CAD.TEPE APT.A BL.NO.96 D:5 GÖZTEPE KADIKÖY İSTANBUL;(216) 3851600;www.rotamadencilik.com.tr;rotamadencilik.com.tr;İMİB - İstanbul Maden İhracatçıları Birliği
ROTA MERMER SANAYİ İTHALAT VE İHRACAT LTD. ŞTİ.;İHSANİYE MAH. İZMİR YOLU CAD. ATALAY 7 SİT. B BLOKNO.114 K.7 D.23 NİLÜFER BURSA;(224) 2402006;www.rotamermer.com.tr;rotamermer.com.tr;İMİB - İstanbul Maden İhracatçıları Birliği
ROTA MÜHENDİSLİK VE ENERJİ SİSTEMLERİ SANAYİ TİCARET ANONİM ŞİRKETİ;ŞERİFALİ MAH. ÇETİN CAD. KIZ KALESİ SOK. NO:1/A KAT:8 ÜMRANİYE İSTANBUL;(216) 5933111;www.rotaeng.com;rotaeng.com;İMİB - İstanbul Maden İhracatçıları Birliği
ROYAL OTOMOTIV MAK.VE YED.PAR. SAN.VE TIC.LTD.STI.;İKİTELLİ OSB MH ESKOOP SANAYİ SİTESİ A2-1 BLOK NO:92 İKİTELLİ BAŞAKŞEHİR İSTANBUL;(212) 6717990;www.royalotomotiv.com;royalotomotiv.com;İMİB - İstanbul Maden İhracatçıları Birliği
RUBIBRANDS ELEKTRONIK TICARET VE BILISIM HIZMETLERI A.Ş.;NISBETIYE MAH.FECRI EBCIOGLU SK.NO:4/3 BEŞİKTAŞ İSTANBUL;(212) 2847824;http://www.rubibrands.com;rubibrands.com;İMİB - İstanbul Maden İhracatçıları Birliği
RULOPAK HİJYEN SİSTEMLERİ ANONİM ŞİRKETİ;BEYLİKDÜZÜ OSB MAH.ORKİDE CD.N: 16 BEYLİKDÜZÜ-İSTANBUL BEYLİKDÜZÜ OSB MAHALLESİ 34524 BEYLİKDÜZÜ, İS YAKUPLU BEYLİKDÜZÜ İSTANBUL;(212) 8758500;www.rulopak.com;rulopak.com;İMİB - İstanbul Maden İhracatçıları Birliği
RÜZGAR AMBALAJ TEMİZLİK ÜRÜNLERİ VE DIŞ TİCARET LİMİTED ŞİRKETİ;İKİTELLİ OSB MAH SEMT NO:3/C 420 BAŞAKŞEHİR İSTANBUL;(212) 2026019;www.globallychem.com;globallychem.com;İMİB - İstanbul Maden İhracatçıları Birliği
RYS CATERING GIDA PETROL ÜRÜNLERİ SAN.VE TİC.LTD.ŞTİ;İKİTELLİ OSB MAH.ATATÜRK BULV. MAHMUT TORUNİŞ MERKEZİ NO:54/7 İÇ KAPI NO:15 BAŞAKŞEHİR İSTANBUL;(212) 6718267;www.arnikafood.com;arnikafood.com;İMİB - İstanbul Maden İhracatçıları Birliği
S 2000 SOĞUTMA SAN.TİC.LTD.ŞTİ;GÜRSEL MH.ŞEVKET PASA CD.NO.20/6 KAĞITHANE İSTANBUL;02122212620;www.s2000.com.tr;s2000.com.tr;İMİB - İstanbul Maden İhracatçıları Birliği
SABA KİMYA PAZ. SAN. VE TİC. LTD. ŞTİ;İNKILAP MAH. FEVZİPAŞA CAD. NO:55 ÜMRANİYE İSTANBUL;(216) 0000000;http://www.armokitty.com;armokitty.com;İMİB - İstanbul Maden İhracatçıları Birliği
SAFIC ALCAN KİMYA SANAYİ VE TİCARET ANONİM ŞİRKETİ;İKİTELLİ ORG.SAN.BÖLG.ESKİ TURGUT ÖZAL CD.NO:8 D-BLOK KAT:4 NO:408 34490 BAŞAKŞEHİR, İSTANBUL, TÜRKİ İKİTELLİ BAŞAKŞEHİR İSTANBUL;(212) 5496950;www.safic-alcan.com.tr;safic-alcan.com.tr;İMİB - İstanbul Maden İhracatçıları Birliği
SAFİR İHRACAT A.Ş.;ATAKENT MH 221SK ROTA OFFİCE SİT 3/1 KAT:10 D:63 KÜÇÜKÇEKMECE İSTANBUL;(212) 5481144;www.safirihracat.com;safirihracat.com;İMİB - İstanbul Maden İhracatçıları Birliği
SAFİR TUZ GIDA MADEN PAZARLAMA NAKLİYAT İNŞAAT İTHALAT İHRACAT SANAYİ VE TİC. A.Ş.;MUSTAFA KEMAL MAHALLESİ 2155.CADN:4/6 ÇANKAYA ANKARA;(312) 2853538;www.safirtuz.com.tr;safirtuz.com.tr;İMİB - İstanbul Maden İhracatçıları Birliği
SAHAN DIŞ TİCARET TURİZM VE DANIŞMANLIK LİMİTED ŞİRKETİ;MOLLA GÜRANİ MAHALLESİ OĞUZHAN CADDESİ NO:30 D:9 FATİH İSTANBUL;(212) 2534934;www.sahanexport.com;sahanexport.com;İMİB - İstanbul Maden İhracatçıları Birliği
SAINT GOBAIN WEBER YAPI KİMYASALLARI SANAYİ VE TİCARET ANONİM ŞİRKETİ;KEMALPAŞA OSB MAH. KUYUCAK YOLU SOK.NO.284 KEMALPAŞA İZMİR;02323970770;www.weber.com.tr;weber.com.tr;İMİB - İstanbul Maden İhracatçıları Birliği
SAİNT GOBAİN İNOVATİF MALZEMELERİ VE AŞINDIRICI SAN. TİC. A.Ş.;GOLD PLAZA, ALTAY ÇEŞME MAH. ÖZ SOK. NO:19/16MALTEPE - İSTANBUL KEMALPAŞA İZMİR;(216) 2171250;www.saint-gobain-abrasives.com;saint-gobain-abrasives.com;İMİB - İstanbul Maden İhracatçıları Birliği
SAİP DIŞ TİCARET VE PAZARLAMA LTD. ŞTİ.;PİRİMEHMETPAŞA MAH.HASKÖY CAD. ÜTÜCÜ FERHAT SOK.NO:1 K:4 BEYOĞLU İSTANBUL;02124440561;www.saip.com.tr;saip.com.tr;İMİB - İstanbul Maden İhracatçıları Birliği
SAKARYA MADENCİLİK İNŞAAT VE GIDA SANAYİ VE TİCARET LİMİTED ŞİRKETİ;ORG.S AN. BOL. 8.CAD. NO:32 Merkez ESKİŞEHİR;(222) 2213009;www.sakaryaminerals.com;sakaryaminerals.com;İMİB - İstanbul Maden İhracatçıları Birliği
SAM MERMER MADENCİLİĞİ VE DIŞ TİCARET LTD.ŞTİ;GÖKEVLER MAH. 2312. SK. BURC İSTANBUL 18 BLOK NO: 18 J İÇ KAPI NO: 169 ESENYURT İSTANBUL;(212) 0000000;http://info@zentramarble.com;info@zentramarble.com;İMİB - İstanbul Maden İhracatçıları Birliği
SAMSUN MEDİKAL GRUP ÖZEL SAĞLIK HİZM. A.Ş.;MİMAR SİNAN MAH.ALPARSLAN BULV.N:17 ATAKUM SAMSUN;(362) 3114040;www.medicalpark.com.tr;medicalpark.com.tr;İMİB - İstanbul Maden İhracatçıları Birliği
SAMSUNG ELECTRONICS ISTANBUL P AZ.VE TIC.LTD.STI.;OTAKÇILAR CAD. NO: 78 FLATOFİS İŞ MERKEZİ KAT: 3 NO: B3 ? KAT: 4 NO: 59 / 1 EYÜP İSTANBUL;(212) 4670600;www.samsung.com;samsung.com;İMİB - İstanbul Maden İhracatçıları Birliği
SAMTAŞ ABRASİV SANAYİ VE TİCARET LTD.ŞTİ.;SANAYİ CAD. ALTAY SOK. NO:6 ÇOBANÇEŞME BAHÇELİEVLER İSTANBUL;(212) 5512281;www.samtasabrasiv.com;samtasabrasiv.com;İMİB - İstanbul Maden İhracatçıları Birliği
SANİFOAM ENDÜSTRİ VE TÜKETİM ÜRÜNLERİ SANAYİ VE TİCARET ANONİM ŞİRKETİ;GÜNEŞLİ EVREN MH. BAHAR CD. POLAT İŞ MERKEZİ B BLOK NO :22 K.2 GÜNEŞLİ BAĞCILAR ÇERKEZKÖY TEKİRDAĞ;(212) 4385300;www.sanifoam.com.tr;sanifoam.com.tr;İMİB - İstanbul Maden İhracatçıları Birliği
SANTEK SOGUTMA SISTEMLERI VE ENDÜSTRIYEL MUTFAK EKIPMANLARI SANAYI TICARET LIMITED SIRKET;TÜRKOBA MAH. KEVSER SOK. NO:39/1 BÜYÜKÇEKMECE İSTANBUL;(212) 8891925;www.santekendmutfak.com;santekendmutfak.com;İMİB - İstanbul Maden İhracatçıları Birliği
SAPAR MAK.HIRD.HID.PNOMATIK SI S.END.MALZ.SAN.TIC.LTD.STI.;SULTAN ORHAN MAH.YENİ BAGDAT CAD.NO:482/A GEBZE KOCAELİ;02626441031;www.saparmakina.com.tr;saparmakina.com.tr;İMİB - İstanbul Maden İhracatçıları Birliği
SAR KİMYA SANAYİ MÜHENDİSLİK DANIŞMANLIK VE TİCARET ANONİM ŞİRKETİ;TUZLA KIMYACILAR ORG.SAN.BOL. TEPEÖREN MAHB 62 PARSEL TUZLA İSTANBUL;02165931670;www.sarchemicals.com;sarchemicals.com;İMİB - İstanbul Maden İhracatçıları Birliği
SARA HIRDAVAT SANAYİ VE TİCARET LİMİTED ŞİRKETİ;MAHMUTBEY MAH. 2449. SK. NO: 38 BAĞCILAR İSTANBUL;(212) 4704747;http://www.sarahirdavat.com.tr;sarahirdavat.com.tr;İMİB - İstanbul Maden İhracatçıları Birliği
SARIÇİÇEK HEDİYELİK EŞYA SANAYİ TİCARET LİMİTED ŞİRKETİ;SARIDEMİR MAH. UZUNÇARŞI CAD. NO:233/1 FATİH İSTANBUL;(212) 5273630;www.soagift.com;soagift.com;İMİB - İstanbul Maden İhracatçıları Birliği
SARITAS YAPI MALZ.INS.TAAH.VE TIC.SAN.LTD.STI.;ISTIKLAL MH.ALEMDAG CD.NO.348 ÜMRANİYE İSTANBUL;02164812738;www.saritasyapi.com.tr;saritasyapi.com.tr;İMİB - İstanbul Maden İhracatçıları Birliği
SARKUYSAN ELEKTROLİTİK BAKIR SANAYİ VE TİCARET ANONİM ŞİRKETİ;EMEK MAH. ASİROGLU CAD. NO:147 DARICA KOCAELİ;(262) 6766600;www.sarkuysan.com;sarkuysan.com;İMİB - İstanbul Maden İhracatçıları Birliği
SAROS MAKİNA SAN. VE TİC. A.Ş.;ZAFER MAH.ŞEHİT YÜZBAŞI YÜCEL KENTER CAD.M7 A2 BLOK N:2-3 ÇORLU TEKİRDAĞ;(282) 6737884;www.sarosmakina.com;sarosmakina.com;İMİB - İstanbul Maden İhracatçıları Birliği
SARP MADEN MERMER İNŞAAT SANAYİ VE TİCARET ANONİM ŞİRKETİ;FEVZİ ÇAKMAK MAHALLESİ AYRANCI SOKAK NO:13/1 PENDİK İSTANBUL;(216) 3962651;http://www.sarpmaden.com;sarpmaden.com;İMİB - İstanbul Maden İhracatçıları Birliği
SAUNA DEKOR SAN.VE TIC A.Ş.;ORGANIZE SAN.BÖLG.METAL IŞSAN SIT.20.BL.NO 17-19 BAŞAKŞEHİR İSTANBUL;02125498784;www.saunadekor.com.tr;saunadekor.com.tr;İMİB - İstanbul Maden İhracatçıları Birliği
SAVA METAL A.Ş.;FERHATPAŞA MAH KARADENİZLİLER CD. G52. SK. NO 3-5 ATAŞEHİR İSTANBUL;(216) 6601111;www.savametal.com;savametal.com;İMİB - İstanbul Maden İhracatçıları Birliği
SAVAŞ DÖŞEME MALZEMELERİ DIŞ TİCARET LİMİTED ŞİRKETİ;ORTA MAH. RIHTIM SK NO :8 BAYRAMPAŞA İSTANBUL;(212) 5019961;www.bomeks.com;bomeks.com;İMİB - İstanbul Maden İhracatçıları Birliği
SAVAŞ METALURJİ ANONİM ŞİRKETİ;KEMALPAŞA MAH. ESKİ POSTANE SOK. NO:1/29 TEPECİK İZMİT KOCAELİ;;www.savasmetalurji.com;savasmetalurji.com;İMİB - İstanbul Maden İhracatçıları Birliği
SAY RAMAT KUYUMCULUK SAN. VE TİC. LTD. ŞTİ.;ORHANGAZİ MAH. 15. YOL SK. ISISO SNAYİ SİTESİ NO:5 34510 ESENYURT İSTANBUL;(212) 6230030;www.saymetal.com.tr;saymetal.com.tr;İMİB - İstanbul Maden İhracatçıları Birliği
SAYGIN BİTKİSEL HAYVANCILIK VE DOĞAL GIDA ÜRÜNLERİ SAN. VE TİC.LTD.ŞTİ.;ÇATALTEPE MAH. BESOB 4.SK. NO:9 KESTEL BURSA;(224) 3690751;www.saygingida.com;saygingida.com;İMİB - İstanbul Maden İhracatçıları Birliği
SCREPO YÜZEY KAPLAMALARI SANAYİ VE TİCARET LİMİTED ŞİRKETİ;MUSTAFA KEMAL CAD. NO.45/AATATÜRK ATAŞEHİR ATAŞEHİR İSTANBUL;(216) 4202348;http://www.screpo.com;screpo.com;İMİB - İstanbul Maden İhracatçıları Birliği
SDF ENDÜSTRİ DIŞ TİCARET VE LOJİSTİK LİMİTED ŞİRKETİ;MASLAK MAH. AOS 55. SK. 42 MASLAK B BLOK NO: 4 İÇ KAPI NO: 542 SARIYER İSTANBUL;;http://www.sdfticaret.com;sdfticaret.com;İMİB - İstanbul Maden İhracatçıları Birliği
SDS EURASİA YAPI VE REKLAM ÜRÜNLERİ SANAYİ TİCARET LİMİTED ŞİRKETİ;BAĞLAR MH YALÇIN KOREŞ CD NO:16/4/11 BAĞCILAR İSTANBUL;(212) 6445556;www.sds.com.tr;sds.com.tr;İMİB - İstanbul Maden İhracatçıları Birliği
SEDIR SAUNA IMALAT VE OR.URUN. SAN.VE TIC.A.S.;GÜL SAN.SITESI S ADA 3.BLKNO.1 AKSU ISPARTA;02462241880;www.sedirsauna.com;sedirsauna.com;İMİB - İstanbul Maden İhracatçıları Birliği
SEL DIŞ TİCARET VE KİMYA SANAYİ A.Ş.;MASLAK MAH. SANATKARLAR SK. ECLİPSE MASLAK SİT. NO:2E/6 SARIYER İSTANBUL;(212) 4387538;www.selsil.com.tr;selsil.com.tr;İMİB - İstanbul Maden İhracatçıları Birliği
SELÇUKLU MERMER SANAYİ VE TİCARET ANONİM ŞİRKETİ;HADIMKÖY MAH.MUSTAFA INAN CAD. NO.20 HADIMKÖY(BOYALIK) ARNAVUTKÖY İSTANBUL;(212) 9313032;www.selcuklumermer.com;selcuklumermer.com;İMİB - İstanbul Maden İhracatçıları Birliği
SELECTRON ELEKTROKIMYA SAN.VE TIC.LTD.ŞTI;HALKALI MERKEZ MAH ŞENGÜL SK N:6 KÜÇÜKÇEKMECE İSTANBUL;(212) 4700310;www.selectron.com.tr;selectron.com.tr;İMİB - İstanbul Maden İhracatçıları Birliği
SELİM YUNA;YILDIZ POSTA CD. NO: 26 AYYILDIZ SİTESİ B BLOK KAT:6 D:58 ŞİŞLİ İSTANBUL;(212) 2177217;www.accolink.com;accolink.com;İMİB - İstanbul Maden İhracatçıları Birliği
SELVİ KİMYEVİ MADDELER METAL KUYUMCULUK SANAYİ TİCARET LİMİTED ŞİRKETİ;YENİBOSNA MERKEZ MAH. LADİN SK. NO: 4 İÇ KAPI NO: 1204 BAHÇELİEVLER İSTANBUL;(212) 5284072;http://www.selvikimya.com;selvikimya.com;İMİB - İstanbul Maden İhracatçıları Birliği
SEMBOL AMBLEM DEKORATİF EŞYA SAN. VE TİC. AŞ;MECLİS MH SEMİH SANCAR CD İLKNUR SK NO:10 SANCAKTEPE İSTANBUL;(216) 6214572;www.sembolamblem.com.tr;sembolamblem.com.tr;İMİB - İstanbul Maden İhracatçıları Birliği
SEMBOL ZÜCCACİYE DIŞ TİC. LTD. ŞTİ.;İSTOÇ MAHMUTBEY MH. 1 ADA NO:18-24 BAĞCILAR İSTANBUL;(212) 6596673;www.sembolithalat.com;sembolithalat.com;İMİB - İstanbul Maden İhracatçıları Birliği
SENA YAPI END. MAMULLERI SAN.T IC. LTD. STI.;BARIŞ MAH. BELEDİYE CAD. NO:30 GİNZA-LAVİNYA D.258-259 BEYLİKDÜZÜ İSTANBUL;(212) 8769395;www.senaform.com.tr;senaform.com.tr;İMİB - İstanbul Maden İhracatçıları Birliği
SENKA MER MADENCİLİK NAKLİYE SANAYİ VE DIŞ TİCARET LİMİTED ŞİRKETİ;DİYARBAKIR GALERİA C BLOK. KAT 5NO:16 YENİŞEHİR DİYARBAKIR;(412) 2231453;www.senkamer.com;senkamer.com;İMİB - İstanbul Maden İhracatçıları Birliği
SER REZİSTANS A.Ş.;İKİTELLİ ORGANİZE SAN. BÖLG. İPKAS SAN. SİT. 9 B BLOK NO:60 K:1 BAŞAKŞEHİR İSTANBUL;(212) 6715766;www.serrezistans.com;serrezistans.com;İMİB - İstanbul Maden İhracatçıları Birliği
SERKAN SEVİNDİK;ATAKENT MH 219 SK NO:13/8 KÜÇÜKÇEKMECE İSTANBUL;;www.serkansevindik.com;serkansevindik.com;İMİB - İstanbul Maden İhracatçıları Birliği
SERKİM REÇİNE KİMYA SAN. TİC. İTHALAT İHRACAT LTD. ŞTİ.;RAMAZANOGLU MAH. YILDIRIM BAYAZITCAD. NO:20 PENDİK İSTANBUL;02163782399;www.serkimboya.com;serkimboya.com;İMİB - İstanbul Maden İhracatçıları Birliği
SESEMAR MERMER MADEN İNŞAAT NAKLİYE SANAYİ VE TİCARET LİMİTED ŞİRKETİ;ORG. SAN. BOL. 2.CAD. NO:36 AFYONKARAHİSAR AFYON;(272) 2211627;www.sesemar.com;sesemar.com;İMİB - İstanbul Maden İhracatçıları Birliği
SES-TAŞ MADENCİLİK NAKLİYAT PAZARLAMA SANAYİ VE TİCARET A.Ş.;ODUNLUK MAH. AKADEMİ CAD. ZENO CENTER NO:34 NİLÜFER BURSA;(224) 4436550;www.yucemarble.com;yucemarble.com;İMİB - İstanbul Maden İhracatçıları Birliği
SEVA MÜHENDİSLİK İNŞ.İTH.İHR. LTD.ŞTİ;FERHATPAŞA MAH. 10. SOK. NO:64 ATAŞEHİR İSTANBUL;(216) 5611767;www.sevapool.com;sevapool.com;İMİB - İstanbul Maden İhracatçıları Birliği
SEVEN STAR TEKSTİL SAN.İÇ VE DIŞ TİC.LTD.ŞTİ.;ISTOC 25 ADA N:166-168 BAĞCILAR İSTANBUL;02126591026;www.sevenstar-tr.com;sevenstar-tr.com;İMİB - İstanbul Maden İhracatçıları Birliği
SEYRAN MERMER GIDA SANAYİ TİCARET LİMİTED ŞİRKETİ;İNÖNÜ MAH.CUMHURİYET CAD.NO:83 İÇ KAPI NO:3 ŞİŞLİ İSTANBUL;(212) 0000000;http://www.seyranmermer.com;seyranmermer.com;İMİB - İstanbul Maden İhracatçıları Birliği
SFK MERMER SANAYİ VE TİCARET LİMİTED ŞİRKETİ;İÇERENKÖY MAH. PROF. DR. ALİ NİHATTARLAN CAD. NO:101 D:8 ATAŞEHİR İSTANBUL;(216) 4698431;www.sfkmermer.com;sfkmermer.com;İMİB - İstanbul Maden İhracatçıları Birliği
SGT MERMER MADEN VE DIŞ TİC.SAN.LTD.ŞTİ.;GÖZTEPE MAH. ATATÜRK CAD. GÖKSU PLAZA NO:13 K:4 D:5 BEYKOZ 34815 BEYKOZ, İSTANBUL, TÜRKİYE BEYKOZ BEYKOZ İSTANBUL;(216) 4051880;www.sgtmermer.com;sgtmermer.com;İMİB - İstanbul Maden İhracatçıları Birliği
SIEGWERK BASKI MUREKKEPLERI SANAYİ VE TICARET ANONİM ŞİRKETİ;IST DERI ORG.SAN.BOLG.H6 PARSEL 1.YOL 0 PARSEL 1.YOL TUZLA İSTANBUL;02163940324;www.siegwerk.com;siegwerk.com;İMİB - İstanbul Maden İhracatçıları Birliği
SIEMENS HEALTHCARE SAĞLIK A.Ş.;ESENTEPE MAH.YAKACIK CAD.N:111 KARTAL İSTANBUL;(216) 4592372;www.healthcare.siemens.com;healthcare.siemens.com;İMİB - İstanbul Maden İhracatçıları Birliği
SIKA MBCC TURKEY YAPI KIMYASALLARI SANAYI VE TICARET LIMITED SIRKETI;BARBAROS MAH.BEGONYA SK.KAPI NO 3 E DAİRE NO 10 ATAŞEHİR ATAŞEHİR İSTANBUL;(216) 5703468;www.master-builders-solutions.basf.com.tr;master-builders-solutions.basf.com.tr;İMİB - İstanbul Maden İhracatçıları Birliği
SILKCOAT DUVAR KAPLAMALARI SANAYİ VE TİCARET LİMİTED ŞİRKETİ;KALEİÇİ MAH. SARAY VİZE YOLU ÜZERİNO.61 GÖKÇEALI TREN ISTASYONU YANI ÇATALCA İSTANBUL;02127895643;www.silkcoat.com;silkcoat.com;İMİB - İstanbul Maden İhracatçıları Birliği
SIRSTONE TİCARET ANONİM ŞİRKETİ;CINNAH CAD. KULOGLU SOK. NO.14D 6 ÇANKAYA ANKARA;(312) 4409638;www.sirmersan.com;sirmersan.com;İMİB - İstanbul Maden İhracatçıları Birliği
SISTEM DOGALGAZ TEK.MALZ.VE DIS TIC.LTD.STI.;GİRNE MAH. KÜÇÜKYALI İŞ MERKEZİ A BLOKNO:26 MALTEPE İSTANBUL;(216) 5185070;www.sistemdogalgaz.com;sistemdogalgaz.com;İMİB - İstanbul Maden İhracatçıları Birliği
SİDRA GROUP TURİZM İNŞAAT TEKSTİL SANAYİ İÇ VE DIŞ TİCARET LİMİTED ŞİRKETİ;KEMALPAŞA MH GENÇTÜRK CD NO:32 KAT:1|1 FATİH İSTANBUL;(212) 6596849;www.sidragroup.com;sidragroup.com;İMİB - İstanbul Maden İhracatçıları Birliği
SİKA YAPI KİMYASALLARI A.Ş.;İST.DERİ ORG.SAN.BÖLGESİ ALSANCAK SOK NO:5 J7PARSEL AYDINLI ORHANLI MEVKİİ TUZLA İSTANBUL;(216) 5810600;www.sika.com.tr;sika.com.tr;İMİB - İstanbul Maden İhracatçıları Birliği
SİLKA KIRTASİYE İMALAT SANAYİ VE TİCARET LİMİTED ŞİRKETİ;HALKALI MERKEZ MH, SÖNMEZ SK, NO:4 METAKİM KİMYA SN SİTESİ KÜÇÜKÇEKMECE İSTANBUL;;www.silkakirtasiye.com;silkakirtasiye.com;İMİB - İstanbul Maden İhracatçıları Birliği
SİLKAR DIŞ TİCARET A.Ş.;BATMAN SK. NO:30 İÇ KAPI NO:10 SAHRAYICEDİT SAHRAYICEDİT SAHRAYICEDİT KADIKÖY İSTANBUL;(212) 5767500;www.silkarstone.com;silkarstone.com;İMİB - İstanbul Maden İhracatçıları Birliği
SİLKAR MADENCİLİK SANAYİ VE TİCARET ŞİRKETİ;GFY PLAZA BATMAN SOK. NO:30/10 SAHRAYICEDİT 34734 KADIKÖY, İSTANBUL, TÜRKİYE 34734 KADIKÖY, İSTANBUL KADIKÖY İSTANBUL;(212) 5767500;www.silkarstone.com;silkarstone.com;İMİB - İstanbul Maden İhracatçıları Birliği
SİNEMİS MADENCİLİK MAKİNA İNŞAAT VE DIŞ TİCARET LTD.ŞTİ.;YENİÇAĞ MAHALLESİ RAGIP TÜZÜN CADDESİ ALEMDAR İŞMERKEZİ NO.136/101 YENİMAHALLE ANKARA;(312) 3433431;www.sinemismadencilik.com.tr;sinemismadencilik.com.tr;İMİB - İstanbul Maden İhracatçıları Birliği
SİRTUR TURİZM İTH. VE İHR. A.Ş.;CİNNAH CAD. KULOGLU SOK. NO14/6 ÇANKAYA ANKARA;(312) 4382066;www.sirmersan.com;sirmersan.com;İMİB - İstanbul Maden İhracatçıları Birliği
SİS-TEK SİSTEM MÜHENDİSLİK TEKNOLOJİ TİC. VE SAN. A. Ş.;GİRNE MAH.IRMAK SAK.MALTEPE KÜÇÜKYALI İ MERK.A-BLOK NO:24 ZÜMRÜTEVLER MALTEPE İSTANBUL;02163841927;www.sistekcold.com;sistekcold.com;İMİB - İstanbul Maden İhracatçıları Birliği
SİSTEM İZOLASYON İNŞAAT SANAYİ VE TİCARET LTD. ŞTİ.;SOĞANLI MAH.KEMAL SUNALCAD.NO 34 BAHÇELİEVLER-MAH 34220 BAHÇELİEVLER İSTANBUL;(212) 6289107;www.sistemizolasyon.com.tr;sistemizolasyon.com.tr;İMİB - İstanbul Maden İhracatçıları Birliği
SİYAHKALEM MÜHENDİSLİK İNŞAAT SAN. VE TİC. A.Ş.;ÇAMLICA KISIKLI MH ALEMDAĞ CD NO:60 MASALDAN İŞ MERKEZİ G BLOK D:6 ÜSKÜDAR İSTANBUL;(216) 5200260;www.siyahkalem.com;siyahkalem.com;İMİB - İstanbul Maden İhracatçıları Birliği
SMART OFİS KIRTASİYE A.Ş.;MY OFFİCE 212 MAHMUTBEY MAH. TASOCAGİ YOLU CAD. NO.3/47 BAĞCILAR İSTANBUL;(212) 4944402;www.smartofis.com.tr;smartofis.com.tr;İMİB - İstanbul Maden İhracatçıları Birliği
SMILE DIŞ TİCARET ANONİM ŞİRKETİ;BAHÇEŞEHİR 2. KISIM MAH. DOĞANAY SOK LOCA SİT. B BLOK NO:2/62 BAHÇEŞEHİR BAŞAKŞEHİR İSTANBUL;(850) 8880864;www.smilevoi.com;smilevoi.com;İMİB - İstanbul Maden İhracatçıları Birliği
SMM MADENCİLİK OTOMOTİV YEDEK PARÇA HAYVANCILIK SAN. TİC. LTD. ŞTİ.;TATLICAK MAH. KONİMSAN SANAYİ SİTESİ UZUNGEÇIT SOK. NO: 18 KARATAY KONYA;(332) 2902503;www.smmmining.com;smmmining.com;İMİB - İstanbul Maden İhracatçıları Birliği
SNL ELEKTRİK DIŞ TİCARET V E SANAYİ ANONİM ŞİRKETİ;ATAKENT MH 221 SK NO:66B F BLOK D:24 ESENYURT İSTANBUL;(000) 0000000;www.snldisticaret.com;snldisticaret.com;İMİB - İstanbul Maden İhracatçıları Birliği
SOLECHEM KİMYA ANONİM ŞİRKETİ;BARBAROS MAH. AK ZAMBAK SOK. NO: 3-A UPHILL TOWERS SİT. 1-B APT D:63 BARBAROS MAH 34758 ATAŞEHİR, İS ATAŞEHİR İSTANBUL;(216) 5105616;www.solechem.com;solechem.com;İMİB - İstanbul Maden İhracatçıları Birliği
SOLİDTECH İZOLASYON İNŞAAT DANIŞMANLIK SANAYİ VE TİCARET LİMİTED ŞİRKETİ;ESATPAŞA MAH.HACIBEKİR CAD.NO:83-87C ATAŞEHİR İSTANBUL;(216) 0000000;www.solidtechyapi.com;solidtechyapi.com;İMİB - İstanbul Maden İhracatçıları Birliği
SONGÜL AYDINLATMA İNŞAAT MOB. GIDA SAN. VE DIŞ TİC. LTD. ŞTİ.;HABİBLER MAH. ESKİ EDİRNE ASFALTI NO.937 SULTANGAZİ İSTANBUL;(212) 6092425;www.songulaydinlatma.com;songulaydinlatma.com;İMİB - İstanbul Maden İhracatçıları Birliği
SONOROUS SES VE GÖRÜNTÜ SİSTEMLERİ SAN. TİC. A.Ş.;MERKEZ MAH. GÜZLE İŞ MERKEZI K.4 D.1 ÇEKMEKÖY İSTANBUL;(216) 6401616;www.sonorous.com;sonorous.com;İMİB - İstanbul Maden İhracatçıları Birliği
SONRAKİ MİMARLIK MÜHENDİSLİK İNŞAAT SANAYİ VE TİCARET LİMİTED ŞİRKETİ;DUMLUPINAR MAH. YUMURTACI ABDİ BEY CAD. GÜMÜŞDEREÇIKMAZI SOK.TEKNİK YAPI CONCORD REZİDANS B/63 KADIKÖY İSTANBUL;(216) 8043750;www.sonraki.com.tr;sonraki.com.tr;İMİB - İstanbul Maden İhracatçıları Birliği
SORA KOZMETİK SANAYİ TİCARET ANONİM ŞİRKETİ;GAZITEPE MAH. AYBAR SOK. NO: 7 SİLİVRİ İSTANBUL;(212) 7388464;www.soracosmetics.com;soracosmetics.com;İMİB - İstanbul Maden İhracatçıları Birliği
SOTAS KIMYEVI MADDELER SAN. VE TIC. A.S.;EGEMENLİK MAH. 6130 SOKAK. NO:12 IŞIKKENT - İZMİR AVCILAR İSTANBUL;(232) 4362170;www.sotaskimya.com;sotaskimya.com;İMİB - İstanbul Maden İhracatçıları Birliği
SO-TEC KUYUMCULUK MAK.SAN.VE PAZARLAMA LTD.STI.;EMINSINAN M.GEDIKPASA HAMAM CD. NO.5 D.2-3 SULTANAHMET FATİH İSTANBUL;(212) 4588902;www.sotecmakina.com;sotecmakina.com;İMİB - İstanbul Maden İhracatçıları Birliği
SOYLU TURİZM VE TİC. LTD. ŞTİ.;ATAKÖY 7 8 9 10 KISIM MAH NEF 22 B BLOK N:22 K:6 D:123N:22 K:6 D:123 34140 BAKIRKÖY İSTANBUL;(212) 2173490;www.soyluturizm.com.tr;soyluturizm.com.tr;İMİB - İstanbul Maden İhracatçıları Birliği
SP ATAY GIDA AMBALAJ İTH.İHR.LTD.ŞTİ.;YENİ MH.ÜNLÜ CD. MANOLYA SİTESİ D BLOK NO.13/4 MUDANYA BURSA;(224) 0000000;www.ataygida.com;ataygida.com;İMİB - İstanbul Maden İhracatçıları Birliği
SR GLOBAL İÇ DIŞ TİCARET LİMİTED ŞİRKETİ;19 MAYIS MAH. HALASKARGAZİ CAD. ÇİFTKURTBLOK NO:226 İÇ KAPI NO:24 ŞİŞLİ İSTANBUL;(212) 0000000;http://www.srglobalcompany.com;srglobalcompany.com;İMİB - İstanbul Maden İhracatçıları Birliği
STAR ALÜMİNYUM PAZARLAMA SANAYİ VE TİCARET ANONİM ŞİRKETİ;İKİTELLİ OSB MH ENKOOP SAN SİT 2 SK NO:6 BAŞAKŞEHİR İSTANBUL;(212) 4444959;www.staraluminyum.com;staraluminyum.com;İMİB - İstanbul Maden İhracatçıları Birliği
STARKIM KIMYA SANAYI VE TIC. A.S.;FATIH MAH.KUBILAY CAD.NO.2 KÜÇÜKÇEKMECE İSTANBUL;02125416897;www.star-kim.com;star-kim.com;İMİB - İstanbul Maden İhracatçıları Birliği
STARWOOD YAPI MARKETLERİ.YAP.MALZ.SAN.VE TİC.AŞ.;ORGANİZE SAN. BÖL. 2.CAD. İNEGÖL BURSA;(224) 2943200;www.starwood.com.tr;starwood.com.tr;İMİB - İstanbul Maden İhracatçıları Birliği
STAY STAR MADENCİLİK SANAYİ TİCARET ANONİM ŞİRKETİ;ODUNLUK MAH.AKADEMİ CAD. D BLOK 34 NOLU BĞM NO 2 D/B/1 NİLÜFER BURSA;(224) 4514332;www.staystarmarble.com;staystarmarble.com;İMİB - İstanbul Maden İhracatçıları Birliği
STOMAR DIŞ TİCARET DOĞAL TAŞ SANAYİ VE TİCARET LİMİTED ŞİRKETİ;MİMARSİNAN OSB MAHALLESİ, 25. CADDE, NO:11 MELİKGAZİ KAYSERİ;;http://www.stomar.com.tr;stomar.com.tr;İMİB - İstanbul Maden İhracatçıları Birliği
STOMAR MERMER MADENCİLİK SAN. VE TİC. A.Ş.;MİMARSİNAN OSB MAHALLESİ 25.CADDE AHMET KILIÇARSLAN BLOK:11 MELİKGAZİ KAYSERİ;;www.stomar.com.tr;stomar.com.tr;İMİB - İstanbul Maden İhracatçıları Birliği
STONE GATE MERMER MADENCİLİK İÇ VE DIŞ TİCARET A.Ş.;ZEYTİNLİK MAH. RAY SK. NO:3/10 PK:34140 BAKIRKÖY İSTANBUL;;www.stonegate.com.tr;stonegate.com.tr;İMİB - İstanbul Maden İhracatçıları Birliği
STONE GROUP MADENCİLİK SANAYİ VE DIŞ TİCARET LİMİTED ŞİRKETİ;OSMANGAZİ MAH. AHMET YESEVİ CAD. DENGE TOWERS A BLOK NO.17 K.1 D.31OSMANGAZİ SANCAKTEPE İSTANBUL;(216) 6227868;www.stonegroupturkey.com;stonegroupturkey.com;İMİB - İstanbul Maden İhracatçıları Birliği
STONE HOUSE İNŞAAT SANAYİ TİCARET ANONİM ŞİRKETİ;ERKİLET MAH. KOZLUCA BAĞLARI KÜME EVLER NO: 58 KOCASİNAN KAYSERİ;(352) 5022222;http://www.bogacgroup.com.tr;bogacgroup.com.tr;İMİB - İstanbul Maden İhracatçıları Birliği
STONEBORN DIŞ TİCARET ANONİM ŞİRKETİ;19 MAYIS MAH.İNÖNÜ CAD. SEYLAN İŞ MERKEZİ NO : 83/8 KADIKÖY İSTANBUL;(216) 4119220;stoneborn.com.tr;stoneborn.com.tr;İMİB - İstanbul Maden İhracatçıları Birliği
STONELİNE YAPI ÜRÜNLERİ SANAYİ ANONİM ŞİRKETİ;CUMHURİYET MAH.ZEHRA SK.NO:4 ÇAYIROVA KOCAELİ;(212) 3322215;www.stone-line.com;stone-line.com;İMİB - İstanbul Maden İhracatçıları Birliği
STONETECH MAKİNE SANAYİ TİCARET ANONİM ŞİRKETİ;YUVAKÖY MAH.3710 CAD NO:8 YENİMAHALLE ANKARA;(312) 9114307;http://www.stonetech.com.tr;stonetech.com.tr;İMİB - İstanbul Maden İhracatçıları Birliği
STONETERROİR DOĞAL TAŞ MADENCİLİK SAN. VE TİC. A.Ş.;BEYBİ GİZ PLAZA MEYDAN SK. NO:1/A MASLAK ŞİŞLİ İSTANBUL;(212) 2903424;www.stoneterroir.com;stoneterroir.com;İMİB - İstanbul Maden İhracatçıları Birliği
STONETERROİR DOĞALTAŞ PAZARLAMA SANAYİ VE TİCARET ANONİM ŞİRKETİ;MEYDAN SOK. BEYBİ GZİ PLAZA 1/A MASLAK ŞİŞLİ İSTANBUL;(212) 2903424;www.stoneterroir.com;stoneterroir.com;İMİB - İstanbul Maden İhracatçıları Birliği
STONEWORLD İNTERNATİONAL MAD.NAK.İNŞ.ORM.ÜRN.MOB.SAN.VE TİC.LTD.ŞTİ.;SAHRAYICEDIT MAH.ATATURK CAD. NO:69/207 KADIKÖY İSTANBUL;(216) 3011235;http://www.adkmarble.com;adkmarble.com;İMİB - İstanbul Maden İhracatçıları Birliği
STONIA MADENCİLİK SANAYİ VE TİCARET LİMİTED ŞİRKETİ;BAĞLARBAŞI MAHALLESİ SAKARYA SOKAK MALTE PLAZA NO:35/1 MALTEPE İSTANBUL;;www.stoniamarble.com;stoniamarble.com;İMİB - İstanbul Maden İhracatçıları Birliği
STRACO TAAHHÜT İNŞAAT VE DIŞ TİCARET LTD.ŞTİ.;ESENTEPE MH İNÖNÜ CD KARTAL KULE İŞ MERKEZİ NO:147/11 KARTAL İSTANBUL;;www.straco.com.tr;straco.com.tr;İMİB - İstanbul Maden İhracatçıları Birliği
STUDİO 3 MİMARLIK MÜHENDİSLİK İNŞAAT VE TİCARET LİMİTED ŞİRKETİ;ÖMER AVNİ MAH. İNEBOLU SOK. NO 53 DAİRE 3 BEYOĞLU İSTANBUL;(212) 0000000;http://info@studio3mimarlik.com;info@studio3mimarlik.com;İMİB - İstanbul Maden İhracatçıları Birliği
STYLO MARBLE MADENCİLİK SANAYİ VE TİCARET LİMİTED ŞİRKETİ;SURURI MAH. SULTAN MEKTEBI SK. YENI BAYRAKTAR HANNO: 26 IÇ KAPI NO: 201 FATİH İSTANBUL;;http://www.stylomarble.com;stylomarble.com;İMİB - İstanbul Maden İhracatçıları Birliği
STYRONİT DOĞAL YALITIM MALZEMELERİ SAN. VE TİC. A.Ş.;DOLAYOBA FABRİKALAR MEVKİİ SAN. CAD NO 48 PENDİK İSTANBUL;(216) 3075038;www.styronit.com.tr;styronit.com.tr;İMİB - İstanbul Maden İhracatçıları Birliği
SUDE İÇ VE DIŞ TİC. LTD. ŞTİ.;MAHMUTBEY MAH. İSTOÇ 1.ADA NO:28/32 MAHMUTBEY BAĞCILAR İSTANBUL;(212) 6595061;www.themia.com.tr;themia.com.tr;İMİB - İstanbul Maden İhracatçıları Birliği
SUKHACOS KOZMETİK SANAYİ VE TİCARET ANONİM ŞİRKETİ;AOSB MAH. M. KEMAL ATATÜRK BLV. NO: 58 35640 ÇİĞLİ İZMİR;;www.sukhacos.com;sukhacos.com;İMİB - İstanbul Maden İhracatçıları Birliği
SULTANS NATURAL STONE MADENC. MÜH. ENER. MINERAL PETROKIMYA DOGALTAS İT. İHR. SAN. VE TİC. A.Ş.;SÖĞÜTÖZÜ MAHALLESİ 2176 SOK. NO:7/49 ÇANKAYA ANKARA;(312) 2203595;www.sultansmarble.com;sultansmarble.com;İMİB - İstanbul Maden İhracatçıları Birliği
SUMAR DIŞ TİC.LTD.ŞTİ.;KÜÇÜKSU CAD. ANTASYA SİTESİ B BLOK NO:64/A D:286 SARAY 34768 ÜMRANİYE, İSTANBUL, TÜRKİYECAD.AYÇA SOK.NO.15 ÜMRANİYE İSTANBUL;(216) 3324714;www.sumar.com.tr;sumar.com.tr;İMİB - İstanbul Maden İhracatçıları Birliği
SUN CHEMİCAL MATBAA MÜREKKEPLERİ VE GEREÇLERİ SAN.TİC.A.Ş.;ATATÜRK O.S.B. 10037 SOK. NO.4 ÇİĞLİ İZMİR;(232) 3768890;www.sunchemical.com;sunchemical.com;İMİB - İstanbul Maden İhracatçıları Birliği
SUNSTONE MADENCİLİK SANAYİ TİCARET ANONİM ŞİRKETİ;19 MAYIS MH. SİNAN ERCAN CD. UZAY SK. USTA SİT. A BLOK NO:7 KADIKÖY İSTANBUL;(216) 4106506;www.sunstoneimpexp.com;sunstoneimpexp.com;İMİB - İstanbul Maden İhracatçıları Birliği
SUPERABRASİVE MAKİNE VE KİMYA SAN. TİC. LTD. ŞTİ.;YUKARI DUDULLU MH. NATO YOLU CD. SEVİNÇ SK.NO.10 ÜMRANİYE İSTANBUL;(216) 4503398;www.superabrasive.com.tr;superabrasive.com.tr;İMİB - İstanbul Maden İhracatçıları Birliği
SUPERKİM KİMYA SANAYİ VE TİCARET ANONİM ŞİRKETİ;İNÖNÜ MAHALLESİ 139 SOKAK NO:44 TORBALI İZMİR;;www.superkim.com.tr;superkim.com.tr;İMİB - İstanbul Maden İhracatçıları Birliği
SURTAŞ MERMER FABRİKASI SANAYİ VE TİCARET ANONİM ŞİRKETİ;BEYLIKDUZU MERMER SAN.SIT.2.CAD. NO:21 BEYLİKDÜZÜ İSTANBUL;(212) 8751515;www.surtasmermer.com;surtasmermer.com;İMİB - İstanbul Maden İhracatçıları Birliği
SÜDOR KIRTASİYE SANAYİ VE TİCARET ANONİM ŞİRKETİ;EYLİKDÜZÜ O.S.B. BARIŞ MAH. BİRLİK SAN.SİT 4.CADDE NO.28 BEYLİKDÜZÜ İSTANBUL;;www.sudor.com.tr;sudor.com.tr;İMİB - İstanbul Maden İhracatçıları Birliği
SÜRKAY MADENCİLİK İNŞAAT NAKLİYAT SANAYİ VE TİCARET LTD.ŞTİ.;ESENTEPE MAH.1.GAYE SOK. DORUK OLGU APT.N:2 K:2 D:9 NİLÜFER BURSA;(224) 2493435;www.surkay.com;surkay.com;İMİB - İstanbul Maden İhracatçıları Birliği
SVET DIŞ TİC.LTD.ŞTİ.;ŞERİFALİ MAH.HATTAT SK.WAGO BLOK NO:10/1 ÜMRANİYE İSTANBUL;(216) 3641500;http://www.svet.com.tr;svet.com.tr;İMİB - İstanbul Maden İhracatçıları Birliği
SVS DOĞALTAŞ MADENCİLİK SANAYİ VE TİCARET A.Ş.;MOLLA FENARİ MAH. NUR-U OSMANİYE CAD. NO:24 KAT:1 FATİH İSTANBUL;(212) 5197958;www.svsdogaltas.com;svsdogaltas.com;İMİB - İstanbul Maden İhracatçıları Birliği
ŞAHİN KIRTASİYE VE HIRDAVAT TİCARET LİMİTED ŞİRKETİ;MAHMUTBEY MH. İSTOÇ 18 ADA NO:121/127 MAHMUTBEY BAĞCILAR İSTANBUL;(212) 6591550;www.sahinkirtasiye.com.tr;sahinkirtasiye.com.tr;İMİB - İstanbul Maden İhracatçıları Birliği
ŞAHKAR GRUP LTD ŞTİ;YAŞAMKENT MAH. 3097. SOK. NO:37 ÇANKAYA ANKARA;(312) 2171820;http://www.sahkargrup.com;sahkargrup.com;İMİB - İstanbul Maden İhracatçıları Birliği
ŞANAL ISI SANAYİ VE TİCARET LİMİTED ŞİRKETİ;İNCEĞİZ YOLU KALEİÇİ MAHALLESİKANBACI MEVKİİ SOK. NO : 15 - A 34540 ÇATALCA İSTANBUL;(212) 7897030;www.sanalisi.com;sanalisi.com;İMİB - İstanbul Maden İhracatçıları Birliği
ŞAYAKÇI NATUREL TAŞ SANAYİ VE TİCARET LİMİTED ŞİRKETİ;AKAT MAH. YILDIRIM OĞUZ GÖKER SOK. NO:A3/4 BEŞİKTAŞ İSTANBUL;(212) 2584023;www.sayakci.com;sayakci.com;İMİB - İstanbul Maden İhracatçıları Birliği
ŞENGÜL SERAMİK ÇIKARTMA BASKI DEKORASYON YAPI MALZEMELERİ PAZ. SAN.TİC. LTD. ŞTİ.;KARAAĞAÇ CAD. NO:54/2 ADAPAZARI SAKARYA;;www.sengulseramik.com;sengulseramik.com;İMİB - İstanbul Maden İhracatçıları Birliği
ŞENLER MERMER SANAYİ TİCARET ANONİM ŞİRKETİ;SALİHLER MAH. SALİHLER KÜME EVLERİ NO:200 SEYİTGAZİ ESKİŞEHİR;(222) 3412576;http://www.senlermarble.com;senlermarble.com;İMİB - İstanbul Maden İhracatçıları Birliği
ŞİMŞEKLER DOĞALTAŞ MADENCİLİK ANONİM ŞİRKETİ;GÖKKUŞAĞI MAH. 1210. SOK. NO: 6/A BALGAT ÇANKAYA ANKARA;(312) 2841029;www.simsekleras.com;simsekleras.com;İMİB - İstanbul Maden İhracatçıları Birliği
ŞİŞECAM DIŞ TİC.A.Ş.;İÇMELER MAHALLESİ D-100 KARAYOLU CADDESİNO:44A TUZLA İÇMELER TUZLA İSTANBUL;(850) 2065050;www.sisecam.com.tr;sisecam.com.tr;İMİB - İstanbul Maden İhracatçıları Birliği
ŞUAYP DEMİREL;TANGIŞ MAH. TEPECİK CAD. NO.5 İSCEHİSAR AFYON;(272) 3413200;www.suaypdemirel.com;suaypdemirel.com;İMİB - İstanbul Maden İhracatçıları Birliği
T.S.Y. TEKNOLOJİK SERAMİK YATIRIMLARI SANAYİ VE TİCARET LTD.ŞTİ.;RİNG YOLU CADDESİ NO:13 PAMUCAK OSB 11180 11800 PAZARYERİ BİLECİK;(228) 2021124;www.cercoglaze.com;cercoglaze.com;İMİB - İstanbul Maden İhracatçıları Birliği
TABİ MERMER SANAYİ VE TİCARET LİMİTED ŞİRKETİ;AFYON ANKARA YOLU 20.KM. İSCEHİSAR AFYON;(272) 3413711;www.tabiimarble.com;tabiimarble.com;İMİB - İstanbul Maden İhracatçıları Birliği
TAÇ MUTFAK EŞYALARI AMB. İNŞ. İML. SAN. VE TİC. LTD. ŞTİ.;KAYABAŞI MAH. ISTIKLAL CD.BAŞAK SK. NO.10 KÜÇÜKÇEKMECE İSTANBUL;02126910621;www.tacmutfak.com;tacmutfak.com;İMİB - İstanbul Maden İhracatçıları Birliği
TAG DIŞ TİC. VE DANIŞ. LTD. ŞTİ.;ABDÜLEZEL PAŞA SOK. NO.10/11 KOZYATAĞI KADIKÖY İSTANBUL;(216) 4162666;www.tagtrade.com.tr;tagtrade.com.tr;İMİB - İstanbul Maden İhracatçıları Birliği
TAHA MAKİNA MAKİNA VE YEDEK OARÇA İMALATI KONF. SAN. VE TİC. LTD.ŞTİ.;DAVUTPAŞA CAD. KALE İŞ MERKEZİ NO:143 ZEYTİNBURNU İSTANBUL;(212) 4821317;www.tahamakina.com;tahamakina.com;İMİB - İstanbul Maden İhracatçıları Birliği
TANGARA TRADE KIMYA SANAYI VE DIŞ TICARET LIMITED ŞIRKETI;AKŞEMSETTIN MAH. ADNAN MENDERES VATAN BLV. NO:6 İÇKAPI NO:2 FATİH İSTANBUL;(212) 3154480;https://tangaratrade.com;tangaratrade.com;İMİB - İstanbul Maden İhracatçıları Birliği
TANISIR DIS TICARET LTD.STI.;İSTOÇ TOPTANCILAR ÇARŞISI 17. ADA NOİ:!20 MAHMUTBEY BAĞCILAR İSTANBUL;(212) 6598058;www.tanisir.com.tr;tanisir.com.tr;İMİB - İstanbul Maden İhracatçıları Birliği
TANPAK AMBALAJ SAN VE TİC LTD ŞTİ.;ÇORAKLAR MAH. 5006 SK. 6 1 ALİAĞA İZMİR;(232) 6215011;www.tanpak.com.tr;tanpak.com.tr;İMİB - İstanbul Maden İhracatçıları Birliği
TANRIKULU ENDÜSTRİ MALZ.SAN.VE TİC.A.Ş.;ORG SAN BOL NO:35 FATSA ORDU;04524243210;www.tanrikulu.zno;tanrikulu.zno;İMİB - İstanbul Maden İhracatçıları Birliği
TARHAN YAPI MALZ.TIC.LTD.STI.;İSTASYON MAH. LONDRA CAD. İPSALA YOLU ÜZERI 2. KM NO.17 KEŞAN EDİRNE;(284) 7146789;www.tarhanyapi.com;tarhanyapi.com;İMİB - İstanbul Maden İhracatçıları Birliği
TARMAN YAPI SİSTEMLERİ VE DIŞ TİC. LTD. ŞTİ.;BAGDAT CAD.NO:149/6 KADIKÖY İSTANBUL;(216) 3857069;www.tarmanyapi.com;tarmanyapi.com;İMİB - İstanbul Maden İhracatçıları Birliği
TASARIM YAPI SAUNA HAVUZ INŞ. SAN.IÇ VE DIŞ TIC.LTD.ŞTI;ATATÜRK BULV. NO:100 B-104 İKİTELLİ OSB 34260 İKİTELLİ BAŞAKŞEHİR İSTANBUL;(212) 4860666;www.juno.com.tr;juno.com.tr;İMİB - İstanbul Maden İhracatçıları Birliği
TAŞANLAR MERMER İNŞAAT TARIM TURİZM SANAYİ VE TİCARET LİMİTED ŞİRKETİ;YENI SANAYI SITESI.MUSTAFAYAGLI C.NO:9 ÜRGÜP NEVŞEHİR;03843413298;www.tasanlarmermer.com;tasanlarmermer.com;İMİB - İstanbul Maden İhracatçıları Birliği
TAŞCA DOĞAL TAŞ SANAYİ VE PAZARLAMA A.Ş.;MİMAR SİNAN MAH. BOSNA CAD. NO:2-4 K:3 D:10 ÇEKMEKÖY İSTANBUL;(216) 6400640;www.tasca.com.tr;tasca.com.tr;İMİB - İstanbul Maden İhracatçıları Birliği
TAŞPER PERLİT SAN. VE TİC. LTD. ŞTİ.;AKSEMSETTIN MAH. FATIH BULVARINO:590 SULTANBEYLİ İSTANBUL;(216) 4875018;www.sivaper.com;sivaper.com;İMİB - İstanbul Maden İhracatçıları Birliği
TAŞYAPI İNŞAAT TAAHHÜT SAN.VE TİC.A.Ş.;KÜCÜK CAMLICA MAH. SEHİT İSMAİL MORAY SOKAK NO:13 ALTUNİZADE ÜSKÜDAR İSTANBUL;02163396570;www.tasyapi.com;tasyapi.com;İMİB - İstanbul Maden İhracatçıları Birliği
TATMETAL ÇELİK SANAYİ VE TİCARET ANONİM ŞİRKETİ;HAMZAFAKIHLI MAH. YAŞAR TETİKER BULVARI NO:1 ZIP: 67300 KDZ. EREĞLİ ZONGULDAK TEL: 03723343740PK:673 KARADENİZEREĞLİ ZONGULDAK;(372) 3343740;www.tatmetal.com.tr;tatmetal.com.tr;İMİB - İstanbul Maden İhracatçıları Birliği
TECHNON MÜHENDISLIK SANAYI VE TICARET ANONIM ŞİRKETİ;ALTAYÇEŞME MAH. CAMLI SOK. NO.21/21OFİSPARK İŞ MRK. MALTEPE İSTANBUL;(216) 2256417;technon.com.tr;technon.com.tr;İMİB - İstanbul Maden İhracatçıları Birliği
TECİR LABORATUVAR SARF MALZEMELER SANAYİ VE TİCARET LİMİTED ŞİRKETİ;ORU. REİS MAH GİYİMKENT SİT: CAD.14 SK.B148APT.58/A ESENLER İSTANBUL;;www.tecirlab.com;tecirlab.com;İMİB - İstanbul Maden İhracatçıları Birliği
TEDARİK ZİNCİRİ DAĞITIM GIDA PAZ.A.Ş;KISIKLI MAH.ALEMDAĞ CAD.YANYOL SOK NO:10/10 ÜSKÜDAR İSTANBUL;;http://www.tedarikzinciri.com.tr;tedarikzinciri.com.tr;İMİB - İstanbul Maden İhracatçıları Birliği
TEKCAN IC VE DIS TIC.PAZ.SAN. LTD.STI.;YUNUSEMRE MAH. VEYSEL KARANİ CAD. TABİAT SOK.NO:11 SANCAKTEPE İSTANBUL;(216) 3121515;www.tekcanltd.com;tekcanltd.com;İMİB - İstanbul Maden İhracatçıları Birliği
TEKİMSAN TEKNİK İNŞ.VE MAKİNA SAN.MİMARLIK MUH.TİC.LTD.ŞTİ.;FERHATPASA MAH. G 17 S. N:112 KARTAL İSTANBUL;02164718255;www.tekimsan.com.tr;tekimsan.com.tr;İMİB - İstanbul Maden İhracatçıları Birliği
TEKKIM KIMYA SANAYI VE TIC.LTD STI.;ORG.SAN.BÖLG. MAVİ CD. 8.SKNO.1 NİLÜFER BURSA;(224) 2432171;www.tekkim.com.tr;tekkim.com.tr;İMİB - İstanbul Maden İhracatçıları Birliği
TEKLAS KAUÇUK SAN. VE TİC. AŞ;BARIS MAH.KOŞUYOLU CAD.1804-2 SOKAK NO:26 GEBZE KOCAELİ;02626484400;www.teklas.com.tr;teklas.com.tr;İMİB - İstanbul Maden İhracatçıları Birliği
TEKNIK GRAFIT LİİMİTED ŞİRKETİ;4. ESENŞEHİR MAH. PIRLANTA SOK.NO.56 ESENŞEHİR ÜMRANİYE İSTANBUL;(216) 3651046;www.teknikgrafit.com.tr;teknikgrafit.com.tr;İMİB - İstanbul Maden İhracatçıları Birliği
TEKNIK MERMER SANAYİ VE TICARET LİMİTED ŞİRKETİ;KARLIBAYIR MAH SEMA CAD 39/1 ARNAVUTKÖY İSTANBUL;02125252469;www.teknikmermer.com.tr;teknikmermer.com.tr;İMİB - İstanbul Maden İhracatçıları Birliği
TEKNİK ARITMA MÜHENDİSLİK MÜŞAV.HİZM.TAAH.TİC.SAN.LTD.ŞTİ.;İKİTELLİ ORG. SAN.BÖL.ATATÜRK BUL.19.CD.BİKSAN SAN.SİT.C BLOK N:16-17 İKİTELLİ BAŞAKŞEHİR İSTANBUL;(212) 4444823;http://www.teknikaritma.com.tr;teknikaritma.com.tr;İMİB - İstanbul Maden İhracatçıları Birliği
TEKNİK DÖKÜM KAPLAMA MALZEMELERİ SANAYİ VE TİCARET ANONİM ŞİRKETİ;DELİKLİKAYA MH KISIKLI CD NO:69 ARNAVUTKÖY İSTANBUL;(212) 5185757;www.teknikdokum.com;teknikdokum.com;İMİB - İstanbul Maden İhracatçıları Birliği
TEKNİK KAUÇUK SAN.A.Ş.;FIRUZKÖY YOLU ÜZERI N:31 AVCILAR İSTANBUL;02125910800;www.sel.com.tr;sel.com.tr;İMİB - İstanbul Maden İhracatçıları Birliği
TEKNİKA TEKNİK ENDÜSTRİ TESİSLERİ İMALAT VE MONTAJ ANONİM ŞİRKETİ;ATATÜRK MAH. ATAŞEHİR BULVARI GARDENYA PLAZA 5 NO:5/14 ATAŞEHİR İSTANBUL;(216) 9096840;www.teknika.tr;teknika.tr;İMİB - İstanbul Maden İhracatçıları Birliği
TEKNİKMARKET CİVATA VE HIRDAVAT SAN TİC LTD ŞTİ.;FERHATPAŞA MAHALLESİ KARADENİZ CADDESİ NO:26 ATAŞEHİR İSTANBUL;(216) 4719110;http://www.teknikmarket.com;teknikmarket.com;İMİB - İstanbul Maden İhracatçıları Birliği
TEKNO YAPI KİMYASALLARI SAN.VE TİC.A.Ş.;İSTANBUL DERİ ORGANİZE SANAYİBÖLGESİ GERGEF SOK. NO.6 ORHANLI TUZLA İSTANBUL;(216) 4291000;www.teknoyapi.com.tr;teknoyapi.com.tr;İMİB - İstanbul Maden İhracatçıları Birliği
TEKNOFİNAL DIŞ TİCARET LİMİTED ŞİRKETİ;İSMETPAŞA MAHALLESİ 93. SOKAK A BLOK APT. NO:2/A SULTANGAZİ İSTANBUL;(212) 5143788;www.teknofinal.com;teknofinal.com;İMİB - İstanbul Maden İhracatçıları Birliği
TEKNOKON ENDÜSTRİ TESİSLERİ İNŞ. VE MONTAJ A.Ş.;CEVİZLİ MH. KURİŞ KULE İŞ MERK. CEVİZLİ D-100 GÜNEY YANYOL NO:2/2 KARTAL İSTANBUL;(262) 3840428;www.teknokon.com;teknokon.com;İMİB - İstanbul Maden İhracatçıları Birliği
TEKNOMAR GRUP MADENCİLİK İNŞAAT NAKLİYE TURİZM İŞLETMECİLİĞİ SANAYİ VE DIŞ TİCARET LİMİTED ŞİRKETİ;GÜLDARPI MAHALLESİ KARAAĞAÇ KÜMEEVLER NO:43 ÇUBUK ANKARA;(312) 8271713;http://www.nadumaden.com;nadumaden.com;İMİB - İstanbul Maden İhracatçıları Birliği
TEKNOMER TURİZM TARIM MADENCİLİK İNŞ.TİC.LTD.ŞTİ.;ÇAMLICA MAH. ORGANİZE SANAYİ BÖLGESİ 1752 SOK. NO:20 BUCAK BURDUR;(248) 3171400;www.teknomermarble.com;teknomermarble.com;İMİB - İstanbul Maden İhracatçıları Birliği
TEKNOSİL SİLİKON KAUÇUK SANAYİ VE TİCARET ANONİM ŞİRKETİ;MALTEPE MAHALLESİ DAVUTPAŞA CADDENO:141 ZEYTİNBURNU İSTANBUL;(212) 4820901;www.teknosil.com;teknosil.com;İMİB - İstanbul Maden İhracatçıları Birliği
TEKNOTHERM METAL SAN. VE TİC.A.Ş.;GÜLSUYU MAH.FEVZİ ÇAKMAK CAD.BİLGİNER SOK.TESA İŞ MERKZ.N:9/1-2 MALTEPE İSTANBUL;(216) 5931860;www.teknotherm.com.tr;teknotherm.com.tr;İMİB - İstanbul Maden İhracatçıları Birliği
TEKSAN JENERATÖR-ELEKTRİK SANAYİ VE TİCARET ANONİM ŞİRKETİ;YENİDOĞAN MAHALLESİ EDEBALİ CADDESİNO:12 YENİDOĞAN SANCAKTEPE İSTANBUL;(216) 3120550;www.teksanjenerator.com.tr;teksanjenerator.com.tr;İMİB - İstanbul Maden İhracatçıları Birliği
TEK-SER TEKNİK SERAMİK TİC.VE SAN.A.Ş;Y.DUDULLU ICERENKOY YOL ÜZERIKEYAP SAN.SIT.F-1 BLOK N:94 ÜMRANİYE İSTANBUL;(216) 3656464;www.tekser.org;tekser.org;İMİB - İstanbul Maden İhracatçıları Birliği
TEKZEN TİCARET VE YATIRIM A.Ş.;CENDERE CAD. NO.30 BAB PLAZA KAT 6-7-8 TEKZEN TİCARET VE YATIRIM A.Ş. MERKEZ 34406 KAĞITHANE İSTANBUL;(212) 6601011;www.tekzen.com.tr;tekzen.com.tr;İMİB - İstanbul Maden İhracatçıları Birliği
TELAS LASTİK SANAYİ VE TİCARET ANONİM ŞİRKETİ;DELİKLİKAYA MAHALLESİ KİTABE CADDESİ NO: 13-19İÇ KAPI NO: 1 ARNAVUTKÖY ARNAVUTKÖY İSTANBUL;(212) 4854801;www.telas.com.tr;telas.com.tr;İMİB - İstanbul Maden İhracatçıları Birliği
TEMCO KOZMETİK TEKSTİL VE AMBALAJ DIŞ TİC. LTD. ŞTİ.;BAĞDAT CD. ARK PLAZA NO: 399B/1 SUADİYE ERENKÖY KADIKÖY İSTANBUL;(216) 7097133;www.temcoint.com;temcoint.com;İMİB - İstanbul Maden İhracatçıları Birliği
TEMKO PAZARLAMA İÇ VE DIŞ TİCARET LİMİTED ŞİRKETİ;TÜRKGÜCÜ OSB MAH. 216 SK. TEMKO KOZMETİKNO:14/1 ÇORLU TEKİRDAĞ;(282) 6818670;https://www.temkocosmetics.com/;temkocosmetics.com;İMİB - İstanbul Maden İhracatçıları Birliği
TEMMER MERMER MADENCİLİK İNŞAAT SANAYİ VE TİCARET ANONİM ŞİRKETİ;ORG.SANAYI BOLG.2.CAD.9.SOK.NO:2 AFYONKARAHİSAR AFYON;(272) 2211901;www.temmermarble.com;temmermarble.com;İMİB - İstanbul Maden İhracatçıları Birliği
TEMPA PANO SANAYI VE TICARET A .S.;MAKİNE İHTİSAS ORGANİZE SAN. BÖL. 2.CADDE NO: 1 DEMİRCİLER KÖYÜ DİLOVASI KOCAELİ;;www.tempa.com.tr;tempa.com.tr;İMİB - İstanbul Maden İhracatçıları Birliği
TENOKA İNŞAAT İTHALAT İHRACAT SANAYİ VE TİCARET LTD.ŞTİ.;TURGUT REIS MAH. FATIH BULVARIAKER SOK. NO.5 SULTANBEYLİ İSTANBUL;(216) 4195940;www.tenokagranit.com.tr;tenokagranit.com.tr;İMİB - İstanbul Maden İhracatçıları Birliği
TERMINUS İTHALAT İHRACAT ANONİM ŞİRKETİ;ORUÇREİS MAH. GİYİMKENT 1.SOK. GİYİM KENT B8NO:24/A ESENLER İSTANBUL;(212) 4382401;http://www.terminustrade.com;terminustrade.com;İMİB - İstanbul Maden İhracatçıları Birliği
TERRA MADRE SANAT TASARIM LTD. ŞTİ.;KUZGUNCUK MAH. ÜRYANİZADE SOK. NO:13 ÜSKÜDAR İSTANBUL;(216) 0000000;www.atelierterramadre.com;atelierterramadre.com;İMİB - İstanbul Maden İhracatçıları Birliği
TERRACO YAPI MALZEMELERI SANAYII VE TICARETI A.S.;NO:21 ODUNPAZARI ORGANİZE SANAYİ BÖLGESİ MÜMTAZ ZEYTİNOĞLU BULVARI MERKEZ ESKİŞEHİR;;www.terraco.com.tr;terraco.com.tr;İMİB - İstanbul Maden İhracatçıları Birliği
TESKA MİMARLIK TURİZM İNŞAAT VE TİC. LTD. ŞTİ.;BEBEK GÜNAYDIN APT.CEVDETPAŞA CAD.N:107 İÇ KAPI NO:1 BEŞİKTAŞ İSTANBUL;(212) 2578001;www.teskamimarlik.com;teskamimarlik.com;İMİB - İstanbul Maden İhracatçıları Birliği
TESSENDERLO KERLEY TURKEY TARIM VE KİMYA SANAYİ VE TİCARET LİMİTED ŞİRKETİ;İZMİR ANKARA YOLU ANSİZCA MEZRA ALTI N:312 KEMALPAŞA İZMİR;(232) 8780093;www.tessenderlokerleyturkey.com;tessenderlokerleyturkey.com;İMİB - İstanbul Maden İhracatçıları Birliği
TETAŞ İÇ VE DIŞ TİCARET ANONİM ŞİRKETİ;AKÇABURGAZ MAH.3047.SOK.N:2 ESENYURT İSTANBUL;(212) 8669000;www.tetas.com.tr;tetas.com.tr;İMİB - İstanbul Maden İhracatçıları Birliği
TETİKLER KİMYA TEKSTİL MATBAA SANAYİ VE TİCERET LİMİTED ŞİRKETİ;FATİH MAH. 3. CSDDE 211 SOK NO 10 1 ESENLER İSTANBUL;(212) 0000000;http://www.tetiklerkimya.com.tr;tetiklerkimya.com.tr;İMİB - İstanbul Maden İhracatçıları Birliği
TETRAMAR DOĞAL TAŞ MERMER SAN. VE TİC. LTD. ŞTİ.;VİŞNEZADE MAH. SÜLEYMAN SEBA CAD. NO:48 BEŞİKTAŞ PLAZA A BLOK D:85 BEŞİKTAŞ İSTANBUL;(212) 4463450;www.tetramar.com;tetramar.com;İMİB - İstanbul Maden İhracatçıları Birliği
TEXPORT DOĞAL TAŞ ÜRETİM PAZARLAMA SANAYİ VE TİCARET ANONİM ŞİRKETİ;HAKKI YETEN CD. NO:10-I KAT:4 SELENIUM PLAZA DİKİLİTAŞ 34394 BEŞİKTAŞ İSTANBUL;(212) 3372800;www.texportmarble.com;texportmarble.com;İMİB - İstanbul Maden İhracatçıları Birliği
TEZCAN HIRDAVAT VE İŞ GÜVENLİĞİ SANAYİ TİC LTD ŞTİ;AYDINTEPE MAH COŞKUN SOK NO:24 B TUZLA İSTANBUL;(216) 4930801;www.tezcan-isghirdavat.com;tezcan-isghirdavat.com;İMİB - İstanbul Maden İhracatçıları Birliği
TGS DIŞ TİC. AŞ;MERKEZ MAH. BASIN EKSPRES YOLUCAPITAL TOWER NO.9 K:1 KÜÇÜKÇEKMECE İSTANBUL;(212) 6445858;www.tgsas.com;tgsas.com;İMİB - İstanbul Maden İhracatçıları Birliği
TİMON TOPLU TÜKETİM SANAYİ VE TİCARET ANONİM ŞİRKETİ;ZİYA GÖKALP MAH. İKİTELLİ ORG. SANAYİ BÖL. ESKİTURGUT ÖZAL CAD. NO:4 B BLOK 104-105 BAĞCILAR İSTANBUL;(212) 6590659;www.timon.com.tr;timon.com.tr;İMİB - İstanbul Maden İhracatçıları Birliği
TİMTAŞ GRUP İNŞAAT ANONİM ŞİRKETİ;KIZILIRMAK MAH. 1443. CAD. NO:25B/208 06400 ÇANKAYA ANKARA;(312) 4461456;www.timtasinsaat.com.tr;timtasinsaat.com.tr;İMİB - İstanbul Maden İhracatçıları Birliği
TİSERT EVCİL HAYVAN VE AKVARYUM ÜRÜNLERİ İTHALAT İHRACAT SAN. DIŞ TİC. LTD. ŞTİ.;AKÇABURGAZ MH. 592 SK. NO:10/12 ESENYURT İSTANBUL;(212) 5652310;www.tisert.com.tr;tisert.com.tr;İMİB - İstanbul Maden İhracatçıları Birliği
TKMAR MERMER SAN. TİC. LTD. ŞTİ.;ATATÜRK MAH.12065 SOKAK NO:1/3 MERKEZ BURDUR;;www.tkmar.com;tkmar.com;İMİB - İstanbul Maden İhracatçıları Birliği
TMG DOĞALTAŞ SAN.VE TİC.LTD.ŞTİ.;MESRUTIYET CAD. NO.94 K:4 BEYOĞLU İSTANBUL;(212) 2927761;www.tmgstone.com;tmgstone.com;İMİB - İstanbul Maden İhracatçıları Birliği
TML İNŞAAT ANONİM ŞİRKETİ;FATİH SULTAN MEHMET CAD.NO.33KAVACIK BEYKOZ İSTANBUL;(216) 4133339;www.tml.com.tr;tml.com.tr;İMİB - İstanbul Maden İhracatçıları Birliği
TOLSA TURKEY MADENCİLİK SAN.VE TİC. A.Ş.;HİLAL MAH. 674 SOK. NO.7 D.4 ÇANKAYA ANKARA;(312) 4399246;www.tolsa.com;tolsa.com;İMİB - İstanbul Maden İhracatçıları Birliği
TORK ÇELİK TAAHHÜT İNŞAAT SANAYİ VE DIŞ TİCARET LİMİTED ŞİRKETİ;2167. SOKAK 3/A AKKENT TWİNS 6A NO: 153 TURGUT ÖZAL MAHALLESİYENİMAHALLE YENİMAHALLE ANKARA;(312) 5030580;www.torcelik.com.tr;torcelik.com.tr;İMİB - İstanbul Maden İhracatçıları Birliği
TORKAM İNŞAAT VE YATIRIM ANONİM ŞİRKETİ;GÖZTEPE MH. BATIŞEHİR CD BATIŞEHİR SİT K BLOK NO:2 KAT:15/151 GÖZTEPE BAĞCILAR İSTANBUL;(212) 6592380;www.turkam.com.tr;turkam.com.tr;İMİB - İstanbul Maden İhracatçıları Birliği
TORUN METAL ANONİM ŞİRKETİ;GEBZE ORG.SAN.BLG.IHSAN DEDECD .NO:116 GEBZE KOCAELİ;(262) 6771500;www.torunmetal.com;torunmetal.com;İMİB - İstanbul Maden İhracatçıları Birliği
TOYPA MAĞAZACILIK TİC. A.Ş.;TURGUTÖZAL CAD.N:125 ÇAYIROVA KOCAELİ;(216) 4998080;www.toyzzshop.com;toyzzshop.com;İMİB - İstanbul Maden İhracatçıları Birliği
TPS PARATONER TOPRAKLAMA ELEKTRİK SANAYİ VE TİC. LTD. ŞTİ.;CEVİZLİ, FATİH CD. FETTAHOĞLU APT. NO:66 A MALTEPE İSTANBUL;(216) 3707558;http://www.tpselektrik.com;tpselektrik.com;İMİB - İstanbul Maden İhracatçıları Birliği
TRAKYA DÖKÜM SANAYİ VE TİCARET ANONİM ŞİRKETİ;FULYA MH BÜYÜKDERE CD NO:38/2 ŞİŞLİ İSTANBUL;(212) 3155240;www.trakyadokum.com;trakyadokum.com;İMİB - İstanbul Maden İhracatçıları Birliği
TRAMERTAŞ TRAVERTEN MERMER SANAYİ PAZARLAMA ANONİM ŞİRKETİ;ŞEHŞAMİL ORG.SAN.BÖL.1.KISIM HALİS VERMEZOĞLU NO:11 MERKEZ SİVAS;(216) 6887575;www.tramertas.com;tramertas.com;İMİB - İstanbul Maden İhracatçıları Birliği
TRANSEMEX ULUSL. NAKLİYAT VE DIŞ TİC. LTD.ŞTİ.;KARTALTEPE MAH.MALAZGİRT CAD.NO:1 KAPI NO:1 KÜÇÜKÇEKMECE İSTANBUL;(212) 4250425;www.transemex.com;transemex.com;İMİB - İstanbul Maden İhracatçıları Birliği
TRANSFARMA DIŞ TİCARET A.Ş.;RASİMPAŞA BULVARI HALİTAĞA SOK. DIŞ KAPI NO:42İÇ KAPI NO:6 KADIKÖY İSTANBUL;(216) 5776772;www.transfarma.com.tr;transfarma.com.tr;İMİB - İstanbul Maden İhracatçıları Birliği
TRANSMER İÇ VE DIŞ TİC. LTD. ŞTİ.;ETİLER MAH. TEPECİK YOLU EDİNCİK SOK. NO:1 D:10 BEŞİKTAŞ İSTANBUL;(212) 3511944;www.transmer.com.tr;transmer.com.tr;İMİB - İstanbul Maden İhracatçıları Birliği
TRESTONE DOĞALTAŞ İNŞ. SAN. VE TİC. LTD. ŞTİ.;FERHATPAŞA MAH.GAZİPAŞA CAD.NO:81 ATAŞEHİR İSTANBUL;(216) 4791349;www.trestone.com.tr;trestone.com.tr;İMİB - İstanbul Maden İhracatçıları Birliği
TRİA GRUP ELEKTRİK ELEKTRONİK İNŞ. TAAH. SAN. VE TİC. LTD. ŞTİ.;YENİ ÇAMLICA MAH. VİYANA SOK. NO:10 K:1 D:4 KOZYATAĞI KADIKÖY İSTANBUL;(216) 4563437;www.triagrup.com.tr;triagrup.com.tr;İMİB - İstanbul Maden İhracatçıları Birliği
TROAS MİNERALS MADENCİLİK TURİZM TİCARET VE SANAYİ ANONİM ŞİRKETİ;GÜZELTEPE MAH. PROF.DR.BEYNUN AKYAVAŞ CAD. KEREM SOKAK4/3-1 ARKADYA SİTESİ 5 BLOK D.1 ÇENGELKÖY ÜSKÜDAR İSTANBUL;(216) 4220404;www.troas.com.tr;troas.com.tr;İMİB - İstanbul Maden İhracatçıları Birliği
TRUST US GLOBAL YAPI VE MİMARLIK TİCARET LİMİTED ŞİRKETİ;YESILCE MAH. AYTEKIN SK. NO:40 KAĞITHANE İSTANBUL;(212) 7065804;https://trustusglobal.com/;trustusglobal.com;İMİB - İstanbul Maden İhracatçıları Birliği
TRUSTUM DIS TIC.LTD.STI.;ZÜHTÜPAŞA MAH. BAĞDAT CAD. NO:41/87 KADIKÖY İSTANBUL;(216) 6587671;www.inspectstone.com;inspectstone.com;İMİB - İstanbul Maden İhracatçıları Birliği
TRUVA DOĞAL TAŞ İNŞAAT MERMER MADEN MAKİNE SAN. VE DIŞ TİC. LTD. ŞTİ.;ORGANİZE SANAYİ BÖLGESİ 1. CADDE 8. SOKAK NO:7 AFYONKARAHİSAR AFYON;;www.truvamarble.com.tr;truvamarble.com.tr;İMİB - İstanbul Maden İhracatçıları Birliği
TUANA MADEN SAN.TİC.LTD.ŞTİ.;MERKEZ MAH. ŞAİR M. AKİF ERSOY CAD. NO:13 ALEMDAĞ(ALEMDAR) ÇEKMEKÖY İSTANBUL;(216) 3121136;www.tuanamaden.com;tuanamaden.com;İMİB - İstanbul Maden İhracatçıları Birliği
TUBİTAK ULUSAL METROLOJİ ENSTİTÜSÜ;DR. ZEKİ ACAR CAD. NO.1 TUBİTAK GEBZEYERLEŞKESİ GEBZE KOCAELİ;(262) 6795000;www.tubitak.gov.tr;tubitak.gov.tr;İMİB - İstanbul Maden İhracatçıları Birliği
TUGAY TOKGÖZ;YESİLOVA MAH. YENİ TUZCULAR SİTESİ ŞEREFLİKOÇHİSAR ŞEREFLİKOÇHİSAR ANKARA;(312) 6965010;www.artuz.com.tr;artuz.com.tr;İMİB - İstanbul Maden İhracatçıları Birliği
TUNA ALÜMİNYUM METAL KİMYA İNŞ. SAN. DIŞ TİC. A.Ş.;VELİKÖY O.S.B.SANAYİ BULV.N:98/A ÇERKEZKÖY TEKİRDAĞ;(282) 7461300;www.tunaaluminium.com;tunaaluminium.com;İMİB - İstanbul Maden İhracatçıları Birliği
TUNA MADENCİLİK NAKLİYAT OTOMOTİV TİCARET LİMİTED ŞİRKETİ;ALİ CEBİ CADDESİ KELESOGLU PLAZA KAT:1 NO:34 BEYLİKDÜZÜ İSTANBUL;(212) 8762577;www.tunamadencilik.com.tr;tunamadencilik.com.tr;İMİB - İstanbul Maden İhracatçıları Birliği
TUNCER ITHALAT SANAYİ VE TICARET LİMİTED ŞİRKETİ;NATOYOLU CAD. NO:140/B KAZLIÇEŞME CAD. NO.9 J-1 ÖZEL PARSEL ÜMRANİYE İSTANBUL;(216) 4151055;www.tuncerithalat.com.tr;tuncerithalat.com.tr;İMİB - İstanbul Maden İhracatçıları Birliği
TUNÇ MERMER SANAYİ VE TİCARET LİMİTED ŞİRKETİ;DEVECİKONAĞI MAH.N:188/A-B MUSTAFAKEMALPAŞA BURSA;(224) 6134448;www.tuncmarble.com;tuncmarble.com;İMİB - İstanbul Maden İhracatçıları Birliği
TUNÇHAN METAL VE TURİZM SANAYİ TİCARET ANONİM ŞİRKETİ;ATAKÖY 2-5-6 KISIM MH RAUF ORBAY CD YALI ATAKÖY SİTESİ C BLOK NO:4 D:15 BAKIRKÖY İSTANBUL;(212) 8434346;www.tunchanmetal.com;tunchanmetal.com;İMİB - İstanbul Maden İhracatçıları Birliği
TURAN BEKİŞOĞLU MERMER SANAYİ VE TİCARET ANONİM ŞİRKETİ;SARAY FATİH MAH.ÖZAL BULVARI NO:125 SARAYKÖY PURSAKLAR ANKARA;(312) 3993210;www.marmiro.com;marmiro.com;İMİB - İstanbul Maden İhracatçıları Birliği
TURAN KİMYA SAN. VE TİC. A.Ş.;SELAHADDİN EYYUBİ MAH.3152 SOK.NO:7/3 ESENYURT İSTANBUL;(212) 4858999;www.turankimya.com;turankimya.com;İMİB - İstanbul Maden İhracatçıları Birliği
TURANCAM İNŞAAT SANAYİ VE TİC. A .Ş;MIMARSINAN MAH.BARBAROS CAD.NO:5 ÇEKMEKÖY İSTANBUL;02166400000;www.turancam.com;turancam.com;İMİB - İstanbul Maden İhracatçıları Birliği
TURGUT ÖZEN MERMER SANAYİ VE TİCARET ANONİM ŞİRKETİ;İLYASBEY KÖYÜ Merkez BİLECİK;(228) 2932265;www.turgutozenmermer.com.tr;turgutozenmermer.com.tr;İMİB - İstanbul Maden İhracatçıları Birliği
TURMET MADENCİLİK VE İNŞAAT SANAYİ VE TİCARET LTD.ŞTİ.;CUMHRIYE MAH. PAŞA SOK.CAN APT.NO:5/4 CUMHURİYE TEPEBAŞI ESKİŞEHİR;(222) 6112412;www.turmet.com.tr;turmet.com.tr;İMİB - İstanbul Maden İhracatçıları Birliği
TUROCAS GRUP YÖNETİM DANIŞMANLIĞI TİCARET LİMİTED ŞİRKETİ;FATİH MAH. ATAKAN CAD. NO: 20 İÇ KAPI NO: 1 TUZLA İSTANBUL;(212) 4448470;http://www.turocasgrup.com;turocasgrup.com;İMİB - İstanbul Maden İhracatçıları Birliği
TÜPRAG EKSPORT MADEN İHRACAT VE TİCARET ANONİM ŞİRKETİ;İRAN CAD. TURAN EMEKSİZ SOK. NO.1 GAZİOSMANPAŞA GAZİOSMANPAŞA(GOP) ÇANKAYA ANKARA;(312) 4684536;www.tuprag.com.tr;tuprag.com.tr;İMİB - İstanbul Maden İhracatçıları Birliği
TÜRK HENKEL KİMYA SANAYİ VE TİCARET A.Ş;F.S.MEHMET MAH. POLİGON CAD. NO:8 BUYAKA SİT. C BLOK K:10-14 ÜMRANİYE İSTANBUL;(216) 5794000;www.henkel.com.tr;henkel.com.tr;İMİB - İstanbul Maden İhracatçıları Birliği
TÜRK MAADİN ŞİRKETİ ANONİM ŞİRKETİ;BALMUMCU BARBAROS BLV. ESER APT. NO.78/19 K.7D:19 BEŞİKTAŞ İSTANBUL;(212) 3475700;www.turkmaadin.com;turkmaadin.com;İMİB - İstanbul Maden İhracatçıları Birliği
TÜRK PRYSMİAN KABLO VE SİSTEMLERİ ANONİM ŞİRKETİ;HAKTAN IŞ MERKEZİ NO:39 KAT:2SETÜSTÜ - KABATAŞ BEYOĞLU İSTANBUL;(212) 3937700;www.prysmiangroup.com;prysmiangroup.com;İMİB - İstanbul Maden İhracatçıları Birliği
TÜRKLER ŞEMSİYE GÖLGELENDİRME SİSTEMLERİ VE MOBİLYA SANAYİ TİCARET LİMİTED ŞİRKETİ;MAHMUTBEY MH İSKOÇ 2427 SK 8 ADA NO:161/163 BAĞCILAR İSTANBUL;(212) 6596159;www.turklersemsiye.com.tr;turklersemsiye.com.tr;İMİB - İstanbul Maden İhracatçıları Birliği
TÜRKMAN DIŞ TİC.LTD.ŞTİ.;VELİEFENDİ ÖAH HOCA AHMET YESEVİ CD NO:110/B ZEYTİNBURNU İSTANBUL;(212) 6430591;www.türkmenleryapi.com.tr;türkmenleryapi.com.tr;İMİB - İstanbul Maden İhracatçıları Birliği
UFUK BAYCAR ANORA EV GEREÇLERİ PAZARLAMA VE DIŞ TİCARET;İNÖNÜ MAH.29/3 SOK. NO:12/C BAĞCILAR İSTANBUL;(212) 4616153;www.anoratrading.com;anoratrading.com;İMİB - İstanbul Maden İhracatçıları Birliği
UGURLU DISCILIK GIDA END.UR.VE INS.UR.SAN.TIC.LTD.STI.;6.SEYRAN SOKAK NO:6 ATATÜRK MAH UŞAK UŞAK;;www.zahntech3d.net;zahntech3d.net;İMİB - İstanbul Maden İhracatçıları Birliği
UĞUR TEKSTİL MAKİNALARI SAN. VE TİC. A. Ş.;BASIN EKSPRES YOLU NO.5-AUĞUR PLAZA KÜÇÜKÇEKMECE İSTANBUL;02124950000;www.brothertr.com;brothertr.com;İMİB - İstanbul Maden İhracatçıları Birliği
ULTİMATE TAŞIMACILIK EKİPMANLARI ANONİM ŞİRKETİ;ARİFBEY MAH.ZÜBEYDE HANIM CAD.N:75 54580 ARİFİYE ARİFİYE SAKARYA;(264) 5020200;www.ultimate-tur.com;ultimate-tur.com;İMİB - İstanbul Maden İhracatçıları Birliği
ULUPINAR MADEN MERMER VE İNŞAAT SANAYİ VE TİCARET LİMİTED ŞİRKETİ;HACI HALİL MAH. ORHANGAZI CAD.GÜMGÜM İŞHANI NO.15 K.1 GEBZE KOCAELİ;(262) 6412018;www.ulupinarmermer.com;ulupinarmermer.com;İMİB - İstanbul Maden İhracatçıları Birliği
UMUT İNŞAAT VE İNŞAAT MALZEMELERİ TAAHHÜT DEKARASYON MERMER MADEN TURİZM SANAYİ VE TİCARET LTD. ŞTİ.;ORG. SAN. BOL. 2.CAD. NO.14 AFYONKARAHİSAR AFYON;(272) 2211760;www.umutmarble.com;umutmarble.com;İMİB - İstanbul Maden İhracatçıları Birliği
UNDO YAPI SİSTEMLERİ SANAYİ VE TİCARET LİMİTED ŞİRKETİ;ŞİRİNTEPE MH GÜMÜŞHANE CD ARMAĞAN SK NO:18B KAĞITHANE İSTANBUL;(212) 2707917;www.undoyapi.com;undoyapi.com;İMİB - İstanbul Maden İhracatçıları Birliği
UNIMAK MUHENDİSLİK HIZMETLERİ VE MAKINA SANAYİ TICARET LİMİTED SİRKETI;KİMYA SANAYİCİLERİ ORG. SAN. BÖL. MELEK ARAS BULVARI ANALİTİK CAD. NO:40 TUZLA İSTANBUL;(216) 5931580;www.unimakmuh.com;unimakmuh.com;İMİB - İstanbul Maden İhracatçıları Birliği
UNITED DOĞALTAŞ MADENCİLİK SANAYİ VE TİCARET LİMİTED ŞİRKETİ;GENERAL ASIM GÜNDÜZ CADDESİ NO:19/52 PK:905386 KADIKÖY/İSTANBUL KADIKÖY İSTANBUL;;www.unitedstones.com.tr;unitedstones.com.tr;İMİB - İstanbul Maden İhracatçıları Birliği
UNİ YAZI GEREÇLERİ KIRTASİYE SAN. VE TİC. A.Ş.;ÇOBANÇEŞME MAH. SANAYİ CAD. NİSH İSTA BLOK NO:44 DAİRE NO:67-68 BAHÇELİEVLER İSTANBUL;(212) 6036161;www.uniball.com.tr;uniball.com.tr;İMİB - İstanbul Maden İhracatçıları Birliği
UNİKON METALÜRJİ VE KİMYA SANAYİ TİCARET ANONİM ŞİRKETİ;ORHANTEPE MH.ORHANGAZI CDNO.93-2 KARTAL İSTANBUL;02163999868;www.unikon.com.tr;unikon.com.tr;İMİB - İstanbul Maden İhracatçıları Birliği
UNİMİCRON SANAYİ VE TİCARET A.Ş.;GÜZELYALI MAH. YALI (GÜZELYALI) SOK. NO:33/1 ÜNYE ORDU;(452) 3242229;www.unimicronturkey.com;unimicronturkey.com;İMİB - İstanbul Maden İhracatçıları Birliği
UNO MERMER DIS TICARET LİMİTED ŞİRKETİ;CAMİ MAH. OVA SK.BAL KONAKLARI B BLOK D: 5 TUZLA İSTANBUL;;http://www.unomarble.com;unomarble.com;İMİB - İstanbul Maden İhracatçıları Birliği
UNVER NAK.TUZ KOMUR TAAH.ISL. SAN.TIC.LTD.STI.;YEŞİLOVA MAH. E 90 KARAYOLU ALTI 10KM.YENİ TUZCULAR SİTESİ ŞEREFLİKOÇHİSAR ŞEREFLİKOÇHİSAR ANKARA;(312) 6965007;www.unvertuz.com.tr;unvertuz.com.tr;İMİB - İstanbul Maden İhracatçıları Birliği
UPLASS HAVACILIK ÜRÜNLERİ SANAYİ VE TİCARET ANONİM ŞİRKETİ;YAKUPLU MAHALLESİ HÜRRİYET BULVARI SKYPORTNO:1/64 BEYLİKDÜZÜ İSTANBUL;(212) 8769544;www.uplass.com.tr;uplass.com.tr;İMİB - İstanbul Maden İhracatçıları Birliği
USTA KİMYA MERMER MADENCİLİK SAN. VE DIŞ TİC. LTD. ŞTİ.;ALTINŞEHİR MAH. AHMET TANER KIŞLALI BULV. 320. SK.GÜLEÇ TERAS PREMIUM SİT. NO:3 B BLOK D:17 NİLÜFER BURSA;(224) 9097287;www.ustamarble.com;ustamarble.com;İMİB - İstanbul Maden İhracatçıları Birliği
UZ KİMYA KİMYEVİ MADDE PAZARLAMA SANAYİ VE TİCARET ANONİM ŞİRKETİ;129/26 SOKAK NO 8 4. SANAYİ SİTESİ BORNOVA İZMİR;(232) 3759222;www.uzkimya.com;uzkimya.com;İMİB - İstanbul Maden İhracatçıları Birliği
UZLAR MERMER SANAYİ VE TİCARET LİMİTED ŞİRKETİ;CAMİKEBİR MAHALLESİ ANKARA CADDESİ NO:118 KAHRAMAN SOK. NO.13 ALİBEYKÖY EYÜP İSTANBUL;(212) 6258020;www.uzlarmermer.com;uzlarmermer.com;İMİB - İstanbul Maden İhracatçıları Birliği
ÜÇ BALİNA BİLİŞİM MADENCİLİK TİCARET ANONİM ŞİRKETİ;KEMALPAŞA MAH. FETVANE SK. NO:27/4 MERKEZ ÇANAKKALE;(286) 0000000;www.marmolturco.com;marmolturco.com;İMİB - İstanbul Maden İhracatçıları Birliği
ÜÇER ZIMPARA TAŞI SAN.VE TİC. LTD.ŞTİ.;MUALLİM KÖY YOLU 1.KM 4101 SK. NO:6 GEBZE KOCAELİ;(262) 7591313;www.ucer.com.tr;ucer.com.tr;İMİB - İstanbul Maden İhracatçıları Birliği
ÜÇLER ALÜMİNYUM METAL YAPI MALZEMELERİ SANAYİ VE TİCARET LİMİTED ŞİRKETİ;DELİKLİKAYA MH YÜZBAŞI MEHMET HİLMİ CD NO:38 ARNAVUTKÖY İSTANBUL;(212) 6132224;www.uclertriomat.com;uclertriomat.com;İMİB - İstanbul Maden İhracatçıları Birliği
ÜÇTEM-PLAS PLASTİK TEMİZLİK GIDA MADDELERİ SANAYİ TİCARET LİMİTED ŞİRKETİ;AKÇABURGAZ MAH. 153. SOK NO: 16 ESENYURT İSTANBUL;(212) 5817431;www.uctemplas.com;uctemplas.com;İMİB - İstanbul Maden İhracatçıları Birliği
ÜNİVERSAL DEKOR SANAYİ VE DIŞ TİC. LTD. ŞTİ.;ABDURRAHMAN NAFİZ GÜRMAN MAH. MEHMET AKİF CAD. TURUNCLU SOK. NO. NO.25/2 MERTER GÜNGÖREN İSTANBUL;(212) 6385434;www.universaldecoration.com;universaldecoration.com;İMİB - İstanbul Maden İhracatçıları Birliği
ÜNMERSAN MERMER SANAYİ VE TİCARET LTD. ŞTİ.;ORGANİZE SANAYİ BÖLG. 5.CD. NO:6 ODUNPAZARI ESKİŞEHİR;;www.esmarble.com;esmarble.com;İMİB - İstanbul Maden İhracatçıları Birliği
V METAL SAN. VE TİC.LTD.ŞTİ;BALÇIK MAHALLESİ 3225. SOKAK NO:44 GEBZE KOCAELİ;(262) 0000000;http://www.vmetal.com.tr;vmetal.com.tr;İMİB - İstanbul Maden İhracatçıları Birliği
VALUEMAR MADENCİLİK SANAYİ TİCARET LİMİTED ŞİRKETİ;İNÖNÜ MAH.1.AYDIN SOKAK NO:11/2 KÜÇÜKÇEKMECE İSTANBUL;(212) 6980092;www.valuemarmarble.com;valuemarmarble.com;İMİB - İstanbul Maden İhracatçıları Birliği
VECHEM KİMYA SAN. TİC. AŞ;IST.DERI ORG.SAN.BOL. VAKUM CADC-14 PARSEL N:18 TUZLA İSTANBUL;(216) 3941108;www.vechem.com;vechem.com;İMİB - İstanbul Maden İhracatçıları Birliği
VENTUS PROSES MÜHENDİSLİK SANAYİ VE TİCARET LİMİTED ŞİRKETİ;YAKUPLU MAHALLESİ GEÇİT SOKAK NO:17/4 PK:34524 BEYLİKDÜZÜ İSTANBUL;(212) 4860020;http://www.ventusprocess.com/;ventusprocess.com;İMİB - İstanbul Maden İhracatçıları Birliği
VERATEKS BOYA KİMYA TEKSTİL SAN. TİC. LTD. ŞTİ.;HATİP MAH. ALİ OSMAN ÇELEBİ BULVARI VİA WEST TİCARET MERKEZİ NO : 106 CD ÇORLU TEKİRDAĞ;(282) 6737123;www.verateks.com;verateks.com;İMİB - İstanbul Maden İhracatçıları Birliği
VERDİ DIŞ TİCARET LİMİTED ŞİRKETİ;YELKOVAN IS MERKEZI NO:192 ODUNPAZARI ESKİŞEHİR;(222) 2322374;verdiltd.net;verdiltd.net;İMİB - İstanbul Maden İhracatçıları Birliği
VERİTAS METALURJİ SAN.VE DIŞ TİC.LTD.ŞTİ.;DUDULLU OSB MH.İMES SAN SİT E BLOK 502 SK NO:11-2 ÜMRANİYE İSTANBUL;(216) 3147414;www.veritasmetal.com;veritasmetal.com;İMİB - İstanbul Maden İhracatçıları Birliği
VERSİYON MADENCİLİK ANONİM ŞİRKETİ;OĞUZLAR MAHALLESİ 1393.CADDE NO:13/9 ÇANKAYA ANKARA;(312) 2862333;www.versiyonmadencilik.com;versiyonmadencilik.com;İMİB - İstanbul Maden İhracatçıları Birliği
VESKİM KİMYEVİ MADDE İTHALAT İHRACAT ANONİM ŞİRKETİ;SÜMER SOKAK , KAR PLAZA NO:4 KAT:12 / MASLAK OFFICE BUILDING İÇ KAPI NO:35 SARIYER İSTANBUL;02122831017;www.veskim.com;veskim.com;İMİB - İstanbul Maden İhracatçıları Birliği
VESMEC MAKİNA SANAYİ MÜMESSİLLİK DANIŞMANLIK VE TİCARET ANONİM ŞİRKETİ;AYDINTEPE MAH. AKYILDIZ SOK. NO.3 İÇMELER TUZLA İSTANBUL;(216) 4932973;www.vesmec.com;vesmec.com;İMİB - İstanbul Maden İhracatçıları Birliği
VESNA METAL VE PROFİL SAN.DIŞ TİC.LTD.ŞTİ.;DUDULLU OSB MH DEŞ SAN SİT 113 SK NO:73 ÜMRANİYE İSTANBUL;(216) 3135396;www.vesnametal.com.tr;vesnametal.com.tr;İMİB - İstanbul Maden İhracatçıları Birliği
VESTEL TİCARET ANONİM ŞİRKETİ;ORGANIZE SANAYI BOLGESI MANİSA MANİSA;(236) 2330131;www.vestel.com.tr;vestel.com.tr;İMİB - İstanbul Maden İhracatçıları Birliği
VESUVIUS İSTANBUL REFRAKTER SAN. TİC. A.Ş.;GEBZE ORG. SAN. BÖLGESİ MAH. 1700 SOK. NO.1074 ŞEKERPINAR-KOCAELİ KARTAL İSTANBUL;(262) 6770999;www.vesuvius.com;vesuvius.com;İMİB - İstanbul Maden İhracatçıları Birliği
VEZİR MADENCİLİK ENDÜSTRİ SANAYİ VE TİCARET ANONİM ŞİRKETİ;ÖRNEK MAH. BAKÜ SOKAK NO.26 ATAŞEHİR İSTANBUL;(216) 4728211;www.vezirmarble.com;vezirmarble.com;İMİB - İstanbul Maden İhracatçıları Birliği
VİSİON BİYOTEKNOLOJİ ARAŞ.GELŞ.LAB.SİST.SAN VE TIC LTD STİ;ALEMDAĞ CAD. HIRA İŞ HANI NO:742 A PK:34760 YUKARI DUDULLU 34010 ÜMRANİYE, İSTANBUL, TÜRKİYEPK:34760 ÜMRANİYE İSTANBUL;(216) 2667985;www.visionbioteknologi.com;visionbioteknologi.com;İMİB - İstanbul Maden İhracatçıları Birliği
VİSUS MADENCİLİK GRANİT MERMER MIMARLIK MÜH. TUR.OTELCILIK İNŞ.GIDA SAN.VE TİC. LTD. ŞTİ.;TEPE DEVRENT MEVKİİ SARI CADDE NO:38 AYDINPINAR KÖYÜ MUDANYA BURSA;(224) 5490702;www.visusmadencilik.com;visusmadencilik.com;İMİB - İstanbul Maden İhracatçıları Birliği
VİTELLİ TASARIM VE TEKNOLOJİ ANONİM ŞİRKETİ;ATATÜRK MAHALLESİ TURGUT REİS CADDESİ KARAN APARTMANI NO:25 A KARESİ BALIKESİR;(266) 2461450;www.vitelli.com.tr;vitelli.com.tr;İMİB - İstanbul Maden İhracatçıları Birliği
VİZYON İNOVATİF YALITIM ENERJİ VE MÜHENDİSLİK LİMİTED ŞİRKETİ;POSTAHANE MAH. NEŞELİ SOK. NO:2/1TUZLA/İSTANBUL TUZLA İSTANBUL;(216) 4460004;www.vizyonendustiriyelyalitim.com;vizyonendustiriyelyalitim.com;İMİB - İstanbul Maden İhracatçıları Birliği
VOLGA DIŞ TİC. VE DANIŞMANLIK A.Ş.;AZİZİYE MAH. PORTAKAL ÇİÇEĞİ SOK.NO:33 AYRANCI ÇANKAYA ANKARA;(312) 4413141;www.volga.com.tr;volga.com.tr;İMİB - İstanbul Maden İhracatçıları Birliği
VOL-MER NAKLİYAT İNŞAAT VE MERMERCİLİK TAAHHÜT TİC.VE SAN.LTD.ŞTİ.;EREGLI YOLU BIRIKETCILER SAN. SİT.TURANOGLU SOK. NO.18 KARATAY KONYA;(332) 3553835;www.volmer.com.tr;volmer.com.tr;İMİB - İstanbul Maden İhracatçıları Birliği
W MARBLE MADENCİLİK PAZARLAMA SANAYİ VE TİCARET LİMİTED ŞİRKETİ;SARAY MAH.DOKTOR ADNAN BÜYÜKDENİZ CAD.2 BLOK NO:4 İÇ KAPI NO:21 ÜMRANİYE İSTANBUL;(216) 6870357;www.wmarble.com;wmarble.com;İMİB - İstanbul Maden İhracatçıları Birliği
WACKER NEUSON MAKİNA LİMİTED ŞİRKETİ;TEM YAN YOL KATİP ÇELEBİ CAD. NO:15 34940 TUZLA İSTANBUL;(216) 5740474;www.wackerneuson.com.tr;wackerneuson.com.tr;İMİB - İstanbul Maden İhracatçıları Birliği
WANXING DIS TIC.A.S.;GIRNE M.MALTEPE KUCUKYALISAN.SIT.A BL.N:8 MALTEPE İSTANBUL;02163882747;www.wan-xing.com.cn;wan-xing.com.cn;İMİB - İstanbul Maden İhracatçıları Birliği
WIN METAL ENDÜSTRİ SAN.VE TİC.A.Ş.;KÖSELER MAH. 18.CAD.NO:18 DİLOVASI KOCAELİ;(262) 6413320;www.industrywin.com;industrywin.com;İMİB - İstanbul Maden İhracatçıları Birliği
WİSAM DIŞ TİCARET LTD ŞTİ;MERKEZ MH 6 NOLU SK BALKAYA İS MERKEZİ NO:13/2 AVCILAR İSTANBUL;(000) 0000000;www.wisamdisticaret.com;wisamdisticaret.com;İMİB - İstanbul Maden İhracatçıları Birliği
WOLD MADEN SANAYİ VE TİCARET ANONİM ŞİRKETİ;MİMARSİNAN MAH. AMAÇ SK. 5/1 BÜYÜKÇEKMECE İSTANBUL;;yaylamozaik.com.tr;yaylamozaik.com.tr;İMİB - İstanbul Maden İhracatçıları Birliği
WOLVES MAKİNA VE DIŞ TİC. LTD. ŞTİ.;ESENLER SAN. SİTESİ 6.BLOK NO:10 BAŞAKŞEHİR İSTANBUL;(212) 4856097;www.wolves.com.tr;wolves.com.tr;İMİB - İstanbul Maden İhracatçıları Birliği
WOODPECKERS AHŞAP VE METAL SAN. TİC.LTD.ŞTİ.;YEŞİLCE MAH. EMEKTAR SK. NO:7 KAT:4 KAĞITHANE İSTANBUL;(212) 2690500;www.woodpeckersshop.com;woodpeckersshop.com;İMİB - İstanbul Maden İhracatçıları Birliği
WORLD MEDICINE İLAÇ SANAYİ VE TİCARET ANONİM ŞİRKETİ;GÜNEŞLİ EVREN MAH. CAMİİ YOLU CADDESİNO:50 KAT 1B ZEMİN:4-5-6 GÜNEŞLİ BAĞCILAR İSTANBUL;(212) 4747050;www.worldmedicine.com.tr;worldmedicine.com.tr;İMİB - İstanbul Maden İhracatçıları Birliği
YADATAŞ MADEN SAN. VE TİC. LTD. ŞTİ.;KÜÇÜKBAKKALKÖY MAH. ALİ AY SOK. NO:19/5 ATAŞEHİR İSTANBUL;;www.yadatas.com;yadatas.com;İMİB - İstanbul Maden İhracatçıları Birliği
YAF DİZEL GEMİ YEDEKLERİ DIŞ TİCARET LİMİTED ŞİRKETİ;EVLİYA ÇELEBİ MAH.RAUF ORBAY CD.YAF GROUP İŞ MERKEZİ BLOK NO:39/K2 TUZLA İSTANBUL;(216) 4940902;www.yafdiesel.com.tr;yafdiesel.com.tr;İMİB - İstanbul Maden İhracatçıları Birliği
YALCIN HAVUZ SU ARITMA SAN.VE TIC.LTD.STI.;ORHANGAZİ MAH.7.YOL SK.ISISO SAN.SİT.L BLOK NO:18 ESENYURT İSTANBUL;02126232026;www.yalcinhavuz.com;yalcinhavuz.com;İMİB - İstanbul Maden İhracatçıları Birliği
YAPI-SAN İNŞAAT VE SANAYİ LİMİTED ŞİRKETİ;ESENKENT MAH. BUYRUK SOK. NO.15 YUKARIDUDULLU ÜMRANİYE İSTANBUL;02164667263;www.asteknik.com;asteknik.com;İMİB - İstanbul Maden İhracatçıları Birliği
YARIŞ KABİN SANAYİİ VE TİCARET ANONİM ŞİRKETİ;ORGANİZE SANAYİ BÖLGESİ 4. CADDE NO:26 ALTIEYLÜL BALIKESİR;(266) 2830130;www.yariskabin.com.tr;yariskabin.com.tr;İMİB - İstanbul Maden İhracatçıları Birliği
YASİR TAŞKIN;BÜYÜKOYUMCA MAH. 5269.SOKNİLÜFER BLOKLARIA BLOK K5 D10 ATAKUM SAMSUN;(362) 0000000;http://www.kumexpress.com;kumexpress.com;İMİB - İstanbul Maden İhracatçıları Birliği
YAŞAR DIŞ TİC.A.Ş;GAZIOSMANPASA BULV.BATI ISH.10/1KAT3-4-5 ALSANCAK KONAK İZMİR;02324890121;www.yasardis.com.tr;yasardis.com.tr;İMİB - İstanbul Maden İhracatçıları Birliği
YAŞAR PETROL TURİZM İNŞAAT MOBİLYA KUYUMCULUK NAKLİYE İÇ VE DIŞ TİCARET LİMİTED ŞİRKETİ;AYAZLI MAH. KUMRU KORGAN ASFALTI CAD. YAŞAR PETROL SİTESİ NO.:7/A FATSA ORDU;;http://www.mybentonite.com;mybentonite.com;İMİB - İstanbul Maden İhracatçıları Birliği
YAVUZ METAL İNŞ. GIDA TURZ. SAN. VE TİC. A.Ş.;YUNUS EMRE MH TABİAT SK.NO:15 YENİDOĞAN SANCAKTEPE İSTANBUL;(216) 4841597;www.yavuzaluminyum.com;yavuzaluminyum.com;İMİB - İstanbul Maden İhracatçıları Birliği
YAYLA MOZAİK SANAYİ VE TİCARET LTD. ŞTİ.;MİMARSİNAN MAH. AMAÇ SK. 5/1 BÜYÜKÇEKMECE İSTANBUL;;yaylamozaik.com.tr;yaylamozaik.com.tr;İMİB - İstanbul Maden İhracatçıları Birliği
YAZGAN T-D ELEKT.MAK.GIDA PET. ÜR.CAM.PL.IML.ITH.SAN.TIC.LTD.;UĞUR MUMCU CD.U.MUMCU SOK.NO-54/4 ÇANKAYA ANKARA;03124477301;www.yazgantd.com;yazgantd.com;İMİB - İstanbul Maden İhracatçıları Birliği
YEDA İNŞAAT MALZEMELERİ TAAHHÜT SANAYİ VE TİCARET ANONİM ŞİRKETİ;BEYLİKDÜZÜ MERMERCİLER SAN.SİT.1.BULVAR N:5 BEYLİKDÜZÜ İSTANBUL;(212) 8764194;www.yedamermer.com;yedamermer.com;İMİB - İstanbul Maden İhracatçıları Birliği
YEDİTEPE DOĞALTAŞ VE MADEN SAN. TİC. LTD. ŞTİ.;AKÇALAR MAH 9.CAD N:6 NİLÜFER BURSA;(224) 6133025;www.yeditepemaden.com;yeditepemaden.com;İMİB - İstanbul Maden İhracatçıları Birliği
YELMEN PLASTİK SAN VE DIŞ TİC. LTD. ŞTİ.;İST. TOPTANCILAR ÇARŞISI 11. ADA NO:74-76 MAHMUTBEY BAĞCILAR İSTANBUL;(212) 5200297;www.yelmenplastik.com;yelmenplastik.com;İMİB - İstanbul Maden İhracatçıları Birliği
YENİ SÜPER GAZ SANAYİ VE TİCARET LİMİTED ŞİRKETİ;İKİTELLİ OSB MH ESKİ TURGUT ÖZAL CD NO:4 B BLOK NO:404 BAŞAKŞEHİR İSTANBUL;(212) 2544444;www.iceinox.com;iceinox.com;İMİB - İstanbul Maden İhracatçıları Birliği
YER MERMER GRANİT MADENCİLİK SANAYİ VE TİCARET A.Ş.;ODUNLUK MAH. AKADEMİ CAD. ZENO CENTER NO.10K.6 D.27 NİLÜFER BURSA;(224) 4436550;www.yucemarble.com;yucemarble.com;İMİB - İstanbul Maden İhracatçıları Birliği
YG YANGIN GÜVENLİĞİ SAN. VE DIŞ TİC. LTD. ŞTİ.;4.LEVENT SANAYİ BÖLGESİ YEŞİLCE MAH.DEMİRBAŞ SOKAK N0:20 YEŞİLCE KAĞITHANE İSTANBUL;(212) 2106206;www.ygyangin.com;ygyangin.com;İMİB - İstanbul Maden İhracatçıları Birliği
YILDIZ CILA SANAYI VE TICARET LTD.STI.;GULSUYU M.FEVZI CAKMAK C. ARIS.N:14 MALTEPE İSTANBUL;02163761927;www.yildizcila.com.tr;yildizcila.com.tr;İMİB - İstanbul Maden İhracatçıları Birliği
YILMAZ KIRCAOĞLU;AKPINAR SAN BÖLGESİ YASSIÖREN MH BALKIRI SK NO:19 BAŞAKŞEHİR İSTANBUL;(212) 6751189;www.bsmsandalye.com;bsmsandalye.com;İMİB - İstanbul Maden İhracatçıları Birliği
YILMAZ KİMYA İNŞ. SAN. VE TİC. A.Ş.;DUDULLU ORG SAN BÖL. 1 CAD. NO.21 ESENŞEHİR ÜMRANİYE İSTANBUL;02163141000;www.yilmazkimya.com.tr;yilmazkimya.com.tr;İMİB - İstanbul Maden İhracatçıları Birliği
YİĞİTSAN YAPI KİMYASALLARI BOYA İZALASYON MAD. SAN. VE DIŞ TİC. LTD.ŞTİ.;BOGAZKÖY İSTİKLAL MAH. İSMET İNÖNÜ CAD. NO:42 ARNAVUTKÖY İSTANBUL;(212) 6852433;www.yigitsangroup.com.tr;yigitsangroup.com.tr;İMİB - İstanbul Maden İhracatçıları Birliği
YİMTAŞ MÜHENDİSLİK İNŞ. TAAH. TUR. VE METAL SAN. VE TİC. A.Ş.;MECİDİYEKÖY MAH ATAKAN SK N:7/9 K:1 D:1 ŞİŞLİ İSTANBUL;(212) 2757610;www.yimtas.com.tr;yimtas.com.tr;İMİB - İstanbul Maden İhracatçıları Birliği
YOZGAT MERMER GRANİT NAKLİYE MADENCİLİK İNŞAAT TAAHHÜT İTHALAT İHRACAT SANAYİ TİCARET LİMİTED ŞTİ.;ORGANİZE SANAYİ BÖLGESİ 101 / 3 YERKÖY YOZGAT;(354) 5581033;http://yozgatmermer.com.tr;yozgatmermer.com.tr;İMİB - İstanbul Maden İhracatçıları Birliği
YSA GRUP İNOVASYON SANAYİ VE TİCARET LİMİTED ŞİRKETİ;MURADİYE MAHALLESİ.16-18 SOKAK. MURADİYE ORGANİZE SANAYİ BÖLGESİ NU:38-39 ERMAK 45140 YUNUS EMRE MANİSA;(236) 6060365;ww.ysagrup.com;ww.ysagrup.com;İMİB - İstanbul Maden İhracatçıları Birliği
YUBER KIMYA MÜHENDISLIK ITHALAT IHRACAT SAN VE TIC.LT.STI;ÇERKESLIOSB MAH. IMES-10 CAD. NO: 37 MERKEZKÖYÜ MERKEZ BUCAGI DİLOVASI KOCAELİ;(262) 6580343;www.yuber.com.tr;yuber.com.tr;İMİB - İstanbul Maden İhracatçıları Birliği
YUBER METALURJİ MÜHENDİSLİK SAN. VE TİC. LTD. ŞTİ.;ÇERKEŞLİ O.S.B.MAH.10.CAD.N:37 DİLOVASI KOCAELİ;(262) 6580343;www.yuber.com.tr;yuber.com.tr;İMİB - İstanbul Maden İhracatçıları Birliği
YUNUS ÇELEBİ MADEN SAN. VE TİC. A.Ş.;NAMIK KEMAL MAH.SÜLEYMAN SEBA CAD. N:1SÜLEYMANPAŞA MERKEZ TEKİRDAĞ;(282) 2931293;www.ycstone.com.tr;ycstone.com.tr;İMİB - İstanbul Maden İhracatçıları Birliği
YURT KİMYASAL ÜRÜNLER SANAYİİ VE DIŞ TİCARET LİMİTED ŞİRKETİ;İKİTELLİ OSB MAH İSTEK SANAYİ SİTESİ B 2 BLOK NO:22 BAŞAKŞEHİR İSTANBUL;(212) 0000000;http://www.yurtglobal.com;yurtglobal.com;İMİB - İstanbul Maden İhracatçıları Birliği
YÜCE NAKLİYAT EMLAK MADENCİLİK VE İNŞ. SAN. VE TİC. A.Ş.;ODUNLUK MAH. AKADEMİ CAD. ZENO CENTER D BLOK NO:10 K:6 D:24 NİLÜFER BURSA;(224) 4436550;www.yucemarble.com;yucemarble.com;İMİB - İstanbul Maden İhracatçıları Birliği
YÜCEL MEDİKAL VE TEKSTİL ÜRÜNLERİ SANAYİ TİCARET LİMİTED ŞİRKETİ;EVREN SAN.SIT. 24.BLOKNO:1 BÜYÜKÇEKMECE İSTANBUL;02126728609;www.yucelmedikal.com;yucelmedikal.com;İMİB - İstanbul Maden İhracatçıları Birliği
YÜKSELEN TENTE BRANDA İÇ VE DIŞ TİCARET LİMİTED ŞİRKETİ;AKÇABURGAZ MH 3132 SK NO:11-13 ESENYURT İSTANBUL;(212) 4441886;www.yukselentente.com;yukselentente.com;İMİB - İstanbul Maden İhracatçıları Birliği
ZALA GROUP GİRİŞİMCİLİK VE İŞ GELİŞTİRME SANAYİ TİCARET LİMİTED ŞİRKETİ;AYAZAĞA MAH. MİMAR SİNAN SOK. SEBA OFFICE APT NO:21 D/16 SARIYER İSTANBUL;(212) 8235404;http://www.zalaglobal.com;zalaglobal.com;İMİB - İstanbul Maden İhracatçıları Birliği
ZBE YATIRIM MADENCİLİK DIŞ TİCARET LİMİTED ŞİRKETİ;OSTİM OSB MAHALLESİ 1174. CAD. NO: 4 YENİMAHALLE ANKARA;(312) 3345323;www.zbe.com.tr;zbe.com.tr;İMİB - İstanbul Maden İhracatçıları Birliği
ZENİT LED VE AYDINLATMA TEKNOLOJİLERİ REKLAMCILIK SAN.VE TİC.A.Ş.;AYDINLI MAH.DERİ ORG.SAN.BÖL.MAH.YAN SAN.CAD. DERİ OSB.SİT.YA-11-NO:17/1/2 AYDINLI TUZLA İSTANBUL;(216) 5910035;www.zenitled.com.tr;zenitled.com.tr;İMİB - İstanbul Maden İhracatçıları Birliği
ZERAY PLASTİK BORU TESİSAT VE İNŞ. MALZ. SAN. TİC. LTD. ŞTİ.;KARAAĞAÇ KURŞAN ÇİFT.HADİMKÖY YOLU ÜZERİKAPI:15 BÜYÜKÇEKMECE İSTANBUL;(212) 8581523;www.zerayplastik.com;zerayplastik.com;İMİB - İstanbul Maden İhracatçıları Birliği
ZERPAK AMBALAJ PLASTİK VE LÜKS HIRD. SAN. DIŞ TİC. LTD. ŞTİ.;HADIMKÖY MAH. DOKTOR MİTHAT MARTI CAD. NO:22 ARNAVUTKÖY İSTANBUL;(212) 8868545;www.zerpak.com.tr;zerpak.com.tr;İMİB - İstanbul Maden İhracatçıları Birliği
ZETA DIŞ TİCARET İTHALAT İHRACAT PAZARLAMA TİCARET LİMİTED ŞİRKETİ;MECİDİYEKÖY MH BÜYÜKDERE CD KUĞU İS HANI NO:81/3 ŞİŞLİ İSTANBUL;(212) 2747144;www.zetacompany.com;zetacompany.com;İMİB - İstanbul Maden İhracatçıları Birliği
ZETAS ZEMIN TEKNOLOJISI A.S.;ALEMDAĞ MERKEZ MAH. REŞADİYE CAD. NO: 69/A ÇEKMEKÖY İSTANBUL;(216) 4300600;www.zetas.com.tr;zetas.com.tr;İMİB - İstanbul Maden İhracatçıları Birliği
ZEUS ULUSLARARASI TAŞIMACILIK İNŞ.VE DIŞ TİC. LTD ŞTİ;ABDURRAHMANGAZİ MAH.BOSNA BLV NO:7/11 SULTANBEYLİ İSTANBUL;(216) 5920573;www.zeusnakliyat.com.tr;zeusnakliyat.com.tr;İMİB - İstanbul Maden İhracatçıları Birliği
ZEYSİMA GIDA DOĞAL TAŞ MADENCİLİK AKARYAKIT ULAŞTIRMA İTHALAT İHRACAT SANAYİ VE TİCARET LTD.ŞTİ.;NASRETTİN HOCA MAH. ATATÜRK SK.NO:114 A SİVRİHİSAR ESKİŞEHİR;(222) 0000000;www.zeysima.com;zeysima.com;İMİB - İstanbul Maden İhracatçıları Birliği
ZIRVE POLIMER TEKS.VE GIDA.MADD.ITH.IHR.SAN.TIC.LTD.STI.;İKİTELLİ ORG.SAN.BÖL.İPKAS SAN.SİT.4.BLOK N:1/3 BAŞAKŞEHİR İSTANBUL;(212) 6715988;www.zirvepolimer.com;zirvepolimer.com;İMİB - İstanbul Maden İhracatçıları Birliği
ZİRVE GRUP DEKORASYON TASARIM İNŞ.SAN.VE TİC.LTD.ŞTİ.;ŞEKERPINAR MAH. FEVZİ ÇAKMAK CAD. KAMER SOKAK NO:7 ÇAYIROVA KOCAELİ;(262) 6581111;https://zirvegrup.net.tr/;zirvegrup.net.tr;İMİB - İstanbul Maden İhracatçıları Birliği