Okul Adı;Şehir;Kategori;Telefon;Web Sitesi;Domain;Adres
ABDULLAH YÜKSEL İVME ANADOLU LİSESİ;Ankara;Lise;03122363220;https://anadolu.ivmeegitim.com.tr/anasayfa/;anadolu.ivmeegitim.com.tr;ÜMİT MAH. 2546 SK. NO: 1
ADANA FİNAL EĞİTİM KURUMLARI ANADOLU LİSESİ;Adana;Lise;3 222 482 56 5_;http://www.finalokullari.com.tr;finalokullari.com.tr;BELEDİYE EVLER MAHALLESİ 84186 SOKAK NO:1 ÇUKUROVA/ADANA
ADANA FİNAL EĞİTİM KURUMLARI ANAOKULU;Adana;Okul Öncesi;3222482565;http://www.finalokullari.com.tr;finalokullari.com.tr;GÜRSELPAŞA MAH. 75120 SK. NO: 57 İÇ KAPI NO: 1 SEYHAN / ADANA
ADANA FİNAL EĞİTİM KURUMLARI FEN LİSESİ;Adana;Lise;3 222 482 56 5_;http://www.finalokullari.com.tr;finalokullari.com.tr;BELEDİYE EVLER MAHALLESİ 84186 SOKAK NO:1 ÇUKUROVA/ADANA
ADANA FİNAL EĞİTİM KURUMLARI İLKOKULU;Adana;İlköğretim;3222482565;http://www.finalokullari.com.tr;finalokullari.com.tr;BELEDİYE EVLER MAHALLESİ 84186 SOKAK NO:1 ÇUKUROVA/ADANA
ADANA FİNAL EĞİTİM KURUMLARI ORTAOKULU;Adana;Ortaokul;3222482565;http://www.finalokullari.com.tr;finalokullari.com.tr;BELEDİYE EVLER MAHALLESİ 84186 SOKAK NO:1 ÇUKUROVA/ADANA
ADANA KOLEJİ ANADOLU  LİSESİ;Adana;Lise;0 322 444 67 68;http://www.adanakoleji.k12.tr;adanakoleji.k12.tr;YENİBARAJ MH. NURSULTAN NAZARBAYEV BLV.. NO.15 SEYHAN / ADANA
ADANA KOLEJİ FEN LİSESİ;Adana;Lise;0 322 444 67 68;http://www.adanakoleji.k12.tr;adanakoleji.k12.tr;BARAJ YOLU 5.DURAK SEYHAN/ADANA
ADANA KOLEJİ İLKOKULU;Adana;İlköğretim;03224446768;http://www.adanakoleji.k12.tr;adanakoleji.k12.tr;YENİBARAJ MAH. NURSULTAN NAZARBAYEV BUL. ADANA KOLEJİ SİTESİ NO: 15
ADANA KOLEJİ ORTAOKULU;Adana;Ortaokul;03224446768;http://www.adanakoleji.k12.tr;adanakoleji.k12.tr;YENİBARAJ MH. NURSULTAN NAZARBAYEV BLV.. NO.15 SEYHAN / ADANA
AĞRI DOĞA ANADOLU LİSESİ;Ağrı;Lise;05054003304;http://bilgikoleji.net;bilgikoleji.net;MURAT MAH. KURTULUŞ CAD. BİLGİ KOLEJİ BLOK NO: 171
AĞRI DOĞA İLKOKULU;Ağrı;İlköğretim;04722165777;http://bilgikoleji.net;bilgikoleji.net;MURAT MAH. KURTULUŞ CAD. BİLGİ KOLEJİ BLOK NO: 171
AĞRI DOĞA ORTAOKULU;Ağrı;Ortaokul;05056595771;http://bilgikoleji.net;bilgikoleji.net;MURAT MAH. KURTULUŞ CAD. BİLGİ KOLEJİ BLOK NO: 171
AKDENİZ YÜKSELİŞ EĞİTİM KURUMLARI ANADOLU LİSESİ;Antalya;Lise;02427226401;http://akdenizyukseliskoleji.k12.tr;akdenizyukseliskoleji.k12.tr;ORTA MAH. 1245 SK. NO: 2-2 İÇ KAPI NO: 1 SERİK / ANTALYA
AKDENİZ YÜKSELİŞ EĞİTİM KURUMLARI ANAOKULU;Antalya;Okul Öncesi;2427226400;http://akdenizyukseliskoleji.k12.tr;akdenizyukseliskoleji.k12.tr;ORTA MAH. 1245 SK. NO: 2-2 İÇ KAPI NO: 1 SERİK / ANTALYA
AKDENİZ YÜKSELİŞ EĞİTİM KURUMLARI FEN LİSESİ;Antalya;Lise;02427226401;http://akdenizyukseliskoleji.k12.tr;akdenizyukseliskoleji.k12.tr;ORTA MAH. 1245 SK. NO: 2-2 İÇ KAPI NO: 1 SERİK / ANTALYA
AKDENİZ YÜKSELİŞ EĞİTİM KURUMLARI İLKOKULU;Antalya;İlköğretim;02427226400;http://akdenizyukseliskoleji.k12.tr;akdenizyukseliskoleji.k12.tr;ORTA MAH. 1245 SK. NO: 2-2 İÇ KAPI NO: 1 SERİK / ANTALYA
AKDENİZ YÜKSELİŞ EĞİTİM KURUMLARI ORTAOKULU;Antalya;Ortaokul;2427226400;http://akdenizyukseliskoleji.k12.tr;akdenizyukseliskoleji.k12.tr;ORTA MAH. 1245 SK. NO: 2-2 İÇ KAPI NO: 1 SERİK / ANTALYA
AKEV KOLEJİ LİSESİ;Antalya;Lise;02422277013;http://www.akevkoleji.k12.tr;akevkoleji.k12.tr;KÜLTÜR MAH. 3829 SK.  NO: 3 KEPEZ / ANTALYA
AKHİSAR  ANADOLU LİSESİ;Manisa;Lise;02364272527;http://akhisarkoleji.com;akhisarkoleji.com;KAYALIOĞLU MAH. SÜSLÜ SOK. NO:17 AKHİSAR/MANİSA
AKHİSAR ANAOKULU;Manisa;Okul Öncesi;05325446106;http://akhisarkoleji.com;akhisarkoleji.com;KAYALIOĞLU MAH. SÜSLÜ SOK. NO:17 AKHİSAR/MANİSA
AKHİSAR FEN LİSESİ;Manisa;Lise;02364272527;http://akhisarkoleji.com;akhisarkoleji.com;KAYALIOĞLU MAH. SÜSLÜ SOK. NO:17 AKHİSAR/MANİSA
AKHİSAR İLKOKULU;Manisa;İlköğretim;05325446106;http://akhisarkoleji.com;akhisarkoleji.com;KAYALIOĞLU MAH. SÜSLÜ SOK. NO:17 AKHİSAR/MANİSA
AKHİSAR ORTAOKULU;Manisa;Ortaokul;05325446106;http://akhisarkoleji.com;akhisarkoleji.com;KAYALIOĞLU MAH. SÜSLÜ SOK. NO:17 AKHİSAR/MANİSA
ALANYA CUMHURİYET EĞİTİM VAKFI  ÖZEL HAMDULLAH EMİNPAŞA İLKOKULU;Antalya;İlköğretim;02425132180;http://www.ohepokullari.k12.tr;ohepokullari.k12.tr;ÇARŞI MAH.HAMDULLAH EMİN PAŞA SOKAK NO:14 ALANYA/ANTALYA
ALANYA CUMHURİYET EĞİTİM VAKFI ÖZEL HAMDULLAH EMİNPAŞA ANADOLU LİSESİ;Antalya;Lise;02425132180;http://www.ohepokullari.k12.tr;ohepokullari.k12.tr;ÇARŞI MAH.HAMDULLAH EMİN PAŞA SOKAK NO:14 ALANYA/ANTALYA
ALANYA CUMHURİYET EĞİTİM VAKFIÖZEL HAMDULLAH EMİNPAŞA ORTAOKULU;Antalya;Ortaokul;02425132180;http://www.ohepokullari.k12.tr;ohepokullari.k12.tr;ÇARŞI MAH.HAMDULLAH EMİN PAŞA SOKAK NO:14 ALANYA/ANTALYA
ALEV ANAOKULU;İstanbul;Okul Öncesi;02164358350;https://alev.k12.tr;alev.k12.tr;ÖMERLİ MAHALLESİ KADİROVA CADDESİ NO:56 ÇEKMEKÖY / İSTANBUL
ALEV İLKOKULU;İstanbul;İlköğretim;02164358350;https://alev.k12.tr;alev.k12.tr;ÖMERLİ MAHALLESİ KADİROVA CADDESİ NO:56 ÇEKMEKÖY / İSTANBUL
ALEV LİSESİ;İstanbul;Lise;02164358350;https://alev.k12.tr;alev.k12.tr;ÖMERLİ MAHALLESİ KADİROVA CADDESİ NO:56 ÇEKMEKÖY / İSTANBUL
ALEV ORTAOKULU;İstanbul;Ortaokul;02164358350;https://alev.k12.tr;alev.k12.tr;ÖMERLİ MAHALLESİ KADİROVA CADDESİ NO:56 ÇEKMEKÖY / İSTANBUL
ALKENT İLK KARAR ANAOKULU (AİKA);İstanbul;Okul Öncesi;02128890294;;;ALKENT 2000 MAH. SARDUNYA SOK. NO: 2, 34500
ALKEV (ALMAN LİSELİLER KÜLTÜR VE EĞİTİM VAKFI ) ANAOKULU;İstanbul;Okul Öncesi;0 212 886 88 40;http://www.alkev.k12.tr;alkev.k12.tr;ALKENT 2000 MH. MEHMET YEŞİLGÜL CD. NO: 7 BÜYÜKÇEKMECE / İSTANBUL
ALKEV (ALMAN LİSELİLER KÜLTÜR VE EĞİTİM VAKFI ) İLKOKULU;İstanbul;İlköğretim;02128868840;http://www.alkev.k12.tr;alkev.k12.tr;ALKENT 2000 MH. MEHMET YEŞİLGÜL CD. NO: 7 BÜYÜKÇEKMECE / İSTANBUL
ALKEV (ALMAN LİSELİLER KÜLTÜR VE EĞİTİM VAKFI ) ORTAOKULU;İstanbul;Ortaokul;02128868840;http://www.alkev.k12.tr;alkev.k12.tr;ALKENT 2000 MH. MEHMET YEŞİLGÜL CD. NO: 7 BÜYÜKÇEKMECE / İSTANBUL
ALKEV ÖZEL ANADOLU LİSESİ;İstanbul;Lise;02128868840;http://www.alkev.k12.tr;alkev.k12.tr;ALKENT 2000 MH. MEHMET YEŞİLGÜL CD. NO: 7 BÜYÜKÇEKMECE / İSTANBUL
ALKEV ÖZEL FEN LİSESİ;İstanbul;Lise;02128868840;http://www.alkev.k12.tr;alkev.k12.tr;ALKENT 2000 MH. MEHMET YEŞİLGÜL CD. NO: 7 BÜYÜKÇEKMECE / İSTANBUL
ALMAN LİSESİ;İstanbul;Lise;0 212 245 13 90;https://www.ds-istanbul.net/;ds-istanbul.net;Şahkulu Bostan Sok. No. 10 Beyoğlu / İstanbul
ALTIN EĞİTİM ANADOLU GÜZEL SANATLAR LİSESİ;Ankara;Lise;0 312 282 65 65;https://www.altinegitim.k12.tr;altinegitim.k12.tr;ERYAMAN MAH. 305. SOKAK NO:19
ALTIN EĞİTİM ANADOLU LİSESİ;Ankara;Lise;0 312 282 65 65;https://www.altinegitim.k12.tr;altinegitim.k12.tr;ERYAMAN MAH.309. SOKAK NO:19
ALTIN EĞİTİM İLKOKULU;Ankara;İlköğretim;0 312 282 08 08;https://www.altinegitim.k12.tr;altinegitim.k12.tr;1. MEŞRUTİYET CAD. DOĞAKENT KONUTLARI NO:28 ERYAMAN
ALTIN EĞİTİM ORTAOKULU;Ankara;Ortaokul;0 312 282 65 65;https://www.altinegitim.k12.tr;altinegitim.k12.tr;ERYAMAN MAH. 305. SOK.NO:19 ETİMESGUT
AMERİKAN ROBERT LİSESİ;İstanbul;Lise;02123592222;http://rcwww.robcol.k12.tr;rcwww.robcol.k12.tr;KURUÇESME CAD. NO.87 34345 ARNAVUTKÖY/BEŞİKTAŞ
ANAKENT ANAOKULU;İstanbul;Okul Öncesi;05323478050;https://anakentkoleji.k12.tr/;anakentkoleji.k12.tr;ŞAİR ARŞİ CAD. NO:59 GÖZTEPE / KADIKÖY / İSTANBUL
ANAKENT İLKOKULU;İstanbul;İlköğretim;02165668190;https://anakentkoleji.k12.tr/;anakentkoleji.k12.tr;ŞAİR ARŞİ CAD. NO:59 GÖZTEPE / KADIKÖY / İSTANBUL
ANAKENT KOLEJİ;İstanbul;Lise;0 216 566 81 91;https://anakentkoleji.k12.tr/;anakentkoleji.k12.tr;ŞAİR ARŞİ CAD. NO:59 GÖZTEPE / KADIKÖY / İSTANBUL
ANAKENT ORTAOKULU;İstanbul;Ortaokul;02165668191;https://anakentkoleji.k12.tr/;anakentkoleji.k12.tr;ŞAİR ARŞİ CAD. NO:59 GÖZTEPE / KADIKÖY / İSTANBUL
ANKA BİLİM KOLEJİ ANADOLU LİSESİ;Ankara;Lise;0 530 604 54 72;https://www.ankabilim.k12.tr/;ankabilim.k12.tr;KIZILCAŞAR MAH. 4200. CAD. NO:39/G İNCEK/GÖLBAŞI
ANKA BİLİM KOLEJİ ANAOKULU;Ankara;Okul Öncesi;0 538 852 54 72;https://www.ankabilim.k12.tr/;ankabilim.k12.tr;KIZILCAŞAR MAH. 4200. CAD. NO:39/G İNCEK/GÖLBAŞI
ANKA BİLİM KOLEJİ İLKOKULU;Ankara;İlköğretim;0 538 852 54 72;https://www.ankabilim.k12.tr/;ankabilim.k12.tr;KIZILCAŞAR MAH. 4200. CAD. NO:39/G İNCEK/GÖLBAŞI
ANKA BİLİM KOLEJİ ORTAOKULU;Ankara;Ortaokul;0 538 728 54 72;https://www.ankabilim.k12.tr/;ankabilim.k12.tr;KIZILCAŞAR MAH. 4200. CAD. NO:39/G İNCEK/GÖLBAŞI
ANKARA ABC ANADOLU LİSESİ;Ankara;Lise;0 312 279 42 22;https://abc.k12.tr/;abc.k12.tr;GÖKSU MAH. 93 CAD. A BLOK NO: 6/1A ETİMESGUT
ANKARA ABC ANAOKULU;Ankara;Okul Öncesi;03122820707;https://abc.k12.tr/;abc.k12.tr;GÖKSU MAH. 93 CAD. A BLOK NO: 6/1A ETİMESGUT / ANKARA
ANKARA ABC BATIKENT ANAOKULU;Ankara;Okul Öncesi;0 312 256 12 22;https://abc.k12.tr/;abc.k12.tr;YENİ BATI MAH. 2398 CAD. NO: 15
ANKARA ABC FEN LİSESİ;Ankara;Lise;0 312 279 42 22;https://abc.k12.tr/;abc.k12.tr;GÖKSU MAH. 93 CAD. A BLOK NO: 6/1A ETİMESGUT
ANKARA ABC İLKOKULU;Ankara;İlköğretim;03122820707;https://abc.k12.tr/;abc.k12.tr;GÖKSU MAH. 93 CAD. B BLOK NO: 6/1B ETİMESGUT
ANKARA ABC ORTAOKULU;Ankara;Ortaokul;03124442221;https://abc.k12.tr/;abc.k12.tr;GÖKSU MAH. 93 CAD. A BLOK NO: 6/1A
ANKARA EĞİTİM KURUMLARI DOKTORLAR ANADOLU LİSESİ;Ankara;Lise;0 312 235 80 81;;;PROF. DR. AHMET TANER KIŞLALI MAH. ALACAATLI CAD. NO:32/2 ÇANKAYA/ANKARA
ANKARA EĞİTİM KURUMLARI DOKTORLAR FEN LİSESİ;Ankara;Lise;0 553 909 08 10;http://ankaraek.k12.tr/;ankaraek.k12.tr;ALTAY MAH. SÖĞÜT CAD. NO: 14A İÇ KAPI NO: 3 ETİMESGUT / ANKARA (DİĞER İÇ KAPILAR: 4)
ANKARA EĞİTİM KURUMLARI DOKTORLAR İLKOKULU;Ankara;İlköğretim;0 532 260 98 43;http://ankaraek.k12.tr/;ankaraek.k12.tr;29 EKİM MAH. 803 SK. DEMİRTAŞ APT. BLOK NO: 18 İÇ KAPI NO: 1 SİNCAN / ANKARA
ANKARA EĞİTİM KURUMLARI DOKTORLAR ORTAOKULU;Ankara;Ortaokul;0 532 260 98 43;http://ankaraek.k12.tr/;ankaraek.k12.tr;29 EKİM MAH. 803 SK. DEMİRTAŞ APT. BLOK NO: 18 İÇ KAPI NO: 1 SİNCAN / ANKARA
ANKARA ZAFER  KOLEJİ ANADOLU LİSESİ;Ankara;Lise;0 549 549 06 18;http://www.zaferkoleji.com.tr;zaferkoleji.com.tr;ERLER MAH. DUMLUPINAR BULVARI NO:461 PK:06790
ANKARA ZAFER FEN LİSESİ;Ankara;Lise;05495490618;http://www.zaferkoleji.com.tr;zaferkoleji.com.tr;ERLER MAH. DUMLUPINAR BULVARI KÜME EVLERİ NO: 461A
ANKARA ZAFER KOLEJİ ANAOKULU;Ankara;Okul Öncesi;0 549 549 06 16;http://www.zaferkoleji.com.tr;zaferkoleji.com.tr;ERLER MAH. DUMLUPINAR BULVARI KÜME EVLERİ NO: 461A
ANKARA ZAFER KOLEJİ İLKOKULU;Ankara;İlköğretim;0 549 549 06 16;http://www.zaferkoleji.com.tr;zaferkoleji.com.tr;ERLER MAH. DUMLUPINAR BULVARI KÜME EVLERİ NO: 461A
ANKARA ZAFER KOLEJİ ORTAOKULU;Ankara;Ortaokul;0 549 311 07 07;http://www.zaferkoleji.com.tr;zaferkoleji.com.tr;ERLER MAH. DUMLUPINAR BULVARI KÜME EVLERİ NO: 461A
ANTALYA KOLEJİ KONYAALTI KAMPÜSÜ ANADOLU LİSESİ;Antalya;Lise;02424442440;;;LİMAN MAH. AKDENİZ BULV. NO:227/A
ARAMYAN UNCUYAN ERMENİ İLKOKULU;İstanbul;İlköğretim;02163361598;http://www.aramyanuncuyan.k12.tr/;aramyanuncuyan.k12.tr;CAFERAĞA MAH. LEYLEK SK. OZEL ARENYAN UNCUYAN E BLOK NO: 5
ARAMYAN UNCUYAN ERMENİ ORTAOKULU;İstanbul;Ortaokul;02163361598;http://www.aramyanuncuyan.k12.tr/;aramyanuncuyan.k12.tr;CAFERAĞA MAH. LEYLEK SK. OZEL ARENYAN UNCUYAN E BLOK NO: 5
AREL EĞİTİM KURUMU ANAOKULU;İstanbul;Okul Öncesi;02125504930;http://www.arel.k12.tr;arel.k12.tr;MERKEZ MAH. SELAHATTİN PINAR SK. NO. 3 34197
AREL EĞİTİM KURUMU İLKOKULU;İstanbul;İlköğretim;02125504930;http://www.arel.k12.tr;arel.k12.tr;MERKEZ MAH. SELAHATTİN PINAR SK. NO. 3 34197
AREL EĞİTİM KURUMU ORTAOKULU;İstanbul;Ortaokul;02125504930;http://www.arel.k12.tr;arel.k12.tr;MERKEZ MAH. SELAHATTİN PINAR SK. NO. 3 34197
AREL KOLEJİ ANADOLU LİSESİ;İstanbul;Lise;0 212 550 49 30;http://www.arel.k12.tr;arel.k12.tr;MERKEZ MAH. SELAHATTİN PINAR SK. NO. 3 34197
AREL KOLEJİ FEN LİSESİ;İstanbul;Lise;0 212 550 49 30;http://www.arel.k12.tr;arel.k12.tr;MERKEZ MAH. SELAHATTİN PINAR SK. NO. 3 34197
ARI ANADOLU LİSESİ;Ankara;Lise;0 312 286 85 85;http://www.ariokullari.k12.tr;ariokullari.k12.tr;ÇUKURAMBAR MAHALLESİ ÖĞRETMENLER CADDESİ NO: 16/A 06530
ARI FEN LİSESİ;Ankara;Lise;0 312 286 85 85;http://www.ariokullari.k12.tr;ariokullari.k12.tr;ÇUKURAMBAR MAHALLESİ ÖĞRETMENLER CADDESİ NO: 16/A 06530
ARI İLKOKULU;Ankara;İlköğretim;0 312 286 85 85;http://www.ariokullari.k12.tr;ariokullari.k12.tr;ÇUKURAMBAR MAHALLESİ ÖĞRETMENLER CADDESİ NO: 16/A 06530
ARI ORTAOKULU;Ankara;Ortaokul;0 312 286 85 85;http://www.ariokullari.k12.tr;ariokullari.k12.tr;ÇUKURAMBAR MAHALLESİ ÖĞRETMENLER CADDESİ NO: 16/A 06530
ARTI DESTEK ANADOLU LİSESİ;Ankara;Lise;03124446174;artidestek.com.tr;artidestek.com.tr;MUTLUKENT  MAHALLESİ 1943 CAD. NO:24
ARTI DESTEK İLKOKULU;Ankara;Okul Öncesi;03124446174;artidestek.com.tr;artidestek.com.tr;MUTLUKENT MAHALLESİ 1943 CAD. NO:24
ARTI DESTEK ORTAOKULU;Ankara;Ortaokul;03124446174;artidestek.com.tr;artidestek.com.tr;MUTLUKENT  MAHALLESİ 1943 CAD. NO:30/A
ARZU ANNE ANAOKULU;İstanbul;Okul Öncesi;02164428489;https://arzuanne.com.tr/;arzuanne.com.tr;CEVİZLİ MAH. OLAY ÇIKMAZI SK. NO:1 MALTEPE/ İST
ASRIN ANAOKULU;Samsun;Okul Öncesi;5052224455;http://asrinanaokul.com;asrinanaokul.com;MEVLANA MAH. ALPARSLAN BLV. NO:61-63 ATAKUM / SAMSUN
ATACAN EĞİTİM KURUMLARI ANADOLU LİSESİ;İstanbul;Lise;0 505 276 08 32;http://www.atacan.k12.tr;atacan.k12.tr;BAYAR CAD. CEMİL AKDOĞAN SOK. NO.3-5 KOZYATAĞI
ATACAN EĞİTİM KURUMLARI ANAOKULU;İstanbul;Okul Öncesi;2164107780;http://www.atacan.k12.tr;atacan.k12.tr;BAYAR CAD. CEMİL AKDOĞAN SOK. NO.3-5 KOZYATAĞI
ATACAN EĞİTİM KURUMLARI İLKOKULU;İstanbul;İlköğretim;02164107780;http://www.atacan.k12.tr;atacan.k12.tr;BAYAR CAD. CEMİL AKDOĞAN SOK. NO.3-5 KOZYATAĞI
ATACAN EĞİTİM KURUMLARI ORTAOKUL;İstanbul;Ortaokul;02164107780;http://www.atacan.k12.tr;atacan.k12.tr;BAYAR CAD. CEMİL AKDOĞAN SOK. NO.3-5 KOZYATAĞI
ATAEL KOLEJİ ANADOLU LİSESİ;Ankara;Lise;0 312 250 28 28;https://www.ataelkoleji.com/;ataelkoleji.com;İnönü Mahallesi 1748. Cadde No:4 Batıkent - Yenimahalle / ANKARA
ATAEL KOLEJİ ANAOKULU;Ankara;Okul Öncesi;0 312 566 05 66;https://www.ataelkoleji.com/;ataelkoleji.com;Batı Sitesi Mahallesi 1819. Sokak No: 7/B Batıkent - Yenimahalle / ANKARA
ATAEL KOLEJİ İLKÖĞRETİM OKULU;Ankara;İlköğretim;0 312 566 05 66;https://www.ataelkoleji.com/;ataelkoleji.com;Batı Sitesi Mahallesi 1819. Sokak No: 7/B Batıkent - Yenimahalle / ANKARA
ATAEL KOLEJİ ORTAOKULU;Ankara;Ortaokul;0 312 250 28 28;https://www.ataelkoleji.com/;ataelkoleji.com;İnönü Mahallesi 1748. Cadde No:4 Batıkent - Yenimahalle / ANKARA
ATAKENT ÇAM AĞACI ANAOKULU;Samsun;Okul Öncesi;0 555 160 55 54;www.camagacianaokulu.k12.tr;camagacianaokulu.k12.tr;Güzelyalı Mahallesi 3016. Sok. No:17 Atakum/Samsun
ATAKÖY VATAN ANAOKULU;İstanbul;Okul Öncesi;02126616687;www.vatanokullari.com;vatanokullari.com;ATAKÖY 11. KISIM MAH. ADNAN KAHVECİ BUL. MESA VİLLALARI SİTESİ NO: 2F7 BAKIRKÖY / İSTANBUL
ATAŞEHİR ANKA ANAOKULU;İstanbul;Okul Öncesi;0 216 548 29 12;;;ATATÜRK MAH. ÖLMEZ SOK. NO:9 ATAŞEHİR İSTANBUL
ATAŞEHİR MUTLU İLK ADIMLAR ANAOKULU;İstanbul;Okul Öncesi;05324048697;http://www.mutluadimlar.com.tr/;mutluadimlar.com.tr;KÜÇÜKBAKKALKÖY MAHALLESİ, ŞERİF ALİ YOLU CADDESİ, KILIÇ REİS SOKAK, NO:8, 34750 ATAŞEHİR/İSTANBUL
ATAŞEHİR OKYANUS KOLEJİ ANADOLU LİSESİ;İstanbul;Lise;02162911125;https://www.okyanuskoleji.k12.tr;okyanuskoleji.k12.tr;BARBAROS MAH.EVREN CAD. HASGÜL SOK. NO:26 ATAŞEHİR | İSTANBUL
ATAŞEHİR OKYANUS KOLEJİ ANAOKULU;İstanbul;Okul Öncesi;02162911125;https://www.okyanuskoleji.k12.tr;okyanuskoleji.k12.tr;BARBAROS MAH.EVREN CAD. HASGÜL SOK. NO:26 ATAŞEHİR | İSTANBUL
ATAŞEHİR OKYANUS KOLEJİ FEN LİSESİ;İstanbul;Lise;02162911125;https://www.okyanuskoleji.k12.tr;okyanuskoleji.k12.tr;BARBAROS MAH.EVREN CAD. HASGÜL SOK. NO:26 ATAŞEHİR | İSTANBUL
ATAŞEHİR OKYANUS KOLEJİ İLKOKULU;İstanbul;İlköğretim;02162911125;https://www.okyanuskoleji.k12.tr;okyanuskoleji.k12.tr;BARBAROS MAH.EVREN CAD. HASGÜL SOK. NO:26 ATAŞEHİR | İSTANBUL
ATAŞEHİR OKYANUS KOLEJİ ORTAOKULU;İstanbul;Ortaokul;02162911125;https://www.okyanuskoleji.k12.tr;okyanuskoleji.k12.tr;BARBAROS MAH.EVREN CAD. HASGÜL SOK. NO:26 ATAŞEHİR | İSTANBUL
ATAŞEHİR VATAN ANAOKULU;İstanbul;Okul Öncesi;02165751879;www.vatanokullari.com;vatanokullari.com;KÜÇÜKBAKKALKÖY MAH. ŞERİFALİYOLU CAD. ÇİMENTEPE SOK. NO: 1
ATAŞEHİR VATAN İLKOKULU;İstanbul;İlköğretim;02165748585;www.vatanokullari.com;vatanokullari.com;KÜÇÜKBAKKALKÖY MAH. ÇİMENTEPE SK. VATAN OKULLARI BLOK NO: 1 İÇ KAPI NO: 1 ATAŞEHİR / İSTANBUL
ATAŞEHİR VATAN ORTAOKULU;İstanbul;Ortaokul;02165748585;www.vatanokullari.com;vatanokullari.com;KÜÇÜKBAKKALKÖY MAH. ÇİMENTEPE SK. VATAN OKULLARI BLOK NO: 1 İÇ KAPI NO: 1 ATAŞEHİR / İSTANBUL
ATAŞEHİR YAŞAM PAYLAŞIM (YA-PA) ANAOKULU;İstanbul;Okul Öncesi;02163609272;http://atasehir.yapaanaokulu.com/;atasehir.yapaanaokulu.com;KÜÇÜKBAKKALKÖY MAH. GÜL AĞACI SOK. NO:24 ATAŞEHİR /İSTANBUL
ATAYURT  ANADOLU LİSESİ;Eskişehir;Lise;02223150360;http://www.atayurt.com/;atayurt.com;YUKARI SÖĞÜTÖNÜ MAH. 951. SOK. NO:148
ATAYURT  FEN LİSESİ;Eskişehir;Lise;02223150360;http://www.atayurt.com/;atayurt.com;YUKARI SÖĞÜTÖNÜ MAH. 951. SOK. NO:148
ATAYURT  İLKOKULU;Eskişehir;İlköğretim;02223150360;http://www.atayurt.com/;atayurt.com;YUKARI SÖĞÜTÖNÜ MAH. 951. SOK. NO:148
ATAYURT  ORTAOKUL;Eskişehir;Ortaokul;02223150360;http://www.atayurt.com/;atayurt.com;YUKARI SÖĞÜTÖNÜ MAH. 951. SOK. NO:148
ATAYURT ANAOKULU;Eskişehir;İlköğretim;02223150360;http://www.atayurt.com/;atayurt.com;YUKARI SÖĞÜTÖNÜ MAH. 951. SOK. NO:148
AVCILAR OKYANUS KOLEJİ ANADOLU LİSESİ;İstanbul;Lise;02124228083;https://www.okyanuskoleji.k12.tr;okyanuskoleji.k12.tr;CİHANGİR MAH. MEŞRUTİYET CAD. NO : 70 AMBARLI | AVCILAR | İSTANBUL
AVCILAR OKYANUS KOLEJİ ANAOKULU;İstanbul;Okul Öncesi;02124228083;https://www.okyanuskoleji.k12.tr;okyanuskoleji.k12.tr;CİHANGİR MAH. MEŞRUTİYET CAD. NO : 70 AMBARLI | AVCILAR | İSTANBUL
AVCILAR OKYANUS KOLEJİ FEN VE PROJE LİSESİ AVCILAR;İstanbul;Lise;02124228083;https://www.okyanuskoleji.k12.tr;okyanuskoleji.k12.tr;CİHANGİR MAH. MEŞRUTİYET CAD. NO : 70 AMBARLI | AVCILAR | İSTANBUL
AVCILAR OKYANUS KOLEJİ İLKOKULU;İstanbul;İlköğretim;02124228083;https://www.okyanuskoleji.k12.tr;okyanuskoleji.k12.tr;CİHANGİR MAH. MEŞRUTİYET CAD. NO : 70 AMBARLI | AVCILAR | İSTANBUL
AVCILAR OKYANUS KOLEJİ ORTAOKULU;İstanbul;Ortaokul;02124228083;https://www.okyanuskoleji.k12.tr;okyanuskoleji.k12.tr;CİHANGİR MAH. MEŞRUTİYET CAD. NO : 70 AMBARLI | AVCILAR | İSTANBUL
AZRA ANAOKULU ATAŞEHİR KAMPÜSÜ;İstanbul;Okul Öncesi;05053941965;http://www.azra.com.tr/;azra.com.tr;ATATÜRK MAH. VATAN CAD. NO:30-32  ATAŞEHİR
AZRA ANAOKULU ERENKÖY KAMPÜSÜ;İstanbul;Okul Öncesi;02163024834;http://www.azra.com.tr/;azra.com.tr;19 MAYIS MAHALLESİ, KÖŞK, TÜCCARBAŞI, 23 NİSSAN SOKAGİ NO: 5/C, 34736 KADIKÖY/İSTANBUL
AZRA ANAOKULU PENDİK KAMPÜSÜ;İstanbul;Okul Öncesi;05324751390;http://www.azra.com.tr/;azra.com.tr;EROL KAYA CAD. ,PALMİYE DURAK NO: 34  PENDİK
BAĞCILAR VATAN ANADOLU LİSESİ;İstanbul;Lise;02124622886;www.vatanokullari.com;vatanokullari.com;İNÖNÜ MAH. 428. SK. NO: 4  BAĞCILAR / İSTANBUL
BAHÇELİEVLER GÖKKUŞAĞI KOLEJİ ANAOKULU;İstanbul;Okul Öncesi;02126445900;gokkusagi.k12.tr;gokkusagi.k12.tr;ESKİ LONDRA ASFALTI NO: 15 HAZNEDAR BAHÇELİEVLER – İSTANBUL
BAHÇELİEVLER GÖKKUŞAĞI KOLEJİ İLKOKULU;İstanbul;İlköğretim;02126445900;gokkusagi.k12.tr;gokkusagi.k12.tr;ESKİ LONDRA ASFALTI NO: 15 HAZNEDAR BAHÇELİEVLER – İSTANBUL
BAHÇELİEVLER GÖKKUŞAĞI KOLEJİ LİSESİ;İstanbul;Lise;05332531012;gokkusagi.k12.tr;gokkusagi.k12.tr;ESKİ LONDRA ASFALTI NO: 15 HAZNEDAR BAHÇELİEVLER – İSTANBUL
BAHÇELİEVLER GÖKKUŞAĞI KOLEJİ ORTAOKULU;İstanbul;Ortaokul;02126445900;gokkusagi.k12.tr;gokkusagi.k12.tr;ESKİ LONDRA ASFALTI NO: 15 HAZNEDAR BAHÇELİEVLER – İSTANBUL
BAHÇELİEVLER KAMPÜSÜ OKYANUS KOLEJİ ORTAOKULU;İstanbul;Ortaokul;02126439363;https://www.okyanuskoleji.k12.tr;okyanuskoleji.k12.tr;İZZETTİN ÇALIŞLAR CAD. CELAL NURİ SK. NO:31 BAHÇELİEVLER MERKEZ | İSTANBUL
BAHÇELİEVLER OĞUZKAAN KOLEJİ ANAOKULU;İstanbul;Okul Öncesi;02124416110;https://www.oguzkaankoleji.com;oguzkaankoleji.com;TALATPAŞA CADDESİ RADYUM SOKAK NO:2 BAHÇELİEVLER/İSTANBUL
BAHÇELİEVLER OĞUZKAAN KOLEJİ İLKOKULU;İstanbul;İlköğretim;02124416110;https://www.oguzkaankoleji.com;oguzkaankoleji.com;TALATPAŞA CADDESİ RADYUM SOKAK NO:2 BAHÇELİEVLER/İSTANBUL
BAHÇELİEVLER OĞUZKAAN KOLEJİ ORTAOKULU;İstanbul;Ortaokul;02124416110;https://www.oguzkaankoleji.com;oguzkaankoleji.com;TALATPAŞA CADDESİ RADYUM SOKAK NO:2 BAHÇELİEVLER/İSTANBUL
BAHÇELİEVLER OKYANUS KOLEJİ KAMPÜSÜ ANAOKULU;İstanbul;Okul Öncesi;02126439363;https://www.okyanuskoleji.k12.tr;okyanuskoleji.k12.tr;İZZETTİN ÇALIŞLAR CAD. CELAL NURİ SK. NO:31 BAHÇELİEVLER MERKEZ | İSTANBUL
BAHÇEŞEHİR GÖKKUŞAĞI KOLEJİ ANAOKULU;İstanbul;Okul Öncesi;02126728426;gokkusagi.k12.tr;gokkusagi.k12.tr;ORHAN GAZİ MAH. 1654 SK. NO: 40  ESENYURT – İSTANBUL
BAHÇEŞEHİR GÖKKUŞAĞI KOLEJİ İLKOKULU;İstanbul;İlköğretim;02126728426;gokkusagi.k12.tr;gokkusagi.k12.tr;ORHAN GAZİ MAH. 1654 SK. NO: 40  ESENYURT – İSTANBUL
BAHÇEŞEHİR GÖKKUŞAĞI KOLEJİ ORTAOKULU;İstanbul;Ortaokul;02126728426;gokkusagi.k12.tr;gokkusagi.k12.tr;ORHAN GAZİ MAH. 1654 SK. NO: 40  ESENYURT – İSTANBUL
BAHÇEŞEHİR KÜÇÜK ADIMLAR ANAOKULU;İstanbul;Okul Öncesi;02126695735;http://www.kucukadimlar.com.tr/iletisim.html;kucukadimlar.com.tr;BAHÇEŞEHİR 2. KISIM, KC A06 VİLLA, AHMET TANER KIŞLALI BLV NO:11, 34488 BAŞAKŞEHİR/İSTANBUL
BAHÇEŞEHİR NESLİN DEĞİŞEN SESİ OKULLARI ANAOKULU;İstanbul;Okul Öncesi;02126073131;https://www.ilkokul.nds.k12.tr;ilkokul.nds.k12.tr;BAHÇEŞEHİR 2. KISIM MAH. 9. CAD. İLKÖĞRETİM BLOK NO: 12 BAŞAKŞEHİR / İSTANBUL
BAHÇEŞEHİR NESLİN DEĞİŞEN SESİ OKULLARI İLKOKUL;İstanbul;İlköğretim;02126073131;https://www.ilkokul.nds.k12.tr;ilkokul.nds.k12.tr;BAHÇEŞEHİR 2. KISIM MAH. 9. CAD. İLKÖĞRETİM BLOK NO: 12 BAŞAKŞEHİR / İSTANBUL
BAHÇEŞEHİR NESLİN DEĞİŞEN SESİ OKULLARI ORTAOKUL;İstanbul;İlköğretim;0212-607-31-31;https://www.ilkokul.nds.k12.tr;ilkokul.nds.k12.tr;BAHÇEŞEHİR 2. KISIM MAH. 9. CAD. İLKÖĞRETİM BLOK NO: 12 BAŞAKŞEHİR / İSTANBUL
BAHÇEŞEHİR OĞUZKAAN KOLEJİ ANAOKULU;İstanbul;Okul Öncesi;02126080714;https://www.oguzkaankoleji.com;oguzkaankoleji.com;BAHÇEŞEHİR 1.KISIM MAHALLESİ ÇORUH SOKAĞI NO: 6/8 34448
BAHÇEŞEHİR OĞUZKAAN KOLEJİ İLKOKULU;İstanbul;İlköğretim;02126080714;https://www.oguzkaankoleji.com;oguzkaankoleji.com;BAHÇEŞEHİR 1.KISIM MAHALLESİ ÇORUH SOKAĞI NO: 6/8 34448
BAHÇEŞEHİR OĞUZKAAN KOLEJİ ORTAOKULU;İstanbul;Ortaokul;02126080714;https://www.oguzkaankoleji.com;oguzkaankoleji.com;BAHÇEŞEHİR 1.KISIM MAHALLESİ ÇORUH SOKAĞI NO: 6/8 34448
BAHÇEŞEHİR OKYANUS KOLEJİ ANADOLU LİSESİ;İstanbul;Lise;2126050610;https://www.okyanuskoleji.k12.tr;okyanuskoleji.k12.tr;TALAT PAŞA CAD. YEŞİL IRMAK SOK. NO:1 ESENKENT | İSTANBUL
BAHÇEŞEHİR OKYANUS KOLEJİ ANAOKULU;İstanbul;Okul Öncesi;2126050610;https://www.okyanuskoleji.k12.tr;okyanuskoleji.k12.tr;TALAT PAŞA CAD. YEŞİL IRMAK SOK. NO:1 ESENKENT | İSTANBUL
BAHÇEŞEHİR OKYANUS KOLEJİ FEN LİSESİ;İstanbul;Lise;2126050610;https://www.okyanuskoleji.k12.tr;okyanuskoleji.k12.tr;TALAT PAŞA CAD. YEŞİL IRMAK SOK. NO:1 ESENKENT | İSTANBUL
BAHÇEŞEHİR OKYANUS KOLEJİ GÜZEL SANATLAR LİSESİ;İstanbul;Lise;2126050610;https://www.okyanuskoleji.k12.tr;okyanuskoleji.k12.tr;TALAT PAŞA CAD. YEŞİL IRMAK SOK. NO:1 ESENKENT | İSTANBUL
BAHÇEŞEHİR OKYANUS KOLEJİ İLKOKULU;İstanbul;İlköğretim;2126050610;https://www.okyanuskoleji.k12.tr;okyanuskoleji.k12.tr;TALAT PAŞA CAD. YEŞİL IRMAK SOK. NO:1 ESENKENT | İSTANBUL
BAHÇEŞEHİR OKYANUS KOLEJİ ÜSTÜN ZEKALILAR İLKOKULU;İstanbul;İlköğretim;2126050610;https://www.okyanuskoleji.k12.tr;okyanuskoleji.k12.tr;TALAT PAŞA CAD. YEŞİL IRMAK SOK. NO:1 ESENKENT | İSTANBUL
BAKIRKÖY OĞUZKAAN KOLEJİ ORTAOKULU;İstanbul;Ortaokul;02125610730;https://www.oguzkaankoleji.com;oguzkaankoleji.com;ZUHURATBABA MAH. HAKSEVER SK. NO:10 BAKIRKÖY/İSTANBUL
BANDIRMA MUTLU ÇOCUKLAR ANAOKULU;Balıkesir;Okul Öncesi;0 216 706 03 02;https://www.kidoole.com/anaokulu;kidoole.com;YENİ MAH. 1196 SK. NO: 4 BANDIRMA/BALIKESİR
BASINEKSPRES VATAN ANADOLU LİSESİ;İstanbul;Ortaokul;02124525273;www.vatanokullari.com;vatanokullari.com;YENİBOSNA  MERKEZ MAH. ÇINAR CAD KAVAK SK. NO:5 (STARCİTY AVM YANI)
BASINEKSPRES VATAN İLKOKULU;İstanbul;İlköğretim;02124525273;www.vatanokullari.com;vatanokullari.com;YENİBOSNA  MERKEZ MAH. ÇINAR CAD KAVAK SK. NO:5 (STARCİTY AVM YANI)
BASINEKSPRES VATAN ORTAOKULU;İstanbul;Ortaokul;02124525273;www.vatanokullari.com;vatanokullari.com;YENİBOSNA MERKEZ MAH. ÇINAR CAD KAVAK SK. NO:5 (STARCİTY AVM YANI)
BAŞKENT ÜNİVERSİTESİ ÖZEL AYŞEABLA ANADOLU LİSESİ;Ankara;Lise;312 285 58 00;ayseabla@ayseabla.k12.tr;ayseabla.k12.tr;ÇİĞDEM MAHALLESİ 1550. CADDE NO:5 ÇANKAYA 06520 ANKARA
BAŞKENT ÜNİVERSİTESİ ÖZEL AYŞEABLA OKULLARI ANAOKULU;Ankara;Okul Öncesi;3122855800;ayseabla@ayseabla.k12.tr;ayseabla.k12.tr;ÇİĞDEM MAHALLESİ 1550. CADDE NO:5 ÇANKAYA 06520 ANKARA
BAŞKENT ÜNİVERSİTESİ ÖZEL AYŞEABLA OKULLARI FEN LİSESİ;Ankara;Lise;3122855800;ayseabla@ayseabla.k12.tr;ayseabla.k12.tr;ÇİĞDEM MAHALLESİ 1550. CADDE NO:5 ÇANKAYA 06520 ANKARA
BAŞKENT ÜNİVERSİTESİ ÖZEL AYŞEABLA OKULLARI İLKOKULU;Ankara;İlköğretim;312 285 58 00;ayseabla@ayseabla.k12.tr;ayseabla.k12.tr;ÇİĞDEM MAHALLESİ 1550. CADDE NO:5 ÇANKAYA 06520 ANKARA
BAŞKENT ÜNİVERSİTESİ ÖZEL AYŞEABLA OKULLARI ORTAOKUL;Ankara;Ortaokul;312 285 58 00(1302);ayseabla@ayseabla.k12.tr;ayseabla.k12.tr;ÇİĞDEM MAHALLESİ 1550. CADDE NO:5 ÇANKAYA 06520 ANKARA
BAYRAMPAŞA KAMPÜSÜ OKYANUS KOLEJİ ANAOKULU;İstanbul;Okul Öncesi;02125440999;https://www.okyanuskoleji.k12.tr;okyanuskoleji.k12.tr;ALTINTEPSİ MAH. ÇİFTLİK CAD. OKYANUS KOLEJİ BLOK NO: 8 BAYRAMPAŞA / İSTANBUL
BENİM DÜNYAM ANAOKULU;İstanbul;Okul Öncesi;02165202993;;;ATAKENT MAHALLESİ. TÜRKLER CADDESİ. SEZEN SOKAK. NO: 6
BEŞİKTAŞ ARMADA ANAOKULU;İstanbul;Okul Öncesi;4 447 763 __ __;https://armadaokullari.com/;armadaokullari.com;Gayrettepe Mah. Ekin Sok. No:2 Beşiktaş, İSTANBUL
BEŞİKTAŞ ARMADA İLKOKULU;İstanbul;İlköğretim;02122161140;http://www.armadaokullari.com;armadaokullari.com;GAYRETTEPE MAH.EKİN SOKAK NO:2/A KAT:1-2.
BEŞİKTAŞ ARMADA ORTAOKULU;İstanbul;Ortaokul;02122161140;http://www.armadaokullari.com;armadaokullari.com;GAYRETTEPE MAH.EKİN SOKAK NO:2/A KAT:1-2.
BEYKENT KAMPÜSÜ OKYANUS KOLEJİ ANAOKULU;İstanbul;Okul Öncesi;02128559696;https://www.okyanuskoleji.k12.tr;okyanuskoleji.k12.tr;ADNAN KAHVECİ MAH. YAVUZ SULTAN SELİM BULV. DENİZ AKTAŞ CAD, BEYLİKDÜZÜ | İSTANBU
BEYKENT KAMPÜSÜ OKYANUS KOLEJİ ORTAOKULU;İstanbul;Ortaokul;02128559696;https://www.okyanuskoleji.k12.tr;okyanuskoleji.k12.tr;ADNAN KAHVECİ MAH. YAVUZ SULTAN SELİM BULV. DENİZ AKTAŞ CAD, BEYLİKDÜZÜ | İSTANBUL
BEYLİKDÜZÜ  GÖKKUŞAĞI KOLEJİ ANADOLU LİSESİ;İstanbul;Lise;02128558904;gokkusagi.k12.tr;gokkusagi.k12.tr;ADNANKAHVECİ MH. FABRİKALAR CD. NO:4 BEYLİKDÜZÜ – İSTANBUL
BEYLİKDÜZÜ  GÖKKUŞAĞI KOLEJİ ANAOKULU;İstanbul;Okul Öncesi;02128558904;gokkusagi.k12.tr;gokkusagi.k12.tr;ADNANKAHVECİ MH. FABRİKALAR CD. NO:4 BEYLİKDÜZÜ – İSTANBUL
BEYLİKDÜZÜ  GÖKKUŞAĞI KOLEJİ İLKOKULU;İstanbul;İlköğretim;02128558904;gokkusagi.k12.tr;gokkusagi.k12.tr;ADNANKAHVECİ MH. FABRİKALAR CD. NO:4 BEYLİKDÜZÜ – İSTANBUL
BEYLİKDÜZÜ  GÖKKUŞAĞI KOLEJİ ORTAOKULU;İstanbul;Ortaokul;02128558904;gokkusagi.k12.tr;gokkusagi.k12.tr;ADNANKAHVECİ MH. FABRİKALAR CD. NO:4 BEYLİKDÜZÜ – İSTANBUL
BEYLİKDÜZÜ AYDINLAR KOLEJİ ANAOKULU;İstanbul;Okul Öncesi;0 212 777 81 81;https://beylikduzuaydinlarkoleji.com/;beylikduzuaydinlarkoleji.com;Barış Mahallesi Haziran Sokak No.5 34501 Beylikdüzü, İstanbul
BEYLİKDÜZÜ AYDINLAR KOLEJİ İLKÖĞRETİM OKULU;İstanbul;İlköğretim;0 212 777 81 81;https://beylikduzuaydinlarkoleji.com/;beylikduzuaydinlarkoleji.com;Barış Mahallesi Haziran Sokak No.5 34501 Beylikdüzü, İstanbul
BEYLİKDÜZÜ AYDINLAR KOLEJİ ORTAOKULU;İstanbul;Ortaokul;0 212 777 81 81;https://beylikduzuaydinlarkoleji.com/;beylikduzuaydinlarkoleji.com;Barış Mahallesi Haziran Sokak No.5 34501 Beylikdüzü, İstanbul
BEYLİKDÜZÜ MODERN EĞİTİM KOLEJİ ANAOKULU;İstanbul;Okul Öncesi;0 212 746 66 66;https://modernegitimkoleji.com/;modernegitimkoleji.com;Kavaklı Mah. Deniz Aktaş Cad. 34520 No: 18 Beylikdüzü / İstanbul
BEYLİKDÜZÜ MODERN EĞİTİM KOLEJİ İLKÖĞRETİM OKULU;İstanbul;İlköğretim;0 212 746 66 66;https://modernegitimkoleji.com/;modernegitimkoleji.com;Kavaklı Mah. Deniz Aktaş Cad. 34520 No: 18 Beylikdüzü / İstanbul
BEYLİKDÜZÜ MODERN EĞİTİM KOLEJİ LİSESİ;İstanbul;Lise;0 212 746 66 66;https://modernegitimkoleji.com/;modernegitimkoleji.com;Kavaklı Mah. Deniz Aktaş Cad. 34520 No: 18 Beylikdüzü / İstanbul
BEYLİKDÜZÜ MODERN EĞİTİM KOLEJİ ORTAOKULU;İstanbul;Ortaokul;0 212 746 66 66;https://modernegitimkoleji.com/;modernegitimkoleji.com;Kavaklı Mah. Deniz Aktaş Cad. 34520 No: 18 Beylikdüzü / İstanbul
BEYLİKDÜZÜ OĞUZKAAN KOLEJİ ANAOKULU;İstanbul;Okul Öncesi;05354625953;https://www.oguzkaankoleji.com;oguzkaankoleji.com;ADNAN KAHVECİ MAHALLESİ, ÇALIŞLAR CD. 34528 BEYLİKDÜZÜ
BEYLİKDÜZÜ OĞUZKAAN KOLEJİ İLKOKULU;İstanbul;İlköğretim;05354625953;https://www.oguzkaankoleji.com;oguzkaankoleji.com;ADNAN KAHVECİ MAHALLESİ, ÇALIŞLAR CD. 34528 BEYLİKDÜZÜ
BEYLİKDÜZÜ OĞUZKAAN KOLEJİ ORTAOKULU;İstanbul;Ortaokul;05354625953;https://www.oguzkaankoleji.com;oguzkaankoleji.com;ADNAN KAHVECİ MAHALLESİ, ÇALIŞLAR CD. 34528 BEYLİKDÜZÜ
BEYLİKDÜZÜ OKYANUS KOLEJİ ANADOLU LİSESİ;İstanbul;Lise;02128536900;https://www.okyanuskoleji.k12.tr;okyanuskoleji.k12.tr;MEVLANA MH. HALİM ÇELEBİ CADDESİ BİNA NO: 01 A9 BLOK ESENYURT - İSTANBUL
BEYLİKDÜZÜ OKYANUS KOLEJİ ANAOKULU;İstanbul;Okul Öncesi;02128533876;https://www.okyanuskoleji.k12.tr;okyanuskoleji.k12.tr;MEVLANA MH. HALİM ÇELEBİ CADDESİ BİNA NO: 01 A9 BLOK ESENYURT - İSTANBUL
BEYLİKDÜZÜ OKYANUS KOLEJİ İLKOKULU;İstanbul;İlköğretim;02128536900;https://www.okyanuskoleji.k12.tr;okyanuskoleji.k12.tr;MEVLANA MH. HALİM ÇELEBİ CADDESİ BİNA NO: 01 A9 BLOK ESENYURT - İSTANBUL
BEYLİKDÜZÜ OKYANUS KOLEJİ ORTAOKULU;İstanbul;Ortaokul;02128536900;https://www.okyanuskoleji.k12.tr;okyanuskoleji.k12.tr;MEVLANA MH. HALİM ÇELEBİ CADDESİ BİNA NO: 01 A9 BLOK ESENYURT - İSTANBUL
BEYLİKDÜZÜ VATAN İLKOKULU;İstanbul;İlköğretim;02128530784;www.vatanokullari.com;vatanokullari.com;CUMHURİYET MAH. HÜRRİYET CAD.İNNOVİA 1 SİTESİ 1. ETAP
BEYTEPE MOR ANAOKULU;Ankara;Okul Öncesi;0 532 740 83 84;https://beytepekoleji.com/;beytepekoleji.com;Alacaatlı Mah. 3381. Cad. No:19-C Çayyolu/ANKARA
BEZCİYAN ERMENİ İLKOKULU;İstanbul;İlköğretim;02125172475;http://www.bezciyan.k12.tr;bezciyan.k12.tr;MUHSİNE HATUN MAH. SEVGİ SOK. NO. 3, 34130 KUMKAPI
BEZCİYAN ERMENİ ORTAOKULU;İstanbul;Ortaokul;02125170948;http://www.bezciyan.k12.tr;bezciyan.k12.tr;SEVGİ SOK. NO. 3, 34130 KUMKAPI
BİLFEN BURSA İLKOKULU;Bursa;İlköğretim;0 224 549 24 98;https://bilfen.com/tr;bilfen.com;Çağrışan mah. Hürriyet sokağı no:33 Mudanya/Bursa
BİLGEM ANADOLU LİSESİ;Elazığ;Lise;04242481860;bilgemokullari.com;bilgemokullari.com;HİLALKENT MAH.BASKİL CAD.NO:88, 23350 ELÂZIĞ MERKEZ/ELAZIĞ
BİLGEM ANADOLU SAĞLIK MESLEK LİSESİ;Elazığ;Lise;04242471981;bilgemokullari.com;bilgemokullari.com;HİLALKENT MAH.BASKİL CAD.NO:88, 23350 ELÂZIĞ MERKEZ/ELAZIĞ
BİLGEM ANAOKULU;Elazığ;Okul Öncesi;04242481860;bilgemokullari.com;bilgemokullari.com;HİLALKENT MAH.BASKİL CAD.NO:88, 23350 ELÂZIĞ MERKEZ/ELAZIĞ
BİLGEM FEN LİSESİ;Elazığ;Lise;04242471981;bilgemokullari.com;bilgemokullari.com;HİLALKENT MAH.BASKİL CAD.NO:88, 23350 ELÂZIĞ MERKEZ/ELAZIĞ
BİLGEM İLKOKULU;Elazığ;İlköğretim;05054902055;bilgemokullari.com;bilgemokullari.com;HİLALKENT MAH.BASKİL CAD.NO:88, 23350 ELÂZIĞ MERKEZ/ELAZIĞ
BİLGEM MESLEKİ VE TEKNİK ANADOLU LİSESİ;Elazığ;Lise;04242471981;bilgemokullari.com;bilgemokullari.com;HİLALKENT MAH.BASKİL CAD.NO:88, 23350 ELÂZIĞ MERKEZ/ELAZIĞ
BİLGEM ORTAOKULU;Elazığ;Ortaokul;05054902055;bilgemokullari.com;bilgemokullari.com;HİLALKENT MAH.BASKİL CAD.NO:88, 23350 ELÂZIĞ MERKEZ/ELAZIĞ
BİLGİ BECERİ BAŞARI ANAOKULU;İstanbul;Okul Öncesi;02126634666;https://www.3bcocukakademisi.com/;3bcocukakademisi.com;ŞENLİKKÖY MAH. ÜLKEM SOK. NO:42 VİLLA EBRU, FLORYA
BİLİM YAŞAM OKULLARI ANAOKULU;İstanbul;Okul Öncesi;02124446307;https://www.bilimyasam.com/;bilimyasam.com;ADNAN KAHVECİ MAH. HARBİYE CAD. NO:21
BİLİM YAŞAM OKULLARI İLKOKULU;İstanbul;İlköğretim;02124446307;https://www.bilimyasam.com/;bilimyasam.com;ADNAN KAHVECİ MAH. HARBİYE CAD. NO:21
BİLİM YAŞAM OKULLARI LİSESİ;İstanbul;Lise;02124446307;https://www.bilimyasam.com/;bilimyasam.com;ADNAN KAHVECİ MAH. HARBİYE CAD. NO:21
BİLİM YAŞAM OKULLARI ORTAOKULU;İstanbul;Ortaokul;02124446307;https://www.bilimyasam.com/;bilimyasam.com;ADNAN KAHVECİ MAH. HARBİYE CAD. NO:21
BİLİNÇ ANAOKULU;Ankara;Lise;05334181129;http://bilinckoleji.com;bilinckoleji.com;TUZLUÇAYIR MAH. TIP FAKÜLTESİ CAD. NO: 176 İÇ KAPI NO: 1
BİLİNÇ İLKOKULU;Ankara;İlköğretim;03124354545;http://bilinckoleji.com;bilinckoleji.com;KARTALTEPE MAH. TIP FAKÜLTESİ CAD. NO: 165 İÇ KAPI NO: 1
BİLİNÇ MESLEKİ VE TEKNİK ANADOLU LİSESİ;Ankara;Lise;03124344242;http://bilinckoleji.com;bilinckoleji.com;TUZLUÇAYIR MAH. TIP FAKÜLTESİ CAD. NO: 176 İÇ KAPI NO: 1
BİLİNÇ ORTAOKULU;Ankara;Ortaokul;03124354545;http://bilinckoleji.com;bilinckoleji.com;KARTALTEPE MAH. TIP FAKÜLTESİ CAD. NO: 165 İÇ KAPI NO: 1
BORNOVA OKYANUS KOLEJİ ANADOLU LİSESİ;İzmir;Lise;02323257070;https://www.okyanuskoleji.k12.tr;okyanuskoleji.k12.tr;129 / 32 SOKAK NO: 2 EVKA 3 MAHALLESİ BORNOVA | İZMİR
BORNOVA OKYANUS KOLEJİ ANAOKULU;İzmir;Okul Öncesi;02323257070;https://www.okyanuskoleji.k12.tr;okyanuskoleji.k12.tr;129 / 32 SOKAK NO: 2 EVKA 3 MAHALLESİ BORNOVA | İZMİR
BORNOVA OKYANUS KOLEJİ ORTAOKULU;İzmir;Ortaokul;02323257070;https://www.okyanuskoleji.k12.tr;okyanuskoleji.k12.tr;129 / 32 SOKAK NO: 2 EVKA 3 MAHALLESİ BORNOVA | İZMİR
BURÇAK EYÜBOĞLU FEN VE TEKNOLOJİ LİSESİ;İstanbul;Lise;02165221212;http://www.eyuboglu.k12.tr;eyuboglu.k12.tr;ESENEVLER MAH. DR. RÜSTEM EYÜBOĞLU SK. EYÜPOĞLU KOLEJİ BLOK NO: 1 ÜMRANİYE / İSTANBUL
BURSA BÜYÜK ÇAMLICA KOLEJİ NİLÜFER KAMPÜSÜ ANADOLU LİSESİ;Bursa;Lise;02244527000;www.bursabuyukkolej.k12.tr;bursabuyukkolej.k12.tr;ÇAMLICA MAH. MERT(190)SK. NO:4 İÇ KAPI:1
BURSA BÜYÜK KOLEJ ÇAMLICA KAMPÜSÜ  İLKÖĞRETİM OKULU;Bursa;İlköğretim;0 224 452 70 00;https://bursabuyukkolej.k12.tr/;bursabuyukkolej.k12.tr;Çamlıca Mahallesi, Mert Sk. No:4, 16270 Nilüfer/Bursa
BURSA BÜYÜK KOLEJ ÇAMLICA KAMPÜSÜ ANAOKULU;Bursa;Okul Öncesi;0 224 452 70 00;https://bursabuyukkolej.k12.tr/;bursabuyukkolej.k12.tr;Çamlıca Mahallesi, Mert Sk. No:4, 16270 Nilüfer/Bursa
BURSA BÜYÜK KOLEJ ÇAMLICA KAMPÜSÜ ORTAOKULU;Bursa;Ortaokul;0 224 452 70 00;https://bursabuyukkolej.k12.tr/;bursabuyukkolej.k12.tr;Çamlıca Mahallesi, Mert Sk. No:4, 16270 Nilüfer/Bursa
BURSA FİNAL EĞİTİM KURUMLARI ANADOLU LİSESİ;Bursa;Lise;2242452010;http://www.finalokullari.com.tr/;finalokullari.com.tr;KARAMAN MAHALLESİ SOKULLU CADDESİ NO:1A NİLÜFER/BURSA
BURSA FİNAL EĞİTİM KURUMLARI ANAOKULU;Bursa;Okul Öncesi;2242452010;http://www.finalokullari.com.tr/;finalokullari.com.tr;KARAMAN MAHALLESİ SOKULLU CADDESİ NO:1A NİLÜFER/BURSA
BURSA FİNAL EĞİTİM KURUMLARI FEN LİSESİ;Bursa;Lise;2242452010;http://www.finalokullari.com.tr/;finalokullari.com.tr;KARAMAN MAHALLESİ SOKULLU CADDESİ NO:1A NİLÜFER/BURSA
BURSA FİNAL EĞİTİM KURUMLARI İLKOKULU;Bursa;İlköğretim;2242452010;http://www.finalokullari.com.tr/;finalokullari.com.tr;KARAMAN MAHALLESİ SOKULLU CADDESİ NO:1A NİLÜFER/BURSA
BURSA FİNAL EĞİTİM KURUMLARI ORTAOKULU;Bursa;Ortaokul;2242452010;http://www.finalokullari.com.tr/;finalokullari.com.tr;KARAMAN MAHALLESİ SOKULLU CADDESİ NO:1A NİLÜFER/BURSA
BURSA SINAV KOLEJİ DEMİRCİ KAMPÜS  FEN LİSESİ;Bursa;Lise;05076211687;http://sinavkoleji.k12.tr/?s=7&kampus;sinavkoleji.k12.tr;DEMİRCİ MAH. KOSUYOLU CAD. NO:20 NİLÜFER / BURSA
BURSA SINAV KOLEJİ DEMİRCİ KAMPÜS ANADOLU LİSESİ;Bursa;Lise;05076211687;http://sinavkoleji.k12.tr/?s=7&kampus;sinavkoleji.k12.tr;DEMİRCİ MAH. KOSUYOLU CAD. NO:20 NİLÜFER / BURSA
BURSA SINAV KOLEJİ DEMİRCİ KAMPÜS İLKOKULU;Bursa;İlköğretim;05053464710;http://sinavkoleji.k12.tr/?s=7&kampus;sinavkoleji.k12.tr;DEMİRCİ MAH. KOSUYOLU CAD. NO:20 NİLÜFER / BURSA
BURSA SINAV KOLEJİ DEMİRCİ KAMPÜS ORTAOKULU;Bursa;Ortaokul;05073464710;http://sinavkoleji.k12.tr/?s=7&kampus;sinavkoleji.k12.tr;DEMİRCİ MAH. KOSUYOLU CAD. NO:20 NİLÜFER / BURSA
BURSA SINAV KOLEJİ KESTEL DOĞU KAMPÜSÜ ANADOLU LİSESİ;Bursa;Lise;02243721111;http://sinavkoleji.k12.tr/?s=7&kampus;sinavkoleji.k12.tr;ANKARA YOLU 12. KM. KESTEL KAVŞAĞI (ARAÇ MUAYENE ÜSTÜ) KESTEL / BURSA
BURSA SINAV KOLEJİ KESTEL DOĞU KAMPÜSÜ FEN LİSESİ;Bursa;Lise;02243721111;http://sinavkoleji.k12.tr/?s=7&kampus;sinavkoleji.k12.tr;ANKARA YOLU 12. KM. KESTEL KAVŞAĞI (ARAÇ MUAYENE ÜSTÜ) KESTEL / BURSA
BURSA SINAV KOLEJİ KESTEL DOĞU KAMPÜSÜ İLKOKULU;Bursa;İlköğretim;02243721111;http://sinavkoleji.k12.tr/?s=7&kampus;sinavkoleji.k12.tr;ANKARA YOLU 12. KM. KESTEL KAVŞAĞI (ARAÇ MUAYENE ÜSTÜ) KESTEL / BURSA
BURSA SINAV KOLEJİ KESTEL DOĞU KAMPÜSÜ ORTAOKULU;Bursa;Ortaokul;02243721111;http://sinavkoleji.k12.tr/?s=7&kampus;sinavkoleji.k12.tr;ANKARA YOLU 12. KM. KESTEL KAVŞAĞI (ARAÇ MUAYENE ÜSTÜ) KESTEL / BURSA
BURSA SINAV KOLEJİ KUZEY KAMPÜSÜ ANAOKULU;Bursa;İlköğretim;02243293030;http://sinavkoleji.k12.tr/?s=7&kampus;sinavkoleji.k12.tr;PANAYIR MAHALLESİ İSTANBUL CADDESİ 469/1 AS MERKEZ YANI
BURSA SINAV KOLEJİ MUSTAFAKEMALPAŞA KAMPÜSÜ İLKOKUL;Bursa;İlköğretim;02246181133;http://sinavkoleji.k12.tr/?s=7&kampus;sinavkoleji.k12.tr;TATKAVAKLI MH. AKASYALAR CAD. NO:9/11 MUSTAFAKEMALPASA/ BURSA
BURSA SINAV KOLEJİ MUSTAFAKEMALPAŞA KAMPÜSÜ ORTAOKUL;Bursa;Ortaokul;02246181133;http://sinavkoleji.k12.tr/?s=7&kampus;sinavkoleji.k12.tr;TATKAVAKLI MH. AKASYALAR CAD. NO:9/11 MUSTAFAKEMALPASA/ BURSA
BURSA SINAV KOLEJİ ÖZLÜCE BATI KAMPÜSÜ ANADOLU LİSESİ;Bursa;Lise;02244533377;http://sinavkoleji.k12.tr/?s=7&kampus;sinavkoleji.k12.tr;29 EKİM MAH. İZMİR YOLU CAD. NO: 388 (KÖFTECİ YUSUF YANI)
BURSA SINAV KOLEJİ ÖZLÜCE BATI KAMPÜSÜ FEN LİSESİ;Bursa;Lise;02244533377;http://sinavkoleji.k12.tr/?s=7&kampus;sinavkoleji.k12.tr;29 EKİM MAH. İZMİR YOLU CAD. NO: 388 (KÖFTECİ YUSUF YANI)
BURSA SINAV KOLEJİ ÖZLÜCE BATI KAMPÜSÜ İLKOKULU;Bursa;İlköğretim;02244533377;http://sinavkoleji.k12.tr/?s=7&kampus;sinavkoleji.k12.tr;29 EKİM MAH. İZMİR YOLU CAD. NO: 388 (KÖFTECİ YUSUF YANI)
BURSA SINAV KOLEJİ ÖZLÜCE BATI KAMPÜSÜ ORTAOKULU;Bursa;Ortaokul;02244533377;http://sinavkoleji.k12.tr/?s=7&kampus;sinavkoleji.k12.tr;29 EKİM MAH. İZMİR YOLU CAD. NO: 388 (KÖFTECİ YUSUF YANI)
BÜMED MEÇ ARNAVUTKÖY ANAOKULU;İstanbul;Okul Öncesi;02124445632;http://mecokullari.k12.tr;mecokullari.k12.tr;ABDÜLHAK MOLLA SOKAK NO:21 ARNAVUTKÖY
BÜMED MEÇ ARNAVUTKÖY İLKOKULU;İstanbul;Okul Öncesi;02124445632;http://mecokullari.k12.tr;mecokullari.k12.tr;ABDÜLHAK MOLLA SOKAK NO:21 ARNAVUTKÖY
BÜMED MEÇ İSTİNYE İLKOKULU;İstanbul;İlköğretim;05322577515;http://mecokullari.k12.tr;mecokullari.k12.tr;DARÜŞŞAFAKA MAH. GEZGİN SOKAK. NO:2 SARIYER
BÜMED MEÇ İSTİNYE ORTAOKULU;İstanbul;Ortaokul;05322577515;http://mecokullari.k12.tr;mecokullari.k12.tr;DARÜŞŞAFAKA MAH. GEZGİN SOKAK. NO:2 SARIYER
BÜMED MEÇ MODA ANAOKULU;İstanbul;Okul Öncesi;02164143406;http://mecokullari.k12.tr;mecokullari.k12.tr;CAFERAĞA MAH. SİVASTOPOL SOKAK NO:7
BÜMED MEÇ MODA İLKOKULU;İstanbul;İlköğretim;02164143406;http://mecokullari.k12.tr;mecokullari.k12.tr;CAFERAĞA MAH. SİVASTOPOL SOKAK NO:7
BÜYÜK BAŞARI KOLEJİ ANADOLU LİSESİ;İstanbul;Lise;0 505 635 54 54;;;çünür mah. 201. cad. No: 116/1 Merkez/ istanbul
BÜYÜK BAŞARI KOLEJİ İLKÖĞRETİM OKULU;Isparta;İlköğretim;0 505 635 54 54;https://buyükbasari.k12.tr;xn--buykbasari-ceb.k12.tr;Çünür mah. 201. cad. No:116/1 Merkez Isparta
BÜYÜK BAŞARI KOLEJİ LİSESİ;Isparta;Lise;0 505 635 54 54;https://buyukbasari.k12.tr;buyukbasari.k12.tr;Çüner mah. 201. cad. No: 116/1 Merkez/ Isparta
BÜYÜK KOLEJ GOP KAMPÜSÜ ANADOLU LİSESİ;Ankara;Lise;03124466676;http://www.buyukkolej.k12.tr/;buyukkolej.k12.tr;GAZİOSMANPAŞA MAHALLESİ, BAĞLAR CD. NO:184
BÜYÜK KOLEJ GOP KAMPÜSÜ ANAOKULU;Ankara;Ortaokul;;http://www.buyukkolej.k12.tr/;buyukkolej.k12.tr;GAZİOSMANPAŞA MAHALLESİ, BAĞLAR CD. NO:184
BÜYÜK KOLEJ GOP KAMPÜSÜ FEN LİSESİ;Ankara;Lise;03124466676;http://www.buyukkolej.k12.tr/;buyukkolej.k12.tr;GAZİOSMANPAŞA MAHALLESİ, BAĞLAR CD. NO:184
BÜYÜK KOLEJ GOP KAMPÜSÜ İLKOKULU;Ankara;İlköğretim;03124466676;http://www.buyukkolej.k12.tr/;buyukkolej.k12.tr;GAZİOSMANPAŞA MAHALLESİ, BAĞLAR CD. NO:184
BÜYÜK KOLEJ GOP KAMPÜSÜ ORTAOKULU;Ankara;Ortaokul;03124466676;http://www.buyukkolej.k12.tr/;buyukkolej.k12.tr;GAZİOSMANPAŞA MAHALLESİ, BAĞLAR CD. NO:184
CENT  KOLEJİ;İstanbul;Lise;02122233133;http://www.centkoleji.k12.tr;centkoleji.k12.tr;TARABYA ŞALÇIKIR CAD. NO:94 SARIYER-İSTANBUL
CENT KOLEJİ ANAOKULU;İstanbul;Okul Öncesi;02122233133;http://www.centkoleji.k12.tr;centkoleji.k12.tr;TARABYA ŞALÇIKIR CAD. NO:94 SARIYER-İSTANBUL
CENT KOLEJİ İLKOKULU;İstanbul;İlköğretim;02122233133;http://www.centkoleji.k12.tr;centkoleji.k12.tr;TARABYA ŞALÇIKIR CAD. NO:94 SARIYER-İSTANBUL
CENT KOLEJİ ORTAOKULU;İstanbul;Ortaokul;02122233133;http://www.centkoleji.k12.tr;centkoleji.k12.tr;TARABYA ŞALÇIKIR CAD. NO:94 SARIYER-İSTANBUL
CİHANGİR OKULLARI ATAKENT KAMPÜSÜ ANADOLU LİSESİ;İstanbul;Lise;0 212 696 10 40;http://www.cihangir.k12.tr/;cihangir.k12.tr;ATAKENT MAH. ATATÜRK CAD. NO:8 ATAKENT, HALKALI KÜÇÜKÇEKMECE, İSTANBUL
CİHANGİR OKULLARI ATAKENT KAMPÜSÜ İLKOKULU;İstanbul;İlköğretim;02126961040;http://www.cihangir.k12.tr/;cihangir.k12.tr;ATAKENT MAH. ATATÜRK CAD. NO:8 ATAKENT, HALKALI KÜÇÜKÇEKMECE, İSTANBUL
CİHANGİR OKULLARI ATAKENT KAMPÜSÜ ORTAOKULU;İstanbul;Ortaokul;02126961040;http://www.cihangir.k12.tr/;cihangir.k12.tr;ATAKENT MAH. ATATÜRK CAD. NO:8 ATAKENT, HALKALI KÜÇÜKÇEKMECE, İSTANBUL
CİHANGİR OKULLARI BAHÇEŞEHİR KAMPÜSÜ ANADOLU LİSESİ;İstanbul;Lise;02125932828;http://www.cihangir.k12.tr/;cihangir.k12.tr;TURGUT ÖZAL BLV. BAHÇEŞEHİR 2. KISIM BAŞAKŞEHİR, İSTANBUL
CİHANGİR OKULLARI BAHÇEŞEHİR KAMPÜSÜ ANAOKLULU;İstanbul;Okul Öncesi;02125932828;http://www.cihangir.k12.tr/;cihangir.k12.tr;TURGUT ÖZAL BLV. BAHÇEŞEHİR 2. KISIM BAŞAKŞEHİR, İSTANBUL
CİHANGİR OKULLARI BAHÇEŞEHİR KAMPÜSÜ İLKOKULU;İstanbul;İlköğretim;02125932828;http://www.cihangir.k12.tr/;cihangir.k12.tr;TURGUT ÖZAL BLV. BAHÇEŞEHİR 2. KISIM BAŞAKŞEHİR, İSTANBUL
CİHANGİR OKULLARI BAHÇEŞEHİR KAMPÜSÜ ORTAOKULU;İstanbul;Ortaokul;02125932828;http://www.cihangir.k12.tr/;cihangir.k12.tr;TURGUT ÖZAL BLV. BAHÇEŞEHİR 2. KISIM BAŞAKŞEHİR, İSTANBUL
CİHANGİR OKULLARI BÜYÜKÇEKMECE KAMPÜSÜ ANAOKULU;İstanbul;Okul Öncesi;02128644010;http://www.cihangir.k12.tr/;cihangir.k12.tr;MURATÇEŞME MAH. PENDİK SOK. NO:1 MİMAROBA, BÜYÜKÇEKMECE, İSTANBUL
CİHANGİR OKULLARI BÜYÜKÇEKMECE KAMPÜSÜ İLKOKULU;İstanbul;İlköğretim;02128644010;http://www.cihangir.k12.tr/;cihangir.k12.tr;MURATÇEŞME MAH. PENDİK SOK. NO:1 MİMAROBA, BÜYÜKÇEKMECE, İSTANBUL
CİHANGİR OKULLARI BÜYÜKÇEKMECE KAMPÜSÜ ORTAOKULU;İstanbul;Ortaokul;02128644010;http://www.cihangir.k12.tr/;cihangir.k12.tr;MURATÇEŞME MAH. PENDİK SOK. NO:1 MİMAROBA, BÜYÜKÇEKMECE, İSTANBUL
CİHANGİR OKULLARI KAYSERİ KAMPÜSÜ ANADOLU LİSESİ;Kayseri;Lise;0 352 503 80 66;http://www.cihangir.k12.tr/;cihangir.k12.tr;Hoca Ahmet Yesevi, Hoca Ahmet Yesevi Mah. Mustafa Kemal Paşa Bulv, Gedikli Sk. No:8, 38050 Kocasinan/Kayseri
CİHANGİR OKULLARI KAYSERİ KAMPÜSÜ ANAOKULU;Kayseri;Okul Öncesi;0 352 503 80 66;http://www.cihangir.k12.tr/;cihangir.k12.tr;Hoca Ahmet Yesevi, Hoca Ahmet Yesevi Mah. Mustafa Kemal Paşa Bulv, Gedikli Sk. No:8, 38050 Kocasinan/Kayseri
CİHANGİR OKULLARI KAYSERİ KAMPÜSÜ İLKOKULU;Kayseri;İlköğretim;0 352 503 80 66;http://www.cihangir.k12.tr/;cihangir.k12.tr;Hoca Ahmet Yesevi, Hoca Ahmet Yesevi Mah. Mustafa Kemal Paşa Bulv, Gedikli Sk. No:8, 38050 Kocasinan/Kayseri
CİHANGİR OKULLARI KAYSERİ KAMPÜSÜ ORTAOKULU;Kayseri;Ortaokul;0 352 503 80 66;http://www.cihangir.k12.tr/;cihangir.k12.tr;Hoca Ahmet Yesevi, Hoca Ahmet Yesevi Mah. Mustafa Kemal Paşa Bulv, Gedikli Sk. No:8, 38050 Kocasinan/Kayseri
ÇAĞ  İLKOKULU;Mersin;İlköğretim;03246512054;http://www.cag.k12.tr;cag.k12.tr;YENİCE MAH. CEMAL GÜRSEL BUL. ÇAĞ KOLEJİ SİTESİ A BLOK NO: 138/2A İÇ KAPI NO: 1 TARSUS / MERSİN (DİĞER İÇ KAPILAR: 2)
ÇAĞ FEN LİSESİ;Mersin;Lise;03246513386;http://www.cag.k12.tr;cag.k12.tr;YENİCE MAH. CEMAL GÜRSEL BUL. ÇAĞ KOLEJİ SİTESİ D BLOK NO: 138/2D İÇ KAPI NO: 2 TARSUS / MERSİN
ÇAĞ FEN VE TEKNOLOJİ LİSESİ;Mersin;Lise;03246513386;http://www.cag.k12.tr;cag.k12.tr;YENİCE MAH. CEMAL GÜRSEL BUL. ÇAĞ KOLEJİ SİTESİ D BLOK NO: 138/2D İÇ KAPI NO: 1 TARSUS / MERSİN
ÇAĞ KOLEJİ;Mersin;Lise;03246513386;http://www.cag.k12.tr;cag.k12.tr;YENİCE MAH. CEMAL GÜRSEL BUL. ÇAĞ KOLEJİ SİTESİ D BLOK NO: 138/2D İÇ KAPI NO: 1 TARSUS / MERSİN
ÇAĞ ORTAOKULU;Mersin;Ortaokul;03246512054;http://www.cag.k12.tr;cag.k12.tr;YENİCE MAH. CEMAL GÜRSEL BUL. ÇAĞ KOLEJİ SİTESİ C BLOK NO: 138/2C İÇ KAPI NO: 1 TARSUS / MERSİN (DİĞER İÇ KAPILAR: 2)
ÇAĞDAŞ ÖNCÜ ANADOLU LİSESİ;Bursa;Lise;02242323400;http://www.cagdasoncuokullari.com;cagdasoncuokullari.com;19 MAYIS MAHALLESİ SİDE CADDESİ NO : 73 / 1 16320 ÖZLÜCE / BURSA
ÇAĞDAŞ ÖNCÜ FEN LİSESİ;Bursa;Lise;02242323400;http://www.cagdasoncuokullari.com;cagdasoncuokullari.com;19 MAYIS MAHALLESİ SİDE CADDESİ NO : 73 / 1 16320 ÖZLÜCE / BURSA
ÇAĞDAŞ ÖNCÜ İLKOKULU;Bursa;İlköğretim;02242323400;http://www.cagdasoncuokullari.com;cagdasoncuokullari.com;19 MAYIS MAHALLESİ SİDE CADDESİ NO : 73 / 1 16320 ÖZLÜCE / BURSA
ÇAĞDAŞ ÖNCÜ ORTAOKULU;Bursa;Ortaokul;02242323400;http://www.cagdasoncuokullari.com;cagdasoncuokullari.com;19 MAYIS MAHALLESİ SİDE CADDESİ NO : 73 / 1 16320 ÖZLÜCE / BURSA
ÇAKABEY İLKOKULU;İzmir;İlköğretim;0 232 327 31 92;http://www.cakabey.k12.tr;cakabey.k12.tr;SASALI MERKEZ MAH. 8 SK. ÇAKABEY OKULLARI SİTESİ NO: 1 ÇİĞLİ / İZMİR
ÇAKABEY ORTAOKULU;İzmir;Ortaokul;0 535 263 61 03;http://www.cakabey.k12.tr;cakabey.k12.tr;SASALI MERKEZ MAH. 8 SK. ÇAKABEY OKULLARI SİTESİ NO: 1 ÇİĞLİ / İZMİR
ÇAM AĞACI ANAOKULU;Samsun;Okul Öncesi;0 507 719 45 87;www.camagacianaokulu.k12.tr;camagacianaokulu.k12.tr;Körfez Mahallesi Atatürk Bulvarı 5. Kısım No:3/1 Atakum/Samsun
ÇAPA OĞUZKAAN KOLEJİ ANAOKULU;İstanbul;Okul Öncesi;02125344557;https://www.oguzkaankoleji.com;oguzkaankoleji.com;MOLLA GÜRANİ MAH. AŞAĞI GUREBA CAD. 34270 FATİH/İSTANBUL
ÇAPA OĞUZKAAN KOLEJİ İLKOKULU;İstanbul;İlköğretim;02125344557;https://www.oguzkaankoleji.com;oguzkaankoleji.com;MOLLA GÜRANİ MAH. AŞAĞI GUREBA CAD. 34270 FATİH/İSTANBUL
ÇAPA OĞUZKAAN KOLEJİ ORTAOKULU;İstanbul;Ortaokul;02125344557;https://www.oguzkaankoleji.com;oguzkaankoleji.com;MOLLA GÜRANİ CAD. AŞAĞI GUREBA CAD. 34270 FATİH/İSTANBUL
ÇEKMEKÖY FİNAL ANAOKULU;İstanbul;Okul Öncesi;2 163 126 56 5_;cekmekoy.finalokullari.com.t;cekmekoy.finalokullari.com.t;Kirazlıdere Mahallesi Cumhuriyet Caddesi No:2
ÇEKMEKÖY FİNAL İLKÖĞRETİM OKULU;İstanbul;İlköğretim;2 163 126 56 5_;https://cekmekoy.finalokullari.com.tr/;cekmekoy.finalokullari.com.tr;Kirazlıdere Mahallesi Cumhuriyet Caddesi No:2
ÇEKMEKÖY FİNAL LİSESİ;İstanbul;Lise;2 163 126 56 5_;https://cekmekoy.finalokullari.com.tr/;cekmekoy.finalokullari.com.tr;Kirazlıdere Mahallesi Cumhuriyet Caddesi No:2
ÇEKMEKÖY FİNAL ORTAOKULU;İstanbul;Ortaokul;2 163 126 56 5_;https://cekmekoy.finalokullari.com.tr/;cekmekoy.finalokullari.com.tr;Kirazlıdere Mahallesi Cumhuriyet Caddesi No:2
ÇEKMEKÖY OKYANUS KOLEJİ ANADOLU LİSESİ;İstanbul;Lise;02166413005;https://www.okyanuskoleji.k12.tr;okyanuskoleji.k12.tr;ÇAVUŞBAŞI CADDESİ. NURTEPE SOKAK. ÇEKMEKÖY | İSTANBUL
ÇEKMEKÖY OKYANUS KOLEJİ ANAOKULU;İstanbul;Okul Öncesi;02166413005;https://www.okyanuskoleji.k12.tr;okyanuskoleji.k12.tr;ÇAVUŞBAŞI CADDESİ. NURTEPE SOKAK. ÇEKMEKÖY | İSTANBUL
ÇEKMEKÖY OKYANUS KOLEJİ İLKOKULU;İstanbul;İlköğretim;02166413005;https://www.okyanuskoleji.k12.tr;okyanuskoleji.k12.tr;ÇAVUŞBAŞI CADDESİ. NURTEPE SOKAK. ÇEKMEKÖY | İSTANBUL
ÇEKMEKÖY OKYANUS KOLEJİ ORTAOKULU;İstanbul;Ortaokul;02166413005;https://www.okyanuskoleji.k12.tr;okyanuskoleji.k12.tr;ÇAVUŞBAŞI CADDESİ. NURTEPE SOKAK. ÇEKMEKÖY | İSTANBUL
ÇEVRE ANADOLU LİSESİ;İstanbul;Lise;2163605313;http://www.cevrekoleji.k12.tr;cevrekoleji.k12.tr;19 MAYIS MAHALLESİ.ÇEVRE SOK.NO:2 ERENKÖY/İSTANBUL
ÇEVRE BATI ATAŞEHİR ANAOKULU;İstanbul;Okul Öncesi;02162911616;http://www.cevrekoleji.k12.tr;cevrekoleji.k12.tr;BARBAROS MAH. HASGÜL SK. NO: 26 ATAŞEHİR / İSTANBUL
ÇEVRE ERENKÖY ANAOKULU;İstanbul;Okul Öncesi;02164671048;http://www.cevrekoleji.k12.tr;cevrekoleji.k12.tr;19 MAYIS MAHALLESİ.ÇEVRE SOK.NO:2 ERENKÖY/İSTANBUL
ÇEVRE İLKOKULU;İstanbul;İlköğretim;02163605313;http://www.cevrekoleji.k12.tr;cevrekoleji.k12.tr;19 MAYIS MAHALLESİ.ÇEVRE SOK.NO:2 ERENKÖY/İSTANBUL
ÇEVRE ORTAOKULU;İstanbul;Ortaokul;02163605313;http://www.cevrekoleji.k12.tr;cevrekoleji.k12.tr;19 MAYIS MAHALLESİ.ÇEVRE SOK.NO:2 ERENKÖY/İSTANBUL
ÇİĞLİ FİNAL OKULLARI;İzmir;Lise;0 232 398 20 20;;;6782/3 sokak no:1 Aydınlıkevler mahallesi
ÇİĞLİ FİNAL OKULLARI ORTAOKULU;İzmir;Ortaokul;0 232 398 20 20;;;6782/3 SOKAK NO:1 AYDINLIKEVLER MAHALLESİ ÇİĞLİ İZMİR
DADYAN ERMENİ İLKOKULU;İstanbul;İlköğretim;02125716077;http://www.dadyan.k12.tr;dadyan.k12.tr;ZEYTİNLİK MAH. ÖMER NACİ SOK. NO:18 BAKIRKÖY İSTANBUL
DADYAN ERMENİ ORTAOKULU;İstanbul;Ortaokul;02125716077;http://www.dadyan.k12.tr;dadyan.k12.tr;ZEYTİNLİK MAH. ÖMER NACİ SOK. NO:18 BAKIRKÖY İSTANBUL
DAHİ ÇOCUKLAR AKADEMİSİ TALAS ANAOKULU;Kayseri;Okul Öncesi;4 442 338 __ __;www.anadolukoleji.com;anadolukoleji.com;MEVLANA MH. VELİOĞLU CD. DUMRUL APT. ALTINO:31A
DARICA FİNAL OKULLARI ANADOLU LİSESİ;Kocaeli;Lise;2626550076;http://www.finalokullari.com.tr;finalokullari.com.tr;FEVZİ ÇAKMAK MAHALLESİ DOKTOR ZEKİ ACAR CADDESİ İSRA SOKAK NO:12 DARICA/KOCAELİ
DARICA FİNAL OKULLARI ANAOKULU;Kocaeli;Okul Öncesi;2627451223;http://www.finalokullari.com.tr;finalokullari.com.tr;CAMİ MAHALLESİ ALİ ARICAN CADDESİ NO:31/1 DARICA/KOCAELİ
DARICA FİNAL OKULLARI İLKOKULU;Kocaeli;İlköğretim;2627451223;http://www.finalokullari.com.tr;finalokullari.com.tr;CAMİ MAHALLESİ ALİ ARICAN CADDESİ NO:31/1 DARICA/KOCAELİ
DARICA FİNAL OKULLARI ORTAOKULU;Kocaeli;Ortaokul;2627451223;http://www.finalokullari.com.tr;finalokullari.com.tr;CAMİ MAHALLESİ ALİ ARICAN CADDESİ NO:31/1 DARICA/KOCAELİ
DARÜŞŞAFAKA EĞİTİM KURUMLARI LİSESİ;İstanbul;Lise;0 212 939 28 00;www.darussafaka.k12.tr;darussafaka.k12.tr;DARÜŞŞAFAKA MAH. DARÜŞŞAFAKA CAD. NO:5/9 MASLAK 34457 SARIYER / İSTANBUL
DARÜŞŞAFAKA EĞİTİM KURUMLARI ORTAOKULU;İstanbul;Ortaokul;0 212 939 28 00;www.darussafaka.k12.tr;darussafaka.k12.tr;DARÜŞŞAFAKA MAH. DARÜŞŞAFAKA CAD. NO:5/9 MASLAK 34457 SARIYER / İSTANBUL
DENGE  İLKOKULU;İzmir;İlköğretim;02323765444;http://denge.k12.tr;denge.k12.tr;MALTEPE MAH. 8110/5 SK. NO: 6 İÇ KAPI NO: 1 ÇİĞLİ / İZMİR (DİĞER İÇ KAPILAR: 2)
DENGE ANADOLU LİSESİ;İzmir;Lise;02323765444;http://denge.k12.tr;denge.k12.tr;MALTEPE MAH. 8108. SOKAK NO:27A ÇİĞLİ/İZMİR
DENGE ANAOKULU;İzmir;Okul Öncesi;02323765444;http://denge.k12.tr;denge.k12.tr;MALTEPE MAH. 8110/5 SK. NO: 6 İÇ KAPI NO: 1 ÇİĞLİ / İZMİR (DİĞER İÇ KAPILAR: 2)
DENGE ORTAOKULU;İzmir;Ortaokul;02323765444;http://denge.k12.tr;denge.k12.tr;MALTEPE MAH. 8110/5 SK. NO: 6 İÇ KAPI NO: 1 ÇİĞLİ / İZMİR (DİĞER İÇ KAPILAR: 2)
DENİZLİ İSTEK ANADOLU LİSESİ;Denizli;Lise;0 258 257 19 19;https://www.denizliistekokullari.k12.tr/;denizliistekokullari.k12.tr;Selçukbey Mah. 737 Sok. No: 13, 20030, Merkezefendi/DENİZLİ
DENİZLİ İSTEK ANAOKULU;Denizli;Okul Öncesi;0 258 257 19 19;https://www.denizliistekokullari.k12.tr/;denizliistekokullari.k12.tr;Selçukbey Mah. 737 Sok. No: 13, 20030, Merkezefendi/DENİZLİ
DENİZLİ İSTEK FEN LİSESİ OKULU;Denizli;Lise;0 258 257 19 19;https://www.denizliistekokullari.k12.tr/;denizliistekokullari.k12.tr;Selçukbey Mah. 737 Sok. No: 13, 20030, Merkezefendi/DENİZLİ
DENİZLİ İSTEK İLKÖĞRETİM OKULU;Denizli;İlköğretim;0 258 257 19 19;https://www.denizliistekokullari.k12.tr/;denizliistekokullari.k12.tr;Selçukbey Mah. 737 Sok. No: 13, 20030, Merkezefendi/DENİZLİ
DENİZLİ İSTEK ORTAOKULU;Denizli;Ortaokul;0 532 113 09 04;https://www.denizliistekokullari.k12.tr/;denizliistekokullari.k12.tr;Selçukbey Mah. 737 Sok. No: 13, 20030, Merkezefendi/DENİZLİ
DİLEK YETKİN AKADEMİ;İstanbul;Okul Öncesi;0 536 702 49 49;;;MİMAR SİNAN MAH. AKŞAM SEFASI CAD. NO:4 SİLİVRİ/İSTANBUL
DOĞAN KOLEJİ ANADOLU LİSESİ;İstanbul;Lise;02163410417;http://www.dogankoleji.com/;dogankoleji.com;BESTEKAR SELAHATTİN PINAR SK. NO:15 SALACAK
DOĞAN KOLEJİ ANAOKULU;İstanbul;Okul Öncesi;0216341041;http://www.dogankoleji.com/;dogankoleji.com;BESTEKAR SELAHATTİN PINAR SK. NO:15 SALACAK
DOĞAN KOLEJİ İLKOKUL;İstanbul;İlköğretim;02163410417;http://www.dogankoleji.com/;dogankoleji.com;BESTEKAR SELAHATTİN PINAR SK. NO:15 SALACAK
DOĞAN KOLEJİ ORTAOKUL;İstanbul;Ortaokul;02163410417;http://www.dogankoleji.com/;dogankoleji.com;BESTEKAR SELAHATTİN PINAR SK. NO:15 SALACAK
DOĞRU ÇOCUK ANAOKULU;İstanbul;Okul Öncesi;02122327813;www.dogrucocuk.com;dogrucocuk.com;KAZIM ORBAY CADDESİ NO:11 BOMONTİ-ŞİŞLİ İSTANBUL
DOKU KÜLTÜR ANAOKULU;Ankara;Okul Öncesi;05326284216;;;PROF. DR. AHMET TANER KIŞLALI MAH. SAFRANBOLU CAD. NO: 21 ÇANKAYA / ANKARA
DRAGOS ÖZEL KİLİTTAŞI (KEYSTONE) ULUSLARARASI ANAOKULU;İstanbul;Okul Öncesi;02163704921;http://www.kilittasiokullari.k12.tr;kilittasiokullari.k12.tr;ORHANTEPE MAH. KIRGÜLÜ SOK. NO:40 KARTAL/İSTANBUL
DÜŞLER ŞATOSU ANAOKULU;İstanbul;Okul Öncesi;02164563410;http://www.duslersatosu.com/;duslersatosu.com;ATATÜRK MAH.ŞENGÜN SOK NO:18-20 ATAŞEHİR İSTANBUL
EDUKENT ANADOLU LİSESİ;İstanbul;Lise;0 531 518 44 02;https://edukenttuzla.com/;edukenttuzla.com;Cami Mahallesi İstasyon Caddesi No:82 Tuzla/İstanbul
EFDAL ANAOKULU;İstanbul;Okul Öncesi;02163505025;http://www.efdal.com;efdal.com;ORAMİRAL KAYACAN SOKAK NO:22/1 GÖZTEPE / İSTANBUL
EFDAL İLKOKULU;İstanbul;İlköğretim;02163605050;http://www.efdal.com;efdal.com;YEŞİLÇEŞME SOKAK NO:16  KADIKÖY / İSTANBUL
EFDAL ORTAOKULU;İstanbul;Ortaokul;02163605050;http://www.efdal.com;efdal.com;YEŞİLÇEŞME SOKAK NO:16  KADIKÖY / İSTANBUL
EGE ANADOLU LİSESİ;İzmir;Lise;02323752828;https://www.egelisesi.k12.tr;egelisesi.k12.tr;EVKA 3 MAH. 119/1 SK. KÜLTÜR MERKEZİ BLOK NO: 3 BORNOVA / İZMİR
EGE ANAOKULU;İzmir;Okul Öncesi;;;;EVKA 3 MAH. 119/1 SK. KÜLTÜR MERKEZİ BLOK NO: 3 BORNOVA / İZMİR
EGE LİSESİ İLKOKUL;İzmir;İlköğretim;02323752828;https://www.egelisesi.k12.tr;egelisesi.k12.tr;EVKA 3 MAH. 119/1 SK. KÜLTÜR MERKEZİ BLOK NO: 3 BORNOVA / İZMİR
EGE LİSESİ ORTAOKUL;İzmir;Ortaokul;02323752828;https://www.egelisesi.k12.tr;egelisesi.k12.tr;EVKA 3 MAH. 119/1 SK. KÜLTÜR MERKEZİ BLOK NO: 3 BORNOVA / İZMİR
EGEBERK ANAOKULU;Bursa;Okul Öncesi;05323810656;http://www.egeberkanaokulu.com;egeberkanaokulu.com;ÖZLÜCE MAH. HAZAL SOK. NO:3 NİLÜFER/BURSA
EGEBİL KOLEJİ ASLAN YENİ NESİL KAMPÜSÜ FEN LİSESİ OKULLARI;Gaziantep;Lise;0 850 202 07 27;https://www.egebil.com.tr/;egebil.com.tr;15 Temmuz Mahallesi 148046 Nolu Sokak Şehitkamil / GAZİANTEP
EGEBİL KOLEJİ ASLAN YENİ NESİL KAMPÜSÜ İLKÖĞRETİM OKULU;Gaziantep;İlköğretim;0 850 202 07 27;https://www.egebil.com.tr/;egebil.com.tr;15 Temmuz Mahallesi 148046 Nolu Sokak Şehitkamil / GAZİANTEP
EGEBİL KOLEJİ ASLAN YENİ NESİL KAMPÜSÜ LİSESİ;Gaziantep;Lise;0 850 202 07 27;https://www.egebil.com.tr/;egebil.com.tr;15 Temmuz Mahallesi 148046 Nolu Sokak Şehitkamil / GAZİANTEP
EGEBİL KOLEJİ ASLAN YENİ NESİL KAMPÜSÜ ORTAOKULU;Gaziantep;Ortaokul;0 850 202 07 27;https://www.egebil.com.tr/;egebil.com.tr;15 Temmuz Mahallesi 148046 Nolu Sokak Şehitkamil / GAZİANTEP
EĞİTİMDE DÖNÜŞÜM COŞKUSU ANAOKULU;İstanbul;Okul Öncesi;02163554141;https://www.edcokullari.com/ekibimiz/;edcokullari.com;19 MAYIS MAH. SARAY SOK.  NO:20 KADIKÖY- İSTANBUL
EKİM KOLEJİ ANAOKULU;Adana;Okul Öncesi;0 322 239 19 23;https://ekim.k12.tr/;ekim.k12.tr;Huzurevleri mah. 77039 Sok. No:1 Çukurova/ Adana
EKİM KOLEJİ FEN LİSESİ;Adana;Lise;0 322 239 19 23;https://ekim.k12.tr/;ekim.k12.tr;Huzurevleri mah. 77039 Sok. No:1 Çukurova/ Adana
EKİM KOLEJİ İLKOKULU;Adana;İlköğretim;0 322 239 19 23;https://ekim.k12.tr/;ekim.k12.tr;Huzurevleri mah. 77039 Sok. No:1 Çukurova/ Adana
EKİM KOLEJİ ORTAOKULU;Adana;Ortaokul;0 322 239 19 23;https://ekim.k12.tr/;ekim.k12.tr;Huzurevleri mah. 77039 Sok. No:1 Çukurova/ Adana
EKO EĞİTİM KURUMLARI ANAOKULU;İstanbul;Okul Öncesi;02125096262;https://www.ekokidsbahcesehir.com/;ekokidsbahcesehir.com;BAHÇEŞEHİR 2. KISIM MAH. YAMAÇ ÇIKMAZI SOK. YAMAÇ VİLLALARI SİTESİ NO:6
EKOLOJİK KÜLTÜR OKULLARI;Konya;Okul Öncesi;0 537 394 51 08;https://www.ekolojikkulturokullari.com/tr/;ekolojikkulturokullari.com;Buhara Mahallesi Açelya Sokak No:25 Selçuklu KONYA
ELİT GENÇLER ANADOLU LİSESİ;İstanbul;Lise;0 212 212 12 12;https://elitgencler.k12.tr/;elitgencler.k12.tr;Bahçelievler Mahallesi, Talat Paşa Cd No:17, 34180 Bahçelievler/İstanbul
ELİT GENÇLER KOLEJİ İLKOKULU;İstanbul;İlköğretim;02124415901;http://elitgencler.k12.tr;elitgencler.k12.tr;BAHÇELİEVLER MAHALLESİ, TALAT PAŞA CD NO:17, 34180 BAHÇELİEVLER/İSTANBUL
ELİT GENÇLER KOLEJİ ORTAOKULU;İstanbul;Ortaokul;02124415901;http://elitgencler.k12.tr;elitgencler.k12.tr;BAHÇELİEVLER MAHALLESİ, TALAT PAŞA CD NO:17, 34180 BAHÇELİEVLER/İSTANBUL
EMRE İLKOKULU;Ankara;İlköğretim;03124379277;https://emrekoleji.k12.tr/;emrekoleji.k12.tr;ABAY KUNANBAY CAD. BİLİR SOK. NO:41 ÇANKAYA/ANKARA
EMRE KOLEJİ ANAOKULU;Ankara;Okul Öncesi;0 312 437 92 77;https://emrekoleji.k12.tr/;emrekoleji.k12.tr;Abay Kunanbay Caddesi (Bilir Sokak) No:41 Kavaklıdere / ANKARA
EMRE ORTAOKULU;Ankara;Ortaokul;03124379277;https://emrekoleji.k12.tr/;emrekoleji.k12.tr;ABAY KUNANBAY CAD. BİLİR SOK. NO:41 ÇANKAYA/ANKARA
ERA KOLEJİ BAHÇELİEVLER KAMPÜSÜ;İstanbul;Lise;0 212 660 38 64;https://www.erakoleji.k12.tr/bahcelievler-kampusu-istanbul;erakoleji.k12.tr;Bahçelievler Mah. Hacer Hanım Sok. No:11
ERA KOLEJİ BAHÇEŞEHİR KAMPÜSÜ;İstanbul;Lise;0 212 949 05 05;https://www.erakoleji.k12.tr/bahcesehir-kampusu;erakoleji.k12.tr;Bahçeşehir 2. Kısım Mahallesi Sedef Sokak Blok no:31
ERA KOLEJİ BAŞAKŞEHİR KAMPÜSÜ;İstanbul;Lise;0 212 949 11 00;https://www.erakoleji.k12.tr/basaksehir-kampusu;erakoleji.k12.tr;Kayabaşı, Ulubatlı Hasan Cd NO: 9 D:1C
ERA KOLEJİ BEYKENT KAMPÜSÜ;İstanbul;Lise;0 212 855 56 56;https://www.erakoleji.k12.tr/beykent-sube;erakoleji.k12.tr;Adnan Kahveci Mah. Çalışlar Cad. No: 8 Gürpınar
ERA KOLEJİ ÇAMLICA KAMPÜSÜ;İstanbul;Lise;0 216 521 98 88;12345678;0.188.97.78;Kısıklı Mah. Sarıgazi Cad. No:65 Üsküdar
ERA KOLEJİ ÇEKMEKÖY KAMPÜSÜ;İstanbul;Lise;0 216 949 09 89;12345678;0.188.97.78;Merkez Durmuşoğlu cad. No.7 Çekmeköy
ERA KOLEJİ FLORYA KAMPÜSÜ;İstanbul;Lise;0 212 592 88 44;12345678;0.188.97.78;Beşyol 1.Akasya Sk. No:26/2 Florya
ERA KOLEJİ GAZİOSMANPAŞA KAMPÜSÜ;İstanbul;Lise;0 212 563 20 00;12345678;0.188.97.78;Merkez Mah. Eski Edirne Asfaltı No:44 A-B Blok Gaziosmanpaşa
ERA KOLEJİ GEBZE KAMPÜSÜ;Kocaeli;Ortaokul;0 262 949 03 33;12345678;0.188.97.78;Köşklüçeşme Mahallesi, 576/1 Sokak No 2, 41700 Gebze/Kocaeli
ERA KOLEJİ HALİÇ KAMPÜSÜ;İstanbul;Lise;0 212 824 49 69;12345678;0.188.97.78;Topçular Mah. Bahçıvan Sk. No:1, 34055 Eyüpsultan/İstanbul
ERA KOLEJİ KAĞITHANE KAMPÜSÜ;İstanbul;Lise;0 212 294 72 92;12345678;0.188.97.78;Merkez Mah. Sanayi Cad. No:1 A Blok Kağıthane
ERA KOLEJİ KARTAL KAMPÜSÜ;İstanbul;Lise;0 216 374 63 63;12345678;0.188.97.78;Esentepe  Mah. Milangaz Cad. Ş.Koray KarAca Sk. No:15 Kartal
ERA KOLEJİ KOCASİNAN KAMPÜSÜ;İstanbul;Lise;0 212 657 58 56;12345678;0.188.97.78;Kocasinan Merkez Mah. Mahmutbey Cad. No:377 Bahçelievler
ERA KOLEJİ MALTEPE KAMPÜSÜ;İstanbul;Lise;0 216 370 93 93;12345678;0.188.97.78;Zümrütevler Mah. Çilek sk. No:14 Maltepe
ERA KOLEJİ MERSİN KAMPÜSÜ;Mersin;Lise;0 324 502 68 66;12346;0.0.48.58;Hüseyin Okan Merkezci Mah.219 cd. No 71 A Blok Toroslar Mersin
ERA KOLEJİ PENDİK KAMPÜSÜ;İstanbul;Lise;0 216 511 21 21;123;0.0.0.123;Bahçelievler Mah. Ş.Fethi Cad. No:20 Pendik
ERA KOLEJİ PENDİK LİSE KAMPÜSÜ;İstanbul;Lise;0 216 584 61 62;12345678;0.188.97.78;Doğu Mah. Rümeysa Sk. No:4 Pendik
ERA KOLEJİ SANCAKTEPE KAMPÜSÜ;İstanbul;Lise;0 216 949 03 00;12345678;0.188.97.78;Eyüp Sultan, Sekmen Cd No:14, 34885 Sancaktepe/İst
ERA KOLEJİ ŞİŞLİ BOMONTİ KAMPÜSÜ;İstanbul;Lise;0 212 269 02 69;12345678;0.188.97.78;Merkez Mah. Feriköy Fırın sk. No:40/A Bomonti Şişli
ERASLAN ANADOLU LİSESİ;İzmir;Lise;02323259966;https://www.eraslan.k12.tr;eraslan.k12.tr;MAVİŞEHİR MAH. 2040 SK. NO: 142 İÇ KAPI NO: 1 KARŞIYAKA / İZMİR
ERASLAN ANAOKULU;İzmir;Okul Öncesi;02323259966;https://www.eraslan.k12.tr;eraslan.k12.tr;MAVİŞEHİR MAH. 2040 SK. NO: 142 İÇ KAPI NO: 1 KARŞIYAKA / İZMİR
ERASLAN İLKOKULU;İzmir;İlköğretim;02323259966;https://www.eraslan.k12.tr;eraslan.k12.tr;MAVİŞEHİR MAH. 2040 SK. NO: 142 İÇ KAPI NO: 1 KARŞIYAKA / İZMİR
ERASLAN ORTAOKULU;İzmir;Ortaokul;02323259966;https://www.eraslan.k12.tr;eraslan.k12.tr;MAVİŞEHİR MAH. 2040 SK. NO: 142 İÇ KAPI NO: 1 KARŞIYAKA / İZMİR
ERCİYES KOLEJİ ANADOLU LİSESİ;Kayseri;Lise;0 352 437 69 00;https://www.erciyeskoleji.com/;erciyeskoleji.com;HARMAN MAH. ŞHT. KOMANDOLAR CAD. NO:92-92/1-94
ERCİYES KOLEJİ İLKÖĞRETİM;Kayseri;İlköğretim;03524376900;www.erciyeskoleji.com;erciyeskoleji.com;HARMAN MAH. ŞHT. KOMANDOLAR CAD. NO:92-92/1-94
ERCİYES KOLEJİ ORTAOKULU;Kayseri;Ortaokul;03524376900;www.erciyeskoleji.com;erciyeskoleji.com;HARMAN MAH. ŞHT. KOMANDOLAR CAD. NO:92-92/1-94
ERDEM OKULLARI ANADOLU LİSESİ;İstanbul;Lise;02166400540;www.erdemokullari.com.tr;erdemokullari.com.tr;MERKEZ MAH. ÇAVUŞBAŞI CAD. BEYZADE ÇIKMAZI SOK. NO:8/A-B
ERDEM OKULLARI İLKOKULU;İstanbul;İlköğretim;02166400540;www.erdemokullari.com.tr;erdemokullari.com.tr;MERKEZ MAH. ÇAVUŞBAŞI CAD. BEYZADE ÇIKMAZI SOK. NO:8/A-B
ERDEM OKULLARI OKULÖNCESİ;İstanbul;Okul Öncesi;02166400540;www.erdemokullari.com.tr;erdemokullari.com.tr;MERKEZ MAH. ÇAVUŞBAŞI CAD. BEYZADE ÇIKMAZI SOK. NO:8/A-B
ERDEM OKULLARI ORTAOKULU;İstanbul;Ortaokul;02166400540;www.erdemokullari.com.tr;erdemokullari.com.tr;MERKEZ MAH. ÇAVUŞBAŞI CAD. BEYZADE ÇIKMAZI SOK. NO:8/A-B
EREN FEN VE TEKNOLOJİ LİSESİ;Bitlis;Lise;0 552 570 58 50;https://eren.k12.tr/;eren.k12.tr;Hersan, Fatiha Ykş. Sk. No:42, 13000 Bitlis Merkez/Bitlis
ERKAN ULU OKULLARI İLKOKULU;İstanbul;İlköğretim;02123478800;http://www.erkanulu.k12.tr/;erkanulu.k12.tr;LEVAZIM MAH. ÇAYIR SK. NO:15 ORTAKÖY BEŞİKTAŞ 34340 İSTANBUL
ERKAN ULU OKULLARI ORTAOKULU;İstanbul;İlköğretim;02123478800;http://www.erkanulu.k12.tr/;erkanulu.k12.tr;LEVAZIM MAH. ÇAYIR SK. NO:15 ORTAKÖY BEŞİKTAŞ 34340 İSTANBUL
ERSEV ANAOKULU ÜMRANİYE;İstanbul;Okul Öncesi;0 216 540 64 84;;;NATO YOLU CAD. METANET SOK NO:6 YUKARI DUDULLU/ISTANBUL (MODOKO B3 KAPİSİ KARSİSİ)
ERSEV İLKOKULLARI ÜMRANİYE;İstanbul;İlköğretim;0 216 540 64 84;erseokullari.com;erseokullari.com;NATO YOLU CAD. METANET SOK NO:6 YUKARI DUDULLU/ISTANBUL (MODOKO B3 KAPİSİ KARSİSİ)
ERSEV ORTAOKULLARI ÜMRANİYE;İstanbul;Ortaokul;0 216 540 64 84;erseokullari.com;erseokullari.com;NATO YOLU CAD. METANET SOK NO:6  YUKARI DUDULLU/ISTANBUL (MODOKO B3 KAPİSİ KARSİSİ)
ERYETİŞ REİS DENİZCİLİK MESLEK LİSESİ;İstanbul;Lise;02163906414;http://eryetisdenizcilik.k12.tr/;eryetisdenizcilik.k12.tr;BAHÇELİEVLER MAH. BARIŞ ÇIKMAZI NO:9 PENDİK/İST
ESKİŞEHİR ÇAĞDAŞ (ESBAV) ANAOKULU;Eskişehir;Okul Öncesi;0 222 335 34 94;https://www.ozelcagdas.k12.tr/;ozelcagdas.k12.tr;Ertuğrulgazi Mahallesi Görsem Sokak No:1 Tepebaşı / ESKİŞEHİR
ESKİŞEHİR ÇAĞDAŞ (ESBAV) İLKÖĞRETİM OKULU;Eskişehir;İlköğretim;0 222 310 00 80;https://www.ozelcagdas.k12.tr/;ozelcagdas.k12.tr;Ertuğrulgazi Mahallesi Görsem Sokak No:1 Tepebaşı / ESKİŞEHİR
ESKİŞEHİR ÇAĞDAŞ (ESBAV) LİSESİ;Eskişehir;Lise;0 222 310 00 80;https://www.ozelcagdas.k12.tr;ozelcagdas.k12.tr;Ertuğrulgazi Mahallesi Görsem Sokak No:1 Tepebaşı / ESKİŞEHİR
ESKİŞEHİR ÇAĞDAŞ (ESBAV) ORTAOKULU;Eskişehir;Ortaokul;0 222 310 00 80;https://www.ozelcagdas.k12.tr/;ozelcagdas.k12.tr;Ertuğrulgazi Mahallesi Görsem Sokak No:1 Tepebaşı / ESKİŞEHİR
EVRE KOLEJİ;Mersin;Ortaokul;0 850 888 99 33;https://evrekoleji.com/;evrekoleji.com;Akkent Mah. 23119 Sokak A Blok No: 1/A Yenişehir/MERSİN
EVRE KOLEJİ;Mersin;Okul Öncesi;0 850 888 99 33;https://evrekoleji.com/;evrekoleji.com;Akkent Mah. 23119 Sokak A Blok No: 1/A Yenişehir/MERSİN
EVRE KOLEJİ;Mersin;İlköğretim;0 850 888 99 33;https://evrekoleji.com/;evrekoleji.com;Akkent Mah. 23119 Sokak A Blok No: 1/A Yenişehir/MERSİN
EVRENSEL OKULLARI ANADOLU LİSESİ;Ankara;Lise;03122865746;http://www.evrenselkolej.k12.tr;evrenselkolej.k12.tr;ÇUKURAMBAR MAH. ÖĞRETMENLER CADDE NO:18
EVRENSEL OKULLARI FEN LİSESİ;Ankara;Lise;0312286574;http://www.evrenselkolej.k12.tr;evrenselkolej.k12.tr;ÇUKURAMBAR MAH. ÖĞRETMENLER CADDESİ NO:18
EVRENSEL OKULLARI İLKOKULU;Ankara;İlköğretim;0312286574;http://www.evrenselkolej.k12.tr;evrenselkolej.k12.tr;ÇUKURAMBAR MAH. ÖĞRETMENLER CADDESİ NO:18
EVRENSEL OKULLARI ORTAOKULU;Ankara;Ortaokul;03122865748;http://www.evrenselkolej.k12.tr;evrenselkolej.k12.tr;ÇUKURAMBAR MAH. ÖĞRETMENLER CADDESİ NO:18
EVRİM OKULLARI İLKOKULU;İstanbul;İlköğretim;02122313431;http://www.evrim.k12.tr;evrim.k12.tr;CUMHURİYET MAH KAZIM ORBAY CADDESİ NO:15 BOMONTİ ŞİŞLİ / İSTANBUL
EVRİM OKULLARI ORTAOKULU;İstanbul;Ortaokul;02122313431;http://www.evrim.k12.tr;evrim.k12.tr;CUMHURİYET MAH KAZIM ORBAY CADDESİ NO:15 BOMONTİ ŞİŞLİ / İSTANBUL
EYÜBOĞLU EĞİTİM KURUMLARI BATI ATAŞEHİR ANAOKULU;İstanbul;Okul Öncesi;02165221288;http://www.eyuboglu.k12.tr;eyuboglu.k12.tr;BARBAROS MAHALLESİ GELİNCİK SOKAK NO: 1/1A 34746 BATI ATAŞEHİR / İSTANBUL
EYÜBOĞLU EĞİTİM KURUMLARI ÇAMLICA KAMPÜSÜ    İLKOKULU;İstanbul;İlköğretim;0 216 522 12 12;http://www.eyuboglu.k12.tr;eyuboglu.k12.tr;ESENEVLER MH. DR. RÜSTEM EYÜBOĞLU SK. NO:1 34762 ÜMRANİYE / İSTANBUL
EYÜBOĞLU EĞİTİM KURUMLARI ÇAMLICA KAMPÜSÜ ORTAOKULU;İstanbul;Ortaokul;0 216 522 12 12;http://www.eyuboglu.k12.tr;eyuboglu.k12.tr;ESENEVLER MH. DR. RÜSTEM EYÜBOĞLU SK. NO:1 34762 ÜMRANİYE / İSTANBUL
EYÜBOĞLU EĞİTİM KURUMLARI ERENKÖY ANAOKULU;İstanbul;Okul Öncesi;0 216 522 12 93;http://www.eyuboglu.k12.tr;eyuboglu.k12.tr;DR. NEŞET USMAN SK. NO:1 34738 ERENKÖY / İSTANBUL
EYÜBOĞLU KOLEJİ;İstanbul;Lise;02165221212;http://www.eyuboglu.k12.tr;eyuboglu.k12.tr;ESENEVLER MH. DR. RÜSTEM EYÜBOĞLU SK. NO:1 34762 ÜMRANİYE / İSTANBUL
EZGİLİLER EĞİTİM KURUMLARI İLKOKULU;Samsun;İlköğretim;05336876504;http://ezgililer.k12.tr;ezgililer.k12.tr;KUŞCULU MAH. 1728 SOK. NO:6 İLKADIM/SAMSUN
EZGİLİLER EĞİTİM KURUMLARI ORTAOKULU;Samsun;Ortaokul;05336876504;http://ezgililer.k12.tr;ezgililer.k12.tr;KUŞCULU MAH. 1728 SOK. NO:6 İLKADIM/SAMSUN
FATİH OKYANUS KOLEJİ ANADOLU LİSESİ;İstanbul;Lise;02125211999;https://www.okyanuskoleji.k12.tr;okyanuskoleji.k12.tr;KARAGÜMRÜK MAH. KALEBOYU CAD. ÖZEL FATİH OKYANUS KOLEJİ BLOK NO: 39 İÇ KAPI NO: 1
FATİH OKYANUS KOLEJİ ANAOKULU;İstanbul;Okul Öncesi;02125211999;https://www.okyanuskoleji.k12.tr;okyanuskoleji.k12.tr;KARAGÜMRÜK MAH. KALEBOYU CAD. ÖZEL FATİH OKYANUS KOLEJİ BLOK NO: 39 İÇ KAPI NO: 1
FATİH OKYANUS KOLEJİ İLKOKULU;İstanbul;İlköğretim;02125211999;https://www.okyanuskoleji.k12.tr;okyanuskoleji.k12.tr;KARAGÜMRÜK MAH. KALEBOYU CAD. ÖZEL FATİH OKYANUS KOLEJİ BLOK NO: 39 İÇ KAPI NO: 1
FATİH OKYANUS KOLEJİ ORTAOKULU;İstanbul;Ortaokul;02125211999;https://www.okyanuskoleji.k12.tr;okyanuskoleji.k12.tr;KARAGÜMRÜK MAH. KALEBOYU CAD. ÖZEL FATİH OKYANUS KOLEJİ BLOK NO: 39 İÇ KAPI NO: 1
FAZİLET EĞİTİM KURUMLARI  İSTANBUL FEN LİSESİ;İstanbul;Lise;0 216 553 17 64;www.ilimfaziletvakfi.org.tr/;ilimfaziletvakfi.org.tr;KURUÇEŞME SELAMİ ALİ MAH. KATİP ÇELEBİ SOK.   FAZİLET ÇIKMAZI    NO:1
FAZİLET EĞİTİM KURUMLARI  ÜSKÜDAR BAĞLARBAŞI ANADOLU LİSESİ;İstanbul;Lise;0 216 553 17 64;www.ilimfaziletvakfi.org.tr/;ilimfaziletvakfi.org.tr;KURUÇEŞME SELAMİ ALİ MAH. KATİP ÇELEBİ SOK.   FAZİLET ÇIKMAZI    NO:1
FAZİLET EĞİTİM KURUMLARI  ÜSKÜDAR İLKOKULU;İstanbul;İlköğretim;2 165 531 76 4_;www.ilimfaziletvakfi.org.tr/;ilimfaziletvakfi.org.tr;KURUÇEŞME SELAMİ ALİ MAH. KATİP ÇELEBİ SOK.   FAZİLET ÇIKMAZI    NO:1
FAZİLET EĞİTİM KURUMLARI  ÜSKÜDAR ORTAOKULU;İstanbul;Ortaokul;0 551 934 13 93;www.ilimfaziletvakfi.org.tr/;ilimfaziletvakfi.org.tr;KURUÇEŞME SELAMİ ALİ MAH. KATİP ÇELEBİ SOK. FAZİLET ÇIKMAZI NO:1 ÜSKÜDAR / İSTANBUL
FEN BİLİMLERİ OKULLARI;İstanbul;Okul Öncesi;0 533 954 70 75;https://www.fenbilimleri.com/;fenbilimleri.com;Küçükbakkalköy Mh. Atilla İlhan Cd. No. 34 Ataşehir / İstanbul
FEN BİLİMLERİ OKULLARI;İstanbul;İlköğretim;0 533 954 70 75;https://www.fenbilimleri.com/;fenbilimleri.com;Küçükbakkalköy Mh. Atilla İlhan Cd. No. 34 Ataşehir / İstanbul
FEN BİLİMLERİ OKULLARI;İstanbul;Ortaokul;0 533 954 70 75;https://www.fenbilimleri.com/;fenbilimleri.com;Küçükbakkalköy Mh. Atilla İlhan Cd. No. 34 Ataşehir / İstanbul
FEN KOLEJİ İLKOKULU;İstanbul;İlköğretim;02164443466;www.fenkoleji.com;fenkoleji.com;POSTANE MAHALLESİ YALIBOYU CADDESİ HALİS BEY SK. NO:1 PK: 34940
FEN KOLEJİ ORTAOKULU;İstanbul;Ortaokul;02164443466;www.fenkoleji.com;fenkoleji.com;POSTANE MAHALLESİ YALIBOYU CADDESİ HALİS BEY SK. NO:1 PK: 34940
FERİKÖY ERMENİ İLKOKULU;İstanbul;İlköğretim;02122471042;http://www.feio.k12.tr/;feio.k12.tr;ÖZEL FERİKÖY ERMENİ İLK VE ORTA OKULU ÇOBANOĞLU SOK. 4-16 34377 FERİKÖY
FERİKÖY ERMENİ ORTAOKULU;İstanbul;Ortaokul;0 212 247 10 42;http://www.feio.k12.tr/;feio.k12.tr;ÖZEL FERİKÖY ERMENİ İLK VE ORTA OKULU ÇOBANOĞLU SOK. 4-16 34377 FERİKÖY
FETHİYE ATA İLKOKULU;Muğla;İlköğretim;2526126137;http://fethiyeata.k12.tr;fethiyeata.k12.tr;TAŞYAKA MAHALLESİ 236. SOKAK NO : 9
FETHİYE ATA ORTAOKULU;Muğla;Ortaokul;2526126137;http://fethiyeata.k12.tr;fethiyeata.k12.tr;TAŞYAKA MAHALLESİ 236. SOKAK NO : 9
FIRAT  ANADOLU LİSESİ;Şanlıurfa;Lise;05322081522;firatkoleji@hotmail.com;hotmail.com;KARSIYAKA MAH. 600. SOKAK NO:41 PK:63100 HALİLİYE/ŞANLIURFA
FIRAT İLKOKULU;Şanlıurfa;İlköğretim;05322081522;firatkoleji@hotmail.com;hotmail.com;KARSIYAKA MAH. DEDEOSMAN AVNİ CAD. ÖZEL FIRAT KOLEJİ SİTESİ NO: 42- İÇ KAPI NO: 1- HALİLİYE / ŞANLIURFA
FIRAT ORTAOKULU;Şanlıurfa;Ortaokul;0 532 208 15 22;firatkoleji@hotmail.com;hotmail.com;KARSIYAKA MAH. DEDEOSMAN AVNİ CAD. ÖZEL FIRAT KOLEJİ SİTESİ NO: 42- İÇ KAPI NO: 1- HALİLİYE / ŞANLIURFA
FİDOL ANAOKULU;İstanbul;Okul Öncesi;0 543 219 39 42;https://www.fidolokullari.com/;fidolokullari.com;Koşuyolu Mah. Mehmet Akfan Sokak No:65 Kadıköy / İstanbul
FİDOL İLKOKULU;İstanbul;İlköğretim;2165457500;http://www.fidolokullari.com/;fidolokullari.com;KOŞUYOLU MAH. MEHMET AKFAN SK. NO: 79, 34718
FİDOL ORTAOKULU;İstanbul;Ortaokul;0 543 219 39 42;0543 219 39 42;0.0.1.99;Koşuyolu Mah. Mehmet Akfan Sokak No:65 Kadıköy / İstanb
FİNAL GÖRÜKLE İLKOKULU;Bursa;İlköğretim;02244703070;http://www.finalokullari.com.tr/;finalokullari.com.tr;KURTULUŞ MAH. BARIŞ(510) CAD. OFİS/İŞYERİ BLOK NO: 9 İÇ KAPI NO: 1 NİLÜFER / BURSA
FİNAL GÖRÜKLE ORTAOKULU;Bursa;Ortaokul;02244703070;http://www.finalokullari.com.tr/;finalokullari.com.tr;KURTULUŞ MAH. BARIŞ(510) CAD. OFİS/İŞYERİ BLOK NO: 9 İÇ KAPI NO: 1 NİLÜFER / BURSA
FLORYA KOLEJİ  ANAOKULU;İstanbul;Okul Öncesi;02124256380;https://www.floryakoleji.k12.tr;floryakoleji.k12.tr;ŞENLİKKÖY KARAKOL KARŞISI FLORYA/İSTANBUL
FLORYA KOLEJİ ANADOLU LİSESİ;İstanbul;Lise;0 212 425 63 80;https://www.floryakoleji.k12.tr;floryakoleji.k12.tr;ŞENLİKKÖY KARAKOL KARŞISI FLORYA/İSTANBUL
FLORYA KOLEJİ FEN LİSESİ;İstanbul;Lise;0 212 425 63 80;https://www.floryakoleji.k12.tr;floryakoleji.k12.tr;ŞENLİKKÖY KARAKOL KARŞISI FLORYA/İSTANBUL
FLORYA KOLEJİ İLKOKULU;İstanbul;İlköğretim;02124256380;https://www.floryakoleji.k12.tr;floryakoleji.k12.tr;ŞENLİKKÖY KARAKOL KARŞISI FLORYA/İSTANBUL
FLORYA KOLEJİ ORTAOKULU;İstanbul;Ortaokul;02124256380;https://www.floryakoleji.k12.tr;floryakoleji.k12.tr;ŞENLİKKÖY KARAKOL KARŞISI FLORYA/İSTANBUL
FLORYA NEŞE ERBERK ANAOKULU;İstanbul;Okul Öncesi;02125402091;www.neşeerberkeğitimkurumları.com;xn--neeerberkeitimkurumlar-18c85bs1b.com;ŞENLİKKÖY MAHALLESİ ERTÜRK SOKAK NO:5/1
FMV ÖZEL AYAZAĞA IŞIK ANAOKULU;İstanbul;Okul Öncesi;02122861130;http://fmvisikokullari.k12.tr/frame.html;fmvisikokullari.k12.tr;PINAR MAH. BÜYÜKDERE CAD. NO: 194/3 SARIYER / İSTANBUL
FMV ÖZEL AYAZAĞA IŞIK FEN LİSESİ;İstanbul;Lise;0 549 368 00 24;"https://fmv.edu.tr/tr-TR/gelecek-isikla-parlar/10211?gad_source=1&amp;gad_campaignid=22529152552&amp;gbraid=0AAAAAqlGwm2TlWyKIiUWW-d7uEbuuZTBr&amp;gclid=Cj0KCQjwrZTRBhDSARIsAHidYfcubSLTvY6TqAMusDzV_piVn00uRQIVjXo2mNqNSe_HfIUD7rDVonIaAs2hEALw_wcB";fmv.edu.tr;PINAR MAH. BÜYÜKDERE CAD. NO: 194/3  SARIYER / İSTANBUL
FMV ÖZEL AYAZAĞA IŞIK İLKOKULU;İstanbul;İlköğretim;02122861130;http://fmvisikokullari.k12.tr/frame.html;fmvisikokullari.k12.tr;PINAR MAH. BÜYÜKDERE CAD. NO: 194/2  SARIYER / İSTANBUL
FMV ÖZEL AYAZAĞA IŞIK LİSESİ;İstanbul;Lise;0 549 368 00 24;"https://fmv.edu.tr/tr-TR/gelecek-isikla-parlar/10211?gad_source=1&amp;gad_campaignid=22529152552&amp;gbraid=0AAAAAqlGwm2TlWyKIiUWW-d7uEbuuZTBr&amp;gclid=Cj0KCQjwrZTRBhDSARIsAHidYfcubSLTvY6TqAMusDzV_piVn00uRQIVjXo2mNqNSe_HfIUD7rDVonIaAs2hEALw_wcB";fmv.edu.tr;PINAR MAH. BÜYÜKDERE CAD. NO: 194/3  SARIYER / İSTANBUL
FMV ÖZEL AYAZAĞA IŞIK ORTAOKULU;İstanbul;Ortaokul;0212286113;http://fmvisikokullari.k12.tr/frame.html;fmvisikokullari.k12.tr;PINAR MAH. BÜYÜKDERE CAD. NO: 194/2  SARIYER / İSTANBUL
FMV ÖZEL ERENKÖY IŞIK ANAOKULU;İstanbul;Okul Öncesi;02163853147;http://fmvisikokullari.k12.tr/frame.html;fmvisikokullari.k12.tr;19 MAYIS MAH. SİNAN ERCAN CAD. FMV EREN KÖY FEN LISESI GÜVENLIK BLOK NO: 19KADIKÖY / İSTANBUL
FMV ÖZEL ERENKÖY IŞIK FEN LİSESİ;İstanbul;Lise;0 216 385 31 47;"https://fmv.edu.tr/tr-TR/gelecek-isikla-parlar/10211?gad_source=1&amp;gad_campaignid=22529152552&amp;gbraid=0AAAAAqlGwm2TlWyKIiUWW-d7uEbuuZTBr&amp;gclid=Cj0KCQjwrZTRBhDSARIsAHidYfcubSLTvY6TqAMusDzV_piVn00uRQIVjXo2mNqNSe_HfIUD7rDVonIaAs2hEALw_wcB";fmv.edu.tr;19 MAYIS MAH. SİNAN ERCAN CAD. NO: 19/4  KADIKÖY / İSTANBUL
FMV ÖZEL ERENKÖY IŞIK İLKOKULU;İstanbul;İlköğretim;02163853147;http://fmvisikokullari.k12.tr/frame.html;fmvisikokullari.k12.tr;19 MAYIS MAH. SİNAN ERCAN CAD. NO: 19/4  KADIKÖY / İSTANBUL
FMV ÖZEL ERENKÖY IŞIK LİSESİ;İstanbul;Lise;0 216 385 31 47;"https://fmv.edu.tr/tr-TR/gelecek-isikla-parlar/10211?gad_source=1&amp;gad_campaignid=22529152552&amp;gbraid=0AAAAAqlGwm2TlWyKIiUWW-d7uEbuuZTBr&amp;gclid=Cj0KCQjwrZTRBhDSARIsAHidYfcubSLTvY6TqAMusDzV_piVn00uRQIVjXo2mNqNSe_HfIUD7rDVonIaAs2hEALw_wcB";fmv.edu.tr;19 MAYIS MAH. SİNAN ERCAN CAD. FMV EREN KÖY FEN LISESI BLOK NO: 19/4 KADIKÖY / İSTANBUL
FMV ÖZEL ERENKÖY IŞIK ORTAOKULU;İstanbul;Ortaokul;02163853147;http://fmvisikokullari.k12.tr/frame.html;fmvisikokullari.k12.tr;19 MAYIS MAH. SİNAN ERCAN CAD. NO: 19/4  KADIKÖY / İSTANBUL
FMV ÖZEL FLORYA IŞIK LİSESİ;İstanbul;Lise;0 212 233 12 03;"https://fmv.edu.tr/tr-TR/gelecek-isikla-parlar/10211?gad_source=1&amp;gad_campaignid=22529152552&amp;gbraid=0AAAAAqlGwm2TlWyKIiUWW-d7uEbuuZTBr&amp;gclid=Cj0KCQjwrZTRBhDSARIsAHidYfcubSLTvY6TqAMusDzV_piVn00uRQIVjXo2mNqNSe_HfIUD7rDVonIaAs2hEALw_wcB";fmv.edu.tr;Teşvikiye Cad. No:6 Nişantaşı / İSTANBUL
FMV ÖZEL ISPARTAKULE IŞIK ANAOKULU;İstanbul;Okul Öncesi;02126480975;http://fmvisikokullari.k12.tr/frame.html;fmvisikokullari.k12.tr;TAHTAKALE MAH. GAFFAR OKKAN CAD. 7. BLOK NO: 5 İÇ KAPI NO: 1 AVCILAR / İSTANBUL
FMV ÖZEL ISPARTAKULE IŞIK FEN LİSESİ;İstanbul;Lise;0 212 648 09 75;"https://fmv.edu.tr/tr-TR/gelecek-isikla-parlar/10211?gad_source=1&amp;gad_campaignid=22529152552&amp;gbraid=0AAAAAqlGwm2TlWyKIiUWW-d7uEbuuZTBr&amp;gclid=Cj0KCQjwrZTRBhDSARIsAHidYfcubSLTvY6TqAMusDzV_piVn00uRQIVjXo2mNqNSe_HfIUD7rDVonIaAs2hEALw_wcB";fmv.edu.tr;TAHTAKALE MAH. GAFFAR OKKAN CAD. NO: 5 / 7 BLOK NO: 1 AVCILAR / İSTANBUL
FMV ÖZEL ISPARTAKULE IŞIK İLKOKULU;İstanbul;İlköğretim;0212648097;http://fmvisikokullari.k12.tr/frame.html;fmvisikokullari.k12.tr;TAHTAKALE MAH. GAFFAR OKKAN CAD. NO: 5 / 7 BLOK NO: 1 AVCILAR / İSTANBUL
FMV ÖZEL ISPARTAKULE IŞIK LİSESİ;İstanbul;Lise;0 212 648 09 75;"https://fmv.edu.tr/tr-TR/gelecek-isikla-parlar/10211?gad_source=1&amp;gad_campaignid=22529152552&amp;gbraid=0AAAAAqlGwm2TlWyKIiUWW-d7uEbuuZTBr&amp;gclid=Cj0KCQjwrZTRBhDSARIsAHidYfcubSLTvY6TqAMusDzV_piVn00uRQIVjXo2mNqNSe_HfIUD7rDVonIaAs2hEALw_wcB";fmv.edu.tr;TAHTAKALE MAH. GAFFAR OKKAN CAD. NO: 5 / 7 BLOK NO: 1 AVCILAR / İSTANBUL
FMV ÖZEL ISPARTAKULE IŞIK ORTAOKULU;İstanbul;Ortaokul;02126480975;http://fmvisikokullari.k12.tr/frame.html;fmvisikokullari.k12.tr;TAHTAKALE MAH. GAFFAR OKKAN CAD. NO: 5 / 7 BLOK NO: 1 AVCILAR / İSTANBUL
FMV ÖZEL IŞIK İLKOKULU;İstanbul;İlköğretim;02122331203;http://fmvisikokullari.k12.tr/frame.html;fmvisikokullari.k12.tr;TEŞVİKİYE MAH. TEŞVİKİYE CAD. FEYZİYE MEKTEPLERİ IŞIK OKULLARI BLOK NO: 6 ŞİŞLİ / İSTANBUL
FMV ÖZEL IŞIK LİSESİ;İstanbul;Lise;0 212 233 12 03;"https://fmv.edu.tr/tr-TR/gelecek-isikla-parlar/10211?gad_source=1&amp;gad_campaignid=22529152552&amp;gbraid=0AAAAAqlGwm2TlWyKIiUWW-d7uEbuuZTBr&amp;gclid=Cj0KCQjwrZTRBhDSARIsAHidYfcubSLTvY6TqAMusDzV_piVn00uRQIVjXo2mNqNSe_HfIUD7rDVonIaAs2hEALw_wcB";fmv.edu.tr;TEŞVİKİYE MAH. TEŞVİKİYE CAD. FEYZİYE MEKTEPLERİ IŞIK OKULLARI BLOK NO: 6 ŞİŞLİ / İSTANBUL
FMV ÖZEL IŞIK ORTAOKULU;İstanbul;Ortaokul;02122331203;http://fmvisikokullari.k12.tr/frame.html;fmvisikokullari.k12.tr;TEŞVİKİYE MAH. TEŞVİKİYE CAD. FEYZİYE MEKTEPLERİ IŞIK OKULLARI BLOK NO: 6 ŞİŞLİ / İSTANBUL
FMV ÖZEL NİŞANTAŞI IŞIK ANAOKULU;İstanbul;Okul Öncesi;02122331203;http://fmvisikokullari.k12.tr/frame.html;fmvisikokullari.k12.tr;TEŞVİKİYE MAH. TEŞVİKİYE CAD. ÖZEL FMV IŞIK OKULLARI BLOK NO: 6 ŞİŞLİ / İSTANBUL
FONO KOLEJİ İLKOKULU;İstanbul;İlköğretim;02126419900;http://www.fonokoleji.k12.tr/;fonokoleji.k12.tr;ABDURRAHMAN NAFİZ GÜRMAN MAHALLESİ.GÜNDOĞGU SOK..NO:47 MERTER İSTANBUL
FONO KOLEJİ ORTAOKULU;İstanbul;Ortaokul;02126419900;http://www.fonokoleji.k12.tr/;fonokoleji.k12.tr;ABDURRAHMAN NAFİZ GÜRMAN MAHALLESİ.GÜNDOĞGU SOK..NO:47 MERTER İSTANBUL
GALİLEO GALİLEİ İTALYAN LİSESİ;İstanbul;Lise;0 212 212 12 12;https://www.galileilisesi.k12.tr/;galileilisesi.k12.tr;Kuloğlu, Turnacıbaşı Cd. No:20, 34433 Beyoğlu/İstanbul
GAZİANTEP KOLEJ VAKFI ANADOLU LİSESİ;Gaziantep;Lise;03423210100;http://www.gkv.k12.tr/;gkv.k12.tr;GÜVENEVLER MH. HOCA AHMET YESEVİ CADDESİ NO: 2 ŞEHİTKAMİL/G.ANTEP
GAZİANTEP KOLEJ VAKFI FEN LİSESİ;Gaziantep;Lise;03423210100;http://www.gkv.k12.tr/;gkv.k12.tr;GÜVENEVLER MH. HOCA AHMET YESEVİ CADDESİ NO: 2 ŞEHİTKAMİL/G.ANTEP
GAZİANTEP KOLEJ VAKFI İLKOKULU;Gaziantep;İlköğretim;03423210100;http://www.gkv.k12.tr/;gkv.k12.tr;GÜVENEVLER MH. HOCA AHMET YESEVİ CADDESİ NO: 2 ŞEHİTKAMİL/G.ANTEP
GAZİANTEP KOLEJ VAKFI ORTAOKULU;Gaziantep;Ortaokul;03423210100;http://www.gkv.k12.tr/;gkv.k12.tr;GÜVENEVLER MH. HOCA AHMET YESEVİ CADDESİ NO: 2 ŞEHİTKAMİL/G.ANTEP
GAZİANTEP KOLEJİ VAKFI ANAOKULU;Gaziantep;Okul Öncesi;03423210100;http://www.gkv.k12.tr/;gkv.k12.tr;GÜVENEVLER MAH. HOCA AHMET YESEVİ CAD.  ŞEHİTKAMİL / GAZİANTEP
GAZİANTEP KOLEJİ VAKFI CEMİL ALEVLİ OKULU;Gaziantep;Milletlerarası Okul;03423210100;http://www.gkv.k12.tr/;gkv.k12.tr;GÜVENEVLER MAH. HOCA AHMET YESEVİ CAD.  ŞEHİTKAMİL / GAZİANTEP
GEBZE ÖZELSİN  ANAOKULU;Kocaeli;Okul Öncesi;02626460444;http://ozelsinkoleji.com/;ozelsinkoleji.com;TATLIKUYU MAH. AHMET PEMBEGÜLLÜ BUL. NO:79/1
GEBZE ÖZELSİN FEN VE TEKNOLOJİ LİSESİ;Kocaeli;Lise;02626460444;http://ozelsinkoleji.com/;ozelsinkoleji.com;TATLIKUYU MAH. AHMET PEMBEGÜLLÜ BUL. NO:79/1
GEBZE ÖZELSİN İLKOKULU;Kocaeli;İlköğretim;02626460444;http://ozelsinkoleji.com/;ozelsinkoleji.com;TATLIKUYU MAH. AHMET PEMBEGÜLLÜ BUL. NO:79/1 GEBZE-KOCAELİ
GEBZE ÖZELSİN ORTAOKULU;Kocaeli;Ortaokul;02626460444;http://ozelsinkoleji.com/;ozelsinkoleji.com;TATLIKUYU MAH. AHMET PEMBEGÜLLÜ BUL. NO:79/1 GEBZE-KOCAELİ
GELECEK KOLEJİ;Mersin;Okul Öncesi;0 850 307 03 33;https://www.gelecekstore.com/;gelecekstore.com;Merkez Mah., Eskiköy Cd. No:35, 33330 Mezitli/Mersin
GELECEK KOLEJİ;Mersin;İlköğretim;0 850 307 03 33;https://www.gelecekstore.com/;gelecekstore.com;Merkez Mah., Eskiköy Cd. No:35, 33330 Mezitli/Mersin
GELECEK KOLEJİ;Mersin;Ortaokul;0 850 307 03 33;https://www.gelecekstore.com/;gelecekstore.com;Merkez Mah., Eskiköy Cd. No:35, 33330 Mezitli/Mersin
GELECEK KOLEJİ;Mersin;Lise;0 850 307 03 33;https://www.gelecekstore.com/;gelecekstore.com;Merkez Mah., Eskiköy Cd. No:35, 33330 Mezitli/Mersin
GEN OKULLARI  BEYLİKDÜZÜ İLKOKULU;İstanbul;İlköğretim;02165947610;http://www.sevinckoleji.com;sevinckoleji.com;ÇAMLIK MAHALLESİ ZERRİN SOKAK NO:27 ÜMRANİYE/İSTANBUL
GEN OKULLARI BEYLİKDÜZÜ ANAOKULU;İstanbul;Okul Öncesi;02165947610;http://www.sevinckoleji.com;sevinckoleji.com;ÇAMLIK MAHALLESİ ZERRİN SOKAK NO:27 ÜMRANİYE/İSTANBUL
GEN OKULLARI BEYLİKDÜZÜ ORTAOKULU;İstanbul;Ortaokul;02165947610;http://www.sevinckoleji.com;sevinckoleji.com;ÇAMLIK MAHALLESİ ZERRİN SOKAK NO:27 ÜMRANİYE/İSTANBUL
GÜNEŞLİ OKYANUS KOLEJİ ANAOKULU;İstanbul;Okul Öncesi;02125151011;https://www.okyanuskoleji.k12.tr;okyanuskoleji.k12.tr;BAĞLAR MAH. ATATÜRK CAD. NO:34 GÜNEŞLİ - İSTANBUL
GÜNEŞLİ OKYANUS KOLEJİ İLKOKULU;İstanbul;Okul Öncesi;02125151011;https://www.okyanuskoleji.k12.tr;okyanuskoleji.k12.tr;BAĞLAR MAH. ATATÜRK CAD. NO:34 GÜNEŞLİ - İSTANBUL
GÜNEŞLİ OKYANUS KOLEJİ ORTAOKULU;İstanbul;Okul Öncesi;02125151011;https://www.okyanuskoleji.k12.tr;okyanuskoleji.k12.tr;BAĞLAR MAH. ATATÜRK CAD. NO:34 GÜNEŞLİ - İSTANBUL
GÜNEŞLİ VATAN ANADOLU LİSESİ;İstanbul;Lise;02125501878;www.vatanokullari.com;vatanokullari.com;KOÇMAN CAD. NO:2 GÜNEŞLİ
GÜNEY GELİŞİM ANADOLU LİSESİ;Mersin;Lise;03244732534;http://www.guneygelisim.k12.tr;guneygelisim.k12.tr;GÖKÇEBELEN MAH. 29. CAD. NO:4/ABC
GÜNEY GELİŞİM ANAOKULU;Mersin;Okul Öncesi;03244732534;www.guneygelisim.k12.tr;guneygelisim.k12.tr;GÖKÇEBELEN MAH. 29. CAD. NO:4/ABC
GÜNEY GELİŞİM İLKOKULU;Mersin;İlköğretim;03244732534;http://www.guneygelisim.k12.tr;guneygelisim.k12.tr;GÖKÇEBELEN MAH. 29. CAD. NO:4/ABC
GÜNEY GELİŞİM ORTAOKUL;Mersin;Ortaokul;03244732534;http://www.guneygelisim.k12.tr;guneygelisim.k12.tr;GÖKÇEBELEN MAH. 29. CAD. NO:4/ABC
HALKALI OĞUZKAAN KOLEJİ ANAOKULU;İstanbul;Okul Öncesi;02124700419;https://www.oguzkaankoleji.com;oguzkaankoleji.com;ATAKENT 231.SOKAK NO:6 KÜÇÜKÇEKMECE/İSTANBUL
HALKALI OĞUZKAAN KOLEJİ İLKOKULU;İstanbul;İlköğretim;02124700419;https://www.oguzkaankoleji.com;oguzkaankoleji.com;ATAKENT 231.SOKAK NO:6 KÜÇÜKÇEKMECE/İSTANBUL
HALKALI OĞUZKAAN KOLEJİ ORTAOKULU;İstanbul;Ortaokul;02124700419;https://www.oguzkaankoleji.com;oguzkaankoleji.com;ATAKENT 231.SOKAK NO:6 KÜÇÜKÇEKMECE/İSTANBUL
HALKALI OKYANUS KOLEJİ ANADOLU LİSESİ;İstanbul;Lise;02124704010;https://www.okyanuskoleji.k12.tr;okyanuskoleji.k12.tr;HALKALI ATAKENT MAH. SOYAK OLİMPİAKENT SİTESİ, 230. SOK. NO:1, 34333 KÜÇÜKÇEKMECE | İSTANBUL
HALKALI OKYANUS KOLEJİ ANAOKULU;İstanbul;Okul Öncesi;02124704010;https://www.okyanuskoleji.k12.tr;okyanuskoleji.k12.tr;HALKALI ATAKENT MAH. SOYAK OLİMPİAKENT SİTESİ, 230. SOK. NO:1, 34333 KÜÇÜKÇEKMECE | İSTANBUL
HALKALI OKYANUS KOLEJİ İLKOKULU;İstanbul;İlköğretim;02124704010;https://www.okyanuskoleji.k12.tr;okyanuskoleji.k12.tr;HALKALI ATAKENT MAH. SOYAK OLİMPİAKENT SİTESİ, 230. SOK. NO:1, 34333 KÜÇÜKÇEKMECE | İSTANBUL
HALKALI OKYANUS KOLEJİ ORTAOKULU;İstanbul;Ortaokul;02124704010;https://www.okyanuskoleji.k12.tr;okyanuskoleji.k12.tr;HALKALI ATAKENT MAH. SOYAK OLİMPİAKENT SİTESİ, 230. SOK. NO:1, 34333 KÜÇÜKÇEKMECE | İSTANBUL
HİSAR EĞİTİM VAKFI ÖZEL HİSAR ANADOLU LİSESİ;İstanbul;Lise;02123640109;https://www.hisarschool.k12.tr;hisarschool.k12.tr;GÖKTÜRK MERKEZ MAHALLESİ İSTANBUL CADDESİ NO:3  EYÜP/İSTANBUL 34077 TURKEY
HİSAR EĞİTİM VAKFI ÖZEL HİSAR İLKOKULU;İstanbul;İlköğretim;02123640109;https://www.hisarschool.k12.tr;hisarschool.k12.tr;GÖKTÜRK MERKEZ MAHALLESİ İSTANBUL CADDESİ NO:3  EYÜP/İSTANBUL 34077 TURKEY
HİSAR EĞİTİM VAKFI ÖZEL HİSAR ORTAOKULU;İstanbul;Ortaokul;02123640109;https://www.hisarschool.k12.tr;hisarschool.k12.tr;GÖKTÜRK MERKEZ MAHALLESİ İSTANBUL CADDESİ NO:3  EYÜP/İSTANBUL 34077 TURKEY
IRMAK ANADOLU LİSESİ;İstanbul;Lise;02164113923;http://www.irmak.k12.tr/;irmak.k12.tr;CADDEBOSTAN MAH. OPERATÖR CEMİL TOPUZLU CAD. OZEL IRMAK LISESI BLOK NO: 100
IRMAK CADDEBOSTAN ANAOKULU;İstanbul;Okul Öncesi;02164113925;http://www.irmak.k12.tr/;irmak.k12.tr;CADDEBOSTAN MAH. OPERATÖR CEMİL TOPUZLU CAD. IRMAK ANAOKULU SİTESİ NO: 102 KADIKÖY / İSTANBUL
IRMAK İLKOKULU;İstanbul;İlköğretim;02164113923;http://www.irmak.k12.tr/;irmak.k12.tr;CADDEBOSTAN MAH. OPERATÖR CEMİL TOPUZLU CAD. OZEL IRMAK LISESI BLOK NO: 100 KADIKÖY / İSTANBUL
IRMAK ORTAOKULU;İstanbul;Ortaokul;02164113925;http://www.irmak.k12.tr/;irmak.k12.tr;CADDEBOSTAN MAH. OPERATÖR CEMİL TOPUZLU CAD. IRMAK ANAOKULU SİTESİ NO: 102 KADIKÖY / İSTANBUL
ISPARTAKULE KÜÇÜK ADIMLAR ANAOKULU;İstanbul;Okul Öncesi;02126695735;http://www.kucukadimlar.com.tr/iletisim.html;kucukadimlar.com.tr;1.KISIM MAHALLESİ FIRAT CADDESİ 11, ILGAZ VİLLA NO:38, 34488
ISPARTAKULE SUN ANAOKULU;İstanbul;Okul Öncesi;02126081000;http://www.eurosun.com.tr/;eurosun.com.tr;BAŞAKŞEHİR 1. KISIM MAH.ALARA SOK.NO:21  BAHÇEŞEHİR BAŞAKŞEHİR/İSTANBUL
IŞIKKENT ANADOLU  LİSESİ;İzmir;Lise;02324627100;http://www.isikkent.k12.tr;isikkent.k12.tr;IŞIKKENT EĞİTİM KAMPUSÜ 6240/5 SOKAK, NO:3, KARACAOĞLAN MAHALLESİ  35070 YEŞİLOVA -  İZMİR
IŞIKKENT ANAOKULU;İzmir;Okul Öncesi;02324627100;http://www.isikkent.k12.tr;isikkent.k12.tr;243.SOK. NO:35 35070 IŞIKKENT/İZMİR
IŞIKKENT İLKOKULU;İzmir;İlköğretim;02324627100;http://www.isikkent.k12.tr;isikkent.k12.tr;IŞIKKENT EĞİTİM KAMPUSÜ 6240/5 SOKAK, NO:3, KARACAOĞLAN MAHALLESİ  35070 YEŞİLOVA - İZMİR
IŞIKKENT OKULU;İzmir;Lise;0 232 462 71 00;https://www.isikkent.k12.tr/;isikkent.k12.tr;IŞIKKENT EĞİTİM KAMPUSÜ 6240/5 SOKAK, NO:3, KARACAOĞLAN MAHALLESİ  35070 YEŞİLOVA - İZMİR
IŞIKKENT ORTAOKULU;İzmir;Ortaokul;02324627100;http://www.isikkent.k12.tr;isikkent.k12.tr;IŞIKKENT EĞİTİM KAMPUSÜ 6240/5 SOKAK, NO:3, KARACAOĞLAN MAHALLESİ  35070 YEŞİLOVA - İZMİR
İBRAHİM YÜCEL OKULLARI İLKOKULU;Malatya;İlköğretim;04223992001;http://www.ibrahimyucel.k12.tr;ibrahimyucel.k12.tr;KENDİRLİ MAH. KENDİRLİ SOK. NO: 29 (SİVAS YOLU 7.KM)
İBRAHİM YÜCEL OKULLARI ORTAOKULU;Malatya;Ortaokul;04223992001;http://www.ibrahimyucel.k12.tr;ibrahimyucel.k12.tr;KENDİRLİ MAH. KENDİRLİ SOK. NO: 29 (SİVAS YOLU 7.KM)
İÇEL  İLKOKULU;Mersin;İlköğretim;3243279900;https://www.icelkoleji.com/;icelkoleji.com;HÜRRİYET MH. 1731 SK. NO: 15
İÇEL ANAOKULU;Mersin;Okul Öncesi;3243279900;https://www.icelkoleji.com/;icelkoleji.com;50. YIL MAH. 38 CAD. İÇEL ÖZEL ANAOKULU SİTESİ NO: 79 İÇ KAPI NO: 1 YENİŞEHİR / MERSİN
İÇEL KOLEJİ FEN VE TEKNOLOJİ LİSESİ;Mersin;Lise;0 324 327 99 00;https://www.icelkoleji.com/;icelkoleji.com;HÜRRİYET MH. 1731 SK. NO: 15
İÇEL ORTAOKULU;Mersin;Ortaokul;3243279900;https://www.icelkoleji.com/;icelkoleji.com;HÜRRİYET MH. 1731 SK. NO: 15
İELEV  ÇEKMEKÖY 125. YIL İLKOKULU;İstanbul;İlköğretim;2163043092;https://www.ielev.k12.tr/tr/ilkokul/ielev-ozel-125-yil-ilkokulu-cekmekoy/;ielev.k12.tr;ENSAR CAD. NO:4/1 NİŞANTEPE MAH ÇEKMEKÖY İSTANBUL
İELEV  ÇEKMEKÖY 125.YIL ANAOKULU;İstanbul;Okul Öncesi;2163043092;https://www.ielev.k12.tr/tr/okul-oncesi/ielev-ozel-125-yil-anaokulu-cekmekoy/;ielev.k12.tr;ENSAR CAD. NO:4/1 NİŞANTEPE MAH ÇEKMEKÖY İSTANBUL
İELEV ÇEKMEKÖY 125. YIL ORTAOKULU;İstanbul;Ortaokul;2163043092;https://www.ielev.k12.tr/tr/ortaokul/ielev-ozel-125-yil-ortaokulu-cekmekoy/;ielev.k12.tr;ENSAR CAD. NO:4/1 NİŞANTEPE MAH ÇEKMEKÖY İSTANBUL
İELEV ÖZEL ANADOLU LİSESİ;İstanbul;Lise;0 216 304 30 92;https://www.ielev.k12.tr/tr/lise/;ielev.k12.tr;NİŞANTEPE MAH. ENSAR CAD. NO:4 ÇEKMEKÖY-İSTANBUL
İHLAS KOLEJİ  BAHÇELİEVLER KAMPÜSÜ ANAOKULU;İstanbul;Okul Öncesi;0 554 329 26 42;http://www.ihlaskoleji.com;ihlaskoleji.com;ÇOBANÇEŞME MAH. FATİH CAD. NO:1 YENİBOSNA BAHÇELİEVLER  İSTANBUL
İHLAS KOLEJİ  BAHÇELİEVLER KAMPÜSÜ İLKOKULU;İstanbul;İlköğretim;0 554 329 26 42;http://www.ihlaskoleji.com;ihlaskoleji.com;ÇOBANÇEŞME MAH. FATİH CAD. NO:1 YENİBOSNA BAHÇELİEVLER  İSTANBUL
İHLAS KOLEJİ  BAHÇELİEVLER KAMPÜSÜ ORTAOKULU;İstanbul;Ortaokul;0 554 329 26 42;http://www.ihlaskoleji.com;ihlaskoleji.com;ÇOBANÇEŞME MAH. FATİH CAD. NO:1 YENİBOSNA BAHÇELİEVLER  İSTANBUL
İHLAS KOLEJİ BAHÇELİEVLER KAMPÜSÜ ANADOLU LİSESİ;İstanbul;Lise;0 533 566 94 11;http://www.ihlaskoleji.com;ihlaskoleji.com;ÇOBANÇEŞME MAH. FATİH CAD. NO:1 YENİBOSNA BAHÇELİEVLER  İSTANBUL
İHLAS KOLEJİ BAHÇELİEVLER KAMPÜSÜ FEN LİSESİ;İstanbul;Lise;0 533 566 94 11;http://www.ihlaskoleji.com;ihlaskoleji.com;ÇOBANÇEŞME MAH. FATİH CAD. NO:1 YENİBOSNA BAHÇELİEVLER  İSTANBUL
İHSAN DOĞRAMACI VAKFI  ÖZEL BİLKENT ERZURUM LABORATUVAR İLKÖĞRETİM;Erzurum;İlköğretim;04423426174;bels@bilkent.edu.tr;bilkent.edu.tr;ÜNİVERSİTE MAH. PROF.DR.İHSAN DOĞRAMACI BUL. İLKÖĞRETİM OKULU SİTESİ NO: 2 YAKUTİYE / ERZURUM
İHSAN DOĞRAMACI VAKFI  ÖZEL BİLKENT ERZURUM LABORATUVAR LİSESİ;Erzurum;Lise;04423426174;bels@bilkent.edu.tr;bilkent.edu.tr;ÜNİVERSİTE MAH. PROF.DR.İHSAN DOĞRAMACI BULVARI NO:4 PK:25050 YAKUTİYE/ERZURUM
İHSAN DOĞRAMACI VAKFI  ÖZEL BİLKENT ERZURUM LABORATUVAR OKUL ORTAOKUL;Erzurum;Ortaokul;04423426174;bels@bilkent.edu.tr;bilkent.edu.tr;ÜNİVERSİTE MAH. PROF.DR.İHSAN DOĞRAMACI BUL. İLKÖĞRETİM OKULU SİTESİ NO: 2 YAKUTİYE / ERZURUM
İHSAN DOĞRAMACI VAKFI  ÖZEL MALATYA BİLKENT LABORATUVAR İLKOKULU;Malatya;İlköğretim;0 544 129 92 13;https://bims.bilkent.edu.tr/;bims.bilkent.edu.tr;Fırıncı Mah. Esas Küme Sok. No:115
İHSAN DOĞRAMACI VAKFI ÖZEL BİLKENT LİSESİ;Ankara;Lise;0 312 290 89 35;https://obl.bilkent.edu.tr/;obl.bilkent.edu.tr;Üniversiteler Mah. 1600. Cad. No:9 Doğu Kampüs Bilkent-Ankara, TÜRKİYE 06800
İLERİ DÜZEY EĞİTİM (İDE OKULLARI) ANAOKULU;İstanbul;Okul Öncesi;02164446030;http://www.ide.k12.tr;ide.k12.tr;KISIKLI MAHALLESİ ALEMDAĞ CAD. NO:70/72 ÇAMLICA / ÜSKÜDAR
İLERİ DÜZEY EĞİTİM (İDE OKULLARI) İLKOKULU;İstanbul;İlköğretim;02164446030;http://www.ide.k12.tr;ide.k12.tr;KISIKLI MAHALLESİ ALEMDAĞ CAD. NO:70/72 ÇAMLICA / ÜSKÜDAR
İLERİ DÜZEY EĞİTİM (İDE OKULLARI) LİSESİ;İstanbul;Lise;02164446030;http://www.ide.k12.tr;ide.k12.tr;KISIKLI MAHALLESİ ALEMDAĞ CAD. NO:70/72 ÇAMLICA / ÜSKÜDAR
İLERİ DÜZEY EĞİTİM (İDE OKULLARI) ORTAOKULU;İstanbul;Ortaokul;02164446030;http://www.ide.k12.tr;ide.k12.tr;KISIKLI MAHALLESİ ALEMDAĞ CAD. NO:70/72 ÇAMLICA / ÜSKÜDAR
İLK ÇİZGİ ANAOKULU;Bursa;Okul Öncesi;0 224 244 91 91;https://www.ilkcizgi.com.tr/;ilkcizgi.com.tr;Nilüferköy Mahallesi Nilüfer Hatun Caddesi  İlk Çizgi Sokak No: 5 Osmangazi/BURSA
İSTANBUL ERKEK LİSELİLER EĞİTİM VAKFI ANASINIFI;İstanbul;Okul Öncesi;02163046907;https://www.ielev.k12.tr/tr/okul-oncesi/ielev-ozel-125-yil-anaokulu-cekmekoy/;ielev.k12.tr;ENSAR CAD. NO:4/1 NİŞANTEPE MAH ÇEKMEKÖY İSTANBUL
İSTANBUL ERKEK LİSELİLER EĞİTİM VAKFI İLKOKULU;İstanbul;İlköğretim;02125127887;https://www.ielev.k12.tr/tr/ilkokul/ielev-ozel-ilkokulu-cagaloglu/;ielev.k12.tr;HOBYAR MAH. CEMAL NADİR SOK. NO:17 34120 FATİH - İSTANBUL
İSTANBUL ERKEK LİSELİLER EĞİTİM VAKFI ORTAOKUL;İstanbul;Ortaokul;02125127887;https://www.ielev.k12.tr/tr/ortaokul/ielev-ozel-ortaokulu-cagaloglu/;ielev.k12.tr;HOBYAR MAH. CEMAL NADİR SOK. NO:17 34120 FATİH - İSTANBUL
İSTANBUL MEF ULUSLARARASI OKULLARI ANAOKULU;İstanbul;Milletlerarası Okul;02123622633;https://www.mefis.k12.tr/istanbul/;mefis.k12.tr;ULUS MAH. LEYLAK SOK. NO: 22
İSTANBUL MODERN İLİMLER ( İMİ ) ANADOLU LİSESİ;Muğla;Lise;02524447158;http://www.imikoleji.k12.tr/;imikoleji.k12.tr;EMEK MAH. PROF. DR. ŞADAN GÖKOVALI CAD. D BLOK NO:21/4 MİLAS/MUĞLA
İSTANBUL MODERN İLİMLER ( İMİ ) ANAOKULU;Muğla;Okul Öncesi;02524447158;http://www.imikoleji.k12.tr/;imikoleji.k12.tr;EMEK MAH. PROF. DR. ŞADAN GÖKOVALI CAD. D BLOK NO:21/4 MİLAS/MUĞLA
İSTANBUL MODERN İLİMLER ( İMİ ) İLKOKULU;Muğla;İlköğretim;05533174930;http://www.imikoleji.k12.tr/;imikoleji.k12.tr;EMEK MAH. PROF. DR. ŞADAN GÖKOVALI CAD. D BLOK NO:21/4 MİLAS/MUĞLA
İSTANBUL MODERN İLİMLER ( İMİ ) ORTAOKULU;Muğla;Ortaokul;02524447158;http://www.imikoleji.k12.tr/;imikoleji.k12.tr;EMEK MAH. PROF. DR. ŞADAN GÖKOVALI CAD. D BLOK NO:21/4 MİLAS/MUĞLA
İSTEK GAZİANTEP ANAOKULU;Gaziantep;Okul Öncesi;0 850 677 27 00;istekgaziantepokullari.k12.tr;istekgaziantepokullari.k12.tr;OSMANGAZİ MAH. 56077 NOLU CAD NO.8/A1 ŞEHİTKAMİL GAZİANTEP
İSTEK GAZİANTEP FEN LİSESİ OKULU;Gaziantep;Lise;0 850 677 27 00;istekgaziantepokullari.k12.tr;istekgaziantepokullari.k12.tr;OSMANGAZİ MAH. 56077 NOLU CAD NO.8/A1 ŞEHİTKAMİL GAZİANTEP
İSTEK GAZİANTEP İLKÖĞRETİM OKULU;Gaziantep;İlköğretim;0 850 677 27 00;istekgaziantepokullari.k12.tr;istekgaziantepokullari.k12.tr;OSMANGAZİ MAH. 56077 NOLU CAD NO.8/A1 ŞEHİTKAMİL GAZİANTEP
İSTEK GAZİANTEP LİSESİ;Gaziantep;Lise;0 850 677 27 00;istekgaziantepokullari.k12.tr;istekgaziantepokullari.k12.tr;OSMANGAZİ MAH. 56077 NOLU CAD NO.8/A1 ŞEHİTKAMİL GAZİANTEP
İSTEK GAZİANTEP ORTAOKULU;Gaziantep;Ortaokul;0 850 677 27 00;istekgaziantep;istekgaziantep;OSMANGAZİ MAH. 56077 NOLU CAD NO.8/A1 ŞEHİTKAMİL GAZİANTEP
İSTEK ÖZEL ACIBADEM OKULLARI ANADOLU LİSESİ;İstanbul;Lise;02163253075;https://www.istek.k12.tr/acibadem-kampusu;istek.k12.tr;ACIBADEM MAH. BAĞ SOK. NO:6 ACIBADEM KADIKÖY/İSTANBUL
İSTEK ÖZEL ANKARA OKULLARI;Ankara;Lise;0 312 514 10 66;https://ankara.istek.k12.tr/tr;ankara.istek.k12.tr;Yaşamkent, 3222/1. Cd. no:9, 06810 Çankaya/Ankara
İSTEK ÖZEL ANTALYA KONYAALTI ANADOLU LİSESİ;Antalya;Lise;0 242 229 30 79;https://www.istek.k12.tr/istek-antalya-konyaalti-okullari;istek.k12.tr;Uncalı Mah. 1258 Sok. B Blok No: 5 Konyaaltı / Antalya
İSTEK ÖZEL ANTALYA LARA ANADOLU LİSESİ;Antalya;Lise;0 216 326 34 31;https://www.istek.k12.tr/istek-antalya-lara-okullari/lara-anadolu-lisesi;istek.k12.tr;2421 Sok. No:1 Güzeloba Mah. Muratpaşa
İSTEK ÖZEL ATANUR OĞUZ ANADOLU LİSESİ;İstanbul;Lise;02122113460;https://www.istek.k12.tr/atanur-oguz-kampusu;istek.k12.tr;BALMUMCU MAHALLESİ GAZİ UMUR PAŞA SOKAK NO:26 BALMUMCU-BEŞİKTAŞ/İSTANBUL
İSTEK ÖZEL BELDE ANADOLU LİSESİ;İstanbul;Lise;02164959623;https://www.istek.k12.tr/belde-kampusu;istek.k12.tr;KUZGUNCUK MAH. RASİMAĞA SOK. NO:7/4 ÜSKÜDAR
İSTEK ÖZEL BİLGE KAĞAN ANADOLU LİSESİ;İstanbul;Lise;02126632971;https://www.istek.k12.tr/bilge-kagan-kampusu;istek.k12.tr;ŞENLİKKÖY MAH. FLORYA CAD. NO:2 FLORYA BAKIRKÖY İSTANBUL
İSTEK ÖZEL İZMİR ANADOLU LİSESİ;İzmir;Lise;0 232 335 12 98;https://www.istek.k12.tr/iletisim;istek.k12.tr;Mavişehir Mahallesi 2040 Sokak No:13
İSTEK ÖZEL KAŞGARLI MAHMUT ANADOLU LİSESİ;İstanbul;Lise;02125942611;https://www.istek.k12.tr/kasgarli-mahmut-kampusu;istek.k12.tr;50 YIL MAH. ESKİ EDİRNE ASFALTI NO:512 SULTANGAZİ
İSTEK ÖZEL KEMAL ATATÜRK  ANADOLU LİSESİ;İstanbul;Lise;02122627575;https://www.istek.k12.tr/kemal-ataturk-kampusu;istek.k12.tr;TARABYA MAH. TARABYA BAYIRI CAD. NO:60 SARIYER İSTANBUL
İSTEK ÖZEL SEMİHA ŞAKİR ANADOLU LİSESİ;İstanbul;Lise;02163601218;https://www.istek.k12.tr/semiha-sakir-kampusu;istek.k12.tr;CADDEBOSTAN MAH. BAĞDAT CAD. NO:238/1 KADIKÖY
İSTEK ÖZEL SEMİHA ŞAKİR OKULLARI İLKOKULU;İstanbul;İlköğretim;0216 360 12 18;;;CADDEBOSTAN MAH. BAĞDAT CAD.  NO:238/1 KADIKÖY
İSTEK ÖZEL ULUĞBEY  ANADOLU LİSESİ;İstanbul;Lise;0 216 488 13 08;https://www.istek.k12.tr/istek-ulugbey-okullari/ulugbey-anadolu-lisesi;istek.k12.tr;ATALAR MAH.AKGÜN SOK. NO:23 KARTAL İSTANBUL
İSTEK VAKFI  ULUĞBEY OKULLARI İLKOKULU;İstanbul;İlköğretim;02164881308;https://www.istek.k12.tr/ulugbey-kampusu;istek.k12.tr;ATALAR MAH.AKGÜN SOK. NO:23 KARTAL İSTANBUL
İSTEK VAKFI ACIBADEM OKULLARI ANAOKULU;İstanbul;Okul Öncesi;02163253075;https://www.istek.k12.tr/acibadem-kampusu;istek.k12.tr;ACIBADEM MAH. BAĞ SOK. NO:6 ACIBADEM KADIKÖY/İSTANBUL
İSTEK VAKFI ACIBADEM OKULLARI ORTAOKULU;İstanbul;Ortaokul;02163253075;https://www.istek.k12.tr/acibadem-kampusu;istek.k12.tr;ACIBADEM MAH. BAĞ SOK. NO:6 ACIBADEM KADIKÖY/İSTANBUL
İSTEK VAKFI ATANUR OĞUZ OKULLARI ANAOKULU;İstanbul;Okul Öncesi;02122113460;https://www.istek.k12.tr/atanur-oguz-kampusu;istek.k12.tr;BALMUMCU MAHALLESİ GAZİ UMUR PAŞA SOKAK NO:26 BALMUMCU-BEŞİKTAŞ/İSTANBUL
İSTEK VAKFI ATANUR OĞUZ OKULLARI FEN LİSESİ;İstanbul;Lise;02122113460;https://www.istek.k12.tr/atanur-oguz-kampusu;istek.k12.tr;BALMUMCU MAHALLESİ GAZİ UMUR PAŞA SOKAK NO:26 BALMUMCU-BEŞİKTAŞ/İSTANBUL
İSTEK VAKFI ATANUR OĞUZ OKULLARI İLKOKULU;İstanbul;İlköğretim;02122113460;https://www.istek.k12.tr/atanur-oguz-kampusu;istek.k12.tr;BALMUMCU MAHALLESİ GAZİ UMUR PAŞA SOKAK NO:26 BALMUMCU-BEŞİKTAŞ/İSTANBUL
İSTEK VAKFI ATANUR OĞUZ OKULLARI ORTAOKULU;İstanbul;Ortaokul;02122113460;https://www.istek.k12.tr/atanur-oguz-kampusu;istek.k12.tr;BALMUMCU MAHALLESİ GAZİ UMUR PAŞA SOKAK NO:26 BALMUMCU-BEŞİKTAŞ/İSTANBUL
İSTEK VAKFI BELDE OKULLARI ANAOKULU;İstanbul;Okul Öncesi;02164959623;https://www.istek.k12.tr/belde-kampusu;istek.k12.tr;KUZGUNCUK MAH. RASİMAĞA SOK. NO:7/4 ÜSKÜDAR
İSTEK VAKFI BELDE OKULLARI FEN LİSESİ;İstanbul;Lise;02164959623;;;KUZGUNCUK MAH. RASİMAĞA SOK. NO:7/4 ÜSKÜDAR
İSTEK VAKFI BELDE OKULLARI İLKOKULU;İstanbul;İlköğretim;02164959623;https://www.istek.k12.tr/belde-kampusu;istek.k12.tr;KUZGUNCUK MAH. RASİMAĞA SOK. NO:7/4 ÜSKÜDAR
İSTEK VAKFI BELDE OKULLARI ORTAOKULU;İstanbul;Ortaokul;02164959623;https://www.istek.k12.tr/belde-kampusu;istek.k12.tr;KUZGUNCUK MAH. RASİMAĞA SOK. NO:7/4 ÜSKÜDAR
İSTEK VAKFI BİLGE KAĞAN OKULLARI ANAOKULU;İstanbul;Okul Öncesi;02126632971;https://www.istek.k12.tr/bilge-kagan-kampusu;istek.k12.tr;ŞENLİKKÖY MAH. FLORYA CAD. NO:2 FLORYA BAKIRKÖY İSTANBUL
İSTEK VAKFI BİLGE KAĞAN OKULLARI FEN LİSESİ;İstanbul;Lise;02126632971;https://www.istek.k12.tr/bilge-kagan-kampusu;istek.k12.tr;ŞENLİKKÖY MAH. FLORYA CAD. NO:2 FLORYA BAKIRKÖY İSTANBUL
İSTEK VAKFI BİLGE KAĞAN OKULLARI İLKOKULU;İstanbul;İlköğretim;02126632971;https://www.istek.k12.tr/bilge-kagan-kampusu;istek.k12.tr;ŞENLİKKÖY MAH. FLORYA CAD. NO:2 FLORYA BAKIRKÖY İSTANBUL
İSTEK VAKFI BİLGE KAĞAN OKULLARI ORTAOKULU;İstanbul;Ortaokul;02126632971;https://www.istek.k12.tr/bilge-kagan-kampusu;istek.k12.tr;ŞENLİKKÖY MAH. FLORYA CAD. NO:2 FLORYA BAKIRKÖY İSTANBUL
İSTEK VAKFI KAŞGARLI MAHMUT İLKOKULU;İstanbul;İlköğretim;02125942611;https://www.istek.k12.tr/kasgarli-mahmut-kampusu;istek.k12.tr;50 YIL MAH. ESKİ EDİRNE ASFALTI NO:512 SULTANGAZİ
İSTEK VAKFI KEMAL ATATÜRK OKULLARI ORTAOKULU;İstanbul;Ortaokul;02122627575;https://www.istek.k12.tr/kemal-ataturk-kampusu;istek.k12.tr;TARABYA MAH. TARABYA BAYIRI CAD. NO:60 SARIYER İSTANBUL
İSTEK VAKFI SEMİHA ŞAKİR OKULLARI ANAOKULU;İstanbul;Okul Öncesi;02163601218;https://www.istek.k12.tr/semiha-sakir-kampusu;istek.k12.tr;CADDEBOSTAN MAH. BAĞDAT CAD. NO:238/1 KADIKÖY
İSTEK VAKFI SEMİHA ŞAKİR OKULLARI İLKOKULU;İstanbul;İlköğretim;02163601218;https://www.istek.k12.tr/semiha-sakir-kampusu;istek.k12.tr;CADDEBOSTAN MAH. BAĞDAT CAD. NO:238/1 KADIKÖY
İSTEK VAKFI SEMİHA ŞAKİR OKULLARI ORTAOKULU;İstanbul;Ortaokul;02163601218;https://www.istek.k12.tr/semiha-sakir-kampusu;istek.k12.tr;CADDEBOSTAN MAH. BAĞDAT CAD. NO:238/1 KADIKÖY
İSTEK VAKFI ULUĞBEY OKULLARI ANAOKULU;İstanbul;Okul Öncesi;02164881308;https://www.istek.k12.tr/ulugbey-kampusu;istek.k12.tr;ATALAR MAH.AKGÜN SOK. NO:23 KARTAL İSTANBUL
İSTEK VAKFI ULUĞBEY OKULLARI FEN LİSESİ;İstanbul;Lise;02164881308;https://www.istek.k12.tr/ulugbey-kampusu;istek.k12.tr;ATALAR MAH.AKGÜN SOK. NO:23 KARTAL İSTANBUL
İSTEK VAKFI ULUĞBEY OKULLARI ORTAOKULU;İstanbul;Ortaokul;02164881308;https://www.istek.k12.tr/ulugbey-kampusu;istek.k12.tr;ATALAR MAH.AKGÜN SOK. NO:23 KARTAL İSTANBUL
İTA ANAOKULU;İstanbul;Okul Öncesi;0 850 460 65 86;http://www.ita.k12.tr/;ita.k12.tr;CUMHURİYET MAH. ABİDE-İ HÜRRİYET CAD. 7 ŞİŞLİ İSTANBUL
İTA İLKOKULU;İstanbul;İlköğretim;0 850 460 65 85;http://www.ita.k12.tr/;ita.k12.tr;CUMHURİYET MAH. ABİDE-İ HÜRRİYET CAD. 7 ŞİŞLİ İSTANBUL
İTA ORTAOKULU;İstanbul;Ortaokul;0 850 460 65 85;http://www.ita.k12.tr/;ita.k12.tr;CUMHURİYET MAH. ABİDE-İ HÜRRİYET CAD. 7 ŞİŞLİ İSTANBUL
İTALYAN LİSESİ;İstanbul;Lise;02122441301;http://www.liceoitaliano.net/;liceoitaliano.net;TOMTOM KAPTAN SOKAK NO: 3 - 34433 BEYOĞLU - İSTANBUL
İTK BAHATTİN TATIŞ KAMPÜSÜ ANADOLU LİSESİ;İzmir;Lise;02322440500;ciglisube@itk.k12.tr;itk.k12.tr;ÇANKAYA MAH. UŞAKİZADE LATİFE HANIM SK. ÖZEL TÜRK KOLEJİ ANADOLU LİSESİ BLOK NO: 3 İÇ KAPI NO: Z01 KONAK / İZMİR
İTK BAHATTİN TATIŞ KAMPÜSÜ ANAOKULU;İzmir;Okul Öncesi;02322440500;ciglisube@itk.k12.tr;itk.k12.tr;ÇANKAYA MAH. MİTHATPAŞA CAD. NO: 687 İÇ KAPI NO: MÜSTAKİL KONAK / İZMİR
İTK BAHATTİN TATIŞ KAMPÜSÜ FEN LİSESİ;İzmir;Lise;02322440500;ciglisube@itk.k12.tr;itk.k12.tr;ÇANKAYA MAH. BAHATTİN TATIŞ SOKAK NO:16 PK:35280 KONAK/İZMİR
İTK BAHATTİN TATIŞ KAMPÜSÜ İLKOKULU;İzmir;İlköğretim;02322440500;ciglisube@itk.k12.tr;itk.k12.tr;ÇANKAYA MAH. BAHATTİN TATIŞ SK. NO: 19 İÇ KAPI NO: Z1 KONAK / İZMİR
İTK BAHATTİN TATIŞ KAMPÜSÜ ORTAOKULU;İzmir;Ortaokul;02322440500;ciglisube@itk.k12.tr;itk.k12.tr;ÇANKAYA MAH. BAHATTİN TATIŞ SK. NO: 19 İÇ KAPI NO: Z1 KONAK / İZMİR
İTK BORNOVA KAMPÜSÜ ANADOLU LİSESİ;İzmir;Lise;02322162485;ciglisube@itk.k12.tr;itk.k12.tr;ERZENE MAH. ORD. PROF. DR. MUHİDDİN EREL CADDESİ NO: 19 BORNOVA-İZMİR
İTK BORNOVA KAMPÜSÜ ANAOKULU;İzmir;Okul Öncesi;02322162485;ciglisube@itk.k12.tr;itk.k12.tr;ERZENE MAH. ORD. PROF. DR. MUHİDDİN EREL CADDESİ NO: 19 BORNOVA-İZMİR
İTK BORNOVA KAMPÜSÜ FEN LİSESİ;İzmir;Lise;02322162485;ciglisube@itk.k12.tr;itk.k12.tr;ERZENE MAH. ORD. PROF. DR. MUHİDDİN EREL CADDESİ NO: 19 BORNOVA-İZMİR
İTK BORNOVA KAMPÜSÜ İLKOKULU;İzmir;İlköğretim;02322162485;ciglisube@itk.k12.tr;itk.k12.tr;ERZENE MAH. ORD. PROF. DR. MUHİDDİN EREL CADDESİ NO: 19 BORNOVA-İZMİR
İTK BORNOVA KAMPÜSÜ ORTAOKULU;İzmir;Ortaokul;02322162485;ciglisube@itk.k12.tr;itk.k12.tr;ERZENE MAH. ORD. PROF. DR. MUHİDDİN EREL CADDESİ NO: 19 BORNOVA-İZMİR
İTK MARMARİS K.E.V. KAMPÜSÜ ANADOLU LİSESİ;Muğla;Lise;02524191919;ciglisube@itk.k12.tr;itk.k12.tr;GÖKBEL MAH. KENAN EVREN CAD. NO: 102/A BELDİBİ – MARMARİS / MUĞLA
İTK MARMARİS K.E.V. KAMPÜSÜ ANAOKULU;Muğla;Okul Öncesi;02524191919;ciglisube@itk.k12.tr;itk.k12.tr;GÖKBEL MAH. KENAN EVREN CAD. NO: 102/A BELDİBİ – MARMARİS / MUĞLA
İTK MARMARİS K.E.V. KAMPÜSÜ İLKOKULU;Muğla;İlköğretim;02524191919;ciglisube@itk.k12.tr;itk.k12.tr;GÖKBEL MAH. KENAN EVREN CAD. NO: 102/A BELDİBİ – MARMARİS / MUĞLA
İTK MARMARİS K.E.V. KAMPÜSÜ ORTAOKULU;Muğla;Ortaokul;02524191919;ciglisube@itk.k12.tr;itk.k12.tr;GÖKBEL MAH. KENAN EVREN CAD. NO: 102/A BELDİBİ – MARMARİS / MUĞLA
İTÜ GELİŞTİRME VAKFI OKULLAR AYAZAĞA YERLEŞKESİ  ÖZEL DR. SEDAT ÜRÜNDÜL ANAOKULU;İstanbul;Okul Öncesi;02123671300;https://sedaturundul.itugvo.k12.tr/;sedaturundul.itugvo.k12.tr;İTÜ AYAZAĞA YERLEŞKESİ ÖZEL DR. SEDAT ÜRÜNDÜL ANAOKULU MASLAK SARIYER / İSTANBUL
İTÜ GELİŞTİRME VAKFI OKULLAR AYAZAĞA YERLEŞKESİ ÖZEL DR. NATUK BİRKAN İLKOKULU;İstanbul;İlköğretim;02123671300;https://natukbirkan.itugvo.k12.tr/;natukbirkan.itugvo.k12.tr;İTÜ AYAZAĞA YERLEŞKESİ ÖZEL DR. NATUK BİRKAN İLKOKULU VE ORTAOKULU MASLAK SARIYER / İSTANBUL
İTÜ GELİŞTİRME VAKFI OKULLAR AYAZAĞA YERLEŞKESİ ÖZEL DR. NATUK BİRKAN ORTAOKULU;İstanbul;Ortaokul;02123671300;https://natukbirkan.itugvo.k12.tr/;natukbirkan.itugvo.k12.tr;İTÜ AYAZAĞA YERLEŞKESİ ÖZEL DR. NATUK BİRKAN İLKOKULU VE ORTAOKULU MASLAK SARIYER / İSTANBUL
İTÜ GELİŞTİRME VAKFI OKULLAR BEYLERBEYİ YERLEŞKESİ BEYLERBEYİ ÖZEL ANAOKULU;İstanbul;Okul Öncesi;05494797907;https://beylerbeyi.itugvo.k12.tr/;beylerbeyi.itugvo.k12.tr;BEYLERBEYİ MAH. VAKIF TARLA ALTI SOK. NO: 1 BEYLERBEYİ / ÜSKÜDAR
İTÜ GELİŞTİRME VAKFI OKULLAR BEYLERBEYİ YERLEŞKESİ BEYLERBEYİ ÖZEL İLKOKULU;İstanbul;İlköğretim;05494797907;https://beylerbeyi.itugvo.k12.tr/;beylerbeyi.itugvo.k12.tr;BEYLERBEYİ MAH. VAKIF TARLA ALTI SOK. NO: 1 BEYLERBEYİ / ÜSKÜDAR
İTÜ GELİŞTİRME VAKFI OKULLAR BEYLERBEYİ YERLEŞKESİ BEYLERBEYİ ÖZEL ORTAOKULU;İstanbul;Ortaokul;05494797907;https://beylerbeyi.itugvo.k12.tr/;beylerbeyi.itugvo.k12.tr;BEYLERBEYİ MAH. VAKIF TARLA ALTI SOK. NO: 1 BEYLERBEYİ / ÜSKÜDAR
İTÜ GVO BEYLERBEYİ ANADOLU LİSESİ;İstanbul;Lise;0 216 401 17 73;https://www.itugvo.k12.tr/;itugvo.k12.tr;Beylerbeyi, Vakıf Tarla Altı Sk., 34676 Üsküdar/İstanbul
İTÜ GVO ÖZEL EKREM ELGİNKAN LİSESİ;İstanbul;Lise;02123671300;https://ekremelginkan.itugvo.k12.tr/;ekremelginkan.itugvo.k12.tr;İTÜ AYAZAĞA YERLEŞKESİ ÖZEL EKREM ELGİNKAN LİSESİ MASLAK SARIYER / İSTANBUL
İZMİR AMERİKAN KOLEJİ;İzmir;Lise;02323550555;https://www.aci.k12.tr;aci.k12.tr;İNONU CADDESİ NO. 476 35290 GÖZTEPE
İZMİR BÜYÜK ÇİĞLİ TÜRK KOLEJİ ANADOLU LİSESİ;İzmir;Lise;02322440500;ciglisube@itk.k12.tr;itk.k12.tr;ATAŞEHİR MAH. 8019/21 SOKAK NO:22 PK:35500 ÇİĞLİ/İZMİR
İZMİR BÜYÜK ÇİĞLİ TÜRK KOLEJİ FEN LİSESİ;İzmir;Lise;02322440500;ciglisube@itk.k12.tr;itk.k12.tr;ATAŞEHİR MAH. 8019/21 SOKAK NO:22 PK:35500 ÇİĞLİ/İZMİR
İZMİR BÜYÜK ÇİĞLİ TÜRK KOLEJİ İLKOKULU;İzmir;İlköğretim;02322440500;ciglisube@itk.k12.tr;itk.k12.tr;ATAŞEHİR MAH. 8019/21 SOKAK NO:22 PK:35500 ÇİĞLİ/İZMİR
İZMİR BÜYÜK ÇİĞLİ TÜRK KOLEJİ ORTAOKULU;İzmir;Ortaokul;02322440500;ciglisube@itk.k12.tr;itk.k12.tr;ATAŞEHİR MAH. 8019/21 SOKAK NO:22 PK:35500 ÇİĞLİ/İZMİR
İZMİR MEF ULUSLARARASI OKULLARI ANAOKULU;İzmir;Milletlerarası Okul;02322747474;https://www.mefis.k12.tr/izmir/;mefis.k12.tr;DOKUZ EYLÜL MAH. 699 SK. NO: 2 GAZİEMİR / İZMİR
İZMİR ÖZEL ÇAMLARALTI  İLKOKULU;İzmir;İlköğretim;02322624848;http://camlaralti.k12.tr;camlaralti.k12.tr;HALİL RIFAT PAŞA CADDESİ NO:417 MEKTUPÇU, 35280 - İZMİR
İZMİR ÖZEL ÇAMLARALTI  ORTAOKULU;İzmir;Ortaokul;02322624848;http://camlaralti.k12.tr;camlaralti.k12.tr;HALİL RIFAT PAŞA CADDESİ NO:417 MEKTUPÇU, 35280 - İZMİR
İZMİR ÖZEL ÇAMLARALTI ANADOLU LİSESİ;İzmir;Lise;02322624848;http://camlaralti.k12.tr;camlaralti.k12.tr;HALİL RIFAT PAŞA CADDESİ NO:417 MEKTUPÇU, 35280
İZMİR ÖZEL ÇAMLARALTI FEN LİSESİ;İzmir;Lise;02322624848;http://camlaralti.k12.tr;camlaralti.k12.tr;HALİL RIFAT PAŞA CADDESİ NO:417 MEKTUPÇU, 35280
İZMİR SAINT JOSEPH FRANSIZ LİSESİ;İzmir;Lise;0 232 570 46 70;https://www.izmirsj.k12.tr/index.php/tr/;izmirsj.k12.tr;Evka 3, Ankara Cd. 303/4, 35050 Bornova/İzmir
İZMİR SEV İLKOKULU;İzmir;İlköğretim;02323550555;https://www.uaa.k12.tr/;uaa.k12.tr;GÖZTEPE MAH. 77 SK. NO: 45 KONAK / İZMİR
İZMİR SEV ORTAOKULU;İzmir;Ortaokul;02323550555;https://www.uaa.k12.tr/;uaa.k12.tr;GÖZTEPE MAH. 77 SK. NO: 45 KONAK / İZMİR
İZMİT YERLEŞKESİ  ÖZEL SEYMEN ANADOLU LİSESİ;Kocaeli;Lise;02623117620;http://izmit.seymenkolej.com;izmit.seymenkolej.com;YAHYA KAPTAN MAH.ŞEHİT ERGÜN KÖNCÜ SOK. NO:81 İZMİT/KOCAELİ
İZMİT YERLEŞKESİ ÖZEL SEYMEN ANAOKULU;Kocaeli;Okul Öncesi;02623117620;http://izmit.seymenkolej.com;izmit.seymenkolej.com;YAHYA KAPTAN MAH.ŞEHİT ERGÜN KÖNCÜ SOK. NO:81 İZMİT/KOCAELİ
İZMİT YERLEŞKESİ ÖZEL SEYMEN FEN LİSESİ;Kocaeli;Lise;02623117620;http://izmit.seymenkolej.com;izmit.seymenkolej.com;YAHYAKAPTAN MAH. ŞEHİT ERGÜN KÖNCÜ SK. NO: 81 İZMİT / KOCAELİ
İZMİT YERLEŞKESİ ÖZEL SEYMEN İLKOKULU;Kocaeli;İlköğretim;02623117620;http://izmit.seymenkolej.com;izmit.seymenkolej.com;YAHYA KAPTAN MAH.ŞEHİT ERGÜN KÖNCÜ SOK. NO:81 İZMİT/KOCAELİ
İZMİT YERLEŞKESİ ÖZEL SEYMEN ORTAOKULU;Kocaeli;Ortaokul;02623117620;http://izmit.seymenkolej.com;izmit.seymenkolej.com;YAHYA KAPTAN MAH.ŞEHİT ERGÜN KÖNCÜ SOK. NO:81 İZMİT/KOCAELİ
KADIKÖY ANADOLU LİSESİ EĞİTİM VAKFI (KALEV) İLKOKULU;İstanbul;İlköğretim;0 216 455 27 65;http://kalev.k12.tr/;kalev.k12.tr;MERKEZ MAH. ÇAVUŞBAŞI CAD. NO 104 /1 ÇEKMEKÖY / İSTANBUL
KADIKÖY ANADOLU LİSESİ EĞİTİM VAKFI (KALEV) ORTAOKULU;İstanbul;Ortaokul;0 216 455 27 65;http://kalev.k12.tr/;kalev.k12.tr;MERKEZ MAH. ÇAVUŞBAŞI CAD. NO 104 /1 ÇEKMEKÖY / İSTANBUL
KALFAYAN İLKÖĞRETİM OKULU;İstanbul;İlköğretim;02164929781;http://www.kalfayan.k12.tr/;kalfayan.k12.tr;MURAT REİS MAH., YENİ DERSANE SOK. NO:16, 34664 ÜSKÜDAR/İSTANBUL
KALFAYAN ORTAOKULU;İstanbul;Ortaokul;02164929781;http://www.kalfayan.k12.tr/;kalfayan.k12.tr;MURAT REİS MAH., YENİ DERSANE SOK. NO:16, 34664 ÜSKÜDAR/İSTANBUL
KANGURU ANADOLU LİSESİ;Malatya;Lise;04224442014;https://www.cinarkoleji.com.tr/;cinarkoleji.com.tr;BOSTANBAŞI MAH. TURGUT ÖZAL BUL. BLOK NO:98 İÇ KAPI :1, 44000 YEŞİLYURT/MALATYA
KANGURU FEN LİSESİ;Malatya;Lise;04224442014;https://www.cinarkoleji.com.tr/;cinarkoleji.com.tr;BOSTANBAŞI MAH. TURGUT ÖZAL BUL. BLOK NO:98 İÇ KAPI :1, 44000 YEŞİLYURT/MALATYA
KANGURU İLKOKULU;Malatya;İlköğretim;04224442014;https://www.cinarkoleji.com.tr/;cinarkoleji.com.tr;BOSTANBAŞI MAH. TURGUT ÖZAL BUL. BLOK NO:98 İÇ KAPI :1, 44000 YEŞİLYURT/MALATYA
KANGURU ORTAOKULU;Malatya;Ortaokul;04224442014;https://www.cinarkoleji.com.tr/;cinarkoleji.com.tr;BOSTANBAŞI MAH. TURGUT ÖZAL BUL. BLOK NO:98 İÇ KAPI :1, 44000 YEŞİLYURT/MALATYA
KANYON  ANAOKULU;Uşak;Okul Öncesi;02762543150;http://www.kanyonkoleji.k12.tr/;kanyonkoleji.k12.tr;KARAKUYU MAHALLESİ HÜRRİYET CADDESİ NO: 72
KANYON  FEN LİSESİ;Uşak;Lise;02762241573;http://www.kanyonkoleji.k12.tr/;kanyonkoleji.k12.tr;KEMALÖZ MAH. 1.PIRLANTA SK. ÖZEL KANYON ANADOLU L. SİTESİ NO: 70
KANYON İLKOKULU;Uşak;İlköğretim;02762543150;http://www.kanyonkoleji.k12.tr/;kanyonkoleji.k12.tr;KARAKUYU MAHALLESİ HÜRRİYET CADDESİ NO: 72
KANYON LİSESİ;Uşak;Lise;02762241573;http://www.kanyonkoleji.k12.tr/;kanyonkoleji.k12.tr;KEMALÖZ MAHALLESİ PIRLANTA SOKAK NO: 72
KANYON ORTAOKULU;Uşak;Ortaokul;02762543150;http://www.kanyonkoleji.k12.tr/;kanyonkoleji.k12.tr;KARAKUYU MAHALLESİ HÜRRİYET CADDESİ NO: 72
KARAGÖZYAN ERMENİ ANAOKULU;İstanbul;Okul Öncesi;02122480074;http://www.karagozyan.k12.tr;karagozyan.k12.tr;MERKEZ MAH. ABİDE-İ HÜRRİYET CAD. KARAGÖZYAN OKUL BLOK NO: 140
KARAGÖZYAN ERMENİ İLKOKULU;İstanbul;İlköğretim;02122480074;http://www.karagozyan.k12.tr;karagozyan.k12.tr;MERKEZ MAH. ABİDE-İ HÜRRİYET CAD. KARAGÖZYAN OKUL BLOK NO: 140
KARAGÖZYAN ERMENİ ORTAOKULU;İstanbul;Ortaokul;02122480074;http://www.karagozyan.k12.tr;karagozyan.k12.tr;MERKEZ MAH. ABİDE-İ HÜRRİYET CAD. KARAGÖZYAN OKUL BLOK NO: 140
KARŞIYAKA ÖZEL TAKEV İLKOKUL;İzmir;İlköğretim;2323304333;https://www.takevokullari.com/takev-okullari/tr/;takevokullari.com;1798 SOKAK NO:12/1 35590 BOSTANLI
KARŞIYAKA ÖZEL TAKEV ORTAOKUL;İzmir;Ortaokul;2323304333;https://www.takevokullari.com/takev-okullari/tr/;takevokullari.com;1798 SOKAK NO:12/1 35590 BOSTANLI
KEMERBURGAZ ANAOKULU;İstanbul;Okul Öncesi;02165221278;http://www.eyuboglu.k12.tr;eyuboglu.k12.tr;MİTHATPAŞA MH. PİRİNÇÇİKÖY YOLU ÜZERİ 34075 KEMERBURGAZ / İSTANBUL
KEMERBURGAZ KAMPÜSÜ  ORTAOKULU;İstanbul;Ortaokul;02165221272;http://www.eyuboglu.k12.tr;eyuboglu.k12.tr;MİTHATPAŞA MH. PİRİNÇÇİKÖY YOLU ÜZERİ 34075 KEMERBURGAZ / İSTANBUL
KEMERBURGAZ KAMPÜSÜ İLKOKULU;İstanbul;İlköğretim;02165221272;http://www.eyuboglu.k12.tr;eyuboglu.k12.tr;MİTHATPAŞA MH. PİRİNÇÇİKÖY YOLU ÜZERİ 34075 KEMERBURGAZ / İSTANBUL
KEMERBURGAZ OKYANUS KOLEJİ ANADOLU LİSESİ;İstanbul;Lise;02123600501;https://www.okyanuskoleji.k12.tr;okyanuskoleji.k12.tr;MİTHATPAŞA MAHALLESİ, OKYANUS SOKAK (KEMER COUNTRY YANI), KEMERBURGAZ | EYÜP | İSTANBUL
KEMERBURGAZ OKYANUS KOLEJİ ANAOKULU;İstanbul;Okul Öncesi;02123600501;https://www.okyanuskoleji.k12.tr;okyanuskoleji.k12.tr;MİTHATPAŞA MAHALLESİ, OKYANUS SOKAK (KEMER COUNTRY YANI), KEMERBURGAZ | EYÜP | İSTANBUL
KEMERBURGAZ OKYANUS KOLEJİ İLKOKULU;İstanbul;İlköğretim;02123600501;https://www.okyanuskoleji.k12.tr;okyanuskoleji.k12.tr;MİTHATPAŞA MAHALLESİ, OKYANUS SOKAK (KEMER COUNTRY YANI), KEMERBURGAZ | EYÜP | İSTANBUL
KEMERBURGAZ OKYANUS KOLEJİ ORTAOKULU;İstanbul;Ortaokul;02123600500;https://www.okyanuskoleji.k12.tr;okyanuskoleji.k12.tr;MİTHATPAŞA MAHALLESİ, OKYANUS SOKAK (KEMER COUNTRY YANI), KEMERBURGAZ | EYÜP | İSTANBUL
KIRAÇ EĞİTİM KURUMLARI ANADOLU LİSESİ;İstanbul;Lise;02164885565;https://www.kirac.k12.tr;kirac.k12.tr;ÜSKÜDAR CADDESİ NO: 78 KARTAL / İSTANBUL
KIRAÇ EĞİTİM KURUMLARI ANAOKULU;İstanbul;Okul Öncesi;02164882211;https://www.kirac.k12.tr;kirac.k12.tr;ÜSKÜDAR CADDESİ NO: 78 KARTAL / İSTANBUL
KIRAÇ EĞİTİM KURUMLARI İLKOKULU;İstanbul;İlköğretim;02164882211;https://www.kirac.k12.tr;kirac.k12.tr;ÜSKÜDAR CADDESİ NO: 78 KARTAL / İSTANBUL
KIRAÇ EĞİTİM KURUMLARI ORTAOKULU;İstanbul;Ortaokul;02164882211;https://www.kirac.k12.tr;kirac.k12.tr;ÜSKÜDAR CADDESİ NO: 78 KARTAL / İSTANBUL
KIRŞEHİR KOLEJİ OKULLARI;Kırşehir;Okul Öncesi;0 386 213 19 91;https://www.kirsehirkoleji.com/;kirsehirkoleji.com;ORTAKÖY YOLU ÜZERİ 5. KM.
KIRŞEHİR KOLEJİ OKULLARI;Kırşehir;İlköğretim;0 386 213 19 91;https://www.kirsehirkoleji.com/;kirsehirkoleji.com;ORTAKÖY YOLU ÜZERİ 5. KM.
KIRŞEHİR KOLEJİ OKULLARI;Kırşehir;Ortaokul;0 386 213 19 91;https://www.kirsehirkoleji.com/;kirsehirkoleji.com;ORTAKÖY YOLU ÜZERİ 5. KM.
KİLİTTAŞI (KEYSTONE) ULUSLARARASI İLKOKULU;İstanbul;İlköğretim;02163704951;http://www.kilittasiokullari.k12.tr;kilittasiokullari.k12.tr;KÜÇÜK ÇAMLICA MAH. GÜLHAN SOKAK NO:1/1 ÜSKÜDAR/ İSTANBUL
KİLİTTAŞI (KEYSTONE) ULUSLARARASI LİSESİ;İstanbul;Lise;02163704951;http://www.kilittasiokullari.k12.tr;kilittasiokullari.k12.tr;KÜÇÜK ÇAMLICA MAH. GÜLHAN SOKAK NO:1/1 ÜSKÜDAR/ İSTANBUL
KİLİTTAŞI (KEYSTONE) ULUSLARARASI ORTAOKULU;İstanbul;Ortaokul;02163704951;http://www.kilittasiokullari.k12.tr;kilittasiokullari.k12.tr;KÜÇÜK ÇAMLICA MAH. GÜLHAN SOKAK NO:1/1 ÜSKÜDAR/ İSTANBUL
KOCAELİ MARMARA KOLEJİ;Kocaeli;Lise;02623731313;http://www.mek.k12.tr/okullarimiz/kampus-kocaeli-anasayfa/Kocaeli-Kartepe-EgItIm-Kampusu/3211/0/0;mek.k12.tr;DUMLUPINAR MAH. ŞEHİT TURGUT ÇİÇEK CD. NO:47
KOCAELİ MARMARA KOLEJİ ANAOKULU;Kocaeli;Okul Öncesi;02623731313;http://www.mek.k12.tr/okullarimiz/kampus-kocaeli-anasayfa/Kocaeli-Kartepe-EgItIm-Kampusu/3211/0/0;mek.k12.tr;DUMLUPINAR MAH. ŞEHİT TURGUT ÇİÇEK CD. NO:47
KOCAELİ MARMARA KOLEJİ İLKOKULU;Kocaeli;İlköğretim;02623731313;http://www.mek.k12.tr/okullarimiz/kampus-kocaeli-anasayfa/Kocaeli-Kartepe-EgItIm-Kampusu/3211/0/0;mek.k12.tr;DUMLUPINAR MAH. ŞEHİT TURGUT ÇİÇEK CD. NO:47
KOCAELİ MARMARA KOLEJİ ORTAOKULU;Kocaeli;Ortaokul;02623731313;http://www.mek.k12.tr/okullarimiz/kampus-kocaeli-anasayfa/Kocaeli-Kartepe-EgItIm-Kampusu/3211/0/0;mek.k12.tr;DUMLUPINAR MAH. ŞEHİT TURGUT ÇİÇEK CD. NO:4
KOŞUYOLU ANAOKULU;İstanbul;Okul Öncesi;02165221295;http://www.eyuboglu.k12.tr;eyuboglu.k12.tr;ACIBADEM MH. EMİN BEY SK. NO:17 KERİMZADE KÖŞKÜ 34718 ACIBADEM / İSTANBUL
KUTLUBEY AMASYA ANADOLU LİSESİ;Amasya;Lise;03582338349;http://kutlubeyokullari.com;kutlubeyokullari.com;GÖLLÜ BAĞLARI MAH. RECEP TAYYİP ERDOĞAN BUL. BAŞKENT KUTLUBEY KOLEJİ SİTESİ NO: 187C MERKEZ / AMASYA
KUTLUBEY AMASYA FEN LİSESİ;Amasya;Lise;03582338349;http://kutlubeyokullari.com;kutlubeyokullari.com;GÖLLÜ BAĞLARI MAH. RECEP TAYYİP ERDOĞAN BUL. BAŞKENT KUTLUBEY KOLEJİ SİTESİ NO: 187B MERKEZ / AMASYA
KUTLUBEY AMASYA İLKOKULU;Amasya;İlköğretim;03582189966;http://kutlubeyokullari.com;kutlubeyokullari.com;GÖLLÜ BAĞLARI MAH. GÖLLÜ CAD. BAŞKENT KUTLUBEY SİTESİ NO: 281 MERKEZ / AMASYA
KUTLUBEY AMASYA ORTAOKULU;Amasya;Ortaokul;03582189966;http://kutlubeyokullari.com;kutlubeyokullari.com;GÖLLÜ BAĞLARI MAH. GÖLLÜ CAD. BAŞKENT KUTLUBEY SİTESİ NO: 281 MERKEZ / AMASYA
KUTLUBEY MERZİFON  İLKOKULU;Amasya;İlköğretim;03585132322;http://kutlubeyokullari.com;kutlubeyokullari.com;GAZİMAHBUP MAH. SAMSUN YOLU MEVKİ 3 KÜME EVLERİ NO: 17 İÇ KAPI NO: 1
KUTLUBEY MERZİFON ORTAOKULU;Amasya;Ortaokul;03585132322;http://kutlubeyokullari.com;kutlubeyokullari.com;GAZİMAHBUP MAH. SAMSUN YOLU MEVKİ 3 KÜME EVLERİ NO: 17 İÇ KAPI NO: 1
KUZEY ANAOKULU;İstanbul;Okul Öncesi;02126639804;;;YEŞİLKÖY MAH. İSTANBUL CAD.SAADETLİ SOK. NO:51-51-A
KÜÇÜK PRENS LİSESİ (SAJEV);İstanbul;Lise;02166226522;http://kp.k12.tr;kp.k12.tr;ABDURAHMAN GAZİ MAHALLESİ RAVZA CADDESİ NO: 2
KÜÇÜK PRENS OKULLARI ANAOKULU (SAJEV);İstanbul;Okul Öncesi;02166226510;http://kp.k12.tr;kp.k12.tr;ABDURAHMAN GAZİ MAHALLESİ RAVZA CADDESİ NO:10
KÜÇÜK PRENS OKULLARI İLKOKULU (SAJEV);İstanbul;İlköğretim;02166226510;http://kp.k12.tr;kp.k12.tr;ABDURAHMAN GAZİ MAHALLESİ RAVZA CADDESİ NO:10
KÜÇÜK PRENS OKULLARI ORTAOKULU (SAJEV);İstanbul;İlköğretim;02166226510;http://kp.k12.tr;kp.k12.tr;ABDURAHMAN GAZİ MAHALLESİ RAVZA CADDESİ NO:10
KÜÇÜK YILDIZLAR ANAOKULU;İzmir;Okul Öncesi;0 232 833 33 30;www.kucukyildizlar.com.tr;kucukyildizlar.com.tr;9 Eylül Mahallesi 8. Cadde No:2BA Menemen/İzmir
KÜLTÜR 2000 ANAOKULU;İstanbul;Okul Öncesi;02128508181;http://www.kultur2000.k12.tr;kultur2000.k12.tr;KARAAĞAÇ MAHALLESİ SIRTKÖY BULVARI NO:2   BÜYÜKÇEKMECE / İSTANBUL
KÜLTÜR 2000 İLKOKULU;İstanbul;İlköğretim;02128508181;http://www.kultur2000.k12.tr;kultur2000.k12.tr;KARAAĞAÇ MAHALLESİ SIRTKÖY BULVARI NO:2   BÜYÜKÇEKMECE / İSTANBUL
KÜLTÜR 2000 KOLEJİ ANADOLU LİSESİ;İstanbul;Lise;0 212 850 81 81;https://kultur2000.k12.tr/tr/kultur2000-koleji-anadolu-lisesi;kultur2000.k12.tr;KARAAĞAÇ MAHALLESİ SIRTKÖY BULVARI NO:2   BÜYÜKÇEKMECE / İSTANBUL
KÜLTÜR 2000 KOLEJİ BAHÇEŞEHİR ANAOKULU;İstanbul;Okul Öncesi;2126690335;http://www.kultur2000.k12.tr;kultur2000.k12.tr;BADEM 01, VİLLA 01, BAHÇEŞEHİR/İSTANBUL
KÜLTÜR 2000 KOLEJİ FEN LİSESİ;İstanbul;Lise;0 212 850 81 81;https://kultur2000.k12.tr/tr/kultur2000-koleji-anadolu-lisesi;kultur2000.k12.tr;KARAAĞAÇ MAHALLESİ SIRTKÖY BULVARI NO:2   BÜYÜKÇEKMECE / İSTANBUL
KÜLTÜR 2000 ORTAOKULU;İstanbul;Ortaokul;02128508181;http://www.kultur2000.k12.tr;kultur2000.k12.tr;KARAAĞAÇ MAHALLESİ SIRTKÖY BULVARI NO:2   BÜYÜKÇEKMECE / İSTANBUL
KÜLTÜR ANAOKULU;İstanbul;Okul Öncesi;02125590488;http://www.kultur.k12.tr/index.php;kultur.k12.tr;ATAKÖY 9-10.KISIM BAKIRKÖY/İSTANBUL
KÜLTÜR İLKOKULU;İstanbul;İlköğretim;02125590488;http://www.kultur.k12.tr/index.php;kultur.k12.tr;ATAKÖY 9-10.KISIM BAKIRKÖY/İSTANBUL
KÜLTÜR KOLEJİ ANADOLU LİSESİ;İstanbul;Lise;02125590488;http://www.kultur.k12.tr/index.php;kultur.k12.tr;ATAKÖY 9-10.KISIM BAKIRKÖY/İSTANBUL
KÜLTÜR KOLEJİ FEN LİSESİ;İstanbul;Lise;02125590488;http://www.kultur.k12.tr/index.php;kultur.k12.tr;ATAKÖY 9-10.KISIM BAKIRKÖY/İSTANBUL
KÜLTÜR ORTAOKULU;İstanbul;Ortaokul;02125590488;http://www.kultur.k12.tr/index.php;kultur.k12.tr;ATAKÖY 9-10.KISIM BAKIRKÖY/İSTANBUL
KÜTAHYA ÖZEL DOSTLAR İLKOKULU;Kütahya;İlköğretim;02746663666;http://dostlaregitimkurumlari.com;dostlaregitimkurumlari.com;ZAFERTEPE MAH. 10. SAYGILI SK. KÜTAHYA EĞİT.DOST.VAKF. SİTESİ A BLOK NO: 1 MERKEZ / KÜTAHYA
KÜTAHYA ÖZEL DOSTLAR ORTAOKULU;Kütahya;Ortaokul;02746663666;http://dostlaregitimkurumlari.com;dostlaregitimkurumlari.com;ZAFERTEPE MAH. 10. SAYGILI SK. KÜTAHYA EĞİT.DOST.VAKF. SİTESİ A BLOK NO: 1 MERKEZ / KÜTAHYA
LÜLEBURGAZ AKIM ANADOLU LİSESİ;Kırklareli;Lise;02884126868;https://akimkoleji.k12.tr/;akimkoleji.k12.tr;SEVGİ MAHALLESİ İSTASYON CADDESİ NO:108
LÜLEBURGAZ AKIM ANAOKULU;Kırklareli;Okul Öncesi;02884126868;https://akimkoleji.k12.tr/;akimkoleji.k12.tr;SEVGİ MAHALLESİ İSTASYON CADDESİ NO:108
LÜLEBURGAZ AKIM İLKOKULU;Kırklareli;İlköğretim;02884126868;https://akimkoleji.k12.tr/;akimkoleji.k12.tr;SEVGİ MAHALLESİ İSTASYON CADDESİ NO:108
LÜLEBURGAZ AKIM ORTAOKULU;Kırklareli;Ortaokul;02884126868;https://akimkoleji.k12.tr/;akimkoleji.k12.tr;SEVGİ MAHALLESİ İSTASYON CADDESİ NO:108
MALATYA ÇAMLICA KOLEJİ İLKOKULU;Malatya;İlköğretim;04223225908;www.camlicakoleji.com.tr;camlicakoleji.com.tr;CEVATPAŞA MAH. ASMAALTI SK. VAHAP YILDIRIM. SİTESİ ÖZEL MALATYA ÇAMLICA OKULLARI BLOK NO: 1 YEŞİLYURT / MALATYA
MALATYA ÇAMLICA KOLEJİ ORTAOKULU;Malatya;Ortaokul;04223225908;www.camlicakoleji.com.tr;camlicakoleji.com.tr;CEVATPAŞA MAH. ASMAALTI SK. VAHAP YILDIRIM. SİTESİ ÖZEL MALATYA ÇAMLICA OKULLARI BLOK NO: 1 YEŞİLYURT / MALATYA
MALTEPE OĞUZKAAN KOLEJİ ORTAOKULU;İstanbul;Ortaokul;02163767652;https://www.oguzkaankoleji.com;oguzkaankoleji.com;FEVZİ ÇAKMAK CADDESİ DİVAN SOKAK  NO:1 MALTEPE/İSTANBUL (TÜRKAN SAYLAN KÜLTÜR MERKEZİ YANI)
MALTEPE OĞUZKAAN KOLEJİİ ANAOKULU;İstanbul;Okul Öncesi;02163767652;https://www.oguzkaankoleji.com;oguzkaankoleji.com;FEVZİ ÇAKMAK CADDESİ DİVAN SOKAK  NO:1 MALTEPE/İSTANBUL (TÜRKAN SAYLAN KÜLTÜR MERKEZİ YANI)
MALTEPE OĞUZKAAN KOLEJİİ İLKOKULU;İstanbul;İlköğretim;02163767652;https://www.oguzkaankoleji.com;oguzkaankoleji.com;FEVZİ ÇAKMAK CADDESİ DİVAN SOKAK  NO:1 MALTEPE/İSTANBUL (TÜRKAN SAYLAN KÜLTÜR MERKEZİ YANI)
MALTEPE UĞUR ANADOLU LİSESİ;İstanbul;Lise;02163838487;http://uguranadolulisesi.com/tr/default.aspx;uguranadolulisesi.com;ALTAYÇEŞME MAHALLESİ, ATATÜRK CD. NO:103, 34843 MALTEPE/İSTANBUL
MANİSA İTK KAMPÜSÜ ANADOLU LİSESİ;Manisa;Lise;02362505070;ciglisube@itk.k12.tr;itk.k12.tr;MURADİYE MAH. MANOLYA SOKAK NO:234 YUNUSEMRE - MANİSA
MANİSA İTK KAMPÜSÜ ANAOKULU;Manisa;Okul Öncesi;02362505070;ciglisube@itk.k12.tr;itk.k12.tr;MURADİYE MAH. MANOLYA SOKAK NO:234 YUNUSEMRE - MANİSA
MANİSA İTK KAMPÜSÜ FEN LİSESİ;Manisa;Lise;02362505070;ciglisube@itk.k12.tr;itk.k12.tr;MURADİYE MAH. MANOLYA SOKAK NO:234 YUNUSEMRE - MANİSA
MANİSA İTK KAMPÜSÜ İLKOKULU;Manisa;İlköğretim;02362505070;ciglisube@itk.k12.tr;itk.k12.tr;MURADİYE MAH. MANOLYA SOKAK NO:234 YUNUSEMRE - MANİSA
MANİSA İTK KAMPÜSÜ ORTAOKULU;Manisa;Ortaokul;02362505070;ciglisube@itk.k12.tr;itk.k12.tr;MURADİYE MAH. MANOLYA SOKAK NO:234 YUNUSEMRE - MANİSA
MARMARA KOLEJİ ANADOLU  LİSESİ;İstanbul;Lise;0 216 626 10 00;https://www.mek.k12.tr/tr;mek.k12.tr;MARMARA EĞİTİM KÖYÜ 34857 MALTEPE
MARMARA KOLEJİ ANAOKULU;İstanbul;Okul Öncesi;02166261000;http://www.mek.k12.tr/okullarimiz/kampus-istanbul-anasayfa/Istanbul-Marmara-Egitim-Koyu/32/0/0;mek.k12.tr;MARMARA EĞİTİM KÖYÜ 34857 MALTEPE
MARMARA KOLEJİ FEN LİSESİ;İstanbul;Lise;0 216 626 10 00;https://www.mek.k12.tr/tr;mek.k12.tr;MARMARA EĞİTİM KÖYÜ 34857 MALTEPE
MARMARA KOLEJİ MESLEKİ TEKNİK ANADOLU LİSESİ;İstanbul;Lise;02166261000;http://www.mek.k12.tr/okullarimiz/kampus-istanbul-anasayfa/Istanbul-Marmara-Egitim-Koyu/32/0/0;mek.k12.tr;MARMARA EĞİTİM KÖYÜ 34857 MALTEPE
MARMARİS PİNOKYO ANAOKULU;Muğla;Okul Öncesi;05326348765;http://www.pinokyo.org/;pinokyo.org;KEMERALTI MAHALLESİ DATÇA YOLU 112.SOKAK NO:27 MARMARİS
MAT-FKB ÖZEL GELİŞİM ANADOLU LİSESİ;Eskişehir;Lise;0 222 313 01 01;http://www.gelisimkoleji.k12.tr;gelisimkoleji.k12.tr;KESKİN YOLU 1,5. KM. ZİNCİRLİKUYU MAH. ÇİFTLİKYOLU  SOK. NO: 36 TEPEBAŞI/ESKİŞEHİR
MAT-FKB ÖZEL GELİŞİM FEN LİSESİ;Eskişehir;Lise;0 222 313 01 01;http://www.gelisimkoleji.k12.tr;gelisimkoleji.k12.tr;KESKİN YOLU 1,5. KM. ZİNCİRLİKUYU MAH. ÇİFTLİKYOLU  SOK. NO: 36 TEPEBAŞI/ESKİŞEHİR
MAT-FKB ÖZEL GELİŞİM OKULLARI ANAOKULU;Eskişehir;Okul Öncesi;02223130101;http://www.gelisimkoleji.k12.tr;gelisimkoleji.k12.tr;KESKİN YOLU 1,5. KM. ZİNCİRLİKUYU MAH. ÇİFTLİKYOLU  SOK. NO: 36 TEPEBAŞI/ESKİŞEHİR
MAT-FKB ÖZEL GELİŞİM OKULLARI İLKOKULU;Eskişehir;İlköğretim;02223130101;http://www.gelisimkoleji.k12.tr;gelisimkoleji.k12.tr;KESKİN YOLU 1,5. KM. ZİNCİRLİKUYU MAH. ÇİFTLİKYOLU  SOK. NO: 36 TEPEBAŞI/ESKİŞEHİR
MAT-FKB ÖZEL GELİŞİM OKULLARI ORTAOKULU;Eskişehir;Ortaokul;02223130101;http://www.gelisimkoleji.k12.tr;gelisimkoleji.k12.tr;KESKİN YOLU 1,5. KM. ZİNCİRLİKUYU MAH. ÇİFTLİKYOLU  SOK. NO: 36 TEPEBAŞI/ESKİŞEHİR
MAVİ DÜNYA ANADOLU LİSESİ;Bursa;Lise;02242446571;http://www.mavidunya.k12.tr;mavidunya.k12.tr;ÇAĞRIŞAN MAH. IŞILTI SOK. A BLOK NO:28 MUDANYA / BURSA
MAVİ DÜNYA ANAOKULU DEMİRTAŞ;Bursa;Okul Öncesi;05326008668;http://www.mavidunya.k12.tr;mavidunya.k12.tr;DEMİRTAŞ CUMHURİYET MAHALLESİ 7.CADDE SİNPAŞ MODERN BURSA NO:43/28-36 OSMANGAZİ
MAVİ DÜNYA İLKOKULU;Bursa;İlköğretim;02242446571;http://www.mavidunya.k12.tr;mavidunya.k12.tr;ÇAĞRIŞAN MAH. IŞILTI SOK. A BLOK NO:28 MUDANYA / BURSA
MAVİ DÜNYA ORTAOKULU;Bursa;Ortaokul;05058320421;http://www.mavidunya.k12.tr;mavidunya.k12.tr;ÇAĞRIŞAN MAH. IŞILTI SOK. A BLOK NO:28 MUDANYA / BURSA
MAVİŞEHİR OKYANUS ANADOLU LİSESİ;İzmir;Lise;02323007373;https://www.okyanuskoleji.k12.tr;okyanuskoleji.k12.tr;ANADOLU CAD. 6311 SOK. KARŞIYAKA | İZMİR (MAVİŞEHİR METRO DURAĞI YANI)
MAVİŞEHİR OKYANUS ANAOKULU;İzmir;Okul Öncesi;02323007373;https://www.okyanuskoleji.k12.tr;okyanuskoleji.k12.tr;ANADOLU CAD. 6311 SOK. KARŞIYAKA | İZMİR (MAVİŞEHİR METRO DURAĞI YANI)
MAVİŞEHİR OKYANUS İLKOKULU;İzmir;İlköğretim;02323007373;https://www.okyanuskoleji.k12.tr;okyanuskoleji.k12.tr;ANADOLU CAD. 6311 SOK. KARŞIYAKA | İZMİR (MAVİŞEHİR METRO DURAĞI YANI)
MAVİŞEHİR OKYANUS ORTAOKULU;İzmir;Ortaokul;02323007373;https://www.okyanuskoleji.k12.tr;okyanuskoleji.k12.tr;ANADOLU CAD. 6311 SOK. KARŞIYAKA | İZMİR (MAVİŞEHİR METRO DURAĞI YANI)
MAVİŞEHİR ÖZEL ÇAKABEY ANAOKULU;İzmir;Okul Öncesi;0 536 412 59 71;;;Yalı, Idil Biret Cd. No:19/A, 35550 Karşıyaka/İzmir
MEF LİSESİ;İstanbul;Lise;0 212 362 26 33;https://www.mef.k12.tr/;mef.k12.tr;ULUS MAH. LEYLAK SOKAK NO:22 ULUS BEŞİKTAŞ İSTANBUL
MEF OKULLARI ULUS KAMPÜSÜ ANADOLU LİSESİ;İstanbul;Lise;0 212 362 26 33;https://www.mef.k12.tr/ulus-lisesi/;mef.k12.tr;ULUS MAHALLESİ  ÖZTOPUZ CADDESİ  LEYLAK SOKAK  34340  ULUS - BEŞİKTAŞ - İSTANBUL
MEF OKULLARI ULUS KAMPÜSÜ ANAOKULU;İstanbul;Okul Öncesi;0 212 362 26 33;https://www.mef.k12.tr/ulus-anaokulu/;mef.k12.tr;ULUS MAHALLESİ  ÖZTOPUZ CADDESİ  LEYLAK SOKAK  34340  ULUS - BEŞİKTAŞ - İSTANBUL
MEF OKULLARI ULUS KAMPÜSÜ FEN VE TEKNOLOJİ LİSESİ;İstanbul;Lise;0 212 362 26 33;https://www.mef.k12.tr/;mef.k12.tr;ULUS MAH. LEYLAK SOK. NO:22 34340 ULUS BEŞİKTAŞ, İSTANBUL
MEF OKULLARI ULUS KAMPÜSÜ İLKOKULU;İstanbul;İlköğretim;02123622633;https://www.mef.k12.tr/ulus-ilkokulu/;mef.k12.tr;ULUS MAHALLESİ  ÖZTOPUZ CADDESİ  LEYLAK SOKAK  34340  ULUS - BEŞİKTAŞ - İSTANBUL
MEF OKULLARI ULUS KAMPÜSÜ ORTAOKULU;İstanbul;Ortaokul;02123622633;https://www.mef.k12.tr/ulus-ortaokulu/;mef.k12.tr;ULUS MAHALLESİ  ÖZTOPUZ CADDESİ  LEYLAK SOKAK  34340  ULUS - BEŞİKTAŞ - İSTANBUL
MELTEM AYHAN ANADOLU LİSESİ;Ankara;Lise;0 312 566 20 19;http://www.meltemayhan.k12.tr/;meltemayhan.k12.tr;KARDELEN MAH. 2071 SK. NO: 2A İÇ KAPI NO: 33
MELTEM AYHAN ANAOKULU;Ankara;Okul Öncesi;03122552020;http://www.meltemayhan.k12.tr/;meltemayhan.k12.tr;YENİ BATI MAH. 2413. SOK. NO:5
MELTEM AYHAN FEN LİSESİ;Ankara;Lise;0 312 566 20 19;http://www.meltemayhan.k12.tr/;meltemayhan.k12.tr;KARDELEN MAH. 2071 SK. NO: 2A İÇ KAPI NO: 33
MELTEM AYHAN İLKOKUL;Ankara;İlköğretim;03122552020;http://www.meltemayhan.k12.tr/;meltemayhan.k12.tr;YENİ BATI MAH. 2413. SOK. NO:5
MELTEM AYHAN ORTAOKUL;Ankara;Ortaokul;03122552020;http://www.meltemayhan.k12.tr/;meltemayhan.k12.tr;YENİ BATI MAH. 2413. SOK. NO:5
MENEMEN PAYLAŞIM İLKOKULU;İzmir;İlköğretim;02328320111;https://paylasimkoleji.com/;paylasimkoleji.com;MERMERLİ MAH. İNKİLAP CAD. NO:1 İÇ KAPI: 1
MENEMEN PAYLAŞIM ORTAOKULU;İzmir;Ortaokul;02328320111;https://paylasimkoleji.com/;paylasimkoleji.com;MERMERLİ MAH. İNKİLAP CAD. NO:1 İÇ KAPI: 1
MERSİN İSTEK KOLEJ LİSESİ;Mersin;Lise;03244732421;http://istekmersinokullari.com/;istekmersinokullari.com;GÖKÇEBELEN MAH. 33195. SOK. 1/A
MERSİN İSTEK KOLEJİ  ANAOKULU;Mersin;Okul Öncesi;03244732421;http://istekmersinokullari.com/;istekmersinokullari.com;GÖKÇEBELEN MAH. 33195. SOK. 1/A
MERSİN İSTEK KOLEJİ  İLKOKULU;Mersin;İlköğretim;03244732421;http://istekmersinokullari.com/;istekmersinokullari.com;GÖKÇEBELEN MAH. 33195. SOK. 1/A
MERSİN İSTEK KOLEJİ  ORTAOKULU;Mersin;İlköğretim;03244732421;http://istekmersinokullari.com/;istekmersinokullari.com;GÖKÇEBELEN MAH. 33195. SOK. 1/A
METOD ANAOKULU;Ankara;Okul Öncesi;03214448642;https://metodkoleji.com/;metodkoleji.com;TURGUT ÖZAL MAH. ŞEHİT KAYMAKAM MUHAMMED FATİH SAFİTÜRK  BULVARI. NO:134
METOD FEN LİSESİ;Ankara;Lise;4 448 642 __ __;https://www.metodkoleji.com.tr/;metodkoleji.com.tr;Turgut Özal Mah. Şehit Kaymakam Muhammed Fatih Safitürk Bulv. No:134 Yenimahalle/ANKARA
METOD İLKOKULU;Ankara;İlköğretim;03214448642;https://metodkoleji.com/;metodkoleji.com;TURGUT ÖZAL MAH. ŞEHİT KAYMAKAM MUHAMMED FATİH SAFİTÜRK  BULVARI. NO:134
METOD ORTAOKULU;Ankara;Ortaokul;03214448642;https://metodkoleji.com/;metodkoleji.com;TURGUT ÖZAL MAH. ŞEHİT KAYMAKAM MUHAMMED FATİH SAFİTÜRK  BULVARI. NO:134
MEV OKULLARI İZMİR GÜZELBAHÇE OKULLARI ANAOKULU;İzmir;Okul Öncesi;0 232 234 28 88;http://www.mevkolejiankara.k12.tr;mevkolejiankara.k12.tr;MÜZEYYEN SENAR CADDESİ NO:42 35310 GÜZELBAHÇE - İZMİR
MİLAS ÖZGE OKULLARI ANADOLU LİSESİ;Muğla;Lise;02525136373;https://www.ozgekoleji.k12.tr/;ozgekoleji.k12.tr;MENTEŞ MAHALLESİ MENTEŞ MERKEZ SOKAK NO 137/1
MİLAS ÖZGE OKULLARI ANAOKULU;Muğla;Okul Öncesi;02525135048;https://www.ozgekoleji.k12.tr/;ozgekoleji.k12.tr;MENTEŞ MAHALLESİ MENTEŞ MERKEZ SOKAK NO 137/1
MİLAS ÖZGE OKULLARI İLKOKULU;Muğla;İlköğretim;02525135454;https://www.ozgekoleji.k12.tr/;ozgekoleji.k12.tr;MENTEŞ MAHALLESİ MENTEŞ MERKEZ SOKAK NO 137/1
MİLAS ÖZGE OKULLARI ORTAOKULU;Muğla;Ortaokul;02525135454;https://www.ozgekoleji.k12.tr/;ozgekoleji.k12.tr;MENTEŞ MAHALLESİ MENTEŞ MERKEZ SOKAK NO 137/3
MİMAR SİNAN ÖZEL  FEN LİSESİ;İstanbul;Lise;02128813630;http://www.mskolej.k12.tr;mskolej.k12.tr;MİMARSİNAN MAHALLESİ, İNÖNÜ 2 CD NO:89, 34535 BÜYÜKÇEKMECE/İSTANBUL
MİMAR SİNAN ÖZEL OKULLARI ANADOLU LİSESİ;İstanbul;Lise;0(212) 881 36 30;http://www.mskolej.k12.tr;mskolej.k12.tr;MİMARSİNAN MAHALLESİ, İNÖNÜ 2 CD NO:89, 34535 BÜYÜKÇEKMECE/İSTANBUL
MİMAR SİNAN ÖZEL OKULLARI ANAOKULU;İstanbul;Okul Öncesi;02128813630;http://www.mskolej.k12.tr;mskolej.k12.tr;MİMARSİNAN MAHALLESİ, İNÖNÜ 2 CD NO:89, 34535 BÜYÜKÇEKMECE/İSTANBUL
MİMAR SİNAN ÖZEL OKULLARI İLKOKUL;İstanbul;İlköğretim;02128813630;http://www.mskolej.k12.tr;mskolej.k12.tr;MİMARSİNAN MAHALLESİ, İNÖNÜ 2 CD NO:89, 34535 BÜYÜKÇEKMECE/İSTANBUL
MİMAR SİNAN ÖZEL OKULLARI ORTAOKUL;İstanbul;Ortaokul;02128813630;http://www.mskolej.k12.tr;mskolej.k12.tr;MİMARSİNAN MAHALLESİ, İNÖNÜ 2 CD NO:89, 34535 BÜYÜKÇEKMECE/İSTANBUL
MİMAROBA KAMPÜSÜ OKYANUS KOLEJİ ANAOKULU;İstanbul;Okul Öncesi;02128638282;https://www.okyanuskoleji.k12.tr;okyanuskoleji.k12.tr;MİMARSİNAN MERKEZ MAH. DAMGACI SOK. E5 LONDRA ASFALTI CAD. NO: 99/B (AYMERKEZ KARŞIŞI)  MİMARSİNAN | BÜYÜKÇEKMECE | İSTANBUL
MİMAROBA KAMPÜSÜ OKYANUS KOLEJİ İLKOKULU;İstanbul;İlköğretim;02128638282;https://www.okyanuskoleji.k12.tr;okyanuskoleji.k12.tr;MİMARSİNAN MERKEZ MAH. DAMGACI SOK. E5 LONDRA ASFALTI CAD. NO: 99/B (AYMERKEZ KARŞIŞI)  MİMARSİNAN | BÜYÜKÇEKMECE | İSTANBUL
MİMAROBA KAMPÜSÜ OKYANUS KOLEJİ ORTAOKULU;İstanbul;Ortaokul;02128638282;https://www.okyanuskoleji.k12.tr;okyanuskoleji.k12.tr;MİMARSİNAN MERKEZ MAH. DAMGACI SOK. E5 LONDRA ASFALTI CAD. NO: 99/B (AYMERKEZ KARŞIŞI)  MİMARSİNAN | BÜYÜKÇEKMECE | İSTANBUL
MİNECAN ANAOKULU MİNİ ŞUBESİ;Adana;Okul Öncesi;3222333045;www.minecananaokulu.com;minecananaokulu.com;KARSLILAR MAH. 82064 SK. NO: 12 İÇ KAPI NO: 1
MİNECAN EĞİTİM KURUMLARI İLKOKULU;Adana;İlköğretim;03222333045;www.minecananaokulu.com;minecananaokulu.com;KARSLILAR MAH. 82064 SK. NO: 14A
MİNECAN EĞİTİM KURUMLARI ORTAOKULU;Adana;Ortaokul;05309007666;www.minecananaokulu.com;minecananaokulu.com;KARSLILAR MAH. 82064 SK. NO: 18
MODAFEN KOLEJİ ANAOKULU;İstanbul;Okul Öncesi;0 216 641 57 83;www.modafen.com.tr;modafen.com.tr;Merkez Mahallesi Ballıca sokak No:1
MODAFEN KOLEJİ İLKOKULU;İstanbul;İlköğretim;0 216 641 57 83;www.modafen.com.tr;modafen.com.tr;Merkez Mahallesi Ballıca Sokak No :1
MODAFEN KOLEJİ LİSESİ;İstanbul;Lise;0 216 641 57 83;www.modafen.com.tr;modafen.com.tr;Merkez Mahallesi Ballıca Sokak No :1
MODAFEN KOLEJİ ORTAOKULU;İstanbul;Ortaokul;0 216 641 57 83;www.modafen.com.tr;modafen.com.tr;Merkez Mahallesi Ballıca Sokak No :1 Çekmeköy Ümraniy
MÜRÜVVET EVYAP ANAOKULU;İstanbul;Okul Öncesi;02122633512;https://evyapokullari.k12.tr/;evyapokullari.k12.tr;MADEN MAHALLESİ BAĞLAR SOKAK NO:10 SARIYER/İSTANBUL
MÜRÜVVET EVYAP FEN LİSESİ;İstanbul;Lise;02123424333;https://evyapokullari.k12.tr/;evyapokullari.k12.tr;MADEN MAHALLESİ BAĞLAR SOKAK NO:10 SARIYER/İSTANBUL
MÜRÜVVET EVYAP İLKOKULU;İstanbul;İlköğretim;02122633512;https://evyapokullari.k12.tr/;evyapokullari.k12.tr;MADEN MAHALLESİ BAĞLAR SOKAK NO:10 SARIYER/İSTANBUL
MÜRÜVVET EVYAP LİSESİ;İstanbul;Lise;02122633512;https://evyapokullari.k12.tr/;evyapokullari.k12.tr;MADEN MAHALLESİ BAĞLAR SOKAK NO:10 SARIYER/İSTANBUL
MÜRÜVVET EVYAP ORTAOKULU;İstanbul;Ortaokul;02122633512;https://evyapokullari.k12.tr/;evyapokullari.k12.tr;MADEN MAHALLESİ BAĞLAR SOKAK NO:10 SARIYER/İSTANBUL
NACİ AKDOĞAN ANAOKULU;Aydın;Okul Öncesi;0 533 760 20 03;;;Karaova Mahallesi. 851. Sokak No:7 Kuşadası / AYDIN
NACİ AKDOĞAN İLKÖĞRETİM OKULU;Aydın;İlköğretim;0 533 393 58 79;;;Karaova Mahallesi. 851. Sokak No:7 Kuşadası / AYDIN
NACİ AKDOĞAN ORTAKOLU;Aydın;Ortaokul;0 532 712 91 62;;;Karaova Mahallesi. 851. Sokak No:7 Kuşadası / AYDIN
NAR ANAOKULU;İstanbul;Okul Öncesi;05055585952;naranaokulu.k12.tr/;naranaokulu.k12.tr;PINARTEPE MAH. TURGUT ÖZAL CAD. AKSU 1 SOK . NO:5  BÜYÜKÇEKMECE / İSTANBUL
NASİBE ERYETİŞ SAĞLIK MESLEKİ VE TEKNİK ANADOLU LİSESİ;İstanbul;Lise;05456005456;http://eryetissaglik.k12.tr/;eryetissaglik.k12.tr;DOĞU MAH. TAVŞANTEPE MEVKİİ ÇAMLIK SOK. NO:1   PENDİK
NEZİHA ARSLAN ANAOKULU;Afyonkarahisar;Okul Öncesi;0 272 213 21 22;https://www.nezihaarslankoleji.com/;nezihaarslankoleji.com;Ali İhsan Paşa Mahallesi İlim Caddesi No: 17  Merkez / Afyonkarahisar
NEZİHA ARSLAN İLÖĞRETİM OKULU;Afyonkarahisar;İlköğretim;0 534 720 82 92;https://www.nezihaarslankoleji.com/;nezihaarslankoleji.com;Ali İhsan Paşa Mahallesi İlim Caddesi No: 17  Merkez / Afyonkarahisar
NEZİHA ARSLAN ORTAOKULU;Afyonkarahisar;Ortaokul;0 534 720 82 92;https://www.nezihaarslankoleji.com/;nezihaarslankoleji.com;Ali İhsan Paşa Mahallesi İlim Caddesi No: 17  Merkez / Afyonkarahisar
NOTRE DAME DE SION FRANSIZ LİSESİ;İstanbul;Lise;02122191697;https://www.nds.k12.tr/;nds.k12.tr;CUMHURİYET CAD.NO:127 HARBİYE-İSTANBUL
ODAK ANAOKULU;İstanbul;Okul Öncesi;02127282016;http://www.odakokullari.com/;odakokullari.com;YENİ MAH ÇİZGİ SK. NO:10 34570 SİLİVRİ İSTANBUL
ODAK İLKOKULU;İstanbul;İlköğretim;02127282016;http://www.odakokullari.com/;odakokullari.com;YENİ MAH ÇİZGİ SK. NO:10 34570 SİLİVRİ İSTANBUL
ODAK ORTAOKULU;İstanbul;Ortaokul;02127282016;http://www.odakokullari.com/;odakokullari.com;YENİ MAH ÇİZGİ SK. NO:10 34570 SİLİVRİ İSTANBUL
ODTÜ GELİŞTİRME VAKFI ANADOLU LİSESİ;Ankara;Lise;0 312 210 11 82;http://www.odtugvo.k12.tr/;odtugvo.k12.tr;Üniversiteler Mahallesi İhsan Doğramacı Bulvarı No:5 06800 ODTÜ - Çankaya
ODTÜ GELİŞTİRME VAKFI ÖZEL İLKOKULU;Ankara;İlköğretim;0 312 210 11 82;http://www.odtugvo.k12.tr/;odtugvo.k12.tr;Üniversiteler Mahallesi İhsan Doğramacı Bulvarı No:5 06800 ODTÜ - Çankaya
ODTÜ GELİŞTİRME VAKFI ÖZEL ORTAOKULU;Ankara;Ortaokul;0 312 210 11 82;http://www.odtugvo.k12.tr/;odtugvo.k12.tr;Üniversiteler Mahallesi İhsan Doğramacı Bulvarı No:5 06800 ODTÜ - Çankaya
OĞUZHAN ÖZKAYA ANADOLU LİSESİ;İzmir;Lise;02322340000;https://oguzhanozkayaegitim.com/;oguzhanozkayaegitim.com;YELKİ (ADNAN SÜVARİ) MAHALLESİ 2540 SOKAK NO:9
OĞUZHAN ÖZKAYA ANAOKULU;İzmir;Okul Öncesi;02322340008;https://oguzhanozkayaegitim.com/;oguzhanozkayaegitim.com;YELKİ MAHALLESİ 2540 SOKAK NO:4
OĞUZHAN ÖZKAYA FEN LİSESİ;İzmir;Lise;02322340000;https://oguzhanozkayaegitim.com/;oguzhanozkayaegitim.com;YELKİ (ADNAN SÜVARİ) MAHALLESİ 2540 SOKAK NO:9
OĞUZHAN ÖZKAYA İLKOKULU;İzmir;İlköğretim;02322340000;https://oguzhanozkayaegitim.com/;oguzhanozkayaegitim.com;YELKİ MAHALLESİ 2540 SOKAK NO:4
OĞUZHAN ÖZKAYA ORTAOKULU;İzmir;Ortaokul;02322340000;https://oguzhanozkayaegitim.com/;oguzhanozkayaegitim.com;YELKİ MAHALLESİ 2540 SOKAK NO:4
OĞUZKAAN KOLEJİ ANADOLU LİSESİ;İstanbul;Lise;02125426565;https://www.oguzkaankoleji.com;oguzkaankoleji.com;KARTALTEPE MAH. İNCİRLİ CAD. NO:84/A BAKIRKÖY/İSTANBUL
OĞUZKAAN KOLEJİ ANADOLU LİSESİ (BEYLİKDÜZÜ);İstanbul;Lise;05354625953;https://www.oguzkaankoleji.com;oguzkaankoleji.com;ADNAN KAHVECİ MAHALLESİ, ÇALIŞLAR CD. 34528 BEYLİKDÜZÜ
OKAN ANADOLU LİSESİ TUZLA;İstanbul;Lise;0 216 677 18 30;http://www.okankoleji.com;okankoleji.com;TEPEOREN MAH. BALLICA YOLU CAD. OKAN ÜNİVERSİTESİ REKTÖRLÜK BLOK NO: 11/11 İÇ KAPI NO: 1 TUZLA / İSTANBUL
OKAN ANAOKULU TUZLA;İstanbul;Ortaokul;02166771830;http://www.okankoleji.com;okankoleji.com;TEPEOREN MAH. BALLICA YOLU CAD. OKAN ÜNİVERSİTESİ REKTÖRLÜK BLOK NO: 11/11 İÇ KAPI NO: 1 TUZLA / İSTANBUL
OKAN İLKOKULU TUZLA;İstanbul;İlköğretim;02166771830;http://www.okankoleji.com;okankoleji.com;TEPEOREN MAH. BALLICA YOLU CAD. OKAN ÜNİVERSİTESİ REKTÖRLÜK BLOK NO: 11/11 İÇ KAPI NO: 1 TUZLA / İSTANBUL
OKAN ORTAOKULU TUZLA;İstanbul;Ortaokul;02166771830;http://www.okankoleji.com;okankoleji.com;TEPEOREN MAH. BALLICA YOLU CAD. OKAN ÜNİVERSİTESİ REKTÖRLÜK BLOK NO: 11/11 İÇ KAPI NO: 1 TUZLA / İSTANBUL
ORTADOĞU ANADOLU LİSESİ;Diyarbakır;Lise;4122550524;http://www.ortadogukoleji.k12.tr;ortadogukoleji.k12.tr;BARIŞ MAH. TALAYTEPE CAD. ÖZEL ORTADOĞU SİTESİ ANAOKULU BLOK NO: 13
ORTADOĞU ANAOKULU;Diyarbakır;Okul Öncesi;4122550524;http://www.ortadogukoleji.k12.tr;ortadogukoleji.k12.tr;BARIŞ MAH. TALAYTEPE CAD. ÖZEL ORTADOĞU SİTESİ ANAOKULU BLOK NO: 13
ORTADOĞU FEN LİSESİ;Diyarbakır;Lise;4122550524;http://www.ortadogukoleji.k12.tr;ortadogukoleji.k12.tr;BARIŞ MAH. TALAYTEPE CAD. ÖZEL ORTADOĞU SİTESİ ANAOKULU BLOK NO: 13
ORTADOĞU İLKOKULU;Diyarbakır;İlköğretim;4122550524;http://www.ortadogukoleji.k12.tr;ortadogukoleji.k12.tr;BARIŞ MAH. TALAYTEPE CAD. ÖZEL ORTADOĞU SİTESİ ANAOKULU BLOK NO: 13
ORTADOĞU ORTAOKULU;Diyarbakır;Ortaokul;4122550524;http://www.ortadogukoleji.k12.tr;ortadogukoleji.k12.tr;BARIŞ MAH. TALAYTEPE CAD. ÖZEL ORTADOĞU SİTESİ ANAOKULU BLOK NO: 13
OYA AKIN YILDIZ  ANAOKULU;Ankara;Okul Öncesi;05321330148;https://www.oyaakinyildiz.k12.tr/;oyaakinyildiz.k12.tr;YUKARI DİKMEN MAH. 635 SK. NO: 11
OYA AKIN YILDIZ  İLKOKULU;Ankara;İlköğretim;05321330148;https://www.oyaakinyildiz.k12.tr/;oyaakinyildiz.k12.tr;YUKARI DİKMEN MAH. 635 SK. NO: 11
OYA AKIN YILDIZ ANADOLU LİSESİ;Ankara;Lise;0 532 133 01 48;https://www.oyaakinyildiz.k12.tr/;oyaakinyildiz.k12.tr;YUKARI DİKMEN MAH. 635 SK. NO: 11
OYA AKIN YILDIZ ORTAOKUL;Ankara;Ortaokul;05321330148;https://www.oyaakinyildiz.k12.tr/;oyaakinyildiz.k12.tr;YUKARI DİKMEN MAH. 635 SK. NO: 11
OYA AKIN YILDIZ PORTAKAL ÇİÇEĞİ İLKOKULU;Ankara;İlköğretim;0 312 440 50 18;https://www.oyaakinyildiz.k12.tr/;oyaakinyildiz.k12.tr;AZİZİYE MAH. REFİK BELENDİR SK. NO: 73
OYA AKIN YILDIZ PORTAKAL ÇİÇEĞİ ORTAOKULU;Ankara;Ortaokul;0 312 440 50 18;https://www.oyaakinyildiz.k12.tr/;oyaakinyildiz.k12.tr;AZİZİYE MAH. REFİK BELENDİR SK. NO: 73
OYA AKIN YILDIZLAR FEN LİSESİ;Ankara;Lise;0 532 133 01 48;https://www.oyaakinyildiz.k12.tr/;oyaakinyildiz.k12.tr;YUKARI DİKMEN MAH. 635 SK. NO: 11
OYUN KOLEJİ ANAOKULU;Mersin;Okul Öncesi;0 324 325 42 42;www.oyunkoleji.k12.tr;oyunkoleji.k12.tr;Merkez Mah. 52040 Sokak No:40 OYUN KOLEJİ ANAOKULU
ÖEL ORAN ANADOLU LİSESİ;İstanbul;Lise;0 216 309 43 44;www.oranokullari.com;oranokullari.com;CUMHURİYET MAH. ADNAN KAHVECİ CAD. NO 158 KARTAL
ÖZEL AKANT ANADOLU LİSESİ OKULLARI;Antalya;Lise;0 242 312 11 00;https://www.akantokullari.com/;akantokullari.com;Meydan Kavağı Mah. 1595 Sokak No:18 Muratpaşa /ANTALYA
ÖZEL AKANT ANAOKULU;Antalya;Okul Öncesi;0 242 312 11 00;https://www.akantokullari.com/;akantokullari.com;Meydan Kavağı Mah. 1595 Sokak No:18 Muratpaşa /ANTALYA
ÖZEL AKANT İLKÖĞRETİM  OKULLARI;Antalya;İlköğretim;0 242 312 32 22;https://www.akantokullari.com/;akantokullari.com;Meydan Kavağı Mah. 1595 Sokak No:18 Muratpaşa /ANTALYA
ÖZEL AKANT ORTAOKULU;Antalya;Ortaokul;0 242 312 32 22;https://www.akantokullari.com/;akantokullari.com;Meydan Kavağı Mah. 1595 Sokak No:18 Muratpaşa /ANTALYA
ÖZEL ALTINELLER ANAOKULU;Adana;Okul Öncesi;0 322 248 32 32;https://www.altineller.k12.tr/;altineller.k12.tr;100.Yıl Mah. Hacı Bektaş Veli Bulvarı Üzeri No:52 Çukurova/ADANA
ÖZEL ALTINELLER İLKÖĞRETİM OKULU;Adana;İlköğretim;0 322 248 32 32;https://www.altineller.k12.tr/;altineller.k12.tr;100.Yıl Mah. Hacı Bektaş Veli Bulvarı Üzeri No:52 Çukurova/ADANA
ÖZEL ALTINELLER ORTAOKULU;Adana;Ortaokul;0 322 248 32 32;https://www.altineller.k12.tr/;altineller.k12.tr;100.Yıl Mah. Hacı Bektaş Veli Bulvarı Üzeri No:52 Çukurova/ADANA
ÖZEL ALTINKUPA FEN LİSESİ;Mersin;Lise;0 324 341 11 44;;;BATIKENT MAH 2684 SOK. NO:39 YENİŞEHİR MERSİN
ÖZEL ALTUNİZADE BİLGE MONTESORRİ ANAOKULU;İstanbul;Okul Öncesi;0 532 206 32 38;https://altunizadebilgemontessori.com/;altunizadebilgemontessori.com;Barbaros mahallesi Uğur sokak No 14/2 Üsküdar İstanbul
ÖZEL ANADOLU KOLEJİ;Kayseri;İlköğretim;4 442 338 __ __;www.anadolukoleji.com;anadolukoleji.com;ESENYURT MAH. SÜMBÜL SOKAK NO:3
ÖZEL ANADOLU KOLEJİ;Kayseri;Ortaokul;4 442 338 __ __;www.anadolukoleji.com;anadolukoleji.com;ESENYURT MAH. SÜMBÜL SOKAK NO:3
ÖZEL ANADOLU KOLEJİ;Kayseri;Lise;4 442 338 __ __;www.anadolukoleji.com;anadolukoleji.com;ESENYURT MAH. SÜMBÜL SOKAK NO:3
ÖZEL ANAŞEHİR ANAOKULU;Ankara;Okul Öncesi;0 312 234 22 34;https://www.anasehirkoleji.com/;anasehirkoleji.com;Bağlıca Mah. Etimesgut Bul. No:89 Etimesgut/ANKARA
ÖZEL ANAŞEHİR İLKÖĞRETİM OKULU;Ankara;İlköğretim;0 312 234 22 34;https://www.anasehirkoleji.com/;anasehirkoleji.com;Bağlıca Mah. Etimesgut Bul. No:89 Etimesgut/ANKARA
ÖZEL ANAŞEHİR KOLEJİ ANADOLU LİSESİ;Ankara;Lise;0 312 234 22 34;https://www.anasehirkoleji.com/;anasehirkoleji.com;Bağlıca Mah. Etimesgut Bul. No:89 Etimesgut/ANKARA
ÖZEL ANAŞEHİR KOLEJİ ORTAOKULU;Ankara;Ortaokul;0 312 234 22 34;https://www.anasehirkoleji.com/;anasehirkoleji.com;Bağlıca Mah. Etimesgut Bul. No:89 Etimesgut/ANKARA
ÖZEL ANTALYA BİLİM DOĞA ANAOKULU;Antalya;Okul Öncesi;02422382300;www.dogakoleji.com;dogakoleji.com;BAYINDIR MAH. 331. SOK. 6/8 MURATPAŞA-ANTALYA
ÖZEL ANTALYA BİLİM DOĞA FEN LİSESİ;Antalya;Lise;02422382300;www.dogakoleji.com;dogakoleji.com;BAYINDIR MAH. 331. SOK. 6/8 MURATPAŞA-ANTALYA
ÖZEL ANTALYA BİLİM DOĞA İLK OKULU;Antalya;İlköğretim;02422382300;www.dogakoleji.com;dogakoleji.com;BAYINDIR MAH. 331. SOK. 6/8 MURATPAŞA-ANTALYA
ÖZEL ANTALYA BİLİM DOĞA LİSESİ;Antalya;Lise;02422382300;www.dogakoleji.com;dogakoleji.com;BAYINDIR MAH. 331. SOK. 6/8 MURATPAŞA-ANTALYA
ÖZEL ANTALYA BİLİM DOĞA ORTAOKULU;Antalya;Ortaokul;02422382300;www.dogakoleji.com;dogakoleji.com;BAYINDIR MAH. 331. SOK. 6/8 MURATPAŞA-ANTALYA
ÖZEL ANTALYA TAÇ KOLEJİ ANAOKULU;Antalya;Okul Öncesi;4 443 148 __ __;https://www.tacokullari.com/;tacokullari.com;Güzeloba Mh, Rauf Denktaş Caddesi, No:22, Muratpaşa, ANTALYA
ÖZEL ANTALYA TAÇ KOLEJİ İLKÖĞRETİM OKULU;Antalya;İlköğretim;4 443 148 __ __;https://www.tacokullari.com/;tacokullari.com;Güzeloba Mh, Rauf Denktaş Caddesi, No:22, Muratpaşa, ANTALYA
ÖZEL ANTALYA TAÇ KOLEJİ ORTAOKULU;Antalya;Ortaokul;4 443 148 __ __;https://www.tacokullari.com/;tacokullari.com;Güzeloba Mh, Rauf Denktaş Caddesi, No:22, Muratpaşa, ANTALYA
ÖZEL AY KOLEJİ ANADOLU LİSESİ;İstanbul;Lise;0 543 609 26 05;https://www.aykoleji.k12.tr/;aykoleji.k12.tr;Barbaros Hayrettin Paşa Mahallesi 1058 Sokak, No: 40 Küçükköy – İstanbul (Küçükköy
ÖZEL AY KOLEJİ ANAOKULU;İstanbul;Okul Öncesi;0 543 609 26 05;https://www.aykoleji.k12.tr/;aykoleji.k12.tr;Barbaros Hayrettin Paşa Mahallesi 1058 Sokak, No: 40 Küçükköy – İstanbul (Küçükköy
ÖZEL AY KOLEJİ İLKÖĞRETİM OKULU;İstanbul;İlköğretim;0 543 609 26 05;https://www.aykoleji.k12.tr/;aykoleji.k12.tr;Barbaros Hayrettin Paşa Mahallesi 1058 Sokak, No: 40 Küçükköy – İstanbul (Küçükköy
ÖZEL AY KOLEJİ ORTAOKULU;İstanbul;Ortaokul;0 543 609 26 05;https://www.aykoleji.k12.tr/;aykoleji.k12.tr;Barbaros Hayrettin Paşa Mahallesi 1058 Sokak, No: 40 Küçükköy – İstanbul (Küçükköy
ÖZEL BAŞAK ANAOKULU;Aydın;Okul Öncesi;02562197446;https://www.basakkoleji.k12.tr/;basakkoleji.k12.tr;IŞIKLI MAH. GÜNEYBATI OTOYOL CAD. NO:12/1
ÖZEL BAŞAK İLKOKULU;Aydın;İlköğretim;02562197446;https://www.basakkoleji.k12.tr/;basakkoleji.k12.tr;IŞIKLI MAH. GÜNEYBATI OTOYOL CAD. NO:12/1
ÖZEL BAŞAK LİSESİ;Aydın;Lise;02562197446;https://www.basakkoleji.k12.tr/;basakkoleji.k12.tr;IŞIKLI MAH. GÜNEYBATI OTOYOL CAD. NO:12/1
ÖZEL BAŞAK ORTAOKULU;Aydın;Ortaokul;02562197446;https://www.basakkoleji.k12.tr/;basakkoleji.k12.tr;IŞIKLI MAH. GÜNEYBATI OTOYOL CAD. NO:12/1
ÖZEL BEYLİKDÜZÜ CEBİRSEL EĞİTİM VE RASYONEL NİTELİK (CERN) KOLEJİ ANADOLU LİSESİ;İstanbul;Lise;0 212 856 10 04;https://cernkoleji.k12.tr/;cernkoleji.k12.tr;ADNAN KAHVECİ MAH. DAVUTPAŞA CAD. NO:25 OSB BEYLİKDÜZÜ
ÖZEL BEYLİKDÜZÜ CEBİRSEL EĞİTİM VE RASYONEL NİTELİK (CERN) KOLEJİ İLKOKULU;İstanbul;İlköğretim;0 212 856 10 04;https://cernkoleji.k12.tr/;cernkoleji.k12.tr;ADNAN KAHVECİ MAH. DAVUTPAŞA CAD. NO:25 OSB BEYLİKDÜZÜ
ÖZEL BEYLİKDÜZÜ CEBİRSEL EĞİTİM VE RASYONEL NİTELİK (CERN) KOLEJİ ORTAOKULU;İstanbul;Ortaokul;02128561004;https://cernkoleji.k12.tr/;cernkoleji.k12.tr;ADNAN KAHVECİ MAH. DAVUTPAŞA CAD. NO:25 OSB BEYLİKDÜZÜ
ÖZEL BRIGHTKIDS ANAOKULU ATAŞEHİR;İstanbul;Okul Öncesi;0 216 504 44 95;;;BARBAROS MAH. BEGONYA SOK. VARYAP MERİDİAN BLOKLARI A-BLOK VİLLA13  BATI ATAŞEHİR – İSTANBUL
ÖZEL BURSA ARENA DURSUN ŞAHİN ARSLAN FEN LİSESİ;Bursa;Lise;0 850 244 22 76;https://arenaokullari.k12.tr/;arenaokullari.k12.tr;Konak, Kuşburnu Sk. No:2, 16110 Nilüfer/Bursa
ÖZEL CESUR NİTELİKLİ DİNAMİK ANADOLU LİSESİ;İstanbul;Lise;02127067600;https://www.cndokullari.k12.tr/;cndokullari.k12.tr;ŞENLİKKÖY MAHALLESİ FLORYA CADDESİ NO:80 1-1 BLOK
ÖZEL CESUR NİTELİKLİ DİNAMİK İLKOKULU;İstanbul;İlköğretim;02127067600;https://www.cndokullari.k12.tr/;cndokullari.k12.tr;ŞENLİKKÖY MAHALLESİ FLORYA CADDESİ NO:80 1-1 BLOK
ÖZEL CESUR NİTELİKLİ DİNAMİK OKULÖNCESİ;İstanbul;Okul Öncesi;02127067600;https://www.cndokullari.k12.tr/;cndokullari.k12.tr;ŞENLİKKÖY MAHALLESİ FLORYA CADDESİ NO:80 1-1 BLOK
ÖZEL CESUR NİTELİKLİ DİNAMİK ORTAOKULU;İstanbul;Ortaokul;02127067600;https://www.cndokullari.k12.tr/;cndokullari.k12.tr;ŞENLİKKÖY MAHALLESİ FLORYA CADDESİ NO:80 1-1 BLOK
ÖZEL ÇAKABEY LİSESİ;İzmir;Lise;0 232 327 31 92;http://www.cakabey.k12.tr;cakabey.k12.tr;SASALI MERKEZ MAH. 8 SK. ÇAKABEY OKULLARI SİTESİ NO: 1 ÇİĞLİ / İZMİR
ÖZEL ÇAMLICA CEBİRSEL EĞİTİM VE RASYONEL NİTELİK (CERN) KOLEJİ ANADOLU LİSESİ;İstanbul;Lise;02163440200;https://cernkoleji.k12.tr/;cernkoleji.k12.tr;ALEMDAĞ CAD. KISIKLI MAH. NO:52 ÜSKÜDAR İSTANBUL
ÖZEL ÇİĞLİ FİNAL OKULLARI ANAOKULU;İzmir;Okul Öncesi;0 232 398 20 20;;;6782/ SOKAK NO:1 AYDINLIKEVLER MAHALLESİ ÇİĞLİ İZMİR
ÖZEL ÇİĞLİ FİNAL OKULLARI İLKOKULU;İzmir;İlköğretim;0 232 398 20 20;;;6782/3 SOKAK NO:1 AYDINLIKEVLER MAHALLEİS ÇİĞLİ İZMİR
ÖZEL DEFNE VEFAKENT ANAOKULU;Hatay;Okul Öncesi;0 850 309 12 12;https://www.vefakent.com.tr/;vefakent.com.tr;SUBAŞI MAH.ZAFER CADDESİ NO 38 DEFNE/HATAY
ÖZEL DEFNE VEFAKENT İLKOKULU;Hatay;İlköğretim;0 850 309 12 12;https://www.vefakent.com.tr/;vefakent.com.tr;SUBAŞI MAH.ZAFER CADDESİ NO 38 DEFNE/HATAY
ÖZEL DÖNÜŞÜM ANAOKULU;Samsun;Okul Öncesi;0 362 236 02 36;;;kazım karabekir mah. erden sok. no.21 ilkadım samsun
ÖZEL ELAZIĞ EKSEN ANAOKULU;Elazığ;Okul Öncesi;0 542 682 21 25;;;Ataşehir, Zeybekler Sk., 23040 Elazığ Merkez/Elazığ
ÖZEL ESAYAN ERMENİ OKULU;İstanbul;Lise;0 212 243 50 16;;;Taksim Meşelik Sok No:24 34433 Beyoğlu – İstanbul
ÖZEL ESAYAN ERMENİ ORTAOKULU;İstanbul;Ortaokul;0 212 252 76 22;www.esayan.k12.tr;esayan.k12.tr;Meşelik Sokak no:24 Taksim Beyoğlu
ÖZEL FEN BİLİM KOLEJİ ANADOLU LİSESİ;Kayseri;Lise;0 532 709 14 32;https://fenbilimkayseri.com/;fenbilimkayseri.com;YILDIRIM BEYAZIT MAH. ÜRETİCİ SOKAK NO:13
ÖZEL FEN BİLİM KOLEJİ İLKOKUL;Kayseri;İlköğretim;0 532 709 14 35;https://fenbilimkayseri.com/;fenbilimkayseri.com;YILDIRIM BEYAZIT MAH. ÜRETİCİ SOKAK NO:13
ÖZEL FEN BİLİM KOLEJİ ORTAOKULU;Kayseri;Ortaokul;0 532 709 14 35;https://fenbilimkayseri.com/;fenbilimkayseri.com;YILDIRIM BEYAZIT MAH. ÜRETİCİ SOKAK NO:13
ÖZEL FETHİYE ANAOKULU;Muğla;Okul Öncesi;0 252 612 88 15;www.fethiyeanaokulu.k12.tr;fethiyeanaokulu.k12.tr;Adnan Menderes Bulvarı Babataşı  Mah. No:59
ÖZEL FETHİYE İLKOKULU;Muğla;İlköğretim;0 252 622 13 95;www.ozelfethiye.k12.tr;ozelfethiye.k12.tr;Karagedik Mah. 1429 Sokak No:51
ÖZEL FETHİYE ORTAOKULU;Muğla;Ortaokul;0 252 622 13 95;www.ozelfethiye.k12.tr;ozelfethiye.k12.tr;Karagedik Mah. 1429 Sokak No:51
ÖZEL FİDE İLKOKULU;İstanbul;İlköğretim;02164444157;https://www.fideokullari.k12.tr/;fideokullari.k12.tr;FEYZULLAH MAHALLESİ ŞEHİT HİKMET ALP CADDESİ BUĞRA SOKAK NO: 7
ÖZEL FİDE ORTAOKULU;İstanbul;Ortaokul;02164444157;https://www.fideokullari.k12.tr/;fideokullari.k12.tr;FEYZULLAH MAHALLESİ ŞEHİT HİKMET ALP CADDESİ BUĞRA SOKAK NO: 7
ÖZEL FİDE SÜREYYAPAŞA İLOKULU;İstanbul;İlköğretim;02164444157;https://www.fideokullari.k12.tr/;fideokullari.k12.tr;ZÜMRÜTEVLER MAHALLESİ AKKAYALAR SOKAK NO: 1
ÖZEL GELECEK NESİLLER GEN KOLEJİ ANAOKULU;Diyarbakır;Okul Öncesi;0 505 679 64 36;https://genkoleji.com/;genkoleji.com;FIRAT MAH. NAZIM HİZMET CAD. 591 SOK. NO.4 KAYAPINAR DİYARBAKIR
ÖZEL GELECEK NESİLLER GEN KOLEJİ İLKÖĞRETİM OKULU;Diyarbakır;İlköğretim;0 505 679 64 36;https://genkoleji.com/;genkoleji.com;FIRAT MAH. NAZIM HİZMET CAD. 591 SOK. NO.4 KAYAPINAR DİYARBAKIR
ÖZEL GELECEK NESİLLER GEN KOLEJİ LİSESİ;Diyarbakır;Lise;0 505 679 64 36;https://genkoleji.com/;genkoleji.com;FIRAT MAH. NAZIM HİZMET CAD. 591 SOK. NO.4 KAYAPINAR DİYARBAKIR
ÖZEL GELECEK NESİLLER GEN KOLEJİ ORTAOKULU;Diyarbakır;Ortaokul;0 505 679 64 36;https://genkoleji.com/;genkoleji.com;FIRAT MAH. NAZIM HİZMET CAD. 591 SOK. NO.4 KAYAPINAR DİYARBAKIR
ÖZEL GÜPGÜPOĞLU ANAOKULU;Kayseri;Okul Öncesi;0 352 240 00 30;Erenköy Mahallesi 1488 Sokak No:48 Melikgazi/KAYSERİ;xn--erenky-0xa;Erenköy Mahallesi 1488 Sokak No:48 Melikgazi/KAYSERİ
ÖZEL İDEA DÜZEY FEN VE ANADOLU LİSESİ;Bursa;Lise;0 224 452 70 33;www.kolejidea.com;kolejidea.com;Bağlarbası Mahallesi Sanayi caddesi No: 342 Osmangazi, Bursa
ÖZEL İLKADIM ZORLU ANADOLU LİSESİ;Samsun;Lise;0 362 446 26 26;www.zorluokullari.com;zorluokullari.com;DERECİK MAH. OVALAR CADDESİ NO:32
ÖZEL İLKADIM ZORLU İLKOKULU;Samsun;İlköğretim;0 362 446 26 26;www.zorluokullari.com;zorluokullari.com;DERECİK MAH. OVALAR CADDESİ NO:32
ÖZEL İLKADIM ZORLU ORTAOKULU;Samsun;Ortaokul;0 362 446 26 26;;;DERECİK MAH. OVALAR CADDESİ NO:32
ÖZEL KADIKÖY ANADOLU LİSESİ EĞİTİM VAKFI (KALEV) ANADOLU LİSESİ;İstanbul;Lise;0 216 455 27 65;www.kalev.k12.tr;kalev.k12.tr;Merkez mah. Çavuşbaşı cad. No:104
ÖZEL KAMER KOLEJİ İLKOKULU;Konya;İlköğretim;0 545 323 62 17;www.kamerkoleji.com;kamerkoleji.com;Ayanbey Mah. Ateşbaz Sk. Yeni Yol No: 2
ÖZEL KAMER KOLEJİ ORTAOKULU;Konya;Ortaokul;0 545 323 62 17;www.kamerkoleji.com;kamerkoleji.com;Ayanbey Mah. Ateşbaz Sk. Yeni Yol No: 2
ÖZEL KEMERBURGAZ KEŞFEDEN ELLER ANAOKULU;İstanbul;Okul Öncesi;0 531 782 69 78;www.kesfedeneller.com;kesfedeneller.com;Mithatpaşa Mah. Kızılçam Sok. No:24-26
ÖZEL KONYA MAYA ÇOCUK ANAOKULU;Konya;Okul Öncesi;0 554 829 82 72;www.mayaokulları.com.tr;xn--mayaokullar-9zb.com.tr;yaka mah. yaka cad. no.131 meram konya
ÖZEL KORAY VAROL İLKOKULU;İstanbul;İlköğretim;0 212 213 00 12;https://www.korayvarolokullari.k12.tr/;korayvarolokullari.k12.tr;HAMİDİYE MAHALLESİ CENDERE CADDESİ NO 61
ÖZEL KORAY VAROL ORTAOKULU;İstanbul;Ortaokul;0 212 213 00 12;https://www.korayvarolokullari.k12.tr/;korayvarolokullari.k12.tr;HAMİDİYE MAHALLESİ CENDERE CADDESİ NO 61
ÖZEL MERSİN BİLİMKENT KOLEJİ;Mersin;Lise;0 324 326 73 26;www.bilimkent.k12.tr;bilimkent.k12.tr;çamlıca mah.koru caddesi no:3/A
ÖZEL MERSİN BİLİMKENT KOLEJİ;Mersin;Lise;0 324 326 73 26;www.bilimkent.k12.tr;bilimkent.k12.tr;çamlıca mah.koru caddesi no:3/A
ÖZEL MERSİN BİLİMKENT KOLEJİ;Mersin;Okul Öncesi;0 324 326 73 26;www.bilimkent.k12.tr;bilimkent.k12.tr;çamlıca mah.koru caddesi no:3/A
ÖZEL MERSİN BİLİMKENT KOLEJİ;Mersin;İlköğretim;0 324 326 73 26;www.bilimkent.k12.tr;bilimkent.k12.tr;çamlıca mah.koru caddesi no:3/A
ÖZEL MERSİN BİLİMKENT KOLEJİ;Mersin;Ortaokul;0 324 326 73 26;www.bilimkent.k12.tr;bilimkent.k12.tr;çamlıca mah.koru caddesi no:3/A
ÖZEL MUTLU EĞİTİM MODELİ ANADOLU LİSESİ;Şanlıurfa;Lise;05392054636;http://www.memkoleji.com/;memkoleji.com;BATIKENT MAHALLES.İ 4087 SOKAK. NO:28
ÖZEL MUTLU GELECEK ATÖLYESİ ANAOKULU;İstanbul;Okul Öncesi;02125720112;;;KARTALTEPE MAH. ÜÇTEPE SOK. NO:3
ÖZEL ORAN İLKOKULU;İstanbul;İlköğretim;0 216 309 43 44;www.oranokullari.com;oranokullari.com;CUMHURİYET MAH. ADNAN KAHVECİ CAD. NO 158 KARTAL
ÖZEL ORAN ORTAOKULU;İstanbul;Ortaokul;0 216 309 43 44;www.oranokullari.com;oranokullari.com;CUMHURİYET MAH. ADNAN KAHVECİ CAD. NO 158 KARTAL
ÖZEL ORTACA FİNAL ANAOKULU;Muğla;Okul Öncesi;02522820404;;;ARIKBAŞI MAHALLESİ 738 SOK. NO:7 OTACA FİNAL OKULLARI
ÖZEL ORTACA FİNAL İLKOKULU;Muğla;İlköğretim;02522820404;;;ARIKBAŞI MAHALLESİ 738 SOK. NO:7 OTACA FİNAL OKULLARI
ÖZEL PARK ÇOCUK KOLEJİ ANAOKULU;Kayseri;Okul Öncesi;0 352 224 07 07;https://parkcocukkoleji.com/;parkcocukkoleji.com;Germir, mah. Sivas Bulvarı, atlas halı blok no. 248b Melikgazi/Kayseri,
ÖZEL PENDİK İKBAL ANADOLU LİSESİ;İstanbul;Lise;0 216 390 58 06;www.ilimfaziletvakfi.org.tr/;ilimfaziletvakfi.org.tr;DOĞU MAH. AYDINLIYOLU SELVİ CD. NO:9
ÖZEL PENDİK İKBAL İLKOKULU;İstanbul;İlköğretim;0 216 390 58 06;www.ilimfaziletvakfi.org.tr/;ilimfaziletvakfi.org.tr;DOĞU MAH. AYDINLIYOLU SELVİ CD. NO:9
ÖZEL PENDİK İKBAL ORTAOKULU;İstanbul;Ortaokul;0 216 390 58 06;www.ilimfaziletvakfi.org.tr/;ilimfaziletvakfi.org.tr;DOĞU MAH. AYDINLIYOLU SELVİ CD. NO:9
ÖZEL PİKARE ANADOLU LİSESİ;İstanbul;Lise;02165402895;https://www.pikarekoleji.com/;pikarekoleji.com;ŞERİFALİ MAHALLESİ TÜRKER CADDESİ NO:53 ÜMRANİYE/İSTANBUL
ÖZEL PİKARE FEN LİSESİ;İstanbul;Lise;02165402895;https://www.pikarekoleji.com/;pikarekoleji.com;ŞERİFALİ MAHALLESİ TÜRKER CADDESİ NO:53 ÜMRANİYE/İSTANBUL
ÖZEL PİKARE ORTAOKULU;İstanbul;Ortaokul;02165738023;https://www.pikarekoleji.com/;pikarekoleji.com;KÜÇÜKBAKKALKÖY MAHALLESİ KOCASİNAN CADDESİ NO:7 ATAŞEHİR/İSTANBUL
ÖZEL PRATİK YÖNTEM ANADOLU LİSESİ;Şanlıurfa;Lise;0 544 447 92 64;https://yontemokullari.com/;yontemokullari.com;MEHMETÇİK MAH EYYÜP CENAP GÜLPINAR BLV NO:53 KARAKÖPRÜ/ŞANLIURFA
ÖZEL ROTA KOLEJİ;İzmir;Ortaokul;0 232 220 26 26;;;Gazi Mah. Yarbay Refik Cesur Cad. No:32 - Gaziemir - İZMİR
ÖZEL ROTA KOLEJİ;İzmir;Lise;0 232 220 26 26;;;Gazi Mah. Yarbay Refik Cesur Cad. No:32 - Gaziemir - İZMİR
ÖZEL ROTA KOLEJİ;İzmir;Lise;0 232 220 26 26;;;Gazi Mah. Yarbay Refik Cesur Cad. No:32 - Gaziemir - İZMİR
ÖZEL ROTA KOLEJİ;İzmir;İlköğretim;0 232 220 26 26;;;Yarbay Refik Cesur Cad. Gazi Mah. No: 32 Gaziemir / İZMİR
ÖZEL ROTA KOLEJİ;İzmir;Okul Öncesi;0 232 220 26 26;;;Yarbay Refik Cesur Cad. Gazi Mah. No: 32 Gaziemir / İZMİR
ÖZEL SAKARYA AK ANAOKULU;Sakarya;Okul Öncesi;0 264 777 11 64;;;TIĞCILAR MAH. YENİCAMİ SOK. NO:29 ADAPAZARI/SAKARYA
ÖZEL SAKARYA İLKE İLKOKULU;Sakarya;İlköğretim;0 264 277 48 54;https://sakaryailkeokullari.com/;sakaryailkeokullari.com;KÖPRÜBAŞI MAH. 4034. SK NO:8 YAZLIK SERDİVAN SAKARYA
ÖZEL SAKARYA İLKE ORTAOKULU;Sakarya;Ortaokul;0 264 277 48 54;https://sakaryailkeokullari.com/;sakaryailkeokullari.com;KÖPRÜBAŞI MAH. 4034. SK NO:8 YAZLIK SERDİVAN SAKARYA
ÖZEL SAKARYA UĞUR DEĞİŞİM ANADOLU LİSESİ;Sakarya;Lise;02645178282;sakarya@ugurokullari.k12.tr;ugurokullari.k12.tr;PABUÇÇULAR MAH.TAN SOK.NO:26 SAKARYA/ADAPAZARI
ÖZEL SAKARYA UĞUR DEĞİŞİM ORTAOKULU;Sakarya;Ortaokul;02645178282;sakarya@ugurokullari.k12.tr;ugurokullari.k12.tr;PABUÇÇULAR MAH.TAN SOK.NO:26 SAKARYA/ADAPAZARI
ÖZEL SANCAKTEPE ERSE ANAOKULU;İstanbul;Okul Öncesi;02163900203;www.erseanaokullari.com;erseanaokullari.com;ABRURRAHMANGAZİ MAH. HIZIRBEY CAD. NO:11 SANCAKTEPE/ İSTANBUL
ÖZEL SARIYER BRITISH INTERNATIONAL SCHOOL ANADOLU LİSESİ;İstanbul;Lise;0 212 286 69 50;www.bisk12.tr;bisk12.tr;BIS Uluslarası Özel Eğitim Hizmetleri Ticaret AŞ kurucu firma altındaki okullarımız:  Özel İstanbul British International School  Özel Sarıyer British International School  Özel BIS ilkokulu-Ortaokulu  Özel BIS Anadolu lisesi   Kurucu Temsilcisi:Naci Elli
ÖZEL SARIYER BRITISH INTERNATIONAL SCHOOL İLKOKULU;İstanbul;İlköğretim;0 212 286 69 50;;;BIS Uluslarası Özel Eğitim Hizmetleri Ticaret AŞ kurucu firma altındaki okullarımız:  Özel İstanbul British International School  Özel Sarıyer British International School  Özel BIS ilkokulu-Ortaokulu  Özel BIS Anadolu lisesi   Kurucu Temsilcisi:Naci Elli
ÖZEL SARIYER BRITISH INTERNATIONAL SCHOOL ORTAOKULU;İstanbul;Ortaokul;0 212 286 69 50;www.bisi.k12.tr;bisi.k12.tr;BIS Uluslarası Özel Eğitim Hizmetleri Ticaret AŞ kurucu firma altındaki okullarımız:  Özel İstanbul British International School  Özel Sarıyer British International School  Özel BIS ilkokulu-Ortaokulu  Özel BIS Anadolu lisesi   Kurucu Temsilcisi:Naci Elli
ÖZEL SERCAN ŞAHİN ANADOLU LİSESİ;Bursa;Lise;0 516 166 26 21;https://sercansahinokullari.k12.tr/;sercansahinokullari.k12.tr;ÜÇEVLER MH.DENİZCİLER CD.NO:13 A/1
ÖZEL SMT GRUP GELECEĞİN MİMARLARI ANAOKULU;Karabük;Okul Öncesi;0 532 639 48 78;https://www.geleceginmimarlari.com/;geleceginmimarlari.com;Esentepe Mah.Şehit Ömer Bilal Akpınar caddesi no:2/A Safranbolu/Karabük
ÖZEL TARSUS BİLGE KOLEJİ İLKOKULU;Mersin;İlköğretim;0 324 613 51 51;https://bilgekoleji.k12.tr/;bilgekoleji.k12.tr;82 evler mah aşık veysel cad no 15 b b1
ÖZEL TARSUS BİLGE KOLEJİ ORTAOKULU;Mersin;Ortaokul;0 324 613 51 51;https://bilgekoleji.k12.tr/;bilgekoleji.k12.tr;82 evler mah aşık veysel cad no 15 b b 1
ÖZEL TEMA KOLEJİ ANADOLU LİSESİ;Ankara;Lise;4 445 918 __ __;https://temakoleji.k12.tr/;temakoleji.k12.tr;Bağlıca Mah. Kızılelma (Kepir) Cad. No:51, 06790 Bağlıca, Etimesgut, Ankara
ÖZEL TEMA KOLEJİ ANAOKULU;Ankara;Okul Öncesi;;https://temakoleji.k12.tr/;temakoleji.k12.tr;Bağlıca Mah. Kızılelma (Kepir) Cad. No:51, 06790 Bağlıca, Etimesgut, Ankara
ÖZEL TEMA KOLEJİ İLKÖĞRETİM OKULU;Ankara;İlköğretim;;https://temakoleji.k12.tr/;temakoleji.k12.tr;Bağlıca Mah. Kızılelma (Kepir) Cad. No:51, 06790 Bağlıca, Etimesgut, Ankara
ÖZEL TEMA KOLEJİ ORTAOKULU;Ankara;Ortaokul;;https://temakoleji.k12.tr/;temakoleji.k12.tr;Bağlıca Mah. Kızılelma (Kepir) Cad. No:51, 06790 Bağlıca, Etimesgut, Ankara
ÖZEL TOHUM VAKFI İLKOKULU;İstanbul;İlköğretim;02122489430;https://www.tohumotizm.org.tr/ozel-tohum-vakfi-ozel-egitim-okulu/;tohumotizm.org.tr;CUMHURİYET MAH. ABİDE-İ HÜRRİYET CD. NO:39 ŞİŞLİ/İSTANBUL
ÖZEL TOPKAPI LEVON VARTUHYAN İLKOKULU;İstanbul;İlköğretim;0 212 531 98 91;;;TOPKAPI MAH. EMİN MOLLA SOK. NO:6 TOPKAPI/FATİH/İSTANBUL
ÖZEL TOPKAPI LEVON VARTUHYAN ORTAOKULU;İstanbul;Ortaokul;0 212 531 98 91;;;TOPKAPI MAH. EMİN MOLLA SOK. NO:6 TOPKAPI/FATİH/İSTANBUL
ÖZEL VİZYON ANADOLU LİSESİ;İstanbul;Lise;4 448 996 __ __;www.vizyonkoleji.k12.tr;vizyonkoleji.k12.tr;Bahçeşehir 2.Kısım Mah. Deniz Cad. Yenibahar Sok. No:1 Başakşehir / İst.
ÖZEL VİZYON ANADOLU LİSESİ;İstanbul;Lise;0 507 662 79 09;;;Marmara Mah. Hürriyet Bulvarı No :239 Beylikdüzü / İst.
ÖZEL VİZYON ANAOKULU;İstanbul;Okul Öncesi;4 448 996 __ __;www.vizyonkoleji.k12.tr;vizyonkoleji.k12.tr;Bahçeşehir 2.Kısım Mah. Deniz Cad. Yenibahar Sok. No:1 Başakşehir / İst.
ÖZEL VİZYON İLKOKULU;İstanbul;İlköğretim;4 448 996 __ __;www.vizyonkoleji.k12.tr;vizyonkoleji.k12.tr;Bahçeşehir 2.Kısım Mah. Deniz Cad. Yenibahar Sok. No:1 Başakşehir / İst.
ÖZEL VİZYON ORTAOKULU;İstanbul;Ortaokul;4 448 996 __ __;;;Bahçeşehir 2.Kısım Mah. Deniz Cad. Yenibahar Sok. No:1 Başakşehir / İst.
ÖZEL YAHYA KAPTAN KEŞFEDEN ELLER ANAOKULU;Kocaeli;Okul Öncesi;0 533 484 23 41;www.kesfedeneller.com;kesfedeneller.com;ALİKAHYA FATİH MAH. KURAL SOK. NO: 24
ÖZEL YALOVA GÜÇLÜ FEN LİSESİ;Yalova;Lise;0 226 812 36 42;;;Bağlarbaşı Mah. Eski Bursa Cad. No:160 Merkez / YALOVA
ÖZEL YENİMAHALLE PENA ANAOKULU;Samsun;Okul Öncesi;;https://www.kidoole.com/anaokulu/samsun/atakum/pena-anaokulu;kidoole.com;Yenimahalle, 3135. Sk. No:31 ATAKUM/SAMSUN
ÖZEL ZEYNEP ANAOKULU;Bursa;Okul Öncesi;0 224 451 35 00;;;Özlüce Mah. Ağaçlı Sok. No:5 Nilüfer / Bursa
ÖZEL ZİNCİRLİKUYU CEBİRSEL EĞİTİM VE RASYONEL NİTELİK (CERN) KOLEJİ  ANADOLU LİSESİ;İstanbul;Lise;02122138487;;;ESENTEPE MAH. KORE ŞEHİTLERİ CAD. NO:15 ŞİŞLİ İSTANBUL
ÖZEL ZORLU BİL KOLEJİ İLKOKULU;Samsun;İlköğretim;0 362 504 20 20;www.zorluokullari.com;zorluokullari.com;DENİZ EVLERİ MAH. ATATÜRK BULVARI NO:28
ÖZGÜR ADIMLAR ANAOKULU;İstanbul;Okul Öncesi;05493372000;http://www.ozelozguradimlaranaokulu.k12.tr/;ozelozguradimlaranaokulu.k12.tr;BADE SOKAK NO 2 ETİLER/BEŞİKTAŞ
PAKKAN ANAOKULU;İstanbul;Okul Öncesi;02134447560;www.pakkan.com.tr;pakkan.com.tr;MERKEZ MAHALLESİ ŞAHİNKAYA CADDESİ NO:86/3 BEYKOZ
PAKKAN İLKOKUL;İstanbul;İlköğretim;02134447560;www.pakkan.com.tr;pakkan.com.tr;MERKEZ MAHALLESİ ŞAHİNKAYA CADDESİ NO:86/3 BEYKOZ
PAKKAN ORTAOKUL;İstanbul;Ortaokul;02134447560;www.pakkan.com.tr;pakkan.com.tr;MERKEZ MAHALLESİ ŞAHİNKAYA CADDESİ NO:86/3 BEYKOZ
PANGALTI ERMENİ ANADOLU LİSESİ;İstanbul;Lise;05325873350;http://www.pangaltilisesi.k12.tr/;pangaltilisesi.k12.tr;HARBİYE MAH. SÜLEYMAN NAZİF SOK. NO. 21, 34371 PANGALTI
PANGALTI ERMENİ İLKOKULU;İstanbul;İlköğretim;05326838449;http://www.pangaltilisesi.k12.tr/;pangaltilisesi.k12.tr;HARBİYE MAH. SÜLEYMAN NAZİF SOK. NO. 9, 34371 PANGALTI
PANGALTI ERMENİ ORTAOKULU;İstanbul;Ortaokul;05333454689;http://www.pangaltilisesi.k12.tr/;pangaltilisesi.k12.tr;HARBİYE MAH. SÜLEYMAN NAZİF SOK. NO. 9, 34371 PANGALTI
PEK OKULLARI  İLKOKULU;İstanbul;İlköğretim;05326101431;http://www.pekkoleji.com/;pekkoleji.com;LİBADİYE CAD. CUMHURİYET MAH. ŞEHİT ÖZDEMİR ONARANGİL SOK. NO:12/1
PEK OKULLARI ANAOKULU;İstanbul;Okul Öncesi;05518675423;http://www.pekkoleji.com/;pekkoleji.com;ÖRNEK MH., 34704
PEMA ANADOLU LİSESİ;Konya;Lise;03324440403;https://www.pemakoleji.com.tr/tr/pema-lisesi~79;pemakoleji.com.tr;YENİ STADYUMUN HEMEN YANINDAYIZ PARSANA MAH. YAZMA SOK. NO:3 42130 SELÇUKLU KONYA
PEMA FEN LİSESİ;Konya;Lise;03324440403;https://www.pemakoleji.com.tr/;pemakoleji.com.tr;YENİ STADYUMUN HEMEN YANINDAYIZ PARSANA MAH. YAZMA SOK. NO:3 42130 SELÇUKLU KONYA
PEMA KOLEJİ İLKOKULU;Konya;İlköğretim;03324440403;www.pemakoleji.com.tr;pemakoleji.com.tr;YENİ STADYUMUN HEMEN YANINDAYIZ PARSANA MAH. YAZMA SOK. NO:3 42130 SELÇUKLU KONYA
PEMA KOLEJİ ORTAOKULU;Konya;Ortaokul;03324440403;www.pemakoleji.com.tr;pemakoleji.com.tr;YENİ STADYUMUN HEMEN YANINDAYIZ PARSANA MAH. YAZMA SOK. NO:3 42130 SELÇUKLU KONYA
PENDİK BALKANLAR KOLEJİ ANADOLU LİSESİ;İstanbul;Lise;02165111661;https://balkanlarkoleji.k12.tr/;balkanlarkoleji.k12.tr;DOĞU MAH. TAVŞANTEPE MEVKİİ ÇAMLIK SOK. NO:1 PENDİK
PENDİK BALKANLAR KOLEJİ ANAOKULU VE İLKOKULU;İstanbul;Lise;02165111661;https://balkanlarkoleji.k12.tr/;balkanlarkoleji.k12.tr;DOĞU MAH. TAVŞANTEPE MEVKİİ ÇAMLIK SOK. NO:1 PENDİK
PENDİK BALKANLAR KOLEJİ ORTAOKULU;İstanbul;Lise;02165111661;https://balkanlarkoleji.k12.tr/;balkanlarkoleji.k12.tr;DOĞU MAH. TAVŞANTEPE MEVKİİ ÇAMLIK SOK. NO:1 PENDİK
PERA GÜZEL SANATLAR LİSESİ;İstanbul;Lise;02122453008;http://www.peraguzelsanatlar.com.tr;peraguzelsanatlar.com.tr;MERKEZ MAH. ABİDE-İ HÜRRİYET CAD. BOLKAN CENTER A-B-C BLOKLAR NO: 211 B ŞİŞLİ / İSTANBUL
PERA GÜZEL SANATLAR ORTAOKULU;İstanbul;Ortaokul;2122453008;http://www.peraguzelsanatlar.com.tr;peraguzelsanatlar.com.tr;MERKEZ MAH. ABİDE-İ HÜRRİYET CAD. BOLKAN CENTER A-B-C BLOKLAR NO: 211 B ŞİŞLİ / İSTANBUL
PİRİ REİS  GÜZELBAHÇE ANAOKULU;İzmir;Okul Öncesi;02322367741;guzelbahce@pirireis.k12.tr;pirireis.k12.tr;MUSTAFA KEMAL PAŞA MAH. 2133 SK. NO: 5 GÜZELBAHÇE / İZMİR
PİRİ REİS  GÜZELBAHÇE ORTAOKUL;İzmir;Ortaokul;02322367741;guzelbahce@pirireis.k12.tr;pirireis.k12.tr;MUSTAFA KEMAL PAŞA MAH. 2133 SK. NO: 5 GÜZELBAHÇE / İZMİR
PİRİ REİS GÜZELBAHÇE İLKOKUL;İzmir;İlköğretim;02322367741;guzelbahce@pirireis.k12.tr;pirireis.k12.tr;MUSTAFA KEMAL PAŞA MAH. 2133 SK. NO: 5 GÜZELBAHÇE / İZMİR
PİRİ REİS KARŞIYAKA ANAOKULU;İzmir;Okul Öncesi;02323624748;guzelbahce@pirireis.k12.tr;pirireis.k12.tr;ŞEMİKLER MAH. 6311 SK. NO: 8 KARŞIYAKA / İZMİR
PİRİ REİS KARŞIYAKA İLKOKULU;İzmir;İlköğretim;02323624748;guzelbahce@pirireis.k12.tr;pirireis.k12.tr;ŞEMİKLER MAH. 6311 SK. NO: 8 KARŞIYAKA / İZMİR
PİRİ REİS KARŞIYAKA ORTAOKULU;İzmir;Ortaokul;02323624748;guzelbahce@pirireis.k12.tr;pirireis.k12.tr;ŞEMİKLER MAH. 6311 SK. NO: 8 KARŞIYAKA / İZMİR
PROFESYONEL İLGİM KOLEJİ ANADOLU LİSESİ;Muğla;Lise;02524130745;http://www.profesyonelilgim.com/;profesyonelilgim.com;ÇAMDİBİ MH. 245. SK. NO:7 MARMARİS/MUĞLA
PROFESYONEL İLGİM KOLEJİ İLKOKULU;Muğla;İlköğretim;02524130745;http://www.profesyonelilgim.com/;profesyonelilgim.com;ÇAMDİBİ MH. 245. SK. NO:7 MARMARİS/MUĞLA
PROFESYONEL İLGİM KOLEJİ ORTAOKULU;Muğla;Ortaokul;02524130745;http://www.profesyonelilgim.com/;profesyonelilgim.com;ÇAMDİBİ MH. 245. SK. NO:7 MARMARİS/MUĞLA
PUSULA AKADEMİ KOLEJİ ANADOLU LİSESİ;Hatay;Lise;03262216500;http://www.pusulaakademi.com.tr/;pusulaakademi.com.tr;GÜZELBURÇ MAH. DEMİRKOL CAD. NO:18A
PUSULA KEMER ANAOKULU;İstanbul;Okul Öncesi;2122025230;;;ZEKERİYAKÖY KONAKLARI 12.CADDE NO 24 ZEKERİYAKOY
RADİKAL BORNOVA ANADOLU LİSESİ;İzmir;Lise;0 850 888 73 55;www.radikalokullari.k12.tr;radikalokullari.k12.tr;Evka 3, 121. Sk. No:5, 35050
RADİKAL BORNOVA ORTAOKULU;İzmir;Ortaokul;0 850 888 73 55;www.radikalokullari.k12.tr;radikalokullari.k12.tr;Evka 3, 121. Sk. No:5, 35050
RADİKAL BUCA ANADOLU LİSESİ;İzmir;Lise;0 850 888 73 55;www.radikalokullari.k12.tr;radikalokullari.k12.tr;Adatepe, 63. Sk. No 3, 35400
RADİKAL KONAK ANADOLU LİSESİ;İzmir;Lise;0 850 888 73 55;www.radikalokullari.k12.tr;radikalokullari.k12.tr;Güneşli, 515. Sk. No:23, 35270
RİZE ÖZEL BİLGE OKULLARI İLKOKULU;Rize;İlköğretim;04643442481;https://bilge.k12.tr/;bilge.k12.tr;KÜÇÜKCAMİİ MAH. FEVZİ ÇAKMAK CAD. NO: 3 GÜNEYSU / RİZE
RİZE ÖZEL BİLGE OKULLARI ORTAOKULU;Rize;Ortaokul;04643442481;https://bilge.k12.tr/;bilge.k12.tr;KÜÇÜKCAMİİ MAH. FEVZİ ÇAKMAK CAD. NO: 3 GÜNEYSU / RİZE
SAHAKYAN NUNYAN ERMENİ ANADOLU LİSESİ;İstanbul;Lise;02125855315;https://www.sahakyan-nunyan.k12.tr/;sahakyan-nunyan.k12.tr;KOCAMUSTAFAPAŞA MAH. MARMARA CAD.NO:55 /1 FATİH-İSTANBUL
SAHAKYAN NUNYAN ERMENİ İLKOKULU;İstanbul;İlköğretim;05358634487;https://www.sahakyan-nunyan.k12.tr/;sahakyan-nunyan.k12.tr;KOCAMUSTAFAPAŞA MAH. MARMARA CAD.NO:55 /1 FATİH-İSTANBUL
SAHAKYAN NUNYAN ERMENİ ORTAOKULU;İstanbul;Ortaokul;02125850195;https://www.sahakyan-nunyan.k12.tr/;sahakyan-nunyan.k12.tr;KOCAMUSTAFAPAŞA MAH. MARMARA CAD.NO:55 /1 FATİH-İSTANBUL
SAINT BENOIT FRANSIZ LİSESİ;İstanbul;Lise;05337633288;https://www.sb.k12.tr/;sb.k12.tr;MÜEYYETZADE MAH. KEMERALTI CAD. NO: 11 İÇ KAPI NO: 134425 KARAKÖY / BEYOĞLU / İSTANBUL
SAINT JOSEPH FRANSIZ LİSESİ;İstanbul;Lise;02164145260;https://www.sj.k12.tr/index.php/tr/;sj.k12.tr;DR ESAT IŞIK CAD. NO:62/11 34710 CAFERAĞA, KADIKÖY
SAINT MICHEL FRANSIZ LİSESİ;İstanbul;Lise;0 112 248 17 03;https://sm.k12.tr/;sm.k12.tr;Abide-i Hürriyet Caddesi no: 17 PK 12 Şişli 34380 İstanbul
SAINTE PULCHERIE FRANSIZ LİSESİ;İstanbul;Lise;5333423323;http://www.sp.k12.tr;sp.k12.tr;ÇUKURLUÇEŞME SOK. NO 7 KÜÇÜKPARMAKKAPI
SAKARYA  KÜÇÜK ŞEYLER ANAOKULU;Sakarya;Okul Öncesi;05462113363;https://sakarya.kucukseyler.com.tr/;sakarya.kucukseyler.com.tr;İSTİKLAL MAH.2. CADDE NO:57
SAKARYA DOĞA ANADOLU LİSESİ;Sakarya;Lise;02642211111;http://www.dogakoleji.k12.tr;dogakoleji.k12.tr;KARAMAN MAH. 2293. KÜME EVLER NO:1/2/3 ADAPAZARI/SAKARYA
SAKARYA DOĞA İLKOKULU;Sakarya;İlköğretim;02642211111;http://www.dogakoleji.k12.tr;dogakoleji.k12.tr;KARAMAN MAH. 2293 KÜME EVLERİ NO: 2 İÇ KAPI NO: 1 ADAPAZARI / SAKARYA
SAKARYA DOĞA ORTAOKULU;Sakarya;Ortaokul;02642211111;http://www.dogakoleji.k12.tr;dogakoleji.k12.tr;MERKEZ KARAMAN KÖYÜ ÖZEL TANSEL OKULLARI EĞİTİM TESİSLERİ SAKARYA
SAMSUN BİLGİ EĞİTİM KURUMLARI ANADOLU  LİSESİ;Samsun;Lise;0 362 502 45 02;https://www.samsunbogazicikoleji.com;samsunbogazicikoleji.com;İSTİKLAL MAHALLESİ 893.SOKAK NO:43/1 ATAKUM-SAMSUN
SAMSUN BİLGİ EĞİTİM KURUMLARI FEN LİSESİ;Samsun;Lise;0 362 502 45 02;https://www.samsunbogazicikoleji.com;samsunbogazicikoleji.com;İSTİKLAL MAHALLESİ 893.SOKAK NO:43/1 ATAKUM-SAMSUN
SAMSUN BİLGİ EĞİTİM KURUMLARI İLKOKULU;Samsun;İlköğretim;0 362 502 45 02;https://www.samsunbogazicikoleji.com;samsunbogazicikoleji.com;İSTİKLAL MAHALLESİ 893.SOKAK NO:43/1 ATAKUM-SAMSUN
SAMSUN BİLGİ EĞİTİM KURUMLARI ORTAOKULU;Samsun;Ortaokul;0 362 502 45 02;https://www.samsunbogazicikoleji.com;samsunbogazicikoleji.com;İSTİKLAL MAHALLESİ 893.SOKAK NO:43/1 ATAKUM-SAMSUN
SAMSUN FİNAL EĞİTİM KURUMLARI ANADOLU LİSESİ;Samsun;Lise;3624383800;http://www.finalokullari.com.tr;finalokullari.com.tr;MEVLANA MAH. 794. SOK. NO: 22
SAMSUN FİNAL EĞİTİM KURUMLARI ANAOKULU;Samsun;Okul Öncesi;3624383800;http://www.finalokullari.com.tr;finalokullari.com.tr;MEVLANA MAH. 794. SOK. NO: 22
SAMSUN FİNAL EĞİTİM KURUMLARI FEN LİSESİ;Samsun;Lise;3624383800;http://www.finalokullari.com.tr;finalokullari.com.tr;MEVLANA MAH. 794. SOK. NO: 22
SAMSUN FİNAL EĞİTİM KURUMLARI İLKOKULU;Samsun;İlköğretim;3624383800;http://www.finalokullari.com.tr;finalokullari.com.tr;MEVLANA MAH. 794. SOK. NO: 22
SAMSUN FİNAL EĞİTİM KURUMLARI ORTAOKULU;Samsun;Ortaokul;3624383800;http://www.finalokullari.com.tr;finalokullari.com.tr;MEVLANA MAH. 794. SOK. NO: 22
SANCAKTEPE OKYANUS KOLEJİ ANAOKULU;İstanbul;Okul Öncesi;02163113081;https://www.okyanuskoleji.k12.tr;okyanuskoleji.k12.tr;OSMAN GAZİ MAH . ŞİRAZ SOKAK. (E-80 KUZEY YAN YOL ÜZERİ) NO:13 SAMANDIRA | SANCAKTEPE | İSTANBUL
SANCAKTEPE OKYANUS KOLEJİ İLKOKULU;İstanbul;İlköğretim;02163113081;https://www.okyanuskoleji.k12.tr;okyanuskoleji.k12.tr;OSMAN GAZİ MAH . ŞİRAZ SOKAK. (E-80 KUZEY YAN YOL ÜZERİ) NO:13 SAMANDIRA | SANCAKTEPE | İSTANBUL
SANKO  ORTAOKUL;Gaziantep;Ortaokul;03422115524;https://sanko.k12.tr/;sanko.k12.tr;PANCARLI MAHALLESİ KÜLTÜR CADDESİ NO:10
SANKO FEN VE TEKNOLOJİ LİSESİ;Gaziantep;Lise;03422115524;https://sanko.k12.tr/;sanko.k12.tr;PANCARLI MAHALLESİ KÜLTÜR CADDESİ NO:10
SANKO OKULLARI İLKOKUL;Gaziantep;İlköğretim;03422115524;https://sanko.k12.tr/;sanko.k12.tr;PANCARLI MAHALLESİ KÜLTÜR CADDESİ NO:10
SARAÇ İLGİ  ANAOKULU;Şanlıurfa;Okul Öncesi;04142901489;http://ilgiokullari.k12.tr/;ilgiokullari.k12.tr;SEYRANTEPE MAH. 8009 SOK. NO:2  KARAKÖPRÜ/ŞANLIURFA
SARAÇ İLGİ  İLKOKULU;Şanlıurfa;İlköğretim;04142901489;http://ilgiokullari.k12.tr/;ilgiokullari.k12.tr;SEYRANTEPE MAH. 8009 SOK. NO:2  KARAKÖPRÜ/ŞANLIURFA
SARAÇ İLGİ ANADOLU LİSESİ;Şanlıurfa;Lise;04142901489;http://ilgiokullari.k12.tr/;ilgiokullari.k12.tr;SEYRANTEPE MAH. 8009 SOK. NO:2  KARAKÖPRÜ/ŞANLIURFA
SARAÇ İLGİ FEN LİSESİ;Şanlıurfa;Lise;04142901489;http://ilgiokullari.k12.tr/;ilgiokullari.k12.tr;SEYRANTEPE MAH. 8009 SOK. NO:2 KARAKÖPRÜ/ŞANLIURFA
SARAÇ İLGİ ORTAOKULU;Şanlıurfa;Ortaokul;04142901489;http://ilgiokullari.k12.tr/;ilgiokullari.k12.tr;SEYRANTEPE MAH. 8009 SOK. NO:2  KARAKÖPRÜ/ŞANLIURFA
SARIYER ÖZEL DÜŞLER ŞATOSU ANAOKULU;İstanbul;Okul Öncesi;02123383211;http://www.duslersatosu.com/;duslersatosu.com;RUMELİFENERİ MAH. RUMELİFENERİ CAD.NO:59  SARIYER/İSTANBUL
SEV LİSESİ;İstanbul;Lise;0 216 625 27 00;https://www.sevkoleji.k12.tr;sevkoleji.k12.tr;NİŞANTEPE MAH. KEREM SOK.  NO:5-9
SEVİNÇ  ATAŞEHİR GÜRBÜZ BOY  İLKOKULU;İstanbul;İlköğretim;02163860505;www.sevinc.k12.tr;sevinc.k12.tr;KÜÇÜKBAKKALKÖY MAHALLESİ MERDİVENKÖY YOLU CAD. NO:24-38 D: 38 B BLOK, 34750
SEVİNÇ ATAŞEHİR GÜRBÜZ BOY ANAOKULU;İstanbul;Okul Öncesi;02163860505;www.sevinc.k12.tr;sevinc.k12.tr;KÜÇÜKBAKKALKÖY MAHALLESİ MERDİVENKÖY YOLU CAD. NO:24-38 D: 38 B BLOK, 34750
SEVİNÇ ATAŞEHİR GÜRBÜZ BOY LİSESİ;İstanbul;Lise;02163860505;www.sevinc.k12.tr;sevinc.k12.tr;KÜÇÜKBAKKALKÖY MAHALLESİ MERDİVENKÖY YOLU CAD. NO:24-38 D: 38 B BLOK, 34750
SEVİNÇ ATAŞEHİR GÜRBÜZ BOY ORTAOKULU;İstanbul;Ortaokul;02163860505;www.sevinc.k12.tr;sevinc.k12.tr;KÜÇÜKBAKKALKÖY MAHALLESİ MERDİVENKÖY YOLU CAD. NO:24-38 D: 38 B BLOK, 34750
SEVİNÇ OKULLARI BORNOVA İLKOKULU;İzmir;İlköğretim;02324212826;http://www.sevinckoleji.com;sevinckoleji.com;NALDÖKEN MAH. 1237/4 SOKAK NO:2 BORNOVA/İZMİR
SEVİNÇ OKULLARI BORNOVA LİSESİ;İzmir;Lise;02324212826;http://www.sevinckoleji.com;sevinckoleji.com;NALDÖKEN MAH. 1237/4 SOKAK NO:2 BORNOVA/İZMİR
SEVİNÇ OKULLARI BORNOVA ORTAOKULU;İzmir;Ortaokul;02324212826;http://www.sevinckoleji.com;sevinckoleji.com;NALDÖKEN MAH. 1237/4 SOKAK NO:2 BORNOVA/İZMİR
SEVİYE BATIKENT  ANAOKULU;Ankara;Okul Öncesi;03122501777;http://www.balgatseviyeokullari.com;balgatseviyeokullari.com;İNÖNÜ MAHALLESİ İNÖNÜ BULVARI NO:89
SEVİYE BATIKENT  İLKOKULU;Ankara;İlköğretim;03122501777;http://www.balgatseviyeokullari.com;balgatseviyeokullari.com;İNÖNÜ MAHALLESİ İNÖNÜ BULVARI NO:89
SEVİYE BATIKENT ANADOLU LİSESİ;Ankara;Lise;03122501777;http://www.balgatseviyeokullari.com;balgatseviyeokullari.com;İNÖNÜ MAH. BATI BUL. NO: 89B
SEVİYE BATIKENT FEN LİSESİ;Ankara;Lise;03122501777;http://www.balgatseviyeokullari.com;balgatseviyeokullari.com;İNÖNÜ MAH. BATI BUL. NO: 89B
SEVİYE BATIKENT ORTAOKULU;Ankara;Ortaokul;03122501777;http://www.balgatseviyeokullari.com;balgatseviyeokullari.com;İNÖNÜ MAHALLESİ İNÖNÜ BULVARI NO:89
SEZİN ANAOKULU;İstanbul;Okul Öncesi;0 216 642 00 10;https://www.sezin.k12.tr/;sezin.k12.tr;Ulubatlı Hasan Caddesi No:18 34782 Çekmeköy / İstanbul
SEZİN İLKÖĞRETİM OKULU;İstanbul;İlköğretim;0 216 642 00 10;https://www.sezin.k12.tr/;sezin.k12.tr;Ulubatlı Hasan Caddesi No:18 34782 Çekmeköy / İstanbul
SEZİN LİSESİ;İstanbul;Lise;0 212 212 12 12;https://www.sezin.k12.tr/tr/;sezin.k12.tr;Hamidiye, Ulubatlı Hasan Cd. No:18, 34782 Çekmeköy/İstanbul
SEZİN ORTAOKULU;İstanbul;Ortaokul;0 216 642 00 10;https://www.sezin.k12.tr/;sezin.k12.tr;Ulubatlı Hasan Caddesi No:18 34782 Çekmeköy / İstanbul
SULAR KOLEJİ EĞİTİM KURUMLARI;Adana;Okul Öncesi;0 322 402 00 94;https://sularkoleji.com/iletisim/;sularkoleji.com;Belediye Evleri Mh. Zahit Akdağ Blv. 84220 Sk. No:12/1 (Ruh Sağlığı Hastanesi Karşı Arası) Çukurova / Adana
SULAR KOLEJİ EĞİTİM KURUMLARI;Adana;İlköğretim;0 322 402 00 94;https://sularkoleji.com/iletisim/;sularkoleji.com;Belediye Evleri Mh. Zahit Akdağ Blv. 84220 Sk. No:12/1 (Ruh Sağlığı Hastanesi Karşı Arası) Çukurova / Adana
SULAR KOLEJİ EĞİTİM KURUMLARI;Adana;Lise;0 322 402 00 94;https://sularkoleji.com/iletisim/;sularkoleji.com;Belediye Evleri Mh. Zahit Akdağ Blv. 84220 Sk. No:12/1 (Ruh Sağlığı Hastanesi Karşı Arası) Çukurova / Adana
SULAR KOLEJİ EĞİTİM KURUMLARI;Adana;Ortaokul;0 322 402 00 94;https://sularkoleji.com/iletisim/;sularkoleji.com;Belediye Evleri Mh. Zahit Akdağ Blv. 84220 Sk. No:12/1 (Ruh Sağlığı Hastanesi Karşı Arası) Çukurova / Adana
SULAR KOLEJİ EĞİTİM KURUMLARI;Adana;Lise;0 322 402 00 94;https://sularkoleji.com/iletisim/;sularkoleji.com;Belediye Evleri Mh. Zahit Akdağ Blv. 84220 Sk. No:12/1 (Ruh Sağlığı Hastanesi Karşı Arası) Çukurova / Adana
SURP HAÇ TIBREVANK  ERMENİ LİSESİ;İstanbul;Lise;02165530307;http://www.tibrevank.com/;tibrevank.com;SELAMİ ALİ MAH. EKMEKÇİBAŞI SOK. NO. 7 34664 ÜSKÜDAR / İSTANBUL
ŞAHİNKAYA ANADOLU LİSESİ;Bursa;Lise;02244136200;http://www.sahinkaya.net;sahinkaya.net;19 MAYIS MAH. EGEMENLİK CAD. OKUL SİTESİ A BLOK NO: 96A İÇ KAPI NO: 1 NİLÜFER / BURSA
ŞAHİNKAYA FEN LİSESİ;Bursa;Lise;02244136200;http://www.sahinkaya.net;sahinkaya.net;19 MAYIS MAH. EGEMENLİK CAD. OKUL SİTESİ A BLOK NO: 96A İÇ KAPI NO: 1 NİLÜFER / BURSA
ŞAHİNKAYA İLKOKULU;Bursa;İlköğretim;02244136200;http://www.sahinkaya.net;sahinkaya.net;ALTINŞEHİR MAH. EĞRİDERE SK. ÖZEL ŞAHİKAYA OKULLARI SİTESİ İLAVE BİNASI BLOK NO: 7/1 NİLÜFER / BURSA
ŞAHİNKAYA ORTAOKULU;Bursa;Ortaokul;02244136200;http://www.sahinkaya.net;sahinkaya.net;ALTINŞEHİR MAH. EĞRİDERE SK. ÖZEL ŞAHİKAYA OKULLARI SİTESİ İLAVE BİNASI BLOK NO: 7/1 NİLÜFER / BURSA
TAKEV OKULLARI ANADOLU LİSESİ;İzmir;Lise;02322387400;https://www.takevokullari.com/takev-okullari/tr/;takevokullari.com;İZMİR YENİKALE MAH. BURAK SOK. NO:2, 35320 NARLIDERE/İZMİR
TAKEV OKULLARI FEN LİSESİ;İzmir;Lise;2322387400;https://www.takevokullari.com/takev-okullari/tr/;takevokullari.com;İZMİR YENİKALE MAH. BURAK SOK. NO:2, 35320 NARLIDERE/İZMİR
TAKEV OKULLARI İLKOKULU;İzmir;İlköğretim;2322396222;https://www.takevokullari.com/takev-okullari/tr/;takevokullari.com;İZMİR YENİKALE MAH. BURAK SOK. NO:2, 35320 NARLIDERE/İZMİR
TAKEV OKULLARI ORTAOKULU;İzmir;Ortaokul;2322396222;https://www.takevokullari.com/takev-okullari/tr/;takevokullari.com;İZMİR YENİKALE MAH. BURAK SOK. NO:2, 35320 NARLIDERE/İZMİR
TAN ANADOLU LİSESİ;Bursa;Lise;0 224 244 90 50;http://www.tanokullari.com;tanokullari.com;AHMET YESEVİ MAHALLESİ PİKNİK CAD.NO: 10 NİLÜFER / BURSA
TAN ANAOKULU;Bursa;Okul Öncesi;02242449050;http://www.tanokullari.com;tanokullari.com;AHMET YESEVİ MAHALLESİ PİKNİK CAD.NO: 10 NİLÜFER / BURSA
TAN FEN LİSESİ;Bursa;Lise;0 224 244 90 50;http://www.tanokullari.com;tanokullari.com;AHMET YESEVİ MAHALLESİ PİKNİK CAD.NO: 10 NİLÜFER / BURSA
TAN İLKOKULU;Bursa;İlköğretim;02242449050;http://www.tanokullari.com;tanokullari.com;AHMET YESEVİ MAHALLESİ PİKNİK CAD.NO: 10 NİLÜFER / BURSA
TAN ORTAOKULU;Bursa;Ortaokul;02242449050;http://www.tanokullari.com;tanokullari.com;AHMET YESEVİ MAHALLESİ PİKNİK CAD.NO: 10 NİLÜFER / BURSA
TARHAN EĞİTİM KURUMLARI İLKOKULU;İstanbul;İlköğretim;02122528460;http://www.tarhankoleji.k12.tr/;tarhankoleji.k12.tr;KUMBARACI YOKUŞU TERCÜMAN ÇIKMAZI NO.1 TÜNEL-BEYOĞLU
TARHAN EĞİTİM KURUMLARI ORTAOKULU;İstanbul;Ortaokul;02122528460;http://www.tarhankoleji.k12.tr/;tarhankoleji.k12.tr;KUMBARACI YOKUŞU TERCÜMAN ÇIKMAZI NO.1 TÜNEL-BEYOĞLU
TARHAN LİSESİ;İstanbul;Lise;0 212 252 84 60;https://tarhankoleji.k12.tr/;tarhankoleji.k12.tr;KUMBARACI YOKUŞU TERCÜMAN ÇIKMAZI NO.1 TÜNEL-BEYOĞLU
TARİH ANAOKULU;İstanbul;Okul Öncesi;02125657878;http://www.tarihkoleji.com;tarihkoleji.com;NİŞANCA MAHALLESİ EYÜP SULTAN BULVARI NO:54 - 34050 EYÜP / İSTANBUL
TARİH İLKOKULU;İstanbul;İlköğretim;02125657878;http://www.tarihkoleji.com;tarihkoleji.com;NİŞANCI MAH. EYÜP SULTAN BUL. NO: 54 İÇ KAPI NO: 1 EYÜP / İSTANBUL
TARİH ORTAOKULU;İstanbul;Ortaokul;02125657878;http://www.tarihkoleji.com;tarihkoleji.com;NİŞANCI MAH. EYÜP SULTAN BUL. NO: 54 İÇ KAPI NO: 1 EYÜP / İSTANBUL
TARKMANCAS ERMENİ ANAOKULU;İstanbul;Okul Öncesi;2122617751;http://www.tarkmancas.k12.tr;tarkmancas.k12.tr;TAŞBASAMAK SOK. NO: 44 ORTAKÖY
TARKMANCAS ERMENİ İLKOKULU;İstanbul;İlköğretim;2122617751;http://www.tarkmancas.k12.tr;tarkmancas.k12.tr;TAŞBASAMAK SOK. NO: 44 ORTAKÖY
TARKMANCAS ERMENİ ORTAOKULU;İstanbul;Ortaokul;2122617751;http://www.tarkmancas.k12.tr;tarkmancas.k12.tr;TAŞBASAMAK SOK. NO: 44 ORTAKÖY
TARSUS  AMERİKAN  KOLEJİ;Mersin;Lise;0 324 241 81 81;https://www.tac.k12.tr/;tac.k12.tr;CAMİNUR MAH. ŞEHİT CENGİZ TOPEL CAD. T.A.KOLEJİ.İDARİ BİNA SİTESİ A BLOK. NO: 44A TARSUS / MERSİN
TARSUS TOROS KOLEJİ ANADOLU LİSESİ;Mersin;Lise;03246251052;http://www.toroskoleji.com;toroskoleji.com;ERGENEKON MAH. COHAR DUDAYEV CAD. NO. 28/A 33420 TARSUS
TARSUS TOROS KOLEJİ ANAOKULU;Mersin;Okul Öncesi;03243258828;http://www.toroskoleji.com;toroskoleji.com;50. YIL MAH. 27301 SK. TOROS KOLEJİ SİTESİ İLKÖĞRETİM BLOK NO: 6 İÇ KAPI NO: 5 YENİŞEHİR / MERSİN
TARSUS TOROS KOLEJİ İLKOKULU;Mersin;İlköğretim;03246251052;http://www.toroskoleji.com;toroskoleji.com;ERGENEKON MAH. 1286 SK. TOROS KOLEJİ SİTESİ A BLOK NO: 18A TARSUS / MERSİN
TARSUS TOROS KOLEJİ ORTAOKULU;Mersin;Ortaokul;03246251052;http://www.toroskoleji.com;toroskoleji.com;ERGENEKON MAH. 1286 SK. TOROS KOLEJİ SİTESİ A BLOK NO: 18A TARSUS / MERSİN
TAŞ KOLEJİ ANAOKULU;İstanbul;Okul Öncesi;02125436000;http://www.taskolej.k12.tr;taskolej.k12.tr;CEVİZLİK MAH. HALLAÇ HÜSEYİN SK. NO:11 BAKIRKÖY / İSTANBUL
TAŞ KOLEJİ İLKOKULU;İstanbul;İlköğretim;02125436000;http://www.taskolej.k12.tr;taskolej.k12.tr;CEVİZLİK MAH. HALLAÇ HÜSEYİN SK. NO:11 BAKIRKÖY / İSTANBUL
TAŞ KOLEJİ ORTAOKULU;İstanbul;Ortaokul;02125436000;http://www.taskolej.k12.tr;taskolej.k12.tr;CEVİZLİK MAH. HALLAÇ HÜSEYİN SK. NO:11 BAKIRKÖY / İSTANBUL
TED İSTANBUL KOLEJİ VAKFI ÖZEL ÖĞRETİM KURUMLAR İLKOKUL;İstanbul;İlköğretim;0 216 485 03 33;https://www.tedistanbul.k12.tr/;tedistanbul.k12.tr;ACARLAR MAHALLESİ, 9.CADDE NO:7 BEYKOZ İSTANBUL 34800
TED İSTANBUL KOLEJİ VAKFI ÖZEL ÖĞRETİM KURUMLARI ANAOKULU;İstanbul;Okul Öncesi;0 216 485 03 33;https://www.tedistanbul.k12.tr/;tedistanbul.k12.tr;ACARLAR MAHALLESİ, 9.CADDE NO:7 BEYKOZ İSTANBUL 34800
TED İSTANBUL KOLEJİ VAKFI ÖZEL ÖĞRETİM KURUMLARI LİSE;İstanbul;Lise;0 216 485 03 33;https://www.tedistanbul.k12.tr/;tedistanbul.k12.tr;ACARLAR MAHALLESİ, 9.CADDE NO:7 BEYKOZ İSTANBUL 34800
TED İSTANBUL KOLEJİ VAKFI ÖZEL ÖĞRETİM KURUMLARI ORTAOKUL;İstanbul;Ortaokul;0 216 485 03 33;https://www.tedistanbul.k12.tr/;tedistanbul.k12.tr;ACARLAR MAHALLESİ, 9.CADDE NO:7 BEYKOZ İSTANBUL 34800
TELSİZ MAVİ UMUT ANAOKULU;İstanbul;Okul Öncesi;02125478757;;;TELSİZ MAH. 82/2, DAİRE NO:7, 34020
TERAKKİ VAKFI ÖZEL ŞİŞLİ TERAKKİ ANAOKULU;İstanbul;Okul Öncesi;0 212 351 00 60;https://www.terakki.org.tr/;terakki.org.tr;EBULULA MARDİN CAD. ÖZTÜRK SOK., NO:2 34335 LEVENT – İSTANBUL
TERAKKİ VAKFI ÖZEL ŞİŞLİ TERAKKİ FEN LİSESİ;İstanbul;Lise;0 212 351 00 60;https://www.terakki.org.tr/;terakki.org.tr;EBULULA MARDİN CAD. ÖZTÜRK SOK., NO:2 34335 LEVENT – İSTANBUL LEVENT / İSTANBUL
TERAKKİ VAKFI ÖZEL ŞİŞLİ TERAKKİ İLKOKULU;İstanbul;İlköğretim;0 212 351 00 60;https://www.terakki.org.tr/;terakki.org.tr;EBULULA MARDİN CAD. ÖZTÜRK SOK., NO:2 34335 LEVENT – İSTANBUL
TERAKKİ VAKFI ÖZEL ŞİŞLİ TERAKKİ LİSESİ;İstanbul;Lise;0 212 351 00 60;https://www.terakki.org.tr/;terakki.org.tr;EBULULA MARDİN CAD. ÖZTÜRK SOK., NO:2 34335 LEVENT – İSTANBUL LEVENT / İSTANBUL
TERAKKİ VAKFI ÖZEL ŞİŞLİ TERAKKİ ORTAOKULU;İstanbul;Ortaokul;0 212 351 00 60;https://www.terakki.org.tr/;terakki.org.tr;EBULULA MARDİN CAD. ÖZTÜRK SOK., NO:2 34335 LEVENT – İSTANBUL
TERAKKİ VAKFI ÖZEL ŞİŞLİ TERAKKİ TEPEÖREN ANADOLU LİSESİ;İstanbul;Lise;0 216 709 18 77;https://www.terakki.org.tr/;terakki.org.tr;TEPEÖREN MAH. MEDENİYET BLV. NO:55L 34959 TUZLA – İSTANBUL
TERAKKİ VAKFI ÖZEL ŞİŞLİ TERAKKİ TEPEÖREN ANAOKULU;İstanbul;Okul Öncesi;0 216 709 18 77;https://www.terakki.org.tr/;terakki.org.tr;TEPEÖREN MAH. MEDENİYET BLV. NO:55L 34959 TUZLA – İSTANBUL TUZLA / İSTANBUL
TERAKKİ VAKFI ÖZEL ŞİŞLİ TERAKKİ TEPEÖREN İLKOKULU;İstanbul;İlköğretim;0 216 709 18 77;https://www.terakki.org.tr/;terakki.org.tr;TEPEÖREN MAH. MEDENİYET BLV. NO:55L 34959 TUZLA – İSTANBUL
TERAKKİ VAKFI ÖZEL ŞİŞLİ TERAKKİ TEPEÖREN ORTAOKULU;İstanbul;Ortaokul;0 216 709 18 77;https://www.terakki.org.tr/;terakki.org.tr;TEPEÖREN MAH. MEDENİYET BLV. NO:55L 34959 TUZLA – İSTANBUL
TOROS KOLEJİ ANADOLU LİSESİ;Mersin;Lise;03243255952;http://www.toroskoleji.com;toroskoleji.com;50. YIL MAH. 27145 SK. YENİŞEHİR/MERSİN
TOROS KOLEJİ ANAOKULU;Mersin;Okul Öncesi;03243258828;http://www.toroskoleji.com;toroskoleji.com;50. YIL MAH. 27145 SK. YENİŞEHİR/MERSİN
TOROS KOLEJİ FEN LİSESİ;Mersin;Lise;03243262981;http://www.toroskoleji.com;toroskoleji.com;50. YIL MAH. 27145 SK. YENİŞEHİR/MERSİN
TOROS KOLEJİ İLKOKULU;Mersin;İlköğretim;05322266061;http://www.toroskoleji.com;toroskoleji.com;50. YIL MAH. 27145 SK. YENİŞEHİR/MERSİN
TOROS KOLEJİ ORTAOKULU;Mersin;Ortaokul;05322266061;http://www.toroskoleji.com;toroskoleji.com;50. YIL MAH. 27145 SK. YENİŞEHİR/MERSİN
TRAKYA  ANADOLU LİSESİ;Tekirdağ;Lise;05063056088;http://www.trakyakoleji.k12.tr/i;trakyakoleji.k12.tr;ÖNERLER MAHALLESİ ÇANAKKALE ŞEHİTLERİ BULVARI NO:26  ÇORLU-TEKİRDAĞ
TRAKYA  ANAOKULU;Tekirdağ;Okul Öncesi;0 505 796 72 90;http://www.trakyakoleji.k12.tr/i;trakyakoleji.k12.tr;ÖNERLER MAHALLESİ ÇANAKKALE ŞEHİTLERİ BULVARI NO:26  ÇORLU-TEKİRDAĞ
TRAKYA  İLKOKULU;Tekirdağ;İlköğretim;0 505 796 72 90;http://www.trakyakoleji.k12.tr/i;trakyakoleji.k12.tr;ÖNERLER MAHALLESİ ÇANAKKALE ŞEHİTLERİ BULVARI NO:26  ÇORLU-TEKİRDAĞ
TRAKYA ORTAOKULU;Tekirdağ;Ortaokul;0 506 305 60 88;http://www.trakyakoleji.k12.tr/i;trakyakoleji.k12.tr;ÖNERLER MAHALLESİ ÇANAKKALE ŞEHİTLERİ BULVARI NO:26  ÇORLU-TEKİRDAĞ
TUNÇSİPER ANAOKULU;Bursa;Okul Öncesi;02244515290;http://www.tuncsiper.com;tuncsiper.com;ÇAMLICA MAHALLESİ, BABACAN CD. NO:72, 16000 NİLÜFER/BURSA, TÜRKİYE
TUNÇSİPER İLKOKULU;Bursa;İlköğretim;02244515290;http://www.tuncsiper.com;tuncsiper.com;ÇAMLICA MAHALLESİ, BABACAN CD. NO:72, 16000 NİLÜFER/BURSA, TÜRKİYE
TUNÇSİPER ORTAOKULU;Bursa;Ortaokul;02244515290;http://www.tuncsiper.com;tuncsiper.com;ÇAMLICA MAHALLESİ, BABACAN CD. NO:72, 16000 NİLÜFER/BURSA, TÜRKİYE
TÜRK EĞİTİM VAKFI  ÖZEL İNANÇ TÜRKEŞ LİSESİ (TEVİTÖL);Kocaeli;Lise;0 262 679 36 36;http://www.tevitol.k12.tr;tevitol.k12.tr;MUALLİMKÖY MAH. 4126.SK NO:25/A GEBZE/KOCAELİ
ULUKENT KÜÇÜK YILDIZLAR ANAOKULU;İzmir;Okul Öncesi;0 232 838 33 30;www.kucukyildizlar.com.tr;kucukyildizlar.com.tr;29 Ekim Mahallesi 4. Cadde No: 36G Menemen/İzmir
ULUS ÖZEL MUSEVİ OKULLARI ANAOKULU;İstanbul;Okul Öncesi;02122829600;http://www.uoml.k12.tr;uoml.k12.tr;ULUS MAH. ADNAN SAYGUN CAD. NO:36-38 ULUS
ULUS ÖZEL MUSEVİ OKULLARI İLKOKULU;İstanbul;İlköğretim;02122829600;http://www.uoml.k12.tr;uoml.k12.tr;ULUS MAH. ADNAN SAYGUN CAD. NO:36-38 ULUS
ULUS ÖZEL MUSEVİ OKULLARI LİSESİ;İstanbul;Lise;02122829600;http://www.uoml.k12.tr;uoml.k12.tr;ULUS MAH. ADNAN SAYGUN CAD. NO:36-38 ULUS
ULUS ÖZEL MUSEVİ OKULLARI ORTAOKUL;İstanbul;Ortaokul;02122829600;http://www.uoml.k12.tr;uoml.k12.tr;ULUS MAH. ADNAN SAYGUN CAD. NO:36-38 ULUS
UŞAK ŞAFAK ÖNCÜ KOLEJİ ANADOLU LİSESİ;Uşak;Lise;05302350472;http://www.safakoncukoleji.com;safakoncukoleji.com;KARAKUYU MAH. 1093 SOK. NO:1 BÖLME BELDESİ/UŞAK
UŞAK ŞAFAK ÖNCÜ KOLEJİ FEN LİSESİ;Uşak;Lise;05302350472;http://www.safakoncukoleji.com;safakoncukoleji.com;KARAKUYU MAH. 1093 SOK. NO:1 BÖLME BELDESİ/UŞAK
UŞAK ŞAFAK ÖNCÜ KOLEJİ İLKOKULU;Uşak;İlköğretim;02762241383;http://www.safakoncukoleji.com;safakoncukoleji.com;KARAKUYU MAH. 1093 SK. ŞAFAK ÖNCÜ KOLEJİ SİTESİ ORTAOKUL BLOK NO: 1B
UŞAK ŞAFAK ÖNCÜ KOLEJİ ORTAOKULU;Uşak;Ortaokul;05302350472;http://www.safakoncukoleji.com;safakoncukoleji.com;KARAKUYU MAH. 1093 SK. ŞAFAK ÖNCÜ KOLEJİ SİTESİ ORTAOKUL BLOK NO: 1B
UYGAR KOELJİ ANAOKULU;Gaziantep;Okul Öncesi;0 552 281 30 30;https://uygarokullari.k12.tr/;uygarokullari.k12.tr;15 TEMMUZ MH. 148185 SK. NO: 5/A ŞEHİTKAMİL / GAZİANTEP
UYGAR KOLEJİ ANADOLU LİSESİ;Gaziantep;Lise;05056842946;http://uygarokullari.k12.tr/;uygarokullari.k12.tr;15 TEMMUZ MAH. 148176 SK. NO: 6 İÇ KAPI NO: 1 ŞEHİTKAMİL / GAZİANTEP
UYGAR KOLEJİ FEN LİSESİ OKULU;Gaziantep;Lise;0 552 281 30 30;https://uygarokullari.k12.tr/;uygarokullari.k12.tr;15 TEMMUZ MH. 148185 SK. NO: 5/A ŞEHİTKAMİL / GAZİANTEP
UYGAR KOLEJİ İLKÖĞRETİM OKULU;Gaziantep;İlköğretim;0 552 281 30 30;https://uygarokullari.k12.tr/;uygarokullari.k12.tr;15 TEMMUZ MH. 148185 SK. NO: 5/A ŞEHİTKAMİL / GAZİANTEP
UYGAR KOLEJİ ORTAOKULU;Gaziantep;Ortaokul;0 552 281 30 30;https://uygarokullari.k12.tr/;uygarokullari.k12.tr;15 TEMMUZ MH. 148185 SK. NO: 5/A ŞEHİTKAMİL / GAZİANTEP
UZMANLAR KOLEJİ ANAOKULU;Yalova;Okul Öncesi;0 530 268 24 08;www.uzmanlarkoleji.com.tr;uzmanlarkoleji.com.tr;Merkez Mah. Yayla Cad. No:3 Kadıköy/Yalova
UZMANLAR KOLEJİ FEN LİSESİ;Yalova;Lise;0 553 396 64 55;www.uzmanlarkoleji.com.tr;uzmanlarkoleji.com.tr;Merkez Mah. Yayla Cad. No:3 Kadıköy/Yalova
UZMANLAR KOLEJİ İLKOKULU;Yalova;İlköğretim;0 538 057 75 80;www.uzmanlarkoleji.com.tr;uzmanlarkoleji.com.tr;Merkez Mah. Yayla Cad. No:3 Kadıköy/Yalova
UZMANLAR KOLEJİ ORTAOKULU;Yalova;Ortaokul;0 505 383 13 56;www.uzmanlarkoleji.com.tr;uzmanlarkoleji.com.tr;Merkez Mah. Yayla Cad. No:3 Kadıköy/Yalova
ÜÇ NESİL ANAOKULU;İzmir;Okul Öncesi;0 232 999 83 00;https://www.preschool-mavisehir.com;preschool-mavisehir.com;Yalı Mah. 6518 sok.30/A Karşıyaka/İZMİR
ÜSKÜDAR AMERİKAN LİSESİ;İstanbul;Lise;02163331100;https://www.uaa.k12.tr/;uaa.k12.tr;VAKIF SOKAK NO:1 BAĞLARBAŞI 34664 ÜSKÜDAR, İSTANBUL
ÜSKÜDAR SEV ANAOKULU;İstanbul;Okul Öncesi;02163419479;https://www.uaa.k12.tr/;uaa.k12.tr;ALTUNİZADE MAH. ATIFBEY SK. ÖZEL ÜSKÜDAR SEV ANAOKULU BLOK NO: 10 İÇ KAPI NO: 1 ÜSKÜDAR / İSTANBUL
ÜSKÜDAR SEV ORTAOKULU;İstanbul;Ortaokul;02165472323;https://www.uaa.k12.tr/;uaa.k12.tr;ÇAMLICA KAMPÜSÜ KÜÇÜKÇAMLICA MAHALLESİ ÇİLEHANE YOLU CAD. NO.6 KÜÇÜKÇAMLICA ÜSKÜDAR – İSTANBUL
ÜTOPYA İLKOKULU;İstanbul;İlköğretim;02166426420;http://www.utopyaokullari.com;utopyaokullari.com;ÇEKMEKÖY MERKEZ MAH. ÇAVUŞBAŞI ÇEKMEKÖY YOLU DURMUŞOĞLU CADDESİ CANDAN SOK. NO:15
ÜTOPYA ORTAOKULU;İstanbul;Ortaokul;02166426420;http://www.utopyaokullari.com;utopyaokullari.com;ÇEKMEKÖY MERKEZ MAH. ÇAVUŞBAŞI ÇEKMEKÖY YOLU DURMUŞOĞLU CADDESİ CANDAN SOK. NO:15
VEGA KOLEJİ BAHÇEŞEHİR KAMPÜSÜ ANADOLU LİSESİ;İstanbul;Lise;02126696960;http://www.vegaokullari.k12.tr/;vegaokullari.k12.tr;BAHÇEŞEHİR 1. KISIM MAH. ARDIÇ CAD. A BLOK NO:41-47A
VEGA KOLEJİ BAHÇEŞEHİR KAMPÜSÜ ANAOKULU;İstanbul;Okul Öncesi;02126696960;;;BAHÇEŞEHİR 1. KISIM MAH. ARDIÇ CAD. A BLOK NO:41-47A
VEGA KOLEJİ BAHÇEŞEHİR KAMPÜSÜ İLKOKULU;İstanbul;İlköğretim;02126696960;http://www.vegaokullari.k12.tr/;vegaokullari.k12.tr;BAHÇEŞEHİR 1. KISIM MAH. ARDIÇ CAD. A BLOK NO:41-47A
VEGA KOLEJİ BAHÇEŞEHİR KAMPÜSÜ ORTAOKULU;İstanbul;Ortaokul;02126696960;http://www.vegaokullari.k12.tr/;vegaokullari.k12.tr;BAHÇEŞEHİR 1. KISIM MAH. ARDIÇ CAD. A BLOK NO:41-47A
VEHBİ KOÇ VAKFI KOÇ ÖZEL LİSESİ;İstanbul;Lise;0 212 212 12 12;https://www.koc.k12.tr/;koc.k12.tr;Tepeören Mahallesi Eski Ankara Asfaltı Caddesi No: 60 PK: 34941 Tuzla, İstanbul Türkiye
VEHBİ KOÇ VAKFI KOÇ ÖZEL OKULU ORTAOKULU;İstanbul;Ortaokul;02165856200;http://www.vkv.org.tr;vkv.org.tr;TEPEÖREN MAHALLESİ ESKİ ANKARA ASFALTI CADDESİ NO :60 34959 TUZLA / İSTANBUL
YAKACIK BALKANLAR ANAOKULU;İstanbul;Okul Öncesi;02164520057;https://balkanlarkoleji.k12.tr/;balkanlarkoleji.k12.tr;CUMHURİYET MAH. VATANSEVER CAD. NO:2 YAKACIK/KARTAL/İST.
YAKACIK BALKANLAR İLKOKULU;İstanbul;İlköğretim;02164520057;https://balkanlarkoleji.k12.tr/;balkanlarkoleji.k12.tr;CUMHURİYET MAH. VATANSEVER CAD. NO:2 YAKACIK/KARTAL/İST.
YAKACIK BALKANLAR ORTAOKULU;İstanbul;Ortaokul;02164520056;https://balkanlarkoleji.k12.tr/;balkanlarkoleji.k12.tr;CUMHURİYET MAH. VATANSEVER CAD. NO:2 YAKACIK/KARTAL/İST.
YAŞAM TASARIM ANADOLU LİSESİ OKULLARI;Antalya;Lise;0 242 538 83 89;yasamtasarimokullari.k12.tr;yasamtasarimokullari.k12.tr;Oba Mah. Tosunlar Cad. No: 20 Alanya / ANTALYA Pk. 07400
YAŞAM TASARIM FEN LİSESİ OKULLARI;Antalya;Lise;0 242 538 83 89;https://www.yasamtasarimokullari.k12.tr/;yasamtasarimokullari.k12.tr;Oba Mah. Tosunlar Cad. No: 20 Alanya / ANTALYA Pk. 07400
YAŞAM TASARIM ORTAOKULU;Antalya;Ortaokul;0 242 538 83 89;https://www.yasamtasarimokullari.k12.tr/;yasamtasarimokullari.k12.tr;ba Mah. Tosunlar Cad. No: 20 Alanya / ANTALYA Pk. 07400
YEDİİKLİM OKULLARI ANADOLU LİSESİ;Diyarbakır;Lise;04122247777;;;FIRAT MAHALLESİ 583. SOKAK NO:29/A
YEDİİKLİM OKULLARI FEN LİSESİ;Diyarbakır;Lise;04122247777;;;FIRAT MAHALLESİ 583. SOKAK NO:29/A
YEDİİKLİM OKULLARI İLKOKULU;Diyarbakır;İlköğretim;04122247777;;;FIRAT MAHALLESİ 583. SOKAK NO:29/A
YEDİİKLİM OKULLARI OKUL ÖNCESİ;Diyarbakır;Okul Öncesi;04122247777;;;FIRAT MAHALLESİ 583. SOKAK NO:29/A
YEDİİKLİM OKULLARI ORTAOKULU;Diyarbakır;Ortaokul;04122247777;;;FIRAT MAHALLESİ 583. SOKAK NO:29/A
YENİ İZLER  İLKOKULU;Şanlıurfa;İlköğretim;04143161414;http://www.yeniizler.com;yeniizler.com;ÇAMLIYAYLA MAH. 6312. SOK. NO: 32 KARAKÖPRÜ / ŞANLIURFA
YENİ İZLER  ORTAOKULU;Şanlıurfa;Ortaokul;04143161414;http://www.yeniizler.com;yeniizler.com;ÇAMLIYAYLA MAH. 6312. SOK. NO: 32 KARAKÖPRÜ / ŞANLIURFA
YENİ İZLER ANADOLU LİSESİ;Şanlıurfa;Lise;04143161414;http://www.yeniizler.com;yeniizler.com;ÇAMLIYAYLA MAH. 6312. SOK. NO: 32 KARAKÖPRÜ / ŞANLIURFA
YENİ İZLER FEN LİSESİ;Şanlıurfa;Lise;04143161414;http://www.yeniizler.com;yeniizler.com;ÇAMLIYAYLA MAH. 6312 SK. NO: 32  KARAKÖPRÜ / ŞANLIURFA
YENİ NESİL 2000 BAHÇEKÖY ANAOKULU;İstanbul;Okul Öncesi;0 212 263 78 46;https://www.yeninesil.k12.tr;yeninesil.k12.tr;HUNCA CAD. NO:16  34473 BAHÇEKÖY – SARIYER / İSTANBUL
YENİ NESİL 2000 İLKOKULU;İstanbul;İlköğretim;0 212 263 78 46;https://www.yeninesil.k12.tr;yeninesil.k12.tr;HUNCA CAD. NO:16  34473 BAHÇEKÖY – SARIYER / İSTANBUL
YENİ NESİL 2000 ORTAOKULU;İstanbul;Ortaokul;0 212 263 78 46;https://www.yeninesil.k12.tr;yeninesil.k12.tr;HUNCA CAD. NO:16  34473 BAHÇEKÖY – SARIYER / İSTANBUL
YENİBOSNA MAVİ UMUT İLKOKULU;İstanbul;İlköğretim;02126650002;;;YENİBOSNA MERKEZ MAH. GAMZE SOK. NO:1, 34197
YEŞİLKÖY 2001 KOLEJİ İLKOKULU;İstanbul;İlköğretim;02126623310;https://www.yesilkoy2001.k12.tr/;yesilkoy2001.k12.tr;HAMDULLAH SUPHİ TANRIÖVER SOKAK NO: 1, YEŞİKÖY / İSTANBUL
YEŞİLKÖY 2001 KOLEJİ ORTAOKULU;İstanbul;Ortaokul;02126623310;https://www.yesilkoy2001.k12.tr/;yesilkoy2001.k12.tr;HAMDULLAH SUPHİ TANRIÖVER SOKAK NO: 1, YEŞİKÖY / İSTANBUL
YEŞİLKÖY ERMENİ İLKOKULU;İstanbul;İlköğretim;02125738913;http://www.yesilkoyermeniokulu.k12.tr/;yesilkoyermeniokulu.k12.tr;İNCİ ÇİÇEĞİ SOK. YEŞİLKÖY NO:4  BAKIRKÖY-İSTANBUL
YEŞİLKÖY ERMENİ ORTAOKULU;İstanbul;Ortaokul;02125738913;http://www.yesilkoyermeniokulu.k12.tr/;yesilkoyermeniokulu.k12.tr;İNCİ ÇİÇEĞİ SOK. YEŞİLKÖY BAKIRKÖY-İSTANBUL
YILDIZ KOLEJİ ANADOLU LİSESİ;İstanbul;Lise;02122640934;http://www.yildizkoleji.k12.tr/tr-TR/AnaSayfa;yildizkoleji.k12.tr;NİSPETİYE CADDESİ NO:16 1. LEVENT
YILDIZ KOLEJİ ANAOKULU;İstanbul;Okul Öncesi;02129821623;http://www.yildizkoleji.k12.tr/tr-TR/AnaSayfa;yildizkoleji.k12.tr;KONAKLAR MAH. AKAĞAÇ SK. NO: 20 İÇ KAPI NO: 1
YILDIZ KOLEJİ İLKOKULU;İstanbul;İlköğretim;02129821623;http://www.yildizkoleji.k12.tr/tr-TR/AnaSayfa;yildizkoleji.k12.tr;KONAKLAR MAH. AKAĞAÇ SK. NO: 20 İÇ KAPI NO: 1 BEŞİKTAŞ / İSTANBUL
YILDIZ KOLEJİ ORTAOKUL;İstanbul;Ortaokul;02122640934;http://www.yildizkoleji.k12.tr/tr-TR/AnaSayfa;yildizkoleji.k12.tr;NİSPETİYE CADDESİ NO:16 1. LEVENT
YİĞİT ANAOKULU(DAHİ ÇOCUK);İstanbul;Okul Öncesi;02165263503;http://www.yigitkoleji.com;yigitkoleji.com;NECİP FAZIL MAH. GÜNBATIMI SOK. NO:30    A.DUDULLU ÜMRANİYE/İSTANBUL
YİĞİT İLKOKULU;İstanbul;İlköğretim;05446245522;http://www.yigitkoleji.com;yigitkoleji.com;NECİP FAZIL MAH. DÜŞ SOK. NO:3    A.DUDULLU ÜMRANİYE/İSTANBUL
YİĞİT ORTAOKULU;İstanbul;Ortaokul;02164667979;http://www.yigitkoleji.com;yigitkoleji.com;NECİP FAZIL MAH. BAĞDAGÜL SOK. NO:11    A.DUDULLU ÜMRANİYE/İSTANBUL
YTÜ OKULLARI ÖZEL YILDIZ TEKNİK YÜKSEL GÖKTÜRK İLKOKULU;İstanbul;İlköğretim;0 212 223 19 11;https://ytuokullari.com/;ytuokullari.com;Çifte Havuzlar Mah. Eski Londra Asfaltı Cad. No:159/1  34220 Esenler–İstanbul/Türkiye
YÜKSELEN  ANADOLU  LİSESİ;Ankara;Lise;03128378850;www.yukselenkoleji.k12.tr;yukselenkoleji.k12.tr;FATİH, HAVALİMANI, ANKARA-ÇUBUK YOLU 11. KM, 06760
YÜKSELEN  ANAOKULU;Ankara;Okul Öncesi;03125661199;www.yukselenkoleji.k12.tr;yukselenkoleji.k12.tr;YENİ BATI MAH. 2431. SOK NO:4 A ÇAKIRLAR/YENİMAHALLE
YÜKSELEN  FEN LİSESİ;Ankara;Lise;03128378850;www.yukselenkoleji.k12.tr;yukselenkoleji.k12.tr;FATİH, HAVALİMANI, ANKARA-ÇUBUK YOLU 11. KM, 06760
YÜKSELEN İLKOKULU;Ankara;İlköğretim;03125271010;www.yukselenkoleji.k12.tr;yukselenkoleji.k12.tr;KARACAÖREN MAH. 1571 SK. YÜKSELEN KOLEJİ BLOK NO: 1
YÜKSELEN KOLEJİ ANADOLU LİSESİ;Ankara;Lise;03123900909;www.yukselenkoleji.k12.tr;yukselenkoleji.k12.tr;AKŞEMSETTİN MAH. SULTAN FATİH CAD. NO: 47
YÜKSELEN KOLEJİ FEN LİSESİ;Ankara;Lise;03123900909;www.yukselenkoleji.k12.tr;yukselenkoleji.k12.tr;AKŞEMSETTİN MAH. SULTAN FATİH CAD. NO: 47
YÜKSELEN KOLEJİ İLKOKULU;Ankara;İlköğretim;03123900909;www.yukselenkoleji.k12.tr;yukselenkoleji.k12.tr;AKŞEMSETTİN MAH. SULTAN FATİH CAD. NO: 47
YÜKSELEN KOLEJİ ORTAOKUL;Ankara;Ortaokul;03123900909;www.yukselenkoleji.k12.tr;yukselenkoleji.k12.tr;AKŞEMSETTİN MAH. SULTAN FATİH CAD. NO: 47
YÜKSELEN ORTAOKULU;Ankara;Ortaokul;03125271010;www.yukselenkoleji.k12.tr;yukselenkoleji.k12.tr;KARACAÖREN MAH. 1571 SK. YÜKSELEN KOLEJİ BLOK NO: 1
YÜKSELEN TEKNOLOJİ MESLEKİ VE TEKNİK ANADOLU LİSESİ;Ankara;Lise;03123570707;www.yukselenkoleji.k12.tr;yukselenkoleji.k12.tr;ZÜBEYDE HANIM MAH. SEÇİM CAD. NO: 43
YÜKSELİŞ ÇOCUK ANAOKULU;Hatay;Okul Öncesi;0 326 617 27 27;www.yukseliscocuk.com.tr;yukseliscocuk.com.tr;Karaağaç Övündük Mah. 23 Nisan Cad. No:24/1